Time,CAN_ID,TCS_CTL,ABS_ACT,ESP_CTL,TQI_TCS,Yaw_Rate,Lateral_Accel,WHL_SPD_FL,WHL_SPD_FR,WHL_SPD_RL,WHL_SPD_RR,SAS_Angle,SAS_Speed,Accel_Pedal_Pos,Brake_Pedal_Pos
0.00432,0x220,0.0,0.0,1.0,6.25,3.94,0.37,19.8125,20.0,19.375,19.6875,21.5,0.0,38.0,0.0
0.00814,0x2B0,0.0,0.0,1.0,6.25,3.94,0.37,19.8125,20.0,19.375,19.6875,21.5,0.0,38.0,0.0
0.00899,0x316,0.0,0.0,1.0,6.25,3.94,0.37,19.8125,20.0,19.375,19.6875,21.5,0.0,38.0,0.0
0.01433,0x220,0.0,0.0,1.0,6.25,3.97,0.36,19.8125,20.0,19.375,19.6875,21.5,0.0,38.0,0.0
0.01814,0x2B0,0.0,0.0,1.0,6.25,3.97,0.36,19.8125,20.0,19.375,19.6875,21.5,0.0,38.0,0.0
0.01854,0x386,0.0,0.0,1.0,6.25,3.97,0.36,19.8125,20.0,19.375,19.6875,21.5,0.0,38.0,0.0
0.01901,0x316,0.0,0.0,1.0,6.25,3.97,0.36,19.8125,20.0,19.375,19.6875,21.5,0.0,38.0,0.0
0.02433,0x220,0.0,0.0,1.0,6.25,3.99,0.28,19.8125,20.0,19.375,19.6875,21.5,0.0,38.0,0.0
0.02813,0x2B0,0.0,0.0,1.0,6.25,3.99,0.28,19.8125,20.0,19.375,19.6875,21.5,0.0,38.0,0.0
0.0289,0x316,0.0,0.0,1.0,6.25,3.99,0.28,19.8125,20.0,19.375,19.6875,21.5,0.0,38.0,0.0
0.03433,0x220,0.0,0.0,1.0,6.25,4.04,0.17,19.8125,20.0,19.375,19.6875,21.5,0.0,38.0,0.0
0.03814,0x2B0,0.0,0.0,1.0,6.25,4.04,0.17,19.8125,20.0,19.375,19.6875,21.5,0.0,38.0,0.0
0.03854,0x386,0.0,0.0,1.0,6.25,4.04,0.17,19.875,20.0,19.28125,19.625,21.5,0.0,38.0,0.0
0.03919,0x316,0.0,0.0,1.0,6.25,4.04,0.17,19.875,20.0,19.28125,19.625,21.5,0.0,38.0,0.0
0.04433,0x220,0.0,0.0,1.0,6.25,4.1,0.13,19.875,20.0,19.28125,19.625,21.5,0.0,38.0,0.0
0.04814,0x2B0,0.0,0.0,1.0,6.25,4.1,0.13,19.875,20.0,19.28125,19.625,21.5,0.0,38.0,0.0
0.04915,0x316,0.0,0.0,1.0,6.25,4.1,0.13,19.875,20.0,19.28125,19.625,21.5,0.0,38.0,0.0
0.05433,0x220,0.0,0.0,1.0,6.25,4.1,0.17,19.875,20.0,19.28125,19.625,21.5,0.0,38.0,0.0
0.05813,0x2B0,0.0,0.0,1.0,6.25,4.1,0.17,19.875,20.0,19.28125,19.625,21.5,0.0,38.0,0.0
0.05854,0x386,0.0,0.0,1.0,6.25,4.1,0.17,19.875,20.03125,19.3125,19.59375,21.5,0.0,38.0,0.0
0.05901,0x316,0.0,0.0,1.0,6.25,4.1,0.17,19.875,20.03125,19.3125,19.59375,21.5,0.0,38.0,0.0
0.06434,0x220,0.0,0.0,1.0,6.25,4.05,0.18,19.875,20.03125,19.3125,19.59375,21.5,0.0,38.0,0.0
0.06814,0x2B0,0.0,0.0,1.0,6.25,4.05,0.18,19.875,20.03125,19.3125,19.59375,21.5,0.0,38.0,0.0
0.06901,0x316,0.0,0.0,1.0,6.25,4.05,0.18,19.875,20.03125,19.3125,19.59375,21.5,0.0,38.0,0.0
0.07434,0x220,0.0,0.0,1.0,6.25,4.02,0.11,19.875,20.03125,19.3125,19.59375,21.5,0.0,38.0,0.0
0.07813,0x2B0,0.0,0.0,1.0,6.25,4.02,0.11,19.875,20.03125,19.3125,19.59375,21.5,0.0,38.0,0.0
0.07854,0x386,0.0,0.0,1.0,6.25,4.02,0.11,19.875,20.0,19.3125,19.6875,21.5,0.0,38.0,0.0
0.07902,0x316,0.0,0.0,1.0,6.25,4.02,0.11,19.875,20.0,19.3125,19.6875,21.5,0.0,38.0,0.0
0.08434,0x220,0.0,0.0,1.0,6.25,3.98,0.05,19.875,20.0,19.3125,19.6875,21.5,0.0,38.0,0.0
0.08813,0x2B0,0.0,0.0,1.0,6.25,3.98,0.05,19.875,20.0,19.3125,19.6875,21.5,0.0,38.0,0.0
0.08896,0x316,0.0,0.0,1.0,6.25,3.98,0.05,19.875,20.0,19.3125,19.6875,21.5,0.0,38.0,0.0
0.09434,0x220,0.0,0.0,1.0,6.25,3.9,0.07,19.875,20.0,19.3125,19.6875,21.5,0.0,38.0,0.0
0.09813,0x2B0,0.0,0.0,1.0,6.25,3.9,0.07,19.875,20.0,19.3125,19.6875,21.5,0.0,38.0,0.0
0.09854,0x386,0.0,0.0,1.0,6.25,3.9,0.07,19.84375,20.0625,19.28125,19.6875,21.5,0.0,38.0,0.0
0.09901,0x316,0.0,0.0,1.0,6.25,3.9,0.07,19.84375,20.0625,19.28125,19.6875,21.5,0.0,38.0,0.0
0.10435,0x220,0.0,0.0,1.0,6.25,3.85,0.13,19.84375,20.0625,19.28125,19.6875,21.5,0.0,38.0,0.0
0.10813,0x2B0,0.0,0.0,1.0,6.25,3.85,0.13,19.84375,20.0625,19.28125,19.6875,21.5,0.0,38.0,0.0
0.10888,0x316,0.0,0.0,1.0,6.25,3.85,0.13,19.84375,20.0625,19.28125,19.6875,21.5,0.0,38.0,0.0
0.11435,0x220,0.0,0.0,1.0,6.25,3.87,0.17,19.84375,20.0625,19.28125,19.6875,21.5,0.0,38.0,0.0
0.11813,0x2B0,0.0,0.0,1.0,6.25,3.87,0.17,19.84375,20.0625,19.28125,19.6875,21.5,0.0,38.0,0.0
0.11854,0x386,0.0,0.0,1.0,6.25,3.87,0.17,19.84375,19.96875,19.28125,19.71875,21.5,0.0,38.0,0.0
0.11901,0x316,0.0,0.0,1.0,6.25,3.87,0.17,19.84375,19.96875,19.28125,19.71875,21.5,0.0,38.0,0.0
0.12435,0x220,0.0,0.0,1.0,6.25,3.9,0.17,19.84375,19.96875,19.28125,19.71875,21.5,0.0,38.0,0.0
0.12813,0x2B0,0.0,0.0,1.0,6.25,3.9,0.17,19.84375,19.96875,19.28125,19.71875,21.5,0.0,38.0,0.0
0.12896,0x316,0.0,0.0,1.0,6.25,3.9,0.17,19.84375,19.96875,19.28125,19.71875,21.5,0.0,35.0,0.0
0.13436,0x220,0.0,0.0,1.0,6.25,3.91,0.2,19.84375,19.96875,19.28125,19.71875,21.5,0.0,35.0,0.0
0.13813,0x2B0,0.0,0.0,1.0,6.25,3.91,0.2,19.84375,19.96875,19.28125,19.71875,21.5,0.0,35.0,0.0
0.13854,0x386,0.0,0.0,1.0,6.25,3.91,0.2,19.84375,20.03125,19.28125,19.75,21.5,0.0,35.0,0.0
0.13923,0x316,0.0,0.0,1.0,6.25,3.91,0.2,19.84375,20.03125,19.28125,19.75,21.5,0.0,35.0,0.0
0.14436,0x220,0.0,0.0,1.0,6.25,3.92,0.23,19.84375,20.03125,19.28125,19.75,21.5,0.0,35.0,0.0
0.14813,0x2B0,0.0,0.0,1.0,6.25,3.92,0.23,19.84375,20.03125,19.28125,19.75,21.5,0.0,35.0,0.0
0.149,0x316,0.0,0.0,1.0,6.25,3.92,0.23,19.84375,20.03125,19.28125,19.75,21.5,0.0,35.0,0.0
0.15436,0x220,0.0,0.0,1.0,6.25,3.87,0.22,19.84375,20.03125,19.28125,19.75,21.5,0.0,35.0,0.0
0.15813,0x2B0,0.0,0.0,1.0,6.25,3.87,0.22,19.84375,20.03125,19.28125,19.75,21.5,0.0,35.0,0.0
0.15854,0x386,0.0,0.0,1.0,6.25,3.87,0.22,19.84375,20.03125,19.4375,19.84375,21.5,0.0,35.0,0.0
0.15901,0x316,0.0,0.0,1.0,6.25,3.87,0.22,19.84375,20.03125,19.4375,19.84375,21.5,0.0,35.0,0.0
0.16436,0x220,0.0,0.0,1.0,6.25,3.76,0.22,19.84375,20.03125,19.4375,19.84375,21.5,0.0,35.0,0.0
0.16813,0x2B0,0.0,0.0,1.0,6.25,3.76,0.22,19.84375,20.03125,19.4375,19.84375,21.5,0.0,35.0,0.0
0.16905,0x316,0.0,0.0,1.0,6.25,3.76,0.22,19.84375,20.03125,19.4375,19.84375,21.5,0.0,35.0,0.0
0.17437,0x220,0.0,0.0,1.0,6.25,3.7,0.26,19.84375,20.03125,19.4375,19.84375,21.5,0.0,35.0,0.0
0.17813,0x2B0,0.0,0.0,1.0,6.25,3.7,0.26,19.84375,20.03125,19.4375,19.84375,21.5,0.0,35.0,0.0
0.17855,0x386,0.0,0.0,1.0,6.25,3.7,0.26,19.875,20.0625,19.46875,19.90625,21.5,0.0,35.0,0.0
0.17902,0x316,0.0,0.0,1.0,6.25,3.7,0.26,19.875,20.0625,19.46875,19.90625,21.5,0.0,35.0,0.0
0.18437,0x220,0.0,0.0,1.0,6.25,3.69,0.31,19.875,20.0625,19.46875,19.90625,21.5,0.0,35.0,0.0
0.18813,0x2B0,0.0,0.0,1.0,6.25,3.69,0.31,19.875,20.0625,19.46875,19.90625,21.5,0.0,35.0,0.0
0.18887,0x316,0.0,0.0,1.0,6.25,3.69,0.31,19.875,20.0625,19.46875,19.90625,21.5,0.0,35.0,0.0
0.19437,0x220,0.0,0.0,1.0,6.25,3.7,0.37,19.875,20.0625,19.46875,19.90625,21.5,0.0,35.0,0.0
0.19812,0x2B0,0.0,0.0,1.0,6.25,3.7,0.37,19.875,20.0625,19.46875,19.90625,21.5,0.0,35.0,0.0
0.19854,0x386,0.0,0.0,1.0,6.25,3.7,0.37,19.96875,20.0625,19.40625,19.75,21.5,0.0,35.0,0.0
0.19901,0x316,0.0,0.0,1.0,6.25,3.7,0.37,19.96875,20.0625,19.40625,19.75,21.5,0.0,35.0,0.0
0.20437,0x220,0.0,0.0,1.0,6.25,3.75,0.39,19.96875,20.0625,19.40625,19.75,21.5,0.0,35.0,0.0
0.20813,0x2B0,0.0,0.0,1.0,6.25,3.75,0.39,19.96875,20.0625,19.40625,19.75,21.5,0.0,35.0,0.0
0.20889,0x316,0.0,0.0,1.0,6.25,3.75,0.39,19.96875,20.0625,19.40625,19.75,21.5,0.0,35.0,0.0
0.21437,0x220,0.0,0.0,1.0,6.25,3.82,0.4,19.96875,20.0625,19.40625,19.75,21.5,0.0,35.0,0.0
0.21813,0x2B0,0.0,0.0,1.0,6.25,3.82,0.4,19.96875,20.0625,19.40625,19.75,21.5,0.0,35.0,0.0
0.21854,0x386,0.0,0.0,1.0,6.25,3.82,0.4,19.96875,20.125,19.46875,19.8125,21.5,0.0,35.0,0.0
0.21902,0x316,0.0,0.0,1.0,6.25,3.82,0.4,19.96875,20.125,19.46875,19.8125,21.5,0.0,35.0,0.0
0.22438,0x220,0.0,0.0,1.0,6.25,3.84,0.43,19.96875,20.125,19.46875,19.8125,21.5,0.0,35.0,0.0
0.22813,0x2B0,0.0,0.0,1.0,6.25,3.84,0.43,19.96875,20.125,19.46875,19.8125,21.5,0.0,35.0,0.0
0.22888,0x316,0.0,0.0,1.0,6.25,3.84,0.43,19.96875,20.125,19.46875,19.8125,21.5,0.0,35.0,0.0
0.23439,0x220,0.0,0.0,1.0,6.25,3.77,0.43,19.96875,20.125,19.46875,19.8125,21.5,0.0,35.0,0.0
0.23813,0x2B0,0.0,0.0,1.0,6.25,3.77,0.43,19.96875,20.125,19.46875,19.8125,21.5,0.0,35.0,0.0
0.23854,0x386,0.0,0.0,1.0,6.25,3.77,0.43,20.0,20.25,19.5,19.8125,21.5,0.0,35.0,0.0
0.23914,0x316,0.0,0.0,1.0,6.25,3.77,0.43,20.0,20.25,19.5,19.8125,21.5,0.0,35.0,0.0
0.24438,0x220,0.0,0.0,1.0,6.25,3.7,0.39,20.0,20.25,19.5,19.8125,21.5,0.0,35.0,0.0
0.24812,0x2B0,0.0,0.0,1.0,6.25,3.7,0.39,20.0,20.25,19.5,19.8125,21.5,0.0,35.0,0.0
0.24903,0x316,0.0,0.0,1.0,6.25,3.7,0.39,20.0,20.25,19.5,19.8125,21.5,0.0,35.0,0.0
0.25439,0x220,0.0,0.0,1.0,6.25,3.65,0.34,20.0,20.25,19.5,19.8125,21.5,0.0,35.0,0.0
0.25813,0x2B0,0.0,0.0,1.0,6.25,3.65,0.34,20.0,20.25,19.5,19.8125,21.5,0.0,35.0,0.0
0.25854,0x386,0.0,0.0,1.0,6.25,3.65,0.34,20.0625,20.34375,19.53125,19.84375,21.5,0.0,35.0,0.0
0.25901,0x316,0.0,0.0,1.0,6.25,3.65,0.34,20.0625,20.34375,19.53125,19.84375,21.5,0.0,35.0,0.0
0.2644,0x220,0.0,0.0,1.0,6.25,3.67,0.36,20.0625,20.34375,19.53125,19.84375,21.5,0.0,35.0,0.0
0.26812,0x2B0,0.0,0.0,1.0,6.25,3.67,0.36,20.0625,20.34375,19.53125,19.84375,21.5,0.0,35.0,0.0
0.26898,0x316,0.0,0.0,1.0,6.25,3.67,0.36,20.0625,20.34375,19.53125,19.84375,21.5,0.0,35.0,0.0
0.27441,0x220,0.0,0.0,1.0,6.25,3.75,0.45,20.0625,20.34375,19.53125,19.84375,21.5,0.0,35.0,0.0
0.27812,0x2B0,0.0,0.0,1.0,6.25,3.75,0.45,20.0625,20.34375,19.53125,19.84375,21.5,0.0,35.0,0.0
0.27854,0x386,0.0,0.0,1.0,6.25,3.75,0.45,20.0625,20.34375,19.59375,19.8125,21.5,0.0,35.0,0.0
0.27901,0x316,0.0,0.0,1.0,6.25,3.75,0.45,20.0625,20.34375,19.59375,19.8125,21.5,0.0,35.0,0.0
0.2844,0x220,0.0,0.0,1.0,6.25,3.85,0.49,20.0625,20.34375,19.59375,19.8125,21.5,0.0,35.0,0.0
0.28812,0x2B0,0.0,0.0,1.0,6.25,3.85,0.49,20.0625,20.34375,19.59375,19.8125,21.5,0.0,35.0,0.0
0.28889,0x316,0.0,0.0,1.0,6.25,3.85,0.49,20.0625,20.34375,19.59375,19.8125,21.5,0.0,35.0,0.0
0.2944,0x220,0.0,0.0,1.0,6.25,3.95,0.49,20.0625,20.34375,19.59375,19.8125,21.5,0.0,35.0,0.0
0.2982,0x2B0,0.0,0.0,1.0,6.25,3.95,0.49,20.0625,20.34375,19.59375,19.8125,21.5,0.0,35.0,0.0
0.29857,0x386,0.0,0.0,1.0,6.25,3.95,0.49,20.03125,20.375,19.6875,19.96875,21.5,0.0,35.0,0.0
0.29904,0x316,0.0,0.0,1.0,6.25,3.95,0.49,20.03125,20.375,19.6875,19.96875,21.5,0.0,35.0,0.0
0.30441,0x220,0.0,0.0,1.0,6.25,4.0,0.49,20.03125,20.375,19.6875,19.96875,21.5,0.0,35.0,0.0
0.3082,0x2B0,0.0,0.0,1.0,6.25,4.0,0.49,20.03125,20.375,19.6875,19.96875,21.4,0.0,35.0,0.0
0.30887,0x316,0.0,0.0,1.0,6.25,4.0,0.49,20.03125,20.375,19.6875,19.96875,21.4,0.0,35.0,0.0
0.31441,0x220,0.0,0.0,1.0,6.25,4.0,0.48,20.03125,20.375,19.6875,19.96875,21.4,0.0,35.0,0.0
0.31819,0x2B0,0.0,0.0,1.0,6.25,4.0,0.48,20.03125,20.375,19.6875,19.96875,21.2,12.0,35.0,0.0
0.31856,0x386,0.0,0.0,1.0,6.25,4.0,0.48,20.09375,20.3125,19.65625,19.75,21.2,12.0,35.0,0.0
0.31903,0x316,0.0,0.0,1.0,6.25,4.0,0.48,20.09375,20.3125,19.65625,19.75,21.2,12.0,35.0,0.0
0.32441,0x220,0.0,0.0,1.0,6.25,3.96,0.44,20.09375,20.3125,19.65625,19.75,21.2,12.0,35.0,0.0
0.32819,0x2B0,0.0,0.0,1.0,6.25,3.96,0.44,20.09375,20.3125,19.65625,19.75,21.0,20.0,35.0,0.0
0.3289,0x316,0.0,0.0,1.0,6.25,3.96,0.44,20.09375,20.3125,19.65625,19.75,21.0,20.0,35.0,0.0
0.33442,0x220,0.0,0.0,1.0,6.25,3.93,0.4,20.09375,20.3125,19.65625,19.75,21.0,20.0,35.0,0.0
0.33817,0x2B0,0.0,0.0,1.0,6.25,3.93,0.4,20.09375,20.3125,19.65625,19.75,20.7,24.0,35.0,0.0
0.33855,0x386,0.0,0.0,1.0,6.25,3.93,0.4,20.0625,20.3125,19.6875,19.90625,20.7,24.0,35.0,0.0
0.33923,0x316,0.0,0.0,1.0,6.25,3.93,0.4,20.0625,20.3125,19.6875,19.90625,20.7,24.0,35.0,0.0
0.34441,0x220,0.0,0.0,1.0,6.25,3.88,0.39,20.0625,20.3125,19.6875,19.90625,20.7,24.0,35.0,0.0
0.34818,0x2B0,0.0,0.0,1.0,6.25,3.88,0.39,20.0625,20.3125,19.6875,19.90625,20.4,28.0,35.0,0.0
0.34901,0x316,0.0,0.0,1.0,6.25,3.88,0.39,20.0625,20.3125,19.6875,19.90625,20.4,28.0,35.0,0.0
0.35442,0x220,0.0,0.0,1.0,6.25,3.84,0.39,20.0625,20.3125,19.6875,19.90625,20.4,28.0,35.0,0.0
0.35819,0x2B0,0.0,0.0,1.0,6.25,3.84,0.39,20.0625,20.3125,19.6875,19.90625,20.2,24.0,35.0,0.0
0.35855,0x386,0.0,0.0,1.0,6.25,3.84,0.39,20.15625,20.3125,19.625,19.9375,20.2,24.0,35.0,0.0
0.35902,0x316,0.0,0.0,1.0,6.25,3.84,0.39,20.15625,20.3125,19.625,19.9375,20.2,24.0,35.0,0.0
0.36442,0x220,0.0,0.0,1.0,6.25,3.83,0.4,20.15625,20.3125,19.625,19.9375,20.2,24.0,35.0,0.0
0.36821,0x2B0,0.0,0.0,1.0,6.25,3.83,0.4,20.15625,20.3125,19.625,19.9375,19.9,24.0,35.0,0.0
0.36904,0x316,0.0,0.0,1.0,6.25,3.83,0.4,20.15625,20.3125,19.625,19.9375,19.9,24.0,35.0,0.0
0.37442,0x220,0.0,0.0,1.0,6.25,3.84,0.4,20.15625,20.3125,19.625,19.9375,19.9,24.0,35.0,0.0
0.37822,0x2B0,0.0,0.0,1.0,6.25,3.84,0.4,20.15625,20.3125,19.625,19.9375,19.6,28.0,35.0,0.0
0.37857,0x386,0.0,0.0,1.0,6.25,3.84,0.4,20.1875,20.34375,19.625,19.875,19.6,28.0,35.0,0.0
0.37904,0x316,0.0,0.0,1.0,6.25,3.84,0.4,20.1875,20.34375,19.625,19.875,19.6,28.0,35.0,0.0
0.38444,0x220,0.0,0.0,1.0,6.25,3.85,0.37,20.1875,20.34375,19.625,19.875,19.6,28.0,35.0,0.0
0.38821,0x2B0,0.0,0.0,1.0,6.25,3.85,0.37,20.1875,20.34375,19.625,19.875,19.3,28.0,35.0,0.0
0.38888,0x316,0.0,0.0,1.0,6.25,3.85,0.37,20.1875,20.34375,19.625,19.875,19.3,28.0,38.0,0.0
0.39443,0x220,0.0,0.0,1.0,6.25,3.87,0.32,20.1875,20.34375,19.625,19.875,19.3,28.0,38.0,0.0
0.39819,0x2B0,0.0,0.0,1.0,6.25,3.87,0.32,20.1875,20.34375,19.625,19.875,19.0,28.0,38.0,0.0
0.39856,0x386,0.0,0.0,1.0,6.25,3.87,0.32,20.1875,20.28125,19.625,20.0,19.0,28.0,38.0,0.0
0.39903,0x316,0.0,0.0,1.0,6.25,3.87,0.32,20.1875,20.28125,19.625,20.0,19.0,28.0,38.0,0.0
0.40444,0x220,0.0,0.0,1.0,6.25,3.84,0.27,20.1875,20.28125,19.625,20.0,19.0,28.0,38.0,0.0
0.40818,0x2B0,0.0,0.0,1.0,6.25,3.84,0.27,20.1875,20.28125,19.625,20.0,18.7,28.0,38.0,0.0
0.40896,0x316,0.0,0.0,1.0,6.25,3.84,0.27,20.1875,20.28125,19.625,20.0,18.7,28.0,38.0,0.0
0.41443,0x220,0.0,0.0,1.0,6.25,3.76,0.23,20.1875,20.28125,19.625,20.0,18.7,28.0,38.0,0.0
0.41816,0x2B0,0.0,0.0,1.0,6.25,3.76,0.23,20.1875,20.28125,19.625,20.0,18.5,24.0,38.0,0.0
0.41855,0x386,0.0,0.0,1.0,6.25,3.76,0.23,20.15625,20.3125,19.65625,20.0,18.5,24.0,38.0,0.0
0.41903,0x316,0.0,0.0,1.0,6.25,3.76,0.23,20.15625,20.3125,19.65625,20.0,18.5,24.0,38.0,0.0
0.42444,0x220,0.0,0.0,1.0,6.25,3.68,0.27,20.15625,20.3125,19.65625,20.0,18.5,24.0,38.0,0.0
0.42817,0x2B0,0.0,0.0,1.0,6.25,3.68,0.27,20.15625,20.3125,19.65625,20.0,18.1,28.0,38.0,0.0
0.42889,0x316,0.0,0.0,1.0,6.25,3.68,0.27,20.15625,20.3125,19.65625,20.0,18.1,28.0,38.0,0.0
0.43445,0x220,0.0,0.0,1.0,6.25,3.65,0.37,20.15625,20.3125,19.65625,20.0,18.1,28.0,38.0,0.0
0.43819,0x2B0,0.0,0.0,1.0,6.25,3.65,0.37,20.15625,20.3125,19.65625,20.0,17.8,32.0,38.0,0.0
0.43855,0x386,0.0,0.0,1.0,6.25,3.65,0.37,20.21875,20.28125,19.625,20.0,17.8,32.0,38.0,0.0
0.43918,0x316,0.0,0.0,1.0,6.25,3.65,0.37,20.21875,20.28125,19.625,20.0,17.8,32.0,38.0,0.0
0.44444,0x220,0.0,0.0,1.0,6.25,3.68,0.43,20.21875,20.28125,19.625,20.0,17.8,32.0,38.0,0.0
0.44816,0x2B0,0.0,0.0,1.0,6.25,3.68,0.43,20.21875,20.28125,19.625,20.0,17.5,28.0,38.0,0.0
0.44905,0x316,0.0,0.0,1.0,6.25,3.68,0.43,20.21875,20.28125,19.625,20.0,17.5,28.0,38.0,0.0
0.45444,0x220,0.0,0.0,1.0,6.25,3.77,0.38,20.21875,20.28125,19.625,20.0,17.5,28.0,38.0,0.0
0.45816,0x2B0,0.0,0.0,1.0,6.25,3.77,0.38,20.21875,20.28125,19.625,20.0,17.1,32.0,38.0,0.0
0.45855,0x386,0.0,0.0,1.0,6.25,3.77,0.38,20.15625,20.34375,19.65625,19.96875,17.1,32.0,38.0,0.0
0.45902,0x316,0.0,0.0,1.0,6.25,3.77,0.38,20.15625,20.34375,19.65625,19.96875,17.1,32.0,33.0,0.0
0.46446,0x220,0.0,0.0,1.0,6.25,3.85,0.29,20.15625,20.34375,19.65625,19.96875,17.1,32.0,33.0,0.0
0.46816,0x2B0,0.0,0.0,1.0,6.25,3.85,0.29,20.15625,20.34375,19.65625,19.96875,16.8,32.0,33.0,0.0
0.46902,0x316,0.0,0.0,1.0,6.25,3.85,0.29,20.15625,20.34375,19.65625,19.96875,16.8,32.0,33.0,0.0
0.47445,0x220,0.0,0.0,1.0,6.25,3.8,0.23,20.15625,20.34375,19.65625,19.96875,16.8,32.0,33.0,0.0
0.47815,0x2B0,0.0,0.0,1.0,6.25,3.8,0.23,20.15625,20.34375,19.65625,19.96875,16.4,32.0,33.0,0.0
0.47855,0x386,0.0,0.0,1.0,6.25,3.8,0.23,20.15625,20.3125,19.71875,20.03125,16.4,32.0,33.0,0.0
0.47903,0x316,0.0,0.0,1.0,6.25,3.8,0.23,20.15625,20.3125,19.71875,20.03125,16.4,32.0,33.0,0.0
0.48445,0x220,0.0,0.0,1.0,6.25,3.65,0.26,20.15625,20.3125,19.71875,20.03125,16.4,32.0,33.0,0.0
0.48817,0x2B0,0.0,0.0,1.0,6.25,3.65,0.26,20.15625,20.3125,19.71875,20.03125,16.1,32.0,33.0,0.0
0.48891,0x316,0.0,0.0,1.0,6.25,3.65,0.26,20.15625,20.3125,19.71875,20.03125,16.1,32.0,33.0,0.0
0.49446,0x220,0.0,0.0,1.0,6.25,3.49,0.33,20.15625,20.3125,19.71875,20.03125,16.1,32.0,33.0,0.0
0.49815,0x2B0,0.0,0.0,1.0,6.25,3.49,0.33,20.15625,20.3125,19.71875,20.03125,15.8,28.0,33.0,0.0
0.49855,0x386,0.0,0.0,1.0,6.25,3.49,0.33,20.15625,20.34375,19.75,20.09375,15.8,28.0,33.0,0.0
0.49904,0x316,0.0,0.0,1.0,6.25,3.49,0.33,20.15625,20.34375,19.75,20.09375,15.8,28.0,33.0,0.0
0.50446,0x220,0.0,0.0,1.0,6.25,3.39,0.37,20.15625,20.34375,19.75,20.09375,15.8,28.0,33.0,0.0
0.50816,0x2B0,0.0,0.0,1.0,6.25,3.39,0.37,20.15625,20.34375,19.75,20.09375,15.5,28.0,33.0,0.0
0.50889,0x316,0.0,0.0,1.0,6.25,3.39,0.37,20.15625,20.34375,19.75,20.09375,15.5,28.0,33.0,0.0
0.51446,0x220,0.0,0.0,1.0,6.25,3.39,0.34,20.15625,20.34375,19.75,20.09375,15.5,28.0,33.0,0.0
0.51815,0x2B0,0.0,0.0,1.0,6.25,3.39,0.34,20.15625,20.34375,19.75,20.09375,15.2,28.0,33.0,0.0
0.51855,0x386,0.0,0.0,1.0,6.25,3.39,0.34,20.25,20.34375,19.84375,20.15625,15.2,28.0,33.0,0.0
0.51902,0x316,0.0,0.0,1.0,6.25,3.39,0.34,20.25,20.34375,19.84375,20.15625,15.2,28.0,33.0,0.0
0.52447,0x220,0.0,0.0,1.0,6.25,3.43,0.27,20.25,20.34375,19.84375,20.15625,15.2,28.0,33.0,0.0
0.52814,0x2B0,0.0,0.0,1.0,6.25,3.43,0.27,20.25,20.34375,19.84375,20.15625,15.0,24.0,33.0,0.0
0.52891,0x316,0.0,0.0,1.0,6.25,3.43,0.27,20.25,20.34375,19.84375,20.15625,15.0,24.0,33.0,0.0
0.53447,0x220,0.0,0.0,1.0,6.25,3.48,0.25,20.25,20.34375,19.84375,20.15625,15.0,24.0,33.0,0.0
0.53816,0x2B0,0.0,0.0,1.0,6.25,3.48,0.25,20.25,20.34375,19.84375,20.15625,14.8,20.0,33.0,0.0
0.53855,0x386,0.0,0.0,1.0,6.25,3.48,0.25,20.28125,20.375,19.84375,20.125,14.8,20.0,33.0,0.0
0.53923,0x316,0.0,0.0,1.0,6.25,3.48,0.25,20.28125,20.375,19.84375,20.125,14.8,20.0,33.0,0.0
0.54448,0x220,0.0,0.0,1.0,6.25,3.49,0.35,20.28125,20.375,19.84375,20.125,14.8,20.0,33.0,0.0
0.54818,0x2B0,0.0,0.0,1.0,6.25,3.49,0.35,20.28125,20.375,19.84375,20.125,14.8,8.0,33.0,0.0
0.54902,0x316,0.0,0.0,1.0,6.25,3.49,0.35,20.28125,20.375,19.84375,20.125,14.8,8.0,33.0,0.0
0.55424,0x220,0.0,0.0,1.0,6.25,3.43,0.48,20.28125,20.375,19.84375,20.125,14.8,8.0,33.0,0.0
0.55816,0x2B0,0.0,0.0,1.0,6.25,3.43,0.48,20.28125,20.375,19.84375,20.125,14.5,12.0,33.0,0.0
0.55855,0x386,0.0,0.0,1.0,6.25,3.43,0.48,20.3125,20.75,19.8125,20.1875,14.5,12.0,33.0,0.0
0.55902,0x316,0.0,0.0,1.0,6.25,3.43,0.48,20.3125,20.75,19.8125,20.1875,14.5,12.0,33.0,0.0
0.56448,0x220,0.0,0.0,1.0,6.25,3.4,0.46,20.3125,20.75,19.8125,20.1875,14.5,12.0,33.0,0.0
0.56815,0x2B0,0.0,0.0,1.0,6.25,3.4,0.46,20.3125,20.75,19.8125,20.1875,14.5,12.0,33.0,0.0
0.56904,0x316,0.0,0.0,1.0,6.25,3.4,0.46,20.3125,20.75,19.8125,20.1875,14.5,12.0,30.0,0.0
0.57424,0x220,0.0,0.0,1.0,6.25,3.39,0.34,20.3125,20.75,19.8125,20.1875,14.5,12.0,30.0,0.0
0.57816,0x2B0,0.0,0.0,1.0,6.25,3.39,0.34,20.3125,20.75,19.8125,20.1875,14.4,0.0,30.0,0.0
0.57856,0x386,0.0,0.0,1.0,6.25,3.39,0.34,20.3125,20.4375,19.90625,20.21875,14.4,0.0,30.0,0.0
0.57907,0x316,0.0,0.0,1.0,6.25,3.39,0.34,20.3125,20.4375,19.90625,20.21875,14.4,0.0,28.0,0.0
0.58448,0x220,0.0,0.0,1.0,6.25,3.39,0.25,20.3125,20.4375,19.90625,20.21875,14.4,0.0,28.0,0.0
0.58816,0x2B0,0.0,0.0,1.0,6.25,3.39,0.25,20.3125,20.4375,19.90625,20.21875,14.4,0.0,28.0,0.0
0.5889,0x316,0.0,0.0,1.0,6.25,3.39,0.25,20.3125,20.4375,19.90625,20.21875,14.4,0.0,25.0,0.0
0.59424,0x220,0.0,0.0,1.0,6.25,3.43,0.25,20.3125,20.4375,19.90625,20.21875,14.4,0.0,25.0,0.0
0.59815,0x2B0,0.0,0.0,1.0,6.25,3.43,0.25,20.3125,20.4375,19.90625,20.21875,14.2,8.0,25.0,0.0
0.59856,0x386,0.0,0.0,1.0,6.25,3.43,0.25,20.28125,20.59375,19.9375,20.125,14.2,8.0,25.0,0.0
0.59903,0x316,0.0,0.0,1.0,6.25,3.43,0.25,20.28125,20.59375,19.9375,20.125,14.2,8.0,22.0,0.0
0.60449,0x220,0.0,0.0,1.0,6.25,3.5,0.28,20.28125,20.59375,19.9375,20.125,14.2,8.0,22.0,0.0
0.60815,0x2B0,0.0,0.0,1.0,6.25,3.5,0.28,20.28125,20.59375,19.9375,20.125,14.2,8.0,22.0,0.0
0.60896,0x316,0.0,0.0,1.0,6.25,3.5,0.28,20.28125,20.59375,19.9375,20.125,14.2,8.0,20.0,0.0
0.61424,0x220,0.0,0.0,1.0,6.25,3.55,0.31,20.28125,20.59375,19.9375,20.125,14.2,8.0,20.0,0.0
0.61817,0x2B0,0.0,0.0,1.0,6.25,3.55,0.31,20.28125,20.59375,19.9375,20.125,14.0,8.0,20.0,0.0
0.61856,0x386,0.0,0.0,1.0,6.25,3.55,0.31,20.3125,20.6875,19.96875,20.15625,14.0,8.0,20.0,0.0
0.61906,0x316,0.0,0.0,1.0,6.25,3.55,0.31,20.3125,20.6875,19.96875,20.15625,14.0,8.0,20.0,0.0
0.62449,0x220,0.0,0.0,1.0,6.25,3.51,0.31,20.3125,20.6875,19.96875,20.15625,14.0,8.0,20.0,0.0
0.62817,0x2B0,0.0,0.0,1.0,6.25,3.51,0.31,20.3125,20.6875,19.96875,20.15625,13.8,20.0,20.0,0.0
0.6289,0x316,0.0,0.0,1.0,6.25,3.51,0.31,20.3125,20.6875,19.96875,20.15625,13.8,20.0,17.0,0.0
0.63424,0x220,0.0,0.0,1.0,6.25,3.46,0.26,20.3125,20.6875,19.96875,20.15625,13.8,20.0,17.0,0.0
0.63816,0x2B0,0.0,0.0,1.0,6.25,3.46,0.26,20.3125,20.6875,19.96875,20.15625,13.8,8.0,17.0,0.0
0.63856,0x386,0.0,0.0,1.0,6.25,3.46,0.26,20.34375,20.53125,19.9375,20.21875,13.8,8.0,17.0,0.0
0.6392,0x316,0.0,0.0,1.0,6.25,3.46,0.26,20.34375,20.53125,19.9375,20.21875,13.8,8.0,17.0,0.0
0.64449,0x220,0.0,0.0,1.0,6.25,3.43,0.19,20.34375,20.53125,19.9375,20.21875,13.8,8.0,17.0,0.0
0.64816,0x2B0,0.0,0.0,1.0,6.25,3.43,0.19,20.34375,20.53125,19.9375,20.21875,13.6,8.0,17.0,0.0
0.64905,0x316,0.0,0.0,1.0,6.25,3.43,0.19,20.34375,20.53125,19.9375,20.21875,13.6,8.0,17.0,0.0
0.65424,0x220,0.0,0.0,1.0,6.25,3.43,0.16,20.34375,20.53125,19.9375,20.21875,13.6,8.0,17.0,0.0
0.65817,0x2B0,0.0,0.0,1.0,6.25,3.43,0.16,20.34375,20.53125,19.9375,20.21875,13.4,20.0,17.0,0.0
0.65856,0x386,0.0,0.0,1.0,6.25,3.43,0.16,20.34375,20.65625,20.03125,20.15625,13.4,20.0,17.0,0.0
0.65906,0x316,0.0,0.0,1.0,6.25,3.43,0.16,20.34375,20.65625,20.03125,20.15625,13.4,20.0,15.0,0.0
0.66451,0x220,0.0,0.0,1.0,6.25,3.45,0.16,20.34375,20.65625,20.03125,20.15625,13.4,20.0,15.0,0.0
0.66818,0x2B0,0.0,0.0,1.0,6.25,3.45,0.16,20.34375,20.65625,20.03125,20.15625,13.4,8.0,15.0,0.0
0.66902,0x316,0.0,0.0,1.0,6.25,3.45,0.16,20.34375,20.65625,20.03125,20.15625,13.4,8.0,15.0,0.0
0.67424,0x220,0.0,0.0,1.0,6.25,3.48,0.18,20.34375,20.65625,20.03125,20.15625,13.4,8.0,15.0,0.0
0.67817,0x2B0,0.0,0.0,1.0,6.25,3.48,0.18,20.34375,20.65625,20.03125,20.15625,13.1,12.0,15.0,0.0
0.67855,0x386,0.0,0.0,1.0,6.25,3.48,0.18,20.34375,20.625,19.9375,20.1875,13.1,12.0,15.0,0.0
0.67905,0x316,0.0,0.0,1.0,6.25,3.48,0.18,20.34375,20.625,19.9375,20.1875,13.1,12.0,15.0,0.0
0.68451,0x220,0.0,0.0,1.0,6.25,3.5,0.18,20.34375,20.625,19.9375,20.1875,13.1,12.0,15.0,0.0
0.68816,0x2B0,0.0,0.0,1.0,6.25,3.5,0.18,20.34375,20.625,19.9375,20.1875,12.9,24.0,15.0,0.0
0.68888,0x316,0.0,0.0,1.0,6.25,3.5,0.18,20.34375,20.625,19.9375,20.1875,12.9,24.0,15.0,0.0
0.69424,0x220,0.0,0.0,1.0,6.25,3.48,0.2,20.34375,20.625,19.9375,20.1875,12.9,24.0,15.0,0.0
0.69816,0x2B0,0.0,0.0,1.0,6.25,3.48,0.2,20.34375,20.625,19.9375,20.1875,12.6,24.0,15.0,0.0
0.69856,0x386,0.0,0.0,1.0,6.25,3.48,0.2,20.40625,20.53125,19.875,20.125,12.6,24.0,15.0,0.0
0.69906,0x316,0.0,0.0,1.0,6.25,3.48,0.2,20.40625,20.53125,19.875,20.125,12.6,24.0,10.0,0.0
0.70428,0x220,0.0,0.0,1.0,6.25,3.41,0.18,20.40625,20.53125,19.875,20.125,12.6,24.0,10.0,0.0
0.70816,0x2B0,0.0,0.0,1.0,6.25,3.41,0.18,20.40625,20.53125,19.875,20.125,12.4,24.0,10.0,0.0
0.70891,0x316,0.0,0.0,1.0,6.25,3.41,0.18,20.40625,20.53125,19.875,20.125,12.4,24.0,7.0,0.0
0.71425,0x220,0.0,0.0,1.0,6.25,3.33,0.13,20.40625,20.53125,19.875,20.125,12.4,24.0,7.0,0.0
0.71818,0x2B0,0.0,0.0,1.0,6.25,3.33,0.13,20.40625,20.53125,19.875,20.125,12.2,20.0,7.0,0.0
0.71855,0x386,0.0,0.0,1.0,6.25,3.33,0.13,20.34375,20.53125,19.84375,20.1875,12.2,20.0,7.0,0.0
0.71903,0x316,0.0,0.0,1.0,6.25,3.33,0.13,20.34375,20.53125,19.84375,20.1875,12.2,20.0,2.0,0.0
0.72428,0x220,0.0,0.0,1.0,6.25,3.26,0.08,20.34375,20.53125,19.84375,20.1875,12.2,20.0,2.0,0.0
0.72815,0x2B0,0.0,0.0,1.0,6.25,3.26,0.08,20.34375,20.53125,19.84375,20.1875,11.9,24.0,2.0,0.0
0.72889,0x316,0.0,0.0,1.0,6.25,3.26,0.08,20.34375,20.53125,19.84375,20.1875,11.9,24.0,0.0,0.0
0.73425,0x220,0.0,0.0,1.0,6.25,3.18,0.07,20.34375,20.53125,19.84375,20.1875,11.9,24.0,0.0,0.0
0.73817,0x2B0,0.0,0.0,1.0,6.25,3.18,0.07,20.34375,20.53125,19.84375,20.1875,11.7,24.0,0.0,0.0
0.73856,0x386,0.0,0.0,1.0,6.25,3.18,0.07,20.375,20.46875,19.84375,20.15625,11.7,24.0,0.0,0.0
0.73927,0x316,0.0,0.0,1.0,6.25,3.18,0.07,20.375,20.46875,19.84375,20.15625,11.7,24.0,0.0,0.0
0.74429,0x220,0.0,0.0,1.0,6.25,3.1,0.12,20.375,20.46875,19.84375,20.15625,11.7,24.0,0.0,0.0
0.74819,0x2B0,0.0,0.0,1.0,6.25,3.1,0.12,20.375,20.46875,19.84375,20.15625,11.4,24.0,0.0,0.0
0.74911,0x316,0.0,0.0,1.0,6.25,3.1,0.12,20.375,20.46875,19.84375,20.15625,11.4,24.0,0.0,0.0
0.75425,0x220,0.0,0.0,1.0,6.25,3.08,0.18,20.375,20.46875,19.84375,20.15625,11.4,24.0,0.0,0.0
0.75814,0x2B0,0.0,0.0,1.0,6.25,3.08,0.18,20.375,20.46875,19.84375,20.15625,11.1,28.0,0.0,0.0
0.75856,0x386,0.0,0.0,1.0,6.25,3.08,0.18,20.3125,20.4375,19.875,20.1875,11.1,28.0,0.0,0.0
0.75904,0x316,0.0,0.0,1.0,6.25,3.08,0.18,20.3125,20.4375,19.875,20.1875,11.1,28.0,0.0,0.0
0.76428,0x220,0.0,0.0,1.0,6.25,3.11,0.23,20.3125,20.4375,19.875,20.1875,11.1,28.0,0.0,0.0
0.76815,0x2B0,0.0,0.0,1.0,6.25,3.11,0.23,20.3125,20.4375,19.875,20.1875,10.8,28.0,0.0,0.0
0.76903,0x316,0.0,0.0,1.0,6.25,3.11,0.23,20.3125,20.4375,19.875,20.1875,10.8,28.0,0.0,0.0
0.77425,0x220,0.0,0.0,1.0,6.25,3.13,0.25,20.3125,20.4375,19.875,20.1875,10.8,28.0,0.0,0.0
0.7782,0x2B0,0.0,0.0,1.0,6.25,3.13,0.25,20.3125,20.4375,19.875,20.1875,10.6,24.0,0.0,0.0
0.77856,0x386,0.0,0.0,1.0,6.25,3.13,0.25,20.28125,20.4375,19.78125,20.15625,10.6,24.0,0.0,0.0
0.77905,0x316,0.0,0.0,1.0,6.25,3.13,0.25,20.28125,20.4375,19.78125,20.15625,10.6,24.0,0.0,0.0
0.78428,0x220,0.0,0.0,1.0,6.25,3.11,0.24,20.28125,20.4375,19.78125,20.15625,10.6,24.0,0.0,0.0
0.78815,0x2B0,0.0,0.0,1.0,6.25,3.11,0.24,20.28125,20.4375,19.78125,20.15625,10.3,24.0,0.0,0.0
0.78898,0x316,0.0,0.0,1.0,6.25,3.11,0.24,20.28125,20.4375,19.78125,20.15625,10.3,24.0,0.0,0.0
0.79425,0x220,0.0,0.0,1.0,6.25,3.09,0.23,20.28125,20.4375,19.78125,20.15625,10.3,24.0,0.0,0.0
0.79819,0x2B0,0.0,0.0,1.0,6.25,3.09,0.23,20.28125,20.4375,19.78125,20.15625,10.0,28.0,0.0,0.0
0.79856,0x386,0.0,0.0,1.0,6.25,3.09,0.23,20.375,20.46875,19.75,20.15625,10.0,28.0,0.0,0.0
0.79904,0x316,0.0,0.0,1.0,6.25,3.09,0.23,20.375,20.46875,19.75,20.15625,10.0,28.0,0.0,0.0
0.80428,0x220,0.0,0.0,1.0,6.25,3.03,0.28,20.375,20.46875,19.75,20.15625,10.0,28.0,0.0,0.0
0.80817,0x2B0,0.0,0.0,1.0,6.25,3.03,0.28,20.375,20.46875,19.75,20.15625,9.7,28.0,0.0,0.0
0.80894,0x316,0.0,0.0,1.0,6.25,3.03,0.28,20.375,20.46875,19.75,20.15625,9.7,28.0,0.0,0.0
0.81425,0x220,0.0,0.0,1.0,6.25,2.95,0.31,20.375,20.46875,19.75,20.15625,9.7,28.0,0.0,0.0
0.81812,0x2B0,0.0,0.0,1.0,6.25,2.95,0.31,20.375,20.46875,19.75,20.15625,9.4,28.0,0.0,0.0
0.81856,0x386,0.0,0.0,1.0,6.25,2.95,0.31,20.5625,20.53125,19.9375,20.15625,9.4,28.0,0.0,0.0
0.81904,0x316,0.0,0.0,1.0,6.25,2.95,0.31,20.5625,20.53125,19.9375,20.15625,9.4,28.0,0.0,0.0
0.82428,0x220,0.0,0.0,1.0,6.25,2.92,0.28,20.5625,20.53125,19.9375,20.15625,9.4,28.0,0.0,0.0
0.82813,0x2B0,0.0,0.0,1.0,6.25,2.92,0.28,20.5625,20.53125,19.9375,20.15625,9.1,28.0,0.0,0.0
0.82897,0x316,0.0,0.0,1.0,6.25,2.92,0.28,20.5625,20.53125,19.9375,20.15625,9.1,28.0,0.0,0.0
0.83425,0x220,0.0,0.0,1.0,6.25,2.91,0.26,20.5625,20.53125,19.9375,20.15625,9.1,28.0,0.0,0.0
0.83813,0x2B0,0.0,0.0,1.0,6.25,2.91,0.26,20.5625,20.53125,19.9375,20.15625,8.9,24.0,0.0,0.0
0.83856,0x386,0.0,0.0,1.0,6.25,2.91,0.26,20.09375,20.28125,19.9375,20.125,8.9,24.0,0.0,0.0
0.83911,0x316,0.0,0.0,1.0,6.25,2.91,0.26,20.09375,20.28125,19.9375,20.125,8.9,24.0,0.0,0.0
0.84429,0x220,0.0,0.0,1.0,6.25,2.96,0.27,20.09375,20.28125,19.9375,20.125,8.9,24.0,0.0,0.0
0.84815,0x2B0,0.0,0.0,1.0,6.25,2.96,0.27,20.09375,20.28125,19.9375,20.125,8.6,24.0,0.0,0.0
0.84909,0x316,0.0,0.0,1.0,6.25,2.96,0.27,20.09375,20.28125,19.9375,20.125,8.6,24.0,0.0,0.0
0.85425,0x220,0.0,0.0,1.0,6.25,3.02,0.32,20.09375,20.28125,19.9375,20.125,8.6,24.0,0.0,0.0
0.85815,0x2B0,0.0,0.0,1.0,6.25,3.02,0.32,20.09375,20.28125,19.9375,20.125,8.3,28.0,0.0,0.0
0.85856,0x386,0.0,0.0,1.0,6.25,3.02,0.32,20.28125,20.3125,19.8125,20.125,8.3,28.0,0.0,0.0
0.85904,0x316,0.0,0.0,1.0,6.25,3.02,0.32,20.28125,20.3125,19.8125,20.125,8.3,28.0,0.0,0.0
0.86429,0x220,0.0,0.0,1.0,6.25,3.05,0.37,20.28125,20.3125,19.8125,20.125,8.3,28.0,0.0,0.0
0.86816,0x2B0,0.0,0.0,1.0,6.25,3.05,0.37,20.28125,20.3125,19.8125,20.125,8.0,28.0,0.0,0.0
0.8691,0x316,0.0,0.0,1.0,6.25,3.05,0.37,20.28125,20.3125,19.8125,20.125,8.0,28.0,0.0,0.0
0.87425,0x220,0.0,0.0,1.0,6.25,3.08,0.37,20.28125,20.3125,19.8125,20.125,8.0,28.0,0.0,0.0
0.87815,0x2B0,0.0,0.0,1.0,6.25,3.08,0.37,20.28125,20.3125,19.8125,20.125,7.8,24.0,0.0,0.0
0.87856,0x386,0.0,0.0,1.0,6.25,3.08,0.37,20.15625,20.15625,19.8125,20.15625,7.8,24.0,0.0,0.0
0.87904,0x316,0.0,0.0,1.0,6.25,3.08,0.37,20.15625,20.15625,19.8125,20.15625,7.8,24.0,0.0,0.0
0.88429,0x220,0.0,0.0,1.0,6.25,3.04,0.33,20.15625,20.15625,19.8125,20.15625,7.8,24.0,0.0,0.0
0.88813,0x2B0,0.0,0.0,1.0,6.25,3.04,0.33,20.15625,20.15625,19.8125,20.15625,7.5,24.0,0.0,0.0
0.88888,0x316,0.0,0.0,1.0,6.25,3.04,0.33,20.15625,20.15625,19.8125,20.15625,7.5,24.0,0.0,0.0
0.89425,0x220,0.0,0.0,1.0,6.25,2.94,0.31,20.15625,20.15625,19.8125,20.15625,7.5,24.0,0.0,0.0
0.89814,0x2B0,0.0,0.0,1.0,6.25,2.94,0.31,20.15625,20.15625,19.8125,20.15625,7.2,28.0,0.0,0.0
0.89857,0x386,0.0,0.0,1.0,6.25,2.94,0.31,20.34375,20.75,19.875,20.15625,7.2,28.0,0.0,0.0
0.89905,0x316,0.0,0.0,1.0,6.25,2.94,0.31,20.34375,20.75,19.875,20.15625,7.2,28.0,0.0,0.0
0.90428,0x220,0.0,0.0,1.0,6.25,2.88,0.31,20.34375,20.75,19.875,20.15625,7.2,28.0,0.0,0.0
0.90816,0x2B0,0.0,0.0,1.0,6.25,2.88,0.31,20.34375,20.75,19.875,20.15625,7.0,24.0,0.0,0.0
0.90897,0x316,0.0,0.0,1.0,6.25,2.88,0.31,20.34375,20.75,19.875,20.15625,7.0,24.0,0.0,0.0
0.91426,0x220,0.0,0.0,1.0,6.25,2.88,0.29,20.34375,20.75,19.875,20.15625,7.0,24.0,0.0,0.0
0.91815,0x2B0,0.0,0.0,1.0,6.25,2.88,0.29,20.34375,20.75,19.875,20.15625,6.7,24.0,0.0,0.0
0.91857,0x386,0.0,0.0,1.0,6.25,2.88,0.29,20.3125,20.625,19.9375,20.03125,6.7,24.0,0.0,0.0
0.91904,0x316,0.0,0.0,1.0,6.25,2.88,0.29,20.3125,20.625,19.9375,20.03125,6.7,24.0,0.0,0.0
0.92428,0x220,0.0,0.0,1.0,6.25,2.91,0.28,20.3125,20.625,19.9375,20.03125,6.7,24.0,0.0,0.0
0.92814,0x2B0,0.0,0.0,1.0,6.25,2.91,0.28,20.3125,20.625,19.9375,20.03125,6.5,24.0,0.0,0.0
0.92889,0x316,0.0,0.0,1.0,6.25,2.91,0.28,20.3125,20.625,19.9375,20.03125,6.5,24.0,0.0,0.0
0.93426,0x220,0.0,0.0,1.0,6.25,2.97,0.29,20.3125,20.625,19.9375,20.03125,6.5,24.0,0.0,0.0
0.93811,0x2B0,0.0,0.0,1.0,6.25,2.97,0.29,20.3125,20.625,19.9375,20.03125,6.2,24.0,0.0,0.0
0.93857,0x386,0.0,0.0,1.0,6.25,2.97,0.29,20.40625,20.5,19.9375,20.0625,6.2,24.0,0.0,0.0
0.93922,0x316,0.0,0.0,1.0,6.25,2.97,0.29,20.40625,20.5,19.9375,20.0625,6.2,24.0,0.0,0.0
0.94429,0x220,0.0,0.0,1.0,6.25,3.04,0.31,20.40625,20.5,19.9375,20.0625,6.2,24.0,0.0,0.0
0.94812,0x2B0,0.0,0.0,1.0,6.25,3.04,0.31,20.40625,20.5,19.9375,20.0625,5.9,28.0,0.0,0.0
0.94906,0x316,0.0,0.0,1.0,6.25,3.04,0.31,20.40625,20.5,19.9375,20.0625,5.9,28.0,0.0,0.0
0.95425,0x220,0.0,0.0,1.0,6.25,3.14,0.3,20.40625,20.5,19.9375,20.0625,5.9,28.0,0.0,0.0
0.95811,0x2B0,0.0,0.0,1.0,6.25,3.14,0.3,20.40625,20.5,19.9375,20.0625,5.7,24.0,0.0,0.0
0.95857,0x386,0.0,0.0,1.0,6.25,3.14,0.3,20.21875,20.03125,19.84375,20.125,5.7,24.0,0.0,0.0
0.95905,0x316,0.0,0.0,1.0,6.25,3.14,0.3,20.21875,20.03125,19.84375,20.125,5.7,24.0,0.0,0.0
0.96428,0x220,0.0,0.0,1.0,6.25,3.17,0.25,20.21875,20.03125,19.84375,20.125,5.7,24.0,0.0,0.0
0.96813,0x2B0,0.0,0.0,1.0,6.25,3.17,0.25,20.21875,20.03125,19.84375,20.125,5.4,24.0,0.0,0.0
0.96902,0x316,0.0,0.0,1.0,6.25,3.17,0.25,20.21875,20.03125,19.84375,20.125,5.4,24.0,0.0,0.0
0.97426,0x220,0.0,0.0,1.0,6.25,3.09,0.2,20.21875,20.03125,19.84375,20.125,5.4,24.0,0.0,0.0
0.97814,0x2B0,0.0,0.0,1.0,6.25,3.09,0.2,20.21875,20.03125,19.84375,20.125,5.2,24.0,0.0,0.0
0.97857,0x386,0.0,0.0,1.0,6.25,3.09,0.2,19.6875,19.59375,19.84375,20.03125,5.2,24.0,0.0,0.0
0.97906,0x316,0.0,0.0,1.0,6.25,3.09,0.2,19.6875,19.59375,19.84375,20.03125,5.2,24.0,0.0,0.0
0.98429,0x220,0.0,0.0,1.0,6.25,2.96,0.17,19.6875,19.59375,19.84375,20.03125,5.2,24.0,0.0,0.0
0.98815,0x2B0,0.0,0.0,1.0,6.25,2.96,0.17,19.6875,19.59375,19.84375,20.03125,5.0,20.0,0.0,0.0
0.98895,0x316,0.0,0.0,1.0,6.25,2.96,0.17,19.6875,19.59375,19.84375,20.03125,5.0,20.0,0.0,0.0
0.99425,0x220,0.0,0.0,1.0,6.25,2.87,0.18,19.6875,19.59375,19.84375,20.03125,5.0,20.0,0.0,0.0
0.99813,0x2B0,0.0,0.0,1.0,6.25,2.87,0.18,19.6875,19.59375,19.84375,20.03125,4.8,20.0,0.0,0.0
0.99858,0x386,0.0,0.0,1.0,6.25,2.87,0.18,20.46875,20.3125,19.875,20.03125,4.8,20.0,0.0,0.0
0.99905,0x316,0.0,0.0,1.0,6.25,2.87,0.18,20.46875,20.3125,19.875,20.03125,4.8,20.0,0.0,0.0
1.00428,0x220,0.0,0.0,1.0,6.25,2.83,0.15,20.46875,20.3125,19.875,20.03125,4.8,20.0,0.0,0.0
1.00813,0x2B0,0.0,0.0,1.0,6.25,2.83,0.15,20.46875,20.3125,19.875,20.03125,4.6,20.0,0.0,0.0
1.00893,0x316,0.0,0.0,1.0,6.25,2.83,0.15,20.46875,20.3125,19.875,20.03125,4.6,20.0,0.0,0.0
1.01426,0x220,0.0,0.0,1.0,6.25,2.82,0.1,20.46875,20.3125,19.875,20.03125,4.6,20.0,0.0,0.0
1.01814,0x2B0,0.0,0.0,1.0,6.25,2.82,0.1,20.46875,20.3125,19.875,20.03125,4.4,20.0,0.0,0.0
1.01857,0x386,0.0,0.0,1.0,6.25,2.82,0.1,20.21875,20.34375,19.8125,20.03125,4.4,20.0,0.0,0.0
1.01905,0x316,0.0,0.0,1.0,6.25,2.82,0.1,20.21875,20.34375,19.8125,20.03125,4.4,20.0,0.0,0.0
1.0243,0x220,0.0,0.0,1.0,6.25,2.79,0.06,20.21875,20.34375,19.8125,20.03125,4.4,20.0,0.0,0.0
1.02815,0x2B0,0.0,0.0,1.0,6.25,2.79,0.06,20.21875,20.34375,19.8125,20.03125,4.3,12.0,0.0,0.0
1.02896,0x316,0.0,0.0,1.0,6.25,2.79,0.06,20.21875,20.34375,19.8125,20.03125,4.3,12.0,0.0,0.0
1.03425,0x220,0.0,0.0,1.0,6.25,2.76,0.06,20.21875,20.34375,19.8125,20.03125,4.3,12.0,0.0,0.0
1.03813,0x2B0,0.0,0.0,1.0,6.25,2.76,0.06,20.21875,20.34375,19.8125,20.03125,4.1,12.0,0.0,0.0
1.03857,0x386,0.0,0.0,1.0,6.25,2.76,0.06,20.21875,20.3125,19.78125,20.03125,4.1,12.0,0.0,0.0
1.0392,0x316,0.0,0.0,1.0,6.25,2.76,0.06,20.21875,20.3125,19.78125,20.03125,4.1,12.0,0.0,0.0
1.0443,0x220,0.0,0.0,1.0,6.25,2.73,0.09,20.21875,20.3125,19.78125,20.03125,4.1,12.0,0.0,0.0
1.04815,0x2B0,0.0,0.0,1.0,6.25,2.73,0.09,20.21875,20.3125,19.78125,20.03125,3.9,20.0,0.0,0.0
1.04903,0x316,0.0,0.0,1.0,6.25,2.73,0.09,20.21875,20.3125,19.78125,20.03125,3.9,20.0,0.0,0.0
1.05426,0x220,0.0,0.0,1.0,6.25,2.75,0.1,20.21875,20.3125,19.78125,20.03125,3.9,20.0,0.0,0.0
1.05818,0x2B0,0.0,0.0,1.0,6.25,2.75,0.1,20.21875,20.3125,19.78125,20.03125,3.9,8.0,0.0,0.0
1.05857,0x386,0.0,0.0,1.0,6.25,2.75,0.1,20.15625,20.25,19.625,20.0,3.9,8.0,0.0,0.0
1.05905,0x316,0.0,0.0,1.0,6.25,2.75,0.1,20.15625,20.25,19.625,20.0,3.9,8.0,0.0,0.0
1.0643,0x220,0.0,0.0,1.0,6.25,2.78,0.08,20.15625,20.25,19.625,20.0,3.9,8.0,0.0,0.0
1.06815,0x2B0,0.0,0.0,1.0,6.25,2.78,0.08,20.15625,20.25,19.625,20.0,3.7,8.0,0.0,0.0
1.06906,0x316,0.0,0.0,1.0,6.25,2.78,0.08,20.15625,20.25,19.625,20.0,3.7,8.0,0.0,0.0
1.07426,0x220,0.0,0.0,1.0,6.25,2.75,0.04,20.15625,20.25,19.625,20.0,3.7,8.0,0.0,0.0
1.07814,0x2B0,0.0,0.0,1.0,6.25,2.75,0.04,20.15625,20.25,19.625,20.0,3.7,8.0,0.0,0.0
1.07857,0x386,0.0,0.0,1.0,6.25,2.75,0.04,20.15625,20.25,19.75,19.96875,3.7,8.0,0.0,0.0
1.07905,0x316,0.0,0.0,1.0,6.25,2.75,0.04,20.15625,20.25,19.75,19.96875,3.7,8.0,0.0,0.0
1.08429,0x220,0.0,0.0,1.0,6.25,2.7,0.02,20.15625,20.25,19.75,19.96875,3.7,8.0,0.0,0.0
1.08815,0x2B0,0.0,0.0,1.0,6.25,2.7,0.02,20.15625,20.25,19.75,19.96875,3.5,8.0,0.0,0.0
1.08889,0x316,0.0,0.0,1.0,6.25,2.7,0.02,20.15625,20.25,19.75,19.96875,3.5,8.0,2.0,0.0
1.09426,0x220,0.0,0.0,1.0,6.25,2.62,0.03,20.15625,20.25,19.75,19.96875,3.5,8.0,2.0,0.0
1.09814,0x2B0,0.0,0.0,1.0,6.25,2.62,0.03,20.15625,20.25,19.75,19.96875,3.5,8.0,2.0,0.0
1.09857,0x386,0.0,0.0,1.0,6.25,2.62,0.03,20.1875,20.15625,19.65625,19.9375,3.5,8.0,2.0,0.0
1.09905,0x316,0.0,0.0,1.0,6.25,2.62,0.03,20.1875,20.15625,19.65625,19.9375,3.5,8.0,5.0,0.0
1.1043,0x220,0.0,0.0,1.0,6.25,2.55,0.06,20.1875,20.15625,19.65625,19.9375,3.5,8.0,5.0,0.0
1.10809,0x2B0,0.0,0.0,1.0,6.25,2.55,0.06,20.1875,20.15625,19.65625,19.9375,3.3,8.0,5.0,0.0
1.10888,0x316,0.0,0.0,1.0,6.25,2.55,0.06,20.1875,20.15625,19.65625,19.9375,3.3,8.0,5.0,0.0
1.11426,0x220,0.0,0.0,1.0,6.25,2.51,0.1,20.1875,20.15625,19.65625,19.9375,3.3,8.0,5.0,0.0
1.11812,0x2B0,0.0,0.0,1.0,6.25,2.51,0.1,20.1875,20.15625,19.65625,19.9375,3.3,8.0,5.0,0.0
1.11857,0x386,0.0,0.0,1.0,6.25,2.51,0.1,20.0625,20.1875,19.78125,19.96875,3.3,8.0,5.0,0.0
1.11906,0x316,0.0,0.0,1.0,6.25,2.51,0.1,20.0625,20.1875,19.78125,19.96875,3.3,8.0,7.0,0.0
1.12429,0x220,0.0,0.0,1.0,6.25,2.48,0.1,20.0625,20.1875,19.78125,19.96875,3.3,8.0,7.0,0.0
1.1281,0x2B0,0.0,0.0,1.0,6.25,2.48,0.1,20.0625,20.1875,19.78125,19.96875,3.3,0.0,7.0,0.0
1.12885,0x316,0.0,0.0,1.0,6.25,2.48,0.1,20.0625,20.1875,19.78125,19.96875,3.3,0.0,10.0,0.0
1.13427,0x220,0.0,0.0,1.0,6.25,2.5,0.06,20.0625,20.1875,19.78125,19.96875,3.3,0.0,10.0,0.0
1.13811,0x2B0,0.0,0.0,1.0,6.25,2.5,0.06,20.0625,20.1875,19.78125,19.96875,3.3,0.0,10.0,0.0
1.13858,0x386,0.0,0.0,1.0,6.25,2.5,0.06,20.09375,20.15625,19.75,19.875,3.3,0.0,10.0,0.0
1.13921,0x316,0.0,0.0,1.0,6.25,2.5,0.06,20.09375,20.15625,19.75,19.875,3.3,0.0,12.0,0.0
1.1443,0x220,0.0,0.0,1.0,6.25,2.56,0.06,20.09375,20.15625,19.75,19.875,3.3,0.0,12.0,0.0
1.14812,0x2B0,0.0,0.0,1.0,6.25,2.56,0.06,20.09375,20.15625,19.75,19.875,3.2,0.0,12.0,0.0
1.14906,0x316,0.0,0.0,1.0,6.25,2.56,0.06,20.09375,20.15625,19.75,19.875,3.2,0.0,12.0,0.0
1.15426,0x220,0.0,0.0,1.0,6.25,2.59,0.11,20.09375,20.15625,19.75,19.875,3.2,0.0,12.0,0.0
1.15812,0x2B0,0.0,0.0,1.0,6.25,2.59,0.11,20.09375,20.15625,19.75,19.875,3.2,0.0,12.0,0.0
1.15857,0x386,0.0,0.0,1.0,6.25,2.59,0.11,20.125,20.1875,19.65625,19.84375,3.2,0.0,12.0,0.0
1.15904,0x316,0.0,0.0,1.0,6.25,2.59,0.11,20.125,20.1875,19.65625,19.84375,3.2,0.0,15.0,0.0
1.1643,0x220,0.0,0.0,1.0,6.25,2.58,0.18,20.125,20.1875,19.65625,19.84375,3.2,0.0,15.0,0.0
1.16811,0x2B0,0.0,0.0,1.0,6.25,2.58,0.18,20.125,20.1875,19.65625,19.84375,3.2,0.0,15.0,0.0
1.16899,0x316,0.0,0.0,1.0,6.25,2.58,0.18,20.125,20.1875,19.65625,19.84375,3.2,0.0,17.0,0.0
1.17427,0x220,0.0,0.0,1.0,6.25,2.56,0.22,20.125,20.1875,19.65625,19.84375,3.2,0.0,17.0,0.0
1.1781,0x2B0,0.0,0.0,1.0,6.25,2.56,0.22,20.125,20.1875,19.65625,19.84375,3.2,0.0,17.0,0.0
1.17858,0x386,0.0,0.0,1.0,6.25,2.56,0.22,20.25,20.1875,19.6875,19.875,3.2,0.0,17.0,0.0
1.17905,0x316,0.0,0.0,1.0,6.25,2.56,0.22,20.25,20.1875,19.6875,19.875,3.2,0.0,17.0,0.0
1.1843,0x220,0.0,0.0,1.0,6.25,2.55,0.19,20.25,20.1875,19.6875,19.875,3.2,0.0,17.0,0.0
1.1881,0x2B0,0.0,0.0,1.0,6.25,2.55,0.19,20.25,20.1875,19.6875,19.875,3.2,0.0,17.0,0.0
1.1889,0x316,0.0,0.0,1.0,6.25,2.55,0.19,20.25,20.1875,19.6875,19.875,3.2,0.0,17.0,0.0
1.19426,0x220,0.0,0.0,1.0,6.25,2.51,0.15,20.25,20.1875,19.6875,19.875,3.2,0.0,17.0,0.0
1.1981,0x2B0,0.0,0.0,1.0,6.25,2.51,0.15,20.25,20.1875,19.6875,19.875,3.2,0.0,17.0,0.0
1.19857,0x386,0.0,0.0,1.0,6.25,2.51,0.15,20.53125,20.65625,19.71875,19.84375,3.2,0.0,17.0,0.0
1.19905,0x316,0.0,0.0,1.0,6.25,2.51,0.15,20.53125,20.65625,19.71875,19.84375,3.2,0.0,17.0,0.0
1.20429,0x220,0.0,0.0,1.0,6.25,2.46,0.2,20.53125,20.65625,19.71875,19.84375,3.2,0.0,17.0,0.0
1.20811,0x2B0,0.0,0.0,1.0,6.25,2.46,0.2,20.53125,20.65625,19.71875,19.84375,3.2,0.0,17.0,0.0
1.20888,0x316,0.0,0.0,1.0,6.25,2.46,0.2,20.53125,20.65625,19.71875,19.84375,3.2,0.0,17.0,0.0
1.21426,0x220,0.0,0.0,1.0,6.25,2.45,0.25,20.53125,20.65625,19.71875,19.84375,3.2,0.0,17.0,0.0
1.21812,0x2B0,0.0,0.0,1.0,6.25,2.45,0.25,20.53125,20.65625,19.71875,19.84375,3.1,0.0,17.0,0.0
1.21858,0x386,0.0,0.0,1.0,6.25,2.45,0.25,20.34375,20.5625,19.6875,19.8125,3.1,0.0,17.0,0.0
1.21905,0x316,0.0,0.0,1.0,6.25,2.45,0.25,20.34375,20.5625,19.6875,19.8125,3.1,0.0,17.0,0.0
1.22429,0x220,0.0,0.0,1.0,6.25,2.48,0.25,20.34375,20.5625,19.6875,19.8125,3.1,0.0,17.0,0.0
1.22806,0x2B0,0.0,0.0,1.0,6.25,2.48,0.25,20.34375,20.5625,19.6875,19.8125,3.1,0.0,17.0,0.0
1.2289,0x316,0.0,0.0,1.0,6.25,2.48,0.25,20.34375,20.5625,19.6875,19.8125,3.1,0.0,17.0,0.0
1.23427,0x220,0.0,0.0,1.0,6.25,2.52,0.23,20.34375,20.5625,19.6875,19.8125,3.1,0.0,17.0,0.0
1.23808,0x2B0,0.0,0.0,1.0,6.25,2.52,0.23,20.34375,20.5625,19.6875,19.8125,3.1,0.0,17.0,0.0
1.23858,0x386,0.0,0.0,1.0,6.25,2.52,0.23,19.9375,20.5625,19.71875,19.75,3.1,0.0,17.0,0.0
1.23913,0x316,0.0,0.0,1.0,6.25,2.52,0.23,19.9375,20.5625,19.71875,19.75,3.1,0.0,17.0,0.0
1.24431,0x220,0.0,0.0,1.0,6.25,2.59,0.24,19.9375,20.5625,19.71875,19.75,3.1,0.0,17.0,0.0
1.24813,0x2B0,0.0,0.0,1.0,6.25,2.59,0.24,19.9375,20.5625,19.71875,19.75,3.1,0.0,17.0,0.0
1.24902,0x316,0.0,0.0,1.0,6.25,2.59,0.24,19.9375,20.5625,19.71875,19.75,3.1,0.0,17.0,0.0
1.25426,0x220,0.0,0.0,1.0,6.25,2.71,0.3,19.9375,20.5625,19.71875,19.75,3.1,0.0,17.0,0.0
1.2581,0x2B0,0.0,0.0,1.0,6.25,2.71,0.3,19.9375,20.5625,19.71875,19.75,3.1,0.0,17.0,0.0
1.25858,0x386,0.0,0.0,1.0,6.25,2.71,0.3,20.25,20.28125,19.65625,19.84375,3.1,0.0,17.0,0.0
1.25905,0x316,0.0,0.0,1.0,6.25,2.71,0.3,20.25,20.28125,19.65625,19.84375,3.1,0.0,17.0,0.0
1.2643,0x220,0.0,0.0,1.0,6.25,2.76,0.3,20.25,20.28125,19.65625,19.84375,3.1,0.0,17.0,0.0
1.26809,0x2B0,0.0,0.0,1.0,6.25,2.76,0.3,20.25,20.28125,19.65625,19.84375,3.1,0.0,17.0,0.0
1.26905,0x316,0.0,0.0,1.0,6.25,2.76,0.3,20.25,20.28125,19.65625,19.84375,3.1,0.0,17.0,0.0
1.27426,0x220,0.0,0.0,1.0,6.25,2.7,0.26,20.25,20.28125,19.65625,19.84375,3.1,0.0,17.0,0.0
1.2781,0x2B0,0.0,0.0,1.0,6.25,2.7,0.26,20.25,20.28125,19.65625,19.84375,3.1,0.0,17.0,0.0
1.27858,0x386,0.0,0.0,1.0,6.25,2.7,0.26,19.96875,20.75,19.71875,19.8125,3.1,0.0,17.0,0.0
1.27905,0x316,0.0,0.0,1.0,6.25,2.7,0.26,19.96875,20.75,19.71875,19.8125,3.1,0.0,17.0,0.0
1.2843,0x220,0.0,0.0,1.0,6.25,2.57,0.25,19.96875,20.75,19.71875,19.8125,3.1,0.0,17.0,0.0
1.28808,0x2B0,0.0,0.0,1.0,6.25,2.57,0.25,19.96875,20.75,19.71875,19.8125,3.1,0.0,17.0,0.0
1.28887,0x316,0.0,0.0,1.0,6.25,2.57,0.25,19.96875,20.75,19.71875,19.8125,3.1,0.0,17.0,0.0
1.29427,0x220,0.0,0.0,1.0,6.25,2.47,0.24,19.96875,20.75,19.71875,19.8125,3.1,0.0,17.0,0.0
1.29808,0x2B0,0.0,0.0,1.0,6.25,2.47,0.24,19.96875,20.75,19.71875,19.8125,3.0,0.0,17.0,0.0
1.29858,0x386,0.0,0.0,1.0,6.25,2.47,0.24,19.875,20.40625,19.65625,19.78125,3.0,0.0,17.0,0.0
1.29904,0x316,0.0,0.0,1.0,6.25,2.47,0.24,19.875,20.40625,19.65625,19.78125,3.0,0.0,17.0,0.0
1.3043,0x220,0.0,0.0,1.0,6.25,2.43,0.26,19.875,20.40625,19.65625,19.78125,3.0,0.0,17.0,0.0
1.30804,0x2B0,0.0,0.0,1.0,6.25,2.43,0.26,19.875,20.40625,19.65625,19.78125,3.0,0.0,17.0,0.0
1.30894,0x316,0.0,0.0,1.0,6.25,2.43,0.26,19.875,20.40625,19.65625,19.78125,3.0,0.0,17.0,0.0
1.31427,0x220,0.0,0.0,1.0,6.25,2.44,0.32,19.875,20.40625,19.65625,19.78125,3.0,0.0,17.0,0.0
1.31808,0x2B0,0.0,0.0,1.0,6.25,2.44,0.32,19.875,20.40625,19.65625,19.78125,3.0,0.0,17.0,0.0
1.31858,0x386,0.0,0.0,1.0,6.25,2.44,0.32,20.25,19.875,19.625,19.75,3.0,0.0,17.0,0.0
1.31905,0x316,0.0,0.0,1.0,6.25,2.44,0.32,20.25,19.875,19.625,19.75,3.0,0.0,17.0,0.0
1.3243,0x220,0.0,0.0,1.0,6.25,2.54,0.32,20.25,19.875,19.625,19.75,3.0,0.0,17.0,0.0
1.32807,0x2B0,0.0,0.0,1.0,6.25,2.54,0.32,20.25,19.875,19.625,19.75,3.0,0.0,17.0,0.0
1.32887,0x316,0.0,0.0,1.0,6.25,2.54,0.32,20.25,19.875,19.625,19.75,3.0,0.0,17.0,0.0
1.33427,0x220,0.0,0.0,1.0,6.25,2.65,0.25,20.25,19.875,19.625,19.75,3.0,0.0,17.0,0.0
1.33809,0x2B0,0.0,0.0,1.0,6.25,2.65,0.25,20.25,19.875,19.625,19.75,2.9,0.0,17.0,0.0
1.33857,0x386,0.0,0.0,1.0,6.25,2.65,0.25,19.84375,20.34375,19.5625,19.75,2.9,0.0,17.0,0.0
1.3391,0x316,0.0,0.0,1.0,6.25,2.65,0.25,19.84375,20.34375,19.5625,19.75,2.9,0.0,17.0,0.0
1.34431,0x220,0.0,0.0,1.0,6.25,2.72,0.19,19.84375,20.34375,19.5625,19.75,2.9,0.0,17.0,0.0
1.34811,0x2B0,0.0,0.0,1.0,6.25,2.72,0.19,19.84375,20.34375,19.5625,19.75,2.9,0.0,17.0,0.0
1.34905,0x316,0.0,0.0,1.0,6.25,2.72,0.19,19.84375,20.34375,19.5625,19.75,2.9,0.0,17.0,0.0
1.35427,0x220,0.0,0.0,1.0,6.25,2.69,0.16,19.84375,20.34375,19.5625,19.75,2.9,0.0,17.0,0.0
1.35809,0x2B0,0.0,0.0,1.0,6.25,2.69,0.16,19.84375,20.34375,19.5625,19.75,2.9,0.0,17.0,0.0
1.35858,0x386,0.0,0.0,1.0,6.25,2.69,0.16,20.1875,20.1875,19.5625,19.8125,2.9,0.0,17.0,0.0
1.35905,0x316,0.0,0.0,1.0,6.25,2.69,0.16,20.1875,20.1875,19.5625,19.8125,2.9,0.0,17.0,0.0
1.36431,0x220,0.0,0.0,1.0,6.25,2.57,0.19,20.1875,20.1875,19.5625,19.8125,2.9,0.0,17.0,0.0
1.3681,0x2B0,0.0,0.0,1.0,6.25,2.57,0.19,20.1875,20.1875,19.5625,19.8125,2.7,8.0,17.0,0.0
1.36901,0x316,0.0,0.0,1.0,6.25,2.57,0.19,20.1875,20.1875,19.5625,19.8125,2.7,8.0,17.0,0.0
1.37427,0x220,0.0,0.0,1.0,6.25,2.46,0.23,20.1875,20.1875,19.5625,19.8125,2.7,8.0,17.0,0.0
1.37811,0x2B0,0.0,0.0,1.0,6.25,2.46,0.23,20.1875,20.1875,19.5625,19.8125,2.7,8.0,17.0,0.0
1.37858,0x386,0.0,0.0,1.0,6.25,2.46,0.23,20.1875,20.1875,19.46875,19.78125,2.7,8.0,17.0,0.0
1.37905,0x316,0.0,0.0,1.0,6.25,2.46,0.23,20.1875,20.1875,19.46875,19.78125,2.7,8.0,17.0,0.0
1.3843,0x220,0.0,0.0,1.0,6.25,2.43,0.23,20.1875,20.1875,19.46875,19.78125,2.7,8.0,17.0,0.0
1.3881,0x2B0,0.0,0.0,1.0,6.25,2.43,0.23,20.1875,20.1875,19.46875,19.78125,2.6,0.0,17.0,0.0
1.38894,0x316,0.0,0.0,1.0,6.25,2.43,0.23,20.1875,20.1875,19.46875,19.78125,2.6,0.0,17.0,0.0
1.39427,0x220,0.0,0.0,1.0,6.25,2.46,0.18,20.1875,20.1875,19.46875,19.78125,2.6,0.0,17.0,0.0
1.3981,0x2B0,0.0,0.0,1.0,6.25,2.46,0.18,20.1875,20.1875,19.46875,19.78125,2.6,0.0,17.0,0.0
1.39858,0x386,0.0,0.0,1.0,6.25,2.46,0.18,20.21875,20.15625,19.4375,19.71875,2.6,0.0,17.0,0.0
1.39906,0x316,0.0,0.0,1.0,6.25,2.46,0.18,20.21875,20.15625,19.4375,19.71875,2.6,0.0,17.0,0.0
1.4043,0x220,0.0,0.0,1.0,6.25,2.54,0.14,20.21875,20.15625,19.4375,19.71875,2.6,0.0,17.0,0.0
1.4081,0x2B0,0.0,0.0,1.0,6.25,2.54,0.14,20.21875,20.15625,19.4375,19.71875,2.3,12.0,17.0,0.0
1.4089,0x316,0.0,0.0,1.0,6.25,2.54,0.14,20.21875,20.15625,19.4375,19.71875,2.3,12.0,17.0,0.0
1.41427,0x220,0.0,0.0,1.0,6.25,2.6,0.15,20.21875,20.15625,19.4375,19.71875,2.3,12.0,17.0,0.0
1.41811,0x2B0,0.0,0.0,1.0,6.25,2.6,0.15,20.21875,20.15625,19.4375,19.71875,2.3,12.0,17.0,0.0
1.41858,0x386,0.0,0.0,1.0,6.25,2.6,0.15,20.125,20.09375,19.5625,19.78125,2.3,12.0,17.0,0.0
1.41906,0x316,0.0,0.0,1.0,6.25,2.6,0.15,20.125,20.09375,19.5625,19.78125,2.3,12.0,17.0,0.0
1.4243,0x220,0.0,0.0,1.0,6.25,2.58,0.2,20.125,20.09375,19.5625,19.78125,2.3,12.0,17.0,0.0
1.42811,0x2B0,0.0,0.0,1.0,6.25,2.58,0.2,20.125,20.09375,19.5625,19.78125,2.1,8.0,17.0,0.0
1.42895,0x316,0.0,0.0,1.0,6.25,2.58,0.2,20.125,20.09375,19.5625,19.78125,2.1,8.0,17.0,0.0
1.43427,0x220,0.0,0.0,1.0,6.25,2.48,0.19,20.125,20.09375,19.5625,19.78125,2.1,8.0,17.0,0.0
1.43813,0x2B0,0.0,0.0,1.0,6.25,2.48,0.19,20.125,20.09375,19.5625,19.78125,1.9,20.0,17.0,0.0
1.43858,0x386,0.0,0.0,1.0,6.25,2.48,0.19,20.03125,20.1875,19.5625,19.78125,1.9,20.0,17.0,0.0
1.4392,0x316,0.0,0.0,1.0,6.25,2.48,0.19,20.03125,20.1875,19.5625,19.78125,1.9,20.0,17.0,0.0
1.4443,0x220,0.0,0.0,1.0,6.25,2.4,0.14,20.03125,20.1875,19.5625,19.78125,1.9,20.0,17.0,0.0
1.44811,0x2B0,0.0,0.0,1.0,6.25,2.4,0.14,20.03125,20.1875,19.5625,19.78125,1.7,20.0,17.0,0.0
1.44902,0x316,0.0,0.0,1.0,6.25,2.4,0.14,20.03125,20.1875,19.5625,19.78125,1.7,20.0,17.0,0.0
1.45427,0x220,0.0,0.0,1.0,6.25,2.4,0.1,20.03125,20.1875,19.5625,19.78125,1.7,20.0,17.0,0.0
1.45812,0x2B0,0.0,0.0,1.0,6.25,2.4,0.1,20.03125,20.1875,19.5625,19.78125,1.5,20.0,17.0,0.0
1.45859,0x386,0.0,0.0,1.0,6.25,2.4,0.1,20.0,20.0625,19.71875,19.78125,1.5,20.0,17.0,0.0
1.45906,0x316,0.0,0.0,1.0,6.25,2.4,0.1,20.0,20.0625,19.71875,19.78125,1.5,20.0,17.0,0.0
1.4643,0x220,0.0,0.0,1.0,6.25,2.42,0.1,20.0,20.0625,19.71875,19.78125,1.5,20.0,17.0,0.0
1.46813,0x2B0,0.0,0.0,1.0,6.25,2.42,0.1,20.0,20.0625,19.71875,19.78125,1.3,20.0,17.0,0.0
1.46911,0x316,0.0,0.0,1.0,6.25,2.42,0.1,20.0,20.0625,19.71875,19.78125,1.3,20.0,17.0,0.0
1.47427,0x220,0.0,0.0,1.0,6.25,2.44,0.17,20.0,20.0625,19.71875,19.78125,1.3,20.0,17.0,0.0
1.47814,0x2B0,0.0,0.0,1.0,6.25,2.44,0.17,20.0,20.0625,19.71875,19.78125,1.0,24.0,17.0,0.0
1.47859,0x386,0.0,0.0,1.0,6.25,2.44,0.17,19.96875,20.09375,19.59375,19.8125,1.0,24.0,17.0,0.0
1.47906,0x316,0.0,0.0,1.0,6.25,2.44,0.17,19.96875,20.09375,19.59375,19.8125,1.0,24.0,17.0,0.0
1.4843,0x220,0.0,0.0,1.0,6.25,2.46,0.26,19.96875,20.09375,19.59375,19.8125,1.0,24.0,17.0,0.0
1.48813,0x2B0,0.0,0.0,1.0,6.25,2.46,0.26,19.96875,20.09375,19.59375,19.8125,0.8,24.0,17.0,0.0
1.48888,0x316,0.0,0.0,1.0,6.25,2.46,0.26,19.96875,20.09375,19.59375,19.8125,0.8,24.0,17.0,0.0
1.49427,0x220,0.0,0.0,1.0,6.25,2.44,0.31,19.96875,20.09375,19.59375,19.8125,0.8,24.0,17.0,0.0
1.49815,0x2B0,0.0,0.0,1.0,6.25,2.44,0.31,19.96875,20.09375,19.59375,19.8125,0.6,20.0,17.0,0.0
1.49859,0x386,0.0,0.0,1.0,6.25,2.44,0.31,20.03125,20.0625,19.59375,19.84375,0.6,20.0,17.0,0.0
1.49906,0x316,0.0,0.0,1.0,6.25,2.44,0.31,20.03125,20.0625,19.59375,19.84375,0.6,20.0,17.0,0.0
1.50431,0x220,0.0,0.0,1.0,6.25,2.37,0.32,20.03125,20.0625,19.59375,19.84375,0.6,20.0,17.0,0.0
1.50815,0x2B0,0.0,0.0,1.0,6.25,2.37,0.32,20.03125,20.0625,19.59375,19.84375,0.3,24.0,17.0,0.0
1.50896,0x316,0.0,0.0,1.0,6.25,2.37,0.32,20.03125,20.0625,19.59375,19.84375,0.3,24.0,17.0,0.0
1.51427,0x220,0.0,0.0,1.0,6.25,2.34,0.3,20.03125,20.0625,19.59375,19.84375,0.3,24.0,17.0,0.0
1.51812,0x2B0,0.0,0.0,1.0,6.25,2.34,0.3,20.03125,20.0625,19.59375,19.84375,0.0,28.0,17.0,0.0
1.51859,0x386,0.0,0.0,1.0,6.25,2.34,0.3,20.09375,20.125,19.625,19.84375,0.0,28.0,17.0,0.0
1.51906,0x316,0.0,0.0,1.0,6.25,2.34,0.3,20.09375,20.125,19.625,19.84375,0.0,28.0,17.0,0.0
1.5243,0x220,0.0,0.0,1.0,6.25,2.35,0.29,20.09375,20.125,19.625,19.84375,0.0,28.0,17.0,0.0
1.52806,0x2B0,0.0,0.0,1.0,6.25,2.35,0.29,20.09375,20.125,19.625,19.84375,-0.3,28.0,17.0,0.0
1.52885,0x316,0.0,0.0,1.0,6.25,2.35,0.29,20.09375,20.125,19.625,19.84375,-0.3,28.0,17.0,0.0
1.53427,0x220,0.0,0.0,1.0,6.25,2.38,0.3,20.09375,20.125,19.625,19.84375,-0.3,28.0,17.0,0.0
1.5381,0x2B0,0.0,0.0,1.0,6.25,2.38,0.3,20.09375,20.125,19.625,19.84375,-0.6,28.0,17.0,0.0
1.53859,0x386,0.0,0.0,1.0,6.25,2.38,0.3,20.0625,20.125,19.71875,19.78125,-0.6,28.0,17.0,0.0
1.53908,0x316,0.0,0.0,1.0,6.25,2.38,0.3,20.0625,20.125,19.71875,19.78125,-0.6,28.0,17.0,0.0
1.54431,0x220,0.0,0.0,1.0,6.25,2.48,0.31,20.0625,20.125,19.71875,19.78125,-0.6,28.0,17.0,0.0
1.5481,0x2B0,0.0,0.0,1.0,6.25,2.48,0.31,20.0625,20.125,19.71875,19.78125,-0.9,28.0,17.0,0.0
1.54903,0x316,0.0,0.0,1.0,6.25,2.48,0.31,20.0625,20.125,19.71875,19.78125,-0.9,28.0,17.0,0.0
1.55428,0x220,0.0,0.0,1.0,6.25,2.57,0.32,20.0625,20.125,19.71875,19.78125,-0.9,28.0,17.0,0.0
1.55811,0x2B0,0.0,0.0,1.0,6.25,2.57,0.32,20.0625,20.125,19.71875,19.78125,-1.3,32.0,17.0,0.0
1.55859,0x386,0.0,0.0,1.0,6.25,2.57,0.32,20.0625,20.09375,19.78125,19.90625,-1.3,32.0,17.0,0.0
1.55906,0x316,0.0,0.0,1.0,6.25,2.57,0.32,20.0625,20.09375,19.78125,19.90625,-1.3,32.0,17.0,0.0
1.5643,0x220,0.0,0.0,1.0,6.25,2.58,0.31,20.0625,20.09375,19.78125,19.90625,-1.3,32.0,17.0,0.0
1.56811,0x2B0,0.0,0.0,1.0,6.25,2.58,0.31,20.0625,20.09375,19.78125,19.90625,-1.7,40.0,17.0,0.0
1.56899,0x316,0.0,0.0,1.0,6.25,2.58,0.31,20.0625,20.09375,19.78125,19.90625,-1.7,40.0,17.0,0.0
1.57427,0x220,0.0,0.0,1.0,6.25,2.55,0.26,20.0625,20.09375,19.78125,19.90625,-1.7,40.0,17.0,0.0
1.5781,0x2B0,0.0,0.0,1.0,6.25,2.55,0.26,20.0625,20.09375,19.78125,19.90625,-2.1,40.0,17.0,0.0
1.57859,0x386,0.0,0.0,1.0,6.25,2.55,0.26,20.0625,20.25,19.75,19.90625,-2.1,40.0,17.0,0.0
1.57906,0x316,0.0,0.0,1.0,6.25,2.55,0.26,20.0625,20.25,19.75,19.90625,-2.1,40.0,17.0,0.0
1.58432,0x220,0.0,0.0,1.0,6.25,2.56,0.17,20.0625,20.25,19.75,19.90625,-2.1,40.0,17.0,0.0
1.58811,0x2B0,0.0,0.0,1.0,6.25,2.56,0.17,20.0625,20.25,19.75,19.90625,-2.4,32.0,17.0,0.0
1.5889,0x316,0.0,0.0,1.0,6.25,2.56,0.17,20.0625,20.25,19.75,19.90625,-2.4,32.0,17.0,0.0
1.59428,0x220,0.0,0.0,1.0,6.25,2.58,0.08,20.0625,20.25,19.75,19.90625,-2.4,32.0,17.0,0.0
1.59812,0x2B0,0.0,0.0,1.0,6.25,2.58,0.08,20.0625,20.25,19.75,19.90625,-2.8,32.0,17.0,0.0
1.59859,0x386,0.0,0.0,1.0,6.25,2.58,0.08,20.0625,20.34375,19.78125,19.84375,-2.8,32.0,17.0,0.0
1.59906,0x316,0.0,0.0,1.0,6.25,2.58,0.08,20.0625,20.34375,19.78125,19.84375,-2.8,32.0,17.0,0.0
1.60431,0x220,0.0,0.0,1.0,6.25,2.6,0.05,20.0625,20.34375,19.78125,19.84375,-2.8,32.0,17.0,0.0
1.60813,0x2B0,0.0,0.0,1.0,6.25,2.6,0.05,20.0625,20.34375,19.78125,19.84375,-3.1,32.0,17.0,0.0
1.60893,0x316,0.0,0.0,1.0,6.25,2.6,0.05,20.0625,20.34375,19.78125,19.84375,-3.1,32.0,17.0,0.0
1.61428,0x220,0.0,0.0,1.0,6.25,2.63,0.08,20.0625,20.34375,19.78125,19.84375,-3.1,32.0,17.0,0.0
1.6181,0x2B0,0.0,0.0,1.0,6.25,2.63,0.08,20.0625,20.34375,19.78125,19.84375,-3.4,28.0,17.0,0.0
1.61859,0x386,0.0,0.0,1.0,6.25,2.63,0.08,20.03125,20.3125,19.65625,19.875,-3.4,28.0,17.0,0.0
1.61907,0x316,0.0,0.0,1.0,6.25,2.63,0.08,20.03125,20.3125,19.65625,19.875,-3.4,28.0,17.0,0.0
1.62432,0x220,0.0,0.0,1.0,6.25,2.63,0.12,20.03125,20.3125,19.65625,19.875,-3.4,28.0,17.0,0.0
1.62811,0x2B0,0.0,0.0,1.0,6.25,2.63,0.12,20.03125,20.3125,19.65625,19.875,-3.7,28.0,17.0,0.0
1.62894,0x316,0.0,0.0,1.0,6.25,2.63,0.12,20.03125,20.3125,19.65625,19.875,-3.7,28.0,17.0,0.0
1.63428,0x220,0.0,0.0,1.0,6.25,2.6,0.11,20.03125,20.3125,19.65625,19.875,-3.7,28.0,17.0,0.0
1.63808,0x2B0,0.0,0.0,1.0,6.25,2.6,0.11,20.03125,20.3125,19.65625,19.875,-4.1,32.0,17.0,0.0
1.63859,0x386,0.0,0.0,1.0,6.25,2.6,0.11,20.09375,20.28125,19.625,19.78125,-4.1,32.0,17.0,0.0
1.6392,0x316,0.0,0.0,1.0,6.25,2.6,0.11,20.09375,20.28125,19.625,19.78125,-4.1,32.0,17.0,0.0
1.64432,0x220,0.0,0.0,1.0,6.25,2.52,0.05,20.09375,20.28125,19.625,19.78125,-4.1,32.0,17.0,0.0
1.64811,0x2B0,0.0,0.0,1.0,6.25,2.52,0.05,20.09375,20.28125,19.625,19.78125,-4.4,32.0,17.0,0.0
1.649,0x316,0.0,0.0,1.0,6.25,2.52,0.05,20.09375,20.28125,19.625,19.78125,-4.4,32.0,17.0,0.0
1.65428,0x220,0.0,0.0,1.0,6.25,2.44,0.0,20.09375,20.28125,19.625,19.78125,-4.4,32.0,17.0,0.0
1.65812,0x2B0,0.0,0.0,1.0,6.25,2.44,0.0,20.09375,20.28125,19.625,19.78125,-4.7,28.0,17.0,0.0
1.65859,0x386,0.0,0.0,1.0,6.25,2.44,0.0,20.15625,20.1875,19.59375,19.8125,-4.7,28.0,17.0,0.0
1.65906,0x316,0.0,0.0,1.0,6.25,2.44,0.0,20.15625,20.1875,19.59375,19.8125,-4.7,28.0,17.0,0.0
1.66432,0x220,0.0,0.0,1.0,6.25,2.43,-0.03,20.15625,20.1875,19.59375,19.8125,-4.7,28.0,17.0,0.0
1.66812,0x2B0,0.0,0.0,1.0,6.25,2.43,-0.03,20.15625,20.1875,19.59375,19.8125,-4.9,24.0,17.0,0.0
1.66906,0x316,0.0,0.0,1.0,6.25,2.43,-0.03,20.15625,20.1875,19.59375,19.8125,-4.9,24.0,17.0,0.0
1.67427,0x220,0.0,0.0,1.0,6.25,2.42,-0.08,20.15625,20.1875,19.59375,19.8125,-4.9,24.0,17.0,0.0
1.6781,0x2B0,0.0,0.0,1.0,6.25,2.42,-0.08,20.15625,20.1875,19.59375,19.8125,-5.2,24.0,17.0,0.0
1.67859,0x386,0.0,0.0,1.0,6.25,2.42,-0.08,20.15625,20.1875,19.65625,19.875,-5.2,24.0,17.0,0.0
1.67907,0x316,0.0,0.0,1.0,6.25,2.42,-0.08,20.15625,20.1875,19.65625,19.875,-5.2,24.0,17.0,0.0
1.68431,0x220,0.0,0.0,1.0,6.25,2.4,-0.1,20.15625,20.1875,19.65625,19.875,-5.2,24.0,17.0,0.0
1.68812,0x2B0,0.0,0.0,1.0,6.25,2.4,-0.1,20.15625,20.1875,19.65625,19.875,-5.5,28.0,17.0,0.0
1.68886,0x316,0.0,0.0,1.0,6.25,2.4,-0.1,20.15625,20.1875,19.65625,19.875,-5.5,28.0,17.0,0.0
1.69428,0x220,0.0,0.0,1.0,6.25,2.38,-0.1,20.15625,20.1875,19.65625,19.875,-5.5,28.0,17.0,0.0
1.69814,0x2B0,0.0,0.0,1.0,6.25,2.38,-0.1,20.15625,20.1875,19.65625,19.875,-5.8,28.0,17.0,0.0
1.69859,0x386,0.0,0.0,1.0,6.25,2.38,-0.1,20.15625,20.1875,19.53125,19.84375,-5.8,28.0,17.0,0.0
1.69907,0x316,0.0,0.0,1.0,6.25,2.38,-0.1,20.15625,20.1875,19.53125,19.84375,-5.8,28.0,17.0,0.0
1.70431,0x220,0.0,0.0,1.0,6.25,2.33,-0.08,20.15625,20.1875,19.53125,19.84375,-5.8,28.0,17.0,0.0
1.70813,0x2B0,0.0,0.0,1.0,6.25,2.33,-0.08,20.15625,20.1875,19.53125,19.84375,-6.0,24.0,17.0,0.0
1.70895,0x316,0.0,0.0,1.0,6.25,2.33,-0.08,20.15625,20.1875,19.53125,19.84375,-6.0,24.0,17.0,0.0
1.71428,0x220,0.0,0.0,1.0,6.25,2.28,-0.05,20.15625,20.1875,19.53125,19.84375,-6.0,24.0,17.0,0.0
1.71813,0x2B0,0.0,0.0,1.0,6.25,2.28,-0.05,20.15625,20.1875,19.53125,19.84375,-6.3,24.0,17.0,0.0
1.71859,0x386,0.0,0.0,1.0,6.25,2.28,-0.05,20.15625,20.15625,19.625,19.78125,-6.3,24.0,17.0,0.0
1.71907,0x316,0.0,0.0,1.0,6.25,2.28,-0.05,20.15625,20.15625,19.625,19.78125,-6.3,24.0,17.0,0.0
1.72431,0x220,0.0,0.0,1.0,6.25,2.26,-0.06,20.15625,20.15625,19.625,19.78125,-6.3,24.0,17.0,0.0
1.7281,0x2B0,0.0,0.0,1.0,6.25,2.26,-0.06,20.15625,20.15625,19.625,19.78125,-6.5,24.0,17.0,0.0
1.72884,0x316,0.0,0.0,1.0,6.25,2.26,-0.06,20.15625,20.15625,19.625,19.78125,-6.5,24.0,17.0,0.0
1.73428,0x220,0.0,0.0,1.0,6.25,2.23,-0.07,20.15625,20.15625,19.625,19.78125,-6.5,24.0,17.0,0.0
1.73808,0x2B0,0.0,0.0,1.0,6.25,2.23,-0.07,20.15625,20.15625,19.625,19.78125,-6.7,20.0,17.0,0.0
1.7386,0x386,0.0,0.0,1.0,6.25,2.23,-0.07,20.125,20.125,19.65625,19.875,-6.7,20.0,17.0,0.0
1.73909,0x316,0.0,0.0,1.0,6.25,2.23,-0.07,20.125,20.125,19.65625,19.875,-6.7,20.0,17.0,0.0
1.74432,0x220,0.0,0.0,1.0,6.25,2.23,-0.05,20.125,20.125,19.65625,19.875,-6.7,20.0,17.0,0.0
1.74806,0x2B0,0.0,0.0,1.0,6.25,2.23,-0.05,20.125,20.125,19.65625,19.875,-7.0,24.0,17.0,0.0
1.74901,0x316,0.0,0.0,1.0,6.25,2.23,-0.05,20.125,20.125,19.65625,19.875,-7.0,24.0,17.0,0.0
1.75428,0x220,0.0,0.0,1.0,6.25,2.14,-0.02,20.125,20.125,19.65625,19.875,-7.0,24.0,17.0,0.0
1.75807,0x2B0,0.0,0.0,1.0,6.25,2.14,-0.02,20.125,20.125,19.65625,19.875,-7.0,12.0,17.0,0.0
1.7586,0x386,0.0,0.0,1.0,6.25,2.14,-0.02,20.125,20.09375,19.625,19.75,-7.0,12.0,17.0,0.0
1.75907,0x316,0.0,0.0,1.0,6.25,2.14,-0.02,20.125,20.09375,19.625,19.75,-7.0,12.0,17.0,0.0
1.76432,0x220,0.0,0.0,1.0,6.25,2.04,-0.02,20.125,20.09375,19.625,19.75,-7.0,12.0,17.0,0.0
1.7681,0x2B0,0.0,0.0,1.0,6.25,2.04,-0.02,20.125,20.09375,19.625,19.75,-7.3,12.0,17.0,0.0
1.76898,0x316,0.0,0.0,1.0,6.25,2.04,-0.02,20.125,20.09375,19.625,19.75,-7.3,12.0,17.0,0.0
1.77429,0x220,0.0,0.0,1.0,6.25,1.96,-0.05,20.125,20.09375,19.625,19.75,-7.3,12.0,17.0,0.0
1.77809,0x2B0,0.0,0.0,1.0,6.25,1.96,-0.05,20.125,20.09375,19.625,19.75,-7.3,12.0,17.0,0.0
1.7786,0x386,0.0,0.0,1.0,6.25,1.96,-0.05,20.0625,20.09375,19.6875,19.90625,-7.3,12.0,17.0,0.0
1.77907,0x316,0.0,0.0,1.0,6.25,1.96,-0.05,20.0625,20.09375,19.6875,19.90625,-7.3,12.0,17.0,0.0
1.78431,0x220,0.0,0.0,1.0,6.25,1.86,-0.07,20.0625,20.09375,19.6875,19.90625,-7.3,12.0,17.0,0.0
1.7881,0x2B0,0.0,0.0,1.0,6.25,1.86,-0.07,20.0625,20.09375,19.6875,19.90625,-7.7,20.0,17.0,0.0
1.78885,0x316,0.0,0.0,1.0,6.25,1.86,-0.07,20.0625,20.09375,19.6875,19.90625,-7.7,20.0,17.0,0.0
1.79428,0x220,0.0,0.0,1.0,6.25,1.78,-0.04,20.0625,20.09375,19.6875,19.90625,-7.7,20.0,17.0,0.0
1.79811,0x2B0,0.0,0.0,1.0,6.25,1.78,-0.04,20.0625,20.09375,19.6875,19.90625,-7.8,24.0,17.0,0.0
1.7986,0x386,0.0,0.0,1.0,6.25,1.78,-0.04,20.09375,20.09375,19.65625,19.78125,-7.8,24.0,17.0,0.0
1.79907,0x316,0.0,0.0,1.0,6.25,1.78,-0.04,20.09375,20.09375,19.65625,19.78125,-7.8,24.0,17.0,0.0
1.80431,0x220,0.0,0.0,1.0,6.25,1.75,0.02,20.09375,20.09375,19.65625,19.78125,-7.8,24.0,17.0,0.0
1.80808,0x2B0,0.0,0.0,1.0,6.25,1.75,0.02,20.09375,20.09375,19.65625,19.78125,-8.0,12.0,17.0,0.0
1.80887,0x316,0.0,0.0,1.0,6.25,1.75,0.02,20.09375,20.09375,19.65625,19.78125,-8.0,12.0,17.0,0.0
1.81428,0x220,0.0,0.0,1.0,6.25,1.76,0.1,20.09375,20.09375,19.65625,19.78125,-8.0,12.0,17.0,0.0
1.81808,0x2B0,0.0,0.0,1.0,6.25,1.76,0.1,20.09375,20.09375,19.65625,19.78125,-8.2,20.0,17.0,0.0
1.8186,0x386,0.0,0.0,1.0,6.25,1.76,0.1,20.0625,20.0625,19.75,19.84375,-8.2,20.0,17.0,0.0
1.81907,0x316,0.0,0.0,1.0,6.25,1.76,0.1,20.0625,20.0625,19.75,19.84375,-8.2,20.0,17.0,0.0
1.82432,0x220,0.0,0.0,1.0,6.25,1.82,0.15,20.0625,20.0625,19.75,19.84375,-8.2,20.0,17.0,0.0
1.8281,0x2B0,0.0,0.0,1.0,6.25,1.82,0.15,20.0625,20.0625,19.75,19.84375,-8.4,20.0,17.0,0.0
1.82887,0x316,0.0,0.0,1.0,6.25,1.82,0.15,20.0625,20.0625,19.75,19.84375,-8.4,20.0,17.0,0.0
1.83428,0x220,0.0,0.0,1.0,6.25,1.88,0.17,20.0625,20.0625,19.75,19.84375,-8.4,20.0,17.0,0.0
1.83807,0x2B0,0.0,0.0,1.0,6.25,1.88,0.17,20.0625,20.0625,19.75,19.84375,-8.6,20.0,17.0,0.0
1.8386,0x386,0.0,0.0,1.0,6.25,1.88,0.17,20.125,20.0625,19.71875,19.96875,-8.6,20.0,17.0,0.0
1.83913,0x316,0.0,0.0,1.0,6.25,1.88,0.17,20.125,20.0625,19.71875,19.96875,-8.6,20.0,17.0,0.0
1.84432,0x220,0.0,0.0,1.0,6.25,1.92,0.14,20.125,20.0625,19.71875,19.96875,-8.6,20.0,17.0,0.0
1.84808,0x2B0,0.0,0.0,1.0,6.25,1.92,0.14,20.125,20.0625,19.71875,19.96875,-8.8,20.0,17.0,0.0
1.84904,0x316,0.0,0.0,1.0,6.25,1.92,0.14,20.125,20.0625,19.71875,19.96875,-8.8,20.0,17.0,0.0
1.85428,0x220,0.0,0.0,1.0,6.25,1.92,0.1,20.125,20.0625,19.71875,19.96875,-8.8,20.0,17.0,0.0
1.85809,0x2B0,0.0,0.0,1.0,6.25,1.92,0.1,20.125,20.0625,19.71875,19.96875,-9.0,20.0,17.0,0.0
1.8586,0x386,0.0,0.0,1.0,6.25,1.92,0.1,20.09375,20.0625,19.78125,19.8125,-9.0,20.0,17.0,0.0
1.85908,0x316,0.0,0.0,1.0,6.25,1.92,0.1,20.09375,20.0625,19.78125,19.8125,-9.0,20.0,17.0,0.0
1.86432,0x220,0.0,0.0,1.0,6.25,1.91,0.11,20.09375,20.0625,19.78125,19.8125,-9.0,20.0,17.0,0.0
1.86812,0x2B0,0.0,0.0,1.0,6.25,1.91,0.11,20.09375,20.0625,19.78125,19.8125,-9.2,20.0,17.0,0.0
1.86901,0x316,0.0,0.0,1.0,6.25,1.91,0.11,20.09375,20.0625,19.78125,19.8125,-9.2,20.0,17.0,0.0
1.87429,0x220,0.0,0.0,1.0,6.25,1.87,0.13,20.09375,20.0625,19.78125,19.8125,-9.2,20.0,17.0,0.0
1.87808,0x2B0,0.0,0.0,1.0,6.25,1.87,0.13,20.09375,20.0625,19.78125,19.8125,-9.5,24.0,17.0,0.0
1.8786,0x386,0.0,0.0,1.0,6.25,1.87,0.13,20.125,20.21875,19.8125,19.71875,-9.5,24.0,17.0,0.0
1.87908,0x316,0.0,0.0,1.0,6.25,1.87,0.13,20.125,20.21875,19.8125,19.71875,-9.5,24.0,17.0,0.0
1.88432,0x220,0.0,0.0,1.0,6.25,1.79,0.14,20.125,20.21875,19.8125,19.71875,-9.5,24.0,17.0,0.0
1.88806,0x2B0,0.0,0.0,1.0,6.25,1.79,0.14,20.125,20.21875,19.8125,19.71875,-9.7,24.0,17.0,0.0
1.88885,0x316,0.0,0.0,1.0,6.25,1.79,0.14,20.125,20.21875,19.8125,19.71875,-9.7,24.0,17.0,0.0
1.89429,0x220,0.0,0.0,1.0,6.25,1.81,0.1,20.125,20.21875,19.8125,19.71875,-9.7,24.0,17.0,0.0
1.89806,0x2B0,0.0,0.0,1.0,6.25,1.81,0.1,20.125,20.21875,19.8125,19.71875,-9.9,20.0,17.0,0.0
1.8986,0x386,0.0,0.0,1.0,6.25,1.81,0.1,20.125,20.34375,19.71875,19.875,-9.9,20.0,17.0,0.0
1.89908,0x316,0.0,0.0,1.0,6.25,1.81,0.1,20.125,20.34375,19.71875,19.875,-9.9,20.0,17.0,0.0
1.90433,0x220,0.0,0.0,1.0,6.25,1.88,0.04,20.125,20.34375,19.71875,19.875,-9.9,20.0,17.0,0.0
1.90806,0x2B0,0.0,0.0,1.0,6.25,1.88,0.04,20.125,20.34375,19.71875,19.875,-10.2,24.0,17.0,0.0
1.90887,0x316,0.0,0.0,1.0,6.25,1.88,0.04,20.125,20.34375,19.71875,19.875,-10.2,24.0,17.0,0.0
1.91429,0x220,0.0,0.0,1.0,6.25,1.98,0.02,20.125,20.34375,19.71875,19.875,-10.2,24.0,17.0,0.0
1.91808,0x2B0,0.0,0.0,1.0,6.25,1.98,0.02,20.125,20.34375,19.71875,19.875,-10.4,24.0,17.0,0.0
1.9186,0x386,0.0,0.0,1.0,6.25,1.98,0.02,20.0625,20.34375,19.75,19.8125,-10.4,24.0,17.0,0.0
1.91908,0x316,0.0,0.0,1.0,6.25,1.98,0.02,20.0625,20.34375,19.75,19.8125,-10.4,24.0,17.0,0.0
1.92433,0x220,0.0,0.0,1.0,6.25,2.06,0.0,20.0625,20.34375,19.75,19.8125,-10.4,24.0,17.0,0.0
1.9281,0x2B0,0.0,0.0,1.0,6.25,2.06,0.0,20.0625,20.34375,19.75,19.8125,-10.7,24.0,17.0,0.0
1.92885,0x316,0.0,0.0,1.0,6.25,2.06,0.0,20.0625,20.34375,19.75,19.8125,-10.7,24.0,17.0,0.0
1.93429,0x220,0.0,0.0,1.0,6.25,2.04,0.0,20.0625,20.34375,19.75,19.8125,-10.7,24.0,17.0,0.0
1.93809,0x2B0,0.0,0.0,1.0,6.25,2.04,0.0,20.0625,20.34375,19.75,19.8125,-10.9,24.0,17.0,0.0
1.9386,0x386,0.0,0.0,1.0,6.25,2.04,0.0,20.15625,20.3125,19.65625,19.75,-10.9,24.0,17.0,0.0
1.93911,0x316,0.0,0.0,1.0,6.25,2.04,0.0,20.15625,20.3125,19.65625,19.75,-10.9,24.0,17.0,0.0
1.94433,0x220,0.0,0.0,1.0,6.25,1.99,0.02,20.15625,20.3125,19.65625,19.75,-10.9,24.0,17.0,0.0
1.94813,0x2B0,0.0,0.0,1.0,6.25,1.99,0.02,20.15625,20.3125,19.65625,19.75,-11.2,24.0,17.0,0.0
1.94901,0x316,0.0,0.0,1.0,6.25,1.99,0.02,20.15625,20.3125,19.65625,19.75,-11.2,24.0,17.0,0.0
1.95429,0x220,0.0,0.0,1.0,6.25,1.9,0.07,20.15625,20.3125,19.65625,19.75,-11.2,24.0,17.0,0.0
1.9581,0x2B0,0.0,0.0,1.0,6.25,1.9,0.07,20.15625,20.3125,19.65625,19.75,-11.5,28.0,17.0,0.0
1.95859,0x386,0.0,0.0,1.0,6.25,1.9,0.07,20.21875,20.25,19.59375,19.78125,-11.5,28.0,17.0,0.0
1.95908,0x316,0.0,0.0,1.0,6.25,1.9,0.07,20.21875,20.25,19.59375,19.78125,-11.5,28.0,20.0,0.0
1.96432,0x220,0.0,0.0,1.0,6.25,1.83,0.05,20.21875,20.25,19.59375,19.78125,-11.5,28.0,20.0,0.0
1.9681,0x2B0,0.0,0.0,1.0,6.25,1.83,0.05,20.21875,20.25,19.59375,19.78125,-11.8,28.0,20.0,0.0
1.96901,0x316,0.0,0.0,1.0,6.25,1.83,0.05,20.21875,20.25,19.59375,19.78125,-11.8,28.0,20.0,0.0
1.97428,0x220,0.0,0.0,1.0,6.25,1.84,0.0,20.21875,20.25,19.59375,19.78125,-11.8,28.0,20.0,0.0
1.97811,0x2B0,0.0,0.0,1.0,6.25,1.84,0.0,20.21875,20.25,19.59375,19.78125,-12.1,28.0,20.0,0.0
1.9786,0x386,0.0,0.0,1.0,6.25,1.84,0.0,20.21875,20.15625,19.65625,19.8125,-12.1,28.0,20.0,0.0
1.97907,0x316,0.0,0.0,1.0,6.25,1.84,0.0,20.21875,20.15625,19.65625,19.8125,-12.1,28.0,20.0,0.0
1.98432,0x220,0.0,0.0,1.0,6.25,1.86,0.0,20.21875,20.15625,19.65625,19.8125,-12.1,28.0,20.0,0.0
1.98812,0x2B0,0.0,0.0,1.0,6.25,1.86,0.0,20.21875,20.15625,19.65625,19.8125,-12.5,32.0,20.0,0.0
1.98886,0x316,0.0,0.0,1.0,6.25,1.86,0.0,20.21875,20.15625,19.65625,19.8125,-12.5,32.0,20.0,0.0
1.99429,0x220,0.0,0.0,1.0,6.25,1.87,-0.02,20.21875,20.15625,19.65625,19.8125,-12.5,32.0,20.0,0.0
1.99811,0x2B0,0.0,0.0,1.0,6.25,1.87,-0.02,20.21875,20.15625,19.65625,19.8125,-12.8,32.0,20.0,0.0
1.9986,0x386,0.0,0.0,1.0,6.25,1.87,-0.02,20.21875,20.15625,19.625,19.84375,-12.8,32.0,20.0,0.0
1.99907,0x316,0.0,0.0,1.0,6.25,1.87,-0.02,20.21875,20.15625,19.625,19.84375,-12.8,32.0,20.0,0.0
2.00432,0x220,0.0,0.0,1.0,6.25,1.85,-0.02,20.21875,20.15625,19.625,19.84375,-12.8,32.0,20.0,0.0
2.00806,0x2B0,0.0,0.0,1.0,6.25,1.85,-0.02,20.21875,20.15625,19.625,19.84375,-13.2,32.0,20.0,0.0
2.00893,0x316,0.0,0.0,1.0,6.25,1.85,-0.02,20.21875,20.15625,19.625,19.84375,-13.2,32.0,20.0,0.0
2.01428,0x220,0.0,0.0,1.0,6.25,1.82,0.0,20.21875,20.15625,19.625,19.84375,-13.2,32.0,20.0,0.0
2.01807,0x2B0,0.0,0.0,1.0,6.25,1.82,0.0,20.21875,20.15625,19.625,19.84375,-13.5,32.0,20.0,0.0
2.01861,0x386,0.0,0.0,1.0,6.25,1.82,0.0,20.15625,20.09375,19.59375,19.84375,-13.5,32.0,20.0,0.0
2.01908,0x316,0.0,0.0,1.0,6.25,1.82,0.0,20.15625,20.09375,19.59375,19.84375,-13.5,32.0,20.0,0.0
2.02432,0x220,0.0,0.0,1.0,6.25,1.79,0.0,20.15625,20.09375,19.59375,19.84375,-13.5,32.0,20.0,0.0
2.02809,0x2B0,0.0,0.0,1.0,6.25,1.79,0.0,20.15625,20.09375,19.59375,19.84375,-13.9,32.0,20.0,0.0
2.02885,0x316,0.0,0.0,1.0,6.25,1.79,0.0,20.15625,20.09375,19.59375,19.84375,-13.9,32.0,20.0,0.0
2.03429,0x220,0.0,0.0,1.0,6.25,1.73,0.01,20.15625,20.09375,19.59375,19.84375,-13.9,32.0,20.0,0.0
2.03811,0x2B0,0.0,0.0,1.0,6.25,1.73,0.01,20.15625,20.09375,19.59375,19.84375,-14.2,32.0,20.0,0.0
2.0386,0x386,0.0,0.0,1.0,6.25,1.73,0.01,20.1875,20.09375,19.625,19.75,-14.2,32.0,20.0,0.0
2.03926,0x316,0.0,0.0,1.0,6.25,1.73,0.01,20.1875,20.09375,19.625,19.75,-14.2,32.0,20.0,0.0
2.04433,0x220,0.0,0.0,1.0,6.25,1.69,0.0,20.1875,20.09375,19.625,19.75,-14.2,32.0,20.0,0.0
2.04809,0x2B0,0.0,0.0,1.0,6.25,1.69,0.0,20.1875,20.09375,19.625,19.75,-14.5,28.0,20.0,0.0
2.04903,0x316,0.0,0.0,1.0,6.25,1.69,0.0,20.1875,20.09375,19.625,19.75,-14.5,28.0,20.0,0.0
2.05429,0x220,0.0,0.0,1.0,6.25,1.65,-0.04,20.1875,20.09375,19.625,19.75,-14.5,28.0,20.0,0.0
2.05808,0x2B0,0.0,0.0,1.0,6.25,1.65,-0.04,20.1875,20.09375,19.625,19.75,-14.8,28.0,20.0,0.0
2.0586,0x386,0.0,0.0,1.0,6.25,1.65,-0.04,20.1875,20.15625,19.59375,19.84375,-14.8,28.0,20.0,0.0
2.05908,0x316,0.0,0.0,1.0,6.25,1.65,-0.04,20.1875,20.15625,19.59375,19.84375,-14.8,28.0,20.0,0.0
2.06433,0x220,0.0,0.0,1.0,6.25,1.55,-0.07,20.1875,20.15625,19.59375,19.84375,-14.8,28.0,20.0,0.0
2.06809,0x2B0,0.0,0.0,1.0,6.25,1.55,-0.07,20.1875,20.15625,19.59375,19.84375,-15.1,28.0,20.0,0.0
2.06896,0x316,0.0,0.0,1.0,6.25,1.55,-0.07,20.1875,20.15625,19.59375,19.84375,-15.1,28.0,20.0,0.0
2.0743,0x220,0.0,0.0,1.0,6.25,1.49,-0.05,20.1875,20.15625,19.59375,19.84375,-15.1,28.0,20.0,0.0
2.07809,0x2B0,0.0,0.0,1.0,6.25,1.49,-0.05,20.1875,20.15625,19.59375,19.84375,-15.3,24.0,20.0,0.0
2.0786,0x386,0.0,0.0,1.0,6.25,1.49,-0.05,20.15625,20.09375,19.71875,19.8125,-15.3,24.0,20.0,0.0
2.07908,0x316,0.0,0.0,1.0,6.25,1.49,-0.05,20.15625,20.09375,19.71875,19.8125,-15.3,24.0,20.0,0.0
2.08432,0x220,0.0,0.0,1.0,6.25,1.43,-0.01,20.15625,20.09375,19.71875,19.8125,-15.3,24.0,20.0,0.0
2.08809,0x2B0,0.0,0.0,1.0,6.25,1.43,-0.01,20.15625,20.09375,19.71875,19.8125,-15.5,20.0,20.0,0.0
2.08888,0x316,0.0,0.0,1.0,6.25,1.43,-0.01,20.15625,20.09375,19.71875,19.8125,-15.5,20.0,22.0,0.0
2.0943,0x220,0.0,0.0,1.0,6.25,1.41,0.01,20.15625,20.09375,19.71875,19.8125,-15.5,20.0,22.0,0.0
2.09808,0x2B0,0.0,0.0,1.0,6.25,1.41,0.01,20.15625,20.09375,19.71875,19.8125,-15.7,20.0,22.0,0.0
2.09861,0x386,0.0,0.0,1.0,6.25,1.41,0.01,20.1875,20.21875,19.84375,19.75,-15.7,20.0,22.0,0.0
2.09909,0x316,0.0,0.0,1.0,6.25,1.41,0.01,20.1875,20.21875,19.84375,19.75,-15.7,20.0,22.0,0.0
2.10433,0x220,0.0,0.0,1.0,6.25,1.45,0.04,20.1875,20.21875,19.84375,19.75,-15.7,20.0,22.0,0.0
2.10808,0x2B0,0.0,0.0,1.0,6.25,1.45,0.04,20.1875,20.21875,19.84375,19.75,-15.9,20.0,22.0,0.0
2.10884,0x316,0.0,0.0,1.0,6.25,1.45,0.04,20.1875,20.21875,19.84375,19.75,-15.9,20.0,22.0,0.0
2.11429,0x220,0.0,0.0,1.0,6.25,1.49,0.05,20.1875,20.21875,19.84375,19.75,-15.9,20.0,22.0,0.0
2.11807,0x2B0,0.0,0.0,1.0,6.25,1.49,0.05,20.1875,20.21875,19.84375,19.75,-15.9,8.0,22.0,0.0
2.11861,0x386,0.0,0.0,1.0,6.25,1.49,0.05,20.125,20.09375,19.65625,19.8125,-15.9,8.0,22.0,0.0
2.11909,0x316,0.0,0.0,1.0,6.25,1.49,0.05,20.125,20.09375,19.65625,19.8125,-15.9,8.0,22.0,0.0
2.12432,0x220,0.0,0.0,1.0,6.25,1.5,0.02,20.125,20.09375,19.65625,19.8125,-15.9,8.0,22.0,0.0
2.12805,0x2B0,0.0,0.0,1.0,6.25,1.5,0.02,20.125,20.09375,19.65625,19.8125,-16.0,0.0,22.0,0.0
2.12893,0x316,0.0,0.0,1.0,6.25,1.5,0.02,20.125,20.09375,19.65625,19.8125,-16.0,0.0,22.0,0.0
2.13429,0x220,0.0,0.0,1.0,6.25,1.47,0.01,20.125,20.09375,19.65625,19.8125,-16.0,0.0,22.0,0.0
2.13805,0x2B0,0.0,0.0,1.0,6.25,1.47,0.01,20.125,20.09375,19.65625,19.8125,-16.0,0.0,22.0,0.0
2.13861,0x386,0.0,0.0,1.0,6.25,1.47,0.01,20.15625,20.125,19.78125,19.8125,-16.0,0.0,22.0,0.0
2.1391,0x316,0.0,0.0,1.0,6.25,1.47,0.01,20.15625,20.125,19.78125,19.8125,-16.0,0.0,22.0,0.0
2.14434,0x220,0.0,0.0,1.0,6.25,1.41,0.05,20.15625,20.125,19.78125,19.8125,-16.0,0.0,22.0,0.0
2.14805,0x2B0,0.0,0.0,1.0,6.25,1.41,0.05,20.15625,20.125,19.78125,19.8125,-16.0,0.0,22.0,0.0
2.14897,0x316,0.0,0.0,1.0,6.25,1.41,0.05,20.15625,20.125,19.78125,19.8125,-16.0,0.0,22.0,0.0
2.15429,0x220,0.0,0.0,1.0,6.25,1.39,0.07,20.15625,20.125,19.78125,19.8125,-16.0,0.0,22.0,0.0
2.15804,0x2B0,0.0,0.0,1.0,6.25,1.39,0.07,20.15625,20.125,19.78125,19.8125,-16.0,0.0,22.0,0.0
2.1586,0x386,0.0,0.0,1.0,6.25,1.39,0.07,20.15625,20.15625,19.8125,19.84375,-16.0,0.0,22.0,0.0
2.15907,0x316,0.0,0.0,1.0,6.25,1.39,0.07,20.15625,20.15625,19.8125,19.84375,-16.0,0.0,20.0,0.0
2.16432,0x220,0.0,0.0,1.0,6.25,1.38,0.02,20.15625,20.15625,19.8125,19.84375,-16.0,0.0,20.0,0.0
2.16804,0x2B0,0.0,0.0,1.0,6.25,1.38,0.02,20.15625,20.15625,19.8125,19.84375,-16.0,0.0,20.0,0.0
2.16905,0x316,0.0,0.0,1.0,6.25,1.38,0.02,20.15625,20.15625,19.8125,19.84375,-16.0,0.0,20.0,0.0
2.17429,0x220,0.0,0.0,1.0,6.25,1.36,-0.03,20.15625,20.15625,19.8125,19.84375,-16.0,0.0,20.0,0.0
2.17807,0x2B0,0.0,0.0,1.0,6.25,1.36,-0.03,20.15625,20.15625,19.8125,19.84375,-16.0,0.0,20.0,0.0
2.1786,0x386,0.0,0.0,1.0,6.25,1.36,-0.03,20.15625,20.15625,19.78125,19.78125,-16.0,0.0,20.0,0.0
2.17908,0x316,0.0,0.0,1.0,6.25,1.36,-0.03,20.15625,20.15625,19.78125,19.78125,-16.0,0.0,20.0,0.0
2.18433,0x220,0.0,0.0,1.0,6.25,1.32,-0.04,20.15625,20.15625,19.78125,19.78125,-16.0,0.0,20.0,0.0
2.18806,0x2B0,0.0,0.0,1.0,6.25,1.32,-0.04,20.15625,20.15625,19.78125,19.78125,-16.0,0.0,20.0,0.0
2.18885,0x316,0.0,0.0,1.0,6.25,1.32,-0.04,20.15625,20.15625,19.78125,19.78125,-16.0,0.0,20.0,0.0
2.1943,0x220,0.0,0.0,1.0,6.25,1.31,0.0,20.15625,20.15625,19.78125,19.78125,-16.0,0.0,20.0,0.0
2.19806,0x2B0,0.0,0.0,1.0,6.25,1.31,0.0,20.15625,20.15625,19.78125,19.78125,-16.0,0.0,20.0,0.0
2.19861,0x386,0.0,0.0,1.0,6.25,1.31,0.0,20.15625,20.1875,19.84375,19.875,-16.0,0.0,20.0,0.0
2.19908,0x316,0.0,0.0,1.0,6.25,1.31,0.0,20.15625,20.1875,19.84375,19.875,-16.0,0.0,20.0,0.0
2.20433,0x220,0.0,0.0,1.0,6.25,1.4,0.0,20.15625,20.1875,19.84375,19.875,-16.0,0.0,20.0,0.0
2.20799,0x2B0,0.0,0.0,1.0,6.25,1.4,0.0,20.15625,20.1875,19.84375,19.875,-16.0,0.0,20.0,0.0
2.20896,0x316,0.0,0.0,1.0,6.25,1.4,0.0,20.15625,20.1875,19.84375,19.875,-16.0,0.0,20.0,0.0
2.2143,0x220,0.0,0.0,1.0,6.25,1.5,-0.01,20.15625,20.1875,19.84375,19.875,-16.0,0.0,20.0,0.0
2.21808,0x2B0,0.0,0.0,1.0,6.25,1.5,-0.01,20.15625,20.1875,19.84375,19.875,-16.0,0.0,20.0,0.0
2.21861,0x386,0.0,0.0,1.0,6.25,1.5,-0.01,20.125,20.1875,19.78125,19.84375,-16.0,0.0,20.0,0.0
2.21907,0x316,0.0,0.0,1.0,6.25,1.5,-0.01,20.125,20.1875,19.78125,19.84375,-16.0,0.0,20.0,0.0
2.22433,0x220,0.0,0.0,1.0,6.25,1.52,-0.02,20.125,20.1875,19.78125,19.84375,-16.0,0.0,20.0,0.0
2.22804,0x2B0,0.0,0.0,1.0,6.25,1.52,-0.02,20.125,20.1875,19.78125,19.84375,-15.8,8.0,20.0,0.0
2.22885,0x316,0.0,0.0,1.0,6.25,1.52,-0.02,20.125,20.1875,19.78125,19.84375,-15.8,8.0,20.0,0.0
2.2343,0x220,0.0,0.0,1.0,6.25,1.49,-0.01,20.125,20.1875,19.78125,19.84375,-15.8,8.0,20.0,0.0
2.23807,0x2B0,0.0,0.0,1.0,6.25,1.49,-0.01,20.125,20.1875,19.78125,19.84375,-15.7,12.0,20.0,0.0
2.23861,0x386,0.0,0.0,1.0,6.25,1.49,-0.01,20.15625,20.28125,19.875,19.8125,-15.7,12.0,20.0,0.0
2.23924,0x316,0.0,0.0,1.0,6.25,1.49,-0.01,20.15625,20.28125,19.875,19.8125,-15.7,12.0,20.0,0.0
2.24433,0x220,0.0,0.0,1.0,6.25,1.44,0.0,20.15625,20.28125,19.875,19.8125,-15.7,12.0,20.0,0.0
2.24806,0x2B0,0.0,0.0,1.0,6.25,1.44,0.0,20.15625,20.28125,19.875,19.8125,-15.5,12.0,20.0,0.0
2.24905,0x316,0.0,0.0,1.0,6.25,1.44,0.0,20.15625,20.28125,19.875,19.8125,-15.5,12.0,20.0,0.0
2.2543,0x220,0.0,0.0,1.0,6.25,1.41,0.0,20.15625,20.28125,19.875,19.8125,-15.5,12.0,20.0,0.0
2.25805,0x2B0,0.0,0.0,1.0,6.25,1.41,0.0,20.15625,20.28125,19.875,19.8125,-15.3,20.0,20.0,0.0
2.25861,0x386,0.0,0.0,1.0,6.25,1.41,0.0,20.25,20.3125,19.75,19.8125,-15.3,20.0,20.0,0.0
2.25908,0x316,0.0,0.0,1.0,6.25,1.41,0.0,20.25,20.3125,19.75,19.8125,-15.3,20.0,20.0,0.0
2.26433,0x220,0.0,0.0,1.0,6.25,1.37,-0.01,20.25,20.3125,19.75,19.8125,-15.3,20.0,20.0,0.0
2.26805,0x2B0,0.0,0.0,1.0,6.25,1.37,-0.01,20.25,20.3125,19.75,19.8125,-15.0,24.0,20.0,0.0
2.26897,0x316,0.0,0.0,1.0,6.25,1.37,-0.01,20.25,20.3125,19.75,19.8125,-15.0,24.0,20.0,0.0
2.27429,0x220,0.0,0.0,1.0,6.25,1.36,-0.01,20.25,20.3125,19.75,19.8125,-15.0,24.0,20.0,0.0
2.27804,0x2B0,0.0,0.0,1.0,6.25,1.36,-0.01,20.25,20.3125,19.75,19.8125,-14.8,24.0,20.0,0.0
2.2786,0x386,0.0,0.0,1.0,6.25,1.36,-0.01,20.21875,20.3125,19.75,19.8125,-14.8,24.0,20.0,0.0
2.27908,0x316,0.0,0.0,1.0,6.25,1.36,-0.01,20.21875,20.3125,19.75,19.8125,-14.8,24.0,20.0,0.0
2.28433,0x220,0.0,0.0,1.0,6.25,1.34,-0.04,20.21875,20.3125,19.75,19.8125,-14.8,24.0,20.0,0.0
2.28803,0x2B0,0.0,0.0,1.0,6.25,1.34,-0.04,20.21875,20.3125,19.75,19.8125,-14.4,28.0,20.0,0.0
2.28886,0x316,0.0,0.0,1.0,6.25,1.34,-0.04,20.21875,20.3125,19.75,19.8125,-14.4,28.0,20.0,0.0
2.2943,0x220,0.0,0.0,1.0,6.25,1.33,-0.06,20.21875,20.3125,19.75,19.8125,-14.4,28.0,20.0,0.0
2.29806,0x2B0,0.0,0.0,1.0,6.25,1.33,-0.06,20.21875,20.3125,19.75,19.8125,-14.0,40.0,20.0,0.0
2.29861,0x386,0.0,0.0,1.0,6.25,1.33,-0.06,20.1875,20.28125,19.71875,19.875,-14.0,40.0,20.0,0.0
2.29909,0x316,0.0,0.0,1.0,6.25,1.33,-0.06,20.1875,20.28125,19.71875,19.875,-14.0,40.0,20.0,0.0
2.30434,0x220,0.0,0.0,1.0,6.25,1.34,-0.02,20.1875,20.28125,19.71875,19.875,-14.0,40.0,20.0,0.0
2.30804,0x2B0,0.0,0.0,1.0,6.25,1.34,-0.02,20.1875,20.28125,19.71875,19.875,-13.6,40.0,20.0,0.0
2.30885,0x316,0.0,0.0,1.0,6.25,1.34,-0.02,20.1875,20.28125,19.71875,19.875,-13.6,40.0,20.0,0.0
2.3143,0x220,0.0,0.0,1.0,6.25,1.35,0.0,20.1875,20.28125,19.71875,19.875,-13.6,40.0,20.0,0.0
2.31803,0x2B0,0.0,0.0,1.0,6.25,1.35,0.0,20.1875,20.28125,19.71875,19.875,-13.3,32.0,20.0,0.0
2.31861,0x386,0.0,0.0,1.0,6.25,1.35,0.0,20.25,20.25,19.71875,19.84375,-13.3,32.0,20.0,0.0
2.31908,0x316,0.0,0.0,1.0,6.25,1.35,0.0,20.25,20.25,19.71875,19.84375,-13.3,32.0,20.0,0.0
2.32433,0x220,0.0,0.0,1.0,6.25,1.36,0.0,20.25,20.25,19.71875,19.84375,-13.3,32.0,20.0,0.0
2.32802,0x2B0,0.0,0.0,1.0,6.25,1.36,0.0,20.25,20.25,19.71875,19.84375,-12.9,32.0,20.0,0.0
2.32886,0x316,0.0,0.0,1.0,6.25,1.36,0.0,20.25,20.25,19.71875,19.84375,-12.9,32.0,20.0,0.0
2.3343,0x220,0.0,0.0,1.0,6.25,1.38,0.0,20.25,20.25,19.71875,19.84375,-12.9,32.0,20.0,0.0
2.33806,0x2B0,0.0,0.0,1.0,6.25,1.38,0.0,20.25,20.25,19.71875,19.84375,-12.6,32.0,20.0,0.0
2.33862,0x386,0.0,0.0,1.0,6.25,1.38,0.0,20.28125,20.1875,19.625,19.875,-12.6,32.0,20.0,0.0
2.33909,0x316,0.0,0.0,1.0,6.25,1.38,0.0,20.28125,20.1875,19.625,19.875,-12.6,32.0,20.0,0.0
2.34434,0x220,0.0,0.0,1.0,6.25,1.38,0.0,20.28125,20.1875,19.625,19.875,-12.6,32.0,20.0,0.0
2.34808,0x2B0,0.0,0.0,1.0,6.25,1.38,0.0,20.28125,20.1875,19.625,19.875,-12.3,28.0,20.0,0.0
2.34897,0x316,0.0,0.0,1.0,6.25,1.38,0.0,20.28125,20.1875,19.625,19.875,-12.3,28.0,20.0,0.0
2.3543,0x220,0.0,0.0,1.0,6.25,1.38,0.0,20.28125,20.1875,19.625,19.875,-12.3,28.0,20.0,0.0
2.35806,0x2B0,0.0,0.0,1.0,6.25,1.38,0.0,20.28125,20.1875,19.625,19.875,-12.0,28.0,20.0,0.0
2.35861,0x386,0.0,0.0,1.0,6.25,1.38,0.0,20.25,20.15625,19.71875,19.84375,-12.0,28.0,20.0,0.0
2.35909,0x316,0.0,0.0,1.0,6.25,1.38,0.0,20.25,20.15625,19.71875,19.84375,-12.0,28.0,22.0,0.0
2.36433,0x220,0.0,0.0,1.0,6.25,1.38,0.0,20.25,20.15625,19.71875,19.84375,-12.0,28.0,22.0,0.0
2.36804,0x2B0,0.0,0.0,1.0,6.25,1.38,0.0,20.25,20.15625,19.71875,19.84375,-11.7,28.0,22.0,0.0
2.36902,0x316,0.0,0.0,1.0,6.25,1.38,0.0,20.25,20.15625,19.71875,19.84375,-11.7,28.0,22.0,0.0
2.37431,0x220,0.0,0.0,1.0,6.25,1.36,0.02,20.25,20.15625,19.71875,19.84375,-11.7,28.0,22.0,0.0
2.37805,0x2B0,0.0,0.0,1.0,6.25,1.36,0.02,20.25,20.15625,19.71875,19.84375,-11.3,32.0,22.0,0.0
2.37862,0x386,0.0,0.0,1.0,6.25,1.36,0.02,20.3125,20.25,19.75,19.84375,-11.3,32.0,22.0,0.0
2.37909,0x316,0.0,0.0,1.0,6.25,1.36,0.02,20.3125,20.25,19.75,19.84375,-11.3,32.0,22.0,0.0
2.38434,0x220,0.0,0.0,1.0,6.25,1.32,0.09,20.3125,20.25,19.75,19.84375,-11.3,32.0,22.0,0.0
2.38807,0x2B0,0.0,0.0,1.0,6.25,1.32,0.09,20.3125,20.25,19.75,19.84375,-11.0,32.0,22.0,0.0
2.38884,0x316,0.0,0.0,1.0,6.25,1.32,0.09,20.3125,20.25,19.75,19.84375,-11.0,32.0,22.0,0.0
2.39431,0x220,0.0,0.0,1.0,6.25,1.31,0.11,20.3125,20.25,19.75,19.84375,-11.0,32.0,22.0,0.0
2.39803,0x2B0,0.0,0.0,1.0,6.25,1.31,0.11,20.3125,20.25,19.75,19.84375,-10.7,28.0,22.0,0.0
2.39862,0x386,0.0,0.0,1.0,6.25,1.31,0.11,20.28125,20.1875,19.75,19.875,-10.7,28.0,22.0,0.0
2.3991,0x316,0.0,0.0,1.0,6.25,1.31,0.11,20.28125,20.1875,19.75,19.875,-10.7,28.0,22.0,0.0
2.40433,0x220,0.0,0.0,1.0,6.25,1.36,0.12,20.28125,20.1875,19.75,19.875,-10.7,28.0,22.0,0.0
2.40802,0x2B0,0.0,0.0,1.0,6.25,1.36,0.12,20.28125,20.1875,19.75,19.875,-10.5,24.0,22.0,0.0
2.40889,0x316,0.0,0.0,1.0,6.25,1.36,0.12,20.28125,20.1875,19.75,19.875,-10.5,24.0,22.0,0.0
2.41431,0x220,0.0,0.0,1.0,6.25,1.37,0.15,20.28125,20.1875,19.75,19.875,-10.5,24.0,22.0,0.0
2.41803,0x2B0,0.0,0.0,1.0,6.25,1.37,0.15,20.28125,20.1875,19.75,19.875,-10.2,24.0,22.0,0.0
2.41862,0x386,0.0,0.0,1.0,6.25,1.37,0.15,20.28125,20.21875,19.78125,19.84375,-10.2,24.0,22.0,0.0
2.41909,0x316,0.0,0.0,1.0,6.25,1.37,0.15,20.28125,20.21875,19.78125,19.84375,-10.2,24.0,22.0,0.0
2.42433,0x220,0.0,0.0,1.0,6.25,1.38,0.21,20.28125,20.21875,19.78125,19.84375,-10.2,24.0,22.0,0.0
2.428,0x2B0,0.0,0.0,1.0,6.25,1.38,0.21,20.28125,20.21875,19.78125,19.84375,-9.9,28.0,22.0,0.0
2.42884,0x316,0.0,0.0,1.0,6.25,1.38,0.21,20.28125,20.21875,19.78125,19.84375,-9.9,28.0,22.0,0.0
2.4343,0x220,0.0,0.0,1.0,6.25,1.42,0.26,20.28125,20.21875,19.78125,19.84375,-9.9,28.0,22.0,0.0
2.43801,0x2B0,0.0,0.0,1.0,6.25,1.42,0.26,20.28125,20.21875,19.78125,19.84375,-9.7,24.0,22.0,0.0
2.43862,0x386,0.0,0.0,1.0,6.25,1.42,0.26,20.25,20.3125,19.78125,19.875,-9.7,24.0,22.0,0.0
2.43916,0x316,0.0,0.0,1.0,6.25,1.42,0.26,20.25,20.3125,19.78125,19.875,-9.7,24.0,22.0,0.0
2.44434,0x220,0.0,0.0,1.0,6.25,1.41,0.29,20.25,20.3125,19.78125,19.875,-9.7,24.0,22.0,0.0
2.44801,0x2B0,0.0,0.0,1.0,6.25,1.41,0.29,20.25,20.3125,19.78125,19.875,-9.5,20.0,22.0,0.0
2.44903,0x316,0.0,0.0,1.0,6.25,1.41,0.29,20.25,20.3125,19.78125,19.875,-9.5,20.0,22.0,0.0
2.45431,0x220,0.0,0.0,1.0,6.25,1.37,0.3,20.25,20.3125,19.78125,19.875,-9.5,20.0,22.0,0.0
2.45803,0x2B0,0.0,0.0,1.0,6.25,1.37,0.3,20.25,20.3125,19.78125,19.875,-9.3,20.0,22.0,0.0
2.45862,0x386,0.0,0.0,1.0,6.25,1.37,0.3,20.25,20.21875,19.84375,19.9375,-9.3,20.0,22.0,0.0
2.45909,0x316,0.0,0.0,1.0,6.25,1.37,0.3,20.25,20.21875,19.84375,19.9375,-9.3,20.0,25.0,0.0
2.46434,0x220,0.0,0.0,1.0,6.25,1.38,0.31,20.25,20.21875,19.84375,19.9375,-9.3,20.0,25.0,0.0
2.46806,0x2B0,0.0,0.0,1.0,6.25,1.38,0.31,20.25,20.21875,19.84375,19.9375,-9.1,20.0,25.0,0.0
2.46896,0x316,0.0,0.0,1.0,6.25,1.38,0.31,20.25,20.21875,19.84375,19.9375,-9.1,20.0,25.0,0.0
2.47431,0x220,0.0,0.0,1.0,6.25,1.4,0.34,20.25,20.21875,19.84375,19.9375,-9.1,20.0,25.0,0.0
2.47804,0x2B0,0.0,0.0,1.0,6.25,1.4,0.34,20.25,20.21875,19.84375,19.9375,-9.0,12.0,25.0,0.0
2.47862,0x386,0.0,0.0,1.0,6.25,1.4,0.34,20.25,20.1875,19.875,19.9375,-9.0,12.0,25.0,0.0
2.47908,0x316,0.0,0.0,1.0,6.25,1.4,0.34,20.25,20.1875,19.875,19.9375,-9.0,12.0,25.0,0.0
2.48434,0x220,0.0,0.0,1.0,6.25,1.47,0.37,20.25,20.1875,19.875,19.9375,-9.0,12.0,25.0,0.0
2.48804,0x2B0,0.0,0.0,1.0,6.25,1.47,0.37,20.25,20.1875,19.875,19.9375,-8.8,12.0,25.0,0.0
2.48888,0x316,0.0,0.0,1.0,6.25,1.47,0.37,20.25,20.1875,19.875,19.9375,-8.8,12.0,25.0,0.0
2.49431,0x220,0.0,0.0,1.0,6.25,1.58,0.34,20.25,20.1875,19.875,19.9375,-8.8,12.0,25.0,0.0
2.49806,0x2B0,0.0,0.0,1.0,6.25,1.58,0.34,20.25,20.1875,19.875,19.9375,-8.8,8.0,25.0,0.0
2.49863,0x386,0.0,0.0,1.0,6.25,1.58,0.34,20.21875,20.21875,19.90625,19.96875,-8.8,8.0,25.0,0.0
2.49909,0x316,0.0,0.0,1.0,6.25,1.58,0.34,20.21875,20.21875,19.90625,19.96875,-8.8,8.0,25.0,0.0
2.50434,0x220,0.0,0.0,1.0,6.25,1.66,0.3,20.21875,20.21875,19.90625,19.96875,-8.8,8.0,25.0,0.0
2.50802,0x2B0,0.0,0.0,1.0,6.25,1.66,0.3,20.21875,20.21875,19.90625,19.96875,-8.6,8.0,25.0,0.0
2.50884,0x316,0.0,0.0,1.0,6.25,1.66,0.3,20.21875,20.21875,19.90625,19.96875,-8.6,8.0,22.0,0.0
2.51431,0x220,0.0,0.0,1.0,6.25,1.73,0.29,20.21875,20.21875,19.90625,19.96875,-8.6,8.0,22.0,0.0
2.51806,0x2B0,0.0,0.0,1.0,6.25,1.73,0.29,20.21875,20.21875,19.90625,19.96875,-8.6,8.0,22.0,0.0
2.51862,0x386,0.0,0.0,1.0,6.25,1.73,0.29,20.25,20.21875,19.96875,20.0,-8.6,8.0,22.0,0.0
2.5191,0x316,0.0,0.0,1.0,6.25,1.73,0.29,20.25,20.21875,19.96875,20.0,-8.6,8.0,20.0,0.0
2.52434,0x220,0.0,0.0,1.0,6.25,1.71,0.32,20.25,20.21875,19.96875,20.0,-8.6,8.0,20.0,0.0
2.52804,0x2B0,0.0,0.0,1.0,6.25,1.71,0.32,20.25,20.21875,19.96875,20.0,-8.4,8.0,20.0,0.0
2.52889,0x316,0.0,0.0,1.0,6.25,1.71,0.32,20.25,20.21875,19.96875,20.0,-8.4,8.0,20.0,0.0
2.53431,0x220,0.0,0.0,1.0,6.25,1.7,0.34,20.25,20.21875,19.96875,20.0,-8.4,8.0,20.0,0.0
2.53801,0x2B0,0.0,0.0,1.0,6.25,1.7,0.34,20.25,20.21875,19.96875,20.0,-8.4,8.0,20.0,0.0
2.53862,0x386,0.0,0.0,1.0,6.25,1.7,0.34,20.28125,20.3125,19.9375,19.875,-8.4,8.0,20.0,0.0
2.5391,0x316,0.0,0.0,1.0,6.25,1.7,0.34,20.28125,20.3125,19.9375,19.875,-8.4,8.0,17.0,0.0
2.54435,0x220,0.0,0.0,1.0,6.25,1.72,0.33,20.28125,20.3125,19.9375,19.875,-8.4,8.0,17.0,0.0
2.54808,0x2B0,0.0,0.0,1.0,6.25,1.72,0.33,20.28125,20.3125,19.9375,19.875,-8.4,0.0,17.0,0.0
2.54896,0x316,0.0,0.0,1.0,6.25,1.72,0.33,20.28125,20.3125,19.9375,19.875,-8.4,0.0,17.0,0.0
2.55431,0x220,0.0,0.0,1.0,6.25,1.72,0.29,20.28125,20.3125,19.9375,19.875,-8.4,0.0,17.0,0.0
2.55801,0x2B0,0.0,0.0,1.0,6.25,1.72,0.29,20.28125,20.3125,19.9375,19.875,-8.3,0.0,17.0,0.0
2.55863,0x386,0.0,0.0,1.0,6.25,1.72,0.29,20.21875,20.3125,19.90625,19.9375,-8.3,0.0,17.0,0.0
2.5591,0x316,0.0,0.0,1.0,6.25,1.72,0.29,20.21875,20.3125,19.90625,19.9375,-8.3,0.0,17.0,0.0
2.56434,0x220,0.0,0.0,1.0,6.25,1.72,0.26,20.21875,20.3125,19.90625,19.9375,-8.3,0.0,17.0,0.0
2.568,0x2B0,0.0,0.0,1.0,6.25,1.72,0.26,20.21875,20.3125,19.90625,19.9375,-8.3,0.0,17.0,0.0
2.56905,0x316,0.0,0.0,1.0,6.25,1.72,0.26,20.21875,20.3125,19.90625,19.9375,-8.3,0.0,17.0,0.0
2.5743,0x220,0.0,0.0,1.0,6.25,1.71,0.26,20.21875,20.3125,19.90625,19.9375,-8.3,0.0,17.0,0.0
2.57799,0x2B0,0.0,0.0,1.0,6.25,1.71,0.26,20.21875,20.3125,19.90625,19.9375,-8.3,0.0,17.0,0.0
2.57862,0x386,0.0,0.0,1.0,6.25,1.71,0.26,20.28125,20.3125,19.84375,19.96875,-8.3,0.0,17.0,0.0
2.5791,0x316,0.0,0.0,1.0,6.25,1.71,0.26,20.28125,20.3125,19.84375,19.96875,-8.3,0.0,17.0,0.0
2.58434,0x220,0.0,0.0,1.0,6.25,1.67,0.3,20.28125,20.3125,19.84375,19.96875,-8.3,0.0,17.0,0.0
2.58799,0x2B0,0.0,0.0,1.0,6.25,1.67,0.3,20.28125,20.3125,19.84375,19.96875,-8.3,0.0,17.0,0.0
2.58886,0x316,0.0,0.0,1.0,6.25,1.67,0.3,20.28125,20.3125,19.84375,19.96875,-8.3,0.0,17.0,0.0
2.59431,0x220,0.0,0.0,1.0,6.25,1.67,0.32,20.28125,20.3125,19.84375,19.96875,-8.3,0.0,17.0,0.0
2.59798,0x2B0,0.0,0.0,1.0,6.25,1.67,0.32,20.28125,20.3125,19.84375,19.96875,-8.3,0.0,17.0,0.0
2.59862,0x386,0.0,0.0,1.0,6.25,1.67,0.32,20.28125,20.5,19.75,20.0,-8.3,0.0,17.0,0.0
2.59909,0x316,0.0,0.0,1.0,6.25,1.67,0.32,20.28125,20.5,19.75,20.0,-8.3,0.0,20.0,0.0
2.60434,0x220,0.0,0.0,1.0,6.25,1.69,0.27,20.28125,20.5,19.75,20.0,-8.3,0.0,20.0,0.0
2.60799,0x2B0,0.0,0.0,1.0,6.25,1.69,0.27,20.28125,20.5,19.75,20.0,-8.3,0.0,20.0,0.0
2.60898,0x316,0.0,0.0,1.0,6.25,1.69,0.27,20.28125,20.5,19.75,20.0,-8.3,0.0,22.0,0.0
2.61431,0x220,0.0,0.0,1.0,6.25,1.69,0.21,20.28125,20.5,19.75,20.0,-8.3,0.0,22.0,0.0
2.61798,0x2B0,0.0,0.0,1.0,6.25,1.69,0.21,20.28125,20.5,19.75,20.0,-8.3,0.0,22.0,0.0
2.61862,0x386,0.0,0.0,1.0,6.25,1.69,0.21,20.28125,20.4375,19.78125,20.03125,-8.3,0.0,22.0,0.0
2.6191,0x316,0.0,0.0,1.0,6.25,1.69,0.21,20.28125,20.4375,19.78125,20.03125,-8.3,0.0,22.0,0.0
2.62435,0x220,0.0,0.0,1.0,6.25,1.73,0.23,20.28125,20.4375,19.78125,20.03125,-8.3,0.0,22.0,0.0
2.62806,0x2B0,0.0,0.0,1.0,6.25,1.73,0.23,20.28125,20.4375,19.78125,20.03125,-8.3,0.0,22.0,0.0
2.62886,0x316,0.0,0.0,1.0,6.25,1.73,0.23,20.28125,20.4375,19.78125,20.03125,-8.3,0.0,25.0,0.0
2.63431,0x220,0.0,0.0,1.0,6.25,1.78,0.3,20.28125,20.4375,19.78125,20.03125,-8.3,0.0,25.0,0.0
2.63805,0x2B0,0.0,0.0,1.0,6.25,1.78,0.3,20.28125,20.4375,19.78125,20.03125,-8.3,0.0,25.0,0.0
2.63862,0x386,0.0,0.0,1.0,6.25,1.78,0.3,20.40625,20.4375,19.6875,19.96875,-8.3,0.0,25.0,0.0
2.63912,0x316,0.0,0.0,1.0,6.25,1.78,0.3,20.40625,20.4375,19.6875,19.96875,-8.3,0.0,25.0,0.0
2.64435,0x220,0.0,0.0,1.0,6.25,1.8,0.38,20.40625,20.4375,19.6875,19.96875,-8.3,0.0,25.0,0.0
2.64804,0x2B0,0.0,0.0,1.0,6.25,1.8,0.38,20.40625,20.4375,19.6875,19.96875,-8.3,0.0,25.0,0.0
2.64905,0x316,0.0,0.0,1.0,6.25,1.8,0.38,20.40625,20.4375,19.6875,19.96875,-8.3,0.0,25.0,0.0
2.65431,0x220,0.0,0.0,1.0,6.25,1.82,0.36,20.40625,20.4375,19.6875,19.96875,-8.3,0.0,25.0,0.0
2.65806,0x2B0,0.0,0.0,1.0,6.25,1.82,0.36,20.40625,20.4375,19.6875,19.96875,-8.3,0.0,25.0,0.0
2.65863,0x386,0.0,0.0,1.0,6.25,1.82,0.36,20.40625,20.375,19.71875,20.0625,-8.3,0.0,25.0,0.0
2.65909,0x316,0.0,0.0,1.0,6.25,1.82,0.36,20.40625,20.375,19.71875,20.0625,-8.3,0.0,25.0,0.0
2.66434,0x220,0.0,0.0,1.0,6.25,1.9,0.25,20.40625,20.375,19.71875,20.0625,-8.3,0.0,25.0,0.0
2.66804,0x2B0,0.0,0.0,1.0,6.25,1.9,0.25,20.40625,20.375,19.71875,20.0625,-8.3,0.0,25.0,0.0
2.66898,0x316,0.0,0.0,1.0,6.25,1.9,0.25,20.40625,20.375,19.71875,20.0625,-8.3,0.0,25.0,0.0
2.67431,0x220,0.0,0.0,1.0,6.25,1.95,0.16,20.40625,20.375,19.71875,20.0625,-8.3,0.0,25.0,0.0
2.67804,0x2B0,0.0,0.0,1.0,6.25,1.95,0.16,20.40625,20.375,19.71875,20.0625,-8.3,0.0,25.0,0.0
2.67863,0x386,0.0,0.0,1.0,6.25,1.95,0.16,20.34375,20.375,19.8125,20.09375,-8.3,0.0,25.0,0.0
2.67909,0x316,0.0,0.0,1.0,6.25,1.95,0.16,20.34375,20.375,19.8125,20.09375,-8.3,0.0,22.0,0.0
2.68434,0x220,0.0,0.0,1.0,6.25,1.92,0.14,20.34375,20.375,19.8125,20.09375,-8.3,0.0,22.0,0.0
2.68804,0x2B0,0.0,0.0,1.0,6.25,1.92,0.14,20.34375,20.375,19.8125,20.09375,-8.3,0.0,22.0,0.0
2.68888,0x316,0.0,0.0,1.0,6.25,1.92,0.14,20.34375,20.375,19.8125,20.09375,-8.3,0.0,22.0,0.0
2.69431,0x220,0.0,0.0,1.0,6.25,1.88,0.17,20.34375,20.375,19.8125,20.09375,-8.3,0.0,22.0,0.0
2.69804,0x2B0,0.0,0.0,1.0,6.25,1.88,0.17,20.34375,20.375,19.8125,20.09375,-8.3,0.0,22.0,0.0
2.69863,0x386,0.0,0.0,1.0,6.25,1.88,0.17,20.375,20.375,19.96875,19.9375,-8.3,0.0,22.0,0.0
2.6991,0x316,0.0,0.0,1.0,6.25,1.88,0.17,20.375,20.375,19.96875,19.9375,-8.3,0.0,22.0,0.0
2.70435,0x220,0.0,0.0,1.0,6.25,1.79,0.2,20.375,20.375,19.96875,19.9375,-8.3,0.0,22.0,0.0
2.70804,0x2B0,0.0,0.0,1.0,6.25,1.79,0.2,20.375,20.375,19.96875,19.9375,-8.3,0.0,22.0,0.0
2.70885,0x316,0.0,0.0,1.0,6.25,1.79,0.2,20.375,20.375,19.96875,19.9375,-8.3,0.0,22.0,0.0
2.71431,0x220,0.0,0.0,1.0,6.25,1.74,0.21,20.375,20.375,19.96875,19.9375,-8.3,0.0,22.0,0.0
2.71804,0x2B0,0.0,0.0,1.0,6.25,1.74,0.21,20.375,20.375,19.96875,19.9375,-8.3,0.0,22.0,0.0
2.71863,0x386,0.0,0.0,1.0,6.25,1.74,0.21,20.34375,20.3125,19.84375,20.0,-8.3,0.0,22.0,0.0
2.7191,0x316,0.0,0.0,1.0,6.25,1.74,0.21,20.34375,20.3125,19.84375,20.0,-8.3,0.0,22.0,0.0
2.72434,0x220,0.0,0.0,1.0,6.25,1.79,0.2,20.34375,20.3125,19.84375,20.0,-8.3,0.0,22.0,0.0
2.72798,0x2B0,0.0,0.0,1.0,6.25,1.79,0.2,20.34375,20.3125,19.84375,20.0,-8.3,0.0,22.0,0.0
2.72888,0x316,0.0,0.0,1.0,6.25,1.79,0.2,20.34375,20.3125,19.84375,20.0,-8.3,0.0,22.0,0.0
2.73432,0x220,0.0,0.0,1.0,6.25,1.9,0.15,20.34375,20.3125,19.84375,20.0,-8.3,0.0,22.0,0.0
2.73797,0x2B0,0.0,0.0,1.0,6.25,1.9,0.15,20.34375,20.3125,19.84375,20.0,-8.3,0.0,22.0,0.0
2.73863,0x386,0.0,0.0,1.0,6.25,1.9,0.15,20.3125,20.375,19.8125,20.0,-8.3,0.0,22.0,0.0
2.73918,0x316,0.0,0.0,1.0,6.25,1.9,0.15,20.3125,20.375,19.8125,20.0,-8.3,0.0,22.0,0.0
2.74434,0x220,0.0,0.0,1.0,6.25,1.99,0.1,20.3125,20.375,19.8125,20.0,-8.3,0.0,22.0,0.0
2.748,0x2B0,0.0,0.0,1.0,6.25,1.99,0.1,20.3125,20.375,19.8125,20.0,-8.3,0.0,22.0,0.0
2.74897,0x316,0.0,0.0,1.0,6.25,1.99,0.1,20.3125,20.375,19.8125,20.0,-8.3,0.0,22.0,0.0
2.75431,0x220,0.0,0.0,1.0,6.25,1.99,0.05,20.3125,20.375,19.8125,20.0,-8.3,0.0,22.0,0.0
2.75805,0x2B0,0.0,0.0,1.0,6.25,1.99,0.05,20.3125,20.375,19.8125,20.0,-8.3,0.0,22.0,0.0
2.75863,0x386,0.0,0.0,1.0,6.25,1.99,0.05,20.3125,20.4375,19.8125,20.03125,-8.3,0.0,22.0,0.0
2.7591,0x316,0.0,0.0,1.0,6.25,1.99,0.05,20.3125,20.4375,19.8125,20.03125,-8.3,0.0,25.0,0.0
2.76434,0x220,0.0,0.0,1.0,6.25,1.95,0.06,20.3125,20.4375,19.8125,20.03125,-8.3,0.0,25.0,0.0
2.76801,0x2B0,0.0,0.0,1.0,6.25,1.95,0.06,20.3125,20.4375,19.8125,20.03125,-8.2,0.0,25.0,0.0
2.76904,0x316,0.0,0.0,1.0,6.25,1.95,0.06,20.3125,20.4375,19.8125,20.03125,-8.2,0.0,25.0,0.0
2.77431,0x220,0.0,0.0,1.0,6.25,1.96,0.13,20.3125,20.4375,19.8125,20.03125,-8.2,0.0,25.0,0.0
2.77797,0x2B0,0.0,0.0,1.0,6.25,1.96,0.13,20.3125,20.4375,19.8125,20.03125,-8.2,0.0,25.0,0.0
2.77863,0x386,0.0,0.0,1.0,6.25,1.96,0.13,20.28125,20.375,19.9375,20.0625,-8.2,0.0,25.0,0.0
2.7791,0x316,0.0,0.0,1.0,6.25,1.96,0.13,20.28125,20.375,19.9375,20.0625,-8.2,0.0,25.0,0.0
2.78435,0x220,0.0,0.0,1.0,6.25,2.0,0.13,20.28125,20.375,19.9375,20.0625,-8.2,0.0,25.0,0.0
2.78798,0x2B0,0.0,0.0,1.0,6.25,2.0,0.13,20.28125,20.375,19.9375,20.0625,-8.2,0.0,25.0,0.0
2.78884,0x316,0.0,0.0,1.0,6.25,2.0,0.13,20.28125,20.375,19.9375,20.0625,-8.2,0.0,25.0,0.0
2.79431,0x220,0.0,0.0,1.0,6.25,1.97,0.04,20.28125,20.375,19.9375,20.0625,-8.2,0.0,25.0,0.0
2.79799,0x2B0,0.0,0.0,1.0,6.25,1.97,0.04,20.28125,20.375,19.9375,20.0625,-8.2,0.0,25.0,0.0
2.79863,0x386,0.0,0.0,1.0,6.25,1.97,0.04,20.40625,20.375,20.03125,20.03125,-8.2,0.0,25.0,0.0
2.7991,0x316,0.0,0.0,1.0,6.25,1.97,0.04,20.40625,20.375,20.03125,20.03125,-8.2,0.0,25.0,0.0
2.80435,0x220,0.0,0.0,1.0,6.25,1.93,0.0,20.40625,20.375,20.03125,20.03125,-8.2,0.0,25.0,0.0
2.80799,0x2B0,0.0,0.0,1.0,6.25,1.93,0.0,20.40625,20.375,20.03125,20.03125,-8.2,0.0,25.0,0.0
2.80895,0x316,0.0,0.0,1.0,6.25,1.93,0.0,20.40625,20.375,20.03125,20.03125,-8.2,0.0,25.0,0.0
2.81432,0x220,0.0,0.0,1.0,6.25,1.91,0.0,20.40625,20.375,20.03125,20.03125,-8.2,0.0,25.0,0.0
2.81799,0x2B0,0.0,0.0,1.0,6.25,1.91,0.0,20.40625,20.375,20.03125,20.03125,-8.2,0.0,25.0,0.0
2.81863,0x386,0.0,0.0,1.0,6.25,1.91,0.0,20.3125,20.46875,20.0625,20.0,-8.2,0.0,25.0,0.0
2.81911,0x316,0.0,0.0,1.0,6.25,1.91,0.0,20.3125,20.46875,20.0625,20.0,-8.2,0.0,25.0,0.0
2.82435,0x220,0.0,0.0,1.0,6.25,1.88,0.04,20.3125,20.46875,20.0625,20.0,-8.2,0.0,25.0,0.0
2.82799,0x2B0,0.0,0.0,1.0,6.25,1.88,0.04,20.3125,20.46875,20.0625,20.0,-8.2,0.0,25.0,0.0
2.82884,0x316,0.0,0.0,1.0,6.25,1.88,0.04,20.3125,20.46875,20.0625,20.0,-8.2,0.0,25.0,0.0
2.83431,0x220,0.0,0.0,1.0,6.25,1.95,0.05,20.3125,20.46875,20.0625,20.0,-8.2,0.0,25.0,0.0
2.83799,0x2B0,0.0,0.0,1.0,6.25,1.95,0.05,20.3125,20.46875,20.0625,20.0,-8.2,0.0,25.0,0.0
2.83863,0x386,0.0,0.0,1.0,6.25,1.95,0.05,20.46875,20.40625,19.96875,19.96875,-8.2,0.0,25.0,0.0
2.83911,0x316,0.0,0.0,1.0,6.25,1.95,0.05,20.46875,20.40625,19.96875,19.96875,-8.2,0.0,25.0,0.0
2.84435,0x220,0.0,0.0,1.0,6.25,2.11,0.03,20.46875,20.40625,19.96875,19.96875,-8.2,0.0,25.0,0.0
2.84799,0x2B0,0.0,0.0,1.0,6.25,2.11,0.03,20.46875,20.40625,19.96875,19.96875,-8.2,0.0,25.0,0.0
2.84913,0x316,0.0,0.0,1.0,6.25,2.11,0.03,20.46875,20.40625,19.96875,19.96875,-8.2,0.0,25.0,0.0
2.85432,0x220,0.0,0.0,1.0,6.25,2.24,0.0,20.46875,20.40625,19.96875,19.96875,-8.2,0.0,25.0,0.0
2.85805,0x2B0,0.0,0.0,1.0,6.25,2.24,0.0,20.46875,20.40625,19.96875,19.96875,-8.2,0.0,25.0,0.0
2.85863,0x386,0.0,0.0,1.0,6.25,2.24,0.0,20.40625,20.46875,20.0,19.90625,-8.2,0.0,25.0,0.0
2.85911,0x316,0.0,0.0,1.0,6.25,2.24,0.0,20.40625,20.46875,20.0,19.90625,-8.2,0.0,25.0,0.0
2.86436,0x220,0.0,0.0,1.0,6.25,2.25,-0.05,20.40625,20.46875,20.0,19.90625,-8.2,0.0,25.0,0.0
2.86799,0x2B0,0.0,0.0,1.0,6.25,2.25,-0.05,20.40625,20.46875,20.0,19.90625,-8.1,0.0,25.0,0.0
2.86897,0x316,0.0,0.0,1.0,6.25,2.25,-0.05,20.40625,20.46875,20.0,19.90625,-8.1,0.0,25.0,0.0
2.87432,0x220,0.0,0.0,1.0,6.25,2.11,-0.12,20.40625,20.46875,20.0,19.90625,-8.1,0.0,25.0,0.0
2.87796,0x2B0,0.0,0.0,1.0,6.25,2.11,-0.12,20.40625,20.46875,20.0,19.90625,-8.1,0.0,25.0,0.0
2.87863,0x386,0.0,0.0,1.0,6.25,2.11,-0.12,20.4375,20.65625,19.9375,19.90625,-8.1,0.0,25.0,0.0
2.87911,0x316,0.0,0.0,1.0,6.25,2.11,-0.12,20.4375,20.65625,19.9375,19.90625,-8.1,0.0,25.0,0.0
2.88435,0x220,0.0,0.0,1.0,6.25,1.87,-0.09,20.4375,20.65625,19.9375,19.90625,-8.1,0.0,25.0,0.0
2.88797,0x2B0,0.0,0.0,1.0,6.25,1.87,-0.09,20.4375,20.65625,19.9375,19.90625,-8.1,0.0,25.0,0.0
2.88892,0x316,0.0,0.0,1.0,6.25,1.87,-0.09,20.4375,20.65625,19.9375,19.90625,-8.1,0.0,25.0,0.0
2.89433,0x220,0.0,0.0,1.0,6.25,1.73,0.0,20.4375,20.65625,19.9375,19.90625,-8.1,0.0,25.0,0.0
2.89799,0x2B0,0.0,0.0,1.0,6.25,1.73,0.0,20.4375,20.65625,19.9375,19.90625,-8.1,0.0,25.0,0.0
2.89863,0x386,0.0,0.0,1.0,6.25,1.73,0.0,20.40625,20.65625,19.9375,20.125,-8.1,0.0,25.0,0.0
2.8991,0x316,0.0,0.0,1.0,6.25,1.73,0.0,20.40625,20.65625,19.9375,20.125,-8.1,0.0,25.0,0.0
2.90435,0x220,0.0,0.0,1.0,6.25,1.74,0.05,20.40625,20.65625,19.9375,20.125,-8.1,0.0,25.0,0.0
2.908,0x2B0,0.0,0.0,1.0,6.25,1.74,0.05,20.40625,20.65625,19.9375,20.125,-8.1,0.0,25.0,0.0
2.90884,0x316,0.0,0.0,1.0,6.25,1.74,0.05,20.40625,20.65625,19.9375,20.125,-8.1,0.0,25.0,0.0
2.91432,0x220,0.0,0.0,1.0,6.25,1.85,0.01,20.40625,20.65625,19.9375,20.125,-8.1,0.0,25.0,0.0
2.918,0x2B0,0.0,0.0,1.0,6.25,1.85,0.01,20.40625,20.65625,19.9375,20.125,-8.0,0.0,25.0,0.0
2.91863,0x386,0.0,0.0,1.0,6.25,1.85,0.01,20.46875,20.625,19.9375,20.125,-8.0,0.0,25.0,0.0
2.91911,0x316,0.0,0.0,1.0,6.25,1.85,0.01,20.46875,20.625,19.9375,20.125,-8.0,0.0,25.0,0.0
2.92435,0x220,0.0,0.0,1.0,6.25,1.95,-0.03,20.46875,20.625,19.9375,20.125,-8.0,0.0,25.0,0.0
2.92797,0x2B0,0.0,0.0,1.0,6.25,1.95,-0.03,20.46875,20.625,19.9375,20.125,-8.0,0.0,25.0,0.0
2.92892,0x316,0.0,0.0,1.0,6.25,1.95,-0.03,20.46875,20.625,19.9375,20.125,-8.0,0.0,22.0,0.0
2.93432,0x220,0.0,0.0,1.0,6.25,1.95,0.0,20.46875,20.625,19.9375,20.125,-8.0,0.0,22.0,0.0
2.93804,0x2B0,0.0,0.0,1.0,6.25,1.95,0.0,20.46875,20.625,19.9375,20.125,-8.0,0.0,22.0,0.0
2.93863,0x386,0.0,0.0,1.0,6.25,1.95,0.0,20.4375,20.40625,19.9375,20.15625,-8.0,0.0,22.0,0.0
2.93918,0x316,0.0,0.0,1.0,6.25,1.95,0.0,20.4375,20.40625,19.9375,20.15625,-8.0,0.0,22.0,0.0
2.94436,0x220,0.0,0.0,1.0,6.25,1.86,0.09,20.4375,20.40625,19.9375,20.15625,-8.0,0.0,22.0,0.0
2.94799,0x2B0,0.0,0.0,1.0,6.25,1.86,0.09,20.4375,20.40625,19.9375,20.15625,-7.9,0.0,22.0,0.0
2.94897,0x316,0.0,0.0,1.0,6.25,1.86,0.09,20.4375,20.40625,19.9375,20.15625,-7.9,0.0,22.0,0.0
2.95432,0x220,0.0,0.0,1.0,6.25,1.73,0.19,20.4375,20.40625,19.9375,20.15625,-7.9,0.0,22.0,0.0
2.95807,0x2B0,0.0,0.0,1.0,6.25,1.73,0.19,20.4375,20.40625,19.9375,20.15625,-7.9,0.0,22.0,0.0
2.95863,0x386,0.0,0.0,1.0,6.25,1.73,0.19,20.4375,20.21875,20.03125,20.25,-7.9,0.0,22.0,0.0
2.95911,0x316,0.0,0.0,1.0,6.25,1.73,0.19,20.4375,20.21875,20.03125,20.25,-7.9,0.0,20.0,0.0
2.96435,0x220,0.0,0.0,1.0,6.25,1.61,0.19,20.4375,20.21875,20.03125,20.25,-7.9,0.0,20.0,0.0
2.96803,0x2B0,0.0,0.0,1.0,6.25,1.61,0.19,20.4375,20.21875,20.03125,20.25,-7.7,8.0,20.0,0.0
2.96904,0x316,0.0,0.0,1.0,6.25,1.61,0.19,20.4375,20.21875,20.03125,20.25,-7.7,8.0,20.0,0.0
2.97432,0x220,0.0,0.0,1.0,6.25,1.58,0.08,20.4375,20.21875,20.03125,20.25,-7.7,8.0,20.0,0.0
2.97799,0x2B0,0.0,0.0,1.0,6.25,1.58,0.08,20.4375,20.21875,20.03125,20.25,-7.7,8.0,20.0,0.0
2.97864,0x386,0.0,0.0,1.0,6.25,1.58,0.08,20.625,20.8125,20.15625,20.375,-7.7,8.0,20.0,0.0
2.97911,0x316,0.0,0.0,1.0,6.25,1.58,0.08,20.625,20.8125,20.15625,20.375,-7.7,8.0,20.0,0.0
2.98436,0x220,0.0,0.0,1.0,6.25,1.69,0.01,20.625,20.8125,20.15625,20.375,-7.7,8.0,20.0,0.0
2.98798,0x2B0,0.0,0.0,1.0,6.25,1.69,0.01,20.625,20.8125,20.15625,20.375,-7.5,8.0,20.0,0.0
2.98884,0x316,0.0,0.0,1.0,6.25,1.69,0.01,20.625,20.8125,20.15625,20.375,-7.5,8.0,20.0,0.0
2.99433,0x220,0.0,0.0,1.0,6.25,1.83,-0.01,20.625,20.8125,20.15625,20.375,-7.5,8.0,20.0,0.0
2.99802,0x2B0,0.0,0.0,1.0,6.25,1.83,-0.01,20.625,20.8125,20.15625,20.375,-7.4,12.0,20.0,0.0
2.99864,0x386,0.0,0.0,1.0,6.25,1.83,-0.01,20.34375,20.0625,20.34375,20.53125,-7.4,12.0,20.0,0.0
2.99911,0x316,0.0,0.0,1.0,6.25,1.83,-0.01,20.34375,20.0625,20.34375,20.53125,-7.4,12.0,20.0,0.0
3.00435,0x220,0.0,0.0,1.0,6.25,1.84,-0.09,20.34375,20.0625,20.34375,20.53125,-7.4,12.0,20.0,0.0
3.00806,0x2B0,0.0,0.0,1.0,6.25,1.84,-0.09,20.34375,20.0625,20.34375,20.53125,-7.4,0.0,20.0,0.0
3.00896,0x316,0.0,0.0,1.0,6.25,1.84,-0.09,20.34375,20.0625,20.34375,20.53125,-7.4,0.0,20.0,0.0
3.01433,0x220,0.0,0.0,1.0,6.25,1.79,0.05,20.34375,20.0625,20.34375,20.53125,-7.4,0.0,20.0,0.0
3.01799,0x2B0,0.0,0.0,1.0,6.25,1.79,0.05,20.34375,20.0625,20.34375,20.53125,-7.2,8.0,20.0,0.0
3.01864,0x386,0.0,0.0,1.0,6.25,1.79,0.05,20.625,20.71875,20.3125,20.53125,-7.2,8.0,20.0,0.0
3.01911,0x316,0.0,0.0,1.0,6.25,1.79,0.05,20.625,20.71875,20.3125,20.53125,-7.2,8.0,22.0,0.0
3.02436,0x220,0.0,0.0,1.0,6.25,1.74,0.33,20.625,20.71875,20.3125,20.53125,-7.2,8.0,22.0,0.0
3.02796,0x2B0,0.0,0.0,1.0,6.25,1.74,0.33,20.625,20.71875,20.3125,20.53125,-7.0,20.0,22.0,0.0
3.02884,0x316,0.0,0.0,1.0,6.25,1.74,0.33,20.625,20.71875,20.3125,20.53125,-7.0,20.0,25.0,0.0
3.03433,0x220,0.0,0.0,1.0,6.25,1.71,0.4,20.625,20.71875,20.3125,20.53125,-7.0,20.0,25.0,0.0
3.03802,0x2B0,0.0,0.0,1.0,6.25,1.71,0.4,20.625,20.71875,20.3125,20.53125,-7.0,8.0,25.0,0.0
3.03863,0x386,0.0,0.0,1.0,6.25,1.71,0.4,20.625,20.9375,20.40625,20.40625,-7.0,8.0,25.0,0.0
3.03911,0x316,0.0,0.0,1.0,6.25,1.71,0.4,20.625,20.9375,20.40625,20.40625,-7.0,8.0,28.0,0.0
3.04436,0x220,0.0,0.0,1.0,6.25,1.68,0.16,20.625,20.9375,20.40625,20.40625,-7.0,8.0,28.0,0.0
3.04796,0x2B0,0.0,0.0,1.0,6.25,1.68,0.16,20.625,20.9375,20.40625,20.40625,-6.8,8.0,28.0,0.0
3.04904,0x316,0.0,0.0,1.0,6.25,1.68,0.16,20.625,20.9375,20.40625,20.40625,-6.8,8.0,28.0,0.0
3.05433,0x220,0.0,0.0,1.0,6.25,1.61,-0.06,20.625,20.9375,20.40625,20.40625,-6.8,8.0,28.0,0.0
3.05802,0x2B0,0.0,0.0,1.0,6.25,1.61,-0.06,20.625,20.9375,20.40625,20.40625,-6.8,8.0,28.0,0.0
3.05864,0x386,0.0,0.0,1.0,6.25,1.61,-0.06,20.6875,20.5,20.09375,20.21875,-6.8,8.0,28.0,0.0
3.05911,0x316,0.0,0.0,1.0,6.25,1.61,-0.06,20.6875,20.5,20.09375,20.21875,-6.8,8.0,28.0,0.0
3.06436,0x220,0.0,0.0,1.0,6.25,1.41,-0.04,20.6875,20.5,20.09375,20.21875,-6.8,8.0,28.0,0.0
3.06799,0x2B0,0.0,0.0,1.0,6.25,1.41,-0.04,20.6875,20.5,20.09375,20.21875,-6.6,8.0,28.0,0.0
3.06897,0x316,0.0,0.0,1.0,6.25,1.41,-0.04,20.6875,20.5,20.09375,20.21875,-6.6,8.0,28.0,0.0
3.07433,0x220,0.0,0.0,1.0,6.25,1.32,0.14,20.6875,20.5,20.09375,20.21875,-6.6,8.0,28.0,0.0
3.078,0x2B0,0.0,0.0,1.0,6.25,1.32,0.14,20.6875,20.5,20.09375,20.21875,-6.4,20.0,28.0,0.0
3.07864,0x386,0.0,0.0,1.0,6.25,1.32,0.14,20.875,20.9375,19.96875,20.03125,-6.4,20.0,28.0,0.0
3.07911,0x316,0.0,0.0,1.0,6.25,1.32,0.14,20.875,20.9375,19.96875,20.03125,-6.4,20.0,28.0,0.0
3.08435,0x220,0.0,0.0,1.0,6.25,1.39,0.38,20.875,20.9375,19.96875,20.03125,-6.4,20.0,28.0,0.0
3.08804,0x2B0,0.0,0.0,1.0,6.25,1.39,0.38,20.875,20.9375,19.96875,20.03125,-6.4,8.0,28.0,0.0
3.08888,0x316,0.0,0.0,1.0,6.25,1.39,0.38,20.875,20.9375,19.96875,20.03125,-6.4,8.0,28.0,0.0
3.09432,0x220,0.0,0.0,1.0,6.25,1.57,0.46,20.875,20.9375,19.96875,20.03125,-6.4,8.0,28.0,0.0
3.09801,0x2B0,0.0,0.0,1.0,6.25,1.57,0.46,20.875,20.9375,19.96875,20.03125,-6.2,8.0,28.0,0.0
3.09864,0x386,0.0,0.0,1.0,6.25,1.57,0.46,20.6875,20.9375,19.96875,20.0,-6.2,8.0,28.0,0.0
3.09911,0x316,0.0,0.0,1.0,6.25,1.57,0.46,20.6875,20.9375,19.96875,20.0,-6.2,8.0,28.0,0.0
3.10436,0x220,0.0,0.0,1.0,6.25,1.78,0.38,20.6875,20.9375,19.96875,20.0,-6.2,8.0,28.0,0.0
3.1081,0x2B0,0.0,0.0,1.0,6.25,1.78,0.38,20.6875,20.9375,19.96875,20.0,-6.2,8.0,28.0,0.0
3.10884,0x316,0.0,0.0,1.0,6.25,1.78,0.38,20.6875,20.9375,19.96875,20.0,-6.2,8.0,28.0,0.0
3.11433,0x220,0.0,0.0,1.0,6.25,1.86,0.31,20.6875,20.9375,19.96875,20.0,-6.2,8.0,28.0,0.0
3.11803,0x2B0,0.0,0.0,1.0,6.25,1.86,0.31,20.6875,20.9375,19.96875,20.0,-6.0,8.0,28.0,0.0
3.11864,0x386,0.0,0.0,1.0,6.25,1.86,0.31,20.75,20.59375,19.96875,20.0625,-6.0,8.0,28.0,0.0
3.1191,0x316,0.0,0.0,1.0,6.25,1.86,0.31,20.75,20.59375,19.96875,20.0625,-6.0,8.0,25.0,0.0
3.12436,0x220,0.0,0.0,1.0,6.25,1.82,0.38,20.75,20.59375,19.96875,20.0625,-6.0,8.0,25.0,0.0
3.12806,0x2B0,0.0,0.0,1.0,6.25,1.82,0.38,20.75,20.59375,19.96875,20.0625,-6.0,8.0,25.0,0.0
3.12887,0x316,0.0,0.0,1.0,6.25,1.82,0.38,20.75,20.59375,19.96875,20.0625,-6.0,8.0,25.0,0.0
3.13432,0x220,0.0,0.0,1.0,6.25,1.78,0.49,20.75,20.59375,19.96875,20.0625,-6.0,8.0,25.0,0.0
3.13802,0x2B0,0.0,0.0,1.0,6.25,1.78,0.49,20.75,20.59375,19.96875,20.0625,-5.9,0.0,25.0,0.0
3.13864,0x386,0.0,0.0,1.0,6.25,1.78,0.49,20.875,20.9375,20.15625,20.1875,-5.9,0.0,25.0,0.0
3.13917,0x316,0.0,0.0,1.0,6.25,1.78,0.49,20.875,20.9375,20.15625,20.1875,-5.9,0.0,25.0,0.0
3.14437,0x220,0.0,0.0,1.0,6.25,1.8,0.49,20.875,20.9375,20.15625,20.1875,-5.9,0.0,25.0,0.0
3.14797,0x2B0,0.0,0.0,1.0,6.25,1.8,0.49,20.875,20.9375,20.15625,20.1875,-5.9,0.0,25.0,0.0
3.14896,0x316,0.0,0.0,1.0,6.25,1.8,0.49,20.875,20.9375,20.15625,20.1875,-5.9,0.0,25.0,0.0
3.15433,0x220,0.0,0.0,1.0,6.25,1.91,0.35,20.875,20.9375,20.15625,20.1875,-5.9,0.0,25.0,0.0
3.15797,0x2B0,0.0,0.0,1.0,6.25,1.91,0.35,20.875,20.9375,20.15625,20.1875,-5.9,0.0,25.0,0.0
3.15864,0x386,0.0,0.0,1.0,6.25,1.91,0.35,20.8125,20.71875,20.3125,20.1875,-5.9,0.0,25.0,0.0
3.15911,0x316,0.0,0.0,1.0,6.25,1.91,0.35,20.8125,20.71875,20.3125,20.1875,-5.9,0.0,25.0,0.0
3.16436,0x220,0.0,0.0,1.0,6.25,2.0,0.19,20.8125,20.71875,20.3125,20.1875,-5.9,0.0,25.0,0.0
3.16797,0x2B0,0.0,0.0,1.0,6.25,2.0,0.19,20.8125,20.71875,20.3125,20.1875,-5.9,0.0,25.0,0.0
3.16901,0x316,0.0,0.0,1.0,6.25,2.0,0.19,20.8125,20.71875,20.3125,20.1875,-5.9,0.0,25.0,0.0
3.17433,0x220,0.0,0.0,1.0,6.25,2.04,0.17,20.8125,20.71875,20.3125,20.1875,-5.9,0.0,25.0,0.0
3.17803,0x2B0,0.0,0.0,1.0,6.25,2.04,0.17,20.8125,20.71875,20.3125,20.1875,-5.9,0.0,25.0,0.0
3.17864,0x386,0.0,0.0,1.0,6.25,2.04,0.17,20.8125,20.90625,20.3125,20.40625,-5.9,0.0,25.0,0.0
3.17911,0x316,0.0,0.0,1.0,6.25,2.04,0.17,20.8125,20.90625,20.3125,20.40625,-5.9,0.0,25.0,0.0
3.18437,0x220,0.0,0.0,1.0,6.25,2.1,0.26,20.8125,20.90625,20.3125,20.40625,-5.9,0.0,25.0,0.0
3.18802,0x2B0,0.0,0.0,1.0,6.25,2.1,0.26,20.8125,20.90625,20.3125,20.40625,-5.9,0.0,25.0,0.0
3.18883,0x316,0.0,0.0,1.0,6.25,2.1,0.26,20.8125,20.90625,20.3125,20.40625,-5.9,0.0,28.0,0.0
3.19433,0x220,0.0,0.0,1.0,6.25,2.17,0.29,20.8125,20.90625,20.3125,20.40625,-5.9,0.0,28.0,0.0
3.19802,0x2B0,0.0,0.0,1.0,6.25,2.17,0.29,20.8125,20.90625,20.3125,20.40625,-5.9,0.0,28.0,0.0
3.19864,0x386,0.0,0.0,1.0,6.25,2.17,0.29,20.78125,20.9375,20.28125,20.34375,-5.9,0.0,28.0,0.0
3.19911,0x316,0.0,0.0,1.0,6.25,2.17,0.29,20.78125,20.9375,20.28125,20.34375,-5.9,0.0,30.0,0.0
3.20436,0x220,0.0,0.0,1.0,6.25,2.18,0.15,20.78125,20.9375,20.28125,20.34375,-5.9,0.0,30.0,0.0
3.208,0x2B0,0.0,0.0,1.0,6.25,2.18,0.15,20.78125,20.9375,20.28125,20.34375,-5.9,0.0,30.0,0.0
3.20888,0x316,0.0,0.0,1.0,6.25,2.18,0.15,20.78125,20.9375,20.28125,20.34375,-5.9,0.0,33.0,0.0
3.21433,0x220,0.0,0.0,1.0,6.25,2.16,-0.02,20.78125,20.9375,20.28125,20.34375,-5.9,0.0,33.0,0.0
3.21798,0x2B0,0.0,0.0,1.0,6.25,2.16,-0.02,20.78125,20.9375,20.28125,20.34375,-5.9,0.0,33.0,0.0
3.21864,0x386,0.0,0.0,1.0,6.25,2.16,-0.02,20.6875,21.0625,20.28125,20.40625,-5.9,0.0,33.0,0.0
3.21911,0x316,0.0,0.0,1.0,6.25,2.16,-0.02,20.6875,21.0625,20.28125,20.40625,-5.9,0.0,33.0,0.0
3.22435,0x220,0.0,0.0,1.0,6.25,2.15,-0.14,20.6875,21.0625,20.28125,20.40625,-5.9,0.0,33.0,0.0
3.22798,0x2B0,0.0,0.0,1.0,6.25,2.15,-0.14,20.6875,21.0625,20.28125,20.40625,-5.9,0.0,33.0,0.0
3.22884,0x316,0.0,0.0,1.0,6.25,2.15,-0.14,20.6875,21.0625,20.28125,20.40625,-5.9,0.0,33.0,0.0
3.23432,0x220,0.0,0.0,1.0,6.25,2.11,-0.08,20.6875,21.0625,20.28125,20.40625,-5.9,0.0,33.0,0.0
3.23798,0x2B0,0.0,0.0,1.0,6.25,2.11,-0.08,20.6875,21.0625,20.28125,20.40625,-5.9,0.0,33.0,0.0
3.23864,0x386,0.0,0.0,1.0,6.25,2.11,-0.08,20.84375,20.90625,20.34375,20.46875,-5.9,0.0,33.0,0.0
3.23912,0x316,0.0,0.0,1.0,6.25,2.11,-0.08,20.84375,20.90625,20.34375,20.46875,-5.9,0.0,33.0,0.0
3.24437,0x220,0.0,0.0,1.0,6.25,2.06,0.05,20.84375,20.90625,20.34375,20.46875,-5.9,0.0,33.0,0.0
3.24797,0x2B0,0.0,0.0,1.0,6.25,2.06,0.05,20.84375,20.90625,20.34375,20.46875,-5.9,0.0,33.0,0.0
3.249,0x316,0.0,0.0,1.0,6.25,2.06,0.05,20.84375,20.90625,20.34375,20.46875,-5.9,0.0,33.0,0.0
3.25433,0x220,0.0,0.0,1.0,6.25,2.07,0.13,20.84375,20.90625,20.34375,20.46875,-5.9,0.0,33.0,0.0
3.25798,0x2B0,0.0,0.0,1.0,6.25,2.07,0.13,20.84375,20.90625,20.34375,20.46875,-5.9,0.0,33.0,0.0
3.25864,0x386,0.0,0.0,1.0,6.25,2.07,0.13,20.8125,20.9375,20.28125,20.5625,-5.9,0.0,33.0,0.0
3.25912,0x316,0.0,0.0,1.0,6.25,2.07,0.13,20.8125,20.9375,20.28125,20.5625,-5.9,0.0,33.0,0.0
3.26437,0x220,0.0,0.0,1.0,6.25,2.12,0.12,20.8125,20.9375,20.28125,20.5625,-5.9,0.0,33.0,0.0
3.26796,0x2B0,0.0,0.0,1.0,6.25,2.12,0.12,20.8125,20.9375,20.28125,20.5625,-5.9,0.0,33.0,0.0
3.26896,0x316,0.0,0.0,1.0,6.25,2.12,0.12,20.8125,20.9375,20.28125,20.5625,-5.9,0.0,30.0,0.0
3.27433,0x220,0.0,0.0,1.0,6.25,2.11,0.07,20.8125,20.9375,20.28125,20.5625,-5.9,0.0,30.0,0.0
3.27796,0x2B0,0.0,0.0,1.0,6.25,2.11,0.07,20.8125,20.9375,20.28125,20.5625,-5.9,0.0,30.0,0.0
3.27864,0x386,0.0,0.0,1.0,6.25,2.11,0.07,20.75,20.65625,20.25,20.75,-5.9,0.0,30.0,0.0
3.27911,0x316,0.0,0.0,1.0,6.25,2.11,0.07,20.75,20.65625,20.25,20.75,-5.9,0.0,30.0,0.0
3.28436,0x220,0.0,0.0,1.0,6.25,1.99,0.06,20.75,20.65625,20.25,20.75,-5.9,0.0,30.0,0.0
3.28797,0x2B0,0.0,0.0,1.0,6.25,1.99,0.06,20.75,20.65625,20.25,20.75,-5.9,0.0,30.0,0.0
3.28885,0x316,0.0,0.0,1.0,6.25,1.99,0.06,20.75,20.65625,20.25,20.75,-5.9,0.0,30.0,0.0
3.29433,0x220,0.0,0.0,1.0,6.25,1.78,0.17,20.75,20.65625,20.25,20.75,-5.9,0.0,30.0,0.0
3.29798,0x2B0,0.0,0.0,1.0,6.25,1.78,0.17,20.75,20.65625,20.25,20.75,-5.9,0.0,30.0,0.0
3.29864,0x386,0.0,0.0,1.0,6.25,1.78,0.17,20.84375,20.75,20.34375,20.6875,-5.9,0.0,30.0,0.0
3.29912,0x316,0.0,0.0,1.0,6.25,1.78,0.17,20.84375,20.75,20.34375,20.6875,-5.9,0.0,30.0,0.0
3.30436,0x220,0.0,0.0,1.0,6.25,1.65,0.28,20.84375,20.75,20.34375,20.6875,-5.9,0.0,30.0,0.0
3.30798,0x2B0,0.0,0.0,1.0,6.25,1.65,0.28,20.84375,20.75,20.34375,20.6875,-5.9,0.0,30.0,0.0
3.30884,0x316,0.0,0.0,1.0,6.25,1.65,0.28,20.84375,20.75,20.34375,20.6875,-5.9,0.0,30.0,0.0
3.31433,0x220,0.0,0.0,1.0,6.25,1.62,0.23,20.84375,20.75,20.34375,20.6875,-5.9,0.0,30.0,0.0
3.31797,0x2B0,0.0,0.0,1.0,6.25,1.62,0.23,20.84375,20.75,20.34375,20.6875,-5.9,0.0,30.0,0.0
3.31864,0x386,0.0,0.0,1.0,6.25,1.62,0.23,20.84375,20.75,20.46875,20.5625,-5.9,0.0,30.0,0.0
3.31911,0x316,0.0,0.0,1.0,6.25,1.62,0.23,20.84375,20.75,20.46875,20.5625,-5.9,0.0,30.0,0.0
3.32436,0x220,0.0,0.0,1.0,6.25,1.61,0.06,20.84375,20.75,20.46875,20.5625,-5.9,0.0,30.0,0.0
3.32797,0x2B0,0.0,0.0,1.0,6.25,1.61,0.06,20.84375,20.75,20.46875,20.5625,-5.9,0.0,30.0,0.0
3.32885,0x316,0.0,0.0,1.0,6.25,1.61,0.06,20.84375,20.75,20.46875,20.5625,-5.9,0.0,30.0,0.0
3.33434,0x220,0.0,0.0,1.0,6.25,1.59,0.0,20.84375,20.75,20.46875,20.5625,-5.9,0.0,30.0,0.0
3.33797,0x2B0,0.0,0.0,1.0,6.25,1.59,0.0,20.84375,20.75,20.46875,20.5625,-5.9,0.0,30.0,0.0
3.33865,0x386,0.0,0.0,1.0,6.25,1.59,0.0,20.875,20.78125,20.40625,20.375,-5.9,0.0,30.0,0.0
3.33919,0x316,0.0,0.0,1.0,6.25,1.59,0.0,20.875,20.78125,20.40625,20.375,-5.9,0.0,33.0,0.0
3.34437,0x220,0.0,0.0,1.0,6.25,1.56,0.18,20.875,20.78125,20.40625,20.375,-5.9,0.0,33.0,0.0
3.34797,0x2B0,0.0,0.0,1.0,6.25,1.56,0.18,20.875,20.78125,20.40625,20.375,-5.9,0.0,33.0,0.0
3.34896,0x316,0.0,0.0,1.0,6.25,1.56,0.18,20.875,20.78125,20.40625,20.375,-5.9,0.0,33.0,0.0
3.35434,0x220,0.0,0.0,1.0,6.25,1.55,0.34,20.875,20.78125,20.40625,20.375,-5.9,0.0,33.0,0.0
3.35797,0x2B0,0.0,0.0,1.0,6.25,1.55,0.34,20.875,20.78125,20.40625,20.375,-5.9,0.0,33.0,0.0
3.35865,0x386,0.0,0.0,1.0,6.25,1.55,0.34,20.875,20.84375,20.25,20.40625,-5.9,0.0,33.0,0.0
3.35912,0x316,0.0,0.0,1.0,6.25,1.55,0.34,20.875,20.84375,20.25,20.40625,-5.9,0.0,43.0,0.0
3.36437,0x220,0.0,0.0,1.0,6.25,1.6,0.3,20.875,20.84375,20.25,20.40625,-5.9,0.0,43.0,0.0
3.36797,0x2B0,0.0,0.0,1.0,6.25,1.6,0.3,20.875,20.84375,20.25,20.40625,-5.9,0.0,43.0,0.0
3.36899,0x316,0.0,0.0,1.0,6.25,1.6,0.3,20.875,20.84375,20.25,20.40625,-5.9,0.0,45.0,0.0
3.37434,0x220,0.0,0.0,1.0,6.25,1.75,0.12,20.875,20.84375,20.25,20.40625,-5.9,0.0,45.0,0.0
3.37796,0x2B0,0.0,0.0,1.0,6.25,1.75,0.12,20.875,20.84375,20.25,20.40625,-5.9,0.0,45.0,0.0
3.37865,0x386,0.0,0.0,1.0,6.25,1.75,0.12,20.90625,20.78125,20.34375,20.40625,-5.9,0.0,45.0,0.0
3.37912,0x316,0.0,0.0,1.0,6.25,1.75,0.12,20.90625,20.78125,20.34375,20.40625,-5.9,0.0,48.0,0.0
3.38437,0x220,0.0,0.0,1.0,6.25,1.92,0.01,20.90625,20.78125,20.34375,20.40625,-5.9,0.0,48.0,0.0
3.38797,0x2B0,0.0,0.0,1.0,6.25,1.92,0.01,20.90625,20.78125,20.34375,20.40625,-5.9,0.0,48.0,0.0
3.38884,0x316,0.0,0.0,1.0,6.25,1.92,0.01,20.90625,20.78125,20.34375,20.40625,-5.9,0.0,48.0,0.0
3.39433,0x220,0.0,0.0,1.0,6.25,2.15,0.0,20.90625,20.78125,20.34375,20.40625,-5.9,0.0,48.0,0.0
3.39798,0x2B0,0.0,0.0,1.0,6.25,2.15,0.0,20.90625,20.78125,20.34375,20.40625,-5.9,0.0,48.0,0.0
3.39865,0x386,0.0,0.0,1.0,6.25,2.15,0.0,20.78125,20.9375,20.28125,20.28125,-5.9,0.0,48.0,0.0
3.39912,0x316,0.0,0.0,1.0,6.25,2.15,0.0,20.78125,20.9375,20.28125,20.28125,-5.9,0.0,48.0,0.0
3.40437,0x220,0.0,0.0,1.0,6.25,2.37,0.0,20.78125,20.9375,20.28125,20.28125,-5.9,0.0,48.0,0.0
3.40797,0x2B0,0.0,0.0,1.0,6.25,2.37,0.0,20.78125,20.9375,20.28125,20.28125,-5.9,0.0,48.0,0.0
3.40888,0x316,0.0,0.0,1.0,6.25,2.37,0.0,20.78125,20.9375,20.28125,20.28125,-5.9,0.0,48.0,0.0
3.41433,0x220,0.0,0.0,1.0,6.25,2.48,-0.05,20.78125,20.9375,20.28125,20.28125,-5.9,0.0,48.0,0.0
3.41797,0x2B0,0.0,0.0,1.0,6.25,2.48,-0.05,20.78125,20.9375,20.28125,20.28125,-5.9,0.0,48.0,0.0
3.41865,0x386,0.0,0.0,1.0,6.25,2.48,-0.05,20.78125,20.90625,20.09375,20.5,-5.9,0.0,48.0,0.0
3.41913,0x316,0.0,0.0,1.0,6.25,2.48,-0.05,20.78125,20.90625,20.09375,20.5,-5.9,0.0,43.0,0.0
3.42437,0x220,0.0,0.0,1.0,6.25,2.53,-0.01,20.78125,20.90625,20.09375,20.5,-5.9,0.0,43.0,0.0
3.42797,0x2B0,0.0,0.0,1.0,6.25,2.53,-0.01,20.78125,20.90625,20.09375,20.5,-5.9,0.0,43.0,0.0
3.42884,0x316,0.0,0.0,1.0,6.25,2.53,-0.01,20.78125,20.90625,20.09375,20.5,-5.9,0.0,40.0,0.0
3.43434,0x220,0.0,0.0,1.0,6.25,2.6,0.06,20.78125,20.90625,20.09375,20.5,-5.9,0.0,40.0,0.0
3.43797,0x2B0,0.0,0.0,1.0,6.25,2.6,0.06,20.78125,20.90625,20.09375,20.5,-5.9,0.0,40.0,0.0
3.43865,0x386,0.0,0.0,1.0,6.25,2.6,0.06,20.625,20.84375,20.3125,20.5,-5.9,0.0,40.0,0.0
3.43912,0x316,0.0,0.0,1.0,6.25,2.6,0.06,20.625,20.84375,20.3125,20.5,-5.9,0.0,35.0,0.0
3.44438,0x220,0.0,0.0,1.0,6.25,2.58,0.04,20.625,20.84375,20.3125,20.5,-5.9,0.0,35.0,0.0
3.44797,0x2B0,0.0,0.0,1.0,6.25,2.58,0.04,20.625,20.84375,20.3125,20.5,-5.9,0.0,35.0,0.0
3.44899,0x316,0.0,0.0,1.0,6.25,2.58,0.04,20.625,20.84375,20.3125,20.5,-5.9,0.0,35.0,0.0
3.45433,0x220,0.0,0.0,1.0,6.25,2.43,-0.05,20.625,20.84375,20.3125,20.5,-5.9,0.0,35.0,0.0
3.45797,0x2B0,0.0,0.0,1.0,6.25,2.43,-0.05,20.625,20.84375,20.3125,20.5,-5.9,0.0,35.0,0.0
3.45865,0x386,0.0,0.0,1.0,6.25,2.43,-0.05,20.875,20.75,20.4375,20.375,-5.9,0.0,35.0,0.0
3.45912,0x316,0.0,0.0,1.0,6.25,2.43,-0.05,20.875,20.75,20.4375,20.375,-5.9,0.0,33.0,0.0
3.46438,0x220,0.0,0.0,1.0,6.25,2.16,0.0,20.875,20.75,20.4375,20.375,-5.9,0.0,33.0,0.0
3.46797,0x2B0,0.0,0.0,1.0,6.25,2.16,0.0,20.875,20.75,20.4375,20.375,-5.9,0.0,33.0,0.0
3.46896,0x316,0.0,0.0,1.0,6.25,2.16,0.0,20.875,20.75,20.4375,20.375,-5.9,0.0,33.0,0.0
3.47434,0x220,0.0,0.0,1.0,6.25,1.92,0.1,20.875,20.75,20.4375,20.375,-5.9,0.0,33.0,0.0
3.47796,0x2B0,0.0,0.0,1.0,6.25,1.92,0.1,20.875,20.75,20.4375,20.375,-5.9,0.0,33.0,0.0
3.47865,0x386,0.0,0.0,1.0,6.25,1.92,0.1,20.75,20.875,20.25,19.65625,-5.9,0.0,33.0,0.0
3.47912,0x316,0.0,0.0,1.0,6.25,1.92,0.1,20.75,20.875,20.25,19.65625,-5.9,0.0,33.0,0.0
3.48437,0x220,0.0,0.0,1.0,6.25,1.8,-0.01,20.75,20.875,20.25,19.65625,-5.9,0.0,33.0,0.0
3.48796,0x2B0,0.0,0.0,1.0,6.25,1.8,-0.01,20.75,20.875,20.25,19.65625,-5.9,0.0,33.0,0.0
3.48885,0x316,0.0,0.0,1.0,6.25,1.8,-0.01,20.75,20.875,20.25,19.65625,-5.9,0.0,35.0,0.0
3.49434,0x220,0.0,0.0,1.0,6.25,1.76,-0.26,20.75,20.875,20.25,19.65625,-5.9,0.0,35.0,0.0
3.49796,0x2B0,0.0,0.0,1.0,6.25,1.76,-0.26,20.75,20.875,20.25,19.65625,-5.9,0.0,35.0,0.0
3.49866,0x386,0.0,0.0,1.0,6.25,1.76,-0.26,20.78125,20.59375,19.78125,19.71875,-5.9,0.0,35.0,0.0
3.49913,0x316,0.0,0.0,1.0,6.25,1.76,-0.26,20.78125,20.59375,19.78125,19.71875,-5.9,0.0,40.0,0.0
3.50437,0x220,0.0,0.0,1.0,6.25,1.78,-0.25,20.78125,20.59375,19.78125,19.71875,-5.9,0.0,40.0,0.0
3.50796,0x2B0,0.0,0.0,1.0,6.25,1.78,-0.25,20.78125,20.59375,19.78125,19.71875,-5.9,0.0,40.0,0.0
3.50883,0x316,0.0,0.0,1.0,6.25,1.78,-0.25,20.78125,20.59375,19.78125,19.71875,-5.9,0.0,45.0,0.0
3.51435,0x220,0.0,0.0,1.0,6.25,1.91,-0.02,20.78125,20.59375,19.78125,19.71875,-5.9,0.0,45.0,0.0
3.51796,0x2B0,0.0,0.0,1.0,6.25,1.91,-0.02,20.78125,20.59375,19.78125,19.71875,-5.9,0.0,45.0,0.0
3.51865,0x386,0.0,0.0,1.0,6.25,1.91,-0.02,20.65625,20.875,19.9375,20.21875,-5.9,0.0,45.0,0.0
3.51913,0x316,0.0,0.0,1.0,6.25,1.91,-0.02,20.65625,20.875,19.9375,20.21875,-5.9,0.0,48.0,0.0
3.52437,0x220,0.0,0.0,1.0,6.25,2.16,0.02,20.65625,20.875,19.9375,20.21875,-5.9,0.0,48.0,0.0
3.52795,0x2B0,0.0,0.0,1.0,6.25,2.16,0.02,20.65625,20.875,19.9375,20.21875,-5.9,0.0,48.0,0.0
3.52885,0x316,0.0,0.0,1.0,6.25,2.16,0.02,20.65625,20.875,19.9375,20.21875,-5.9,0.0,50.0,0.0
3.53434,0x220,0.0,0.0,1.0,6.25,2.4,-0.12,20.65625,20.875,19.9375,20.21875,-5.9,0.0,50.0,0.0
3.53795,0x2B0,0.0,0.0,1.0,6.25,2.4,-0.12,20.65625,20.875,19.9375,20.21875,-5.9,0.0,50.0,0.0
3.53865,0x386,0.0,0.0,1.0,6.25,2.4,-0.12,20.5625,20.84375,20.375,20.90625,-5.9,0.0,50.0,0.0
3.53917,0x316,0.0,0.0,1.0,6.25,2.4,-0.12,20.5625,20.84375,20.375,20.90625,-5.9,0.0,50.0,0.0
3.54437,0x220,0.0,0.0,1.0,6.25,2.44,-0.22,20.5625,20.84375,20.375,20.90625,-5.9,0.0,50.0,0.0
3.54796,0x2B0,0.0,0.0,1.0,6.25,2.44,-0.22,20.5625,20.84375,20.375,20.90625,-5.9,0.0,50.0,0.0
3.54896,0x316,0.0,0.0,1.0,6.25,2.44,-0.22,20.5625,20.84375,20.375,20.90625,-5.9,0.0,50.0,0.0
3.55434,0x220,0.0,0.0,1.0,6.25,2.3,-0.06,20.5625,20.84375,20.375,20.90625,-5.9,0.0,50.0,0.0
3.55796,0x2B0,0.0,0.0,1.0,6.25,2.3,-0.06,20.5625,20.84375,20.375,20.90625,-5.9,0.0,50.0,0.0
3.55866,0x386,0.0,0.0,1.0,6.25,2.3,-0.06,21.03125,20.75,20.40625,20.375,-5.9,0.0,50.0,0.0
3.55913,0x316,0.0,0.0,1.0,6.25,2.3,-0.06,21.03125,20.75,20.40625,20.375,-5.9,0.0,43.0,0.0
3.56437,0x220,0.0,0.0,1.0,6.25,2.1,0.19,21.03125,20.75,20.40625,20.375,-5.9,0.0,43.0,0.0
3.56795,0x2B0,0.0,0.0,1.0,6.25,2.1,0.19,21.03125,20.75,20.40625,20.375,-5.9,0.0,43.0,0.0
3.56899,0x316,0.0,0.0,1.0,6.25,2.1,0.19,21.03125,20.75,20.40625,20.375,-5.9,0.0,38.0,0.0
3.57434,0x220,0.0,0.0,1.0,6.25,1.84,0.31,21.03125,20.75,20.40625,20.375,-5.9,0.0,38.0,0.0
3.57796,0x2B0,0.0,0.0,1.0,6.25,1.84,0.31,21.03125,20.75,20.40625,20.375,-5.9,0.0,38.0,0.0
3.57866,0x386,0.0,0.0,1.0,6.25,1.84,0.31,20.5625,20.8125,19.9375,20.34375,-5.9,0.0,38.0,0.0
3.57913,0x316,0.0,0.0,1.0,6.25,1.84,0.31,20.5625,20.8125,19.9375,20.34375,-5.9,0.0,33.0,0.0
3.58438,0x220,0.0,0.0,1.0,6.25,1.47,0.05,20.5625,20.8125,19.9375,20.34375,-5.9,0.0,33.0,0.0
3.58797,0x2B0,0.0,0.0,1.0,6.25,1.47,0.05,20.5625,20.8125,19.9375,20.34375,-5.9,0.0,33.0,0.0
3.58883,0x316,0.0,0.0,1.0,6.25,1.47,0.05,20.5625,20.8125,19.9375,20.34375,-5.9,0.0,28.0,0.0
3.59434,0x220,0.0,0.0,1.0,6.25,1.1,-0.14,20.5625,20.8125,19.9375,20.34375,-5.9,0.0,28.0,0.0
3.59795,0x2B0,0.0,0.0,1.0,6.25,1.1,-0.14,20.5625,20.8125,19.9375,20.34375,-5.9,0.0,28.0,0.0
3.59865,0x386,0.0,0.0,1.0,6.25,1.1,-0.14,20.59375,20.65625,19.9375,20.375,-5.9,0.0,28.0,0.0
3.59912,0x316,0.0,0.0,1.0,6.25,1.1,-0.14,20.59375,20.65625,19.9375,20.375,-5.9,0.0,25.0,0.0
3.60437,0x220,0.0,0.0,1.0,6.25,0.98,0.07,20.59375,20.65625,19.9375,20.375,-5.9,0.0,25.0,0.0
3.60795,0x2B0,0.0,0.0,1.0,6.25,0.98,0.07,20.59375,20.65625,19.9375,20.375,-5.9,0.0,25.0,0.0
3.60886,0x316,0.0,0.0,1.0,6.25,0.98,0.07,20.59375,20.65625,19.9375,20.375,-5.9,0.0,25.0,0.0
3.61435,0x220,0.0,0.0,1.0,6.25,1.25,0.49,20.59375,20.65625,19.9375,20.375,-5.9,0.0,25.0,0.0
3.61794,0x2B0,0.0,0.0,1.0,6.25,1.25,0.49,20.59375,20.65625,19.9375,20.375,-5.9,0.0,25.0,0.0
3.61866,0x386,0.0,0.0,1.0,6.25,1.25,0.49,20.625,20.71875,20.125,20.46875,-5.9,0.0,25.0,0.0
3.61913,0x316,0.0,0.0,1.0,6.25,1.25,0.49,20.625,20.71875,20.125,20.46875,-5.9,0.0,25.0,0.0
3.62438,0x220,0.0,0.0,1.0,6.25,1.82,0.52,20.625,20.71875,20.125,20.46875,-5.9,0.0,25.0,0.0
3.62794,0x2B0,0.0,0.0,1.0,6.25,1.82,0.52,20.625,20.71875,20.125,20.46875,-5.9,0.0,25.0,0.0
3.62886,0x316,0.0,0.0,1.0,6.25,1.82,0.52,20.625,20.71875,20.125,20.46875,-5.9,0.0,28.0,0.0
3.63435,0x220,0.0,0.0,1.0,6.25,2.3,0.14,20.625,20.71875,20.125,20.46875,-5.9,0.0,28.0,0.0
3.63794,0x2B0,0.0,0.0,1.0,6.25,2.3,0.14,20.625,20.71875,20.125,20.46875,-5.9,0.0,28.0,0.0
3.63866,0x386,0.0,0.0,1.0,6.25,2.3,0.14,20.53125,20.46875,20.09375,20.25,-5.9,0.0,28.0,0.0
3.63913,0x316,0.0,0.0,1.0,6.25,2.3,0.14,20.53125,20.46875,20.09375,20.25,-5.9,0.0,30.0,0.0
3.64438,0x220,0.0,0.0,1.0,6.25,2.41,-0.14,20.53125,20.46875,20.09375,20.25,-5.9,0.0,30.0,0.0
3.64799,0x2B0,0.0,0.0,1.0,6.25,2.41,-0.14,20.53125,20.46875,20.09375,20.25,-5.9,0.0,30.0,0.0
3.64897,0x316,0.0,0.0,1.0,6.25,2.41,-0.14,20.53125,20.46875,20.09375,20.25,-5.9,0.0,30.0,0.0
3.65435,0x220,0.0,0.0,1.0,6.25,2.08,-0.05,20.53125,20.46875,20.09375,20.25,-5.9,0.0,30.0,0.0
3.65798,0x2B0,0.0,0.0,1.0,6.25,2.08,-0.05,20.53125,20.46875,20.09375,20.25,-5.9,0.0,30.0,0.0
3.65866,0x386,0.0,0.0,1.0,6.25,2.08,-0.05,20.5625,20.53125,20.125,20.09375,-5.9,0.0,30.0,0.0
3.65913,0x316,0.0,0.0,1.0,6.25,2.08,-0.05,20.5625,20.53125,20.125,20.09375,-5.9,0.0,43.0,0.0
3.66438,0x220,0.0,0.0,1.0,6.25,1.67,0.16,20.5625,20.53125,20.125,20.09375,-5.9,0.0,43.0,0.0
3.66798,0x2B0,0.0,0.0,1.0,6.25,1.67,0.16,20.5625,20.53125,20.125,20.09375,-5.9,0.0,43.0,0.0
3.66902,0x316,0.0,0.0,1.0,6.25,1.67,0.16,20.5625,20.53125,20.125,20.09375,-5.9,0.0,45.0,0.0
3.67435,0x220,0.0,0.0,1.0,6.25,1.48,0.32,20.5625,20.53125,20.125,20.09375,-5.9,0.0,45.0,0.0
3.67798,0x2B0,0.0,0.0,1.0,6.25,1.48,0.32,20.5625,20.53125,20.125,20.09375,-5.9,0.0,45.0,0.0
3.67866,0x386,0.0,0.0,1.0,6.25,1.48,0.32,20.3125,20.5,20.15625,20.1875,-5.9,0.0,45.0,0.0
3.67914,0x316,0.0,0.0,1.0,6.25,1.48,0.32,20.3125,20.5,20.15625,20.1875,-5.9,0.0,48.0,0.0
3.68438,0x220,0.0,0.0,1.0,6.25,1.76,0.36,20.3125,20.5,20.15625,20.1875,-5.9,0.0,48.0,0.0
3.68798,0x2B0,0.0,0.0,1.0,6.25,1.76,0.36,20.3125,20.5,20.15625,20.1875,-5.9,0.0,48.0,0.0
3.68883,0x316,0.0,0.0,1.0,6.25,1.76,0.36,20.3125,20.5,20.15625,20.1875,-5.9,0.0,48.0,0.0
3.69434,0x220,0.0,0.0,1.0,6.25,2.41,0.19,20.3125,20.5,20.15625,20.1875,-5.9,0.0,48.0,0.0
3.69798,0x2B0,0.0,0.0,1.0,6.25,2.41,0.19,20.3125,20.5,20.15625,20.1875,-5.9,0.0,48.0,0.0
3.69866,0x386,0.0,0.0,1.0,6.25,2.41,0.19,20.59375,20.34375,20.3125,20.46875,-5.9,0.0,48.0,0.0
3.69913,0x316,0.0,0.0,1.0,6.25,2.41,0.19,20.59375,20.34375,20.3125,20.46875,-5.9,0.0,45.0,0.0
3.70438,0x220,0.0,0.0,1.0,6.25,2.97,0.0,20.59375,20.34375,20.3125,20.46875,-5.9,0.0,45.0,0.0
3.70797,0x2B0,0.0,0.0,1.0,6.25,2.97,0.0,20.59375,20.34375,20.3125,20.46875,-5.9,0.0,45.0,0.0
3.70887,0x316,0.0,0.0,1.0,6.25,2.97,0.0,20.59375,20.34375,20.3125,20.46875,-5.9,0.0,40.0,0.0
3.71435,0x220,0.0,0.0,1.0,6.25,3.1,-0.05,20.59375,20.34375,20.3125,20.46875,-5.9,0.0,40.0,0.0
3.71799,0x2B0,0.0,0.0,1.0,6.25,3.1,-0.05,20.59375,20.34375,20.3125,20.46875,-5.9,0.0,40.0,0.0
3.71866,0x386,0.0,0.0,1.0,6.25,3.1,-0.05,20.46875,20.65625,20.6875,20.34375,-5.9,0.0,40.0,0.0
3.71913,0x316,0.0,0.0,1.0,6.25,3.1,-0.05,20.46875,20.65625,20.6875,20.34375,-5.9,0.0,35.0,0.0
3.72438,0x220,0.0,0.0,1.0,6.25,2.68,-0.07,20.46875,20.65625,20.6875,20.34375,-5.9,0.0,35.0,0.0
3.72798,0x2B0,0.0,0.0,1.0,6.25,2.68,-0.07,20.46875,20.65625,20.6875,20.34375,-5.9,0.0,35.0,0.0
3.72883,0x316,0.0,0.0,1.0,6.25,2.68,-0.07,20.46875,20.65625,20.6875,20.34375,-5.9,0.0,33.0,0.0
3.73435,0x220,0.0,0.0,1.0,6.25,2.06,-0.07,20.46875,20.65625,20.6875,20.34375,-5.9,0.0,33.0,0.0
3.73799,0x2B0,0.0,0.0,1.0,6.25,2.06,-0.07,20.46875,20.65625,20.6875,20.34375,-5.9,0.0,33.0,0.0
3.73866,0x386,0.0,0.0,1.0,6.25,2.06,-0.07,20.53125,20.3125,20.375,20.1875,-5.9,0.0,33.0,0.0
3.73917,0x316,0.0,0.0,1.0,6.25,2.06,-0.07,20.53125,20.3125,20.375,20.1875,-5.9,0.0,30.0,0.0
3.74439,0x220,0.0,0.0,1.0,6.25,1.66,0.12,20.53125,20.3125,20.375,20.1875,-5.9,0.0,30.0,0.0
3.74797,0x2B0,0.0,0.0,1.0,6.25,1.66,0.12,20.53125,20.3125,20.375,20.1875,-5.9,0.0,30.0,0.0
3.74902,0x316,0.0,0.0,1.0,6.25,1.66,0.12,20.53125,20.3125,20.375,20.1875,-5.9,0.0,30.0,0.0
3.75435,0x220,0.0,0.0,1.0,6.25,1.78,0.29,20.53125,20.3125,20.375,20.1875,-5.9,0.0,30.0,0.0
3.75802,0x2B0,0.0,0.0,1.0,6.25,1.78,0.29,20.53125,20.3125,20.375,20.1875,-5.9,0.0,30.0,0.0
3.75866,0x386,0.0,0.0,1.0,6.25,1.78,0.29,20.3125,20.4375,20.03125,20.40625,-5.9,0.0,30.0,0.0
3.7589,0x316,0.0,0.0,1.0,6.25,1.78,0.29,20.3125,20.4375,20.03125,20.40625,-5.9,0.0,35.0,0.0
3.76438,0x220,0.0,0.0,1.0,6.25,2.23,-0.01,20.3125,20.4375,20.03125,20.40625,-5.9,0.0,35.0,0.0
3.76802,0x2B0,0.0,0.0,1.0,6.25,2.23,-0.01,20.3125,20.4375,20.03125,20.40625,-6.0,0.0,35.0,0.0
3.76897,0x316,0.0,0.0,1.0,6.25,2.23,-0.01,20.3125,20.4375,20.03125,20.40625,-6.0,0.0,40.0,0.0
3.77435,0x220,0.0,0.0,1.0,6.25,2.54,-0.41,20.3125,20.4375,20.03125,20.40625,-6.0,0.0,40.0,0.0
3.77802,0x2B0,0.0,0.0,1.0,6.25,2.54,-0.41,20.3125,20.4375,20.03125,20.40625,-6.0,0.0,40.0,0.0
3.77866,0x386,0.0,0.0,1.0,6.25,2.54,-0.41,20.53125,20.8125,20.03125,20.3125,-6.0,0.0,40.0,0.0
3.77914,0x316,0.0,0.0,1.0,6.25,2.54,-0.41,20.53125,20.8125,20.03125,20.3125,-6.0,0.0,48.0,0.0
3.78439,0x220,0.0,0.0,1.0,6.25,2.47,-0.29,20.53125,20.8125,20.03125,20.3125,-6.0,0.0,48.0,0.0
3.78803,0x2B0,0.0,0.0,1.0,6.25,2.47,-0.29,20.53125,20.8125,20.03125,20.3125,-6.0,0.0,48.0,0.0
3.78887,0x316,0.0,0.0,1.0,6.25,2.47,-0.29,20.53125,20.8125,20.03125,20.3125,-6.0,0.0,56.0,0.0
3.79435,0x220,0.0,0.0,1.0,6.25,2.1,0.27,20.53125,20.8125,20.03125,20.3125,-6.0,0.0,56.0,0.0
3.79803,0x2B0,0.0,0.0,1.0,6.25,2.1,0.27,20.53125,20.8125,20.03125,20.3125,-6.2,8.0,56.0,0.0
3.79866,0x386,0.0,0.0,1.0,6.25,2.1,0.27,20.65625,20.53125,20.125,20.3125,-6.2,8.0,56.0,0.0
3.7989,0x316,0.0,0.0,1.0,6.25,2.1,0.27,20.65625,20.53125,20.125,20.3125,-6.2,8.0,63.0,0.0
3.80438,0x220,0.0,0.0,1.0,6.25,1.79,0.75,20.65625,20.53125,20.125,20.3125,-6.2,8.0,63.0,0.0
3.80803,0x2B0,0.0,0.0,1.0,6.25,1.79,0.75,20.65625,20.53125,20.125,20.3125,-6.2,8.0,63.0,0.0
3.80886,0x316,0.0,0.0,1.0,6.25,1.79,0.75,20.65625,20.53125,20.125,20.3125,-6.2,8.0,68.0,0.0
3.81435,0x220,0.0,0.0,1.0,6.25,1.7,0.88,20.65625,20.53125,20.125,20.3125,-6.2,8.0,68.0,0.0
3.81797,0x2B0,0.0,0.0,1.0,6.25,1.7,0.88,20.65625,20.53125,20.125,20.3125,-6.2,0.0,68.0,0.0
3.81866,0x386,0.0,0.0,1.0,6.25,1.7,0.88,20.59375,20.8125,19.9375,20.375,-6.2,0.0,68.0,0.0
3.81914,0x316,0.0,0.0,1.0,6.25,1.7,0.88,20.59375,20.8125,19.9375,20.375,-6.2,0.0,71.0,0.0
3.82439,0x220,0.0,0.0,1.0,6.25,1.81,0.57,20.59375,20.8125,19.9375,20.375,-6.2,0.0,71.0,0.0
3.82798,0x2B0,0.0,0.0,1.0,6.25,1.81,0.57,20.59375,20.8125,19.9375,20.375,-6.4,8.0,71.0,0.0
3.82886,0x316,0.0,0.0,1.0,6.25,1.81,0.57,20.59375,20.8125,19.9375,20.375,-6.4,8.0,71.0,0.0
3.83435,0x220,0.0,0.0,1.0,6.25,2.02,0.19,20.59375,20.8125,19.9375,20.375,-6.4,8.0,71.0,0.0
3.83799,0x2B0,0.0,0.0,1.0,6.25,2.02,0.19,20.59375,20.8125,19.9375,20.375,-6.4,8.0,71.0,0.0
3.83866,0x386,0.0,0.0,1.0,6.25,2.02,0.19,20.5625,20.46875,19.625,20.25,-6.4,8.0,71.0,0.0
3.83913,0x316,0.0,0.0,1.0,6.25,2.02,0.19,20.5625,20.46875,19.625,20.25,-6.4,8.0,66.0,0.0
3.84439,0x220,0.0,0.0,1.0,6.25,2.16,0.14,20.5625,20.46875,19.625,20.25,-6.4,8.0,66.0,0.0
3.84794,0x2B0,0.0,0.0,1.0,6.25,2.16,0.14,20.5625,20.46875,19.625,20.25,-6.5,0.0,66.0,0.0
3.84899,0x316,0.0,0.0,1.0,6.25,2.16,0.14,20.5625,20.46875,19.625,20.25,-6.5,0.0,66.0,0.0
3.85435,0x220,0.0,0.0,1.0,6.25,2.2,0.48,20.5625,20.46875,19.625,20.25,-6.5,0.0,66.0,0.0
3.85796,0x2B0,0.0,0.0,1.0,6.25,2.2,0.48,20.5625,20.46875,19.625,20.25,-6.5,0.0,66.0,0.0
3.85866,0x386,0.0,0.0,1.0,6.25,2.2,0.48,20.5625,20.875,19.96875,20.34375,-6.5,0.0,66.0,0.0
3.85914,0x316,0.0,0.0,1.0,6.25,2.2,0.48,20.5625,20.875,19.96875,20.34375,-6.5,0.0,50.0,0.0
3.86438,0x220,0.0,0.0,1.0,6.25,2.23,0.84,20.5625,20.875,19.96875,20.34375,-6.5,0.0,50.0,0.0
3.86796,0x2B0,0.0,0.0,1.0,6.25,2.23,0.84,20.5625,20.875,19.96875,20.34375,-6.6,0.0,50.0,0.0
3.86899,0x316,0.0,0.0,1.0,6.25,2.23,0.84,20.5625,20.875,19.96875,20.34375,-6.6,0.0,43.0,0.0
3.87435,0x220,0.0,0.0,1.0,6.25,2.3,0.87,20.5625,20.875,19.96875,20.34375,-6.6,0.0,43.0,0.0
3.87791,0x2B0,0.0,0.0,1.0,6.25,2.3,0.87,20.5625,20.875,19.96875,20.34375,-6.6,0.0,43.0,0.0
3.87866,0x386,0.0,0.0,1.0,6.25,2.3,0.87,20.53125,20.8125,20.28125,20.25,-6.6,0.0,43.0,0.0
3.87913,0x316,0.0,0.0,1.0,6.25,2.3,0.87,20.53125,20.8125,20.28125,20.25,-6.6,0.0,38.0,0.0
3.88438,0x220,0.0,0.0,1.0,6.25,2.42,0.58,20.53125,20.8125,20.28125,20.25,-6.6,0.0,38.0,0.0
3.88796,0x2B0,0.0,0.0,1.0,6.25,2.42,0.58,20.53125,20.8125,20.28125,20.25,-6.6,0.0,38.0,0.0
3.88883,0x316,0.0,0.0,1.0,6.25,2.42,0.58,20.53125,20.8125,20.28125,20.25,-6.6,0.0,35.0,0.0
3.89435,0x220,0.0,0.0,1.0,6.25,2.54,0.18,20.53125,20.8125,20.28125,20.25,-6.6,0.0,35.0,0.0
3.89796,0x2B0,0.0,0.0,1.0,6.25,2.54,0.18,20.53125,20.8125,20.28125,20.25,-6.6,0.0,35.0,0.0
3.89866,0x386,0.0,0.0,1.0,6.25,2.54,0.18,20.53125,20.65625,20.125,20.09375,-6.6,0.0,35.0,0.0
3.8989,0x316,0.0,0.0,1.0,6.25,2.54,0.18,20.53125,20.65625,20.125,20.09375,-6.6,0.0,33.0,0.0
3.90439,0x220,0.0,0.0,1.0,6.25,2.53,-0.03,20.53125,20.65625,20.125,20.09375,-6.6,0.0,33.0,0.0
3.90797,0x2B0,0.0,0.0,1.0,6.25,2.53,-0.03,20.53125,20.65625,20.125,20.09375,-6.6,0.0,33.0,0.0
3.90888,0x316,0.0,0.0,1.0,6.25,2.53,-0.03,20.53125,20.65625,20.125,20.09375,-6.6,0.0,33.0,0.0
3.91435,0x220,0.0,0.0,1.0,6.25,2.38,0.0,20.53125,20.65625,20.125,20.09375,-6.6,0.0,33.0,0.0
3.91796,0x2B0,0.0,0.0,1.0,6.25,2.38,0.0,20.53125,20.65625,20.125,20.09375,-6.6,0.0,33.0,0.0
3.91867,0x386,0.0,0.0,1.0,6.25,2.38,0.0,20.53125,20.8125,20.0,19.90625,-6.6,0.0,33.0,0.0
3.91891,0x316,0.0,0.0,1.0,6.25,2.38,0.0,20.53125,20.8125,20.0,19.90625,-6.6,0.0,33.0,0.0
3.92438,0x220,0.0,0.0,1.0,6.25,2.26,0.14,20.53125,20.8125,20.0,19.90625,-6.6,0.0,33.0,0.0
3.92797,0x2B0,0.0,0.0,1.0,6.25,2.26,0.14,20.53125,20.8125,20.0,19.90625,-6.6,0.0,33.0,0.0
3.92885,0x316,0.0,0.0,1.0,6.25,2.26,0.14,20.53125,20.8125,20.0,19.90625,-6.6,0.0,38.0,0.0
3.93436,0x220,0.0,0.0,1.0,6.25,2.22,0.16,20.53125,20.8125,20.0,19.90625,-6.6,0.0,38.0,0.0
3.93796,0x2B0,0.0,0.0,1.0,6.25,2.22,0.16,20.53125,20.8125,20.0,19.90625,-6.6,0.0,38.0,0.0
3.93867,0x386,0.0,0.0,1.0,6.25,2.22,0.16,20.5625,20.4375,19.875,20.21875,-6.6,0.0,38.0,0.0
3.93914,0x316,0.0,0.0,1.0,6.25,2.22,0.16,20.5625,20.4375,19.875,20.21875,-6.6,0.0,43.0,0.0
3.9444,0x220,0.0,0.0,1.0,6.25,2.24,0.0,20.5625,20.4375,19.875,20.21875,-6.6,0.0,43.0,0.0
3.94794,0x2B0,0.0,0.0,1.0,6.25,2.24,0.0,20.5625,20.4375,19.875,20.21875,-6.7,0.0,43.0,0.0
3.94904,0x316,0.0,0.0,1.0,6.25,2.24,0.0,20.5625,20.4375,19.875,20.21875,-6.7,0.0,43.0,0.0
3.95436,0x220,0.0,0.0,1.0,6.25,2.25,-0.24,20.5625,20.4375,19.875,20.21875,-6.7,0.0,43.0,0.0
3.95788,0x2B0,0.0,0.0,1.0,6.25,2.25,-0.24,20.5625,20.4375,19.875,20.21875,-6.7,0.0,43.0,0.0
3.95867,0x386,0.0,0.0,1.0,6.25,2.25,-0.24,20.6875,20.625,19.78125,20.3125,-6.7,0.0,43.0,0.0
3.95891,0x316,0.0,0.0,1.0,6.25,2.25,-0.24,20.6875,20.625,19.78125,20.3125,-6.7,0.0,53.0,0.0
3.96439,0x220,0.0,0.0,1.0,6.25,2.17,-0.33,20.6875,20.625,19.78125,20.3125,-6.7,0.0,53.0,0.0
3.96794,0x2B0,0.0,0.0,1.0,6.25,2.17,-0.33,20.6875,20.625,19.78125,20.3125,-6.7,0.0,53.0,0.0
3.96898,0x316,0.0,0.0,1.0,6.25,2.17,-0.33,20.6875,20.625,19.78125,20.3125,-6.7,0.0,56.0,0.0
3.97436,0x220,0.0,0.0,1.0,6.25,1.92,-0.21,20.6875,20.625,19.78125,20.3125,-6.7,0.0,56.0,0.0
3.97792,0x2B0,0.0,0.0,1.0,6.25,1.92,-0.21,20.6875,20.625,19.78125,20.3125,-6.7,0.0,56.0,0.0
3.97867,0x386,0.0,0.0,1.0,6.25,1.92,-0.21,20.4375,20.5625,19.4375,20.09375,-6.7,0.0,56.0,0.0
3.97914,0x316,0.0,0.0,1.0,6.25,1.92,-0.21,20.4375,20.5625,19.4375,20.09375,-6.7,0.0,56.0,0.0
3.98439,0x220,0.0,0.0,1.0,6.25,1.61,0.0,20.4375,20.5625,19.4375,20.09375,-6.7,0.0,56.0,0.0
3.98794,0x2B0,0.0,0.0,1.0,6.25,1.61,0.0,20.4375,20.5625,19.4375,20.09375,-6.8,0.0,56.0,0.0
3.98887,0x316,0.0,0.0,1.0,6.25,1.61,0.0,20.4375,20.5625,19.4375,20.09375,-6.8,0.0,53.0,0.0
3.99435,0x220,0.0,0.0,1.0,6.25,1.46,0.25,20.4375,20.5625,19.4375,20.09375,-6.8,0.0,53.0,0.0
3.99794,0x2B0,0.0,0.0,1.0,6.25,1.46,0.25,20.4375,20.5625,19.4375,20.09375,-6.8,0.0,53.0,0.0
3.99867,0x386,0.0,0.0,1.0,6.25,1.46,0.25,20.40625,20.53125,20.28125,20.03125,-6.8,0.0,53.0,0.0
3.99915,0x316,0.0,0.0,1.0,6.25,1.46,0.25,20.40625,20.53125,20.28125,20.03125,-6.8,0.0,50.0,0.0
4.00439,0x220,0.0,0.0,1.0,6.25,1.5,0.55,20.40625,20.53125,20.28125,20.03125,-6.8,0.0,50.0,0.0
4.00794,0x2B0,0.0,0.0,1.0,6.25,1.5,0.55,20.40625,20.53125,20.28125,20.03125,-6.8,0.0,50.0,0.0
4.00886,0x316,0.0,0.0,1.0,6.25,1.5,0.55,20.40625,20.53125,20.28125,20.03125,-6.8,0.0,45.0,0.0
4.01436,0x220,0.0,0.0,1.0,6.25,1.7,0.61,20.40625,20.53125,20.28125,20.03125,-6.8,0.0,45.0,0.0
4.01794,0x2B0,0.0,0.0,1.0,6.25,1.7,0.61,20.40625,20.53125,20.28125,20.03125,-7.0,8.0,45.0,0.0
4.01867,0x386,0.0,0.0,1.0,6.25,1.7,0.61,20.5625,20.15625,20.03125,20.1875,-7.0,8.0,45.0,0.0
4.01892,0x316,0.0,0.0,1.0,6.25,1.7,0.61,20.5625,20.15625,20.03125,20.1875,-7.0,8.0,40.0,0.0
4.02439,0x220,0.0,0.0,1.0,6.25,1.98,0.3,20.5625,20.15625,20.03125,20.1875,-7.0,8.0,40.0,0.0
4.02796,0x2B0,0.0,0.0,1.0,6.25,1.98,0.3,20.5625,20.15625,20.03125,20.1875,-7.0,8.0,40.0,0.0
4.02886,0x316,0.0,0.0,1.0,6.25,1.98,0.3,20.5625,20.15625,20.03125,20.1875,-7.0,8.0,38.0,0.0
4.03435,0x220,0.0,0.0,1.0,6.25,1.98,-0.06,20.5625,20.15625,20.03125,20.1875,-7.0,8.0,38.0,0.0
4.03794,0x2B0,0.0,0.0,1.0,6.25,1.98,-0.06,20.5625,20.15625,20.03125,20.1875,-7.0,0.0,38.0,0.0
4.03867,0x386,0.0,0.0,1.0,6.25,1.98,-0.06,20.4375,20.4375,19.96875,20.28125,-7.0,0.0,38.0,0.0
4.0392,0x316,0.0,0.0,1.0,6.25,1.98,-0.06,20.4375,20.4375,19.96875,20.28125,-7.0,0.0,35.0,0.0
4.04439,0x220,0.0,0.0,1.0,6.25,1.6,-0.19,20.4375,20.4375,19.96875,20.28125,-7.0,0.0,35.0,0.0
4.04795,0x2B0,0.0,0.0,1.0,6.25,1.6,-0.19,20.4375,20.4375,19.96875,20.28125,-7.2,8.0,35.0,0.0
4.04897,0x316,0.0,0.0,1.0,6.25,1.6,-0.19,20.4375,20.4375,19.96875,20.28125,-7.2,8.0,35.0,0.0
4.05436,0x220,0.0,0.0,1.0,6.25,1.13,-0.13,20.4375,20.4375,19.96875,20.28125,-7.2,8.0,35.0,0.0
4.05797,0x2B0,0.0,0.0,1.0,6.25,1.13,-0.13,20.4375,20.4375,19.96875,20.28125,-7.2,8.0,35.0,0.0
4.05867,0x386,0.0,0.0,1.0,6.25,1.13,-0.13,20.125,20.25,19.90625,20.375,-7.2,8.0,35.0,0.0
4.05891,0x316,0.0,0.0,1.0,6.25,1.13,-0.13,20.125,20.25,19.90625,20.375,-7.2,8.0,35.0,0.0
4.0644,0x220,0.0,0.0,1.0,6.25,0.9,0.0,20.125,20.25,19.90625,20.375,-7.2,8.0,35.0,0.0
4.06796,0x2B0,0.0,0.0,1.0,6.25,0.9,0.0,20.125,20.25,19.90625,20.375,-7.2,0.0,35.0,0.0
4.06902,0x316,0.0,0.0,1.0,6.25,0.9,0.0,20.125,20.25,19.90625,20.375,-7.2,0.0,40.0,0.0
4.07435,0x220,0.0,0.0,1.0,6.25,1.15,0.21,20.125,20.25,19.90625,20.375,-7.2,0.0,40.0,0.0
4.07798,0x2B0,0.0,0.0,1.0,6.25,1.15,0.21,20.125,20.25,19.90625,20.375,-7.3,0.0,40.0,0.0
4.07867,0x386,0.0,0.0,1.0,6.25,1.15,0.21,20.4375,20.34375,19.59375,20.0625,-7.3,0.0,40.0,0.0
4.07914,0x316,0.0,0.0,1.0,6.25,1.15,0.21,20.4375,20.34375,19.59375,20.0625,-7.3,0.0,45.0,0.0
4.08439,0x220,0.0,0.0,1.0,6.25,1.86,0.33,20.4375,20.34375,19.59375,20.0625,-7.3,0.0,45.0,0.0
4.0879,0x2B0,0.0,0.0,1.0,6.25,1.86,0.33,20.4375,20.34375,19.59375,20.0625,-7.3,0.0,45.0,0.0
4.08882,0x316,0.0,0.0,1.0,6.25,1.86,0.33,20.4375,20.34375,19.59375,20.0625,-7.3,0.0,50.0,0.0
4.09436,0x220,0.0,0.0,1.0,6.25,2.81,0.27,20.4375,20.34375,19.59375,20.0625,-7.3,0.0,50.0,0.0
4.0979,0x2B0,0.0,0.0,1.0,6.25,2.81,0.27,20.4375,20.34375,19.59375,20.0625,-7.3,0.0,50.0,0.0
4.09867,0x386,0.0,0.0,1.0,6.25,2.81,0.27,20.09375,20.375,20.375,19.6875,-7.3,0.0,50.0,0.0
4.09892,0x316,0.0,0.0,1.0,6.25,2.81,0.27,20.09375,20.375,20.375,19.6875,-7.3,0.0,56.0,0.0
4.10439,0x220,0.0,0.0,1.0,6.25,3.36,0.08,20.09375,20.375,20.375,19.6875,-7.3,0.0,56.0,0.0
4.10797,0x2B0,0.0,0.0,1.0,6.25,3.36,0.08,20.09375,20.375,20.375,19.6875,-7.3,0.0,56.0,0.0
4.10887,0x316,0.0,0.0,1.0,6.25,3.36,0.08,20.09375,20.375,20.375,19.6875,-7.3,0.0,61.0,0.0
4.11436,0x220,0.0,0.0,1.0,6.25,3.22,-0.08,20.09375,20.375,20.375,19.6875,-7.3,0.0,61.0,0.0
4.11797,0x2B0,0.0,0.0,1.0,6.25,3.22,-0.08,20.09375,20.375,20.375,19.6875,-7.3,0.0,61.0,0.0
4.11867,0x386,0.0,0.0,1.0,6.25,3.22,-0.08,20.34375,20.3125,19.96875,19.8125,-7.3,0.0,61.0,0.0
4.11915,0x316,0.0,0.0,1.0,6.25,3.22,-0.08,20.34375,20.3125,19.96875,19.8125,-7.3,0.0,61.0,0.0
4.12439,0x220,0.0,0.0,1.0,6.25,2.56,-0.19,20.34375,20.3125,19.96875,19.8125,-7.3,0.0,61.0,0.0
4.12798,0x2B0,0.0,0.0,1.0,6.25,2.56,-0.19,20.34375,20.3125,19.96875,19.8125,-7.5,8.0,61.0,0.0
4.12882,0x316,0.0,0.0,1.0,6.25,2.56,-0.19,20.34375,20.3125,19.96875,19.8125,-7.5,8.0,61.0,0.0
4.13436,0x220,0.0,0.0,1.0,6.25,1.82,-0.2,20.34375,20.3125,19.96875,19.8125,-7.5,8.0,61.0,0.0
4.13799,0x2B0,0.0,0.0,1.0,6.25,1.82,-0.2,20.34375,20.3125,19.96875,19.8125,-7.5,8.0,61.0,0.0
4.13868,0x386,0.0,0.0,1.0,6.25,1.82,-0.2,20.34375,20.4375,19.71875,19.84375,-7.5,8.0,61.0,0.0
4.13915,0x316,0.0,0.0,1.0,6.25,1.82,-0.2,20.34375,20.4375,19.71875,19.84375,-7.5,8.0,61.0,0.0
4.1444,0x220,0.0,0.0,1.0,6.25,1.54,-0.29,20.34375,20.4375,19.71875,19.84375,-7.5,8.0,61.0,0.0
4.14797,0x2B0,0.0,0.0,1.0,6.25,1.54,-0.29,20.34375,20.4375,19.71875,19.84375,-7.7,8.0,61.0,0.0
4.14898,0x316,0.0,0.0,1.0,6.25,1.54,-0.29,20.34375,20.4375,19.71875,19.84375,-7.7,8.0,61.0,0.0
4.15436,0x220,0.0,0.0,1.0,6.25,1.84,-0.7,20.34375,20.4375,19.71875,19.84375,-7.7,8.0,61.0,0.0
4.15798,0x2B0,0.0,0.0,1.0,6.25,1.84,-0.7,20.34375,20.4375,19.71875,19.84375,-7.7,8.0,61.0,0.0
4.15867,0x386,0.0,0.0,1.0,6.25,1.84,-0.7,20.03125,20.4375,19.8125,19.4375,-7.7,8.0,61.0,0.0
4.15915,0x316,0.0,0.0,1.0,6.25,1.84,-0.7,20.03125,20.4375,19.8125,19.4375,-7.7,8.0,56.0,0.0
4.16439,0x220,0.0,0.0,1.0,6.25,2.45,-1.18,20.03125,20.4375,19.8125,19.4375,-7.7,8.0,56.0,0.0
4.16798,0x2B0,0.0,0.0,1.0,6.25,2.45,-1.18,20.03125,20.4375,19.8125,19.4375,-7.9,8.0,56.0,0.0
4.16898,0x316,0.0,0.0,1.0,6.25,2.45,-1.18,20.03125,20.4375,19.8125,19.4375,-7.9,8.0,53.0,0.0
4.17437,0x220,0.0,0.0,1.0,6.25,2.91,-1.2,20.03125,20.4375,19.8125,19.4375,-7.9,8.0,53.0,0.0
4.17796,0x2B0,0.0,0.0,1.0,6.25,2.91,-1.2,20.03125,20.4375,19.8125,19.4375,-7.9,8.0,53.0,0.0
4.17868,0x386,0.0,0.0,1.0,6.25,2.91,-1.2,20.1875,20.5,19.90625,19.8125,-7.9,8.0,53.0,0.0
4.17914,0x316,0.0,0.0,1.0,6.25,2.91,-1.2,20.1875,20.5,19.90625,19.8125,-7.9,8.0,53.0,0.0
4.18439,0x220,0.0,0.0,1.0,6.25,2.98,-0.78,20.1875,20.5,19.90625,19.8125,-7.9,8.0,53.0,0.0
4.18796,0x2B0,0.0,0.0,1.0,6.25,2.98,-0.78,20.1875,20.5,19.90625,19.8125,-8.0,0.0,53.0,0.0
4.18887,0x316,0.0,0.0,1.0,6.25,2.98,-0.78,20.1875,20.5,19.90625,19.8125,-8.0,0.0,50.0,0.0
4.19437,0x220,0.0,0.0,1.0,6.25,2.77,-0.27,20.1875,20.5,19.90625,19.8125,-8.0,0.0,50.0,0.0
4.19794,0x2B0,0.0,0.0,1.0,6.25,2.77,-0.27,20.1875,20.5,19.90625,19.8125,-8.0,0.0,50.0,0.0
4.19867,0x386,0.0,0.0,1.0,6.25,2.77,-0.27,20.375,20.25,19.34375,20.21875,-8.0,0.0,50.0,0.0
4.19914,0x316,0.0,0.0,1.0,6.25,2.77,-0.27,20.375,20.25,19.34375,20.21875,-8.0,0.0,50.0,0.0
4.20439,0x220,0.0,0.0,1.0,6.25,2.46,-0.13,20.375,20.25,19.34375,20.21875,-8.0,0.0,50.0,0.0
4.20795,0x2B0,0.0,0.0,1.0,6.25,2.46,-0.13,20.375,20.25,19.34375,20.21875,-8.3,12.0,50.0,0.0
4.20887,0x316,0.0,0.0,1.0,6.25,2.46,-0.13,20.375,20.25,19.34375,20.21875,-8.3,12.0,53.0,0.0
4.21436,0x220,0.0,0.0,1.0,6.25,2.15,-0.47,20.375,20.25,19.34375,20.21875,-8.3,12.0,53.0,0.0
4.21794,0x2B0,0.0,0.0,1.0,6.25,2.15,-0.47,20.375,20.25,19.34375,20.21875,-8.4,20.0,53.0,0.0
4.21867,0x386,0.0,0.0,1.0,6.25,2.15,-0.47,20.34375,20.40625,19.0625,19.40625,-8.4,20.0,53.0,0.0
4.21891,0x316,0.0,0.0,1.0,6.25,2.15,-0.47,20.34375,20.40625,19.0625,19.40625,-8.4,20.0,58.0,0.0
4.2244,0x220,0.0,0.0,1.0,6.25,1.81,-0.95,20.34375,20.40625,19.0625,19.40625,-8.4,20.0,58.0,0.0
4.22798,0x2B0,0.0,0.0,1.0,6.25,1.81,-0.95,20.34375,20.40625,19.0625,19.40625,-8.4,0.0,58.0,0.0
4.22887,0x316,0.0,0.0,1.0,6.25,1.81,-0.95,20.34375,20.40625,19.0625,19.40625,-8.4,0.0,61.0,0.0
4.23436,0x220,0.0,0.0,1.0,6.25,1.4,-1.14,20.34375,20.40625,19.0625,19.40625,-8.4,0.0,61.0,0.0
4.23795,0x2B0,0.0,0.0,1.0,6.25,1.4,-1.14,20.34375,20.40625,19.0625,19.40625,-8.4,0.0,61.0,0.0
4.23868,0x386,0.0,0.0,1.0,6.25,1.4,-1.14,20.375,20.5,19.5,18.90625,-8.4,0.0,61.0,0.0
4.23921,0x316,0.0,0.0,1.0,6.25,1.4,-1.14,20.375,20.5,19.5,18.90625,-8.4,0.0,66.0,0.0
4.2444,0x220,0.0,0.0,1.0,6.25,1.09,-0.8,20.375,20.5,19.5,18.90625,-8.4,0.0,66.0,0.0
4.24795,0x2B0,0.0,0.0,1.0,6.25,1.09,-0.8,20.375,20.5,19.5,18.90625,-8.6,8.0,66.0,0.0
4.24899,0x316,0.0,0.0,1.0,6.25,1.09,-0.8,20.375,20.5,19.5,18.90625,-8.6,8.0,66.0,0.0
4.25436,0x220,0.0,0.0,1.0,6.25,1.05,-0.17,20.375,20.5,19.5,18.90625,-8.6,8.0,66.0,0.0
4.25789,0x2B0,0.0,0.0,1.0,6.25,1.05,-0.17,20.375,20.5,19.5,18.90625,-8.6,8.0,66.0,0.0
4.25868,0x386,0.0,0.0,1.0,6.25,1.05,-0.17,20.28125,20.3125,19.625,19.46875,-8.6,8.0,66.0,0.0
4.25892,0x316,0.0,0.0,1.0,6.25,1.05,-0.17,20.28125,20.3125,19.625,19.46875,-8.6,8.0,76.0,0.0
4.2644,0x220,0.0,0.0,1.0,6.25,1.35,0.33,20.28125,20.3125,19.625,19.46875,-8.6,8.0,76.0,0.0
4.2679,0x2B0,0.0,0.0,1.0,6.25,1.35,0.33,20.28125,20.3125,19.625,19.46875,-8.6,0.0,76.0,0.0
4.26899,0x316,0.0,0.0,1.0,6.25,1.35,0.33,20.28125,20.3125,19.625,19.46875,-8.6,0.0,79.0,0.0
4.27437,0x220,0.0,0.0,1.0,6.25,1.85,0.25,20.28125,20.3125,19.625,19.46875,-8.6,0.0,79.0,0.0
4.2779,0x2B0,0.0,0.0,1.0,6.25,1.85,0.25,20.28125,20.3125,19.625,19.46875,-8.6,0.0,79.0,0.0
4.27868,0x386,0.0,0.0,1.0,6.25,1.85,0.25,20.21875,19.96875,20.09375,20.0625,-8.6,0.0,79.0,0.0
4.27915,0x316,0.0,0.0,1.0,6.25,1.85,0.25,20.21875,19.96875,20.09375,20.0625,-8.6,0.0,79.0,0.0
4.2844,0x220,0.0,0.0,1.0,6.25,2.16,-0.27,20.21875,19.96875,20.09375,20.0625,-8.6,0.0,79.0,0.0
4.2879,0x2B0,0.0,0.0,1.0,6.25,2.16,-0.27,20.21875,19.96875,20.09375,20.0625,-8.6,0.0,79.0,0.0
4.28883,0x316,0.0,0.0,1.0,6.25,2.16,-0.27,20.21875,19.96875,20.09375,20.0625,-8.6,0.0,79.0,0.0
4.29436,0x220,0.0,0.0,1.0,6.25,2.09,-0.73,20.21875,19.96875,20.09375,20.0625,-8.6,0.0,79.0,0.0
4.29788,0x2B0,0.0,0.0,1.0,6.25,2.09,-0.73,20.21875,19.96875,20.09375,20.0625,-8.6,0.0,79.0,0.0
4.29868,0x386,0.0,0.0,1.0,6.25,2.09,-0.73,20.21875,20.3125,19.78125,19.6875,-8.6,0.0,79.0,0.0
4.29892,0x316,0.0,0.0,1.0,6.25,2.09,-0.73,20.21875,20.3125,19.78125,19.6875,-8.6,0.0,71.0,0.0
4.3044,0x220,0.0,0.0,1.0,6.25,1.69,-0.75,20.21875,20.3125,19.78125,19.6875,-8.6,0.0,71.0,0.0
4.3079,0x2B0,0.0,0.0,1.0,6.25,1.69,-0.75,20.21875,20.3125,19.78125,19.6875,-8.6,0.0,71.0,0.0
4.30886,0x316,0.0,0.0,1.0,6.25,1.69,-0.75,20.21875,20.3125,19.78125,19.6875,-8.6,0.0,63.0,0.0
4.31437,0x220,0.0,0.0,1.0,6.25,1.21,-0.45,20.21875,20.3125,19.78125,19.6875,-8.6,0.0,63.0,0.0
4.31791,0x2B0,0.0,0.0,1.0,6.25,1.21,-0.45,20.21875,20.3125,19.78125,19.6875,-8.6,0.0,63.0,0.0
4.31868,0x386,0.0,0.0,1.0,6.25,1.21,-0.45,20.0625,19.90625,19.4375,19.6875,-8.6,0.0,63.0,0.0
4.31915,0x316,0.0,0.0,1.0,6.25,1.21,-0.45,20.0625,19.90625,19.4375,19.6875,-8.6,0.0,56.0,0.0
4.3244,0x220,0.0,0.0,1.0,6.25,0.98,-0.04,20.0625,19.90625,19.4375,19.6875,-8.6,0.0,56.0,0.0
4.32792,0x2B0,0.0,0.0,1.0,6.25,0.98,-0.04,20.0625,19.90625,19.4375,19.6875,-8.5,0.0,56.0,0.0
4.32885,0x316,0.0,0.0,1.0,6.25,0.98,-0.04,20.0625,19.90625,19.4375,19.6875,-8.5,0.0,50.0,0.0
4.33437,0x220,0.0,0.0,1.0,6.25,1.07,0.23,20.0625,19.90625,19.4375,19.6875,-8.5,0.0,50.0,0.0
4.33791,0x2B0,0.0,0.0,1.0,6.25,1.07,0.23,20.0625,19.90625,19.4375,19.6875,-8.5,0.0,50.0,0.0
4.33869,0x386,0.0,0.0,1.0,6.25,1.07,0.23,20.0625,20.0625,19.90625,20.03125,-8.5,0.0,50.0,0.0
4.33916,0x316,0.0,0.0,1.0,6.25,1.07,0.23,20.0625,20.0625,19.90625,20.03125,-8.5,0.0,48.0,0.0
4.34441,0x220,0.0,0.0,1.0,6.25,1.27,0.33,20.0625,20.0625,19.90625,20.03125,-8.5,0.0,48.0,0.0
4.34792,0x2B0,0.0,0.0,1.0,6.25,1.27,0.33,20.0625,20.0625,19.90625,20.03125,-8.3,8.0,48.0,0.0
4.34899,0x316,0.0,0.0,1.0,6.25,1.27,0.33,20.0625,20.0625,19.90625,20.03125,-8.3,8.0,48.0,0.0
4.35437,0x220,0.0,0.0,1.0,6.25,1.36,0.37,20.0625,20.0625,19.90625,20.03125,-8.3,8.0,48.0,0.0
4.35789,0x2B0,0.0,0.0,1.0,6.25,1.36,0.37,20.0625,20.0625,19.90625,20.03125,-8.3,8.0,48.0,0.0
4.35868,0x386,0.0,0.0,1.0,6.25,1.36,0.37,19.875,19.75,20.03125,19.625,-8.3,8.0,48.0,0.0
4.35915,0x316,0.0,0.0,1.0,6.25,1.36,0.37,19.875,19.75,20.03125,19.625,-8.3,8.0,45.0,0.0
4.3644,0x220,0.0,0.0,1.0,6.25,1.15,0.49,19.875,19.75,20.03125,19.625,-8.3,8.0,45.0,0.0
4.36789,0x2B0,0.0,0.0,1.0,6.25,1.15,0.49,19.875,19.75,20.03125,19.625,-8.3,0.0,45.0,0.0
4.36898,0x316,0.0,0.0,1.0,6.25,1.15,0.49,19.875,19.75,20.03125,19.625,-8.3,0.0,45.0,0.0
4.37436,0x220,0.0,0.0,1.0,6.25,0.71,0.82,19.875,19.75,20.03125,19.625,-8.3,0.0,45.0,0.0
4.3779,0x2B0,0.0,0.0,1.0,6.25,0.71,0.82,19.875,19.75,20.03125,19.625,-8.2,0.0,45.0,0.0
4.37868,0x386,0.0,0.0,1.0,6.25,0.71,0.82,20.125,19.8125,19.96875,19.78125,-8.2,0.0,45.0,0.0
4.37915,0x316,0.0,0.0,1.0,6.25,0.71,0.82,20.125,19.8125,19.96875,19.78125,-8.2,0.0,50.0,0.0
4.3844,0x220,0.0,0.0,1.0,6.25,0.25,1.13,20.125,19.8125,19.96875,19.78125,-8.2,0.0,50.0,0.0
4.38787,0x2B0,0.0,0.0,1.0,6.25,0.25,1.13,20.125,19.8125,19.96875,19.78125,-8.2,0.0,50.0,0.0
4.38883,0x316,0.0,0.0,1.0,6.25,0.25,1.13,20.125,19.8125,19.96875,19.78125,-8.2,0.0,56.0,0.0
4.39436,0x220,0.0,0.0,1.0,6.25,0.12,1.09,20.125,19.8125,19.96875,19.78125,-8.2,0.0,56.0,0.0
4.39787,0x2B0,0.0,0.0,1.0,6.25,0.12,1.09,20.125,19.8125,19.96875,19.78125,-8.2,0.0,56.0,0.0
4.39868,0x386,0.0,0.0,1.0,6.25,0.12,1.09,19.8125,19.875,19.75,19.6875,-8.2,0.0,56.0,0.0
4.39915,0x316,0.0,0.0,1.0,6.25,0.12,1.09,19.8125,19.875,19.75,19.6875,-8.2,0.0,63.0,0.0
4.4044,0x220,0.0,0.0,1.0,6.25,0.3,0.62,19.8125,19.875,19.75,19.6875,-8.2,0.0,63.0,0.0
4.40788,0x2B0,0.0,0.0,1.0,6.25,0.3,0.62,19.8125,19.875,19.75,19.6875,-8.2,0.0,63.0,0.0
4.40892,0x316,0.0,0.0,1.0,6.25,0.3,0.62,19.8125,19.875,19.75,19.6875,-8.2,0.0,71.0,0.0
4.41437,0x220,0.0,0.0,1.0,6.25,0.53,0.08,19.8125,19.875,19.75,19.6875,-8.2,0.0,71.0,0.0
4.4179,0x2B0,0.0,0.0,1.0,6.25,0.53,0.08,19.8125,19.875,19.75,19.6875,-8.1,0.0,71.0,0.0
4.41869,0x386,0.0,0.0,1.0,6.25,0.53,0.08,19.6875,19.71875,19.75,19.84375,-8.1,0.0,71.0,0.0
4.41893,0x316,0.0,0.0,1.0,6.25,0.53,0.08,19.6875,19.71875,19.75,19.84375,-8.1,0.0,79.0,0.0
4.4244,0x220,0.0,0.0,1.0,6.25,0.65,0.04,19.6875,19.71875,19.75,19.84375,-8.1,0.0,79.0,0.0
4.42791,0x2B0,0.0,0.0,1.0,6.25,0.65,0.04,19.6875,19.71875,19.75,19.84375,-8.1,0.0,79.0,0.0
4.42883,0x316,0.0,0.0,1.0,6.25,0.65,0.04,19.6875,19.71875,19.75,19.84375,-8.1,0.0,84.0,0.0
4.43437,0x220,0.0,0.0,1.0,6.25,0.72,0.6,19.6875,19.71875,19.75,19.84375,-8.1,0.0,84.0,0.0
4.4379,0x2B0,0.0,0.0,1.0,6.25,0.72,0.6,19.6875,19.71875,19.75,19.84375,-7.9,8.0,84.0,0.0
4.43868,0x386,0.0,0.0,1.0,6.25,0.72,0.6,19.9375,19.8125,19.375,19.5,-7.9,8.0,84.0,0.0
4.43921,0x316,0.0,0.0,1.0,6.25,0.72,0.6,19.9375,19.8125,19.375,19.5,-7.9,8.0,86.0,0.0
4.44441,0x220,0.0,0.0,1.0,6.25,0.93,1.31,19.9375,19.8125,19.375,19.5,-7.9,8.0,86.0,0.0
4.44796,0x2B0,0.0,0.0,1.0,6.25,0.93,1.31,19.9375,19.8125,19.375,19.5,-7.9,8.0,86.0,0.0
4.44907,0x316,0.0,0.0,1.0,6.25,0.93,1.31,19.9375,19.8125,19.375,19.5,-7.9,8.0,86.0,0.0
4.45437,0x220,0.0,0.0,1.0,6.25,1.33,1.4,19.9375,19.8125,19.375,19.5,-7.9,8.0,86.0,0.0
4.45794,0x2B0,0.0,0.0,1.0,6.25,1.33,1.4,19.9375,19.8125,19.375,19.5,-7.7,8.0,86.0,0.0
4.45869,0x386,0.0,0.0,1.0,6.25,1.33,1.4,19.78125,19.875,19.0,19.53125,-7.7,8.0,86.0,0.0
4.45893,0x316,0.0,0.0,1.0,6.25,1.33,1.4,19.78125,19.875,19.0,19.53125,-7.7,8.0,84.0,0.0
4.4644,0x220,0.0,0.0,1.0,6.25,1.63,0.83,19.78125,19.875,19.0,19.53125,-7.7,8.0,84.0,0.0
4.46793,0x2B0,0.0,0.0,1.0,6.25,1.63,0.83,19.78125,19.875,19.0,19.53125,-7.7,8.0,84.0,0.0
4.46899,0x316,0.0,0.0,1.0,6.25,1.63,0.83,19.78125,19.875,19.0,19.53125,-7.7,8.0,79.0,0.0
4.47438,0x220,0.0,0.0,1.0,6.25,1.63,0.33,19.78125,19.875,19.0,19.53125,-7.7,8.0,79.0,0.0
4.47791,0x2B0,0.0,0.0,1.0,6.25,1.63,0.33,19.78125,19.875,19.0,19.53125,-7.6,0.0,79.0,0.0
4.47869,0x386,0.0,0.0,1.0,6.25,1.63,0.33,19.875,19.78125,19.0,19.25,-7.6,0.0,79.0,0.0
4.47916,0x316,0.0,0.0,1.0,6.25,1.63,0.33,19.875,19.78125,19.0,19.25,-7.6,0.0,73.0,0.0
4.48441,0x220,0.0,0.0,1.0,6.25,1.43,0.4,19.875,19.78125,19.0,19.25,-7.6,0.0,73.0,0.0
4.48795,0x2B0,0.0,0.0,1.0,6.25,1.43,0.4,19.875,19.78125,19.0,19.25,-7.4,12.0,73.0,0.0
4.48884,0x316,0.0,0.0,1.0,6.25,1.43,0.4,19.875,19.78125,19.0,19.25,-7.4,12.0,68.0,0.0
4.49437,0x220,0.0,0.0,1.0,6.25,1.19,0.88,19.875,19.78125,19.0,19.25,-7.4,12.0,68.0,0.0
4.49791,0x2B0,0.0,0.0,1.0,6.25,1.19,0.88,19.875,19.78125,19.0,19.25,-7.4,8.0,68.0,0.0
4.49869,0x386,0.0,0.0,1.0,6.25,1.19,0.88,19.875,19.875,19.40625,19.21875,-7.4,8.0,68.0,0.0
4.49893,0x316,0.0,0.0,1.0,6.25,1.19,0.88,19.875,19.875,19.40625,19.21875,-7.4,8.0,66.0,0.0
4.5044,0x220,0.0,0.0,1.0,6.25,1.07,1.14,19.875,19.875,19.40625,19.21875,-7.4,8.0,66.0,0.0
4.50795,0x2B0,0.0,0.0,1.0,6.25,1.07,1.14,19.875,19.875,19.40625,19.21875,-7.4,0.0,66.0,0.0
4.50882,0x316,0.0,0.0,1.0,6.25,1.07,1.14,19.875,19.875,19.40625,19.21875,-7.4,0.0,66.0,0.0
4.51437,0x220,0.0,0.0,1.0,6.25,1.13,0.85,19.875,19.875,19.40625,19.21875,-7.4,0.0,66.0,0.0
4.51792,0x2B0,0.0,0.0,1.0,6.25,1.13,0.85,19.875,19.875,19.40625,19.21875,-7.3,0.0,66.0,0.0
4.51868,0x386,0.0,0.0,1.0,6.25,1.13,0.85,19.71875,19.84375,19.0,19.3125,-7.3,0.0,66.0,0.0
4.51915,0x316,0.0,0.0,1.0,6.25,1.13,0.85,19.71875,19.84375,19.0,19.3125,-7.3,0.0,63.0,0.0
4.5244,0x220,0.0,0.0,1.0,6.25,1.35,0.26,19.71875,19.84375,19.0,19.3125,-7.3,0.0,63.0,0.0
4.5279,0x2B0,0.0,0.0,1.0,6.25,1.35,0.26,19.71875,19.84375,19.0,19.3125,-7.3,0.0,63.0,0.0
4.52886,0x316,0.0,0.0,1.0,6.25,1.35,0.26,19.71875,19.84375,19.0,19.3125,-7.3,0.0,63.0,0.0
4.53437,0x220,0.0,0.0,1.0,6.25,1.62,-0.07,19.71875,19.84375,19.0,19.3125,-7.3,0.0,63.0,0.0
4.5379,0x2B0,0.0,0.0,1.0,6.25,1.62,-0.07,19.71875,19.84375,19.0,19.3125,-7.3,0.0,63.0,0.0
4.53869,0x386,0.0,0.0,1.0,6.25,1.62,-0.07,19.71875,19.8125,18.46875,19.6875,-7.3,0.0,63.0,0.0
4.53917,0x316,0.0,0.0,1.0,6.25,1.62,-0.07,19.71875,19.8125,18.46875,19.6875,-7.3,0.0,63.0,0.0
4.54442,0x220,0.0,0.0,1.0,6.25,1.86,0.0,19.71875,19.8125,18.46875,19.6875,-7.3,0.0,63.0,0.0
4.5479,0x2B0,0.0,0.0,1.0,6.25,1.86,0.0,19.71875,19.8125,18.46875,19.6875,-7.3,0.0,63.0,0.0
4.54893,0x316,0.0,0.0,1.0,6.25,1.86,0.0,19.71875,19.8125,18.46875,19.6875,-7.3,0.0,63.0,0.0
4.55437,0x220,0.0,0.0,1.0,6.25,2.07,0.21,19.71875,19.8125,18.46875,19.6875,-7.3,0.0,63.0,0.0
4.5579,0x2B0,0.0,0.0,1.0,6.25,2.07,0.21,19.71875,19.8125,18.46875,19.6875,-7.3,0.0,63.0,0.0
4.55869,0x386,0.0,0.0,1.0,6.25,2.07,0.21,19.6875,19.78125,18.5625,18.875,-7.3,0.0,63.0,0.0
4.55892,0x316,0.0,0.0,1.0,6.25,2.07,0.21,19.6875,19.78125,18.5625,18.875,-7.3,0.0,66.0,0.0
4.56441,0x220,0.0,0.0,1.0,6.25,2.27,0.33,19.6875,19.78125,18.5625,18.875,-7.3,0.0,66.0,0.0
4.56797,0x2B0,0.0,0.0,1.0,6.25,2.27,0.33,19.6875,19.78125,18.5625,18.875,-7.3,0.0,66.0,0.0
4.56902,0x316,0.0,0.0,1.0,6.25,2.27,0.33,19.6875,19.78125,18.5625,18.875,-7.3,0.0,71.0,0.0
4.57438,0x220,0.0,0.0,1.0,6.25,2.46,0.33,19.6875,19.78125,18.5625,18.875,-7.3,0.0,71.0,0.0
4.57797,0x2B0,0.0,0.0,1.0,6.25,2.46,0.33,19.6875,19.78125,18.5625,18.875,-7.3,0.0,71.0,0.0
4.57869,0x386,0.0,0.0,1.0,6.25,2.46,0.33,19.53125,19.8125,19.0625,18.625,-7.3,0.0,71.0,0.0
4.57893,0x316,0.0,0.0,1.0,6.25,2.46,0.33,19.53125,19.8125,19.0625,18.625,-7.3,0.0,73.0,0.0
4.58441,0x220,0.0,0.0,1.0,6.25,2.55,0.27,19.53125,19.8125,19.0625,18.625,-7.3,0.0,73.0,0.0
4.58796,0x2B0,0.0,0.0,1.0,6.25,2.55,0.27,19.53125,19.8125,19.0625,18.625,-7.4,0.0,73.0,0.0
4.58882,0x316,0.0,0.0,1.0,6.25,2.55,0.27,19.53125,19.8125,19.0625,18.625,-7.4,0.0,79.0,0.0
4.59438,0x220,0.0,0.0,1.0,6.25,2.61,0.1,19.53125,19.8125,19.0625,18.625,-7.4,0.0,79.0,0.0
4.59796,0x2B0,0.0,0.0,1.0,6.25,2.61,0.1,19.53125,19.8125,19.0625,18.625,-7.4,0.0,79.0,0.0
4.59869,0x386,0.0,0.0,1.0,6.25,2.61,0.1,19.625,19.625,18.9375,19.375,-7.4,0.0,79.0,0.0
4.59892,0x316,0.0,0.0,1.0,6.25,2.61,0.1,19.625,19.625,18.9375,19.375,-7.4,0.0,81.0,0.0
4.6044,0x220,0.0,0.0,1.0,6.25,2.62,-0.11,19.625,19.625,18.9375,19.375,-7.4,0.0,81.0,0.0
4.60796,0x2B0,0.0,0.0,1.0,6.25,2.62,-0.11,19.625,19.625,18.9375,19.375,-7.5,0.0,81.0,0.0
4.60892,0x316,0.0,0.0,1.0,6.25,2.62,-0.11,19.625,19.625,18.9375,19.375,-7.5,0.0,84.0,0.0
4.61438,0x220,0.0,0.0,1.0,6.25,2.58,-0.26,19.625,19.625,18.9375,19.375,-7.5,0.0,84.0,0.0
4.61794,0x2B0,0.0,0.0,1.0,6.25,2.58,-0.26,19.625,19.625,18.9375,19.375,-7.5,0.0,84.0,0.0
4.61869,0x386,0.0,0.0,1.0,6.25,2.58,-0.26,19.34375,19.46875,18.71875,19.5,-7.5,0.0,84.0,0.0
4.61893,0x316,0.0,0.0,1.0,6.25,2.58,-0.26,19.34375,19.46875,18.71875,19.5,-7.5,0.0,84.0,0.0
4.62442,0x220,0.0,0.0,1.0,6.25,2.52,-0.35,19.34375,19.46875,18.71875,19.5,-7.5,0.0,84.0,0.0
4.62795,0x2B0,0.0,0.0,1.0,6.25,2.52,-0.35,19.34375,19.46875,18.71875,19.5,-7.7,8.0,84.0,0.0
4.62882,0x316,0.0,0.0,1.0,6.25,2.52,-0.35,19.34375,19.46875,18.71875,19.5,-7.7,8.0,84.0,0.0
4.63438,0x220,0.0,0.0,1.0,6.25,2.45,-0.49,19.34375,19.46875,18.71875,19.5,-7.7,8.0,84.0,0.0
4.63789,0x2B0,0.0,0.0,1.0,6.25,2.45,-0.49,19.34375,19.46875,18.71875,19.5,-7.7,8.0,84.0,0.0
4.6387,0x386,0.0,0.0,1.0,6.25,2.45,-0.49,19.71875,19.46875,19.03125,19.0,-7.7,8.0,84.0,0.0
4.63917,0x316,0.0,0.0,1.0,6.25,2.45,-0.49,19.71875,19.46875,19.03125,19.0,-7.7,8.0,84.0,0.0
4.64442,0x220,0.0,0.0,1.0,6.25,2.38,-0.55,19.71875,19.46875,19.03125,19.0,-7.7,8.0,84.0,0.0
4.64795,0x2B0,0.0,0.0,1.0,6.25,2.38,-0.55,19.71875,19.46875,19.03125,19.0,-7.7,0.0,84.0,0.0
4.64903,0x316,0.0,0.0,1.0,6.25,2.38,-0.55,19.71875,19.46875,19.03125,19.0,-7.7,0.0,84.0,0.0
4.65438,0x220,0.0,0.0,1.0,6.25,2.3,-0.38,19.71875,19.46875,19.03125,19.0,-7.7,0.0,84.0,0.0
4.65794,0x2B0,0.0,0.0,1.0,6.25,2.3,-0.38,19.71875,19.46875,19.03125,19.0,-7.9,8.0,84.0,0.0
4.65869,0x386,0.0,0.0,1.0,6.25,2.3,-0.38,19.3125,19.5,18.71875,18.875,-7.9,8.0,84.0,0.0
4.65893,0x316,0.0,0.0,1.0,6.25,2.3,-0.38,19.3125,19.5,18.71875,18.875,-7.9,8.0,84.0,0.0
4.66441,0x220,0.0,0.0,1.0,6.25,2.33,-0.17,19.3125,19.5,18.71875,18.875,-7.9,8.0,84.0,0.0
4.66794,0x2B0,0.0,0.0,1.0,6.25,2.33,-0.17,19.3125,19.5,18.71875,18.875,-7.9,8.0,84.0,0.0
4.66898,0x316,0.0,0.0,1.0,6.25,2.33,-0.17,19.3125,19.5,18.71875,18.875,-7.9,8.0,84.0,0.0
4.67437,0x220,0.0,0.0,1.0,6.25,2.44,-0.26,19.3125,19.5,18.71875,18.875,-7.9,8.0,84.0,0.0
4.6779,0x2B0,0.0,0.0,1.0,6.25,2.44,-0.26,19.3125,19.5,18.71875,18.875,-7.9,0.0,84.0,0.0
4.67869,0x386,0.0,0.0,1.0,6.25,2.44,-0.26,19.28125,19.46875,19.0625,18.90625,-7.9,0.0,84.0,0.0
4.67916,0x316,0.0,0.0,1.0,6.25,2.44,-0.26,19.28125,19.46875,19.0625,18.90625,-7.9,0.0,84.0,0.0
4.68441,0x220,0.0,0.0,1.0,6.25,2.52,-0.43,19.28125,19.46875,19.0625,18.90625,-7.9,0.0,84.0,0.0
4.6879,0x2B0,0.0,0.0,1.0,6.25,2.52,-0.43,19.28125,19.46875,19.0625,18.90625,-8.0,0.0,84.0,0.0
4.68888,0x316,0.0,0.0,1.0,6.25,2.52,-0.43,19.28125,19.46875,19.0625,18.90625,-8.0,0.0,86.0,0.0
4.69438,0x220,0.0,0.0,1.0,6.25,2.66,-0.49,19.28125,19.46875,19.0625,18.90625,-8.0,0.0,86.0,0.0
4.69784,0x2B0,0.0,0.0,1.0,6.25,2.66,-0.49,19.28125,19.46875,19.0625,18.90625,-8.0,0.0,86.0,0.0
4.69869,0x386,0.0,0.0,1.0,6.25,2.66,-0.49,19.4375,19.28125,18.6875,18.9375,-8.0,0.0,86.0,0.0
4.69893,0x316,0.0,0.0,1.0,6.25,2.66,-0.49,19.4375,19.28125,18.6875,18.9375,-8.0,0.0,89.0,0.0
4.70441,0x220,0.0,0.0,1.0,6.25,2.82,-0.47,19.4375,19.28125,18.6875,18.9375,-8.0,0.0,89.0,0.0
4.70785,0x2B0,0.0,0.0,1.0,6.25,2.82,-0.47,19.4375,19.28125,18.6875,18.9375,-8.0,0.0,89.0,0.0
4.70882,0x316,0.0,0.0,1.0,6.25,2.82,-0.47,19.4375,19.28125,18.6875,18.9375,-8.0,0.0,94.0,0.0
4.71438,0x220,0.0,0.0,1.0,6.25,2.8,-0.5,19.4375,19.28125,18.6875,18.9375,-8.0,0.0,94.0,0.0
4.71793,0x2B0,0.0,0.0,1.0,6.25,2.8,-0.5,19.4375,19.28125,18.6875,18.9375,-8.0,0.0,94.0,0.0
4.7187,0x386,0.0,0.0,1.0,6.25,2.8,-0.5,19.15625,19.21875,18.5,19.03125,-8.0,0.0,94.0,0.0
4.71894,0x316,0.0,0.0,1.0,6.25,2.8,-0.5,19.15625,19.21875,18.5,19.03125,-8.0,0.0,96.0,0.0
4.72441,0x220,0.0,0.0,1.0,6.25,2.55,-0.67,19.15625,19.21875,18.5,19.03125,-8.0,0.0,96.0,0.0
4.72789,0x2B0,0.0,0.0,1.0,6.25,2.55,-0.67,19.15625,19.21875,18.5,19.03125,-7.8,8.0,96.0,0.0
4.72885,0x316,0.0,0.0,1.0,6.25,2.55,-0.67,19.15625,19.21875,18.5,19.03125,-7.8,8.0,96.0,0.0
4.73438,0x220,0.0,0.0,1.0,6.25,2.13,-0.91,19.15625,19.21875,18.5,19.03125,-7.8,8.0,96.0,0.0
4.7379,0x2B0,0.0,0.0,1.0,6.25,2.13,-0.91,19.15625,19.21875,18.5,19.03125,-7.8,8.0,96.0,0.0
4.73869,0x386,0.0,0.0,1.0,6.25,2.13,-0.91,19.34375,19.1875,18.75,18.6875,-7.8,8.0,96.0,0.0
4.73916,0x316,0.0,0.0,1.0,6.25,2.13,-0.91,19.34375,19.1875,18.75,18.6875,-7.8,8.0,96.0,0.0
4.74442,0x220,0.0,0.0,1.0,6.25,1.75,-0.97,19.34375,19.1875,18.75,18.6875,-7.8,8.0,96.0,0.0
4.74791,0x2B0,0.0,0.0,1.0,6.25,1.75,-0.97,19.34375,19.1875,18.75,18.6875,-7.7,0.0,96.0,0.0
4.74897,0x316,0.0,0.0,1.0,6.25,1.75,-0.97,19.34375,19.1875,18.75,18.6875,-7.7,0.0,96.0,0.0
4.75438,0x220,0.0,0.0,1.0,6.25,1.68,-0.68,19.34375,19.1875,18.75,18.6875,-7.7,0.0,96.0,0.0
4.7579,0x2B0,0.0,0.0,1.0,6.25,1.68,-0.68,19.34375,19.1875,18.75,18.6875,-7.7,0.0,96.0,0.0
4.7587,0x386,0.0,0.0,1.0,6.25,1.68,-0.68,19.21875,19.125,19.0,18.71875,-7.7,0.0,96.0,0.0
4.75894,0x316,0.0,0.0,1.0,6.25,1.68,-0.68,19.21875,19.125,19.0,18.71875,-7.7,0.0,96.0,0.0
4.76441,0x220,0.0,0.0,1.0,6.25,1.95,-0.31,19.21875,19.125,19.0,18.71875,-7.7,0.0,96.0,0.0
4.76791,0x2B0,0.0,0.0,1.0,6.25,1.95,-0.31,19.21875,19.125,19.0,18.71875,-7.7,0.0,96.0,0.0
4.7691,0x316,0.0,0.0,1.0,6.25,1.95,-0.31,19.21875,19.125,19.0,18.71875,-7.7,0.0,96.0,0.0
4.77438,0x220,0.0,0.0,1.0,6.25,2.38,-0.3,19.21875,19.125,19.0,18.71875,-7.7,0.0,96.0,0.0
4.77797,0x2B0,0.0,0.0,1.0,6.25,2.38,-0.3,19.21875,19.125,19.0,18.71875,-7.7,0.0,96.0,0.0
4.77869,0x386,0.0,0.0,1.0,6.25,2.38,-0.3,18.96875,19.25,18.84375,18.8125,-7.7,0.0,96.0,0.0
4.77917,0x316,0.0,0.0,1.0,6.25,2.38,-0.3,18.96875,19.25,18.84375,18.8125,-7.7,0.0,96.0,0.0
4.78442,0x220,0.0,0.0,1.0,6.25,2.67,-0.62,18.96875,19.25,18.84375,18.8125,-7.7,0.0,96.0,0.0
4.78792,0x2B0,0.0,0.0,1.0,6.25,2.67,-0.62,18.96875,19.25,18.84375,18.8125,-7.6,0.0,96.0,0.0
4.78883,0x316,0.0,0.0,1.0,6.25,2.67,-0.62,18.96875,19.25,18.84375,18.8125,-7.6,0.0,96.0,0.0
4.79439,0x220,0.0,0.0,1.0,6.25,2.66,-0.86,18.96875,19.25,18.84375,18.8125,-7.6,0.0,96.0,0.0
4.79788,0x2B0,0.0,0.0,1.0,6.25,2.66,-0.86,18.96875,19.25,18.84375,18.8125,-7.6,0.0,96.0,0.0
4.7987,0x386,0.0,0.0,1.0,6.25,2.66,-0.86,19.21875,19.15625,18.875,19.03125,-7.6,0.0,96.0,0.0
4.79893,0x316,0.0,0.0,1.0,6.25,2.66,-0.86,19.21875,19.15625,18.875,19.03125,-7.6,0.0,96.0,0.0
4.80441,0x220,0.0,0.0,1.0,6.25,2.48,-0.79,19.21875,19.15625,18.875,19.03125,-7.6,0.0,96.0,0.0
4.80796,0x2B0,0.0,0.0,1.0,6.25,2.48,-0.79,19.21875,19.15625,18.875,19.03125,-7.6,0.0,96.0,0.0
4.80893,0x316,0.0,0.0,1.0,6.25,2.48,-0.79,19.21875,19.15625,18.875,19.03125,-7.6,0.0,96.0,0.0
4.81439,0x220,0.0,0.0,1.0,6.25,2.34,-0.53,19.21875,19.15625,18.875,19.03125,-7.6,0.0,96.0,0.0
4.81791,0x2B0,0.0,0.0,1.0,6.25,2.34,-0.53,19.21875,19.15625,18.875,19.03125,-7.5,0.0,96.0,0.0
4.8187,0x386,0.0,0.0,1.0,6.25,2.34,-0.53,19.125,19.3125,19.15625,19.15625,-7.5,0.0,96.0,0.0
4.81917,0x316,0.0,0.0,1.0,6.25,2.34,-0.53,19.125,19.3125,19.15625,19.15625,-7.5,0.0,99.0,0.0
4.82441,0x220,0.0,0.0,1.0,6.25,2.33,-0.44,19.125,19.3125,19.15625,19.15625,-7.5,0.0,99.0,0.0
4.82787,0x2B0,0.0,0.0,1.0,6.25,2.33,-0.44,19.125,19.3125,19.15625,19.15625,-7.5,0.0,99.0,0.0
4.82882,0x316,0.0,0.0,1.0,6.25,2.33,-0.44,19.125,19.3125,19.15625,19.15625,-7.5,0.0,104.0,0.0
4.83438,0x220,0.0,0.0,1.0,6.25,2.28,-0.64,19.125,19.3125,19.15625,19.15625,-7.5,0.0,104.0,0.0
4.8379,0x2B0,0.0,0.0,1.0,6.25,2.28,-0.64,19.125,19.3125,19.15625,19.15625,-7.5,0.0,104.0,0.0
4.8387,0x386,0.0,0.0,1.0,6.25,2.28,-0.64,19.3125,19.28125,19.25,19.0625,-7.5,0.0,104.0,0.0
4.83917,0x316,0.0,0.0,1.0,6.25,2.28,-0.64,19.3125,19.28125,19.25,19.0625,-7.5,0.0,112.0,0.0
4.84442,0x220,0.0,0.0,1.0,6.25,2.0,-0.9,19.3125,19.28125,19.25,19.0625,-7.5,0.0,112.0,0.0
4.84791,0x2B0,0.0,0.0,1.0,6.25,2.0,-0.9,19.3125,19.28125,19.25,19.0625,-7.3,8.0,112.0,0.0
4.84909,0x316,0.0,0.0,1.0,6.25,2.0,-0.9,19.3125,19.28125,19.25,19.0625,-7.3,8.0,112.0,0.0
4.85438,0x220,0.0,0.0,1.0,6.25,1.59,-0.69,19.3125,19.28125,19.25,19.0625,-7.3,8.0,112.0,0.0
4.85787,0x2B0,0.0,0.0,1.0,6.25,1.59,-0.69,19.3125,19.28125,19.25,19.0625,-7.3,8.0,112.0,0.0
4.8587,0x386,0.0,0.0,1.0,6.25,1.59,-0.69,19.40625,19.21875,19.09375,18.71875,-7.3,8.0,112.0,0.0
4.85894,0x316,0.0,0.0,1.0,6.25,1.59,-0.69,19.40625,19.21875,19.09375,18.71875,-7.3,8.0,122.0,0.0
4.86442,0x220,0.0,0.0,1.0,6.25,1.32,-0.15,19.40625,19.21875,19.09375,18.71875,-7.3,8.0,122.0,0.0
4.86786,0x2B0,0.0,0.0,1.0,6.25,1.32,-0.15,19.40625,19.21875,19.09375,18.71875,-7.3,0.0,122.0,0.0
4.86897,0x316,0.0,0.0,1.0,6.25,1.32,-0.15,19.40625,19.21875,19.09375,18.71875,-7.3,0.0,127.0,0.0
4.87438,0x220,0.0,0.0,1.0,6.25,1.33,0.04,19.40625,19.21875,19.09375,18.71875,-7.3,0.0,127.0,0.0
4.87787,0x2B0,0.0,0.0,1.0,6.25,1.33,0.04,19.40625,19.21875,19.09375,18.71875,-7.3,0.0,127.0,0.0
4.8787,0x386,0.0,0.0,1.0,6.25,1.33,0.04,19.15625,19.40625,18.71875,18.75,-7.3,0.0,127.0,0.0
4.87893,0x316,0.0,0.0,1.0,6.25,1.33,0.04,19.15625,19.40625,18.71875,18.75,-7.3,0.0,127.0,0.0
4.88442,0x220,0.0,0.0,1.0,6.25,1.5,-0.36,19.15625,19.40625,18.71875,18.75,-7.3,0.0,127.0,0.0
4.88786,0x2B0,0.0,0.0,1.0,6.25,1.5,-0.36,19.15625,19.40625,18.71875,18.75,-7.3,0.0,127.0,0.0
4.88887,0x316,0.0,0.0,1.0,6.25,1.5,-0.36,19.15625,19.40625,18.71875,18.75,-7.3,0.0,127.0,0.0
4.89438,0x220,0.0,0.0,1.0,6.25,1.6,-0.76,19.15625,19.40625,18.71875,18.75,-7.3,0.0,127.0,0.0
4.89787,0x2B0,0.0,0.0,1.0,6.25,1.6,-0.76,19.15625,19.40625,18.71875,18.75,-7.3,0.0,127.0,0.0
4.8987,0x386,0.0,0.0,1.0,6.25,1.6,-0.76,19.53125,19.5,18.71875,18.78125,-7.3,0.0,127.0,0.0
4.89894,0x316,0.0,0.0,1.0,6.25,1.6,-0.76,19.53125,19.5,18.71875,18.78125,-7.3,0.0,127.0,0.0
4.90442,0x220,0.0,0.0,1.0,6.25,1.59,-0.58,19.53125,19.5,18.71875,18.78125,-7.3,0.0,127.0,0.0
4.90787,0x2B0,0.0,0.0,1.0,6.25,1.59,-0.58,19.53125,19.5,18.71875,18.78125,-7.3,0.0,127.0,0.0
4.9088,0x316,0.0,0.0,1.0,6.25,1.59,-0.58,19.53125,19.5,18.71875,18.78125,-7.3,0.0,122.0,0.0
4.91439,0x220,0.0,0.0,1.0,6.25,1.58,0.03,19.53125,19.5,18.71875,18.78125,-7.3,0.0,122.0,0.0
4.91787,0x2B0,0.0,0.0,1.0,6.25,1.58,0.03,19.53125,19.5,18.71875,18.78125,-7.3,0.0,122.0,0.0
4.9187,0x386,0.0,0.0,1.0,6.25,1.58,0.03,19.46875,19.375,18.375,18.71875,-7.3,0.0,122.0,0.0
4.91894,0x316,0.0,0.0,1.0,6.25,1.58,0.03,19.46875,19.375,18.375,18.71875,-7.3,0.0,117.0,0.0
4.92443,0x220,0.0,0.0,1.0,6.25,1.53,0.43,19.46875,19.375,18.375,18.71875,-7.3,0.0,117.0,0.0
4.92786,0x2B0,0.0,0.0,1.0,6.25,1.53,0.43,19.46875,19.375,18.375,18.71875,-7.3,0.0,117.0,0.0
4.92886,0x316,0.0,0.0,1.0,6.25,1.53,0.43,19.46875,19.375,18.375,18.71875,-7.3,0.0,109.0,0.0
4.93439,0x220,0.0,0.0,1.0,6.25,1.37,0.44,19.46875,19.375,18.375,18.71875,-7.3,0.0,109.0,0.0
4.93786,0x2B0,0.0,0.0,1.0,6.25,1.37,0.44,19.46875,19.375,18.375,18.71875,-7.3,0.0,109.0,0.0
4.9387,0x386,0.0,0.0,1.0,6.25,1.37,0.44,19.65625,19.46875,18.0625,18.6875,-7.3,0.0,109.0,0.0
4.93917,0x316,0.0,0.0,1.0,6.25,1.37,0.44,19.65625,19.46875,18.0625,18.6875,-7.3,0.0,104.0,0.0
4.94443,0x220,0.0,0.0,1.0,6.25,1.15,0.38,19.65625,19.46875,18.0625,18.6875,-7.3,0.0,104.0,0.0
4.94788,0x2B0,0.0,0.0,1.0,6.25,1.15,0.38,19.65625,19.46875,18.0625,18.6875,-7.3,0.0,104.0,0.0
4.94893,0x316,0.0,0.0,1.0,6.25,1.15,0.38,19.65625,19.46875,18.0625,18.6875,-7.3,0.0,104.0,0.0
4.95439,0x220,0.0,0.0,1.0,6.25,0.91,0.47,19.65625,19.46875,18.0625,18.6875,-7.3,0.0,104.0,0.0
4.95794,0x2B0,0.0,0.0,1.0,6.25,0.91,0.47,19.65625,19.46875,18.0625,18.6875,-7.3,0.0,104.0,0.0
4.9587,0x386,0.0,0.0,1.0,6.25,0.91,0.47,19.53125,19.3125,18.40625,18.40625,-7.3,0.0,104.0,0.0
4.95894,0x316,0.0,0.0,1.0,6.25,0.91,0.47,19.53125,19.3125,18.40625,18.40625,-7.3,0.0,94.0,0.0
4.96442,0x220,0.0,0.0,1.0,6.25,0.74,0.78,19.53125,19.3125,18.40625,18.40625,-7.3,0.0,94.0,0.0
4.96788,0x2B0,0.0,0.0,1.0,6.25,0.74,0.78,19.53125,19.3125,18.40625,18.40625,-7.1,8.0,94.0,0.0
4.9691,0x316,0.0,0.0,1.0,6.25,0.74,0.78,19.53125,19.3125,18.40625,18.40625,-7.1,8.0,91.0,0.0
4.97439,0x220,0.0,0.0,1.0,6.25,0.74,1.12,19.53125,19.3125,18.40625,18.40625,-7.1,8.0,91.0,0.0
4.97783,0x2B0,0.0,0.0,1.0,6.25,0.74,1.12,19.53125,19.3125,18.40625,18.40625,-7.1,8.0,91.0,0.0
4.9787,0x386,0.0,0.0,1.0,6.25,0.74,1.12,19.53125,19.4375,18.75,18.75,-7.1,8.0,91.0,0.0
4.97894,0x316,0.0,0.0,1.0,6.25,0.74,1.12,19.53125,19.4375,18.75,18.75,-7.1,8.0,86.0,0.0
4.98442,0x220,0.0,0.0,1.0,6.25,0.9,1.19,19.53125,19.4375,18.75,18.75,-7.1,8.0,86.0,0.0
4.98787,0x2B0,0.0,0.0,1.0,6.25,0.9,1.19,19.53125,19.4375,18.75,18.75,-7.0,0.0,86.0,0.0
4.9888,0x316,0.0,0.0,1.0,6.25,0.9,1.19,19.53125,19.4375,18.75,18.75,-7.0,0.0,84.0,0.0
4.99439,0x220,0.0,0.0,1.0,6.25,1.12,0.96,19.53125,19.4375,18.75,18.75,-7.0,0.0,84.0,0.0
4.99792,0x2B0,0.0,0.0,1.0,6.25,1.12,0.96,19.53125,19.4375,18.75,18.75,-7.0,0.0,84.0,0.0
4.9987,0x386,0.0,0.0,1.0,6.25,1.12,0.96,19.375,19.21875,18.25,18.90625,-7.0,0.0,84.0,0.0
4.99894,0x316,0.0,0.0,1.0,6.25,1.12,0.96,19.375,19.21875,18.25,18.90625,-7.0,0.0,84.0,0.0
5.00442,0x220,0.0,0.0,1.0,6.25,1.22,0.7,19.375,19.21875,18.25,18.90625,-7.0,0.0,84.0,0.0
5.00786,0x2B0,0.0,0.0,1.0,6.25,1.22,0.7,19.375,19.21875,18.25,18.90625,-6.8,8.0,84.0,0.0
5.00887,0x316,0.0,0.0,1.0,6.25,1.22,0.7,19.375,19.21875,18.25,18.90625,-6.8,8.0,84.0,0.0
5.01439,0x220,0.0,0.0,1.0,6.25,1.15,0.6,19.375,19.21875,18.25,18.90625,-6.8,8.0,84.0,0.0
5.01786,0x2B0,0.0,0.0,1.0,6.25,1.15,0.6,19.375,19.21875,18.25,18.90625,-6.6,20.0,84.0,0.0
5.0187,0x386,0.0,0.0,1.0,6.25,1.15,0.6,19.40625,19.15625,18.125,18.4375,-6.6,20.0,84.0,0.0
5.01894,0x316,0.0,0.0,1.0,6.25,1.15,0.6,19.40625,19.15625,18.125,18.4375,-6.6,20.0,84.0,0.0
5.02442,0x220,0.0,0.0,1.0,6.25,1.0,0.66,19.40625,19.15625,18.125,18.4375,-6.6,20.0,84.0,0.0
5.02784,0x2B0,0.0,0.0,1.0,6.25,1.0,0.66,19.40625,19.15625,18.125,18.4375,-6.6,8.0,84.0,0.0
5.02881,0x316,0.0,0.0,1.0,6.25,1.0,0.66,19.40625,19.15625,18.125,18.4375,-6.6,8.0,84.0,0.0
5.03439,0x220,0.0,0.0,1.0,6.25,0.89,0.87,19.40625,19.15625,18.125,18.4375,-6.6,8.0,84.0,0.0
5.03785,0x2B0,0.0,0.0,1.0,6.25,0.89,0.87,19.40625,19.15625,18.125,18.4375,-6.4,8.0,84.0,0.0
5.0387,0x386,0.0,0.0,1.0,6.25,0.89,0.87,19.4375,19.28125,18.375,18.5625,-6.4,8.0,84.0,0.0
5.03918,0x316,0.0,0.0,1.0,6.25,0.89,0.87,19.4375,19.28125,18.375,18.5625,-6.4,8.0,84.0,0.0
5.04442,0x220,0.0,0.0,1.0,6.25,0.95,1.13,19.4375,19.28125,18.375,18.5625,-6.4,8.0,84.0,0.0
5.04784,0x2B0,0.0,0.0,1.0,6.25,0.95,1.13,19.4375,19.28125,18.375,18.5625,-6.4,8.0,84.0,0.0
5.04898,0x316,0.0,0.0,1.0,6.25,0.95,1.13,19.4375,19.28125,18.375,18.5625,-6.4,8.0,84.0,0.0
5.05439,0x220,0.0,0.0,1.0,6.25,1.21,1.22,19.4375,19.28125,18.375,18.5625,-6.4,8.0,84.0,0.0
5.05788,0x2B0,0.0,0.0,1.0,6.25,1.21,1.22,19.4375,19.28125,18.375,18.5625,-6.3,0.0,84.0,0.0
5.05871,0x386,0.0,0.0,1.0,6.25,1.21,1.22,19.03125,19.21875,18.5,18.75,-6.3,0.0,84.0,0.0
5.05894,0x316,0.0,0.0,1.0,6.25,1.21,1.22,19.03125,19.21875,18.5,18.75,-6.3,0.0,89.0,0.0
5.06443,0x220,0.0,0.0,1.0,6.25,1.55,0.98,19.03125,19.21875,18.5,18.75,-6.3,0.0,89.0,0.0
5.06784,0x2B0,0.0,0.0,1.0,6.25,1.55,0.98,19.03125,19.21875,18.5,18.75,-6.3,0.0,89.0,0.0
5.06896,0x316,0.0,0.0,1.0,6.25,1.55,0.98,19.03125,19.21875,18.5,18.75,-6.3,0.0,94.0,0.0
5.0744,0x220,0.0,0.0,1.0,6.25,1.92,0.7,19.03125,19.21875,18.5,18.75,-6.3,0.0,94.0,0.0
5.07784,0x2B0,0.0,0.0,1.0,6.25,1.92,0.7,19.03125,19.21875,18.5,18.75,-6.3,0.0,94.0,0.0
5.0787,0x386,0.0,0.0,1.0,6.25,1.92,0.7,18.9375,18.96875,18.5625,18.3125,-6.3,0.0,94.0,0.0
5.07895,0x316,0.0,0.0,1.0,6.25,1.92,0.7,18.9375,18.96875,18.5625,18.3125,-6.3,0.0,96.0,0.0
5.08443,0x220,0.0,0.0,1.0,6.25,2.25,0.48,18.9375,18.96875,18.5625,18.3125,-6.3,0.0,96.0,0.0
5.08784,0x2B0,0.0,0.0,1.0,6.25,2.25,0.48,18.9375,18.96875,18.5625,18.3125,-6.3,0.0,96.0,0.0
5.0888,0x316,0.0,0.0,1.0,6.25,2.25,0.48,18.9375,18.96875,18.5625,18.3125,-6.3,0.0,99.0,0.0
5.0944,0x220,0.0,0.0,1.0,6.25,2.4,0.33,18.9375,18.96875,18.5625,18.3125,-6.3,0.0,99.0,0.0
5.09784,0x2B0,0.0,0.0,1.0,6.25,2.4,0.33,18.9375,18.96875,18.5625,18.3125,-6.3,0.0,99.0,0.0
5.09871,0x386,0.0,0.0,1.0,6.25,2.4,0.33,19.03125,18.875,18.28125,18.46875,-6.3,0.0,99.0,0.0
5.09895,0x316,0.0,0.0,1.0,6.25,2.4,0.33,19.03125,18.875,18.28125,18.46875,-6.3,0.0,101.0,0.0
5.10443,0x220,0.0,0.0,1.0,6.25,2.39,0.23,19.03125,18.875,18.28125,18.46875,-6.3,0.0,101.0,0.0
5.1079,0x2B0,0.0,0.0,1.0,6.25,2.39,0.23,19.03125,18.875,18.28125,18.46875,-6.3,0.0,101.0,0.0
5.10881,0x316,0.0,0.0,1.0,6.25,2.39,0.23,19.03125,18.875,18.28125,18.46875,-6.3,0.0,101.0,0.0
5.1144,0x220,0.0,0.0,1.0,6.25,2.32,0.16,19.03125,18.875,18.28125,18.46875,-6.3,0.0,101.0,0.0
5.1179,0x2B0,0.0,0.0,1.0,6.25,2.32,0.16,19.03125,18.875,18.28125,18.46875,-6.6,12.0,101.0,0.0
5.1187,0x386,0.0,0.0,1.0,6.25,2.32,0.16,18.78125,18.875,18.46875,18.4375,-6.6,12.0,101.0,0.0
5.11894,0x316,0.0,0.0,1.0,6.25,2.32,0.16,18.78125,18.875,18.46875,18.4375,-6.6,12.0,101.0,0.0
5.12443,0x220,0.0,0.0,1.0,6.25,2.15,0.0,18.78125,18.875,18.46875,18.4375,-6.6,12.0,101.0,0.0
5.12791,0x2B0,0.0,0.0,1.0,6.25,2.15,0.0,18.78125,18.875,18.46875,18.4375,-6.6,12.0,101.0,0.0
5.12883,0x316,0.0,0.0,1.0,6.25,2.15,0.0,18.78125,18.875,18.46875,18.4375,-6.6,12.0,101.0,0.0
5.13439,0x220,0.0,0.0,1.0,6.25,1.96,-0.29,18.78125,18.875,18.46875,18.4375,-6.6,12.0,101.0,0.0
5.13787,0x2B0,0.0,0.0,1.0,6.25,1.96,-0.29,18.78125,18.875,18.46875,18.4375,-6.8,8.0,101.0,0.0
5.1387,0x386,0.0,0.0,1.0,6.25,1.96,-0.29,18.65625,18.875,18.34375,18.5,-6.8,8.0,101.0,0.0
5.13917,0x316,0.0,0.0,1.0,6.25,1.96,-0.29,18.65625,18.875,18.34375,18.5,-6.8,8.0,101.0,0.0
5.14443,0x220,0.0,0.0,1.0,6.25,1.91,-0.44,18.65625,18.875,18.34375,18.5,-6.8,8.0,101.0,0.0
5.14787,0x2B0,0.0,0.0,1.0,6.25,1.91,-0.44,18.65625,18.875,18.34375,18.5,-6.9,12.0,101.0,0.0
5.14893,0x316,0.0,0.0,1.0,6.25,1.91,-0.44,18.65625,18.875,18.34375,18.5,-6.9,12.0,101.0,0.0
5.15439,0x220,0.0,0.0,1.0,6.25,2.04,-0.32,18.65625,18.875,18.34375,18.5,-6.9,12.0,101.0,0.0
5.15789,0x2B0,0.0,0.0,1.0,6.25,2.04,-0.32,18.65625,18.875,18.34375,18.5,-6.9,0.0,101.0,0.0
5.15871,0x386,0.0,0.0,1.0,6.25,2.04,-0.32,18.96875,18.90625,18.25,18.625,-6.9,0.0,101.0,0.0
5.15895,0x316,0.0,0.0,1.0,6.25,2.04,-0.32,18.96875,18.90625,18.25,18.625,-6.9,0.0,107.0,0.0
5.16442,0x220,0.0,0.0,1.0,6.25,2.38,-0.21,18.96875,18.90625,18.25,18.625,-6.9,0.0,107.0,0.0
5.16788,0x2B0,0.0,0.0,1.0,6.25,2.38,-0.21,18.96875,18.90625,18.25,18.625,-7.2,12.0,107.0,0.0
5.16899,0x316,0.0,0.0,1.0,6.25,2.38,-0.21,18.96875,18.90625,18.25,18.625,-7.2,12.0,107.0,0.0
5.17439,0x220,0.0,0.0,1.0,6.25,2.77,-0.21,18.96875,18.90625,18.25,18.625,-7.2,12.0,107.0,0.0
5.17791,0x2B0,0.0,0.0,1.0,6.25,2.77,-0.21,18.96875,18.90625,18.25,18.625,-7.2,12.0,107.0,0.0
5.17871,0x386,0.0,0.0,1.0,6.25,2.77,-0.21,18.96875,19.0625,18.25,18.6875,-7.2,12.0,107.0,0.0
5.17918,0x316,0.0,0.0,1.0,6.25,2.77,-0.21,18.96875,19.0625,18.25,18.6875,-7.2,12.0,107.0,0.0
5.18443,0x220,0.0,0.0,1.0,6.25,3.02,-0.21,18.96875,19.0625,18.25,18.6875,-7.2,12.0,107.0,0.0
5.1879,0x2B0,0.0,0.0,1.0,6.25,3.02,-0.21,18.96875,19.0625,18.25,18.6875,-7.3,0.0,107.0,0.0
5.18882,0x316,0.0,0.0,1.0,6.25,3.02,-0.21,18.96875,19.0625,18.25,18.6875,-7.3,0.0,109.0,0.0
5.19439,0x220,0.0,0.0,1.0,6.25,2.92,-0.21,18.96875,19.0625,18.25,18.6875,-7.3,0.0,109.0,0.0
5.19784,0x2B0,0.0,0.0,1.0,6.25,2.92,-0.21,18.96875,19.0625,18.25,18.6875,-7.3,0.0,109.0,0.0
5.19871,0x386,0.0,0.0,1.0,6.25,2.92,-0.21,18.8125,18.875,18.4375,18.25,-7.3,0.0,109.0,0.0
5.19895,0x316,0.0,0.0,1.0,6.25,2.92,-0.21,18.8125,18.875,18.4375,18.25,-7.3,0.0,112.0,0.0
5.20443,0x220,0.0,0.0,1.0,6.25,2.54,-0.39,18.8125,18.875,18.4375,18.25,-7.3,0.0,112.0,0.0
5.2079,0x2B0,0.0,0.0,1.0,6.25,2.54,-0.39,18.8125,18.875,18.4375,18.25,-7.3,0.0,112.0,0.0
5.20884,0x316,0.0,0.0,1.0,6.25,2.54,-0.39,18.8125,18.875,18.4375,18.25,-7.3,0.0,114.0,0.0
5.21439,0x220,0.0,0.0,1.0,6.25,2.12,-0.49,18.8125,18.875,18.4375,18.25,-7.3,0.0,114.0,0.0
5.21791,0x2B0,0.0,0.0,1.0,6.25,2.12,-0.49,18.8125,18.875,18.4375,18.25,-7.3,0.0,114.0,0.0
5.21871,0x386,0.0,0.0,1.0,6.25,2.12,-0.49,18.84375,18.84375,18.34375,18.34375,-7.3,0.0,114.0,0.0
5.21917,0x316,0.0,0.0,1.0,6.25,2.12,-0.49,18.84375,18.84375,18.34375,18.34375,-7.3,0.0,122.0,0.0
5.22443,0x220,0.0,0.0,1.0,6.25,1.9,-0.41,18.84375,18.84375,18.34375,18.34375,-7.3,0.0,122.0,0.0
5.22791,0x2B0,0.0,0.0,1.0,6.25,1.9,-0.41,18.84375,18.84375,18.34375,18.34375,-7.3,0.0,122.0,0.0
5.22883,0x316,0.0,0.0,1.0,6.25,1.9,-0.41,18.84375,18.84375,18.34375,18.34375,-7.3,0.0,130.0,0.0
5.2344,0x220,0.0,0.0,1.0,6.25,2.04,-0.44,18.84375,18.84375,18.34375,18.34375,-7.3,0.0,130.0,0.0
5.23791,0x2B0,0.0,0.0,1.0,6.25,2.04,-0.44,18.84375,18.84375,18.34375,18.34375,-7.3,0.0,130.0,0.0
5.23871,0x386,0.0,0.0,1.0,6.25,2.04,-0.44,18.75,18.96875,18.375,18.59375,-7.3,0.0,130.0,0.0
5.23917,0x316,0.0,0.0,1.0,6.25,2.04,-0.44,18.75,18.96875,18.375,18.59375,-7.3,0.0,135.0,0.0
5.24444,0x220,0.0,0.0,1.0,6.25,2.29,-0.71,18.75,18.96875,18.375,18.59375,-7.3,0.0,135.0,0.0
5.24792,0x2B0,0.0,0.0,1.0,6.25,2.29,-0.71,18.75,18.96875,18.375,18.59375,-7.3,0.0,135.0,0.0
5.24897,0x316,0.0,0.0,1.0,6.25,2.29,-0.71,18.75,18.96875,18.375,18.59375,-7.3,0.0,135.0,0.0
5.2544,0x220,0.0,0.0,1.0,6.25,2.39,-0.95,18.75,18.96875,18.375,18.59375,-7.3,0.0,135.0,0.0
5.25783,0x2B0,0.0,0.0,1.0,6.25,2.39,-0.95,18.75,18.96875,18.375,18.59375,-7.3,0.0,135.0,0.0
5.25871,0x386,0.0,0.0,1.0,6.25,2.39,-0.95,18.90625,19.0625,18.3125,18.96875,-7.3,0.0,135.0,0.0
5.25895,0x316,0.0,0.0,1.0,6.25,2.39,-0.95,18.90625,19.0625,18.3125,18.96875,-7.3,0.0,137.0,0.0
5.26443,0x220,0.0,0.0,1.0,6.25,2.15,-0.78,18.90625,19.0625,18.3125,18.96875,-7.3,0.0,137.0,0.0
5.26784,0x2B0,0.0,0.0,1.0,6.25,2.15,-0.78,18.90625,19.0625,18.3125,18.96875,-7.3,0.0,137.0,0.0
5.26896,0x316,0.0,0.0,1.0,6.25,2.15,-0.78,18.90625,19.0625,18.3125,18.96875,-7.3,0.0,137.0,0.0
5.27439,0x220,0.0,0.0,1.0,6.25,1.68,-0.26,18.90625,19.0625,18.3125,18.96875,-7.3,0.0,137.0,0.0
5.27786,0x2B0,0.0,0.0,1.0,6.25,1.68,-0.26,18.90625,19.0625,18.3125,18.96875,-7.3,0.0,137.0,0.0
5.27871,0x386,0.0,0.0,1.0,6.25,1.68,-0.26,19.0,19.0,18.28125,18.8125,-7.3,0.0,137.0,0.0
5.27895,0x316,0.0,0.0,1.0,6.25,1.68,-0.26,19.0,19.0,18.28125,18.8125,-7.3,0.0,137.0,0.0
5.28443,0x220,0.0,0.0,1.0,6.25,1.33,0.17,19.0,19.0,18.28125,18.8125,-7.3,0.0,137.0,0.0
5.28786,0x2B0,0.0,0.0,1.0,6.25,1.33,0.17,19.0,19.0,18.28125,18.8125,-7.3,0.0,137.0,0.0
5.2888,0x316,0.0,0.0,1.0,6.25,1.33,0.17,19.0,19.0,18.28125,18.8125,-7.3,0.0,137.0,0.0
5.2944,0x220,0.0,0.0,1.0,6.25,1.35,0.3,19.0,19.0,18.28125,18.8125,-7.3,0.0,137.0,0.0
5.29786,0x2B0,0.0,0.0,1.0,6.25,1.35,0.3,19.0,19.0,18.28125,18.8125,-7.3,0.0,137.0,0.0
5.29871,0x386,0.0,0.0,1.0,6.25,1.35,0.3,19.03125,18.96875,18.34375,18.375,-7.3,0.0,137.0,0.0
5.29895,0x316,0.0,0.0,1.0,6.25,1.35,0.3,19.03125,18.96875,18.34375,18.375,-7.3,0.0,132.0,0.0
5.30443,0x220,0.0,0.0,1.0,6.25,1.72,0.0,19.03125,18.96875,18.34375,18.375,-7.3,0.0,132.0,0.0
5.30786,0x2B0,0.0,0.0,1.0,6.25,1.72,0.0,19.03125,18.96875,18.34375,18.375,-7.3,0.0,132.0,0.0
5.30884,0x316,0.0,0.0,1.0,6.25,1.72,0.0,19.03125,18.96875,18.34375,18.375,-7.3,0.0,127.0,0.0
5.3144,0x220,0.0,0.0,1.0,6.25,2.09,-0.4,19.03125,18.96875,18.34375,18.375,-7.3,0.0,127.0,0.0
5.31784,0x2B0,0.0,0.0,1.0,6.25,2.09,-0.4,19.03125,18.96875,18.34375,18.375,-7.3,0.0,127.0,0.0
5.31871,0x386,0.0,0.0,1.0,6.25,2.09,-0.4,19.0625,19.125,18.40625,18.125,-7.3,0.0,127.0,0.0
5.31895,0x316,0.0,0.0,1.0,6.25,2.09,-0.4,19.0625,19.125,18.40625,18.125,-7.3,0.0,122.0,0.0
5.32443,0x220,0.0,0.0,1.0,6.25,2.24,-0.5,19.0625,19.125,18.40625,18.125,-7.3,0.0,122.0,0.0
5.32788,0x2B0,0.0,0.0,1.0,6.25,2.24,-0.5,19.0625,19.125,18.40625,18.125,-7.2,0.0,122.0,0.0
5.3288,0x316,0.0,0.0,1.0,6.25,2.24,-0.5,19.0625,19.125,18.40625,18.125,-7.2,0.0,117.0,0.0
5.3344,0x220,0.0,0.0,1.0,6.25,2.15,-0.32,19.0625,19.125,18.40625,18.125,-7.2,0.0,117.0,0.0
5.33785,0x2B0,0.0,0.0,1.0,6.25,2.15,-0.32,19.0625,19.125,18.40625,18.125,-7.2,0.0,117.0,0.0
5.33872,0x386,0.0,0.0,1.0,6.25,2.15,-0.32,19.125,19.1875,18.59375,18.03125,-7.2,0.0,117.0,0.0
5.33918,0x316,0.0,0.0,1.0,6.25,2.15,-0.32,19.125,19.1875,18.59375,18.03125,-7.2,0.0,117.0,0.0
5.34445,0x220,0.0,0.0,1.0,6.25,1.93,-0.13,19.125,19.1875,18.59375,18.03125,-7.2,0.0,117.0,0.0
5.34784,0x2B0,0.0,0.0,1.0,6.25,1.93,-0.13,19.125,19.1875,18.59375,18.03125,-7.2,0.0,117.0,0.0
5.34899,0x316,0.0,0.0,1.0,6.25,1.93,-0.13,19.125,19.1875,18.59375,18.03125,-7.2,0.0,117.0,0.0
5.35439,0x220,0.0,0.0,1.0,6.25,1.8,-0.23,19.125,19.1875,18.59375,18.03125,-7.2,0.0,117.0,0.0
5.35789,0x2B0,0.0,0.0,1.0,6.25,1.8,-0.23,19.125,19.1875,18.59375,18.03125,-7.2,0.0,117.0,0.0
5.35871,0x386,0.0,0.0,1.0,6.25,1.8,-0.23,19.0625,18.9375,18.1875,18.3125,-7.2,0.0,117.0,0.0
5.35895,0x316,0.0,0.0,1.0,6.25,1.8,-0.23,19.0625,18.9375,18.1875,18.3125,-7.2,0.0,119.0,0.0
5.36443,0x220,0.0,0.0,1.0,6.25,1.86,-0.56,19.0625,18.9375,18.1875,18.3125,-7.2,0.0,119.0,0.0
5.36783,0x2B0,0.0,0.0,1.0,6.25,1.86,-0.56,19.0625,18.9375,18.1875,18.3125,-7.1,0.0,119.0,0.0
5.36896,0x316,0.0,0.0,1.0,6.25,1.86,-0.56,19.0625,18.9375,18.1875,18.3125,-7.1,0.0,119.0,0.0
5.3744,0x220,0.0,0.0,1.0,6.25,2.07,-0.87,19.0625,18.9375,18.1875,18.3125,-7.1,0.0,119.0,0.0
5.37783,0x2B0,0.0,0.0,1.0,6.25,2.07,-0.87,19.0625,18.9375,18.1875,18.3125,-7.1,0.0,119.0,0.0
5.37872,0x386,0.0,0.0,1.0,6.25,2.07,-0.87,19.03125,19.0625,17.8125,18.46875,-7.1,0.0,119.0,0.0
5.37896,0x316,0.0,0.0,1.0,6.25,2.07,-0.87,19.03125,19.0625,17.8125,18.46875,-7.1,0.0,122.0,0.0
5.38444,0x220,0.0,0.0,1.0,6.25,2.23,-0.94,19.03125,19.0625,17.8125,18.46875,-7.1,0.0,122.0,0.0
5.38784,0x2B0,0.0,0.0,1.0,6.25,2.23,-0.94,19.03125,19.0625,17.8125,18.46875,-7.0,0.0,122.0,0.0
5.38885,0x316,0.0,0.0,1.0,6.25,2.23,-0.94,19.03125,19.0625,17.8125,18.46875,-7.0,0.0,122.0,0.0
5.3944,0x220,0.0,0.0,1.0,6.25,2.27,-0.74,19.03125,19.0625,17.8125,18.46875,-7.0,0.0,122.0,0.0
5.39784,0x2B0,0.0,0.0,1.0,6.25,2.27,-0.74,19.03125,19.0625,17.8125,18.46875,-7.0,0.0,122.0,0.0
5.39872,0x386,0.0,0.0,1.0,6.25,2.27,-0.74,19.0,19.09375,18.375,18.53125,-7.0,0.0,122.0,0.0
5.39895,0x316,0.0,0.0,1.0,6.25,2.27,-0.74,19.0,19.09375,18.375,18.53125,-7.0,0.0,122.0,0.0
5.40443,0x220,0.0,0.0,1.0,6.25,2.25,-0.39,19.0,19.09375,18.375,18.53125,-7.0,0.0,122.0,0.0
5.40788,0x2B0,0.0,0.0,1.0,6.25,2.25,-0.39,19.0,19.09375,18.375,18.53125,-7.0,0.0,122.0,0.0
5.40883,0x316,0.0,0.0,1.0,6.25,2.25,-0.39,19.0,19.09375,18.375,18.53125,-7.0,0.0,122.0,0.0
5.41441,0x220,0.0,0.0,1.0,6.25,2.23,-0.02,19.0,19.09375,18.375,18.53125,-7.0,0.0,122.0,0.0
5.41784,0x2B0,0.0,0.0,1.0,6.25,2.23,-0.02,19.0,19.09375,18.375,18.53125,-6.8,8.0,122.0,0.0
5.41871,0x386,0.0,0.0,1.0,6.25,2.23,-0.02,18.90625,18.90625,19.0625,18.75,-6.8,8.0,122.0,0.0
5.41895,0x316,0.0,0.0,1.0,6.25,2.23,-0.02,18.90625,18.90625,19.0625,18.75,-6.8,8.0,119.0,0.0
5.42444,0x220,0.0,0.0,1.0,6.25,2.26,0.08,18.90625,18.90625,19.0625,18.75,-6.8,8.0,119.0,0.0
5.42782,0x2B0,0.0,0.0,1.0,6.25,2.26,0.08,18.90625,18.90625,19.0625,18.75,-6.8,8.0,119.0,0.0
5.42885,0x316,0.0,0.0,1.0,6.25,2.26,0.08,18.90625,18.90625,19.0625,18.75,-6.8,8.0,117.0,0.0
5.43441,0x220,0.0,0.0,1.0,6.25,2.32,0.03,18.90625,18.90625,19.0625,18.75,-6.8,8.0,117.0,0.0
5.43784,0x2B0,0.0,0.0,1.0,6.25,2.32,0.03,18.90625,18.90625,19.0625,18.75,-6.7,0.0,117.0,0.0
5.43871,0x386,0.0,0.0,1.0,6.25,2.32,0.03,19.03125,18.9375,19.25,18.84375,-6.7,0.0,117.0,0.0
5.43919,0x316,0.0,0.0,1.0,6.25,2.32,0.03,19.03125,18.9375,19.25,18.84375,-6.7,0.0,114.0,0.0
5.44444,0x220,0.0,0.0,1.0,6.25,2.26,-0.08,19.03125,18.9375,19.25,18.84375,-6.7,0.0,114.0,0.0
5.4478,0x2B0,0.0,0.0,1.0,6.25,2.26,-0.08,19.03125,18.9375,19.25,18.84375,-6.7,0.0,114.0,0.0
5.44894,0x316,0.0,0.0,1.0,6.25,2.26,-0.08,19.03125,18.9375,19.25,18.84375,-6.7,0.0,114.0,0.0
5.45441,0x220,0.0,0.0,1.0,6.25,2.0,-0.25,19.03125,18.9375,19.25,18.84375,-6.7,0.0,114.0,0.0
5.4578,0x2B0,0.0,0.0,1.0,6.25,2.0,-0.25,19.03125,18.9375,19.25,18.84375,-6.7,0.0,114.0,0.0
5.45872,0x386,0.0,0.0,1.0,6.25,2.0,-0.25,18.84375,18.65625,19.25,18.625,-6.7,0.0,114.0,0.0
5.45896,0x316,0.0,0.0,1.0,6.25,2.0,-0.25,18.84375,18.65625,19.25,18.625,-6.7,0.0,107.0,0.0
5.46443,0x220,0.0,0.0,1.0,6.25,1.58,-0.37,18.84375,18.65625,19.25,18.625,-6.7,0.0,107.0,0.0
5.46779,0x2B0,0.0,0.0,1.0,6.25,1.58,-0.37,18.84375,18.65625,19.25,18.625,-6.7,0.0,107.0,0.0
5.469,0x316,0.0,0.0,1.0,6.25,1.58,-0.37,18.84375,18.65625,19.25,18.625,-6.7,0.0,104.0,0.0
5.4744,0x220,0.0,0.0,1.0,6.25,1.08,-0.49,18.84375,18.65625,19.25,18.625,-6.7,0.0,104.0,0.0
5.47779,0x2B0,0.0,0.0,1.0,6.25,1.08,-0.49,18.84375,18.65625,19.25,18.625,-6.7,0.0,104.0,0.0
5.47872,0x386,0.0,0.0,1.0,6.25,1.08,-0.49,19.0625,19.0,18.25,18.4375,-6.7,0.0,104.0,0.0
5.47895,0x316,0.0,0.0,1.0,6.25,1.08,-0.49,19.0625,19.0,18.25,18.4375,-6.7,0.0,104.0,0.0
5.48443,0x220,0.0,0.0,1.0,6.25,0.59,-0.55,19.0625,19.0,18.25,18.4375,-6.7,0.0,104.0,0.0
5.4878,0x2B0,0.0,0.0,1.0,6.25,0.59,-0.55,19.0625,19.0,18.25,18.4375,-6.7,0.0,104.0,0.0
5.4888,0x316,0.0,0.0,1.0,6.25,0.59,-0.55,19.0625,19.0,18.25,18.4375,-6.7,0.0,104.0,0.0
5.4944,0x220,0.0,0.0,1.0,6.25,0.29,-0.42,19.0625,19.0,18.25,18.4375,-6.7,0.0,104.0,0.0
5.4978,0x2B0,0.0,0.0,1.0,6.25,0.29,-0.42,19.0625,19.0,18.25,18.4375,-6.7,0.0,104.0,0.0
5.49871,0x386,0.0,0.0,1.0,6.25,0.29,-0.42,18.90625,18.875,18.34375,18.5625,-6.7,0.0,104.0,0.0
5.49895,0x316,0.0,0.0,1.0,6.25,0.29,-0.42,18.90625,18.875,18.34375,18.5625,-6.7,0.0,107.0,0.0
5.50445,0x220,0.0,0.0,1.0,6.25,0.28,-0.22,18.90625,18.875,18.34375,18.5625,-6.7,0.0,107.0,0.0
5.50781,0x2B0,0.0,0.0,1.0,6.25,0.28,-0.22,18.90625,18.875,18.34375,18.5625,-6.7,0.0,107.0,0.0
5.50882,0x316,0.0,0.0,1.0,6.25,0.28,-0.22,18.90625,18.875,18.34375,18.5625,-6.7,0.0,112.0,0.0
5.5144,0x220,0.0,0.0,1.0,6.25,0.56,-0.07,18.90625,18.875,18.34375,18.5625,-6.7,0.0,112.0,0.0
5.5178,0x2B0,0.0,0.0,1.0,6.25,0.56,-0.07,18.90625,18.875,18.34375,18.5625,-6.7,0.0,112.0,0.0
5.51872,0x386,0.0,0.0,1.0,6.25,0.56,-0.07,19.03125,18.96875,18.4375,18.53125,-6.7,0.0,112.0,0.0
5.51895,0x316,0.0,0.0,1.0,6.25,0.56,-0.07,19.03125,18.96875,18.4375,18.53125,-6.7,0.0,114.0,0.0
5.52444,0x220,0.0,0.0,1.0,6.25,0.87,0.02,19.03125,18.96875,18.4375,18.53125,-6.7,0.0,114.0,0.0
5.5278,0x2B0,0.0,0.0,1.0,6.25,0.87,0.02,19.03125,18.96875,18.4375,18.53125,-6.7,0.0,114.0,0.0
5.5288,0x316,0.0,0.0,1.0,6.25,0.87,0.02,19.03125,18.96875,18.4375,18.53125,-6.7,0.0,117.0,0.0
5.5344,0x220,0.0,0.0,1.0,6.25,1.03,0.24,19.03125,18.96875,18.4375,18.53125,-6.7,0.0,117.0,0.0
5.5378,0x2B0,0.0,0.0,1.0,6.25,1.03,0.24,19.03125,18.96875,18.4375,18.53125,-6.7,0.0,117.0,0.0
5.53872,0x386,0.0,0.0,1.0,6.25,1.03,0.24,19.0,19.03125,18.4375,18.84375,-6.7,0.0,117.0,0.0
5.5392,0x316,0.0,0.0,1.0,6.25,1.03,0.24,19.0,19.03125,18.4375,18.84375,-6.7,0.0,117.0,0.0
5.54445,0x220,0.0,0.0,1.0,6.25,1.04,0.62,19.0,19.03125,18.4375,18.84375,-6.7,0.0,117.0,0.0
5.5478,0x2B0,0.0,0.0,1.0,6.25,1.04,0.62,19.0,19.03125,18.4375,18.84375,-6.7,0.0,117.0,0.0
5.54896,0x316,0.0,0.0,1.0,6.25,1.04,0.62,19.0,19.03125,18.4375,18.84375,-6.7,0.0,117.0,0.0
5.55441,0x220,0.0,0.0,1.0,6.25,0.96,0.89,19.0,19.03125,18.4375,18.84375,-6.7,0.0,117.0,0.0
5.55779,0x2B0,0.0,0.0,1.0,6.25,0.96,0.89,19.0,19.03125,18.4375,18.84375,-6.7,0.0,117.0,0.0
5.55872,0x386,0.0,0.0,1.0,6.25,0.96,0.89,18.9375,19.125,18.5,18.5625,-6.7,0.0,117.0,0.0
5.55896,0x316,0.0,0.0,1.0,6.25,0.96,0.89,18.9375,19.125,18.5,18.5625,-6.7,0.0,112.0,0.0
5.56444,0x220,0.0,0.0,1.0,6.25,0.85,0.9,18.9375,19.125,18.5,18.5625,-6.7,0.0,112.0,0.0
5.56779,0x2B0,0.0,0.0,1.0,6.25,0.85,0.9,18.9375,19.125,18.5,18.5625,-6.7,0.0,112.0,0.0
5.56896,0x316,0.0,0.0,1.0,6.25,0.85,0.9,18.9375,19.125,18.5,18.5625,-6.7,0.0,107.0,0.0
5.57441,0x220,0.0,0.0,1.0,6.25,0.75,0.65,18.9375,19.125,18.5,18.5625,-6.7,0.0,107.0,0.0
5.57779,0x2B0,0.0,0.0,1.0,6.25,0.75,0.65,18.9375,19.125,18.5,18.5625,-6.7,0.0,107.0,0.0
5.57872,0x386,0.0,0.0,1.0,6.25,0.75,0.65,19.53125,19.25,18.0,18.15625,-6.7,0.0,107.0,0.0
5.57896,0x316,0.0,0.0,1.0,6.25,0.75,0.65,19.53125,19.25,18.0,18.15625,-6.7,0.0,99.0,0.0
5.58444,0x220,0.0,0.0,1.0,6.25,0.68,0.36,19.53125,19.25,18.0,18.15625,-6.7,0.0,99.0,0.0
5.5878,0x2B0,0.0,0.0,1.0,6.25,0.68,0.36,19.53125,19.25,18.0,18.15625,-6.7,0.0,99.0,0.0
5.58888,0x316,0.0,0.0,1.0,6.25,0.68,0.36,19.53125,19.25,18.0,18.15625,-6.7,0.0,91.0,0.0
5.59441,0x220,0.0,0.0,1.0,6.25,0.54,0.37,19.53125,19.25,18.0,18.15625,-6.7,0.0,91.0,0.0
5.5978,0x2B0,0.0,0.0,1.0,6.25,0.54,0.37,19.53125,19.25,18.0,18.15625,-6.7,0.0,91.0,0.0
5.59872,0x386,0.0,0.0,1.0,6.25,0.54,0.37,18.875,18.9375,17.59375,17.90625,-6.7,0.0,91.0,0.0
5.59896,0x316,0.0,0.0,1.0,6.25,0.54,0.37,18.875,18.9375,17.59375,17.90625,-6.7,0.0,86.0,0.0
5.60444,0x220,0.0,0.0,1.0,6.25,0.39,0.56,18.875,18.9375,17.59375,17.90625,-6.7,0.0,86.0,0.0
5.60786,0x2B0,0.0,0.0,1.0,6.25,0.39,0.56,18.875,18.9375,17.59375,17.90625,-6.7,0.0,86.0,0.0
5.60884,0x316,0.0,0.0,1.0,6.25,0.39,0.56,18.875,18.9375,17.59375,17.90625,-6.7,0.0,84.0,0.0
5.61441,0x220,0.0,0.0,1.0,6.25,0.35,0.66,18.875,18.9375,17.59375,17.90625,-6.7,0.0,84.0,0.0
5.61784,0x2B0,0.0,0.0,1.0,6.25,0.35,0.66,18.875,18.9375,17.59375,17.90625,-6.7,0.0,84.0,0.0
5.61872,0x386,0.0,0.0,1.0,6.25,0.35,0.66,18.96875,19.15625,17.46875,17.46875,-6.7,0.0,84.0,0.0
5.61896,0x316,0.0,0.0,1.0,6.25,0.35,0.66,18.96875,19.15625,17.46875,17.46875,-6.7,0.0,84.0,0.0
5.62443,0x220,0.0,0.0,1.0,6.25,0.42,0.67,18.96875,19.15625,17.46875,17.46875,-6.7,0.0,84.0,0.0
5.62784,0x2B0,0.0,0.0,1.0,6.25,0.42,0.67,18.96875,19.15625,17.46875,17.46875,-6.7,0.0,84.0,0.0
5.62885,0x316,0.0,0.0,1.0,6.25,0.42,0.67,18.96875,19.15625,17.46875,17.46875,-6.7,0.0,84.0,0.0
5.63441,0x220,0.0,0.0,1.0,6.25,0.62,0.61,18.96875,19.15625,17.46875,17.46875,-6.7,0.0,84.0,0.0
5.63784,0x2B0,0.0,0.0,1.0,6.25,0.62,0.61,18.96875,19.15625,17.46875,17.46875,-6.7,0.0,84.0,0.0
5.63872,0x386,0.0,0.0,1.0,6.25,0.62,0.61,19.21875,18.78125,18.21875,18.625,-6.7,0.0,84.0,0.0
5.63919,0x316,0.0,0.0,1.0,6.25,0.62,0.61,19.21875,18.78125,18.21875,18.625,-6.7,0.0,86.0,0.0
5.64445,0x220,0.0,0.0,1.0,6.25,1.12,0.62,19.21875,18.78125,18.21875,18.625,-6.7,0.0,86.0,0.0
5.64784,0x2B0,0.0,0.0,1.0,6.25,1.12,0.62,19.21875,18.78125,18.21875,18.625,-6.7,0.0,86.0,0.0
5.64896,0x316,0.0,0.0,1.0,6.25,1.12,0.62,19.21875,18.78125,18.21875,18.625,-6.7,0.0,86.0,0.0
5.65441,0x220,0.0,0.0,1.0,6.25,1.93,0.67,19.21875,18.78125,18.21875,18.625,-6.7,0.0,86.0,0.0
5.65784,0x2B0,0.0,0.0,1.0,6.25,1.93,0.67,19.21875,18.78125,18.21875,18.625,-6.7,0.0,86.0,0.0
5.65872,0x386,0.0,0.0,1.0,6.25,1.93,0.67,18.625,18.84375,18.1875,18.5625,-6.7,0.0,86.0,0.0
5.65896,0x316,0.0,0.0,1.0,6.25,1.93,0.67,18.625,18.84375,18.1875,18.5625,-6.7,0.0,91.0,0.0
5.66445,0x220,0.0,0.0,1.0,6.25,2.73,0.59,18.625,18.84375,18.1875,18.5625,-6.7,0.0,91.0,0.0
5.66784,0x2B0,0.0,0.0,1.0,6.25,2.73,0.59,18.625,18.84375,18.1875,18.5625,-6.7,0.0,91.0,0.0
5.66902,0x316,0.0,0.0,1.0,6.25,2.73,0.59,18.625,18.84375,18.1875,18.5625,-6.7,0.0,91.0,0.0
5.67441,0x220,0.0,0.0,1.0,6.25,3.29,0.33,18.625,18.84375,18.1875,18.5625,-6.7,0.0,91.0,0.0
5.67783,0x2B0,0.0,0.0,1.0,6.25,3.29,0.33,18.625,18.84375,18.1875,18.5625,-6.7,0.0,91.0,0.0
5.67873,0x386,0.0,0.0,1.0,6.25,3.29,0.33,18.625,18.84375,18.21875,18.1875,-6.7,0.0,91.0,0.0
5.67919,0x316,0.0,0.0,1.0,6.25,3.29,0.33,18.625,18.84375,18.21875,18.1875,-6.7,0.0,91.0,0.0
5.68445,0x220,0.0,0.0,1.0,6.25,3.37,0.21,18.625,18.84375,18.21875,18.1875,-6.7,0.0,91.0,0.0
5.68777,0x2B0,0.0,0.0,1.0,6.25,3.37,0.21,18.625,18.84375,18.21875,18.1875,-6.7,0.0,91.0,0.0
5.6888,0x316,0.0,0.0,1.0,6.25,3.37,0.21,18.625,18.84375,18.21875,18.1875,-6.7,0.0,89.0,0.0
5.69442,0x220,0.0,0.0,1.0,6.25,3.12,0.45,18.625,18.84375,18.21875,18.1875,-6.7,0.0,89.0,0.0
5.69777,0x2B0,0.0,0.0,1.0,6.25,3.12,0.45,18.625,18.84375,18.21875,18.1875,-6.7,0.0,89.0,0.0
5.69873,0x386,0.0,0.0,1.0,6.25,3.12,0.45,18.53125,18.53125,18.3125,18.21875,-6.7,0.0,89.0,0.0
5.69897,0x316,0.0,0.0,1.0,6.25,3.12,0.45,18.53125,18.53125,18.3125,18.21875,-6.7,0.0,89.0,0.0
5.70445,0x220,0.0,0.0,1.0,6.25,2.91,0.58,18.53125,18.53125,18.3125,18.21875,-6.7,0.0,89.0,0.0
5.70778,0x2B0,0.0,0.0,1.0,6.25,2.91,0.58,18.53125,18.53125,18.3125,18.21875,-6.7,0.0,89.0,0.0
5.70886,0x316,0.0,0.0,1.0,6.25,2.91,0.58,18.53125,18.53125,18.3125,18.21875,-6.7,0.0,89.0,0.0
5.71441,0x220,0.0,0.0,1.0,6.25,2.83,0.19,18.53125,18.53125,18.3125,18.21875,-6.7,0.0,89.0,0.0
5.71783,0x2B0,0.0,0.0,1.0,6.25,2.83,0.19,18.53125,18.53125,18.3125,18.21875,-6.7,0.0,89.0,0.0
5.71873,0x386,0.0,0.0,1.0,6.25,2.83,0.19,18.28125,18.375,17.96875,18.5625,-6.7,0.0,89.0,0.0
5.71896,0x316,0.0,0.0,1.0,6.25,2.83,0.19,18.28125,18.375,17.96875,18.5625,-6.7,0.0,89.0,0.0
5.72444,0x220,0.0,0.0,1.0,6.25,2.81,-0.49,18.28125,18.375,17.96875,18.5625,-6.7,0.0,89.0,0.0
5.72783,0x2B0,0.0,0.0,1.0,6.25,2.81,-0.49,18.28125,18.375,17.96875,18.5625,-6.7,0.0,89.0,0.0
5.7288,0x316,0.0,0.0,1.0,6.25,2.81,-0.49,18.28125,18.375,17.96875,18.5625,-6.7,0.0,89.0,0.0
5.73441,0x220,0.0,0.0,1.0,6.25,2.76,-0.87,18.28125,18.375,17.96875,18.5625,-6.7,0.0,89.0,0.0
5.73784,0x2B0,0.0,0.0,1.0,6.25,2.76,-0.87,18.28125,18.375,17.96875,18.5625,-6.8,0.0,89.0,0.0
5.73873,0x386,0.0,0.0,1.0,6.25,2.76,-0.87,18.21875,18.28125,17.71875,17.96875,-6.8,0.0,89.0,0.0
5.7392,0x316,0.0,0.0,1.0,6.25,2.76,-0.87,18.21875,18.28125,17.71875,17.96875,-6.8,0.0,89.0,0.0
5.74446,0x220,0.0,0.0,1.0,6.25,2.65,-0.65,18.21875,18.28125,17.71875,17.96875,-6.8,0.0,89.0,0.0
5.74785,0x2B0,0.0,0.0,1.0,6.25,2.65,-0.65,18.21875,18.28125,17.71875,17.96875,-6.8,0.0,89.0,0.0
5.74899,0x316,0.0,0.0,1.0,6.25,2.65,-0.65,18.21875,18.28125,17.71875,17.96875,-6.8,0.0,89.0,0.0
5.75441,0x220,0.0,0.0,1.0,6.25,2.56,-0.12,18.21875,18.28125,17.71875,17.96875,-6.8,0.0,89.0,0.0
5.75783,0x2B0,0.0,0.0,1.0,6.25,2.56,-0.12,18.21875,18.28125,17.71875,17.96875,-6.8,0.0,89.0,0.0
5.75873,0x386,0.0,0.0,1.0,6.25,2.56,-0.12,18.1875,18.28125,18.03125,17.875,-6.8,0.0,89.0,0.0
5.75897,0x316,0.0,0.0,1.0,6.25,2.56,-0.12,18.1875,18.28125,18.03125,17.875,-6.8,0.0,101.0,0.0
5.76444,0x220,0.0,0.0,1.0,6.25,2.63,0.15,18.1875,18.28125,18.03125,17.875,-6.8,0.0,101.0,0.0
5.76785,0x2B0,0.0,0.0,1.0,6.25,2.63,0.15,18.1875,18.28125,18.03125,17.875,-7.0,8.0,101.0,0.0
5.76897,0x316,0.0,0.0,1.0,6.25,2.63,0.15,18.1875,18.28125,18.03125,17.875,-7.0,8.0,109.0,0.0
5.77441,0x220,0.0,0.0,1.0,6.25,2.85,-0.01,18.1875,18.28125,18.03125,17.875,-7.0,8.0,109.0,0.0
5.7778,0x2B0,0.0,0.0,1.0,6.25,2.85,-0.01,18.1875,18.28125,18.03125,17.875,-7.0,8.0,109.0,0.0
5.77873,0x386,0.0,0.0,1.0,6.25,2.85,-0.01,18.09375,18.3125,18.03125,18.375,-7.0,8.0,109.0,0.0
5.77897,0x316,0.0,0.0,1.0,6.25,2.85,-0.01,18.09375,18.3125,18.03125,18.375,-7.0,8.0,119.0,0.0
5.78445,0x220,0.0,0.0,1.0,6.25,3.22,-0.55,18.09375,18.3125,18.03125,18.375,-7.0,8.0,119.0,0.0
5.7878,0x2B0,0.0,0.0,1.0,6.25,3.22,-0.55,18.09375,18.3125,18.03125,18.375,-7.0,0.0,119.0,0.0
5.78883,0x316,0.0,0.0,1.0,6.25,3.22,-0.55,18.09375,18.3125,18.03125,18.375,-7.0,0.0,127.0,0.0
5.79441,0x220,0.0,0.0,1.0,6.25,3.67,-0.96,18.09375,18.3125,18.03125,18.375,-7.0,0.0,127.0,0.0
5.7978,0x2B0,0.0,0.0,1.0,6.25,3.67,-0.96,18.09375,18.3125,18.03125,18.375,-7.0,0.0,127.0,0.0
5.79873,0x386,0.0,0.0,1.0,6.25,3.67,-0.96,18.25,18.15625,18.28125,18.4375,-7.0,0.0,127.0,0.0
5.79897,0x316,0.0,0.0,1.0,6.25,3.67,-0.96,18.25,18.15625,18.28125,18.4375,-7.0,0.0,132.0,0.0
5.80445,0x220,0.0,0.0,1.0,6.25,3.88,-0.93,18.25,18.15625,18.28125,18.4375,-7.0,0.0,132.0,0.0
5.8078,0x2B0,0.0,0.0,1.0,6.25,3.88,-0.93,18.25,18.15625,18.28125,18.4375,-7.0,0.0,132.0,0.0
5.80882,0x316,0.0,0.0,1.0,6.25,3.88,-0.93,18.25,18.15625,18.28125,18.4375,-7.0,0.0,132.0,0.0
5.81441,0x220,0.0,0.0,1.0,6.25,3.75,-0.63,18.25,18.15625,18.28125,18.4375,-7.0,0.0,132.0,0.0
5.81779,0x2B0,0.0,0.0,1.0,6.25,3.75,-0.63,18.25,18.15625,18.28125,18.4375,-7.0,0.0,132.0,0.0
5.81873,0x386,0.0,0.0,1.0,6.25,3.75,-0.63,17.96875,18.125,18.25,18.4375,-7.0,0.0,132.0,0.0
5.81897,0x316,0.0,0.0,1.0,6.25,3.75,-0.63,17.96875,18.125,18.25,18.4375,-7.0,0.0,132.0,0.0
5.82448,0x220,0.0,0.0,1.0,6.25,3.4,-0.46,17.96875,18.125,18.25,18.4375,-7.0,0.0,132.0,0.0
5.8278,0x2B0,0.0,0.0,1.0,6.25,3.4,-0.46,17.96875,18.125,18.25,18.4375,-7.0,0.0,132.0,0.0
5.82883,0x316,0.0,0.0,1.0,6.25,3.4,-0.46,17.96875,18.125,18.25,18.4375,-7.0,0.0,132.0,0.0
5.83441,0x220,0.0,0.0,1.0,6.25,2.89,-0.57,17.96875,18.125,18.25,18.4375,-7.0,0.0,132.0,0.0
5.8378,0x2B0,0.0,0.0,1.0,6.25,2.89,-0.57,17.96875,18.125,18.25,18.4375,-7.0,0.0,132.0,0.0
5.83873,0x386,0.0,0.0,1.0,6.25,2.89,-0.57,18.03125,18.21875,17.90625,18.28125,-7.0,0.0,132.0,0.0
5.8392,0x316,0.0,0.0,1.0,6.25,2.89,-0.57,18.03125,18.21875,17.90625,18.28125,-7.0,0.0,127.0,0.0
5.84446,0x220,0.0,0.0,1.0,6.25,2.33,-0.86,18.03125,18.21875,17.90625,18.28125,-7.0,0.0,127.0,0.0
5.84779,0x2B0,0.0,0.0,1.0,6.25,2.33,-0.86,18.03125,18.21875,17.90625,18.28125,-7.0,0.0,127.0,0.0
5.84898,0x316,0.0,0.0,1.0,6.25,2.33,-0.86,18.03125,18.21875,17.90625,18.28125,-7.0,0.0,127.0,0.0
5.85441,0x220,0.0,0.0,1.0,6.25,1.89,-1.01,18.03125,18.21875,17.90625,18.28125,-7.0,0.0,127.0,0.0
5.85779,0x2B0,0.0,0.0,1.0,6.25,1.89,-1.01,18.03125,18.21875,17.90625,18.28125,-7.0,0.0,127.0,0.0
5.85874,0x386,0.0,0.0,1.0,6.25,1.89,-1.01,18.375,18.15625,17.65625,18.1875,-7.0,0.0,127.0,0.0
5.85898,0x316,0.0,0.0,1.0,6.25,1.89,-1.01,18.375,18.15625,17.65625,18.1875,-7.0,0.0,122.0,0.0
5.86445,0x220,0.0,0.0,1.0,6.25,1.66,-0.84,18.375,18.15625,17.65625,18.1875,-7.0,0.0,122.0,0.0
5.8678,0x2B0,0.0,0.0,1.0,6.25,1.66,-0.84,18.375,18.15625,17.65625,18.1875,-7.0,0.0,122.0,0.0
5.869,0x316,0.0,0.0,1.0,6.25,1.66,-0.84,18.375,18.15625,17.65625,18.1875,-7.0,0.0,122.0,0.0
5.87442,0x220,0.0,0.0,1.0,6.25,1.59,-0.56,18.375,18.15625,17.65625,18.1875,-7.0,0.0,122.0,0.0
5.87779,0x2B0,0.0,0.0,1.0,6.25,1.59,-0.56,18.375,18.15625,17.65625,18.1875,-7.0,0.0,122.0,0.0
5.87873,0x386,0.0,0.0,1.0,6.25,1.59,-0.56,18.15625,18.28125,17.625,17.6875,-7.0,0.0,122.0,0.0
5.87897,0x316,0.0,0.0,1.0,6.25,1.59,-0.56,18.15625,18.28125,17.625,17.6875,-7.0,0.0,124.0,0.0
5.88445,0x220,0.0,0.0,1.0,6.25,1.51,-0.34,18.15625,18.28125,17.625,17.6875,-7.0,0.0,124.0,0.0
5.88779,0x2B0,0.0,0.0,1.0,6.25,1.51,-0.34,18.15625,18.28125,17.625,17.6875,-7.0,0.0,124.0,0.0
5.8888,0x316,0.0,0.0,1.0,6.25,1.51,-0.34,18.15625,18.28125,17.625,17.6875,-7.0,0.0,130.0,0.0
5.89442,0x220,0.0,0.0,1.0,6.25,1.26,-0.29,18.15625,18.28125,17.625,17.6875,-7.0,0.0,130.0,0.0
5.89779,0x2B0,0.0,0.0,1.0,6.25,1.26,-0.29,18.15625,18.28125,17.625,17.6875,-7.0,0.0,130.0,0.0
5.89874,0x386,0.0,0.0,1.0,6.25,1.26,-0.29,18.3125,18.40625,17.8125,17.09375,-7.0,0.0,130.0,0.0
5.89897,0x316,0.0,0.0,1.0,6.25,1.26,-0.29,18.3125,18.40625,17.8125,17.09375,-7.0,0.0,137.0,0.0
5.90447,0x220,0.0,0.0,1.0,6.25,0.95,-0.2,18.3125,18.40625,17.8125,17.09375,-7.0,0.0,137.0,0.0
5.90779,0x2B0,0.0,0.0,1.0,6.25,0.95,-0.2,18.3125,18.40625,17.8125,17.09375,-7.0,0.0,137.0,0.0
5.90881,0x316,0.0,0.0,1.0,6.25,0.95,-0.2,18.3125,18.40625,17.8125,17.09375,-7.0,0.0,145.0,0.0
5.91442,0x220,0.0,0.0,1.0,6.25,0.82,0.0,18.3125,18.40625,17.8125,17.09375,-7.0,0.0,145.0,0.0
5.91779,0x2B0,0.0,0.0,1.0,6.25,0.82,0.0,18.3125,18.40625,17.8125,17.09375,-7.0,0.0,145.0,0.0
5.91874,0x386,0.0,0.0,1.0,6.25,0.82,0.0,18.40625,18.40625,17.3125,17.0,-7.0,0.0,145.0,0.0
5.91897,0x316,0.0,0.0,1.0,6.25,0.82,0.0,18.40625,18.40625,17.3125,17.0,-7.0,0.0,152.0,0.0
5.92445,0x220,0.0,0.0,1.0,6.25,1.02,0.05,18.40625,18.40625,17.3125,17.0,-7.0,0.0,152.0,0.0
5.92779,0x2B0,0.0,0.0,1.0,6.25,1.02,0.05,18.40625,18.40625,17.3125,17.0,-7.0,0.0,152.0,0.0
5.92879,0x316,0.0,0.0,1.0,6.25,1.02,0.05,18.40625,18.40625,17.3125,17.0,-7.0,0.0,155.0,0.0
5.93442,0x220,0.0,0.0,1.0,6.25,1.49,-0.27,18.40625,18.40625,17.3125,17.0,-7.0,0.0,155.0,0.0
5.93779,0x2B0,0.0,0.0,1.0,6.25,1.49,-0.27,18.40625,18.40625,17.3125,17.0,-7.0,0.0,155.0,0.0
5.93873,0x386,0.0,0.0,1.0,6.25,1.49,-0.27,18.4375,18.46875,17.4375,17.5625,-7.0,0.0,155.0,0.0
5.9392,0x316,0.0,0.0,1.0,6.25,1.49,-0.27,18.4375,18.46875,17.4375,17.5625,-7.0,0.0,155.0,0.0
5.94446,0x220,0.0,0.0,1.0,6.25,1.82,-0.7,18.4375,18.46875,17.4375,17.5625,-7.0,0.0,155.0,0.0
5.94779,0x2B0,0.0,0.0,1.0,6.25,1.82,-0.7,18.4375,18.46875,17.4375,17.5625,-7.0,0.0,155.0,0.0
5.94893,0x316,0.0,0.0,1.0,6.25,1.82,-0.7,18.4375,18.46875,17.4375,17.5625,-7.0,0.0,155.0,0.0
5.95442,0x220,0.0,0.0,1.0,6.25,1.78,-0.75,18.4375,18.46875,17.4375,17.5625,-7.0,0.0,155.0,0.0
5.95779,0x2B0,0.0,0.0,1.0,6.25,1.78,-0.75,18.4375,18.46875,17.4375,17.5625,-7.0,0.0,155.0,0.0
5.95873,0x386,0.0,0.0,1.0,6.25,1.78,-0.75,18.34375,18.1875,17.59375,17.34375,-7.0,0.0,155.0,0.0
5.95897,0x316,0.0,0.0,1.0,6.25,1.78,-0.75,18.34375,18.1875,17.59375,17.34375,-7.0,0.0,145.0,0.0
5.96445,0x220,0.0,0.0,1.0,6.25,1.39,-0.21,18.34375,18.1875,17.59375,17.34375,-7.0,0.0,145.0,0.0
5.96784,0x2B0,0.0,0.0,1.0,6.25,1.39,-0.21,18.34375,18.1875,17.59375,17.34375,-7.0,0.0,145.0,0.0
5.96897,0x316,0.0,0.0,1.0,6.25,1.39,-0.21,18.34375,18.1875,17.59375,17.34375,-7.0,0.0,135.0,0.0
5.97442,0x220,0.0,0.0,1.0,6.25,0.89,0.38,18.34375,18.1875,17.59375,17.34375,-7.0,0.0,135.0,0.0
5.9778,0x2B0,0.0,0.0,1.0,6.25,0.89,0.38,18.34375,18.1875,17.59375,17.34375,-6.9,0.0,135.0,0.0
5.97874,0x386,0.0,0.0,1.0,6.25,0.89,0.38,18.40625,18.4375,17.4375,17.03125,-6.9,0.0,135.0,0.0
5.97897,0x316,0.0,0.0,1.0,6.25,0.89,0.38,18.40625,18.4375,17.4375,17.03125,-6.9,0.0,127.0,0.0
5.98446,0x220,0.0,0.0,1.0,6.25,0.53,0.47,18.40625,18.4375,17.4375,17.03125,-6.9,0.0,127.0,0.0
5.98777,0x2B0,0.0,0.0,1.0,6.25,0.53,0.47,18.40625,18.4375,17.4375,17.03125,-6.9,0.0,127.0,0.0
5.98879,0x316,0.0,0.0,1.0,6.25,0.53,0.47,18.40625,18.4375,17.4375,17.03125,-6.9,0.0,119.0,0.0
5.99442,0x220,0.0,0.0,1.0,6.25,0.35,0.14,18.40625,18.4375,17.4375,17.03125,-6.9,0.0,119.0,0.0
5.99778,0x2B0,0.0,0.0,1.0,6.25,0.35,0.14,18.40625,18.4375,17.4375,17.03125,-6.9,0.0,119.0,0.0
5.99874,0x386,0.0,0.0,1.0,6.25,0.35,0.14,18.28125,18.03125,17.0,17.46875,-6.9,0.0,119.0,0.0
5.99898,0x316,0.0,0.0,1.0,6.25,0.35,0.14,18.28125,18.03125,17.0,17.46875,-6.9,0.0,114.0,0.0
6.00446,0x220,0.0,0.0,1.0,6.25,0.41,-0.17,18.28125,18.03125,17.0,17.46875,-6.9,0.0,114.0,0.0
6.00779,0x2B0,0.0,0.0,1.0,6.25,0.41,-0.17,18.28125,18.03125,17.0,17.46875,-6.9,0.0,114.0,0.0
6.00886,0x316,0.0,0.0,1.0,6.25,0.41,-0.17,18.28125,18.03125,17.0,17.46875,-6.9,0.0,112.0,0.0
6.01443,0x220,0.0,0.0,1.0,6.25,0.67,-0.23,18.28125,18.03125,17.0,17.46875,-6.9,0.0,112.0,0.0
6.01779,0x2B0,0.0,0.0,1.0,6.25,0.67,-0.23,18.28125,18.03125,17.0,17.46875,-6.9,0.0,112.0,0.0
6.01874,0x386,0.0,0.0,1.0,6.25,0.67,-0.23,18.28125,18.1875,17.40625,17.96875,-6.9,0.0,112.0,0.0
6.01898,0x316,0.0,0.0,1.0,6.25,0.67,-0.23,18.28125,18.1875,17.40625,17.96875,-6.9,0.0,112.0,0.0
6.02445,0x220,0.0,0.0,1.0,6.25,0.9,-0.05,18.28125,18.1875,17.40625,17.96875,-6.9,0.0,112.0,0.0
6.02778,0x2B0,0.0,0.0,1.0,6.25,0.9,-0.05,18.28125,18.1875,17.40625,17.96875,-6.9,0.0,112.0,0.0
6.0288,0x316,0.0,0.0,1.0,6.25,0.9,-0.05,18.28125,18.1875,17.40625,17.96875,-6.9,0.0,112.0,0.0
6.03443,0x220,0.0,0.0,1.0,6.25,0.97,0.1,18.28125,18.1875,17.40625,17.96875,-6.9,0.0,112.0,0.0
6.03785,0x2B0,0.0,0.0,1.0,6.25,0.97,0.1,18.28125,18.1875,17.40625,17.96875,-6.9,0.0,112.0,0.0
6.03874,0x386,0.0,0.0,1.0,6.25,0.97,0.1,18.0,18.09375,17.53125,17.4375,-6.9,0.0,112.0,0.0
6.03921,0x316,0.0,0.0,1.0,6.25,0.97,0.1,18.0,18.09375,17.53125,17.4375,-6.9,0.0,117.0,0.0
6.04446,0x220,0.0,0.0,1.0,6.25,0.86,0.25,18.0,18.09375,17.53125,17.4375,-6.9,0.0,117.0,0.0
6.0478,0x2B0,0.0,0.0,1.0,6.25,0.86,0.25,18.0,18.09375,17.53125,17.4375,-6.8,0.0,117.0,0.0
6.049,0x316,0.0,0.0,1.0,6.25,0.86,0.25,18.0,18.09375,17.53125,17.4375,-6.8,0.0,117.0,0.0
6.05442,0x220,0.0,0.0,1.0,6.25,0.7,0.42,18.0,18.09375,17.53125,17.4375,-6.8,0.0,117.0,0.0
6.05777,0x2B0,0.0,0.0,1.0,6.25,0.7,0.42,18.0,18.09375,17.53125,17.4375,-6.8,0.0,117.0,0.0
6.05875,0x386,0.0,0.0,1.0,6.25,0.7,0.42,18.21875,18.0,17.5,17.46875,-6.8,0.0,117.0,0.0
6.05898,0x316,0.0,0.0,1.0,6.25,0.7,0.42,18.21875,18.0,17.5,17.46875,-6.8,0.0,124.0,0.0
6.06446,0x220,0.0,0.0,1.0,6.25,0.7,0.59,18.21875,18.0,17.5,17.46875,-6.8,0.0,124.0,0.0
6.06777,0x2B0,0.0,0.0,1.0,6.25,0.7,0.59,18.21875,18.0,17.5,17.46875,-6.8,0.0,124.0,0.0
6.06896,0x316,0.0,0.0,1.0,6.25,0.7,0.59,18.21875,18.0,17.5,17.46875,-6.8,0.0,127.0,0.0
6.07443,0x220,0.0,0.0,1.0,6.25,1.04,0.52,18.21875,18.0,17.5,17.46875,-6.8,0.0,127.0,0.0
6.07777,0x2B0,0.0,0.0,1.0,6.25,1.04,0.52,18.21875,18.0,17.5,17.46875,-6.8,0.0,127.0,0.0
6.07874,0x386,0.0,0.0,1.0,6.25,1.04,0.52,17.96875,17.78125,17.40625,17.40625,-6.8,0.0,127.0,0.0
6.07922,0x316,0.0,0.0,1.0,6.25,1.04,0.52,17.96875,17.78125,17.40625,17.40625,-6.8,0.0,127.0,0.0
6.08446,0x220,0.0,0.0,1.0,6.25,1.54,0.1,17.96875,17.78125,17.40625,17.40625,-6.8,0.0,127.0,0.0
6.08784,0x2B0,0.0,0.0,1.0,6.25,1.54,0.1,17.96875,17.78125,17.40625,17.40625,-6.8,0.0,127.0,0.0
6.08884,0x316,0.0,0.0,1.0,6.25,1.54,0.1,17.96875,17.78125,17.40625,17.40625,-6.8,0.0,127.0,0.0
6.09443,0x220,0.0,0.0,1.0,6.25,1.88,-0.3,17.96875,17.78125,17.40625,17.40625,-6.8,0.0,127.0,0.0
6.09779,0x2B0,0.0,0.0,1.0,6.25,1.88,-0.3,17.96875,17.78125,17.40625,17.40625,-6.6,8.0,127.0,0.0
6.09874,0x386,0.0,0.0,1.0,6.25,1.88,-0.3,18.0625,17.875,17.5625,17.5625,-6.6,8.0,127.0,0.0
6.09898,0x316,0.0,0.0,1.0,6.25,1.88,-0.3,18.0625,17.875,17.5625,17.5625,-6.6,8.0,124.0,0.0
6.10446,0x220,0.0,0.0,1.0,6.25,2.01,-0.31,18.0625,17.875,17.5625,17.5625,-6.6,8.0,124.0,0.0
6.10781,0x2B0,0.0,0.0,1.0,6.25,2.01,-0.31,18.0625,17.875,17.5625,17.5625,-6.6,8.0,124.0,0.0
6.10879,0x316,0.0,0.0,1.0,6.25,2.01,-0.31,18.0625,17.875,17.5625,17.5625,-6.6,8.0,119.0,0.0
6.11443,0x220,0.0,0.0,1.0,6.25,1.92,0.02,18.0625,17.875,17.5625,17.5625,-6.6,8.0,119.0,0.0
6.11776,0x2B0,0.0,0.0,1.0,6.25,1.92,0.02,18.0625,17.875,17.5625,17.5625,-6.6,0.0,119.0,0.0
6.11874,0x386,0.0,0.0,1.0,6.25,1.92,0.02,18.0,17.84375,17.46875,17.71875,-6.6,0.0,119.0,0.0
6.11898,0x316,0.0,0.0,1.0,6.25,1.92,0.02,18.0,17.84375,17.46875,17.71875,-6.6,0.0,114.0,0.0
6.12446,0x220,0.0,0.0,1.0,6.25,1.8,0.43,18.0,17.84375,17.46875,17.71875,-6.6,0.0,114.0,0.0
6.12777,0x2B0,0.0,0.0,1.0,6.25,1.8,0.43,18.0,17.84375,17.46875,17.71875,-6.6,0.0,114.0,0.0
6.12883,0x316,0.0,0.0,1.0,6.25,1.8,0.43,18.0,17.84375,17.46875,17.71875,-6.6,0.0,112.0,0.0
6.13442,0x220,0.0,0.0,1.0,6.25,1.88,0.49,18.0,17.84375,17.46875,17.71875,-6.6,0.0,112.0,0.0
6.13777,0x2B0,0.0,0.0,1.0,6.25,1.88,0.49,18.0,17.84375,17.46875,17.71875,-6.6,0.0,112.0,0.0
6.13875,0x386,0.0,0.0,1.0,6.25,1.88,0.49,17.90625,17.8125,17.46875,17.40625,-6.6,0.0,112.0,0.0
6.13898,0x316,0.0,0.0,1.0,6.25,1.88,0.49,17.90625,17.8125,17.46875,17.40625,-6.6,0.0,107.0,0.0
6.14447,0x220,0.0,0.0,1.0,6.25,2.15,0.15,17.90625,17.8125,17.46875,17.40625,-6.6,0.0,107.0,0.0
6.14782,0x2B0,0.0,0.0,1.0,6.25,2.15,0.15,17.90625,17.8125,17.46875,17.40625,-6.6,0.0,107.0,0.0
6.14891,0x316,0.0,0.0,1.0,6.25,2.15,0.15,17.90625,17.8125,17.46875,17.40625,-6.6,0.0,107.0,0.0
6.15442,0x220,0.0,0.0,1.0,6.25,2.45,-0.27,17.90625,17.8125,17.46875,17.40625,-6.6,0.0,107.0,0.0
6.1578,0x2B0,0.0,0.0,1.0,6.25,2.45,-0.27,17.90625,17.8125,17.46875,17.40625,-6.8,8.0,107.0,0.0
6.15874,0x386,0.0,0.0,1.0,6.25,2.45,-0.27,17.75,17.625,17.25,17.46875,-6.8,8.0,107.0,0.0
6.15898,0x316,0.0,0.0,1.0,6.25,2.45,-0.27,17.75,17.625,17.25,17.46875,-6.8,8.0,104.0,0.0
6.16446,0x220,0.0,0.0,1.0,6.25,2.65,-0.6,17.75,17.625,17.25,17.46875,-6.8,8.0,104.0,0.0
6.16781,0x2B0,0.0,0.0,1.0,6.25,2.65,-0.6,17.75,17.625,17.25,17.46875,-6.9,12.0,104.0,0.0
6.16907,0x316,0.0,0.0,1.0,6.25,2.65,-0.6,17.75,17.625,17.25,17.46875,-6.9,12.0,104.0,0.0
6.17442,0x220,0.0,0.0,1.0,6.25,2.67,-0.55,17.75,17.625,17.25,17.46875,-6.9,12.0,104.0,0.0
6.17783,0x2B0,0.0,0.0,1.0,6.25,2.67,-0.55,17.75,17.625,17.25,17.46875,-6.9,0.0,104.0,0.0
6.17875,0x386,0.0,0.0,1.0,6.25,2.67,-0.55,17.65625,17.75,16.90625,17.25,-6.9,0.0,104.0,0.0
6.17898,0x316,0.0,0.0,1.0,6.25,2.67,-0.55,17.65625,17.75,16.90625,17.25,-6.9,0.0,109.0,0.0
6.18447,0x220,0.0,0.0,1.0,6.25,2.4,-0.24,17.65625,17.75,16.90625,17.25,-6.9,0.0,109.0,0.0
6.18782,0x2B0,0.0,0.0,1.0,6.25,2.4,-0.24,17.65625,17.75,16.90625,17.25,-7.1,8.0,109.0,0.0
6.1888,0x316,0.0,0.0,1.0,6.25,2.4,-0.24,17.65625,17.75,16.90625,17.25,-7.1,8.0,114.0,0.0
6.19443,0x220,0.0,0.0,1.0,6.25,2.12,0.0,17.65625,17.75,16.90625,17.25,-7.1,8.0,114.0,0.0
6.19783,0x2B0,0.0,0.0,1.0,6.25,2.12,0.0,17.65625,17.75,16.90625,17.25,-7.1,8.0,114.0,0.0
6.19874,0x386,0.0,0.0,1.0,6.25,2.12,0.0,17.6875,17.71875,17.34375,17.1875,-7.1,8.0,114.0,0.0
6.19898,0x316,0.0,0.0,1.0,6.25,2.12,0.0,17.6875,17.71875,17.34375,17.1875,-7.1,8.0,122.0,0.0
6.20446,0x220,0.0,0.0,1.0,6.25,2.03,0.0,17.6875,17.71875,17.34375,17.1875,-7.1,8.0,122.0,0.0
6.20785,0x2B0,0.0,0.0,1.0,6.25,2.03,0.0,17.6875,17.71875,17.34375,17.1875,-7.3,8.0,122.0,0.0
6.20883,0x316,0.0,0.0,1.0,6.25,2.03,0.0,17.6875,17.71875,17.34375,17.1875,-7.3,8.0,127.0,0.0
6.21443,0x220,0.0,0.0,1.0,6.25,2.1,-0.28,17.6875,17.71875,17.34375,17.1875,-7.3,8.0,127.0,0.0
6.21785,0x2B0,0.0,0.0,1.0,6.25,2.1,-0.28,17.6875,17.71875,17.34375,17.1875,-7.3,8.0,127.0,0.0
6.21875,0x386,0.0,0.0,1.0,6.25,2.1,-0.28,17.65625,17.65625,17.25,17.25,-7.3,8.0,127.0,0.0
6.21899,0x316,0.0,0.0,1.0,6.25,2.1,-0.28,17.65625,17.65625,17.25,17.25,-7.3,8.0,132.0,0.0
6.22446,0x220,0.0,0.0,1.0,6.25,2.27,-0.61,17.65625,17.65625,17.25,17.25,-7.3,8.0,132.0,0.0
6.22785,0x2B0,0.0,0.0,1.0,6.25,2.27,-0.61,17.65625,17.65625,17.25,17.25,-7.5,8.0,132.0,0.0
6.22879,0x316,0.0,0.0,1.0,6.25,2.27,-0.61,17.65625,17.65625,17.25,17.25,-7.5,8.0,132.0,0.0
6.23443,0x220,0.0,0.0,1.0,6.25,2.42,-0.73,17.65625,17.65625,17.25,17.25,-7.5,8.0,132.0,0.0
6.23785,0x2B0,0.0,0.0,1.0,6.25,2.42,-0.73,17.65625,17.65625,17.25,17.25,-7.5,8.0,132.0,0.0
6.23874,0x386,0.0,0.0,1.0,6.25,2.42,-0.73,17.5625,17.625,16.59375,17.03125,-7.5,8.0,132.0,0.0
6.23921,0x316,0.0,0.0,1.0,6.25,2.42,-0.73,17.5625,17.625,16.59375,17.03125,-7.5,8.0,132.0,0.0
6.24447,0x220,0.0,0.0,1.0,6.25,2.48,-0.56,17.5625,17.625,16.59375,17.03125,-7.5,8.0,132.0,0.0
6.24784,0x2B0,0.0,0.0,1.0,6.25,2.48,-0.56,17.5625,17.625,16.59375,17.03125,-7.5,0.0,132.0,0.0
6.24895,0x316,0.0,0.0,1.0,6.25,2.48,-0.56,17.5625,17.625,16.59375,17.03125,-7.5,0.0,132.0,0.0
6.25443,0x220,0.0,0.0,1.0,6.25,2.49,-0.17,17.5625,17.625,16.59375,17.03125,-7.5,0.0,132.0,0.0
6.25783,0x2B0,0.0,0.0,1.0,6.25,2.49,-0.17,17.5625,17.625,16.59375,17.03125,-7.6,0.0,132.0,0.0
6.25875,0x386,0.0,0.0,1.0,6.25,2.49,-0.17,17.78125,17.6875,17.0625,16.59375,-7.6,0.0,132.0,0.0
6.25899,0x316,0.0,0.0,1.0,6.25,2.49,-0.17,17.78125,17.6875,17.0625,16.59375,-7.6,0.0,127.0,0.0
6.26447,0x220,0.0,0.0,1.0,6.25,2.51,0.08,17.78125,17.6875,17.0625,16.59375,-7.6,0.0,127.0,0.0
6.2678,0x2B0,0.0,0.0,1.0,6.25,2.51,0.08,17.78125,17.6875,17.0625,16.59375,-7.6,0.0,127.0,0.0
6.26895,0x316,0.0,0.0,1.0,6.25,2.51,0.08,17.78125,17.6875,17.0625,16.59375,-7.6,0.0,122.0,0.0
6.27443,0x220,0.0,0.0,1.0,6.25,2.57,-0.02,17.78125,17.6875,17.0625,16.59375,-7.6,0.0,122.0,0.0
6.2778,0x2B0,0.0,0.0,1.0,6.25,2.57,-0.02,17.78125,17.6875,17.0625,16.59375,-7.6,0.0,122.0,0.0
6.27875,0x386,0.0,0.0,1.0,6.25,2.57,-0.02,17.53125,17.6875,16.65625,16.59375,-7.6,0.0,122.0,0.0
6.27898,0x316,0.0,0.0,1.0,6.25,2.57,-0.02,17.53125,17.6875,16.65625,16.59375,-7.6,0.0,119.0,0.0
6.28446,0x220,0.0,0.0,1.0,6.25,2.58,-0.49,17.53125,17.6875,16.65625,16.59375,-7.6,0.0,119.0,0.0
6.28779,0x2B0,0.0,0.0,1.0,6.25,2.58,-0.49,17.53125,17.6875,16.65625,16.59375,-7.6,0.0,119.0,0.0
6.28883,0x316,0.0,0.0,1.0,6.25,2.58,-0.49,17.53125,17.6875,16.65625,16.59375,-7.6,0.0,117.0,0.0
6.29443,0x220,0.0,0.0,1.0,6.25,2.4,-0.74,17.53125,17.6875,16.65625,16.59375,-7.6,0.0,117.0,0.0
6.29779,0x2B0,0.0,0.0,1.0,6.25,2.4,-0.74,17.53125,17.6875,16.65625,16.59375,-7.6,0.0,117.0,0.0
6.29875,0x386,0.0,0.0,1.0,6.25,2.4,-0.74,17.65625,17.59375,16.78125,16.9375,-7.6,0.0,117.0,0.0
6.29899,0x316,0.0,0.0,1.0,6.25,2.4,-0.74,17.65625,17.59375,16.78125,16.9375,-7.6,0.0,117.0,0.0
6.30447,0x220,0.0,0.0,1.0,6.25,2.03,-0.63,17.65625,17.59375,16.78125,16.9375,-7.6,0.0,117.0,0.0
6.30788,0x2B0,0.0,0.0,1.0,6.25,2.03,-0.63,17.65625,17.59375,16.78125,16.9375,-7.6,0.0,117.0,0.0
6.30879,0x316,0.0,0.0,1.0,6.25,2.03,-0.63,17.65625,17.59375,16.78125,16.9375,-7.6,0.0,117.0,0.0
6.31443,0x220,0.0,0.0,1.0,6.25,1.58,-0.32,17.65625,17.59375,16.78125,16.9375,-7.6,0.0,117.0,0.0
6.31779,0x2B0,0.0,0.0,1.0,6.25,1.58,-0.32,17.65625,17.59375,16.78125,16.9375,-7.6,0.0,117.0,0.0
6.31875,0x386,0.0,0.0,1.0,6.25,1.58,-0.32,17.40625,17.53125,17.0625,16.90625,-7.6,0.0,117.0,0.0
6.31899,0x316,0.0,0.0,1.0,6.25,1.58,-0.32,17.40625,17.53125,17.0625,16.90625,-7.6,0.0,119.0,0.0
6.32447,0x220,0.0,0.0,1.0,6.25,1.19,0.0,17.40625,17.53125,17.0625,16.90625,-7.6,0.0,119.0,0.0
6.32778,0x2B0,0.0,0.0,1.0,6.25,1.19,0.0,17.40625,17.53125,17.0625,16.90625,-7.6,0.0,119.0,0.0
6.32882,0x316,0.0,0.0,1.0,6.25,1.19,0.0,17.40625,17.53125,17.0625,16.90625,-7.6,0.0,122.0,0.0
6.33443,0x220,0.0,0.0,1.0,6.25,1.07,0.13,17.40625,17.53125,17.0625,16.90625,-7.6,0.0,122.0,0.0
6.3378,0x2B0,0.0,0.0,1.0,6.25,1.07,0.13,17.40625,17.53125,17.0625,16.90625,-7.6,0.0,122.0,0.0
6.33876,0x386,0.0,0.0,1.0,6.25,1.07,0.13,17.40625,17.4375,16.71875,16.75,-7.6,0.0,122.0,0.0
6.33923,0x316,0.0,0.0,1.0,6.25,1.07,0.13,17.40625,17.4375,16.71875,16.75,-7.6,0.0,127.0,0.0
6.34447,0x220,0.0,0.0,1.0,6.25,1.2,0.06,17.40625,17.4375,16.71875,16.75,-7.6,0.0,127.0,0.0
6.34787,0x2B0,0.0,0.0,1.0,6.25,1.2,0.06,17.40625,17.4375,16.71875,16.75,-7.6,0.0,127.0,0.0
6.34891,0x316,0.0,0.0,1.0,6.25,1.2,0.06,17.40625,17.4375,16.71875,16.75,-7.6,0.0,127.0,0.0
6.35444,0x220,0.0,0.0,1.0,6.25,1.47,0.04,17.40625,17.4375,16.71875,16.75,-7.6,0.0,127.0,0.0
6.35782,0x2B0,0.0,0.0,1.0,6.25,1.47,0.04,17.40625,17.4375,16.71875,16.75,-7.4,8.0,127.0,0.0
6.35875,0x386,0.0,0.0,1.0,6.25,1.47,0.04,17.53125,17.53125,16.78125,16.8125,-7.4,8.0,127.0,0.0
6.35898,0x316,0.0,0.0,1.0,6.25,1.47,0.04,17.53125,17.53125,16.78125,16.8125,-7.4,8.0,137.0,0.0
6.36447,0x220,0.0,0.0,1.0,6.25,1.73,0.21,17.53125,17.53125,16.78125,16.8125,-7.4,8.0,137.0,0.0
6.3678,0x2B0,0.0,0.0,1.0,6.25,1.73,0.21,17.53125,17.53125,16.78125,16.8125,-7.4,8.0,137.0,0.0
6.36907,0x316,0.0,0.0,1.0,6.25,1.73,0.21,17.53125,17.53125,16.78125,16.8125,-7.4,8.0,140.0,0.0
6.37444,0x220,0.0,0.0,1.0,6.25,1.81,0.31,17.53125,17.53125,16.78125,16.8125,-7.4,8.0,140.0,0.0
6.37779,0x2B0,0.0,0.0,1.0,6.25,1.81,0.31,17.53125,17.53125,16.78125,16.8125,-7.4,0.0,140.0,0.0
6.37875,0x386,0.0,0.0,1.0,6.25,1.81,0.31,17.40625,17.25,16.8125,16.75,-7.4,0.0,140.0,0.0
6.37899,0x316,0.0,0.0,1.0,6.25,1.81,0.31,17.40625,17.25,16.8125,16.75,-7.4,0.0,142.0,0.0
6.38447,0x220,0.0,0.0,1.0,6.25,1.57,0.33,17.40625,17.25,16.8125,16.75,-7.4,0.0,142.0,0.0
6.38782,0x2B0,0.0,0.0,1.0,6.25,1.57,0.33,17.40625,17.25,16.8125,16.75,-7.3,0.0,142.0,0.0
6.38879,0x316,0.0,0.0,1.0,6.25,1.57,0.33,17.40625,17.25,16.8125,16.75,-7.3,0.0,142.0,0.0
6.39443,0x220,0.0,0.0,1.0,6.25,1.16,0.36,17.40625,17.25,16.8125,16.75,-7.3,0.0,142.0,0.0
6.3978,0x2B0,0.0,0.0,1.0,6.25,1.16,0.36,17.40625,17.25,16.8125,16.75,-7.3,0.0,142.0,0.0
6.39875,0x386,0.0,0.0,1.0,6.25,1.16,0.36,17.40625,17.3125,16.84375,16.90625,-7.3,0.0,142.0,0.0
6.39899,0x316,0.0,0.0,1.0,6.25,1.16,0.36,17.40625,17.3125,16.84375,16.90625,-7.3,0.0,142.0,0.0
6.40447,0x220,0.0,0.0,1.0,6.25,0.87,0.29,17.40625,17.3125,16.84375,16.90625,-7.3,0.0,142.0,0.0
6.4079,0x2B0,0.0,0.0,1.0,6.25,0.87,0.29,17.40625,17.3125,16.84375,16.90625,-7.3,0.0,142.0,0.0
6.40886,0x316,0.0,0.0,1.0,6.25,0.87,0.29,17.40625,17.3125,16.84375,16.90625,-7.3,0.0,142.0,0.0
6.41444,0x220,0.0,0.0,1.0,6.25,0.81,0.19,17.40625,17.3125,16.84375,16.90625,-7.3,0.0,142.0,0.0
6.41779,0x2B0,0.0,0.0,1.0,6.25,0.81,0.19,17.40625,17.3125,16.84375,16.90625,-7.3,0.0,142.0,0.0
6.41875,0x386,0.0,0.0,1.0,6.25,0.81,0.19,17.375,17.3125,16.8125,16.96875,-7.3,0.0,142.0,0.0
6.41899,0x316,0.0,0.0,1.0,6.25,0.81,0.19,17.375,17.3125,16.8125,16.96875,-7.3,0.0,142.0,0.0
6.42449,0x220,0.0,0.0,1.0,6.25,0.99,0.3,17.375,17.3125,16.8125,16.96875,-7.3,0.0,142.0,0.0
6.42778,0x2B0,0.0,0.0,1.0,6.25,0.99,0.3,17.375,17.3125,16.8125,16.96875,-7.3,0.0,142.0,0.0
6.42879,0x316,0.0,0.0,1.0,6.25,0.99,0.3,17.375,17.3125,16.8125,16.96875,-7.3,0.0,142.0,0.0
6.43444,0x220,0.0,0.0,1.0,6.25,1.32,0.51,17.375,17.3125,16.8125,16.96875,-7.3,0.0,142.0,0.0
6.43778,0x2B0,0.0,0.0,1.0,6.25,1.32,0.51,17.375,17.3125,16.8125,16.96875,-7.3,0.0,142.0,0.0
6.43875,0x386,0.0,0.0,1.0,6.25,1.32,0.51,17.34375,17.3125,16.78125,16.75,-7.3,0.0,142.0,0.0
6.43922,0x316,0.0,0.0,1.0,6.25,1.32,0.51,17.34375,17.3125,16.78125,16.75,-7.3,0.0,142.0,0.0
6.44447,0x220,0.0,0.0,1.0,6.25,1.66,0.65,17.34375,17.3125,16.78125,16.75,-7.3,0.0,142.0,0.0
6.44784,0x2B0,0.0,0.0,1.0,6.25,1.66,0.65,17.34375,17.3125,16.78125,16.75,-7.3,0.0,142.0,0.0
6.44898,0x316,0.0,0.0,1.0,6.25,1.66,0.65,17.34375,17.3125,16.78125,16.75,-7.3,0.0,142.0,0.0
6.45443,0x220,0.0,0.0,1.0,6.25,1.89,0.73,17.34375,17.3125,16.78125,16.75,-7.3,0.0,142.0,0.0
6.45784,0x2B0,0.0,0.0,1.0,6.25,1.89,0.73,17.34375,17.3125,16.78125,16.75,-7.4,0.0,142.0,0.0
6.45875,0x386,0.0,0.0,1.0,6.25,1.89,0.73,17.375,17.34375,16.3125,16.78125,-7.4,0.0,142.0,0.0
6.45899,0x316,0.0,0.0,1.0,6.25,1.89,0.73,17.375,17.34375,16.3125,16.78125,-7.4,0.0,145.0,0.0
6.46449,0x220,0.0,0.0,1.0,6.25,1.86,0.81,17.375,17.34375,16.3125,16.78125,-7.4,0.0,145.0,0.0
6.46783,0x2B0,0.0,0.0,1.0,6.25,1.86,0.81,17.375,17.34375,16.3125,16.78125,-7.4,0.0,145.0,0.0
6.46894,0x316,0.0,0.0,1.0,6.25,1.86,0.81,17.375,17.34375,16.3125,16.78125,-7.4,0.0,145.0,0.0
6.47443,0x220,0.0,0.0,1.0,6.25,1.6,0.77,17.375,17.34375,16.3125,16.78125,-7.4,0.0,145.0,0.0
6.47787,0x2B0,0.0,0.0,1.0,6.25,1.6,0.77,17.375,17.34375,16.3125,16.78125,-7.6,8.0,145.0,0.0
6.47875,0x386,0.0,0.0,1.0,6.25,1.6,0.77,17.5,17.25,16.34375,16.78125,-7.6,8.0,145.0,0.0
6.47899,0x316,0.0,0.0,1.0,6.25,1.6,0.77,17.5,17.25,16.34375,16.78125,-7.6,8.0,150.0,0.0
6.48448,0x220,0.0,0.0,1.0,6.25,1.29,0.49,17.5,17.25,16.34375,16.78125,-7.6,8.0,150.0,0.0
6.48784,0x2B0,0.0,0.0,1.0,6.25,1.29,0.49,17.5,17.25,16.34375,16.78125,-7.6,8.0,150.0,0.0
6.48883,0x316,0.0,0.0,1.0,6.25,1.29,0.49,17.5,17.25,16.34375,16.78125,-7.6,8.0,152.0,0.0
6.49444,0x220,0.0,0.0,1.0,6.25,1.13,0.24,17.5,17.25,16.34375,16.78125,-7.6,8.0,152.0,0.0
6.49784,0x2B0,0.0,0.0,1.0,6.25,1.13,0.24,17.5,17.25,16.34375,16.78125,-7.6,0.0,152.0,0.0
6.49876,0x386,0.0,0.0,1.0,6.25,1.13,0.24,17.4375,17.28125,16.875,16.75,-7.6,0.0,152.0,0.0
6.49899,0x316,0.0,0.0,1.0,6.25,1.13,0.24,17.4375,17.28125,16.875,16.75,-7.6,0.0,152.0,0.0
6.5045,0x220,0.0,0.0,1.0,6.25,1.17,0.06,17.4375,17.28125,16.875,16.75,-7.6,0.0,152.0,0.0
6.50792,0x2B0,0.0,0.0,1.0,6.25,1.17,0.06,17.4375,17.28125,16.875,16.75,-7.8,8.0,152.0,0.0
6.5088,0x316,0.0,0.0,1.0,6.25,1.17,0.06,17.4375,17.28125,16.875,16.75,-7.8,8.0,152.0,0.0
6.51444,0x220,0.0,0.0,1.0,6.25,1.39,-0.06,17.4375,17.28125,16.875,16.75,-7.8,8.0,152.0,0.0
6.51784,0x2B0,0.0,0.0,1.0,6.25,1.39,-0.06,17.4375,17.28125,16.875,16.75,-7.8,8.0,152.0,0.0
6.51876,0x386,0.0,0.0,1.0,6.25,1.39,-0.06,17.25,17.34375,16.59375,16.78125,-7.8,8.0,152.0,0.0
6.51899,0x316,0.0,0.0,1.0,6.25,1.39,-0.06,17.25,17.34375,16.59375,16.78125,-7.8,8.0,152.0,0.0
6.52449,0x220,0.0,0.0,1.0,6.25,1.78,-0.09,17.25,17.34375,16.59375,16.78125,-7.8,8.0,152.0,0.0
6.52782,0x2B0,0.0,0.0,1.0,6.25,1.78,-0.09,17.25,17.34375,16.59375,16.78125,-8.0,8.0,152.0,0.0
6.52884,0x316,0.0,0.0,1.0,6.25,1.78,-0.09,17.25,17.34375,16.59375,16.78125,-8.0,8.0,150.0,0.0
6.53444,0x220,0.0,0.0,1.0,6.25,2.21,-0.01,17.25,17.34375,16.59375,16.78125,-8.0,8.0,150.0,0.0
6.53781,0x2B0,0.0,0.0,1.0,6.25,2.21,-0.01,17.25,17.34375,16.59375,16.78125,-8.0,8.0,150.0,0.0
6.53876,0x386,0.0,0.0,1.0,6.25,2.21,-0.01,17.28125,17.15625,16.34375,16.8125,-8.0,8.0,150.0,0.0
6.53923,0x316,0.0,0.0,1.0,6.25,2.21,-0.01,17.28125,17.15625,16.34375,16.8125,-8.0,8.0,147.0,0.0
6.54449,0x220,0.0,0.0,1.0,6.25,2.51,0.02,17.28125,17.15625,16.34375,16.8125,-8.0,8.0,147.0,0.0
6.54782,0x2B0,0.0,0.0,1.0,6.25,2.51,0.02,17.28125,17.15625,16.34375,16.8125,-8.2,8.0,147.0,0.0
6.54893,0x316,0.0,0.0,1.0,6.25,2.51,0.02,17.28125,17.15625,16.34375,16.8125,-8.2,8.0,147.0,0.0
6.55444,0x220,0.0,0.0,1.0,6.25,2.71,0.0,17.28125,17.15625,16.34375,16.8125,-8.2,8.0,147.0,0.0
6.55783,0x2B0,0.0,0.0,1.0,6.25,2.71,0.0,17.28125,17.15625,16.34375,16.8125,-8.3,12.0,147.0,0.0
6.55876,0x386,0.0,0.0,1.0,6.25,2.71,0.0,17.3125,17.4375,16.4375,16.59375,-8.3,12.0,147.0,0.0
6.559,0x316,0.0,0.0,1.0,6.25,2.71,0.0,17.3125,17.4375,16.4375,16.59375,-8.3,12.0,140.0,0.0
6.56449,0x220,0.0,0.0,1.0,6.25,2.75,-0.21,17.3125,17.4375,16.4375,16.59375,-8.3,12.0,140.0,0.0
6.56782,0x2B0,0.0,0.0,1.0,6.25,2.75,-0.21,17.3125,17.4375,16.4375,16.59375,-8.5,12.0,140.0,0.0
6.56907,0x316,0.0,0.0,1.0,6.25,2.75,-0.21,17.3125,17.4375,16.4375,16.59375,-8.5,12.0,137.0,0.0
6.57445,0x220,0.0,0.0,1.0,6.25,2.61,-0.56,17.3125,17.4375,16.4375,16.59375,-8.5,12.0,137.0,0.0
6.57781,0x2B0,0.0,0.0,1.0,6.25,2.61,-0.56,17.3125,17.4375,16.4375,16.59375,-8.7,20.0,137.0,0.0
6.57876,0x386,0.0,0.0,1.0,6.25,2.61,-0.56,17.28125,17.4375,16.375,16.6875,-8.7,20.0,137.0,0.0
6.579,0x316,0.0,0.0,1.0,6.25,2.61,-0.56,17.28125,17.4375,16.375,16.6875,-8.7,20.0,137.0,0.0
6.5845,0x220,0.0,0.0,1.0,6.25,2.37,-0.71,17.28125,17.4375,16.375,16.6875,-8.7,20.0,137.0,0.0
6.58782,0x2B0,0.0,0.0,1.0,6.25,2.37,-0.71,17.28125,17.4375,16.375,16.6875,-8.8,12.0,137.0,0.0
6.5888,0x316,0.0,0.0,1.0,6.25,2.37,-0.71,17.28125,17.4375,16.375,16.6875,-8.8,12.0,137.0,0.0
6.59444,0x220,0.0,0.0,1.0,6.25,2.22,-0.55,17.28125,17.4375,16.375,16.6875,-8.8,12.0,137.0,0.0
6.59783,0x2B0,0.0,0.0,1.0,6.25,2.22,-0.55,17.28125,17.4375,16.375,16.6875,-9.1,20.0,137.0,0.0
6.59876,0x386,0.0,0.0,1.0,6.25,2.22,-0.55,17.125,17.34375,16.75,16.8125,-9.1,20.0,137.0,0.0
6.59899,0x316,0.0,0.0,1.0,6.25,2.22,-0.55,17.125,17.34375,16.75,16.8125,-9.1,20.0,137.0,0.0
6.60449,0x220,0.0,0.0,1.0,6.25,2.27,-0.43,17.125,17.34375,16.75,16.8125,-9.1,20.0,137.0,0.0
6.60783,0x2B0,0.0,0.0,1.0,6.25,2.27,-0.43,17.125,17.34375,16.75,16.8125,-9.3,24.0,137.0,0.0
6.60883,0x316,0.0,0.0,1.0,6.25,2.27,-0.43,17.125,17.34375,16.75,16.8125,-9.3,24.0,140.0,0.0
6.61444,0x220,0.0,0.0,1.0,6.25,2.44,-0.42,17.125,17.34375,16.75,16.8125,-9.3,24.0,140.0,0.0
6.61781,0x2B0,0.0,0.0,1.0,6.25,2.44,-0.42,17.125,17.34375,16.75,16.8125,-9.6,24.0,140.0,0.0
6.61876,0x386,0.0,0.0,1.0,6.25,2.44,-0.42,17.21875,17.34375,16.71875,16.84375,-9.6,24.0,140.0,0.0
6.619,0x316,0.0,0.0,1.0,6.25,2.44,-0.42,17.21875,17.34375,16.71875,16.84375,-9.6,24.0,142.0,0.0
6.62449,0x220,0.0,0.0,1.0,6.25,2.74,-0.45,17.21875,17.34375,16.71875,16.84375,-9.6,24.0,142.0,0.0
6.62779,0x2B0,0.0,0.0,1.0,6.25,2.74,-0.45,17.21875,17.34375,16.71875,16.84375,-9.9,28.0,142.0,0.0
6.62878,0x316,0.0,0.0,1.0,6.25,2.74,-0.45,17.21875,17.34375,16.71875,16.84375,-9.9,28.0,142.0,0.0
6.63444,0x220,0.0,0.0,1.0,6.25,2.99,-0.49,17.21875,17.34375,16.71875,16.84375,-9.9,28.0,142.0,0.0
6.63779,0x2B0,0.0,0.0,1.0,6.25,2.99,-0.49,17.21875,17.34375,16.71875,16.84375,-10.1,24.0,142.0,0.0
6.63876,0x386,0.0,0.0,1.0,6.25,2.99,-0.49,17.25,17.3125,17.0,16.9375,-10.1,24.0,142.0,0.0
6.63923,0x316,0.0,0.0,1.0,6.25,2.99,-0.49,17.25,17.3125,17.0,16.9375,-10.1,24.0,145.0,0.0
6.64448,0x220,0.0,0.0,1.0,6.25,3.13,-0.67,17.25,17.3125,17.0,16.9375,-10.1,24.0,145.0,0.0
6.6478,0x2B0,0.0,0.0,1.0,6.25,3.13,-0.67,17.25,17.3125,17.0,16.9375,-10.3,20.0,145.0,0.0
6.64896,0x316,0.0,0.0,1.0,6.25,3.13,-0.67,17.25,17.3125,17.0,16.9375,-10.3,20.0,145.0,0.0
6.65444,0x220,0.0,0.0,1.0,6.25,3.17,-0.91,17.25,17.3125,17.0,16.9375,-10.3,20.0,145.0,0.0
6.65783,0x2B0,0.0,0.0,1.0,6.25,3.17,-0.91,17.25,17.3125,17.0,16.9375,-10.6,24.0,145.0,0.0
6.65876,0x386,0.0,0.0,1.0,6.25,3.17,-0.91,17.25,17.40625,17.09375,17.25,-10.6,24.0,145.0,0.0
6.659,0x316,0.0,0.0,1.0,6.25,3.17,-0.91,17.25,17.40625,17.09375,17.25,-10.6,24.0,145.0,0.0
6.6645,0x220,0.0,0.0,1.0,6.25,3.06,-1.11,17.25,17.40625,17.09375,17.25,-10.6,24.0,145.0,0.0
6.6678,0x2B0,0.0,0.0,1.0,6.25,3.06,-1.11,17.25,17.40625,17.09375,17.25,-10.9,28.0,145.0,0.0
6.66894,0x316,0.0,0.0,1.0,6.25,3.06,-1.11,17.25,17.40625,17.09375,17.25,-10.9,28.0,145.0,0.0
6.67444,0x220,0.0,0.0,1.0,6.25,2.83,-1.27,17.25,17.40625,17.09375,17.25,-10.9,28.0,145.0,0.0
6.67793,0x2B0,0.0,0.0,1.0,6.25,2.83,-1.27,17.25,17.40625,17.09375,17.25,-11.1,24.0,145.0,0.0
6.67877,0x386,0.0,0.0,1.0,6.25,2.83,-1.27,17.28125,17.40625,17.0,17.46875,-11.1,24.0,145.0,0.0
6.679,0x316,0.0,0.0,1.0,6.25,2.83,-1.27,17.28125,17.40625,17.0,17.46875,-11.1,24.0,142.0,0.0
6.6845,0x220,0.0,0.0,1.0,6.25,2.66,-1.23,17.28125,17.40625,17.0,17.46875,-11.1,24.0,142.0,0.0
6.68784,0x2B0,0.0,0.0,1.0,6.25,2.66,-1.23,17.28125,17.40625,17.0,17.46875,-11.4,24.0,142.0,0.0
6.68883,0x316,0.0,0.0,1.0,6.25,2.66,-1.23,17.28125,17.40625,17.0,17.46875,-11.4,24.0,140.0,0.0
6.69445,0x220,0.0,0.0,1.0,6.25,2.61,-1.03,17.28125,17.40625,17.0,17.46875,-11.4,24.0,140.0,0.0
6.69781,0x2B0,0.0,0.0,1.0,6.25,2.61,-1.03,17.28125,17.40625,17.0,17.46875,-11.7,28.0,140.0,0.0
6.69876,0x386,0.0,0.0,1.0,6.25,2.61,-1.03,17.40625,17.46875,16.6875,17.3125,-11.7,28.0,140.0,0.0
6.699,0x316,0.0,0.0,1.0,6.25,2.61,-1.03,17.40625,17.46875,16.6875,17.3125,-11.7,28.0,140.0,0.0
6.70451,0x220,0.0,0.0,1.0,6.25,2.56,-0.84,17.40625,17.46875,16.6875,17.3125,-11.7,28.0,140.0,0.0
6.70797,0x2B0,0.0,0.0,1.0,6.25,2.56,-0.84,17.40625,17.46875,16.6875,17.3125,-11.9,24.0,140.0,0.0
6.7088,0x316,0.0,0.0,1.0,6.25,2.56,-0.84,17.40625,17.46875,16.6875,17.3125,-11.9,24.0,140.0,0.0
6.71445,0x220,0.0,0.0,1.0,6.25,2.44,-0.72,17.40625,17.46875,16.6875,17.3125,-11.9,24.0,140.0,0.0
6.71784,0x2B0,0.0,0.0,1.0,6.25,2.44,-0.72,17.40625,17.46875,16.6875,17.3125,-12.1,20.0,140.0,0.0
6.71877,0x386,0.0,0.0,1.0,6.25,2.44,-0.72,17.4375,17.5,16.9375,17.09375,-12.1,20.0,140.0,0.0
6.719,0x316,0.0,0.0,1.0,6.25,2.44,-0.72,17.4375,17.5,16.9375,17.09375,-12.1,20.0,140.0,0.0
6.7245,0x220,0.0,0.0,1.0,6.25,2.23,-0.65,17.4375,17.5,16.9375,17.09375,-12.1,20.0,140.0,0.0
6.72784,0x2B0,0.0,0.0,1.0,6.25,2.23,-0.65,17.4375,17.5,16.9375,17.09375,-12.4,24.0,140.0,0.0
6.72878,0x316,0.0,0.0,1.0,6.25,2.23,-0.65,17.4375,17.5,16.9375,17.09375,-12.4,24.0,140.0,0.0
6.73445,0x220,0.0,0.0,1.0,6.25,1.91,-0.58,17.4375,17.5,16.9375,17.09375,-12.4,24.0,140.0,0.0
6.73785,0x2B0,0.0,0.0,1.0,6.25,1.91,-0.58,17.4375,17.5,16.9375,17.09375,-12.6,24.0,140.0,0.0
6.73876,0x386,0.0,0.0,1.0,6.25,1.91,-0.58,17.6875,17.59375,16.625,16.84375,-12.6,24.0,140.0,0.0
6.73923,0x316,0.0,0.0,1.0,6.25,1.91,-0.58,17.6875,17.59375,16.625,16.84375,-12.6,24.0,140.0,0.0
6.74449,0x220,0.0,0.0,1.0,6.25,1.49,-0.47,17.6875,17.59375,16.625,16.84375,-12.6,24.0,140.0,0.0
6.74782,0x2B0,0.0,0.0,1.0,6.25,1.49,-0.47,17.6875,17.59375,16.625,16.84375,-12.8,20.0,140.0,0.0
6.7489,0x316,0.0,0.0,1.0,6.25,1.49,-0.47,17.6875,17.59375,16.625,16.84375,-12.8,20.0,140.0,0.0
6.75445,0x220,0.0,0.0,1.0,6.25,1.13,-0.31,17.6875,17.59375,16.625,16.84375,-12.8,20.0,140.0,0.0
6.7578,0x2B0,0.0,0.0,1.0,6.25,1.13,-0.31,17.6875,17.59375,16.625,16.84375,-12.8,8.0,140.0,0.0
6.75876,0x386,0.0,0.0,1.0,6.25,1.13,-0.31,17.65625,17.5625,16.625,16.78125,-12.8,8.0,140.0,0.0
6.759,0x316,0.0,0.0,1.0,6.25,1.13,-0.31,17.65625,17.5625,16.625,16.78125,-12.8,8.0,142.0,0.0
6.7645,0x220,0.0,0.0,1.0,6.25,0.97,-0.24,17.65625,17.5625,16.625,16.78125,-12.8,8.0,142.0,0.0
6.76779,0x2B0,0.0,0.0,1.0,6.25,0.97,-0.24,17.65625,17.5625,16.625,16.78125,-13.1,12.0,142.0,0.0
6.76898,0x316,0.0,0.0,1.0,6.25,0.97,-0.24,17.65625,17.5625,16.625,16.78125,-13.1,12.0,145.0,0.0
6.77444,0x220,0.0,0.0,1.0,6.25,1.02,-0.35,17.65625,17.5625,16.625,16.78125,-13.1,12.0,145.0,0.0
6.7778,0x2B0,0.0,0.0,1.0,6.25,1.02,-0.35,17.65625,17.5625,16.625,16.78125,-13.1,12.0,145.0,0.0
6.77876,0x386,0.0,0.0,1.0,6.25,1.02,-0.35,17.6875,17.625,17.03125,16.5625,-13.1,12.0,145.0,0.0
6.779,0x316,0.0,0.0,1.0,6.25,1.02,-0.35,17.6875,17.625,17.03125,16.5625,-13.1,12.0,145.0,0.0
6.78451,0x220,0.0,0.0,1.0,6.25,1.2,-0.44,17.6875,17.625,17.03125,16.5625,-13.1,12.0,145.0,0.0
6.7878,0x2B0,0.0,0.0,1.0,6.25,1.2,-0.44,17.6875,17.625,17.03125,16.5625,-13.3,8.0,145.0,0.0
6.78879,0x316,0.0,0.0,1.0,6.25,1.2,-0.44,17.6875,17.625,17.03125,16.5625,-13.3,8.0,145.0,0.0
6.79445,0x220,0.0,0.0,1.0,6.25,1.4,-0.42,17.6875,17.625,17.03125,16.5625,-13.3,8.0,145.0,0.0
6.79781,0x2B0,0.0,0.0,1.0,6.25,1.4,-0.42,17.6875,17.625,17.03125,16.5625,-13.5,20.0,145.0,0.0
6.79876,0x386,0.0,0.0,1.0,6.25,1.4,-0.42,17.71875,17.5625,16.78125,16.59375,-13.5,20.0,145.0,0.0
6.799,0x316,0.0,0.0,1.0,6.25,1.4,-0.42,17.71875,17.5625,16.78125,16.59375,-13.5,20.0,142.0,0.0
6.8045,0x220,0.0,0.0,1.0,6.25,1.53,-0.3,17.71875,17.5625,16.78125,16.59375,-13.5,20.0,142.0,0.0
6.808,0x2B0,0.0,0.0,1.0,6.25,1.53,-0.3,17.71875,17.5625,16.78125,16.59375,-13.5,8.0,142.0,0.0
6.80883,0x316,0.0,0.0,1.0,6.25,1.53,-0.3,17.71875,17.5625,16.78125,16.59375,-13.5,8.0,140.0,0.0
6.81445,0x220,0.0,0.0,1.0,6.25,1.57,-0.14,17.71875,17.5625,16.78125,16.59375,-13.5,8.0,140.0,0.0
6.81781,0x2B0,0.0,0.0,1.0,6.25,1.57,-0.14,17.71875,17.5625,16.78125,16.59375,-13.7,8.0,140.0,0.0
6.81877,0x386,0.0,0.0,1.0,6.25,1.57,-0.14,17.8125,17.75,16.65625,16.90625,-13.7,8.0,140.0,0.0
6.81901,0x316,0.0,0.0,1.0,6.25,1.57,-0.14,17.8125,17.75,16.65625,16.90625,-13.7,8.0,135.0,0.0
6.8245,0x220,0.0,0.0,1.0,6.25,1.54,-0.11,17.8125,17.75,16.65625,16.90625,-13.7,8.0,135.0,0.0
6.82782,0x2B0,0.0,0.0,1.0,6.25,1.54,-0.11,17.8125,17.75,16.65625,16.90625,-13.9,20.0,135.0,0.0
6.82878,0x316,0.0,0.0,1.0,6.25,1.54,-0.11,17.8125,17.75,16.65625,16.90625,-13.9,20.0,132.0,0.0
6.83445,0x220,0.0,0.0,1.0,6.25,1.46,-0.29,17.8125,17.75,16.65625,16.90625,-13.9,20.0,132.0,0.0
6.83783,0x2B0,0.0,0.0,1.0,6.25,1.46,-0.29,17.8125,17.75,16.65625,16.90625,-14.0,12.0,132.0,0.0
6.83877,0x386,0.0,0.0,1.0,6.25,1.46,-0.29,17.4375,17.46875,17.15625,16.71875,-14.0,12.0,132.0,0.0
6.83901,0x316,0.0,0.0,1.0,6.25,1.46,-0.29,17.4375,17.46875,17.15625,16.71875,-14.0,12.0,130.0,0.0
6.84449,0x220,0.0,0.0,1.0,6.25,1.36,-0.51,17.4375,17.46875,17.15625,16.71875,-14.0,12.0,130.0,0.0
6.84783,0x2B0,0.0,0.0,1.0,6.25,1.36,-0.51,17.4375,17.46875,17.15625,16.71875,-14.2,12.0,130.0,0.0
6.84896,0x316,0.0,0.0,1.0,6.25,1.36,-0.51,17.4375,17.46875,17.15625,16.71875,-14.2,12.0,130.0,0.0
6.85445,0x220,0.0,0.0,1.0,6.25,1.21,-0.5,17.4375,17.46875,17.15625,16.71875,-14.2,12.0,130.0,0.0
6.85779,0x2B0,0.0,0.0,1.0,6.25,1.21,-0.5,17.4375,17.46875,17.15625,16.71875,-14.4,20.0,130.0,0.0
6.85877,0x386,0.0,0.0,1.0,6.25,1.21,-0.5,17.65625,17.46875,16.96875,16.6875,-14.4,20.0,130.0,0.0
6.85901,0x316,0.0,0.0,1.0,6.25,1.21,-0.5,17.65625,17.46875,16.96875,16.6875,-14.4,20.0,127.0,0.0
6.86451,0x220,0.0,0.0,1.0,6.25,1.09,-0.31,17.65625,17.46875,16.96875,16.6875,-14.4,20.0,127.0,0.0
6.86781,0x2B0,0.0,0.0,1.0,6.25,1.09,-0.31,17.65625,17.46875,16.96875,16.6875,-14.6,20.0,127.0,0.0
6.86895,0x316,0.0,0.0,1.0,6.25,1.09,-0.31,17.65625,17.46875,16.96875,16.6875,-14.6,20.0,127.0,0.0
6.87445,0x220,0.0,0.0,1.0,6.25,0.97,-0.2,17.65625,17.46875,16.96875,16.6875,-14.6,20.0,127.0,0.0
6.87798,0x2B0,0.0,0.0,1.0,6.25,0.97,-0.2,17.65625,17.46875,16.96875,16.6875,-14.9,24.0,127.0,0.0
6.87877,0x386,0.0,0.0,1.0,6.25,0.97,-0.2,17.46875,17.3125,16.53125,16.5,-14.9,24.0,127.0,0.0
6.87901,0x316,0.0,0.0,1.0,6.25,0.97,-0.2,17.46875,17.3125,16.53125,16.5,-14.9,24.0,127.0,0.0
6.8845,0x220,0.0,0.0,1.0,6.25,0.83,-0.16,17.46875,17.3125,16.53125,16.5,-14.9,24.0,127.0,0.0
6.88781,0x2B0,0.0,0.0,1.0,6.25,0.83,-0.16,17.46875,17.3125,16.53125,16.5,-15.1,24.0,127.0,0.0
6.8888,0x316,0.0,0.0,1.0,6.25,0.83,-0.16,17.46875,17.3125,16.53125,16.5,-15.1,24.0,130.0,0.0
6.89446,0x220,0.0,0.0,1.0,6.25,0.7,-0.21,17.46875,17.3125,16.53125,16.5,-15.1,24.0,130.0,0.0
6.89781,0x2B0,0.0,0.0,1.0,6.25,0.7,-0.21,17.46875,17.3125,16.53125,16.5,-15.3,20.0,130.0,0.0
6.89877,0x386,0.0,0.0,1.0,6.25,0.7,-0.21,17.40625,17.28125,16.46875,16.40625,-15.3,20.0,130.0,0.0
6.89901,0x316,0.0,0.0,1.0,6.25,0.7,-0.21,17.40625,17.28125,16.46875,16.40625,-15.3,20.0,132.0,0.0
6.9045,0x220,0.0,0.0,1.0,6.25,0.6,-0.35,17.40625,17.28125,16.46875,16.40625,-15.3,20.0,132.0,0.0
6.90785,0x2B0,0.0,0.0,1.0,6.25,0.6,-0.35,17.40625,17.28125,16.46875,16.40625,-15.5,20.0,132.0,0.0
6.90879,0x316,0.0,0.0,1.0,6.25,0.6,-0.35,17.40625,17.28125,16.46875,16.40625,-15.5,20.0,135.0,0.0
6.91445,0x220,0.0,0.0,1.0,6.25,0.63,-0.43,17.40625,17.28125,16.46875,16.40625,-15.5,20.0,135.0,0.0
6.91782,0x2B0,0.0,0.0,1.0,6.25,0.63,-0.43,17.40625,17.28125,16.46875,16.40625,-15.6,12.0,135.0,0.0
6.91877,0x386,0.0,0.0,1.0,6.25,0.63,-0.43,17.34375,17.3125,16.96875,16.875,-15.6,12.0,135.0,0.0
6.91901,0x316,0.0,0.0,1.0,6.25,0.63,-0.43,17.34375,17.3125,16.96875,16.875,-15.6,12.0,137.0,0.0
6.9245,0x220,0.0,0.0,1.0,6.25,0.85,-0.4,17.34375,17.3125,16.96875,16.875,-15.6,12.0,137.0,0.0
6.92782,0x2B0,0.0,0.0,1.0,6.25,0.85,-0.4,17.34375,17.3125,16.96875,16.875,-15.8,12.0,137.0,0.0
6.92879,0x316,0.0,0.0,1.0,6.25,0.85,-0.4,17.34375,17.3125,16.96875,16.875,-15.8,12.0,137.0,0.0
6.93445,0x220,0.0,0.0,1.0,6.25,1.16,-0.3,17.34375,17.3125,16.96875,16.875,-15.8,12.0,137.0,0.0
6.9378,0x2B0,0.0,0.0,1.0,6.25,1.16,-0.3,17.34375,17.3125,16.96875,16.875,-16.0,20.0,137.0,0.0
6.93877,0x386,0.0,0.0,1.0,6.25,1.16,-0.3,17.375,17.34375,16.75,17.09375,-16.0,20.0,137.0,0.0
6.93925,0x316,0.0,0.0,1.0,6.25,1.16,-0.3,17.375,17.34375,16.75,17.09375,-16.0,20.0,137.0,0.0
6.9445,0x220,0.0,0.0,1.0,6.25,1.5,-0.15,17.375,17.34375,16.75,17.09375,-16.0,20.0,137.0,0.0
6.9478,0x2B0,0.0,0.0,1.0,6.25,1.5,-0.15,17.375,17.34375,16.75,17.09375,-16.0,8.0,137.0,0.0
6.9489,0x316,0.0,0.0,1.0,6.25,1.5,-0.15,17.375,17.34375,16.75,17.09375,-16.0,8.0,137.0,0.0
6.95445,0x220,0.0,0.0,1.0,6.25,1.71,-0.01,17.375,17.34375,16.75,17.09375,-16.0,8.0,137.0,0.0
6.95778,0x2B0,0.0,0.0,1.0,6.25,1.71,-0.01,17.375,17.34375,16.75,17.09375,-16.0,0.0,137.0,0.0
6.95878,0x386,0.0,0.0,1.0,6.25,1.71,-0.01,17.21875,17.21875,16.71875,16.65625,-16.0,0.0,137.0,0.0
6.95901,0x316,0.0,0.0,1.0,6.25,1.71,-0.01,17.21875,17.21875,16.71875,16.65625,-16.0,0.0,132.0,0.0
6.96449,0x220,0.0,0.0,1.0,6.25,1.68,0.04,17.21875,17.21875,16.71875,16.65625,-16.0,0.0,132.0,0.0
6.96779,0x2B0,0.0,0.0,1.0,6.25,1.68,0.04,17.21875,17.21875,16.71875,16.65625,-16.0,0.0,132.0,0.0
6.96896,0x316,0.0,0.0,1.0,6.25,1.68,0.04,17.21875,17.21875,16.71875,16.65625,-16.0,0.0,130.0,0.0
6.97445,0x220,0.0,0.0,1.0,6.25,1.43,0.09,17.21875,17.21875,16.71875,16.65625,-16.0,0.0,130.0,0.0
6.97777,0x2B0,0.0,0.0,1.0,6.25,1.43,0.09,17.21875,17.21875,16.71875,16.65625,-16.0,0.0,130.0,0.0
6.97878,0x386,0.0,0.0,1.0,6.25,1.43,0.09,17.375,17.25,16.65625,16.96875,-16.0,0.0,130.0,0.0
6.97902,0x316,0.0,0.0,1.0,6.25,1.43,0.09,17.375,17.25,16.65625,16.96875,-16.0,0.0,130.0,0.0
6.98451,0x220,0.0,0.0,1.0,6.25,1.13,0.06,17.375,17.25,16.65625,16.96875,-16.0,0.0,130.0,0.0
6.98776,0x2B0,0.0,0.0,1.0,6.25,1.13,0.06,17.375,17.25,16.65625,16.96875,-16.0,0.0,130.0,0.0
6.98879,0x316,0.0,0.0,1.0,6.25,1.13,0.06,17.375,17.25,16.65625,16.96875,-16.0,0.0,130.0,0.0
6.99446,0x220,0.0,0.0,1.0,6.25,0.88,0.0,17.375,17.25,16.65625,16.96875,-16.0,0.0,130.0,0.0
6.9978,0x2B0,0.0,0.0,1.0,6.25,0.88,0.0,17.375,17.25,16.65625,16.96875,-16.0,0.0,130.0,0.0
6.99877,0x386,0.0,0.0,1.0,6.25,0.88,0.0,17.28125,17.28125,16.71875,16.78125,-16.0,0.0,130.0,0.0
6.99901,0x316,0.0,0.0,1.0,6.25,0.88,0.0,17.28125,17.28125,16.71875,16.78125,-16.0,0.0,130.0,0.0
7.00451,0x220,0.0,0.0,1.0,6.25,0.77,0.0,17.28125,17.28125,16.71875,16.78125,-16.0,0.0,130.0,0.0
7.00788,0x2B0,0.0,0.0,1.0,6.25,0.77,0.0,17.28125,17.28125,16.71875,16.78125,-16.0,0.0,130.0,0.0
7.0088,0x316,0.0,0.0,1.0,6.25,0.77,0.0,17.28125,17.28125,16.71875,16.78125,-16.0,0.0,132.0,0.0
7.01446,0x220,0.0,0.0,1.0,6.25,0.81,0.05,17.28125,17.28125,16.71875,16.78125,-16.0,0.0,132.0,0.0
7.01779,0x2B0,0.0,0.0,1.0,6.25,0.81,0.05,17.28125,17.28125,16.71875,16.78125,-16.0,0.0,132.0,0.0
7.01877,0x386,0.0,0.0,1.0,6.25,0.81,0.05,17.28125,17.34375,16.96875,16.90625,-16.0,0.0,132.0,0.0
7.01901,0x316,0.0,0.0,1.0,6.25,0.81,0.05,17.28125,17.34375,16.96875,16.90625,-16.0,0.0,135.0,0.0
7.02451,0x220,0.0,0.0,1.0,6.25,0.98,0.22,17.28125,17.34375,16.96875,16.90625,-16.0,0.0,135.0,0.0
7.02778,0x2B0,0.0,0.0,1.0,6.25,0.98,0.22,17.28125,17.34375,16.96875,16.90625,-16.0,0.0,135.0,0.0
7.0288,0x316,0.0,0.0,1.0,6.25,0.98,0.22,17.28125,17.34375,16.96875,16.90625,-16.0,0.0,137.0,0.0
7.03446,0x220,0.0,0.0,1.0,6.25,1.16,0.42,17.28125,17.34375,16.96875,16.90625,-16.0,0.0,137.0,0.0
7.03779,0x2B0,0.0,0.0,1.0,6.25,1.16,0.42,17.28125,17.34375,16.96875,16.90625,-16.0,0.0,137.0,0.0
7.03877,0x386,0.0,0.0,1.0,6.25,1.16,0.42,17.28125,17.375,17.0,16.75,-16.0,0.0,137.0,0.0
7.03925,0x316,0.0,0.0,1.0,6.25,1.16,0.42,17.28125,17.375,17.0,16.75,-16.0,0.0,142.0,0.0
7.0445,0x220,0.0,0.0,1.0,6.25,1.24,0.51,17.28125,17.375,17.0,16.75,-16.0,0.0,142.0,0.0
7.04778,0x2B0,0.0,0.0,1.0,6.25,1.24,0.51,17.28125,17.375,17.0,16.75,-16.0,0.0,142.0,0.0
7.0489,0x316,0.0,0.0,1.0,6.25,1.24,0.51,17.28125,17.375,17.0,16.75,-16.0,0.0,142.0,0.0
7.05446,0x220,0.0,0.0,1.0,6.25,1.2,0.41,17.28125,17.375,17.0,16.75,-16.0,0.0,142.0,0.0
7.0578,0x2B0,0.0,0.0,1.0,6.25,1.2,0.41,17.28125,17.375,17.0,16.75,-16.0,0.0,142.0,0.0
7.05877,0x386,0.0,0.0,1.0,6.25,1.2,0.41,17.4375,17.28125,16.625,16.8125,-16.0,0.0,142.0,0.0
7.05901,0x316,0.0,0.0,1.0,6.25,1.2,0.41,17.4375,17.28125,16.625,16.8125,-16.0,0.0,152.0,0.0
7.06451,0x220,0.0,0.0,1.0,6.25,1.06,0.17,17.4375,17.28125,16.625,16.8125,-16.0,0.0,152.0,0.0
7.06779,0x2B0,0.0,0.0,1.0,6.25,1.06,0.17,17.4375,17.28125,16.625,16.8125,-15.7,12.0,152.0,0.0
7.06896,0x316,0.0,0.0,1.0,6.25,1.06,0.17,17.4375,17.28125,16.625,16.8125,-15.7,12.0,155.0,0.0
7.07445,0x220,0.0,0.0,1.0,6.25,0.89,-0.02,17.4375,17.28125,16.625,16.8125,-15.7,12.0,155.0,0.0
7.07804,0x2B0,0.0,0.0,1.0,6.25,0.89,-0.02,17.4375,17.28125,16.625,16.8125,-15.7,12.0,155.0,0.0
7.07877,0x386,0.0,0.0,1.0,6.25,0.89,-0.02,17.375,17.375,16.375,17.0625,-15.7,12.0,155.0,0.0
7.07901,0x316,0.0,0.0,1.0,6.25,0.89,-0.02,17.375,17.375,16.375,17.0625,-15.7,12.0,158.0,0.0
7.08451,0x220,0.0,0.0,1.0,6.25,0.81,-0.16,17.375,17.375,16.375,17.0625,-15.7,12.0,158.0,0.0
7.08779,0x2B0,0.0,0.0,1.0,6.25,0.81,-0.16,17.375,17.375,16.375,17.0625,-15.5,8.0,158.0,0.0
7.08877,0x316,0.0,0.0,1.0,6.25,0.81,-0.16,17.375,17.375,16.375,17.0625,-15.5,8.0,158.0,0.0
7.09445,0x220,0.0,0.0,1.0,6.25,0.83,-0.16,17.375,17.375,16.375,17.0625,-15.5,8.0,158.0,0.0
7.09783,0x2B0,0.0,0.0,1.0,6.25,0.83,-0.16,17.375,17.375,16.375,17.0625,-15.5,8.0,158.0,0.0
7.09877,0x386,0.0,0.0,1.0,6.25,0.83,-0.16,17.3125,17.4375,16.28125,16.8125,-15.5,8.0,158.0,0.0
7.09901,0x316,0.0,0.0,1.0,6.25,0.83,-0.16,17.3125,17.4375,16.28125,16.8125,-15.5,8.0,158.0,0.0
7.10452,0x220,0.0,0.0,1.0,6.25,0.87,0.04,17.3125,17.4375,16.28125,16.8125,-15.5,8.0,158.0,0.0
7.10791,0x2B0,0.0,0.0,1.0,6.25,0.87,0.04,17.3125,17.4375,16.28125,16.8125,-15.4,0.0,158.0,0.0
7.10883,0x316,0.0,0.0,1.0,6.25,0.87,0.04,17.3125,17.4375,16.28125,16.8125,-15.4,0.0,158.0,0.0
7.11446,0x220,0.0,0.0,1.0,6.25,0.95,0.55,17.3125,17.4375,16.28125,16.8125,-15.4,0.0,158.0,0.0
7.1178,0x2B0,0.0,0.0,1.0,6.25,0.95,0.55,17.3125,17.4375,16.28125,16.8125,-15.4,0.0,158.0,0.0
7.11877,0x386,0.0,0.0,1.0,6.25,0.95,0.55,17.46875,17.46875,16.6875,16.90625,-15.4,0.0,158.0,0.0
7.11901,0x316,0.0,0.0,1.0,6.25,0.95,0.55,17.46875,17.46875,16.6875,16.90625,-15.4,0.0,158.0,0.0
7.12451,0x220,0.0,0.0,1.0,6.25,1.1,1.01,17.46875,17.46875,16.6875,16.90625,-15.4,0.0,158.0,0.0
7.12779,0x2B0,0.0,0.0,1.0,6.25,1.1,1.01,17.46875,17.46875,16.6875,16.90625,-15.4,0.0,158.0,0.0
7.12877,0x316,0.0,0.0,1.0,6.25,1.1,1.01,17.46875,17.46875,16.6875,16.90625,-15.4,0.0,158.0,0.0
7.13446,0x220,0.0,0.0,1.0,6.25,1.38,1.05,17.46875,17.46875,16.6875,16.90625,-15.4,0.0,158.0,0.0
7.13779,0x2B0,0.0,0.0,1.0,6.25,1.38,1.05,17.46875,17.46875,16.6875,16.90625,-15.4,0.0,158.0,0.0
7.13878,0x386,0.0,0.0,1.0,6.25,1.38,1.05,17.46875,17.53125,17.03125,16.78125,-15.4,0.0,158.0,0.0
7.13926,0x316,0.0,0.0,1.0,6.25,1.38,1.05,17.46875,17.53125,17.03125,16.78125,-15.4,0.0,158.0,0.0
7.1445,0x220,0.0,0.0,1.0,6.25,1.74,0.61,17.46875,17.53125,17.03125,16.78125,-15.4,0.0,158.0,0.0
7.1478,0x2B0,0.0,0.0,1.0,6.25,1.74,0.61,17.46875,17.53125,17.03125,16.78125,-15.3,0.0,158.0,0.0
7.14893,0x316,0.0,0.0,1.0,6.25,1.74,0.61,17.46875,17.53125,17.03125,16.78125,-15.3,0.0,158.0,0.0
7.15447,0x220,0.0,0.0,1.0,6.25,2.09,0.0,17.46875,17.53125,17.03125,16.78125,-15.3,0.0,158.0,0.0
7.1578,0x2B0,0.0,0.0,1.0,6.25,2.09,0.0,17.46875,17.53125,17.03125,16.78125,-15.3,0.0,158.0,0.0
7.15878,0x386,0.0,0.0,1.0,6.25,2.09,0.0,17.53125,17.53125,16.75,16.78125,-15.3,0.0,158.0,0.0
7.15902,0x316,0.0,0.0,1.0,6.25,2.09,0.0,17.53125,17.53125,16.75,16.78125,-15.3,0.0,158.0,0.0
7.16452,0x220,0.0,0.0,1.0,6.25,2.4,-0.37,17.53125,17.53125,16.75,16.78125,-15.3,0.0,158.0,0.0
7.16781,0x2B0,0.0,0.0,1.0,6.25,2.4,-0.37,17.53125,17.53125,16.75,16.78125,-15.3,0.0,158.0,0.0
7.16896,0x316,0.0,0.0,1.0,6.25,2.4,-0.37,17.53125,17.53125,16.75,16.78125,-15.3,0.0,158.0,0.0
7.17447,0x220,0.0,0.0,1.0,6.25,2.63,-0.53,17.53125,17.53125,16.75,16.78125,-15.3,0.0,158.0,0.0
7.17781,0x2B0,0.0,0.0,1.0,6.25,2.63,-0.53,17.53125,17.53125,16.75,16.78125,-15.3,0.0,158.0,0.0
7.17878,0x386,0.0,0.0,1.0,6.25,2.63,-0.53,17.53125,17.71875,16.65625,16.96875,-15.3,0.0,158.0,0.0
7.17902,0x316,0.0,0.0,1.0,6.25,2.63,-0.53,17.53125,17.71875,16.65625,16.96875,-15.3,0.0,158.0,0.0
7.18452,0x220,0.0,0.0,1.0,6.25,2.75,-0.66,17.53125,17.71875,16.65625,16.96875,-15.3,0.0,158.0,0.0
7.18781,0x2B0,0.0,0.0,1.0,6.25,2.75,-0.66,17.53125,17.71875,16.65625,16.96875,-15.3,0.0,158.0,0.0
7.18883,0x316,0.0,0.0,1.0,6.25,2.75,-0.66,17.53125,17.71875,16.65625,16.96875,-15.3,0.0,158.0,0.0
7.19447,0x220,0.0,0.0,1.0,6.25,2.69,-0.71,17.53125,17.71875,16.65625,16.96875,-15.3,0.0,158.0,0.0
7.19782,0x2B0,0.0,0.0,1.0,6.25,2.69,-0.71,17.53125,17.71875,16.65625,16.96875,-15.3,0.0,158.0,0.0
7.19878,0x386,0.0,0.0,1.0,6.25,2.69,-0.71,17.59375,17.53125,16.53125,16.4375,-15.3,0.0,158.0,0.0
7.19902,0x316,0.0,0.0,1.0,6.25,2.69,-0.71,17.59375,17.53125,16.53125,16.4375,-15.3,0.0,158.0,0.0
7.20451,0x220,0.0,0.0,1.0,6.25,2.59,-0.58,17.59375,17.53125,16.53125,16.4375,-15.3,0.0,158.0,0.0
7.20782,0x2B0,0.0,0.0,1.0,6.25,2.59,-0.58,17.59375,17.53125,16.53125,16.4375,-15.3,0.0,158.0,0.0
7.20879,0x316,0.0,0.0,1.0,6.25,2.59,-0.58,17.59375,17.53125,16.53125,16.4375,-15.3,0.0,158.0,0.0
7.21446,0x220,0.0,0.0,1.0,6.25,2.6,-0.46,17.59375,17.53125,16.53125,16.4375,-15.3,0.0,158.0,0.0
7.21782,0x2B0,0.0,0.0,1.0,6.25,2.6,-0.46,17.59375,17.53125,16.53125,16.4375,-15.3,0.0,158.0,0.0
7.21878,0x386,0.0,0.0,1.0,6.25,2.6,-0.46,17.5625,17.625,16.4375,16.625,-15.3,0.0,158.0,0.0
7.21902,0x316,0.0,0.0,1.0,6.25,2.6,-0.46,17.5625,17.625,16.4375,16.625,-15.3,0.0,158.0,0.0
7.22451,0x220,0.0,0.0,1.0,6.25,2.76,-0.55,17.5625,17.625,16.4375,16.625,-15.3,0.0,158.0,0.0
7.22782,0x2B0,0.0,0.0,1.0,6.25,2.76,-0.55,17.5625,17.625,16.4375,16.625,-15.3,0.0,158.0,0.0
7.22881,0x316,0.0,0.0,1.0,6.25,2.76,-0.55,17.5625,17.625,16.4375,16.625,-15.3,0.0,155.0,0.0
7.23446,0x220,0.0,0.0,1.0,6.25,2.94,-0.83,17.5625,17.625,16.4375,16.625,-15.3,0.0,155.0,0.0
7.23782,0x2B0,0.0,0.0,1.0,6.25,2.94,-0.83,17.5625,17.625,16.4375,16.625,-15.3,0.0,155.0,0.0
7.23878,0x386,0.0,0.0,1.0,6.25,2.94,-0.83,17.625,17.46875,16.65625,16.90625,-15.3,0.0,155.0,0.0
7.23925,0x316,0.0,0.0,1.0,6.25,2.94,-0.83,17.625,17.46875,16.65625,16.90625,-15.3,0.0,152.0,0.0
7.2445,0x220,0.0,0.0,1.0,6.25,2.93,-1.0,17.625,17.46875,16.65625,16.90625,-15.3,0.0,152.0,0.0
7.24783,0x2B0,0.0,0.0,1.0,6.25,2.93,-1.0,17.625,17.46875,16.65625,16.90625,-15.4,0.0,152.0,0.0
7.2489,0x316,0.0,0.0,1.0,6.25,2.93,-1.0,17.625,17.46875,16.65625,16.90625,-15.4,0.0,152.0,0.0
7.25446,0x220,0.0,0.0,1.0,6.25,2.75,-1.0,17.625,17.46875,16.65625,16.90625,-15.4,0.0,152.0,0.0
7.25783,0x2B0,0.0,0.0,1.0,6.25,2.75,-1.0,17.625,17.46875,16.65625,16.90625,-15.4,0.0,152.0,0.0
7.25878,0x386,0.0,0.0,1.0,6.25,2.75,-1.0,17.53125,17.375,17.0625,17.0,-15.4,0.0,152.0,0.0
7.25902,0x316,0.0,0.0,1.0,6.25,2.75,-1.0,17.53125,17.375,17.0625,17.0,-15.4,0.0,145.0,0.0
7.26452,0x220,0.0,0.0,1.0,6.25,2.41,-0.9,17.53125,17.375,17.0625,17.0,-15.4,0.0,145.0,0.0
7.26784,0x2B0,0.0,0.0,1.0,6.25,2.41,-0.9,17.53125,17.375,17.0625,17.0,-15.4,0.0,145.0,0.0
7.26898,0x316,0.0,0.0,1.0,6.25,2.41,-0.9,17.53125,17.375,17.0625,17.0,-15.4,0.0,142.0,0.0
7.27448,0x220,0.0,0.0,1.0,6.25,1.93,-0.74,17.53125,17.375,17.0625,17.0,-15.4,0.0,142.0,0.0
7.27783,0x2B0,0.0,0.0,1.0,6.25,1.93,-0.74,17.53125,17.375,17.0625,17.0,-15.4,0.0,142.0,0.0
7.27878,0x386,0.0,0.0,1.0,6.25,1.93,-0.74,17.46875,17.375,17.3125,16.75,-15.4,0.0,142.0,0.0
7.27902,0x316,0.0,0.0,1.0,6.25,1.93,-0.74,17.46875,17.375,17.3125,16.75,-15.4,0.0,142.0,0.0
7.28452,0x220,0.0,0.0,1.0,6.25,1.55,-0.66,17.46875,17.375,17.3125,16.75,-15.4,0.0,142.0,0.0
7.28783,0x2B0,0.0,0.0,1.0,6.25,1.55,-0.66,17.46875,17.375,17.3125,16.75,-15.4,0.0,142.0,0.0
7.28878,0x316,0.0,0.0,1.0,6.25,1.55,-0.66,17.46875,17.375,17.3125,16.75,-15.4,0.0,142.0,0.0
7.29448,0x220,0.0,0.0,1.0,6.25,1.33,-0.69,17.46875,17.375,17.3125,16.75,-15.4,0.0,142.0,0.0
7.29783,0x2B0,0.0,0.0,1.0,6.25,1.33,-0.69,17.46875,17.375,17.3125,16.75,-15.4,0.0,142.0,0.0
7.29878,0x386,0.0,0.0,1.0,6.25,1.33,-0.69,17.4375,17.375,17.3125,17.0625,-15.4,0.0,142.0,0.0
7.29902,0x316,0.0,0.0,1.0,6.25,1.33,-0.69,17.4375,17.375,17.3125,17.0625,-15.4,0.0,142.0,0.0
7.30452,0x220,0.0,0.0,1.0,6.25,1.23,-0.79,17.4375,17.375,17.3125,17.0625,-15.4,0.0,142.0,0.0
7.30784,0x2B0,0.0,0.0,1.0,6.25,1.23,-0.79,17.4375,17.375,17.3125,17.0625,-15.4,0.0,142.0,0.0
7.30883,0x316,0.0,0.0,1.0,6.25,1.23,-0.79,17.4375,17.375,17.3125,17.0625,-15.4,0.0,142.0,0.0
7.31449,0x220,0.0,0.0,1.0,6.25,1.15,-0.87,17.4375,17.375,17.3125,17.0625,-15.4,0.0,142.0,0.0
7.31784,0x2B0,0.0,0.0,1.0,6.25,1.15,-0.87,17.4375,17.375,17.3125,17.0625,-15.4,0.0,142.0,0.0
7.31878,0x386,0.0,0.0,1.0,6.25,1.15,-0.87,17.53125,17.21875,17.09375,17.1875,-15.4,0.0,142.0,0.0
7.31902,0x316,0.0,0.0,1.0,6.25,1.15,-0.87,17.53125,17.21875,17.09375,17.1875,-15.4,0.0,142.0,0.0
7.32452,0x220,0.0,0.0,1.0,6.25,0.99,-0.84,17.53125,17.21875,17.09375,17.1875,-15.4,0.0,142.0,0.0
7.32784,0x2B0,0.0,0.0,1.0,6.25,0.99,-0.84,17.53125,17.21875,17.09375,17.1875,-15.4,0.0,142.0,0.0
7.3288,0x316,0.0,0.0,1.0,6.25,0.99,-0.84,17.53125,17.21875,17.09375,17.1875,-15.4,0.0,142.0,0.0
7.33449,0x220,0.0,0.0,1.0,6.25,0.72,-0.63,17.53125,17.21875,17.09375,17.1875,-15.4,0.0,142.0,0.0
7.33785,0x2B0,0.0,0.0,1.0,6.25,0.72,-0.63,17.53125,17.21875,17.09375,17.1875,-15.4,0.0,142.0,0.0
7.33879,0x386,0.0,0.0,1.0,6.25,0.72,-0.63,17.5,17.375,16.75,17.15625,-15.4,0.0,142.0,0.0
7.33925,0x316,0.0,0.0,1.0,6.25,0.72,-0.63,17.5,17.375,16.75,17.15625,-15.4,0.0,145.0,0.0
7.34451,0x220,0.0,0.0,1.0,6.25,0.39,-0.3,17.5,17.375,16.75,17.15625,-15.4,0.0,145.0,0.0
7.34786,0x2B0,0.0,0.0,1.0,6.25,0.39,-0.3,17.5,17.375,16.75,17.15625,-15.4,0.0,145.0,0.0
7.34897,0x316,0.0,0.0,1.0,6.25,0.39,-0.3,17.5,17.375,16.75,17.15625,-15.4,0.0,145.0,0.0
7.35449,0x220,0.0,0.0,1.0,6.25,0.07,-0.11,17.5,17.375,16.75,17.15625,-15.4,0.0,145.0,0.0
7.35786,0x2B0,0.0,0.0,1.0,6.25,0.07,-0.11,17.5,17.375,16.75,17.15625,-15.4,0.0,145.0,0.0
7.35878,0x386,0.0,0.0,1.0,6.25,0.07,-0.11,17.25,17.40625,16.6875,17.0625,-15.4,0.0,145.0,0.0
7.35903,0x316,0.0,0.0,1.0,6.25,0.07,-0.11,17.25,17.40625,16.6875,17.0625,-15.4,0.0,150.0,0.0
7.36452,0x220,0.0,0.0,1.0,6.25,-0.22,0.01,17.25,17.40625,16.6875,17.0625,-15.4,0.0,150.0,0.0
7.36786,0x2B0,0.0,0.0,1.0,6.25,-0.22,0.01,17.25,17.40625,16.6875,17.0625,-15.5,0.0,150.0,0.0
7.36898,0x316,0.0,0.0,1.0,6.25,-0.22,0.01,17.25,17.40625,16.6875,17.0625,-15.5,0.0,150.0,0.0
7.37449,0x220,0.0,0.0,1.0,6.25,-0.37,0.28,17.25,17.40625,16.6875,17.0625,-15.5,0.0,150.0,0.0
7.37786,0x2B0,0.0,0.0,1.0,6.25,-0.37,0.28,17.25,17.40625,16.6875,17.0625,-15.5,0.0,150.0,0.0
7.37879,0x386,0.0,0.0,1.0,6.25,-0.37,0.28,17.9375,17.625,16.6875,16.9375,-15.5,0.0,150.0,0.0
7.37903,0x316,0.0,0.0,1.0,6.25,-0.37,0.28,17.9375,17.625,16.6875,16.9375,-15.5,0.0,152.0,0.0
7.38453,0x220,0.0,0.0,1.0,6.25,-0.39,0.63,17.9375,17.625,16.6875,16.9375,-15.5,0.0,152.0,0.0
7.38786,0x2B0,0.0,0.0,1.0,6.25,-0.39,0.63,17.9375,17.625,16.6875,16.9375,-15.5,0.0,152.0,0.0
7.38888,0x316,0.0,0.0,1.0,6.25,-0.39,0.63,17.9375,17.625,16.6875,16.9375,-15.5,0.0,152.0,0.0
7.39449,0x220,0.0,0.0,1.0,6.25,-0.27,0.91,17.9375,17.625,16.6875,16.9375,-15.5,0.0,152.0,0.0
7.39786,0x2B0,0.0,0.0,1.0,6.25,-0.27,0.91,17.9375,17.625,16.6875,16.9375,-15.5,0.0,152.0,0.0
7.39878,0x386,0.0,0.0,1.0,6.25,-0.27,0.91,17.40625,17.75,16.8125,16.90625,-15.5,0.0,152.0,0.0
7.39902,0x316,0.0,0.0,1.0,6.25,-0.27,0.91,17.40625,17.75,16.8125,16.90625,-15.5,0.0,152.0,0.0
7.40452,0x220,0.0,0.0,1.0,6.25,-0.1,0.79,17.40625,17.75,16.8125,16.90625,-15.5,0.0,152.0,0.0
7.40787,0x2B0,0.0,0.0,1.0,6.25,-0.1,0.79,17.40625,17.75,16.8125,16.90625,-15.5,0.0,152.0,0.0
7.40883,0x316,0.0,0.0,1.0,6.25,-0.1,0.79,17.40625,17.75,16.8125,16.90625,-15.5,0.0,152.0,0.0
7.4145,0x220,0.0,0.0,1.0,6.25,-0.07,0.49,17.40625,17.75,16.8125,16.90625,-15.5,0.0,152.0,0.0
7.41787,0x2B0,0.0,0.0,1.0,6.25,-0.07,0.49,17.40625,17.75,16.8125,16.90625,-15.5,0.0,152.0,0.0
7.41879,0x386,0.0,0.0,1.0,6.25,-0.07,0.49,17.875,17.84375,17.125,16.75,-15.5,0.0,152.0,0.0
7.41903,0x316,0.0,0.0,1.0,6.25,-0.07,0.49,17.875,17.84375,17.125,16.75,-15.5,0.0,152.0,0.0
7.42453,0x220,0.0,0.0,1.0,6.25,-0.11,0.4,17.875,17.84375,17.125,16.75,-15.5,0.0,152.0,0.0
7.42788,0x2B0,0.0,0.0,1.0,6.25,-0.11,0.4,17.875,17.84375,17.125,16.75,-15.5,0.0,152.0,0.0
7.42887,0x316,0.0,0.0,1.0,6.25,-0.11,0.4,17.875,17.84375,17.125,16.75,-15.5,0.0,152.0,0.0
7.43449,0x220,0.0,0.0,1.0,6.25,0.02,0.47,17.875,17.84375,17.125,16.75,-15.5,0.0,152.0,0.0
7.43788,0x2B0,0.0,0.0,1.0,6.25,0.02,0.47,17.875,17.84375,17.125,16.75,-15.5,0.0,152.0,0.0
7.43879,0x386,0.0,0.0,1.0,6.25,0.02,0.47,17.5625,17.8125,16.96875,16.96875,-15.5,0.0,152.0,0.0
7.43926,0x316,0.0,0.0,1.0,6.25,0.02,0.47,17.5625,17.8125,16.96875,16.96875,-15.5,0.0,150.0,0.0
7.44451,0x220,0.0,0.0,1.0,6.25,0.49,0.44,17.5625,17.8125,16.96875,16.96875,-15.5,0.0,150.0,0.0
7.44788,0x2B0,0.0,0.0,1.0,6.25,0.49,0.44,17.5625,17.8125,16.96875,16.96875,-15.5,0.0,150.0,0.0
7.44893,0x316,0.0,0.0,1.0,6.25,0.49,0.44,17.5625,17.8125,16.96875,16.96875,-15.5,0.0,150.0,0.0
7.45449,0x220,0.0,0.0,1.0,6.25,1.15,0.13,17.5625,17.8125,16.96875,16.96875,-15.5,0.0,150.0,0.0
7.45788,0x2B0,0.0,0.0,1.0,6.25,1.15,0.13,17.5625,17.8125,16.96875,16.96875,-15.5,0.0,150.0,0.0
7.45879,0x386,0.0,0.0,1.0,6.25,1.15,0.13,17.59375,17.6875,16.75,17.0625,-15.5,0.0,150.0,0.0
7.45903,0x316,0.0,0.0,1.0,6.25,1.15,0.13,17.59375,17.6875,16.75,17.0625,-15.5,0.0,145.0,0.0
7.46453,0x220,0.0,0.0,1.0,6.25,1.8,-0.16,17.59375,17.6875,16.75,17.0625,-15.5,0.0,145.0,0.0
7.46789,0x2B0,0.0,0.0,1.0,6.25,1.8,-0.16,17.59375,17.6875,16.75,17.0625,-15.6,0.0,145.0,0.0
7.46901,0x316,0.0,0.0,1.0,6.25,1.8,-0.16,17.59375,17.6875,16.75,17.0625,-15.6,0.0,140.0,0.0
7.4745,0x220,0.0,0.0,1.0,6.25,2.2,-0.22,17.59375,17.6875,16.75,17.0625,-15.6,0.0,140.0,0.0
7.47809,0x2B0,0.0,0.0,1.0,6.25,2.2,-0.22,17.59375,17.6875,16.75,17.0625,-15.6,0.0,140.0,0.0
7.47879,0x386,0.0,0.0,1.0,6.25,2.2,-0.22,17.625,17.71875,16.6875,17.125,-15.6,0.0,140.0,0.0
7.47903,0x316,0.0,0.0,1.0,6.25,2.2,-0.22,17.625,17.71875,16.6875,17.125,-15.6,0.0,140.0,0.0
7.48453,0x220,0.0,0.0,1.0,6.25,2.24,0.0,17.625,17.71875,16.6875,17.125,-15.6,0.0,140.0,0.0
7.48789,0x2B0,0.0,0.0,1.0,6.25,2.24,0.0,17.625,17.71875,16.6875,17.125,-15.8,8.0,140.0,0.0
7.48881,0x316,0.0,0.0,1.0,6.25,2.24,0.0,17.625,17.71875,16.6875,17.125,-15.8,8.0,137.0,0.0
7.4945,0x220,0.0,0.0,1.0,6.25,2.0,0.18,17.625,17.71875,16.6875,17.125,-15.8,8.0,137.0,0.0
7.49789,0x2B0,0.0,0.0,1.0,6.25,2.0,0.18,17.625,17.71875,16.6875,17.125,-15.8,8.0,137.0,0.0
7.49879,0x386,0.0,0.0,1.0,6.25,2.0,0.18,17.8125,17.71875,16.625,16.5,-15.8,8.0,137.0,0.0
7.49903,0x316,0.0,0.0,1.0,6.25,2.0,0.18,17.8125,17.71875,16.625,16.5,-15.8,8.0,137.0,0.0
7.50453,0x220,0.0,0.0,1.0,6.25,1.68,0.03,17.8125,17.71875,16.625,16.5,-15.8,8.0,137.0,0.0
7.5079,0x2B0,0.0,0.0,1.0,6.25,1.68,0.03,17.8125,17.71875,16.625,16.5,-16.1,12.0,137.0,0.0
7.50889,0x316,0.0,0.0,1.0,6.25,1.68,0.03,17.8125,17.71875,16.625,16.5,-16.1,12.0,137.0,0.0
7.5145,0x220,0.0,0.0,1.0,6.25,1.52,-0.3,17.8125,17.71875,16.625,16.5,-16.1,12.0,137.0,0.0
7.51789,0x2B0,0.0,0.0,1.0,6.25,1.52,-0.3,17.8125,17.71875,16.625,16.5,-16.3,24.0,137.0,0.0
7.51879,0x386,0.0,0.0,1.0,6.25,1.52,-0.3,17.59375,17.625,17.0625,16.71875,-16.3,24.0,137.0,0.0
7.51903,0x316,0.0,0.0,1.0,6.25,1.52,-0.3,17.59375,17.625,17.0625,16.71875,-16.3,24.0,140.0,0.0
7.52452,0x220,0.0,0.0,1.0,6.25,1.59,-0.55,17.59375,17.625,17.0625,16.71875,-16.3,24.0,140.0,0.0
7.5279,0x2B0,0.0,0.0,1.0,6.25,1.59,-0.55,17.59375,17.625,17.0625,16.71875,-16.4,12.0,140.0,0.0
7.52881,0x316,0.0,0.0,1.0,6.25,1.59,-0.55,17.59375,17.625,17.0625,16.71875,-16.4,12.0,142.0,0.0
7.5345,0x220,0.0,0.0,1.0,6.25,1.91,-0.64,17.59375,17.625,17.0625,16.71875,-16.4,12.0,142.0,0.0
7.5379,0x2B0,0.0,0.0,1.0,6.25,1.91,-0.64,17.59375,17.625,17.0625,16.71875,-16.6,12.0,142.0,0.0
7.53879,0x386,0.0,0.0,1.0,6.25,1.91,-0.64,17.5625,17.65625,17.03125,17.0625,-16.6,12.0,142.0,0.0
7.53903,0x316,0.0,0.0,1.0,6.25,1.91,-0.64,17.5625,17.65625,17.03125,17.0625,-16.6,12.0,145.0,0.0
7.54451,0x220,0.0,0.0,1.0,6.25,2.29,-0.62,17.5625,17.65625,17.03125,17.0625,-16.6,12.0,145.0,0.0
7.54791,0x2B0,0.0,0.0,1.0,6.25,2.29,-0.62,17.5625,17.65625,17.03125,17.0625,-16.8,20.0,145.0,0.0
7.54898,0x316,0.0,0.0,1.0,6.25,2.29,-0.62,17.5625,17.65625,17.03125,17.0625,-16.8,20.0,145.0,0.0
7.5545,0x220,0.0,0.0,1.0,6.25,2.54,-0.55,17.5625,17.65625,17.03125,17.0625,-16.8,20.0,145.0,0.0
7.55791,0x2B0,0.0,0.0,1.0,6.25,2.54,-0.55,17.5625,17.65625,17.03125,17.0625,-16.9,12.0,145.0,0.0
7.55879,0x386,0.0,0.0,1.0,6.25,2.54,-0.55,17.65625,17.71875,16.65625,17.0,-16.9,12.0,145.0,0.0
7.55903,0x316,0.0,0.0,1.0,6.25,2.54,-0.55,17.65625,17.71875,16.65625,17.0,-16.9,12.0,147.0,0.0
7.56452,0x220,0.0,0.0,1.0,6.25,2.59,-0.56,17.65625,17.71875,16.65625,17.0,-16.9,12.0,147.0,0.0
7.56791,0x2B0,0.0,0.0,1.0,6.25,2.59,-0.56,17.65625,17.71875,16.65625,17.0,-17.1,12.0,147.0,0.0
7.56896,0x316,0.0,0.0,1.0,6.25,2.59,-0.56,17.65625,17.71875,16.65625,17.0,-17.1,12.0,147.0,0.0
7.57449,0x220,0.0,0.0,1.0,6.25,2.46,-0.67,17.65625,17.71875,16.65625,17.0,-17.1,12.0,147.0,0.0
7.57793,0x2B0,0.0,0.0,1.0,6.25,2.46,-0.67,17.65625,17.71875,16.65625,17.0,-17.1,8.0,147.0,0.0
7.57879,0x386,0.0,0.0,1.0,6.25,2.46,-0.67,17.6875,17.4375,16.78125,16.6875,-17.1,8.0,147.0,0.0
7.57903,0x316,0.0,0.0,1.0,6.25,2.46,-0.67,17.6875,17.4375,16.78125,16.6875,-17.1,8.0,147.0,0.0
7.58453,0x220,0.0,0.0,1.0,6.25,2.26,-0.73,17.6875,17.4375,16.78125,16.6875,-17.1,8.0,147.0,0.0
7.58792,0x2B0,0.0,0.0,1.0,6.25,2.26,-0.73,17.6875,17.4375,16.78125,16.6875,-17.2,0.0,147.0,0.0
7.58885,0x316,0.0,0.0,1.0,6.25,2.26,-0.73,17.6875,17.4375,16.78125,16.6875,-17.2,0.0,145.0,0.0
7.59449,0x220,0.0,0.0,1.0,6.25,2.16,-0.65,17.6875,17.4375,16.78125,16.6875,-17.2,0.0,145.0,0.0
7.59792,0x2B0,0.0,0.0,1.0,6.25,2.16,-0.65,17.6875,17.4375,16.78125,16.6875,-17.2,0.0,145.0,0.0
7.59879,0x386,0.0,0.0,1.0,6.25,2.16,-0.65,17.46875,17.625,16.875,17.0,-17.2,0.0,145.0,0.0
7.59903,0x316,0.0,0.0,1.0,6.25,2.16,-0.65,17.46875,17.625,16.875,17.0,-17.2,0.0,145.0,0.0
7.60453,0x220,0.0,0.0,1.0,6.25,2.04,-0.56,17.46875,17.625,16.875,17.0,-17.2,0.0,145.0,0.0
7.60792,0x2B0,0.0,0.0,1.0,6.25,2.04,-0.56,17.46875,17.625,16.875,17.0,-17.4,8.0,145.0,0.0
7.60882,0x316,0.0,0.0,1.0,6.25,2.04,-0.56,17.46875,17.625,16.875,17.0,-17.4,8.0,145.0,0.0
7.6145,0x220,0.0,0.0,1.0,6.25,1.84,-0.44,17.46875,17.625,16.875,17.0,-17.4,8.0,145.0,0.0
7.61792,0x2B0,0.0,0.0,1.0,6.25,1.84,-0.44,17.46875,17.625,16.875,17.0,-17.4,8.0,145.0,0.0
7.61879,0x386,0.0,0.0,1.0,6.25,1.84,-0.44,17.59375,17.375,16.71875,16.84375,-17.4,8.0,145.0,0.0
7.61904,0x316,0.0,0.0,1.0,6.25,1.84,-0.44,17.59375,17.375,16.71875,16.84375,-17.4,8.0,145.0,0.0
7.62454,0x220,0.0,0.0,1.0,6.25,1.65,-0.23,17.59375,17.375,16.71875,16.84375,-17.4,8.0,145.0,0.0
7.62793,0x2B0,0.0,0.0,1.0,6.25,1.65,-0.23,17.59375,17.375,16.71875,16.84375,-17.5,0.0,145.0,0.0
7.62887,0x316,0.0,0.0,1.0,6.25,1.65,-0.23,17.59375,17.375,16.71875,16.84375,-17.5,0.0,145.0,0.0
7.6345,0x220,0.0,0.0,1.0,6.25,1.54,-0.09,17.59375,17.375,16.71875,16.84375,-17.5,0.0,145.0,0.0
7.63792,0x2B0,0.0,0.0,1.0,6.25,1.54,-0.09,17.59375,17.375,16.71875,16.84375,-17.5,0.0,145.0,0.0
7.6388,0x386,0.0,0.0,1.0,6.25,1.54,-0.09,17.4375,17.375,16.6875,16.875,-17.5,0.0,145.0,0.0
7.63927,0x316,0.0,0.0,1.0,6.25,1.54,-0.09,17.4375,17.375,16.6875,16.875,-17.5,0.0,145.0,0.0
7.64451,0x220,0.0,0.0,1.0,6.25,1.46,-0.16,17.4375,17.375,16.6875,16.875,-17.5,0.0,145.0,0.0
7.64793,0x2B0,0.0,0.0,1.0,6.25,1.46,-0.16,17.4375,17.375,16.6875,16.875,-17.5,0.0,145.0,0.0
7.64891,0x316,0.0,0.0,1.0,6.25,1.46,-0.16,17.4375,17.375,16.6875,16.875,-17.5,0.0,145.0,0.0
7.65449,0x220,0.0,0.0,1.0,6.25,1.35,-0.33,17.4375,17.375,16.6875,16.875,-17.5,0.0,145.0,0.0
7.65793,0x2B0,0.0,0.0,1.0,6.25,1.35,-0.33,17.4375,17.375,16.6875,16.875,-17.5,0.0,145.0,0.0
7.6588,0x386,0.0,0.0,1.0,6.25,1.35,-0.33,17.34375,17.3125,16.6875,16.96875,-17.5,0.0,145.0,0.0
7.65904,0x316,0.0,0.0,1.0,6.25,1.35,-0.33,17.34375,17.3125,16.6875,16.96875,-17.5,0.0,145.0,0.0
7.66454,0x220,0.0,0.0,1.0,6.25,1.15,-0.35,17.34375,17.3125,16.6875,16.96875,-17.5,0.0,145.0,0.0
7.66794,0x2B0,0.0,0.0,1.0,6.25,1.15,-0.35,17.34375,17.3125,16.6875,16.96875,-17.5,0.0,145.0,0.0
7.66897,0x316,0.0,0.0,1.0,6.25,1.15,-0.35,17.34375,17.3125,16.6875,16.96875,-17.5,0.0,145.0,0.0
7.6745,0x220,0.0,0.0,1.0,6.25,0.88,-0.2,17.34375,17.3125,16.6875,16.96875,-17.5,0.0,145.0,0.0
7.6781,0x2B0,0.0,0.0,1.0,6.25,0.88,-0.2,17.34375,17.3125,16.6875,16.96875,-17.3,8.0,145.0,0.0
7.6788,0x386,0.0,0.0,1.0,6.25,0.88,-0.2,17.40625,17.375,16.90625,17.0,-17.3,8.0,145.0,0.0
7.67903,0x316,0.0,0.0,1.0,6.25,0.88,-0.2,17.40625,17.375,16.90625,17.0,-17.3,8.0,145.0,0.0
7.68453,0x220,0.0,0.0,1.0,6.25,0.59,0.0,17.40625,17.375,16.90625,17.0,-17.3,8.0,145.0,0.0
7.68794,0x2B0,0.0,0.0,1.0,6.25,0.59,0.0,17.40625,17.375,16.90625,17.0,-17.3,8.0,145.0,0.0
7.68878,0x316,0.0,0.0,1.0,6.25,0.59,0.0,17.40625,17.375,16.90625,17.0,-17.3,8.0,145.0,0.0
7.6945,0x220,0.0,0.0,1.0,6.25,0.45,0.08,17.40625,17.375,16.90625,17.0,-17.3,8.0,145.0,0.0
7.69795,0x2B0,0.0,0.0,1.0,6.25,0.45,0.08,17.40625,17.375,16.90625,17.0,-17.3,0.0,145.0,0.0
7.69879,0x386,0.0,0.0,1.0,6.25,0.45,0.08,17.375,17.28125,16.78125,17.0,-17.3,0.0,145.0,0.0
7.69903,0x316,0.0,0.0,1.0,6.25,0.45,0.08,17.375,17.28125,16.78125,17.0,-17.3,0.0,145.0,0.0
7.70453,0x220,0.0,0.0,1.0,6.25,0.52,0.03,17.375,17.28125,16.78125,17.0,-17.3,0.0,145.0,0.0
7.70795,0x2B0,0.0,0.0,1.0,6.25,0.52,0.03,17.375,17.28125,16.78125,17.0,-17.2,0.0,145.0,0.0
7.70883,0x316,0.0,0.0,1.0,6.25,0.52,0.03,17.375,17.28125,16.78125,17.0,-17.2,0.0,142.0,0.0
7.71449,0x220,0.0,0.0,1.0,6.25,0.77,-0.01,17.375,17.28125,16.78125,17.0,-17.2,0.0,142.0,0.0
7.71771,0x2B0,0.0,0.0,1.0,6.25,0.77,-0.01,17.375,17.28125,16.78125,17.0,-17.2,0.0,142.0,0.0
7.71879,0x386,0.0,0.0,1.0,6.25,0.77,-0.01,17.28125,17.25,17.03125,17.0625,-17.2,0.0,142.0,0.0
7.71903,0x316,0.0,0.0,1.0,6.25,0.77,-0.01,17.28125,17.25,17.03125,17.0625,-17.2,0.0,140.0,0.0
7.72453,0x220,0.0,0.0,1.0,6.25,1.06,-0.05,17.28125,17.25,17.03125,17.0625,-17.2,0.0,140.0,0.0
7.72795,0x2B0,0.0,0.0,1.0,6.25,1.06,-0.05,17.28125,17.25,17.03125,17.0625,-17.0,8.0,140.0,0.0
7.72879,0x316,0.0,0.0,1.0,6.25,1.06,-0.05,17.28125,17.25,17.03125,17.0625,-17.0,8.0,137.0,0.0
7.7345,0x220,0.0,0.0,1.0,6.25,1.28,-0.1,17.28125,17.25,17.03125,17.0625,-17.0,8.0,137.0,0.0
7.73795,0x2B0,0.0,0.0,1.0,6.25,1.28,-0.1,17.28125,17.25,17.03125,17.0625,-17.0,8.0,137.0,0.0
7.7388,0x386,0.0,0.0,1.0,6.25,1.28,-0.1,17.1875,17.3125,17.0,17.0,-17.0,8.0,137.0,0.0
7.73904,0x316,0.0,0.0,1.0,6.25,1.28,-0.1,17.1875,17.3125,17.0,17.0,-17.0,8.0,137.0,0.0
7.74452,0x220,0.0,0.0,1.0,6.25,1.29,-0.13,17.1875,17.3125,17.0,17.0,-17.0,8.0,137.0,0.0
7.74796,0x2B0,0.0,0.0,1.0,6.25,1.29,-0.13,17.1875,17.3125,17.0,17.0,-16.8,8.0,137.0,0.0
7.74892,0x316,0.0,0.0,1.0,6.25,1.29,-0.13,17.1875,17.3125,17.0,17.0,-16.8,8.0,137.0,0.0
7.75451,0x220,0.0,0.0,1.0,6.25,1.17,-0.06,17.1875,17.3125,17.0,17.0,-16.8,8.0,137.0,0.0
7.7577,0x2B0,0.0,0.0,1.0,6.25,1.17,-0.06,17.1875,17.3125,17.0,17.0,-16.8,8.0,137.0,0.0
7.7588,0x386,0.0,0.0,1.0,6.25,1.17,-0.06,17.28125,17.375,16.90625,16.90625,-16.8,8.0,137.0,0.0
7.75903,0x316,0.0,0.0,1.0,6.25,1.17,-0.06,17.28125,17.375,16.90625,16.90625,-16.8,8.0,137.0,0.0
7.76454,0x220,0.0,0.0,1.0,6.25,1.02,-0.03,17.28125,17.375,16.90625,16.90625,-16.8,8.0,137.0,0.0
7.7677,0x2B0,0.0,0.0,1.0,6.25,1.02,-0.03,17.28125,17.375,16.90625,16.90625,-16.8,0.0,137.0,0.0
7.76894,0x316,0.0,0.0,1.0,6.25,1.02,-0.03,17.28125,17.375,16.90625,16.90625,-16.8,0.0,137.0,0.0
7.7745,0x220,0.0,0.0,1.0,6.25,0.92,-0.11,17.28125,17.375,16.90625,16.90625,-16.8,0.0,137.0,0.0
7.77771,0x2B0,0.0,0.0,1.0,6.25,0.92,-0.11,17.28125,17.375,16.90625,16.90625,-16.8,0.0,137.0,0.0
7.7788,0x386,0.0,0.0,1.0,6.25,0.92,-0.11,17.3125,17.46875,17.0625,16.75,-16.8,0.0,137.0,0.0
7.77904,0x316,0.0,0.0,1.0,6.25,0.92,-0.11,17.3125,17.46875,17.0625,16.75,-16.8,0.0,137.0,0.0
7.78454,0x220,0.0,0.0,1.0,6.25,0.91,-0.29,17.3125,17.46875,17.0625,16.75,-16.8,0.0,137.0,0.0
7.7877,0x2B0,0.0,0.0,1.0,6.25,0.91,-0.29,17.3125,17.46875,17.0625,16.75,-16.8,0.0,137.0,0.0
7.78879,0x316,0.0,0.0,1.0,6.25,0.91,-0.29,17.3125,17.46875,17.0625,16.75,-16.8,0.0,137.0,0.0
7.79451,0x220,0.0,0.0,1.0,6.25,0.93,-0.42,17.3125,17.46875,17.0625,16.75,-16.8,0.0,137.0,0.0
7.7977,0x2B0,0.0,0.0,1.0,6.25,0.93,-0.42,17.3125,17.46875,17.0625,16.75,-16.8,0.0,137.0,0.0
7.7988,0x386,0.0,0.0,1.0,6.25,0.93,-0.42,17.40625,17.53125,17.15625,16.71875,-16.8,0.0,137.0,0.0
7.79903,0x316,0.0,0.0,1.0,6.25,0.93,-0.42,17.40625,17.53125,17.15625,16.71875,-16.8,0.0,137.0,0.0
7.80454,0x220,0.0,0.0,1.0,6.25,0.9,-0.36,17.40625,17.53125,17.15625,16.71875,-16.8,0.0,137.0,0.0
7.8077,0x2B0,0.0,0.0,1.0,6.25,0.9,-0.36,17.40625,17.53125,17.15625,16.71875,-16.8,0.0,137.0,0.0
7.80883,0x316,0.0,0.0,1.0,6.25,0.9,-0.36,17.40625,17.53125,17.15625,16.71875,-16.8,0.0,137.0,0.0
7.81451,0x220,0.0,0.0,1.0,6.25,0.85,-0.1,17.40625,17.53125,17.15625,16.71875,-16.8,0.0,137.0,0.0
7.8177,0x2B0,0.0,0.0,1.0,6.25,0.85,-0.1,17.40625,17.53125,17.15625,16.71875,-16.8,0.0,137.0,0.0
7.8188,0x386,0.0,0.0,1.0,6.25,0.85,-0.1,17.53125,17.5625,17.09375,16.8125,-16.8,0.0,137.0,0.0
7.81904,0x316,0.0,0.0,1.0,6.25,0.85,-0.1,17.53125,17.5625,17.09375,16.8125,-16.8,0.0,137.0,0.0
7.82454,0x220,0.0,0.0,1.0,6.25,0.88,0.06,17.53125,17.5625,17.09375,16.8125,-16.8,0.0,137.0,0.0
7.8277,0x2B0,0.0,0.0,1.0,6.25,0.88,0.06,17.53125,17.5625,17.09375,16.8125,-16.8,0.0,137.0,0.0
7.82877,0x316,0.0,0.0,1.0,6.25,0.88,0.06,17.53125,17.5625,17.09375,16.8125,-16.8,0.0,137.0,0.0
7.83451,0x220,0.0,0.0,1.0,6.25,1.01,0.04,17.53125,17.5625,17.09375,16.8125,-16.8,0.0,137.0,0.0
7.83773,0x2B0,0.0,0.0,1.0,6.25,1.01,0.04,17.53125,17.5625,17.09375,16.8125,-16.6,8.0,137.0,0.0
7.8388,0x386,0.0,0.0,1.0,6.25,1.01,0.04,17.65625,17.65625,16.75,16.8125,-16.6,8.0,137.0,0.0
7.83904,0x316,0.0,0.0,1.0,6.25,1.01,0.04,17.65625,17.65625,16.75,16.8125,-16.6,8.0,137.0,0.0
7.84453,0x220,0.0,0.0,1.0,6.25,1.17,-0.08,17.65625,17.65625,16.75,16.8125,-16.6,8.0,137.0,0.0
7.84798,0x2B0,0.0,0.0,1.0,6.25,1.17,-0.08,17.65625,17.65625,16.75,16.8125,-16.6,8.0,137.0,0.0
7.84897,0x316,0.0,0.0,1.0,6.25,1.17,-0.08,17.65625,17.65625,16.75,16.8125,-16.6,8.0,137.0,0.0
7.85451,0x220,0.0,0.0,1.0,6.25,1.27,-0.16,17.65625,17.65625,16.75,16.8125,-16.6,8.0,137.0,0.0
7.8577,0x2B0,0.0,0.0,1.0,6.25,1.27,-0.16,17.65625,17.65625,16.75,16.8125,-16.3,12.0,137.0,0.0
7.8588,0x386,0.0,0.0,1.0,6.25,1.27,-0.16,17.53125,17.5625,16.28125,16.59375,-16.3,12.0,137.0,0.0
7.85904,0x316,0.0,0.0,1.0,6.25,1.27,-0.16,17.53125,17.5625,16.28125,16.59375,-16.3,12.0,132.0,0.0
7.86454,0x220,0.0,0.0,1.0,6.25,1.29,-0.09,17.53125,17.5625,16.28125,16.59375,-16.3,12.0,132.0,0.0
7.8677,0x2B0,0.0,0.0,1.0,6.25,1.29,-0.09,17.53125,17.5625,16.28125,16.59375,-16.1,24.0,132.0,0.0
7.86893,0x316,0.0,0.0,1.0,6.25,1.29,-0.09,17.53125,17.5625,16.28125,16.59375,-16.1,24.0,130.0,0.0
7.87451,0x220,0.0,0.0,1.0,6.25,1.23,0.04,17.53125,17.5625,16.28125,16.59375,-16.1,24.0,130.0,0.0
7.8781,0x2B0,0.0,0.0,1.0,6.25,1.23,0.04,17.53125,17.5625,16.28125,16.59375,-16.0,12.0,130.0,0.0
7.87881,0x386,0.0,0.0,1.0,6.25,1.23,0.04,17.5625,17.625,16.3125,16.46875,-16.0,12.0,130.0,0.0
7.87904,0x316,0.0,0.0,1.0,6.25,1.23,0.04,17.5625,17.625,16.3125,16.46875,-16.0,12.0,127.0,0.0
7.88454,0x220,0.0,0.0,1.0,6.25,1.11,0.24,17.5625,17.625,16.3125,16.46875,-16.0,12.0,127.0,0.0
7.88773,0x2B0,0.0,0.0,1.0,6.25,1.11,0.24,17.5625,17.625,16.3125,16.46875,-15.7,20.0,127.0,0.0
7.88881,0x316,0.0,0.0,1.0,6.25,1.11,0.24,17.5625,17.625,16.3125,16.46875,-15.7,20.0,124.0,0.0
7.89451,0x220,0.0,0.0,1.0,6.25,0.98,0.31,17.5625,17.625,16.3125,16.46875,-15.7,20.0,124.0,0.0
7.89773,0x2B0,0.0,0.0,1.0,6.25,0.98,0.31,17.5625,17.625,16.3125,16.46875,-15.5,24.0,124.0,0.0
7.89881,0x386,0.0,0.0,1.0,6.25,0.98,0.31,17.40625,17.5625,16.15625,16.46875,-15.5,24.0,124.0,0.0
7.89905,0x316,0.0,0.0,1.0,6.25,0.98,0.31,17.40625,17.5625,16.15625,16.46875,-15.5,24.0,122.0,0.0
7.90455,0x220,0.0,0.0,1.0,6.25,0.89,0.25,17.40625,17.5625,16.15625,16.46875,-15.5,24.0,122.0,0.0
7.90772,0x2B0,0.0,0.0,1.0,6.25,0.89,0.25,17.40625,17.5625,16.15625,16.46875,-15.2,24.0,122.0,0.0
7.90881,0x316,0.0,0.0,1.0,6.25,0.89,0.25,17.40625,17.5625,16.15625,16.46875,-15.2,24.0,119.0,0.0
7.91451,0x220,0.0,0.0,1.0,6.25,0.81,0.26,17.40625,17.5625,16.15625,16.46875,-15.2,24.0,119.0,0.0
7.91772,0x2B0,0.0,0.0,1.0,6.25,0.81,0.26,17.40625,17.5625,16.15625,16.46875,-14.9,28.0,119.0,0.0
7.9188,0x386,0.0,0.0,1.0,6.25,0.81,0.26,17.28125,17.3125,16.25,16.46875,-14.9,28.0,119.0,0.0
7.91904,0x316,0.0,0.0,1.0,6.25,0.81,0.26,17.28125,17.3125,16.25,16.46875,-14.9,28.0,119.0,0.0
7.92454,0x220,0.0,0.0,1.0,6.25,0.78,0.34,17.28125,17.3125,16.25,16.46875,-14.9,28.0,119.0,0.0
7.92773,0x2B0,0.0,0.0,1.0,6.25,0.78,0.34,17.28125,17.3125,16.25,16.46875,-14.7,24.0,119.0,0.0
7.92881,0x316,0.0,0.0,1.0,6.25,0.78,0.34,17.28125,17.3125,16.25,16.46875,-14.7,24.0,119.0,0.0
7.9345,0x220,0.0,0.0,1.0,6.25,0.87,0.38,17.28125,17.3125,16.25,16.46875,-14.7,24.0,119.0,0.0
7.93772,0x2B0,0.0,0.0,1.0,6.25,0.87,0.38,17.28125,17.3125,16.25,16.46875,-14.3,28.0,119.0,0.0
7.9388,0x386,0.0,0.0,1.0,6.25,0.87,0.38,17.125,17.1875,16.53125,16.5625,-14.3,28.0,119.0,0.0
7.93904,0x316,0.0,0.0,1.0,6.25,0.87,0.38,17.125,17.1875,16.53125,16.5625,-14.3,28.0,117.0,0.0
7.94453,0x220,0.0,0.0,1.0,6.25,1.06,0.38,17.125,17.1875,16.53125,16.5625,-14.3,28.0,117.0,0.0
7.94774,0x2B0,0.0,0.0,1.0,6.25,1.06,0.38,17.125,17.1875,16.53125,16.5625,-14.0,32.0,117.0,0.0
7.94889,0x316,0.0,0.0,1.0,6.25,1.06,0.38,17.125,17.1875,16.53125,16.5625,-14.0,32.0,117.0,0.0
7.95451,0x220,0.0,0.0,1.0,6.25,1.29,0.45,17.125,17.1875,16.53125,16.5625,-14.0,32.0,117.0,0.0
7.95772,0x2B0,0.0,0.0,1.0,6.25,1.29,0.45,17.125,17.1875,16.53125,16.5625,-13.6,32.0,117.0,0.0
7.9588,0x386,0.0,0.0,1.0,6.25,1.29,0.45,17.03125,17.125,16.71875,16.78125,-13.6,32.0,117.0,0.0
7.95904,0x316,0.0,0.0,1.0,6.25,1.29,0.45,17.03125,17.125,16.71875,16.78125,-13.6,32.0,117.0,0.0
7.96453,0x220,0.0,0.0,1.0,6.25,1.58,0.62,17.03125,17.125,16.71875,16.78125,-13.6,32.0,117.0,0.0
7.9677,0x2B0,0.0,0.0,1.0,6.25,1.58,0.62,17.03125,17.125,16.71875,16.78125,-13.2,40.0,117.0,0.0
7.96897,0x316,0.0,0.0,1.0,6.25,1.58,0.62,17.03125,17.125,16.71875,16.78125,-13.2,40.0,117.0,0.0
7.97451,0x220,0.0,0.0,1.0,6.25,1.88,0.65,17.03125,17.125,16.71875,16.78125,-13.2,40.0,117.0,0.0
7.97771,0x2B0,0.0,0.0,1.0,6.25,1.88,0.65,17.03125,17.125,16.71875,16.78125,-12.8,40.0,117.0,0.0
7.97881,0x386,0.0,0.0,1.0,6.25,1.88,0.65,16.84375,16.96875,16.375,16.625,-12.8,40.0,117.0,0.0
7.97905,0x316,0.0,0.0,1.0,6.25,1.88,0.65,16.84375,16.96875,16.375,16.625,-12.8,40.0,117.0,0.0
7.98455,0x220,0.0,0.0,1.0,6.25,2.05,0.49,16.84375,16.96875,16.375,16.625,-12.8,40.0,117.0,0.0
7.98774,0x2B0,0.0,0.0,1.0,6.25,2.05,0.49,16.84375,16.96875,16.375,16.625,-12.4,40.0,117.0,0.0
7.98876,0x316,0.0,0.0,1.0,6.25,2.05,0.49,16.84375,16.96875,16.375,16.625,-12.4,40.0,117.0,0.0
7.99451,0x220,0.0,0.0,1.0,6.25,2.06,0.26,16.84375,16.96875,16.375,16.625,-12.4,40.0,117.0,0.0
7.99773,0x2B0,0.0,0.0,1.0,6.25,2.06,0.26,16.84375,16.96875,16.375,16.625,-12.0,40.0,117.0,0.0
7.99881,0x386,0.0,0.0,1.0,6.25,2.06,0.26,16.9375,16.90625,16.0,16.71875,-12.0,40.0,117.0,0.0
7.99905,0x316,0.0,0.0,1.0,6.25,2.06,0.26,16.9375,16.90625,16.0,16.71875,-12.0,40.0,117.0,0.0
8.00455,0x220,0.0,0.0,1.0,6.25,1.91,0.21,16.9375,16.90625,16.0,16.71875,-12.0,40.0,117.0,0.0
8.00772,0x2B0,0.0,0.0,1.0,6.25,1.91,0.21,16.9375,16.90625,16.0,16.71875,-11.6,40.0,117.0,0.0
8.00891,0x316,0.0,0.0,1.0,6.25,1.91,0.21,16.9375,16.90625,16.0,16.71875,-11.6,40.0,117.0,0.0
8.01451,0x220,0.0,0.0,1.0,6.25,1.68,0.39,16.9375,16.90625,16.0,16.71875,-11.6,40.0,117.0,0.0
8.01772,0x2B0,0.0,0.0,1.0,6.25,1.68,0.39,16.9375,16.90625,16.0,16.71875,-11.3,32.0,117.0,0.0
8.01881,0x386,0.0,0.0,1.0,6.25,1.68,0.39,16.8125,16.8125,16.0,16.3125,-11.3,32.0,117.0,0.0
8.01905,0x316,0.0,0.0,1.0,6.25,1.68,0.39,16.8125,16.8125,16.0,16.3125,-11.3,32.0,117.0,0.0
8.02455,0x220,0.0,0.0,1.0,6.25,1.52,0.46,16.8125,16.8125,16.0,16.3125,-11.3,32.0,117.0,0.0
8.02776,0x2B0,0.0,0.0,1.0,6.25,1.52,0.46,16.8125,16.8125,16.0,16.3125,-10.9,32.0,117.0,0.0
8.02877,0x316,0.0,0.0,1.0,6.25,1.52,0.46,16.8125,16.8125,16.0,16.3125,-10.9,32.0,122.0,0.0
8.03451,0x220,0.0,0.0,1.0,6.25,1.52,0.34,16.8125,16.8125,16.0,16.3125,-10.9,32.0,122.0,0.0
8.0377,0x2B0,0.0,0.0,1.0,6.25,1.52,0.34,16.8125,16.8125,16.0,16.3125,-10.6,32.0,122.0,0.0
8.03881,0x386,0.0,0.0,1.0,6.25,1.52,0.34,16.75,16.96875,16.59375,16.4375,-10.6,32.0,122.0,0.0
8.03928,0x316,0.0,0.0,1.0,6.25,1.52,0.34,16.75,16.96875,16.59375,16.4375,-10.6,32.0,127.0,0.0
8.04452,0x220,0.0,0.0,1.0,6.25,1.67,0.26,16.75,16.96875,16.59375,16.4375,-10.6,32.0,127.0,0.0
8.0477,0x2B0,0.0,0.0,1.0,6.25,1.67,0.26,16.75,16.96875,16.59375,16.4375,-10.3,28.0,127.0,0.0
8.04893,0x316,0.0,0.0,1.0,6.25,1.67,0.26,16.75,16.96875,16.59375,16.4375,-10.3,28.0,127.0,0.0
8.05452,0x220,0.0,0.0,1.0,6.25,1.93,0.27,16.75,16.96875,16.59375,16.4375,-10.3,28.0,127.0,0.0
8.05768,0x2B0,0.0,0.0,1.0,6.25,1.93,0.27,16.75,16.96875,16.59375,16.4375,-10.1,24.0,127.0,0.0
8.05881,0x386,0.0,0.0,1.0,6.25,1.93,0.27,16.96875,16.875,16.21875,16.625,-10.1,24.0,127.0,0.0
8.05905,0x316,0.0,0.0,1.0,6.25,1.93,0.27,16.96875,16.875,16.21875,16.625,-10.1,24.0,140.0,0.0
8.06455,0x220,0.0,0.0,1.0,6.25,2.27,0.25,16.96875,16.875,16.21875,16.625,-10.1,24.0,140.0,0.0
8.06769,0x2B0,0.0,0.0,1.0,6.25,2.27,0.25,16.96875,16.875,16.21875,16.625,-9.9,20.0,140.0,0.0
8.06893,0x316,0.0,0.0,1.0,6.25,2.27,0.25,16.96875,16.875,16.21875,16.625,-9.9,20.0,145.0,0.0
8.07451,0x220,0.0,0.0,1.0,6.25,2.54,0.12,16.96875,16.875,16.21875,16.625,-9.9,20.0,145.0,0.0
8.0781,0x2B0,0.0,0.0,1.0,6.25,2.54,0.12,16.96875,16.875,16.21875,16.625,-9.7,20.0,145.0,0.0
8.07881,0x386,0.0,0.0,1.0,6.25,2.54,0.12,16.71875,16.8125,16.125,16.40625,-9.7,20.0,145.0,0.0
8.07905,0x316,0.0,0.0,1.0,6.25,2.54,0.12,16.71875,16.8125,16.125,16.40625,-9.7,20.0,147.0,0.0
8.08455,0x220,0.0,0.0,1.0,6.25,2.7,-0.09,16.71875,16.8125,16.125,16.40625,-9.7,20.0,147.0,0.0
8.0877,0x2B0,0.0,0.0,1.0,6.25,2.7,-0.09,16.71875,16.8125,16.125,16.40625,-9.5,20.0,147.0,0.0
8.08879,0x316,0.0,0.0,1.0,6.25,2.7,-0.09,16.71875,16.8125,16.125,16.40625,-9.5,20.0,147.0,0.0
8.09451,0x220,0.0,0.0,1.0,6.25,2.79,-0.29,16.71875,16.8125,16.125,16.40625,-9.5,20.0,147.0,0.0
8.09774,0x2B0,0.0,0.0,1.0,6.25,2.79,-0.29,16.71875,16.8125,16.125,16.40625,-9.5,8.0,147.0,0.0
8.09881,0x386,0.0,0.0,1.0,6.25,2.79,-0.29,16.71875,16.8125,16.0,16.34375,-9.5,8.0,147.0,0.0
8.09905,0x316,0.0,0.0,1.0,6.25,2.79,-0.29,16.71875,16.8125,16.0,16.34375,-9.5,8.0,147.0,0.0
8.10455,0x220,0.0,0.0,1.0,6.25,2.86,-0.29,16.71875,16.8125,16.0,16.34375,-9.5,8.0,147.0,0.0
8.1077,0x2B0,0.0,0.0,1.0,6.25,2.86,-0.29,16.71875,16.8125,16.0,16.34375,-9.3,8.0,147.0,0.0
8.10881,0x316,0.0,0.0,1.0,6.25,2.86,-0.29,16.71875,16.8125,16.0,16.34375,-9.3,8.0,145.0,0.0
8.11452,0x220,0.0,0.0,1.0,6.25,2.92,-0.2,16.71875,16.8125,16.0,16.34375,-9.3,8.0,145.0,0.0
8.11766,0x2B0,0.0,0.0,1.0,6.25,2.92,-0.2,16.71875,16.8125,16.0,16.34375,-9.3,8.0,145.0,0.0
8.11881,0x386,0.0,0.0,1.0,6.25,2.92,-0.2,16.6875,16.75,15.96875,16.15625,-9.3,8.0,145.0,0.0
8.11905,0x316,0.0,0.0,1.0,6.25,2.92,-0.2,16.6875,16.75,15.96875,16.15625,-9.3,8.0,142.0,0.0
8.12454,0x220,0.0,0.0,1.0,6.25,2.9,-0.21,16.6875,16.75,15.96875,16.15625,-9.3,8.0,142.0,0.0
8.12767,0x2B0,0.0,0.0,1.0,6.25,2.9,-0.21,16.6875,16.75,15.96875,16.15625,-9.3,0.0,142.0,0.0
8.12878,0x316,0.0,0.0,1.0,6.25,2.9,-0.21,16.6875,16.75,15.96875,16.15625,-9.3,0.0,137.0,0.0
8.13452,0x220,0.0,0.0,1.0,6.25,2.75,-0.27,16.6875,16.75,15.96875,16.15625,-9.3,0.0,137.0,0.0
8.13767,0x2B0,0.0,0.0,1.0,6.25,2.75,-0.27,16.6875,16.75,15.96875,16.15625,-9.3,0.0,137.0,0.0
8.13882,0x386,0.0,0.0,1.0,6.25,2.75,-0.27,16.625,16.625,16.09375,16.125,-9.3,0.0,137.0,0.0
8.13905,0x316,0.0,0.0,1.0,6.25,2.75,-0.27,16.625,16.625,16.09375,16.125,-9.3,0.0,135.0,0.0
8.14454,0x220,0.0,0.0,1.0,6.25,2.54,-0.32,16.625,16.625,16.09375,16.125,-9.3,0.0,135.0,0.0
8.14766,0x2B0,0.0,0.0,1.0,6.25,2.54,-0.32,16.625,16.625,16.09375,16.125,-9.3,0.0,135.0,0.0
8.14888,0x316,0.0,0.0,1.0,6.25,2.54,-0.32,16.625,16.625,16.09375,16.125,-9.3,0.0,135.0,0.0
8.15452,0x220,0.0,0.0,1.0,6.25,2.35,-0.34,16.625,16.625,16.09375,16.125,-9.3,0.0,135.0,0.0
8.15767,0x2B0,0.0,0.0,1.0,6.25,2.35,-0.34,16.625,16.625,16.09375,16.125,-9.3,0.0,135.0,0.0
8.15881,0x386,0.0,0.0,1.0,6.25,2.35,-0.34,16.75,16.8125,16.28125,16.0625,-9.3,0.0,135.0,0.0
8.15905,0x316,0.0,0.0,1.0,6.25,2.35,-0.34,16.75,16.8125,16.28125,16.0625,-9.3,0.0,135.0,0.0
8.16455,0x220,0.0,0.0,1.0,6.25,2.23,-0.39,16.75,16.8125,16.28125,16.0625,-9.3,0.0,135.0,0.0
8.16773,0x2B0,0.0,0.0,1.0,6.25,2.23,-0.39,16.75,16.8125,16.28125,16.0625,-9.3,0.0,135.0,0.0
8.16897,0x316,0.0,0.0,1.0,6.25,2.23,-0.39,16.75,16.8125,16.28125,16.0625,-9.3,0.0,135.0,0.0
8.17452,0x220,0.0,0.0,1.0,6.25,2.21,-0.47,16.75,16.8125,16.28125,16.0625,-9.3,0.0,135.0,0.0
8.17809,0x2B0,0.0,0.0,1.0,6.25,2.21,-0.47,16.75,16.8125,16.28125,16.0625,-9.5,8.0,135.0,0.0
8.17882,0x386,0.0,0.0,1.0,6.25,2.21,-0.47,16.6875,16.5625,16.28125,16.15625,-9.5,8.0,135.0,0.0
8.17905,0x316,0.0,0.0,1.0,6.25,2.21,-0.47,16.6875,16.5625,16.28125,16.15625,-9.5,8.0,135.0,0.0
8.18454,0x220,0.0,0.0,1.0,6.25,2.29,-0.54,16.6875,16.5625,16.28125,16.15625,-9.5,8.0,135.0,0.0
8.18773,0x2B0,0.0,0.0,1.0,6.25,2.29,-0.54,16.6875,16.5625,16.28125,16.15625,-9.5,8.0,135.0,0.0
8.18876,0x316,0.0,0.0,1.0,6.25,2.29,-0.54,16.6875,16.5625,16.28125,16.15625,-9.5,8.0,135.0,0.0
8.19451,0x220,0.0,0.0,1.0,6.25,2.42,-0.66,16.6875,16.5625,16.28125,16.15625,-9.5,8.0,135.0,0.0
8.19769,0x2B0,0.0,0.0,1.0,6.25,2.42,-0.66,16.6875,16.5625,16.28125,16.15625,-9.6,0.0,135.0,0.0
8.19881,0x386,0.0,0.0,1.0,6.25,2.42,-0.66,16.6875,16.875,16.09375,16.25,-9.6,0.0,135.0,0.0
8.19905,0x316,0.0,0.0,1.0,6.25,2.42,-0.66,16.6875,16.875,16.09375,16.25,-9.6,0.0,135.0,0.0
8.20455,0x220,0.0,0.0,1.0,6.25,2.4,-0.76,16.6875,16.875,16.09375,16.25,-9.6,0.0,135.0,0.0
8.20769,0x2B0,0.0,0.0,1.0,6.25,2.4,-0.76,16.6875,16.875,16.09375,16.25,-9.6,0.0,135.0,0.0
8.20887,0x316,0.0,0.0,1.0,6.25,2.4,-0.76,16.6875,16.875,16.09375,16.25,-9.6,0.0,135.0,0.0
8.21452,0x220,0.0,0.0,1.0,6.25,2.19,-0.79,16.6875,16.875,16.09375,16.25,-9.6,0.0,135.0,0.0
8.21768,0x2B0,0.0,0.0,1.0,6.25,2.19,-0.79,16.6875,16.875,16.09375,16.25,-9.6,0.0,135.0,0.0
8.21881,0x386,0.0,0.0,1.0,6.25,2.19,-0.79,16.65625,16.625,16.09375,16.21875,-9.6,0.0,135.0,0.0
8.21905,0x316,0.0,0.0,1.0,6.25,2.19,-0.79,16.65625,16.625,16.09375,16.21875,-9.6,0.0,135.0,0.0
8.22455,0x220,0.0,0.0,1.0,6.25,1.88,-0.59,16.65625,16.625,16.09375,16.21875,-9.6,0.0,135.0,0.0
8.22768,0x2B0,0.0,0.0,1.0,6.25,1.88,-0.59,16.65625,16.625,16.09375,16.21875,-9.6,0.0,135.0,0.0
8.22876,0x316,0.0,0.0,1.0,6.25,1.88,-0.59,16.65625,16.625,16.09375,16.21875,-9.6,0.0,132.0,0.0
8.23452,0x220,0.0,0.0,1.0,6.25,1.6,-0.3,16.65625,16.625,16.09375,16.21875,-9.6,0.0,132.0,0.0
8.23769,0x2B0,0.0,0.0,1.0,6.25,1.6,-0.3,16.65625,16.625,16.09375,16.21875,-9.6,0.0,132.0,0.0
8.23882,0x386,0.0,0.0,1.0,6.25,1.6,-0.3,16.71875,16.75,16.1875,16.21875,-9.6,0.0,132.0,0.0
8.23906,0x316,0.0,0.0,1.0,6.25,1.6,-0.3,16.71875,16.75,16.1875,16.21875,-9.6,0.0,130.0,0.0
8.24454,0x220,0.0,0.0,1.0,6.25,1.37,-0.12,16.71875,16.75,16.1875,16.21875,-9.6,0.0,130.0,0.0
8.24765,0x2B0,0.0,0.0,1.0,6.25,1.37,-0.12,16.71875,16.75,16.1875,16.21875,-9.6,0.0,130.0,0.0
8.24896,0x316,0.0,0.0,1.0,6.25,1.37,-0.12,16.71875,16.75,16.1875,16.21875,-9.6,0.0,130.0,0.0
8.25451,0x220,0.0,0.0,1.0,6.25,1.23,-0.15,16.71875,16.75,16.1875,16.21875,-9.6,0.0,130.0,0.0
8.25766,0x2B0,0.0,0.0,1.0,6.25,1.23,-0.15,16.71875,16.75,16.1875,16.21875,-9.5,0.0,130.0,0.0
8.25882,0x386,0.0,0.0,1.0,6.25,1.23,-0.15,16.625,16.53125,16.09375,16.34375,-9.5,0.0,130.0,0.0
8.25906,0x316,0.0,0.0,1.0,6.25,1.23,-0.15,16.625,16.53125,16.09375,16.34375,-9.5,0.0,122.0,0.0
8.26455,0x220,0.0,0.0,1.0,6.25,1.15,-0.13,16.625,16.53125,16.09375,16.34375,-9.5,0.0,122.0,0.0
8.26762,0x2B0,0.0,0.0,1.0,6.25,1.15,-0.13,16.625,16.53125,16.09375,16.34375,-9.5,0.0,122.0,0.0
8.26895,0x316,0.0,0.0,1.0,6.25,1.15,-0.13,16.625,16.53125,16.09375,16.34375,-9.5,0.0,122.0,0.0
8.27452,0x220,0.0,0.0,1.0,6.25,1.12,0.02,16.625,16.53125,16.09375,16.34375,-9.5,0.0,122.0,0.0
8.27786,0x2B0,0.0,0.0,1.0,6.25,1.12,0.02,16.625,16.53125,16.09375,16.34375,-9.4,0.0,122.0,0.0
8.27882,0x386,0.0,0.0,1.0,6.25,1.12,0.02,16.625,16.6875,16.15625,16.21875,-9.4,0.0,122.0,0.0
8.27906,0x316,0.0,0.0,1.0,6.25,1.12,0.02,16.625,16.6875,16.15625,16.21875,-9.4,0.0,122.0,0.0
8.28456,0x220,0.0,0.0,1.0,6.25,1.1,0.19,16.625,16.6875,16.15625,16.21875,-9.4,0.0,122.0,0.0
8.28777,0x2B0,0.0,0.0,1.0,6.25,1.1,0.19,16.625,16.6875,16.15625,16.21875,-9.4,0.0,122.0,0.0
8.28884,0x316,0.0,0.0,1.0,6.25,1.1,0.19,16.625,16.6875,16.15625,16.21875,-9.4,0.0,122.0,0.0
8.29453,0x220,0.0,0.0,1.0,6.25,1.08,0.25,16.625,16.6875,16.15625,16.21875,-9.4,0.0,122.0,0.0
8.29771,0x2B0,0.0,0.0,1.0,6.25,1.08,0.25,16.625,16.6875,16.15625,16.21875,-9.2,8.0,122.0,0.0
8.29882,0x386,0.0,0.0,1.0,6.25,1.08,0.25,16.65625,16.59375,16.09375,16.125,-9.2,8.0,122.0,0.0
8.29906,0x316,0.0,0.0,1.0,6.25,1.08,0.25,16.65625,16.59375,16.09375,16.125,-9.2,8.0,122.0,0.0
8.30456,0x220,0.0,0.0,1.0,6.25,1.0,0.31,16.65625,16.59375,16.09375,16.125,-9.2,8.0,122.0,0.0
8.3077,0x2B0,0.0,0.0,1.0,6.25,1.0,0.31,16.65625,16.59375,16.09375,16.125,-9.2,8.0,122.0,0.0
8.30884,0x316,0.0,0.0,1.0,6.25,1.0,0.31,16.65625,16.59375,16.09375,16.125,-9.2,8.0,124.0,0.0
8.31452,0x220,0.0,0.0,1.0,6.25,0.94,0.38,16.65625,16.59375,16.09375,16.125,-9.2,8.0,124.0,0.0
8.3177,0x2B0,0.0,0.0,1.0,6.25,0.94,0.38,16.65625,16.59375,16.09375,16.125,-9.0,8.0,124.0,0.0
8.31882,0x386,0.0,0.0,1.0,6.25,0.94,0.38,16.59375,16.5625,16.09375,16.15625,-9.0,8.0,124.0,0.0
8.31906,0x316,0.0,0.0,1.0,6.25,0.94,0.38,16.59375,16.5625,16.09375,16.15625,-9.0,8.0,127.0,0.0
8.32455,0x220,0.0,0.0,1.0,6.25,0.96,0.37,16.59375,16.5625,16.09375,16.15625,-9.0,8.0,127.0,0.0
8.3277,0x2B0,0.0,0.0,1.0,6.25,0.96,0.37,16.59375,16.5625,16.09375,16.15625,-9.0,8.0,127.0,0.0
8.32883,0x316,0.0,0.0,1.0,6.25,0.96,0.37,16.59375,16.5625,16.09375,16.15625,-9.0,8.0,132.0,0.0
8.33453,0x220,0.0,0.0,1.0,6.25,1.03,0.21,16.59375,16.5625,16.09375,16.15625,-9.0,8.0,132.0,0.0
8.33769,0x2B0,0.0,0.0,1.0,6.25,1.03,0.21,16.59375,16.5625,16.09375,16.15625,-9.0,0.0,132.0,0.0
8.33882,0x386,0.0,0.0,1.0,6.25,1.03,0.21,16.59375,16.53125,16.09375,16.1875,-9.0,0.0,132.0,0.0
8.33906,0x316,0.0,0.0,1.0,6.25,1.03,0.21,16.59375,16.53125,16.09375,16.1875,-9.0,0.0,135.0,0.0
8.34453,0x220,0.0,0.0,1.0,6.25,1.11,0.07,16.59375,16.53125,16.09375,16.1875,-9.0,0.0,135.0,0.0
8.34767,0x2B0,0.0,0.0,1.0,6.25,1.11,0.07,16.59375,16.53125,16.09375,16.1875,-9.0,0.0,135.0,0.0
8.3489,0x316,0.0,0.0,1.0,6.25,1.11,0.07,16.59375,16.53125,16.09375,16.1875,-9.0,0.0,135.0,0.0
8.35452,0x220,0.0,0.0,1.0,6.25,1.23,0.17,16.59375,16.53125,16.09375,16.1875,-9.0,0.0,135.0,0.0
8.35774,0x2B0,0.0,0.0,1.0,6.25,1.23,0.17,16.59375,16.53125,16.09375,16.1875,-9.0,0.0,135.0,0.0
8.35882,0x386,0.0,0.0,1.0,6.25,1.23,0.17,16.71875,16.75,16.25,16.09375,-9.0,0.0,135.0,0.0
8.35905,0x316,0.0,0.0,1.0,6.25,1.23,0.17,16.71875,16.75,16.25,16.09375,-9.0,0.0,135.0,0.0
8.36456,0x220,0.0,0.0,1.0,6.25,1.51,0.42,16.71875,16.75,16.25,16.09375,-9.0,0.0,135.0,0.0
8.36768,0x2B0,0.0,0.0,1.0,6.25,1.51,0.42,16.71875,16.75,16.25,16.09375,-8.8,8.0,135.0,0.0
8.36903,0x316,0.0,0.0,1.0,6.25,1.51,0.42,16.71875,16.75,16.25,16.09375,-8.8,8.0,135.0,0.0
8.37453,0x220,0.0,0.0,1.0,6.25,1.86,0.52,16.71875,16.75,16.25,16.09375,-8.8,8.0,135.0,0.0
8.37785,0x2B0,0.0,0.0,1.0,6.25,1.86,0.52,16.71875,16.75,16.25,16.09375,-8.8,8.0,135.0,0.0
8.37882,0x386,0.0,0.0,1.0,6.25,1.86,0.52,16.59375,16.625,16.1875,16.21875,-8.8,8.0,135.0,0.0
8.37906,0x316,0.0,0.0,1.0,6.25,1.86,0.52,16.59375,16.625,16.1875,16.21875,-8.8,8.0,135.0,0.0
8.38456,0x220,0.0,0.0,1.0,6.25,2.19,0.38,16.59375,16.625,16.1875,16.21875,-8.8,8.0,135.0,0.0
8.38766,0x2B0,0.0,0.0,1.0,6.25,2.19,0.38,16.59375,16.625,16.1875,16.21875,-8.8,0.0,135.0,0.0
8.38878,0x316,0.0,0.0,1.0,6.25,2.19,0.38,16.59375,16.625,16.1875,16.21875,-8.8,0.0,135.0,0.0
8.39452,0x220,0.0,0.0,1.0,6.25,2.47,0.14,16.59375,16.625,16.1875,16.21875,-8.8,0.0,135.0,0.0
8.39767,0x2B0,0.0,0.0,1.0,6.25,2.47,0.14,16.59375,16.625,16.1875,16.21875,-8.8,0.0,135.0,0.0
8.39882,0x386,0.0,0.0,1.0,6.25,2.47,0.14,16.75,16.75,16.1875,16.25,-8.8,0.0,135.0,0.0
8.39906,0x316,0.0,0.0,1.0,6.25,2.47,0.14,16.75,16.75,16.1875,16.25,-8.8,0.0,132.0,0.0
8.40456,0x220,0.0,0.0,1.0,6.25,2.65,0.0,16.75,16.75,16.1875,16.25,-8.8,0.0,132.0,0.0
8.40765,0x2B0,0.0,0.0,1.0,6.25,2.65,0.0,16.75,16.75,16.1875,16.25,-8.8,0.0,132.0,0.0
8.40892,0x316,0.0,0.0,1.0,6.25,2.65,0.0,16.75,16.75,16.1875,16.25,-8.8,0.0,132.0,0.0
8.41453,0x220,0.0,0.0,1.0,6.25,2.63,-0.05,16.75,16.75,16.1875,16.25,-8.8,0.0,132.0,0.0
8.41766,0x2B0,0.0,0.0,1.0,6.25,2.63,-0.05,16.75,16.75,16.1875,16.25,-8.8,0.0,132.0,0.0
8.41883,0x386,0.0,0.0,1.0,6.25,2.63,-0.05,16.625,16.6875,15.9375,16.28125,-8.8,0.0,132.0,0.0
8.41907,0x316,0.0,0.0,1.0,6.25,2.63,-0.05,16.625,16.6875,15.9375,16.28125,-8.8,0.0,130.0,0.0
8.42456,0x220,0.0,0.0,1.0,6.25,2.42,-0.08,16.625,16.6875,15.9375,16.28125,-8.8,0.0,130.0,0.0
8.42765,0x2B0,0.0,0.0,1.0,6.25,2.42,-0.08,16.625,16.6875,15.9375,16.28125,-8.8,0.0,130.0,0.0
8.42877,0x316,0.0,0.0,1.0,6.25,2.42,-0.08,16.625,16.6875,15.9375,16.28125,-8.8,0.0,130.0,0.0
8.43453,0x220,0.0,0.0,1.0,6.25,2.1,0.0,16.625,16.6875,15.9375,16.28125,-8.8,0.0,130.0,0.0
8.43766,0x2B0,0.0,0.0,1.0,6.25,2.1,0.0,16.625,16.6875,15.9375,16.28125,-8.8,0.0,130.0,0.0
8.43882,0x386,0.0,0.0,1.0,6.25,2.1,0.0,16.71875,16.65625,15.78125,16.125,-8.8,0.0,130.0,0.0
8.43906,0x316,0.0,0.0,1.0,6.25,2.1,0.0,16.71875,16.65625,15.78125,16.125,-8.8,0.0,130.0,0.0
8.44454,0x220,0.0,0.0,1.0,6.25,1.85,0.07,16.71875,16.65625,15.78125,16.125,-8.8,0.0,130.0,0.0
8.44767,0x2B0,0.0,0.0,1.0,6.25,1.85,0.07,16.71875,16.65625,15.78125,16.125,-8.8,0.0,130.0,0.0
8.44895,0x316,0.0,0.0,1.0,6.25,1.85,0.07,16.71875,16.65625,15.78125,16.125,-8.8,0.0,130.0,0.0
8.45453,0x220,0.0,0.0,1.0,6.25,1.79,0.09,16.71875,16.65625,15.78125,16.125,-8.8,0.0,130.0,0.0
8.45766,0x2B0,0.0,0.0,1.0,6.25,1.79,0.09,16.71875,16.65625,15.78125,16.125,-8.8,0.0,130.0,0.0
8.45883,0x386,0.0,0.0,1.0,6.25,1.79,0.09,16.6875,16.75,15.46875,16.0625,-8.8,0.0,130.0,0.0
8.45906,0x316,0.0,0.0,1.0,6.25,1.79,0.09,16.6875,16.75,15.46875,16.0625,-8.8,0.0,132.0,0.0
8.46457,0x220,0.0,0.0,1.0,6.25,1.99,0.02,16.6875,16.75,15.46875,16.0625,-8.8,0.0,132.0,0.0
8.46766,0x2B0,0.0,0.0,1.0,6.25,1.99,0.02,16.6875,16.75,15.46875,16.0625,-8.8,0.0,132.0,0.0
8.46893,0x316,0.0,0.0,1.0,6.25,1.99,0.02,16.6875,16.75,15.46875,16.0625,-8.8,0.0,132.0,0.0
8.47453,0x220,0.0,0.0,1.0,6.25,2.23,-0.02,16.6875,16.75,15.46875,16.0625,-8.8,0.0,132.0,0.0
8.47786,0x2B0,0.0,0.0,1.0,6.25,2.23,-0.02,16.6875,16.75,15.46875,16.0625,-8.8,0.0,132.0,0.0
8.47882,0x386,0.0,0.0,1.0,6.25,2.23,-0.02,16.59375,16.5625,15.5,16.03125,-8.8,0.0,132.0,0.0
8.47906,0x316,0.0,0.0,1.0,6.25,2.23,-0.02,16.59375,16.5625,15.5,16.03125,-8.8,0.0,132.0,0.0
8.48456,0x220,0.0,0.0,1.0,6.25,2.36,0.0,16.59375,16.5625,15.5,16.03125,-8.8,0.0,132.0,0.0
8.48766,0x2B0,0.0,0.0,1.0,6.25,2.36,0.0,16.59375,16.5625,15.5,16.03125,-8.8,0.0,132.0,0.0
8.48883,0x316,0.0,0.0,1.0,6.25,2.36,0.0,16.59375,16.5625,15.5,16.03125,-8.8,0.0,132.0,0.0
8.49453,0x220,0.0,0.0,1.0,6.25,2.35,0.14,16.59375,16.5625,15.5,16.03125,-8.8,0.0,132.0,0.0
8.49766,0x2B0,0.0,0.0,1.0,6.25,2.35,0.14,16.59375,16.5625,15.5,16.03125,-8.8,0.0,132.0,0.0
8.49883,0x386,0.0,0.0,1.0,6.25,2.35,0.14,16.75,16.6875,15.875,15.96875,-8.8,0.0,132.0,0.0
8.49907,0x316,0.0,0.0,1.0,6.25,2.35,0.14,16.75,16.6875,15.875,15.96875,-8.8,0.0,132.0,0.0
8.50456,0x220,0.0,0.0,1.0,6.25,2.29,0.28,16.75,16.6875,15.875,15.96875,-8.8,0.0,132.0,0.0
8.50766,0x2B0,0.0,0.0,1.0,6.25,2.29,0.28,16.75,16.6875,15.875,15.96875,-8.8,0.0,132.0,0.0
8.50916,0x316,0.0,0.0,1.0,6.25,2.29,0.28,16.75,16.6875,15.875,15.96875,-8.8,0.0,127.0,0.0
8.51453,0x220,0.0,0.0,1.0,6.25,2.24,0.25,16.75,16.6875,15.875,15.96875,-8.8,0.0,127.0,0.0
8.51765,0x2B0,0.0,0.0,1.0,6.25,2.24,0.25,16.75,16.6875,15.875,15.96875,-8.8,0.0,127.0,0.0
8.51883,0x386,0.0,0.0,1.0,6.25,2.24,0.25,16.59375,16.65625,15.78125,16.1875,-8.8,0.0,127.0,0.0
8.51907,0x316,0.0,0.0,1.0,6.25,2.24,0.25,16.59375,16.65625,15.78125,16.1875,-8.8,0.0,122.0,0.0
8.52456,0x220,0.0,0.0,1.0,6.25,2.23,0.11,16.59375,16.65625,15.78125,16.1875,-8.8,0.0,122.0,0.0
8.52765,0x2B0,0.0,0.0,1.0,6.25,2.23,0.11,16.59375,16.65625,15.78125,16.1875,-8.8,0.0,122.0,0.0
8.52882,0x316,0.0,0.0,1.0,6.25,2.23,0.11,16.59375,16.65625,15.78125,16.1875,-8.8,0.0,117.0,0.0
8.53453,0x220,0.0,0.0,1.0,6.25,2.26,0.0,16.59375,16.65625,15.78125,16.1875,-8.8,0.0,117.0,0.0
8.53766,0x2B0,0.0,0.0,1.0,6.25,2.26,0.0,16.59375,16.65625,15.78125,16.1875,-8.8,0.0,117.0,0.0
8.53883,0x386,0.0,0.0,1.0,6.25,2.26,0.0,16.59375,16.5625,15.8125,16.0,-8.8,0.0,117.0,0.0
8.53907,0x316,0.0,0.0,1.0,6.25,2.26,0.0,16.59375,16.5625,15.8125,16.0,-8.8,0.0,112.0,0.0
8.54455,0x220,0.0,0.0,1.0,6.25,2.27,0.0,16.59375,16.5625,15.8125,16.0,-8.8,0.0,112.0,0.0
8.54766,0x2B0,0.0,0.0,1.0,6.25,2.27,0.0,16.59375,16.5625,15.8125,16.0,-8.8,0.0,112.0,0.0
8.54889,0x316,0.0,0.0,1.0,6.25,2.27,0.0,16.59375,16.5625,15.8125,16.0,-8.8,0.0,112.0,0.0
8.55453,0x220,0.0,0.0,1.0,6.25,2.27,0.11,16.59375,16.5625,15.8125,16.0,-8.8,0.0,112.0,0.0
8.55767,0x2B0,0.0,0.0,1.0,6.25,2.27,0.11,16.59375,16.5625,15.8125,16.0,-8.8,0.0,112.0,0.0
8.55883,0x316,0.0,0.0,1.0,6.25,2.27,0.11,16.59375,16.5625,15.8125,16.0,-8.8,0.0,101.0,0.0
8.5593,0x386,0.0,0.0,1.0,6.25,2.27,0.11,16.375,16.5,16.03125,15.84375,-8.8,0.0,101.0,0.0
8.56457,0x220,0.0,0.0,1.0,6.25,2.27,0.21,16.375,16.5,16.03125,15.84375,-8.8,0.0,101.0,0.0
8.56769,0x2B0,0.0,0.0,1.0,6.25,2.27,0.21,16.375,16.5,16.03125,15.84375,-8.8,0.0,101.0,0.0
8.56899,0x316,0.0,0.0,1.0,6.25,2.27,0.21,16.375,16.5,16.03125,15.84375,-8.8,0.0,99.0,0.0
8.57453,0x220,0.0,0.0,1.0,6.25,2.25,0.25,16.375,16.5,16.03125,15.84375,-8.8,0.0,99.0,0.0
8.57785,0x2B0,0.0,0.0,1.0,6.25,2.25,0.25,16.375,16.5,16.03125,15.84375,-9.0,8.0,99.0,0.0
8.57883,0x386,0.0,0.0,1.0,6.25,2.25,0.25,16.3125,16.4375,15.84375,15.8125,-9.0,8.0,99.0,0.0
8.57907,0x316,0.0,0.0,1.0,6.25,2.25,0.25,16.3125,16.4375,15.84375,15.8125,-9.0,8.0,96.0,0.0
8.58457,0x220,0.0,0.0,1.0,6.25,2.19,0.19,16.3125,16.4375,15.84375,15.8125,-9.0,8.0,96.0,0.0
8.58774,0x2B0,0.0,0.0,1.0,6.25,2.19,0.19,16.3125,16.4375,15.84375,15.8125,-9.0,8.0,96.0,0.0
8.58876,0x316,0.0,0.0,1.0,6.25,2.19,0.19,16.3125,16.4375,15.84375,15.8125,-9.0,8.0,96.0,0.0
8.59454,0x220,0.0,0.0,1.0,6.25,2.03,0.06,16.3125,16.4375,15.84375,15.8125,-9.0,8.0,96.0,0.0
8.59771,0x2B0,0.0,0.0,1.0,6.25,2.03,0.06,16.3125,16.4375,15.84375,15.8125,-9.1,0.0,96.0,0.0
8.59883,0x316,0.0,0.0,1.0,6.25,2.03,0.06,16.3125,16.4375,15.84375,15.8125,-9.1,0.0,96.0,0.0
8.59931,0x386,0.0,0.0,1.0,6.25,2.03,0.06,16.34375,16.3125,15.8125,15.96875,-9.1,0.0,96.0,0.0
8.60456,0x220,0.0,0.0,1.0,6.25,1.8,-0.04,16.34375,16.3125,15.8125,15.96875,-9.1,0.0,96.0,0.0
8.60774,0x2B0,0.0,0.0,1.0,6.25,1.8,-0.04,16.34375,16.3125,15.8125,15.96875,-9.1,0.0,96.0,0.0
8.60878,0x316,0.0,0.0,1.0,6.25,1.8,-0.04,16.34375,16.3125,15.8125,15.96875,-9.1,0.0,99.0,0.0
8.61454,0x220,0.0,0.0,1.0,6.25,1.57,-0.08,16.34375,16.3125,15.8125,15.96875,-9.1,0.0,99.0,0.0
8.61772,0x2B0,0.0,0.0,1.0,6.25,1.57,-0.08,16.34375,16.3125,15.8125,15.96875,-9.2,0.0,99.0,0.0
8.61884,0x386,0.0,0.0,1.0,6.25,1.57,-0.08,16.1875,16.34375,15.9375,15.8125,-9.2,0.0,99.0,0.0
8.61908,0x316,0.0,0.0,1.0,6.25,1.57,-0.08,16.1875,16.34375,15.9375,15.8125,-9.2,0.0,104.0,0.0
8.62457,0x220,0.0,0.0,1.0,6.25,1.35,0.0,16.1875,16.34375,15.9375,15.8125,-9.2,0.0,104.0,0.0
8.62771,0x2B0,0.0,0.0,1.0,6.25,1.35,0.0,16.1875,16.34375,15.9375,15.8125,-9.4,12.0,104.0,0.0
8.62876,0x316,0.0,0.0,1.0,6.25,1.35,0.0,16.1875,16.34375,15.9375,15.8125,-9.4,12.0,107.0,0.0
8.63454,0x220,0.0,0.0,1.0,6.25,1.24,0.15,16.1875,16.34375,15.9375,15.8125,-9.4,12.0,107.0,0.0
8.63768,0x2B0,0.0,0.0,1.0,6.25,1.24,0.15,16.1875,16.34375,15.9375,15.8125,-9.5,12.0,107.0,0.0
8.63884,0x386,0.0,0.0,1.0,6.25,1.24,0.15,16.28125,16.21875,16.0625,15.84375,-9.5,12.0,107.0,0.0
8.63907,0x316,0.0,0.0,1.0,6.25,1.24,0.15,16.28125,16.21875,16.0625,15.84375,-9.5,12.0,112.0,0.0
8.64455,0x220,0.0,0.0,1.0,6.25,1.29,0.19,16.28125,16.21875,16.0625,15.84375,-9.5,12.0,112.0,0.0
8.64767,0x2B0,0.0,0.0,1.0,6.25,1.29,0.19,16.28125,16.21875,16.0625,15.84375,-9.7,12.0,112.0,0.0
8.6489,0x316,0.0,0.0,1.0,6.25,1.29,0.19,16.28125,16.21875,16.0625,15.84375,-9.7,12.0,112.0,0.0
8.65454,0x220,0.0,0.0,1.0,6.25,1.44,0.1,16.28125,16.21875,16.0625,15.84375,-9.7,12.0,112.0,0.0
8.65768,0x2B0,0.0,0.0,1.0,6.25,1.44,0.1,16.28125,16.21875,16.0625,15.84375,-9.7,8.0,112.0,0.0
8.65884,0x386,0.0,0.0,1.0,6.25,1.44,0.1,16.0625,16.1875,15.75,15.90625,-9.7,8.0,112.0,0.0
8.65907,0x316,0.0,0.0,1.0,6.25,1.44,0.1,16.0625,16.1875,15.75,15.90625,-9.7,8.0,117.0,0.0
8.66456,0x220,0.0,0.0,1.0,6.25,1.63,-0.06,16.0625,16.1875,15.75,15.90625,-9.7,8.0,117.0,0.0
8.66766,0x2B0,0.0,0.0,1.0,6.25,1.63,-0.06,16.0625,16.1875,15.75,15.90625,-9.9,8.0,117.0,0.0
8.66896,0x316,0.0,0.0,1.0,6.25,1.63,-0.06,16.0625,16.1875,15.75,15.90625,-9.9,8.0,117.0,0.0
8.67454,0x220,0.0,0.0,1.0,6.25,1.71,-0.19,16.0625,16.1875,15.75,15.90625,-9.9,8.0,117.0,0.0
8.67786,0x2B0,0.0,0.0,1.0,6.25,1.71,-0.19,16.0625,16.1875,15.75,15.90625,-10.1,20.0,117.0,0.0
8.67883,0x386,0.0,0.0,1.0,6.25,1.71,-0.19,16.3125,16.21875,15.90625,15.84375,-10.1,20.0,117.0,0.0
8.67907,0x316,0.0,0.0,1.0,6.25,1.71,-0.19,16.3125,16.21875,15.90625,15.84375,-10.1,20.0,117.0,0.0
8.68456,0x220,0.0,0.0,1.0,6.25,1.56,-0.1,16.3125,16.21875,15.90625,15.84375,-10.1,20.0,117.0,0.0
8.68769,0x2B0,0.0,0.0,1.0,6.25,1.56,-0.1,16.3125,16.21875,15.90625,15.84375,-10.1,8.0,117.0,0.0
8.68876,0x316,0.0,0.0,1.0,6.25,1.56,-0.1,16.3125,16.21875,15.90625,15.84375,-10.1,8.0,117.0,0.0
8.69454,0x220,0.0,0.0,1.0,6.25,1.26,0.1,16.3125,16.21875,15.90625,15.84375,-10.1,8.0,117.0,0.0
8.69768,0x2B0,0.0,0.0,1.0,6.25,1.26,0.1,16.3125,16.21875,15.90625,15.84375,-10.4,12.0,117.0,0.0
8.69884,0x386,0.0,0.0,1.0,6.25,1.26,0.1,16.21875,16.125,15.78125,15.96875,-10.4,12.0,117.0,0.0
8.69907,0x316,0.0,0.0,1.0,6.25,1.26,0.1,16.21875,16.125,15.78125,15.96875,-10.4,12.0,117.0,0.0
8.70457,0x220,0.0,0.0,1.0,6.25,1.01,0.23,16.21875,16.125,15.78125,15.96875,-10.4,12.0,117.0,0.0
8.7077,0x2B0,0.0,0.0,1.0,6.25,1.01,0.23,16.21875,16.125,15.78125,15.96875,-10.6,24.0,117.0,0.0
8.70878,0x316,0.0,0.0,1.0,6.25,1.01,0.23,16.21875,16.125,15.78125,15.96875,-10.6,24.0,117.0,0.0
8.71453,0x220,0.0,0.0,1.0,6.25,0.89,0.14,16.21875,16.125,15.78125,15.96875,-10.6,24.0,117.0,0.0
8.7177,0x2B0,0.0,0.0,1.0,6.25,0.89,0.14,16.21875,16.125,15.78125,15.96875,-10.8,20.0,117.0,0.0
8.71883,0x386,0.0,0.0,1.0,6.25,0.89,0.14,16.28125,16.15625,15.65625,15.90625,-10.8,20.0,117.0,0.0
8.71907,0x316,0.0,0.0,1.0,6.25,0.89,0.14,16.28125,16.15625,15.65625,15.90625,-10.8,20.0,117.0,0.0
8.72456,0x220,0.0,0.0,1.0,6.25,0.82,0.07,16.28125,16.15625,15.65625,15.90625,-10.8,20.0,117.0,0.0
8.72771,0x2B0,0.0,0.0,1.0,6.25,0.82,0.07,16.28125,16.15625,15.65625,15.90625,-10.9,12.0,117.0,0.0
8.72876,0x316,0.0,0.0,1.0,6.25,0.82,0.07,16.28125,16.15625,15.65625,15.90625,-10.9,12.0,117.0,0.0
8.73453,0x220,0.0,0.0,1.0,6.25,0.82,0.11,16.28125,16.15625,15.65625,15.90625,-10.9,12.0,117.0,0.0
8.73773,0x2B0,0.0,0.0,1.0,6.25,0.82,0.11,16.28125,16.15625,15.65625,15.90625,-11.2,20.0,117.0,0.0
8.73884,0x386,0.0,0.0,1.0,6.25,0.82,0.11,16.25,16.09375,15.8125,15.625,-11.2,20.0,117.0,0.0
8.73907,0x316,0.0,0.0,1.0,6.25,0.82,0.11,16.25,16.09375,15.8125,15.625,-11.2,20.0,117.0,0.0
8.74456,0x220,0.0,0.0,1.0,6.25,1.0,0.24,16.25,16.09375,15.8125,15.625,-11.2,20.0,117.0,0.0
8.74771,0x2B0,0.0,0.0,1.0,6.25,1.0,0.24,16.25,16.09375,15.8125,15.625,-11.3,20.0,117.0,0.0
8.74893,0x316,0.0,0.0,1.0,6.25,1.0,0.24,16.25,16.09375,15.8125,15.625,-11.3,20.0,117.0,0.0
8.75454,0x220,0.0,0.0,1.0,6.25,1.3,0.26,16.25,16.09375,15.8125,15.625,-11.3,20.0,117.0,0.0
8.75769,0x2B0,0.0,0.0,1.0,6.25,1.3,0.26,16.25,16.09375,15.8125,15.625,-11.6,20.0,117.0,0.0
8.75883,0x316,0.0,0.0,1.0,6.25,1.3,0.26,16.25,16.09375,15.8125,15.625,-11.6,20.0,119.0,0.0
8.7593,0x386,0.0,0.0,1.0,6.25,1.3,0.26,16.21875,16.25,15.34375,15.625,-11.6,20.0,119.0,0.0
8.76456,0x220,0.0,0.0,1.0,6.25,1.55,0.18,16.21875,16.25,15.34375,15.625,-11.6,20.0,119.0,0.0
8.76771,0x2B0,0.0,0.0,1.0,6.25,1.55,0.18,16.21875,16.25,15.34375,15.625,-11.7,20.0,119.0,0.0
8.76892,0x316,0.0,0.0,1.0,6.25,1.55,0.18,16.21875,16.25,15.34375,15.625,-11.7,20.0,122.0,0.0
8.77454,0x220,0.0,0.0,1.0,6.25,1.64,0.09,16.21875,16.25,15.34375,15.625,-11.7,20.0,122.0,0.0
8.77785,0x2B0,0.0,0.0,1.0,6.25,1.64,0.09,16.21875,16.25,15.34375,15.625,-12.0,20.0,122.0,0.0
8.77884,0x386,0.0,0.0,1.0,6.25,1.64,0.09,16.28125,16.15625,15.21875,15.5625,-12.0,20.0,122.0,0.0
8.77908,0x316,0.0,0.0,1.0,6.25,1.64,0.09,16.28125,16.15625,15.21875,15.5625,-12.0,20.0,122.0,0.0
8.78458,0x220,0.0,0.0,1.0,6.25,1.59,0.03,16.28125,16.15625,15.21875,15.5625,-12.0,20.0,122.0,0.0
8.78772,0x2B0,0.0,0.0,1.0,6.25,1.59,0.03,16.28125,16.15625,15.21875,15.5625,-12.1,20.0,122.0,0.0
8.78881,0x316,0.0,0.0,1.0,6.25,1.59,0.03,16.28125,16.15625,15.21875,15.5625,-12.1,20.0,124.0,0.0
8.79454,0x220,0.0,0.0,1.0,6.25,1.53,0.0,16.28125,16.15625,15.21875,15.5625,-12.1,20.0,124.0,0.0
8.79773,0x2B0,0.0,0.0,1.0,6.25,1.53,0.0,16.28125,16.15625,15.21875,15.5625,-12.4,20.0,124.0,0.0
8.79884,0x316,0.0,0.0,1.0,6.25,1.53,0.0,16.28125,16.15625,15.21875,15.5625,-12.4,20.0,124.0,0.0
8.79931,0x386,0.0,0.0,1.0,6.25,1.53,0.0,16.25,16.25,15.5,15.59375,-12.4,20.0,124.0,0.0
8.80457,0x220,0.0,0.0,1.0,6.25,1.52,0.0,16.25,16.25,15.5,15.59375,-12.4,20.0,124.0,0.0
8.80774,0x2B0,0.0,0.0,1.0,6.25,1.52,0.0,16.25,16.25,15.5,15.59375,-12.4,12.0,124.0,0.0
8.80876,0x316,0.0,0.0,1.0,6.25,1.52,0.0,16.25,16.25,15.5,15.59375,-12.4,12.0,124.0,0.0
8.81455,0x220,0.0,0.0,1.0,6.25,1.6,0.0,16.25,16.25,15.5,15.59375,-12.4,12.0,124.0,0.0
8.81774,0x2B0,0.0,0.0,1.0,6.25,1.6,0.0,16.25,16.25,15.5,15.59375,-12.6,8.0,124.0,0.0
8.81884,0x386,0.0,0.0,1.0,6.25,1.6,0.0,16.1875,16.0625,15.5625,15.625,-12.6,8.0,124.0,0.0
8.81908,0x316,0.0,0.0,1.0,6.25,1.6,0.0,16.1875,16.0625,15.5625,15.625,-12.6,8.0,124.0,0.0
8.82458,0x220,0.0,0.0,1.0,6.25,1.83,0.0,16.1875,16.0625,15.5625,15.625,-12.6,8.0,124.0,0.0
8.82771,0x2B0,0.0,0.0,1.0,6.25,1.83,0.0,16.1875,16.0625,15.5625,15.625,-12.8,20.0,124.0,0.0
8.82883,0x316,0.0,0.0,1.0,6.25,1.83,0.0,16.1875,16.0625,15.5625,15.625,-12.8,20.0,122.0,0.0
8.83454,0x220,0.0,0.0,1.0,6.25,2.13,0.0,16.1875,16.0625,15.5625,15.625,-12.8,20.0,122.0,0.0
8.83767,0x2B0,0.0,0.0,1.0,6.25,2.13,0.0,16.1875,16.0625,15.5625,15.625,-13.0,20.0,122.0,0.0
8.83884,0x386,0.0,0.0,1.0,6.25,2.13,0.0,16.125,16.09375,15.5625,15.75,-13.0,20.0,122.0,0.0
8.83907,0x316,0.0,0.0,1.0,6.25,2.13,0.0,16.125,16.09375,15.5625,15.75,-13.0,20.0,119.0,0.0
8.84456,0x220,0.0,0.0,1.0,6.25,2.36,-0.01,16.125,16.09375,15.5625,15.75,-13.0,20.0,119.0,0.0
8.84769,0x2B0,0.0,0.0,1.0,6.25,2.36,-0.01,16.125,16.09375,15.5625,15.75,-13.0,8.0,119.0,0.0
8.84887,0x316,0.0,0.0,1.0,6.25,2.36,-0.01,16.125,16.09375,15.5625,15.75,-13.0,8.0,119.0,0.0
8.85454,0x220,0.0,0.0,1.0,6.25,2.41,-0.22,16.125,16.09375,15.5625,15.75,-13.0,8.0,119.0,0.0
8.85767,0x2B0,0.0,0.0,1.0,6.25,2.41,-0.22,16.125,16.09375,15.5625,15.75,-13.2,8.0,119.0,0.0
8.85884,0x386,0.0,0.0,1.0,6.25,2.41,-0.22,16.0625,16.0625,15.5,15.6875,-13.2,8.0,119.0,0.0
8.85908,0x316,0.0,0.0,1.0,6.25,2.41,-0.22,16.0625,16.0625,15.5,15.6875,-13.2,8.0,119.0,0.0
8.86458,0x220,0.0,0.0,1.0,6.25,2.38,-0.45,16.0625,16.0625,15.5,15.6875,-13.2,8.0,119.0,0.0
8.86769,0x2B0,0.0,0.0,1.0,6.25,2.38,-0.45,16.0625,16.0625,15.5,15.6875,-13.2,8.0,119.0,0.0
8.86899,0x316,0.0,0.0,1.0,6.25,2.38,-0.45,16.0625,16.0625,15.5,15.6875,-13.2,8.0,117.0,0.0
8.87453,0x220,0.0,0.0,1.0,6.25,2.28,-0.51,16.0625,16.0625,15.5,15.6875,-13.2,8.0,117.0,0.0
8.87787,0x2B0,0.0,0.0,1.0,6.25,2.28,-0.51,16.0625,16.0625,15.5,15.6875,-13.5,12.0,117.0,0.0
8.87884,0x386,0.0,0.0,1.0,6.25,2.28,-0.51,16.03125,16.1875,15.46875,15.6875,-13.5,12.0,117.0,0.0
8.87908,0x316,0.0,0.0,1.0,6.25,2.28,-0.51,16.03125,16.1875,15.46875,15.6875,-13.5,12.0,117.0,0.0
8.88457,0x220,0.0,0.0,1.0,6.25,2.15,-0.52,16.03125,16.1875,15.46875,15.6875,-13.5,12.0,117.0,0.0
8.88771,0x2B0,0.0,0.0,1.0,6.25,2.15,-0.52,16.03125,16.1875,15.46875,15.6875,-13.5,12.0,117.0,0.0
8.88876,0x316,0.0,0.0,1.0,6.25,2.15,-0.52,16.03125,16.1875,15.46875,15.6875,-13.5,12.0,119.0,0.0
8.89454,0x220,0.0,0.0,1.0,6.25,2.07,-0.54,16.03125,16.1875,15.46875,15.6875,-13.5,12.0,119.0,0.0
8.89769,0x2B0,0.0,0.0,1.0,6.25,2.07,-0.54,16.03125,16.1875,15.46875,15.6875,-13.7,8.0,119.0,0.0
8.89885,0x386,0.0,0.0,1.0,6.25,2.07,-0.54,16.0625,16.0,15.40625,15.59375,-13.7,8.0,119.0,0.0
8.89908,0x316,0.0,0.0,1.0,6.25,2.07,-0.54,16.0625,16.0,15.40625,15.59375,-13.7,8.0,119.0,0.0
8.90457,0x220,0.0,0.0,1.0,6.25,2.04,-0.51,16.0625,16.0,15.40625,15.59375,-13.7,8.0,119.0,0.0
8.90772,0x2B0,0.0,0.0,1.0,6.25,2.04,-0.51,16.0625,16.0,15.40625,15.59375,-13.7,8.0,119.0,0.0
8.90881,0x316,0.0,0.0,1.0,6.25,2.04,-0.51,16.0625,16.0,15.40625,15.59375,-13.7,8.0,122.0,0.0
8.91454,0x220,0.0,0.0,1.0,6.25,2.0,-0.46,16.0625,16.0,15.40625,15.59375,-13.7,8.0,122.0,0.0
8.9177,0x2B0,0.0,0.0,1.0,6.25,2.0,-0.46,16.0625,16.0,15.40625,15.59375,-13.8,0.0,122.0,0.0
8.91884,0x316,0.0,0.0,1.0,6.25,2.0,-0.46,16.0625,16.0,15.40625,15.59375,-13.8,0.0,122.0,0.0
8.91932,0x386,0.0,0.0,1.0,6.25,2.0,-0.46,16.1875,16.1875,15.34375,15.53125,-13.8,0.0,122.0,0.0
8.92458,0x220,0.0,0.0,1.0,6.25,1.92,-0.48,16.1875,16.1875,15.34375,15.53125,-13.8,0.0,122.0,0.0
8.92768,0x2B0,0.0,0.0,1.0,6.25,1.92,-0.48,16.1875,16.1875,15.34375,15.53125,-13.8,0.0,122.0,0.0
8.92876,0x316,0.0,0.0,1.0,6.25,1.92,-0.48,16.1875,16.1875,15.34375,15.53125,-13.8,0.0,122.0,0.0
8.93454,0x220,0.0,0.0,1.0,6.25,1.82,-0.57,16.1875,16.1875,15.34375,15.53125,-13.8,0.0,122.0,0.0
8.93771,0x2B0,0.0,0.0,1.0,6.25,1.82,-0.57,16.1875,16.1875,15.34375,15.53125,-13.9,0.0,122.0,0.0
8.93885,0x386,0.0,0.0,1.0,6.25,1.82,-0.57,16.1875,16.1875,15.3125,15.34375,-13.9,0.0,122.0,0.0
8.93908,0x316,0.0,0.0,1.0,6.25,1.82,-0.57,16.1875,16.1875,15.3125,15.34375,-13.9,0.0,122.0,0.0
8.94456,0x220,0.0,0.0,1.0,6.25,1.66,-0.61,16.1875,16.1875,15.3125,15.34375,-13.9,0.0,122.0,0.0
8.94771,0x2B0,0.0,0.0,1.0,6.25,1.66,-0.61,16.1875,16.1875,15.3125,15.34375,-13.9,0.0,122.0,0.0
8.94895,0x316,0.0,0.0,1.0,6.25,1.66,-0.61,16.1875,16.1875,15.3125,15.34375,-13.9,0.0,122.0,0.0
8.95454,0x220,0.0,0.0,1.0,6.25,1.52,-0.56,16.1875,16.1875,15.3125,15.34375,-13.9,0.0,122.0,0.0
8.95769,0x2B0,0.0,0.0,1.0,6.25,1.52,-0.56,16.1875,16.1875,15.3125,15.34375,-13.9,0.0,122.0,0.0
8.95883,0x316,0.0,0.0,1.0,6.25,1.52,-0.56,16.1875,16.1875,15.3125,15.34375,-13.9,0.0,119.0,0.0
8.95931,0x386,0.0,0.0,1.0,6.25,1.52,-0.56,16.15625,15.96875,15.1875,15.53125,-13.9,0.0,119.0,0.0
8.96455,0x220,0.0,0.0,1.0,6.25,1.51,-0.53,16.15625,15.96875,15.1875,15.53125,-13.9,0.0,119.0,0.0
8.9677,0x2B0,0.0,0.0,1.0,6.25,1.51,-0.53,16.15625,15.96875,15.1875,15.53125,-14.0,0.0,119.0,0.0
8.96892,0x316,0.0,0.0,1.0,6.25,1.51,-0.53,16.15625,15.96875,15.1875,15.53125,-14.0,0.0,117.0,0.0
8.97455,0x220,0.0,0.0,1.0,6.25,1.62,-0.5,16.15625,15.96875,15.1875,15.53125,-14.0,0.0,117.0,0.0
8.97765,0x2B0,0.0,0.0,1.0,6.25,1.62,-0.5,16.15625,15.96875,15.1875,15.53125,-14.0,0.0,117.0,0.0
8.97885,0x386,0.0,0.0,1.0,6.25,1.62,-0.5,16.09375,16.28125,15.40625,15.59375,-14.0,0.0,117.0,0.0
8.97908,0x316,0.0,0.0,1.0,6.25,1.62,-0.5,16.09375,16.28125,15.40625,15.59375,-14.0,0.0,114.0,0.0
8.98457,0x220,0.0,0.0,1.0,6.25,1.76,-0.45,16.09375,16.28125,15.40625,15.59375,-14.0,0.0,114.0,0.0
8.98765,0x2B0,0.0,0.0,1.0,6.25,1.76,-0.45,16.09375,16.28125,15.40625,15.59375,-14.0,0.0,114.0,0.0
8.9888,0x316,0.0,0.0,1.0,6.25,1.76,-0.45,16.09375,16.28125,15.40625,15.59375,-14.0,0.0,109.0,0.0
8.99454,0x220,0.0,0.0,1.0,6.25,1.79,-0.28,16.09375,16.28125,15.40625,15.59375,-14.0,0.0,109.0,0.0
8.99765,0x2B0,0.0,0.0,1.0,6.25,1.79,-0.28,16.09375,16.28125,15.40625,15.59375,-14.0,0.0,109.0,0.0
8.99883,0x316,0.0,0.0,1.0,6.25,1.79,-0.28,16.09375,16.28125,15.40625,15.59375,-14.0,0.0,109.0,0.0
8.9993,0x386,0.0,0.0,1.0,6.25,1.79,-0.28,16.0,16.09375,15.625,15.25,-14.0,0.0,109.0,0.0
9.00458,0x220,0.0,0.0,1.0,6.25,1.77,0.0,16.0,16.09375,15.625,15.25,-14.0,0.0,109.0,0.0
9.00764,0x2B0,0.0,0.0,1.0,6.25,1.77,0.0,16.0,16.09375,15.625,15.25,-14.0,0.0,109.0,0.0
9.00876,0x316,0.0,0.0,1.0,6.25,1.77,0.0,16.0,16.09375,15.625,15.25,-14.0,0.0,107.0,0.0
9.01454,0x220,0.0,0.0,1.0,6.25,1.83,0.14,16.0,16.09375,15.625,15.25,-14.0,0.0,107.0,0.0
9.01764,0x2B0,0.0,0.0,1.0,6.25,1.83,0.14,16.0,16.09375,15.625,15.25,-14.0,0.0,107.0,0.0
9.01884,0x386,0.0,0.0,1.0,6.25,1.83,0.14,15.84375,16.09375,15.5625,15.3125,-14.0,0.0,107.0,0.0
9.01908,0x316,0.0,0.0,1.0,6.25,1.83,0.14,15.84375,16.09375,15.5625,15.3125,-14.0,0.0,107.0,0.0
9.02458,0x220,0.0,0.0,1.0,6.25,1.95,-0.06,15.84375,16.09375,15.5625,15.3125,-14.0,0.0,107.0,0.0
9.02764,0x2B0,0.0,0.0,1.0,6.25,1.95,-0.06,15.84375,16.09375,15.5625,15.3125,-14.0,0.0,107.0,0.0
9.02878,0x316,0.0,0.0,1.0,6.25,1.95,-0.06,15.84375,16.09375,15.5625,15.3125,-14.0,0.0,107.0,0.0
9.03455,0x220,0.0,0.0,1.0,6.25,2.0,-0.48,15.84375,16.09375,15.5625,15.3125,-14.0,0.0,107.0,0.0
9.03764,0x2B0,0.0,0.0,1.0,6.25,2.0,-0.48,15.84375,16.09375,15.5625,15.3125,-14.0,0.0,107.0,0.0
9.03885,0x386,0.0,0.0,1.0,6.25,2.0,-0.48,15.75,15.9375,15.5,15.125,-14.0,0.0,107.0,0.0
9.03909,0x316,0.0,0.0,1.0,6.25,2.0,-0.48,15.75,15.9375,15.5,15.125,-14.0,0.0,107.0,0.0
9.04456,0x220,0.0,0.0,1.0,6.25,1.9,-0.72,15.75,15.9375,15.5,15.125,-14.0,0.0,107.0,0.0
9.04765,0x2B0,0.0,0.0,1.0,6.25,1.9,-0.72,15.75,15.9375,15.5,15.125,-14.0,0.0,107.0,0.0
9.04889,0x316,0.0,0.0,1.0,6.25,1.9,-0.72,15.75,15.9375,15.5,15.125,-14.0,0.0,107.0,0.0
9.05454,0x220,0.0,0.0,1.0,6.25,1.71,-0.59,15.75,15.9375,15.5,15.125,-14.0,0.0,107.0,0.0
9.05765,0x2B0,0.0,0.0,1.0,6.25,1.71,-0.59,15.75,15.9375,15.5,15.125,-14.0,0.0,107.0,0.0
9.05885,0x386,0.0,0.0,1.0,6.25,1.71,-0.59,15.84375,15.75,15.59375,15.40625,-14.0,0.0,107.0,0.0
9.05909,0x316,0.0,0.0,1.0,6.25,1.71,-0.59,15.84375,15.75,15.59375,15.40625,-14.0,0.0,109.0,0.0
9.06457,0x220,0.0,0.0,1.0,6.25,1.5,-0.26,15.84375,15.75,15.59375,15.40625,-14.0,0.0,109.0,0.0
9.06764,0x2B0,0.0,0.0,1.0,6.25,1.5,-0.26,15.84375,15.75,15.59375,15.40625,-14.0,0.0,109.0,0.0
9.06897,0x316,0.0,0.0,1.0,6.25,1.5,-0.26,15.84375,15.75,15.59375,15.40625,-14.0,0.0,109.0,0.0
9.07455,0x220,0.0,0.0,1.0,6.25,1.32,-0.07,15.84375,15.75,15.59375,15.40625,-14.0,0.0,109.0,0.0
9.07767,0x2B0,0.0,0.0,1.0,6.25,1.32,-0.07,15.84375,15.75,15.59375,15.40625,-14.0,0.0,109.0,0.0
9.07886,0x386,0.0,0.0,1.0,6.25,1.32,-0.07,15.8125,15.875,15.65625,15.34375,-14.0,0.0,109.0,0.0
9.07909,0x316,0.0,0.0,1.0,6.25,1.32,-0.07,15.8125,15.875,15.65625,15.34375,-14.0,0.0,112.0,0.0
9.08458,0x220,0.0,0.0,1.0,6.25,1.18,-0.11,15.8125,15.875,15.65625,15.34375,-14.0,0.0,112.0,0.0
9.08764,0x2B0,0.0,0.0,1.0,6.25,1.18,-0.11,15.8125,15.875,15.65625,15.34375,-14.0,0.0,112.0,0.0
9.08876,0x316,0.0,0.0,1.0,6.25,1.18,-0.11,15.8125,15.875,15.65625,15.34375,-14.0,0.0,112.0,0.0
9.09454,0x220,0.0,0.0,1.0,6.25,1.11,-0.19,15.8125,15.875,15.65625,15.34375,-14.0,0.0,112.0,0.0
9.09764,0x2B0,0.0,0.0,1.0,6.25,1.11,-0.19,15.8125,15.875,15.65625,15.34375,-14.0,0.0,112.0,0.0
9.09885,0x386,0.0,0.0,1.0,6.25,1.11,-0.19,15.90625,15.78125,15.53125,15.375,-14.0,0.0,112.0,0.0
9.09909,0x316,0.0,0.0,1.0,6.25,1.11,-0.19,15.90625,15.78125,15.53125,15.375,-14.0,0.0,112.0,0.0
9.10459,0x220,0.0,0.0,1.0,6.25,1.1,-0.13,15.90625,15.78125,15.53125,15.375,-14.0,0.0,112.0,0.0
9.10769,0x2B0,0.0,0.0,1.0,6.25,1.1,-0.13,15.90625,15.78125,15.53125,15.375,-14.0,0.0,112.0,0.0
9.10879,0x316,0.0,0.0,1.0,6.25,1.1,-0.13,15.90625,15.78125,15.53125,15.375,-14.0,0.0,112.0,0.0
9.11455,0x220,0.0,0.0,1.0,6.25,1.14,0.03,15.90625,15.78125,15.53125,15.375,-14.0,0.0,112.0,0.0
9.11765,0x2B0,0.0,0.0,1.0,6.25,1.14,0.03,15.90625,15.78125,15.53125,15.375,-13.9,0.0,112.0,0.0
9.11886,0x386,0.0,0.0,1.0,6.25,1.14,0.03,15.90625,15.96875,15.5,15.5,-13.9,0.0,112.0,0.0
9.1191,0x316,0.0,0.0,1.0,6.25,1.14,0.03,15.90625,15.96875,15.5,15.5,-13.9,0.0,114.0,0.0
9.12458,0x220,0.0,0.0,1.0,6.25,1.14,0.19,15.90625,15.96875,15.5,15.5,-13.9,0.0,114.0,0.0
9.12772,0x2B0,0.0,0.0,1.0,6.25,1.14,0.19,15.90625,15.96875,15.5,15.5,-13.9,0.0,114.0,0.0
9.12877,0x316,0.0,0.0,1.0,6.25,1.14,0.19,15.90625,15.96875,15.5,15.5,-13.9,0.0,114.0,0.0
9.13456,0x220,0.0,0.0,1.0,6.25,1.03,0.32,15.90625,15.96875,15.5,15.5,-13.9,0.0,114.0,0.0
9.13765,0x2B0,0.0,0.0,1.0,6.25,1.03,0.32,15.90625,15.96875,15.5,15.5,-13.7,8.0,114.0,0.0
9.13885,0x386,0.0,0.0,1.0,6.25,1.03,0.32,15.9375,15.71875,15.53125,15.53125,-13.7,8.0,114.0,0.0
9.13909,0x316,0.0,0.0,1.0,6.25,1.03,0.32,15.9375,15.71875,15.53125,15.53125,-13.7,8.0,114.0,0.0
9.14456,0x220,0.0,0.0,1.0,6.25,0.87,0.48,15.9375,15.71875,15.53125,15.53125,-13.7,8.0,114.0,0.0
9.14766,0x2B0,0.0,0.0,1.0,6.25,0.87,0.48,15.9375,15.71875,15.53125,15.53125,-13.5,20.0,114.0,0.0
9.14895,0x316,0.0,0.0,1.0,6.25,0.87,0.48,15.9375,15.71875,15.53125,15.53125,-13.5,20.0,114.0,0.0
9.15455,0x220,0.0,0.0,1.0,6.25,0.64,0.57,15.9375,15.71875,15.53125,15.53125,-13.5,20.0,114.0,0.0
9.15769,0x2B0,0.0,0.0,1.0,6.25,0.64,0.57,15.9375,15.71875,15.53125,15.53125,-13.5,8.0,114.0,0.0
9.15885,0x316,0.0,0.0,1.0,6.25,0.64,0.57,15.9375,15.71875,15.53125,15.53125,-13.5,8.0,114.0,0.0
9.15932,0x386,0.0,0.0,1.0,6.25,0.64,0.57,15.84375,15.59375,15.5,15.6875,-13.5,8.0,114.0,0.0
9.16458,0x220,0.0,0.0,1.0,6.25,0.31,0.6,15.84375,15.59375,15.5,15.6875,-13.5,8.0,114.0,0.0
9.16763,0x2B0,0.0,0.0,1.0,6.25,0.31,0.6,15.84375,15.59375,15.5,15.6875,-13.2,12.0,114.0,0.0
9.16894,0x316,0.0,0.0,1.0,6.25,0.31,0.6,15.84375,15.59375,15.5,15.6875,-13.2,12.0,114.0,0.0
9.17455,0x220,0.0,0.0,1.0,6.25,-0.05,0.72,15.84375,15.59375,15.5,15.6875,-13.2,12.0,114.0,0.0
9.17768,0x2B0,0.0,0.0,1.0,6.25,-0.05,0.72,15.84375,15.59375,15.5,15.6875,-13.1,20.0,114.0,0.0
9.17885,0x386,0.0,0.0,1.0,6.25,-0.05,0.72,15.84375,16.0,15.53125,15.625,-13.1,20.0,114.0,0.0
9.17909,0x316,0.0,0.0,1.0,6.25,-0.05,0.72,15.84375,16.0,15.53125,15.625,-13.1,20.0,114.0,0.0
9.18459,0x220,0.0,0.0,1.0,6.25,-0.31,0.96,15.84375,16.0,15.53125,15.625,-13.1,20.0,114.0,0.0
9.18762,0x2B0,0.0,0.0,1.0,6.25,-0.31,0.96,15.84375,16.0,15.53125,15.625,-12.8,20.0,114.0,0.0
9.18883,0x316,0.0,0.0,1.0,6.25,-0.31,0.96,15.84375,16.0,15.53125,15.625,-12.8,20.0,117.0,0.0
9.19455,0x220,0.0,0.0,1.0,6.25,-0.24,1.18,15.84375,16.0,15.53125,15.625,-12.8,20.0,117.0,0.0
9.19768,0x2B0,0.0,0.0,1.0,6.25,-0.24,1.18,15.84375,16.0,15.53125,15.625,-12.6,24.0,117.0,0.0
9.19884,0x316,0.0,0.0,1.0,6.25,-0.24,1.18,15.84375,16.0,15.53125,15.625,-12.6,24.0,117.0,0.0
9.19931,0x386,0.0,0.0,1.0,6.25,-0.24,1.18,16.0,15.625,15.59375,15.53125,-12.6,24.0,117.0,0.0
9.20458,0x220,0.0,0.0,1.0,6.25,0.19,1.32,16.0,15.625,15.59375,15.53125,-12.6,24.0,117.0,0.0
9.20766,0x2B0,0.0,0.0,1.0,6.25,0.19,1.32,16.0,15.625,15.59375,15.53125,-12.3,24.0,117.0,0.0
9.2088,0x316,0.0,0.0,1.0,6.25,0.19,1.32,16.0,15.625,15.59375,15.53125,-12.3,24.0,117.0,0.0
9.21455,0x220,0.0,0.0,1.0,6.25,0.77,1.44,16.0,15.625,15.59375,15.53125,-12.3,24.0,117.0,0.0
9.21766,0x2B0,0.0,0.0,1.0,6.25,0.77,1.44,16.0,15.625,15.59375,15.53125,-12.0,28.0,117.0,0.0
9.21885,0x386,0.0,0.0,1.0,6.25,0.77,1.44,15.90625,15.90625,15.40625,15.65625,-12.0,28.0,117.0,0.0
9.21909,0x316,0.0,0.0,1.0,6.25,0.77,1.44,15.90625,15.90625,15.40625,15.65625,-12.0,28.0,119.0,0.0
9.22459,0x220,0.0,0.0,1.0,6.25,1.27,1.5,15.90625,15.90625,15.40625,15.65625,-12.0,28.0,119.0,0.0
9.22768,0x2B0,0.0,0.0,1.0,6.25,1.27,1.5,15.90625,15.90625,15.40625,15.65625,-11.7,28.0,119.0,0.0
9.22889,0x316,0.0,0.0,1.0,6.25,1.27,1.5,15.90625,15.90625,15.40625,15.65625,-11.7,28.0,122.0,0.0
9.23455,0x220,0.0,0.0,1.0,6.25,1.47,1.35,15.90625,15.90625,15.40625,15.65625,-11.7,28.0,122.0,0.0
9.23764,0x2B0,0.0,0.0,1.0,6.25,1.47,1.35,15.90625,15.90625,15.40625,15.65625,-11.4,28.0,122.0,0.0
9.23885,0x386,0.0,0.0,1.0,6.25,1.47,1.35,16.0,16.0625,15.21875,15.53125,-11.4,28.0,122.0,0.0
9.23909,0x316,0.0,0.0,1.0,6.25,1.47,1.35,16.0,16.0625,15.21875,15.53125,-11.4,28.0,124.0,0.0
9.24457,0x220,0.0,0.0,1.0,6.25,1.31,1.12,16.0,16.0625,15.21875,15.53125,-11.4,28.0,124.0,0.0
9.24767,0x2B0,0.0,0.0,1.0,6.25,1.31,1.12,16.0,16.0625,15.21875,15.53125,-11.1,28.0,124.0,0.0
9.24892,0x316,0.0,0.0,1.0,6.25,1.31,1.12,16.0,16.0625,15.21875,15.53125,-11.1,28.0,124.0,0.0
9.25455,0x220,0.0,0.0,1.0,6.25,0.94,1.11,16.0,16.0625,15.21875,15.53125,-11.1,28.0,124.0,0.0
9.25765,0x2B0,0.0,0.0,1.0,6.25,0.94,1.11,16.0,16.0625,15.21875,15.53125,-10.8,28.0,124.0,0.0
9.25886,0x386,0.0,0.0,1.0,6.25,0.94,1.11,16.09375,15.9375,14.65625,15.4375,-10.8,28.0,124.0,0.0
9.25909,0x316,0.0,0.0,1.0,6.25,0.94,1.11,16.09375,15.9375,14.65625,15.4375,-10.8,28.0,124.0,0.0
9.26459,0x220,0.0,0.0,1.0,6.25,0.71,1.25,16.09375,15.9375,14.65625,15.4375,-10.8,28.0,124.0,0.0
9.26763,0x2B0,0.0,0.0,1.0,6.25,0.71,1.25,16.09375,15.9375,14.65625,15.4375,-10.6,24.0,124.0,0.0
9.26905,0x316,0.0,0.0,1.0,6.25,0.71,1.25,16.09375,15.9375,14.65625,15.4375,-10.6,24.0,127.0,0.0
9.27456,0x220,0.0,0.0,1.0,6.25,0.87,1.08,16.09375,15.9375,14.65625,15.4375,-10.6,24.0,127.0,0.0
9.27768,0x2B0,0.0,0.0,1.0,6.25,0.87,1.08,16.09375,15.9375,14.65625,15.4375,-10.4,20.0,127.0,0.0
9.27886,0x386,0.0,0.0,1.0,6.25,0.87,1.08,15.96875,16.0625,14.59375,15.25,-10.4,20.0,127.0,0.0
9.2791,0x316,0.0,0.0,1.0,6.25,0.87,1.08,15.96875,16.0625,14.59375,15.25,-10.4,20.0,127.0,0.0
9.28459,0x220,0.0,0.0,1.0,6.25,1.31,0.65,15.96875,16.0625,14.59375,15.25,-10.4,20.0,127.0,0.0
9.28761,0x2B0,0.0,0.0,1.0,6.25,1.31,0.65,15.96875,16.0625,14.59375,15.25,-10.2,20.0,127.0,0.0
9.28878,0x316,0.0,0.0,1.0,6.25,1.31,0.65,15.96875,16.0625,14.59375,15.25,-10.2,20.0,130.0,0.0
9.29456,0x220,0.0,0.0,1.0,6.25,1.79,0.35,15.96875,16.0625,14.59375,15.25,-10.2,20.0,130.0,0.0
9.29759,0x2B0,0.0,0.0,1.0,6.25,1.79,0.35,15.96875,16.0625,14.59375,15.25,-10.2,8.0,130.0,0.0
9.29884,0x316,0.0,0.0,1.0,6.25,1.79,0.35,15.96875,16.0625,14.59375,15.25,-10.2,8.0,130.0,0.0
9.29931,0x386,0.0,0.0,1.0,6.25,1.79,0.35,16.0625,15.96875,14.9375,14.9375,-10.2,8.0,130.0,0.0
9.30458,0x220,0.0,0.0,1.0,6.25,2.04,0.58,16.0625,15.96875,14.9375,14.9375,-10.2,8.0,130.0,0.0
9.30761,0x2B0,0.0,0.0,1.0,6.25,2.04,0.58,16.0625,15.96875,14.9375,14.9375,-10.1,0.0,130.0,0.0
9.30888,0x316,0.0,0.0,1.0,6.25,2.04,0.58,16.0625,15.96875,14.9375,14.9375,-10.1,0.0,130.0,0.0
9.31455,0x220,0.0,0.0,1.0,6.25,2.17,1.04,16.0625,15.96875,14.9375,14.9375,-10.1,0.0,130.0,0.0
9.31759,0x2B0,0.0,0.0,1.0,6.25,2.17,1.04,16.0625,15.96875,14.9375,14.9375,-10.1,0.0,130.0,0.0
9.31886,0x386,0.0,0.0,1.0,6.25,2.17,1.04,16.03125,16.34375,15.25,15.46875,-10.1,0.0,130.0,0.0
9.3191,0x316,0.0,0.0,1.0,6.25,2.17,1.04,16.03125,16.34375,15.25,15.46875,-10.1,0.0,130.0,0.0
9.32458,0x220,0.0,0.0,1.0,6.25,2.36,1.13,16.03125,16.34375,15.25,15.46875,-10.1,0.0,130.0,0.0
9.32759,0x2B0,0.0,0.0,1.0,6.25,2.36,1.13,16.03125,16.34375,15.25,15.46875,-10.1,0.0,130.0,0.0
9.32878,0x316,0.0,0.0,1.0,6.25,2.36,1.13,16.03125,16.34375,15.25,15.46875,-10.1,0.0,130.0,0.0
9.33456,0x220,0.0,0.0,1.0,6.25,2.64,0.58,16.03125,16.34375,15.25,15.46875,-10.1,0.0,130.0,0.0
9.33766,0x2B0,0.0,0.0,1.0,6.25,2.64,0.58,16.03125,16.34375,15.25,15.46875,-10.1,0.0,130.0,0.0
9.33886,0x386,0.0,0.0,1.0,6.25,2.64,0.58,15.96875,16.0,15.25,15.71875,-10.1,0.0,130.0,0.0
9.3391,0x316,0.0,0.0,1.0,6.25,2.64,0.58,15.96875,16.0,15.25,15.71875,-10.1,0.0,130.0,0.0
9.34457,0x220,0.0,0.0,1.0,6.25,2.95,-0.14,15.96875,16.0,15.25,15.71875,-10.1,0.0,130.0,0.0
9.34765,0x2B0,0.0,0.0,1.0,6.25,2.95,-0.14,15.96875,16.0,15.25,15.71875,-10.1,0.0,130.0,0.0
9.34899,0x316,0.0,0.0,1.0,6.25,2.95,-0.14,15.96875,16.0,15.25,15.71875,-10.1,0.0,130.0,0.0
9.35455,0x220,0.0,0.0,1.0,6.25,3.31,-0.51,15.96875,16.0,15.25,15.71875,-10.1,0.0,130.0,0.0
9.35765,0x2B0,0.0,0.0,1.0,6.25,3.31,-0.51,15.96875,16.0,15.25,15.71875,-10.4,12.0,130.0,0.0
9.35886,0x386,0.0,0.0,1.0,6.25,3.31,-0.51,16.03125,16.09375,15.375,15.59375,-10.4,12.0,130.0,0.0
9.3591,0x316,0.0,0.0,1.0,6.25,3.31,-0.51,16.03125,16.09375,15.375,15.59375,-10.4,12.0,132.0,0.0
9.36458,0x220,0.0,0.0,1.0,6.25,3.59,-0.58,16.03125,16.09375,15.375,15.59375,-10.4,12.0,132.0,0.0
9.36767,0x2B0,0.0,0.0,1.0,6.25,3.59,-0.58,16.03125,16.09375,15.375,15.59375,-10.6,24.0,132.0,0.0
9.36896,0x316,0.0,0.0,1.0,6.25,3.59,-0.58,16.03125,16.09375,15.375,15.59375,-10.6,24.0,132.0,0.0
9.37456,0x220,0.0,0.0,1.0,6.25,3.6,-0.6,16.03125,16.09375,15.375,15.59375,-10.6,24.0,132.0,0.0
9.37768,0x2B0,0.0,0.0,1.0,6.25,3.6,-0.6,16.03125,16.09375,15.375,15.59375,-10.9,24.0,132.0,0.0
9.37886,0x386,0.0,0.0,1.0,6.25,3.6,-0.6,15.96875,16.09375,15.21875,15.65625,-10.9,24.0,132.0,0.0
9.3791,0x316,0.0,0.0,1.0,6.25,3.6,-0.6,15.96875,16.09375,15.21875,15.65625,-10.9,24.0,132.0,0.0
9.38459,0x220,0.0,0.0,1.0,6.25,3.3,-0.57,15.96875,16.09375,15.21875,15.65625,-10.9,24.0,132.0,0.0
9.3877,0x2B0,0.0,0.0,1.0,6.25,3.3,-0.57,15.96875,16.09375,15.21875,15.65625,-11.2,28.0,132.0,0.0
9.3888,0x316,0.0,0.0,1.0,6.25,3.3,-0.57,15.96875,16.09375,15.21875,15.65625,-11.2,28.0,132.0,0.0
9.39456,0x220,0.0,0.0,1.0,6.25,2.9,-0.44,15.96875,16.09375,15.21875,15.65625,-11.2,28.0,132.0,0.0
9.39767,0x2B0,0.0,0.0,1.0,6.25,2.9,-0.44,15.96875,16.09375,15.21875,15.65625,-11.5,28.0,132.0,0.0
9.39886,0x386,0.0,0.0,1.0,6.25,2.9,-0.44,15.96875,16.21875,15.34375,15.4375,-11.5,28.0,132.0,0.0
9.3991,0x316,0.0,0.0,1.0,6.25,2.9,-0.44,15.96875,16.21875,15.34375,15.4375,-11.5,28.0,132.0,0.0
9.40459,0x220,0.0,0.0,1.0,6.25,2.71,-0.38,15.96875,16.21875,15.34375,15.4375,-11.5,28.0,132.0,0.0
9.40766,0x2B0,0.0,0.0,1.0,6.25,2.71,-0.38,15.96875,16.21875,15.34375,15.4375,-11.9,32.0,132.0,0.0
9.40876,0x316,0.0,0.0,1.0,6.25,2.71,-0.38,15.96875,16.21875,15.34375,15.4375,-11.9,32.0,132.0,0.0
9.41456,0x220,0.0,0.0,1.0,6.25,2.83,-0.58,15.96875,16.21875,15.34375,15.4375,-11.9,32.0,132.0,0.0
9.41768,0x2B0,0.0,0.0,1.0,6.25,2.83,-0.58,15.96875,16.21875,15.34375,15.4375,-12.3,40.0,132.0,0.0
9.41883,0x316,0.0,0.0,1.0,6.25,2.83,-0.58,15.96875,16.21875,15.34375,15.4375,-12.3,40.0,132.0,0.0
9.4193,0x386,0.0,0.0,1.0,6.25,2.83,-0.58,15.96875,16.1875,15.40625,15.4375,-12.3,40.0,132.0,0.0
9.42459,0x220,0.0,0.0,1.0,6.25,3.1,-0.92,15.96875,16.1875,15.40625,15.4375,-12.3,40.0,132.0,0.0
9.42769,0x2B0,0.0,0.0,1.0,6.25,3.1,-0.92,15.96875,16.1875,15.40625,15.4375,-12.7,40.0,132.0,0.0
9.42883,0x316,0.0,0.0,1.0,6.25,3.1,-0.92,15.96875,16.1875,15.40625,15.4375,-12.7,40.0,132.0,0.0
9.43456,0x220,0.0,0.0,1.0,6.25,3.27,-1.1,15.96875,16.1875,15.40625,15.4375,-12.7,40.0,132.0,0.0
9.43764,0x2B0,0.0,0.0,1.0,6.25,3.27,-1.1,15.96875,16.1875,15.40625,15.4375,-13.1,40.0,132.0,0.0
9.43886,0x386,0.0,0.0,1.0,6.25,3.27,-1.1,16.09375,16.125,15.46875,15.625,-13.1,40.0,132.0,0.0
9.43934,0x316,0.0,0.0,1.0,6.25,3.27,-1.1,16.09375,16.125,15.46875,15.625,-13.1,40.0,132.0,0.0
9.44458,0x220,0.0,0.0,1.0,6.25,3.2,-0.97,16.09375,16.125,15.46875,15.625,-13.1,40.0,132.0,0.0
9.44764,0x2B0,0.0,0.0,1.0,6.25,3.2,-0.97,16.09375,16.125,15.46875,15.625,-13.5,40.0,132.0,0.0
9.44889,0x316,0.0,0.0,1.0,6.25,3.2,-0.97,16.09375,16.125,15.46875,15.625,-13.5,40.0,132.0,0.0
9.45455,0x220,0.0,0.0,1.0,6.25,2.94,-0.81,16.09375,16.125,15.46875,15.625,-13.5,40.0,132.0,0.0
9.45766,0x2B0,0.0,0.0,1.0,6.25,2.94,-0.81,16.09375,16.125,15.46875,15.625,-13.8,32.0,132.0,0.0
9.45883,0x316,0.0,0.0,1.0,6.25,2.94,-0.81,16.09375,16.125,15.46875,15.625,-13.8,32.0,132.0,0.0
9.4593,0x386,0.0,0.0,1.0,6.25,2.94,-0.81,16.28125,16.15625,15.59375,15.59375,-13.8,32.0,132.0,0.0
9.46459,0x220,0.0,0.0,1.0,6.25,2.52,-0.82,16.28125,16.15625,15.59375,15.59375,-13.8,32.0,132.0,0.0
9.46767,0x2B0,0.0,0.0,1.0,6.25,2.52,-0.82,16.28125,16.15625,15.59375,15.59375,-14.2,32.0,132.0,0.0
9.46898,0x316,0.0,0.0,1.0,6.25,2.52,-0.82,16.28125,16.15625,15.59375,15.59375,-14.2,32.0,132.0,0.0
9.47456,0x220,0.0,0.0,1.0,6.25,2.12,-0.98,16.28125,16.15625,15.59375,15.59375,-14.2,32.0,132.0,0.0
9.47768,0x2B0,0.0,0.0,1.0,6.25,2.12,-0.98,16.28125,16.15625,15.59375,15.59375,-14.6,40.0,132.0,0.0
9.47886,0x386,0.0,0.0,1.0,6.25,2.12,-0.98,16.21875,16.0625,15.71875,15.6875,-14.6,40.0,132.0,0.0
9.4791,0x316,0.0,0.0,1.0,6.25,2.12,-0.98,16.21875,16.0625,15.71875,15.6875,-14.6,40.0,132.0,0.0
9.48459,0x220,0.0,0.0,1.0,6.25,1.96,-1.12,16.21875,16.0625,15.71875,15.6875,-14.6,40.0,132.0,0.0
9.48766,0x2B0,0.0,0.0,1.0,6.25,1.96,-1.12,16.21875,16.0625,15.71875,15.6875,-14.9,32.0,132.0,0.0
9.48875,0x316,0.0,0.0,1.0,6.25,1.96,-1.12,16.21875,16.0625,15.71875,15.6875,-14.9,32.0,132.0,0.0
9.49456,0x220,0.0,0.0,1.0,6.25,1.97,-1.16,16.21875,16.0625,15.71875,15.6875,-14.9,32.0,132.0,0.0
9.49766,0x2B0,0.0,0.0,1.0,6.25,1.97,-1.16,16.21875,16.0625,15.71875,15.6875,-15.2,28.0,132.0,0.0
9.49882,0x316,0.0,0.0,1.0,6.25,1.97,-1.16,16.21875,16.0625,15.71875,15.6875,-15.2,28.0,132.0,0.0
9.4993,0x386,0.0,0.0,1.0,6.25,1.97,-1.16,16.0625,16.21875,15.8125,15.71875,-15.2,28.0,132.0,0.0
9.50459,0x220,0.0,0.0,1.0,6.25,2.06,-1.12,16.0625,16.21875,15.8125,15.71875,-15.2,28.0,132.0,0.0
9.50766,0x2B0,0.0,0.0,1.0,6.25,2.06,-1.12,16.0625,16.21875,15.8125,15.71875,-15.4,24.0,132.0,0.0
9.50875,0x316,0.0,0.0,1.0,6.25,2.06,-1.12,16.0625,16.21875,15.8125,15.71875,-15.4,24.0,132.0,0.0
9.51456,0x220,0.0,0.0,1.0,6.25,2.08,-0.97,16.0625,16.21875,15.8125,15.71875,-15.4,24.0,132.0,0.0
9.51766,0x2B0,0.0,0.0,1.0,6.25,2.08,-0.97,16.0625,16.21875,15.8125,15.71875,-15.7,24.0,132.0,0.0
9.51885,0x316,0.0,0.0,1.0,6.25,2.08,-0.97,16.0625,16.21875,15.8125,15.71875,-15.7,24.0,132.0,0.0
9.51932,0x386,0.0,0.0,1.0,6.25,2.08,-0.97,16.25,16.25,15.8125,15.625,-15.7,24.0,132.0,0.0
9.52459,0x220,0.0,0.0,1.0,6.25,1.99,-0.75,16.25,16.25,15.8125,15.625,-15.7,24.0,132.0,0.0
9.52766,0x2B0,0.0,0.0,1.0,6.25,1.99,-0.75,16.25,16.25,15.8125,15.625,-15.9,24.0,132.0,0.0
9.52875,0x316,0.0,0.0,1.0,6.25,1.99,-0.75,16.25,16.25,15.8125,15.625,-15.9,24.0,132.0,0.0
9.53456,0x220,0.0,0.0,1.0,6.25,1.8,-0.62,16.25,16.25,15.8125,15.625,-15.9,24.0,132.0,0.0
9.53762,0x2B0,0.0,0.0,1.0,6.25,1.8,-0.62,16.25,16.25,15.8125,15.625,-16.1,20.0,132.0,0.0
9.53887,0x386,0.0,0.0,1.0,6.25,1.8,-0.62,16.375,16.28125,15.84375,15.65625,-16.1,20.0,132.0,0.0
9.53911,0x316,0.0,0.0,1.0,6.25,1.8,-0.62,16.375,16.28125,15.84375,15.65625,-16.1,20.0,130.0,0.0
9.54458,0x220,0.0,0.0,1.0,6.25,1.41,-0.8,16.375,16.28125,15.84375,15.65625,-16.1,20.0,130.0,0.0
9.54763,0x2B0,0.0,0.0,1.0,6.25,1.41,-0.8,16.375,16.28125,15.84375,15.65625,-16.2,12.0,130.0,0.0
9.54892,0x316,0.0,0.0,1.0,6.25,1.41,-0.8,16.375,16.28125,15.84375,15.65625,-16.2,12.0,130.0,0.0
9.55456,0x220,0.0,0.0,1.0,6.25,0.83,-1.13,16.375,16.28125,15.84375,15.65625,-16.2,12.0,130.0,0.0
9.55763,0x2B0,0.0,0.0,1.0,6.25,0.83,-1.13,16.375,16.28125,15.84375,15.65625,-16.2,0.0,130.0,0.0
9.55885,0x316,0.0,0.0,1.0,6.25,0.83,-1.13,16.375,16.28125,15.84375,15.65625,-16.2,0.0,130.0,0.0
9.55932,0x386,0.0,0.0,1.0,6.25,0.83,-1.13,16.46875,16.3125,15.75,15.75,-16.2,0.0,130.0,0.0
9.56459,0x220,0.0,0.0,1.0,6.25,0.29,-1.22,16.46875,16.3125,15.75,15.75,-16.2,0.0,130.0,0.0
9.56762,0x2B0,0.0,0.0,1.0,6.25,0.29,-1.22,16.46875,16.3125,15.75,15.75,-16.3,0.0,130.0,0.0
9.56893,0x316,0.0,0.0,1.0,6.25,0.29,-1.22,16.46875,16.3125,15.75,15.75,-16.3,0.0,130.0,0.0
9.57457,0x220,0.0,0.0,1.0,6.25,-0.09,-0.94,16.46875,16.3125,15.75,15.75,-16.3,0.0,130.0,0.0
9.5777,0x2B0,0.0,0.0,1.0,6.25,-0.09,-0.94,16.46875,16.3125,15.75,15.75,-16.3,0.0,130.0,0.0
9.57886,0x316,0.0,0.0,1.0,6.25,-0.09,-0.94,16.46875,16.3125,15.75,15.75,-16.3,0.0,130.0,0.0
9.57933,0x386,0.0,0.0,1.0,6.25,-0.09,-0.94,16.53125,16.40625,15.625,15.90625,-16.3,0.0,130.0,0.0
9.58459,0x220,0.0,0.0,1.0,6.25,-0.14,-0.55,16.53125,16.40625,15.625,15.90625,-16.3,0.0,130.0,0.0
9.58756,0x2B0,0.0,0.0,1.0,6.25,-0.14,-0.55,16.53125,16.40625,15.625,15.90625,-16.3,0.0,130.0,0.0
9.58878,0x316,0.0,0.0,1.0,6.25,-0.14,-0.55,16.53125,16.40625,15.625,15.90625,-16.3,0.0,130.0,0.0
9.59457,0x220,0.0,0.0,1.0,6.25,0.15,-0.29,16.53125,16.40625,15.625,15.90625,-16.3,0.0,130.0,0.0
9.59756,0x2B0,0.0,0.0,1.0,6.25,0.15,-0.29,16.53125,16.40625,15.625,15.90625,-16.3,0.0,130.0,0.0
9.59887,0x386,0.0,0.0,1.0,6.25,0.15,-0.29,16.53125,16.46875,15.6875,15.75,-16.3,0.0,130.0,0.0
9.5991,0x316,0.0,0.0,1.0,6.25,0.15,-0.29,16.53125,16.46875,15.6875,15.75,-16.3,0.0,130.0,0.0
9.60459,0x220,0.0,0.0,1.0,6.25,0.57,-0.2,16.53125,16.46875,15.6875,15.75,-16.3,0.0,130.0,0.0
9.60756,0x2B0,0.0,0.0,1.0,6.25,0.57,-0.2,16.53125,16.46875,15.6875,15.75,-16.3,0.0,130.0,0.0
9.60876,0x316,0.0,0.0,1.0,6.25,0.57,-0.2,16.53125,16.46875,15.6875,15.75,-16.3,0.0,127.0,0.0
9.61457,0x220,0.0,0.0,1.0,6.25,0.97,-0.12,16.53125,16.46875,15.6875,15.75,-16.3,0.0,127.0,0.0
9.61756,0x2B0,0.0,0.0,1.0,6.25,0.97,-0.12,16.53125,16.46875,15.6875,15.75,-16.3,0.0,127.0,0.0
9.61885,0x316,0.0,0.0,1.0,6.25,0.97,-0.12,16.53125,16.46875,15.6875,15.75,-16.3,0.0,124.0,0.0
9.61932,0x386,0.0,0.0,1.0,6.25,0.97,-0.12,16.71875,16.5,15.59375,15.625,-16.3,0.0,124.0,0.0
9.6246,0x220,0.0,0.0,1.0,6.25,1.2,0.02,16.71875,16.5,15.59375,15.625,-16.3,0.0,124.0,0.0
9.62761,0x2B0,0.0,0.0,1.0,6.25,1.2,0.02,16.71875,16.5,15.59375,15.625,-16.1,8.0,124.0,0.0
9.62877,0x316,0.0,0.0,1.0,6.25,1.2,0.02,16.71875,16.5,15.59375,15.625,-16.1,8.0,119.0,0.0
9.63457,0x220,0.0,0.0,1.0,6.25,1.28,0.2,16.71875,16.5,15.59375,15.625,-16.1,8.0,119.0,0.0
9.63762,0x2B0,0.0,0.0,1.0,6.25,1.28,0.2,16.71875,16.5,15.59375,15.625,-16.0,12.0,119.0,0.0
9.63887,0x386,0.0,0.0,1.0,6.25,1.28,0.2,16.6875,16.46875,15.5625,15.40625,-16.0,12.0,119.0,0.0
9.6391,0x316,0.0,0.0,1.0,6.25,1.28,0.2,16.6875,16.46875,15.5625,15.40625,-16.0,12.0,114.0,0.0
9.64458,0x220,0.0,0.0,1.0,6.25,1.27,0.28,16.6875,16.46875,15.5625,15.40625,-16.0,12.0,114.0,0.0
9.64763,0x2B0,0.0,0.0,1.0,6.25,1.27,0.28,16.6875,16.46875,15.5625,15.40625,-15.8,12.0,114.0,0.0
9.64891,0x316,0.0,0.0,1.0,6.25,1.27,0.28,16.6875,16.46875,15.5625,15.40625,-15.8,12.0,114.0,0.0
9.65456,0x220,0.0,0.0,1.0,6.25,1.23,0.26,16.6875,16.46875,15.5625,15.40625,-15.8,12.0,114.0,0.0
9.65763,0x2B0,0.0,0.0,1.0,6.25,1.23,0.26,16.6875,16.46875,15.5625,15.40625,-15.7,12.0,114.0,0.0
9.65885,0x316,0.0,0.0,1.0,6.25,1.23,0.26,16.6875,16.46875,15.5625,15.40625,-15.7,12.0,104.0,0.0
9.65932,0x386,0.0,0.0,1.0,6.25,1.23,0.26,16.5,16.46875,15.1875,14.9375,-15.7,12.0,104.0,0.0
9.66461,0x220,0.0,0.0,1.0,6.25,1.27,0.2,16.5,16.46875,15.1875,14.9375,-15.7,12.0,104.0,0.0
9.66763,0x2B0,0.0,0.0,1.0,6.25,1.27,0.2,16.5,16.46875,15.1875,14.9375,-15.5,12.0,104.0,0.0
9.66892,0x316,0.0,0.0,1.0,6.25,1.27,0.2,16.5,16.46875,15.1875,14.9375,-15.5,12.0,101.0,0.0
9.67457,0x220,0.0,0.0,1.0,6.25,1.39,0.22,16.5,16.46875,15.1875,14.9375,-15.5,12.0,101.0,0.0
9.67769,0x2B0,0.0,0.0,1.0,6.25,1.39,0.22,16.5,16.46875,15.1875,14.9375,-15.3,20.0,101.0,0.0
9.67886,0x386,0.0,0.0,1.0,6.25,1.39,0.22,16.5,16.5,15.1875,15.4375,-15.3,20.0,101.0,0.0
9.6791,0x316,0.0,0.0,1.0,6.25,1.39,0.22,16.5,16.5,15.1875,15.4375,-15.3,20.0,99.0,0.0
9.6846,0x220,0.0,0.0,1.0,6.25,1.61,0.35,16.5,16.5,15.1875,15.4375,-15.3,20.0,99.0,0.0
9.68764,0x2B0,0.0,0.0,1.0,6.25,1.61,0.35,16.5,16.5,15.1875,15.4375,-15.2,12.0,99.0,0.0
9.68882,0x316,0.0,0.0,1.0,6.25,1.61,0.35,16.5,16.5,15.1875,15.4375,-15.2,12.0,96.0,0.0
9.69456,0x220,0.0,0.0,1.0,6.25,1.83,0.52,16.5,16.5,15.1875,15.4375,-15.2,12.0,96.0,0.0
9.69763,0x2B0,0.0,0.0,1.0,6.25,1.83,0.52,16.5,16.5,15.1875,15.4375,-15.0,12.0,96.0,0.0
9.69882,0x316,0.0,0.0,1.0,6.25,1.83,0.52,16.5,16.5,15.1875,15.4375,-15.0,12.0,94.0,0.0
9.6993,0x386,0.0,0.0,1.0,6.25,1.83,0.52,16.375,16.4375,15.53125,15.84375,-15.0,12.0,94.0,0.0
9.70461,0x220,0.0,0.0,1.0,6.25,1.98,0.66,16.375,16.4375,15.53125,15.84375,-15.0,12.0,94.0,0.0
9.70767,0x2B0,0.0,0.0,1.0,6.25,1.98,0.66,16.375,16.4375,15.53125,15.84375,-15.0,8.0,94.0,0.0
9.70875,0x316,0.0,0.0,1.0,6.25,1.98,0.66,16.375,16.4375,15.53125,15.84375,-15.0,8.0,91.0,0.0
9.71457,0x220,0.0,0.0,1.0,6.25,2.04,0.77,16.375,16.4375,15.53125,15.84375,-15.0,8.0,91.0,0.0
9.71761,0x2B0,0.0,0.0,1.0,6.25,2.04,0.77,16.375,16.4375,15.53125,15.84375,-14.7,12.0,91.0,0.0
9.71887,0x316,0.0,0.0,1.0,6.25,2.04,0.77,16.375,16.4375,15.53125,15.84375,-14.7,12.0,91.0,0.0
9.71934,0x386,0.0,0.0,1.0,6.25,2.04,0.77,16.3125,16.3125,15.59375,15.5625,-14.7,12.0,91.0,0.0
9.7246,0x220,0.0,0.0,1.0,6.25,2.07,0.68,16.3125,16.3125,15.59375,15.5625,-14.7,12.0,91.0,0.0
9.72761,0x2B0,0.0,0.0,1.0,6.25,2.07,0.68,16.3125,16.3125,15.59375,15.5625,-14.5,24.0,91.0,0.0
9.72882,0x316,0.0,0.0,1.0,6.25,2.07,0.68,16.3125,16.3125,15.59375,15.5625,-14.5,24.0,89.0,0.0
9.73457,0x220,0.0,0.0,1.0,6.25,2.12,0.5,16.3125,16.3125,15.59375,15.5625,-14.5,24.0,89.0,0.0
9.73762,0x2B0,0.0,0.0,1.0,6.25,2.12,0.5,16.3125,16.3125,15.59375,15.5625,-14.3,20.0,89.0,0.0
9.73887,0x386,0.0,0.0,1.0,6.25,2.12,0.5,16.15625,16.15625,15.46875,15.4375,-14.3,20.0,89.0,0.0
9.73911,0x316,0.0,0.0,1.0,6.25,2.12,0.5,16.15625,16.15625,15.46875,15.4375,-14.3,20.0,86.0,0.0
9.7446,0x220,0.0,0.0,1.0,6.25,2.13,0.42,16.15625,16.15625,15.46875,15.4375,-14.3,20.0,86.0,0.0
9.74763,0x2B0,0.0,0.0,1.0,6.25,2.13,0.42,16.15625,16.15625,15.46875,15.4375,-14.1,20.0,86.0,0.0
9.74888,0x316,0.0,0.0,1.0,6.25,2.13,0.42,16.15625,16.15625,15.46875,15.4375,-14.1,20.0,86.0,0.0
9.75457,0x220,0.0,0.0,1.0,6.25,2.15,0.47,16.15625,16.15625,15.46875,15.4375,-14.1,20.0,86.0,0.0
9.75761,0x2B0,0.0,0.0,1.0,6.25,2.15,0.47,16.15625,16.15625,15.46875,15.4375,-13.8,24.0,86.0,0.0
9.75886,0x316,0.0,0.0,1.0,6.25,2.15,0.47,16.15625,16.15625,15.46875,15.4375,-13.8,24.0,79.0,0.0
9.75933,0x386,0.0,0.0,1.0,6.25,2.15,0.47,16.0625,16.25,15.59375,15.09375,-13.8,24.0,79.0,0.0
9.76462,0x220,0.0,0.0,1.0,6.25,2.14,0.63,16.0625,16.25,15.59375,15.09375,-13.8,24.0,79.0,0.0
9.76761,0x2B0,0.0,0.0,1.0,6.25,2.14,0.63,16.0625,16.25,15.59375,15.09375,-13.5,28.0,79.0,0.0
9.76899,0x316,0.0,0.0,1.0,6.25,2.14,0.63,16.0625,16.25,15.59375,15.09375,-13.5,28.0,76.0,0.0
9.77457,0x220,0.0,0.0,1.0,6.25,2.15,0.62,16.0625,16.25,15.59375,15.09375,-13.5,28.0,76.0,0.0
9.77776,0x2B0,0.0,0.0,1.0,6.25,2.15,0.62,16.0625,16.25,15.59375,15.09375,-13.5,12.0,76.0,0.0
9.77885,0x316,0.0,0.0,1.0,6.25,2.15,0.62,16.0625,16.25,15.59375,15.09375,-13.5,12.0,73.0,0.0
9.77933,0x386,0.0,0.0,1.0,6.25,2.15,0.62,15.96875,15.96875,15.34375,15.34375,-13.5,12.0,73.0,0.0
9.78461,0x220,0.0,0.0,1.0,6.25,2.17,0.32,15.96875,15.96875,15.34375,15.34375,-13.5,12.0,73.0,0.0
9.7876,0x2B0,0.0,0.0,1.0,6.25,2.17,0.32,15.96875,15.96875,15.34375,15.34375,-13.1,20.0,73.0,0.0
9.78875,0x316,0.0,0.0,1.0,6.25,2.17,0.32,15.96875,15.96875,15.34375,15.34375,-13.1,20.0,73.0,0.0
9.79457,0x220,0.0,0.0,1.0,6.25,2.07,-0.06,15.96875,15.96875,15.34375,15.34375,-13.1,20.0,73.0,0.0
9.7976,0x2B0,0.0,0.0,1.0,6.25,2.07,-0.06,15.96875,15.96875,15.34375,15.34375,-12.9,28.0,73.0,0.0
9.79887,0x386,0.0,0.0,1.0,6.25,2.07,-0.06,15.90625,16.15625,15.46875,15.96875,-12.9,28.0,73.0,0.0
9.79911,0x316,0.0,0.0,1.0,6.25,2.07,-0.06,15.90625,16.15625,15.46875,15.96875,-12.9,28.0,73.0,0.0
9.80459,0x220,0.0,0.0,1.0,6.25,1.86,-0.29,15.90625,16.15625,15.46875,15.96875,-12.9,28.0,73.0,0.0
9.80763,0x2B0,0.0,0.0,1.0,6.25,1.86,-0.29,15.90625,16.15625,15.46875,15.96875,-12.8,12.0,73.0,0.0
9.80879,0x316,0.0,0.0,1.0,6.25,1.86,-0.29,15.90625,16.15625,15.46875,15.96875,-12.8,12.0,73.0,0.0
9.81456,0x220,0.0,0.0,1.0,6.25,1.62,-0.21,15.90625,16.15625,15.46875,15.96875,-12.8,12.0,73.0,0.0
9.81764,0x2B0,0.0,0.0,1.0,6.25,1.62,-0.21,15.90625,16.15625,15.46875,15.96875,-12.6,12.0,73.0,0.0
9.81882,0x316,0.0,0.0,1.0,6.25,1.62,-0.21,15.90625,16.15625,15.46875,15.96875,-12.6,12.0,73.0,0.0
9.8193,0x386,0.0,0.0,1.0,6.25,1.62,-0.21,15.84375,15.8125,15.78125,15.8125,-12.6,12.0,73.0,0.0
9.82461,0x220,0.0,0.0,1.0,6.25,1.38,0.19,15.84375,15.8125,15.78125,15.8125,-12.6,12.0,73.0,0.0
9.82764,0x2B0,0.0,0.0,1.0,6.25,1.38,0.19,15.84375,15.8125,15.78125,15.8125,-12.4,20.0,73.0,0.0
9.82876,0x316,0.0,0.0,1.0,6.25,1.38,0.19,15.84375,15.8125,15.78125,15.8125,-12.4,20.0,73.0,0.0
9.83458,0x220,0.0,0.0,1.0,6.25,1.32,0.64,15.84375,15.8125,15.78125,15.8125,-12.4,20.0,73.0,0.0
9.83761,0x2B0,0.0,0.0,1.0,6.25,1.32,0.64,15.84375,15.8125,15.78125,15.8125,-12.4,8.0,73.0,0.0
9.83888,0x386,0.0,0.0,1.0,6.25,1.32,0.64,15.6875,15.875,16.0,15.75,-12.4,8.0,73.0,0.0
9.83912,0x316,0.0,0.0,1.0,6.25,1.32,0.64,15.6875,15.875,16.0,15.75,-12.4,8.0,76.0,0.0
9.84459,0x220,0.0,0.0,1.0,6.25,1.42,0.78,15.6875,15.875,16.0,15.75,-12.4,8.0,76.0,0.0
9.84764,0x2B0,0.0,0.0,1.0,6.25,1.42,0.78,15.6875,15.875,16.0,15.75,-12.2,8.0,76.0,0.0
9.84894,0x316,0.0,0.0,1.0,6.25,1.42,0.78,15.6875,15.875,16.0,15.75,-12.2,8.0,76.0,0.0
9.85458,0x220,0.0,0.0,1.0,6.25,1.57,0.57,15.6875,15.875,16.0,15.75,-12.2,8.0,76.0,0.0
9.85761,0x2B0,0.0,0.0,1.0,6.25,1.57,0.57,15.6875,15.875,16.0,15.75,-12.2,8.0,76.0,0.0
9.85882,0x316,0.0,0.0,1.0,6.25,1.57,0.57,15.6875,15.875,16.0,15.75,-12.2,8.0,76.0,0.0
9.8593,0x386,0.0,0.0,1.0,6.25,1.57,0.57,15.84375,15.875,15.625,15.6875,-12.2,8.0,76.0,0.0
9.86463,0x220,0.0,0.0,1.0,6.25,1.65,0.23,15.84375,15.875,15.625,15.6875,-12.2,8.0,76.0,0.0
9.86763,0x2B0,0.0,0.0,1.0,6.25,1.65,0.23,15.84375,15.875,15.625,15.6875,-12.1,0.0,76.0,0.0
9.86892,0x316,0.0,0.0,1.0,6.25,1.65,0.23,15.84375,15.875,15.625,15.6875,-12.1,0.0,79.0,0.0
9.87458,0x220,0.0,0.0,1.0,6.25,1.55,0.04,15.84375,15.875,15.625,15.6875,-12.1,0.0,79.0,0.0
9.87777,0x2B0,0.0,0.0,1.0,6.25,1.55,0.04,15.84375,15.875,15.625,15.6875,-12.1,0.0,79.0,0.0
9.87887,0x316,0.0,0.0,1.0,6.25,1.55,0.04,15.84375,15.875,15.625,15.6875,-12.1,0.0,81.0,0.0
9.87935,0x386,0.0,0.0,1.0,6.25,1.55,0.04,15.8125,15.84375,15.4375,15.84375,-12.1,0.0,81.0,0.0
9.88461,0x220,0.0,0.0,1.0,6.25,1.21,0.12,15.8125,15.84375,15.4375,15.84375,-12.1,0.0,81.0,0.0
9.88763,0x2B0,0.0,0.0,1.0,6.25,1.21,0.12,15.8125,15.84375,15.4375,15.84375,-12.1,0.0,81.0,0.0
9.8888,0x316,0.0,0.0,1.0,6.25,1.21,0.12,15.8125,15.84375,15.4375,15.84375,-12.1,0.0,84.0,0.0
9.89458,0x220,0.0,0.0,1.0,6.25,0.7,0.36,15.8125,15.84375,15.4375,15.84375,-12.1,0.0,84.0,0.0
9.89763,0x2B0,0.0,0.0,1.0,6.25,0.7,0.36,15.8125,15.84375,15.4375,15.84375,-12.1,0.0,84.0,0.0
9.89882,0x316,0.0,0.0,1.0,6.25,0.7,0.36,15.8125,15.84375,15.4375,15.84375,-12.1,0.0,89.0,0.0
9.8993,0x386,0.0,0.0,1.0,6.25,0.7,0.36,15.96875,15.96875,15.5625,15.53125,-12.1,0.0,89.0,0.0
9.90461,0x220,0.0,0.0,1.0,6.25,0.19,0.55,15.96875,15.96875,15.5625,15.53125,-12.1,0.0,89.0,0.0
9.90763,0x2B0,0.0,0.0,1.0,6.25,0.19,0.55,15.96875,15.96875,15.5625,15.53125,-12.1,0.0,89.0,0.0
9.90875,0x316,0.0,0.0,1.0,6.25,0.19,0.55,15.96875,15.96875,15.5625,15.53125,-12.1,0.0,96.0,0.0
9.91458,0x220,0.0,0.0,1.0,6.25,-0.04,0.6,15.96875,15.96875,15.5625,15.53125,-12.1,0.0,96.0,0.0
9.91762,0x2B0,0.0,0.0,1.0,6.25,-0.04,0.6,15.96875,15.96875,15.5625,15.53125,-12.1,0.0,96.0,0.0
9.91883,0x316,0.0,0.0,1.0,6.25,-0.04,0.6,15.96875,15.96875,15.5625,15.53125,-12.1,0.0,104.0,0.0
9.91931,0x386,0.0,0.0,1.0,6.25,-0.04,0.6,16.03125,15.96875,15.53125,15.625,-12.1,0.0,104.0,0.0
9.9246,0x220,0.0,0.0,1.0,6.25,0.27,0.49,16.03125,15.96875,15.53125,15.625,-12.1,0.0,104.0,0.0
9.92762,0x2B0,0.0,0.0,1.0,6.25,0.27,0.49,16.03125,15.96875,15.53125,15.625,-12.1,0.0,104.0,0.0
9.9288,0x316,0.0,0.0,1.0,6.25,0.27,0.49,16.03125,15.96875,15.53125,15.625,-12.1,0.0,112.0,0.0
9.93458,0x220,0.0,0.0,1.0,6.25,1.06,0.25,16.03125,15.96875,15.53125,15.625,-12.1,0.0,112.0,0.0
9.93763,0x2B0,0.0,0.0,1.0,6.25,1.06,0.25,16.03125,15.96875,15.53125,15.625,-12.1,0.0,112.0,0.0
9.93888,0x386,0.0,0.0,1.0,6.25,1.06,0.25,16.0625,16.21875,15.625,15.8125,-12.1,0.0,112.0,0.0
9.93912,0x316,0.0,0.0,1.0,6.25,1.06,0.25,16.0625,16.21875,15.625,15.8125,-12.1,0.0,117.0,0.0
9.94459,0x220,0.0,0.0,1.0,6.25,1.93,0.15,16.0625,16.21875,15.625,15.8125,-12.1,0.0,117.0,0.0
9.9476,0x2B0,0.0,0.0,1.0,6.25,1.93,0.15,16.0625,16.21875,15.625,15.8125,-12.1,0.0,117.0,0.0
9.94887,0x316,0.0,0.0,1.0,6.25,1.93,0.15,16.0625,16.21875,15.625,15.8125,-12.1,0.0,117.0,0.0
9.95457,0x220,0.0,0.0,1.0,6.25,2.58,0.24,16.0625,16.21875,15.625,15.8125,-12.1,0.0,117.0,0.0
9.9576,0x2B0,0.0,0.0,1.0,6.25,2.58,0.24,16.0625,16.21875,15.625,15.8125,-12.1,0.0,117.0,0.0
9.95884,0x316,0.0,0.0,1.0,6.25,2.58,0.24,16.0625,16.21875,15.625,15.8125,-12.1,0.0,117.0,0.0
9.95931,0x386,0.0,0.0,1.0,6.25,2.58,0.24,16.125,16.125,15.625,15.46875,-12.1,0.0,117.0,0.0
9.9646,0x220,0.0,0.0,1.0,6.25,2.9,0.48,16.125,16.125,15.625,15.46875,-12.1,0.0,117.0,0.0
9.96759,0x2B0,0.0,0.0,1.0,6.25,2.9,0.48,16.125,16.125,15.625,15.46875,-12.1,0.0,117.0,0.0
9.96899,0x316,0.0,0.0,1.0,6.25,2.9,0.48,16.125,16.125,15.625,15.46875,-12.1,0.0,114.0,0.0
9.97457,0x220,0.0,0.0,1.0,6.25,2.82,0.6,16.125,16.125,15.625,15.46875,-12.1,0.0,114.0,0.0
9.97778,0x2B0,0.0,0.0,1.0,6.25,2.82,0.6,16.125,16.125,15.625,15.46875,-12.1,0.0,114.0,0.0
9.97885,0x316,0.0,0.0,1.0,6.25,2.82,0.6,16.125,16.125,15.625,15.46875,-12.1,0.0,109.0,0.0
9.97932,0x386,0.0,0.0,1.0,6.25,2.82,0.6,16.1875,16.28125,15.59375,15.8125,-12.1,0.0,109.0,0.0
9.98462,0x220,0.0,0.0,1.0,6.25,2.58,0.44,16.1875,16.28125,15.59375,15.8125,-12.1,0.0,109.0,0.0
9.9876,0x2B0,0.0,0.0,1.0,6.25,2.58,0.44,16.1875,16.28125,15.59375,15.8125,-12.1,0.0,109.0,0.0
9.98877,0x316,0.0,0.0,1.0,6.25,2.58,0.44,16.1875,16.28125,15.59375,15.8125,-12.1,0.0,104.0,0.0
9.99457,0x220,0.0,0.0,1.0,6.25,2.31,0.03,16.1875,16.28125,15.59375,15.8125,-12.1,0.0,104.0,0.0
9.9976,0x2B0,0.0,0.0,1.0,6.25,2.31,0.03,16.1875,16.28125,15.59375,15.8125,-12.1,0.0,104.0,0.0
9.99882,0x316,0.0,0.0,1.0,6.25,2.31,0.03,16.1875,16.28125,15.59375,15.8125,-12.1,0.0,99.0,0.0
9.99929,0x386,0.0,0.0,1.0,6.25,2.31,0.03,16.28125,16.28125,15.53125,15.59375,-12.1,0.0,99.0,0.0
10.00461,0x220,0.0,0.0,1.0,6.25,2.11,-0.36,16.28125,16.28125,15.53125,15.59375,-12.1,0.0,99.0,0.0
10.0076,0x2B0,0.0,0.0,1.0,6.25,2.11,-0.36,16.28125,16.28125,15.53125,15.59375,-12.1,0.0,99.0,0.0
10.0088,0x316,0.0,0.0,1.0,6.25,2.11,-0.36,16.28125,16.28125,15.53125,15.59375,-12.1,0.0,94.0,0.0
10.01458,0x220,0.0,0.0,1.0,6.25,2.0,-0.58,16.28125,16.28125,15.53125,15.59375,-12.1,0.0,94.0,0.0
10.01767,0x2B0,0.0,0.0,1.0,6.25,2.0,-0.58,16.28125,16.28125,15.53125,15.59375,-12.1,0.0,94.0,0.0
10.01883,0x316,0.0,0.0,1.0,6.25,2.0,-0.58,16.28125,16.28125,15.53125,15.59375,-12.1,0.0,91.0,0.0
10.01931,0x386,0.0,0.0,1.0,6.25,2.0,-0.58,16.3125,16.1875,15.78125,16.15625,-12.1,0.0,91.0,0.0
10.02462,0x220,0.0,0.0,1.0,6.25,1.88,-0.49,16.3125,16.1875,15.78125,16.15625,-12.1,0.0,91.0,0.0
10.02765,0x2B0,0.0,0.0,1.0,6.25,1.88,-0.49,16.3125,16.1875,15.78125,16.15625,-12.1,0.0,91.0,0.0
10.02875,0x316,0.0,0.0,1.0,6.25,1.88,-0.49,16.3125,16.1875,15.78125,16.15625,-12.1,0.0,91.0,0.0
10.03458,0x220,0.0,0.0,1.0,6.25,1.76,-0.25,16.3125,16.1875,15.78125,16.15625,-12.1,0.0,91.0,0.0
10.03765,0x2B0,0.0,0.0,1.0,6.25,1.76,-0.25,16.3125,16.1875,15.78125,16.15625,-12.1,0.0,91.0,0.0
10.03888,0x386,0.0,0.0,1.0,6.25,1.76,-0.25,16.40625,16.28125,16.09375,16.15625,-12.1,0.0,91.0,0.0
10.03912,0x316,0.0,0.0,1.0,6.25,1.76,-0.25,16.40625,16.28125,16.09375,16.15625,-12.1,0.0,94.0,0.0
10.0446,0x220,0.0,0.0,1.0,6.25,1.81,0.0,16.40625,16.28125,16.09375,16.15625,-12.1,0.0,94.0,0.0
10.04764,0x2B0,0.0,0.0,1.0,6.25,1.81,0.0,16.40625,16.28125,16.09375,16.15625,-12.1,0.0,94.0,0.0
10.04896,0x316,0.0,0.0,1.0,6.25,1.81,0.0,16.40625,16.28125,16.09375,16.15625,-12.1,0.0,94.0,0.0
10.05458,0x220,0.0,0.0,1.0,6.25,2.08,0.12,16.40625,16.28125,16.09375,16.15625,-12.1,0.0,94.0,0.0
10.05764,0x2B0,0.0,0.0,1.0,6.25,2.08,0.12,16.40625,16.28125,16.09375,16.15625,-12.1,0.0,94.0,0.0
10.05885,0x316,0.0,0.0,1.0,6.25,2.08,0.12,16.40625,16.28125,16.09375,16.15625,-12.1,0.0,104.0,0.0
10.05932,0x386,0.0,0.0,1.0,6.25,2.08,0.12,16.375,16.25,15.84375,16.0,-12.1,0.0,104.0,0.0
10.06464,0x220,0.0,0.0,1.0,6.25,2.54,0.0,16.375,16.25,15.84375,16.0,-12.1,0.0,104.0,0.0
10.06764,0x2B0,0.0,0.0,1.0,6.25,2.54,0.0,16.375,16.25,15.84375,16.0,-12.1,0.0,104.0,0.0
10.06894,0x316,0.0,0.0,1.0,6.25,2.54,0.0,16.375,16.25,15.84375,16.0,-12.1,0.0,109.0,0.0
10.07458,0x220,0.0,0.0,1.0,6.25,2.87,-0.34,16.375,16.25,15.84375,16.0,-12.1,0.0,109.0,0.0
10.0778,0x2B0,0.0,0.0,1.0,6.25,2.87,-0.34,16.375,16.25,15.84375,16.0,-12.1,0.0,109.0,0.0
10.07886,0x316,0.0,0.0,1.0,6.25,2.87,-0.34,16.375,16.25,15.84375,16.0,-12.1,0.0,112.0,0.0
10.07933,0x386,0.0,0.0,1.0,6.25,2.87,-0.34,16.46875,16.6875,15.6875,16.1875,-12.1,0.0,112.0,0.0
10.08461,0x220,0.0,0.0,1.0,6.25,2.83,-0.72,16.46875,16.6875,15.6875,16.1875,-12.1,0.0,112.0,0.0
10.08758,0x2B0,0.0,0.0,1.0,6.25,2.83,-0.72,16.46875,16.6875,15.6875,16.1875,-12.1,0.0,112.0,0.0
10.08879,0x316,0.0,0.0,1.0,6.25,2.83,-0.72,16.46875,16.6875,15.6875,16.1875,-12.1,0.0,114.0,0.0
10.09458,0x220,0.0,0.0,1.0,6.25,2.5,-0.86,16.46875,16.6875,15.6875,16.1875,-12.1,0.0,114.0,0.0
10.09759,0x2B0,0.0,0.0,1.0,6.25,2.5,-0.86,16.46875,16.6875,15.6875,16.1875,-12.1,0.0,114.0,0.0
10.09886,0x316,0.0,0.0,1.0,6.25,2.5,-0.86,16.46875,16.6875,15.6875,16.1875,-12.1,0.0,114.0,0.0
10.09933,0x386,0.0,0.0,1.0,6.25,2.5,-0.86,16.59375,16.40625,15.59375,16.25,-12.1,0.0,114.0,0.0
10.10461,0x220,0.0,0.0,1.0,6.25,1.99,-0.6,16.59375,16.40625,15.59375,16.25,-12.1,0.0,114.0,0.0
10.10759,0x2B0,0.0,0.0,1.0,6.25,1.99,-0.6,16.59375,16.40625,15.59375,16.25,-12.1,0.0,114.0,0.0
10.10875,0x316,0.0,0.0,1.0,6.25,1.99,-0.6,16.59375,16.40625,15.59375,16.25,-12.1,0.0,114.0,0.0
10.11458,0x220,0.0,0.0,1.0,6.25,1.52,-0.19,16.59375,16.40625,15.59375,16.25,-12.1,0.0,114.0,0.0
10.11758,0x2B0,0.0,0.0,1.0,6.25,1.52,-0.19,16.59375,16.40625,15.59375,16.25,-12.1,0.0,114.0,0.0
10.11884,0x316,0.0,0.0,1.0,6.25,1.52,-0.19,16.59375,16.40625,15.59375,16.25,-12.1,0.0,112.0,0.0
10.11956,0x386,0.0,0.0,1.0,6.25,1.52,-0.19,16.625,16.625,16.0625,16.125,-12.1,0.0,112.0,0.0
10.12462,0x220,0.0,0.0,1.0,6.25,1.32,0.04,16.625,16.625,16.0625,16.125,-12.1,0.0,112.0,0.0
10.12759,0x2B0,0.0,0.0,1.0,6.25,1.32,0.04,16.625,16.625,16.0625,16.125,-12.1,0.0,112.0,0.0
10.12879,0x316,0.0,0.0,1.0,6.25,1.32,0.04,16.625,16.625,16.0625,16.125,-12.1,0.0,109.0,0.0
10.13458,0x220,0.0,0.0,1.0,6.25,1.39,0.03,16.625,16.625,16.0625,16.125,-12.1,0.0,109.0,0.0
10.13759,0x2B0,0.0,0.0,1.0,6.25,1.39,0.03,16.625,16.625,16.0625,16.125,-12.1,0.0,109.0,0.0
10.13888,0x386,0.0,0.0,1.0,6.25,1.39,0.03,16.59375,16.65625,16.5,16.21875,-12.1,0.0,109.0,0.0
10.13912,0x316,0.0,0.0,1.0,6.25,1.39,0.03,16.59375,16.65625,16.5,16.21875,-12.1,0.0,107.0,0.0
10.1446,0x220,0.0,0.0,1.0,6.25,1.68,-0.09,16.59375,16.65625,16.5,16.21875,-12.1,0.0,107.0,0.0
10.14758,0x2B0,0.0,0.0,1.0,6.25,1.68,-0.09,16.59375,16.65625,16.5,16.21875,-12.1,0.0,107.0,0.0
10.14887,0x316,0.0,0.0,1.0,6.25,1.68,-0.09,16.59375,16.65625,16.5,16.21875,-12.1,0.0,107.0,0.0
10.15458,0x220,0.0,0.0,1.0,6.25,2.04,-0.05,16.59375,16.65625,16.5,16.21875,-12.1,0.0,107.0,0.0
10.15758,0x2B0,0.0,0.0,1.0,6.25,2.04,-0.05,16.59375,16.65625,16.5,16.21875,-12.1,0.0,107.0,0.0
10.15881,0x316,0.0,0.0,1.0,6.25,2.04,-0.05,16.59375,16.65625,16.5,16.21875,-12.1,0.0,99.0,0.0
10.15929,0x386,0.0,0.0,1.0,6.25,2.04,-0.05,16.71875,16.78125,16.25,16.46875,-12.1,0.0,99.0,0.0
10.16464,0x220,0.0,0.0,1.0,6.25,2.47,0.06,16.71875,16.78125,16.25,16.46875,-12.1,0.0,99.0,0.0
10.16764,0x2B0,0.0,0.0,1.0,6.25,2.47,0.06,16.71875,16.78125,16.25,16.46875,-12.1,0.0,99.0,0.0
10.16898,0x316,0.0,0.0,1.0,6.25,2.47,0.06,16.71875,16.78125,16.25,16.46875,-12.1,0.0,94.0,0.0
10.17459,0x220,0.0,0.0,1.0,6.25,2.88,-0.03,16.71875,16.78125,16.25,16.46875,-12.1,0.0,94.0,0.0
10.17779,0x2B0,0.0,0.0,1.0,6.25,2.88,-0.03,16.71875,16.78125,16.25,16.46875,-12.1,0.0,94.0,0.0
10.17888,0x386,0.0,0.0,1.0,6.25,2.88,-0.03,16.75,16.6875,16.125,16.65625,-12.1,0.0,94.0,0.0
10.17912,0x316,0.0,0.0,1.0,6.25,2.88,-0.03,16.75,16.6875,16.125,16.65625,-12.1,0.0,89.0,0.0
10.18461,0x220,0.0,0.0,1.0,6.25,3.06,-0.47,16.75,16.6875,16.125,16.65625,-12.1,0.0,89.0,0.0
10.18764,0x2B0,0.0,0.0,1.0,6.25,3.06,-0.47,16.75,16.6875,16.125,16.65625,-12.1,0.0,89.0,0.0
10.18875,0x316,0.0,0.0,1.0,6.25,3.06,-0.47,16.75,16.6875,16.125,16.65625,-12.1,0.0,86.0,0.0
10.19458,0x220,0.0,0.0,1.0,6.25,2.84,-0.84,16.75,16.6875,16.125,16.65625,-12.1,0.0,86.0,0.0
10.19764,0x2B0,0.0,0.0,1.0,6.25,2.84,-0.84,16.75,16.6875,16.125,16.65625,-12.2,0.0,86.0,0.0
10.19881,0x316,0.0,0.0,1.0,6.25,2.84,-0.84,16.75,16.6875,16.125,16.65625,-12.2,0.0,84.0,0.0
10.19928,0x386,0.0,0.0,1.0,6.25,2.84,-0.84,16.75,16.84375,16.5625,16.625,-12.2,0.0,84.0,0.0
10.20461,0x220,0.0,0.0,1.0,6.25,2.22,-0.8,16.75,16.84375,16.5625,16.625,-12.2,0.0,84.0,0.0
10.20766,0x2B0,0.0,0.0,1.0,6.25,2.22,-0.8,16.75,16.84375,16.5625,16.625,-12.2,0.0,84.0,0.0
10.20882,0x316,0.0,0.0,1.0,6.25,2.22,-0.8,16.75,16.84375,16.5625,16.625,-12.2,0.0,81.0,0.0
10.21459,0x220,0.0,0.0,1.0,6.25,1.58,-0.33,16.75,16.84375,16.5625,16.625,-12.2,0.0,81.0,0.0
10.21765,0x2B0,0.0,0.0,1.0,6.25,1.58,-0.33,16.75,16.84375,16.5625,16.625,-12.4,8.0,81.0,0.0
10.21887,0x316,0.0,0.0,1.0,6.25,1.58,-0.33,16.75,16.84375,16.5625,16.625,-12.4,8.0,81.0,0.0
10.21934,0x386,0.0,0.0,1.0,6.25,1.58,-0.33,16.875,16.84375,16.8125,16.59375,-12.4,8.0,81.0,0.0
10.22462,0x220,0.0,0.0,1.0,6.25,1.3,0.09,16.875,16.84375,16.8125,16.59375,-12.4,8.0,81.0,0.0
10.22766,0x2B0,0.0,0.0,1.0,6.25,1.3,0.09,16.875,16.84375,16.8125,16.59375,-12.4,8.0,81.0,0.0
10.22875,0x316,0.0,0.0,1.0,6.25,1.3,0.09,16.875,16.84375,16.8125,16.59375,-12.4,8.0,81.0,0.0
10.23458,0x220,0.0,0.0,1.0,6.25,1.54,0.11,16.875,16.84375,16.8125,16.59375,-12.4,8.0,81.0,0.0
10.23765,0x2B0,0.0,0.0,1.0,6.25,1.54,0.11,16.875,16.84375,16.8125,16.59375,-12.6,8.0,81.0,0.0
10.23888,0x386,0.0,0.0,1.0,6.25,1.54,0.11,16.875,17.0625,16.96875,16.75,-12.6,8.0,81.0,0.0
10.23912,0x316,0.0,0.0,1.0,6.25,1.54,0.11,16.875,17.0625,16.96875,16.75,-12.6,8.0,81.0,0.0
10.2446,0x220,0.0,0.0,1.0,6.25,2.15,-0.23,16.875,17.0625,16.96875,16.75,-12.6,8.0,81.0,0.0
10.24763,0x2B0,0.0,0.0,1.0,6.25,2.15,-0.23,16.875,17.0625,16.96875,16.75,-12.7,12.0,81.0,0.0
10.24895,0x316,0.0,0.0,1.0,6.25,2.15,-0.23,16.875,17.0625,16.96875,16.75,-12.7,12.0,81.0,0.0
10.25458,0x220,0.0,0.0,1.0,6.25,2.77,-0.6,16.875,17.0625,16.96875,16.75,-12.7,12.0,81.0,0.0
10.25759,0x2B0,0.0,0.0,1.0,6.25,2.77,-0.6,16.875,17.0625,16.96875,16.75,-12.7,0.0,81.0,0.0
10.25886,0x316,0.0,0.0,1.0,6.25,2.77,-0.6,16.875,17.0625,16.96875,16.75,-12.7,0.0,81.0,0.0
10.25933,0x386,0.0,0.0,1.0,6.25,2.77,-0.6,16.96875,17.09375,17.0625,16.5625,-12.7,0.0,81.0,0.0
10.26464,0x220,0.0,0.0,1.0,6.25,3.12,-0.71,16.96875,17.09375,17.0625,16.5625,-12.7,0.0,81.0,0.0
10.2676,0x2B0,0.0,0.0,1.0,6.25,3.12,-0.71,16.96875,17.09375,17.0625,16.5625,-12.9,8.0,81.0,0.0
10.26892,0x316,0.0,0.0,1.0,6.25,3.12,-0.71,16.96875,17.09375,17.0625,16.5625,-12.9,8.0,81.0,0.0
10.27458,0x220,0.0,0.0,1.0,6.25,3.08,-0.6,16.96875,17.09375,17.0625,16.5625,-12.9,8.0,81.0,0.0
10.27766,0x2B0,0.0,0.0,1.0,6.25,3.08,-0.6,16.96875,17.09375,17.0625,16.5625,-12.9,8.0,81.0,0.0
10.27887,0x316,0.0,0.0,1.0,6.25,3.08,-0.6,16.96875,17.09375,17.0625,16.5625,-12.9,8.0,81.0,0.0
10.27933,0x386,0.0,0.0,1.0,6.25,3.08,-0.6,17.09375,17.09375,16.96875,16.59375,-12.9,8.0,81.0,0.0
10.28462,0x220,0.0,0.0,1.0,6.25,2.71,-0.53,17.09375,17.09375,16.96875,16.59375,-12.9,8.0,81.0,0.0
10.28759,0x2B0,0.0,0.0,1.0,6.25,2.71,-0.53,17.09375,17.09375,16.96875,16.59375,-13.1,8.0,81.0,0.0
10.28882,0x316,0.0,0.0,1.0,6.25,2.71,-0.53,17.09375,17.09375,16.96875,16.59375,-13.1,8.0,81.0,0.0
10.29458,0x220,0.0,0.0,1.0,6.25,2.14,-0.6,17.09375,17.09375,16.96875,16.59375,-13.1,8.0,81.0,0.0
10.29759,0x2B0,0.0,0.0,1.0,6.25,2.14,-0.6,17.09375,17.09375,16.96875,16.59375,-13.3,20.0,81.0,0.0
10.29886,0x316,0.0,0.0,1.0,6.25,2.14,-0.6,17.09375,17.09375,16.96875,16.59375,-13.3,20.0,81.0,0.0
10.29933,0x386,0.0,0.0,1.0,6.25,2.14,-0.6,17.09375,17.1875,16.65625,16.71875,-13.3,20.0,81.0,0.0
10.30462,0x220,0.0,0.0,1.0,6.25,1.56,-0.69,17.09375,17.1875,16.65625,16.71875,-13.3,20.0,81.0,0.0
10.3076,0x2B0,0.0,0.0,1.0,6.25,1.56,-0.69,17.09375,17.1875,16.65625,16.71875,-13.5,20.0,81.0,0.0
10.30879,0x316,0.0,0.0,1.0,6.25,1.56,-0.69,17.09375,17.1875,16.65625,16.71875,-13.5,20.0,81.0,0.0
10.31458,0x220,0.0,0.0,1.0,6.25,1.04,-0.68,17.09375,17.1875,16.65625,16.71875,-13.5,20.0,81.0,0.0
10.31761,0x2B0,0.0,0.0,1.0,6.25,1.04,-0.68,17.09375,17.1875,16.65625,16.71875,-13.7,20.0,81.0,0.0
10.31882,0x316,0.0,0.0,1.0,6.25,1.04,-0.68,17.09375,17.1875,16.65625,16.71875,-13.7,20.0,81.0,0.0
10.31929,0x386,0.0,0.0,1.0,6.25,1.04,-0.68,17.28125,17.1875,16.625,16.71875,-13.7,20.0,81.0,0.0
10.32462,0x220,0.0,0.0,1.0,6.25,0.77,-0.42,17.28125,17.1875,16.625,16.71875,-13.7,20.0,81.0,0.0
10.32762,0x2B0,0.0,0.0,1.0,6.25,0.77,-0.42,17.28125,17.1875,16.625,16.71875,-13.9,20.0,81.0,0.0
10.3288,0x316,0.0,0.0,1.0,6.25,0.77,-0.42,17.28125,17.1875,16.625,16.71875,-13.9,20.0,81.0,0.0
10.33459,0x220,0.0,0.0,1.0,6.25,0.75,-0.09,17.28125,17.1875,16.625,16.71875,-13.9,20.0,81.0,0.0
10.33763,0x2B0,0.0,0.0,1.0,6.25,0.75,-0.09,17.28125,17.1875,16.625,16.71875,-14.2,24.0,81.0,0.0
10.33889,0x386,0.0,0.0,1.0,6.25,0.75,-0.09,17.34375,17.3125,16.5625,16.90625,-14.2,24.0,81.0,0.0
10.33913,0x316,0.0,0.0,1.0,6.25,0.75,-0.09,17.34375,17.3125,16.5625,16.90625,-14.2,24.0,81.0,0.0
10.34461,0x220,0.0,0.0,1.0,6.25,0.81,0.18,17.34375,17.3125,16.5625,16.90625,-14.2,24.0,81.0,0.0
10.3476,0x2B0,0.0,0.0,1.0,6.25,0.81,0.18,17.34375,17.3125,16.5625,16.90625,-14.6,32.0,81.0,0.0
10.34887,0x316,0.0,0.0,1.0,6.25,0.81,0.18,17.34375,17.3125,16.5625,16.90625,-14.6,32.0,81.0,0.0
10.35459,0x220,0.0,0.0,1.0,6.25,0.84,0.42,17.34375,17.3125,16.5625,16.90625,-14.6,32.0,81.0,0.0
10.35761,0x2B0,0.0,0.0,1.0,6.25,0.84,0.42,17.34375,17.3125,16.5625,16.90625,-14.9,32.0,81.0,0.0
10.35882,0x316,0.0,0.0,1.0,6.25,0.84,0.42,17.34375,17.3125,16.5625,16.90625,-14.9,32.0,81.0,0.0
10.35928,0x386,0.0,0.0,1.0,6.25,0.84,0.42,17.34375,17.34375,16.75,17.15625,-14.9,32.0,81.0,0.0
10.36465,0x220,0.0,0.0,1.0,6.25,0.87,0.62,17.34375,17.34375,16.75,17.15625,-14.9,32.0,81.0,0.0
10.36763,0x2B0,0.0,0.0,1.0,6.25,0.87,0.62,17.34375,17.34375,16.75,17.15625,-15.2,28.0,81.0,0.0
10.36895,0x316,0.0,0.0,1.0,6.25,0.87,0.62,17.34375,17.34375,16.75,17.15625,-15.2,28.0,79.0,0.0
10.37458,0x220,0.0,0.0,1.0,6.25,0.88,0.73,17.34375,17.34375,16.75,17.15625,-15.2,28.0,79.0,0.0
10.37779,0x2B0,0.0,0.0,1.0,6.25,0.88,0.73,17.34375,17.34375,16.75,17.15625,-15.5,28.0,79.0,0.0
10.37887,0x316,0.0,0.0,1.0,6.25,0.88,0.73,17.34375,17.34375,16.75,17.15625,-15.5,28.0,76.0,0.0
10.37934,0x386,0.0,0.0,1.0,6.25,0.88,0.73,17.5,17.4375,17.0,17.03125,-15.5,28.0,76.0,0.0
10.38462,0x220,0.0,0.0,1.0,6.25,0.86,0.75,17.5,17.4375,17.0,17.03125,-15.5,28.0,76.0,0.0
10.3876,0x2B0,0.0,0.0,1.0,6.25,0.86,0.75,17.5,17.4375,17.0,17.03125,-15.9,32.0,76.0,0.0
10.38875,0x316,0.0,0.0,1.0,6.25,0.86,0.75,17.5,17.4375,17.0,17.03125,-15.9,32.0,73.0,0.0
10.39459,0x220,0.0,0.0,1.0,6.25,0.85,0.68,17.5,17.4375,17.0,17.03125,-15.9,32.0,73.0,0.0
10.39758,0x2B0,0.0,0.0,1.0,6.25,0.85,0.68,17.5,17.4375,17.0,17.03125,-16.3,40.0,73.0,0.0
10.39881,0x316,0.0,0.0,1.0,6.25,0.85,0.68,17.5,17.4375,17.0,17.03125,-16.3,40.0,68.0,0.0
10.39929,0x386,0.0,0.0,1.0,6.25,0.85,0.68,17.46875,17.40625,16.90625,17.0625,-16.3,40.0,68.0,0.0
10.40462,0x220,0.0,0.0,1.0,6.25,0.84,0.55,17.46875,17.40625,16.90625,17.0625,-16.3,40.0,68.0,0.0
10.4076,0x2B0,0.0,0.0,1.0,6.25,0.84,0.55,17.46875,17.40625,16.90625,17.0625,-16.6,32.0,68.0,0.0
10.40882,0x316,0.0,0.0,1.0,6.25,0.84,0.55,17.46875,17.40625,16.90625,17.0625,-16.6,32.0,66.0,0.0
10.41459,0x220,0.0,0.0,1.0,6.25,0.78,0.48,17.46875,17.40625,16.90625,17.0625,-16.6,32.0,66.0,0.0
10.41759,0x2B0,0.0,0.0,1.0,6.25,0.78,0.48,17.46875,17.40625,16.90625,17.0625,-17.0,32.0,66.0,0.0
10.41889,0x316,0.0,0.0,1.0,6.25,0.78,0.48,17.46875,17.40625,16.90625,17.0625,-17.0,32.0,63.0,0.0
10.41936,0x386,0.0,0.0,1.0,6.25,0.78,0.48,17.59375,17.59375,16.4375,16.90625,-17.0,32.0,63.0,0.0
10.42462,0x220,0.0,0.0,1.0,6.25,0.72,0.62,17.59375,17.59375,16.4375,16.90625,-17.0,32.0,63.0,0.0
10.42761,0x2B0,0.0,0.0,1.0,6.25,0.72,0.62,17.59375,17.59375,16.4375,16.90625,-17.3,32.0,63.0,0.0
10.42877,0x316,0.0,0.0,1.0,6.25,0.72,0.62,17.59375,17.59375,16.4375,16.90625,-17.3,32.0,61.0,0.0
10.43459,0x220,0.0,0.0,1.0,6.25,0.81,0.8,17.59375,17.59375,16.4375,16.90625,-17.3,32.0,61.0,0.0
10.43762,0x2B0,0.0,0.0,1.0,6.25,0.81,0.8,17.59375,17.59375,16.4375,16.90625,-17.7,32.0,61.0,0.0
10.43889,0x386,0.0,0.0,1.0,6.25,0.81,0.8,17.59375,17.59375,16.5,17.3125,-17.7,32.0,61.0,0.0
10.43913,0x316,0.0,0.0,1.0,6.25,0.81,0.8,17.59375,17.59375,16.5,17.3125,-17.7,32.0,58.0,0.0
10.4446,0x220,0.0,0.0,1.0,6.25,1.03,0.81,17.59375,17.59375,16.5,17.3125,-17.7,32.0,58.0,0.0
10.44761,0x2B0,0.0,0.0,1.0,6.25,1.03,0.81,17.59375,17.59375,16.5,17.3125,-18.1,40.0,58.0,0.0
10.44888,0x316,0.0,0.0,1.0,6.25,1.03,0.81,17.59375,17.59375,16.5,17.3125,-18.1,40.0,58.0,0.0
10.45459,0x220,0.0,0.0,1.0,6.25,1.39,0.65,17.59375,17.59375,16.5,17.3125,-18.1,40.0,58.0,0.0
10.45761,0x2B0,0.0,0.0,1.0,6.25,1.39,0.65,17.59375,17.59375,16.5,17.3125,-18.6,44.0,58.0,0.0
10.45888,0x316,0.0,0.0,1.0,6.25,1.39,0.65,17.59375,17.59375,16.5,17.3125,-18.6,44.0,56.0,0.0
10.45935,0x386,0.0,0.0,1.0,6.25,1.39,0.65,17.71875,17.71875,16.9375,17.0625,-18.6,44.0,56.0,0.0
10.46465,0x220,0.0,0.0,1.0,6.25,1.78,0.45,17.71875,17.71875,16.9375,17.0625,-18.6,44.0,56.0,0.0
10.46764,0x2B0,0.0,0.0,1.0,6.25,1.78,0.45,17.71875,17.71875,16.9375,17.0625,-19.0,44.0,56.0,0.0
10.46895,0x316,0.0,0.0,1.0,6.25,1.78,0.45,17.71875,17.71875,16.9375,17.0625,-19.0,44.0,56.0,0.0
10.47459,0x220,0.0,0.0,1.0,6.25,2.12,0.35,17.71875,17.71875,16.9375,17.0625,-19.0,44.0,56.0,0.0
10.47756,0x2B0,0.0,0.0,1.0,6.25,2.12,0.35,17.71875,17.71875,16.9375,17.0625,-19.5,44.0,56.0,0.0
10.47886,0x316,0.0,0.0,1.0,6.25,2.12,0.35,17.71875,17.71875,16.9375,17.0625,-19.5,44.0,53.0,0.0
10.47933,0x386,0.0,0.0,1.0,6.25,2.12,0.35,17.625,17.78125,16.4375,17.0,-19.5,44.0,53.0,0.0
10.48463,0x220,0.0,0.0,1.0,6.25,2.43,0.41,17.625,17.78125,16.4375,17.0,-19.5,44.0,53.0,0.0
10.48758,0x2B0,0.0,0.0,1.0,6.25,2.43,0.41,17.625,17.78125,16.4375,17.0,-19.9,44.0,53.0,0.0
10.48875,0x316,0.0,0.0,1.0,6.25,2.43,0.41,17.625,17.78125,16.4375,17.0,-19.9,44.0,53.0,0.0
10.49459,0x220,0.0,0.0,1.0,6.25,2.56,0.43,17.625,17.78125,16.4375,17.0,-19.9,44.0,53.0,0.0
10.49759,0x2B0,0.0,0.0,1.0,6.25,2.56,0.43,17.625,17.78125,16.4375,17.0,-20.4,44.0,53.0,0.0
10.49888,0x316,0.0,0.0,1.0,6.25,2.56,0.43,17.625,17.78125,16.4375,17.0,-20.4,44.0,53.0,0.0
10.49936,0x386,0.0,0.0,1.0,6.25,2.56,0.43,17.5625,17.6875,15.90625,16.5625,-20.4,44.0,53.0,0.0
10.50463,0x220,0.0,0.0,1.0,6.25,2.53,0.2,17.5625,17.6875,15.90625,16.5625,-20.4,44.0,53.0,0.0
10.50759,0x2B0,0.0,0.0,1.0,6.25,2.53,0.2,17.5625,17.6875,15.90625,16.5625,-20.8,44.0,53.0,0.0
10.50885,0x316,0.0,0.0,1.0,6.25,2.53,0.2,17.5625,17.6875,15.90625,16.5625,-20.8,44.0,50.0,0.0
10.51459,0x220,0.0,0.0,1.0,6.25,2.38,-0.1,17.5625,17.6875,15.90625,16.5625,-20.8,44.0,50.0,0.0
10.5176,0x2B0,0.0,0.0,1.0,6.25,2.38,-0.1,17.5625,17.6875,15.90625,16.5625,-21.3,44.0,50.0,0.0
10.51883,0x316,0.0,0.0,1.0,6.25,2.38,-0.1,17.5625,17.6875,15.90625,16.5625,-21.3,44.0,50.0,0.0
10.5193,0x386,0.0,0.0,1.0,6.25,2.38,-0.1,17.59375,17.65625,16.8125,16.375,-21.3,44.0,50.0,0.0
10.52462,0x220,0.0,0.0,1.0,6.25,2.15,-0.24,17.59375,17.65625,16.8125,16.375,-21.3,44.0,50.0,0.0
10.52759,0x2B0,0.0,0.0,1.0,6.25,2.15,-0.24,17.59375,17.65625,16.8125,16.375,-21.8,48.0,50.0,0.0
10.52876,0x316,0.0,0.0,1.0,6.25,2.15,-0.24,17.59375,17.65625,16.8125,16.375,-21.8,48.0,50.0,0.0
10.53459,0x220,0.0,0.0,1.0,6.25,2.02,-0.24,17.59375,17.65625,16.8125,16.375,-21.8,48.0,50.0,0.0
10.53762,0x2B0,0.0,0.0,1.0,6.25,2.02,-0.24,17.59375,17.65625,16.8125,16.375,-22.2,44.0,50.0,0.0
10.53889,0x386,0.0,0.0,1.0,6.25,2.02,-0.24,17.5,17.71875,17.4375,17.5,-22.2,44.0,50.0,0.0
10.53914,0x316,0.0,0.0,1.0,6.25,2.02,-0.24,17.5,17.71875,17.4375,17.5,-22.2,44.0,50.0,0.0
10.54462,0x220,0.0,0.0,1.0,6.25,2.14,-0.38,17.5,17.71875,17.4375,17.5,-22.2,44.0,50.0,0.0
10.54758,0x2B0,0.0,0.0,1.0,6.25,2.14,-0.38,17.5,17.71875,17.4375,17.5,-22.7,44.0,50.0,0.0
10.54894,0x316,0.0,0.0,1.0,6.25,2.14,-0.38,17.5,17.71875,17.4375,17.5,-22.7,44.0,50.0,0.0
10.55459,0x220,0.0,0.0,1.0,6.25,2.5,-0.65,17.5,17.71875,17.4375,17.5,-22.7,44.0,50.0,0.0
10.5576,0x2B0,0.0,0.0,1.0,6.25,2.5,-0.65,17.5,17.71875,17.4375,17.5,-23.1,44.0,50.0,0.0
10.55882,0x316,0.0,0.0,1.0,6.25,2.5,-0.65,17.5,17.71875,17.4375,17.5,-23.1,44.0,48.0,0.0
10.55929,0x386,0.0,0.0,1.0,6.25,2.5,-0.65,17.40625,17.59375,17.46875,17.84375,-23.1,44.0,48.0,0.0
10.56463,0x220,0.0,0.0,1.0,6.25,2.99,-0.81,17.40625,17.59375,17.46875,17.84375,-23.1,44.0,48.0,0.0
10.5676,0x2B0,0.0,0.0,1.0,6.25,2.99,-0.81,17.40625,17.59375,17.46875,17.84375,-23.5,40.0,48.0,0.0
10.56892,0x316,0.0,0.0,1.0,6.25,2.99,-0.81,17.40625,17.59375,17.46875,17.84375,-23.5,40.0,48.0,0.0
10.57462,0x220,0.0,0.0,1.0,6.25,3.41,-0.77,17.40625,17.59375,17.46875,17.84375,-23.5,40.0,48.0,0.0
10.57779,0x2B0,0.0,0.0,1.0,6.25,3.41,-0.77,17.40625,17.59375,17.46875,17.84375,-23.8,32.0,48.0,0.0
10.57889,0x386,0.0,0.0,1.0,6.25,3.41,-0.77,17.40625,17.46875,17.5625,17.3125,-23.8,32.0,48.0,0.0
10.57913,0x316,0.0,0.0,1.0,6.25,3.41,-0.77,17.40625,17.46875,17.5625,17.3125,-23.8,32.0,48.0,0.0
10.58463,0x220,0.0,0.0,1.0,6.25,3.65,-0.63,17.40625,17.46875,17.5625,17.3125,-23.8,32.0,48.0,0.0
10.58762,0x2B0,0.0,0.0,1.0,6.25,3.65,-0.63,17.40625,17.46875,17.5625,17.3125,-24.1,28.0,48.0,0.0
10.58877,0x316,0.0,0.0,1.0,6.25,3.65,-0.63,17.40625,17.46875,17.5625,17.3125,-24.1,28.0,48.0,0.0
10.59459,0x220,0.0,0.0,1.0,6.25,3.6,-0.58,17.40625,17.46875,17.5625,17.3125,-24.1,28.0,48.0,0.0
10.59762,0x2B0,0.0,0.0,1.0,6.25,3.6,-0.58,17.40625,17.46875,17.5625,17.3125,-24.4,28.0,48.0,0.0
10.59882,0x316,0.0,0.0,1.0,6.25,3.6,-0.58,17.40625,17.46875,17.5625,17.3125,-24.4,28.0,48.0,0.0
10.59929,0x386,0.0,0.0,1.0,6.25,3.6,-0.58,17.40625,17.65625,17.5625,17.65625,-24.4,28.0,48.0,0.0
10.60462,0x220,0.0,0.0,1.0,6.25,3.21,-0.76,17.40625,17.65625,17.5625,17.65625,-24.4,28.0,48.0,0.0
10.60761,0x2B0,0.0,0.0,1.0,6.25,3.21,-0.76,17.40625,17.65625,17.5625,17.65625,-24.7,28.0,48.0,0.0
10.60876,0x316,0.0,0.0,1.0,6.25,3.21,-0.76,17.40625,17.65625,17.5625,17.65625,-24.7,28.0,48.0,0.0
10.61458,0x220,0.0,0.0,1.0,6.25,2.58,-1.03,17.40625,17.65625,17.5625,17.65625,-24.7,28.0,48.0,0.0
10.61764,0x2B0,0.0,0.0,1.0,6.25,2.58,-1.03,17.40625,17.65625,17.5625,17.65625,-25.0,28.0,48.0,0.0
10.61886,0x316,0.0,0.0,1.0,6.25,2.58,-1.03,17.40625,17.65625,17.5625,17.65625,-25.0,28.0,50.0,0.0
10.61933,0x386,0.0,0.0,1.0,6.25,2.58,-1.03,17.5625,17.625,17.5625,17.8125,-25.0,28.0,50.0,0.0
10.62463,0x220,0.0,0.0,1.0,6.25,1.78,-1.18,17.5625,17.625,17.5625,17.8125,-25.0,28.0,50.0,0.0
10.62763,0x2B0,0.0,0.0,1.0,6.25,1.78,-1.18,17.5625,17.625,17.5625,17.8125,-25.3,28.0,50.0,0.0
10.62877,0x316,0.0,0.0,1.0,6.25,1.78,-1.18,17.5625,17.625,17.5625,17.8125,-25.3,28.0,53.0,0.0
10.6346,0x220,0.0,0.0,1.0,6.25,1.12,-1.07,17.5625,17.625,17.5625,17.8125,-25.3,28.0,53.0,0.0
10.63765,0x2B0,0.0,0.0,1.0,6.25,1.12,-1.07,17.5625,17.625,17.5625,17.8125,-25.6,28.0,53.0,0.0
10.6389,0x386,0.0,0.0,1.0,6.25,1.12,-1.07,17.65625,17.75,17.84375,17.625,-25.6,28.0,53.0,0.0
10.63914,0x316,0.0,0.0,1.0,6.25,1.12,-1.07,17.65625,17.75,17.84375,17.625,-25.6,28.0,56.0,0.0
10.64462,0x220,0.0,0.0,1.0,6.25,0.81,-0.81,17.65625,17.75,17.84375,17.625,-25.6,28.0,56.0,0.0
10.6476,0x2B0,0.0,0.0,1.0,6.25,0.81,-0.81,17.65625,17.75,17.84375,17.625,-25.9,28.0,56.0,0.0
10.64887,0x316,0.0,0.0,1.0,6.25,0.81,-0.81,17.65625,17.75,17.84375,17.625,-25.9,28.0,56.0,0.0
10.6546,0x220,0.0,0.0,1.0,6.25,0.89,-0.49,17.65625,17.75,17.84375,17.625,-25.9,28.0,56.0,0.0
10.65753,0x2B0,0.0,0.0,1.0,6.25,0.89,-0.49,17.65625,17.75,17.84375,17.625,-26.2,28.0,56.0,0.0
10.65886,0x316,0.0,0.0,1.0,6.25,0.89,-0.49,17.65625,17.75,17.84375,17.625,-26.2,28.0,63.0,0.0
10.65933,0x386,0.0,0.0,1.0,6.25,0.89,-0.49,17.75,17.84375,17.9375,17.6875,-26.2,28.0,63.0,0.0
10.66467,0x220,0.0,0.0,1.0,6.25,1.1,-0.25,17.75,17.84375,17.9375,17.6875,-26.2,28.0,63.0,0.0
10.6676,0x2B0,0.0,0.0,1.0,6.25,1.1,-0.25,17.75,17.84375,17.9375,17.6875,-26.6,32.0,63.0,0.0
10.66896,0x316,0.0,0.0,1.0,6.25,1.1,-0.25,17.75,17.84375,17.9375,17.6875,-26.6,32.0,63.0,0.0
10.67461,0x220,0.0,0.0,1.0,6.25,1.24,-0.23,17.75,17.84375,17.9375,17.6875,-26.6,32.0,63.0,0.0
10.67785,0x2B0,0.0,0.0,1.0,6.25,1.24,-0.23,17.75,17.84375,17.9375,17.6875,-26.8,28.0,63.0,0.0
10.67889,0x316,0.0,0.0,1.0,6.25,1.24,-0.23,17.75,17.84375,17.9375,17.6875,-26.8,28.0,63.0,0.0
10.67936,0x386,0.0,0.0,1.0,6.25,1.24,-0.23,17.90625,17.9375,17.90625,17.75,-26.8,28.0,63.0,0.0
10.68464,0x220,0.0,0.0,1.0,6.25,1.32,-0.29,17.90625,17.9375,17.90625,17.75,-26.8,28.0,63.0,0.0
10.68763,0x2B0,0.0,0.0,1.0,6.25,1.32,-0.29,17.90625,17.9375,17.90625,17.75,-27.1,24.0,63.0,0.0
10.68879,0x316,0.0,0.0,1.0,6.25,1.32,-0.29,17.90625,17.9375,17.90625,17.75,-27.1,24.0,63.0,0.0
10.69461,0x220,0.0,0.0,1.0,6.25,1.27,-0.31,17.90625,17.9375,17.90625,17.75,-27.1,24.0,63.0,0.0
10.6976,0x2B0,0.0,0.0,1.0,6.25,1.27,-0.31,17.90625,17.9375,17.90625,17.75,-27.3,24.0,63.0,0.0
10.69886,0x316,0.0,0.0,1.0,6.25,1.27,-0.31,17.90625,17.9375,17.90625,17.75,-27.3,24.0,61.0,0.0
10.69934,0x386,0.0,0.0,1.0,6.25,1.27,-0.31,18.0,17.9375,17.78125,17.75,-27.3,24.0,61.0,0.0
10.70464,0x220,0.0,0.0,1.0,6.25,1.1,-0.3,18.0,17.9375,17.78125,17.75,-27.3,24.0,61.0,0.0
10.70761,0x2B0,0.0,0.0,1.0,6.25,1.1,-0.3,18.0,17.9375,17.78125,17.75,-27.5,20.0,61.0,0.0
10.70878,0x316,0.0,0.0,1.0,6.25,1.1,-0.3,18.0,17.9375,17.78125,17.75,-27.5,20.0,58.0,0.0
10.71461,0x220,0.0,0.0,1.0,6.25,0.87,-0.31,18.0,17.9375,17.78125,17.75,-27.5,20.0,58.0,0.0
10.71762,0x2B0,0.0,0.0,1.0,6.25,0.87,-0.31,18.0,17.9375,17.78125,17.75,-27.6,12.0,58.0,0.0
10.71882,0x316,0.0,0.0,1.0,6.25,0.87,-0.31,18.0,17.9375,17.78125,17.75,-27.6,12.0,50.0,0.0
10.71929,0x386,0.0,0.0,1.0,6.25,0.87,-0.31,18.09375,18.0,17.59375,17.84375,-27.6,12.0,50.0,0.0
10.72464,0x220,0.0,0.0,1.0,6.25,0.62,-0.3,18.09375,18.0,17.59375,17.84375,-27.6,12.0,50.0,0.0
10.72761,0x2B0,0.0,0.0,1.0,6.25,0.62,-0.3,18.09375,18.0,17.59375,17.84375,-27.6,0.0,50.0,0.0
10.72879,0x316,0.0,0.0,1.0,6.25,0.62,-0.3,18.09375,18.0,17.59375,17.84375,-27.6,0.0,45.0,0.0
10.73462,0x220,0.0,0.0,1.0,6.25,0.34,-0.13,18.09375,18.0,17.59375,17.84375,-27.6,0.0,45.0,0.0
10.73762,0x2B0,0.0,0.0,1.0,6.25,0.34,-0.13,18.09375,18.0,17.59375,17.84375,-27.9,12.0,45.0,0.0
10.73892,0x386,0.0,0.0,1.0,6.25,0.34,-0.13,18.15625,18.03125,17.75,17.6875,-27.9,12.0,45.0,0.0
10.73916,0x316,0.0,0.0,1.0,6.25,0.34,-0.13,18.15625,18.03125,17.75,17.6875,-27.9,12.0,38.0,0.0
10.74466,0x220,0.0,0.0,1.0,6.25,0.14,0.22,18.15625,18.03125,17.75,17.6875,-27.9,12.0,38.0,0.0
10.74759,0x2B0,0.0,0.0,1.0,6.25,0.14,0.22,18.15625,18.03125,17.75,17.6875,-28.0,20.0,38.0,0.0
10.74892,0x316,0.0,0.0,1.0,6.25,0.14,0.22,18.15625,18.03125,17.75,17.6875,-28.0,20.0,38.0,0.0
10.75462,0x220,0.0,0.0,1.0,6.25,0.07,0.56,18.15625,18.03125,17.75,17.6875,-28.0,20.0,38.0,0.0
10.75763,0x2B0,0.0,0.0,1.0,6.25,0.07,0.56,18.15625,18.03125,17.75,17.6875,-28.0,0.0,38.0,0.0
10.75881,0x316,0.0,0.0,1.0,6.25,0.07,0.56,18.15625,18.03125,17.75,17.6875,-28.0,0.0,28.0,0.0
10.75927,0x386,0.0,0.0,1.0,6.25,0.07,0.56,18.34375,18.125,17.65625,17.59375,-28.0,0.0,28.0,0.0
10.76469,0x220,0.0,0.0,1.0,6.25,0.14,0.57,18.34375,18.125,17.65625,17.59375,-28.0,0.0,28.0,0.0
10.76761,0x2B0,0.0,0.0,1.0,6.25,0.14,0.57,18.34375,18.125,17.65625,17.59375,-28.0,0.0,28.0,0.0
10.76891,0x316,0.0,0.0,1.0,6.25,0.14,0.57,18.34375,18.125,17.65625,17.59375,-28.0,0.0,25.0,0.0
10.77462,0x220,0.0,0.0,1.0,6.25,0.27,0.25,18.34375,18.125,17.65625,17.59375,-28.0,0.0,25.0,0.0
10.77786,0x2B0,0.0,0.0,1.0,6.25,0.27,0.25,18.34375,18.125,17.65625,17.59375,-28.2,8.0,25.0,0.0
10.77889,0x316,0.0,0.0,1.0,6.25,0.27,0.25,18.34375,18.125,17.65625,17.59375,-28.2,8.0,22.0,0.0
10.77936,0x386,0.0,0.0,1.0,6.25,0.27,0.25,18.25,18.09375,17.5625,17.84375,-28.2,8.0,22.0,0.0
10.78467,0x220,0.0,0.0,1.0,6.25,0.37,-0.03,18.25,18.09375,17.5625,17.84375,-28.2,8.0,22.0,0.0
10.78756,0x2B0,0.0,0.0,1.0,6.25,0.37,-0.03,18.25,18.09375,17.5625,17.84375,-28.2,8.0,22.0,0.0
10.78881,0x316,0.0,0.0,1.0,6.25,0.37,-0.03,18.25,18.09375,17.5625,17.84375,-28.2,8.0,20.0,0.0
10.79462,0x220,0.0,0.0,1.0,6.25,0.36,-0.09,18.25,18.09375,17.5625,17.84375,-28.2,8.0,20.0,0.0
10.79756,0x2B0,0.0,0.0,1.0,6.25,0.36,-0.09,18.25,18.09375,17.5625,17.84375,-28.2,0.0,20.0,0.0
10.79882,0x316,0.0,0.0,1.0,6.25,0.36,-0.09,18.25,18.09375,17.5625,17.84375,-28.2,0.0,20.0,0.0
10.79929,0x386,0.0,0.0,1.0,6.25,0.36,-0.09,18.40625,18.21875,17.75,18.0,-28.2,0.0,20.0,0.0
10.80466,0x220,0.0,0.0,1.0,6.25,0.28,0.01,18.40625,18.21875,17.75,18.0,-28.2,0.0,20.0,0.0
10.80755,0x2B0,0.0,0.0,1.0,6.25,0.28,0.01,18.40625,18.21875,17.75,18.0,-28.2,0.0,20.0,0.0
10.8088,0x316,0.0,0.0,1.0,6.25,0.28,0.01,18.40625,18.21875,17.75,18.0,-28.2,0.0,17.0,0.0
10.81462,0x220,0.0,0.0,1.0,6.25,0.27,0.21,18.40625,18.21875,17.75,18.0,-28.2,0.0,17.0,0.0
10.81756,0x2B0,0.0,0.0,1.0,6.25,0.27,0.21,18.40625,18.21875,17.75,18.0,-28.2,0.0,17.0,0.0
10.81884,0x316,0.0,0.0,1.0,6.25,0.27,0.21,18.40625,18.21875,17.75,18.0,-28.2,0.0,17.0,0.0
10.81931,0x386,0.0,0.0,1.0,6.25,0.27,0.21,18.3125,18.125,17.75,17.65625,-28.2,0.0,17.0,0.0
10.82466,0x220,0.0,0.0,1.0,6.25,0.35,0.32,18.3125,18.125,17.75,17.65625,-28.2,0.0,17.0,0.0
10.82754,0x2B0,0.0,0.0,1.0,6.25,0.35,0.32,18.3125,18.125,17.75,17.65625,-28.2,0.0,17.0,0.0
10.82881,0x316,0.0,0.0,1.0,6.25,0.35,0.32,18.3125,18.125,17.75,17.65625,-28.2,0.0,12.0,0.0
10.83463,0x220,0.0,0.0,1.0,6.25,0.45,0.22,18.3125,18.125,17.75,17.65625,-28.2,0.0,12.0,0.0
10.83754,0x2B0,0.0,0.0,1.0,6.25,0.45,0.22,18.3125,18.125,17.75,17.65625,-28.2,0.0,12.0,0.0
10.8389,0x316,0.0,0.0,1.0,6.25,0.45,0.22,18.3125,18.125,17.75,17.65625,-28.2,0.0,10.0,0.0
10.83936,0x386,0.0,0.0,1.0,6.25,0.45,0.22,18.3125,18.3125,17.625,17.5625,-28.2,0.0,10.0,0.0
10.84466,0x220,0.0,0.0,1.0,6.25,0.53,0.02,18.3125,18.3125,17.625,17.5625,-28.2,0.0,10.0,0.0
10.84763,0x2B0,0.0,0.0,1.0,6.25,0.53,0.02,18.3125,18.3125,17.625,17.5625,-28.2,0.0,10.0,0.0
10.84888,0x316,0.0,0.0,1.0,6.25,0.53,0.02,18.3125,18.3125,17.625,17.5625,-28.2,0.0,10.0,0.0
10.85463,0x220,0.0,0.0,1.0,6.25,0.6,-0.06,18.3125,18.3125,17.625,17.5625,-28.2,0.0,10.0,0.0
10.85757,0x2B0,0.0,0.0,1.0,6.25,0.6,-0.06,18.3125,18.3125,17.625,17.5625,-28.0,8.0,10.0,0.0
10.85884,0x316,0.0,0.0,1.0,6.25,0.6,-0.06,18.3125,18.3125,17.625,17.5625,-28.0,8.0,0.0,0.0
10.85931,0x386,0.0,0.0,1.0,6.25,0.6,-0.06,18.25,18.15625,17.5,17.4375,-28.0,8.0,0.0,0.0
10.86472,0x220,0.0,0.0,1.0,6.25,0.63,-0.04,18.25,18.15625,17.5,17.4375,-28.0,8.0,0.0,0.0
10.86761,0x2B0,0.0,0.0,1.0,6.25,0.63,-0.04,18.25,18.15625,17.5,17.4375,-28.0,8.0,0.0,0.0
10.86898,0x316,0.0,0.0,1.0,6.25,0.63,-0.04,18.25,18.15625,17.5,17.4375,-28.0,8.0,0.0,0.0
10.87463,0x220,0.0,0.0,1.0,6.25,0.68,0.0,18.25,18.15625,17.5,17.4375,-28.0,8.0,0.0,0.0
10.87782,0x2B0,0.0,0.0,1.0,6.25,0.68,0.0,18.25,18.15625,17.5,17.4375,-27.7,12.0,0.0,0.0
10.8789,0x316,0.0,0.0,1.0,6.25,0.68,0.0,18.25,18.15625,17.5,17.4375,-27.7,12.0,0.0,0.0
10.87937,0x386,0.0,0.0,1.0,6.25,0.68,0.0,18.3125,18.1875,17.5,17.53125,-27.7,12.0,0.0,0.0
10.88466,0x220,0.0,0.0,1.0,6.25,0.74,0.0,18.3125,18.1875,17.5,17.53125,-27.7,12.0,0.0,0.0
10.88755,0x2B0,0.0,0.0,1.0,6.25,0.74,0.0,18.3125,18.1875,17.5,17.53125,-27.7,12.0,0.0,0.0
10.88883,0x316,0.0,0.0,1.0,6.25,0.74,0.0,18.3125,18.1875,17.5,17.53125,-27.7,12.0,0.0,0.0
10.89463,0x220,0.0,0.0,1.0,6.25,0.71,-0.11,18.3125,18.1875,17.5,17.53125,-27.7,12.0,0.0,0.0
10.89757,0x2B0,0.0,0.0,1.0,6.25,0.71,-0.11,18.3125,18.1875,17.5,17.53125,-27.6,0.0,0.0,0.0
10.89884,0x316,0.0,0.0,1.0,6.25,0.71,-0.11,18.3125,18.1875,17.5,17.53125,-27.6,0.0,0.0,0.0
10.89931,0x386,0.0,0.0,1.0,6.25,0.71,-0.11,18.25,18.125,17.59375,17.78125,-27.6,0.0,0.0,0.0
10.90466,0x220,0.0,0.0,1.0,6.25,0.61,-0.21,18.25,18.125,17.59375,17.78125,-27.6,0.0,0.0,0.0
10.90763,0x2B0,0.0,0.0,1.0,6.25,0.61,-0.21,18.25,18.125,17.59375,17.78125,-27.6,0.0,0.0,0.0
10.90884,0x316,0.0,0.0,1.0,6.25,0.61,-0.21,18.25,18.125,17.59375,17.78125,-27.6,0.0,0.0,0.0
10.91463,0x220,0.0,0.0,1.0,6.25,0.47,-0.12,18.25,18.125,17.59375,17.78125,-27.6,0.0,0.0,0.0
10.91756,0x2B0,0.0,0.0,1.0,6.25,0.47,-0.12,18.25,18.125,17.59375,17.78125,-27.4,8.0,0.0,0.0
10.91885,0x316,0.0,0.0,1.0,6.25,0.47,-0.12,18.25,18.125,17.59375,17.78125,-27.4,8.0,0.0,0.0
10.91932,0x386,0.0,0.0,1.0,6.25,0.47,-0.12,18.21875,18.03125,17.78125,17.71875,-27.4,8.0,0.0,0.0
10.92466,0x220,0.0,0.0,1.0,6.25,0.4,0.01,18.21875,18.03125,17.78125,17.71875,-27.4,8.0,0.0,0.0
10.92754,0x2B0,0.0,0.0,1.0,6.25,0.4,0.01,18.21875,18.03125,17.78125,17.71875,-27.4,8.0,0.0,0.0
10.92884,0x316,0.0,0.0,1.0,6.25,0.4,0.01,18.21875,18.03125,17.78125,17.71875,-27.4,8.0,0.0,0.0
10.93463,0x220,0.0,0.0,1.0,6.25,0.47,0.09,18.21875,18.03125,17.78125,17.71875,-27.4,8.0,0.0,0.0
10.93762,0x2B0,0.0,0.0,1.0,6.25,0.47,0.09,18.21875,18.03125,17.78125,17.71875,-27.4,0.0,0.0,0.0
10.9389,0x316,0.0,0.0,1.0,6.25,0.47,0.09,18.21875,18.03125,17.78125,17.71875,-27.4,0.0,0.0,0.0
10.93938,0x386,0.0,0.0,1.0,6.25,0.47,0.09,18.09375,18.03125,17.875,17.875,-27.4,0.0,0.0,0.0
10.94468,0x220,0.0,0.0,1.0,6.25,0.59,0.06,18.09375,18.03125,17.875,17.875,-27.4,0.0,0.0,0.0
10.94756,0x2B0,0.0,0.0,1.0,6.25,0.59,0.06,18.09375,18.03125,17.875,17.875,-27.3,0.0,0.0,0.0
10.94893,0x316,0.0,0.0,1.0,6.25,0.59,0.06,18.09375,18.03125,17.875,17.875,-27.3,0.0,0.0,0.0
10.95462,0x220,0.0,0.0,1.0,6.25,0.73,0.01,18.09375,18.03125,17.875,17.875,-27.3,0.0,0.0,0.0
10.95752,0x2B0,0.0,0.0,1.0,6.25,0.73,0.01,18.09375,18.03125,17.875,17.875,-27.3,0.0,0.0,0.0
10.95886,0x316,0.0,0.0,1.0,6.25,0.73,0.01,18.09375,18.03125,17.875,17.875,-27.3,0.0,0.0,0.0
10.95933,0x386,0.0,0.0,1.0,6.25,0.73,0.01,17.96875,17.875,17.90625,17.84375,-27.3,0.0,0.0,0.0
10.96474,0x220,0.0,0.0,1.0,6.25,0.83,0.01,17.96875,17.875,17.90625,17.84375,-27.3,0.0,0.0,0.0
10.96762,0x2B0,0.0,0.0,1.0,6.25,0.83,0.01,17.96875,17.875,17.90625,17.84375,-27.3,0.0,0.0,0.0
10.96892,0x316,0.0,0.0,1.0,6.25,0.83,0.01,17.96875,17.875,17.90625,17.84375,-27.3,0.0,0.0,0.0
10.97463,0x220,0.0,0.0,1.0,6.25,0.87,0.02,17.96875,17.875,17.90625,17.84375,-27.3,0.0,0.0,0.0
10.97759,0x2B0,0.0,0.0,1.0,6.25,0.87,0.02,17.96875,17.875,17.90625,17.84375,-27.1,8.0,0.0,0.0
10.97886,0x316,0.0,0.0,1.0,6.25,0.87,0.02,17.96875,17.875,17.90625,17.84375,-27.1,8.0,0.0,0.0
10.97933,0x386,0.0,0.0,1.0,6.25,0.87,0.02,17.96875,17.875,17.9375,18.1875,-27.1,8.0,0.0,0.0
10.98467,0x220,0.0,0.0,1.0,6.25,0.89,0.01,17.96875,17.875,17.9375,18.1875,-27.1,8.0,0.0,0.0
10.9876,0x2B0,0.0,0.0,1.0,6.25,0.89,0.01,17.96875,17.875,17.9375,18.1875,-27.1,8.0,0.0,0.0
10.98886,0x316,0.0,0.0,1.0,6.25,0.89,0.01,17.96875,17.875,17.9375,18.1875,-27.1,8.0,0.0,0.0
10.99463,0x220,0.0,0.0,1.0,6.25,0.88,0.0,17.96875,17.875,17.9375,18.1875,-27.1,8.0,0.0,0.0
10.99759,0x2B0,0.0,0.0,1.0,6.25,0.88,0.0,17.96875,17.875,17.9375,18.1875,-27.0,0.0,0.0,0.0
10.99887,0x316,0.0,0.0,1.0,6.25,0.88,0.0,17.96875,17.875,17.9375,18.1875,-27.0,0.0,0.0,0.0
10.99934,0x386,0.0,0.0,1.0,6.25,0.88,0.0,17.8125,17.9375,18.0625,17.90625,-27.0,0.0,0.0,0.0
11.00466,0x220,0.0,0.0,1.0,6.25,0.82,0.0,17.8125,17.9375,18.0625,17.90625,-27.0,0.0,0.0,0.0
11.00756,0x2B0,0.0,0.0,1.0,6.25,0.82,0.0,17.8125,17.9375,18.0625,17.90625,-27.0,0.0,0.0,0.0
11.00887,0x316,0.0,0.0,1.0,6.25,0.82,0.0,17.8125,17.9375,18.0625,17.90625,-27.0,0.0,0.0,0.0
11.01463,0x220,0.0,0.0,1.0,6.25,0.72,0.0,17.8125,17.9375,18.0625,17.90625,-27.0,0.0,0.0,0.0
11.01763,0x2B0,0.0,0.0,1.0,6.25,0.72,0.0,17.8125,17.9375,18.0625,17.90625,-27.0,0.0,0.0,0.0
11.01887,0x316,0.0,0.0,1.0,6.25,0.72,0.0,17.8125,17.9375,18.0625,17.90625,-27.0,0.0,0.0,0.0
11.01935,0x386,0.0,0.0,1.0,6.25,0.72,0.0,18.0,18.15625,17.96875,17.90625,-27.0,0.0,0.0,0.0
11.02468,0x220,0.0,0.0,1.0,6.25,0.64,0.02,18.0,18.15625,17.96875,17.90625,-27.0,0.0,0.0,0.0
11.02756,0x2B0,0.0,0.0,1.0,6.25,0.64,0.02,18.0,18.15625,17.96875,17.90625,-26.9,0.0,0.0,0.0
11.02887,0x316,0.0,0.0,1.0,6.25,0.64,0.02,18.0,18.15625,17.96875,17.90625,-26.9,0.0,0.0,0.0
11.03464,0x220,0.0,0.0,1.0,6.25,0.59,0.06,18.0,18.15625,17.96875,17.90625,-26.9,0.0,0.0,0.0
11.03754,0x2B0,0.0,0.0,1.0,6.25,0.59,0.06,18.0,18.15625,17.96875,17.90625,-26.9,0.0,0.0,0.0
11.03893,0x386,0.0,0.0,1.0,6.25,0.59,0.06,17.875,18.03125,17.96875,17.8125,-26.9,0.0,0.0,0.0
11.03917,0x316,0.0,0.0,1.0,6.25,0.59,0.06,17.875,18.03125,17.96875,17.8125,-26.9,0.0,2.0,0.0
11.04466,0x220,0.0,0.0,1.0,6.25,0.51,0.06,17.875,18.03125,17.96875,17.8125,-26.9,0.0,2.0,0.0
11.04754,0x2B0,0.0,0.0,1.0,6.25,0.51,0.06,17.875,18.03125,17.96875,17.8125,-26.9,0.0,2.0,0.0
11.04888,0x316,0.0,0.0,1.0,6.25,0.51,0.06,17.875,18.03125,17.96875,17.8125,-26.9,0.0,2.0,0.0
11.05464,0x220,0.0,0.0,1.0,6.25,0.45,0.04,17.875,18.03125,17.96875,17.8125,-26.9,0.0,2.0,0.0
11.05754,0x2B0,0.0,0.0,1.0,6.25,0.45,0.04,17.875,18.03125,17.96875,17.8125,-26.9,0.0,2.0,0.0
11.05887,0x316,0.0,0.0,1.0,6.25,0.45,0.04,17.875,18.03125,17.96875,17.8125,-26.9,0.0,7.0,0.0
11.05935,0x386,0.0,0.0,1.0,6.25,0.45,0.04,18.1875,17.90625,17.84375,17.8125,-26.9,0.0,7.0,0.0
11.06476,0x220,0.0,0.0,1.0,6.25,0.43,0.07,18.1875,17.90625,17.84375,17.8125,-26.9,0.0,7.0,0.0
11.06753,0x2B0,0.0,0.0,1.0,6.25,0.43,0.07,18.1875,17.90625,17.84375,17.8125,-26.9,0.0,7.0,0.0
11.06898,0x316,0.0,0.0,1.0,6.25,0.43,0.07,18.1875,17.90625,17.84375,17.8125,-26.9,0.0,12.0,0.0
11.07464,0x220,0.0,0.0,1.0,6.25,0.44,0.12,18.1875,17.90625,17.84375,17.8125,-26.9,0.0,12.0,0.0
11.07757,0x2B0,0.0,0.0,1.0,6.25,0.44,0.12,18.1875,17.90625,17.84375,17.8125,-26.9,0.0,12.0,0.0
11.07894,0x316,0.0,0.0,1.0,6.25,0.44,0.12,18.1875,17.90625,17.84375,17.8125,-26.9,0.0,15.0,0.0
11.07941,0x386,0.0,0.0,1.0,6.25,0.44,0.12,18.375,18.15625,17.875,18.0,-26.9,0.0,15.0,0.0
11.08466,0x220,0.0,0.0,1.0,6.25,0.51,0.07,18.375,18.15625,17.875,18.0,-26.9,0.0,15.0,0.0
11.08753,0x2B0,0.0,0.0,1.0,6.25,0.51,0.07,18.375,18.15625,17.875,18.0,-26.9,0.0,15.0,0.0
11.08888,0x316,0.0,0.0,1.0,6.25,0.51,0.07,18.375,18.15625,17.875,18.0,-26.9,0.0,17.0,0.0
11.09464,0x220,0.0,0.0,1.0,6.25,0.65,0.0,18.375,18.15625,17.875,18.0,-26.9,0.0,17.0,0.0
11.09752,0x2B0,0.0,0.0,1.0,6.25,0.65,0.0,18.375,18.15625,17.875,18.0,-26.9,0.0,17.0,0.0
11.09889,0x316,0.0,0.0,1.0,6.25,0.65,0.0,18.375,18.15625,17.875,18.0,-26.9,0.0,20.0,0.0
11.09936,0x386,0.0,0.0,1.0,6.25,0.65,0.0,18.34375,17.9375,17.6875,17.78125,-26.9,0.0,20.0,0.0
11.10467,0x220,0.0,0.0,1.0,6.25,0.82,0.0,18.34375,17.9375,17.6875,17.78125,-26.9,0.0,20.0,0.0
11.10752,0x2B0,0.0,0.0,1.0,6.25,0.82,0.0,18.34375,17.9375,17.6875,17.78125,-26.9,0.0,20.0,0.0
11.10889,0x316,0.0,0.0,1.0,6.25,0.82,0.0,18.34375,17.9375,17.6875,17.78125,-26.9,0.0,20.0,0.0
11.11463,0x220,0.0,0.0,1.0,6.25,0.97,0.09,18.34375,17.9375,17.6875,17.78125,-26.9,0.0,20.0,0.0
11.11753,0x2B0,0.0,0.0,1.0,6.25,0.97,0.09,18.34375,17.9375,17.6875,17.78125,-26.9,0.0,20.0,0.0
11.11889,0x316,0.0,0.0,1.0,6.25,0.97,0.09,18.34375,17.9375,17.6875,17.78125,-26.9,0.0,20.0,0.0
11.11962,0x386,0.0,0.0,1.0,6.25,0.97,0.09,17.875,18.15625,17.59375,17.59375,-26.9,0.0,20.0,0.0
11.12466,0x220,0.0,0.0,1.0,6.25,1.12,0.09,17.875,18.15625,17.59375,17.59375,-26.9,0.0,20.0,0.0
11.12753,0x2B0,0.0,0.0,1.0,6.25,1.12,0.09,17.875,18.15625,17.59375,17.59375,-26.9,0.0,20.0,0.0
11.12889,0x316,0.0,0.0,1.0,6.25,1.12,0.09,17.875,18.15625,17.59375,17.59375,-26.9,0.0,15.0,0.0
11.13464,0x220,0.0,0.0,1.0,6.25,1.14,0.0,17.875,18.15625,17.59375,17.59375,-26.9,0.0,15.0,0.0
11.13752,0x2B0,0.0,0.0,1.0,6.25,1.14,0.0,17.875,18.15625,17.59375,17.59375,-26.9,0.0,15.0,0.0
11.13893,0x316,0.0,0.0,1.0,6.25,1.14,0.0,17.875,18.15625,17.59375,17.59375,-26.9,0.0,12.0,0.0
11.1394,0x386,0.0,0.0,1.0,6.25,1.14,0.0,18.125,18.03125,17.4375,17.40625,-26.9,0.0,12.0,0.0
11.14467,0x220,0.0,0.0,1.0,6.25,1.03,-0.11,18.125,18.03125,17.4375,17.40625,-26.9,0.0,12.0,0.0
11.14753,0x2B0,0.0,0.0,1.0,6.25,1.03,-0.11,18.125,18.03125,17.4375,17.40625,-26.9,0.0,12.0,0.0
11.14895,0x316,0.0,0.0,1.0,6.25,1.03,-0.11,18.125,18.03125,17.4375,17.40625,-26.9,0.0,12.0,0.0
11.15464,0x220,0.0,0.0,1.0,6.25,0.85,-0.18,18.125,18.03125,17.4375,17.40625,-26.9,0.0,12.0,0.0
11.15754,0x2B0,0.0,0.0,1.0,6.25,0.85,-0.18,18.125,18.03125,17.4375,17.40625,-26.9,0.0,12.0,0.0
11.1589,0x316,0.0,0.0,1.0,6.25,0.85,-0.18,18.125,18.03125,17.4375,17.40625,-26.9,0.0,10.0,0.0
11.15937,0x386,0.0,0.0,1.0,6.25,0.85,-0.18,18.21875,17.90625,17.40625,17.6875,-26.9,0.0,10.0,0.0
11.16479,0x220,0.0,0.0,1.0,6.25,0.68,-0.15,18.21875,17.90625,17.40625,17.6875,-26.9,0.0,10.0,0.0
11.16753,0x2B0,0.0,0.0,1.0,6.25,0.68,-0.15,18.21875,17.90625,17.40625,17.6875,-26.9,0.0,10.0,0.0
11.16891,0x316,0.0,0.0,1.0,6.25,0.68,-0.15,18.21875,17.90625,17.40625,17.6875,-26.9,0.0,10.0,0.0
11.17464,0x220,0.0,0.0,1.0,6.25,0.65,-0.05,18.21875,17.90625,17.40625,17.6875,-26.9,0.0,10.0,0.0
11.17773,0x2B0,0.0,0.0,1.0,6.25,0.65,-0.05,18.21875,17.90625,17.40625,17.6875,-26.9,0.0,10.0,0.0
11.17891,0x316,0.0,0.0,1.0,6.25,0.65,-0.05,18.21875,17.90625,17.40625,17.6875,-26.9,0.0,10.0,0.0
11.17938,0x386,0.0,0.0,1.0,6.25,0.65,-0.05,18.03125,18.0,17.375,17.6875,-26.9,0.0,10.0,0.0
11.18467,0x220,0.0,0.0,1.0,6.25,0.78,0.0,18.03125,18.0,17.375,17.6875,-26.9,0.0,10.0,0.0
11.18755,0x2B0,0.0,0.0,1.0,6.25,0.78,0.0,18.03125,18.0,17.375,17.6875,-26.9,0.0,10.0,0.0
11.18891,0x316,0.0,0.0,1.0,6.25,0.78,0.0,18.03125,18.0,17.375,17.6875,-26.9,0.0,10.0,0.0
11.19464,0x220,0.0,0.0,1.0,6.25,0.98,0.0,18.03125,18.0,17.375,17.6875,-26.9,0.0,10.0,0.0
11.19758,0x2B0,0.0,0.0,1.0,6.25,0.98,0.0,18.03125,18.0,17.375,17.6875,-26.9,0.0,10.0,0.0
11.19891,0x316,0.0,0.0,1.0,6.25,0.98,0.0,18.03125,18.0,17.375,17.6875,-26.9,0.0,10.0,0.0
11.19938,0x386,0.0,0.0,1.0,6.25,0.98,0.0,18.3125,18.21875,17.59375,17.40625,-26.9,0.0,10.0,0.0
11.20468,0x220,0.0,0.0,1.0,6.25,1.13,0.01,18.3125,18.21875,17.59375,17.40625,-26.9,0.0,10.0,0.0
11.20755,0x2B0,0.0,0.0,1.0,6.25,1.13,0.01,18.3125,18.21875,17.59375,17.40625,-26.8,0.0,10.0,0.0
11.20891,0x316,0.0,0.0,1.0,6.25,1.13,0.01,18.3125,18.21875,17.59375,17.40625,-26.8,0.0,10.0,0.0
11.21465,0x220,0.0,0.0,1.0,6.25,1.2,0.01,18.3125,18.21875,17.59375,17.40625,-26.8,0.0,10.0,0.0
11.21753,0x2B0,0.0,0.0,1.0,6.25,1.2,0.01,18.3125,18.21875,17.59375,17.40625,-26.8,0.0,10.0,0.0
11.21892,0x316,0.0,0.0,1.0,6.25,1.2,0.01,18.3125,18.21875,17.59375,17.40625,-26.8,0.0,10.0,0.0
11.21938,0x386,0.0,0.0,1.0,6.25,1.2,0.01,17.9375,18.09375,17.625,17.53125,-26.8,0.0,10.0,0.0
11.22468,0x220,0.0,0.0,1.0,6.25,1.22,0.0,17.9375,18.09375,17.625,17.53125,-26.8,0.0,10.0,0.0
11.22754,0x2B0,0.0,0.0,1.0,6.25,1.22,0.0,17.9375,18.09375,17.625,17.53125,-26.8,0.0,10.0,0.0
11.22892,0x316,0.0,0.0,1.0,6.25,1.22,0.0,17.9375,18.09375,17.625,17.53125,-26.8,0.0,12.0,0.0
11.23465,0x220,0.0,0.0,1.0,6.25,1.14,-0.02,17.9375,18.09375,17.625,17.53125,-26.8,0.0,12.0,0.0
11.23758,0x2B0,0.0,0.0,1.0,6.25,1.14,-0.02,17.9375,18.09375,17.625,17.53125,-26.8,0.0,12.0,0.0
11.23894,0x386,0.0,0.0,1.0,6.25,1.14,-0.02,17.96875,17.9375,17.40625,17.65625,-26.8,0.0,12.0,0.0
11.23918,0x316,0.0,0.0,1.0,6.25,1.14,-0.02,17.96875,17.9375,17.40625,17.65625,-26.8,0.0,12.0,0.0
11.24468,0x220,0.0,0.0,1.0,6.25,0.98,-0.02,17.96875,17.9375,17.40625,17.65625,-26.8,0.0,12.0,0.0
11.24755,0x2B0,0.0,0.0,1.0,6.25,0.98,-0.02,17.96875,17.9375,17.40625,17.65625,-26.6,8.0,12.0,0.0
11.24893,0x316,0.0,0.0,1.0,6.25,0.98,-0.02,17.96875,17.9375,17.40625,17.65625,-26.6,8.0,12.0,0.0
11.25464,0x220,0.0,0.0,1.0,6.25,0.84,-0.05,17.96875,17.9375,17.40625,17.65625,-26.6,8.0,12.0,0.0
11.25751,0x2B0,0.0,0.0,1.0,6.25,0.84,-0.05,17.96875,17.9375,17.40625,17.65625,-26.6,8.0,12.0,0.0
11.25893,0x316,0.0,0.0,1.0,6.25,0.84,-0.05,17.96875,17.9375,17.40625,17.65625,-26.6,8.0,12.0,0.0
11.2594,0x386,0.0,0.0,1.0,6.25,0.84,-0.05,18.09375,18.21875,17.65625,17.6875,-26.6,8.0,12.0,0.0
11.26482,0x220,0.0,0.0,1.0,6.25,0.78,-0.03,18.09375,18.21875,17.65625,17.6875,-26.6,8.0,12.0,0.0
11.26751,0x2B0,0.0,0.0,1.0,6.25,0.78,-0.03,18.09375,18.21875,17.65625,17.6875,-26.6,0.0,12.0,0.0
11.26893,0x316,0.0,0.0,1.0,6.25,0.78,-0.03,18.09375,18.21875,17.65625,17.6875,-26.6,0.0,12.0,0.0
11.27462,0x220,0.0,0.0,1.0,6.25,0.82,0.04,18.09375,18.21875,17.65625,17.6875,-26.6,0.0,12.0,0.0
11.2775,0x2B0,0.0,0.0,1.0,6.25,0.82,0.04,18.09375,18.21875,17.65625,17.6875,-26.6,0.0,12.0,0.0
11.27892,0x386,0.0,0.0,1.0,6.25,0.82,0.04,18.0625,17.90625,17.59375,17.625,-26.6,0.0,12.0,0.0
11.27916,0x316,0.0,0.0,1.0,6.25,0.82,0.04,18.0625,17.90625,17.59375,17.625,-26.6,0.0,10.0,0.0
11.28468,0x220,0.0,0.0,1.0,6.25,0.91,0.13,18.0625,17.90625,17.59375,17.625,-26.6,0.0,10.0,0.0
11.28751,0x2B0,0.0,0.0,1.0,6.25,0.91,0.13,18.0625,17.90625,17.59375,17.625,-26.6,0.0,10.0,0.0
11.28894,0x316,0.0,0.0,1.0,6.25,0.91,0.13,18.0625,17.90625,17.59375,17.625,-26.6,0.0,10.0,0.0
11.29465,0x220,0.0,0.0,1.0,6.25,0.97,0.14,18.0625,17.90625,17.59375,17.625,-26.6,0.0,10.0,0.0
11.29753,0x2B0,0.0,0.0,1.0,6.25,0.97,0.14,18.0625,17.90625,17.59375,17.625,-26.6,0.0,10.0,0.0
11.29894,0x316,0.0,0.0,1.0,6.25,0.97,0.14,18.0625,17.90625,17.59375,17.625,-26.6,0.0,10.0,0.0
11.29942,0x386,0.0,0.0,1.0,6.25,0.97,0.14,17.96875,17.875,17.375,17.59375,-26.6,0.0,10.0,0.0
11.30468,0x220,0.0,0.0,1.0,6.25,0.98,0.13,17.96875,17.875,17.375,17.59375,-26.6,0.0,10.0,0.0
11.30755,0x2B0,0.0,0.0,1.0,6.25,0.98,0.13,17.96875,17.875,17.375,17.59375,-26.6,0.0,10.0,0.0
11.30894,0x316,0.0,0.0,1.0,6.25,0.98,0.13,17.96875,17.875,17.375,17.59375,-26.6,0.0,10.0,0.0
11.31465,0x220,0.0,0.0,1.0,6.25,0.94,0.13,17.96875,17.875,17.375,17.59375,-26.6,0.0,10.0,0.0
11.31754,0x2B0,0.0,0.0,1.0,6.25,0.94,0.13,17.96875,17.875,17.375,17.59375,-26.6,0.0,10.0,0.0
11.31894,0x316,0.0,0.0,1.0,6.25,0.94,0.13,17.96875,17.875,17.375,17.59375,-26.6,0.0,10.0,0.0
11.31942,0x386,0.0,0.0,1.0,6.25,0.94,0.13,17.9375,18.0,17.375,17.40625,-26.6,0.0,10.0,0.0
11.32468,0x220,0.0,0.0,1.0,6.25,0.87,0.09,17.9375,18.0,17.375,17.40625,-26.6,0.0,10.0,0.0
11.32755,0x2B0,0.0,0.0,1.0,6.25,0.87,0.09,17.9375,18.0,17.375,17.40625,-26.6,0.0,10.0,0.0
11.32895,0x316,0.0,0.0,1.0,6.25,0.87,0.09,17.9375,18.0,17.375,17.40625,-26.6,0.0,10.0,0.0
11.33465,0x220,0.0,0.0,1.0,6.25,0.71,0.02,17.9375,18.0,17.375,17.40625,-26.6,0.0,10.0,0.0
11.33755,0x2B0,0.0,0.0,1.0,6.25,0.71,0.02,17.9375,18.0,17.375,17.40625,-26.6,0.0,10.0,0.0
11.33895,0x316,0.0,0.0,1.0,6.25,0.71,0.02,17.9375,18.0,17.375,17.40625,-26.6,0.0,10.0,0.0
11.33942,0x386,0.0,0.0,1.0,6.25,0.71,0.02,17.84375,18.03125,17.46875,17.40625,-26.6,0.0,10.0,0.0
11.34469,0x220,0.0,0.0,1.0,6.25,0.55,0.03,17.84375,18.03125,17.46875,17.40625,-26.6,0.0,10.0,0.0
11.34755,0x2B0,0.0,0.0,1.0,6.25,0.55,0.03,17.84375,18.03125,17.46875,17.40625,-26.6,0.0,10.0,0.0
11.34895,0x316,0.0,0.0,1.0,6.25,0.55,0.03,17.84375,18.03125,17.46875,17.40625,-26.6,0.0,10.0,0.0
11.35465,0x220,0.0,0.0,1.0,6.25,0.53,0.1,17.84375,18.03125,17.46875,17.40625,-26.6,0.0,10.0,0.0
11.35755,0x2B0,0.0,0.0,1.0,6.25,0.53,0.1,17.84375,18.03125,17.46875,17.40625,-26.6,0.0,10.0,0.0
11.35895,0x316,0.0,0.0,1.0,6.25,0.53,0.1,17.84375,18.03125,17.46875,17.40625,-26.6,0.0,10.0,0.0
11.35943,0x386,0.0,0.0,1.0,6.25,0.53,0.1,17.90625,18.15625,17.59375,17.375,-26.6,0.0,10.0,0.0
11.36484,0x220,0.0,0.0,1.0,6.25,0.6,0.15,17.90625,18.15625,17.59375,17.375,-26.6,0.0,10.0,0.0
11.36752,0x2B0,0.0,0.0,1.0,6.25,0.6,0.15,17.90625,18.15625,17.59375,17.375,-26.6,0.0,10.0,0.0
11.36896,0x316,0.0,0.0,1.0,6.25,0.6,0.15,17.90625,18.15625,17.59375,17.375,-26.6,0.0,10.0,0.0
11.37467,0x220,0.0,0.0,1.0,6.25,0.72,0.15,17.90625,18.15625,17.59375,17.375,-26.6,0.0,10.0,0.0
11.37777,0x2B0,0.0,0.0,1.0,6.25,0.72,0.15,17.90625,18.15625,17.59375,17.375,-26.6,0.0,10.0,0.0
11.37896,0x316,0.0,0.0,1.0,6.25,0.72,0.15,17.90625,18.15625,17.59375,17.375,-26.6,0.0,10.0,0.0
11.37944,0x386,0.0,0.0,1.0,6.25,0.72,0.15,17.53125,17.71875,17.75,17.6875,-26.6,0.0,10.0,0.0
11.38468,0x220,0.0,0.0,1.0,6.25,0.9,0.13,17.53125,17.71875,17.75,17.6875,-26.6,0.0,10.0,0.0
11.38752,0x2B0,0.0,0.0,1.0,6.25,0.9,0.13,17.53125,17.71875,17.75,17.6875,-26.6,0.0,10.0,0.0
11.38896,0x316,0.0,0.0,1.0,6.25,0.9,0.13,17.53125,17.71875,17.75,17.6875,-26.6,0.0,10.0,0.0
11.39465,0x220,0.0,0.0,1.0,6.25,1.05,0.05,17.53125,17.71875,17.75,17.6875,-26.6,0.0,10.0,0.0
11.39753,0x2B0,0.0,0.0,1.0,6.25,1.05,0.05,17.53125,17.71875,17.75,17.6875,-26.6,0.0,10.0,0.0
11.39896,0x316,0.0,0.0,1.0,6.25,1.05,0.05,17.53125,17.71875,17.75,17.6875,-26.6,0.0,10.0,0.0
11.39944,0x386,0.0,0.0,1.0,6.25,1.05,0.05,17.875,17.84375,17.65625,17.65625,-26.6,0.0,10.0,0.0
11.40467,0x220,0.0,0.0,1.0,6.25,1.11,0.0,17.875,17.84375,17.65625,17.65625,-26.6,0.0,10.0,0.0
11.40753,0x2B0,0.0,0.0,1.0,6.25,1.11,0.0,17.875,17.84375,17.65625,17.65625,-26.6,0.0,10.0,0.0
11.40897,0x316,0.0,0.0,1.0,6.25,1.11,0.0,17.875,17.84375,17.65625,17.65625,-26.6,0.0,10.0,0.0
11.41465,0x220,0.0,0.0,1.0,6.25,1.04,-0.03,17.875,17.84375,17.65625,17.65625,-26.6,0.0,10.0,0.0
11.41753,0x2B0,0.0,0.0,1.0,6.25,1.04,-0.03,17.875,17.84375,17.65625,17.65625,-26.6,0.0,10.0,0.0
11.41897,0x316,0.0,0.0,1.0,6.25,1.04,-0.03,17.875,17.84375,17.65625,17.65625,-26.6,0.0,10.0,0.0
11.41944,0x386,0.0,0.0,1.0,6.25,1.04,-0.03,17.8125,17.75,17.6875,17.71875,-26.6,0.0,10.0,0.0
11.42468,0x220,0.0,0.0,1.0,6.25,0.9,0.0,17.8125,17.75,17.6875,17.71875,-26.6,0.0,10.0,0.0
11.42751,0x2B0,0.0,0.0,1.0,6.25,0.9,0.0,17.8125,17.75,17.6875,17.71875,-26.6,0.0,10.0,0.0
11.42897,0x316,0.0,0.0,1.0,6.25,0.9,0.0,17.8125,17.75,17.6875,17.71875,-26.6,0.0,10.0,0.0
11.43465,0x220,0.0,0.0,1.0,6.25,0.83,0.0,17.8125,17.75,17.6875,17.71875,-26.6,0.0,10.0,0.0
11.43754,0x2B0,0.0,0.0,1.0,6.25,0.83,0.0,17.8125,17.75,17.6875,17.71875,-26.6,0.0,10.0,0.0
11.43897,0x386,0.0,0.0,1.0,6.25,0.83,0.0,17.875,17.78125,17.53125,17.71875,-26.6,0.0,10.0,0.0
11.43921,0x316,0.0,0.0,1.0,6.25,0.83,0.0,17.875,17.78125,17.53125,17.71875,-26.6,0.0,10.0,0.0
11.44469,0x220,0.0,0.0,1.0,6.25,0.78,-0.02,17.875,17.78125,17.53125,17.71875,-26.6,0.0,10.0,0.0
11.44749,0x2B0,0.0,0.0,1.0,6.25,0.78,-0.02,17.875,17.78125,17.53125,17.71875,-26.6,0.0,10.0,0.0
11.44898,0x316,0.0,0.0,1.0,6.25,0.78,-0.02,17.875,17.78125,17.53125,17.71875,-26.6,0.0,10.0,0.0
11.45465,0x220,0.0,0.0,1.0,6.25,0.75,-0.06,17.875,17.78125,17.53125,17.71875,-26.6,0.0,10.0,0.0
11.45754,0x2B0,0.0,0.0,1.0,6.25,0.75,-0.06,17.875,17.78125,17.53125,17.71875,-26.6,0.0,10.0,0.0
11.45898,0x316,0.0,0.0,1.0,6.25,0.75,-0.06,17.875,17.78125,17.53125,17.71875,-26.6,0.0,10.0,0.0
11.45945,0x386,0.0,0.0,1.0,6.25,0.75,-0.06,17.875,17.78125,17.5,17.71875,-26.6,0.0,10.0,0.0
11.46487,0x220,0.0,0.0,1.0,6.25,0.76,-0.11,17.875,17.78125,17.5,17.71875,-26.6,0.0,10.0,0.0
11.46758,0x2B0,0.0,0.0,1.0,6.25,0.76,-0.11,17.875,17.78125,17.5,17.71875,-26.6,0.0,10.0,0.0
11.46898,0x316,0.0,0.0,1.0,6.25,0.76,-0.11,17.875,17.78125,17.5,17.71875,-26.6,0.0,12.0,0.0
11.47469,0x220,0.0,0.0,1.0,6.25,0.76,-0.14,17.875,17.78125,17.5,17.71875,-26.6,0.0,12.0,0.0
11.4778,0x2B0,0.0,0.0,1.0,6.25,0.76,-0.14,17.875,17.78125,17.5,17.71875,-26.8,8.0,12.0,0.0
11.47898,0x316,0.0,0.0,1.0,6.25,0.76,-0.14,17.875,17.78125,17.5,17.71875,-26.8,8.0,15.0,0.0
11.47946,0x386,0.0,0.0,1.0,6.25,0.76,-0.14,17.875,17.78125,17.375,17.59375,-26.8,8.0,15.0,0.0
11.48468,0x220,0.0,0.0,1.0,6.25,0.8,-0.1,17.875,17.78125,17.375,17.59375,-26.8,8.0,15.0,0.0
11.48758,0x2B0,0.0,0.0,1.0,6.25,0.8,-0.1,17.875,17.78125,17.375,17.59375,-26.8,8.0,15.0,0.0
11.48899,0x316,0.0,0.0,1.0,6.25,0.8,-0.1,17.875,17.78125,17.375,17.59375,-26.8,8.0,17.0,0.0
11.49464,0x220,0.0,0.0,1.0,6.25,0.86,-0.06,17.875,17.78125,17.375,17.59375,-26.8,8.0,17.0,0.0
11.49757,0x2B0,0.0,0.0,1.0,6.25,0.86,-0.06,17.875,17.78125,17.375,17.59375,-27.1,12.0,17.0,0.0
11.49899,0x316,0.0,0.0,1.0,6.25,0.86,-0.06,17.875,17.78125,17.375,17.59375,-27.1,12.0,17.0,0.0
11.49947,0x386,0.0,0.0,1.0,6.25,0.86,-0.06,17.9375,17.90625,17.46875,17.5625,-27.1,12.0,17.0,0.0
11.50469,0x220,0.0,0.0,1.0,6.25,0.98,-0.07,17.9375,17.90625,17.46875,17.5625,-27.1,12.0,17.0,0.0
11.50756,0x2B0,0.0,0.0,1.0,6.25,0.98,-0.07,17.9375,17.90625,17.46875,17.5625,-27.2,20.0,17.0,0.0
11.50874,0x316,0.0,0.0,1.0,6.25,0.98,-0.07,17.9375,17.90625,17.46875,17.5625,-27.2,20.0,17.0,0.0
11.51465,0x220,0.0,0.0,1.0,6.25,1.13,-0.13,17.9375,17.90625,17.46875,17.5625,-27.2,20.0,17.0,0.0
11.5177,0x2B0,0.0,0.0,1.0,6.25,1.13,-0.13,17.9375,17.90625,17.46875,17.5625,-27.2,0.0,17.0,0.0
11.519,0x316,0.0,0.0,1.0,6.25,1.13,-0.13,17.9375,17.90625,17.46875,17.5625,-27.2,0.0,17.0,0.0
11.51948,0x386,0.0,0.0,1.0,6.25,1.13,-0.13,17.90625,17.8125,17.375,17.53125,-27.2,0.0,17.0,0.0
11.52468,0x220,0.0,0.0,1.0,6.25,1.24,-0.18,17.90625,17.8125,17.375,17.53125,-27.2,0.0,17.0,0.0
11.52757,0x2B0,0.0,0.0,1.0,6.25,1.24,-0.18,17.90625,17.8125,17.375,17.53125,-27.5,12.0,17.0,0.0
11.529,0x316,0.0,0.0,1.0,6.25,1.24,-0.18,17.90625,17.8125,17.375,17.53125,-27.5,12.0,17.0,0.0
11.53465,0x220,0.0,0.0,1.0,6.25,1.31,-0.22,17.90625,17.8125,17.375,17.53125,-27.5,12.0,17.0,0.0
11.5377,0x2B0,0.0,0.0,1.0,6.25,1.31,-0.22,17.90625,17.8125,17.375,17.53125,-27.6,20.0,17.0,0.0
11.539,0x316,0.0,0.0,1.0,6.25,1.31,-0.22,17.90625,17.8125,17.375,17.53125,-27.6,20.0,17.0,0.0
11.53948,0x386,0.0,0.0,1.0,6.25,1.31,-0.22,17.90625,17.875,17.4375,17.5,-27.6,20.0,17.0,0.0
11.54468,0x220,0.0,0.0,1.0,6.25,1.3,-0.19,17.90625,17.875,17.4375,17.5,-27.6,20.0,17.0,0.0
11.54757,0x2B0,0.0,0.0,1.0,6.25,1.3,-0.19,17.90625,17.875,17.4375,17.5,-27.6,0.0,17.0,0.0
11.549,0x316,0.0,0.0,1.0,6.25,1.3,-0.19,17.90625,17.875,17.4375,17.5,-27.6,0.0,17.0,0.0
11.55465,0x220,0.0,0.0,1.0,6.25,1.27,-0.12,17.90625,17.875,17.4375,17.5,-27.6,0.0,17.0,0.0
11.55771,0x2B0,0.0,0.0,1.0,6.25,1.27,-0.12,17.90625,17.875,17.4375,17.5,-27.8,8.0,17.0,0.0
11.55901,0x316,0.0,0.0,1.0,6.25,1.27,-0.12,17.90625,17.875,17.4375,17.5,-27.8,8.0,12.0,0.0
11.55947,0x386,0.0,0.0,1.0,6.25,1.27,-0.12,17.90625,17.8125,17.40625,17.5625,-27.8,8.0,12.0,0.0
11.56489,0x220,0.0,0.0,1.0,6.25,1.24,-0.14,17.90625,17.8125,17.40625,17.5625,-27.8,8.0,12.0,0.0
11.56755,0x2B0,0.0,0.0,1.0,6.25,1.24,-0.14,17.90625,17.8125,17.40625,17.5625,-28.0,20.0,12.0,0.0
11.56901,0x316,0.0,0.0,1.0,6.25,1.24,-0.14,17.90625,17.8125,17.40625,17.5625,-28.0,20.0,10.0,0.0
11.57471,0x220,0.0,0.0,1.0,6.25,1.19,-0.22,17.90625,17.8125,17.40625,17.5625,-28.0,20.0,10.0,0.0
11.57771,0x2B0,0.0,0.0,1.0,6.25,1.19,-0.22,17.90625,17.8125,17.40625,17.5625,-28.0,8.0,10.0,0.0
11.57901,0x316,0.0,0.0,1.0,6.25,1.19,-0.22,17.90625,17.8125,17.40625,17.5625,-28.0,8.0,10.0,0.0
11.57948,0x386,0.0,0.0,1.0,6.25,1.19,-0.22,17.875,17.875,17.46875,17.40625,-28.0,8.0,10.0,0.0
11.58469,0x220,0.0,0.0,1.0,6.25,1.08,-0.27,17.875,17.875,17.46875,17.40625,-28.0,8.0,10.0,0.0
11.58757,0x2B0,0.0,0.0,1.0,6.25,1.08,-0.27,17.875,17.875,17.46875,17.40625,-28.1,0.0,10.0,0.0
11.58874,0x316,0.0,0.0,1.0,6.25,1.08,-0.27,17.875,17.875,17.46875,17.40625,-28.1,0.0,10.0,0.0
11.59466,0x220,0.0,0.0,1.0,6.25,0.96,-0.25,17.875,17.875,17.46875,17.40625,-28.1,0.0,10.0,0.0
11.59772,0x2B0,0.0,0.0,1.0,6.25,0.96,-0.25,17.875,17.875,17.46875,17.40625,-28.1,0.0,10.0,0.0
11.59902,0x316,0.0,0.0,1.0,6.25,0.96,-0.25,17.875,17.875,17.46875,17.40625,-28.1,0.0,10.0,0.0
11.59949,0x386,0.0,0.0,1.0,6.25,0.96,-0.25,17.84375,17.84375,17.34375,17.3125,-28.1,0.0,10.0,0.0
11.60467,0x220,0.0,0.0,1.0,6.25,0.9,-0.2,17.84375,17.84375,17.34375,17.3125,-28.1,0.0,10.0,0.0
11.60772,0x2B0,0.0,0.0,1.0,6.25,0.9,-0.2,17.84375,17.84375,17.34375,17.3125,-28.3,8.0,10.0,0.0
11.60902,0x316,0.0,0.0,1.0,6.25,0.9,-0.2,17.84375,17.84375,17.34375,17.3125,-28.3,8.0,10.0,0.0
11.61466,0x220,0.0,0.0,1.0,6.25,0.84,-0.14,17.84375,17.84375,17.34375,17.3125,-28.3,8.0,10.0,0.0
11.61772,0x2B0,0.0,0.0,1.0,6.25,0.84,-0.14,17.84375,17.84375,17.34375,17.3125,-28.3,8.0,10.0,0.0
11.61902,0x316,0.0,0.0,1.0,6.25,0.84,-0.14,17.84375,17.84375,17.34375,17.3125,-28.3,8.0,10.0,0.0
11.61949,0x386,0.0,0.0,1.0,6.25,0.84,-0.14,17.9375,17.84375,16.875,17.1875,-28.3,8.0,10.0,0.0
11.62468,0x220,0.0,0.0,1.0,6.25,0.81,-0.08,17.9375,17.84375,16.875,17.1875,-28.3,8.0,10.0,0.0
11.62756,0x2B0,0.0,0.0,1.0,6.25,0.81,-0.08,17.9375,17.84375,16.875,17.1875,-28.3,0.0,10.0,0.0
11.62874,0x316,0.0,0.0,1.0,6.25,0.81,-0.08,17.9375,17.84375,16.875,17.1875,-28.3,0.0,10.0,0.0
11.63468,0x220,0.0,0.0,1.0,6.25,0.81,-0.08,17.9375,17.84375,16.875,17.1875,-28.3,0.0,10.0,0.0
11.63772,0x2B0,0.0,0.0,1.0,6.25,0.81,-0.08,17.9375,17.84375,16.875,17.1875,-28.4,0.0,10.0,0.0
11.63902,0x386,0.0,0.0,1.0,6.25,0.81,-0.08,17.78125,17.65625,17.1875,17.21875,-28.4,0.0,10.0,0.0
11.63926,0x316,0.0,0.0,1.0,6.25,0.81,-0.08,17.78125,17.65625,17.1875,17.21875,-28.4,0.0,12.0,0.0
11.64467,0x220,0.0,0.0,1.0,6.25,0.8,-0.14,17.78125,17.65625,17.1875,17.21875,-28.4,0.0,12.0,0.0
11.64748,0x2B0,0.0,0.0,1.0,6.25,0.8,-0.14,17.78125,17.65625,17.1875,17.21875,-28.4,0.0,12.0,0.0
11.64903,0x316,0.0,0.0,1.0,6.25,0.8,-0.14,17.78125,17.65625,17.1875,17.21875,-28.4,0.0,12.0,0.0
11.65468,0x220,0.0,0.0,1.0,6.25,0.74,-0.13,17.78125,17.65625,17.1875,17.21875,-28.4,0.0,12.0,0.0
11.65749,0x2B0,0.0,0.0,1.0,6.25,0.74,-0.13,17.78125,17.65625,17.1875,17.21875,-28.4,0.0,12.0,0.0
11.65903,0x316,0.0,0.0,1.0,6.25,0.74,-0.13,17.78125,17.65625,17.1875,17.21875,-28.4,0.0,12.0,0.0
11.65951,0x386,0.0,0.0,1.0,6.25,0.74,-0.13,17.875,17.71875,17.375,17.375,-28.4,0.0,12.0,0.0
11.66468,0x220,0.0,0.0,1.0,6.25,0.7,0.0,17.875,17.71875,17.375,17.375,-28.4,0.0,12.0,0.0
11.66749,0x2B0,0.0,0.0,1.0,6.25,0.7,0.0,17.875,17.71875,17.375,17.375,-28.4,0.0,12.0,0.0
11.66904,0x316,0.0,0.0,1.0,6.25,0.7,0.0,17.875,17.71875,17.375,17.375,-28.4,0.0,12.0,0.0
11.67475,0x220,0.0,0.0,1.0,6.25,0.72,0.14,17.875,17.71875,17.375,17.375,-28.4,0.0,12.0,0.0
11.67752,0x2B0,0.0,0.0,1.0,6.25,0.72,0.14,17.875,17.71875,17.375,17.375,-28.4,0.0,12.0,0.0
11.67904,0x316,0.0,0.0,1.0,6.25,0.72,0.14,17.875,17.71875,17.375,17.375,-28.4,0.0,10.0,0.0
11.67952,0x386,0.0,0.0,1.0,6.25,0.72,0.14,17.71875,17.59375,17.75,17.71875,-28.4,0.0,10.0,0.0
11.68469,0x220,0.0,0.0,1.0,6.25,0.86,0.19,17.71875,17.59375,17.75,17.71875,-28.4,0.0,10.0,0.0
11.6875,0x2B0,0.0,0.0,1.0,6.25,0.86,0.19,17.71875,17.59375,17.75,17.71875,-28.4,0.0,10.0,0.0
11.68879,0x316,0.0,0.0,1.0,6.25,0.86,0.19,17.71875,17.59375,17.75,17.71875,-28.4,0.0,10.0,0.0
11.6947,0x220,0.0,0.0,1.0,6.25,1.06,0.02,17.71875,17.59375,17.75,17.71875,-28.4,0.0,10.0,0.0
11.6975,0x2B0,0.0,0.0,1.0,6.25,1.06,0.02,17.71875,17.59375,17.75,17.71875,-28.4,0.0,10.0,0.0
11.69904,0x316,0.0,0.0,1.0,6.25,1.06,0.02,17.71875,17.59375,17.75,17.71875,-28.4,0.0,7.0,0.0
11.69951,0x386,0.0,0.0,1.0,6.25,1.06,0.02,17.78125,17.6875,17.71875,17.625,-28.4,0.0,7.0,0.0
11.70469,0x220,0.0,0.0,1.0,6.25,1.13,-0.16,17.78125,17.6875,17.71875,17.625,-28.4,0.0,7.0,0.0
11.7075,0x2B0,0.0,0.0,1.0,6.25,1.13,-0.16,17.78125,17.6875,17.71875,17.625,-28.4,0.0,7.0,0.0
11.70874,0x316,0.0,0.0,1.0,6.25,1.13,-0.16,17.78125,17.6875,17.71875,17.625,-28.4,0.0,7.0,0.0
11.71469,0x220,0.0,0.0,1.0,6.25,1.03,-0.17,17.78125,17.6875,17.71875,17.625,-28.4,0.0,7.0,0.0
11.71751,0x2B0,0.0,0.0,1.0,6.25,1.03,-0.17,17.78125,17.6875,17.71875,17.625,-28.4,0.0,7.0,0.0
11.71905,0x316,0.0,0.0,1.0,6.25,1.03,-0.17,17.78125,17.6875,17.71875,17.625,-28.4,0.0,7.0,0.0
11.71951,0x386,0.0,0.0,1.0,6.25,1.03,-0.17,17.625,17.65625,17.625,17.4375,-28.4,0.0,7.0,0.0
11.72469,0x220,0.0,0.0,1.0,6.25,0.81,-0.01,17.625,17.65625,17.625,17.4375,-28.4,0.0,7.0,0.0
11.7275,0x2B0,0.0,0.0,1.0,6.25,0.81,-0.01,17.625,17.65625,17.625,17.4375,-28.4,0.0,7.0,0.0
11.72878,0x316,0.0,0.0,1.0,6.25,0.81,-0.01,17.625,17.65625,17.625,17.4375,-28.4,0.0,7.0,0.0
11.7347,0x220,0.0,0.0,1.0,6.25,0.59,0.09,17.625,17.65625,17.625,17.4375,-28.4,0.0,7.0,0.0
11.7375,0x2B0,0.0,0.0,1.0,6.25,0.59,0.09,17.625,17.65625,17.625,17.4375,-28.4,0.0,7.0,0.0
11.73906,0x316,0.0,0.0,1.0,6.25,0.59,0.09,17.625,17.65625,17.625,17.4375,-28.4,0.0,10.0,0.0
11.73953,0x386,0.0,0.0,1.0,6.25,0.59,0.09,17.75,17.75,17.65625,17.5625,-28.4,0.0,10.0,0.0
11.74471,0x220,0.0,0.0,1.0,6.25,0.44,0.08,17.75,17.75,17.65625,17.5625,-28.4,0.0,10.0,0.0
11.74751,0x2B0,0.0,0.0,1.0,6.25,0.44,0.08,17.75,17.75,17.65625,17.5625,-28.4,0.0,10.0,0.0
11.74906,0x316,0.0,0.0,1.0,6.25,0.44,0.08,17.75,17.75,17.65625,17.5625,-28.4,0.0,10.0,0.0
11.7547,0x220,0.0,0.0,1.0,6.25,0.3,-0.05,17.75,17.75,17.65625,17.5625,-28.4,0.0,10.0,0.0
11.75753,0x2B0,0.0,0.0,1.0,6.25,0.3,-0.05,17.75,17.75,17.65625,17.5625,-28.4,0.0,10.0,0.0
11.75906,0x316,0.0,0.0,1.0,6.25,0.3,-0.05,17.75,17.75,17.65625,17.5625,-28.4,0.0,17.0,0.0
11.75952,0x386,0.0,0.0,1.0,6.25,0.3,-0.05,17.6875,17.875,17.6875,17.53125,-28.4,0.0,17.0,0.0
11.76471,0x220,0.0,0.0,1.0,6.25,0.25,-0.18,17.6875,17.875,17.6875,17.53125,-28.4,0.0,17.0,0.0
11.76752,0x2B0,0.0,0.0,1.0,6.25,0.25,-0.18,17.6875,17.875,17.6875,17.53125,-28.4,0.0,17.0,0.0
11.76906,0x316,0.0,0.0,1.0,6.25,0.25,-0.18,17.6875,17.875,17.6875,17.53125,-28.4,0.0,20.0,0.0
11.77477,0x220,0.0,0.0,1.0,6.25,0.3,-0.08,17.6875,17.875,17.6875,17.53125,-28.4,0.0,20.0,0.0
11.77752,0x2B0,0.0,0.0,1.0,6.25,0.3,-0.08,17.6875,17.875,17.6875,17.53125,-28.4,0.0,20.0,0.0
11.77906,0x316,0.0,0.0,1.0,6.25,0.3,-0.08,17.6875,17.875,17.6875,17.53125,-28.4,0.0,25.0,0.0
11.77953,0x386,0.0,0.0,1.0,6.25,0.3,-0.08,17.84375,17.71875,17.65625,17.5625,-28.4,0.0,25.0,0.0
11.78472,0x220,0.0,0.0,1.0,6.25,0.38,0.13,17.84375,17.71875,17.65625,17.5625,-28.4,0.0,25.0,0.0
11.78753,0x2B0,0.0,0.0,1.0,6.25,0.38,0.13,17.84375,17.71875,17.65625,17.5625,-28.4,0.0,25.0,0.0
11.78874,0x316,0.0,0.0,1.0,6.25,0.38,0.13,17.84375,17.71875,17.65625,17.5625,-28.4,0.0,25.0,0.0
11.79473,0x220,0.0,0.0,1.0,6.25,0.52,0.25,17.84375,17.71875,17.65625,17.5625,-28.4,0.0,25.0,0.0
11.79752,0x2B0,0.0,0.0,1.0,6.25,0.52,0.25,17.84375,17.71875,17.65625,17.5625,-28.4,0.0,25.0,0.0
11.7988,0x316,0.0,0.0,1.0,6.25,0.52,0.25,17.84375,17.71875,17.65625,17.5625,-28.4,0.0,25.0,0.0
11.79951,0x386,0.0,0.0,1.0,6.25,0.52,0.25,17.84375,17.84375,17.46875,17.5,-28.4,0.0,25.0,0.0
11.80473,0x220,0.0,0.0,1.0,6.25,0.62,0.21,17.84375,17.84375,17.46875,17.5,-28.4,0.0,25.0,0.0
11.80753,0x2B0,0.0,0.0,1.0,6.25,0.62,0.21,17.84375,17.84375,17.46875,17.5,-28.4,0.0,25.0,0.0
11.80878,0x316,0.0,0.0,1.0,6.25,0.62,0.21,17.84375,17.84375,17.46875,17.5,-28.4,0.0,25.0,0.0
11.81473,0x220,0.0,0.0,1.0,6.25,0.63,0.13,17.84375,17.84375,17.46875,17.5,-28.4,0.0,25.0,0.0
11.81753,0x2B0,0.0,0.0,1.0,6.25,0.63,0.13,17.84375,17.84375,17.46875,17.5,-28.4,0.0,25.0,0.0
11.81881,0x316,0.0,0.0,1.0,6.25,0.63,0.13,17.84375,17.84375,17.46875,17.5,-28.4,0.0,25.0,0.0
11.81952,0x386,0.0,0.0,1.0,6.25,0.63,0.13,17.875,17.71875,17.40625,17.46875,-28.4,0.0,25.0,0.0
11.82473,0x220,0.0,0.0,1.0,6.25,0.54,0.09,17.875,17.71875,17.40625,17.46875,-28.4,0.0,25.0,0.0
11.82754,0x2B0,0.0,0.0,1.0,6.25,0.54,0.09,17.875,17.71875,17.40625,17.46875,-28.4,0.0,25.0,0.0
11.82873,0x316,0.0,0.0,1.0,6.25,0.54,0.09,17.875,17.71875,17.40625,17.46875,-28.4,0.0,22.0,0.0
11.83473,0x220,0.0,0.0,1.0,6.25,0.41,0.1,17.875,17.71875,17.40625,17.46875,-28.4,0.0,22.0,0.0
11.83754,0x2B0,0.0,0.0,1.0,6.25,0.41,0.1,17.875,17.71875,17.40625,17.46875,-28.4,0.0,22.0,0.0
11.83908,0x316,0.0,0.0,1.0,6.25,0.41,0.1,17.875,17.71875,17.40625,17.46875,-28.4,0.0,17.0,0.0
11.83955,0x386,0.0,0.0,1.0,6.25,0.41,0.1,17.90625,17.75,17.46875,17.40625,-28.4,0.0,17.0,0.0
11.84474,0x220,0.0,0.0,1.0,6.25,0.3,0.12,17.90625,17.75,17.46875,17.40625,-28.4,0.0,17.0,0.0
11.84754,0x2B0,0.0,0.0,1.0,6.25,0.3,0.12,17.90625,17.75,17.46875,17.40625,-28.4,0.0,17.0,0.0
11.84908,0x316,0.0,0.0,1.0,6.25,0.3,0.12,17.90625,17.75,17.46875,17.40625,-28.4,0.0,17.0,0.0
11.85473,0x220,0.0,0.0,1.0,6.25,0.17,0.1,17.90625,17.75,17.46875,17.40625,-28.4,0.0,17.0,0.0
11.85755,0x2B0,0.0,0.0,1.0,6.25,0.17,0.1,17.90625,17.75,17.46875,17.40625,-28.4,0.0,17.0,0.0
11.85881,0x316,0.0,0.0,1.0,6.25,0.17,0.1,17.90625,17.75,17.46875,17.40625,-28.4,0.0,15.0,0.0
11.85952,0x386,0.0,0.0,1.0,6.25,0.17,0.1,17.84375,17.6875,17.3125,17.5625,-28.4,0.0,15.0,0.0
11.86474,0x220,0.0,0.0,1.0,6.25,0.1,0.1,17.84375,17.6875,17.3125,17.5625,-28.4,0.0,15.0,0.0
11.86755,0x2B0,0.0,0.0,1.0,6.25,0.1,0.1,17.84375,17.6875,17.3125,17.5625,-28.4,0.0,15.0,0.0
11.86908,0x316,0.0,0.0,1.0,6.25,0.1,0.1,17.84375,17.6875,17.3125,17.5625,-28.4,0.0,15.0,0.0
11.87481,0x220,0.0,0.0,1.0,6.25,0.12,0.18,17.84375,17.6875,17.3125,17.5625,-28.4,0.0,15.0,0.0
11.8778,0x2B0,0.0,0.0,1.0,6.25,0.12,0.18,17.84375,17.6875,17.3125,17.5625,-28.4,0.0,15.0,0.0
11.87909,0x316,0.0,0.0,1.0,6.25,0.12,0.18,17.84375,17.6875,17.3125,17.5625,-28.4,0.0,15.0,0.0
11.87956,0x386,0.0,0.0,1.0,6.25,0.12,0.18,17.90625,17.8125,17.34375,17.5,-28.4,0.0,15.0,0.0
11.88474,0x220,0.0,0.0,1.0,6.25,0.21,0.23,17.90625,17.8125,17.34375,17.5,-28.4,0.0,15.0,0.0
11.88755,0x2B0,0.0,0.0,1.0,6.25,0.21,0.23,17.90625,17.8125,17.34375,17.5,-28.2,8.0,15.0,0.0
11.8888,0x316,0.0,0.0,1.0,6.25,0.21,0.23,17.90625,17.8125,17.34375,17.5,-28.2,8.0,15.0,0.0
11.89474,0x220,0.0,0.0,1.0,6.25,0.35,0.2,17.90625,17.8125,17.34375,17.5,-28.2,8.0,15.0,0.0
11.89756,0x2B0,0.0,0.0,1.0,6.25,0.35,0.2,17.90625,17.8125,17.34375,17.5,-28.0,20.0,15.0,0.0
11.89881,0x316,0.0,0.0,1.0,6.25,0.35,0.2,17.90625,17.8125,17.34375,17.5,-28.0,20.0,15.0,0.0
11.89951,0x386,0.0,0.0,1.0,6.25,0.35,0.2,17.90625,17.78125,17.40625,17.375,-28.0,20.0,15.0,0.0
11.90475,0x220,0.0,0.0,1.0,6.25,0.46,0.2,17.90625,17.78125,17.40625,17.375,-28.0,20.0,15.0,0.0
11.90756,0x2B0,0.0,0.0,1.0,6.25,0.46,0.2,17.90625,17.78125,17.40625,17.375,-28.0,8.0,15.0,0.0
11.90874,0x316,0.0,0.0,1.0,6.25,0.46,0.2,17.90625,17.78125,17.40625,17.375,-28.0,8.0,17.0,0.0
11.91475,0x220,0.0,0.0,1.0,6.25,0.5,0.22,17.90625,17.78125,17.40625,17.375,-28.0,8.0,17.0,0.0
11.91756,0x2B0,0.0,0.0,1.0,6.25,0.5,0.22,17.90625,17.78125,17.40625,17.375,-27.8,8.0,17.0,0.0
11.91881,0x316,0.0,0.0,1.0,6.25,0.5,0.22,17.90625,17.78125,17.40625,17.375,-27.8,8.0,20.0,0.0
11.91952,0x386,0.0,0.0,1.0,6.25,0.5,0.22,17.96875,17.8125,17.4375,17.46875,-27.8,8.0,20.0,0.0
11.92475,0x220,0.0,0.0,1.0,6.25,0.5,0.23,17.96875,17.8125,17.4375,17.46875,-27.8,8.0,20.0,0.0
11.92756,0x2B0,0.0,0.0,1.0,6.25,0.5,0.23,17.96875,17.8125,17.4375,17.46875,-27.6,20.0,20.0,0.0
11.9288,0x316,0.0,0.0,1.0,6.25,0.5,0.23,17.96875,17.8125,17.4375,17.46875,-27.6,20.0,22.0,0.0
11.93476,0x220,0.0,0.0,1.0,6.25,0.52,0.19,17.96875,17.8125,17.4375,17.46875,-27.6,20.0,22.0,0.0
11.93756,0x2B0,0.0,0.0,1.0,6.25,0.52,0.19,17.96875,17.8125,17.4375,17.46875,-27.6,8.0,22.0,0.0
11.9391,0x316,0.0,0.0,1.0,6.25,0.52,0.19,17.96875,17.8125,17.4375,17.46875,-27.6,8.0,22.0,0.0
11.93958,0x386,0.0,0.0,1.0,6.25,0.52,0.19,17.9375,17.875,17.34375,17.5,-27.6,8.0,22.0,0.0
11.94476,0x220,0.0,0.0,1.0,6.25,0.56,0.14,17.9375,17.875,17.34375,17.5,-27.6,8.0,22.0,0.0
11.94757,0x2B0,0.0,0.0,1.0,6.25,0.56,0.14,17.9375,17.875,17.34375,17.5,-27.4,8.0,22.0,0.0
11.94911,0x316,0.0,0.0,1.0,6.25,0.56,0.14,17.9375,17.875,17.34375,17.5,-27.4,8.0,22.0,0.0
11.95475,0x220,0.0,0.0,1.0,6.25,0.55,0.14,17.9375,17.875,17.34375,17.5,-27.4,8.0,22.0,0.0
11.95758,0x2B0,0.0,0.0,1.0,6.25,0.55,0.14,17.9375,17.875,17.34375,17.5,-27.4,8.0,22.0,0.0
11.9588,0x316,0.0,0.0,1.0,6.25,0.55,0.14,17.9375,17.875,17.34375,17.5,-27.4,8.0,22.0,0.0
11.95951,0x386,0.0,0.0,1.0,6.25,0.55,0.14,17.875,17.875,17.34375,17.40625,-27.4,8.0,22.0,0.0
11.96477,0x220,0.0,0.0,1.0,6.25,0.59,0.16,17.875,17.875,17.34375,17.40625,-27.4,8.0,22.0,0.0
11.96757,0x2B0,0.0,0.0,1.0,6.25,0.59,0.16,17.875,17.875,17.34375,17.40625,-27.3,0.0,22.0,0.0
11.96911,0x316,0.0,0.0,1.0,6.25,0.59,0.16,17.875,17.875,17.34375,17.40625,-27.3,0.0,22.0,0.0
11.97484,0x220,0.0,0.0,1.0,6.25,0.74,0.16,17.875,17.875,17.34375,17.40625,-27.3,0.0,22.0,0.0
11.97758,0x2B0,0.0,0.0,1.0,6.25,0.74,0.16,17.875,17.875,17.34375,17.40625,-27.3,0.0,22.0,0.0
11.97888,0x316,0.0,0.0,1.0,6.25,0.74,0.16,17.875,17.875,17.34375,17.40625,-27.3,0.0,20.0,0.0
11.97959,0x386,0.0,0.0,1.0,6.25,0.74,0.16,17.875,17.84375,17.28125,17.375,-27.3,0.0,20.0,0.0
11.98477,0x220,0.0,0.0,1.0,6.25,0.91,0.11,17.875,17.84375,17.28125,17.375,-27.3,0.0,20.0,0.0
11.98759,0x2B0,0.0,0.0,1.0,6.25,0.91,0.11,17.875,17.84375,17.28125,17.375,-27.3,0.0,20.0,0.0
11.98874,0x316,0.0,0.0,1.0,6.25,0.91,0.11,17.875,17.84375,17.28125,17.375,-27.3,0.0,17.0,0.0
11.99477,0x220,0.0,0.0,1.0,6.25,1.01,0.06,17.875,17.84375,17.28125,17.375,-27.3,0.0,17.0,0.0
11.99759,0x2B0,0.0,0.0,1.0,6.25,1.01,0.06,17.875,17.84375,17.28125,17.375,-27.2,0.0,17.0,0.0
11.99881,0x316,0.0,0.0,1.0,6.25,1.01,0.06,17.875,17.84375,17.28125,17.375,-27.2,0.0,17.0,0.0
11.99952,0x386,0.0,0.0,1.0,6.25,1.01,0.06,17.875,17.8125,17.4375,17.375,-27.2,0.0,17.0,0.0
12.00477,0x220,0.0,0.0,1.0,6.25,1.06,0.01,17.875,17.8125,17.4375,17.375,-27.2,0.0,17.0,0.0
12.00759,0x2B0,0.0,0.0,1.0,6.25,1.06,0.01,17.875,17.8125,17.4375,17.375,-27.2,0.0,17.0,0.0
12.0088,0x316,0.0,0.0,1.0,6.25,1.06,0.01,17.875,17.8125,17.4375,17.375,-27.2,0.0,17.0,0.0
12.01478,0x220,0.0,0.0,1.0,6.25,1.1,0.0,17.875,17.8125,17.4375,17.375,-27.2,0.0,17.0,0.0
12.01759,0x2B0,0.0,0.0,1.0,6.25,1.1,0.0,17.875,17.8125,17.4375,17.375,-27.2,0.0,17.0,0.0
12.01886,0x316,0.0,0.0,1.0,6.25,1.1,0.0,17.875,17.8125,17.4375,17.375,-27.2,0.0,17.0,0.0
12.01957,0x386,0.0,0.0,1.0,6.25,1.1,0.0,17.78125,17.8125,17.5625,17.5,-27.2,0.0,17.0,0.0
12.02477,0x220,0.0,0.0,1.0,6.25,1.1,-0.02,17.78125,17.8125,17.5625,17.5,-27.2,0.0,17.0,0.0
12.0276,0x2B0,0.0,0.0,1.0,6.25,1.1,-0.02,17.78125,17.8125,17.5625,17.5,-27.2,0.0,17.0,0.0
12.02874,0x316,0.0,0.0,1.0,6.25,1.1,-0.02,17.78125,17.8125,17.5625,17.5,-27.2,0.0,17.0,0.0
12.03478,0x220,0.0,0.0,1.0,6.25,1.13,-0.06,17.78125,17.8125,17.5625,17.5,-27.2,0.0,17.0,0.0
12.0376,0x2B0,0.0,0.0,1.0,6.25,1.13,-0.06,17.78125,17.8125,17.5625,17.5,-27.2,0.0,17.0,0.0
12.03913,0x316,0.0,0.0,1.0,6.25,1.13,-0.06,17.78125,17.8125,17.5625,17.5,-27.2,0.0,17.0,0.0
12.03961,0x386,0.0,0.0,1.0,6.25,1.13,-0.06,17.875,17.8125,17.46875,17.4375,-27.2,0.0,17.0,0.0
12.04478,0x220,0.0,0.0,1.0,6.25,1.23,-0.14,17.875,17.8125,17.46875,17.4375,-27.2,0.0,17.0,0.0
12.0476,0x2B0,0.0,0.0,1.0,6.25,1.23,-0.14,17.875,17.8125,17.46875,17.4375,-27.2,0.0,17.0,0.0
12.04914,0x316,0.0,0.0,1.0,6.25,1.23,-0.14,17.875,17.8125,17.46875,17.4375,-27.2,0.0,17.0,0.0
12.05478,0x220,0.0,0.0,1.0,6.25,1.29,-0.22,17.875,17.8125,17.46875,17.4375,-27.2,0.0,17.0,0.0
12.05761,0x2B0,0.0,0.0,1.0,6.25,1.29,-0.22,17.875,17.8125,17.46875,17.4375,-27.2,0.0,17.0,0.0
12.05887,0x316,0.0,0.0,1.0,6.25,1.29,-0.22,17.875,17.8125,17.46875,17.4375,-27.2,0.0,20.0,0.0
12.05958,0x386,0.0,0.0,1.0,6.25,1.29,-0.22,17.78125,17.8125,17.59375,17.5625,-27.2,0.0,20.0,0.0
12.06479,0x220,0.0,0.0,1.0,6.25,1.34,-0.28,17.78125,17.8125,17.59375,17.5625,-27.2,0.0,20.0,0.0
12.06761,0x2B0,0.0,0.0,1.0,6.25,1.34,-0.28,17.78125,17.8125,17.59375,17.5625,-27.2,0.0,20.0,0.0
12.06915,0x316,0.0,0.0,1.0,6.25,1.34,-0.28,17.78125,17.8125,17.59375,17.5625,-27.2,0.0,20.0,0.0
12.07488,0x220,0.0,0.0,1.0,6.25,1.36,-0.29,17.78125,17.8125,17.59375,17.5625,-27.2,0.0,20.0,0.0
12.07761,0x2B0,0.0,0.0,1.0,6.25,1.36,-0.29,17.78125,17.8125,17.59375,17.5625,-27.2,0.0,20.0,0.0
12.07886,0x316,0.0,0.0,1.0,6.25,1.36,-0.29,17.78125,17.8125,17.59375,17.5625,-27.2,0.0,20.0,0.0
12.07956,0x386,0.0,0.0,1.0,6.25,1.36,-0.29,17.84375,17.84375,17.59375,17.40625,-27.2,0.0,20.0,0.0
12.08479,0x220,0.0,0.0,1.0,6.25,1.32,-0.28,17.84375,17.84375,17.59375,17.40625,-27.2,0.0,20.0,0.0
12.08762,0x2B0,0.0,0.0,1.0,6.25,1.32,-0.28,17.84375,17.84375,17.59375,17.40625,-27.2,0.0,20.0,0.0
12.0888,0x316,0.0,0.0,1.0,6.25,1.32,-0.28,17.84375,17.84375,17.59375,17.40625,-27.2,0.0,20.0,0.0
12.0948,0x220,0.0,0.0,1.0,6.25,1.25,-0.28,17.84375,17.84375,17.59375,17.40625,-27.2,0.0,20.0,0.0
12.09761,0x2B0,0.0,0.0,1.0,6.25,1.25,-0.28,17.84375,17.84375,17.59375,17.40625,-27.2,0.0,20.0,0.0
12.09885,0x316,0.0,0.0,1.0,6.25,1.25,-0.28,17.84375,17.84375,17.59375,17.40625,-27.2,0.0,20.0,0.0
12.09956,0x386,0.0,0.0,1.0,6.25,1.25,-0.28,17.84375,17.84375,17.59375,17.5,-27.2,0.0,20.0,0.0
12.10479,0x220,0.0,0.0,1.0,6.25,1.16,-0.33,17.84375,17.84375,17.59375,17.5,-27.2,0.0,20.0,0.0
12.10762,0x2B0,0.0,0.0,1.0,6.25,1.16,-0.33,17.84375,17.84375,17.59375,17.5,-27.2,0.0,20.0,0.0
12.10874,0x316,0.0,0.0,1.0,6.25,1.16,-0.33,17.84375,17.84375,17.59375,17.5,-27.2,0.0,20.0,0.0
12.1148,0x220,0.0,0.0,1.0,6.25,1.05,-0.38,17.84375,17.84375,17.59375,17.5,-27.2,0.0,20.0,0.0
12.11748,0x2B0,0.0,0.0,1.0,6.25,1.05,-0.38,17.84375,17.84375,17.59375,17.5,-27.2,0.0,20.0,0.0
12.11884,0x316,0.0,0.0,1.0,6.25,1.05,-0.38,17.84375,17.84375,17.59375,17.5,-27.2,0.0,17.0,0.0
12.1198,0x386,0.0,0.0,1.0,6.25,1.05,-0.38,17.875,17.875,17.71875,17.65625,-27.2,0.0,17.0,0.0
12.1248,0x220,0.0,0.0,1.0,6.25,0.99,-0.39,17.875,17.875,17.71875,17.65625,-27.2,0.0,17.0,0.0
12.12762,0x2B0,0.0,0.0,1.0,6.25,0.99,-0.39,17.875,17.875,17.71875,17.65625,-27.2,0.0,17.0,0.0
12.1288,0x316,0.0,0.0,1.0,6.25,0.99,-0.39,17.875,17.875,17.71875,17.65625,-27.2,0.0,17.0,0.0
12.1348,0x220,0.0,0.0,1.0,6.25,0.91,-0.34,17.875,17.875,17.71875,17.65625,-27.2,0.0,17.0,0.0
12.13762,0x2B0,0.0,0.0,1.0,6.25,0.91,-0.34,17.875,17.875,17.71875,17.65625,-27.2,0.0,17.0,0.0
12.13916,0x316,0.0,0.0,1.0,6.25,0.91,-0.34,17.875,17.875,17.71875,17.65625,-27.2,0.0,17.0,0.0
12.13964,0x386,0.0,0.0,1.0,6.25,0.91,-0.34,17.9375,17.875,17.71875,17.71875,-27.2,0.0,17.0,0.0
12.14481,0x220,0.0,0.0,1.0,6.25,0.76,-0.25,17.9375,17.875,17.71875,17.71875,-27.2,0.0,17.0,0.0
12.14763,0x2B0,0.0,0.0,1.0,6.25,0.76,-0.25,17.9375,17.875,17.71875,17.71875,-27.2,0.0,17.0,0.0
12.14889,0x316,0.0,0.0,1.0,6.25,0.76,-0.25,17.9375,17.875,17.71875,17.71875,-27.2,0.0,17.0,0.0
12.15481,0x220,0.0,0.0,1.0,6.25,0.66,-0.18,17.9375,17.875,17.71875,17.71875,-27.2,0.0,17.0,0.0
12.15763,0x2B0,0.0,0.0,1.0,6.25,0.66,-0.18,17.9375,17.875,17.71875,17.71875,-27.2,0.0,17.0,0.0
12.1588,0x316,0.0,0.0,1.0,6.25,0.66,-0.18,17.9375,17.875,17.71875,17.71875,-27.2,0.0,17.0,0.0
12.15951,0x386,0.0,0.0,1.0,6.25,0.66,-0.18,17.8125,17.90625,17.59375,17.59375,-27.2,0.0,17.0,0.0
12.16481,0x220,0.0,0.0,1.0,6.25,0.57,-0.16,17.8125,17.90625,17.59375,17.59375,-27.2,0.0,17.0,0.0
12.16763,0x2B0,0.0,0.0,1.0,6.25,0.57,-0.16,17.8125,17.90625,17.59375,17.59375,-27.0,8.0,17.0,0.0
12.16917,0x316,0.0,0.0,1.0,6.25,0.57,-0.16,17.8125,17.90625,17.59375,17.59375,-27.0,8.0,17.0,0.0
12.17481,0x220,0.0,0.0,1.0,6.25,0.48,-0.12,17.8125,17.90625,17.59375,17.59375,-27.0,8.0,17.0,0.0
12.17766,0x2B0,0.0,0.0,1.0,6.25,0.48,-0.12,17.8125,17.90625,17.59375,17.59375,-27.0,8.0,17.0,0.0
12.17888,0x316,0.0,0.0,1.0,6.25,0.48,-0.12,17.8125,17.90625,17.59375,17.59375,-27.0,8.0,17.0,0.0
12.17959,0x386,0.0,0.0,1.0,6.25,0.48,-0.12,17.96875,17.8125,17.4375,17.53125,-27.0,8.0,17.0,0.0
12.18482,0x220,0.0,0.0,1.0,6.25,0.42,-0.02,17.96875,17.8125,17.4375,17.53125,-27.0,8.0,17.0,0.0
12.18764,0x2B0,0.0,0.0,1.0,6.25,0.42,-0.02,17.96875,17.8125,17.4375,17.53125,-26.9,0.0,17.0,0.0
12.18874,0x316,0.0,0.0,1.0,6.25,0.42,-0.02,17.96875,17.8125,17.4375,17.53125,-26.9,0.0,17.0,0.0
12.19482,0x220,0.0,0.0,1.0,6.25,0.38,0.0,17.96875,17.8125,17.4375,17.53125,-26.9,0.0,17.0,0.0
12.19764,0x2B0,0.0,0.0,1.0,6.25,0.38,0.0,17.96875,17.8125,17.4375,17.53125,-26.9,0.0,17.0,0.0
12.1988,0x316,0.0,0.0,1.0,6.25,0.38,0.0,17.96875,17.8125,17.4375,17.53125,-26.9,0.0,20.0,0.0
12.1995,0x386,0.0,0.0,1.0,6.25,0.38,0.0,18.0,17.84375,17.4375,17.5,-26.9,0.0,20.0,0.0
12.20483,0x220,0.0,0.0,1.0,6.25,0.33,0.0,18.0,17.84375,17.4375,17.5,-26.9,0.0,20.0,0.0
12.20765,0x2B0,0.0,0.0,1.0,6.25,0.33,0.0,18.0,17.84375,17.4375,17.5,-26.9,0.0,20.0,0.0
12.20876,0x316,0.0,0.0,1.0,6.25,0.33,0.0,18.0,17.84375,17.4375,17.5,-26.9,0.0,20.0,0.0
12.21483,0x220,0.0,0.0,1.0,6.25,0.27,0.0,18.0,17.84375,17.4375,17.5,-26.9,0.0,20.0,0.0
12.21765,0x2B0,0.0,0.0,1.0,6.25,0.27,0.0,18.0,17.84375,17.4375,17.5,-26.8,0.0,20.0,0.0
12.21886,0x316,0.0,0.0,1.0,6.25,0.27,0.0,18.0,17.84375,17.4375,17.5,-26.8,0.0,20.0,0.0
12.21957,0x386,0.0,0.0,1.0,6.25,0.27,0.0,18.0,17.9375,17.5,17.625,-26.8,0.0,20.0,0.0
12.22484,0x220,0.0,0.0,1.0,6.25,0.22,0.08,18.0,17.9375,17.5,17.625,-26.8,0.0,20.0,0.0
12.22765,0x2B0,0.0,0.0,1.0,6.25,0.22,0.08,18.0,17.9375,17.5,17.625,-26.8,0.0,20.0,0.0
12.22874,0x316,0.0,0.0,1.0,6.25,0.22,0.08,18.0,17.9375,17.5,17.625,-26.8,0.0,20.0,0.0
12.23483,0x220,0.0,0.0,1.0,6.25,0.22,0.17,18.0,17.9375,17.5,17.625,-26.8,0.0,20.0,0.0
12.23766,0x2B0,0.0,0.0,1.0,6.25,0.22,0.17,18.0,17.9375,17.5,17.625,-26.6,8.0,20.0,0.0
12.23919,0x316,0.0,0.0,1.0,6.25,0.22,0.17,18.0,17.9375,17.5,17.625,-26.6,8.0,20.0,0.0
12.23965,0x386,0.0,0.0,1.0,6.25,0.22,0.17,17.96875,17.8125,17.53125,17.5625,-26.6,8.0,20.0,0.0
12.24483,0x220,0.0,0.0,1.0,6.25,0.34,0.24,17.96875,17.8125,17.53125,17.5625,-26.6,8.0,20.0,0.0
12.24766,0x2B0,0.0,0.0,1.0,6.25,0.34,0.24,17.96875,17.8125,17.53125,17.5625,-26.6,8.0,20.0,0.0
12.24888,0x316,0.0,0.0,1.0,6.25,0.34,0.24,17.96875,17.8125,17.53125,17.5625,-26.6,8.0,20.0,0.0
12.25484,0x220,0.0,0.0,1.0,6.25,0.54,0.26,17.96875,17.8125,17.53125,17.5625,-26.6,8.0,20.0,0.0
12.25766,0x2B0,0.0,0.0,1.0,6.25,0.54,0.26,17.96875,17.8125,17.53125,17.5625,-26.3,12.0,20.0,0.0
12.25885,0x316,0.0,0.0,1.0,6.25,0.54,0.26,17.96875,17.8125,17.53125,17.5625,-26.3,12.0,17.0,0.0
12.25956,0x386,0.0,0.0,1.0,6.25,0.54,0.26,18.03125,17.875,17.40625,17.46875,-26.3,12.0,17.0,0.0
12.26484,0x220,0.0,0.0,1.0,6.25,0.66,0.2,18.03125,17.875,17.40625,17.46875,-26.3,12.0,17.0,0.0
12.26767,0x2B0,0.0,0.0,1.0,6.25,0.66,0.2,18.03125,17.875,17.40625,17.46875,-26.3,12.0,17.0,0.0
12.2689,0x316,0.0,0.0,1.0,6.25,0.66,0.2,18.03125,17.875,17.40625,17.46875,-26.3,12.0,15.0,0.0
12.27484,0x220,0.0,0.0,1.0,6.25,0.66,0.11,18.03125,17.875,17.40625,17.46875,-26.3,12.0,15.0,0.0
12.27768,0x2B0,0.0,0.0,1.0,6.25,0.66,0.11,18.03125,17.875,17.40625,17.46875,-26.1,8.0,15.0,0.0
12.27885,0x316,0.0,0.0,1.0,6.25,0.66,0.11,18.03125,17.875,17.40625,17.46875,-26.1,8.0,15.0,0.0
12.27956,0x386,0.0,0.0,1.0,6.25,0.66,0.11,18.0,17.875,17.53125,17.46875,-26.1,8.0,15.0,0.0
12.28485,0x220,0.0,0.0,1.0,6.25,0.51,0.08,18.0,17.875,17.53125,17.46875,-26.1,8.0,15.0,0.0
12.28767,0x2B0,0.0,0.0,1.0,6.25,0.51,0.08,18.0,17.875,17.53125,17.46875,-25.9,20.0,15.0,0.0
12.28876,0x316,0.0,0.0,1.0,6.25,0.51,0.08,18.0,17.875,17.53125,17.46875,-25.9,20.0,12.0,0.0
12.29484,0x220,0.0,0.0,1.0,6.25,0.31,0.11,18.0,17.875,17.53125,17.46875,-25.9,20.0,12.0,0.0
12.29768,0x2B0,0.0,0.0,1.0,6.25,0.31,0.11,18.0,17.875,17.53125,17.46875,-25.9,8.0,12.0,0.0
12.29885,0x316,0.0,0.0,1.0,6.25,0.31,0.11,18.0,17.875,17.53125,17.46875,-25.9,8.0,12.0,0.0
12.29956,0x386,0.0,0.0,1.0,6.25,0.31,0.11,17.9375,17.875,17.5,17.46875,-25.9,8.0,12.0,0.0
12.30485,0x220,0.0,0.0,1.0,6.25,0.23,0.17,17.9375,17.875,17.5,17.46875,-25.9,8.0,12.0,0.0
12.30768,0x2B0,0.0,0.0,1.0,6.25,0.23,0.17,17.9375,17.875,17.5,17.46875,-25.6,12.0,12.0,0.0
12.30874,0x316,0.0,0.0,1.0,6.25,0.23,0.17,17.9375,17.875,17.5,17.46875,-25.6,12.0,12.0,0.0
12.31485,0x220,0.0,0.0,1.0,6.25,0.33,0.18,17.9375,17.875,17.5,17.46875,-25.6,12.0,12.0,0.0
12.31768,0x2B0,0.0,0.0,1.0,6.25,0.33,0.18,17.9375,17.875,17.5,17.46875,-25.5,20.0,12.0,0.0
12.31882,0x316,0.0,0.0,1.0,6.25,0.33,0.18,17.9375,17.875,17.5,17.46875,-25.5,20.0,12.0,0.0
12.31954,0x386,0.0,0.0,1.0,6.25,0.33,0.18,17.9375,17.875,17.5625,17.625,-25.5,20.0,12.0,0.0
12.32485,0x220,0.0,0.0,1.0,6.25,0.58,0.12,17.9375,17.875,17.5625,17.625,-25.5,20.0,12.0,0.0
12.32768,0x2B0,0.0,0.0,1.0,6.25,0.58,0.12,17.9375,17.875,17.5625,17.625,-25.5,0.0,12.0,0.0
12.32875,0x316,0.0,0.0,1.0,6.25,0.58,0.12,17.9375,17.875,17.5625,17.625,-25.5,0.0,12.0,0.0
12.33486,0x220,0.0,0.0,1.0,6.25,0.75,0.08,17.9375,17.875,17.5625,17.625,-25.5,0.0,12.0,0.0
12.33769,0x2B0,0.0,0.0,1.0,6.25,0.75,0.08,17.9375,17.875,17.5625,17.625,-25.3,8.0,12.0,0.0
12.33895,0x386,0.0,0.0,1.0,6.25,0.75,0.08,17.90625,17.96875,17.4375,17.53125,-25.3,8.0,12.0,0.0
12.33943,0x316,0.0,0.0,1.0,6.25,0.75,0.08,17.90625,17.96875,17.4375,17.53125,-25.3,8.0,12.0,0.0
12.34486,0x220,0.0,0.0,1.0,6.25,0.84,0.11,17.90625,17.96875,17.4375,17.53125,-25.3,8.0,12.0,0.0
12.34769,0x2B0,0.0,0.0,1.0,6.25,0.84,0.11,17.90625,17.96875,17.4375,17.53125,-25.3,8.0,12.0,0.0
12.34888,0x316,0.0,0.0,1.0,6.25,0.84,0.11,17.90625,17.96875,17.4375,17.53125,-25.3,8.0,12.0,0.0
12.35485,0x220,0.0,0.0,1.0,6.25,0.87,0.19,17.90625,17.96875,17.4375,17.53125,-25.3,8.0,12.0,0.0
12.3577,0x2B0,0.0,0.0,1.0,6.25,0.87,0.19,17.90625,17.96875,17.4375,17.53125,-25.1,8.0,12.0,0.0
12.35882,0x316,0.0,0.0,1.0,6.25,0.87,0.19,17.90625,17.96875,17.4375,17.53125,-25.1,8.0,12.0,0.0
12.35952,0x386,0.0,0.0,1.0,6.25,0.87,0.19,17.90625,17.8125,17.65625,17.5625,-25.1,8.0,12.0,0.0
12.36486,0x220,0.0,0.0,1.0,6.25,0.82,0.23,17.90625,17.8125,17.65625,17.5625,-25.1,8.0,12.0,0.0
12.36769,0x2B0,0.0,0.0,1.0,6.25,0.82,0.23,17.90625,17.8125,17.65625,17.5625,-25.1,8.0,12.0,0.0
12.36892,0x316,0.0,0.0,1.0,6.25,0.82,0.23,17.90625,17.8125,17.65625,17.5625,-25.1,8.0,12.0,0.0
12.37486,0x220,0.0,0.0,1.0,6.25,0.77,0.13,17.90625,17.8125,17.65625,17.5625,-25.1,8.0,12.0,0.0
12.3777,0x2B0,0.0,0.0,1.0,6.25,0.77,0.13,17.90625,17.8125,17.65625,17.5625,-25.0,0.0,12.0,0.0
12.37896,0x316,0.0,0.0,1.0,6.25,0.77,0.13,17.90625,17.8125,17.65625,17.5625,-25.0,0.0,12.0,0.0
12.37967,0x386,0.0,0.0,1.0,6.25,0.77,0.13,17.9375,17.78125,17.5625,17.59375,-25.0,0.0,12.0,0.0
12.38488,0x220,0.0,0.0,1.0,6.25,0.76,-0.02,17.9375,17.78125,17.5625,17.59375,-25.0,0.0,12.0,0.0
12.3877,0x2B0,0.0,0.0,1.0,6.25,0.76,-0.02,17.9375,17.78125,17.5625,17.59375,-25.0,0.0,12.0,0.0
12.38875,0x316,0.0,0.0,1.0,6.25,0.76,-0.02,17.9375,17.78125,17.5625,17.59375,-25.0,0.0,12.0,0.0
12.39486,0x220,0.0,0.0,1.0,6.25,0.82,-0.14,17.9375,17.78125,17.5625,17.59375,-25.0,0.0,12.0,0.0
12.39771,0x2B0,0.0,0.0,1.0,6.25,0.82,-0.14,17.9375,17.78125,17.5625,17.59375,-25.0,0.0,12.0,0.0
12.39882,0x316,0.0,0.0,1.0,6.25,0.82,-0.14,17.9375,17.78125,17.5625,17.59375,-25.0,0.0,12.0,0.0
12.39953,0x386,0.0,0.0,1.0,6.25,0.82,-0.14,17.875,17.84375,17.71875,17.59375,-25.0,0.0,12.0,0.0
12.40487,0x220,0.0,0.0,1.0,6.25,0.88,-0.14,17.875,17.84375,17.71875,17.59375,-25.0,0.0,12.0,0.0
12.40771,0x2B0,0.0,0.0,1.0,6.25,0.88,-0.14,17.875,17.84375,17.71875,17.59375,-24.9,0.0,12.0,0.0
12.40873,0x316,0.0,0.0,1.0,6.25,0.88,-0.14,17.875,17.84375,17.71875,17.59375,-24.9,0.0,12.0,0.0
12.41487,0x220,0.0,0.0,1.0,6.25,0.94,-0.04,17.875,17.84375,17.71875,17.59375,-24.9,0.0,12.0,0.0
12.41747,0x2B0,0.0,0.0,1.0,6.25,0.94,-0.04,17.875,17.84375,17.71875,17.59375,-24.9,0.0,12.0,0.0
12.41888,0x316,0.0,0.0,1.0,6.25,0.94,-0.04,17.875,17.84375,17.71875,17.59375,-24.9,0.0,12.0,0.0
12.4196,0x386,0.0,0.0,1.0,6.25,0.94,-0.04,17.90625,17.8125,17.71875,17.65625,-24.9,0.0,12.0,0.0
12.42488,0x220,0.0,0.0,1.0,6.25,1.02,0.05,17.90625,17.8125,17.71875,17.65625,-24.9,0.0,12.0,0.0
12.42746,0x2B0,0.0,0.0,1.0,6.25,1.02,0.05,17.90625,17.8125,17.71875,17.65625,-24.9,0.0,12.0,0.0
12.42876,0x316,0.0,0.0,1.0,6.25,1.02,0.05,17.90625,17.8125,17.71875,17.65625,-24.9,0.0,12.0,0.0
12.43488,0x220,0.0,0.0,1.0,6.25,1.12,0.03,17.90625,17.8125,17.71875,17.65625,-24.9,0.0,12.0,0.0
12.43746,0x2B0,0.0,0.0,1.0,6.25,1.12,0.03,17.90625,17.8125,17.71875,17.65625,-24.9,0.0,12.0,0.0
12.43897,0x316,0.0,0.0,1.0,6.25,1.12,0.03,17.90625,17.8125,17.71875,17.65625,-24.9,0.0,12.0,0.0
12.43968,0x386,0.0,0.0,1.0,6.25,1.12,0.03,17.875,17.90625,17.65625,17.5625,-24.9,0.0,12.0,0.0
12.44489,0x220,0.0,0.0,1.0,6.25,1.16,-0.11,17.875,17.90625,17.65625,17.5625,-24.9,0.0,12.0,0.0
12.44746,0x2B0,0.0,0.0,1.0,6.25,1.16,-0.11,17.875,17.90625,17.65625,17.5625,-24.9,0.0,12.0,0.0
12.44886,0x316,0.0,0.0,1.0,6.25,1.16,-0.11,17.875,17.90625,17.65625,17.5625,-24.9,0.0,12.0,0.0
12.45488,0x220,0.0,0.0,1.0,6.25,1.11,-0.3,17.875,17.90625,17.65625,17.5625,-24.9,0.0,12.0,0.0
12.45746,0x2B0,0.0,0.0,1.0,6.25,1.11,-0.3,17.875,17.90625,17.65625,17.5625,-24.9,0.0,12.0,0.0
12.45886,0x316,0.0,0.0,1.0,6.25,1.11,-0.3,17.875,17.90625,17.65625,17.5625,-24.9,0.0,12.0,0.0
12.45957,0x386,0.0,0.0,1.0,6.25,1.11,-0.3,18.0,17.90625,17.65625,17.5625,-24.9,0.0,12.0,0.0
12.4649,0x220,0.0,0.0,1.0,6.25,0.97,-0.3,18.0,17.90625,17.65625,17.5625,-24.9,0.0,12.0,0.0
12.46746,0x2B0,0.0,0.0,1.0,6.25,0.97,-0.3,18.0,17.90625,17.65625,17.5625,-24.9,0.0,12.0,0.0
12.46893,0x316,0.0,0.0,1.0,6.25,0.97,-0.3,18.0,17.90625,17.65625,17.5625,-24.9,0.0,12.0,0.0
12.47489,0x220,0.0,0.0,1.0,6.25,0.81,-0.15,18.0,17.90625,17.65625,17.5625,-24.9,0.0,12.0,0.0
12.47746,0x2B0,0.0,0.0,1.0,6.25,0.81,-0.15,18.0,17.90625,17.65625,17.5625,-24.9,0.0,12.0,0.0
12.47887,0x316,0.0,0.0,1.0,6.25,0.81,-0.15,18.0,17.90625,17.65625,17.5625,-24.9,0.0,12.0,0.0
12.47959,0x386,0.0,0.0,1.0,6.25,0.81,-0.15,17.9375,18.0,17.59375,17.59375,-24.9,0.0,12.0,0.0
12.48489,0x220,0.0,0.0,1.0,6.25,0.72,0.0,17.9375,18.0,17.59375,17.59375,-24.9,0.0,12.0,0.0
12.48746,0x2B0,0.0,0.0,1.0,6.25,0.72,0.0,17.9375,18.0,17.59375,17.59375,-24.9,0.0,12.0,0.0
12.48873,0x316,0.0,0.0,1.0,6.25,0.72,0.0,17.9375,18.0,17.59375,17.59375,-24.9,0.0,12.0,0.0
12.49489,0x220,0.0,0.0,1.0,6.25,0.72,-0.01,17.9375,18.0,17.59375,17.59375,-24.9,0.0,12.0,0.0
12.49746,0x2B0,0.0,0.0,1.0,6.25,0.72,-0.01,17.9375,18.0,17.59375,17.59375,-24.9,0.0,12.0,0.0
12.49886,0x316,0.0,0.0,1.0,6.25,0.72,-0.01,17.9375,18.0,17.59375,17.59375,-24.9,0.0,12.0,0.0
12.49958,0x386,0.0,0.0,1.0,6.25,0.72,-0.01,17.9375,18.0625,17.5,17.5625,-24.9,0.0,12.0,0.0
12.5049,0x220,0.0,0.0,1.0,6.25,0.77,-0.1,17.9375,18.0625,17.5,17.5625,-24.9,0.0,12.0,0.0
12.50747,0x2B0,0.0,0.0,1.0,6.25,0.77,-0.1,17.9375,18.0625,17.5,17.5625,-24.9,0.0,12.0,0.0
12.50877,0x316,0.0,0.0,1.0,6.25,0.77,-0.1,17.9375,18.0625,17.5,17.5625,-24.9,0.0,12.0,0.0
12.5149,0x220,0.0,0.0,1.0,6.25,0.84,-0.1,17.9375,18.0625,17.5,17.5625,-24.9,0.0,12.0,0.0
12.51747,0x2B0,0.0,0.0,1.0,6.25,0.84,-0.1,17.9375,18.0625,17.5,17.5625,-24.9,0.0,12.0,0.0
12.51882,0x316,0.0,0.0,1.0,6.25,0.84,-0.1,17.9375,18.0625,17.5,17.5625,-24.9,0.0,12.0,0.0
12.51953,0x386,0.0,0.0,1.0,6.25,0.84,-0.1,17.96875,17.96875,17.59375,17.5625,-24.9,0.0,12.0,0.0
12.5249,0x220,0.0,0.0,1.0,6.25,0.94,-0.03,17.96875,17.96875,17.59375,17.5625,-24.9,0.0,12.0,0.0
12.52748,0x2B0,0.0,0.0,1.0,6.25,0.94,-0.03,17.96875,17.96875,17.59375,17.5625,-24.9,0.0,12.0,0.0
12.52873,0x316,0.0,0.0,1.0,6.25,0.94,-0.03,17.96875,17.96875,17.59375,17.5625,-24.9,0.0,12.0,0.0
12.5349,0x220,0.0,0.0,1.0,6.25,1.03,-0.01,17.96875,17.96875,17.59375,17.5625,-24.9,0.0,12.0,0.0
12.53748,0x2B0,0.0,0.0,1.0,6.25,1.03,-0.01,17.96875,17.96875,17.59375,17.5625,-24.7,8.0,12.0,0.0
12.53896,0x386,0.0,0.0,1.0,6.25,1.03,-0.01,17.90625,17.96875,17.4375,17.5625,-24.7,8.0,12.0,0.0
12.53944,0x316,0.0,0.0,1.0,6.25,1.03,-0.01,17.90625,17.96875,17.4375,17.5625,-24.7,8.0,12.0,0.0
12.54492,0x220,0.0,0.0,1.0,6.25,1.03,-0.05,17.90625,17.96875,17.4375,17.5625,-24.7,8.0,12.0,0.0
12.54745,0x2B0,0.0,0.0,1.0,6.25,1.03,-0.05,17.90625,17.96875,17.4375,17.5625,-24.7,8.0,12.0,0.0
12.54894,0x316,0.0,0.0,1.0,6.25,1.03,-0.05,17.90625,17.96875,17.4375,17.5625,-24.7,8.0,12.0,0.0
12.5549,0x220,0.0,0.0,1.0,6.25,0.95,-0.04,17.90625,17.96875,17.4375,17.5625,-24.7,8.0,12.0,0.0
12.55776,0x2B0,0.0,0.0,1.0,6.25,0.95,-0.04,17.90625,17.96875,17.4375,17.5625,-24.7,0.0,12.0,0.0
12.5588,0x316,0.0,0.0,1.0,6.25,0.95,-0.04,17.90625,17.96875,17.4375,17.5625,-24.7,0.0,12.0,0.0
12.55951,0x386,0.0,0.0,1.0,6.25,0.95,-0.04,18.03125,17.96875,17.46875,17.6875,-24.7,0.0,12.0,0.0
12.56492,0x220,0.0,0.0,1.0,6.25,0.85,-0.01,18.03125,17.96875,17.46875,17.6875,-24.7,0.0,12.0,0.0
12.56748,0x2B0,0.0,0.0,1.0,6.25,0.85,-0.01,18.03125,17.96875,17.46875,17.6875,-24.5,8.0,12.0,0.0
12.5689,0x316,0.0,0.0,1.0,6.25,0.85,-0.01,18.03125,17.96875,17.46875,17.6875,-24.5,8.0,12.0,0.0
12.5749,0x220,0.0,0.0,1.0,6.25,0.81,-0.01,18.03125,17.96875,17.46875,17.6875,-24.5,8.0,12.0,0.0
12.5775,0x2B0,0.0,0.0,1.0,6.25,0.81,-0.01,18.03125,17.96875,17.46875,17.6875,-24.4,12.0,12.0,0.0
12.57893,0x316,0.0,0.0,1.0,6.25,0.81,-0.01,18.03125,17.96875,17.46875,17.6875,-24.4,12.0,12.0,0.0
12.57964,0x386,0.0,0.0,1.0,6.25,0.81,-0.01,17.96875,17.90625,17.46875,17.5,-24.4,12.0,12.0,0.0
12.58493,0x220,0.0,0.0,1.0,6.25,0.85,-0.05,17.96875,17.90625,17.46875,17.5,-24.4,12.0,12.0,0.0
12.58745,0x2B0,0.0,0.0,1.0,6.25,0.85,-0.05,17.96875,17.90625,17.46875,17.5,-24.4,0.0,12.0,0.0
12.58878,0x316,0.0,0.0,1.0,6.25,0.85,-0.05,17.96875,17.90625,17.46875,17.5,-24.4,0.0,12.0,0.0
12.59489,0x220,0.0,0.0,1.0,6.25,0.84,-0.08,17.96875,17.90625,17.46875,17.5,-24.4,0.0,12.0,0.0
12.59746,0x2B0,0.0,0.0,1.0,6.25,0.84,-0.08,17.96875,17.90625,17.46875,17.5,-24.2,8.0,12.0,0.0
12.59881,0x316,0.0,0.0,1.0,6.25,0.84,-0.08,17.96875,17.90625,17.46875,17.5,-24.2,8.0,12.0,0.0
12.59952,0x386,0.0,0.0,1.0,6.25,0.84,-0.08,18.0,17.90625,17.40625,17.5625,-24.2,8.0,12.0,0.0
12.60493,0x220,0.0,0.0,1.0,6.25,0.86,-0.06,18.0,17.90625,17.40625,17.5625,-24.2,8.0,12.0,0.0
12.60776,0x2B0,0.0,0.0,1.0,6.25,0.86,-0.06,18.0,17.90625,17.40625,17.5625,-24.2,8.0,12.0,0.0
12.60874,0x316,0.0,0.0,1.0,6.25,0.86,-0.06,18.0,17.90625,17.40625,17.5625,-24.2,8.0,12.0,0.0
12.6149,0x220,0.0,0.0,1.0,6.25,0.95,0.0,18.0,17.90625,17.40625,17.5625,-24.2,8.0,12.0,0.0
12.61748,0x2B0,0.0,0.0,1.0,6.25,0.95,0.0,18.0,17.90625,17.40625,17.5625,-24.0,8.0,12.0,0.0
12.61885,0x316,0.0,0.0,1.0,6.25,0.95,0.0,18.0,17.90625,17.40625,17.5625,-24.0,8.0,12.0,0.0
12.61957,0x386,0.0,0.0,1.0,6.25,0.95,0.0,17.9375,17.875,17.59375,17.59375,-24.0,8.0,12.0,0.0
12.62494,0x220,0.0,0.0,1.0,6.25,0.98,0.01,17.9375,17.875,17.59375,17.59375,-24.0,8.0,12.0,0.0
12.62752,0x2B0,0.0,0.0,1.0,6.25,0.98,0.01,17.9375,17.875,17.59375,17.59375,-24.0,8.0,12.0,0.0
12.62875,0x316,0.0,0.0,1.0,6.25,0.98,0.01,17.9375,17.875,17.59375,17.59375,-24.0,8.0,12.0,0.0
12.6349,0x220,0.0,0.0,1.0,6.25,0.96,0.0,17.9375,17.875,17.59375,17.59375,-24.0,8.0,12.0,0.0
12.63746,0x2B0,0.0,0.0,1.0,6.25,0.96,0.0,17.9375,17.875,17.59375,17.59375,-23.8,8.0,12.0,0.0
12.63895,0x316,0.0,0.0,1.0,6.25,0.96,0.0,17.9375,17.875,17.59375,17.59375,-23.8,8.0,12.0,0.0
12.63965,0x386,0.0,0.0,1.0,6.25,0.96,0.0,18.0625,17.84375,17.5625,17.625,-23.8,8.0,12.0,0.0
12.64494,0x220,0.0,0.0,1.0,6.25,0.88,-0.08,18.0625,17.84375,17.5625,17.625,-23.8,8.0,12.0,0.0
12.64751,0x2B0,0.0,0.0,1.0,6.25,0.88,-0.08,18.0625,17.84375,17.5625,17.625,-23.8,8.0,12.0,0.0
12.64886,0x316,0.0,0.0,1.0,6.25,0.88,-0.08,18.0625,17.84375,17.5625,17.625,-23.8,8.0,12.0,0.0
12.65491,0x220,0.0,0.0,1.0,6.25,0.78,-0.08,18.0625,17.84375,17.5625,17.625,-23.8,8.0,12.0,0.0
12.65746,0x2B0,0.0,0.0,1.0,6.25,0.78,-0.08,18.0625,17.84375,17.5625,17.625,-23.6,8.0,12.0,0.0
12.65884,0x316,0.0,0.0,1.0,6.25,0.78,-0.08,18.0625,17.84375,17.5625,17.625,-23.6,8.0,12.0,0.0
12.65955,0x386,0.0,0.0,1.0,6.25,0.78,-0.08,17.9375,17.90625,17.5,17.59375,-23.6,8.0,12.0,0.0
12.66494,0x220,0.0,0.0,1.0,6.25,0.72,0.0,17.9375,17.90625,17.5,17.59375,-23.6,8.0,12.0,0.0
12.66749,0x2B0,0.0,0.0,1.0,6.25,0.72,0.0,17.9375,17.90625,17.5,17.59375,-23.6,8.0,12.0,0.0
12.66894,0x316,0.0,0.0,1.0,6.25,0.72,0.0,17.9375,17.90625,17.5,17.59375,-23.6,8.0,12.0,0.0
12.67489,0x220,0.0,0.0,1.0,6.25,0.71,0.05,17.9375,17.90625,17.5,17.59375,-23.6,8.0,12.0,0.0
12.67745,0x2B0,0.0,0.0,1.0,6.25,0.71,0.05,17.9375,17.90625,17.5,17.59375,-23.4,8.0,12.0,0.0
12.67887,0x316,0.0,0.0,1.0,6.25,0.71,0.05,17.9375,17.90625,17.5,17.59375,-23.4,8.0,12.0,0.0
12.67957,0x386,0.0,0.0,1.0,6.25,0.71,0.05,18.0,17.84375,17.5,17.625,-23.4,8.0,12.0,0.0
12.68494,0x220,0.0,0.0,1.0,6.25,0.77,0.12,18.0,17.84375,17.5,17.625,-23.4,8.0,12.0,0.0
12.68751,0x2B0,0.0,0.0,1.0,6.25,0.77,0.12,18.0,17.84375,17.5,17.625,-23.4,8.0,12.0,0.0
12.68873,0x316,0.0,0.0,1.0,6.25,0.77,0.12,18.0,17.84375,17.5,17.625,-23.4,8.0,12.0,0.0
12.6949,0x220,0.0,0.0,1.0,6.25,0.91,0.09,18.0,17.84375,17.5,17.625,-23.4,8.0,12.0,0.0
12.69747,0x2B0,0.0,0.0,1.0,6.25,0.91,0.09,18.0,17.84375,17.5,17.625,-23.3,0.0,12.0,0.0
12.69882,0x316,0.0,0.0,1.0,6.25,0.91,0.09,18.0,17.84375,17.5,17.625,-23.3,0.0,12.0,0.0
12.69954,0x386,0.0,0.0,1.0,6.25,0.91,0.09,17.875,17.90625,17.5625,17.625,-23.3,0.0,12.0,0.0
12.70494,0x220,0.0,0.0,1.0,6.25,1.03,0.01,17.875,17.90625,17.5625,17.625,-23.3,0.0,12.0,0.0
12.70751,0x2B0,0.0,0.0,1.0,6.25,1.03,0.01,17.875,17.90625,17.5625,17.625,-23.3,0.0,12.0,0.0
12.70878,0x316,0.0,0.0,1.0,6.25,1.03,0.01,17.875,17.90625,17.5625,17.625,-23.3,0.0,12.0,0.0
12.71491,0x220,0.0,0.0,1.0,6.25,1.01,0.03,17.875,17.90625,17.5625,17.625,-23.3,0.0,12.0,0.0
12.71744,0x2B0,0.0,0.0,1.0,6.25,1.01,0.03,17.875,17.90625,17.5625,17.625,-23.1,8.0,12.0,0.0
12.71882,0x316,0.0,0.0,1.0,6.25,1.01,0.03,17.875,17.90625,17.5625,17.625,-23.1,8.0,12.0,0.0
12.71952,0x386,0.0,0.0,1.0,6.25,1.01,0.03,17.96875,17.875,17.59375,17.59375,-23.1,8.0,12.0,0.0
12.72494,0x220,0.0,0.0,1.0,6.25,0.97,0.11,17.96875,17.875,17.59375,17.59375,-23.1,8.0,12.0,0.0
12.7275,0x2B0,0.0,0.0,1.0,6.25,0.97,0.11,17.96875,17.875,17.59375,17.59375,-23.1,8.0,12.0,0.0
12.72873,0x316,0.0,0.0,1.0,6.25,0.97,0.11,17.96875,17.875,17.59375,17.59375,-23.1,8.0,12.0,0.0
12.7349,0x220,0.0,0.0,1.0,6.25,0.92,0.18,17.96875,17.875,17.59375,17.59375,-23.1,8.0,12.0,0.0
12.73747,0x2B0,0.0,0.0,1.0,6.25,0.92,0.18,17.96875,17.875,17.59375,17.59375,-22.9,8.0,12.0,0.0
12.73894,0x316,0.0,0.0,1.0,6.25,0.92,0.18,17.96875,17.875,17.59375,17.59375,-22.9,8.0,12.0,0.0
12.73966,0x386,0.0,0.0,1.0,6.25,0.92,0.18,17.90625,17.875,17.6875,17.65625,-22.9,8.0,12.0,0.0
12.74495,0x220,0.0,0.0,1.0,6.25,0.9,0.15,17.90625,17.875,17.6875,17.65625,-22.9,8.0,12.0,0.0
12.74746,0x2B0,0.0,0.0,1.0,6.25,0.9,0.15,17.90625,17.875,17.6875,17.65625,-22.8,12.0,12.0,0.0
12.74895,0x316,0.0,0.0,1.0,6.25,0.9,0.15,17.90625,17.875,17.6875,17.65625,-22.8,12.0,12.0,0.0
12.7549,0x220,0.0,0.0,1.0,6.25,0.94,0.06,17.90625,17.875,17.6875,17.65625,-22.8,12.0,12.0,0.0
12.75742,0x2B0,0.0,0.0,1.0,6.25,0.94,0.06,17.90625,17.875,17.6875,17.65625,-22.8,0.0,12.0,0.0
12.7588,0x316,0.0,0.0,1.0,6.25,0.94,0.06,17.90625,17.875,17.6875,17.65625,-22.8,0.0,12.0,0.0
12.75951,0x386,0.0,0.0,1.0,6.25,0.94,0.06,17.96875,17.96875,17.625,17.53125,-22.8,0.0,12.0,0.0
12.76494,0x220,0.0,0.0,1.0,6.25,1.0,0.0,17.96875,17.96875,17.625,17.53125,-22.8,0.0,12.0,0.0
12.76745,0x2B0,0.0,0.0,1.0,6.25,1.0,0.0,17.96875,17.96875,17.625,17.53125,-22.6,8.0,12.0,0.0
12.76892,0x316,0.0,0.0,1.0,6.25,1.0,0.0,17.96875,17.96875,17.625,17.53125,-22.6,8.0,12.0,0.0
12.7749,0x220,0.0,0.0,1.0,6.25,1.06,0.0,17.96875,17.96875,17.625,17.53125,-22.6,8.0,12.0,0.0
12.77743,0x2B0,0.0,0.0,1.0,6.25,1.06,0.0,17.96875,17.96875,17.625,17.53125,-22.6,8.0,12.0,0.0
12.77886,0x316,0.0,0.0,1.0,6.25,1.06,0.0,17.96875,17.96875,17.625,17.53125,-22.6,8.0,12.0,0.0
12.77957,0x386,0.0,0.0,1.0,6.25,1.06,0.0,17.96875,17.90625,17.59375,17.5625,-22.6,8.0,12.0,0.0
12.78494,0x220,0.0,0.0,1.0,6.25,1.1,0.1,17.96875,17.90625,17.59375,17.5625,-22.6,8.0,12.0,0.0
12.78744,0x2B0,0.0,0.0,1.0,6.25,1.1,0.1,17.96875,17.90625,17.59375,17.5625,-22.4,8.0,12.0,0.0
12.7888,0x316,0.0,0.0,1.0,6.25,1.1,0.1,17.96875,17.90625,17.59375,17.5625,-22.4,8.0,12.0,0.0
12.7949,0x220,0.0,0.0,1.0,6.25,1.1,0.14,17.96875,17.90625,17.59375,17.5625,-22.4,8.0,12.0,0.0
12.79744,0x2B0,0.0,0.0,1.0,6.25,1.1,0.14,17.96875,17.90625,17.59375,17.5625,-22.3,12.0,12.0,0.0
12.7988,0x316,0.0,0.0,1.0,6.25,1.1,0.14,17.96875,17.90625,17.59375,17.5625,-22.3,12.0,12.0,0.0
12.79952,0x386,0.0,0.0,1.0,6.25,1.1,0.14,18.0,17.875,17.6875,17.53125,-22.3,12.0,12.0,0.0
12.80494,0x220,0.0,0.0,1.0,6.25,1.08,0.1,18.0,17.875,17.6875,17.53125,-22.3,12.0,12.0,0.0
12.80751,0x2B0,0.0,0.0,1.0,6.25,1.08,0.1,18.0,17.875,17.6875,17.53125,-22.3,0.0,12.0,0.0
12.80875,0x316,0.0,0.0,1.0,6.25,1.08,0.1,18.0,17.875,17.6875,17.53125,-22.3,0.0,12.0,0.0
12.81491,0x220,0.0,0.0,1.0,6.25,1.09,0.05,18.0,17.875,17.6875,17.53125,-22.3,0.0,12.0,0.0
12.81746,0x2B0,0.0,0.0,1.0,6.25,1.09,0.05,18.0,17.875,17.6875,17.53125,-22.1,8.0,12.0,0.0
12.8188,0x316,0.0,0.0,1.0,6.25,1.09,0.05,18.0,17.875,17.6875,17.53125,-22.1,8.0,12.0,0.0
12.81952,0x386,0.0,0.0,1.0,6.25,1.09,0.05,18.0,18.0,17.625,17.6875,-22.1,8.0,12.0,0.0
12.82494,0x220,0.0,0.0,1.0,6.25,1.05,0.0,18.0,18.0,17.625,17.6875,-22.1,8.0,12.0,0.0
12.8275,0x2B0,0.0,0.0,1.0,6.25,1.05,0.0,18.0,18.0,17.625,17.6875,-22.1,8.0,12.0,0.0
12.82879,0x316,0.0,0.0,1.0,6.25,1.05,0.0,18.0,18.0,17.625,17.6875,-22.1,8.0,12.0,0.0
12.83491,0x220,0.0,0.0,1.0,6.25,0.99,0.0,18.0,18.0,17.625,17.6875,-22.1,8.0,12.0,0.0
12.83744,0x2B0,0.0,0.0,1.0,6.25,0.99,0.0,18.0,18.0,17.625,17.6875,-21.9,8.0,12.0,0.0
12.83894,0x316,0.0,0.0,1.0,6.25,0.99,0.0,18.0,18.0,17.625,17.6875,-21.9,8.0,12.0,0.0
12.83965,0x386,0.0,0.0,1.0,6.25,0.99,0.0,18.03125,17.90625,17.53125,17.8125,-21.9,8.0,12.0,0.0
12.84495,0x220,0.0,0.0,1.0,6.25,0.97,0.09,18.03125,17.90625,17.53125,17.8125,-21.9,8.0,12.0,0.0
12.84749,0x2B0,0.0,0.0,1.0,6.25,0.97,0.09,18.03125,17.90625,17.53125,17.8125,-21.9,8.0,12.0,0.0
12.84889,0x316,0.0,0.0,1.0,6.25,0.97,0.09,18.03125,17.90625,17.53125,17.8125,-21.9,8.0,12.0,0.0
12.85491,0x220,0.0,0.0,1.0,6.25,0.93,0.22,18.03125,17.90625,17.53125,17.8125,-21.9,8.0,12.0,0.0
12.85745,0x2B0,0.0,0.0,1.0,6.25,0.93,0.22,18.03125,17.90625,17.53125,17.8125,-21.6,12.0,12.0,0.0
12.85879,0x316,0.0,0.0,1.0,6.25,0.93,0.22,18.03125,17.90625,17.53125,17.8125,-21.6,12.0,12.0,0.0
12.8595,0x386,0.0,0.0,1.0,6.25,0.93,0.22,17.9375,17.9375,17.625,17.65625,-21.6,12.0,12.0,0.0
12.86495,0x220,0.0,0.0,1.0,6.25,0.92,0.25,17.9375,17.9375,17.625,17.65625,-21.6,12.0,12.0,0.0
12.86743,0x2B0,0.0,0.0,1.0,6.25,0.92,0.25,17.9375,17.9375,17.625,17.65625,-21.5,20.0,12.0,0.0
12.86902,0x316,0.0,0.0,1.0,6.25,0.92,0.25,17.9375,17.9375,17.625,17.65625,-21.5,20.0,12.0,0.0
12.87491,0x220,0.0,0.0,1.0,6.25,0.92,0.22,17.9375,17.9375,17.625,17.65625,-21.5,20.0,12.0,0.0
12.87747,0x2B0,0.0,0.0,1.0,6.25,0.92,0.22,17.9375,17.9375,17.625,17.65625,-21.3,12.0,12.0,0.0
12.87887,0x316,0.0,0.0,1.0,6.25,0.92,0.22,17.9375,17.9375,17.625,17.65625,-21.3,12.0,12.0,0.0
12.87957,0x386,0.0,0.0,1.0,6.25,0.92,0.22,18.0625,17.96875,17.53125,17.6875,-21.3,12.0,12.0,0.0
12.88494,0x220,0.0,0.0,1.0,6.25,0.9,0.21,18.0625,17.96875,17.53125,17.6875,-21.3,12.0,12.0,0.0
12.88744,0x2B0,0.0,0.0,1.0,6.25,0.9,0.21,18.0625,17.96875,17.53125,17.6875,-21.1,20.0,12.0,0.0
12.88874,0x316,0.0,0.0,1.0,6.25,0.9,0.21,18.0625,17.96875,17.53125,17.6875,-21.1,20.0,12.0,0.0
12.8949,0x220,0.0,0.0,1.0,6.25,0.86,0.26,18.0625,17.96875,17.53125,17.6875,-21.1,20.0,12.0,0.0
12.89747,0x2B0,0.0,0.0,1.0,6.25,0.86,0.26,18.0625,17.96875,17.53125,17.6875,-21.1,8.0,12.0,0.0
12.89879,0x316,0.0,0.0,1.0,6.25,0.86,0.26,18.0625,17.96875,17.53125,17.6875,-21.1,8.0,12.0,0.0
12.89951,0x386,0.0,0.0,1.0,6.25,0.86,0.26,17.9375,17.8125,17.53125,17.8125,-21.1,8.0,12.0,0.0
12.90494,0x220,0.0,0.0,1.0,6.25,0.86,0.29,17.9375,17.8125,17.53125,17.8125,-21.1,8.0,12.0,0.0
12.90743,0x2B0,0.0,0.0,1.0,6.25,0.86,0.29,17.9375,17.8125,17.53125,17.8125,-20.8,12.0,12.0,0.0
12.90879,0x316,0.0,0.0,1.0,6.25,0.86,0.29,17.9375,17.8125,17.53125,17.8125,-20.8,12.0,12.0,0.0
12.9149,0x220,0.0,0.0,1.0,6.25,0.95,0.3,17.9375,17.8125,17.53125,17.8125,-20.8,12.0,12.0,0.0
12.91743,0x2B0,0.0,0.0,1.0,6.25,0.95,0.3,17.9375,17.8125,17.53125,17.8125,-20.7,20.0,12.0,0.0
12.91886,0x316,0.0,0.0,1.0,6.25,0.95,0.3,17.9375,17.8125,17.53125,17.8125,-20.7,20.0,12.0,0.0
12.91957,0x386,0.0,0.0,1.0,6.25,0.95,0.3,18.0625,18.09375,17.46875,17.8125,-20.7,20.0,12.0,0.0
12.92493,0x220,0.0,0.0,1.0,6.25,1.09,0.28,18.0625,18.09375,17.46875,17.8125,-20.7,20.0,12.0,0.0
12.92743,0x2B0,0.0,0.0,1.0,6.25,1.09,0.28,18.0625,18.09375,17.46875,17.8125,-20.5,12.0,12.0,0.0
12.92873,0x316,0.0,0.0,1.0,6.25,1.09,0.28,18.0625,18.09375,17.46875,17.8125,-20.5,12.0,12.0,0.0
12.93492,0x220,0.0,0.0,1.0,6.25,1.22,0.24,18.0625,18.09375,17.46875,17.8125,-20.5,12.0,12.0,0.0
12.93747,0x2B0,0.0,0.0,1.0,6.25,1.22,0.24,18.0625,18.09375,17.46875,17.8125,-20.5,8.0,12.0,0.0
12.93893,0x316,0.0,0.0,1.0,6.25,1.22,0.24,18.0625,18.09375,17.46875,17.8125,-20.5,8.0,12.0,0.0
12.93964,0x386,0.0,0.0,1.0,6.25,1.22,0.24,18.03125,18.09375,17.46875,17.78125,-20.5,8.0,12.0,0.0
12.94497,0x220,0.0,0.0,1.0,6.25,1.31,0.17,18.03125,18.09375,17.46875,17.78125,-20.5,8.0,12.0,0.0
12.94741,0x2B0,0.0,0.0,1.0,6.25,1.31,0.17,18.03125,18.09375,17.46875,17.78125,-20.2,12.0,12.0,0.0
12.94894,0x316,0.0,0.0,1.0,6.25,1.31,0.17,18.03125,18.09375,17.46875,17.78125,-20.2,12.0,12.0,0.0
12.95491,0x220,0.0,0.0,1.0,6.25,1.33,0.13,18.03125,18.09375,17.46875,17.78125,-20.2,12.0,12.0,0.0
12.95742,0x2B0,0.0,0.0,1.0,6.25,1.33,0.13,18.03125,18.09375,17.46875,17.78125,-20.0,24.0,12.0,0.0
12.95884,0x316,0.0,0.0,1.0,6.25,1.33,0.13,18.03125,18.09375,17.46875,17.78125,-20.0,24.0,12.0,0.0
12.95955,0x386,0.0,0.0,1.0,6.25,1.33,0.13,18.03125,18.0625,17.53125,17.6875,-20.0,24.0,12.0,0.0
12.96495,0x220,0.0,0.0,1.0,6.25,1.32,0.14,18.03125,18.0625,17.53125,17.6875,-20.0,24.0,12.0,0.0
12.96741,0x2B0,0.0,0.0,1.0,6.25,1.32,0.14,18.03125,18.0625,17.53125,17.6875,-19.8,20.0,12.0,0.0
12.9689,0x316,0.0,0.0,1.0,6.25,1.32,0.14,18.03125,18.0625,17.53125,17.6875,-19.8,20.0,12.0,0.0
12.9749,0x220,0.0,0.0,1.0,6.25,1.34,0.18,18.03125,18.0625,17.53125,17.6875,-19.8,20.0,12.0,0.0
12.97746,0x2B0,0.0,0.0,1.0,6.25,1.34,0.18,18.03125,18.0625,17.53125,17.6875,-19.7,12.0,12.0,0.0
12.97885,0x316,0.0,0.0,1.0,6.25,1.34,0.18,18.03125,18.0625,17.53125,17.6875,-19.7,12.0,12.0,0.0
12.97956,0x386,0.0,0.0,1.0,6.25,1.34,0.18,18.0625,18.0625,17.5625,17.59375,-19.7,12.0,12.0,0.0
12.98493,0x220,0.0,0.0,1.0,6.25,1.41,0.14,18.0625,18.0625,17.5625,17.59375,-19.7,12.0,12.0,0.0
12.98742,0x2B0,0.0,0.0,1.0,6.25,1.41,0.14,18.0625,18.0625,17.5625,17.59375,-19.5,12.0,12.0,0.0
12.9888,0x316,0.0,0.0,1.0,6.25,1.41,0.14,18.0625,18.0625,17.5625,17.59375,-19.5,12.0,12.0,0.0
12.9949,0x220,0.0,0.0,1.0,6.25,1.53,0.0,18.0625,18.0625,17.5625,17.59375,-19.5,12.0,12.0,0.0
12.9974,0x2B0,0.0,0.0,1.0,6.25,1.53,0.0,18.0625,18.0625,17.5625,17.59375,-19.3,20.0,12.0,0.0
12.99885,0x316,0.0,0.0,1.0,6.25,1.53,0.0,18.0625,18.0625,17.5625,17.59375,-19.3,20.0,12.0,0.0
12.99955,0x386,0.0,0.0,1.0,6.25,1.53,0.0,18.0625,18.0625,17.59375,17.65625,-19.3,20.0,12.0,0.0
13.00494,0x220,0.0,0.0,1.0,6.25,1.62,-0.11,18.0625,18.0625,17.59375,17.65625,-19.3,20.0,12.0,0.0
13.00747,0x2B0,0.0,0.0,1.0,6.25,1.62,-0.11,18.0625,18.0625,17.59375,17.65625,-19.3,8.0,12.0,0.0
13.00873,0x316,0.0,0.0,1.0,6.25,1.62,-0.11,18.0625,18.0625,17.59375,17.65625,-19.3,8.0,10.0,0.0
13.01491,0x220,0.0,0.0,1.0,6.25,1.62,-0.18,18.0625,18.0625,17.59375,17.65625,-19.3,8.0,10.0,0.0
13.01742,0x2B0,0.0,0.0,1.0,6.25,1.62,-0.18,18.0625,18.0625,17.59375,17.65625,-19.1,8.0,10.0,0.0
13.01881,0x316,0.0,0.0,1.0,6.25,1.62,-0.18,18.0625,18.0625,17.59375,17.65625,-19.1,8.0,10.0,0.0
13.01951,0x386,0.0,0.0,1.0,6.25,1.62,-0.18,18.0625,18.03125,17.59375,17.78125,-19.1,8.0,10.0,0.0
13.02494,0x220,0.0,0.0,1.0,6.25,1.56,-0.17,18.0625,18.03125,17.59375,17.78125,-19.1,8.0,10.0,0.0
13.02746,0x2B0,0.0,0.0,1.0,6.25,1.56,-0.17,18.0625,18.03125,17.59375,17.78125,-18.9,20.0,10.0,0.0
13.02877,0x316,0.0,0.0,1.0,6.25,1.56,-0.17,18.0625,18.03125,17.59375,17.78125,-18.9,20.0,10.0,0.0
13.03491,0x220,0.0,0.0,1.0,6.25,1.53,-0.11,18.0625,18.03125,17.59375,17.78125,-18.9,20.0,10.0,0.0
13.0375,0x2B0,0.0,0.0,1.0,6.25,1.53,-0.11,18.0625,18.03125,17.59375,17.78125,-18.9,8.0,10.0,0.0
13.03897,0x386,0.0,0.0,1.0,6.25,1.53,-0.11,18.0,18.03125,17.5,17.75,-18.9,8.0,10.0,0.0
13.03945,0x316,0.0,0.0,1.0,6.25,1.53,-0.11,18.0,18.03125,17.5,17.75,-18.9,8.0,7.0,0.0
13.04497,0x220,0.0,0.0,1.0,6.25,1.55,-0.12,18.0,18.03125,17.5,17.75,-18.9,8.0,7.0,0.0
13.04744,0x2B0,0.0,0.0,1.0,6.25,1.55,-0.12,18.0,18.03125,17.5,17.75,-18.6,12.0,7.0,0.0
13.04885,0x316,0.0,0.0,1.0,6.25,1.55,-0.12,18.0,18.03125,17.5,17.75,-18.6,12.0,7.0,0.0
13.05491,0x220,0.0,0.0,1.0,6.25,1.59,-0.17,18.0,18.03125,17.5,17.75,-18.6,12.0,7.0,0.0
13.05751,0x2B0,0.0,0.0,1.0,6.25,1.59,-0.17,18.0,18.03125,17.5,17.75,-18.6,12.0,7.0,0.0
13.05879,0x316,0.0,0.0,1.0,6.25,1.59,-0.17,18.0,18.03125,17.5,17.75,-18.6,12.0,2.0,0.0
13.05951,0x386,0.0,0.0,1.0,6.25,1.59,-0.17,18.03125,17.96875,17.625,17.65625,-18.6,12.0,2.0,0.0
13.06495,0x220,0.0,0.0,1.0,6.25,1.63,-0.13,18.03125,17.96875,17.625,17.65625,-18.6,12.0,2.0,0.0
13.06744,0x2B0,0.0,0.0,1.0,6.25,1.63,-0.13,18.03125,17.96875,17.625,17.65625,-18.4,8.0,2.0,0.0
13.06894,0x316,0.0,0.0,1.0,6.25,1.63,-0.13,18.03125,17.96875,17.625,17.65625,-18.4,8.0,0.0,0.0
13.0749,0x220,0.0,0.0,1.0,6.25,1.63,-0.05,18.03125,17.96875,17.625,17.65625,-18.4,8.0,0.0,0.0
13.07748,0x2B0,0.0,0.0,1.0,6.25,1.63,-0.05,18.03125,17.96875,17.625,17.65625,-18.4,8.0,0.0,0.0
13.07887,0x316,0.0,0.0,1.0,6.25,1.63,-0.05,18.03125,17.96875,17.625,17.65625,-18.4,8.0,0.0,0.0
13.07959,0x386,0.0,0.0,1.0,6.25,1.63,-0.05,17.96875,18.03125,17.71875,17.75,-18.4,8.0,0.0,0.0
13.08495,0x220,0.0,0.0,1.0,6.25,1.62,-0.02,17.96875,18.03125,17.71875,17.75,-18.4,8.0,0.0,0.0
13.08745,0x2B0,0.0,0.0,1.0,6.25,1.62,-0.02,17.96875,18.03125,17.71875,17.75,-18.2,8.0,0.0,0.0
13.08873,0x316,0.0,0.0,1.0,6.25,1.62,-0.02,17.96875,18.03125,17.71875,17.75,-18.2,8.0,0.0,0.0
13.09491,0x220,0.0,0.0,1.0,6.25,1.57,-0.07,17.96875,18.03125,17.71875,17.75,-18.2,8.0,0.0,0.0
13.09744,0x2B0,0.0,0.0,1.0,6.25,1.57,-0.07,17.96875,18.03125,17.71875,17.75,-18.0,20.0,0.0,0.0
13.0988,0x316,0.0,0.0,1.0,6.25,1.57,-0.07,17.96875,18.03125,17.71875,17.75,-18.0,20.0,0.0,0.0
13.09951,0x386,0.0,0.0,1.0,6.25,1.57,-0.07,18.03125,18.0,17.71875,17.6875,-18.0,20.0,0.0,0.0
13.10495,0x220,0.0,0.0,1.0,6.25,1.45,-0.1,18.03125,18.0,17.71875,17.6875,-18.0,20.0,0.0,0.0
13.10749,0x2B0,0.0,0.0,1.0,6.25,1.45,-0.1,18.03125,18.0,17.71875,17.6875,-18.0,8.0,0.0,0.0
13.10873,0x316,0.0,0.0,1.0,6.25,1.45,-0.1,18.03125,18.0,17.71875,17.6875,-18.0,8.0,0.0,0.0
13.11491,0x220,0.0,0.0,1.0,6.25,1.38,-0.07,18.03125,18.0,17.71875,17.6875,-18.0,8.0,0.0,0.0
13.11742,0x2B0,0.0,0.0,1.0,6.25,1.38,-0.07,18.03125,18.0,17.71875,17.6875,-17.8,8.0,0.0,0.0
13.11886,0x316,0.0,0.0,1.0,6.25,1.38,-0.07,18.03125,18.0,17.71875,17.6875,-17.8,8.0,0.0,0.0
13.11983,0x386,0.0,0.0,1.0,6.25,1.38,-0.07,18.0625,17.90625,17.6875,17.71875,-17.8,8.0,0.0,0.0
13.12495,0x220,0.0,0.0,1.0,6.25,1.37,-0.03,18.0625,17.90625,17.6875,17.71875,-17.8,8.0,0.0,0.0
13.12744,0x2B0,0.0,0.0,1.0,6.25,1.37,-0.03,18.0625,17.90625,17.6875,17.71875,-17.7,12.0,0.0,0.0
13.12873,0x316,0.0,0.0,1.0,6.25,1.37,-0.03,18.0625,17.90625,17.6875,17.71875,-17.7,12.0,0.0,0.0
13.13491,0x220,0.0,0.0,1.0,6.25,1.4,-0.06,18.0625,17.90625,17.6875,17.71875,-17.7,12.0,0.0,0.0
13.13749,0x2B0,0.0,0.0,1.0,6.25,1.4,-0.06,18.0625,17.90625,17.6875,17.71875,-17.7,0.0,0.0,0.0
13.13893,0x316,0.0,0.0,1.0,6.25,1.4,-0.06,18.0625,17.90625,17.6875,17.71875,-17.7,0.0,0.0,0.0
13.13964,0x386,0.0,0.0,1.0,6.25,1.4,-0.06,18.09375,17.96875,17.71875,17.75,-17.7,0.0,0.0,0.0
13.14496,0x220,0.0,0.0,1.0,6.25,1.47,-0.1,18.09375,17.96875,17.71875,17.75,-17.7,0.0,0.0,0.0
13.14743,0x2B0,0.0,0.0,1.0,6.25,1.47,-0.1,18.09375,17.96875,17.71875,17.75,-17.4,12.0,0.0,0.0
13.14887,0x316,0.0,0.0,1.0,6.25,1.47,-0.1,18.09375,17.96875,17.71875,17.75,-17.4,12.0,0.0,0.0
13.15491,0x220,0.0,0.0,1.0,6.25,1.5,-0.06,18.09375,17.96875,17.71875,17.75,-17.4,12.0,0.0,0.0
13.15749,0x2B0,0.0,0.0,1.0,6.25,1.5,-0.06,18.09375,17.96875,17.71875,17.75,-17.4,12.0,0.0,0.0
13.15887,0x316,0.0,0.0,1.0,6.25,1.5,-0.06,18.09375,17.96875,17.71875,17.75,-17.4,12.0,0.0,0.0
13.15958,0x386,0.0,0.0,1.0,6.25,1.5,-0.06,17.96875,18.0,17.71875,17.65625,-17.4,12.0,0.0,0.0
13.16495,0x220,0.0,0.0,1.0,6.25,1.49,0.0,17.96875,18.0,17.71875,17.65625,-17.4,12.0,0.0,0.0
13.16742,0x2B0,0.0,0.0,1.0,6.25,1.49,0.0,17.96875,18.0,17.71875,17.65625,-17.1,12.0,0.0,0.0
13.1689,0x316,0.0,0.0,1.0,6.25,1.49,0.0,17.96875,18.0,17.71875,17.65625,-17.1,12.0,0.0,0.0
13.1749,0x220,0.0,0.0,1.0,6.25,1.42,0.03,17.96875,18.0,17.71875,17.65625,-17.1,12.0,0.0,0.0
13.17746,0x2B0,0.0,0.0,1.0,6.25,1.42,0.03,17.96875,18.0,17.71875,17.65625,-17.1,12.0,0.0,0.0
13.17884,0x316,0.0,0.0,1.0,6.25,1.42,0.03,17.96875,18.0,17.71875,17.65625,-17.1,12.0,0.0,0.0
13.17956,0x386,0.0,0.0,1.0,6.25,1.42,0.03,18.3125,18.34375,17.625,17.75,-17.1,12.0,0.0,0.0
13.18496,0x220,0.0,0.0,1.0,6.25,1.29,0.01,18.3125,18.34375,17.625,17.75,-17.1,12.0,0.0,0.0
13.18741,0x2B0,0.0,0.0,1.0,6.25,1.29,0.01,18.3125,18.34375,17.625,17.75,-16.8,12.0,0.0,0.0
13.18875,0x316,0.0,0.0,1.0,6.25,1.29,0.01,18.3125,18.34375,17.625,17.75,-16.8,12.0,0.0,0.0
13.19491,0x220,0.0,0.0,1.0,6.25,1.17,0.0,18.3125,18.34375,17.625,17.75,-16.8,12.0,0.0,0.0
13.19745,0x2B0,0.0,0.0,1.0,6.25,1.17,0.0,18.3125,18.34375,17.625,17.75,-16.8,12.0,0.0,0.0
13.19887,0x316,0.0,0.0,1.0,6.25,1.17,0.0,18.3125,18.34375,17.625,17.75,-16.8,12.0,0.0,0.0
13.19958,0x386,0.0,0.0,1.0,6.25,1.17,0.0,17.96875,17.875,17.625,17.6875,-16.8,12.0,0.0,0.0
13.20494,0x220,0.0,0.0,1.0,6.25,1.14,0.02,17.96875,17.875,17.625,17.6875,-16.8,12.0,0.0,0.0
13.2074,0x2B0,0.0,0.0,1.0,6.25,1.14,0.02,17.96875,17.875,17.625,17.6875,-16.4,20.0,0.0,0.0
13.20873,0x316,0.0,0.0,1.0,6.25,1.14,0.02,17.96875,17.875,17.625,17.6875,-16.4,20.0,0.0,0.0
13.21491,0x220,0.0,0.0,1.0,6.25,1.16,0.05,17.96875,17.875,17.625,17.6875,-16.4,20.0,0.0,0.0
13.21744,0x2B0,0.0,0.0,1.0,6.25,1.16,0.05,17.96875,17.875,17.625,17.6875,-16.4,20.0,0.0,0.0
13.21882,0x316,0.0,0.0,1.0,6.25,1.16,0.05,17.96875,17.875,17.625,17.6875,-16.4,20.0,0.0,0.0
13.21954,0x386,0.0,0.0,1.0,6.25,1.16,0.05,17.9375,18.21875,17.6875,17.6875,-16.4,20.0,0.0,0.0
13.22494,0x220,0.0,0.0,1.0,6.25,1.24,0.07,17.9375,18.21875,17.6875,17.6875,-16.4,20.0,0.0,0.0
13.22741,0x2B0,0.0,0.0,1.0,6.25,1.24,0.07,17.9375,18.21875,17.6875,17.6875,-16.0,20.0,0.0,0.0
13.22875,0x316,0.0,0.0,1.0,6.25,1.24,0.07,17.9375,18.21875,17.6875,17.6875,-16.0,20.0,0.0,0.0
13.23493,0x220,0.0,0.0,1.0,6.25,1.27,0.08,17.9375,18.21875,17.6875,17.6875,-16.0,20.0,0.0,0.0
13.23745,0x2B0,0.0,0.0,1.0,6.25,1.27,0.08,17.9375,18.21875,17.6875,17.6875,-16.0,20.0,0.0,0.0
13.23898,0x386,0.0,0.0,1.0,6.25,1.27,0.08,17.71875,17.90625,17.65625,17.6875,-16.0,20.0,0.0,0.0
13.23922,0x316,0.0,0.0,1.0,6.25,1.27,0.08,17.71875,17.90625,17.65625,17.6875,-16.0,20.0,0.0,0.0
13.24497,0x220,0.0,0.0,1.0,6.25,1.25,0.17,17.71875,17.90625,17.65625,17.6875,-16.0,20.0,0.0,0.0
13.24742,0x2B0,0.0,0.0,1.0,6.25,1.25,0.17,17.71875,17.90625,17.65625,17.6875,-15.7,12.0,0.0,0.0
13.24886,0x316,0.0,0.0,1.0,6.25,1.25,0.17,17.71875,17.90625,17.65625,17.6875,-15.7,12.0,0.0,0.0
13.25491,0x220,0.0,0.0,1.0,6.25,1.22,0.25,17.71875,17.90625,17.65625,17.6875,-15.7,12.0,0.0,0.0
13.25742,0x2B0,0.0,0.0,1.0,6.25,1.22,0.25,17.71875,17.90625,17.65625,17.6875,-15.4,28.0,0.0,0.0
13.25882,0x316,0.0,0.0,1.0,6.25,1.22,0.25,17.71875,17.90625,17.65625,17.6875,-15.4,28.0,0.0,0.0
13.25953,0x386,0.0,0.0,1.0,6.25,1.22,0.25,18.15625,18.84375,17.59375,17.75,-15.4,28.0,0.0,0.0
13.26494,0x220,0.0,0.0,1.0,6.25,1.2,0.21,18.15625,18.84375,17.59375,17.75,-15.4,28.0,0.0,0.0
13.26743,0x2B0,0.0,0.0,1.0,6.25,1.2,0.21,18.15625,18.84375,17.59375,17.75,-15.3,20.0,0.0,0.0
13.26892,0x316,0.0,0.0,1.0,6.25,1.2,0.21,18.15625,18.84375,17.59375,17.75,-15.3,20.0,0.0,0.0
13.27491,0x220,0.0,0.0,1.0,6.25,1.24,0.12,18.15625,18.84375,17.59375,17.75,-15.3,20.0,0.0,0.0
13.27742,0x2B0,0.0,0.0,1.0,6.25,1.24,0.12,18.15625,18.84375,17.59375,17.75,-15.0,20.0,0.0,0.0
13.27898,0x316,0.0,0.0,1.0,6.25,1.24,0.12,18.15625,18.84375,17.59375,17.75,-15.0,20.0,0.0,0.0
13.2797,0x386,0.0,0.0,1.0,6.25,1.24,0.12,17.90625,18.03125,17.5,17.65625,-15.0,20.0,0.0,0.0
13.28494,0x220,0.0,0.0,1.0,6.25,1.26,0.12,17.90625,18.03125,17.5,17.65625,-15.0,20.0,0.0,0.0
13.28742,0x2B0,0.0,0.0,1.0,6.25,1.26,0.12,17.90625,18.03125,17.5,17.65625,-14.8,24.0,0.0,0.0
13.28875,0x316,0.0,0.0,1.0,6.25,1.26,0.12,17.90625,18.03125,17.5,17.65625,-14.8,24.0,0.0,0.0
13.29492,0x220,0.0,0.0,1.0,6.25,1.27,0.25,17.90625,18.03125,17.5,17.65625,-14.8,24.0,0.0,0.0
13.29741,0x2B0,0.0,0.0,1.0,6.25,1.27,0.25,17.90625,18.03125,17.5,17.65625,-14.5,24.0,0.0,0.0
13.29882,0x316,0.0,0.0,1.0,6.25,1.27,0.25,17.90625,18.03125,17.5,17.65625,-14.5,24.0,0.0,0.0
13.29953,0x386,0.0,0.0,1.0,6.25,1.27,0.25,18.03125,17.4375,17.46875,17.65625,-14.5,24.0,0.0,0.0
13.30494,0x220,0.0,0.0,1.0,6.25,1.33,0.41,18.03125,17.4375,17.46875,17.65625,-14.5,24.0,0.0,0.0
13.30743,0x2B0,0.0,0.0,1.0,6.25,1.33,0.41,18.03125,17.4375,17.46875,17.65625,-14.2,28.0,0.0,0.0
13.30873,0x316,0.0,0.0,1.0,6.25,1.33,0.41,18.03125,17.4375,17.46875,17.65625,-14.2,28.0,0.0,0.0
13.31491,0x220,0.0,0.0,1.0,6.25,1.42,0.4,18.03125,17.4375,17.46875,17.65625,-14.2,28.0,0.0,0.0
13.31743,0x2B0,0.0,0.0,1.0,6.25,1.42,0.4,18.03125,17.4375,17.46875,17.65625,-14.0,24.0,0.0,0.0
13.31889,0x316,0.0,0.0,1.0,6.25,1.42,0.4,18.03125,17.4375,17.46875,17.65625,-14.0,24.0,0.0,0.0
13.3196,0x386,0.0,0.0,1.0,6.25,1.42,0.4,17.9375,18.0,17.46875,17.6875,-14.0,24.0,0.0,0.0
13.32495,0x220,0.0,0.0,1.0,6.25,1.5,0.28,17.9375,18.0,17.46875,17.6875,-14.0,24.0,0.0,0.0
13.32743,0x2B0,0.0,0.0,1.0,6.25,1.5,0.28,17.9375,18.0,17.46875,17.6875,-13.7,24.0,0.0,0.0
13.3288,0x316,0.0,0.0,1.0,6.25,1.5,0.28,17.9375,18.0,17.46875,17.6875,-13.7,24.0,0.0,0.0
13.33491,0x220,0.0,0.0,1.0,6.25,1.52,0.17,17.9375,18.0,17.46875,17.6875,-13.7,24.0,0.0,0.0
13.33738,0x2B0,0.0,0.0,1.0,6.25,1.52,0.17,17.9375,18.0,17.46875,17.6875,-13.5,24.0,0.0,0.0
13.33894,0x316,0.0,0.0,1.0,6.25,1.52,0.17,17.9375,18.0,17.46875,17.6875,-13.5,24.0,0.0,0.0
13.33965,0x386,0.0,0.0,1.0,6.25,1.52,0.17,17.625,17.75,17.65625,17.65625,-13.5,24.0,0.0,0.0
13.34498,0x220,0.0,0.0,1.0,6.25,1.45,0.17,17.625,17.75,17.65625,17.65625,-13.5,24.0,0.0,0.0
13.34738,0x2B0,0.0,0.0,1.0,6.25,1.45,0.17,17.625,17.75,17.65625,17.65625,-13.1,28.0,0.0,0.0
13.34886,0x316,0.0,0.0,1.0,6.25,1.45,0.17,17.625,17.75,17.65625,17.65625,-13.1,28.0,0.0,0.0
13.35493,0x220,0.0,0.0,1.0,6.25,1.43,0.22,17.625,17.75,17.65625,17.65625,-13.1,28.0,0.0,0.0
13.35742,0x2B0,0.0,0.0,1.0,6.25,1.43,0.22,17.625,17.75,17.65625,17.65625,-12.9,28.0,0.0,0.0
13.35888,0x316,0.0,0.0,1.0,6.25,1.43,0.22,17.625,17.75,17.65625,17.65625,-12.9,28.0,0.0,0.0
13.35959,0x386,0.0,0.0,1.0,6.25,1.43,0.22,17.4375,17.1875,17.5625,17.6875,-12.9,28.0,0.0,0.0
13.36497,0x220,0.0,0.0,1.0,6.25,1.42,0.22,17.4375,17.1875,17.5625,17.6875,-12.9,28.0,0.0,0.0
13.36742,0x2B0,0.0,0.0,1.0,6.25,1.42,0.22,17.4375,17.1875,17.5625,17.6875,-12.7,20.0,0.0,0.0
13.36896,0x316,0.0,0.0,1.0,6.25,1.42,0.22,17.4375,17.1875,17.5625,17.6875,-12.7,20.0,0.0,0.0
13.37491,0x220,0.0,0.0,1.0,6.25,1.39,0.15,17.4375,17.1875,17.5625,17.6875,-12.7,20.0,0.0,0.0
13.37744,0x2B0,0.0,0.0,1.0,6.25,1.39,0.15,17.4375,17.1875,17.5625,17.6875,-12.4,24.0,0.0,0.0
13.37887,0x316,0.0,0.0,1.0,6.25,1.39,0.15,17.4375,17.1875,17.5625,17.6875,-12.4,24.0,0.0,0.0
13.37959,0x386,0.0,0.0,1.0,6.25,1.39,0.15,17.90625,17.75,17.625,17.71875,-12.4,24.0,0.0,0.0
13.38497,0x220,0.0,0.0,1.0,6.25,1.41,0.1,17.90625,17.75,17.625,17.71875,-12.4,24.0,0.0,0.0
13.38744,0x2B0,0.0,0.0,1.0,6.25,1.41,0.1,17.90625,17.75,17.625,17.71875,-12.1,28.0,0.0,0.0
13.38873,0x316,0.0,0.0,1.0,6.25,1.41,0.1,17.90625,17.75,17.625,17.71875,-12.1,28.0,0.0,0.0
13.39491,0x220,0.0,0.0,1.0,6.25,1.43,0.13,17.90625,17.75,17.625,17.71875,-12.1,28.0,0.0,0.0
13.39739,0x2B0,0.0,0.0,1.0,6.25,1.43,0.13,17.90625,17.75,17.625,17.71875,-11.9,24.0,0.0,0.0
13.39888,0x316,0.0,0.0,1.0,6.25,1.43,0.13,17.90625,17.75,17.625,17.71875,-11.9,24.0,0.0,0.0
13.39959,0x386,0.0,0.0,1.0,6.25,1.43,0.13,17.84375,17.90625,17.59375,17.5625,-11.9,24.0,0.0,0.0
13.40495,0x220,0.0,0.0,1.0,6.25,1.43,0.19,17.84375,17.90625,17.59375,17.5625,-11.9,24.0,0.0,0.0
13.40742,0x2B0,0.0,0.0,1.0,6.25,1.43,0.19,17.84375,17.90625,17.59375,17.5625,-11.7,20.0,0.0,0.0
13.40877,0x316,0.0,0.0,1.0,6.25,1.43,0.19,17.84375,17.90625,17.59375,17.5625,-11.7,20.0,0.0,0.0
13.41492,0x220,0.0,0.0,1.0,6.25,1.45,0.21,17.84375,17.90625,17.59375,17.5625,-11.7,20.0,0.0,0.0
13.41741,0x2B0,0.0,0.0,1.0,6.25,1.45,0.21,17.84375,17.90625,17.59375,17.5625,-11.4,24.0,0.0,0.0
13.41883,0x316,0.0,0.0,1.0,6.25,1.45,0.21,17.84375,17.90625,17.59375,17.5625,-11.4,24.0,0.0,0.0
13.41954,0x386,0.0,0.0,1.0,6.25,1.45,0.21,17.90625,17.875,17.46875,17.6875,-11.4,24.0,0.0,0.0
13.42495,0x220,0.0,0.0,1.0,6.25,1.46,0.19,17.90625,17.875,17.46875,17.6875,-11.4,24.0,0.0,0.0
13.42743,0x2B0,0.0,0.0,1.0,6.25,1.46,0.19,17.90625,17.875,17.46875,17.6875,-11.2,24.0,0.0,0.0
13.42873,0x316,0.0,0.0,1.0,6.25,1.46,0.19,17.90625,17.875,17.46875,17.6875,-11.2,24.0,0.0,0.0
13.43492,0x220,0.0,0.0,1.0,6.25,1.45,0.13,17.90625,17.875,17.46875,17.6875,-11.2,24.0,0.0,0.0
13.43744,0x2B0,0.0,0.0,1.0,6.25,1.45,0.13,17.90625,17.875,17.46875,17.6875,-11.0,20.0,0.0,0.0
13.439,0x386,0.0,0.0,1.0,6.25,1.45,0.13,17.78125,17.9375,17.53125,17.71875,-11.0,20.0,0.0,0.0
13.43924,0x316,0.0,0.0,1.0,6.25,1.45,0.13,17.78125,17.9375,17.53125,17.71875,-11.0,20.0,0.0,0.0
13.44497,0x220,0.0,0.0,1.0,6.25,1.42,0.06,17.78125,17.9375,17.53125,17.71875,-11.0,20.0,0.0,0.0
13.44741,0x2B0,0.0,0.0,1.0,6.25,1.42,0.06,17.78125,17.9375,17.53125,17.71875,-10.9,12.0,0.0,0.0
13.44889,0x316,0.0,0.0,1.0,6.25,1.42,0.06,17.78125,17.9375,17.53125,17.71875,-10.9,12.0,0.0,0.0
13.45493,0x220,0.0,0.0,1.0,6.25,1.32,0.09,17.78125,17.9375,17.53125,17.71875,-10.9,12.0,0.0,0.0
13.4574,0x2B0,0.0,0.0,1.0,6.25,1.32,0.09,17.78125,17.9375,17.53125,17.71875,-10.7,12.0,0.0,0.0
13.4588,0x316,0.0,0.0,1.0,6.25,1.32,0.09,17.78125,17.9375,17.53125,17.71875,-10.7,12.0,0.0,0.0
13.45927,0x386,0.0,0.0,1.0,6.25,1.32,0.09,17.84375,17.75,17.59375,17.4375,-10.7,12.0,0.0,0.0
13.46494,0x220,0.0,0.0,1.0,6.25,1.24,0.2,17.84375,17.75,17.59375,17.4375,-10.7,12.0,0.0,0.0
13.46742,0x2B0,0.0,0.0,1.0,6.25,1.24,0.2,17.84375,17.75,17.59375,17.4375,-10.7,8.0,0.0,0.0
13.4689,0x316,0.0,0.0,1.0,6.25,1.24,0.2,17.84375,17.75,17.59375,17.4375,-10.7,8.0,0.0,0.0
13.47492,0x220,0.0,0.0,1.0,6.25,1.23,0.3,17.84375,17.75,17.59375,17.4375,-10.7,8.0,0.0,0.0
13.47742,0x2B0,0.0,0.0,1.0,6.25,1.23,0.3,17.84375,17.75,17.59375,17.4375,-10.4,12.0,0.0,0.0
13.47891,0x316,0.0,0.0,1.0,6.25,1.23,0.3,17.84375,17.75,17.59375,17.4375,-10.4,12.0,0.0,2.0
13.47961,0x386,0.0,0.0,1.0,6.25,1.23,0.3,17.78125,17.8125,17.65625,17.53125,-10.4,12.0,0.0,2.0
13.48495,0x220,0.0,0.0,1.0,6.25,1.3,0.27,17.78125,17.8125,17.65625,17.53125,-10.4,12.0,0.0,2.0
13.48743,0x2B0,0.0,0.0,1.0,6.25,1.3,0.27,17.78125,17.8125,17.65625,17.53125,-10.4,12.0,0.0,2.0
13.48874,0x316,0.0,0.0,1.0,6.25,1.3,0.27,17.78125,17.8125,17.65625,17.53125,-10.4,12.0,0.0,3.0
13.49494,0x220,0.0,0.0,1.0,6.25,1.39,0.13,17.78125,17.8125,17.65625,17.53125,-10.4,12.0,0.0,3.0
13.49737,0x2B0,0.0,0.0,1.0,6.25,1.39,0.13,17.78125,17.8125,17.65625,17.53125,-10.2,8.0,0.0,3.0
13.4988,0x316,0.0,0.0,1.0,6.25,1.39,0.13,17.78125,17.8125,17.65625,17.53125,-10.2,8.0,0.0,5.0
13.49927,0x386,0.0,0.0,1.0,6.25,1.39,0.13,17.8125,17.78125,17.53125,17.5625,-10.2,8.0,0.0,5.0
13.50495,0x220,0.0,0.0,1.0,6.25,1.43,0.0,17.8125,17.78125,17.53125,17.5625,-10.2,8.0,0.0,5.0
13.50734,0x2B0,0.0,0.0,1.0,6.25,1.43,0.0,17.8125,17.78125,17.53125,17.5625,-10.2,8.0,0.0,5.0
13.50872,0x316,0.0,0.0,1.0,6.25,1.43,0.0,17.8125,17.78125,17.53125,17.5625,-10.2,8.0,0.0,6.0
13.51492,0x220,0.0,0.0,1.0,6.25,1.49,0.0,17.8125,17.78125,17.53125,17.5625,-10.2,8.0,0.0,6.0
13.51735,0x2B0,0.0,0.0,1.0,6.25,1.49,0.0,17.8125,17.78125,17.53125,17.5625,-10.2,0.0,0.0,6.0
13.51886,0x316,0.0,0.0,1.0,6.25,1.49,0.0,17.8125,17.78125,17.53125,17.5625,-10.2,0.0,0.0,7.0
13.51956,0x386,0.0,0.0,1.0,6.25,1.49,0.0,17.8125,17.84375,17.5625,17.40625,-10.2,0.0,0.0,7.0
13.52495,0x220,0.0,0.0,1.0,6.25,1.52,0.05,17.8125,17.84375,17.5625,17.40625,-10.2,0.0,0.0,7.0
13.52734,0x2B0,0.0,0.0,1.0,6.25,1.52,0.05,17.8125,17.84375,17.5625,17.40625,-10.2,0.0,0.0,7.0
13.52875,0x316,0.0,0.0,1.0,6.25,1.52,0.05,17.8125,17.84375,17.5625,17.40625,-10.2,0.0,0.0,8.0
13.53492,0x220,0.0,0.0,1.0,6.25,1.52,0.08,17.8125,17.84375,17.5625,17.40625,-10.2,0.0,0.0,8.0
13.53734,0x2B0,0.0,0.0,1.0,6.25,1.52,0.08,17.8125,17.84375,17.5625,17.40625,-10.2,0.0,0.0,8.0
13.53893,0x316,0.0,0.0,1.0,6.25,1.52,0.08,17.8125,17.84375,17.5625,17.40625,-10.2,0.0,0.0,9.0
13.53964,0x386,0.0,0.0,1.0,6.25,1.52,0.08,17.8125,17.75,17.5,17.5625,-10.2,0.0,0.0,9.0
13.54498,0x220,0.0,0.0,1.0,6.25,1.5,0.12,17.8125,17.75,17.5,17.5625,-10.2,0.0,0.0,9.0
13.54734,0x2B0,0.0,0.0,1.0,6.25,1.5,0.12,17.8125,17.75,17.5,17.5625,-10.2,0.0,0.0,9.0
13.54885,0x316,0.0,0.0,1.0,6.25,1.5,0.12,17.8125,17.75,17.5,17.5625,-10.2,0.0,0.0,11.0
13.55491,0x220,0.0,0.0,1.0,6.25,1.55,0.15,17.8125,17.75,17.5,17.5625,-10.2,0.0,0.0,11.0
13.55734,0x2B0,0.0,0.0,1.0,6.25,1.55,0.15,17.8125,17.75,17.5,17.5625,-10.2,0.0,0.0,11.0
13.55884,0x316,0.0,0.0,1.0,6.25,1.55,0.15,17.8125,17.75,17.5,17.5625,-10.2,0.0,0.0,11.0
13.55955,0x386,0.0,0.0,1.0,6.25,1.55,0.15,17.84375,17.84375,17.4375,17.5625,-10.2,0.0,0.0,11.0
13.56494,0x220,0.0,0.0,1.0,6.25,1.62,0.11,17.84375,17.84375,17.4375,17.5625,-10.2,0.0,0.0,11.0
13.56734,0x2B0,0.0,0.0,1.0,6.25,1.62,0.11,17.84375,17.84375,17.4375,17.5625,-10.2,0.0,0.0,11.0
13.56893,0x316,0.0,0.0,1.0,6.25,1.62,0.11,17.84375,17.84375,17.4375,17.5625,-10.2,0.0,0.0,11.0
13.57492,0x220,0.0,0.0,1.0,6.25,1.68,0.02,17.84375,17.84375,17.4375,17.5625,-10.2,0.0,0.0,11.0
13.57746,0x2B0,0.0,0.0,1.0,6.25,1.68,0.02,17.84375,17.84375,17.4375,17.5625,-10.2,0.0,0.0,11.0
13.57887,0x316,0.0,0.0,1.0,6.25,1.68,0.02,17.84375,17.84375,17.4375,17.5625,-10.2,0.0,0.0,11.0
13.57959,0x386,0.0,0.0,1.0,6.25,1.68,0.02,17.8125,17.84375,17.46875,17.46875,-10.2,0.0,0.0,11.0
13.58495,0x220,0.0,0.0,1.0,6.25,1.68,0.0,17.8125,17.84375,17.46875,17.46875,-10.2,0.0,0.0,11.0
13.58739,0x2B0,0.0,0.0,1.0,6.25,1.68,0.0,17.8125,17.84375,17.46875,17.46875,-10.4,8.0,0.0,11.0
13.58872,0x316,0.0,0.0,1.0,6.25,1.68,0.0,17.8125,17.84375,17.46875,17.46875,-10.4,8.0,0.0,12.0
13.59492,0x220,0.0,0.0,1.0,6.25,1.67,0.03,17.8125,17.84375,17.46875,17.46875,-10.4,8.0,0.0,12.0
13.5974,0x2B0,0.0,0.0,1.0,6.25,1.67,0.03,17.8125,17.84375,17.46875,17.46875,-10.6,20.0,0.0,12.0
13.59881,0x316,0.0,0.0,1.0,6.25,1.67,0.03,17.8125,17.84375,17.46875,17.46875,-10.6,20.0,0.0,12.0
13.59929,0x386,0.0,0.0,1.0,6.25,1.67,0.03,17.78125,18.0,17.46875,17.5625,-10.6,20.0,0.0,12.0
13.60495,0x220,0.0,0.0,1.0,6.25,1.73,0.13,17.78125,18.0,17.46875,17.5625,-10.6,20.0,0.0,12.0
13.60741,0x2B0,0.0,0.0,1.0,6.25,1.73,0.13,17.78125,18.0,17.46875,17.5625,-10.7,12.0,0.0,12.0
13.60877,0x316,0.0,0.0,1.0,6.25,1.73,0.13,17.78125,18.0,17.46875,17.5625,-10.7,12.0,0.0,12.0
13.61492,0x220,0.0,0.0,1.0,6.25,1.87,0.12,17.78125,18.0,17.46875,17.5625,-10.7,12.0,0.0,12.0
13.6174,0x2B0,0.0,0.0,1.0,6.25,1.87,0.12,17.78125,18.0,17.46875,17.5625,-10.9,12.0,0.0,12.0
13.61883,0x316,0.0,0.0,1.0,6.25,1.87,0.12,17.78125,18.0,17.46875,17.5625,-10.9,12.0,0.0,13.0
13.6193,0x386,0.0,0.0,1.0,6.25,1.87,0.12,17.84375,17.90625,17.40625,17.625,-10.9,12.0,0.0,13.0
13.62497,0x220,0.0,0.0,1.0,6.25,2.0,0.04,17.84375,17.90625,17.40625,17.625,-10.9,12.0,0.0,13.0
13.62744,0x2B0,0.0,0.0,1.0,6.25,2.0,0.04,17.84375,17.90625,17.40625,17.625,-11.2,24.0,0.0,13.0
13.62872,0x316,0.0,0.0,1.0,6.25,2.0,0.04,17.84375,17.90625,17.40625,17.625,-11.2,24.0,0.0,13.0
13.63492,0x220,0.0,0.0,1.0,6.25,2.02,-0.03,17.84375,17.90625,17.40625,17.625,-11.2,24.0,0.0,13.0
13.63743,0x2B0,0.0,0.0,1.0,6.25,2.02,-0.03,17.84375,17.90625,17.40625,17.625,-11.4,24.0,0.0,13.0
13.63897,0x316,0.0,0.0,1.0,6.25,2.02,-0.03,17.84375,17.90625,17.40625,17.625,-11.4,24.0,0.0,13.0
13.63968,0x386,0.0,0.0,1.0,6.25,2.02,-0.03,17.96875,18.125,17.40625,17.59375,-11.4,24.0,0.0,13.0
13.64498,0x220,0.0,0.0,1.0,6.25,1.96,-0.13,17.96875,18.125,17.40625,17.59375,-11.4,24.0,0.0,13.0
13.64742,0x2B0,0.0,0.0,1.0,6.25,1.96,-0.13,17.96875,18.125,17.40625,17.59375,-11.7,24.0,0.0,13.0
13.64892,0x316,0.0,0.0,1.0,6.25,1.96,-0.13,17.96875,18.125,17.40625,17.59375,-11.7,24.0,0.0,13.0
13.65492,0x220,0.0,0.0,1.0,6.25,1.82,-0.14,17.96875,18.125,17.40625,17.59375,-11.7,24.0,0.0,13.0
13.65742,0x2B0,0.0,0.0,1.0,6.25,1.82,-0.14,17.96875,18.125,17.40625,17.59375,-11.9,24.0,0.0,13.0
13.65879,0x316,0.0,0.0,1.0,6.25,1.82,-0.14,17.96875,18.125,17.40625,17.59375,-11.9,24.0,0.0,14.0
13.65927,0x386,0.0,0.0,1.0,6.25,1.82,-0.14,17.875,17.84375,17.375,17.5625,-11.9,24.0,0.0,14.0
13.66496,0x220,0.0,0.0,1.0,6.25,1.68,0.0,17.875,17.84375,17.375,17.5625,-11.9,24.0,0.0,14.0
13.66743,0x2B0,0.0,0.0,1.0,6.25,1.68,0.0,17.875,17.84375,17.375,17.5625,-12.2,24.0,0.0,14.0
13.66892,0x316,0.0,0.0,1.0,6.25,1.68,0.0,17.875,17.84375,17.375,17.5625,-12.2,24.0,0.0,14.0
13.67492,0x220,0.0,0.0,1.0,6.25,1.64,0.21,17.875,17.84375,17.375,17.5625,-12.2,24.0,0.0,14.0
13.67745,0x2B0,0.0,0.0,1.0,6.25,1.64,0.21,17.875,17.84375,17.375,17.5625,-12.5,28.0,0.0,14.0
13.67891,0x316,0.0,0.0,1.0,6.25,1.64,0.21,17.875,17.84375,17.375,17.5625,-12.5,28.0,0.0,14.0
13.67961,0x386,0.0,0.0,1.0,6.25,1.64,0.21,18.0,18.03125,17.5,17.5625,-12.5,28.0,0.0,14.0
13.68495,0x220,0.0,0.0,1.0,6.25,1.76,0.3,18.0,18.03125,17.5,17.5625,-12.5,28.0,0.0,14.0
13.68743,0x2B0,0.0,0.0,1.0,6.25,1.76,0.3,18.0,18.03125,17.5,17.5625,-12.8,28.0,0.0,14.0
13.68877,0x316,0.0,0.0,1.0,6.25,1.76,0.3,18.0,18.03125,17.5,17.5625,-12.8,28.0,0.0,14.0
13.69492,0x220,0.0,0.0,1.0,6.25,1.89,0.15,18.0,18.03125,17.5,17.5625,-12.8,28.0,0.0,14.0
13.69738,0x2B0,0.0,0.0,1.0,6.25,1.89,0.15,18.0,18.03125,17.5,17.5625,-13.1,28.0,0.0,14.0
13.69879,0x316,0.0,0.0,1.0,6.25,1.89,0.15,18.0,18.03125,17.5,17.5625,-13.1,28.0,0.0,15.0
13.69927,0x386,0.0,0.0,1.0,6.25,1.89,0.15,17.875,17.9375,17.5,17.65625,-13.1,28.0,0.0,15.0
13.70496,0x220,0.0,0.0,1.0,6.25,1.85,0.0,17.875,17.9375,17.5,17.65625,-13.1,28.0,0.0,15.0
13.7074,0x2B0,0.0,0.0,1.0,6.25,1.85,0.0,17.875,17.9375,17.5,17.65625,-13.5,32.0,0.0,15.0
13.70875,0x316,0.0,0.0,1.0,6.25,1.85,0.0,17.875,17.9375,17.5,17.65625,-13.5,32.0,0.0,15.0
13.71493,0x220,0.0,0.0,1.0,6.25,1.67,0.0,17.875,17.9375,17.5,17.65625,-13.5,32.0,0.0,15.0
13.71741,0x2B0,0.0,0.0,1.0,6.25,1.67,0.0,17.875,17.9375,17.5,17.65625,-13.8,32.0,0.0,15.0
13.71884,0x316,0.0,0.0,1.0,6.25,1.67,0.0,17.875,17.9375,17.5,17.65625,-13.8,32.0,0.0,16.0
13.71931,0x386,0.0,0.0,1.0,6.25,1.67,0.0,18.0,17.90625,17.59375,17.625,-13.8,32.0,0.0,16.0
13.72496,0x220,0.0,0.0,1.0,6.25,1.45,0.16,18.0,17.90625,17.59375,17.625,-13.8,32.0,0.0,16.0
13.72742,0x2B0,0.0,0.0,1.0,6.25,1.45,0.16,18.0,17.90625,17.59375,17.625,-14.2,32.0,0.0,16.0
13.7288,0x316,0.0,0.0,1.0,6.25,1.45,0.16,18.0,17.90625,17.59375,17.625,-14.2,32.0,0.0,16.0
13.73493,0x220,0.0,0.0,1.0,6.25,1.34,0.24,18.0,17.90625,17.59375,17.625,-14.2,32.0,0.0,16.0
13.7374,0x2B0,0.0,0.0,1.0,6.25,1.34,0.24,18.0,17.90625,17.59375,17.625,-14.6,40.0,0.0,16.0
13.73892,0x316,0.0,0.0,1.0,6.25,1.34,0.24,18.0,17.90625,17.59375,17.625,-14.6,40.0,0.0,17.0
13.73963,0x386,0.0,0.0,1.0,6.25,1.34,0.24,17.90625,17.90625,17.40625,17.65625,-14.6,40.0,0.0,17.0
13.74498,0x220,0.0,0.0,1.0,6.25,1.38,0.15,17.90625,17.90625,17.40625,17.65625,-14.6,40.0,0.0,17.0
13.74741,0x2B0,0.0,0.0,1.0,6.25,1.38,0.15,17.90625,17.90625,17.40625,17.65625,-14.9,32.0,0.0,17.0
13.74891,0x316,0.0,0.0,1.0,6.25,1.38,0.15,17.90625,17.90625,17.40625,17.65625,-14.9,32.0,0.0,17.0
13.75492,0x220,0.0,0.0,1.0,6.25,1.52,0.0,17.90625,17.90625,17.40625,17.65625,-14.9,32.0,0.0,17.0
13.75741,0x2B0,0.0,0.0,1.0,6.25,1.52,0.0,17.90625,17.90625,17.40625,17.65625,-15.3,32.0,0.0,17.0
13.75881,0x316,0.0,0.0,1.0,6.25,1.52,0.0,17.90625,17.90625,17.40625,17.65625,-15.3,32.0,0.0,17.0
13.75929,0x386,0.0,0.0,1.0,6.25,1.52,0.0,17.90625,17.875,17.53125,17.53125,-15.3,32.0,0.0,17.0
13.76496,0x220,0.0,0.0,1.0,6.25,1.63,-0.07,17.90625,17.875,17.53125,17.53125,-15.3,32.0,0.0,17.0
13.76742,0x2B0,0.0,0.0,1.0,6.25,1.63,-0.07,17.90625,17.875,17.53125,17.53125,-15.6,32.0,0.0,17.0
13.769,0x316,0.0,0.0,1.0,6.25,1.63,-0.07,17.90625,17.875,17.53125,17.53125,-15.6,32.0,0.0,17.0
13.77493,0x220,0.0,0.0,1.0,6.25,1.6,0.0,17.90625,17.875,17.53125,17.53125,-15.6,32.0,0.0,17.0
13.77744,0x2B0,0.0,0.0,1.0,6.25,1.6,0.0,17.90625,17.875,17.53125,17.53125,-16.0,32.0,0.0,17.0
13.77891,0x316,0.0,0.0,1.0,6.25,1.6,0.0,17.90625,17.875,17.53125,17.53125,-16.0,32.0,0.0,17.0
13.77962,0x386,0.0,0.0,1.0,6.25,1.6,0.0,17.90625,18.0,17.4375,17.375,-16.0,32.0,0.0,17.0
13.78496,0x220,0.0,0.0,1.0,6.25,1.55,0.13,17.90625,18.0,17.4375,17.375,-16.0,32.0,0.0,17.0
13.78738,0x2B0,0.0,0.0,1.0,6.25,1.55,0.13,17.90625,18.0,17.4375,17.375,-16.4,40.0,0.0,17.0
13.78874,0x316,0.0,0.0,1.0,6.25,1.55,0.13,17.90625,18.0,17.4375,17.375,-16.4,40.0,0.0,17.0
13.79493,0x220,0.0,0.0,1.0,6.25,1.52,0.17,17.90625,18.0,17.4375,17.375,-16.4,40.0,0.0,17.0
13.79741,0x2B0,0.0,0.0,1.0,6.25,1.52,0.17,17.90625,18.0,17.4375,17.375,-16.8,40.0,0.0,17.0
13.79879,0x316,0.0,0.0,1.0,6.25,1.52,0.17,17.90625,18.0,17.4375,17.375,-16.8,40.0,0.0,17.0
13.79926,0x386,0.0,0.0,1.0,6.25,1.52,0.17,17.875,17.9375,17.59375,17.53125,-16.8,40.0,0.0,17.0
13.80496,0x220,0.0,0.0,1.0,6.25,1.54,0.02,17.875,17.9375,17.59375,17.53125,-16.8,40.0,0.0,17.0
13.8074,0x2B0,0.0,0.0,1.0,6.25,1.54,0.02,17.875,17.9375,17.59375,17.53125,-17.2,40.0,0.0,17.0
13.80878,0x316,0.0,0.0,1.0,6.25,1.54,0.02,17.875,17.9375,17.59375,17.53125,-17.2,40.0,0.0,17.0
13.81493,0x220,0.0,0.0,1.0,6.25,1.67,-0.17,17.875,17.9375,17.59375,17.53125,-17.2,40.0,0.0,17.0
13.81744,0x2B0,0.0,0.0,1.0,6.25,1.67,-0.17,17.875,17.9375,17.59375,17.53125,-17.6,40.0,0.0,17.0
13.81886,0x316,0.0,0.0,1.0,6.25,1.67,-0.17,17.875,17.9375,17.59375,17.53125,-17.6,40.0,0.0,18.0
13.81934,0x386,0.0,0.0,1.0,6.25,1.67,-0.17,17.90625,18.03125,17.5625,17.5,-17.6,40.0,0.0,18.0
13.82496,0x220,0.0,0.0,1.0,6.25,1.79,-0.3,17.90625,18.03125,17.5625,17.5,-17.6,40.0,0.0,18.0
13.82742,0x2B0,0.0,0.0,1.0,6.25,1.79,-0.3,17.90625,18.03125,17.5625,17.5,-18.0,40.0,0.0,18.0
13.82873,0x316,0.0,0.0,1.0,6.25,1.79,-0.3,17.90625,18.03125,17.5625,17.5,-18.0,40.0,0.0,18.0
13.83492,0x220,0.0,0.0,1.0,6.25,1.81,-0.28,17.90625,18.03125,17.5625,17.5,-18.0,40.0,0.0,18.0
13.83743,0x2B0,0.0,0.0,1.0,6.25,1.81,-0.28,17.90625,18.03125,17.5625,17.5,-18.5,44.0,0.0,18.0
13.83892,0x316,0.0,0.0,1.0,6.25,1.81,-0.28,17.90625,18.03125,17.5625,17.5,-18.5,44.0,0.0,19.0
13.83963,0x386,0.0,0.0,1.0,6.25,1.81,-0.28,17.78125,17.8125,17.53125,17.625,-18.5,44.0,0.0,19.0
13.84498,0x220,0.0,0.0,1.0,6.25,1.74,-0.21,17.78125,17.8125,17.53125,17.625,-18.5,44.0,0.0,19.0
13.84742,0x2B0,0.0,0.0,1.0,6.25,1.74,-0.21,17.78125,17.8125,17.53125,17.625,-18.9,44.0,0.0,19.0
13.84893,0x316,0.0,0.0,1.0,6.25,1.74,-0.21,17.78125,17.8125,17.53125,17.625,-18.9,44.0,0.0,21.0
13.85492,0x220,0.0,0.0,1.0,6.25,1.54,-0.11,17.78125,17.8125,17.53125,17.625,-18.9,44.0,0.0,21.0
13.8574,0x2B0,0.0,0.0,1.0,6.25,1.54,-0.11,17.78125,17.8125,17.53125,17.625,-19.3,40.0,0.0,21.0
13.85887,0x316,0.0,0.0,1.0,6.25,1.54,-0.11,17.78125,17.8125,17.53125,17.625,-19.3,40.0,0.0,24.0
13.85934,0x386,0.0,0.0,1.0,6.25,1.54,-0.11,18.15625,17.59375,17.65625,17.6875,-19.3,40.0,0.0,24.0
13.86496,0x220,0.0,0.0,1.0,6.25,1.37,-0.02,18.15625,17.59375,17.65625,17.6875,-19.3,40.0,0.0,24.0
13.86739,0x2B0,0.0,0.0,1.0,6.25,1.37,-0.02,18.15625,17.59375,17.65625,17.6875,-19.7,40.0,0.0,24.0
13.86892,0x316,0.0,0.0,1.0,6.25,1.37,-0.02,18.15625,17.59375,17.65625,17.6875,-19.7,40.0,0.0,27.0
13.87493,0x220,0.0,0.0,1.0,6.25,1.35,-0.05,18.15625,17.59375,17.65625,17.6875,-19.7,40.0,0.0,27.0
13.87746,0x2B0,0.0,0.0,1.0,6.25,1.35,-0.05,18.15625,17.59375,17.65625,17.6875,-20.1,40.0,0.0,27.0
13.87893,0x316,0.0,0.0,1.0,6.25,1.35,-0.05,18.15625,17.59375,17.65625,17.6875,-20.1,40.0,0.0,30.0
13.87964,0x386,0.0,0.0,1.0,6.25,1.35,-0.05,17.78125,18.1875,17.71875,17.6875,-20.1,40.0,0.0,30.0
13.88496,0x220,0.0,0.0,1.0,6.25,1.39,-0.15,17.78125,18.1875,17.71875,17.6875,-20.1,40.0,0.0,30.0
13.8874,0x2B0,0.0,0.0,1.0,6.25,1.39,-0.15,17.78125,18.1875,17.71875,17.6875,-20.5,40.0,0.0,30.0
13.88877,0x316,0.0,0.0,1.0,6.25,1.39,-0.15,17.78125,18.1875,17.71875,17.6875,-20.5,40.0,0.0,34.0
13.89493,0x220,0.0,0.0,1.0,6.25,1.38,-0.16,17.78125,18.1875,17.71875,17.6875,-20.5,40.0,0.0,34.0
13.89739,0x2B0,0.0,0.0,1.0,6.25,1.38,-0.16,17.78125,18.1875,17.71875,17.6875,-20.9,40.0,0.0,34.0
13.89887,0x316,0.0,0.0,1.0,6.25,1.38,-0.16,17.78125,18.1875,17.71875,17.6875,-20.9,40.0,0.0,38.0
13.89935,0x386,0.0,0.0,1.0,6.25,1.38,-0.16,17.90625,17.71875,17.59375,17.8125,-20.9,40.0,0.0,38.0
13.90497,0x220,0.0,0.0,1.0,6.25,1.21,-0.08,17.90625,17.71875,17.59375,17.8125,-20.9,40.0,0.0,38.0
13.90741,0x2B0,0.0,0.0,1.0,6.25,1.21,-0.08,17.90625,17.71875,17.59375,17.8125,-21.3,40.0,0.0,38.0
13.90873,0x316,0.0,0.0,1.0,6.25,1.21,-0.08,17.90625,17.71875,17.59375,17.8125,-21.3,40.0,0.0,41.0
13.91493,0x220,0.0,0.0,1.0,6.25,0.96,0.0,17.90625,17.71875,17.59375,17.8125,-21.3,40.0,0.0,41.0
13.9174,0x2B0,0.0,0.0,1.0,6.25,0.96,0.0,17.90625,17.71875,17.59375,17.8125,-21.7,40.0,0.0,41.0
13.91883,0x316,0.0,0.0,1.0,6.25,0.96,0.0,17.90625,17.71875,17.59375,17.8125,-21.7,40.0,0.0,45.0
13.9193,0x386,0.0,0.0,1.0,6.25,0.96,0.0,18.0625,17.78125,17.6875,17.59375,-21.7,40.0,0.0,45.0
13.92496,0x220,0.0,0.0,1.0,6.25,0.72,0.09,18.0625,17.78125,17.6875,17.59375,-21.7,40.0,0.0,45.0
13.92741,0x2B0,0.0,0.0,1.0,6.25,0.72,0.09,18.0625,17.78125,17.6875,17.59375,-22.1,40.0,0.0,45.0
13.9288,0x316,0.0,0.0,1.0,6.25,0.72,0.09,18.0625,17.78125,17.6875,17.59375,-22.1,40.0,0.0,49.0
13.93494,0x220,0.0,0.0,1.0,6.25,0.58,0.07,18.0625,17.78125,17.6875,17.59375,-22.1,40.0,0.0,49.0
13.93742,0x2B0,0.0,0.0,1.0,6.25,0.58,0.07,18.0625,17.78125,17.6875,17.59375,-22.4,32.0,0.0,49.0
13.939,0x386,0.0,0.0,1.0,6.25,0.58,0.07,17.53125,17.96875,17.5625,17.59375,-22.4,32.0,0.0,49.0
13.93924,0x316,0.0,0.0,1.0,6.25,0.58,0.07,17.53125,17.96875,17.5625,17.59375,-22.4,32.0,0.0,53.0
13.94499,0x220,0.0,0.0,1.0,6.25,0.62,0.0,17.53125,17.96875,17.5625,17.59375,-22.4,32.0,0.0,53.0
13.9474,0x2B0,0.0,0.0,1.0,6.25,0.62,0.0,17.53125,17.96875,17.5625,17.59375,-22.8,32.0,0.0,53.0
13.94891,0x316,0.0,0.0,1.0,6.25,0.62,0.0,17.53125,17.96875,17.5625,17.59375,-22.8,32.0,0.0,57.0
13.95493,0x220,0.0,0.0,1.0,6.25,0.76,0.0,17.53125,17.96875,17.5625,17.59375,-22.8,32.0,0.0,57.0
13.95741,0x2B0,0.0,0.0,1.0,6.25,0.76,0.0,17.53125,17.96875,17.5625,17.59375,-23.2,40.0,0.0,57.0
13.95882,0x316,0.0,0.0,1.0,6.25,0.76,0.0,17.53125,17.96875,17.5625,17.59375,-23.2,40.0,0.0,61.0
13.9593,0x386,0.0,0.0,1.0,6.25,0.76,0.0,17.65625,17.8125,17.53125,17.53125,-23.2,40.0,0.0,61.0
13.96498,0x220,0.0,0.0,1.0,6.25,0.97,0.02,17.65625,17.8125,17.53125,17.53125,-23.2,40.0,0.0,61.0
13.9674,0x2B0,0.0,0.0,1.0,6.25,0.97,0.02,17.65625,17.8125,17.53125,17.53125,-23.6,40.0,0.0,61.0
13.96895,0x316,0.0,0.0,1.0,6.25,0.97,0.02,17.65625,17.8125,17.53125,17.53125,-23.6,40.0,0.0,65.0
13.97493,0x220,0.0,0.0,1.0,6.25,1.13,0.02,17.65625,17.8125,17.53125,17.53125,-23.6,40.0,0.0,65.0
13.97745,0x2B0,0.0,0.0,1.0,6.25,1.13,0.02,17.65625,17.8125,17.53125,17.53125,-24.0,40.0,0.0,65.0
13.97897,0x316,0.0,0.0,1.0,6.25,1.13,0.02,17.65625,17.8125,17.53125,17.53125,-24.0,40.0,0.0,69.0
13.97968,0x386,0.0,0.0,1.0,6.25,1.13,0.02,18.03125,17.53125,17.40625,17.53125,-24.0,40.0,0.0,69.0
13.98497,0x220,0.0,0.0,1.0,6.25,1.14,0.01,18.03125,17.53125,17.40625,17.53125,-24.0,40.0,0.0,69.0
13.98741,0x2B0,0.0,0.0,1.0,6.25,1.14,0.01,18.03125,17.53125,17.40625,17.53125,-24.4,40.0,0.0,69.0
13.98877,0x316,0.0,0.0,1.0,6.25,1.14,0.01,18.03125,17.53125,17.40625,17.53125,-24.4,40.0,0.0,72.0
13.99492,0x220,0.0,0.0,1.0,6.25,1.07,0.04,18.03125,17.53125,17.40625,17.53125,-24.4,40.0,0.0,72.0
13.99743,0x2B0,0.0,0.0,1.0,6.25,1.07,0.04,18.03125,17.53125,17.40625,17.53125,-24.7,32.0,0.0,72.0
13.99884,0x316,0.0,0.0,1.0,6.25,1.07,0.04,18.03125,17.53125,17.40625,17.53125,-24.7,32.0,0.0,74.0
13.99931,0x386,0.0,0.0,1.0,6.25,1.07,0.04,17.71875,18.09375,17.34375,17.65625,-24.7,32.0,0.0,74.0
14.00496,0x220,0.0,0.0,1.0,6.25,1.0,0.09,17.71875,18.09375,17.34375,17.65625,-24.7,32.0,0.0,74.0
14.00744,0x2B0,0.0,0.0,1.0,6.25,1.0,0.09,17.71875,18.09375,17.34375,17.65625,-25.0,28.0,0.0,74.0
14.00882,0x316,0.0,0.0,1.0,6.25,1.0,0.09,17.71875,18.09375,17.34375,17.65625,-25.0,28.0,0.0,76.0
14.01492,0x220,0.0,0.0,1.0,6.25,0.93,0.1,17.71875,18.09375,17.34375,17.65625,-25.0,28.0,0.0,76.0
14.01745,0x2B0,0.0,0.0,1.0,6.25,0.93,0.1,17.71875,18.09375,17.34375,17.65625,-25.3,28.0,0.0,76.0
14.01887,0x316,0.0,0.0,1.0,6.25,0.93,0.1,17.71875,18.09375,17.34375,17.65625,-25.3,28.0,0.0,77.0
14.01935,0x386,0.0,0.0,1.0,6.25,0.93,0.1,17.96875,18.1875,17.1875,17.5625,-25.3,28.0,0.0,77.0
14.02496,0x220,0.0,0.0,1.0,6.25,0.88,0.09,17.96875,18.1875,17.1875,17.5625,-25.3,28.0,0.0,77.0
14.02744,0x2B0,0.0,0.0,1.0,6.25,0.88,0.09,17.96875,18.1875,17.1875,17.5625,-25.5,24.0,0.0,77.0
14.02876,0x316,0.0,0.0,1.0,6.25,0.88,0.09,17.96875,18.1875,17.1875,17.5625,-25.5,24.0,0.0,78.0
14.03494,0x220,0.0,0.0,1.0,6.25,0.86,0.11,17.96875,18.1875,17.1875,17.5625,-25.5,24.0,0.0,78.0
14.03739,0x2B0,0.0,0.0,1.0,6.25,0.86,0.11,17.96875,18.1875,17.1875,17.5625,-25.8,24.0,0.0,78.0
14.03901,0x386,0.0,0.0,1.0,6.25,0.86,0.11,18.0,17.0625,17.125,17.53125,-25.8,24.0,0.0,78.0
14.03925,0x316,0.0,0.0,1.0,6.25,0.86,0.11,18.0,17.0625,17.125,17.53125,-25.8,24.0,0.0,78.0
14.04498,0x220,0.0,0.0,1.0,6.25,0.84,0.15,18.0,17.0625,17.125,17.53125,-25.8,24.0,0.0,78.0
14.04741,0x2B0,0.0,0.0,1.0,6.25,0.84,0.15,18.0,17.0625,17.125,17.53125,-25.8,12.0,0.0,78.0
14.04891,0x316,0.0,0.0,1.0,6.25,0.84,0.15,18.0,17.0625,17.125,17.53125,-25.8,12.0,0.0,79.0
14.05494,0x220,0.0,0.0,1.0,6.25,0.88,0.2,18.0,17.0625,17.125,17.53125,-25.8,12.0,0.0,79.0
14.05742,0x2B0,0.0,0.0,1.0,6.25,0.88,0.2,18.0,17.0625,17.125,17.53125,-26.1,12.0,0.0,79.0
14.0589,0x316,0.0,0.0,1.0,6.25,0.88,0.2,18.0,17.0625,17.125,17.53125,-26.1,12.0,0.0,79.0
14.05938,0x386,0.0,0.0,1.0,6.25,0.88,0.2,17.90625,18.09375,17.21875,17.59375,-26.1,12.0,0.0,79.0
14.06496,0x220,0.0,0.0,1.0,6.25,1.01,0.2,17.90625,18.09375,17.21875,17.59375,-26.1,12.0,0.0,79.0
14.06743,0x2B0,0.0,0.0,1.0,6.25,1.01,0.2,17.90625,18.09375,17.21875,17.59375,-26.1,12.0,0.0,79.0
14.06895,0x316,0.0,0.0,1.0,6.25,1.01,0.2,17.90625,18.09375,17.21875,17.59375,-26.1,12.0,0.0,79.0
14.07493,0x220,0.0,0.0,1.0,6.25,1.2,0.03,17.90625,18.09375,17.21875,17.59375,-26.1,12.0,0.0,79.0
14.07744,0x2B0,0.0,0.0,1.0,6.25,1.2,0.03,17.90625,18.09375,17.21875,17.59375,-26.3,8.0,0.0,79.0
14.079,0x316,0.0,0.0,1.0,6.25,1.2,0.03,17.90625,18.09375,17.21875,17.59375,-26.3,8.0,0.0,79.0
14.07971,0x386,0.0,0.0,1.0,6.25,1.2,0.03,18.09375,17.90625,17.375,17.46875,-26.3,8.0,0.0,79.0
14.08496,0x220,0.0,0.0,1.0,6.25,1.36,-0.19,18.09375,17.90625,17.375,17.46875,-26.3,8.0,0.0,79.0
14.08743,0x2B0,0.0,0.0,1.0,6.25,1.36,-0.19,18.09375,17.90625,17.375,17.46875,-26.3,8.0,0.0,79.0
14.08878,0x316,0.0,0.0,1.0,6.25,1.36,-0.19,18.09375,17.90625,17.375,17.46875,-26.3,8.0,0.0,80.0
14.09493,0x220,0.0,0.0,1.0,6.25,1.41,-0.32,18.09375,17.90625,17.375,17.46875,-26.3,8.0,0.0,80.0
14.09743,0x2B0,0.0,0.0,1.0,6.25,1.41,-0.32,18.09375,17.90625,17.375,17.46875,-26.3,0.0,0.0,80.0
14.09893,0x316,0.0,0.0,1.0,6.25,1.41,-0.32,18.09375,17.90625,17.375,17.46875,-26.3,0.0,0.0,80.0
14.09941,0x386,0.0,0.0,1.0,6.25,1.41,-0.32,17.875,17.875,17.34375,17.3125,-26.3,0.0,0.0,80.0
14.10496,0x220,0.0,0.0,1.0,6.25,1.38,-0.33,17.875,17.875,17.34375,17.3125,-26.3,0.0,0.0,80.0
14.10742,0x2B0,0.0,0.0,1.0,6.25,1.38,-0.33,17.875,17.875,17.34375,17.3125,-26.3,0.0,0.0,80.0
14.10877,0x316,0.0,0.0,1.0,6.25,1.38,-0.33,17.875,17.875,17.34375,17.3125,-26.3,0.0,0.0,80.0
14.11493,0x220,0.0,0.0,1.0,6.25,1.38,-0.3,17.875,17.875,17.34375,17.3125,-26.3,0.0,0.0,80.0
14.11742,0x2B0,0.0,0.0,1.0,6.25,1.38,-0.3,17.875,17.875,17.34375,17.3125,-26.3,0.0,0.0,80.0
14.11894,0x316,0.0,0.0,1.0,6.25,1.38,-0.3,17.875,17.875,17.34375,17.3125,-26.3,0.0,0.0,80.0
14.1199,0x386,0.0,0.0,1.0,6.25,1.38,-0.3,17.90625,17.90625,17.25,17.25,-26.3,0.0,0.0,80.0
14.12495,0x220,0.0,0.0,1.0,6.25,1.48,-0.31,17.90625,17.90625,17.25,17.25,-26.3,0.0,0.0,80.0
14.12743,0x2B0,0.0,0.0,1.0,6.25,1.48,-0.31,17.90625,17.90625,17.25,17.25,-26.3,0.0,0.0,80.0
14.12878,0x316,0.0,0.0,1.0,6.25,1.48,-0.31,17.90625,17.90625,17.25,17.25,-26.3,0.0,0.0,80.0
14.13493,0x220,0.0,0.0,1.0,6.25,1.73,-0.43,17.90625,17.90625,17.25,17.25,-26.3,0.0,0.0,80.0
14.13742,0x2B0,0.0,0.0,1.0,6.25,1.73,-0.43,17.90625,17.90625,17.25,17.25,-26.3,0.0,0.0,80.0
14.13901,0x386,0.0,0.0,1.0,6.25,1.73,-0.43,17.78125,17.8125,17.28125,17.4375,-26.3,0.0,0.0,80.0
14.13925,0x316,0.0,0.0,1.0,6.25,1.73,-0.43,17.78125,17.8125,17.28125,17.4375,-26.3,0.0,0.0,80.0
14.14499,0x220,0.0,0.0,1.0,6.25,2.03,-0.61,17.78125,17.8125,17.28125,17.4375,-26.3,0.0,0.0,80.0
14.14734,0x2B0,0.0,0.0,1.0,6.25,2.03,-0.61,17.78125,17.8125,17.28125,17.4375,-26.3,0.0,0.0,80.0
14.14892,0x316,0.0,0.0,1.0,6.25,2.03,-0.61,17.78125,17.8125,17.28125,17.4375,-26.3,0.0,0.0,80.0
14.15493,0x220,0.0,0.0,1.0,6.25,2.13,-0.75,17.78125,17.8125,17.28125,17.4375,-26.3,0.0,0.0,80.0
14.15731,0x2B0,0.0,0.0,1.0,6.25,2.13,-0.75,17.78125,17.8125,17.28125,17.4375,-26.2,0.0,0.0,80.0
14.1589,0x316,0.0,0.0,1.0,6.25,2.13,-0.75,17.78125,17.8125,17.28125,17.4375,-26.2,0.0,0.0,81.0
14.15937,0x386,0.0,0.0,1.0,6.25,2.13,-0.75,17.875,17.90625,17.75,17.53125,-26.2,0.0,0.0,81.0
14.16497,0x220,0.0,0.0,1.0,6.25,2.01,-0.8,17.875,17.90625,17.75,17.53125,-26.2,0.0,0.0,81.0
14.16738,0x2B0,0.0,0.0,1.0,6.25,2.01,-0.8,17.875,17.90625,17.75,17.53125,-26.0,12.0,0.0,81.0
14.16895,0x316,0.0,0.0,1.0,6.25,2.01,-0.8,17.875,17.90625,17.75,17.53125,-26.0,12.0,0.0,81.0
14.17493,0x220,0.0,0.0,1.0,6.25,1.8,-0.79,17.875,17.90625,17.75,17.53125,-26.0,12.0,0.0,81.0
14.17746,0x2B0,0.0,0.0,1.0,6.25,1.8,-0.79,17.875,17.90625,17.75,17.53125,-25.8,20.0,0.0,81.0
14.17911,0x316,0.0,0.0,1.0,6.25,1.8,-0.79,17.875,17.90625,17.75,17.53125,-25.8,20.0,0.0,80.0
14.17982,0x386,0.0,0.0,1.0,6.25,1.8,-0.79,17.75,17.625,17.875,17.5625,-25.8,20.0,0.0,80.0
14.18497,0x220,0.0,0.0,1.0,6.25,1.57,-0.76,17.75,17.625,17.875,17.5625,-25.8,20.0,0.0,80.0
14.18745,0x2B0,0.0,0.0,1.0,6.25,1.57,-0.76,17.75,17.625,17.875,17.5625,-25.8,8.0,0.0,80.0
14.18878,0x316,0.0,0.0,1.0,6.25,1.57,-0.76,17.75,17.625,17.875,17.5625,-25.8,8.0,0.0,80.0
14.19493,0x220,0.0,0.0,1.0,6.25,1.4,-0.75,17.75,17.625,17.875,17.5625,-25.8,8.0,0.0,80.0
14.19738,0x2B0,0.0,0.0,1.0,6.25,1.4,-0.75,17.75,17.625,17.875,17.5625,-25.6,8.0,0.0,80.0
14.19884,0x316,0.0,0.0,1.0,6.25,1.4,-0.75,17.75,17.625,17.875,17.5625,-25.6,8.0,0.0,81.0
14.19931,0x386,0.0,0.0,1.0,6.25,1.4,-0.75,17.65625,17.8125,17.84375,17.5625,-25.6,8.0,0.0,81.0
14.20496,0x220,0.0,0.0,1.0,6.25,1.35,-0.87,17.65625,17.8125,17.84375,17.5625,-25.6,8.0,0.0,81.0
14.20743,0x2B0,0.0,0.0,1.0,6.25,1.35,-0.87,17.65625,17.8125,17.84375,17.5625,-25.6,8.0,0.0,81.0
14.20876,0x316,0.0,0.0,1.0,6.25,1.35,-0.87,17.65625,17.8125,17.84375,17.5625,-25.6,8.0,0.0,81.0
14.21493,0x220,0.0,0.0,1.0,6.25,1.36,-1.04,17.65625,17.8125,17.84375,17.5625,-25.6,8.0,0.0,81.0
14.21742,0x2B0,0.0,0.0,1.0,6.25,1.36,-1.04,17.65625,17.8125,17.84375,17.5625,-25.4,8.0,0.0,81.0
14.21893,0x316,0.0,0.0,1.0,6.25,1.36,-1.04,17.65625,17.8125,17.84375,17.5625,-25.4,8.0,0.0,80.0
14.2194,0x386,0.0,0.0,1.0,6.25,1.36,-1.04,18.0,17.84375,17.75,17.59375,-25.4,8.0,0.0,80.0
14.22497,0x220,0.0,0.0,1.0,6.25,1.28,-1.0,18.0,17.84375,17.75,17.59375,-25.4,8.0,0.0,80.0
14.2274,0x2B0,0.0,0.0,1.0,6.25,1.28,-1.0,18.0,17.84375,17.75,17.59375,-25.2,20.0,0.0,80.0
14.22885,0x316,0.0,0.0,1.0,6.25,1.28,-1.0,18.0,17.84375,17.75,17.59375,-25.2,20.0,0.0,81.0
14.23494,0x220,0.0,0.0,1.0,6.25,1.09,-0.73,18.0,17.84375,17.75,17.59375,-25.2,20.0,0.0,81.0
14.23737,0x2B0,0.0,0.0,1.0,6.25,1.09,-0.73,18.0,17.84375,17.75,17.59375,-25.2,8.0,0.0,81.0
14.23903,0x316,0.0,0.0,1.0,6.25,1.09,-0.73,18.0,17.84375,17.75,17.59375,-25.2,8.0,0.0,81.0
14.23974,0x386,0.0,0.0,1.0,6.25,1.09,-0.73,17.59375,17.53125,17.78125,17.59375,-25.2,8.0,0.0,81.0
14.24499,0x220,0.0,0.0,1.0,6.25,0.8,-0.44,17.59375,17.53125,17.78125,17.59375,-25.2,8.0,0.0,81.0
14.2474,0x2B0,0.0,0.0,1.0,6.25,0.8,-0.44,17.59375,17.53125,17.78125,17.59375,-25.0,8.0,0.0,81.0
14.24889,0x316,0.0,0.0,1.0,6.25,0.8,-0.44,17.59375,17.53125,17.78125,17.59375,-25.0,8.0,0.0,81.0
14.25494,0x220,0.0,0.0,1.0,6.25,0.55,-0.36,17.59375,17.53125,17.78125,17.59375,-25.0,8.0,0.0,81.0
14.25739,0x2B0,0.0,0.0,1.0,6.25,0.55,-0.36,17.59375,17.53125,17.78125,17.59375,-25.0,8.0,0.0,81.0
14.25892,0x316,0.0,0.0,1.0,6.25,0.55,-0.36,17.59375,17.53125,17.78125,17.59375,-25.0,8.0,0.0,82.0
14.25939,0x386,0.0,0.0,1.0,6.25,0.55,-0.36,17.8125,17.6875,17.59375,17.84375,-25.0,8.0,0.0,82.0
14.26496,0x220,0.0,0.0,1.0,6.25,0.36,-0.43,17.8125,17.6875,17.59375,17.84375,-25.0,8.0,0.0,82.0
14.2674,0x2B0,0.0,0.0,1.0,6.25,0.36,-0.43,17.8125,17.6875,17.59375,17.84375,-24.9,0.0,0.0,82.0
14.26902,0x316,0.0,0.0,1.0,6.25,0.36,-0.43,17.8125,17.6875,17.59375,17.84375,-24.9,0.0,0.0,83.0
14.27493,0x220,0.0,0.0,1.0,6.25,0.23,-0.39,17.8125,17.6875,17.59375,17.84375,-24.9,0.0,0.0,83.0
14.27745,0x2B0,0.0,0.0,1.0,6.25,0.23,-0.39,17.8125,17.6875,17.59375,17.84375,-24.9,0.0,0.0,83.0
14.27893,0x316,0.0,0.0,1.0,6.25,0.23,-0.39,17.8125,17.6875,17.59375,17.84375,-24.9,0.0,0.0,84.0
14.27941,0x386,0.0,0.0,1.0,6.25,0.23,-0.39,18.0,17.46875,17.59375,17.78125,-24.9,0.0,0.0,84.0
14.28497,0x220,0.0,0.0,1.0,6.25,0.21,-0.12,18.0,17.46875,17.59375,17.78125,-24.9,0.0,0.0,84.0
14.28744,0x2B0,0.0,0.0,1.0,6.25,0.21,-0.12,18.0,17.46875,17.59375,17.78125,-24.9,0.0,0.0,84.0
14.28874,0x316,0.0,0.0,1.0,6.25,0.21,-0.12,18.0,17.46875,17.59375,17.78125,-24.9,0.0,0.0,85.0
14.29494,0x220,0.0,0.0,1.0,6.25,0.28,0.13,18.0,17.46875,17.59375,17.78125,-24.9,0.0,0.0,85.0
14.29738,0x2B0,0.0,0.0,1.0,6.25,0.28,0.13,18.0,17.46875,17.59375,17.78125,-24.7,8.0,0.0,85.0
14.29888,0x316,0.0,0.0,1.0,6.25,0.28,0.13,18.0,17.46875,17.59375,17.78125,-24.7,8.0,0.0,87.0
14.29935,0x386,0.0,0.0,1.0,6.25,0.28,0.13,17.84375,17.4375,17.5625,17.625,-24.7,8.0,0.0,87.0
14.30498,0x220,0.0,0.0,1.0,6.25,0.33,0.23,17.84375,17.4375,17.5625,17.625,-24.7,8.0,0.0,87.0
14.30735,0x2B0,0.0,0.0,1.0,6.25,0.33,0.23,17.84375,17.4375,17.5625,17.625,-24.7,8.0,0.0,87.0
14.30879,0x316,0.0,0.0,1.0,6.25,0.33,0.23,17.84375,17.4375,17.5625,17.625,-24.7,8.0,0.0,88.0
14.31494,0x220,0.0,0.0,1.0,6.25,0.3,0.23,17.84375,17.4375,17.5625,17.625,-24.7,8.0,0.0,88.0
14.31735,0x2B0,0.0,0.0,1.0,6.25,0.3,0.23,17.84375,17.4375,17.5625,17.625,-24.7,0.0,0.0,88.0
14.31886,0x316,0.0,0.0,1.0,6.25,0.3,0.23,17.84375,17.4375,17.5625,17.625,-24.7,0.0,0.0,89.0
14.31933,0x386,0.0,0.0,1.0,6.25,0.3,0.23,17.84375,17.8125,17.53125,17.5625,-24.7,0.0,0.0,89.0
14.32497,0x220,0.0,0.0,1.0,6.25,0.22,0.27,17.84375,17.8125,17.53125,17.5625,-24.7,0.0,0.0,89.0
14.32743,0x2B0,0.0,0.0,1.0,6.25,0.22,0.27,17.84375,17.8125,17.53125,17.5625,-24.7,0.0,0.0,89.0
14.32874,0x316,0.0,0.0,1.0,6.25,0.22,0.27,17.84375,17.8125,17.53125,17.5625,-24.7,0.0,0.0,90.0
14.33494,0x220,0.0,0.0,1.0,6.25,0.19,0.34,17.84375,17.8125,17.53125,17.5625,-24.7,0.0,0.0,90.0
14.3374,0x2B0,0.0,0.0,1.0,6.25,0.19,0.34,17.84375,17.8125,17.53125,17.5625,-24.6,0.0,0.0,90.0
14.33902,0x386,0.0,0.0,1.0,6.25,0.19,0.34,17.90625,17.875,17.40625,17.46875,-24.6,0.0,0.0,90.0
14.33926,0x316,0.0,0.0,1.0,6.25,0.19,0.34,17.90625,17.875,17.40625,17.46875,-24.6,0.0,0.0,92.0
14.34501,0x220,0.0,0.0,1.0,6.25,0.23,0.34,17.90625,17.875,17.40625,17.46875,-24.6,0.0,0.0,92.0
14.34736,0x2B0,0.0,0.0,1.0,6.25,0.23,0.34,17.90625,17.875,17.40625,17.46875,-24.6,0.0,0.0,92.0
14.34895,0x316,0.0,0.0,1.0,6.25,0.23,0.34,17.90625,17.875,17.40625,17.46875,-24.6,0.0,0.0,93.0
14.35494,0x220,0.0,0.0,1.0,6.25,0.32,0.25,17.90625,17.875,17.40625,17.46875,-24.6,0.0,0.0,93.0
14.35739,0x2B0,0.0,0.0,1.0,6.25,0.32,0.25,17.90625,17.875,17.40625,17.46875,-24.4,8.0,0.0,93.0
14.35884,0x316,0.0,0.0,1.0,6.25,0.32,0.25,17.90625,17.875,17.40625,17.46875,-24.4,8.0,0.0,94.0
14.35932,0x386,0.0,0.0,1.0,6.25,0.32,0.25,17.875,18.0,17.46875,17.4375,-24.4,8.0,0.0,94.0
14.36497,0x220,0.0,0.0,1.0,6.25,0.44,0.19,17.875,18.0,17.46875,17.4375,-24.4,8.0,0.0,94.0
14.36742,0x2B0,0.0,0.0,1.0,6.25,0.44,0.19,17.875,18.0,17.46875,17.4375,-24.4,8.0,0.0,94.0
14.36893,0x316,0.0,0.0,1.0,6.25,0.44,0.19,17.875,18.0,17.46875,17.4375,-24.4,8.0,0.0,96.0
14.37494,0x220,0.0,0.0,1.0,6.25,0.56,0.25,17.875,18.0,17.46875,17.4375,-24.4,8.0,0.0,96.0
14.37743,0x2B0,0.0,0.0,1.0,6.25,0.56,0.25,17.875,18.0,17.46875,17.4375,-24.2,8.0,0.0,96.0
14.37896,0x316,0.0,0.0,1.0,6.25,0.56,0.25,17.875,18.0,17.46875,17.4375,-24.2,8.0,0.0,97.0
14.37944,0x386,0.0,0.0,1.0,6.25,0.56,0.25,17.90625,18.0,17.375,17.1875,-24.2,8.0,0.0,97.0
14.38497,0x220,0.0,0.0,1.0,6.25,0.67,0.37,17.90625,18.0,17.375,17.1875,-24.2,8.0,0.0,97.0
14.38738,0x2B0,0.0,0.0,1.0,6.25,0.67,0.37,17.90625,18.0,17.375,17.1875,-24.0,20.0,0.0,97.0
14.38878,0x316,0.0,0.0,1.0,6.25,0.67,0.37,17.90625,18.0,17.375,17.1875,-24.0,20.0,0.0,99.0
14.39494,0x220,0.0,0.0,1.0,6.25,0.79,0.42,17.90625,18.0,17.375,17.1875,-24.0,20.0,0.0,99.0
14.39736,0x2B0,0.0,0.0,1.0,6.25,0.79,0.42,17.90625,18.0,17.375,17.1875,-23.8,20.0,0.0,99.0
14.39881,0x316,0.0,0.0,1.0,6.25,0.79,0.42,17.90625,18.0,17.375,17.1875,-23.8,20.0,0.0,102.0
14.39928,0x386,0.0,0.0,1.0,6.25,0.79,0.42,18.03125,18.0,17.40625,17.4375,-23.8,20.0,0.0,102.0
14.40497,0x220,0.0,0.0,1.0,6.25,0.95,0.35,18.03125,18.0,17.40625,17.4375,-23.8,20.0,0.0,102.0
14.40736,0x2B0,0.0,0.0,1.0,6.25,0.95,0.35,18.03125,18.0,17.40625,17.4375,-23.6,20.0,0.0,102.0
14.40876,0x316,0.0,0.0,1.0,6.25,0.95,0.35,18.03125,18.0,17.40625,17.4375,-23.6,20.0,0.0,103.0
14.41495,0x220,0.0,0.0,1.0,6.25,1.07,0.15,18.03125,18.0,17.40625,17.4375,-23.6,20.0,0.0,103.0
14.41735,0x2B0,0.0,0.0,1.0,6.25,1.07,0.15,18.03125,18.0,17.40625,17.4375,-23.4,20.0,0.0,103.0
14.41884,0x316,0.0,0.0,1.0,6.25,1.07,0.15,18.03125,18.0,17.40625,17.4375,-23.4,20.0,0.0,105.0
14.41931,0x386,0.0,0.0,1.0,6.25,1.07,0.15,17.90625,17.90625,17.59375,17.4375,-23.4,20.0,0.0,105.0
14.42497,0x220,0.0,0.0,1.0,6.25,1.11,-0.02,17.90625,17.90625,17.59375,17.4375,-23.4,20.0,0.0,105.0
14.42735,0x2B0,0.0,0.0,1.0,6.25,1.11,-0.02,17.90625,17.90625,17.59375,17.4375,-23.2,20.0,0.0,105.0
14.42882,0x316,0.0,0.0,1.0,6.25,1.11,-0.02,17.90625,17.90625,17.59375,17.4375,-23.2,20.0,0.0,107.0
14.43494,0x220,0.0,0.0,1.0,6.25,0.97,-0.11,17.90625,17.90625,17.59375,17.4375,-23.2,20.0,0.0,107.0
14.43737,0x2B0,0.0,0.0,1.0,6.25,0.97,-0.11,17.90625,17.90625,17.59375,17.4375,-22.9,24.0,0.0,107.0
14.43896,0x316,0.0,0.0,1.0,6.25,0.97,-0.11,17.90625,17.90625,17.59375,17.4375,-22.9,24.0,0.0,108.0
14.43943,0x386,0.0,0.0,1.0,6.25,0.97,-0.11,17.90625,17.875,17.53125,17.1875,-22.9,24.0,0.0,108.0
14.445,0x220,0.0,0.0,1.0,6.25,0.79,-0.07,17.90625,17.875,17.53125,17.1875,-22.9,24.0,0.0,108.0
14.44735,0x2B0,0.0,0.0,1.0,6.25,0.79,-0.07,17.90625,17.875,17.53125,17.1875,-22.7,24.0,0.0,108.0
14.4489,0x316,0.0,0.0,1.0,6.25,0.79,-0.07,17.90625,17.875,17.53125,17.1875,-22.7,24.0,0.0,110.0
14.45495,0x220,0.0,0.0,1.0,6.25,0.73,0.01,17.90625,17.875,17.53125,17.1875,-22.7,24.0,0.0,110.0
14.45734,0x2B0,0.0,0.0,1.0,6.25,0.73,0.01,17.90625,17.875,17.53125,17.1875,-22.5,20.0,0.0,110.0
14.45881,0x316,0.0,0.0,1.0,6.25,0.73,0.01,17.90625,17.875,17.53125,17.1875,-22.5,20.0,0.0,111.0
14.45928,0x386,0.0,0.0,1.0,6.25,0.73,0.01,17.90625,17.84375,17.3125,17.40625,-22.5,20.0,0.0,111.0
14.46498,0x220,0.0,0.0,1.0,6.25,0.83,0.0,17.90625,17.84375,17.3125,17.40625,-22.5,20.0,0.0,111.0
14.46735,0x2B0,0.0,0.0,1.0,6.25,0.83,0.0,17.90625,17.84375,17.3125,17.40625,-22.2,24.0,0.0,111.0
14.46904,0x316,0.0,0.0,1.0,6.25,0.83,0.0,17.90625,17.84375,17.3125,17.40625,-22.2,24.0,0.0,112.0
14.47493,0x220,0.0,0.0,1.0,6.25,0.91,-0.11,17.90625,17.84375,17.3125,17.40625,-22.2,24.0,0.0,112.0
14.47745,0x2B0,0.0,0.0,1.0,6.25,0.91,-0.11,17.90625,17.84375,17.3125,17.40625,-22.0,24.0,0.0,112.0
14.47899,0x316,0.0,0.0,1.0,6.25,0.91,-0.11,17.90625,17.84375,17.3125,17.40625,-22.0,24.0,0.0,114.0
14.47947,0x386,0.0,0.0,1.0,6.25,0.91,-0.11,17.8125,17.8125,17.21875,17.625,-22.0,24.0,0.0,114.0
14.48497,0x220,0.0,0.0,1.0,6.25,0.89,-0.21,17.8125,17.8125,17.21875,17.625,-22.0,24.0,0.0,114.0
14.48735,0x2B0,0.0,0.0,1.0,6.25,0.89,-0.21,17.8125,17.8125,17.21875,17.625,-21.8,20.0,0.0,114.0
14.48874,0x316,0.0,0.0,1.0,6.25,0.89,-0.21,17.8125,17.8125,17.21875,17.625,-21.8,20.0,0.0,114.0
14.49493,0x220,0.0,0.0,1.0,6.25,0.82,-0.1,17.8125,17.8125,17.21875,17.625,-21.8,20.0,0.0,114.0
14.49736,0x2B0,0.0,0.0,1.0,6.25,0.82,-0.1,17.8125,17.8125,17.21875,17.625,-21.6,20.0,0.0,114.0
14.49882,0x316,0.0,0.0,1.0,6.25,0.82,-0.1,17.8125,17.8125,17.21875,17.625,-21.6,20.0,0.0,115.0
14.49929,0x386,0.0,0.0,1.0,6.25,0.82,-0.1,17.78125,17.65625,17.5,17.5625,-21.6,20.0,0.0,115.0
14.50498,0x220,0.0,0.0,1.0,6.25,0.65,0.18,17.78125,17.65625,17.5,17.5625,-21.6,20.0,0.0,115.0
14.50735,0x2B0,0.0,0.0,1.0,6.25,0.65,0.18,17.78125,17.65625,17.5,17.5625,-21.4,20.0,0.0,115.0
14.50878,0x316,0.0,0.0,1.0,6.25,0.65,0.18,17.78125,17.65625,17.5,17.5625,-21.4,20.0,0.0,116.0
14.51494,0x220,0.0,0.0,1.0,6.25,0.55,0.38,17.78125,17.65625,17.5,17.5625,-21.4,20.0,0.0,116.0
14.51735,0x2B0,0.0,0.0,1.0,6.25,0.55,0.38,17.78125,17.65625,17.5,17.5625,-21.2,20.0,0.0,116.0
14.51892,0x316,0.0,0.0,1.0,6.25,0.55,0.38,17.78125,17.65625,17.5,17.5625,-21.2,20.0,0.0,118.0
14.5194,0x386,0.0,0.0,1.0,6.25,0.55,0.38,17.65625,17.625,17.59375,17.59375,-21.2,20.0,0.0,118.0
14.52498,0x220,0.0,0.0,1.0,6.25,0.56,0.4,17.65625,17.625,17.59375,17.59375,-21.2,20.0,0.0,118.0
14.52737,0x2B0,0.0,0.0,1.0,6.25,0.56,0.4,17.65625,17.625,17.59375,17.59375,-21.2,8.0,0.0,118.0
14.52875,0x316,0.0,0.0,1.0,6.25,0.56,0.4,17.65625,17.625,17.59375,17.59375,-21.2,8.0,0.0,119.0
14.53495,0x220,0.0,0.0,1.0,6.25,0.66,0.35,17.65625,17.625,17.59375,17.59375,-21.2,8.0,0.0,119.0
14.53734,0x2B0,0.0,0.0,1.0,6.25,0.66,0.35,17.65625,17.625,17.59375,17.59375,-20.8,20.0,0.0,119.0
14.53896,0x316,0.0,0.0,1.0,6.25,0.66,0.35,17.65625,17.625,17.59375,17.59375,-20.8,20.0,0.0,119.0
14.53944,0x386,0.0,0.0,1.0,6.25,0.66,0.35,17.6875,17.59375,17.53125,17.5,-20.8,20.0,0.0,119.0
14.54501,0x220,0.0,0.0,1.0,6.25,0.82,0.34,17.6875,17.59375,17.53125,17.5,-20.8,20.0,0.0,119.0
14.54733,0x2B0,0.0,0.0,1.0,6.25,0.82,0.34,17.6875,17.59375,17.53125,17.5,-20.6,28.0,0.0,119.0
14.54895,0x316,0.0,0.0,1.0,6.25,0.82,0.34,17.6875,17.59375,17.53125,17.5,-20.6,28.0,0.0,120.0
14.55495,0x220,0.0,0.0,1.0,6.25,0.96,0.32,17.6875,17.59375,17.53125,17.5,-20.6,28.0,0.0,120.0
14.55735,0x2B0,0.0,0.0,1.0,6.25,0.96,0.32,17.6875,17.59375,17.53125,17.5,-20.4,20.0,0.0,120.0
14.55886,0x316,0.0,0.0,1.0,6.25,0.96,0.32,17.6875,17.59375,17.53125,17.5,-20.4,20.0,0.0,121.0
14.55934,0x386,0.0,0.0,1.0,6.25,0.96,0.32,17.5625,17.53125,17.625,17.4375,-20.4,20.0,0.0,121.0
14.56499,0x220,0.0,0.0,1.0,6.25,1.01,0.29,17.5625,17.53125,17.625,17.4375,-20.4,20.0,0.0,121.0
14.56738,0x2B0,0.0,0.0,1.0,6.25,1.01,0.29,17.5625,17.53125,17.625,17.4375,-20.4,8.0,0.0,121.0
14.5689,0x316,0.0,0.0,1.0,6.25,1.01,0.29,17.5625,17.53125,17.625,17.4375,-20.4,8.0,0.0,122.0
14.57494,0x220,0.0,0.0,1.0,6.25,0.97,0.27,17.5625,17.53125,17.625,17.4375,-20.4,8.0,0.0,122.0
14.57743,0x2B0,0.0,0.0,1.0,6.25,0.97,0.27,17.5625,17.53125,17.625,17.4375,-20.1,12.0,0.0,122.0
14.57902,0x316,0.0,0.0,1.0,6.25,0.97,0.27,17.5625,17.53125,17.625,17.4375,-20.1,12.0,0.0,123.0
14.5795,0x386,0.0,0.0,1.0,6.25,0.97,0.27,17.5625,17.46875,17.5625,17.375,-20.1,12.0,0.0,123.0
14.58498,0x220,0.0,0.0,1.0,6.25,0.91,0.3,17.5625,17.46875,17.5625,17.375,-20.1,12.0,0.0,123.0
14.58738,0x2B0,0.0,0.0,1.0,6.25,0.91,0.3,17.5625,17.46875,17.5625,17.375,-20.1,12.0,0.0,123.0
14.58878,0x316,0.0,0.0,1.0,6.25,0.91,0.3,17.5625,17.46875,17.5625,17.375,-20.1,12.0,0.0,124.0
14.59494,0x220,0.0,0.0,1.0,6.25,0.91,0.35,17.5625,17.46875,17.5625,17.375,-20.1,12.0,0.0,124.0
14.59731,0x2B0,0.0,0.0,1.0,6.25,0.91,0.35,17.5625,17.46875,17.5625,17.375,-19.9,8.0,0.0,124.0
14.59885,0x316,0.0,0.0,1.0,6.25,0.91,0.35,17.5625,17.46875,17.5625,17.375,-19.9,8.0,0.0,124.0
14.59932,0x386,0.0,0.0,1.0,6.25,0.91,0.35,17.53125,17.46875,17.375,17.4375,-19.9,8.0,0.0,124.0
14.60498,0x220,0.0,0.0,1.0,6.25,0.97,0.33,17.53125,17.46875,17.375,17.4375,-19.9,8.0,0.0,124.0
14.60733,0x2B0,0.0,0.0,1.0,6.25,0.97,0.33,17.53125,17.46875,17.375,17.4375,-19.7,20.0,0.0,124.0
14.60878,0x316,0.0,0.0,1.0,6.25,0.97,0.33,17.53125,17.46875,17.375,17.4375,-19.7,20.0,0.0,125.0
14.61495,0x220,0.0,0.0,1.0,6.25,1.05,0.27,17.53125,17.46875,17.375,17.4375,-19.7,20.0,0.0,125.0
14.61731,0x2B0,0.0,0.0,1.0,6.25,1.05,0.27,17.53125,17.46875,17.375,17.4375,-19.7,8.0,0.0,125.0
14.61879,0x316,0.0,0.0,1.0,6.25,1.05,0.27,17.53125,17.46875,17.375,17.4375,-19.7,8.0,0.0,126.0
14.61926,0x386,0.0,0.0,1.0,6.25,1.05,0.27,17.40625,17.40625,17.40625,17.34375,-19.7,8.0,0.0,126.0
14.62499,0x220,0.0,0.0,1.0,6.25,1.1,0.25,17.40625,17.40625,17.40625,17.34375,-19.7,8.0,0.0,126.0
14.62731,0x2B0,0.0,0.0,1.0,6.25,1.1,0.25,17.40625,17.40625,17.40625,17.34375,-19.5,8.0,0.0,126.0
14.62878,0x316,0.0,0.0,1.0,6.25,1.1,0.25,17.40625,17.40625,17.40625,17.34375,-19.5,8.0,0.0,126.0
14.63494,0x220,0.0,0.0,1.0,6.25,1.14,0.34,17.40625,17.40625,17.40625,17.34375,-19.5,8.0,0.0,126.0
14.63735,0x2B0,0.0,0.0,1.0,6.25,1.14,0.34,17.40625,17.40625,17.40625,17.34375,-19.5,8.0,0.0,126.0
14.63903,0x386,0.0,0.0,1.0,6.25,1.14,0.34,17.5,17.34375,17.25,17.4375,-19.5,8.0,0.0,126.0
14.63927,0x316,0.0,0.0,1.0,6.25,1.14,0.34,17.5,17.34375,17.25,17.4375,-19.5,8.0,0.0,127.0
14.645,0x220,0.0,0.0,1.0,6.25,1.16,0.43,17.5,17.34375,17.25,17.4375,-19.5,8.0,0.0,127.0
14.64731,0x2B0,0.0,0.0,1.0,6.25,1.16,0.43,17.5,17.34375,17.25,17.4375,-19.4,0.0,0.0,127.0
14.64889,0x316,0.0,0.0,1.0,6.25,1.16,0.43,17.5,17.34375,17.25,17.4375,-19.4,0.0,0.0,127.0
14.65495,0x220,0.0,0.0,1.0,6.25,1.11,0.4,17.5,17.34375,17.25,17.4375,-19.4,0.0,0.0,127.0
14.6573,0x2B0,0.0,0.0,1.0,6.25,1.11,0.4,17.5,17.34375,17.25,17.4375,-19.4,0.0,0.0,127.0
14.6588,0x316,0.0,0.0,1.0,6.25,1.11,0.4,17.5,17.34375,17.25,17.4375,-19.4,0.0,0.0,127.0
14.65927,0x386,0.0,0.0,1.0,6.25,1.11,0.4,17.4375,17.40625,17.15625,17.46875,-19.4,0.0,0.0,127.0
14.66499,0x220,0.0,0.0,1.0,6.25,1.0,0.25,17.4375,17.40625,17.15625,17.46875,-19.4,0.0,0.0,127.0
14.66731,0x2B0,0.0,0.0,1.0,6.25,1.0,0.25,17.4375,17.40625,17.15625,17.46875,-19.4,0.0,0.0,127.0
14.66891,0x316,0.0,0.0,1.0,6.25,1.0,0.25,17.4375,17.40625,17.15625,17.46875,-19.4,0.0,0.0,127.0
14.67496,0x220,0.0,0.0,1.0,6.25,0.93,0.17,17.4375,17.40625,17.15625,17.46875,-19.4,0.0,0.0,127.0
14.67746,0x2B0,0.0,0.0,1.0,6.25,0.93,0.17,17.4375,17.40625,17.15625,17.46875,-19.4,0.0,0.0,127.0
14.67905,0x316,0.0,0.0,1.0,6.25,0.93,0.17,17.4375,17.40625,17.15625,17.46875,-19.4,0.0,0.0,127.0
14.67953,0x386,0.0,0.0,1.0,6.25,0.93,0.17,17.3125,17.3125,17.15625,17.28125,-19.4,0.0,0.0,127.0
14.685,0x220,0.0,0.0,1.0,6.25,0.99,0.25,17.3125,17.3125,17.15625,17.28125,-19.4,0.0,0.0,127.0
14.68733,0x2B0,0.0,0.0,1.0,6.25,0.99,0.25,17.3125,17.3125,17.15625,17.28125,-19.4,0.0,0.0,127.0
14.68873,0x316,0.0,0.0,1.0,6.25,0.99,0.25,17.3125,17.3125,17.15625,17.28125,-19.4,0.0,0.0,127.0
14.69495,0x220,0.0,0.0,1.0,6.25,1.14,0.36,17.3125,17.3125,17.15625,17.28125,-19.4,0.0,0.0,127.0
14.69733,0x2B0,0.0,0.0,1.0,6.25,1.14,0.36,17.3125,17.3125,17.15625,17.28125,-19.4,0.0,0.0,127.0
14.69881,0x316,0.0,0.0,1.0,6.25,1.14,0.36,17.3125,17.3125,17.15625,17.28125,-19.4,0.0,0.0,127.0
14.69928,0x386,0.0,0.0,1.0,6.25,1.14,0.36,17.40625,17.40625,17.09375,17.125,-19.4,0.0,0.0,127.0
14.70501,0x220,0.0,0.0,1.0,6.25,1.38,0.4,17.40625,17.40625,17.09375,17.125,-19.4,0.0,0.0,127.0
14.70731,0x2B0,0.0,0.0,1.0,6.25,1.38,0.4,17.40625,17.40625,17.09375,17.125,-19.4,0.0,0.0,127.0
14.70876,0x316,0.0,0.0,1.0,6.25,1.38,0.4,17.40625,17.40625,17.09375,17.125,-19.4,0.0,0.0,128.0
14.71495,0x220,0.0,0.0,1.0,6.25,1.6,0.33,17.40625,17.40625,17.09375,17.125,-19.4,0.0,0.0,128.0
14.71731,0x2B0,0.0,0.0,1.0,6.25,1.6,0.33,17.40625,17.40625,17.09375,17.125,-19.4,0.0,0.0,128.0
14.71893,0x316,0.0,0.0,1.0,6.25,1.6,0.33,17.40625,17.40625,17.09375,17.125,-19.4,0.0,0.0,128.0
14.71941,0x386,0.0,0.0,1.0,6.25,1.6,0.33,17.21875,17.3125,16.8125,17.28125,-19.4,0.0,0.0,128.0
14.725,0x220,0.0,0.0,1.0,6.25,1.73,0.18,17.21875,17.3125,16.8125,17.28125,-19.4,0.0,0.0,128.0
14.72732,0x2B0,0.0,0.0,1.0,6.25,1.73,0.18,17.21875,17.3125,16.8125,17.28125,-19.4,0.0,0.0,128.0
14.72874,0x316,0.0,0.0,1.0,6.25,1.73,0.18,17.21875,17.3125,16.8125,17.28125,-19.4,0.0,0.0,128.0
14.73496,0x220,0.0,0.0,1.0,6.25,1.74,0.03,17.21875,17.3125,16.8125,17.28125,-19.4,0.0,0.0,128.0
14.73731,0x2B0,0.0,0.0,1.0,6.25,1.74,0.03,17.21875,17.3125,16.8125,17.28125,-19.4,0.0,0.0,128.0
14.73899,0x316,0.0,0.0,1.0,6.25,1.74,0.03,17.21875,17.3125,16.8125,17.28125,-19.4,0.0,0.0,128.0
14.73946,0x386,0.0,0.0,1.0,6.25,1.74,0.03,17.3125,17.375,16.875,17.3125,-19.4,0.0,0.0,128.0
14.74501,0x220,0.0,0.0,1.0,6.25,1.66,0.0,17.3125,17.375,16.875,17.3125,-19.4,0.0,0.0,128.0
14.74729,0x2B0,0.0,0.0,1.0,6.25,1.66,0.0,17.3125,17.375,16.875,17.3125,-19.4,0.0,0.0,128.0
14.7489,0x316,0.0,0.0,1.0,6.25,1.66,0.0,17.3125,17.375,16.875,17.3125,-19.4,0.0,0.0,128.0
14.75495,0x220,0.0,0.0,1.0,6.25,1.59,0.13,17.3125,17.375,16.875,17.3125,-19.4,0.0,0.0,128.0
14.75731,0x2B0,0.0,0.0,1.0,6.25,1.59,0.13,17.3125,17.375,16.875,17.3125,-19.4,0.0,0.0,128.0
14.75892,0x316,0.0,0.0,1.0,6.25,1.59,0.13,17.3125,17.375,16.875,17.3125,-19.4,0.0,0.0,128.0
14.75939,0x386,0.0,0.0,1.0,6.25,1.59,0.13,17.34375,17.28125,16.96875,17.1875,-19.4,0.0,0.0,128.0
14.76498,0x220,0.0,0.0,1.0,6.25,1.67,0.27,17.34375,17.28125,16.96875,17.1875,-19.4,0.0,0.0,128.0
14.76732,0x2B0,0.0,0.0,1.0,6.25,1.67,0.27,17.34375,17.28125,16.96875,17.1875,-19.4,0.0,0.0,128.0
14.76892,0x316,0.0,0.0,1.0,6.25,1.67,0.27,17.34375,17.28125,16.96875,17.1875,-19.4,0.0,0.0,128.0
14.77495,0x220,0.0,0.0,1.0,6.25,1.88,0.27,17.34375,17.28125,16.96875,17.1875,-19.4,0.0,0.0,128.0
14.77743,0x2B0,0.0,0.0,1.0,6.25,1.88,0.27,17.34375,17.28125,16.96875,17.1875,-19.4,0.0,0.0,128.0
14.77908,0x316,0.0,0.0,1.0,6.25,1.88,0.27,17.34375,17.28125,16.96875,17.1875,-19.4,0.0,0.0,128.0
14.77955,0x386,0.0,0.0,1.0,6.25,1.88,0.27,17.15625,17.28125,16.84375,16.96875,-19.4,0.0,0.0,128.0
14.78501,0x220,0.0,0.0,1.0,6.25,2.08,0.12,17.15625,17.28125,16.84375,16.96875,-19.4,0.0,0.0,128.0
14.78732,0x2B0,0.0,0.0,1.0,6.25,2.08,0.12,17.15625,17.28125,16.84375,16.96875,-19.4,0.0,0.0,128.0
14.78873,0x316,0.0,0.0,1.0,6.25,2.08,0.12,17.15625,17.28125,16.84375,16.96875,-19.4,0.0,0.0,128.0
14.79495,0x220,0.0,0.0,1.0,6.25,2.12,0.0,17.15625,17.28125,16.84375,16.96875,-19.4,0.0,0.0,128.0
14.79731,0x2B0,0.0,0.0,1.0,6.25,2.12,0.0,17.15625,17.28125,16.84375,16.96875,-19.4,0.0,0.0,128.0
14.79885,0x316,0.0,0.0,1.0,6.25,2.12,0.0,17.15625,17.28125,16.84375,16.96875,-19.4,0.0,0.0,128.0
14.79932,0x386,0.0,0.0,1.0,6.25,2.12,0.0,17.21875,17.1875,16.75,16.8125,-19.4,0.0,0.0,128.0
14.80499,0x220,0.0,0.0,1.0,6.25,2.06,-0.01,17.21875,17.1875,16.75,16.8125,-19.4,0.0,0.0,128.0
14.80731,0x2B0,0.0,0.0,1.0,6.25,2.06,-0.01,17.21875,17.1875,16.75,16.8125,-19.4,0.0,0.0,128.0
14.80885,0x316,0.0,0.0,1.0,6.25,2.06,-0.01,17.21875,17.1875,16.75,16.8125,-19.4,0.0,0.0,128.0
14.81495,0x220,0.0,0.0,1.0,6.25,2.04,0.0,17.21875,17.1875,16.75,16.8125,-19.4,0.0,0.0,128.0
14.81731,0x2B0,0.0,0.0,1.0,6.25,2.04,0.0,17.21875,17.1875,16.75,16.8125,-19.4,0.0,0.0,128.0
14.81885,0x316,0.0,0.0,1.0,6.25,2.04,0.0,17.21875,17.1875,16.75,16.8125,-19.4,0.0,0.0,128.0
14.81931,0x386,0.0,0.0,1.0,6.25,2.04,0.0,17.15625,17.21875,16.5,16.53125,-19.4,0.0,0.0,128.0
14.82499,0x220,0.0,0.0,1.0,6.25,2.06,-0.12,17.15625,17.21875,16.5,16.53125,-19.4,0.0,0.0,128.0
14.82731,0x2B0,0.0,0.0,1.0,6.25,2.06,-0.12,17.15625,17.21875,16.5,16.53125,-19.4,0.0,0.0,128.0
14.82873,0x316,0.0,0.0,1.0,6.25,2.06,-0.12,17.15625,17.21875,16.5,16.53125,-19.4,0.0,0.0,128.0
14.83495,0x220,0.0,0.0,1.0,6.25,1.99,-0.28,17.15625,17.21875,16.5,16.53125,-19.4,0.0,0.0,128.0
14.83732,0x2B0,0.0,0.0,1.0,6.25,1.99,-0.28,17.15625,17.21875,16.5,16.53125,-19.4,0.0,0.0,128.0
14.83901,0x316,0.0,0.0,1.0,6.25,1.99,-0.28,17.15625,17.21875,16.5,16.53125,-19.4,0.0,0.0,128.0
14.83948,0x386,0.0,0.0,1.0,6.25,1.99,-0.28,17.125,17.03125,16.25,16.40625,-19.4,0.0,0.0,128.0
14.84501,0x220,0.0,0.0,1.0,6.25,1.88,-0.33,17.125,17.03125,16.25,16.40625,-19.4,0.0,0.0,128.0
14.84733,0x2B0,0.0,0.0,1.0,6.25,1.88,-0.33,17.125,17.03125,16.25,16.40625,-19.3,0.0,0.0,128.0
14.84894,0x316,0.0,0.0,1.0,6.25,1.88,-0.33,17.125,17.03125,16.25,16.40625,-19.3,0.0,0.0,128.0
14.85495,0x220,0.0,0.0,1.0,6.25,1.83,-0.25,17.125,17.03125,16.25,16.40625,-19.3,0.0,0.0,128.0
14.85729,0x2B0,0.0,0.0,1.0,6.25,1.83,-0.25,17.125,17.03125,16.25,16.40625,-19.3,0.0,0.0,128.0
14.85886,0x316,0.0,0.0,1.0,6.25,1.83,-0.25,17.125,17.03125,16.25,16.40625,-19.3,0.0,0.0,128.0
14.85934,0x386,0.0,0.0,1.0,6.25,1.83,-0.25,16.96875,17.0,16.09375,16.40625,-19.3,0.0,0.0,128.0
14.86499,0x220,0.0,0.0,1.0,6.25,1.81,-0.2,16.96875,17.0,16.09375,16.40625,-19.3,0.0,0.0,128.0
14.86729,0x2B0,0.0,0.0,1.0,6.25,1.81,-0.2,16.96875,17.0,16.09375,16.40625,-19.3,0.0,0.0,128.0
14.86887,0x316,0.0,0.0,1.0,6.25,1.81,-0.2,16.96875,17.0,16.09375,16.40625,-19.3,0.0,0.0,128.0
14.87495,0x220,0.0,0.0,1.0,6.25,1.8,-0.21,16.96875,17.0,16.09375,16.40625,-19.3,0.0,0.0,128.0
14.87745,0x2B0,0.0,0.0,1.0,6.25,1.8,-0.21,16.96875,17.0,16.09375,16.40625,-19.3,0.0,0.0,128.0
14.87912,0x316,0.0,0.0,1.0,6.25,1.8,-0.21,16.96875,17.0,16.09375,16.40625,-19.3,0.0,0.0,128.0
14.87959,0x386,0.0,0.0,1.0,6.25,1.8,-0.21,17.0,16.96875,16.28125,16.5,-19.3,0.0,0.0,128.0
14.88499,0x220,0.0,0.0,1.0,6.25,1.73,-0.14,17.0,16.96875,16.28125,16.5,-19.3,0.0,0.0,128.0
14.88728,0x2B0,0.0,0.0,1.0,6.25,1.73,-0.14,17.0,16.96875,16.28125,16.5,-19.3,0.0,0.0,128.0
14.88878,0x316,0.0,0.0,1.0,6.25,1.73,-0.14,17.0,16.96875,16.28125,16.5,-19.3,0.0,0.0,128.0
14.89496,0x220,0.0,0.0,1.0,6.25,1.66,0.02,17.0,16.96875,16.28125,16.5,-19.3,0.0,0.0,128.0
14.89729,0x2B0,0.0,0.0,1.0,6.25,1.66,0.02,17.0,16.96875,16.28125,16.5,-19.3,0.0,0.0,128.0
14.89888,0x316,0.0,0.0,1.0,6.25,1.66,0.02,17.0,16.96875,16.28125,16.5,-19.3,0.0,0.0,128.0
14.89934,0x386,0.0,0.0,1.0,6.25,1.66,0.02,16.84375,16.75,16.6875,16.8125,-19.3,0.0,0.0,128.0
14.90499,0x220,0.0,0.0,1.0,6.25,1.61,0.13,16.84375,16.75,16.6875,16.8125,-19.3,0.0,0.0,128.0
14.90729,0x2B0,0.0,0.0,1.0,6.25,1.61,0.13,16.84375,16.75,16.6875,16.8125,-19.3,0.0,0.0,128.0
14.90874,0x316,0.0,0.0,1.0,6.25,1.61,0.13,16.84375,16.75,16.6875,16.8125,-19.3,0.0,0.0,128.0
14.91496,0x220,0.0,0.0,1.0,6.25,1.53,0.04,16.84375,16.75,16.6875,16.8125,-19.3,0.0,0.0,128.0
14.91729,0x2B0,0.0,0.0,1.0,6.25,1.53,0.04,16.84375,16.75,16.6875,16.8125,-19.3,0.0,0.0,128.0
14.91892,0x316,0.0,0.0,1.0,6.25,1.53,0.04,16.84375,16.75,16.6875,16.8125,-19.3,0.0,0.0,128.0
14.91938,0x386,0.0,0.0,1.0,6.25,1.53,0.04,16.8125,16.625,16.53125,16.5625,-19.3,0.0,0.0,128.0
14.92498,0x220,0.0,0.0,1.0,6.25,1.42,-0.13,16.8125,16.625,16.53125,16.5625,-19.3,0.0,0.0,128.0
14.92728,0x2B0,0.0,0.0,1.0,6.25,1.42,-0.13,16.8125,16.625,16.53125,16.5625,-19.3,0.0,0.0,128.0
14.92878,0x316,0.0,0.0,1.0,6.25,1.42,-0.13,16.8125,16.625,16.53125,16.5625,-19.3,0.0,0.0,128.0
14.93496,0x220,0.0,0.0,1.0,6.25,1.32,-0.17,16.8125,16.625,16.53125,16.5625,-19.3,0.0,0.0,128.0
14.93729,0x2B0,0.0,0.0,1.0,6.25,1.32,-0.17,16.8125,16.625,16.53125,16.5625,-19.3,0.0,0.0,128.0
14.93896,0x316,0.0,0.0,1.0,6.25,1.32,-0.17,16.8125,16.625,16.53125,16.5625,-19.3,0.0,0.0,128.0
14.93942,0x386,0.0,0.0,1.0,6.25,1.32,-0.17,16.625,16.5,16.5625,16.71875,-19.3,0.0,0.0,128.0
14.94502,0x220,0.0,0.0,1.0,6.25,1.23,0.0,16.625,16.5,16.5625,16.71875,-19.3,0.0,0.0,128.0
14.94735,0x2B0,0.0,0.0,1.0,6.25,1.23,0.0,16.625,16.5,16.5625,16.71875,-19.3,0.0,0.0,128.0
14.94886,0x316,0.0,0.0,1.0,6.25,1.23,0.0,16.625,16.5,16.5625,16.71875,-19.3,0.0,0.0,128.0
14.95496,0x220,0.0,0.0,1.0,6.25,1.14,0.17,16.625,16.5,16.5625,16.71875,-19.3,0.0,0.0,128.0
14.95731,0x2B0,0.0,0.0,1.0,6.25,1.14,0.17,16.625,16.5,16.5625,16.71875,-19.1,8.0,0.0,128.0
14.9589,0x316,0.0,0.0,1.0,6.25,1.14,0.17,16.625,16.5,16.5625,16.71875,-19.1,8.0,0.0,128.0
14.95936,0x386,0.0,0.0,1.0,6.25,1.14,0.17,16.46875,16.5,16.5625,16.4375,-19.1,8.0,0.0,128.0
14.96501,0x220,0.0,0.0,1.0,6.25,1.1,0.27,16.46875,16.5,16.5625,16.4375,-19.1,8.0,0.0,128.0
14.96726,0x2B0,0.0,0.0,1.0,6.25,1.1,0.27,16.46875,16.5,16.5625,16.4375,-19.1,8.0,0.0,128.0
14.96895,0x316,0.0,0.0,1.0,6.25,1.1,0.27,16.46875,16.5,16.5625,16.4375,-19.1,8.0,0.0,128.0
14.97496,0x220,0.0,0.0,1.0,6.25,1.18,0.28,16.46875,16.5,16.5625,16.4375,-19.1,8.0,0.0,128.0
14.97727,0x2B0,0.0,0.0,1.0,6.25,1.18,0.28,16.46875,16.5,16.5625,16.4375,-19.1,0.0,0.0,128.0
14.97889,0x316,0.0,0.0,1.0,6.25,1.18,0.28,16.46875,16.5,16.5625,16.4375,-19.1,0.0,0.0,128.0
14.97937,0x386,0.0,0.0,1.0,6.25,1.18,0.28,16.5,16.46875,16.375,16.53125,-19.1,0.0,0.0,128.0
14.985,0x220,0.0,0.0,1.0,6.25,1.3,0.23,16.5,16.46875,16.375,16.53125,-19.1,0.0,0.0,128.0
14.98728,0x2B0,0.0,0.0,1.0,6.25,1.3,0.23,16.5,16.46875,16.375,16.53125,-19.1,0.0,0.0,128.0
14.98873,0x316,0.0,0.0,1.0,6.25,1.3,0.23,16.5,16.46875,16.375,16.53125,-19.1,0.0,0.0,128.0
14.99496,0x220,0.0,0.0,1.0,6.25,1.43,0.09,16.5,16.46875,16.375,16.53125,-19.1,0.0,0.0,128.0
14.99728,0x2B0,0.0,0.0,1.0,6.25,1.43,0.09,16.5,16.46875,16.375,16.53125,-19.1,0.0,0.0,128.0
14.9989,0x316,0.0,0.0,1.0,6.25,1.43,0.09,16.5,16.46875,16.375,16.53125,-19.1,0.0,0.0,128.0
14.99937,0x386,0.0,0.0,1.0,6.25,1.43,0.09,16.40625,16.5,16.28125,16.59375,-19.1,0.0,0.0,128.0
15.00499,0x220,0.0,0.0,1.0,6.25,1.46,-0.01,16.40625,16.5,16.28125,16.59375,-19.1,0.0,0.0,128.0
15.00728,0x2B0,0.0,0.0,1.0,6.25,1.46,-0.01,16.40625,16.5,16.28125,16.59375,-19.1,0.0,0.0,128.0
15.0089,0x316,0.0,0.0,1.0,6.25,1.46,-0.01,16.40625,16.5,16.28125,16.59375,-19.1,0.0,0.0,128.0
15.01497,0x220,0.0,0.0,1.0,6.25,1.36,0.0,16.40625,16.5,16.28125,16.59375,-19.1,0.0,0.0,128.0
15.01726,0x2B0,0.0,0.0,1.0,6.25,1.36,0.0,16.40625,16.5,16.28125,16.59375,-19.1,0.0,0.0,128.0
15.0189,0x316,0.0,0.0,1.0,6.25,1.36,0.0,16.40625,16.5,16.28125,16.59375,-19.1,0.0,0.0,128.0
15.01938,0x386,0.0,0.0,1.0,6.25,1.36,0.0,16.53125,16.375,16.28125,16.4375,-19.1,0.0,0.0,128.0
15.02499,0x220,0.0,0.0,1.0,6.25,1.26,0.28,16.53125,16.375,16.28125,16.4375,-19.1,0.0,0.0,128.0
15.02726,0x2B0,0.0,0.0,1.0,6.25,1.26,0.28,16.53125,16.375,16.28125,16.4375,-19.1,0.0,0.0,128.0
15.02878,0x316,0.0,0.0,1.0,6.25,1.26,0.28,16.53125,16.375,16.28125,16.4375,-19.1,0.0,0.0,128.0
15.03497,0x220,0.0,0.0,1.0,6.25,1.29,0.6,16.53125,16.375,16.28125,16.4375,-19.1,0.0,0.0,128.0
15.03726,0x2B0,0.0,0.0,1.0,6.25,1.29,0.6,16.53125,16.375,16.28125,16.4375,-19.1,0.0,0.0,128.0
15.03899,0x316,0.0,0.0,1.0,6.25,1.29,0.6,16.53125,16.375,16.28125,16.4375,-19.1,0.0,0.0,128.0
15.03947,0x386,0.0,0.0,1.0,6.25,1.29,0.6,16.34375,16.375,16.28125,16.28125,-19.1,0.0,0.0,128.0
15.04502,0x220,0.0,0.0,1.0,6.25,1.51,0.61,16.34375,16.375,16.28125,16.28125,-19.1,0.0,0.0,128.0
15.04728,0x2B0,0.0,0.0,1.0,6.25,1.51,0.61,16.34375,16.375,16.28125,16.28125,-19.1,0.0,0.0,128.0
15.04893,0x316,0.0,0.0,1.0,6.25,1.51,0.61,16.34375,16.375,16.28125,16.28125,-19.1,0.0,0.0,128.0
15.05496,0x220,0.0,0.0,1.0,6.25,1.86,0.27,16.34375,16.375,16.28125,16.28125,-19.1,0.0,0.0,128.0
15.05727,0x2B0,0.0,0.0,1.0,6.25,1.86,0.27,16.34375,16.375,16.28125,16.28125,-19.1,0.0,0.0,128.0
15.05892,0x316,0.0,0.0,1.0,6.25,1.86,0.27,16.34375,16.375,16.28125,16.28125,-19.1,0.0,0.0,128.0
15.0594,0x386,0.0,0.0,1.0,6.25,1.86,0.27,16.3125,16.46875,16.09375,16.375,-19.1,0.0,0.0,128.0
15.065,0x220,0.0,0.0,1.0,6.25,2.07,-0.06,16.3125,16.46875,16.09375,16.375,-19.1,0.0,0.0,128.0
15.06728,0x2B0,0.0,0.0,1.0,6.25,2.07,-0.06,16.3125,16.46875,16.09375,16.375,-19.1,0.0,0.0,128.0
15.06892,0x316,0.0,0.0,1.0,6.25,2.07,-0.06,16.3125,16.46875,16.09375,16.375,-19.1,0.0,0.0,128.0
15.07496,0x220,0.0,0.0,1.0,6.25,2.01,-0.15,16.3125,16.46875,16.09375,16.375,-19.1,0.0,0.0,128.0
15.07743,0x2B0,0.0,0.0,1.0,6.25,2.01,-0.15,16.3125,16.46875,16.09375,16.375,-19.1,0.0,0.0,128.0
15.07893,0x316,0.0,0.0,1.0,6.25,2.01,-0.15,16.3125,16.46875,16.09375,16.375,-19.1,0.0,0.0,128.0
15.07941,0x386,0.0,0.0,1.0,6.25,2.01,-0.15,16.3125,16.3125,15.96875,16.25,-19.1,0.0,0.0,128.0
15.085,0x220,0.0,0.0,1.0,6.25,1.79,0.0,16.3125,16.3125,15.96875,16.25,-19.1,0.0,0.0,128.0
15.08727,0x2B0,0.0,0.0,1.0,6.25,1.79,0.0,16.3125,16.3125,15.96875,16.25,-19.1,0.0,0.0,128.0
15.08877,0x316,0.0,0.0,1.0,6.25,1.79,0.0,16.3125,16.3125,15.96875,16.25,-19.1,0.0,0.0,128.0
15.09496,0x220,0.0,0.0,1.0,6.25,1.56,0.13,16.3125,16.3125,15.96875,16.25,-19.1,0.0,0.0,128.0
15.09727,0x2B0,0.0,0.0,1.0,6.25,1.56,0.13,16.3125,16.3125,15.96875,16.25,-19.1,0.0,0.0,128.0
15.09893,0x316,0.0,0.0,1.0,6.25,1.56,0.13,16.3125,16.3125,15.96875,16.25,-19.1,0.0,0.0,128.0
15.09942,0x386,0.0,0.0,1.0,6.25,1.56,0.13,16.28125,16.40625,15.9375,16.03125,-19.1,0.0,0.0,128.0
15.105,0x220,0.0,0.0,1.0,6.25,1.41,0.14,16.28125,16.40625,15.9375,16.03125,-19.1,0.0,0.0,128.0
15.10727,0x2B0,0.0,0.0,1.0,6.25,1.41,0.14,16.28125,16.40625,15.9375,16.03125,-19.1,0.0,0.0,128.0
15.10874,0x316,0.0,0.0,1.0,6.25,1.41,0.14,16.28125,16.40625,15.9375,16.03125,-19.1,0.0,0.0,128.0
15.11496,0x220,0.0,0.0,1.0,6.25,1.43,0.11,16.28125,16.40625,15.9375,16.03125,-19.1,0.0,0.0,128.0
15.11727,0x2B0,0.0,0.0,1.0,6.25,1.43,0.11,16.28125,16.40625,15.9375,16.03125,-19.1,0.0,0.0,128.0
15.11889,0x316,0.0,0.0,1.0,6.25,1.43,0.11,16.28125,16.40625,15.9375,16.03125,-19.1,0.0,0.0,128.0
15.11963,0x386,0.0,0.0,1.0,6.25,1.43,0.11,16.3125,16.40625,15.875,16.125,-19.1,0.0,0.0,128.0
15.125,0x220,0.0,0.0,1.0,6.25,1.66,0.12,16.3125,16.40625,15.875,16.125,-19.1,0.0,0.0,128.0
15.12726,0x2B0,0.0,0.0,1.0,6.25,1.66,0.12,16.3125,16.40625,15.875,16.125,-19.1,0.0,0.0,128.0
15.12882,0x316,0.0,0.0,1.0,6.25,1.66,0.12,16.3125,16.40625,15.875,16.125,-19.1,0.0,0.0,129.0
15.13496,0x220,0.0,0.0,1.0,6.25,1.98,0.14,16.3125,16.40625,15.875,16.125,-19.1,0.0,0.0,129.0
15.13726,0x2B0,0.0,0.0,1.0,6.25,1.98,0.14,16.3125,16.40625,15.875,16.125,-19.1,0.0,0.0,129.0
15.13907,0x316,0.0,0.0,1.0,6.25,1.98,0.14,16.3125,16.40625,15.875,16.125,-19.1,0.0,0.0,129.0
15.13955,0x386,0.0,0.0,1.0,6.25,1.98,0.14,16.28125,16.4375,15.8125,16.0,-19.1,0.0,0.0,129.0
15.14502,0x220,0.0,0.0,1.0,6.25,2.15,0.11,16.28125,16.4375,15.8125,16.0,-19.1,0.0,0.0,129.0
15.14726,0x2B0,0.0,0.0,1.0,6.25,2.15,0.11,16.28125,16.4375,15.8125,16.0,-19.1,0.0,0.0,129.0
15.14887,0x316,0.0,0.0,1.0,6.25,2.15,0.11,16.28125,16.4375,15.8125,16.0,-19.1,0.0,0.0,129.0
15.15497,0x220,0.0,0.0,1.0,6.25,2.07,0.03,16.28125,16.4375,15.8125,16.0,-19.1,0.0,0.0,129.0
15.15726,0x2B0,0.0,0.0,1.0,6.25,2.07,0.03,16.28125,16.4375,15.8125,16.0,-19.1,0.0,0.0,129.0
15.15895,0x316,0.0,0.0,1.0,6.25,2.07,0.03,16.28125,16.4375,15.8125,16.0,-19.1,0.0,0.0,129.0
15.15943,0x386,0.0,0.0,1.0,6.25,2.07,0.03,16.25,16.28125,15.84375,15.9375,-19.1,0.0,0.0,129.0
15.165,0x220,0.0,0.0,1.0,6.25,1.77,0.0,16.25,16.28125,15.84375,15.9375,-19.1,0.0,0.0,129.0
15.16726,0x2B0,0.0,0.0,1.0,6.25,1.77,0.0,16.25,16.28125,15.84375,15.9375,-19.1,0.0,0.0,129.0
15.16899,0x316,0.0,0.0,1.0,6.25,1.77,0.0,16.25,16.28125,15.84375,15.9375,-19.1,0.0,0.0,129.0
15.17497,0x220,0.0,0.0,1.0,6.25,1.43,0.06,16.25,16.28125,15.84375,15.9375,-19.1,0.0,0.0,129.0
15.17726,0x2B0,0.0,0.0,1.0,6.25,1.43,0.06,16.25,16.28125,15.84375,15.9375,-19.1,0.0,0.0,129.0
15.17896,0x316,0.0,0.0,1.0,6.25,1.43,0.06,16.25,16.28125,15.84375,15.9375,-19.1,0.0,0.0,129.0
15.17944,0x386,0.0,0.0,1.0,6.25,1.43,0.06,16.25,16.21875,15.96875,16.09375,-19.1,0.0,0.0,129.0
15.18501,0x220,0.0,0.0,1.0,6.25,1.29,0.13,16.25,16.21875,15.96875,16.09375,-19.1,0.0,0.0,129.0
15.18727,0x2B0,0.0,0.0,1.0,6.25,1.29,0.13,16.25,16.21875,15.96875,16.09375,-19.1,0.0,0.0,129.0
15.18876,0x316,0.0,0.0,1.0,6.25,1.29,0.13,16.25,16.21875,15.96875,16.09375,-19.1,0.0,0.0,129.0
15.19497,0x220,0.0,0.0,1.0,6.25,1.42,0.06,16.25,16.21875,15.96875,16.09375,-19.1,0.0,0.0,129.0
15.19726,0x2B0,0.0,0.0,1.0,6.25,1.42,0.06,16.25,16.21875,15.96875,16.09375,-19.1,0.0,0.0,129.0
15.19896,0x316,0.0,0.0,1.0,6.25,1.42,0.06,16.25,16.21875,15.96875,16.09375,-19.1,0.0,0.0,129.0
15.19944,0x386,0.0,0.0,1.0,6.25,1.42,0.06,16.15625,16.3125,15.875,16.0,-19.1,0.0,0.0,129.0
15.205,0x220,0.0,0.0,1.0,6.25,1.62,-0.04,16.15625,16.3125,15.875,16.0,-19.1,0.0,0.0,129.0
15.20727,0x2B0,0.0,0.0,1.0,6.25,1.62,-0.04,16.15625,16.3125,15.875,16.0,-19.1,0.0,0.0,129.0
15.20897,0x316,0.0,0.0,1.0,6.25,1.62,-0.04,16.15625,16.3125,15.875,16.0,-19.1,0.0,0.0,129.0
15.21473,0x220,0.0,0.0,1.0,6.25,1.72,-0.04,16.15625,16.3125,15.875,16.0,-19.1,0.0,0.0,129.0
15.21726,0x2B0,0.0,0.0,1.0,6.25,1.72,-0.04,16.15625,16.3125,15.875,16.0,-19.1,0.0,0.0,129.0
15.21897,0x316,0.0,0.0,1.0,6.25,1.72,-0.04,16.15625,16.3125,15.875,16.0,-19.1,0.0,0.0,129.0
15.21945,0x386,0.0,0.0,1.0,6.25,1.72,-0.04,16.1875,16.125,15.90625,16.0,-19.1,0.0,0.0,129.0
15.225,0x220,0.0,0.0,1.0,6.25,1.73,0.11,16.1875,16.125,15.90625,16.0,-19.1,0.0,0.0,129.0
15.22727,0x2B0,0.0,0.0,1.0,6.25,1.73,0.11,16.1875,16.125,15.90625,16.0,-19.1,0.0,0.0,129.0
15.22876,0x316,0.0,0.0,1.0,6.25,1.73,0.11,16.1875,16.125,15.90625,16.0,-19.1,0.0,0.0,129.0
15.23473,0x220,0.0,0.0,1.0,6.25,1.59,0.22,16.1875,16.125,15.90625,16.0,-19.1,0.0,0.0,129.0
15.23726,0x2B0,0.0,0.0,1.0,6.25,1.59,0.22,16.1875,16.125,15.90625,16.0,-19.1,0.0,0.0,129.0
15.23897,0x316,0.0,0.0,1.0,6.25,1.59,0.22,16.1875,16.125,15.90625,16.0,-19.1,0.0,0.0,130.0
15.23944,0x386,0.0,0.0,1.0,6.25,1.59,0.22,16.25,16.1875,15.90625,16.0625,-19.1,0.0,0.0,130.0
15.24502,0x220,0.0,0.0,1.0,6.25,1.37,0.11,16.25,16.1875,15.90625,16.0625,-19.1,0.0,0.0,130.0
15.24726,0x2B0,0.0,0.0,1.0,6.25,1.37,0.11,16.25,16.1875,15.90625,16.0625,-19.1,0.0,0.0,130.0
15.2489,0x316,0.0,0.0,1.0,6.25,1.37,0.11,16.25,16.1875,15.90625,16.0625,-19.1,0.0,0.0,130.0
15.25472,0x220,0.0,0.0,1.0,6.25,1.19,-0.04,16.25,16.1875,15.90625,16.0625,-19.1,0.0,0.0,130.0
15.25726,0x2B0,0.0,0.0,1.0,6.25,1.19,-0.04,16.25,16.1875,15.90625,16.0625,-19.1,0.0,0.0,130.0
15.25898,0x316,0.0,0.0,1.0,6.25,1.19,-0.04,16.25,16.1875,15.90625,16.0625,-19.1,0.0,0.0,130.0
15.25945,0x386,0.0,0.0,1.0,6.25,1.19,-0.04,16.1875,16.1875,15.90625,16.125,-19.1,0.0,0.0,130.0
15.26501,0x220,0.0,0.0,1.0,6.25,1.11,-0.1,16.1875,16.1875,15.90625,16.125,-19.1,0.0,0.0,130.0
15.26726,0x2B0,0.0,0.0,1.0,6.25,1.11,-0.1,16.1875,16.1875,15.90625,16.125,-19.1,0.0,0.0,130.0
15.2689,0x316,0.0,0.0,1.0,6.25,1.11,-0.1,16.1875,16.1875,15.90625,16.125,-19.1,0.0,0.0,130.0
15.27473,0x220,0.0,0.0,1.0,6.25,1.17,0.0,16.1875,16.1875,15.90625,16.125,-19.1,0.0,0.0,130.0
15.27726,0x2B0,0.0,0.0,1.0,6.25,1.17,0.0,16.1875,16.1875,15.90625,16.125,-19.1,0.0,0.0,130.0
15.27899,0x316,0.0,0.0,1.0,6.25,1.17,0.0,16.1875,16.1875,15.90625,16.125,-19.1,0.0,0.0,131.0
15.27947,0x386,0.0,0.0,1.0,6.25,1.17,0.0,16.125,16.1875,16.0625,16.03125,-19.1,0.0,0.0,131.0
15.28501,0x220,0.0,0.0,1.0,6.25,1.29,0.15,16.125,16.1875,16.0625,16.03125,-19.1,0.0,0.0,131.0
15.28726,0x2B0,0.0,0.0,1.0,6.25,1.29,0.15,16.125,16.1875,16.0625,16.03125,-19.1,0.0,0.0,131.0
15.28874,0x316,0.0,0.0,1.0,6.25,1.29,0.15,16.125,16.1875,16.0625,16.03125,-19.1,0.0,0.0,131.0
15.29473,0x220,0.0,0.0,1.0,6.25,1.4,0.26,16.125,16.1875,16.0625,16.03125,-19.1,0.0,0.0,131.0
15.29725,0x2B0,0.0,0.0,1.0,6.25,1.4,0.26,16.125,16.1875,16.0625,16.03125,-19.1,0.0,0.0,131.0
15.29899,0x316,0.0,0.0,1.0,6.25,1.4,0.26,16.125,16.1875,16.0625,16.03125,-19.1,0.0,0.0,131.0
15.29946,0x386,0.0,0.0,1.0,6.25,1.4,0.26,16.15625,16.15625,16.0,15.9375,-19.1,0.0,0.0,131.0
15.30502,0x220,0.0,0.0,1.0,6.25,1.43,0.28,16.15625,16.15625,16.0,15.9375,-19.1,0.0,0.0,131.0
15.30725,0x2B0,0.0,0.0,1.0,6.25,1.43,0.28,16.15625,16.15625,16.0,15.9375,-19.1,0.0,0.0,131.0
15.30875,0x316,0.0,0.0,1.0,6.25,1.43,0.28,16.15625,16.15625,16.0,15.9375,-19.1,0.0,0.0,131.0
15.31473,0x220,0.0,0.0,1.0,6.25,1.42,0.17,16.15625,16.15625,16.0,15.9375,-19.1,0.0,0.0,131.0
15.31725,0x2B0,0.0,0.0,1.0,6.25,1.42,0.17,16.15625,16.15625,16.0,15.9375,-19.1,0.0,0.0,131.0
15.319,0x316,0.0,0.0,1.0,6.25,1.42,0.17,16.15625,16.15625,16.0,15.9375,-19.1,0.0,0.0,131.0
15.31947,0x386,0.0,0.0,1.0,6.25,1.42,0.17,16.15625,16.09375,16.0625,16.03125,-19.1,0.0,0.0,131.0
15.32502,0x220,0.0,0.0,1.0,6.25,1.43,0.0,16.15625,16.09375,16.0625,16.03125,-19.1,0.0,0.0,131.0
15.32725,0x2B0,0.0,0.0,1.0,6.25,1.43,0.0,16.15625,16.09375,16.0625,16.03125,-19.1,0.0,0.0,131.0
15.32875,0x316,0.0,0.0,1.0,6.25,1.43,0.0,16.15625,16.09375,16.0625,16.03125,-19.1,0.0,0.0,132.0
15.33473,0x220,0.0,0.0,1.0,6.25,1.39,-0.18,16.15625,16.09375,16.0625,16.03125,-19.1,0.0,0.0,132.0
15.33724,0x2B0,0.0,0.0,1.0,6.25,1.39,-0.18,16.15625,16.09375,16.0625,16.03125,-19.1,0.0,0.0,132.0
15.33906,0x316,0.0,0.0,1.0,6.25,1.39,-0.18,16.15625,16.09375,16.0625,16.03125,-19.1,0.0,0.0,132.0
15.33954,0x386,0.0,0.0,1.0,6.25,1.39,-0.18,16.1875,16.1875,16.0625,16.0,-19.1,0.0,0.0,132.0
15.34503,0x220,0.0,0.0,1.0,6.25,1.3,-0.31,16.1875,16.1875,16.0625,16.0,-19.1,0.0,0.0,132.0
15.34725,0x2B0,0.0,0.0,1.0,6.25,1.3,-0.31,16.1875,16.1875,16.0625,16.0,-19.1,0.0,0.0,132.0
15.34887,0x316,0.0,0.0,1.0,6.25,1.3,-0.31,16.1875,16.1875,16.0625,16.0,-19.1,0.0,0.0,132.0
15.35472,0x220,0.0,0.0,1.0,6.25,1.22,-0.23,16.1875,16.1875,16.0625,16.0,-19.1,0.0,0.0,132.0
15.35725,0x2B0,0.0,0.0,1.0,6.25,1.22,-0.23,16.1875,16.1875,16.0625,16.0,-19.1,0.0,0.0,132.0
15.35901,0x316,0.0,0.0,1.0,6.25,1.22,-0.23,16.1875,16.1875,16.0625,16.0,-19.1,0.0,0.0,132.0
15.35948,0x386,0.0,0.0,1.0,6.25,1.22,-0.23,16.15625,16.09375,16.21875,16.125,-19.1,0.0,0.0,132.0
15.36476,0x220,0.0,0.0,1.0,6.25,1.15,0.0,16.15625,16.09375,16.21875,16.125,-19.1,0.0,0.0,132.0
15.36725,0x2B0,0.0,0.0,1.0,6.25,1.15,0.0,16.15625,16.09375,16.21875,16.125,-19.1,0.0,0.0,132.0
15.36889,0x316,0.0,0.0,1.0,6.25,1.15,0.0,16.15625,16.09375,16.21875,16.125,-19.1,0.0,0.0,132.0
15.37474,0x220,0.0,0.0,1.0,6.25,1.17,0.18,16.15625,16.09375,16.21875,16.125,-19.1,0.0,0.0,132.0
15.37726,0x2B0,0.0,0.0,1.0,6.25,1.17,0.18,16.15625,16.09375,16.21875,16.125,-19.1,0.0,0.0,132.0
15.37902,0x316,0.0,0.0,1.0,6.25,1.17,0.18,16.15625,16.09375,16.21875,16.125,-19.1,0.0,0.0,133.0
15.3795,0x386,0.0,0.0,1.0,6.25,1.17,0.18,16.15625,16.15625,16.125,16.09375,-19.1,0.0,0.0,133.0
15.38476,0x220,0.0,0.0,1.0,6.25,1.3,0.19,16.15625,16.15625,16.125,16.09375,-19.1,0.0,0.0,133.0
15.38725,0x2B0,0.0,0.0,1.0,6.25,1.3,0.19,16.15625,16.15625,16.125,16.09375,-19.1,0.0,0.0,133.0
15.38877,0x316,0.0,0.0,1.0,6.25,1.3,0.19,16.15625,16.15625,16.125,16.09375,-19.1,0.0,0.0,133.0
15.39473,0x220,0.0,0.0,1.0,6.25,1.39,0.05,16.15625,16.15625,16.125,16.09375,-19.1,0.0,0.0,133.0
15.39724,0x2B0,0.0,0.0,1.0,6.25,1.39,0.05,16.15625,16.15625,16.125,16.09375,-19.1,0.0,0.0,133.0
15.39902,0x316,0.0,0.0,1.0,6.25,1.39,0.05,16.15625,16.15625,16.125,16.09375,-19.1,0.0,0.0,133.0
15.3995,0x386,0.0,0.0,1.0,6.25,1.39,0.05,16.09375,16.1875,16.0,16.03125,-19.1,0.0,0.0,133.0
15.40502,0x220,0.0,0.0,1.0,6.25,1.35,-0.01,16.09375,16.1875,16.0,16.03125,-19.1,0.0,0.0,133.0
15.40725,0x2B0,0.0,0.0,1.0,6.25,1.35,-0.01,16.09375,16.1875,16.0,16.03125,-19.1,0.0,0.0,133.0
15.40877,0x316,0.0,0.0,1.0,6.25,1.35,-0.01,16.09375,16.1875,16.0,16.03125,-19.1,0.0,0.0,133.0
15.41473,0x220,0.0,0.0,1.0,6.25,1.22,0.04,16.09375,16.1875,16.0,16.03125,-19.1,0.0,0.0,133.0
15.41725,0x2B0,0.0,0.0,1.0,6.25,1.22,0.04,16.09375,16.1875,16.0,16.03125,-19.1,0.0,0.0,133.0
15.41902,0x316,0.0,0.0,1.0,6.25,1.22,0.04,16.09375,16.1875,16.0,16.03125,-19.1,0.0,0.0,133.0
15.4195,0x386,0.0,0.0,1.0,6.25,1.22,0.04,16.21875,16.21875,16.0,15.9375,-19.1,0.0,0.0,133.0
15.42503,0x220,0.0,0.0,1.0,6.25,1.11,0.21,16.21875,16.21875,16.0,15.9375,-19.1,0.0,0.0,133.0
15.42725,0x2B0,0.0,0.0,1.0,6.25,1.11,0.21,16.21875,16.21875,16.0,15.9375,-19.1,0.0,0.0,133.0
15.42878,0x316,0.0,0.0,1.0,6.25,1.11,0.21,16.21875,16.21875,16.0,15.9375,-19.1,0.0,0.0,133.0
15.43473,0x220,0.0,0.0,1.0,6.25,1.06,0.26,16.21875,16.21875,16.0,15.9375,-19.1,0.0,0.0,133.0
15.43724,0x2B0,0.0,0.0,1.0,6.25,1.06,0.26,16.21875,16.21875,16.0,15.9375,-19.1,0.0,0.0,133.0
15.43903,0x316,0.0,0.0,1.0,6.25,1.06,0.26,16.21875,16.21875,16.0,15.9375,-19.1,0.0,0.0,133.0
15.4395,0x386,0.0,0.0,1.0,6.25,1.06,0.26,16.15625,16.1875,15.78125,15.9375,-19.1,0.0,0.0,133.0
15.44503,0x220,0.0,0.0,1.0,6.25,1.02,0.13,16.15625,16.1875,15.78125,15.9375,-19.1,0.0,0.0,133.0
15.44726,0x2B0,0.0,0.0,1.0,6.25,1.02,0.13,16.15625,16.1875,15.78125,15.9375,-19.1,0.0,0.0,133.0
15.44887,0x316,0.0,0.0,1.0,6.25,1.02,0.13,16.15625,16.1875,15.78125,15.9375,-19.1,0.0,0.0,133.0
15.45473,0x220,0.0,0.0,1.0,6.25,1.0,0.02,16.15625,16.1875,15.78125,15.9375,-19.1,0.0,0.0,133.0
15.45724,0x2B0,0.0,0.0,1.0,6.25,1.0,0.02,16.15625,16.1875,15.78125,15.9375,-19.1,0.0,0.0,133.0
15.45903,0x316,0.0,0.0,1.0,6.25,1.0,0.02,16.15625,16.1875,15.78125,15.9375,-19.1,0.0,0.0,133.0
15.45951,0x386,0.0,0.0,1.0,6.25,1.0,0.02,16.28125,16.25,15.84375,15.8125,-19.1,0.0,0.0,133.0
15.46479,0x220,0.0,0.0,1.0,6.25,0.96,0.07,16.28125,16.25,15.84375,15.8125,-19.1,0.0,0.0,133.0
15.46726,0x2B0,0.0,0.0,1.0,6.25,0.96,0.07,16.28125,16.25,15.84375,15.8125,-19.1,0.0,0.0,133.0
15.46888,0x316,0.0,0.0,1.0,6.25,0.96,0.07,16.28125,16.25,15.84375,15.8125,-19.1,0.0,0.0,133.0
15.47473,0x220,0.0,0.0,1.0,6.25,0.96,0.21,16.28125,16.25,15.84375,15.8125,-19.1,0.0,0.0,133.0
15.47724,0x2B0,0.0,0.0,1.0,6.25,0.96,0.21,16.28125,16.25,15.84375,15.8125,-19.1,0.0,0.0,133.0
15.47904,0x316,0.0,0.0,1.0,6.25,0.96,0.21,16.28125,16.25,15.84375,15.8125,-19.1,0.0,0.0,133.0
15.47952,0x386,0.0,0.0,1.0,6.25,0.96,0.21,16.15625,16.28125,15.6875,15.90625,-19.1,0.0,0.0,133.0
15.48479,0x220,0.0,0.0,1.0,6.25,1.01,0.3,16.15625,16.28125,15.6875,15.90625,-19.1,0.0,0.0,133.0
15.48724,0x2B0,0.0,0.0,1.0,6.25,1.01,0.3,16.15625,16.28125,15.6875,15.90625,-19.1,0.0,0.0,133.0
15.4888,0x316,0.0,0.0,1.0,6.25,1.01,0.3,16.15625,16.28125,15.6875,15.90625,-19.1,0.0,0.0,133.0
15.49474,0x220,0.0,0.0,1.0,6.25,1.06,0.27,16.15625,16.28125,15.6875,15.90625,-19.1,0.0,0.0,133.0
15.49733,0x2B0,0.0,0.0,1.0,6.25,1.06,0.27,16.15625,16.28125,15.6875,15.90625,-19.0,0.0,0.0,133.0
15.49904,0x316,0.0,0.0,1.0,6.25,1.06,0.27,16.15625,16.28125,15.6875,15.90625,-19.0,0.0,0.0,133.0
15.49952,0x386,0.0,0.0,1.0,6.25,1.06,0.27,16.125,16.28125,15.6875,15.96875,-19.0,0.0,0.0,133.0
15.50479,0x220,0.0,0.0,1.0,6.25,1.11,0.19,16.125,16.28125,15.6875,15.96875,-19.0,0.0,0.0,133.0
15.50737,0x2B0,0.0,0.0,1.0,6.25,1.11,0.19,16.125,16.28125,15.6875,15.96875,-19.0,0.0,0.0,133.0
15.50881,0x316,0.0,0.0,1.0,6.25,1.11,0.19,16.125,16.28125,15.6875,15.96875,-19.0,0.0,0.0,133.0
15.51474,0x220,0.0,0.0,1.0,6.25,1.15,0.2,16.125,16.28125,15.6875,15.96875,-19.0,0.0,0.0,133.0
15.51731,0x2B0,0.0,0.0,1.0,6.25,1.15,0.2,16.125,16.28125,15.6875,15.96875,-18.9,0.0,0.0,133.0
15.51881,0x316,0.0,0.0,1.0,6.25,1.15,0.2,16.125,16.28125,15.6875,15.96875,-18.9,0.0,0.0,133.0
15.51928,0x386,0.0,0.0,1.0,6.25,1.15,0.2,16.15625,16.125,15.84375,15.84375,-18.9,0.0,0.0,133.0
15.52479,0x220,0.0,0.0,1.0,6.25,1.16,0.25,16.15625,16.125,15.84375,15.84375,-18.9,0.0,0.0,133.0
15.52729,0x2B0,0.0,0.0,1.0,6.25,1.16,0.25,16.15625,16.125,15.84375,15.84375,-18.9,0.0,0.0,133.0
15.52881,0x316,0.0,0.0,1.0,6.25,1.16,0.25,16.15625,16.125,15.84375,15.84375,-18.9,0.0,0.0,133.0
15.53474,0x220,0.0,0.0,1.0,6.25,1.07,0.21,16.15625,16.125,15.84375,15.84375,-18.9,0.0,0.0,133.0
15.53737,0x2B0,0.0,0.0,1.0,6.25,1.07,0.21,16.15625,16.125,15.84375,15.84375,-18.9,0.0,0.0,133.0
15.53909,0x386,0.0,0.0,1.0,6.25,1.07,0.21,16.09375,16.1875,15.9375,15.96875,-18.9,0.0,0.0,133.0
15.53933,0x316,0.0,0.0,1.0,6.25,1.07,0.21,16.09375,16.1875,15.9375,15.96875,-18.9,0.0,0.0,133.0
15.54479,0x220,0.0,0.0,1.0,6.25,0.93,0.09,16.09375,16.1875,15.9375,15.96875,-18.9,0.0,0.0,133.0
15.5473,0x2B0,0.0,0.0,1.0,6.25,0.93,0.09,16.09375,16.1875,15.9375,15.96875,-18.8,0.0,0.0,133.0
15.54892,0x316,0.0,0.0,1.0,6.25,0.93,0.09,16.09375,16.1875,15.9375,15.96875,-18.8,0.0,0.0,133.0
15.55474,0x220,0.0,0.0,1.0,6.25,0.81,0.02,16.09375,16.1875,15.9375,15.96875,-18.8,0.0,0.0,133.0
15.55727,0x2B0,0.0,0.0,1.0,6.25,0.81,0.02,16.09375,16.1875,15.9375,15.96875,-18.8,0.0,0.0,133.0
15.55882,0x316,0.0,0.0,1.0,6.25,0.81,0.02,16.09375,16.1875,15.9375,15.96875,-18.8,0.0,0.0,134.0
15.55929,0x386,0.0,0.0,1.0,6.25,0.81,0.02,16.1875,16.125,16.34375,16.15625,-18.8,0.0,0.0,134.0
15.56477,0x220,0.0,0.0,1.0,6.25,0.72,0.01,16.1875,16.125,16.34375,16.15625,-18.8,0.0,0.0,134.0
15.56728,0x2B0,0.0,0.0,1.0,6.25,0.72,0.01,16.1875,16.125,16.34375,16.15625,-18.8,0.0,0.0,134.0
15.56887,0x316,0.0,0.0,1.0,6.25,0.72,0.01,16.1875,16.125,16.34375,16.15625,-18.8,0.0,0.0,134.0
15.57474,0x220,0.0,0.0,1.0,6.25,0.79,0.0,16.1875,16.125,16.34375,16.15625,-18.8,0.0,0.0,134.0
15.57726,0x2B0,0.0,0.0,1.0,6.25,0.79,0.0,16.1875,16.125,16.34375,16.15625,-18.8,0.0,0.0,134.0
15.57908,0x316,0.0,0.0,1.0,6.25,0.79,0.0,16.1875,16.125,16.34375,16.15625,-18.8,0.0,0.0,134.0
15.57955,0x386,0.0,0.0,1.0,6.25,0.79,0.0,16.0625,16.15625,16.65625,16.1875,-18.8,0.0,0.0,134.0
15.5848,0x220,0.0,0.0,1.0,6.25,1.04,-0.1,16.0625,16.15625,16.65625,16.1875,-18.8,0.0,0.0,134.0
15.58733,0x2B0,0.0,0.0,1.0,6.25,1.04,-0.1,16.0625,16.15625,16.65625,16.1875,-18.8,0.0,0.0,134.0
15.58883,0x316,0.0,0.0,1.0,6.25,1.04,-0.1,16.0625,16.15625,16.65625,16.1875,-18.8,0.0,0.0,134.0
15.59474,0x220,0.0,0.0,1.0,6.25,1.37,-0.24,16.0625,16.15625,16.65625,16.1875,-18.8,0.0,0.0,134.0
15.59729,0x2B0,0.0,0.0,1.0,6.25,1.37,-0.24,16.0625,16.15625,16.65625,16.1875,-18.7,0.0,0.0,134.0
15.59884,0x316,0.0,0.0,1.0,6.25,1.37,-0.24,16.0625,16.15625,16.65625,16.1875,-18.7,0.0,0.0,135.0
15.59932,0x386,0.0,0.0,1.0,6.25,1.37,-0.24,16.1875,16.1875,16.375,16.03125,-18.7,0.0,0.0,135.0
15.60479,0x220,0.0,0.0,1.0,6.25,1.58,-0.28,16.1875,16.1875,16.375,16.03125,-18.7,0.0,0.0,135.0
15.60725,0x2B0,0.0,0.0,1.0,6.25,1.58,-0.28,16.1875,16.1875,16.375,16.03125,-18.7,0.0,0.0,135.0
15.60884,0x316,0.0,0.0,1.0,6.25,1.58,-0.28,16.1875,16.1875,16.375,16.03125,-18.7,0.0,0.0,134.0
15.61474,0x220,0.0,0.0,1.0,6.25,1.52,-0.27,16.1875,16.1875,16.375,16.03125,-18.7,0.0,0.0,134.0
15.61726,0x2B0,0.0,0.0,1.0,6.25,1.52,-0.27,16.1875,16.1875,16.375,16.03125,-18.7,0.0,0.0,134.0
15.61904,0x316,0.0,0.0,1.0,6.25,1.52,-0.27,16.1875,16.1875,16.375,16.03125,-18.7,0.0,0.0,135.0
15.61952,0x386,0.0,0.0,1.0,6.25,1.52,-0.27,16.15625,16.21875,15.875,16.0625,-18.7,0.0,0.0,135.0
15.62477,0x220,0.0,0.0,1.0,6.25,1.26,-0.3,16.15625,16.21875,15.875,16.0625,-18.7,0.0,0.0,135.0
15.62733,0x2B0,0.0,0.0,1.0,6.25,1.26,-0.3,16.15625,16.21875,15.875,16.0625,-18.7,0.0,0.0,135.0
15.62885,0x316,0.0,0.0,1.0,6.25,1.26,-0.3,16.15625,16.21875,15.875,16.0625,-18.7,0.0,0.0,135.0
15.63474,0x220,0.0,0.0,1.0,6.25,0.87,-0.3,16.15625,16.21875,15.875,16.0625,-18.7,0.0,0.0,135.0
15.63731,0x2B0,0.0,0.0,1.0,6.25,0.87,-0.3,16.15625,16.21875,15.875,16.0625,-18.7,0.0,0.0,135.0
15.63909,0x316,0.0,0.0,1.0,6.25,0.87,-0.3,16.15625,16.21875,15.875,16.0625,-18.7,0.0,0.0,135.0
15.63957,0x386,0.0,0.0,1.0,6.25,0.87,-0.3,16.25,16.1875,16.0,15.96875,-18.7,0.0,0.0,135.0
15.64479,0x220,0.0,0.0,1.0,6.25,0.46,-0.17,16.25,16.1875,16.0,15.96875,-18.7,0.0,0.0,135.0
15.64731,0x2B0,0.0,0.0,1.0,6.25,0.46,-0.17,16.25,16.1875,16.0,15.96875,-18.7,0.0,0.0,135.0
15.64884,0x316,0.0,0.0,1.0,6.25,0.46,-0.17,16.25,16.1875,16.0,15.96875,-18.7,0.0,0.0,135.0
15.65475,0x220,0.0,0.0,1.0,6.25,0.25,0.0,16.25,16.1875,16.0,15.96875,-18.7,0.0,0.0,135.0
15.65732,0x2B0,0.0,0.0,1.0,6.25,0.25,0.0,16.25,16.1875,16.0,15.96875,-18.7,0.0,0.0,135.0
15.65886,0x316,0.0,0.0,1.0,6.25,0.25,0.0,16.25,16.1875,16.0,15.96875,-18.7,0.0,0.0,135.0
15.65933,0x386,0.0,0.0,1.0,6.25,0.25,0.0,16.34375,16.1875,16.15625,15.71875,-18.7,0.0,0.0,135.0
15.6648,0x220,0.0,0.0,1.0,6.25,0.28,0.08,16.34375,16.1875,16.15625,15.71875,-18.7,0.0,0.0,135.0
15.66732,0x2B0,0.0,0.0,1.0,6.25,0.28,0.08,16.34375,16.1875,16.15625,15.71875,-18.7,0.0,0.0,135.0
15.66902,0x316,0.0,0.0,1.0,6.25,0.28,0.08,16.34375,16.1875,16.15625,15.71875,-18.7,0.0,0.0,135.0
15.67474,0x220,0.0,0.0,1.0,6.25,0.49,0.07,16.34375,16.1875,16.15625,15.71875,-18.7,0.0,0.0,135.0
15.67743,0x2B0,0.0,0.0,1.0,6.25,0.49,0.07,16.34375,16.1875,16.15625,15.71875,-18.7,0.0,0.0,135.0
15.67886,0x316,0.0,0.0,1.0,6.25,0.49,0.07,16.34375,16.1875,16.15625,15.71875,-18.7,0.0,0.0,135.0
15.67935,0x386,0.0,0.0,1.0,6.25,0.49,0.07,16.1875,16.25,15.96875,15.84375,-18.7,0.0,0.0,135.0
15.68477,0x220,0.0,0.0,1.0,6.25,0.78,0.06,16.1875,16.25,15.96875,15.84375,-18.7,0.0,0.0,135.0
15.68732,0x2B0,0.0,0.0,1.0,6.25,0.78,0.06,16.1875,16.25,15.96875,15.84375,-18.7,0.0,0.0,135.0
15.68886,0x316,0.0,0.0,1.0,6.25,0.78,0.06,16.1875,16.25,15.96875,15.84375,-18.7,0.0,0.0,135.0
15.69475,0x220,0.0,0.0,1.0,6.25,1.01,0.09,16.1875,16.25,15.96875,15.84375,-18.7,0.0,0.0,135.0
15.69733,0x2B0,0.0,0.0,1.0,6.25,1.01,0.09,16.1875,16.25,15.96875,15.84375,-18.7,0.0,0.0,135.0
15.69887,0x316,0.0,0.0,1.0,6.25,1.01,0.09,16.1875,16.25,15.96875,15.84375,-18.7,0.0,0.0,136.0
15.69934,0x386,0.0,0.0,1.0,6.25,1.01,0.09,16.34375,16.1875,15.90625,15.78125,-18.7,0.0,0.0,136.0
15.70479,0x220,0.0,0.0,1.0,6.25,1.12,0.12,16.34375,16.1875,15.90625,15.78125,-18.7,0.0,0.0,136.0
15.70732,0x2B0,0.0,0.0,1.0,6.25,1.12,0.12,16.34375,16.1875,15.90625,15.78125,-18.7,0.0,0.0,136.0
15.70887,0x316,0.0,0.0,1.0,6.25,1.12,0.12,16.34375,16.1875,15.90625,15.78125,-18.7,0.0,0.0,136.0
15.71474,0x220,0.0,0.0,1.0,6.25,1.12,0.12,16.34375,16.1875,15.90625,15.78125,-18.7,0.0,0.0,136.0
15.71732,0x2B0,0.0,0.0,1.0,6.25,1.12,0.12,16.34375,16.1875,15.90625,15.78125,-18.7,0.0,0.0,136.0
15.71887,0x316,0.0,0.0,1.0,6.25,1.12,0.12,16.34375,16.1875,15.90625,15.78125,-18.7,0.0,0.0,136.0
15.71934,0x386,0.0,0.0,1.0,6.25,1.12,0.12,16.25,16.1875,15.75,15.71875,-18.7,0.0,0.0,136.0
15.7248,0x220,0.0,0.0,1.0,6.25,1.0,0.1,16.25,16.1875,15.75,15.71875,-18.7,0.0,0.0,136.0
15.72732,0x2B0,0.0,0.0,1.0,6.25,1.0,0.1,16.25,16.1875,15.75,15.71875,-18.7,0.0,0.0,136.0
15.72887,0x316,0.0,0.0,1.0,6.25,1.0,0.1,16.25,16.1875,15.75,15.71875,-18.7,0.0,0.0,136.0
15.73474,0x220,0.0,0.0,1.0,6.25,0.76,0.06,16.25,16.1875,15.75,15.71875,-18.7,0.0,0.0,136.0
15.73732,0x2B0,0.0,0.0,1.0,6.25,0.76,0.06,16.25,16.1875,15.75,15.71875,-18.7,0.0,0.0,136.0
15.73912,0x316,0.0,0.0,1.0,6.25,0.76,0.06,16.25,16.1875,15.75,15.71875,-18.7,0.0,0.0,136.0
15.7396,0x386,0.0,0.0,1.0,6.25,0.76,0.06,16.34375,16.21875,15.59375,15.5625,-18.7,0.0,0.0,136.0
15.74481,0x220,0.0,0.0,1.0,6.25,0.47,0.09,16.34375,16.21875,15.59375,15.5625,-18.7,0.0,0.0,136.0
15.74732,0x2B0,0.0,0.0,1.0,6.25,0.47,0.09,16.34375,16.21875,15.59375,15.5625,-18.7,0.0,0.0,136.0
15.74892,0x316,0.0,0.0,1.0,6.25,0.47,0.09,16.34375,16.21875,15.59375,15.5625,-18.7,0.0,0.0,136.0
15.75474,0x220,0.0,0.0,1.0,6.25,0.24,0.29,16.34375,16.21875,15.59375,15.5625,-18.7,0.0,0.0,136.0
15.75732,0x2B0,0.0,0.0,1.0,6.25,0.24,0.29,16.34375,16.21875,15.59375,15.5625,-18.7,0.0,0.0,136.0
15.75889,0x316,0.0,0.0,1.0,6.25,0.24,0.29,16.34375,16.21875,15.59375,15.5625,-18.7,0.0,0.0,136.0
15.75937,0x386,0.0,0.0,1.0,6.25,0.24,0.29,16.28125,16.0625,15.65625,15.90625,-18.7,0.0,0.0,136.0
15.7648,0x220,0.0,0.0,1.0,6.25,0.17,0.56,16.28125,16.0625,15.65625,15.90625,-18.7,0.0,0.0,136.0
15.76732,0x2B0,0.0,0.0,1.0,6.25,0.17,0.56,16.28125,16.0625,15.65625,15.90625,-18.7,0.0,0.0,136.0
15.76889,0x316,0.0,0.0,1.0,6.25,0.17,0.56,16.28125,16.0625,15.65625,15.90625,-18.7,0.0,0.0,136.0
15.77474,0x220,0.0,0.0,1.0,6.25,0.23,0.73,16.28125,16.0625,15.65625,15.90625,-18.7,0.0,0.0,136.0
15.77743,0x2B0,0.0,0.0,1.0,6.25,0.23,0.73,16.28125,16.0625,15.65625,15.90625,-18.7,0.0,0.0,136.0
15.77889,0x316,0.0,0.0,1.0,6.25,0.23,0.73,16.28125,16.0625,15.65625,15.90625,-18.7,0.0,0.0,136.0
15.77937,0x386,0.0,0.0,1.0,6.25,0.23,0.73,16.1875,16.21875,15.65625,16.03125,-18.7,0.0,0.0,136.0
15.7848,0x220,0.0,0.0,1.0,6.25,0.45,0.8,16.1875,16.21875,15.65625,16.03125,-18.7,0.0,0.0,136.0
15.7873,0x2B0,0.0,0.0,1.0,6.25,0.45,0.8,16.1875,16.21875,15.65625,16.03125,-18.7,0.0,0.0,136.0
15.78889,0x316,0.0,0.0,1.0,6.25,0.45,0.8,16.1875,16.21875,15.65625,16.03125,-18.7,0.0,0.0,136.0
15.79474,0x220,0.0,0.0,1.0,6.25,0.72,0.87,16.1875,16.21875,15.65625,16.03125,-18.7,0.0,0.0,136.0
15.79725,0x2B0,0.0,0.0,1.0,6.25,0.72,0.87,16.1875,16.21875,15.65625,16.03125,-18.7,0.0,0.0,136.0
15.79889,0x316,0.0,0.0,1.0,6.25,0.72,0.87,16.1875,16.21875,15.65625,16.03125,-18.7,0.0,0.0,136.0
15.79937,0x386,0.0,0.0,1.0,6.25,0.72,0.87,16.40625,16.03125,15.875,15.78125,-18.7,0.0,0.0,136.0
15.80479,0x220,0.0,0.0,1.0,6.25,0.9,0.94,16.40625,16.03125,15.875,15.78125,-18.7,0.0,0.0,136.0
15.80728,0x2B0,0.0,0.0,1.0,6.25,0.9,0.94,16.40625,16.03125,15.875,15.78125,-18.6,0.0,0.0,136.0
15.80889,0x316,0.0,0.0,1.0,6.25,0.9,0.94,16.40625,16.03125,15.875,15.78125,-18.6,0.0,0.0,136.0
15.81474,0x220,0.0,0.0,1.0,6.25,1.08,0.89,16.40625,16.03125,15.875,15.78125,-18.6,0.0,0.0,136.0
15.81727,0x2B0,0.0,0.0,1.0,6.25,1.08,0.89,16.40625,16.03125,15.875,15.78125,-18.6,0.0,0.0,136.0
15.8189,0x316,0.0,0.0,1.0,6.25,1.08,0.89,16.40625,16.03125,15.875,15.78125,-18.6,0.0,0.0,136.0
15.81937,0x386,0.0,0.0,1.0,6.25,1.08,0.89,16.09375,16.21875,15.6875,15.8125,-18.6,0.0,0.0,136.0
15.8248,0x220,0.0,0.0,1.0,6.25,1.15,0.66,16.09375,16.21875,15.6875,15.8125,-18.6,0.0,0.0,136.0
15.82728,0x2B0,0.0,0.0,1.0,6.25,1.15,0.66,16.09375,16.21875,15.6875,15.8125,-18.4,8.0,0.0,136.0
15.8289,0x316,0.0,0.0,1.0,6.25,1.15,0.66,16.09375,16.21875,15.6875,15.8125,-18.4,8.0,0.0,136.0
15.83475,0x220,0.0,0.0,1.0,6.25,1.08,0.47,16.09375,16.21875,15.6875,15.8125,-18.4,8.0,0.0,136.0
15.83732,0x2B0,0.0,0.0,1.0,6.25,1.08,0.47,16.09375,16.21875,15.6875,15.8125,-18.4,8.0,0.0,136.0
15.83891,0x316,0.0,0.0,1.0,6.25,1.08,0.47,16.09375,16.21875,15.6875,15.8125,-18.4,8.0,0.0,136.0
15.83938,0x386,0.0,0.0,1.0,6.25,1.08,0.47,16.125,16.21875,15.53125,16.0625,-18.4,8.0,0.0,136.0
15.8448,0x220,0.0,0.0,1.0,6.25,1.03,0.59,16.125,16.21875,15.53125,16.0625,-18.4,8.0,0.0,136.0
15.84728,0x2B0,0.0,0.0,1.0,6.25,1.03,0.59,16.125,16.21875,15.53125,16.0625,-18.1,12.0,0.0,136.0
15.84891,0x316,0.0,0.0,1.0,6.25,1.03,0.59,16.125,16.21875,15.53125,16.0625,-18.1,12.0,0.0,136.0
15.85475,0x220,0.0,0.0,1.0,6.25,1.13,0.93,16.125,16.21875,15.53125,16.0625,-18.1,12.0,0.0,136.0
15.85733,0x2B0,0.0,0.0,1.0,6.25,1.13,0.93,16.125,16.21875,15.53125,16.0625,-18.1,12.0,0.0,136.0
15.85891,0x316,0.0,0.0,1.0,6.25,1.13,0.93,16.125,16.21875,15.53125,16.0625,-18.1,12.0,0.0,136.0
15.85939,0x386,0.0,0.0,1.0,6.25,1.13,0.93,16.125,16.28125,15.65625,16.0,-18.1,12.0,0.0,136.0
15.8648,0x220,0.0,0.0,1.0,6.25,1.43,1.06,16.125,16.28125,15.65625,16.0,-18.1,12.0,0.0,136.0
15.86727,0x2B0,0.0,0.0,1.0,6.25,1.43,1.06,16.125,16.28125,15.65625,16.0,-17.9,8.0,0.0,136.0
15.86892,0x316,0.0,0.0,1.0,6.25,1.43,1.06,16.125,16.28125,15.65625,16.0,-17.9,8.0,0.0,137.0
15.87474,0x220,0.0,0.0,1.0,6.25,1.69,0.85,16.125,16.28125,15.65625,16.0,-17.9,8.0,0.0,137.0
15.87744,0x2B0,0.0,0.0,1.0,6.25,1.69,0.85,16.125,16.28125,15.65625,16.0,-17.9,8.0,0.0,137.0
15.87893,0x316,0.0,0.0,1.0,6.25,1.69,0.85,16.125,16.28125,15.65625,16.0,-17.9,8.0,0.0,137.0
15.8794,0x386,0.0,0.0,1.0,6.25,1.69,0.85,15.96875,16.0625,15.96875,16.125,-17.9,8.0,0.0,137.0
15.8848,0x220,0.0,0.0,1.0,6.25,1.7,0.52,15.96875,16.0625,15.96875,16.125,-17.9,8.0,0.0,137.0
15.88729,0x2B0,0.0,0.0,1.0,6.25,1.7,0.52,15.96875,16.0625,15.96875,16.125,-17.6,12.0,0.0,137.0
15.88892,0x316,0.0,0.0,1.0,6.25,1.7,0.52,15.96875,16.0625,15.96875,16.125,-17.6,12.0,0.0,137.0
15.89475,0x220,0.0,0.0,1.0,6.25,1.5,0.41,15.96875,16.0625,15.96875,16.125,-17.6,12.0,0.0,137.0
15.89728,0x2B0,0.0,0.0,1.0,6.25,1.5,0.41,15.96875,16.0625,15.96875,16.125,-17.5,20.0,0.0,137.0
15.89892,0x316,0.0,0.0,1.0,6.25,1.5,0.41,15.96875,16.0625,15.96875,16.125,-17.5,20.0,0.0,138.0
15.8994,0x386,0.0,0.0,1.0,6.25,1.5,0.41,16.1875,16.4375,16.09375,16.28125,-17.5,20.0,0.0,138.0
15.9048,0x220,0.0,0.0,1.0,6.25,1.33,0.5,16.1875,16.4375,16.09375,16.28125,-17.5,20.0,0.0,138.0
15.90732,0x2B0,0.0,0.0,1.0,6.25,1.33,0.5,16.1875,16.4375,16.09375,16.28125,-17.5,0.0,0.0,138.0
15.90893,0x316,0.0,0.0,1.0,6.25,1.33,0.5,16.1875,16.4375,16.09375,16.28125,-17.5,0.0,0.0,137.0
15.91475,0x220,0.0,0.0,1.0,6.25,1.37,0.53,16.1875,16.4375,16.09375,16.28125,-17.5,0.0,0.0,137.0
15.91727,0x2B0,0.0,0.0,1.0,6.25,1.37,0.53,16.1875,16.4375,16.09375,16.28125,-17.3,8.0,0.0,137.0
15.91893,0x316,0.0,0.0,1.0,6.25,1.37,0.53,16.1875,16.4375,16.09375,16.28125,-17.3,8.0,0.0,138.0
15.9194,0x386,0.0,0.0,1.0,6.25,1.37,0.53,16.09375,16.09375,16.21875,16.4375,-17.3,8.0,0.0,138.0
15.9248,0x220,0.0,0.0,1.0,6.25,1.65,0.35,16.09375,16.09375,16.21875,16.4375,-17.3,8.0,0.0,138.0
15.92726,0x2B0,0.0,0.0,1.0,6.25,1.65,0.35,16.09375,16.09375,16.21875,16.4375,-17.1,20.0,0.0,138.0
15.92893,0x316,0.0,0.0,1.0,6.25,1.65,0.35,16.09375,16.09375,16.21875,16.4375,-17.1,20.0,0.0,138.0
15.93475,0x220,0.0,0.0,1.0,6.25,1.97,0.07,16.09375,16.09375,16.21875,16.4375,-17.1,20.0,0.0,138.0
15.9373,0x2B0,0.0,0.0,1.0,6.25,1.97,0.07,16.09375,16.09375,16.21875,16.4375,-17.1,8.0,0.0,138.0
15.93894,0x316,0.0,0.0,1.0,6.25,1.97,0.07,16.09375,16.09375,16.21875,16.4375,-17.1,8.0,0.0,139.0
15.9394,0x386,0.0,0.0,1.0,6.25,1.97,0.07,16.1875,16.3125,16.28125,16.53125,-17.1,8.0,0.0,139.0
15.94481,0x220,0.0,0.0,1.0,6.25,2.05,-0.21,16.1875,16.3125,16.28125,16.53125,-17.1,8.0,0.0,139.0
15.94725,0x2B0,0.0,0.0,1.0,6.25,2.05,-0.21,16.1875,16.3125,16.28125,16.53125,-16.8,12.0,0.0,139.0
15.94894,0x316,0.0,0.0,1.0,6.25,2.05,-0.21,16.1875,16.3125,16.28125,16.53125,-16.8,12.0,0.0,139.0
15.95475,0x220,0.0,0.0,1.0,6.25,1.86,-0.41,16.1875,16.3125,16.28125,16.53125,-16.8,12.0,0.0,139.0
15.9573,0x2B0,0.0,0.0,1.0,6.25,1.86,-0.41,16.1875,16.3125,16.28125,16.53125,-16.8,12.0,0.0,139.0
15.95894,0x316,0.0,0.0,1.0,6.25,1.86,-0.41,16.1875,16.3125,16.28125,16.53125,-16.8,12.0,0.0,139.0
15.95942,0x386,0.0,0.0,1.0,6.25,1.86,-0.41,16.25,16.21875,16.03125,16.375,-16.8,12.0,0.0,139.0
15.96478,0x220,0.0,0.0,1.0,6.25,1.52,-0.39,16.25,16.21875,16.03125,16.375,-16.8,12.0,0.0,139.0
15.96725,0x2B0,0.0,0.0,1.0,6.25,1.52,-0.39,16.25,16.21875,16.03125,16.375,-16.6,8.0,0.0,139.0
15.96894,0x316,0.0,0.0,1.0,6.25,1.52,-0.39,16.25,16.21875,16.03125,16.375,-16.6,8.0,0.0,140.0
15.97475,0x220,0.0,0.0,1.0,6.25,1.26,-0.2,16.25,16.21875,16.03125,16.375,-16.6,8.0,0.0,140.0
15.97742,0x2B0,0.0,0.0,1.0,6.25,1.26,-0.2,16.25,16.21875,16.03125,16.375,-16.6,8.0,0.0,140.0
15.97894,0x316,0.0,0.0,1.0,6.25,1.26,-0.2,16.25,16.21875,16.03125,16.375,-16.6,8.0,0.0,140.0
15.97942,0x386,0.0,0.0,1.0,6.25,1.26,-0.2,16.34375,16.40625,16.0625,15.96875,-16.6,8.0,0.0,140.0
15.9848,0x220,0.0,0.0,1.0,6.25,1.33,-0.12,16.34375,16.40625,16.0625,15.96875,-16.6,8.0,0.0,140.0
15.98723,0x2B0,0.0,0.0,1.0,6.25,1.33,-0.12,16.34375,16.40625,16.0625,15.96875,-16.4,8.0,0.0,140.0
15.98895,0x316,0.0,0.0,1.0,6.25,1.33,-0.12,16.34375,16.40625,16.0625,15.96875,-16.4,8.0,0.0,140.0
15.99475,0x220,0.0,0.0,1.0,6.25,1.7,-0.35,16.34375,16.40625,16.0625,15.96875,-16.4,8.0,0.0,140.0
15.99721,0x2B0,0.0,0.0,1.0,6.25,1.7,-0.35,16.34375,16.40625,16.0625,15.96875,-16.4,8.0,0.0,140.0
15.99895,0x316,0.0,0.0,1.0,6.25,1.7,-0.35,16.34375,16.40625,16.0625,15.96875,-16.4,8.0,0.0,140.0
15.99942,0x386,0.0,0.0,1.0,6.25,1.7,-0.35,16.28125,16.4375,16.0625,16.0625,-16.4,8.0,0.0,140.0
16.0048,0x220,0.0,0.0,1.0,6.25,2.12,-0.68,16.28125,16.4375,16.0625,16.0625,-16.4,8.0,0.0,140.0
16.00728,0x2B0,0.0,0.0,1.0,6.25,2.12,-0.68,16.28125,16.4375,16.0625,16.0625,-16.4,0.0,0.0,140.0
16.0087,0x316,0.0,0.0,1.0,6.25,2.12,-0.68,16.28125,16.4375,16.0625,16.0625,-16.4,0.0,0.0,141.0
16.01476,0x220,0.0,0.0,1.0,6.25,2.29,-0.73,16.28125,16.4375,16.0625,16.0625,-16.4,0.0,0.0,141.0
16.01722,0x2B0,0.0,0.0,1.0,6.25,2.29,-0.73,16.28125,16.4375,16.0625,16.0625,-16.3,0.0,0.0,141.0
16.01896,0x316,0.0,0.0,1.0,6.25,2.29,-0.73,16.28125,16.4375,16.0625,16.0625,-16.3,0.0,0.0,141.0
16.01944,0x386,0.0,0.0,1.0,6.25,2.29,-0.73,16.4375,16.34375,16.125,16.15625,-16.3,0.0,0.0,141.0
16.02481,0x220,0.0,0.0,1.0,6.25,2.23,-0.48,16.4375,16.34375,16.125,16.15625,-16.3,0.0,0.0,141.0
16.0272,0x2B0,0.0,0.0,1.0,6.25,2.23,-0.48,16.4375,16.34375,16.125,16.15625,-16.3,0.0,0.0,141.0
16.02895,0x316,0.0,0.0,1.0,6.25,2.23,-0.48,16.4375,16.34375,16.125,16.15625,-16.3,0.0,0.0,141.0
16.03475,0x220,0.0,0.0,1.0,6.25,2.1,-0.27,16.4375,16.34375,16.125,16.15625,-16.3,0.0,0.0,141.0
16.03721,0x2B0,0.0,0.0,1.0,6.25,2.1,-0.27,16.4375,16.34375,16.125,16.15625,-16.3,0.0,0.0,141.0
16.03921,0x316,0.0,0.0,1.0,6.25,2.1,-0.27,16.4375,16.34375,16.125,16.15625,-16.3,0.0,0.0,141.0
16.03968,0x386,0.0,0.0,1.0,6.25,2.1,-0.27,16.28125,16.5,16.1875,15.9375,-16.3,0.0,0.0,141.0
16.04481,0x220,0.0,0.0,1.0,6.25,2.01,-0.38,16.28125,16.5,16.1875,15.9375,-16.3,0.0,0.0,141.0
16.04721,0x2B0,0.0,0.0,1.0,6.25,2.01,-0.38,16.28125,16.5,16.1875,15.9375,-16.3,0.0,0.0,141.0
16.04897,0x316,0.0,0.0,1.0,6.25,2.01,-0.38,16.28125,16.5,16.1875,15.9375,-16.3,0.0,0.0,142.0
16.05475,0x220,0.0,0.0,1.0,6.25,1.93,-0.64,16.28125,16.5,16.1875,15.9375,-16.3,0.0,0.0,142.0
16.05721,0x2B0,0.0,0.0,1.0,6.25,1.93,-0.64,16.28125,16.5,16.1875,15.9375,-16.3,0.0,0.0,142.0
16.05897,0x316,0.0,0.0,1.0,6.25,1.93,-0.64,16.28125,16.5,16.1875,15.9375,-16.3,0.0,0.0,141.0
16.05944,0x386,0.0,0.0,1.0,6.25,1.93,-0.64,16.375,16.4375,16.0625,16.1875,-16.3,0.0,0.0,141.0
16.06482,0x220,0.0,0.0,1.0,6.25,1.85,-0.86,16.375,16.4375,16.0625,16.1875,-16.3,0.0,0.0,141.0
16.06721,0x2B0,0.0,0.0,1.0,6.25,1.85,-0.86,16.375,16.4375,16.0625,16.1875,-16.3,0.0,0.0,141.0
16.06897,0x316,0.0,0.0,1.0,6.25,1.85,-0.86,16.375,16.4375,16.0625,16.1875,-16.3,0.0,0.0,141.0
16.07475,0x220,0.0,0.0,1.0,6.25,1.7,-0.81,16.375,16.4375,16.0625,16.1875,-16.3,0.0,0.0,141.0
16.07721,0x2B0,0.0,0.0,1.0,6.25,1.7,-0.81,16.375,16.4375,16.0625,16.1875,-16.3,0.0,0.0,141.0
16.07898,0x316,0.0,0.0,1.0,6.25,1.7,-0.81,16.375,16.4375,16.0625,16.1875,-16.3,0.0,0.0,141.0
16.07945,0x386,0.0,0.0,1.0,6.25,1.7,-0.81,16.40625,16.53125,15.96875,16.1875,-16.3,0.0,0.0,141.0
16.08481,0x220,0.0,0.0,1.0,6.25,1.39,-0.52,16.40625,16.53125,15.96875,16.1875,-16.3,0.0,0.0,141.0
16.08721,0x2B0,0.0,0.0,1.0,6.25,1.39,-0.52,16.40625,16.53125,15.96875,16.1875,-16.3,0.0,0.0,141.0
16.0887,0x316,0.0,0.0,1.0,6.25,1.39,-0.52,16.40625,16.53125,15.96875,16.1875,-16.3,0.0,0.0,141.0
16.09475,0x220,0.0,0.0,1.0,6.25,1.03,-0.3,16.40625,16.53125,15.96875,16.1875,-16.3,0.0,0.0,141.0
16.0972,0x2B0,0.0,0.0,1.0,6.25,1.03,-0.3,16.40625,16.53125,15.96875,16.1875,-16.3,0.0,0.0,141.0
16.09898,0x316,0.0,0.0,1.0,6.25,1.03,-0.3,16.40625,16.53125,15.96875,16.1875,-16.3,0.0,0.0,142.0
16.09946,0x386,0.0,0.0,1.0,6.25,1.03,-0.3,16.46875,16.34375,15.96875,16.0,-16.3,0.0,0.0,142.0
16.10481,0x220,0.0,0.0,1.0,6.25,0.73,-0.12,16.46875,16.34375,15.96875,16.0,-16.3,0.0,0.0,142.0
16.10721,0x2B0,0.0,0.0,1.0,6.25,0.73,-0.12,16.46875,16.34375,15.96875,16.0,-16.3,0.0,0.0,142.0
16.10875,0x316,0.0,0.0,1.0,6.25,0.73,-0.12,16.46875,16.34375,15.96875,16.0,-16.3,0.0,0.0,142.0
16.11475,0x220,0.0,0.0,1.0,6.25,0.59,0.0,16.46875,16.34375,15.96875,16.0,-16.3,0.0,0.0,142.0
16.11721,0x2B0,0.0,0.0,1.0,6.25,0.59,0.0,16.46875,16.34375,15.96875,16.0,-16.3,0.0,0.0,142.0
16.11899,0x316,0.0,0.0,1.0,6.25,0.59,0.0,16.46875,16.34375,15.96875,16.0,-16.3,0.0,0.0,142.0
16.11972,0x386,0.0,0.0,1.0,6.25,0.59,0.0,16.46875,16.3125,16.0625,15.875,-16.3,0.0,0.0,142.0
16.12481,0x220,0.0,0.0,1.0,6.25,0.69,0.0,16.46875,16.3125,16.0625,15.875,-16.3,0.0,0.0,142.0
16.12721,0x2B0,0.0,0.0,1.0,6.25,0.69,0.0,16.46875,16.3125,16.0625,15.875,-16.3,0.0,0.0,142.0
16.12871,0x316,0.0,0.0,1.0,6.25,0.69,0.0,16.46875,16.3125,16.0625,15.875,-16.3,0.0,0.0,142.0
16.13477,0x220,0.0,0.0,1.0,6.25,0.96,-0.04,16.46875,16.3125,16.0625,15.875,-16.3,0.0,0.0,142.0
16.1372,0x2B0,0.0,0.0,1.0,6.25,0.96,-0.04,16.46875,16.3125,16.0625,15.875,-16.3,0.0,0.0,142.0
16.13899,0x316,0.0,0.0,1.0,6.25,0.96,-0.04,16.46875,16.3125,16.0625,15.875,-16.3,0.0,0.0,142.0
16.13947,0x386,0.0,0.0,1.0,6.25,0.96,-0.04,16.34375,16.46875,15.9375,16.09375,-16.3,0.0,0.0,142.0
16.14481,0x220,0.0,0.0,1.0,6.25,1.21,-0.15,16.34375,16.46875,15.9375,16.09375,-16.3,0.0,0.0,142.0
16.1472,0x2B0,0.0,0.0,1.0,6.25,1.21,-0.15,16.34375,16.46875,15.9375,16.09375,-16.3,0.0,0.0,142.0
16.14899,0x316,0.0,0.0,1.0,6.25,1.21,-0.15,16.34375,16.46875,15.9375,16.09375,-16.3,0.0,0.0,142.0
16.15478,0x220,0.0,0.0,1.0,6.25,1.4,-0.13,16.34375,16.46875,15.9375,16.09375,-16.3,0.0,0.0,142.0
16.15719,0x2B0,0.0,0.0,1.0,6.25,1.4,-0.13,16.34375,16.46875,15.9375,16.09375,-16.3,0.0,0.0,142.0
16.159,0x316,0.0,0.0,1.0,6.25,1.4,-0.13,16.34375,16.46875,15.9375,16.09375,-16.3,0.0,0.0,142.0
16.15947,0x386,0.0,0.0,1.0,6.25,1.4,-0.13,16.25,16.1875,15.875,16.28125,-16.3,0.0,0.0,142.0
16.16482,0x220,0.0,0.0,1.0,6.25,1.55,0.04,16.25,16.1875,15.875,16.28125,-16.3,0.0,0.0,142.0
16.16728,0x2B0,0.0,0.0,1.0,6.25,1.55,0.04,16.25,16.1875,15.875,16.28125,-16.3,0.0,0.0,142.0
16.169,0x316,0.0,0.0,1.0,6.25,1.55,0.04,16.25,16.1875,15.875,16.28125,-16.3,0.0,0.0,141.0
16.17478,0x220,0.0,0.0,1.0,6.25,1.59,0.21,16.25,16.1875,15.875,16.28125,-16.3,0.0,0.0,141.0
16.17724,0x2B0,0.0,0.0,1.0,6.25,1.59,0.21,16.25,16.1875,15.875,16.28125,-16.0,12.0,0.0,141.0
16.17901,0x316,0.0,0.0,1.0,6.25,1.59,0.21,16.25,16.1875,15.875,16.28125,-16.0,12.0,0.0,142.0
16.17948,0x386,0.0,0.0,1.0,6.25,1.59,0.21,16.25,16.25,15.90625,16.03125,-16.0,12.0,0.0,142.0
16.18481,0x220,0.0,0.0,1.0,6.25,1.63,0.08,16.25,16.25,15.90625,16.03125,-16.0,12.0,0.0,142.0
16.18729,0x2B0,0.0,0.0,1.0,6.25,1.63,0.08,16.25,16.25,15.90625,16.03125,-16.0,12.0,0.0,142.0
16.189,0x316,0.0,0.0,1.0,6.25,1.63,0.08,16.25,16.25,15.90625,16.03125,-16.0,12.0,0.0,142.0
16.19475,0x220,0.0,0.0,1.0,6.25,1.62,-0.13,16.25,16.25,15.90625,16.03125,-16.0,12.0,0.0,142.0
16.19725,0x2B0,0.0,0.0,1.0,6.25,1.62,-0.13,16.25,16.25,15.90625,16.03125,-15.7,12.0,0.0,142.0
16.19901,0x316,0.0,0.0,1.0,6.25,1.62,-0.13,16.25,16.25,15.90625,16.03125,-15.7,12.0,0.0,141.0
16.19948,0x386,0.0,0.0,1.0,6.25,1.62,-0.13,16.15625,16.03125,16.25,16.0625,-15.7,12.0,0.0,141.0
16.20481,0x220,0.0,0.0,1.0,6.25,1.51,-0.24,16.15625,16.03125,16.25,16.0625,-15.7,12.0,0.0,141.0
16.20727,0x2B0,0.0,0.0,1.0,6.25,1.51,-0.24,16.15625,16.03125,16.25,16.0625,-15.5,24.0,0.0,141.0
16.2087,0x316,0.0,0.0,1.0,6.25,1.51,-0.24,16.15625,16.03125,16.25,16.0625,-15.5,24.0,0.0,141.0
16.21476,0x220,0.0,0.0,1.0,6.25,1.41,-0.24,16.15625,16.03125,16.25,16.0625,-15.5,24.0,0.0,141.0
16.21725,0x2B0,0.0,0.0,1.0,6.25,1.41,-0.24,16.15625,16.03125,16.25,16.0625,-15.3,20.0,0.0,141.0
16.21876,0x316,0.0,0.0,1.0,6.25,1.41,-0.24,16.15625,16.03125,16.25,16.0625,-15.3,20.0,0.0,141.0
16.21948,0x386,0.0,0.0,1.0,6.25,1.41,-0.24,16.0625,16.15625,16.21875,16.25,-15.3,20.0,0.0,141.0
16.22481,0x220,0.0,0.0,1.0,6.25,1.44,-0.26,16.0625,16.15625,16.21875,16.25,-15.3,20.0,0.0,141.0
16.22725,0x2B0,0.0,0.0,1.0,6.25,1.44,-0.26,16.0625,16.15625,16.21875,16.25,-14.9,28.0,0.0,141.0
16.22874,0x316,0.0,0.0,1.0,6.25,1.44,-0.26,16.0625,16.15625,16.21875,16.25,-14.9,28.0,0.0,141.0
16.23475,0x220,0.0,0.0,1.0,6.25,1.64,-0.33,16.0625,16.15625,16.21875,16.25,-14.9,28.0,0.0,141.0
16.23725,0x2B0,0.0,0.0,1.0,6.25,1.64,-0.33,16.0625,16.15625,16.21875,16.25,-14.7,28.0,0.0,141.0
16.23902,0x316,0.0,0.0,1.0,6.25,1.64,-0.33,16.0625,16.15625,16.21875,16.25,-14.7,28.0,0.0,142.0
16.23949,0x386,0.0,0.0,1.0,6.25,1.64,-0.33,16.09375,16.15625,16.28125,16.375,-14.7,28.0,0.0,142.0
16.24481,0x220,0.0,0.0,1.0,6.25,1.97,-0.4,16.09375,16.15625,16.28125,16.375,-14.7,28.0,0.0,142.0
16.24724,0x2B0,0.0,0.0,1.0,6.25,1.97,-0.4,16.09375,16.15625,16.28125,16.375,-14.3,28.0,0.0,142.0
16.24902,0x316,0.0,0.0,1.0,6.25,1.97,-0.4,16.09375,16.15625,16.28125,16.375,-14.3,28.0,0.0,142.0
16.25478,0x220,0.0,0.0,1.0,6.25,2.32,-0.45,16.09375,16.15625,16.28125,16.375,-14.3,28.0,0.0,142.0
16.25726,0x2B0,0.0,0.0,1.0,6.25,2.32,-0.45,16.09375,16.15625,16.28125,16.375,-14.0,32.0,0.0,142.0
16.25875,0x316,0.0,0.0,1.0,6.25,2.32,-0.45,16.09375,16.15625,16.28125,16.375,-14.0,32.0,0.0,142.0
16.25946,0x386,0.0,0.0,1.0,6.25,2.32,-0.45,16.0625,16.28125,16.28125,16.28125,-14.0,32.0,0.0,142.0
16.26481,0x220,0.0,0.0,1.0,6.25,2.44,-0.52,16.0625,16.28125,16.28125,16.28125,-14.0,32.0,0.0,142.0
16.26724,0x2B0,0.0,0.0,1.0,6.25,2.44,-0.52,16.0625,16.28125,16.28125,16.28125,-13.7,28.0,0.0,142.0
16.26902,0x316,0.0,0.0,1.0,6.25,2.44,-0.52,16.0625,16.28125,16.28125,16.28125,-13.7,28.0,0.0,142.0
16.27476,0x220,0.0,0.0,1.0,6.25,2.24,-0.57,16.0625,16.28125,16.28125,16.28125,-13.7,28.0,0.0,142.0
16.27723,0x2B0,0.0,0.0,1.0,6.25,2.24,-0.57,16.0625,16.28125,16.28125,16.28125,-13.2,40.0,0.0,142.0
16.27903,0x316,0.0,0.0,1.0,6.25,2.24,-0.57,16.0625,16.28125,16.28125,16.28125,-13.2,40.0,0.0,143.0
16.2795,0x386,0.0,0.0,1.0,6.25,2.24,-0.57,16.25,16.25,16.15625,16.28125,-13.2,40.0,0.0,143.0
16.28481,0x220,0.0,0.0,1.0,6.25,1.8,-0.5,16.25,16.25,16.15625,16.28125,-13.2,40.0,0.0,143.0
16.28724,0x2B0,0.0,0.0,1.0,6.25,1.8,-0.5,16.25,16.25,16.15625,16.28125,-12.8,44.0,0.0,143.0
16.28873,0x316,0.0,0.0,1.0,6.25,1.8,-0.5,16.25,16.25,16.15625,16.28125,-12.8,44.0,0.0,143.0
16.29478,0x220,0.0,0.0,1.0,6.25,1.37,-0.34,16.25,16.25,16.15625,16.28125,-12.8,44.0,0.0,143.0
16.29727,0x2B0,0.0,0.0,1.0,6.25,1.37,-0.34,16.25,16.25,16.15625,16.28125,-12.4,40.0,0.0,143.0
16.29875,0x316,0.0,0.0,1.0,6.25,1.37,-0.34,16.25,16.25,16.15625,16.28125,-12.4,40.0,0.0,144.0
16.29947,0x386,0.0,0.0,1.0,6.25,1.37,-0.34,16.28125,16.34375,16.21875,16.3125,-12.4,40.0,0.0,144.0
16.30482,0x220,0.0,0.0,1.0,6.25,1.14,-0.25,16.28125,16.34375,16.21875,16.3125,-12.4,40.0,0.0,144.0
16.30725,0x2B0,0.0,0.0,1.0,6.25,1.14,-0.25,16.28125,16.34375,16.21875,16.3125,-12.0,40.0,0.0,144.0
16.30872,0x316,0.0,0.0,1.0,6.25,1.14,-0.25,16.28125,16.34375,16.21875,16.3125,-12.0,40.0,0.0,144.0
16.31477,0x220,0.0,0.0,1.0,6.25,1.12,-0.32,16.28125,16.34375,16.21875,16.3125,-12.0,40.0,0.0,144.0
16.31724,0x2B0,0.0,0.0,1.0,6.25,1.12,-0.32,16.28125,16.34375,16.21875,16.3125,-11.6,40.0,0.0,144.0
16.31904,0x316,0.0,0.0,1.0,6.25,1.12,-0.32,16.28125,16.34375,16.21875,16.3125,-11.6,40.0,0.0,144.0
16.31952,0x386,0.0,0.0,1.0,6.25,1.12,-0.32,16.3125,16.5625,16.375,15.96875,-11.6,40.0,0.0,144.0
16.32482,0x220,0.0,0.0,1.0,6.25,1.22,-0.38,16.3125,16.5625,16.375,15.96875,-11.6,40.0,0.0,144.0
16.32726,0x2B0,0.0,0.0,1.0,6.25,1.22,-0.38,16.3125,16.5625,16.375,15.96875,-11.1,44.0,0.0,144.0
16.3287,0x316,0.0,0.0,1.0,6.25,1.22,-0.38,16.3125,16.5625,16.375,15.96875,-11.1,44.0,0.0,144.0
16.33477,0x220,0.0,0.0,1.0,6.25,1.32,-0.19,16.3125,16.5625,16.375,15.96875,-11.1,44.0,0.0,144.0
16.33724,0x2B0,0.0,0.0,1.0,6.25,1.32,-0.19,16.3125,16.5625,16.375,15.96875,-10.6,48.0,0.0,144.0
16.33904,0x316,0.0,0.0,1.0,6.25,1.32,-0.19,16.3125,16.5625,16.375,15.96875,-10.6,48.0,0.0,143.0
16.33952,0x386,0.0,0.0,1.0,6.25,1.32,-0.19,16.3125,16.46875,16.40625,15.78125,-10.6,48.0,0.0,143.0
16.34482,0x220,0.0,0.0,1.0,6.25,1.41,0.06,16.3125,16.46875,16.40625,15.78125,-10.6,48.0,0.0,143.0
16.34722,0x2B0,0.0,0.0,1.0,6.25,1.41,0.06,16.3125,16.46875,16.40625,15.78125,-10.2,44.0,0.0,143.0
16.34905,0x316,0.0,0.0,1.0,6.25,1.41,0.06,16.3125,16.46875,16.40625,15.78125,-10.2,44.0,0.0,143.0
16.35479,0x220,0.0,0.0,1.0,6.25,1.44,0.22,16.3125,16.46875,16.40625,15.78125,-10.2,44.0,0.0,143.0
16.3572,0x2B0,0.0,0.0,1.0,6.25,1.44,0.22,16.3125,16.46875,16.40625,15.78125,-9.7,44.0,0.0,143.0
16.3588,0x316,0.0,0.0,1.0,6.25,1.44,0.22,16.3125,16.46875,16.40625,15.78125,-9.7,44.0,0.0,143.0
16.35952,0x386,0.0,0.0,1.0,6.25,1.44,0.22,16.46875,16.40625,16.09375,16.15625,-9.7,44.0,0.0,143.0
16.36482,0x220,0.0,0.0,1.0,6.25,1.37,0.12,16.46875,16.40625,16.09375,16.15625,-9.7,44.0,0.0,143.0
16.36722,0x2B0,0.0,0.0,1.0,6.25,1.37,0.12,16.46875,16.40625,16.09375,16.15625,-9.2,48.0,0.0,143.0
16.36905,0x316,0.0,0.0,1.0,6.25,1.37,0.12,16.46875,16.40625,16.09375,16.15625,-9.2,48.0,0.0,143.0
16.37476,0x220,0.0,0.0,1.0,6.25,1.18,-0.08,16.46875,16.40625,16.09375,16.15625,-9.2,48.0,0.0,143.0
16.37722,0x2B0,0.0,0.0,1.0,6.25,1.18,-0.08,16.46875,16.40625,16.09375,16.15625,-8.8,44.0,0.0,143.0
16.37906,0x316,0.0,0.0,1.0,6.25,1.18,-0.08,16.46875,16.40625,16.09375,16.15625,-8.8,44.0,0.0,143.0
16.37954,0x386,0.0,0.0,1.0,6.25,1.18,-0.08,16.5,16.46875,15.96875,16.09375,-8.8,44.0,0.0,143.0
16.38482,0x220,0.0,0.0,1.0,6.25,0.83,-0.21,16.5,16.46875,15.96875,16.09375,-8.8,44.0,0.0,143.0
16.38722,0x2B0,0.0,0.0,1.0,6.25,0.83,-0.21,16.5,16.46875,15.96875,16.09375,-8.3,44.0,0.0,143.0
16.38872,0x316,0.0,0.0,1.0,6.25,0.83,-0.21,16.5,16.46875,15.96875,16.09375,-8.3,44.0,0.0,143.0
16.39478,0x220,0.0,0.0,1.0,6.25,0.42,-0.03,16.5,16.46875,15.96875,16.09375,-8.3,44.0,0.0,143.0
16.39723,0x2B0,0.0,0.0,1.0,6.25,0.42,-0.03,16.5,16.46875,15.96875,16.09375,-7.8,48.0,0.0,143.0
16.39882,0x316,0.0,0.0,1.0,6.25,0.42,-0.03,16.5,16.46875,15.96875,16.09375,-7.8,48.0,0.0,143.0
16.39954,0x386,0.0,0.0,1.0,6.25,0.42,-0.03,16.5,16.53125,16.0,15.6875,-7.8,48.0,0.0,143.0
16.40481,0x220,0.0,0.0,1.0,6.25,0.11,0.29,16.5,16.53125,16.0,15.6875,-7.8,48.0,0.0,143.0
16.40723,0x2B0,0.0,0.0,1.0,6.25,0.11,0.29,16.5,16.53125,16.0,15.6875,-7.3,48.0,0.0,143.0
16.40871,0x316,0.0,0.0,1.0,6.25,0.11,0.29,16.5,16.53125,16.0,15.6875,-7.3,48.0,0.0,143.0
16.41477,0x220,0.0,0.0,1.0,6.25,0.03,0.63,16.5,16.53125,16.0,15.6875,-7.3,48.0,0.0,143.0
16.41719,0x2B0,0.0,0.0,1.0,6.25,0.03,0.63,16.5,16.53125,16.0,15.6875,-6.7,52.0,0.0,143.0
16.4188,0x316,0.0,0.0,1.0,6.25,0.03,0.63,16.5,16.53125,16.0,15.6875,-6.7,52.0,0.0,143.0
16.41951,0x386,0.0,0.0,1.0,6.25,0.03,0.63,16.59375,16.625,16.0,15.6875,-6.7,52.0,0.0,143.0
16.42482,0x220,0.0,0.0,1.0,6.25,0.23,0.82,16.59375,16.625,16.0,15.6875,-6.7,52.0,0.0,143.0
16.42724,0x2B0,0.0,0.0,1.0,6.25,0.23,0.82,16.59375,16.625,16.0,15.6875,-6.2,52.0,0.0,143.0
16.42872,0x316,0.0,0.0,1.0,6.25,0.23,0.82,16.59375,16.625,16.0,15.6875,-6.2,52.0,0.0,144.0
16.43479,0x220,0.0,0.0,1.0,6.25,0.63,0.71,16.59375,16.625,16.0,15.6875,-6.2,52.0,0.0,144.0
16.43726,0x2B0,0.0,0.0,1.0,6.25,0.63,0.71,16.59375,16.625,16.0,15.6875,-5.8,44.0,0.0,144.0
16.43907,0x316,0.0,0.0,1.0,6.25,0.63,0.71,16.59375,16.625,16.0,15.6875,-5.8,44.0,0.0,143.0
16.43955,0x386,0.0,0.0,1.0,6.25,0.63,0.71,16.53125,16.65625,15.96875,15.78125,-5.8,44.0,0.0,143.0
16.44482,0x220,0.0,0.0,1.0,6.25,0.96,0.48,16.53125,16.65625,15.96875,15.78125,-5.8,44.0,0.0,143.0
16.44725,0x2B0,0.0,0.0,1.0,6.25,0.96,0.48,16.53125,16.65625,15.96875,15.78125,-5.2,48.0,0.0,143.0
16.44907,0x316,0.0,0.0,1.0,6.25,0.96,0.48,16.53125,16.65625,15.96875,15.78125,-5.2,48.0,0.0,143.0
16.45477,0x220,0.0,0.0,1.0,6.25,1.01,0.35,16.53125,16.65625,15.96875,15.78125,-5.2,48.0,0.0,143.0
16.45724,0x2B0,0.0,0.0,1.0,6.25,1.01,0.35,16.53125,16.65625,15.96875,15.78125,-4.7,52.0,0.0,143.0
16.45879,0x316,0.0,0.0,1.0,6.25,1.01,0.35,16.53125,16.65625,15.96875,15.78125,-4.7,52.0,0.0,143.0
16.4595,0x386,0.0,0.0,1.0,6.25,1.01,0.35,16.5625,16.4375,16.40625,15.78125,-4.7,52.0,0.0,143.0
16.46482,0x220,0.0,0.0,1.0,6.25,0.79,0.43,16.5625,16.4375,16.40625,15.78125,-4.7,52.0,0.0,143.0
16.46722,0x2B0,0.0,0.0,1.0,6.25,0.79,0.43,16.5625,16.4375,16.40625,15.78125,-4.2,48.0,0.0,143.0
16.46907,0x316,0.0,0.0,1.0,6.25,0.79,0.43,16.5625,16.4375,16.40625,15.78125,-4.2,48.0,0.0,143.0
16.47479,0x220,0.0,0.0,1.0,6.25,0.5,0.55,16.5625,16.4375,16.40625,15.78125,-4.2,48.0,0.0,143.0
16.47722,0x2B0,0.0,0.0,1.0,6.25,0.5,0.55,16.5625,16.4375,16.40625,15.78125,-3.7,48.0,0.0,143.0
16.47908,0x316,0.0,0.0,1.0,6.25,0.5,0.55,16.5625,16.4375,16.40625,15.78125,-3.7,48.0,0.0,143.0
16.47956,0x386,0.0,0.0,1.0,6.25,0.5,0.55,16.53125,16.375,16.1875,16.0,-3.7,48.0,0.0,143.0
16.48482,0x220,0.0,0.0,1.0,6.25,0.27,0.49,16.53125,16.375,16.1875,16.0,-3.7,48.0,0.0,143.0
16.48722,0x2B0,0.0,0.0,1.0,6.25,0.27,0.49,16.53125,16.375,16.1875,16.0,-3.3,44.0,0.0,143.0
16.4887,0x316,0.0,0.0,1.0,6.25,0.27,0.49,16.53125,16.375,16.1875,16.0,-3.3,44.0,0.0,143.0
16.49479,0x220,0.0,0.0,1.0,6.25,0.11,0.31,16.53125,16.375,16.1875,16.0,-3.3,44.0,0.0,143.0
16.49726,0x2B0,0.0,0.0,1.0,6.25,0.11,0.31,16.53125,16.375,16.1875,16.0,-2.9,40.0,0.0,143.0
16.4988,0x316,0.0,0.0,1.0,6.25,0.11,0.31,16.53125,16.375,16.1875,16.0,-2.9,40.0,0.0,142.0
16.49951,0x386,0.0,0.0,1.0,6.25,0.11,0.31,16.3125,16.34375,15.90625,16.84375,-2.9,40.0,0.0,142.0
16.50482,0x220,0.0,0.0,1.0,6.25,0.1,0.3,16.3125,16.34375,15.90625,16.84375,-2.9,40.0,0.0,142.0
16.50724,0x2B0,0.0,0.0,1.0,6.25,0.1,0.3,16.3125,16.34375,15.90625,16.84375,-2.6,32.0,0.0,142.0
16.50869,0x316,0.0,0.0,1.0,6.25,0.1,0.3,16.3125,16.34375,15.90625,16.84375,-2.6,32.0,0.0,142.0
16.51477,0x220,0.0,0.0,1.0,6.25,0.25,0.57,16.3125,16.34375,15.90625,16.84375,-2.6,32.0,0.0,142.0
16.51722,0x2B0,0.0,0.0,1.0,6.25,0.25,0.57,16.3125,16.34375,15.90625,16.84375,-2.2,32.0,0.0,142.0
16.51883,0x316,0.0,0.0,1.0,6.25,0.25,0.57,16.3125,16.34375,15.90625,16.84375,-2.2,32.0,0.0,142.0
16.51955,0x386,0.0,0.0,1.0,6.25,0.25,0.57,16.46875,16.375,16.34375,16.375,-2.2,32.0,0.0,142.0
16.52482,0x220,0.0,0.0,1.0,6.25,0.53,0.98,16.46875,16.375,16.34375,16.375,-2.2,32.0,0.0,142.0
16.5272,0x2B0,0.0,0.0,1.0,6.25,0.53,0.98,16.46875,16.375,16.34375,16.375,-1.9,32.0,0.0,142.0
16.52874,0x316,0.0,0.0,1.0,6.25,0.53,0.98,16.46875,16.375,16.34375,16.375,-1.9,32.0,0.0,142.0
16.53479,0x220,0.0,0.0,1.0,6.25,0.86,1.28,16.46875,16.375,16.34375,16.375,-1.9,32.0,0.0,142.0
16.53724,0x2B0,0.0,0.0,1.0,6.25,0.86,1.28,16.46875,16.375,16.34375,16.375,-1.6,28.0,0.0,142.0
16.5391,0x316,0.0,0.0,1.0,6.25,0.86,1.28,16.46875,16.375,16.34375,16.375,-1.6,28.0,0.0,142.0
16.53957,0x386,0.0,0.0,1.0,6.25,0.86,1.28,16.40625,16.3125,16.53125,16.5625,-1.6,28.0,0.0,142.0
16.54483,0x220,0.0,0.0,1.0,6.25,1.16,1.23,16.40625,16.3125,16.53125,16.5625,-1.6,28.0,0.0,142.0
16.54723,0x2B0,0.0,0.0,1.0,6.25,1.16,1.23,16.40625,16.3125,16.53125,16.5625,-1.4,24.0,0.0,142.0
16.54885,0x316,0.0,0.0,1.0,6.25,1.16,1.23,16.40625,16.3125,16.53125,16.5625,-1.4,24.0,0.0,142.0
16.55479,0x220,0.0,0.0,1.0,6.25,1.31,0.96,16.40625,16.3125,16.53125,16.5625,-1.4,24.0,0.0,142.0
16.55722,0x2B0,0.0,0.0,1.0,6.25,1.31,0.96,16.40625,16.3125,16.53125,16.5625,-1.2,20.0,0.0,142.0
16.55879,0x316,0.0,0.0,1.0,6.25,1.31,0.96,16.40625,16.3125,16.53125,16.5625,-1.2,20.0,0.0,142.0
16.55951,0x386,0.0,0.0,1.0,6.25,1.31,0.96,16.25,16.40625,16.3125,17.125,-1.2,20.0,0.0,142.0
16.56482,0x220,0.0,0.0,1.0,6.25,1.29,0.71,16.25,16.40625,16.3125,17.125,-1.2,20.0,0.0,142.0
16.56726,0x2B0,0.0,0.0,1.0,6.25,1.29,0.71,16.25,16.40625,16.3125,17.125,-1.2,8.0,0.0,142.0
16.56911,0x316,0.0,0.0,1.0,6.25,1.29,0.71,16.25,16.40625,16.3125,17.125,-1.2,8.0,0.0,142.0
16.57476,0x220,0.0,0.0,1.0,6.25,1.23,0.68,16.25,16.40625,16.3125,17.125,-1.2,8.0,0.0,142.0
16.57721,0x2B0,0.0,0.0,1.0,6.25,1.23,0.68,16.25,16.40625,16.3125,17.125,-0.9,12.0,0.0,142.0
16.5788,0x316,0.0,0.0,1.0,6.25,1.23,0.68,16.25,16.40625,16.3125,17.125,-0.9,12.0,0.0,142.0
16.57951,0x386,0.0,0.0,1.0,6.25,1.23,0.68,16.28125,16.34375,16.59375,16.90625,-0.9,12.0,0.0,142.0
16.58482,0x220,0.0,0.0,1.0,6.25,1.28,0.83,16.28125,16.34375,16.59375,16.90625,-0.9,12.0,0.0,142.0
16.58727,0x2B0,0.0,0.0,1.0,6.25,1.28,0.83,16.28125,16.34375,16.59375,16.90625,-0.9,12.0,0.0,142.0
16.5887,0x316,0.0,0.0,1.0,6.25,1.28,0.83,16.28125,16.34375,16.59375,16.90625,-0.9,12.0,0.0,142.0
16.59479,0x220,0.0,0.0,1.0,6.25,1.51,0.84,16.28125,16.34375,16.59375,16.90625,-0.9,12.0,0.0,142.0
16.59721,0x2B0,0.0,0.0,1.0,6.25,1.51,0.84,16.28125,16.34375,16.59375,16.90625,-0.8,0.0,0.0,142.0
16.59879,0x316,0.0,0.0,1.0,6.25,1.51,0.84,16.28125,16.34375,16.59375,16.90625,-0.8,0.0,0.0,142.0
16.5995,0x386,0.0,0.0,1.0,6.25,1.51,0.84,16.46875,16.4375,16.75,16.40625,-0.8,0.0,0.0,142.0
16.60482,0x220,0.0,0.0,1.0,6.25,1.86,0.58,16.46875,16.4375,16.75,16.40625,-0.8,0.0,0.0,142.0
16.60721,0x2B0,0.0,0.0,1.0,6.25,1.86,0.58,16.46875,16.4375,16.75,16.40625,-0.6,12.0,0.0,142.0
16.60874,0x316,0.0,0.0,1.0,6.25,1.86,0.58,16.46875,16.4375,16.75,16.40625,-0.6,12.0,0.0,142.0
16.61477,0x220,0.0,0.0,1.0,6.25,2.18,0.3,16.46875,16.4375,16.75,16.40625,-0.6,12.0,0.0,142.0
16.61726,0x2B0,0.0,0.0,1.0,6.25,2.18,0.3,16.46875,16.4375,16.75,16.40625,-0.6,8.0,0.0,142.0
16.61876,0x316,0.0,0.0,1.0,6.25,2.18,0.3,16.46875,16.4375,16.75,16.40625,-0.6,8.0,0.0,142.0
16.61948,0x386,0.0,0.0,1.0,6.25,2.18,0.3,16.5625,16.40625,16.1875,16.25,-0.6,8.0,0.0,142.0
16.62483,0x220,0.0,0.0,1.0,6.25,2.47,0.16,16.5625,16.40625,16.1875,16.25,-0.6,8.0,0.0,142.0
16.6272,0x2B0,0.0,0.0,1.0,6.25,2.47,0.16,16.5625,16.40625,16.1875,16.25,-0.5,0.0,0.0,142.0
16.62869,0x316,0.0,0.0,1.0,6.25,2.47,0.16,16.5625,16.40625,16.1875,16.25,-0.5,0.0,0.0,142.0
16.63477,0x220,0.0,0.0,1.0,6.25,2.85,0.05,16.5625,16.40625,16.1875,16.25,-0.5,0.0,0.0,142.0
16.63716,0x2B0,0.0,0.0,1.0,6.25,2.85,0.05,16.5625,16.40625,16.1875,16.25,-0.5,0.0,0.0,142.0
16.63913,0x316,0.0,0.0,1.0,6.25,2.85,0.05,16.5625,16.40625,16.1875,16.25,-0.5,0.0,0.0,142.0
16.6396,0x386,0.0,0.0,1.0,6.25,2.85,0.05,16.53125,16.71875,16.03125,16.0625,-0.5,0.0,0.0,142.0
16.64483,0x220,0.0,0.0,1.0,6.25,3.19,-0.1,16.53125,16.71875,16.03125,16.0625,-0.5,0.0,0.0,142.0
16.64716,0x2B0,0.0,0.0,1.0,6.25,3.19,-0.1,16.53125,16.71875,16.03125,16.0625,-0.5,0.0,0.0,142.0
16.64886,0x316,0.0,0.0,1.0,6.25,3.19,-0.1,16.53125,16.71875,16.03125,16.0625,-0.5,0.0,0.0,142.0
16.65479,0x220,0.0,0.0,1.0,6.25,3.44,-0.36,16.53125,16.71875,16.03125,16.0625,-0.5,0.0,0.0,142.0
16.65724,0x2B0,0.0,0.0,1.0,6.25,3.44,-0.36,16.53125,16.71875,16.03125,16.0625,-0.5,0.0,0.0,142.0
16.65877,0x316,0.0,0.0,1.0,6.25,3.44,-0.36,16.53125,16.71875,16.03125,16.0625,-0.5,0.0,0.0,142.0
16.65949,0x386,0.0,0.0,1.0,6.25,3.44,-0.36,16.59375,16.53125,16.15625,15.8125,-0.5,0.0,0.0,142.0
16.66482,0x220,0.0,0.0,1.0,6.25,3.6,-0.51,16.59375,16.53125,16.15625,15.8125,-0.5,0.0,0.0,142.0
16.66725,0x2B0,0.0,0.0,1.0,6.25,3.6,-0.51,16.59375,16.53125,16.15625,15.8125,-0.5,0.0,0.0,142.0
16.66883,0x316,0.0,0.0,1.0,6.25,3.6,-0.51,16.59375,16.53125,16.15625,15.8125,-0.5,0.0,0.0,142.0
16.6748,0x220,0.0,0.0,1.0,6.25,3.55,-0.55,16.59375,16.53125,16.15625,15.8125,-0.5,0.0,0.0,142.0
16.67716,0x2B0,0.0,0.0,1.0,6.25,3.55,-0.55,16.59375,16.53125,16.15625,15.8125,-0.5,0.0,0.0,142.0
16.67888,0x316,0.0,0.0,1.0,6.25,3.55,-0.55,16.59375,16.53125,16.15625,15.8125,-0.5,0.0,0.0,141.0
16.67959,0x386,0.0,0.0,1.0,6.25,3.55,-0.55,16.59375,16.5625,15.96875,15.84375,-0.5,0.0,0.0,141.0
16.68483,0x220,0.0,0.0,1.0,6.25,3.21,-0.58,16.59375,16.5625,15.96875,15.84375,-0.5,0.0,0.0,141.0
16.68715,0x2B0,0.0,0.0,1.0,6.25,3.21,-0.58,16.59375,16.5625,15.96875,15.84375,-0.5,0.0,0.0,141.0
16.68872,0x316,0.0,0.0,1.0,6.25,3.21,-0.58,16.59375,16.5625,15.96875,15.84375,-0.5,0.0,0.0,141.0
16.69477,0x220,0.0,0.0,1.0,6.25,2.64,-0.67,16.59375,16.5625,15.96875,15.84375,-0.5,0.0,0.0,141.0
16.69717,0x2B0,0.0,0.0,1.0,6.25,2.64,-0.67,16.59375,16.5625,15.96875,15.84375,-0.5,0.0,0.0,141.0
16.69877,0x316,0.0,0.0,1.0,6.25,2.64,-0.67,16.59375,16.5625,15.96875,15.84375,-0.5,0.0,0.0,141.0
16.69948,0x386,0.0,0.0,1.0,6.25,2.64,-0.67,16.40625,16.65625,15.53125,16.1875,-0.5,0.0,0.0,141.0
16.70482,0x220,0.0,0.0,1.0,6.25,2.04,-0.75,16.40625,16.65625,15.53125,16.1875,-0.5,0.0,0.0,141.0
16.70716,0x2B0,0.0,0.0,1.0,6.25,2.04,-0.75,16.40625,16.65625,15.53125,16.1875,-0.5,0.0,0.0,141.0
16.7087,0x316,0.0,0.0,1.0,6.25,2.04,-0.75,16.40625,16.65625,15.53125,16.1875,-0.5,0.0,0.0,140.0
16.71479,0x220,0.0,0.0,1.0,6.25,1.72,-0.53,16.40625,16.65625,15.53125,16.1875,-0.5,0.0,0.0,140.0
16.71716,0x2B0,0.0,0.0,1.0,6.25,1.72,-0.53,16.40625,16.65625,15.53125,16.1875,-0.5,0.0,0.0,140.0
16.71881,0x316,0.0,0.0,1.0,6.25,1.72,-0.53,16.40625,16.65625,15.53125,16.1875,-0.5,0.0,0.0,140.0
16.71953,0x386,0.0,0.0,1.0,6.25,1.72,-0.53,16.5625,16.5625,15.8125,16.5625,-0.5,0.0,0.0,140.0
16.72483,0x220,0.0,0.0,1.0,6.25,1.79,-0.15,16.5625,16.5625,15.8125,16.5625,-0.5,0.0,0.0,140.0
16.72716,0x2B0,0.0,0.0,1.0,6.25,1.79,-0.15,16.5625,16.5625,15.8125,16.5625,-0.5,0.0,0.0,140.0
16.72872,0x316,0.0,0.0,1.0,6.25,1.79,-0.15,16.5625,16.5625,15.8125,16.5625,-0.5,0.0,0.0,140.0
16.73478,0x220,0.0,0.0,1.0,6.25,2.17,0.08,16.5625,16.5625,15.8125,16.5625,-0.5,0.0,0.0,140.0
16.73716,0x2B0,0.0,0.0,1.0,6.25,2.17,0.08,16.5625,16.5625,15.8125,16.5625,-0.5,0.0,0.0,140.0
16.73891,0x316,0.0,0.0,1.0,6.25,2.17,0.08,16.5625,16.5625,15.8125,16.5625,-0.5,0.0,0.0,140.0
16.73962,0x386,0.0,0.0,1.0,6.25,2.17,0.08,16.53125,16.6875,16.53125,16.65625,-0.5,0.0,0.0,140.0
16.74484,0x220,0.0,0.0,1.0,6.25,2.49,0.13,16.53125,16.6875,16.53125,16.65625,-0.5,0.0,0.0,140.0
16.74715,0x2B0,0.0,0.0,1.0,6.25,2.49,0.13,16.53125,16.6875,16.53125,16.65625,-0.5,0.0,0.0,140.0
16.74882,0x316,0.0,0.0,1.0,6.25,2.49,0.13,16.53125,16.6875,16.53125,16.65625,-0.5,0.0,0.0,140.0
16.75478,0x220,0.0,0.0,1.0,6.25,2.52,0.25,16.53125,16.6875,16.53125,16.65625,-0.5,0.0,0.0,140.0
16.75716,0x2B0,0.0,0.0,1.0,6.25,2.52,0.25,16.53125,16.6875,16.53125,16.65625,-0.5,0.0,0.0,140.0
16.75876,0x316,0.0,0.0,1.0,6.25,2.52,0.25,16.53125,16.6875,16.53125,16.65625,-0.5,0.0,0.0,139.0
16.75948,0x386,0.0,0.0,1.0,6.25,2.52,0.25,16.5,16.59375,16.4375,16.71875,-0.5,0.0,0.0,139.0
16.76483,0x220,0.0,0.0,1.0,6.25,2.28,0.49,16.5,16.59375,16.4375,16.71875,-0.5,0.0,0.0,139.0
16.76716,0x2B0,0.0,0.0,1.0,6.25,2.28,0.49,16.5,16.59375,16.4375,16.71875,-0.5,0.0,0.0,139.0
16.76916,0x316,0.0,0.0,1.0,6.25,2.28,0.49,16.5,16.59375,16.4375,16.71875,-0.5,0.0,0.0,139.0
16.7748,0x220,0.0,0.0,1.0,6.25,1.92,0.75,16.5,16.59375,16.4375,16.71875,-0.5,0.0,0.0,139.0
16.77716,0x2B0,0.0,0.0,1.0,6.25,1.92,0.75,16.5,16.59375,16.4375,16.71875,-0.5,0.0,0.0,139.0
16.7788,0x316,0.0,0.0,1.0,6.25,1.92,0.75,16.5,16.59375,16.4375,16.71875,-0.5,0.0,0.0,139.0
16.77951,0x386,0.0,0.0,1.0,6.25,1.92,0.75,16.5,16.75,16.59375,16.4375,-0.5,0.0,0.0,139.0
16.78483,0x220,0.0,0.0,1.0,6.25,1.68,0.79,16.5,16.75,16.59375,16.4375,-0.5,0.0,0.0,139.0
16.78717,0x2B0,0.0,0.0,1.0,6.25,1.68,0.79,16.5,16.75,16.59375,16.4375,-0.5,0.0,0.0,139.0
16.78874,0x316,0.0,0.0,1.0,6.25,1.68,0.79,16.5,16.75,16.59375,16.4375,-0.5,0.0,0.0,139.0
16.7948,0x220,0.0,0.0,1.0,6.25,1.64,0.53,16.5,16.75,16.59375,16.4375,-0.5,0.0,0.0,139.0
16.79722,0x2B0,0.0,0.0,1.0,6.25,1.64,0.53,16.5,16.75,16.59375,16.4375,-0.5,0.0,0.0,139.0
16.79876,0x316,0.0,0.0,1.0,6.25,1.64,0.53,16.5,16.75,16.59375,16.4375,-0.5,0.0,0.0,139.0
16.79947,0x386,0.0,0.0,1.0,6.25,1.64,0.53,16.6875,16.71875,16.28125,16.6875,-0.5,0.0,0.0,139.0
16.80483,0x220,0.0,0.0,1.0,6.25,1.69,0.18,16.6875,16.71875,16.28125,16.6875,-0.5,0.0,0.0,139.0
16.80723,0x2B0,0.0,0.0,1.0,6.25,1.69,0.18,16.6875,16.71875,16.28125,16.6875,-0.5,0.0,0.0,139.0
16.80876,0x316,0.0,0.0,1.0,6.25,1.69,0.18,16.6875,16.71875,16.28125,16.6875,-0.5,0.0,0.0,139.0
16.8148,0x220,0.0,0.0,1.0,6.25,1.74,0.11,16.6875,16.71875,16.28125,16.6875,-0.5,0.0,0.0,139.0
16.81722,0x2B0,0.0,0.0,1.0,6.25,1.74,0.11,16.6875,16.71875,16.28125,16.6875,-0.5,0.0,0.0,139.0
16.81876,0x316,0.0,0.0,1.0,6.25,1.74,0.11,16.6875,16.71875,16.28125,16.6875,-0.5,0.0,0.0,139.0
16.81947,0x386,0.0,0.0,1.0,6.25,1.74,0.11,16.65625,16.6875,16.03125,16.59375,-0.5,0.0,0.0,139.0
16.82482,0x220,0.0,0.0,1.0,6.25,1.69,0.34,16.65625,16.6875,16.03125,16.59375,-0.5,0.0,0.0,139.0
16.82716,0x2B0,0.0,0.0,1.0,6.25,1.69,0.34,16.65625,16.6875,16.03125,16.59375,-0.5,0.0,0.0,139.0
16.82874,0x316,0.0,0.0,1.0,6.25,1.69,0.34,16.65625,16.6875,16.03125,16.59375,-0.5,0.0,0.0,139.0
16.8348,0x220,0.0,0.0,1.0,6.25,1.59,0.49,16.65625,16.6875,16.03125,16.59375,-0.5,0.0,0.0,139.0
16.83716,0x2B0,0.0,0.0,1.0,6.25,1.59,0.49,16.65625,16.6875,16.03125,16.59375,-0.5,0.0,0.0,139.0
16.83888,0x316,0.0,0.0,1.0,6.25,1.59,0.49,16.65625,16.6875,16.03125,16.59375,-0.5,0.0,0.0,139.0
16.83959,0x386,0.0,0.0,1.0,6.25,1.59,0.49,16.6875,16.78125,16.34375,15.9375,-0.5,0.0,0.0,139.0
16.84483,0x220,0.0,0.0,1.0,6.25,1.52,0.51,16.6875,16.78125,16.34375,15.9375,-0.5,0.0,0.0,139.0
16.84716,0x2B0,0.0,0.0,1.0,6.25,1.52,0.51,16.6875,16.78125,16.34375,15.9375,-0.5,0.0,0.0,139.0
16.84892,0x316,0.0,0.0,1.0,6.25,1.52,0.51,16.6875,16.78125,16.34375,15.9375,-0.5,0.0,0.0,139.0
16.8548,0x220,0.0,0.0,1.0,6.25,1.64,0.48,16.6875,16.78125,16.34375,15.9375,-0.5,0.0,0.0,139.0
16.85716,0x2B0,0.0,0.0,1.0,6.25,1.64,0.48,16.6875,16.78125,16.34375,15.9375,-0.5,0.0,0.0,139.0
16.85874,0x316,0.0,0.0,1.0,6.25,1.64,0.48,16.6875,16.78125,16.34375,15.9375,-0.5,0.0,0.0,139.0
16.85946,0x386,0.0,0.0,1.0,6.25,1.64,0.48,16.6875,16.75,16.34375,15.8125,-0.5,0.0,0.0,139.0
16.86484,0x220,0.0,0.0,1.0,6.25,2.08,0.31,16.6875,16.75,16.34375,15.8125,-0.5,0.0,0.0,139.0
16.86716,0x2B0,0.0,0.0,1.0,6.25,2.08,0.31,16.6875,16.75,16.34375,15.8125,-0.5,0.0,0.0,139.0
16.8689,0x316,0.0,0.0,1.0,6.25,2.08,0.31,16.6875,16.75,16.34375,15.8125,-0.5,0.0,0.0,139.0
16.8748,0x220,0.0,0.0,1.0,6.25,2.66,-0.06,16.6875,16.75,16.34375,15.8125,-0.5,0.0,0.0,139.0
16.87715,0x2B0,0.0,0.0,1.0,6.25,2.66,-0.06,16.6875,16.75,16.34375,15.8125,-0.5,0.0,0.0,139.0
16.87879,0x316,0.0,0.0,1.0,6.25,2.66,-0.06,16.6875,16.75,16.34375,15.8125,-0.5,0.0,0.0,139.0
16.8795,0x386,0.0,0.0,1.0,6.25,2.66,-0.06,16.59375,16.75,16.09375,16.34375,-0.5,0.0,0.0,139.0
16.88484,0x220,0.0,0.0,1.0,6.25,3.01,-0.51,16.59375,16.75,16.09375,16.34375,-0.5,0.0,0.0,139.0
16.88715,0x2B0,0.0,0.0,1.0,6.25,3.01,-0.51,16.59375,16.75,16.09375,16.34375,-0.5,0.0,0.0,139.0
16.88876,0x316,0.0,0.0,1.0,6.25,3.01,-0.51,16.59375,16.75,16.09375,16.34375,-0.5,0.0,0.0,138.0
16.8948,0x220,0.0,0.0,1.0,6.25,2.89,-0.68,16.59375,16.75,16.09375,16.34375,-0.5,0.0,0.0,138.0
16.89721,0x2B0,0.0,0.0,1.0,6.25,2.89,-0.68,16.59375,16.75,16.09375,16.34375,-0.5,0.0,0.0,138.0
16.89875,0x316,0.0,0.0,1.0,6.25,2.89,-0.68,16.59375,16.75,16.09375,16.34375,-0.5,0.0,0.0,138.0
16.89946,0x386,0.0,0.0,1.0,6.25,2.89,-0.68,16.65625,16.46875,16.25,16.75,-0.5,0.0,0.0,138.0
16.90484,0x220,0.0,0.0,1.0,6.25,2.41,-0.49,16.65625,16.46875,16.25,16.75,-0.5,0.0,0.0,138.0
16.90716,0x2B0,0.0,0.0,1.0,6.25,2.41,-0.49,16.65625,16.46875,16.25,16.75,-0.4,0.0,0.0,138.0
16.90871,0x316,0.0,0.0,1.0,6.25,2.41,-0.49,16.65625,16.46875,16.25,16.75,-0.4,0.0,0.0,138.0
16.91481,0x220,0.0,0.0,1.0,6.25,1.76,-0.2,16.65625,16.46875,16.25,16.75,-0.4,0.0,0.0,138.0
16.91714,0x2B0,0.0,0.0,1.0,6.25,1.76,-0.2,16.65625,16.46875,16.25,16.75,-0.4,0.0,0.0,138.0
16.91877,0x316,0.0,0.0,1.0,6.25,1.76,-0.2,16.65625,16.46875,16.25,16.75,-0.4,0.0,0.0,138.0
16.91948,0x386,0.0,0.0,1.0,6.25,1.76,-0.2,16.5625,16.625,16.59375,16.5625,-0.4,0.0,0.0,138.0
16.92484,0x220,0.0,0.0,1.0,6.25,1.25,-0.08,16.5625,16.625,16.59375,16.5625,-0.4,0.0,0.0,138.0
16.92714,0x2B0,0.0,0.0,1.0,6.25,1.25,-0.08,16.5625,16.625,16.59375,16.5625,-0.4,0.0,0.0,138.0
16.92876,0x316,0.0,0.0,1.0,6.25,1.25,-0.08,16.5625,16.625,16.59375,16.5625,-0.4,0.0,0.0,138.0
16.93481,0x220,0.0,0.0,1.0,6.25,1.14,-0.16,16.5625,16.625,16.59375,16.5625,-0.4,0.0,0.0,138.0
16.93714,0x2B0,0.0,0.0,1.0,6.25,1.14,-0.16,16.5625,16.625,16.59375,16.5625,-0.4,0.0,0.0,138.0
16.93891,0x316,0.0,0.0,1.0,6.25,1.14,-0.16,16.5625,16.625,16.59375,16.5625,-0.4,0.0,0.0,138.0
16.93962,0x386,0.0,0.0,1.0,6.25,1.14,-0.16,16.4375,16.5625,16.46875,16.625,-0.4,0.0,0.0,138.0
16.94483,0x220,0.0,0.0,1.0,6.25,1.44,-0.23,16.4375,16.5625,16.46875,16.625,-0.4,0.0,0.0,138.0
16.94714,0x2B0,0.0,0.0,1.0,6.25,1.44,-0.23,16.4375,16.5625,16.46875,16.625,-0.4,0.0,0.0,138.0
16.94886,0x316,0.0,0.0,1.0,6.25,1.44,-0.23,16.4375,16.5625,16.46875,16.625,-0.4,0.0,0.0,138.0
16.9548,0x220,0.0,0.0,1.0,6.25,1.99,-0.16,16.4375,16.5625,16.46875,16.625,-0.4,0.0,0.0,138.0
16.95715,0x2B0,0.0,0.0,1.0,6.25,1.99,-0.16,16.4375,16.5625,16.46875,16.625,-0.4,0.0,0.0,138.0
16.95874,0x316,0.0,0.0,1.0,6.25,1.99,-0.16,16.4375,16.5625,16.46875,16.625,-0.4,0.0,0.0,139.0
16.95946,0x386,0.0,0.0,1.0,6.25,1.99,-0.16,16.6875,16.78125,16.46875,16.5625,-0.4,0.0,0.0,139.0
16.96482,0x220,0.0,0.0,1.0,6.25,2.54,-0.12,16.6875,16.78125,16.46875,16.5625,-0.4,0.0,0.0,139.0
16.96714,0x2B0,0.0,0.0,1.0,6.25,2.54,-0.12,16.6875,16.78125,16.46875,16.5625,-0.4,0.0,0.0,139.0
16.96922,0x316,0.0,0.0,1.0,6.25,2.54,-0.12,16.6875,16.78125,16.46875,16.5625,-0.4,0.0,0.0,140.0
16.9748,0x220,0.0,0.0,1.0,6.25,2.79,-0.23,16.6875,16.78125,16.46875,16.5625,-0.4,0.0,0.0,140.0
16.97714,0x2B0,0.0,0.0,1.0,6.25,2.79,-0.23,16.6875,16.78125,16.46875,16.5625,-0.4,0.0,0.0,140.0
16.97881,0x316,0.0,0.0,1.0,6.25,2.79,-0.23,16.6875,16.78125,16.46875,16.5625,-0.4,0.0,0.0,140.0
16.97953,0x386,0.0,0.0,1.0,6.25,2.79,-0.23,16.71875,16.6875,16.3125,16.71875,-0.4,0.0,0.0,140.0
16.98485,0x220,0.0,0.0,1.0,6.25,2.61,-0.37,16.71875,16.6875,16.3125,16.71875,-0.4,0.0,0.0,140.0
16.98714,0x2B0,0.0,0.0,1.0,6.25,2.61,-0.37,16.71875,16.6875,16.3125,16.71875,-0.4,0.0,0.0,140.0
16.98869,0x316,0.0,0.0,1.0,6.25,2.61,-0.37,16.71875,16.6875,16.3125,16.71875,-0.4,0.0,0.0,140.0
16.9948,0x220,0.0,0.0,1.0,6.25,2.11,-0.36,16.71875,16.6875,16.3125,16.71875,-0.4,0.0,0.0,140.0
16.99713,0x2B0,0.0,0.0,1.0,6.25,2.11,-0.36,16.71875,16.6875,16.3125,16.71875,-0.4,0.0,0.0,140.0
16.99874,0x316,0.0,0.0,1.0,6.25,2.11,-0.36,16.71875,16.6875,16.3125,16.71875,-0.4,0.0,0.0,140.0
16.99945,0x386,0.0,0.0,1.0,6.25,2.11,-0.36,16.8125,16.78125,16.25,16.625,-0.4,0.0,0.0,140.0
17.00483,0x220,0.0,0.0,1.0,6.25,1.68,-0.26,16.8125,16.78125,16.25,16.625,-0.4,0.0,0.0,140.0
17.00713,0x2B0,0.0,0.0,1.0,6.25,1.68,-0.26,16.8125,16.78125,16.25,16.625,-0.4,0.0,0.0,140.0
17.00873,0x316,0.0,0.0,1.0,6.25,1.68,-0.26,16.8125,16.78125,16.25,16.625,-0.4,0.0,0.0,140.0
17.0148,0x220,0.0,0.0,1.0,6.25,1.59,-0.22,16.8125,16.78125,16.25,16.625,-0.4,0.0,0.0,140.0
17.01713,0x2B0,0.0,0.0,1.0,6.25,1.59,-0.22,16.8125,16.78125,16.25,16.625,-0.4,0.0,0.0,140.0
17.0188,0x316,0.0,0.0,1.0,6.25,1.59,-0.22,16.8125,16.78125,16.25,16.625,-0.4,0.0,0.0,140.0
17.01952,0x386,0.0,0.0,1.0,6.25,1.59,-0.22,16.78125,16.8125,16.34375,16.21875,-0.4,0.0,0.0,140.0
17.02484,0x220,0.0,0.0,1.0,6.25,1.88,-0.29,16.78125,16.8125,16.34375,16.21875,-0.4,0.0,0.0,140.0
17.02713,0x2B0,0.0,0.0,1.0,6.25,1.88,-0.29,16.78125,16.8125,16.34375,16.21875,-0.4,0.0,0.0,140.0
17.02869,0x316,0.0,0.0,1.0,6.25,1.88,-0.29,16.78125,16.8125,16.34375,16.21875,-0.4,0.0,0.0,140.0
17.0348,0x220,0.0,0.0,1.0,6.25,2.47,-0.27,16.78125,16.8125,16.34375,16.21875,-0.4,0.0,0.0,140.0
17.03713,0x2B0,0.0,0.0,1.0,6.25,2.47,-0.27,16.78125,16.8125,16.34375,16.21875,-0.4,0.0,0.0,140.0
17.0389,0x316,0.0,0.0,1.0,6.25,2.47,-0.27,16.78125,16.8125,16.34375,16.21875,-0.4,0.0,0.0,140.0
17.03961,0x386,0.0,0.0,1.0,6.25,2.47,-0.27,16.6875,16.8125,16.28125,16.28125,-0.4,0.0,0.0,140.0
17.04483,0x220,0.0,0.0,1.0,6.25,3.08,-0.17,16.6875,16.8125,16.28125,16.28125,-0.4,0.0,0.0,140.0
17.04713,0x2B0,0.0,0.0,1.0,6.25,3.08,-0.17,16.6875,16.8125,16.28125,16.28125,-0.4,0.0,0.0,140.0
17.04888,0x316,0.0,0.0,1.0,6.25,3.08,-0.17,16.6875,16.8125,16.28125,16.28125,-0.4,0.0,0.0,139.0
17.05481,0x220,0.0,0.0,1.0,6.25,3.47,-0.14,16.6875,16.8125,16.28125,16.28125,-0.4,0.0,0.0,139.0
17.05713,0x2B0,0.0,0.0,1.0,6.25,3.47,-0.14,16.6875,16.8125,16.28125,16.28125,-0.4,0.0,0.0,139.0
17.05881,0x316,0.0,0.0,1.0,6.25,3.47,-0.14,16.6875,16.8125,16.28125,16.28125,-0.4,0.0,0.0,139.0
17.05952,0x386,0.0,0.0,1.0,6.25,3.47,-0.14,16.65625,16.75,16.375,16.8125,-0.4,0.0,0.0,139.0
17.06484,0x220,0.0,0.0,1.0,6.25,3.48,-0.26,16.65625,16.75,16.375,16.8125,-0.4,0.0,0.0,139.0
17.06714,0x2B0,0.0,0.0,1.0,6.25,3.48,-0.26,16.65625,16.75,16.375,16.8125,-0.4,0.0,0.0,139.0
17.06887,0x316,0.0,0.0,1.0,6.25,3.48,-0.26,16.65625,16.75,16.375,16.8125,-0.4,0.0,0.0,138.0
17.07482,0x220,0.0,0.0,1.0,6.25,3.22,-0.43,16.65625,16.75,16.375,16.8125,-0.4,0.0,0.0,138.0
17.07721,0x2B0,0.0,0.0,1.0,6.25,3.22,-0.43,16.65625,16.75,16.375,16.8125,-0.4,0.0,0.0,138.0
17.0788,0x316,0.0,0.0,1.0,6.25,3.22,-0.43,16.65625,16.75,16.375,16.8125,-0.4,0.0,0.0,138.0
17.0795,0x386,0.0,0.0,1.0,6.25,3.22,-0.43,16.6875,16.71875,16.625,17.0625,-0.4,0.0,0.0,138.0
17.08484,0x220,0.0,0.0,1.0,6.25,2.8,-0.63,16.6875,16.71875,16.625,17.0625,-0.4,0.0,0.0,138.0
17.08715,0x2B0,0.0,0.0,1.0,6.25,2.8,-0.63,16.6875,16.71875,16.625,17.0625,-0.3,0.0,0.0,138.0
17.08873,0x316,0.0,0.0,1.0,6.25,2.8,-0.63,16.6875,16.71875,16.625,17.0625,-0.3,0.0,0.0,137.0
17.09482,0x220,0.0,0.0,1.0,6.25,2.38,-0.8,16.6875,16.71875,16.625,17.0625,-0.3,0.0,0.0,137.0
17.09724,0x2B0,0.0,0.0,1.0,6.25,2.38,-0.8,16.6875,16.71875,16.625,17.0625,-0.3,0.0,0.0,137.0
17.09879,0x316,0.0,0.0,1.0,6.25,2.38,-0.8,16.6875,16.71875,16.625,17.0625,-0.3,0.0,0.0,137.0
17.09949,0x386,0.0,0.0,1.0,6.25,2.38,-0.8,16.6875,16.75,16.59375,17.03125,-0.3,0.0,0.0,137.0
17.10484,0x220,0.0,0.0,1.0,6.25,2.11,-0.77,16.6875,16.75,16.59375,17.03125,-0.3,0.0,0.0,137.0
17.10722,0x2B0,0.0,0.0,1.0,6.25,2.11,-0.77,16.6875,16.75,16.59375,17.03125,-0.3,0.0,0.0,137.0
17.10869,0x316,0.0,0.0,1.0,6.25,2.11,-0.77,16.6875,16.75,16.59375,17.03125,-0.3,0.0,0.0,137.0
17.11479,0x220,0.0,0.0,1.0,6.25,2.08,-0.49,16.6875,16.75,16.59375,17.03125,-0.3,0.0,0.0,137.0
17.11718,0x2B0,0.0,0.0,1.0,6.25,2.08,-0.49,16.6875,16.75,16.59375,17.03125,-0.1,8.0,0.0,137.0
17.11879,0x316,0.0,0.0,1.0,6.25,2.08,-0.49,16.6875,16.75,16.59375,17.03125,-0.1,8.0,0.0,137.0
17.11976,0x386,0.0,0.0,1.0,6.25,2.08,-0.49,16.78125,16.84375,16.84375,16.78125,-0.1,8.0,0.0,137.0
17.12484,0x220,0.0,0.0,1.0,6.25,2.22,-0.14,16.78125,16.84375,16.84375,16.78125,-0.1,8.0,0.0,137.0
17.12717,0x2B0,0.0,0.0,1.0,6.25,2.22,-0.14,16.78125,16.84375,16.84375,16.78125,-0.1,8.0,0.0,137.0
17.12871,0x316,0.0,0.0,1.0,6.25,2.22,-0.14,16.78125,16.84375,16.84375,16.78125,-0.1,8.0,0.0,138.0
17.13482,0x220,0.0,0.0,1.0,6.25,2.45,-0.04,16.78125,16.84375,16.84375,16.78125,-0.1,8.0,0.0,138.0
17.13719,0x2B0,0.0,0.0,1.0,6.25,2.45,-0.04,16.78125,16.84375,16.84375,16.78125,0.1,8.0,0.0,138.0
17.13895,0x316,0.0,0.0,1.0,6.25,2.45,-0.04,16.78125,16.84375,16.84375,16.78125,0.1,8.0,0.0,138.0
17.13966,0x386,0.0,0.0,1.0,6.25,2.45,-0.04,16.90625,17.0625,16.6875,16.53125,0.1,8.0,0.0,138.0
17.14484,0x220,0.0,0.0,1.0,6.25,2.64,-0.21,16.90625,17.0625,16.6875,16.53125,0.1,8.0,0.0,138.0
17.14725,0x2B0,0.0,0.0,1.0,6.25,2.64,-0.21,16.90625,17.0625,16.6875,16.53125,0.2,12.0,0.0,138.0
17.14885,0x316,0.0,0.0,1.0,6.25,2.64,-0.21,16.90625,17.0625,16.6875,16.53125,0.2,12.0,0.0,139.0
17.15481,0x220,0.0,0.0,1.0,6.25,2.73,-0.46,16.90625,17.0625,16.6875,16.53125,0.2,12.0,0.0,139.0
17.15723,0x2B0,0.0,0.0,1.0,6.25,2.73,-0.46,16.90625,17.0625,16.6875,16.53125,0.4,12.0,0.0,139.0
17.15874,0x316,0.0,0.0,1.0,6.25,2.73,-0.46,16.90625,17.0625,16.6875,16.53125,0.4,12.0,0.0,139.0
17.15945,0x386,0.0,0.0,1.0,6.25,2.73,-0.46,16.9375,17.0,16.625,16.8125,0.4,12.0,0.0,139.0
17.16484,0x220,0.0,0.0,1.0,6.25,2.69,-0.5,16.9375,17.0,16.625,16.8125,0.4,12.0,0.0,139.0
17.16724,0x2B0,0.0,0.0,1.0,6.25,2.69,-0.5,16.9375,17.0,16.625,16.8125,0.6,20.0,0.0,139.0
17.16887,0x316,0.0,0.0,1.0,6.25,2.69,-0.5,16.9375,17.0,16.625,16.8125,0.6,20.0,0.0,139.0
17.17481,0x220,0.0,0.0,1.0,6.25,2.6,-0.35,16.9375,17.0,16.625,16.8125,0.6,20.0,0.0,139.0
17.17744,0x2B0,0.0,0.0,1.0,6.25,2.6,-0.35,16.9375,17.0,16.625,16.8125,0.6,8.0,0.0,139.0
17.17883,0x316,0.0,0.0,1.0,6.25,2.6,-0.35,16.9375,17.0,16.625,16.8125,0.6,8.0,0.0,139.0
17.17954,0x386,0.0,0.0,1.0,6.25,2.6,-0.35,17.03125,17.125,16.8125,16.71875,0.6,8.0,0.0,139.0
17.18485,0x220,0.0,0.0,1.0,6.25,2.63,-0.19,17.03125,17.125,16.8125,16.71875,0.6,8.0,0.0,139.0
17.18722,0x2B0,0.0,0.0,1.0,6.25,2.63,-0.19,17.03125,17.125,16.8125,16.71875,0.8,8.0,0.0,139.0
17.18872,0x316,0.0,0.0,1.0,6.25,2.63,-0.19,17.03125,17.125,16.8125,16.71875,0.8,8.0,0.0,139.0
17.19481,0x220,0.0,0.0,1.0,6.25,2.68,-0.13,17.03125,17.125,16.8125,16.71875,0.8,8.0,0.0,139.0
17.19727,0x2B0,0.0,0.0,1.0,6.25,2.68,-0.13,17.03125,17.125,16.8125,16.71875,0.8,8.0,0.0,139.0
17.19874,0x316,0.0,0.0,1.0,6.25,2.68,-0.13,17.03125,17.125,16.8125,16.71875,0.8,8.0,0.0,138.0
17.19945,0x386,0.0,0.0,1.0,6.25,2.68,-0.13,16.875,17.15625,16.84375,16.9375,0.8,8.0,0.0,138.0
17.20484,0x220,0.0,0.0,1.0,6.25,2.71,-0.1,16.875,17.15625,16.84375,16.9375,0.8,8.0,0.0,138.0
17.2072,0x2B0,0.0,0.0,1.0,6.25,2.71,-0.1,16.875,17.15625,16.84375,16.9375,1.0,8.0,0.0,138.0
17.20871,0x316,0.0,0.0,1.0,6.25,2.71,-0.1,16.875,17.15625,16.84375,16.9375,1.0,8.0,0.0,138.0
17.21481,0x220,0.0,0.0,1.0,6.25,2.74,0.0,16.875,17.15625,16.84375,16.9375,1.0,8.0,0.0,138.0
17.2172,0x2B0,0.0,0.0,1.0,6.25,2.74,0.0,16.875,17.15625,16.84375,16.9375,1.0,8.0,0.0,138.0
17.21881,0x316,0.0,0.0,1.0,6.25,2.74,0.0,16.875,17.15625,16.84375,16.9375,1.0,8.0,0.0,137.0
17.21951,0x386,0.0,0.0,1.0,6.25,2.74,0.0,16.90625,17.03125,16.3125,16.875,1.0,8.0,0.0,137.0
17.22485,0x220,0.0,0.0,1.0,6.25,2.72,0.12,16.90625,17.03125,16.3125,16.875,1.0,8.0,0.0,137.0
17.22721,0x2B0,0.0,0.0,1.0,6.25,2.72,0.12,16.90625,17.03125,16.3125,16.875,1.2,8.0,0.0,137.0
17.22869,0x316,0.0,0.0,1.0,6.25,2.72,0.12,16.90625,17.03125,16.3125,16.875,1.2,8.0,0.0,137.0
17.23482,0x220,0.0,0.0,1.0,6.25,2.62,0.15,16.90625,17.03125,16.3125,16.875,1.2,8.0,0.0,137.0
17.23718,0x2B0,0.0,0.0,1.0,6.25,2.62,0.15,16.90625,17.03125,16.3125,16.875,1.2,8.0,0.0,137.0
17.23893,0x316,0.0,0.0,1.0,6.25,2.62,0.15,16.90625,17.03125,16.3125,16.875,1.2,8.0,0.0,137.0
17.23964,0x386,0.0,0.0,1.0,6.25,2.62,0.15,17.0,17.03125,16.25,16.3125,1.2,8.0,0.0,137.0
17.24484,0x220,0.0,0.0,1.0,6.25,2.43,0.16,17.0,17.03125,16.25,16.3125,1.2,8.0,0.0,137.0
17.24719,0x2B0,0.0,0.0,1.0,6.25,2.43,0.16,17.0,17.03125,16.25,16.3125,1.3,0.0,0.0,137.0
17.24883,0x316,0.0,0.0,1.0,6.25,2.43,0.16,17.0,17.03125,16.25,16.3125,1.3,0.0,0.0,137.0
17.25481,0x220,0.0,0.0,1.0,6.25,2.12,0.25,17.0,17.03125,16.25,16.3125,1.3,0.0,0.0,137.0
17.25719,0x2B0,0.0,0.0,1.0,6.25,2.12,0.25,17.0,17.03125,16.25,16.3125,1.3,0.0,0.0,137.0
17.25882,0x316,0.0,0.0,1.0,6.25,2.12,0.25,17.0,17.03125,16.25,16.3125,1.3,0.0,0.0,137.0
17.25953,0x386,0.0,0.0,1.0,6.25,2.12,0.25,16.9375,17.15625,16.65625,16.15625,1.3,0.0,0.0,137.0
17.26485,0x220,0.0,0.0,1.0,6.25,1.75,0.4,16.9375,17.15625,16.65625,16.15625,1.3,0.0,0.0,137.0
17.26719,0x2B0,0.0,0.0,1.0,6.25,1.75,0.4,16.9375,17.15625,16.65625,16.15625,1.4,0.0,0.0,137.0
17.26883,0x316,0.0,0.0,1.0,6.25,1.75,0.4,16.9375,17.15625,16.65625,16.15625,1.4,0.0,0.0,137.0
17.27481,0x220,0.0,0.0,1.0,6.25,1.46,0.56,16.9375,17.15625,16.65625,16.15625,1.4,0.0,0.0,137.0
17.27722,0x2B0,0.0,0.0,1.0,6.25,1.46,0.56,16.9375,17.15625,16.65625,16.15625,1.4,0.0,0.0,137.0
17.27884,0x316,0.0,0.0,1.0,6.25,1.46,0.56,16.9375,17.15625,16.65625,16.15625,1.4,0.0,0.0,137.0
17.27955,0x386,0.0,0.0,1.0,6.25,1.46,0.56,16.9375,17.0625,16.8125,16.59375,1.4,0.0,0.0,137.0
17.28486,0x220,0.0,0.0,1.0,6.25,1.43,0.59,16.9375,17.0625,16.8125,16.59375,1.4,0.0,0.0,137.0
17.28717,0x2B0,0.0,0.0,1.0,6.25,1.43,0.59,16.9375,17.0625,16.8125,16.59375,1.6,8.0,0.0,137.0
17.28871,0x316,0.0,0.0,1.0,6.25,1.43,0.59,16.9375,17.0625,16.8125,16.59375,1.6,8.0,0.0,138.0
17.29482,0x220,0.0,0.0,1.0,6.25,1.69,0.28,16.9375,17.0625,16.8125,16.59375,1.6,8.0,0.0,138.0
17.29724,0x2B0,0.0,0.0,1.0,6.25,1.69,0.28,16.9375,17.0625,16.8125,16.59375,1.6,8.0,0.0,138.0
17.29881,0x316,0.0,0.0,1.0,6.25,1.69,0.28,16.9375,17.0625,16.8125,16.59375,1.6,8.0,0.0,138.0
17.29952,0x386,0.0,0.0,1.0,6.25,1.69,0.28,17.0625,17.0,16.875,17.21875,1.6,8.0,0.0,138.0
17.30485,0x220,0.0,0.0,1.0,6.25,2.08,-0.16,17.0625,17.0,16.875,17.21875,1.6,8.0,0.0,138.0
17.3072,0x2B0,0.0,0.0,1.0,6.25,2.08,-0.16,17.0625,17.0,16.875,17.21875,1.8,8.0,0.0,138.0
17.30869,0x316,0.0,0.0,1.0,6.25,2.08,-0.16,17.0625,17.0,16.875,17.21875,1.8,8.0,0.0,138.0
17.31482,0x220,0.0,0.0,1.0,6.25,2.36,-0.43,17.0625,17.0,16.875,17.21875,1.8,8.0,0.0,138.0
17.31717,0x2B0,0.0,0.0,1.0,6.25,2.36,-0.43,17.0625,17.0,16.875,17.21875,1.8,8.0,0.0,138.0
17.31883,0x316,0.0,0.0,1.0,6.25,2.36,-0.43,17.0625,17.0,16.875,17.21875,1.8,8.0,0.0,138.0
17.31954,0x386,0.0,0.0,1.0,6.25,2.36,-0.43,17.0625,16.96875,17.25,16.625,1.8,8.0,0.0,138.0
17.32485,0x220,0.0,0.0,1.0,6.25,2.32,-0.35,17.0625,16.96875,17.25,16.625,1.8,8.0,0.0,138.0
17.32724,0x2B0,0.0,0.0,1.0,6.25,2.32,-0.35,17.0625,16.96875,17.25,16.625,1.8,0.0,0.0,138.0
17.32869,0x316,0.0,0.0,1.0,6.25,2.32,-0.35,17.0625,16.96875,17.25,16.625,1.8,0.0,0.0,138.0
17.33482,0x220,0.0,0.0,1.0,6.25,2.03,-0.04,17.0625,16.96875,17.25,16.625,1.8,0.0,0.0,138.0
17.33719,0x2B0,0.0,0.0,1.0,6.25,2.03,-0.04,17.0625,16.96875,17.25,16.625,1.9,0.0,0.0,138.0
17.33897,0x316,0.0,0.0,1.0,6.25,2.03,-0.04,17.0625,16.96875,17.25,16.625,1.9,0.0,0.0,138.0
17.33968,0x386,0.0,0.0,1.0,6.25,2.03,-0.04,16.96875,16.875,16.9375,16.6875,1.9,0.0,0.0,138.0
17.34484,0x220,0.0,0.0,1.0,6.25,1.67,0.29,16.96875,16.875,16.9375,16.6875,1.9,0.0,0.0,138.0
17.34716,0x2B0,0.0,0.0,1.0,6.25,1.67,0.29,16.96875,16.875,16.9375,16.6875,1.9,0.0,0.0,138.0
17.34884,0x316,0.0,0.0,1.0,6.25,1.67,0.29,16.96875,16.875,16.9375,16.6875,1.9,0.0,0.0,138.0
17.35482,0x220,0.0,0.0,1.0,6.25,1.42,0.42,16.96875,16.875,16.9375,16.6875,1.9,0.0,0.0,138.0
17.35723,0x2B0,0.0,0.0,1.0,6.25,1.42,0.42,16.96875,16.875,16.9375,16.6875,1.9,0.0,0.0,138.0
17.35876,0x316,0.0,0.0,1.0,6.25,1.42,0.42,16.96875,16.875,16.9375,16.6875,1.9,0.0,0.0,138.0
17.35947,0x386,0.0,0.0,1.0,6.25,1.42,0.42,16.96875,16.90625,16.4375,16.9375,1.9,0.0,0.0,138.0
17.36486,0x220,0.0,0.0,1.0,6.25,1.3,0.24,16.96875,16.90625,16.4375,16.9375,1.9,0.0,0.0,138.0
17.36717,0x2B0,0.0,0.0,1.0,6.25,1.3,0.24,16.96875,16.90625,16.4375,16.9375,2.1,8.0,0.0,138.0
17.36883,0x316,0.0,0.0,1.0,6.25,1.3,0.24,16.96875,16.90625,16.4375,16.9375,2.1,8.0,0.0,138.0
17.37482,0x220,0.0,0.0,1.0,6.25,1.23,0.04,16.96875,16.90625,16.4375,16.9375,2.1,8.0,0.0,138.0
17.37715,0x2B0,0.0,0.0,1.0,6.25,1.23,0.04,16.96875,16.90625,16.4375,16.9375,2.1,8.0,0.0,138.0
17.37889,0x316,0.0,0.0,1.0,6.25,1.23,0.04,16.96875,16.90625,16.4375,16.9375,2.1,8.0,0.0,138.0
17.37961,0x386,0.0,0.0,1.0,6.25,1.23,0.04,16.9375,16.90625,16.65625,16.59375,2.1,8.0,0.0,138.0
17.38485,0x220,0.0,0.0,1.0,6.25,1.12,0.14,16.9375,16.90625,16.65625,16.59375,2.1,8.0,0.0,138.0
17.38714,0x2B0,0.0,0.0,1.0,6.25,1.12,0.14,16.9375,16.90625,16.65625,16.59375,2.1,0.0,0.0,138.0
17.38871,0x316,0.0,0.0,1.0,6.25,1.12,0.14,16.9375,16.90625,16.65625,16.59375,2.1,0.0,0.0,138.0
17.39482,0x220,0.0,0.0,1.0,6.25,0.86,0.47,16.9375,16.90625,16.65625,16.59375,2.1,0.0,0.0,138.0
17.39718,0x2B0,0.0,0.0,1.0,6.25,0.86,0.47,16.9375,16.90625,16.65625,16.59375,2.2,0.0,0.0,138.0
17.39876,0x316,0.0,0.0,1.0,6.25,0.86,0.47,16.9375,16.90625,16.65625,16.59375,2.2,0.0,0.0,138.0
17.39947,0x386,0.0,0.0,1.0,6.25,0.86,0.47,17.03125,16.90625,16.75,16.96875,2.2,0.0,0.0,138.0
17.40485,0x220,0.0,0.0,1.0,6.25,0.48,0.86,17.03125,16.90625,16.75,16.96875,2.2,0.0,0.0,138.0
17.40714,0x2B0,0.0,0.0,1.0,6.25,0.48,0.86,17.03125,16.90625,16.75,16.96875,2.2,0.0,0.0,138.0
17.40869,0x316,0.0,0.0,1.0,6.25,0.48,0.86,17.03125,16.90625,16.75,16.96875,2.2,0.0,0.0,138.0
17.41482,0x220,0.0,0.0,1.0,6.25,0.2,1.11,17.03125,16.90625,16.75,16.96875,2.2,0.0,0.0,138.0
17.41722,0x2B0,0.0,0.0,1.0,6.25,0.2,1.11,17.03125,16.90625,16.75,16.96875,2.2,0.0,0.0,138.0
17.41882,0x316,0.0,0.0,1.0,6.25,0.2,1.11,17.03125,16.90625,16.75,16.96875,2.2,0.0,0.0,138.0
17.41953,0x386,0.0,0.0,1.0,6.25,0.2,1.11,17.0625,16.96875,16.53125,17.34375,2.2,0.0,0.0,138.0
17.42485,0x220,0.0,0.0,1.0,6.25,0.19,1.18,17.0625,16.96875,16.53125,17.34375,2.2,0.0,0.0,138.0
17.42716,0x2B0,0.0,0.0,1.0,6.25,0.19,1.18,17.0625,16.96875,16.53125,17.34375,2.3,0.0,0.0,138.0
17.42871,0x316,0.0,0.0,1.0,6.25,0.19,1.18,17.0625,16.96875,16.53125,17.34375,2.3,0.0,0.0,138.0
17.43482,0x220,0.0,0.0,1.0,6.25,0.48,1.17,17.0625,16.96875,16.53125,17.34375,2.3,0.0,0.0,138.0
17.43714,0x2B0,0.0,0.0,1.0,6.25,0.48,1.17,17.0625,16.96875,16.53125,17.34375,2.3,0.0,0.0,138.0
17.43895,0x316,0.0,0.0,1.0,6.25,0.48,1.17,17.0625,16.96875,16.53125,17.34375,2.3,0.0,0.0,138.0
17.43966,0x386,0.0,0.0,1.0,6.25,0.48,1.17,16.96875,17.0625,16.65625,17.375,2.3,0.0,0.0,138.0
17.44485,0x220,0.0,0.0,1.0,6.25,1.0,1.15,16.96875,17.0625,16.65625,17.375,2.3,0.0,0.0,138.0
17.44714,0x2B0,0.0,0.0,1.0,6.25,1.0,1.15,16.96875,17.0625,16.65625,17.375,2.5,8.0,0.0,138.0
17.44881,0x316,0.0,0.0,1.0,6.25,1.0,1.15,16.96875,17.0625,16.65625,17.375,2.5,8.0,0.0,138.0
17.45482,0x220,0.0,0.0,1.0,6.25,1.51,1.24,16.96875,17.0625,16.65625,17.375,2.5,8.0,0.0,138.0
17.45714,0x2B0,0.0,0.0,1.0,6.25,1.51,1.24,16.96875,17.0625,16.65625,17.375,2.5,8.0,0.0,138.0
17.45881,0x316,0.0,0.0,1.0,6.25,1.51,1.24,16.96875,17.0625,16.65625,17.375,2.5,8.0,0.0,138.0
17.45953,0x386,0.0,0.0,1.0,6.25,1.51,1.24,17.0,17.1875,17.28125,17.25,2.5,8.0,0.0,138.0
17.46485,0x220,0.0,0.0,1.0,6.25,1.78,1.42,17.0,17.1875,17.28125,17.25,2.5,8.0,0.0,138.0
17.46716,0x2B0,0.0,0.0,1.0,6.25,1.78,1.42,17.0,17.1875,17.28125,17.25,2.6,0.0,0.0,138.0
17.46888,0x316,0.0,0.0,1.0,6.25,1.78,1.42,17.0,17.1875,17.28125,17.25,2.6,0.0,0.0,138.0
17.47482,0x220,0.0,0.0,1.0,6.25,1.86,1.5,17.0,17.1875,17.28125,17.25,2.6,0.0,0.0,138.0
17.47716,0x2B0,0.0,0.0,1.0,6.25,1.86,1.5,17.0,17.1875,17.28125,17.25,2.8,12.0,0.0,138.0
17.4788,0x316,0.0,0.0,1.0,6.25,1.86,1.5,17.0,17.1875,17.28125,17.25,2.8,12.0,0.0,138.0
17.47951,0x386,0.0,0.0,1.0,6.25,1.86,1.5,17.15625,17.21875,16.90625,17.34375,2.8,12.0,0.0,138.0
17.48486,0x220,0.0,0.0,1.0,6.25,1.82,1.45,17.15625,17.21875,16.90625,17.34375,2.8,12.0,0.0,138.0
17.48719,0x2B0,0.0,0.0,1.0,6.25,1.82,1.45,17.15625,17.21875,16.90625,17.34375,2.8,8.0,0.0,138.0
17.48869,0x316,0.0,0.0,1.0,6.25,1.82,1.45,17.15625,17.21875,16.90625,17.34375,2.8,8.0,0.0,138.0
17.49482,0x220,0.0,0.0,1.0,6.25,1.79,1.33,17.15625,17.21875,16.90625,17.34375,2.8,8.0,0.0,138.0
17.49714,0x2B0,0.0,0.0,1.0,6.25,1.79,1.33,17.15625,17.21875,16.90625,17.34375,3.0,8.0,0.0,138.0
17.49881,0x316,0.0,0.0,1.0,6.25,1.79,1.33,17.15625,17.21875,16.90625,17.34375,3.0,8.0,0.0,138.0
17.49952,0x386,0.0,0.0,1.0,6.25,1.79,1.33,17.21875,17.34375,16.3125,17.375,3.0,8.0,0.0,138.0
17.50486,0x220,0.0,0.0,1.0,6.25,1.91,1.11,17.21875,17.34375,16.3125,17.375,3.0,8.0,0.0,138.0
17.50716,0x2B0,0.0,0.0,1.0,6.25,1.91,1.11,17.21875,17.34375,16.3125,17.375,3.2,20.0,0.0,138.0
17.50876,0x316,0.0,0.0,1.0,6.25,1.91,1.11,17.21875,17.34375,16.3125,17.375,3.2,20.0,0.0,138.0
17.51483,0x220,0.0,0.0,1.0,6.25,2.24,0.83,17.21875,17.34375,16.3125,17.375,3.2,20.0,0.0,138.0
17.51721,0x2B0,0.0,0.0,1.0,6.25,2.24,0.83,17.21875,17.34375,16.3125,17.375,3.2,8.0,0.0,138.0
17.5188,0x316,0.0,0.0,1.0,6.25,2.24,0.83,17.21875,17.34375,16.3125,17.375,3.2,8.0,0.0,138.0
17.5195,0x386,0.0,0.0,1.0,6.25,2.24,0.83,17.15625,17.59375,16.625,16.875,3.2,8.0,0.0,138.0
17.52486,0x220,0.0,0.0,1.0,6.25,2.69,0.6,17.15625,17.59375,16.625,16.875,3.2,8.0,0.0,138.0
17.52719,0x2B0,0.0,0.0,1.0,6.25,2.69,0.6,17.15625,17.59375,16.625,16.875,3.6,20.0,0.0,138.0
17.52869,0x316,0.0,0.0,1.0,6.25,2.69,0.6,17.15625,17.59375,16.625,16.875,3.6,20.0,0.0,138.0
17.53483,0x220,0.0,0.0,1.0,6.25,3.15,0.59,17.15625,17.59375,16.625,16.875,3.6,20.0,0.0,138.0
17.53719,0x2B0,0.0,0.0,1.0,6.25,3.15,0.59,17.15625,17.59375,16.625,16.875,3.9,32.0,0.0,138.0
17.53891,0x316,0.0,0.0,1.0,6.25,3.15,0.59,17.15625,17.59375,16.625,16.875,3.9,32.0,0.0,138.0
17.53963,0x386,0.0,0.0,1.0,6.25,3.15,0.59,17.375,17.46875,16.8125,16.78125,3.9,32.0,0.0,138.0
17.54487,0x220,0.0,0.0,1.0,6.25,3.61,0.73,17.375,17.46875,16.8125,16.78125,3.9,32.0,0.0,138.0
17.54718,0x2B0,0.0,0.0,1.0,6.25,3.61,0.73,17.375,17.46875,16.8125,16.78125,4.1,24.0,0.0,138.0
17.54892,0x316,0.0,0.0,1.0,6.25,3.61,0.73,17.375,17.46875,16.8125,16.78125,4.1,24.0,0.0,138.0
17.55483,0x220,0.0,0.0,1.0,6.25,4.04,0.65,17.375,17.46875,16.8125,16.78125,4.1,24.0,0.0,138.0
17.55718,0x2B0,0.0,0.0,1.0,6.25,4.04,0.65,17.375,17.46875,16.8125,16.78125,4.4,24.0,0.0,138.0
17.55875,0x316,0.0,0.0,1.0,6.25,4.04,0.65,17.375,17.46875,16.8125,16.78125,4.4,24.0,0.0,138.0
17.55946,0x386,0.0,0.0,1.0,6.25,4.04,0.65,17.3125,17.5625,16.46875,16.75,4.4,24.0,0.0,138.0
17.56486,0x220,0.0,0.0,1.0,6.25,4.32,0.17,17.3125,17.5625,16.46875,16.75,4.4,24.0,0.0,138.0
17.56716,0x2B0,0.0,0.0,1.0,6.25,4.32,0.17,17.3125,17.5625,16.46875,16.75,4.7,28.0,0.0,138.0
17.56886,0x316,0.0,0.0,1.0,6.25,4.32,0.17,17.3125,17.5625,16.46875,16.75,4.7,28.0,0.0,138.0
17.57482,0x220,0.0,0.0,1.0,6.25,4.37,-0.53,17.3125,17.5625,16.46875,16.75,4.7,28.0,0.0,138.0
17.57713,0x2B0,0.0,0.0,1.0,6.25,4.37,-0.53,17.3125,17.5625,16.46875,16.75,5.0,28.0,0.0,138.0
17.57883,0x316,0.0,0.0,1.0,6.25,4.37,-0.53,17.3125,17.5625,16.46875,16.75,5.0,28.0,0.0,138.0
17.57955,0x386,0.0,0.0,1.0,6.25,4.37,-0.53,17.28125,17.625,16.4375,17.25,5.0,28.0,0.0,138.0
17.58486,0x220,0.0,0.0,1.0,6.25,4.24,-0.98,17.28125,17.625,16.4375,17.25,5.0,28.0,0.0,138.0
17.58717,0x2B0,0.0,0.0,1.0,6.25,4.24,-0.98,17.28125,17.625,16.4375,17.25,5.2,24.0,0.0,138.0
17.58874,0x316,0.0,0.0,1.0,6.25,4.24,-0.98,17.28125,17.625,16.4375,17.25,5.2,24.0,0.0,138.0
17.59483,0x220,0.0,0.0,1.0,6.25,4.1,-1.01,17.28125,17.625,16.4375,17.25,5.2,24.0,0.0,138.0
17.59716,0x2B0,0.0,0.0,1.0,6.25,4.1,-1.01,17.28125,17.625,16.4375,17.25,5.4,20.0,0.0,138.0
17.59874,0x316,0.0,0.0,1.0,6.25,4.1,-1.01,17.28125,17.625,16.4375,17.25,5.4,20.0,0.0,138.0
17.59945,0x386,0.0,0.0,1.0,6.25,4.1,-1.01,17.40625,17.4375,17.15625,17.15625,5.4,20.0,0.0,138.0
17.60486,0x220,0.0,0.0,1.0,6.25,4.11,-0.88,17.40625,17.4375,17.15625,17.15625,5.4,20.0,0.0,138.0
17.60716,0x2B0,0.0,0.0,1.0,6.25,4.11,-0.88,17.40625,17.4375,17.15625,17.15625,5.6,20.0,0.0,138.0
17.60869,0x316,0.0,0.0,1.0,6.25,4.11,-0.88,17.40625,17.4375,17.15625,17.15625,5.6,20.0,0.0,138.0
17.61482,0x220,0.0,0.0,1.0,6.25,4.27,-0.85,17.40625,17.4375,17.15625,17.15625,5.6,20.0,0.0,138.0
17.61714,0x2B0,0.0,0.0,1.0,6.25,4.27,-0.85,17.40625,17.4375,17.15625,17.15625,5.7,12.0,0.0,138.0
17.6188,0x316,0.0,0.0,1.0,6.25,4.27,-0.85,17.40625,17.4375,17.15625,17.15625,5.7,12.0,0.0,138.0
17.61927,0x386,0.0,0.0,1.0,6.25,4.27,-0.85,17.25,17.5625,17.5625,17.5,5.7,12.0,0.0,138.0
17.62486,0x220,0.0,0.0,1.0,6.25,4.4,-0.99,17.25,17.5625,17.5625,17.5,5.7,12.0,0.0,138.0
17.62721,0x2B0,0.0,0.0,1.0,6.25,4.4,-0.99,17.25,17.5625,17.5625,17.5,5.7,0.0,0.0,138.0
17.62874,0x316,0.0,0.0,1.0,6.25,4.4,-0.99,17.25,17.5625,17.5625,17.5,5.7,0.0,0.0,138.0
17.63483,0x220,0.0,0.0,1.0,6.25,4.32,-1.13,17.25,17.5625,17.5625,17.5,5.7,0.0,0.0,138.0
17.63714,0x2B0,0.0,0.0,1.0,6.25,4.32,-1.13,17.25,17.5625,17.5625,17.5,5.9,8.0,0.0,138.0
17.63892,0x316,0.0,0.0,1.0,6.25,4.32,-1.13,17.25,17.5625,17.5625,17.5,5.9,8.0,0.0,138.0
17.63963,0x386,0.0,0.0,1.0,6.25,4.32,-1.13,17.28125,17.5,17.46875,17.5625,5.9,8.0,0.0,138.0
17.64484,0x220,0.0,0.0,1.0,6.25,4.14,-1.1,17.28125,17.5,17.46875,17.5625,5.9,8.0,0.0,138.0
17.64719,0x2B0,0.0,0.0,1.0,6.25,4.14,-1.1,17.28125,17.5,17.46875,17.5625,5.9,8.0,0.0,138.0
17.64882,0x316,0.0,0.0,1.0,6.25,4.14,-1.1,17.28125,17.5,17.46875,17.5625,5.9,8.0,0.0,138.0
17.65483,0x220,0.0,0.0,1.0,6.25,3.98,-1.01,17.28125,17.5,17.46875,17.5625,5.9,8.0,0.0,138.0
17.65714,0x2B0,0.0,0.0,1.0,6.25,3.98,-1.01,17.28125,17.5,17.46875,17.5625,6.1,8.0,0.0,138.0
17.6588,0x316,0.0,0.0,1.0,6.25,3.98,-1.01,17.28125,17.5,17.46875,17.5625,6.1,8.0,0.0,138.0
17.65951,0x386,0.0,0.0,1.0,6.25,3.98,-1.01,17.375,17.625,17.4375,17.5625,6.1,8.0,0.0,138.0
17.66487,0x220,0.0,0.0,1.0,6.25,3.89,-1.06,17.375,17.625,17.4375,17.5625,6.1,8.0,0.0,138.0
17.66711,0x2B0,0.0,0.0,1.0,6.25,3.89,-1.06,17.375,17.625,17.4375,17.5625,6.1,8.0,0.0,138.0
17.6689,0x316,0.0,0.0,1.0,6.25,3.89,-1.06,17.375,17.625,17.4375,17.5625,6.1,8.0,0.0,138.0
17.67483,0x220,0.0,0.0,1.0,6.25,3.78,-1.22,17.375,17.625,17.4375,17.5625,6.1,8.0,0.0,138.0
17.67717,0x2B0,0.0,0.0,1.0,6.25,3.78,-1.22,17.375,17.625,17.4375,17.5625,6.1,0.0,0.0,138.0
17.67884,0x316,0.0,0.0,1.0,6.25,3.78,-1.22,17.375,17.625,17.4375,17.5625,6.1,0.0,0.0,138.0
17.67955,0x386,0.0,0.0,1.0,6.25,3.78,-1.22,17.46875,17.59375,17.25,17.65625,6.1,0.0,0.0,138.0
17.68486,0x220,0.0,0.0,1.0,6.25,3.51,-1.33,17.46875,17.59375,17.25,17.65625,6.1,0.0,0.0,138.0
17.68711,0x2B0,0.0,0.0,1.0,6.25,3.51,-1.33,17.46875,17.59375,17.25,17.65625,6.1,0.0,0.0,138.0
17.68869,0x316,0.0,0.0,1.0,6.25,3.51,-1.33,17.46875,17.59375,17.25,17.65625,6.1,0.0,0.0,138.0
17.69483,0x220,0.0,0.0,1.0,6.25,3.06,-1.22,17.46875,17.59375,17.25,17.65625,6.1,0.0,0.0,138.0
17.69719,0x2B0,0.0,0.0,1.0,6.25,3.06,-1.22,17.46875,17.59375,17.25,17.65625,6.1,0.0,0.0,138.0
17.69878,0x316,0.0,0.0,1.0,6.25,3.06,-1.22,17.46875,17.59375,17.25,17.65625,6.1,0.0,0.0,138.0
17.69949,0x386,0.0,0.0,1.0,6.25,3.06,-1.22,17.46875,17.59375,17.15625,17.625,6.1,0.0,0.0,138.0
17.70487,0x220,0.0,0.0,1.0,6.25,2.52,-0.95,17.46875,17.59375,17.15625,17.625,6.1,0.0,0.0,138.0
17.70715,0x2B0,0.0,0.0,1.0,6.25,2.52,-0.95,17.46875,17.59375,17.15625,17.625,6.2,0.0,0.0,138.0
17.70873,0x316,0.0,0.0,1.0,6.25,2.52,-0.95,17.46875,17.59375,17.15625,17.625,6.2,0.0,0.0,138.0
17.71483,0x220,0.0,0.0,1.0,6.25,2.11,-0.56,17.46875,17.59375,17.15625,17.625,6.2,0.0,0.0,138.0
17.71711,0x2B0,0.0,0.0,1.0,6.25,2.11,-0.56,17.46875,17.59375,17.15625,17.625,6.2,0.0,0.0,138.0
17.71881,0x316,0.0,0.0,1.0,6.25,2.11,-0.56,17.46875,17.59375,17.15625,17.625,6.2,0.0,0.0,138.0
17.71952,0x386,0.0,0.0,1.0,6.25,2.11,-0.56,17.59375,17.4375,17.25,17.34375,6.2,0.0,0.0,138.0
17.72486,0x220,0.0,0.0,1.0,6.25,1.98,-0.21,17.59375,17.4375,17.25,17.34375,6.2,0.0,0.0,138.0
17.72712,0x2B0,0.0,0.0,1.0,6.25,1.98,-0.21,17.59375,17.4375,17.25,17.34375,6.2,0.0,0.0,138.0
17.7287,0x316,0.0,0.0,1.0,6.25,1.98,-0.21,17.59375,17.4375,17.25,17.34375,6.2,0.0,0.0,138.0
17.73484,0x220,0.0,0.0,1.0,6.25,2.17,-0.09,17.59375,17.4375,17.25,17.34375,6.2,0.0,0.0,138.0
17.7371,0x2B0,0.0,0.0,1.0,6.25,2.17,-0.09,17.59375,17.4375,17.25,17.34375,6.2,0.0,0.0,138.0
17.73884,0x316,0.0,0.0,1.0,6.25,2.17,-0.09,17.59375,17.4375,17.25,17.34375,6.2,0.0,0.0,138.0
17.73955,0x386,0.0,0.0,1.0,6.25,2.17,-0.09,17.59375,17.5625,17.1875,17.09375,6.2,0.0,0.0,138.0
17.74487,0x220,0.0,0.0,1.0,6.25,2.54,-0.25,17.59375,17.5625,17.1875,17.09375,6.2,0.0,0.0,138.0
17.74713,0x2B0,0.0,0.0,1.0,6.25,2.54,-0.25,17.59375,17.5625,17.1875,17.09375,6.2,0.0,0.0,138.0
17.74888,0x316,0.0,0.0,1.0,6.25,2.54,-0.25,17.59375,17.5625,17.1875,17.09375,6.2,0.0,0.0,137.0
17.75483,0x220,0.0,0.0,1.0,6.25,2.83,-0.44,17.59375,17.5625,17.1875,17.09375,6.2,0.0,0.0,137.0
17.75713,0x2B0,0.0,0.0,1.0,6.25,2.83,-0.44,17.59375,17.5625,17.1875,17.09375,6.2,0.0,0.0,137.0
17.75876,0x316,0.0,0.0,1.0,6.25,2.83,-0.44,17.59375,17.5625,17.1875,17.09375,6.2,0.0,0.0,137.0
17.75947,0x386,0.0,0.0,1.0,6.25,2.83,-0.44,17.5,17.53125,17.15625,16.8125,6.2,0.0,0.0,137.0
17.76486,0x220,0.0,0.0,1.0,6.25,2.83,-0.37,17.5,17.53125,17.15625,16.8125,6.2,0.0,0.0,137.0
17.76713,0x2B0,0.0,0.0,1.0,6.25,2.83,-0.37,17.5,17.53125,17.15625,16.8125,6.2,0.0,0.0,137.0
17.76886,0x316,0.0,0.0,1.0,6.25,2.83,-0.37,17.5,17.53125,17.15625,16.8125,6.2,0.0,0.0,137.0
17.77483,0x220,0.0,0.0,1.0,6.25,2.62,-0.17,17.5,17.53125,17.15625,16.8125,6.2,0.0,0.0,137.0
17.7772,0x2B0,0.0,0.0,1.0,6.25,2.62,-0.17,17.5,17.53125,17.15625,16.8125,6.2,0.0,0.0,137.0
17.77878,0x316,0.0,0.0,1.0,6.25,2.62,-0.17,17.5,17.53125,17.15625,16.8125,6.2,0.0,0.0,137.0
17.77949,0x386,0.0,0.0,1.0,6.25,2.62,-0.17,17.34375,17.5625,17.15625,17.15625,6.2,0.0,0.0,137.0
17.78486,0x220,0.0,0.0,1.0,6.25,2.35,-0.02,17.34375,17.5625,17.15625,17.15625,6.2,0.0,0.0,137.0
17.78711,0x2B0,0.0,0.0,1.0,6.25,2.35,-0.02,17.34375,17.5625,17.15625,17.15625,6.2,0.0,0.0,137.0
17.78873,0x316,0.0,0.0,1.0,6.25,2.35,-0.02,17.34375,17.5625,17.15625,17.15625,6.2,0.0,0.0,138.0
17.79483,0x220,0.0,0.0,1.0,6.25,2.07,0.0,17.34375,17.5625,17.15625,17.15625,6.2,0.0,0.0,138.0
17.79719,0x2B0,0.0,0.0,1.0,6.25,2.07,0.0,17.34375,17.5625,17.15625,17.15625,6.2,0.0,0.0,138.0
17.79876,0x316,0.0,0.0,1.0,6.25,2.07,0.0,17.34375,17.5625,17.15625,17.15625,6.2,0.0,0.0,138.0
17.79923,0x386,0.0,0.0,1.0,6.25,2.07,0.0,17.5,17.53125,17.40625,17.53125,6.2,0.0,0.0,138.0
17.80487,0x220,0.0,0.0,1.0,6.25,1.94,0.0,17.5,17.53125,17.40625,17.53125,6.2,0.0,0.0,138.0
17.80712,0x2B0,0.0,0.0,1.0,6.25,1.94,0.0,17.5,17.53125,17.40625,17.53125,6.3,0.0,0.0,138.0
17.80869,0x316,0.0,0.0,1.0,6.25,1.94,0.0,17.5,17.53125,17.40625,17.53125,6.3,0.0,0.0,137.0
17.81483,0x220,0.0,0.0,1.0,6.25,1.95,0.01,17.5,17.53125,17.40625,17.53125,6.3,0.0,0.0,137.0
17.81709,0x2B0,0.0,0.0,1.0,6.25,1.95,0.01,17.5,17.53125,17.40625,17.53125,6.3,0.0,0.0,137.0
17.81877,0x316,0.0,0.0,1.0,6.25,1.95,0.01,17.5,17.53125,17.40625,17.53125,6.3,0.0,0.0,137.0
17.81948,0x386,0.0,0.0,1.0,6.25,1.95,0.01,17.46875,17.375,17.4375,17.4375,6.3,0.0,0.0,137.0
17.82487,0x220,0.0,0.0,1.0,6.25,1.96,0.03,17.46875,17.375,17.4375,17.4375,6.3,0.0,0.0,137.0
17.8271,0x2B0,0.0,0.0,1.0,6.25,1.96,0.03,17.46875,17.375,17.4375,17.4375,6.3,0.0,0.0,137.0
17.82873,0x316,0.0,0.0,1.0,6.25,1.96,0.03,17.46875,17.375,17.4375,17.4375,6.3,0.0,0.0,137.0
17.83483,0x220,0.0,0.0,1.0,6.25,1.84,0.1,17.46875,17.375,17.4375,17.4375,6.3,0.0,0.0,137.0
17.83713,0x2B0,0.0,0.0,1.0,6.25,1.84,0.1,17.46875,17.375,17.4375,17.4375,6.4,0.0,0.0,137.0
17.83883,0x316,0.0,0.0,1.0,6.25,1.84,0.1,17.46875,17.375,17.4375,17.4375,6.4,0.0,0.0,137.0
17.83953,0x386,0.0,0.0,1.0,6.25,1.84,0.1,17.59375,17.65625,17.4375,17.375,6.4,0.0,0.0,137.0
17.84487,0x220,0.0,0.0,1.0,6.25,1.58,0.31,17.59375,17.65625,17.4375,17.375,6.4,0.0,0.0,137.0
17.84709,0x2B0,0.0,0.0,1.0,6.25,1.58,0.31,17.59375,17.65625,17.4375,17.375,6.4,0.0,0.0,137.0
17.84884,0x316,0.0,0.0,1.0,6.25,1.58,0.31,17.59375,17.65625,17.4375,17.375,6.4,0.0,0.0,138.0
17.85484,0x220,0.0,0.0,1.0,6.25,1.39,0.54,17.59375,17.65625,17.4375,17.375,6.4,0.0,0.0,138.0
17.85716,0x2B0,0.0,0.0,1.0,6.25,1.39,0.54,17.59375,17.65625,17.4375,17.375,6.4,0.0,0.0,138.0
17.85875,0x316,0.0,0.0,1.0,6.25,1.39,0.54,17.59375,17.65625,17.4375,17.375,6.4,0.0,0.0,137.0
17.85922,0x386,0.0,0.0,1.0,6.25,1.39,0.54,17.5625,17.65625,17.03125,17.34375,6.4,0.0,0.0,137.0
17.86487,0x220,0.0,0.0,1.0,6.25,1.43,0.59,17.5625,17.65625,17.03125,17.34375,6.4,0.0,0.0,137.0
17.86717,0x2B0,0.0,0.0,1.0,6.25,1.43,0.59,17.5625,17.65625,17.03125,17.34375,6.6,8.0,0.0,137.0
17.86893,0x316,0.0,0.0,1.0,6.25,1.43,0.59,17.5625,17.65625,17.03125,17.34375,6.6,8.0,0.0,138.0
17.87484,0x220,0.0,0.0,1.0,6.25,1.67,0.49,17.5625,17.65625,17.03125,17.34375,6.6,8.0,0.0,138.0
17.87716,0x2B0,0.0,0.0,1.0,6.25,1.67,0.49,17.5625,17.65625,17.03125,17.34375,6.8,20.0,0.0,138.0
17.87879,0x316,0.0,0.0,1.0,6.25,1.67,0.49,17.5625,17.65625,17.03125,17.34375,6.8,20.0,0.0,138.0
17.8795,0x386,0.0,0.0,1.0,6.25,1.67,0.49,17.625,17.6875,17.1875,17.5,6.8,20.0,0.0,138.0
17.88488,0x220,0.0,0.0,1.0,6.25,1.91,0.41,17.625,17.6875,17.1875,17.5,6.8,20.0,0.0,138.0
17.8872,0x2B0,0.0,0.0,1.0,6.25,1.91,0.41,17.625,17.6875,17.1875,17.5,6.8,8.0,0.0,138.0
17.88871,0x316,0.0,0.0,1.0,6.25,1.91,0.41,17.625,17.6875,17.1875,17.5,6.8,8.0,0.0,138.0
17.89484,0x220,0.0,0.0,1.0,6.25,2.01,0.47,17.625,17.6875,17.1875,17.5,6.8,8.0,0.0,138.0
17.89714,0x2B0,0.0,0.0,1.0,6.25,2.01,0.47,17.625,17.6875,17.1875,17.5,7.1,12.0,0.0,138.0
17.89876,0x316,0.0,0.0,1.0,6.25,2.01,0.47,17.625,17.6875,17.1875,17.5,7.1,12.0,0.0,138.0
17.89923,0x386,0.0,0.0,1.0,6.25,2.01,0.47,17.5625,17.8125,17.1875,17.90625,7.1,12.0,0.0,138.0
17.90487,0x220,0.0,0.0,1.0,6.25,1.9,0.61,17.5625,17.8125,17.1875,17.90625,7.1,12.0,0.0,138.0
17.90714,0x2B0,0.0,0.0,1.0,6.25,1.9,0.61,17.5625,17.8125,17.1875,17.90625,7.4,28.0,0.0,138.0
17.90875,0x316,0.0,0.0,1.0,6.25,1.9,0.61,17.5625,17.8125,17.1875,17.90625,7.4,28.0,0.0,138.0
17.91483,0x220,0.0,0.0,1.0,6.25,1.62,0.81,17.5625,17.8125,17.1875,17.90625,7.4,28.0,0.0,138.0
17.91714,0x2B0,0.0,0.0,1.0,6.25,1.62,0.81,17.5625,17.8125,17.1875,17.90625,7.6,24.0,0.0,138.0
17.91879,0x316,0.0,0.0,1.0,6.25,1.62,0.81,17.5625,17.8125,17.1875,17.90625,7.6,24.0,0.0,138.0
17.91926,0x386,0.0,0.0,1.0,6.25,1.62,0.81,17.6875,17.65625,17.34375,17.65625,7.6,24.0,0.0,138.0
17.92487,0x220,0.0,0.0,1.0,6.25,1.4,1.01,17.6875,17.65625,17.34375,17.65625,7.6,24.0,0.0,138.0
17.92715,0x2B0,0.0,0.0,1.0,6.25,1.4,1.01,17.6875,17.65625,17.34375,17.65625,7.9,24.0,0.0,138.0
17.9287,0x316,0.0,0.0,1.0,6.25,1.4,1.01,17.6875,17.65625,17.34375,17.65625,7.9,24.0,0.0,138.0
17.93485,0x220,0.0,0.0,1.0,6.25,1.53,1.11,17.6875,17.65625,17.34375,17.65625,7.9,24.0,0.0,138.0
17.93719,0x2B0,0.0,0.0,1.0,6.25,1.53,1.11,17.6875,17.65625,17.34375,17.65625,7.9,12.0,0.0,138.0
17.93882,0x316,0.0,0.0,1.0,6.25,1.53,1.11,17.6875,17.65625,17.34375,17.65625,7.9,12.0,0.0,138.0
17.93953,0x386,0.0,0.0,1.0,6.25,1.53,1.11,17.75,17.8125,17.84375,17.375,7.9,12.0,0.0,138.0
17.94487,0x220,0.0,0.0,1.0,6.25,2.02,0.97,17.75,17.8125,17.84375,17.375,7.9,12.0,0.0,138.0
17.94715,0x2B0,0.0,0.0,1.0,6.25,2.02,0.97,17.75,17.8125,17.84375,17.375,8.3,20.0,0.0,138.0
17.94892,0x316,0.0,0.0,1.0,6.25,2.02,0.97,17.75,17.8125,17.84375,17.375,8.3,20.0,0.0,138.0
17.95484,0x220,0.0,0.0,1.0,6.25,2.66,0.6,17.75,17.8125,17.84375,17.375,8.3,20.0,0.0,138.0
17.95716,0x2B0,0.0,0.0,1.0,6.25,2.66,0.6,17.75,17.8125,17.84375,17.375,8.5,28.0,0.0,138.0
17.95879,0x316,0.0,0.0,1.0,6.25,2.66,0.6,17.75,17.8125,17.84375,17.375,8.5,28.0,0.0,138.0
17.95926,0x386,0.0,0.0,1.0,6.25,2.66,0.6,17.65625,17.96875,17.625,17.5,8.5,28.0,0.0,138.0
17.96485,0x220,0.0,0.0,1.0,6.25,3.22,0.24,17.65625,17.96875,17.625,17.5,8.5,28.0,0.0,138.0
17.96714,0x2B0,0.0,0.0,1.0,6.25,3.22,0.24,17.65625,17.96875,17.625,17.5,8.7,20.0,0.0,138.0
17.96885,0x316,0.0,0.0,1.0,6.25,3.22,0.24,17.65625,17.96875,17.625,17.5,8.7,20.0,0.0,139.0
17.97484,0x220,0.0,0.0,1.0,6.25,3.51,0.24,17.65625,17.96875,17.625,17.5,8.7,20.0,0.0,139.0
17.97717,0x2B0,0.0,0.0,1.0,6.25,3.51,0.24,17.65625,17.96875,17.625,17.5,8.7,8.0,0.0,139.0
17.97878,0x316,0.0,0.0,1.0,6.25,3.51,0.24,17.65625,17.96875,17.625,17.5,8.7,8.0,0.0,138.0
17.97925,0x386,0.0,0.0,1.0,6.25,3.51,0.24,17.78125,18.03125,17.21875,17.4375,8.7,8.0,0.0,138.0
17.98488,0x220,0.0,0.0,1.0,6.25,3.61,0.43,17.78125,18.03125,17.21875,17.4375,8.7,8.0,0.0,138.0
17.98714,0x2B0,0.0,0.0,1.0,6.25,3.61,0.43,17.78125,18.03125,17.21875,17.4375,9.0,12.0,0.0,138.0
17.98873,0x316,0.0,0.0,1.0,6.25,3.61,0.43,17.78125,18.03125,17.21875,17.4375,9.0,12.0,0.0,138.0
17.99484,0x220,0.0,0.0,1.0,6.25,3.61,0.41,17.78125,18.03125,17.21875,17.4375,9.0,12.0,0.0,138.0
17.99719,0x2B0,0.0,0.0,1.0,6.25,3.61,0.41,17.78125,18.03125,17.21875,17.4375,9.0,12.0,0.0,138.0
17.99881,0x316,0.0,0.0,1.0,6.25,3.61,0.41,17.78125,18.03125,17.21875,17.4375,9.0,12.0,0.0,139.0
17.99928,0x386,0.0,0.0,1.0,6.25,3.61,0.41,17.84375,18.125,17.25,17.0625,9.0,12.0,0.0,139.0
18.00487,0x220,0.0,0.0,1.0,6.25,3.44,0.15,17.84375,18.125,17.25,17.0625,9.0,12.0,0.0,139.0
18.00712,0x2B0,0.0,0.0,1.0,6.25,3.44,0.15,17.84375,18.125,17.25,17.0625,9.3,12.0,0.0,139.0
18.0087,0x316,0.0,0.0,1.0,6.25,3.44,0.15,17.84375,18.125,17.25,17.0625,9.3,12.0,0.0,139.0
18.01484,0x220,0.0,0.0,1.0,6.25,3.08,-0.06,17.84375,18.125,17.25,17.0625,9.3,12.0,0.0,139.0
18.01717,0x2B0,0.0,0.0,1.0,6.25,3.08,-0.06,17.84375,18.125,17.25,17.0625,9.3,12.0,0.0,139.0
18.01875,0x316,0.0,0.0,1.0,6.25,3.08,-0.06,17.84375,18.125,17.25,17.0625,9.3,12.0,0.0,139.0
18.01922,0x386,0.0,0.0,1.0,6.25,3.08,-0.06,17.96875,17.9375,17.375,17.3125,9.3,12.0,0.0,139.0
18.02487,0x220,0.0,0.0,1.0,6.25,2.7,-0.12,17.96875,17.9375,17.375,17.3125,9.3,12.0,0.0,139.0
18.02711,0x2B0,0.0,0.0,1.0,6.25,2.7,-0.12,17.96875,17.9375,17.375,17.3125,9.5,8.0,0.0,139.0
18.02873,0x316,0.0,0.0,1.0,6.25,2.7,-0.12,17.96875,17.9375,17.375,17.3125,9.5,8.0,0.0,139.0
18.03485,0x220,0.0,0.0,1.0,6.25,2.38,-0.06,17.96875,17.9375,17.375,17.3125,9.5,8.0,0.0,139.0
18.03711,0x2B0,0.0,0.0,1.0,6.25,2.38,-0.06,17.96875,17.9375,17.375,17.3125,9.7,20.0,0.0,139.0
18.03893,0x316,0.0,0.0,1.0,6.25,2.38,-0.06,17.96875,17.9375,17.375,17.3125,9.7,20.0,0.0,139.0
18.03965,0x386,0.0,0.0,1.0,6.25,2.38,-0.06,17.90625,18.0,17.53125,17.84375,9.7,20.0,0.0,139.0
18.04488,0x220,0.0,0.0,1.0,6.25,2.29,0.0,17.90625,18.0,17.53125,17.84375,9.7,20.0,0.0,139.0
18.04711,0x2B0,0.0,0.0,1.0,6.25,2.29,0.0,17.90625,18.0,17.53125,17.84375,9.7,8.0,0.0,139.0
18.04883,0x316,0.0,0.0,1.0,6.25,2.29,0.0,17.90625,18.0,17.53125,17.84375,9.7,8.0,0.0,139.0
18.05485,0x220,0.0,0.0,1.0,6.25,2.49,0.01,17.90625,18.0,17.53125,17.84375,9.7,8.0,0.0,139.0
18.05713,0x2B0,0.0,0.0,1.0,6.25,2.49,0.01,17.90625,18.0,17.53125,17.84375,9.7,0.0,0.0,139.0
18.05874,0x316,0.0,0.0,1.0,6.25,2.49,0.01,17.90625,18.0,17.53125,17.84375,9.7,0.0,0.0,139.0
18.05921,0x386,0.0,0.0,1.0,6.25,2.49,0.01,17.875,17.9375,17.75,17.96875,9.7,0.0,0.0,139.0
18.06487,0x220,0.0,0.0,1.0,6.25,2.84,0.09,17.875,17.9375,17.75,17.96875,9.7,0.0,0.0,139.0
18.06719,0x2B0,0.0,0.0,1.0,6.25,2.84,0.09,17.875,17.9375,17.75,17.96875,9.8,0.0,0.0,139.0
18.06889,0x316,0.0,0.0,1.0,6.25,2.84,0.09,17.875,17.9375,17.75,17.96875,9.8,0.0,0.0,139.0
18.07485,0x220,0.0,0.0,1.0,6.25,3.2,0.14,17.875,17.9375,17.75,17.96875,9.8,0.0,0.0,139.0
18.07716,0x2B0,0.0,0.0,1.0,6.25,3.2,0.14,17.875,17.9375,17.75,17.96875,9.8,0.0,0.0,139.0
18.07884,0x316,0.0,0.0,1.0,6.25,3.2,0.14,17.875,17.9375,17.75,17.96875,9.8,0.0,0.0,139.0
18.07931,0x386,0.0,0.0,1.0,6.25,3.2,0.14,18.0,17.71875,17.78125,18.03125,9.8,0.0,0.0,139.0
18.08487,0x220,0.0,0.0,1.0,6.25,3.36,0.16,18.0,17.71875,17.78125,18.03125,9.8,0.0,0.0,139.0
18.08716,0x2B0,0.0,0.0,1.0,6.25,3.36,0.16,18.0,17.71875,17.78125,18.03125,9.8,0.0,0.0,139.0
18.08868,0x316,0.0,0.0,1.0,6.25,3.36,0.16,18.0,17.71875,17.78125,18.03125,9.8,0.0,0.0,139.0
18.09484,0x220,0.0,0.0,1.0,6.25,3.18,0.11,18.0,17.71875,17.78125,18.03125,9.8,0.0,0.0,139.0
18.09715,0x2B0,0.0,0.0,1.0,6.25,3.18,0.11,18.0,17.71875,17.78125,18.03125,9.8,0.0,0.0,139.0
18.09874,0x316,0.0,0.0,1.0,6.25,3.18,0.11,18.0,17.71875,17.78125,18.03125,9.8,0.0,0.0,139.0
18.09921,0x386,0.0,0.0,1.0,6.25,3.18,0.11,17.84375,17.84375,17.78125,18.15625,9.8,0.0,0.0,139.0
18.10487,0x220,0.0,0.0,1.0,6.25,2.67,0.08,17.84375,17.84375,17.78125,18.15625,9.8,0.0,0.0,139.0
18.10713,0x2B0,0.0,0.0,1.0,6.25,2.67,0.08,17.84375,17.84375,17.78125,18.15625,9.8,0.0,0.0,139.0
18.10875,0x316,0.0,0.0,1.0,6.25,2.67,0.08,17.84375,17.84375,17.78125,18.15625,9.8,0.0,0.0,139.0
18.11485,0x220,0.0,0.0,1.0,6.25,2.21,0.15,17.84375,17.84375,17.78125,18.15625,9.8,0.0,0.0,139.0
18.11716,0x2B0,0.0,0.0,1.0,6.25,2.21,0.15,17.84375,17.84375,17.78125,18.15625,9.8,0.0,0.0,139.0
18.11889,0x316,0.0,0.0,1.0,6.25,2.21,0.15,17.84375,17.84375,17.78125,18.15625,9.8,0.0,0.0,139.0
18.11986,0x386,0.0,0.0,1.0,6.25,2.21,0.15,18.0,17.9375,17.6875,18.03125,9.8,0.0,0.0,139.0
18.12488,0x220,0.0,0.0,1.0,6.25,2.04,0.28,18.0,17.9375,17.6875,18.03125,9.8,0.0,0.0,139.0
18.12716,0x2B0,0.0,0.0,1.0,6.25,2.04,0.28,18.0,17.9375,17.6875,18.03125,9.8,0.0,0.0,139.0
18.12871,0x316,0.0,0.0,1.0,6.25,2.04,0.28,18.0,17.9375,17.6875,18.03125,9.8,0.0,0.0,139.0
18.13485,0x220,0.0,0.0,1.0,6.25,2.23,0.4,18.0,17.9375,17.6875,18.03125,9.8,0.0,0.0,139.0
18.13711,0x2B0,0.0,0.0,1.0,6.25,2.23,0.4,18.0,17.9375,17.6875,18.03125,9.8,0.0,0.0,139.0
18.13881,0x316,0.0,0.0,1.0,6.25,2.23,0.4,18.0,17.9375,17.6875,18.03125,9.8,0.0,0.0,139.0
18.13929,0x386,0.0,0.0,1.0,6.25,2.23,0.4,17.90625,17.9375,17.40625,18.0625,9.8,0.0,0.0,139.0
18.14487,0x220,0.0,0.0,1.0,6.25,2.67,0.4,17.90625,17.9375,17.40625,18.0625,9.8,0.0,0.0,139.0
18.14713,0x2B0,0.0,0.0,1.0,6.25,2.67,0.4,17.90625,17.9375,17.40625,18.0625,9.8,0.0,0.0,139.0
18.14887,0x316,0.0,0.0,1.0,6.25,2.67,0.4,17.90625,17.9375,17.40625,18.0625,9.8,0.0,0.0,139.0
18.15483,0x220,0.0,0.0,1.0,6.25,3.04,0.38,17.90625,17.9375,17.40625,18.0625,9.8,0.0,0.0,139.0
18.15718,0x2B0,0.0,0.0,1.0,6.25,3.04,0.38,17.90625,17.9375,17.40625,18.0625,9.8,0.0,0.0,139.0
18.15876,0x316,0.0,0.0,1.0,6.25,3.04,0.38,17.90625,17.9375,17.40625,18.0625,9.8,0.0,0.0,139.0
18.15923,0x386,0.0,0.0,1.0,6.25,3.04,0.38,17.90625,18.3125,17.53125,17.875,9.8,0.0,0.0,139.0
18.16488,0x220,0.0,0.0,1.0,6.25,3.16,0.46,17.90625,18.3125,17.53125,17.875,9.8,0.0,0.0,139.0
18.16712,0x2B0,0.0,0.0,1.0,6.25,3.16,0.46,17.90625,18.3125,17.53125,17.875,9.8,0.0,0.0,139.0
18.16887,0x316,0.0,0.0,1.0,6.25,3.16,0.46,17.90625,18.3125,17.53125,17.875,9.8,0.0,0.0,139.0
18.17484,0x220,0.0,0.0,1.0,6.25,3.18,0.69,17.90625,18.3125,17.53125,17.875,9.8,0.0,0.0,139.0
18.17712,0x2B0,0.0,0.0,1.0,6.25,3.18,0.69,17.90625,18.3125,17.53125,17.875,9.8,0.0,0.0,139.0
18.17877,0x316,0.0,0.0,1.0,6.25,3.18,0.69,17.90625,18.3125,17.53125,17.875,9.8,0.0,0.0,139.0
18.17925,0x386,0.0,0.0,1.0,6.25,3.18,0.69,18.125,18.15625,17.59375,17.9375,9.8,0.0,0.0,139.0
18.18487,0x220,0.0,0.0,1.0,6.25,3.28,0.9,18.125,18.15625,17.59375,17.9375,9.8,0.0,0.0,139.0
18.18712,0x2B0,0.0,0.0,1.0,6.25,3.28,0.9,18.125,18.15625,17.59375,17.9375,9.8,0.0,0.0,139.0
18.18868,0x316,0.0,0.0,1.0,6.25,3.28,0.9,18.125,18.15625,17.59375,17.9375,9.8,0.0,0.0,139.0
18.19483,0x220,0.0,0.0,1.0,6.25,3.5,0.79,18.125,18.15625,17.59375,17.9375,9.8,0.0,0.0,139.0
18.19712,0x2B0,0.0,0.0,1.0,6.25,3.5,0.79,18.125,18.15625,17.59375,17.9375,9.8,0.0,0.0,139.0
18.19878,0x316,0.0,0.0,1.0,6.25,3.5,0.79,18.125,18.15625,17.59375,17.9375,9.8,0.0,0.0,139.0
18.19925,0x386,0.0,0.0,1.0,6.25,3.5,0.79,18.09375,18.25,17.6875,17.90625,9.8,0.0,0.0,139.0
18.20488,0x220,0.0,0.0,1.0,6.25,3.73,0.4,18.09375,18.25,17.6875,17.90625,9.8,0.0,0.0,139.0
18.20711,0x2B0,0.0,0.0,1.0,6.25,3.73,0.4,18.09375,18.25,17.6875,17.90625,9.8,0.0,0.0,139.0
18.20869,0x316,0.0,0.0,1.0,6.25,3.73,0.4,18.09375,18.25,17.6875,17.90625,9.8,0.0,0.0,139.0
18.21484,0x220,0.0,0.0,1.0,6.25,3.79,0.02,18.09375,18.25,17.6875,17.90625,9.8,0.0,0.0,139.0
18.21711,0x2B0,0.0,0.0,1.0,6.25,3.79,0.02,18.09375,18.25,17.6875,17.90625,9.8,0.0,0.0,139.0
18.21875,0x316,0.0,0.0,1.0,6.25,3.79,0.02,18.09375,18.25,17.6875,17.90625,9.8,0.0,0.0,139.0
18.21922,0x386,0.0,0.0,1.0,6.25,3.79,0.02,18.0625,18.25,17.96875,18.0,9.8,0.0,0.0,139.0
18.22488,0x220,0.0,0.0,1.0,6.25,3.65,0.05,18.0625,18.25,17.96875,18.0,9.8,0.0,0.0,139.0
18.22711,0x2B0,0.0,0.0,1.0,6.25,3.65,0.05,18.0625,18.25,17.96875,18.0,9.8,0.0,0.0,139.0
18.2287,0x316,0.0,0.0,1.0,6.25,3.65,0.05,18.0625,18.25,17.96875,18.0,9.8,0.0,0.0,139.0
18.23485,0x220,0.0,0.0,1.0,6.25,3.47,0.44,18.0625,18.25,17.96875,18.0,9.8,0.0,0.0,139.0
18.23712,0x2B0,0.0,0.0,1.0,6.25,3.47,0.44,18.0625,18.25,17.96875,18.0,9.8,0.0,0.0,139.0
18.23895,0x316,0.0,0.0,1.0,6.25,3.47,0.44,18.0625,18.25,17.96875,18.0,9.8,0.0,0.0,139.0
18.23965,0x386,0.0,0.0,1.0,6.25,3.47,0.44,18.15625,18.3125,17.875,18.34375,9.8,0.0,0.0,139.0
18.24486,0x220,0.0,0.0,1.0,6.25,3.38,0.79,18.15625,18.3125,17.875,18.34375,9.8,0.0,0.0,139.0
18.24711,0x2B0,0.0,0.0,1.0,6.25,3.38,0.79,18.15625,18.3125,17.875,18.34375,9.8,0.0,0.0,139.0
18.24883,0x316,0.0,0.0,1.0,6.25,3.38,0.79,18.15625,18.3125,17.875,18.34375,9.8,0.0,0.0,139.0
18.25485,0x220,0.0,0.0,1.0,6.25,3.46,0.67,18.15625,18.3125,17.875,18.34375,9.8,0.0,0.0,139.0
18.25717,0x2B0,0.0,0.0,1.0,6.25,3.46,0.67,18.15625,18.3125,17.875,18.34375,9.8,0.0,0.0,139.0
18.25874,0x316,0.0,0.0,1.0,6.25,3.46,0.67,18.15625,18.3125,17.875,18.34375,9.8,0.0,0.0,139.0
18.2592,0x386,0.0,0.0,1.0,6.25,3.46,0.67,18.125,18.40625,17.75,18.5625,9.8,0.0,0.0,139.0
18.26488,0x220,0.0,0.0,1.0,6.25,3.5,0.3,18.125,18.40625,17.75,18.5625,9.8,0.0,0.0,139.0
18.26711,0x2B0,0.0,0.0,1.0,6.25,3.5,0.3,18.125,18.40625,17.75,18.5625,9.8,0.0,0.0,139.0
18.26887,0x316,0.0,0.0,1.0,6.25,3.5,0.3,18.125,18.40625,17.75,18.5625,9.8,0.0,0.0,139.0
18.27485,0x220,0.0,0.0,1.0,6.25,3.38,0.1,18.125,18.40625,17.75,18.5625,9.8,0.0,0.0,139.0
18.27718,0x2B0,0.0,0.0,1.0,6.25,3.38,0.1,18.125,18.40625,17.75,18.5625,9.8,0.0,0.0,139.0
18.27883,0x316,0.0,0.0,1.0,6.25,3.38,0.1,18.125,18.40625,17.75,18.5625,9.8,0.0,0.0,139.0
18.27931,0x386,0.0,0.0,1.0,6.25,3.38,0.1,18.28125,18.3125,18.0,18.6875,9.8,0.0,0.0,139.0
18.28488,0x220,0.0,0.0,1.0,6.25,3.15,0.3,18.28125,18.3125,18.0,18.6875,9.8,0.0,0.0,139.0
18.28711,0x2B0,0.0,0.0,1.0,6.25,3.15,0.3,18.28125,18.3125,18.0,18.6875,9.8,0.0,0.0,139.0
18.28869,0x316,0.0,0.0,1.0,6.25,3.15,0.3,18.28125,18.3125,18.0,18.6875,9.8,0.0,0.0,139.0
18.29485,0x220,0.0,0.0,1.0,6.25,2.86,0.72,18.28125,18.3125,18.0,18.6875,9.8,0.0,0.0,139.0
18.29717,0x2B0,0.0,0.0,1.0,6.25,2.86,0.72,18.28125,18.3125,18.0,18.6875,9.8,0.0,0.0,139.0
18.29878,0x316,0.0,0.0,1.0,6.25,2.86,0.72,18.28125,18.3125,18.0,18.6875,9.8,0.0,0.0,139.0
18.29925,0x386,0.0,0.0,1.0,6.25,2.86,0.72,18.25,18.34375,18.09375,18.4375,9.8,0.0,0.0,139.0
18.30488,0x220,0.0,0.0,1.0,6.25,2.67,0.99,18.25,18.34375,18.09375,18.4375,9.8,0.0,0.0,139.0
18.30711,0x2B0,0.0,0.0,1.0,6.25,2.67,0.99,18.25,18.34375,18.09375,18.4375,9.8,0.0,0.0,139.0
18.30872,0x316,0.0,0.0,1.0,6.25,2.67,0.99,18.25,18.34375,18.09375,18.4375,9.8,0.0,0.0,139.0
18.31484,0x220,0.0,0.0,1.0,6.25,2.7,1.04,18.25,18.34375,18.09375,18.4375,9.8,0.0,0.0,139.0
18.3171,0x2B0,0.0,0.0,1.0,6.25,2.7,1.04,18.25,18.34375,18.09375,18.4375,9.8,0.0,0.0,139.0
18.3189,0x316,0.0,0.0,1.0,6.25,2.7,1.04,18.25,18.34375,18.09375,18.4375,9.8,0.0,0.0,139.0
18.31937,0x386,0.0,0.0,1.0,6.25,2.7,1.04,18.375,18.625,17.78125,18.15625,9.8,0.0,0.0,139.0
18.32488,0x220,0.0,0.0,1.0,6.25,2.95,0.89,18.375,18.625,17.78125,18.15625,9.8,0.0,0.0,139.0
18.3271,0x2B0,0.0,0.0,1.0,6.25,2.95,0.89,18.375,18.625,17.78125,18.15625,9.8,0.0,0.0,139.0
18.3287,0x316,0.0,0.0,1.0,6.25,2.95,0.89,18.375,18.625,17.78125,18.15625,9.8,0.0,0.0,139.0
18.33485,0x220,0.0,0.0,1.0,6.25,3.33,0.76,18.375,18.625,17.78125,18.15625,9.8,0.0,0.0,139.0
18.33716,0x2B0,0.0,0.0,1.0,6.25,3.33,0.76,18.375,18.625,17.78125,18.15625,9.8,0.0,0.0,139.0
18.33888,0x316,0.0,0.0,1.0,6.25,3.33,0.76,18.375,18.625,17.78125,18.15625,9.8,0.0,0.0,139.0
18.33935,0x386,0.0,0.0,1.0,6.25,3.33,0.76,18.28125,18.53125,17.75,17.96875,9.8,0.0,0.0,139.0
18.34488,0x220,0.0,0.0,1.0,6.25,3.69,0.67,18.28125,18.53125,17.75,17.96875,9.8,0.0,0.0,139.0
18.34711,0x2B0,0.0,0.0,1.0,6.25,3.69,0.67,18.28125,18.53125,17.75,17.96875,9.8,0.0,0.0,139.0
18.34887,0x316,0.0,0.0,1.0,6.25,3.69,0.67,18.28125,18.53125,17.75,17.96875,9.8,0.0,0.0,139.0
18.35485,0x220,0.0,0.0,1.0,6.25,3.89,0.48,18.28125,18.53125,17.75,17.96875,9.8,0.0,0.0,139.0
18.35717,0x2B0,0.0,0.0,1.0,6.25,3.89,0.48,18.28125,18.53125,17.75,17.96875,9.8,0.0,0.0,139.0
18.3588,0x316,0.0,0.0,1.0,6.25,3.89,0.48,18.28125,18.53125,17.75,17.96875,9.8,0.0,0.0,139.0
18.35927,0x386,0.0,0.0,1.0,6.25,3.89,0.48,18.375,18.625,18.15625,18.0625,9.8,0.0,0.0,139.0
18.36488,0x220,0.0,0.0,1.0,6.25,3.8,0.34,18.375,18.625,18.15625,18.0625,9.8,0.0,0.0,139.0
18.36711,0x2B0,0.0,0.0,1.0,6.25,3.8,0.34,18.375,18.625,18.15625,18.0625,9.8,0.0,0.0,139.0
18.3689,0x316,0.0,0.0,1.0,6.25,3.8,0.34,18.375,18.625,18.15625,18.0625,9.8,0.0,0.0,139.0
18.37485,0x220,0.0,0.0,1.0,6.25,3.59,0.37,18.375,18.625,18.15625,18.0625,9.8,0.0,0.0,139.0
18.3771,0x2B0,0.0,0.0,1.0,6.25,3.59,0.37,18.375,18.625,18.15625,18.0625,9.8,0.0,0.0,139.0
18.37882,0x316,0.0,0.0,1.0,6.25,3.59,0.37,18.375,18.625,18.15625,18.0625,9.8,0.0,0.0,139.0
18.37929,0x386,0.0,0.0,1.0,6.25,3.59,0.37,18.4375,18.46875,17.96875,18.53125,9.8,0.0,0.0,139.0
18.3849,0x220,0.0,0.0,1.0,6.25,3.33,0.45,18.4375,18.46875,17.96875,18.53125,9.8,0.0,0.0,139.0
18.3871,0x2B0,0.0,0.0,1.0,6.25,3.33,0.45,18.4375,18.46875,17.96875,18.53125,9.8,0.0,0.0,139.0
18.38871,0x316,0.0,0.0,1.0,6.25,3.33,0.45,18.4375,18.46875,17.96875,18.53125,9.8,0.0,0.0,139.0
18.39485,0x220,0.0,0.0,1.0,6.25,3.2,0.47,18.4375,18.46875,17.96875,18.53125,9.8,0.0,0.0,139.0
18.39712,0x2B0,0.0,0.0,1.0,6.25,3.2,0.47,18.4375,18.46875,17.96875,18.53125,9.8,0.0,0.0,139.0
18.3988,0x316,0.0,0.0,1.0,6.25,3.2,0.47,18.4375,18.46875,17.96875,18.53125,9.8,0.0,0.0,139.0
18.39926,0x386,0.0,0.0,1.0,6.25,3.2,0.47,18.40625,18.59375,17.46875,18.28125,9.8,0.0,0.0,139.0
18.40488,0x220,0.0,0.0,1.0,6.25,3.28,0.29,18.40625,18.59375,17.46875,18.28125,9.8,0.0,0.0,139.0
18.40711,0x2B0,0.0,0.0,1.0,6.25,3.28,0.29,18.40625,18.59375,17.46875,18.28125,9.5,12.0,0.0,139.0
18.40873,0x316,0.0,0.0,1.0,6.25,3.28,0.29,18.40625,18.59375,17.46875,18.28125,9.5,12.0,0.0,139.0
18.41485,0x220,0.0,0.0,1.0,6.25,3.44,0.0,18.40625,18.59375,17.46875,18.28125,9.5,12.0,0.0,139.0
18.41712,0x2B0,0.0,0.0,1.0,6.25,3.44,0.0,18.40625,18.59375,17.46875,18.28125,9.4,20.0,0.0,139.0
18.41876,0x316,0.0,0.0,1.0,6.25,3.44,0.0,18.40625,18.59375,17.46875,18.28125,9.4,20.0,0.0,139.0
18.41924,0x386,0.0,0.0,1.0,6.25,3.44,0.0,18.34375,18.5,17.4375,17.5,9.4,20.0,0.0,139.0
18.42489,0x220,0.0,0.0,1.0,6.25,3.59,-0.13,18.34375,18.5,17.4375,17.5,9.4,20.0,0.0,139.0
18.42713,0x2B0,0.0,0.0,1.0,6.25,3.59,-0.13,18.34375,18.5,17.4375,17.5,9.4,0.0,0.0,139.0
18.42872,0x316,0.0,0.0,1.0,6.25,3.59,-0.13,18.34375,18.5,17.4375,17.5,9.4,0.0,0.0,139.0
18.43485,0x220,0.0,0.0,1.0,6.25,3.6,0.06,18.34375,18.5,17.4375,17.5,9.4,0.0,0.0,139.0
18.43713,0x2B0,0.0,0.0,1.0,6.25,3.6,0.06,18.34375,18.5,17.4375,17.5,9.1,12.0,0.0,139.0
18.43895,0x316,0.0,0.0,1.0,6.25,3.6,0.06,18.34375,18.5,17.4375,17.5,9.1,12.0,0.0,139.0
18.43942,0x386,0.0,0.0,1.0,6.25,3.6,0.06,18.4375,18.53125,17.34375,17.3125,9.1,12.0,0.0,139.0
18.44488,0x220,0.0,0.0,1.0,6.25,3.47,0.32,18.4375,18.53125,17.34375,17.3125,9.1,12.0,0.0,139.0
18.44713,0x2B0,0.0,0.0,1.0,6.25,3.47,0.32,18.4375,18.53125,17.34375,17.3125,9.1,12.0,0.0,139.0
18.44887,0x316,0.0,0.0,1.0,6.25,3.47,0.32,18.4375,18.53125,17.34375,17.3125,9.1,12.0,0.0,139.0
18.45485,0x220,0.0,0.0,1.0,6.25,3.21,0.27,18.4375,18.53125,17.34375,17.3125,9.1,12.0,0.0,139.0
18.45712,0x2B0,0.0,0.0,1.0,6.25,3.21,0.27,18.4375,18.53125,17.34375,17.3125,8.7,20.0,0.0,139.0
18.45875,0x316,0.0,0.0,1.0,6.25,3.21,0.27,18.4375,18.53125,17.34375,17.3125,8.7,20.0,0.0,139.0
18.45922,0x386,0.0,0.0,1.0,6.25,3.21,0.27,18.1875,18.46875,17.4375,18.3125,8.7,20.0,0.0,139.0
18.46489,0x220,0.0,0.0,1.0,6.25,2.93,0.0,18.1875,18.46875,17.4375,18.3125,8.7,20.0,0.0,139.0
18.46713,0x2B0,0.0,0.0,1.0,6.25,2.93,0.0,18.1875,18.46875,17.4375,18.3125,8.7,20.0,0.0,139.0
18.46886,0x316,0.0,0.0,1.0,6.25,2.93,0.0,18.1875,18.46875,17.4375,18.3125,8.7,20.0,0.0,139.0
18.47485,0x220,0.0,0.0,1.0,6.25,2.76,-0.29,18.1875,18.46875,17.4375,18.3125,8.7,20.0,0.0,139.0
18.47715,0x2B0,0.0,0.0,1.0,6.25,2.76,-0.29,18.1875,18.46875,17.4375,18.3125,8.4,12.0,0.0,139.0
18.47889,0x316,0.0,0.0,1.0,6.25,2.76,-0.29,18.1875,18.46875,17.4375,18.3125,8.4,12.0,0.0,139.0
18.47936,0x386,0.0,0.0,1.0,6.25,2.76,-0.29,18.34375,18.28125,17.8125,19.03125,8.4,12.0,0.0,139.0
18.48489,0x220,0.0,0.0,1.0,6.25,2.79,-0.41,18.34375,18.28125,17.8125,19.03125,8.4,12.0,0.0,139.0
18.48715,0x2B0,0.0,0.0,1.0,6.25,2.79,-0.41,18.34375,18.28125,17.8125,19.03125,8.2,24.0,0.0,139.0
18.48874,0x316,0.0,0.0,1.0,6.25,2.79,-0.41,18.34375,18.28125,17.8125,19.03125,8.2,24.0,0.0,139.0
18.49486,0x220,0.0,0.0,1.0,6.25,3.03,-0.28,18.34375,18.28125,17.8125,19.03125,8.2,24.0,0.0,139.0
18.49713,0x2B0,0.0,0.0,1.0,6.25,3.03,-0.28,18.34375,18.28125,17.8125,19.03125,8.0,20.0,0.0,139.0
18.49874,0x316,0.0,0.0,1.0,6.25,3.03,-0.28,18.34375,18.28125,17.8125,19.03125,8.0,20.0,0.0,139.0
18.49921,0x386,0.0,0.0,1.0,6.25,3.03,-0.28,18.0625,18.3125,18.09375,18.53125,8.0,20.0,0.0,139.0
18.50489,0x220,0.0,0.0,1.0,6.25,3.43,-0.07,18.0625,18.3125,18.09375,18.53125,8.0,20.0,0.0,139.0
18.50713,0x2B0,0.0,0.0,1.0,6.25,3.43,-0.07,18.0625,18.3125,18.09375,18.53125,7.8,20.0,0.0,139.0
18.50872,0x316,0.0,0.0,1.0,6.25,3.43,-0.07,18.0625,18.3125,18.09375,18.53125,7.8,20.0,0.0,138.0
18.51484,0x220,0.0,0.0,1.0,6.25,3.8,0.02,18.0625,18.3125,18.09375,18.53125,7.8,20.0,0.0,138.0
18.51714,0x2B0,0.0,0.0,1.0,6.25,3.8,0.02,18.0625,18.3125,18.09375,18.53125,7.6,20.0,0.0,138.0
18.51881,0x316,0.0,0.0,1.0,6.25,3.8,0.02,18.0625,18.3125,18.09375,18.53125,7.6,20.0,0.0,138.0
18.51928,0x386,0.0,0.0,1.0,6.25,3.8,0.02,18.03125,18.28125,18.125,18.0625,7.6,20.0,0.0,138.0
18.52489,0x220,0.0,0.0,1.0,6.25,3.98,0.16,18.03125,18.28125,18.125,18.0625,7.6,20.0,0.0,138.0
18.52713,0x2B0,0.0,0.0,1.0,6.25,3.98,0.16,18.03125,18.28125,18.125,18.0625,7.4,20.0,0.0,138.0
18.52881,0x316,0.0,0.0,1.0,6.25,3.98,0.16,18.03125,18.28125,18.125,18.0625,7.4,20.0,0.0,138.0
18.53487,0x220,0.0,0.0,1.0,6.25,3.95,0.23,18.03125,18.28125,18.125,18.0625,7.4,20.0,0.0,138.0
18.53711,0x2B0,0.0,0.0,1.0,6.25,3.95,0.23,18.03125,18.28125,18.125,18.0625,7.1,24.0,0.0,138.0
18.53882,0x316,0.0,0.0,1.0,6.25,3.95,0.23,18.03125,18.28125,18.125,18.0625,7.1,24.0,0.0,138.0
18.53929,0x386,0.0,0.0,1.0,6.25,3.95,0.23,18.1875,18.15625,18.0625,18.0,7.1,24.0,0.0,138.0
18.54488,0x220,0.0,0.0,1.0,6.25,3.78,0.04,18.1875,18.15625,18.0625,18.0,7.1,24.0,0.0,138.0
18.54715,0x2B0,0.0,0.0,1.0,6.25,3.78,0.04,18.1875,18.15625,18.0625,18.0,6.8,28.0,0.0,138.0
18.54887,0x316,0.0,0.0,1.0,6.25,3.78,0.04,18.1875,18.15625,18.0625,18.0,6.8,28.0,0.0,138.0
18.55484,0x220,0.0,0.0,1.0,6.25,3.49,-0.42,18.1875,18.15625,18.0625,18.0,6.8,28.0,0.0,138.0
18.55716,0x2B0,0.0,0.0,1.0,6.25,3.49,-0.42,18.1875,18.15625,18.0625,18.0,6.6,24.0,0.0,138.0
18.55878,0x316,0.0,0.0,1.0,6.25,3.49,-0.42,18.1875,18.15625,18.0625,18.0,6.6,24.0,0.0,138.0
18.55925,0x386,0.0,0.0,1.0,6.25,3.49,-0.42,18.0,18.25,17.96875,18.4375,6.6,24.0,0.0,138.0
18.56489,0x220,0.0,0.0,1.0,6.25,3.14,-0.92,18.0,18.25,17.96875,18.4375,6.6,24.0,0.0,138.0
18.56712,0x2B0,0.0,0.0,1.0,6.25,3.14,-0.92,18.0,18.25,17.96875,18.4375,6.6,8.0,0.0,138.0
18.569,0x316,0.0,0.0,1.0,6.25,3.14,-0.92,18.0,18.25,17.96875,18.4375,6.6,8.0,0.0,138.0
18.57486,0x220,0.0,0.0,1.0,6.25,2.85,-1.06,18.0,18.25,17.96875,18.4375,6.6,8.0,0.0,138.0
18.5771,0x2B0,0.0,0.0,1.0,6.25,2.85,-1.06,18.0,18.25,17.96875,18.4375,6.3,12.0,0.0,138.0
18.57877,0x316,0.0,0.0,1.0,6.25,2.85,-1.06,18.0,18.25,17.96875,18.4375,6.3,12.0,0.0,139.0
18.57925,0x386,0.0,0.0,1.0,6.25,2.85,-1.06,18.25,18.375,18.0625,18.65625,6.3,12.0,0.0,139.0
18.5849,0x220,0.0,0.0,1.0,6.25,2.77,-0.8,18.25,18.375,18.0625,18.65625,6.3,12.0,0.0,139.0
18.58711,0x2B0,0.0,0.0,1.0,6.25,2.77,-0.8,18.25,18.375,18.0625,18.65625,6.3,12.0,0.0,139.0
18.58872,0x316,0.0,0.0,1.0,6.25,2.77,-0.8,18.25,18.375,18.0625,18.65625,6.3,12.0,0.0,139.0
18.59484,0x220,0.0,0.0,1.0,6.25,3.02,-0.31,18.25,18.375,18.0625,18.65625,6.3,12.0,0.0,139.0
18.59709,0x2B0,0.0,0.0,1.0,6.25,3.02,-0.31,18.25,18.375,18.0625,18.65625,6.1,8.0,0.0,139.0
18.5988,0x316,0.0,0.0,1.0,6.25,3.02,-0.31,18.25,18.375,18.0625,18.65625,6.1,8.0,0.0,139.0
18.59926,0x386,0.0,0.0,1.0,6.25,3.02,-0.31,18.21875,18.375,18.21875,18.53125,6.1,8.0,0.0,139.0
18.60488,0x220,0.0,0.0,1.0,6.25,3.48,0.0,18.21875,18.375,18.21875,18.53125,6.1,8.0,0.0,139.0
18.60712,0x2B0,0.0,0.0,1.0,6.25,3.48,0.0,18.21875,18.375,18.21875,18.53125,6.1,8.0,0.0,139.0
18.60874,0x316,0.0,0.0,1.0,6.25,3.48,0.0,18.21875,18.375,18.21875,18.53125,6.1,8.0,0.0,139.0
18.61484,0x220,0.0,0.0,1.0,6.25,3.88,-0.06,18.21875,18.375,18.21875,18.53125,6.1,8.0,0.0,139.0
18.6171,0x2B0,0.0,0.0,1.0,6.25,3.88,-0.06,18.21875,18.375,18.21875,18.53125,6.0,0.0,0.0,139.0
18.61877,0x316,0.0,0.0,1.0,6.25,3.88,-0.06,18.21875,18.375,18.21875,18.53125,6.0,0.0,0.0,139.0
18.61924,0x386,0.0,0.0,1.0,6.25,3.88,-0.06,18.25,18.5625,18.4375,18.5,6.0,0.0,0.0,139.0
18.62489,0x220,0.0,0.0,1.0,6.25,4.06,-0.33,18.25,18.5625,18.4375,18.5,6.0,0.0,0.0,139.0
18.62706,0x2B0,0.0,0.0,1.0,6.25,4.06,-0.33,18.25,18.5625,18.4375,18.5,6.0,0.0,0.0,139.0
18.62872,0x316,0.0,0.0,1.0,6.25,4.06,-0.33,18.25,18.5625,18.4375,18.5,6.0,0.0,0.0,139.0
18.63486,0x220,0.0,0.0,1.0,6.25,3.94,-0.51,18.25,18.5625,18.4375,18.5,6.0,0.0,0.0,139.0
18.63712,0x2B0,0.0,0.0,1.0,6.25,3.94,-0.51,18.25,18.5625,18.4375,18.5,6.0,0.0,0.0,139.0
18.63892,0x316,0.0,0.0,1.0,6.25,3.94,-0.51,18.25,18.5625,18.4375,18.5,6.0,0.0,0.0,139.0
18.63939,0x386,0.0,0.0,1.0,6.25,3.94,-0.51,18.28125,18.46875,18.28125,18.53125,6.0,0.0,0.0,139.0
18.64488,0x220,0.0,0.0,1.0,6.25,3.63,-0.53,18.28125,18.46875,18.28125,18.53125,6.0,0.0,0.0,139.0
18.6471,0x2B0,0.0,0.0,1.0,6.25,3.63,-0.53,18.28125,18.46875,18.28125,18.53125,6.0,0.0,0.0,139.0
18.64888,0x316,0.0,0.0,1.0,6.25,3.63,-0.53,18.28125,18.46875,18.28125,18.53125,6.0,0.0,0.0,139.0
18.65484,0x220,0.0,0.0,1.0,6.25,3.31,-0.57,18.28125,18.46875,18.28125,18.53125,6.0,0.0,0.0,139.0
18.65711,0x2B0,0.0,0.0,1.0,6.25,3.31,-0.57,18.28125,18.46875,18.28125,18.53125,5.9,0.0,0.0,139.0
18.65875,0x316,0.0,0.0,1.0,6.25,3.31,-0.57,18.28125,18.46875,18.28125,18.53125,5.9,0.0,0.0,139.0
18.65922,0x386,0.0,0.0,1.0,6.25,3.31,-0.57,18.34375,18.5625,18.53125,18.28125,5.9,0.0,0.0,139.0
18.66489,0x220,0.0,0.0,1.0,6.25,3.04,-0.76,18.34375,18.5625,18.53125,18.28125,5.9,0.0,0.0,139.0
18.66706,0x2B0,0.0,0.0,1.0,6.25,3.04,-0.76,18.34375,18.5625,18.53125,18.28125,5.9,0.0,0.0,139.0
18.66889,0x316,0.0,0.0,1.0,6.25,3.04,-0.76,18.34375,18.5625,18.53125,18.28125,5.9,0.0,0.0,139.0
18.67486,0x220,0.0,0.0,1.0,6.25,2.8,-0.97,18.34375,18.5625,18.53125,18.28125,5.9,0.0,0.0,139.0
18.67716,0x2B0,0.0,0.0,1.0,6.25,2.8,-0.97,18.34375,18.5625,18.53125,18.28125,5.9,0.0,0.0,139.0
18.6788,0x316,0.0,0.0,1.0,6.25,2.8,-0.97,18.34375,18.5625,18.53125,18.28125,5.9,0.0,0.0,139.0
18.67927,0x386,0.0,0.0,1.0,6.25,2.8,-0.97,18.53125,18.625,18.5625,17.9375,5.9,0.0,0.0,139.0
18.6849,0x220,0.0,0.0,1.0,6.25,2.55,-0.9,18.53125,18.625,18.5625,17.9375,5.9,0.0,0.0,139.0
18.68706,0x2B0,0.0,0.0,1.0,6.25,2.55,-0.9,18.53125,18.625,18.5625,17.9375,5.9,0.0,0.0,139.0
18.68878,0x316,0.0,0.0,1.0,6.25,2.55,-0.9,18.53125,18.625,18.5625,17.9375,5.9,0.0,0.0,139.0
18.69484,0x220,0.0,0.0,1.0,6.25,2.42,-0.62,18.53125,18.625,18.5625,17.9375,5.9,0.0,0.0,139.0
18.69706,0x2B0,0.0,0.0,1.0,6.25,2.42,-0.62,18.53125,18.625,18.5625,17.9375,5.9,0.0,0.0,139.0
18.69875,0x316,0.0,0.0,1.0,6.25,2.42,-0.62,18.53125,18.625,18.5625,17.9375,5.9,0.0,0.0,139.0
18.69922,0x386,0.0,0.0,1.0,6.25,2.42,-0.62,18.65625,18.78125,18.40625,17.84375,5.9,0.0,0.0,139.0
18.7049,0x220,0.0,0.0,1.0,6.25,2.38,-0.34,18.65625,18.78125,18.40625,17.84375,5.9,0.0,0.0,139.0
18.70706,0x2B0,0.0,0.0,1.0,6.25,2.38,-0.34,18.65625,18.78125,18.40625,17.84375,5.9,0.0,0.0,139.0
18.70871,0x316,0.0,0.0,1.0,6.25,2.38,-0.34,18.65625,18.78125,18.40625,17.84375,5.9,0.0,0.0,139.0
18.71486,0x220,0.0,0.0,1.0,6.25,2.4,-0.26,18.65625,18.78125,18.40625,17.84375,5.9,0.0,0.0,139.0
18.71707,0x2B0,0.0,0.0,1.0,6.25,2.4,-0.26,18.65625,18.78125,18.40625,17.84375,5.9,0.0,0.0,139.0
18.71878,0x316,0.0,0.0,1.0,6.25,2.4,-0.26,18.65625,18.78125,18.40625,17.84375,5.9,0.0,0.0,139.0
18.71925,0x386,0.0,0.0,1.0,6.25,2.4,-0.26,18.75,18.8125,18.0625,17.875,5.9,0.0,0.0,139.0
18.7249,0x220,0.0,0.0,1.0,6.25,2.42,-0.4,18.75,18.8125,18.0625,17.875,5.9,0.0,0.0,139.0
18.72707,0x2B0,0.0,0.0,1.0,6.25,2.42,-0.4,18.75,18.8125,18.0625,17.875,5.9,0.0,0.0,139.0
18.7288,0x316,0.0,0.0,1.0,6.25,2.42,-0.4,18.75,18.8125,18.0625,17.875,5.9,0.0,0.0,139.0
18.73487,0x220,0.0,0.0,1.0,6.25,2.35,-0.56,18.75,18.8125,18.0625,17.875,5.9,0.0,0.0,139.0
18.73707,0x2B0,0.0,0.0,1.0,6.25,2.35,-0.56,18.75,18.8125,18.0625,17.875,5.9,0.0,0.0,139.0
18.73881,0x316,0.0,0.0,1.0,6.25,2.35,-0.56,18.75,18.8125,18.0625,17.875,5.9,0.0,0.0,139.0
18.73928,0x386,0.0,0.0,1.0,6.25,2.35,-0.56,18.8125,18.75,18.125,17.65625,5.9,0.0,0.0,139.0
18.74488,0x220,0.0,0.0,1.0,6.25,2.19,-0.61,18.8125,18.75,18.125,17.65625,5.9,0.0,0.0,139.0
18.74714,0x2B0,0.0,0.0,1.0,6.25,2.19,-0.61,18.8125,18.75,18.125,17.65625,5.9,0.0,0.0,139.0
18.74895,0x316,0.0,0.0,1.0,6.25,2.19,-0.61,18.8125,18.75,18.125,17.65625,5.9,0.0,0.0,139.0
18.75486,0x220,0.0,0.0,1.0,6.25,1.84,-0.45,18.8125,18.75,18.125,17.65625,5.9,0.0,0.0,139.0
18.75708,0x2B0,0.0,0.0,1.0,6.25,1.84,-0.45,18.8125,18.75,18.125,17.65625,6.0,0.0,0.0,139.0
18.75877,0x316,0.0,0.0,1.0,6.25,1.84,-0.45,18.8125,18.75,18.125,17.65625,6.0,0.0,0.0,139.0
18.75923,0x386,0.0,0.0,1.0,6.25,1.84,-0.45,18.6875,18.75,17.53125,17.71875,6.0,0.0,0.0,139.0
18.7649,0x220,0.0,0.0,1.0,6.25,1.44,-0.13,18.6875,18.75,17.53125,17.71875,6.0,0.0,0.0,139.0
18.76704,0x2B0,0.0,0.0,1.0,6.25,1.44,-0.13,18.6875,18.75,17.53125,17.71875,6.0,0.0,0.0,139.0
18.76903,0x316,0.0,0.0,1.0,6.25,1.44,-0.13,18.6875,18.75,17.53125,17.71875,6.0,0.0,0.0,138.0
18.77484,0x220,0.0,0.0,1.0,6.25,1.08,0.25,18.6875,18.75,17.53125,17.71875,6.0,0.0,0.0,138.0
18.77713,0x2B0,0.0,0.0,1.0,6.25,1.08,0.25,18.6875,18.75,17.53125,17.71875,6.0,0.0,0.0,138.0
18.7788,0x316,0.0,0.0,1.0,6.25,1.08,0.25,18.6875,18.75,17.53125,17.71875,6.0,0.0,0.0,138.0
18.77927,0x386,0.0,0.0,1.0,6.25,1.08,0.25,18.625,18.6875,18.0625,18.21875,6.0,0.0,0.0,138.0
18.78491,0x220,0.0,0.0,1.0,6.25,0.83,0.51,18.625,18.6875,18.0625,18.21875,6.0,0.0,0.0,138.0
18.78707,0x2B0,0.0,0.0,1.0,6.25,0.83,0.51,18.625,18.6875,18.0625,18.21875,6.1,0.0,0.0,138.0
18.78876,0x316,0.0,0.0,1.0,6.25,0.83,0.51,18.625,18.6875,18.0625,18.21875,6.1,0.0,0.0,138.0
18.79486,0x220,0.0,0.0,1.0,6.25,0.75,0.6,18.625,18.6875,18.0625,18.21875,6.1,0.0,0.0,138.0
18.79705,0x2B0,0.0,0.0,1.0,6.25,0.75,0.6,18.625,18.6875,18.0625,18.21875,6.1,0.0,0.0,138.0
18.79875,0x316,0.0,0.0,1.0,6.25,0.75,0.6,18.625,18.6875,18.0625,18.21875,6.1,0.0,0.0,137.0
18.79922,0x386,0.0,0.0,1.0,6.25,0.75,0.6,18.65625,18.46875,18.65625,18.59375,6.1,0.0,0.0,137.0
18.80489,0x220,0.0,0.0,1.0,6.25,0.75,0.66,18.65625,18.46875,18.65625,18.59375,6.1,0.0,0.0,137.0
18.80712,0x2B0,0.0,0.0,1.0,6.25,0.75,0.66,18.65625,18.46875,18.65625,18.59375,6.1,0.0,0.0,137.0
18.80883,0x316,0.0,0.0,1.0,6.25,0.75,0.66,18.65625,18.46875,18.65625,18.59375,6.1,0.0,0.0,136.0
18.81485,0x220,0.0,0.0,1.0,6.25,0.63,0.7,18.65625,18.46875,18.65625,18.59375,6.1,0.0,0.0,136.0
18.8171,0x2B0,0.0,0.0,1.0,6.25,0.63,0.7,18.65625,18.46875,18.65625,18.59375,6.1,0.0,0.0,136.0
18.81879,0x316,0.0,0.0,1.0,6.25,0.63,0.7,18.65625,18.46875,18.65625,18.59375,6.1,0.0,0.0,136.0
18.81926,0x386,0.0,0.0,1.0,6.25,0.63,0.7,18.4375,18.4375,18.40625,18.75,6.1,0.0,0.0,136.0
18.8249,0x220,0.0,0.0,1.0,6.25,0.39,0.83,18.4375,18.4375,18.40625,18.75,6.1,0.0,0.0,136.0
18.82711,0x2B0,0.0,0.0,1.0,6.25,0.39,0.83,18.4375,18.4375,18.40625,18.75,5.9,8.0,0.0,136.0
18.82874,0x316,0.0,0.0,1.0,6.25,0.39,0.83,18.4375,18.4375,18.40625,18.75,5.9,8.0,0.0,136.0
18.83487,0x220,0.0,0.0,1.0,6.25,0.19,1.08,18.4375,18.4375,18.40625,18.75,5.9,8.0,0.0,136.0
18.83712,0x2B0,0.0,0.0,1.0,6.25,0.19,1.08,18.4375,18.4375,18.40625,18.75,5.9,8.0,0.0,136.0
18.83881,0x316,0.0,0.0,1.0,6.25,0.19,1.08,18.4375,18.4375,18.40625,18.75,5.9,8.0,0.0,136.0
18.83928,0x386,0.0,0.0,1.0,6.25,0.19,1.08,18.59375,18.46875,18.4375,18.875,5.9,8.0,0.0,136.0
18.84488,0x220,0.0,0.0,1.0,6.25,0.17,1.39,18.59375,18.46875,18.4375,18.875,5.9,8.0,0.0,136.0
18.8471,0x2B0,0.0,0.0,1.0,6.25,0.17,1.39,18.59375,18.46875,18.4375,18.875,5.7,8.0,0.0,136.0
18.84897,0x316,0.0,0.0,1.0,6.25,0.17,1.39,18.59375,18.46875,18.4375,18.875,5.7,8.0,0.0,137.0
18.85487,0x220,0.0,0.0,1.0,6.25,0.33,1.57,18.59375,18.46875,18.4375,18.875,5.7,8.0,0.0,137.0
18.8571,0x2B0,0.0,0.0,1.0,6.25,0.33,1.57,18.59375,18.46875,18.4375,18.875,5.7,8.0,0.0,137.0
18.85882,0x316,0.0,0.0,1.0,6.25,0.33,1.57,18.59375,18.46875,18.4375,18.875,5.7,8.0,0.0,137.0
18.85929,0x386,0.0,0.0,1.0,6.25,0.33,1.57,18.46875,18.375,18.96875,18.875,5.7,8.0,0.0,137.0
18.8649,0x220,0.0,0.0,1.0,6.25,0.6,1.51,18.46875,18.375,18.96875,18.875,5.7,8.0,0.0,137.0
18.86711,0x2B0,0.0,0.0,1.0,6.25,0.6,1.51,18.46875,18.375,18.96875,18.875,5.7,0.0,0.0,137.0
18.86891,0x316,0.0,0.0,1.0,6.25,0.6,1.51,18.46875,18.375,18.96875,18.875,5.7,0.0,0.0,138.0
18.87488,0x220,0.0,0.0,1.0,6.25,0.87,1.32,18.46875,18.375,18.96875,18.875,5.7,0.0,0.0,138.0
18.8771,0x2B0,0.0,0.0,1.0,6.25,0.87,1.32,18.46875,18.375,18.96875,18.875,5.6,0.0,0.0,138.0
18.8788,0x316,0.0,0.0,1.0,6.25,0.87,1.32,18.46875,18.375,18.96875,18.875,5.6,0.0,0.0,138.0
18.87927,0x386,0.0,0.0,1.0,6.25,0.87,1.32,18.625,18.625,18.84375,18.65625,5.6,0.0,0.0,138.0
18.8849,0x220,0.0,0.0,1.0,6.25,0.95,1.27,18.625,18.625,18.84375,18.65625,5.6,0.0,0.0,138.0
18.88705,0x2B0,0.0,0.0,1.0,6.25,0.95,1.27,18.625,18.625,18.84375,18.65625,5.6,0.0,0.0,138.0
18.88882,0x316,0.0,0.0,1.0,6.25,0.95,1.27,18.625,18.625,18.84375,18.65625,5.6,0.0,0.0,138.0
18.89485,0x220,0.0,0.0,1.0,6.25,0.96,1.47,18.625,18.625,18.84375,18.65625,5.6,0.0,0.0,138.0
18.89705,0x2B0,0.0,0.0,1.0,6.25,0.96,1.47,18.625,18.625,18.84375,18.65625,5.6,0.0,0.0,138.0
18.8988,0x316,0.0,0.0,1.0,6.25,0.96,1.47,18.625,18.625,18.84375,18.65625,5.6,0.0,0.0,139.0
18.89927,0x386,0.0,0.0,1.0,6.25,0.96,1.47,18.59375,18.65625,18.3125,18.6875,5.6,0.0,0.0,139.0
18.9049,0x220,0.0,0.0,1.0,6.25,1.08,1.66,18.59375,18.65625,18.3125,18.6875,5.6,0.0,0.0,139.0
18.90706,0x2B0,0.0,0.0,1.0,6.25,1.08,1.66,18.59375,18.65625,18.3125,18.6875,5.7,0.0,0.0,139.0
18.90874,0x316,0.0,0.0,1.0,6.25,1.08,1.66,18.59375,18.65625,18.3125,18.6875,5.7,0.0,0.0,139.0
18.91487,0x220,0.0,0.0,1.0,6.25,1.45,1.63,18.59375,18.65625,18.3125,18.6875,5.7,0.0,0.0,139.0
18.91706,0x2B0,0.0,0.0,1.0,6.25,1.45,1.63,18.59375,18.65625,18.3125,18.6875,5.7,0.0,0.0,139.0
18.9188,0x316,0.0,0.0,1.0,6.25,1.45,1.63,18.59375,18.65625,18.3125,18.6875,5.7,0.0,0.0,138.0
18.91926,0x386,0.0,0.0,1.0,6.25,1.45,1.63,18.71875,18.9375,18.15625,18.8125,5.7,0.0,0.0,138.0
18.92489,0x220,0.0,0.0,1.0,6.25,2.04,1.35,18.71875,18.9375,18.15625,18.8125,5.7,0.0,0.0,138.0
18.92708,0x2B0,0.0,0.0,1.0,6.25,2.04,1.35,18.71875,18.9375,18.15625,18.8125,5.9,8.0,0.0,138.0
18.92882,0x316,0.0,0.0,1.0,6.25,2.04,1.35,18.71875,18.9375,18.15625,18.8125,5.9,8.0,0.0,138.0
18.93487,0x220,0.0,0.0,1.0,6.25,2.54,0.99,18.71875,18.9375,18.15625,18.8125,5.9,8.0,0.0,138.0
18.93711,0x2B0,0.0,0.0,1.0,6.25,2.54,0.99,18.71875,18.9375,18.15625,18.8125,5.9,8.0,0.0,138.0
18.9389,0x316,0.0,0.0,1.0,6.25,2.54,0.99,18.71875,18.9375,18.15625,18.8125,5.9,8.0,0.0,138.0
18.93937,0x386,0.0,0.0,1.0,6.25,2.54,0.99,18.625,18.875,18.28125,18.5625,5.9,8.0,0.0,138.0
18.94489,0x220,0.0,0.0,1.0,6.25,2.73,0.84,18.625,18.875,18.28125,18.5625,5.9,8.0,0.0,138.0
18.94706,0x2B0,0.0,0.0,1.0,6.25,2.73,0.84,18.625,18.875,18.28125,18.5625,6.1,8.0,0.0,138.0
18.94891,0x316,0.0,0.0,1.0,6.25,2.73,0.84,18.625,18.875,18.28125,18.5625,6.1,8.0,0.0,138.0
18.95487,0x220,0.0,0.0,1.0,6.25,2.6,0.99,18.625,18.875,18.28125,18.5625,6.1,8.0,0.0,138.0
18.95705,0x2B0,0.0,0.0,1.0,6.25,2.6,0.99,18.625,18.875,18.28125,18.5625,6.1,8.0,0.0,138.0
18.95875,0x316,0.0,0.0,1.0,6.25,2.6,0.99,18.625,18.875,18.28125,18.5625,6.1,8.0,0.0,138.0
18.95921,0x386,0.0,0.0,1.0,6.25,2.6,0.99,18.71875,18.75,18.34375,18.40625,6.1,8.0,0.0,138.0
18.96491,0x220,0.0,0.0,1.0,6.25,2.34,1.22,18.71875,18.75,18.34375,18.40625,6.1,8.0,0.0,138.0
18.96707,0x2B0,0.0,0.0,1.0,6.25,2.34,1.22,18.71875,18.75,18.34375,18.40625,6.2,0.0,0.0,138.0
18.96899,0x316,0.0,0.0,1.0,6.25,2.34,1.22,18.71875,18.75,18.34375,18.40625,6.2,0.0,0.0,138.0
18.97487,0x220,0.0,0.0,1.0,6.25,2.08,1.17,18.71875,18.75,18.34375,18.40625,6.2,0.0,0.0,138.0
18.97706,0x2B0,0.0,0.0,1.0,6.25,2.08,1.17,18.71875,18.75,18.34375,18.40625,6.2,0.0,0.0,138.0
18.97881,0x316,0.0,0.0,1.0,6.25,2.08,1.17,18.71875,18.75,18.34375,18.40625,6.2,0.0,0.0,138.0
18.97928,0x386,0.0,0.0,1.0,6.25,2.08,1.17,18.65625,18.90625,18.40625,18.4375,6.2,0.0,0.0,138.0
18.9849,0x220,0.0,0.0,1.0,6.25,1.95,0.79,18.65625,18.90625,18.40625,18.4375,6.2,0.0,0.0,138.0
18.98705,0x2B0,0.0,0.0,1.0,6.25,1.95,0.79,18.65625,18.90625,18.40625,18.4375,6.2,0.0,0.0,138.0
18.98874,0x316,0.0,0.0,1.0,6.25,1.95,0.79,18.65625,18.90625,18.40625,18.4375,6.2,0.0,0.0,138.0
18.99488,0x220,0.0,0.0,1.0,6.25,2.06,0.36,18.65625,18.90625,18.40625,18.4375,6.2,0.0,0.0,138.0
18.99706,0x2B0,0.0,0.0,1.0,6.25,2.06,0.36,18.65625,18.90625,18.40625,18.4375,6.2,0.0,0.0,138.0
18.99873,0x316,0.0,0.0,1.0,6.25,2.06,0.36,18.65625,18.90625,18.40625,18.4375,6.2,0.0,0.0,138.0
18.9992,0x386,0.0,0.0,1.0,6.25,2.06,0.36,18.75,18.90625,18.625,18.84375,6.2,0.0,0.0,138.0
19.00491,0x220,0.0,0.0,1.0,6.25,2.4,0.15,18.75,18.90625,18.625,18.84375,6.2,0.0,0.0,138.0
19.00705,0x2B0,0.0,0.0,1.0,6.25,2.4,0.15,18.75,18.90625,18.625,18.84375,6.2,0.0,0.0,138.0
19.00878,0x316,0.0,0.0,1.0,6.25,2.4,0.15,18.75,18.90625,18.625,18.84375,6.2,0.0,0.0,139.0
19.01486,0x220,0.0,0.0,1.0,6.25,2.84,0.17,18.75,18.90625,18.625,18.84375,6.2,0.0,0.0,139.0
19.01711,0x2B0,0.0,0.0,1.0,6.25,2.84,0.17,18.75,18.90625,18.625,18.84375,6.2,0.0,0.0,139.0
19.01877,0x316,0.0,0.0,1.0,6.25,2.84,0.17,18.75,18.90625,18.625,18.84375,6.2,0.0,0.0,138.0
19.01924,0x386,0.0,0.0,1.0,6.25,2.84,0.17,18.875,18.96875,18.65625,19.0,6.2,0.0,0.0,138.0
19.02491,0x220,0.0,0.0,1.0,6.25,3.26,0.25,18.875,18.96875,18.65625,19.0,6.2,0.0,0.0,138.0
19.02708,0x2B0,0.0,0.0,1.0,6.25,3.26,0.25,18.875,18.96875,18.65625,19.0,6.1,0.0,0.0,138.0
19.02874,0x316,0.0,0.0,1.0,6.25,3.26,0.25,18.875,18.96875,18.65625,19.0,6.1,0.0,0.0,139.0
19.03488,0x220,0.0,0.0,1.0,6.25,3.49,0.14,18.875,18.96875,18.65625,19.0,6.1,0.0,0.0,139.0
19.0371,0x2B0,0.0,0.0,1.0,6.25,3.49,0.14,18.875,18.96875,18.65625,19.0,6.1,0.0,0.0,139.0
19.03884,0x316,0.0,0.0,1.0,6.25,3.49,0.14,18.875,18.96875,18.65625,19.0,6.1,0.0,0.0,139.0
19.0393,0x386,0.0,0.0,1.0,6.25,3.49,0.14,18.875,19.09375,18.625,18.78125,6.1,0.0,0.0,139.0
19.04489,0x220,0.0,0.0,1.0,6.25,3.45,-0.03,18.875,19.09375,18.625,18.78125,6.1,0.0,0.0,139.0
19.04708,0x2B0,0.0,0.0,1.0,6.25,3.45,-0.03,18.875,19.09375,18.625,18.78125,6.0,0.0,0.0,139.0
19.04888,0x316,0.0,0.0,1.0,6.25,3.45,-0.03,18.875,19.09375,18.625,18.78125,6.0,0.0,0.0,140.0
19.05485,0x220,0.0,0.0,1.0,6.25,3.25,-0.14,18.875,19.09375,18.625,18.78125,6.0,0.0,0.0,140.0
19.05709,0x2B0,0.0,0.0,1.0,6.25,3.25,-0.14,18.875,19.09375,18.625,18.78125,5.9,8.0,0.0,140.0
19.05877,0x316,0.0,0.0,1.0,6.25,3.25,-0.14,18.875,19.09375,18.625,18.78125,5.9,8.0,0.0,140.0
19.05924,0x386,0.0,0.0,1.0,6.25,3.25,-0.14,18.90625,19.15625,18.25,18.71875,5.9,8.0,0.0,140.0
19.0649,0x220,0.0,0.0,1.0,6.25,3.03,-0.08,18.90625,19.15625,18.25,18.71875,5.9,8.0,0.0,140.0
19.0671,0x2B0,0.0,0.0,1.0,6.25,3.03,-0.08,18.90625,19.15625,18.25,18.71875,5.9,0.0,0.0,140.0
19.06888,0x316,0.0,0.0,1.0,6.25,3.03,-0.08,18.90625,19.15625,18.25,18.71875,5.9,0.0,0.0,141.0
19.07488,0x220,0.0,0.0,1.0,6.25,2.9,0.0,18.90625,19.15625,18.25,18.71875,5.9,0.0,0.0,141.0
19.07707,0x2B0,0.0,0.0,1.0,6.25,2.9,0.0,18.90625,19.15625,18.25,18.71875,5.6,12.0,0.0,141.0
19.0788,0x316,0.0,0.0,1.0,6.25,2.9,0.0,18.90625,19.15625,18.25,18.71875,5.6,12.0,0.0,141.0
19.07927,0x386,0.0,0.0,1.0,6.25,2.9,0.0,19.09375,19.0,18.1875,18.65625,5.6,12.0,0.0,141.0
19.08491,0x220,0.0,0.0,1.0,6.25,2.92,-0.03,19.09375,19.0,18.1875,18.65625,5.6,12.0,0.0,141.0
19.08709,0x2B0,0.0,0.0,1.0,6.25,2.92,-0.03,19.09375,19.0,18.1875,18.65625,5.6,12.0,0.0,141.0
19.08873,0x316,0.0,0.0,1.0,6.25,2.92,-0.03,19.09375,19.0,18.1875,18.65625,5.6,12.0,0.0,141.0
19.09485,0x220,0.0,0.0,1.0,6.25,3.03,-0.19,19.09375,19.0,18.1875,18.65625,5.6,12.0,0.0,141.0
19.09711,0x2B0,0.0,0.0,1.0,6.25,3.03,-0.19,19.09375,19.0,18.1875,18.65625,5.4,8.0,0.0,141.0
19.09878,0x316,0.0,0.0,1.0,6.25,3.03,-0.19,19.09375,19.0,18.1875,18.65625,5.4,8.0,0.0,142.0
19.09924,0x386,0.0,0.0,1.0,6.25,3.03,-0.19,19.0,19.0625,18.375,18.625,5.4,8.0,0.0,142.0
19.10491,0x220,0.0,0.0,1.0,6.25,3.08,-0.38,19.0,19.0625,18.375,18.625,5.4,8.0,0.0,142.0
19.1071,0x2B0,0.0,0.0,1.0,6.25,3.08,-0.38,19.0,19.0625,18.375,18.625,5.2,20.0,0.0,142.0
19.10872,0x316,0.0,0.0,1.0,6.25,3.08,-0.38,19.0,19.0625,18.375,18.625,5.2,20.0,0.0,141.0
19.11486,0x220,0.0,0.0,1.0,6.25,3.04,-0.39,19.0,19.0625,18.375,18.625,5.2,20.0,0.0,141.0
19.11712,0x2B0,0.0,0.0,1.0,6.25,3.04,-0.39,19.0,19.0625,18.375,18.625,5.0,20.0,0.0,141.0
19.11884,0x316,0.0,0.0,1.0,6.25,3.04,-0.39,19.0,19.0625,18.375,18.625,5.0,20.0,0.0,141.0
19.11956,0x386,0.0,0.0,1.0,6.25,3.04,-0.39,18.9375,19.0,18.65625,18.4375,5.0,20.0,0.0,141.0
19.12491,0x220,0.0,0.0,1.0,6.25,3.0,-0.19,18.9375,19.0,18.65625,18.4375,5.0,20.0,0.0,141.0
19.12708,0x2B0,0.0,0.0,1.0,6.25,3.0,-0.19,18.9375,19.0,18.65625,18.4375,4.7,24.0,0.0,141.0
19.12873,0x316,0.0,0.0,1.0,6.25,3.0,-0.19,18.9375,19.0,18.65625,18.4375,4.7,24.0,0.0,141.0
19.13488,0x220,0.0,0.0,1.0,6.25,3.16,-0.09,18.9375,19.0,18.65625,18.4375,4.7,24.0,0.0,141.0
19.13711,0x2B0,0.0,0.0,1.0,6.25,3.16,-0.09,18.9375,19.0,18.65625,18.4375,4.5,24.0,0.0,141.0
19.1389,0x316,0.0,0.0,1.0,6.25,3.16,-0.09,18.9375,19.0,18.65625,18.4375,4.5,24.0,0.0,141.0
19.13937,0x386,0.0,0.0,1.0,6.25,3.16,-0.09,18.84375,19.0,18.3125,18.75,4.5,24.0,0.0,141.0
19.14492,0x220,0.0,0.0,1.0,6.25,3.46,-0.36,18.84375,19.0,18.3125,18.75,4.5,24.0,0.0,141.0
19.1471,0x2B0,0.0,0.0,1.0,6.25,3.46,-0.36,18.84375,19.0,18.3125,18.75,4.2,24.0,0.0,141.0
19.14886,0x316,0.0,0.0,1.0,6.25,3.46,-0.36,18.84375,19.0,18.3125,18.75,4.2,24.0,0.0,141.0
19.15488,0x220,0.0,0.0,1.0,6.25,3.72,-0.8,18.84375,19.0,18.3125,18.75,4.2,24.0,0.0,141.0
19.15711,0x2B0,0.0,0.0,1.0,6.25,3.72,-0.8,18.84375,19.0,18.3125,18.75,3.8,32.0,0.0,141.0
19.15877,0x316,0.0,0.0,1.0,6.25,3.72,-0.8,18.84375,19.0,18.3125,18.75,3.8,32.0,0.0,141.0
19.15924,0x386,0.0,0.0,1.0,6.25,3.72,-0.8,18.8125,18.9375,17.96875,18.65625,3.8,32.0,0.0,141.0
19.16491,0x220,0.0,0.0,1.0,6.25,3.74,-1.01,18.8125,18.9375,17.96875,18.65625,3.8,32.0,0.0,141.0
19.1671,0x2B0,0.0,0.0,1.0,6.25,3.74,-1.01,18.8125,18.9375,17.96875,18.65625,3.5,32.0,0.0,141.0
19.1689,0x316,0.0,0.0,1.0,6.25,3.74,-1.01,18.8125,18.9375,17.96875,18.65625,3.5,32.0,0.0,141.0
19.17488,0x220,0.0,0.0,1.0,6.25,3.43,-0.89,18.8125,18.9375,17.96875,18.65625,3.5,32.0,0.0,141.0
19.17707,0x2B0,0.0,0.0,1.0,6.25,3.43,-0.89,18.8125,18.9375,17.96875,18.65625,3.2,28.0,0.0,141.0
19.17883,0x316,0.0,0.0,1.0,6.25,3.43,-0.89,18.8125,18.9375,17.96875,18.65625,3.2,28.0,0.0,141.0
19.1793,0x386,0.0,0.0,1.0,6.25,3.43,-0.89,18.875,18.875,18.625,18.6875,3.2,28.0,0.0,141.0
19.18492,0x220,0.0,0.0,1.0,6.25,2.96,-0.54,18.875,18.875,18.625,18.6875,3.2,28.0,0.0,141.0
19.18707,0x2B0,0.0,0.0,1.0,6.25,2.96,-0.54,18.875,18.875,18.625,18.6875,2.9,28.0,0.0,141.0
19.18873,0x316,0.0,0.0,1.0,6.25,2.96,-0.54,18.875,18.875,18.625,18.6875,2.9,28.0,0.0,141.0
19.19488,0x220,0.0,0.0,1.0,6.25,2.53,-0.26,18.875,18.875,18.625,18.6875,2.9,28.0,0.0,141.0
19.19707,0x2B0,0.0,0.0,1.0,6.25,2.53,-0.26,18.875,18.875,18.625,18.6875,2.7,24.0,0.0,141.0
19.19875,0x316,0.0,0.0,1.0,6.25,2.53,-0.26,18.875,18.875,18.625,18.6875,2.7,24.0,0.0,141.0
19.19921,0x386,0.0,0.0,1.0,6.25,2.53,-0.26,18.8125,18.875,18.8125,19.0625,2.7,24.0,0.0,141.0
19.20492,0x220,0.0,0.0,1.0,6.25,2.29,-0.26,18.8125,18.875,18.8125,19.0625,2.7,24.0,0.0,141.0
19.20706,0x2B0,0.0,0.0,1.0,6.25,2.29,-0.26,18.8125,18.875,18.8125,19.0625,2.5,20.0,0.0,141.0
19.20872,0x316,0.0,0.0,1.0,6.25,2.29,-0.26,18.8125,18.875,18.8125,19.0625,2.5,20.0,0.0,141.0
19.21486,0x220,0.0,0.0,1.0,6.25,2.35,-0.39,18.8125,18.875,18.8125,19.0625,2.5,20.0,0.0,141.0
19.21709,0x2B0,0.0,0.0,1.0,6.25,2.35,-0.39,18.8125,18.875,18.8125,19.0625,2.3,20.0,0.0,141.0
19.2188,0x316,0.0,0.0,1.0,6.25,2.35,-0.39,18.8125,18.875,18.8125,19.0625,2.3,20.0,0.0,142.0
19.21927,0x386,0.0,0.0,1.0,6.25,2.35,-0.39,18.9375,18.90625,18.59375,18.96875,2.3,20.0,0.0,142.0
19.2249,0x220,0.0,0.0,1.0,6.25,2.74,-0.49,18.9375,18.90625,18.59375,18.96875,2.3,20.0,0.0,142.0
19.22709,0x2B0,0.0,0.0,1.0,6.25,2.74,-0.49,18.9375,18.90625,18.59375,18.96875,2.1,20.0,0.0,142.0
19.22875,0x316,0.0,0.0,1.0,6.25,2.74,-0.49,18.9375,18.90625,18.59375,18.96875,2.1,20.0,0.0,142.0
19.23488,0x220,0.0,0.0,1.0,6.25,3.27,-0.52,18.9375,18.90625,18.59375,18.96875,2.1,20.0,0.0,142.0
19.2371,0x2B0,0.0,0.0,1.0,6.25,3.27,-0.52,18.9375,18.90625,18.59375,18.96875,2.1,8.0,0.0,142.0
19.23888,0x316,0.0,0.0,1.0,6.25,3.27,-0.52,18.9375,18.90625,18.59375,18.96875,2.1,8.0,0.0,143.0
19.23934,0x386,0.0,0.0,1.0,6.25,3.27,-0.52,18.71875,18.9375,18.71875,18.75,2.1,8.0,0.0,143.0
19.24489,0x220,0.0,0.0,1.0,6.25,3.55,-0.53,18.71875,18.9375,18.71875,18.75,2.1,8.0,0.0,143.0
19.2471,0x2B0,0.0,0.0,1.0,6.25,3.55,-0.53,18.71875,18.9375,18.71875,18.75,1.9,8.0,0.0,143.0
19.24884,0x316,0.0,0.0,1.0,6.25,3.55,-0.53,18.71875,18.9375,18.71875,18.75,1.9,8.0,0.0,143.0
19.25486,0x220,0.0,0.0,1.0,6.25,3.39,-0.52,18.71875,18.9375,18.71875,18.75,1.9,8.0,0.0,143.0
19.25706,0x2B0,0.0,0.0,1.0,6.25,3.39,-0.52,18.71875,18.9375,18.71875,18.75,1.9,8.0,0.0,143.0
19.25879,0x316,0.0,0.0,1.0,6.25,3.39,-0.52,18.71875,18.9375,18.71875,18.75,1.9,8.0,0.0,143.0
19.25925,0x386,0.0,0.0,1.0,6.25,3.39,-0.52,18.90625,18.90625,18.75,18.9375,1.9,8.0,0.0,143.0
19.26492,0x220,0.0,0.0,1.0,6.25,2.88,-0.44,18.90625,18.90625,18.75,18.9375,1.9,8.0,0.0,143.0
19.26706,0x2B0,0.0,0.0,1.0,6.25,2.88,-0.44,18.90625,18.90625,18.75,18.9375,1.9,0.0,0.0,143.0
19.26899,0x316,0.0,0.0,1.0,6.25,2.88,-0.44,18.90625,18.90625,18.75,18.9375,1.9,0.0,0.0,143.0
19.27486,0x220,0.0,0.0,1.0,6.25,2.37,-0.29,18.90625,18.90625,18.75,18.9375,1.9,0.0,0.0,143.0
19.2771,0x2B0,0.0,0.0,1.0,6.25,2.37,-0.29,18.90625,18.90625,18.75,18.9375,1.9,0.0,0.0,143.0
19.27878,0x316,0.0,0.0,1.0,6.25,2.37,-0.29,18.90625,18.90625,18.75,18.9375,1.9,0.0,0.0,143.0
19.27925,0x386,0.0,0.0,1.0,6.25,2.37,-0.29,18.9375,18.9375,18.90625,18.9375,1.9,0.0,0.0,143.0
19.28492,0x220,0.0,0.0,1.0,6.25,2.14,-0.26,18.9375,18.9375,18.90625,18.9375,1.9,0.0,0.0,143.0
19.28708,0x2B0,0.0,0.0,1.0,6.25,2.14,-0.26,18.9375,18.9375,18.90625,18.9375,2.1,8.0,0.0,143.0
19.28871,0x316,0.0,0.0,1.0,6.25,2.14,-0.26,18.9375,18.9375,18.90625,18.9375,2.1,8.0,0.0,143.0
19.29486,0x220,0.0,0.0,1.0,6.25,2.2,-0.45,18.9375,18.9375,18.90625,18.9375,2.1,8.0,0.0,143.0
19.29705,0x2B0,0.0,0.0,1.0,6.25,2.2,-0.45,18.9375,18.9375,18.90625,18.9375,2.1,8.0,0.0,143.0
19.29877,0x316,0.0,0.0,1.0,6.25,2.2,-0.45,18.9375,18.9375,18.90625,18.9375,2.1,8.0,0.0,143.0
19.29924,0x386,0.0,0.0,1.0,6.25,2.2,-0.45,18.875,18.96875,19.34375,18.96875,2.1,8.0,0.0,143.0
19.30492,0x220,0.0,0.0,1.0,6.25,2.38,-0.56,18.875,18.96875,19.34375,18.96875,2.1,8.0,0.0,143.0
19.30704,0x2B0,0.0,0.0,1.0,6.25,2.38,-0.56,18.875,18.96875,19.34375,18.96875,2.1,0.0,0.0,143.0
19.3088,0x316,0.0,0.0,1.0,6.25,2.38,-0.56,18.875,18.96875,19.34375,18.96875,2.1,0.0,0.0,143.0
19.31487,0x220,0.0,0.0,1.0,6.25,2.53,-0.29,18.875,18.96875,19.34375,18.96875,2.1,0.0,0.0,143.0
19.31704,0x2B0,0.0,0.0,1.0,6.25,2.53,-0.29,18.875,18.96875,19.34375,18.96875,2.1,0.0,0.0,143.0
19.31877,0x316,0.0,0.0,1.0,6.25,2.53,-0.29,18.875,18.96875,19.34375,18.96875,2.1,0.0,0.0,143.0
19.31924,0x386,0.0,0.0,1.0,6.25,2.53,-0.29,19.03125,19.09375,19.4375,18.9375,2.1,0.0,0.0,143.0
19.32492,0x220,0.0,0.0,1.0,6.25,2.65,0.14,19.03125,19.09375,19.4375,18.9375,2.1,0.0,0.0,143.0
19.32706,0x2B0,0.0,0.0,1.0,6.25,2.65,0.14,19.03125,19.09375,19.4375,18.9375,2.3,8.0,0.0,143.0
19.32871,0x316,0.0,0.0,1.0,6.25,2.65,0.14,19.03125,19.09375,19.4375,18.9375,2.3,8.0,0.0,143.0
19.33487,0x220,0.0,0.0,1.0,6.25,2.78,0.39,19.03125,19.09375,19.4375,18.9375,2.3,8.0,0.0,143.0
19.33705,0x2B0,0.0,0.0,1.0,6.25,2.78,0.39,19.03125,19.09375,19.4375,18.9375,2.5,20.0,0.0,143.0
19.33889,0x316,0.0,0.0,1.0,6.25,2.78,0.39,19.03125,19.09375,19.4375,18.9375,2.5,20.0,0.0,143.0
19.33936,0x386,0.0,0.0,1.0,6.25,2.78,0.39,19.0625,19.125,18.6875,19.03125,2.5,20.0,0.0,143.0
19.34493,0x220,0.0,0.0,1.0,6.25,2.81,0.22,19.0625,19.125,18.6875,19.03125,2.5,20.0,0.0,143.0
19.34711,0x2B0,0.0,0.0,1.0,6.25,2.81,0.22,19.0625,19.125,18.6875,19.03125,2.5,8.0,0.0,143.0
19.34895,0x316,0.0,0.0,1.0,6.25,2.81,0.22,19.0625,19.125,18.6875,19.03125,2.5,8.0,0.0,143.0
19.35486,0x220,0.0,0.0,1.0,6.25,2.62,-0.1,19.0625,19.125,18.6875,19.03125,2.5,8.0,0.0,143.0
19.35703,0x2B0,0.0,0.0,1.0,6.25,2.62,-0.1,19.0625,19.125,18.6875,19.03125,2.8,12.0,0.0,143.0
19.35873,0x316,0.0,0.0,1.0,6.25,2.62,-0.1,19.0625,19.125,18.6875,19.03125,2.8,12.0,0.0,143.0
19.35919,0x386,0.0,0.0,1.0,6.25,2.62,-0.1,19.1875,19.28125,18.5625,18.9375,2.8,12.0,0.0,143.0
19.36492,0x220,0.0,0.0,1.0,6.25,2.31,-0.29,19.1875,19.28125,18.5625,18.9375,2.8,12.0,0.0,143.0
19.36708,0x2B0,0.0,0.0,1.0,6.25,2.31,-0.29,19.1875,19.28125,18.5625,18.9375,2.8,12.0,0.0,143.0
19.3689,0x316,0.0,0.0,1.0,6.25,2.31,-0.29,19.1875,19.28125,18.5625,18.9375,2.8,12.0,0.0,143.0
19.37487,0x220,0.0,0.0,1.0,6.25,1.95,-0.15,19.1875,19.28125,18.5625,18.9375,2.8,12.0,0.0,143.0
19.37704,0x2B0,0.0,0.0,1.0,6.25,1.95,-0.15,19.1875,19.28125,18.5625,18.9375,3.1,12.0,0.0,143.0
19.37883,0x316,0.0,0.0,1.0,6.25,1.95,-0.15,19.1875,19.28125,18.5625,18.9375,3.1,12.0,0.0,143.0
19.3793,0x386,0.0,0.0,1.0,6.25,1.95,-0.15,19.1875,19.375,18.9375,18.6875,3.1,12.0,0.0,143.0
19.38492,0x220,0.0,0.0,1.0,6.25,1.65,0.17,19.1875,19.375,18.9375,18.6875,3.1,12.0,0.0,143.0
19.38704,0x2B0,0.0,0.0,1.0,6.25,1.65,0.17,19.1875,19.375,18.9375,18.6875,3.2,20.0,0.0,143.0
19.3888,0x316,0.0,0.0,1.0,6.25,1.65,0.17,19.1875,19.375,18.9375,18.6875,3.2,20.0,0.0,143.0
19.39487,0x220,0.0,0.0,1.0,6.25,1.6,0.45,19.1875,19.375,18.9375,18.6875,3.2,20.0,0.0,143.0
19.39711,0x2B0,0.0,0.0,1.0,6.25,1.6,0.45,19.1875,19.375,18.9375,18.6875,3.2,0.0,0.0,143.0
19.39873,0x316,0.0,0.0,1.0,6.25,1.6,0.45,19.1875,19.375,18.9375,18.6875,3.2,0.0,0.0,143.0
19.3992,0x386,0.0,0.0,1.0,6.25,1.6,0.45,19.125,19.375,18.75,18.9375,3.2,0.0,0.0,143.0
19.40492,0x220,0.0,0.0,1.0,6.25,1.79,0.5,19.125,19.375,18.75,18.9375,3.2,0.0,0.0,143.0
19.40708,0x2B0,0.0,0.0,1.0,6.25,1.79,0.5,19.125,19.375,18.75,18.9375,3.5,12.0,0.0,143.0
19.40872,0x316,0.0,0.0,1.0,6.25,1.79,0.5,19.125,19.375,18.75,18.9375,3.5,12.0,0.0,143.0
19.41486,0x220,0.0,0.0,1.0,6.25,2.1,0.4,19.125,19.375,18.75,18.9375,3.5,12.0,0.0,143.0
19.41711,0x2B0,0.0,0.0,1.0,6.25,2.1,0.4,19.125,19.375,18.75,18.9375,3.5,12.0,0.0,143.0
19.41878,0x316,0.0,0.0,1.0,6.25,2.1,0.4,19.125,19.375,18.75,18.9375,3.5,12.0,0.0,143.0
19.41925,0x386,0.0,0.0,1.0,6.25,2.1,0.4,19.28125,19.25,18.71875,18.96875,3.5,12.0,0.0,143.0
19.42493,0x220,0.0,0.0,1.0,6.25,2.34,0.28,19.28125,19.25,18.71875,18.96875,3.5,12.0,0.0,143.0
19.42706,0x2B0,0.0,0.0,1.0,6.25,2.34,0.28,19.28125,19.25,18.71875,18.96875,3.7,8.0,0.0,143.0
19.4288,0x316,0.0,0.0,1.0,6.25,2.34,0.28,19.28125,19.25,18.71875,18.96875,3.7,8.0,0.0,143.0
19.43489,0x220,0.0,0.0,1.0,6.25,2.4,0.14,19.28125,19.25,18.71875,18.96875,3.7,8.0,0.0,143.0
19.4371,0x2B0,0.0,0.0,1.0,6.25,2.4,0.14,19.28125,19.25,18.71875,18.96875,3.9,20.0,0.0,143.0
19.43886,0x316,0.0,0.0,1.0,6.25,2.4,0.14,19.28125,19.25,18.71875,18.96875,3.9,20.0,0.0,143.0
19.43932,0x386,0.0,0.0,1.0,6.25,2.4,0.14,19.28125,19.25,18.9375,18.4375,3.9,20.0,0.0,143.0
19.44491,0x220,0.0,0.0,1.0,6.25,2.24,0.1,19.28125,19.25,18.9375,18.4375,3.9,20.0,0.0,143.0
19.44706,0x2B0,0.0,0.0,1.0,6.25,2.24,0.1,19.28125,19.25,18.9375,18.4375,3.9,8.0,0.0,143.0
19.44884,0x316,0.0,0.0,1.0,6.25,2.24,0.1,19.28125,19.25,18.9375,18.4375,3.9,8.0,0.0,142.0
19.45487,0x220,0.0,0.0,1.0,6.25,1.93,0.19,19.28125,19.25,18.9375,18.4375,3.9,8.0,0.0,142.0
19.45705,0x2B0,0.0,0.0,1.0,6.25,1.93,0.19,19.28125,19.25,18.9375,18.4375,3.9,0.0,0.0,142.0
19.45879,0x316,0.0,0.0,1.0,6.25,1.93,0.19,19.28125,19.25,18.9375,18.4375,3.9,0.0,0.0,142.0
19.45925,0x386,0.0,0.0,1.0,6.25,1.93,0.19,19.3125,19.25,18.65625,18.625,3.9,0.0,0.0,142.0
19.46492,0x220,0.0,0.0,1.0,6.25,1.66,0.3,19.3125,19.25,18.65625,18.625,3.9,0.0,0.0,142.0
19.46706,0x2B0,0.0,0.0,1.0,6.25,1.66,0.3,19.3125,19.25,18.65625,18.625,3.9,0.0,0.0,142.0
19.46899,0x316,0.0,0.0,1.0,6.25,1.66,0.3,19.3125,19.25,18.65625,18.625,3.9,0.0,0.0,142.0
19.47487,0x220,0.0,0.0,1.0,6.25,1.55,0.36,19.3125,19.25,18.65625,18.625,3.9,0.0,0.0,142.0
19.47729,0x2B0,0.0,0.0,1.0,6.25,1.55,0.36,19.3125,19.25,18.65625,18.625,3.9,0.0,0.0,142.0
19.47879,0x316,0.0,0.0,1.0,6.25,1.55,0.36,19.3125,19.25,18.65625,18.625,3.9,0.0,0.0,143.0
19.47925,0x386,0.0,0.0,1.0,6.25,1.55,0.36,19.3125,19.21875,18.21875,19.40625,3.9,0.0,0.0,143.0
19.48492,0x220,0.0,0.0,1.0,6.25,1.57,0.29,19.3125,19.21875,18.21875,19.40625,3.9,0.0,0.0,143.0
19.48705,0x2B0,0.0,0.0,1.0,6.25,1.57,0.29,19.3125,19.21875,18.21875,19.40625,3.9,0.0,0.0,143.0
19.48871,0x316,0.0,0.0,1.0,6.25,1.57,0.29,19.3125,19.21875,18.21875,19.40625,3.9,0.0,0.0,143.0
19.49487,0x220,0.0,0.0,1.0,6.25,1.66,0.2,19.3125,19.21875,18.21875,19.40625,3.9,0.0,0.0,143.0
19.49705,0x2B0,0.0,0.0,1.0,6.25,1.66,0.2,19.3125,19.21875,18.21875,19.40625,3.9,0.0,0.0,143.0
19.49879,0x316,0.0,0.0,1.0,6.25,1.66,0.2,19.3125,19.21875,18.21875,19.40625,3.9,0.0,0.0,143.0
19.49926,0x386,0.0,0.0,1.0,6.25,1.66,0.2,19.25,19.09375,18.53125,19.09375,3.9,0.0,0.0,143.0
19.50493,0x220,0.0,0.0,1.0,6.25,1.73,0.22,19.25,19.09375,18.53125,19.09375,3.9,0.0,0.0,143.0
19.50705,0x2B0,0.0,0.0,1.0,6.25,1.73,0.22,19.25,19.09375,18.53125,19.09375,3.9,0.0,0.0,143.0
19.50873,0x316,0.0,0.0,1.0,6.25,1.73,0.22,19.25,19.09375,18.53125,19.09375,3.9,0.0,0.0,143.0
19.51488,0x220,0.0,0.0,1.0,6.25,1.72,0.48,19.25,19.09375,18.53125,19.09375,3.9,0.0,0.0,143.0
19.51712,0x2B0,0.0,0.0,1.0,6.25,1.72,0.48,19.25,19.09375,18.53125,19.09375,3.9,0.0,0.0,143.0
19.51879,0x316,0.0,0.0,1.0,6.25,1.72,0.48,19.25,19.09375,18.53125,19.09375,3.9,0.0,0.0,143.0
19.51926,0x386,0.0,0.0,1.0,6.25,1.72,0.48,19.21875,19.09375,19.09375,19.15625,3.9,0.0,0.0,143.0
19.52492,0x220,0.0,0.0,1.0,6.25,1.74,0.89,19.21875,19.09375,19.09375,19.15625,3.9,0.0,0.0,143.0
19.52712,0x2B0,0.0,0.0,1.0,6.25,1.74,0.89,19.21875,19.09375,19.09375,19.15625,3.9,0.0,0.0,143.0
19.52873,0x316,0.0,0.0,1.0,6.25,1.74,0.89,19.21875,19.09375,19.09375,19.15625,3.9,0.0,0.0,143.0
19.53487,0x220,0.0,0.0,1.0,6.25,1.83,1.14,19.21875,19.09375,19.09375,19.15625,3.9,0.0,0.0,143.0
19.53707,0x2B0,0.0,0.0,1.0,6.25,1.83,1.14,19.21875,19.09375,19.09375,19.15625,3.7,8.0,0.0,143.0
19.53889,0x316,0.0,0.0,1.0,6.25,1.83,1.14,19.21875,19.09375,19.09375,19.15625,3.7,8.0,0.0,143.0
19.53936,0x386,0.0,0.0,1.0,6.25,1.83,1.14,19.15625,19.09375,18.9375,18.96875,3.7,8.0,0.0,143.0
19.5449,0x220,0.0,0.0,1.0,6.25,2.08,1.06,19.15625,19.09375,18.9375,18.96875,3.7,8.0,0.0,143.0
19.54707,0x2B0,0.0,0.0,1.0,6.25,2.08,1.06,19.15625,19.09375,18.9375,18.96875,3.7,8.0,0.0,143.0
19.5489,0x316,0.0,0.0,1.0,6.25,2.08,1.06,19.15625,19.09375,18.9375,18.96875,3.7,8.0,0.0,142.0
19.55487,0x220,0.0,0.0,1.0,6.25,2.41,0.7,19.15625,19.09375,18.9375,18.96875,3.7,8.0,0.0,142.0
19.55708,0x2B0,0.0,0.0,1.0,6.25,2.41,0.7,19.15625,19.09375,18.9375,18.96875,3.6,0.0,0.0,142.0
19.55873,0x316,0.0,0.0,1.0,6.25,2.41,0.7,19.15625,19.09375,18.9375,18.96875,3.6,0.0,0.0,143.0
19.5592,0x386,0.0,0.0,1.0,6.25,2.41,0.7,19.09375,19.09375,18.6875,18.96875,3.6,0.0,0.0,143.0
19.56492,0x220,0.0,0.0,1.0,6.25,2.69,0.35,19.09375,19.09375,18.6875,18.96875,3.6,0.0,0.0,143.0
19.5671,0x2B0,0.0,0.0,1.0,6.25,2.69,0.35,19.09375,19.09375,18.6875,18.96875,3.6,0.0,0.0,143.0
19.56889,0x316,0.0,0.0,1.0,6.25,2.69,0.35,19.09375,19.09375,18.6875,18.96875,3.6,0.0,0.0,143.0
19.57489,0x220,0.0,0.0,1.0,6.25,2.82,0.2,19.09375,19.09375,18.6875,18.96875,3.6,0.0,0.0,143.0
19.57709,0x2B0,0.0,0.0,1.0,6.25,2.82,0.2,19.09375,19.09375,18.6875,18.96875,3.6,0.0,0.0,143.0
19.57883,0x316,0.0,0.0,1.0,6.25,2.82,0.2,19.09375,19.09375,18.6875,18.96875,3.6,0.0,0.0,143.0
19.5793,0x386,0.0,0.0,1.0,6.25,2.82,0.2,19.0,19.1875,18.875,19.09375,3.6,0.0,0.0,143.0
19.58493,0x220,0.0,0.0,1.0,6.25,2.76,0.31,19.0,19.1875,18.875,19.09375,3.6,0.0,0.0,143.0
19.58709,0x2B0,0.0,0.0,1.0,6.25,2.76,0.31,19.0,19.1875,18.875,19.09375,3.6,0.0,0.0,143.0
19.58873,0x316,0.0,0.0,1.0,6.25,2.76,0.31,19.0,19.1875,18.875,19.09375,3.6,0.0,0.0,142.0
19.59487,0x220,0.0,0.0,1.0,6.25,2.65,0.49,19.0,19.1875,18.875,19.09375,3.6,0.0,0.0,142.0
19.59709,0x2B0,0.0,0.0,1.0,6.25,2.65,0.49,19.0,19.1875,18.875,19.09375,3.6,0.0,0.0,142.0
19.59873,0x316,0.0,0.0,1.0,6.25,2.65,0.49,19.0,19.1875,18.875,19.09375,3.6,0.0,0.0,143.0
19.5992,0x386,0.0,0.0,1.0,6.25,2.65,0.49,19.0625,19.15625,19.0,19.25,3.6,0.0,0.0,143.0
19.60492,0x220,0.0,0.0,1.0,6.25,2.63,0.6,19.0625,19.15625,19.0,19.25,3.6,0.0,0.0,143.0
19.60708,0x2B0,0.0,0.0,1.0,6.25,2.63,0.6,19.0625,19.15625,19.0,19.25,3.6,0.0,0.0,143.0
19.60872,0x316,0.0,0.0,1.0,6.25,2.63,0.6,19.0625,19.15625,19.0,19.25,3.6,0.0,0.0,143.0
19.61488,0x220,0.0,0.0,1.0,6.25,2.75,0.65,19.0625,19.15625,19.0,19.25,3.6,0.0,0.0,143.0
19.61709,0x2B0,0.0,0.0,1.0,6.25,2.75,0.65,19.0625,19.15625,19.0,19.25,3.6,0.0,0.0,143.0
19.6188,0x316,0.0,0.0,1.0,6.25,2.75,0.65,19.0625,19.15625,19.0,19.25,3.6,0.0,0.0,143.0
19.61927,0x386,0.0,0.0,1.0,6.25,2.75,0.65,19.0,19.125,19.0,19.5,3.6,0.0,0.0,143.0
19.62493,0x220,0.0,0.0,1.0,6.25,3.03,0.58,19.0,19.125,19.0,19.5,3.6,0.0,0.0,143.0
19.62702,0x2B0,0.0,0.0,1.0,6.25,3.03,0.58,19.0,19.125,19.0,19.5,3.6,0.0,0.0,143.0
19.62875,0x316,0.0,0.0,1.0,6.25,3.03,0.58,19.0,19.125,19.0,19.5,3.6,0.0,0.0,143.0
19.63489,0x220,0.0,0.0,1.0,6.25,3.29,0.34,19.0,19.125,19.0,19.5,3.6,0.0,0.0,143.0
19.63709,0x2B0,0.0,0.0,1.0,6.25,3.29,0.34,19.0,19.125,19.0,19.5,3.6,0.0,0.0,143.0
19.63888,0x316,0.0,0.0,1.0,6.25,3.29,0.34,19.0,19.125,19.0,19.5,3.6,0.0,0.0,143.0
19.63935,0x386,0.0,0.0,1.0,6.25,3.29,0.34,19.03125,19.0625,19.125,19.46875,3.6,0.0,0.0,143.0
19.64494,0x220,0.0,0.0,1.0,6.25,3.32,0.13,19.03125,19.0625,19.125,19.46875,3.6,0.0,0.0,143.0
19.64708,0x2B0,0.0,0.0,1.0,6.25,3.32,0.13,19.03125,19.0625,19.125,19.46875,3.6,0.0,0.0,143.0
19.64883,0x316,0.0,0.0,1.0,6.25,3.32,0.13,19.03125,19.0625,19.125,19.46875,3.6,0.0,0.0,143.0
19.65489,0x220,0.0,0.0,1.0,6.25,3.12,0.21,19.03125,19.0625,19.125,19.46875,3.6,0.0,0.0,143.0
19.65708,0x2B0,0.0,0.0,1.0,6.25,3.12,0.21,19.03125,19.0625,19.125,19.46875,3.6,0.0,0.0,143.0
19.65876,0x316,0.0,0.0,1.0,6.25,3.12,0.21,19.03125,19.0625,19.125,19.46875,3.6,0.0,0.0,143.0
19.65924,0x386,0.0,0.0,1.0,6.25,3.12,0.21,19.15625,19.3125,19.34375,19.0625,3.6,0.0,0.0,143.0
19.66493,0x220,0.0,0.0,1.0,6.25,2.87,0.37,19.15625,19.3125,19.34375,19.0625,3.6,0.0,0.0,143.0
19.66708,0x2B0,0.0,0.0,1.0,6.25,2.87,0.37,19.15625,19.3125,19.34375,19.0625,3.6,0.0,0.0,143.0
19.66896,0x316,0.0,0.0,1.0,6.25,2.87,0.37,19.15625,19.3125,19.34375,19.0625,3.6,0.0,0.0,143.0
19.67488,0x220,0.0,0.0,1.0,6.25,2.74,0.32,19.15625,19.3125,19.34375,19.0625,3.6,0.0,0.0,143.0
19.67712,0x2B0,0.0,0.0,1.0,6.25,2.74,0.32,19.15625,19.3125,19.34375,19.0625,3.6,0.0,0.0,143.0
19.67882,0x316,0.0,0.0,1.0,6.25,2.74,0.32,19.15625,19.3125,19.34375,19.0625,3.6,0.0,0.0,143.0
19.67929,0x386,0.0,0.0,1.0,6.25,2.74,0.32,19.25,19.34375,19.0625,19.09375,3.6,0.0,0.0,143.0
19.68492,0x220,0.0,0.0,1.0,6.25,2.7,0.11,19.25,19.34375,19.0625,19.09375,3.6,0.0,0.0,143.0
19.68708,0x2B0,0.0,0.0,1.0,6.25,2.7,0.11,19.25,19.34375,19.0625,19.09375,3.6,0.0,0.0,143.0
19.68871,0x316,0.0,0.0,1.0,6.25,2.7,0.11,19.25,19.34375,19.0625,19.09375,3.6,0.0,0.0,143.0
19.69489,0x220,0.0,0.0,1.0,6.25,2.78,-0.03,19.25,19.34375,19.0625,19.09375,3.6,0.0,0.0,143.0
19.69708,0x2B0,0.0,0.0,1.0,6.25,2.78,-0.03,19.25,19.34375,19.0625,19.09375,3.6,0.0,0.0,143.0
19.69872,0x316,0.0,0.0,1.0,6.25,2.78,-0.03,19.25,19.34375,19.0625,19.09375,3.6,0.0,0.0,143.0
19.6992,0x386,0.0,0.0,1.0,6.25,2.78,-0.03,19.3125,19.59375,18.71875,19.1875,3.6,0.0,0.0,143.0
19.70493,0x220,0.0,0.0,1.0,6.25,2.98,-0.08,19.3125,19.59375,18.71875,19.1875,3.6,0.0,0.0,143.0
19.70707,0x2B0,0.0,0.0,1.0,6.25,2.98,-0.08,19.3125,19.59375,18.71875,19.1875,3.6,0.0,0.0,143.0
19.70877,0x316,0.0,0.0,1.0,6.25,2.98,-0.08,19.3125,19.59375,18.71875,19.1875,3.6,0.0,0.0,143.0
19.71488,0x220,0.0,0.0,1.0,6.25,3.14,-0.04,19.3125,19.59375,18.71875,19.1875,3.6,0.0,0.0,143.0
19.71708,0x2B0,0.0,0.0,1.0,6.25,3.14,-0.04,19.3125,19.59375,18.71875,19.1875,3.6,0.0,0.0,143.0
19.71876,0x316,0.0,0.0,1.0,6.25,3.14,-0.04,19.3125,19.59375,18.71875,19.1875,3.6,0.0,0.0,143.0
19.71922,0x386,0.0,0.0,1.0,6.25,3.14,-0.04,19.21875,19.59375,18.71875,19.125,3.6,0.0,0.0,143.0
19.72492,0x220,0.0,0.0,1.0,6.25,3.22,0.08,19.21875,19.59375,18.71875,19.125,3.6,0.0,0.0,143.0
19.72708,0x2B0,0.0,0.0,1.0,6.25,3.22,0.08,19.21875,19.59375,18.71875,19.125,3.6,0.0,0.0,143.0
19.72873,0x316,0.0,0.0,1.0,6.25,3.22,0.08,19.21875,19.59375,18.71875,19.125,3.6,0.0,0.0,143.0
19.7349,0x220,0.0,0.0,1.0,6.25,3.14,0.31,19.21875,19.59375,18.71875,19.125,3.6,0.0,0.0,143.0
19.73708,0x2B0,0.0,0.0,1.0,6.25,3.14,0.31,19.21875,19.59375,18.71875,19.125,3.6,0.0,0.0,143.0
19.73882,0x316,0.0,0.0,1.0,6.25,3.14,0.31,19.21875,19.59375,18.71875,19.125,3.6,0.0,0.0,143.0
19.73929,0x386,0.0,0.0,1.0,6.25,3.14,0.31,19.40625,19.53125,18.75,18.8125,3.6,0.0,0.0,143.0
19.74494,0x220,0.0,0.0,1.0,6.25,2.99,0.39,19.40625,19.53125,18.75,18.8125,3.6,0.0,0.0,143.0
19.74708,0x2B0,0.0,0.0,1.0,6.25,2.99,0.39,19.40625,19.53125,18.75,18.8125,3.6,0.0,0.0,143.0
19.74894,0x316,0.0,0.0,1.0,6.25,2.99,0.39,19.40625,19.53125,18.75,18.8125,3.6,0.0,0.0,143.0
19.75488,0x220,0.0,0.0,1.0,6.25,2.83,0.34,19.40625,19.53125,18.75,18.8125,3.6,0.0,0.0,143.0
19.75707,0x2B0,0.0,0.0,1.0,6.25,2.83,0.34,19.40625,19.53125,18.75,18.8125,3.6,0.0,0.0,143.0
19.75872,0x316,0.0,0.0,1.0,6.25,2.83,0.34,19.40625,19.53125,18.75,18.8125,3.6,0.0,0.0,143.0
19.75944,0x386,0.0,0.0,1.0,6.25,2.83,0.34,19.40625,19.53125,18.46875,18.84375,3.6,0.0,0.0,143.0
19.76493,0x220,0.0,0.0,1.0,6.25,2.68,0.24,19.40625,19.53125,18.46875,18.84375,3.6,0.0,0.0,143.0
19.76707,0x2B0,0.0,0.0,1.0,6.25,2.68,0.24,19.40625,19.53125,18.46875,18.84375,3.6,0.0,0.0,143.0
19.7689,0x316,0.0,0.0,1.0,6.25,2.68,0.24,19.40625,19.53125,18.46875,18.84375,3.6,0.0,0.0,143.0
19.77491,0x220,0.0,0.0,1.0,6.25,2.54,0.13,19.40625,19.53125,18.46875,18.84375,3.6,0.0,0.0,143.0
19.77707,0x2B0,0.0,0.0,1.0,6.25,2.54,0.13,19.40625,19.53125,18.46875,18.84375,3.6,0.0,0.0,143.0
19.77878,0x316,0.0,0.0,1.0,6.25,2.54,0.13,19.40625,19.53125,18.46875,18.84375,3.6,0.0,0.0,143.0
19.77925,0x386,0.0,0.0,1.0,6.25,2.54,0.13,19.3125,19.4375,18.375,19.09375,3.6,0.0,0.0,143.0
19.78493,0x220,0.0,0.0,1.0,6.25,2.32,0.09,19.3125,19.4375,18.375,19.09375,3.6,0.0,0.0,143.0
19.78707,0x2B0,0.0,0.0,1.0,6.25,2.32,0.09,19.3125,19.4375,18.375,19.09375,3.6,0.0,0.0,143.0
19.7888,0x316,0.0,0.0,1.0,6.25,2.32,0.09,19.3125,19.4375,18.375,19.09375,3.6,0.0,0.0,143.0
19.79488,0x220,0.0,0.0,1.0,6.25,2.02,0.2,19.3125,19.4375,18.375,19.09375,3.6,0.0,0.0,143.0
19.79707,0x2B0,0.0,0.0,1.0,6.25,2.02,0.2,19.3125,19.4375,18.375,19.09375,3.6,0.0,0.0,143.0
19.79872,0x316,0.0,0.0,1.0,6.25,2.02,0.2,19.3125,19.4375,18.375,19.09375,3.6,0.0,0.0,143.0
19.79921,0x386,0.0,0.0,1.0,6.25,2.02,0.2,19.34375,19.5,18.84375,19.21875,3.6,0.0,0.0,143.0
19.80493,0x220,0.0,0.0,1.0,6.25,1.8,0.44,19.34375,19.5,18.84375,19.21875,3.6,0.0,0.0,143.0
19.80707,0x2B0,0.0,0.0,1.0,6.25,1.8,0.44,19.34375,19.5,18.84375,19.21875,3.6,0.0,0.0,143.0
19.80877,0x316,0.0,0.0,1.0,6.25,1.8,0.44,19.34375,19.5,18.84375,19.21875,3.6,0.0,0.0,142.0
19.8149,0x220,0.0,0.0,1.0,6.25,1.87,0.57,19.34375,19.5,18.84375,19.21875,3.6,0.0,0.0,142.0
19.81708,0x2B0,0.0,0.0,1.0,6.25,1.87,0.57,19.34375,19.5,18.84375,19.21875,3.6,0.0,0.0,142.0
19.81875,0x316,0.0,0.0,1.0,6.25,1.87,0.57,19.34375,19.5,18.84375,19.21875,3.6,0.0,0.0,143.0
19.81923,0x386,0.0,0.0,1.0,6.25,1.87,0.57,19.34375,19.25,18.96875,19.375,3.6,0.0,0.0,143.0
19.82494,0x220,0.0,0.0,1.0,6.25,2.24,0.51,19.34375,19.25,18.96875,19.375,3.6,0.0,0.0,143.0
19.82708,0x2B0,0.0,0.0,1.0,6.25,2.24,0.51,19.34375,19.25,18.96875,19.375,3.6,0.0,0.0,143.0
19.82882,0x316,0.0,0.0,1.0,6.25,2.24,0.51,19.34375,19.25,18.96875,19.375,3.6,0.0,0.0,143.0
19.8349,0x220,0.0,0.0,1.0,6.25,2.65,0.31,19.34375,19.25,18.96875,19.375,3.6,0.0,0.0,143.0
19.83709,0x2B0,0.0,0.0,1.0,6.25,2.65,0.31,19.34375,19.25,18.96875,19.375,3.6,0.0,0.0,143.0
19.83879,0x316,0.0,0.0,1.0,6.25,2.65,0.31,19.34375,19.25,18.96875,19.375,3.6,0.0,0.0,143.0
19.83926,0x386,0.0,0.0,1.0,6.25,2.65,0.31,19.28125,19.34375,19.03125,19.34375,3.6,0.0,0.0,143.0
19.84492,0x220,0.0,0.0,1.0,6.25,2.88,0.01,19.28125,19.34375,19.03125,19.34375,3.6,0.0,0.0,143.0
19.84708,0x2B0,0.0,0.0,1.0,6.25,2.88,0.01,19.28125,19.34375,19.03125,19.34375,3.5,0.0,0.0,143.0
19.84893,0x316,0.0,0.0,1.0,6.25,2.88,0.01,19.28125,19.34375,19.03125,19.34375,3.5,0.0,0.0,143.0
19.8549,0x220,0.0,0.0,1.0,6.25,2.87,-0.16,19.28125,19.34375,19.03125,19.34375,3.5,0.0,0.0,143.0
19.85708,0x2B0,0.0,0.0,1.0,6.25,2.87,-0.16,19.28125,19.34375,19.03125,19.34375,3.5,0.0,0.0,143.0
19.85872,0x316,0.0,0.0,1.0,6.25,2.87,-0.16,19.28125,19.34375,19.03125,19.34375,3.5,0.0,0.0,143.0
19.85944,0x386,0.0,0.0,1.0,6.25,2.87,-0.16,19.40625,19.25,19.375,19.1875,3.5,0.0,0.0,143.0
19.86493,0x220,0.0,0.0,1.0,6.25,2.65,-0.13,19.40625,19.25,19.375,19.1875,3.5,0.0,0.0,143.0
19.86706,0x2B0,0.0,0.0,1.0,6.25,2.65,-0.13,19.40625,19.25,19.375,19.1875,3.5,0.0,0.0,143.0
19.86902,0x316,0.0,0.0,1.0,6.25,2.65,-0.13,19.40625,19.25,19.375,19.1875,3.5,0.0,0.0,143.0
19.87488,0x220,0.0,0.0,1.0,6.25,2.47,0.03,19.40625,19.25,19.375,19.1875,3.5,0.0,0.0,143.0
19.87713,0x2B0,0.0,0.0,1.0,6.25,2.47,0.03,19.40625,19.25,19.375,19.1875,3.4,0.0,0.0,143.0
19.8788,0x316,0.0,0.0,1.0,6.25,2.47,0.03,19.40625,19.25,19.375,19.1875,3.4,0.0,0.0,143.0
19.87927,0x386,0.0,0.0,1.0,6.25,2.47,0.03,19.3125,19.4375,19.25,19.1875,3.4,0.0,0.0,143.0
19.88494,0x220,0.0,0.0,1.0,6.25,2.52,0.03,19.3125,19.4375,19.25,19.1875,3.4,0.0,0.0,143.0
19.88701,0x2B0,0.0,0.0,1.0,6.25,2.52,0.03,19.3125,19.4375,19.25,19.1875,3.4,0.0,0.0,143.0
19.88871,0x316,0.0,0.0,1.0,6.25,2.52,0.03,19.3125,19.4375,19.25,19.1875,3.4,0.0,0.0,143.0
19.89488,0x220,0.0,0.0,1.0,6.25,2.79,-0.28,19.3125,19.4375,19.25,19.1875,3.4,0.0,0.0,143.0
19.89702,0x2B0,0.0,0.0,1.0,6.25,2.79,-0.28,19.3125,19.4375,19.25,19.1875,3.3,0.0,0.0,143.0
19.89872,0x316,0.0,0.0,1.0,6.25,2.79,-0.28,19.3125,19.4375,19.25,19.1875,3.3,0.0,0.0,143.0
19.8992,0x386,0.0,0.0,1.0,6.25,2.79,-0.28,19.28125,19.34375,19.25,19.3125,3.3,0.0,0.0,143.0
19.90494,0x220,0.0,0.0,1.0,6.25,3.11,-0.63,19.28125,19.34375,19.25,19.3125,3.3,0.0,0.0,143.0
19.90703,0x2B0,0.0,0.0,1.0,6.25,3.11,-0.63,19.28125,19.34375,19.25,19.3125,3.3,0.0,0.0,143.0
19.90875,0x316,0.0,0.0,1.0,6.25,3.11,-0.63,19.28125,19.34375,19.25,19.3125,3.3,0.0,0.0,143.0
19.91488,0x220,0.0,0.0,1.0,6.25,3.24,-0.76,19.28125,19.34375,19.25,19.3125,3.3,0.0,0.0,143.0
19.91703,0x2B0,0.0,0.0,1.0,6.25,3.24,-0.76,19.28125,19.34375,19.25,19.3125,3.3,0.0,0.0,143.0
19.91882,0x316,0.0,0.0,1.0,6.25,3.24,-0.76,19.28125,19.34375,19.25,19.3125,3.3,0.0,0.0,143.0
19.91929,0x386,0.0,0.0,1.0,6.25,3.24,-0.76,19.28125,19.46875,19.125,19.25,3.3,0.0,0.0,143.0
19.92494,0x220,0.0,0.0,1.0,6.25,3.14,-0.61,19.28125,19.46875,19.125,19.25,3.3,0.0,0.0,143.0
19.92703,0x2B0,0.0,0.0,1.0,6.25,3.14,-0.61,19.28125,19.46875,19.125,19.25,3.3,0.0,0.0,143.0
19.92872,0x316,0.0,0.0,1.0,6.25,3.14,-0.61,19.28125,19.46875,19.125,19.25,3.3,0.0,0.0,143.0
19.9349,0x220,0.0,0.0,1.0,6.25,2.85,-0.35,19.28125,19.46875,19.125,19.25,3.3,0.0,0.0,143.0
19.93703,0x2B0,0.0,0.0,1.0,6.25,2.85,-0.35,19.28125,19.46875,19.125,19.25,3.3,0.0,0.0,143.0
19.93878,0x316,0.0,0.0,1.0,6.25,2.85,-0.35,19.28125,19.46875,19.125,19.25,3.3,0.0,0.0,143.0
19.93925,0x386,0.0,0.0,1.0,6.25,2.85,-0.35,19.34375,19.28125,19.03125,19.28125,3.3,0.0,0.0,143.0
19.94495,0x220,0.0,0.0,1.0,6.25,2.54,-0.24,19.34375,19.28125,19.03125,19.28125,3.3,0.0,0.0,143.0
19.94703,0x2B0,0.0,0.0,1.0,6.25,2.54,-0.24,19.34375,19.28125,19.03125,19.28125,3.3,0.0,0.0,143.0
19.94894,0x316,0.0,0.0,1.0,6.25,2.54,-0.24,19.34375,19.28125,19.03125,19.28125,3.3,0.0,0.0,143.0
19.95489,0x220,0.0,0.0,1.0,6.25,2.36,-0.32,19.34375,19.28125,19.03125,19.28125,3.3,0.0,0.0,143.0
19.95703,0x2B0,0.0,0.0,1.0,6.25,2.36,-0.32,19.34375,19.28125,19.03125,19.28125,3.3,0.0,0.0,143.0
19.95877,0x316,0.0,0.0,1.0,6.25,2.36,-0.32,19.34375,19.28125,19.03125,19.28125,3.3,0.0,0.0,143.0
19.95924,0x386,0.0,0.0,1.0,6.25,2.36,-0.32,19.40625,19.46875,19.0625,19.4375,3.3,0.0,0.0,143.0
19.96494,0x220,0.0,0.0,1.0,6.25,2.32,-0.51,19.40625,19.46875,19.0625,19.4375,3.3,0.0,0.0,143.0
19.96703,0x2B0,0.0,0.0,1.0,6.25,2.32,-0.51,19.40625,19.46875,19.0625,19.4375,3.1,8.0,0.0,143.0
19.9689,0x316,0.0,0.0,1.0,6.25,2.32,-0.51,19.40625,19.46875,19.0625,19.4375,3.1,8.0,0.0,143.0
19.97491,0x220,0.0,0.0,1.0,6.25,2.35,-0.64,19.40625,19.46875,19.0625,19.4375,3.1,8.0,0.0,143.0
19.97705,0x2B0,0.0,0.0,1.0,6.25,2.35,-0.64,19.40625,19.46875,19.0625,19.4375,3.1,8.0,0.0,143.0
19.97876,0x316,0.0,0.0,1.0,6.25,2.35,-0.64,19.40625,19.46875,19.0625,19.4375,3.1,8.0,0.0,143.0
19.97923,0x386,0.0,0.0,1.0,6.25,2.35,-0.64,19.375,19.375,19.0625,19.09375,3.1,8.0,0.0,143.0
19.98494,0x220,0.0,0.0,1.0,6.25,2.39,-0.49,19.375,19.375,19.0625,19.09375,3.1,8.0,0.0,143.0
19.98704,0x2B0,0.0,0.0,1.0,6.25,2.39,-0.49,19.375,19.375,19.0625,19.09375,3.1,0.0,0.0,143.0
19.98879,0x316,0.0,0.0,1.0,6.25,2.39,-0.49,19.375,19.375,19.0625,19.09375,3.1,0.0,0.0,143.0
19.99491,0x220,0.0,0.0,1.0,6.25,2.46,-0.15,19.375,19.375,19.0625,19.09375,3.1,0.0,0.0,143.0
19.99702,0x2B0,0.0,0.0,1.0,6.25,2.46,-0.15,19.375,19.375,19.0625,19.09375,3.0,0.0,0.0,143.0
19.99875,0x316,0.0,0.0,1.0,6.25,2.46,-0.15,19.375,19.375,19.0625,19.09375,3.0,0.0,0.0,143.0
19.99921,0x386,0.0,0.0,1.0,6.25,2.46,-0.15,19.4375,19.40625,18.90625,19.03125,3.0,0.0,0.0,143.0
20.00494,0x220,0.0,0.0,1.0,6.25,2.55,0.04,19.4375,19.40625,18.90625,19.03125,3.0,0.0,0.0,143.0
20.00703,0x2B0,0.0,0.0,1.0,6.25,2.55,0.04,19.4375,19.40625,18.90625,19.03125,3.0,0.0,0.0,143.0
20.00874,0x316,0.0,0.0,1.0,6.25,2.55,0.04,19.4375,19.40625,18.90625,19.03125,3.0,0.0,0.0,143.0
20.01489,0x220,0.0,0.0,1.0,6.25,2.67,-0.08,19.4375,19.40625,18.90625,19.03125,3.0,0.0,0.0,143.0
20.01702,0x2B0,0.0,0.0,1.0,6.25,2.67,-0.08,19.4375,19.40625,18.90625,19.03125,2.8,8.0,0.0,143.0
20.01874,0x316,0.0,0.0,1.0,6.25,2.67,-0.08,19.4375,19.40625,18.90625,19.03125,2.8,8.0,0.0,143.0
20.01921,0x386,0.0,0.0,1.0,6.25,2.67,-0.08,19.0625,19.71875,19.09375,19.375,2.8,8.0,0.0,143.0
20.02493,0x220,0.0,0.0,1.0,6.25,2.75,-0.35,19.0625,19.71875,19.09375,19.375,2.8,8.0,0.0,143.0
20.02697,0x2B0,0.0,0.0,1.0,6.25,2.75,-0.35,19.0625,19.71875,19.09375,19.375,2.8,8.0,0.0,143.0
20.02875,0x316,0.0,0.0,1.0,6.25,2.75,-0.35,19.0625,19.71875,19.09375,19.375,2.8,8.0,0.0,143.0
20.0349,0x220,0.0,0.0,1.0,6.25,2.78,-0.29,19.0625,19.71875,19.09375,19.375,2.8,8.0,0.0,143.0
20.03703,0x2B0,0.0,0.0,1.0,6.25,2.78,-0.29,19.0625,19.71875,19.09375,19.375,2.8,0.0,0.0,143.0
20.0389,0x316,0.0,0.0,1.0,6.25,2.78,-0.29,19.0625,19.71875,19.09375,19.375,2.8,0.0,0.0,143.0
20.03936,0x386,0.0,0.0,1.0,6.25,2.78,-0.29,19.5625,19.5,19.4375,19.5625,2.8,0.0,0.0,143.0
20.04494,0x220,0.0,0.0,1.0,6.25,2.9,0.13,19.5625,19.5,19.4375,19.5625,2.8,0.0,0.0,143.0
20.04703,0x2B0,0.0,0.0,1.0,6.25,2.9,0.13,19.5625,19.5,19.4375,19.5625,2.8,0.0,0.0,143.0
20.04885,0x316,0.0,0.0,1.0,6.25,2.9,0.13,19.5625,19.5,19.4375,19.5625,2.8,0.0,0.0,143.0
20.05489,0x220,0.0,0.0,1.0,6.25,3.14,0.48,19.5625,19.5,19.4375,19.5625,2.8,0.0,0.0,143.0
20.05704,0x2B0,0.0,0.0,1.0,6.25,3.14,0.48,19.5625,19.5,19.4375,19.5625,2.6,8.0,0.0,143.0
20.05872,0x316,0.0,0.0,1.0,6.25,3.14,0.48,19.5625,19.5,19.4375,19.5625,2.6,8.0,0.0,143.0
20.05944,0x386,0.0,0.0,1.0,6.25,3.14,0.48,19.28125,19.46875,19.65625,19.5,2.6,8.0,0.0,143.0
20.06494,0x220,0.0,0.0,1.0,6.25,3.25,0.3,19.28125,19.46875,19.65625,19.5,2.6,8.0,0.0,143.0
20.06703,0x2B0,0.0,0.0,1.0,6.25,3.25,0.3,19.28125,19.46875,19.65625,19.5,2.6,8.0,0.0,143.0
20.06895,0x316,0.0,0.0,1.0,6.25,3.25,0.3,19.28125,19.46875,19.65625,19.5,2.6,8.0,0.0,143.0
20.07489,0x220,0.0,0.0,1.0,6.25,3.02,-0.08,19.28125,19.46875,19.65625,19.5,2.6,8.0,0.0,143.0
20.07712,0x2B0,0.0,0.0,1.0,6.25,3.02,-0.08,19.28125,19.46875,19.65625,19.5,2.3,12.0,0.0,143.0
20.0788,0x316,0.0,0.0,1.0,6.25,3.02,-0.08,19.28125,19.46875,19.65625,19.5,2.3,12.0,0.0,143.0
20.07926,0x386,0.0,0.0,1.0,6.25,3.02,-0.08,19.6875,19.59375,19.375,19.3125,2.3,12.0,0.0,143.0
20.08494,0x220,0.0,0.0,1.0,6.25,2.57,-0.1,19.6875,19.59375,19.375,19.3125,2.3,12.0,0.0,143.0
20.08704,0x2B0,0.0,0.0,1.0,6.25,2.57,-0.1,19.6875,19.59375,19.375,19.3125,2.3,12.0,0.0,143.0
20.08866,0x316,0.0,0.0,1.0,6.25,2.57,-0.1,19.6875,19.59375,19.375,19.3125,2.3,12.0,0.0,142.0
20.0949,0x220,0.0,0.0,1.0,6.25,2.27,0.19,19.6875,19.59375,19.375,19.3125,2.3,12.0,0.0,142.0
20.09704,0x2B0,0.0,0.0,1.0,6.25,2.27,0.19,19.6875,19.59375,19.375,19.3125,2.1,8.0,0.0,142.0
20.09873,0x316,0.0,0.0,1.0,6.25,2.27,0.19,19.6875,19.59375,19.375,19.3125,2.1,8.0,0.0,142.0
20.09922,0x386,0.0,0.0,1.0,6.25,2.27,0.19,19.375,19.625,19.0,19.0625,2.1,8.0,0.0,142.0
20.10494,0x220,0.0,0.0,1.0,6.25,2.31,0.43,19.375,19.625,19.0,19.0625,2.1,8.0,0.0,142.0
20.10706,0x2B0,0.0,0.0,1.0,6.25,2.31,0.43,19.375,19.625,19.0,19.0625,2.0,12.0,0.0,142.0
20.10872,0x316,0.0,0.0,1.0,6.25,2.31,0.43,19.375,19.625,19.0,19.0625,2.0,12.0,0.0,143.0
20.11489,0x220,0.0,0.0,1.0,6.25,2.58,0.28,19.375,19.625,19.0,19.0625,2.0,12.0,0.0,143.0
20.11706,0x2B0,0.0,0.0,1.0,6.25,2.58,0.28,19.375,19.625,19.0,19.0625,2.0,0.0,0.0,143.0
20.11889,0x316,0.0,0.0,1.0,6.25,2.58,0.28,19.375,19.625,19.0,19.0625,2.0,0.0,0.0,143.0
20.11961,0x386,0.0,0.0,1.0,6.25,2.58,0.28,19.625,19.78125,19.0,19.0625,2.0,0.0,0.0,143.0
20.12494,0x220,0.0,0.0,1.0,6.25,2.77,0.0,19.625,19.78125,19.0,19.0625,2.0,0.0,0.0,143.0
20.12706,0x2B0,0.0,0.0,1.0,6.25,2.77,0.0,19.625,19.78125,19.0,19.0625,1.9,0.0,0.0,143.0
20.12867,0x316,0.0,0.0,1.0,6.25,2.77,0.0,19.625,19.78125,19.0,19.0625,1.9,0.0,0.0,143.0
20.13491,0x220,0.0,0.0,1.0,6.25,2.68,-0.04,19.625,19.78125,19.0,19.0625,1.9,0.0,0.0,143.0
20.137,0x2B0,0.0,0.0,1.0,6.25,2.68,-0.04,19.625,19.78125,19.0,19.0625,1.9,0.0,0.0,143.0
20.13886,0x316,0.0,0.0,1.0,6.25,2.68,-0.04,19.625,19.78125,19.0,19.0625,1.9,0.0,0.0,143.0
20.13933,0x386,0.0,0.0,1.0,6.25,2.68,-0.04,19.625,19.5,18.84375,19.25,1.9,0.0,0.0,143.0
20.14495,0x220,0.0,0.0,1.0,6.25,2.27,0.19,19.625,19.5,18.84375,19.25,1.9,0.0,0.0,143.0
20.147,0x2B0,0.0,0.0,1.0,6.25,2.27,0.19,19.625,19.5,18.84375,19.25,1.9,0.0,0.0,143.0
20.14887,0x316,0.0,0.0,1.0,6.25,2.27,0.19,19.625,19.5,18.84375,19.25,1.9,0.0,0.0,143.0
20.15489,0x220,0.0,0.0,1.0,6.25,1.63,0.51,19.625,19.5,18.84375,19.25,1.9,0.0,0.0,143.0
20.157,0x2B0,0.0,0.0,1.0,6.25,1.63,0.51,19.625,19.5,18.84375,19.25,1.9,0.0,0.0,143.0
20.15879,0x316,0.0,0.0,1.0,6.25,1.63,0.51,19.625,19.5,18.84375,19.25,1.9,0.0,0.0,143.0
20.15926,0x386,0.0,0.0,1.0,6.25,1.63,0.51,19.59375,19.5625,18.8125,19.53125,1.9,0.0,0.0,143.0
20.16494,0x220,0.0,0.0,1.0,6.25,1.1,0.66,19.59375,19.5625,18.8125,19.53125,1.9,0.0,0.0,143.0
20.16701,0x2B0,0.0,0.0,1.0,6.25,1.1,0.66,19.59375,19.5625,18.8125,19.53125,1.9,0.0,0.0,143.0
20.1689,0x316,0.0,0.0,1.0,6.25,1.1,0.66,19.59375,19.5625,18.8125,19.53125,1.9,0.0,0.0,143.0
20.17491,0x220,0.0,0.0,1.0,6.25,0.88,0.68,19.59375,19.5625,18.8125,19.53125,1.9,0.0,0.0,143.0
20.17709,0x2B0,0.0,0.0,1.0,6.25,0.88,0.68,19.59375,19.5625,18.8125,19.53125,1.9,0.0,0.0,143.0
20.1788,0x316,0.0,0.0,1.0,6.25,0.88,0.68,19.59375,19.5625,18.8125,19.53125,1.9,0.0,0.0,143.0
20.17927,0x386,0.0,0.0,1.0,6.25,0.88,0.68,19.5625,19.40625,19.28125,19.1875,1.9,0.0,0.0,143.0
20.18494,0x220,0.0,0.0,1.0,6.25,1.12,0.7,19.5625,19.40625,19.28125,19.1875,1.9,0.0,0.0,143.0
20.18705,0x2B0,0.0,0.0,1.0,6.25,1.12,0.7,19.5625,19.40625,19.28125,19.1875,1.9,0.0,0.0,143.0
20.18867,0x316,0.0,0.0,1.0,6.25,1.12,0.7,19.5625,19.40625,19.28125,19.1875,1.9,0.0,0.0,143.0
20.19489,0x220,0.0,0.0,1.0,6.25,1.68,0.74,19.5625,19.40625,19.28125,19.1875,1.9,0.0,0.0,143.0
20.19704,0x2B0,0.0,0.0,1.0,6.25,1.68,0.74,19.5625,19.40625,19.28125,19.1875,1.8,0.0,0.0,143.0
20.19878,0x316,0.0,0.0,1.0,6.25,1.68,0.74,19.5625,19.40625,19.28125,19.1875,1.8,0.0,0.0,142.0
20.19925,0x386,0.0,0.0,1.0,6.25,1.68,0.74,19.5,19.625,19.375,18.9375,1.8,0.0,0.0,142.0
20.20494,0x220,0.0,0.0,1.0,6.25,2.21,0.69,19.5,19.625,19.375,18.9375,1.8,0.0,0.0,142.0
20.207,0x2B0,0.0,0.0,1.0,6.25,2.21,0.69,19.5,19.625,19.375,18.9375,1.8,0.0,0.0,142.0
20.20869,0x316,0.0,0.0,1.0,6.25,2.21,0.69,19.5,19.625,19.375,18.9375,1.8,0.0,0.0,142.0
20.2149,0x220,0.0,0.0,1.0,6.25,2.44,0.62,19.5,19.625,19.375,18.9375,1.8,0.0,0.0,142.0
20.21704,0x2B0,0.0,0.0,1.0,6.25,2.44,0.62,19.5,19.625,19.375,18.9375,1.8,0.0,0.0,142.0
20.21875,0x316,0.0,0.0,1.0,6.25,2.44,0.62,19.5,19.625,19.375,18.9375,1.8,0.0,0.0,142.0
20.21946,0x386,0.0,0.0,1.0,6.25,2.44,0.62,19.34375,19.40625,18.875,19.0,1.8,0.0,0.0,142.0
20.22495,0x220,0.0,0.0,1.0,6.25,2.19,0.61,19.34375,19.40625,18.875,19.0,1.8,0.0,0.0,142.0
20.22703,0x2B0,0.0,0.0,1.0,6.25,2.19,0.61,19.34375,19.40625,18.875,19.0,1.8,0.0,0.0,142.0
20.22866,0x316,0.0,0.0,1.0,6.25,2.19,0.61,19.34375,19.40625,18.875,19.0,1.8,0.0,0.0,142.0
20.23491,0x220,0.0,0.0,1.0,6.25,1.6,0.63,19.34375,19.40625,18.875,19.0,1.8,0.0,0.0,142.0
20.23703,0x2B0,0.0,0.0,1.0,6.25,1.6,0.63,19.34375,19.40625,18.875,19.0,1.8,0.0,0.0,142.0
20.23893,0x316,0.0,0.0,1.0,6.25,1.6,0.63,19.34375,19.40625,18.875,19.0,1.8,0.0,0.0,142.0
20.23939,0x386,0.0,0.0,1.0,6.25,1.6,0.63,19.625,19.34375,19.03125,19.21875,1.8,0.0,0.0,142.0
20.24496,0x220,0.0,0.0,1.0,6.25,0.93,0.63,19.625,19.34375,19.03125,19.21875,1.8,0.0,0.0,142.0
20.24702,0x2B0,0.0,0.0,1.0,6.25,0.93,0.63,19.625,19.34375,19.03125,19.21875,1.6,8.0,0.0,142.0
20.2489,0x316,0.0,0.0,1.0,6.25,0.93,0.63,19.625,19.34375,19.03125,19.21875,1.6,8.0,0.0,142.0
20.25489,0x220,0.0,0.0,1.0,6.25,0.56,0.52,19.625,19.34375,19.03125,19.21875,1.6,8.0,0.0,142.0
20.25705,0x2B0,0.0,0.0,1.0,6.25,0.56,0.52,19.625,19.34375,19.03125,19.21875,1.6,8.0,0.0,142.0
20.25872,0x316,0.0,0.0,1.0,6.25,0.56,0.52,19.625,19.34375,19.03125,19.21875,1.6,8.0,0.0,142.0
20.25944,0x386,0.0,0.0,1.0,6.25,0.56,0.52,19.375,19.34375,19.4375,19.4375,1.6,8.0,0.0,142.0
20.26495,0x220,0.0,0.0,1.0,6.25,0.54,0.33,19.375,19.34375,19.4375,19.4375,1.6,8.0,0.0,142.0
20.26705,0x2B0,0.0,0.0,1.0,6.25,0.54,0.33,19.375,19.34375,19.4375,19.4375,1.5,0.0,0.0,142.0
20.26889,0x316,0.0,0.0,1.0,6.25,0.54,0.33,19.375,19.34375,19.4375,19.4375,1.5,0.0,0.0,142.0
20.2749,0x220,0.0,0.0,1.0,6.25,0.69,0.34,19.375,19.34375,19.4375,19.4375,1.5,0.0,0.0,142.0
20.27714,0x2B0,0.0,0.0,1.0,6.25,0.69,0.34,19.375,19.34375,19.4375,19.4375,1.5,0.0,0.0,142.0
20.27885,0x316,0.0,0.0,1.0,6.25,0.69,0.34,19.375,19.34375,19.4375,19.4375,1.5,0.0,0.0,142.0
20.27932,0x386,0.0,0.0,1.0,6.25,0.69,0.34,19.46875,19.40625,19.15625,19.375,1.5,0.0,0.0,142.0
20.28495,0x220,0.0,0.0,1.0,6.25,1.05,0.68,19.46875,19.40625,19.15625,19.375,1.5,0.0,0.0,142.0
20.28705,0x2B0,0.0,0.0,1.0,6.25,1.05,0.68,19.46875,19.40625,19.15625,19.375,1.5,0.0,0.0,142.0
20.28872,0x316,0.0,0.0,1.0,6.25,1.05,0.68,19.46875,19.40625,19.15625,19.375,1.5,0.0,0.0,143.0
20.29489,0x220,0.0,0.0,1.0,6.25,1.58,1.07,19.46875,19.40625,19.15625,19.375,1.5,0.0,0.0,143.0
20.29706,0x2B0,0.0,0.0,1.0,6.25,1.58,1.07,19.46875,19.40625,19.15625,19.375,1.4,0.0,0.0,143.0
20.29872,0x316,0.0,0.0,1.0,6.25,1.58,1.07,19.46875,19.40625,19.15625,19.375,1.4,0.0,0.0,143.0
20.29923,0x386,0.0,0.0,1.0,6.25,1.58,1.07,19.5,19.25,19.1875,19.71875,1.4,0.0,0.0,143.0
20.30495,0x220,0.0,0.0,1.0,6.25,2.05,1.2,19.5,19.25,19.1875,19.71875,1.4,0.0,0.0,143.0
20.30705,0x2B0,0.0,0.0,1.0,6.25,2.05,1.2,19.5,19.25,19.1875,19.71875,1.4,0.0,0.0,143.0
20.30867,0x316,0.0,0.0,1.0,6.25,2.05,1.2,19.5,19.25,19.1875,19.71875,1.4,0.0,0.0,143.0
20.3149,0x220,0.0,0.0,1.0,6.25,2.32,1.07,19.5,19.25,19.1875,19.71875,1.4,0.0,0.0,143.0
20.31706,0x2B0,0.0,0.0,1.0,6.25,2.32,1.07,19.5,19.25,19.1875,19.71875,1.1,12.0,0.0,143.0
20.31882,0x316,0.0,0.0,1.0,6.25,2.32,1.07,19.5,19.25,19.1875,19.71875,1.1,12.0,0.0,143.0
20.31928,0x386,0.0,0.0,1.0,6.25,2.32,1.07,19.4375,19.53125,19.4375,19.625,1.1,12.0,0.0,143.0
20.32495,0x220,0.0,0.0,1.0,6.25,2.34,0.86,19.4375,19.53125,19.4375,19.625,1.1,12.0,0.0,143.0
20.32707,0x2B0,0.0,0.0,1.0,6.25,2.34,0.86,19.4375,19.53125,19.4375,19.625,1.1,12.0,0.0,143.0
20.32871,0x316,0.0,0.0,1.0,6.25,2.34,0.86,19.4375,19.53125,19.4375,19.625,1.1,12.0,0.0,142.0
20.33491,0x220,0.0,0.0,1.0,6.25,2.18,0.64,19.4375,19.53125,19.4375,19.625,1.1,12.0,0.0,142.0
20.33704,0x2B0,0.0,0.0,1.0,6.25,2.18,0.64,19.4375,19.53125,19.4375,19.625,0.9,8.0,0.0,142.0
20.33883,0x316,0.0,0.0,1.0,6.25,2.18,0.64,19.4375,19.53125,19.4375,19.625,0.9,8.0,0.0,143.0
20.33929,0x386,0.0,0.0,1.0,6.25,2.18,0.64,19.375,19.46875,19.3125,19.6875,0.9,8.0,0.0,143.0
20.34496,0x220,0.0,0.0,1.0,6.25,1.92,0.54,19.375,19.46875,19.3125,19.6875,0.9,8.0,0.0,143.0
20.34706,0x2B0,0.0,0.0,1.0,6.25,1.92,0.54,19.375,19.46875,19.3125,19.6875,0.8,12.0,0.0,143.0
20.34885,0x316,0.0,0.0,1.0,6.25,1.92,0.54,19.375,19.46875,19.3125,19.6875,0.8,12.0,0.0,143.0
20.35492,0x220,0.0,0.0,1.0,6.25,1.77,0.59,19.375,19.46875,19.3125,19.6875,0.8,12.0,0.0,143.0
20.35707,0x2B0,0.0,0.0,1.0,6.25,1.77,0.59,19.375,19.46875,19.3125,19.6875,0.6,12.0,0.0,143.0
20.35872,0x316,0.0,0.0,1.0,6.25,1.77,0.59,19.375,19.46875,19.3125,19.6875,0.6,12.0,0.0,143.0
20.35944,0x386,0.0,0.0,1.0,6.25,1.77,0.59,19.90625,19.96875,19.0,19.8125,0.6,12.0,0.0,143.0
20.36495,0x220,0.0,0.0,1.0,6.25,1.87,0.61,19.90625,19.96875,19.0,19.8125,0.6,12.0,0.0,143.0
20.36706,0x2B0,0.0,0.0,1.0,6.25,1.87,0.61,19.90625,19.96875,19.0,19.8125,0.5,12.0,0.0,143.0
20.36898,0x316,0.0,0.0,1.0,6.25,1.87,0.61,19.90625,19.96875,19.0,19.8125,0.5,12.0,0.0,143.0
20.3749,0x220,0.0,0.0,1.0,6.25,2.21,0.53,19.90625,19.96875,19.0,19.8125,0.5,12.0,0.0,143.0
20.37707,0x2B0,0.0,0.0,1.0,6.25,2.21,0.53,19.90625,19.96875,19.0,19.8125,0.3,12.0,0.0,143.0
20.37876,0x316,0.0,0.0,1.0,6.25,2.21,0.53,19.90625,19.96875,19.0,19.8125,0.3,12.0,0.0,143.0
20.37922,0x386,0.0,0.0,1.0,6.25,2.21,0.53,18.65625,19.28125,19.34375,19.75,0.3,12.0,0.0,143.0
20.38496,0x220,0.0,0.0,1.0,6.25,2.73,0.45,18.65625,19.28125,19.34375,19.75,0.3,12.0,0.0,143.0
20.38706,0x2B0,0.0,0.0,1.0,6.25,2.73,0.45,18.65625,19.28125,19.34375,19.75,0.1,20.0,0.0,143.0
20.38869,0x316,0.0,0.0,1.0,6.25,2.73,0.45,18.65625,19.28125,19.34375,19.75,0.1,20.0,0.0,143.0
20.39492,0x220,0.0,0.0,1.0,6.25,3.27,0.53,18.65625,19.28125,19.34375,19.75,0.1,20.0,0.0,143.0
20.39704,0x2B0,0.0,0.0,1.0,6.25,3.27,0.53,18.65625,19.28125,19.34375,19.75,0.0,12.0,0.0,143.0
20.39874,0x316,0.0,0.0,1.0,6.25,3.27,0.53,18.65625,19.28125,19.34375,19.75,0.0,12.0,0.0,143.0
20.39923,0x386,0.0,0.0,1.0,6.25,3.27,0.53,19.96875,20.03125,19.21875,19.3125,0.0,12.0,0.0,143.0
20.40495,0x220,0.0,0.0,1.0,6.25,3.82,0.7,19.96875,20.03125,19.21875,19.3125,0.0,12.0,0.0,143.0
20.40698,0x2B0,0.0,0.0,1.0,6.25,3.82,0.7,19.96875,20.03125,19.21875,19.3125,0.0,0.0,0.0,143.0
20.40874,0x316,0.0,0.0,1.0,6.25,3.82,0.7,19.96875,20.03125,19.21875,19.3125,0.0,0.0,0.0,143.0
20.41493,0x220,0.0,0.0,1.0,6.25,4.25,0.7,19.96875,20.03125,19.21875,19.3125,0.0,0.0,0.0,143.0
20.41698,0x2B0,0.0,0.0,1.0,6.25,4.25,0.7,19.96875,20.03125,19.21875,19.3125,-0.3,12.0,0.0,143.0
20.41874,0x316,0.0,0.0,1.0,6.25,4.25,0.7,19.96875,20.03125,19.21875,19.3125,-0.3,12.0,0.0,143.0
20.41945,0x386,0.0,0.0,1.0,6.25,4.25,0.7,19.28125,19.46875,19.21875,19.40625,-0.3,12.0,0.0,143.0
20.42495,0x220,0.0,0.0,1.0,6.25,4.54,0.22,19.28125,19.46875,19.21875,19.40625,-0.3,12.0,0.0,143.0
20.42701,0x2B0,0.0,0.0,1.0,6.25,4.54,0.22,19.28125,19.46875,19.21875,19.40625,-0.5,24.0,0.0,143.0
20.42867,0x316,0.0,0.0,1.0,6.25,4.54,0.22,19.28125,19.46875,19.21875,19.40625,-0.5,24.0,0.0,143.0
20.43492,0x220,0.0,0.0,1.0,6.25,4.47,-0.53,19.28125,19.46875,19.21875,19.40625,-0.5,24.0,0.0,143.0
20.43703,0x2B0,0.0,0.0,1.0,6.25,4.47,-0.53,19.28125,19.46875,19.21875,19.40625,-0.6,12.0,0.0,143.0
20.43883,0x316,0.0,0.0,1.0,6.25,4.47,-0.53,19.28125,19.46875,19.21875,19.40625,-0.6,12.0,0.0,143.0
20.43929,0x386,0.0,0.0,1.0,6.25,4.47,-0.53,19.8125,20.15625,19.25,19.53125,-0.6,12.0,0.0,143.0
20.44496,0x220,0.0,0.0,1.0,6.25,4.07,-1.07,19.8125,20.15625,19.25,19.53125,-0.6,12.0,0.0,143.0
20.44701,0x2B0,0.0,0.0,1.0,6.25,4.07,-1.07,19.8125,20.15625,19.25,19.53125,-0.8,12.0,0.0,143.0
20.44889,0x316,0.0,0.0,1.0,6.25,4.07,-1.07,19.8125,20.15625,19.25,19.53125,-0.8,12.0,0.0,143.0
20.45492,0x220,0.0,0.0,1.0,6.25,3.61,-1.22,19.8125,20.15625,19.25,19.53125,-0.8,12.0,0.0,143.0
20.457,0x2B0,0.0,0.0,1.0,6.25,3.61,-1.22,19.8125,20.15625,19.25,19.53125,-0.8,8.0,0.0,143.0
20.45878,0x316,0.0,0.0,1.0,6.25,3.61,-1.22,19.8125,20.15625,19.25,19.53125,-0.8,8.0,0.0,143.0
20.45925,0x386,0.0,0.0,1.0,6.25,3.61,-1.22,19.5625,20.03125,19.25,19.75,-0.8,8.0,0.0,143.0
20.46495,0x220,0.0,0.0,1.0,6.25,3.31,-0.82,19.5625,20.03125,19.25,19.75,-0.8,8.0,0.0,143.0
20.46701,0x2B0,0.0,0.0,1.0,6.25,3.31,-0.82,19.5625,20.03125,19.25,19.75,-1.1,12.0,0.0,143.0
20.4689,0x316,0.0,0.0,1.0,6.25,3.31,-0.82,19.5625,20.03125,19.25,19.75,-1.1,12.0,0.0,143.0
20.47492,0x220,0.0,0.0,1.0,6.25,3.24,-0.26,19.5625,20.03125,19.25,19.75,-1.1,12.0,0.0,143.0
20.47713,0x2B0,0.0,0.0,1.0,6.25,3.24,-0.26,19.5625,20.03125,19.25,19.75,-1.1,12.0,0.0,143.0
20.47877,0x316,0.0,0.0,1.0,6.25,3.24,-0.26,19.5625,20.03125,19.25,19.75,-1.1,12.0,0.0,143.0
20.47924,0x386,0.0,0.0,1.0,6.25,3.24,-0.26,20.1875,19.78125,18.96875,19.59375,-1.1,12.0,0.0,143.0
20.48495,0x220,0.0,0.0,1.0,6.25,3.38,-0.11,20.1875,19.78125,18.96875,19.59375,-1.1,12.0,0.0,143.0
20.48703,0x2B0,0.0,0.0,1.0,6.25,3.38,-0.11,20.1875,19.78125,18.96875,19.59375,-1.2,0.0,0.0,143.0
20.48873,0x316,0.0,0.0,1.0,6.25,3.38,-0.11,20.1875,19.78125,18.96875,19.59375,-1.2,0.0,0.0,143.0
20.4949,0x220,0.0,0.0,1.0,6.25,3.45,-0.57,20.1875,19.78125,18.96875,19.59375,-1.2,0.0,0.0,143.0
20.49701,0x2B0,0.0,0.0,1.0,6.25,3.45,-0.57,20.1875,19.78125,18.96875,19.59375,-1.2,0.0,0.0,143.0
20.49877,0x316,0.0,0.0,1.0,6.25,3.45,-0.57,20.1875,19.78125,18.96875,19.59375,-1.2,0.0,0.0,143.0
20.49924,0x386,0.0,0.0,1.0,6.25,3.45,-0.57,19.8125,19.96875,19.03125,19.5625,-1.2,0.0,0.0,143.0
20.50496,0x220,0.0,0.0,1.0,6.25,3.18,-1.26,19.8125,19.96875,19.03125,19.5625,-1.2,0.0,0.0,143.0
20.50704,0x2B0,0.0,0.0,1.0,6.25,3.18,-1.26,19.8125,19.96875,19.03125,19.5625,-1.5,12.0,0.0,143.0
20.50867,0x316,0.0,0.0,1.0,6.25,3.18,-1.26,19.8125,19.96875,19.03125,19.5625,-1.5,12.0,0.0,143.0
20.51492,0x220,0.0,0.0,1.0,6.25,2.63,-1.46,19.8125,19.96875,19.03125,19.5625,-1.5,12.0,0.0,143.0
20.51703,0x2B0,0.0,0.0,1.0,6.25,2.63,-1.46,19.8125,19.96875,19.03125,19.5625,-1.5,12.0,0.0,143.0
20.51877,0x316,0.0,0.0,1.0,6.25,2.63,-1.46,19.8125,19.96875,19.03125,19.5625,-1.5,12.0,0.0,143.0
20.51923,0x386,0.0,0.0,1.0,6.25,2.63,-1.46,19.96875,20.125,19.53125,19.40625,-1.5,12.0,0.0,143.0
20.52495,0x220,0.0,0.0,1.0,6.25,2.08,-0.96,19.96875,20.125,19.53125,19.40625,-1.5,12.0,0.0,143.0
20.52703,0x2B0,0.0,0.0,1.0,6.25,2.08,-0.96,19.96875,20.125,19.53125,19.40625,-1.5,0.0,0.0,143.0
20.5287,0x316,0.0,0.0,1.0,6.25,2.08,-0.96,19.96875,20.125,19.53125,19.40625,-1.5,0.0,0.0,143.0
20.53492,0x220,0.0,0.0,1.0,6.25,2.04,-0.23,19.96875,20.125,19.53125,19.40625,-1.5,0.0,0.0,143.0
20.53703,0x2B0,0.0,0.0,1.0,6.25,2.04,-0.23,19.96875,20.125,19.53125,19.40625,-1.5,0.0,0.0,143.0
20.53886,0x316,0.0,0.0,1.0,6.25,2.04,-0.23,19.96875,20.125,19.53125,19.40625,-1.5,0.0,0.0,143.0
20.53933,0x386,0.0,0.0,1.0,6.25,2.04,-0.23,20.03125,20.0,19.96875,19.34375,-1.5,0.0,0.0,143.0
20.54498,0x220,0.0,0.0,1.0,6.25,2.49,0.13,20.03125,20.0,19.96875,19.34375,-1.5,0.0,0.0,143.0
20.54702,0x2B0,0.0,0.0,1.0,6.25,2.49,0.13,20.03125,20.0,19.96875,19.34375,-1.6,0.0,0.0,143.0
20.54888,0x316,0.0,0.0,1.0,6.25,2.49,0.13,20.03125,20.0,19.96875,19.34375,-1.6,0.0,0.0,143.0
20.5549,0x220,0.0,0.0,1.0,6.25,2.98,-0.11,20.03125,20.0,19.96875,19.34375,-1.6,0.0,0.0,143.0
20.55703,0x2B0,0.0,0.0,1.0,6.25,2.98,-0.11,20.03125,20.0,19.96875,19.34375,-1.6,0.0,0.0,143.0
20.55871,0x316,0.0,0.0,1.0,6.25,2.98,-0.11,20.03125,20.0,19.96875,19.34375,-1.6,0.0,0.0,143.0
20.55943,0x386,0.0,0.0,1.0,6.25,2.98,-0.11,19.9375,20.0,19.5,19.34375,-1.6,0.0,0.0,143.0
20.56495,0x220,0.0,0.0,1.0,6.25,3.16,-0.76,19.9375,20.0,19.5,19.34375,-1.6,0.0,0.0,143.0
20.56702,0x2B0,0.0,0.0,1.0,6.25,3.16,-0.76,19.9375,20.0,19.5,19.34375,-1.8,8.0,0.0,143.0
20.56895,0x316,0.0,0.0,1.0,6.25,3.16,-0.76,19.9375,20.0,19.5,19.34375,-1.8,8.0,0.0,143.0
20.57493,0x220,0.0,0.0,1.0,6.25,2.81,-1.06,19.9375,20.0,19.5,19.34375,-1.8,8.0,0.0,143.0
20.57705,0x2B0,0.0,0.0,1.0,6.25,2.81,-1.06,19.9375,20.0,19.5,19.34375,-1.8,8.0,0.0,143.0
20.57878,0x316,0.0,0.0,1.0,6.25,2.81,-1.06,19.9375,20.0,19.5,19.34375,-1.8,8.0,0.0,143.0
20.57926,0x386,0.0,0.0,1.0,6.25,2.81,-1.06,20.0,19.875,18.90625,19.625,-1.8,8.0,0.0,143.0
20.58496,0x220,0.0,0.0,1.0,6.25,2.22,-0.73,20.0,19.875,18.90625,19.625,-1.8,8.0,0.0,143.0
20.58699,0x2B0,0.0,0.0,1.0,6.25,2.22,-0.73,20.0,19.875,18.90625,19.625,-1.9,0.0,0.0,143.0
20.58866,0x316,0.0,0.0,1.0,6.25,2.22,-0.73,20.0,19.875,18.90625,19.625,-1.9,0.0,0.0,143.0
20.59492,0x220,0.0,0.0,1.0,6.25,1.74,-0.13,20.0,19.875,18.90625,19.625,-1.9,0.0,0.0,143.0
20.59702,0x2B0,0.0,0.0,1.0,6.25,1.74,-0.13,20.0,19.875,18.90625,19.625,-1.9,0.0,0.0,143.0
20.59872,0x316,0.0,0.0,1.0,6.25,1.74,-0.13,20.0,19.875,18.90625,19.625,-1.9,0.0,0.0,142.0
20.59923,0x386,0.0,0.0,1.0,6.25,1.74,-0.13,19.75,19.71875,19.5625,19.125,-1.9,0.0,0.0,142.0
20.60496,0x220,0.0,0.0,1.0,6.25,1.53,0.11,19.75,19.71875,19.5625,19.125,-1.9,0.0,0.0,142.0
20.607,0x2B0,0.0,0.0,1.0,6.25,1.53,0.11,19.75,19.71875,19.5625,19.125,-2.0,0.0,0.0,142.0
20.60869,0x316,0.0,0.0,1.0,6.25,1.53,0.11,19.75,19.71875,19.5625,19.125,-2.0,0.0,0.0,143.0
20.61493,0x220,0.0,0.0,1.0,6.25,1.6,0.01,19.75,19.71875,19.5625,19.125,-2.0,0.0,0.0,143.0
20.617,0x2B0,0.0,0.0,1.0,6.25,1.6,0.01,19.75,19.71875,19.5625,19.125,-2.0,0.0,0.0,143.0
20.61879,0x316,0.0,0.0,1.0,6.25,1.6,0.01,19.75,19.71875,19.5625,19.125,-2.0,0.0,0.0,142.0
20.61927,0x386,0.0,0.0,1.0,6.25,1.6,0.01,19.6875,19.75,20.1875,19.125,-2.0,0.0,0.0,142.0
20.62496,0x220,0.0,0.0,1.0,6.25,1.77,-0.19,19.6875,19.75,20.1875,19.125,-2.0,0.0,0.0,142.0
20.62702,0x2B0,0.0,0.0,1.0,6.25,1.77,-0.19,19.6875,19.75,20.1875,19.125,-2.2,8.0,0.0,142.0
20.62866,0x316,0.0,0.0,1.0,6.25,1.77,-0.19,19.6875,19.75,20.1875,19.125,-2.2,8.0,0.0,142.0
20.63493,0x220,0.0,0.0,1.0,6.25,1.8,-0.3,19.6875,19.75,20.1875,19.125,-2.2,8.0,0.0,142.0
20.63697,0x2B0,0.0,0.0,1.0,6.25,1.8,-0.3,19.6875,19.75,20.1875,19.125,-2.2,8.0,0.0,142.0
20.63887,0x316,0.0,0.0,1.0,6.25,1.8,-0.3,19.6875,19.75,20.1875,19.125,-2.2,8.0,0.0,142.0
20.63933,0x386,0.0,0.0,1.0,6.25,1.8,-0.3,19.625,19.5,19.8125,20.0625,-2.2,8.0,0.0,142.0
20.64497,0x220,0.0,0.0,1.0,6.25,1.57,-0.13,19.625,19.5,19.8125,20.0625,-2.2,8.0,0.0,142.0
20.64702,0x2B0,0.0,0.0,1.0,6.25,1.57,-0.13,19.625,19.5,19.8125,20.0625,-2.2,0.0,0.0,142.0
20.64881,0x316,0.0,0.0,1.0,6.25,1.57,-0.13,19.625,19.5,19.8125,20.0625,-2.2,0.0,0.0,142.0
20.65494,0x220,0.0,0.0,1.0,6.25,1.28,0.07,19.625,19.5,19.8125,20.0625,-2.2,0.0,0.0,142.0
20.65703,0x2B0,0.0,0.0,1.0,6.25,1.28,0.07,19.625,19.5,19.8125,20.0625,-2.4,8.0,0.0,142.0
20.65879,0x316,0.0,0.0,1.0,6.25,1.28,0.07,19.625,19.5,19.8125,20.0625,-2.4,8.0,0.0,142.0
20.65925,0x386,0.0,0.0,1.0,6.25,1.28,0.07,19.75,19.5625,19.6875,20.15625,-2.4,8.0,0.0,142.0
20.66495,0x220,0.0,0.0,1.0,6.25,1.03,0.13,19.75,19.5625,19.6875,20.15625,-2.4,8.0,0.0,142.0
20.66701,0x2B0,0.0,0.0,1.0,6.25,1.03,0.13,19.75,19.5625,19.6875,20.15625,-2.4,8.0,0.0,142.0
20.6689,0x316,0.0,0.0,1.0,6.25,1.03,0.13,19.75,19.5625,19.6875,20.15625,-2.4,8.0,0.0,142.0
20.67493,0x220,0.0,0.0,1.0,6.25,0.9,0.03,19.75,19.5625,19.6875,20.15625,-2.4,8.0,0.0,142.0
20.67712,0x2B0,0.0,0.0,1.0,6.25,0.9,0.03,19.75,19.5625,19.6875,20.15625,-2.6,8.0,0.0,142.0
20.67885,0x316,0.0,0.0,1.0,6.25,0.9,0.03,19.75,19.5625,19.6875,20.15625,-2.6,8.0,0.0,142.0
20.67932,0x386,0.0,0.0,1.0,6.25,0.9,0.03,19.65625,19.65625,19.90625,19.9375,-2.6,8.0,0.0,142.0
20.68496,0x220,0.0,0.0,1.0,6.25,0.92,0.04,19.65625,19.65625,19.90625,19.9375,-2.6,8.0,0.0,142.0
20.68705,0x2B0,0.0,0.0,1.0,6.25,0.92,0.04,19.65625,19.65625,19.90625,19.9375,-2.6,8.0,0.0,142.0
20.68868,0x316,0.0,0.0,1.0,6.25,0.92,0.04,19.65625,19.65625,19.90625,19.9375,-2.6,8.0,0.0,142.0
20.69493,0x220,0.0,0.0,1.0,6.25,1.0,0.25,19.65625,19.65625,19.90625,19.9375,-2.6,8.0,0.0,142.0
20.69704,0x2B0,0.0,0.0,1.0,6.25,1.0,0.25,19.65625,19.65625,19.90625,19.9375,-2.8,8.0,0.0,142.0
20.69879,0x316,0.0,0.0,1.0,6.25,1.0,0.25,19.65625,19.65625,19.90625,19.9375,-2.8,8.0,0.0,142.0
20.69925,0x386,0.0,0.0,1.0,6.25,1.0,0.25,19.59375,19.625,19.90625,19.75,-2.8,8.0,0.0,142.0
20.70496,0x220,0.0,0.0,1.0,6.25,1.15,0.54,19.59375,19.625,19.90625,19.75,-2.8,8.0,0.0,142.0
20.70705,0x2B0,0.0,0.0,1.0,6.25,1.15,0.54,19.59375,19.625,19.90625,19.75,-2.8,8.0,0.0,142.0
20.70867,0x316,0.0,0.0,1.0,6.25,1.15,0.54,19.59375,19.625,19.90625,19.75,-2.8,8.0,0.0,142.0
20.71491,0x220,0.0,0.0,1.0,6.25,1.33,0.73,19.59375,19.625,19.90625,19.75,-2.8,8.0,0.0,142.0
20.71704,0x2B0,0.0,0.0,1.0,6.25,1.33,0.73,19.59375,19.625,19.90625,19.75,-3.0,8.0,0.0,142.0
20.71881,0x316,0.0,0.0,1.0,6.25,1.33,0.73,19.59375,19.625,19.90625,19.75,-3.0,8.0,0.0,143.0
20.71928,0x386,0.0,0.0,1.0,6.25,1.33,0.73,19.71875,19.75,19.3125,19.75,-3.0,8.0,0.0,143.0
20.72496,0x220,0.0,0.0,1.0,6.25,1.45,0.83,19.71875,19.75,19.3125,19.75,-3.0,8.0,0.0,143.0
20.72698,0x2B0,0.0,0.0,1.0,6.25,1.45,0.83,19.71875,19.75,19.3125,19.75,-3.0,8.0,0.0,143.0
20.72866,0x316,0.0,0.0,1.0,6.25,1.45,0.83,19.71875,19.75,19.3125,19.75,-3.0,8.0,0.0,143.0
20.73491,0x220,0.0,0.0,1.0,6.25,1.5,0.83,19.71875,19.75,19.3125,19.75,-3.0,8.0,0.0,143.0
20.73705,0x2B0,0.0,0.0,1.0,6.25,1.5,0.83,19.71875,19.75,19.3125,19.75,-3.0,0.0,0.0,143.0
20.73891,0x316,0.0,0.0,1.0,6.25,1.5,0.83,19.71875,19.75,19.3125,19.75,-3.0,0.0,0.0,143.0
20.73938,0x386,0.0,0.0,1.0,6.25,1.5,0.83,19.71875,19.84375,19.0,19.71875,-3.0,0.0,0.0,143.0
20.74497,0x220,0.0,0.0,1.0,6.25,1.46,0.75,19.71875,19.84375,19.0,19.71875,-3.0,0.0,0.0,143.0
20.74704,0x2B0,0.0,0.0,1.0,6.25,1.46,0.75,19.71875,19.84375,19.0,19.71875,-3.0,0.0,0.0,143.0
20.74889,0x316,0.0,0.0,1.0,6.25,1.46,0.75,19.71875,19.84375,19.0,19.71875,-3.0,0.0,0.0,143.0
20.75493,0x220,0.0,0.0,1.0,6.25,1.42,0.68,19.71875,19.84375,19.0,19.71875,-3.0,0.0,0.0,143.0
20.75696,0x2B0,0.0,0.0,1.0,6.25,1.42,0.68,19.71875,19.84375,19.0,19.71875,-3.0,0.0,0.0,143.0
20.75872,0x316,0.0,0.0,1.0,6.25,1.42,0.68,19.71875,19.84375,19.0,19.71875,-3.0,0.0,0.0,143.0
20.75944,0x386,0.0,0.0,1.0,6.25,1.42,0.68,19.875,19.75,19.1875,19.75,-3.0,0.0,0.0,143.0
20.76496,0x220,0.0,0.0,1.0,6.25,1.53,0.71,19.875,19.75,19.1875,19.75,-3.0,0.0,0.0,143.0
20.76697,0x2B0,0.0,0.0,1.0,6.25,1.53,0.71,19.875,19.75,19.1875,19.75,-3.0,0.0,0.0,143.0
20.76885,0x316,0.0,0.0,1.0,6.25,1.53,0.71,19.875,19.75,19.1875,19.75,-3.0,0.0,0.0,143.0
20.77494,0x220,0.0,0.0,1.0,6.25,1.78,0.84,19.875,19.75,19.1875,19.75,-3.0,0.0,0.0,143.0
20.77696,0x2B0,0.0,0.0,1.0,6.25,1.78,0.84,19.875,19.75,19.1875,19.75,-3.0,0.0,0.0,143.0
20.77882,0x316,0.0,0.0,1.0,6.25,1.78,0.84,19.875,19.75,19.1875,19.75,-3.0,0.0,0.0,143.0
20.7793,0x386,0.0,0.0,1.0,6.25,1.78,0.84,19.75,20.03125,19.125,19.875,-3.0,0.0,0.0,143.0
20.78496,0x220,0.0,0.0,1.0,6.25,2.04,0.92,19.75,20.03125,19.125,19.875,-3.0,0.0,0.0,143.0
20.78698,0x2B0,0.0,0.0,1.0,6.25,2.04,0.92,19.75,20.03125,19.125,19.875,-3.0,0.0,0.0,143.0
20.78871,0x316,0.0,0.0,1.0,6.25,2.04,0.92,19.75,20.03125,19.125,19.875,-3.0,0.0,0.0,143.0
20.79493,0x220,0.0,0.0,1.0,6.25,2.25,0.94,19.75,20.03125,19.125,19.875,-3.0,0.0,0.0,143.0
20.79698,0x2B0,0.0,0.0,1.0,6.25,2.25,0.94,19.75,20.03125,19.125,19.875,-2.8,8.0,0.0,143.0
20.79872,0x316,0.0,0.0,1.0,6.25,2.25,0.94,19.75,20.03125,19.125,19.875,-2.8,8.0,0.0,143.0
20.79924,0x386,0.0,0.0,1.0,6.25,2.25,0.94,19.78125,19.84375,19.09375,19.46875,-2.8,8.0,0.0,143.0
20.80497,0x220,0.0,0.0,1.0,6.25,2.43,0.95,19.78125,19.84375,19.09375,19.46875,-2.8,8.0,0.0,143.0
20.80696,0x2B0,0.0,0.0,1.0,6.25,2.43,0.95,19.78125,19.84375,19.09375,19.46875,-2.8,8.0,0.0,143.0
20.80867,0x316,0.0,0.0,1.0,6.25,2.43,0.95,19.78125,19.84375,19.09375,19.46875,-2.8,8.0,0.0,142.0
20.81493,0x220,0.0,0.0,1.0,6.25,2.69,0.99,19.78125,19.84375,19.09375,19.46875,-2.8,8.0,0.0,142.0
20.81706,0x2B0,0.0,0.0,1.0,6.25,2.69,0.99,19.78125,19.84375,19.09375,19.46875,-2.8,0.0,0.0,142.0
20.81879,0x316,0.0,0.0,1.0,6.25,2.69,0.99,19.78125,19.84375,19.09375,19.46875,-2.8,0.0,0.0,143.0
20.81926,0x386,0.0,0.0,1.0,6.25,2.69,0.99,19.8125,19.84375,19.09375,19.09375,-2.8,0.0,0.0,143.0
20.82496,0x220,0.0,0.0,1.0,6.25,2.96,0.88,19.8125,19.84375,19.09375,19.09375,-2.8,0.0,0.0,143.0
20.82703,0x2B0,0.0,0.0,1.0,6.25,2.96,0.88,19.8125,19.84375,19.09375,19.09375,-2.7,0.0,0.0,143.0
20.82871,0x316,0.0,0.0,1.0,6.25,2.96,0.88,19.8125,19.84375,19.09375,19.09375,-2.7,0.0,0.0,143.0
20.83491,0x220,0.0,0.0,1.0,6.25,3.11,0.57,19.8125,19.84375,19.09375,19.09375,-2.7,0.0,0.0,143.0
20.837,0x2B0,0.0,0.0,1.0,6.25,3.11,0.57,19.8125,19.84375,19.09375,19.09375,-2.7,0.0,0.0,143.0
20.8388,0x316,0.0,0.0,1.0,6.25,3.11,0.57,19.8125,19.84375,19.09375,19.09375,-2.7,0.0,0.0,143.0
20.83927,0x386,0.0,0.0,1.0,6.25,3.11,0.57,19.71875,20.0625,19.15625,19.21875,-2.7,0.0,0.0,143.0
20.84497,0x220,0.0,0.0,1.0,6.25,3.08,0.3,19.71875,20.0625,19.15625,19.21875,-2.7,0.0,0.0,143.0
20.84709,0x2B0,0.0,0.0,1.0,6.25,3.08,0.3,19.71875,20.0625,19.15625,19.21875,-2.7,0.0,0.0,143.0
20.8488,0x316,0.0,0.0,1.0,6.25,3.08,0.3,19.71875,20.0625,19.15625,19.21875,-2.7,0.0,0.0,143.0
20.85493,0x220,0.0,0.0,1.0,6.25,2.91,0.23,19.71875,20.0625,19.15625,19.21875,-2.7,0.0,0.0,143.0
20.85704,0x2B0,0.0,0.0,1.0,6.25,2.91,0.23,19.71875,20.0625,19.15625,19.21875,-2.6,0.0,0.0,143.0
20.85875,0x316,0.0,0.0,1.0,6.25,2.91,0.23,19.71875,20.0625,19.15625,19.21875,-2.6,0.0,0.0,143.0
20.85924,0x386,0.0,0.0,1.0,6.25,2.91,0.23,19.9375,19.84375,19.25,19.40625,-2.6,0.0,0.0,143.0
20.86497,0x220,0.0,0.0,1.0,6.25,2.75,0.28,19.9375,19.84375,19.25,19.40625,-2.6,0.0,0.0,143.0
20.86699,0x2B0,0.0,0.0,1.0,6.25,2.75,0.28,19.9375,19.84375,19.25,19.40625,-2.6,0.0,0.0,143.0
20.86898,0x316,0.0,0.0,1.0,6.25,2.75,0.28,19.9375,19.84375,19.25,19.40625,-2.6,0.0,0.0,143.0
20.87493,0x220,0.0,0.0,1.0,6.25,2.74,0.29,19.9375,19.84375,19.25,19.40625,-2.6,0.0,0.0,143.0
20.87713,0x2B0,0.0,0.0,1.0,6.25,2.74,0.29,19.9375,19.84375,19.25,19.40625,-2.6,0.0,0.0,143.0
20.87879,0x316,0.0,0.0,1.0,6.25,2.74,0.29,19.9375,19.84375,19.25,19.40625,-2.6,0.0,0.0,143.0
20.87926,0x386,0.0,0.0,1.0,6.25,2.74,0.29,19.65625,19.90625,19.28125,19.34375,-2.6,0.0,0.0,143.0
20.88497,0x220,0.0,0.0,1.0,6.25,2.86,0.14,19.65625,19.90625,19.28125,19.34375,-2.6,0.0,0.0,143.0
20.88705,0x2B0,0.0,0.0,1.0,6.25,2.86,0.14,19.65625,19.90625,19.28125,19.34375,-2.7,0.0,0.0,143.0
20.88866,0x316,0.0,0.0,1.0,6.25,2.86,0.14,19.65625,19.90625,19.28125,19.34375,-2.7,0.0,0.0,143.0
20.89491,0x220,0.0,0.0,1.0,6.25,2.98,0.0,19.65625,19.90625,19.28125,19.34375,-2.7,0.0,0.0,143.0
20.89702,0x2B0,0.0,0.0,1.0,6.25,2.98,0.0,19.65625,19.90625,19.28125,19.34375,-2.7,0.0,0.0,143.0
20.89873,0x316,0.0,0.0,1.0,6.25,2.98,0.0,19.65625,19.90625,19.28125,19.34375,-2.7,0.0,0.0,143.0
20.89924,0x386,0.0,0.0,1.0,6.25,2.98,0.0,19.875,19.875,19.40625,19.125,-2.7,0.0,0.0,143.0
20.90496,0x220,0.0,0.0,1.0,6.25,3.0,0.06,19.875,19.875,19.40625,19.125,-2.7,0.0,0.0,143.0
20.90703,0x2B0,0.0,0.0,1.0,6.25,3.0,0.06,19.875,19.875,19.40625,19.125,-2.9,8.0,0.0,143.0
20.90873,0x316,0.0,0.0,1.0,6.25,3.0,0.06,19.875,19.875,19.40625,19.125,-2.9,8.0,0.0,143.0
20.91494,0x220,0.0,0.0,1.0,6.25,2.88,0.33,19.875,19.875,19.40625,19.125,-2.9,8.0,0.0,143.0
20.91703,0x2B0,0.0,0.0,1.0,6.25,2.88,0.33,19.875,19.875,19.40625,19.125,-2.9,8.0,0.0,143.0
20.91877,0x316,0.0,0.0,1.0,6.25,2.88,0.33,19.875,19.875,19.40625,19.125,-2.9,8.0,0.0,143.0
20.91948,0x386,0.0,0.0,1.0,6.25,2.88,0.33,19.8125,19.625,19.84375,20.09375,-2.9,8.0,0.0,143.0
20.92497,0x220,0.0,0.0,1.0,6.25,2.64,0.48,19.8125,19.625,19.84375,20.09375,-2.9,8.0,0.0,143.0
20.927,0x2B0,0.0,0.0,1.0,6.25,2.64,0.48,19.8125,19.625,19.84375,20.09375,-3.2,12.0,0.0,143.0
20.92866,0x316,0.0,0.0,1.0,6.25,2.64,0.48,19.8125,19.625,19.84375,20.09375,-3.2,12.0,0.0,143.0
20.93493,0x220,0.0,0.0,1.0,6.25,2.37,0.32,19.8125,19.625,19.84375,20.09375,-3.2,12.0,0.0,143.0
20.93698,0x2B0,0.0,0.0,1.0,6.25,2.37,0.32,19.8125,19.625,19.84375,20.09375,-3.3,20.0,0.0,143.0
20.93877,0x316,0.0,0.0,1.0,6.25,2.37,0.32,19.8125,19.625,19.84375,20.09375,-3.3,20.0,0.0,142.0
20.93924,0x386,0.0,0.0,1.0,6.25,2.37,0.32,19.6875,19.875,18.0625,18.875,-3.3,20.0,0.0,142.0
20.94498,0x220,0.0,0.0,1.0,6.25,2.03,0.0,19.6875,19.875,18.0625,18.875,-3.3,20.0,0.0,142.0
20.94699,0x2B0,0.0,0.0,1.0,6.25,2.03,0.0,19.6875,19.875,18.0625,18.875,-3.5,12.0,0.0,142.0
20.94887,0x316,0.0,0.0,1.0,6.25,2.03,0.0,19.6875,19.875,18.0625,18.875,-3.5,12.0,0.0,143.0
20.95494,0x220,0.0,0.0,1.0,6.25,1.65,-0.17,19.6875,19.875,18.0625,18.875,-3.5,12.0,0.0,143.0
20.95701,0x2B0,0.0,0.0,1.0,6.25,1.65,-0.17,19.6875,19.875,18.0625,18.875,-3.6,12.0,0.0,143.0
20.95878,0x316,0.0,0.0,1.0,6.25,1.65,-0.17,19.6875,19.875,18.0625,18.875,-3.6,12.0,0.0,143.0
20.95925,0x386,0.0,0.0,1.0,6.25,1.65,-0.17,19.65625,19.65625,18.71875,18.875,-3.6,12.0,0.0,143.0
20.96497,0x220,0.0,0.0,1.0,6.25,1.43,0.1,19.65625,19.65625,18.71875,18.875,-3.6,12.0,0.0,143.0
20.96698,0x2B0,0.0,0.0,1.0,6.25,1.43,0.1,19.65625,19.65625,18.71875,18.875,-3.8,12.0,0.0,143.0
20.96886,0x316,0.0,0.0,1.0,6.25,1.43,0.1,19.65625,19.65625,18.71875,18.875,-3.8,12.0,0.0,142.0
20.97493,0x220,0.0,0.0,1.0,6.25,1.38,0.59,19.65625,19.65625,18.71875,18.875,-3.8,12.0,0.0,142.0
20.97699,0x2B0,0.0,0.0,1.0,6.25,1.38,0.59,19.65625,19.65625,18.71875,18.875,-4.0,20.0,0.0,142.0
20.97876,0x316,0.0,0.0,1.0,6.25,1.38,0.59,19.65625,19.65625,18.71875,18.875,-4.0,20.0,0.0,143.0
20.97947,0x386,0.0,0.0,1.0,6.25,1.38,0.59,19.65625,19.625,19.21875,19.40625,-4.0,20.0,0.0,143.0
20.98497,0x220,0.0,0.0,1.0,6.25,1.44,0.88,19.65625,19.625,19.21875,19.40625,-4.0,20.0,0.0,143.0
20.98701,0x2B0,0.0,0.0,1.0,6.25,1.44,0.88,19.65625,19.625,19.21875,19.40625,-4.2,20.0,0.0,143.0
20.98873,0x316,0.0,0.0,1.0,6.25,1.44,0.88,19.65625,19.625,19.21875,19.40625,-4.2,20.0,0.0,143.0
20.99492,0x220,0.0,0.0,1.0,6.25,1.66,0.83,19.65625,19.625,19.21875,19.40625,-4.2,20.0,0.0,143.0
20.997,0x2B0,0.0,0.0,1.0,6.25,1.66,0.83,19.65625,19.625,19.21875,19.40625,-4.4,20.0,0.0,143.0
20.99876,0x316,0.0,0.0,1.0,6.25,1.66,0.83,19.65625,19.625,19.21875,19.40625,-4.4,20.0,0.0,142.0
20.99924,0x386,0.0,0.0,1.0,6.25,1.66,0.83,19.375,19.46875,19.40625,20.59375,-4.4,20.0,0.0,142.0
21.00497,0x220,0.0,0.0,1.0,6.25,1.91,0.62,19.375,19.46875,19.40625,20.59375,-4.4,20.0,0.0,142.0
21.00702,0x2B0,0.0,0.0,1.0,6.25,1.91,0.62,19.375,19.46875,19.40625,20.59375,-4.6,20.0,0.0,142.0
21.00867,0x316,0.0,0.0,1.0,6.25,1.91,0.62,19.375,19.46875,19.40625,20.59375,-4.6,20.0,0.0,143.0
21.01494,0x220,0.0,0.0,1.0,6.25,2.1,0.55,19.375,19.46875,19.40625,20.59375,-4.6,20.0,0.0,143.0
21.01701,0x2B0,0.0,0.0,1.0,6.25,2.1,0.55,19.375,19.46875,19.40625,20.59375,-4.8,20.0,0.0,143.0
21.01873,0x316,0.0,0.0,1.0,6.25,2.1,0.55,19.375,19.46875,19.40625,20.59375,-4.8,20.0,0.0,142.0
21.01944,0x386,0.0,0.0,1.0,6.25,2.1,0.55,19.40625,19.8125,20.125,20.5,-4.8,20.0,0.0,142.0
21.02497,0x220,0.0,0.0,1.0,6.25,2.31,0.76,19.40625,19.8125,20.125,20.5,-4.8,20.0,0.0,142.0
21.027,0x2B0,0.0,0.0,1.0,6.25,2.31,0.76,19.40625,19.8125,20.125,20.5,-4.9,12.0,0.0,142.0
21.0287,0x316,0.0,0.0,1.0,6.25,2.31,0.76,19.40625,19.8125,20.125,20.5,-4.9,12.0,0.0,142.0
21.03492,0x220,0.0,0.0,1.0,6.25,2.49,1.07,19.40625,19.8125,20.125,20.5,-4.9,12.0,0.0,142.0
21.03699,0x2B0,0.0,0.0,1.0,6.25,2.49,1.07,19.40625,19.8125,20.125,20.5,-5.1,12.0,0.0,142.0
21.03888,0x316,0.0,0.0,1.0,6.25,2.49,1.07,19.40625,19.8125,20.125,20.5,-5.1,12.0,0.0,143.0
21.03935,0x386,0.0,0.0,1.0,6.25,2.49,1.07,19.53125,19.40625,20.75,20.09375,-5.1,12.0,0.0,143.0
21.04498,0x220,0.0,0.0,1.0,6.25,2.63,1.16,19.53125,19.40625,20.75,20.09375,-5.1,12.0,0.0,143.0
21.047,0x2B0,0.0,0.0,1.0,6.25,2.63,1.16,19.53125,19.40625,20.75,20.09375,-5.1,8.0,0.0,143.0
21.04882,0x316,0.0,0.0,1.0,6.25,2.63,1.16,19.53125,19.40625,20.75,20.09375,-5.1,8.0,0.0,142.0
21.05492,0x220,0.0,0.0,1.0,6.25,2.73,0.84,19.53125,19.40625,20.75,20.09375,-5.1,8.0,0.0,142.0
21.057,0x2B0,0.0,0.0,1.0,6.25,2.73,0.84,19.53125,19.40625,20.75,20.09375,-5.4,12.0,0.0,142.0
21.05871,0x316,0.0,0.0,1.0,6.25,2.73,0.84,19.53125,19.40625,20.75,20.09375,-5.4,12.0,0.0,142.0
21.05945,0x386,0.0,0.0,1.0,6.25,2.73,0.84,19.375,19.6875,20.125,20.125,-5.4,12.0,0.0,142.0
21.06498,0x220,0.0,0.0,1.0,6.25,2.58,0.2,19.375,19.6875,20.125,20.125,-5.4,12.0,0.0,142.0
21.06704,0x2B0,0.0,0.0,1.0,6.25,2.58,0.2,19.375,19.6875,20.125,20.125,-5.4,12.0,0.0,142.0
21.06887,0x316,0.0,0.0,1.0,6.25,2.58,0.2,19.375,19.6875,20.125,20.125,-5.4,12.0,0.0,143.0
21.07494,0x220,0.0,0.0,1.0,6.25,2.18,-0.29,19.375,19.6875,20.125,20.125,-5.4,12.0,0.0,143.0
21.07712,0x2B0,0.0,0.0,1.0,6.25,2.18,-0.29,19.375,19.6875,20.125,20.125,-5.6,8.0,0.0,143.0
21.07881,0x316,0.0,0.0,1.0,6.25,2.18,-0.29,19.375,19.6875,20.125,20.125,-5.6,8.0,0.0,143.0
21.07928,0x386,0.0,0.0,1.0,6.25,2.18,-0.29,19.59375,19.75,19.5,20.53125,-5.6,8.0,0.0,143.0
21.08497,0x220,0.0,0.0,1.0,6.25,1.82,-0.34,19.59375,19.75,19.5,20.53125,-5.6,8.0,0.0,143.0
21.08703,0x2B0,0.0,0.0,1.0,6.25,1.82,-0.34,19.59375,19.75,19.5,20.53125,-5.6,8.0,0.0,143.0
21.08866,0x316,0.0,0.0,1.0,6.25,1.82,-0.34,19.59375,19.75,19.5,20.53125,-5.6,8.0,0.0,143.0
21.09494,0x220,0.0,0.0,1.0,6.25,1.67,-0.02,19.59375,19.75,19.5,20.53125,-5.6,8.0,0.0,143.0
21.09701,0x2B0,0.0,0.0,1.0,6.25,1.67,-0.02,19.59375,19.75,19.5,20.53125,-5.7,0.0,0.0,143.0
21.09876,0x316,0.0,0.0,1.0,6.25,1.67,-0.02,19.59375,19.75,19.5,20.53125,-5.7,0.0,0.0,143.0
21.09925,0x386,0.0,0.0,1.0,6.25,1.67,-0.02,19.875,20.0,19.96875,20.15625,-5.7,0.0,0.0,143.0
21.10498,0x220,0.0,0.0,1.0,6.25,1.88,0.05,19.875,20.0,19.96875,20.15625,-5.7,0.0,0.0,143.0
21.10703,0x2B0,0.0,0.0,1.0,6.25,1.88,0.05,19.875,20.0,19.96875,20.15625,-5.7,0.0,0.0,143.0
21.10868,0x316,0.0,0.0,1.0,6.25,1.88,0.05,19.875,20.0,19.96875,20.15625,-5.7,0.0,0.0,143.0
21.11495,0x220,0.0,0.0,1.0,6.25,2.29,-0.28,19.875,20.0,19.96875,20.15625,-5.7,0.0,0.0,143.0
21.11703,0x2B0,0.0,0.0,1.0,6.25,2.29,-0.28,19.875,20.0,19.96875,20.15625,-5.8,0.0,0.0,143.0
21.1189,0x316,0.0,0.0,1.0,6.25,2.29,-0.28,19.875,20.0,19.96875,20.15625,-5.8,0.0,0.0,143.0
21.11963,0x386,0.0,0.0,1.0,6.25,2.29,-0.28,19.9375,19.96875,20.40625,19.5,-5.8,0.0,0.0,143.0
21.12498,0x220,0.0,0.0,1.0,6.25,2.63,-0.61,19.9375,19.96875,20.40625,19.5,-5.8,0.0,0.0,143.0
21.127,0x2B0,0.0,0.0,1.0,6.25,2.63,-0.61,19.9375,19.96875,20.40625,19.5,-5.8,0.0,0.0,143.0
21.12868,0x316,0.0,0.0,1.0,6.25,2.63,-0.61,19.9375,19.96875,20.40625,19.5,-5.8,0.0,0.0,144.0
21.13494,0x220,0.0,0.0,1.0,6.25,2.76,-0.49,19.9375,19.96875,20.40625,19.5,-5.8,0.0,0.0,144.0
21.13702,0x2B0,0.0,0.0,1.0,6.25,2.76,-0.49,19.9375,19.96875,20.40625,19.5,-5.8,0.0,0.0,144.0
21.13881,0x316,0.0,0.0,1.0,6.25,2.76,-0.49,19.9375,19.96875,20.40625,19.5,-5.8,0.0,0.0,143.0
21.13929,0x386,0.0,0.0,1.0,6.25,2.76,-0.49,20.0,19.90625,19.5625,19.53125,-5.8,0.0,0.0,143.0
21.14499,0x220,0.0,0.0,1.0,6.25,2.86,-0.23,20.0,19.90625,19.5625,19.53125,-5.8,0.0,0.0,143.0
21.14702,0x2B0,0.0,0.0,1.0,6.25,2.86,-0.23,20.0,19.90625,19.5625,19.53125,-6.0,8.0,0.0,143.0
21.1488,0x316,0.0,0.0,1.0,6.25,2.86,-0.23,20.0,19.90625,19.5625,19.53125,-6.0,8.0,0.0,143.0
21.15495,0x220,0.0,0.0,1.0,6.25,2.93,-0.24,20.0,19.90625,19.5625,19.53125,-6.0,8.0,0.0,143.0
21.15704,0x2B0,0.0,0.0,1.0,6.25,2.93,-0.24,20.0,19.90625,19.5625,19.53125,-6.0,8.0,0.0,143.0
21.15877,0x316,0.0,0.0,1.0,6.25,2.93,-0.24,20.0,19.90625,19.5625,19.53125,-6.0,8.0,0.0,143.0
21.15949,0x386,0.0,0.0,1.0,6.25,2.93,-0.24,20.125,20.53125,19.0625,19.53125,-6.0,8.0,0.0,143.0
21.16497,0x220,0.0,0.0,1.0,6.25,2.96,-0.68,20.125,20.53125,19.0625,19.53125,-6.0,8.0,0.0,143.0
21.16704,0x2B0,0.0,0.0,1.0,6.25,2.96,-0.68,20.125,20.53125,19.0625,19.53125,-6.2,8.0,0.0,143.0
21.16894,0x316,0.0,0.0,1.0,6.25,2.96,-0.68,20.125,20.53125,19.0625,19.53125,-6.2,8.0,0.0,143.0
21.17494,0x220,0.0,0.0,1.0,6.25,2.88,-1.21,20.125,20.53125,19.0625,19.53125,-6.2,8.0,0.0,143.0
21.17713,0x2B0,0.0,0.0,1.0,6.25,2.88,-1.21,20.125,20.53125,19.0625,19.53125,-6.2,8.0,0.0,143.0
21.17876,0x316,0.0,0.0,1.0,6.25,2.88,-1.21,20.125,20.53125,19.0625,19.53125,-6.2,8.0,0.0,143.0
21.17949,0x386,0.0,0.0,1.0,6.25,2.88,-1.21,20.125,20.125,19.34375,18.96875,-6.2,8.0,0.0,143.0
21.18498,0x220,0.0,0.0,1.0,6.25,2.66,-1.37,20.125,20.125,19.34375,18.96875,-6.2,8.0,0.0,143.0
21.18698,0x2B0,0.0,0.0,1.0,6.25,2.66,-1.37,20.125,20.125,19.34375,18.96875,-6.5,12.0,0.0,143.0
21.18866,0x316,0.0,0.0,1.0,6.25,2.66,-1.37,20.125,20.125,19.34375,18.96875,-6.5,12.0,0.0,143.0
21.19495,0x220,0.0,0.0,1.0,6.25,2.25,-0.97,20.125,20.125,19.34375,18.96875,-6.5,12.0,0.0,143.0
21.19697,0x2B0,0.0,0.0,1.0,6.25,2.25,-0.97,20.125,20.125,19.34375,18.96875,-6.6,20.0,0.0,143.0
21.19875,0x316,0.0,0.0,1.0,6.25,2.25,-0.97,20.125,20.125,19.34375,18.96875,-6.6,20.0,0.0,143.0
21.19925,0x386,0.0,0.0,1.0,6.25,2.25,-0.97,20.3125,20.34375,19.15625,18.40625,-6.6,20.0,0.0,143.0
21.20498,0x220,0.0,0.0,1.0,6.25,1.77,-0.42,20.3125,20.34375,19.15625,18.40625,-6.6,20.0,0.0,143.0
21.20694,0x2B0,0.0,0.0,1.0,6.25,1.77,-0.42,20.3125,20.34375,19.15625,18.40625,-6.8,12.0,0.0,143.0
21.20871,0x316,0.0,0.0,1.0,6.25,1.77,-0.42,20.3125,20.34375,19.15625,18.40625,-6.8,12.0,0.0,143.0
21.21495,0x220,0.0,0.0,1.0,6.25,1.3,-0.34,20.3125,20.34375,19.15625,18.40625,-6.8,12.0,0.0,143.0
21.21703,0x2B0,0.0,0.0,1.0,6.25,1.3,-0.34,20.3125,20.34375,19.15625,18.40625,-7.1,24.0,0.0,143.0
21.21874,0x316,0.0,0.0,1.0,6.25,1.3,-0.34,20.3125,20.34375,19.15625,18.40625,-7.1,24.0,0.0,143.0
21.21945,0x386,0.0,0.0,1.0,6.25,1.3,-0.34,20.0625,19.9375,18.71875,19.09375,-7.1,24.0,0.0,143.0
21.22498,0x220,0.0,0.0,1.0,6.25,0.93,-0.57,20.0625,19.9375,18.71875,19.09375,-7.1,24.0,0.0,143.0
21.22698,0x2B0,0.0,0.0,1.0,6.25,0.93,-0.57,20.0625,19.9375,18.71875,19.09375,-7.3,24.0,0.0,143.0
21.22866,0x316,0.0,0.0,1.0,6.25,0.93,-0.57,20.0625,19.9375,18.71875,19.09375,-7.3,24.0,0.0,143.0
21.23493,0x220,0.0,0.0,1.0,6.25,0.72,-0.68,20.0625,19.9375,18.71875,19.09375,-7.3,24.0,0.0,143.0
21.23699,0x2B0,0.0,0.0,1.0,6.25,0.72,-0.68,20.0625,19.9375,18.71875,19.09375,-7.6,24.0,0.0,143.0
21.2389,0x316,0.0,0.0,1.0,6.25,0.72,-0.68,20.0625,19.9375,18.71875,19.09375,-7.6,24.0,0.0,143.0
21.23937,0x386,0.0,0.0,1.0,6.25,0.72,-0.68,20.34375,20.15625,19.125,19.1875,-7.6,24.0,0.0,143.0
21.24498,0x220,0.0,0.0,1.0,6.25,0.82,-0.66,20.34375,20.15625,19.125,19.1875,-7.6,24.0,0.0,143.0
21.247,0x2B0,0.0,0.0,1.0,6.25,0.82,-0.66,20.34375,20.15625,19.125,19.1875,-7.9,28.0,0.0,143.0
21.24883,0x316,0.0,0.0,1.0,6.25,0.82,-0.66,20.34375,20.15625,19.125,19.1875,-7.9,28.0,0.0,143.0
21.25495,0x220,0.0,0.0,1.0,6.25,1.14,-0.57,20.34375,20.15625,19.125,19.1875,-7.9,28.0,0.0,143.0
21.25696,0x2B0,0.0,0.0,1.0,6.25,1.14,-0.57,20.34375,20.15625,19.125,19.1875,-8.1,24.0,0.0,143.0
21.25873,0x316,0.0,0.0,1.0,6.25,1.14,-0.57,20.34375,20.15625,19.125,19.1875,-8.1,24.0,0.0,143.0
21.25946,0x386,0.0,0.0,1.0,6.25,1.14,-0.57,19.84375,19.9375,19.34375,19.25,-8.1,24.0,0.0,143.0
21.26498,0x220,0.0,0.0,1.0,6.25,1.55,-0.4,19.84375,19.9375,19.34375,19.25,-8.1,24.0,0.0,143.0
21.26698,0x2B0,0.0,0.0,1.0,6.25,1.55,-0.4,19.84375,19.9375,19.34375,19.25,-8.4,24.0,0.0,143.0
21.26885,0x316,0.0,0.0,1.0,6.25,1.55,-0.4,19.84375,19.9375,19.34375,19.25,-8.4,24.0,0.0,143.0
21.27496,0x220,0.0,0.0,1.0,6.25,1.73,-0.22,19.84375,19.9375,19.34375,19.25,-8.4,24.0,0.0,143.0
21.27714,0x2B0,0.0,0.0,1.0,6.25,1.73,-0.22,19.84375,19.9375,19.34375,19.25,-8.6,24.0,0.0,143.0
21.27884,0x316,0.0,0.0,1.0,6.25,1.73,-0.22,19.84375,19.9375,19.34375,19.25,-8.6,24.0,0.0,143.0
21.27931,0x386,0.0,0.0,1.0,6.25,1.73,-0.22,20.15625,20.09375,18.78125,19.25,-8.6,24.0,0.0,143.0
21.28498,0x220,0.0,0.0,1.0,6.25,1.53,-0.03,20.15625,20.09375,18.78125,19.25,-8.6,24.0,0.0,143.0
21.28698,0x2B0,0.0,0.0,1.0,6.25,1.53,-0.03,20.15625,20.09375,18.78125,19.25,-8.8,20.0,0.0,143.0
21.28868,0x316,0.0,0.0,1.0,6.25,1.53,-0.03,20.15625,20.09375,18.78125,19.25,-8.8,20.0,0.0,143.0
21.29496,0x220,0.0,0.0,1.0,6.25,1.17,0.14,20.15625,20.09375,18.78125,19.25,-8.8,20.0,0.0,143.0
21.29698,0x2B0,0.0,0.0,1.0,6.25,1.17,0.14,20.15625,20.09375,18.78125,19.25,-9.1,24.0,0.0,143.0
21.29872,0x316,0.0,0.0,1.0,6.25,1.17,0.14,20.15625,20.09375,18.78125,19.25,-9.1,24.0,0.0,142.0
21.29925,0x386,0.0,0.0,1.0,6.25,1.17,0.14,19.78125,19.6875,19.1875,18.84375,-9.1,24.0,0.0,142.0
21.30498,0x220,0.0,0.0,1.0,6.25,0.76,0.3,19.78125,19.6875,19.1875,18.84375,-9.1,24.0,0.0,142.0
21.30699,0x2B0,0.0,0.0,1.0,6.25,0.76,0.3,19.78125,19.6875,19.1875,18.84375,-9.3,24.0,0.0,142.0
21.30866,0x316,0.0,0.0,1.0,6.25,0.76,0.3,19.78125,19.6875,19.1875,18.84375,-9.3,24.0,0.0,142.0
21.31496,0x220,0.0,0.0,1.0,6.25,0.47,0.39,19.78125,19.6875,19.1875,18.84375,-9.3,24.0,0.0,142.0
21.31697,0x2B0,0.0,0.0,1.0,6.25,0.47,0.39,19.78125,19.6875,19.1875,18.84375,-9.5,20.0,0.0,142.0
21.31881,0x316,0.0,0.0,1.0,6.25,0.47,0.39,19.78125,19.6875,19.1875,18.84375,-9.5,20.0,0.0,141.0
21.31928,0x386,0.0,0.0,1.0,6.25,0.47,0.39,19.84375,19.65625,19.84375,19.0625,-9.5,20.0,0.0,141.0
21.32497,0x220,0.0,0.0,1.0,6.25,0.46,0.46,19.84375,19.65625,19.84375,19.0625,-9.5,20.0,0.0,141.0
21.32694,0x2B0,0.0,0.0,1.0,6.25,0.46,0.46,19.84375,19.65625,19.84375,19.0625,-9.7,20.0,0.0,141.0
21.3287,0x316,0.0,0.0,1.0,6.25,0.46,0.46,19.84375,19.65625,19.84375,19.0625,-9.7,20.0,0.0,141.0
21.33495,0x220,0.0,0.0,1.0,6.25,0.81,0.36,19.84375,19.65625,19.84375,19.0625,-9.7,20.0,0.0,141.0
21.33695,0x2B0,0.0,0.0,1.0,6.25,0.81,0.36,19.84375,19.65625,19.84375,19.0625,-9.9,20.0,0.0,141.0
21.33885,0x316,0.0,0.0,1.0,6.25,0.81,0.36,19.84375,19.65625,19.84375,19.0625,-9.9,20.0,0.0,140.0
21.33931,0x386,0.0,0.0,1.0,6.25,0.81,0.36,19.6875,19.75,19.5625,19.6875,-9.9,20.0,0.0,140.0
21.34499,0x220,0.0,0.0,1.0,6.25,1.3,0.0,19.6875,19.75,19.5625,19.6875,-9.9,20.0,0.0,140.0
21.34695,0x2B0,0.0,0.0,1.0,6.25,1.3,0.0,19.6875,19.75,19.5625,19.6875,-10.0,12.0,0.0,140.0
21.34881,0x316,0.0,0.0,1.0,6.25,1.3,0.0,19.6875,19.75,19.5625,19.6875,-10.0,12.0,0.0,140.0
21.35495,0x220,0.0,0.0,1.0,6.25,1.64,-0.32,19.6875,19.75,19.5625,19.6875,-10.0,12.0,0.0,140.0
21.35695,0x2B0,0.0,0.0,1.0,6.25,1.64,-0.32,19.6875,19.75,19.5625,19.6875,-10.0,0.0,0.0,140.0
21.35875,0x316,0.0,0.0,1.0,6.25,1.64,-0.32,19.6875,19.75,19.5625,19.6875,-10.0,0.0,0.0,141.0
21.35946,0x386,0.0,0.0,1.0,6.25,1.64,-0.32,19.4375,19.3125,19.625,19.5,-10.0,0.0,0.0,141.0
21.36498,0x220,0.0,0.0,1.0,6.25,1.63,-0.21,19.4375,19.3125,19.625,19.5,-10.0,0.0,0.0,141.0
21.36696,0x2B0,0.0,0.0,1.0,6.25,1.63,-0.21,19.4375,19.3125,19.625,19.5,-10.2,8.0,0.0,141.0
21.36889,0x316,0.0,0.0,1.0,6.25,1.63,-0.21,19.4375,19.3125,19.625,19.5,-10.2,8.0,0.0,140.0
21.37495,0x220,0.0,0.0,1.0,6.25,1.34,0.2,19.4375,19.3125,19.625,19.5,-10.2,8.0,0.0,140.0
21.37718,0x2B0,0.0,0.0,1.0,6.25,1.34,0.2,19.4375,19.3125,19.625,19.5,-10.2,8.0,0.0,140.0
21.37878,0x316,0.0,0.0,1.0,6.25,1.34,0.2,19.4375,19.3125,19.625,19.5,-10.2,8.0,0.0,140.0
21.3795,0x386,0.0,0.0,1.0,6.25,1.34,0.2,19.375,19.53125,19.875,19.8125,-10.2,8.0,0.0,140.0
21.38499,0x220,0.0,0.0,1.0,6.25,0.99,0.58,19.375,19.53125,19.875,19.8125,-10.2,8.0,0.0,140.0
21.38695,0x2B0,0.0,0.0,1.0,6.25,0.99,0.58,19.375,19.53125,19.875,19.8125,-10.5,12.0,0.0,140.0
21.38865,0x316,0.0,0.0,1.0,6.25,0.99,0.58,19.375,19.53125,19.875,19.8125,-10.5,12.0,0.0,140.0
21.39495,0x220,0.0,0.0,1.0,6.25,0.72,0.74,19.375,19.53125,19.875,19.8125,-10.5,12.0,0.0,140.0
21.39698,0x2B0,0.0,0.0,1.0,6.25,0.72,0.74,19.375,19.53125,19.875,19.8125,-10.5,12.0,0.0,140.0
21.39872,0x316,0.0,0.0,1.0,6.25,0.72,0.74,19.375,19.53125,19.875,19.8125,-10.5,12.0,0.0,140.0
21.39926,0x386,0.0,0.0,1.0,6.25,0.72,0.74,19.46875,19.40625,19.625,20.0625,-10.5,12.0,0.0,140.0
21.40498,0x220,0.0,0.0,1.0,6.25,0.58,0.76,19.46875,19.40625,19.625,20.0625,-10.5,12.0,0.0,140.0
21.40695,0x2B0,0.0,0.0,1.0,6.25,0.58,0.76,19.46875,19.40625,19.625,20.0625,-10.6,0.0,0.0,140.0
21.4087,0x316,0.0,0.0,1.0,6.25,0.58,0.76,19.46875,19.40625,19.625,20.0625,-10.6,0.0,0.0,140.0
21.41496,0x220,0.0,0.0,1.0,6.25,0.66,0.75,19.46875,19.40625,19.625,20.0625,-10.6,0.0,0.0,140.0
21.41698,0x2B0,0.0,0.0,1.0,6.25,0.66,0.75,19.46875,19.40625,19.625,20.0625,-10.6,0.0,0.0,140.0
21.41872,0x316,0.0,0.0,1.0,6.25,0.66,0.75,19.46875,19.40625,19.625,20.0625,-10.6,0.0,0.0,140.0
21.41944,0x386,0.0,0.0,1.0,6.25,0.66,0.75,19.46875,19.4375,20.21875,20.3125,-10.6,0.0,0.0,140.0
21.425,0x220,0.0,0.0,1.0,6.25,0.84,0.61,19.46875,19.4375,20.21875,20.3125,-10.6,0.0,0.0,140.0
21.42696,0x2B0,0.0,0.0,1.0,6.25,0.84,0.61,19.46875,19.4375,20.21875,20.3125,-10.8,8.0,0.0,140.0
21.42868,0x316,0.0,0.0,1.0,6.25,0.84,0.61,19.46875,19.4375,20.21875,20.3125,-10.8,8.0,0.0,140.0
21.43496,0x220,0.0,0.0,1.0,6.25,0.9,0.33,19.46875,19.4375,20.21875,20.3125,-10.8,8.0,0.0,140.0
21.4369,0x2B0,0.0,0.0,1.0,6.25,0.9,0.33,19.46875,19.4375,20.21875,20.3125,-10.8,8.0,0.0,140.0
21.43885,0x316,0.0,0.0,1.0,6.25,0.9,0.33,19.46875,19.4375,20.21875,20.3125,-10.8,8.0,0.0,141.0
21.43933,0x386,0.0,0.0,1.0,6.25,0.9,0.33,19.4375,19.59375,20.03125,20.09375,-10.8,8.0,0.0,141.0
21.445,0x220,0.0,0.0,1.0,6.25,0.74,0.27,19.4375,19.59375,20.03125,20.09375,-10.8,8.0,0.0,141.0
21.44697,0x2B0,0.0,0.0,1.0,6.25,0.74,0.27,19.4375,19.59375,20.03125,20.09375,-10.8,0.0,0.0,141.0
21.44885,0x316,0.0,0.0,1.0,6.25,0.74,0.27,19.4375,19.59375,20.03125,20.09375,-10.8,0.0,0.0,141.0
21.45497,0x220,0.0,0.0,1.0,6.25,0.46,0.62,19.4375,19.59375,20.03125,20.09375,-10.8,0.0,0.0,141.0
21.45696,0x2B0,0.0,0.0,1.0,6.25,0.46,0.62,19.4375,19.59375,20.03125,20.09375,-10.8,0.0,0.0,141.0
21.4587,0x316,0.0,0.0,1.0,6.25,0.46,0.62,19.4375,19.59375,20.03125,20.09375,-10.8,0.0,0.0,141.0
21.45943,0x386,0.0,0.0,1.0,6.25,0.46,0.62,19.65625,19.625,19.40625,19.8125,-10.8,0.0,0.0,141.0
21.46498,0x220,0.0,0.0,1.0,6.25,0.34,1.13,19.65625,19.625,19.40625,19.8125,-10.8,0.0,0.0,141.0
21.46696,0x2B0,0.0,0.0,1.0,6.25,0.34,1.13,19.65625,19.625,19.40625,19.8125,-10.8,0.0,0.0,141.0
21.46887,0x316,0.0,0.0,1.0,6.25,0.34,1.13,19.65625,19.625,19.40625,19.8125,-10.8,0.0,0.0,142.0
21.47495,0x220,0.0,0.0,1.0,6.25,0.58,1.42,19.65625,19.625,19.40625,19.8125,-10.8,0.0,0.0,142.0
21.47717,0x2B0,0.0,0.0,1.0,6.25,0.58,1.42,19.65625,19.625,19.40625,19.8125,-10.9,0.0,0.0,142.0
21.47878,0x316,0.0,0.0,1.0,6.25,0.58,1.42,19.65625,19.625,19.40625,19.8125,-10.9,0.0,0.0,141.0
21.47926,0x386,0.0,0.0,1.0,6.25,0.58,1.42,19.625,19.71875,19.40625,19.71875,-10.9,0.0,0.0,141.0
21.48498,0x220,0.0,0.0,1.0,6.25,1.11,1.15,19.625,19.71875,19.40625,19.71875,-10.9,0.0,0.0,141.0
21.4869,0x2B0,0.0,0.0,1.0,6.25,1.11,1.15,19.625,19.71875,19.40625,19.71875,-10.9,0.0,0.0,141.0
21.48871,0x316,0.0,0.0,1.0,6.25,1.11,1.15,19.625,19.71875,19.40625,19.71875,-10.9,0.0,0.0,142.0
21.49495,0x220,0.0,0.0,1.0,6.25,1.56,0.65,19.625,19.71875,19.40625,19.71875,-10.9,0.0,0.0,142.0
21.4969,0x2B0,0.0,0.0,1.0,6.25,1.56,0.65,19.625,19.71875,19.40625,19.71875,-10.9,0.0,0.0,142.0
21.49871,0x316,0.0,0.0,1.0,6.25,1.56,0.65,19.625,19.71875,19.40625,19.71875,-10.9,0.0,0.0,142.0
21.49927,0x386,0.0,0.0,1.0,6.25,1.56,0.65,19.65625,19.625,19.53125,20.03125,-10.9,0.0,0.0,142.0
21.50499,0x220,0.0,0.0,1.0,6.25,1.73,0.37,19.65625,19.625,19.53125,20.03125,-10.9,0.0,0.0,142.0
21.50692,0x2B0,0.0,0.0,1.0,6.25,1.73,0.37,19.65625,19.625,19.53125,20.03125,-10.9,0.0,0.0,142.0
21.50868,0x316,0.0,0.0,1.0,6.25,1.73,0.37,19.65625,19.625,19.53125,20.03125,-10.9,0.0,0.0,141.0
21.51495,0x220,0.0,0.0,1.0,6.25,1.66,0.41,19.65625,19.625,19.53125,20.03125,-10.9,0.0,0.0,141.0
21.51693,0x2B0,0.0,0.0,1.0,6.25,1.66,0.41,19.65625,19.625,19.53125,20.03125,-10.7,8.0,0.0,141.0
21.51878,0x316,0.0,0.0,1.0,6.25,1.66,0.41,19.65625,19.625,19.53125,20.03125,-10.7,8.0,0.0,142.0
21.51949,0x386,0.0,0.0,1.0,6.25,1.66,0.41,19.8125,19.90625,19.46875,19.8125,-10.7,8.0,0.0,142.0
21.52498,0x220,0.0,0.0,1.0,6.25,1.44,0.6,19.8125,19.90625,19.46875,19.8125,-10.7,8.0,0.0,142.0
21.5269,0x2B0,0.0,0.0,1.0,6.25,1.44,0.6,19.8125,19.90625,19.46875,19.8125,-10.7,8.0,0.0,142.0
21.52873,0x316,0.0,0.0,1.0,6.25,1.44,0.6,19.8125,19.90625,19.46875,19.8125,-10.7,8.0,0.0,142.0
21.53496,0x220,0.0,0.0,1.0,6.25,1.29,0.77,19.8125,19.90625,19.46875,19.8125,-10.7,8.0,0.0,142.0
21.5369,0x2B0,0.0,0.0,1.0,6.25,1.29,0.77,19.8125,19.90625,19.46875,19.8125,-10.7,0.0,0.0,142.0
21.53877,0x316,0.0,0.0,1.0,6.25,1.29,0.77,19.8125,19.90625,19.46875,19.8125,-10.7,0.0,0.0,141.0
21.53949,0x386,0.0,0.0,1.0,6.25,1.29,0.77,19.8125,19.90625,19.375,19.09375,-10.7,0.0,0.0,141.0
21.545,0x220,0.0,0.0,1.0,6.25,1.38,0.86,19.8125,19.90625,19.375,19.09375,-10.7,0.0,0.0,141.0
21.54689,0x2B0,0.0,0.0,1.0,6.25,1.38,0.86,19.8125,19.90625,19.375,19.09375,-10.7,0.0,0.0,141.0
21.54886,0x316,0.0,0.0,1.0,6.25,1.38,0.86,19.8125,19.90625,19.375,19.09375,-10.7,0.0,0.0,141.0
21.55496,0x220,0.0,0.0,1.0,6.25,1.68,0.77,19.8125,19.90625,19.375,19.09375,-10.7,0.0,0.0,141.0
21.5569,0x2B0,0.0,0.0,1.0,6.25,1.68,0.77,19.8125,19.90625,19.375,19.09375,-10.7,0.0,0.0,141.0
21.5587,0x316,0.0,0.0,1.0,6.25,1.68,0.77,19.8125,19.90625,19.375,19.09375,-10.7,0.0,0.0,141.0
21.55943,0x386,0.0,0.0,1.0,6.25,1.68,0.77,19.96875,20.21875,18.59375,18.96875,-10.7,0.0,0.0,141.0
21.565,0x220,0.0,0.0,1.0,6.25,1.94,0.51,19.96875,20.21875,18.59375,18.96875,-10.7,0.0,0.0,141.0
21.56699,0x2B0,0.0,0.0,1.0,6.25,1.94,0.51,19.96875,20.21875,18.59375,18.96875,-10.7,0.0,0.0,141.0
21.56898,0x316,0.0,0.0,1.0,6.25,1.94,0.51,19.96875,20.21875,18.59375,18.96875,-10.7,0.0,0.0,141.0
21.57497,0x220,0.0,0.0,1.0,6.25,2.04,0.23,19.96875,20.21875,18.59375,18.96875,-10.7,0.0,0.0,141.0
21.57693,0x2B0,0.0,0.0,1.0,6.25,2.04,0.23,19.96875,20.21875,18.59375,18.96875,-10.6,0.0,0.0,141.0
21.57876,0x316,0.0,0.0,1.0,6.25,2.04,0.23,19.96875,20.21875,18.59375,18.96875,-10.6,0.0,0.0,142.0
21.57948,0x386,0.0,0.0,1.0,6.25,2.04,0.23,20.125,19.84375,18.5625,19.375,-10.6,0.0,0.0,142.0
21.58499,0x220,0.0,0.0,1.0,6.25,1.9,0.13,20.125,19.84375,18.5625,19.375,-10.6,0.0,0.0,142.0
21.58692,0x2B0,0.0,0.0,1.0,6.25,1.9,0.13,20.125,19.84375,18.5625,19.375,-10.6,0.0,0.0,142.0
21.58868,0x316,0.0,0.0,1.0,6.25,1.9,0.13,20.125,19.84375,18.5625,19.375,-10.6,0.0,0.0,141.0
21.59497,0x220,0.0,0.0,1.0,6.25,1.67,0.28,20.125,19.84375,18.5625,19.375,-10.6,0.0,0.0,141.0
21.59691,0x2B0,0.0,0.0,1.0,6.25,1.67,0.28,20.125,19.84375,18.5625,19.375,-10.5,0.0,0.0,141.0
21.5987,0x316,0.0,0.0,1.0,6.25,1.67,0.28,20.125,19.84375,18.5625,19.375,-10.5,0.0,0.0,141.0
21.59927,0x386,0.0,0.0,1.0,6.25,1.67,0.28,19.96875,20.03125,19.53125,19.46875,-10.5,0.0,0.0,141.0
21.60498,0x220,0.0,0.0,1.0,6.25,1.58,0.35,19.96875,20.03125,19.53125,19.46875,-10.5,0.0,0.0,141.0
21.60689,0x2B0,0.0,0.0,1.0,6.25,1.58,0.35,19.96875,20.03125,19.53125,19.46875,-10.5,0.0,0.0,141.0
21.60872,0x316,0.0,0.0,1.0,6.25,1.58,0.35,19.96875,20.03125,19.53125,19.46875,-10.5,0.0,0.0,142.0
21.61497,0x220,0.0,0.0,1.0,6.25,1.7,0.26,19.96875,20.03125,19.53125,19.46875,-10.5,0.0,0.0,142.0
21.61691,0x2B0,0.0,0.0,1.0,6.25,1.7,0.26,19.96875,20.03125,19.53125,19.46875,-10.5,0.0,0.0,142.0
21.61874,0x316,0.0,0.0,1.0,6.25,1.7,0.26,19.96875,20.03125,19.53125,19.46875,-10.5,0.0,0.0,141.0
21.61946,0x386,0.0,0.0,1.0,6.25,1.7,0.26,20.03125,19.96875,19.6875,19.3125,-10.5,0.0,0.0,141.0
21.62498,0x220,0.0,0.0,1.0,6.25,2.09,0.14,20.03125,19.96875,19.6875,19.3125,-10.5,0.0,0.0,141.0
21.62692,0x2B0,0.0,0.0,1.0,6.25,2.09,0.14,20.03125,19.96875,19.6875,19.3125,-10.4,0.0,0.0,141.0
21.62866,0x316,0.0,0.0,1.0,6.25,2.09,0.14,20.03125,19.96875,19.6875,19.3125,-10.4,0.0,0.0,142.0
21.63497,0x220,0.0,0.0,1.0,6.25,2.64,0.08,20.03125,19.96875,19.6875,19.3125,-10.4,0.0,0.0,142.0
21.6369,0x2B0,0.0,0.0,1.0,6.25,2.64,0.08,20.03125,19.96875,19.6875,19.3125,-10.4,0.0,0.0,142.0
21.63881,0x316,0.0,0.0,1.0,6.25,2.64,0.08,20.03125,19.96875,19.6875,19.3125,-10.4,0.0,0.0,141.0
21.63928,0x386,0.0,0.0,1.0,6.25,2.64,0.08,20.03125,20.125,19.09375,19.4375,-10.4,0.0,0.0,141.0
21.645,0x220,0.0,0.0,1.0,6.25,3.15,-0.03,20.03125,20.125,19.09375,19.4375,-10.4,0.0,0.0,141.0
21.64691,0x2B0,0.0,0.0,1.0,6.25,3.15,-0.03,20.03125,20.125,19.09375,19.4375,-10.4,0.0,0.0,141.0
21.64885,0x316,0.0,0.0,1.0,6.25,3.15,-0.03,20.03125,20.125,19.09375,19.4375,-10.4,0.0,0.0,141.0
21.65497,0x220,0.0,0.0,1.0,6.25,3.47,-0.46,20.03125,20.125,19.09375,19.4375,-10.4,0.0,0.0,141.0
21.65688,0x2B0,0.0,0.0,1.0,6.25,3.47,-0.46,20.03125,20.125,19.09375,19.4375,-10.4,0.0,0.0,141.0
21.65878,0x316,0.0,0.0,1.0,6.25,3.47,-0.46,20.03125,20.125,19.09375,19.4375,-10.4,0.0,0.0,141.0
21.65951,0x386,0.0,0.0,1.0,6.25,3.47,-0.46,19.96875,20.34375,19.625,19.09375,-10.4,0.0,0.0,141.0
21.66499,0x220,0.0,0.0,1.0,6.25,3.42,-0.79,19.96875,20.34375,19.625,19.09375,-10.4,0.0,0.0,141.0
21.66689,0x2B0,0.0,0.0,1.0,6.25,3.42,-0.79,19.96875,20.34375,19.625,19.09375,-10.4,0.0,0.0,141.0
21.66885,0x316,0.0,0.0,1.0,6.25,3.42,-0.79,19.96875,20.34375,19.625,19.09375,-10.4,0.0,0.0,141.0
21.67496,0x220,0.0,0.0,1.0,6.25,3.12,-0.73,19.96875,20.34375,19.625,19.09375,-10.4,0.0,0.0,141.0
21.67694,0x2B0,0.0,0.0,1.0,6.25,3.12,-0.73,19.96875,20.34375,19.625,19.09375,-10.3,0.0,0.0,141.0
21.67878,0x316,0.0,0.0,1.0,6.25,3.12,-0.73,19.96875,20.34375,19.625,19.09375,-10.3,0.0,0.0,141.0
21.67927,0x386,0.0,0.0,1.0,6.25,3.12,-0.73,19.875,19.9375,19.875,19.34375,-10.3,0.0,0.0,141.0
21.68498,0x220,0.0,0.0,1.0,6.25,2.79,-0.49,19.875,19.9375,19.875,19.34375,-10.3,0.0,0.0,141.0
21.68689,0x2B0,0.0,0.0,1.0,6.25,2.79,-0.49,19.875,19.9375,19.875,19.34375,-10.3,0.0,0.0,141.0
21.68868,0x316,0.0,0.0,1.0,6.25,2.79,-0.49,19.875,19.9375,19.875,19.34375,-10.3,0.0,0.0,141.0
21.69497,0x220,0.0,0.0,1.0,6.25,2.61,-0.56,19.875,19.9375,19.875,19.34375,-10.3,0.0,0.0,141.0
21.69687,0x2B0,0.0,0.0,1.0,6.25,2.61,-0.56,19.875,19.9375,19.875,19.34375,-10.3,0.0,0.0,141.0
21.69875,0x316,0.0,0.0,1.0,6.25,2.61,-0.56,19.875,19.9375,19.875,19.34375,-10.3,0.0,0.0,141.0
21.69927,0x386,0.0,0.0,1.0,6.25,2.61,-0.56,20.0,20.0625,19.0625,19.75,-10.3,0.0,0.0,141.0
21.70499,0x220,0.0,0.0,1.0,6.25,2.52,-1.08,20.0,20.0625,19.0625,19.75,-10.3,0.0,0.0,141.0
21.70687,0x2B0,0.0,0.0,1.0,6.25,2.52,-1.08,20.0,20.0625,19.0625,19.75,-10.3,0.0,0.0,141.0
21.70866,0x316,0.0,0.0,1.0,6.25,2.52,-1.08,20.0,20.0625,19.0625,19.75,-10.3,0.0,0.0,141.0
21.71495,0x220,0.0,0.0,1.0,6.25,2.33,-1.53,20.0,20.0625,19.0625,19.75,-10.3,0.0,0.0,141.0
21.71688,0x2B0,0.0,0.0,1.0,6.25,2.33,-1.53,20.0,20.0625,19.0625,19.75,-10.3,0.0,0.0,141.0
21.71876,0x316,0.0,0.0,1.0,6.25,2.33,-1.53,20.0,20.0625,19.0625,19.75,-10.3,0.0,0.0,142.0
21.71947,0x386,0.0,0.0,1.0,6.25,2.33,-1.53,20.0,20.0,19.59375,20.15625,-10.3,0.0,0.0,142.0
21.72499,0x220,0.0,0.0,1.0,6.25,1.98,-1.44,20.0,20.0,19.59375,20.15625,-10.3,0.0,0.0,142.0
21.72687,0x2B0,0.0,0.0,1.0,6.25,1.98,-1.44,20.0,20.0,19.59375,20.15625,-10.3,0.0,0.0,142.0
21.72872,0x316,0.0,0.0,1.0,6.25,1.98,-1.44,20.0,20.0,19.59375,20.15625,-10.3,0.0,0.0,141.0
21.73496,0x220,0.0,0.0,1.0,6.25,1.72,-0.74,20.0,20.0,19.59375,20.15625,-10.3,0.0,0.0,141.0
21.73688,0x2B0,0.0,0.0,1.0,6.25,1.72,-0.74,20.0,20.0,19.59375,20.15625,-10.3,0.0,0.0,141.0
21.73881,0x316,0.0,0.0,1.0,6.25,1.72,-0.74,20.0,20.0,19.59375,20.15625,-10.3,0.0,0.0,141.0
21.73928,0x386,0.0,0.0,1.0,6.25,1.72,-0.74,19.875,19.875,20.25,20.40625,-10.3,0.0,0.0,141.0
21.74501,0x220,0.0,0.0,1.0,6.25,1.68,0.03,19.875,19.875,20.25,20.40625,-10.3,0.0,0.0,141.0
21.74689,0x2B0,0.0,0.0,1.0,6.25,1.68,0.03,19.875,19.875,20.25,20.40625,-10.3,0.0,0.0,141.0
21.74883,0x316,0.0,0.0,1.0,6.25,1.68,0.03,19.875,19.875,20.25,20.40625,-10.3,0.0,0.0,141.0
21.75496,0x220,0.0,0.0,1.0,6.25,1.85,0.37,19.875,19.875,20.25,20.40625,-10.3,0.0,0.0,141.0
21.75688,0x2B0,0.0,0.0,1.0,6.25,1.85,0.37,19.875,19.875,20.25,20.40625,-10.3,0.0,0.0,141.0
21.7587,0x316,0.0,0.0,1.0,6.25,1.85,0.37,19.875,19.875,20.25,20.40625,-10.3,0.0,0.0,141.0
21.75942,0x386,0.0,0.0,1.0,6.25,1.85,0.37,19.84375,19.9375,20.65625,20.34375,-10.3,0.0,0.0,141.0
21.76499,0x220,0.0,0.0,1.0,6.25,2.15,0.0,19.84375,19.9375,20.65625,20.34375,-10.3,0.0,0.0,141.0
21.76688,0x2B0,0.0,0.0,1.0,6.25,2.15,0.0,19.84375,19.9375,20.65625,20.34375,-10.3,0.0,0.0,141.0
21.76889,0x316,0.0,0.0,1.0,6.25,2.15,0.0,19.84375,19.9375,20.65625,20.34375,-10.3,0.0,0.0,141.0
21.77497,0x220,0.0,0.0,1.0,6.25,2.31,-0.47,19.84375,19.9375,20.65625,20.34375,-10.3,0.0,0.0,141.0
21.77699,0x2B0,0.0,0.0,1.0,6.25,2.31,-0.47,19.84375,19.9375,20.65625,20.34375,-10.3,0.0,0.0,141.0
21.77879,0x316,0.0,0.0,1.0,6.25,2.31,-0.47,19.84375,19.9375,20.65625,20.34375,-10.3,0.0,0.0,141.0
21.77951,0x386,0.0,0.0,1.0,6.25,2.31,-0.47,19.875,19.78125,20.21875,19.96875,-10.3,0.0,0.0,141.0
21.78499,0x220,0.0,0.0,1.0,6.25,2.16,-0.64,19.875,19.78125,20.21875,19.96875,-10.3,0.0,0.0,141.0
21.78688,0x2B0,0.0,0.0,1.0,6.25,2.16,-0.64,19.875,19.78125,20.21875,19.96875,-10.3,0.0,0.0,141.0
21.78868,0x316,0.0,0.0,1.0,6.25,2.16,-0.64,19.875,19.78125,20.21875,19.96875,-10.3,0.0,0.0,141.0
21.79496,0x220,0.0,0.0,1.0,6.25,1.71,-0.57,19.875,19.78125,20.21875,19.96875,-10.3,0.0,0.0,141.0
21.79688,0x2B0,0.0,0.0,1.0,6.25,1.71,-0.57,19.875,19.78125,20.21875,19.96875,-10.3,0.0,0.0,141.0
21.79871,0x316,0.0,0.0,1.0,6.25,1.71,-0.57,19.875,19.78125,20.21875,19.96875,-10.3,0.0,0.0,141.0
21.79928,0x386,0.0,0.0,1.0,6.25,1.71,-0.57,19.90625,20.09375,19.65625,20.09375,-10.3,0.0,0.0,141.0
21.80498,0x220,0.0,0.0,1.0,6.25,1.11,-0.33,19.90625,20.09375,19.65625,20.09375,-10.3,0.0,0.0,141.0
21.80687,0x2B0,0.0,0.0,1.0,6.25,1.11,-0.33,19.90625,20.09375,19.65625,20.09375,-10.3,0.0,0.0,141.0
21.80868,0x316,0.0,0.0,1.0,6.25,1.11,-0.33,19.90625,20.09375,19.65625,20.09375,-10.3,0.0,0.0,141.0
21.81497,0x220,0.0,0.0,1.0,6.25,0.63,-0.01,19.90625,20.09375,19.65625,20.09375,-10.3,0.0,0.0,141.0
21.81688,0x2B0,0.0,0.0,1.0,6.25,0.63,-0.01,19.90625,20.09375,19.65625,20.09375,-10.3,0.0,0.0,141.0
21.81877,0x316,0.0,0.0,1.0,6.25,0.63,-0.01,19.90625,20.09375,19.65625,20.09375,-10.3,0.0,0.0,142.0
21.81949,0x386,0.0,0.0,1.0,6.25,0.63,-0.01,20.0625,20.03125,19.625,20.3125,-10.3,0.0,0.0,142.0
21.82499,0x220,0.0,0.0,1.0,6.25,0.41,0.2,20.0625,20.03125,19.625,20.3125,-10.3,0.0,0.0,142.0
21.82687,0x2B0,0.0,0.0,1.0,6.25,0.41,0.2,20.0625,20.03125,19.625,20.3125,-10.3,0.0,0.0,142.0
21.82865,0x316,0.0,0.0,1.0,6.25,0.41,0.2,20.0625,20.03125,19.625,20.3125,-10.3,0.0,0.0,142.0
21.83496,0x220,0.0,0.0,1.0,6.25,0.53,0.29,20.0625,20.03125,19.625,20.3125,-10.3,0.0,0.0,142.0
21.83687,0x2B0,0.0,0.0,1.0,6.25,0.53,0.29,20.0625,20.03125,19.625,20.3125,-10.3,0.0,0.0,142.0
21.8388,0x316,0.0,0.0,1.0,6.25,0.53,0.29,20.0625,20.03125,19.625,20.3125,-10.3,0.0,0.0,142.0
21.83951,0x386,0.0,0.0,1.0,6.25,0.53,0.29,20.15625,20.03125,20.0,20.03125,-10.3,0.0,0.0,142.0
21.84501,0x220,0.0,0.0,1.0,6.25,0.89,0.35,20.15625,20.03125,20.0,20.03125,-10.3,0.0,0.0,142.0
21.84687,0x2B0,0.0,0.0,1.0,6.25,0.89,0.35,20.15625,20.03125,20.0,20.03125,-10.3,0.0,0.0,142.0
21.84881,0x316,0.0,0.0,1.0,6.25,0.89,0.35,20.15625,20.03125,20.0,20.03125,-10.3,0.0,0.0,142.0
21.85497,0x220,0.0,0.0,1.0,6.25,1.32,0.45,20.15625,20.03125,20.0,20.03125,-10.3,0.0,0.0,142.0
21.85687,0x2B0,0.0,0.0,1.0,6.25,1.32,0.45,20.15625,20.03125,20.0,20.03125,-10.3,0.0,0.0,142.0
21.85878,0x316,0.0,0.0,1.0,6.25,1.32,0.45,20.15625,20.03125,20.0,20.03125,-10.3,0.0,0.0,142.0
21.85951,0x386,0.0,0.0,1.0,6.25,1.32,0.45,20.15625,20.25,19.6875,19.46875,-10.3,0.0,0.0,142.0
21.86499,0x220,0.0,0.0,1.0,6.25,1.72,0.62,20.15625,20.25,19.6875,19.46875,-10.3,0.0,0.0,142.0
21.86687,0x2B0,0.0,0.0,1.0,6.25,1.72,0.62,20.15625,20.25,19.6875,19.46875,-10.3,0.0,0.0,142.0
21.86885,0x316,0.0,0.0,1.0,6.25,1.72,0.62,20.15625,20.25,19.6875,19.46875,-10.3,0.0,0.0,142.0
21.87498,0x220,0.0,0.0,1.0,6.25,1.98,0.86,20.15625,20.25,19.6875,19.46875,-10.3,0.0,0.0,142.0
21.87692,0x2B0,0.0,0.0,1.0,6.25,1.98,0.86,20.15625,20.25,19.6875,19.46875,-10.3,0.0,0.0,142.0
21.8788,0x316,0.0,0.0,1.0,6.25,1.98,0.86,20.15625,20.25,19.6875,19.46875,-10.3,0.0,0.0,141.0
21.87928,0x386,0.0,0.0,1.0,6.25,1.98,0.86,20.09375,20.15625,19.5,19.09375,-10.3,0.0,0.0,141.0
21.88499,0x220,0.0,0.0,1.0,6.25,2.24,0.89,20.09375,20.15625,19.5,19.09375,-10.3,0.0,0.0,141.0
21.88687,0x2B0,0.0,0.0,1.0,6.25,2.24,0.89,20.09375,20.15625,19.5,19.09375,-10.3,0.0,0.0,141.0
21.88865,0x316,0.0,0.0,1.0,6.25,2.24,0.89,20.09375,20.15625,19.5,19.09375,-10.3,0.0,0.0,141.0
21.89497,0x220,0.0,0.0,1.0,6.25,2.44,0.58,20.09375,20.15625,19.5,19.09375,-10.3,0.0,0.0,141.0
21.89687,0x2B0,0.0,0.0,1.0,6.25,2.44,0.58,20.09375,20.15625,19.5,19.09375,-10.3,0.0,0.0,141.0
21.89877,0x316,0.0,0.0,1.0,6.25,2.44,0.58,20.09375,20.15625,19.5,19.09375,-10.3,0.0,0.0,142.0
21.89928,0x386,0.0,0.0,1.0,6.25,2.44,0.58,20.21875,20.1875,19.78125,19.65625,-10.3,0.0,0.0,142.0
21.905,0x220,0.0,0.0,1.0,6.25,2.33,0.14,20.21875,20.1875,19.78125,19.65625,-10.3,0.0,0.0,142.0
21.90688,0x2B0,0.0,0.0,1.0,6.25,2.33,0.14,20.21875,20.1875,19.78125,19.65625,-10.3,0.0,0.0,142.0
21.90866,0x316,0.0,0.0,1.0,6.25,2.33,0.14,20.21875,20.1875,19.78125,19.65625,-10.3,0.0,0.0,141.0
21.91498,0x220,0.0,0.0,1.0,6.25,1.92,-0.07,20.21875,20.1875,19.78125,19.65625,-10.3,0.0,0.0,141.0
21.91692,0x2B0,0.0,0.0,1.0,6.25,1.92,-0.07,20.21875,20.1875,19.78125,19.65625,-10.3,0.0,0.0,141.0
21.91877,0x316,0.0,0.0,1.0,6.25,1.92,-0.07,20.21875,20.1875,19.78125,19.65625,-10.3,0.0,0.0,141.0
21.91948,0x386,0.0,0.0,1.0,6.25,1.92,-0.07,20.09375,20.0625,20.34375,20.25,-10.3,0.0,0.0,141.0
21.92499,0x220,0.0,0.0,1.0,6.25,1.41,-0.06,20.09375,20.0625,20.34375,20.25,-10.3,0.0,0.0,141.0
21.92688,0x2B0,0.0,0.0,1.0,6.25,1.41,-0.06,20.09375,20.0625,20.34375,20.25,-10.1,8.0,0.0,141.0
21.92865,0x316,0.0,0.0,1.0,6.25,1.41,-0.06,20.09375,20.0625,20.34375,20.25,-10.1,8.0,0.0,141.0
21.93497,0x220,0.0,0.0,1.0,6.25,0.96,0.0,20.09375,20.0625,20.34375,20.25,-10.1,8.0,0.0,141.0
21.93686,0x2B0,0.0,0.0,1.0,6.25,0.96,0.0,20.09375,20.0625,20.34375,20.25,-10.1,8.0,0.0,141.0
21.9389,0x316,0.0,0.0,1.0,6.25,0.96,0.0,20.09375,20.0625,20.34375,20.25,-10.1,8.0,0.0,141.0
21.93937,0x386,0.0,0.0,1.0,6.25,0.96,0.0,20.4375,20.0625,19.75,19.875,-10.1,8.0,0.0,141.0
21.94501,0x220,0.0,0.0,1.0,6.25,0.8,0.09,20.4375,20.0625,19.75,19.875,-10.1,8.0,0.0,141.0
21.94691,0x2B0,0.0,0.0,1.0,6.25,0.8,0.09,20.4375,20.0625,19.75,19.875,-9.9,8.0,0.0,141.0
21.94883,0x316,0.0,0.0,1.0,6.25,0.8,0.09,20.4375,20.0625,19.75,19.875,-9.9,8.0,0.0,141.0
21.95497,0x220,0.0,0.0,1.0,6.25,0.99,0.24,20.4375,20.0625,19.75,19.875,-9.9,8.0,0.0,141.0
21.95686,0x2B0,0.0,0.0,1.0,6.25,0.99,0.24,20.4375,20.0625,19.75,19.875,-9.9,8.0,0.0,141.0
21.95872,0x316,0.0,0.0,1.0,6.25,0.99,0.24,20.4375,20.0625,19.75,19.875,-9.9,8.0,0.0,142.0
21.95944,0x386,0.0,0.0,1.0,6.25,0.99,0.24,20.0625,20.1875,19.375,19.34375,-9.9,8.0,0.0,142.0
21.96498,0x220,0.0,0.0,1.0,6.25,1.44,0.29,20.0625,20.1875,19.375,19.34375,-9.9,8.0,0.0,142.0
21.96689,0x2B0,0.0,0.0,1.0,6.25,1.44,0.29,20.0625,20.1875,19.375,19.34375,-9.9,0.0,0.0,142.0
21.96884,0x316,0.0,0.0,1.0,6.25,1.44,0.29,20.0625,20.1875,19.375,19.34375,-9.9,0.0,0.0,142.0
21.97498,0x220,0.0,0.0,1.0,6.25,1.84,0.22,20.0625,20.1875,19.375,19.34375,-9.9,0.0,0.0,142.0
21.97698,0x2B0,0.0,0.0,1.0,6.25,1.84,0.22,20.0625,20.1875,19.375,19.34375,-9.9,0.0,0.0,142.0
21.97881,0x316,0.0,0.0,1.0,6.25,1.84,0.22,20.0625,20.1875,19.375,19.34375,-9.9,0.0,0.0,141.0
21.97953,0x386,0.0,0.0,1.0,6.25,1.84,0.22,20.25,20.3125,19.125,19.21875,-9.9,0.0,0.0,141.0
21.985,0x220,0.0,0.0,1.0,6.25,2.02,0.3,20.25,20.3125,19.125,19.21875,-9.9,0.0,0.0,141.0
21.98693,0x2B0,0.0,0.0,1.0,6.25,2.02,0.3,20.25,20.3125,19.125,19.21875,-9.9,0.0,0.0,141.0
21.98869,0x316,0.0,0.0,1.0,6.25,2.02,0.3,20.25,20.3125,19.125,19.21875,-9.9,0.0,0.0,141.0
21.99498,0x220,0.0,0.0,1.0,6.25,1.94,0.58,20.25,20.3125,19.125,19.21875,-9.9,0.0,0.0,141.0
21.99689,0x2B0,0.0,0.0,1.0,6.25,1.94,0.58,20.25,20.3125,19.125,19.21875,-9.8,0.0,0.0,141.0
21.99871,0x316,0.0,0.0,1.0,6.25,1.94,0.58,20.25,20.3125,19.125,19.21875,-9.8,0.0,0.0,141.0
21.99928,0x386,0.0,0.0,1.0,6.25,1.94,0.58,20.3125,20.1875,19.46875,20.21875,-9.8,0.0,0.0,141.0
22.00499,0x220,0.0,0.0,1.0,6.25,1.67,0.78,20.3125,20.1875,19.46875,20.21875,-9.8,0.0,0.0,141.0
22.00686,0x2B0,0.0,0.0,1.0,6.25,1.67,0.78,20.3125,20.1875,19.46875,20.21875,-9.8,0.0,0.0,141.0
22.00866,0x316,0.0,0.0,1.0,6.25,1.67,0.78,20.3125,20.1875,19.46875,20.21875,-9.8,0.0,0.0,141.0
22.01498,0x220,0.0,0.0,1.0,6.25,1.32,0.68,20.3125,20.1875,19.46875,20.21875,-9.8,0.0,0.0,141.0
22.01686,0x2B0,0.0,0.0,1.0,6.25,1.32,0.68,20.3125,20.1875,19.46875,20.21875,-9.8,0.0,0.0,141.0
22.01876,0x316,0.0,0.0,1.0,6.25,1.32,0.68,20.3125,20.1875,19.46875,20.21875,-9.8,0.0,0.0,141.0
22.01948,0x386,0.0,0.0,1.0,6.25,1.32,0.68,20.21875,20.1875,20.0,20.09375,-9.8,0.0,0.0,141.0
22.025,0x220,0.0,0.0,1.0,6.25,0.93,0.44,20.21875,20.1875,20.0,20.09375,-9.8,0.0,0.0,141.0
22.02685,0x2B0,0.0,0.0,1.0,6.25,0.93,0.44,20.21875,20.1875,20.0,20.09375,-9.8,0.0,0.0,141.0
22.02872,0x316,0.0,0.0,1.0,6.25,0.93,0.44,20.21875,20.1875,20.0,20.09375,-9.8,0.0,0.0,141.0
22.03499,0x220,0.0,0.0,1.0,6.25,0.55,0.33,20.21875,20.1875,20.0,20.09375,-9.8,0.0,0.0,141.0
22.03686,0x2B0,0.0,0.0,1.0,6.25,0.55,0.33,20.21875,20.1875,20.0,20.09375,-9.8,0.0,0.0,141.0
22.03883,0x316,0.0,0.0,1.0,6.25,0.55,0.33,20.21875,20.1875,20.0,20.09375,-9.8,0.0,0.0,141.0
22.0393,0x386,0.0,0.0,1.0,6.25,0.55,0.33,20.25,20.0625,19.78125,19.78125,-9.8,0.0,0.0,141.0
22.04502,0x220,0.0,0.0,1.0,6.25,0.39,0.58,20.25,20.0625,19.78125,19.78125,-9.8,0.0,0.0,141.0
22.04686,0x2B0,0.0,0.0,1.0,6.25,0.39,0.58,20.25,20.0625,19.78125,19.78125,-9.8,0.0,0.0,141.0
22.04878,0x316,0.0,0.0,1.0,6.25,0.39,0.58,20.25,20.0625,19.78125,19.78125,-9.8,0.0,0.0,141.0
22.05497,0x220,0.0,0.0,1.0,6.25,0.58,1.01,20.25,20.0625,19.78125,19.78125,-9.8,0.0,0.0,141.0
22.05686,0x2B0,0.0,0.0,1.0,6.25,0.58,1.01,20.25,20.0625,19.78125,19.78125,-9.8,0.0,0.0,141.0
22.05874,0x316,0.0,0.0,1.0,6.25,0.58,1.01,20.25,20.0625,19.78125,19.78125,-9.8,0.0,0.0,141.0
22.05947,0x386,0.0,0.0,1.0,6.25,0.58,1.01,20.125,20.0625,19.34375,19.875,-9.8,0.0,0.0,141.0
22.065,0x220,0.0,0.0,1.0,6.25,1.06,1.25,20.125,20.0625,19.34375,19.875,-9.8,0.0,0.0,141.0
22.06692,0x2B0,0.0,0.0,1.0,6.25,1.06,1.25,20.125,20.0625,19.34375,19.875,-9.8,0.0,0.0,141.0
22.06893,0x316,0.0,0.0,1.0,6.25,1.06,1.25,20.125,20.0625,19.34375,19.875,-9.8,0.0,0.0,141.0
22.07498,0x220,0.0,0.0,1.0,6.25,1.71,0.95,20.125,20.0625,19.34375,19.875,-9.8,0.0,0.0,141.0
22.07704,0x2B0,0.0,0.0,1.0,6.25,1.71,0.95,20.125,20.0625,19.34375,19.875,-9.8,0.0,0.0,141.0
22.07876,0x316,0.0,0.0,1.0,6.25,1.71,0.95,20.125,20.0625,19.34375,19.875,-9.8,0.0,0.0,141.0
22.07928,0x386,0.0,0.0,1.0,6.25,1.71,0.95,19.96875,20.28125,19.53125,20.21875,-9.8,0.0,0.0,141.0
22.08499,0x220,0.0,0.0,1.0,6.25,2.24,0.47,19.96875,20.28125,19.53125,20.21875,-9.8,0.0,0.0,141.0
22.08692,0x2B0,0.0,0.0,1.0,6.25,2.24,0.47,19.96875,20.28125,19.53125,20.21875,-9.8,0.0,0.0,141.0
22.08866,0x316,0.0,0.0,1.0,6.25,2.24,0.47,19.96875,20.28125,19.53125,20.21875,-9.8,0.0,0.0,140.0
22.09498,0x220,0.0,0.0,1.0,6.25,2.4,0.35,19.96875,20.28125,19.53125,20.21875,-9.8,0.0,0.0,140.0
22.09687,0x2B0,0.0,0.0,1.0,6.25,2.4,0.35,19.96875,20.28125,19.53125,20.21875,-9.6,8.0,0.0,140.0
22.09874,0x316,0.0,0.0,1.0,6.25,2.4,0.35,19.96875,20.28125,19.53125,20.21875,-9.6,8.0,0.0,141.0
22.09928,0x386,0.0,0.0,1.0,6.25,2.4,0.35,20.15625,20.03125,19.84375,19.96875,-9.6,8.0,0.0,141.0
22.10499,0x220,0.0,0.0,1.0,6.25,2.23,0.56,20.15625,20.03125,19.84375,19.96875,-9.6,8.0,0.0,141.0
22.10688,0x2B0,0.0,0.0,1.0,6.25,2.23,0.56,20.15625,20.03125,19.84375,19.96875,-9.6,8.0,0.0,141.0
22.1087,0x316,0.0,0.0,1.0,6.25,2.23,0.56,20.15625,20.03125,19.84375,19.96875,-9.6,8.0,0.0,141.0
22.11498,0x220,0.0,0.0,1.0,6.25,1.98,0.8,20.15625,20.03125,19.84375,19.96875,-9.6,8.0,0.0,141.0
22.11691,0x2B0,0.0,0.0,1.0,6.25,1.98,0.8,20.15625,20.03125,19.84375,19.96875,-9.6,0.0,0.0,141.0
22.11877,0x316,0.0,0.0,1.0,6.25,1.98,0.8,20.15625,20.03125,19.84375,19.96875,-9.6,0.0,0.0,141.0
22.1195,0x386,0.0,0.0,1.0,6.25,1.98,0.8,20.125,20.25,19.90625,20.0625,-9.6,0.0,0.0,141.0
22.12499,0x220,0.0,0.0,1.0,6.25,1.75,0.81,20.125,20.25,19.90625,20.0625,-9.6,0.0,0.0,141.0
22.12687,0x2B0,0.0,0.0,1.0,6.25,1.75,0.81,20.125,20.25,19.90625,20.0625,-9.6,0.0,0.0,141.0
22.12865,0x316,0.0,0.0,1.0,6.25,1.75,0.81,20.125,20.25,19.90625,20.0625,-9.6,0.0,0.0,141.0
22.13499,0x220,0.0,0.0,1.0,6.25,1.66,0.6,20.125,20.25,19.90625,20.0625,-9.6,0.0,0.0,141.0
22.13687,0x2B0,0.0,0.0,1.0,6.25,1.66,0.6,20.125,20.25,19.90625,20.0625,-9.6,0.0,0.0,141.0
22.13887,0x316,0.0,0.0,1.0,6.25,1.66,0.6,20.125,20.25,19.90625,20.0625,-9.6,0.0,0.0,141.0
22.13933,0x386,0.0,0.0,1.0,6.25,1.66,0.6,20.21875,20.09375,19.78125,19.9375,-9.6,0.0,0.0,141.0
22.14502,0x220,0.0,0.0,1.0,6.25,1.82,0.33,20.21875,20.09375,19.78125,19.9375,-9.6,0.0,0.0,141.0
22.14687,0x2B0,0.0,0.0,1.0,6.25,1.82,0.33,20.21875,20.09375,19.78125,19.9375,-9.6,0.0,0.0,141.0
22.14885,0x316,0.0,0.0,1.0,6.25,1.82,0.33,20.21875,20.09375,19.78125,19.9375,-9.6,0.0,0.0,141.0
22.15498,0x220,0.0,0.0,1.0,6.25,2.17,0.14,20.21875,20.09375,19.78125,19.9375,-9.6,0.0,0.0,141.0
22.15687,0x2B0,0.0,0.0,1.0,6.25,2.17,0.14,20.21875,20.09375,19.78125,19.9375,-9.6,0.0,0.0,141.0
22.15871,0x316,0.0,0.0,1.0,6.25,2.17,0.14,20.21875,20.09375,19.78125,19.9375,-9.6,0.0,0.0,142.0
22.15943,0x386,0.0,0.0,1.0,6.25,2.17,0.14,20.03125,20.1875,19.59375,19.65625,-9.6,0.0,0.0,142.0
22.165,0x220,0.0,0.0,1.0,6.25,2.6,0.0,20.03125,20.1875,19.59375,19.65625,-9.6,0.0,0.0,142.0
22.16695,0x2B0,0.0,0.0,1.0,6.25,2.6,0.0,20.03125,20.1875,19.59375,19.65625,-9.6,0.0,0.0,142.0
22.16885,0x316,0.0,0.0,1.0,6.25,2.6,0.0,20.03125,20.1875,19.59375,19.65625,-9.6,0.0,0.0,142.0
22.17499,0x220,0.0,0.0,1.0,6.25,3.0,-0.04,20.03125,20.1875,19.59375,19.65625,-9.6,0.0,0.0,142.0
22.17707,0x2B0,0.0,0.0,1.0,6.25,3.0,-0.04,20.03125,20.1875,19.59375,19.65625,-9.6,0.0,0.0,142.0
22.17878,0x316,0.0,0.0,1.0,6.25,3.0,-0.04,20.03125,20.1875,19.59375,19.65625,-9.6,0.0,0.0,141.0
22.1795,0x386,0.0,0.0,1.0,6.25,3.0,-0.04,20.03125,20.125,19.8125,19.75,-9.6,0.0,0.0,141.0
22.18501,0x220,0.0,0.0,1.0,6.25,3.22,-0.07,20.03125,20.125,19.8125,19.75,-9.6,0.0,0.0,141.0
22.18689,0x2B0,0.0,0.0,1.0,6.25,3.22,-0.07,20.03125,20.125,19.8125,19.75,-9.6,0.0,0.0,141.0
22.18867,0x316,0.0,0.0,1.0,6.25,3.22,-0.07,20.03125,20.125,19.8125,19.75,-9.6,0.0,0.0,141.0
22.19498,0x220,0.0,0.0,1.0,6.25,3.24,-0.13,20.03125,20.125,19.8125,19.75,-9.6,0.0,0.0,141.0
22.19688,0x2B0,0.0,0.0,1.0,6.25,3.24,-0.13,20.03125,20.125,19.8125,19.75,-9.6,0.0,0.0,141.0
22.19873,0x316,0.0,0.0,1.0,6.25,3.24,-0.13,20.03125,20.125,19.8125,19.75,-9.6,0.0,0.0,141.0
22.19929,0x386,0.0,0.0,1.0,6.25,3.24,-0.13,20.0,20.125,19.84375,20.21875,-9.6,0.0,0.0,141.0
22.20499,0x220,0.0,0.0,1.0,6.25,3.11,-0.34,20.0,20.125,19.84375,20.21875,-9.6,0.0,0.0,141.0
22.20689,0x2B0,0.0,0.0,1.0,6.25,3.11,-0.34,20.0,20.125,19.84375,20.21875,-9.6,0.0,0.0,141.0
22.20865,0x316,0.0,0.0,1.0,6.25,3.11,-0.34,20.0,20.125,19.84375,20.21875,-9.6,0.0,0.0,141.0
22.21499,0x220,0.0,0.0,1.0,6.25,2.87,-0.53,20.0,20.125,19.84375,20.21875,-9.6,0.0,0.0,141.0
22.21695,0x2B0,0.0,0.0,1.0,6.25,2.87,-0.53,20.0,20.125,19.84375,20.21875,-9.7,0.0,0.0,141.0
22.21877,0x316,0.0,0.0,1.0,6.25,2.87,-0.53,20.0,20.125,19.84375,20.21875,-9.7,0.0,0.0,141.0
22.21949,0x386,0.0,0.0,1.0,6.25,2.87,-0.53,19.875,20.1875,19.96875,20.84375,-9.7,0.0,0.0,141.0
22.22501,0x220,0.0,0.0,1.0,6.25,2.55,-0.46,19.875,20.1875,19.96875,20.84375,-9.7,0.0,0.0,141.0
22.22691,0x2B0,0.0,0.0,1.0,6.25,2.55,-0.46,19.875,20.1875,19.96875,20.84375,-9.7,0.0,0.0,141.0
22.2287,0x316,0.0,0.0,1.0,6.25,2.55,-0.46,19.875,20.1875,19.96875,20.84375,-9.7,0.0,0.0,141.0
22.23499,0x220,0.0,0.0,1.0,6.25,2.33,-0.09,19.875,20.1875,19.96875,20.84375,-9.7,0.0,0.0,141.0
22.23692,0x2B0,0.0,0.0,1.0,6.25,2.33,-0.09,19.875,20.1875,19.96875,20.84375,-9.7,0.0,0.0,141.0
22.23886,0x316,0.0,0.0,1.0,6.25,2.33,-0.09,19.875,20.1875,19.96875,20.84375,-9.7,0.0,0.0,141.0
22.23934,0x386,0.0,0.0,1.0,6.25,2.33,-0.09,20.09375,19.875,20.03125,20.1875,-9.7,0.0,0.0,141.0
22.24502,0x220,0.0,0.0,1.0,6.25,2.31,0.32,20.09375,19.875,20.03125,20.1875,-9.7,0.0,0.0,141.0
22.24691,0x2B0,0.0,0.0,1.0,6.25,2.31,0.32,20.09375,19.875,20.03125,20.1875,-9.8,0.0,0.0,141.0
22.2488,0x316,0.0,0.0,1.0,6.25,2.31,0.32,20.09375,19.875,20.03125,20.1875,-9.8,0.0,0.0,141.0
22.25499,0x220,0.0,0.0,1.0,6.25,2.4,0.34,20.09375,19.875,20.03125,20.1875,-9.8,0.0,0.0,141.0
22.25689,0x2B0,0.0,0.0,1.0,6.25,2.4,0.34,20.09375,19.875,20.03125,20.1875,-9.8,0.0,0.0,141.0
22.25872,0x316,0.0,0.0,1.0,6.25,2.4,0.34,20.09375,19.875,20.03125,20.1875,-9.8,0.0,0.0,141.0
22.25945,0x386,0.0,0.0,1.0,6.25,2.4,0.34,20.0625,20.1875,19.9375,19.5,-9.8,0.0,0.0,141.0
22.265,0x220,0.0,0.0,1.0,6.25,2.34,-0.03,20.0625,20.1875,19.9375,19.5,-9.8,0.0,0.0,141.0
22.26697,0x2B0,0.0,0.0,1.0,6.25,2.34,-0.03,20.0625,20.1875,19.9375,19.5,-9.8,0.0,0.0,141.0
22.26895,0x316,0.0,0.0,1.0,6.25,2.34,-0.03,20.0625,20.1875,19.9375,19.5,-9.8,0.0,0.0,141.0
22.27498,0x220,0.0,0.0,1.0,6.25,2.07,-0.44,20.0625,20.1875,19.9375,19.5,-9.8,0.0,0.0,141.0
22.27703,0x2B0,0.0,0.0,1.0,6.25,2.07,-0.44,20.0625,20.1875,19.9375,19.5,-9.8,0.0,0.0,141.0
22.27876,0x316,0.0,0.0,1.0,6.25,2.07,-0.44,20.0625,20.1875,19.9375,19.5,-9.8,0.0,0.0,141.0
22.27929,0x386,0.0,0.0,1.0,6.25,2.07,-0.44,20.09375,20.0,19.53125,19.65625,-9.8,0.0,0.0,141.0
22.285,0x220,0.0,0.0,1.0,6.25,1.66,-0.49,20.09375,20.0,19.53125,19.65625,-9.8,0.0,0.0,141.0
22.28693,0x2B0,0.0,0.0,1.0,6.25,1.66,-0.49,20.09375,20.0,19.53125,19.65625,-9.8,0.0,0.0,141.0
22.2887,0x316,0.0,0.0,1.0,6.25,1.66,-0.49,20.09375,20.0,19.53125,19.65625,-9.8,0.0,0.0,142.0
22.29498,0x220,0.0,0.0,1.0,6.25,1.39,-0.2,20.09375,20.0,19.53125,19.65625,-9.8,0.0,0.0,142.0
22.29691,0x2B0,0.0,0.0,1.0,6.25,1.39,-0.2,20.09375,20.0,19.53125,19.65625,-10.0,8.0,0.0,142.0
22.29872,0x316,0.0,0.0,1.0,6.25,1.39,-0.2,20.09375,20.0,19.53125,19.65625,-10.0,8.0,0.0,141.0
22.29929,0x386,0.0,0.0,1.0,6.25,1.39,-0.2,20.15625,20.1875,19.59375,19.6875,-10.0,8.0,0.0,141.0
22.30501,0x220,0.0,0.0,1.0,6.25,1.42,0.0,20.15625,20.1875,19.59375,19.6875,-10.0,8.0,0.0,141.0
22.30689,0x2B0,0.0,0.0,1.0,6.25,1.42,0.0,20.15625,20.1875,19.59375,19.6875,-10.0,8.0,0.0,141.0
22.30871,0x316,0.0,0.0,1.0,6.25,1.42,0.0,20.15625,20.1875,19.59375,19.6875,-10.0,8.0,0.0,141.0
22.31499,0x220,0.0,0.0,1.0,6.25,1.66,-0.03,20.15625,20.1875,19.59375,19.6875,-10.0,8.0,0.0,141.0
22.31692,0x2B0,0.0,0.0,1.0,6.25,1.66,-0.03,20.15625,20.1875,19.59375,19.6875,-10.1,0.0,0.0,141.0
22.31877,0x316,0.0,0.0,1.0,6.25,1.66,-0.03,20.15625,20.1875,19.59375,19.6875,-10.1,0.0,0.0,141.0
22.3195,0x386,0.0,0.0,1.0,6.25,1.66,-0.03,20.0625,20.15625,19.75,19.78125,-10.1,0.0,0.0,141.0
22.32501,0x220,0.0,0.0,1.0,6.25,1.93,-0.11,20.0625,20.15625,19.75,19.78125,-10.1,0.0,0.0,141.0
22.32685,0x2B0,0.0,0.0,1.0,6.25,1.93,-0.11,20.0625,20.15625,19.75,19.78125,-10.1,0.0,0.0,141.0
22.32865,0x316,0.0,0.0,1.0,6.25,1.93,-0.11,20.0625,20.15625,19.75,19.78125,-10.1,0.0,0.0,141.0
22.33499,0x220,0.0,0.0,1.0,6.25,2.06,0.07,20.0625,20.15625,19.75,19.78125,-10.1,0.0,0.0,141.0
22.33692,0x2B0,0.0,0.0,1.0,6.25,2.06,0.07,20.0625,20.15625,19.75,19.78125,-10.1,0.0,0.0,141.0
22.33876,0x316,0.0,0.0,1.0,6.25,2.06,0.07,20.0625,20.15625,19.75,19.78125,-10.1,0.0,0.0,140.0
22.33947,0x386,0.0,0.0,1.0,6.25,2.06,0.07,20.15625,20.15625,19.4375,19.875,-10.1,0.0,0.0,140.0
22.34503,0x220,0.0,0.0,1.0,6.25,2.09,0.47,20.15625,20.15625,19.4375,19.875,-10.1,0.0,0.0,140.0
22.34692,0x2B0,0.0,0.0,1.0,6.25,2.09,0.47,20.15625,20.15625,19.4375,19.875,-10.1,0.0,0.0,140.0
22.34886,0x316,0.0,0.0,1.0,6.25,2.09,0.47,20.15625,20.15625,19.4375,19.875,-10.1,0.0,0.0,140.0
22.35499,0x220,0.0,0.0,1.0,6.25,2.05,0.76,20.15625,20.15625,19.4375,19.875,-10.1,0.0,0.0,140.0
22.35691,0x2B0,0.0,0.0,1.0,6.25,2.05,0.76,20.15625,20.15625,19.4375,19.875,-10.1,0.0,0.0,140.0
22.35876,0x316,0.0,0.0,1.0,6.25,2.05,0.76,20.15625,20.15625,19.4375,19.875,-10.1,0.0,0.0,139.0
22.35948,0x386,0.0,0.0,1.0,6.25,2.05,0.76,19.84375,20.0,19.21875,19.5625,-10.1,0.0,0.0,139.0
22.36501,0x220,0.0,0.0,1.0,6.25,1.92,0.7,19.84375,20.0,19.21875,19.5625,-10.1,0.0,0.0,139.0
22.367,0x2B0,0.0,0.0,1.0,6.25,1.92,0.7,19.84375,20.0,19.21875,19.5625,-10.1,0.0,0.0,139.0
22.36884,0x316,0.0,0.0,1.0,6.25,1.92,0.7,19.84375,20.0,19.21875,19.5625,-10.1,0.0,0.0,138.0
22.37499,0x220,0.0,0.0,1.0,6.25,1.78,0.35,19.84375,20.0,19.21875,19.5625,-10.1,0.0,0.0,138.0
22.37707,0x2B0,0.0,0.0,1.0,6.25,1.78,0.35,19.84375,20.0,19.21875,19.5625,-10.1,0.0,0.0,138.0
22.37874,0x316,0.0,0.0,1.0,6.25,1.78,0.35,19.84375,20.0,19.21875,19.5625,-10.1,0.0,0.0,137.0
22.37947,0x386,0.0,0.0,1.0,6.25,1.78,0.35,20.0,20.125,19.40625,19.0625,-10.1,0.0,0.0,137.0
22.38501,0x220,0.0,0.0,1.0,6.25,1.63,0.04,20.0,20.125,19.40625,19.0625,-10.1,0.0,0.0,137.0
22.38686,0x2B0,0.0,0.0,1.0,6.25,1.63,0.04,20.0,20.125,19.40625,19.0625,-10.1,0.0,0.0,137.0
22.38872,0x316,0.0,0.0,1.0,6.25,1.63,0.04,20.0,20.125,19.40625,19.0625,-10.1,0.0,0.0,136.0
22.39499,0x220,0.0,0.0,1.0,6.25,1.44,0.06,20.0,20.125,19.40625,19.0625,-10.1,0.0,0.0,136.0
22.39693,0x2B0,0.0,0.0,1.0,6.25,1.44,0.06,20.0,20.125,19.40625,19.0625,-10.1,0.0,0.0,136.0
22.39872,0x316,0.0,0.0,1.0,6.25,1.44,0.06,20.0,20.125,19.40625,19.0625,-10.1,0.0,0.0,136.0
22.3993,0x386,0.0,0.0,1.0,6.25,1.44,0.06,19.96875,20.0,19.25,19.375,-10.1,0.0,0.0,136.0
22.405,0x220,0.0,0.0,1.0,6.25,1.2,0.21,19.96875,20.0,19.25,19.375,-10.1,0.0,0.0,136.0
22.40688,0x2B0,0.0,0.0,1.0,6.25,1.2,0.21,19.96875,20.0,19.25,19.375,-10.0,0.0,0.0,136.0
22.40868,0x316,0.0,0.0,1.0,6.25,1.2,0.21,19.96875,20.0,19.25,19.375,-10.0,0.0,0.0,136.0
22.41499,0x220,0.0,0.0,1.0,6.25,0.99,0.26,19.96875,20.0,19.25,19.375,-10.0,0.0,0.0,136.0
22.41696,0x2B0,0.0,0.0,1.0,6.25,0.99,0.26,19.96875,20.0,19.25,19.375,-10.0,0.0,0.0,136.0
22.41871,0x316,0.0,0.0,1.0,6.25,0.99,0.26,19.96875,20.0,19.25,19.375,-10.0,0.0,0.0,136.0
22.41942,0x386,0.0,0.0,1.0,6.25,0.99,0.26,19.90625,19.96875,19.5625,20.1875,-10.0,0.0,0.0,136.0
22.42501,0x220,0.0,0.0,1.0,6.25,0.85,0.18,19.90625,19.96875,19.5625,20.1875,-10.0,0.0,0.0,136.0
22.42686,0x2B0,0.0,0.0,1.0,6.25,0.85,0.18,19.90625,19.96875,19.5625,20.1875,-10.0,0.0,0.0,136.0
22.42867,0x316,0.0,0.0,1.0,6.25,0.85,0.18,19.90625,19.96875,19.5625,20.1875,-10.0,0.0,0.0,137.0
22.43499,0x220,0.0,0.0,1.0,6.25,0.9,0.07,19.90625,19.96875,19.5625,20.1875,-10.0,0.0,0.0,137.0
22.43686,0x2B0,0.0,0.0,1.0,6.25,0.9,0.07,19.90625,19.96875,19.5625,20.1875,-10.0,0.0,0.0,137.0
22.4389,0x316,0.0,0.0,1.0,6.25,0.9,0.07,19.90625,19.96875,19.5625,20.1875,-10.0,0.0,0.0,138.0
22.43937,0x386,0.0,0.0,1.0,6.25,0.9,0.07,19.96875,19.9375,19.5,19.875,-10.0,0.0,0.0,138.0
22.44502,0x220,0.0,0.0,1.0,6.25,1.11,0.12,19.96875,19.9375,19.5,19.875,-10.0,0.0,0.0,138.0
22.44686,0x2B0,0.0,0.0,1.0,6.25,1.11,0.12,19.96875,19.9375,19.5,19.875,-10.0,0.0,0.0,138.0
22.4488,0x316,0.0,0.0,1.0,6.25,1.11,0.12,19.96875,19.9375,19.5,19.875,-10.0,0.0,0.0,138.0
22.45499,0x220,0.0,0.0,1.0,6.25,1.47,0.33,19.96875,19.9375,19.5,19.875,-10.0,0.0,0.0,138.0
22.45685,0x2B0,0.0,0.0,1.0,6.25,1.47,0.33,19.96875,19.9375,19.5,19.875,-10.0,0.0,0.0,138.0
22.45872,0x316,0.0,0.0,1.0,6.25,1.47,0.33,19.96875,19.9375,19.5,19.875,-10.0,0.0,0.0,138.0
22.45945,0x386,0.0,0.0,1.0,6.25,1.47,0.33,19.875,19.96875,19.46875,19.59375,-10.0,0.0,0.0,138.0
22.46502,0x220,0.0,0.0,1.0,6.25,1.89,0.53,19.875,19.96875,19.46875,19.59375,-10.0,0.0,0.0,138.0
22.46703,0x2B0,0.0,0.0,1.0,6.25,1.89,0.53,19.875,19.96875,19.46875,19.59375,-10.0,0.0,0.0,138.0
22.46885,0x316,0.0,0.0,1.0,6.25,1.89,0.53,19.875,19.96875,19.46875,19.59375,-10.0,0.0,0.0,138.0
22.475,0x220,0.0,0.0,1.0,6.25,2.21,0.54,19.875,19.96875,19.46875,19.59375,-10.0,0.0,0.0,138.0
22.47703,0x2B0,0.0,0.0,1.0,6.25,2.21,0.54,19.875,19.96875,19.46875,19.59375,-10.0,0.0,0.0,138.0
22.47884,0x316,0.0,0.0,1.0,6.25,2.21,0.54,19.875,19.96875,19.46875,19.59375,-10.0,0.0,0.0,138.0
22.4793,0x386,0.0,0.0,1.0,6.25,2.21,0.54,19.78125,19.84375,19.59375,19.5625,-10.0,0.0,0.0,138.0
22.48501,0x220,0.0,0.0,1.0,6.25,2.37,0.46,19.78125,19.84375,19.59375,19.5625,-10.0,0.0,0.0,138.0
22.48691,0x2B0,0.0,0.0,1.0,6.25,2.37,0.46,19.78125,19.84375,19.59375,19.5625,-10.1,0.0,0.0,138.0
22.48865,0x316,0.0,0.0,1.0,6.25,2.37,0.46,19.78125,19.84375,19.59375,19.5625,-10.1,0.0,0.0,138.0
22.495,0x220,0.0,0.0,1.0,6.25,2.39,0.34,19.78125,19.84375,19.59375,19.5625,-10.1,0.0,0.0,138.0
22.49693,0x2B0,0.0,0.0,1.0,6.25,2.39,0.34,19.78125,19.84375,19.59375,19.5625,-10.1,0.0,0.0,138.0
22.49875,0x316,0.0,0.0,1.0,6.25,2.39,0.34,19.78125,19.84375,19.59375,19.5625,-10.1,0.0,0.0,138.0
22.49929,0x386,0.0,0.0,1.0,6.25,2.39,0.34,19.78125,19.6875,20.125,19.5625,-10.1,0.0,0.0,138.0
22.50501,0x220,0.0,0.0,1.0,6.25,2.3,0.1,19.78125,19.6875,20.125,19.5625,-10.1,0.0,0.0,138.0
22.50685,0x2B0,0.0,0.0,1.0,6.25,2.3,0.1,19.78125,19.6875,20.125,19.5625,-10.1,0.0,0.0,138.0
22.50867,0x316,0.0,0.0,1.0,6.25,2.3,0.1,19.78125,19.6875,20.125,19.5625,-10.1,0.0,0.0,138.0
22.515,0x220,0.0,0.0,1.0,6.25,2.09,-0.18,19.78125,19.6875,20.125,19.5625,-10.1,0.0,0.0,138.0
22.51685,0x2B0,0.0,0.0,1.0,6.25,2.09,-0.18,19.78125,19.6875,20.125,19.5625,-10.1,0.0,0.0,138.0
22.51887,0x316,0.0,0.0,1.0,6.25,2.09,-0.18,19.78125,19.6875,20.125,19.5625,-10.1,0.0,0.0,138.0
22.51934,0x386,0.0,0.0,1.0,6.25,2.09,-0.18,19.65625,19.9375,19.5,20.03125,-10.1,0.0,0.0,138.0
22.52501,0x220,0.0,0.0,1.0,6.25,1.65,-0.39,19.65625,19.9375,19.5,20.03125,-10.1,0.0,0.0,138.0
22.52685,0x2B0,0.0,0.0,1.0,6.25,1.65,-0.39,19.65625,19.9375,19.5,20.03125,-10.1,0.0,0.0,138.0
22.52865,0x316,0.0,0.0,1.0,6.25,1.65,-0.39,19.65625,19.9375,19.5,20.03125,-10.1,0.0,0.0,138.0
22.53497,0x220,0.0,0.0,1.0,6.25,1.12,-0.26,19.65625,19.9375,19.5,20.03125,-10.1,0.0,0.0,138.0
22.53685,0x2B0,0.0,0.0,1.0,6.25,1.12,-0.26,19.65625,19.9375,19.5,20.03125,-10.1,0.0,0.0,138.0
22.53884,0x316,0.0,0.0,1.0,6.25,1.12,-0.26,19.65625,19.9375,19.5,20.03125,-10.1,0.0,0.0,138.0
22.53931,0x386,0.0,0.0,1.0,6.25,1.12,-0.26,19.84375,19.75,19.15625,20.0625,-10.1,0.0,0.0,138.0
22.54504,0x220,0.0,0.0,1.0,6.25,0.79,0.13,19.84375,19.75,19.15625,20.0625,-10.1,0.0,0.0,138.0
22.54685,0x2B0,0.0,0.0,1.0,6.25,0.79,0.13,19.84375,19.75,19.15625,20.0625,-10.1,0.0,0.0,138.0
22.54879,0x316,0.0,0.0,1.0,6.25,0.79,0.13,19.84375,19.75,19.15625,20.0625,-10.1,0.0,0.0,138.0
22.55499,0x220,0.0,0.0,1.0,6.25,0.84,0.51,19.84375,19.75,19.15625,20.0625,-10.1,0.0,0.0,138.0
22.55692,0x2B0,0.0,0.0,1.0,6.25,0.84,0.51,19.84375,19.75,19.15625,20.0625,-10.1,0.0,0.0,138.0
22.55877,0x316,0.0,0.0,1.0,6.25,0.84,0.51,19.84375,19.75,19.15625,20.0625,-10.1,0.0,0.0,138.0
22.55948,0x386,0.0,0.0,1.0,6.25,0.84,0.51,19.8125,19.6875,19.75,19.78125,-10.1,0.0,0.0,138.0
22.565,0x220,0.0,0.0,1.0,6.25,1.14,0.65,19.8125,19.6875,19.75,19.78125,-10.1,0.0,0.0,138.0
22.56705,0x2B0,0.0,0.0,1.0,6.25,1.14,0.65,19.8125,19.6875,19.75,19.78125,-10.1,0.0,0.0,138.0
22.56884,0x316,0.0,0.0,1.0,6.25,1.14,0.65,19.8125,19.6875,19.75,19.78125,-10.1,0.0,0.0,138.0
22.575,0x220,0.0,0.0,1.0,6.25,1.49,0.54,19.8125,19.6875,19.75,19.78125,-10.1,0.0,0.0,138.0
22.57704,0x2B0,0.0,0.0,1.0,6.25,1.49,0.54,19.8125,19.6875,19.75,19.78125,-10.2,0.0,0.0,138.0
22.57874,0x316,0.0,0.0,1.0,6.25,1.49,0.54,19.8125,19.6875,19.75,19.78125,-10.2,0.0,0.0,139.0
22.57947,0x386,0.0,0.0,1.0,6.25,1.49,0.54,19.78125,19.84375,19.8125,19.6875,-10.2,0.0,0.0,139.0
22.58501,0x220,0.0,0.0,1.0,6.25,1.73,0.45,19.78125,19.84375,19.8125,19.6875,-10.2,0.0,0.0,139.0
22.5869,0x2B0,0.0,0.0,1.0,6.25,1.73,0.45,19.78125,19.84375,19.8125,19.6875,-10.2,0.0,0.0,139.0
22.58865,0x316,0.0,0.0,1.0,6.25,1.73,0.45,19.78125,19.84375,19.8125,19.6875,-10.2,0.0,0.0,138.0
22.59499,0x220,0.0,0.0,1.0,6.25,1.83,0.45,19.78125,19.84375,19.8125,19.6875,-10.2,0.0,0.0,138.0
22.59695,0x2B0,0.0,0.0,1.0,6.25,1.83,0.45,19.78125,19.84375,19.8125,19.6875,-10.4,8.0,0.0,138.0
22.59876,0x316,0.0,0.0,1.0,6.25,1.83,0.45,19.78125,19.84375,19.8125,19.6875,-10.4,8.0,0.0,139.0
22.5993,0x386,0.0,0.0,1.0,6.25,1.83,0.45,19.8125,19.75,19.5625,19.3125,-10.4,8.0,0.0,139.0
22.60501,0x220,0.0,0.0,1.0,6.25,1.92,0.46,19.8125,19.75,19.5625,19.3125,-10.4,8.0,0.0,139.0
22.60689,0x2B0,0.0,0.0,1.0,6.25,1.92,0.46,19.8125,19.75,19.5625,19.3125,-10.4,8.0,0.0,139.0
22.6087,0x316,0.0,0.0,1.0,6.25,1.92,0.46,19.8125,19.75,19.5625,19.3125,-10.4,8.0,0.0,138.0
22.61499,0x220,0.0,0.0,1.0,6.25,2.05,0.29,19.8125,19.75,19.5625,19.3125,-10.4,8.0,0.0,138.0
22.6169,0x2B0,0.0,0.0,1.0,6.25,2.05,0.29,19.8125,19.75,19.5625,19.3125,-10.6,8.0,0.0,138.0
22.61872,0x316,0.0,0.0,1.0,6.25,2.05,0.29,19.8125,19.75,19.5625,19.3125,-10.6,8.0,0.0,138.0
22.61942,0x386,0.0,0.0,1.0,6.25,2.05,0.29,19.8125,19.84375,19.15625,19.25,-10.6,8.0,0.0,138.0
22.62501,0x220,0.0,0.0,1.0,6.25,2.13,-0.03,19.8125,19.84375,19.15625,19.25,-10.6,8.0,0.0,138.0
22.62692,0x2B0,0.0,0.0,1.0,6.25,2.13,-0.03,19.8125,19.84375,19.15625,19.25,-10.6,8.0,0.0,138.0
22.62865,0x316,0.0,0.0,1.0,6.25,2.13,-0.03,19.8125,19.84375,19.15625,19.25,-10.6,8.0,0.0,138.0
22.635,0x220,0.0,0.0,1.0,6.25,2.1,-0.29,19.8125,19.84375,19.15625,19.25,-10.6,8.0,0.0,138.0
22.6369,0x2B0,0.0,0.0,1.0,6.25,2.1,-0.29,19.8125,19.84375,19.15625,19.25,-10.8,8.0,0.0,138.0
22.63891,0x316,0.0,0.0,1.0,6.25,2.1,-0.29,19.8125,19.84375,19.15625,19.25,-10.8,8.0,0.0,138.0
22.63938,0x386,0.0,0.0,1.0,6.25,2.1,-0.29,19.71875,19.8125,18.84375,19.375,-10.8,8.0,0.0,138.0
22.64504,0x220,0.0,0.0,1.0,6.25,1.89,-0.17,19.71875,19.8125,18.84375,19.375,-10.8,8.0,0.0,138.0
22.6469,0x2B0,0.0,0.0,1.0,6.25,1.89,-0.17,19.71875,19.8125,18.84375,19.375,-10.8,8.0,0.0,138.0
22.64881,0x316,0.0,0.0,1.0,6.25,1.89,-0.17,19.71875,19.8125,18.84375,19.375,-10.8,8.0,0.0,138.0
22.655,0x220,0.0,0.0,1.0,6.25,1.7,0.12,19.71875,19.8125,18.84375,19.375,-10.8,8.0,0.0,138.0
22.65693,0x2B0,0.0,0.0,1.0,6.25,1.7,0.12,19.71875,19.8125,18.84375,19.375,-11.0,8.0,0.0,138.0
22.6587,0x316,0.0,0.0,1.0,6.25,1.7,0.12,19.71875,19.8125,18.84375,19.375,-11.0,8.0,0.0,138.0
22.65943,0x386,0.0,0.0,1.0,6.25,1.7,0.12,19.6875,19.78125,19.28125,19.25,-11.0,8.0,0.0,138.0
22.66501,0x220,0.0,0.0,1.0,6.25,1.7,0.42,19.6875,19.78125,19.28125,19.25,-11.0,8.0,0.0,138.0
22.66708,0x2B0,0.0,0.0,1.0,6.25,1.7,0.42,19.6875,19.78125,19.28125,19.25,-11.1,12.0,0.0,138.0
22.66881,0x316,0.0,0.0,1.0,6.25,1.7,0.42,19.6875,19.78125,19.28125,19.25,-11.1,12.0,0.0,138.0
22.675,0x220,0.0,0.0,1.0,6.25,1.89,0.46,19.6875,19.78125,19.28125,19.25,-11.1,12.0,0.0,138.0
22.67705,0x2B0,0.0,0.0,1.0,6.25,1.89,0.46,19.6875,19.78125,19.28125,19.25,-11.3,12.0,0.0,138.0
22.67886,0x316,0.0,0.0,1.0,6.25,1.89,0.46,19.6875,19.78125,19.28125,19.25,-11.3,12.0,0.0,138.0
22.67932,0x386,0.0,0.0,1.0,6.25,1.89,0.46,19.59375,19.6875,19.65625,19.25,-11.3,12.0,0.0,138.0
22.68501,0x220,0.0,0.0,1.0,6.25,2.15,0.18,19.59375,19.6875,19.65625,19.25,-11.3,12.0,0.0,138.0
22.68691,0x2B0,0.0,0.0,1.0,6.25,2.15,0.18,19.59375,19.6875,19.65625,19.25,-11.3,8.0,0.0,138.0
22.6887,0x316,0.0,0.0,1.0,6.25,2.15,0.18,19.59375,19.6875,19.65625,19.25,-11.3,8.0,0.0,138.0
22.695,0x220,0.0,0.0,1.0,6.25,2.31,-0.16,19.59375,19.6875,19.65625,19.25,-11.3,8.0,0.0,138.0
22.69696,0x2B0,0.0,0.0,1.0,6.25,2.31,-0.16,19.59375,19.6875,19.65625,19.25,-11.7,20.0,0.0,138.0
22.69871,0x316,0.0,0.0,1.0,6.25,2.31,-0.16,19.59375,19.6875,19.65625,19.25,-11.7,20.0,0.0,138.0
22.6993,0x386,0.0,0.0,1.0,6.25,2.31,-0.16,19.5625,19.6875,19.3125,19.28125,-11.7,20.0,0.0,138.0
22.70502,0x220,0.0,0.0,1.0,6.25,2.22,-0.35,19.5625,19.6875,19.3125,19.28125,-11.7,20.0,0.0,138.0
22.70693,0x2B0,0.0,0.0,1.0,6.25,2.22,-0.35,19.5625,19.6875,19.3125,19.28125,-11.9,28.0,0.0,138.0
22.70865,0x316,0.0,0.0,1.0,6.25,2.22,-0.35,19.5625,19.6875,19.3125,19.28125,-11.9,28.0,0.0,138.0
22.715,0x220,0.0,0.0,1.0,6.25,1.88,-0.33,19.5625,19.6875,19.3125,19.28125,-11.9,28.0,0.0,138.0
22.71692,0x2B0,0.0,0.0,1.0,6.25,1.88,-0.33,19.5625,19.6875,19.3125,19.28125,-12.0,12.0,0.0,138.0
22.71879,0x316,0.0,0.0,1.0,6.25,1.88,-0.33,19.5625,19.6875,19.3125,19.28125,-12.0,12.0,0.0,138.0
22.7195,0x386,0.0,0.0,1.0,6.25,1.88,-0.33,19.6875,19.65625,19.125,19.28125,-12.0,12.0,0.0,138.0
22.72501,0x220,0.0,0.0,1.0,6.25,1.47,-0.23,19.6875,19.65625,19.125,19.28125,-12.0,12.0,0.0,138.0
22.72693,0x2B0,0.0,0.0,1.0,6.25,1.47,-0.23,19.6875,19.65625,19.125,19.28125,-12.3,20.0,0.0,138.0
22.72867,0x316,0.0,0.0,1.0,6.25,1.47,-0.23,19.6875,19.65625,19.125,19.28125,-12.3,20.0,0.0,138.0
22.73501,0x220,0.0,0.0,1.0,6.25,1.16,-0.07,19.6875,19.65625,19.125,19.28125,-12.3,20.0,0.0,138.0
22.73694,0x2B0,0.0,0.0,1.0,6.25,1.16,-0.07,19.6875,19.65625,19.125,19.28125,-12.5,24.0,0.0,138.0
22.73876,0x316,0.0,0.0,1.0,6.25,1.16,-0.07,19.6875,19.65625,19.125,19.28125,-12.5,24.0,0.0,138.0
22.73948,0x386,0.0,0.0,1.0,6.25,1.16,-0.07,19.625,19.6875,19.28125,19.21875,-12.5,24.0,0.0,138.0
22.74504,0x220,0.0,0.0,1.0,6.25,0.98,0.03,19.625,19.6875,19.28125,19.21875,-12.5,24.0,0.0,138.0
22.74692,0x2B0,0.0,0.0,1.0,6.25,0.98,0.03,19.625,19.6875,19.28125,19.21875,-12.7,20.0,0.0,138.0
22.7488,0x316,0.0,0.0,1.0,6.25,0.98,0.03,19.625,19.6875,19.28125,19.21875,-12.7,20.0,0.0,138.0
22.755,0x220,0.0,0.0,1.0,6.25,0.94,0.06,19.625,19.6875,19.28125,19.21875,-12.7,20.0,0.0,138.0
22.75688,0x2B0,0.0,0.0,1.0,6.25,0.94,0.06,19.625,19.6875,19.28125,19.21875,-12.9,20.0,0.0,138.0
22.75874,0x316,0.0,0.0,1.0,6.25,0.94,0.06,19.625,19.6875,19.28125,19.21875,-12.9,20.0,0.0,138.0
22.75946,0x386,0.0,0.0,1.0,6.25,0.94,0.06,19.5,19.5,19.125,19.71875,-12.9,20.0,0.0,138.0
22.76502,0x220,0.0,0.0,1.0,6.25,0.96,0.11,19.5,19.5,19.125,19.71875,-12.9,20.0,0.0,138.0
22.7671,0x2B0,0.0,0.0,1.0,6.25,0.96,0.11,19.5,19.5,19.125,19.71875,-13.1,20.0,0.0,138.0
22.76886,0x316,0.0,0.0,1.0,6.25,0.96,0.11,19.5,19.5,19.125,19.71875,-13.1,20.0,0.0,138.0
22.775,0x220,0.0,0.0,1.0,6.25,1.01,0.29,19.5,19.5,19.125,19.71875,-13.1,20.0,0.0,138.0
22.77709,0x2B0,0.0,0.0,1.0,6.25,1.01,0.29,19.5,19.5,19.125,19.71875,-13.4,24.0,0.0,138.0
22.77876,0x316,0.0,0.0,1.0,6.25,1.01,0.29,19.5,19.5,19.125,19.71875,-13.4,24.0,0.0,138.0
22.77949,0x386,0.0,0.0,1.0,6.25,1.01,0.29,19.53125,19.3125,19.25,19.6875,-13.4,24.0,0.0,138.0
22.78502,0x220,0.0,0.0,1.0,6.25,1.05,0.53,19.53125,19.3125,19.25,19.6875,-13.4,24.0,0.0,138.0
22.7869,0x2B0,0.0,0.0,1.0,6.25,1.05,0.53,19.53125,19.3125,19.25,19.6875,-13.6,24.0,0.0,138.0
22.78865,0x316,0.0,0.0,1.0,6.25,1.05,0.53,19.53125,19.3125,19.25,19.6875,-13.6,24.0,0.0,138.0
22.795,0x220,0.0,0.0,1.0,6.25,1.06,0.68,19.53125,19.3125,19.25,19.6875,-13.6,24.0,0.0,138.0
22.79697,0x2B0,0.0,0.0,1.0,6.25,1.06,0.68,19.53125,19.3125,19.25,19.6875,-13.9,24.0,0.0,138.0
22.79871,0x316,0.0,0.0,1.0,6.25,1.06,0.68,19.53125,19.3125,19.25,19.6875,-13.9,24.0,0.0,138.0
22.79931,0x386,0.0,0.0,1.0,6.25,1.06,0.68,19.46875,19.6875,19.5625,19.4375,-13.9,24.0,0.0,138.0
22.80501,0x220,0.0,0.0,1.0,6.25,1.05,0.72,19.46875,19.6875,19.5625,19.4375,-13.9,24.0,0.0,138.0
22.80691,0x2B0,0.0,0.0,1.0,6.25,1.05,0.72,19.46875,19.6875,19.5625,19.4375,-14.1,24.0,0.0,138.0
22.8087,0x316,0.0,0.0,1.0,6.25,1.05,0.72,19.46875,19.6875,19.5625,19.4375,-14.1,24.0,0.0,138.0
22.815,0x220,0.0,0.0,1.0,6.25,0.99,0.69,19.46875,19.6875,19.5625,19.4375,-14.1,24.0,0.0,138.0
22.81691,0x2B0,0.0,0.0,1.0,6.25,0.99,0.69,19.46875,19.6875,19.5625,19.4375,-14.2,12.0,0.0,138.0
22.81871,0x316,0.0,0.0,1.0,6.25,0.99,0.69,19.46875,19.6875,19.5625,19.4375,-14.2,12.0,0.0,138.0
22.81942,0x386,0.0,0.0,1.0,6.25,0.99,0.69,19.4375,19.53125,19.4375,19.625,-14.2,12.0,0.0,138.0
22.82501,0x220,0.0,0.0,1.0,6.25,0.88,0.69,19.4375,19.53125,19.4375,19.625,-14.2,12.0,0.0,138.0
22.8269,0x2B0,0.0,0.0,1.0,6.25,0.88,0.69,19.4375,19.53125,19.4375,19.625,-14.4,12.0,0.0,138.0
22.82869,0x316,0.0,0.0,1.0,6.25,0.88,0.69,19.4375,19.53125,19.4375,19.625,-14.4,12.0,0.0,138.0
22.83499,0x220,0.0,0.0,1.0,6.25,0.76,0.75,19.4375,19.53125,19.4375,19.625,-14.4,12.0,0.0,138.0
22.83691,0x2B0,0.0,0.0,1.0,6.25,0.76,0.75,19.4375,19.53125,19.4375,19.625,-14.4,8.0,0.0,138.0
22.83878,0x316,0.0,0.0,1.0,6.25,0.76,0.75,19.4375,19.53125,19.4375,19.625,-14.4,8.0,0.0,138.0
22.83949,0x386,0.0,0.0,1.0,6.25,0.76,0.75,19.5625,19.53125,19.46875,19.65625,-14.4,8.0,0.0,138.0
22.84504,0x220,0.0,0.0,1.0,6.25,0.65,0.7,19.5625,19.53125,19.46875,19.65625,-14.4,8.0,0.0,138.0
22.84689,0x2B0,0.0,0.0,1.0,6.25,0.65,0.7,19.5625,19.53125,19.46875,19.65625,-14.6,8.0,0.0,138.0
22.84892,0x316,0.0,0.0,1.0,6.25,0.65,0.7,19.5625,19.53125,19.46875,19.65625,-14.6,8.0,0.0,138.0
22.85501,0x220,0.0,0.0,1.0,6.25,0.53,0.54,19.5625,19.53125,19.46875,19.65625,-14.6,8.0,0.0,138.0
22.85688,0x2B0,0.0,0.0,1.0,6.25,0.53,0.54,19.5625,19.53125,19.46875,19.65625,-14.6,8.0,0.0,138.0
22.85873,0x316,0.0,0.0,1.0,6.25,0.53,0.54,19.5625,19.53125,19.46875,19.65625,-14.6,8.0,0.0,138.0
22.85945,0x386,0.0,0.0,1.0,6.25,0.53,0.54,19.59375,19.40625,19.34375,19.53125,-14.6,8.0,0.0,138.0
22.86502,0x220,0.0,0.0,1.0,6.25,0.41,0.46,19.59375,19.40625,19.34375,19.53125,-14.6,8.0,0.0,138.0
22.86689,0x2B0,0.0,0.0,1.0,6.25,0.41,0.46,19.59375,19.40625,19.34375,19.53125,-14.9,12.0,0.0,138.0
22.86888,0x316,0.0,0.0,1.0,6.25,0.41,0.46,19.59375,19.40625,19.34375,19.53125,-14.9,12.0,0.0,138.0
22.87501,0x220,0.0,0.0,1.0,6.25,0.41,0.49,19.59375,19.40625,19.34375,19.53125,-14.9,12.0,0.0,138.0
22.87704,0x2B0,0.0,0.0,1.0,6.25,0.41,0.49,19.59375,19.40625,19.34375,19.53125,-14.9,12.0,0.0,138.0
22.87877,0x316,0.0,0.0,1.0,6.25,0.41,0.49,19.59375,19.40625,19.34375,19.53125,-14.9,12.0,0.0,138.0
22.8793,0x386,0.0,0.0,1.0,6.25,0.41,0.49,19.6875,19.5,19.25,19.25,-14.9,12.0,0.0,138.0
22.88502,0x220,0.0,0.0,1.0,6.25,0.67,0.57,19.6875,19.5,19.25,19.25,-14.9,12.0,0.0,138.0
22.8869,0x2B0,0.0,0.0,1.0,6.25,0.67,0.57,19.6875,19.5,19.25,19.25,-15.1,8.0,0.0,138.0
22.88871,0x316,0.0,0.0,1.0,6.25,0.67,0.57,19.6875,19.5,19.25,19.25,-15.1,8.0,0.0,138.0
22.895,0x220,0.0,0.0,1.0,6.25,1.15,0.54,19.6875,19.5,19.25,19.25,-15.1,8.0,0.0,138.0
22.89692,0x2B0,0.0,0.0,1.0,6.25,1.15,0.54,19.6875,19.5,19.25,19.25,-15.1,8.0,0.0,138.0
22.8987,0x316,0.0,0.0,1.0,6.25,1.15,0.54,19.6875,19.5,19.25,19.25,-15.1,8.0,0.0,139.0
22.8993,0x386,0.0,0.0,1.0,6.25,1.15,0.54,19.75,19.625,19.375,19.15625,-15.1,8.0,0.0,139.0
22.90502,0x220,0.0,0.0,1.0,6.25,1.66,0.38,19.75,19.625,19.375,19.15625,-15.1,8.0,0.0,139.0
22.9069,0x2B0,0.0,0.0,1.0,6.25,1.66,0.38,19.75,19.625,19.375,19.15625,-15.3,8.0,0.0,139.0
22.90865,0x316,0.0,0.0,1.0,6.25,1.66,0.38,19.75,19.625,19.375,19.15625,-15.3,8.0,0.0,139.0
22.91501,0x220,0.0,0.0,1.0,6.25,2.13,0.22,19.75,19.625,19.375,19.15625,-15.3,8.0,0.0,139.0
22.91691,0x2B0,0.0,0.0,1.0,6.25,2.13,0.22,19.75,19.625,19.375,19.15625,-15.3,8.0,0.0,139.0
22.91873,0x316,0.0,0.0,1.0,6.25,2.13,0.22,19.75,19.625,19.375,19.15625,-15.3,8.0,0.0,138.0
22.91944,0x386,0.0,0.0,1.0,6.25,2.13,0.22,19.46875,19.6875,19.1875,19.125,-15.3,8.0,0.0,138.0
22.92502,0x220,0.0,0.0,1.0,6.25,2.44,0.09,19.46875,19.6875,19.1875,19.125,-15.3,8.0,0.0,138.0
22.92691,0x2B0,0.0,0.0,1.0,6.25,2.44,0.09,19.46875,19.6875,19.1875,19.125,-15.5,8.0,0.0,138.0
22.92871,0x316,0.0,0.0,1.0,6.25,2.44,0.09,19.46875,19.6875,19.1875,19.125,-15.5,8.0,0.0,139.0
22.93501,0x220,0.0,0.0,1.0,6.25,2.49,0.0,19.46875,19.6875,19.1875,19.125,-15.5,8.0,0.0,139.0
22.93691,0x2B0,0.0,0.0,1.0,6.25,2.49,0.0,19.46875,19.6875,19.1875,19.125,-15.5,8.0,0.0,139.0
22.93883,0x316,0.0,0.0,1.0,6.25,2.49,0.0,19.46875,19.6875,19.1875,19.125,-15.5,8.0,0.0,138.0
22.93954,0x386,0.0,0.0,1.0,6.25,2.49,0.0,19.53125,19.65625,18.84375,19.0,-15.5,8.0,0.0,138.0
22.94506,0x220,0.0,0.0,1.0,6.25,2.33,0.0,19.53125,19.65625,18.84375,19.0,-15.5,8.0,0.0,138.0
22.94715,0x2B0,0.0,0.0,1.0,6.25,2.33,0.0,19.53125,19.65625,18.84375,19.0,-15.6,0.0,0.0,138.0
22.94883,0x316,0.0,0.0,1.0,6.25,2.33,0.0,19.53125,19.65625,18.84375,19.0,-15.6,0.0,0.0,138.0
22.95501,0x220,0.0,0.0,1.0,6.25,2.03,-0.07,19.53125,19.65625,18.84375,19.0,-15.6,0.0,0.0,138.0
22.95691,0x2B0,0.0,0.0,1.0,6.25,2.03,-0.07,19.53125,19.65625,18.84375,19.0,-15.6,0.0,0.0,138.0
22.95869,0x316,0.0,0.0,1.0,6.25,2.03,-0.07,19.53125,19.65625,18.84375,19.0,-15.6,0.0,0.0,138.0
22.95941,0x386,0.0,0.0,1.0,6.25,2.03,-0.07,19.5625,19.5,18.5625,18.84375,-15.6,0.0,0.0,138.0
22.96502,0x220,0.0,0.0,1.0,6.25,1.7,-0.22,19.5625,19.5,18.5625,18.84375,-15.6,0.0,0.0,138.0
22.96692,0x2B0,0.0,0.0,1.0,6.25,1.7,-0.22,19.5625,19.5,18.5625,18.84375,-15.6,0.0,0.0,138.0
22.96894,0x316,0.0,0.0,1.0,6.25,1.7,-0.22,19.5625,19.5,18.5625,18.84375,-15.6,0.0,0.0,138.0
22.97501,0x220,0.0,0.0,1.0,6.25,1.39,-0.35,19.5625,19.5,18.5625,18.84375,-15.6,0.0,0.0,138.0
22.97708,0x2B0,0.0,0.0,1.0,6.25,1.39,-0.35,19.5625,19.5,18.5625,18.84375,-15.8,8.0,0.0,138.0
22.97879,0x316,0.0,0.0,1.0,6.25,1.39,-0.35,19.5625,19.5,18.5625,18.84375,-15.8,8.0,0.0,138.0
22.9795,0x386,0.0,0.0,1.0,6.25,1.39,-0.35,19.53125,19.40625,18.84375,18.78125,-15.8,8.0,0.0,138.0
22.98503,0x220,0.0,0.0,1.0,6.25,1.1,-0.4,19.53125,19.40625,18.84375,18.78125,-15.8,8.0,0.0,138.0
22.98697,0x2B0,0.0,0.0,1.0,6.25,1.1,-0.4,19.53125,19.40625,18.84375,18.78125,-15.8,8.0,0.0,138.0
22.98865,0x316,0.0,0.0,1.0,6.25,1.1,-0.4,19.53125,19.40625,18.84375,18.78125,-15.8,8.0,0.0,138.0
22.99502,0x220,0.0,0.0,1.0,6.25,0.93,-0.31,19.53125,19.40625,18.84375,18.78125,-15.8,8.0,0.0,138.0
22.99696,0x2B0,0.0,0.0,1.0,6.25,0.93,-0.31,19.53125,19.40625,18.84375,18.78125,-15.9,0.0,0.0,138.0
22.9987,0x316,0.0,0.0,1.0,6.25,0.93,-0.31,19.53125,19.40625,18.84375,18.78125,-15.9,0.0,0.0,138.0
22.99931,0x386,0.0,0.0,1.0,6.25,0.93,-0.31,19.46875,19.53125,19.125,19.0625,-15.9,0.0,0.0,138.0
23.00502,0x220,0.0,0.0,1.0,6.25,1.01,-0.01,19.46875,19.53125,19.125,19.0625,-15.9,0.0,0.0,138.0
23.00693,0x2B0,0.0,0.0,1.0,6.25,1.01,-0.01,19.46875,19.53125,19.125,19.0625,-15.9,0.0,0.0,138.0
23.00869,0x316,0.0,0.0,1.0,6.25,1.01,-0.01,19.46875,19.53125,19.125,19.0625,-15.9,0.0,0.0,139.0
23.01501,0x220,0.0,0.0,1.0,6.25,1.4,0.24,19.46875,19.53125,19.125,19.0625,-15.9,0.0,0.0,139.0
23.01693,0x2B0,0.0,0.0,1.0,6.25,1.4,0.24,19.46875,19.53125,19.125,19.0625,-16.0,0.0,0.0,139.0
23.01878,0x316,0.0,0.0,1.0,6.25,1.4,0.24,19.46875,19.53125,19.125,19.0625,-16.0,0.0,0.0,138.0
23.01949,0x386,0.0,0.0,1.0,6.25,1.4,0.24,19.4375,19.40625,19.09375,19.3125,-16.0,0.0,0.0,138.0
23.02503,0x220,0.0,0.0,1.0,6.25,2.07,0.2,19.4375,19.40625,19.09375,19.3125,-16.0,0.0,0.0,138.0
23.02698,0x2B0,0.0,0.0,1.0,6.25,2.07,0.2,19.4375,19.40625,19.09375,19.3125,-16.0,0.0,0.0,138.0
23.02866,0x316,0.0,0.0,1.0,6.25,2.07,0.2,19.4375,19.40625,19.09375,19.3125,-16.0,0.0,0.0,138.0
23.03499,0x220,0.0,0.0,1.0,6.25,2.63,-0.16,19.4375,19.40625,19.09375,19.3125,-16.0,0.0,0.0,138.0
23.03693,0x2B0,0.0,0.0,1.0,6.25,2.63,-0.16,19.4375,19.40625,19.09375,19.3125,-16.2,8.0,0.0,138.0
23.03878,0x316,0.0,0.0,1.0,6.25,2.63,-0.16,19.4375,19.40625,19.09375,19.3125,-16.2,8.0,0.0,138.0
23.03948,0x386,0.0,0.0,1.0,6.25,2.63,-0.16,19.28125,19.46875,19.09375,19.28125,-16.2,8.0,0.0,138.0
23.04505,0x220,0.0,0.0,1.0,6.25,2.76,-0.55,19.28125,19.46875,19.09375,19.28125,-16.2,8.0,0.0,138.0
23.04693,0x2B0,0.0,0.0,1.0,6.25,2.76,-0.55,19.28125,19.46875,19.09375,19.28125,-16.2,8.0,0.0,138.0
23.04881,0x316,0.0,0.0,1.0,6.25,2.76,-0.55,19.28125,19.46875,19.09375,19.28125,-16.2,8.0,0.0,138.0
23.05502,0x220,0.0,0.0,1.0,6.25,2.37,-0.65,19.28125,19.46875,19.09375,19.28125,-16.2,8.0,0.0,138.0
23.05694,0x2B0,0.0,0.0,1.0,6.25,2.37,-0.65,19.28125,19.46875,19.09375,19.28125,-16.3,0.0,0.0,138.0
23.05874,0x316,0.0,0.0,1.0,6.25,2.37,-0.65,19.28125,19.46875,19.09375,19.28125,-16.3,0.0,0.0,138.0
23.05947,0x386,0.0,0.0,1.0,6.25,2.37,-0.65,19.375,19.40625,18.96875,19.15625,-16.3,0.0,0.0,138.0
23.06502,0x220,0.0,0.0,1.0,6.25,1.58,-0.41,19.375,19.40625,18.96875,19.15625,-16.3,0.0,0.0,138.0
23.06694,0x2B0,0.0,0.0,1.0,6.25,1.58,-0.41,19.375,19.40625,18.96875,19.15625,-16.3,0.0,0.0,138.0
23.06884,0x316,0.0,0.0,1.0,6.25,1.58,-0.41,19.375,19.40625,18.96875,19.15625,-16.3,0.0,0.0,138.0
23.07502,0x220,0.0,0.0,1.0,6.25,0.87,-0.06,19.375,19.40625,18.96875,19.15625,-16.3,0.0,0.0,138.0
23.07704,0x2B0,0.0,0.0,1.0,6.25,0.87,-0.06,19.375,19.40625,18.96875,19.15625,-16.4,0.0,0.0,138.0
23.07875,0x316,0.0,0.0,1.0,6.25,0.87,-0.06,19.375,19.40625,18.96875,19.15625,-16.4,0.0,0.0,138.0
23.07931,0x386,0.0,0.0,1.0,6.25,0.87,-0.06,19.21875,19.375,19.03125,19.5,-16.4,0.0,0.0,138.0
23.08503,0x220,0.0,0.0,1.0,6.25,0.62,0.04,19.21875,19.375,19.03125,19.5,-16.4,0.0,0.0,138.0
23.08695,0x2B0,0.0,0.0,1.0,6.25,0.62,0.04,19.21875,19.375,19.03125,19.5,-16.4,0.0,0.0,138.0
23.08868,0x316,0.0,0.0,1.0,6.25,0.62,0.04,19.21875,19.375,19.03125,19.5,-16.4,0.0,0.0,138.0
23.09501,0x220,0.0,0.0,1.0,6.25,0.82,-0.07,19.21875,19.375,19.03125,19.5,-16.4,0.0,0.0,138.0
23.09695,0x2B0,0.0,0.0,1.0,6.25,0.82,-0.07,19.21875,19.375,19.03125,19.5,-16.6,8.0,0.0,138.0
23.09874,0x316,0.0,0.0,1.0,6.25,0.82,-0.07,19.21875,19.375,19.03125,19.5,-16.6,8.0,0.0,138.0
23.09931,0x386,0.0,0.0,1.0,6.25,0.82,-0.07,19.15625,19.34375,19.4375,19.5,-16.6,8.0,0.0,138.0
23.10503,0x220,0.0,0.0,1.0,6.25,1.26,-0.22,19.15625,19.34375,19.4375,19.5,-16.6,8.0,0.0,138.0
23.10695,0x2B0,0.0,0.0,1.0,6.25,1.26,-0.22,19.15625,19.34375,19.4375,19.5,-16.8,20.0,0.0,138.0
23.10867,0x316,0.0,0.0,1.0,6.25,1.26,-0.22,19.15625,19.34375,19.4375,19.5,-16.8,20.0,0.0,138.0
23.11501,0x220,0.0,0.0,1.0,6.25,1.64,-0.09,19.15625,19.34375,19.4375,19.5,-16.8,20.0,0.0,138.0
23.11695,0x2B0,0.0,0.0,1.0,6.25,1.64,-0.09,19.15625,19.34375,19.4375,19.5,-16.8,8.0,0.0,138.0
23.11876,0x316,0.0,0.0,1.0,6.25,1.64,-0.09,19.15625,19.34375,19.4375,19.5,-16.8,8.0,0.0,138.0
23.11949,0x386,0.0,0.0,1.0,6.25,1.64,-0.09,19.28125,19.28125,19.5,19.28125,-16.8,8.0,0.0,138.0
23.12502,0x220,0.0,0.0,1.0,6.25,1.8,0.2,19.28125,19.28125,19.5,19.28125,-16.8,8.0,0.0,138.0
23.12696,0x2B0,0.0,0.0,1.0,6.25,1.8,0.2,19.28125,19.28125,19.5,19.28125,-17.1,12.0,0.0,138.0
23.12866,0x316,0.0,0.0,1.0,6.25,1.8,0.2,19.28125,19.28125,19.5,19.28125,-17.1,12.0,0.0,138.0
23.13502,0x220,0.0,0.0,1.0,6.25,1.71,0.39,19.28125,19.28125,19.5,19.28125,-17.1,12.0,0.0,138.0
23.13696,0x2B0,0.0,0.0,1.0,6.25,1.71,0.39,19.28125,19.28125,19.5,19.28125,-17.1,12.0,0.0,138.0
23.13885,0x316,0.0,0.0,1.0,6.25,1.71,0.39,19.28125,19.28125,19.5,19.28125,-17.1,12.0,0.0,138.0
23.13932,0x386,0.0,0.0,1.0,6.25,1.71,0.39,19.3125,19.21875,19.1875,19.0625,-17.1,12.0,0.0,138.0
23.14505,0x220,0.0,0.0,1.0,6.25,1.48,0.23,19.3125,19.21875,19.1875,19.0625,-17.1,12.0,0.0,138.0
23.14697,0x2B0,0.0,0.0,1.0,6.25,1.48,0.23,19.3125,19.21875,19.1875,19.0625,-17.4,12.0,0.0,138.0
23.14879,0x316,0.0,0.0,1.0,6.25,1.48,0.23,19.3125,19.21875,19.1875,19.0625,-17.4,12.0,0.0,138.0
23.15501,0x220,0.0,0.0,1.0,6.25,1.21,-0.18,19.3125,19.21875,19.1875,19.0625,-17.4,12.0,0.0,138.0
23.15697,0x2B0,0.0,0.0,1.0,6.25,1.21,-0.18,19.3125,19.21875,19.1875,19.0625,-17.6,24.0,0.0,138.0
23.15874,0x316,0.0,0.0,1.0,6.25,1.21,-0.18,19.3125,19.21875,19.1875,19.0625,-17.6,24.0,0.0,138.0
23.15945,0x386,0.0,0.0,1.0,6.25,1.21,-0.18,19.1875,19.375,19.0,19.0,-17.6,24.0,0.0,138.0
23.16502,0x220,0.0,0.0,1.0,6.25,0.92,-0.6,19.1875,19.375,19.0,19.0,-17.6,24.0,0.0,138.0
23.16697,0x2B0,0.0,0.0,1.0,6.25,0.92,-0.6,19.1875,19.375,19.0,19.0,-17.8,20.0,0.0,138.0
23.16885,0x316,0.0,0.0,1.0,6.25,0.92,-0.6,19.1875,19.375,19.0,19.0,-17.8,20.0,0.0,138.0
23.17502,0x220,0.0,0.0,1.0,6.25,0.73,-0.66,19.1875,19.375,19.0,19.0,-17.8,20.0,0.0,138.0
23.17708,0x2B0,0.0,0.0,1.0,6.25,0.73,-0.66,19.1875,19.375,19.0,19.0,-18.1,24.0,0.0,138.0
23.17882,0x316,0.0,0.0,1.0,6.25,0.73,-0.66,19.1875,19.375,19.0,19.0,-18.1,24.0,0.0,138.0
23.17954,0x386,0.0,0.0,1.0,6.25,0.73,-0.66,19.25,18.96875,19.1875,19.03125,-18.1,24.0,0.0,138.0
23.18503,0x220,0.0,0.0,1.0,6.25,0.7,-0.34,19.25,18.96875,19.1875,19.03125,-18.1,24.0,0.0,138.0
23.18697,0x2B0,0.0,0.0,1.0,6.25,0.7,-0.34,19.25,18.96875,19.1875,19.03125,-18.4,28.0,0.0,138.0
23.18865,0x316,0.0,0.0,1.0,6.25,0.7,-0.34,19.25,18.96875,19.1875,19.03125,-18.4,28.0,0.0,139.0
23.19502,0x220,0.0,0.0,1.0,6.25,0.86,0.11,19.25,18.96875,19.1875,19.03125,-18.4,28.0,0.0,139.0
23.19698,0x2B0,0.0,0.0,1.0,6.25,0.86,0.11,19.25,18.96875,19.1875,19.03125,-18.7,28.0,0.0,139.0
23.19874,0x316,0.0,0.0,1.0,6.25,0.86,0.11,19.25,18.96875,19.1875,19.03125,-18.7,28.0,0.0,138.0
23.19932,0x386,0.0,0.0,1.0,6.25,0.86,0.11,19.28125,19.21875,19.21875,19.21875,-18.7,28.0,0.0,138.0
23.20503,0x220,0.0,0.0,1.0,6.25,1.12,0.26,19.28125,19.21875,19.21875,19.21875,-18.7,28.0,0.0,138.0
23.20698,0x2B0,0.0,0.0,1.0,6.25,1.12,0.26,19.28125,19.21875,19.21875,19.21875,-19.1,32.0,0.0,138.0
23.20864,0x316,0.0,0.0,1.0,6.25,1.12,0.26,19.28125,19.21875,19.21875,19.21875,-19.1,32.0,0.0,138.0
23.21502,0x220,0.0,0.0,1.0,6.25,1.32,0.01,19.28125,19.21875,19.21875,19.21875,-19.1,32.0,0.0,138.0
23.21698,0x2B0,0.0,0.0,1.0,6.25,1.32,0.01,19.28125,19.21875,19.21875,19.21875,-19.4,32.0,0.0,138.0
23.21878,0x316,0.0,0.0,1.0,6.25,1.32,0.01,19.28125,19.21875,19.21875,19.21875,-19.4,32.0,0.0,138.0
23.21949,0x386,0.0,0.0,1.0,6.25,1.32,0.01,19.125,19.1875,19.0625,19.15625,-19.4,32.0,0.0,138.0
23.22503,0x220,0.0,0.0,1.0,6.25,1.38,-0.23,19.125,19.1875,19.0625,19.15625,-19.4,32.0,0.0,138.0
23.22699,0x2B0,0.0,0.0,1.0,6.25,1.38,-0.23,19.125,19.1875,19.0625,19.15625,-19.7,28.0,0.0,138.0
23.22865,0x316,0.0,0.0,1.0,6.25,1.38,-0.23,19.125,19.1875,19.0625,19.15625,-19.7,28.0,0.0,138.0
23.23499,0x220,0.0,0.0,1.0,6.25,1.35,-0.23,19.125,19.1875,19.0625,19.15625,-19.7,28.0,0.0,138.0
23.23699,0x2B0,0.0,0.0,1.0,6.25,1.35,-0.23,19.125,19.1875,19.0625,19.15625,-20.0,28.0,0.0,138.0
23.23887,0x316,0.0,0.0,1.0,6.25,1.35,-0.23,19.125,19.1875,19.0625,19.15625,-20.0,28.0,0.0,138.0
23.23933,0x386,0.0,0.0,1.0,6.25,1.35,-0.23,19.21875,19.125,19.0,18.65625,-20.0,28.0,0.0,138.0
23.24506,0x220,0.0,0.0,1.0,6.25,1.24,0.05,19.21875,19.125,19.0,18.65625,-20.0,28.0,0.0,138.0
23.24699,0x2B0,0.0,0.0,1.0,6.25,1.24,0.05,19.21875,19.125,19.0,18.65625,-20.4,32.0,0.0,138.0
23.24879,0x316,0.0,0.0,1.0,6.25,1.24,0.05,19.21875,19.125,19.0,18.65625,-20.4,32.0,0.0,138.0
23.25501,0x220,0.0,0.0,1.0,6.25,1.14,0.29,19.21875,19.125,19.0,18.65625,-20.4,32.0,0.0,138.0
23.25699,0x2B0,0.0,0.0,1.0,6.25,1.14,0.29,19.21875,19.125,19.0,18.65625,-20.8,40.0,0.0,138.0
23.25877,0x316,0.0,0.0,1.0,6.25,1.14,0.29,19.21875,19.125,19.0,18.65625,-20.8,40.0,0.0,138.0
23.2595,0x386,0.0,0.0,1.0,6.25,1.14,0.29,19.15625,19.15625,18.59375,18.5,-20.8,40.0,0.0,138.0
23.26504,0x220,0.0,0.0,1.0,6.25,1.05,0.25,19.15625,19.15625,18.59375,18.5,-20.8,40.0,0.0,138.0
23.267,0x2B0,0.0,0.0,1.0,6.25,1.05,0.25,19.15625,19.15625,18.59375,18.5,-21.1,32.0,0.0,138.0
23.26886,0x316,0.0,0.0,1.0,6.25,1.05,0.25,19.15625,19.15625,18.59375,18.5,-21.1,32.0,0.0,138.0
23.27502,0x220,0.0,0.0,1.0,6.25,0.86,0.02,19.15625,19.15625,18.59375,18.5,-21.1,32.0,0.0,138.0
23.27703,0x2B0,0.0,0.0,1.0,6.25,0.86,0.02,19.15625,19.15625,18.59375,18.5,-21.5,32.0,0.0,138.0
23.27876,0x316,0.0,0.0,1.0,6.25,0.86,0.02,19.15625,19.15625,18.59375,18.5,-21.5,32.0,0.0,138.0
23.27932,0x386,0.0,0.0,1.0,6.25,0.86,0.02,19.1875,19.21875,18.125,18.625,-21.5,32.0,0.0,138.0
23.28503,0x220,0.0,0.0,1.0,6.25,0.54,-0.09,19.1875,19.21875,18.125,18.625,-21.5,32.0,0.0,138.0
23.287,0x2B0,0.0,0.0,1.0,6.25,0.54,-0.09,19.1875,19.21875,18.125,18.625,-21.8,32.0,0.0,138.0
23.28864,0x316,0.0,0.0,1.0,6.25,0.54,-0.09,19.1875,19.21875,18.125,18.625,-21.8,32.0,0.0,139.0
23.29502,0x220,0.0,0.0,1.0,6.25,0.26,0.0,19.1875,19.21875,18.125,18.625,-21.8,32.0,0.0,139.0
23.297,0x2B0,0.0,0.0,1.0,6.25,0.26,0.0,19.1875,19.21875,18.125,18.625,-22.2,32.0,0.0,139.0
23.29876,0x316,0.0,0.0,1.0,6.25,0.26,0.0,19.1875,19.21875,18.125,18.625,-22.2,32.0,0.0,138.0
23.29933,0x386,0.0,0.0,1.0,6.25,0.26,0.0,19.0625,19.125,18.15625,18.34375,-22.2,32.0,0.0,138.0
23.30503,0x220,0.0,0.0,1.0,6.25,0.18,0.29,19.0625,19.125,18.15625,18.34375,-22.2,32.0,0.0,138.0
23.307,0x2B0,0.0,0.0,1.0,6.25,0.18,0.29,19.0625,19.125,18.15625,18.34375,-22.6,40.0,0.0,138.0
23.30871,0x316,0.0,0.0,1.0,6.25,0.18,0.29,19.0625,19.125,18.15625,18.34375,-22.6,40.0,0.0,139.0
23.31502,0x220,0.0,0.0,1.0,6.25,0.34,0.58,19.0625,19.125,18.15625,18.34375,-22.6,40.0,0.0,139.0
23.317,0x2B0,0.0,0.0,1.0,6.25,0.34,0.58,19.0625,19.125,18.15625,18.34375,-23.0,40.0,0.0,139.0
23.31874,0x316,0.0,0.0,1.0,6.25,0.34,0.58,19.0625,19.125,18.15625,18.34375,-23.0,40.0,0.0,139.0
23.31945,0x386,0.0,0.0,1.0,6.25,0.34,0.58,19.125,19.21875,18.46875,18.28125,-23.0,40.0,0.0,139.0
23.32503,0x220,0.0,0.0,1.0,6.25,0.67,0.73,19.125,19.21875,18.46875,18.28125,-23.0,40.0,0.0,139.0
23.32702,0x2B0,0.0,0.0,1.0,6.25,0.67,0.73,19.125,19.21875,18.46875,18.28125,-23.3,32.0,0.0,139.0
23.32865,0x316,0.0,0.0,1.0,6.25,0.67,0.73,19.125,19.21875,18.46875,18.28125,-23.3,32.0,0.0,139.0
23.33502,0x220,0.0,0.0,1.0,6.25,0.99,0.67,19.125,19.21875,18.46875,18.28125,-23.3,32.0,0.0,139.0
23.33702,0x2B0,0.0,0.0,1.0,6.25,0.99,0.67,19.125,19.21875,18.46875,18.28125,-23.7,32.0,0.0,139.0
23.33888,0x316,0.0,0.0,1.0,6.25,0.99,0.67,19.125,19.21875,18.46875,18.28125,-23.7,32.0,0.0,138.0
23.33936,0x386,0.0,0.0,1.0,6.25,0.99,0.67,19.0,18.9375,18.25,18.53125,-23.7,32.0,0.0,138.0
23.34507,0x220,0.0,0.0,1.0,6.25,1.07,0.49,19.0,18.9375,18.25,18.53125,-23.7,32.0,0.0,138.0
23.34701,0x2B0,0.0,0.0,1.0,6.25,1.07,0.49,19.0,18.9375,18.25,18.53125,-23.9,28.0,0.0,138.0
23.34883,0x316,0.0,0.0,1.0,6.25,1.07,0.49,19.0,18.9375,18.25,18.53125,-23.9,28.0,0.0,138.0
23.35503,0x220,0.0,0.0,1.0,6.25,0.85,0.35,19.0,18.9375,18.25,18.53125,-23.9,28.0,0.0,138.0
23.35702,0x2B0,0.0,0.0,1.0,6.25,0.85,0.35,19.0,18.9375,18.25,18.53125,-24.1,20.0,0.0,138.0
23.35872,0x316,0.0,0.0,1.0,6.25,0.85,0.35,19.0,18.9375,18.25,18.53125,-24.1,20.0,0.0,138.0
23.35944,0x386,0.0,0.0,1.0,6.25,0.85,0.35,19.0,18.8125,17.90625,18.5,-24.1,20.0,0.0,138.0
23.36504,0x220,0.0,0.0,1.0,6.25,0.39,0.33,19.0,18.8125,17.90625,18.5,-24.1,20.0,0.0,138.0
23.36702,0x2B0,0.0,0.0,1.0,6.25,0.39,0.33,19.0,18.8125,17.90625,18.5,-24.3,20.0,0.0,138.0
23.36884,0x316,0.0,0.0,1.0,6.25,0.39,0.33,19.0,18.8125,17.90625,18.5,-24.3,20.0,0.0,138.0
23.37502,0x220,0.0,0.0,1.0,6.25,-0.1,0.35,19.0,18.8125,17.90625,18.5,-24.3,20.0,0.0,138.0
23.37703,0x2B0,0.0,0.0,1.0,6.25,-0.1,0.35,19.0,18.8125,17.90625,18.5,-24.4,12.0,0.0,138.0
23.37877,0x316,0.0,0.0,1.0,6.25,-0.1,0.35,19.0,18.8125,17.90625,18.5,-24.4,12.0,0.0,138.0
23.3795,0x386,0.0,0.0,1.0,6.25,-0.1,0.35,18.8125,18.84375,18.53125,19.21875,-24.4,12.0,0.0,138.0
23.38504,0x220,0.0,0.0,1.0,6.25,-0.34,0.36,18.8125,18.84375,18.53125,19.21875,-24.4,12.0,0.0,138.0
23.38702,0x2B0,0.0,0.0,1.0,6.25,-0.34,0.36,18.8125,18.84375,18.53125,19.21875,-24.4,0.0,0.0,138.0
23.38866,0x316,0.0,0.0,1.0,6.25,-0.34,0.36,18.8125,18.84375,18.53125,19.21875,-24.4,0.0,0.0,138.0
23.39503,0x220,0.0,0.0,1.0,6.25,-0.31,0.43,18.8125,18.84375,18.53125,19.21875,-24.4,0.0,0.0,138.0
23.39703,0x2B0,0.0,0.0,1.0,6.25,-0.31,0.43,18.8125,18.84375,18.53125,19.21875,-24.5,0.0,0.0,138.0
23.39872,0x316,0.0,0.0,1.0,6.25,-0.31,0.43,18.8125,18.84375,18.53125,19.21875,-24.5,0.0,0.0,138.0
23.39932,0x386,0.0,0.0,1.0,6.25,-0.31,0.43,18.6875,18.875,18.78125,19.21875,-24.5,0.0,0.0,138.0
23.40504,0x220,0.0,0.0,1.0,6.25,-0.05,0.61,18.6875,18.875,18.78125,19.21875,-24.5,0.0,0.0,138.0
23.40703,0x2B0,0.0,0.0,1.0,6.25,-0.05,0.61,18.6875,18.875,18.78125,19.21875,-24.5,0.0,0.0,138.0
23.40864,0x316,0.0,0.0,1.0,6.25,-0.05,0.61,18.6875,18.875,18.78125,19.21875,-24.5,0.0,0.0,138.0
23.41502,0x220,0.0,0.0,1.0,6.25,0.41,0.76,18.6875,18.875,18.78125,19.21875,-24.5,0.0,0.0,138.0
23.41703,0x2B0,0.0,0.0,1.0,6.25,0.41,0.76,18.6875,18.875,18.78125,19.21875,-24.5,0.0,0.0,138.0
23.41875,0x316,0.0,0.0,1.0,6.25,0.41,0.76,18.6875,18.875,18.78125,19.21875,-24.5,0.0,0.0,138.0
23.41946,0x386,0.0,0.0,1.0,6.25,0.41,0.76,18.65625,18.75,18.625,18.5625,-24.5,0.0,0.0,138.0
23.42504,0x220,0.0,0.0,1.0,6.25,0.91,0.64,18.65625,18.75,18.625,18.5625,-24.5,0.0,0.0,138.0
23.42704,0x2B0,0.0,0.0,1.0,6.25,0.91,0.64,18.65625,18.75,18.625,18.5625,-24.5,0.0,0.0,138.0
23.42869,0x316,0.0,0.0,1.0,6.25,0.91,0.64,18.65625,18.75,18.625,18.5625,-24.5,0.0,0.0,138.0
23.43502,0x220,0.0,0.0,1.0,6.25,1.23,0.35,18.65625,18.75,18.625,18.5625,-24.5,0.0,0.0,138.0
23.43705,0x2B0,0.0,0.0,1.0,6.25,1.23,0.35,18.65625,18.75,18.625,18.5625,-24.5,0.0,0.0,138.0
23.43887,0x316,0.0,0.0,1.0,6.25,1.23,0.35,18.65625,18.75,18.625,18.5625,-24.5,0.0,0.0,138.0
23.43933,0x386,0.0,0.0,1.0,6.25,1.23,0.35,18.71875,18.8125,18.8125,17.75,-24.5,0.0,0.0,138.0
23.44506,0x220,0.0,0.0,1.0,6.25,1.25,-0.05,18.71875,18.8125,18.8125,17.75,-24.5,0.0,0.0,138.0
23.44704,0x2B0,0.0,0.0,1.0,6.25,1.25,-0.05,18.71875,18.8125,18.8125,17.75,-24.5,0.0,0.0,138.0
23.44879,0x316,0.0,0.0,1.0,6.25,1.25,-0.05,18.71875,18.8125,18.8125,17.75,-24.5,0.0,0.0,139.0
23.45502,0x220,0.0,0.0,1.0,6.25,1.08,-0.42,18.71875,18.8125,18.8125,17.75,-24.5,0.0,0.0,139.0
23.45705,0x2B0,0.0,0.0,1.0,6.25,1.08,-0.42,18.71875,18.8125,18.8125,17.75,-24.5,0.0,0.0,139.0
23.45871,0x316,0.0,0.0,1.0,6.25,1.08,-0.42,18.71875,18.8125,18.8125,17.75,-24.5,0.0,0.0,139.0
23.45943,0x386,0.0,0.0,1.0,6.25,1.08,-0.42,18.78125,18.78125,18.84375,18.34375,-24.5,0.0,0.0,139.0
23.46504,0x220,0.0,0.0,1.0,6.25,0.86,-0.6,18.78125,18.78125,18.84375,18.34375,-24.5,0.0,0.0,139.0
23.46705,0x2B0,0.0,0.0,1.0,6.25,0.86,-0.6,18.78125,18.78125,18.84375,18.34375,-24.5,0.0,0.0,139.0
23.46896,0x316,0.0,0.0,1.0,6.25,0.86,-0.6,18.78125,18.78125,18.84375,18.34375,-24.5,0.0,0.0,140.0
23.47502,0x220,0.0,0.0,1.0,6.25,0.74,-0.74,18.78125,18.78125,18.84375,18.34375,-24.5,0.0,0.0,140.0
23.47728,0x2B0,0.0,0.0,1.0,6.25,0.74,-0.74,18.78125,18.78125,18.84375,18.34375,-24.5,0.0,0.0,140.0
23.47877,0x316,0.0,0.0,1.0,6.25,0.74,-0.74,18.78125,18.78125,18.84375,18.34375,-24.5,0.0,0.0,140.0
23.47932,0x386,0.0,0.0,1.0,6.25,0.74,-0.74,18.65625,18.6875,18.90625,18.9375,-24.5,0.0,0.0,140.0
23.48504,0x220,0.0,0.0,1.0,6.25,0.83,-0.91,18.65625,18.6875,18.90625,18.9375,-24.5,0.0,0.0,140.0
23.48705,0x2B0,0.0,0.0,1.0,6.25,0.83,-0.91,18.65625,18.6875,18.90625,18.9375,-24.5,0.0,0.0,140.0
23.48871,0x316,0.0,0.0,1.0,6.25,0.83,-0.91,18.65625,18.6875,18.90625,18.9375,-24.5,0.0,0.0,140.0
23.49503,0x220,0.0,0.0,1.0,6.25,1.05,-1.01,18.65625,18.6875,18.90625,18.9375,-24.5,0.0,0.0,140.0
23.49705,0x2B0,0.0,0.0,1.0,6.25,1.05,-1.01,18.65625,18.6875,18.90625,18.9375,-24.7,8.0,0.0,140.0
23.49874,0x316,0.0,0.0,1.0,6.25,1.05,-1.01,18.65625,18.6875,18.90625,18.9375,-24.7,8.0,0.0,140.0
23.49933,0x386,0.0,0.0,1.0,6.25,1.05,-1.01,18.71875,18.6875,18.59375,19.15625,-24.7,8.0,0.0,140.0
23.50504,0x220,0.0,0.0,1.0,6.25,1.33,-0.93,18.71875,18.6875,18.59375,19.15625,-24.7,8.0,0.0,140.0
23.50706,0x2B0,0.0,0.0,1.0,6.25,1.33,-0.93,18.71875,18.6875,18.59375,19.15625,-24.7,8.0,0.0,140.0
23.50877,0x316,0.0,0.0,1.0,6.25,1.33,-0.93,18.71875,18.6875,18.59375,19.15625,-24.7,8.0,0.0,139.0
23.51503,0x220,0.0,0.0,1.0,6.25,1.52,-0.69,18.71875,18.6875,18.59375,19.15625,-24.7,8.0,0.0,139.0
23.51707,0x2B0,0.0,0.0,1.0,6.25,1.52,-0.69,18.71875,18.6875,18.59375,19.15625,-24.9,8.0,0.0,139.0
23.51878,0x316,0.0,0.0,1.0,6.25,1.52,-0.69,18.71875,18.6875,18.59375,19.15625,-24.9,8.0,0.0,139.0
23.51949,0x386,0.0,0.0,1.0,6.25,1.52,-0.69,18.6875,18.5625,18.5,18.96875,-24.9,8.0,0.0,139.0
23.52505,0x220,0.0,0.0,1.0,6.25,1.51,-0.46,18.6875,18.5625,18.5,18.96875,-24.9,8.0,0.0,139.0
23.52707,0x2B0,0.0,0.0,1.0,6.25,1.51,-0.46,18.6875,18.5625,18.5,18.96875,-24.9,8.0,0.0,139.0
23.52867,0x316,0.0,0.0,1.0,6.25,1.51,-0.46,18.6875,18.5625,18.5,18.96875,-24.9,8.0,0.0,139.0
23.53503,0x220,0.0,0.0,1.0,6.25,1.28,-0.38,18.6875,18.5625,18.5,18.96875,-24.9,8.0,0.0,139.0
23.53707,0x2B0,0.0,0.0,1.0,6.25,1.28,-0.38,18.6875,18.5625,18.5,18.96875,-25.0,0.0,0.0,139.0
23.53877,0x316,0.0,0.0,1.0,6.25,1.28,-0.38,18.6875,18.5625,18.5,18.96875,-25.0,0.0,0.0,139.0
23.53948,0x386,0.0,0.0,1.0,6.25,1.28,-0.38,18.6875,18.625,18.65625,18.28125,-25.0,0.0,0.0,139.0
23.54506,0x220,0.0,0.0,1.0,6.25,0.84,-0.51,18.6875,18.625,18.65625,18.28125,-25.0,0.0,0.0,139.0
23.54707,0x2B0,0.0,0.0,1.0,6.25,0.84,-0.51,18.6875,18.625,18.65625,18.28125,-25.0,0.0,0.0,139.0
23.54894,0x316,0.0,0.0,1.0,6.25,0.84,-0.51,18.6875,18.625,18.65625,18.28125,-25.0,0.0,0.0,139.0
23.55502,0x220,0.0,0.0,1.0,6.25,0.38,-0.76,18.6875,18.625,18.65625,18.28125,-25.0,0.0,0.0,139.0
23.55708,0x2B0,0.0,0.0,1.0,6.25,0.38,-0.76,18.6875,18.625,18.65625,18.28125,-25.1,0.0,0.0,139.0
23.55877,0x316,0.0,0.0,1.0,6.25,0.38,-0.76,18.6875,18.625,18.65625,18.28125,-25.1,0.0,0.0,139.0
23.55948,0x386,0.0,0.0,1.0,6.25,0.38,-0.76,18.6875,18.75,18.625,17.8125,-25.1,0.0,0.0,139.0
23.56504,0x220,0.0,0.0,1.0,6.25,0.03,-0.92,18.6875,18.75,18.625,17.8125,-25.1,0.0,0.0,139.0
23.56683,0x2B0,0.0,0.0,1.0,6.25,0.03,-0.92,18.6875,18.75,18.625,17.8125,-25.1,0.0,0.0,139.0
23.56885,0x316,0.0,0.0,1.0,6.25,0.03,-0.92,18.6875,18.75,18.625,17.8125,-25.1,0.0,0.0,140.0
23.57503,0x220,0.0,0.0,1.0,6.25,-0.11,-0.91,18.6875,18.75,18.625,17.8125,-25.1,0.0,0.0,140.0
23.57708,0x2B0,0.0,0.0,1.0,6.25,-0.11,-0.91,18.6875,18.75,18.625,17.8125,-25.1,0.0,0.0,140.0
23.57875,0x316,0.0,0.0,1.0,6.25,-0.11,-0.91,18.6875,18.75,18.625,17.8125,-25.1,0.0,0.0,140.0
23.57948,0x386,0.0,0.0,1.0,6.25,-0.11,-0.91,18.78125,18.6875,18.28125,18.375,-25.1,0.0,0.0,140.0
23.58504,0x220,0.0,0.0,1.0,6.25,0.03,-0.74,18.78125,18.6875,18.28125,18.375,-25.1,0.0,0.0,140.0
23.58708,0x2B0,0.0,0.0,1.0,6.25,0.03,-0.74,18.78125,18.6875,18.28125,18.375,-25.3,8.0,0.0,140.0
23.5887,0x316,0.0,0.0,1.0,6.25,0.03,-0.74,18.78125,18.6875,18.28125,18.375,-25.3,8.0,0.0,140.0
23.59502,0x220,0.0,0.0,1.0,6.25,0.35,-0.6,18.78125,18.6875,18.28125,18.375,-25.3,8.0,0.0,140.0
23.59709,0x2B0,0.0,0.0,1.0,6.25,0.35,-0.6,18.78125,18.6875,18.28125,18.375,-25.3,8.0,0.0,140.0
23.59876,0x316,0.0,0.0,1.0,6.25,0.35,-0.6,18.78125,18.6875,18.28125,18.375,-25.3,8.0,0.0,140.0
23.59933,0x386,0.0,0.0,1.0,6.25,0.35,-0.6,18.75,18.6875,18.53125,18.5,-25.3,8.0,0.0,140.0
23.60504,0x220,0.0,0.0,1.0,6.25,0.7,-0.61,18.75,18.6875,18.53125,18.5,-25.3,8.0,0.0,140.0
23.60709,0x2B0,0.0,0.0,1.0,6.25,0.7,-0.61,18.75,18.6875,18.53125,18.5,-25.4,0.0,0.0,140.0
23.60866,0x316,0.0,0.0,1.0,6.25,0.7,-0.61,18.75,18.6875,18.53125,18.5,-25.4,0.0,0.0,140.0
23.61502,0x220,0.0,0.0,1.0,6.25,0.97,-0.66,18.75,18.6875,18.53125,18.5,-25.4,0.0,0.0,140.0
23.61709,0x2B0,0.0,0.0,1.0,6.25,0.97,-0.66,18.75,18.6875,18.53125,18.5,-25.4,0.0,0.0,140.0
23.61873,0x316,0.0,0.0,1.0,6.25,0.97,-0.66,18.75,18.6875,18.53125,18.5,-25.4,0.0,0.0,140.0
23.61944,0x386,0.0,0.0,1.0,6.25,0.97,-0.66,18.59375,18.375,18.375,18.0625,-25.4,0.0,0.0,140.0
23.62504,0x220,0.0,0.0,1.0,6.25,1.02,-0.54,18.59375,18.375,18.375,18.0625,-25.4,0.0,0.0,140.0
23.62709,0x2B0,0.0,0.0,1.0,6.25,1.02,-0.54,18.59375,18.375,18.375,18.0625,-25.4,0.0,0.0,140.0
23.62871,0x316,0.0,0.0,1.0,6.25,1.02,-0.54,18.59375,18.375,18.375,18.0625,-25.4,0.0,0.0,139.0
23.63504,0x220,0.0,0.0,1.0,6.25,0.88,-0.25,18.59375,18.375,18.375,18.0625,-25.4,0.0,0.0,139.0
23.63709,0x2B0,0.0,0.0,1.0,6.25,0.88,-0.25,18.59375,18.375,18.375,18.0625,-25.4,0.0,0.0,139.0
23.63892,0x316,0.0,0.0,1.0,6.25,0.88,-0.25,18.59375,18.375,18.375,18.0625,-25.4,0.0,0.0,139.0
23.63938,0x386,0.0,0.0,1.0,6.25,0.88,-0.25,18.625,18.46875,18.03125,17.8125,-25.4,0.0,0.0,139.0
23.64507,0x220,0.0,0.0,1.0,6.25,0.73,-0.1,18.625,18.46875,18.03125,17.8125,-25.4,0.0,0.0,139.0
23.6471,0x2B0,0.0,0.0,1.0,6.25,0.73,-0.1,18.625,18.46875,18.03125,17.8125,-25.4,0.0,0.0,139.0
23.64879,0x316,0.0,0.0,1.0,6.25,0.73,-0.1,18.625,18.46875,18.03125,17.8125,-25.4,0.0,0.0,138.0
23.65503,0x220,0.0,0.0,1.0,6.25,0.64,-0.25,18.625,18.46875,18.03125,17.8125,-25.4,0.0,0.0,138.0
23.6571,0x2B0,0.0,0.0,1.0,6.25,0.64,-0.25,18.625,18.46875,18.03125,17.8125,-25.4,0.0,0.0,138.0
23.65871,0x316,0.0,0.0,1.0,6.25,0.64,-0.25,18.625,18.46875,18.03125,17.8125,-25.4,0.0,0.0,138.0
23.65944,0x386,0.0,0.0,1.0,6.25,0.64,-0.25,18.46875,18.40625,18.0,17.84375,-25.4,0.0,0.0,138.0
23.66505,0x220,0.0,0.0,1.0,6.25,0.52,-0.48,18.46875,18.40625,18.0,17.84375,-25.4,0.0,0.0,138.0
23.6671,0x2B0,0.0,0.0,1.0,6.25,0.52,-0.48,18.46875,18.40625,18.0,17.84375,-25.4,0.0,0.0,138.0
23.66893,0x316,0.0,0.0,1.0,6.25,0.52,-0.48,18.46875,18.40625,18.0,17.84375,-25.4,0.0,0.0,138.0
23.67503,0x220,0.0,0.0,1.0,6.25,0.36,-0.52,18.46875,18.40625,18.0,17.84375,-25.4,0.0,0.0,138.0
23.67729,0x2B0,0.0,0.0,1.0,6.25,0.36,-0.52,18.46875,18.40625,18.0,17.84375,-25.4,0.0,0.0,138.0
23.67888,0x316,0.0,0.0,1.0,6.25,0.36,-0.52,18.46875,18.40625,18.0,17.84375,-25.4,0.0,0.0,138.0
23.67935,0x386,0.0,0.0,1.0,6.25,0.36,-0.52,18.46875,18.375,18.0,18.15625,-25.4,0.0,0.0,138.0
23.68505,0x220,0.0,0.0,1.0,6.25,0.17,-0.35,18.46875,18.375,18.0,18.15625,-25.4,0.0,0.0,138.0
23.68711,0x2B0,0.0,0.0,1.0,6.25,0.17,-0.35,18.46875,18.375,18.0,18.15625,-25.4,0.0,0.0,138.0
23.68866,0x316,0.0,0.0,1.0,6.25,0.17,-0.35,18.46875,18.375,18.0,18.15625,-25.4,0.0,0.0,138.0
23.69504,0x220,0.0,0.0,1.0,6.25,-0.05,-0.02,18.46875,18.375,18.0,18.15625,-25.4,0.0,0.0,138.0
23.69711,0x2B0,0.0,0.0,1.0,6.25,-0.05,-0.02,18.46875,18.375,18.0,18.15625,-25.4,0.0,0.0,138.0
23.69871,0x316,0.0,0.0,1.0,6.25,-0.05,-0.02,18.46875,18.375,18.0,18.15625,-25.4,0.0,0.0,138.0
23.69933,0x386,0.0,0.0,1.0,6.25,-0.05,-0.02,18.28125,18.3125,18.15625,18.125,-25.4,0.0,0.0,138.0
23.70504,0x220,0.0,0.0,1.0,6.25,-0.22,0.2,18.28125,18.3125,18.15625,18.125,-25.4,0.0,0.0,138.0
23.70687,0x2B0,0.0,0.0,1.0,6.25,-0.22,0.2,18.28125,18.3125,18.15625,18.125,-25.4,0.0,0.0,138.0
23.70874,0x316,0.0,0.0,1.0,6.25,-0.22,0.2,18.28125,18.3125,18.15625,18.125,-25.4,0.0,0.0,138.0
23.71504,0x220,0.0,0.0,1.0,6.25,-0.25,0.18,18.28125,18.3125,18.15625,18.125,-25.4,0.0,0.0,138.0
23.71685,0x2B0,0.0,0.0,1.0,6.25,-0.25,0.18,18.28125,18.3125,18.15625,18.125,-25.4,0.0,0.0,138.0
23.71885,0x316,0.0,0.0,1.0,6.25,-0.25,0.18,18.28125,18.3125,18.15625,18.125,-25.4,0.0,0.0,138.0
23.71956,0x386,0.0,0.0,1.0,6.25,-0.25,0.18,18.3125,18.3125,18.09375,18.0625,-25.4,0.0,0.0,138.0
23.72505,0x220,0.0,0.0,1.0,6.25,-0.1,0.02,18.3125,18.3125,18.09375,18.0625,-25.4,0.0,0.0,138.0
23.72686,0x2B0,0.0,0.0,1.0,6.25,-0.1,0.02,18.3125,18.3125,18.09375,18.0625,-25.4,0.0,0.0,138.0
23.72867,0x316,0.0,0.0,1.0,6.25,-0.1,0.02,18.3125,18.3125,18.09375,18.0625,-25.4,0.0,0.0,139.0
23.73504,0x220,0.0,0.0,1.0,6.25,0.17,-0.1,18.3125,18.3125,18.09375,18.0625,-25.4,0.0,0.0,139.0
23.73679,0x2B0,0.0,0.0,1.0,6.25,0.17,-0.1,18.3125,18.3125,18.09375,18.0625,-25.4,0.0,0.0,139.0
23.73877,0x316,0.0,0.0,1.0,6.25,0.17,-0.1,18.3125,18.3125,18.09375,18.0625,-25.4,0.0,0.0,139.0
23.73949,0x386,0.0,0.0,1.0,6.25,0.17,-0.1,18.21875,18.3125,17.96875,18.125,-25.4,0.0,0.0,139.0
23.74507,0x220,0.0,0.0,1.0,6.25,0.44,-0.17,18.21875,18.3125,17.96875,18.125,-25.4,0.0,0.0,139.0
23.74715,0x2B0,0.0,0.0,1.0,6.25,0.44,-0.17,18.21875,18.3125,17.96875,18.125,-25.4,0.0,0.0,139.0
23.74885,0x316,0.0,0.0,1.0,6.25,0.44,-0.17,18.21875,18.3125,17.96875,18.125,-25.4,0.0,0.0,140.0
23.75502,0x220,0.0,0.0,1.0,6.25,0.6,-0.03,18.21875,18.3125,17.96875,18.125,-25.4,0.0,0.0,140.0
23.75687,0x2B0,0.0,0.0,1.0,6.25,0.6,-0.03,18.21875,18.3125,17.96875,18.125,-25.3,0.0,0.0,140.0
23.75873,0x316,0.0,0.0,1.0,6.25,0.6,-0.03,18.21875,18.3125,17.96875,18.125,-25.3,0.0,0.0,140.0
23.75945,0x386,0.0,0.0,1.0,6.25,0.6,-0.03,18.28125,18.1875,17.875,17.9375,-25.3,0.0,0.0,140.0
23.76504,0x220,0.0,0.0,1.0,6.25,0.6,0.27,18.28125,18.1875,17.875,17.9375,-25.3,0.0,0.0,140.0
23.76713,0x2B0,0.0,0.0,1.0,6.25,0.6,0.27,18.28125,18.1875,17.875,17.9375,-25.3,0.0,0.0,140.0
23.76886,0x316,0.0,0.0,1.0,6.25,0.6,0.27,18.28125,18.1875,17.875,17.9375,-25.3,0.0,0.0,140.0
23.77501,0x220,0.0,0.0,1.0,6.25,0.45,0.51,18.28125,18.1875,17.875,17.9375,-25.3,0.0,0.0,140.0
23.77685,0x2B0,0.0,0.0,1.0,6.25,0.45,0.51,18.28125,18.1875,17.875,17.9375,-25.1,8.0,0.0,140.0
23.77873,0x316,0.0,0.0,1.0,6.25,0.45,0.51,18.28125,18.1875,17.875,17.9375,-25.1,8.0,0.0,139.0
23.77945,0x386,0.0,0.0,1.0,6.25,0.45,0.51,18.21875,18.28125,17.875,16.90625,-25.1,8.0,0.0,139.0
23.78505,0x220,0.0,0.0,1.0,6.25,0.29,0.49,18.21875,18.28125,17.875,16.90625,-25.1,8.0,0.0,139.0
23.78682,0x2B0,0.0,0.0,1.0,6.25,0.29,0.49,18.21875,18.28125,17.875,16.90625,-25.1,8.0,0.0,139.0
23.78869,0x316,0.0,0.0,1.0,6.25,0.29,0.49,18.21875,18.28125,17.875,16.90625,-25.1,8.0,0.0,139.0
23.79503,0x220,0.0,0.0,1.0,6.25,0.14,0.35,18.21875,18.28125,17.875,16.90625,-25.1,8.0,0.0,139.0
23.79687,0x2B0,0.0,0.0,1.0,6.25,0.14,0.35,18.21875,18.28125,17.875,16.90625,-24.9,8.0,0.0,139.0
23.79872,0x316,0.0,0.0,1.0,6.25,0.14,0.35,18.21875,18.28125,17.875,16.90625,-24.9,8.0,0.0,139.0
23.79934,0x386,0.0,0.0,1.0,6.25,0.14,0.35,18.15625,18.03125,17.46875,17.1875,-24.9,8.0,0.0,139.0
23.80505,0x220,0.0,0.0,1.0,6.25,0.07,0.25,18.15625,18.03125,17.46875,17.1875,-24.9,8.0,0.0,139.0
23.80686,0x2B0,0.0,0.0,1.0,6.25,0.07,0.25,18.15625,18.03125,17.46875,17.1875,-24.8,12.0,0.0,139.0
23.80867,0x316,0.0,0.0,1.0,6.25,0.07,0.25,18.15625,18.03125,17.46875,17.1875,-24.8,12.0,0.0,139.0
23.81504,0x220,0.0,0.0,1.0,6.25,0.08,0.14,18.15625,18.03125,17.46875,17.1875,-24.8,12.0,0.0,139.0
23.81681,0x2B0,0.0,0.0,1.0,6.25,0.08,0.14,18.15625,18.03125,17.46875,17.1875,-24.8,0.0,0.0,139.0
23.8187,0x316,0.0,0.0,1.0,6.25,0.08,0.14,18.15625,18.03125,17.46875,17.1875,-24.8,0.0,0.0,139.0
23.81942,0x386,0.0,0.0,1.0,6.25,0.08,0.14,18.0625,17.96875,17.40625,17.53125,-24.8,0.0,0.0,139.0
23.82506,0x220,0.0,0.0,1.0,6.25,0.05,0.02,18.0625,17.96875,17.40625,17.53125,-24.8,0.0,0.0,139.0
23.82685,0x2B0,0.0,0.0,1.0,6.25,0.05,0.02,18.0625,17.96875,17.40625,17.53125,-24.6,8.0,0.0,139.0
23.82865,0x316,0.0,0.0,1.0,6.25,0.05,0.02,18.0625,17.96875,17.40625,17.53125,-24.6,8.0,0.0,139.0
23.83504,0x220,0.0,0.0,1.0,6.25,-0.08,0.08,18.0625,17.96875,17.40625,17.53125,-24.6,8.0,0.0,139.0
23.83684,0x2B0,0.0,0.0,1.0,6.25,-0.08,0.08,18.0625,17.96875,17.40625,17.53125,-24.4,20.0,0.0,139.0
23.83887,0x316,0.0,0.0,1.0,6.25,-0.08,0.08,18.0625,17.96875,17.40625,17.53125,-24.4,20.0,0.0,138.0
23.83934,0x386,0.0,0.0,1.0,6.25,-0.08,0.08,17.90625,17.71875,17.96875,17.625,-24.4,20.0,0.0,138.0
23.84508,0x220,0.0,0.0,1.0,6.25,-0.3,0.32,17.90625,17.71875,17.96875,17.625,-24.4,20.0,0.0,138.0
23.84686,0x2B0,0.0,0.0,1.0,6.25,-0.3,0.32,17.90625,17.71875,17.96875,17.625,-24.4,8.0,0.0,138.0
23.84883,0x316,0.0,0.0,1.0,6.25,-0.3,0.32,17.90625,17.71875,17.96875,17.625,-24.4,8.0,0.0,138.0
23.85502,0x220,0.0,0.0,1.0,6.25,-0.49,0.57,17.90625,17.71875,17.96875,17.625,-24.4,8.0,0.0,138.0
23.85683,0x2B0,0.0,0.0,1.0,6.25,-0.49,0.57,17.90625,17.71875,17.96875,17.625,-24.1,12.0,0.0,138.0
23.85869,0x316,0.0,0.0,1.0,6.25,-0.49,0.57,17.90625,17.71875,17.96875,17.625,-24.1,12.0,0.0,138.0
23.85942,0x386,0.0,0.0,1.0,6.25,-0.49,0.57,17.78125,17.65625,17.90625,17.78125,-24.1,12.0,0.0,138.0
23.86505,0x220,0.0,0.0,1.0,6.25,-0.52,0.74,17.78125,17.65625,17.90625,17.78125,-24.1,12.0,0.0,138.0
23.86688,0x2B0,0.0,0.0,1.0,6.25,-0.52,0.74,17.78125,17.65625,17.90625,17.78125,-24.1,12.0,0.0,138.0
23.86885,0x316,0.0,0.0,1.0,6.25,-0.52,0.74,17.78125,17.65625,17.90625,17.78125,-24.1,12.0,0.0,138.0
23.87503,0x220,0.0,0.0,1.0,6.25,-0.36,0.73,17.78125,17.65625,17.90625,17.78125,-24.1,12.0,0.0,138.0
23.87728,0x2B0,0.0,0.0,1.0,6.25,-0.36,0.73,17.78125,17.65625,17.90625,17.78125,-23.8,12.0,0.0,138.0
23.87879,0x316,0.0,0.0,1.0,6.25,-0.36,0.73,17.78125,17.65625,17.90625,17.78125,-23.8,12.0,0.0,138.0
23.87934,0x386,0.0,0.0,1.0,6.25,-0.36,0.73,17.75,17.59375,17.53125,18.0,-23.8,12.0,0.0,138.0
23.88505,0x220,0.0,0.0,1.0,6.25,-0.23,0.67,17.75,17.59375,17.53125,18.0,-23.8,12.0,0.0,138.0
23.88683,0x2B0,0.0,0.0,1.0,6.25,-0.23,0.67,17.75,17.59375,17.53125,18.0,-23.7,20.0,0.0,138.0
23.88864,0x316,0.0,0.0,1.0,6.25,-0.23,0.67,17.75,17.59375,17.53125,18.0,-23.7,20.0,0.0,138.0
23.89505,0x220,0.0,0.0,1.0,6.25,-0.17,0.7,17.75,17.59375,17.53125,18.0,-23.7,20.0,0.0,138.0
23.89682,0x2B0,0.0,0.0,1.0,6.25,-0.17,0.7,17.75,17.59375,17.53125,18.0,-23.5,12.0,0.0,138.0
23.89869,0x316,0.0,0.0,1.0,6.25,-0.17,0.7,17.75,17.59375,17.53125,18.0,-23.5,12.0,0.0,138.0
23.89935,0x386,0.0,0.0,1.0,6.25,-0.17,0.7,17.65625,17.46875,17.59375,18.03125,-23.5,12.0,0.0,138.0
23.90505,0x220,0.0,0.0,1.0,6.25,-0.24,0.83,17.65625,17.46875,17.59375,18.03125,-23.5,12.0,0.0,138.0
23.9068,0x2B0,0.0,0.0,1.0,6.25,-0.24,0.83,17.65625,17.46875,17.59375,18.03125,-23.4,12.0,0.0,138.0
23.90866,0x316,0.0,0.0,1.0,6.25,-0.24,0.83,17.65625,17.46875,17.59375,18.03125,-23.4,12.0,0.0,138.0
23.91503,0x220,0.0,0.0,1.0,6.25,-0.39,1.0,17.65625,17.46875,17.59375,18.03125,-23.4,12.0,0.0,138.0
23.91682,0x2B0,0.0,0.0,1.0,6.25,-0.39,1.0,17.65625,17.46875,17.59375,18.03125,-23.3,8.0,0.0,138.0
23.91879,0x316,0.0,0.0,1.0,6.25,-0.39,1.0,17.65625,17.46875,17.59375,18.03125,-23.3,8.0,0.0,138.0
23.9195,0x386,0.0,0.0,1.0,6.25,-0.39,1.0,17.59375,17.5625,17.625,17.96875,-23.3,8.0,0.0,138.0
23.92505,0x220,0.0,0.0,1.0,6.25,-0.53,1.16,17.59375,17.5625,17.625,17.96875,-23.3,8.0,0.0,138.0
23.92682,0x2B0,0.0,0.0,1.0,6.25,-0.53,1.16,17.59375,17.5625,17.625,17.96875,-23.1,12.0,0.0,138.0
23.92864,0x316,0.0,0.0,1.0,6.25,-0.53,1.16,17.59375,17.5625,17.625,17.96875,-23.1,12.0,0.0,138.0
23.93502,0x220,0.0,0.0,1.0,6.25,-0.54,1.21,17.59375,17.5625,17.625,17.96875,-23.1,12.0,0.0,138.0
23.93679,0x2B0,0.0,0.0,1.0,6.25,-0.54,1.21,17.59375,17.5625,17.625,17.96875,-23.1,8.0,0.0,138.0
23.93877,0x316,0.0,0.0,1.0,6.25,-0.54,1.21,17.59375,17.5625,17.625,17.96875,-23.1,8.0,0.0,139.0
23.93949,0x386,0.0,0.0,1.0,6.25,-0.54,1.21,17.625,17.53125,17.59375,17.625,-23.1,8.0,0.0,139.0
23.94508,0x220,0.0,0.0,1.0,6.25,-0.3,1.08,17.625,17.53125,17.59375,17.625,-23.1,8.0,0.0,139.0
23.9468,0x2B0,0.0,0.0,1.0,6.25,-0.3,1.08,17.625,17.53125,17.59375,17.625,-23.1,0.0,0.0,139.0
23.94881,0x316,0.0,0.0,1.0,6.25,-0.3,1.08,17.625,17.53125,17.59375,17.625,-23.1,0.0,0.0,139.0
23.95503,0x220,0.0,0.0,1.0,6.25,0.1,0.88,17.625,17.53125,17.59375,17.625,-23.1,0.0,0.0,139.0
23.95679,0x2B0,0.0,0.0,1.0,6.25,0.1,0.88,17.625,17.53125,17.59375,17.625,-23.1,0.0,0.0,139.0
23.95876,0x316,0.0,0.0,1.0,6.25,0.1,0.88,17.625,17.53125,17.59375,17.625,-23.1,0.0,0.0,139.0
23.95948,0x386,0.0,0.0,1.0,6.25,0.1,0.88,17.5,17.53125,17.53125,17.34375,-23.1,0.0,0.0,139.0
23.96505,0x220,0.0,0.0,1.0,6.25,0.61,0.67,17.5,17.53125,17.53125,17.34375,-23.1,0.0,0.0,139.0
23.96678,0x2B0,0.0,0.0,1.0,6.25,0.61,0.67,17.5,17.53125,17.53125,17.34375,-23.1,0.0,0.0,139.0
23.96883,0x316,0.0,0.0,1.0,6.25,0.61,0.67,17.5,17.53125,17.53125,17.34375,-23.1,0.0,0.0,139.0
23.97505,0x220,0.0,0.0,1.0,6.25,1.14,0.53,17.5,17.53125,17.53125,17.34375,-23.1,0.0,0.0,139.0
23.97684,0x2B0,0.0,0.0,1.0,6.25,1.14,0.53,17.5,17.53125,17.53125,17.34375,-23.1,0.0,0.0,139.0
23.97878,0x316,0.0,0.0,1.0,6.25,1.14,0.53,17.5,17.53125,17.53125,17.34375,-23.1,0.0,0.0,139.0
23.9795,0x386,0.0,0.0,1.0,6.25,1.14,0.53,17.53125,17.5,17.1875,17.3125,-23.1,0.0,0.0,139.0
23.98508,0x220,0.0,0.0,1.0,6.25,1.63,0.46,17.53125,17.5,17.1875,17.3125,-23.1,0.0,0.0,139.0
23.98679,0x2B0,0.0,0.0,1.0,6.25,1.63,0.46,17.53125,17.5,17.1875,17.3125,-23.1,0.0,0.0,139.0
23.98864,0x316,0.0,0.0,1.0,6.25,1.63,0.46,17.53125,17.5,17.1875,17.3125,-23.1,0.0,0.0,139.0
23.99505,0x220,0.0,0.0,1.0,6.25,2.06,0.33,17.53125,17.5,17.1875,17.3125,-23.1,0.0,0.0,139.0
23.99679,0x2B0,0.0,0.0,1.0,6.25,2.06,0.33,17.53125,17.5,17.1875,17.3125,-23.1,0.0,0.0,139.0
23.99876,0x316,0.0,0.0,1.0,6.25,2.06,0.33,17.53125,17.5,17.1875,17.3125,-23.1,0.0,0.0,139.0
23.99934,0x386,0.0,0.0,1.0,6.25,2.06,0.33,17.46875,17.4375,16.78125,17.34375,-23.1,0.0,0.0,139.0
24.00508,0x220,0.0,0.0,1.0,6.25,2.4,0.06,17.46875,17.4375,16.78125,17.34375,-23.1,0.0,0.0,139.0
24.00678,0x2B0,0.0,0.0,1.0,6.25,2.4,0.06,17.46875,17.4375,16.78125,17.34375,-23.1,0.0,0.0,139.0
24.00864,0x316,0.0,0.0,1.0,6.25,2.4,0.06,17.46875,17.4375,16.78125,17.34375,-23.1,0.0,0.0,138.0
24.01505,0x220,0.0,0.0,1.0,6.25,2.55,-0.2,17.46875,17.4375,16.78125,17.34375,-23.1,0.0,0.0,138.0
24.01678,0x2B0,0.0,0.0,1.0,6.25,2.55,-0.2,17.46875,17.4375,16.78125,17.34375,-23.1,0.0,0.0,138.0
24.01872,0x316,0.0,0.0,1.0,6.25,2.55,-0.2,17.46875,17.4375,16.78125,17.34375,-23.1,0.0,0.0,138.0
24.01944,0x386,0.0,0.0,1.0,6.25,2.55,-0.2,17.5,17.4375,16.6875,17.09375,-23.1,0.0,0.0,138.0
24.02507,0x220,0.0,0.0,1.0,6.25,2.52,-0.29,17.5,17.4375,16.6875,17.09375,-23.1,0.0,0.0,138.0
24.02678,0x2B0,0.0,0.0,1.0,6.25,2.52,-0.29,17.5,17.4375,16.6875,17.09375,-23.1,0.0,0.0,138.0
24.02864,0x316,0.0,0.0,1.0,6.25,2.52,-0.29,17.5,17.4375,16.6875,17.09375,-23.1,0.0,0.0,138.0
24.03504,0x220,0.0,0.0,1.0,6.25,2.44,-0.22,17.5,17.4375,16.6875,17.09375,-23.1,0.0,0.0,138.0
24.03681,0x2B0,0.0,0.0,1.0,6.25,2.44,-0.22,17.5,17.4375,16.6875,17.09375,-23.1,0.0,0.0,138.0
24.03894,0x316,0.0,0.0,1.0,6.25,2.44,-0.22,17.5,17.4375,16.6875,17.09375,-23.1,0.0,0.0,138.0
24.0394,0x386,0.0,0.0,1.0,6.25,2.44,-0.22,17.28125,17.40625,16.65625,16.90625,-23.1,0.0,0.0,138.0
24.04508,0x220,0.0,0.0,1.0,6.25,2.41,-0.2,17.28125,17.40625,16.65625,16.90625,-23.1,0.0,0.0,138.0
24.04682,0x2B0,0.0,0.0,1.0,6.25,2.41,-0.2,17.28125,17.40625,16.65625,16.90625,-23.3,8.0,0.0,138.0
24.0488,0x316,0.0,0.0,1.0,6.25,2.41,-0.2,17.28125,17.40625,16.65625,16.90625,-23.3,8.0,0.0,138.0
24.05502,0x220,0.0,0.0,1.0,6.25,2.46,-0.34,17.28125,17.40625,16.65625,16.90625,-23.3,8.0,0.0,138.0
24.05679,0x2B0,0.0,0.0,1.0,6.25,2.46,-0.34,17.28125,17.40625,16.65625,16.90625,-23.3,8.0,0.0,138.0
24.05869,0x316,0.0,0.0,1.0,6.25,2.46,-0.34,17.28125,17.40625,16.65625,16.90625,-23.3,8.0,0.0,138.0
24.05942,0x386,0.0,0.0,1.0,6.25,2.46,-0.34,17.28125,17.4375,16.65625,16.8125,-23.3,8.0,0.0,138.0
24.06508,0x220,0.0,0.0,1.0,6.25,2.58,-0.55,17.28125,17.4375,16.65625,16.8125,-23.3,8.0,0.0,138.0
24.06682,0x2B0,0.0,0.0,1.0,6.25,2.58,-0.55,17.28125,17.4375,16.65625,16.8125,-23.3,0.0,0.0,138.0
24.06883,0x316,0.0,0.0,1.0,6.25,2.58,-0.55,17.28125,17.4375,16.65625,16.8125,-23.3,0.0,0.0,139.0
24.07503,0x220,0.0,0.0,1.0,6.25,2.72,-0.74,17.28125,17.4375,16.65625,16.8125,-23.3,0.0,0.0,139.0
24.07727,0x2B0,0.0,0.0,1.0,6.25,2.72,-0.74,17.28125,17.4375,16.65625,16.8125,-23.4,0.0,0.0,139.0
24.07883,0x316,0.0,0.0,1.0,6.25,2.72,-0.74,17.28125,17.4375,16.65625,16.8125,-23.4,0.0,0.0,139.0
24.07935,0x386,0.0,0.0,1.0,6.25,2.72,-0.74,17.21875,17.34375,16.625,16.71875,-23.4,0.0,0.0,139.0
24.08508,0x220,0.0,0.0,1.0,6.25,2.86,-0.92,17.21875,17.34375,16.625,16.71875,-23.4,0.0,0.0,139.0
24.08683,0x2B0,0.0,0.0,1.0,6.25,2.86,-0.92,17.21875,17.34375,16.625,16.71875,-23.4,0.0,0.0,139.0
24.08869,0x316,0.0,0.0,1.0,6.25,2.86,-0.92,17.21875,17.34375,16.625,16.71875,-23.4,0.0,0.0,139.0
24.09504,0x220,0.0,0.0,1.0,6.25,2.93,-1.13,17.21875,17.34375,16.625,16.71875,-23.4,0.0,0.0,139.0
24.09683,0x2B0,0.0,0.0,1.0,6.25,2.93,-1.13,17.21875,17.34375,16.625,16.71875,-23.4,0.0,0.0,139.0
24.09869,0x316,0.0,0.0,1.0,6.25,2.93,-1.13,17.21875,17.34375,16.625,16.71875,-23.4,0.0,0.0,139.0
24.09935,0x386,0.0,0.0,1.0,6.25,2.93,-1.13,17.21875,17.28125,16.6875,16.78125,-23.4,0.0,0.0,139.0
24.10508,0x220,0.0,0.0,1.0,6.25,2.88,-1.31,17.21875,17.28125,16.6875,16.78125,-23.4,0.0,0.0,139.0
24.10682,0x2B0,0.0,0.0,1.0,6.25,2.88,-1.31,17.21875,17.28125,16.6875,16.78125,-23.4,0.0,0.0,139.0
24.10864,0x316,0.0,0.0,1.0,6.25,2.88,-1.31,17.21875,17.28125,16.6875,16.78125,-23.4,0.0,0.0,139.0
24.11503,0x220,0.0,0.0,1.0,6.25,2.76,-1.3,17.21875,17.28125,16.6875,16.78125,-23.4,0.0,0.0,139.0
24.11683,0x2B0,0.0,0.0,1.0,6.25,2.76,-1.3,17.21875,17.28125,16.6875,16.78125,-23.5,0.0,0.0,139.0
24.11883,0x316,0.0,0.0,1.0,6.25,2.76,-1.3,17.21875,17.28125,16.6875,16.78125,-23.5,0.0,0.0,139.0
24.11955,0x386,0.0,0.0,1.0,6.25,2.76,-1.3,17.03125,17.15625,16.8125,16.90625,-23.5,0.0,0.0,139.0
24.12508,0x220,0.0,0.0,1.0,6.25,2.64,-1.15,17.03125,17.15625,16.8125,16.90625,-23.5,0.0,0.0,139.0
24.12678,0x2B0,0.0,0.0,1.0,6.25,2.64,-1.15,17.03125,17.15625,16.8125,16.90625,-23.5,0.0,0.0,139.0
24.12868,0x316,0.0,0.0,1.0,6.25,2.64,-1.15,17.03125,17.15625,16.8125,16.90625,-23.5,0.0,0.0,139.0
24.13505,0x220,0.0,0.0,1.0,6.25,2.55,-1.04,17.03125,17.15625,16.8125,16.90625,-23.5,0.0,0.0,139.0
24.13678,0x2B0,0.0,0.0,1.0,6.25,2.55,-1.04,17.03125,17.15625,16.8125,16.90625,-23.5,0.0,0.0,139.0
24.13884,0x316,0.0,0.0,1.0,6.25,2.55,-1.04,17.03125,17.15625,16.8125,16.90625,-23.5,0.0,0.0,138.0
24.13956,0x386,0.0,0.0,1.0,6.25,2.55,-1.04,17.03125,17.09375,16.65625,16.75,-23.5,0.0,0.0,138.0
24.14508,0x220,0.0,0.0,1.0,6.25,2.45,-1.02,17.03125,17.09375,16.65625,16.75,-23.5,0.0,0.0,138.0
24.14691,0x2B0,0.0,0.0,1.0,6.25,2.45,-1.02,17.03125,17.09375,16.65625,16.75,-23.5,0.0,0.0,138.0
24.1488,0x316,0.0,0.0,1.0,6.25,2.45,-1.02,17.03125,17.09375,16.65625,16.75,-23.5,0.0,0.0,138.0
24.15504,0x220,0.0,0.0,1.0,6.25,2.38,-0.99,17.03125,17.09375,16.65625,16.75,-23.5,0.0,0.0,138.0
24.15678,0x2B0,0.0,0.0,1.0,6.25,2.38,-0.99,17.03125,17.09375,16.65625,16.75,-23.5,0.0,0.0,138.0
24.15873,0x316,0.0,0.0,1.0,6.25,2.38,-0.99,17.03125,17.09375,16.65625,16.75,-23.5,0.0,0.0,138.0
24.15945,0x386,0.0,0.0,1.0,6.25,2.38,-0.99,16.9375,16.875,16.78125,16.8125,-23.5,0.0,0.0,138.0
24.16508,0x220,0.0,0.0,1.0,6.25,2.28,-0.94,16.9375,16.875,16.78125,16.8125,-23.5,0.0,0.0,138.0
24.16678,0x2B0,0.0,0.0,1.0,6.25,2.28,-0.94,16.9375,16.875,16.78125,16.8125,-23.5,0.0,0.0,138.0
24.16887,0x316,0.0,0.0,1.0,6.25,2.28,-0.94,16.9375,16.875,16.78125,16.8125,-23.5,0.0,0.0,138.0
24.17503,0x220,0.0,0.0,1.0,6.25,2.07,-0.88,16.9375,16.875,16.78125,16.8125,-23.5,0.0,0.0,138.0
24.17685,0x2B0,0.0,0.0,1.0,6.25,2.07,-0.88,16.9375,16.875,16.78125,16.8125,-23.5,0.0,0.0,138.0
24.17875,0x316,0.0,0.0,1.0,6.25,2.07,-0.88,16.9375,16.875,16.78125,16.8125,-23.5,0.0,0.0,138.0
24.17948,0x386,0.0,0.0,1.0,6.25,2.07,-0.88,16.8125,16.90625,16.96875,16.96875,-23.5,0.0,0.0,138.0
24.18509,0x220,0.0,0.0,1.0,6.25,1.69,-0.79,16.8125,16.90625,16.96875,16.96875,-23.5,0.0,0.0,138.0
24.18678,0x2B0,0.0,0.0,1.0,6.25,1.69,-0.79,16.8125,16.90625,16.96875,16.96875,-23.5,0.0,0.0,138.0
24.18864,0x316,0.0,0.0,1.0,6.25,1.69,-0.79,16.8125,16.90625,16.96875,16.96875,-23.5,0.0,0.0,138.0
24.19505,0x220,0.0,0.0,1.0,6.25,1.2,-0.6,16.8125,16.90625,16.96875,16.96875,-23.5,0.0,0.0,138.0
24.19678,0x2B0,0.0,0.0,1.0,6.25,1.2,-0.6,16.8125,16.90625,16.96875,16.96875,-23.5,0.0,0.0,138.0
24.19869,0x316,0.0,0.0,1.0,6.25,1.2,-0.6,16.8125,16.90625,16.96875,16.96875,-23.5,0.0,0.0,138.0
24.19936,0x386,0.0,0.0,1.0,6.25,1.2,-0.6,16.8125,16.71875,17.21875,17.1875,-23.5,0.0,0.0,138.0
24.20508,0x220,0.0,0.0,1.0,6.25,0.77,-0.37,16.8125,16.71875,17.21875,17.1875,-23.5,0.0,0.0,138.0
24.20679,0x2B0,0.0,0.0,1.0,6.25,0.77,-0.37,16.8125,16.71875,17.21875,17.1875,-23.5,0.0,0.0,138.0
24.20868,0x316,0.0,0.0,1.0,6.25,0.77,-0.37,16.8125,16.71875,17.21875,17.1875,-23.5,0.0,0.0,138.0
24.21503,0x220,0.0,0.0,1.0,6.25,0.5,-0.21,16.8125,16.71875,17.21875,17.1875,-23.5,0.0,0.0,138.0
24.21685,0x2B0,0.0,0.0,1.0,6.25,0.5,-0.21,16.8125,16.71875,17.21875,17.1875,-23.5,0.0,0.0,138.0
24.2187,0x316,0.0,0.0,1.0,6.25,0.5,-0.21,16.8125,16.71875,17.21875,17.1875,-23.5,0.0,0.0,138.0
24.21942,0x386,0.0,0.0,1.0,6.25,0.5,-0.21,16.71875,16.78125,17.21875,17.09375,-23.5,0.0,0.0,138.0
24.22508,0x220,0.0,0.0,1.0,6.25,0.5,-0.23,16.71875,16.78125,17.21875,17.09375,-23.5,0.0,0.0,138.0
24.22683,0x2B0,0.0,0.0,1.0,6.25,0.5,-0.23,16.71875,16.78125,17.21875,17.09375,-23.5,0.0,0.0,138.0
24.22869,0x316,0.0,0.0,1.0,6.25,0.5,-0.23,16.71875,16.78125,17.21875,17.09375,-23.5,0.0,0.0,138.0
24.23503,0x220,0.0,0.0,1.0,6.25,0.6,-0.32,16.71875,16.78125,17.21875,17.09375,-23.5,0.0,0.0,138.0
24.23684,0x2B0,0.0,0.0,1.0,6.25,0.6,-0.32,16.71875,16.78125,17.21875,17.09375,-23.6,0.0,0.0,138.0
24.23879,0x316,0.0,0.0,1.0,6.25,0.6,-0.32,16.71875,16.78125,17.21875,17.09375,-23.6,0.0,0.0,138.0
24.2395,0x386,0.0,0.0,1.0,6.25,0.6,-0.32,16.78125,16.71875,16.65625,16.59375,-23.6,0.0,0.0,138.0
24.24509,0x220,0.0,0.0,1.0,6.25,0.62,-0.2,16.78125,16.71875,16.65625,16.59375,-23.6,0.0,0.0,138.0
24.24681,0x2B0,0.0,0.0,1.0,6.25,0.62,-0.2,16.78125,16.71875,16.65625,16.59375,-23.6,0.0,0.0,138.0
24.24885,0x316,0.0,0.0,1.0,6.25,0.62,-0.2,16.78125,16.71875,16.65625,16.59375,-23.6,0.0,0.0,138.0
24.25503,0x220,0.0,0.0,1.0,6.25,0.6,0.04,16.78125,16.71875,16.65625,16.59375,-23.6,0.0,0.0,138.0
24.25679,0x2B0,0.0,0.0,1.0,6.25,0.6,0.04,16.78125,16.71875,16.65625,16.59375,-23.6,0.0,0.0,138.0
24.25869,0x316,0.0,0.0,1.0,6.25,0.6,0.04,16.78125,16.71875,16.65625,16.59375,-23.6,0.0,0.0,138.0
24.25942,0x386,0.0,0.0,1.0,6.25,0.6,0.04,16.78125,16.71875,16.25,16.09375,-23.6,0.0,0.0,138.0
24.26509,0x220,0.0,0.0,1.0,6.25,0.57,0.24,16.78125,16.71875,16.25,16.09375,-23.6,0.0,0.0,138.0
24.26681,0x2B0,0.0,0.0,1.0,6.25,0.57,0.24,16.78125,16.71875,16.25,16.09375,-23.8,8.0,0.0,138.0
24.26887,0x316,0.0,0.0,1.0,6.25,0.57,0.24,16.78125,16.71875,16.25,16.09375,-23.8,8.0,0.0,138.0
24.27506,0x220,0.0,0.0,1.0,6.25,0.56,0.28,16.78125,16.71875,16.25,16.09375,-23.8,8.0,0.0,138.0
24.27696,0x2B0,0.0,0.0,1.0,6.25,0.56,0.28,16.78125,16.71875,16.25,16.09375,-23.8,8.0,0.0,138.0
24.27876,0x316,0.0,0.0,1.0,6.25,0.56,0.28,16.78125,16.71875,16.25,16.09375,-23.8,8.0,0.0,138.0
24.27936,0x386,0.0,0.0,1.0,6.25,0.56,0.28,16.75,16.65625,16.25,16.0625,-23.8,8.0,0.0,138.0
24.28509,0x220,0.0,0.0,1.0,6.25,0.6,0.27,16.75,16.65625,16.25,16.0625,-23.8,8.0,0.0,138.0
24.28681,0x2B0,0.0,0.0,1.0,6.25,0.6,0.27,16.75,16.65625,16.25,16.0625,-23.9,0.0,0.0,138.0
24.2887,0x316,0.0,0.0,1.0,6.25,0.6,0.27,16.75,16.65625,16.25,16.0625,-23.9,0.0,0.0,138.0
24.29503,0x220,0.0,0.0,1.0,6.25,0.67,0.26,16.75,16.65625,16.25,16.0625,-23.9,0.0,0.0,138.0
24.29683,0x2B0,0.0,0.0,1.0,6.25,0.67,0.26,16.75,16.65625,16.25,16.0625,-23.9,0.0,0.0,138.0
24.29869,0x316,0.0,0.0,1.0,6.25,0.67,0.26,16.75,16.65625,16.25,16.0625,-23.9,0.0,0.0,137.0
24.29936,0x386,0.0,0.0,1.0,6.25,0.67,0.26,16.625,16.59375,16.3125,16.15625,-23.9,0.0,0.0,137.0
24.30509,0x220,0.0,0.0,1.0,6.25,0.76,0.27,16.625,16.59375,16.3125,16.15625,-23.9,0.0,0.0,137.0
24.30684,0x2B0,0.0,0.0,1.0,6.25,0.76,0.27,16.625,16.59375,16.3125,16.15625,-23.9,0.0,0.0,137.0
24.30866,0x316,0.0,0.0,1.0,6.25,0.76,0.27,16.625,16.59375,16.3125,16.15625,-23.9,0.0,0.0,136.0
24.31505,0x220,0.0,0.0,1.0,6.25,0.83,0.36,16.625,16.59375,16.3125,16.15625,-23.9,0.0,0.0,136.0
24.31683,0x2B0,0.0,0.0,1.0,6.25,0.83,0.36,16.625,16.59375,16.3125,16.15625,-24.0,0.0,0.0,136.0
24.31874,0x316,0.0,0.0,1.0,6.25,0.83,0.36,16.625,16.59375,16.3125,16.15625,-24.0,0.0,0.0,134.0
24.31946,0x386,0.0,0.0,1.0,6.25,0.83,0.36,16.5,16.5,16.0,16.125,-24.0,0.0,0.0,134.0
24.32508,0x220,0.0,0.0,1.0,6.25,0.87,0.52,16.5,16.5,16.0,16.125,-24.0,0.0,0.0,134.0
24.32678,0x2B0,0.0,0.0,1.0,6.25,0.87,0.52,16.5,16.5,16.0,16.125,-24.0,0.0,0.0,134.0
24.32868,0x316,0.0,0.0,1.0,6.25,0.87,0.52,16.5,16.5,16.0,16.125,-24.0,0.0,0.0,132.0
24.33506,0x220,0.0,0.0,1.0,6.25,0.83,0.64,16.5,16.5,16.0,16.125,-24.0,0.0,0.0,132.0
24.33678,0x2B0,0.0,0.0,1.0,6.25,0.83,0.64,16.5,16.5,16.0,16.125,-24.0,0.0,0.0,132.0
24.33884,0x316,0.0,0.0,1.0,6.25,0.83,0.64,16.5,16.5,16.0,16.125,-24.0,0.0,0.0,130.0
24.33957,0x386,0.0,0.0,1.0,6.25,0.83,0.64,16.40625,16.34375,15.65625,15.96875,-24.0,0.0,0.0,130.0
24.34507,0x220,0.0,0.0,1.0,6.25,0.72,0.71,16.40625,16.34375,15.65625,15.96875,-24.0,0.0,0.0,130.0
24.34676,0x2B0,0.0,0.0,1.0,6.25,0.72,0.71,16.40625,16.34375,15.65625,15.96875,-24.0,0.0,0.0,130.0
24.34879,0x316,0.0,0.0,1.0,6.25,0.72,0.71,16.40625,16.34375,15.65625,15.96875,-24.0,0.0,0.0,127.0
24.35505,0x220,0.0,0.0,1.0,6.25,0.61,0.79,16.40625,16.34375,15.65625,15.96875,-24.0,0.0,0.0,127.0
24.35676,0x2B0,0.0,0.0,1.0,6.25,0.61,0.79,16.40625,16.34375,15.65625,15.96875,-24.0,0.0,0.0,127.0
24.35868,0x316,0.0,0.0,1.0,6.25,0.61,0.79,16.40625,16.34375,15.65625,15.96875,-24.0,0.0,0.0,125.0
24.3594,0x386,0.0,0.0,1.0,6.25,0.61,0.79,16.375,16.25,15.625,15.90625,-24.0,0.0,0.0,125.0
24.36509,0x220,0.0,0.0,1.0,6.25,0.5,0.76,16.375,16.25,15.625,15.90625,-24.0,0.0,0.0,125.0
24.36677,0x2B0,0.0,0.0,1.0,6.25,0.5,0.76,16.375,16.25,15.625,15.90625,-24.0,0.0,0.0,125.0
24.36892,0x316,0.0,0.0,1.0,6.25,0.5,0.76,16.375,16.25,15.625,15.90625,-24.0,0.0,0.0,122.0
24.37503,0x220,0.0,0.0,1.0,6.25,0.39,0.68,16.375,16.25,15.625,15.90625,-24.0,0.0,0.0,122.0
24.37679,0x2B0,0.0,0.0,1.0,6.25,0.39,0.68,16.375,16.25,15.625,15.90625,-23.8,8.0,0.0,122.0
24.37878,0x316,0.0,0.0,1.0,6.25,0.39,0.68,16.375,16.25,15.625,15.90625,-23.8,8.0,0.0,120.0
24.37951,0x386,0.0,0.0,1.0,6.25,0.39,0.68,16.34375,16.1875,15.8125,16.21875,-23.8,8.0,0.0,120.0
24.3851,0x220,0.0,0.0,1.0,6.25,0.33,0.7,16.34375,16.1875,15.8125,16.21875,-23.8,8.0,0.0,120.0
24.38683,0x2B0,0.0,0.0,1.0,6.25,0.33,0.7,16.34375,16.1875,15.8125,16.21875,-23.8,8.0,0.0,120.0
24.38864,0x316,0.0,0.0,1.0,6.25,0.33,0.7,16.34375,16.1875,15.8125,16.21875,-23.8,8.0,0.0,119.0
24.39505,0x220,0.0,0.0,1.0,6.25,0.37,0.83,16.34375,16.1875,15.8125,16.21875,-23.8,8.0,0.0,119.0
24.39679,0x2B0,0.0,0.0,1.0,6.25,0.37,0.83,16.34375,16.1875,15.8125,16.21875,-23.5,12.0,0.0,119.0
24.39868,0x316,0.0,0.0,1.0,6.25,0.37,0.83,16.34375,16.1875,15.8125,16.21875,-23.5,12.0,0.0,119.0
24.39936,0x386,0.0,0.0,1.0,6.25,0.37,0.83,16.28125,16.25,15.84375,16.0625,-23.5,12.0,0.0,119.0
24.4051,0x220,0.0,0.0,1.0,6.25,0.52,0.94,16.28125,16.25,15.84375,16.0625,-23.5,12.0,0.0,119.0
24.40679,0x2B0,0.0,0.0,1.0,6.25,0.52,0.94,16.28125,16.25,15.84375,16.0625,-23.4,20.0,0.0,119.0
24.4087,0x316,0.0,0.0,1.0,6.25,0.52,0.94,16.28125,16.25,15.84375,16.0625,-23.4,20.0,0.0,119.0
24.41504,0x220,0.0,0.0,1.0,6.25,0.83,0.95,16.28125,16.25,15.84375,16.0625,-23.4,20.0,0.0,119.0
24.41684,0x2B0,0.0,0.0,1.0,6.25,0.83,0.95,16.28125,16.25,15.84375,16.0625,-23.4,0.0,0.0,119.0
24.41877,0x316,0.0,0.0,1.0,6.25,0.83,0.95,16.28125,16.25,15.84375,16.0625,-23.4,0.0,0.0,118.0
24.41949,0x386,0.0,0.0,1.0,6.25,0.83,0.95,16.1875,16.1875,15.71875,16.15625,-23.4,0.0,0.0,118.0
24.42509,0x220,0.0,0.0,1.0,6.25,1.22,0.89,16.1875,16.1875,15.71875,16.15625,-23.4,0.0,0.0,118.0
24.42678,0x2B0,0.0,0.0,1.0,6.25,1.22,0.89,16.1875,16.1875,15.71875,16.15625,-23.2,8.0,0.0,118.0
24.42864,0x316,0.0,0.0,1.0,6.25,1.22,0.89,16.1875,16.1875,15.71875,16.15625,-23.2,8.0,0.0,118.0
24.43504,0x220,0.0,0.0,1.0,6.25,1.53,0.82,16.1875,16.1875,15.71875,16.15625,-23.2,8.0,0.0,118.0
24.43682,0x2B0,0.0,0.0,1.0,6.25,1.53,0.82,16.1875,16.1875,15.71875,16.15625,-23.2,8.0,0.0,118.0
24.43877,0x316,0.0,0.0,1.0,6.25,1.53,0.82,16.1875,16.1875,15.71875,16.15625,-23.2,8.0,0.0,118.0
24.43949,0x386,0.0,0.0,1.0,6.25,1.53,0.82,16.21875,16.15625,15.75,16.0,-23.2,8.0,0.0,118.0
24.44509,0x220,0.0,0.0,1.0,6.25,1.73,0.75,16.21875,16.15625,15.75,16.0,-23.2,8.0,0.0,118.0
24.44678,0x2B0,0.0,0.0,1.0,6.25,1.73,0.75,16.21875,16.15625,15.75,16.0,-23.0,8.0,0.0,118.0
24.44882,0x316,0.0,0.0,1.0,6.25,1.73,0.75,16.21875,16.15625,15.75,16.0,-23.0,8.0,0.0,118.0
24.45504,0x220,0.0,0.0,1.0,6.25,1.79,0.65,16.21875,16.15625,15.75,16.0,-23.0,8.0,0.0,118.0
24.45677,0x2B0,0.0,0.0,1.0,6.25,1.79,0.65,16.21875,16.15625,15.75,16.0,-23.0,8.0,0.0,118.0
24.45873,0x316,0.0,0.0,1.0,6.25,1.79,0.65,16.21875,16.15625,15.75,16.0,-23.0,8.0,0.0,118.0
24.45946,0x386,0.0,0.0,1.0,6.25,1.79,0.65,16.125,16.1875,15.65625,15.875,-23.0,8.0,0.0,118.0
24.4651,0x220,0.0,0.0,1.0,6.25,1.69,0.49,16.125,16.1875,15.65625,15.875,-23.0,8.0,0.0,118.0
24.46678,0x2B0,0.0,0.0,1.0,6.25,1.69,0.49,16.125,16.1875,15.65625,15.875,-22.8,8.0,0.0,118.0
24.46884,0x316,0.0,0.0,1.0,6.25,1.69,0.49,16.125,16.1875,15.65625,15.875,-22.8,8.0,0.0,118.0
24.47506,0x220,0.0,0.0,1.0,6.25,1.46,0.37,16.125,16.1875,15.65625,15.875,-22.8,8.0,0.0,118.0
24.47695,0x2B0,0.0,0.0,1.0,6.25,1.46,0.37,16.125,16.1875,15.65625,15.875,-22.8,8.0,0.0,118.0
24.47874,0x316,0.0,0.0,1.0,6.25,1.46,0.37,16.125,16.1875,15.65625,15.875,-22.8,8.0,0.0,118.0
24.47937,0x386,0.0,0.0,1.0,6.25,1.46,0.37,16.125,16.0625,15.65625,15.84375,-22.8,8.0,0.0,118.0
24.48509,0x220,0.0,0.0,1.0,6.25,1.32,0.27,16.125,16.0625,15.65625,15.84375,-22.8,8.0,0.0,118.0
24.48682,0x2B0,0.0,0.0,1.0,6.25,1.32,0.27,16.125,16.0625,15.65625,15.84375,-22.8,0.0,0.0,118.0
24.48865,0x316,0.0,0.0,1.0,6.25,1.32,0.27,16.125,16.0625,15.65625,15.84375,-22.8,0.0,0.0,118.0
24.49504,0x220,0.0,0.0,1.0,6.25,1.36,0.17,16.125,16.0625,15.65625,15.84375,-22.8,0.0,0.0,118.0
24.49677,0x2B0,0.0,0.0,1.0,6.25,1.36,0.17,16.125,16.0625,15.65625,15.84375,-22.7,0.0,0.0,118.0
24.49873,0x316,0.0,0.0,1.0,6.25,1.36,0.17,16.125,16.0625,15.65625,15.84375,-22.7,0.0,0.0,117.0
24.49937,0x386,0.0,0.0,1.0,6.25,1.36,0.17,16.0625,16.0625,15.6875,15.875,-22.7,0.0,0.0,117.0
24.50509,0x220,0.0,0.0,1.0,6.25,1.52,0.03,16.0625,16.0625,15.6875,15.875,-22.7,0.0,0.0,117.0
24.50674,0x2B0,0.0,0.0,1.0,6.25,1.52,0.03,16.0625,16.0625,15.6875,15.875,-22.7,0.0,0.0,117.0
24.50863,0x316,0.0,0.0,1.0,6.25,1.52,0.03,16.0625,16.0625,15.6875,15.875,-22.7,0.0,0.0,115.0
24.51506,0x220,0.0,0.0,1.0,6.25,1.7,-0.07,16.0625,16.0625,15.6875,15.875,-22.7,0.0,0.0,115.0
24.51674,0x2B0,0.0,0.0,1.0,6.25,1.7,-0.07,16.0625,16.0625,15.6875,15.875,-22.7,0.0,0.0,115.0
24.51877,0x316,0.0,0.0,1.0,6.25,1.7,-0.07,16.0625,16.0625,15.6875,15.875,-22.7,0.0,0.0,114.0
24.51949,0x386,0.0,0.0,1.0,6.25,1.7,-0.07,16.03125,16.0625,15.59375,15.75,-22.7,0.0,0.0,114.0
24.52509,0x220,0.0,0.0,1.0,6.25,1.87,-0.12,16.03125,16.0625,15.59375,15.75,-22.7,0.0,0.0,114.0
24.52674,0x2B0,0.0,0.0,1.0,6.25,1.87,-0.12,16.03125,16.0625,15.59375,15.75,-22.7,0.0,0.0,114.0
24.52865,0x316,0.0,0.0,1.0,6.25,1.87,-0.12,16.03125,16.0625,15.59375,15.75,-22.7,0.0,0.0,113.0
24.53506,0x220,0.0,0.0,1.0,6.25,2.0,-0.11,16.03125,16.0625,15.59375,15.75,-22.7,0.0,0.0,113.0
24.53674,0x2B0,0.0,0.0,1.0,6.25,2.0,-0.11,16.03125,16.0625,15.59375,15.75,-22.7,0.0,0.0,113.0
24.53888,0x316,0.0,0.0,1.0,6.25,2.0,-0.11,16.03125,16.0625,15.59375,15.75,-22.7,0.0,0.0,112.0
24.5396,0x386,0.0,0.0,1.0,6.25,2.0,-0.11,16.0,16.03125,15.65625,15.75,-22.7,0.0,0.0,112.0
24.54508,0x220,0.0,0.0,1.0,6.25,2.03,-0.16,16.0,16.03125,15.65625,15.75,-22.7,0.0,0.0,112.0
24.54674,0x2B0,0.0,0.0,1.0,6.25,2.03,-0.16,16.0,16.03125,15.65625,15.75,-22.7,0.0,0.0,112.0
24.54878,0x316,0.0,0.0,1.0,6.25,2.03,-0.16,16.0,16.03125,15.65625,15.75,-22.7,0.0,0.0,111.0
24.55506,0x220,0.0,0.0,1.0,6.25,1.96,-0.32,16.0,16.03125,15.65625,15.75,-22.7,0.0,0.0,111.0
24.55673,0x2B0,0.0,0.0,1.0,6.25,1.96,-0.32,16.0,16.03125,15.65625,15.75,-22.7,0.0,0.0,111.0
24.55873,0x316,0.0,0.0,1.0,6.25,1.96,-0.32,16.0,16.03125,15.65625,15.75,-22.7,0.0,0.0,110.0
24.55946,0x386,0.0,0.0,1.0,6.25,1.96,-0.32,15.9375,16.03125,15.71875,15.75,-22.7,0.0,0.0,110.0
24.56509,0x220,0.0,0.0,1.0,6.25,1.79,-0.46,15.9375,16.03125,15.71875,15.75,-22.7,0.0,0.0,110.0
24.56673,0x2B0,0.0,0.0,1.0,6.25,1.79,-0.46,15.9375,16.03125,15.71875,15.75,-22.7,0.0,0.0,110.0
24.56884,0x316,0.0,0.0,1.0,6.25,1.79,-0.46,15.9375,16.03125,15.71875,15.75,-22.7,0.0,0.0,109.0
24.57505,0x220,0.0,0.0,1.0,6.25,1.64,-0.49,15.9375,16.03125,15.71875,15.75,-22.7,0.0,0.0,109.0
24.57673,0x2B0,0.0,0.0,1.0,6.25,1.64,-0.49,15.9375,16.03125,15.71875,15.75,-22.7,0.0,0.0,109.0
24.57881,0x316,0.0,0.0,1.0,6.25,1.64,-0.49,15.9375,16.03125,15.71875,15.75,-22.7,0.0,0.0,108.0
24.57954,0x386,0.0,0.0,1.0,6.25,1.64,-0.49,15.875,16.03125,15.625,15.71875,-22.7,0.0,0.0,108.0
24.5851,0x220,0.0,0.0,1.0,6.25,1.57,-0.46,15.875,16.03125,15.625,15.71875,-22.7,0.0,0.0,108.0
24.58674,0x2B0,0.0,0.0,1.0,6.25,1.57,-0.46,15.875,16.03125,15.625,15.71875,-22.7,0.0,0.0,108.0
24.58864,0x316,0.0,0.0,1.0,6.25,1.57,-0.46,15.875,16.03125,15.625,15.71875,-22.7,0.0,0.0,107.0
24.59507,0x220,0.0,0.0,1.0,6.25,1.6,-0.41,15.875,16.03125,15.625,15.71875,-22.7,0.0,0.0,107.0
24.59674,0x2B0,0.0,0.0,1.0,6.25,1.6,-0.41,15.875,16.03125,15.625,15.71875,-22.7,0.0,0.0,107.0
24.59873,0x316,0.0,0.0,1.0,6.25,1.6,-0.41,15.875,16.03125,15.625,15.71875,-22.7,0.0,0.0,106.0
24.59938,0x386,0.0,0.0,1.0,6.25,1.6,-0.41,15.90625,15.96875,15.625,15.65625,-22.7,0.0,0.0,106.0
24.6051,0x220,0.0,0.0,1.0,6.25,1.68,-0.39,15.90625,15.96875,15.625,15.65625,-22.7,0.0,0.0,106.0
24.60673,0x2B0,0.0,0.0,1.0,6.25,1.68,-0.39,15.90625,15.96875,15.625,15.65625,-22.7,0.0,0.0,106.0
24.60865,0x316,0.0,0.0,1.0,6.25,1.68,-0.39,15.90625,15.96875,15.625,15.65625,-22.7,0.0,0.0,105.0
24.61505,0x220,0.0,0.0,1.0,6.25,1.73,-0.42,15.90625,15.96875,15.625,15.65625,-22.7,0.0,0.0,105.0
24.61673,0x2B0,0.0,0.0,1.0,6.25,1.73,-0.42,15.90625,15.96875,15.625,15.65625,-22.7,0.0,0.0,105.0
24.61879,0x316,0.0,0.0,1.0,6.25,1.73,-0.42,15.90625,15.96875,15.625,15.65625,-22.7,0.0,0.0,104.0
24.61952,0x386,0.0,0.0,1.0,6.25,1.73,-0.42,15.9375,15.9375,15.5625,15.5,-22.7,0.0,0.0,104.0
24.6251,0x220,0.0,0.0,1.0,6.25,1.75,-0.49,15.9375,15.9375,15.5625,15.5,-22.7,0.0,0.0,104.0
24.62674,0x2B0,0.0,0.0,1.0,6.25,1.75,-0.49,15.9375,15.9375,15.5625,15.5,-22.7,0.0,0.0,104.0
24.62865,0x316,0.0,0.0,1.0,6.25,1.75,-0.49,15.9375,15.9375,15.5625,15.5,-22.7,0.0,0.0,102.0
24.63507,0x220,0.0,0.0,1.0,6.25,1.71,-0.53,15.9375,15.9375,15.5625,15.5,-22.7,0.0,0.0,102.0
24.63673,0x2B0,0.0,0.0,1.0,6.25,1.71,-0.53,15.9375,15.9375,15.5625,15.5,-22.7,0.0,0.0,102.0
24.63886,0x316,0.0,0.0,1.0,6.25,1.71,-0.53,15.9375,15.9375,15.5625,15.5,-22.7,0.0,0.0,101.0
24.63958,0x386,0.0,0.0,1.0,6.25,1.71,-0.53,15.96875,16.0,15.34375,15.40625,-22.7,0.0,0.0,101.0
24.6451,0x220,0.0,0.0,1.0,6.25,1.6,-0.5,15.96875,16.0,15.34375,15.40625,-22.7,0.0,0.0,101.0
24.64673,0x2B0,0.0,0.0,1.0,6.25,1.6,-0.5,15.96875,16.0,15.34375,15.40625,-22.7,0.0,0.0,101.0
24.64875,0x316,0.0,0.0,1.0,6.25,1.6,-0.5,15.96875,16.0,15.34375,15.40625,-22.7,0.0,0.0,100.0
24.65505,0x220,0.0,0.0,1.0,6.25,1.46,-0.47,15.96875,16.0,15.34375,15.40625,-22.7,0.0,0.0,100.0
24.65672,0x2B0,0.0,0.0,1.0,6.25,1.46,-0.47,15.96875,16.0,15.34375,15.40625,-22.7,0.0,0.0,100.0
24.65873,0x316,0.0,0.0,1.0,6.25,1.46,-0.47,15.96875,16.0,15.34375,15.40625,-22.7,0.0,0.0,99.0
24.65947,0x386,0.0,0.0,1.0,6.25,1.46,-0.47,15.96875,15.90625,15.625,15.3125,-22.7,0.0,0.0,99.0
24.6651,0x220,0.0,0.0,1.0,6.25,1.35,-0.44,15.96875,15.90625,15.625,15.3125,-22.7,0.0,0.0,99.0
24.66673,0x2B0,0.0,0.0,1.0,6.25,1.35,-0.44,15.96875,15.90625,15.625,15.3125,-22.7,0.0,0.0,99.0
24.66892,0x316,0.0,0.0,1.0,6.25,1.35,-0.44,15.96875,15.90625,15.625,15.3125,-22.7,0.0,0.0,98.0
24.67505,0x220,0.0,0.0,1.0,6.25,1.24,-0.4,15.96875,15.90625,15.625,15.3125,-22.7,0.0,0.0,98.0
24.67674,0x2B0,0.0,0.0,1.0,6.25,1.24,-0.4,15.96875,15.90625,15.625,15.3125,-22.7,0.0,0.0,98.0
24.67876,0x316,0.0,0.0,1.0,6.25,1.24,-0.4,15.96875,15.90625,15.625,15.3125,-22.7,0.0,0.0,97.0
24.67938,0x386,0.0,0.0,1.0,6.25,1.24,-0.4,15.875,15.90625,15.65625,15.46875,-22.7,0.0,0.0,97.0
24.6851,0x220,0.0,0.0,1.0,6.25,1.18,-0.38,15.875,15.90625,15.65625,15.46875,-22.7,0.0,0.0,97.0
24.68673,0x2B0,0.0,0.0,1.0,6.25,1.18,-0.38,15.875,15.90625,15.65625,15.46875,-22.7,0.0,0.0,97.0
24.68864,0x316,0.0,0.0,1.0,6.25,1.18,-0.38,15.875,15.90625,15.65625,15.46875,-22.7,0.0,0.0,95.0
24.69505,0x220,0.0,0.0,1.0,6.25,1.18,-0.37,15.875,15.90625,15.65625,15.46875,-22.7,0.0,0.0,95.0
24.69672,0x2B0,0.0,0.0,1.0,6.25,1.18,-0.37,15.875,15.90625,15.65625,15.46875,-22.7,0.0,0.0,95.0
24.69872,0x316,0.0,0.0,1.0,6.25,1.18,-0.37,15.875,15.90625,15.65625,15.46875,-22.7,0.0,0.0,93.0
24.69938,0x386,0.0,0.0,1.0,6.25,1.18,-0.37,15.8125,15.84375,15.625,15.625,-22.7,0.0,0.0,93.0
24.70511,0x220,0.0,0.0,1.0,6.25,1.14,-0.36,15.8125,15.84375,15.625,15.625,-22.7,0.0,0.0,93.0
24.70673,0x2B0,0.0,0.0,1.0,6.25,1.14,-0.36,15.8125,15.84375,15.625,15.625,-22.7,0.0,0.0,93.0
24.70868,0x316,0.0,0.0,1.0,6.25,1.14,-0.36,15.8125,15.84375,15.625,15.625,-22.7,0.0,0.0,90.0
24.71505,0x220,0.0,0.0,1.0,6.25,1.1,-0.34,15.8125,15.84375,15.625,15.625,-22.7,0.0,0.0,90.0
24.71675,0x2B0,0.0,0.0,1.0,6.25,1.1,-0.34,15.8125,15.84375,15.625,15.625,-22.6,0.0,0.0,90.0
24.71874,0x316,0.0,0.0,1.0,6.25,1.1,-0.34,15.8125,15.84375,15.625,15.625,-22.6,0.0,0.0,87.0
24.71947,0x386,0.0,0.0,1.0,6.25,1.1,-0.34,15.84375,15.6875,15.53125,15.625,-22.6,0.0,0.0,87.0
24.7251,0x220,0.0,0.0,1.0,6.25,1.0,-0.26,15.84375,15.6875,15.53125,15.625,-22.6,0.0,0.0,87.0
24.72675,0x2B0,0.0,0.0,1.0,6.25,1.0,-0.26,15.84375,15.6875,15.53125,15.625,-22.6,0.0,0.0,87.0
24.72863,0x316,0.0,0.0,1.0,6.25,1.0,-0.26,15.84375,15.6875,15.53125,15.625,-22.6,0.0,0.0,84.0
24.73508,0x220,0.0,0.0,1.0,6.25,0.84,-0.15,15.84375,15.6875,15.53125,15.625,-22.6,0.0,0.0,84.0
24.73676,0x2B0,0.0,0.0,1.0,6.25,0.84,-0.15,15.84375,15.6875,15.53125,15.625,-22.4,8.0,0.0,84.0
24.73887,0x316,0.0,0.0,1.0,6.25,0.84,-0.15,15.84375,15.6875,15.53125,15.625,-22.4,8.0,0.0,81.0
24.73959,0x386,0.0,0.0,1.0,6.25,0.84,-0.15,15.84375,15.6875,15.5625,15.5625,-22.4,8.0,0.0,81.0
24.7451,0x220,0.0,0.0,1.0,6.25,0.65,-0.03,15.84375,15.6875,15.5625,15.5625,-22.4,8.0,0.0,81.0
24.7468,0x2B0,0.0,0.0,1.0,6.25,0.65,-0.03,15.84375,15.6875,15.5625,15.5625,-22.4,8.0,0.0,81.0
24.74883,0x316,0.0,0.0,1.0,6.25,0.65,-0.03,15.84375,15.6875,15.5625,15.5625,-22.4,8.0,0.0,78.0
24.75505,0x220,0.0,0.0,1.0,6.25,0.45,0.02,15.84375,15.6875,15.5625,15.5625,-22.4,8.0,0.0,78.0
24.75677,0x2B0,0.0,0.0,1.0,6.25,0.45,0.02,15.84375,15.6875,15.5625,15.5625,-22.1,12.0,0.0,78.0
24.7587,0x316,0.0,0.0,1.0,6.25,0.45,0.02,15.84375,15.6875,15.5625,15.5625,-22.1,12.0,0.0,76.0
24.75942,0x386,0.0,0.0,1.0,6.25,0.45,0.02,15.78125,15.6875,15.53125,15.75,-22.1,12.0,0.0,76.0
24.76511,0x220,0.0,0.0,1.0,6.25,0.35,0.09,15.78125,15.6875,15.53125,15.75,-22.1,12.0,0.0,76.0
24.76682,0x2B0,0.0,0.0,1.0,6.25,0.35,0.09,15.78125,15.6875,15.53125,15.75,-22.1,12.0,0.0,76.0
24.76882,0x316,0.0,0.0,1.0,6.25,0.35,0.09,15.78125,15.6875,15.53125,15.75,-22.1,12.0,0.0,73.0
24.77505,0x220,0.0,0.0,1.0,6.25,0.4,0.23,15.78125,15.6875,15.53125,15.75,-22.1,12.0,0.0,73.0
24.77676,0x2B0,0.0,0.0,1.0,6.25,0.4,0.23,15.78125,15.6875,15.53125,15.75,-21.8,12.0,0.0,73.0
24.77878,0x316,0.0,0.0,1.0,6.25,0.4,0.23,15.78125,15.6875,15.53125,15.75,-21.8,12.0,0.0,70.0
24.77952,0x386,0.0,0.0,1.0,6.25,0.4,0.23,15.8125,15.75,15.6875,15.59375,-21.8,12.0,0.0,70.0
24.78511,0x220,0.0,0.0,1.0,6.25,0.64,0.32,15.8125,15.75,15.6875,15.59375,-21.8,12.0,0.0,70.0
24.78681,0x2B0,0.0,0.0,1.0,6.25,0.64,0.32,15.8125,15.75,15.6875,15.59375,-21.8,12.0,0.0,70.0
24.78865,0x316,0.0,0.0,1.0,6.25,0.64,0.32,15.8125,15.75,15.6875,15.59375,-21.8,12.0,0.0,67.0
24.79506,0x220,0.0,0.0,1.0,6.25,0.97,0.32,15.8125,15.75,15.6875,15.59375,-21.8,12.0,0.0,67.0
24.79675,0x2B0,0.0,0.0,1.0,6.25,0.97,0.32,15.8125,15.75,15.6875,15.59375,-21.6,8.0,0.0,67.0
24.79869,0x316,0.0,0.0,1.0,6.25,0.97,0.32,15.8125,15.75,15.6875,15.59375,-21.6,8.0,0.0,65.0
24.79939,0x386,0.0,0.0,1.0,6.25,0.97,0.32,15.84375,15.8125,15.65625,15.59375,-21.6,8.0,0.0,65.0
24.80511,0x220,0.0,0.0,1.0,6.25,1.18,0.27,15.84375,15.8125,15.65625,15.59375,-21.6,8.0,0.0,65.0
24.80674,0x2B0,0.0,0.0,1.0,6.25,1.18,0.27,15.84375,15.8125,15.65625,15.59375,-21.5,12.0,0.0,65.0
24.80863,0x316,0.0,0.0,1.0,6.25,1.18,0.27,15.84375,15.8125,15.65625,15.59375,-21.5,12.0,0.0,63.0
24.81506,0x220,0.0,0.0,1.0,6.25,1.24,0.23,15.84375,15.8125,15.65625,15.59375,-21.5,12.0,0.0,63.0
24.81676,0x2B0,0.0,0.0,1.0,6.25,1.24,0.23,15.84375,15.8125,15.65625,15.59375,-21.3,12.0,0.0,63.0
24.81883,0x316,0.0,0.0,1.0,6.25,1.24,0.23,15.84375,15.8125,15.65625,15.59375,-21.3,12.0,0.0,61.0
24.81955,0x386,0.0,0.0,1.0,6.25,1.24,0.23,15.875,15.78125,15.625,15.5625,-21.3,12.0,0.0,61.0
24.82511,0x220,0.0,0.0,1.0,6.25,1.2,0.19,15.875,15.78125,15.625,15.5625,-21.3,12.0,0.0,61.0
24.82676,0x2B0,0.0,0.0,1.0,6.25,1.2,0.19,15.875,15.78125,15.625,15.5625,-21.1,20.0,0.0,61.0
24.82867,0x316,0.0,0.0,1.0,6.25,1.2,0.19,15.875,15.78125,15.625,15.5625,-21.1,20.0,0.0,58.0
24.83507,0x220,0.0,0.0,1.0,6.25,1.14,0.14,15.875,15.78125,15.625,15.5625,-21.1,20.0,0.0,58.0
24.83678,0x2B0,0.0,0.0,1.0,6.25,1.14,0.14,15.875,15.78125,15.625,15.5625,-21.1,8.0,0.0,58.0
24.83884,0x316,0.0,0.0,1.0,6.25,1.14,0.14,15.875,15.78125,15.625,15.5625,-21.1,8.0,0.0,55.0
24.83956,0x386,0.0,0.0,1.0,6.25,1.14,0.14,15.875,15.8125,15.59375,15.5,-21.1,8.0,0.0,55.0
24.8451,0x220,0.0,0.0,1.0,6.25,1.12,0.09,15.875,15.8125,15.59375,15.5,-21.1,8.0,0.0,55.0
24.84675,0x2B0,0.0,0.0,1.0,6.25,1.12,0.09,15.875,15.8125,15.59375,15.5,-20.9,8.0,0.0,55.0
24.8488,0x316,0.0,0.0,1.0,6.25,1.12,0.09,15.875,15.8125,15.59375,15.5,-20.9,8.0,0.0,52.0
24.85506,0x220,0.0,0.0,1.0,6.25,1.15,0.08,15.875,15.8125,15.59375,15.5,-20.9,8.0,0.0,52.0
24.8568,0x2B0,0.0,0.0,1.0,6.25,1.15,0.08,15.875,15.8125,15.59375,15.5,-20.9,8.0,0.0,52.0
24.85868,0x316,0.0,0.0,1.0,6.25,1.15,0.08,15.875,15.8125,15.59375,15.5,-20.9,8.0,0.0,49.0
24.85941,0x386,0.0,0.0,1.0,6.25,1.15,0.08,15.875,15.8125,15.5625,15.53125,-20.9,8.0,0.0,49.0
24.86512,0x220,0.0,0.0,1.0,6.25,1.28,0.12,15.875,15.8125,15.5625,15.53125,-20.9,8.0,0.0,49.0
24.86674,0x2B0,0.0,0.0,1.0,6.25,1.28,0.12,15.875,15.8125,15.5625,15.53125,-20.7,8.0,0.0,49.0
24.86887,0x316,0.0,0.0,1.0,6.25,1.28,0.12,15.875,15.8125,15.5625,15.53125,-20.7,8.0,0.0,46.0
24.87506,0x220,0.0,0.0,1.0,6.25,1.38,0.17,15.875,15.8125,15.5625,15.53125,-20.7,8.0,0.0,46.0
24.87695,0x2B0,0.0,0.0,1.0,6.25,1.38,0.17,15.875,15.8125,15.5625,15.53125,-20.7,8.0,0.0,46.0
24.87876,0x316,0.0,0.0,1.0,6.25,1.38,0.17,15.875,15.8125,15.5625,15.53125,-20.7,8.0,0.0,42.0
24.87938,0x386,0.0,0.0,1.0,6.25,1.38,0.17,15.84375,15.875,15.4375,15.4375,-20.7,8.0,0.0,42.0
24.88511,0x220,0.0,0.0,1.0,6.25,1.38,0.22,15.84375,15.875,15.4375,15.4375,-20.7,8.0,0.0,42.0
24.88675,0x2B0,0.0,0.0,1.0,6.25,1.38,0.22,15.84375,15.875,15.4375,15.4375,-20.5,8.0,0.0,42.0
24.88863,0x316,0.0,0.0,1.0,6.25,1.38,0.22,15.84375,15.875,15.4375,15.4375,-20.5,8.0,0.0,38.0
24.89509,0x220,0.0,0.0,1.0,6.25,1.28,0.25,15.84375,15.875,15.4375,15.4375,-20.5,8.0,0.0,38.0
24.89673,0x2B0,0.0,0.0,1.0,6.25,1.28,0.25,15.84375,15.875,15.4375,15.4375,-20.4,12.0,0.0,38.0
24.89868,0x316,0.0,0.0,1.0,6.25,1.28,0.25,15.84375,15.875,15.4375,15.4375,-20.4,12.0,0.0,33.0
24.89939,0x386,0.0,0.0,1.0,6.25,1.28,0.25,15.9375,15.84375,15.4375,15.4375,-20.4,12.0,0.0,33.0
24.90512,0x220,0.0,0.0,1.0,6.25,1.19,0.28,15.9375,15.84375,15.4375,15.4375,-20.4,12.0,0.0,33.0
24.9068,0x2B0,0.0,0.0,1.0,6.25,1.19,0.28,15.9375,15.84375,15.4375,15.4375,-20.4,0.0,0.0,33.0
24.90868,0x316,0.0,0.0,1.0,6.25,1.19,0.28,15.9375,15.84375,15.4375,15.4375,-20.4,0.0,0.0,30.0
24.91507,0x220,0.0,0.0,1.0,6.25,1.1,0.26,15.9375,15.84375,15.4375,15.4375,-20.4,0.0,0.0,30.0
24.91673,0x2B0,0.0,0.0,1.0,6.25,1.1,0.26,15.9375,15.84375,15.4375,15.4375,-20.2,8.0,0.0,30.0
24.91876,0x316,0.0,0.0,1.0,6.25,1.1,0.26,15.9375,15.84375,15.4375,15.4375,-20.2,8.0,0.0,26.0
24.91948,0x386,0.0,0.0,1.0,6.25,1.1,0.26,15.9375,15.9375,15.375,15.5,-20.2,8.0,0.0,26.0
24.92511,0x220,0.0,0.0,1.0,6.25,0.94,0.22,15.9375,15.9375,15.375,15.5,-20.2,8.0,0.0,26.0
24.9267,0x2B0,0.0,0.0,1.0,6.25,0.94,0.22,15.9375,15.9375,15.375,15.5,-20.2,8.0,0.0,26.0
24.92869,0x316,0.0,0.0,1.0,6.25,0.94,0.22,15.9375,15.9375,15.375,15.5,-20.2,8.0,0.0,23.0
24.93507,0x220,0.0,0.0,1.0,6.25,0.79,0.25,15.9375,15.9375,15.375,15.5,-20.2,8.0,0.0,23.0
24.93678,0x2B0,0.0,0.0,1.0,6.25,0.79,0.25,15.9375,15.9375,15.375,15.5,-20.2,0.0,0.0,23.0
24.93876,0x316,0.0,0.0,1.0,6.25,0.79,0.25,15.9375,15.9375,15.375,15.5,-20.2,0.0,0.0,19.0
24.93949,0x386,0.0,0.0,1.0,6.25,0.79,0.25,15.9375,15.8125,15.53125,15.5,-20.2,0.0,0.0,19.0
24.94513,0x220,0.0,0.0,1.0,6.25,0.73,0.37,15.9375,15.8125,15.53125,15.5,-20.2,0.0,0.0,19.0
24.94675,0x2B0,0.0,0.0,1.0,6.25,0.73,0.37,15.9375,15.8125,15.53125,15.5,-20.1,0.0,0.0,19.0
24.94887,0x316,0.0,0.0,1.0,6.25,0.73,0.37,15.9375,15.8125,15.53125,15.5,-20.1,0.0,0.0,16.0
24.95506,0x220,0.0,0.0,1.0,6.25,0.76,0.5,15.9375,15.8125,15.53125,15.5,-20.1,0.0,0.0,16.0
24.95672,0x2B0,0.0,0.0,1.0,6.25,0.76,0.5,15.9375,15.8125,15.53125,15.5,-20.1,0.0,0.0,16.0
24.95869,0x316,0.0,0.0,1.0,6.25,0.76,0.5,15.9375,15.8125,15.53125,15.5,-20.1,0.0,0.0,13.0
24.95942,0x386,0.0,0.0,1.0,6.25,0.76,0.5,15.90625,15.9375,15.59375,15.5,-20.1,0.0,0.0,13.0
24.96512,0x220,0.0,0.0,1.0,6.25,0.84,0.6,15.90625,15.9375,15.59375,15.5,-20.1,0.0,0.0,13.0
24.96671,0x2B0,0.0,0.0,1.0,6.25,0.84,0.6,15.90625,15.9375,15.59375,15.5,-20.1,0.0,0.0,13.0
24.96887,0x316,0.0,0.0,1.0,6.25,0.84,0.6,15.90625,15.9375,15.59375,15.5,-20.1,0.0,0.0,10.0
24.97506,0x220,0.0,0.0,1.0,6.25,0.94,0.61,15.90625,15.9375,15.59375,15.5,-20.1,0.0,0.0,10.0
24.97672,0x2B0,0.0,0.0,1.0,6.25,0.94,0.61,15.90625,15.9375,15.59375,15.5,-20.1,0.0,0.0,10.0
24.97874,0x316,0.0,0.0,1.0,6.25,0.94,0.61,15.90625,15.9375,15.59375,15.5,-20.1,0.0,0.0,6.0
24.97948,0x386,0.0,0.0,1.0,6.25,0.94,0.61,15.8125,15.875,15.53125,15.625,-20.1,0.0,0.0,6.0
24.98512,0x220,0.0,0.0,1.0,6.25,1.04,0.56,15.8125,15.875,15.53125,15.625,-20.1,0.0,0.0,6.0
24.98671,0x2B0,0.0,0.0,1.0,6.25,1.04,0.56,15.8125,15.875,15.53125,15.625,-20.1,0.0,0.0,6.0
24.9887,0x316,0.0,0.0,1.0,6.25,1.04,0.56,15.8125,15.875,15.53125,15.625,-20.1,0.0,0.0,4.0
24.99506,0x220,0.0,0.0,1.0,6.25,1.07,0.54,15.8125,15.875,15.53125,15.625,-20.1,0.0,0.0,4.0
24.99672,0x2B0,0.0,0.0,1.0,6.25,1.07,0.54,15.8125,15.875,15.53125,15.625,-20.1,0.0,0.0,4.0
24.99869,0x316,0.0,0.0,1.0,6.25,1.07,0.54,15.8125,15.875,15.53125,15.625,-20.1,0.0,0.0,1.0
24.99938,0x386,0.0,0.0,1.0,6.25,1.07,0.54,15.84375,16.0625,15.40625,15.5625,-20.1,0.0,0.0,1.0
25.00512,0x220,0.0,0.0,1.0,6.25,1.0,0.56,15.84375,16.0625,15.40625,15.5625,-20.1,0.0,0.0,1.0
25.0067,0x2B0,0.0,0.0,1.0,6.25,1.0,0.56,15.84375,16.0625,15.40625,15.5625,-20.1,0.0,0.0,1.0
25.00866,0x316,0.0,0.0,1.0,6.25,1.0,0.56,15.84375,16.0625,15.40625,15.5625,-20.1,0.0,0.0,0.0
25.01507,0x220,0.0,0.0,1.0,6.25,0.86,0.61,15.84375,16.0625,15.40625,15.5625,-20.1,0.0,0.0,0.0
25.0167,0x2B0,0.0,0.0,1.0,6.25,0.86,0.61,15.84375,16.0625,15.40625,15.5625,-20.1,0.0,0.0,0.0
25.01874,0x316,0.0,0.0,1.0,6.25,0.86,0.61,15.84375,16.0625,15.40625,15.5625,-20.1,0.0,0.0,0.0
25.01946,0x386,0.0,0.0,1.0,6.25,0.86,0.61,15.8125,15.8125,15.46875,15.5625,-20.1,0.0,0.0,0.0
25.02513,0x220,0.0,0.0,1.0,6.25,0.69,0.7,15.8125,15.8125,15.46875,15.5625,-20.1,0.0,0.0,0.0
25.02671,0x2B0,0.0,0.0,1.0,6.25,0.69,0.7,15.8125,15.8125,15.46875,15.5625,-20.1,0.0,0.0,0.0
25.02867,0x316,0.0,0.0,1.0,6.25,0.69,0.7,15.8125,15.8125,15.46875,15.5625,-20.1,0.0,0.0,0.0
25.03507,0x220,0.0,0.0,1.0,6.25,0.57,0.79,15.8125,15.8125,15.46875,15.5625,-20.1,0.0,0.0,0.0
25.0367,0x2B0,0.0,0.0,1.0,6.25,0.57,0.79,15.8125,15.8125,15.46875,15.5625,-20.1,0.0,0.0,0.0
25.03886,0x316,0.0,0.0,1.0,6.25,0.57,0.79,15.8125,15.8125,15.46875,15.5625,-20.1,0.0,0.0,0.0
25.03958,0x386,0.0,0.0,1.0,6.25,0.57,0.79,16.15625,15.90625,15.5625,15.53125,-20.1,0.0,0.0,0.0
25.04511,0x220,0.0,0.0,1.0,6.25,0.5,0.81,16.15625,15.90625,15.5625,15.53125,-20.1,0.0,0.0,0.0
25.0467,0x2B0,0.0,0.0,1.0,6.25,0.5,0.81,16.15625,15.90625,15.5625,15.53125,-20.1,0.0,0.0,0.0
25.04878,0x316,0.0,0.0,1.0,6.25,0.5,0.81,16.15625,15.90625,15.5625,15.53125,-20.1,0.0,0.0,0.0
25.05507,0x220,0.0,0.0,1.0,6.25,0.54,0.75,16.15625,15.90625,15.5625,15.53125,-20.1,0.0,0.0,0.0
25.05671,0x2B0,0.0,0.0,1.0,6.25,0.54,0.75,16.15625,15.90625,15.5625,15.53125,-20.1,0.0,0.0,0.0
25.05868,0x316,0.0,0.0,1.0,6.25,0.54,0.75,16.15625,15.90625,15.5625,15.53125,-20.1,0.0,0.0,0.0
25.05942,0x386,0.0,0.0,1.0,6.25,0.54,0.75,16.40625,16.375,15.46875,15.5625,-20.1,0.0,0.0,0.0
25.06512,0x220,0.0,0.0,1.0,6.25,0.71,0.65,16.40625,16.375,15.46875,15.5625,-20.1,0.0,0.0,0.0
25.06676,0x2B0,0.0,0.0,1.0,6.25,0.71,0.65,16.40625,16.375,15.46875,15.5625,-20.1,0.0,0.0,0.0
25.06892,0x316,0.0,0.0,1.0,6.25,0.71,0.65,16.40625,16.375,15.46875,15.5625,-20.1,0.0,0.0,0.0
25.07507,0x220,0.0,0.0,1.0,6.25,0.87,0.55,16.40625,16.375,15.46875,15.5625,-20.1,0.0,0.0,0.0
25.07692,0x2B0,0.0,0.0,1.0,6.25,0.87,0.55,16.40625,16.375,15.46875,15.5625,-20.1,0.0,0.0,0.0
25.07882,0x316,0.0,0.0,1.0,6.25,0.87,0.55,16.40625,16.375,15.46875,15.5625,-20.1,0.0,0.0,0.0
25.07939,0x386,0.0,0.0,1.0,6.25,0.87,0.55,15.71875,15.71875,15.5625,15.625,-20.1,0.0,0.0,0.0
25.08512,0x220,0.0,0.0,1.0,6.25,0.98,0.49,15.71875,15.71875,15.5625,15.625,-20.1,0.0,0.0,0.0
25.08674,0x2B0,0.0,0.0,1.0,6.25,0.98,0.49,15.71875,15.71875,15.5625,15.625,-20.1,0.0,0.0,0.0
25.08864,0x316,0.0,0.0,1.0,6.25,0.98,0.49,15.71875,15.71875,15.5625,15.625,-20.1,0.0,0.0,0.0
25.09507,0x220,0.0,0.0,1.0,6.25,1.11,0.48,15.71875,15.71875,15.5625,15.625,-20.1,0.0,0.0,0.0
25.09675,0x2B0,0.0,0.0,1.0,6.25,1.11,0.48,15.71875,15.71875,15.5625,15.625,-20.2,0.0,0.0,0.0
25.09868,0x316,0.0,0.0,1.0,6.25,1.11,0.48,15.71875,15.71875,15.5625,15.625,-20.2,0.0,0.0,0.0
25.09939,0x386,0.0,0.0,1.0,6.25,1.11,0.48,15.84375,15.65625,15.53125,15.8125,-20.2,0.0,0.0,0.0
25.10512,0x220,0.0,0.0,1.0,6.25,1.23,0.49,15.84375,15.65625,15.53125,15.8125,-20.2,0.0,0.0,0.0
25.1067,0x2B0,0.0,0.0,1.0,6.25,1.23,0.49,15.84375,15.65625,15.53125,15.8125,-20.2,0.0,0.0,0.0
25.10866,0x316,0.0,0.0,1.0,6.25,1.23,0.49,15.84375,15.65625,15.53125,15.8125,-20.2,0.0,0.0,0.0
25.11507,0x220,0.0,0.0,1.0,6.25,1.29,0.46,15.84375,15.65625,15.53125,15.8125,-20.2,0.0,0.0,0.0
25.1167,0x2B0,0.0,0.0,1.0,6.25,1.29,0.46,15.84375,15.65625,15.53125,15.8125,-20.2,0.0,0.0,0.0
25.11887,0x316,0.0,0.0,1.0,6.25,1.29,0.46,15.84375,15.65625,15.53125,15.8125,-20.2,0.0,0.0,0.0
25.1196,0x386,0.0,0.0,1.0,6.25,1.29,0.46,15.6875,15.71875,15.59375,15.84375,-20.2,0.0,0.0,0.0
25.12512,0x220,0.0,0.0,1.0,6.25,1.35,0.39,15.6875,15.71875,15.59375,15.84375,-20.2,0.0,0.0,0.0
25.1267,0x2B0,0.0,0.0,1.0,6.25,1.35,0.39,15.6875,15.71875,15.59375,15.84375,-20.2,0.0,0.0,0.0
25.12864,0x316,0.0,0.0,1.0,6.25,1.35,0.39,15.6875,15.71875,15.59375,15.84375,-20.2,0.0,0.0,0.0
25.13508,0x220,0.0,0.0,1.0,6.25,1.45,0.33,15.6875,15.71875,15.59375,15.84375,-20.2,0.0,0.0,0.0
25.13669,0x2B0,0.0,0.0,1.0,6.25,1.45,0.33,15.6875,15.71875,15.59375,15.84375,-20.2,0.0,0.0,0.0
25.13874,0x316,0.0,0.0,1.0,6.25,1.45,0.33,15.6875,15.71875,15.59375,15.84375,-20.2,0.0,0.0,0.0
25.13947,0x386,0.0,0.0,1.0,6.25,1.45,0.33,15.6875,15.6875,15.5,15.8125,-20.2,0.0,0.0,0.0
25.14513,0x220,0.0,0.0,1.0,6.25,1.56,0.3,15.6875,15.6875,15.5,15.8125,-20.2,0.0,0.0,0.0
25.14669,0x2B0,0.0,0.0,1.0,6.25,1.56,0.3,15.6875,15.6875,15.5,15.8125,-20.2,0.0,0.0,0.0
25.14884,0x316,0.0,0.0,1.0,6.25,1.56,0.3,15.6875,15.6875,15.5,15.8125,-20.2,0.0,0.0,0.0
25.15507,0x220,0.0,0.0,1.0,6.25,1.62,0.3,15.6875,15.6875,15.5,15.8125,-20.2,0.0,0.0,0.0
25.15669,0x2B0,0.0,0.0,1.0,6.25,1.62,0.3,15.6875,15.6875,15.5,15.8125,-20.2,0.0,0.0,0.0
25.15871,0x316,0.0,0.0,1.0,6.25,1.62,0.3,15.6875,15.6875,15.5,15.8125,-20.2,0.0,0.0,0.0
25.15944,0x386,0.0,0.0,1.0,6.25,1.62,0.3,15.6875,15.75,15.4375,15.625,-20.2,0.0,0.0,0.0
25.16513,0x220,0.0,0.0,1.0,6.25,1.57,0.23,15.6875,15.75,15.4375,15.625,-20.2,0.0,0.0,0.0
25.16669,0x2B0,0.0,0.0,1.0,6.25,1.57,0.23,15.6875,15.75,15.4375,15.625,-20.2,0.0,0.0,0.0
25.16881,0x316,0.0,0.0,1.0,6.25,1.57,0.23,15.6875,15.75,15.4375,15.625,-20.2,0.0,0.0,0.0
25.17509,0x220,0.0,0.0,1.0,6.25,1.5,0.12,15.6875,15.75,15.4375,15.625,-20.2,0.0,0.0,0.0
25.17674,0x2B0,0.0,0.0,1.0,6.25,1.5,0.12,15.6875,15.75,15.4375,15.625,-20.2,0.0,0.0,0.0
25.17872,0x316,0.0,0.0,1.0,6.25,1.5,0.12,15.6875,15.75,15.4375,15.625,-20.2,0.0,0.0,0.0
25.17946,0x386,0.0,0.0,1.0,6.25,1.5,0.12,15.96875,15.875,15.34375,15.53125,-20.2,0.0,0.0,0.0
25.18513,0x220,0.0,0.0,1.0,6.25,1.46,0.01,15.96875,15.875,15.34375,15.53125,-20.2,0.0,0.0,0.0
25.1867,0x2B0,0.0,0.0,1.0,6.25,1.46,0.01,15.96875,15.875,15.34375,15.53125,-20.2,0.0,0.0,0.0
25.18867,0x316,0.0,0.0,1.0,6.25,1.46,0.01,15.96875,15.875,15.34375,15.53125,-20.2,0.0,0.0,0.0
25.19507,0x220,0.0,0.0,1.0,6.25,1.46,-0.05,15.96875,15.875,15.34375,15.53125,-20.2,0.0,0.0,0.0
25.19669,0x2B0,0.0,0.0,1.0,6.25,1.46,-0.05,15.96875,15.875,15.34375,15.53125,-20.2,0.0,0.0,0.0
25.19872,0x316,0.0,0.0,1.0,6.25,1.46,-0.05,15.96875,15.875,15.34375,15.53125,-20.2,0.0,0.0,0.0
25.1994,0x386,0.0,0.0,1.0,6.25,1.46,-0.05,15.875,15.9375,15.21875,15.5,-20.2,0.0,0.0,0.0
25.20512,0x220,0.0,0.0,1.0,6.25,1.51,-0.13,15.875,15.9375,15.21875,15.5,-20.2,0.0,0.0,0.0
25.20669,0x2B0,0.0,0.0,1.0,6.25,1.51,-0.13,15.875,15.9375,15.21875,15.5,-20.2,0.0,0.0,0.0
25.20864,0x316,0.0,0.0,1.0,6.25,1.51,-0.13,15.875,15.9375,15.21875,15.5,-20.2,0.0,0.0,0.0
25.21507,0x220,0.0,0.0,1.0,6.25,1.65,-0.2,15.875,15.9375,15.21875,15.5,-20.2,0.0,0.0,0.0
25.21669,0x2B0,0.0,0.0,1.0,6.25,1.65,-0.2,15.875,15.9375,15.21875,15.5,-20.2,0.0,0.0,0.0
25.21874,0x316,0.0,0.0,1.0,6.25,1.65,-0.2,15.875,15.9375,15.21875,15.5,-20.2,0.0,0.0,0.0
25.21946,0x386,0.0,0.0,1.0,6.25,1.65,-0.2,15.9375,15.90625,15.03125,15.40625,-20.2,0.0,0.0,0.0
25.22512,0x220,0.0,0.0,1.0,6.25,1.85,-0.25,15.9375,15.90625,15.03125,15.40625,-20.2,0.0,0.0,0.0
25.22669,0x2B0,0.0,0.0,1.0,6.25,1.85,-0.25,15.9375,15.90625,15.03125,15.40625,-20.2,0.0,0.0,0.0
25.22865,0x316,0.0,0.0,1.0,6.25,1.85,-0.25,15.9375,15.90625,15.03125,15.40625,-20.2,0.0,0.0,0.0
25.23508,0x220,0.0,0.0,1.0,6.25,2.06,-0.26,15.9375,15.90625,15.03125,15.40625,-20.2,0.0,0.0,0.0
25.23669,0x2B0,0.0,0.0,1.0,6.25,2.06,-0.26,15.9375,15.90625,15.03125,15.40625,-20.2,0.0,0.0,0.0
25.23889,0x316,0.0,0.0,1.0,6.25,2.06,-0.26,15.9375,15.90625,15.03125,15.40625,-20.2,0.0,0.0,0.0
25.23961,0x386,0.0,0.0,1.0,6.25,2.06,-0.26,15.875,15.875,15.125,15.21875,-20.2,0.0,0.0,0.0
25.24511,0x220,0.0,0.0,1.0,6.25,2.23,-0.22,15.875,15.875,15.125,15.21875,-20.2,0.0,0.0,0.0
25.24668,0x2B0,0.0,0.0,1.0,6.25,2.23,-0.22,15.875,15.875,15.125,15.21875,-20.2,0.0,0.0,0.0
25.24876,0x316,0.0,0.0,1.0,6.25,2.23,-0.22,15.875,15.875,15.125,15.21875,-20.2,0.0,0.0,0.0
25.25507,0x220,0.0,0.0,1.0,6.25,2.33,-0.19,15.875,15.875,15.125,15.21875,-20.2,0.0,0.0,0.0
25.25667,0x2B0,0.0,0.0,1.0,6.25,2.33,-0.19,15.875,15.875,15.125,15.21875,-20.2,0.0,0.0,0.0
25.25868,0x316,0.0,0.0,1.0,6.25,2.33,-0.19,15.875,15.875,15.125,15.21875,-20.2,0.0,0.0,0.0
25.25942,0x386,0.0,0.0,1.0,6.25,2.33,-0.19,15.78125,15.75,15.125,15.0,-20.2,0.0,0.0,0.0
25.26513,0x220,0.0,0.0,1.0,6.25,2.37,-0.27,15.78125,15.75,15.125,15.0,-20.2,0.0,0.0,0.0
25.26669,0x2B0,0.0,0.0,1.0,6.25,2.37,-0.27,15.78125,15.75,15.125,15.0,-20.2,0.0,0.0,0.0
25.26883,0x316,0.0,0.0,1.0,6.25,2.37,-0.27,15.78125,15.75,15.125,15.0,-20.2,0.0,0.0,0.0
25.27508,0x220,0.0,0.0,1.0,6.25,2.3,-0.44,15.78125,15.75,15.125,15.0,-20.2,0.0,0.0,0.0
25.27669,0x2B0,0.0,0.0,1.0,6.25,2.3,-0.44,15.78125,15.75,15.125,15.0,-20.2,0.0,0.0,0.0
25.27882,0x316,0.0,0.0,1.0,6.25,2.3,-0.44,15.78125,15.75,15.125,15.0,-20.2,0.0,0.0,0.0
25.2794,0x386,0.0,0.0,1.0,6.25,2.3,-0.44,15.6875,15.6875,15.0625,15.125,-20.2,0.0,0.0,0.0
25.28512,0x220,0.0,0.0,1.0,6.25,2.06,-0.58,15.6875,15.6875,15.0625,15.125,-20.2,0.0,0.0,0.0
25.28669,0x2B0,0.0,0.0,1.0,6.25,2.06,-0.58,15.6875,15.6875,15.0625,15.125,-20.2,0.0,0.0,0.0
25.28863,0x316,0.0,0.0,1.0,6.25,2.06,-0.58,15.6875,15.6875,15.0625,15.125,-20.2,0.0,0.0,0.0
25.29509,0x220,0.0,0.0,1.0,6.25,1.75,-0.64,15.6875,15.6875,15.0625,15.125,-20.2,0.0,0.0,0.0
25.29669,0x2B0,0.0,0.0,1.0,6.25,1.75,-0.64,15.6875,15.6875,15.0625,15.125,-20.2,0.0,0.0,0.0
25.2987,0x316,0.0,0.0,1.0,6.25,1.75,-0.64,15.6875,15.6875,15.0625,15.125,-20.2,0.0,0.0,0.0
25.29939,0x386,0.0,0.0,1.0,6.25,1.75,-0.64,15.625,16.125,15.25,15.25,-20.2,0.0,0.0,0.0
25.30513,0x220,0.0,0.0,1.0,6.25,1.48,-0.61,15.625,16.125,15.25,15.25,-20.2,0.0,0.0,0.0
25.30669,0x2B0,0.0,0.0,1.0,6.25,1.48,-0.61,15.625,16.125,15.25,15.25,-20.2,0.0,0.0,0.0
25.30863,0x316,0.0,0.0,1.0,6.25,1.48,-0.61,15.625,16.125,15.25,15.25,-20.2,0.0,0.0,0.0
25.31508,0x220,0.0,0.0,1.0,6.25,1.33,-0.55,15.625,16.125,15.25,15.25,-20.2,0.0,0.0,0.0
25.31669,0x2B0,0.0,0.0,1.0,6.25,1.33,-0.55,15.625,16.125,15.25,15.25,-20.2,0.0,0.0,0.0
25.31886,0x316,0.0,0.0,1.0,6.25,1.33,-0.55,15.625,16.125,15.25,15.25,-20.2,0.0,0.0,0.0
25.31958,0x386,0.0,0.0,1.0,6.25,1.33,-0.55,15.625,14.90625,15.40625,15.5,-20.2,0.0,0.0,0.0
25.32513,0x220,0.0,0.0,1.0,6.25,1.31,-0.49,15.625,14.90625,15.40625,15.5,-20.2,0.0,0.0,0.0
25.32668,0x2B0,0.0,0.0,1.0,6.25,1.31,-0.49,15.625,14.90625,15.40625,15.5,-20.2,0.0,0.0,0.0
25.32865,0x316,0.0,0.0,1.0,6.25,1.31,-0.49,15.625,14.90625,15.40625,15.5,-20.2,0.0,0.0,0.0
25.33509,0x220,0.0,0.0,1.0,6.25,1.38,-0.48,15.625,14.90625,15.40625,15.5,-20.2,0.0,0.0,0.0
25.33669,0x2B0,0.0,0.0,1.0,6.25,1.38,-0.48,15.625,14.90625,15.40625,15.5,-20.2,0.0,0.0,0.0
25.33876,0x316,0.0,0.0,1.0,6.25,1.38,-0.48,15.625,14.90625,15.40625,15.5,-20.2,0.0,0.0,0.0
25.33948,0x386,0.0,0.0,1.0,6.25,1.38,-0.48,15.21875,15.96875,15.34375,15.5625,-20.2,0.0,0.0,0.0
25.34512,0x220,0.0,0.0,1.0,6.25,1.4,-0.45,15.21875,15.96875,15.34375,15.5625,-20.2,0.0,0.0,0.0
25.34669,0x2B0,0.0,0.0,1.0,6.25,1.4,-0.45,15.21875,15.96875,15.34375,15.5625,-20.2,0.0,0.0,0.0
25.34877,0x316,0.0,0.0,1.0,6.25,1.4,-0.45,15.21875,15.96875,15.34375,15.5625,-20.2,0.0,0.0,0.0
25.35507,0x220,0.0,0.0,1.0,6.25,1.38,-0.41,15.21875,15.96875,15.34375,15.5625,-20.2,0.0,0.0,0.0
25.35669,0x2B0,0.0,0.0,1.0,6.25,1.38,-0.41,15.21875,15.96875,15.34375,15.5625,-20.2,0.0,0.0,0.0
25.35874,0x316,0.0,0.0,1.0,6.25,1.38,-0.41,15.21875,15.96875,15.34375,15.5625,-20.2,0.0,0.0,0.0
25.35947,0x386,0.0,0.0,1.0,6.25,1.38,-0.41,15.59375,15.53125,15.46875,15.5,-20.2,0.0,0.0,0.0
25.36513,0x220,0.0,0.0,1.0,6.25,1.3,-0.36,15.59375,15.53125,15.46875,15.5,-20.2,0.0,0.0,0.0
25.3667,0x2B0,0.0,0.0,1.0,6.25,1.3,-0.36,15.59375,15.53125,15.46875,15.5,-20.2,0.0,0.0,0.0
25.36884,0x316,0.0,0.0,1.0,6.25,1.3,-0.36,15.59375,15.53125,15.46875,15.5,-20.2,0.0,0.0,0.0
25.37507,0x220,0.0,0.0,1.0,6.25,1.17,-0.31,15.59375,15.53125,15.46875,15.5,-20.2,0.0,0.0,0.0
25.37672,0x2B0,0.0,0.0,1.0,6.25,1.17,-0.31,15.59375,15.53125,15.46875,15.5,-20.2,0.0,0.0,0.0
25.37874,0x316,0.0,0.0,1.0,6.25,1.17,-0.31,15.59375,15.53125,15.46875,15.5,-20.2,0.0,0.0,0.0
25.37947,0x386,0.0,0.0,1.0,6.25,1.17,-0.31,15.875,15.78125,15.53125,15.71875,-20.2,0.0,0.0,0.0
25.38513,0x220,0.0,0.0,1.0,6.25,1.05,-0.23,15.875,15.78125,15.53125,15.71875,-20.2,0.0,0.0,0.0
25.38673,0x2B0,0.0,0.0,1.0,6.25,1.05,-0.23,15.875,15.78125,15.53125,15.71875,-20.2,0.0,0.0,0.0
25.38863,0x316,0.0,0.0,1.0,6.25,1.05,-0.23,15.875,15.78125,15.53125,15.71875,-20.2,0.0,0.0,0.0
25.39508,0x220,0.0,0.0,1.0,6.25,1.03,-0.15,15.875,15.78125,15.53125,15.71875,-20.2,0.0,0.0,0.0
25.39674,0x2B0,0.0,0.0,1.0,6.25,1.03,-0.15,15.875,15.78125,15.53125,15.71875,-20.4,8.0,0.0,0.0
25.39874,0x316,0.0,0.0,1.0,6.25,1.03,-0.15,15.875,15.78125,15.53125,15.71875,-20.4,8.0,0.0,0.0
25.3994,0x386,0.0,0.0,1.0,6.25,1.03,-0.15,15.46875,15.5625,15.625,15.59375,-20.4,8.0,0.0,0.0
25.40513,0x220,0.0,0.0,1.0,6.25,1.05,-0.1,15.46875,15.5625,15.625,15.59375,-20.4,8.0,0.0,0.0
25.40669,0x2B0,0.0,0.0,1.0,6.25,1.05,-0.1,15.46875,15.5625,15.625,15.59375,-20.4,8.0,0.0,0.0
25.40868,0x316,0.0,0.0,1.0,6.25,1.05,-0.1,15.46875,15.5625,15.625,15.59375,-20.4,8.0,0.0,0.0
25.41508,0x220,0.0,0.0,1.0,6.25,1.05,-0.07,15.46875,15.5625,15.625,15.59375,-20.4,8.0,0.0,0.0
25.41675,0x2B0,0.0,0.0,1.0,6.25,1.05,-0.07,15.46875,15.5625,15.625,15.59375,-20.4,0.0,0.0,0.0
25.41874,0x316,0.0,0.0,1.0,6.25,1.05,-0.07,15.46875,15.5625,15.625,15.59375,-20.4,0.0,0.0,0.0
25.41946,0x386,0.0,0.0,1.0,6.25,1.05,-0.07,15.5625,16.1875,15.65625,15.375,-20.4,0.0,0.0,0.0
25.42514,0x220,0.0,0.0,1.0,6.25,1.01,0.0,15.5625,16.1875,15.65625,15.375,-20.4,0.0,0.0,0.0
25.42675,0x2B0,0.0,0.0,1.0,6.25,1.01,0.0,15.5625,16.1875,15.65625,15.375,-20.6,8.0,0.0,0.0
25.42863,0x316,0.0,0.0,1.0,6.25,1.01,0.0,15.5625,16.1875,15.65625,15.375,-20.6,8.0,0.0,0.0
25.43508,0x220,0.0,0.0,1.0,6.25,0.95,0.04,15.5625,16.1875,15.65625,15.375,-20.6,8.0,0.0,0.0
25.43678,0x2B0,0.0,0.0,1.0,6.25,0.95,0.04,15.5625,16.1875,15.65625,15.375,-20.6,8.0,0.0,0.0
25.43891,0x316,0.0,0.0,1.0,6.25,0.95,0.04,15.5625,16.1875,15.65625,15.375,-20.6,8.0,0.0,0.0
25.43963,0x386,0.0,0.0,1.0,6.25,0.95,0.04,15.625,15.75,15.53125,15.34375,-20.6,8.0,0.0,0.0
25.44512,0x220,0.0,0.0,1.0,6.25,0.93,0.03,15.625,15.75,15.53125,15.34375,-20.6,8.0,0.0,0.0
25.44673,0x2B0,0.0,0.0,1.0,6.25,0.93,0.03,15.625,15.75,15.53125,15.34375,-20.7,0.0,0.0,0.0
25.4488,0x316,0.0,0.0,1.0,6.25,0.93,0.03,15.625,15.75,15.53125,15.34375,-20.7,0.0,0.0,0.0
25.45509,0x220,0.0,0.0,1.0,6.25,1.01,0.0,15.625,15.75,15.53125,15.34375,-20.7,0.0,0.0,0.0
25.45672,0x2B0,0.0,0.0,1.0,6.25,1.01,0.0,15.625,15.75,15.53125,15.34375,-20.7,0.0,0.0,0.0
25.45868,0x316,0.0,0.0,1.0,6.25,1.01,0.0,15.625,15.75,15.53125,15.34375,-20.7,0.0,0.0,0.0
25.45942,0x386,0.0,0.0,1.0,6.25,1.01,0.0,15.78125,15.03125,15.375,15.4375,-20.7,0.0,0.0,0.0
25.46513,0x220,0.0,0.0,1.0,6.25,1.1,-0.04,15.78125,15.03125,15.375,15.4375,-20.7,0.0,0.0,0.0
25.46672,0x2B0,0.0,0.0,1.0,6.25,1.1,-0.04,15.78125,15.03125,15.375,15.4375,-21.0,12.0,0.0,0.0
25.46881,0x316,0.0,0.0,1.0,6.25,1.1,-0.04,15.78125,15.03125,15.375,15.4375,-21.0,12.0,0.0,0.0
25.47509,0x220,0.0,0.0,1.0,6.25,1.18,-0.04,15.78125,15.03125,15.375,15.4375,-21.0,12.0,0.0,0.0
25.47692,0x2B0,0.0,0.0,1.0,6.25,1.18,-0.04,15.78125,15.03125,15.375,15.4375,-21.0,12.0,0.0,0.0
25.47883,0x316,0.0,0.0,1.0,6.25,1.18,-0.04,15.78125,15.03125,15.375,15.4375,-21.0,12.0,0.0,0.0
25.47941,0x386,0.0,0.0,1.0,6.25,1.18,-0.04,15.75,15.8125,15.5625,15.4375,-21.0,12.0,0.0,0.0
25.48513,0x220,0.0,0.0,1.0,6.25,1.21,0.0,15.75,15.8125,15.5625,15.4375,-21.0,12.0,0.0,0.0
25.48674,0x2B0,0.0,0.0,1.0,6.25,1.21,0.0,15.75,15.8125,15.5625,15.4375,-21.2,8.0,0.0,0.0
25.48867,0x316,0.0,0.0,1.0,6.25,1.21,0.0,15.75,15.8125,15.5625,15.4375,-21.2,8.0,0.0,0.0
25.49508,0x220,0.0,0.0,1.0,6.25,1.21,0.15,15.75,15.8125,15.5625,15.4375,-21.2,8.0,0.0,0.0
25.49674,0x2B0,0.0,0.0,1.0,6.25,1.21,0.15,15.75,15.8125,15.5625,15.4375,-21.4,20.0,0.0,0.0
25.49869,0x316,0.0,0.0,1.0,6.25,1.21,0.15,15.75,15.8125,15.5625,15.4375,-21.4,20.0,0.0,0.0
25.49941,0x386,0.0,0.0,1.0,6.25,1.21,0.15,15.78125,15.71875,15.5,15.40625,-21.4,20.0,0.0,0.0
25.50515,0x220,0.0,0.0,1.0,6.25,1.21,0.28,15.78125,15.71875,15.5,15.40625,-21.4,20.0,0.0,0.0
25.50673,0x2B0,0.0,0.0,1.0,6.25,1.21,0.28,15.78125,15.71875,15.5,15.40625,-21.5,12.0,0.0,0.0
25.50863,0x316,0.0,0.0,1.0,6.25,1.21,0.28,15.78125,15.71875,15.5,15.40625,-21.5,12.0,0.0,0.0
25.51508,0x220,0.0,0.0,1.0,6.25,1.21,0.22,15.78125,15.71875,15.5,15.40625,-21.5,12.0,0.0,0.0
25.51675,0x2B0,0.0,0.0,1.0,6.25,1.21,0.22,15.78125,15.71875,15.5,15.40625,-21.5,0.0,0.0,0.0
25.5188,0x316,0.0,0.0,1.0,6.25,1.21,0.22,15.78125,15.71875,15.5,15.40625,-21.5,0.0,0.0,0.0
25.51953,0x386,0.0,0.0,1.0,6.25,1.21,0.22,15.78125,16.0,15.4375,15.40625,-21.5,0.0,0.0,0.0
25.52513,0x220,0.0,0.0,1.0,6.25,1.18,-0.01,15.78125,16.0,15.4375,15.40625,-21.5,0.0,0.0,0.0
25.52674,0x2B0,0.0,0.0,1.0,6.25,1.18,-0.01,15.78125,16.0,15.4375,15.40625,-21.8,12.0,0.0,0.0
25.52867,0x316,0.0,0.0,1.0,6.25,1.18,-0.01,15.78125,16.0,15.4375,15.40625,-21.8,12.0,0.0,0.0
25.53508,0x220,0.0,0.0,1.0,6.25,1.12,-0.22,15.78125,16.0,15.4375,15.40625,-21.8,12.0,0.0,0.0
25.53675,0x2B0,0.0,0.0,1.0,6.25,1.12,-0.22,15.78125,16.0,15.4375,15.40625,-21.8,12.0,0.0,0.0
25.53881,0x316,0.0,0.0,1.0,6.25,1.12,-0.22,15.78125,16.0,15.4375,15.40625,-21.8,12.0,0.0,0.0
25.53953,0x386,0.0,0.0,1.0,6.25,1.12,-0.22,16.40625,16.3125,15.3125,15.34375,-21.8,12.0,0.0,0.0
25.54512,0x220,0.0,0.0,1.0,6.25,0.99,-0.31,16.40625,16.3125,15.3125,15.34375,-21.8,12.0,0.0,0.0
25.54674,0x2B0,0.0,0.0,1.0,6.25,0.99,-0.31,16.40625,16.3125,15.3125,15.34375,-22.1,12.0,0.0,0.0
25.54878,0x316,0.0,0.0,1.0,6.25,0.99,-0.31,16.40625,16.3125,15.3125,15.34375,-22.1,12.0,0.0,0.0
25.55508,0x220,0.0,0.0,1.0,6.25,0.8,-0.19,16.40625,16.3125,15.3125,15.34375,-22.1,12.0,0.0,0.0
25.55677,0x2B0,0.0,0.0,1.0,6.25,0.8,-0.19,16.40625,16.3125,15.3125,15.34375,-22.1,12.0,0.0,0.0
25.55874,0x316,0.0,0.0,1.0,6.25,0.8,-0.19,16.40625,16.3125,15.3125,15.34375,-22.1,12.0,0.0,0.0
25.55947,0x386,0.0,0.0,1.0,6.25,0.8,-0.19,15.375,15.28125,15.40625,15.3125,-22.1,12.0,0.0,0.0
25.56514,0x220,0.0,0.0,1.0,6.25,0.59,0.01,15.375,15.28125,15.40625,15.3125,-22.1,12.0,0.0,0.0
25.56673,0x2B0,0.0,0.0,1.0,6.25,0.59,0.01,15.375,15.28125,15.40625,15.3125,-22.4,12.0,0.0,0.0
25.56889,0x316,0.0,0.0,1.0,6.25,0.59,0.01,15.375,15.28125,15.40625,15.3125,-22.4,12.0,0.0,0.0
25.57509,0x220,0.0,0.0,1.0,6.25,0.47,0.18,15.375,15.28125,15.40625,15.3125,-22.4,12.0,0.0,0.0
25.57671,0x2B0,0.0,0.0,1.0,6.25,0.47,0.18,15.375,15.28125,15.40625,15.3125,-22.6,24.0,0.0,0.0
25.57873,0x316,0.0,0.0,1.0,6.25,0.47,0.18,15.375,15.28125,15.40625,15.3125,-22.6,24.0,0.0,0.0
25.57945,0x386,0.0,0.0,1.0,6.25,0.47,0.18,15.4375,15.9375,15.21875,15.40625,-22.6,24.0,0.0,0.0
25.58514,0x220,0.0,0.0,1.0,6.25,0.44,0.2,15.4375,15.9375,15.21875,15.40625,-22.6,24.0,0.0,0.0
25.58674,0x2B0,0.0,0.0,1.0,6.25,0.44,0.2,15.4375,15.9375,15.21875,15.40625,-22.8,20.0,0.0,0.0
25.58863,0x316,0.0,0.0,1.0,6.25,0.44,0.2,15.4375,15.9375,15.21875,15.40625,-22.8,20.0,0.0,0.0
25.59508,0x220,0.0,0.0,1.0,6.25,0.47,0.2,15.4375,15.9375,15.21875,15.40625,-22.8,20.0,0.0,0.0
25.59674,0x2B0,0.0,0.0,1.0,6.25,0.47,0.2,15.4375,15.9375,15.21875,15.40625,-23.0,20.0,0.0,0.0
25.59872,0x316,0.0,0.0,1.0,6.25,0.47,0.2,15.4375,15.9375,15.21875,15.40625,-23.0,20.0,0.0,0.0
25.59941,0x386,0.0,0.0,1.0,6.25,0.47,0.2,15.65625,15.4375,15.21875,15.34375,-23.0,20.0,0.0,0.0
25.60514,0x220,0.0,0.0,1.0,6.25,0.57,0.26,15.65625,15.4375,15.21875,15.34375,-23.0,20.0,0.0,0.0
25.60674,0x2B0,0.0,0.0,1.0,6.25,0.57,0.26,15.65625,15.4375,15.21875,15.34375,-23.3,24.0,0.0,0.0
25.60868,0x316,0.0,0.0,1.0,6.25,0.57,0.26,15.65625,15.4375,15.21875,15.34375,-23.3,24.0,0.0,0.0
25.61509,0x220,0.0,0.0,1.0,6.25,0.76,0.35,15.65625,15.4375,15.21875,15.34375,-23.3,24.0,0.0,0.0
25.61673,0x2B0,0.0,0.0,1.0,6.25,0.76,0.35,15.65625,15.4375,15.21875,15.34375,-23.5,24.0,0.0,0.0
25.61908,0x316,0.0,0.0,1.0,6.25,0.76,0.35,15.65625,15.4375,15.21875,15.34375,-23.5,24.0,0.0,0.0
25.61956,0x386,0.0,0.0,1.0,6.25,0.76,0.35,15.65625,15.5625,15.25,15.25,-23.5,24.0,0.0,0.0
25.62515,0x220,0.0,0.0,1.0,6.25,0.92,0.43,15.65625,15.5625,15.25,15.25,-23.5,24.0,0.0,0.0
25.62674,0x2B0,0.0,0.0,1.0,6.25,0.92,0.43,15.65625,15.5625,15.25,15.25,-23.8,24.0,0.0,0.0
25.62863,0x316,0.0,0.0,1.0,6.25,0.92,0.43,15.65625,15.5625,15.25,15.25,-23.8,24.0,0.0,0.0
25.63509,0x220,0.0,0.0,1.0,6.25,0.97,0.39,15.65625,15.5625,15.25,15.25,-23.8,24.0,0.0,0.0
25.63674,0x2B0,0.0,0.0,1.0,6.25,0.97,0.39,15.65625,15.5625,15.25,15.25,-24.1,28.0,0.0,0.0
25.63892,0x316,0.0,0.0,1.0,6.25,0.97,0.39,15.65625,15.5625,15.25,15.25,-24.1,28.0,0.0,0.0
25.63963,0x386,0.0,0.0,1.0,6.25,0.97,0.39,15.625,15.375,15.25,15.21875,-24.1,28.0,0.0,0.0
25.64512,0x220,0.0,0.0,1.0,6.25,0.91,0.27,15.625,15.375,15.25,15.21875,-24.1,28.0,0.0,0.0
25.64674,0x2B0,0.0,0.0,1.0,6.25,0.91,0.27,15.625,15.375,15.25,15.21875,-24.4,28.0,0.0,0.0
25.64882,0x316,0.0,0.0,1.0,6.25,0.91,0.27,15.625,15.375,15.25,15.21875,-24.4,28.0,0.0,0.0
25.65508,0x220,0.0,0.0,1.0,6.25,0.78,0.2,15.625,15.375,15.25,15.21875,-24.4,28.0,0.0,0.0
25.65676,0x2B0,0.0,0.0,1.0,6.25,0.78,0.2,15.625,15.375,15.25,15.21875,-24.7,28.0,0.0,0.0
25.65868,0x316,0.0,0.0,1.0,6.25,0.78,0.2,15.625,15.375,15.25,15.21875,-24.7,28.0,0.0,0.0
25.65941,0x386,0.0,0.0,1.0,6.25,0.78,0.2,15.5625,15.5,15.25,15.34375,-24.7,28.0,0.0,0.0
25.66515,0x220,0.0,0.0,1.0,6.25,0.64,0.22,15.5625,15.5,15.25,15.34375,-24.7,28.0,0.0,0.0
25.66678,0x2B0,0.0,0.0,1.0,6.25,0.64,0.22,15.5625,15.5,15.25,15.34375,-25.1,32.0,0.0,0.0
25.66882,0x316,0.0,0.0,1.0,6.25,0.64,0.22,15.5625,15.5,15.25,15.34375,-25.1,32.0,0.0,0.0
25.67509,0x220,0.0,0.0,1.0,6.25,0.55,0.26,15.5625,15.5,15.25,15.34375,-25.1,32.0,0.0,0.0
25.67697,0x2B0,0.0,0.0,1.0,6.25,0.55,0.26,15.5625,15.5,15.25,15.34375,-25.4,32.0,0.0,0.0
25.67886,0x316,0.0,0.0,1.0,6.25,0.55,0.26,15.5625,15.5,15.25,15.34375,-25.4,32.0,0.0,0.0
25.67941,0x386,0.0,0.0,1.0,6.25,0.55,0.26,15.5,15.4375,15.3125,15.25,-25.4,32.0,0.0,0.0
25.68515,0x220,0.0,0.0,1.0,6.25,0.52,0.28,15.5,15.4375,15.3125,15.25,-25.4,32.0,0.0,0.0
25.68676,0x2B0,0.0,0.0,1.0,6.25,0.52,0.28,15.5,15.4375,15.3125,15.25,-25.7,28.0,0.0,0.0
25.68867,0x316,0.0,0.0,1.0,6.25,0.52,0.28,15.5,15.4375,15.3125,15.25,-25.7,28.0,0.0,0.0
25.69509,0x220,0.0,0.0,1.0,6.25,0.54,0.29,15.5,15.4375,15.3125,15.25,-25.7,28.0,0.0,0.0
25.69674,0x2B0,0.0,0.0,1.0,6.25,0.54,0.29,15.5,15.4375,15.3125,15.25,-26.1,32.0,0.0,0.0
25.69868,0x316,0.0,0.0,1.0,6.25,0.54,0.29,15.5,15.4375,15.3125,15.25,-26.1,32.0,0.0,0.0
25.69941,0x386,0.0,0.0,1.0,6.25,0.54,0.29,15.46875,15.46875,15.34375,15.21875,-26.1,32.0,0.0,0.0
25.70515,0x220,0.0,0.0,1.0,6.25,0.58,0.31,15.46875,15.46875,15.34375,15.21875,-26.1,32.0,0.0,0.0
25.70674,0x2B0,0.0,0.0,1.0,6.25,0.58,0.31,15.46875,15.46875,15.34375,15.21875,-26.4,32.0,0.0,0.0
25.70863,0x316,0.0,0.0,1.0,6.25,0.58,0.31,15.46875,15.46875,15.34375,15.21875,-26.4,32.0,0.0,0.0
25.71509,0x220,0.0,0.0,1.0,6.25,0.61,0.31,15.46875,15.46875,15.34375,15.21875,-26.4,32.0,0.0,0.0
25.71674,0x2B0,0.0,0.0,1.0,6.25,0.61,0.31,15.46875,15.46875,15.34375,15.21875,-26.7,28.0,0.0,0.0
25.71914,0x316,0.0,0.0,1.0,6.25,0.61,0.31,15.46875,15.46875,15.34375,15.21875,-26.7,28.0,0.0,0.0
25.71962,0x386,0.0,0.0,1.0,6.25,0.61,0.31,15.46875,15.53125,15.25,15.25,-26.7,28.0,0.0,0.0
25.72514,0x220,0.0,0.0,1.0,6.25,0.57,0.25,15.46875,15.53125,15.25,15.25,-26.7,28.0,0.0,0.0
25.72675,0x2B0,0.0,0.0,1.0,6.25,0.57,0.25,15.46875,15.53125,15.25,15.25,-27.1,32.0,0.0,0.0
25.72867,0x316,0.0,0.0,1.0,6.25,0.57,0.25,15.46875,15.53125,15.25,15.25,-27.1,32.0,0.0,0.0
25.7351,0x220,0.0,0.0,1.0,6.25,0.51,0.16,15.46875,15.53125,15.25,15.25,-27.1,32.0,0.0,0.0
25.73674,0x2B0,0.0,0.0,1.0,6.25,0.51,0.16,15.46875,15.53125,15.25,15.25,-27.4,32.0,0.0,0.0
25.73879,0x316,0.0,0.0,1.0,6.25,0.51,0.16,15.46875,15.53125,15.25,15.25,-27.4,32.0,0.0,0.0
25.73951,0x386,0.0,0.0,1.0,6.25,0.51,0.16,15.4375,15.34375,15.0625,15.3125,-27.4,32.0,0.0,0.0
25.74513,0x220,0.0,0.0,1.0,6.25,0.47,0.14,15.4375,15.34375,15.0625,15.3125,-27.4,32.0,0.0,0.0
25.74675,0x2B0,0.0,0.0,1.0,6.25,0.47,0.14,15.4375,15.34375,15.0625,15.3125,-27.8,32.0,0.0,0.0
25.74878,0x316,0.0,0.0,1.0,6.25,0.47,0.14,15.4375,15.34375,15.0625,15.3125,-27.8,32.0,0.0,0.0
25.7551,0x220,0.0,0.0,1.0,6.25,0.42,0.16,15.4375,15.34375,15.0625,15.3125,-27.8,32.0,0.0,0.0
25.75674,0x2B0,0.0,0.0,1.0,6.25,0.42,0.16,15.4375,15.34375,15.0625,15.3125,-28.2,40.0,0.0,0.0
25.75874,0x316,0.0,0.0,1.0,6.25,0.42,0.16,15.4375,15.34375,15.0625,15.3125,-28.2,40.0,0.0,0.0
25.75946,0x386,0.0,0.0,1.0,6.25,0.42,0.16,15.625,15.25,15.21875,15.125,-28.2,40.0,0.0,0.0
25.76515,0x220,0.0,0.0,1.0,6.25,0.41,0.21,15.625,15.25,15.21875,15.125,-28.2,40.0,0.0,0.0
25.76675,0x2B0,0.0,0.0,1.0,6.25,0.41,0.21,15.625,15.25,15.21875,15.125,-28.5,32.0,0.0,0.0
25.76885,0x316,0.0,0.0,1.0,6.25,0.41,0.21,15.625,15.25,15.21875,15.125,-28.5,32.0,0.0,0.0
25.7751,0x220,0.0,0.0,1.0,6.25,0.48,0.26,15.625,15.25,15.21875,15.125,-28.5,32.0,0.0,0.0
25.77675,0x2B0,0.0,0.0,1.0,6.25,0.48,0.26,15.625,15.25,15.21875,15.125,-28.9,32.0,0.0,0.0
25.77872,0x316,0.0,0.0,1.0,6.25,0.48,0.26,15.625,15.25,15.21875,15.125,-28.9,32.0,0.0,0.0
25.77944,0x386,0.0,0.0,1.0,6.25,0.48,0.26,15.46875,15.125,15.1875,15.15625,-28.9,32.0,0.0,0.0
25.78515,0x220,0.0,0.0,1.0,6.25,0.59,0.29,15.46875,15.125,15.1875,15.15625,-28.9,32.0,0.0,0.0
25.78674,0x2B0,0.0,0.0,1.0,6.25,0.59,0.29,15.46875,15.125,15.1875,15.15625,-29.2,32.0,0.0,0.0
25.78862,0x316,0.0,0.0,1.0,6.25,0.59,0.29,15.46875,15.125,15.1875,15.15625,-29.2,32.0,0.0,0.0
25.7951,0x220,0.0,0.0,1.0,6.25,0.75,0.24,15.46875,15.125,15.1875,15.15625,-29.2,32.0,0.0,0.0
25.79673,0x2B0,0.0,0.0,1.0,6.25,0.75,0.24,15.46875,15.125,15.1875,15.15625,-29.6,32.0,0.0,0.0
25.79872,0x316,0.0,0.0,1.0,6.25,0.75,0.24,15.46875,15.125,15.1875,15.15625,-29.6,32.0,0.0,0.0
25.79941,0x386,0.0,0.0,1.0,6.25,0.75,0.24,15.46875,15.40625,15.125,15.125,-29.6,32.0,0.0,0.0
25.80514,0x220,0.0,0.0,1.0,6.25,0.84,0.14,15.46875,15.40625,15.125,15.125,-29.6,32.0,0.0,0.0
25.80673,0x2B0,0.0,0.0,1.0,6.25,0.84,0.14,15.46875,15.40625,15.125,15.125,-29.9,32.0,0.0,0.0
25.80865,0x316,0.0,0.0,1.0,6.25,0.84,0.14,15.46875,15.40625,15.125,15.125,-29.9,32.0,0.0,0.0
25.8151,0x220,0.0,0.0,1.0,6.25,0.85,0.09,15.46875,15.40625,15.125,15.125,-29.9,32.0,0.0,0.0
25.81673,0x2B0,0.0,0.0,1.0,6.25,0.85,0.09,15.46875,15.40625,15.125,15.125,-30.2,28.0,0.0,0.0
25.81868,0x316,0.0,0.0,1.0,6.25,0.85,0.09,15.46875,15.40625,15.125,15.125,-30.2,28.0,0.0,0.0
25.81958,0x386,0.0,0.0,1.0,6.25,0.85,0.09,15.4375,15.5,15.09375,15.15625,-30.2,28.0,0.0,0.0
25.82514,0x220,0.0,0.0,1.0,6.25,0.83,0.08,15.4375,15.5,15.09375,15.15625,-30.2,28.0,0.0,0.0
25.82674,0x2B0,0.0,0.0,1.0,6.25,0.83,0.08,15.4375,15.5,15.09375,15.15625,-30.5,28.0,0.0,0.0
25.82862,0x316,0.0,0.0,1.0,6.25,0.83,0.08,15.4375,15.5,15.09375,15.15625,-30.5,28.0,0.0,0.0
25.83512,0x220,0.0,0.0,1.0,6.25,0.78,0.09,15.4375,15.5,15.09375,15.15625,-30.5,28.0,0.0,0.0
25.83674,0x2B0,0.0,0.0,1.0,6.25,0.78,0.09,15.4375,15.5,15.09375,15.15625,-30.7,24.0,0.0,0.0
25.83874,0x316,0.0,0.0,1.0,6.25,0.78,0.09,15.4375,15.5,15.09375,15.15625,-30.7,24.0,0.0,0.0
25.83945,0x386,0.0,0.0,1.0,6.25,0.78,0.09,15.4375,15.53125,15.09375,15.15625,-30.7,24.0,0.0,0.0
25.84515,0x220,0.0,0.0,1.0,6.25,0.71,0.06,15.4375,15.53125,15.09375,15.15625,-30.7,24.0,0.0,0.0
25.84675,0x2B0,0.0,0.0,1.0,6.25,0.71,0.06,15.4375,15.53125,15.09375,15.15625,-30.9,20.0,0.0,0.0
25.84881,0x316,0.0,0.0,1.0,6.25,0.71,0.06,15.4375,15.53125,15.09375,15.15625,-30.9,20.0,0.0,0.0
25.8551,0x220,0.0,0.0,1.0,6.25,0.71,0.01,15.4375,15.53125,15.09375,15.15625,-30.9,20.0,0.0,0.0
25.85677,0x2B0,0.0,0.0,1.0,6.25,0.71,0.01,15.4375,15.53125,15.09375,15.15625,-31.1,20.0,0.0,0.0
25.85867,0x316,0.0,0.0,1.0,6.25,0.71,0.01,15.4375,15.53125,15.09375,15.15625,-31.1,20.0,0.0,0.0
25.85941,0x386,0.0,0.0,1.0,6.25,0.71,0.01,15.4375,15.5625,15.21875,15.125,-31.1,20.0,0.0,0.0
25.86515,0x220,0.0,0.0,1.0,6.25,0.79,-0.01,15.4375,15.5625,15.21875,15.125,-31.1,20.0,0.0,0.0
25.86678,0x2B0,0.0,0.0,1.0,6.25,0.79,-0.01,15.4375,15.5625,15.21875,15.125,-31.3,20.0,0.0,0.0
25.8688,0x316,0.0,0.0,1.0,6.25,0.79,-0.01,15.4375,15.5625,15.21875,15.125,-31.3,20.0,0.0,0.0
25.8751,0x220,0.0,0.0,1.0,6.25,0.88,-0.07,15.4375,15.5625,15.21875,15.125,-31.3,20.0,0.0,0.0
25.87693,0x2B0,0.0,0.0,1.0,6.25,0.88,-0.07,15.4375,15.5625,15.21875,15.125,-31.3,8.0,0.0,0.0
25.87875,0x316,0.0,0.0,1.0,6.25,0.88,-0.07,15.4375,15.5625,15.21875,15.125,-31.3,8.0,0.0,0.0
25.87941,0x386,0.0,0.0,1.0,6.25,0.88,-0.07,15.5625,15.46875,15.15625,15.03125,-31.3,8.0,0.0,0.0
25.88515,0x220,0.0,0.0,1.0,6.25,0.92,-0.13,15.5625,15.46875,15.15625,15.03125,-31.3,8.0,0.0,0.0
25.88677,0x2B0,0.0,0.0,1.0,6.25,0.92,-0.13,15.5625,15.46875,15.15625,15.03125,-31.5,8.0,0.0,0.0
25.8887,0x316,0.0,0.0,1.0,6.25,0.92,-0.13,15.5625,15.46875,15.15625,15.03125,-31.5,8.0,0.0,0.0
25.8951,0x220,0.0,0.0,1.0,6.25,0.92,-0.14,15.5625,15.46875,15.15625,15.03125,-31.5,8.0,0.0,0.0
25.89678,0x2B0,0.0,0.0,1.0,6.25,0.92,-0.14,15.5625,15.46875,15.15625,15.03125,-31.5,8.0,0.0,0.0
25.89868,0x316,0.0,0.0,1.0,6.25,0.92,-0.14,15.5625,15.46875,15.15625,15.03125,-31.5,8.0,0.0,0.0
25.89941,0x386,0.0,0.0,1.0,6.25,0.92,-0.14,15.65625,15.34375,15.0625,15.0,-31.5,8.0,0.0,0.0
25.90515,0x220,0.0,0.0,1.0,6.25,0.91,-0.13,15.65625,15.34375,15.0625,15.0,-31.5,8.0,0.0,0.0
25.90678,0x2B0,0.0,0.0,1.0,6.25,0.91,-0.13,15.65625,15.34375,15.0625,15.0,-31.6,0.0,0.0,0.0
25.90864,0x316,0.0,0.0,1.0,6.25,0.91,-0.13,15.65625,15.34375,15.0625,15.0,-31.6,0.0,0.0,0.0
25.91509,0x220,0.0,0.0,1.0,6.25,0.86,-0.15,15.65625,15.34375,15.0625,15.0,-31.6,0.0,0.0,0.0
25.91679,0x2B0,0.0,0.0,1.0,6.25,0.86,-0.15,15.65625,15.34375,15.0625,15.0,-31.6,0.0,0.0,0.0
25.91872,0x316,0.0,0.0,1.0,6.25,0.86,-0.15,15.65625,15.34375,15.0625,15.0,-31.6,0.0,0.0,0.0
25.91961,0x386,0.0,0.0,1.0,6.25,0.86,-0.15,15.375,15.375,15.09375,15.09375,-31.6,0.0,0.0,0.0
25.92515,0x220,0.0,0.0,1.0,6.25,0.75,-0.21,15.375,15.375,15.09375,15.09375,-31.6,0.0,0.0,0.0
25.92676,0x2B0,0.0,0.0,1.0,6.25,0.75,-0.21,15.375,15.375,15.09375,15.09375,-31.6,0.0,0.0,0.0
25.92869,0x316,0.0,0.0,1.0,6.25,0.75,-0.21,15.375,15.375,15.09375,15.09375,-31.6,0.0,0.0,0.0
25.93511,0x220,0.0,0.0,1.0,6.25,0.66,-0.28,15.375,15.375,15.09375,15.09375,-31.6,0.0,0.0,0.0
25.93678,0x2B0,0.0,0.0,1.0,6.25,0.66,-0.28,15.375,15.375,15.09375,15.09375,-31.6,0.0,0.0,0.0
25.93881,0x316,0.0,0.0,1.0,6.25,0.66,-0.28,15.375,15.375,15.09375,15.09375,-31.6,0.0,0.0,0.0
25.93952,0x386,0.0,0.0,1.0,6.25,0.66,-0.28,15.4375,15.40625,14.9375,15.09375,-31.6,0.0,0.0,0.0
25.94514,0x220,0.0,0.0,1.0,6.25,0.61,-0.24,15.4375,15.40625,14.9375,15.09375,-31.6,0.0,0.0,0.0
25.94679,0x2B0,0.0,0.0,1.0,6.25,0.61,-0.24,15.4375,15.40625,14.9375,15.09375,-31.7,0.0,0.0,0.0
25.94879,0x316,0.0,0.0,1.0,6.25,0.61,-0.24,15.4375,15.40625,14.9375,15.09375,-31.7,0.0,0.0,0.0
25.95509,0x220,0.0,0.0,1.0,6.25,0.59,-0.11,15.4375,15.40625,14.9375,15.09375,-31.7,0.0,0.0,0.0
25.95672,0x2B0,0.0,0.0,1.0,6.25,0.59,-0.11,15.4375,15.40625,14.9375,15.09375,-31.7,0.0,0.0,0.0
25.95867,0x316,0.0,0.0,1.0,6.25,0.59,-0.11,15.4375,15.40625,14.9375,15.09375,-31.7,0.0,0.0,0.0
25.95965,0x386,0.0,0.0,1.0,6.25,0.59,-0.11,15.46875,15.21875,15.09375,15.0625,-31.7,0.0,0.0,0.0
25.96515,0x220,0.0,0.0,1.0,6.25,0.59,-0.05,15.46875,15.21875,15.09375,15.0625,-31.7,0.0,0.0,0.0
25.96674,0x2B0,0.0,0.0,1.0,6.25,0.59,-0.05,15.46875,15.21875,15.09375,15.0625,-31.7,0.0,0.0,0.0
25.96887,0x316,0.0,0.0,1.0,6.25,0.59,-0.05,15.46875,15.21875,15.09375,15.0625,-31.7,0.0,0.0,0.0
25.9751,0x220,0.0,0.0,1.0,6.25,0.63,-0.1,15.46875,15.21875,15.09375,15.0625,-31.7,0.0,0.0,0.0
25.97673,0x2B0,0.0,0.0,1.0,6.25,0.63,-0.1,15.46875,15.21875,15.09375,15.0625,-31.7,0.0,0.0,0.0
25.97876,0x316,0.0,0.0,1.0,6.25,0.63,-0.1,15.46875,15.21875,15.09375,15.0625,-31.7,0.0,0.0,0.0
25.97949,0x386,0.0,0.0,1.0,6.25,0.63,-0.1,15.46875,15.25,15.0,15.0625,-31.7,0.0,0.0,0.0
25.98516,0x220,0.0,0.0,1.0,6.25,0.61,-0.15,15.46875,15.25,15.0,15.0625,-31.7,0.0,0.0,0.0
25.98674,0x2B0,0.0,0.0,1.0,6.25,0.61,-0.15,15.46875,15.25,15.0,15.0625,-31.7,0.0,0.0,0.0
25.98863,0x316,0.0,0.0,1.0,6.25,0.61,-0.15,15.46875,15.25,15.0,15.0625,-31.7,0.0,0.0,0.0
25.9951,0x220,0.0,0.0,1.0,6.25,0.54,-0.14,15.46875,15.25,15.0,15.0625,-31.7,0.0,0.0,0.0
25.99673,0x2B0,0.0,0.0,1.0,6.25,0.54,-0.14,15.46875,15.25,15.0,15.0625,-31.7,0.0,0.0,0.0
25.99868,0x316,0.0,0.0,1.0,6.25,0.54,-0.14,15.46875,15.25,15.0,15.0625,-31.7,0.0,0.0,0.0
25.99942,0x386,0.0,0.0,1.0,6.25,0.54,-0.14,15.3125,15.21875,14.78125,15.0625,-31.7,0.0,0.0,0.0
26.00515,0x220,0.0,0.0,1.0,6.25,0.51,-0.13,15.3125,15.21875,14.78125,15.0625,-31.7,0.0,0.0,0.0
26.00673,0x2B0,0.0,0.0,1.0,6.25,0.51,-0.13,15.3125,15.21875,14.78125,15.0625,-31.7,0.0,0.0,0.0
26.00866,0x316,0.0,0.0,1.0,6.25,0.51,-0.13,15.3125,15.21875,14.78125,15.0625,-31.7,0.0,0.0,0.0
26.0151,0x220,0.0,0.0,1.0,6.25,0.44,-0.14,15.3125,15.21875,14.78125,15.0625,-31.7,0.0,0.0,0.0
26.01673,0x2B0,0.0,0.0,1.0,6.25,0.44,-0.14,15.3125,15.21875,14.78125,15.0625,-31.7,0.0,0.0,0.0
26.01873,0x316,0.0,0.0,1.0,6.25,0.44,-0.14,15.3125,15.21875,14.78125,15.0625,-31.7,0.0,0.0,0.0
26.01962,0x386,0.0,0.0,1.0,6.25,0.44,-0.14,15.0625,15.1875,14.875,14.90625,-31.7,0.0,0.0,0.0
26.02516,0x220,0.0,0.0,1.0,6.25,0.42,-0.11,15.0625,15.1875,14.875,14.90625,-31.7,0.0,0.0,0.0
26.02673,0x2B0,0.0,0.0,1.0,6.25,0.42,-0.11,15.0625,15.1875,14.875,14.90625,-31.7,0.0,0.0,0.0
26.02863,0x316,0.0,0.0,1.0,6.25,0.42,-0.11,15.0625,15.1875,14.875,14.90625,-31.7,0.0,0.0,0.0
26.03512,0x220,0.0,0.0,1.0,6.25,0.48,-0.06,15.0625,15.1875,14.875,14.90625,-31.7,0.0,0.0,0.0
26.03673,0x2B0,0.0,0.0,1.0,6.25,0.48,-0.06,15.0625,15.1875,14.875,14.90625,-31.7,0.0,0.0,0.0
26.03876,0x316,0.0,0.0,1.0,6.25,0.48,-0.06,15.0625,15.1875,14.875,14.90625,-31.7,0.0,0.0,0.0
26.03947,0x386,0.0,0.0,1.0,6.25,0.48,-0.06,15.0625,15.1875,14.90625,14.90625,-31.7,0.0,0.0,0.0
26.04514,0x220,0.0,0.0,1.0,6.25,0.59,-0.04,15.0625,15.1875,14.90625,14.90625,-31.7,0.0,0.0,0.0
26.04673,0x2B0,0.0,0.0,1.0,6.25,0.59,-0.04,15.0625,15.1875,14.90625,14.90625,-31.7,0.0,0.0,0.0
26.04881,0x316,0.0,0.0,1.0,6.25,0.59,-0.04,15.0625,15.1875,14.90625,14.90625,-31.7,0.0,0.0,0.0
26.05511,0x220,0.0,0.0,1.0,6.25,0.76,-0.03,15.0625,15.1875,14.90625,14.90625,-31.7,0.0,0.0,0.0
26.05673,0x2B0,0.0,0.0,1.0,6.25,0.76,-0.03,15.0625,15.1875,14.90625,14.90625,-31.7,0.0,0.0,0.0
26.05872,0x316,0.0,0.0,1.0,6.25,0.76,-0.03,15.0625,15.1875,14.90625,14.90625,-31.7,0.0,0.0,0.0
26.05945,0x386,0.0,0.0,1.0,6.25,0.76,-0.03,15.125,15.3125,14.90625,14.90625,-31.7,0.0,0.0,0.0
26.06516,0x220,0.0,0.0,1.0,6.25,0.92,-0.08,15.125,15.3125,14.90625,14.90625,-31.7,0.0,0.0,0.0
26.06673,0x2B0,0.0,0.0,1.0,6.25,0.92,-0.08,15.125,15.3125,14.90625,14.90625,-31.7,0.0,0.0,0.0
26.0688,0x316,0.0,0.0,1.0,6.25,0.92,-0.08,15.125,15.3125,14.90625,14.90625,-31.7,0.0,0.0,0.0
26.07513,0x220,0.0,0.0,1.0,6.25,1.02,-0.16,15.125,15.3125,14.90625,14.90625,-31.7,0.0,0.0,0.0
26.07693,0x2B0,0.0,0.0,1.0,6.25,1.02,-0.16,15.125,15.3125,14.90625,14.90625,-31.7,0.0,0.0,0.0
26.07873,0x316,0.0,0.0,1.0,6.25,1.02,-0.16,15.125,15.3125,14.90625,14.90625,-31.7,0.0,0.0,0.0
26.07942,0x386,0.0,0.0,1.0,6.25,1.02,-0.16,15.09375,15.4375,14.90625,14.90625,-31.7,0.0,0.0,0.0
26.08516,0x220,0.0,0.0,1.0,6.25,1.11,-0.21,15.09375,15.4375,14.90625,14.90625,-31.7,0.0,0.0,0.0
26.08672,0x2B0,0.0,0.0,1.0,6.25,1.11,-0.21,15.09375,15.4375,14.90625,14.90625,-31.7,0.0,0.0,0.0
26.08869,0x316,0.0,0.0,1.0,6.25,1.11,-0.21,15.09375,15.4375,14.90625,14.90625,-31.7,0.0,0.0,0.0
26.09511,0x220,0.0,0.0,1.0,6.25,1.19,-0.22,15.09375,15.4375,14.90625,14.90625,-31.7,0.0,0.0,0.0
26.09672,0x2B0,0.0,0.0,1.0,6.25,1.19,-0.22,15.09375,15.4375,14.90625,14.90625,-31.7,0.0,0.0,0.0
26.09872,0x316,0.0,0.0,1.0,6.25,1.19,-0.22,15.09375,15.4375,14.90625,14.90625,-31.7,0.0,0.0,0.0
26.09943,0x386,0.0,0.0,1.0,6.25,1.19,-0.22,15.25,14.90625,15.0,14.875,-31.7,0.0,0.0,0.0
26.10515,0x220,0.0,0.0,1.0,6.25,1.21,-0.27,15.25,14.90625,15.0,14.875,-31.7,0.0,0.0,0.0
26.10672,0x2B0,0.0,0.0,1.0,6.25,1.21,-0.27,15.25,14.90625,15.0,14.875,-31.7,0.0,0.0,0.0
26.10863,0x316,0.0,0.0,1.0,6.25,1.21,-0.27,15.25,14.90625,15.0,14.875,-31.7,0.0,0.0,0.0
26.1151,0x220,0.0,0.0,1.0,6.25,1.15,-0.33,15.25,14.90625,15.0,14.875,-31.7,0.0,0.0,0.0
26.11673,0x2B0,0.0,0.0,1.0,6.25,1.15,-0.33,15.25,14.90625,15.0,14.875,-31.7,0.0,0.0,0.0
26.11873,0x316,0.0,0.0,1.0,6.25,1.15,-0.33,15.25,14.90625,15.0,14.875,-31.7,0.0,0.0,0.0
26.11945,0x386,0.0,0.0,1.0,6.25,1.15,-0.33,15.125,14.96875,14.9375,14.84375,-31.7,0.0,0.0,0.0
26.12515,0x220,0.0,0.0,1.0,6.25,1.02,-0.33,15.125,14.96875,14.9375,14.84375,-31.7,0.0,0.0,0.0
26.12673,0x2B0,0.0,0.0,1.0,6.25,1.02,-0.33,15.125,14.96875,14.9375,14.84375,-31.7,0.0,0.0,0.0
26.12869,0x316,0.0,0.0,1.0,6.25,1.02,-0.33,15.125,14.96875,14.9375,14.84375,-31.7,0.0,0.0,0.0
26.1351,0x220,0.0,0.0,1.0,6.25,0.92,-0.31,15.125,14.96875,14.9375,14.84375,-31.7,0.0,0.0,0.0
26.13672,0x2B0,0.0,0.0,1.0,6.25,0.92,-0.31,15.125,14.96875,14.9375,14.84375,-31.7,0.0,0.0,0.0
26.13878,0x316,0.0,0.0,1.0,6.25,0.92,-0.31,15.125,14.96875,14.9375,14.84375,-31.7,0.0,0.0,0.0
26.1395,0x386,0.0,0.0,1.0,6.25,0.92,-0.31,15.15625,15.0,14.9375,14.90625,-31.7,0.0,0.0,0.0
26.14515,0x220,0.0,0.0,1.0,6.25,0.84,-0.29,15.15625,15.0,14.9375,14.90625,-31.7,0.0,0.0,0.0
26.14671,0x2B0,0.0,0.0,1.0,6.25,0.84,-0.29,15.15625,15.0,14.9375,14.90625,-31.7,0.0,0.0,0.0
26.14877,0x316,0.0,0.0,1.0,6.25,0.84,-0.29,15.15625,15.0,14.9375,14.90625,-31.7,0.0,0.0,0.0
26.15511,0x220,0.0,0.0,1.0,6.25,0.78,-0.28,15.15625,15.0,14.9375,14.90625,-31.7,0.0,0.0,0.0
26.15673,0x2B0,0.0,0.0,1.0,6.25,0.78,-0.28,15.15625,15.0,14.9375,14.90625,-31.7,0.0,0.0,0.0
26.15868,0x316,0.0,0.0,1.0,6.25,0.78,-0.28,15.15625,15.0,14.9375,14.90625,-31.7,0.0,0.0,0.0
26.15965,0x386,0.0,0.0,1.0,6.25,0.78,-0.28,15.125,15.125,15.09375,15.03125,-31.7,0.0,0.0,0.0
26.16516,0x220,0.0,0.0,1.0,6.25,0.74,-0.29,15.125,15.125,15.09375,15.03125,-31.7,0.0,0.0,0.0
26.16675,0x2B0,0.0,0.0,1.0,6.25,0.74,-0.29,15.125,15.125,15.09375,15.03125,-31.7,0.0,0.0,0.0
26.16884,0x316,0.0,0.0,1.0,6.25,0.74,-0.29,15.125,15.125,15.09375,15.03125,-31.7,0.0,0.0,0.0
26.1751,0x220,0.0,0.0,1.0,6.25,0.73,-0.34,15.125,15.125,15.09375,15.03125,-31.7,0.0,0.0,0.0
26.17674,0x2B0,0.0,0.0,1.0,6.25,0.73,-0.34,15.125,15.125,15.09375,15.03125,-31.7,0.0,0.0,0.0
26.17876,0x316,0.0,0.0,1.0,6.25,0.73,-0.34,15.125,15.125,15.09375,15.03125,-31.7,0.0,0.0,0.0
26.17948,0x386,0.0,0.0,1.0,6.25,0.73,-0.34,15.1875,15.09375,15.09375,15.15625,-31.7,0.0,0.0,0.0
26.18517,0x220,0.0,0.0,1.0,6.25,0.65,-0.35,15.1875,15.09375,15.09375,15.15625,-31.7,0.0,0.0,0.0
26.18674,0x2B0,0.0,0.0,1.0,6.25,0.65,-0.35,15.1875,15.09375,15.09375,15.15625,-31.7,0.0,0.0,0.0
26.18862,0x316,0.0,0.0,1.0,6.25,0.65,-0.35,15.1875,15.09375,15.09375,15.15625,-31.7,0.0,0.0,0.0
26.19511,0x220,0.0,0.0,1.0,6.25,0.54,-0.21,15.1875,15.09375,15.09375,15.15625,-31.7,0.0,0.0,0.0
26.19673,0x2B0,0.0,0.0,1.0,6.25,0.54,-0.21,15.1875,15.09375,15.09375,15.15625,-31.7,0.0,0.0,0.0
26.19867,0x316,0.0,0.0,1.0,6.25,0.54,-0.21,15.1875,15.09375,15.09375,15.15625,-31.7,0.0,0.0,0.0
26.19942,0x386,0.0,0.0,1.0,6.25,0.54,-0.21,15.28125,15.09375,15.21875,15.1875,-31.7,0.0,0.0,0.0
26.20516,0x220,0.0,0.0,1.0,6.25,0.47,-0.03,15.28125,15.09375,15.21875,15.1875,-31.7,0.0,0.0,0.0
26.20672,0x2B0,0.0,0.0,1.0,6.25,0.47,-0.03,15.28125,15.09375,15.21875,15.1875,-31.7,0.0,0.0,0.0
26.20865,0x316,0.0,0.0,1.0,6.25,0.47,-0.03,15.28125,15.09375,15.21875,15.1875,-31.7,0.0,0.0,0.0
26.21511,0x220,0.0,0.0,1.0,6.25,0.42,0.06,15.28125,15.09375,15.21875,15.1875,-31.7,0.0,0.0,0.0
26.21671,0x2B0,0.0,0.0,1.0,6.25,0.42,0.06,15.28125,15.09375,15.21875,15.1875,-31.7,0.0,0.0,0.0
26.21873,0x316,0.0,0.0,1.0,6.25,0.42,0.06,15.28125,15.09375,15.21875,15.1875,-31.7,0.0,0.0,0.0
26.21962,0x386,0.0,0.0,1.0,6.25,0.42,0.06,15.21875,15.15625,14.90625,14.8125,-31.7,0.0,0.0,0.0
26.22517,0x220,0.0,0.0,1.0,6.25,0.39,0.1,15.21875,15.15625,14.90625,14.8125,-31.7,0.0,0.0,0.0
26.22671,0x2B0,0.0,0.0,1.0,6.25,0.39,0.1,15.21875,15.15625,14.90625,14.8125,-31.7,0.0,0.0,0.0
26.22863,0x316,0.0,0.0,1.0,6.25,0.39,0.1,15.21875,15.15625,14.90625,14.8125,-31.7,0.0,0.0,0.0
26.23512,0x220,0.0,0.0,1.0,6.25,0.39,0.12,15.21875,15.15625,14.90625,14.8125,-31.7,0.0,0.0,0.0
26.23674,0x2B0,0.0,0.0,1.0,6.25,0.39,0.12,15.21875,15.15625,14.90625,14.8125,-31.6,0.0,0.0,0.0
26.23875,0x316,0.0,0.0,1.0,6.25,0.39,0.12,15.21875,15.15625,14.90625,14.8125,-31.6,0.0,0.0,0.0
26.23947,0x386,0.0,0.0,1.0,6.25,0.39,0.12,15.25,15.1875,14.6875,14.65625,-31.6,0.0,0.0,0.0
26.24515,0x220,0.0,0.0,1.0,6.25,0.37,0.09,15.25,15.1875,14.6875,14.65625,-31.6,0.0,0.0,0.0
26.24671,0x2B0,0.0,0.0,1.0,6.25,0.37,0.09,15.25,15.1875,14.6875,14.65625,-31.6,0.0,0.0,0.0
26.24876,0x316,0.0,0.0,1.0,6.25,0.37,0.09,15.25,15.1875,14.6875,14.65625,-31.6,0.0,0.0,0.0
26.25513,0x220,0.0,0.0,1.0,6.25,0.35,0.03,15.25,15.1875,14.6875,14.65625,-31.6,0.0,0.0,0.0
26.25671,0x2B0,0.0,0.0,1.0,6.25,0.35,0.03,15.25,15.1875,14.6875,14.65625,-31.6,0.0,0.0,0.0
26.25874,0x316,0.0,0.0,1.0,6.25,0.35,0.03,15.25,15.1875,14.6875,14.65625,-31.6,0.0,0.0,0.0
26.25947,0x386,0.0,0.0,1.0,6.25,0.35,0.03,15.28125,15.1875,14.5,14.59375,-31.6,0.0,0.0,0.0
26.26517,0x220,0.0,0.0,1.0,6.25,0.34,0.02,15.28125,15.1875,14.5,14.59375,-31.6,0.0,0.0,0.0
26.26675,0x2B0,0.0,0.0,1.0,6.25,0.34,0.02,15.28125,15.1875,14.5,14.59375,-31.6,0.0,0.0,0.0
26.26883,0x316,0.0,0.0,1.0,6.25,0.34,0.02,15.28125,15.1875,14.5,14.59375,-31.6,0.0,0.0,0.0
26.27511,0x220,0.0,0.0,1.0,6.25,0.34,0.15,15.28125,15.1875,14.5,14.59375,-31.6,0.0,0.0,0.0
26.27673,0x2B0,0.0,0.0,1.0,6.25,0.34,0.15,15.28125,15.1875,14.5,14.59375,-31.5,0.0,0.0,0.0
26.27875,0x316,0.0,0.0,1.0,6.25,0.34,0.15,15.28125,15.1875,14.5,14.59375,-31.5,0.0,0.0,0.0
26.27943,0x386,0.0,0.0,1.0,6.25,0.34,0.15,15.25,15.25,14.875,14.6875,-31.5,0.0,0.0,0.0
26.28516,0x220,0.0,0.0,1.0,6.25,0.37,0.3,15.25,15.25,14.875,14.6875,-31.5,0.0,0.0,0.0
26.28675,0x2B0,0.0,0.0,1.0,6.25,0.37,0.3,15.25,15.25,14.875,14.6875,-31.5,0.0,0.0,0.0
26.28862,0x316,0.0,0.0,1.0,6.25,0.37,0.3,15.25,15.25,14.875,14.6875,-31.5,0.0,0.0,0.0
26.29513,0x220,0.0,0.0,1.0,6.25,0.51,0.32,15.25,15.25,14.875,14.6875,-31.5,0.0,0.0,0.0
26.29668,0x2B0,0.0,0.0,1.0,6.25,0.51,0.32,15.25,15.25,14.875,14.6875,-31.5,0.0,0.0,0.0
26.29874,0x316,0.0,0.0,1.0,6.25,0.51,0.32,15.25,15.25,14.875,14.6875,-31.5,0.0,0.0,0.0
26.29943,0x386,0.0,0.0,1.0,6.25,0.51,0.32,15.15625,15.25,15.125,15.0625,-31.5,0.0,0.0,0.0
26.30517,0x220,0.0,0.0,1.0,6.25,0.69,0.29,15.15625,15.25,15.125,15.0625,-31.5,0.0,0.0,0.0
26.30668,0x2B0,0.0,0.0,1.0,6.25,0.69,0.29,15.15625,15.25,15.125,15.0625,-31.5,0.0,0.0,0.0
26.30866,0x316,0.0,0.0,1.0,6.25,0.69,0.29,15.15625,15.25,15.125,15.0625,-31.5,0.0,0.0,0.0
26.31513,0x220,0.0,0.0,1.0,6.25,0.81,0.27,15.15625,15.25,15.125,15.0625,-31.5,0.0,0.0,0.0
26.31669,0x2B0,0.0,0.0,1.0,6.25,0.81,0.27,15.15625,15.25,15.125,15.0625,-31.5,0.0,0.0,0.0
26.31871,0x316,0.0,0.0,1.0,6.25,0.81,0.27,15.15625,15.25,15.125,15.0625,-31.5,0.0,0.0,0.0
26.3196,0x386,0.0,0.0,1.0,6.25,0.81,0.27,15.1875,15.09375,14.96875,14.84375,-31.5,0.0,0.0,0.0
26.32517,0x220,0.0,0.0,1.0,6.25,0.89,0.23,15.1875,15.09375,14.96875,14.84375,-31.5,0.0,0.0,0.0
26.32668,0x2B0,0.0,0.0,1.0,6.25,0.89,0.23,15.1875,15.09375,14.96875,14.84375,-31.5,0.0,0.0,0.0
26.32862,0x316,0.0,0.0,1.0,6.25,0.89,0.23,15.1875,15.09375,14.96875,14.84375,-31.5,0.0,0.0,0.0
26.33511,0x220,0.0,0.0,1.0,6.25,0.88,0.16,15.1875,15.09375,14.96875,14.84375,-31.5,0.0,0.0,0.0
26.33668,0x2B0,0.0,0.0,1.0,6.25,0.88,0.16,15.1875,15.09375,14.96875,14.84375,-31.5,0.0,0.0,0.0
26.33888,0x316,0.0,0.0,1.0,6.25,0.88,0.16,15.1875,15.09375,14.96875,14.84375,-31.5,0.0,0.0,0.0
26.3396,0x386,0.0,0.0,1.0,6.25,0.88,0.16,15.09375,15.09375,14.9375,14.875,-31.5,0.0,0.0,0.0
26.34518,0x220,0.0,0.0,1.0,6.25,0.77,0.11,15.09375,15.09375,14.9375,14.875,-31.5,0.0,0.0,0.0
26.34667,0x2B0,0.0,0.0,1.0,6.25,0.77,0.11,15.09375,15.09375,14.9375,14.875,-31.5,0.0,0.0,0.0
26.34884,0x316,0.0,0.0,1.0,6.25,0.77,0.11,15.09375,15.09375,14.9375,14.875,-31.5,0.0,0.0,0.0
26.35512,0x220,0.0,0.0,1.0,6.25,0.6,0.11,15.09375,15.09375,14.9375,14.875,-31.5,0.0,0.0,0.0
26.35667,0x2B0,0.0,0.0,1.0,6.25,0.6,0.11,15.09375,15.09375,14.9375,14.875,-31.5,0.0,0.0,0.0
26.35868,0x316,0.0,0.0,1.0,6.25,0.6,0.11,15.09375,15.09375,14.9375,14.875,-31.5,0.0,0.0,0.0
26.35966,0x386,0.0,0.0,1.0,6.25,0.6,0.11,15.15625,15.3125,14.8125,14.9375,-31.5,0.0,0.0,0.0
26.36516,0x220,0.0,0.0,1.0,6.25,0.41,0.13,15.15625,15.3125,14.8125,14.9375,-31.5,0.0,0.0,0.0
26.36668,0x2B0,0.0,0.0,1.0,6.25,0.41,0.13,15.15625,15.3125,14.8125,14.9375,-31.5,0.0,0.0,0.0
26.36881,0x316,0.0,0.0,1.0,6.25,0.41,0.13,15.15625,15.3125,14.8125,14.9375,-31.5,0.0,0.0,0.0
26.37512,0x220,0.0,0.0,1.0,6.25,0.27,0.18,15.15625,15.3125,14.8125,14.9375,-31.5,0.0,0.0,0.0
26.37668,0x2B0,0.0,0.0,1.0,6.25,0.27,0.18,15.15625,15.3125,14.8125,14.9375,-31.5,0.0,0.0,0.0
26.37878,0x316,0.0,0.0,1.0,6.25,0.27,0.18,15.15625,15.3125,14.8125,14.9375,-31.5,0.0,0.0,0.0
26.3795,0x386,0.0,0.0,1.0,6.25,0.27,0.18,15.15625,15.3125,14.71875,14.875,-31.5,0.0,0.0,0.0
26.38518,0x220,0.0,0.0,1.0,6.25,0.24,0.24,15.15625,15.3125,14.71875,14.875,-31.5,0.0,0.0,0.0
26.38668,0x2B0,0.0,0.0,1.0,6.25,0.24,0.24,15.15625,15.3125,14.71875,14.875,-31.5,0.0,0.0,0.0
26.38867,0x316,0.0,0.0,1.0,6.25,0.24,0.24,15.15625,15.3125,14.71875,14.875,-31.5,0.0,0.0,0.0
26.39512,0x220,0.0,0.0,1.0,6.25,0.33,0.25,15.15625,15.3125,14.71875,14.875,-31.5,0.0,0.0,0.0
26.39669,0x2B0,0.0,0.0,1.0,6.25,0.33,0.25,15.15625,15.3125,14.71875,14.875,-31.5,0.0,0.0,0.0
26.39868,0x316,0.0,0.0,1.0,6.25,0.33,0.25,15.15625,15.3125,14.71875,14.875,-31.5,0.0,0.0,0.0
26.39943,0x386,0.0,0.0,1.0,6.25,0.33,0.25,15.3125,15.15625,14.75,14.78125,-31.5,0.0,0.0,0.0
26.40516,0x220,0.0,0.0,1.0,6.25,0.52,0.23,15.3125,15.15625,14.75,14.78125,-31.5,0.0,0.0,0.0
26.40672,0x2B0,0.0,0.0,1.0,6.25,0.52,0.23,15.3125,15.15625,14.75,14.78125,-31.3,8.0,0.0,0.0
26.40862,0x316,0.0,0.0,1.0,6.25,0.52,0.23,15.3125,15.15625,14.75,14.78125,-31.3,8.0,0.0,0.0
26.41514,0x220,0.0,0.0,1.0,6.25,0.72,0.2,15.3125,15.15625,14.75,14.78125,-31.3,8.0,0.0,0.0
26.4167,0x2B0,0.0,0.0,1.0,6.25,0.72,0.2,15.3125,15.15625,14.75,14.78125,-31.3,8.0,0.0,0.0
26.41874,0x316,0.0,0.0,1.0,6.25,0.72,0.2,15.3125,15.15625,14.75,14.78125,-31.3,8.0,0.0,0.0
26.41964,0x386,0.0,0.0,1.0,6.25,0.72,0.2,15.1875,15.125,14.6875,14.75,-31.3,8.0,0.0,0.0
26.42516,0x220,0.0,0.0,1.0,6.25,0.88,0.19,15.1875,15.125,14.6875,14.75,-31.3,8.0,0.0,0.0
26.4267,0x2B0,0.0,0.0,1.0,6.25,0.88,0.19,15.1875,15.125,14.6875,14.75,-31.3,0.0,0.0,0.0
26.42867,0x316,0.0,0.0,1.0,6.25,0.88,0.19,15.1875,15.125,14.6875,14.75,-31.3,0.0,0.0,0.0
26.43512,0x220,0.0,0.0,1.0,6.25,0.95,0.18,15.1875,15.125,14.6875,14.75,-31.3,0.0,0.0,0.0
26.43672,0x2B0,0.0,0.0,1.0,6.25,0.95,0.18,15.1875,15.125,14.6875,14.75,-31.3,0.0,0.0,0.0
26.43883,0x316,0.0,0.0,1.0,6.25,0.95,0.18,15.1875,15.125,14.6875,14.75,-31.3,0.0,0.0,0.0
26.43954,0x386,0.0,0.0,1.0,6.25,0.95,0.18,15.40625,15.125,14.6875,14.75,-31.3,0.0,0.0,0.0
26.44515,0x220,0.0,0.0,1.0,6.25,0.97,0.13,15.40625,15.125,14.6875,14.75,-31.3,0.0,0.0,0.0
26.4467,0x2B0,0.0,0.0,1.0,6.25,0.97,0.13,15.40625,15.125,14.6875,14.75,-31.3,0.0,0.0,0.0
26.44875,0x316,0.0,0.0,1.0,6.25,0.97,0.13,15.40625,15.125,14.6875,14.75,-31.3,0.0,0.0,0.0
26.45513,0x220,0.0,0.0,1.0,6.25,0.95,0.06,15.40625,15.125,14.6875,14.75,-31.3,0.0,0.0,0.0
26.4567,0x2B0,0.0,0.0,1.0,6.25,0.95,0.06,15.40625,15.125,14.6875,14.75,-31.3,0.0,0.0,0.0
26.45874,0x316,0.0,0.0,1.0,6.25,0.95,0.06,15.40625,15.125,14.6875,14.75,-31.3,0.0,0.0,0.0
26.45947,0x386,0.0,0.0,1.0,6.25,0.95,0.06,15.25,15.15625,14.625,14.71875,-31.3,0.0,0.0,0.0
26.46518,0x220,0.0,0.0,1.0,6.25,0.88,0.01,15.25,15.15625,14.625,14.71875,-31.3,0.0,0.0,0.0
26.4667,0x2B0,0.0,0.0,1.0,6.25,0.88,0.01,15.25,15.15625,14.625,14.71875,-31.3,0.0,0.0,0.0
26.46888,0x316,0.0,0.0,1.0,6.25,0.88,0.01,15.25,15.15625,14.625,14.71875,-31.3,0.0,0.0,0.0
26.47511,0x220,0.0,0.0,1.0,6.25,0.84,0.06,15.25,15.15625,14.625,14.71875,-31.3,0.0,0.0,0.0
26.47671,0x2B0,0.0,0.0,1.0,6.25,0.84,0.06,15.25,15.15625,14.625,14.71875,-31.3,0.0,0.0,0.0
26.47873,0x316,0.0,0.0,1.0,6.25,0.84,0.06,15.25,15.15625,14.625,14.71875,-31.3,0.0,0.0,0.0
26.47944,0x386,0.0,0.0,1.0,6.25,0.84,0.06,15.21875,14.84375,14.65625,14.75,-31.3,0.0,0.0,0.0
26.48517,0x220,0.0,0.0,1.0,6.25,0.8,0.14,15.21875,14.84375,14.65625,14.75,-31.3,0.0,0.0,0.0
26.4867,0x2B0,0.0,0.0,1.0,6.25,0.8,0.14,15.21875,14.84375,14.65625,14.75,-31.3,0.0,0.0,0.0
26.48862,0x316,0.0,0.0,1.0,6.25,0.8,0.14,15.21875,14.84375,14.65625,14.75,-31.3,0.0,0.0,0.0
26.49514,0x220,0.0,0.0,1.0,6.25,0.8,0.16,15.21875,14.84375,14.65625,14.75,-31.3,0.0,0.0,0.0
26.4967,0x2B0,0.0,0.0,1.0,6.25,0.8,0.16,15.21875,14.84375,14.65625,14.75,-31.3,0.0,0.0,0.0
26.49872,0x316,0.0,0.0,1.0,6.25,0.8,0.16,15.21875,14.84375,14.65625,14.75,-31.3,0.0,0.0,0.0
26.49944,0x386,0.0,0.0,1.0,6.25,0.8,0.16,14.96875,15.03125,14.6875,14.78125,-31.3,0.0,0.0,0.0
26.50517,0x220,0.0,0.0,1.0,6.25,0.81,0.09,14.96875,15.03125,14.6875,14.78125,-31.3,0.0,0.0,0.0
26.50676,0x2B0,0.0,0.0,1.0,6.25,0.81,0.09,14.96875,15.03125,14.6875,14.78125,-31.3,0.0,0.0,0.0
26.50867,0x316,0.0,0.0,1.0,6.25,0.81,0.09,14.96875,15.03125,14.6875,14.78125,-31.3,0.0,0.0,0.0
26.51514,0x220,0.0,0.0,1.0,6.25,0.79,0.03,14.96875,15.03125,14.6875,14.78125,-31.3,0.0,0.0,0.0
26.51672,0x2B0,0.0,0.0,1.0,6.25,0.79,0.03,14.96875,15.03125,14.6875,14.78125,-31.2,0.0,0.0,0.0
26.5187,0x316,0.0,0.0,1.0,6.25,0.79,0.03,14.96875,15.03125,14.6875,14.78125,-31.2,0.0,0.0,0.0
26.51959,0x386,0.0,0.0,1.0,6.25,0.79,0.03,14.96875,14.78125,14.75,14.71875,-31.2,0.0,0.0,0.0
26.52518,0x220,0.0,0.0,1.0,6.25,0.78,0.01,14.96875,14.78125,14.75,14.71875,-31.2,0.0,0.0,0.0
26.52668,0x2B0,0.0,0.0,1.0,6.25,0.78,0.01,14.96875,14.78125,14.75,14.71875,-31.2,0.0,0.0,0.0
26.52862,0x316,0.0,0.0,1.0,6.25,0.78,0.01,14.96875,14.78125,14.75,14.71875,-31.2,0.0,0.0,0.0
26.53513,0x220,0.0,0.0,1.0,6.25,0.79,0.0,14.96875,14.78125,14.75,14.71875,-31.2,0.0,0.0,0.0
26.53674,0x2B0,0.0,0.0,1.0,6.25,0.79,0.0,14.96875,14.78125,14.75,14.71875,-31.2,0.0,0.0,0.0
26.53888,0x316,0.0,0.0,1.0,6.25,0.79,0.0,14.96875,14.78125,14.75,14.71875,-31.2,0.0,0.0,0.0
26.53961,0x386,0.0,0.0,1.0,6.25,0.79,0.0,14.90625,14.96875,14.8125,14.75,-31.2,0.0,0.0,0.0
26.54519,0x220,0.0,0.0,1.0,6.25,0.74,0.0,14.90625,14.96875,14.8125,14.75,-31.2,0.0,0.0,0.0
26.54668,0x2B0,0.0,0.0,1.0,6.25,0.74,0.0,14.90625,14.96875,14.8125,14.75,-31.1,0.0,0.0,0.0
26.54881,0x316,0.0,0.0,1.0,6.25,0.74,0.0,14.90625,14.96875,14.8125,14.75,-31.1,0.0,0.0,0.0
26.55514,0x220,0.0,0.0,1.0,6.25,0.68,-0.03,14.90625,14.96875,14.8125,14.75,-31.1,0.0,0.0,0.0
26.55667,0x2B0,0.0,0.0,1.0,6.25,0.68,-0.03,14.90625,14.96875,14.8125,14.75,-31.1,0.0,0.0,0.0
26.55868,0x316,0.0,0.0,1.0,6.25,0.68,-0.03,14.90625,14.96875,14.8125,14.75,-31.1,0.0,0.0,0.0
26.55965,0x386,0.0,0.0,1.0,6.25,0.68,-0.03,14.59375,14.90625,14.71875,14.6875,-31.1,0.0,0.0,0.0
26.56518,0x220,0.0,0.0,1.0,6.25,0.69,-0.04,14.59375,14.90625,14.71875,14.6875,-31.1,0.0,0.0,0.0
26.56668,0x2B0,0.0,0.0,1.0,6.25,0.69,-0.04,14.59375,14.90625,14.71875,14.6875,-31.1,0.0,0.0,0.0
26.56881,0x316,0.0,0.0,1.0,6.25,0.69,-0.04,14.59375,14.90625,14.71875,14.6875,-31.1,0.0,0.0,0.0
26.57514,0x220,0.0,0.0,1.0,6.25,0.75,-0.06,14.59375,14.90625,14.71875,14.6875,-31.1,0.0,0.0,0.0
26.57673,0x2B0,0.0,0.0,1.0,6.25,0.75,-0.06,14.59375,14.90625,14.71875,14.6875,-31.1,0.0,0.0,0.0
26.57878,0x316,0.0,0.0,1.0,6.25,0.75,-0.06,14.59375,14.90625,14.71875,14.6875,-31.1,0.0,0.0,0.0
26.5795,0x386,0.0,0.0,1.0,6.25,0.75,-0.06,14.96875,14.84375,14.71875,14.71875,-31.1,0.0,0.0,0.0
26.58517,0x220,0.0,0.0,1.0,6.25,0.82,-0.02,14.96875,14.84375,14.71875,14.71875,-31.1,0.0,0.0,0.0
26.58668,0x2B0,0.0,0.0,1.0,6.25,0.82,-0.02,14.96875,14.84375,14.71875,14.71875,-31.0,0.0,0.0,0.0
26.58864,0x316,0.0,0.0,1.0,6.25,0.82,-0.02,14.96875,14.84375,14.71875,14.71875,-31.0,0.0,0.0,0.0
26.59514,0x220,0.0,0.0,1.0,6.25,0.82,0.02,14.96875,14.84375,14.71875,14.71875,-31.0,0.0,0.0,0.0
26.59668,0x2B0,0.0,0.0,1.0,6.25,0.82,0.02,14.96875,14.84375,14.71875,14.71875,-31.0,0.0,0.0,0.0
26.59867,0x316,0.0,0.0,1.0,6.25,0.82,0.02,14.96875,14.84375,14.71875,14.71875,-31.0,0.0,0.0,0.0
26.59944,0x386,0.0,0.0,1.0,6.25,0.82,0.02,14.96875,14.625,14.75,14.6875,-31.0,0.0,0.0,0.0
26.60517,0x220,0.0,0.0,1.0,6.25,0.77,0.05,14.96875,14.625,14.75,14.6875,-31.0,0.0,0.0,0.0
26.60672,0x2B0,0.0,0.0,1.0,6.25,0.77,0.05,14.96875,14.625,14.75,14.6875,-31.0,0.0,0.0,0.0
26.60862,0x316,0.0,0.0,1.0,6.25,0.77,0.05,14.96875,14.625,14.75,14.6875,-31.0,0.0,0.0,0.0
26.61514,0x220,0.0,0.0,1.0,6.25,0.75,0.06,14.96875,14.625,14.75,14.6875,-31.0,0.0,0.0,0.0
26.6167,0x2B0,0.0,0.0,1.0,6.25,0.75,0.06,14.96875,14.625,14.75,14.6875,-31.0,0.0,0.0,0.0
26.61872,0x316,0.0,0.0,1.0,6.25,0.75,0.06,14.96875,14.625,14.75,14.6875,-31.0,0.0,0.0,0.0
26.61944,0x386,0.0,0.0,1.0,6.25,0.75,0.06,14.96875,15.03125,14.6875,14.75,-31.0,0.0,0.0,0.0
26.62518,0x220,0.0,0.0,1.0,6.25,0.72,0.09,14.96875,15.03125,14.6875,14.75,-31.0,0.0,0.0,0.0
26.6267,0x2B0,0.0,0.0,1.0,6.25,0.72,0.09,14.96875,15.03125,14.6875,14.75,-31.0,0.0,0.0,0.0
26.62866,0x316,0.0,0.0,1.0,6.25,0.72,0.09,14.96875,15.03125,14.6875,14.75,-31.0,0.0,0.0,0.0
26.63512,0x220,0.0,0.0,1.0,6.25,0.62,0.1,14.96875,15.03125,14.6875,14.75,-31.0,0.0,0.0,0.0
26.63671,0x2B0,0.0,0.0,1.0,6.25,0.62,0.1,14.96875,15.03125,14.6875,14.75,-31.0,0.0,0.0,0.0
26.63882,0x316,0.0,0.0,1.0,6.25,0.62,0.1,14.96875,15.03125,14.6875,14.75,-31.0,0.0,0.0,0.0
26.63955,0x386,0.0,0.0,1.0,6.25,0.62,0.1,15.03125,15.0,14.75,14.84375,-31.0,0.0,0.0,0.0
26.64518,0x220,0.0,0.0,1.0,6.25,0.54,0.09,15.03125,15.0,14.75,14.84375,-31.0,0.0,0.0,0.0
26.64671,0x2B0,0.0,0.0,1.0,6.25,0.54,0.09,15.03125,15.0,14.75,14.84375,-31.0,0.0,0.0,0.0
26.64874,0x316,0.0,0.0,1.0,6.25,0.54,0.09,15.03125,15.0,14.75,14.84375,-31.0,0.0,0.0,1.0
26.65514,0x220,0.0,0.0,1.0,6.25,0.48,0.12,15.03125,15.0,14.75,14.84375,-31.0,0.0,0.0,1.0
26.65664,0x2B0,0.0,0.0,1.0,6.25,0.48,0.12,15.03125,15.0,14.75,14.84375,-31.0,0.0,0.0,1.0
26.6587,0x316,0.0,0.0,1.0,6.25,0.48,0.12,15.03125,15.0,14.75,14.84375,-31.0,0.0,0.0,2.0
26.65944,0x386,0.0,0.0,1.0,6.25,0.48,0.12,15.0,14.9375,14.78125,14.71875,-31.0,0.0,0.0,2.0
26.66518,0x220,0.0,0.0,1.0,6.25,0.4,0.19,15.0,14.9375,14.78125,14.71875,-31.0,0.0,0.0,2.0
26.66666,0x2B0,0.0,0.0,1.0,6.25,0.4,0.19,15.0,14.9375,14.78125,14.71875,-31.0,0.0,0.0,2.0
26.66883,0x316,0.0,0.0,1.0,6.25,0.4,0.19,15.0,14.9375,14.78125,14.71875,-31.0,0.0,0.0,3.0
26.67514,0x220,0.0,0.0,1.0,6.25,0.39,0.25,15.0,14.9375,14.78125,14.71875,-31.0,0.0,0.0,3.0
26.67671,0x2B0,0.0,0.0,1.0,6.25,0.39,0.25,15.0,14.9375,14.78125,14.71875,-31.0,0.0,0.0,3.0
26.67874,0x316,0.0,0.0,1.0,6.25,0.39,0.25,15.0,14.9375,14.78125,14.71875,-31.0,0.0,0.0,3.0
26.67944,0x386,0.0,0.0,1.0,6.25,0.39,0.25,15.0625,14.9375,14.8125,14.75,-31.0,0.0,0.0,3.0
26.68517,0x220,0.0,0.0,1.0,6.25,0.48,0.27,15.0625,14.9375,14.8125,14.75,-31.0,0.0,0.0,3.0
26.68665,0x2B0,0.0,0.0,1.0,6.25,0.48,0.27,15.0625,14.9375,14.8125,14.75,-31.0,0.0,0.0,3.0
26.68861,0x316,0.0,0.0,1.0,6.25,0.48,0.27,15.0625,14.9375,14.8125,14.75,-31.0,0.0,0.0,3.0
26.69512,0x220,0.0,0.0,1.0,6.25,0.59,0.26,15.0625,14.9375,14.8125,14.75,-31.0,0.0,0.0,3.0
26.69668,0x2B0,0.0,0.0,1.0,6.25,0.59,0.26,15.0625,14.9375,14.8125,14.75,-30.9,0.0,0.0,3.0
26.69869,0x316,0.0,0.0,1.0,6.25,0.59,0.26,15.0625,14.9375,14.8125,14.75,-30.9,0.0,0.0,4.0
26.69944,0x386,0.0,0.0,1.0,6.25,0.59,0.26,15.03125,15.1875,14.78125,14.75,-30.9,0.0,0.0,4.0
26.70518,0x220,0.0,0.0,1.0,6.25,0.71,0.2,15.03125,15.1875,14.78125,14.75,-30.9,0.0,0.0,4.0
26.70665,0x2B0,0.0,0.0,1.0,6.25,0.71,0.2,15.03125,15.1875,14.78125,14.75,-30.9,0.0,0.0,4.0
26.70869,0x316,0.0,0.0,1.0,6.25,0.71,0.2,15.03125,15.1875,14.78125,14.75,-30.9,0.0,0.0,4.0
26.71515,0x220,0.0,0.0,1.0,6.25,0.87,0.14,15.03125,15.1875,14.78125,14.75,-30.9,0.0,0.0,4.0
26.71666,0x2B0,0.0,0.0,1.0,6.25,0.87,0.14,15.03125,15.1875,14.78125,14.75,-30.7,8.0,0.0,4.0
26.71869,0x316,0.0,0.0,1.0,6.25,0.87,0.14,15.03125,15.1875,14.78125,14.75,-30.7,8.0,0.0,5.0
26.71958,0x386,0.0,0.0,1.0,6.25,0.87,0.14,15.0625,15.6875,14.84375,14.71875,-30.7,8.0,0.0,5.0
26.72517,0x220,0.0,0.0,1.0,6.25,0.96,0.12,15.0625,15.6875,14.84375,14.71875,-30.7,8.0,0.0,5.0
26.72664,0x2B0,0.0,0.0,1.0,6.25,0.96,0.12,15.0625,15.6875,14.84375,14.71875,-30.7,8.0,0.0,5.0
26.72863,0x316,0.0,0.0,1.0,6.25,0.96,0.12,15.0625,15.6875,14.84375,14.71875,-30.7,8.0,0.0,5.0
26.73513,0x220,0.0,0.0,1.0,6.25,0.97,0.12,15.0625,15.6875,14.84375,14.71875,-30.7,8.0,0.0,5.0
26.73671,0x2B0,0.0,0.0,1.0,6.25,0.97,0.12,15.0625,15.6875,14.84375,14.71875,-30.7,0.0,0.0,5.0
26.73872,0x316,0.0,0.0,1.0,6.25,0.97,0.12,15.0625,15.6875,14.84375,14.71875,-30.7,0.0,0.0,5.0
26.73944,0x386,0.0,0.0,1.0,6.25,0.97,0.12,15.03125,15.125,14.78125,14.71875,-30.7,0.0,0.0,5.0
26.74516,0x220,0.0,0.0,1.0,6.25,0.97,0.12,15.03125,15.125,14.78125,14.71875,-30.7,0.0,0.0,5.0
26.74667,0x2B0,0.0,0.0,1.0,6.25,0.97,0.12,15.03125,15.125,14.78125,14.71875,-30.6,0.0,0.0,5.0
26.74884,0x316,0.0,0.0,1.0,6.25,0.97,0.12,15.03125,15.125,14.78125,14.71875,-30.6,0.0,0.0,5.0
26.75514,0x220,0.0,0.0,1.0,6.25,0.93,0.08,15.03125,15.125,14.78125,14.71875,-30.6,0.0,0.0,5.0
26.75665,0x2B0,0.0,0.0,1.0,6.25,0.93,0.08,15.03125,15.125,14.78125,14.71875,-30.6,0.0,0.0,5.0
26.75872,0x316,0.0,0.0,1.0,6.25,0.93,0.08,15.03125,15.125,14.78125,14.71875,-30.6,0.0,0.0,6.0
26.75944,0x386,0.0,0.0,1.0,6.25,0.93,0.08,15.09375,15.0625,14.71875,14.75,-30.6,0.0,0.0,6.0
26.76517,0x220,0.0,0.0,1.0,6.25,0.88,0.03,15.09375,15.0625,14.71875,14.75,-30.6,0.0,0.0,6.0
26.76665,0x2B0,0.0,0.0,1.0,6.25,0.88,0.03,15.09375,15.0625,14.71875,14.75,-30.6,0.0,0.0,6.0
26.7688,0x316,0.0,0.0,1.0,6.25,0.88,0.03,15.09375,15.0625,14.71875,14.75,-30.6,0.0,0.0,6.0
26.77512,0x220,0.0,0.0,1.0,6.25,0.85,0.0,15.09375,15.0625,14.71875,14.75,-30.6,0.0,0.0,6.0
26.7767,0x2B0,0.0,0.0,1.0,6.25,0.85,0.0,15.09375,15.0625,14.71875,14.75,-30.6,0.0,0.0,6.0
26.77872,0x316,0.0,0.0,1.0,6.25,0.85,0.0,15.09375,15.0625,14.71875,14.75,-30.6,0.0,0.0,7.0
26.77944,0x386,0.0,0.0,1.0,6.25,0.85,0.0,15.125,14.96875,14.65625,14.6875,-30.6,0.0,0.0,7.0
26.78519,0x220,0.0,0.0,1.0,6.25,0.83,0.0,15.125,14.96875,14.65625,14.6875,-30.6,0.0,0.0,7.0
26.78666,0x2B0,0.0,0.0,1.0,6.25,0.83,0.0,15.125,14.96875,14.65625,14.6875,-30.4,8.0,0.0,7.0
26.78865,0x316,0.0,0.0,1.0,6.25,0.83,0.0,15.125,14.96875,14.65625,14.6875,-30.4,8.0,0.0,8.0
26.79514,0x220,0.0,0.0,1.0,6.25,0.83,0.0,15.125,14.96875,14.65625,14.6875,-30.4,8.0,0.0,8.0
26.79665,0x2B0,0.0,0.0,1.0,6.25,0.83,0.0,15.125,14.96875,14.65625,14.6875,-30.4,8.0,0.0,8.0
26.79871,0x316,0.0,0.0,1.0,6.25,0.83,0.0,15.125,14.96875,14.65625,14.6875,-30.4,8.0,0.0,9.0
26.79945,0x386,0.0,0.0,1.0,6.25,0.83,0.0,15.03125,15.0,14.65625,14.71875,-30.4,8.0,0.0,9.0
26.80518,0x220,0.0,0.0,1.0,6.25,0.82,0.0,15.03125,15.0,14.65625,14.71875,-30.4,8.0,0.0,9.0
26.80669,0x2B0,0.0,0.0,1.0,6.25,0.82,0.0,15.03125,15.0,14.65625,14.71875,-30.4,0.0,0.0,9.0
26.80861,0x316,0.0,0.0,1.0,6.25,0.82,0.0,15.03125,15.0,14.65625,14.71875,-30.4,0.0,0.0,10.0
26.81513,0x220,0.0,0.0,1.0,6.25,0.78,0.04,15.03125,15.0,14.65625,14.71875,-30.4,0.0,0.0,10.0
26.81665,0x2B0,0.0,0.0,1.0,6.25,0.78,0.04,15.03125,15.0,14.65625,14.71875,-30.3,0.0,0.0,10.0
26.81867,0x316,0.0,0.0,1.0,6.25,0.78,0.04,15.03125,15.0,14.65625,14.71875,-30.3,0.0,0.0,12.0
26.81955,0x386,0.0,0.0,1.0,6.25,0.78,0.04,15.09375,15.34375,14.65625,14.625,-30.3,0.0,0.0,12.0
26.82518,0x220,0.0,0.0,1.0,6.25,0.75,0.06,15.09375,15.34375,14.65625,14.625,-30.3,0.0,0.0,12.0
26.82662,0x2B0,0.0,0.0,1.0,6.25,0.75,0.06,15.09375,15.34375,14.65625,14.625,-30.3,0.0,0.0,12.0
26.82865,0x316,0.0,0.0,1.0,6.25,0.75,0.06,15.09375,15.34375,14.65625,14.625,-30.3,0.0,0.0,14.0
26.83513,0x220,0.0,0.0,1.0,6.25,0.74,0.03,15.09375,15.34375,14.65625,14.625,-30.3,0.0,0.0,14.0
26.83662,0x2B0,0.0,0.0,1.0,6.25,0.74,0.03,15.09375,15.34375,14.65625,14.625,-30.3,0.0,0.0,14.0
26.83886,0x316,0.0,0.0,1.0,6.25,0.74,0.03,15.09375,15.34375,14.65625,14.625,-30.3,0.0,0.0,16.0
26.83957,0x386,0.0,0.0,1.0,6.25,0.74,0.03,15.03125,14.9375,14.59375,14.75,-30.3,0.0,0.0,16.0
26.84517,0x220,0.0,0.0,1.0,6.25,0.78,0.0,15.03125,14.9375,14.59375,14.75,-30.3,0.0,0.0,16.0
26.84662,0x2B0,0.0,0.0,1.0,6.25,0.78,0.0,15.03125,14.9375,14.59375,14.75,-30.3,0.0,0.0,16.0
26.84879,0x316,0.0,0.0,1.0,6.25,0.78,0.0,15.03125,14.9375,14.59375,14.75,-30.3,0.0,0.0,18.0
26.85515,0x220,0.0,0.0,1.0,6.25,0.86,-0.02,15.03125,14.9375,14.59375,14.75,-30.3,0.0,0.0,18.0
26.85662,0x2B0,0.0,0.0,1.0,6.25,0.86,-0.02,15.03125,14.9375,14.59375,14.75,-30.3,0.0,0.0,18.0
26.85867,0x316,0.0,0.0,1.0,6.25,0.86,-0.02,15.03125,14.9375,14.59375,14.75,-30.3,0.0,0.0,21.0
26.85945,0x386,0.0,0.0,1.0,6.25,0.86,-0.02,15.125,15.0,14.65625,14.6875,-30.3,0.0,0.0,21.0
26.86519,0x220,0.0,0.0,1.0,6.25,0.86,0.0,15.125,15.0,14.65625,14.6875,-30.3,0.0,0.0,21.0
26.86661,0x2B0,0.0,0.0,1.0,6.25,0.86,0.0,15.125,15.0,14.65625,14.6875,-30.3,0.0,0.0,21.0
26.86884,0x316,0.0,0.0,1.0,6.25,0.86,0.0,15.125,15.0,14.65625,14.6875,-30.3,0.0,0.0,24.0
26.87515,0x220,0.0,0.0,1.0,6.25,0.8,0.05,15.125,15.0,14.65625,14.6875,-30.3,0.0,0.0,24.0
26.87665,0x2B0,0.0,0.0,1.0,6.25,0.8,0.05,15.125,15.0,14.65625,14.6875,-30.3,0.0,0.0,24.0
26.87882,0x316,0.0,0.0,1.0,6.25,0.8,0.05,15.125,15.0,14.65625,14.6875,-30.3,0.0,0.0,26.0
26.87945,0x386,0.0,0.0,1.0,6.25,0.8,0.05,15.0,15.03125,14.59375,14.6875,-30.3,0.0,0.0,26.0
26.88518,0x220,0.0,0.0,1.0,6.25,0.78,0.11,15.0,15.03125,14.59375,14.6875,-30.3,0.0,0.0,26.0
26.88661,0x2B0,0.0,0.0,1.0,6.25,0.78,0.11,15.0,15.03125,14.59375,14.6875,-30.3,0.0,0.0,26.0
26.88861,0x316,0.0,0.0,1.0,6.25,0.78,0.11,15.0,15.03125,14.59375,14.6875,-30.3,0.0,0.0,29.0
26.89513,0x220,0.0,0.0,1.0,6.25,0.76,0.1,15.0,15.03125,14.59375,14.6875,-30.3,0.0,0.0,29.0
26.89665,0x2B0,0.0,0.0,1.0,6.25,0.76,0.1,15.0,15.03125,14.59375,14.6875,-30.3,0.0,0.0,29.0
26.89867,0x316,0.0,0.0,1.0,6.25,0.76,0.1,15.0,15.03125,14.59375,14.6875,-30.3,0.0,0.0,31.0
26.89945,0x386,0.0,0.0,1.0,6.25,0.76,0.1,15.09375,15.09375,14.625,14.6875,-30.3,0.0,0.0,31.0
26.90518,0x220,0.0,0.0,1.0,6.25,0.71,0.06,15.09375,15.09375,14.625,14.6875,-30.3,0.0,0.0,31.0
26.90662,0x2B0,0.0,0.0,1.0,6.25,0.71,0.06,15.09375,15.09375,14.625,14.6875,-30.3,0.0,0.0,31.0
26.90865,0x316,0.0,0.0,1.0,6.25,0.71,0.06,15.09375,15.09375,14.625,14.6875,-30.3,0.0,0.0,34.0
26.91515,0x220,0.0,0.0,1.0,6.25,0.65,0.06,15.09375,15.09375,14.625,14.6875,-30.3,0.0,0.0,34.0
26.91661,0x2B0,0.0,0.0,1.0,6.25,0.65,0.06,15.09375,15.09375,14.625,14.6875,-30.3,0.0,0.0,34.0
26.91871,0x316,0.0,0.0,1.0,6.25,0.65,0.06,15.09375,15.09375,14.625,14.6875,-30.3,0.0,0.0,36.0
26.91968,0x386,0.0,0.0,1.0,6.25,0.65,0.06,14.9375,14.8125,14.5625,14.71875,-30.3,0.0,0.0,36.0
26.92518,0x220,0.0,0.0,1.0,6.25,0.64,0.09,14.9375,14.8125,14.5625,14.71875,-30.3,0.0,0.0,36.0
26.92662,0x2B0,0.0,0.0,1.0,6.25,0.64,0.09,14.9375,14.8125,14.5625,14.71875,-30.3,0.0,0.0,36.0
26.92863,0x316,0.0,0.0,1.0,6.25,0.64,0.09,14.9375,14.8125,14.5625,14.71875,-30.3,0.0,0.0,38.0
26.93513,0x220,0.0,0.0,1.0,6.25,0.62,0.11,14.9375,14.8125,14.5625,14.71875,-30.3,0.0,0.0,38.0
26.93662,0x2B0,0.0,0.0,1.0,6.25,0.62,0.11,14.9375,14.8125,14.5625,14.71875,-30.3,0.0,0.0,38.0
26.93877,0x316,0.0,0.0,1.0,6.25,0.62,0.11,14.9375,14.8125,14.5625,14.71875,-30.3,0.0,0.0,40.0
26.93949,0x386,0.0,0.0,1.0,6.25,0.62,0.11,14.96875,14.8125,14.65625,14.71875,-30.3,0.0,0.0,40.0
26.9452,0x220,0.0,0.0,1.0,6.25,0.62,0.13,14.96875,14.8125,14.65625,14.71875,-30.3,0.0,0.0,40.0
26.94669,0x2B0,0.0,0.0,1.0,6.25,0.62,0.13,14.96875,14.8125,14.65625,14.71875,-30.3,0.0,0.0,40.0
26.94878,0x316,0.0,0.0,1.0,6.25,0.62,0.13,14.96875,14.8125,14.65625,14.71875,-30.3,0.0,0.0,43.0
26.95515,0x220,0.0,0.0,1.0,6.25,0.64,0.14,14.96875,14.8125,14.65625,14.71875,-30.3,0.0,0.0,43.0
26.95666,0x2B0,0.0,0.0,1.0,6.25,0.64,0.14,14.96875,14.8125,14.65625,14.71875,-30.2,0.0,0.0,43.0
26.95872,0x316,0.0,0.0,1.0,6.25,0.64,0.14,14.96875,14.8125,14.65625,14.71875,-30.2,0.0,0.0,45.0
26.95969,0x386,0.0,0.0,1.0,6.25,0.64,0.14,14.9375,15.15625,14.75,14.78125,-30.2,0.0,0.0,45.0
26.96519,0x220,0.0,0.0,1.0,6.25,0.64,0.14,14.9375,15.15625,14.75,14.78125,-30.2,0.0,0.0,45.0
26.96663,0x2B0,0.0,0.0,1.0,6.25,0.64,0.14,14.9375,15.15625,14.75,14.78125,-30.2,0.0,0.0,45.0
26.96879,0x316,0.0,0.0,1.0,6.25,0.64,0.14,14.9375,15.15625,14.75,14.78125,-30.2,0.0,0.0,48.0
26.97516,0x220,0.0,0.0,1.0,6.25,0.69,0.12,14.9375,15.15625,14.75,14.78125,-30.2,0.0,0.0,48.0
26.97666,0x2B0,0.0,0.0,1.0,6.25,0.69,0.12,14.9375,15.15625,14.75,14.78125,-30.2,0.0,0.0,48.0
26.97874,0x316,0.0,0.0,1.0,6.25,0.69,0.12,14.9375,15.15625,14.75,14.78125,-30.2,0.0,0.0,50.0
26.97947,0x386,0.0,0.0,1.0,6.25,0.69,0.12,14.96875,14.875,14.6875,14.65625,-30.2,0.0,0.0,50.0
26.98518,0x220,0.0,0.0,1.0,6.25,0.8,0.07,14.96875,14.875,14.6875,14.65625,-30.2,0.0,0.0,50.0
26.98663,0x2B0,0.0,0.0,1.0,6.25,0.8,0.07,14.96875,14.875,14.6875,14.65625,-30.2,0.0,0.0,50.0
26.98863,0x316,0.0,0.0,1.0,6.25,0.8,0.07,14.96875,14.875,14.6875,14.65625,-30.2,0.0,0.0,52.0
26.99516,0x220,0.0,0.0,1.0,6.25,0.84,0.04,14.96875,14.875,14.6875,14.65625,-30.2,0.0,0.0,52.0
26.99668,0x2B0,0.0,0.0,1.0,6.25,0.84,0.04,14.96875,14.875,14.6875,14.65625,-30.2,0.0,0.0,52.0
26.99874,0x316,0.0,0.0,1.0,6.25,0.84,0.04,14.96875,14.875,14.6875,14.65625,-30.2,0.0,0.0,55.0
26.99945,0x386,0.0,0.0,1.0,6.25,0.84,0.04,14.9375,14.53125,14.65625,14.6875,-30.2,0.0,0.0,55.0
27.00518,0x220,0.0,0.0,1.0,6.25,0.81,0.06,14.9375,14.53125,14.65625,14.6875,-30.2,0.0,0.0,55.0
27.00663,0x2B0,0.0,0.0,1.0,6.25,0.81,0.06,14.9375,14.53125,14.65625,14.6875,-30.2,0.0,0.0,55.0
27.00861,0x316,0.0,0.0,1.0,6.25,0.81,0.06,14.9375,14.53125,14.65625,14.6875,-30.2,0.0,0.0,56.0
27.01515,0x220,0.0,0.0,1.0,6.25,0.79,0.11,14.9375,14.53125,14.65625,14.6875,-30.2,0.0,0.0,56.0
27.01662,0x2B0,0.0,0.0,1.0,6.25,0.79,0.11,14.9375,14.53125,14.65625,14.6875,-30.2,0.0,0.0,56.0
27.01872,0x316,0.0,0.0,1.0,6.25,0.79,0.11,14.9375,14.53125,14.65625,14.6875,-30.2,0.0,0.0,59.0
27.01945,0x386,0.0,0.0,1.0,6.25,0.79,0.11,14.96875,14.78125,14.71875,14.625,-30.2,0.0,0.0,59.0
27.02518,0x220,0.0,0.0,1.0,6.25,0.77,0.11,14.96875,14.78125,14.71875,14.625,-30.2,0.0,0.0,59.0
27.02667,0x2B0,0.0,0.0,1.0,6.25,0.77,0.11,14.96875,14.78125,14.71875,14.625,-30.2,0.0,0.0,59.0
27.02861,0x316,0.0,0.0,1.0,6.25,0.77,0.11,14.96875,14.78125,14.71875,14.625,-30.2,0.0,0.0,61.0
27.03514,0x220,0.0,0.0,1.0,6.25,0.73,0.08,14.96875,14.78125,14.71875,14.625,-30.2,0.0,0.0,61.0
27.03664,0x2B0,0.0,0.0,1.0,6.25,0.73,0.08,14.96875,14.78125,14.71875,14.625,-30.2,0.0,0.0,61.0
27.03892,0x316,0.0,0.0,1.0,6.25,0.73,0.08,14.96875,14.78125,14.71875,14.625,-30.2,0.0,0.0,63.0
27.03963,0x386,0.0,0.0,1.0,6.25,0.73,0.08,14.96875,14.84375,14.6875,14.65625,-30.2,0.0,0.0,63.0
27.04519,0x220,0.0,0.0,1.0,6.25,0.73,0.05,14.96875,14.84375,14.6875,14.65625,-30.2,0.0,0.0,63.0
27.04664,0x2B0,0.0,0.0,1.0,6.25,0.73,0.05,14.96875,14.84375,14.6875,14.65625,-30.2,0.0,0.0,63.0
27.04874,0x316,0.0,0.0,1.0,6.25,0.73,0.05,14.96875,14.84375,14.6875,14.65625,-30.2,0.0,0.0,64.0
27.05515,0x220,0.0,0.0,1.0,6.25,0.72,0.03,14.96875,14.84375,14.6875,14.65625,-30.2,0.0,0.0,64.0
27.05665,0x2B0,0.0,0.0,1.0,6.25,0.72,0.03,14.96875,14.84375,14.6875,14.65625,-30.2,0.0,0.0,64.0
27.05871,0x316,0.0,0.0,1.0,6.25,0.72,0.03,14.96875,14.84375,14.6875,14.65625,-30.2,0.0,0.0,66.0
27.05945,0x386,0.0,0.0,1.0,6.25,0.72,0.03,14.9375,15.28125,14.6875,14.65625,-30.2,0.0,0.0,66.0
27.06518,0x220,0.0,0.0,1.0,6.25,0.71,0.05,14.9375,15.28125,14.6875,14.65625,-30.2,0.0,0.0,66.0
27.06663,0x2B0,0.0,0.0,1.0,6.25,0.71,0.05,14.9375,15.28125,14.6875,14.65625,-30.2,0.0,0.0,66.0
27.06878,0x316,0.0,0.0,1.0,6.25,0.71,0.05,14.9375,15.28125,14.6875,14.65625,-30.2,0.0,0.0,67.0
27.07515,0x220,0.0,0.0,1.0,6.25,0.75,0.08,14.9375,15.28125,14.6875,14.65625,-30.2,0.0,0.0,67.0
27.07666,0x2B0,0.0,0.0,1.0,6.25,0.75,0.08,14.9375,15.28125,14.6875,14.65625,-30.2,0.0,0.0,67.0
27.07884,0x316,0.0,0.0,1.0,6.25,0.75,0.08,14.9375,15.28125,14.6875,14.65625,-30.2,0.0,0.0,68.0
27.07946,0x386,0.0,0.0,1.0,6.25,0.75,0.08,15.0,14.90625,14.6875,14.6875,-30.2,0.0,0.0,68.0
27.08518,0x220,0.0,0.0,1.0,6.25,0.76,0.1,15.0,14.90625,14.6875,14.6875,-30.2,0.0,0.0,68.0
27.08663,0x2B0,0.0,0.0,1.0,6.25,0.76,0.1,15.0,14.90625,14.6875,14.6875,-30.2,0.0,0.0,68.0
27.08866,0x316,0.0,0.0,1.0,6.25,0.76,0.1,15.0,14.90625,14.6875,14.6875,-30.2,0.0,0.0,69.0
27.09515,0x220,0.0,0.0,1.0,6.25,0.77,0.11,15.0,14.90625,14.6875,14.6875,-30.2,0.0,0.0,69.0
27.09666,0x2B0,0.0,0.0,1.0,6.25,0.77,0.11,15.0,14.90625,14.6875,14.6875,-30.2,0.0,0.0,69.0
27.09866,0x316,0.0,0.0,1.0,6.25,0.77,0.11,15.0,14.90625,14.6875,14.6875,-30.2,0.0,0.0,70.0
27.09946,0x386,0.0,0.0,1.0,6.25,0.77,0.11,14.9375,15.0,14.75,14.6875,-30.2,0.0,0.0,70.0
27.10519,0x220,0.0,0.0,1.0,6.25,0.76,0.11,14.9375,15.0,14.75,14.6875,-30.2,0.0,0.0,70.0
27.10663,0x2B0,0.0,0.0,1.0,6.25,0.76,0.11,14.9375,15.0,14.75,14.6875,-30.2,0.0,0.0,70.0
27.10861,0x316,0.0,0.0,1.0,6.25,0.76,0.11,14.9375,15.0,14.75,14.6875,-30.2,0.0,0.0,70.0
27.11516,0x220,0.0,0.0,1.0,6.25,0.75,0.13,14.9375,15.0,14.75,14.6875,-30.2,0.0,0.0,70.0
27.11663,0x2B0,0.0,0.0,1.0,6.25,0.75,0.13,14.9375,15.0,14.75,14.6875,-30.2,0.0,0.0,70.0
27.11882,0x316,0.0,0.0,1.0,6.25,0.75,0.13,14.9375,15.0,14.75,14.6875,-30.2,0.0,0.0,71.0
27.11955,0x386,0.0,0.0,1.0,6.25,0.75,0.13,15.0,15.1875,14.6875,14.6875,-30.2,0.0,0.0,71.0
27.12519,0x220,0.0,0.0,1.0,6.25,0.75,0.15,15.0,15.1875,14.6875,14.6875,-30.2,0.0,0.0,71.0
27.12663,0x2B0,0.0,0.0,1.0,6.25,0.75,0.15,15.0,15.1875,14.6875,14.6875,-30.2,0.0,0.0,71.0
27.12868,0x316,0.0,0.0,1.0,6.25,0.75,0.15,15.0,15.1875,14.6875,14.6875,-30.2,0.0,0.0,71.0
27.13513,0x220,0.0,0.0,1.0,6.25,0.75,0.16,15.0,15.1875,14.6875,14.6875,-30.2,0.0,0.0,71.0
27.13663,0x2B0,0.0,0.0,1.0,6.25,0.75,0.16,15.0,15.1875,14.6875,14.6875,-30.2,0.0,0.0,71.0
27.1388,0x316,0.0,0.0,1.0,6.25,0.75,0.16,15.0,15.1875,14.6875,14.6875,-30.2,0.0,0.0,73.0
27.13952,0x386,0.0,0.0,1.0,6.25,0.75,0.16,14.9375,15.03125,14.71875,14.65625,-30.2,0.0,0.0,73.0
27.1452,0x220,0.0,0.0,1.0,6.25,0.76,0.16,14.9375,15.03125,14.71875,14.65625,-30.2,0.0,0.0,73.0
27.14663,0x2B0,0.0,0.0,1.0,6.25,0.76,0.16,14.9375,15.03125,14.71875,14.65625,-30.2,0.0,0.0,73.0
27.14877,0x316,0.0,0.0,1.0,6.25,0.76,0.16,14.9375,15.03125,14.71875,14.65625,-30.2,0.0,0.0,73.0
27.15516,0x220,0.0,0.0,1.0,6.25,0.74,0.15,14.9375,15.03125,14.71875,14.65625,-30.2,0.0,0.0,73.0
27.15665,0x2B0,0.0,0.0,1.0,6.25,0.74,0.15,14.9375,15.03125,14.71875,14.65625,-30.2,0.0,0.0,73.0
27.15872,0x316,0.0,0.0,1.0,6.25,0.74,0.15,14.9375,15.03125,14.71875,14.65625,-30.2,0.0,0.0,74.0
27.15969,0x386,0.0,0.0,1.0,6.25,0.74,0.15,14.96875,15.0,14.625,14.625,-30.2,0.0,0.0,74.0
27.16519,0x220,0.0,0.0,1.0,6.25,0.72,0.14,14.96875,15.0,14.625,14.625,-30.2,0.0,0.0,74.0
27.16663,0x2B0,0.0,0.0,1.0,6.25,0.72,0.14,14.96875,15.0,14.625,14.625,-30.2,0.0,0.0,74.0
27.16883,0x316,0.0,0.0,1.0,6.25,0.72,0.14,14.96875,15.0,14.625,14.625,-30.2,0.0,0.0,75.0
27.17515,0x220,0.0,0.0,1.0,6.25,0.74,0.13,14.96875,15.0,14.625,14.625,-30.2,0.0,0.0,75.0
27.17666,0x2B0,0.0,0.0,1.0,6.25,0.74,0.13,14.96875,15.0,14.625,14.625,-30.2,0.0,0.0,75.0
27.17873,0x316,0.0,0.0,1.0,6.25,0.74,0.13,14.96875,15.0,14.625,14.625,-30.2,0.0,0.0,76.0
27.17946,0x386,0.0,0.0,1.0,6.25,0.74,0.13,14.9375,15.03125,14.625,14.71875,-30.2,0.0,0.0,76.0
27.18519,0x220,0.0,0.0,1.0,6.25,0.74,0.12,14.9375,15.03125,14.625,14.71875,-30.2,0.0,0.0,76.0
27.18663,0x2B0,0.0,0.0,1.0,6.25,0.74,0.12,14.9375,15.03125,14.625,14.71875,-30.2,0.0,0.0,76.0
27.18862,0x316,0.0,0.0,1.0,6.25,0.74,0.12,14.9375,15.03125,14.625,14.71875,-30.2,0.0,0.0,77.0
27.19516,0x220,0.0,0.0,1.0,6.25,0.73,0.08,14.9375,15.03125,14.625,14.71875,-30.2,0.0,0.0,77.0
27.19666,0x2B0,0.0,0.0,1.0,6.25,0.73,0.08,14.9375,15.03125,14.625,14.71875,-30.2,0.0,0.0,77.0
27.19873,0x316,0.0,0.0,1.0,6.25,0.73,0.08,14.9375,15.03125,14.625,14.71875,-30.2,0.0,0.0,78.0
27.19946,0x386,0.0,0.0,1.0,6.25,0.73,0.08,15.03125,14.9375,14.65625,14.65625,-30.2,0.0,0.0,78.0
27.20519,0x220,0.0,0.0,1.0,6.25,0.72,0.07,15.03125,14.9375,14.65625,14.65625,-30.2,0.0,0.0,78.0
27.20664,0x2B0,0.0,0.0,1.0,6.25,0.72,0.07,15.03125,14.9375,14.65625,14.65625,-30.2,0.0,0.0,78.0
27.20867,0x316,0.0,0.0,1.0,6.25,0.72,0.07,15.03125,14.9375,14.65625,14.65625,-30.2,0.0,0.0,80.0
27.21516,0x220,0.0,0.0,1.0,6.25,0.73,0.1,15.03125,14.9375,14.65625,14.65625,-30.2,0.0,0.0,80.0
27.21662,0x2B0,0.0,0.0,1.0,6.25,0.73,0.1,15.03125,14.9375,14.65625,14.65625,-30.2,0.0,0.0,80.0
27.21869,0x316,0.0,0.0,1.0,6.25,0.73,0.1,15.03125,14.9375,14.65625,14.65625,-30.2,0.0,0.0,81.0
27.21946,0x386,0.0,0.0,1.0,6.25,0.73,0.1,14.9375,14.9375,14.625,14.65625,-30.2,0.0,0.0,81.0
27.22519,0x220,0.0,0.0,1.0,6.25,0.77,0.14,14.9375,14.9375,14.625,14.65625,-30.2,0.0,0.0,81.0
27.22662,0x2B0,0.0,0.0,1.0,6.25,0.77,0.14,14.9375,14.9375,14.625,14.65625,-30.2,0.0,0.0,81.0
27.22861,0x316,0.0,0.0,1.0,6.25,0.77,0.14,14.9375,14.9375,14.625,14.65625,-30.2,0.0,0.0,83.0
27.23513,0x220,0.0,0.0,1.0,6.25,0.83,0.15,14.9375,14.9375,14.625,14.65625,-30.2,0.0,0.0,83.0
27.23662,0x2B0,0.0,0.0,1.0,6.25,0.83,0.15,14.9375,14.9375,14.625,14.65625,-30.2,0.0,0.0,83.0
27.23885,0x316,0.0,0.0,1.0,6.25,0.83,0.15,14.9375,14.9375,14.625,14.65625,-30.2,0.0,0.0,84.0
27.23957,0x386,0.0,0.0,1.0,6.25,0.83,0.15,14.96875,14.875,14.625,14.625,-30.2,0.0,0.0,84.0
27.24519,0x220,0.0,0.0,1.0,6.25,0.88,0.11,14.96875,14.875,14.625,14.625,-30.2,0.0,0.0,84.0
27.24662,0x2B0,0.0,0.0,1.0,6.25,0.88,0.11,14.96875,14.875,14.625,14.625,-30.2,0.0,0.0,84.0
27.24878,0x316,0.0,0.0,1.0,6.25,0.88,0.11,14.96875,14.875,14.625,14.625,-30.2,0.0,0.0,86.0
27.25516,0x220,0.0,0.0,1.0,6.25,0.89,0.06,14.96875,14.875,14.625,14.625,-30.2,0.0,0.0,86.0
27.25663,0x2B0,0.0,0.0,1.0,6.25,0.89,0.06,14.96875,14.875,14.625,14.625,-30.2,0.0,0.0,86.0
27.25869,0x316,0.0,0.0,1.0,6.25,0.89,0.06,14.96875,14.875,14.625,14.625,-30.2,0.0,0.0,87.0
27.25946,0x386,0.0,0.0,1.0,6.25,0.89,0.06,14.9375,14.9375,14.5625,14.5625,-30.2,0.0,0.0,87.0
27.26519,0x220,0.0,0.0,1.0,6.25,0.84,0.03,14.9375,14.9375,14.5625,14.5625,-30.2,0.0,0.0,87.0
27.26663,0x2B0,0.0,0.0,1.0,6.25,0.84,0.03,14.9375,14.9375,14.5625,14.5625,-30.2,0.0,0.0,87.0
27.26878,0x316,0.0,0.0,1.0,6.25,0.84,0.03,14.9375,14.9375,14.5625,14.5625,-30.2,0.0,0.0,88.0
27.27516,0x220,0.0,0.0,1.0,6.25,0.77,0.01,14.9375,14.9375,14.5625,14.5625,-30.2,0.0,0.0,88.0
27.27665,0x2B0,0.0,0.0,1.0,6.25,0.77,0.01,14.9375,14.9375,14.5625,14.5625,-30.2,0.0,0.0,88.0
27.27875,0x316,0.0,0.0,1.0,6.25,0.77,0.01,14.9375,14.9375,14.5625,14.5625,-30.2,0.0,0.0,90.0
27.27946,0x386,0.0,0.0,1.0,6.25,0.77,0.01,14.90625,14.78125,14.53125,14.5625,-30.2,0.0,0.0,90.0
27.28519,0x220,0.0,0.0,1.0,6.25,0.72,0.0,14.90625,14.78125,14.53125,14.5625,-30.2,0.0,0.0,90.0
27.28662,0x2B0,0.0,0.0,1.0,6.25,0.72,0.0,14.90625,14.78125,14.53125,14.5625,-30.2,0.0,0.0,90.0
27.28866,0x316,0.0,0.0,1.0,6.25,0.72,0.0,14.90625,14.78125,14.53125,14.5625,-30.2,0.0,0.0,91.0
27.29516,0x220,0.0,0.0,1.0,6.25,0.69,0.0,14.90625,14.78125,14.53125,14.5625,-30.2,0.0,0.0,91.0
27.29665,0x2B0,0.0,0.0,1.0,6.25,0.69,0.0,14.90625,14.78125,14.53125,14.5625,-30.2,0.0,0.0,91.0
27.29865,0x316,0.0,0.0,1.0,6.25,0.69,0.0,14.90625,14.78125,14.53125,14.5625,-30.2,0.0,0.0,92.0
27.29946,0x386,0.0,0.0,1.0,6.25,0.69,0.0,14.9375,14.625,14.5625,14.625,-30.2,0.0,0.0,92.0
27.3052,0x220,0.0,0.0,1.0,6.25,0.69,0.0,14.9375,14.625,14.5625,14.625,-30.2,0.0,0.0,92.0
27.30662,0x2B0,0.0,0.0,1.0,6.25,0.69,0.0,14.9375,14.625,14.5625,14.625,-30.2,0.0,0.0,92.0
27.30864,0x316,0.0,0.0,1.0,6.25,0.69,0.0,14.9375,14.625,14.5625,14.625,-30.2,0.0,0.0,94.0
27.31516,0x220,0.0,0.0,1.0,6.25,0.7,0.0,14.9375,14.625,14.5625,14.625,-30.2,0.0,0.0,94.0
27.31662,0x2B0,0.0,0.0,1.0,6.25,0.7,0.0,14.9375,14.625,14.5625,14.625,-30.2,0.0,0.0,94.0
27.3187,0x316,0.0,0.0,1.0,6.25,0.7,0.0,14.9375,14.625,14.5625,14.625,-30.2,0.0,0.0,95.0
27.31967,0x386,0.0,0.0,1.0,6.25,0.7,0.0,14.875,14.8125,14.46875,14.59375,-30.2,0.0,0.0,95.0
27.32519,0x220,0.0,0.0,1.0,6.25,0.7,0.06,14.875,14.8125,14.46875,14.59375,-30.2,0.0,0.0,95.0
27.32662,0x2B0,0.0,0.0,1.0,6.25,0.7,0.06,14.875,14.8125,14.46875,14.59375,-30.2,0.0,0.0,95.0
27.32868,0x316,0.0,0.0,1.0,6.25,0.7,0.06,14.875,14.8125,14.46875,14.59375,-30.2,0.0,0.0,96.0
27.33517,0x220,0.0,0.0,1.0,6.25,0.69,0.1,14.875,14.8125,14.46875,14.59375,-30.2,0.0,0.0,96.0
27.33662,0x2B0,0.0,0.0,1.0,6.25,0.69,0.1,14.875,14.8125,14.46875,14.59375,-30.2,0.0,0.0,96.0
27.33879,0x316,0.0,0.0,1.0,6.25,0.69,0.1,14.875,14.8125,14.46875,14.59375,-30.2,0.0,0.0,98.0
27.33951,0x386,0.0,0.0,1.0,6.25,0.69,0.1,14.875,14.78125,14.53125,14.53125,-30.2,0.0,0.0,98.0
27.3452,0x220,0.0,0.0,1.0,6.25,0.68,0.08,14.875,14.78125,14.53125,14.53125,-30.2,0.0,0.0,98.0
27.34662,0x2B0,0.0,0.0,1.0,6.25,0.68,0.08,14.875,14.78125,14.53125,14.53125,-30.2,0.0,0.0,98.0
27.3488,0x316,0.0,0.0,1.0,6.25,0.68,0.08,14.875,14.78125,14.53125,14.53125,-30.2,0.0,0.0,98.0
27.35517,0x220,0.0,0.0,1.0,6.25,0.63,0.07,14.875,14.78125,14.53125,14.53125,-30.2,0.0,0.0,98.0
27.35666,0x2B0,0.0,0.0,1.0,6.25,0.63,0.07,14.875,14.78125,14.53125,14.53125,-30.2,0.0,0.0,98.0
27.35866,0x316,0.0,0.0,1.0,6.25,0.63,0.07,14.875,14.78125,14.53125,14.53125,-30.2,0.0,0.0,99.0
27.35963,0x386,0.0,0.0,1.0,6.25,0.63,0.07,14.8125,14.75,14.59375,14.59375,-30.2,0.0,0.0,99.0
27.36519,0x220,0.0,0.0,1.0,6.25,0.59,0.08,14.8125,14.75,14.59375,14.59375,-30.2,0.0,0.0,99.0
27.36662,0x2B0,0.0,0.0,1.0,6.25,0.59,0.08,14.8125,14.75,14.59375,14.59375,-30.2,0.0,0.0,99.0
27.36891,0x316,0.0,0.0,1.0,6.25,0.59,0.08,14.8125,14.75,14.59375,14.59375,-30.2,0.0,0.0,100.0
27.37517,0x220,0.0,0.0,1.0,6.25,0.56,0.1,14.8125,14.75,14.59375,14.59375,-30.2,0.0,0.0,100.0
27.37666,0x2B0,0.0,0.0,1.0,6.25,0.56,0.1,14.8125,14.75,14.59375,14.59375,-30.2,0.0,0.0,100.0
27.37876,0x316,0.0,0.0,1.0,6.25,0.56,0.1,14.8125,14.75,14.59375,14.59375,-30.2,0.0,0.0,101.0
27.37948,0x386,0.0,0.0,1.0,6.25,0.56,0.1,14.8125,14.71875,14.5,14.59375,-30.2,0.0,0.0,101.0
27.38519,0x220,0.0,0.0,1.0,6.25,0.53,0.13,14.8125,14.71875,14.5,14.59375,-30.2,0.0,0.0,101.0
27.38662,0x2B0,0.0,0.0,1.0,6.25,0.53,0.13,14.8125,14.71875,14.5,14.59375,-30.2,0.0,0.0,101.0
27.38863,0x316,0.0,0.0,1.0,6.25,0.53,0.13,14.8125,14.71875,14.5,14.59375,-30.2,0.0,0.0,101.0
27.39516,0x220,0.0,0.0,1.0,6.25,0.53,0.17,14.8125,14.71875,14.5,14.59375,-30.2,0.0,0.0,101.0
27.39666,0x2B0,0.0,0.0,1.0,6.25,0.53,0.17,14.8125,14.71875,14.5,14.59375,-30.2,0.0,0.0,101.0
27.39866,0x316,0.0,0.0,1.0,6.25,0.53,0.17,14.8125,14.71875,14.5,14.59375,-30.2,0.0,0.0,102.0
27.39946,0x386,0.0,0.0,1.0,6.25,0.53,0.17,14.78125,14.65625,14.5625,14.53125,-30.2,0.0,0.0,102.0
27.40519,0x220,0.0,0.0,1.0,6.25,0.56,0.16,14.78125,14.65625,14.5625,14.53125,-30.2,0.0,0.0,102.0
27.4066,0x2B0,0.0,0.0,1.0,6.25,0.56,0.16,14.78125,14.65625,14.5625,14.53125,-30.2,0.0,0.0,102.0
27.40868,0x316,0.0,0.0,1.0,6.25,0.56,0.16,14.78125,14.65625,14.5625,14.53125,-30.2,0.0,0.0,102.0
27.41516,0x220,0.0,0.0,1.0,6.25,0.56,0.14,14.78125,14.65625,14.5625,14.53125,-30.2,0.0,0.0,102.0
27.41668,0x2B0,0.0,0.0,1.0,6.25,0.56,0.14,14.78125,14.65625,14.5625,14.53125,-30.2,0.0,0.0,102.0
27.41867,0x316,0.0,0.0,1.0,6.25,0.56,0.14,14.78125,14.65625,14.5625,14.53125,-30.2,0.0,0.0,102.0
27.41946,0x386,0.0,0.0,1.0,6.25,0.56,0.14,14.75,14.65625,14.5,14.5,-30.2,0.0,0.0,102.0
27.4252,0x220,0.0,0.0,1.0,6.25,0.54,0.11,14.75,14.65625,14.5,14.5,-30.2,0.0,0.0,102.0
27.42661,0x2B0,0.0,0.0,1.0,6.25,0.54,0.11,14.75,14.65625,14.5,14.5,-30.1,0.0,0.0,102.0
27.42863,0x316,0.0,0.0,1.0,6.25,0.54,0.11,14.75,14.65625,14.5,14.5,-30.1,0.0,0.0,103.0
27.43515,0x220,0.0,0.0,1.0,6.25,0.56,0.12,14.75,14.65625,14.5,14.5,-30.1,0.0,0.0,103.0
27.4366,0x2B0,0.0,0.0,1.0,6.25,0.56,0.12,14.75,14.65625,14.5,14.5,-30.1,0.0,0.0,103.0
27.43876,0x316,0.0,0.0,1.0,6.25,0.56,0.12,14.75,14.65625,14.5,14.5,-30.1,0.0,0.0,103.0
27.43948,0x386,0.0,0.0,1.0,6.25,0.56,0.12,14.71875,14.625,14.53125,14.4375,-30.1,0.0,0.0,103.0
27.44521,0x220,0.0,0.0,1.0,6.25,0.6,0.17,14.71875,14.625,14.53125,14.4375,-30.1,0.0,0.0,103.0
27.44661,0x2B0,0.0,0.0,1.0,6.25,0.6,0.17,14.71875,14.625,14.53125,14.4375,-29.9,8.0,0.0,103.0
27.44882,0x316,0.0,0.0,1.0,6.25,0.6,0.17,14.71875,14.625,14.53125,14.4375,-29.9,8.0,0.0,104.0
27.45516,0x220,0.0,0.0,1.0,6.25,0.64,0.18,14.71875,14.625,14.53125,14.4375,-29.9,8.0,0.0,104.0
27.45658,0x2B0,0.0,0.0,1.0,6.25,0.64,0.18,14.71875,14.625,14.53125,14.4375,-29.9,8.0,0.0,104.0
27.45871,0x316,0.0,0.0,1.0,6.25,0.64,0.18,14.71875,14.625,14.53125,14.4375,-29.9,8.0,0.0,104.0
27.45947,0x386,0.0,0.0,1.0,6.25,0.64,0.18,14.625,14.5625,14.53125,14.5,-29.9,8.0,0.0,104.0
27.46519,0x220,0.0,0.0,1.0,6.25,0.67,0.18,14.625,14.5625,14.53125,14.5,-29.9,8.0,0.0,104.0
27.46662,0x2B0,0.0,0.0,1.0,6.25,0.67,0.18,14.625,14.5625,14.53125,14.5,-29.8,0.0,0.0,104.0
27.4688,0x316,0.0,0.0,1.0,6.25,0.67,0.18,14.625,14.5625,14.53125,14.5,-29.8,0.0,0.0,105.0
27.47516,0x220,0.0,0.0,1.0,6.25,0.67,0.16,14.625,14.5625,14.53125,14.5,-29.8,0.0,0.0,105.0
27.47665,0x2B0,0.0,0.0,1.0,6.25,0.67,0.16,14.625,14.5625,14.53125,14.5,-29.8,0.0,0.0,105.0
27.47876,0x316,0.0,0.0,1.0,6.25,0.67,0.16,14.625,14.5625,14.53125,14.5,-29.8,0.0,0.0,105.0
27.47947,0x386,0.0,0.0,1.0,6.25,0.67,0.16,14.65625,14.59375,14.5,14.4375,-29.8,0.0,0.0,105.0
27.48519,0x220,0.0,0.0,1.0,6.25,0.69,0.13,14.65625,14.59375,14.5,14.4375,-29.8,0.0,0.0,105.0
27.48661,0x2B0,0.0,0.0,1.0,6.25,0.69,0.13,14.65625,14.59375,14.5,14.4375,-29.7,0.0,0.0,105.0
27.48867,0x316,0.0,0.0,1.0,6.25,0.69,0.13,14.65625,14.59375,14.5,14.4375,-29.7,0.0,0.0,106.0
27.49516,0x220,0.0,0.0,1.0,6.25,0.71,0.13,14.65625,14.59375,14.5,14.4375,-29.7,0.0,0.0,106.0
27.49668,0x2B0,0.0,0.0,1.0,6.25,0.71,0.13,14.65625,14.59375,14.5,14.4375,-29.7,0.0,0.0,106.0
27.49871,0x316,0.0,0.0,1.0,6.25,0.71,0.13,14.65625,14.59375,14.5,14.4375,-29.7,0.0,0.0,106.0
27.49947,0x386,0.0,0.0,1.0,6.25,0.71,0.13,14.59375,14.53125,14.4375,14.4375,-29.7,0.0,0.0,106.0
27.5052,0x220,0.0,0.0,1.0,6.25,0.73,0.14,14.59375,14.53125,14.4375,14.4375,-29.7,0.0,0.0,106.0
27.50662,0x2B0,0.0,0.0,1.0,6.25,0.73,0.14,14.59375,14.53125,14.4375,14.4375,-29.5,8.0,0.0,106.0
27.50861,0x316,0.0,0.0,1.0,6.25,0.73,0.14,14.59375,14.53125,14.4375,14.4375,-29.5,8.0,0.0,106.0
27.51516,0x220,0.0,0.0,1.0,6.25,0.74,0.12,14.59375,14.53125,14.4375,14.4375,-29.5,8.0,0.0,106.0
27.51658,0x2B0,0.0,0.0,1.0,6.25,0.74,0.12,14.59375,14.53125,14.4375,14.4375,-29.5,8.0,0.0,106.0
27.51869,0x316,0.0,0.0,1.0,6.25,0.74,0.12,14.59375,14.53125,14.4375,14.4375,-29.5,8.0,0.0,107.0
27.51966,0x386,0.0,0.0,1.0,6.25,0.74,0.12,14.59375,14.53125,14.4375,14.4375,-29.5,8.0,0.0,107.0
27.5252,0x220,0.0,0.0,1.0,6.25,0.77,0.11,14.59375,14.53125,14.4375,14.4375,-29.5,8.0,0.0,107.0
27.52662,0x2B0,0.0,0.0,1.0,6.25,0.77,0.11,14.59375,14.53125,14.4375,14.4375,-29.4,0.0,0.0,107.0
27.52865,0x316,0.0,0.0,1.0,6.25,0.77,0.11,14.59375,14.53125,14.4375,14.4375,-29.4,0.0,0.0,107.0
27.53515,0x220,0.0,0.0,1.0,6.25,0.78,0.11,14.59375,14.53125,14.4375,14.4375,-29.4,0.0,0.0,107.0
27.53666,0x2B0,0.0,0.0,1.0,6.25,0.78,0.11,14.59375,14.53125,14.4375,14.4375,-29.4,0.0,0.0,107.0
27.53883,0x316,0.0,0.0,1.0,6.25,0.78,0.11,14.59375,14.53125,14.4375,14.4375,-29.4,0.0,0.0,108.0
27.53954,0x386,0.0,0.0,1.0,6.25,0.78,0.11,14.5625,14.5625,14.40625,14.34375,-29.4,0.0,0.0,108.0
27.5452,0x220,0.0,0.0,1.0,6.25,0.79,0.1,14.5625,14.5625,14.40625,14.34375,-29.4,0.0,0.0,108.0
27.54662,0x2B0,0.0,0.0,1.0,6.25,0.79,0.1,14.5625,14.5625,14.40625,14.34375,-29.2,8.0,0.0,108.0
27.54878,0x316,0.0,0.0,1.0,6.25,0.79,0.1,14.5625,14.5625,14.40625,14.34375,-29.2,8.0,0.0,108.0
27.55516,0x220,0.0,0.0,1.0,6.25,0.82,0.11,14.5625,14.5625,14.40625,14.34375,-29.2,8.0,0.0,108.0
27.55665,0x2B0,0.0,0.0,1.0,6.25,0.82,0.11,14.5625,14.5625,14.40625,14.34375,-29.2,8.0,0.0,108.0
27.55866,0x316,0.0,0.0,1.0,6.25,0.82,0.11,14.5625,14.5625,14.40625,14.34375,-29.2,8.0,0.0,109.0
27.55963,0x386,0.0,0.0,1.0,6.25,0.82,0.11,14.5,14.53125,14.375,14.28125,-29.2,8.0,0.0,109.0
27.56519,0x220,0.0,0.0,1.0,6.25,0.8,0.1,14.5,14.53125,14.375,14.28125,-29.2,8.0,0.0,109.0
27.5666,0x2B0,0.0,0.0,1.0,6.25,0.8,0.1,14.5,14.53125,14.375,14.28125,-29.0,8.0,0.0,109.0
27.56884,0x316,0.0,0.0,1.0,6.25,0.8,0.1,14.5,14.53125,14.375,14.28125,-29.0,8.0,0.0,109.0
27.57517,0x220,0.0,0.0,1.0,6.25,0.78,0.09,14.5,14.53125,14.375,14.28125,-29.0,8.0,0.0,109.0
27.57667,0x2B0,0.0,0.0,1.0,6.25,0.78,0.09,14.5,14.53125,14.375,14.28125,-29.0,8.0,0.0,109.0
27.57881,0x316,0.0,0.0,1.0,6.25,0.78,0.09,14.5,14.53125,14.375,14.28125,-29.0,8.0,0.0,110.0
27.57954,0x386,0.0,0.0,1.0,6.25,0.78,0.09,14.5,14.53125,14.375,14.34375,-29.0,8.0,0.0,110.0
27.5852,0x220,0.0,0.0,1.0,6.25,0.79,0.1,14.5,14.53125,14.375,14.34375,-29.0,8.0,0.0,110.0
27.58661,0x2B0,0.0,0.0,1.0,6.25,0.79,0.1,14.5,14.53125,14.375,14.34375,-28.8,8.0,0.0,110.0
27.58863,0x316,0.0,0.0,1.0,6.25,0.79,0.1,14.5,14.53125,14.375,14.34375,-28.8,8.0,0.0,110.0
27.59516,0x220,0.0,0.0,1.0,6.25,0.8,0.12,14.5,14.53125,14.375,14.34375,-28.8,8.0,0.0,110.0
27.59667,0x2B0,0.0,0.0,1.0,6.25,0.8,0.12,14.5,14.53125,14.375,14.34375,-28.8,8.0,0.0,110.0
27.59866,0x316,0.0,0.0,1.0,6.25,0.8,0.12,14.5,14.53125,14.375,14.34375,-28.8,8.0,0.0,111.0
27.59947,0x386,0.0,0.0,1.0,6.25,0.8,0.12,14.46875,14.53125,14.25,14.28125,-28.8,8.0,0.0,111.0
27.60519,0x220,0.0,0.0,1.0,6.25,0.78,0.13,14.46875,14.53125,14.25,14.28125,-28.8,8.0,0.0,111.0
27.60662,0x2B0,0.0,0.0,1.0,6.25,0.78,0.13,14.46875,14.53125,14.25,14.28125,-28.6,8.0,0.0,111.0
27.60862,0x316,0.0,0.0,1.0,6.25,0.78,0.13,14.46875,14.53125,14.25,14.28125,-28.6,8.0,0.0,111.0
27.61517,0x220,0.0,0.0,1.0,6.25,0.77,0.13,14.46875,14.53125,14.25,14.28125,-28.6,8.0,0.0,111.0
27.61667,0x2B0,0.0,0.0,1.0,6.25,0.77,0.13,14.46875,14.53125,14.25,14.28125,-28.6,8.0,0.0,111.0
27.61874,0x316,0.0,0.0,1.0,6.25,0.77,0.13,14.46875,14.53125,14.25,14.28125,-28.6,8.0,0.0,112.0
27.61948,0x386,0.0,0.0,1.0,6.25,0.77,0.13,14.4375,14.46875,14.21875,14.28125,-28.6,8.0,0.0,112.0
27.6252,0x220,0.0,0.0,1.0,6.25,0.73,0.16,14.4375,14.46875,14.21875,14.28125,-28.6,8.0,0.0,112.0
27.62661,0x2B0,0.0,0.0,1.0,6.25,0.73,0.16,14.4375,14.46875,14.21875,14.28125,-28.4,8.0,0.0,112.0
27.62861,0x316,0.0,0.0,1.0,6.25,0.73,0.16,14.4375,14.46875,14.21875,14.28125,-28.4,8.0,0.0,112.0
27.63517,0x220,0.0,0.0,1.0,6.25,0.71,0.19,14.4375,14.46875,14.21875,14.28125,-28.4,8.0,0.0,112.0
27.63665,0x2B0,0.0,0.0,1.0,6.25,0.71,0.19,14.4375,14.46875,14.21875,14.28125,-28.4,8.0,0.0,112.0
27.63883,0x316,0.0,0.0,1.0,6.25,0.71,0.19,14.4375,14.46875,14.21875,14.28125,-28.4,8.0,0.0,113.0
27.63954,0x386,0.0,0.0,1.0,6.25,0.71,0.19,14.4375,14.4375,14.125,14.125,-28.4,8.0,0.0,113.0
27.64521,0x220,0.0,0.0,1.0,6.25,0.73,0.21,14.4375,14.4375,14.125,14.125,-28.4,8.0,0.0,113.0
27.64661,0x2B0,0.0,0.0,1.0,6.25,0.73,0.21,14.4375,14.4375,14.125,14.125,-28.1,12.0,0.0,113.0
27.64875,0x316,0.0,0.0,1.0,6.25,0.73,0.21,14.4375,14.4375,14.125,14.125,-28.1,12.0,0.0,113.0
27.65517,0x220,0.0,0.0,1.0,6.25,0.75,0.22,14.4375,14.4375,14.125,14.125,-28.1,12.0,0.0,113.0
27.65666,0x2B0,0.0,0.0,1.0,6.25,0.75,0.22,14.4375,14.4375,14.125,14.125,-28.1,12.0,0.0,113.0
27.65873,0x316,0.0,0.0,1.0,6.25,0.75,0.22,14.4375,14.4375,14.125,14.125,-28.1,12.0,0.0,113.0
27.65947,0x386,0.0,0.0,1.0,6.25,0.75,0.22,14.40625,14.375,14.09375,14.09375,-28.1,12.0,0.0,113.0
27.6652,0x220,0.0,0.0,1.0,6.25,0.75,0.22,14.40625,14.375,14.09375,14.09375,-28.1,12.0,0.0,113.0
27.66661,0x2B0,0.0,0.0,1.0,6.25,0.75,0.22,14.40625,14.375,14.09375,14.09375,-27.9,8.0,0.0,113.0
27.66879,0x316,0.0,0.0,1.0,6.25,0.75,0.22,14.40625,14.375,14.09375,14.09375,-27.9,8.0,0.0,114.0
27.67517,0x220,0.0,0.0,1.0,6.25,0.79,0.2,14.40625,14.375,14.09375,14.09375,-27.9,8.0,0.0,114.0
27.67665,0x2B0,0.0,0.0,1.0,6.25,0.79,0.2,14.40625,14.375,14.09375,14.09375,-27.7,20.0,0.0,114.0
27.67884,0x316,0.0,0.0,1.0,6.25,0.79,0.2,14.40625,14.375,14.09375,14.09375,-27.7,20.0,0.0,114.0
27.67947,0x386,0.0,0.0,1.0,6.25,0.79,0.2,14.34375,14.3125,14.0,14.09375,-27.7,20.0,0.0,114.0
27.6852,0x220,0.0,0.0,1.0,6.25,0.87,0.19,14.34375,14.3125,14.0,14.09375,-27.7,20.0,0.0,114.0
27.6866,0x2B0,0.0,0.0,1.0,6.25,0.87,0.19,14.34375,14.3125,14.0,14.09375,-27.5,20.0,0.0,114.0
27.6886,0x316,0.0,0.0,1.0,6.25,0.87,0.19,14.34375,14.3125,14.0,14.09375,-27.5,20.0,0.0,114.0
27.69517,0x220,0.0,0.0,1.0,6.25,0.9,0.19,14.34375,14.3125,14.0,14.09375,-27.5,20.0,0.0,114.0
27.69669,0x2B0,0.0,0.0,1.0,6.25,0.9,0.19,14.34375,14.3125,14.0,14.09375,-27.3,20.0,0.0,114.0
27.69873,0x316,0.0,0.0,1.0,6.25,0.9,0.19,14.34375,14.3125,14.0,14.09375,-27.3,20.0,0.0,115.0
27.69948,0x386,0.0,0.0,1.0,6.25,0.9,0.19,14.3125,14.3125,14.0,14.0625,-27.3,20.0,0.0,115.0
27.7052,0x220,0.0,0.0,1.0,6.25,0.88,0.16,14.3125,14.3125,14.0,14.0625,-27.3,20.0,0.0,115.0
27.70661,0x2B0,0.0,0.0,1.0,6.25,0.88,0.16,14.3125,14.3125,14.0,14.0625,-27.1,20.0,0.0,115.0
27.70861,0x316,0.0,0.0,1.0,6.25,0.88,0.16,14.3125,14.3125,14.0,14.0625,-27.1,20.0,0.0,115.0
27.71517,0x220,0.0,0.0,1.0,6.25,0.9,0.14,14.3125,14.3125,14.0,14.0625,-27.1,20.0,0.0,115.0
27.71662,0x2B0,0.0,0.0,1.0,6.25,0.9,0.14,14.3125,14.3125,14.0,14.0625,-26.9,20.0,0.0,115.0
27.71873,0x316,0.0,0.0,1.0,6.25,0.9,0.14,14.3125,14.3125,14.0,14.0625,-26.9,20.0,0.0,116.0
27.7197,0x386,0.0,0.0,1.0,6.25,0.9,0.14,14.25,14.21875,13.9375,14.0,-26.9,20.0,0.0,116.0
27.7252,0x220,0.0,0.0,1.0,6.25,0.95,0.15,14.25,14.21875,13.9375,14.0,-26.9,20.0,0.0,116.0
27.7266,0x2B0,0.0,0.0,1.0,6.25,0.95,0.15,14.25,14.21875,13.9375,14.0,-26.6,24.0,0.0,116.0
27.72861,0x316,0.0,0.0,1.0,6.25,0.95,0.15,14.25,14.21875,13.9375,14.0,-26.6,24.0,0.0,116.0
27.73517,0x220,0.0,0.0,1.0,6.25,0.95,0.13,14.25,14.21875,13.9375,14.0,-26.6,24.0,0.0,116.0
27.73663,0x2B0,0.0,0.0,1.0,6.25,0.95,0.13,14.25,14.21875,13.9375,14.0,-26.4,24.0,0.0,116.0
27.73887,0x316,0.0,0.0,1.0,6.25,0.95,0.13,14.25,14.21875,13.9375,14.0,-26.4,24.0,0.0,116.0
27.7396,0x386,0.0,0.0,1.0,6.25,0.95,0.13,14.25,14.15625,13.9375,13.96875,-26.4,24.0,0.0,116.0
27.74522,0x220,0.0,0.0,1.0,6.25,0.95,0.09,14.25,14.15625,13.9375,13.96875,-26.4,24.0,0.0,116.0
27.7466,0x2B0,0.0,0.0,1.0,6.25,0.95,0.09,14.25,14.15625,13.9375,13.96875,-26.2,20.0,0.0,116.0
27.74877,0x316,0.0,0.0,1.0,6.25,0.95,0.09,14.25,14.15625,13.9375,13.96875,-26.2,20.0,0.0,117.0
27.75517,0x220,0.0,0.0,1.0,6.25,0.96,0.07,14.25,14.15625,13.9375,13.96875,-26.2,20.0,0.0,117.0
27.75665,0x2B0,0.0,0.0,1.0,6.25,0.96,0.07,14.25,14.15625,13.9375,13.96875,-25.9,24.0,0.0,117.0
27.75871,0x316,0.0,0.0,1.0,6.25,0.96,0.07,14.25,14.15625,13.9375,13.96875,-25.9,24.0,0.0,117.0
27.75968,0x386,0.0,0.0,1.0,6.25,0.96,0.07,14.15625,14.125,13.875,13.9375,-25.9,24.0,0.0,117.0
27.76521,0x220,0.0,0.0,1.0,6.25,0.96,0.07,14.15625,14.125,13.875,13.9375,-25.9,24.0,0.0,117.0
27.76663,0x2B0,0.0,0.0,1.0,6.25,0.96,0.07,14.15625,14.125,13.875,13.9375,-25.7,24.0,0.0,117.0
27.76877,0x316,0.0,0.0,1.0,6.25,0.96,0.07,14.15625,14.125,13.875,13.9375,-25.7,24.0,0.0,117.0
27.77516,0x220,0.0,0.0,1.0,6.25,0.95,0.07,14.15625,14.125,13.875,13.9375,-25.7,24.0,0.0,117.0
27.77666,0x2B0,0.0,0.0,1.0,6.25,0.95,0.07,14.15625,14.125,13.875,13.9375,-25.5,20.0,0.0,117.0
27.77885,0x316,0.0,0.0,1.0,6.25,0.95,0.07,14.15625,14.125,13.875,13.9375,-25.5,20.0,0.0,118.0
27.77958,0x386,0.0,0.0,1.0,6.25,0.95,0.07,14.09375,14.125,13.78125,13.875,-25.5,20.0,0.0,118.0
27.78521,0x220,0.0,0.0,1.0,6.25,0.96,0.05,14.09375,14.125,13.78125,13.875,-25.5,20.0,0.0,118.0
27.78664,0x2B0,0.0,0.0,1.0,6.25,0.96,0.05,14.09375,14.125,13.78125,13.875,-25.2,24.0,0.0,118.0
27.78863,0x316,0.0,0.0,1.0,6.25,0.96,0.05,14.09375,14.125,13.78125,13.875,-25.2,24.0,0.0,118.0
27.79518,0x220,0.0,0.0,1.0,6.25,0.96,0.0,14.09375,14.125,13.78125,13.875,-25.2,24.0,0.0,118.0
27.79667,0x2B0,0.0,0.0,1.0,6.25,0.96,0.0,14.09375,14.125,13.78125,13.875,-25.0,24.0,0.0,118.0
27.79866,0x316,0.0,0.0,1.0,6.25,0.96,0.0,14.09375,14.125,13.78125,13.875,-25.0,24.0,0.0,118.0
27.79948,0x386,0.0,0.0,1.0,6.25,0.96,0.0,14.0625,14.0,13.84375,13.84375,-25.0,24.0,0.0,118.0
27.8052,0x220,0.0,0.0,1.0,6.25,0.93,0.0,14.0625,14.0,13.84375,13.84375,-25.0,24.0,0.0,118.0
27.80662,0x2B0,0.0,0.0,1.0,6.25,0.93,0.0,14.0625,14.0,13.84375,13.84375,-24.7,24.0,0.0,118.0
27.8086,0x316,0.0,0.0,1.0,6.25,0.93,0.0,14.0625,14.0,13.84375,13.84375,-24.7,24.0,0.0,119.0
27.81517,0x220,0.0,0.0,1.0,6.25,0.88,0.04,14.0625,14.0,13.84375,13.84375,-24.7,24.0,0.0,119.0
27.81662,0x2B0,0.0,0.0,1.0,6.25,0.88,0.04,14.0625,14.0,13.84375,13.84375,-24.5,24.0,0.0,119.0
27.81871,0x316,0.0,0.0,1.0,6.25,0.88,0.04,14.0625,14.0,13.84375,13.84375,-24.5,24.0,0.0,119.0
27.81948,0x386,0.0,0.0,1.0,6.25,0.88,0.04,14.03125,13.96875,13.8125,13.78125,-24.5,24.0,0.0,119.0
27.82521,0x220,0.0,0.0,1.0,6.25,0.88,0.11,14.03125,13.96875,13.8125,13.78125,-24.5,24.0,0.0,119.0
27.82659,0x2B0,0.0,0.0,1.0,6.25,0.88,0.11,14.03125,13.96875,13.8125,13.78125,-24.3,20.0,0.0,119.0
27.82865,0x316,0.0,0.0,1.0,6.25,0.88,0.11,14.03125,13.96875,13.8125,13.78125,-24.3,20.0,0.0,119.0
27.83519,0x220,0.0,0.0,1.0,6.25,0.88,0.14,14.03125,13.96875,13.8125,13.78125,-24.3,20.0,0.0,119.0
27.8366,0x2B0,0.0,0.0,1.0,6.25,0.88,0.14,14.03125,13.96875,13.8125,13.78125,-24.0,24.0,0.0,119.0
27.83876,0x316,0.0,0.0,1.0,6.25,0.88,0.14,14.03125,13.96875,13.8125,13.78125,-24.0,24.0,0.0,119.0
27.83948,0x386,0.0,0.0,1.0,6.25,0.88,0.14,13.96875,13.9375,13.75,13.8125,-24.0,24.0,0.0,119.0
27.84522,0x220,0.0,0.0,1.0,6.25,0.9,0.15,13.96875,13.9375,13.75,13.8125,-24.0,24.0,0.0,119.0
27.84661,0x2B0,0.0,0.0,1.0,6.25,0.9,0.15,13.96875,13.9375,13.75,13.8125,-23.8,24.0,0.0,119.0
27.84875,0x316,0.0,0.0,1.0,6.25,0.9,0.15,13.96875,13.9375,13.75,13.8125,-23.8,24.0,0.0,120.0
27.85516,0x220,0.0,0.0,1.0,6.25,0.93,0.14,13.96875,13.9375,13.75,13.8125,-23.8,24.0,0.0,120.0
27.85659,0x2B0,0.0,0.0,1.0,6.25,0.93,0.14,13.96875,13.9375,13.75,13.8125,-23.6,20.0,0.0,120.0
27.8587,0x316,0.0,0.0,1.0,6.25,0.93,0.14,13.96875,13.9375,13.75,13.8125,-23.6,20.0,0.0,120.0
27.85948,0x386,0.0,0.0,1.0,6.25,0.93,0.14,13.9375,13.875,13.71875,13.71875,-23.6,20.0,0.0,120.0
27.8652,0x220,0.0,0.0,1.0,6.25,0.99,0.12,13.9375,13.875,13.71875,13.71875,-23.6,20.0,0.0,120.0
27.86659,0x2B0,0.0,0.0,1.0,6.25,0.99,0.12,13.9375,13.875,13.71875,13.71875,-23.4,20.0,0.0,120.0
27.86889,0x316,0.0,0.0,1.0,6.25,0.99,0.12,13.9375,13.875,13.71875,13.71875,-23.4,20.0,0.0,120.0
27.87518,0x220,0.0,0.0,1.0,6.25,1.01,0.13,13.9375,13.875,13.71875,13.71875,-23.4,20.0,0.0,120.0
27.87665,0x2B0,0.0,0.0,1.0,6.25,1.01,0.13,13.9375,13.875,13.71875,13.71875,-23.2,20.0,0.0,120.0
27.87876,0x316,0.0,0.0,1.0,6.25,1.01,0.13,13.9375,13.875,13.71875,13.71875,-23.2,20.0,0.0,120.0
27.87948,0x386,0.0,0.0,1.0,6.25,1.01,0.13,13.90625,13.78125,13.65625,13.625,-23.2,20.0,0.0,120.0
27.88521,0x220,0.0,0.0,1.0,6.25,0.96,0.18,13.90625,13.78125,13.65625,13.625,-23.2,20.0,0.0,120.0
27.88658,0x2B0,0.0,0.0,1.0,6.25,0.96,0.18,13.90625,13.78125,13.65625,13.625,-23.0,20.0,0.0,120.0
27.88863,0x316,0.0,0.0,1.0,6.25,0.96,0.18,13.90625,13.78125,13.65625,13.625,-23.0,20.0,0.0,120.0
27.89518,0x220,0.0,0.0,1.0,6.25,0.9,0.21,13.90625,13.78125,13.65625,13.625,-23.0,20.0,0.0,120.0
27.89667,0x2B0,0.0,0.0,1.0,6.25,0.9,0.21,13.90625,13.78125,13.65625,13.625,-22.9,12.0,0.0,120.0
27.89873,0x316,0.0,0.0,1.0,6.25,0.9,0.21,13.90625,13.78125,13.65625,13.625,-22.9,12.0,0.0,120.0
27.89948,0x386,0.0,0.0,1.0,6.25,0.9,0.21,13.78125,13.75,13.5625,13.5625,-22.9,12.0,0.0,120.0
27.90521,0x220,0.0,0.0,1.0,6.25,0.88,0.22,13.78125,13.75,13.5625,13.5625,-22.9,12.0,0.0,120.0
27.90658,0x2B0,0.0,0.0,1.0,6.25,0.88,0.22,13.78125,13.75,13.5625,13.5625,-22.7,12.0,0.0,120.0
27.90862,0x316,0.0,0.0,1.0,6.25,0.88,0.22,13.78125,13.75,13.5625,13.5625,-22.7,12.0,0.0,120.0
27.91517,0x220,0.0,0.0,1.0,6.25,0.89,0.22,13.78125,13.75,13.5625,13.5625,-22.7,12.0,0.0,120.0
27.91657,0x2B0,0.0,0.0,1.0,6.25,0.89,0.22,13.78125,13.75,13.5625,13.5625,-22.6,12.0,0.0,120.0
27.9187,0x316,0.0,0.0,1.0,6.25,0.89,0.22,13.78125,13.75,13.5625,13.5625,-22.6,12.0,0.0,120.0
27.91967,0x386,0.0,0.0,1.0,6.25,0.89,0.22,13.75,13.6875,13.53125,13.53125,-22.6,12.0,0.0,120.0
27.92521,0x220,0.0,0.0,1.0,6.25,0.92,0.23,13.75,13.6875,13.53125,13.53125,-22.6,12.0,0.0,120.0
27.92658,0x2B0,0.0,0.0,1.0,6.25,0.92,0.23,13.75,13.6875,13.53125,13.53125,-22.4,12.0,0.0,120.0
27.9286,0x316,0.0,0.0,1.0,6.25,0.92,0.23,13.75,13.6875,13.53125,13.53125,-22.4,12.0,0.0,121.0
27.93518,0x220,0.0,0.0,1.0,6.25,0.93,0.25,13.75,13.6875,13.53125,13.53125,-22.4,12.0,0.0,121.0
27.93666,0x2B0,0.0,0.0,1.0,6.25,0.93,0.25,13.75,13.6875,13.53125,13.53125,-22.4,8.0,0.0,121.0
27.93885,0x316,0.0,0.0,1.0,6.25,0.93,0.25,13.75,13.6875,13.53125,13.53125,-22.4,8.0,0.0,121.0
27.93957,0x386,0.0,0.0,1.0,6.25,0.93,0.25,13.6875,13.65625,13.5,13.5,-22.4,8.0,0.0,121.0
27.94522,0x220,0.0,0.0,1.0,6.25,0.97,0.26,13.6875,13.65625,13.5,13.5,-22.4,8.0,0.0,121.0
27.94659,0x2B0,0.0,0.0,1.0,6.25,0.97,0.26,13.6875,13.65625,13.5,13.5,-22.1,12.0,0.0,121.0
27.94879,0x316,0.0,0.0,1.0,6.25,0.97,0.26,13.6875,13.65625,13.5,13.5,-22.1,12.0,0.0,121.0
27.95518,0x220,0.0,0.0,1.0,6.25,1.03,0.27,13.6875,13.65625,13.5,13.5,-22.1,12.0,0.0,121.0
27.95665,0x2B0,0.0,0.0,1.0,6.25,1.03,0.27,13.6875,13.65625,13.5,13.5,-22.1,12.0,0.0,121.0
27.95868,0x316,0.0,0.0,1.0,6.25,1.03,0.27,13.6875,13.65625,13.5,13.5,-22.1,12.0,0.0,121.0
27.95964,0x386,0.0,0.0,1.0,6.25,1.03,0.27,13.625,13.5625,13.46875,13.46875,-22.1,12.0,0.0,121.0
27.96521,0x220,0.0,0.0,1.0,6.25,1.08,0.26,13.625,13.5625,13.46875,13.46875,-22.1,12.0,0.0,121.0
27.96657,0x2B0,0.0,0.0,1.0,6.25,1.08,0.26,13.625,13.5625,13.46875,13.46875,-21.9,8.0,0.0,121.0
27.96877,0x316,0.0,0.0,1.0,6.25,1.08,0.26,13.625,13.5625,13.46875,13.46875,-21.9,8.0,0.0,121.0
27.97518,0x220,0.0,0.0,1.0,6.25,1.12,0.25,13.625,13.5625,13.46875,13.46875,-21.9,8.0,0.0,121.0
27.97665,0x2B0,0.0,0.0,1.0,6.25,1.12,0.25,13.625,13.5625,13.46875,13.46875,-21.9,8.0,0.0,121.0
27.9788,0x316,0.0,0.0,1.0,6.25,1.12,0.25,13.625,13.5625,13.46875,13.46875,-21.9,8.0,0.0,122.0
27.97953,0x386,0.0,0.0,1.0,6.25,1.12,0.25,13.5625,13.53125,13.4375,13.40625,-21.9,8.0,0.0,122.0
27.98522,0x220,0.0,0.0,1.0,6.25,1.16,0.23,13.5625,13.53125,13.4375,13.40625,-21.9,8.0,0.0,122.0
27.98658,0x2B0,0.0,0.0,1.0,6.25,1.16,0.23,13.5625,13.53125,13.4375,13.40625,-21.7,8.0,0.0,122.0
27.98863,0x316,0.0,0.0,1.0,6.25,1.16,0.23,13.5625,13.53125,13.4375,13.40625,-21.7,8.0,0.0,122.0
27.99519,0x220,0.0,0.0,1.0,6.25,1.16,0.25,13.5625,13.53125,13.4375,13.40625,-21.7,8.0,0.0,122.0
27.99669,0x2B0,0.0,0.0,1.0,6.25,1.16,0.25,13.5625,13.53125,13.4375,13.40625,-21.7,8.0,0.0,122.0
27.99868,0x316,0.0,0.0,1.0,6.25,1.16,0.25,13.5625,13.53125,13.4375,13.40625,-21.7,8.0,0.0,122.0
27.99948,0x386,0.0,0.0,1.0,6.25,1.16,0.25,13.5,13.5,13.375,13.375,-21.7,8.0,0.0,122.0
28.00521,0x220,0.0,0.0,1.0,6.25,1.13,0.26,13.5,13.5,13.375,13.375,-21.7,8.0,0.0,122.0
28.00657,0x2B0,0.0,0.0,1.0,6.25,1.13,0.26,13.5,13.5,13.375,13.375,-21.5,8.0,0.0,122.0
28.00863,0x316,0.0,0.0,1.0,6.25,1.13,0.26,13.5,13.5,13.375,13.375,-21.5,8.0,0.0,123.0
28.01519,0x220,0.0,0.0,1.0,6.25,1.13,0.26,13.5,13.5,13.375,13.375,-21.5,8.0,0.0,123.0
28.01654,0x2B0,0.0,0.0,1.0,6.25,1.13,0.26,13.5,13.5,13.375,13.375,-21.5,8.0,0.0,123.0
28.01868,0x316,0.0,0.0,1.0,6.25,1.13,0.26,13.5,13.5,13.375,13.375,-21.5,8.0,0.0,122.0
28.01949,0x386,0.0,0.0,1.0,6.25,1.13,0.26,13.4375,13.46875,13.3125,13.34375,-21.5,8.0,0.0,122.0
28.02521,0x220,0.0,0.0,1.0,6.25,1.16,0.25,13.4375,13.46875,13.3125,13.34375,-21.5,8.0,0.0,122.0
28.02661,0x2B0,0.0,0.0,1.0,6.25,1.16,0.25,13.4375,13.46875,13.3125,13.34375,-21.5,0.0,0.0,122.0
28.02865,0x316,0.0,0.0,1.0,6.25,1.16,0.25,13.4375,13.46875,13.3125,13.34375,-21.5,0.0,0.0,123.0
28.03518,0x220,0.0,0.0,1.0,6.25,1.21,0.22,13.4375,13.46875,13.3125,13.34375,-21.5,0.0,0.0,123.0
28.03657,0x2B0,0.0,0.0,1.0,6.25,1.21,0.22,13.4375,13.46875,13.3125,13.34375,-21.3,8.0,0.0,123.0
28.03876,0x316,0.0,0.0,1.0,6.25,1.21,0.22,13.4375,13.46875,13.3125,13.34375,-21.3,8.0,0.0,123.0
28.03949,0x386,0.0,0.0,1.0,6.25,1.21,0.22,13.40625,13.40625,13.28125,13.21875,-21.3,8.0,0.0,123.0
28.04522,0x220,0.0,0.0,1.0,6.25,1.24,0.23,13.40625,13.40625,13.28125,13.21875,-21.3,8.0,0.0,123.0
28.04661,0x2B0,0.0,0.0,1.0,6.25,1.24,0.23,13.40625,13.40625,13.28125,13.21875,-21.3,8.0,0.0,123.0
28.04875,0x316,0.0,0.0,1.0,6.25,1.24,0.23,13.40625,13.40625,13.28125,13.21875,-21.3,8.0,0.0,123.0
28.05518,0x220,0.0,0.0,1.0,6.25,1.24,0.25,13.40625,13.40625,13.28125,13.21875,-21.3,8.0,0.0,123.0
28.05656,0x2B0,0.0,0.0,1.0,6.25,1.24,0.25,13.40625,13.40625,13.28125,13.21875,-21.1,8.0,0.0,123.0
28.05868,0x316,0.0,0.0,1.0,6.25,1.24,0.25,13.40625,13.40625,13.28125,13.21875,-21.1,8.0,0.0,123.0
28.05948,0x386,0.0,0.0,1.0,6.25,1.24,0.25,13.34375,13.34375,13.125,13.1875,-21.1,8.0,0.0,123.0
28.06522,0x220,0.0,0.0,1.0,6.25,1.26,0.25,13.34375,13.34375,13.125,13.1875,-21.1,8.0,0.0,123.0
28.06652,0x2B0,0.0,0.0,1.0,6.25,1.26,0.25,13.34375,13.34375,13.125,13.1875,-21.1,8.0,0.0,123.0
28.06884,0x316,0.0,0.0,1.0,6.25,1.26,0.25,13.34375,13.34375,13.125,13.1875,-21.1,8.0,0.0,124.0
28.07518,0x220,0.0,0.0,1.0,6.25,1.29,0.24,13.34375,13.34375,13.125,13.1875,-21.1,8.0,0.0,124.0
28.07665,0x2B0,0.0,0.0,1.0,6.25,1.29,0.24,13.34375,13.34375,13.125,13.1875,-21.1,0.0,0.0,124.0
28.07875,0x316,0.0,0.0,1.0,6.25,1.29,0.24,13.34375,13.34375,13.125,13.1875,-21.1,0.0,0.0,124.0
28.07949,0x386,0.0,0.0,1.0,6.25,1.29,0.24,13.28125,13.375,13.0625,13.09375,-21.1,0.0,0.0,124.0
28.08522,0x220,0.0,0.0,1.0,6.25,1.29,0.21,13.28125,13.375,13.0625,13.09375,-21.1,0.0,0.0,124.0
28.08656,0x2B0,0.0,0.0,1.0,6.25,1.29,0.21,13.28125,13.375,13.0625,13.09375,-21.0,0.0,0.0,124.0
28.08863,0x316,0.0,0.0,1.0,6.25,1.29,0.21,13.28125,13.375,13.0625,13.09375,-21.0,0.0,0.0,124.0
28.09518,0x220,0.0,0.0,1.0,6.25,1.25,0.19,13.28125,13.375,13.0625,13.09375,-21.0,0.0,0.0,124.0
28.09666,0x2B0,0.0,0.0,1.0,6.25,1.25,0.19,13.28125,13.375,13.0625,13.09375,-21.0,0.0,0.0,124.0
28.09867,0x316,0.0,0.0,1.0,6.25,1.25,0.19,13.28125,13.375,13.0625,13.09375,-21.0,0.0,0.0,124.0
28.09949,0x386,0.0,0.0,1.0,6.25,1.25,0.19,13.21875,13.28125,13.03125,13.09375,-21.0,0.0,0.0,124.0
28.10521,0x220,0.0,0.0,1.0,6.25,1.23,0.2,13.21875,13.28125,13.03125,13.09375,-21.0,0.0,0.0,124.0
28.10656,0x2B0,0.0,0.0,1.0,6.25,1.23,0.2,13.21875,13.28125,13.03125,13.09375,-20.8,8.0,0.0,124.0
28.10868,0x316,0.0,0.0,1.0,6.25,1.23,0.2,13.21875,13.28125,13.03125,13.09375,-20.8,8.0,0.0,124.0
28.11518,0x220,0.0,0.0,1.0,6.25,1.23,0.21,13.21875,13.28125,13.03125,13.09375,-20.8,8.0,0.0,124.0
28.11654,0x2B0,0.0,0.0,1.0,6.25,1.23,0.21,13.21875,13.28125,13.03125,13.09375,-20.8,8.0,0.0,124.0
28.11871,0x316,0.0,0.0,1.0,6.25,1.23,0.21,13.21875,13.28125,13.03125,13.09375,-20.8,8.0,0.0,124.0
28.11968,0x386,0.0,0.0,1.0,6.25,1.23,0.21,13.1875,13.28125,12.9375,12.96875,-20.8,8.0,0.0,124.0
28.12522,0x220,0.0,0.0,1.0,6.25,1.27,0.21,13.1875,13.28125,12.9375,12.96875,-20.8,8.0,0.0,124.0
28.12653,0x2B0,0.0,0.0,1.0,6.25,1.27,0.21,13.1875,13.28125,12.9375,12.96875,-20.8,0.0,0.0,124.0
28.12862,0x316,0.0,0.0,1.0,6.25,1.27,0.21,13.1875,13.28125,12.9375,12.96875,-20.8,0.0,0.0,125.0
28.13517,0x220,0.0,0.0,1.0,6.25,1.31,0.2,13.1875,13.28125,12.9375,12.96875,-20.8,0.0,0.0,125.0
28.13656,0x2B0,0.0,0.0,1.0,6.25,1.31,0.2,13.1875,13.28125,12.9375,12.96875,-20.6,8.0,0.0,125.0
28.13876,0x316,0.0,0.0,1.0,6.25,1.31,0.2,13.1875,13.28125,12.9375,12.96875,-20.6,8.0,0.0,125.0
28.13971,0x386,0.0,0.0,1.0,6.25,1.31,0.2,13.15625,13.15625,12.84375,12.9375,-20.6,8.0,0.0,125.0
28.14523,0x220,0.0,0.0,1.0,6.25,1.31,0.18,13.15625,13.15625,12.84375,12.9375,-20.6,8.0,0.0,125.0
28.14654,0x2B0,0.0,0.0,1.0,6.25,1.31,0.18,13.15625,13.15625,12.84375,12.9375,-20.6,8.0,0.0,125.0
28.14884,0x316,0.0,0.0,1.0,6.25,1.31,0.18,13.15625,13.15625,12.84375,12.9375,-20.6,8.0,0.0,126.0
28.15518,0x220,0.0,0.0,1.0,6.25,1.34,0.17,13.15625,13.15625,12.84375,12.9375,-20.6,8.0,0.0,126.0
28.15655,0x2B0,0.0,0.0,1.0,6.25,1.34,0.17,13.15625,13.15625,12.84375,12.9375,-20.4,8.0,0.0,126.0
28.1587,0x316,0.0,0.0,1.0,6.25,1.34,0.17,13.15625,13.15625,12.84375,12.9375,-20.4,8.0,0.0,126.0
28.15967,0x386,0.0,0.0,1.0,6.25,1.34,0.17,13.0625,13.09375,12.78125,12.875,-20.4,8.0,0.0,126.0
28.16522,0x220,0.0,0.0,1.0,6.25,1.39,0.18,13.0625,13.09375,12.78125,12.875,-20.4,8.0,0.0,126.0
28.16653,0x2B0,0.0,0.0,1.0,6.25,1.39,0.18,13.0625,13.09375,12.78125,12.875,-20.4,8.0,0.0,126.0
28.16878,0x316,0.0,0.0,1.0,6.25,1.39,0.18,13.0625,13.09375,12.78125,12.875,-20.4,8.0,0.0,126.0
28.17519,0x220,0.0,0.0,1.0,6.25,1.39,0.17,13.0625,13.09375,12.78125,12.875,-20.4,8.0,0.0,126.0
28.17666,0x2B0,0.0,0.0,1.0,6.25,1.39,0.17,13.0625,13.09375,12.78125,12.875,-20.4,0.0,0.0,126.0
28.17875,0x316,0.0,0.0,1.0,6.25,1.39,0.17,13.0625,13.09375,12.78125,12.875,-20.4,0.0,0.0,126.0
28.17949,0x386,0.0,0.0,1.0,6.25,1.39,0.17,13.03125,13.0625,12.71875,12.84375,-20.4,0.0,0.0,126.0
28.18522,0x220,0.0,0.0,1.0,6.25,1.35,0.15,13.03125,13.0625,12.71875,12.84375,-20.4,0.0,0.0,126.0
28.18653,0x2B0,0.0,0.0,1.0,6.25,1.35,0.15,13.03125,13.0625,12.71875,12.84375,-20.3,0.0,0.0,126.0
28.18865,0x316,0.0,0.0,1.0,6.25,1.35,0.15,13.03125,13.0625,12.71875,12.84375,-20.3,0.0,0.0,126.0
28.19519,0x220,0.0,0.0,1.0,6.25,1.29,0.13,13.03125,13.0625,12.71875,12.84375,-20.3,0.0,0.0,126.0
28.19667,0x2B0,0.0,0.0,1.0,6.25,1.29,0.13,13.03125,13.0625,12.71875,12.84375,-20.3,0.0,0.0,126.0
28.19872,0x316,0.0,0.0,1.0,6.25,1.29,0.13,13.03125,13.0625,12.71875,12.84375,-20.3,0.0,0.0,126.0
28.19949,0x386,0.0,0.0,1.0,6.25,1.29,0.13,12.9375,12.96875,12.625,12.78125,-20.3,0.0,0.0,126.0
28.20521,0x220,0.0,0.0,1.0,6.25,1.29,0.14,12.9375,12.96875,12.625,12.78125,-20.3,0.0,0.0,126.0
28.20656,0x2B0,0.0,0.0,1.0,6.25,1.29,0.14,12.9375,12.96875,12.625,12.78125,-20.2,0.0,0.0,126.0
28.20864,0x316,0.0,0.0,1.0,6.25,1.29,0.14,12.9375,12.96875,12.625,12.78125,-20.2,0.0,0.0,127.0
28.21518,0x220,0.0,0.0,1.0,6.25,1.34,0.17,12.9375,12.96875,12.625,12.78125,-20.2,0.0,0.0,127.0
28.2166,0x2B0,0.0,0.0,1.0,6.25,1.34,0.17,12.9375,12.96875,12.625,12.78125,-20.2,0.0,0.0,127.0
28.21868,0x316,0.0,0.0,1.0,6.25,1.34,0.17,12.9375,12.96875,12.625,12.78125,-20.2,0.0,0.0,127.0
28.21949,0x386,0.0,0.0,1.0,6.25,1.34,0.17,12.875,12.875,12.625,12.71875,-20.2,0.0,0.0,127.0
28.22522,0x220,0.0,0.0,1.0,6.25,1.39,0.17,12.875,12.875,12.625,12.71875,-20.2,0.0,0.0,127.0
28.22655,0x2B0,0.0,0.0,1.0,6.25,1.39,0.17,12.875,12.875,12.625,12.71875,-20.1,0.0,0.0,127.0
28.22866,0x316,0.0,0.0,1.0,6.25,1.39,0.17,12.875,12.875,12.625,12.71875,-20.1,0.0,0.0,127.0
28.23519,0x220,0.0,0.0,1.0,6.25,1.42,0.13,12.875,12.875,12.625,12.71875,-20.1,0.0,0.0,127.0
28.23653,0x2B0,0.0,0.0,1.0,6.25,1.42,0.13,12.875,12.875,12.625,12.71875,-20.1,0.0,0.0,127.0
28.23889,0x316,0.0,0.0,1.0,6.25,1.42,0.13,12.875,12.875,12.625,12.71875,-20.1,0.0,0.0,127.0
28.23961,0x386,0.0,0.0,1.0,6.25,1.42,0.13,12.8125,12.8125,12.5625,12.625,-20.1,0.0,0.0,127.0
28.24523,0x220,0.0,0.0,1.0,6.25,1.4,0.09,12.8125,12.8125,12.5625,12.625,-20.1,0.0,0.0,127.0
28.24653,0x2B0,0.0,0.0,1.0,6.25,1.4,0.09,12.8125,12.8125,12.5625,12.625,-20.1,0.0,0.0,127.0
28.24877,0x316,0.0,0.0,1.0,6.25,1.4,0.09,12.8125,12.8125,12.5625,12.625,-20.1,0.0,0.0,128.0
28.25518,0x220,0.0,0.0,1.0,6.25,1.35,0.1,12.8125,12.8125,12.5625,12.625,-20.1,0.0,0.0,128.0
28.25652,0x2B0,0.0,0.0,1.0,6.25,1.35,0.1,12.8125,12.8125,12.5625,12.625,-20.1,0.0,0.0,128.0
28.25868,0x316,0.0,0.0,1.0,6.25,1.35,0.1,12.8125,12.8125,12.5625,12.625,-20.1,0.0,0.0,128.0
28.25949,0x386,0.0,0.0,1.0,6.25,1.35,0.1,12.71875,12.6875,12.5625,12.625,-20.1,0.0,0.0,128.0
28.26522,0x220,0.0,0.0,1.0,6.25,1.33,0.09,12.71875,12.6875,12.5625,12.625,-20.1,0.0,0.0,128.0
28.26652,0x2B0,0.0,0.0,1.0,6.25,1.33,0.09,12.71875,12.6875,12.5625,12.625,-20.1,0.0,0.0,128.0
28.26887,0x316,0.0,0.0,1.0,6.25,1.33,0.09,12.71875,12.6875,12.5625,12.625,-20.1,0.0,0.0,128.0
28.27519,0x220,0.0,0.0,1.0,6.25,1.28,0.07,12.71875,12.6875,12.5625,12.625,-20.1,0.0,0.0,128.0
28.27665,0x2B0,0.0,0.0,1.0,6.25,1.28,0.07,12.71875,12.6875,12.5625,12.625,-20.0,0.0,0.0,128.0
28.27884,0x316,0.0,0.0,1.0,6.25,1.28,0.07,12.71875,12.6875,12.5625,12.625,-20.0,0.0,0.0,128.0
28.27949,0x386,0.0,0.0,1.0,6.25,1.28,0.07,12.65625,12.65625,12.53125,12.4375,-20.0,0.0,0.0,128.0
28.28522,0x220,0.0,0.0,1.0,6.25,1.26,0.08,12.65625,12.65625,12.53125,12.4375,-20.0,0.0,0.0,128.0
28.28651,0x2B0,0.0,0.0,1.0,6.25,1.26,0.08,12.65625,12.65625,12.53125,12.4375,-20.0,0.0,0.0,128.0
28.28864,0x316,0.0,0.0,1.0,6.25,1.26,0.08,12.65625,12.65625,12.53125,12.4375,-20.0,0.0,0.0,129.0
28.29519,0x220,0.0,0.0,1.0,6.25,1.26,0.1,12.65625,12.65625,12.53125,12.4375,-20.0,0.0,0.0,129.0
28.29667,0x2B0,0.0,0.0,1.0,6.25,1.26,0.1,12.65625,12.65625,12.53125,12.4375,-20.0,0.0,0.0,129.0
28.29868,0x316,0.0,0.0,1.0,6.25,1.26,0.1,12.65625,12.65625,12.53125,12.4375,-20.0,0.0,0.0,129.0
28.29949,0x386,0.0,0.0,1.0,6.25,1.26,0.1,12.625,12.5625,12.46875,12.46875,-20.0,0.0,0.0,129.0
28.30522,0x220,0.0,0.0,1.0,6.25,1.23,0.11,12.625,12.5625,12.46875,12.46875,-20.0,0.0,0.0,129.0
28.30651,0x2B0,0.0,0.0,1.0,6.25,1.23,0.11,12.625,12.5625,12.46875,12.46875,-20.0,0.0,0.0,129.0
28.30866,0x316,0.0,0.0,1.0,6.25,1.23,0.11,12.625,12.5625,12.46875,12.46875,-20.0,0.0,0.0,130.0
28.31519,0x220,0.0,0.0,1.0,6.25,1.21,0.12,12.625,12.5625,12.46875,12.46875,-20.0,0.0,0.0,130.0
28.31658,0x2B0,0.0,0.0,1.0,6.25,1.21,0.12,12.625,12.5625,12.46875,12.46875,-20.0,0.0,0.0,130.0
28.31874,0x316,0.0,0.0,1.0,6.25,1.21,0.12,12.625,12.5625,12.46875,12.46875,-20.0,0.0,0.0,130.0
28.31971,0x386,0.0,0.0,1.0,6.25,1.21,0.12,12.5625,12.53125,12.3125,12.40625,-20.0,0.0,0.0,130.0
28.32522,0x220,0.0,0.0,1.0,6.25,1.21,0.13,12.5625,12.53125,12.3125,12.40625,-20.0,0.0,0.0,130.0
28.32658,0x2B0,0.0,0.0,1.0,6.25,1.21,0.13,12.5625,12.53125,12.3125,12.40625,-20.0,0.0,0.0,130.0
28.32867,0x316,0.0,0.0,1.0,6.25,1.21,0.13,12.5625,12.53125,12.3125,12.40625,-20.0,0.0,0.0,130.0
28.33519,0x220,0.0,0.0,1.0,6.25,1.24,0.15,12.5625,12.53125,12.3125,12.40625,-20.0,0.0,0.0,130.0
28.33672,0x2B0,0.0,0.0,1.0,6.25,1.24,0.15,12.5625,12.53125,12.3125,12.40625,-20.0,0.0,0.0,130.0
28.3388,0x316,0.0,0.0,1.0,6.25,1.24,0.15,12.5625,12.53125,12.3125,12.40625,-20.0,0.0,0.0,130.0
28.33951,0x386,0.0,0.0,1.0,6.25,1.24,0.15,12.46875,12.4375,12.28125,12.34375,-20.0,0.0,0.0,130.0
28.34523,0x220,0.0,0.0,1.0,6.25,1.25,0.16,12.46875,12.4375,12.28125,12.34375,-20.0,0.0,0.0,130.0
28.34656,0x2B0,0.0,0.0,1.0,6.25,1.25,0.16,12.46875,12.4375,12.28125,12.34375,-20.0,0.0,0.0,130.0
28.34881,0x316,0.0,0.0,1.0,6.25,1.25,0.16,12.46875,12.4375,12.28125,12.34375,-20.0,0.0,0.0,131.0
28.35519,0x220,0.0,0.0,1.0,6.25,1.21,0.15,12.46875,12.4375,12.28125,12.34375,-20.0,0.0,0.0,131.0
28.35656,0x2B0,0.0,0.0,1.0,6.25,1.21,0.15,12.46875,12.4375,12.28125,12.34375,-20.0,0.0,0.0,131.0
28.35872,0x316,0.0,0.0,1.0,6.25,1.21,0.15,12.46875,12.4375,12.28125,12.34375,-20.0,0.0,0.0,131.0
28.35969,0x386,0.0,0.0,1.0,6.25,1.21,0.15,12.375,12.34375,12.21875,12.25,-20.0,0.0,0.0,131.0
28.36522,0x220,0.0,0.0,1.0,6.25,1.19,0.18,12.375,12.34375,12.21875,12.25,-20.0,0.0,0.0,131.0
28.36657,0x2B0,0.0,0.0,1.0,6.25,1.19,0.18,12.375,12.34375,12.21875,12.25,-20.0,0.0,0.0,131.0
28.36881,0x316,0.0,0.0,1.0,6.25,1.19,0.18,12.375,12.34375,12.21875,12.25,-20.0,0.0,0.0,131.0
28.37519,0x220,0.0,0.0,1.0,6.25,1.15,0.2,12.375,12.34375,12.21875,12.25,-20.0,0.0,0.0,131.0
28.37666,0x2B0,0.0,0.0,1.0,6.25,1.15,0.2,12.375,12.34375,12.21875,12.25,-20.0,0.0,0.0,131.0
28.37883,0x316,0.0,0.0,1.0,6.25,1.15,0.2,12.375,12.34375,12.21875,12.25,-20.0,0.0,0.0,131.0
28.37955,0x386,0.0,0.0,1.0,6.25,1.15,0.2,12.3125,12.28125,12.15625,12.21875,-20.0,0.0,0.0,131.0
28.38523,0x220,0.0,0.0,1.0,6.25,1.13,0.21,12.3125,12.28125,12.15625,12.21875,-20.0,0.0,0.0,131.0
28.38656,0x2B0,0.0,0.0,1.0,6.25,1.13,0.21,12.3125,12.28125,12.15625,12.21875,-20.0,0.0,0.0,131.0
28.38864,0x316,0.0,0.0,1.0,6.25,1.13,0.21,12.3125,12.28125,12.15625,12.21875,-20.0,0.0,0.0,131.0
28.39519,0x220,0.0,0.0,1.0,6.25,1.15,0.19,12.3125,12.28125,12.15625,12.21875,-20.0,0.0,0.0,131.0
28.39666,0x2B0,0.0,0.0,1.0,6.25,1.15,0.19,12.3125,12.28125,12.15625,12.21875,-20.0,0.0,0.0,131.0
28.39874,0x316,0.0,0.0,1.0,6.25,1.15,0.19,12.3125,12.28125,12.15625,12.21875,-20.0,0.0,0.0,132.0
28.3995,0x386,0.0,0.0,1.0,6.25,1.15,0.19,12.21875,12.1875,12.09375,12.125,-20.0,0.0,0.0,132.0
28.40523,0x220,0.0,0.0,1.0,6.25,1.17,0.18,12.21875,12.1875,12.09375,12.125,-20.0,0.0,0.0,132.0
28.40656,0x2B0,0.0,0.0,1.0,6.25,1.17,0.18,12.21875,12.1875,12.09375,12.125,-20.0,0.0,0.0,132.0
28.40864,0x316,0.0,0.0,1.0,6.25,1.17,0.18,12.21875,12.1875,12.09375,12.125,-20.0,0.0,0.0,132.0
28.41519,0x220,0.0,0.0,1.0,6.25,1.19,0.21,12.21875,12.1875,12.09375,12.125,-20.0,0.0,0.0,132.0
28.41657,0x2B0,0.0,0.0,1.0,6.25,1.19,0.21,12.21875,12.1875,12.09375,12.125,-20.0,0.0,0.0,132.0
28.41872,0x316,0.0,0.0,1.0,6.25,1.19,0.21,12.21875,12.1875,12.09375,12.125,-20.0,0.0,0.0,132.0
28.4195,0x386,0.0,0.0,1.0,6.25,1.19,0.21,12.125,12.09375,12.0,12.0,-20.0,0.0,0.0,132.0
28.42522,0x220,0.0,0.0,1.0,6.25,1.19,0.26,12.125,12.09375,12.0,12.0,-20.0,0.0,0.0,132.0
28.4265,0x2B0,0.0,0.0,1.0,6.25,1.19,0.26,12.125,12.09375,12.0,12.0,-20.0,0.0,0.0,132.0
28.42863,0x316,0.0,0.0,1.0,6.25,1.19,0.26,12.125,12.09375,12.0,12.0,-20.0,0.0,0.0,132.0
