Time,CAN_ID,TCS_CTL,ABS_ACT,ESP_CTL,TQI_TCS,Yaw_Rate,Lateral_Accel,WHL_SPD_FL,WHL_SPD_FR,WHL_SPD_RL,WHL_SPD_RR,SAS_Angle,SAS_Speed,Accel_Pedal_Pos,Brake_Pedal_Pos
0.00185,0x2B0,0.0,0.0,1.0,6.25,1.12,-0.4,23.125,22.9375,22.4375,22.65625,-2.1,0.0,7.0,0.0
0.00596,0x220,0.0,0.0,1.0,6.25,1.12,-0.4,23.125,22.9375,22.4375,22.65625,-2.1,0.0,7.0,0.0
0.00618,0x386,0.0,0.0,1.0,6.25,1.12,-0.4,23.125,22.9375,22.4375,22.65625,-2.1,0.0,7.0,0.0
0.0069,0x316,0.0,0.0,1.0,6.25,1.12,-0.4,23.125,22.9375,22.4375,22.65625,-2.1,0.0,7.0,0.0
0.01179,0x2B0,0.0,0.0,1.0,6.25,1.12,-0.4,23.125,22.9375,22.4375,22.65625,-2.0,0.0,7.0,0.0
0.01596,0x220,0.0,0.0,1.0,6.25,1.33,-0.41,23.125,22.9375,22.4375,22.65625,-2.0,0.0,7.0,0.0
0.01698,0x316,0.0,0.0,1.0,6.25,1.33,-0.41,23.125,22.9375,22.4375,22.65625,-2.0,0.0,7.0,0.0
0.02175,0x2B0,0.0,0.0,1.0,6.25,1.33,-0.41,23.125,22.9375,22.4375,22.65625,-2.0,0.0,7.0,0.0
0.02595,0x220,0.0,0.0,1.0,6.25,1.35,-0.01,23.125,22.9375,22.4375,22.65625,-2.0,0.0,7.0,0.0
0.02618,0x386,0.0,0.0,1.0,6.25,1.35,-0.01,22.96875,22.90625,22.59375,22.6875,-2.0,0.0,7.0,0.0
0.02689,0x316,0.0,0.0,1.0,6.25,1.35,-0.01,22.96875,22.90625,22.59375,22.6875,-2.0,0.0,7.0,0.0
0.03175,0x2B0,0.0,0.0,1.0,6.25,1.35,-0.01,22.96875,22.90625,22.59375,22.6875,-2.0,0.0,7.0,0.0
0.03597,0x220,0.0,0.0,1.0,6.25,1.25,0.22,22.96875,22.90625,22.59375,22.6875,-2.0,0.0,7.0,0.0
0.03683,0x316,0.0,0.0,1.0,6.25,1.25,0.22,22.96875,22.90625,22.59375,22.6875,-2.0,0.0,7.0,0.0
0.04176,0x2B0,0.0,0.0,1.0,6.25,1.25,0.22,22.96875,22.90625,22.59375,22.6875,-2.0,0.0,7.0,0.0
0.04596,0x220,0.0,0.0,1.0,6.25,1.15,0.31,22.96875,22.90625,22.59375,22.6875,-2.0,0.0,7.0,0.0
0.04618,0x386,0.0,0.0,1.0,6.25,1.15,0.31,22.9375,23.03125,22.59375,22.5625,-2.0,0.0,7.0,0.0
0.0469,0x316,0.0,0.0,1.0,6.25,1.15,0.31,22.9375,23.03125,22.59375,22.5625,-2.0,0.0,7.0,0.0
0.05176,0x2B0,0.0,0.0,1.0,6.25,1.15,0.31,22.9375,23.03125,22.59375,22.5625,-2.0,0.0,7.0,0.0
0.05596,0x220,0.0,0.0,1.0,6.25,1.21,0.4,22.9375,23.03125,22.59375,22.5625,-2.0,0.0,7.0,0.0
0.05678,0x316,0.0,0.0,1.0,6.25,1.21,0.4,22.9375,23.03125,22.59375,22.5625,-2.0,0.0,7.0,0.0
0.06175,0x2B0,0.0,0.0,1.0,6.25,1.21,0.4,22.9375,23.03125,22.59375,22.5625,-2.0,0.0,7.0,0.0
0.06597,0x220,0.0,0.0,1.0,6.25,1.53,0.43,22.9375,23.03125,22.59375,22.5625,-2.0,0.0,7.0,0.0
0.06619,0x386,0.0,0.0,1.0,6.25,1.53,0.43,23.0,22.90625,22.53125,22.5625,-2.0,0.0,7.0,0.0
0.06716,0x316,0.0,0.0,1.0,6.25,1.53,0.43,23.0,22.90625,22.53125,22.5625,-2.0,0.0,10.0,0.0
0.07176,0x2B0,0.0,0.0,1.0,6.25,1.53,0.43,23.0,22.90625,22.53125,22.5625,-2.0,0.0,10.0,0.0
0.07597,0x220,0.0,0.0,1.0,6.25,1.91,0.2,23.0,22.90625,22.53125,22.5625,-2.0,0.0,10.0,0.0
0.07683,0x316,0.0,0.0,1.0,6.25,1.91,0.2,23.0,22.90625,22.53125,22.5625,-2.0,0.0,10.0,0.0
0.08175,0x2B0,0.0,0.0,1.0,6.25,1.91,0.2,23.0,22.90625,22.53125,22.5625,-2.0,0.0,10.0,0.0
0.08596,0x220,0.0,0.0,1.0,6.25,1.92,-0.01,23.0,22.90625,22.53125,22.5625,-2.0,0.0,10.0,0.0
0.0862,0x386,0.0,0.0,1.0,6.25,1.92,-0.01,23.0,22.84375,22.40625,22.59375,-2.0,0.0,10.0,0.0
0.08691,0x316,0.0,0.0,1.0,6.25,1.92,-0.01,23.0,22.84375,22.40625,22.59375,-2.0,0.0,10.0,0.0
0.09175,0x2B0,0.0,0.0,1.0,6.25,1.92,-0.01,23.0,22.84375,22.40625,22.59375,-2.0,0.0,10.0,0.0
0.09596,0x220,0.0,0.0,1.0,6.25,1.45,0.0,23.0,22.84375,22.40625,22.59375,-2.0,0.0,10.0,0.0
0.09675,0x316,0.0,0.0,1.0,6.25,1.45,0.0,23.0,22.84375,22.40625,22.59375,-2.0,0.0,10.0,0.0
0.10176,0x2B0,0.0,0.0,1.0,6.25,1.45,0.0,23.0,22.84375,22.40625,22.59375,-2.0,0.0,10.0,0.0
0.10596,0x220,0.0,0.0,1.0,6.25,0.91,0.15,23.0,22.84375,22.40625,22.59375,-2.0,0.0,10.0,0.0
0.10619,0x386,0.0,0.0,1.0,6.25,0.91,0.15,23.03125,23.125,22.4375,22.75,-2.0,0.0,10.0,0.0
0.10714,0x316,0.0,0.0,1.0,6.25,0.91,0.15,23.03125,23.125,22.4375,22.75,-2.0,0.0,12.0,0.0
0.11175,0x2B0,0.0,0.0,1.0,6.25,0.91,0.15,23.03125,23.125,22.4375,22.75,-2.0,0.0,12.0,0.0
0.11597,0x220,0.0,0.0,1.0,6.25,0.62,0.33,23.03125,23.125,22.4375,22.75,-2.0,0.0,12.0,0.0
0.11706,0x316,0.0,0.0,1.0,6.25,0.62,0.33,23.03125,23.125,22.4375,22.75,-2.0,0.0,12.0,0.0
0.12175,0x2B0,0.0,0.0,1.0,6.25,0.62,0.33,23.03125,23.125,22.4375,22.75,-2.0,0.0,12.0,0.0
0.12596,0x220,0.0,0.0,1.0,6.25,0.78,0.47,23.03125,23.125,22.4375,22.75,-2.0,0.0,12.0,0.0
0.12619,0x386,0.0,0.0,1.0,6.25,0.78,0.47,23.125,23.1875,22.25,22.6875,-2.0,0.0,12.0,0.0
0.1269,0x316,0.0,0.0,1.0,6.25,0.78,0.47,23.125,23.1875,22.25,22.6875,-2.0,0.0,12.0,0.0
0.13176,0x2B0,0.0,0.0,1.0,6.25,0.78,0.47,23.125,23.1875,22.25,22.6875,-2.0,0.0,12.0,0.0
0.13596,0x220,0.0,0.0,1.0,6.25,1.38,0.53,23.125,23.1875,22.25,22.6875,-2.0,0.0,12.0,0.0
0.13679,0x316,0.0,0.0,1.0,6.25,1.38,0.53,23.125,23.1875,22.25,22.6875,-2.0,0.0,12.0,0.0
0.14183,0x2B0,0.0,0.0,1.0,6.25,1.38,0.53,23.125,23.1875,22.25,22.6875,-2.0,0.0,12.0,0.0
0.14596,0x220,0.0,0.0,1.0,6.25,2.02,0.51,23.125,23.1875,22.25,22.6875,-2.0,0.0,12.0,0.0
0.14619,0x386,0.0,0.0,1.0,6.25,2.02,0.51,22.875,22.96875,22.1875,22.5625,-2.0,0.0,12.0,0.0
0.1469,0x316,0.0,0.0,1.0,6.25,2.02,0.51,22.875,22.96875,22.1875,22.5625,-2.0,0.0,10.0,0.0
0.15176,0x2B0,0.0,0.0,1.0,6.25,2.02,0.51,22.875,22.96875,22.1875,22.5625,-2.0,0.0,10.0,0.0
0.15596,0x220,0.0,0.0,1.0,6.25,2.32,0.49,22.875,22.96875,22.1875,22.5625,-2.0,0.0,10.0,0.0
0.15688,0x316,0.0,0.0,1.0,6.25,2.32,0.49,22.875,22.96875,22.1875,22.5625,-2.0,0.0,7.0,0.0
0.16176,0x2B0,0.0,0.0,1.0,6.25,2.32,0.49,22.875,22.96875,22.1875,22.5625,-2.0,0.0,7.0,0.0
0.16597,0x220,0.0,0.0,1.0,6.25,2.21,0.55,22.875,22.96875,22.1875,22.5625,-2.0,0.0,7.0,0.0
0.1662,0x386,0.0,0.0,1.0,6.25,2.21,0.55,22.9375,23.0625,21.90625,22.59375,-2.0,0.0,7.0,0.0
0.16691,0x316,0.0,0.0,1.0,6.25,2.21,0.55,22.9375,23.0625,21.90625,22.59375,-2.0,0.0,5.0,0.0
0.17174,0x2B0,0.0,0.0,1.0,6.25,2.21,0.55,22.9375,23.0625,21.90625,22.59375,-2.0,0.0,5.0,0.0
0.17596,0x220,0.0,0.0,1.0,6.25,1.79,0.56,22.9375,23.0625,21.90625,22.59375,-2.0,0.0,5.0,0.0
0.17677,0x316,0.0,0.0,1.0,6.25,1.79,0.56,22.9375,23.0625,21.90625,22.59375,-2.0,0.0,2.0,0.0
0.18175,0x2B0,0.0,0.0,1.0,6.25,1.79,0.56,22.9375,23.0625,21.90625,22.59375,-2.0,0.0,2.0,0.0
0.18596,0x220,0.0,0.0,1.0,6.25,1.38,0.38,22.9375,23.0625,21.90625,22.59375,-2.0,0.0,2.0,0.0
0.18619,0x386,0.0,0.0,1.0,6.25,1.38,0.38,22.6875,22.96875,21.96875,22.46875,-2.0,0.0,2.0,0.0
0.18691,0x316,0.0,0.0,1.0,6.25,1.38,0.38,22.6875,22.96875,21.96875,22.46875,-2.0,0.0,2.0,0.0
0.19176,0x2B0,0.0,0.0,1.0,6.25,1.38,0.38,22.6875,22.96875,21.96875,22.46875,-2.0,0.0,2.0,0.0
0.19597,0x220,0.0,0.0,1.0,6.25,1.08,0.06,22.6875,22.96875,21.96875,22.46875,-2.0,0.0,2.0,0.0
0.19691,0x316,0.0,0.0,1.0,6.25,1.08,0.06,22.6875,22.96875,21.96875,22.46875,-2.0,0.0,0.0,0.0
0.20175,0x2B0,0.0,0.0,1.0,6.25,1.08,0.06,22.6875,22.96875,21.96875,22.46875,-2.0,0.0,0.0,0.0
0.20596,0x220,0.0,0.0,1.0,6.25,0.98,0.02,22.6875,22.96875,21.96875,22.46875,-2.0,0.0,0.0,0.0
0.20618,0x386,0.0,0.0,1.0,6.25,0.98,0.02,23.0625,22.6875,22.53125,22.46875,-2.0,0.0,0.0,0.0
0.2069,0x316,0.0,0.0,1.0,6.25,0.98,0.02,23.0625,22.6875,22.53125,22.46875,-2.0,0.0,0.0,0.0
0.21175,0x2B0,0.0,0.0,1.0,6.25,0.98,0.02,23.0625,22.6875,22.53125,22.46875,-2.0,0.0,0.0,0.0
0.21597,0x220,0.0,0.0,1.0,6.25,1.09,0.4,23.0625,22.6875,22.53125,22.46875,-2.0,0.0,0.0,0.0
0.21695,0x316,0.0,0.0,1.0,6.25,1.09,0.4,23.0625,22.6875,22.53125,22.46875,-2.0,0.0,0.0,0.0
0.22176,0x2B0,0.0,0.0,1.0,6.25,1.09,0.4,23.0625,22.6875,22.53125,22.46875,-2.0,0.0,0.0,0.0
0.22596,0x220,0.0,0.0,1.0,6.25,1.36,0.74,23.0625,22.6875,22.53125,22.46875,-2.0,0.0,0.0,0.0
0.22618,0x386,0.0,0.0,1.0,6.25,1.36,0.74,22.59375,22.78125,22.46875,22.375,-2.0,0.0,0.0,0.0
0.2269,0x316,0.0,0.0,1.0,6.25,1.36,0.74,22.59375,22.78125,22.46875,22.375,-2.0,0.0,0.0,0.0
0.23175,0x2B0,0.0,0.0,1.0,6.25,1.36,0.74,22.59375,22.78125,22.46875,22.375,-2.0,0.0,0.0,0.0
0.23596,0x220,0.0,0.0,1.0,6.25,1.64,0.49,22.59375,22.78125,22.46875,22.375,-2.0,0.0,0.0,0.0
0.2369,0x316,0.0,0.0,1.0,6.25,1.64,0.49,22.59375,22.78125,22.46875,22.375,-2.0,0.0,0.0,0.0
0.24175,0x2B0,0.0,0.0,1.0,6.25,1.64,0.49,22.59375,22.78125,22.46875,22.375,-2.0,0.0,0.0,0.0
0.24596,0x220,0.0,0.0,1.0,6.25,1.69,-0.15,22.59375,22.78125,22.46875,22.375,-2.0,0.0,0.0,0.0
0.2462,0x386,0.0,0.0,1.0,6.25,1.69,-0.15,22.6875,22.78125,22.375,22.96875,-2.0,0.0,0.0,0.0
0.24692,0x316,0.0,0.0,1.0,6.25,1.69,-0.15,22.6875,22.78125,22.375,22.96875,-2.0,0.0,2.0,0.0
0.25176,0x2B0,0.0,0.0,1.0,6.25,1.69,-0.15,22.6875,22.78125,22.375,22.96875,-2.0,0.0,2.0,0.0
0.25596,0x220,0.0,0.0,1.0,6.25,1.54,-0.45,22.6875,22.78125,22.375,22.96875,-2.0,0.0,2.0,0.0
0.25678,0x316,0.0,0.0,1.0,6.25,1.54,-0.45,22.6875,22.78125,22.375,22.96875,-2.0,0.0,2.0,0.0
0.26175,0x2B0,0.0,0.0,1.0,6.25,1.54,-0.45,22.6875,22.78125,22.375,22.96875,-2.0,0.0,2.0,0.0
0.26596,0x220,0.0,0.0,1.0,6.25,1.46,-0.11,22.6875,22.78125,22.375,22.96875,-2.0,0.0,2.0,0.0
0.26619,0x386,0.0,0.0,1.0,6.25,1.46,-0.11,22.59375,22.71875,22.5,22.3125,-2.0,0.0,2.0,0.0
0.26691,0x316,0.0,0.0,1.0,6.25,1.46,-0.11,22.59375,22.71875,22.5,22.3125,-2.0,0.0,2.0,0.0
0.27175,0x2B0,0.0,0.0,1.0,6.25,1.46,-0.11,22.59375,22.71875,22.5,22.3125,-2.0,0.0,2.0,0.0
0.27597,0x220,0.0,0.0,1.0,6.25,1.67,0.39,22.59375,22.71875,22.5,22.3125,-2.0,0.0,2.0,0.0
0.27682,0x316,0.0,0.0,1.0,6.25,1.67,0.39,22.59375,22.71875,22.5,22.3125,-2.0,0.0,2.0,0.0
0.28175,0x2B0,0.0,0.0,1.0,6.25,1.67,0.39,22.59375,22.71875,22.5,22.3125,-2.0,0.0,2.0,0.0
0.28597,0x220,0.0,0.0,1.0,6.25,2.03,0.37,22.59375,22.71875,22.5,22.3125,-2.0,0.0,2.0,0.0
0.28619,0x386,0.0,0.0,1.0,6.25,2.03,0.37,22.6875,22.8125,22.46875,22.09375,-2.0,0.0,2.0,0.0
0.28691,0x316,0.0,0.0,1.0,6.25,2.03,0.37,22.6875,22.8125,22.46875,22.09375,-2.0,0.0,5.0,0.0
0.29175,0x2B0,0.0,0.0,1.0,6.25,2.03,0.37,22.6875,22.8125,22.46875,22.09375,-2.0,0.0,5.0,0.0
0.29597,0x220,0.0,0.0,1.0,6.25,2.22,-0.09,22.6875,22.8125,22.46875,22.09375,-2.0,0.0,5.0,0.0
0.29675,0x316,0.0,0.0,1.0,6.25,2.22,-0.09,22.6875,22.8125,22.46875,22.09375,-2.0,0.0,5.0,0.0
0.30175,0x2B0,0.0,0.0,1.0,6.25,2.22,-0.09,22.6875,22.8125,22.46875,22.09375,-2.0,0.0,5.0,0.0
0.30596,0x220,0.0,0.0,1.0,6.25,2.08,-0.51,22.6875,22.8125,22.46875,22.09375,-2.0,0.0,5.0,0.0
0.30619,0x386,0.0,0.0,1.0,6.25,2.08,-0.51,22.90625,22.71875,22.0625,22.34375,-2.0,0.0,5.0,0.0
0.3069,0x316,0.0,0.0,1.0,6.25,2.08,-0.51,22.90625,22.71875,22.0625,22.34375,-2.0,0.0,5.0,0.0
0.31175,0x2B0,0.0,0.0,1.0,6.25,2.08,-0.51,22.90625,22.71875,22.0625,22.34375,-2.0,0.0,5.0,0.0
0.31597,0x220,0.0,0.0,1.0,6.25,1.57,-0.48,22.90625,22.71875,22.0625,22.34375,-2.0,0.0,5.0,0.0
0.31718,0x316,0.0,0.0,1.0,6.25,1.57,-0.48,22.90625,22.71875,22.0625,22.34375,-2.0,0.0,5.0,0.0
0.32174,0x2B0,0.0,0.0,1.0,6.25,1.57,-0.48,22.90625,22.71875,22.0625,22.34375,-2.0,0.0,5.0,0.0
0.32596,0x220,0.0,0.0,1.0,6.25,1.07,-0.02,22.90625,22.71875,22.0625,22.34375,-2.0,0.0,5.0,0.0
0.32619,0x386,0.0,0.0,1.0,6.25,1.07,-0.02,22.6875,22.21875,22.09375,22.46875,-2.0,0.0,5.0,0.0
0.32691,0x316,0.0,0.0,1.0,6.25,1.07,-0.02,22.6875,22.21875,22.09375,22.46875,-2.0,0.0,5.0,0.0
0.33176,0x2B0,0.0,0.0,1.0,6.25,1.07,-0.02,22.6875,22.21875,22.09375,22.46875,-2.0,0.0,5.0,0.0
0.33597,0x220,0.0,0.0,1.0,6.25,0.93,0.41,22.6875,22.21875,22.09375,22.46875,-2.0,0.0,5.0,0.0
0.3368,0x316,0.0,0.0,1.0,6.25,0.93,0.41,22.6875,22.21875,22.09375,22.46875,-2.0,0.0,5.0,0.0
0.34174,0x2B0,0.0,0.0,1.0,6.25,0.93,0.41,22.6875,22.21875,22.09375,22.46875,-2.0,0.0,5.0,0.0
0.34597,0x220,0.0,0.0,1.0,6.25,1.2,0.51,22.6875,22.21875,22.09375,22.46875,-2.0,0.0,5.0,0.0
0.34619,0x386,0.0,0.0,1.0,6.25,1.2,0.51,22.625,22.78125,22.21875,22.1875,-2.0,0.0,5.0,0.0
0.3469,0x316,0.0,0.0,1.0,6.25,1.2,0.51,22.625,22.78125,22.21875,22.1875,-2.0,0.0,5.0,0.0
0.3518,0x2B0,0.0,0.0,1.0,6.25,1.2,0.51,22.625,22.78125,22.21875,22.1875,-2.0,0.0,5.0,0.0
0.35597,0x220,0.0,0.0,1.0,6.25,1.71,0.24,22.625,22.78125,22.21875,22.1875,-2.0,0.0,5.0,0.0
0.35686,0x316,0.0,0.0,1.0,6.25,1.71,0.24,22.625,22.78125,22.21875,22.1875,-2.0,0.0,5.0,0.0
0.3618,0x2B0,0.0,0.0,1.0,6.25,1.71,0.24,22.625,22.78125,22.21875,22.1875,-2.1,0.0,5.0,0.0
0.36597,0x220,0.0,0.0,1.0,6.25,2.1,-0.17,22.625,22.78125,22.21875,22.1875,-2.1,0.0,5.0,0.0
0.3662,0x386,0.0,0.0,1.0,6.25,2.1,-0.17,22.6875,22.71875,22.09375,22.4375,-2.1,0.0,5.0,0.0
0.3669,0x316,0.0,0.0,1.0,6.25,2.1,-0.17,22.6875,22.71875,22.09375,22.4375,-2.1,0.0,5.0,0.0
0.37174,0x2B0,0.0,0.0,1.0,6.25,2.1,-0.17,22.6875,22.71875,22.09375,22.4375,-2.1,0.0,5.0,0.0
0.37597,0x220,0.0,0.0,1.0,6.25,2.18,-0.46,22.6875,22.71875,22.09375,22.4375,-2.1,0.0,5.0,0.0
0.37676,0x316,0.0,0.0,1.0,6.25,2.18,-0.46,22.6875,22.71875,22.09375,22.4375,-2.1,0.0,7.0,0.0
0.38175,0x2B0,0.0,0.0,1.0,6.25,2.18,-0.46,22.6875,22.71875,22.09375,22.4375,-2.1,0.0,7.0,0.0
0.38596,0x220,0.0,0.0,1.0,6.25,1.93,-0.25,22.6875,22.71875,22.09375,22.4375,-2.1,0.0,7.0,0.0
0.38619,0x386,0.0,0.0,1.0,6.25,1.93,-0.25,22.65625,22.5,21.9375,22.25,-2.1,0.0,7.0,0.0
0.3869,0x316,0.0,0.0,1.0,6.25,1.93,-0.25,22.65625,22.5,21.9375,22.25,-2.1,0.0,7.0,0.0
0.39181,0x2B0,0.0,0.0,1.0,6.25,1.93,-0.25,22.65625,22.5,21.9375,22.25,-2.1,0.0,7.0,0.0
0.39597,0x220,0.0,0.0,1.0,6.25,1.58,0.32,22.65625,22.5,21.9375,22.25,-2.1,0.0,7.0,0.0
0.39684,0x316,0.0,0.0,1.0,6.25,1.58,0.32,22.65625,22.5,21.9375,22.25,-2.1,0.0,7.0,0.0
0.40181,0x2B0,0.0,0.0,1.0,6.25,1.58,0.32,22.65625,22.5,21.9375,22.25,-2.1,0.0,7.0,0.0
0.40597,0x220,0.0,0.0,1.0,6.25,1.46,0.61,22.65625,22.5,21.9375,22.25,-2.1,0.0,7.0,0.0
0.4062,0x386,0.0,0.0,1.0,6.25,1.46,0.61,22.46875,22.78125,22.09375,22.21875,-2.1,0.0,7.0,0.0
0.40691,0x316,0.0,0.0,1.0,6.25,1.46,0.61,22.46875,22.78125,22.09375,22.21875,-2.1,0.0,7.0,0.0
0.41178,0x2B0,0.0,0.0,1.0,6.25,1.46,0.61,22.46875,22.78125,22.09375,22.21875,-2.2,0.0,7.0,0.0
0.41597,0x220,0.0,0.0,1.0,6.25,1.64,0.34,22.46875,22.78125,22.09375,22.21875,-2.2,0.0,7.0,0.0
0.41694,0x316,0.0,0.0,1.0,6.25,1.64,0.34,22.46875,22.78125,22.09375,22.21875,-2.2,0.0,10.0,0.0
0.42173,0x2B0,0.0,0.0,1.0,6.25,1.64,0.34,22.46875,22.78125,22.09375,22.21875,-2.2,0.0,10.0,0.0
0.42597,0x220,0.0,0.0,1.0,6.25,1.95,-0.12,22.46875,22.78125,22.09375,22.21875,-2.2,0.0,10.0,0.0
0.42619,0x386,0.0,0.0,1.0,6.25,1.95,-0.12,22.4375,22.71875,21.9375,22.40625,-2.2,0.0,10.0,0.0
0.42691,0x316,0.0,0.0,1.0,6.25,1.95,-0.12,22.4375,22.71875,21.9375,22.40625,-2.2,0.0,10.0,0.0
0.43174,0x2B0,0.0,0.0,1.0,6.25,1.95,-0.12,22.4375,22.71875,21.9375,22.40625,-2.2,0.0,10.0,0.0
0.43597,0x220,0.0,0.0,1.0,6.25,2.27,-0.37,22.4375,22.71875,21.9375,22.40625,-2.2,0.0,10.0,0.0
0.43687,0x316,0.0,0.0,1.0,6.25,2.27,-0.37,22.4375,22.71875,21.9375,22.40625,-2.2,0.0,10.0,0.0
0.44173,0x2B0,0.0,0.0,1.0,6.25,2.27,-0.37,22.4375,22.71875,21.9375,22.40625,-2.2,0.0,10.0,0.0
0.44597,0x220,0.0,0.0,1.0,6.25,2.48,-0.25,22.4375,22.71875,21.9375,22.40625,-2.2,0.0,10.0,0.0
0.4462,0x386,0.0,0.0,1.0,6.25,2.48,-0.25,22.53125,22.5625,21.65625,22.21875,-2.2,0.0,10.0,0.0
0.44691,0x316,0.0,0.0,1.0,6.25,2.48,-0.25,22.53125,22.5625,21.65625,22.21875,-2.2,0.0,10.0,0.0
0.45173,0x2B0,0.0,0.0,1.0,6.25,2.48,-0.25,22.53125,22.5625,21.65625,22.21875,-2.2,0.0,10.0,0.0
0.45598,0x220,0.0,0.0,1.0,6.25,2.53,0.02,22.53125,22.5625,21.65625,22.21875,-2.2,0.0,10.0,0.0
0.45683,0x316,0.0,0.0,1.0,6.25,2.53,0.02,22.53125,22.5625,21.65625,22.21875,-2.2,0.0,7.0,0.0
0.46174,0x2B0,0.0,0.0,1.0,6.25,2.53,0.02,22.53125,22.5625,21.65625,22.21875,-2.2,0.0,7.0,0.0
0.46598,0x220,0.0,0.0,1.0,6.25,2.4,0.22,22.53125,22.5625,21.65625,22.21875,-2.2,0.0,7.0,0.0
0.46621,0x386,0.0,0.0,1.0,6.25,2.4,0.22,22.28125,22.4375,21.84375,21.5625,-2.2,0.0,7.0,0.0
0.46692,0x316,0.0,0.0,1.0,6.25,2.4,0.22,22.28125,22.4375,21.84375,21.5625,-2.2,0.0,7.0,0.0
0.47173,0x2B0,0.0,0.0,1.0,6.25,2.4,0.22,22.28125,22.4375,21.84375,21.5625,-2.2,0.0,7.0,0.0
0.47597,0x220,0.0,0.0,1.0,6.25,2.15,0.03,22.28125,22.4375,21.84375,21.5625,-2.2,0.0,7.0,0.0
0.47689,0x316,0.0,0.0,1.0,6.25,2.15,0.03,22.28125,22.4375,21.84375,21.5625,-2.2,0.0,5.0,0.0
0.48173,0x2B0,0.0,0.0,1.0,6.25,2.15,0.03,22.28125,22.4375,21.84375,21.5625,-2.2,0.0,5.0,0.0
0.48596,0x220,0.0,0.0,1.0,6.25,1.83,-0.37,22.28125,22.4375,21.84375,21.5625,-2.2,0.0,5.0,0.0
0.48619,0x386,0.0,0.0,1.0,6.25,1.83,-0.37,22.28125,22.5,21.90625,21.3125,-2.2,0.0,5.0,0.0
0.48691,0x316,0.0,0.0,1.0,6.25,1.83,-0.37,22.28125,22.5,21.90625,21.3125,-2.2,0.0,5.0,0.0
0.49175,0x2B0,0.0,0.0,1.0,6.25,1.83,-0.37,22.28125,22.5,21.90625,21.3125,-2.2,0.0,5.0,0.0
0.49597,0x220,0.0,0.0,1.0,6.25,1.56,-0.52,22.28125,22.5,21.90625,21.3125,-2.2,0.0,5.0,0.0
0.49677,0x316,0.0,0.0,1.0,6.25,1.56,-0.52,22.28125,22.5,21.90625,21.3125,-2.2,0.0,5.0,0.0
0.50176,0x2B0,0.0,0.0,1.0,6.25,1.56,-0.52,22.28125,22.5,21.90625,21.3125,-2.2,0.0,5.0,0.0
0.50596,0x220,0.0,0.0,1.0,6.25,1.47,-0.33,22.28125,22.5,21.90625,21.3125,-2.2,0.0,5.0,0.0
0.50619,0x386,0.0,0.0,1.0,6.25,1.47,-0.33,22.1875,22.25,21.59375,21.84375,-2.2,0.0,5.0,0.0
0.5069,0x316,0.0,0.0,1.0,6.25,1.47,-0.33,22.1875,22.25,21.59375,21.84375,-2.2,0.0,5.0,0.0
0.51175,0x2B0,0.0,0.0,1.0,6.25,1.47,-0.33,22.1875,22.25,21.59375,21.84375,-2.2,0.0,5.0,0.0
0.51598,0x220,0.0,0.0,1.0,6.25,1.65,-0.1,22.1875,22.25,21.59375,21.84375,-2.2,0.0,5.0,0.0
0.51721,0x316,0.0,0.0,1.0,6.25,1.65,-0.1,22.1875,22.25,21.59375,21.84375,-2.2,0.0,5.0,0.0
0.52175,0x2B0,0.0,0.0,1.0,6.25,1.65,-0.1,22.1875,22.25,21.59375,21.84375,-2.2,0.0,5.0,0.0
0.52597,0x220,0.0,0.0,1.0,6.25,1.95,-0.04,22.1875,22.25,21.59375,21.84375,-2.2,0.0,5.0,0.0
0.52619,0x386,0.0,0.0,1.0,6.25,1.95,-0.04,22.15625,22.15625,21.78125,22.25,-2.2,0.0,5.0,0.0
0.52691,0x316,0.0,0.0,1.0,6.25,1.95,-0.04,22.15625,22.15625,21.78125,22.25,-2.2,0.0,5.0,0.0
0.53175,0x2B0,0.0,0.0,1.0,6.25,1.95,-0.04,22.15625,22.15625,21.78125,22.25,-2.2,0.0,5.0,0.0
0.53597,0x220,0.0,0.0,1.0,6.25,2.06,-0.14,22.15625,22.15625,21.78125,22.25,-2.2,0.0,5.0,0.0
0.53685,0x316,0.0,0.0,1.0,6.25,2.06,-0.14,22.15625,22.15625,21.78125,22.25,-2.2,0.0,5.0,0.0
0.54181,0x2B0,0.0,0.0,1.0,6.25,2.06,-0.14,22.15625,22.15625,21.78125,22.25,-2.2,0.0,5.0,0.0
0.54597,0x220,0.0,0.0,1.0,6.25,1.82,-0.29,22.15625,22.15625,21.78125,22.25,-2.2,0.0,5.0,0.0
0.5462,0x386,0.0,0.0,1.0,6.25,1.82,-0.29,22.125,22.09375,22.0,22.0,-2.2,0.0,5.0,0.0
0.54691,0x316,0.0,0.0,1.0,6.25,1.82,-0.29,22.125,22.09375,22.0,22.0,-2.2,0.0,5.0,0.0
0.55177,0x2B0,0.0,0.0,1.0,6.25,1.82,-0.29,22.125,22.09375,22.0,22.0,-2.1,0.0,5.0,0.0
0.55597,0x220,0.0,0.0,1.0,6.25,1.37,-0.23,22.125,22.09375,22.0,22.0,-2.1,0.0,5.0,0.0
0.55689,0x316,0.0,0.0,1.0,6.25,1.37,-0.23,22.125,22.09375,22.0,22.0,-2.1,0.0,7.0,0.0
0.56181,0x2B0,0.0,0.0,1.0,6.25,1.37,-0.23,22.125,22.09375,22.0,22.0,-2.1,0.0,7.0,0.0
0.56598,0x220,0.0,0.0,1.0,6.25,0.93,0.03,22.125,22.09375,22.0,22.0,-2.1,0.0,7.0,0.0
0.56622,0x386,0.0,0.0,1.0,6.25,0.93,0.03,22.09375,22.3125,22.0,21.65625,-2.1,0.0,7.0,0.0
0.56693,0x316,0.0,0.0,1.0,6.25,0.93,0.03,22.09375,22.3125,22.0,21.65625,-2.1,0.0,7.0,0.0
0.57179,0x2B0,0.0,0.0,1.0,6.25,0.93,0.03,22.09375,22.3125,22.0,21.65625,-2.1,0.0,7.0,0.0
0.57597,0x220,0.0,0.0,1.0,6.25,0.67,0.31,22.09375,22.3125,22.0,21.65625,-2.1,0.0,7.0,0.0
0.57676,0x316,0.0,0.0,1.0,6.25,0.67,0.31,22.09375,22.3125,22.0,21.65625,-2.1,0.0,10.0,0.0
0.5818,0x2B0,0.0,0.0,1.0,6.25,0.67,0.31,22.09375,22.3125,22.0,21.65625,-2.1,0.0,10.0,0.0
0.58598,0x220,0.0,0.0,1.0,6.25,0.66,0.47,22.09375,22.3125,22.0,21.65625,-2.1,0.0,10.0,0.0
0.58621,0x386,0.0,0.0,1.0,6.25,0.66,0.47,22.09375,22.09375,21.90625,21.96875,-2.1,0.0,10.0,0.0
0.58691,0x316,0.0,0.0,1.0,6.25,0.66,0.47,22.09375,22.09375,21.90625,21.96875,-2.1,0.0,12.0,0.0
0.5918,0x2B0,0.0,0.0,1.0,6.25,0.66,0.47,22.09375,22.09375,21.90625,21.96875,-2.1,0.0,12.0,0.0
0.59598,0x220,0.0,0.0,1.0,6.25,0.91,0.56,22.09375,22.09375,21.90625,21.96875,-2.1,0.0,12.0,0.0
0.59688,0x316,0.0,0.0,1.0,6.25,0.91,0.56,22.09375,22.09375,21.90625,21.96875,-2.1,0.0,15.0,0.0
0.6018,0x2B0,0.0,0.0,1.0,6.25,0.91,0.56,22.09375,22.09375,21.90625,21.96875,-2.1,0.0,15.0,0.0
0.60598,0x220,0.0,0.0,1.0,6.25,1.29,0.6,22.09375,22.09375,21.90625,21.96875,-2.1,0.0,15.0,0.0
0.60621,0x386,0.0,0.0,1.0,6.25,1.29,0.6,22.125,22.125,21.78125,22.09375,-2.1,0.0,15.0,0.0
0.60692,0x316,0.0,0.0,1.0,6.25,1.29,0.6,22.125,22.125,21.78125,22.09375,-2.1,0.0,15.0,0.0
0.61179,0x2B0,0.0,0.0,1.0,6.25,1.29,0.6,22.125,22.125,21.78125,22.09375,-2.1,0.0,15.0,0.0
0.61597,0x220,0.0,0.0,1.0,6.25,1.42,0.48,22.125,22.125,21.78125,22.09375,-2.1,0.0,15.0,0.0
0.61695,0x316,0.0,0.0,1.0,6.25,1.42,0.48,22.125,22.125,21.78125,22.09375,-2.1,0.0,17.0,0.0
0.6218,0x2B0,0.0,0.0,1.0,6.25,1.42,0.48,22.125,22.125,21.78125,22.09375,-2.1,0.0,17.0,0.0
0.62598,0x220,0.0,0.0,1.0,6.25,1.11,0.27,22.125,22.125,21.78125,22.09375,-2.1,0.0,17.0,0.0
0.6262,0x386,0.0,0.0,1.0,6.25,1.11,0.27,22.3125,22.125,21.96875,22.28125,-2.1,0.0,17.0,0.0
0.62692,0x316,0.0,0.0,1.0,6.25,1.11,0.27,22.3125,22.125,21.96875,22.28125,-2.1,0.0,17.0,0.0
0.6318,0x2B0,0.0,0.0,1.0,6.25,1.11,0.27,22.3125,22.125,21.96875,22.28125,-2.1,0.0,17.0,0.0
0.63597,0x220,0.0,0.0,1.0,6.25,0.49,0.37,22.3125,22.125,21.96875,22.28125,-2.1,0.0,17.0,0.0
0.63691,0x316,0.0,0.0,1.0,6.25,0.49,0.37,22.3125,22.125,21.96875,22.28125,-2.1,0.0,22.0,0.0
0.64179,0x2B0,0.0,0.0,1.0,6.25,0.49,0.37,22.3125,22.125,21.96875,22.28125,-2.2,0.0,22.0,0.0
0.64597,0x220,0.0,0.0,1.0,6.25,0.01,0.85,22.3125,22.125,21.96875,22.28125,-2.2,0.0,22.0,0.0
0.6462,0x386,0.0,0.0,1.0,6.25,0.01,0.85,22.1875,22.0625,21.65625,21.90625,-2.2,0.0,22.0,0.0
0.64692,0x316,0.0,0.0,1.0,6.25,0.01,0.85,22.1875,22.0625,21.65625,21.90625,-2.2,0.0,25.0,0.0
0.6518,0x2B0,0.0,0.0,1.0,6.25,0.01,0.85,22.1875,22.0625,21.65625,21.90625,-2.2,0.0,25.0,0.0
0.65597,0x220,0.0,0.0,1.0,6.25,0.02,1.25,22.1875,22.0625,21.65625,21.90625,-2.2,0.0,25.0,0.0
0.65678,0x316,0.0,0.0,1.0,6.25,0.02,1.25,22.1875,22.0625,21.65625,21.90625,-2.2,0.0,25.0,0.0
0.66181,0x2B0,0.0,0.0,1.0,6.25,0.02,1.25,22.1875,22.0625,21.65625,21.90625,-2.4,8.0,25.0,0.0
0.66598,0x220,0.0,0.0,1.0,6.25,0.54,1.23,22.1875,22.0625,21.65625,21.90625,-2.4,8.0,25.0,0.0
0.6662,0x386,0.0,0.0,1.0,6.25,0.54,1.23,22.15625,22.25,21.0,21.78125,-2.4,8.0,25.0,0.0
0.66668,0x316,0.0,0.0,1.0,6.25,0.54,1.23,22.15625,22.25,21.0,21.78125,-2.4,8.0,25.0,0.0
0.67173,0x2B0,0.0,0.0,1.0,6.25,0.54,1.23,22.15625,22.25,21.0,21.78125,-2.4,8.0,25.0,0.0
0.67598,0x220,0.0,0.0,1.0,6.25,1.23,0.9,22.15625,22.25,21.0,21.78125,-2.4,8.0,25.0,0.0
0.67686,0x316,0.0,0.0,1.0,6.25,1.23,0.9,22.15625,22.25,21.0,21.78125,-2.4,8.0,25.0,0.0
0.68181,0x2B0,0.0,0.0,1.0,6.25,1.23,0.9,22.15625,22.25,21.0,21.78125,-2.4,0.0,25.0,0.0
0.68597,0x220,0.0,0.0,1.0,6.25,1.65,0.7,22.15625,22.25,21.0,21.78125,-2.4,0.0,25.0,0.0
0.68619,0x386,0.0,0.0,1.0,6.25,1.65,0.7,22.15625,22.0625,20.8125,21.78125,-2.4,0.0,25.0,0.0
0.68691,0x316,0.0,0.0,1.0,6.25,1.65,0.7,22.15625,22.0625,20.8125,21.78125,-2.4,0.0,25.0,0.0
0.69179,0x2B0,0.0,0.0,1.0,6.25,1.65,0.7,22.15625,22.0625,20.8125,21.78125,-2.4,0.0,25.0,0.0
0.69597,0x220,0.0,0.0,1.0,6.25,1.72,0.88,22.15625,22.0625,20.8125,21.78125,-2.4,0.0,25.0,0.0
0.69676,0x316,0.0,0.0,1.0,6.25,1.72,0.88,22.15625,22.0625,20.8125,21.78125,-2.4,0.0,22.0,0.0
0.70178,0x2B0,0.0,0.0,1.0,6.25,1.72,0.88,22.15625,22.0625,20.8125,21.78125,-2.4,0.0,22.0,0.0
0.70597,0x220,0.0,0.0,1.0,6.25,1.52,1.23,22.15625,22.0625,20.8125,21.78125,-2.4,0.0,22.0,0.0
0.70619,0x386,0.0,0.0,1.0,6.25,1.52,1.23,22.15625,22.3125,21.875,21.34375,-2.4,0.0,22.0,0.0
0.70691,0x316,0.0,0.0,1.0,6.25,1.52,1.23,22.15625,22.3125,21.875,21.34375,-2.4,0.0,22.0,0.0
0.7118,0x2B0,0.0,0.0,1.0,6.25,1.52,1.23,22.15625,22.3125,21.875,21.34375,-2.4,0.0,22.0,0.0
0.71598,0x220,0.0,0.0,1.0,6.25,1.26,1.28,22.15625,22.3125,21.875,21.34375,-2.4,0.0,22.0,0.0
0.71706,0x316,0.0,0.0,1.0,6.25,1.26,1.28,22.15625,22.3125,21.875,21.34375,-2.4,0.0,22.0,0.0
0.72173,0x2B0,0.0,0.0,1.0,6.25,1.26,1.28,22.15625,22.3125,21.875,21.34375,-2.4,0.0,22.0,0.0
0.72597,0x220,0.0,0.0,1.0,6.25,1.23,0.9,22.15625,22.3125,21.875,21.34375,-2.4,0.0,22.0,0.0
0.7262,0x386,0.0,0.0,1.0,6.25,1.23,0.9,22.0625,22.15625,21.6875,21.46875,-2.4,0.0,22.0,0.0
0.72692,0x316,0.0,0.0,1.0,6.25,1.23,0.9,22.0625,22.15625,21.6875,21.46875,-2.4,0.0,22.0,0.0
0.73174,0x2B0,0.0,0.0,1.0,6.25,1.23,0.9,22.0625,22.15625,21.6875,21.46875,-2.4,0.0,22.0,0.0
0.73598,0x220,0.0,0.0,1.0,6.25,1.46,0.31,22.0625,22.15625,21.6875,21.46875,-2.4,0.0,22.0,0.0
0.73682,0x316,0.0,0.0,1.0,6.25,1.46,0.31,22.0625,22.15625,21.6875,21.46875,-2.4,0.0,20.0,0.0
0.74174,0x2B0,0.0,0.0,1.0,6.25,1.46,0.31,22.0625,22.15625,21.6875,21.46875,-2.4,0.0,20.0,0.0
0.74597,0x220,0.0,0.0,1.0,6.25,1.92,-0.09,22.0625,22.15625,21.6875,21.46875,-2.4,0.0,20.0,0.0
0.7462,0x386,0.0,0.0,1.0,6.25,1.92,-0.09,22.03125,22.15625,20.96875,21.6875,-2.4,0.0,20.0,0.0
0.74692,0x316,0.0,0.0,1.0,6.25,1.92,-0.09,22.03125,22.15625,20.96875,21.6875,-2.4,0.0,20.0,0.0
0.75181,0x2B0,0.0,0.0,1.0,6.25,1.92,-0.09,22.03125,22.15625,20.96875,21.6875,-2.4,0.0,20.0,0.0
0.75598,0x220,0.0,0.0,1.0,6.25,2.4,-0.23,22.03125,22.15625,20.96875,21.6875,-2.4,0.0,20.0,0.0
0.75689,0x316,0.0,0.0,1.0,6.25,2.4,-0.23,22.03125,22.15625,20.96875,21.6875,-2.4,0.0,17.0,0.0
0.76175,0x2B0,0.0,0.0,1.0,6.25,2.4,-0.23,22.03125,22.15625,20.96875,21.6875,-2.3,0.0,17.0,0.0
0.76598,0x220,0.0,0.0,1.0,6.25,2.67,-0.22,22.03125,22.15625,20.96875,21.6875,-2.3,0.0,17.0,0.0
0.76621,0x386,0.0,0.0,1.0,6.25,2.67,-0.22,21.9375,22.0625,21.25,21.375,-2.3,0.0,17.0,0.0
0.76693,0x316,0.0,0.0,1.0,6.25,2.67,-0.22,21.9375,22.0625,21.25,21.375,-2.3,0.0,17.0,0.0
0.77172,0x2B0,0.0,0.0,1.0,6.25,2.67,-0.22,21.9375,22.0625,21.25,21.375,-2.3,0.0,17.0,0.0
0.77597,0x220,0.0,0.0,1.0,6.25,2.68,-0.16,21.9375,22.0625,21.25,21.375,-2.3,0.0,17.0,0.0
0.77676,0x316,0.0,0.0,1.0,6.25,2.68,-0.16,21.9375,22.0625,21.25,21.375,-2.3,0.0,17.0,0.0
0.78172,0x2B0,0.0,0.0,1.0,6.25,2.68,-0.16,21.9375,22.0625,21.25,21.375,-2.3,0.0,17.0,0.0
0.78598,0x220,0.0,0.0,1.0,6.25,2.51,-0.1,21.9375,22.0625,21.25,21.375,-2.3,0.0,17.0,0.0
0.78621,0x386,0.0,0.0,1.0,6.25,2.51,-0.1,21.90625,21.96875,21.5,21.40625,-2.3,0.0,17.0,0.0
0.78693,0x316,0.0,0.0,1.0,6.25,2.51,-0.1,21.90625,21.96875,21.5,21.40625,-2.3,0.0,15.0,0.0
0.79172,0x2B0,0.0,0.0,1.0,6.25,2.51,-0.1,21.90625,21.96875,21.5,21.40625,-2.3,0.0,15.0,0.0
0.79597,0x220,0.0,0.0,1.0,6.25,2.28,-0.14,21.90625,21.96875,21.5,21.40625,-2.3,0.0,15.0,0.0
0.79685,0x316,0.0,0.0,1.0,6.25,2.28,-0.14,21.90625,21.96875,21.5,21.40625,-2.3,0.0,15.0,0.0
0.80171,0x2B0,0.0,0.0,1.0,6.25,2.28,-0.14,21.90625,21.96875,21.5,21.40625,-2.3,0.0,15.0,0.0
0.80598,0x220,0.0,0.0,1.0,6.25,2.07,-0.32,21.90625,21.96875,21.5,21.40625,-2.3,0.0,15.0,0.0
0.8062,0x386,0.0,0.0,1.0,6.25,2.07,-0.32,21.78125,21.875,21.0,21.65625,-2.3,0.0,15.0,0.0
0.80692,0x316,0.0,0.0,1.0,6.25,2.07,-0.32,21.78125,21.875,21.0,21.65625,-2.3,0.0,15.0,0.0
0.81179,0x2B0,0.0,0.0,1.0,6.25,2.07,-0.32,21.78125,21.875,21.0,21.65625,-2.3,0.0,15.0,0.0
0.81598,0x220,0.0,0.0,1.0,6.25,1.9,-0.49,21.78125,21.875,21.0,21.65625,-2.3,0.0,15.0,0.0
0.81694,0x316,0.0,0.0,1.0,6.25,1.9,-0.49,21.78125,21.875,21.0,21.65625,-2.3,0.0,12.0,0.0
0.82178,0x2B0,0.0,0.0,1.0,6.25,1.9,-0.49,21.78125,21.875,21.0,21.65625,-2.3,0.0,12.0,0.0
0.82597,0x220,0.0,0.0,1.0,6.25,1.76,-0.48,21.78125,21.875,21.0,21.65625,-2.3,0.0,12.0,0.0
0.8262,0x386,0.0,0.0,1.0,6.25,1.76,-0.48,21.75,21.78125,21.21875,21.40625,-2.3,0.0,12.0,0.0
0.82692,0x316,0.0,0.0,1.0,6.25,1.76,-0.48,21.75,21.78125,21.21875,21.40625,-2.3,0.0,12.0,0.0
0.83178,0x2B0,0.0,0.0,1.0,6.25,1.76,-0.48,21.75,21.78125,21.21875,21.40625,-2.3,0.0,12.0,0.0
0.83598,0x220,0.0,0.0,1.0,6.25,1.67,-0.24,21.75,21.78125,21.21875,21.40625,-2.3,0.0,12.0,0.0
0.83689,0x316,0.0,0.0,1.0,6.25,1.67,-0.24,21.75,21.78125,21.21875,21.40625,-2.3,0.0,12.0,0.0
0.84178,0x2B0,0.0,0.0,1.0,6.25,1.67,-0.24,21.75,21.78125,21.21875,21.40625,-2.4,0.0,12.0,0.0
0.84598,0x220,0.0,0.0,1.0,6.25,1.65,0.0,21.75,21.78125,21.21875,21.40625,-2.4,0.0,12.0,0.0
0.84621,0x386,0.0,0.0,1.0,6.25,1.65,0.0,21.65625,21.78125,21.78125,21.375,-2.4,0.0,12.0,0.0
0.84693,0x316,0.0,0.0,1.0,6.25,1.65,0.0,21.65625,21.78125,21.78125,21.375,-2.4,0.0,12.0,0.0
0.85174,0x2B0,0.0,0.0,1.0,6.25,1.65,0.0,21.65625,21.78125,21.78125,21.375,-2.4,0.0,12.0,0.0
0.85598,0x220,0.0,0.0,1.0,6.25,1.69,0.01,21.65625,21.78125,21.78125,21.375,-2.4,0.0,12.0,0.0
0.85678,0x316,0.0,0.0,1.0,6.25,1.69,0.01,21.65625,21.78125,21.78125,21.375,-2.4,0.0,12.0,0.0
0.86174,0x2B0,0.0,0.0,1.0,6.25,1.69,0.01,21.65625,21.78125,21.78125,21.375,-2.4,0.0,12.0,0.0
0.86598,0x220,0.0,0.0,1.0,6.25,1.72,-0.14,21.65625,21.78125,21.78125,21.375,-2.4,0.0,12.0,0.0
0.8662,0x386,0.0,0.0,1.0,6.25,1.72,-0.14,21.5625,21.6875,21.34375,21.3125,-2.4,0.0,12.0,0.0
0.86692,0x316,0.0,0.0,1.0,6.25,1.72,-0.14,21.5625,21.6875,21.34375,21.3125,-2.4,0.0,12.0,0.0
0.87173,0x2B0,0.0,0.0,1.0,6.25,1.72,-0.14,21.5625,21.6875,21.34375,21.3125,-2.4,0.0,12.0,0.0
0.87598,0x220,0.0,0.0,1.0,6.25,1.7,-0.35,21.5625,21.6875,21.34375,21.3125,-2.4,0.0,12.0,0.0
0.87683,0x316,0.0,0.0,1.0,6.25,1.7,-0.35,21.5625,21.6875,21.34375,21.3125,-2.4,0.0,12.0,0.0
0.88174,0x2B0,0.0,0.0,1.0,6.25,1.7,-0.35,21.5625,21.6875,21.34375,21.3125,-2.4,0.0,12.0,0.0
0.88598,0x220,0.0,0.0,1.0,6.25,1.7,-0.45,21.5625,21.6875,21.34375,21.3125,-2.4,0.0,12.0,0.0
0.88621,0x386,0.0,0.0,1.0,6.25,1.7,-0.45,21.5625,21.59375,21.65625,21.46875,-2.4,0.0,12.0,0.0
0.88693,0x316,0.0,0.0,1.0,6.25,1.7,-0.45,21.5625,21.59375,21.65625,21.46875,-2.4,0.0,12.0,0.0
0.89174,0x2B0,0.0,0.0,1.0,6.25,1.7,-0.45,21.5625,21.59375,21.65625,21.46875,-2.4,0.0,12.0,0.0
0.89598,0x220,0.0,0.0,1.0,6.25,1.73,-0.43,21.5625,21.59375,21.65625,21.46875,-2.4,0.0,12.0,0.0
0.89674,0x316,0.0,0.0,1.0,6.25,1.73,-0.43,21.5625,21.59375,21.65625,21.46875,-2.4,0.0,12.0,0.0
0.90174,0x2B0,0.0,0.0,1.0,6.25,1.73,-0.43,21.5625,21.59375,21.65625,21.46875,-2.4,0.0,12.0,0.0
0.90598,0x220,0.0,0.0,1.0,6.25,1.74,-0.36,21.5625,21.59375,21.65625,21.46875,-2.4,0.0,12.0,0.0
0.90621,0x386,0.0,0.0,1.0,6.25,1.74,-0.36,21.59375,21.65625,21.6875,21.71875,-2.4,0.0,12.0,0.0
0.90693,0x316,0.0,0.0,1.0,6.25,1.74,-0.36,21.59375,21.65625,21.6875,21.71875,-2.4,0.0,15.0,0.0
0.91173,0x2B0,0.0,0.0,1.0,6.25,1.74,-0.36,21.59375,21.65625,21.6875,21.71875,-2.4,0.0,15.0,0.0
0.91598,0x220,0.0,0.0,1.0,6.25,1.68,-0.29,21.59375,21.65625,21.6875,21.71875,-2.4,0.0,15.0,0.0
0.91716,0x316,0.0,0.0,1.0,6.25,1.68,-0.29,21.59375,21.65625,21.6875,21.71875,-2.4,0.0,15.0,0.0
0.92173,0x2B0,0.0,0.0,1.0,6.25,1.68,-0.29,21.59375,21.65625,21.6875,21.71875,-2.4,0.0,15.0,0.0
0.92598,0x220,0.0,0.0,1.0,6.25,1.59,-0.21,21.59375,21.65625,21.6875,21.71875,-2.4,0.0,15.0,0.0
0.92621,0x386,0.0,0.0,1.0,6.25,1.59,-0.21,21.6875,21.5625,21.4375,21.71875,-2.4,0.0,15.0,0.0
0.92693,0x316,0.0,0.0,1.0,6.25,1.59,-0.21,21.6875,21.5625,21.4375,21.71875,-2.4,0.0,15.0,0.0
0.93177,0x2B0,0.0,0.0,1.0,6.25,1.59,-0.21,21.6875,21.5625,21.4375,21.71875,-2.4,0.0,15.0,0.0
0.93598,0x220,0.0,0.0,1.0,6.25,1.48,-0.11,21.6875,21.5625,21.4375,21.71875,-2.4,0.0,15.0,0.0
0.93678,0x316,0.0,0.0,1.0,6.25,1.48,-0.11,21.6875,21.5625,21.4375,21.71875,-2.4,0.0,15.0,0.0
0.94178,0x2B0,0.0,0.0,1.0,6.25,1.48,-0.11,21.6875,21.5625,21.4375,21.71875,-2.5,0.0,15.0,0.0
0.94599,0x220,0.0,0.0,1.0,6.25,1.33,0.0,21.6875,21.5625,21.4375,21.71875,-2.5,0.0,15.0,0.0
0.94621,0x386,0.0,0.0,1.0,6.25,1.33,0.0,21.75,21.65625,21.53125,21.34375,-2.5,0.0,15.0,0.0
0.94693,0x316,0.0,0.0,1.0,6.25,1.33,0.0,21.75,21.65625,21.53125,21.34375,-2.5,0.0,15.0,0.0
0.9518,0x2B0,0.0,0.0,1.0,6.25,1.33,0.0,21.75,21.65625,21.53125,21.34375,-2.5,0.0,15.0,0.0
0.95597,0x220,0.0,0.0,1.0,6.25,1.15,0.1,21.75,21.65625,21.53125,21.34375,-2.5,0.0,15.0,0.0
0.95682,0x316,0.0,0.0,1.0,6.25,1.15,0.1,21.75,21.65625,21.53125,21.34375,-2.5,0.0,15.0,0.0
0.9618,0x2B0,0.0,0.0,1.0,6.25,1.15,0.1,21.75,21.65625,21.53125,21.34375,-2.5,0.0,15.0,0.0
0.96599,0x220,0.0,0.0,1.0,6.25,1.0,0.19,21.75,21.65625,21.53125,21.34375,-2.5,0.0,15.0,0.0
0.96621,0x386,0.0,0.0,1.0,6.25,1.0,0.19,21.71875,21.71875,21.375,21.0,-2.5,0.0,15.0,0.0
0.96693,0x316,0.0,0.0,1.0,6.25,1.0,0.19,21.71875,21.71875,21.375,21.0,-2.5,0.0,15.0,0.0
0.9718,0x2B0,0.0,0.0,1.0,6.25,1.0,0.19,21.71875,21.71875,21.375,21.0,-2.7,8.0,15.0,0.0
0.97598,0x220,0.0,0.0,1.0,6.25,0.9,0.22,21.71875,21.71875,21.375,21.0,-2.7,8.0,15.0,0.0
0.97676,0x316,0.0,0.0,1.0,6.25,0.9,0.22,21.71875,21.71875,21.375,21.0,-2.7,8.0,15.0,0.0
0.9818,0x2B0,0.0,0.0,1.0,6.25,0.9,0.22,21.71875,21.71875,21.375,21.0,-2.7,8.0,15.0,0.0
0.98598,0x220,0.0,0.0,1.0,6.25,0.84,0.17,21.71875,21.71875,21.375,21.0,-2.7,8.0,15.0,0.0
0.9862,0x386,0.0,0.0,1.0,6.25,0.84,0.17,21.75,21.625,20.59375,21.28125,-2.7,8.0,15.0,0.0
0.98691,0x316,0.0,0.0,1.0,6.25,0.84,0.17,21.75,21.625,20.59375,21.28125,-2.7,8.0,15.0,0.0
0.99178,0x2B0,0.0,0.0,1.0,6.25,0.84,0.17,21.75,21.625,20.59375,21.28125,-2.9,8.0,15.0,0.0
0.99598,0x220,0.0,0.0,1.0,6.25,0.81,0.09,21.75,21.625,20.59375,21.28125,-2.9,8.0,15.0,0.0
0.99677,0x316,0.0,0.0,1.0,6.25,0.81,0.09,21.75,21.625,20.59375,21.28125,-2.9,8.0,15.0,0.0
1.0018,0x2B0,0.0,0.0,1.0,6.25,0.81,0.09,21.75,21.625,20.59375,21.28125,-2.9,8.0,15.0,0.0
1.00598,0x220,0.0,0.0,1.0,6.25,0.76,0.0,21.75,21.625,20.59375,21.28125,-2.9,8.0,15.0,0.0
1.0062,0x386,0.0,0.0,1.0,6.25,0.76,0.0,21.71875,21.71875,20.375,21.125,-2.9,8.0,15.0,0.0
1.00716,0x316,0.0,0.0,1.0,6.25,0.76,0.0,21.71875,21.71875,20.375,21.125,-2.9,8.0,15.0,0.0
1.01179,0x2B0,0.0,0.0,1.0,6.25,0.76,0.0,21.71875,21.71875,20.375,21.125,-3.1,8.0,15.0,0.0
1.01599,0x220,0.0,0.0,1.0,6.25,0.72,-0.02,21.71875,21.71875,20.375,21.125,-3.1,8.0,15.0,0.0
1.017,0x316,0.0,0.0,1.0,6.25,0.72,-0.02,21.71875,21.71875,20.375,21.125,-3.1,8.0,15.0,0.0
1.02178,0x2B0,0.0,0.0,1.0,6.25,0.72,-0.02,21.71875,21.71875,20.375,21.125,-3.1,8.0,15.0,0.0
1.02598,0x220,0.0,0.0,1.0,6.25,0.72,0.06,21.71875,21.71875,20.375,21.125,-3.1,8.0,15.0,0.0
1.0262,0x386,0.0,0.0,1.0,6.25,0.72,0.06,21.6875,21.6875,20.75,20.4375,-3.1,8.0,15.0,0.0
1.02692,0x316,0.0,0.0,1.0,6.25,0.72,0.06,21.6875,21.6875,20.75,20.4375,-3.1,8.0,15.0,0.0
1.03177,0x2B0,0.0,0.0,1.0,6.25,0.72,0.06,21.6875,21.6875,20.75,20.4375,-3.2,0.0,15.0,0.0
1.03598,0x220,0.0,0.0,1.0,6.25,0.8,0.36,21.6875,21.6875,20.75,20.4375,-3.2,0.0,15.0,0.0
1.03682,0x316,0.0,0.0,1.0,6.25,0.8,0.36,21.6875,21.6875,20.75,20.4375,-3.2,0.0,15.0,0.0
1.04176,0x2B0,0.0,0.0,1.0,6.25,0.8,0.36,21.6875,21.6875,20.75,20.4375,-3.2,0.0,15.0,0.0
1.04598,0x220,0.0,0.0,1.0,6.25,1.0,0.68,21.6875,21.6875,20.75,20.4375,-3.2,0.0,15.0,0.0
1.04622,0x386,0.0,0.0,1.0,6.25,1.0,0.68,21.5,21.65625,21.09375,20.75,-3.2,0.0,15.0,0.0
1.04693,0x316,0.0,0.0,1.0,6.25,1.0,0.68,21.5,21.65625,21.09375,20.75,-3.2,0.0,15.0,0.0
1.05177,0x2B0,0.0,0.0,1.0,6.25,1.0,0.68,21.5,21.65625,21.09375,20.75,-3.4,8.0,15.0,0.0
1.05598,0x220,0.0,0.0,1.0,6.25,1.25,0.75,21.5,21.65625,21.09375,20.75,-3.4,8.0,15.0,0.0
1.05683,0x316,0.0,0.0,1.0,6.25,1.25,0.75,21.5,21.65625,21.09375,20.75,-3.4,8.0,12.0,0.0
1.06177,0x2B0,0.0,0.0,1.0,6.25,1.25,0.75,21.5,21.65625,21.09375,20.75,-3.4,8.0,12.0,0.0
1.066,0x220,0.0,0.0,1.0,6.25,1.45,0.49,21.5,21.65625,21.09375,20.75,-3.4,8.0,12.0,0.0
1.06623,0x386,0.0,0.0,1.0,6.25,1.45,0.49,21.40625,21.5,20.96875,21.21875,-3.4,8.0,12.0,0.0
1.06694,0x316,0.0,0.0,1.0,6.25,1.45,0.49,21.40625,21.5,20.96875,21.21875,-3.4,8.0,10.0,0.0
1.07177,0x2B0,0.0,0.0,1.0,6.25,1.45,0.49,21.40625,21.5,20.96875,21.21875,-3.4,0.0,10.0,0.0
1.07599,0x220,0.0,0.0,1.0,6.25,1.45,0.12,21.40625,21.5,20.96875,21.21875,-3.4,0.0,10.0,0.0
1.07675,0x316,0.0,0.0,1.0,6.25,1.45,0.12,21.40625,21.5,20.96875,21.21875,-3.4,0.0,7.0,0.0
1.08174,0x2B0,0.0,0.0,1.0,6.25,1.45,0.12,21.40625,21.5,20.96875,21.21875,-3.6,8.0,7.0,0.0
1.08598,0x220,0.0,0.0,1.0,6.25,1.22,-0.06,21.40625,21.5,20.96875,21.21875,-3.6,8.0,7.0,0.0
1.08621,0x386,0.0,0.0,1.0,6.25,1.22,-0.06,21.375,21.46875,21.03125,21.125,-3.6,8.0,7.0,0.0
1.08693,0x316,0.0,0.0,1.0,6.25,1.22,-0.06,21.375,21.46875,21.03125,21.125,-3.6,8.0,5.0,0.0
1.09178,0x2B0,0.0,0.0,1.0,6.25,1.22,-0.06,21.375,21.46875,21.03125,21.125,-3.6,8.0,5.0,0.0
1.09599,0x220,0.0,0.0,1.0,6.25,0.91,-0.04,21.375,21.46875,21.03125,21.125,-3.6,8.0,5.0,0.0
1.09683,0x316,0.0,0.0,1.0,6.25,0.91,-0.04,21.375,21.46875,21.03125,21.125,-3.6,8.0,5.0,0.0
1.10175,0x2B0,0.0,0.0,1.0,6.25,0.91,-0.04,21.375,21.46875,21.03125,21.125,-3.6,0.0,5.0,0.0
1.10598,0x220,0.0,0.0,1.0,6.25,0.6,0.15,21.375,21.46875,21.03125,21.125,-3.6,0.0,5.0,0.0
1.10621,0x386,0.0,0.0,1.0,6.25,0.6,0.15,21.3125,21.25,21.09375,20.875,-3.6,0.0,5.0,0.0
1.10693,0x316,0.0,0.0,1.0,6.25,0.6,0.15,21.3125,21.25,21.09375,20.875,-3.6,0.0,5.0,0.0
1.11174,0x2B0,0.0,0.0,1.0,6.25,0.6,0.15,21.3125,21.25,21.09375,20.875,-3.7,0.0,5.0,0.0
1.11599,0x220,0.0,0.0,1.0,6.25,0.45,0.33,21.3125,21.25,21.09375,20.875,-3.7,0.0,5.0,0.0
1.11703,0x316,0.0,0.0,1.0,6.25,0.45,0.33,21.3125,21.25,21.09375,20.875,-3.7,0.0,5.0,0.0
1.12168,0x2B0,0.0,0.0,1.0,6.25,0.45,0.33,21.3125,21.25,21.09375,20.875,-3.7,0.0,5.0,0.0
1.12598,0x220,0.0,0.0,1.0,6.25,0.51,0.36,21.3125,21.25,21.09375,20.875,-3.7,0.0,5.0,0.0
1.12621,0x386,0.0,0.0,1.0,6.25,0.51,0.36,21.125,21.21875,20.8125,21.0625,-3.7,0.0,5.0,0.0
1.12693,0x316,0.0,0.0,1.0,6.25,0.51,0.36,21.125,21.21875,20.8125,21.0625,-3.7,0.0,5.0,0.0
1.13169,0x2B0,0.0,0.0,1.0,6.25,0.51,0.36,21.125,21.21875,20.8125,21.0625,-3.7,0.0,5.0,0.0
1.13599,0x220,0.0,0.0,1.0,6.25,0.66,0.33,21.125,21.21875,20.8125,21.0625,-3.7,0.0,5.0,0.0
1.13687,0x316,0.0,0.0,1.0,6.25,0.66,0.33,21.125,21.21875,20.8125,21.0625,-3.7,0.0,7.0,0.0
1.14167,0x2B0,0.0,0.0,1.0,6.25,0.66,0.33,21.125,21.21875,20.8125,21.0625,-3.7,0.0,7.0,0.0
1.14598,0x220,0.0,0.0,1.0,6.25,0.84,0.32,21.125,21.21875,20.8125,21.0625,-3.7,0.0,7.0,0.0
1.14621,0x386,0.0,0.0,1.0,6.25,0.84,0.32,21.25,21.1875,21.15625,21.25,-3.7,0.0,7.0,0.0
1.14692,0x316,0.0,0.0,1.0,6.25,0.84,0.32,21.25,21.1875,21.15625,21.25,-3.7,0.0,12.0,0.0
1.15168,0x2B0,0.0,0.0,1.0,6.25,0.84,0.32,21.25,21.1875,21.15625,21.25,-3.7,0.0,12.0,0.0
1.15599,0x220,0.0,0.0,1.0,6.25,0.99,0.36,21.25,21.1875,21.15625,21.25,-3.7,0.0,12.0,0.0
1.15682,0x316,0.0,0.0,1.0,6.25,0.99,0.36,21.25,21.1875,21.15625,21.25,-3.7,0.0,15.0,0.0
1.16168,0x2B0,0.0,0.0,1.0,6.25,0.99,0.36,21.25,21.1875,21.15625,21.25,-3.7,0.0,15.0,0.0
1.16599,0x220,0.0,0.0,1.0,6.25,0.97,0.44,21.25,21.1875,21.15625,21.25,-3.7,0.0,15.0,0.0
1.16622,0x386,0.0,0.0,1.0,6.25,0.97,0.44,21.15625,21.1875,21.125,21.125,-3.7,0.0,15.0,0.0
1.16694,0x316,0.0,0.0,1.0,6.25,0.97,0.44,21.15625,21.1875,21.125,21.125,-3.7,0.0,17.0,0.0
1.17169,0x2B0,0.0,0.0,1.0,6.25,0.97,0.44,21.15625,21.1875,21.125,21.125,-3.7,0.0,17.0,0.0
1.176,0x220,0.0,0.0,1.0,6.25,0.81,0.49,21.15625,21.1875,21.125,21.125,-3.7,0.0,17.0,0.0
1.17684,0x316,0.0,0.0,1.0,6.25,0.81,0.49,21.15625,21.1875,21.125,21.125,-3.7,0.0,17.0,0.0
1.18166,0x2B0,0.0,0.0,1.0,6.25,0.81,0.49,21.15625,21.1875,21.125,21.125,-3.7,0.0,17.0,0.0
1.18599,0x220,0.0,0.0,1.0,6.25,0.64,0.49,21.15625,21.1875,21.125,21.125,-3.7,0.0,17.0,0.0
1.18622,0x386,0.0,0.0,1.0,6.25,0.64,0.49,21.25,21.28125,20.9375,21.09375,-3.7,0.0,17.0,0.0
1.18693,0x316,0.0,0.0,1.0,6.25,0.64,0.49,21.25,21.28125,20.9375,21.09375,-3.7,0.0,20.0,0.0
1.19175,0x2B0,0.0,0.0,1.0,6.25,0.64,0.49,21.25,21.28125,20.9375,21.09375,-3.7,0.0,20.0,0.0
1.19599,0x220,0.0,0.0,1.0,6.25,0.59,0.46,21.25,21.28125,20.9375,21.09375,-3.7,0.0,20.0,0.0
1.19677,0x316,0.0,0.0,1.0,6.25,0.59,0.46,21.25,21.28125,20.9375,21.09375,-3.7,0.0,20.0,0.0
1.20175,0x2B0,0.0,0.0,1.0,6.25,0.59,0.46,21.25,21.28125,20.9375,21.09375,-3.7,0.0,20.0,0.0
1.206,0x220,0.0,0.0,1.0,6.25,0.65,0.4,21.25,21.28125,20.9375,21.09375,-3.7,0.0,20.0,0.0
1.20623,0x386,0.0,0.0,1.0,6.25,0.65,0.4,21.375,21.28125,21.09375,21.0,-3.7,0.0,20.0,0.0
1.20694,0x316,0.0,0.0,1.0,6.25,0.65,0.4,21.375,21.28125,21.09375,21.0,-3.7,0.0,22.0,0.0
1.21175,0x2B0,0.0,0.0,1.0,6.25,0.65,0.4,21.375,21.28125,21.09375,21.0,-3.7,0.0,22.0,0.0
1.21599,0x220,0.0,0.0,1.0,6.25,0.77,0.33,21.375,21.28125,21.09375,21.0,-3.7,0.0,22.0,0.0
1.21702,0x316,0.0,0.0,1.0,6.25,0.77,0.33,21.375,21.28125,21.09375,21.0,-3.7,0.0,22.0,0.0
1.22175,0x2B0,0.0,0.0,1.0,6.25,0.77,0.33,21.375,21.28125,21.09375,21.0,-3.7,0.0,22.0,0.0
1.22599,0x220,0.0,0.0,1.0,6.25,0.85,0.31,21.375,21.28125,21.09375,21.0,-3.7,0.0,22.0,0.0
1.22622,0x386,0.0,0.0,1.0,6.25,0.85,0.31,21.3125,21.21875,21.0,20.90625,-3.7,0.0,22.0,0.0
1.22694,0x316,0.0,0.0,1.0,6.25,0.85,0.31,21.3125,21.21875,21.0,20.90625,-3.7,0.0,22.0,0.0
1.23174,0x2B0,0.0,0.0,1.0,6.25,0.85,0.31,21.3125,21.21875,21.0,20.90625,-3.8,0.0,22.0,0.0
1.23599,0x220,0.0,0.0,1.0,6.25,0.86,0.36,21.3125,21.21875,21.0,20.90625,-3.8,0.0,22.0,0.0
1.23682,0x316,0.0,0.0,1.0,6.25,0.86,0.36,21.3125,21.21875,21.0,20.90625,-3.8,0.0,25.0,0.0
1.24176,0x2B0,0.0,0.0,1.0,6.25,0.86,0.36,21.3125,21.21875,21.0,20.90625,-3.8,0.0,25.0,0.0
1.24599,0x220,0.0,0.0,1.0,6.25,0.84,0.38,21.3125,21.21875,21.0,20.90625,-3.8,0.0,25.0,0.0
1.24622,0x386,0.0,0.0,1.0,6.25,0.84,0.38,21.375,21.28125,20.78125,20.90625,-3.8,0.0,25.0,0.0
1.24693,0x316,0.0,0.0,1.0,6.25,0.84,0.38,21.375,21.28125,20.78125,20.90625,-3.8,0.0,28.0,0.0
1.25176,0x2B0,0.0,0.0,1.0,6.25,0.84,0.38,21.375,21.28125,20.78125,20.90625,-3.9,0.0,28.0,0.0
1.25599,0x220,0.0,0.0,1.0,6.25,0.92,0.34,21.375,21.28125,20.78125,20.90625,-3.9,0.0,28.0,0.0
1.25683,0x316,0.0,0.0,1.0,6.25,0.92,0.34,21.375,21.28125,20.78125,20.90625,-3.9,0.0,28.0,0.0
1.26173,0x2B0,0.0,0.0,1.0,6.25,0.92,0.34,21.375,21.28125,20.78125,20.90625,-3.9,0.0,28.0,0.0
1.266,0x220,0.0,0.0,1.0,6.25,1.17,0.3,21.375,21.28125,20.78125,20.90625,-3.9,0.0,28.0,0.0
1.26623,0x386,0.0,0.0,1.0,6.25,1.17,0.3,21.3125,21.25,20.71875,20.8125,-3.9,0.0,28.0,0.0
1.26694,0x316,0.0,0.0,1.0,6.25,1.17,0.3,21.3125,21.25,20.71875,20.8125,-3.9,0.0,28.0,0.0
1.27174,0x2B0,0.0,0.0,1.0,6.25,1.17,0.3,21.3125,21.25,20.71875,20.8125,-4.1,8.0,28.0,0.0
1.27599,0x220,0.0,0.0,1.0,6.25,1.54,0.23,21.3125,21.25,20.71875,20.8125,-4.1,8.0,28.0,0.0
1.27677,0x316,0.0,0.0,1.0,6.25,1.54,0.23,21.3125,21.25,20.71875,20.8125,-4.1,8.0,28.0,0.0
1.28176,0x2B0,0.0,0.0,1.0,6.25,1.54,0.23,21.3125,21.25,20.71875,20.8125,-4.1,8.0,28.0,0.0
1.28599,0x220,0.0,0.0,1.0,6.25,1.91,0.1,21.3125,21.25,20.71875,20.8125,-4.1,8.0,28.0,0.0
1.28622,0x386,0.0,0.0,1.0,6.25,1.91,0.1,21.40625,21.34375,20.65625,20.8125,-4.1,8.0,28.0,0.0
1.28693,0x316,0.0,0.0,1.0,6.25,1.91,0.1,21.40625,21.34375,20.65625,20.8125,-4.1,8.0,28.0,0.0
1.29175,0x2B0,0.0,0.0,1.0,6.25,1.91,0.1,21.40625,21.34375,20.65625,20.8125,-4.3,8.0,28.0,0.0
1.29598,0x220,0.0,0.0,1.0,6.25,2.02,0.0,21.40625,21.34375,20.65625,20.8125,-4.3,8.0,28.0,0.0
1.29685,0x316,0.0,0.0,1.0,6.25,2.02,0.0,21.40625,21.34375,20.65625,20.8125,-4.3,8.0,28.0,0.0
1.30174,0x2B0,0.0,0.0,1.0,6.25,2.02,0.0,21.40625,21.34375,20.65625,20.8125,-4.4,12.0,28.0,0.0
1.30599,0x220,0.0,0.0,1.0,6.25,1.82,-0.06,21.40625,21.34375,20.65625,20.8125,-4.4,12.0,28.0,0.0
1.30621,0x386,0.0,0.0,1.0,6.25,1.82,-0.06,21.34375,21.28125,20.53125,20.8125,-4.4,12.0,28.0,0.0
1.30693,0x316,0.0,0.0,1.0,6.25,1.82,-0.06,21.34375,21.28125,20.53125,20.8125,-4.4,12.0,28.0,0.0
1.31178,0x2B0,0.0,0.0,1.0,6.25,1.82,-0.06,21.34375,21.28125,20.53125,20.8125,-4.6,12.0,28.0,0.0
1.316,0x220,0.0,0.0,1.0,6.25,1.55,-0.03,21.34375,21.28125,20.53125,20.8125,-4.6,12.0,28.0,0.0
1.31705,0x316,0.0,0.0,1.0,6.25,1.55,-0.03,21.34375,21.28125,20.53125,20.8125,-4.6,12.0,25.0,0.0
1.32176,0x2B0,0.0,0.0,1.0,6.25,1.55,-0.03,21.34375,21.28125,20.53125,20.8125,-4.8,20.0,25.0,0.0
1.32599,0x220,0.0,0.0,1.0,6.25,1.4,0.0,21.34375,21.28125,20.53125,20.8125,-4.8,20.0,25.0,0.0
1.32622,0x386,0.0,0.0,1.0,6.25,1.4,0.0,21.3125,21.375,20.53125,20.6875,-4.8,20.0,25.0,0.0
1.32693,0x316,0.0,0.0,1.0,6.25,1.4,0.0,21.3125,21.375,20.53125,20.6875,-4.8,20.0,25.0,0.0
1.33175,0x2B0,0.0,0.0,1.0,6.25,1.4,0.0,21.3125,21.375,20.53125,20.6875,-4.8,8.0,25.0,0.0
1.33599,0x220,0.0,0.0,1.0,6.25,1.47,-0.07,21.3125,21.375,20.53125,20.6875,-4.8,8.0,25.0,0.0
1.33692,0x316,0.0,0.0,1.0,6.25,1.47,-0.07,21.3125,21.375,20.53125,20.6875,-4.8,8.0,20.0,0.0
1.34174,0x2B0,0.0,0.0,1.0,6.25,1.47,-0.07,21.3125,21.375,20.53125,20.6875,-5.1,12.0,20.0,0.0
1.34599,0x220,0.0,0.0,1.0,6.25,1.69,-0.25,21.3125,21.375,20.53125,20.6875,-5.1,12.0,20.0,0.0
1.34621,0x386,0.0,0.0,1.0,6.25,1.69,-0.25,21.25,21.25,20.4375,20.5625,-5.1,12.0,20.0,0.0
1.34692,0x316,0.0,0.0,1.0,6.25,1.69,-0.25,21.25,21.25,20.4375,20.5625,-5.1,12.0,17.0,0.0
1.35174,0x2B0,0.0,0.0,1.0,6.25,1.69,-0.25,21.25,21.25,20.4375,20.5625,-5.1,12.0,17.0,0.0
1.356,0x220,0.0,0.0,1.0,6.25,1.92,-0.36,21.25,21.25,20.4375,20.5625,-5.1,12.0,17.0,0.0
1.35682,0x316,0.0,0.0,1.0,6.25,1.92,-0.36,21.25,21.25,20.4375,20.5625,-5.1,12.0,17.0,0.0
1.36176,0x2B0,0.0,0.0,1.0,6.25,1.92,-0.36,21.25,21.25,20.4375,20.5625,-5.3,8.0,17.0,0.0
1.36599,0x220,0.0,0.0,1.0,6.25,1.95,-0.3,21.25,21.25,20.4375,20.5625,-5.3,8.0,17.0,0.0
1.36622,0x386,0.0,0.0,1.0,6.25,1.95,-0.3,21.21875,21.3125,20.625,20.8125,-5.3,8.0,17.0,0.0
1.36694,0x316,0.0,0.0,1.0,6.25,1.95,-0.3,21.21875,21.3125,20.625,20.8125,-5.3,8.0,15.0,0.0
1.37177,0x2B0,0.0,0.0,1.0,6.25,1.95,-0.3,21.21875,21.3125,20.625,20.8125,-5.5,20.0,15.0,0.0
1.376,0x220,0.0,0.0,1.0,6.25,1.81,-0.22,21.21875,21.3125,20.625,20.8125,-5.5,20.0,15.0,0.0
1.37685,0x316,0.0,0.0,1.0,6.25,1.81,-0.22,21.21875,21.3125,20.625,20.8125,-5.5,20.0,15.0,0.0
1.38176,0x2B0,0.0,0.0,1.0,6.25,1.81,-0.22,21.21875,21.3125,20.625,20.8125,-5.5,8.0,15.0,0.0
1.38599,0x220,0.0,0.0,1.0,6.25,1.57,-0.28,21.21875,21.3125,20.625,20.8125,-5.5,8.0,15.0,0.0
1.38623,0x386,0.0,0.0,1.0,6.25,1.57,-0.28,21.09375,21.1875,20.625,20.6875,-5.5,8.0,15.0,0.0
1.38694,0x316,0.0,0.0,1.0,6.25,1.57,-0.28,21.09375,21.1875,20.625,20.6875,-5.5,8.0,15.0,0.0
1.39177,0x2B0,0.0,0.0,1.0,6.25,1.57,-0.28,21.09375,21.1875,20.625,20.6875,-5.7,8.0,15.0,0.0
1.396,0x220,0.0,0.0,1.0,6.25,1.3,-0.35,21.09375,21.1875,20.625,20.6875,-5.7,8.0,15.0,0.0
1.39677,0x316,0.0,0.0,1.0,6.25,1.3,-0.35,21.09375,21.1875,20.625,20.6875,-5.7,8.0,15.0,0.0
1.40178,0x2B0,0.0,0.0,1.0,6.25,1.3,-0.35,21.09375,21.1875,20.625,20.6875,-5.7,8.0,15.0,0.0
1.40599,0x220,0.0,0.0,1.0,6.25,1.13,-0.33,21.09375,21.1875,20.625,20.6875,-5.7,8.0,15.0,0.0
1.40622,0x386,0.0,0.0,1.0,6.25,1.13,-0.33,21.0625,21.09375,20.5625,20.625,-5.7,8.0,15.0,0.0
1.40694,0x316,0.0,0.0,1.0,6.25,1.13,-0.33,21.0625,21.09375,20.5625,20.625,-5.7,8.0,17.0,0.0
1.41177,0x2B0,0.0,0.0,1.0,6.25,1.13,-0.33,21.0625,21.09375,20.5625,20.625,-5.9,8.0,17.0,0.0
1.41599,0x220,0.0,0.0,1.0,6.25,1.12,-0.24,21.0625,21.09375,20.5625,20.625,-5.9,8.0,17.0,0.0
1.41702,0x316,0.0,0.0,1.0,6.25,1.12,-0.24,21.0625,21.09375,20.5625,20.625,-5.9,8.0,20.0,0.0
1.42179,0x2B0,0.0,0.0,1.0,6.25,1.12,-0.24,21.0625,21.09375,20.5625,20.625,-6.1,20.0,20.0,0.0
1.42599,0x220,0.0,0.0,1.0,6.25,1.17,-0.13,21.0625,21.09375,20.5625,20.625,-6.1,20.0,20.0,0.0
1.42622,0x386,0.0,0.0,1.0,6.25,1.17,-0.13,21.0,21.0625,20.4375,20.59375,-6.1,20.0,20.0,0.0
1.42694,0x316,0.0,0.0,1.0,6.25,1.17,-0.13,21.0,21.0625,20.4375,20.59375,-6.1,20.0,20.0,0.0
1.43178,0x2B0,0.0,0.0,1.0,6.25,1.17,-0.13,21.0,21.0625,20.4375,20.59375,-6.1,8.0,20.0,0.0
1.43599,0x220,0.0,0.0,1.0,6.25,1.24,-0.04,21.0,21.0625,20.4375,20.59375,-6.1,8.0,20.0,0.0
1.43682,0x316,0.0,0.0,1.0,6.25,1.24,-0.04,21.0,21.0625,20.4375,20.59375,-6.1,8.0,22.0,0.0
1.44178,0x2B0,0.0,0.0,1.0,6.25,1.24,-0.04,21.0,21.0625,20.4375,20.59375,-6.3,8.0,22.0,0.0
1.446,0x220,0.0,0.0,1.0,6.25,1.25,0.0,21.0,21.0625,20.4375,20.59375,-6.3,8.0,22.0,0.0
1.44623,0x386,0.0,0.0,1.0,6.25,1.25,0.0,20.96875,21.0,20.65625,20.625,-6.3,8.0,22.0,0.0
1.44694,0x316,0.0,0.0,1.0,6.25,1.25,0.0,20.96875,21.0,20.65625,20.625,-6.3,8.0,25.0,0.0
1.45172,0x2B0,0.0,0.0,1.0,6.25,1.25,0.0,20.96875,21.0,20.65625,20.625,-6.3,8.0,25.0,0.0
1.45599,0x220,0.0,0.0,1.0,6.25,1.14,-0.03,20.96875,21.0,20.65625,20.625,-6.3,8.0,25.0,0.0
1.45687,0x316,0.0,0.0,1.0,6.25,1.14,-0.03,20.96875,21.0,20.65625,20.625,-6.3,8.0,25.0,0.0
1.46171,0x2B0,0.0,0.0,1.0,6.25,1.14,-0.03,20.96875,21.0,20.65625,20.625,-6.5,8.0,25.0,0.0
1.466,0x220,0.0,0.0,1.0,6.25,1.04,-0.09,20.96875,21.0,20.65625,20.625,-6.5,8.0,25.0,0.0
1.46623,0x386,0.0,0.0,1.0,6.25,1.04,-0.09,20.96875,20.96875,20.65625,20.6875,-6.5,8.0,25.0,0.0
1.46693,0x316,0.0,0.0,1.0,6.25,1.04,-0.09,20.96875,20.96875,20.65625,20.6875,-6.5,8.0,25.0,0.0
1.47171,0x2B0,0.0,0.0,1.0,6.25,1.04,-0.09,20.96875,20.96875,20.65625,20.6875,-6.5,8.0,25.0,0.0
1.476,0x220,0.0,0.0,1.0,6.25,0.94,-0.11,20.96875,20.96875,20.65625,20.6875,-6.5,8.0,25.0,0.0
1.47675,0x316,0.0,0.0,1.0,6.25,0.94,-0.11,20.96875,20.96875,20.65625,20.6875,-6.5,8.0,25.0,0.0
1.48169,0x2B0,0.0,0.0,1.0,6.25,0.94,-0.11,20.96875,20.96875,20.65625,20.6875,-6.6,0.0,25.0,0.0
1.48599,0x220,0.0,0.0,1.0,6.25,0.85,-0.05,20.96875,20.96875,20.65625,20.6875,-6.6,0.0,25.0,0.0
1.48622,0x386,0.0,0.0,1.0,6.25,0.85,-0.05,20.96875,20.9375,20.59375,20.5625,-6.6,0.0,25.0,0.0
1.48693,0x316,0.0,0.0,1.0,6.25,0.85,-0.05,20.96875,20.9375,20.59375,20.5625,-6.6,0.0,25.0,0.0
1.49171,0x2B0,0.0,0.0,1.0,6.25,0.85,-0.05,20.96875,20.9375,20.59375,20.5625,-6.6,0.0,25.0,0.0
1.496,0x220,0.0,0.0,1.0,6.25,0.76,0.05,20.96875,20.9375,20.59375,20.5625,-6.6,0.0,25.0,0.0
1.49682,0x316,0.0,0.0,1.0,6.25,0.76,0.05,20.96875,20.9375,20.59375,20.5625,-6.6,0.0,22.0,0.0
1.50169,0x2B0,0.0,0.0,1.0,6.25,0.76,0.05,20.96875,20.9375,20.59375,20.5625,-6.7,0.0,22.0,0.0
1.506,0x220,0.0,0.0,1.0,6.25,0.72,0.18,20.96875,20.9375,20.59375,20.5625,-6.7,0.0,22.0,0.0
1.50622,0x386,0.0,0.0,1.0,6.25,0.72,0.18,21.03125,20.96875,20.65625,20.5,-6.7,0.0,22.0,0.0
1.50695,0x316,0.0,0.0,1.0,6.25,0.72,0.18,21.03125,20.96875,20.65625,20.5,-6.7,0.0,22.0,0.0
1.51171,0x2B0,0.0,0.0,1.0,6.25,0.72,0.18,21.03125,20.96875,20.65625,20.5,-6.7,0.0,22.0,0.0
1.516,0x220,0.0,0.0,1.0,6.25,0.77,0.23,21.03125,20.96875,20.65625,20.5,-6.7,0.0,22.0,0.0
1.51698,0x316,0.0,0.0,1.0,6.25,0.77,0.23,21.03125,20.96875,20.65625,20.5,-6.7,0.0,22.0,0.0
1.52171,0x2B0,0.0,0.0,1.0,6.25,0.77,0.23,21.03125,20.96875,20.65625,20.5,-6.7,0.0,22.0,0.0
1.526,0x220,0.0,0.0,1.0,6.25,0.84,0.16,21.03125,20.96875,20.65625,20.5,-6.7,0.0,22.0,0.0
1.52623,0x386,0.0,0.0,1.0,6.25,0.84,0.16,21.0,20.96875,20.53125,20.5,-6.7,0.0,22.0,0.0
1.52695,0x316,0.0,0.0,1.0,6.25,0.84,0.16,21.0,20.96875,20.53125,20.5,-6.7,0.0,22.0,0.0
1.5317,0x2B0,0.0,0.0,1.0,6.25,0.84,0.16,21.0,20.96875,20.53125,20.5,-6.7,0.0,22.0,0.0
1.536,0x220,0.0,0.0,1.0,6.25,0.87,0.09,21.0,20.96875,20.53125,20.5,-6.7,0.0,22.0,0.0
1.53686,0x316,0.0,0.0,1.0,6.25,0.87,0.09,21.0,20.96875,20.53125,20.5,-6.7,0.0,22.0,0.0
1.5417,0x2B0,0.0,0.0,1.0,6.25,0.87,0.09,21.0,20.96875,20.53125,20.5,-6.7,0.0,22.0,0.0
1.546,0x220,0.0,0.0,1.0,6.25,0.84,0.11,21.0,20.96875,20.53125,20.5,-6.7,0.0,22.0,0.0
1.54622,0x386,0.0,0.0,1.0,6.25,0.84,0.11,21.03125,20.9375,20.4375,20.5625,-6.7,0.0,22.0,0.0
1.54694,0x316,0.0,0.0,1.0,6.25,0.84,0.11,21.03125,20.9375,20.4375,20.5625,-6.7,0.0,22.0,0.0
1.55171,0x2B0,0.0,0.0,1.0,6.25,0.84,0.11,21.03125,20.9375,20.4375,20.5625,-6.7,0.0,22.0,0.0
1.556,0x220,0.0,0.0,1.0,6.25,0.79,0.15,21.03125,20.9375,20.4375,20.5625,-6.7,0.0,22.0,0.0
1.55678,0x316,0.0,0.0,1.0,6.25,0.79,0.15,21.03125,20.9375,20.4375,20.5625,-6.7,0.0,25.0,0.0
1.56169,0x2B0,0.0,0.0,1.0,6.25,0.79,0.15,21.03125,20.9375,20.4375,20.5625,-6.7,0.0,25.0,0.0
1.566,0x220,0.0,0.0,1.0,6.25,0.76,0.17,21.03125,20.9375,20.4375,20.5625,-6.7,0.0,25.0,0.0
1.56623,0x386,0.0,0.0,1.0,6.25,0.76,0.17,21.0625,20.96875,20.4375,20.5625,-6.7,0.0,25.0,0.0
1.56695,0x316,0.0,0.0,1.0,6.25,0.76,0.17,21.0625,20.96875,20.4375,20.5625,-6.7,0.0,25.0,0.0
1.5717,0x2B0,0.0,0.0,1.0,6.25,0.76,0.17,21.0625,20.96875,20.4375,20.5625,-6.7,0.0,25.0,0.0
1.576,0x220,0.0,0.0,1.0,6.25,0.74,0.21,21.0625,20.96875,20.4375,20.5625,-6.7,0.0,25.0,0.0
1.57683,0x316,0.0,0.0,1.0,6.25,0.74,0.21,21.0625,20.96875,20.4375,20.5625,-6.7,0.0,28.0,0.0
1.5817,0x2B0,0.0,0.0,1.0,6.25,0.74,0.21,21.0625,20.96875,20.4375,20.5625,-6.7,0.0,28.0,0.0
1.586,0x220,0.0,0.0,1.0,6.25,0.8,0.25,21.0625,20.96875,20.4375,20.5625,-6.7,0.0,28.0,0.0
1.58624,0x386,0.0,0.0,1.0,6.25,0.8,0.25,21.0,20.96875,20.5,20.625,-6.7,0.0,28.0,0.0
1.58695,0x316,0.0,0.0,1.0,6.25,0.8,0.25,21.0,20.96875,20.5,20.625,-6.7,0.0,28.0,0.0
1.59163,0x2B0,0.0,0.0,1.0,6.25,0.8,0.25,21.0,20.96875,20.5,20.625,-6.7,0.0,28.0,0.0
1.596,0x220,0.0,0.0,1.0,6.25,0.88,0.25,21.0,20.96875,20.5,20.625,-6.7,0.0,28.0,0.0
1.59678,0x316,0.0,0.0,1.0,6.25,0.88,0.25,21.0,20.96875,20.5,20.625,-6.7,0.0,28.0,0.0
1.60163,0x2B0,0.0,0.0,1.0,6.25,0.88,0.25,21.0,20.96875,20.5,20.625,-6.7,0.0,28.0,0.0
1.606,0x220,0.0,0.0,1.0,6.25,0.94,0.2,21.0,20.96875,20.5,20.625,-6.7,0.0,28.0,0.0
1.60622,0x386,0.0,0.0,1.0,6.25,0.94,0.2,21.0625,20.96875,20.375,20.59375,-6.7,0.0,28.0,0.0
1.60693,0x316,0.0,0.0,1.0,6.25,0.94,0.2,21.0625,20.96875,20.375,20.59375,-6.7,0.0,28.0,0.0
1.61164,0x2B0,0.0,0.0,1.0,6.25,0.94,0.2,21.0625,20.96875,20.375,20.59375,-6.7,0.0,28.0,0.0
1.616,0x220,0.0,0.0,1.0,6.25,1.09,0.18,21.0625,20.96875,20.375,20.59375,-6.7,0.0,28.0,0.0
1.61701,0x316,0.0,0.0,1.0,6.25,1.09,0.18,21.0625,20.96875,20.375,20.59375,-6.7,0.0,28.0,0.0
1.62162,0x2B0,0.0,0.0,1.0,6.25,1.09,0.18,21.0625,20.96875,20.375,20.59375,-6.7,0.0,28.0,0.0
1.626,0x220,0.0,0.0,1.0,6.25,1.2,0.16,21.0625,20.96875,20.375,20.59375,-6.7,0.0,28.0,0.0
1.62623,0x386,0.0,0.0,1.0,6.25,1.2,0.16,20.96875,21.09375,20.25,20.53125,-6.7,0.0,28.0,0.0
1.62694,0x316,0.0,0.0,1.0,6.25,1.2,0.16,20.96875,21.09375,20.25,20.53125,-6.7,0.0,28.0,0.0
1.63163,0x2B0,0.0,0.0,1.0,6.25,1.2,0.16,20.96875,21.09375,20.25,20.53125,-6.7,0.0,28.0,0.0
1.636,0x220,0.0,0.0,1.0,6.25,1.22,0.15,20.96875,21.09375,20.25,20.53125,-6.7,0.0,28.0,0.0
1.63682,0x316,0.0,0.0,1.0,6.25,1.22,0.15,20.96875,21.09375,20.25,20.53125,-6.7,0.0,25.0,0.0
1.64163,0x2B0,0.0,0.0,1.0,6.25,1.22,0.15,20.96875,21.09375,20.25,20.53125,-6.7,0.0,25.0,0.0
1.646,0x220,0.0,0.0,1.0,6.25,1.19,0.17,20.96875,21.09375,20.25,20.53125,-6.7,0.0,25.0,0.0
1.64622,0x386,0.0,0.0,1.0,6.25,1.19,0.17,21.0625,20.9375,20.375,20.625,-6.7,0.0,25.0,0.0
1.64693,0x316,0.0,0.0,1.0,6.25,1.19,0.17,21.0625,20.9375,20.375,20.625,-6.7,0.0,25.0,0.0
1.65162,0x2B0,0.0,0.0,1.0,6.25,1.19,0.17,21.0625,20.9375,20.375,20.625,-6.7,0.0,25.0,0.0
1.656,0x220,0.0,0.0,1.0,6.25,1.13,0.19,21.0625,20.9375,20.375,20.625,-6.7,0.0,25.0,0.0
1.65684,0x316,0.0,0.0,1.0,6.25,1.13,0.19,21.0625,20.9375,20.375,20.625,-6.7,0.0,25.0,0.0
1.66162,0x2B0,0.0,0.0,1.0,6.25,1.13,0.19,21.0625,20.9375,20.375,20.625,-6.7,0.0,25.0,0.0
1.66601,0x220,0.0,0.0,1.0,6.25,1.07,0.15,21.0625,20.9375,20.375,20.625,-6.7,0.0,25.0,0.0
1.66624,0x386,0.0,0.0,1.0,6.25,1.07,0.15,21.0,21.0,20.3125,20.5,-6.7,0.0,25.0,0.0
1.66695,0x316,0.0,0.0,1.0,6.25,1.07,0.15,21.0,21.0,20.3125,20.5,-6.7,0.0,25.0,0.0
1.67162,0x2B0,0.0,0.0,1.0,6.25,1.07,0.15,21.0,21.0,20.3125,20.5,-6.7,0.0,25.0,0.0
1.67601,0x220,0.0,0.0,1.0,6.25,1.05,0.01,21.0,21.0,20.3125,20.5,-6.7,0.0,25.0,0.0
1.67674,0x316,0.0,0.0,1.0,6.25,1.05,0.01,21.0,21.0,20.3125,20.5,-6.7,0.0,25.0,0.0
1.68162,0x2B0,0.0,0.0,1.0,6.25,1.05,0.01,21.0,21.0,20.3125,20.5,-6.7,0.0,25.0,0.0
1.686,0x220,0.0,0.0,1.0,6.25,0.98,-0.13,21.0,21.0,20.3125,20.5,-6.7,0.0,25.0,0.0
1.68623,0x386,0.0,0.0,1.0,6.25,0.98,-0.13,20.84375,21.0625,20.125,20.5625,-6.7,0.0,25.0,0.0
1.68695,0x316,0.0,0.0,1.0,6.25,0.98,-0.13,20.84375,21.0625,20.125,20.5625,-6.7,0.0,25.0,0.0
1.69164,0x2B0,0.0,0.0,1.0,6.25,0.98,-0.13,20.84375,21.0625,20.125,20.5625,-6.7,0.0,25.0,0.0
1.696,0x220,0.0,0.0,1.0,6.25,0.84,-0.16,20.84375,21.0625,20.125,20.5625,-6.7,0.0,25.0,0.0
1.69676,0x316,0.0,0.0,1.0,6.25,0.84,-0.16,20.84375,21.0625,20.125,20.5625,-6.7,0.0,25.0,0.0
1.70163,0x2B0,0.0,0.0,1.0,6.25,0.84,-0.16,20.84375,21.0625,20.125,20.5625,-6.7,0.0,25.0,0.0
1.706,0x220,0.0,0.0,1.0,6.25,0.83,0.01,20.84375,21.0625,20.125,20.5625,-6.7,0.0,25.0,0.0
1.70623,0x386,0.0,0.0,1.0,6.25,0.83,0.01,20.90625,20.84375,19.90625,20.375,-6.7,0.0,25.0,0.0
1.70694,0x316,0.0,0.0,1.0,6.25,0.83,0.01,20.90625,20.84375,19.90625,20.375,-6.7,0.0,25.0,0.0
1.71163,0x2B0,0.0,0.0,1.0,6.25,0.83,0.01,20.90625,20.84375,19.90625,20.375,-6.7,0.0,25.0,0.0
1.71601,0x220,0.0,0.0,1.0,6.25,1.05,0.26,20.90625,20.84375,19.90625,20.375,-6.7,0.0,25.0,0.0
1.7169,0x316,0.0,0.0,1.0,6.25,1.05,0.26,20.90625,20.84375,19.90625,20.375,-6.7,0.0,25.0,0.0
1.72164,0x2B0,0.0,0.0,1.0,6.25,1.05,0.26,20.90625,20.84375,19.90625,20.375,-6.7,0.0,25.0,0.0
1.72599,0x220,0.0,0.0,1.0,6.25,1.46,0.34,20.90625,20.84375,19.90625,20.375,-6.7,0.0,25.0,0.0
1.72622,0x386,0.0,0.0,1.0,6.25,1.46,0.34,20.78125,20.875,20.4375,20.28125,-6.7,0.0,25.0,0.0
1.72694,0x316,0.0,0.0,1.0,6.25,1.46,0.34,20.78125,20.875,20.4375,20.28125,-6.7,0.0,25.0,0.0
1.73164,0x2B0,0.0,0.0,1.0,6.25,1.46,0.34,20.78125,20.875,20.4375,20.28125,-6.7,0.0,25.0,0.0
1.736,0x220,0.0,0.0,1.0,6.25,1.82,0.26,20.78125,20.875,20.4375,20.28125,-6.7,0.0,25.0,0.0
1.73686,0x316,0.0,0.0,1.0,6.25,1.82,0.26,20.78125,20.875,20.4375,20.28125,-6.7,0.0,25.0,0.0
1.74164,0x2B0,0.0,0.0,1.0,6.25,1.82,0.26,20.78125,20.875,20.4375,20.28125,-6.7,0.0,25.0,0.0
1.746,0x220,0.0,0.0,1.0,6.25,1.96,0.16,20.78125,20.875,20.4375,20.28125,-6.7,0.0,25.0,0.0
1.74623,0x386,0.0,0.0,1.0,6.25,1.96,0.16,20.71875,20.96875,20.8125,20.625,-6.7,0.0,25.0,0.0
1.74695,0x316,0.0,0.0,1.0,6.25,1.96,0.16,20.71875,20.96875,20.8125,20.625,-6.7,0.0,25.0,0.0
1.75163,0x2B0,0.0,0.0,1.0,6.25,1.96,0.16,20.71875,20.96875,20.8125,20.625,-6.7,0.0,25.0,0.0
1.756,0x220,0.0,0.0,1.0,6.25,1.85,0.01,20.71875,20.96875,20.8125,20.625,-6.7,0.0,25.0,0.0
1.75677,0x316,0.0,0.0,1.0,6.25,1.85,0.01,20.71875,20.96875,20.8125,20.625,-6.7,0.0,25.0,0.0
1.76173,0x2B0,0.0,0.0,1.0,6.25,1.85,0.01,20.71875,20.96875,20.8125,20.625,-6.7,0.0,25.0,0.0
1.766,0x220,0.0,0.0,1.0,6.25,1.58,-0.08,20.71875,20.96875,20.8125,20.625,-6.7,0.0,25.0,0.0
1.76623,0x386,0.0,0.0,1.0,6.25,1.58,-0.08,20.90625,20.78125,20.53125,20.625,-6.7,0.0,25.0,0.0
1.76696,0x316,0.0,0.0,1.0,6.25,1.58,-0.08,20.90625,20.78125,20.53125,20.625,-6.7,0.0,28.0,0.0
1.7717,0x2B0,0.0,0.0,1.0,6.25,1.58,-0.08,20.90625,20.78125,20.53125,20.625,-6.6,0.0,28.0,0.0
1.776,0x220,0.0,0.0,1.0,6.25,1.43,0.04,20.90625,20.78125,20.53125,20.625,-6.6,0.0,28.0,0.0
1.77677,0x316,0.0,0.0,1.0,6.25,1.43,0.04,20.90625,20.78125,20.53125,20.625,-6.6,0.0,28.0,0.0
1.78172,0x2B0,0.0,0.0,1.0,6.25,1.43,0.04,20.90625,20.78125,20.53125,20.625,-6.6,0.0,28.0,0.0
1.786,0x220,0.0,0.0,1.0,6.25,1.57,0.23,20.90625,20.78125,20.53125,20.625,-6.6,0.0,28.0,0.0
1.78623,0x386,0.0,0.0,1.0,6.25,1.57,0.23,20.65625,21.0,20.65625,20.5625,-6.6,0.0,28.0,0.0
1.78694,0x316,0.0,0.0,1.0,6.25,1.57,0.23,20.65625,21.0,20.65625,20.5625,-6.6,0.0,30.0,0.0
1.7917,0x2B0,0.0,0.0,1.0,6.25,1.57,0.23,20.65625,21.0,20.65625,20.5625,-6.6,0.0,30.0,0.0
1.79601,0x220,0.0,0.0,1.0,6.25,1.88,0.0,20.65625,21.0,20.65625,20.5625,-6.6,0.0,30.0,0.0
1.79677,0x316,0.0,0.0,1.0,6.25,1.88,0.0,20.65625,21.0,20.65625,20.5625,-6.6,0.0,33.0,0.0
1.80165,0x2B0,0.0,0.0,1.0,6.25,1.88,0.0,20.65625,21.0,20.65625,20.5625,-6.6,0.0,33.0,0.0
1.806,0x220,0.0,0.0,1.0,6.25,1.97,-0.47,20.65625,21.0,20.65625,20.5625,-6.6,0.0,33.0,0.0
1.80623,0x386,0.0,0.0,1.0,6.25,1.97,-0.47,20.75,20.75,20.6875,20.5,-6.6,0.0,33.0,0.0
1.80695,0x316,0.0,0.0,1.0,6.25,1.97,-0.47,20.75,20.75,20.6875,20.5,-6.6,0.0,33.0,0.0
1.81166,0x2B0,0.0,0.0,1.0,6.25,1.97,-0.47,20.75,20.75,20.6875,20.5,-6.4,8.0,33.0,0.0
1.816,0x220,0.0,0.0,1.0,6.25,1.69,-0.47,20.75,20.75,20.6875,20.5,-6.4,8.0,33.0,0.0
1.81692,0x316,0.0,0.0,1.0,6.25,1.69,-0.47,20.75,20.75,20.6875,20.5,-6.4,8.0,33.0,0.0
1.82167,0x2B0,0.0,0.0,1.0,6.25,1.69,-0.47,20.75,20.75,20.6875,20.5,-6.4,8.0,33.0,0.0
1.826,0x220,0.0,0.0,1.0,6.25,1.23,0.06,20.75,20.75,20.6875,20.5,-6.4,8.0,33.0,0.0
1.82622,0x386,0.0,0.0,1.0,6.25,1.23,0.06,21.0625,20.84375,20.5625,20.625,-6.4,8.0,33.0,0.0
1.82694,0x316,0.0,0.0,1.0,6.25,1.23,0.06,21.0625,20.84375,20.5625,20.625,-6.4,8.0,33.0,0.0
1.83167,0x2B0,0.0,0.0,1.0,6.25,1.23,0.06,21.0625,20.84375,20.5625,20.625,-6.4,0.0,33.0,0.0
1.83601,0x220,0.0,0.0,1.0,6.25,1.01,0.41,21.0625,20.84375,20.5625,20.625,-6.4,0.0,33.0,0.0
1.83683,0x316,0.0,0.0,1.0,6.25,1.01,0.41,21.0625,20.84375,20.5625,20.625,-6.4,0.0,30.0,0.0
1.8417,0x2B0,0.0,0.0,1.0,6.25,1.01,0.41,21.0625,20.84375,20.5625,20.625,-6.4,0.0,30.0,0.0
1.84601,0x220,0.0,0.0,1.0,6.25,1.11,0.01,21.0625,20.84375,20.5625,20.625,-6.4,0.0,30.0,0.0
1.84624,0x386,0.0,0.0,1.0,6.25,1.11,0.01,20.9375,21.0625,20.53125,20.59375,-6.4,0.0,30.0,0.0
1.84696,0x316,0.0,0.0,1.0,6.25,1.11,0.01,20.9375,21.0625,20.53125,20.59375,-6.4,0.0,30.0,0.0
1.85165,0x2B0,0.0,0.0,1.0,6.25,1.11,0.01,20.9375,21.0625,20.53125,20.59375,-6.4,0.0,30.0,0.0
1.856,0x220,0.0,0.0,1.0,6.25,1.18,-0.65,20.9375,21.0625,20.53125,20.59375,-6.4,0.0,30.0,0.0
1.85676,0x316,0.0,0.0,1.0,6.25,1.18,-0.65,20.9375,21.0625,20.53125,20.59375,-6.4,0.0,30.0,0.0
1.86173,0x2B0,0.0,0.0,1.0,6.25,1.18,-0.65,20.9375,21.0625,20.53125,20.59375,-6.4,0.0,30.0,0.0
1.86601,0x220,0.0,0.0,1.0,6.25,1.08,-0.8,20.9375,21.0625,20.53125,20.59375,-6.4,0.0,30.0,0.0
1.86624,0x386,0.0,0.0,1.0,6.25,1.08,-0.8,21.125,20.84375,20.3125,20.53125,-6.4,0.0,30.0,0.0
1.86696,0x316,0.0,0.0,1.0,6.25,1.08,-0.8,21.125,20.84375,20.3125,20.53125,-6.4,0.0,30.0,0.0
1.87168,0x2B0,0.0,0.0,1.0,6.25,1.08,-0.8,21.125,20.84375,20.3125,20.53125,-6.3,0.0,30.0,0.0
1.87601,0x220,0.0,0.0,1.0,6.25,0.95,-0.01,21.125,20.84375,20.3125,20.53125,-6.3,0.0,30.0,0.0
1.87677,0x316,0.0,0.0,1.0,6.25,0.95,-0.01,21.125,20.84375,20.3125,20.53125,-6.3,0.0,30.0,0.0
1.88165,0x2B0,0.0,0.0,1.0,6.25,0.95,-0.01,21.125,20.84375,20.3125,20.53125,-6.3,0.0,30.0,0.0
1.88601,0x220,0.0,0.0,1.0,6.25,0.93,0.79,21.125,20.84375,20.3125,20.53125,-6.3,0.0,30.0,0.0
1.88625,0x386,0.0,0.0,1.0,6.25,0.93,0.79,20.9375,21.0,20.34375,20.5,-6.3,0.0,30.0,0.0
1.88695,0x316,0.0,0.0,1.0,6.25,0.93,0.79,20.9375,21.0,20.34375,20.5,-6.3,0.0,30.0,0.0
1.89165,0x2B0,0.0,0.0,1.0,6.25,0.93,0.79,20.9375,21.0,20.34375,20.5,-6.3,0.0,30.0,0.0
1.89601,0x220,0.0,0.0,1.0,6.25,0.97,0.78,20.9375,21.0,20.34375,20.5,-6.3,0.0,30.0,0.0
1.89673,0x316,0.0,0.0,1.0,6.25,0.97,0.78,20.9375,21.0,20.34375,20.5,-6.3,0.0,30.0,0.0
1.90179,0x2B0,0.0,0.0,1.0,6.25,0.97,0.78,20.9375,21.0,20.34375,20.5,-6.3,0.0,30.0,0.0
1.90601,0x220,0.0,0.0,1.0,6.25,0.86,0.02,20.9375,21.0,20.34375,20.5,-6.3,0.0,30.0,0.0
1.90623,0x386,0.0,0.0,1.0,6.25,0.86,0.02,21.03125,20.9375,20.34375,20.59375,-6.3,0.0,30.0,0.0
1.90695,0x316,0.0,0.0,1.0,6.25,0.86,0.02,21.03125,20.9375,20.34375,20.59375,-6.3,0.0,30.0,0.0
1.91173,0x2B0,0.0,0.0,1.0,6.25,0.86,0.02,21.03125,20.9375,20.34375,20.59375,-6.1,8.0,30.0,0.0
1.916,0x220,0.0,0.0,1.0,6.25,0.62,-0.39,21.03125,20.9375,20.34375,20.59375,-6.1,8.0,30.0,0.0
1.91698,0x316,0.0,0.0,1.0,6.25,0.62,-0.39,21.03125,20.9375,20.34375,20.59375,-6.1,8.0,28.0,0.0
1.92172,0x2B0,0.0,0.0,1.0,6.25,0.62,-0.39,21.03125,20.9375,20.34375,20.59375,-6.1,8.0,28.0,0.0
1.926,0x220,0.0,0.0,1.0,6.25,0.45,-0.05,21.03125,20.9375,20.34375,20.59375,-6.1,8.0,28.0,0.0
1.92623,0x386,0.0,0.0,1.0,6.25,0.45,-0.05,21.0,20.8125,20.28125,20.5625,-6.1,8.0,28.0,0.0
1.92694,0x316,0.0,0.0,1.0,6.25,0.45,-0.05,21.0,20.8125,20.28125,20.5625,-6.1,8.0,28.0,0.0
1.93173,0x2B0,0.0,0.0,1.0,6.25,0.45,-0.05,21.0,20.8125,20.28125,20.5625,-6.1,0.0,28.0,0.0
1.93601,0x220,0.0,0.0,1.0,6.25,0.47,0.49,21.0,20.8125,20.28125,20.5625,-6.1,0.0,28.0,0.0
1.93678,0x316,0.0,0.0,1.0,6.25,0.47,0.49,21.0,20.8125,20.28125,20.5625,-6.1,0.0,28.0,0.0
1.94173,0x2B0,0.0,0.0,1.0,6.25,0.47,0.49,21.0,20.8125,20.28125,20.5625,-6.1,0.0,28.0,0.0
1.94601,0x220,0.0,0.0,1.0,6.25,0.63,0.61,21.0,20.8125,20.28125,20.5625,-6.1,0.0,28.0,0.0
1.94623,0x386,0.0,0.0,1.0,6.25,0.63,0.61,20.9375,21.09375,20.4375,20.34375,-6.1,0.0,28.0,0.0
1.94696,0x316,0.0,0.0,1.0,6.25,0.63,0.61,20.9375,21.09375,20.4375,20.34375,-6.1,0.0,28.0,0.0
1.95178,0x2B0,0.0,0.0,1.0,6.25,0.63,0.61,20.9375,21.09375,20.4375,20.34375,-6.1,0.0,28.0,0.0
1.95601,0x220,0.0,0.0,1.0,6.25,0.79,0.33,20.9375,21.09375,20.4375,20.34375,-6.1,0.0,28.0,0.0
1.95683,0x316,0.0,0.0,1.0,6.25,0.79,0.33,20.9375,21.09375,20.4375,20.34375,-6.1,0.0,25.0,0.0
1.96172,0x2B0,0.0,0.0,1.0,6.25,0.79,0.33,20.9375,21.09375,20.4375,20.34375,-5.9,8.0,25.0,0.0
1.96601,0x220,0.0,0.0,1.0,6.25,0.91,0.19,20.9375,21.09375,20.4375,20.34375,-5.9,8.0,25.0,0.0
1.96624,0x386,0.0,0.0,1.0,6.25,0.91,0.19,21.0,20.90625,20.46875,20.5,-5.9,8.0,25.0,0.0
1.96696,0x316,0.0,0.0,1.0,6.25,0.91,0.19,21.0,20.90625,20.46875,20.5,-5.9,8.0,25.0,0.0
1.97168,0x2B0,0.0,0.0,1.0,6.25,0.91,0.19,21.0,20.90625,20.46875,20.5,-5.9,8.0,25.0,0.0
1.97601,0x220,0.0,0.0,1.0,6.25,1.05,0.36,21.0,20.90625,20.46875,20.5,-5.9,8.0,25.0,0.0
1.97675,0x316,0.0,0.0,1.0,6.25,1.05,0.36,21.0,20.90625,20.46875,20.5,-5.9,8.0,22.0,0.0
1.98167,0x2B0,0.0,0.0,1.0,6.25,1.05,0.36,21.0,20.90625,20.46875,20.5,-5.9,0.0,22.0,0.0
1.98601,0x220,0.0,0.0,1.0,6.25,1.24,0.46,21.0,20.90625,20.46875,20.5,-5.9,0.0,22.0,0.0
1.98623,0x386,0.0,0.0,1.0,6.25,1.24,0.46,20.875,20.9375,20.4375,20.4375,-5.9,0.0,22.0,0.0
1.98696,0x316,0.0,0.0,1.0,6.25,1.24,0.46,20.875,20.9375,20.4375,20.4375,-5.9,0.0,22.0,0.0
1.99167,0x2B0,0.0,0.0,1.0,6.25,1.24,0.46,20.875,20.9375,20.4375,20.4375,-5.9,0.0,22.0,0.0
1.99601,0x220,0.0,0.0,1.0,6.25,1.27,0.17,20.875,20.9375,20.4375,20.4375,-5.9,0.0,22.0,0.0
1.99683,0x316,0.0,0.0,1.0,6.25,1.27,0.17,20.875,20.9375,20.4375,20.4375,-5.9,0.0,22.0,0.0
2.00167,0x2B0,0.0,0.0,1.0,6.25,1.27,0.17,20.875,20.9375,20.4375,20.4375,-5.9,0.0,22.0,0.0
2.006,0x220,0.0,0.0,1.0,6.25,1.04,-0.19,20.875,20.9375,20.4375,20.4375,-5.9,0.0,22.0,0.0
2.00623,0x386,0.0,0.0,1.0,6.25,1.04,-0.19,20.78125,20.9375,20.375,20.4375,-5.9,0.0,22.0,0.0
2.00694,0x316,0.0,0.0,1.0,6.25,1.04,-0.19,20.78125,20.9375,20.375,20.4375,-5.9,0.0,20.0,0.0
2.01166,0x2B0,0.0,0.0,1.0,6.25,1.04,-0.19,20.78125,20.9375,20.375,20.4375,-5.9,0.0,20.0,0.0
2.01601,0x220,0.0,0.0,1.0,6.25,0.7,-0.24,20.78125,20.9375,20.375,20.4375,-5.9,0.0,20.0,0.0
2.01692,0x316,0.0,0.0,1.0,6.25,0.7,-0.24,20.78125,20.9375,20.375,20.4375,-5.9,0.0,20.0,0.0
2.02172,0x2B0,0.0,0.0,1.0,6.25,0.7,-0.24,20.78125,20.9375,20.375,20.4375,-5.8,0.0,20.0,0.0
2.02601,0x220,0.0,0.0,1.0,6.25,0.54,0.03,20.78125,20.9375,20.375,20.4375,-5.8,0.0,20.0,0.0
2.02624,0x386,0.0,0.0,1.0,6.25,0.54,0.03,20.71875,20.75,20.40625,20.34375,-5.8,0.0,20.0,0.0
2.02695,0x316,0.0,0.0,1.0,6.25,0.54,0.03,20.71875,20.75,20.40625,20.34375,-5.8,0.0,20.0,0.0
2.0317,0x2B0,0.0,0.0,1.0,6.25,0.54,0.03,20.71875,20.75,20.40625,20.34375,-5.8,0.0,20.0,0.0
2.03602,0x220,0.0,0.0,1.0,6.25,0.64,0.23,20.71875,20.75,20.40625,20.34375,-5.8,0.0,20.0,0.0
2.0369,0x316,0.0,0.0,1.0,6.25,0.64,0.23,20.71875,20.75,20.40625,20.34375,-5.8,0.0,20.0,0.0
2.04169,0x2B0,0.0,0.0,1.0,6.25,0.64,0.23,20.71875,20.75,20.40625,20.34375,-5.8,0.0,20.0,0.0
2.04601,0x220,0.0,0.0,1.0,6.25,0.91,0.08,20.71875,20.75,20.40625,20.34375,-5.8,0.0,20.0,0.0
2.04624,0x386,0.0,0.0,1.0,6.25,0.91,0.08,20.75,20.78125,20.40625,20.53125,-5.8,0.0,20.0,0.0
2.04695,0x316,0.0,0.0,1.0,6.25,0.91,0.08,20.75,20.78125,20.40625,20.53125,-5.8,0.0,20.0,0.0
2.05168,0x2B0,0.0,0.0,1.0,6.25,0.91,0.08,20.75,20.78125,20.40625,20.53125,-5.8,0.0,20.0,0.0
2.05601,0x220,0.0,0.0,1.0,6.25,1.13,-0.15,20.75,20.78125,20.40625,20.53125,-5.8,0.0,20.0,0.0
2.05677,0x316,0.0,0.0,1.0,6.25,1.13,-0.15,20.75,20.78125,20.40625,20.53125,-5.8,0.0,20.0,0.0
2.06171,0x2B0,0.0,0.0,1.0,6.25,1.13,-0.15,20.75,20.78125,20.40625,20.53125,-5.7,0.0,20.0,0.0
2.06602,0x220,0.0,0.0,1.0,6.25,1.23,-0.13,20.75,20.78125,20.40625,20.53125,-5.7,0.0,20.0,0.0
2.06625,0x386,0.0,0.0,1.0,6.25,1.23,-0.13,20.59375,20.65625,20.375,20.40625,-5.7,0.0,20.0,0.0
2.06696,0x316,0.0,0.0,1.0,6.25,1.23,-0.13,20.59375,20.65625,20.375,20.40625,-5.7,0.0,20.0,0.0
2.07168,0x2B0,0.0,0.0,1.0,6.25,1.23,-0.13,20.59375,20.65625,20.375,20.40625,-5.7,0.0,20.0,0.0
2.07601,0x220,0.0,0.0,1.0,6.25,1.19,0.14,20.59375,20.65625,20.375,20.40625,-5.7,0.0,20.0,0.0
2.07686,0x316,0.0,0.0,1.0,6.25,1.19,0.14,20.59375,20.65625,20.375,20.40625,-5.7,0.0,20.0,0.0
2.08176,0x2B0,0.0,0.0,1.0,6.25,1.19,0.14,20.59375,20.65625,20.375,20.40625,-5.7,0.0,20.0,0.0
2.08601,0x220,0.0,0.0,1.0,6.25,1.04,0.36,20.59375,20.65625,20.375,20.40625,-5.7,0.0,20.0,0.0
2.08624,0x386,0.0,0.0,1.0,6.25,1.04,0.36,20.65625,20.71875,20.34375,20.375,-5.7,0.0,20.0,0.0
2.08696,0x316,0.0,0.0,1.0,6.25,1.04,0.36,20.65625,20.71875,20.34375,20.375,-5.7,0.0,20.0,0.0
2.09176,0x2B0,0.0,0.0,1.0,6.25,1.04,0.36,20.65625,20.71875,20.34375,20.375,-5.7,0.0,20.0,0.0
2.09601,0x220,0.0,0.0,1.0,6.25,0.88,0.27,20.65625,20.71875,20.34375,20.375,-5.7,0.0,20.0,0.0
2.09674,0x316,0.0,0.0,1.0,6.25,0.88,0.27,20.65625,20.71875,20.34375,20.375,-5.7,0.0,20.0,0.0
2.10171,0x2B0,0.0,0.0,1.0,6.25,0.88,0.27,20.65625,20.71875,20.34375,20.375,-5.6,0.0,20.0,0.0
2.10601,0x220,0.0,0.0,1.0,6.25,0.82,0.07,20.65625,20.71875,20.34375,20.375,-5.6,0.0,20.0,0.0
2.10623,0x386,0.0,0.0,1.0,6.25,0.82,0.07,20.78125,20.6875,20.46875,20.34375,-5.6,0.0,20.0,0.0
2.10695,0x316,0.0,0.0,1.0,6.25,0.82,0.07,20.78125,20.6875,20.46875,20.34375,-5.6,0.0,22.0,0.0
2.11168,0x2B0,0.0,0.0,1.0,6.25,0.82,0.07,20.78125,20.6875,20.46875,20.34375,-5.6,0.0,22.0,0.0
2.11602,0x220,0.0,0.0,1.0,6.25,0.92,0.0,20.78125,20.6875,20.46875,20.34375,-5.6,0.0,22.0,0.0
2.11715,0x316,0.0,0.0,1.0,6.25,0.92,0.0,20.78125,20.6875,20.46875,20.34375,-5.6,0.0,22.0,0.0
2.12168,0x2B0,0.0,0.0,1.0,6.25,0.92,0.0,20.78125,20.6875,20.46875,20.34375,-5.6,0.0,22.0,0.0
2.12601,0x220,0.0,0.0,1.0,6.25,1.1,0.07,20.78125,20.6875,20.46875,20.34375,-5.6,0.0,22.0,0.0
2.12624,0x386,0.0,0.0,1.0,6.25,1.1,0.07,20.65625,20.75,20.34375,20.34375,-5.6,0.0,22.0,0.0
2.12695,0x316,0.0,0.0,1.0,6.25,1.1,0.07,20.65625,20.75,20.34375,20.34375,-5.6,0.0,22.0,0.0
2.13168,0x2B0,0.0,0.0,1.0,6.25,1.1,0.07,20.65625,20.75,20.34375,20.34375,-5.6,0.0,22.0,0.0
2.13601,0x220,0.0,0.0,1.0,6.25,1.22,0.17,20.65625,20.75,20.34375,20.34375,-5.6,0.0,22.0,0.0
2.1368,0x316,0.0,0.0,1.0,6.25,1.22,0.17,20.65625,20.75,20.34375,20.34375,-5.6,0.0,25.0,0.0
2.14168,0x2B0,0.0,0.0,1.0,6.25,1.22,0.17,20.65625,20.75,20.34375,20.34375,-5.6,0.0,25.0,0.0
2.14602,0x220,0.0,0.0,1.0,6.25,1.19,0.16,20.65625,20.75,20.34375,20.34375,-5.6,0.0,25.0,0.0
2.14625,0x386,0.0,0.0,1.0,6.25,1.19,0.16,20.75,20.6875,20.21875,20.53125,-5.6,0.0,25.0,0.0
2.14697,0x316,0.0,0.0,1.0,6.25,1.19,0.16,20.75,20.6875,20.21875,20.53125,-5.6,0.0,25.0,0.0
2.15167,0x2B0,0.0,0.0,1.0,6.25,1.19,0.16,20.75,20.6875,20.21875,20.53125,-5.6,0.0,25.0,0.0
2.15601,0x220,0.0,0.0,1.0,6.25,1.07,0.19,20.75,20.6875,20.21875,20.53125,-5.6,0.0,25.0,0.0
2.15686,0x316,0.0,0.0,1.0,6.25,1.07,0.19,20.75,20.6875,20.21875,20.53125,-5.6,0.0,25.0,0.0
2.16168,0x2B0,0.0,0.0,1.0,6.25,1.07,0.19,20.75,20.6875,20.21875,20.53125,-5.6,0.0,25.0,0.0
2.16602,0x220,0.0,0.0,1.0,6.25,1.04,0.29,20.75,20.6875,20.21875,20.53125,-5.6,0.0,25.0,0.0
2.16625,0x386,0.0,0.0,1.0,6.25,1.04,0.29,20.6875,20.75,20.28125,20.75,-5.6,0.0,25.0,0.0
2.16696,0x316,0.0,0.0,1.0,6.25,1.04,0.29,20.6875,20.75,20.28125,20.75,-5.6,0.0,22.0,0.0
2.17167,0x2B0,0.0,0.0,1.0,6.25,1.04,0.29,20.6875,20.75,20.28125,20.75,-5.6,0.0,22.0,0.0
2.17601,0x220,0.0,0.0,1.0,6.25,1.19,0.28,20.6875,20.75,20.28125,20.75,-5.6,0.0,22.0,0.0
2.17674,0x316,0.0,0.0,1.0,6.25,1.19,0.28,20.6875,20.75,20.28125,20.75,-5.6,0.0,22.0,0.0
2.18167,0x2B0,0.0,0.0,1.0,6.25,1.19,0.28,20.6875,20.75,20.28125,20.75,-5.6,0.0,22.0,0.0
2.18601,0x220,0.0,0.0,1.0,6.25,1.36,0.11,20.6875,20.75,20.28125,20.75,-5.6,0.0,22.0,0.0
2.18624,0x386,0.0,0.0,1.0,6.25,1.36,0.11,20.875,20.71875,20.375,20.21875,-5.6,0.0,22.0,0.0
2.18695,0x316,0.0,0.0,1.0,6.25,1.36,0.11,20.875,20.71875,20.375,20.21875,-5.6,0.0,20.0,0.0
2.19175,0x2B0,0.0,0.0,1.0,6.25,1.36,0.11,20.875,20.71875,20.375,20.21875,-5.6,0.0,20.0,0.0
2.19602,0x220,0.0,0.0,1.0,6.25,1.35,0.06,20.875,20.71875,20.375,20.21875,-5.6,0.0,20.0,0.0
2.19685,0x316,0.0,0.0,1.0,6.25,1.35,0.06,20.875,20.71875,20.375,20.21875,-5.6,0.0,20.0,0.0
2.2017,0x2B0,0.0,0.0,1.0,6.25,1.35,0.06,20.875,20.71875,20.375,20.21875,-5.5,0.0,20.0,0.0
2.20601,0x220,0.0,0.0,1.0,6.25,1.16,0.26,20.875,20.71875,20.375,20.21875,-5.5,0.0,20.0,0.0
2.20624,0x386,0.0,0.0,1.0,6.25,1.16,0.26,20.6875,20.6875,20.15625,19.96875,-5.5,0.0,20.0,0.0
2.20695,0x316,0.0,0.0,1.0,6.25,1.16,0.26,20.6875,20.6875,20.15625,19.96875,-5.5,0.0,20.0,0.0
2.21167,0x2B0,0.0,0.0,1.0,6.25,1.16,0.26,20.6875,20.6875,20.15625,19.96875,-5.5,0.0,20.0,0.0
2.21602,0x220,0.0,0.0,1.0,6.25,0.95,0.36,20.6875,20.6875,20.15625,19.96875,-5.5,0.0,20.0,0.0
2.21691,0x316,0.0,0.0,1.0,6.25,0.95,0.36,20.6875,20.6875,20.15625,19.96875,-5.5,0.0,22.0,0.0
2.22167,0x2B0,0.0,0.0,1.0,6.25,0.95,0.36,20.6875,20.6875,20.15625,19.96875,-5.5,0.0,22.0,0.0
2.22602,0x220,0.0,0.0,1.0,6.25,0.82,0.1,20.6875,20.6875,20.15625,19.96875,-5.5,0.0,22.0,0.0
2.22624,0x386,0.0,0.0,1.0,6.25,0.82,0.1,20.8125,20.75,19.78125,19.625,-5.5,0.0,22.0,0.0
2.22696,0x316,0.0,0.0,1.0,6.25,0.82,0.1,20.8125,20.75,19.78125,19.625,-5.5,0.0,22.0,0.0
2.23172,0x2B0,0.0,0.0,1.0,6.25,0.82,0.1,20.8125,20.75,19.78125,19.625,-5.5,0.0,22.0,0.0
2.23601,0x220,0.0,0.0,1.0,6.25,0.82,-0.23,20.8125,20.75,19.78125,19.625,-5.5,0.0,22.0,0.0
2.23688,0x316,0.0,0.0,1.0,6.25,0.82,-0.23,20.8125,20.75,19.78125,19.625,-5.5,0.0,28.0,0.0
2.24168,0x2B0,0.0,0.0,1.0,6.25,0.82,-0.23,20.8125,20.75,19.78125,19.625,-5.4,0.0,28.0,0.0
2.24601,0x220,0.0,0.0,1.0,6.25,1.03,-0.32,20.8125,20.75,19.78125,19.625,-5.4,0.0,28.0,0.0
2.24624,0x386,0.0,0.0,1.0,6.25,1.03,-0.32,20.65625,20.5625,19.875,19.8125,-5.4,0.0,28.0,0.0
2.24695,0x316,0.0,0.0,1.0,6.25,1.03,-0.32,20.65625,20.5625,19.875,19.8125,-5.4,0.0,30.0,0.0
2.25167,0x2B0,0.0,0.0,1.0,6.25,1.03,-0.32,20.65625,20.5625,19.875,19.8125,-5.4,0.0,30.0,0.0
2.25602,0x220,0.0,0.0,1.0,6.25,1.34,-0.19,20.65625,20.5625,19.875,19.8125,-5.4,0.0,30.0,0.0
2.25677,0x316,0.0,0.0,1.0,6.25,1.34,-0.19,20.65625,20.5625,19.875,19.8125,-5.4,0.0,30.0,0.0
2.26169,0x2B0,0.0,0.0,1.0,6.25,1.34,-0.19,20.65625,20.5625,19.875,19.8125,-5.4,0.0,30.0,0.0
2.26602,0x220,0.0,0.0,1.0,6.25,1.56,-0.14,20.65625,20.5625,19.875,19.8125,-5.4,0.0,30.0,0.0
2.26625,0x386,0.0,0.0,1.0,6.25,1.56,-0.14,20.75,20.75,19.90625,19.71875,-5.4,0.0,30.0,0.0
2.26697,0x316,0.0,0.0,1.0,6.25,1.56,-0.14,20.75,20.75,19.90625,19.71875,-5.4,0.0,30.0,0.0
2.27166,0x2B0,0.0,0.0,1.0,6.25,1.56,-0.14,20.75,20.75,19.90625,19.71875,-5.2,8.0,30.0,0.0
2.27602,0x220,0.0,0.0,1.0,6.25,1.47,-0.22,20.75,20.75,19.90625,19.71875,-5.2,8.0,30.0,0.0
2.27685,0x316,0.0,0.0,1.0,6.25,1.47,-0.22,20.75,20.75,19.90625,19.71875,-5.2,8.0,30.0,0.0
2.28163,0x2B0,0.0,0.0,1.0,6.25,1.47,-0.22,20.75,20.75,19.90625,19.71875,-5.2,8.0,30.0,0.0
2.28601,0x220,0.0,0.0,1.0,6.25,1.12,-0.3,20.75,20.75,19.90625,19.71875,-5.2,8.0,30.0,0.0
2.28624,0x386,0.0,0.0,1.0,6.25,1.12,-0.3,20.78125,20.59375,20.28125,20.96875,-5.2,8.0,30.0,0.0
2.28696,0x316,0.0,0.0,1.0,6.25,1.12,-0.3,20.78125,20.59375,20.28125,20.96875,-5.2,8.0,28.0,0.0
2.29166,0x2B0,0.0,0.0,1.0,6.25,1.12,-0.3,20.78125,20.59375,20.28125,20.96875,-5.1,0.0,28.0,0.0
2.29602,0x220,0.0,0.0,1.0,6.25,0.7,-0.22,20.78125,20.59375,20.28125,20.96875,-5.1,0.0,28.0,0.0
2.29673,0x316,0.0,0.0,1.0,6.25,0.7,-0.22,20.78125,20.59375,20.28125,20.96875,-5.1,0.0,22.0,0.0
2.30163,0x2B0,0.0,0.0,1.0,6.25,0.7,-0.22,20.78125,20.59375,20.28125,20.96875,-5.1,0.0,22.0,0.0
2.30601,0x220,0.0,0.0,1.0,6.25,0.42,0.04,20.78125,20.59375,20.28125,20.96875,-5.1,0.0,22.0,0.0
2.30623,0x386,0.0,0.0,1.0,6.25,0.42,0.04,20.625,20.625,20.625,20.4375,-5.1,0.0,22.0,0.0
2.30695,0x316,0.0,0.0,1.0,6.25,0.42,0.04,20.625,20.625,20.625,20.4375,-5.1,0.0,20.0,0.0
2.31163,0x2B0,0.0,0.0,1.0,6.25,0.42,0.04,20.625,20.625,20.625,20.4375,-5.1,0.0,20.0,0.0
2.31602,0x220,0.0,0.0,1.0,6.25,0.37,0.23,20.625,20.625,20.625,20.4375,-5.1,0.0,20.0,0.0
2.31717,0x316,0.0,0.0,1.0,6.25,0.37,0.23,20.625,20.625,20.625,20.4375,-5.1,0.0,17.0,0.0
2.32162,0x2B0,0.0,0.0,1.0,6.25,0.37,0.23,20.625,20.625,20.625,20.4375,-5.1,0.0,17.0,0.0
2.32602,0x220,0.0,0.0,1.0,6.25,0.49,0.06,20.625,20.625,20.625,20.4375,-5.1,0.0,17.0,0.0
2.32625,0x386,0.0,0.0,1.0,6.25,0.49,0.06,20.4375,20.53125,20.21875,20.25,-5.1,0.0,17.0,0.0
2.32696,0x316,0.0,0.0,1.0,6.25,0.49,0.06,20.4375,20.53125,20.21875,20.25,-5.1,0.0,17.0,0.0
2.33163,0x2B0,0.0,0.0,1.0,6.25,0.49,0.06,20.4375,20.53125,20.21875,20.25,-5.1,0.0,17.0,0.0
2.33602,0x220,0.0,0.0,1.0,6.25,0.55,-0.05,20.4375,20.53125,20.21875,20.25,-5.1,0.0,17.0,0.0
2.33681,0x316,0.0,0.0,1.0,6.25,0.55,-0.05,20.4375,20.53125,20.21875,20.25,-5.1,0.0,15.0,0.0
2.34167,0x2B0,0.0,0.0,1.0,6.25,0.55,-0.05,20.4375,20.53125,20.21875,20.25,-5.0,0.0,15.0,0.0
2.34602,0x220,0.0,0.0,1.0,6.25,0.45,0.28,20.4375,20.53125,20.21875,20.25,-5.0,0.0,15.0,0.0
2.34625,0x386,0.0,0.0,1.0,6.25,0.45,0.28,20.53125,20.5625,20.09375,20.25,-5.0,0.0,15.0,0.0
2.34696,0x316,0.0,0.0,1.0,6.25,0.45,0.28,20.53125,20.5625,20.09375,20.25,-5.0,0.0,15.0,0.0
2.35173,0x2B0,0.0,0.0,1.0,6.25,0.45,0.28,20.53125,20.5625,20.09375,20.25,-5.0,0.0,15.0,0.0
2.35602,0x220,0.0,0.0,1.0,6.25,0.36,0.66,20.53125,20.5625,20.09375,20.25,-5.0,0.0,15.0,0.0
2.35686,0x316,0.0,0.0,1.0,6.25,0.36,0.66,20.53125,20.5625,20.09375,20.25,-5.0,0.0,17.0,0.0
2.36168,0x2B0,0.0,0.0,1.0,6.25,0.36,0.66,20.53125,20.5625,20.09375,20.25,-4.8,8.0,17.0,0.0
2.36603,0x220,0.0,0.0,1.0,6.25,0.28,0.6,20.53125,20.5625,20.09375,20.25,-4.8,8.0,17.0,0.0
2.36626,0x386,0.0,0.0,1.0,6.25,0.28,0.6,20.5,20.46875,20.15625,20.0,-4.8,8.0,17.0,0.0
2.36697,0x316,0.0,0.0,1.0,6.25,0.28,0.6,20.5,20.46875,20.15625,20.0,-4.8,8.0,22.0,0.0
2.3717,0x2B0,0.0,0.0,1.0,6.25,0.28,0.6,20.5,20.46875,20.15625,20.0,-4.6,20.0,22.0,0.0
2.37603,0x220,0.0,0.0,1.0,6.25,0.17,0.24,20.5,20.46875,20.15625,20.0,-4.6,20.0,22.0,0.0
2.37674,0x316,0.0,0.0,1.0,6.25,0.17,0.24,20.5,20.46875,20.15625,20.0,-4.6,20.0,28.0,0.0
2.38167,0x2B0,0.0,0.0,1.0,6.25,0.17,0.24,20.5,20.46875,20.15625,20.0,-4.4,20.0,28.0,0.0
2.38602,0x220,0.0,0.0,1.0,6.25,0.08,-0.03,20.5,20.46875,20.15625,20.0,-4.4,20.0,28.0,0.0
2.38625,0x386,0.0,0.0,1.0,6.25,0.08,-0.03,20.53125,20.59375,20.15625,20.5625,-4.4,20.0,28.0,0.0
2.38696,0x316,0.0,0.0,1.0,6.25,0.08,-0.03,20.53125,20.59375,20.15625,20.5625,-4.4,20.0,35.0,0.0
2.39171,0x2B0,0.0,0.0,1.0,6.25,0.08,-0.03,20.53125,20.59375,20.15625,20.5625,-4.4,8.0,35.0,0.0
2.39602,0x220,0.0,0.0,1.0,6.25,0.0,0.0,20.53125,20.59375,20.15625,20.5625,-4.4,8.0,35.0,0.0
2.39684,0x316,0.0,0.0,1.0,6.25,0.0,0.0,20.53125,20.59375,20.15625,20.5625,-4.4,8.0,40.0,0.0
2.40165,0x2B0,0.0,0.0,1.0,6.25,0.0,0.0,20.53125,20.59375,20.15625,20.5625,-4.2,8.0,40.0,0.0
2.40602,0x220,0.0,0.0,1.0,6.25,0.16,0.41,20.53125,20.59375,20.15625,20.5625,-4.2,8.0,40.0,0.0
2.40625,0x386,0.0,0.0,1.0,6.25,0.16,0.41,20.375,20.46875,20.34375,20.3125,-4.2,8.0,40.0,0.0
2.40697,0x316,0.0,0.0,1.0,6.25,0.16,0.41,20.375,20.46875,20.34375,20.3125,-4.2,8.0,45.0,0.0
2.41163,0x2B0,0.0,0.0,1.0,6.25,0.16,0.41,20.375,20.46875,20.34375,20.3125,-4.2,8.0,45.0,0.0
2.41602,0x220,0.0,0.0,1.0,6.25,0.67,0.93,20.375,20.46875,20.34375,20.3125,-4.2,8.0,45.0,0.0
2.41691,0x316,0.0,0.0,1.0,6.25,0.67,0.93,20.375,20.46875,20.34375,20.3125,-4.2,8.0,45.0,0.0
2.42164,0x2B0,0.0,0.0,1.0,6.25,0.67,0.93,20.375,20.46875,20.34375,20.3125,-4.2,0.0,45.0,0.0
2.42602,0x220,0.0,0.0,1.0,6.25,1.35,1.13,20.375,20.46875,20.34375,20.3125,-4.2,0.0,45.0,0.0
2.42624,0x386,0.0,0.0,1.0,6.25,1.35,1.13,20.5,20.5,20.34375,20.40625,-4.2,0.0,45.0,0.0
2.42696,0x316,0.0,0.0,1.0,6.25,1.35,1.13,20.5,20.5,20.34375,20.40625,-4.2,0.0,45.0,0.0
2.43164,0x2B0,0.0,0.0,1.0,6.25,1.35,1.13,20.5,20.5,20.34375,20.40625,-4.2,0.0,45.0,0.0
2.43602,0x220,0.0,0.0,1.0,6.25,2.01,0.92,20.5,20.5,20.34375,20.40625,-4.2,0.0,45.0,0.0
2.43686,0x316,0.0,0.0,1.0,6.25,2.01,0.92,20.5,20.5,20.34375,20.40625,-4.2,0.0,40.0,0.0
2.44164,0x2B0,0.0,0.0,1.0,6.25,2.01,0.92,20.5,20.5,20.34375,20.40625,-4.2,0.0,40.0,0.0
2.44602,0x220,0.0,0.0,1.0,6.25,2.37,0.49,20.5,20.5,20.34375,20.40625,-4.2,0.0,40.0,0.0
2.44625,0x386,0.0,0.0,1.0,6.25,2.37,0.49,20.46875,20.5625,20.34375,20.25,-4.2,0.0,40.0,0.0
2.44696,0x316,0.0,0.0,1.0,6.25,2.37,0.49,20.46875,20.5625,20.34375,20.25,-4.2,0.0,33.0,0.0
2.4517,0x2B0,0.0,0.0,1.0,6.25,2.37,0.49,20.46875,20.5625,20.34375,20.25,-4.2,0.0,33.0,0.0
2.45602,0x220,0.0,0.0,1.0,6.25,2.18,0.11,20.46875,20.5625,20.34375,20.25,-4.2,0.0,33.0,0.0
2.45675,0x316,0.0,0.0,1.0,6.25,2.18,0.11,20.46875,20.5625,20.34375,20.25,-4.2,0.0,25.0,0.0
2.46166,0x2B0,0.0,0.0,1.0,6.25,2.18,0.11,20.46875,20.5625,20.34375,20.25,-4.1,0.0,25.0,0.0
2.46603,0x220,0.0,0.0,1.0,6.25,1.57,-0.04,20.46875,20.5625,20.34375,20.25,-4.1,0.0,25.0,0.0
2.46625,0x386,0.0,0.0,1.0,6.25,1.57,-0.04,20.5625,20.5,20.15625,20.0625,-4.1,0.0,25.0,0.0
2.46696,0x316,0.0,0.0,1.0,6.25,1.57,-0.04,20.5625,20.5,20.15625,20.0625,-4.1,0.0,20.0,0.0
2.47164,0x2B0,0.0,0.0,1.0,6.25,1.57,-0.04,20.5625,20.5,20.15625,20.0625,-4.1,0.0,20.0,0.0
2.47603,0x220,0.0,0.0,1.0,6.25,0.91,-0.05,20.5625,20.5,20.15625,20.0625,-4.1,0.0,20.0,0.0
2.47676,0x316,0.0,0.0,1.0,6.25,0.91,-0.05,20.5625,20.5,20.15625,20.0625,-4.1,0.0,17.0,0.0
2.48162,0x2B0,0.0,0.0,1.0,6.25,0.91,-0.05,20.5625,20.5,20.15625,20.0625,-4.1,0.0,17.0,0.0
2.48602,0x220,0.0,0.0,1.0,6.25,0.54,-0.04,20.5625,20.5,20.15625,20.0625,-4.1,0.0,17.0,0.0
2.48625,0x386,0.0,0.0,1.0,6.25,0.54,-0.04,20.5625,20.59375,19.9375,20.25,-4.1,0.0,17.0,0.0
2.48696,0x316,0.0,0.0,1.0,6.25,0.54,-0.04,20.5625,20.59375,19.9375,20.25,-4.1,0.0,17.0,0.0
2.49163,0x2B0,0.0,0.0,1.0,6.25,0.54,-0.04,20.5625,20.59375,19.9375,20.25,-4.0,0.0,17.0,0.0
2.49603,0x220,0.0,0.0,1.0,6.25,0.63,-0.15,20.5625,20.59375,19.9375,20.25,-4.0,0.0,17.0,0.0
2.49672,0x316,0.0,0.0,1.0,6.25,0.63,-0.15,20.5625,20.59375,19.9375,20.25,-4.0,0.0,17.0,0.0
2.50169,0x2B0,0.0,0.0,1.0,6.25,0.63,-0.15,20.5625,20.59375,19.9375,20.25,-4.0,0.0,17.0,0.0
2.50602,0x220,0.0,0.0,1.0,6.25,0.98,-0.32,20.5625,20.59375,19.9375,20.25,-4.0,0.0,17.0,0.0
2.50625,0x386,0.0,0.0,1.0,6.25,0.98,-0.32,20.5625,20.59375,19.96875,20.15625,-4.0,0.0,17.0,0.0
2.50697,0x316,0.0,0.0,1.0,6.25,0.98,-0.32,20.5625,20.59375,19.96875,20.15625,-4.0,0.0,22.0,0.0
2.51165,0x2B0,0.0,0.0,1.0,6.25,0.98,-0.32,20.5625,20.59375,19.96875,20.15625,-3.9,0.0,22.0,0.0
2.51603,0x220,0.0,0.0,1.0,6.25,1.46,-0.33,20.5625,20.59375,19.96875,20.15625,-3.9,0.0,22.0,0.0
2.51704,0x316,0.0,0.0,1.0,6.25,1.46,-0.33,20.5625,20.59375,19.96875,20.15625,-3.9,0.0,25.0,0.0
2.52164,0x2B0,0.0,0.0,1.0,6.25,1.46,-0.33,20.5625,20.59375,19.96875,20.15625,-3.9,0.0,25.0,0.0
2.52602,0x220,0.0,0.0,1.0,6.25,1.89,-0.07,20.5625,20.59375,19.96875,20.15625,-3.9,0.0,25.0,0.0
2.52625,0x386,0.0,0.0,1.0,6.25,1.89,-0.07,20.65625,20.5,19.78125,19.96875,-3.9,0.0,25.0,0.0
2.52696,0x316,0.0,0.0,1.0,6.25,1.89,-0.07,20.65625,20.5,19.78125,19.96875,-3.9,0.0,25.0,0.0
2.53163,0x2B0,0.0,0.0,1.0,6.25,1.89,-0.07,20.65625,20.5,19.78125,19.96875,-3.9,0.0,25.0,0.0
2.53603,0x220,0.0,0.0,1.0,6.25,2.12,0.13,20.65625,20.5,19.78125,19.96875,-3.9,0.0,25.0,0.0
2.53677,0x316,0.0,0.0,1.0,6.25,2.12,0.13,20.65625,20.5,19.78125,19.96875,-3.9,0.0,35.0,0.0
2.54163,0x2B0,0.0,0.0,1.0,6.25,2.12,0.13,20.65625,20.5,19.78125,19.96875,-3.9,0.0,35.0,0.0
2.54603,0x220,0.0,0.0,1.0,6.25,2.14,0.02,20.65625,20.5,19.78125,19.96875,-3.9,0.0,35.0,0.0
2.54625,0x386,0.0,0.0,1.0,6.25,2.14,0.02,20.5625,20.59375,19.71875,20.125,-3.9,0.0,35.0,0.0
2.54696,0x316,0.0,0.0,1.0,6.25,2.14,0.02,20.5625,20.59375,19.71875,20.125,-3.9,0.0,35.0,0.0
2.55161,0x2B0,0.0,0.0,1.0,6.25,2.14,0.02,20.5625,20.59375,19.71875,20.125,-3.9,0.0,35.0,0.0
2.55602,0x220,0.0,0.0,1.0,6.25,1.98,-0.25,20.5625,20.59375,19.71875,20.125,-3.9,0.0,35.0,0.0
2.55682,0x316,0.0,0.0,1.0,6.25,1.98,-0.25,20.5625,20.59375,19.71875,20.125,-3.9,0.0,35.0,0.0
2.56167,0x2B0,0.0,0.0,1.0,6.25,1.98,-0.25,20.5625,20.59375,19.71875,20.125,-3.9,0.0,35.0,0.0
2.56603,0x220,0.0,0.0,1.0,6.25,1.73,-0.41,20.5625,20.59375,19.71875,20.125,-3.9,0.0,35.0,0.0
2.56626,0x386,0.0,0.0,1.0,6.25,1.73,-0.41,20.5625,20.46875,19.84375,20.09375,-3.9,0.0,35.0,0.0
2.56698,0x316,0.0,0.0,1.0,6.25,1.73,-0.41,20.5625,20.46875,19.84375,20.09375,-3.9,0.0,33.0,0.0
2.57167,0x2B0,0.0,0.0,1.0,6.25,1.73,-0.41,20.5625,20.46875,19.84375,20.09375,-3.9,0.0,33.0,0.0
2.57602,0x220,0.0,0.0,1.0,6.25,1.49,-0.35,20.5625,20.46875,19.84375,20.09375,-3.9,0.0,33.0,0.0
2.57673,0x316,0.0,0.0,1.0,6.25,1.49,-0.35,20.5625,20.46875,19.84375,20.09375,-3.9,0.0,28.0,0.0
2.58165,0x2B0,0.0,0.0,1.0,6.25,1.49,-0.35,20.5625,20.46875,19.84375,20.09375,-3.9,0.0,28.0,0.0
2.58602,0x220,0.0,0.0,1.0,6.25,1.29,-0.16,20.5625,20.46875,19.84375,20.09375,-3.9,0.0,28.0,0.0
2.58625,0x386,0.0,0.0,1.0,6.25,1.29,-0.16,20.46875,20.5,19.96875,20.03125,-3.9,0.0,28.0,0.0
2.58696,0x316,0.0,0.0,1.0,6.25,1.29,-0.16,20.46875,20.5,19.96875,20.03125,-3.9,0.0,22.0,0.0
2.59165,0x2B0,0.0,0.0,1.0,6.25,1.29,-0.16,20.46875,20.5,19.96875,20.03125,-3.9,0.0,22.0,0.0
2.59603,0x220,0.0,0.0,1.0,6.25,1.17,0.01,20.46875,20.5,19.96875,20.03125,-3.9,0.0,22.0,0.0
2.59681,0x316,0.0,0.0,1.0,6.25,1.17,0.01,20.46875,20.5,19.96875,20.03125,-3.9,0.0,17.0,0.0
2.60165,0x2B0,0.0,0.0,1.0,6.25,1.17,0.01,20.46875,20.5,19.96875,20.03125,-3.9,0.0,17.0,0.0
2.60602,0x220,0.0,0.0,1.0,6.25,1.13,0.13,20.46875,20.5,19.96875,20.03125,-3.9,0.0,17.0,0.0
2.60625,0x386,0.0,0.0,1.0,6.25,1.13,0.13,20.4375,20.4375,19.78125,19.9375,-3.9,0.0,17.0,0.0
2.60697,0x316,0.0,0.0,1.0,6.25,1.13,0.13,20.4375,20.4375,19.78125,19.9375,-3.9,0.0,15.0,0.0
2.61166,0x2B0,0.0,0.0,1.0,6.25,1.13,0.13,20.4375,20.4375,19.78125,19.9375,-3.9,0.0,15.0,0.0
2.61603,0x220,0.0,0.0,1.0,6.25,1.1,0.17,20.4375,20.4375,19.78125,19.9375,-3.9,0.0,15.0,0.0
2.61689,0x316,0.0,0.0,1.0,6.25,1.1,0.17,20.4375,20.4375,19.78125,19.9375,-3.9,0.0,12.0,0.0
2.62159,0x2B0,0.0,0.0,1.0,6.25,1.1,0.17,20.4375,20.4375,19.78125,19.9375,-3.9,0.0,12.0,0.0
2.62602,0x220,0.0,0.0,1.0,6.25,1.16,0.1,20.4375,20.4375,19.78125,19.9375,-3.9,0.0,12.0,0.0
2.62625,0x386,0.0,0.0,1.0,6.25,1.16,0.1,20.375,20.40625,19.875,19.875,-3.9,0.0,12.0,0.0
2.62698,0x316,0.0,0.0,1.0,6.25,1.16,0.1,20.375,20.40625,19.875,19.875,-3.9,0.0,12.0,0.0
2.63163,0x2B0,0.0,0.0,1.0,6.25,1.16,0.1,20.375,20.40625,19.875,19.875,-3.9,0.0,12.0,0.0
2.63602,0x220,0.0,0.0,1.0,6.25,1.19,0.0,20.375,20.40625,19.875,19.875,-3.9,0.0,12.0,0.0
2.63688,0x316,0.0,0.0,1.0,6.25,1.19,0.0,20.375,20.40625,19.875,19.875,-3.9,0.0,12.0,0.0
2.64166,0x2B0,0.0,0.0,1.0,6.25,1.19,0.0,20.375,20.40625,19.875,19.875,-3.9,0.0,12.0,0.0
2.64602,0x220,0.0,0.0,1.0,6.25,1.12,-0.02,20.375,20.40625,19.875,19.875,-3.9,0.0,12.0,0.0
2.64625,0x386,0.0,0.0,1.0,6.25,1.12,-0.02,20.34375,20.375,20.1875,19.96875,-3.9,0.0,12.0,0.0
2.64697,0x316,0.0,0.0,1.0,6.25,1.12,-0.02,20.34375,20.375,20.1875,19.96875,-3.9,0.0,15.0,0.0
2.65164,0x2B0,0.0,0.0,1.0,6.25,1.12,-0.02,20.34375,20.375,20.1875,19.96875,-3.7,8.0,15.0,0.0
2.65603,0x220,0.0,0.0,1.0,6.25,1.08,0.08,20.34375,20.375,20.1875,19.96875,-3.7,8.0,15.0,0.0
2.65679,0x316,0.0,0.0,1.0,6.25,1.08,0.08,20.34375,20.375,20.1875,19.96875,-3.7,8.0,17.0,0.0
2.6616,0x2B0,0.0,0.0,1.0,6.25,1.08,0.08,20.34375,20.375,20.1875,19.96875,-3.7,8.0,17.0,0.0
2.66603,0x220,0.0,0.0,1.0,6.25,1.1,0.28,20.34375,20.375,20.1875,19.96875,-3.7,8.0,17.0,0.0
2.66626,0x386,0.0,0.0,1.0,6.25,1.1,0.28,20.25,20.3125,19.9375,19.96875,-3.7,8.0,17.0,0.0
2.66699,0x316,0.0,0.0,1.0,6.25,1.1,0.28,20.25,20.3125,19.9375,19.96875,-3.7,8.0,22.0,0.0
2.67161,0x2B0,0.0,0.0,1.0,6.25,1.1,0.28,20.25,20.3125,19.9375,19.96875,-3.7,0.0,22.0,0.0
2.67603,0x220,0.0,0.0,1.0,6.25,1.14,0.34,20.25,20.3125,19.9375,19.96875,-3.7,0.0,22.0,0.0
2.67684,0x316,0.0,0.0,1.0,6.25,1.14,0.34,20.25,20.3125,19.9375,19.96875,-3.7,0.0,28.0,0.0
2.6816,0x2B0,0.0,0.0,1.0,6.25,1.14,0.34,20.25,20.3125,19.9375,19.96875,-3.7,0.0,28.0,0.0
2.68603,0x220,0.0,0.0,1.0,6.25,1.17,0.21,20.25,20.3125,19.9375,19.96875,-3.7,0.0,28.0,0.0
2.68626,0x386,0.0,0.0,1.0,6.25,1.17,0.21,20.1875,20.25,19.65625,19.9375,-3.7,0.0,28.0,0.0
2.68698,0x316,0.0,0.0,1.0,6.25,1.17,0.21,20.1875,20.25,19.65625,19.9375,-3.7,0.0,30.0,0.0
2.69161,0x2B0,0.0,0.0,1.0,6.25,1.17,0.21,20.1875,20.25,19.65625,19.9375,-3.7,0.0,30.0,0.0
2.69603,0x220,0.0,0.0,1.0,6.25,1.18,0.1,20.1875,20.25,19.65625,19.9375,-3.7,0.0,30.0,0.0
2.69674,0x316,0.0,0.0,1.0,6.25,1.18,0.1,20.1875,20.25,19.65625,19.9375,-3.7,0.0,33.0,0.0
2.7016,0x2B0,0.0,0.0,1.0,6.25,1.18,0.1,20.1875,20.25,19.65625,19.9375,-3.7,0.0,33.0,0.0
2.70603,0x220,0.0,0.0,1.0,6.25,1.1,0.18,20.1875,20.25,19.65625,19.9375,-3.7,0.0,33.0,0.0
2.70626,0x386,0.0,0.0,1.0,6.25,1.1,0.18,20.28125,20.25,19.75,19.71875,-3.7,0.0,33.0,0.0
2.70698,0x316,0.0,0.0,1.0,6.25,1.1,0.18,20.28125,20.25,19.75,19.71875,-3.7,0.0,33.0,0.0
2.71161,0x2B0,0.0,0.0,1.0,6.25,1.1,0.18,20.28125,20.25,19.75,19.71875,-3.7,0.0,33.0,0.0
2.71603,0x220,0.0,0.0,1.0,6.25,1.02,0.34,20.28125,20.25,19.75,19.71875,-3.7,0.0,33.0,0.0
2.71704,0x316,0.0,0.0,1.0,6.25,1.02,0.34,20.28125,20.25,19.75,19.71875,-3.7,0.0,33.0,0.0
2.72161,0x2B0,0.0,0.0,1.0,6.25,1.02,0.34,20.28125,20.25,19.75,19.71875,-3.7,0.0,33.0,0.0
2.72602,0x220,0.0,0.0,1.0,6.25,1.0,0.42,20.28125,20.25,19.75,19.71875,-3.7,0.0,33.0,0.0
2.72626,0x386,0.0,0.0,1.0,6.25,1.0,0.42,20.125,20.21875,20.09375,19.875,-3.7,0.0,33.0,0.0
2.72697,0x316,0.0,0.0,1.0,6.25,1.0,0.42,20.125,20.21875,20.09375,19.875,-3.7,0.0,33.0,0.0
2.7316,0x2B0,0.0,0.0,1.0,6.25,1.0,0.42,20.125,20.21875,20.09375,19.875,-3.7,0.0,33.0,0.0
2.73602,0x220,0.0,0.0,1.0,6.25,1.02,0.35,20.125,20.21875,20.09375,19.875,-3.7,0.0,33.0,0.0
2.73682,0x316,0.0,0.0,1.0,6.25,1.02,0.35,20.125,20.21875,20.09375,19.875,-3.7,0.0,28.0,0.0
2.74164,0x2B0,0.0,0.0,1.0,6.25,1.02,0.35,20.125,20.21875,20.09375,19.875,-3.6,0.0,28.0,0.0
2.74602,0x220,0.0,0.0,1.0,6.25,1.06,0.25,20.125,20.21875,20.09375,19.875,-3.6,0.0,28.0,0.0
2.74626,0x386,0.0,0.0,1.0,6.25,1.06,0.25,20.1875,20.125,20.0625,20.0625,-3.6,0.0,28.0,0.0
2.74697,0x316,0.0,0.0,1.0,6.25,1.06,0.25,20.1875,20.125,20.0625,20.0625,-3.6,0.0,25.0,0.0
2.75162,0x2B0,0.0,0.0,1.0,6.25,1.06,0.25,20.1875,20.125,20.0625,20.0625,-3.6,0.0,25.0,0.0
2.75603,0x220,0.0,0.0,1.0,6.25,1.15,0.2,20.1875,20.125,20.0625,20.0625,-3.6,0.0,25.0,0.0
2.75688,0x316,0.0,0.0,1.0,6.25,1.15,0.2,20.1875,20.125,20.0625,20.0625,-3.6,0.0,25.0,0.0
2.76167,0x2B0,0.0,0.0,1.0,6.25,1.15,0.2,20.1875,20.125,20.0625,20.0625,-3.6,0.0,25.0,0.0
2.76604,0x220,0.0,0.0,1.0,6.25,1.27,0.13,20.1875,20.125,20.0625,20.0625,-3.6,0.0,25.0,0.0
2.76627,0x386,0.0,0.0,1.0,6.25,1.27,0.13,20.1875,20.15625,19.71875,20.0,-3.6,0.0,25.0,0.0
2.76699,0x316,0.0,0.0,1.0,6.25,1.27,0.13,20.1875,20.15625,19.71875,20.0,-3.6,0.0,25.0,0.0
2.77164,0x2B0,0.0,0.0,1.0,6.25,1.27,0.13,20.1875,20.15625,19.71875,20.0,-3.5,0.0,25.0,0.0
2.77603,0x220,0.0,0.0,1.0,6.25,1.4,0.05,20.1875,20.15625,19.71875,20.0,-3.5,0.0,25.0,0.0
2.77675,0x316,0.0,0.0,1.0,6.25,1.4,0.05,20.1875,20.15625,19.71875,20.0,-3.5,0.0,22.0,0.0
2.78163,0x2B0,0.0,0.0,1.0,6.25,1.4,0.05,20.1875,20.15625,19.71875,20.0,-3.5,0.0,22.0,0.0
2.78603,0x220,0.0,0.0,1.0,6.25,1.51,0.02,20.1875,20.15625,19.71875,20.0,-3.5,0.0,22.0,0.0
2.78626,0x386,0.0,0.0,1.0,6.25,1.51,0.02,20.1875,20.21875,19.46875,19.75,-3.5,0.0,22.0,0.0
2.78696,0x316,0.0,0.0,1.0,6.25,1.51,0.02,20.1875,20.21875,19.46875,19.75,-3.5,0.0,22.0,0.0
2.79163,0x2B0,0.0,0.0,1.0,6.25,1.51,0.02,20.1875,20.21875,19.46875,19.75,-3.5,0.0,22.0,0.0
2.79603,0x220,0.0,0.0,1.0,6.25,1.58,0.06,20.1875,20.21875,19.46875,19.75,-3.5,0.0,22.0,0.0
2.79689,0x316,0.0,0.0,1.0,6.25,1.58,0.06,20.1875,20.21875,19.46875,19.75,-3.5,0.0,25.0,0.0
2.80173,0x2B0,0.0,0.0,1.0,6.25,1.58,0.06,20.1875,20.21875,19.46875,19.75,-3.5,0.0,25.0,0.0
2.80603,0x220,0.0,0.0,1.0,6.25,1.58,0.13,20.1875,20.21875,19.46875,19.75,-3.5,0.0,25.0,0.0
2.80626,0x386,0.0,0.0,1.0,6.25,1.58,0.13,20.28125,20.21875,19.53125,19.6875,-3.5,0.0,25.0,0.0
2.80697,0x316,0.0,0.0,1.0,6.25,1.58,0.13,20.28125,20.21875,19.53125,19.6875,-3.5,0.0,25.0,0.0
2.81165,0x2B0,0.0,0.0,1.0,6.25,1.58,0.13,20.28125,20.21875,19.53125,19.6875,-3.3,8.0,25.0,0.0
2.81603,0x220,0.0,0.0,1.0,6.25,1.54,0.14,20.28125,20.21875,19.53125,19.6875,-3.3,8.0,25.0,0.0
2.81695,0x316,0.0,0.0,1.0,6.25,1.54,0.14,20.28125,20.21875,19.53125,19.6875,-3.3,8.0,28.0,0.0
2.82163,0x2B0,0.0,0.0,1.0,6.25,1.54,0.14,20.28125,20.21875,19.53125,19.6875,-3.3,8.0,28.0,0.0
2.82603,0x220,0.0,0.0,1.0,6.25,1.51,0.11,20.28125,20.21875,19.53125,19.6875,-3.3,8.0,28.0,0.0
2.82626,0x386,0.0,0.0,1.0,6.25,1.51,0.11,20.25,20.25,19.625,19.75,-3.3,8.0,28.0,0.0
2.82698,0x316,0.0,0.0,1.0,6.25,1.51,0.11,20.25,20.25,19.625,19.75,-3.3,8.0,28.0,0.0
2.83169,0x2B0,0.0,0.0,1.0,6.25,1.51,0.11,20.25,20.25,19.625,19.75,-3.3,0.0,28.0,0.0
2.83604,0x220,0.0,0.0,1.0,6.25,1.53,0.09,20.25,20.25,19.625,19.75,-3.3,0.0,28.0,0.0
2.83692,0x316,0.0,0.0,1.0,6.25,1.53,0.09,20.25,20.25,19.625,19.75,-3.3,0.0,33.0,0.0
2.84165,0x2B0,0.0,0.0,1.0,6.25,1.53,0.09,20.25,20.25,19.625,19.75,-3.1,8.0,33.0,0.0
2.84604,0x220,0.0,0.0,1.0,6.25,1.57,0.13,20.25,20.25,19.625,19.75,-3.1,8.0,33.0,0.0
2.84627,0x386,0.0,0.0,1.0,6.25,1.57,0.13,20.25,20.1875,19.8125,19.875,-3.1,8.0,33.0,0.0
2.84698,0x316,0.0,0.0,1.0,6.25,1.57,0.13,20.25,20.1875,19.8125,19.875,-3.1,8.0,33.0,0.0
2.85169,0x2B0,0.0,0.0,1.0,6.25,1.57,0.13,20.25,20.1875,19.8125,19.875,-3.1,8.0,33.0,0.0
2.85604,0x220,0.0,0.0,1.0,6.25,1.63,0.15,20.25,20.1875,19.8125,19.875,-3.1,8.0,33.0,0.0
2.8568,0x316,0.0,0.0,1.0,6.25,1.63,0.15,20.25,20.1875,19.8125,19.875,-3.1,8.0,33.0,0.0
2.86167,0x2B0,0.0,0.0,1.0,6.25,1.63,0.15,20.25,20.1875,19.8125,19.875,-3.0,0.0,33.0,0.0
2.86604,0x220,0.0,0.0,1.0,6.25,1.74,0.01,20.25,20.1875,19.8125,19.875,-3.0,0.0,33.0,0.0
2.86627,0x386,0.0,0.0,1.0,6.25,1.74,0.01,20.21875,20.15625,19.5625,19.96875,-3.0,0.0,33.0,0.0
2.86698,0x316,0.0,0.0,1.0,6.25,1.74,0.01,20.21875,20.15625,19.5625,19.96875,-3.0,0.0,33.0,0.0
2.87172,0x2B0,0.0,0.0,1.0,6.25,1.74,0.01,20.21875,20.15625,19.5625,19.96875,-3.0,0.0,33.0,0.0
2.87603,0x220,0.0,0.0,1.0,6.25,1.84,-0.13,20.21875,20.15625,19.5625,19.96875,-3.0,0.0,33.0,0.0
2.87687,0x316,0.0,0.0,1.0,6.25,1.84,-0.13,20.21875,20.15625,19.5625,19.96875,-3.0,0.0,30.0,0.0
2.88165,0x2B0,0.0,0.0,1.0,6.25,1.84,-0.13,20.21875,20.15625,19.5625,19.96875,-2.8,8.0,30.0,0.0
2.88603,0x220,0.0,0.0,1.0,6.25,1.86,-0.18,20.21875,20.15625,19.5625,19.96875,-2.8,8.0,30.0,0.0
2.88626,0x386,0.0,0.0,1.0,6.25,1.86,-0.18,20.21875,20.15625,19.625,19.71875,-2.8,8.0,30.0,0.0
2.88697,0x316,0.0,0.0,1.0,6.25,1.86,-0.18,20.21875,20.15625,19.625,19.71875,-2.8,8.0,30.0,0.0
2.89167,0x2B0,0.0,0.0,1.0,6.25,1.86,-0.18,20.21875,20.15625,19.625,19.71875,-2.6,20.0,30.0,0.0
2.89603,0x220,0.0,0.0,1.0,6.25,1.82,-0.15,20.21875,20.15625,19.625,19.71875,-2.6,20.0,30.0,0.0
2.89674,0x316,0.0,0.0,1.0,6.25,1.82,-0.15,20.21875,20.15625,19.625,19.71875,-2.6,20.0,28.0,0.0
2.90168,0x2B0,0.0,0.0,1.0,6.25,1.82,-0.15,20.21875,20.15625,19.625,19.71875,-2.5,12.0,28.0,0.0
2.90602,0x220,0.0,0.0,1.0,6.25,1.7,-0.05,20.21875,20.15625,19.625,19.71875,-2.5,12.0,28.0,0.0
2.90625,0x386,0.0,0.0,1.0,6.25,1.7,-0.05,20.25,20.15625,19.78125,19.90625,-2.5,12.0,28.0,0.0
2.90696,0x316,0.0,0.0,1.0,6.25,1.7,-0.05,20.25,20.15625,19.78125,19.90625,-2.5,12.0,28.0,0.0
2.91162,0x2B0,0.0,0.0,1.0,6.25,1.7,-0.05,20.25,20.15625,19.78125,19.90625,-2.3,12.0,28.0,0.0
2.91604,0x220,0.0,0.0,1.0,6.25,1.53,0.04,20.25,20.15625,19.78125,19.90625,-2.3,12.0,28.0,0.0
2.91718,0x316,0.0,0.0,1.0,6.25,1.53,0.04,20.25,20.15625,19.78125,19.90625,-2.3,12.0,28.0,0.0
2.92168,0x2B0,0.0,0.0,1.0,6.25,1.53,0.04,20.25,20.15625,19.78125,19.90625,-2.3,8.0,28.0,0.0
2.92603,0x220,0.0,0.0,1.0,6.25,1.36,0.1,20.25,20.15625,19.78125,19.90625,-2.3,8.0,28.0,0.0
2.92626,0x386,0.0,0.0,1.0,6.25,1.36,0.1,20.25,20.15625,19.59375,19.9375,-2.3,8.0,28.0,0.0
2.92697,0x316,0.0,0.0,1.0,6.25,1.36,0.1,20.25,20.15625,19.59375,19.9375,-2.3,8.0,28.0,0.0
2.93162,0x2B0,0.0,0.0,1.0,6.25,1.36,0.1,20.25,20.15625,19.59375,19.9375,-1.9,20.0,28.0,0.0
2.93604,0x220,0.0,0.0,1.0,6.25,1.26,0.05,20.25,20.15625,19.59375,19.9375,-1.9,20.0,28.0,0.0
2.9368,0x316,0.0,0.0,1.0,6.25,1.26,0.05,20.25,20.15625,19.59375,19.9375,-1.9,20.0,28.0,0.0
2.94168,0x2B0,0.0,0.0,1.0,6.25,1.26,0.05,20.25,20.15625,19.59375,19.9375,-1.9,20.0,28.0,0.0
2.94603,0x220,0.0,0.0,1.0,6.25,1.28,0.0,20.25,20.15625,19.59375,19.9375,-1.9,20.0,28.0,0.0
2.94626,0x386,0.0,0.0,1.0,6.25,1.28,0.0,20.15625,20.25,19.625,19.71875,-1.9,20.0,28.0,0.0
2.94698,0x316,0.0,0.0,1.0,6.25,1.28,0.0,20.15625,20.25,19.625,19.71875,-1.9,20.0,30.0,0.0
2.95163,0x2B0,0.0,0.0,1.0,6.25,1.28,0.0,20.15625,20.25,19.625,19.71875,-1.6,12.0,30.0,0.0
2.95604,0x220,0.0,0.0,1.0,6.25,1.37,-0.01,20.15625,20.25,19.625,19.71875,-1.6,12.0,30.0,0.0
2.9569,0x316,0.0,0.0,1.0,6.25,1.37,-0.01,20.15625,20.25,19.625,19.71875,-1.6,12.0,33.0,0.0
2.96168,0x2B0,0.0,0.0,1.0,6.25,1.37,-0.01,20.15625,20.25,19.625,19.71875,-1.6,12.0,33.0,0.0
2.96604,0x220,0.0,0.0,1.0,6.25,1.44,-0.04,20.15625,20.25,19.625,19.71875,-1.6,12.0,33.0,0.0
2.96627,0x386,0.0,0.0,1.0,6.25,1.44,-0.04,20.21875,20.28125,19.59375,19.65625,-1.6,12.0,33.0,0.0
2.96698,0x316,0.0,0.0,1.0,6.25,1.44,-0.04,20.21875,20.28125,19.59375,19.65625,-1.6,12.0,35.0,0.0
2.97164,0x2B0,0.0,0.0,1.0,6.25,1.44,-0.04,20.21875,20.28125,19.59375,19.65625,-1.3,12.0,35.0,0.0
2.97604,0x220,0.0,0.0,1.0,6.25,1.45,0.0,20.21875,20.28125,19.59375,19.65625,-1.3,12.0,35.0,0.0
2.97677,0x316,0.0,0.0,1.0,6.25,1.45,0.0,20.21875,20.28125,19.59375,19.65625,-1.3,12.0,38.0,0.0
2.98161,0x2B0,0.0,0.0,1.0,6.25,1.45,0.0,20.21875,20.28125,19.59375,19.65625,-1.1,24.0,38.0,0.0
2.98604,0x220,0.0,0.0,1.0,6.25,1.37,0.05,20.21875,20.28125,19.59375,19.65625,-1.1,24.0,38.0,0.0
2.98627,0x386,0.0,0.0,1.0,6.25,1.37,0.05,20.1875,20.25,19.59375,19.6875,-1.1,24.0,38.0,0.0
2.98698,0x316,0.0,0.0,1.0,6.25,1.37,0.05,20.1875,20.25,19.59375,19.6875,-1.1,24.0,38.0,0.0
2.99161,0x2B0,0.0,0.0,1.0,6.25,1.37,0.05,20.1875,20.25,19.59375,19.6875,-0.9,20.0,38.0,0.0
2.99604,0x220,0.0,0.0,1.0,6.25,1.25,0.06,20.1875,20.25,19.59375,19.6875,-0.9,20.0,38.0,0.0
2.99688,0x316,0.0,0.0,1.0,6.25,1.25,0.06,20.1875,20.25,19.59375,19.6875,-0.9,20.0,38.0,0.0
3.00161,0x2B0,0.0,0.0,1.0,6.25,1.25,0.06,20.1875,20.25,19.59375,19.6875,-0.8,12.0,38.0,0.0
3.00604,0x220,0.0,0.0,1.0,6.25,1.18,0.03,20.1875,20.25,19.59375,19.6875,-0.8,12.0,38.0,0.0
3.00627,0x386,0.0,0.0,1.0,6.25,1.18,0.03,20.15625,20.25,19.75,19.84375,-0.8,12.0,38.0,0.0
3.00698,0x316,0.0,0.0,1.0,6.25,1.18,0.03,20.15625,20.25,19.75,19.84375,-0.8,12.0,38.0,0.0
3.01165,0x2B0,0.0,0.0,1.0,6.25,1.18,0.03,20.15625,20.25,19.75,19.84375,-0.8,0.0,38.0,0.0
3.01604,0x220,0.0,0.0,1.0,6.25,1.14,0.01,20.15625,20.25,19.75,19.84375,-0.8,0.0,38.0,0.0
3.01691,0x316,0.0,0.0,1.0,6.25,1.14,0.01,20.15625,20.25,19.75,19.84375,-0.8,0.0,35.0,0.0
3.02162,0x2B0,0.0,0.0,1.0,6.25,1.14,0.01,20.15625,20.25,19.75,19.84375,-0.5,12.0,35.0,0.0
3.02604,0x220,0.0,0.0,1.0,6.25,1.17,0.05,20.15625,20.25,19.75,19.84375,-0.5,12.0,35.0,0.0
3.02627,0x386,0.0,0.0,1.0,6.25,1.17,0.05,20.125,20.09375,19.84375,19.65625,-0.5,12.0,35.0,0.0
3.02697,0x316,0.0,0.0,1.0,6.25,1.17,0.05,20.125,20.09375,19.84375,19.65625,-0.5,12.0,35.0,0.0
3.03166,0x2B0,0.0,0.0,1.0,6.25,1.17,0.05,20.125,20.09375,19.84375,19.65625,-0.5,12.0,35.0,0.0
3.03604,0x220,0.0,0.0,1.0,6.25,1.27,0.16,20.125,20.09375,19.84375,19.65625,-0.5,12.0,35.0,0.0
3.03687,0x316,0.0,0.0,1.0,6.25,1.27,0.16,20.125,20.09375,19.84375,19.65625,-0.5,12.0,30.0,0.0
3.04159,0x2B0,0.0,0.0,1.0,6.25,1.27,0.16,20.125,20.09375,19.84375,19.65625,-0.4,0.0,30.0,0.0
3.04604,0x220,0.0,0.0,1.0,6.25,1.45,0.23,20.125,20.09375,19.84375,19.65625,-0.4,0.0,30.0,0.0
3.04627,0x386,0.0,0.0,1.0,6.25,1.45,0.23,20.09375,20.15625,19.71875,19.71875,-0.4,0.0,30.0,0.0
3.04699,0x316,0.0,0.0,1.0,6.25,1.45,0.23,20.09375,20.15625,19.71875,19.71875,-0.4,0.0,28.0,0.0
3.05163,0x2B0,0.0,0.0,1.0,6.25,1.45,0.23,20.09375,20.15625,19.71875,19.71875,-0.4,0.0,28.0,0.0
3.05603,0x220,0.0,0.0,1.0,6.25,1.59,0.17,20.09375,20.15625,19.71875,19.71875,-0.4,0.0,28.0,0.0
3.05676,0x316,0.0,0.0,1.0,6.25,1.59,0.17,20.09375,20.15625,19.71875,19.71875,-0.4,0.0,28.0,0.0
3.0616,0x2B0,0.0,0.0,1.0,6.25,1.59,0.17,20.09375,20.15625,19.71875,19.71875,-0.2,8.0,28.0,0.0
3.06604,0x220,0.0,0.0,1.0,6.25,1.59,0.06,20.09375,20.15625,19.71875,19.71875,-0.2,8.0,28.0,0.0
3.06626,0x386,0.0,0.0,1.0,6.25,1.59,0.06,20.15625,20.125,19.78125,19.6875,-0.2,8.0,28.0,0.0
3.06698,0x316,0.0,0.0,1.0,6.25,1.59,0.06,20.15625,20.125,19.78125,19.6875,-0.2,8.0,28.0,0.0
3.07167,0x2B0,0.0,0.0,1.0,6.25,1.59,0.06,20.15625,20.125,19.78125,19.6875,-0.2,8.0,28.0,0.0
3.07604,0x220,0.0,0.0,1.0,6.25,1.43,0.0,20.15625,20.125,19.78125,19.6875,-0.2,8.0,28.0,0.0
3.07682,0x316,0.0,0.0,1.0,6.25,1.43,0.0,20.15625,20.125,19.78125,19.6875,-0.2,8.0,28.0,0.0
3.08162,0x2B0,0.0,0.0,1.0,6.25,1.43,0.0,20.15625,20.125,19.78125,19.6875,0.0,8.0,28.0,0.0
3.08603,0x220,0.0,0.0,1.0,6.25,1.2,0.0,20.15625,20.125,19.78125,19.6875,0.0,8.0,28.0,0.0
3.08626,0x386,0.0,0.0,1.0,6.25,1.2,0.0,20.125,20.15625,19.8125,19.9375,0.0,8.0,28.0,0.0
3.08697,0x316,0.0,0.0,1.0,6.25,1.2,0.0,20.125,20.15625,19.8125,19.9375,0.0,8.0,28.0,0.0
3.0916,0x2B0,0.0,0.0,1.0,6.25,1.2,0.0,20.125,20.15625,19.8125,19.9375,0.0,8.0,28.0,0.0
3.09603,0x220,0.0,0.0,1.0,6.25,0.95,0.06,20.125,20.15625,19.8125,19.9375,0.0,8.0,28.0,0.0
3.09673,0x316,0.0,0.0,1.0,6.25,0.95,0.06,20.125,20.15625,19.8125,19.9375,0.0,8.0,28.0,0.0
3.10168,0x2B0,0.0,0.0,1.0,6.25,0.95,0.06,20.125,20.15625,19.8125,19.9375,0.0,0.0,28.0,0.0
3.10603,0x220,0.0,0.0,1.0,6.25,0.8,0.16,20.125,20.15625,19.8125,19.9375,0.0,0.0,28.0,0.0
3.10626,0x386,0.0,0.0,1.0,6.25,0.8,0.16,20.21875,20.15625,19.71875,19.84375,0.0,0.0,28.0,0.0
3.10698,0x316,0.0,0.0,1.0,6.25,0.8,0.16,20.21875,20.15625,19.71875,19.84375,0.0,0.0,30.0,0.0
3.11162,0x2B0,0.0,0.0,1.0,6.25,0.8,0.16,20.21875,20.15625,19.71875,19.84375,0.1,0.0,30.0,0.0
3.11604,0x220,0.0,0.0,1.0,6.25,0.85,0.23,20.21875,20.15625,19.71875,19.84375,0.1,0.0,30.0,0.0
3.11715,0x316,0.0,0.0,1.0,6.25,0.85,0.23,20.21875,20.15625,19.71875,19.84375,0.1,0.0,33.0,0.0
3.1216,0x2B0,0.0,0.0,1.0,6.25,0.85,0.23,20.21875,20.15625,19.71875,19.84375,0.1,0.0,33.0,0.0
3.12604,0x220,0.0,0.0,1.0,6.25,1.04,0.25,20.21875,20.15625,19.71875,19.84375,0.1,0.0,33.0,0.0
3.12627,0x386,0.0,0.0,1.0,6.25,1.04,0.25,20.125,20.125,19.59375,19.78125,0.1,0.0,33.0,0.0
3.12699,0x316,0.0,0.0,1.0,6.25,1.04,0.25,20.125,20.125,19.59375,19.78125,0.1,0.0,33.0,0.0
3.13158,0x2B0,0.0,0.0,1.0,6.25,1.04,0.25,20.125,20.125,19.59375,19.78125,0.1,0.0,33.0,0.0
3.13604,0x220,0.0,0.0,1.0,6.25,1.3,0.19,20.125,20.125,19.59375,19.78125,0.1,0.0,33.0,0.0
3.13676,0x316,0.0,0.0,1.0,6.25,1.3,0.19,20.125,20.125,19.59375,19.78125,0.1,0.0,33.0,0.0
3.14159,0x2B0,0.0,0.0,1.0,6.25,1.3,0.19,20.125,20.125,19.59375,19.78125,0.1,0.0,33.0,0.0
3.14604,0x220,0.0,0.0,1.0,6.25,1.48,0.2,20.125,20.125,19.59375,19.78125,0.1,0.0,33.0,0.0
3.14627,0x386,0.0,0.0,1.0,6.25,1.48,0.2,20.1875,20.21875,19.65625,19.78125,0.1,0.0,33.0,0.0
3.14697,0x316,0.0,0.0,1.0,6.25,1.48,0.2,20.1875,20.21875,19.65625,19.78125,0.1,0.0,33.0,0.0
3.1516,0x2B0,0.0,0.0,1.0,6.25,1.48,0.2,20.1875,20.21875,19.65625,19.78125,0.1,0.0,33.0,0.0
3.15605,0x220,0.0,0.0,1.0,6.25,1.51,0.31,20.1875,20.21875,19.65625,19.78125,0.1,0.0,33.0,0.0
3.15686,0x316,0.0,0.0,1.0,6.25,1.51,0.31,20.1875,20.21875,19.65625,19.78125,0.1,0.0,30.0,0.0
3.16159,0x2B0,0.0,0.0,1.0,6.25,1.51,0.31,20.1875,20.21875,19.65625,19.78125,0.1,0.0,30.0,0.0
3.16605,0x220,0.0,0.0,1.0,6.25,1.41,0.42,20.1875,20.21875,19.65625,19.78125,0.1,0.0,30.0,0.0
3.16627,0x386,0.0,0.0,1.0,6.25,1.41,0.42,20.21875,20.15625,19.625,19.8125,0.1,0.0,30.0,0.0
3.16698,0x316,0.0,0.0,1.0,6.25,1.41,0.42,20.21875,20.15625,19.625,19.8125,0.1,0.0,28.0,0.0
3.17158,0x2B0,0.0,0.0,1.0,6.25,1.41,0.42,20.21875,20.15625,19.625,19.8125,0.1,0.0,28.0,0.0
3.17604,0x220,0.0,0.0,1.0,6.25,1.26,0.4,20.21875,20.15625,19.625,19.8125,0.1,0.0,28.0,0.0
3.17675,0x316,0.0,0.0,1.0,6.25,1.26,0.4,20.21875,20.15625,19.625,19.8125,0.1,0.0,28.0,0.0
3.18159,0x2B0,0.0,0.0,1.0,6.25,1.26,0.4,20.21875,20.15625,19.625,19.8125,0.1,0.0,28.0,0.0
3.18604,0x220,0.0,0.0,1.0,6.25,1.12,0.28,20.21875,20.15625,19.625,19.8125,0.1,0.0,28.0,0.0
3.18627,0x386,0.0,0.0,1.0,6.25,1.12,0.28,20.25,20.15625,19.59375,19.78125,0.1,0.0,28.0,0.0
3.18699,0x316,0.0,0.0,1.0,6.25,1.12,0.28,20.25,20.15625,19.59375,19.78125,0.1,0.0,25.0,0.0
3.19159,0x2B0,0.0,0.0,1.0,6.25,1.12,0.28,20.25,20.15625,19.59375,19.78125,0.1,0.0,25.0,0.0
3.19604,0x220,0.0,0.0,1.0,6.25,0.99,0.2,20.25,20.15625,19.59375,19.78125,0.1,0.0,25.0,0.0
3.19684,0x316,0.0,0.0,1.0,6.25,0.99,0.2,20.25,20.15625,19.59375,19.78125,0.1,0.0,25.0,0.0
3.20158,0x2B0,0.0,0.0,1.0,6.25,0.99,0.2,20.25,20.15625,19.59375,19.78125,0.1,0.0,25.0,0.0
3.20603,0x220,0.0,0.0,1.0,6.25,0.95,0.22,20.25,20.15625,19.59375,19.78125,0.1,0.0,25.0,0.0
3.20626,0x386,0.0,0.0,1.0,6.25,0.95,0.22,20.1875,20.15625,19.625,19.78125,0.1,0.0,25.0,0.0
3.20697,0x316,0.0,0.0,1.0,6.25,0.95,0.22,20.1875,20.15625,19.625,19.78125,0.1,0.0,25.0,0.0
3.21159,0x2B0,0.0,0.0,1.0,6.25,0.95,0.22,20.1875,20.15625,19.625,19.78125,0.1,0.0,25.0,0.0
3.21604,0x220,0.0,0.0,1.0,6.25,1.0,0.32,20.1875,20.15625,19.625,19.78125,0.1,0.0,25.0,0.0
3.21689,0x316,0.0,0.0,1.0,6.25,1.0,0.32,20.1875,20.15625,19.625,19.78125,0.1,0.0,25.0,0.0
3.22159,0x2B0,0.0,0.0,1.0,6.25,1.0,0.32,20.1875,20.15625,19.625,19.78125,0.1,0.0,25.0,0.0
3.22604,0x220,0.0,0.0,1.0,6.25,1.17,0.34,20.1875,20.15625,19.625,19.78125,0.1,0.0,25.0,0.0
3.22626,0x386,0.0,0.0,1.0,6.25,1.17,0.34,20.1875,20.125,19.75,19.75,0.1,0.0,25.0,0.0
3.22698,0x316,0.0,0.0,1.0,6.25,1.17,0.34,20.1875,20.125,19.75,19.75,0.1,0.0,25.0,0.0
3.23158,0x2B0,0.0,0.0,1.0,6.25,1.17,0.34,20.1875,20.125,19.75,19.75,0.1,0.0,25.0,0.0
3.23604,0x220,0.0,0.0,1.0,6.25,1.37,0.27,20.1875,20.125,19.75,19.75,0.1,0.0,25.0,0.0
3.23686,0x316,0.0,0.0,1.0,6.25,1.37,0.27,20.1875,20.125,19.75,19.75,0.1,0.0,25.0,0.0
3.24157,0x2B0,0.0,0.0,1.0,6.25,1.37,0.27,20.1875,20.125,19.75,19.75,0.1,0.0,25.0,0.0
3.24603,0x220,0.0,0.0,1.0,6.25,1.47,0.2,20.1875,20.125,19.75,19.75,0.1,0.0,25.0,0.0
3.24626,0x386,0.0,0.0,1.0,6.25,1.47,0.2,20.125,20.125,19.59375,19.71875,0.1,0.0,25.0,0.0
3.24698,0x316,0.0,0.0,1.0,6.25,1.47,0.2,20.125,20.125,19.59375,19.71875,0.1,0.0,28.0,0.0
3.25157,0x2B0,0.0,0.0,1.0,6.25,1.47,0.2,20.125,20.125,19.59375,19.71875,0.1,0.0,28.0,0.0
3.25604,0x220,0.0,0.0,1.0,6.25,1.49,0.24,20.125,20.125,19.59375,19.71875,0.1,0.0,28.0,0.0
3.25678,0x316,0.0,0.0,1.0,6.25,1.49,0.24,20.125,20.125,19.59375,19.71875,0.1,0.0,30.0,0.0
3.26156,0x2B0,0.0,0.0,1.0,6.25,1.49,0.24,20.125,20.125,19.59375,19.71875,0.1,0.0,30.0,0.0
3.26605,0x220,0.0,0.0,1.0,6.25,1.44,0.27,20.125,20.125,19.59375,19.71875,0.1,0.0,30.0,0.0
3.26629,0x386,0.0,0.0,1.0,6.25,1.44,0.27,20.09375,20.09375,19.65625,19.71875,0.1,0.0,30.0,0.0
3.26676,0x316,0.0,0.0,1.0,6.25,1.44,0.27,20.09375,20.09375,19.65625,19.71875,0.1,0.0,30.0,0.0
3.27158,0x2B0,0.0,0.0,1.0,6.25,1.44,0.27,20.09375,20.09375,19.65625,19.71875,0.1,0.0,30.0,0.0
3.27604,0x220,0.0,0.0,1.0,6.25,1.35,0.24,20.09375,20.09375,19.65625,19.71875,0.1,0.0,30.0,0.0
3.27682,0x316,0.0,0.0,1.0,6.25,1.35,0.24,20.09375,20.09375,19.65625,19.71875,0.1,0.0,30.0,0.0
3.28158,0x2B0,0.0,0.0,1.0,6.25,1.35,0.24,20.09375,20.09375,19.65625,19.71875,0.1,0.0,30.0,0.0
3.28605,0x220,0.0,0.0,1.0,6.25,1.27,0.21,20.09375,20.09375,19.65625,19.71875,0.1,0.0,30.0,0.0
3.28628,0x386,0.0,0.0,1.0,6.25,1.27,0.21,20.15625,20.1875,19.65625,19.71875,0.1,0.0,30.0,0.0
3.28699,0x316,0.0,0.0,1.0,6.25,1.27,0.21,20.15625,20.1875,19.65625,19.71875,0.1,0.0,30.0,0.0
3.29158,0x2B0,0.0,0.0,1.0,6.25,1.27,0.21,20.15625,20.1875,19.65625,19.71875,0.1,0.0,30.0,0.0
3.29604,0x220,0.0,0.0,1.0,6.25,1.22,0.23,20.15625,20.1875,19.65625,19.71875,0.1,0.0,30.0,0.0
3.29674,0x316,0.0,0.0,1.0,6.25,1.22,0.23,20.15625,20.1875,19.65625,19.71875,0.1,0.0,30.0,0.0
3.30158,0x2B0,0.0,0.0,1.0,6.25,1.22,0.23,20.15625,20.1875,19.65625,19.71875,0.1,0.0,30.0,0.0
3.30605,0x220,0.0,0.0,1.0,6.25,1.23,0.23,20.15625,20.1875,19.65625,19.71875,0.1,0.0,30.0,0.0
3.30628,0x386,0.0,0.0,1.0,6.25,1.23,0.23,20.0625,20.1875,19.71875,19.71875,0.1,0.0,30.0,0.0
3.30676,0x316,0.0,0.0,1.0,6.25,1.23,0.23,20.0625,20.1875,19.71875,19.71875,0.1,0.0,28.0,0.0
3.31158,0x2B0,0.0,0.0,1.0,6.25,1.23,0.23,20.0625,20.1875,19.71875,19.71875,0.1,0.0,28.0,0.0
3.31605,0x220,0.0,0.0,1.0,6.25,1.28,0.19,20.0625,20.1875,19.71875,19.71875,0.1,0.0,28.0,0.0
3.31715,0x316,0.0,0.0,1.0,6.25,1.28,0.19,20.0625,20.1875,19.71875,19.71875,0.1,0.0,28.0,0.0
3.32158,0x2B0,0.0,0.0,1.0,6.25,1.28,0.19,20.0625,20.1875,19.71875,19.71875,0.1,0.0,28.0,0.0
3.32605,0x220,0.0,0.0,1.0,6.25,1.34,0.18,20.0625,20.1875,19.71875,19.71875,0.1,0.0,28.0,0.0
3.32628,0x386,0.0,0.0,1.0,6.25,1.34,0.18,20.125,19.96875,19.6875,19.6875,0.1,0.0,28.0,0.0
3.327,0x316,0.0,0.0,1.0,6.25,1.34,0.18,20.125,19.96875,19.6875,19.6875,0.1,0.0,28.0,0.0
3.33158,0x2B0,0.0,0.0,1.0,6.25,1.34,0.18,20.125,19.96875,19.6875,19.6875,0.1,0.0,28.0,0.0
3.33604,0x220,0.0,0.0,1.0,6.25,1.37,0.2,20.125,19.96875,19.6875,19.6875,0.1,0.0,28.0,0.0
3.33675,0x316,0.0,0.0,1.0,6.25,1.37,0.2,20.125,19.96875,19.6875,19.6875,0.1,0.0,28.0,0.0
3.34157,0x2B0,0.0,0.0,1.0,6.25,1.37,0.2,20.125,19.96875,19.6875,19.6875,0.1,0.0,28.0,0.0
3.34604,0x220,0.0,0.0,1.0,6.25,1.4,0.21,20.125,19.96875,19.6875,19.6875,0.1,0.0,28.0,0.0
3.34627,0x386,0.0,0.0,1.0,6.25,1.4,0.21,20.0625,20.125,19.6875,19.6875,0.1,0.0,28.0,0.0
3.34699,0x316,0.0,0.0,1.0,6.25,1.4,0.21,20.0625,20.125,19.6875,19.6875,0.1,0.0,28.0,0.0
3.35158,0x2B0,0.0,0.0,1.0,6.25,1.4,0.21,20.0625,20.125,19.6875,19.6875,0.1,0.0,28.0,0.0
3.35606,0x220,0.0,0.0,1.0,6.25,1.45,0.17,20.0625,20.125,19.6875,19.6875,0.1,0.0,28.0,0.0
3.35685,0x316,0.0,0.0,1.0,6.25,1.45,0.17,20.0625,20.125,19.6875,19.6875,0.1,0.0,28.0,0.0
3.36156,0x2B0,0.0,0.0,1.0,6.25,1.45,0.17,20.0625,20.125,19.6875,19.6875,0.1,0.0,28.0,0.0
3.36605,0x220,0.0,0.0,1.0,6.25,1.43,0.02,20.0625,20.125,19.6875,19.6875,0.1,0.0,28.0,0.0
3.36628,0x386,0.0,0.0,1.0,6.25,1.43,0.02,19.9375,20.15625,19.71875,19.71875,0.1,0.0,28.0,0.0
3.36699,0x316,0.0,0.0,1.0,6.25,1.43,0.02,19.9375,20.15625,19.71875,19.71875,0.1,0.0,30.0,0.0
3.37158,0x2B0,0.0,0.0,1.0,6.25,1.43,0.02,19.9375,20.15625,19.71875,19.71875,0.1,0.0,30.0,0.0
3.37604,0x220,0.0,0.0,1.0,6.25,1.36,-0.06,19.9375,20.15625,19.71875,19.71875,0.1,0.0,30.0,0.0
3.37674,0x316,0.0,0.0,1.0,6.25,1.36,-0.06,19.9375,20.15625,19.71875,19.71875,0.1,0.0,30.0,0.0
3.38158,0x2B0,0.0,0.0,1.0,6.25,1.36,-0.06,19.9375,20.15625,19.71875,19.71875,0.1,0.0,30.0,0.0
3.38604,0x220,0.0,0.0,1.0,6.25,1.33,0.06,19.9375,20.15625,19.71875,19.71875,0.1,0.0,30.0,0.0
3.38627,0x386,0.0,0.0,1.0,6.25,1.33,0.06,20.1875,20.03125,19.59375,19.625,0.1,0.0,30.0,0.0
3.38698,0x316,0.0,0.0,1.0,6.25,1.33,0.06,20.1875,20.03125,19.59375,19.625,0.1,0.0,33.0,0.0
3.39157,0x2B0,0.0,0.0,1.0,6.25,1.33,0.06,20.1875,20.03125,19.59375,19.625,0.1,0.0,33.0,0.0
3.39605,0x220,0.0,0.0,1.0,6.25,1.46,0.38,20.1875,20.03125,19.59375,19.625,0.1,0.0,33.0,0.0
3.39684,0x316,0.0,0.0,1.0,6.25,1.46,0.38,20.1875,20.03125,19.59375,19.625,0.1,0.0,33.0,0.0
3.40158,0x2B0,0.0,0.0,1.0,6.25,1.46,0.38,20.1875,20.03125,19.59375,19.625,0.1,0.0,33.0,0.0
3.40604,0x220,0.0,0.0,1.0,6.25,1.68,0.44,20.1875,20.03125,19.59375,19.625,0.1,0.0,33.0,0.0
3.40627,0x386,0.0,0.0,1.0,6.25,1.68,0.44,20.0,20.0625,19.65625,19.78125,0.1,0.0,33.0,0.0
3.40699,0x316,0.0,0.0,1.0,6.25,1.68,0.44,20.0,20.0625,19.65625,19.78125,0.1,0.0,33.0,0.0
3.41157,0x2B0,0.0,0.0,1.0,6.25,1.68,0.44,20.0,20.0625,19.65625,19.78125,0.1,0.0,33.0,0.0
3.41605,0x220,0.0,0.0,1.0,6.25,1.77,0.16,20.0,20.0625,19.65625,19.78125,0.1,0.0,33.0,0.0
3.41685,0x316,0.0,0.0,1.0,6.25,1.77,0.16,20.0,20.0625,19.65625,19.78125,0.1,0.0,33.0,0.0
3.42157,0x2B0,0.0,0.0,1.0,6.25,1.77,0.16,20.0,20.0625,19.65625,19.78125,0.1,0.0,33.0,0.0
3.42604,0x220,0.0,0.0,1.0,6.25,1.58,-0.18,20.0,20.0625,19.65625,19.78125,0.1,0.0,33.0,0.0
3.42627,0x386,0.0,0.0,1.0,6.25,1.58,-0.18,20.15625,20.25,19.65625,19.75,0.1,0.0,33.0,0.0
3.42698,0x316,0.0,0.0,1.0,6.25,1.58,-0.18,20.15625,20.25,19.65625,19.75,0.1,0.0,33.0,0.0
3.43157,0x2B0,0.0,0.0,1.0,6.25,1.58,-0.18,20.15625,20.25,19.65625,19.75,0.1,0.0,33.0,0.0
3.43605,0x220,0.0,0.0,1.0,6.25,1.2,-0.23,20.15625,20.25,19.65625,19.75,0.1,0.0,33.0,0.0
3.43681,0x316,0.0,0.0,1.0,6.25,1.2,-0.23,20.15625,20.25,19.65625,19.75,0.1,0.0,33.0,0.0
3.44157,0x2B0,0.0,0.0,1.0,6.25,1.2,-0.23,20.15625,20.25,19.65625,19.75,0.1,0.0,33.0,0.0
3.44605,0x220,0.0,0.0,1.0,6.25,0.92,0.1,20.15625,20.25,19.65625,19.75,0.1,0.0,33.0,0.0
3.44628,0x386,0.0,0.0,1.0,6.25,0.92,0.1,20.125,20.125,19.65625,19.71875,0.1,0.0,33.0,0.0
3.44699,0x316,0.0,0.0,1.0,6.25,0.92,0.1,20.125,20.125,19.65625,19.71875,0.1,0.0,33.0,0.0
3.45157,0x2B0,0.0,0.0,1.0,6.25,0.92,0.1,20.125,20.125,19.65625,19.71875,0.1,0.0,33.0,0.0
3.45615,0x220,0.0,0.0,1.0,6.25,1.0,0.4,20.125,20.125,19.65625,19.71875,0.1,0.0,33.0,0.0
3.45678,0x316,0.0,0.0,1.0,6.25,1.0,0.4,20.125,20.125,19.65625,19.71875,0.1,0.0,33.0,0.0
3.46158,0x2B0,0.0,0.0,1.0,6.25,1.0,0.4,20.125,20.125,19.65625,19.71875,0.1,0.0,33.0,0.0
3.46605,0x220,0.0,0.0,1.0,6.25,1.44,0.3,20.125,20.125,19.65625,19.71875,0.1,0.0,33.0,0.0
3.46629,0x386,0.0,0.0,1.0,6.25,1.44,0.3,20.1875,20.25,19.5,19.8125,0.1,0.0,33.0,0.0
3.467,0x316,0.0,0.0,1.0,6.25,1.44,0.3,20.1875,20.25,19.5,19.8125,0.1,0.0,33.0,0.0
3.47158,0x2B0,0.0,0.0,1.0,6.25,1.44,0.3,20.1875,20.25,19.5,19.8125,0.1,0.0,33.0,0.0
3.47605,0x220,0.0,0.0,1.0,6.25,1.88,0.0,20.1875,20.25,19.5,19.8125,0.1,0.0,33.0,0.0
3.47676,0x316,0.0,0.0,1.0,6.25,1.88,0.0,20.1875,20.25,19.5,19.8125,0.1,0.0,33.0,0.0
3.48157,0x2B0,0.0,0.0,1.0,6.25,1.88,0.0,20.1875,20.25,19.5,19.8125,0.1,0.0,33.0,0.0
3.48604,0x220,0.0,0.0,1.0,6.25,1.98,-0.25,20.1875,20.25,19.5,19.8125,0.1,0.0,33.0,0.0
3.48628,0x386,0.0,0.0,1.0,6.25,1.98,-0.25,20.125,20.125,19.46875,19.8125,0.1,0.0,33.0,0.0
3.487,0x316,0.0,0.0,1.0,6.25,1.98,-0.25,20.125,20.125,19.46875,19.8125,0.1,0.0,33.0,0.0
3.49156,0x2B0,0.0,0.0,1.0,6.25,1.98,-0.25,20.125,20.125,19.46875,19.8125,0.1,0.0,33.0,0.0
3.49605,0x220,0.0,0.0,1.0,6.25,1.72,-0.19,20.125,20.125,19.46875,19.8125,0.1,0.0,33.0,0.0
3.49674,0x316,0.0,0.0,1.0,6.25,1.72,-0.19,20.125,20.125,19.46875,19.8125,0.1,0.0,33.0,0.0
3.50155,0x2B0,0.0,0.0,1.0,6.25,1.72,-0.19,20.125,20.125,19.46875,19.8125,0.1,0.0,33.0,0.0
3.50605,0x220,0.0,0.0,1.0,6.25,1.26,0.11,20.125,20.125,19.46875,19.8125,0.1,0.0,33.0,0.0
3.50628,0x386,0.0,0.0,1.0,6.25,1.26,0.11,20.28125,20.0625,19.625,19.65625,0.1,0.0,33.0,0.0
3.50699,0x316,0.0,0.0,1.0,6.25,1.26,0.11,20.28125,20.0625,19.625,19.65625,0.1,0.0,33.0,0.0
3.51155,0x2B0,0.0,0.0,1.0,6.25,1.26,0.11,20.28125,20.0625,19.625,19.65625,0.1,0.0,33.0,0.0
3.51605,0x220,0.0,0.0,1.0,6.25,0.9,0.31,20.28125,20.0625,19.625,19.65625,0.1,0.0,33.0,0.0
3.51708,0x316,0.0,0.0,1.0,6.25,0.9,0.31,20.28125,20.0625,19.625,19.65625,0.1,0.0,33.0,0.0
3.52158,0x2B0,0.0,0.0,1.0,6.25,0.9,0.31,20.28125,20.0625,19.625,19.65625,0.1,0.0,33.0,0.0
3.52604,0x220,0.0,0.0,1.0,6.25,0.88,0.2,20.28125,20.0625,19.625,19.65625,0.1,0.0,33.0,0.0
3.52627,0x386,0.0,0.0,1.0,6.25,0.88,0.2,20.1875,20.25,19.5625,19.6875,0.1,0.0,33.0,0.0
3.52699,0x316,0.0,0.0,1.0,6.25,0.88,0.2,20.1875,20.25,19.5625,19.6875,0.1,0.0,33.0,0.0
3.53157,0x2B0,0.0,0.0,1.0,6.25,0.88,0.2,20.1875,20.25,19.5625,19.6875,0.1,0.0,33.0,0.0
3.53605,0x220,0.0,0.0,1.0,6.25,1.18,-0.08,20.1875,20.25,19.5625,19.6875,0.1,0.0,33.0,0.0
3.53676,0x316,0.0,0.0,1.0,6.25,1.18,-0.08,20.1875,20.25,19.5625,19.6875,0.1,0.0,30.0,0.0
3.54163,0x2B0,0.0,0.0,1.0,6.25,1.18,-0.08,20.1875,20.25,19.5625,19.6875,0.1,0.0,30.0,0.0
3.54604,0x220,0.0,0.0,1.0,6.25,1.54,-0.24,20.1875,20.25,19.5625,19.6875,0.1,0.0,30.0,0.0
3.54627,0x386,0.0,0.0,1.0,6.25,1.54,-0.24,20.1875,20.15625,19.75,19.78125,0.1,0.0,30.0,0.0
3.54699,0x316,0.0,0.0,1.0,6.25,1.54,-0.24,20.1875,20.15625,19.75,19.78125,0.1,0.0,30.0,0.0
3.55157,0x2B0,0.0,0.0,1.0,6.25,1.54,-0.24,20.1875,20.15625,19.75,19.78125,0.1,0.0,30.0,0.0
3.5562,0x220,0.0,0.0,1.0,6.25,1.71,-0.01,20.1875,20.15625,19.75,19.78125,0.1,0.0,30.0,0.0
3.55682,0x316,0.0,0.0,1.0,6.25,1.71,-0.01,20.1875,20.15625,19.75,19.78125,0.1,0.0,30.0,0.0
3.56165,0x2B0,0.0,0.0,1.0,6.25,1.71,-0.01,20.1875,20.15625,19.75,19.78125,0.1,0.0,30.0,0.0
3.56605,0x220,0.0,0.0,1.0,6.25,1.72,0.33,20.1875,20.15625,19.75,19.78125,0.1,0.0,30.0,0.0
3.56628,0x386,0.0,0.0,1.0,6.25,1.72,0.33,20.1875,20.09375,19.65625,19.8125,0.1,0.0,30.0,0.0
3.567,0x316,0.0,0.0,1.0,6.25,1.72,0.33,20.1875,20.09375,19.65625,19.8125,0.1,0.0,30.0,0.0
3.57163,0x2B0,0.0,0.0,1.0,6.25,1.72,0.33,20.1875,20.09375,19.65625,19.8125,0.1,0.0,30.0,0.0
3.57605,0x220,0.0,0.0,1.0,6.25,1.61,0.38,20.1875,20.09375,19.65625,19.8125,0.1,0.0,30.0,0.0
3.57675,0x316,0.0,0.0,1.0,6.25,1.61,0.38,20.1875,20.09375,19.65625,19.8125,0.1,0.0,30.0,0.0
3.58161,0x2B0,0.0,0.0,1.0,6.25,1.61,0.38,20.1875,20.09375,19.65625,19.8125,-0.1,8.0,30.0,0.0
3.58605,0x220,0.0,0.0,1.0,6.25,1.4,0.07,20.1875,20.09375,19.65625,19.8125,-0.1,8.0,30.0,0.0
3.58627,0x386,0.0,0.0,1.0,6.25,1.4,0.07,20.25,20.125,19.6875,19.75,-0.1,8.0,30.0,0.0
3.58698,0x316,0.0,0.0,1.0,6.25,1.4,0.07,20.25,20.125,19.6875,19.75,-0.1,8.0,30.0,0.0
3.59154,0x2B0,0.0,0.0,1.0,6.25,1.4,0.07,20.25,20.125,19.6875,19.75,-0.1,8.0,30.0,0.0
3.59605,0x220,0.0,0.0,1.0,6.25,1.15,-0.26,20.25,20.125,19.6875,19.75,-0.1,8.0,30.0,0.0
3.59676,0x316,0.0,0.0,1.0,6.25,1.15,-0.26,20.25,20.125,19.6875,19.75,-0.1,8.0,30.0,0.0
3.60154,0x2B0,0.0,0.0,1.0,6.25,1.15,-0.26,20.25,20.125,19.6875,19.75,-0.1,0.0,30.0,0.0
3.60606,0x220,0.0,0.0,1.0,6.25,0.96,-0.42,20.25,20.125,19.6875,19.75,-0.1,0.0,30.0,0.0
3.60629,0x386,0.0,0.0,1.0,6.25,0.96,-0.42,20.0625,20.25,19.6875,19.75,-0.1,0.0,30.0,0.0
3.60701,0x316,0.0,0.0,1.0,6.25,0.96,-0.42,20.0625,20.25,19.6875,19.75,-0.1,0.0,30.0,0.0
3.61161,0x2B0,0.0,0.0,1.0,6.25,0.96,-0.42,20.0625,20.25,19.6875,19.75,-0.1,0.0,30.0,0.0
3.61605,0x220,0.0,0.0,1.0,6.25,0.86,-0.29,20.0625,20.25,19.6875,19.75,-0.1,0.0,30.0,0.0
3.6169,0x316,0.0,0.0,1.0,6.25,0.86,-0.29,20.0625,20.25,19.6875,19.75,-0.1,0.0,30.0,0.0
3.62159,0x2B0,0.0,0.0,1.0,6.25,0.86,-0.29,20.0625,20.25,19.6875,19.75,-0.2,0.0,30.0,0.0
3.62605,0x220,0.0,0.0,1.0,6.25,0.95,0.0,20.0625,20.25,19.6875,19.75,-0.2,0.0,30.0,0.0
3.62628,0x386,0.0,0.0,1.0,6.25,0.95,0.0,20.28125,20.21875,19.71875,19.78125,-0.2,0.0,30.0,0.0
3.627,0x316,0.0,0.0,1.0,6.25,0.95,0.0,20.28125,20.21875,19.71875,19.78125,-0.2,0.0,30.0,0.0
3.6316,0x2B0,0.0,0.0,1.0,6.25,0.95,0.0,20.28125,20.21875,19.71875,19.78125,-0.2,0.0,30.0,0.0
3.63605,0x220,0.0,0.0,1.0,6.25,1.23,0.31,20.28125,20.21875,19.71875,19.78125,-0.2,0.0,30.0,0.0
3.63679,0x316,0.0,0.0,1.0,6.25,1.23,0.31,20.28125,20.21875,19.71875,19.78125,-0.2,0.0,30.0,0.0
3.64159,0x2B0,0.0,0.0,1.0,6.25,1.23,0.31,20.28125,20.21875,19.71875,19.78125,-0.3,0.0,30.0,0.0
3.64605,0x220,0.0,0.0,1.0,6.25,1.59,0.43,20.28125,20.21875,19.71875,19.78125,-0.3,0.0,30.0,0.0
3.64628,0x386,0.0,0.0,1.0,6.25,1.59,0.43,20.09375,20.125,19.78125,19.71875,-0.3,0.0,30.0,0.0
3.647,0x316,0.0,0.0,1.0,6.25,1.59,0.43,20.09375,20.125,19.78125,19.71875,-0.3,0.0,30.0,0.0
3.65159,0x2B0,0.0,0.0,1.0,6.25,1.59,0.43,20.09375,20.125,19.78125,19.71875,-0.3,0.0,30.0,0.0
3.65605,0x220,0.0,0.0,1.0,6.25,1.85,0.11,20.09375,20.125,19.78125,19.71875,-0.3,0.0,30.0,0.0
3.65683,0x316,0.0,0.0,1.0,6.25,1.85,0.11,20.09375,20.125,19.78125,19.71875,-0.3,0.0,30.0,0.0
3.66158,0x2B0,0.0,0.0,1.0,6.25,1.85,0.11,20.09375,20.125,19.78125,19.71875,-0.3,0.0,30.0,0.0
3.66606,0x220,0.0,0.0,1.0,6.25,1.77,-0.25,20.09375,20.125,19.78125,19.71875,-0.3,0.0,30.0,0.0
3.66629,0x386,0.0,0.0,1.0,6.25,1.77,-0.25,20.15625,20.25,19.71875,19.78125,-0.3,0.0,30.0,0.0
3.667,0x316,0.0,0.0,1.0,6.25,1.77,-0.25,20.15625,20.25,19.71875,19.78125,-0.3,0.0,30.0,0.0
3.67159,0x2B0,0.0,0.0,1.0,6.25,1.77,-0.25,20.15625,20.25,19.71875,19.78125,-0.3,0.0,30.0,0.0
3.67605,0x220,0.0,0.0,1.0,6.25,1.28,-0.27,20.15625,20.25,19.71875,19.78125,-0.3,0.0,30.0,0.0
3.67673,0x316,0.0,0.0,1.0,6.25,1.28,-0.27,20.15625,20.25,19.71875,19.78125,-0.3,0.0,30.0,0.0
3.6816,0x2B0,0.0,0.0,1.0,6.25,1.28,-0.27,20.15625,20.25,19.71875,19.78125,-0.4,0.0,30.0,0.0
3.68605,0x220,0.0,0.0,1.0,6.25,0.74,0.05,20.15625,20.25,19.71875,19.78125,-0.4,0.0,30.0,0.0
3.68628,0x386,0.0,0.0,1.0,6.25,0.74,0.05,20.125,20.0625,19.875,19.75,-0.4,0.0,30.0,0.0
3.687,0x316,0.0,0.0,1.0,6.25,0.74,0.05,20.125,20.0625,19.875,19.75,-0.4,0.0,28.0,0.0
3.69159,0x2B0,0.0,0.0,1.0,6.25,0.74,0.05,20.125,20.0625,19.875,19.75,-0.4,0.0,28.0,0.0
3.69605,0x220,0.0,0.0,1.0,6.25,0.59,0.34,20.125,20.0625,19.875,19.75,-0.4,0.0,28.0,0.0
3.6968,0x316,0.0,0.0,1.0,6.25,0.59,0.34,20.125,20.0625,19.875,19.75,-0.4,0.0,28.0,0.0
3.70159,0x2B0,0.0,0.0,1.0,6.25,0.59,0.34,20.125,20.0625,19.875,19.75,-0.4,0.0,28.0,0.0
3.70605,0x220,0.0,0.0,1.0,6.25,0.86,0.24,20.125,20.0625,19.875,19.75,-0.4,0.0,28.0,0.0
3.70628,0x386,0.0,0.0,1.0,6.25,0.86,0.24,20.0625,20.15625,19.625,19.6875,-0.4,0.0,28.0,0.0
3.70699,0x316,0.0,0.0,1.0,6.25,0.86,0.24,20.0625,20.15625,19.625,19.6875,-0.4,0.0,28.0,0.0
3.7116,0x2B0,0.0,0.0,1.0,6.25,0.86,0.24,20.0625,20.15625,19.625,19.6875,-0.4,0.0,28.0,0.0
3.71606,0x220,0.0,0.0,1.0,6.25,1.33,-0.02,20.0625,20.15625,19.625,19.6875,-0.4,0.0,28.0,0.0
3.71688,0x316,0.0,0.0,1.0,6.25,1.33,-0.02,20.0625,20.15625,19.625,19.6875,-0.4,0.0,28.0,0.0
3.7216,0x2B0,0.0,0.0,1.0,6.25,1.33,-0.02,20.0625,20.15625,19.625,19.6875,-0.5,0.0,28.0,0.0
3.72605,0x220,0.0,0.0,1.0,6.25,1.73,-0.1,20.0625,20.15625,19.625,19.6875,-0.5,0.0,28.0,0.0
3.72628,0x386,0.0,0.0,1.0,6.25,1.73,-0.1,20.09375,20.0625,19.65625,19.71875,-0.5,0.0,28.0,0.0
3.727,0x316,0.0,0.0,1.0,6.25,1.73,-0.1,20.09375,20.0625,19.65625,19.71875,-0.5,0.0,28.0,0.0
3.73154,0x2B0,0.0,0.0,1.0,6.25,1.73,-0.1,20.09375,20.0625,19.65625,19.71875,-0.5,0.0,28.0,0.0
3.73605,0x220,0.0,0.0,1.0,6.25,1.82,0.13,20.09375,20.0625,19.65625,19.71875,-0.5,0.0,28.0,0.0
3.73682,0x316,0.0,0.0,1.0,6.25,1.82,0.13,20.09375,20.0625,19.65625,19.71875,-0.5,0.0,28.0,0.0
3.74154,0x2B0,0.0,0.0,1.0,6.25,1.82,0.13,20.09375,20.0625,19.65625,19.71875,-0.5,0.0,28.0,0.0
3.74605,0x220,0.0,0.0,1.0,6.25,1.6,0.44,20.09375,20.0625,19.65625,19.71875,-0.5,0.0,28.0,0.0
3.74629,0x386,0.0,0.0,1.0,6.25,1.6,0.44,20.0,20.09375,19.625,19.75,-0.5,0.0,28.0,0.0
3.747,0x316,0.0,0.0,1.0,6.25,1.6,0.44,20.0,20.09375,19.625,19.75,-0.5,0.0,28.0,0.0
3.75154,0x2B0,0.0,0.0,1.0,6.25,1.6,0.44,20.0,20.09375,19.625,19.75,-0.5,0.0,28.0,0.0
3.75606,0x220,0.0,0.0,1.0,6.25,1.29,0.42,20.0,20.09375,19.625,19.75,-0.5,0.0,28.0,0.0
3.7568,0x316,0.0,0.0,1.0,6.25,1.29,0.42,20.0,20.09375,19.625,19.75,-0.5,0.0,28.0,0.0
3.76155,0x2B0,0.0,0.0,1.0,6.25,1.29,0.42,20.0,20.09375,19.625,19.75,-0.5,0.0,28.0,0.0
3.76606,0x220,0.0,0.0,1.0,6.25,1.05,0.08,20.0,20.09375,19.625,19.75,-0.5,0.0,28.0,0.0
3.7663,0x386,0.0,0.0,1.0,6.25,1.05,0.08,20.28125,20.1875,19.59375,19.75,-0.5,0.0,28.0,0.0
3.76701,0x316,0.0,0.0,1.0,6.25,1.05,0.08,20.28125,20.1875,19.59375,19.75,-0.5,0.0,30.0,0.0
3.77155,0x2B0,0.0,0.0,1.0,6.25,1.05,0.08,20.28125,20.1875,19.59375,19.75,-0.5,0.0,30.0,0.0
3.77606,0x220,0.0,0.0,1.0,6.25,1.01,-0.18,20.28125,20.1875,19.59375,19.75,-0.5,0.0,30.0,0.0
3.77681,0x316,0.0,0.0,1.0,6.25,1.01,-0.18,20.28125,20.1875,19.59375,19.75,-0.5,0.0,30.0,0.0
3.78155,0x2B0,0.0,0.0,1.0,6.25,1.01,-0.18,20.28125,20.1875,19.59375,19.75,-0.5,0.0,30.0,0.0
3.78605,0x220,0.0,0.0,1.0,6.25,1.16,-0.17,20.28125,20.1875,19.59375,19.75,-0.5,0.0,30.0,0.0
3.78629,0x386,0.0,0.0,1.0,6.25,1.16,-0.17,20.125,20.03125,19.5,19.84375,-0.5,0.0,30.0,0.0
3.78676,0x316,0.0,0.0,1.0,6.25,1.16,-0.17,20.125,20.03125,19.5,19.84375,-0.5,0.0,33.0,0.0
3.79155,0x2B0,0.0,0.0,1.0,6.25,1.16,-0.17,20.125,20.03125,19.5,19.84375,-0.5,0.0,33.0,0.0
3.79606,0x220,0.0,0.0,1.0,6.25,1.33,0.05,20.125,20.03125,19.5,19.84375,-0.5,0.0,33.0,0.0
3.79675,0x316,0.0,0.0,1.0,6.25,1.33,0.05,20.125,20.03125,19.5,19.84375,-0.5,0.0,33.0,0.0
3.80155,0x2B0,0.0,0.0,1.0,6.25,1.33,0.05,20.125,20.03125,19.5,19.84375,-0.5,0.0,33.0,0.0
3.80605,0x220,0.0,0.0,1.0,6.25,1.45,0.29,20.125,20.03125,19.5,19.84375,-0.5,0.0,33.0,0.0
3.80629,0x386,0.0,0.0,1.0,6.25,1.45,0.29,20.15625,20.1875,19.625,19.78125,-0.5,0.0,33.0,0.0
3.807,0x316,0.0,0.0,1.0,6.25,1.45,0.29,20.15625,20.1875,19.625,19.78125,-0.5,0.0,33.0,0.0
3.81155,0x2B0,0.0,0.0,1.0,6.25,1.45,0.29,20.15625,20.1875,19.625,19.78125,-0.5,0.0,33.0,0.0
3.81605,0x220,0.0,0.0,1.0,6.25,1.4,0.39,20.15625,20.1875,19.625,19.78125,-0.5,0.0,33.0,0.0
3.81691,0x316,0.0,0.0,1.0,6.25,1.4,0.39,20.15625,20.1875,19.625,19.78125,-0.5,0.0,33.0,0.0
3.82155,0x2B0,0.0,0.0,1.0,6.25,1.4,0.39,20.15625,20.1875,19.625,19.78125,-0.5,0.0,33.0,0.0
3.82606,0x220,0.0,0.0,1.0,6.25,1.31,0.4,20.15625,20.1875,19.625,19.78125,-0.5,0.0,33.0,0.0
3.82629,0x386,0.0,0.0,1.0,6.25,1.31,0.4,20.15625,20.125,19.5625,19.65625,-0.5,0.0,33.0,0.0
3.82676,0x316,0.0,0.0,1.0,6.25,1.31,0.4,20.15625,20.125,19.5625,19.65625,-0.5,0.0,33.0,0.0
3.83155,0x2B0,0.0,0.0,1.0,6.25,1.31,0.4,20.15625,20.125,19.5625,19.65625,-0.5,0.0,33.0,0.0
3.83605,0x220,0.0,0.0,1.0,6.25,1.43,0.29,20.15625,20.125,19.5625,19.65625,-0.5,0.0,33.0,0.0
3.8368,0x316,0.0,0.0,1.0,6.25,1.43,0.29,20.15625,20.125,19.5625,19.65625,-0.5,0.0,33.0,0.0
3.84155,0x2B0,0.0,0.0,1.0,6.25,1.43,0.29,20.15625,20.125,19.5625,19.65625,-0.5,0.0,33.0,0.0
3.84605,0x220,0.0,0.0,1.0,6.25,1.68,0.09,20.15625,20.125,19.5625,19.65625,-0.5,0.0,33.0,0.0
3.84628,0x386,0.0,0.0,1.0,6.25,1.68,0.09,20.21875,20.21875,19.71875,19.96875,-0.5,0.0,33.0,0.0
3.847,0x316,0.0,0.0,1.0,6.25,1.68,0.09,20.21875,20.21875,19.71875,19.96875,-0.5,0.0,33.0,0.0
3.85155,0x2B0,0.0,0.0,1.0,6.25,1.68,0.09,20.21875,20.21875,19.71875,19.96875,-0.5,0.0,33.0,0.0
3.85605,0x220,0.0,0.0,1.0,6.25,1.75,-0.11,20.21875,20.21875,19.71875,19.96875,-0.5,0.0,33.0,0.0
3.85715,0x316,0.0,0.0,1.0,6.25,1.75,-0.11,20.21875,20.21875,19.71875,19.96875,-0.5,0.0,33.0,0.0
3.86155,0x2B0,0.0,0.0,1.0,6.25,1.75,-0.11,20.21875,20.21875,19.71875,19.96875,-0.5,0.0,33.0,0.0
3.86606,0x220,0.0,0.0,1.0,6.25,1.47,-0.13,20.21875,20.21875,19.71875,19.96875,-0.5,0.0,33.0,0.0
3.86629,0x386,0.0,0.0,1.0,6.25,1.47,-0.13,20.21875,20.15625,19.9375,19.84375,-0.5,0.0,33.0,0.0
3.86676,0x316,0.0,0.0,1.0,6.25,1.47,-0.13,20.21875,20.15625,19.9375,19.84375,-0.5,0.0,33.0,0.0
3.87155,0x2B0,0.0,0.0,1.0,6.25,1.47,-0.13,20.21875,20.15625,19.9375,19.84375,-0.5,0.0,33.0,0.0
3.87606,0x220,0.0,0.0,1.0,6.25,1.08,0.1,20.21875,20.15625,19.9375,19.84375,-0.5,0.0,33.0,0.0
3.87673,0x316,0.0,0.0,1.0,6.25,1.08,0.1,20.21875,20.15625,19.9375,19.84375,-0.5,0.0,33.0,0.0
3.88154,0x2B0,0.0,0.0,1.0,6.25,1.08,0.1,20.21875,20.15625,19.9375,19.84375,-0.5,0.0,33.0,0.0
3.88606,0x220,0.0,0.0,1.0,6.25,0.89,0.39,20.21875,20.15625,19.9375,19.84375,-0.5,0.0,33.0,0.0
3.88629,0x386,0.0,0.0,1.0,6.25,0.89,0.39,20.21875,20.1875,19.75,19.5,-0.5,0.0,33.0,0.0
3.887,0x316,0.0,0.0,1.0,6.25,0.89,0.39,20.21875,20.1875,19.75,19.5,-0.5,0.0,33.0,0.0
3.89154,0x2B0,0.0,0.0,1.0,6.25,0.89,0.39,20.21875,20.1875,19.75,19.5,-0.5,0.0,33.0,0.0
3.89606,0x220,0.0,0.0,1.0,6.25,0.96,0.42,20.21875,20.1875,19.75,19.5,-0.5,0.0,33.0,0.0
3.89679,0x316,0.0,0.0,1.0,6.25,0.96,0.42,20.21875,20.1875,19.75,19.5,-0.5,0.0,33.0,0.0
3.90154,0x2B0,0.0,0.0,1.0,6.25,0.96,0.42,20.21875,20.1875,19.75,19.5,-0.5,0.0,33.0,0.0
3.90606,0x220,0.0,0.0,1.0,6.25,1.25,0.1,20.21875,20.1875,19.75,19.5,-0.5,0.0,33.0,0.0
3.90629,0x386,0.0,0.0,1.0,6.25,1.25,0.1,20.25,20.125,19.53125,19.84375,-0.5,0.0,33.0,0.0
3.907,0x316,0.0,0.0,1.0,6.25,1.25,0.1,20.25,20.125,19.53125,19.84375,-0.5,0.0,33.0,0.0
3.91154,0x2B0,0.0,0.0,1.0,6.25,1.25,0.1,20.25,20.125,19.53125,19.84375,-0.5,0.0,33.0,0.0
3.91606,0x220,0.0,0.0,1.0,6.25,1.56,-0.27,20.25,20.125,19.53125,19.84375,-0.5,0.0,33.0,0.0
3.91692,0x316,0.0,0.0,1.0,6.25,1.56,-0.27,20.25,20.125,19.53125,19.84375,-0.5,0.0,33.0,0.0
3.92154,0x2B0,0.0,0.0,1.0,6.25,1.56,-0.27,20.25,20.125,19.53125,19.84375,-0.5,0.0,33.0,0.0
3.92606,0x220,0.0,0.0,1.0,6.25,1.62,-0.32,20.25,20.125,19.53125,19.84375,-0.5,0.0,33.0,0.0
3.92629,0x386,0.0,0.0,1.0,6.25,1.62,-0.32,20.15625,20.21875,19.40625,19.71875,-0.5,0.0,33.0,0.0
3.927,0x316,0.0,0.0,1.0,6.25,1.62,-0.32,20.15625,20.21875,19.40625,19.71875,-0.5,0.0,33.0,0.0
3.93154,0x2B0,0.0,0.0,1.0,6.25,1.62,-0.32,20.15625,20.21875,19.40625,19.71875,-0.5,0.0,33.0,0.0
3.93606,0x220,0.0,0.0,1.0,6.25,1.37,-0.01,20.15625,20.21875,19.40625,19.71875,-0.5,0.0,33.0,0.0
3.93684,0x316,0.0,0.0,1.0,6.25,1.37,-0.01,20.15625,20.21875,19.40625,19.71875,-0.5,0.0,33.0,0.0
3.94154,0x2B0,0.0,0.0,1.0,6.25,1.37,-0.01,20.15625,20.21875,19.40625,19.71875,-0.5,0.0,33.0,0.0
3.94606,0x220,0.0,0.0,1.0,6.25,1.04,0.23,20.15625,20.21875,19.40625,19.71875,-0.5,0.0,33.0,0.0
3.94629,0x386,0.0,0.0,1.0,6.25,1.04,0.23,20.1875,20.1875,19.9375,19.59375,-0.5,0.0,33.0,0.0
3.94701,0x316,0.0,0.0,1.0,6.25,1.04,0.23,20.1875,20.1875,19.9375,19.59375,-0.5,0.0,33.0,0.0
3.95154,0x2B0,0.0,0.0,1.0,6.25,1.04,0.23,20.1875,20.1875,19.9375,19.59375,-0.5,0.0,33.0,0.0
3.95606,0x220,0.0,0.0,1.0,6.25,0.84,0.32,20.1875,20.1875,19.9375,19.59375,-0.5,0.0,33.0,0.0
3.95715,0x316,0.0,0.0,1.0,6.25,0.84,0.32,20.1875,20.1875,19.9375,19.59375,-0.5,0.0,33.0,0.0
3.96154,0x2B0,0.0,0.0,1.0,6.25,0.84,0.32,20.1875,20.1875,19.9375,19.59375,-0.5,0.0,33.0,0.0
3.96607,0x220,0.0,0.0,1.0,6.25,0.85,0.32,20.1875,20.1875,19.9375,19.59375,-0.5,0.0,33.0,0.0
3.9663,0x386,0.0,0.0,1.0,6.25,0.85,0.32,20.125,20.1875,19.75,19.71875,-0.5,0.0,33.0,0.0
3.96702,0x316,0.0,0.0,1.0,6.25,0.85,0.32,20.125,20.1875,19.75,19.71875,-0.5,0.0,30.0,0.0
3.97154,0x2B0,0.0,0.0,1.0,6.25,0.85,0.32,20.125,20.1875,19.75,19.71875,-0.5,0.0,30.0,0.0
3.97606,0x220,0.0,0.0,1.0,6.25,1.07,0.2,20.125,20.1875,19.75,19.71875,-0.5,0.0,30.0,0.0
3.97682,0x316,0.0,0.0,1.0,6.25,1.07,0.2,20.125,20.1875,19.75,19.71875,-0.5,0.0,30.0,0.0
3.98154,0x2B0,0.0,0.0,1.0,6.25,1.07,0.2,20.125,20.1875,19.75,19.71875,-0.5,0.0,30.0,0.0
3.98606,0x220,0.0,0.0,1.0,6.25,1.29,0.0,20.125,20.1875,19.75,19.71875,-0.5,0.0,30.0,0.0
3.98629,0x386,0.0,0.0,1.0,6.25,1.29,0.0,20.03125,20.125,19.6875,19.90625,-0.5,0.0,30.0,0.0
3.98677,0x316,0.0,0.0,1.0,6.25,1.29,0.0,20.03125,20.125,19.6875,19.90625,-0.5,0.0,30.0,0.0
3.99154,0x2B0,0.0,0.0,1.0,6.25,1.29,0.0,20.03125,20.125,19.6875,19.90625,-0.5,0.0,30.0,0.0
3.99606,0x220,0.0,0.0,1.0,6.25,1.36,-0.09,20.03125,20.125,19.6875,19.90625,-0.5,0.0,30.0,0.0
3.99676,0x316,0.0,0.0,1.0,6.25,1.36,-0.09,20.03125,20.125,19.6875,19.90625,-0.5,0.0,28.0,0.0
4.00154,0x2B0,0.0,0.0,1.0,6.25,1.36,-0.09,20.03125,20.125,19.6875,19.90625,-0.5,0.0,28.0,0.0
4.00606,0x220,0.0,0.0,1.0,6.25,1.24,0.0,20.03125,20.125,19.6875,19.90625,-0.5,0.0,28.0,0.0
4.0063,0x386,0.0,0.0,1.0,6.25,1.24,0.0,20.0625,20.09375,19.90625,19.875,-0.5,0.0,28.0,0.0
4.00701,0x316,0.0,0.0,1.0,6.25,1.24,0.0,20.0625,20.09375,19.90625,19.875,-0.5,0.0,28.0,0.0
4.01154,0x2B0,0.0,0.0,1.0,6.25,1.24,0.0,20.0625,20.09375,19.90625,19.875,-0.5,0.0,28.0,0.0
4.01606,0x220,0.0,0.0,1.0,6.25,1.05,0.17,20.0625,20.09375,19.90625,19.875,-0.5,0.0,28.0,0.0
4.017,0x316,0.0,0.0,1.0,6.25,1.05,0.17,20.0625,20.09375,19.90625,19.875,-0.5,0.0,28.0,0.0
4.02154,0x2B0,0.0,0.0,1.0,6.25,1.05,0.17,20.0625,20.09375,19.90625,19.875,-0.5,0.0,28.0,0.0
4.02606,0x220,0.0,0.0,1.0,6.25,0.98,0.2,20.0625,20.09375,19.90625,19.875,-0.5,0.0,28.0,0.0
4.02629,0x386,0.0,0.0,1.0,6.25,0.98,0.2,20.0,20.0625,19.71875,19.90625,-0.5,0.0,28.0,0.0
4.027,0x316,0.0,0.0,1.0,6.25,0.98,0.2,20.0,20.0625,19.71875,19.90625,-0.5,0.0,28.0,0.0
4.03154,0x2B0,0.0,0.0,1.0,6.25,0.98,0.2,20.0,20.0625,19.71875,19.90625,-0.5,0.0,28.0,0.0
4.03607,0x220,0.0,0.0,1.0,6.25,1.05,0.05,20.0,20.0625,19.71875,19.90625,-0.5,0.0,28.0,0.0
4.03679,0x316,0.0,0.0,1.0,6.25,1.05,0.05,20.0,20.0625,19.71875,19.90625,-0.5,0.0,28.0,0.0
4.04153,0x2B0,0.0,0.0,1.0,6.25,1.05,0.05,20.0,20.0625,19.71875,19.90625,-0.5,0.0,28.0,0.0
4.04606,0x220,0.0,0.0,1.0,6.25,1.2,0.0,20.0,20.0625,19.71875,19.90625,-0.5,0.0,28.0,0.0
4.04629,0x386,0.0,0.0,1.0,6.25,1.2,0.0,20.0,20.03125,19.65625,19.71875,-0.5,0.0,28.0,0.0
4.04701,0x316,0.0,0.0,1.0,6.25,1.2,0.0,20.0,20.03125,19.65625,19.71875,-0.5,0.0,28.0,0.0
4.05154,0x2B0,0.0,0.0,1.0,6.25,1.2,0.0,20.0,20.03125,19.65625,19.71875,-0.5,0.0,28.0,0.0
4.05606,0x220,0.0,0.0,1.0,6.25,1.33,0.1,20.0,20.03125,19.65625,19.71875,-0.5,0.0,28.0,0.0
4.05715,0x316,0.0,0.0,1.0,6.25,1.33,0.1,20.0,20.03125,19.65625,19.71875,-0.5,0.0,28.0,0.0
4.06153,0x2B0,0.0,0.0,1.0,6.25,1.33,0.1,20.0,20.03125,19.65625,19.71875,-0.5,0.0,28.0,0.0
4.06607,0x220,0.0,0.0,1.0,6.25,1.42,0.25,20.0,20.03125,19.65625,19.71875,-0.5,0.0,28.0,0.0
4.0663,0x386,0.0,0.0,1.0,6.25,1.42,0.25,20.0,20.0625,19.65625,19.53125,-0.5,0.0,28.0,0.0
4.06677,0x316,0.0,0.0,1.0,6.25,1.42,0.25,20.0,20.0625,19.65625,19.53125,-0.5,0.0,28.0,0.0
4.07153,0x2B0,0.0,0.0,1.0,6.25,1.42,0.25,20.0,20.0625,19.65625,19.53125,-0.5,0.0,28.0,0.0
4.07606,0x220,0.0,0.0,1.0,6.25,1.43,0.27,20.0,20.0625,19.65625,19.53125,-0.5,0.0,28.0,0.0
4.07674,0x316,0.0,0.0,1.0,6.25,1.43,0.27,20.0,20.0625,19.65625,19.53125,-0.5,0.0,28.0,0.0
4.08154,0x2B0,0.0,0.0,1.0,6.25,1.43,0.27,20.0,20.0625,19.65625,19.53125,-0.5,0.0,28.0,0.0
4.08606,0x220,0.0,0.0,1.0,6.25,1.35,0.08,20.0,20.0625,19.65625,19.53125,-0.5,0.0,28.0,0.0
4.0863,0x386,0.0,0.0,1.0,6.25,1.35,0.08,20.09375,20.09375,19.5,19.875,-0.5,0.0,28.0,0.0
4.08701,0x316,0.0,0.0,1.0,6.25,1.35,0.08,20.09375,20.09375,19.5,19.875,-0.5,0.0,28.0,0.0
4.09154,0x2B0,0.0,0.0,1.0,6.25,1.35,0.08,20.09375,20.09375,19.5,19.875,-0.5,0.0,28.0,0.0
4.09606,0x220,0.0,0.0,1.0,6.25,1.24,-0.08,20.09375,20.09375,19.5,19.875,-0.5,0.0,28.0,0.0
4.09681,0x316,0.0,0.0,1.0,6.25,1.24,-0.08,20.09375,20.09375,19.5,19.875,-0.5,0.0,28.0,0.0
4.10153,0x2B0,0.0,0.0,1.0,6.25,1.24,-0.08,20.09375,20.09375,19.5,19.875,-0.5,0.0,28.0,0.0
4.10606,0x220,0.0,0.0,1.0,6.25,1.21,-0.18,20.09375,20.09375,19.5,19.875,-0.5,0.0,28.0,0.0
4.10629,0x386,0.0,0.0,1.0,6.25,1.21,-0.18,20.125,20.09375,19.53125,19.8125,-0.5,0.0,28.0,0.0
4.10676,0x316,0.0,0.0,1.0,6.25,1.21,-0.18,20.125,20.09375,19.53125,19.8125,-0.5,0.0,28.0,0.0
4.11153,0x2B0,0.0,0.0,1.0,6.25,1.21,-0.18,20.125,20.09375,19.53125,19.8125,-0.5,0.0,28.0,0.0
4.11607,0x220,0.0,0.0,1.0,6.25,1.26,-0.17,20.125,20.09375,19.53125,19.8125,-0.5,0.0,28.0,0.0
4.11694,0x316,0.0,0.0,1.0,6.25,1.26,-0.17,20.125,20.09375,19.53125,19.8125,-0.5,0.0,28.0,0.0
4.12154,0x2B0,0.0,0.0,1.0,6.25,1.26,-0.17,20.125,20.09375,19.53125,19.8125,-0.5,0.0,28.0,0.0
4.12606,0x220,0.0,0.0,1.0,6.25,1.36,-0.01,20.125,20.09375,19.53125,19.8125,-0.5,0.0,28.0,0.0
4.12629,0x386,0.0,0.0,1.0,6.25,1.36,-0.01,20.09375,20.0625,19.59375,19.375,-0.5,0.0,28.0,0.0
4.12701,0x316,0.0,0.0,1.0,6.25,1.36,-0.01,20.09375,20.0625,19.59375,19.375,-0.5,0.0,28.0,0.0
4.13153,0x2B0,0.0,0.0,1.0,6.25,1.36,-0.01,20.09375,20.0625,19.59375,19.375,-0.5,0.0,28.0,0.0
4.13607,0x220,0.0,0.0,1.0,6.25,1.45,0.17,20.09375,20.0625,19.59375,19.375,-0.5,0.0,28.0,0.0
4.13681,0x316,0.0,0.0,1.0,6.25,1.45,0.17,20.09375,20.0625,19.59375,19.375,-0.5,0.0,28.0,0.0
4.14153,0x2B0,0.0,0.0,1.0,6.25,1.45,0.17,20.09375,20.0625,19.59375,19.375,-0.5,0.0,28.0,0.0
4.14606,0x220,0.0,0.0,1.0,6.25,1.58,0.25,20.09375,20.0625,19.59375,19.375,-0.5,0.0,28.0,0.0
4.14629,0x386,0.0,0.0,1.0,6.25,1.58,0.25,20.125,20.125,19.34375,19.59375,-0.5,0.0,28.0,0.0
4.147,0x316,0.0,0.0,1.0,6.25,1.58,0.25,20.125,20.125,19.34375,19.59375,-0.5,0.0,28.0,0.0
4.15153,0x2B0,0.0,0.0,1.0,6.25,1.58,0.25,20.125,20.125,19.34375,19.59375,-0.5,0.0,28.0,0.0
4.15606,0x220,0.0,0.0,1.0,6.25,1.66,0.05,20.125,20.125,19.34375,19.59375,-0.5,0.0,28.0,0.0
4.15716,0x316,0.0,0.0,1.0,6.25,1.66,0.05,20.125,20.125,19.34375,19.59375,-0.5,0.0,28.0,0.0
4.16153,0x2B0,0.0,0.0,1.0,6.25,1.66,0.05,20.125,20.125,19.34375,19.59375,-0.5,0.0,28.0,0.0
4.16607,0x220,0.0,0.0,1.0,6.25,1.6,-0.25,20.125,20.125,19.34375,19.59375,-0.5,0.0,28.0,0.0
4.1663,0x386,0.0,0.0,1.0,6.25,1.6,-0.25,20.09375,20.0,19.5,20.09375,-0.5,0.0,28.0,0.0
4.16702,0x316,0.0,0.0,1.0,6.25,1.6,-0.25,20.09375,20.0,19.5,20.09375,-0.5,0.0,28.0,0.0
4.17153,0x2B0,0.0,0.0,1.0,6.25,1.6,-0.25,20.09375,20.0,19.5,20.09375,-0.5,0.0,28.0,0.0
4.17606,0x220,0.0,0.0,1.0,6.25,1.44,-0.42,20.09375,20.0,19.5,20.09375,-0.5,0.0,28.0,0.0
4.17685,0x316,0.0,0.0,1.0,6.25,1.44,-0.42,20.09375,20.0,19.5,20.09375,-0.5,0.0,28.0,0.0
4.18152,0x2B0,0.0,0.0,1.0,6.25,1.44,-0.42,20.09375,20.0,19.5,20.09375,-0.5,0.0,28.0,0.0
4.18606,0x220,0.0,0.0,1.0,6.25,1.24,-0.27,20.09375,20.0,19.5,20.09375,-0.5,0.0,28.0,0.0
4.18629,0x386,0.0,0.0,1.0,6.25,1.24,-0.27,20.09375,20.03125,19.78125,19.65625,-0.5,0.0,28.0,0.0
4.187,0x316,0.0,0.0,1.0,6.25,1.24,-0.27,20.09375,20.03125,19.78125,19.65625,-0.5,0.0,28.0,0.0
4.19153,0x2B0,0.0,0.0,1.0,6.25,1.24,-0.27,20.09375,20.03125,19.78125,19.65625,-0.5,0.0,28.0,0.0
4.19607,0x220,0.0,0.0,1.0,6.25,1.12,0.04,20.09375,20.03125,19.78125,19.65625,-0.5,0.0,28.0,0.0
4.19678,0x316,0.0,0.0,1.0,6.25,1.12,0.04,20.09375,20.03125,19.78125,19.65625,-0.5,0.0,28.0,0.0
4.20153,0x2B0,0.0,0.0,1.0,6.25,1.12,0.04,20.09375,20.03125,19.78125,19.65625,-0.5,0.0,28.0,0.0
4.20606,0x220,0.0,0.0,1.0,6.25,1.16,0.26,20.09375,20.03125,19.78125,19.65625,-0.5,0.0,28.0,0.0
4.2063,0x386,0.0,0.0,1.0,6.25,1.16,0.26,20.0625,20.03125,19.28125,19.3125,-0.5,0.0,28.0,0.0
4.20702,0x316,0.0,0.0,1.0,6.25,1.16,0.26,20.0625,20.03125,19.28125,19.3125,-0.5,0.0,28.0,0.0
4.21153,0x2B0,0.0,0.0,1.0,6.25,1.16,0.26,20.0625,20.03125,19.28125,19.3125,-0.5,0.0,28.0,0.0
4.21607,0x220,0.0,0.0,1.0,6.25,1.34,0.23,20.0625,20.03125,19.28125,19.3125,-0.5,0.0,28.0,0.0
4.21695,0x316,0.0,0.0,1.0,6.25,1.34,0.23,20.0625,20.03125,19.28125,19.3125,-0.5,0.0,28.0,0.0
4.22152,0x2B0,0.0,0.0,1.0,6.25,1.34,0.23,20.0625,20.03125,19.28125,19.3125,-0.5,0.0,28.0,0.0
4.22606,0x220,0.0,0.0,1.0,6.25,1.54,0.08,20.0625,20.03125,19.28125,19.3125,-0.5,0.0,28.0,0.0
4.22629,0x386,0.0,0.0,1.0,6.25,1.54,0.08,20.0625,20.0,19.25,19.53125,-0.5,0.0,28.0,0.0
4.22676,0x316,0.0,0.0,1.0,6.25,1.54,0.08,20.0625,20.0,19.25,19.53125,-0.5,0.0,28.0,0.0
4.23152,0x2B0,0.0,0.0,1.0,6.25,1.54,0.08,20.0625,20.0,19.25,19.53125,-0.5,0.0,28.0,0.0
4.23606,0x220,0.0,0.0,1.0,6.25,1.6,-0.11,20.0625,20.0,19.25,19.53125,-0.5,0.0,28.0,0.0
4.23681,0x316,0.0,0.0,1.0,6.25,1.6,-0.11,20.0625,20.0,19.25,19.53125,-0.5,0.0,28.0,0.0
4.24152,0x2B0,0.0,0.0,1.0,6.25,1.6,-0.11,20.0625,20.0,19.25,19.53125,-0.5,0.0,28.0,0.0
4.24606,0x220,0.0,0.0,1.0,6.25,1.5,-0.21,20.0625,20.0,19.25,19.53125,-0.5,0.0,28.0,0.0
4.2463,0x386,0.0,0.0,1.0,6.25,1.5,-0.21,20.09375,20.03125,19.59375,19.53125,-0.5,0.0,28.0,0.0
4.24701,0x316,0.0,0.0,1.0,6.25,1.5,-0.21,20.09375,20.03125,19.59375,19.53125,-0.5,0.0,28.0,0.0
4.25153,0x2B0,0.0,0.0,1.0,6.25,1.5,-0.21,20.09375,20.03125,19.59375,19.53125,-0.5,0.0,28.0,0.0
4.25606,0x220,0.0,0.0,1.0,6.25,1.28,-0.11,20.09375,20.03125,19.59375,19.53125,-0.5,0.0,28.0,0.0
4.25715,0x316,0.0,0.0,1.0,6.25,1.28,-0.11,20.09375,20.03125,19.59375,19.53125,-0.5,0.0,30.0,0.0
4.26152,0x2B0,0.0,0.0,1.0,6.25,1.28,-0.11,20.09375,20.03125,19.59375,19.53125,-0.5,0.0,30.0,0.0
4.26608,0x220,0.0,0.0,1.0,6.25,1.1,0.06,20.09375,20.03125,19.59375,19.53125,-0.5,0.0,30.0,0.0
4.2663,0x386,0.0,0.0,1.0,6.25,1.1,0.06,20.0,19.96875,19.59375,19.4375,-0.5,0.0,30.0,0.0
4.26677,0x316,0.0,0.0,1.0,6.25,1.1,0.06,20.0,19.96875,19.59375,19.4375,-0.5,0.0,30.0,0.0
4.27152,0x2B0,0.0,0.0,1.0,6.25,1.1,0.06,20.0,19.96875,19.59375,19.4375,-0.5,0.0,30.0,0.0
4.27607,0x220,0.0,0.0,1.0,6.25,1.1,0.17,20.0,19.96875,19.59375,19.4375,-0.5,0.0,30.0,0.0
4.27675,0x316,0.0,0.0,1.0,6.25,1.1,0.17,20.0,19.96875,19.59375,19.4375,-0.5,0.0,30.0,0.0
4.28152,0x2B0,0.0,0.0,1.0,6.25,1.1,0.17,20.0,19.96875,19.59375,19.4375,-0.5,0.0,30.0,0.0
4.28608,0x220,0.0,0.0,1.0,6.25,1.27,0.18,20.0,19.96875,19.59375,19.4375,-0.5,0.0,30.0,0.0
4.28631,0x386,0.0,0.0,1.0,6.25,1.27,0.18,19.90625,20.03125,19.0,19.375,-0.5,0.0,30.0,0.0
4.28702,0x316,0.0,0.0,1.0,6.25,1.27,0.18,19.90625,20.03125,19.0,19.375,-0.5,0.0,28.0,0.0
4.29152,0x2B0,0.0,0.0,1.0,6.25,1.27,0.18,19.90625,20.03125,19.0,19.375,-0.5,0.0,28.0,0.0
4.29607,0x220,0.0,0.0,1.0,6.25,1.56,0.09,19.90625,20.03125,19.0,19.375,-0.5,0.0,28.0,0.0
4.29681,0x316,0.0,0.0,1.0,6.25,1.56,0.09,19.90625,20.03125,19.0,19.375,-0.5,0.0,28.0,0.0
4.30152,0x2B0,0.0,0.0,1.0,6.25,1.56,0.09,19.90625,20.03125,19.0,19.375,-0.5,0.0,28.0,0.0
4.30607,0x220,0.0,0.0,1.0,6.25,1.78,0.0,19.90625,20.03125,19.0,19.375,-0.5,0.0,28.0,0.0
4.30629,0x386,0.0,0.0,1.0,6.25,1.78,0.0,19.875,19.84375,19.4375,19.28125,-0.5,0.0,28.0,0.0
4.30677,0x316,0.0,0.0,1.0,6.25,1.78,0.0,19.875,19.84375,19.4375,19.28125,-0.5,0.0,28.0,0.0
4.31152,0x2B0,0.0,0.0,1.0,6.25,1.78,0.0,19.875,19.84375,19.4375,19.28125,-0.5,0.0,28.0,0.0
4.31607,0x220,0.0,0.0,1.0,6.25,1.81,0.02,19.875,19.84375,19.4375,19.28125,-0.5,0.0,28.0,0.0
4.31704,0x316,0.0,0.0,1.0,6.25,1.81,0.02,19.875,19.84375,19.4375,19.28125,-0.5,0.0,28.0,0.0
4.32153,0x2B0,0.0,0.0,1.0,6.25,1.81,0.02,19.875,19.84375,19.4375,19.28125,-0.5,0.0,28.0,0.0
4.32606,0x220,0.0,0.0,1.0,6.25,1.65,0.1,19.875,19.84375,19.4375,19.28125,-0.5,0.0,28.0,0.0
4.32629,0x386,0.0,0.0,1.0,6.25,1.65,0.1,19.8125,19.84375,19.78125,19.625,-0.5,0.0,28.0,0.0
4.327,0x316,0.0,0.0,1.0,6.25,1.65,0.1,19.8125,19.84375,19.78125,19.625,-0.5,0.0,28.0,0.0
4.33152,0x2B0,0.0,0.0,1.0,6.25,1.65,0.1,19.8125,19.84375,19.78125,19.625,-0.5,0.0,28.0,0.0
4.33607,0x220,0.0,0.0,1.0,6.25,1.39,0.12,19.8125,19.84375,19.78125,19.625,-0.5,0.0,28.0,0.0
4.33691,0x316,0.0,0.0,1.0,6.25,1.39,0.12,19.8125,19.84375,19.78125,19.625,-0.5,0.0,28.0,0.0
4.34151,0x2B0,0.0,0.0,1.0,6.25,1.39,0.12,19.8125,19.84375,19.78125,19.625,-0.5,0.0,28.0,0.0
4.34607,0x220,0.0,0.0,1.0,6.25,1.14,0.0,19.8125,19.84375,19.78125,19.625,-0.5,0.0,28.0,0.0
4.3463,0x386,0.0,0.0,1.0,6.25,1.14,0.0,19.71875,19.78125,19.71875,19.90625,-0.5,0.0,28.0,0.0
4.34701,0x316,0.0,0.0,1.0,6.25,1.14,0.0,19.71875,19.78125,19.71875,19.90625,-0.5,0.0,28.0,0.0
4.35151,0x2B0,0.0,0.0,1.0,6.25,1.14,0.0,19.71875,19.78125,19.71875,19.90625,-0.5,0.0,28.0,0.0
4.35607,0x220,0.0,0.0,1.0,6.25,1.05,-0.15,19.71875,19.78125,19.71875,19.90625,-0.5,0.0,28.0,0.0
4.35716,0x316,0.0,0.0,1.0,6.25,1.05,-0.15,19.71875,19.78125,19.71875,19.90625,-0.5,0.0,28.0,0.0
4.3615,0x2B0,0.0,0.0,1.0,6.25,1.05,-0.15,19.71875,19.78125,19.71875,19.90625,-0.5,0.0,28.0,0.0
4.36607,0x220,0.0,0.0,1.0,6.25,1.12,-0.19,19.71875,19.78125,19.71875,19.90625,-0.5,0.0,28.0,0.0
4.3663,0x386,0.0,0.0,1.0,6.25,1.12,-0.19,19.71875,19.78125,19.65625,19.875,-0.5,0.0,28.0,0.0
4.36678,0x316,0.0,0.0,1.0,6.25,1.12,-0.19,19.71875,19.78125,19.65625,19.875,-0.5,0.0,28.0,0.0
4.3715,0x2B0,0.0,0.0,1.0,6.25,1.12,-0.19,19.71875,19.78125,19.65625,19.875,-0.5,0.0,28.0,0.0
4.37607,0x220,0.0,0.0,1.0,6.25,1.22,0.0,19.71875,19.78125,19.65625,19.875,-0.5,0.0,28.0,0.0
4.37689,0x316,0.0,0.0,1.0,6.25,1.22,0.0,19.71875,19.78125,19.65625,19.875,-0.5,0.0,30.0,0.0
4.3815,0x2B0,0.0,0.0,1.0,6.25,1.22,0.0,19.71875,19.78125,19.65625,19.875,-0.5,0.0,30.0,0.0
4.38607,0x220,0.0,0.0,1.0,6.25,1.32,0.22,19.71875,19.78125,19.65625,19.875,-0.5,0.0,30.0,0.0
4.3863,0x386,0.0,0.0,1.0,6.25,1.32,0.22,19.71875,19.75,19.71875,19.875,-0.5,0.0,30.0,0.0
4.38702,0x316,0.0,0.0,1.0,6.25,1.32,0.22,19.71875,19.75,19.71875,19.875,-0.5,0.0,30.0,0.0
4.3915,0x2B0,0.0,0.0,1.0,6.25,1.32,0.22,19.71875,19.75,19.71875,19.875,-0.5,0.0,30.0,0.0
4.39607,0x220,0.0,0.0,1.0,6.25,1.4,0.3,19.71875,19.75,19.71875,19.875,-0.5,0.0,30.0,0.0
4.3968,0x316,0.0,0.0,1.0,6.25,1.4,0.3,19.71875,19.75,19.71875,19.875,-0.5,0.0,33.0,0.0
4.4015,0x2B0,0.0,0.0,1.0,6.25,1.4,0.3,19.71875,19.75,19.71875,19.875,-0.5,0.0,33.0,0.0
4.40607,0x220,0.0,0.0,1.0,6.25,1.35,0.15,19.71875,19.75,19.71875,19.875,-0.5,0.0,33.0,0.0
4.40629,0x386,0.0,0.0,1.0,6.25,1.35,0.15,19.78125,19.8125,19.5625,19.84375,-0.5,0.0,33.0,0.0
4.40677,0x316,0.0,0.0,1.0,6.25,1.35,0.15,19.78125,19.8125,19.5625,19.84375,-0.5,0.0,33.0,0.0
4.4115,0x2B0,0.0,0.0,1.0,6.25,1.35,0.15,19.78125,19.8125,19.5625,19.84375,-0.5,0.0,33.0,0.0
4.41608,0x220,0.0,0.0,1.0,6.25,1.17,-0.03,19.78125,19.8125,19.5625,19.84375,-0.5,0.0,33.0,0.0
4.41706,0x316,0.0,0.0,1.0,6.25,1.17,-0.03,19.78125,19.8125,19.5625,19.84375,-0.5,0.0,33.0,0.0
4.4215,0x2B0,0.0,0.0,1.0,6.25,1.17,-0.03,19.78125,19.8125,19.5625,19.84375,-0.5,0.0,33.0,0.0
4.42607,0x220,0.0,0.0,1.0,6.25,0.98,-0.1,19.78125,19.8125,19.5625,19.84375,-0.5,0.0,33.0,0.0
4.4263,0x386,0.0,0.0,1.0,6.25,0.98,-0.1,19.875,20.0,19.46875,19.65625,-0.5,0.0,33.0,0.0
4.42701,0x316,0.0,0.0,1.0,6.25,0.98,-0.1,19.875,20.0,19.46875,19.65625,-0.5,0.0,33.0,0.0
4.4315,0x2B0,0.0,0.0,1.0,6.25,0.98,-0.1,19.875,20.0,19.46875,19.65625,-0.5,0.0,33.0,0.0
4.43607,0x220,0.0,0.0,1.0,6.25,0.88,0.0,19.875,20.0,19.46875,19.65625,-0.5,0.0,33.0,0.0
4.43682,0x316,0.0,0.0,1.0,6.25,0.88,0.0,19.875,20.0,19.46875,19.65625,-0.5,0.0,35.0,0.0
4.44148,0x2B0,0.0,0.0,1.0,6.25,0.88,0.0,19.875,20.0,19.46875,19.65625,-0.5,0.0,35.0,0.0
4.44607,0x220,0.0,0.0,1.0,6.25,0.93,0.22,19.875,20.0,19.46875,19.65625,-0.5,0.0,35.0,0.0
4.44631,0x386,0.0,0.0,1.0,6.25,0.93,0.22,20.03125,19.9375,19.375,19.5625,-0.5,0.0,35.0,0.0
4.44678,0x316,0.0,0.0,1.0,6.25,0.93,0.22,20.03125,19.9375,19.375,19.5625,-0.5,0.0,38.0,0.0
4.4515,0x2B0,0.0,0.0,1.0,6.25,0.93,0.22,20.03125,19.9375,19.375,19.5625,-0.5,0.0,38.0,0.0
4.45607,0x220,0.0,0.0,1.0,6.25,1.09,0.28,20.03125,19.9375,19.375,19.5625,-0.5,0.0,38.0,0.0
4.45716,0x316,0.0,0.0,1.0,6.25,1.09,0.28,20.03125,19.9375,19.375,19.5625,-0.5,0.0,38.0,0.0
4.46149,0x2B0,0.0,0.0,1.0,6.25,1.09,0.28,20.03125,19.9375,19.375,19.5625,-0.5,0.0,38.0,0.0
4.46608,0x220,0.0,0.0,1.0,6.25,1.24,0.23,20.03125,19.9375,19.375,19.5625,-0.5,0.0,38.0,0.0
4.46632,0x386,0.0,0.0,1.0,6.25,1.24,0.23,20.03125,20.0,19.46875,19.46875,-0.5,0.0,38.0,0.0
4.46703,0x316,0.0,0.0,1.0,6.25,1.24,0.23,20.03125,20.0,19.46875,19.46875,-0.5,0.0,38.0,0.0
4.47149,0x2B0,0.0,0.0,1.0,6.25,1.24,0.23,20.03125,20.0,19.46875,19.46875,-0.5,0.0,38.0,0.0
4.47607,0x220,0.0,0.0,1.0,6.25,1.29,0.12,20.03125,20.0,19.46875,19.46875,-0.5,0.0,38.0,0.0
4.47677,0x316,0.0,0.0,1.0,6.25,1.29,0.12,20.03125,20.0,19.46875,19.46875,-0.5,0.0,38.0,0.0
4.48149,0x2B0,0.0,0.0,1.0,6.25,1.29,0.12,20.03125,20.0,19.46875,19.46875,-0.5,0.0,38.0,0.0
4.48607,0x220,0.0,0.0,1.0,6.25,1.23,0.0,20.03125,20.0,19.46875,19.46875,-0.5,0.0,38.0,0.0
4.48631,0x386,0.0,0.0,1.0,6.25,1.23,0.0,20.0625,20.0625,19.46875,19.53125,-0.5,0.0,38.0,0.0
4.48678,0x316,0.0,0.0,1.0,6.25,1.23,0.0,20.0625,20.0625,19.46875,19.53125,-0.5,0.0,35.0,0.0
4.49149,0x2B0,0.0,0.0,1.0,6.25,1.23,0.0,20.0625,20.0625,19.46875,19.53125,-0.5,0.0,35.0,0.0
4.49607,0x220,0.0,0.0,1.0,6.25,1.14,0.0,20.0625,20.0625,19.46875,19.53125,-0.5,0.0,35.0,0.0
4.49684,0x316,0.0,0.0,1.0,6.25,1.14,0.0,20.0625,20.0625,19.46875,19.53125,-0.5,0.0,35.0,0.0
4.50149,0x2B0,0.0,0.0,1.0,6.25,1.14,0.0,20.0625,20.0625,19.46875,19.53125,-0.5,0.0,35.0,0.0
4.50607,0x220,0.0,0.0,1.0,6.25,1.08,0.08,20.0625,20.0625,19.46875,19.53125,-0.5,0.0,35.0,0.0
4.5063,0x386,0.0,0.0,1.0,6.25,1.08,0.08,20.1875,20.0,19.5,19.4375,-0.5,0.0,35.0,0.0
4.50701,0x316,0.0,0.0,1.0,6.25,1.08,0.08,20.1875,20.0,19.5,19.4375,-0.5,0.0,33.0,0.0
4.51149,0x2B0,0.0,0.0,1.0,6.25,1.08,0.08,20.1875,20.0,19.5,19.4375,-0.5,0.0,33.0,0.0
4.51608,0x220,0.0,0.0,1.0,6.25,1.2,0.23,20.1875,20.0,19.5,19.4375,-0.5,0.0,33.0,0.0
4.51689,0x316,0.0,0.0,1.0,6.25,1.2,0.23,20.1875,20.0,19.5,19.4375,-0.5,0.0,30.0,0.0
4.52149,0x2B0,0.0,0.0,1.0,6.25,1.2,0.23,20.1875,20.0,19.5,19.4375,-0.5,0.0,30.0,0.0
4.52607,0x220,0.0,0.0,1.0,6.25,1.42,0.17,20.1875,20.0,19.5,19.4375,-0.5,0.0,30.0,0.0
4.5263,0x386,0.0,0.0,1.0,6.25,1.42,0.17,19.875,19.9375,19.3125,19.34375,-0.5,0.0,30.0,0.0
4.52677,0x316,0.0,0.0,1.0,6.25,1.42,0.17,19.875,19.9375,19.3125,19.34375,-0.5,0.0,30.0,0.0
4.53148,0x2B0,0.0,0.0,1.0,6.25,1.42,0.17,19.875,19.9375,19.3125,19.34375,-0.5,0.0,30.0,0.0
4.53607,0x220,0.0,0.0,1.0,6.25,1.52,-0.06,19.875,19.9375,19.3125,19.34375,-0.5,0.0,30.0,0.0
4.53685,0x316,0.0,0.0,1.0,6.25,1.52,-0.06,19.875,19.9375,19.3125,19.34375,-0.5,0.0,30.0,0.0
4.54148,0x2B0,0.0,0.0,1.0,6.25,1.52,-0.06,19.875,19.9375,19.3125,19.34375,-0.5,0.0,30.0,0.0
4.54607,0x220,0.0,0.0,1.0,6.25,1.47,-0.2,19.875,19.9375,19.3125,19.34375,-0.5,0.0,30.0,0.0
4.54629,0x386,0.0,0.0,1.0,6.25,1.47,-0.2,20.375,20.1875,19.21875,19.34375,-0.5,0.0,30.0,0.0
4.54701,0x316,0.0,0.0,1.0,6.25,1.47,-0.2,20.375,20.1875,19.21875,19.34375,-0.5,0.0,30.0,0.0
4.55149,0x2B0,0.0,0.0,1.0,6.25,1.47,-0.2,20.375,20.1875,19.21875,19.34375,-0.5,0.0,30.0,0.0
4.55607,0x220,0.0,0.0,1.0,6.25,1.25,-0.04,20.375,20.1875,19.21875,19.34375,-0.5,0.0,30.0,0.0
4.55717,0x316,0.0,0.0,1.0,6.25,1.25,-0.04,20.375,20.1875,19.21875,19.34375,-0.5,0.0,30.0,0.0
4.56149,0x2B0,0.0,0.0,1.0,6.25,1.25,-0.04,20.375,20.1875,19.21875,19.34375,-0.5,0.0,30.0,0.0
4.56608,0x220,0.0,0.0,1.0,6.25,1.06,0.13,20.375,20.1875,19.21875,19.34375,-0.5,0.0,30.0,0.0
4.56632,0x386,0.0,0.0,1.0,6.25,1.06,0.13,19.90625,19.8125,19.46875,19.375,-0.5,0.0,30.0,0.0
4.56679,0x316,0.0,0.0,1.0,6.25,1.06,0.13,19.90625,19.8125,19.46875,19.375,-0.5,0.0,33.0,0.0
4.57149,0x2B0,0.0,0.0,1.0,6.25,1.06,0.13,19.90625,19.8125,19.46875,19.375,-0.5,0.0,33.0,0.0
4.57607,0x220,0.0,0.0,1.0,6.25,1.07,0.11,19.90625,19.8125,19.46875,19.375,-0.5,0.0,33.0,0.0
4.57681,0x316,0.0,0.0,1.0,6.25,1.07,0.11,19.90625,19.8125,19.46875,19.375,-0.5,0.0,35.0,0.0
4.5815,0x2B0,0.0,0.0,1.0,6.25,1.07,0.11,19.90625,19.8125,19.46875,19.375,-0.5,0.0,35.0,0.0
4.58607,0x220,0.0,0.0,1.0,6.25,1.21,-0.18,19.90625,19.8125,19.46875,19.375,-0.5,0.0,35.0,0.0
4.5863,0x386,0.0,0.0,1.0,6.25,1.21,-0.18,20.0625,20.25,19.4375,19.5625,-0.5,0.0,35.0,0.0
4.58702,0x316,0.0,0.0,1.0,6.25,1.21,-0.18,20.0625,20.25,19.4375,19.5625,-0.5,0.0,38.0,0.0
4.59151,0x2B0,0.0,0.0,1.0,6.25,1.21,-0.18,20.0625,20.25,19.4375,19.5625,-0.5,0.0,38.0,0.0
4.59608,0x220,0.0,0.0,1.0,6.25,1.26,-0.47,20.0625,20.25,19.4375,19.5625,-0.5,0.0,38.0,0.0
4.59674,0x316,0.0,0.0,1.0,6.25,1.26,-0.47,20.0625,20.25,19.4375,19.5625,-0.5,0.0,38.0,0.0
4.60155,0x2B0,0.0,0.0,1.0,6.25,1.26,-0.47,20.0625,20.25,19.4375,19.5625,-0.5,0.0,38.0,0.0
4.60607,0x220,0.0,0.0,1.0,6.25,1.25,-0.38,20.0625,20.25,19.4375,19.5625,-0.5,0.0,38.0,0.0
4.60631,0x386,0.0,0.0,1.0,6.25,1.25,-0.38,20.0,19.90625,19.5625,19.5625,-0.5,0.0,38.0,0.0
4.60679,0x316,0.0,0.0,1.0,6.25,1.25,-0.38,20.0,19.90625,19.5625,19.5625,-0.5,0.0,38.0,0.0
4.61155,0x2B0,0.0,0.0,1.0,6.25,1.25,-0.38,20.0,19.90625,19.5625,19.5625,-0.5,0.0,38.0,0.0
4.61608,0x220,0.0,0.0,1.0,6.25,1.37,0.08,20.0,19.90625,19.5625,19.5625,-0.5,0.0,38.0,0.0
4.61699,0x316,0.0,0.0,1.0,6.25,1.37,0.08,20.0,19.90625,19.5625,19.5625,-0.5,0.0,38.0,0.0
4.62152,0x2B0,0.0,0.0,1.0,6.25,1.37,0.08,20.0,19.90625,19.5625,19.5625,-0.7,8.0,38.0,0.0
4.62608,0x220,0.0,0.0,1.0,6.25,1.62,0.4,20.0,19.90625,19.5625,19.5625,-0.7,8.0,38.0,0.0
4.62631,0x386,0.0,0.0,1.0,6.25,1.62,0.4,20.03125,20.125,19.46875,19.3125,-0.7,8.0,38.0,0.0
4.62702,0x316,0.0,0.0,1.0,6.25,1.62,0.4,20.03125,20.125,19.46875,19.3125,-0.7,8.0,38.0,0.0
4.63155,0x2B0,0.0,0.0,1.0,6.25,1.62,0.4,20.03125,20.125,19.46875,19.3125,-0.7,8.0,38.0,0.0
4.63608,0x220,0.0,0.0,1.0,6.25,1.87,0.06,20.03125,20.125,19.46875,19.3125,-0.7,8.0,38.0,0.0
4.63678,0x316,0.0,0.0,1.0,6.25,1.87,0.06,20.03125,20.125,19.46875,19.3125,-0.7,8.0,33.0,0.0
4.64157,0x2B0,0.0,0.0,1.0,6.25,1.87,0.06,20.03125,20.125,19.46875,19.3125,-0.7,0.0,33.0,0.0
4.64607,0x220,0.0,0.0,1.0,6.25,1.98,-0.49,20.03125,20.125,19.46875,19.3125,-0.7,0.0,33.0,0.0
4.6463,0x386,0.0,0.0,1.0,6.25,1.98,-0.49,19.84375,19.90625,19.59375,19.53125,-0.7,0.0,33.0,0.0
4.64678,0x316,0.0,0.0,1.0,6.25,1.98,-0.49,19.84375,19.90625,19.59375,19.53125,-0.7,0.0,28.0,0.0
4.65156,0x2B0,0.0,0.0,1.0,6.25,1.98,-0.49,19.84375,19.90625,19.59375,19.53125,-0.7,0.0,28.0,0.0
4.65608,0x220,0.0,0.0,1.0,6.25,1.82,-0.72,19.84375,19.90625,19.59375,19.53125,-0.7,0.0,28.0,0.0
4.65717,0x316,0.0,0.0,1.0,6.25,1.82,-0.72,19.84375,19.90625,19.59375,19.53125,-0.7,0.0,22.0,0.0
4.66156,0x2B0,0.0,0.0,1.0,6.25,1.82,-0.72,19.84375,19.90625,19.59375,19.53125,-0.7,0.0,22.0,0.0
4.66608,0x220,0.0,0.0,1.0,6.25,1.55,-0.4,19.84375,19.90625,19.59375,19.53125,-0.7,0.0,22.0,0.0
4.66631,0x386,0.0,0.0,1.0,6.25,1.55,-0.4,19.90625,19.9375,19.53125,19.625,-0.7,0.0,22.0,0.0
4.66679,0x316,0.0,0.0,1.0,6.25,1.55,-0.4,19.90625,19.9375,19.53125,19.625,-0.7,0.0,22.0,0.0
4.67157,0x2B0,0.0,0.0,1.0,6.25,1.55,-0.4,19.90625,19.9375,19.53125,19.625,-0.7,0.0,22.0,0.0
4.67609,0x220,0.0,0.0,1.0,6.25,1.29,0.01,19.90625,19.9375,19.53125,19.625,-0.7,0.0,22.0,0.0
4.67672,0x316,0.0,0.0,1.0,6.25,1.29,0.01,19.90625,19.9375,19.53125,19.625,-0.7,0.0,20.0,0.0
4.68156,0x2B0,0.0,0.0,1.0,6.25,1.29,0.01,19.90625,19.9375,19.53125,19.625,-0.7,0.0,20.0,0.0
4.68607,0x220,0.0,0.0,1.0,6.25,1.16,0.18,19.90625,19.9375,19.53125,19.625,-0.7,0.0,20.0,0.0
4.6863,0x386,0.0,0.0,1.0,6.25,1.16,0.18,19.78125,19.875,19.46875,19.53125,-0.7,0.0,20.0,0.0
4.68678,0x316,0.0,0.0,1.0,6.25,1.16,0.18,19.78125,19.875,19.46875,19.53125,-0.7,0.0,20.0,0.0
4.69156,0x2B0,0.0,0.0,1.0,6.25,1.16,0.18,19.78125,19.875,19.46875,19.53125,-0.7,0.0,20.0,0.0
4.69608,0x220,0.0,0.0,1.0,6.25,1.17,0.07,19.78125,19.875,19.46875,19.53125,-0.7,0.0,20.0,0.0
4.69674,0x316,0.0,0.0,1.0,6.25,1.17,0.07,19.78125,19.875,19.46875,19.53125,-0.7,0.0,20.0,0.0
4.70156,0x2B0,0.0,0.0,1.0,6.25,1.17,0.07,19.78125,19.875,19.46875,19.53125,-0.7,0.0,20.0,0.0
4.70607,0x220,0.0,0.0,1.0,6.25,1.3,-0.1,19.78125,19.875,19.46875,19.53125,-0.7,0.0,20.0,0.0
4.7063,0x386,0.0,0.0,1.0,6.25,1.3,-0.1,19.78125,19.75,19.4375,19.5625,-0.7,0.0,20.0,0.0
4.70701,0x316,0.0,0.0,1.0,6.25,1.3,-0.1,19.78125,19.75,19.4375,19.5625,-0.7,0.0,20.0,0.0
4.71156,0x2B0,0.0,0.0,1.0,6.25,1.3,-0.1,19.78125,19.75,19.4375,19.5625,-0.7,0.0,20.0,0.0
4.71608,0x220,0.0,0.0,1.0,6.25,1.47,-0.16,19.78125,19.75,19.4375,19.5625,-0.7,0.0,20.0,0.0
4.71685,0x316,0.0,0.0,1.0,6.25,1.47,-0.16,19.78125,19.75,19.4375,19.5625,-0.7,0.0,25.0,0.0
4.72155,0x2B0,0.0,0.0,1.0,6.25,1.47,-0.16,19.78125,19.75,19.4375,19.5625,-0.7,0.0,25.0,0.0
4.72608,0x220,0.0,0.0,1.0,6.25,1.58,-0.09,19.78125,19.75,19.4375,19.5625,-0.7,0.0,25.0,0.0
4.72631,0x386,0.0,0.0,1.0,6.25,1.58,-0.09,19.75,19.78125,19.4375,19.625,-0.7,0.0,25.0,0.0
4.72678,0x316,0.0,0.0,1.0,6.25,1.58,-0.09,19.75,19.78125,19.4375,19.625,-0.7,0.0,25.0,0.0
4.73156,0x2B0,0.0,0.0,1.0,6.25,1.58,-0.09,19.75,19.78125,19.4375,19.625,-0.7,0.0,25.0,0.0
4.73608,0x220,0.0,0.0,1.0,6.25,1.52,0.0,19.75,19.78125,19.4375,19.625,-0.7,0.0,25.0,0.0
4.73678,0x316,0.0,0.0,1.0,6.25,1.52,0.0,19.75,19.78125,19.4375,19.625,-0.7,0.0,30.0,0.0
4.74156,0x2B0,0.0,0.0,1.0,6.25,1.52,0.0,19.75,19.78125,19.4375,19.625,-0.7,0.0,30.0,0.0
4.74608,0x220,0.0,0.0,1.0,6.25,1.33,0.07,19.75,19.78125,19.4375,19.625,-0.7,0.0,30.0,0.0
4.74631,0x386,0.0,0.0,1.0,6.25,1.33,0.07,19.6875,19.71875,19.34375,19.53125,-0.7,0.0,30.0,0.0
4.74702,0x316,0.0,0.0,1.0,6.25,1.33,0.07,19.6875,19.71875,19.34375,19.53125,-0.7,0.0,33.0,0.0
4.75154,0x2B0,0.0,0.0,1.0,6.25,1.33,0.07,19.6875,19.71875,19.34375,19.53125,-0.7,0.0,33.0,0.0
4.75608,0x220,0.0,0.0,1.0,6.25,1.16,0.14,19.6875,19.71875,19.34375,19.53125,-0.7,0.0,33.0,0.0
4.75717,0x316,0.0,0.0,1.0,6.25,1.16,0.14,19.6875,19.71875,19.34375,19.53125,-0.7,0.0,35.0,0.0
4.76154,0x2B0,0.0,0.0,1.0,6.25,1.16,0.14,19.6875,19.71875,19.34375,19.53125,-0.8,0.0,35.0,0.0
4.76609,0x220,0.0,0.0,1.0,6.25,1.11,0.16,19.6875,19.71875,19.34375,19.53125,-0.8,0.0,35.0,0.0
4.76632,0x386,0.0,0.0,1.0,6.25,1.11,0.16,19.78125,19.78125,19.1875,19.40625,-0.8,0.0,35.0,0.0
4.76679,0x316,0.0,0.0,1.0,6.25,1.11,0.16,19.78125,19.78125,19.1875,19.40625,-0.8,0.0,35.0,0.0
4.77148,0x2B0,0.0,0.0,1.0,6.25,1.11,0.16,19.78125,19.78125,19.1875,19.40625,-0.8,0.0,35.0,0.0
4.77608,0x220,0.0,0.0,1.0,6.25,1.15,0.1,19.78125,19.78125,19.1875,19.40625,-0.8,0.0,35.0,0.0
4.77675,0x316,0.0,0.0,1.0,6.25,1.15,0.1,19.78125,19.78125,19.1875,19.40625,-0.8,0.0,35.0,0.0
4.78146,0x2B0,0.0,0.0,1.0,6.25,1.15,0.1,19.78125,19.78125,19.1875,19.40625,-0.8,0.0,35.0,0.0
4.78609,0x220,0.0,0.0,1.0,6.25,1.25,0.05,19.78125,19.78125,19.1875,19.40625,-0.8,0.0,35.0,0.0
4.78631,0x386,0.0,0.0,1.0,6.25,1.25,0.05,19.8125,19.8125,19.1875,19.34375,-0.8,0.0,35.0,0.0
4.78703,0x316,0.0,0.0,1.0,6.25,1.25,0.05,19.8125,19.8125,19.1875,19.34375,-0.8,0.0,33.0,0.0
4.79151,0x2B0,0.0,0.0,1.0,6.25,1.25,0.05,19.8125,19.8125,19.1875,19.34375,-0.8,0.0,33.0,0.0
4.79608,0x220,0.0,0.0,1.0,6.25,1.32,0.13,19.8125,19.8125,19.1875,19.34375,-0.8,0.0,33.0,0.0
4.79675,0x316,0.0,0.0,1.0,6.25,1.32,0.13,19.8125,19.8125,19.1875,19.34375,-0.8,0.0,33.0,0.0
4.80151,0x2B0,0.0,0.0,1.0,6.25,1.32,0.13,19.8125,19.8125,19.1875,19.34375,-0.8,0.0,33.0,0.0
4.80608,0x220,0.0,0.0,1.0,6.25,1.34,0.29,19.8125,19.8125,19.1875,19.34375,-0.8,0.0,33.0,0.0
4.80631,0x386,0.0,0.0,1.0,6.25,1.34,0.29,19.84375,19.8125,19.28125,19.53125,-0.8,0.0,33.0,0.0
4.80679,0x316,0.0,0.0,1.0,6.25,1.34,0.29,19.84375,19.8125,19.28125,19.53125,-0.8,0.0,30.0,0.0
4.81153,0x2B0,0.0,0.0,1.0,6.25,1.34,0.29,19.84375,19.8125,19.28125,19.53125,-0.9,0.0,30.0,0.0
4.81608,0x220,0.0,0.0,1.0,6.25,1.33,0.39,19.84375,19.8125,19.28125,19.53125,-0.9,0.0,30.0,0.0
4.81688,0x316,0.0,0.0,1.0,6.25,1.33,0.39,19.84375,19.8125,19.28125,19.53125,-0.9,0.0,28.0,0.0
4.82153,0x2B0,0.0,0.0,1.0,6.25,1.33,0.39,19.84375,19.8125,19.28125,19.53125,-0.9,0.0,28.0,0.0
4.82608,0x220,0.0,0.0,1.0,6.25,1.24,0.34,19.84375,19.8125,19.28125,19.53125,-0.9,0.0,28.0,0.0
4.82631,0x386,0.0,0.0,1.0,6.25,1.24,0.34,19.84375,19.78125,19.46875,19.3125,-0.9,0.0,28.0,0.0
4.82702,0x316,0.0,0.0,1.0,6.25,1.24,0.34,19.84375,19.78125,19.46875,19.3125,-0.9,0.0,28.0,0.0
4.83152,0x2B0,0.0,0.0,1.0,6.25,1.24,0.34,19.84375,19.78125,19.46875,19.3125,-0.9,0.0,28.0,0.0
4.83608,0x220,0.0,0.0,1.0,6.25,1.17,0.19,19.84375,19.78125,19.46875,19.3125,-0.9,0.0,28.0,0.0
4.83678,0x316,0.0,0.0,1.0,6.25,1.17,0.19,19.84375,19.78125,19.46875,19.3125,-0.9,0.0,28.0,0.0
4.84155,0x2B0,0.0,0.0,1.0,6.25,1.17,0.19,19.84375,19.78125,19.46875,19.3125,-1.0,0.0,28.0,0.0
4.84608,0x220,0.0,0.0,1.0,6.25,1.2,0.13,19.84375,19.78125,19.46875,19.3125,-1.0,0.0,28.0,0.0
4.84631,0x386,0.0,0.0,1.0,6.25,1.2,0.13,19.84375,19.8125,19.25,19.40625,-1.0,0.0,28.0,0.0
4.84703,0x316,0.0,0.0,1.0,6.25,1.2,0.13,19.84375,19.8125,19.25,19.40625,-1.0,0.0,28.0,0.0
4.85148,0x2B0,0.0,0.0,1.0,6.25,1.2,0.13,19.84375,19.8125,19.25,19.40625,-1.0,0.0,28.0,0.0
4.85608,0x220,0.0,0.0,1.0,6.25,1.26,0.21,19.84375,19.8125,19.25,19.40625,-1.0,0.0,28.0,0.0
4.85674,0x316,0.0,0.0,1.0,6.25,1.26,0.21,19.84375,19.8125,19.25,19.40625,-1.0,0.0,28.0,0.0
4.86147,0x2B0,0.0,0.0,1.0,6.25,1.26,0.21,19.84375,19.8125,19.25,19.40625,-1.0,0.0,28.0,0.0
4.86609,0x220,0.0,0.0,1.0,6.25,1.3,0.28,19.84375,19.8125,19.25,19.40625,-1.0,0.0,28.0,0.0
4.86631,0x386,0.0,0.0,1.0,6.25,1.3,0.28,19.84375,19.8125,19.3125,19.375,-1.0,0.0,28.0,0.0
4.86702,0x316,0.0,0.0,1.0,6.25,1.3,0.28,19.84375,19.8125,19.3125,19.375,-1.0,0.0,28.0,0.0
4.87153,0x2B0,0.0,0.0,1.0,6.25,1.3,0.28,19.84375,19.8125,19.3125,19.375,-1.0,0.0,28.0,0.0
4.87608,0x220,0.0,0.0,1.0,6.25,1.38,0.3,19.84375,19.8125,19.3125,19.375,-1.0,0.0,28.0,0.0
4.87677,0x316,0.0,0.0,1.0,6.25,1.38,0.3,19.84375,19.8125,19.3125,19.375,-1.0,0.0,30.0,0.0
4.88153,0x2B0,0.0,0.0,1.0,6.25,1.38,0.3,19.84375,19.8125,19.3125,19.375,-1.0,0.0,30.0,0.0
4.88608,0x220,0.0,0.0,1.0,6.25,1.46,0.24,19.84375,19.8125,19.3125,19.375,-1.0,0.0,30.0,0.0
4.88631,0x386,0.0,0.0,1.0,6.25,1.46,0.24,19.8125,19.78125,19.3125,19.40625,-1.0,0.0,30.0,0.0
4.88678,0x316,0.0,0.0,1.0,6.25,1.46,0.24,19.8125,19.78125,19.3125,19.40625,-1.0,0.0,30.0,0.0
4.89155,0x2B0,0.0,0.0,1.0,6.25,1.46,0.24,19.8125,19.78125,19.3125,19.40625,-1.0,0.0,30.0,0.0
4.89608,0x220,0.0,0.0,1.0,6.25,1.54,0.17,19.8125,19.78125,19.3125,19.40625,-1.0,0.0,30.0,0.0
4.89671,0x316,0.0,0.0,1.0,6.25,1.54,0.17,19.8125,19.78125,19.3125,19.40625,-1.0,0.0,30.0,0.0
4.90153,0x2B0,0.0,0.0,1.0,6.25,1.54,0.17,19.8125,19.78125,19.3125,19.40625,-1.1,0.0,30.0,0.0
4.90608,0x220,0.0,0.0,1.0,6.25,1.59,0.13,19.8125,19.78125,19.3125,19.40625,-1.1,0.0,30.0,0.0
4.90631,0x386,0.0,0.0,1.0,6.25,1.59,0.13,19.8125,19.8125,19.21875,19.40625,-1.1,0.0,30.0,0.0
4.90702,0x316,0.0,0.0,1.0,6.25,1.59,0.13,19.8125,19.8125,19.21875,19.40625,-1.1,0.0,30.0,0.0
4.91147,0x2B0,0.0,0.0,1.0,6.25,1.59,0.13,19.8125,19.8125,19.21875,19.40625,-1.1,0.0,30.0,0.0
4.91609,0x220,0.0,0.0,1.0,6.25,1.61,0.1,19.8125,19.8125,19.21875,19.40625,-1.1,0.0,30.0,0.0
4.91694,0x316,0.0,0.0,1.0,6.25,1.61,0.1,19.8125,19.8125,19.21875,19.40625,-1.1,0.0,30.0,0.0
4.92147,0x2B0,0.0,0.0,1.0,6.25,1.61,0.1,19.8125,19.8125,19.21875,19.40625,-1.1,0.0,30.0,0.0
4.92608,0x220,0.0,0.0,1.0,6.25,1.61,0.14,19.8125,19.8125,19.21875,19.40625,-1.1,0.0,30.0,0.0
4.92631,0x386,0.0,0.0,1.0,6.25,1.61,0.14,19.78125,19.84375,19.4375,19.3125,-1.1,0.0,30.0,0.0
4.92679,0x316,0.0,0.0,1.0,6.25,1.61,0.14,19.78125,19.84375,19.4375,19.3125,-1.1,0.0,30.0,0.0
4.93146,0x2B0,0.0,0.0,1.0,6.25,1.61,0.14,19.78125,19.84375,19.4375,19.3125,-1.1,0.0,30.0,0.0
4.93608,0x220,0.0,0.0,1.0,6.25,1.57,0.18,19.78125,19.84375,19.4375,19.3125,-1.1,0.0,30.0,0.0
4.93671,0x316,0.0,0.0,1.0,6.25,1.57,0.18,19.78125,19.84375,19.4375,19.3125,-1.1,0.0,30.0,0.0
4.94154,0x2B0,0.0,0.0,1.0,6.25,1.57,0.18,19.78125,19.84375,19.4375,19.3125,-1.1,0.0,30.0,0.0
4.94609,0x220,0.0,0.0,1.0,6.25,1.53,0.2,19.78125,19.84375,19.4375,19.3125,-1.1,0.0,30.0,0.0
4.94632,0x386,0.0,0.0,1.0,6.25,1.53,0.2,19.71875,19.78125,19.34375,19.28125,-1.1,0.0,30.0,0.0
4.94703,0x316,0.0,0.0,1.0,6.25,1.53,0.2,19.71875,19.78125,19.34375,19.28125,-1.1,0.0,28.0,0.0
4.95147,0x2B0,0.0,0.0,1.0,6.25,1.53,0.2,19.71875,19.78125,19.34375,19.28125,-1.1,0.0,28.0,0.0
4.95609,0x220,0.0,0.0,1.0,6.25,1.54,0.15,19.71875,19.78125,19.34375,19.28125,-1.1,0.0,28.0,0.0
4.95718,0x316,0.0,0.0,1.0,6.25,1.54,0.15,19.71875,19.78125,19.34375,19.28125,-1.1,0.0,28.0,0.0
4.96153,0x2B0,0.0,0.0,1.0,6.25,1.54,0.15,19.71875,19.78125,19.34375,19.28125,-1.1,0.0,28.0,0.0
4.96609,0x220,0.0,0.0,1.0,6.25,1.59,0.02,19.71875,19.78125,19.34375,19.28125,-1.1,0.0,28.0,0.0
4.96632,0x386,0.0,0.0,1.0,6.25,1.59,0.02,19.75,19.8125,19.25,19.5,-1.1,0.0,28.0,0.0
4.96679,0x316,0.0,0.0,1.0,6.25,1.59,0.02,19.75,19.8125,19.25,19.5,-1.1,0.0,28.0,0.0
4.97152,0x2B0,0.0,0.0,1.0,6.25,1.59,0.02,19.75,19.8125,19.25,19.5,-1.1,0.0,28.0,0.0
4.97609,0x220,0.0,0.0,1.0,6.25,1.62,-0.02,19.75,19.8125,19.25,19.5,-1.1,0.0,28.0,0.0
4.97673,0x316,0.0,0.0,1.0,6.25,1.62,-0.02,19.75,19.8125,19.25,19.5,-1.1,0.0,28.0,0.0
4.98154,0x2B0,0.0,0.0,1.0,6.25,1.62,-0.02,19.75,19.8125,19.25,19.5,-1.1,0.0,28.0,0.0
4.98608,0x220,0.0,0.0,1.0,6.25,1.63,0.0,19.75,19.8125,19.25,19.5,-1.1,0.0,28.0,0.0
4.9863,0x386,0.0,0.0,1.0,6.25,1.63,0.0,19.71875,19.75,19.3125,19.625,-1.1,0.0,28.0,0.0
4.98702,0x316,0.0,0.0,1.0,6.25,1.63,0.0,19.71875,19.75,19.3125,19.625,-1.1,0.0,28.0,0.0
4.99154,0x2B0,0.0,0.0,1.0,6.25,1.63,0.0,19.71875,19.75,19.3125,19.625,-1.1,0.0,28.0,0.0
4.99609,0x220,0.0,0.0,1.0,6.25,1.6,0.05,19.71875,19.75,19.3125,19.625,-1.1,0.0,28.0,0.0
4.99682,0x316,0.0,0.0,1.0,6.25,1.6,0.05,19.71875,19.75,19.3125,19.625,-1.1,0.0,30.0,0.0
5.00155,0x2B0,0.0,0.0,1.0,6.25,1.6,0.05,19.71875,19.75,19.3125,19.625,-1.1,0.0,30.0,0.0
5.00608,0x220,0.0,0.0,1.0,6.25,1.58,0.13,19.71875,19.75,19.3125,19.625,-1.1,0.0,30.0,0.0
5.00631,0x386,0.0,0.0,1.0,6.25,1.58,0.13,19.6875,19.84375,19.21875,19.40625,-1.1,0.0,30.0,0.0
5.00678,0x316,0.0,0.0,1.0,6.25,1.58,0.13,19.6875,19.84375,19.21875,19.40625,-1.1,0.0,30.0,0.0
5.01155,0x2B0,0.0,0.0,1.0,6.25,1.58,0.13,19.6875,19.84375,19.21875,19.40625,-1.1,0.0,30.0,0.0
5.01609,0x220,0.0,0.0,1.0,6.25,1.56,0.17,19.6875,19.84375,19.21875,19.40625,-1.1,0.0,30.0,0.0
5.01688,0x316,0.0,0.0,1.0,6.25,1.56,0.17,19.6875,19.84375,19.21875,19.40625,-1.1,0.0,33.0,0.0
5.02153,0x2B0,0.0,0.0,1.0,6.25,1.56,0.17,19.6875,19.84375,19.21875,19.40625,-1.2,0.0,33.0,0.0
5.02608,0x220,0.0,0.0,1.0,6.25,1.54,0.11,19.6875,19.84375,19.21875,19.40625,-1.2,0.0,33.0,0.0
5.0263,0x386,0.0,0.0,1.0,6.25,1.54,0.11,19.78125,19.78125,19.0625,19.25,-1.2,0.0,33.0,0.0
5.02702,0x316,0.0,0.0,1.0,6.25,1.54,0.11,19.78125,19.78125,19.0625,19.25,-1.2,0.0,33.0,0.0
5.03155,0x2B0,0.0,0.0,1.0,6.25,1.54,0.11,19.78125,19.78125,19.0625,19.25,-1.2,0.0,33.0,0.0
5.03609,0x220,0.0,0.0,1.0,6.25,1.54,0.02,19.78125,19.78125,19.0625,19.25,-1.2,0.0,33.0,0.0
5.03684,0x316,0.0,0.0,1.0,6.25,1.54,0.02,19.78125,19.78125,19.0625,19.25,-1.2,0.0,35.0,0.0
5.04155,0x2B0,0.0,0.0,1.0,6.25,1.54,0.02,19.78125,19.78125,19.0625,19.25,-1.2,0.0,35.0,0.0
5.04609,0x220,0.0,0.0,1.0,6.25,1.55,0.0,19.78125,19.78125,19.0625,19.25,-1.2,0.0,35.0,0.0
5.04631,0x386,0.0,0.0,1.0,6.25,1.55,0.0,19.78125,19.8125,18.8125,19.28125,-1.2,0.0,35.0,0.0
5.04678,0x316,0.0,0.0,1.0,6.25,1.55,0.0,19.78125,19.8125,18.8125,19.28125,-1.2,0.0,35.0,0.0
5.05153,0x2B0,0.0,0.0,1.0,6.25,1.55,0.0,19.78125,19.8125,18.8125,19.28125,-1.2,0.0,35.0,0.0
5.05609,0x220,0.0,0.0,1.0,6.25,1.49,0.0,19.78125,19.8125,18.8125,19.28125,-1.2,0.0,35.0,0.0
5.05673,0x316,0.0,0.0,1.0,6.25,1.49,0.0,19.78125,19.8125,18.8125,19.28125,-1.2,0.0,35.0,0.0
5.06152,0x2B0,0.0,0.0,1.0,6.25,1.49,0.0,19.78125,19.8125,18.8125,19.28125,-1.3,0.0,35.0,0.0
5.0661,0x220,0.0,0.0,1.0,6.25,1.45,0.08,19.78125,19.8125,18.8125,19.28125,-1.3,0.0,35.0,0.0
5.06633,0x386,0.0,0.0,1.0,6.25,1.45,0.08,19.8125,19.71875,18.65625,18.90625,-1.3,0.0,35.0,0.0
5.0668,0x316,0.0,0.0,1.0,6.25,1.45,0.08,19.8125,19.71875,18.65625,18.90625,-1.3,0.0,35.0,0.0
5.07156,0x2B0,0.0,0.0,1.0,6.25,1.45,0.08,19.8125,19.71875,18.65625,18.90625,-1.3,0.0,35.0,0.0
5.07609,0x220,0.0,0.0,1.0,6.25,1.53,0.12,19.8125,19.71875,18.65625,18.90625,-1.3,0.0,35.0,0.0
5.07678,0x316,0.0,0.0,1.0,6.25,1.53,0.12,19.8125,19.71875,18.65625,18.90625,-1.3,0.0,35.0,0.0
5.08153,0x2B0,0.0,0.0,1.0,6.25,1.53,0.12,19.8125,19.71875,18.65625,18.90625,-1.3,0.0,35.0,0.0
5.08609,0x220,0.0,0.0,1.0,6.25,1.68,0.04,19.8125,19.71875,18.65625,18.90625,-1.3,0.0,35.0,0.0
5.08632,0x386,0.0,0.0,1.0,6.25,1.68,0.04,19.65625,19.78125,18.84375,19.25,-1.3,0.0,35.0,0.0
5.08679,0x316,0.0,0.0,1.0,6.25,1.68,0.04,19.65625,19.78125,18.84375,19.25,-1.3,0.0,35.0,0.0
5.09155,0x2B0,0.0,0.0,1.0,6.25,1.68,0.04,19.65625,19.78125,18.84375,19.25,-1.3,0.0,35.0,0.0
5.09609,0x220,0.0,0.0,1.0,6.25,1.83,-0.05,19.65625,19.78125,18.84375,19.25,-1.3,0.0,35.0,0.0
5.09671,0x316,0.0,0.0,1.0,6.25,1.83,-0.05,19.65625,19.78125,18.84375,19.25,-1.3,0.0,33.0,0.0
5.10155,0x2B0,0.0,0.0,1.0,6.25,1.83,-0.05,19.65625,19.78125,18.84375,19.25,-1.4,0.0,33.0,0.0
5.1061,0x220,0.0,0.0,1.0,6.25,1.94,-0.07,19.65625,19.78125,18.84375,19.25,-1.4,0.0,33.0,0.0
5.10632,0x386,0.0,0.0,1.0,6.25,1.94,-0.07,19.625,19.65625,19.1875,19.34375,-1.4,0.0,33.0,0.0
5.10704,0x316,0.0,0.0,1.0,6.25,1.94,-0.07,19.625,19.65625,19.1875,19.34375,-1.4,0.0,33.0,0.0
5.1115,0x2B0,0.0,0.0,1.0,6.25,1.94,-0.07,19.625,19.65625,19.1875,19.34375,-1.4,0.0,33.0,0.0
5.11609,0x220,0.0,0.0,1.0,6.25,2.03,0.0,19.625,19.65625,19.1875,19.34375,-1.4,0.0,33.0,0.0
5.1169,0x316,0.0,0.0,1.0,6.25,2.03,0.0,19.625,19.65625,19.1875,19.34375,-1.4,0.0,30.0,0.0
5.12153,0x2B0,0.0,0.0,1.0,6.25,2.03,0.0,19.625,19.65625,19.1875,19.34375,-1.4,0.0,30.0,0.0
5.12609,0x220,0.0,0.0,1.0,6.25,2.07,0.08,19.625,19.65625,19.1875,19.34375,-1.4,0.0,30.0,0.0
5.12632,0x386,0.0,0.0,1.0,6.25,2.07,0.08,19.59375,19.59375,19.875,19.59375,-1.4,0.0,30.0,0.0
5.12679,0x316,0.0,0.0,1.0,6.25,2.07,0.08,19.59375,19.59375,19.875,19.59375,-1.4,0.0,30.0,0.0
5.13153,0x2B0,0.0,0.0,1.0,6.25,2.07,0.08,19.59375,19.59375,19.875,19.59375,-1.4,0.0,30.0,0.0
5.13609,0x220,0.0,0.0,1.0,6.25,2.07,0.06,19.59375,19.59375,19.875,19.59375,-1.4,0.0,30.0,0.0
5.13674,0x316,0.0,0.0,1.0,6.25,2.07,0.06,19.59375,19.59375,19.875,19.59375,-1.4,0.0,25.0,0.0
5.14152,0x2B0,0.0,0.0,1.0,6.25,2.07,0.06,19.59375,19.59375,19.875,19.59375,-1.4,0.0,25.0,0.0
5.14609,0x220,0.0,0.0,1.0,6.25,2.13,-0.07,19.59375,19.59375,19.875,19.59375,-1.4,0.0,25.0,0.0
5.14631,0x386,0.0,0.0,1.0,6.25,2.13,-0.07,19.59375,19.625,19.5625,19.65625,-1.4,0.0,25.0,0.0
5.14703,0x316,0.0,0.0,1.0,6.25,2.13,-0.07,19.59375,19.625,19.5625,19.65625,-1.4,0.0,25.0,0.0
5.15145,0x2B0,0.0,0.0,1.0,6.25,2.13,-0.07,19.59375,19.625,19.5625,19.65625,-1.4,0.0,25.0,0.0
5.15609,0x220,0.0,0.0,1.0,6.25,2.16,-0.26,19.59375,19.625,19.5625,19.65625,-1.4,0.0,25.0,0.0
5.1572,0x316,0.0,0.0,1.0,6.25,2.16,-0.26,19.59375,19.625,19.5625,19.65625,-1.4,0.0,25.0,0.0
5.16149,0x2B0,0.0,0.0,1.0,6.25,2.16,-0.26,19.59375,19.625,19.5625,19.65625,-1.4,0.0,25.0,0.0
5.16609,0x220,0.0,0.0,1.0,6.25,2.13,-0.37,19.59375,19.625,19.5625,19.65625,-1.4,0.0,25.0,0.0
5.16632,0x386,0.0,0.0,1.0,6.25,2.13,-0.37,19.59375,19.53125,19.28125,19.53125,-1.4,0.0,25.0,0.0
5.16679,0x316,0.0,0.0,1.0,6.25,2.13,-0.37,19.59375,19.53125,19.28125,19.53125,-1.4,0.0,25.0,0.0
5.17149,0x2B0,0.0,0.0,1.0,6.25,2.13,-0.37,19.59375,19.53125,19.28125,19.53125,-1.4,0.0,25.0,0.0
5.17608,0x220,0.0,0.0,1.0,6.25,2.01,-0.37,19.59375,19.53125,19.28125,19.53125,-1.4,0.0,25.0,0.0
5.17672,0x316,0.0,0.0,1.0,6.25,2.01,-0.37,19.59375,19.53125,19.28125,19.53125,-1.4,0.0,25.0,0.0
5.18149,0x2B0,0.0,0.0,1.0,6.25,2.01,-0.37,19.59375,19.53125,19.28125,19.53125,-1.4,0.0,25.0,0.0
5.18609,0x220,0.0,0.0,1.0,6.25,1.77,-0.31,19.59375,19.53125,19.28125,19.53125,-1.4,0.0,25.0,0.0
5.18631,0x386,0.0,0.0,1.0,6.25,1.77,-0.31,19.59375,19.59375,19.53125,19.4375,-1.4,0.0,25.0,0.0
5.18679,0x316,0.0,0.0,1.0,6.25,1.77,-0.31,19.59375,19.59375,19.53125,19.4375,-1.4,0.0,28.0,0.0
5.19148,0x2B0,0.0,0.0,1.0,6.25,1.77,-0.31,19.59375,19.59375,19.53125,19.4375,-1.4,0.0,28.0,0.0
5.19609,0x220,0.0,0.0,1.0,6.25,1.55,-0.26,19.59375,19.59375,19.53125,19.4375,-1.4,0.0,28.0,0.0
5.19685,0x316,0.0,0.0,1.0,6.25,1.55,-0.26,19.59375,19.59375,19.53125,19.4375,-1.4,0.0,33.0,0.0
5.20148,0x2B0,0.0,0.0,1.0,6.25,1.55,-0.26,19.59375,19.59375,19.53125,19.4375,-1.4,0.0,33.0,0.0
5.20609,0x220,0.0,0.0,1.0,6.25,1.47,-0.24,19.59375,19.59375,19.53125,19.4375,-1.4,0.0,33.0,0.0
5.20632,0x386,0.0,0.0,1.0,6.25,1.47,-0.24,19.6875,19.65625,19.375,19.375,-1.4,0.0,33.0,0.0
5.20679,0x316,0.0,0.0,1.0,6.25,1.47,-0.24,19.6875,19.65625,19.375,19.375,-1.4,0.0,35.0,0.0
5.21148,0x2B0,0.0,0.0,1.0,6.25,1.47,-0.24,19.6875,19.65625,19.375,19.375,-1.4,0.0,35.0,0.0
5.21609,0x220,0.0,0.0,1.0,6.25,1.5,-0.23,19.6875,19.65625,19.375,19.375,-1.4,0.0,35.0,0.0
5.21689,0x316,0.0,0.0,1.0,6.25,1.5,-0.23,19.6875,19.65625,19.375,19.375,-1.4,0.0,40.0,0.0
5.22148,0x2B0,0.0,0.0,1.0,6.25,1.5,-0.23,19.6875,19.65625,19.375,19.375,-1.4,0.0,40.0,0.0
5.22611,0x220,0.0,0.0,1.0,6.25,1.57,-0.21,19.6875,19.65625,19.375,19.375,-1.4,0.0,40.0,0.0
5.22634,0x386,0.0,0.0,1.0,6.25,1.57,-0.21,19.78125,19.6875,19.40625,19.4375,-1.4,0.0,40.0,0.0
5.22681,0x316,0.0,0.0,1.0,6.25,1.57,-0.21,19.78125,19.6875,19.40625,19.4375,-1.4,0.0,40.0,0.0
5.23153,0x2B0,0.0,0.0,1.0,6.25,1.57,-0.21,19.78125,19.6875,19.40625,19.4375,-1.4,0.0,40.0,0.0
5.23611,0x220,0.0,0.0,1.0,6.25,1.6,-0.22,19.78125,19.6875,19.40625,19.4375,-1.4,0.0,40.0,0.0
5.23686,0x316,0.0,0.0,1.0,6.25,1.6,-0.22,19.78125,19.6875,19.40625,19.4375,-1.4,0.0,43.0,0.0
5.24152,0x2B0,0.0,0.0,1.0,6.25,1.6,-0.22,19.78125,19.6875,19.40625,19.4375,-1.5,0.0,43.0,0.0
5.2461,0x220,0.0,0.0,1.0,6.25,1.64,-0.16,19.78125,19.6875,19.40625,19.4375,-1.5,0.0,43.0,0.0
5.24633,0x386,0.0,0.0,1.0,6.25,1.64,-0.16,19.78125,19.75,19.34375,19.3125,-1.5,0.0,43.0,0.0
5.2468,0x316,0.0,0.0,1.0,6.25,1.64,-0.16,19.78125,19.75,19.34375,19.3125,-1.5,0.0,43.0,0.0
5.25149,0x2B0,0.0,0.0,1.0,6.25,1.64,-0.16,19.78125,19.75,19.34375,19.3125,-1.5,0.0,43.0,0.0
5.25611,0x220,0.0,0.0,1.0,6.25,1.64,-0.04,19.78125,19.75,19.34375,19.3125,-1.5,0.0,43.0,0.0
5.25719,0x316,0.0,0.0,1.0,6.25,1.64,-0.04,19.78125,19.75,19.34375,19.3125,-1.5,0.0,43.0,0.0
5.26148,0x2B0,0.0,0.0,1.0,6.25,1.64,-0.04,19.78125,19.75,19.34375,19.3125,-1.5,0.0,43.0,0.0
5.26613,0x220,0.0,0.0,1.0,6.25,1.53,0.02,19.78125,19.75,19.34375,19.3125,-1.5,0.0,43.0,0.0
5.26635,0x386,0.0,0.0,1.0,6.25,1.53,0.02,19.875,19.8125,19.1875,19.1875,-1.5,0.0,43.0,0.0
5.26683,0x316,0.0,0.0,1.0,6.25,1.53,0.02,19.875,19.8125,19.1875,19.1875,-1.5,0.0,40.0,0.0
5.27147,0x2B0,0.0,0.0,1.0,6.25,1.53,0.02,19.875,19.8125,19.1875,19.1875,-1.5,0.0,40.0,0.0
5.27611,0x220,0.0,0.0,1.0,6.25,1.39,0.07,19.875,19.8125,19.1875,19.1875,-1.5,0.0,40.0,0.0
5.27685,0x316,0.0,0.0,1.0,6.25,1.39,0.07,19.875,19.8125,19.1875,19.1875,-1.5,0.0,38.0,0.0
5.28147,0x2B0,0.0,0.0,1.0,6.25,1.39,0.07,19.875,19.8125,19.1875,19.1875,-1.5,0.0,38.0,0.0
5.28612,0x220,0.0,0.0,1.0,6.25,1.25,0.03,19.875,19.8125,19.1875,19.1875,-1.5,0.0,38.0,0.0
5.28634,0x386,0.0,0.0,1.0,6.25,1.25,0.03,19.78125,19.78125,19.28125,19.28125,-1.5,0.0,38.0,0.0
5.28682,0x316,0.0,0.0,1.0,6.25,1.25,0.03,19.78125,19.78125,19.28125,19.28125,-1.5,0.0,33.0,0.0
5.29149,0x2B0,0.0,0.0,1.0,6.25,1.25,0.03,19.78125,19.78125,19.28125,19.28125,-1.5,0.0,33.0,0.0
5.29612,0x220,0.0,0.0,1.0,6.25,1.09,0.0,19.78125,19.78125,19.28125,19.28125,-1.5,0.0,33.0,0.0
5.29673,0x316,0.0,0.0,1.0,6.25,1.09,0.0,19.78125,19.78125,19.28125,19.28125,-1.5,0.0,30.0,0.0
5.30149,0x2B0,0.0,0.0,1.0,6.25,1.09,0.0,19.78125,19.78125,19.28125,19.28125,-1.5,0.0,30.0,0.0
5.30611,0x220,0.0,0.0,1.0,6.25,0.98,0.0,19.78125,19.78125,19.28125,19.28125,-1.5,0.0,30.0,0.0
5.30633,0x386,0.0,0.0,1.0,6.25,0.98,0.0,19.65625,19.8125,19.09375,19.25,-1.5,0.0,30.0,0.0
5.30681,0x316,0.0,0.0,1.0,6.25,0.98,0.0,19.65625,19.8125,19.09375,19.25,-1.5,0.0,28.0,0.0
5.31148,0x2B0,0.0,0.0,1.0,6.25,0.98,0.0,19.65625,19.8125,19.09375,19.25,-1.5,0.0,28.0,0.0
5.31612,0x220,0.0,0.0,1.0,6.25,0.99,0.14,19.65625,19.8125,19.09375,19.25,-1.5,0.0,28.0,0.0
5.31714,0x316,0.0,0.0,1.0,6.25,0.99,0.14,19.65625,19.8125,19.09375,19.25,-1.5,0.0,28.0,0.0
5.32147,0x2B0,0.0,0.0,1.0,6.25,0.99,0.14,19.65625,19.8125,19.09375,19.25,-1.5,0.0,28.0,0.0
5.32613,0x220,0.0,0.0,1.0,6.25,1.07,0.36,19.65625,19.8125,19.09375,19.25,-1.5,0.0,28.0,0.0
5.32636,0x386,0.0,0.0,1.0,6.25,1.07,0.36,19.8125,19.78125,18.96875,19.21875,-1.5,0.0,28.0,0.0
5.32683,0x316,0.0,0.0,1.0,6.25,1.07,0.36,19.8125,19.78125,18.96875,19.21875,-1.5,0.0,28.0,0.0
5.33152,0x2B0,0.0,0.0,1.0,6.25,1.07,0.36,19.8125,19.78125,18.96875,19.21875,-1.5,0.0,28.0,0.0
5.33612,0x220,0.0,0.0,1.0,6.25,1.17,0.5,19.8125,19.78125,18.96875,19.21875,-1.5,0.0,28.0,0.0
5.33676,0x316,0.0,0.0,1.0,6.25,1.17,0.5,19.8125,19.78125,18.96875,19.21875,-1.5,0.0,28.0,0.0
5.3415,0x2B0,0.0,0.0,1.0,6.25,1.17,0.5,19.8125,19.78125,18.96875,19.21875,-1.5,0.0,28.0,0.0
5.34611,0x220,0.0,0.0,1.0,6.25,1.28,0.46,19.8125,19.78125,18.96875,19.21875,-1.5,0.0,28.0,0.0
5.34634,0x386,0.0,0.0,1.0,6.25,1.28,0.46,19.625,19.78125,19.03125,19.25,-1.5,0.0,28.0,0.0
5.34682,0x316,0.0,0.0,1.0,6.25,1.28,0.46,19.625,19.78125,19.03125,19.25,-1.5,0.0,28.0,0.0
5.35152,0x2B0,0.0,0.0,1.0,6.25,1.28,0.46,19.625,19.78125,19.03125,19.25,-1.5,0.0,28.0,0.0
5.35612,0x220,0.0,0.0,1.0,6.25,1.24,0.24,19.625,19.78125,19.03125,19.25,-1.5,0.0,28.0,0.0
5.35721,0x316,0.0,0.0,1.0,6.25,1.24,0.24,19.625,19.78125,19.03125,19.25,-1.5,0.0,28.0,0.0
5.36152,0x2B0,0.0,0.0,1.0,6.25,1.24,0.24,19.625,19.78125,19.03125,19.25,-1.6,0.0,28.0,0.0
5.36612,0x220,0.0,0.0,1.0,6.25,1.02,0.13,19.625,19.78125,19.03125,19.25,-1.6,0.0,28.0,0.0
5.36635,0x386,0.0,0.0,1.0,6.25,1.02,0.13,19.78125,19.71875,19.09375,19.21875,-1.6,0.0,28.0,0.0
5.36683,0x316,0.0,0.0,1.0,6.25,1.02,0.13,19.78125,19.71875,19.09375,19.21875,-1.6,0.0,28.0,0.0
5.37147,0x2B0,0.0,0.0,1.0,6.25,1.02,0.13,19.78125,19.71875,19.09375,19.21875,-1.6,0.0,28.0,0.0
5.37612,0x220,0.0,0.0,1.0,6.25,0.77,0.3,19.78125,19.71875,19.09375,19.21875,-1.6,0.0,28.0,0.0
5.37673,0x316,0.0,0.0,1.0,6.25,0.77,0.3,19.78125,19.71875,19.09375,19.21875,-1.6,0.0,30.0,0.0
5.38144,0x2B0,0.0,0.0,1.0,6.25,0.77,0.3,19.78125,19.71875,19.09375,19.21875,-1.6,0.0,30.0,0.0
5.38612,0x220,0.0,0.0,1.0,6.25,0.69,0.57,19.78125,19.71875,19.09375,19.21875,-1.6,0.0,30.0,0.0
5.38635,0x386,0.0,0.0,1.0,6.25,0.69,0.57,19.625,19.625,19.09375,19.21875,-1.6,0.0,30.0,0.0
5.38682,0x316,0.0,0.0,1.0,6.25,0.69,0.57,19.625,19.625,19.09375,19.21875,-1.6,0.0,30.0,0.0
5.39152,0x2B0,0.0,0.0,1.0,6.25,0.69,0.57,19.625,19.625,19.09375,19.21875,-1.6,0.0,30.0,0.0
5.39612,0x220,0.0,0.0,1.0,6.25,0.82,0.6,19.625,19.625,19.09375,19.21875,-1.6,0.0,30.0,0.0
5.39684,0x316,0.0,0.0,1.0,6.25,0.82,0.6,19.625,19.625,19.09375,19.21875,-1.6,0.0,30.0,0.0
5.40153,0x2B0,0.0,0.0,1.0,6.25,0.82,0.6,19.625,19.625,19.09375,19.21875,-1.6,0.0,30.0,0.0
5.40612,0x220,0.0,0.0,1.0,6.25,1.05,0.39,19.625,19.625,19.09375,19.21875,-1.6,0.0,30.0,0.0
5.40635,0x386,0.0,0.0,1.0,6.25,1.05,0.39,19.65625,19.5625,18.96875,19.21875,-1.6,0.0,30.0,0.0
5.40682,0x316,0.0,0.0,1.0,6.25,1.05,0.39,19.65625,19.5625,18.96875,19.21875,-1.6,0.0,30.0,0.0
5.41153,0x2B0,0.0,0.0,1.0,6.25,1.05,0.39,19.65625,19.5625,18.96875,19.21875,-1.6,0.0,30.0,0.0
5.41613,0x220,0.0,0.0,1.0,6.25,1.29,0.21,19.65625,19.5625,18.96875,19.21875,-1.6,0.0,30.0,0.0
5.41687,0x316,0.0,0.0,1.0,6.25,1.29,0.21,19.65625,19.5625,18.96875,19.21875,-1.6,0.0,30.0,0.0
5.42153,0x2B0,0.0,0.0,1.0,6.25,1.29,0.21,19.65625,19.5625,18.96875,19.21875,-1.7,0.0,30.0,0.0
5.42617,0x220,0.0,0.0,1.0,6.25,1.45,0.28,19.65625,19.5625,18.96875,19.21875,-1.7,0.0,30.0,0.0
5.4264,0x386,0.0,0.0,1.0,6.25,1.45,0.28,19.5625,19.59375,19.125,19.3125,-1.7,0.0,30.0,0.0
5.42687,0x316,0.0,0.0,1.0,6.25,1.45,0.28,19.5625,19.59375,19.125,19.3125,-1.7,0.0,30.0,0.0
5.43148,0x2B0,0.0,0.0,1.0,6.25,1.45,0.28,19.5625,19.59375,19.125,19.3125,-1.7,0.0,30.0,0.0
5.43611,0x220,0.0,0.0,1.0,6.25,1.51,0.46,19.5625,19.59375,19.125,19.3125,-1.7,0.0,30.0,0.0
5.43686,0x316,0.0,0.0,1.0,6.25,1.51,0.46,19.5625,19.59375,19.125,19.3125,-1.7,0.0,28.0,0.0
5.44148,0x2B0,0.0,0.0,1.0,6.25,1.51,0.46,19.5625,19.59375,19.125,19.3125,-1.7,0.0,28.0,0.0
5.44611,0x220,0.0,0.0,1.0,6.25,1.43,0.41,19.5625,19.59375,19.125,19.3125,-1.7,0.0,28.0,0.0
5.44634,0x386,0.0,0.0,1.0,6.25,1.43,0.41,19.59375,19.5625,19.125,19.375,-1.7,0.0,28.0,0.0
5.44705,0x316,0.0,0.0,1.0,6.25,1.43,0.41,19.59375,19.5625,19.125,19.375,-1.7,0.0,28.0,0.0
5.45148,0x2B0,0.0,0.0,1.0,6.25,1.43,0.41,19.59375,19.5625,19.125,19.375,-1.7,0.0,28.0,0.0
5.45612,0x220,0.0,0.0,1.0,6.25,1.25,0.15,19.59375,19.5625,19.125,19.375,-1.7,0.0,28.0,0.0
5.45674,0x316,0.0,0.0,1.0,6.25,1.25,0.15,19.59375,19.5625,19.125,19.375,-1.7,0.0,28.0,0.0
5.46148,0x2B0,0.0,0.0,1.0,6.25,1.25,0.15,19.59375,19.5625,19.125,19.375,-1.7,0.0,28.0,0.0
5.46613,0x220,0.0,0.0,1.0,6.25,1.1,0.0,19.59375,19.5625,19.125,19.375,-1.7,0.0,28.0,0.0
5.46636,0x386,0.0,0.0,1.0,6.25,1.1,0.0,19.59375,19.5625,19.125,19.3125,-1.7,0.0,28.0,0.0
5.46684,0x316,0.0,0.0,1.0,6.25,1.1,0.0,19.59375,19.5625,19.125,19.3125,-1.7,0.0,28.0,0.0
5.47147,0x2B0,0.0,0.0,1.0,6.25,1.1,0.0,19.59375,19.5625,19.125,19.3125,-1.7,0.0,28.0,0.0
5.47613,0x220,0.0,0.0,1.0,6.25,1.08,0.02,19.59375,19.5625,19.125,19.3125,-1.7,0.0,28.0,0.0
5.47682,0x316,0.0,0.0,1.0,6.25,1.08,0.02,19.59375,19.5625,19.125,19.3125,-1.7,0.0,28.0,0.0
5.48147,0x2B0,0.0,0.0,1.0,6.25,1.08,0.02,19.59375,19.5625,19.125,19.3125,-1.7,0.0,28.0,0.0
5.48612,0x220,0.0,0.0,1.0,6.25,1.2,0.14,19.59375,19.5625,19.125,19.3125,-1.7,0.0,28.0,0.0
5.48634,0x386,0.0,0.0,1.0,6.25,1.2,0.14,19.5625,19.59375,19.15625,19.25,-1.7,0.0,28.0,0.0
5.48681,0x316,0.0,0.0,1.0,6.25,1.2,0.14,19.5625,19.59375,19.15625,19.25,-1.7,0.0,30.0,0.0
5.49147,0x2B0,0.0,0.0,1.0,6.25,1.2,0.14,19.5625,19.59375,19.15625,19.25,-1.7,0.0,30.0,0.0
5.49612,0x220,0.0,0.0,1.0,6.25,1.36,0.18,19.5625,19.59375,19.15625,19.25,-1.7,0.0,30.0,0.0
5.49671,0x316,0.0,0.0,1.0,6.25,1.36,0.18,19.5625,19.59375,19.15625,19.25,-1.7,0.0,30.0,0.0
5.50147,0x2B0,0.0,0.0,1.0,6.25,1.36,0.18,19.5625,19.59375,19.15625,19.25,-1.7,0.0,30.0,0.0
5.50612,0x220,0.0,0.0,1.0,6.25,1.5,0.19,19.5625,19.59375,19.15625,19.25,-1.7,0.0,30.0,0.0
5.50634,0x386,0.0,0.0,1.0,6.25,1.5,0.19,19.625,19.59375,19.1875,19.3125,-1.7,0.0,30.0,0.0
5.50681,0x316,0.0,0.0,1.0,6.25,1.5,0.19,19.625,19.59375,19.1875,19.3125,-1.7,0.0,33.0,0.0
5.51147,0x2B0,0.0,0.0,1.0,6.25,1.5,0.19,19.625,19.59375,19.1875,19.3125,-1.7,0.0,33.0,0.0
5.51612,0x220,0.0,0.0,1.0,6.25,1.61,0.2,19.625,19.59375,19.1875,19.3125,-1.7,0.0,33.0,0.0
5.51697,0x316,0.0,0.0,1.0,6.25,1.61,0.2,19.625,19.59375,19.1875,19.3125,-1.7,0.0,35.0,0.0
5.52147,0x2B0,0.0,0.0,1.0,6.25,1.61,0.2,19.625,19.59375,19.1875,19.3125,-1.7,0.0,35.0,0.0
5.5262,0x220,0.0,0.0,1.0,6.25,1.65,0.11,19.625,19.59375,19.1875,19.3125,-1.7,0.0,35.0,0.0
5.52643,0x386,0.0,0.0,1.0,6.25,1.65,0.11,19.6875,19.59375,19.1875,19.3125,-1.7,0.0,35.0,0.0
5.5269,0x316,0.0,0.0,1.0,6.25,1.65,0.11,19.6875,19.59375,19.1875,19.3125,-1.7,0.0,35.0,0.0
5.53147,0x2B0,0.0,0.0,1.0,6.25,1.65,0.11,19.6875,19.59375,19.1875,19.3125,-1.7,0.0,35.0,0.0
5.53614,0x220,0.0,0.0,1.0,6.25,1.55,-0.02,19.6875,19.59375,19.1875,19.3125,-1.7,0.0,35.0,0.0
5.53674,0x316,0.0,0.0,1.0,6.25,1.55,-0.02,19.6875,19.59375,19.1875,19.3125,-1.7,0.0,35.0,0.0
5.54146,0x2B0,0.0,0.0,1.0,6.25,1.55,-0.02,19.6875,19.59375,19.1875,19.3125,-1.7,0.0,35.0,0.0
5.54612,0x220,0.0,0.0,1.0,6.25,1.4,-0.1,19.6875,19.59375,19.1875,19.3125,-1.7,0.0,35.0,0.0
5.54635,0x386,0.0,0.0,1.0,6.25,1.4,-0.1,19.5,19.59375,19.1875,19.25,-1.7,0.0,35.0,0.0
5.54682,0x316,0.0,0.0,1.0,6.25,1.4,-0.1,19.5,19.59375,19.1875,19.25,-1.7,0.0,35.0,0.0
5.55153,0x2B0,0.0,0.0,1.0,6.25,1.4,-0.1,19.5,19.59375,19.1875,19.25,-1.7,0.0,35.0,0.0
5.55613,0x220,0.0,0.0,1.0,6.25,1.36,-0.03,19.5,19.59375,19.1875,19.25,-1.7,0.0,35.0,0.0
5.55719,0x316,0.0,0.0,1.0,6.25,1.36,-0.03,19.5,19.59375,19.1875,19.25,-1.7,0.0,35.0,0.0
5.56145,0x2B0,0.0,0.0,1.0,6.25,1.36,-0.03,19.5,19.59375,19.1875,19.25,-1.7,0.0,35.0,0.0
5.56616,0x220,0.0,0.0,1.0,6.25,1.43,0.06,19.5,19.59375,19.1875,19.25,-1.7,0.0,35.0,0.0
5.56639,0x386,0.0,0.0,1.0,6.25,1.43,0.06,19.8125,19.59375,19.1875,19.25,-1.7,0.0,35.0,0.0
5.56686,0x316,0.0,0.0,1.0,6.25,1.43,0.06,19.8125,19.59375,19.1875,19.25,-1.7,0.0,35.0,0.0
5.57149,0x2B0,0.0,0.0,1.0,6.25,1.43,0.06,19.8125,19.59375,19.1875,19.25,-1.6,0.0,35.0,0.0
5.57612,0x220,0.0,0.0,1.0,6.25,1.59,0.12,19.8125,19.59375,19.1875,19.25,-1.6,0.0,35.0,0.0
5.57672,0x316,0.0,0.0,1.0,6.25,1.59,0.12,19.8125,19.59375,19.1875,19.25,-1.6,0.0,35.0,0.0
5.58146,0x2B0,0.0,0.0,1.0,6.25,1.59,0.12,19.8125,19.59375,19.1875,19.25,-1.6,0.0,35.0,0.0
5.58613,0x220,0.0,0.0,1.0,6.25,1.71,0.17,19.8125,19.59375,19.1875,19.25,-1.6,0.0,35.0,0.0
5.58635,0x386,0.0,0.0,1.0,6.25,1.71,0.17,19.625,19.65625,19.1875,19.125,-1.6,0.0,35.0,0.0
5.58683,0x316,0.0,0.0,1.0,6.25,1.71,0.17,19.625,19.65625,19.1875,19.125,-1.6,0.0,33.0,0.0
5.59146,0x2B0,0.0,0.0,1.0,6.25,1.71,0.17,19.625,19.65625,19.1875,19.125,-1.6,0.0,33.0,0.0
5.59612,0x220,0.0,0.0,1.0,6.25,1.75,0.14,19.625,19.65625,19.1875,19.125,-1.6,0.0,33.0,0.0
5.59682,0x316,0.0,0.0,1.0,6.25,1.75,0.14,19.625,19.65625,19.1875,19.125,-1.6,0.0,33.0,0.0
5.60146,0x2B0,0.0,0.0,1.0,6.25,1.75,0.14,19.625,19.65625,19.1875,19.125,-1.6,0.0,33.0,0.0
5.60612,0x220,0.0,0.0,1.0,6.25,1.69,0.0,19.625,19.65625,19.1875,19.125,-1.6,0.0,33.0,0.0
5.60635,0x386,0.0,0.0,1.0,6.25,1.69,0.0,19.6875,19.75,19.21875,19.21875,-1.6,0.0,33.0,0.0
5.60683,0x316,0.0,0.0,1.0,6.25,1.69,0.0,19.6875,19.75,19.21875,19.21875,-1.6,0.0,33.0,0.0
5.61145,0x2B0,0.0,0.0,1.0,6.25,1.69,0.0,19.6875,19.75,19.21875,19.21875,-1.6,0.0,33.0,0.0
5.61612,0x220,0.0,0.0,1.0,6.25,1.56,-0.05,19.6875,19.75,19.21875,19.21875,-1.6,0.0,33.0,0.0
5.61684,0x316,0.0,0.0,1.0,6.25,1.56,-0.05,19.6875,19.75,19.21875,19.21875,-1.6,0.0,33.0,0.0
5.62146,0x2B0,0.0,0.0,1.0,6.25,1.56,-0.05,19.6875,19.75,19.21875,19.21875,-1.6,0.0,33.0,0.0
5.62624,0x220,0.0,0.0,1.0,6.25,1.45,0.05,19.6875,19.75,19.21875,19.21875,-1.6,0.0,33.0,0.0
5.62646,0x386,0.0,0.0,1.0,6.25,1.45,0.05,19.6875,19.71875,19.15625,19.28125,-1.6,0.0,33.0,0.0
5.62694,0x316,0.0,0.0,1.0,6.25,1.45,0.05,19.6875,19.71875,19.15625,19.28125,-1.6,0.0,33.0,0.0
5.63146,0x2B0,0.0,0.0,1.0,6.25,1.45,0.05,19.6875,19.71875,19.15625,19.28125,-1.6,0.0,33.0,0.0
5.63613,0x220,0.0,0.0,1.0,6.25,1.43,0.24,19.6875,19.71875,19.15625,19.28125,-1.6,0.0,33.0,0.0
5.63684,0x316,0.0,0.0,1.0,6.25,1.43,0.24,19.6875,19.71875,19.15625,19.28125,-1.6,0.0,33.0,0.0
5.64145,0x2B0,0.0,0.0,1.0,6.25,1.43,0.24,19.6875,19.71875,19.15625,19.28125,-1.6,0.0,33.0,0.0
5.64612,0x220,0.0,0.0,1.0,6.25,1.54,0.22,19.6875,19.71875,19.15625,19.28125,-1.6,0.0,33.0,0.0
5.64635,0x386,0.0,0.0,1.0,6.25,1.54,0.22,19.625,19.6875,19.1875,19.1875,-1.6,0.0,33.0,0.0
5.64683,0x316,0.0,0.0,1.0,6.25,1.54,0.22,19.625,19.6875,19.1875,19.1875,-1.6,0.0,33.0,0.0
5.65145,0x2B0,0.0,0.0,1.0,6.25,1.54,0.22,19.625,19.6875,19.1875,19.1875,-1.6,0.0,33.0,0.0
5.65613,0x220,0.0,0.0,1.0,6.25,1.64,0.0,19.625,19.6875,19.1875,19.1875,-1.6,0.0,33.0,0.0
5.65673,0x316,0.0,0.0,1.0,6.25,1.64,0.0,19.625,19.6875,19.1875,19.1875,-1.6,0.0,33.0,0.0
5.66146,0x2B0,0.0,0.0,1.0,6.25,1.64,0.0,19.625,19.6875,19.1875,19.1875,-1.6,0.0,33.0,0.0
5.6662,0x220,0.0,0.0,1.0,6.25,1.61,-0.11,19.625,19.6875,19.1875,19.1875,-1.6,0.0,33.0,0.0
5.66643,0x386,0.0,0.0,1.0,6.25,1.61,-0.11,19.65625,19.71875,19.03125,19.34375,-1.6,0.0,33.0,0.0
5.66691,0x316,0.0,0.0,1.0,6.25,1.61,-0.11,19.65625,19.71875,19.03125,19.34375,-1.6,0.0,33.0,0.0
5.67146,0x2B0,0.0,0.0,1.0,6.25,1.61,-0.11,19.65625,19.71875,19.03125,19.34375,-1.6,0.0,33.0,0.0
5.67613,0x220,0.0,0.0,1.0,6.25,1.45,-0.06,19.65625,19.71875,19.03125,19.34375,-1.6,0.0,33.0,0.0
5.6768,0x316,0.0,0.0,1.0,6.25,1.45,-0.06,19.65625,19.71875,19.03125,19.34375,-1.6,0.0,33.0,0.0
5.68145,0x2B0,0.0,0.0,1.0,6.25,1.45,-0.06,19.65625,19.71875,19.03125,19.34375,-1.6,0.0,33.0,0.0
5.68613,0x220,0.0,0.0,1.0,6.25,1.32,0.08,19.65625,19.71875,19.03125,19.34375,-1.6,0.0,33.0,0.0
5.68635,0x386,0.0,0.0,1.0,6.25,1.32,0.08,19.65625,19.71875,19.0625,19.3125,-1.6,0.0,33.0,0.0
5.68683,0x316,0.0,0.0,1.0,6.25,1.32,0.08,19.65625,19.71875,19.0625,19.3125,-1.6,0.0,33.0,0.0
5.69146,0x2B0,0.0,0.0,1.0,6.25,1.32,0.08,19.65625,19.71875,19.0625,19.3125,-1.6,0.0,33.0,0.0
5.69613,0x220,0.0,0.0,1.0,6.25,1.31,0.18,19.65625,19.71875,19.0625,19.3125,-1.6,0.0,33.0,0.0
5.69672,0x316,0.0,0.0,1.0,6.25,1.31,0.18,19.65625,19.71875,19.0625,19.3125,-1.6,0.0,33.0,0.0
5.70145,0x2B0,0.0,0.0,1.0,6.25,1.31,0.18,19.65625,19.71875,19.0625,19.3125,-1.6,0.0,33.0,0.0
5.70613,0x220,0.0,0.0,1.0,6.25,1.42,0.14,19.65625,19.71875,19.0625,19.3125,-1.6,0.0,33.0,0.0
5.70636,0x386,0.0,0.0,1.0,6.25,1.42,0.14,19.65625,19.71875,19.125,19.25,-1.6,0.0,33.0,0.0
5.70683,0x316,0.0,0.0,1.0,6.25,1.42,0.14,19.65625,19.71875,19.125,19.25,-1.6,0.0,33.0,0.0
5.71145,0x2B0,0.0,0.0,1.0,6.25,1.42,0.14,19.65625,19.71875,19.125,19.25,-1.6,0.0,33.0,0.0
5.71614,0x220,0.0,0.0,1.0,6.25,1.57,0.02,19.65625,19.71875,19.125,19.25,-1.6,0.0,33.0,0.0
5.71686,0x316,0.0,0.0,1.0,6.25,1.57,0.02,19.65625,19.71875,19.125,19.25,-1.6,0.0,33.0,0.0
5.72145,0x2B0,0.0,0.0,1.0,6.25,1.57,0.02,19.65625,19.71875,19.125,19.25,-1.6,0.0,33.0,0.0
5.72628,0x220,0.0,0.0,1.0,6.25,1.65,0.0,19.65625,19.71875,19.125,19.25,-1.6,0.0,33.0,0.0
5.7265,0x386,0.0,0.0,1.0,6.25,1.65,0.0,19.625,19.625,19.1875,19.375,-1.6,0.0,33.0,0.0
5.72698,0x316,0.0,0.0,1.0,6.25,1.65,0.0,19.625,19.625,19.1875,19.375,-1.6,0.0,33.0,0.0
5.73152,0x2B0,0.0,0.0,1.0,6.25,1.65,0.0,19.625,19.625,19.1875,19.375,-1.6,0.0,33.0,0.0
5.73611,0x220,0.0,0.0,1.0,6.25,1.58,0.08,19.625,19.625,19.1875,19.375,-1.6,0.0,33.0,0.0
5.73673,0x316,0.0,0.0,1.0,6.25,1.58,0.08,19.625,19.625,19.1875,19.375,-1.6,0.0,33.0,0.0
5.74146,0x2B0,0.0,0.0,1.0,6.25,1.58,0.08,19.625,19.625,19.1875,19.375,-1.5,0.0,33.0,0.0
5.74611,0x220,0.0,0.0,1.0,6.25,1.38,0.16,19.625,19.625,19.1875,19.375,-1.5,0.0,33.0,0.0
5.74634,0x386,0.0,0.0,1.0,6.25,1.38,0.16,19.65625,19.65625,19.125,19.34375,-1.5,0.0,33.0,0.0
5.74682,0x316,0.0,0.0,1.0,6.25,1.38,0.16,19.65625,19.65625,19.125,19.34375,-1.5,0.0,33.0,0.0
5.75144,0x2B0,0.0,0.0,1.0,6.25,1.38,0.16,19.65625,19.65625,19.125,19.34375,-1.5,0.0,33.0,0.0
5.75611,0x220,0.0,0.0,1.0,6.25,1.15,0.11,19.65625,19.65625,19.125,19.34375,-1.5,0.0,33.0,0.0
5.75678,0x316,0.0,0.0,1.0,6.25,1.15,0.11,19.65625,19.65625,19.125,19.34375,-1.5,0.0,33.0,0.0
5.76145,0x2B0,0.0,0.0,1.0,6.25,1.15,0.11,19.65625,19.65625,19.125,19.34375,-1.5,0.0,33.0,0.0
5.76612,0x220,0.0,0.0,1.0,6.25,0.99,0.0,19.65625,19.65625,19.125,19.34375,-1.5,0.0,33.0,0.0
5.76634,0x386,0.0,0.0,1.0,6.25,0.99,0.0,19.625,19.65625,19.25,19.3125,-1.5,0.0,33.0,0.0
5.76706,0x316,0.0,0.0,1.0,6.25,0.99,0.0,19.625,19.65625,19.25,19.3125,-1.5,0.0,33.0,0.0
5.77144,0x2B0,0.0,0.0,1.0,6.25,0.99,0.0,19.625,19.65625,19.25,19.3125,-1.5,0.0,33.0,0.0
5.77612,0x220,0.0,0.0,1.0,6.25,0.98,-0.01,19.625,19.65625,19.25,19.3125,-1.5,0.0,33.0,0.0
5.77672,0x316,0.0,0.0,1.0,6.25,0.98,-0.01,19.625,19.65625,19.25,19.3125,-1.5,0.0,33.0,0.0
5.78152,0x2B0,0.0,0.0,1.0,6.25,0.98,-0.01,19.625,19.65625,19.25,19.3125,-1.5,0.0,33.0,0.0
5.78611,0x220,0.0,0.0,1.0,6.25,1.06,0.03,19.625,19.65625,19.25,19.3125,-1.5,0.0,33.0,0.0
5.78634,0x386,0.0,0.0,1.0,6.25,1.06,0.03,19.71875,19.625,19.1875,19.28125,-1.5,0.0,33.0,0.0
5.78681,0x316,0.0,0.0,1.0,6.25,1.06,0.03,19.71875,19.625,19.1875,19.28125,-1.5,0.0,33.0,0.0
5.79149,0x2B0,0.0,0.0,1.0,6.25,1.06,0.03,19.71875,19.625,19.1875,19.28125,-1.4,0.0,33.0,0.0
5.79612,0x220,0.0,0.0,1.0,6.25,1.22,0.2,19.71875,19.625,19.1875,19.28125,-1.4,0.0,33.0,0.0
5.79673,0x316,0.0,0.0,1.0,6.25,1.22,0.2,19.71875,19.625,19.1875,19.28125,-1.4,0.0,33.0,0.0
5.80145,0x2B0,0.0,0.0,1.0,6.25,1.22,0.2,19.71875,19.625,19.1875,19.28125,-1.4,0.0,33.0,0.0
5.80612,0x220,0.0,0.0,1.0,6.25,1.37,0.34,19.71875,19.625,19.1875,19.28125,-1.4,0.0,33.0,0.0
5.80635,0x386,0.0,0.0,1.0,6.25,1.37,0.34,19.71875,19.65625,19.28125,19.34375,-1.4,0.0,33.0,0.0
5.80707,0x316,0.0,0.0,1.0,6.25,1.37,0.34,19.71875,19.65625,19.28125,19.34375,-1.4,0.0,33.0,0.0
5.81144,0x2B0,0.0,0.0,1.0,6.25,1.37,0.34,19.71875,19.65625,19.28125,19.34375,-1.4,0.0,33.0,0.0
5.81614,0x220,0.0,0.0,1.0,6.25,1.44,0.37,19.71875,19.65625,19.28125,19.34375,-1.4,0.0,33.0,0.0
5.8169,0x316,0.0,0.0,1.0,6.25,1.44,0.37,19.71875,19.65625,19.28125,19.34375,-1.4,0.0,33.0,0.0
5.82142,0x2B0,0.0,0.0,1.0,6.25,1.44,0.37,19.71875,19.65625,19.28125,19.34375,-1.4,0.0,33.0,0.0
5.82613,0x220,0.0,0.0,1.0,6.25,1.37,0.26,19.71875,19.65625,19.28125,19.34375,-1.4,0.0,33.0,0.0
5.82636,0x386,0.0,0.0,1.0,6.25,1.37,0.26,19.71875,19.71875,19.4375,19.34375,-1.4,0.0,33.0,0.0
5.82684,0x316,0.0,0.0,1.0,6.25,1.37,0.26,19.71875,19.71875,19.4375,19.34375,-1.4,0.0,33.0,0.0
5.83142,0x2B0,0.0,0.0,1.0,6.25,1.37,0.26,19.71875,19.71875,19.4375,19.34375,-1.4,0.0,33.0,0.0
5.83614,0x220,0.0,0.0,1.0,6.25,1.17,0.15,19.71875,19.71875,19.4375,19.34375,-1.4,0.0,33.0,0.0
5.83677,0x316,0.0,0.0,1.0,6.25,1.17,0.15,19.71875,19.71875,19.4375,19.34375,-1.4,0.0,33.0,0.0
5.84142,0x2B0,0.0,0.0,1.0,6.25,1.17,0.15,19.71875,19.71875,19.4375,19.34375,-1.4,0.0,33.0,0.0
5.84615,0x220,0.0,0.0,1.0,6.25,1.05,0.14,19.71875,19.71875,19.4375,19.34375,-1.4,0.0,33.0,0.0
5.84637,0x386,0.0,0.0,1.0,6.25,1.05,0.14,19.75,19.6875,19.34375,19.375,-1.4,0.0,33.0,0.0
5.84709,0x316,0.0,0.0,1.0,6.25,1.05,0.14,19.75,19.6875,19.34375,19.375,-1.4,0.0,33.0,0.0
5.85142,0x2B0,0.0,0.0,1.0,6.25,1.05,0.14,19.75,19.6875,19.34375,19.375,-1.4,0.0,33.0,0.0
5.85615,0x220,0.0,0.0,1.0,6.25,1.04,0.23,19.75,19.6875,19.34375,19.375,-1.4,0.0,33.0,0.0
5.8568,0x316,0.0,0.0,1.0,6.25,1.04,0.23,19.75,19.6875,19.34375,19.375,-1.4,0.0,33.0,0.0
5.86151,0x2B0,0.0,0.0,1.0,6.25,1.04,0.23,19.75,19.6875,19.34375,19.375,-1.4,0.0,33.0,0.0
5.86615,0x220,0.0,0.0,1.0,6.25,1.15,0.35,19.75,19.6875,19.34375,19.375,-1.4,0.0,33.0,0.0
5.86638,0x386,0.0,0.0,1.0,6.25,1.15,0.35,19.78125,19.71875,19.09375,19.40625,-1.4,0.0,33.0,0.0
5.86686,0x316,0.0,0.0,1.0,6.25,1.15,0.35,19.78125,19.71875,19.09375,19.40625,-1.4,0.0,33.0,0.0
5.87146,0x2B0,0.0,0.0,1.0,6.25,1.15,0.35,19.78125,19.71875,19.09375,19.40625,-1.4,0.0,33.0,0.0
5.87616,0x220,0.0,0.0,1.0,6.25,1.31,0.38,19.78125,19.71875,19.09375,19.40625,-1.4,0.0,33.0,0.0
5.87671,0x316,0.0,0.0,1.0,6.25,1.31,0.38,19.78125,19.71875,19.09375,19.40625,-1.4,0.0,35.0,0.0
5.88147,0x2B0,0.0,0.0,1.0,6.25,1.31,0.38,19.78125,19.71875,19.09375,19.40625,-1.4,0.0,35.0,0.0
5.88615,0x220,0.0,0.0,1.0,6.25,1.39,0.36,19.78125,19.71875,19.09375,19.40625,-1.4,0.0,35.0,0.0
5.88638,0x386,0.0,0.0,1.0,6.25,1.39,0.36,19.75,19.6875,18.875,19.28125,-1.4,0.0,35.0,0.0
5.88686,0x316,0.0,0.0,1.0,6.25,1.39,0.36,19.75,19.6875,18.875,19.28125,-1.4,0.0,35.0,0.0
5.89146,0x2B0,0.0,0.0,1.0,6.25,1.39,0.36,19.75,19.6875,18.875,19.28125,-1.5,0.0,35.0,0.0
5.89616,0x220,0.0,0.0,1.0,6.25,1.33,0.41,19.75,19.6875,18.875,19.28125,-1.5,0.0,35.0,0.0
5.89676,0x316,0.0,0.0,1.0,6.25,1.33,0.41,19.75,19.6875,18.875,19.28125,-1.5,0.0,35.0,0.0
5.90141,0x2B0,0.0,0.0,1.0,6.25,1.33,0.41,19.75,19.6875,18.875,19.28125,-1.5,0.0,35.0,0.0
5.90617,0x220,0.0,0.0,1.0,6.25,1.22,0.46,19.75,19.6875,18.875,19.28125,-1.5,0.0,35.0,0.0
5.90639,0x386,0.0,0.0,1.0,6.25,1.22,0.46,19.84375,19.8125,19.125,19.28125,-1.5,0.0,35.0,0.0
5.90686,0x316,0.0,0.0,1.0,6.25,1.22,0.46,19.84375,19.8125,19.125,19.28125,-1.5,0.0,35.0,0.0
5.91147,0x2B0,0.0,0.0,1.0,6.25,1.22,0.46,19.84375,19.8125,19.125,19.28125,-1.5,0.0,35.0,0.0
5.91617,0x220,0.0,0.0,1.0,6.25,1.16,0.44,19.84375,19.8125,19.125,19.28125,-1.5,0.0,35.0,0.0
5.91685,0x316,0.0,0.0,1.0,6.25,1.16,0.44,19.84375,19.8125,19.125,19.28125,-1.5,0.0,35.0,0.0
5.92148,0x2B0,0.0,0.0,1.0,6.25,1.16,0.44,19.84375,19.8125,19.125,19.28125,-1.5,0.0,35.0,0.0
5.92617,0x220,0.0,0.0,1.0,6.25,1.21,0.35,19.84375,19.8125,19.125,19.28125,-1.5,0.0,35.0,0.0
5.92639,0x386,0.0,0.0,1.0,6.25,1.21,0.35,19.84375,19.75,19.3125,19.34375,-1.5,0.0,35.0,0.0
5.92686,0x316,0.0,0.0,1.0,6.25,1.21,0.35,19.84375,19.75,19.3125,19.34375,-1.5,0.0,35.0,0.0
5.93148,0x2B0,0.0,0.0,1.0,6.25,1.21,0.35,19.84375,19.75,19.3125,19.34375,-1.6,0.0,35.0,0.0
5.93617,0x220,0.0,0.0,1.0,6.25,1.34,0.31,19.84375,19.75,19.3125,19.34375,-1.6,0.0,35.0,0.0
5.9368,0x316,0.0,0.0,1.0,6.25,1.34,0.31,19.84375,19.75,19.3125,19.34375,-1.6,0.0,35.0,0.0
5.94142,0x2B0,0.0,0.0,1.0,6.25,1.34,0.31,19.84375,19.75,19.3125,19.34375,-1.6,0.0,35.0,0.0
5.94618,0x220,0.0,0.0,1.0,6.25,1.52,0.37,19.84375,19.75,19.3125,19.34375,-1.6,0.0,35.0,0.0
5.9464,0x386,0.0,0.0,1.0,6.25,1.52,0.37,19.65625,19.78125,19.34375,19.28125,-1.6,0.0,35.0,0.0
5.94687,0x316,0.0,0.0,1.0,6.25,1.52,0.37,19.65625,19.78125,19.34375,19.28125,-1.6,0.0,33.0,0.0
5.95142,0x2B0,0.0,0.0,1.0,6.25,1.52,0.37,19.65625,19.78125,19.34375,19.28125,-1.6,0.0,33.0,0.0
5.95619,0x220,0.0,0.0,1.0,6.25,1.72,0.44,19.65625,19.78125,19.34375,19.28125,-1.6,0.0,33.0,0.0
5.95679,0x316,0.0,0.0,1.0,6.25,1.72,0.44,19.65625,19.78125,19.34375,19.28125,-1.6,0.0,33.0,0.0
5.96141,0x2B0,0.0,0.0,1.0,6.25,1.72,0.44,19.65625,19.78125,19.34375,19.28125,-1.6,0.0,33.0,0.0
5.96618,0x220,0.0,0.0,1.0,6.25,1.88,0.32,19.65625,19.78125,19.34375,19.28125,-1.6,0.0,33.0,0.0
5.96641,0x386,0.0,0.0,1.0,6.25,1.88,0.32,19.71875,19.78125,19.1875,19.40625,-1.6,0.0,33.0,0.0
5.96688,0x316,0.0,0.0,1.0,6.25,1.88,0.32,19.71875,19.78125,19.1875,19.40625,-1.6,0.0,30.0,0.0
5.97141,0x2B0,0.0,0.0,1.0,6.25,1.88,0.32,19.71875,19.78125,19.1875,19.40625,-1.6,0.0,30.0,0.0
5.97618,0x220,0.0,0.0,1.0,6.25,1.85,0.09,19.71875,19.78125,19.1875,19.40625,-1.6,0.0,30.0,0.0
5.97682,0x316,0.0,0.0,1.0,6.25,1.85,0.09,19.71875,19.78125,19.1875,19.40625,-1.6,0.0,28.0,0.0
5.98142,0x2B0,0.0,0.0,1.0,6.25,1.85,0.09,19.71875,19.78125,19.1875,19.40625,-1.6,0.0,28.0,0.0
5.98619,0x220,0.0,0.0,1.0,6.25,1.71,0.0,19.71875,19.78125,19.1875,19.40625,-1.6,0.0,28.0,0.0
5.98641,0x386,0.0,0.0,1.0,6.25,1.71,0.0,19.625,19.6875,19.3125,19.4375,-1.6,0.0,28.0,0.0
5.98688,0x316,0.0,0.0,1.0,6.25,1.71,0.0,19.625,19.6875,19.3125,19.4375,-1.6,0.0,28.0,0.0
5.99142,0x2B0,0.0,0.0,1.0,6.25,1.71,0.0,19.625,19.6875,19.3125,19.4375,-1.6,0.0,28.0,0.0
5.99621,0x220,0.0,0.0,1.0,6.25,1.57,0.01,19.625,19.6875,19.3125,19.4375,-1.6,0.0,28.0,0.0
5.99677,0x316,0.0,0.0,1.0,6.25,1.57,0.01,19.625,19.6875,19.3125,19.4375,-1.6,0.0,28.0,0.0
6.00142,0x2B0,0.0,0.0,1.0,6.25,1.57,0.01,19.625,19.6875,19.3125,19.4375,-1.6,0.0,28.0,0.0
6.0062,0x220,0.0,0.0,1.0,6.25,1.55,-0.02,19.625,19.6875,19.3125,19.4375,-1.6,0.0,28.0,0.0
6.00643,0x386,0.0,0.0,1.0,6.25,1.55,-0.02,19.65625,19.71875,19.1875,19.375,-1.6,0.0,28.0,0.0
6.0069,0x316,0.0,0.0,1.0,6.25,1.55,-0.02,19.65625,19.71875,19.1875,19.375,-1.6,0.0,28.0,0.0
6.01142,0x2B0,0.0,0.0,1.0,6.25,1.55,-0.02,19.65625,19.71875,19.1875,19.375,-1.6,0.0,28.0,0.0
6.0162,0x220,0.0,0.0,1.0,6.25,1.56,-0.16,19.65625,19.71875,19.1875,19.375,-1.6,0.0,28.0,0.0
6.01699,0x316,0.0,0.0,1.0,6.25,1.56,-0.16,19.65625,19.71875,19.1875,19.375,-1.6,0.0,28.0,0.0
6.02142,0x2B0,0.0,0.0,1.0,6.25,1.56,-0.16,19.65625,19.71875,19.1875,19.375,-1.6,0.0,28.0,0.0
6.0262,0x220,0.0,0.0,1.0,6.25,1.56,-0.15,19.65625,19.71875,19.1875,19.375,-1.6,0.0,28.0,0.0
6.02643,0x386,0.0,0.0,1.0,6.25,1.56,-0.15,19.5,19.5625,19.1875,19.40625,-1.6,0.0,28.0,0.0
6.0269,0x316,0.0,0.0,1.0,6.25,1.56,-0.15,19.5,19.5625,19.1875,19.40625,-1.6,0.0,28.0,0.0
6.03148,0x2B0,0.0,0.0,1.0,6.25,1.56,-0.15,19.5,19.5625,19.1875,19.40625,-1.6,0.0,28.0,0.0
6.03621,0x220,0.0,0.0,1.0,6.25,1.59,0.0,19.5,19.5625,19.1875,19.40625,-1.6,0.0,28.0,0.0
6.03679,0x316,0.0,0.0,1.0,6.25,1.59,0.0,19.5,19.5625,19.1875,19.40625,-1.6,0.0,28.0,0.0
6.04149,0x2B0,0.0,0.0,1.0,6.25,1.59,0.0,19.5,19.5625,19.1875,19.40625,-1.6,0.0,28.0,0.0
6.04621,0x220,0.0,0.0,1.0,6.25,1.64,0.01,19.5,19.5625,19.1875,19.40625,-1.6,0.0,28.0,0.0
6.04644,0x386,0.0,0.0,1.0,6.25,1.64,0.01,19.53125,19.75,19.15625,19.375,-1.6,0.0,28.0,0.0
6.04692,0x316,0.0,0.0,1.0,6.25,1.64,0.01,19.53125,19.75,19.15625,19.375,-1.6,0.0,30.0,0.0
6.05149,0x2B0,0.0,0.0,1.0,6.25,1.64,0.01,19.53125,19.75,19.15625,19.375,-1.6,0.0,30.0,0.0
6.05621,0x220,0.0,0.0,1.0,6.25,1.67,-0.11,19.53125,19.75,19.15625,19.375,-1.6,0.0,30.0,0.0
6.05686,0x316,0.0,0.0,1.0,6.25,1.67,-0.11,19.53125,19.75,19.15625,19.375,-1.6,0.0,30.0,0.0
6.06142,0x2B0,0.0,0.0,1.0,6.25,1.67,-0.11,19.53125,19.75,19.15625,19.375,-1.6,0.0,30.0,0.0
6.06622,0x220,0.0,0.0,1.0,6.25,1.65,-0.22,19.53125,19.75,19.15625,19.375,-1.6,0.0,30.0,0.0
6.06644,0x386,0.0,0.0,1.0,6.25,1.65,-0.22,19.625,19.59375,19.1875,19.34375,-1.6,0.0,30.0,0.0
6.06691,0x316,0.0,0.0,1.0,6.25,1.65,-0.22,19.625,19.59375,19.1875,19.34375,-1.6,0.0,30.0,0.0
6.07142,0x2B0,0.0,0.0,1.0,6.25,1.65,-0.22,19.625,19.59375,19.1875,19.34375,-1.6,0.0,30.0,0.0
6.07622,0x220,0.0,0.0,1.0,6.25,1.66,-0.16,19.625,19.59375,19.1875,19.34375,-1.6,0.0,30.0,0.0
6.07675,0x316,0.0,0.0,1.0,6.25,1.66,-0.16,19.625,19.59375,19.1875,19.34375,-1.6,0.0,30.0,0.0
6.08148,0x2B0,0.0,0.0,1.0,6.25,1.66,-0.16,19.625,19.59375,19.1875,19.34375,-1.6,0.0,30.0,0.0
6.08622,0x220,0.0,0.0,1.0,6.25,1.7,-0.13,19.625,19.59375,19.1875,19.34375,-1.6,0.0,30.0,0.0
6.08645,0x386,0.0,0.0,1.0,6.25,1.7,-0.13,19.65625,19.65625,19.03125,19.4375,-1.6,0.0,30.0,0.0
6.08692,0x316,0.0,0.0,1.0,6.25,1.7,-0.13,19.65625,19.65625,19.03125,19.4375,-1.6,0.0,30.0,0.0
6.09141,0x2B0,0.0,0.0,1.0,6.25,1.7,-0.13,19.65625,19.65625,19.03125,19.4375,-1.6,0.0,30.0,0.0
6.09622,0x220,0.0,0.0,1.0,6.25,1.62,-0.27,19.65625,19.65625,19.03125,19.4375,-1.6,0.0,30.0,0.0
6.09685,0x316,0.0,0.0,1.0,6.25,1.62,-0.27,19.65625,19.65625,19.03125,19.4375,-1.6,0.0,30.0,0.0
6.10143,0x2B0,0.0,0.0,1.0,6.25,1.62,-0.27,19.65625,19.65625,19.03125,19.4375,-1.5,0.0,30.0,0.0
6.10622,0x220,0.0,0.0,1.0,6.25,1.31,-0.45,19.65625,19.65625,19.03125,19.4375,-1.5,0.0,30.0,0.0
6.10645,0x386,0.0,0.0,1.0,6.25,1.31,-0.45,19.71875,19.625,19.34375,19.28125,-1.5,0.0,30.0,0.0
6.10693,0x316,0.0,0.0,1.0,6.25,1.31,-0.45,19.71875,19.625,19.34375,19.28125,-1.5,0.0,30.0,0.0
6.11141,0x2B0,0.0,0.0,1.0,6.25,1.31,-0.45,19.71875,19.625,19.34375,19.28125,-1.5,0.0,30.0,0.0
6.11624,0x220,0.0,0.0,1.0,6.25,0.93,-0.4,19.71875,19.625,19.34375,19.28125,-1.5,0.0,30.0,0.0
6.11688,0x316,0.0,0.0,1.0,6.25,0.93,-0.4,19.71875,19.625,19.34375,19.28125,-1.5,0.0,30.0,0.0
6.1214,0x2B0,0.0,0.0,1.0,6.25,0.93,-0.4,19.71875,19.625,19.34375,19.28125,-1.5,0.0,30.0,0.0
6.12623,0x220,0.0,0.0,1.0,6.25,0.78,-0.14,19.71875,19.625,19.34375,19.28125,-1.5,0.0,30.0,0.0
6.12646,0x386,0.0,0.0,1.0,6.25,0.78,-0.14,19.625,19.6875,19.25,19.0,-1.5,0.0,30.0,0.0
6.12717,0x316,0.0,0.0,1.0,6.25,0.78,-0.14,19.625,19.6875,19.25,19.0,-1.5,0.0,30.0,0.0
6.13147,0x2B0,0.0,0.0,1.0,6.25,0.78,-0.14,19.625,19.6875,19.25,19.0,-1.5,0.0,30.0,0.0
6.13624,0x220,0.0,0.0,1.0,6.25,0.95,0.0,19.625,19.6875,19.25,19.0,-1.5,0.0,30.0,0.0
6.13687,0x316,0.0,0.0,1.0,6.25,0.95,0.0,19.625,19.6875,19.25,19.0,-1.5,0.0,30.0,0.0
6.1414,0x2B0,0.0,0.0,1.0,6.25,0.95,0.0,19.625,19.6875,19.25,19.0,-1.5,0.0,30.0,0.0
6.14624,0x220,0.0,0.0,1.0,6.25,1.33,-0.08,19.625,19.6875,19.25,19.0,-1.5,0.0,30.0,0.0
6.14648,0x386,0.0,0.0,1.0,6.25,1.33,-0.08,19.71875,19.6875,19.1875,19.0,-1.5,0.0,30.0,0.0
6.14695,0x316,0.0,0.0,1.0,6.25,1.33,-0.08,19.71875,19.6875,19.1875,19.0,-1.5,0.0,30.0,0.0
6.15141,0x2B0,0.0,0.0,1.0,6.25,1.33,-0.08,19.71875,19.6875,19.1875,19.0,-1.5,0.0,30.0,0.0
6.15626,0x220,0.0,0.0,1.0,6.25,1.68,-0.22,19.71875,19.6875,19.1875,19.0,-1.5,0.0,30.0,0.0
6.1568,0x316,0.0,0.0,1.0,6.25,1.68,-0.22,19.71875,19.6875,19.1875,19.0,-1.5,0.0,30.0,0.0
6.1614,0x2B0,0.0,0.0,1.0,6.25,1.68,-0.22,19.71875,19.6875,19.1875,19.0,-1.5,0.0,30.0,0.0
6.16625,0x220,0.0,0.0,1.0,6.25,1.79,-0.22,19.71875,19.6875,19.1875,19.0,-1.5,0.0,30.0,0.0
6.16648,0x386,0.0,0.0,1.0,6.25,1.79,-0.22,19.625,19.65625,19.09375,19.46875,-1.5,0.0,30.0,0.0
6.16696,0x316,0.0,0.0,1.0,6.25,1.79,-0.22,19.625,19.65625,19.09375,19.46875,-1.5,0.0,30.0,0.0
6.1714,0x2B0,0.0,0.0,1.0,6.25,1.79,-0.22,19.625,19.65625,19.09375,19.46875,-1.5,0.0,30.0,0.0
6.17626,0x220,0.0,0.0,1.0,6.25,1.55,-0.12,19.625,19.65625,19.09375,19.46875,-1.5,0.0,30.0,0.0
6.17686,0x316,0.0,0.0,1.0,6.25,1.55,-0.12,19.625,19.65625,19.09375,19.46875,-1.5,0.0,30.0,0.0
6.1814,0x2B0,0.0,0.0,1.0,6.25,1.55,-0.12,19.625,19.65625,19.09375,19.46875,-1.5,0.0,30.0,0.0
6.18626,0x220,0.0,0.0,1.0,6.25,1.1,-0.14,19.625,19.65625,19.09375,19.46875,-1.5,0.0,30.0,0.0
6.18648,0x386,0.0,0.0,1.0,6.25,1.1,-0.14,19.78125,19.65625,19.28125,19.1875,-1.5,0.0,30.0,0.0
6.18696,0x316,0.0,0.0,1.0,6.25,1.1,-0.14,19.78125,19.65625,19.28125,19.1875,-1.5,0.0,30.0,0.0
6.1914,0x2B0,0.0,0.0,1.0,6.25,1.1,-0.14,19.78125,19.65625,19.28125,19.1875,-1.5,0.0,30.0,0.0
6.19627,0x220,0.0,0.0,1.0,6.25,0.63,-0.17,19.78125,19.65625,19.28125,19.1875,-1.5,0.0,30.0,0.0
6.19679,0x316,0.0,0.0,1.0,6.25,0.63,-0.17,19.78125,19.65625,19.28125,19.1875,-1.5,0.0,30.0,0.0
6.20139,0x2B0,0.0,0.0,1.0,6.25,0.63,-0.17,19.78125,19.65625,19.28125,19.1875,-1.5,0.0,30.0,0.0
6.20626,0x220,0.0,0.0,1.0,6.25,0.4,-0.01,19.78125,19.65625,19.28125,19.1875,-1.5,0.0,30.0,0.0
6.20649,0x386,0.0,0.0,1.0,6.25,0.4,-0.01,19.6875,19.59375,19.34375,19.03125,-1.5,0.0,30.0,0.0
6.20696,0x316,0.0,0.0,1.0,6.25,0.4,-0.01,19.6875,19.59375,19.34375,19.03125,-1.5,0.0,30.0,0.0
6.2114,0x2B0,0.0,0.0,1.0,6.25,0.4,-0.01,19.6875,19.59375,19.34375,19.03125,-1.5,0.0,30.0,0.0
6.21627,0x220,0.0,0.0,1.0,6.25,0.55,0.15,19.6875,19.59375,19.34375,19.03125,-1.5,0.0,30.0,0.0
6.21699,0x316,0.0,0.0,1.0,6.25,0.55,0.15,19.6875,19.59375,19.34375,19.03125,-1.5,0.0,30.0,0.0
6.22139,0x2B0,0.0,0.0,1.0,6.25,0.55,0.15,19.6875,19.59375,19.34375,19.03125,-1.5,0.0,30.0,0.0
6.22628,0x220,0.0,0.0,1.0,6.25,0.94,0.15,19.6875,19.59375,19.34375,19.03125,-1.5,0.0,30.0,0.0
6.2265,0x386,0.0,0.0,1.0,6.25,0.94,0.15,19.6875,19.65625,19.15625,19.09375,-1.5,0.0,30.0,0.0
6.22674,0x316,0.0,0.0,1.0,6.25,0.94,0.15,19.6875,19.65625,19.15625,19.09375,-1.5,0.0,30.0,0.0
6.23151,0x2B0,0.0,0.0,1.0,6.25,0.94,0.15,19.6875,19.65625,19.15625,19.09375,-1.5,0.0,30.0,0.0
6.23628,0x220,0.0,0.0,1.0,6.25,1.31,0.04,19.6875,19.65625,19.15625,19.09375,-1.5,0.0,30.0,0.0
6.23681,0x316,0.0,0.0,1.0,6.25,1.31,0.04,19.6875,19.65625,19.15625,19.09375,-1.5,0.0,30.0,0.0
6.24139,0x2B0,0.0,0.0,1.0,6.25,1.31,0.04,19.6875,19.65625,19.15625,19.09375,-1.5,0.0,30.0,0.0
6.24627,0x220,0.0,0.0,1.0,6.25,1.46,0.05,19.6875,19.65625,19.15625,19.09375,-1.5,0.0,30.0,0.0
6.2465,0x386,0.0,0.0,1.0,6.25,1.46,0.05,19.6875,19.59375,19.21875,19.25,-1.5,0.0,30.0,0.0
6.24698,0x316,0.0,0.0,1.0,6.25,1.46,0.05,19.6875,19.59375,19.21875,19.25,-1.5,0.0,30.0,0.0
6.2514,0x2B0,0.0,0.0,1.0,6.25,1.46,0.05,19.6875,19.59375,19.21875,19.25,-1.5,0.0,30.0,0.0
6.25628,0x220,0.0,0.0,1.0,6.25,1.36,0.17,19.6875,19.59375,19.21875,19.25,-1.5,0.0,30.0,0.0
6.25685,0x316,0.0,0.0,1.0,6.25,1.36,0.17,19.6875,19.59375,19.21875,19.25,-1.5,0.0,30.0,0.0
6.26139,0x2B0,0.0,0.0,1.0,6.25,1.36,0.17,19.6875,19.59375,19.21875,19.25,-1.5,0.0,30.0,0.0
6.26629,0x220,0.0,0.0,1.0,6.25,1.12,0.2,19.6875,19.59375,19.21875,19.25,-1.5,0.0,30.0,0.0
6.26651,0x386,0.0,0.0,1.0,6.25,1.12,0.2,19.65625,19.59375,19.28125,19.28125,-1.5,0.0,30.0,0.0
6.26675,0x316,0.0,0.0,1.0,6.25,1.12,0.2,19.65625,19.59375,19.28125,19.28125,-1.5,0.0,30.0,0.0
6.2714,0x2B0,0.0,0.0,1.0,6.25,1.12,0.2,19.65625,19.59375,19.28125,19.28125,-1.5,0.0,30.0,0.0
6.27629,0x220,0.0,0.0,1.0,6.25,0.88,0.09,19.65625,19.59375,19.28125,19.28125,-1.5,0.0,30.0,0.0
6.27677,0x316,0.0,0.0,1.0,6.25,0.88,0.09,19.65625,19.59375,19.28125,19.28125,-1.5,0.0,30.0,0.0
6.2814,0x2B0,0.0,0.0,1.0,6.25,0.88,0.09,19.65625,19.59375,19.28125,19.28125,-1.5,0.0,30.0,0.0
6.2863,0x220,0.0,0.0,1.0,6.25,0.69,0.02,19.65625,19.59375,19.28125,19.28125,-1.5,0.0,30.0,0.0
6.28653,0x386,0.0,0.0,1.0,6.25,0.69,0.02,19.6875,19.6875,19.21875,19.375,-1.5,0.0,30.0,0.0
6.287,0x316,0.0,0.0,1.0,6.25,0.69,0.02,19.6875,19.6875,19.21875,19.375,-1.5,0.0,30.0,0.0
6.29146,0x2B0,0.0,0.0,1.0,6.25,0.69,0.02,19.6875,19.6875,19.21875,19.375,-1.4,0.0,30.0,0.0
6.2963,0x220,0.0,0.0,1.0,6.25,0.63,0.17,19.6875,19.6875,19.21875,19.375,-1.4,0.0,30.0,0.0
6.29683,0x316,0.0,0.0,1.0,6.25,0.63,0.17,19.6875,19.6875,19.21875,19.375,-1.4,0.0,30.0,0.0
6.30142,0x2B0,0.0,0.0,1.0,6.25,0.63,0.17,19.6875,19.6875,19.21875,19.375,-1.4,0.0,30.0,0.0
6.3063,0x220,0.0,0.0,1.0,6.25,0.73,0.44,19.6875,19.6875,19.21875,19.375,-1.4,0.0,30.0,0.0
6.30652,0x386,0.0,0.0,1.0,6.25,0.73,0.44,19.65625,19.65625,19.1875,19.3125,-1.4,0.0,30.0,0.0
6.307,0x316,0.0,0.0,1.0,6.25,0.73,0.44,19.65625,19.65625,19.1875,19.3125,-1.4,0.0,30.0,0.0
6.31142,0x2B0,0.0,0.0,1.0,6.25,0.73,0.44,19.65625,19.65625,19.1875,19.3125,-1.4,0.0,30.0,0.0
6.31631,0x220,0.0,0.0,1.0,6.25,0.97,0.54,19.65625,19.65625,19.1875,19.3125,-1.4,0.0,30.0,0.0
6.31699,0x316,0.0,0.0,1.0,6.25,0.97,0.54,19.65625,19.65625,19.1875,19.3125,-1.4,0.0,30.0,0.0
6.3214,0x2B0,0.0,0.0,1.0,6.25,0.97,0.54,19.65625,19.65625,19.1875,19.3125,-1.4,0.0,30.0,0.0
6.32631,0x220,0.0,0.0,1.0,6.25,1.22,0.46,19.65625,19.65625,19.1875,19.3125,-1.4,0.0,30.0,0.0
6.32654,0x386,0.0,0.0,1.0,6.25,1.22,0.46,19.5,19.6875,19.09375,19.34375,-1.4,0.0,30.0,0.0
6.32701,0x316,0.0,0.0,1.0,6.25,1.22,0.46,19.5,19.6875,19.09375,19.34375,-1.4,0.0,30.0,0.0
6.33154,0x2B0,0.0,0.0,1.0,6.25,1.22,0.46,19.5,19.6875,19.09375,19.34375,-1.4,0.0,30.0,0.0
6.33632,0x220,0.0,0.0,1.0,6.25,1.3,0.33,19.5,19.6875,19.09375,19.34375,-1.4,0.0,30.0,0.0
6.33685,0x316,0.0,0.0,1.0,6.25,1.3,0.33,19.5,19.6875,19.09375,19.34375,-1.4,0.0,30.0,0.0
6.34147,0x2B0,0.0,0.0,1.0,6.25,1.3,0.33,19.5,19.6875,19.09375,19.34375,-1.4,0.0,30.0,0.0
6.34632,0x220,0.0,0.0,1.0,6.25,1.19,0.24,19.5,19.6875,19.09375,19.34375,-1.4,0.0,30.0,0.0
6.34654,0x386,0.0,0.0,1.0,6.25,1.19,0.24,19.75,19.65625,19.0625,19.1875,-1.4,0.0,30.0,0.0
6.34679,0x316,0.0,0.0,1.0,6.25,1.19,0.24,19.75,19.65625,19.0625,19.1875,-1.4,0.0,30.0,0.0
6.35145,0x2B0,0.0,0.0,1.0,6.25,1.19,0.24,19.75,19.65625,19.0625,19.1875,-1.2,8.0,30.0,0.0
6.35632,0x220,0.0,0.0,1.0,6.25,1.05,0.24,19.75,19.65625,19.0625,19.1875,-1.2,8.0,30.0,0.0
6.35681,0x316,0.0,0.0,1.0,6.25,1.05,0.24,19.75,19.65625,19.0625,19.1875,-1.2,8.0,30.0,0.0
6.36142,0x2B0,0.0,0.0,1.0,6.25,1.05,0.24,19.75,19.65625,19.0625,19.1875,-1.2,8.0,30.0,0.0
6.36632,0x220,0.0,0.0,1.0,6.25,0.89,0.32,19.75,19.65625,19.0625,19.1875,-1.2,8.0,30.0,0.0
6.36655,0x386,0.0,0.0,1.0,6.25,0.89,0.32,19.5,19.625,19.03125,18.9375,-1.2,8.0,30.0,0.0
6.36702,0x316,0.0,0.0,1.0,6.25,0.89,0.32,19.5,19.625,19.03125,18.9375,-1.2,8.0,30.0,0.0
6.37143,0x2B0,0.0,0.0,1.0,6.25,0.89,0.32,19.5,19.625,19.03125,18.9375,-1.2,0.0,30.0,0.0
6.37632,0x220,0.0,0.0,1.0,6.25,0.82,0.27,19.5,19.625,19.03125,18.9375,-1.2,0.0,30.0,0.0
6.37684,0x316,0.0,0.0,1.0,6.25,0.82,0.27,19.5,19.625,19.03125,18.9375,-1.2,0.0,30.0,0.0
6.38147,0x2B0,0.0,0.0,1.0,6.25,0.82,0.27,19.5,19.625,19.03125,18.9375,-1.2,0.0,30.0,0.0
6.38633,0x220,0.0,0.0,1.0,6.25,0.81,0.16,19.5,19.625,19.03125,18.9375,-1.2,0.0,30.0,0.0
6.38656,0x386,0.0,0.0,1.0,6.25,0.81,0.16,19.625,19.65625,18.90625,19.15625,-1.2,0.0,30.0,0.0
6.38679,0x316,0.0,0.0,1.0,6.25,0.81,0.16,19.625,19.65625,18.90625,19.15625,-1.2,0.0,33.0,0.0
6.39143,0x2B0,0.0,0.0,1.0,6.25,0.81,0.16,19.625,19.65625,18.90625,19.15625,-1.1,0.0,33.0,0.0
6.39633,0x220,0.0,0.0,1.0,6.25,0.84,0.14,19.625,19.65625,18.90625,19.15625,-1.1,0.0,33.0,0.0
6.39679,0x316,0.0,0.0,1.0,6.25,0.84,0.14,19.625,19.65625,18.90625,19.15625,-1.1,0.0,33.0,0.0
6.4014,0x2B0,0.0,0.0,1.0,6.25,0.84,0.14,19.625,19.65625,18.90625,19.15625,-1.1,0.0,33.0,0.0
6.40633,0x220,0.0,0.0,1.0,6.25,0.94,0.25,19.625,19.65625,18.90625,19.15625,-1.1,0.0,33.0,0.0
6.40655,0x386,0.0,0.0,1.0,6.25,0.94,0.25,19.59375,19.5625,19.125,19.4375,-1.1,0.0,33.0,0.0
6.40702,0x316,0.0,0.0,1.0,6.25,0.94,0.25,19.59375,19.5625,19.125,19.4375,-1.1,0.0,33.0,0.0
6.4114,0x2B0,0.0,0.0,1.0,6.25,0.94,0.25,19.59375,19.5625,19.125,19.4375,-1.1,0.0,33.0,0.0
6.41633,0x220,0.0,0.0,1.0,6.25,1.16,0.3,19.59375,19.5625,19.125,19.4375,-1.1,0.0,33.0,0.0
6.41699,0x316,0.0,0.0,1.0,6.25,1.16,0.3,19.59375,19.5625,19.125,19.4375,-1.1,0.0,33.0,0.0
6.4214,0x2B0,0.0,0.0,1.0,6.25,1.16,0.3,19.59375,19.5625,19.125,19.4375,-1.1,0.0,33.0,0.0
6.42633,0x220,0.0,0.0,1.0,6.25,1.35,0.23,19.59375,19.5625,19.125,19.4375,-1.1,0.0,33.0,0.0
6.42656,0x386,0.0,0.0,1.0,6.25,1.35,0.23,19.59375,19.53125,19.28125,19.21875,-1.1,0.0,33.0,0.0
6.4268,0x316,0.0,0.0,1.0,6.25,1.35,0.23,19.59375,19.53125,19.28125,19.21875,-1.1,0.0,33.0,0.0
6.43158,0x2B0,0.0,0.0,1.0,6.25,1.35,0.23,19.59375,19.53125,19.28125,19.21875,-1.1,0.0,33.0,0.0
6.43635,0x220,0.0,0.0,1.0,6.25,1.4,0.12,19.59375,19.53125,19.28125,19.21875,-1.1,0.0,33.0,0.0
6.43682,0x316,0.0,0.0,1.0,6.25,1.4,0.12,19.59375,19.53125,19.28125,19.21875,-1.1,0.0,30.0,0.0
6.44141,0x2B0,0.0,0.0,1.0,6.25,1.4,0.12,19.59375,19.53125,19.28125,19.21875,-1.1,0.0,30.0,0.0
6.44635,0x220,0.0,0.0,1.0,6.25,1.28,0.13,19.59375,19.53125,19.28125,19.21875,-1.1,0.0,30.0,0.0
6.44658,0x386,0.0,0.0,1.0,6.25,1.28,0.13,19.5625,19.5,19.15625,19.21875,-1.1,0.0,30.0,0.0
6.44705,0x316,0.0,0.0,1.0,6.25,1.28,0.13,19.5625,19.5,19.15625,19.21875,-1.1,0.0,28.0,0.0
6.45141,0x2B0,0.0,0.0,1.0,6.25,1.28,0.13,19.5625,19.5,19.15625,19.21875,-1.1,0.0,28.0,0.0
6.45635,0x220,0.0,0.0,1.0,6.25,1.06,0.25,19.5625,19.5,19.15625,19.21875,-1.1,0.0,28.0,0.0
6.45682,0x316,0.0,0.0,1.0,6.25,1.06,0.25,19.5625,19.5,19.15625,19.21875,-1.1,0.0,28.0,0.0
6.4614,0x2B0,0.0,0.0,1.0,6.25,1.06,0.25,19.5625,19.5,19.15625,19.21875,-1.1,0.0,28.0,0.0
6.46636,0x220,0.0,0.0,1.0,6.25,0.86,0.31,19.5625,19.5,19.15625,19.21875,-1.1,0.0,28.0,0.0
6.46658,0x386,0.0,0.0,1.0,6.25,0.86,0.31,19.53125,19.59375,19.15625,19.21875,-1.1,0.0,28.0,0.0
6.46682,0x316,0.0,0.0,1.0,6.25,0.86,0.31,19.53125,19.59375,19.15625,19.21875,-1.1,0.0,28.0,0.0
6.4714,0x2B0,0.0,0.0,1.0,6.25,0.86,0.31,19.53125,19.59375,19.15625,19.21875,-1.1,0.0,28.0,0.0
6.47636,0x220,0.0,0.0,1.0,6.25,0.71,0.23,19.53125,19.59375,19.15625,19.21875,-1.1,0.0,28.0,0.0
6.47677,0x316,0.0,0.0,1.0,6.25,0.71,0.23,19.53125,19.59375,19.15625,19.21875,-1.1,0.0,28.0,0.0
6.4814,0x2B0,0.0,0.0,1.0,6.25,0.71,0.23,19.53125,19.59375,19.15625,19.21875,-1.1,0.0,28.0,0.0
6.48636,0x220,0.0,0.0,1.0,6.25,0.67,0.06,19.53125,19.59375,19.15625,19.21875,-1.1,0.0,28.0,0.0
6.48659,0x386,0.0,0.0,1.0,6.25,0.67,0.06,19.5625,19.5625,19.0625,19.375,-1.1,0.0,28.0,0.0
6.48684,0x316,0.0,0.0,1.0,6.25,0.67,0.06,19.5625,19.5625,19.0625,19.375,-1.1,0.0,28.0,0.0
6.4914,0x2B0,0.0,0.0,1.0,6.25,0.67,0.06,19.5625,19.5625,19.0625,19.375,-1.1,0.0,28.0,0.0
6.49636,0x220,0.0,0.0,1.0,6.25,0.74,0.03,19.5625,19.5625,19.0625,19.375,-1.1,0.0,28.0,0.0
6.4968,0x316,0.0,0.0,1.0,6.25,0.74,0.03,19.5625,19.5625,19.0625,19.375,-1.1,0.0,28.0,0.0
6.5014,0x2B0,0.0,0.0,1.0,6.25,0.74,0.03,19.5625,19.5625,19.0625,19.375,-1.1,0.0,28.0,0.0
6.50636,0x220,0.0,0.0,1.0,6.25,0.94,0.22,19.5625,19.5625,19.0625,19.375,-1.1,0.0,28.0,0.0
6.50659,0x386,0.0,0.0,1.0,6.25,0.94,0.22,19.5625,19.59375,19.1875,19.28125,-1.1,0.0,28.0,0.0
6.50683,0x316,0.0,0.0,1.0,6.25,0.94,0.22,19.5625,19.59375,19.1875,19.28125,-1.1,0.0,30.0,0.0
6.5114,0x2B0,0.0,0.0,1.0,6.25,0.94,0.22,19.5625,19.59375,19.1875,19.28125,-1.1,0.0,30.0,0.0
6.51637,0x220,0.0,0.0,1.0,6.25,1.18,0.4,19.5625,19.59375,19.1875,19.28125,-1.1,0.0,30.0,0.0
6.51695,0x316,0.0,0.0,1.0,6.25,1.18,0.4,19.5625,19.59375,19.1875,19.28125,-1.1,0.0,30.0,0.0
6.52139,0x2B0,0.0,0.0,1.0,6.25,1.18,0.4,19.5625,19.59375,19.1875,19.28125,-1.1,0.0,30.0,0.0
6.52636,0x220,0.0,0.0,1.0,6.25,1.36,0.41,19.5625,19.59375,19.1875,19.28125,-1.1,0.0,30.0,0.0
6.52659,0x386,0.0,0.0,1.0,6.25,1.36,0.41,19.65625,19.5625,19.1875,19.34375,-1.1,0.0,30.0,0.0
6.52683,0x316,0.0,0.0,1.0,6.25,1.36,0.41,19.65625,19.5625,19.1875,19.34375,-1.1,0.0,30.0,0.0
6.5314,0x2B0,0.0,0.0,1.0,6.25,1.36,0.41,19.65625,19.5625,19.1875,19.34375,-1.1,0.0,30.0,0.0
6.53638,0x220,0.0,0.0,1.0,6.25,1.45,0.37,19.65625,19.5625,19.1875,19.34375,-1.1,0.0,30.0,0.0
6.53682,0x316,0.0,0.0,1.0,6.25,1.45,0.37,19.65625,19.5625,19.1875,19.34375,-1.1,0.0,33.0,0.0
6.54141,0x2B0,0.0,0.0,1.0,6.25,1.45,0.37,19.65625,19.5625,19.1875,19.34375,-1.1,0.0,33.0,0.0
6.54636,0x220,0.0,0.0,1.0,6.25,1.45,0.34,19.65625,19.5625,19.1875,19.34375,-1.1,0.0,33.0,0.0
6.54659,0x386,0.0,0.0,1.0,6.25,1.45,0.34,19.625,19.5625,19.28125,19.25,-1.1,0.0,33.0,0.0
6.54684,0x316,0.0,0.0,1.0,6.25,1.45,0.34,19.625,19.5625,19.28125,19.25,-1.1,0.0,33.0,0.0
6.55139,0x2B0,0.0,0.0,1.0,6.25,1.45,0.34,19.625,19.5625,19.28125,19.25,-1.1,0.0,33.0,0.0
6.55636,0x220,0.0,0.0,1.0,6.25,1.37,0.29,19.625,19.5625,19.28125,19.25,-1.1,0.0,33.0,0.0
6.5568,0x316,0.0,0.0,1.0,6.25,1.37,0.29,19.625,19.5625,19.28125,19.25,-1.1,0.0,33.0,0.0
6.56139,0x2B0,0.0,0.0,1.0,6.25,1.37,0.29,19.625,19.5625,19.28125,19.25,-1.1,0.0,33.0,0.0
6.56637,0x220,0.0,0.0,1.0,6.25,1.31,0.2,19.625,19.5625,19.28125,19.25,-1.1,0.0,33.0,0.0
6.5666,0x386,0.0,0.0,1.0,6.25,1.31,0.2,19.65625,19.625,19.28125,19.25,-1.1,0.0,33.0,0.0
6.56684,0x316,0.0,0.0,1.0,6.25,1.31,0.2,19.65625,19.625,19.28125,19.25,-1.1,0.0,33.0,0.0
6.57139,0x2B0,0.0,0.0,1.0,6.25,1.31,0.2,19.65625,19.625,19.28125,19.25,-1.1,0.0,33.0,0.0
6.57636,0x220,0.0,0.0,1.0,6.25,1.33,0.14,19.65625,19.625,19.28125,19.25,-1.1,0.0,33.0,0.0
6.57681,0x316,0.0,0.0,1.0,6.25,1.33,0.14,19.65625,19.625,19.28125,19.25,-1.1,0.0,33.0,0.0
6.58148,0x2B0,0.0,0.0,1.0,6.25,1.33,0.14,19.65625,19.625,19.28125,19.25,-1.1,0.0,33.0,0.0
6.58637,0x220,0.0,0.0,1.0,6.25,1.39,0.14,19.65625,19.625,19.28125,19.25,-1.1,0.0,33.0,0.0
6.58659,0x386,0.0,0.0,1.0,6.25,1.39,0.14,19.6875,19.625,19.46875,19.28125,-1.1,0.0,33.0,0.0
6.58684,0x316,0.0,0.0,1.0,6.25,1.39,0.14,19.6875,19.625,19.46875,19.28125,-1.1,0.0,33.0,0.0
6.59143,0x2B0,0.0,0.0,1.0,6.25,1.39,0.14,19.6875,19.625,19.46875,19.28125,-1.0,0.0,33.0,0.0
6.59637,0x220,0.0,0.0,1.0,6.25,1.5,0.14,19.6875,19.625,19.46875,19.28125,-1.0,0.0,33.0,0.0
6.59678,0x316,0.0,0.0,1.0,6.25,1.5,0.14,19.6875,19.625,19.46875,19.28125,-1.0,0.0,33.0,0.0
6.60139,0x2B0,0.0,0.0,1.0,6.25,1.5,0.14,19.6875,19.625,19.46875,19.28125,-1.0,0.0,33.0,0.0
6.60636,0x220,0.0,0.0,1.0,6.25,1.66,0.07,19.6875,19.625,19.46875,19.28125,-1.0,0.0,33.0,0.0
6.60659,0x386,0.0,0.0,1.0,6.25,1.66,0.07,19.65625,19.65625,18.71875,19.3125,-1.0,0.0,33.0,0.0
6.60707,0x316,0.0,0.0,1.0,6.25,1.66,0.07,19.65625,19.65625,18.71875,19.3125,-1.0,0.0,33.0,0.0
6.6114,0x2B0,0.0,0.0,1.0,6.25,1.66,0.07,19.65625,19.65625,18.71875,19.3125,-1.0,0.0,33.0,0.0
6.61636,0x220,0.0,0.0,1.0,6.25,1.77,-0.05,19.65625,19.65625,18.71875,19.3125,-1.0,0.0,33.0,0.0
6.61695,0x316,0.0,0.0,1.0,6.25,1.77,-0.05,19.65625,19.65625,18.71875,19.3125,-1.0,0.0,33.0,0.0
6.6214,0x2B0,0.0,0.0,1.0,6.25,1.77,-0.05,19.65625,19.65625,18.71875,19.3125,-1.0,0.0,33.0,0.0
6.62636,0x220,0.0,0.0,1.0,6.25,1.75,-0.19,19.65625,19.65625,18.71875,19.3125,-1.0,0.0,33.0,0.0
6.62659,0x386,0.0,0.0,1.0,6.25,1.75,-0.19,19.65625,19.6875,18.6875,19.09375,-1.0,0.0,33.0,0.0
6.62683,0x316,0.0,0.0,1.0,6.25,1.75,-0.19,19.65625,19.6875,18.6875,19.09375,-1.0,0.0,33.0,0.0
6.63164,0x2B0,0.0,0.0,1.0,6.25,1.75,-0.19,19.65625,19.6875,18.6875,19.09375,-1.0,0.0,33.0,0.0
6.63638,0x220,0.0,0.0,1.0,6.25,1.65,-0.18,19.65625,19.6875,18.6875,19.09375,-1.0,0.0,33.0,0.0
6.63681,0x316,0.0,0.0,1.0,6.25,1.65,-0.18,19.65625,19.6875,18.6875,19.09375,-1.0,0.0,33.0,0.0
6.64142,0x2B0,0.0,0.0,1.0,6.25,1.65,-0.18,19.65625,19.6875,18.6875,19.09375,-0.9,0.0,33.0,0.0
6.64637,0x220,0.0,0.0,1.0,6.25,1.56,-0.04,19.65625,19.6875,18.6875,19.09375,-0.9,0.0,33.0,0.0
6.6466,0x386,0.0,0.0,1.0,6.25,1.56,-0.04,19.59375,19.65625,19.125,18.96875,-0.9,0.0,33.0,0.0
6.64708,0x316,0.0,0.0,1.0,6.25,1.56,-0.04,19.59375,19.65625,19.125,18.96875,-0.9,0.0,33.0,0.0
6.65139,0x2B0,0.0,0.0,1.0,6.25,1.56,-0.04,19.59375,19.65625,19.125,18.96875,-0.9,0.0,33.0,0.0
6.65636,0x220,0.0,0.0,1.0,6.25,1.56,0.04,19.59375,19.65625,19.125,18.96875,-0.9,0.0,33.0,0.0
6.65683,0x316,0.0,0.0,1.0,6.25,1.56,0.04,19.59375,19.65625,19.125,18.96875,-0.9,0.0,33.0,0.0
6.66138,0x2B0,0.0,0.0,1.0,6.25,1.56,0.04,19.59375,19.65625,19.125,18.96875,-0.9,0.0,33.0,0.0
6.66637,0x220,0.0,0.0,1.0,6.25,1.65,0.04,19.59375,19.65625,19.125,18.96875,-0.9,0.0,33.0,0.0
6.6666,0x386,0.0,0.0,1.0,6.25,1.65,0.04,19.59375,19.6875,19.15625,19.1875,-0.9,0.0,33.0,0.0
6.66684,0x316,0.0,0.0,1.0,6.25,1.65,0.04,19.59375,19.6875,19.15625,19.1875,-0.9,0.0,33.0,0.0
6.6714,0x2B0,0.0,0.0,1.0,6.25,1.65,0.04,19.59375,19.6875,19.15625,19.1875,-0.8,0.0,33.0,0.0
6.67637,0x220,0.0,0.0,1.0,6.25,1.81,-0.01,19.59375,19.6875,19.15625,19.1875,-0.8,0.0,33.0,0.0
6.67676,0x316,0.0,0.0,1.0,6.25,1.81,-0.01,19.59375,19.6875,19.15625,19.1875,-0.8,0.0,33.0,0.0
6.68139,0x2B0,0.0,0.0,1.0,6.25,1.81,-0.01,19.59375,19.6875,19.15625,19.1875,-0.8,0.0,33.0,0.0
6.68637,0x220,0.0,0.0,1.0,6.25,1.97,-0.19,19.59375,19.6875,19.15625,19.1875,-0.8,0.0,33.0,0.0
6.6866,0x386,0.0,0.0,1.0,6.25,1.97,-0.19,19.53125,19.625,19.0,19.375,-0.8,0.0,33.0,0.0
6.68683,0x316,0.0,0.0,1.0,6.25,1.97,-0.19,19.53125,19.625,19.0,19.375,-0.8,0.0,30.0,0.0
6.69144,0x2B0,0.0,0.0,1.0,6.25,1.97,-0.19,19.53125,19.625,19.0,19.375,-0.8,0.0,30.0,0.0
6.69637,0x220,0.0,0.0,1.0,6.25,2.02,-0.38,19.53125,19.625,19.0,19.375,-0.8,0.0,30.0,0.0
6.69685,0x316,0.0,0.0,1.0,6.25,2.02,-0.38,19.53125,19.625,19.0,19.375,-0.8,0.0,30.0,0.0
6.70138,0x2B0,0.0,0.0,1.0,6.25,2.02,-0.38,19.53125,19.625,19.0,19.375,-0.7,0.0,30.0,0.0
6.70637,0x220,0.0,0.0,1.0,6.25,1.96,-0.48,19.53125,19.625,19.0,19.375,-0.7,0.0,30.0,0.0
6.7066,0x386,0.0,0.0,1.0,6.25,1.96,-0.48,19.53125,19.5625,18.84375,19.09375,-0.7,0.0,30.0,0.0
6.70684,0x316,0.0,0.0,1.0,6.25,1.96,-0.48,19.53125,19.5625,18.84375,19.09375,-0.7,0.0,28.0,0.0
6.71145,0x2B0,0.0,0.0,1.0,6.25,1.96,-0.48,19.53125,19.5625,18.84375,19.09375,-0.7,0.0,28.0,0.0
6.71637,0x220,0.0,0.0,1.0,6.25,1.84,-0.45,19.53125,19.5625,18.84375,19.09375,-0.7,0.0,28.0,0.0
6.71687,0x316,0.0,0.0,1.0,6.25,1.84,-0.45,19.53125,19.5625,18.84375,19.09375,-0.7,0.0,28.0,0.0
6.7214,0x2B0,0.0,0.0,1.0,6.25,1.84,-0.45,19.53125,19.5625,18.84375,19.09375,-0.5,8.0,28.0,0.0
6.72637,0x220,0.0,0.0,1.0,6.25,1.72,-0.38,19.53125,19.5625,18.84375,19.09375,-0.5,8.0,28.0,0.0
6.7266,0x386,0.0,0.0,1.0,6.25,1.72,-0.38,19.5,19.53125,19.0,19.125,-0.5,8.0,28.0,0.0
6.72684,0x316,0.0,0.0,1.0,6.25,1.72,-0.38,19.5,19.53125,19.0,19.125,-0.5,8.0,28.0,0.0
6.73147,0x2B0,0.0,0.0,1.0,6.25,1.72,-0.38,19.5,19.53125,19.0,19.125,-0.5,8.0,28.0,0.0
6.73638,0x220,0.0,0.0,1.0,6.25,1.64,-0.35,19.5,19.53125,19.0,19.125,-0.5,8.0,28.0,0.0
6.73684,0x316,0.0,0.0,1.0,6.25,1.64,-0.35,19.5,19.53125,19.0,19.125,-0.5,8.0,28.0,0.0
6.74141,0x2B0,0.0,0.0,1.0,6.25,1.64,-0.35,19.5,19.53125,19.0,19.125,-0.4,0.0,28.0,0.0
6.74636,0x220,0.0,0.0,1.0,6.25,1.59,-0.28,19.5,19.53125,19.0,19.125,-0.4,0.0,28.0,0.0
6.74659,0x386,0.0,0.0,1.0,6.25,1.59,-0.28,19.4375,19.5,19.09375,19.1875,-0.4,0.0,28.0,0.0
6.74706,0x316,0.0,0.0,1.0,6.25,1.59,-0.28,19.4375,19.5,19.09375,19.1875,-0.4,0.0,28.0,0.0
6.75138,0x2B0,0.0,0.0,1.0,6.25,1.59,-0.28,19.4375,19.5,19.09375,19.1875,-0.4,0.0,28.0,0.0
6.75637,0x220,0.0,0.0,1.0,6.25,1.6,-0.14,19.4375,19.5,19.09375,19.1875,-0.4,0.0,28.0,0.0
6.75681,0x316,0.0,0.0,1.0,6.25,1.6,-0.14,19.4375,19.5,19.09375,19.1875,-0.4,0.0,28.0,0.0
6.76136,0x2B0,0.0,0.0,1.0,6.25,1.6,-0.14,19.4375,19.5,19.09375,19.1875,-0.4,0.0,28.0,0.0
6.76637,0x220,0.0,0.0,1.0,6.25,1.66,-0.1,19.4375,19.5,19.09375,19.1875,-0.4,0.0,28.0,0.0
6.7666,0x386,0.0,0.0,1.0,6.25,1.66,-0.1,19.40625,19.4375,19.25,19.15625,-0.4,0.0,28.0,0.0
6.76684,0x316,0.0,0.0,1.0,6.25,1.66,-0.1,19.40625,19.4375,19.25,19.15625,-0.4,0.0,28.0,0.0
6.77137,0x2B0,0.0,0.0,1.0,6.25,1.66,-0.1,19.40625,19.4375,19.25,19.15625,-0.4,0.0,28.0,0.0
6.77636,0x220,0.0,0.0,1.0,6.25,1.75,-0.16,19.40625,19.4375,19.25,19.15625,-0.4,0.0,28.0,0.0
6.77685,0x316,0.0,0.0,1.0,6.25,1.75,-0.16,19.40625,19.4375,19.25,19.15625,-0.4,0.0,30.0,0.0
6.78137,0x2B0,0.0,0.0,1.0,6.25,1.75,-0.16,19.40625,19.4375,19.25,19.15625,-0.4,0.0,30.0,0.0
6.78636,0x220,0.0,0.0,1.0,6.25,1.75,-0.23,19.40625,19.4375,19.25,19.15625,-0.4,0.0,30.0,0.0
6.78659,0x386,0.0,0.0,1.0,6.25,1.75,-0.23,19.53125,19.5,19.15625,19.1875,-0.4,0.0,30.0,0.0
6.78683,0x316,0.0,0.0,1.0,6.25,1.75,-0.23,19.53125,19.5,19.15625,19.1875,-0.4,0.0,30.0,0.0
6.79142,0x2B0,0.0,0.0,1.0,6.25,1.75,-0.23,19.53125,19.5,19.15625,19.1875,-0.4,0.0,30.0,0.0
6.79637,0x220,0.0,0.0,1.0,6.25,1.63,-0.25,19.53125,19.5,19.15625,19.1875,-0.4,0.0,30.0,0.0
6.7968,0x316,0.0,0.0,1.0,6.25,1.63,-0.25,19.53125,19.5,19.15625,19.1875,-0.4,0.0,30.0,0.0
6.80137,0x2B0,0.0,0.0,1.0,6.25,1.63,-0.25,19.53125,19.5,19.15625,19.1875,-0.2,8.0,30.0,0.0
6.80637,0x220,0.0,0.0,1.0,6.25,1.48,-0.25,19.53125,19.5,19.15625,19.1875,-0.2,8.0,30.0,0.0
6.80659,0x386,0.0,0.0,1.0,6.25,1.48,-0.25,19.46875,19.53125,19.15625,19.25,-0.2,8.0,30.0,0.0
6.80684,0x316,0.0,0.0,1.0,6.25,1.48,-0.25,19.46875,19.53125,19.15625,19.25,-0.2,8.0,33.0,0.0
6.81146,0x2B0,0.0,0.0,1.0,6.25,1.48,-0.25,19.46875,19.53125,19.15625,19.25,-0.2,8.0,33.0,0.0
6.81637,0x220,0.0,0.0,1.0,6.25,1.32,-0.26,19.46875,19.53125,19.15625,19.25,-0.2,8.0,33.0,0.0
6.81704,0x316,0.0,0.0,1.0,6.25,1.32,-0.26,19.46875,19.53125,19.15625,19.25,-0.2,8.0,33.0,0.0
6.82141,0x2B0,0.0,0.0,1.0,6.25,1.32,-0.26,19.46875,19.53125,19.15625,19.25,0.0,8.0,33.0,0.0
6.82637,0x220,0.0,0.0,1.0,6.25,1.18,-0.26,19.46875,19.53125,19.15625,19.25,0.0,8.0,33.0,0.0
6.82659,0x386,0.0,0.0,1.0,6.25,1.18,-0.26,19.59375,19.5625,19.25,19.1875,0.0,8.0,33.0,0.0
6.82683,0x316,0.0,0.0,1.0,6.25,1.18,-0.26,19.59375,19.5625,19.25,19.1875,0.0,8.0,33.0,0.0
6.8315,0x2B0,0.0,0.0,1.0,6.25,1.18,-0.26,19.59375,19.5625,19.25,19.1875,0.0,8.0,33.0,0.0
6.83639,0x220,0.0,0.0,1.0,6.25,1.13,-0.15,19.59375,19.5625,19.25,19.1875,0.0,8.0,33.0,0.0
6.8368,0x316,0.0,0.0,1.0,6.25,1.13,-0.15,19.59375,19.5625,19.25,19.1875,0.0,8.0,33.0,0.0
6.84144,0x2B0,0.0,0.0,1.0,6.25,1.13,-0.15,19.59375,19.5625,19.25,19.1875,0.2,8.0,33.0,0.0
6.84636,0x220,0.0,0.0,1.0,6.25,1.16,0.03,19.59375,19.5625,19.25,19.1875,0.2,8.0,33.0,0.0
6.8466,0x386,0.0,0.0,1.0,6.25,1.16,0.03,19.5625,19.5,19.1875,19.1875,0.2,8.0,33.0,0.0
6.84684,0x316,0.0,0.0,1.0,6.25,1.16,0.03,19.5625,19.5,19.1875,19.1875,0.2,8.0,33.0,0.0
6.85143,0x2B0,0.0,0.0,1.0,6.25,1.16,0.03,19.5625,19.5,19.1875,19.1875,0.2,8.0,33.0,0.0
6.85637,0x220,0.0,0.0,1.0,6.25,1.29,0.2,19.5625,19.5,19.1875,19.1875,0.2,8.0,33.0,0.0
6.85691,0x316,0.0,0.0,1.0,6.25,1.29,0.2,19.5625,19.5,19.1875,19.1875,0.2,8.0,33.0,0.0
6.86144,0x2B0,0.0,0.0,1.0,6.25,1.29,0.2,19.5625,19.5,19.1875,19.1875,0.3,0.0,33.0,0.0
6.86638,0x220,0.0,0.0,1.0,6.25,1.41,0.19,19.5625,19.5,19.1875,19.1875,0.3,0.0,33.0,0.0
6.86661,0x386,0.0,0.0,1.0,6.25,1.41,0.19,19.5625,19.5625,19.21875,19.15625,0.3,0.0,33.0,0.0
6.86685,0x316,0.0,0.0,1.0,6.25,1.41,0.19,19.5625,19.5625,19.21875,19.15625,0.3,0.0,33.0,0.0
6.87141,0x2B0,0.0,0.0,1.0,6.25,1.41,0.19,19.5625,19.5625,19.21875,19.15625,0.3,0.0,33.0,0.0
6.87637,0x220,0.0,0.0,1.0,6.25,1.35,0.07,19.5625,19.5625,19.21875,19.15625,0.3,0.0,33.0,0.0
6.87678,0x316,0.0,0.0,1.0,6.25,1.35,0.07,19.5625,19.5625,19.21875,19.15625,0.3,0.0,33.0,0.0
6.88143,0x2B0,0.0,0.0,1.0,6.25,1.35,0.07,19.5625,19.5625,19.21875,19.15625,0.4,0.0,33.0,0.0
6.88638,0x220,0.0,0.0,1.0,6.25,1.21,0.04,19.5625,19.5625,19.21875,19.15625,0.4,0.0,33.0,0.0
6.8866,0x386,0.0,0.0,1.0,6.25,1.21,0.04,19.71875,19.5625,19.15625,19.28125,0.4,0.0,33.0,0.0
6.88684,0x316,0.0,0.0,1.0,6.25,1.21,0.04,19.71875,19.5625,19.15625,19.28125,0.4,0.0,33.0,0.0
6.89142,0x2B0,0.0,0.0,1.0,6.25,1.21,0.04,19.71875,19.5625,19.15625,19.28125,0.4,0.0,33.0,0.0
6.89637,0x220,0.0,0.0,1.0,6.25,1.13,0.18,19.71875,19.5625,19.15625,19.28125,0.4,0.0,33.0,0.0
6.89687,0x316,0.0,0.0,1.0,6.25,1.13,0.18,19.71875,19.5625,19.15625,19.28125,0.4,0.0,33.0,0.0
6.90142,0x2B0,0.0,0.0,1.0,6.25,1.13,0.18,19.71875,19.5625,19.15625,19.28125,0.5,0.0,33.0,0.0
6.90638,0x220,0.0,0.0,1.0,6.25,1.12,0.38,19.71875,19.5625,19.15625,19.28125,0.5,0.0,33.0,0.0
6.90661,0x386,0.0,0.0,1.0,6.25,1.12,0.38,19.59375,19.59375,19.0,19.0625,0.5,0.0,33.0,0.0
6.90685,0x316,0.0,0.0,1.0,6.25,1.12,0.38,19.59375,19.59375,19.0,19.0625,0.5,0.0,33.0,0.0
6.91139,0x2B0,0.0,0.0,1.0,6.25,1.12,0.38,19.59375,19.59375,19.0,19.0625,0.5,0.0,33.0,0.0
6.91637,0x220,0.0,0.0,1.0,6.25,1.12,0.43,19.59375,19.59375,19.0,19.0625,0.5,0.0,33.0,0.0
6.91691,0x316,0.0,0.0,1.0,6.25,1.12,0.43,19.59375,19.59375,19.0,19.0625,0.5,0.0,33.0,0.0
6.92138,0x2B0,0.0,0.0,1.0,6.25,1.12,0.43,19.59375,19.59375,19.0,19.0625,0.5,0.0,33.0,0.0
6.92637,0x220,0.0,0.0,1.0,6.25,1.1,0.27,19.59375,19.59375,19.0,19.0625,0.5,0.0,33.0,0.0
6.92659,0x386,0.0,0.0,1.0,6.25,1.1,0.27,19.6875,19.6875,19.1875,19.15625,0.5,0.0,33.0,0.0
6.92684,0x316,0.0,0.0,1.0,6.25,1.1,0.27,19.6875,19.6875,19.1875,19.15625,0.5,0.0,33.0,0.0
6.93153,0x2B0,0.0,0.0,1.0,6.25,1.1,0.27,19.6875,19.6875,19.1875,19.15625,0.6,0.0,33.0,0.0
6.93637,0x220,0.0,0.0,1.0,6.25,1.04,0.09,19.6875,19.6875,19.1875,19.15625,0.6,0.0,33.0,0.0
6.93694,0x316,0.0,0.0,1.0,6.25,1.04,0.09,19.6875,19.6875,19.1875,19.15625,0.6,0.0,33.0,0.0
6.94141,0x2B0,0.0,0.0,1.0,6.25,1.04,0.09,19.6875,19.6875,19.1875,19.15625,0.6,0.0,33.0,0.0
6.94637,0x220,0.0,0.0,1.0,6.25,0.97,0.17,19.6875,19.6875,19.1875,19.15625,0.6,0.0,33.0,0.0
6.9466,0x386,0.0,0.0,1.0,6.25,0.97,0.17,19.65625,19.5625,19.0625,19.21875,0.6,0.0,33.0,0.0
6.94708,0x316,0.0,0.0,1.0,6.25,0.97,0.17,19.65625,19.5625,19.0625,19.21875,0.6,0.0,33.0,0.0
6.95141,0x2B0,0.0,0.0,1.0,6.25,0.97,0.17,19.65625,19.5625,19.0625,19.21875,0.6,0.0,33.0,0.0
6.95637,0x220,0.0,0.0,1.0,6.25,1.04,0.39,19.65625,19.5625,19.0625,19.21875,0.6,0.0,33.0,0.0
6.95681,0x316,0.0,0.0,1.0,6.25,1.04,0.39,19.65625,19.5625,19.0625,19.21875,0.6,0.0,33.0,0.0
6.96141,0x2B0,0.0,0.0,1.0,6.25,1.04,0.39,19.65625,19.5625,19.0625,19.21875,0.6,0.0,33.0,0.0
6.96639,0x220,0.0,0.0,1.0,6.25,1.27,0.44,19.65625,19.5625,19.0625,19.21875,0.6,0.0,33.0,0.0
6.96662,0x386,0.0,0.0,1.0,6.25,1.27,0.44,19.5625,19.6875,18.96875,19.15625,0.6,0.0,33.0,0.0
6.96686,0x316,0.0,0.0,1.0,6.25,1.27,0.44,19.5625,19.6875,18.96875,19.15625,0.6,0.0,33.0,0.0
6.97141,0x2B0,0.0,0.0,1.0,6.25,1.27,0.44,19.5625,19.6875,18.96875,19.15625,0.6,0.0,33.0,0.0
6.97638,0x220,0.0,0.0,1.0,6.25,1.52,0.31,19.5625,19.6875,18.96875,19.15625,0.6,0.0,33.0,0.0
6.97685,0x316,0.0,0.0,1.0,6.25,1.52,0.31,19.5625,19.6875,18.96875,19.15625,0.6,0.0,30.0,0.0
6.98141,0x2B0,0.0,0.0,1.0,6.25,1.52,0.31,19.5625,19.6875,18.96875,19.15625,0.6,0.0,30.0,0.0
6.98638,0x220,0.0,0.0,1.0,6.25,1.65,0.16,19.5625,19.6875,18.96875,19.15625,0.6,0.0,30.0,0.0
6.98661,0x386,0.0,0.0,1.0,6.25,1.65,0.16,19.59375,19.59375,19.03125,19.21875,0.6,0.0,30.0,0.0
6.98685,0x316,0.0,0.0,1.0,6.25,1.65,0.16,19.59375,19.59375,19.03125,19.21875,0.6,0.0,30.0,0.0
6.99142,0x2B0,0.0,0.0,1.0,6.25,1.65,0.16,19.59375,19.59375,19.03125,19.21875,0.6,0.0,30.0,0.0
6.99638,0x220,0.0,0.0,1.0,6.25,1.61,0.14,19.59375,19.59375,19.03125,19.21875,0.6,0.0,30.0,0.0
6.99682,0x316,0.0,0.0,1.0,6.25,1.61,0.14,19.59375,19.59375,19.03125,19.21875,0.6,0.0,28.0,0.0
7.00141,0x2B0,0.0,0.0,1.0,6.25,1.61,0.14,19.59375,19.59375,19.03125,19.21875,0.6,0.0,28.0,0.0
7.00637,0x220,0.0,0.0,1.0,6.25,1.44,0.23,19.59375,19.59375,19.03125,19.21875,0.6,0.0,28.0,0.0
7.0066,0x386,0.0,0.0,1.0,6.25,1.44,0.23,19.5625,19.65625,19.03125,19.21875,0.6,0.0,28.0,0.0
7.00684,0x316,0.0,0.0,1.0,6.25,1.44,0.23,19.5625,19.65625,19.03125,19.21875,0.6,0.0,28.0,0.0
7.01141,0x2B0,0.0,0.0,1.0,6.25,1.44,0.23,19.5625,19.65625,19.03125,19.21875,0.6,0.0,28.0,0.0
7.01638,0x220,0.0,0.0,1.0,6.25,1.26,0.32,19.5625,19.65625,19.03125,19.21875,0.6,0.0,28.0,0.0
7.01698,0x316,0.0,0.0,1.0,6.25,1.26,0.32,19.5625,19.65625,19.03125,19.21875,0.6,0.0,28.0,0.0
7.02141,0x2B0,0.0,0.0,1.0,6.25,1.26,0.32,19.5625,19.65625,19.03125,19.21875,0.6,0.0,28.0,0.0
7.02638,0x220,0.0,0.0,1.0,6.25,1.16,0.27,19.5625,19.65625,19.03125,19.21875,0.6,0.0,28.0,0.0
7.02661,0x386,0.0,0.0,1.0,6.25,1.16,0.27,19.46875,19.59375,19.0,19.1875,0.6,0.0,28.0,0.0
7.02685,0x316,0.0,0.0,1.0,6.25,1.16,0.27,19.46875,19.59375,19.0,19.1875,0.6,0.0,28.0,0.0
7.03158,0x2B0,0.0,0.0,1.0,6.25,1.16,0.27,19.46875,19.59375,19.0,19.1875,0.6,0.0,28.0,0.0
7.0364,0x220,0.0,0.0,1.0,6.25,1.13,0.13,19.46875,19.59375,19.0,19.1875,0.6,0.0,28.0,0.0
7.03678,0x316,0.0,0.0,1.0,6.25,1.13,0.13,19.46875,19.59375,19.0,19.1875,0.6,0.0,28.0,0.0
7.04142,0x2B0,0.0,0.0,1.0,6.25,1.13,0.13,19.46875,19.59375,19.0,19.1875,0.6,0.0,28.0,0.0
7.04637,0x220,0.0,0.0,1.0,6.25,1.18,0.05,19.46875,19.59375,19.0,19.1875,0.6,0.0,28.0,0.0
7.0466,0x386,0.0,0.0,1.0,6.25,1.18,0.05,19.4375,19.4375,19.0625,19.1875,0.6,0.0,28.0,0.0
7.04684,0x316,0.0,0.0,1.0,6.25,1.18,0.05,19.4375,19.4375,19.0625,19.1875,0.6,0.0,28.0,0.0
7.05142,0x2B0,0.0,0.0,1.0,6.25,1.18,0.05,19.4375,19.4375,19.0625,19.1875,0.6,0.0,28.0,0.0
7.05637,0x220,0.0,0.0,1.0,6.25,1.32,0.1,19.4375,19.4375,19.0625,19.1875,0.6,0.0,28.0,0.0
7.05686,0x316,0.0,0.0,1.0,6.25,1.32,0.1,19.4375,19.4375,19.0625,19.1875,0.6,0.0,30.0,0.0
7.06142,0x2B0,0.0,0.0,1.0,6.25,1.32,0.1,19.4375,19.4375,19.0625,19.1875,0.6,0.0,30.0,0.0
7.06637,0x220,0.0,0.0,1.0,6.25,1.46,0.18,19.4375,19.4375,19.0625,19.1875,0.6,0.0,30.0,0.0
7.0666,0x386,0.0,0.0,1.0,6.25,1.46,0.18,19.5,19.5625,19.0625,19.25,0.6,0.0,30.0,0.0
7.06707,0x316,0.0,0.0,1.0,6.25,1.46,0.18,19.5,19.5625,19.0625,19.25,0.6,0.0,30.0,0.0
7.07142,0x2B0,0.0,0.0,1.0,6.25,1.46,0.18,19.5,19.5625,19.0625,19.25,0.6,0.0,30.0,0.0
7.07638,0x220,0.0,0.0,1.0,6.25,1.54,0.18,19.5,19.5625,19.0625,19.25,0.6,0.0,30.0,0.0
7.07677,0x316,0.0,0.0,1.0,6.25,1.54,0.18,19.5,19.5625,19.0625,19.25,0.6,0.0,30.0,0.0
7.08143,0x2B0,0.0,0.0,1.0,6.25,1.54,0.18,19.5,19.5625,19.0625,19.25,0.6,0.0,30.0,0.0
7.08637,0x220,0.0,0.0,1.0,6.25,1.54,0.08,19.5,19.5625,19.0625,19.25,0.6,0.0,30.0,0.0
7.0866,0x386,0.0,0.0,1.0,6.25,1.54,0.08,19.46875,19.46875,19.1875,19.1875,0.6,0.0,30.0,0.0
7.08684,0x316,0.0,0.0,1.0,6.25,1.54,0.08,19.46875,19.46875,19.1875,19.1875,0.6,0.0,30.0,0.0
7.09142,0x2B0,0.0,0.0,1.0,6.25,1.54,0.08,19.46875,19.46875,19.1875,19.1875,0.6,0.0,30.0,0.0
7.09638,0x220,0.0,0.0,1.0,6.25,1.46,0.01,19.46875,19.46875,19.1875,19.1875,0.6,0.0,30.0,0.0
7.09682,0x316,0.0,0.0,1.0,6.25,1.46,0.01,19.46875,19.46875,19.1875,19.1875,0.6,0.0,30.0,0.0
7.10142,0x2B0,0.0,0.0,1.0,6.25,1.46,0.01,19.46875,19.46875,19.1875,19.1875,0.6,0.0,30.0,0.0
7.10638,0x220,0.0,0.0,1.0,6.25,1.37,0.02,19.46875,19.46875,19.1875,19.1875,0.6,0.0,30.0,0.0
7.1066,0x386,0.0,0.0,1.0,6.25,1.37,0.02,19.5625,19.5625,19.09375,19.09375,0.6,0.0,30.0,0.0
7.10707,0x316,0.0,0.0,1.0,6.25,1.37,0.02,19.5625,19.5625,19.09375,19.09375,0.6,0.0,30.0,0.0
7.11141,0x2B0,0.0,0.0,1.0,6.25,1.37,0.02,19.5625,19.5625,19.09375,19.09375,0.6,0.0,30.0,0.0
7.11639,0x220,0.0,0.0,1.0,6.25,1.33,0.08,19.5625,19.5625,19.09375,19.09375,0.6,0.0,30.0,0.0
7.11685,0x316,0.0,0.0,1.0,6.25,1.33,0.08,19.5625,19.5625,19.09375,19.09375,0.6,0.0,30.0,0.0
7.12141,0x2B0,0.0,0.0,1.0,6.25,1.33,0.08,19.5625,19.5625,19.09375,19.09375,0.6,0.0,30.0,0.0
7.12638,0x220,0.0,0.0,1.0,6.25,1.34,0.13,19.5625,19.5625,19.09375,19.09375,0.6,0.0,30.0,0.0
7.12661,0x386,0.0,0.0,1.0,6.25,1.34,0.13,19.5,19.53125,19.0625,19.25,0.6,0.0,30.0,0.0
7.12685,0x316,0.0,0.0,1.0,6.25,1.34,0.13,19.5,19.53125,19.0625,19.25,0.6,0.0,30.0,0.0
7.1316,0x2B0,0.0,0.0,1.0,6.25,1.34,0.13,19.5,19.53125,19.0625,19.25,0.6,0.0,30.0,0.0
7.1364,0x220,0.0,0.0,1.0,6.25,1.37,0.19,19.5,19.53125,19.0625,19.25,0.6,0.0,30.0,0.0
7.13685,0x316,0.0,0.0,1.0,6.25,1.37,0.19,19.5,19.53125,19.0625,19.25,0.6,0.0,30.0,0.0
7.1414,0x2B0,0.0,0.0,1.0,6.25,1.37,0.19,19.5,19.53125,19.0625,19.25,0.6,0.0,30.0,0.0
7.14637,0x220,0.0,0.0,1.0,6.25,1.42,0.25,19.5,19.53125,19.0625,19.25,0.6,0.0,30.0,0.0
7.1466,0x386,0.0,0.0,1.0,6.25,1.42,0.25,19.5625,19.46875,19.09375,19.09375,0.6,0.0,30.0,0.0
7.14707,0x316,0.0,0.0,1.0,6.25,1.42,0.25,19.5625,19.46875,19.09375,19.09375,0.6,0.0,30.0,0.0
7.15141,0x2B0,0.0,0.0,1.0,6.25,1.42,0.25,19.5625,19.46875,19.09375,19.09375,0.7,0.0,30.0,0.0
7.15638,0x220,0.0,0.0,1.0,6.25,1.45,0.27,19.5625,19.46875,19.09375,19.09375,0.7,0.0,30.0,0.0
7.15678,0x316,0.0,0.0,1.0,6.25,1.45,0.27,19.5625,19.46875,19.09375,19.09375,0.7,0.0,30.0,0.0
7.16139,0x2B0,0.0,0.0,1.0,6.25,1.45,0.27,19.5625,19.46875,19.09375,19.09375,0.7,0.0,30.0,0.0
7.16639,0x220,0.0,0.0,1.0,6.25,1.45,0.21,19.5625,19.46875,19.09375,19.09375,0.7,0.0,30.0,0.0
7.16662,0x386,0.0,0.0,1.0,6.25,1.45,0.21,19.5625,19.59375,19.125,19.15625,0.7,0.0,30.0,0.0
7.16685,0x316,0.0,0.0,1.0,6.25,1.45,0.21,19.5625,19.59375,19.125,19.15625,0.7,0.0,30.0,0.0
7.17139,0x2B0,0.0,0.0,1.0,6.25,1.45,0.21,19.5625,19.59375,19.125,19.15625,0.7,0.0,30.0,0.0
7.17637,0x220,0.0,0.0,1.0,6.25,1.38,0.11,19.5625,19.59375,19.125,19.15625,0.7,0.0,30.0,0.0
7.1768,0x316,0.0,0.0,1.0,6.25,1.38,0.11,19.5625,19.59375,19.125,19.15625,0.7,0.0,30.0,0.0
7.18147,0x2B0,0.0,0.0,1.0,6.25,1.38,0.11,19.5625,19.59375,19.125,19.15625,0.7,0.0,30.0,0.0
7.18639,0x220,0.0,0.0,1.0,6.25,1.27,0.07,19.5625,19.59375,19.125,19.15625,0.7,0.0,30.0,0.0
7.18662,0x386,0.0,0.0,1.0,6.25,1.27,0.07,19.5625,19.5625,19.09375,19.125,0.7,0.0,30.0,0.0
7.18686,0x316,0.0,0.0,1.0,6.25,1.27,0.07,19.5625,19.5625,19.09375,19.125,0.7,0.0,30.0,0.0
7.19141,0x2B0,0.0,0.0,1.0,6.25,1.27,0.07,19.5625,19.5625,19.09375,19.125,0.8,0.0,30.0,0.0
7.19638,0x220,0.0,0.0,1.0,6.25,1.24,0.12,19.5625,19.5625,19.09375,19.125,0.8,0.0,30.0,0.0
7.19675,0x316,0.0,0.0,1.0,6.25,1.24,0.12,19.5625,19.5625,19.09375,19.125,0.8,0.0,30.0,0.0
7.20138,0x2B0,0.0,0.0,1.0,6.25,1.24,0.12,19.5625,19.5625,19.09375,19.125,0.8,0.0,30.0,0.0
7.20638,0x220,0.0,0.0,1.0,6.25,1.38,0.2,19.5625,19.5625,19.09375,19.125,0.8,0.0,30.0,0.0
7.20661,0x386,0.0,0.0,1.0,6.25,1.38,0.2,19.53125,19.5,19.0625,19.09375,0.8,0.0,30.0,0.0
7.20684,0x316,0.0,0.0,1.0,6.25,1.38,0.2,19.53125,19.5,19.0625,19.09375,0.8,0.0,30.0,0.0
7.21138,0x2B0,0.0,0.0,1.0,6.25,1.38,0.2,19.53125,19.5,19.0625,19.09375,0.8,0.0,30.0,0.0
7.21638,0x220,0.0,0.0,1.0,6.25,1.69,0.23,19.53125,19.5,19.0625,19.09375,0.8,0.0,30.0,0.0
7.21685,0x316,0.0,0.0,1.0,6.25,1.69,0.23,19.53125,19.5,19.0625,19.09375,0.8,0.0,30.0,0.0
7.22145,0x2B0,0.0,0.0,1.0,6.25,1.69,0.23,19.53125,19.5,19.0625,19.09375,0.8,0.0,30.0,0.0
7.22637,0x220,0.0,0.0,1.0,6.25,2.0,0.16,19.53125,19.5,19.0625,19.09375,0.8,0.0,30.0,0.0
7.2266,0x386,0.0,0.0,1.0,6.25,2.0,0.16,19.5625,19.6875,19.0625,19.09375,0.8,0.0,30.0,0.0
7.22683,0x316,0.0,0.0,1.0,6.25,2.0,0.16,19.5625,19.6875,19.0625,19.09375,0.8,0.0,30.0,0.0
7.2314,0x2B0,0.0,0.0,1.0,6.25,2.0,0.16,19.5625,19.6875,19.0625,19.09375,0.9,0.0,30.0,0.0
7.2364,0x220,0.0,0.0,1.0,6.25,2.1,0.07,19.5625,19.6875,19.0625,19.09375,0.9,0.0,30.0,0.0
7.23679,0x316,0.0,0.0,1.0,6.25,2.1,0.07,19.5625,19.6875,19.0625,19.09375,0.9,0.0,30.0,0.0
7.24141,0x2B0,0.0,0.0,1.0,6.25,2.1,0.07,19.5625,19.6875,19.0625,19.09375,0.9,0.0,30.0,0.0
7.24638,0x220,0.0,0.0,1.0,6.25,1.92,0.09,19.5625,19.6875,19.0625,19.09375,0.9,0.0,30.0,0.0
7.2466,0x386,0.0,0.0,1.0,6.25,1.92,0.09,19.65625,19.40625,19.1875,19.3125,0.9,0.0,30.0,0.0
7.24684,0x316,0.0,0.0,1.0,6.25,1.92,0.09,19.65625,19.40625,19.1875,19.3125,0.9,0.0,30.0,0.0
7.2514,0x2B0,0.0,0.0,1.0,6.25,1.92,0.09,19.65625,19.40625,19.1875,19.3125,0.9,0.0,30.0,0.0
7.25637,0x220,0.0,0.0,1.0,6.25,1.67,0.16,19.65625,19.40625,19.1875,19.3125,0.9,0.0,30.0,0.0
7.25677,0x316,0.0,0.0,1.0,6.25,1.67,0.16,19.65625,19.40625,19.1875,19.3125,0.9,0.0,30.0,0.0
7.26143,0x2B0,0.0,0.0,1.0,6.25,1.67,0.16,19.65625,19.40625,19.1875,19.3125,1.0,0.0,30.0,0.0
7.26639,0x220,0.0,0.0,1.0,6.25,1.53,0.15,19.65625,19.40625,19.1875,19.3125,1.0,0.0,30.0,0.0
7.26661,0x386,0.0,0.0,1.0,6.25,1.53,0.15,19.5,19.65625,19.03125,19.15625,1.0,0.0,30.0,0.0
7.26709,0x316,0.0,0.0,1.0,6.25,1.53,0.15,19.5,19.65625,19.03125,19.15625,1.0,0.0,30.0,0.0
7.27141,0x2B0,0.0,0.0,1.0,6.25,1.53,0.15,19.5,19.65625,19.03125,19.15625,1.0,0.0,30.0,0.0
7.27639,0x220,0.0,0.0,1.0,6.25,1.51,-0.01,19.5,19.65625,19.03125,19.15625,1.0,0.0,30.0,0.0
7.2767,0x316,0.0,0.0,1.0,6.25,1.51,-0.01,19.5,19.65625,19.03125,19.15625,1.0,0.0,30.0,0.0
7.28138,0x2B0,0.0,0.0,1.0,6.25,1.51,-0.01,19.5,19.65625,19.03125,19.15625,1.0,0.0,30.0,0.0
7.28638,0x220,0.0,0.0,1.0,6.25,1.56,-0.25,19.5,19.65625,19.03125,19.15625,1.0,0.0,30.0,0.0
7.28661,0x386,0.0,0.0,1.0,6.25,1.56,-0.25,19.59375,19.5625,19.0,19.28125,1.0,0.0,30.0,0.0
7.28685,0x316,0.0,0.0,1.0,6.25,1.56,-0.25,19.59375,19.5625,19.0,19.28125,1.0,0.0,30.0,0.0
7.29146,0x2B0,0.0,0.0,1.0,6.25,1.56,-0.25,19.59375,19.5625,19.0,19.28125,1.0,0.0,30.0,0.0
7.29638,0x220,0.0,0.0,1.0,6.25,1.68,-0.17,19.59375,19.5625,19.0,19.28125,1.0,0.0,30.0,0.0
7.29675,0x316,0.0,0.0,1.0,6.25,1.68,-0.17,19.59375,19.5625,19.0,19.28125,1.0,0.0,30.0,0.0
7.30139,0x2B0,0.0,0.0,1.0,6.25,1.68,-0.17,19.59375,19.5625,19.0,19.28125,1.2,8.0,30.0,0.0
7.30638,0x220,0.0,0.0,1.0,6.25,1.78,0.18,19.59375,19.5625,19.0,19.28125,1.2,8.0,30.0,0.0
7.30661,0x386,0.0,0.0,1.0,6.25,1.78,0.18,19.53125,19.625,18.96875,19.21875,1.2,8.0,30.0,0.0
7.30708,0x316,0.0,0.0,1.0,6.25,1.78,0.18,19.53125,19.625,18.96875,19.21875,1.2,8.0,30.0,0.0
7.31142,0x2B0,0.0,0.0,1.0,6.25,1.78,0.18,19.53125,19.625,18.96875,19.21875,1.2,8.0,30.0,0.0
7.31639,0x220,0.0,0.0,1.0,6.25,1.8,0.36,19.53125,19.625,18.96875,19.21875,1.2,8.0,30.0,0.0
7.31702,0x316,0.0,0.0,1.0,6.25,1.8,0.36,19.53125,19.625,18.96875,19.21875,1.2,8.0,30.0,0.0
7.32143,0x2B0,0.0,0.0,1.0,6.25,1.8,0.36,19.53125,19.625,18.96875,19.21875,1.2,0.0,30.0,0.0
7.32638,0x220,0.0,0.0,1.0,6.25,1.77,0.1,19.53125,19.625,18.96875,19.21875,1.2,0.0,30.0,0.0
7.32661,0x386,0.0,0.0,1.0,6.25,1.77,0.1,19.5,19.5625,18.90625,19.1875,1.2,0.0,30.0,0.0
7.32685,0x316,0.0,0.0,1.0,6.25,1.77,0.1,19.5,19.5625,18.90625,19.1875,1.2,0.0,30.0,0.0
7.33143,0x2B0,0.0,0.0,1.0,6.25,1.77,0.1,19.5,19.5625,18.90625,19.1875,1.4,8.0,30.0,0.0
7.3364,0x220,0.0,0.0,1.0,6.25,1.64,-0.23,19.5,19.5625,18.90625,19.1875,1.4,8.0,30.0,0.0
7.33677,0x316,0.0,0.0,1.0,6.25,1.64,-0.23,19.5,19.5625,18.90625,19.1875,1.4,8.0,30.0,0.0
7.34137,0x2B0,0.0,0.0,1.0,6.25,1.64,-0.23,19.5,19.5625,18.90625,19.1875,1.4,8.0,30.0,0.0
7.34638,0x220,0.0,0.0,1.0,6.25,1.43,-0.28,19.5,19.5625,18.90625,19.1875,1.4,8.0,30.0,0.0
7.34661,0x386,0.0,0.0,1.0,6.25,1.43,-0.28,19.59375,19.59375,18.96875,19.21875,1.4,8.0,30.0,0.0
7.34708,0x316,0.0,0.0,1.0,6.25,1.43,-0.28,19.59375,19.59375,18.96875,19.21875,1.4,8.0,30.0,0.0
7.35144,0x2B0,0.0,0.0,1.0,6.25,1.43,-0.28,19.59375,19.59375,18.96875,19.21875,1.5,0.0,30.0,0.0
7.35639,0x220,0.0,0.0,1.0,6.25,1.26,-0.1,19.59375,19.59375,18.96875,19.21875,1.5,0.0,30.0,0.0
7.35681,0x316,0.0,0.0,1.0,6.25,1.26,-0.1,19.59375,19.59375,18.96875,19.21875,1.5,0.0,30.0,0.0
7.36144,0x2B0,0.0,0.0,1.0,6.25,1.26,-0.1,19.59375,19.59375,18.96875,19.21875,1.5,0.0,30.0,0.0
7.36639,0x220,0.0,0.0,1.0,6.25,1.21,0.02,19.59375,19.59375,18.96875,19.21875,1.5,0.0,30.0,0.0
7.36662,0x386,0.0,0.0,1.0,6.25,1.21,0.02,19.4375,19.5625,19.15625,19.21875,1.5,0.0,30.0,0.0
7.36686,0x316,0.0,0.0,1.0,6.25,1.21,0.02,19.4375,19.5625,19.15625,19.21875,1.5,0.0,30.0,0.0
7.37144,0x2B0,0.0,0.0,1.0,6.25,1.21,0.02,19.4375,19.5625,19.15625,19.21875,1.7,8.0,30.0,0.0
7.37639,0x220,0.0,0.0,1.0,6.25,1.21,0.08,19.4375,19.5625,19.15625,19.21875,1.7,8.0,30.0,0.0
7.37675,0x316,0.0,0.0,1.0,6.25,1.21,0.08,19.4375,19.5625,19.15625,19.21875,1.7,8.0,30.0,0.0
7.38139,0x2B0,0.0,0.0,1.0,6.25,1.21,0.08,19.4375,19.5625,19.15625,19.21875,1.7,8.0,30.0,0.0
7.38638,0x220,0.0,0.0,1.0,6.25,1.2,0.07,19.4375,19.5625,19.15625,19.21875,1.7,8.0,30.0,0.0
7.38661,0x386,0.0,0.0,1.0,6.25,1.2,0.07,19.4375,19.5,19.0,19.15625,1.7,8.0,30.0,0.0
7.38685,0x316,0.0,0.0,1.0,6.25,1.2,0.07,19.4375,19.5,19.0,19.15625,1.7,8.0,30.0,0.0
7.39145,0x2B0,0.0,0.0,1.0,6.25,1.2,0.07,19.4375,19.5,19.0,19.15625,1.9,8.0,30.0,0.0
7.3964,0x220,0.0,0.0,1.0,6.25,1.27,0.0,19.4375,19.5,19.0,19.15625,1.9,8.0,30.0,0.0
7.39682,0x316,0.0,0.0,1.0,6.25,1.27,0.0,19.4375,19.5,19.0,19.15625,1.9,8.0,33.0,0.0
7.40143,0x2B0,0.0,0.0,1.0,6.25,1.27,0.0,19.4375,19.5,19.0,19.15625,1.9,8.0,33.0,0.0
7.40637,0x220,0.0,0.0,1.0,6.25,1.38,-0.02,19.4375,19.5,19.0,19.15625,1.9,8.0,33.0,0.0
7.4066,0x386,0.0,0.0,1.0,6.25,1.38,-0.02,19.5625,19.5625,19.28125,19.1875,1.9,8.0,33.0,0.0
7.40684,0x316,0.0,0.0,1.0,6.25,1.38,-0.02,19.5625,19.5625,19.28125,19.1875,1.9,8.0,33.0,0.0
7.41146,0x2B0,0.0,0.0,1.0,6.25,1.38,-0.02,19.5625,19.5625,19.28125,19.1875,2.0,0.0,33.0,0.0
7.41639,0x220,0.0,0.0,1.0,6.25,1.42,0.0,19.5625,19.5625,19.28125,19.1875,2.0,0.0,33.0,0.0
7.41684,0x316,0.0,0.0,1.0,6.25,1.42,0.0,19.5625,19.5625,19.28125,19.1875,2.0,0.0,35.0,0.0
7.42145,0x2B0,0.0,0.0,1.0,6.25,1.42,0.0,19.5625,19.5625,19.28125,19.1875,2.0,0.0,35.0,0.0
7.42638,0x220,0.0,0.0,1.0,6.25,1.43,0.0,19.5625,19.5625,19.28125,19.1875,2.0,0.0,35.0,0.0
7.4266,0x386,0.0,0.0,1.0,6.25,1.43,0.0,19.46875,19.5625,19.09375,19.15625,2.0,0.0,35.0,0.0
7.42684,0x316,0.0,0.0,1.0,6.25,1.43,0.0,19.46875,19.5625,19.09375,19.15625,2.0,0.0,35.0,0.0
7.43146,0x2B0,0.0,0.0,1.0,6.25,1.43,0.0,19.46875,19.5625,19.09375,19.15625,2.1,0.0,35.0,0.0
7.43638,0x220,0.0,0.0,1.0,6.25,1.38,-0.01,19.46875,19.5625,19.09375,19.15625,2.1,0.0,35.0,0.0
7.4369,0x316,0.0,0.0,1.0,6.25,1.38,-0.01,19.46875,19.5625,19.09375,19.15625,2.1,0.0,35.0,0.0
7.44133,0x2B0,0.0,0.0,1.0,6.25,1.38,-0.01,19.46875,19.5625,19.09375,19.15625,2.1,0.0,35.0,0.0
7.44639,0x220,0.0,0.0,1.0,6.25,1.29,-0.05,19.46875,19.5625,19.09375,19.15625,2.1,0.0,35.0,0.0
7.44662,0x386,0.0,0.0,1.0,6.25,1.29,-0.05,19.53125,19.5,18.75,19.09375,2.1,0.0,35.0,0.0
7.44686,0x316,0.0,0.0,1.0,6.25,1.29,-0.05,19.53125,19.5,18.75,19.09375,2.1,0.0,35.0,0.0
7.45146,0x2B0,0.0,0.0,1.0,6.25,1.29,-0.05,19.53125,19.5,18.75,19.09375,2.1,0.0,35.0,0.0
7.45639,0x220,0.0,0.0,1.0,6.25,1.2,-0.12,19.53125,19.5,18.75,19.09375,2.1,0.0,35.0,0.0
7.45676,0x316,0.0,0.0,1.0,6.25,1.2,-0.12,19.53125,19.5,18.75,19.09375,2.1,0.0,33.0,0.0
7.46137,0x2B0,0.0,0.0,1.0,6.25,1.2,-0.12,19.53125,19.5,18.75,19.09375,2.1,0.0,33.0,0.0
7.46639,0x220,0.0,0.0,1.0,6.25,1.15,-0.11,19.53125,19.5,18.75,19.09375,2.1,0.0,33.0,0.0
7.46662,0x386,0.0,0.0,1.0,6.25,1.15,-0.11,19.59375,19.59375,19.21875,19.0625,2.1,0.0,33.0,0.0
7.46686,0x316,0.0,0.0,1.0,6.25,1.15,-0.11,19.59375,19.59375,19.21875,19.0625,2.1,0.0,33.0,0.0
7.47148,0x2B0,0.0,0.0,1.0,6.25,1.15,-0.11,19.59375,19.59375,19.21875,19.0625,2.1,0.0,33.0,0.0
7.47638,0x220,0.0,0.0,1.0,6.25,1.19,0.05,19.59375,19.59375,19.21875,19.0625,2.1,0.0,33.0,0.0
7.47683,0x316,0.0,0.0,1.0,6.25,1.19,0.05,19.59375,19.59375,19.21875,19.0625,2.1,0.0,33.0,0.0
7.48136,0x2B0,0.0,0.0,1.0,6.25,1.19,0.05,19.59375,19.59375,19.21875,19.0625,2.1,0.0,33.0,0.0
7.48639,0x220,0.0,0.0,1.0,6.25,1.34,0.28,19.59375,19.59375,19.21875,19.0625,2.1,0.0,33.0,0.0
7.48662,0x386,0.0,0.0,1.0,6.25,1.34,0.28,19.53125,19.53125,19.1875,19.25,2.1,0.0,33.0,0.0
7.48686,0x316,0.0,0.0,1.0,6.25,1.34,0.28,19.53125,19.53125,19.1875,19.25,2.1,0.0,30.0,0.0
7.49149,0x2B0,0.0,0.0,1.0,6.25,1.34,0.28,19.53125,19.53125,19.1875,19.25,2.2,0.0,30.0,0.0
7.49639,0x220,0.0,0.0,1.0,6.25,1.48,0.29,19.53125,19.53125,19.1875,19.25,2.2,0.0,30.0,0.0
7.49674,0x316,0.0,0.0,1.0,6.25,1.48,0.29,19.53125,19.53125,19.1875,19.25,2.2,0.0,30.0,0.0
7.50133,0x2B0,0.0,0.0,1.0,6.25,1.48,0.29,19.53125,19.53125,19.1875,19.25,2.2,0.0,30.0,0.0
7.50639,0x220,0.0,0.0,1.0,6.25,1.59,0.1,19.53125,19.53125,19.1875,19.25,2.2,0.0,30.0,0.0
7.50662,0x386,0.0,0.0,1.0,6.25,1.59,0.1,19.5625,19.5625,19.09375,19.15625,2.2,0.0,30.0,0.0
7.50709,0x316,0.0,0.0,1.0,6.25,1.59,0.1,19.5625,19.5625,19.09375,19.15625,2.2,0.0,28.0,0.0
7.51149,0x2B0,0.0,0.0,1.0,6.25,1.59,0.1,19.5625,19.5625,19.09375,19.15625,2.2,0.0,28.0,0.0
7.51639,0x220,0.0,0.0,1.0,6.25,1.63,-0.07,19.5625,19.5625,19.09375,19.15625,2.2,0.0,28.0,0.0
7.517,0x316,0.0,0.0,1.0,6.25,1.63,-0.07,19.5625,19.5625,19.09375,19.15625,2.2,0.0,28.0,0.0
7.52148,0x2B0,0.0,0.0,1.0,6.25,1.63,-0.07,19.5625,19.5625,19.09375,19.15625,2.2,0.0,28.0,0.0
7.52639,0x220,0.0,0.0,1.0,6.25,1.62,-0.17,19.5625,19.5625,19.09375,19.15625,2.2,0.0,28.0,0.0
7.52661,0x386,0.0,0.0,1.0,6.25,1.62,-0.17,19.53125,19.5,19.09375,19.125,2.2,0.0,28.0,0.0
7.52685,0x316,0.0,0.0,1.0,6.25,1.62,-0.17,19.53125,19.5,19.09375,19.125,2.2,0.0,28.0,0.0
7.5315,0x2B0,0.0,0.0,1.0,6.25,1.62,-0.17,19.53125,19.5,19.09375,19.125,2.2,0.0,28.0,0.0
7.5364,0x220,0.0,0.0,1.0,6.25,1.55,-0.1,19.53125,19.5,19.09375,19.125,2.2,0.0,28.0,0.0
7.53677,0x316,0.0,0.0,1.0,6.25,1.55,-0.1,19.53125,19.5,19.09375,19.125,2.2,0.0,28.0,0.0
7.54134,0x2B0,0.0,0.0,1.0,6.25,1.55,-0.1,19.53125,19.5,19.09375,19.125,2.2,0.0,28.0,0.0
7.54638,0x220,0.0,0.0,1.0,6.25,1.5,0.0,19.53125,19.5,19.09375,19.125,2.2,0.0,28.0,0.0
7.54661,0x386,0.0,0.0,1.0,6.25,1.5,0.0,19.53125,19.53125,19.09375,19.1875,2.2,0.0,28.0,0.0
7.54709,0x316,0.0,0.0,1.0,6.25,1.5,0.0,19.53125,19.53125,19.09375,19.1875,2.2,0.0,28.0,0.0
7.55151,0x2B0,0.0,0.0,1.0,6.25,1.5,0.0,19.53125,19.53125,19.09375,19.1875,2.2,0.0,28.0,0.0
7.55638,0x220,0.0,0.0,1.0,6.25,1.45,0.05,19.53125,19.53125,19.09375,19.1875,2.2,0.0,28.0,0.0
7.55683,0x316,0.0,0.0,1.0,6.25,1.45,0.05,19.53125,19.53125,19.09375,19.1875,2.2,0.0,28.0,0.0
7.56151,0x2B0,0.0,0.0,1.0,6.25,1.45,0.05,19.53125,19.53125,19.09375,19.1875,2.2,0.0,28.0,0.0
7.56639,0x220,0.0,0.0,1.0,6.25,1.41,0.1,19.53125,19.53125,19.09375,19.1875,2.2,0.0,28.0,0.0
7.56662,0x386,0.0,0.0,1.0,6.25,1.41,0.1,19.5,19.53125,19.21875,19.15625,2.2,0.0,28.0,0.0
7.56686,0x316,0.0,0.0,1.0,6.25,1.41,0.1,19.5,19.53125,19.21875,19.15625,2.2,0.0,28.0,0.0
7.57151,0x2B0,0.0,0.0,1.0,6.25,1.41,0.1,19.5,19.53125,19.21875,19.15625,2.2,0.0,28.0,0.0
7.57639,0x220,0.0,0.0,1.0,6.25,1.52,0.17,19.5,19.53125,19.21875,19.15625,2.2,0.0,28.0,0.0
7.57675,0x316,0.0,0.0,1.0,6.25,1.52,0.17,19.5,19.53125,19.21875,19.15625,2.2,0.0,30.0,0.0
7.58133,0x2B0,0.0,0.0,1.0,6.25,1.52,0.17,19.5,19.53125,19.21875,19.15625,2.2,0.0,30.0,0.0
7.58639,0x220,0.0,0.0,1.0,6.25,1.65,0.23,19.5,19.53125,19.21875,19.15625,2.2,0.0,30.0,0.0
7.58661,0x386,0.0,0.0,1.0,6.25,1.65,0.23,19.5625,19.5625,19.03125,19.125,2.2,0.0,30.0,0.0
7.58685,0x316,0.0,0.0,1.0,6.25,1.65,0.23,19.5625,19.5625,19.03125,19.125,2.2,0.0,30.0,0.0
7.59151,0x2B0,0.0,0.0,1.0,6.25,1.65,0.23,19.5625,19.5625,19.03125,19.125,2.2,0.0,30.0,0.0
7.59639,0x220,0.0,0.0,1.0,6.25,1.77,0.21,19.5625,19.5625,19.03125,19.125,2.2,0.0,30.0,0.0
7.59683,0x316,0.0,0.0,1.0,6.25,1.77,0.21,19.5625,19.5625,19.03125,19.125,2.2,0.0,30.0,0.0
7.60133,0x2B0,0.0,0.0,1.0,6.25,1.77,0.21,19.5625,19.5625,19.03125,19.125,2.2,0.0,30.0,0.0
7.60639,0x220,0.0,0.0,1.0,6.25,1.78,0.13,19.5625,19.5625,19.03125,19.125,2.2,0.0,30.0,0.0
7.60662,0x386,0.0,0.0,1.0,6.25,1.78,0.13,19.5625,19.59375,19.09375,19.28125,2.2,0.0,30.0,0.0
7.60686,0x316,0.0,0.0,1.0,6.25,1.78,0.13,19.5625,19.59375,19.09375,19.28125,2.2,0.0,30.0,0.0
7.61152,0x2B0,0.0,0.0,1.0,6.25,1.78,0.13,19.5625,19.59375,19.09375,19.28125,2.2,0.0,30.0,0.0
7.6164,0x220,0.0,0.0,1.0,6.25,1.68,0.08,19.5625,19.59375,19.09375,19.28125,2.2,0.0,30.0,0.0
7.61684,0x316,0.0,0.0,1.0,6.25,1.68,0.08,19.5625,19.59375,19.09375,19.28125,2.2,0.0,30.0,0.0
7.62152,0x2B0,0.0,0.0,1.0,6.25,1.68,0.08,19.5625,19.59375,19.09375,19.28125,2.2,0.0,30.0,0.0
7.62639,0x220,0.0,0.0,1.0,6.25,1.57,0.08,19.5625,19.59375,19.09375,19.28125,2.2,0.0,30.0,0.0
7.62662,0x386,0.0,0.0,1.0,6.25,1.57,0.08,19.59375,19.53125,19.0625,19.09375,2.2,0.0,30.0,0.0
7.62686,0x316,0.0,0.0,1.0,6.25,1.57,0.08,19.59375,19.53125,19.0625,19.09375,2.2,0.0,30.0,0.0
7.63153,0x2B0,0.0,0.0,1.0,6.25,1.57,0.08,19.59375,19.53125,19.0625,19.09375,2.2,0.0,30.0,0.0
7.63642,0x220,0.0,0.0,1.0,6.25,1.5,0.13,19.59375,19.53125,19.0625,19.09375,2.2,0.0,30.0,0.0
7.63683,0x316,0.0,0.0,1.0,6.25,1.5,0.13,19.59375,19.53125,19.0625,19.09375,2.2,0.0,30.0,0.0
7.64139,0x2B0,0.0,0.0,1.0,6.25,1.5,0.13,19.59375,19.53125,19.0625,19.09375,2.2,0.0,30.0,0.0
7.64639,0x220,0.0,0.0,1.0,6.25,1.47,0.14,19.59375,19.53125,19.0625,19.09375,2.2,0.0,30.0,0.0
7.64662,0x386,0.0,0.0,1.0,6.25,1.47,0.14,19.53125,19.59375,18.9375,19.125,2.2,0.0,30.0,0.0
7.64685,0x316,0.0,0.0,1.0,6.25,1.47,0.14,19.53125,19.59375,18.9375,19.125,2.2,0.0,30.0,0.0
7.65154,0x2B0,0.0,0.0,1.0,6.25,1.47,0.14,19.53125,19.59375,18.9375,19.125,2.2,0.0,30.0,0.0
7.65639,0x220,0.0,0.0,1.0,6.25,1.5,0.11,19.53125,19.59375,18.9375,19.125,2.2,0.0,30.0,0.0
7.65676,0x316,0.0,0.0,1.0,6.25,1.5,0.11,19.53125,19.59375,18.9375,19.125,2.2,0.0,30.0,0.0
7.66139,0x2B0,0.0,0.0,1.0,6.25,1.5,0.11,19.53125,19.59375,18.9375,19.125,2.2,0.0,30.0,0.0
7.6664,0x220,0.0,0.0,1.0,6.25,1.52,0.09,19.53125,19.59375,18.9375,19.125,2.2,0.0,30.0,0.0
7.66663,0x386,0.0,0.0,1.0,6.25,1.52,0.09,19.46875,19.53125,19.0,19.34375,2.2,0.0,30.0,0.0
7.66687,0x316,0.0,0.0,1.0,6.25,1.52,0.09,19.46875,19.53125,19.0,19.34375,2.2,0.0,30.0,0.0
7.67155,0x2B0,0.0,0.0,1.0,6.25,1.52,0.09,19.46875,19.53125,19.0,19.34375,2.2,0.0,30.0,0.0
7.67639,0x220,0.0,0.0,1.0,6.25,1.51,0.09,19.46875,19.53125,19.0,19.34375,2.2,0.0,30.0,0.0
7.67679,0x316,0.0,0.0,1.0,6.25,1.51,0.09,19.46875,19.53125,19.0,19.34375,2.2,0.0,28.0,0.0
7.6814,0x2B0,0.0,0.0,1.0,6.25,1.51,0.09,19.46875,19.53125,19.0,19.34375,2.2,0.0,28.0,0.0
7.68639,0x220,0.0,0.0,1.0,6.25,1.49,0.06,19.46875,19.53125,19.0,19.34375,2.2,0.0,28.0,0.0
7.68662,0x386,0.0,0.0,1.0,6.25,1.49,0.06,19.5,19.5625,18.90625,19.34375,2.2,0.0,28.0,0.0
7.68686,0x316,0.0,0.0,1.0,6.25,1.49,0.06,19.5,19.5625,18.90625,19.34375,2.2,0.0,28.0,0.0
7.69155,0x2B0,0.0,0.0,1.0,6.25,1.49,0.06,19.5,19.5625,18.90625,19.34375,2.2,0.0,28.0,0.0
7.69639,0x220,0.0,0.0,1.0,6.25,1.43,0.0,19.5,19.5625,18.90625,19.34375,2.2,0.0,28.0,0.0
7.69675,0x316,0.0,0.0,1.0,6.25,1.43,0.0,19.5,19.5625,18.90625,19.34375,2.2,0.0,28.0,0.0
7.70139,0x2B0,0.0,0.0,1.0,6.25,1.43,0.0,19.5,19.5625,18.90625,19.34375,2.2,0.0,28.0,0.0
7.70639,0x220,0.0,0.0,1.0,6.25,1.37,0.0,19.5,19.5625,18.90625,19.34375,2.2,0.0,28.0,0.0
7.70662,0x386,0.0,0.0,1.0,6.25,1.37,0.0,19.4375,19.5,19.09375,19.125,2.2,0.0,28.0,0.0
7.70686,0x316,0.0,0.0,1.0,6.25,1.37,0.0,19.4375,19.5,19.09375,19.125,2.2,0.0,28.0,0.0
7.71156,0x2B0,0.0,0.0,1.0,6.25,1.37,0.0,19.4375,19.5,19.09375,19.125,2.2,0.0,28.0,0.0
7.7164,0x220,0.0,0.0,1.0,6.25,1.38,0.12,19.4375,19.5,19.09375,19.125,2.2,0.0,28.0,0.0
7.71694,0x316,0.0,0.0,1.0,6.25,1.38,0.12,19.4375,19.5,19.09375,19.125,2.2,0.0,28.0,0.0
7.72154,0x2B0,0.0,0.0,1.0,6.25,1.38,0.12,19.4375,19.5,19.09375,19.125,2.2,0.0,28.0,0.0
7.72639,0x220,0.0,0.0,1.0,6.25,1.35,0.26,19.4375,19.5,19.09375,19.125,2.2,0.0,28.0,0.0
7.72662,0x386,0.0,0.0,1.0,6.25,1.35,0.26,19.46875,19.53125,19.0,18.75,2.2,0.0,28.0,0.0
7.72686,0x316,0.0,0.0,1.0,6.25,1.35,0.26,19.46875,19.53125,19.0,18.75,2.2,0.0,28.0,0.0
7.73156,0x2B0,0.0,0.0,1.0,6.25,1.35,0.26,19.46875,19.53125,19.0,18.75,2.2,0.0,28.0,0.0
7.73641,0x220,0.0,0.0,1.0,6.25,1.31,0.28,19.46875,19.53125,19.0,18.75,2.2,0.0,28.0,0.0
7.73679,0x316,0.0,0.0,1.0,6.25,1.31,0.28,19.46875,19.53125,19.0,18.75,2.2,0.0,30.0,0.0
7.7414,0x2B0,0.0,0.0,1.0,6.25,1.31,0.28,19.46875,19.53125,19.0,18.75,2.2,0.0,30.0,0.0
7.74639,0x220,0.0,0.0,1.0,6.25,1.24,0.15,19.46875,19.53125,19.0,18.75,2.2,0.0,30.0,0.0
7.74662,0x386,0.0,0.0,1.0,6.25,1.24,0.15,19.46875,19.53125,18.84375,18.90625,2.2,0.0,30.0,0.0
7.74686,0x316,0.0,0.0,1.0,6.25,1.24,0.15,19.46875,19.53125,18.84375,18.90625,2.2,0.0,30.0,0.0
7.75155,0x2B0,0.0,0.0,1.0,6.25,1.24,0.15,19.46875,19.53125,18.84375,18.90625,2.2,0.0,30.0,0.0
7.75641,0x220,0.0,0.0,1.0,6.25,1.17,0.02,19.46875,19.53125,18.84375,18.90625,2.2,0.0,30.0,0.0
7.75686,0x316,0.0,0.0,1.0,6.25,1.17,0.02,19.46875,19.53125,18.84375,18.90625,2.2,0.0,30.0,0.0
7.76156,0x2B0,0.0,0.0,1.0,6.25,1.17,0.02,19.46875,19.53125,18.84375,18.90625,2.2,0.0,30.0,0.0
7.7664,0x220,0.0,0.0,1.0,6.25,1.17,-0.02,19.46875,19.53125,18.84375,18.90625,2.2,0.0,30.0,0.0
7.76663,0x386,0.0,0.0,1.0,6.25,1.17,-0.02,19.46875,19.53125,18.90625,19.0625,2.2,0.0,30.0,0.0
7.76687,0x316,0.0,0.0,1.0,6.25,1.17,-0.02,19.46875,19.53125,18.90625,19.0625,2.2,0.0,30.0,0.0
7.77156,0x2B0,0.0,0.0,1.0,6.25,1.17,-0.02,19.46875,19.53125,18.90625,19.0625,2.2,0.0,30.0,0.0
7.77639,0x220,0.0,0.0,1.0,6.25,1.19,-0.04,19.46875,19.53125,18.90625,19.0625,2.2,0.0,30.0,0.0
7.77677,0x316,0.0,0.0,1.0,6.25,1.19,-0.04,19.46875,19.53125,18.90625,19.0625,2.2,0.0,30.0,0.0
7.78138,0x2B0,0.0,0.0,1.0,6.25,1.19,-0.04,19.46875,19.53125,18.90625,19.0625,2.2,0.0,30.0,0.0
7.78639,0x220,0.0,0.0,1.0,6.25,1.21,0.0,19.46875,19.53125,18.90625,19.0625,2.2,0.0,30.0,0.0
7.78662,0x386,0.0,0.0,1.0,6.25,1.21,0.0,19.4375,19.40625,18.96875,19.03125,2.2,0.0,30.0,0.0
7.78686,0x316,0.0,0.0,1.0,6.25,1.21,0.0,19.4375,19.40625,18.96875,19.03125,2.2,0.0,30.0,0.0
7.79157,0x2B0,0.0,0.0,1.0,6.25,1.21,0.0,19.4375,19.40625,18.96875,19.03125,2.2,0.0,30.0,0.0
7.79641,0x220,0.0,0.0,1.0,6.25,1.27,0.05,19.4375,19.40625,18.96875,19.03125,2.2,0.0,30.0,0.0
7.7969,0x316,0.0,0.0,1.0,6.25,1.27,0.05,19.4375,19.40625,18.96875,19.03125,2.2,0.0,30.0,0.0
7.80139,0x2B0,0.0,0.0,1.0,6.25,1.27,0.05,19.4375,19.40625,18.96875,19.03125,2.2,0.0,30.0,0.0
7.8064,0x220,0.0,0.0,1.0,6.25,1.35,0.2,19.4375,19.40625,18.96875,19.03125,2.2,0.0,30.0,0.0
7.80663,0x386,0.0,0.0,1.0,6.25,1.35,0.2,19.4375,19.46875,19.15625,19.21875,2.2,0.0,30.0,0.0
7.80687,0x316,0.0,0.0,1.0,6.25,1.35,0.2,19.4375,19.46875,19.15625,19.21875,2.2,0.0,30.0,0.0
7.81158,0x2B0,0.0,0.0,1.0,6.25,1.35,0.2,19.4375,19.46875,19.15625,19.21875,2.2,0.0,30.0,0.0
7.8164,0x220,0.0,0.0,1.0,6.25,1.39,0.35,19.4375,19.46875,19.15625,19.21875,2.2,0.0,30.0,0.0
7.81691,0x316,0.0,0.0,1.0,6.25,1.39,0.35,19.4375,19.46875,19.15625,19.21875,2.2,0.0,28.0,0.0
7.82157,0x2B0,0.0,0.0,1.0,6.25,1.39,0.35,19.4375,19.46875,19.15625,19.21875,2.2,0.0,28.0,0.0
7.82641,0x220,0.0,0.0,1.0,6.25,1.41,0.34,19.4375,19.46875,19.15625,19.21875,2.2,0.0,28.0,0.0
7.82663,0x386,0.0,0.0,1.0,6.25,1.41,0.34,19.40625,19.40625,19.3125,19.25,2.2,0.0,28.0,0.0
7.82688,0x316,0.0,0.0,1.0,6.25,1.41,0.34,19.40625,19.40625,19.3125,19.25,2.2,0.0,28.0,0.0
7.83135,0x2B0,0.0,0.0,1.0,6.25,1.41,0.34,19.40625,19.40625,19.3125,19.25,2.2,0.0,28.0,0.0
7.83642,0x220,0.0,0.0,1.0,6.25,1.37,0.24,19.40625,19.40625,19.3125,19.25,2.2,0.0,28.0,0.0
7.83696,0x316,0.0,0.0,1.0,6.25,1.37,0.24,19.40625,19.40625,19.3125,19.25,2.2,0.0,28.0,0.0
7.84138,0x2B0,0.0,0.0,1.0,6.25,1.37,0.24,19.40625,19.40625,19.3125,19.25,2.2,0.0,28.0,0.0
7.8464,0x220,0.0,0.0,1.0,6.25,1.26,0.12,19.40625,19.40625,19.3125,19.25,2.2,0.0,28.0,0.0
7.84662,0x386,0.0,0.0,1.0,6.25,1.26,0.12,19.40625,19.3125,19.0,19.34375,2.2,0.0,28.0,0.0
7.84686,0x316,0.0,0.0,1.0,6.25,1.26,0.12,19.40625,19.3125,19.0,19.34375,2.2,0.0,28.0,0.0
7.85159,0x2B0,0.0,0.0,1.0,6.25,1.26,0.12,19.40625,19.3125,19.0,19.34375,2.2,0.0,28.0,0.0
7.85639,0x220,0.0,0.0,1.0,6.25,1.12,0.07,19.40625,19.3125,19.0,19.34375,2.2,0.0,28.0,0.0
7.85679,0x316,0.0,0.0,1.0,6.25,1.12,0.07,19.40625,19.3125,19.0,19.34375,2.2,0.0,28.0,0.0
7.86139,0x2B0,0.0,0.0,1.0,6.25,1.12,0.07,19.40625,19.3125,19.0,19.34375,2.2,0.0,28.0,0.0
7.8664,0x220,0.0,0.0,1.0,6.25,1.0,0.15,19.40625,19.3125,19.0,19.34375,2.2,0.0,28.0,0.0
7.86663,0x386,0.0,0.0,1.0,6.25,1.0,0.15,19.4375,19.46875,19.0,19.25,2.2,0.0,28.0,0.0
7.86687,0x316,0.0,0.0,1.0,6.25,1.0,0.15,19.4375,19.46875,19.0,19.25,2.2,0.0,28.0,0.0
7.87159,0x2B0,0.0,0.0,1.0,6.25,1.0,0.15,19.4375,19.46875,19.0,19.25,2.2,0.0,28.0,0.0
7.8764,0x220,0.0,0.0,1.0,6.25,0.94,0.27,19.4375,19.46875,19.0,19.25,2.2,0.0,28.0,0.0
7.87686,0x316,0.0,0.0,1.0,6.25,0.94,0.27,19.4375,19.46875,19.0,19.25,2.2,0.0,30.0,0.0
7.88139,0x2B0,0.0,0.0,1.0,6.25,0.94,0.27,19.4375,19.46875,19.0,19.25,2.2,0.0,30.0,0.0
7.88639,0x220,0.0,0.0,1.0,6.25,0.91,0.38,19.4375,19.46875,19.0,19.25,2.2,0.0,30.0,0.0
7.88662,0x386,0.0,0.0,1.0,6.25,0.91,0.38,19.5,19.4375,18.96875,19.09375,2.2,0.0,30.0,0.0
7.88686,0x316,0.0,0.0,1.0,6.25,0.91,0.38,19.5,19.4375,18.96875,19.09375,2.2,0.0,33.0,0.0
7.8916,0x2B0,0.0,0.0,1.0,6.25,0.91,0.38,19.5,19.4375,18.96875,19.09375,2.2,0.0,33.0,0.0
7.8964,0x220,0.0,0.0,1.0,6.25,0.96,0.48,19.5,19.4375,18.96875,19.09375,2.2,0.0,33.0,0.0
7.89677,0x316,0.0,0.0,1.0,6.25,0.96,0.48,19.5,19.4375,18.96875,19.09375,2.2,0.0,35.0,0.0
7.90135,0x2B0,0.0,0.0,1.0,6.25,0.96,0.48,19.5,19.4375,18.96875,19.09375,2.2,0.0,35.0,0.0
7.90639,0x220,0.0,0.0,1.0,6.25,1.12,0.54,19.5,19.4375,18.96875,19.09375,2.2,0.0,35.0,0.0
7.90662,0x386,0.0,0.0,1.0,6.25,1.12,0.54,19.5,19.46875,18.8125,18.96875,2.2,0.0,35.0,0.0
7.90686,0x316,0.0,0.0,1.0,6.25,1.12,0.54,19.5,19.46875,18.8125,18.96875,2.2,0.0,38.0,0.0
7.9116,0x2B0,0.0,0.0,1.0,6.25,1.12,0.54,19.5,19.46875,18.8125,18.96875,2.2,0.0,38.0,0.0
7.91641,0x220,0.0,0.0,1.0,6.25,1.33,0.52,19.5,19.46875,18.8125,18.96875,2.2,0.0,38.0,0.0
7.91705,0x316,0.0,0.0,1.0,6.25,1.33,0.52,19.5,19.46875,18.8125,18.96875,2.2,0.0,40.0,0.0
7.92159,0x2B0,0.0,0.0,1.0,6.25,1.33,0.52,19.5,19.46875,18.8125,18.96875,2.2,0.0,40.0,0.0
7.9264,0x220,0.0,0.0,1.0,6.25,1.57,0.46,19.5,19.46875,18.8125,18.96875,2.2,0.0,40.0,0.0
7.92663,0x386,0.0,0.0,1.0,6.25,1.57,0.46,19.5625,19.5625,19.03125,19.1875,2.2,0.0,40.0,0.0
7.92687,0x316,0.0,0.0,1.0,6.25,1.57,0.46,19.5625,19.5625,19.03125,19.1875,2.2,0.0,40.0,0.0
7.93161,0x2B0,0.0,0.0,1.0,6.25,1.57,0.46,19.5625,19.5625,19.03125,19.1875,2.2,0.0,40.0,0.0
7.93642,0x220,0.0,0.0,1.0,6.25,1.83,0.39,19.5625,19.5625,19.03125,19.1875,2.2,0.0,40.0,0.0
7.93676,0x316,0.0,0.0,1.0,6.25,1.83,0.39,19.5625,19.5625,19.03125,19.1875,2.2,0.0,40.0,0.0
7.94138,0x2B0,0.0,0.0,1.0,6.25,1.83,0.39,19.5625,19.5625,19.03125,19.1875,2.2,0.0,40.0,0.0
7.9464,0x220,0.0,0.0,1.0,6.25,2.07,0.3,19.5625,19.5625,19.03125,19.1875,2.2,0.0,40.0,0.0
7.94663,0x386,0.0,0.0,1.0,6.25,2.07,0.3,19.46875,19.5,19.03125,19.15625,2.2,0.0,40.0,0.0
7.94687,0x316,0.0,0.0,1.0,6.25,2.07,0.3,19.46875,19.5,19.03125,19.15625,2.2,0.0,38.0,0.0
7.95162,0x2B0,0.0,0.0,1.0,6.25,2.07,0.3,19.46875,19.5,19.03125,19.15625,2.2,0.0,38.0,0.0
7.95641,0x220,0.0,0.0,1.0,6.25,2.22,0.15,19.46875,19.5,19.03125,19.15625,2.2,0.0,38.0,0.0
7.95686,0x316,0.0,0.0,1.0,6.25,2.22,0.15,19.46875,19.5,19.03125,19.15625,2.2,0.0,35.0,0.0
7.96139,0x2B0,0.0,0.0,1.0,6.25,2.22,0.15,19.46875,19.5,19.03125,19.15625,2.2,0.0,35.0,0.0
7.96641,0x220,0.0,0.0,1.0,6.25,2.25,0.04,19.46875,19.5,19.03125,19.15625,2.2,0.0,35.0,0.0
7.96664,0x386,0.0,0.0,1.0,6.25,2.25,0.04,19.46875,19.46875,18.875,19.15625,2.2,0.0,35.0,0.0
7.96688,0x316,0.0,0.0,1.0,6.25,2.25,0.04,19.46875,19.46875,18.875,19.15625,2.2,0.0,30.0,0.0
7.97138,0x2B0,0.0,0.0,1.0,6.25,2.25,0.04,19.46875,19.46875,18.875,19.15625,2.2,0.0,30.0,0.0
7.9764,0x220,0.0,0.0,1.0,6.25,2.22,0.0,19.46875,19.46875,18.875,19.15625,2.2,0.0,30.0,0.0
7.97677,0x316,0.0,0.0,1.0,6.25,2.22,0.0,19.46875,19.46875,18.875,19.15625,2.2,0.0,28.0,0.0
7.98138,0x2B0,0.0,0.0,1.0,6.25,2.22,0.0,19.46875,19.46875,18.875,19.15625,2.2,0.0,28.0,0.0
7.9864,0x220,0.0,0.0,1.0,6.25,2.16,-0.01,19.46875,19.46875,18.875,19.15625,2.2,0.0,28.0,0.0
7.98663,0x386,0.0,0.0,1.0,6.25,2.16,-0.01,19.46875,19.53125,18.9375,19.125,2.2,0.0,28.0,0.0
7.98687,0x316,0.0,0.0,1.0,6.25,2.16,-0.01,19.46875,19.53125,18.9375,19.125,2.2,0.0,25.0,0.0
7.99139,0x2B0,0.0,0.0,1.0,6.25,2.16,-0.01,19.46875,19.53125,18.9375,19.125,2.2,0.0,25.0,0.0
7.9964,0x220,0.0,0.0,1.0,6.25,2.12,-0.11,19.46875,19.53125,18.9375,19.125,2.2,0.0,25.0,0.0
7.99685,0x316,0.0,0.0,1.0,6.25,2.12,-0.11,19.46875,19.53125,18.9375,19.125,2.2,0.0,22.0,0.0
8.00138,0x2B0,0.0,0.0,1.0,6.25,2.12,-0.11,19.46875,19.53125,18.9375,19.125,2.2,0.0,22.0,0.0
8.00639,0x220,0.0,0.0,1.0,6.25,2.02,-0.24,19.46875,19.53125,18.9375,19.125,2.2,0.0,22.0,0.0
8.00662,0x386,0.0,0.0,1.0,6.25,2.02,-0.24,19.40625,19.5,18.90625,19.125,2.2,0.0,22.0,0.0
8.00686,0x316,0.0,0.0,1.0,6.25,2.02,-0.24,19.40625,19.5,18.90625,19.125,2.2,0.0,22.0,0.0
8.01139,0x2B0,0.0,0.0,1.0,6.25,2.02,-0.24,19.40625,19.5,18.90625,19.125,2.2,0.0,22.0,0.0
8.0164,0x220,0.0,0.0,1.0,6.25,1.89,-0.34,19.40625,19.5,18.90625,19.125,2.2,0.0,22.0,0.0
8.01692,0x316,0.0,0.0,1.0,6.25,1.89,-0.34,19.40625,19.5,18.90625,19.125,2.2,0.0,22.0,0.0
8.02139,0x2B0,0.0,0.0,1.0,6.25,1.89,-0.34,19.40625,19.5,18.90625,19.125,2.2,0.0,22.0,0.0
8.02639,0x220,0.0,0.0,1.0,6.25,1.8,-0.35,19.40625,19.5,18.90625,19.125,2.2,0.0,22.0,0.0
8.02662,0x386,0.0,0.0,1.0,6.25,1.8,-0.35,19.4375,19.53125,18.875,19.125,2.2,0.0,22.0,0.0
8.02686,0x316,0.0,0.0,1.0,6.25,1.8,-0.35,19.4375,19.53125,18.875,19.125,2.2,0.0,22.0,0.0
8.0314,0x2B0,0.0,0.0,1.0,6.25,1.8,-0.35,19.4375,19.53125,18.875,19.125,2.2,0.0,22.0,0.0
8.03642,0x220,0.0,0.0,1.0,6.25,1.77,-0.28,19.4375,19.53125,18.875,19.125,2.2,0.0,22.0,0.0
8.03685,0x316,0.0,0.0,1.0,6.25,1.77,-0.28,19.4375,19.53125,18.875,19.125,2.2,0.0,28.0,0.0
8.0414,0x2B0,0.0,0.0,1.0,6.25,1.77,-0.28,19.4375,19.53125,18.875,19.125,2.2,0.0,28.0,0.0
8.04639,0x220,0.0,0.0,1.0,6.25,1.75,-0.22,19.4375,19.53125,18.875,19.125,2.2,0.0,28.0,0.0
8.04662,0x386,0.0,0.0,1.0,6.25,1.75,-0.22,19.375,19.53125,19.03125,19.09375,2.2,0.0,28.0,0.0
8.04686,0x316,0.0,0.0,1.0,6.25,1.75,-0.22,19.375,19.53125,19.03125,19.09375,2.2,0.0,30.0,0.0
8.0514,0x2B0,0.0,0.0,1.0,6.25,1.75,-0.22,19.375,19.53125,19.03125,19.09375,2.2,0.0,30.0,0.0
8.0564,0x220,0.0,0.0,1.0,6.25,1.71,-0.23,19.375,19.53125,19.03125,19.09375,2.2,0.0,30.0,0.0
8.05677,0x316,0.0,0.0,1.0,6.25,1.71,-0.23,19.375,19.53125,19.03125,19.09375,2.2,0.0,33.0,0.0
8.06141,0x2B0,0.0,0.0,1.0,6.25,1.71,-0.23,19.375,19.53125,19.03125,19.09375,2.2,0.0,33.0,0.0
8.06641,0x220,0.0,0.0,1.0,6.25,1.66,-0.26,19.375,19.53125,19.03125,19.09375,2.2,0.0,33.0,0.0
8.06664,0x386,0.0,0.0,1.0,6.25,1.66,-0.26,19.46875,19.46875,18.96875,19.09375,2.2,0.0,33.0,0.0
8.06688,0x316,0.0,0.0,1.0,6.25,1.66,-0.26,19.46875,19.46875,18.96875,19.09375,2.2,0.0,35.0,0.0
8.07141,0x2B0,0.0,0.0,1.0,6.25,1.66,-0.26,19.46875,19.46875,18.96875,19.09375,2.2,0.0,35.0,0.0
8.0764,0x220,0.0,0.0,1.0,6.25,1.59,-0.21,19.46875,19.46875,18.96875,19.09375,2.2,0.0,35.0,0.0
8.07681,0x316,0.0,0.0,1.0,6.25,1.59,-0.21,19.46875,19.46875,18.96875,19.09375,2.2,0.0,35.0,0.0
8.08141,0x2B0,0.0,0.0,1.0,6.25,1.59,-0.21,19.46875,19.46875,18.96875,19.09375,2.2,0.0,35.0,0.0
8.0864,0x220,0.0,0.0,1.0,6.25,1.55,-0.12,19.46875,19.46875,18.96875,19.09375,2.2,0.0,35.0,0.0
8.08664,0x386,0.0,0.0,1.0,6.25,1.55,-0.12,19.40625,19.46875,18.96875,18.96875,2.2,0.0,35.0,0.0
8.08687,0x316,0.0,0.0,1.0,6.25,1.55,-0.12,19.40625,19.46875,18.96875,18.96875,2.2,0.0,35.0,0.0
8.09144,0x2B0,0.0,0.0,1.0,6.25,1.55,-0.12,19.40625,19.46875,18.96875,18.96875,2.2,0.0,35.0,0.0
8.0964,0x220,0.0,0.0,1.0,6.25,1.5,-0.09,19.40625,19.46875,18.96875,18.96875,2.2,0.0,35.0,0.0
8.09674,0x316,0.0,0.0,1.0,6.25,1.5,-0.09,19.40625,19.46875,18.96875,18.96875,2.2,0.0,33.0,0.0
8.10142,0x2B0,0.0,0.0,1.0,6.25,1.5,-0.09,19.40625,19.46875,18.96875,18.96875,2.2,0.0,33.0,0.0
8.10641,0x220,0.0,0.0,1.0,6.25,1.42,-0.11,19.40625,19.46875,18.96875,18.96875,2.2,0.0,33.0,0.0
8.10663,0x386,0.0,0.0,1.0,6.25,1.42,-0.11,19.4375,19.40625,18.96875,19.03125,2.2,0.0,33.0,0.0
8.10687,0x316,0.0,0.0,1.0,6.25,1.42,-0.11,19.4375,19.40625,18.96875,19.03125,2.2,0.0,30.0,0.0
8.11142,0x2B0,0.0,0.0,1.0,6.25,1.42,-0.11,19.4375,19.40625,18.96875,19.03125,2.2,0.0,30.0,0.0
8.11641,0x220,0.0,0.0,1.0,6.25,1.35,-0.1,19.4375,19.40625,18.96875,19.03125,2.2,0.0,30.0,0.0
8.11698,0x316,0.0,0.0,1.0,6.25,1.35,-0.1,19.4375,19.40625,18.96875,19.03125,2.2,0.0,28.0,0.0
8.12142,0x2B0,0.0,0.0,1.0,6.25,1.35,-0.1,19.4375,19.40625,18.96875,19.03125,2.2,0.0,28.0,0.0
8.12641,0x220,0.0,0.0,1.0,6.25,1.28,-0.03,19.4375,19.40625,18.96875,19.03125,2.2,0.0,28.0,0.0
8.12664,0x386,0.0,0.0,1.0,6.25,1.28,-0.03,19.40625,19.34375,19.0,19.125,2.2,0.0,28.0,0.0
8.12688,0x316,0.0,0.0,1.0,6.25,1.28,-0.03,19.40625,19.34375,19.0,19.125,2.2,0.0,28.0,0.0
8.13143,0x2B0,0.0,0.0,1.0,6.25,1.28,-0.03,19.40625,19.34375,19.0,19.125,2.2,0.0,28.0,0.0
8.13642,0x220,0.0,0.0,1.0,6.25,1.2,0.0,19.40625,19.34375,19.0,19.125,2.2,0.0,28.0,0.0
8.13677,0x316,0.0,0.0,1.0,6.25,1.2,0.0,19.40625,19.34375,19.0,19.125,2.2,0.0,25.0,0.0
8.14143,0x2B0,0.0,0.0,1.0,6.25,1.2,0.0,19.40625,19.34375,19.0,19.125,2.2,0.0,25.0,0.0
8.14641,0x220,0.0,0.0,1.0,6.25,1.11,0.09,19.40625,19.34375,19.0,19.125,2.2,0.0,25.0,0.0
8.14664,0x386,0.0,0.0,1.0,6.25,1.11,0.09,19.40625,19.4375,18.9375,19.03125,2.2,0.0,25.0,0.0
8.14687,0x316,0.0,0.0,1.0,6.25,1.11,0.09,19.40625,19.4375,18.9375,19.03125,2.2,0.0,22.0,0.0
8.15144,0x2B0,0.0,0.0,1.0,6.25,1.11,0.09,19.40625,19.4375,18.9375,19.03125,2.2,0.0,22.0,0.0
8.1564,0x220,0.0,0.0,1.0,6.25,1.04,0.19,19.40625,19.4375,18.9375,19.03125,2.2,0.0,22.0,0.0
8.15691,0x316,0.0,0.0,1.0,6.25,1.04,0.19,19.40625,19.4375,18.9375,19.03125,2.2,0.0,22.0,0.0
8.16144,0x2B0,0.0,0.0,1.0,6.25,1.04,0.19,19.40625,19.4375,18.9375,19.03125,2.2,0.0,22.0,0.0
8.16641,0x220,0.0,0.0,1.0,6.25,0.99,0.23,19.40625,19.4375,18.9375,19.03125,2.2,0.0,22.0,0.0
8.16663,0x386,0.0,0.0,1.0,6.25,0.99,0.23,19.40625,19.34375,19.0625,19.03125,2.2,0.0,22.0,0.0
8.16687,0x316,0.0,0.0,1.0,6.25,0.99,0.23,19.40625,19.34375,19.0625,19.03125,2.2,0.0,22.0,0.0
8.17144,0x2B0,0.0,0.0,1.0,6.25,0.99,0.23,19.40625,19.34375,19.0625,19.03125,2.2,0.0,22.0,0.0
8.1764,0x220,0.0,0.0,1.0,6.25,0.96,0.26,19.40625,19.34375,19.0625,19.03125,2.2,0.0,22.0,0.0
8.17676,0x316,0.0,0.0,1.0,6.25,0.96,0.26,19.40625,19.34375,19.0625,19.03125,2.2,0.0,25.0,0.0
8.18144,0x2B0,0.0,0.0,1.0,6.25,0.96,0.26,19.40625,19.34375,19.0625,19.03125,2.2,0.0,25.0,0.0
8.1864,0x220,0.0,0.0,1.0,6.25,1.0,0.21,19.40625,19.34375,19.0625,19.03125,2.2,0.0,25.0,0.0
8.18662,0x386,0.0,0.0,1.0,6.25,1.0,0.21,19.375,19.4375,19.0625,19.09375,2.2,0.0,25.0,0.0
8.18686,0x316,0.0,0.0,1.0,6.25,1.0,0.21,19.375,19.4375,19.0625,19.09375,2.2,0.0,25.0,0.0
8.19144,0x2B0,0.0,0.0,1.0,6.25,1.0,0.21,19.375,19.4375,19.0625,19.09375,2.2,0.0,25.0,0.0
8.19641,0x220,0.0,0.0,1.0,6.25,1.08,0.14,19.375,19.4375,19.0625,19.09375,2.2,0.0,25.0,0.0
8.19685,0x316,0.0,0.0,1.0,6.25,1.08,0.14,19.375,19.4375,19.0625,19.09375,2.2,0.0,28.0,0.0
8.20144,0x2B0,0.0,0.0,1.0,6.25,1.08,0.14,19.375,19.4375,19.0625,19.09375,2.2,0.0,28.0,0.0
8.2064,0x220,0.0,0.0,1.0,6.25,1.17,0.17,19.375,19.4375,19.0625,19.09375,2.2,0.0,28.0,0.0
8.20662,0x386,0.0,0.0,1.0,6.25,1.17,0.17,19.375,19.40625,19.0625,18.96875,2.2,0.0,28.0,0.0
8.20709,0x316,0.0,0.0,1.0,6.25,1.17,0.17,19.375,19.40625,19.0625,18.96875,2.2,0.0,28.0,0.0
8.21145,0x2B0,0.0,0.0,1.0,6.25,1.17,0.17,19.375,19.40625,19.0625,18.96875,2.2,0.0,28.0,0.0
8.2164,0x220,0.0,0.0,1.0,6.25,1.24,0.3,19.375,19.40625,19.0625,18.96875,2.2,0.0,28.0,0.0
8.21685,0x316,0.0,0.0,1.0,6.25,1.24,0.3,19.375,19.40625,19.0625,18.96875,2.2,0.0,30.0,0.0
8.22145,0x2B0,0.0,0.0,1.0,6.25,1.24,0.3,19.375,19.40625,19.0625,18.96875,2.2,0.0,30.0,0.0
8.2264,0x220,0.0,0.0,1.0,6.25,1.32,0.4,19.375,19.40625,19.0625,18.96875,2.2,0.0,30.0,0.0
8.22663,0x386,0.0,0.0,1.0,6.25,1.32,0.4,19.46875,19.3125,19.0625,19.09375,2.2,0.0,30.0,0.0
8.22687,0x316,0.0,0.0,1.0,6.25,1.32,0.4,19.46875,19.3125,19.0625,19.09375,2.2,0.0,30.0,0.0
8.23146,0x2B0,0.0,0.0,1.0,6.25,1.32,0.4,19.46875,19.3125,19.0625,19.09375,2.2,0.0,30.0,0.0
8.23643,0x220,0.0,0.0,1.0,6.25,1.39,0.35,19.46875,19.3125,19.0625,19.09375,2.2,0.0,30.0,0.0
8.23687,0x316,0.0,0.0,1.0,6.25,1.39,0.35,19.46875,19.3125,19.0625,19.09375,2.2,0.0,30.0,0.0
8.24145,0x2B0,0.0,0.0,1.0,6.25,1.39,0.35,19.46875,19.3125,19.0625,19.09375,2.2,0.0,30.0,0.0
8.2464,0x220,0.0,0.0,1.0,6.25,1.37,0.23,19.46875,19.3125,19.0625,19.09375,2.2,0.0,30.0,0.0
8.24663,0x386,0.0,0.0,1.0,6.25,1.37,0.23,19.40625,19.34375,18.9375,19.09375,2.2,0.0,30.0,0.0
8.24711,0x316,0.0,0.0,1.0,6.25,1.37,0.23,19.40625,19.34375,18.9375,19.09375,2.2,0.0,28.0,0.0
8.25145,0x2B0,0.0,0.0,1.0,6.25,1.37,0.23,19.40625,19.34375,18.9375,19.09375,2.2,0.0,28.0,0.0
8.25641,0x220,0.0,0.0,1.0,6.25,1.28,0.1,19.40625,19.34375,18.9375,19.09375,2.2,0.0,28.0,0.0
8.25677,0x316,0.0,0.0,1.0,6.25,1.28,0.1,19.40625,19.34375,18.9375,19.09375,2.2,0.0,28.0,0.0
8.26146,0x2B0,0.0,0.0,1.0,6.25,1.28,0.1,19.40625,19.34375,18.9375,19.09375,2.2,0.0,28.0,0.0
8.26641,0x220,0.0,0.0,1.0,6.25,1.21,0.1,19.40625,19.34375,18.9375,19.09375,2.2,0.0,28.0,0.0
8.26664,0x386,0.0,0.0,1.0,6.25,1.21,0.1,19.4375,19.4375,18.9375,19.0,2.2,0.0,28.0,0.0
8.26688,0x316,0.0,0.0,1.0,6.25,1.21,0.1,19.4375,19.4375,18.9375,19.0,2.2,0.0,28.0,0.0
8.27146,0x2B0,0.0,0.0,1.0,6.25,1.21,0.1,19.4375,19.4375,18.9375,19.0,2.2,0.0,28.0,0.0
8.27641,0x220,0.0,0.0,1.0,6.25,1.21,0.19,19.4375,19.4375,18.9375,19.0,2.2,0.0,28.0,0.0
8.27683,0x316,0.0,0.0,1.0,6.25,1.21,0.19,19.4375,19.4375,18.9375,19.0,2.2,0.0,28.0,0.0
8.28146,0x2B0,0.0,0.0,1.0,6.25,1.21,0.19,19.4375,19.4375,18.9375,19.0,2.2,0.0,28.0,0.0
8.2864,0x220,0.0,0.0,1.0,6.25,1.31,0.23,19.4375,19.4375,18.9375,19.0,2.2,0.0,28.0,0.0
8.28664,0x386,0.0,0.0,1.0,6.25,1.31,0.23,19.46875,19.375,18.875,19.03125,2.2,0.0,28.0,0.0
8.28688,0x316,0.0,0.0,1.0,6.25,1.31,0.23,19.46875,19.375,18.875,19.03125,2.2,0.0,28.0,0.0
8.29147,0x2B0,0.0,0.0,1.0,6.25,1.31,0.23,19.46875,19.375,18.875,19.03125,2.2,0.0,28.0,0.0
8.29641,0x220,0.0,0.0,1.0,6.25,1.48,0.2,19.46875,19.375,18.875,19.03125,2.2,0.0,28.0,0.0
8.29675,0x316,0.0,0.0,1.0,6.25,1.48,0.2,19.46875,19.375,18.875,19.03125,2.2,0.0,28.0,0.0
8.30147,0x2B0,0.0,0.0,1.0,6.25,1.48,0.2,19.46875,19.375,18.875,19.03125,2.2,0.0,28.0,0.0
8.30641,0x220,0.0,0.0,1.0,6.25,1.67,0.18,19.46875,19.375,18.875,19.03125,2.2,0.0,28.0,0.0
8.30663,0x386,0.0,0.0,1.0,6.25,1.67,0.18,19.4375,19.34375,18.875,19.0625,2.2,0.0,28.0,0.0
8.30687,0x316,0.0,0.0,1.0,6.25,1.67,0.18,19.4375,19.34375,18.875,19.0625,2.2,0.0,28.0,0.0
8.31148,0x2B0,0.0,0.0,1.0,6.25,1.67,0.18,19.4375,19.34375,18.875,19.0625,2.2,0.0,28.0,0.0
8.31641,0x220,0.0,0.0,1.0,6.25,1.78,0.17,19.4375,19.34375,18.875,19.0625,2.2,0.0,28.0,0.0
8.31708,0x316,0.0,0.0,1.0,6.25,1.78,0.17,19.4375,19.34375,18.875,19.0625,2.2,0.0,30.0,0.0
8.32148,0x2B0,0.0,0.0,1.0,6.25,1.78,0.17,19.4375,19.34375,18.875,19.0625,2.2,0.0,30.0,0.0
8.3264,0x220,0.0,0.0,1.0,6.25,1.73,0.14,19.4375,19.34375,18.875,19.0625,2.2,0.0,30.0,0.0
8.32663,0x386,0.0,0.0,1.0,6.25,1.73,0.14,19.4375,19.46875,18.78125,19.0,2.2,0.0,30.0,0.0
8.32687,0x316,0.0,0.0,1.0,6.25,1.73,0.14,19.4375,19.46875,18.78125,19.0,2.2,0.0,30.0,0.0
8.33148,0x2B0,0.0,0.0,1.0,6.25,1.73,0.14,19.4375,19.46875,18.78125,19.0,2.2,0.0,30.0,0.0
8.33643,0x220,0.0,0.0,1.0,6.25,1.55,0.14,19.4375,19.46875,18.78125,19.0,2.2,0.0,30.0,0.0
8.33677,0x316,0.0,0.0,1.0,6.25,1.55,0.14,19.4375,19.46875,18.78125,19.0,2.2,0.0,33.0,0.0
8.34148,0x2B0,0.0,0.0,1.0,6.25,1.55,0.14,19.4375,19.46875,18.78125,19.0,2.2,0.0,33.0,0.0
8.3464,0x220,0.0,0.0,1.0,6.25,1.4,0.15,19.4375,19.46875,18.78125,19.0,2.2,0.0,33.0,0.0
8.34662,0x386,0.0,0.0,1.0,6.25,1.4,0.15,19.40625,19.46875,18.78125,19.0625,2.2,0.0,33.0,0.0
8.34687,0x316,0.0,0.0,1.0,6.25,1.4,0.15,19.40625,19.46875,18.78125,19.0625,2.2,0.0,33.0,0.0
8.35148,0x2B0,0.0,0.0,1.0,6.25,1.4,0.15,19.40625,19.46875,18.78125,19.0625,2.2,0.0,33.0,0.0
8.35641,0x220,0.0,0.0,1.0,6.25,1.37,0.16,19.40625,19.46875,18.78125,19.0625,2.2,0.0,33.0,0.0
8.35684,0x316,0.0,0.0,1.0,6.25,1.37,0.16,19.40625,19.46875,18.78125,19.0625,2.2,0.0,33.0,0.0
8.36149,0x2B0,0.0,0.0,1.0,6.25,1.37,0.16,19.40625,19.46875,18.78125,19.0625,2.2,0.0,33.0,0.0
8.36641,0x220,0.0,0.0,1.0,6.25,1.52,0.17,19.40625,19.46875,18.78125,19.0625,2.2,0.0,33.0,0.0
8.36665,0x386,0.0,0.0,1.0,6.25,1.52,0.17,19.375,19.53125,18.75,18.96875,2.2,0.0,33.0,0.0
8.36689,0x316,0.0,0.0,1.0,6.25,1.52,0.17,19.375,19.53125,18.75,18.96875,2.2,0.0,33.0,0.0
8.37149,0x2B0,0.0,0.0,1.0,6.25,1.52,0.17,19.375,19.53125,18.75,18.96875,2.2,0.0,33.0,0.0
8.37641,0x220,0.0,0.0,1.0,6.25,1.76,0.17,19.375,19.53125,18.75,18.96875,2.2,0.0,33.0,0.0
8.37675,0x316,0.0,0.0,1.0,6.25,1.76,0.17,19.375,19.53125,18.75,18.96875,2.2,0.0,33.0,0.0
8.38149,0x2B0,0.0,0.0,1.0,6.25,1.76,0.17,19.375,19.53125,18.75,18.96875,2.1,0.0,33.0,0.0
8.38641,0x220,0.0,0.0,1.0,6.25,1.89,0.16,19.375,19.53125,18.75,18.96875,2.1,0.0,33.0,0.0
8.38664,0x386,0.0,0.0,1.0,6.25,1.89,0.16,19.40625,19.375,18.875,19.0,2.1,0.0,33.0,0.0
8.38688,0x316,0.0,0.0,1.0,6.25,1.89,0.16,19.40625,19.375,18.875,19.0,2.1,0.0,33.0,0.0
8.3915,0x2B0,0.0,0.0,1.0,6.25,1.89,0.16,19.40625,19.375,18.875,19.0,2.1,0.0,33.0,0.0
8.39642,0x220,0.0,0.0,1.0,6.25,1.85,0.2,19.40625,19.375,18.875,19.0,2.1,0.0,33.0,0.0
8.39683,0x316,0.0,0.0,1.0,6.25,1.85,0.2,19.40625,19.375,18.875,19.0,2.1,0.0,30.0,0.0
8.40149,0x2B0,0.0,0.0,1.0,6.25,1.85,0.2,19.40625,19.375,18.875,19.0,2.1,0.0,30.0,0.0
8.40641,0x220,0.0,0.0,1.0,6.25,1.6,0.25,19.40625,19.375,18.875,19.0,2.1,0.0,30.0,0.0
8.40665,0x386,0.0,0.0,1.0,6.25,1.6,0.25,19.4375,19.46875,18.9375,19.03125,2.1,0.0,30.0,0.0
8.40689,0x316,0.0,0.0,1.0,6.25,1.6,0.25,19.4375,19.46875,18.9375,19.03125,2.1,0.0,30.0,0.0
8.4115,0x2B0,0.0,0.0,1.0,6.25,1.6,0.25,19.4375,19.46875,18.9375,19.03125,2.1,0.0,30.0,0.0
8.41641,0x220,0.0,0.0,1.0,6.25,1.31,0.19,19.4375,19.46875,18.9375,19.03125,2.1,0.0,30.0,0.0
8.41684,0x316,0.0,0.0,1.0,6.25,1.31,0.19,19.4375,19.46875,18.9375,19.03125,2.1,0.0,30.0,0.0
8.4215,0x2B0,0.0,0.0,1.0,6.25,1.31,0.19,19.4375,19.46875,18.9375,19.03125,2.1,0.0,30.0,0.0
8.42641,0x220,0.0,0.0,1.0,6.25,1.18,0.0,19.4375,19.46875,18.9375,19.03125,2.1,0.0,30.0,0.0
8.42663,0x386,0.0,0.0,1.0,6.25,1.18,0.0,19.3125,19.4375,18.875,18.9375,2.1,0.0,30.0,0.0
8.42687,0x316,0.0,0.0,1.0,6.25,1.18,0.0,19.3125,19.4375,18.875,18.9375,2.1,0.0,30.0,0.0
8.43151,0x2B0,0.0,0.0,1.0,6.25,1.18,0.0,19.3125,19.4375,18.875,18.9375,2.1,0.0,30.0,0.0
8.43643,0x220,0.0,0.0,1.0,6.25,1.23,-0.16,19.3125,19.4375,18.875,18.9375,2.1,0.0,30.0,0.0
8.43682,0x316,0.0,0.0,1.0,6.25,1.23,-0.16,19.3125,19.4375,18.875,18.9375,2.1,0.0,30.0,0.0
8.44151,0x2B0,0.0,0.0,1.0,6.25,1.23,-0.16,19.3125,19.4375,18.875,18.9375,2.1,0.0,30.0,0.0
8.44641,0x220,0.0,0.0,1.0,6.25,1.39,-0.09,19.3125,19.4375,18.875,18.9375,2.1,0.0,30.0,0.0
8.44664,0x386,0.0,0.0,1.0,6.25,1.39,-0.09,19.34375,19.34375,18.9375,19.03125,2.1,0.0,30.0,0.0
8.44688,0x316,0.0,0.0,1.0,6.25,1.39,-0.09,19.34375,19.34375,18.9375,19.03125,2.1,0.0,30.0,0.0
8.45132,0x2B0,0.0,0.0,1.0,6.25,1.39,-0.09,19.34375,19.34375,18.9375,19.03125,2.1,0.0,30.0,0.0
8.45641,0x220,0.0,0.0,1.0,6.25,1.55,0.12,19.34375,19.34375,18.9375,19.03125,2.1,0.0,30.0,0.0
8.45676,0x316,0.0,0.0,1.0,6.25,1.55,0.12,19.34375,19.34375,18.9375,19.03125,2.1,0.0,30.0,0.0
8.46151,0x2B0,0.0,0.0,1.0,6.25,1.55,0.12,19.34375,19.34375,18.9375,19.03125,2.1,0.0,30.0,0.0
8.46641,0x220,0.0,0.0,1.0,6.25,1.64,0.31,19.34375,19.34375,18.9375,19.03125,2.1,0.0,30.0,0.0
8.46664,0x386,0.0,0.0,1.0,6.25,1.64,0.31,19.375,19.4375,18.96875,19.03125,2.1,0.0,30.0,0.0
8.46688,0x316,0.0,0.0,1.0,6.25,1.64,0.31,19.375,19.4375,18.96875,19.03125,2.1,0.0,30.0,0.0
8.47152,0x2B0,0.0,0.0,1.0,6.25,1.64,0.31,19.375,19.4375,18.96875,19.03125,2.1,0.0,30.0,0.0
8.47641,0x220,0.0,0.0,1.0,6.25,1.61,0.24,19.375,19.4375,18.96875,19.03125,2.1,0.0,30.0,0.0
8.47681,0x316,0.0,0.0,1.0,6.25,1.61,0.24,19.375,19.4375,18.96875,19.03125,2.1,0.0,30.0,0.0
8.48151,0x2B0,0.0,0.0,1.0,6.25,1.61,0.24,19.375,19.4375,18.96875,19.03125,2.1,0.0,30.0,0.0
8.48641,0x220,0.0,0.0,1.0,6.25,1.45,0.05,19.375,19.4375,18.96875,19.03125,2.1,0.0,30.0,0.0
8.48664,0x386,0.0,0.0,1.0,6.25,1.45,0.05,19.28125,19.4375,18.90625,18.9375,2.1,0.0,30.0,0.0
8.48688,0x316,0.0,0.0,1.0,6.25,1.45,0.05,19.28125,19.4375,18.90625,18.9375,2.1,0.0,30.0,0.0
8.49152,0x2B0,0.0,0.0,1.0,6.25,1.45,0.05,19.28125,19.4375,18.90625,18.9375,2.1,0.0,30.0,0.0
8.49642,0x220,0.0,0.0,1.0,6.25,1.27,-0.02,19.28125,19.4375,18.90625,18.9375,2.1,0.0,30.0,0.0
8.49674,0x316,0.0,0.0,1.0,6.25,1.27,-0.02,19.28125,19.4375,18.90625,18.9375,2.1,0.0,30.0,0.0
8.50153,0x2B0,0.0,0.0,1.0,6.25,1.27,-0.02,19.28125,19.4375,18.90625,18.9375,2.1,0.0,30.0,0.0
8.50617,0x220,0.0,0.0,1.0,6.25,1.2,-0.02,19.28125,19.4375,18.90625,18.9375,2.1,0.0,30.0,0.0
8.50663,0x386,0.0,0.0,1.0,6.25,1.2,-0.02,19.46875,19.34375,19.03125,18.90625,2.1,0.0,30.0,0.0
8.50687,0x316,0.0,0.0,1.0,6.25,1.2,-0.02,19.46875,19.34375,19.03125,18.90625,2.1,0.0,30.0,0.0
8.51153,0x2B0,0.0,0.0,1.0,6.25,1.2,-0.02,19.46875,19.34375,19.03125,18.90625,2.1,0.0,30.0,0.0
8.51642,0x220,0.0,0.0,1.0,6.25,1.24,0.0,19.46875,19.34375,19.03125,18.90625,2.1,0.0,30.0,0.0
8.51695,0x316,0.0,0.0,1.0,6.25,1.24,0.0,19.46875,19.34375,19.03125,18.90625,2.1,0.0,30.0,0.0
8.52153,0x2B0,0.0,0.0,1.0,6.25,1.24,0.0,19.46875,19.34375,19.03125,18.90625,2.1,0.0,30.0,0.0
8.52617,0x220,0.0,0.0,1.0,6.25,1.31,0.02,19.46875,19.34375,19.03125,18.90625,2.1,0.0,30.0,0.0
8.52664,0x386,0.0,0.0,1.0,6.25,1.31,0.02,19.4375,19.34375,19.125,19.0,2.1,0.0,30.0,0.0
8.52688,0x316,0.0,0.0,1.0,6.25,1.31,0.02,19.4375,19.34375,19.125,19.0,2.1,0.0,30.0,0.0
8.53154,0x2B0,0.0,0.0,1.0,6.25,1.31,0.02,19.4375,19.34375,19.125,19.0,2.1,0.0,30.0,0.0
8.53643,0x220,0.0,0.0,1.0,6.25,1.35,0.0,19.4375,19.34375,19.125,19.0,2.1,0.0,30.0,0.0
8.53676,0x316,0.0,0.0,1.0,6.25,1.35,0.0,19.4375,19.34375,19.125,19.0,2.1,0.0,30.0,0.0
8.54153,0x2B0,0.0,0.0,1.0,6.25,1.35,0.0,19.4375,19.34375,19.125,19.0,2.1,0.0,30.0,0.0
8.54617,0x220,0.0,0.0,1.0,6.25,1.34,-0.04,19.4375,19.34375,19.125,19.0,2.1,0.0,30.0,0.0
8.54664,0x386,0.0,0.0,1.0,6.25,1.34,-0.04,19.4375,19.46875,19.09375,18.96875,2.1,0.0,30.0,0.0
8.54688,0x316,0.0,0.0,1.0,6.25,1.34,-0.04,19.4375,19.46875,19.09375,18.96875,2.1,0.0,33.0,0.0
8.55154,0x2B0,0.0,0.0,1.0,6.25,1.34,-0.04,19.4375,19.46875,19.09375,18.96875,2.1,0.0,33.0,0.0
8.55618,0x220,0.0,0.0,1.0,6.25,1.3,-0.15,19.4375,19.46875,19.09375,18.96875,2.1,0.0,33.0,0.0
8.55683,0x316,0.0,0.0,1.0,6.25,1.3,-0.15,19.4375,19.46875,19.09375,18.96875,2.1,0.0,33.0,0.0
8.56154,0x2B0,0.0,0.0,1.0,6.25,1.3,-0.15,19.4375,19.46875,19.09375,18.96875,2.1,0.0,33.0,0.0
8.56619,0x220,0.0,0.0,1.0,6.25,1.27,-0.23,19.4375,19.46875,19.09375,18.96875,2.1,0.0,33.0,0.0
8.56666,0x386,0.0,0.0,1.0,6.25,1.27,-0.23,19.5,19.4375,19.0,19.03125,2.1,0.0,33.0,0.0
8.5669,0x316,0.0,0.0,1.0,6.25,1.27,-0.23,19.5,19.4375,19.0,19.03125,2.1,0.0,33.0,0.0
8.57154,0x2B0,0.0,0.0,1.0,6.25,1.27,-0.23,19.5,19.4375,19.0,19.03125,2.1,0.0,33.0,0.0
8.57618,0x220,0.0,0.0,1.0,6.25,1.35,-0.24,19.5,19.4375,19.0,19.03125,2.1,0.0,33.0,0.0
8.57674,0x316,0.0,0.0,1.0,6.25,1.35,-0.24,19.5,19.4375,19.0,19.03125,2.1,0.0,35.0,0.0
8.58154,0x2B0,0.0,0.0,1.0,6.25,1.35,-0.24,19.5,19.4375,19.0,19.03125,2.1,0.0,35.0,0.0
8.58617,0x220,0.0,0.0,1.0,6.25,1.52,-0.2,19.5,19.4375,19.0,19.03125,2.1,0.0,35.0,0.0
8.58664,0x386,0.0,0.0,1.0,6.25,1.52,-0.2,19.5,19.46875,18.96875,19.125,2.1,0.0,35.0,0.0
8.58688,0x316,0.0,0.0,1.0,6.25,1.52,-0.2,19.5,19.46875,18.96875,19.125,2.1,0.0,35.0,0.0
8.59155,0x2B0,0.0,0.0,1.0,6.25,1.52,-0.2,19.5,19.46875,18.96875,19.125,2.1,0.0,35.0,0.0
8.59618,0x220,0.0,0.0,1.0,6.25,1.64,-0.23,19.5,19.46875,18.96875,19.125,2.1,0.0,35.0,0.0
8.59682,0x316,0.0,0.0,1.0,6.25,1.64,-0.23,19.5,19.46875,18.96875,19.125,2.1,0.0,35.0,0.0
8.60156,0x2B0,0.0,0.0,1.0,6.25,1.64,-0.23,19.5,19.46875,18.96875,19.125,2.1,0.0,35.0,0.0
8.60617,0x220,0.0,0.0,1.0,6.25,1.67,-0.31,19.5,19.46875,18.96875,19.125,2.1,0.0,35.0,0.0
8.60664,0x386,0.0,0.0,1.0,6.25,1.67,-0.31,19.53125,19.5,18.9375,19.0,2.1,0.0,35.0,0.0
8.60688,0x316,0.0,0.0,1.0,6.25,1.67,-0.31,19.53125,19.5,18.9375,19.0,2.1,0.0,33.0,0.0
8.61155,0x2B0,0.0,0.0,1.0,6.25,1.67,-0.31,19.53125,19.5,18.9375,19.0,2.1,0.0,33.0,0.0
8.61618,0x220,0.0,0.0,1.0,6.25,1.58,-0.32,19.53125,19.5,18.9375,19.0,2.1,0.0,33.0,0.0
8.61682,0x316,0.0,0.0,1.0,6.25,1.58,-0.32,19.53125,19.5,18.9375,19.0,2.1,0.0,33.0,0.0
8.62156,0x2B0,0.0,0.0,1.0,6.25,1.58,-0.32,19.53125,19.5,18.9375,19.0,2.1,0.0,33.0,0.0
8.62618,0x220,0.0,0.0,1.0,6.25,1.46,-0.21,19.53125,19.5,18.9375,19.0,2.1,0.0,33.0,0.0
8.62664,0x386,0.0,0.0,1.0,6.25,1.46,-0.21,19.5625,19.46875,18.96875,19.0,2.1,0.0,33.0,0.0
8.62689,0x316,0.0,0.0,1.0,6.25,1.46,-0.21,19.5625,19.46875,18.96875,19.0,2.1,0.0,33.0,0.0
8.63157,0x2B0,0.0,0.0,1.0,6.25,1.46,-0.21,19.5625,19.46875,18.96875,19.0,2.1,0.0,33.0,0.0
8.6362,0x220,0.0,0.0,1.0,6.25,1.4,-0.12,19.5625,19.46875,18.96875,19.0,2.1,0.0,33.0,0.0
8.63684,0x316,0.0,0.0,1.0,6.25,1.4,-0.12,19.5625,19.46875,18.96875,19.0,2.1,0.0,30.0,0.0
8.64156,0x2B0,0.0,0.0,1.0,6.25,1.4,-0.12,19.5625,19.46875,18.96875,19.0,2.1,0.0,30.0,0.0
8.64617,0x220,0.0,0.0,1.0,6.25,1.39,-0.14,19.5625,19.46875,18.96875,19.0,2.1,0.0,30.0,0.0
8.64664,0x386,0.0,0.0,1.0,6.25,1.39,-0.14,19.46875,19.46875,18.84375,19.03125,2.1,0.0,30.0,0.0
8.64711,0x316,0.0,0.0,1.0,6.25,1.39,-0.14,19.46875,19.46875,18.84375,19.03125,2.1,0.0,28.0,0.0
8.65157,0x2B0,0.0,0.0,1.0,6.25,1.39,-0.14,19.46875,19.46875,18.84375,19.03125,2.1,0.0,28.0,0.0
8.65617,0x220,0.0,0.0,1.0,6.25,1.42,-0.22,19.46875,19.46875,18.84375,19.03125,2.1,0.0,28.0,0.0
8.65676,0x316,0.0,0.0,1.0,6.25,1.42,-0.22,19.46875,19.46875,18.84375,19.03125,2.1,0.0,28.0,0.0
8.66157,0x2B0,0.0,0.0,1.0,6.25,1.42,-0.22,19.46875,19.46875,18.84375,19.03125,2.1,0.0,28.0,0.0
8.66618,0x220,0.0,0.0,1.0,6.25,1.48,-0.23,19.46875,19.46875,18.84375,19.03125,2.1,0.0,28.0,0.0
8.66664,0x386,0.0,0.0,1.0,6.25,1.48,-0.23,19.40625,19.46875,18.78125,19.03125,2.1,0.0,28.0,0.0
8.66688,0x316,0.0,0.0,1.0,6.25,1.48,-0.23,19.40625,19.46875,18.78125,19.03125,2.1,0.0,28.0,0.0
8.67157,0x2B0,0.0,0.0,1.0,6.25,1.48,-0.23,19.40625,19.46875,18.78125,19.03125,2.1,0.0,28.0,0.0
8.67618,0x220,0.0,0.0,1.0,6.25,1.44,-0.14,19.40625,19.46875,18.78125,19.03125,2.1,0.0,28.0,0.0
8.67682,0x316,0.0,0.0,1.0,6.25,1.44,-0.14,19.40625,19.46875,18.78125,19.03125,2.1,0.0,28.0,0.0
8.68157,0x2B0,0.0,0.0,1.0,6.25,1.44,-0.14,19.40625,19.46875,18.78125,19.03125,2.1,0.0,28.0,0.0
8.68618,0x220,0.0,0.0,1.0,6.25,1.31,-0.02,19.40625,19.46875,18.78125,19.03125,2.1,0.0,28.0,0.0
8.68664,0x386,0.0,0.0,1.0,6.25,1.31,-0.02,19.375,19.40625,18.875,19.15625,2.1,0.0,28.0,0.0
8.68688,0x316,0.0,0.0,1.0,6.25,1.31,-0.02,19.375,19.40625,18.875,19.15625,2.1,0.0,28.0,0.0
8.69158,0x2B0,0.0,0.0,1.0,6.25,1.31,-0.02,19.375,19.40625,18.875,19.15625,2.1,0.0,28.0,0.0
8.69618,0x220,0.0,0.0,1.0,6.25,1.19,0.0,19.375,19.40625,18.875,19.15625,2.1,0.0,28.0,0.0
8.69673,0x316,0.0,0.0,1.0,6.25,1.19,0.0,19.375,19.40625,18.875,19.15625,2.1,0.0,28.0,0.0
8.70158,0x2B0,0.0,0.0,1.0,6.25,1.19,0.0,19.375,19.40625,18.875,19.15625,2.1,0.0,28.0,0.0
8.70618,0x220,0.0,0.0,1.0,6.25,1.14,0.0,19.375,19.40625,18.875,19.15625,2.1,0.0,28.0,0.0
8.70665,0x386,0.0,0.0,1.0,6.25,1.14,0.0,19.34375,19.4375,18.96875,19.0,2.1,0.0,28.0,0.0
8.70689,0x316,0.0,0.0,1.0,6.25,1.14,0.0,19.34375,19.4375,18.96875,19.0,2.1,0.0,28.0,0.0
8.71158,0x2B0,0.0,0.0,1.0,6.25,1.14,0.0,19.34375,19.4375,18.96875,19.0,2.1,0.0,28.0,0.0
8.71619,0x220,0.0,0.0,1.0,6.25,1.16,0.01,19.34375,19.4375,18.96875,19.0,2.1,0.0,28.0,0.0
8.71693,0x316,0.0,0.0,1.0,6.25,1.16,0.01,19.34375,19.4375,18.96875,19.0,2.1,0.0,28.0,0.0
8.72158,0x2B0,0.0,0.0,1.0,6.25,1.16,0.01,19.34375,19.4375,18.96875,19.0,2.1,0.0,28.0,0.0
8.72618,0x220,0.0,0.0,1.0,6.25,1.21,0.05,19.34375,19.4375,18.96875,19.0,2.1,0.0,28.0,0.0
8.72665,0x386,0.0,0.0,1.0,6.25,1.21,0.05,19.34375,19.40625,18.9375,18.875,2.1,0.0,28.0,0.0
8.72689,0x316,0.0,0.0,1.0,6.25,1.21,0.05,19.34375,19.40625,18.9375,18.875,2.1,0.0,28.0,0.0
8.73159,0x2B0,0.0,0.0,1.0,6.25,1.21,0.05,19.34375,19.40625,18.9375,18.875,2.1,0.0,28.0,0.0
8.7362,0x220,0.0,0.0,1.0,6.25,1.27,0.11,19.34375,19.40625,18.9375,18.875,2.1,0.0,28.0,0.0
8.73676,0x316,0.0,0.0,1.0,6.25,1.27,0.11,19.34375,19.40625,18.9375,18.875,2.1,0.0,28.0,0.0
8.74159,0x2B0,0.0,0.0,1.0,6.25,1.27,0.11,19.34375,19.40625,18.9375,18.875,2.1,0.0,28.0,0.0
8.74618,0x220,0.0,0.0,1.0,6.25,1.3,0.18,19.34375,19.40625,18.9375,18.875,2.1,0.0,28.0,0.0
8.74665,0x386,0.0,0.0,1.0,6.25,1.3,0.18,19.3125,19.375,18.84375,19.0625,2.1,0.0,28.0,0.0
8.74689,0x316,0.0,0.0,1.0,6.25,1.3,0.18,19.3125,19.375,18.84375,19.0625,2.1,0.0,28.0,0.0
8.75159,0x2B0,0.0,0.0,1.0,6.25,1.3,0.18,19.3125,19.375,18.84375,19.0625,2.1,0.0,28.0,0.0
8.75618,0x220,0.0,0.0,1.0,6.25,1.22,0.27,19.3125,19.375,18.84375,19.0625,2.1,0.0,28.0,0.0
8.75679,0x316,0.0,0.0,1.0,6.25,1.22,0.27,19.3125,19.375,18.84375,19.0625,2.1,0.0,28.0,0.0
8.7616,0x2B0,0.0,0.0,1.0,6.25,1.22,0.27,19.3125,19.375,18.84375,19.0625,2.1,0.0,28.0,0.0
8.76619,0x220,0.0,0.0,1.0,6.25,1.13,0.29,19.3125,19.375,18.84375,19.0625,2.1,0.0,28.0,0.0
8.76665,0x386,0.0,0.0,1.0,6.25,1.13,0.29,19.3125,19.34375,18.9375,19.15625,2.1,0.0,28.0,0.0
8.76689,0x316,0.0,0.0,1.0,6.25,1.13,0.29,19.3125,19.34375,18.9375,19.15625,2.1,0.0,28.0,0.0
8.7716,0x2B0,0.0,0.0,1.0,6.25,1.13,0.29,19.3125,19.34375,18.9375,19.15625,2.1,0.0,28.0,0.0
8.77618,0x220,0.0,0.0,1.0,6.25,1.11,0.23,19.3125,19.34375,18.9375,19.15625,2.1,0.0,28.0,0.0
8.77675,0x316,0.0,0.0,1.0,6.25,1.11,0.23,19.3125,19.34375,18.9375,19.15625,2.1,0.0,28.0,0.0
8.7816,0x2B0,0.0,0.0,1.0,6.25,1.11,0.23,19.3125,19.34375,18.9375,19.15625,2.1,0.0,28.0,0.0
8.78619,0x220,0.0,0.0,1.0,6.25,1.13,0.19,19.3125,19.34375,18.9375,19.15625,2.1,0.0,28.0,0.0
8.78666,0x386,0.0,0.0,1.0,6.25,1.13,0.19,19.28125,19.3125,18.875,19.0625,2.1,0.0,28.0,0.0
8.7869,0x316,0.0,0.0,1.0,6.25,1.13,0.19,19.28125,19.3125,18.875,19.0625,2.1,0.0,28.0,0.0
8.79161,0x2B0,0.0,0.0,1.0,6.25,1.13,0.19,19.28125,19.3125,18.875,19.0625,2.1,0.0,28.0,0.0
8.79619,0x220,0.0,0.0,1.0,6.25,1.17,0.25,19.28125,19.3125,18.875,19.0625,2.1,0.0,28.0,0.0
8.79677,0x316,0.0,0.0,1.0,6.25,1.17,0.25,19.28125,19.3125,18.875,19.0625,2.1,0.0,28.0,0.0
8.8016,0x2B0,0.0,0.0,1.0,6.25,1.17,0.25,19.28125,19.3125,18.875,19.0625,2.1,0.0,28.0,0.0
8.80618,0x220,0.0,0.0,1.0,6.25,1.25,0.41,19.28125,19.3125,18.875,19.0625,2.1,0.0,28.0,0.0
8.80665,0x386,0.0,0.0,1.0,6.25,1.25,0.41,19.3125,19.28125,19.0,18.875,2.1,0.0,28.0,0.0
8.80689,0x316,0.0,0.0,1.0,6.25,1.25,0.41,19.3125,19.28125,19.0,18.875,2.1,0.0,28.0,0.0
8.81145,0x2B0,0.0,0.0,1.0,6.25,1.25,0.41,19.3125,19.28125,19.0,18.875,2.1,0.0,28.0,0.0
8.81618,0x220,0.0,0.0,1.0,6.25,1.35,0.49,19.3125,19.28125,19.0,18.875,2.1,0.0,28.0,0.0
8.81684,0x316,0.0,0.0,1.0,6.25,1.35,0.49,19.3125,19.28125,19.0,18.875,2.1,0.0,28.0,0.0
8.82161,0x2B0,0.0,0.0,1.0,6.25,1.35,0.49,19.3125,19.28125,19.0,18.875,2.1,0.0,28.0,0.0
8.82618,0x220,0.0,0.0,1.0,6.25,1.44,0.42,19.3125,19.28125,19.0,18.875,2.1,0.0,28.0,0.0
8.82664,0x386,0.0,0.0,1.0,6.25,1.44,0.42,19.25,19.34375,18.9375,18.875,2.1,0.0,28.0,0.0
8.82688,0x316,0.0,0.0,1.0,6.25,1.44,0.42,19.25,19.34375,18.9375,18.875,2.1,0.0,28.0,0.0
8.83162,0x2B0,0.0,0.0,1.0,6.25,1.44,0.42,19.25,19.34375,18.9375,18.875,2.1,0.0,28.0,0.0
8.83621,0x220,0.0,0.0,1.0,6.25,1.47,0.22,19.25,19.34375,18.9375,18.875,2.1,0.0,28.0,0.0
8.83677,0x316,0.0,0.0,1.0,6.25,1.47,0.22,19.25,19.34375,18.9375,18.875,2.1,0.0,28.0,0.0
8.84161,0x2B0,0.0,0.0,1.0,6.25,1.47,0.22,19.25,19.34375,18.9375,18.875,2.1,0.0,28.0,0.0
8.84618,0x220,0.0,0.0,1.0,6.25,1.43,0.04,19.25,19.34375,18.9375,18.875,2.1,0.0,28.0,0.0
8.84665,0x386,0.0,0.0,1.0,6.25,1.43,0.04,19.3125,19.34375,18.9375,19.0,2.1,0.0,28.0,0.0
8.84711,0x316,0.0,0.0,1.0,6.25,1.43,0.04,19.3125,19.34375,18.9375,19.0,2.1,0.0,28.0,0.0
8.85162,0x2B0,0.0,0.0,1.0,6.25,1.43,0.04,19.3125,19.34375,18.9375,19.0,2.1,0.0,28.0,0.0
8.85619,0x220,0.0,0.0,1.0,6.25,1.41,0.01,19.3125,19.34375,18.9375,19.0,2.1,0.0,28.0,0.0
8.85678,0x316,0.0,0.0,1.0,6.25,1.41,0.01,19.3125,19.34375,18.9375,19.0,2.1,0.0,30.0,0.0
8.86162,0x2B0,0.0,0.0,1.0,6.25,1.41,0.01,19.3125,19.34375,18.9375,19.0,2.1,0.0,30.0,0.0
8.86619,0x220,0.0,0.0,1.0,6.25,1.39,0.08,19.3125,19.34375,18.9375,19.0,2.1,0.0,30.0,0.0
8.86666,0x386,0.0,0.0,1.0,6.25,1.39,0.08,19.375,19.34375,18.96875,18.84375,2.1,0.0,30.0,0.0
8.8669,0x316,0.0,0.0,1.0,6.25,1.39,0.08,19.375,19.34375,18.96875,18.84375,2.1,0.0,30.0,0.0
8.87163,0x2B0,0.0,0.0,1.0,6.25,1.39,0.08,19.375,19.34375,18.96875,18.84375,2.1,0.0,30.0,0.0
8.87619,0x220,0.0,0.0,1.0,6.25,1.36,0.17,19.375,19.34375,18.96875,18.84375,2.1,0.0,30.0,0.0
8.87674,0x316,0.0,0.0,1.0,6.25,1.36,0.17,19.375,19.34375,18.96875,18.84375,2.1,0.0,30.0,0.0
8.88163,0x2B0,0.0,0.0,1.0,6.25,1.36,0.17,19.375,19.34375,18.96875,18.84375,2.1,0.0,30.0,0.0
8.88619,0x220,0.0,0.0,1.0,6.25,1.41,0.23,19.375,19.34375,18.96875,18.84375,2.1,0.0,30.0,0.0
8.88665,0x386,0.0,0.0,1.0,6.25,1.41,0.23,19.34375,19.34375,18.875,18.75,2.1,0.0,30.0,0.0
8.88689,0x316,0.0,0.0,1.0,6.25,1.41,0.23,19.34375,19.34375,18.875,18.75,2.1,0.0,30.0,0.0
8.89163,0x2B0,0.0,0.0,1.0,6.25,1.41,0.23,19.34375,19.34375,18.875,18.75,2.1,0.0,30.0,0.0
8.89619,0x220,0.0,0.0,1.0,6.25,1.51,0.21,19.34375,19.34375,18.875,18.75,2.1,0.0,30.0,0.0
8.89677,0x316,0.0,0.0,1.0,6.25,1.51,0.21,19.34375,19.34375,18.875,18.75,2.1,0.0,30.0,0.0
8.90163,0x2B0,0.0,0.0,1.0,6.25,1.51,0.21,19.34375,19.34375,18.875,18.75,2.1,0.0,30.0,0.0
8.90618,0x220,0.0,0.0,1.0,6.25,1.58,0.11,19.34375,19.34375,18.875,18.75,2.1,0.0,30.0,0.0
8.90665,0x386,0.0,0.0,1.0,6.25,1.58,0.11,19.375,19.375,18.8125,19.125,2.1,0.0,30.0,0.0
8.90689,0x316,0.0,0.0,1.0,6.25,1.58,0.11,19.375,19.375,18.8125,19.125,2.1,0.0,30.0,0.0
8.91164,0x2B0,0.0,0.0,1.0,6.25,1.58,0.11,19.375,19.375,18.8125,19.125,2.1,0.0,30.0,0.0
8.91619,0x220,0.0,0.0,1.0,6.25,1.56,0.0,19.375,19.375,18.8125,19.125,2.1,0.0,30.0,0.0
8.91688,0x316,0.0,0.0,1.0,6.25,1.56,0.0,19.375,19.375,18.8125,19.125,2.1,0.0,30.0,0.0
8.92164,0x2B0,0.0,0.0,1.0,6.25,1.56,0.0,19.375,19.375,18.8125,19.125,2.1,0.0,30.0,0.0
8.92619,0x220,0.0,0.0,1.0,6.25,1.41,0.0,19.375,19.375,18.8125,19.125,2.1,0.0,30.0,0.0
8.92666,0x386,0.0,0.0,1.0,6.25,1.41,0.0,19.375,19.25,18.8125,19.09375,2.1,0.0,30.0,0.0
8.9269,0x316,0.0,0.0,1.0,6.25,1.41,0.0,19.375,19.25,18.8125,19.09375,2.1,0.0,30.0,0.0
8.93164,0x2B0,0.0,0.0,1.0,6.25,1.41,0.0,19.375,19.25,18.8125,19.09375,2.1,0.0,30.0,0.0
8.9362,0x220,0.0,0.0,1.0,6.25,1.24,0.08,19.375,19.25,18.8125,19.09375,2.1,0.0,30.0,0.0
8.9368,0x316,0.0,0.0,1.0,6.25,1.24,0.08,19.375,19.25,18.8125,19.09375,2.1,0.0,28.0,0.0
8.94165,0x2B0,0.0,0.0,1.0,6.25,1.24,0.08,19.375,19.25,18.8125,19.09375,2.1,0.0,28.0,0.0
8.94619,0x220,0.0,0.0,1.0,6.25,1.13,0.23,19.375,19.25,18.8125,19.09375,2.1,0.0,28.0,0.0
8.94666,0x386,0.0,0.0,1.0,6.25,1.13,0.23,19.34375,19.3125,18.9375,19.03125,2.1,0.0,28.0,0.0
8.9469,0x316,0.0,0.0,1.0,6.25,1.13,0.23,19.34375,19.3125,18.9375,19.03125,2.1,0.0,28.0,0.0
8.95165,0x2B0,0.0,0.0,1.0,6.25,1.13,0.23,19.34375,19.3125,18.9375,19.03125,2.1,0.0,28.0,0.0
8.95618,0x220,0.0,0.0,1.0,6.25,1.06,0.31,19.34375,19.3125,18.9375,19.03125,2.1,0.0,28.0,0.0
8.95678,0x316,0.0,0.0,1.0,6.25,1.06,0.31,19.34375,19.3125,18.9375,19.03125,2.1,0.0,28.0,0.0
8.96165,0x2B0,0.0,0.0,1.0,6.25,1.06,0.31,19.34375,19.3125,18.9375,19.03125,2.1,0.0,28.0,0.0
8.96619,0x220,0.0,0.0,1.0,6.25,1.07,0.29,19.34375,19.3125,18.9375,19.03125,2.1,0.0,28.0,0.0
8.96665,0x386,0.0,0.0,1.0,6.25,1.07,0.29,19.375,19.3125,18.875,18.9375,2.1,0.0,28.0,0.0
8.96689,0x316,0.0,0.0,1.0,6.25,1.07,0.29,19.375,19.3125,18.875,18.9375,2.1,0.0,28.0,0.0
8.97166,0x2B0,0.0,0.0,1.0,6.25,1.07,0.29,19.375,19.3125,18.875,18.9375,2.1,0.0,28.0,0.0
8.97618,0x220,0.0,0.0,1.0,6.25,1.16,0.25,19.375,19.3125,18.875,18.9375,2.1,0.0,28.0,0.0
8.97681,0x316,0.0,0.0,1.0,6.25,1.16,0.25,19.375,19.3125,18.875,18.9375,2.1,0.0,30.0,0.0
8.98166,0x2B0,0.0,0.0,1.0,6.25,1.16,0.25,19.375,19.3125,18.875,18.9375,2.1,0.0,30.0,0.0
8.98619,0x220,0.0,0.0,1.0,6.25,1.28,0.2,19.375,19.3125,18.875,18.9375,2.1,0.0,30.0,0.0
8.98665,0x386,0.0,0.0,1.0,6.25,1.28,0.2,19.34375,19.28125,18.90625,19.0625,2.1,0.0,30.0,0.0
8.98689,0x316,0.0,0.0,1.0,6.25,1.28,0.2,19.34375,19.28125,18.90625,19.0625,2.1,0.0,30.0,0.0
8.99166,0x2B0,0.0,0.0,1.0,6.25,1.28,0.2,19.34375,19.28125,18.90625,19.0625,2.1,0.0,30.0,0.0
8.99619,0x220,0.0,0.0,1.0,6.25,1.33,0.16,19.34375,19.28125,18.90625,19.0625,2.1,0.0,30.0,0.0
8.99676,0x316,0.0,0.0,1.0,6.25,1.33,0.16,19.34375,19.28125,18.90625,19.0625,2.1,0.0,33.0,0.0
9.00166,0x2B0,0.0,0.0,1.0,6.25,1.33,0.16,19.34375,19.28125,18.90625,19.0625,2.1,0.0,33.0,0.0
9.00619,0x220,0.0,0.0,1.0,6.25,1.34,0.14,19.34375,19.28125,18.90625,19.0625,2.1,0.0,33.0,0.0
9.00665,0x386,0.0,0.0,1.0,6.25,1.34,0.14,19.375,19.4375,18.625,19.09375,2.1,0.0,33.0,0.0
9.00689,0x316,0.0,0.0,1.0,6.25,1.34,0.14,19.375,19.4375,18.625,19.09375,2.1,0.0,35.0,0.0
9.01167,0x2B0,0.0,0.0,1.0,6.25,1.34,0.14,19.375,19.4375,18.625,19.09375,2.1,0.0,35.0,0.0
9.01619,0x220,0.0,0.0,1.0,6.25,1.31,0.18,19.375,19.4375,18.625,19.09375,2.1,0.0,35.0,0.0
9.01692,0x316,0.0,0.0,1.0,6.25,1.31,0.18,19.375,19.4375,18.625,19.09375,2.1,0.0,35.0,0.0
9.02167,0x2B0,0.0,0.0,1.0,6.25,1.31,0.18,19.375,19.4375,18.625,19.09375,2.1,0.0,35.0,0.0
9.02619,0x220,0.0,0.0,1.0,6.25,1.28,0.23,19.375,19.4375,18.625,19.09375,2.1,0.0,35.0,0.0
9.02665,0x386,0.0,0.0,1.0,6.25,1.28,0.23,19.34375,19.40625,18.65625,18.875,2.1,0.0,35.0,0.0
9.02689,0x316,0.0,0.0,1.0,6.25,1.28,0.23,19.34375,19.40625,18.65625,18.875,2.1,0.0,35.0,0.0
9.03167,0x2B0,0.0,0.0,1.0,6.25,1.28,0.23,19.34375,19.40625,18.65625,18.875,2.1,0.0,35.0,0.0
9.03621,0x220,0.0,0.0,1.0,6.25,1.32,0.23,19.34375,19.40625,18.65625,18.875,2.1,0.0,35.0,0.0
9.03679,0x316,0.0,0.0,1.0,6.25,1.32,0.23,19.34375,19.40625,18.65625,18.875,2.1,0.0,35.0,0.0
9.04167,0x2B0,0.0,0.0,1.0,6.25,1.32,0.23,19.34375,19.40625,18.65625,18.875,2.0,0.0,35.0,0.0
9.04619,0x220,0.0,0.0,1.0,6.25,1.4,0.26,19.34375,19.40625,18.65625,18.875,2.0,0.0,35.0,0.0
9.04666,0x386,0.0,0.0,1.0,6.25,1.4,0.26,19.40625,19.4375,18.40625,18.96875,2.0,0.0,35.0,0.0
9.0469,0x316,0.0,0.0,1.0,6.25,1.4,0.26,19.40625,19.4375,18.40625,18.96875,2.0,0.0,35.0,0.0
9.05167,0x2B0,0.0,0.0,1.0,6.25,1.4,0.26,19.40625,19.4375,18.40625,18.96875,2.0,0.0,35.0,0.0
9.05619,0x220,0.0,0.0,1.0,6.25,1.5,0.32,19.40625,19.4375,18.40625,18.96875,2.0,0.0,35.0,0.0
9.05682,0x316,0.0,0.0,1.0,6.25,1.5,0.32,19.40625,19.4375,18.40625,18.96875,2.0,0.0,35.0,0.0
9.06125,0x2B0,0.0,0.0,1.0,6.25,1.5,0.32,19.40625,19.4375,18.40625,18.96875,2.0,0.0,35.0,0.0
9.0662,0x220,0.0,0.0,1.0,6.25,1.63,0.32,19.40625,19.4375,18.40625,18.96875,2.0,0.0,35.0,0.0
9.06667,0x386,0.0,0.0,1.0,6.25,1.63,0.32,19.34375,19.46875,18.5,18.875,2.0,0.0,35.0,0.0
9.06691,0x316,0.0,0.0,1.0,6.25,1.63,0.32,19.34375,19.46875,18.5,18.875,2.0,0.0,35.0,0.0
9.07168,0x2B0,0.0,0.0,1.0,6.25,1.63,0.32,19.34375,19.46875,18.5,18.875,2.0,0.0,35.0,0.0
9.07619,0x220,0.0,0.0,1.0,6.25,1.71,0.23,19.34375,19.46875,18.5,18.875,2.0,0.0,35.0,0.0
9.07674,0x316,0.0,0.0,1.0,6.25,1.71,0.23,19.34375,19.46875,18.5,18.875,2.0,0.0,33.0,0.0
9.08168,0x2B0,0.0,0.0,1.0,6.25,1.71,0.23,19.34375,19.46875,18.5,18.875,2.0,0.0,33.0,0.0
9.08619,0x220,0.0,0.0,1.0,6.25,1.76,0.06,19.34375,19.46875,18.5,18.875,2.0,0.0,33.0,0.0
9.08665,0x386,0.0,0.0,1.0,6.25,1.76,0.06,19.21875,19.40625,18.90625,18.8125,2.0,0.0,33.0,0.0
9.0869,0x316,0.0,0.0,1.0,6.25,1.76,0.06,19.21875,19.40625,18.90625,18.8125,2.0,0.0,33.0,0.0
9.09169,0x2B0,0.0,0.0,1.0,6.25,1.76,0.06,19.21875,19.40625,18.90625,18.8125,2.0,0.0,33.0,0.0
9.09619,0x220,0.0,0.0,1.0,6.25,1.82,0.0,19.21875,19.40625,18.90625,18.8125,2.0,0.0,33.0,0.0
9.09677,0x316,0.0,0.0,1.0,6.25,1.82,0.0,19.21875,19.40625,18.90625,18.8125,2.0,0.0,33.0,0.0
9.10169,0x2B0,0.0,0.0,1.0,6.25,1.82,0.0,19.21875,19.40625,18.90625,18.8125,2.0,0.0,33.0,0.0
9.10619,0x220,0.0,0.0,1.0,6.25,1.98,0.0,19.21875,19.40625,18.90625,18.8125,2.0,0.0,33.0,0.0
9.10666,0x386,0.0,0.0,1.0,6.25,1.98,0.0,19.28125,19.375,19.125,19.0,2.0,0.0,33.0,0.0
9.1069,0x316,0.0,0.0,1.0,6.25,1.98,0.0,19.28125,19.375,19.125,19.0,2.0,0.0,33.0,0.0
9.1117,0x2B0,0.0,0.0,1.0,6.25,1.98,0.0,19.28125,19.375,19.125,19.0,2.0,0.0,33.0,0.0
9.11619,0x220,0.0,0.0,1.0,6.25,2.26,0.0,19.28125,19.375,19.125,19.0,2.0,0.0,33.0,0.0
9.11688,0x316,0.0,0.0,1.0,6.25,2.26,0.0,19.28125,19.375,19.125,19.0,2.0,0.0,33.0,0.0
9.12169,0x2B0,0.0,0.0,1.0,6.25,2.26,0.0,19.28125,19.375,19.125,19.0,2.0,0.0,33.0,0.0
9.12618,0x220,0.0,0.0,1.0,6.25,2.5,-0.17,19.28125,19.375,19.125,19.0,2.0,0.0,33.0,0.0
9.12666,0x386,0.0,0.0,1.0,6.25,2.5,-0.17,19.25,19.3125,19.03125,19.09375,2.0,0.0,33.0,0.0
9.1269,0x316,0.0,0.0,1.0,6.25,2.5,-0.17,19.25,19.3125,19.03125,19.09375,2.0,0.0,33.0,0.0
9.1317,0x2B0,0.0,0.0,1.0,6.25,2.5,-0.17,19.25,19.3125,19.03125,19.09375,2.0,0.0,33.0,0.0
9.13621,0x220,0.0,0.0,1.0,6.25,2.61,-0.41,19.25,19.3125,19.03125,19.09375,2.0,0.0,33.0,0.0
9.13682,0x316,0.0,0.0,1.0,6.25,2.61,-0.41,19.25,19.3125,19.03125,19.09375,2.0,0.0,33.0,0.0
9.14171,0x2B0,0.0,0.0,1.0,6.25,2.61,-0.41,19.25,19.3125,19.03125,19.09375,2.0,0.0,33.0,0.0
9.14619,0x220,0.0,0.0,1.0,6.25,2.59,-0.54,19.25,19.3125,19.03125,19.09375,2.0,0.0,33.0,0.0
9.14666,0x386,0.0,0.0,1.0,6.25,2.59,-0.54,19.125,19.25,19.09375,19.0,2.0,0.0,33.0,0.0
9.1469,0x316,0.0,0.0,1.0,6.25,2.59,-0.54,19.125,19.25,19.09375,19.0,2.0,0.0,33.0,0.0
9.1517,0x2B0,0.0,0.0,1.0,6.25,2.59,-0.54,19.125,19.25,19.09375,19.0,2.0,0.0,33.0,0.0
9.1562,0x220,0.0,0.0,1.0,6.25,2.47,-0.55,19.125,19.25,19.09375,19.0,2.0,0.0,33.0,0.0
9.15676,0x316,0.0,0.0,1.0,6.25,2.47,-0.55,19.125,19.25,19.09375,19.0,2.0,0.0,33.0,0.0
9.16171,0x2B0,0.0,0.0,1.0,6.25,2.47,-0.55,19.125,19.25,19.09375,19.0,2.0,0.0,33.0,0.0
9.16619,0x220,0.0,0.0,1.0,6.25,2.38,-0.49,19.125,19.25,19.09375,19.0,2.0,0.0,33.0,0.0
9.16665,0x386,0.0,0.0,1.0,6.25,2.38,-0.49,19.28125,19.34375,19.09375,19.09375,2.0,0.0,33.0,0.0
9.1669,0x316,0.0,0.0,1.0,6.25,2.38,-0.49,19.28125,19.34375,19.09375,19.09375,2.0,0.0,33.0,0.0
9.17171,0x2B0,0.0,0.0,1.0,6.25,2.38,-0.49,19.28125,19.34375,19.09375,19.09375,2.0,0.0,33.0,0.0
9.17619,0x220,0.0,0.0,1.0,6.25,2.37,-0.41,19.28125,19.34375,19.09375,19.09375,2.0,0.0,33.0,0.0
9.17681,0x316,0.0,0.0,1.0,6.25,2.37,-0.41,19.28125,19.34375,19.09375,19.09375,2.0,0.0,33.0,0.0
9.18171,0x2B0,0.0,0.0,1.0,6.25,2.37,-0.41,19.28125,19.34375,19.09375,19.09375,2.0,0.0,33.0,0.0
9.18619,0x220,0.0,0.0,1.0,6.25,2.4,-0.38,19.28125,19.34375,19.09375,19.09375,2.0,0.0,33.0,0.0
9.18666,0x386,0.0,0.0,1.0,6.25,2.4,-0.38,19.34375,19.3125,19.09375,19.0,2.0,0.0,33.0,0.0
9.1869,0x316,0.0,0.0,1.0,6.25,2.4,-0.38,19.34375,19.3125,19.09375,19.0,2.0,0.0,33.0,0.0
9.19171,0x2B0,0.0,0.0,1.0,6.25,2.4,-0.38,19.34375,19.3125,19.09375,19.0,2.0,0.0,33.0,0.0
9.1962,0x220,0.0,0.0,1.0,6.25,2.37,-0.49,19.34375,19.3125,19.09375,19.0,2.0,0.0,33.0,0.0
9.19673,0x316,0.0,0.0,1.0,6.25,2.37,-0.49,19.34375,19.3125,19.09375,19.0,2.0,0.0,33.0,0.0
9.20171,0x2B0,0.0,0.0,1.0,6.25,2.37,-0.49,19.34375,19.3125,19.09375,19.0,2.0,0.0,33.0,0.0
9.20619,0x220,0.0,0.0,1.0,6.25,2.18,-0.67,19.34375,19.3125,19.09375,19.0,2.0,0.0,33.0,0.0
9.20665,0x386,0.0,0.0,1.0,6.25,2.18,-0.67,19.3125,19.40625,19.125,19.0,2.0,0.0,33.0,0.0
9.2069,0x316,0.0,0.0,1.0,6.25,2.18,-0.67,19.3125,19.40625,19.125,19.0,2.0,0.0,33.0,0.0
9.21172,0x2B0,0.0,0.0,1.0,6.25,2.18,-0.67,19.3125,19.40625,19.125,19.0,2.0,0.0,33.0,0.0
9.21619,0x220,0.0,0.0,1.0,6.25,1.84,-0.77,19.3125,19.40625,19.125,19.0,2.0,0.0,33.0,0.0
9.21686,0x316,0.0,0.0,1.0,6.25,1.84,-0.77,19.3125,19.40625,19.125,19.0,2.0,0.0,33.0,0.0
9.22124,0x2B0,0.0,0.0,1.0,6.25,1.84,-0.77,19.3125,19.40625,19.125,19.0,2.0,0.0,33.0,0.0
9.22618,0x220,0.0,0.0,1.0,6.25,1.52,-0.58,19.3125,19.40625,19.125,19.0,2.0,0.0,33.0,0.0
9.22641,0x386,0.0,0.0,1.0,6.25,1.52,-0.58,19.4375,19.34375,18.9375,19.03125,2.0,0.0,33.0,0.0
9.22689,0x316,0.0,0.0,1.0,6.25,1.52,-0.58,19.4375,19.34375,18.9375,19.03125,2.0,0.0,33.0,0.0
9.23124,0x2B0,0.0,0.0,1.0,6.25,1.52,-0.58,19.4375,19.34375,18.9375,19.03125,2.0,0.0,33.0,0.0
9.23621,0x220,0.0,0.0,1.0,6.25,1.43,-0.22,19.4375,19.34375,18.9375,19.03125,2.0,0.0,33.0,0.0
9.23679,0x316,0.0,0.0,1.0,6.25,1.43,-0.22,19.4375,19.34375,18.9375,19.03125,2.0,0.0,33.0,0.0
9.24124,0x2B0,0.0,0.0,1.0,6.25,1.43,-0.22,19.4375,19.34375,18.9375,19.03125,2.0,0.0,33.0,0.0
9.24619,0x220,0.0,0.0,1.0,6.25,1.55,-0.06,19.4375,19.34375,18.9375,19.03125,2.0,0.0,33.0,0.0
9.24642,0x386,0.0,0.0,1.0,6.25,1.55,-0.06,19.40625,19.40625,18.84375,19.09375,2.0,0.0,33.0,0.0
9.2469,0x316,0.0,0.0,1.0,6.25,1.55,-0.06,19.40625,19.40625,18.84375,19.09375,2.0,0.0,33.0,0.0
9.25125,0x2B0,0.0,0.0,1.0,6.25,1.55,-0.06,19.40625,19.40625,18.84375,19.09375,2.0,0.0,33.0,0.0
9.25619,0x220,0.0,0.0,1.0,6.25,1.68,-0.21,19.40625,19.40625,18.84375,19.09375,2.0,0.0,33.0,0.0
9.25682,0x316,0.0,0.0,1.0,6.25,1.68,-0.21,19.40625,19.40625,18.84375,19.09375,2.0,0.0,33.0,0.0
9.26124,0x2B0,0.0,0.0,1.0,6.25,1.68,-0.21,19.40625,19.40625,18.84375,19.09375,2.0,0.0,33.0,0.0
9.26619,0x220,0.0,0.0,1.0,6.25,1.62,-0.37,19.40625,19.40625,18.84375,19.09375,2.0,0.0,33.0,0.0
9.26642,0x386,0.0,0.0,1.0,6.25,1.62,-0.37,19.4375,19.4375,18.875,19.0,2.0,0.0,33.0,0.0
9.2669,0x316,0.0,0.0,1.0,6.25,1.62,-0.37,19.4375,19.4375,18.875,19.0,2.0,0.0,33.0,0.0
9.27125,0x2B0,0.0,0.0,1.0,6.25,1.62,-0.37,19.4375,19.4375,18.875,19.0,2.0,0.0,33.0,0.0
9.27619,0x220,0.0,0.0,1.0,6.25,1.37,-0.25,19.4375,19.4375,18.875,19.0,2.0,0.0,33.0,0.0
9.27675,0x316,0.0,0.0,1.0,6.25,1.37,-0.25,19.4375,19.4375,18.875,19.0,2.0,0.0,33.0,0.0
9.28124,0x2B0,0.0,0.0,1.0,6.25,1.37,-0.25,19.4375,19.4375,18.875,19.0,2.0,0.0,33.0,0.0
9.28619,0x220,0.0,0.0,1.0,6.25,1.14,0.05,19.4375,19.4375,18.875,19.0,2.0,0.0,33.0,0.0
9.28642,0x386,0.0,0.0,1.0,6.25,1.14,0.05,19.46875,19.375,18.84375,18.875,2.0,0.0,33.0,0.0
9.2869,0x316,0.0,0.0,1.0,6.25,1.14,0.05,19.46875,19.375,18.84375,18.875,2.0,0.0,33.0,0.0
9.29175,0x2B0,0.0,0.0,1.0,6.25,1.14,0.05,19.46875,19.375,18.84375,18.875,2.0,0.0,33.0,0.0
9.2962,0x220,0.0,0.0,1.0,6.25,1.04,0.39,19.46875,19.375,18.84375,18.875,2.0,0.0,33.0,0.0
9.29677,0x316,0.0,0.0,1.0,6.25,1.04,0.39,19.46875,19.375,18.84375,18.875,2.0,0.0,33.0,0.0
9.30175,0x2B0,0.0,0.0,1.0,6.25,1.04,0.39,19.46875,19.375,18.84375,18.875,1.9,0.0,33.0,0.0
9.3062,0x220,0.0,0.0,1.0,6.25,1.12,0.48,19.46875,19.375,18.84375,18.875,1.9,0.0,33.0,0.0
9.30643,0x386,0.0,0.0,1.0,6.25,1.12,0.48,19.5,19.4375,18.65625,19.03125,1.9,0.0,33.0,0.0
9.30691,0x316,0.0,0.0,1.0,6.25,1.12,0.48,19.5,19.4375,18.65625,19.03125,1.9,0.0,33.0,0.0
9.31176,0x2B0,0.0,0.0,1.0,6.25,1.12,0.48,19.5,19.4375,18.65625,19.03125,1.9,0.0,33.0,0.0
9.31621,0x220,0.0,0.0,1.0,6.25,1.28,0.35,19.5,19.4375,18.65625,19.03125,1.9,0.0,33.0,0.0
9.31699,0x316,0.0,0.0,1.0,6.25,1.28,0.35,19.5,19.4375,18.65625,19.03125,1.9,0.0,33.0,0.0
9.32175,0x2B0,0.0,0.0,1.0,6.25,1.28,0.35,19.5,19.4375,18.65625,19.03125,1.8,0.0,33.0,0.0
9.3262,0x220,0.0,0.0,1.0,6.25,1.32,0.24,19.5,19.4375,18.65625,19.03125,1.8,0.0,33.0,0.0
9.32643,0x386,0.0,0.0,1.0,6.25,1.32,0.24,19.46875,19.375,18.71875,19.0,1.8,0.0,33.0,0.0
9.32691,0x316,0.0,0.0,1.0,6.25,1.32,0.24,19.46875,19.375,18.71875,19.0,1.8,0.0,33.0,0.0
9.33125,0x2B0,0.0,0.0,1.0,6.25,1.32,0.24,19.46875,19.375,18.71875,19.0,1.8,0.0,33.0,0.0
9.33622,0x220,0.0,0.0,1.0,6.25,1.17,0.31,19.46875,19.375,18.71875,19.0,1.8,0.0,33.0,0.0
9.33689,0x316,0.0,0.0,1.0,6.25,1.17,0.31,19.46875,19.375,18.71875,19.0,1.8,0.0,30.0,0.0
9.34126,0x2B0,0.0,0.0,1.0,6.25,1.17,0.31,19.46875,19.375,18.71875,19.0,1.8,0.0,30.0,0.0
9.34619,0x220,0.0,0.0,1.0,6.25,0.92,0.47,19.46875,19.375,18.71875,19.0,1.8,0.0,30.0,0.0
9.34642,0x386,0.0,0.0,1.0,6.25,0.92,0.47,19.4375,19.4375,18.78125,18.96875,1.8,0.0,30.0,0.0
9.3469,0x316,0.0,0.0,1.0,6.25,0.92,0.47,19.4375,19.4375,18.78125,18.96875,1.8,0.0,30.0,0.0
9.35127,0x2B0,0.0,0.0,1.0,6.25,0.92,0.47,19.4375,19.4375,18.78125,18.96875,1.8,0.0,30.0,0.0
9.3562,0x220,0.0,0.0,1.0,6.25,0.7,0.57,19.4375,19.4375,18.78125,18.96875,1.8,0.0,30.0,0.0
9.35677,0x316,0.0,0.0,1.0,6.25,0.7,0.57,19.4375,19.4375,18.78125,18.96875,1.8,0.0,30.0,0.0
9.36176,0x2B0,0.0,0.0,1.0,6.25,0.7,0.57,19.4375,19.4375,18.78125,18.96875,1.7,0.0,30.0,0.0
9.3662,0x220,0.0,0.0,1.0,6.25,0.67,0.53,19.4375,19.4375,18.78125,18.96875,1.7,0.0,30.0,0.0
9.36643,0x386,0.0,0.0,1.0,6.25,0.67,0.53,19.3125,19.40625,18.875,19.03125,1.7,0.0,30.0,0.0
9.36691,0x316,0.0,0.0,1.0,6.25,0.67,0.53,19.3125,19.40625,18.875,19.03125,1.7,0.0,30.0,0.0
9.37176,0x2B0,0.0,0.0,1.0,6.25,0.67,0.53,19.3125,19.40625,18.875,19.03125,1.7,0.0,30.0,0.0
9.3762,0x220,0.0,0.0,1.0,6.25,0.89,0.39,19.3125,19.40625,18.875,19.03125,1.7,0.0,30.0,0.0
9.37685,0x316,0.0,0.0,1.0,6.25,0.89,0.39,19.3125,19.40625,18.875,19.03125,1.7,0.0,28.0,0.0
9.38127,0x2B0,0.0,0.0,1.0,6.25,0.89,0.39,19.3125,19.40625,18.875,19.03125,1.7,0.0,28.0,0.0
9.3862,0x220,0.0,0.0,1.0,6.25,1.21,0.29,19.3125,19.40625,18.875,19.03125,1.7,0.0,28.0,0.0
9.38643,0x386,0.0,0.0,1.0,6.25,1.21,0.29,19.3125,19.375,18.90625,19.0,1.7,0.0,28.0,0.0
9.38691,0x316,0.0,0.0,1.0,6.25,1.21,0.29,19.3125,19.375,18.90625,19.0,1.7,0.0,28.0,0.0
9.39128,0x2B0,0.0,0.0,1.0,6.25,1.21,0.29,19.3125,19.375,18.90625,19.0,1.7,0.0,28.0,0.0
9.3962,0x220,0.0,0.0,1.0,6.25,1.38,0.34,19.3125,19.375,18.90625,19.0,1.7,0.0,28.0,0.0
9.39676,0x316,0.0,0.0,1.0,6.25,1.38,0.34,19.3125,19.375,18.90625,19.0,1.7,0.0,28.0,0.0
9.40178,0x2B0,0.0,0.0,1.0,6.25,1.38,0.34,19.3125,19.375,18.90625,19.0,1.6,0.0,28.0,0.0
9.4062,0x220,0.0,0.0,1.0,6.25,1.4,0.51,19.3125,19.375,18.90625,19.0,1.6,0.0,28.0,0.0
9.40643,0x386,0.0,0.0,1.0,6.25,1.4,0.51,19.25,19.34375,18.84375,18.96875,1.6,0.0,28.0,0.0
9.4069,0x316,0.0,0.0,1.0,6.25,1.4,0.51,19.25,19.34375,18.84375,18.96875,1.6,0.0,25.0,0.0
9.41124,0x2B0,0.0,0.0,1.0,6.25,1.4,0.51,19.25,19.34375,18.84375,18.96875,1.6,0.0,25.0,0.0
9.4162,0x220,0.0,0.0,1.0,6.25,1.31,0.66,19.25,19.34375,18.84375,18.96875,1.6,0.0,25.0,0.0
9.41709,0x316,0.0,0.0,1.0,6.25,1.31,0.66,19.25,19.34375,18.84375,18.96875,1.6,0.0,25.0,0.0
9.42125,0x2B0,0.0,0.0,1.0,6.25,1.31,0.66,19.25,19.34375,18.84375,18.96875,1.6,0.0,25.0,0.0
9.4262,0x220,0.0,0.0,1.0,6.25,1.21,0.57,19.25,19.34375,18.84375,18.96875,1.6,0.0,25.0,0.0
9.42643,0x386,0.0,0.0,1.0,6.25,1.21,0.57,19.1875,19.28125,18.90625,19.0,1.6,0.0,25.0,0.0
9.42691,0x316,0.0,0.0,1.0,6.25,1.21,0.57,19.1875,19.28125,18.90625,19.0,1.6,0.0,25.0,0.0
9.43125,0x2B0,0.0,0.0,1.0,6.25,1.21,0.57,19.1875,19.28125,18.90625,19.0,1.6,0.0,25.0,0.0
9.43622,0x220,0.0,0.0,1.0,6.25,1.19,0.29,19.1875,19.28125,18.90625,19.0,1.6,0.0,25.0,0.0
9.43679,0x316,0.0,0.0,1.0,6.25,1.19,0.29,19.1875,19.28125,18.90625,19.0,1.6,0.0,25.0,0.0
9.44125,0x2B0,0.0,0.0,1.0,6.25,1.19,0.29,19.1875,19.28125,18.90625,19.0,1.6,0.0,25.0,0.0
9.44619,0x220,0.0,0.0,1.0,6.25,1.2,0.06,19.1875,19.28125,18.90625,19.0,1.6,0.0,25.0,0.0
9.44642,0x386,0.0,0.0,1.0,6.25,1.2,0.06,19.21875,19.28125,18.875,19.03125,1.6,0.0,25.0,0.0
9.4469,0x316,0.0,0.0,1.0,6.25,1.2,0.06,19.21875,19.28125,18.875,19.03125,1.6,0.0,25.0,0.0
9.45125,0x2B0,0.0,0.0,1.0,6.25,1.2,0.06,19.21875,19.28125,18.875,19.03125,1.6,0.0,25.0,0.0
9.4562,0x220,0.0,0.0,1.0,6.25,1.27,0.12,19.21875,19.28125,18.875,19.03125,1.6,0.0,25.0,0.0
9.4569,0x316,0.0,0.0,1.0,6.25,1.27,0.12,19.21875,19.28125,18.875,19.03125,1.6,0.0,28.0,0.0
9.46125,0x2B0,0.0,0.0,1.0,6.25,1.27,0.12,19.21875,19.28125,18.875,19.03125,1.6,0.0,28.0,0.0
9.46621,0x220,0.0,0.0,1.0,6.25,1.36,0.32,19.21875,19.28125,18.875,19.03125,1.6,0.0,28.0,0.0
9.46643,0x386,0.0,0.0,1.0,6.25,1.36,0.32,19.1875,19.3125,18.875,18.9375,1.6,0.0,28.0,0.0
9.46691,0x316,0.0,0.0,1.0,6.25,1.36,0.32,19.1875,19.3125,18.875,18.9375,1.6,0.0,28.0,0.0
9.47125,0x2B0,0.0,0.0,1.0,6.25,1.36,0.32,19.1875,19.3125,18.875,18.9375,1.6,0.0,28.0,0.0
9.4762,0x220,0.0,0.0,1.0,6.25,1.44,0.43,19.1875,19.3125,18.875,18.9375,1.6,0.0,28.0,0.0
9.47675,0x316,0.0,0.0,1.0,6.25,1.44,0.43,19.1875,19.3125,18.875,18.9375,1.6,0.0,30.0,0.0
9.48125,0x2B0,0.0,0.0,1.0,6.25,1.44,0.43,19.1875,19.3125,18.875,18.9375,1.6,0.0,30.0,0.0
9.4862,0x220,0.0,0.0,1.0,6.25,1.53,0.32,19.1875,19.3125,18.875,18.9375,1.6,0.0,30.0,0.0
9.48643,0x386,0.0,0.0,1.0,6.25,1.53,0.32,19.21875,19.3125,18.9375,19.0625,1.6,0.0,30.0,0.0
9.4869,0x316,0.0,0.0,1.0,6.25,1.53,0.32,19.21875,19.3125,18.9375,19.0625,1.6,0.0,30.0,0.0
9.49125,0x2B0,0.0,0.0,1.0,6.25,1.53,0.32,19.21875,19.3125,18.9375,19.0625,1.6,0.0,30.0,0.0
9.4962,0x220,0.0,0.0,1.0,6.25,1.63,0.09,19.21875,19.3125,18.9375,19.0625,1.6,0.0,30.0,0.0
9.49688,0x316,0.0,0.0,1.0,6.25,1.63,0.09,19.21875,19.3125,18.9375,19.0625,1.6,0.0,30.0,0.0
9.50124,0x2B0,0.0,0.0,1.0,6.25,1.63,0.09,19.21875,19.3125,18.9375,19.0625,1.6,0.0,30.0,0.0
9.50619,0x220,0.0,0.0,1.0,6.25,1.74,-0.03,19.21875,19.3125,18.9375,19.0625,1.6,0.0,30.0,0.0
9.50642,0x386,0.0,0.0,1.0,6.25,1.74,-0.03,19.28125,19.25,18.9375,19.03125,1.6,0.0,30.0,0.0
9.5069,0x316,0.0,0.0,1.0,6.25,1.74,-0.03,19.28125,19.25,18.9375,19.03125,1.6,0.0,30.0,0.0
9.51124,0x2B0,0.0,0.0,1.0,6.25,1.74,-0.03,19.28125,19.25,18.9375,19.03125,1.6,0.0,30.0,0.0
9.5162,0x220,0.0,0.0,1.0,6.25,1.87,-0.03,19.28125,19.25,18.9375,19.03125,1.6,0.0,30.0,0.0
9.51693,0x316,0.0,0.0,1.0,6.25,1.87,-0.03,19.28125,19.25,18.9375,19.03125,1.6,0.0,30.0,0.0
9.52132,0x2B0,0.0,0.0,1.0,6.25,1.87,-0.03,19.28125,19.25,18.9375,19.03125,1.6,0.0,30.0,0.0
9.5262,0x220,0.0,0.0,1.0,6.25,1.93,0.05,19.28125,19.25,18.9375,19.03125,1.6,0.0,30.0,0.0
9.52643,0x386,0.0,0.0,1.0,6.25,1.93,0.05,19.28125,19.3125,18.90625,18.90625,1.6,0.0,30.0,0.0
9.52691,0x316,0.0,0.0,1.0,6.25,1.93,0.05,19.28125,19.3125,18.90625,18.90625,1.6,0.0,30.0,0.0
9.53127,0x2B0,0.0,0.0,1.0,6.25,1.93,0.05,19.28125,19.3125,18.90625,18.90625,1.6,0.0,30.0,0.0
9.53622,0x220,0.0,0.0,1.0,6.25,1.92,0.12,19.28125,19.3125,18.90625,18.90625,1.6,0.0,30.0,0.0
9.53683,0x316,0.0,0.0,1.0,6.25,1.92,0.12,19.28125,19.3125,18.90625,18.90625,1.6,0.0,30.0,0.0
9.54128,0x2B0,0.0,0.0,1.0,6.25,1.92,0.12,19.28125,19.3125,18.90625,18.90625,1.5,0.0,30.0,0.0
9.5462,0x220,0.0,0.0,1.0,6.25,1.85,0.12,19.28125,19.3125,18.90625,18.90625,1.5,0.0,30.0,0.0
9.54643,0x386,0.0,0.0,1.0,6.25,1.85,0.12,19.3125,19.3125,18.90625,18.875,1.5,0.0,30.0,0.0
9.54691,0x316,0.0,0.0,1.0,6.25,1.85,0.12,19.3125,19.3125,18.90625,18.875,1.5,0.0,30.0,0.0
9.55128,0x2B0,0.0,0.0,1.0,6.25,1.85,0.12,19.3125,19.3125,18.90625,18.875,1.5,0.0,30.0,0.0
9.55621,0x220,0.0,0.0,1.0,6.25,1.73,0.05,19.3125,19.3125,18.90625,18.875,1.5,0.0,30.0,0.0
9.55677,0x316,0.0,0.0,1.0,6.25,1.73,0.05,19.3125,19.3125,18.90625,18.875,1.5,0.0,30.0,0.0
9.56129,0x2B0,0.0,0.0,1.0,6.25,1.73,0.05,19.3125,19.3125,18.90625,18.875,1.5,0.0,30.0,0.0
9.56621,0x220,0.0,0.0,1.0,6.25,1.7,-0.03,19.3125,19.3125,18.90625,18.875,1.5,0.0,30.0,0.0
9.56644,0x386,0.0,0.0,1.0,6.25,1.7,-0.03,19.34375,19.34375,18.78125,19.0,1.5,0.0,30.0,0.0
9.56691,0x316,0.0,0.0,1.0,6.25,1.7,-0.03,19.34375,19.34375,18.78125,19.0,1.5,0.0,30.0,0.0
9.5713,0x2B0,0.0,0.0,1.0,6.25,1.7,-0.03,19.34375,19.34375,18.78125,19.0,1.4,0.0,30.0,0.0
9.5762,0x220,0.0,0.0,1.0,6.25,1.77,-0.1,19.34375,19.34375,18.78125,19.0,1.4,0.0,30.0,0.0
9.5768,0x316,0.0,0.0,1.0,6.25,1.77,-0.1,19.34375,19.34375,18.78125,19.0,1.4,0.0,30.0,0.0
9.5813,0x2B0,0.0,0.0,1.0,6.25,1.77,-0.1,19.34375,19.34375,18.78125,19.0,1.4,0.0,30.0,0.0
9.5862,0x220,0.0,0.0,1.0,6.25,1.82,-0.11,19.34375,19.34375,18.78125,19.0,1.4,0.0,30.0,0.0
9.58643,0x386,0.0,0.0,1.0,6.25,1.82,-0.11,19.3125,19.375,18.75,19.0625,1.4,0.0,30.0,0.0
9.58691,0x316,0.0,0.0,1.0,6.25,1.82,-0.11,19.3125,19.375,18.75,19.0625,1.4,0.0,30.0,0.0
9.59127,0x2B0,0.0,0.0,1.0,6.25,1.82,-0.11,19.3125,19.375,18.75,19.0625,1.4,0.0,30.0,0.0
9.59621,0x220,0.0,0.0,1.0,6.25,1.83,-0.07,19.3125,19.375,18.75,19.0625,1.4,0.0,30.0,0.0
9.59678,0x316,0.0,0.0,1.0,6.25,1.83,-0.07,19.3125,19.375,18.75,19.0625,1.4,0.0,30.0,0.0
9.60129,0x2B0,0.0,0.0,1.0,6.25,1.83,-0.07,19.3125,19.375,18.75,19.0625,1.4,0.0,30.0,0.0
9.6062,0x220,0.0,0.0,1.0,6.25,1.83,0.0,19.3125,19.375,18.75,19.0625,1.4,0.0,30.0,0.0
9.60643,0x386,0.0,0.0,1.0,6.25,1.83,0.0,19.375,19.34375,18.84375,18.96875,1.4,0.0,30.0,0.0
9.60692,0x316,0.0,0.0,1.0,6.25,1.83,0.0,19.375,19.34375,18.84375,18.96875,1.4,0.0,30.0,0.0
9.61129,0x2B0,0.0,0.0,1.0,6.25,1.83,0.0,19.375,19.34375,18.84375,18.96875,1.3,0.0,30.0,0.0
9.6162,0x220,0.0,0.0,1.0,6.25,1.8,0.05,19.375,19.34375,18.84375,18.96875,1.3,0.0,30.0,0.0
9.617,0x316,0.0,0.0,1.0,6.25,1.8,0.05,19.375,19.34375,18.84375,18.96875,1.3,0.0,30.0,0.0
9.62131,0x2B0,0.0,0.0,1.0,6.25,1.8,0.05,19.375,19.34375,18.84375,18.96875,1.3,0.0,30.0,0.0
9.6262,0x220,0.0,0.0,1.0,6.25,1.78,0.07,19.375,19.34375,18.84375,18.96875,1.3,0.0,30.0,0.0
9.62643,0x386,0.0,0.0,1.0,6.25,1.78,0.07,19.375,19.34375,18.6875,18.875,1.3,0.0,30.0,0.0
9.62691,0x316,0.0,0.0,1.0,6.25,1.78,0.07,19.375,19.34375,18.6875,18.875,1.3,0.0,30.0,0.0
9.63129,0x2B0,0.0,0.0,1.0,6.25,1.78,0.07,19.375,19.34375,18.6875,18.875,1.3,0.0,30.0,0.0
9.63622,0x220,0.0,0.0,1.0,6.25,1.79,0.0,19.375,19.34375,18.6875,18.875,1.3,0.0,30.0,0.0
9.6368,0x316,0.0,0.0,1.0,6.25,1.79,0.0,19.375,19.34375,18.6875,18.875,1.3,0.0,30.0,0.0
9.64131,0x2B0,0.0,0.0,1.0,6.25,1.79,0.0,19.375,19.34375,18.6875,18.875,1.3,0.0,30.0,0.0
9.6462,0x220,0.0,0.0,1.0,6.25,1.78,-0.1,19.375,19.34375,18.6875,18.875,1.3,0.0,30.0,0.0
9.64643,0x386,0.0,0.0,1.0,6.25,1.78,-0.1,19.375,19.34375,18.625,18.96875,1.3,0.0,30.0,0.0
9.64691,0x316,0.0,0.0,1.0,6.25,1.78,-0.1,19.375,19.34375,18.625,18.96875,1.3,0.0,30.0,0.0
9.6513,0x2B0,0.0,0.0,1.0,6.25,1.78,-0.1,19.375,19.34375,18.625,18.96875,1.3,0.0,30.0,0.0
9.6562,0x220,0.0,0.0,1.0,6.25,1.73,-0.13,19.375,19.34375,18.625,18.96875,1.3,0.0,30.0,0.0
9.65691,0x316,0.0,0.0,1.0,6.25,1.73,-0.13,19.375,19.34375,18.625,18.96875,1.3,0.0,30.0,0.0
9.66131,0x2B0,0.0,0.0,1.0,6.25,1.73,-0.13,19.375,19.34375,18.625,18.96875,1.3,0.0,30.0,0.0
9.66621,0x220,0.0,0.0,1.0,6.25,1.65,-0.14,19.375,19.34375,18.625,18.96875,1.3,0.0,30.0,0.0
9.66643,0x386,0.0,0.0,1.0,6.25,1.65,-0.14,19.34375,19.3125,18.9375,19.03125,1.3,0.0,30.0,0.0
9.66691,0x316,0.0,0.0,1.0,6.25,1.65,-0.14,19.34375,19.3125,18.9375,19.03125,1.3,0.0,30.0,0.0
9.67132,0x2B0,0.0,0.0,1.0,6.25,1.65,-0.14,19.34375,19.3125,18.9375,19.03125,1.3,0.0,30.0,0.0
9.6762,0x220,0.0,0.0,1.0,6.25,1.64,-0.08,19.34375,19.3125,18.9375,19.03125,1.3,0.0,30.0,0.0
9.67679,0x316,0.0,0.0,1.0,6.25,1.64,-0.08,19.34375,19.3125,18.9375,19.03125,1.3,0.0,30.0,0.0
9.68131,0x2B0,0.0,0.0,1.0,6.25,1.64,-0.08,19.34375,19.3125,18.9375,19.03125,1.3,0.0,30.0,0.0
9.6862,0x220,0.0,0.0,1.0,6.25,1.65,-0.03,19.34375,19.3125,18.9375,19.03125,1.3,0.0,30.0,0.0
9.68644,0x386,0.0,0.0,1.0,6.25,1.65,-0.03,19.3125,19.3125,18.9375,18.96875,1.3,0.0,30.0,0.0
9.68691,0x316,0.0,0.0,1.0,6.25,1.65,-0.03,19.3125,19.3125,18.9375,18.96875,1.3,0.0,30.0,0.0
9.6913,0x2B0,0.0,0.0,1.0,6.25,1.65,-0.03,19.3125,19.3125,18.9375,18.96875,1.3,0.0,30.0,0.0
9.6962,0x220,0.0,0.0,1.0,6.25,1.66,-0.03,19.3125,19.3125,18.9375,18.96875,1.3,0.0,30.0,0.0
9.69682,0x316,0.0,0.0,1.0,6.25,1.66,-0.03,19.3125,19.3125,18.9375,18.96875,1.3,0.0,30.0,0.0
9.7013,0x2B0,0.0,0.0,1.0,6.25,1.66,-0.03,19.3125,19.3125,18.9375,18.96875,1.3,0.0,30.0,0.0
9.7062,0x220,0.0,0.0,1.0,6.25,1.63,-0.05,19.3125,19.3125,18.9375,18.96875,1.3,0.0,30.0,0.0
9.70643,0x386,0.0,0.0,1.0,6.25,1.63,-0.05,19.34375,19.34375,18.875,19.03125,1.3,0.0,30.0,0.0
9.70691,0x316,0.0,0.0,1.0,6.25,1.63,-0.05,19.34375,19.34375,18.875,19.03125,1.3,0.0,30.0,0.0
9.71124,0x2B0,0.0,0.0,1.0,6.25,1.63,-0.05,19.34375,19.34375,18.875,19.03125,1.3,0.0,30.0,0.0
9.71621,0x220,0.0,0.0,1.0,6.25,1.59,-0.06,19.34375,19.34375,18.875,19.03125,1.3,0.0,30.0,0.0
9.71695,0x316,0.0,0.0,1.0,6.25,1.59,-0.06,19.34375,19.34375,18.875,19.03125,1.3,0.0,30.0,0.0
9.72124,0x2B0,0.0,0.0,1.0,6.25,1.59,-0.06,19.34375,19.34375,18.875,19.03125,1.3,0.0,30.0,0.0
9.72621,0x220,0.0,0.0,1.0,6.25,1.54,-0.11,19.34375,19.34375,18.875,19.03125,1.3,0.0,30.0,0.0
9.72644,0x386,0.0,0.0,1.0,6.25,1.54,-0.11,19.28125,19.34375,18.75,18.90625,1.3,0.0,30.0,0.0
9.72692,0x316,0.0,0.0,1.0,6.25,1.54,-0.11,19.28125,19.34375,18.75,18.90625,1.3,0.0,30.0,0.0
9.73127,0x2B0,0.0,0.0,1.0,6.25,1.54,-0.11,19.28125,19.34375,18.75,18.90625,1.4,0.0,30.0,0.0
9.73623,0x220,0.0,0.0,1.0,6.25,1.45,-0.17,19.28125,19.34375,18.75,18.90625,1.4,0.0,30.0,0.0
9.73683,0x316,0.0,0.0,1.0,6.25,1.45,-0.17,19.28125,19.34375,18.75,18.90625,1.4,0.0,30.0,0.0
9.74126,0x2B0,0.0,0.0,1.0,6.25,1.45,-0.17,19.28125,19.34375,18.75,18.90625,1.4,0.0,30.0,0.0
9.74621,0x220,0.0,0.0,1.0,6.25,1.34,-0.15,19.28125,19.34375,18.75,18.90625,1.4,0.0,30.0,0.0
9.74644,0x386,0.0,0.0,1.0,6.25,1.34,-0.15,19.3125,19.375,18.78125,18.71875,1.4,0.0,30.0,0.0
9.74692,0x316,0.0,0.0,1.0,6.25,1.34,-0.15,19.3125,19.375,18.78125,18.71875,1.4,0.0,30.0,0.0
9.75131,0x2B0,0.0,0.0,1.0,6.25,1.34,-0.15,19.3125,19.375,18.78125,18.71875,1.4,0.0,30.0,0.0
9.75621,0x220,0.0,0.0,1.0,6.25,1.26,-0.05,19.3125,19.375,18.78125,18.71875,1.4,0.0,30.0,0.0
9.75683,0x316,0.0,0.0,1.0,6.25,1.26,-0.05,19.3125,19.375,18.78125,18.71875,1.4,0.0,33.0,0.0
9.76125,0x2B0,0.0,0.0,1.0,6.25,1.26,-0.05,19.3125,19.375,18.78125,18.71875,1.6,8.0,33.0,0.0
9.76621,0x220,0.0,0.0,1.0,6.25,1.22,0.04,19.3125,19.375,18.78125,18.71875,1.6,8.0,33.0,0.0
9.76644,0x386,0.0,0.0,1.0,6.25,1.22,0.04,19.3125,19.34375,18.6875,18.75,1.6,8.0,33.0,0.0
9.76692,0x316,0.0,0.0,1.0,6.25,1.22,0.04,19.3125,19.34375,18.6875,18.75,1.6,8.0,33.0,0.0
9.77123,0x2B0,0.0,0.0,1.0,6.25,1.22,0.04,19.3125,19.34375,18.6875,18.75,1.6,8.0,33.0,0.0
9.77621,0x220,0.0,0.0,1.0,6.25,1.26,0.08,19.3125,19.34375,18.6875,18.75,1.6,8.0,33.0,0.0
9.77683,0x316,0.0,0.0,1.0,6.25,1.26,0.08,19.3125,19.34375,18.6875,18.75,1.6,8.0,33.0,0.0
9.78124,0x2B0,0.0,0.0,1.0,6.25,1.26,0.08,19.3125,19.34375,18.6875,18.75,1.7,0.0,33.0,0.0
9.7862,0x220,0.0,0.0,1.0,6.25,1.33,0.04,19.3125,19.34375,18.6875,18.75,1.7,0.0,33.0,0.0
9.78643,0x386,0.0,0.0,1.0,6.25,1.33,0.04,19.3125,19.375,18.8125,19.0,1.7,0.0,33.0,0.0
9.78691,0x316,0.0,0.0,1.0,6.25,1.33,0.04,19.3125,19.375,18.8125,19.0,1.7,0.0,33.0,0.0
9.79129,0x2B0,0.0,0.0,1.0,6.25,1.33,0.04,19.3125,19.375,18.8125,19.0,1.7,0.0,33.0,0.0
9.79621,0x220,0.0,0.0,1.0,6.25,1.37,0.05,19.3125,19.375,18.8125,19.0,1.7,0.0,33.0,0.0
9.79684,0x316,0.0,0.0,1.0,6.25,1.37,0.05,19.3125,19.375,18.8125,19.0,1.7,0.0,33.0,0.0
9.80126,0x2B0,0.0,0.0,1.0,6.25,1.37,0.05,19.3125,19.375,18.8125,19.0,1.8,0.0,33.0,0.0
9.8062,0x220,0.0,0.0,1.0,6.25,1.45,0.15,19.3125,19.375,18.8125,19.0,1.8,0.0,33.0,0.0
9.80643,0x386,0.0,0.0,1.0,6.25,1.45,0.15,19.3125,19.3125,18.90625,18.71875,1.8,0.0,33.0,0.0
9.80692,0x316,0.0,0.0,1.0,6.25,1.45,0.15,19.3125,19.3125,18.90625,18.71875,1.8,0.0,33.0,0.0
9.81123,0x2B0,0.0,0.0,1.0,6.25,1.45,0.15,19.3125,19.3125,18.90625,18.71875,1.8,0.0,33.0,0.0
9.81621,0x220,0.0,0.0,1.0,6.25,1.55,0.23,19.3125,19.3125,18.90625,18.71875,1.8,0.0,33.0,0.0
9.81699,0x316,0.0,0.0,1.0,6.25,1.55,0.23,19.3125,19.3125,18.90625,18.71875,1.8,0.0,30.0,0.0
9.82123,0x2B0,0.0,0.0,1.0,6.25,1.55,0.23,19.3125,19.3125,18.90625,18.71875,1.8,0.0,30.0,0.0
9.82621,0x220,0.0,0.0,1.0,6.25,1.63,0.22,19.3125,19.3125,18.90625,18.71875,1.8,0.0,30.0,0.0
9.82644,0x386,0.0,0.0,1.0,6.25,1.63,0.22,19.25,19.25,19.0,18.9375,1.8,0.0,30.0,0.0
9.82691,0x316,0.0,0.0,1.0,6.25,1.63,0.22,19.25,19.25,19.0,18.9375,1.8,0.0,30.0,0.0
9.83124,0x2B0,0.0,0.0,1.0,6.25,1.63,0.22,19.25,19.25,19.0,18.9375,1.8,0.0,30.0,0.0
9.83623,0x220,0.0,0.0,1.0,6.25,1.6,0.12,19.25,19.25,19.0,18.9375,1.8,0.0,30.0,0.0
9.83685,0x316,0.0,0.0,1.0,6.25,1.6,0.12,19.25,19.25,19.0,18.9375,1.8,0.0,28.0,0.0
9.84131,0x2B0,0.0,0.0,1.0,6.25,1.6,0.12,19.25,19.25,19.0,18.9375,1.8,0.0,28.0,0.0
9.84621,0x220,0.0,0.0,1.0,6.25,1.51,0.01,19.25,19.25,19.0,18.9375,1.8,0.0,28.0,0.0
9.84644,0x386,0.0,0.0,1.0,6.25,1.51,0.01,19.21875,19.125,18.9375,19.15625,1.8,0.0,28.0,0.0
9.84692,0x316,0.0,0.0,1.0,6.25,1.51,0.01,19.21875,19.125,18.9375,19.15625,1.8,0.0,28.0,0.0
9.85125,0x2B0,0.0,0.0,1.0,6.25,1.51,0.01,19.21875,19.125,18.9375,19.15625,1.9,0.0,28.0,0.0
9.85621,0x220,0.0,0.0,1.0,6.25,1.36,0.0,19.21875,19.125,18.9375,19.15625,1.9,0.0,28.0,0.0
9.85685,0x316,0.0,0.0,1.0,6.25,1.36,0.0,19.21875,19.125,18.9375,19.15625,1.9,0.0,25.0,0.0
9.86122,0x2B0,0.0,0.0,1.0,6.25,1.36,0.0,19.21875,19.125,18.9375,19.15625,1.9,0.0,25.0,0.0
9.86621,0x220,0.0,0.0,1.0,6.25,1.21,0.04,19.21875,19.125,18.9375,19.15625,1.9,0.0,25.0,0.0
9.86644,0x386,0.0,0.0,1.0,6.25,1.21,0.04,19.15625,19.15625,19.09375,19.0,1.9,0.0,25.0,0.0
9.86692,0x316,0.0,0.0,1.0,6.25,1.21,0.04,19.15625,19.15625,19.09375,19.0,1.9,0.0,25.0,0.0
9.87123,0x2B0,0.0,0.0,1.0,6.25,1.21,0.04,19.15625,19.15625,19.09375,19.0,1.9,0.0,25.0,0.0
9.87622,0x220,0.0,0.0,1.0,6.25,1.11,0.2,19.15625,19.15625,19.09375,19.0,1.9,0.0,25.0,0.0
9.87686,0x316,0.0,0.0,1.0,6.25,1.11,0.2,19.15625,19.15625,19.09375,19.0,1.9,0.0,25.0,0.0
9.8813,0x2B0,0.0,0.0,1.0,6.25,1.11,0.2,19.15625,19.15625,19.09375,19.0,1.9,0.0,25.0,0.0
9.88621,0x220,0.0,0.0,1.0,6.25,1.12,0.33,19.15625,19.15625,19.09375,19.0,1.9,0.0,25.0,0.0
9.88644,0x386,0.0,0.0,1.0,6.25,1.12,0.33,19.1875,19.21875,19.03125,19.09375,1.9,0.0,25.0,0.0
9.88691,0x316,0.0,0.0,1.0,6.25,1.12,0.33,19.1875,19.21875,19.03125,19.09375,1.9,0.0,25.0,0.0
9.89129,0x2B0,0.0,0.0,1.0,6.25,1.12,0.33,19.1875,19.21875,19.03125,19.09375,1.9,0.0,25.0,0.0
9.89622,0x220,0.0,0.0,1.0,6.25,1.2,0.39,19.1875,19.21875,19.03125,19.09375,1.9,0.0,25.0,0.0
9.89687,0x316,0.0,0.0,1.0,6.25,1.2,0.39,19.1875,19.21875,19.03125,19.09375,1.9,0.0,28.0,0.0
9.90125,0x2B0,0.0,0.0,1.0,6.25,1.2,0.39,19.1875,19.21875,19.03125,19.09375,2.0,0.0,28.0,0.0
9.90622,0x220,0.0,0.0,1.0,6.25,1.28,0.37,19.1875,19.21875,19.03125,19.09375,2.0,0.0,28.0,0.0
9.90645,0x386,0.0,0.0,1.0,6.25,1.28,0.37,19.25,19.25,18.9375,19.15625,2.0,0.0,28.0,0.0
9.90693,0x316,0.0,0.0,1.0,6.25,1.28,0.37,19.25,19.25,18.9375,19.15625,2.0,0.0,30.0,0.0
9.91122,0x2B0,0.0,0.0,1.0,6.25,1.28,0.37,19.25,19.25,18.9375,19.15625,2.0,0.0,30.0,0.0
9.91622,0x220,0.0,0.0,1.0,6.25,1.32,0.32,19.25,19.25,18.9375,19.15625,2.0,0.0,30.0,0.0
9.91688,0x316,0.0,0.0,1.0,6.25,1.32,0.32,19.25,19.25,18.9375,19.15625,2.0,0.0,30.0,0.0
9.92122,0x2B0,0.0,0.0,1.0,6.25,1.32,0.32,19.25,19.25,18.9375,19.15625,2.0,0.0,30.0,0.0
9.92621,0x220,0.0,0.0,1.0,6.25,1.32,0.32,19.25,19.25,18.9375,19.15625,2.0,0.0,30.0,0.0
9.92644,0x386,0.0,0.0,1.0,6.25,1.32,0.32,19.28125,19.3125,18.8125,18.9375,2.0,0.0,30.0,0.0
9.92692,0x316,0.0,0.0,1.0,6.25,1.32,0.32,19.28125,19.3125,18.8125,18.9375,2.0,0.0,30.0,0.0
9.93122,0x2B0,0.0,0.0,1.0,6.25,1.32,0.32,19.28125,19.3125,18.8125,18.9375,2.0,0.0,30.0,0.0
9.93623,0x220,0.0,0.0,1.0,6.25,1.24,0.33,19.28125,19.3125,18.8125,18.9375,2.0,0.0,30.0,0.0
9.93688,0x316,0.0,0.0,1.0,6.25,1.24,0.33,19.28125,19.3125,18.8125,18.9375,2.0,0.0,33.0,0.0
9.94122,0x2B0,0.0,0.0,1.0,6.25,1.24,0.33,19.28125,19.3125,18.8125,18.9375,2.0,0.0,33.0,0.0
9.9462,0x220,0.0,0.0,1.0,6.25,1.15,0.37,19.28125,19.3125,18.8125,18.9375,2.0,0.0,33.0,0.0
9.94643,0x386,0.0,0.0,1.0,6.25,1.15,0.37,19.375,19.34375,18.8125,18.9375,2.0,0.0,33.0,0.0
9.94714,0x316,0.0,0.0,1.0,6.25,1.15,0.37,19.375,19.34375,18.8125,18.9375,2.0,0.0,33.0,0.0
9.95122,0x2B0,0.0,0.0,1.0,6.25,1.15,0.37,19.375,19.34375,18.8125,18.9375,2.0,0.0,33.0,0.0
9.95621,0x220,0.0,0.0,1.0,6.25,1.14,0.43,19.375,19.34375,18.8125,18.9375,2.0,0.0,33.0,0.0
9.95689,0x316,0.0,0.0,1.0,6.25,1.14,0.43,19.375,19.34375,18.8125,18.9375,2.0,0.0,33.0,0.0
9.96122,0x2B0,0.0,0.0,1.0,6.25,1.14,0.43,19.375,19.34375,18.8125,18.9375,2.0,0.0,33.0,0.0
9.96622,0x220,0.0,0.0,1.0,6.25,1.23,0.41,19.375,19.34375,18.8125,18.9375,2.0,0.0,33.0,0.0
9.96645,0x386,0.0,0.0,1.0,6.25,1.23,0.41,19.375,19.375,18.6875,19.0625,2.0,0.0,33.0,0.0
9.96692,0x316,0.0,0.0,1.0,6.25,1.23,0.41,19.375,19.375,18.6875,19.0625,2.0,0.0,33.0,0.0
9.97122,0x2B0,0.0,0.0,1.0,6.25,1.23,0.41,19.375,19.375,18.6875,19.0625,2.0,0.0,33.0,0.0
9.97621,0x220,0.0,0.0,1.0,6.25,1.38,0.32,19.375,19.375,18.6875,19.0625,2.0,0.0,33.0,0.0
9.9769,0x316,0.0,0.0,1.0,6.25,1.38,0.32,19.375,19.375,18.6875,19.0625,2.0,0.0,33.0,0.0
9.98128,0x2B0,0.0,0.0,1.0,6.25,1.38,0.32,19.375,19.375,18.6875,19.0625,2.0,0.0,33.0,0.0
9.98621,0x220,0.0,0.0,1.0,6.25,1.54,0.29,19.375,19.375,18.6875,19.0625,2.0,0.0,33.0,0.0
9.98644,0x386,0.0,0.0,1.0,6.25,1.54,0.29,19.4375,19.375,18.625,18.9375,2.0,0.0,33.0,0.0
9.98714,0x316,0.0,0.0,1.0,6.25,1.54,0.29,19.4375,19.375,18.625,18.9375,2.0,0.0,30.0,0.0
9.99125,0x2B0,0.0,0.0,1.0,6.25,1.54,0.29,19.4375,19.375,18.625,18.9375,2.0,0.0,30.0,0.0
9.99621,0x220,0.0,0.0,1.0,6.25,1.64,0.31,19.4375,19.375,18.625,18.9375,2.0,0.0,30.0,0.0
9.9969,0x316,0.0,0.0,1.0,6.25,1.64,0.31,19.4375,19.375,18.625,18.9375,2.0,0.0,30.0,0.0
10.00128,0x2B0,0.0,0.0,1.0,6.25,1.64,0.31,19.4375,19.375,18.625,18.9375,1.8,8.0,30.0,0.0
10.00621,0x220,0.0,0.0,1.0,6.25,1.7,0.3,19.4375,19.375,18.625,18.9375,1.8,8.0,30.0,0.0
10.00644,0x386,0.0,0.0,1.0,6.25,1.7,0.3,19.40625,19.3125,18.65625,18.90625,1.8,8.0,30.0,0.0
10.00715,0x316,0.0,0.0,1.0,6.25,1.7,0.3,19.40625,19.3125,18.65625,18.90625,1.8,8.0,30.0,0.0
10.01129,0x2B0,0.0,0.0,1.0,6.25,1.7,0.3,19.40625,19.3125,18.65625,18.90625,1.8,8.0,30.0,0.0
10.01621,0x220,0.0,0.0,1.0,6.25,1.68,0.23,19.40625,19.3125,18.65625,18.90625,1.8,8.0,30.0,0.0
10.01692,0x316,0.0,0.0,1.0,6.25,1.68,0.23,19.40625,19.3125,18.65625,18.90625,1.8,8.0,28.0,0.0
10.02127,0x2B0,0.0,0.0,1.0,6.25,1.68,0.23,19.40625,19.3125,18.65625,18.90625,1.8,0.0,28.0,0.0
10.02621,0x220,0.0,0.0,1.0,6.25,1.59,0.15,19.40625,19.3125,18.65625,18.90625,1.8,0.0,28.0,0.0
10.02644,0x386,0.0,0.0,1.0,6.25,1.59,0.15,19.34375,19.375,18.8125,18.8125,1.8,0.0,28.0,0.0
10.02715,0x316,0.0,0.0,1.0,6.25,1.59,0.15,19.34375,19.375,18.8125,18.8125,1.8,0.0,28.0,0.0
10.03127,0x2B0,0.0,0.0,1.0,6.25,1.59,0.15,19.34375,19.375,18.8125,18.8125,1.8,0.0,28.0,0.0
10.03624,0x220,0.0,0.0,1.0,6.25,1.49,0.13,19.34375,19.375,18.8125,18.8125,1.8,0.0,28.0,0.0
10.03691,0x316,0.0,0.0,1.0,6.25,1.49,0.13,19.34375,19.375,18.8125,18.8125,1.8,0.0,28.0,0.0
10.04127,0x2B0,0.0,0.0,1.0,6.25,1.49,0.13,19.34375,19.375,18.8125,18.8125,1.8,0.0,28.0,0.0
10.04622,0x220,0.0,0.0,1.0,6.25,1.46,0.12,19.34375,19.375,18.8125,18.8125,1.8,0.0,28.0,0.0
10.04644,0x386,0.0,0.0,1.0,6.25,1.46,0.12,19.3125,19.34375,18.75,18.78125,1.8,0.0,28.0,0.0
10.04715,0x316,0.0,0.0,1.0,6.25,1.46,0.12,19.3125,19.34375,18.75,18.78125,1.8,0.0,28.0,0.0
10.05125,0x2B0,0.0,0.0,1.0,6.25,1.46,0.12,19.3125,19.34375,18.75,18.78125,1.8,0.0,28.0,0.0
10.05622,0x220,0.0,0.0,1.0,6.25,1.53,0.09,19.3125,19.34375,18.75,18.78125,1.8,0.0,28.0,0.0
10.05692,0x316,0.0,0.0,1.0,6.25,1.53,0.09,19.3125,19.34375,18.75,18.78125,1.8,0.0,28.0,0.0
10.06127,0x2B0,0.0,0.0,1.0,6.25,1.53,0.09,19.3125,19.34375,18.75,18.78125,1.8,0.0,28.0,0.0
10.06623,0x220,0.0,0.0,1.0,6.25,1.61,0.02,19.3125,19.34375,18.75,18.78125,1.8,0.0,28.0,0.0
10.06645,0x386,0.0,0.0,1.0,6.25,1.61,0.02,19.28125,19.375,18.78125,19.0,1.8,0.0,28.0,0.0
10.06717,0x316,0.0,0.0,1.0,6.25,1.61,0.02,19.28125,19.375,18.78125,19.0,1.8,0.0,28.0,0.0
10.07126,0x2B0,0.0,0.0,1.0,6.25,1.61,0.02,19.28125,19.375,18.78125,19.0,1.8,0.0,28.0,0.0
10.07621,0x220,0.0,0.0,1.0,6.25,1.69,0.0,19.28125,19.375,18.78125,19.0,1.8,0.0,28.0,0.0
10.07693,0x316,0.0,0.0,1.0,6.25,1.69,0.0,19.28125,19.375,18.78125,19.0,1.8,0.0,28.0,0.0
10.08126,0x2B0,0.0,0.0,1.0,6.25,1.69,0.0,19.28125,19.375,18.78125,19.0,1.8,0.0,28.0,0.0
10.08621,0x220,0.0,0.0,1.0,6.25,1.78,0.0,19.28125,19.375,18.78125,19.0,1.8,0.0,28.0,0.0
10.08644,0x386,0.0,0.0,1.0,6.25,1.78,0.0,19.28125,19.3125,18.78125,18.90625,1.8,0.0,28.0,0.0
10.08714,0x316,0.0,0.0,1.0,6.25,1.78,0.0,19.28125,19.3125,18.78125,18.90625,1.8,0.0,28.0,0.0
10.09127,0x2B0,0.0,0.0,1.0,6.25,1.78,0.0,19.28125,19.3125,18.78125,18.90625,1.8,0.0,28.0,0.0
10.09622,0x220,0.0,0.0,1.0,6.25,1.82,-0.03,19.28125,19.3125,18.78125,18.90625,1.8,0.0,28.0,0.0
10.09694,0x316,0.0,0.0,1.0,6.25,1.82,-0.03,19.28125,19.3125,18.78125,18.90625,1.8,0.0,28.0,0.0
10.10126,0x2B0,0.0,0.0,1.0,6.25,1.82,-0.03,19.28125,19.3125,18.78125,18.90625,1.8,0.0,28.0,0.0
10.10621,0x220,0.0,0.0,1.0,6.25,1.8,0.0,19.28125,19.3125,18.78125,18.90625,1.8,0.0,28.0,0.0
10.10643,0x386,0.0,0.0,1.0,6.25,1.8,0.0,19.28125,19.34375,18.78125,18.84375,1.8,0.0,28.0,0.0
10.10715,0x316,0.0,0.0,1.0,6.25,1.8,0.0,19.28125,19.34375,18.78125,18.84375,1.8,0.0,28.0,0.0
10.11125,0x2B0,0.0,0.0,1.0,6.25,1.8,0.0,19.28125,19.34375,18.78125,18.84375,1.8,0.0,28.0,0.0
10.11622,0x220,0.0,0.0,1.0,6.25,1.8,0.03,19.28125,19.34375,18.78125,18.84375,1.8,0.0,28.0,0.0
10.11696,0x316,0.0,0.0,1.0,6.25,1.8,0.03,19.28125,19.34375,18.78125,18.84375,1.8,0.0,28.0,0.0
10.12126,0x2B0,0.0,0.0,1.0,6.25,1.8,0.03,19.28125,19.34375,18.78125,18.84375,1.8,0.0,28.0,0.0
10.12621,0x220,0.0,0.0,1.0,6.25,1.74,0.0,19.28125,19.34375,18.78125,18.84375,1.8,0.0,28.0,0.0
10.12643,0x386,0.0,0.0,1.0,6.25,1.74,0.0,19.125,19.25,18.875,18.875,1.8,0.0,28.0,0.0
10.12715,0x316,0.0,0.0,1.0,6.25,1.74,0.0,19.125,19.25,18.875,18.875,1.8,0.0,28.0,0.0
10.13126,0x2B0,0.0,0.0,1.0,6.25,1.74,0.0,19.125,19.25,18.875,18.875,1.8,0.0,28.0,0.0
10.13624,0x220,0.0,0.0,1.0,6.25,1.59,-0.02,19.125,19.25,18.875,18.875,1.8,0.0,28.0,0.0
10.13695,0x316,0.0,0.0,1.0,6.25,1.59,-0.02,19.125,19.25,18.875,18.875,1.8,0.0,25.0,0.0
10.14125,0x2B0,0.0,0.0,1.0,6.25,1.59,-0.02,19.125,19.25,18.875,18.875,1.8,0.0,25.0,0.0
10.14621,0x220,0.0,0.0,1.0,6.25,1.53,0.0,19.125,19.25,18.875,18.875,1.8,0.0,25.0,0.0
10.14644,0x386,0.0,0.0,1.0,6.25,1.53,0.0,19.21875,19.28125,18.8125,18.8125,1.8,0.0,25.0,0.0
10.14716,0x316,0.0,0.0,1.0,6.25,1.53,0.0,19.21875,19.28125,18.8125,18.8125,1.8,0.0,25.0,0.0
10.15126,0x2B0,0.0,0.0,1.0,6.25,1.53,0.0,19.21875,19.28125,18.8125,18.8125,1.8,0.0,25.0,0.0
10.15622,0x220,0.0,0.0,1.0,6.25,1.59,0.0,19.21875,19.28125,18.8125,18.8125,1.8,0.0,25.0,0.0
10.15695,0x316,0.0,0.0,1.0,6.25,1.59,0.0,19.21875,19.28125,18.8125,18.8125,1.8,0.0,25.0,0.0
10.16126,0x2B0,0.0,0.0,1.0,6.25,1.59,0.0,19.21875,19.28125,18.8125,18.8125,1.8,0.0,25.0,0.0
10.16622,0x220,0.0,0.0,1.0,6.25,1.64,-0.01,19.21875,19.28125,18.8125,18.8125,1.8,0.0,25.0,0.0
10.16645,0x386,0.0,0.0,1.0,6.25,1.64,-0.01,19.09375,19.25,18.84375,18.875,1.8,0.0,25.0,0.0
10.16716,0x316,0.0,0.0,1.0,6.25,1.64,-0.01,19.09375,19.25,18.84375,18.875,1.8,0.0,28.0,0.0
10.17126,0x2B0,0.0,0.0,1.0,6.25,1.64,-0.01,19.09375,19.25,18.84375,18.875,1.8,0.0,28.0,0.0
10.17622,0x220,0.0,0.0,1.0,6.25,1.66,-0.04,19.09375,19.25,18.84375,18.875,1.8,0.0,28.0,0.0
10.17696,0x316,0.0,0.0,1.0,6.25,1.66,-0.04,19.09375,19.25,18.84375,18.875,1.8,0.0,28.0,0.0
10.18126,0x2B0,0.0,0.0,1.0,6.25,1.66,-0.04,19.09375,19.25,18.84375,18.875,1.8,0.0,28.0,0.0
10.18622,0x220,0.0,0.0,1.0,6.25,1.64,-0.02,19.09375,19.25,18.84375,18.875,1.8,0.0,28.0,0.0
10.18644,0x386,0.0,0.0,1.0,6.25,1.64,-0.02,19.28125,19.125,18.90625,18.9375,1.8,0.0,28.0,0.0
10.18715,0x316,0.0,0.0,1.0,6.25,1.64,-0.02,19.28125,19.125,18.90625,18.9375,1.8,0.0,30.0,0.0
10.19125,0x2B0,0.0,0.0,1.0,6.25,1.64,-0.02,19.28125,19.125,18.90625,18.9375,1.8,0.0,30.0,0.0
10.19623,0x220,0.0,0.0,1.0,6.25,1.57,0.0,19.28125,19.125,18.90625,18.9375,1.8,0.0,30.0,0.0
10.19697,0x316,0.0,0.0,1.0,6.25,1.57,0.0,19.28125,19.125,18.90625,18.9375,1.8,0.0,33.0,0.0
10.20119,0x2B0,0.0,0.0,1.0,6.25,1.57,0.0,19.28125,19.125,18.90625,18.9375,1.8,0.0,33.0,0.0
10.20622,0x220,0.0,0.0,1.0,6.25,1.48,0.0,19.28125,19.125,18.90625,18.9375,1.8,0.0,33.0,0.0
10.20645,0x386,0.0,0.0,1.0,6.25,1.48,0.0,19.125,19.15625,18.90625,18.96875,1.8,0.0,33.0,0.0
10.20716,0x316,0.0,0.0,1.0,6.25,1.48,0.0,19.125,19.15625,18.90625,18.96875,1.8,0.0,33.0,0.0
10.2112,0x2B0,0.0,0.0,1.0,6.25,1.48,0.0,19.125,19.15625,18.90625,18.96875,1.8,0.0,33.0,0.0
10.21622,0x220,0.0,0.0,1.0,6.25,1.37,-0.11,19.125,19.15625,18.90625,18.96875,1.8,0.0,33.0,0.0
10.21698,0x316,0.0,0.0,1.0,6.25,1.37,-0.11,19.125,19.15625,18.90625,18.96875,1.8,0.0,33.0,0.0
10.2212,0x2B0,0.0,0.0,1.0,6.25,1.37,-0.11,19.125,19.15625,18.90625,18.96875,1.8,0.0,33.0,0.0
10.22622,0x220,0.0,0.0,1.0,6.25,1.25,-0.17,19.125,19.15625,18.90625,18.96875,1.8,0.0,33.0,0.0
10.22645,0x386,0.0,0.0,1.0,6.25,1.25,-0.17,19.3125,19.25,18.8125,18.90625,1.8,0.0,33.0,0.0
10.22716,0x316,0.0,0.0,1.0,6.25,1.25,-0.17,19.3125,19.25,18.8125,18.90625,1.8,0.0,33.0,0.0
10.2312,0x2B0,0.0,0.0,1.0,6.25,1.25,-0.17,19.3125,19.25,18.8125,18.90625,1.8,0.0,33.0,0.0
10.23623,0x220,0.0,0.0,1.0,6.25,1.24,-0.03,19.3125,19.25,18.8125,18.90625,1.8,0.0,33.0,0.0
10.23699,0x316,0.0,0.0,1.0,6.25,1.24,-0.03,19.3125,19.25,18.8125,18.90625,1.8,0.0,33.0,0.0
10.24118,0x2B0,0.0,0.0,1.0,6.25,1.24,-0.03,19.3125,19.25,18.8125,18.90625,1.8,0.0,33.0,0.0
10.24622,0x220,0.0,0.0,1.0,6.25,1.44,0.1,19.3125,19.25,18.8125,18.90625,1.8,0.0,33.0,0.0
10.24644,0x386,0.0,0.0,1.0,6.25,1.44,0.1,19.3125,19.34375,18.75,18.90625,1.8,0.0,33.0,0.0
10.24715,0x316,0.0,0.0,1.0,6.25,1.44,0.1,19.3125,19.34375,18.75,18.90625,1.8,0.0,33.0,0.0
10.25121,0x2B0,0.0,0.0,1.0,6.25,1.44,0.1,19.3125,19.34375,18.75,18.90625,1.8,0.0,33.0,0.0
10.25622,0x220,0.0,0.0,1.0,6.25,1.71,0.05,19.3125,19.34375,18.75,18.90625,1.8,0.0,33.0,0.0
10.257,0x316,0.0,0.0,1.0,6.25,1.71,0.05,19.3125,19.34375,18.75,18.90625,1.8,0.0,33.0,0.0
10.26125,0x2B0,0.0,0.0,1.0,6.25,1.71,0.05,19.3125,19.34375,18.75,18.90625,1.8,0.0,33.0,0.0
10.26623,0x220,0.0,0.0,1.0,6.25,1.85,-0.02,19.3125,19.34375,18.75,18.90625,1.8,0.0,33.0,0.0
10.26645,0x386,0.0,0.0,1.0,6.25,1.85,-0.02,19.3125,19.28125,18.71875,18.9375,1.8,0.0,33.0,0.0
10.26717,0x316,0.0,0.0,1.0,6.25,1.85,-0.02,19.3125,19.28125,18.71875,18.9375,1.8,0.0,33.0,0.0
10.27125,0x2B0,0.0,0.0,1.0,6.25,1.85,-0.02,19.3125,19.28125,18.71875,18.9375,1.8,0.0,33.0,0.0
10.27622,0x220,0.0,0.0,1.0,6.25,1.82,0.03,19.3125,19.28125,18.71875,18.9375,1.8,0.0,33.0,0.0
10.277,0x316,0.0,0.0,1.0,6.25,1.82,0.03,19.3125,19.28125,18.71875,18.9375,1.8,0.0,33.0,0.0
10.28125,0x2B0,0.0,0.0,1.0,6.25,1.82,0.03,19.3125,19.28125,18.71875,18.9375,1.8,0.0,33.0,0.0
10.28621,0x220,0.0,0.0,1.0,6.25,1.62,0.22,19.3125,19.28125,18.71875,18.9375,1.8,0.0,33.0,0.0
10.28644,0x386,0.0,0.0,1.0,6.25,1.62,0.22,19.34375,19.3125,18.75,18.90625,1.8,0.0,33.0,0.0
10.28716,0x316,0.0,0.0,1.0,6.25,1.62,0.22,19.34375,19.3125,18.75,18.90625,1.8,0.0,33.0,0.0
10.29123,0x2B0,0.0,0.0,1.0,6.25,1.62,0.22,19.34375,19.3125,18.75,18.90625,1.8,0.0,33.0,0.0
10.29622,0x220,0.0,0.0,1.0,6.25,1.36,0.25,19.34375,19.3125,18.75,18.90625,1.8,0.0,33.0,0.0
10.29674,0x316,0.0,0.0,1.0,6.25,1.36,0.25,19.34375,19.3125,18.75,18.90625,1.8,0.0,33.0,0.0
10.30121,0x2B0,0.0,0.0,1.0,6.25,1.36,0.25,19.34375,19.3125,18.75,18.90625,1.7,0.0,33.0,0.0
10.30622,0x220,0.0,0.0,1.0,6.25,1.11,0.11,19.34375,19.3125,18.75,18.90625,1.7,0.0,33.0,0.0
10.30645,0x386,0.0,0.0,1.0,6.25,1.11,0.11,19.375,19.40625,18.71875,18.875,1.7,0.0,33.0,0.0
10.30716,0x316,0.0,0.0,1.0,6.25,1.11,0.11,19.375,19.40625,18.71875,18.875,1.7,0.0,33.0,0.0
10.31123,0x2B0,0.0,0.0,1.0,6.25,1.11,0.11,19.375,19.40625,18.71875,18.875,1.7,0.0,33.0,0.0
10.31623,0x220,0.0,0.0,1.0,6.25,0.96,0.0,19.375,19.40625,18.71875,18.875,1.7,0.0,33.0,0.0
10.31705,0x316,0.0,0.0,1.0,6.25,0.96,0.0,19.375,19.40625,18.71875,18.875,1.7,0.0,33.0,0.0
10.32122,0x2B0,0.0,0.0,1.0,6.25,0.96,0.0,19.375,19.40625,18.71875,18.875,1.7,0.0,33.0,0.0
10.32622,0x220,0.0,0.0,1.0,6.25,1.08,0.05,19.375,19.40625,18.71875,18.875,1.7,0.0,33.0,0.0
10.32645,0x386,0.0,0.0,1.0,6.25,1.08,0.05,19.34375,19.3125,18.625,18.90625,1.7,0.0,33.0,0.0
10.32716,0x316,0.0,0.0,1.0,6.25,1.08,0.05,19.34375,19.3125,18.625,18.90625,1.7,0.0,33.0,0.0
10.33122,0x2B0,0.0,0.0,1.0,6.25,1.08,0.05,19.34375,19.3125,18.625,18.90625,1.7,0.0,33.0,0.0
10.33624,0x220,0.0,0.0,1.0,6.25,1.39,0.2,19.34375,19.3125,18.625,18.90625,1.7,0.0,33.0,0.0
10.33674,0x316,0.0,0.0,1.0,6.25,1.39,0.2,19.34375,19.3125,18.625,18.90625,1.7,0.0,33.0,0.0
10.34122,0x2B0,0.0,0.0,1.0,6.25,1.39,0.2,19.34375,19.3125,18.625,18.90625,1.6,0.0,33.0,0.0
10.34622,0x220,0.0,0.0,1.0,6.25,1.66,0.34,19.34375,19.3125,18.625,18.90625,1.6,0.0,33.0,0.0
10.34645,0x386,0.0,0.0,1.0,6.25,1.66,0.34,19.3125,19.4375,18.625,18.96875,1.6,0.0,33.0,0.0
10.34716,0x316,0.0,0.0,1.0,6.25,1.66,0.34,19.3125,19.4375,18.625,18.96875,1.6,0.0,33.0,0.0
10.35119,0x2B0,0.0,0.0,1.0,6.25,1.66,0.34,19.3125,19.4375,18.625,18.96875,1.6,0.0,33.0,0.0
10.35623,0x220,0.0,0.0,1.0,6.25,1.72,0.35,19.3125,19.4375,18.625,18.96875,1.6,0.0,33.0,0.0
10.35703,0x316,0.0,0.0,1.0,6.25,1.72,0.35,19.3125,19.4375,18.625,18.96875,1.6,0.0,33.0,0.0
10.36117,0x2B0,0.0,0.0,1.0,6.25,1.72,0.35,19.3125,19.4375,18.625,18.96875,1.6,0.0,33.0,0.0
10.36623,0x220,0.0,0.0,1.0,6.25,1.48,0.25,19.3125,19.4375,18.625,18.96875,1.6,0.0,33.0,0.0
10.36646,0x386,0.0,0.0,1.0,6.25,1.48,0.25,19.46875,19.25,18.875,18.90625,1.6,0.0,33.0,0.0
10.3667,0x316,0.0,0.0,1.0,6.25,1.48,0.25,19.46875,19.25,18.875,18.90625,1.6,0.0,30.0,0.0
10.37116,0x2B0,0.0,0.0,1.0,6.25,1.48,0.25,19.46875,19.25,18.875,18.90625,1.6,0.0,30.0,0.0
10.37623,0x220,0.0,0.0,1.0,6.25,1.11,0.24,19.46875,19.25,18.875,18.90625,1.6,0.0,30.0,0.0
10.37672,0x316,0.0,0.0,1.0,6.25,1.11,0.24,19.46875,19.25,18.875,18.90625,1.6,0.0,30.0,0.0
10.38117,0x2B0,0.0,0.0,1.0,6.25,1.11,0.24,19.46875,19.25,18.875,18.90625,1.6,0.0,30.0,0.0
10.38622,0x220,0.0,0.0,1.0,6.25,0.8,0.26,19.46875,19.25,18.875,18.90625,1.6,0.0,30.0,0.0
10.38645,0x386,0.0,0.0,1.0,6.25,0.8,0.26,19.25,19.40625,18.8125,18.8125,1.6,0.0,30.0,0.0
10.38716,0x316,0.0,0.0,1.0,6.25,0.8,0.26,19.25,19.40625,18.8125,18.8125,1.6,0.0,28.0,0.0
10.39117,0x2B0,0.0,0.0,1.0,6.25,0.8,0.26,19.25,19.40625,18.8125,18.8125,1.6,0.0,28.0,0.0
10.39622,0x220,0.0,0.0,1.0,6.25,0.7,0.1,19.25,19.40625,18.8125,18.8125,1.6,0.0,28.0,0.0
10.39678,0x316,0.0,0.0,1.0,6.25,0.7,0.1,19.25,19.40625,18.8125,18.8125,1.6,0.0,28.0,0.0
10.40117,0x2B0,0.0,0.0,1.0,6.25,0.7,0.1,19.25,19.40625,18.8125,18.8125,1.6,0.0,28.0,0.0
10.40622,0x220,0.0,0.0,1.0,6.25,0.81,-0.07,19.25,19.40625,18.8125,18.8125,1.6,0.0,28.0,0.0
10.40645,0x386,0.0,0.0,1.0,6.25,0.81,-0.07,19.375,19.28125,18.875,18.875,1.6,0.0,28.0,0.0
10.40716,0x316,0.0,0.0,1.0,6.25,0.81,-0.07,19.375,19.28125,18.875,18.875,1.6,0.0,28.0,0.0
10.41119,0x2B0,0.0,0.0,1.0,6.25,0.81,-0.07,19.375,19.28125,18.875,18.875,1.6,0.0,28.0,0.0
10.41622,0x220,0.0,0.0,1.0,6.25,0.99,0.0,19.375,19.28125,18.875,18.875,1.6,0.0,28.0,0.0
10.41704,0x316,0.0,0.0,1.0,6.25,0.99,0.0,19.375,19.28125,18.875,18.875,1.6,0.0,28.0,0.0
10.42125,0x2B0,0.0,0.0,1.0,6.25,0.99,0.0,19.375,19.28125,18.875,18.875,1.6,0.0,28.0,0.0
10.42622,0x220,0.0,0.0,1.0,6.25,1.28,0.31,19.375,19.28125,18.875,18.875,1.6,0.0,28.0,0.0
10.42644,0x386,0.0,0.0,1.0,6.25,1.28,0.31,19.21875,19.25,18.9375,18.875,1.6,0.0,28.0,0.0
10.42715,0x316,0.0,0.0,1.0,6.25,1.28,0.31,19.21875,19.25,18.9375,18.875,1.6,0.0,28.0,0.0
10.43122,0x2B0,0.0,0.0,1.0,6.25,1.28,0.31,19.21875,19.25,18.9375,18.875,1.6,0.0,28.0,0.0
10.43625,0x220,0.0,0.0,1.0,6.25,1.62,0.46,19.21875,19.25,18.9375,18.875,1.6,0.0,28.0,0.0
10.43705,0x316,0.0,0.0,1.0,6.25,1.62,0.46,19.21875,19.25,18.9375,18.875,1.6,0.0,28.0,0.0
10.44118,0x2B0,0.0,0.0,1.0,6.25,1.62,0.46,19.21875,19.25,18.9375,18.875,1.7,0.0,28.0,0.0
10.44622,0x220,0.0,0.0,1.0,6.25,1.78,0.13,19.21875,19.25,18.9375,18.875,1.7,0.0,28.0,0.0
10.44644,0x386,0.0,0.0,1.0,6.25,1.78,0.13,19.25,19.3125,18.875,18.84375,1.7,0.0,28.0,0.0
10.44715,0x316,0.0,0.0,1.0,6.25,1.78,0.13,19.25,19.3125,18.875,18.84375,1.7,0.0,28.0,0.0
10.45116,0x2B0,0.0,0.0,1.0,6.25,1.78,0.13,19.25,19.3125,18.875,18.84375,1.7,0.0,28.0,0.0
10.45622,0x220,0.0,0.0,1.0,6.25,1.62,-0.34,19.25,19.3125,18.875,18.84375,1.7,0.0,28.0,0.0
10.45675,0x316,0.0,0.0,1.0,6.25,1.62,-0.34,19.25,19.3125,18.875,18.84375,1.7,0.0,28.0,0.0
10.46115,0x2B0,0.0,0.0,1.0,6.25,1.62,-0.34,19.25,19.3125,18.875,18.84375,1.7,0.0,28.0,0.0
10.46623,0x220,0.0,0.0,1.0,6.25,1.27,-0.46,19.25,19.3125,18.875,18.84375,1.7,0.0,28.0,0.0
10.46646,0x386,0.0,0.0,1.0,6.25,1.27,-0.46,19.21875,19.34375,18.90625,18.9375,1.7,0.0,28.0,0.0
10.46717,0x316,0.0,0.0,1.0,6.25,1.27,-0.46,19.21875,19.34375,18.90625,18.9375,1.7,0.0,28.0,0.0
10.47116,0x2B0,0.0,0.0,1.0,6.25,1.27,-0.46,19.21875,19.34375,18.90625,18.9375,1.7,0.0,28.0,0.0
10.47622,0x220,0.0,0.0,1.0,6.25,1.08,-0.18,19.21875,19.34375,18.90625,18.9375,1.7,0.0,28.0,0.0
10.47679,0x316,0.0,0.0,1.0,6.25,1.08,-0.18,19.21875,19.34375,18.90625,18.9375,1.7,0.0,28.0,0.0
10.48122,0x2B0,0.0,0.0,1.0,6.25,1.08,-0.18,19.21875,19.34375,18.90625,18.9375,1.7,0.0,28.0,0.0
10.48623,0x220,0.0,0.0,1.0,6.25,1.18,0.04,19.21875,19.34375,18.90625,18.9375,1.7,0.0,28.0,0.0
10.48646,0x386,0.0,0.0,1.0,6.25,1.18,0.04,19.1875,19.25,18.9375,18.96875,1.7,0.0,28.0,0.0
10.4867,0x316,0.0,0.0,1.0,6.25,1.18,0.04,19.1875,19.25,18.9375,18.96875,1.7,0.0,28.0,0.0
10.49122,0x2B0,0.0,0.0,1.0,6.25,1.18,0.04,19.1875,19.25,18.9375,18.96875,1.6,0.0,28.0,0.0
10.49623,0x220,0.0,0.0,1.0,6.25,1.47,0.02,19.1875,19.25,18.9375,18.96875,1.6,0.0,28.0,0.0
10.49671,0x316,0.0,0.0,1.0,6.25,1.47,0.02,19.1875,19.25,18.9375,18.96875,1.6,0.0,28.0,0.0
10.50124,0x2B0,0.0,0.0,1.0,6.25,1.47,0.02,19.1875,19.25,18.9375,18.96875,1.6,0.0,28.0,0.0
10.50623,0x220,0.0,0.0,1.0,6.25,1.76,-0.03,19.1875,19.25,18.9375,18.96875,1.6,0.0,28.0,0.0
10.50646,0x386,0.0,0.0,1.0,6.25,1.76,-0.03,19.25,19.21875,18.875,18.90625,1.6,0.0,28.0,0.0
10.50717,0x316,0.0,0.0,1.0,6.25,1.76,-0.03,19.25,19.21875,18.875,18.90625,1.6,0.0,28.0,0.0
10.51123,0x2B0,0.0,0.0,1.0,6.25,1.76,-0.03,19.25,19.21875,18.875,18.90625,1.6,0.0,28.0,0.0
10.51623,0x220,0.0,0.0,1.0,6.25,1.94,0.06,19.25,19.21875,18.875,18.90625,1.6,0.0,28.0,0.0
10.51708,0x316,0.0,0.0,1.0,6.25,1.94,0.06,19.25,19.21875,18.875,18.90625,1.6,0.0,28.0,0.0
10.52123,0x2B0,0.0,0.0,1.0,6.25,1.94,0.06,19.25,19.21875,18.875,18.90625,1.5,0.0,28.0,0.0
10.52623,0x220,0.0,0.0,1.0,6.25,1.95,0.17,19.25,19.21875,18.875,18.90625,1.5,0.0,28.0,0.0
10.52646,0x386,0.0,0.0,1.0,6.25,1.95,0.17,19.25,19.25,18.9375,18.96875,1.5,0.0,28.0,0.0
10.5267,0x316,0.0,0.0,1.0,6.25,1.95,0.17,19.25,19.25,18.9375,18.96875,1.5,0.0,28.0,0.0
10.53123,0x2B0,0.0,0.0,1.0,6.25,1.95,0.17,19.25,19.25,18.9375,18.96875,1.5,0.0,28.0,0.0
10.53625,0x220,0.0,0.0,1.0,6.25,1.71,0.02,19.25,19.25,18.9375,18.96875,1.5,0.0,28.0,0.0
10.53674,0x316,0.0,0.0,1.0,6.25,1.71,0.02,19.25,19.25,18.9375,18.96875,1.5,0.0,28.0,0.0
10.54125,0x2B0,0.0,0.0,1.0,6.25,1.71,0.02,19.25,19.25,18.9375,18.96875,1.4,0.0,28.0,0.0
10.54623,0x220,0.0,0.0,1.0,6.25,1.31,-0.18,19.25,19.25,18.9375,18.96875,1.4,0.0,28.0,0.0
10.54646,0x386,0.0,0.0,1.0,6.25,1.31,-0.18,19.28125,19.25,18.84375,18.96875,1.4,0.0,28.0,0.0
10.54717,0x316,0.0,0.0,1.0,6.25,1.31,-0.18,19.28125,19.25,18.84375,18.96875,1.4,0.0,30.0,0.0
10.55118,0x2B0,0.0,0.0,1.0,6.25,1.31,-0.18,19.28125,19.25,18.84375,18.96875,1.4,0.0,30.0,0.0
10.55622,0x220,0.0,0.0,1.0,6.25,1.05,-0.23,19.28125,19.25,18.84375,18.96875,1.4,0.0,30.0,0.0
10.5571,0x316,0.0,0.0,1.0,6.25,1.05,-0.23,19.28125,19.25,18.84375,18.96875,1.4,0.0,30.0,0.0
10.56122,0x2B0,0.0,0.0,1.0,6.25,1.05,-0.23,19.28125,19.25,18.84375,18.96875,1.4,0.0,30.0,0.0
10.56623,0x220,0.0,0.0,1.0,6.25,1.05,-0.09,19.28125,19.25,18.84375,18.96875,1.4,0.0,30.0,0.0
10.56646,0x386,0.0,0.0,1.0,6.25,1.05,-0.09,19.25,19.34375,18.8125,18.90625,1.4,0.0,30.0,0.0
10.5667,0x316,0.0,0.0,1.0,6.25,1.05,-0.09,19.25,19.34375,18.8125,18.90625,1.4,0.0,30.0,0.0
10.57124,0x2B0,0.0,0.0,1.0,6.25,1.05,-0.09,19.25,19.34375,18.8125,18.90625,1.4,0.0,30.0,0.0
10.57623,0x220,0.0,0.0,1.0,6.25,1.38,0.03,19.25,19.34375,18.8125,18.90625,1.4,0.0,30.0,0.0
10.57677,0x316,0.0,0.0,1.0,6.25,1.38,0.03,19.25,19.34375,18.8125,18.90625,1.4,0.0,30.0,0.0
10.58123,0x2B0,0.0,0.0,1.0,6.25,1.38,0.03,19.25,19.34375,18.8125,18.90625,1.4,0.0,30.0,0.0
10.58623,0x220,0.0,0.0,1.0,6.25,1.78,0.06,19.25,19.34375,18.8125,18.90625,1.4,0.0,30.0,0.0
10.58646,0x386,0.0,0.0,1.0,6.25,1.78,0.06,19.21875,19.34375,18.78125,18.9375,1.4,0.0,30.0,0.0
10.58717,0x316,0.0,0.0,1.0,6.25,1.78,0.06,19.21875,19.34375,18.78125,18.9375,1.4,0.0,30.0,0.0
10.59124,0x2B0,0.0,0.0,1.0,6.25,1.78,0.06,19.21875,19.34375,18.78125,18.9375,1.4,0.0,30.0,0.0
10.59623,0x220,0.0,0.0,1.0,6.25,1.92,0.08,19.21875,19.34375,18.78125,18.9375,1.4,0.0,30.0,0.0
10.59711,0x316,0.0,0.0,1.0,6.25,1.92,0.08,19.21875,19.34375,18.78125,18.9375,1.4,0.0,30.0,0.0
10.60123,0x2B0,0.0,0.0,1.0,6.25,1.92,0.08,19.21875,19.34375,18.78125,18.9375,1.4,0.0,30.0,0.0
10.60622,0x220,0.0,0.0,1.0,6.25,1.8,0.25,19.21875,19.34375,18.78125,18.9375,1.4,0.0,30.0,0.0
10.60645,0x386,0.0,0.0,1.0,6.25,1.8,0.25,19.46875,19.3125,18.71875,18.90625,1.4,0.0,30.0,0.0
10.60716,0x316,0.0,0.0,1.0,6.25,1.8,0.25,19.46875,19.3125,18.71875,18.90625,1.4,0.0,30.0,0.0
10.61123,0x2B0,0.0,0.0,1.0,6.25,1.8,0.25,19.46875,19.3125,18.71875,18.90625,1.4,0.0,30.0,0.0
10.61623,0x220,0.0,0.0,1.0,6.25,1.53,0.41,19.46875,19.3125,18.71875,18.90625,1.4,0.0,30.0,0.0
10.61712,0x316,0.0,0.0,1.0,6.25,1.53,0.41,19.46875,19.3125,18.71875,18.90625,1.4,0.0,30.0,0.0
10.62123,0x2B0,0.0,0.0,1.0,6.25,1.53,0.41,19.46875,19.3125,18.71875,18.90625,1.3,0.0,30.0,0.0
10.62623,0x220,0.0,0.0,1.0,6.25,1.24,0.29,19.46875,19.3125,18.71875,18.90625,1.3,0.0,30.0,0.0
10.62645,0x386,0.0,0.0,1.0,6.25,1.24,0.29,19.4375,19.25,18.78125,19.0,1.3,0.0,30.0,0.0
10.62669,0x316,0.0,0.0,1.0,6.25,1.24,0.29,19.4375,19.25,18.78125,19.0,1.3,0.0,30.0,0.0
10.63118,0x2B0,0.0,0.0,1.0,6.25,1.24,0.29,19.4375,19.25,18.78125,19.0,1.3,0.0,30.0,0.0
10.63625,0x220,0.0,0.0,1.0,6.25,1.01,-0.02,19.4375,19.25,18.78125,19.0,1.3,0.0,30.0,0.0
10.63712,0x316,0.0,0.0,1.0,6.25,1.01,-0.02,19.4375,19.25,18.78125,19.0,1.3,0.0,30.0,0.0
10.64118,0x2B0,0.0,0.0,1.0,6.25,1.01,-0.02,19.4375,19.25,18.78125,19.0,1.3,0.0,30.0,0.0
10.64623,0x220,0.0,0.0,1.0,6.25,0.88,-0.21,19.4375,19.25,18.78125,19.0,1.3,0.0,30.0,0.0
10.64646,0x386,0.0,0.0,1.0,6.25,0.88,-0.21,19.40625,19.34375,18.75,18.9375,1.3,0.0,30.0,0.0
10.64717,0x316,0.0,0.0,1.0,6.25,0.88,-0.21,19.40625,19.34375,18.75,18.9375,1.3,0.0,30.0,0.0
10.65118,0x2B0,0.0,0.0,1.0,6.25,0.88,-0.21,19.40625,19.34375,18.75,18.9375,1.3,0.0,30.0,0.0
10.65623,0x220,0.0,0.0,1.0,6.25,0.89,-0.01,19.40625,19.34375,18.75,18.9375,1.3,0.0,30.0,0.0
10.65675,0x316,0.0,0.0,1.0,6.25,0.89,-0.01,19.40625,19.34375,18.75,18.9375,1.3,0.0,30.0,0.0
10.66118,0x2B0,0.0,0.0,1.0,6.25,0.89,-0.01,19.40625,19.34375,18.75,18.9375,1.3,0.0,30.0,0.0
10.66624,0x220,0.0,0.0,1.0,6.25,1.08,0.35,19.40625,19.34375,18.75,18.9375,1.3,0.0,30.0,0.0
10.66646,0x386,0.0,0.0,1.0,6.25,1.08,0.35,19.3125,19.3125,18.875,18.8125,1.3,0.0,30.0,0.0
10.66671,0x316,0.0,0.0,1.0,6.25,1.08,0.35,19.3125,19.3125,18.875,18.8125,1.3,0.0,30.0,0.0
10.67118,0x2B0,0.0,0.0,1.0,6.25,1.08,0.35,19.3125,19.3125,18.875,18.8125,1.3,0.0,30.0,0.0
10.67623,0x220,0.0,0.0,1.0,6.25,1.47,0.7,19.3125,19.3125,18.875,18.8125,1.3,0.0,30.0,0.0
10.67689,0x316,0.0,0.0,1.0,6.25,1.47,0.7,19.3125,19.3125,18.875,18.8125,1.3,0.0,28.0,0.0
10.68118,0x2B0,0.0,0.0,1.0,6.25,1.47,0.7,19.3125,19.3125,18.875,18.8125,1.3,0.0,28.0,0.0
10.68623,0x220,0.0,0.0,1.0,6.25,1.91,0.71,19.3125,19.3125,18.875,18.8125,1.3,0.0,28.0,0.0
10.68645,0x386,0.0,0.0,1.0,6.25,1.91,0.71,19.375,19.375,18.875,18.84375,1.3,0.0,28.0,0.0
10.68716,0x316,0.0,0.0,1.0,6.25,1.91,0.71,19.375,19.375,18.875,18.84375,1.3,0.0,28.0,0.0
10.69125,0x2B0,0.0,0.0,1.0,6.25,1.91,0.71,19.375,19.375,18.875,18.84375,1.3,0.0,28.0,0.0
10.69624,0x220,0.0,0.0,1.0,6.25,2.21,0.32,19.375,19.375,18.875,18.84375,1.3,0.0,28.0,0.0
10.69674,0x316,0.0,0.0,1.0,6.25,2.21,0.32,19.375,19.375,18.875,18.84375,1.3,0.0,25.0,0.0
10.70121,0x2B0,0.0,0.0,1.0,6.25,2.21,0.32,19.375,19.375,18.875,18.84375,1.4,0.0,25.0,0.0
10.70623,0x220,0.0,0.0,1.0,6.25,2.14,-0.11,19.375,19.375,18.875,18.84375,1.4,0.0,25.0,0.0
10.70645,0x386,0.0,0.0,1.0,6.25,2.14,-0.11,19.25,19.25,18.6875,18.96875,1.4,0.0,25.0,0.0
10.70717,0x316,0.0,0.0,1.0,6.25,2.14,-0.11,19.25,19.25,18.6875,18.96875,1.4,0.0,25.0,0.0
10.71118,0x2B0,0.0,0.0,1.0,6.25,2.14,-0.11,19.25,19.25,18.6875,18.96875,1.4,0.0,25.0,0.0
10.71623,0x220,0.0,0.0,1.0,6.25,1.73,-0.34,19.25,19.25,18.6875,18.96875,1.4,0.0,25.0,0.0
10.71715,0x316,0.0,0.0,1.0,6.25,1.73,-0.34,19.25,19.25,18.6875,18.96875,1.4,0.0,22.0,0.0
10.72117,0x2B0,0.0,0.0,1.0,6.25,1.73,-0.34,19.25,19.25,18.6875,18.96875,1.4,0.0,22.0,0.0
10.72622,0x220,0.0,0.0,1.0,6.25,1.2,-0.18,19.25,19.25,18.6875,18.96875,1.4,0.0,22.0,0.0
10.72645,0x386,0.0,0.0,1.0,6.25,1.2,-0.18,19.28125,19.28125,18.6875,19.09375,1.4,0.0,22.0,0.0
10.72692,0x316,0.0,0.0,1.0,6.25,1.2,-0.18,19.28125,19.28125,18.6875,19.09375,1.4,0.0,22.0,0.0
10.73117,0x2B0,0.0,0.0,1.0,6.25,1.2,-0.18,19.28125,19.28125,18.6875,19.09375,1.4,0.0,22.0,0.0
10.73625,0x220,0.0,0.0,1.0,6.25,0.88,0.14,19.28125,19.28125,18.6875,19.09375,1.4,0.0,22.0,0.0
10.73674,0x316,0.0,0.0,1.0,6.25,0.88,0.14,19.28125,19.28125,18.6875,19.09375,1.4,0.0,22.0,0.0
10.74121,0x2B0,0.0,0.0,1.0,6.25,0.88,0.14,19.28125,19.28125,18.6875,19.09375,1.5,0.0,22.0,0.0
10.74623,0x220,0.0,0.0,1.0,6.25,0.88,0.43,19.28125,19.28125,18.6875,19.09375,1.5,0.0,22.0,0.0
10.74645,0x386,0.0,0.0,1.0,6.25,0.88,0.43,19.15625,19.21875,18.90625,19.0625,1.5,0.0,22.0,0.0
10.74693,0x316,0.0,0.0,1.0,6.25,0.88,0.43,19.15625,19.21875,18.90625,19.0625,1.5,0.0,22.0,0.0
10.75117,0x2B0,0.0,0.0,1.0,6.25,0.88,0.43,19.15625,19.21875,18.90625,19.0625,1.5,0.0,22.0,0.0
10.75624,0x220,0.0,0.0,1.0,6.25,1.17,0.51,19.15625,19.21875,18.90625,19.0625,1.5,0.0,22.0,0.0
10.75691,0x316,0.0,0.0,1.0,6.25,1.17,0.51,19.15625,19.21875,18.90625,19.0625,1.5,0.0,22.0,0.0
10.76117,0x2B0,0.0,0.0,1.0,6.25,1.17,0.51,19.15625,19.21875,18.90625,19.0625,1.5,0.0,22.0,0.0
10.76624,0x220,0.0,0.0,1.0,6.25,1.59,0.49,19.15625,19.21875,18.90625,19.0625,1.5,0.0,22.0,0.0
10.76647,0x386,0.0,0.0,1.0,6.25,1.59,0.49,19.1875,19.21875,18.8125,18.625,1.5,0.0,22.0,0.0
10.76694,0x316,0.0,0.0,1.0,6.25,1.59,0.49,19.1875,19.21875,18.8125,18.625,1.5,0.0,22.0,0.0
10.77125,0x2B0,0.0,0.0,1.0,6.25,1.59,0.49,19.1875,19.21875,18.8125,18.625,1.5,0.0,22.0,0.0
10.77623,0x220,0.0,0.0,1.0,6.25,1.91,0.39,19.1875,19.21875,18.8125,18.625,1.5,0.0,22.0,0.0
10.77672,0x316,0.0,0.0,1.0,6.25,1.91,0.39,19.1875,19.21875,18.8125,18.625,1.5,0.0,22.0,0.0
10.7812,0x2B0,0.0,0.0,1.0,6.25,1.91,0.39,19.1875,19.21875,18.8125,18.625,1.6,0.0,22.0,0.0
10.78623,0x220,0.0,0.0,1.0,6.25,1.99,0.25,19.1875,19.21875,18.8125,18.625,1.6,0.0,22.0,0.0
10.78645,0x386,0.0,0.0,1.0,6.25,1.99,0.25,19.15625,19.21875,18.6875,18.59375,1.6,0.0,22.0,0.0
10.78669,0x316,0.0,0.0,1.0,6.25,1.99,0.25,19.15625,19.21875,18.6875,18.59375,1.6,0.0,22.0,0.0
10.79117,0x2B0,0.0,0.0,1.0,6.25,1.99,0.25,19.15625,19.21875,18.6875,18.59375,1.6,0.0,22.0,0.0
10.79624,0x220,0.0,0.0,1.0,6.25,1.83,0.13,19.15625,19.21875,18.6875,18.59375,1.6,0.0,22.0,0.0
10.79682,0x316,0.0,0.0,1.0,6.25,1.83,0.13,19.15625,19.21875,18.6875,18.59375,1.6,0.0,22.0,0.0
10.80123,0x2B0,0.0,0.0,1.0,6.25,1.83,0.13,19.15625,19.21875,18.6875,18.59375,1.6,0.0,22.0,0.0
10.80624,0x220,0.0,0.0,1.0,6.25,1.56,0.06,19.15625,19.21875,18.6875,18.59375,1.6,0.0,22.0,0.0
10.80647,0x386,0.0,0.0,1.0,6.25,1.56,0.06,19.1875,19.1875,18.6875,18.625,1.6,0.0,22.0,0.0
10.80694,0x316,0.0,0.0,1.0,6.25,1.56,0.06,19.1875,19.1875,18.6875,18.625,1.6,0.0,22.0,0.0
10.81118,0x2B0,0.0,0.0,1.0,6.25,1.56,0.06,19.1875,19.1875,18.6875,18.625,1.7,0.0,22.0,0.0
10.81623,0x220,0.0,0.0,1.0,6.25,1.35,0.0,19.1875,19.1875,18.6875,18.625,1.7,0.0,22.0,0.0
10.81688,0x316,0.0,0.0,1.0,6.25,1.35,0.0,19.1875,19.1875,18.6875,18.625,1.7,0.0,25.0,0.0
10.82116,0x2B0,0.0,0.0,1.0,6.25,1.35,0.0,19.1875,19.1875,18.6875,18.625,1.7,0.0,25.0,0.0
10.82624,0x220,0.0,0.0,1.0,6.25,1.3,-0.1,19.1875,19.1875,18.6875,18.625,1.7,0.0,25.0,0.0
10.82646,0x386,0.0,0.0,1.0,6.25,1.3,-0.1,19.09375,19.1875,18.78125,18.9375,1.7,0.0,25.0,0.0
10.8267,0x316,0.0,0.0,1.0,6.25,1.3,-0.1,19.09375,19.1875,18.78125,18.9375,1.7,0.0,25.0,0.0
10.83119,0x2B0,0.0,0.0,1.0,6.25,1.3,-0.1,19.09375,19.1875,18.78125,18.9375,1.7,0.0,25.0,0.0
10.83626,0x220,0.0,0.0,1.0,6.25,1.34,-0.02,19.09375,19.1875,18.78125,18.9375,1.7,0.0,25.0,0.0
10.83681,0x316,0.0,0.0,1.0,6.25,1.34,-0.02,19.09375,19.1875,18.78125,18.9375,1.7,0.0,25.0,0.0
10.84118,0x2B0,0.0,0.0,1.0,6.25,1.34,-0.02,19.09375,19.1875,18.78125,18.9375,1.7,0.0,25.0,0.0
10.84624,0x220,0.0,0.0,1.0,6.25,1.45,0.23,19.09375,19.1875,18.78125,18.9375,1.7,0.0,25.0,0.0
10.84646,0x386,0.0,0.0,1.0,6.25,1.45,0.23,19.1875,19.125,18.90625,18.78125,1.7,0.0,25.0,0.0
10.84694,0x316,0.0,0.0,1.0,6.25,1.45,0.23,19.1875,19.125,18.90625,18.78125,1.7,0.0,25.0,0.0
10.85117,0x2B0,0.0,0.0,1.0,6.25,1.45,0.23,19.1875,19.125,18.90625,18.78125,1.7,0.0,25.0,0.0
10.85623,0x220,0.0,0.0,1.0,6.25,1.65,0.5,19.1875,19.125,18.90625,18.78125,1.7,0.0,25.0,0.0
10.85673,0x316,0.0,0.0,1.0,6.25,1.65,0.5,19.1875,19.125,18.90625,18.78125,1.7,0.0,25.0,0.0
10.86121,0x2B0,0.0,0.0,1.0,6.25,1.65,0.5,19.1875,19.125,18.90625,18.78125,1.7,0.0,25.0,0.0
10.86625,0x220,0.0,0.0,1.0,6.25,1.81,0.63,19.1875,19.125,18.90625,18.78125,1.7,0.0,25.0,0.0
10.86647,0x386,0.0,0.0,1.0,6.25,1.81,0.63,19.0625,19.09375,18.875,18.96875,1.7,0.0,25.0,0.0
10.86671,0x316,0.0,0.0,1.0,6.25,1.81,0.63,19.0625,19.09375,18.875,18.96875,1.7,0.0,22.0,0.0
10.8712,0x2B0,0.0,0.0,1.0,6.25,1.81,0.63,19.0625,19.09375,18.875,18.96875,1.7,0.0,22.0,0.0
10.87623,0x220,0.0,0.0,1.0,6.25,1.88,0.46,19.0625,19.09375,18.875,18.96875,1.7,0.0,22.0,0.0
10.87673,0x316,0.0,0.0,1.0,6.25,1.88,0.46,19.0625,19.09375,18.875,18.96875,1.7,0.0,20.0,0.0
10.88122,0x2B0,0.0,0.0,1.0,6.25,1.88,0.46,19.0625,19.09375,18.875,18.96875,1.6,0.0,20.0,0.0
10.88623,0x220,0.0,0.0,1.0,6.25,1.8,0.12,19.0625,19.09375,18.875,18.96875,1.6,0.0,20.0,0.0
10.88645,0x386,0.0,0.0,1.0,6.25,1.8,0.12,19.03125,19.03125,18.78125,19.28125,1.6,0.0,20.0,0.0
10.88693,0x316,0.0,0.0,1.0,6.25,1.8,0.12,19.03125,19.03125,18.78125,19.28125,1.6,0.0,20.0,0.0
10.89117,0x2B0,0.0,0.0,1.0,6.25,1.8,0.12,19.03125,19.03125,18.78125,19.28125,1.6,0.0,20.0,0.0
10.89623,0x220,0.0,0.0,1.0,6.25,1.53,-0.05,19.03125,19.03125,18.78125,19.28125,1.6,0.0,20.0,0.0
10.89671,0x316,0.0,0.0,1.0,6.25,1.53,-0.05,19.03125,19.03125,18.78125,19.28125,1.6,0.0,17.0,0.0
10.90122,0x2B0,0.0,0.0,1.0,6.25,1.53,-0.05,19.03125,19.03125,18.78125,19.28125,1.6,0.0,17.0,0.0
10.90624,0x220,0.0,0.0,1.0,6.25,1.17,0.04,19.03125,19.03125,18.78125,19.28125,1.6,0.0,17.0,0.0
10.90646,0x386,0.0,0.0,1.0,6.25,1.17,0.04,19.09375,19.03125,18.5,19.21875,1.6,0.0,17.0,0.0
10.90693,0x316,0.0,0.0,1.0,6.25,1.17,0.04,19.09375,19.03125,18.5,19.21875,1.6,0.0,17.0,0.0
10.9112,0x2B0,0.0,0.0,1.0,6.25,1.17,0.04,19.09375,19.03125,18.5,19.21875,1.6,0.0,17.0,0.0
10.91624,0x220,0.0,0.0,1.0,6.25,0.91,0.31,19.09375,19.03125,18.5,19.21875,1.6,0.0,17.0,0.0
10.91688,0x316,0.0,0.0,1.0,6.25,0.91,0.31,19.09375,19.03125,18.5,19.21875,1.6,0.0,17.0,0.0
10.92121,0x2B0,0.0,0.0,1.0,6.25,0.91,0.31,19.09375,19.03125,18.5,19.21875,1.6,0.0,17.0,0.0
10.92624,0x220,0.0,0.0,1.0,6.25,0.86,0.51,19.09375,19.03125,18.5,19.21875,1.6,0.0,17.0,0.0
10.92646,0x386,0.0,0.0,1.0,6.25,0.86,0.51,19.0,19.21875,18.6875,18.9375,1.6,0.0,17.0,0.0
10.92694,0x316,0.0,0.0,1.0,6.25,0.86,0.51,19.0,19.21875,18.6875,18.9375,1.6,0.0,17.0,0.0
10.9312,0x2B0,0.0,0.0,1.0,6.25,0.86,0.51,19.0,19.21875,18.6875,18.9375,1.6,0.0,17.0,0.0
10.93625,0x220,0.0,0.0,1.0,6.25,1.03,0.6,19.0,19.21875,18.6875,18.9375,1.6,0.0,17.0,0.0
10.93678,0x316,0.0,0.0,1.0,6.25,1.03,0.6,19.0,19.21875,18.6875,18.9375,1.6,0.0,28.0,0.0
10.9412,0x2B0,0.0,0.0,1.0,6.25,1.03,0.6,19.0,19.21875,18.6875,18.9375,1.6,0.0,28.0,0.0
10.94624,0x220,0.0,0.0,1.0,6.25,1.4,0.62,19.0,19.21875,18.6875,18.9375,1.6,0.0,28.0,0.0
10.94646,0x386,0.0,0.0,1.0,6.25,1.4,0.62,19.125,19.21875,18.59375,18.875,1.6,0.0,28.0,0.0
10.94693,0x316,0.0,0.0,1.0,6.25,1.4,0.62,19.125,19.21875,18.59375,18.875,1.6,0.0,33.0,0.0
10.95116,0x2B0,0.0,0.0,1.0,6.25,1.4,0.62,19.125,19.21875,18.59375,18.875,1.6,0.0,33.0,0.0
10.95625,0x220,0.0,0.0,1.0,6.25,1.86,0.59,19.125,19.21875,18.59375,18.875,1.6,0.0,33.0,0.0
10.95674,0x316,0.0,0.0,1.0,6.25,1.86,0.59,19.125,19.21875,18.59375,18.875,1.6,0.0,38.0,0.0
10.96117,0x2B0,0.0,0.0,1.0,6.25,1.86,0.59,19.125,19.21875,18.59375,18.875,1.6,0.0,38.0,0.0
10.96625,0x220,0.0,0.0,1.0,6.25,2.35,0.45,19.125,19.21875,18.59375,18.875,1.6,0.0,38.0,0.0
10.96648,0x386,0.0,0.0,1.0,6.25,2.35,0.45,19.125,19.3125,18.46875,18.96875,1.6,0.0,38.0,0.0
10.96694,0x316,0.0,0.0,1.0,6.25,2.35,0.45,19.125,19.3125,18.46875,18.96875,1.6,0.0,43.0,0.0
10.97115,0x2B0,0.0,0.0,1.0,6.25,2.35,0.45,19.125,19.3125,18.46875,18.96875,1.6,0.0,43.0,0.0
10.97624,0x220,0.0,0.0,1.0,6.25,2.59,0.21,19.125,19.3125,18.46875,18.96875,1.6,0.0,43.0,0.0
10.97678,0x316,0.0,0.0,1.0,6.25,2.59,0.21,19.125,19.3125,18.46875,18.96875,1.6,0.0,45.0,0.0
10.98116,0x2B0,0.0,0.0,1.0,6.25,2.59,0.21,19.125,19.3125,18.46875,18.96875,1.6,0.0,45.0,0.0
10.98624,0x220,0.0,0.0,1.0,6.25,2.61,0.1,19.125,19.3125,18.46875,18.96875,1.6,0.0,45.0,0.0
10.98647,0x386,0.0,0.0,1.0,6.25,2.61,0.1,19.1875,19.28125,18.59375,18.875,1.6,0.0,45.0,0.0
10.9867,0x316,0.0,0.0,1.0,6.25,2.61,0.1,19.1875,19.28125,18.59375,18.875,1.6,0.0,45.0,0.0
10.99116,0x2B0,0.0,0.0,1.0,6.25,2.61,0.1,19.1875,19.28125,18.59375,18.875,1.6,0.0,45.0,0.0
10.99625,0x220,0.0,0.0,1.0,6.25,2.55,0.18,19.1875,19.28125,18.59375,18.875,1.6,0.0,45.0,0.0
10.99673,0x316,0.0,0.0,1.0,6.25,2.55,0.18,19.1875,19.28125,18.59375,18.875,1.6,0.0,43.0,0.0
11.00116,0x2B0,0.0,0.0,1.0,6.25,2.55,0.18,19.1875,19.28125,18.59375,18.875,1.6,0.0,43.0,0.0
11.00624,0x220,0.0,0.0,1.0,6.25,2.51,0.21,19.1875,19.28125,18.59375,18.875,1.6,0.0,43.0,0.0
11.00647,0x386,0.0,0.0,1.0,6.25,2.51,0.21,19.28125,19.3125,18.875,18.5625,1.6,0.0,43.0,0.0
11.00695,0x316,0.0,0.0,1.0,6.25,2.51,0.21,19.28125,19.3125,18.875,18.5625,1.6,0.0,40.0,0.0
11.01115,0x2B0,0.0,0.0,1.0,6.25,2.51,0.21,19.28125,19.3125,18.875,18.5625,1.6,0.0,40.0,0.0
11.01624,0x220,0.0,0.0,1.0,6.25,2.54,0.04,19.28125,19.3125,18.875,18.5625,1.6,0.0,40.0,0.0
11.01692,0x316,0.0,0.0,1.0,6.25,2.54,0.04,19.28125,19.3125,18.875,18.5625,1.6,0.0,35.0,0.0
11.02116,0x2B0,0.0,0.0,1.0,6.25,2.54,0.04,19.28125,19.3125,18.875,18.5625,1.6,0.0,35.0,0.0
11.02624,0x220,0.0,0.0,1.0,6.25,2.57,-0.14,19.28125,19.3125,18.875,18.5625,1.6,0.0,35.0,0.0
11.02647,0x386,0.0,0.0,1.0,6.25,2.57,-0.14,19.25,19.25,18.625,18.71875,1.6,0.0,35.0,0.0
11.0267,0x316,0.0,0.0,1.0,6.25,2.57,-0.14,19.25,19.25,18.625,18.71875,1.6,0.0,35.0,0.0
11.03116,0x2B0,0.0,0.0,1.0,6.25,2.57,-0.14,19.25,19.25,18.625,18.71875,1.6,0.0,35.0,0.0
11.03625,0x220,0.0,0.0,1.0,6.25,2.57,-0.26,19.25,19.25,18.625,18.71875,1.6,0.0,35.0,0.0
11.03677,0x316,0.0,0.0,1.0,6.25,2.57,-0.26,19.25,19.25,18.625,18.71875,1.6,0.0,25.0,0.0
11.04115,0x2B0,0.0,0.0,1.0,6.25,2.57,-0.26,19.25,19.25,18.625,18.71875,1.6,0.0,25.0,0.0
11.04623,0x220,0.0,0.0,1.0,6.25,2.51,-0.33,19.25,19.25,18.625,18.71875,1.6,0.0,25.0,0.0
11.04646,0x386,0.0,0.0,1.0,6.25,2.51,-0.33,19.34375,19.21875,18.5625,18.875,1.6,0.0,25.0,0.0
11.04693,0x316,0.0,0.0,1.0,6.25,2.51,-0.33,19.34375,19.21875,18.5625,18.875,1.6,0.0,25.0,0.0
11.05116,0x2B0,0.0,0.0,1.0,6.25,2.51,-0.33,19.34375,19.21875,18.5625,18.875,1.6,0.0,25.0,0.0
11.05623,0x220,0.0,0.0,1.0,6.25,2.42,-0.39,19.34375,19.21875,18.5625,18.875,1.6,0.0,25.0,0.0
11.05677,0x316,0.0,0.0,1.0,6.25,2.42,-0.39,19.34375,19.21875,18.5625,18.875,1.6,0.0,22.0,0.0
11.06116,0x2B0,0.0,0.0,1.0,6.25,2.42,-0.39,19.34375,19.21875,18.5625,18.875,1.6,0.0,22.0,0.0
11.06625,0x220,0.0,0.0,1.0,6.25,2.25,-0.45,19.34375,19.21875,18.5625,18.875,1.6,0.0,22.0,0.0
11.06647,0x386,0.0,0.0,1.0,6.25,2.25,-0.45,19.25,19.28125,18.625,19.0,1.6,0.0,22.0,0.0
11.06671,0x316,0.0,0.0,1.0,6.25,2.25,-0.45,19.25,19.28125,18.625,19.0,1.6,0.0,22.0,0.0
11.07116,0x2B0,0.0,0.0,1.0,6.25,2.25,-0.45,19.25,19.28125,18.625,19.0,1.6,0.0,22.0,0.0
11.07625,0x220,0.0,0.0,1.0,6.25,1.97,-0.49,19.25,19.28125,18.625,19.0,1.6,0.0,22.0,0.0
11.07671,0x316,0.0,0.0,1.0,6.25,1.97,-0.49,19.25,19.28125,18.625,19.0,1.6,0.0,25.0,0.0
11.08119,0x2B0,0.0,0.0,1.0,6.25,1.97,-0.49,19.25,19.28125,18.625,19.0,1.6,0.0,25.0,0.0
11.08624,0x220,0.0,0.0,1.0,6.25,1.77,-0.37,19.25,19.28125,18.625,19.0,1.6,0.0,25.0,0.0
11.08646,0x386,0.0,0.0,1.0,6.25,1.77,-0.37,19.3125,19.40625,18.8125,18.6875,1.6,0.0,25.0,0.0
11.08693,0x316,0.0,0.0,1.0,6.25,1.77,-0.37,19.3125,19.40625,18.8125,18.6875,1.6,0.0,28.0,0.0
11.09119,0x2B0,0.0,0.0,1.0,6.25,1.77,-0.37,19.3125,19.40625,18.8125,18.6875,1.6,0.0,28.0,0.0
11.09624,0x220,0.0,0.0,1.0,6.25,1.72,-0.09,19.3125,19.40625,18.8125,18.6875,1.6,0.0,28.0,0.0
11.09677,0x316,0.0,0.0,1.0,6.25,1.72,-0.09,19.3125,19.40625,18.8125,18.6875,1.6,0.0,30.0,0.0
11.10119,0x2B0,0.0,0.0,1.0,6.25,1.72,-0.09,19.3125,19.40625,18.8125,18.6875,1.6,0.0,30.0,0.0
11.10624,0x220,0.0,0.0,1.0,6.25,1.76,0.0,19.3125,19.40625,18.8125,18.6875,1.6,0.0,30.0,0.0
11.10647,0x386,0.0,0.0,1.0,6.25,1.76,0.0,19.25,19.34375,18.8125,18.84375,1.6,0.0,30.0,0.0
11.10694,0x316,0.0,0.0,1.0,6.25,1.76,0.0,19.25,19.34375,18.8125,18.84375,1.6,0.0,35.0,0.0
11.1112,0x2B0,0.0,0.0,1.0,6.25,1.76,0.0,19.25,19.34375,18.8125,18.84375,1.5,0.0,35.0,0.0
11.11625,0x220,0.0,0.0,1.0,6.25,1.81,-0.07,19.25,19.34375,18.8125,18.84375,1.5,0.0,35.0,0.0
11.11686,0x316,0.0,0.0,1.0,6.25,1.81,-0.07,19.25,19.34375,18.8125,18.84375,1.5,0.0,35.0,0.0
11.12114,0x2B0,0.0,0.0,1.0,6.25,1.81,-0.07,19.25,19.34375,18.8125,18.84375,1.5,0.0,35.0,0.0
11.12625,0x220,0.0,0.0,1.0,6.25,1.77,-0.16,19.25,19.34375,18.8125,18.84375,1.5,0.0,35.0,0.0
11.12648,0x386,0.0,0.0,1.0,6.25,1.77,-0.16,19.28125,19.3125,18.71875,19.15625,1.5,0.0,35.0,0.0
11.12695,0x316,0.0,0.0,1.0,6.25,1.77,-0.16,19.28125,19.3125,18.71875,19.15625,1.5,0.0,35.0,0.0
11.13116,0x2B0,0.0,0.0,1.0,6.25,1.77,-0.16,19.28125,19.3125,18.71875,19.15625,1.5,0.0,35.0,0.0
11.13626,0x220,0.0,0.0,1.0,6.25,1.64,-0.09,19.28125,19.3125,18.71875,19.15625,1.5,0.0,35.0,0.0
11.13682,0x316,0.0,0.0,1.0,6.25,1.64,-0.09,19.28125,19.3125,18.71875,19.15625,1.5,0.0,35.0,0.0
11.14119,0x2B0,0.0,0.0,1.0,6.25,1.64,-0.09,19.28125,19.3125,18.71875,19.15625,1.5,0.0,35.0,0.0
11.14624,0x220,0.0,0.0,1.0,6.25,1.47,0.03,19.28125,19.3125,18.71875,19.15625,1.5,0.0,35.0,0.0
11.14647,0x386,0.0,0.0,1.0,6.25,1.47,0.03,19.25,19.25,18.625,19.125,1.5,0.0,35.0,0.0
11.14695,0x316,0.0,0.0,1.0,6.25,1.47,0.03,19.25,19.25,18.625,19.125,1.5,0.0,33.0,0.0
11.15118,0x2B0,0.0,0.0,1.0,6.25,1.47,0.03,19.25,19.25,18.625,19.125,1.5,0.0,33.0,0.0
11.15624,0x220,0.0,0.0,1.0,6.25,1.3,0.11,19.25,19.25,18.625,19.125,1.5,0.0,33.0,0.0
11.15676,0x316,0.0,0.0,1.0,6.25,1.3,0.11,19.25,19.25,18.625,19.125,1.5,0.0,30.0,0.0
11.16118,0x2B0,0.0,0.0,1.0,6.25,1.3,0.11,19.25,19.25,18.625,19.125,1.5,0.0,30.0,0.0
11.16625,0x220,0.0,0.0,1.0,6.25,1.15,0.16,19.25,19.25,18.625,19.125,1.5,0.0,30.0,0.0
11.16648,0x386,0.0,0.0,1.0,6.25,1.15,0.16,19.1875,19.21875,18.90625,19.15625,1.5,0.0,30.0,0.0
11.16695,0x316,0.0,0.0,1.0,6.25,1.15,0.16,19.1875,19.21875,18.90625,19.15625,1.5,0.0,25.0,0.0
11.17118,0x2B0,0.0,0.0,1.0,6.25,1.15,0.16,19.1875,19.21875,18.90625,19.15625,1.5,0.0,25.0,0.0
11.17624,0x220,0.0,0.0,1.0,6.25,1.1,0.28,19.1875,19.21875,18.90625,19.15625,1.5,0.0,25.0,0.0
11.17678,0x316,0.0,0.0,1.0,6.25,1.1,0.28,19.1875,19.21875,18.90625,19.15625,1.5,0.0,22.0,0.0
11.18118,0x2B0,0.0,0.0,1.0,6.25,1.1,0.28,19.1875,19.21875,18.90625,19.15625,1.5,0.0,22.0,0.0
11.18624,0x220,0.0,0.0,1.0,6.25,1.23,0.48,19.1875,19.21875,18.90625,19.15625,1.5,0.0,22.0,0.0
11.18648,0x386,0.0,0.0,1.0,6.25,1.23,0.48,19.21875,19.1875,19.28125,19.0,1.5,0.0,22.0,0.0
11.18672,0x316,0.0,0.0,1.0,6.25,1.23,0.48,19.21875,19.1875,19.28125,19.0,1.5,0.0,20.0,0.0
11.19117,0x2B0,0.0,0.0,1.0,6.25,1.23,0.48,19.21875,19.1875,19.28125,19.0,1.5,0.0,20.0,0.0
11.19624,0x220,0.0,0.0,1.0,6.25,1.47,0.59,19.21875,19.1875,19.28125,19.0,1.5,0.0,20.0,0.0
11.19673,0x316,0.0,0.0,1.0,6.25,1.47,0.59,19.21875,19.1875,19.28125,19.0,1.5,0.0,20.0,0.0
11.20114,0x2B0,0.0,0.0,1.0,6.25,1.47,0.59,19.21875,19.1875,19.28125,19.0,1.5,0.0,20.0,0.0
11.20624,0x220,0.0,0.0,1.0,6.25,1.67,0.48,19.21875,19.1875,19.28125,19.0,1.5,0.0,20.0,0.0
11.20647,0x386,0.0,0.0,1.0,6.25,1.67,0.48,19.1875,19.21875,19.5,19.09375,1.5,0.0,20.0,0.0
11.20694,0x316,0.0,0.0,1.0,6.25,1.67,0.48,19.1875,19.21875,19.5,19.09375,1.5,0.0,20.0,0.0
11.21113,0x2B0,0.0,0.0,1.0,6.25,1.67,0.48,19.1875,19.21875,19.5,19.09375,1.5,0.0,20.0,0.0
11.21624,0x220,0.0,0.0,1.0,6.25,1.75,0.18,19.1875,19.21875,19.5,19.09375,1.5,0.0,20.0,0.0
11.21692,0x316,0.0,0.0,1.0,6.25,1.75,0.18,19.1875,19.21875,19.5,19.09375,1.5,0.0,20.0,0.0
11.22118,0x2B0,0.0,0.0,1.0,6.25,1.75,0.18,19.1875,19.21875,19.5,19.09375,1.6,0.0,20.0,0.0
11.22624,0x220,0.0,0.0,1.0,6.25,1.71,-0.11,19.1875,19.21875,19.5,19.09375,1.6,0.0,20.0,0.0
11.22646,0x386,0.0,0.0,1.0,6.25,1.71,-0.11,19.1875,19.1875,19.40625,19.34375,1.6,0.0,20.0,0.0
11.2267,0x316,0.0,0.0,1.0,6.25,1.71,-0.11,19.1875,19.1875,19.40625,19.34375,1.6,0.0,20.0,0.0
11.23121,0x2B0,0.0,0.0,1.0,6.25,1.71,-0.11,19.1875,19.1875,19.40625,19.34375,1.6,0.0,20.0,0.0
11.23626,0x220,0.0,0.0,1.0,6.25,1.59,-0.3,19.1875,19.1875,19.40625,19.34375,1.6,0.0,20.0,0.0
11.23677,0x316,0.0,0.0,1.0,6.25,1.59,-0.3,19.1875,19.1875,19.40625,19.34375,1.6,0.0,22.0,0.0
11.24117,0x2B0,0.0,0.0,1.0,6.25,1.59,-0.3,19.1875,19.1875,19.40625,19.34375,1.7,0.0,22.0,0.0
11.24624,0x220,0.0,0.0,1.0,6.25,1.47,-0.29,19.1875,19.1875,19.40625,19.34375,1.7,0.0,22.0,0.0
11.24646,0x386,0.0,0.0,1.0,6.25,1.47,-0.29,19.21875,19.21875,19.0625,19.25,1.7,0.0,22.0,0.0
11.24693,0x316,0.0,0.0,1.0,6.25,1.47,-0.29,19.21875,19.21875,19.0625,19.25,1.7,0.0,25.0,0.0
11.25114,0x2B0,0.0,0.0,1.0,6.25,1.47,-0.29,19.21875,19.21875,19.0625,19.25,1.7,0.0,25.0,0.0
11.25625,0x220,0.0,0.0,1.0,6.25,1.44,-0.18,19.21875,19.21875,19.0625,19.25,1.7,0.0,25.0,0.0
11.25677,0x316,0.0,0.0,1.0,6.25,1.44,-0.18,19.21875,19.21875,19.0625,19.25,1.7,0.0,30.0,0.0
11.26114,0x2B0,0.0,0.0,1.0,6.25,1.44,-0.18,19.21875,19.21875,19.0625,19.25,1.7,0.0,30.0,0.0
11.26625,0x220,0.0,0.0,1.0,6.25,1.5,-0.07,19.21875,19.21875,19.0625,19.25,1.7,0.0,30.0,0.0
11.26648,0x386,0.0,0.0,1.0,6.25,1.5,-0.07,19.3125,19.40625,18.96875,19.03125,1.7,0.0,30.0,0.0
11.26672,0x316,0.0,0.0,1.0,6.25,1.5,-0.07,19.3125,19.40625,18.96875,19.03125,1.7,0.0,30.0,0.0
11.2712,0x2B0,0.0,0.0,1.0,6.25,1.5,-0.07,19.3125,19.40625,18.96875,19.03125,1.7,0.0,30.0,0.0
11.27625,0x220,0.0,0.0,1.0,6.25,1.53,-0.03,19.3125,19.40625,18.96875,19.03125,1.7,0.0,30.0,0.0
11.27671,0x316,0.0,0.0,1.0,6.25,1.53,-0.03,19.3125,19.40625,18.96875,19.03125,1.7,0.0,33.0,0.0
11.28119,0x2B0,0.0,0.0,1.0,6.25,1.53,-0.03,19.3125,19.40625,18.96875,19.03125,1.7,0.0,33.0,0.0
11.28624,0x220,0.0,0.0,1.0,6.25,1.51,-0.02,19.3125,19.40625,18.96875,19.03125,1.7,0.0,33.0,0.0
11.28648,0x386,0.0,0.0,1.0,6.25,1.51,-0.02,19.40625,19.40625,18.75,19.0,1.7,0.0,33.0,0.0
11.28695,0x316,0.0,0.0,1.0,6.25,1.51,-0.02,19.40625,19.40625,18.75,19.0,1.7,0.0,33.0,0.0
11.29118,0x2B0,0.0,0.0,1.0,6.25,1.51,-0.02,19.40625,19.40625,18.75,19.0,1.5,8.0,33.0,0.0
11.29625,0x220,0.0,0.0,1.0,6.25,1.35,0.01,19.40625,19.40625,18.75,19.0,1.5,8.0,33.0,0.0
11.29675,0x316,0.0,0.0,1.0,6.25,1.35,0.01,19.40625,19.40625,18.75,19.0,1.5,8.0,33.0,0.0
11.30118,0x2B0,0.0,0.0,1.0,6.25,1.35,0.01,19.40625,19.40625,18.75,19.0,1.5,8.0,33.0,0.0
11.30624,0x220,0.0,0.0,1.0,6.25,1.14,0.14,19.40625,19.40625,18.75,19.0,1.5,8.0,33.0,0.0
11.30647,0x386,0.0,0.0,1.0,6.25,1.14,0.14,19.5625,19.46875,18.59375,18.875,1.5,8.0,33.0,0.0
11.30671,0x316,0.0,0.0,1.0,6.25,1.14,0.14,19.5625,19.46875,18.59375,18.875,1.5,8.0,30.0,0.0
11.31119,0x2B0,0.0,0.0,1.0,6.25,1.14,0.14,19.5625,19.46875,18.59375,18.875,1.4,0.0,30.0,0.0
11.31625,0x220,0.0,0.0,1.0,6.25,0.96,0.23,19.5625,19.46875,18.59375,18.875,1.4,0.0,30.0,0.0
11.31693,0x316,0.0,0.0,1.0,6.25,0.96,0.23,19.5625,19.46875,18.59375,18.875,1.4,0.0,28.0,0.0
11.32119,0x2B0,0.0,0.0,1.0,6.25,0.96,0.23,19.5625,19.46875,18.59375,18.875,1.4,0.0,28.0,0.0
11.32624,0x220,0.0,0.0,1.0,6.25,0.79,0.19,19.5625,19.46875,18.59375,18.875,1.4,0.0,28.0,0.0
11.32647,0x386,0.0,0.0,1.0,6.25,0.79,0.19,19.625,19.5625,18.59375,18.65625,1.4,0.0,28.0,0.0
11.32695,0x316,0.0,0.0,1.0,6.25,0.79,0.19,19.625,19.5625,18.59375,18.65625,1.4,0.0,28.0,0.0
11.3312,0x2B0,0.0,0.0,1.0,6.25,0.79,0.19,19.625,19.5625,18.59375,18.65625,1.2,8.0,28.0,0.0
11.33627,0x220,0.0,0.0,1.0,6.25,0.61,0.12,19.625,19.5625,18.59375,18.65625,1.2,8.0,28.0,0.0
11.3368,0x316,0.0,0.0,1.0,6.25,0.61,0.12,19.625,19.5625,18.59375,18.65625,1.2,8.0,25.0,0.0
11.34122,0x2B0,0.0,0.0,1.0,6.25,0.61,0.12,19.625,19.5625,18.59375,18.65625,1.2,8.0,25.0,0.0
11.34625,0x220,0.0,0.0,1.0,6.25,0.49,0.17,19.625,19.5625,18.59375,18.65625,1.2,8.0,25.0,0.0
11.34648,0x386,0.0,0.0,1.0,6.25,0.49,0.17,19.65625,19.5,18.75,18.6875,1.2,8.0,25.0,0.0
11.34695,0x316,0.0,0.0,1.0,6.25,0.49,0.17,19.65625,19.5,18.75,18.6875,1.2,8.0,25.0,0.0
11.3512,0x2B0,0.0,0.0,1.0,6.25,0.49,0.17,19.65625,19.5,18.75,18.6875,1.2,0.0,25.0,0.0
11.35624,0x220,0.0,0.0,1.0,6.25,0.51,0.28,19.65625,19.5,18.75,18.6875,1.2,0.0,25.0,0.0
11.35675,0x316,0.0,0.0,1.0,6.25,0.51,0.28,19.65625,19.5,18.75,18.6875,1.2,0.0,25.0,0.0
11.36119,0x2B0,0.0,0.0,1.0,6.25,0.51,0.28,19.65625,19.5,18.75,18.6875,1.1,0.0,25.0,0.0
11.36625,0x220,0.0,0.0,1.0,6.25,0.7,0.39,19.65625,19.5,18.75,18.6875,1.1,0.0,25.0,0.0
11.36649,0x386,0.0,0.0,1.0,6.25,0.7,0.39,19.59375,19.5625,18.6875,18.96875,1.1,0.0,25.0,0.0
11.36672,0x316,0.0,0.0,1.0,6.25,0.7,0.39,19.59375,19.5625,18.6875,18.96875,1.1,0.0,25.0,0.0
11.37121,0x2B0,0.0,0.0,1.0,6.25,0.7,0.39,19.59375,19.5625,18.6875,18.96875,1.1,0.0,25.0,0.0
11.37625,0x220,0.0,0.0,1.0,6.25,1.03,0.41,19.59375,19.5625,18.6875,18.96875,1.1,0.0,25.0,0.0
11.37676,0x316,0.0,0.0,1.0,6.25,1.03,0.41,19.59375,19.5625,18.6875,18.96875,1.1,0.0,25.0,0.0
11.3812,0x2B0,0.0,0.0,1.0,6.25,1.03,0.41,19.59375,19.5625,18.6875,18.96875,1.1,0.0,25.0,0.0
11.38625,0x220,0.0,0.0,1.0,6.25,1.37,0.29,19.59375,19.5625,18.6875,18.96875,1.1,0.0,25.0,0.0
11.38647,0x386,0.0,0.0,1.0,6.25,1.37,0.29,19.59375,19.46875,18.6875,19.09375,1.1,0.0,25.0,0.0
11.38671,0x316,0.0,0.0,1.0,6.25,1.37,0.29,19.59375,19.46875,18.6875,19.09375,1.1,0.0,25.0,0.0
11.3912,0x2B0,0.0,0.0,1.0,6.25,1.37,0.29,19.59375,19.46875,18.6875,19.09375,1.1,0.0,25.0,0.0
11.39625,0x220,0.0,0.0,1.0,6.25,1.59,0.21,19.59375,19.46875,18.6875,19.09375,1.1,0.0,25.0,0.0
11.39672,0x316,0.0,0.0,1.0,6.25,1.59,0.21,19.59375,19.46875,18.6875,19.09375,1.1,0.0,25.0,0.0
11.40121,0x2B0,0.0,0.0,1.0,6.25,1.59,0.21,19.59375,19.46875,18.6875,19.09375,1.0,0.0,25.0,0.0
11.40625,0x220,0.0,0.0,1.0,6.25,1.67,0.31,19.59375,19.46875,18.6875,19.09375,1.0,0.0,25.0,0.0
11.40648,0x386,0.0,0.0,1.0,6.25,1.67,0.31,19.5,19.5625,18.8125,18.71875,1.0,0.0,25.0,0.0
11.40672,0x316,0.0,0.0,1.0,6.25,1.67,0.31,19.5,19.5625,18.8125,18.71875,1.0,0.0,25.0,0.0
11.41123,0x2B0,0.0,0.0,1.0,6.25,1.67,0.31,19.5,19.5625,18.8125,18.71875,1.0,0.0,25.0,0.0
11.41625,0x220,0.0,0.0,1.0,6.25,1.59,0.47,19.5,19.5625,18.8125,18.71875,1.0,0.0,25.0,0.0
11.41693,0x316,0.0,0.0,1.0,6.25,1.59,0.47,19.5,19.5625,18.8125,18.71875,1.0,0.0,25.0,0.0
11.42119,0x2B0,0.0,0.0,1.0,6.25,1.59,0.47,19.5,19.5625,18.8125,18.71875,1.0,0.0,25.0,0.0
11.42625,0x220,0.0,0.0,1.0,6.25,1.49,0.45,19.5,19.5625,18.8125,18.71875,1.0,0.0,25.0,0.0
11.42647,0x386,0.0,0.0,1.0,6.25,1.49,0.45,19.5625,19.5625,18.78125,18.65625,1.0,0.0,25.0,0.0
11.42671,0x316,0.0,0.0,1.0,6.25,1.49,0.45,19.5625,19.5625,18.78125,18.65625,1.0,0.0,25.0,0.0
11.43119,0x2B0,0.0,0.0,1.0,6.25,1.49,0.45,19.5625,19.5625,18.78125,18.65625,0.9,0.0,25.0,0.0
11.43627,0x220,0.0,0.0,1.0,6.25,1.43,0.34,19.5625,19.5625,18.78125,18.65625,0.9,0.0,25.0,0.0
11.43682,0x316,0.0,0.0,1.0,6.25,1.43,0.34,19.5625,19.5625,18.78125,18.65625,0.9,0.0,22.0,0.0
11.44115,0x2B0,0.0,0.0,1.0,6.25,1.43,0.34,19.5625,19.5625,18.78125,18.65625,0.9,0.0,22.0,0.0
11.44625,0x220,0.0,0.0,1.0,6.25,1.45,0.28,19.5625,19.5625,18.78125,18.65625,0.9,0.0,22.0,0.0
11.44648,0x386,0.0,0.0,1.0,6.25,1.45,0.28,19.40625,19.46875,18.96875,18.6875,0.9,0.0,22.0,0.0
11.44695,0x316,0.0,0.0,1.0,6.25,1.45,0.28,19.40625,19.46875,18.96875,18.6875,0.9,0.0,20.0,0.0
11.45119,0x2B0,0.0,0.0,1.0,6.25,1.45,0.28,19.40625,19.46875,18.96875,18.6875,0.9,0.0,20.0,0.0
11.45625,0x220,0.0,0.0,1.0,6.25,1.62,0.17,19.40625,19.46875,18.96875,18.6875,0.9,0.0,20.0,0.0
11.45686,0x316,0.0,0.0,1.0,6.25,1.62,0.17,19.40625,19.46875,18.96875,18.6875,0.9,0.0,20.0,0.0
11.4612,0x2B0,0.0,0.0,1.0,6.25,1.62,0.17,19.40625,19.46875,18.96875,18.6875,0.9,0.0,20.0,0.0
11.46626,0x220,0.0,0.0,1.0,6.25,1.81,-0.04,19.40625,19.46875,18.96875,18.6875,0.9,0.0,20.0,0.0
11.46649,0x386,0.0,0.0,1.0,6.25,1.81,-0.04,19.375,19.5625,19.0625,18.8125,0.9,0.0,20.0,0.0
11.46673,0x316,0.0,0.0,1.0,6.25,1.81,-0.04,19.375,19.5625,19.0625,18.8125,0.9,0.0,17.0,0.0
11.47121,0x2B0,0.0,0.0,1.0,6.25,1.81,-0.04,19.375,19.5625,19.0625,18.8125,0.9,0.0,17.0,0.0
11.47625,0x220,0.0,0.0,1.0,6.25,1.84,-0.23,19.375,19.5625,19.0625,18.8125,0.9,0.0,17.0,0.0
11.47673,0x316,0.0,0.0,1.0,6.25,1.84,-0.23,19.375,19.5625,19.0625,18.8125,0.9,0.0,17.0,0.0
11.4812,0x2B0,0.0,0.0,1.0,6.25,1.84,-0.23,19.375,19.5625,19.0625,18.8125,0.9,0.0,17.0,0.0
11.48625,0x220,0.0,0.0,1.0,6.25,1.75,-0.17,19.375,19.5625,19.0625,18.8125,0.9,0.0,17.0,0.0
11.48647,0x386,0.0,0.0,1.0,6.25,1.75,-0.17,19.28125,19.28125,19.21875,19.0625,0.9,0.0,17.0,0.0
11.48671,0x316,0.0,0.0,1.0,6.25,1.75,-0.17,19.28125,19.28125,19.21875,19.0625,0.9,0.0,17.0,0.0
11.49114,0x2B0,0.0,0.0,1.0,6.25,1.75,-0.17,19.28125,19.28125,19.21875,19.0625,0.9,0.0,17.0,0.0
11.49625,0x220,0.0,0.0,1.0,6.25,1.72,-0.03,19.28125,19.28125,19.21875,19.0625,0.9,0.0,17.0,0.0
11.49682,0x316,0.0,0.0,1.0,6.25,1.72,-0.03,19.28125,19.28125,19.21875,19.0625,0.9,0.0,17.0,0.0
11.50116,0x2B0,0.0,0.0,1.0,6.25,1.72,-0.03,19.28125,19.28125,19.21875,19.0625,0.9,0.0,17.0,0.0
11.50625,0x220,0.0,0.0,1.0,6.25,1.79,-0.02,19.28125,19.28125,19.21875,19.0625,0.9,0.0,17.0,0.0
11.50648,0x386,0.0,0.0,1.0,6.25,1.79,-0.02,19.125,19.34375,19.375,19.34375,0.9,0.0,17.0,0.0
11.50672,0x316,0.0,0.0,1.0,6.25,1.79,-0.02,19.125,19.34375,19.375,19.34375,0.9,0.0,17.0,0.0
11.51116,0x2B0,0.0,0.0,1.0,6.25,1.79,-0.02,19.125,19.34375,19.375,19.34375,0.9,0.0,17.0,0.0
11.51625,0x220,0.0,0.0,1.0,6.25,1.8,-0.19,19.125,19.34375,19.375,19.34375,0.9,0.0,17.0,0.0
11.51687,0x316,0.0,0.0,1.0,6.25,1.8,-0.19,19.125,19.34375,19.375,19.34375,0.9,0.0,17.0,0.0
11.52114,0x2B0,0.0,0.0,1.0,6.25,1.8,-0.19,19.125,19.34375,19.375,19.34375,0.9,0.0,17.0,0.0
11.52625,0x220,0.0,0.0,1.0,6.25,1.61,-0.3,19.125,19.34375,19.375,19.34375,0.9,0.0,17.0,0.0
11.52647,0x386,0.0,0.0,1.0,6.25,1.61,-0.3,19.125,19.15625,19.40625,19.46875,0.9,0.0,17.0,0.0
11.52671,0x316,0.0,0.0,1.0,6.25,1.61,-0.3,19.125,19.15625,19.40625,19.46875,0.9,0.0,17.0,0.0
11.53113,0x2B0,0.0,0.0,1.0,6.25,1.61,-0.3,19.125,19.15625,19.40625,19.46875,0.9,0.0,17.0,0.0
11.53626,0x220,0.0,0.0,1.0,6.25,1.36,-0.12,19.125,19.15625,19.40625,19.46875,0.9,0.0,17.0,0.0
11.53687,0x316,0.0,0.0,1.0,6.25,1.36,-0.12,19.125,19.15625,19.40625,19.46875,0.9,0.0,20.0,0.0
11.54115,0x2B0,0.0,0.0,1.0,6.25,1.36,-0.12,19.125,19.15625,19.40625,19.46875,0.9,0.0,20.0,0.0
11.54625,0x220,0.0,0.0,1.0,6.25,1.14,0.16,19.125,19.15625,19.40625,19.46875,0.9,0.0,20.0,0.0
11.54647,0x386,0.0,0.0,1.0,6.25,1.14,0.16,19.21875,19.25,19.15625,19.5625,0.9,0.0,20.0,0.0
11.54694,0x316,0.0,0.0,1.0,6.25,1.14,0.16,19.21875,19.25,19.15625,19.5625,0.9,0.0,20.0,0.0
11.55115,0x2B0,0.0,0.0,1.0,6.25,1.14,0.16,19.21875,19.25,19.15625,19.5625,0.9,0.0,20.0,0.0
11.55626,0x220,0.0,0.0,1.0,6.25,0.96,0.31,19.21875,19.25,19.15625,19.5625,0.9,0.0,20.0,0.0
11.55677,0x316,0.0,0.0,1.0,6.25,0.96,0.31,19.21875,19.25,19.15625,19.5625,0.9,0.0,22.0,0.0
11.56115,0x2B0,0.0,0.0,1.0,6.25,0.96,0.31,19.21875,19.25,19.15625,19.5625,0.9,0.0,22.0,0.0
11.56626,0x220,0.0,0.0,1.0,6.25,0.76,0.25,19.21875,19.25,19.15625,19.5625,0.9,0.0,22.0,0.0
11.56648,0x386,0.0,0.0,1.0,6.25,0.76,0.25,19.3125,19.25,19.09375,19.40625,0.9,0.0,22.0,0.0
11.56672,0x316,0.0,0.0,1.0,6.25,0.76,0.25,19.3125,19.25,19.09375,19.40625,0.9,0.0,25.0,0.0
11.57114,0x2B0,0.0,0.0,1.0,6.25,0.76,0.25,19.3125,19.25,19.09375,19.40625,0.9,0.0,25.0,0.0
11.57625,0x220,0.0,0.0,1.0,6.25,0.58,0.2,19.3125,19.25,19.09375,19.40625,0.9,0.0,25.0,0.0
11.57682,0x316,0.0,0.0,1.0,6.25,0.58,0.2,19.3125,19.25,19.09375,19.40625,0.9,0.0,28.0,0.0
11.58114,0x2B0,0.0,0.0,1.0,6.25,0.58,0.2,19.3125,19.25,19.09375,19.40625,0.9,0.0,28.0,0.0
11.58625,0x220,0.0,0.0,1.0,6.25,0.42,0.36,19.3125,19.25,19.09375,19.40625,0.9,0.0,28.0,0.0
11.58648,0x386,0.0,0.0,1.0,6.25,0.42,0.36,19.4375,19.375,19.0625,19.125,0.9,0.0,28.0,0.0
11.58696,0x316,0.0,0.0,1.0,6.25,0.42,0.36,19.4375,19.375,19.0625,19.125,0.9,0.0,30.0,0.0
11.59114,0x2B0,0.0,0.0,1.0,6.25,0.42,0.36,19.4375,19.375,19.0625,19.125,0.9,0.0,30.0,0.0
11.59626,0x220,0.0,0.0,1.0,6.25,0.35,0.63,19.4375,19.375,19.0625,19.125,0.9,0.0,30.0,0.0
11.59675,0x316,0.0,0.0,1.0,6.25,0.35,0.63,19.4375,19.375,19.0625,19.125,0.9,0.0,33.0,0.0
11.60114,0x2B0,0.0,0.0,1.0,6.25,0.35,0.63,19.4375,19.375,19.0625,19.125,0.9,0.0,33.0,0.0
11.60625,0x220,0.0,0.0,1.0,6.25,0.46,0.79,19.4375,19.375,19.0625,19.125,0.9,0.0,33.0,0.0
11.60648,0x386,0.0,0.0,1.0,6.25,0.46,0.79,19.46875,19.5,19.03125,19.1875,0.9,0.0,33.0,0.0
11.60672,0x316,0.0,0.0,1.0,6.25,0.46,0.79,19.46875,19.5,19.03125,19.1875,0.9,0.0,35.0,0.0
11.61113,0x2B0,0.0,0.0,1.0,6.25,0.46,0.79,19.46875,19.5,19.03125,19.1875,0.9,0.0,35.0,0.0
11.61625,0x220,0.0,0.0,1.0,6.25,0.68,0.77,19.46875,19.5,19.03125,19.1875,0.9,0.0,35.0,0.0
11.61696,0x316,0.0,0.0,1.0,6.25,0.68,0.77,19.46875,19.5,19.03125,19.1875,0.9,0.0,38.0,0.0
11.62114,0x2B0,0.0,0.0,1.0,6.25,0.68,0.77,19.46875,19.5,19.03125,19.1875,0.9,0.0,38.0,0.0
11.62626,0x220,0.0,0.0,1.0,6.25,0.99,0.63,19.46875,19.5,19.03125,19.1875,0.9,0.0,38.0,0.0
11.62648,0x386,0.0,0.0,1.0,6.25,0.99,0.63,19.5625,19.59375,19.03125,19.15625,0.9,0.0,38.0,0.0
11.62696,0x316,0.0,0.0,1.0,6.25,0.99,0.63,19.5625,19.59375,19.03125,19.15625,0.9,0.0,38.0,0.0
11.63114,0x2B0,0.0,0.0,1.0,6.25,0.99,0.63,19.5625,19.59375,19.03125,19.15625,0.9,0.0,38.0,0.0
11.63627,0x220,0.0,0.0,1.0,6.25,1.34,0.44,19.5625,19.59375,19.03125,19.15625,0.9,0.0,38.0,0.0
11.63678,0x316,0.0,0.0,1.0,6.25,1.34,0.44,19.5625,19.59375,19.03125,19.15625,0.9,0.0,38.0,0.0
11.64114,0x2B0,0.0,0.0,1.0,6.25,1.34,0.44,19.5625,19.59375,19.03125,19.15625,0.9,0.0,38.0,0.0
11.64626,0x220,0.0,0.0,1.0,6.25,1.56,0.33,19.5625,19.59375,19.03125,19.15625,0.9,0.0,38.0,0.0
11.64649,0x386,0.0,0.0,1.0,6.25,1.56,0.33,19.59375,19.5625,18.96875,19.28125,0.9,0.0,38.0,0.0
11.64696,0x316,0.0,0.0,1.0,6.25,1.56,0.33,19.59375,19.5625,18.96875,19.28125,0.9,0.0,38.0,0.0
11.65121,0x2B0,0.0,0.0,1.0,6.25,1.56,0.33,19.59375,19.5625,18.96875,19.28125,0.9,0.0,38.0,0.0
11.65626,0x220,0.0,0.0,1.0,6.25,1.68,0.38,19.59375,19.5625,18.96875,19.28125,0.9,0.0,38.0,0.0
11.65681,0x316,0.0,0.0,1.0,6.25,1.68,0.38,19.59375,19.5625,18.96875,19.28125,0.9,0.0,33.0,0.0
11.66119,0x2B0,0.0,0.0,1.0,6.25,1.68,0.38,19.59375,19.5625,18.96875,19.28125,0.7,8.0,33.0,0.0
11.66627,0x220,0.0,0.0,1.0,6.25,1.74,0.48,19.59375,19.5625,18.96875,19.28125,0.7,8.0,33.0,0.0
11.66649,0x386,0.0,0.0,1.0,6.25,1.74,0.48,19.53125,19.5625,19.125,19.40625,0.7,8.0,33.0,0.0
11.66697,0x316,0.0,0.0,1.0,6.25,1.74,0.48,19.53125,19.5625,19.125,19.40625,0.7,8.0,28.0,0.0
11.67119,0x2B0,0.0,0.0,1.0,6.25,1.74,0.48,19.53125,19.5625,19.125,19.40625,0.7,8.0,28.0,0.0
11.67625,0x220,0.0,0.0,1.0,6.25,1.68,0.42,19.53125,19.5625,19.125,19.40625,0.7,8.0,28.0,0.0
11.67673,0x316,0.0,0.0,1.0,6.25,1.68,0.42,19.53125,19.5625,19.125,19.40625,0.7,8.0,22.0,0.0
11.68119,0x2B0,0.0,0.0,1.0,6.25,1.68,0.42,19.53125,19.5625,19.125,19.40625,0.7,0.0,22.0,0.0
11.68625,0x220,0.0,0.0,1.0,6.25,1.53,0.24,19.53125,19.5625,19.125,19.40625,0.7,0.0,22.0,0.0
11.68648,0x386,0.0,0.0,1.0,6.25,1.53,0.24,19.71875,19.625,19.28125,19.28125,0.7,0.0,22.0,0.0
11.68672,0x316,0.0,0.0,1.0,6.25,1.53,0.24,19.71875,19.625,19.28125,19.28125,0.7,0.0,20.0,0.0
11.69117,0x2B0,0.0,0.0,1.0,6.25,1.53,0.24,19.71875,19.625,19.28125,19.28125,0.6,0.0,20.0,0.0
11.69625,0x220,0.0,0.0,1.0,6.25,1.39,0.12,19.71875,19.625,19.28125,19.28125,0.6,0.0,20.0,0.0
11.69678,0x316,0.0,0.0,1.0,6.25,1.39,0.12,19.71875,19.625,19.28125,19.28125,0.6,0.0,17.0,0.0
11.7012,0x2B0,0.0,0.0,1.0,6.25,1.39,0.12,19.71875,19.625,19.28125,19.28125,0.6,0.0,17.0,0.0
11.70625,0x220,0.0,0.0,1.0,6.25,1.35,0.1,19.71875,19.625,19.28125,19.28125,0.6,0.0,17.0,0.0
11.70648,0x386,0.0,0.0,1.0,6.25,1.35,0.1,19.71875,19.65625,19.25,19.28125,0.6,0.0,17.0,0.0
11.70695,0x316,0.0,0.0,1.0,6.25,1.35,0.1,19.71875,19.65625,19.25,19.28125,0.6,0.0,17.0,0.0
11.71118,0x2B0,0.0,0.0,1.0,6.25,1.35,0.1,19.71875,19.65625,19.25,19.28125,0.6,0.0,17.0,0.0
11.71626,0x220,0.0,0.0,1.0,6.25,1.34,0.06,19.71875,19.65625,19.25,19.28125,0.6,0.0,17.0,0.0
11.71682,0x316,0.0,0.0,1.0,6.25,1.34,0.06,19.71875,19.65625,19.25,19.28125,0.6,0.0,17.0,0.0
11.72118,0x2B0,0.0,0.0,1.0,6.25,1.34,0.06,19.71875,19.65625,19.25,19.28125,0.6,0.0,17.0,0.0
11.72625,0x220,0.0,0.0,1.0,6.25,1.36,0.0,19.71875,19.65625,19.25,19.28125,0.6,0.0,17.0,0.0
11.72648,0x386,0.0,0.0,1.0,6.25,1.36,0.0,19.8125,19.75,19.15625,19.25,0.6,0.0,17.0,0.0
11.72671,0x316,0.0,0.0,1.0,6.25,1.36,0.0,19.8125,19.75,19.15625,19.25,0.6,0.0,17.0,0.0
11.73118,0x2B0,0.0,0.0,1.0,6.25,1.36,0.0,19.8125,19.75,19.15625,19.25,0.6,0.0,17.0,0.0
11.73626,0x220,0.0,0.0,1.0,6.25,1.4,-0.07,19.8125,19.75,19.15625,19.25,0.6,0.0,17.0,0.0
11.73682,0x316,0.0,0.0,1.0,6.25,1.4,-0.07,19.8125,19.75,19.15625,19.25,0.6,0.0,25.0,0.0
11.74114,0x2B0,0.0,0.0,1.0,6.25,1.4,-0.07,19.8125,19.75,19.15625,19.25,0.6,0.0,25.0,0.0
11.74626,0x220,0.0,0.0,1.0,6.25,1.39,-0.16,19.8125,19.75,19.15625,19.25,0.6,0.0,25.0,0.0
11.74648,0x386,0.0,0.0,1.0,6.25,1.39,-0.16,19.78125,19.78125,19.15625,19.1875,0.6,0.0,25.0,0.0
11.74695,0x316,0.0,0.0,1.0,6.25,1.39,-0.16,19.78125,19.78125,19.15625,19.1875,0.6,0.0,30.0,0.0
11.75114,0x2B0,0.0,0.0,1.0,6.25,1.39,-0.16,19.78125,19.78125,19.15625,19.1875,0.6,0.0,30.0,0.0
11.75626,0x220,0.0,0.0,1.0,6.25,1.42,-0.17,19.78125,19.78125,19.15625,19.1875,0.6,0.0,30.0,0.0
11.75674,0x316,0.0,0.0,1.0,6.25,1.42,-0.17,19.78125,19.78125,19.15625,19.1875,0.6,0.0,33.0,0.0
11.76119,0x2B0,0.0,0.0,1.0,6.25,1.42,-0.17,19.78125,19.78125,19.15625,19.1875,0.6,0.0,33.0,0.0
11.76627,0x220,0.0,0.0,1.0,6.25,1.53,-0.11,19.78125,19.78125,19.15625,19.1875,0.6,0.0,33.0,0.0
11.7665,0x386,0.0,0.0,1.0,6.25,1.53,-0.11,19.84375,19.875,19.25,18.96875,0.6,0.0,33.0,0.0
11.76674,0x316,0.0,0.0,1.0,6.25,1.53,-0.11,19.84375,19.875,19.25,18.96875,0.6,0.0,38.0,0.0
11.77116,0x2B0,0.0,0.0,1.0,6.25,1.53,-0.11,19.84375,19.875,19.25,18.96875,0.7,0.0,38.0,0.0
11.77626,0x220,0.0,0.0,1.0,6.25,1.7,-0.07,19.84375,19.875,19.25,18.96875,0.7,0.0,38.0,0.0
11.77678,0x316,0.0,0.0,1.0,6.25,1.7,-0.07,19.84375,19.875,19.25,18.96875,0.7,0.0,38.0,0.0
11.78113,0x2B0,0.0,0.0,1.0,6.25,1.7,-0.07,19.84375,19.875,19.25,18.96875,0.7,0.0,38.0,0.0
11.78626,0x220,0.0,0.0,1.0,6.25,1.89,-0.02,19.84375,19.875,19.25,18.96875,0.7,0.0,38.0,0.0
11.78649,0x386,0.0,0.0,1.0,6.25,1.89,-0.02,19.875,19.9375,19.15625,19.15625,0.7,0.0,38.0,0.0
11.78673,0x316,0.0,0.0,1.0,6.25,1.89,-0.02,19.875,19.9375,19.15625,19.15625,0.7,0.0,38.0,0.0
11.79114,0x2B0,0.0,0.0,1.0,6.25,1.89,-0.02,19.875,19.9375,19.15625,19.15625,0.7,0.0,38.0,0.0
11.79626,0x220,0.0,0.0,1.0,6.25,2.04,0.0,19.875,19.9375,19.15625,19.15625,0.7,0.0,38.0,0.0
11.79674,0x316,0.0,0.0,1.0,6.25,2.04,0.0,19.875,19.9375,19.15625,19.15625,0.7,0.0,35.0,0.0
11.80114,0x2B0,0.0,0.0,1.0,6.25,2.04,0.0,19.875,19.9375,19.15625,19.15625,0.7,0.0,35.0,0.0
11.80626,0x220,0.0,0.0,1.0,6.25,2.11,-0.07,19.875,19.9375,19.15625,19.15625,0.7,0.0,35.0,0.0
11.80649,0x386,0.0,0.0,1.0,6.25,2.11,-0.07,19.84375,19.9375,19.1875,19.46875,0.7,0.0,35.0,0.0
11.80673,0x316,0.0,0.0,1.0,6.25,2.11,-0.07,19.84375,19.9375,19.1875,19.46875,0.7,0.0,30.0,0.0
11.81114,0x2B0,0.0,0.0,1.0,6.25,2.11,-0.07,19.84375,19.9375,19.1875,19.46875,0.7,0.0,30.0,0.0
11.81626,0x220,0.0,0.0,1.0,6.25,1.97,-0.15,19.84375,19.9375,19.1875,19.46875,0.7,0.0,30.0,0.0
11.81693,0x316,0.0,0.0,1.0,6.25,1.97,-0.15,19.84375,19.9375,19.1875,19.46875,0.7,0.0,25.0,0.0
11.82111,0x2B0,0.0,0.0,1.0,6.25,1.97,-0.15,19.84375,19.9375,19.1875,19.46875,0.7,0.0,25.0,0.0
11.82626,0x220,0.0,0.0,1.0,6.25,1.68,-0.06,19.84375,19.9375,19.1875,19.46875,0.7,0.0,25.0,0.0
11.82649,0x386,0.0,0.0,1.0,6.25,1.68,-0.06,19.75,19.78125,19.1875,19.34375,0.7,0.0,25.0,0.0
11.82696,0x316,0.0,0.0,1.0,6.25,1.68,-0.06,19.75,19.78125,19.1875,19.34375,0.7,0.0,25.0,0.0
11.83112,0x2B0,0.0,0.0,1.0,6.25,1.68,-0.06,19.75,19.78125,19.1875,19.34375,0.7,0.0,25.0,0.0
11.83626,0x220,0.0,0.0,1.0,6.25,1.36,0.1,19.75,19.78125,19.1875,19.34375,0.7,0.0,25.0,0.0
11.83675,0x316,0.0,0.0,1.0,6.25,1.36,0.1,19.75,19.78125,19.1875,19.34375,0.7,0.0,15.0,0.0
11.84118,0x2B0,0.0,0.0,1.0,6.25,1.36,0.1,19.75,19.78125,19.1875,19.34375,0.7,0.0,15.0,0.0
11.84626,0x220,0.0,0.0,1.0,6.25,1.14,0.21,19.75,19.78125,19.1875,19.34375,0.7,0.0,15.0,0.0
11.84648,0x386,0.0,0.0,1.0,6.25,1.14,0.21,19.84375,19.84375,18.9375,19.53125,0.7,0.0,15.0,0.0
11.84696,0x316,0.0,0.0,1.0,6.25,1.14,0.21,19.84375,19.84375,18.9375,19.53125,0.7,0.0,12.0,0.0
11.85118,0x2B0,0.0,0.0,1.0,6.25,1.14,0.21,19.84375,19.84375,18.9375,19.53125,0.7,0.0,12.0,0.0
11.85627,0x220,0.0,0.0,1.0,6.25,1.03,0.23,19.84375,19.84375,18.9375,19.53125,0.7,0.0,12.0,0.0
11.85679,0x316,0.0,0.0,1.0,6.25,1.03,0.23,19.84375,19.84375,18.9375,19.53125,0.7,0.0,12.0,0.0
11.86119,0x2B0,0.0,0.0,1.0,6.25,1.03,0.23,19.84375,19.84375,18.9375,19.53125,0.7,0.0,12.0,0.0
11.86626,0x220,0.0,0.0,1.0,6.25,1.0,0.22,19.84375,19.84375,18.9375,19.53125,0.7,0.0,12.0,0.0
11.86649,0x386,0.0,0.0,1.0,6.25,1.0,0.22,19.6875,19.75,18.9375,19.40625,0.7,0.0,12.0,0.0
11.86696,0x316,0.0,0.0,1.0,6.25,1.0,0.22,19.6875,19.75,18.9375,19.40625,0.7,0.0,10.0,0.0
11.87118,0x2B0,0.0,0.0,1.0,6.25,1.0,0.22,19.6875,19.75,18.9375,19.40625,0.7,0.0,10.0,0.0
11.87626,0x220,0.0,0.0,1.0,6.25,1.03,0.22,19.6875,19.75,18.9375,19.40625,0.7,0.0,10.0,0.0
11.8767,0x316,0.0,0.0,1.0,6.25,1.03,0.22,19.6875,19.75,18.9375,19.40625,0.7,0.0,10.0,0.0
11.88117,0x2B0,0.0,0.0,1.0,6.25,1.03,0.22,19.6875,19.75,18.9375,19.40625,0.7,0.0,10.0,0.0
11.88625,0x220,0.0,0.0,1.0,6.25,1.14,0.26,19.6875,19.75,18.9375,19.40625,0.7,0.0,10.0,0.0
11.88648,0x386,0.0,0.0,1.0,6.25,1.14,0.26,19.6875,19.6875,19.3125,19.28125,0.7,0.0,10.0,0.0
11.88672,0x316,0.0,0.0,1.0,6.25,1.14,0.26,19.6875,19.6875,19.3125,19.28125,0.7,0.0,12.0,0.0
11.89111,0x2B0,0.0,0.0,1.0,6.25,1.14,0.26,19.6875,19.6875,19.3125,19.28125,0.7,0.0,12.0,0.0
11.89627,0x220,0.0,0.0,1.0,6.25,1.3,0.33,19.6875,19.6875,19.3125,19.28125,0.7,0.0,12.0,0.0
11.89672,0x316,0.0,0.0,1.0,6.25,1.3,0.33,19.6875,19.6875,19.3125,19.28125,0.7,0.0,17.0,0.0
11.90113,0x2B0,0.0,0.0,1.0,6.25,1.3,0.33,19.6875,19.6875,19.3125,19.28125,0.7,0.0,17.0,0.0
11.90626,0x220,0.0,0.0,1.0,6.25,1.52,0.36,19.6875,19.6875,19.3125,19.28125,0.7,0.0,17.0,0.0
11.90648,0x386,0.0,0.0,1.0,6.25,1.52,0.36,19.625,19.6875,19.375,19.5625,0.7,0.0,17.0,0.0
11.90696,0x316,0.0,0.0,1.0,6.25,1.52,0.36,19.625,19.6875,19.375,19.5625,0.7,0.0,20.0,0.0
11.91113,0x2B0,0.0,0.0,1.0,6.25,1.52,0.36,19.625,19.6875,19.375,19.5625,0.7,0.0,20.0,0.0
11.91627,0x220,0.0,0.0,1.0,6.25,1.79,0.26,19.625,19.6875,19.375,19.5625,0.7,0.0,20.0,0.0
11.91688,0x316,0.0,0.0,1.0,6.25,1.79,0.26,19.625,19.6875,19.375,19.5625,0.7,0.0,22.0,0.0
11.92112,0x2B0,0.0,0.0,1.0,6.25,1.79,0.26,19.625,19.6875,19.375,19.5625,0.7,0.0,22.0,0.0
11.92626,0x220,0.0,0.0,1.0,6.25,1.98,0.08,19.625,19.6875,19.375,19.5625,0.7,0.0,22.0,0.0
11.92649,0x386,0.0,0.0,1.0,6.25,1.98,0.08,19.53125,19.6875,19.375,19.53125,0.7,0.0,22.0,0.0
11.92673,0x316,0.0,0.0,1.0,6.25,1.98,0.08,19.53125,19.6875,19.375,19.53125,0.7,0.0,22.0,0.0
11.93113,0x2B0,0.0,0.0,1.0,6.25,1.98,0.08,19.53125,19.6875,19.375,19.53125,0.8,0.0,22.0,0.0
11.93628,0x220,0.0,0.0,1.0,6.25,2.07,0.0,19.53125,19.6875,19.375,19.53125,0.8,0.0,22.0,0.0
11.93675,0x316,0.0,0.0,1.0,6.25,2.07,0.0,19.53125,19.6875,19.375,19.53125,0.8,0.0,25.0,0.0
11.94111,0x2B0,0.0,0.0,1.0,6.25,2.07,0.0,19.53125,19.6875,19.375,19.53125,0.8,0.0,25.0,0.0
11.94626,0x220,0.0,0.0,1.0,6.25,2.15,-0.01,19.53125,19.6875,19.375,19.53125,0.8,0.0,25.0,0.0
11.94649,0x386,0.0,0.0,1.0,6.25,2.15,-0.01,19.53125,19.5625,19.53125,19.46875,0.8,0.0,25.0,0.0
11.94696,0x316,0.0,0.0,1.0,6.25,2.15,-0.01,19.53125,19.5625,19.53125,19.46875,0.8,0.0,22.0,0.0
11.95115,0x2B0,0.0,0.0,1.0,6.25,2.15,-0.01,19.53125,19.5625,19.53125,19.46875,0.9,0.0,22.0,0.0
11.95627,0x220,0.0,0.0,1.0,6.25,2.24,-0.08,19.53125,19.5625,19.53125,19.46875,0.9,0.0,22.0,0.0
11.95674,0x316,0.0,0.0,1.0,6.25,2.24,-0.08,19.53125,19.5625,19.53125,19.46875,0.9,0.0,22.0,0.0
11.9612,0x2B0,0.0,0.0,1.0,6.25,2.24,-0.08,19.53125,19.5625,19.53125,19.46875,0.9,0.0,22.0,0.0
11.96627,0x220,0.0,0.0,1.0,6.25,2.24,-0.23,19.53125,19.5625,19.53125,19.46875,0.9,0.0,22.0,0.0
11.9665,0x386,0.0,0.0,1.0,6.25,2.24,-0.23,19.625,19.65625,19.46875,19.5625,0.9,0.0,22.0,0.0
11.96674,0x316,0.0,0.0,1.0,6.25,2.24,-0.23,19.625,19.65625,19.46875,19.5625,0.9,0.0,17.0,0.0
11.9711,0x2B0,0.0,0.0,1.0,6.25,2.24,-0.23,19.625,19.65625,19.46875,19.5625,0.9,0.0,17.0,0.0
11.97627,0x220,0.0,0.0,1.0,6.25,2.13,-0.37,19.625,19.65625,19.46875,19.5625,0.9,0.0,17.0,0.0
11.97671,0x316,0.0,0.0,1.0,6.25,2.13,-0.37,19.625,19.65625,19.46875,19.5625,0.9,0.0,15.0,0.0
11.98114,0x2B0,0.0,0.0,1.0,6.25,2.13,-0.37,19.625,19.65625,19.46875,19.5625,1.0,0.0,15.0,0.0
11.98627,0x220,0.0,0.0,1.0,6.25,1.95,-0.44,19.625,19.65625,19.46875,19.5625,1.0,0.0,15.0,0.0
11.98649,0x386,0.0,0.0,1.0,6.25,1.95,-0.44,19.65625,19.75,19.46875,19.59375,1.0,0.0,15.0,0.0
11.98696,0x316,0.0,0.0,1.0,6.25,1.95,-0.44,19.65625,19.75,19.46875,19.59375,1.0,0.0,15.0,0.0
11.99111,0x2B0,0.0,0.0,1.0,6.25,1.95,-0.44,19.65625,19.75,19.46875,19.59375,1.0,0.0,15.0,0.0
11.99626,0x220,0.0,0.0,1.0,6.25,1.75,-0.39,19.65625,19.75,19.46875,19.59375,1.0,0.0,15.0,0.0
11.99674,0x316,0.0,0.0,1.0,6.25,1.75,-0.39,19.65625,19.75,19.46875,19.59375,1.0,0.0,15.0,0.0
12.00113,0x2B0,0.0,0.0,1.0,6.25,1.75,-0.39,19.65625,19.75,19.46875,19.59375,1.0,0.0,15.0,0.0
12.00626,0x220,0.0,0.0,1.0,6.25,1.62,-0.32,19.65625,19.75,19.46875,19.59375,1.0,0.0,15.0,0.0
12.00649,0x386,0.0,0.0,1.0,6.25,1.62,-0.32,19.75,19.6875,19.5625,19.40625,1.0,0.0,15.0,0.0
12.00672,0x316,0.0,0.0,1.0,6.25,1.62,-0.32,19.75,19.6875,19.5625,19.40625,1.0,0.0,15.0,0.0
12.0112,0x2B0,0.0,0.0,1.0,6.25,1.62,-0.32,19.75,19.6875,19.5625,19.40625,1.0,0.0,15.0,0.0
12.01627,0x220,0.0,0.0,1.0,6.25,1.54,-0.28,19.75,19.6875,19.5625,19.40625,1.0,0.0,15.0,0.0
12.01688,0x316,0.0,0.0,1.0,6.25,1.54,-0.28,19.75,19.6875,19.5625,19.40625,1.0,0.0,15.0,0.0
12.02115,0x2B0,0.0,0.0,1.0,6.25,1.54,-0.28,19.75,19.6875,19.5625,19.40625,1.1,0.0,15.0,0.0
12.02626,0x220,0.0,0.0,1.0,6.25,1.49,-0.26,19.75,19.6875,19.5625,19.40625,1.1,0.0,15.0,0.0
12.02649,0x386,0.0,0.0,1.0,6.25,1.49,-0.26,19.75,19.71875,19.40625,19.53125,1.1,0.0,15.0,0.0
12.02696,0x316,0.0,0.0,1.0,6.25,1.49,-0.26,19.75,19.71875,19.40625,19.53125,1.1,0.0,15.0,0.0
12.03112,0x2B0,0.0,0.0,1.0,6.25,1.49,-0.26,19.75,19.71875,19.40625,19.53125,1.1,0.0,15.0,0.0
12.03627,0x220,0.0,0.0,1.0,6.25,1.52,-0.26,19.75,19.71875,19.40625,19.53125,1.1,0.0,15.0,0.0
12.03677,0x316,0.0,0.0,1.0,6.25,1.52,-0.26,19.75,19.71875,19.40625,19.53125,1.1,0.0,22.0,0.0
12.04119,0x2B0,0.0,0.0,1.0,6.25,1.52,-0.26,19.75,19.71875,19.40625,19.53125,1.1,0.0,22.0,0.0
12.04627,0x220,0.0,0.0,1.0,6.25,1.57,-0.27,19.75,19.71875,19.40625,19.53125,1.1,0.0,22.0,0.0
12.0465,0x386,0.0,0.0,1.0,6.25,1.57,-0.27,19.8125,19.8125,19.25,19.53125,1.1,0.0,22.0,0.0
12.04697,0x316,0.0,0.0,1.0,6.25,1.57,-0.27,19.8125,19.8125,19.25,19.53125,1.1,0.0,25.0,0.0
12.05113,0x2B0,0.0,0.0,1.0,6.25,1.57,-0.27,19.8125,19.8125,19.25,19.53125,1.3,8.0,25.0,0.0
12.05626,0x220,0.0,0.0,1.0,6.25,1.58,-0.25,19.8125,19.8125,19.25,19.53125,1.3,8.0,25.0,0.0
12.05671,0x316,0.0,0.0,1.0,6.25,1.58,-0.25,19.8125,19.8125,19.25,19.53125,1.3,8.0,28.0,0.0
12.06109,0x2B0,0.0,0.0,1.0,6.25,1.58,-0.25,19.8125,19.8125,19.25,19.53125,1.3,8.0,28.0,0.0
12.06627,0x220,0.0,0.0,1.0,6.25,1.53,-0.18,19.8125,19.8125,19.25,19.53125,1.3,8.0,28.0,0.0
12.0665,0x386,0.0,0.0,1.0,6.25,1.53,-0.18,19.90625,19.78125,19.28125,19.46875,1.3,8.0,28.0,0.0
12.06697,0x316,0.0,0.0,1.0,6.25,1.53,-0.18,19.90625,19.78125,19.28125,19.46875,1.3,8.0,28.0,0.0
12.07113,0x2B0,0.0,0.0,1.0,6.25,1.53,-0.18,19.90625,19.78125,19.28125,19.46875,1.4,0.0,28.0,0.0
12.07627,0x220,0.0,0.0,1.0,6.25,1.43,-0.07,19.90625,19.78125,19.28125,19.46875,1.4,0.0,28.0,0.0
12.0768,0x316,0.0,0.0,1.0,6.25,1.43,-0.07,19.90625,19.78125,19.28125,19.46875,1.4,0.0,28.0,0.0
12.08113,0x2B0,0.0,0.0,1.0,6.25,1.43,-0.07,19.90625,19.78125,19.28125,19.46875,1.4,0.0,28.0,0.0
12.08626,0x220,0.0,0.0,1.0,6.25,1.35,0.06,19.90625,19.78125,19.28125,19.46875,1.4,0.0,28.0,0.0
12.0865,0x386,0.0,0.0,1.0,6.25,1.35,0.06,19.875,19.8125,19.28125,19.40625,1.4,0.0,28.0,0.0
12.08674,0x316,0.0,0.0,1.0,6.25,1.35,0.06,19.875,19.8125,19.28125,19.40625,1.4,0.0,28.0,0.0
12.09112,0x2B0,0.0,0.0,1.0,6.25,1.35,0.06,19.875,19.8125,19.28125,19.40625,1.4,0.0,28.0,0.0
12.09627,0x220,0.0,0.0,1.0,6.25,1.33,0.2,19.875,19.8125,19.28125,19.40625,1.4,0.0,28.0,0.0
12.09669,0x316,0.0,0.0,1.0,6.25,1.33,0.2,19.875,19.8125,19.28125,19.40625,1.4,0.0,25.0,0.0
12.10112,0x2B0,0.0,0.0,1.0,6.25,1.33,0.2,19.875,19.8125,19.28125,19.40625,1.4,0.0,25.0,0.0
12.10627,0x220,0.0,0.0,1.0,6.25,1.31,0.26,19.875,19.8125,19.28125,19.40625,1.4,0.0,25.0,0.0
12.1065,0x386,0.0,0.0,1.0,6.25,1.31,0.26,19.875,19.9375,19.25,19.3125,1.4,0.0,25.0,0.0
12.10697,0x316,0.0,0.0,1.0,6.25,1.31,0.26,19.875,19.9375,19.25,19.3125,1.4,0.0,22.0,0.0
12.11112,0x2B0,0.0,0.0,1.0,6.25,1.31,0.26,19.875,19.9375,19.25,19.3125,1.4,0.0,22.0,0.0
12.11627,0x220,0.0,0.0,1.0,6.25,1.28,0.28,19.875,19.9375,19.25,19.3125,1.4,0.0,22.0,0.0
12.11695,0x316,0.0,0.0,1.0,6.25,1.28,0.28,19.875,19.9375,19.25,19.3125,1.4,0.0,20.0,0.0
12.12112,0x2B0,0.0,0.0,1.0,6.25,1.28,0.28,19.875,19.9375,19.25,19.3125,1.4,0.0,20.0,0.0
12.12626,0x220,0.0,0.0,1.0,6.25,1.25,0.31,19.875,19.9375,19.25,19.3125,1.4,0.0,20.0,0.0
12.1265,0x386,0.0,0.0,1.0,6.25,1.25,0.31,19.96875,19.90625,19.21875,19.28125,1.4,0.0,20.0,0.0
12.12674,0x316,0.0,0.0,1.0,6.25,1.25,0.31,19.96875,19.90625,19.21875,19.28125,1.4,0.0,20.0,0.0
12.13113,0x2B0,0.0,0.0,1.0,6.25,1.25,0.31,19.96875,19.90625,19.21875,19.28125,1.4,0.0,20.0,0.0
12.13627,0x220,0.0,0.0,1.0,6.25,1.25,0.33,19.96875,19.90625,19.21875,19.28125,1.4,0.0,20.0,0.0
12.13675,0x316,0.0,0.0,1.0,6.25,1.25,0.33,19.96875,19.90625,19.21875,19.28125,1.4,0.0,17.0,0.0
12.14112,0x2B0,0.0,0.0,1.0,6.25,1.25,0.33,19.96875,19.90625,19.21875,19.28125,1.4,0.0,17.0,0.0
12.14627,0x220,0.0,0.0,1.0,6.25,1.27,0.29,19.96875,19.90625,19.21875,19.28125,1.4,0.0,17.0,0.0
12.14651,0x386,0.0,0.0,1.0,6.25,1.27,0.29,19.875,20.0,19.3125,19.3125,1.4,0.0,17.0,0.0
12.14698,0x316,0.0,0.0,1.0,6.25,1.27,0.29,19.875,20.0,19.3125,19.3125,1.4,0.0,17.0,0.0
12.15113,0x2B0,0.0,0.0,1.0,6.25,1.27,0.29,19.875,20.0,19.3125,19.3125,1.4,0.0,17.0,0.0
12.15628,0x220,0.0,0.0,1.0,6.25,1.32,0.19,19.875,20.0,19.3125,19.3125,1.4,0.0,17.0,0.0
12.1568,0x316,0.0,0.0,1.0,6.25,1.32,0.19,19.875,20.0,19.3125,19.3125,1.4,0.0,17.0,0.0
12.16112,0x2B0,0.0,0.0,1.0,6.25,1.32,0.19,19.875,20.0,19.3125,19.3125,1.4,0.0,17.0,0.0
12.16627,0x220,0.0,0.0,1.0,6.25,1.33,0.09,19.875,20.0,19.3125,19.3125,1.4,0.0,17.0,0.0
12.16651,0x386,0.0,0.0,1.0,6.25,1.33,0.09,19.875,19.9375,19.375,19.4375,1.4,0.0,17.0,0.0
12.16674,0x316,0.0,0.0,1.0,6.25,1.33,0.09,19.875,19.9375,19.375,19.4375,1.4,0.0,17.0,0.0
12.17111,0x2B0,0.0,0.0,1.0,6.25,1.33,0.09,19.875,19.9375,19.375,19.4375,1.4,0.0,17.0,0.0
12.17627,0x220,0.0,0.0,1.0,6.25,1.31,0.12,19.875,19.9375,19.375,19.4375,1.4,0.0,17.0,0.0
12.17671,0x316,0.0,0.0,1.0,6.25,1.31,0.12,19.875,19.9375,19.375,19.4375,1.4,0.0,17.0,0.0
12.18111,0x2B0,0.0,0.0,1.0,6.25,1.31,0.12,19.875,19.9375,19.375,19.4375,1.4,0.0,17.0,0.0
12.18627,0x220,0.0,0.0,1.0,6.25,1.37,0.31,19.875,19.9375,19.375,19.4375,1.4,0.0,17.0,0.0
12.18649,0x386,0.0,0.0,1.0,6.25,1.37,0.31,19.78125,19.90625,19.375,19.65625,1.4,0.0,17.0,0.0
12.18697,0x316,0.0,0.0,1.0,6.25,1.37,0.31,19.78125,19.90625,19.375,19.65625,1.4,0.0,17.0,0.0
12.19111,0x2B0,0.0,0.0,1.0,6.25,1.37,0.31,19.78125,19.90625,19.375,19.65625,1.4,0.0,17.0,0.0
12.19627,0x220,0.0,0.0,1.0,6.25,1.5,0.42,19.78125,19.90625,19.375,19.65625,1.4,0.0,17.0,0.0
12.19676,0x316,0.0,0.0,1.0,6.25,1.5,0.42,19.78125,19.90625,19.375,19.65625,1.4,0.0,17.0,0.0
12.20116,0x2B0,0.0,0.0,1.0,6.25,1.5,0.42,19.78125,19.90625,19.375,19.65625,1.4,0.0,17.0,0.0
12.20626,0x220,0.0,0.0,1.0,6.25,1.6,0.28,19.78125,19.90625,19.375,19.65625,1.4,0.0,17.0,0.0
12.20649,0x386,0.0,0.0,1.0,6.25,1.6,0.28,19.84375,19.84375,19.1875,19.40625,1.4,0.0,17.0,0.0
12.20673,0x316,0.0,0.0,1.0,6.25,1.6,0.28,19.84375,19.84375,19.1875,19.40625,1.4,0.0,17.0,0.0
12.21114,0x2B0,0.0,0.0,1.0,6.25,1.6,0.28,19.84375,19.84375,19.1875,19.40625,1.4,0.0,17.0,0.0
12.21627,0x220,0.0,0.0,1.0,6.25,1.66,0.07,19.84375,19.84375,19.1875,19.40625,1.4,0.0,17.0,0.0
12.21686,0x316,0.0,0.0,1.0,6.25,1.66,0.07,19.84375,19.84375,19.1875,19.40625,1.4,0.0,17.0,0.0
12.22116,0x2B0,0.0,0.0,1.0,6.25,1.66,0.07,19.84375,19.84375,19.1875,19.40625,1.2,8.0,17.0,0.0
12.22626,0x220,0.0,0.0,1.0,6.25,1.6,0.04,19.84375,19.84375,19.1875,19.40625,1.2,8.0,17.0,0.0
12.22649,0x386,0.0,0.0,1.0,6.25,1.6,0.04,19.8125,19.75,19.25,19.40625,1.2,8.0,17.0,0.0
12.22673,0x316,0.0,0.0,1.0,6.25,1.6,0.04,19.8125,19.75,19.25,19.40625,1.2,8.0,17.0,0.0
12.23115,0x2B0,0.0,0.0,1.0,6.25,1.6,0.04,19.8125,19.75,19.25,19.40625,1.2,8.0,17.0,0.0
12.23627,0x220,0.0,0.0,1.0,6.25,1.48,0.15,19.8125,19.75,19.25,19.40625,1.2,8.0,17.0,0.0
12.23681,0x316,0.0,0.0,1.0,6.25,1.48,0.15,19.8125,19.75,19.25,19.40625,1.2,8.0,15.0,0.0
12.24114,0x2B0,0.0,0.0,1.0,6.25,1.48,0.15,19.8125,19.75,19.25,19.40625,1.1,0.0,15.0,0.0
12.24628,0x220,0.0,0.0,1.0,6.25,1.37,0.2,19.8125,19.75,19.25,19.40625,1.1,0.0,15.0,0.0
12.24651,0x386,0.0,0.0,1.0,6.25,1.37,0.2,19.8125,19.8125,19.28125,19.46875,1.1,0.0,15.0,0.0
12.24697,0x316,0.0,0.0,1.0,6.25,1.37,0.2,19.8125,19.8125,19.28125,19.46875,1.1,0.0,15.0,0.0
12.2511,0x2B0,0.0,0.0,1.0,6.25,1.37,0.2,19.8125,19.8125,19.28125,19.46875,1.1,0.0,15.0,0.0
12.25627,0x220,0.0,0.0,1.0,6.25,1.32,0.12,19.8125,19.8125,19.28125,19.46875,1.1,0.0,15.0,0.0
12.25675,0x316,0.0,0.0,1.0,6.25,1.32,0.12,19.8125,19.8125,19.28125,19.46875,1.1,0.0,15.0,0.0
12.26114,0x2B0,0.0,0.0,1.0,6.25,1.32,0.12,19.8125,19.8125,19.28125,19.46875,1.1,0.0,15.0,0.0
12.26628,0x220,0.0,0.0,1.0,6.25,1.38,0.05,19.8125,19.8125,19.28125,19.46875,1.1,0.0,15.0,0.0
12.26651,0x386,0.0,0.0,1.0,6.25,1.38,0.05,19.71875,19.78125,19.46875,19.53125,1.1,0.0,15.0,0.0
12.26674,0x316,0.0,0.0,1.0,6.25,1.38,0.05,19.71875,19.78125,19.46875,19.53125,1.1,0.0,15.0,0.0
12.27108,0x2B0,0.0,0.0,1.0,6.25,1.38,0.05,19.71875,19.78125,19.46875,19.53125,1.1,0.0,15.0,0.0
12.27627,0x220,0.0,0.0,1.0,6.25,1.52,0.04,19.71875,19.78125,19.46875,19.53125,1.1,0.0,15.0,0.0
12.27681,0x316,0.0,0.0,1.0,6.25,1.52,0.04,19.71875,19.78125,19.46875,19.53125,1.1,0.0,15.0,0.0
12.28107,0x2B0,0.0,0.0,1.0,6.25,1.52,0.04,19.71875,19.78125,19.46875,19.53125,1.1,0.0,15.0,0.0
12.28627,0x220,0.0,0.0,1.0,6.25,1.68,0.08,19.71875,19.78125,19.46875,19.53125,1.1,0.0,15.0,0.0
12.2865,0x386,0.0,0.0,1.0,6.25,1.68,0.08,19.75,19.84375,19.4375,19.53125,1.1,0.0,15.0,0.0
12.28674,0x316,0.0,0.0,1.0,6.25,1.68,0.08,19.75,19.84375,19.4375,19.53125,1.1,0.0,17.0,0.0
12.29108,0x2B0,0.0,0.0,1.0,6.25,1.68,0.08,19.75,19.84375,19.4375,19.53125,1.1,0.0,17.0,0.0
12.29628,0x220,0.0,0.0,1.0,6.25,1.73,0.06,19.75,19.84375,19.4375,19.53125,1.1,0.0,17.0,0.0
12.29672,0x316,0.0,0.0,1.0,6.25,1.73,0.06,19.75,19.84375,19.4375,19.53125,1.1,0.0,17.0,0.0
12.30116,0x2B0,0.0,0.0,1.0,6.25,1.73,0.06,19.75,19.84375,19.4375,19.53125,1.1,0.0,17.0,0.0
12.30628,0x220,0.0,0.0,1.0,6.25,1.67,0.0,19.75,19.84375,19.4375,19.53125,1.1,0.0,17.0,0.0
12.30651,0x386,0.0,0.0,1.0,6.25,1.67,0.0,19.84375,19.84375,19.53125,19.59375,1.1,0.0,17.0,0.0
12.30676,0x316,0.0,0.0,1.0,6.25,1.67,0.0,19.84375,19.84375,19.53125,19.59375,1.1,0.0,20.0,0.0
12.31111,0x2B0,0.0,0.0,1.0,6.25,1.67,0.0,19.84375,19.84375,19.53125,19.59375,1.3,8.0,20.0,0.0
12.31628,0x220,0.0,0.0,1.0,6.25,1.61,0.0,19.84375,19.84375,19.53125,19.59375,1.3,8.0,20.0,0.0
12.31712,0x316,0.0,0.0,1.0,6.25,1.61,0.0,19.84375,19.84375,19.53125,19.59375,1.3,8.0,20.0,0.0
12.32108,0x2B0,0.0,0.0,1.0,6.25,1.61,0.0,19.84375,19.84375,19.53125,19.59375,1.3,8.0,20.0,0.0
12.32627,0x220,0.0,0.0,1.0,6.25,1.6,0.09,19.84375,19.84375,19.53125,19.59375,1.3,8.0,20.0,0.0
12.3265,0x386,0.0,0.0,1.0,6.25,1.6,0.09,19.78125,19.875,19.5625,19.6875,1.3,8.0,20.0,0.0
12.32674,0x316,0.0,0.0,1.0,6.25,1.6,0.09,19.78125,19.875,19.5625,19.6875,1.3,8.0,20.0,0.0
12.33108,0x2B0,0.0,0.0,1.0,6.25,1.6,0.09,19.78125,19.875,19.5625,19.6875,1.3,0.0,20.0,0.0
12.33627,0x220,0.0,0.0,1.0,6.25,1.65,0.14,19.78125,19.875,19.5625,19.6875,1.3,0.0,20.0,0.0
12.33675,0x316,0.0,0.0,1.0,6.25,1.65,0.14,19.78125,19.875,19.5625,19.6875,1.3,0.0,20.0,0.0
12.34108,0x2B0,0.0,0.0,1.0,6.25,1.65,0.14,19.78125,19.875,19.5625,19.6875,1.3,0.0,20.0,0.0
12.34627,0x220,0.0,0.0,1.0,6.25,1.64,0.04,19.78125,19.875,19.5625,19.6875,1.3,0.0,20.0,0.0
12.3465,0x386,0.0,0.0,1.0,6.25,1.64,0.04,20.0625,19.875,19.75,19.875,1.3,0.0,20.0,0.0
12.34697,0x316,0.0,0.0,1.0,6.25,1.64,0.04,20.0625,19.875,19.75,19.875,1.3,0.0,20.0,0.0
12.35108,0x2B0,0.0,0.0,1.0,6.25,1.64,0.04,20.0625,19.875,19.75,19.875,1.3,0.0,20.0,0.0
12.35627,0x220,0.0,0.0,1.0,6.25,1.5,0.04,20.0625,19.875,19.75,19.875,1.3,0.0,20.0,0.0
12.35681,0x316,0.0,0.0,1.0,6.25,1.5,0.04,20.0625,19.875,19.75,19.875,1.3,0.0,20.0,0.0
12.36109,0x2B0,0.0,0.0,1.0,6.25,1.5,0.04,20.0625,19.875,19.75,19.875,1.3,0.0,20.0,0.0
12.36628,0x220,0.0,0.0,1.0,6.25,1.31,0.28,20.0625,19.875,19.75,19.875,1.3,0.0,20.0,0.0
12.36651,0x386,0.0,0.0,1.0,6.25,1.31,0.28,19.9375,19.84375,19.6875,19.875,1.3,0.0,20.0,0.0
12.36698,0x316,0.0,0.0,1.0,6.25,1.31,0.28,19.9375,19.84375,19.6875,19.875,1.3,0.0,20.0,0.0
12.37107,0x2B0,0.0,0.0,1.0,6.25,1.31,0.28,19.9375,19.84375,19.6875,19.875,1.3,0.0,20.0,0.0
12.37627,0x220,0.0,0.0,1.0,6.25,1.16,0.45,19.9375,19.84375,19.6875,19.875,1.3,0.0,20.0,0.0
12.37671,0x316,0.0,0.0,1.0,6.25,1.16,0.45,19.9375,19.84375,19.6875,19.875,1.3,0.0,20.0,0.0
12.38115,0x2B0,0.0,0.0,1.0,6.25,1.16,0.45,19.9375,19.84375,19.6875,19.875,1.3,0.0,20.0,0.0
12.38627,0x220,0.0,0.0,1.0,6.25,1.04,0.32,19.9375,19.84375,19.6875,19.875,1.3,0.0,20.0,0.0
12.3865,0x386,0.0,0.0,1.0,6.25,1.04,0.32,20.0625,20.0,19.65625,19.8125,1.3,0.0,20.0,0.0
12.38675,0x316,0.0,0.0,1.0,6.25,1.04,0.32,20.0625,20.0,19.65625,19.8125,1.3,0.0,20.0,0.0
12.39114,0x2B0,0.0,0.0,1.0,6.25,1.04,0.32,20.0625,20.0,19.65625,19.8125,1.3,0.0,20.0,0.0
12.39627,0x220,0.0,0.0,1.0,6.25,0.95,0.22,20.0625,20.0,19.65625,19.8125,1.3,0.0,20.0,0.0
12.39678,0x316,0.0,0.0,1.0,6.25,0.95,0.22,20.0625,20.0,19.65625,19.8125,1.3,0.0,20.0,0.0
12.40114,0x2B0,0.0,0.0,1.0,6.25,0.95,0.22,20.0625,20.0,19.65625,19.8125,1.2,0.0,20.0,0.0
12.40627,0x220,0.0,0.0,1.0,6.25,0.93,0.34,20.0625,20.0,19.65625,19.8125,1.2,0.0,20.0,0.0
12.40651,0x386,0.0,0.0,1.0,6.25,0.93,0.34,20.125,20.0625,19.5625,19.6875,1.2,0.0,20.0,0.0
12.40675,0x316,0.0,0.0,1.0,6.25,0.93,0.34,20.125,20.0625,19.5625,19.6875,1.2,0.0,22.0,0.0
12.41108,0x2B0,0.0,0.0,1.0,6.25,0.93,0.34,20.125,20.0625,19.5625,19.6875,1.2,0.0,22.0,0.0
12.41628,0x220,0.0,0.0,1.0,6.25,1.08,0.46,20.125,20.0625,19.5625,19.6875,1.2,0.0,22.0,0.0
12.41689,0x316,0.0,0.0,1.0,6.25,1.08,0.46,20.125,20.0625,19.5625,19.6875,1.2,0.0,25.0,0.0
12.42107,0x2B0,0.0,0.0,1.0,6.25,1.08,0.46,20.125,20.0625,19.5625,19.6875,1.2,0.0,25.0,0.0
12.42628,0x220,0.0,0.0,1.0,6.25,1.27,0.38,20.125,20.0625,19.5625,19.6875,1.2,0.0,25.0,0.0
12.42651,0x386,0.0,0.0,1.0,6.25,1.27,0.38,20.09375,20.09375,19.65625,19.5625,1.2,0.0,25.0,0.0
12.42676,0x316,0.0,0.0,1.0,6.25,1.27,0.38,20.09375,20.09375,19.65625,19.5625,1.2,0.0,25.0,0.0
12.43108,0x2B0,0.0,0.0,1.0,6.25,1.27,0.38,20.09375,20.09375,19.65625,19.5625,1.2,0.0,25.0,0.0
12.43629,0x220,0.0,0.0,1.0,6.25,1.34,0.24,20.09375,20.09375,19.65625,19.5625,1.2,0.0,25.0,0.0
12.43685,0x316,0.0,0.0,1.0,6.25,1.34,0.24,20.09375,20.09375,19.65625,19.5625,1.2,0.0,28.0,0.0
12.44108,0x2B0,0.0,0.0,1.0,6.25,1.34,0.24,20.09375,20.09375,19.65625,19.5625,1.2,0.0,28.0,0.0
12.44629,0x220,0.0,0.0,1.0,6.25,1.28,0.27,20.09375,20.09375,19.65625,19.5625,1.2,0.0,28.0,0.0
12.44651,0x386,0.0,0.0,1.0,6.25,1.28,0.27,20.21875,20.25,19.65625,19.6875,1.2,0.0,28.0,0.0
12.44699,0x316,0.0,0.0,1.0,6.25,1.28,0.27,20.21875,20.25,19.65625,19.6875,1.2,0.0,28.0,0.0
12.45108,0x2B0,0.0,0.0,1.0,6.25,1.28,0.27,20.21875,20.25,19.65625,19.6875,1.2,0.0,28.0,0.0
12.45628,0x220,0.0,0.0,1.0,6.25,1.21,0.42,20.21875,20.25,19.65625,19.6875,1.2,0.0,28.0,0.0
12.45671,0x316,0.0,0.0,1.0,6.25,1.21,0.42,20.21875,20.25,19.65625,19.6875,1.2,0.0,28.0,0.0
12.46114,0x2B0,0.0,0.0,1.0,6.25,1.21,0.42,20.21875,20.25,19.65625,19.6875,1.2,0.0,28.0,0.0
12.46629,0x220,0.0,0.0,1.0,6.25,1.29,0.45,20.21875,20.25,19.65625,19.6875,1.2,0.0,28.0,0.0
12.46652,0x386,0.0,0.0,1.0,6.25,1.29,0.45,20.15625,20.25,19.75,19.875,1.2,0.0,28.0,0.0
12.46676,0x316,0.0,0.0,1.0,6.25,1.29,0.45,20.15625,20.25,19.75,19.875,1.2,0.0,25.0,0.0
12.47114,0x2B0,0.0,0.0,1.0,6.25,1.29,0.45,20.15625,20.25,19.75,19.875,1.0,8.0,25.0,0.0
12.47628,0x220,0.0,0.0,1.0,6.25,1.45,0.33,20.15625,20.25,19.75,19.875,1.0,8.0,25.0,0.0
12.47676,0x316,0.0,0.0,1.0,6.25,1.45,0.33,20.15625,20.25,19.75,19.875,1.0,8.0,22.0,0.0
12.48116,0x2B0,0.0,0.0,1.0,6.25,1.45,0.33,20.15625,20.25,19.75,19.875,1.0,8.0,22.0,0.0
12.48627,0x220,0.0,0.0,1.0,6.25,1.66,0.13,20.15625,20.25,19.75,19.875,1.0,8.0,22.0,0.0
12.4865,0x386,0.0,0.0,1.0,6.25,1.66,0.13,20.25,20.34375,19.6875,19.875,1.0,8.0,22.0,0.0
12.48674,0x316,0.0,0.0,1.0,6.25,1.66,0.13,20.25,20.34375,19.6875,19.875,1.0,8.0,17.0,0.0
12.49113,0x2B0,0.0,0.0,1.0,6.25,1.66,0.13,20.25,20.34375,19.6875,19.875,0.8,8.0,17.0,0.0
12.49628,0x220,0.0,0.0,1.0,6.25,1.85,0.06,20.25,20.34375,19.6875,19.875,0.8,8.0,17.0,0.0
12.49669,0x316,0.0,0.0,1.0,6.25,1.85,0.06,20.25,20.34375,19.6875,19.875,0.8,8.0,15.0,0.0
12.50112,0x2B0,0.0,0.0,1.0,6.25,1.85,0.06,20.25,20.34375,19.6875,19.875,0.8,8.0,15.0,0.0
12.50627,0x220,0.0,0.0,1.0,6.25,1.92,0.11,20.25,20.34375,19.6875,19.875,0.8,8.0,15.0,0.0
12.5065,0x386,0.0,0.0,1.0,6.25,1.92,0.11,20.125,20.25,19.6875,19.78125,0.8,8.0,15.0,0.0
12.50674,0x316,0.0,0.0,1.0,6.25,1.92,0.11,20.125,20.25,19.6875,19.78125,0.8,8.0,12.0,0.0
12.51114,0x2B0,0.0,0.0,1.0,6.25,1.92,0.11,20.125,20.25,19.6875,19.78125,0.6,8.0,12.0,0.0
12.51628,0x220,0.0,0.0,1.0,6.25,1.82,0.14,20.125,20.25,19.6875,19.78125,0.6,8.0,12.0,0.0
12.51693,0x316,0.0,0.0,1.0,6.25,1.82,0.14,20.125,20.25,19.6875,19.78125,0.6,8.0,10.0,0.0
12.52112,0x2B0,0.0,0.0,1.0,6.25,1.82,0.14,20.125,20.25,19.6875,19.78125,0.6,8.0,10.0,0.0
12.52628,0x220,0.0,0.0,1.0,6.25,1.59,0.11,20.125,20.25,19.6875,19.78125,0.6,8.0,10.0,0.0
12.5265,0x386,0.0,0.0,1.0,6.25,1.59,0.11,20.15625,20.21875,19.65625,19.90625,0.6,8.0,10.0,0.0
12.52698,0x316,0.0,0.0,1.0,6.25,1.59,0.11,20.15625,20.21875,19.65625,19.90625,0.6,8.0,10.0,0.0
12.53114,0x2B0,0.0,0.0,1.0,6.25,1.59,0.11,20.15625,20.21875,19.65625,19.90625,0.5,0.0,10.0,0.0
12.53628,0x220,0.0,0.0,1.0,6.25,1.4,0.06,20.15625,20.21875,19.65625,19.90625,0.5,0.0,10.0,0.0
12.53675,0x316,0.0,0.0,1.0,6.25,1.4,0.06,20.15625,20.21875,19.65625,19.90625,0.5,0.0,7.0,0.0
12.54113,0x2B0,0.0,0.0,1.0,6.25,1.4,0.06,20.15625,20.21875,19.65625,19.90625,0.5,0.0,7.0,0.0
12.54627,0x220,0.0,0.0,1.0,6.25,1.4,0.0,20.15625,20.21875,19.65625,19.90625,0.5,0.0,7.0,0.0
12.5465,0x386,0.0,0.0,1.0,6.25,1.4,0.0,20.15625,20.21875,19.59375,19.71875,0.5,0.0,7.0,0.0
12.54697,0x316,0.0,0.0,1.0,6.25,1.4,0.0,20.15625,20.21875,19.59375,19.71875,0.5,0.0,7.0,0.0
12.55111,0x2B0,0.0,0.0,1.0,6.25,1.4,0.0,20.15625,20.21875,19.59375,19.71875,0.3,8.0,7.0,0.0
12.55627,0x220,0.0,0.0,1.0,6.25,1.5,-0.11,20.15625,20.21875,19.59375,19.71875,0.3,8.0,7.0,0.0
12.55672,0x316,0.0,0.0,1.0,6.25,1.5,-0.11,20.15625,20.21875,19.59375,19.71875,0.3,8.0,7.0,0.0
12.56107,0x2B0,0.0,0.0,1.0,6.25,1.5,-0.11,20.15625,20.21875,19.59375,19.71875,0.3,8.0,7.0,0.0
12.56629,0x220,0.0,0.0,1.0,6.25,1.66,-0.23,20.15625,20.21875,19.59375,19.71875,0.3,8.0,7.0,0.0
12.56652,0x386,0.0,0.0,1.0,6.25,1.66,-0.23,20.0625,20.0625,19.6875,19.75,0.3,8.0,7.0,0.0
12.56699,0x316,0.0,0.0,1.0,6.25,1.66,-0.23,20.0625,20.0625,19.6875,19.75,0.3,8.0,10.0,0.0
12.57107,0x2B0,0.0,0.0,1.0,6.25,1.66,-0.23,20.0625,20.0625,19.6875,19.75,0.3,0.0,10.0,0.0
12.57628,0x220,0.0,0.0,1.0,6.25,1.83,-0.23,20.0625,20.0625,19.6875,19.75,0.3,0.0,10.0,0.0
12.57672,0x316,0.0,0.0,1.0,6.25,1.83,-0.23,20.0625,20.0625,19.6875,19.75,0.3,0.0,10.0,0.0
12.58107,0x2B0,0.0,0.0,1.0,6.25,1.83,-0.23,20.0625,20.0625,19.6875,19.75,0.3,0.0,10.0,0.0
12.58628,0x220,0.0,0.0,1.0,6.25,1.94,-0.13,20.0625,20.0625,19.6875,19.75,0.3,0.0,10.0,0.0
12.58651,0x386,0.0,0.0,1.0,6.25,1.94,-0.13,20.0625,20.1875,19.59375,19.84375,0.3,0.0,10.0,0.0
12.58675,0x316,0.0,0.0,1.0,6.25,1.94,-0.13,20.0625,20.1875,19.59375,19.84375,0.3,0.0,10.0,0.0
12.59106,0x2B0,0.0,0.0,1.0,6.25,1.94,-0.13,20.0625,20.1875,19.59375,19.84375,0.3,0.0,10.0,0.0
12.59629,0x220,0.0,0.0,1.0,6.25,1.97,-0.08,20.0625,20.1875,19.59375,19.84375,0.3,0.0,10.0,0.0
12.59671,0x316,0.0,0.0,1.0,6.25,1.97,-0.08,20.0625,20.1875,19.59375,19.84375,0.3,0.0,10.0,0.0
12.60107,0x2B0,0.0,0.0,1.0,6.25,1.97,-0.08,20.0625,20.1875,19.59375,19.84375,0.3,0.0,10.0,0.0
12.60629,0x220,0.0,0.0,1.0,6.25,1.9,-0.12,20.0625,20.1875,19.59375,19.84375,0.3,0.0,10.0,0.0
12.60652,0x386,0.0,0.0,1.0,6.25,1.9,-0.12,20.125,20.15625,19.625,19.90625,0.3,0.0,10.0,0.0
12.60699,0x316,0.0,0.0,1.0,6.25,1.9,-0.12,20.125,20.15625,19.625,19.90625,0.3,0.0,10.0,0.0
12.61106,0x2B0,0.0,0.0,1.0,6.25,1.9,-0.12,20.125,20.15625,19.625,19.90625,0.3,0.0,10.0,0.0
12.61628,0x220,0.0,0.0,1.0,6.25,1.82,-0.16,20.125,20.15625,19.625,19.90625,0.3,0.0,10.0,0.0
12.61687,0x316,0.0,0.0,1.0,6.25,1.82,-0.16,20.125,20.15625,19.625,19.90625,0.3,0.0,10.0,0.0
12.62106,0x2B0,0.0,0.0,1.0,6.25,1.82,-0.16,20.125,20.15625,19.625,19.90625,0.3,0.0,10.0,0.0
12.62628,0x220,0.0,0.0,1.0,6.25,1.81,-0.2,20.125,20.15625,19.625,19.90625,0.3,0.0,10.0,0.0
12.62651,0x386,0.0,0.0,1.0,6.25,1.81,-0.2,20.09375,20.15625,19.65625,19.84375,0.3,0.0,10.0,0.0
12.62675,0x316,0.0,0.0,1.0,6.25,1.81,-0.2,20.09375,20.15625,19.65625,19.84375,0.3,0.0,10.0,0.0
12.63107,0x2B0,0.0,0.0,1.0,6.25,1.81,-0.2,20.09375,20.15625,19.65625,19.84375,0.3,0.0,10.0,0.0
12.63628,0x220,0.0,0.0,1.0,6.25,1.85,-0.26,20.09375,20.15625,19.65625,19.84375,0.3,0.0,10.0,0.0
12.63675,0x316,0.0,0.0,1.0,6.25,1.85,-0.26,20.09375,20.15625,19.65625,19.84375,0.3,0.0,5.0,0.0
12.64106,0x2B0,0.0,0.0,1.0,6.25,1.85,-0.26,20.09375,20.15625,19.65625,19.84375,0.3,0.0,5.0,0.0
12.64627,0x220,0.0,0.0,1.0,6.25,1.82,-0.29,20.09375,20.15625,19.65625,19.84375,0.3,0.0,5.0,0.0
12.6465,0x386,0.0,0.0,1.0,6.25,1.82,-0.29,20.125,20.15625,19.75,19.84375,0.3,0.0,5.0,0.0
12.64697,0x316,0.0,0.0,1.0,6.25,1.82,-0.29,20.125,20.15625,19.75,19.84375,0.3,0.0,2.0,0.0
12.65107,0x2B0,0.0,0.0,1.0,6.25,1.82,-0.29,20.125,20.15625,19.75,19.84375,0.3,0.0,2.0,0.0
12.65627,0x220,0.0,0.0,1.0,6.25,1.68,-0.25,20.125,20.15625,19.75,19.84375,0.3,0.0,2.0,0.0
12.65676,0x316,0.0,0.0,1.0,6.25,1.68,-0.25,20.125,20.15625,19.75,19.84375,0.3,0.0,2.0,0.0
12.66106,0x2B0,0.0,0.0,1.0,6.25,1.68,-0.25,20.125,20.15625,19.75,19.84375,0.3,0.0,2.0,0.0
12.66628,0x220,0.0,0.0,1.0,6.25,1.56,-0.12,20.125,20.15625,19.75,19.84375,0.3,0.0,2.0,0.0
12.66652,0x386,0.0,0.0,1.0,6.25,1.56,-0.12,19.75,20.03125,19.71875,19.9375,0.3,0.0,2.0,0.0
12.66676,0x316,0.0,0.0,1.0,6.25,1.56,-0.12,19.75,20.03125,19.71875,19.9375,0.3,0.0,0.0,0.0
12.67106,0x2B0,0.0,0.0,1.0,6.25,1.56,-0.12,19.75,20.03125,19.71875,19.9375,0.3,0.0,0.0,0.0
12.67629,0x220,0.0,0.0,1.0,6.25,1.47,0.0,19.75,20.03125,19.71875,19.9375,0.3,0.0,0.0,0.0
12.6767,0x316,0.0,0.0,1.0,6.25,1.47,0.0,19.75,20.03125,19.71875,19.9375,0.3,0.0,0.0,0.0
12.68107,0x2B0,0.0,0.0,1.0,6.25,1.47,0.0,19.75,20.03125,19.71875,19.9375,0.3,0.0,0.0,0.0
12.68627,0x220,0.0,0.0,1.0,6.25,1.4,0.0,19.75,20.03125,19.71875,19.9375,0.3,0.0,0.0,0.0
12.68651,0x386,0.0,0.0,1.0,6.25,1.4,0.0,20.4375,20.375,19.875,19.875,0.3,0.0,0.0,0.0
12.68699,0x316,0.0,0.0,1.0,6.25,1.4,0.0,20.4375,20.375,19.875,19.875,0.3,0.0,0.0,0.0
12.69107,0x2B0,0.0,0.0,1.0,6.25,1.4,0.0,20.4375,20.375,19.875,19.875,0.3,0.0,0.0,0.0
12.69628,0x220,0.0,0.0,1.0,6.25,1.41,0.02,20.4375,20.375,19.875,19.875,0.3,0.0,0.0,0.0
12.69678,0x316,0.0,0.0,1.0,6.25,1.41,0.02,20.4375,20.375,19.875,19.875,0.3,0.0,0.0,0.0
12.70107,0x2B0,0.0,0.0,1.0,6.25,1.41,0.02,20.4375,20.375,19.875,19.875,0.3,0.0,0.0,0.0
12.70627,0x220,0.0,0.0,1.0,6.25,1.5,0.0,20.4375,20.375,19.875,19.875,0.3,0.0,0.0,0.0
12.7065,0x386,0.0,0.0,1.0,6.25,1.5,0.0,19.84375,19.75,19.75,19.84375,0.3,0.0,0.0,0.0
12.70674,0x316,0.0,0.0,1.0,6.25,1.5,0.0,19.84375,19.75,19.75,19.84375,0.3,0.0,0.0,0.0
12.71107,0x2B0,0.0,0.0,1.0,6.25,1.5,0.0,19.84375,19.75,19.75,19.84375,0.3,0.0,0.0,0.0
12.71629,0x220,0.0,0.0,1.0,6.25,1.54,-0.15,19.84375,19.75,19.75,19.84375,0.3,0.0,0.0,0.0
12.71682,0x316,0.0,0.0,1.0,6.25,1.54,-0.15,19.84375,19.75,19.75,19.84375,0.3,0.0,2.0,0.0
12.72106,0x2B0,0.0,0.0,1.0,6.25,1.54,-0.15,19.84375,19.75,19.75,19.84375,0.3,0.0,2.0,0.0
12.72628,0x220,0.0,0.0,1.0,6.25,1.48,-0.26,19.84375,19.75,19.75,19.84375,0.3,0.0,2.0,0.0
12.72651,0x386,0.0,0.0,1.0,6.25,1.48,-0.26,20.3125,20.09375,19.78125,19.875,0.3,0.0,2.0,0.0
12.72699,0x316,0.0,0.0,1.0,6.25,1.48,-0.26,20.3125,20.09375,19.78125,19.875,0.3,0.0,2.0,0.0
12.73106,0x2B0,0.0,0.0,1.0,6.25,1.48,-0.26,20.3125,20.09375,19.78125,19.875,0.3,0.0,2.0,0.0
12.73629,0x220,0.0,0.0,1.0,6.25,1.38,-0.12,20.3125,20.09375,19.78125,19.875,0.3,0.0,2.0,0.0
12.73682,0x316,0.0,0.0,1.0,6.25,1.38,-0.12,20.3125,20.09375,19.78125,19.875,0.3,0.0,10.0,0.0
12.74106,0x2B0,0.0,0.0,1.0,6.25,1.38,-0.12,20.3125,20.09375,19.78125,19.875,0.3,0.0,10.0,0.0
12.74629,0x220,0.0,0.0,1.0,6.25,1.32,0.12,20.3125,20.09375,19.78125,19.875,0.3,0.0,10.0,0.0
12.74652,0x386,0.0,0.0,1.0,6.25,1.32,0.12,19.96875,20.21875,19.75,19.8125,0.3,0.0,10.0,0.0
12.74699,0x316,0.0,0.0,1.0,6.25,1.32,0.12,19.96875,20.21875,19.75,19.8125,0.3,0.0,15.0,0.0
12.75107,0x2B0,0.0,0.0,1.0,6.25,1.32,0.12,19.96875,20.21875,19.75,19.8125,0.3,0.0,15.0,0.0
12.75629,0x220,0.0,0.0,1.0,6.25,1.43,0.22,19.96875,20.21875,19.75,19.8125,0.3,0.0,15.0,0.0
12.75672,0x316,0.0,0.0,1.0,6.25,1.43,0.22,19.96875,20.21875,19.75,19.8125,0.3,0.0,15.0,0.0
12.76106,0x2B0,0.0,0.0,1.0,6.25,1.43,0.22,19.96875,20.21875,19.75,19.8125,0.3,0.0,15.0,0.0
12.7663,0x220,0.0,0.0,1.0,6.25,1.53,0.16,19.96875,20.21875,19.75,19.8125,0.3,0.0,15.0,0.0
12.76652,0x386,0.0,0.0,1.0,6.25,1.53,0.16,20.125,20.46875,19.6875,19.6875,0.3,0.0,15.0,0.0
12.76699,0x316,0.0,0.0,1.0,6.25,1.53,0.16,20.125,20.46875,19.6875,19.6875,0.3,0.0,15.0,0.0
12.77107,0x2B0,0.0,0.0,1.0,6.25,1.53,0.16,20.125,20.46875,19.6875,19.6875,0.3,0.0,15.0,0.0
12.77628,0x220,0.0,0.0,1.0,6.25,1.47,0.08,20.125,20.46875,19.6875,19.6875,0.3,0.0,15.0,0.0
12.77676,0x316,0.0,0.0,1.0,6.25,1.47,0.08,20.125,20.46875,19.6875,19.6875,0.3,0.0,15.0,0.0
12.78106,0x2B0,0.0,0.0,1.0,6.25,1.47,0.08,20.125,20.46875,19.6875,19.6875,0.3,0.0,15.0,0.0
12.78629,0x220,0.0,0.0,1.0,6.25,1.41,0.04,20.125,20.46875,19.6875,19.6875,0.3,0.0,15.0,0.0
12.78652,0x386,0.0,0.0,1.0,6.25,1.41,0.04,20.65625,19.90625,19.71875,19.84375,0.3,0.0,15.0,0.0
12.78676,0x316,0.0,0.0,1.0,6.25,1.41,0.04,20.65625,19.90625,19.71875,19.84375,0.3,0.0,15.0,0.0
12.79112,0x2B0,0.0,0.0,1.0,6.25,1.41,0.04,20.65625,19.90625,19.71875,19.84375,0.3,0.0,15.0,0.0
12.79629,0x220,0.0,0.0,1.0,6.25,1.31,0.0,20.65625,19.90625,19.71875,19.84375,0.3,0.0,15.0,0.0
12.79671,0x316,0.0,0.0,1.0,6.25,1.31,0.0,20.65625,19.90625,19.71875,19.84375,0.3,0.0,15.0,0.0
12.80113,0x2B0,0.0,0.0,1.0,6.25,1.31,0.0,20.65625,19.90625,19.71875,19.84375,0.2,0.0,15.0,0.0
12.80628,0x220,0.0,0.0,1.0,6.25,1.19,0.0,20.65625,19.90625,19.71875,19.84375,0.2,0.0,15.0,0.0
12.80651,0x386,0.0,0.0,1.0,6.25,1.19,0.0,20.71875,20.28125,19.9375,19.875,0.2,0.0,15.0,0.0
12.80698,0x316,0.0,0.0,1.0,6.25,1.19,0.0,20.71875,20.28125,19.9375,19.875,0.2,0.0,12.0,0.0
12.81113,0x2B0,0.0,0.0,1.0,6.25,1.19,0.0,20.71875,20.28125,19.9375,19.875,0.2,0.0,12.0,0.0
12.81629,0x220,0.0,0.0,1.0,6.25,1.17,0.0,20.71875,20.28125,19.9375,19.875,0.2,0.0,12.0,0.0
12.81694,0x316,0.0,0.0,1.0,6.25,1.17,0.0,20.71875,20.28125,19.9375,19.875,0.2,0.0,10.0,0.0
12.82109,0x2B0,0.0,0.0,1.0,6.25,1.17,0.0,20.71875,20.28125,19.9375,19.875,0.1,0.0,10.0,0.0
12.82628,0x220,0.0,0.0,1.0,6.25,1.25,0.07,20.71875,20.28125,19.9375,19.875,0.1,0.0,10.0,0.0
12.82651,0x386,0.0,0.0,1.0,6.25,1.25,0.07,19.78125,19.625,19.875,19.875,0.1,0.0,10.0,0.0
12.82675,0x316,0.0,0.0,1.0,6.25,1.25,0.07,19.78125,19.625,19.875,19.875,0.1,0.0,10.0,0.0
12.83104,0x2B0,0.0,0.0,1.0,6.25,1.25,0.07,19.78125,19.625,19.875,19.875,0.1,0.0,10.0,0.0
12.83629,0x220,0.0,0.0,1.0,6.25,1.4,0.21,19.78125,19.625,19.875,19.875,0.1,0.0,10.0,0.0
12.83676,0x316,0.0,0.0,1.0,6.25,1.4,0.21,19.78125,19.625,19.875,19.875,0.1,0.0,10.0,0.0
12.8411,0x2B0,0.0,0.0,1.0,6.25,1.4,0.21,19.78125,19.625,19.875,19.875,0.1,0.0,10.0,0.0
12.84628,0x220,0.0,0.0,1.0,6.25,1.55,0.28,19.78125,19.625,19.875,19.875,0.1,0.0,10.0,0.0
12.84651,0x386,0.0,0.0,1.0,6.25,1.55,0.28,20.09375,20.1875,19.71875,19.84375,0.1,0.0,10.0,0.0
12.84699,0x316,0.0,0.0,1.0,6.25,1.55,0.28,20.09375,20.1875,19.71875,19.84375,0.1,0.0,10.0,0.0
12.85107,0x2B0,0.0,0.0,1.0,6.25,1.55,0.28,20.09375,20.1875,19.71875,19.84375,0.0,0.0,10.0,0.0
12.85629,0x220,0.0,0.0,1.0,6.25,1.69,0.06,20.09375,20.1875,19.71875,19.84375,0.0,0.0,10.0,0.0
12.85677,0x316,0.0,0.0,1.0,6.25,1.69,0.06,20.09375,20.1875,19.71875,19.84375,0.0,0.0,10.0,0.0
12.86101,0x2B0,0.0,0.0,1.0,6.25,1.69,0.06,20.09375,20.1875,19.71875,19.84375,0.0,0.0,10.0,0.0
12.86629,0x220,0.0,0.0,1.0,6.25,1.71,-0.17,20.09375,20.1875,19.71875,19.84375,0.0,0.0,10.0,0.0
12.86652,0x386,0.0,0.0,1.0,6.25,1.71,-0.17,20.125,20.09375,19.75,19.78125,0.0,0.0,10.0,0.0
12.86676,0x316,0.0,0.0,1.0,6.25,1.71,-0.17,20.125,20.09375,19.75,19.78125,0.0,0.0,10.0,0.0
12.871,0x2B0,0.0,0.0,1.0,6.25,1.71,-0.17,20.125,20.09375,19.75,19.78125,0.0,0.0,10.0,0.0
12.87629,0x220,0.0,0.0,1.0,6.25,1.61,-0.12,20.125,20.09375,19.75,19.78125,0.0,0.0,10.0,0.0
12.8767,0x316,0.0,0.0,1.0,6.25,1.61,-0.12,20.125,20.09375,19.75,19.78125,0.0,0.0,10.0,0.0
12.88101,0x2B0,0.0,0.0,1.0,6.25,1.61,-0.12,20.125,20.09375,19.75,19.78125,0.0,0.0,10.0,0.0
12.88629,0x220,0.0,0.0,1.0,6.25,1.42,0.03,20.125,20.09375,19.75,19.78125,0.0,0.0,10.0,0.0
12.88652,0x386,0.0,0.0,1.0,6.25,1.42,0.03,20.09375,20.1875,19.46875,19.71875,0.0,0.0,10.0,0.0
12.88677,0x316,0.0,0.0,1.0,6.25,1.42,0.03,20.09375,20.1875,19.46875,19.71875,0.0,0.0,10.0,0.0
12.89102,0x2B0,0.0,0.0,1.0,6.25,1.42,0.03,20.09375,20.1875,19.46875,19.71875,0.0,0.0,10.0,0.0
12.89629,0x220,0.0,0.0,1.0,6.25,1.27,0.11,20.09375,20.1875,19.46875,19.71875,0.0,0.0,10.0,0.0
12.89673,0x316,0.0,0.0,1.0,6.25,1.27,0.11,20.09375,20.1875,19.46875,19.71875,0.0,0.0,10.0,0.0
12.90101,0x2B0,0.0,0.0,1.0,6.25,1.27,0.11,20.09375,20.1875,19.46875,19.71875,0.0,0.0,10.0,0.0
12.90629,0x220,0.0,0.0,1.0,6.25,1.21,0.16,20.09375,20.1875,19.46875,19.71875,0.0,0.0,10.0,0.0
12.90652,0x386,0.0,0.0,1.0,6.25,1.21,0.16,20.25,20.15625,19.75,19.75,0.0,0.0,10.0,0.0
12.90676,0x316,0.0,0.0,1.0,6.25,1.21,0.16,20.25,20.15625,19.75,19.75,0.0,0.0,10.0,0.0
12.91103,0x2B0,0.0,0.0,1.0,6.25,1.21,0.16,20.25,20.15625,19.75,19.75,0.0,0.0,10.0,0.0
12.9163,0x220,0.0,0.0,1.0,6.25,1.29,0.26,20.25,20.15625,19.75,19.75,0.0,0.0,10.0,0.0
12.91685,0x316,0.0,0.0,1.0,6.25,1.29,0.26,20.25,20.15625,19.75,19.75,0.0,0.0,10.0,0.0
12.92103,0x2B0,0.0,0.0,1.0,6.25,1.29,0.26,20.25,20.15625,19.75,19.75,0.0,0.0,10.0,0.0
12.92629,0x220,0.0,0.0,1.0,6.25,1.5,0.24,20.25,20.15625,19.75,19.75,0.0,0.0,10.0,0.0
12.92652,0x386,0.0,0.0,1.0,6.25,1.5,0.24,20.125,20.28125,19.5,19.9375,0.0,0.0,10.0,0.0
12.92676,0x316,0.0,0.0,1.0,6.25,1.5,0.24,20.125,20.28125,19.5,19.9375,0.0,0.0,10.0,0.0
12.93102,0x2B0,0.0,0.0,1.0,6.25,1.5,0.24,20.125,20.28125,19.5,19.9375,0.0,0.0,10.0,0.0
12.93629,0x220,0.0,0.0,1.0,6.25,1.71,0.09,20.125,20.28125,19.5,19.9375,0.0,0.0,10.0,0.0
12.93678,0x316,0.0,0.0,1.0,6.25,1.71,0.09,20.125,20.28125,19.5,19.9375,0.0,0.0,10.0,0.0
12.94101,0x2B0,0.0,0.0,1.0,6.25,1.71,0.09,20.125,20.28125,19.5,19.9375,0.0,0.0,10.0,0.0
12.94629,0x220,0.0,0.0,1.0,6.25,1.71,0.05,20.125,20.28125,19.5,19.9375,0.0,0.0,10.0,0.0
12.94652,0x386,0.0,0.0,1.0,6.25,1.71,0.05,20.15625,20.25,19.5625,19.78125,0.0,0.0,10.0,0.0
12.94699,0x316,0.0,0.0,1.0,6.25,1.71,0.05,20.15625,20.25,19.5625,19.78125,0.0,0.0,10.0,0.0
12.95102,0x2B0,0.0,0.0,1.0,6.25,1.71,0.05,20.15625,20.25,19.5625,19.78125,0.0,0.0,10.0,0.0
12.95629,0x220,0.0,0.0,1.0,6.25,1.54,0.2,20.15625,20.25,19.5625,19.78125,0.0,0.0,10.0,0.0
12.95672,0x316,0.0,0.0,1.0,6.25,1.54,0.2,20.15625,20.25,19.5625,19.78125,0.0,0.0,7.0,0.0
12.96103,0x2B0,0.0,0.0,1.0,6.25,1.54,0.2,20.15625,20.25,19.5625,19.78125,0.0,0.0,7.0,0.0
12.96629,0x220,0.0,0.0,1.0,6.25,1.37,0.41,20.15625,20.25,19.5625,19.78125,0.0,0.0,7.0,0.0
12.96652,0x386,0.0,0.0,1.0,6.25,1.37,0.41,20.21875,20.1875,19.8125,19.96875,0.0,0.0,7.0,0.0
12.96677,0x316,0.0,0.0,1.0,6.25,1.37,0.41,20.21875,20.1875,19.8125,19.96875,0.0,0.0,7.0,0.0
12.971,0x2B0,0.0,0.0,1.0,6.25,1.37,0.41,20.21875,20.1875,19.8125,19.96875,0.0,0.0,7.0,0.0
12.97629,0x220,0.0,0.0,1.0,6.25,1.34,0.42,20.21875,20.1875,19.8125,19.96875,0.0,0.0,7.0,0.0
12.97674,0x316,0.0,0.0,1.0,6.25,1.34,0.42,20.21875,20.1875,19.8125,19.96875,0.0,0.0,5.0,0.0
12.98107,0x2B0,0.0,0.0,1.0,6.25,1.34,0.42,20.21875,20.1875,19.8125,19.96875,0.0,0.0,5.0,0.0
12.98628,0x220,0.0,0.0,1.0,6.25,1.41,0.28,20.21875,20.1875,19.8125,19.96875,0.0,0.0,5.0,0.0
12.98651,0x386,0.0,0.0,1.0,6.25,1.41,0.28,20.125,20.1875,19.71875,19.84375,0.0,0.0,5.0,0.0
12.98675,0x316,0.0,0.0,1.0,6.25,1.41,0.28,20.125,20.1875,19.71875,19.84375,0.0,0.0,5.0,0.0
12.99106,0x2B0,0.0,0.0,1.0,6.25,1.41,0.28,20.125,20.1875,19.71875,19.84375,-0.1,0.0,5.0,0.0
12.99629,0x220,0.0,0.0,1.0,6.25,1.46,0.12,20.125,20.1875,19.71875,19.84375,-0.1,0.0,5.0,0.0
12.9967,0x316,0.0,0.0,1.0,6.25,1.46,0.12,20.125,20.1875,19.71875,19.84375,-0.1,0.0,5.0,0.0
13.00102,0x2B0,0.0,0.0,1.0,6.25,1.46,0.12,20.125,20.1875,19.71875,19.84375,-0.1,0.0,5.0,0.0
13.00628,0x220,0.0,0.0,1.0,6.25,1.5,0.16,20.125,20.1875,19.71875,19.84375,-0.1,0.0,5.0,0.0
13.00651,0x386,0.0,0.0,1.0,6.25,1.5,0.16,20.21875,20.0625,19.71875,19.90625,-0.1,0.0,5.0,0.0
13.00698,0x316,0.0,0.0,1.0,6.25,1.5,0.16,20.21875,20.0625,19.71875,19.90625,-0.1,0.0,5.0,0.0
13.01102,0x2B0,0.0,0.0,1.0,6.25,1.5,0.16,20.21875,20.0625,19.71875,19.90625,-0.1,0.0,5.0,0.0
13.01629,0x220,0.0,0.0,1.0,6.25,1.52,0.39,20.21875,20.0625,19.71875,19.90625,-0.1,0.0,5.0,0.0
13.0169,0x316,0.0,0.0,1.0,6.25,1.52,0.39,20.21875,20.0625,19.71875,19.90625,-0.1,0.0,5.0,0.0
13.02102,0x2B0,0.0,0.0,1.0,6.25,1.52,0.39,20.21875,20.0625,19.71875,19.90625,-0.1,0.0,5.0,0.0
13.02629,0x220,0.0,0.0,1.0,6.25,1.5,0.55,20.21875,20.0625,19.71875,19.90625,-0.1,0.0,5.0,0.0
13.02652,0x386,0.0,0.0,1.0,6.25,1.5,0.55,20.21875,20.125,19.75,19.84375,-0.1,0.0,5.0,0.0
13.02676,0x316,0.0,0.0,1.0,6.25,1.5,0.55,20.21875,20.125,19.75,19.84375,-0.1,0.0,5.0,0.0
13.03101,0x2B0,0.0,0.0,1.0,6.25,1.5,0.55,20.21875,20.125,19.75,19.84375,-0.1,0.0,5.0,0.0
13.0363,0x220,0.0,0.0,1.0,6.25,1.48,0.47,20.21875,20.125,19.75,19.84375,-0.1,0.0,5.0,0.0
13.03675,0x316,0.0,0.0,1.0,6.25,1.48,0.47,20.21875,20.125,19.75,19.84375,-0.1,0.0,5.0,0.0
13.04099,0x2B0,0.0,0.0,1.0,6.25,1.48,0.47,20.21875,20.125,19.75,19.84375,-0.1,0.0,5.0,0.0
13.0463,0x220,0.0,0.0,1.0,6.25,1.5,0.25,20.21875,20.125,19.75,19.84375,-0.1,0.0,5.0,0.0
13.04653,0x386,0.0,0.0,1.0,6.25,1.5,0.25,20.125,20.125,19.78125,19.90625,-0.1,0.0,5.0,0.0
13.047,0x316,0.0,0.0,1.0,6.25,1.5,0.25,20.125,20.125,19.78125,19.90625,-0.1,0.0,5.0,0.0
13.05102,0x2B0,0.0,0.0,1.0,6.25,1.5,0.25,20.125,20.125,19.78125,19.90625,-0.1,0.0,5.0,0.0
13.0563,0x220,0.0,0.0,1.0,6.25,1.55,0.11,20.125,20.125,19.78125,19.90625,-0.1,0.0,5.0,0.0
13.05675,0x316,0.0,0.0,1.0,6.25,1.55,0.11,20.125,20.125,19.78125,19.90625,-0.1,0.0,7.0,0.0
13.06102,0x2B0,0.0,0.0,1.0,6.25,1.55,0.11,20.125,20.125,19.78125,19.90625,-0.1,0.0,7.0,0.0
13.0663,0x220,0.0,0.0,1.0,6.25,1.64,0.11,20.125,20.125,19.78125,19.90625,-0.1,0.0,7.0,0.0
13.06653,0x386,0.0,0.0,1.0,6.25,1.64,0.11,20.21875,20.15625,19.75,19.875,-0.1,0.0,7.0,0.0
13.06677,0x316,0.0,0.0,1.0,6.25,1.64,0.11,20.21875,20.15625,19.75,19.875,-0.1,0.0,7.0,0.0
13.071,0x2B0,0.0,0.0,1.0,6.25,1.64,0.11,20.21875,20.15625,19.75,19.875,-0.1,0.0,7.0,0.0
13.0763,0x220,0.0,0.0,1.0,6.25,1.72,0.21,20.21875,20.15625,19.75,19.875,-0.1,0.0,7.0,0.0
13.07668,0x316,0.0,0.0,1.0,6.25,1.72,0.21,20.21875,20.15625,19.75,19.875,-0.1,0.0,7.0,0.0
13.081,0x2B0,0.0,0.0,1.0,6.25,1.72,0.21,20.21875,20.15625,19.75,19.875,-0.1,0.0,7.0,0.0
13.08629,0x220,0.0,0.0,1.0,6.25,1.73,0.31,20.21875,20.15625,19.75,19.875,-0.1,0.0,7.0,0.0
13.08652,0x386,0.0,0.0,1.0,6.25,1.73,0.31,20.15625,20.21875,19.6875,19.78125,-0.1,0.0,7.0,0.0
13.08676,0x316,0.0,0.0,1.0,6.25,1.73,0.31,20.15625,20.21875,19.6875,19.78125,-0.1,0.0,7.0,0.0
13.09102,0x2B0,0.0,0.0,1.0,6.25,1.73,0.31,20.15625,20.21875,19.6875,19.78125,-0.1,0.0,7.0,0.0
13.0963,0x220,0.0,0.0,1.0,6.25,1.69,0.36,20.15625,20.21875,19.6875,19.78125,-0.1,0.0,7.0,0.0
13.09673,0x316,0.0,0.0,1.0,6.25,1.69,0.36,20.15625,20.21875,19.6875,19.78125,-0.1,0.0,7.0,0.0
13.10102,0x2B0,0.0,0.0,1.0,6.25,1.69,0.36,20.15625,20.21875,19.6875,19.78125,-0.1,0.0,7.0,0.0
13.1063,0x220,0.0,0.0,1.0,6.25,1.65,0.26,20.15625,20.21875,19.6875,19.78125,-0.1,0.0,7.0,0.0
13.10652,0x386,0.0,0.0,1.0,6.25,1.65,0.26,20.125,20.21875,19.8125,19.84375,-0.1,0.0,7.0,0.0
13.10676,0x316,0.0,0.0,1.0,6.25,1.65,0.26,20.125,20.21875,19.8125,19.84375,-0.1,0.0,7.0,0.0
13.11102,0x2B0,0.0,0.0,1.0,6.25,1.65,0.26,20.125,20.21875,19.8125,19.84375,-0.1,0.0,7.0,0.0
13.11629,0x220,0.0,0.0,1.0,6.25,1.65,0.08,20.125,20.21875,19.8125,19.84375,-0.1,0.0,7.0,0.0
13.11687,0x316,0.0,0.0,1.0,6.25,1.65,0.08,20.125,20.21875,19.8125,19.84375,-0.1,0.0,5.0,0.0
13.12101,0x2B0,0.0,0.0,1.0,6.25,1.65,0.08,20.125,20.21875,19.8125,19.84375,-0.1,0.0,5.0,0.0
13.12629,0x220,0.0,0.0,1.0,6.25,1.68,0.0,20.125,20.21875,19.8125,19.84375,-0.1,0.0,5.0,0.0
13.12652,0x386,0.0,0.0,1.0,6.25,1.68,0.0,20.1875,20.1875,19.71875,19.84375,-0.1,0.0,5.0,0.0
13.12676,0x316,0.0,0.0,1.0,6.25,1.68,0.0,20.1875,20.1875,19.71875,19.84375,-0.1,0.0,5.0,0.0
13.13103,0x2B0,0.0,0.0,1.0,6.25,1.68,0.0,20.1875,20.1875,19.71875,19.84375,-0.1,0.0,5.0,0.0
13.1363,0x220,0.0,0.0,1.0,6.25,1.69,0.02,20.1875,20.1875,19.71875,19.84375,-0.1,0.0,5.0,0.0
13.13684,0x316,0.0,0.0,1.0,6.25,1.69,0.02,20.1875,20.1875,19.71875,19.84375,-0.1,0.0,5.0,0.0
13.14101,0x2B0,0.0,0.0,1.0,6.25,1.69,0.02,20.1875,20.1875,19.71875,19.84375,-0.1,0.0,5.0,0.0
13.14629,0x220,0.0,0.0,1.0,6.25,1.69,0.05,20.1875,20.1875,19.71875,19.84375,-0.1,0.0,5.0,0.0
13.14652,0x386,0.0,0.0,1.0,6.25,1.69,0.05,20.09375,20.25,19.6875,19.90625,-0.1,0.0,5.0,0.0
13.14699,0x316,0.0,0.0,1.0,6.25,1.69,0.05,20.09375,20.25,19.6875,19.90625,-0.1,0.0,5.0,0.0
13.151,0x2B0,0.0,0.0,1.0,6.25,1.69,0.05,20.09375,20.25,19.6875,19.90625,-0.1,0.0,5.0,0.0
13.1563,0x220,0.0,0.0,1.0,6.25,1.7,0.03,20.09375,20.25,19.6875,19.90625,-0.1,0.0,5.0,0.0
13.15673,0x316,0.0,0.0,1.0,6.25,1.7,0.03,20.09375,20.25,19.6875,19.90625,-0.1,0.0,5.0,0.0
13.16101,0x2B0,0.0,0.0,1.0,6.25,1.7,0.03,20.09375,20.25,19.6875,19.90625,-0.1,0.0,5.0,0.0
13.16629,0x220,0.0,0.0,1.0,6.25,1.7,0.0,20.09375,20.25,19.6875,19.90625,-0.1,0.0,5.0,0.0
13.16653,0x386,0.0,0.0,1.0,6.25,1.7,0.0,20.0625,20.1875,19.6875,19.8125,-0.1,0.0,5.0,0.0
13.16677,0x316,0.0,0.0,1.0,6.25,1.7,0.0,20.0625,20.1875,19.6875,19.8125,-0.1,0.0,5.0,0.0
13.17101,0x2B0,0.0,0.0,1.0,6.25,1.7,0.0,20.0625,20.1875,19.6875,19.8125,-0.1,0.0,5.0,0.0
13.17629,0x220,0.0,0.0,1.0,6.25,1.74,0.0,20.0625,20.1875,19.6875,19.8125,-0.1,0.0,5.0,0.0
13.17681,0x316,0.0,0.0,1.0,6.25,1.74,0.0,20.0625,20.1875,19.6875,19.8125,-0.1,0.0,5.0,0.0
13.18101,0x2B0,0.0,0.0,1.0,6.25,1.74,0.0,20.0625,20.1875,19.6875,19.8125,-0.1,0.0,5.0,0.0
13.1863,0x220,0.0,0.0,1.0,6.25,1.81,-0.02,20.0625,20.1875,19.6875,19.8125,-0.1,0.0,5.0,0.0
13.18652,0x386,0.0,0.0,1.0,6.25,1.81,-0.02,20.0625,20.09375,19.4375,19.9375,-0.1,0.0,5.0,0.0
13.18676,0x316,0.0,0.0,1.0,6.25,1.81,-0.02,20.0625,20.09375,19.4375,19.9375,-0.1,0.0,5.0,0.0
13.191,0x2B0,0.0,0.0,1.0,6.25,1.81,-0.02,20.0625,20.09375,19.4375,19.9375,-0.1,0.0,5.0,0.0
13.1963,0x220,0.0,0.0,1.0,6.25,1.82,-0.09,20.0625,20.09375,19.4375,19.9375,-0.1,0.0,5.0,0.0
13.19674,0x316,0.0,0.0,1.0,6.25,1.82,-0.09,20.0625,20.09375,19.4375,19.9375,-0.1,0.0,5.0,0.0
13.201,0x2B0,0.0,0.0,1.0,6.25,1.82,-0.09,20.0625,20.09375,19.4375,19.9375,-0.1,0.0,5.0,0.0
13.2063,0x220,0.0,0.0,1.0,6.25,1.73,-0.13,20.0625,20.09375,19.4375,19.9375,-0.1,0.0,5.0,0.0
13.20653,0x386,0.0,0.0,1.0,6.25,1.73,-0.13,20.15625,20.15625,19.625,19.5625,-0.1,0.0,5.0,0.0
13.20677,0x316,0.0,0.0,1.0,6.25,1.73,-0.13,20.15625,20.15625,19.625,19.5625,-0.1,0.0,5.0,0.0
13.211,0x2B0,0.0,0.0,1.0,6.25,1.73,-0.13,20.15625,20.15625,19.625,19.5625,-0.1,0.0,5.0,0.0
13.2163,0x220,0.0,0.0,1.0,6.25,1.57,-0.14,20.15625,20.15625,19.625,19.5625,-0.1,0.0,5.0,0.0
13.21696,0x316,0.0,0.0,1.0,6.25,1.57,-0.14,20.15625,20.15625,19.625,19.5625,-0.1,0.0,5.0,0.0
13.22101,0x2B0,0.0,0.0,1.0,6.25,1.57,-0.14,20.15625,20.15625,19.625,19.5625,-0.1,0.0,5.0,0.0
13.22629,0x220,0.0,0.0,1.0,6.25,1.42,-0.09,20.15625,20.15625,19.625,19.5625,-0.1,0.0,5.0,0.0
13.22653,0x386,0.0,0.0,1.0,6.25,1.42,-0.09,20.0,20.0,18.71875,18.96875,-0.1,0.0,5.0,0.0
13.22677,0x316,0.0,0.0,1.0,6.25,1.42,-0.09,20.0,20.0,18.71875,18.96875,-0.1,0.0,5.0,0.0
13.23106,0x2B0,0.0,0.0,1.0,6.25,1.42,-0.09,20.0,20.0,18.71875,18.96875,-0.1,0.0,5.0,0.0
13.2363,0x220,0.0,0.0,1.0,6.25,1.38,-0.01,20.0,20.0,18.71875,18.96875,-0.1,0.0,5.0,0.0
13.23676,0x316,0.0,0.0,1.0,6.25,1.38,-0.01,20.0,20.0,18.71875,18.96875,-0.1,0.0,5.0,0.0
13.24105,0x2B0,0.0,0.0,1.0,6.25,1.38,-0.01,20.0,20.0,18.71875,18.96875,-0.1,0.0,5.0,0.0
13.2463,0x220,0.0,0.0,1.0,6.25,1.48,0.0,20.0,20.0,18.71875,18.96875,-0.1,0.0,5.0,0.0
13.24653,0x386,0.0,0.0,1.0,6.25,1.48,0.0,19.9375,20.0,19.46875,19.5,-0.1,0.0,5.0,0.0
13.247,0x316,0.0,0.0,1.0,6.25,1.48,0.0,19.9375,20.0,19.46875,19.5,-0.1,0.0,5.0,0.0
13.25104,0x2B0,0.0,0.0,1.0,6.25,1.48,0.0,19.9375,20.0,19.46875,19.5,-0.1,0.0,5.0,0.0
13.2563,0x220,0.0,0.0,1.0,6.25,1.66,0.0,19.9375,20.0,19.46875,19.5,-0.1,0.0,5.0,0.0
13.25683,0x316,0.0,0.0,1.0,6.25,1.66,0.0,19.9375,20.0,19.46875,19.5,-0.1,0.0,5.0,0.0
13.26104,0x2B0,0.0,0.0,1.0,6.25,1.66,0.0,19.9375,20.0,19.46875,19.5,-0.1,0.0,5.0,0.0
13.2663,0x220,0.0,0.0,1.0,6.25,1.89,0.0,19.9375,20.0,19.46875,19.5,-0.1,0.0,5.0,0.0
13.26654,0x386,0.0,0.0,1.0,6.25,1.89,0.0,19.96875,20.0625,19.6875,20.03125,-0.1,0.0,5.0,0.0
13.26678,0x316,0.0,0.0,1.0,6.25,1.89,0.0,19.96875,20.0625,19.6875,20.03125,-0.1,0.0,5.0,0.0
13.27105,0x2B0,0.0,0.0,1.0,6.25,1.89,0.0,19.96875,20.0625,19.6875,20.03125,-0.2,0.0,5.0,0.0
13.27629,0x220,0.0,0.0,1.0,6.25,2.07,0.12,19.96875,20.0625,19.6875,20.03125,-0.2,0.0,5.0,0.0
13.27671,0x316,0.0,0.0,1.0,6.25,2.07,0.12,19.96875,20.0625,19.6875,20.03125,-0.2,0.0,5.0,0.0
13.28104,0x2B0,0.0,0.0,1.0,6.25,2.07,0.12,19.96875,20.0625,19.6875,20.03125,-0.2,0.0,5.0,0.0
13.2863,0x220,0.0,0.0,1.0,6.25,2.13,0.19,19.96875,20.0625,19.6875,20.03125,-0.2,0.0,5.0,0.0
13.28653,0x386,0.0,0.0,1.0,6.25,2.13,0.19,19.78125,19.875,19.59375,19.96875,-0.2,0.0,5.0,0.0
13.28677,0x316,0.0,0.0,1.0,6.25,2.13,0.19,19.78125,19.875,19.59375,19.96875,-0.2,0.0,2.0,0.0
13.29105,0x2B0,0.0,0.0,1.0,6.25,2.13,0.19,19.78125,19.875,19.59375,19.96875,-0.4,8.0,2.0,0.0
13.2963,0x220,0.0,0.0,1.0,6.25,2.1,0.04,19.78125,19.875,19.59375,19.96875,-0.4,8.0,2.0,0.0
13.29679,0x316,0.0,0.0,1.0,6.25,2.1,0.04,19.78125,19.875,19.59375,19.96875,-0.4,8.0,2.0,0.0
13.30105,0x2B0,0.0,0.0,1.0,6.25,2.1,0.04,19.78125,19.875,19.59375,19.96875,-0.4,8.0,2.0,0.0
13.30629,0x220,0.0,0.0,1.0,6.25,1.95,-0.11,19.78125,19.875,19.59375,19.96875,-0.4,8.0,2.0,0.0
13.30652,0x386,0.0,0.0,1.0,6.25,1.95,-0.11,20.0625,20.03125,19.65625,19.875,-0.4,8.0,2.0,0.0
13.30676,0x316,0.0,0.0,1.0,6.25,1.95,-0.11,20.0625,20.03125,19.65625,19.875,-0.4,8.0,2.0,0.0
13.31104,0x2B0,0.0,0.0,1.0,6.25,1.95,-0.11,20.0625,20.03125,19.65625,19.875,-0.8,20.0,2.0,0.0
13.3163,0x220,0.0,0.0,1.0,6.25,1.76,-0.12,20.0625,20.03125,19.65625,19.875,-0.8,20.0,2.0,0.0
13.31697,0x316,0.0,0.0,1.0,6.25,1.76,-0.12,20.0625,20.03125,19.65625,19.875,-0.8,20.0,2.0,0.0
13.32105,0x2B0,0.0,0.0,1.0,6.25,1.76,-0.12,20.0625,20.03125,19.65625,19.875,-1.0,28.0,2.0,0.0
13.3263,0x220,0.0,0.0,1.0,6.25,1.68,0.0,20.0625,20.03125,19.65625,19.875,-1.0,28.0,2.0,0.0
13.32653,0x386,0.0,0.0,1.0,6.25,1.68,0.0,19.84375,19.875,19.75,19.875,-1.0,28.0,2.0,0.0
13.32677,0x316,0.0,0.0,1.0,6.25,1.68,0.0,19.84375,19.875,19.75,19.875,-1.0,28.0,2.0,0.0
13.33107,0x2B0,0.0,0.0,1.0,6.25,1.68,0.0,19.84375,19.875,19.75,19.875,-1.3,24.0,2.0,0.0
13.3363,0x220,0.0,0.0,1.0,6.25,1.73,0.11,19.84375,19.875,19.75,19.875,-1.3,24.0,2.0,0.0
13.33681,0x316,0.0,0.0,1.0,6.25,1.73,0.11,19.84375,19.875,19.75,19.875,-1.3,24.0,5.0,0.0
13.34107,0x2B0,0.0,0.0,1.0,6.25,1.73,0.11,19.84375,19.875,19.75,19.875,-1.5,24.0,5.0,0.0
13.3463,0x220,0.0,0.0,1.0,6.25,1.85,0.13,19.84375,19.875,19.75,19.875,-1.5,24.0,5.0,0.0
13.34653,0x386,0.0,0.0,1.0,6.25,1.85,0.13,19.96875,19.9375,19.84375,19.6875,-1.5,24.0,5.0,0.0
13.34699,0x316,0.0,0.0,1.0,6.25,1.85,0.13,19.96875,19.9375,19.84375,19.6875,-1.5,24.0,7.0,0.0
13.35105,0x2B0,0.0,0.0,1.0,6.25,1.85,0.13,19.96875,19.9375,19.84375,19.6875,-1.7,20.0,7.0,0.0
13.35631,0x220,0.0,0.0,1.0,6.25,2.0,0.01,19.96875,19.9375,19.84375,19.6875,-1.7,20.0,7.0,0.0
13.35674,0x316,0.0,0.0,1.0,6.25,2.0,0.01,19.96875,19.9375,19.84375,19.6875,-1.7,20.0,12.0,0.0
13.36107,0x2B0,0.0,0.0,1.0,6.25,2.0,0.01,19.96875,19.9375,19.84375,19.6875,-1.9,20.0,12.0,0.0
13.36631,0x220,0.0,0.0,1.0,6.25,2.08,-0.13,19.96875,19.9375,19.84375,19.6875,-1.9,20.0,12.0,0.0
13.36654,0x386,0.0,0.0,1.0,6.25,2.08,-0.13,20.125,19.96875,19.875,19.71875,-1.9,20.0,12.0,0.0
13.36678,0x316,0.0,0.0,1.0,6.25,2.08,-0.13,20.125,19.96875,19.875,19.71875,-1.9,20.0,15.0,0.0
13.37106,0x2B0,0.0,0.0,1.0,6.25,2.08,-0.13,20.125,19.96875,19.875,19.71875,-1.9,8.0,15.0,0.0
13.3763,0x220,0.0,0.0,1.0,6.25,2.05,-0.25,20.125,19.96875,19.875,19.71875,-1.9,8.0,15.0,0.0
13.37675,0x316,0.0,0.0,1.0,6.25,2.05,-0.25,20.125,19.96875,19.875,19.71875,-1.9,8.0,17.0,0.0
13.38106,0x2B0,0.0,0.0,1.0,6.25,2.05,-0.25,20.125,19.96875,19.875,19.71875,-2.1,8.0,17.0,0.0
13.38629,0x220,0.0,0.0,1.0,6.25,1.99,-0.31,20.125,19.96875,19.875,19.71875,-2.1,8.0,17.0,0.0
13.38652,0x386,0.0,0.0,1.0,6.25,1.99,-0.31,20.03125,20.0,19.78125,19.71875,-2.1,8.0,17.0,0.0
13.38676,0x316,0.0,0.0,1.0,6.25,1.99,-0.31,20.03125,20.0,19.78125,19.71875,-2.1,8.0,17.0,0.0
13.39107,0x2B0,0.0,0.0,1.0,6.25,1.99,-0.31,20.03125,20.0,19.78125,19.71875,-2.1,8.0,17.0,0.0
13.3963,0x220,0.0,0.0,1.0,6.25,1.94,-0.35,20.03125,20.0,19.78125,19.71875,-2.1,8.0,17.0,0.0
13.39671,0x316,0.0,0.0,1.0,6.25,1.94,-0.35,20.03125,20.0,19.78125,19.71875,-2.1,8.0,17.0,0.0
13.40107,0x2B0,0.0,0.0,1.0,6.25,1.94,-0.35,20.03125,20.0,19.78125,19.71875,-2.3,8.0,17.0,0.0
13.4063,0x220,0.0,0.0,1.0,6.25,1.98,-0.36,20.03125,20.0,19.78125,19.71875,-2.3,8.0,17.0,0.0
13.40653,0x386,0.0,0.0,1.0,6.25,1.98,-0.36,20.09375,20.28125,19.78125,19.78125,-2.3,8.0,17.0,0.0
13.40677,0x316,0.0,0.0,1.0,6.25,1.98,-0.36,20.09375,20.28125,19.78125,19.78125,-2.3,8.0,17.0,0.0
13.41106,0x2B0,0.0,0.0,1.0,6.25,1.98,-0.36,20.09375,20.28125,19.78125,19.78125,-2.3,8.0,17.0,0.0
13.4163,0x220,0.0,0.0,1.0,6.25,2.06,-0.3,20.09375,20.28125,19.78125,19.78125,-2.3,8.0,17.0,0.0
13.41693,0x316,0.0,0.0,1.0,6.25,2.06,-0.3,20.09375,20.28125,19.78125,19.78125,-2.3,8.0,17.0,0.0
13.42106,0x2B0,0.0,0.0,1.0,6.25,2.06,-0.3,20.09375,20.28125,19.78125,19.78125,-2.4,0.0,17.0,0.0
13.4263,0x220,0.0,0.0,1.0,6.25,2.08,-0.29,20.09375,20.28125,19.78125,19.78125,-2.4,0.0,17.0,0.0
13.42653,0x386,0.0,0.0,1.0,6.25,2.08,-0.29,20.09375,20.28125,19.75,19.71875,-2.4,0.0,17.0,0.0
13.42678,0x316,0.0,0.0,1.0,6.25,2.08,-0.29,20.09375,20.28125,19.75,19.71875,-2.4,0.0,17.0,0.0
13.43102,0x2B0,0.0,0.0,1.0,6.25,2.08,-0.29,20.09375,20.28125,19.75,19.71875,-2.4,0.0,17.0,0.0
13.4363,0x220,0.0,0.0,1.0,6.25,1.95,-0.3,20.09375,20.28125,19.75,19.71875,-2.4,0.0,17.0,0.0
13.43676,0x316,0.0,0.0,1.0,6.25,1.95,-0.3,20.09375,20.28125,19.75,19.71875,-2.4,0.0,12.0,0.0
13.44102,0x2B0,0.0,0.0,1.0,6.25,1.95,-0.3,20.09375,20.28125,19.75,19.71875,-2.4,0.0,12.0,0.0
13.4463,0x220,0.0,0.0,1.0,6.25,1.67,-0.23,20.09375,20.28125,19.75,19.71875,-2.4,0.0,12.0,0.0
13.44653,0x386,0.0,0.0,1.0,6.25,1.67,-0.23,20.09375,20.125,19.75,19.875,-2.4,0.0,12.0,0.0
13.447,0x316,0.0,0.0,1.0,6.25,1.67,-0.23,20.09375,20.125,19.75,19.875,-2.4,0.0,12.0,0.0
13.45102,0x2B0,0.0,0.0,1.0,6.25,1.67,-0.23,20.09375,20.125,19.75,19.875,-2.4,0.0,12.0,0.0
13.45629,0x220,0.0,0.0,1.0,6.25,1.38,-0.1,20.09375,20.125,19.75,19.875,-2.4,0.0,12.0,0.0
13.45678,0x316,0.0,0.0,1.0,6.25,1.38,-0.1,20.09375,20.125,19.75,19.875,-2.4,0.0,10.0,0.0
13.46101,0x2B0,0.0,0.0,1.0,6.25,1.38,-0.1,20.09375,20.125,19.75,19.875,-2.4,0.0,10.0,0.0
13.46631,0x220,0.0,0.0,1.0,6.25,1.14,-0.05,20.09375,20.125,19.75,19.875,-2.4,0.0,10.0,0.0
13.46653,0x386,0.0,0.0,1.0,6.25,1.14,-0.05,20.1875,20.15625,19.71875,19.8125,-2.4,0.0,10.0,0.0
13.46678,0x316,0.0,0.0,1.0,6.25,1.14,-0.05,20.1875,20.15625,19.71875,19.8125,-2.4,0.0,10.0,0.0
13.47101,0x2B0,0.0,0.0,1.0,6.25,1.14,-0.05,20.1875,20.15625,19.71875,19.8125,-2.4,0.0,10.0,0.0
13.4763,0x220,0.0,0.0,1.0,6.25,1.02,-0.12,20.1875,20.15625,19.71875,19.8125,-2.4,0.0,10.0,0.0
13.47668,0x316,0.0,0.0,1.0,6.25,1.02,-0.12,20.1875,20.15625,19.71875,19.8125,-2.4,0.0,10.0,0.0
13.48101,0x2B0,0.0,0.0,1.0,6.25,1.02,-0.12,20.1875,20.15625,19.71875,19.8125,-2.4,0.0,10.0,0.0
13.4863,0x220,0.0,0.0,1.0,6.25,0.98,-0.14,20.1875,20.15625,19.71875,19.8125,-2.4,0.0,10.0,0.0
13.48652,0x386,0.0,0.0,1.0,6.25,0.98,-0.14,20.1875,20.15625,19.65625,19.8125,-2.4,0.0,10.0,0.0
13.48677,0x316,0.0,0.0,1.0,6.25,0.98,-0.14,20.1875,20.15625,19.65625,19.8125,-2.4,0.0,10.0,0.0
13.49108,0x2B0,0.0,0.0,1.0,6.25,0.98,-0.14,20.1875,20.15625,19.65625,19.8125,-2.4,0.0,10.0,0.0
13.49631,0x220,0.0,0.0,1.0,6.25,0.97,-0.06,20.1875,20.15625,19.65625,19.8125,-2.4,0.0,10.0,0.0
13.49674,0x316,0.0,0.0,1.0,6.25,0.97,-0.06,20.1875,20.15625,19.65625,19.8125,-2.4,0.0,10.0,0.0
13.50102,0x2B0,0.0,0.0,1.0,6.25,0.97,-0.06,20.1875,20.15625,19.65625,19.8125,-2.2,8.0,10.0,0.0
13.50631,0x220,0.0,0.0,1.0,6.25,0.94,0.0,20.1875,20.15625,19.65625,19.8125,-2.2,8.0,10.0,0.0
13.50653,0x386,0.0,0.0,1.0,6.25,0.94,0.0,20.125,20.3125,19.59375,19.84375,-2.2,8.0,10.0,0.0
13.50677,0x316,0.0,0.0,1.0,6.25,0.94,0.0,20.125,20.3125,19.59375,19.84375,-2.2,8.0,12.0,0.0
13.51101,0x2B0,0.0,0.0,1.0,6.25,0.94,0.0,20.125,20.3125,19.59375,19.84375,-2.2,8.0,12.0,0.0
13.51631,0x220,0.0,0.0,1.0,6.25,0.83,0.11,20.125,20.3125,19.59375,19.84375,-2.2,8.0,12.0,0.0
13.51684,0x316,0.0,0.0,1.0,6.25,0.83,0.11,20.125,20.3125,19.59375,19.84375,-2.2,8.0,15.0,0.0
13.52099,0x2B0,0.0,0.0,1.0,6.25,0.83,0.11,20.125,20.3125,19.59375,19.84375,-2.2,0.0,15.0,0.0
13.52631,0x220,0.0,0.0,1.0,6.25,0.78,0.34,20.125,20.3125,19.59375,19.84375,-2.2,0.0,15.0,0.0
13.52654,0x386,0.0,0.0,1.0,6.25,0.78,0.34,20.3125,20.21875,19.6875,19.6875,-2.2,0.0,15.0,0.0
13.52678,0x316,0.0,0.0,1.0,6.25,0.78,0.34,20.3125,20.21875,19.6875,19.6875,-2.2,0.0,15.0,0.0
13.53101,0x2B0,0.0,0.0,1.0,6.25,0.78,0.34,20.3125,20.21875,19.6875,19.6875,-2.2,0.0,15.0,0.0
13.53631,0x220,0.0,0.0,1.0,6.25,0.85,0.51,20.3125,20.21875,19.6875,19.6875,-2.2,0.0,15.0,0.0
13.53678,0x316,0.0,0.0,1.0,6.25,0.85,0.51,20.3125,20.21875,19.6875,19.6875,-2.2,0.0,15.0,0.0
13.541,0x2B0,0.0,0.0,1.0,6.25,0.85,0.51,20.3125,20.21875,19.6875,19.6875,-2.2,0.0,15.0,0.0
13.5463,0x220,0.0,0.0,1.0,6.25,0.98,0.51,20.3125,20.21875,19.6875,19.6875,-2.2,0.0,15.0,0.0
13.54653,0x386,0.0,0.0,1.0,6.25,0.98,0.51,20.125,20.21875,19.5625,19.8125,-2.2,0.0,15.0,0.0
13.547,0x316,0.0,0.0,1.0,6.25,0.98,0.51,20.125,20.21875,19.5625,19.8125,-2.2,0.0,15.0,0.0
13.55101,0x2B0,0.0,0.0,1.0,6.25,0.98,0.51,20.125,20.21875,19.5625,19.8125,-2.2,0.0,15.0,0.0
13.55631,0x220,0.0,0.0,1.0,6.25,1.1,0.36,20.125,20.21875,19.5625,19.8125,-2.2,0.0,15.0,0.0
13.55671,0x316,0.0,0.0,1.0,6.25,1.1,0.36,20.125,20.21875,19.5625,19.8125,-2.2,0.0,15.0,0.0
13.56104,0x2B0,0.0,0.0,1.0,6.25,1.1,0.36,20.125,20.21875,19.5625,19.8125,-2.2,0.0,15.0,0.0
13.56632,0x220,0.0,0.0,1.0,6.25,1.09,0.26,20.125,20.21875,19.5625,19.8125,-2.2,0.0,15.0,0.0
13.56655,0x386,0.0,0.0,1.0,6.25,1.09,0.26,20.3125,20.28125,19.5,19.71875,-2.2,0.0,15.0,0.0
13.56679,0x316,0.0,0.0,1.0,6.25,1.09,0.26,20.3125,20.28125,19.5,19.71875,-2.2,0.0,12.0,0.0
13.57105,0x2B0,0.0,0.0,1.0,6.25,1.09,0.26,20.3125,20.28125,19.5,19.71875,-2.4,8.0,12.0,0.0
13.57631,0x220,0.0,0.0,1.0,6.25,0.96,0.35,20.3125,20.28125,19.5,19.71875,-2.4,8.0,12.0,0.0
13.57675,0x316,0.0,0.0,1.0,6.25,0.96,0.35,20.3125,20.28125,19.5,19.71875,-2.4,8.0,10.0,0.0
13.58105,0x2B0,0.0,0.0,1.0,6.25,0.96,0.35,20.3125,20.28125,19.5,19.71875,-2.5,12.0,10.0,0.0
13.58631,0x220,0.0,0.0,1.0,6.25,0.88,0.56,20.3125,20.28125,19.5,19.71875,-2.5,12.0,10.0,0.0
13.58653,0x386,0.0,0.0,1.0,6.25,0.88,0.56,20.125,20.21875,19.78125,19.8125,-2.5,12.0,10.0,0.0
13.58677,0x316,0.0,0.0,1.0,6.25,0.88,0.56,20.125,20.21875,19.78125,19.8125,-2.5,12.0,7.0,0.0
13.59107,0x2B0,0.0,0.0,1.0,6.25,0.88,0.56,20.125,20.21875,19.78125,19.8125,-2.5,0.0,7.0,0.0
13.5963,0x220,0.0,0.0,1.0,6.25,0.91,0.67,20.125,20.21875,19.78125,19.8125,-2.5,0.0,7.0,0.0
13.5967,0x316,0.0,0.0,1.0,6.25,0.91,0.67,20.125,20.21875,19.78125,19.8125,-2.5,0.0,5.0,0.0
13.60109,0x2B0,0.0,0.0,1.0,6.25,0.91,0.67,20.125,20.21875,19.78125,19.8125,-2.7,8.0,5.0,0.0
13.6063,0x220,0.0,0.0,1.0,6.25,0.96,0.52,20.125,20.21875,19.78125,19.8125,-2.7,8.0,5.0,0.0
13.60653,0x386,0.0,0.0,1.0,6.25,0.96,0.52,20.21875,20.34375,19.78125,19.875,-2.7,8.0,5.0,0.0
13.60678,0x316,0.0,0.0,1.0,6.25,0.96,0.52,20.21875,20.34375,19.78125,19.875,-2.7,8.0,2.0,0.0
13.61108,0x2B0,0.0,0.0,1.0,6.25,0.96,0.52,20.21875,20.34375,19.78125,19.875,-2.7,8.0,2.0,0.0
13.6163,0x220,0.0,0.0,1.0,6.25,1.03,0.3,20.21875,20.34375,19.78125,19.875,-2.7,8.0,2.0,0.0
13.6169,0x316,0.0,0.0,1.0,6.25,1.03,0.3,20.21875,20.34375,19.78125,19.875,-2.7,8.0,2.0,0.0
13.62108,0x2B0,0.0,0.0,1.0,6.25,1.03,0.3,20.21875,20.34375,19.78125,19.875,-2.8,0.0,2.0,0.0
13.62631,0x220,0.0,0.0,1.0,6.25,1.09,0.19,20.21875,20.34375,19.78125,19.875,-2.8,0.0,2.0,0.0
13.62654,0x386,0.0,0.0,1.0,6.25,1.09,0.19,20.125,20.09375,19.71875,19.90625,-2.8,0.0,2.0,0.0
13.62678,0x316,0.0,0.0,1.0,6.25,1.09,0.19,20.125,20.09375,19.71875,19.90625,-2.8,0.0,2.0,0.0
13.63107,0x2B0,0.0,0.0,1.0,6.25,1.09,0.19,20.125,20.09375,19.71875,19.90625,-2.8,0.0,2.0,0.0
13.63631,0x220,0.0,0.0,1.0,6.25,1.09,0.23,20.125,20.09375,19.71875,19.90625,-2.8,0.0,2.0,0.0
13.63675,0x316,0.0,0.0,1.0,6.25,1.09,0.23,20.125,20.09375,19.71875,19.90625,-2.8,0.0,0.0,0.0
13.64107,0x2B0,0.0,0.0,1.0,6.25,1.09,0.23,20.125,20.09375,19.71875,19.90625,-2.9,0.0,0.0,0.0
13.64631,0x220,0.0,0.0,1.0,6.25,1.13,0.34,20.125,20.09375,19.71875,19.90625,-2.9,0.0,0.0,0.0
13.64653,0x386,0.0,0.0,1.0,6.25,1.13,0.34,20.15625,20.25,19.84375,19.8125,-2.9,0.0,0.0,0.0
13.64701,0x316,0.0,0.0,1.0,6.25,1.13,0.34,20.15625,20.25,19.84375,19.8125,-2.9,0.0,0.0,0.0
13.65108,0x2B0,0.0,0.0,1.0,6.25,1.13,0.34,20.15625,20.25,19.84375,19.8125,-2.9,0.0,0.0,0.0
13.65631,0x220,0.0,0.0,1.0,6.25,1.22,0.34,20.15625,20.25,19.84375,19.8125,-2.9,0.0,0.0,0.0
13.65672,0x316,0.0,0.0,1.0,6.25,1.22,0.34,20.15625,20.25,19.84375,19.8125,-2.9,0.0,0.0,0.0
13.66108,0x2B0,0.0,0.0,1.0,6.25,1.22,0.34,20.15625,20.25,19.84375,19.8125,-2.9,0.0,0.0,0.0
13.66632,0x220,0.0,0.0,1.0,6.25,1.3,0.19,20.15625,20.25,19.84375,19.8125,-2.9,0.0,0.0,0.0
13.66655,0x386,0.0,0.0,1.0,6.25,1.3,0.19,20.15625,20.09375,19.78125,19.8125,-2.9,0.0,0.0,0.0
13.66703,0x316,0.0,0.0,1.0,6.25,1.3,0.19,20.15625,20.09375,19.78125,19.8125,-2.9,0.0,2.0,0.0
13.67108,0x2B0,0.0,0.0,1.0,6.25,1.3,0.19,20.15625,20.09375,19.78125,19.8125,-2.9,0.0,2.0,0.0
13.67631,0x220,0.0,0.0,1.0,6.25,1.36,0.12,20.15625,20.09375,19.78125,19.8125,-2.9,0.0,2.0,0.0
13.67669,0x316,0.0,0.0,1.0,6.25,1.36,0.12,20.15625,20.09375,19.78125,19.8125,-2.9,0.0,2.0,0.0
13.68109,0x2B0,0.0,0.0,1.0,6.25,1.36,0.12,20.15625,20.09375,19.78125,19.8125,-2.9,0.0,2.0,0.0
13.68631,0x220,0.0,0.0,1.0,6.25,1.39,0.24,20.15625,20.09375,19.78125,19.8125,-2.9,0.0,2.0,0.0
13.68654,0x386,0.0,0.0,1.0,6.25,1.39,0.24,20.15625,20.09375,19.78125,19.90625,-2.9,0.0,2.0,0.0
13.68678,0x316,0.0,0.0,1.0,6.25,1.39,0.24,20.15625,20.09375,19.78125,19.90625,-2.9,0.0,2.0,0.0
13.69108,0x2B0,0.0,0.0,1.0,6.25,1.39,0.24,20.15625,20.09375,19.78125,19.90625,-2.9,0.0,2.0,0.0
13.69631,0x220,0.0,0.0,1.0,6.25,1.45,0.32,20.15625,20.09375,19.78125,19.90625,-2.9,0.0,2.0,0.0
13.6967,0x316,0.0,0.0,1.0,6.25,1.45,0.32,20.15625,20.09375,19.78125,19.90625,-2.9,0.0,5.0,0.0
13.70109,0x2B0,0.0,0.0,1.0,6.25,1.45,0.32,20.15625,20.09375,19.78125,19.90625,-2.9,0.0,5.0,0.0
13.70631,0x220,0.0,0.0,1.0,6.25,1.54,0.22,20.15625,20.09375,19.78125,19.90625,-2.9,0.0,5.0,0.0
13.70653,0x386,0.0,0.0,1.0,6.25,1.54,0.22,20.15625,20.125,19.78125,19.9375,-2.9,0.0,5.0,0.0
13.70701,0x316,0.0,0.0,1.0,6.25,1.54,0.22,20.15625,20.125,19.78125,19.9375,-2.9,0.0,5.0,0.0
13.71108,0x2B0,0.0,0.0,1.0,6.25,1.54,0.22,20.15625,20.125,19.78125,19.9375,-2.9,0.0,5.0,0.0
13.71631,0x220,0.0,0.0,1.0,6.25,1.6,0.05,20.15625,20.125,19.78125,19.9375,-2.9,0.0,5.0,0.0
13.71681,0x316,0.0,0.0,1.0,6.25,1.6,0.05,20.15625,20.125,19.78125,19.9375,-2.9,0.0,5.0,0.0
13.72101,0x2B0,0.0,0.0,1.0,6.25,1.6,0.05,20.15625,20.125,19.78125,19.9375,-2.9,0.0,5.0,0.0
13.72631,0x220,0.0,0.0,1.0,6.25,1.63,-0.02,20.15625,20.125,19.78125,19.9375,-2.9,0.0,5.0,0.0
13.72654,0x386,0.0,0.0,1.0,6.25,1.63,-0.02,20.25,20.09375,19.78125,19.875,-2.9,0.0,5.0,0.0
13.72678,0x316,0.0,0.0,1.0,6.25,1.63,-0.02,20.25,20.09375,19.78125,19.875,-2.9,0.0,5.0,0.0
13.73104,0x2B0,0.0,0.0,1.0,6.25,1.63,-0.02,20.25,20.09375,19.78125,19.875,-2.9,0.0,5.0,0.0
13.73631,0x220,0.0,0.0,1.0,6.25,1.66,0.0,20.25,20.09375,19.78125,19.875,-2.9,0.0,5.0,0.0
13.73674,0x316,0.0,0.0,1.0,6.25,1.66,0.0,20.25,20.09375,19.78125,19.875,-2.9,0.0,5.0,0.0
13.74104,0x2B0,0.0,0.0,1.0,6.25,1.66,0.0,20.25,20.09375,19.78125,19.875,-2.9,0.0,5.0,0.0
13.74631,0x220,0.0,0.0,1.0,6.25,1.67,0.11,20.25,20.09375,19.78125,19.875,-2.9,0.0,5.0,0.0
13.74653,0x386,0.0,0.0,1.0,6.25,1.67,0.11,20.125,20.15625,19.8125,19.84375,-2.9,0.0,5.0,0.0
13.74701,0x316,0.0,0.0,1.0,6.25,1.67,0.11,20.125,20.15625,19.8125,19.84375,-2.9,0.0,2.0,0.0
13.75103,0x2B0,0.0,0.0,1.0,6.25,1.67,0.11,20.125,20.15625,19.8125,19.84375,-2.9,0.0,2.0,0.0
13.7563,0x220,0.0,0.0,1.0,6.25,1.56,0.2,20.125,20.15625,19.8125,19.84375,-2.9,0.0,2.0,0.0
13.75671,0x316,0.0,0.0,1.0,6.25,1.56,0.2,20.125,20.15625,19.8125,19.84375,-2.9,0.0,2.0,0.0
13.76103,0x2B0,0.0,0.0,1.0,6.25,1.56,0.2,20.125,20.15625,19.8125,19.84375,-2.9,0.0,2.0,0.0
13.76631,0x220,0.0,0.0,1.0,6.25,1.4,0.17,20.125,20.15625,19.8125,19.84375,-2.9,0.0,2.0,0.0
13.76654,0x386,0.0,0.0,1.0,6.25,1.4,0.17,20.125,20.21875,19.71875,19.8125,-2.9,0.0,2.0,0.0
13.76678,0x316,0.0,0.0,1.0,6.25,1.4,0.17,20.125,20.21875,19.71875,19.8125,-2.9,0.0,2.0,0.0
13.77109,0x2B0,0.0,0.0,1.0,6.25,1.4,0.17,20.125,20.21875,19.71875,19.8125,-2.9,0.0,2.0,0.0
13.77631,0x220,0.0,0.0,1.0,6.25,1.31,0.11,20.125,20.21875,19.71875,19.8125,-2.9,0.0,2.0,0.0
13.7767,0x316,0.0,0.0,1.0,6.25,1.31,0.11,20.125,20.21875,19.71875,19.8125,-2.9,0.0,2.0,0.0
13.78106,0x2B0,0.0,0.0,1.0,6.25,1.31,0.11,20.125,20.21875,19.71875,19.8125,-2.8,0.0,2.0,0.0
13.78631,0x220,0.0,0.0,1.0,6.25,1.34,0.05,20.125,20.21875,19.71875,19.8125,-2.8,0.0,2.0,0.0
13.78654,0x386,0.0,0.0,1.0,6.25,1.34,0.05,20.25,20.28125,19.59375,19.8125,-2.8,0.0,2.0,0.0
13.78701,0x316,0.0,0.0,1.0,6.25,1.34,0.05,20.25,20.28125,19.59375,19.8125,-2.8,0.0,2.0,0.0
13.79102,0x2B0,0.0,0.0,1.0,6.25,1.34,0.05,20.25,20.28125,19.59375,19.8125,-2.8,0.0,2.0,0.0
13.79632,0x220,0.0,0.0,1.0,6.25,1.47,-0.03,20.25,20.28125,19.59375,19.8125,-2.8,0.0,2.0,0.0
13.79668,0x316,0.0,0.0,1.0,6.25,1.47,-0.03,20.25,20.28125,19.59375,19.8125,-2.8,0.0,2.0,0.0
13.80102,0x2B0,0.0,0.0,1.0,6.25,1.47,-0.03,20.25,20.28125,19.59375,19.8125,-2.8,0.0,2.0,0.0
13.80631,0x220,0.0,0.0,1.0,6.25,1.58,-0.1,20.25,20.28125,19.59375,19.8125,-2.8,0.0,2.0,0.0
13.80654,0x386,0.0,0.0,1.0,6.25,1.58,-0.1,20.09375,20.21875,19.40625,19.59375,-2.8,0.0,2.0,0.0
13.80678,0x316,0.0,0.0,1.0,6.25,1.58,-0.1,20.09375,20.21875,19.40625,19.59375,-2.8,0.0,5.0,0.0
13.81102,0x2B0,0.0,0.0,1.0,6.25,1.58,-0.1,20.09375,20.21875,19.40625,19.59375,-2.8,0.0,5.0,0.0
13.81631,0x220,0.0,0.0,1.0,6.25,1.6,-0.12,20.09375,20.21875,19.40625,19.59375,-2.8,0.0,5.0,0.0
13.81685,0x316,0.0,0.0,1.0,6.25,1.6,-0.12,20.09375,20.21875,19.40625,19.59375,-2.8,0.0,5.0,0.0
13.82102,0x2B0,0.0,0.0,1.0,6.25,1.6,-0.12,20.09375,20.21875,19.40625,19.59375,-2.8,0.0,5.0,0.0
13.82631,0x220,0.0,0.0,1.0,6.25,1.51,-0.06,20.09375,20.21875,19.40625,19.59375,-2.8,0.0,5.0,0.0
13.82655,0x386,0.0,0.0,1.0,6.25,1.51,-0.06,20.09375,20.15625,19.4375,19.71875,-2.8,0.0,5.0,0.0
13.82679,0x316,0.0,0.0,1.0,6.25,1.51,-0.06,20.09375,20.15625,19.4375,19.71875,-2.8,0.0,5.0,0.0
13.83102,0x2B0,0.0,0.0,1.0,6.25,1.51,-0.06,20.09375,20.15625,19.4375,19.71875,-2.8,0.0,5.0,0.0
13.83632,0x220,0.0,0.0,1.0,6.25,1.39,0.02,20.09375,20.15625,19.4375,19.71875,-2.8,0.0,5.0,0.0
13.83672,0x316,0.0,0.0,1.0,6.25,1.39,0.02,20.09375,20.15625,19.4375,19.71875,-2.8,0.0,5.0,0.0
13.84108,0x2B0,0.0,0.0,1.0,6.25,1.39,0.02,20.09375,20.15625,19.4375,19.71875,-2.8,0.0,5.0,0.0
13.84631,0x220,0.0,0.0,1.0,6.25,1.33,0.12,20.09375,20.15625,19.4375,19.71875,-2.8,0.0,5.0,0.0
13.84654,0x386,0.0,0.0,1.0,6.25,1.33,0.12,20.0,20.0,19.375,19.65625,-2.8,0.0,5.0,0.0
13.84702,0x316,0.0,0.0,1.0,6.25,1.33,0.12,20.0,20.0,19.375,19.65625,-2.8,0.0,5.0,0.0
13.85108,0x2B0,0.0,0.0,1.0,6.25,1.33,0.12,20.0,20.0,19.375,19.65625,-2.8,0.0,5.0,0.0
13.85631,0x220,0.0,0.0,1.0,6.25,1.32,0.17,20.0,20.0,19.375,19.65625,-2.8,0.0,5.0,0.0
13.85669,0x316,0.0,0.0,1.0,6.25,1.32,0.17,20.0,20.0,19.375,19.65625,-2.8,0.0,5.0,0.0
13.86108,0x2B0,0.0,0.0,1.0,6.25,1.32,0.17,20.0,20.0,19.375,19.65625,-3.0,8.0,5.0,0.0
13.86632,0x220,0.0,0.0,1.0,6.25,1.35,0.11,20.0,20.0,19.375,19.65625,-3.0,8.0,5.0,0.0
13.86656,0x386,0.0,0.0,1.0,6.25,1.35,0.11,20.0625,20.0625,19.4375,19.75,-3.0,8.0,5.0,0.0
13.86703,0x316,0.0,0.0,1.0,6.25,1.35,0.11,20.0625,20.0625,19.4375,19.75,-3.0,8.0,5.0,0.0
13.87109,0x2B0,0.0,0.0,1.0,6.25,1.35,0.11,20.0625,20.0625,19.4375,19.75,-3.0,8.0,5.0,0.0
13.87631,0x220,0.0,0.0,1.0,6.25,1.34,0.0,20.0625,20.0625,19.4375,19.75,-3.0,8.0,5.0,0.0
13.87673,0x316,0.0,0.0,1.0,6.25,1.34,0.0,20.0625,20.0625,19.4375,19.75,-3.0,8.0,2.0,0.0
13.88106,0x2B0,0.0,0.0,1.0,6.25,1.34,0.0,20.0625,20.0625,19.4375,19.75,-3.1,0.0,2.0,0.0
13.88631,0x220,0.0,0.0,1.0,6.25,1.3,-0.11,20.0625,20.0625,19.4375,19.75,-3.1,0.0,2.0,0.0
13.88655,0x386,0.0,0.0,1.0,6.25,1.3,-0.11,19.90625,19.9375,19.75,19.65625,-3.1,0.0,2.0,0.0
13.88679,0x316,0.0,0.0,1.0,6.25,1.3,-0.11,19.90625,19.9375,19.75,19.65625,-3.1,0.0,2.0,0.0
13.89105,0x2B0,0.0,0.0,1.0,6.25,1.3,-0.11,19.90625,19.9375,19.75,19.65625,-3.1,0.0,2.0,0.0
13.89631,0x220,0.0,0.0,1.0,6.25,1.27,-0.13,19.90625,19.9375,19.75,19.65625,-3.1,0.0,2.0,0.0
13.89663,0x316,0.0,0.0,1.0,6.25,1.27,-0.13,19.90625,19.9375,19.75,19.65625,-3.1,0.0,2.0,0.0
13.90103,0x2B0,0.0,0.0,1.0,6.25,1.27,-0.13,19.90625,19.9375,19.75,19.65625,-3.3,8.0,2.0,0.0
13.90632,0x220,0.0,0.0,1.0,6.25,1.34,-0.05,19.90625,19.9375,19.75,19.65625,-3.3,8.0,2.0,0.0
13.90655,0x386,0.0,0.0,1.0,6.25,1.34,-0.05,19.9375,20.0,19.6875,19.65625,-3.3,8.0,2.0,0.0
13.90703,0x316,0.0,0.0,1.0,6.25,1.34,-0.05,19.9375,20.0,19.6875,19.65625,-3.3,8.0,2.0,0.0
13.91104,0x2B0,0.0,0.0,1.0,6.25,1.34,-0.05,19.9375,20.0,19.6875,19.65625,-3.3,8.0,2.0,0.0
13.91631,0x220,0.0,0.0,1.0,6.25,1.54,-0.05,19.9375,20.0,19.6875,19.65625,-3.3,8.0,2.0,0.0
13.91692,0x316,0.0,0.0,1.0,6.25,1.54,-0.05,19.9375,20.0,19.6875,19.65625,-3.3,8.0,2.0,0.0
13.92105,0x2B0,0.0,0.0,1.0,6.25,1.54,-0.05,19.9375,20.0,19.6875,19.65625,-3.4,0.0,2.0,0.0
13.92631,0x220,0.0,0.0,1.0,6.25,1.7,-0.16,19.9375,20.0,19.6875,19.65625,-3.4,0.0,2.0,0.0
13.92654,0x386,0.0,0.0,1.0,6.25,1.7,-0.16,19.90625,20.03125,19.65625,19.78125,-3.4,0.0,2.0,0.0
13.92678,0x316,0.0,0.0,1.0,6.25,1.7,-0.16,19.90625,20.03125,19.65625,19.78125,-3.4,0.0,2.0,0.0
13.93098,0x2B0,0.0,0.0,1.0,6.25,1.7,-0.16,19.90625,20.03125,19.65625,19.78125,-3.4,0.0,2.0,0.0
13.93631,0x220,0.0,0.0,1.0,6.25,1.65,-0.27,19.90625,20.03125,19.65625,19.78125,-3.4,0.0,2.0,0.0
13.93669,0x316,0.0,0.0,1.0,6.25,1.65,-0.27,19.90625,20.03125,19.65625,19.78125,-3.4,0.0,7.0,0.0
13.94104,0x2B0,0.0,0.0,1.0,6.25,1.65,-0.27,19.90625,20.03125,19.65625,19.78125,-3.4,0.0,7.0,0.0
13.94631,0x220,0.0,0.0,1.0,6.25,1.39,-0.34,19.90625,20.03125,19.65625,19.78125,-3.4,0.0,7.0,0.0
13.94653,0x386,0.0,0.0,1.0,6.25,1.39,-0.34,20.0,20.34375,19.71875,19.6875,-3.4,0.0,7.0,0.0
13.947,0x316,0.0,0.0,1.0,6.25,1.39,-0.34,20.0,20.34375,19.71875,19.6875,-3.4,0.0,7.0,0.0
13.95103,0x2B0,0.0,0.0,1.0,6.25,1.39,-0.34,20.0,20.34375,19.71875,19.6875,-3.4,0.0,7.0,0.0
13.95632,0x220,0.0,0.0,1.0,6.25,1.12,-0.26,20.0,20.34375,19.71875,19.6875,-3.4,0.0,7.0,0.0
13.95675,0x316,0.0,0.0,1.0,6.25,1.12,-0.26,20.0,20.34375,19.71875,19.6875,-3.4,0.0,10.0,0.0
13.96103,0x2B0,0.0,0.0,1.0,6.25,1.12,-0.26,20.0,20.34375,19.71875,19.6875,-3.4,0.0,10.0,0.0
13.96632,0x220,0.0,0.0,1.0,6.25,1.03,-0.1,20.0,20.34375,19.71875,19.6875,-3.4,0.0,10.0,0.0
13.96655,0x386,0.0,0.0,1.0,6.25,1.03,-0.1,20.25,20.03125,19.625,19.65625,-3.4,0.0,10.0,0.0
13.96679,0x316,0.0,0.0,1.0,6.25,1.03,-0.1,20.25,20.03125,19.625,19.65625,-3.4,0.0,10.0,0.0
13.97103,0x2B0,0.0,0.0,1.0,6.25,1.03,-0.1,20.25,20.03125,19.625,19.65625,-3.4,0.0,10.0,0.0
13.97632,0x220,0.0,0.0,1.0,6.25,1.13,-0.07,20.25,20.03125,19.625,19.65625,-3.4,0.0,10.0,0.0
13.97666,0x316,0.0,0.0,1.0,6.25,1.13,-0.07,20.25,20.03125,19.625,19.65625,-3.4,0.0,10.0,0.0
13.98096,0x2B0,0.0,0.0,1.0,6.25,1.13,-0.07,20.25,20.03125,19.625,19.65625,-3.4,0.0,10.0,0.0
13.98631,0x220,0.0,0.0,1.0,6.25,1.39,-0.18,20.25,20.03125,19.625,19.65625,-3.4,0.0,10.0,0.0
13.98654,0x386,0.0,0.0,1.0,6.25,1.39,-0.18,20.03125,20.25,19.75,19.75,-3.4,0.0,10.0,0.0
13.98678,0x316,0.0,0.0,1.0,6.25,1.39,-0.18,20.03125,20.25,19.75,19.75,-3.4,0.0,10.0,0.0
13.99099,0x2B0,0.0,0.0,1.0,6.25,1.39,-0.18,20.03125,20.25,19.75,19.75,-3.4,0.0,10.0,0.0
13.99632,0x220,0.0,0.0,1.0,6.25,1.6,-0.27,20.03125,20.25,19.75,19.75,-3.4,0.0,10.0,0.0
13.99678,0x316,0.0,0.0,1.0,6.25,1.6,-0.27,20.03125,20.25,19.75,19.75,-3.4,0.0,10.0,0.0
14.00102,0x2B0,0.0,0.0,1.0,6.25,1.6,-0.27,20.03125,20.25,19.75,19.75,-3.4,0.0,10.0,0.0
14.00631,0x220,0.0,0.0,1.0,6.25,1.56,-0.21,20.03125,20.25,19.75,19.75,-3.4,0.0,10.0,0.0
14.00655,0x386,0.0,0.0,1.0,6.25,1.56,-0.21,20.21875,20.0,19.78125,19.71875,-3.4,0.0,10.0,0.0
14.00679,0x316,0.0,0.0,1.0,6.25,1.56,-0.21,20.21875,20.0,19.78125,19.71875,-3.4,0.0,10.0,0.0
14.01101,0x2B0,0.0,0.0,1.0,6.25,1.56,-0.21,20.21875,20.0,19.78125,19.71875,-3.4,0.0,10.0,0.0
14.01632,0x220,0.0,0.0,1.0,6.25,1.36,0.0,20.21875,20.0,19.78125,19.71875,-3.4,0.0,10.0,0.0
14.01689,0x316,0.0,0.0,1.0,6.25,1.36,0.0,20.21875,20.0,19.78125,19.71875,-3.4,0.0,7.0,0.0
14.02101,0x2B0,0.0,0.0,1.0,6.25,1.36,0.0,20.21875,20.0,19.78125,19.71875,-3.4,0.0,7.0,0.0
14.02632,0x220,0.0,0.0,1.0,6.25,1.2,0.15,20.21875,20.0,19.78125,19.71875,-3.4,0.0,7.0,0.0
14.02655,0x386,0.0,0.0,1.0,6.25,1.2,0.15,20.15625,20.03125,19.75,19.625,-3.4,0.0,7.0,0.0
14.02679,0x316,0.0,0.0,1.0,6.25,1.2,0.15,20.15625,20.03125,19.75,19.625,-3.4,0.0,7.0,0.0
14.03101,0x2B0,0.0,0.0,1.0,6.25,1.2,0.15,20.15625,20.03125,19.75,19.625,-3.4,0.0,7.0,0.0
14.03632,0x220,0.0,0.0,1.0,6.25,1.15,0.1,20.15625,20.03125,19.75,19.625,-3.4,0.0,7.0,0.0
14.03682,0x316,0.0,0.0,1.0,6.25,1.15,0.1,20.15625,20.03125,19.75,19.625,-3.4,0.0,7.0,0.0
14.04101,0x2B0,0.0,0.0,1.0,6.25,1.15,0.1,20.15625,20.03125,19.75,19.625,-3.4,0.0,7.0,0.0
14.04632,0x220,0.0,0.0,1.0,6.25,1.21,-0.11,20.15625,20.03125,19.75,19.625,-3.4,0.0,7.0,0.0
14.04655,0x386,0.0,0.0,1.0,6.25,1.21,-0.11,20.15625,20.0625,19.65625,19.8125,-3.4,0.0,7.0,0.0
14.04702,0x316,0.0,0.0,1.0,6.25,1.21,-0.11,20.15625,20.0625,19.65625,19.8125,-3.4,0.0,7.0,0.0
14.05102,0x2B0,0.0,0.0,1.0,6.25,1.21,-0.11,20.15625,20.0625,19.65625,19.8125,-3.4,0.0,7.0,0.0
14.05632,0x220,0.0,0.0,1.0,6.25,1.28,-0.34,20.15625,20.0625,19.65625,19.8125,-3.4,0.0,7.0,0.0
14.05672,0x316,0.0,0.0,1.0,6.25,1.28,-0.34,20.15625,20.0625,19.65625,19.8125,-3.4,0.0,7.0,0.0
14.06102,0x2B0,0.0,0.0,1.0,6.25,1.28,-0.34,20.15625,20.0625,19.65625,19.8125,-3.4,0.0,7.0,0.0
14.06632,0x220,0.0,0.0,1.0,6.25,1.21,-0.28,20.15625,20.0625,19.65625,19.8125,-3.4,0.0,7.0,0.0
14.06655,0x386,0.0,0.0,1.0,6.25,1.21,-0.28,20.15625,20.125,19.75,19.875,-3.4,0.0,7.0,0.0
14.06679,0x316,0.0,0.0,1.0,6.25,1.21,-0.28,20.15625,20.125,19.75,19.875,-3.4,0.0,7.0,0.0
14.071,0x2B0,0.0,0.0,1.0,6.25,1.21,-0.28,20.15625,20.125,19.75,19.875,-3.4,0.0,7.0,0.0
14.07631,0x220,0.0,0.0,1.0,6.25,1.12,0.0,20.15625,20.125,19.75,19.875,-3.4,0.0,7.0,0.0
14.07675,0x316,0.0,0.0,1.0,6.25,1.12,0.0,20.15625,20.125,19.75,19.875,-3.4,0.0,7.0,0.0
14.08099,0x2B0,0.0,0.0,1.0,6.25,1.12,0.0,20.15625,20.125,19.75,19.875,-3.4,0.0,7.0,0.0
14.08631,0x220,0.0,0.0,1.0,6.25,1.07,0.34,20.15625,20.125,19.75,19.875,-3.4,0.0,7.0,0.0
14.08654,0x386,0.0,0.0,1.0,6.25,1.07,0.34,20.125,20.25,19.78125,19.875,-3.4,0.0,7.0,0.0
14.08678,0x316,0.0,0.0,1.0,6.25,1.07,0.34,20.125,20.25,19.78125,19.875,-3.4,0.0,7.0,0.0
14.09105,0x2B0,0.0,0.0,1.0,6.25,1.07,0.34,20.125,20.25,19.78125,19.875,-3.4,0.0,7.0,0.0
14.09632,0x220,0.0,0.0,1.0,6.25,1.17,0.49,20.125,20.25,19.78125,19.875,-3.4,0.0,7.0,0.0
14.0967,0x316,0.0,0.0,1.0,6.25,1.17,0.49,20.125,20.25,19.78125,19.875,-3.4,0.0,7.0,0.0
14.10102,0x2B0,0.0,0.0,1.0,6.25,1.17,0.49,20.125,20.25,19.78125,19.875,-3.4,0.0,7.0,0.0
14.10632,0x220,0.0,0.0,1.0,6.25,1.43,0.37,20.125,20.25,19.78125,19.875,-3.4,0.0,7.0,0.0
14.10655,0x386,0.0,0.0,1.0,6.25,1.43,0.37,20.1875,20.25,19.65625,19.875,-3.4,0.0,7.0,0.0
14.10702,0x316,0.0,0.0,1.0,6.25,1.43,0.37,20.1875,20.25,19.65625,19.875,-3.4,0.0,5.0,0.0
14.11101,0x2B0,0.0,0.0,1.0,6.25,1.43,0.37,20.1875,20.25,19.65625,19.875,-3.5,0.0,5.0,0.0
14.11633,0x220,0.0,0.0,1.0,6.25,1.61,0.08,20.1875,20.25,19.65625,19.875,-3.5,0.0,5.0,0.0
14.1169,0x316,0.0,0.0,1.0,6.25,1.61,0.08,20.1875,20.25,19.65625,19.875,-3.5,0.0,5.0,0.0
14.12101,0x2B0,0.0,0.0,1.0,6.25,1.61,0.08,20.1875,20.25,19.65625,19.875,-3.5,0.0,5.0,0.0
14.12631,0x220,0.0,0.0,1.0,6.25,1.56,-0.1,20.1875,20.25,19.65625,19.875,-3.5,0.0,5.0,0.0
14.12655,0x386,0.0,0.0,1.0,6.25,1.56,-0.1,20.09375,20.09375,19.75,19.90625,-3.5,0.0,5.0,0.0
14.12679,0x316,0.0,0.0,1.0,6.25,1.56,-0.1,20.09375,20.09375,19.75,19.90625,-3.5,0.0,5.0,0.0
14.131,0x2B0,0.0,0.0,1.0,6.25,1.56,-0.1,20.09375,20.09375,19.75,19.90625,-3.5,0.0,5.0,0.0
14.13632,0x220,0.0,0.0,1.0,6.25,1.26,-0.04,20.09375,20.09375,19.75,19.90625,-3.5,0.0,5.0,0.0
14.13671,0x316,0.0,0.0,1.0,6.25,1.26,-0.04,20.09375,20.09375,19.75,19.90625,-3.5,0.0,2.0,0.0
14.141,0x2B0,0.0,0.0,1.0,6.25,1.26,-0.04,20.09375,20.09375,19.75,19.90625,-3.5,0.0,2.0,0.0
14.14632,0x220,0.0,0.0,1.0,6.25,0.9,0.21,20.09375,20.09375,19.75,19.90625,-3.5,0.0,2.0,0.0
14.14655,0x386,0.0,0.0,1.0,6.25,0.9,0.21,20.125,20.15625,19.5625,19.71875,-3.5,0.0,2.0,0.0
14.14702,0x316,0.0,0.0,1.0,6.25,0.9,0.21,20.125,20.15625,19.5625,19.71875,-3.5,0.0,2.0,0.0
14.151,0x2B0,0.0,0.0,1.0,6.25,0.9,0.21,20.125,20.15625,19.5625,19.71875,-3.6,0.0,2.0,0.0
14.15633,0x220,0.0,0.0,1.0,6.25,0.66,0.4,20.125,20.15625,19.5625,19.71875,-3.6,0.0,2.0,0.0
14.15677,0x316,0.0,0.0,1.0,6.25,0.66,0.4,20.125,20.15625,19.5625,19.71875,-3.6,0.0,2.0,0.0
14.16099,0x2B0,0.0,0.0,1.0,6.25,0.66,0.4,20.125,20.15625,19.5625,19.71875,-3.6,0.0,2.0,0.0
14.16633,0x220,0.0,0.0,1.0,6.25,0.67,0.31,20.125,20.15625,19.5625,19.71875,-3.6,0.0,2.0,0.0
14.16657,0x386,0.0,0.0,1.0,6.25,0.67,0.31,20.0625,20.09375,19.5625,19.9375,-3.6,0.0,2.0,0.0
14.16681,0x316,0.0,0.0,1.0,6.25,0.67,0.31,20.0625,20.09375,19.5625,19.9375,-3.6,0.0,2.0,0.0
14.17091,0x2B0,0.0,0.0,1.0,6.25,0.67,0.31,20.0625,20.09375,19.5625,19.9375,-3.6,0.0,2.0,0.0
14.17632,0x220,0.0,0.0,1.0,6.25,0.92,0.07,20.0625,20.09375,19.5625,19.9375,-3.6,0.0,2.0,0.0
14.17669,0x316,0.0,0.0,1.0,6.25,0.92,0.07,20.0625,20.09375,19.5625,19.9375,-3.6,0.0,2.0,0.0
14.18093,0x2B0,0.0,0.0,1.0,6.25,0.92,0.07,20.0625,20.09375,19.5625,19.9375,-3.6,0.0,2.0,0.0
14.18632,0x220,0.0,0.0,1.0,6.25,1.17,-0.02,20.0625,20.09375,19.5625,19.9375,-3.6,0.0,2.0,0.0
14.18655,0x386,0.0,0.0,1.0,6.25,1.17,-0.02,20.0625,20.03125,19.59375,19.625,-3.6,0.0,2.0,0.0
14.18703,0x316,0.0,0.0,1.0,6.25,1.17,-0.02,20.0625,20.03125,19.59375,19.625,-3.6,0.0,2.0,0.0
14.19096,0x2B0,0.0,0.0,1.0,6.25,1.17,-0.02,20.0625,20.03125,19.59375,19.625,-3.6,0.0,2.0,0.0
14.19633,0x220,0.0,0.0,1.0,6.25,1.35,0.1,20.0625,20.03125,19.59375,19.625,-3.6,0.0,2.0,0.0
14.19677,0x316,0.0,0.0,1.0,6.25,1.35,0.1,20.0625,20.03125,19.59375,19.625,-3.6,0.0,2.0,0.0
14.20096,0x2B0,0.0,0.0,1.0,6.25,1.35,0.1,20.0625,20.03125,19.59375,19.625,-3.6,0.0,2.0,0.0
14.20633,0x220,0.0,0.0,1.0,6.25,1.41,0.36,20.0625,20.03125,19.59375,19.625,-3.6,0.0,2.0,0.0
14.20656,0x386,0.0,0.0,1.0,6.25,1.41,0.36,19.96875,20.0625,19.625,19.625,-3.6,0.0,2.0,0.0
14.2068,0x316,0.0,0.0,1.0,6.25,1.41,0.36,19.96875,20.0625,19.625,19.625,-3.6,0.0,2.0,0.0
14.21094,0x2B0,0.0,0.0,1.0,6.25,1.41,0.36,19.96875,20.0625,19.625,19.625,-3.6,0.0,2.0,0.0
14.21632,0x220,0.0,0.0,1.0,6.25,1.34,0.43,19.96875,20.0625,19.625,19.625,-3.6,0.0,2.0,0.0
14.21685,0x316,0.0,0.0,1.0,6.25,1.34,0.43,19.96875,20.0625,19.625,19.625,-3.6,0.0,2.0,0.0
14.22093,0x2B0,0.0,0.0,1.0,6.25,1.34,0.43,19.96875,20.0625,19.625,19.625,-3.6,0.0,2.0,0.0
14.22632,0x220,0.0,0.0,1.0,6.25,1.22,0.28,19.96875,20.0625,19.625,19.625,-3.6,0.0,2.0,0.0
14.22655,0x386,0.0,0.0,1.0,6.25,1.22,0.28,19.96875,20.03125,19.625,19.78125,-3.6,0.0,2.0,0.0
14.22679,0x316,0.0,0.0,1.0,6.25,1.22,0.28,19.96875,20.03125,19.625,19.78125,-3.6,0.0,2.0,0.0
14.23094,0x2B0,0.0,0.0,1.0,6.25,1.22,0.28,19.96875,20.03125,19.625,19.78125,-3.6,0.0,2.0,0.0
14.23632,0x220,0.0,0.0,1.0,6.25,1.15,0.07,19.96875,20.03125,19.625,19.78125,-3.6,0.0,2.0,0.0
14.23688,0x316,0.0,0.0,1.0,6.25,1.15,0.07,19.96875,20.03125,19.625,19.78125,-3.6,0.0,2.0,0.0
14.24096,0x2B0,0.0,0.0,1.0,6.25,1.15,0.07,19.96875,20.03125,19.625,19.78125,-3.6,0.0,2.0,0.0
14.24632,0x220,0.0,0.0,1.0,6.25,1.1,0.01,19.96875,20.03125,19.625,19.78125,-3.6,0.0,2.0,0.0
14.24655,0x386,0.0,0.0,1.0,6.25,1.1,0.01,20.0,20.28125,19.65625,19.875,-3.6,0.0,2.0,0.0
14.24703,0x316,0.0,0.0,1.0,6.25,1.1,0.01,20.0,20.28125,19.65625,19.875,-3.6,0.0,2.0,0.0
14.25094,0x2B0,0.0,0.0,1.0,6.25,1.1,0.01,20.0,20.28125,19.65625,19.875,-3.6,0.0,2.0,0.0
14.25633,0x220,0.0,0.0,1.0,6.25,1.01,0.11,20.0,20.28125,19.65625,19.875,-3.6,0.0,2.0,0.0
14.25672,0x316,0.0,0.0,1.0,6.25,1.01,0.11,20.0,20.28125,19.65625,19.875,-3.6,0.0,2.0,0.0
14.26096,0x2B0,0.0,0.0,1.0,6.25,1.01,0.11,20.0,20.28125,19.65625,19.875,-3.6,0.0,2.0,0.0
14.26633,0x220,0.0,0.0,1.0,6.25,0.88,0.24,20.0,20.28125,19.65625,19.875,-3.6,0.0,2.0,0.0
14.26656,0x386,0.0,0.0,1.0,6.25,0.88,0.24,20.0625,20.03125,19.59375,19.78125,-3.6,0.0,2.0,0.0
14.2668,0x316,0.0,0.0,1.0,6.25,0.88,0.24,20.0625,20.03125,19.59375,19.78125,-3.6,0.0,0.0,0.0
14.27094,0x2B0,0.0,0.0,1.0,6.25,0.88,0.24,20.0625,20.03125,19.59375,19.78125,-3.6,0.0,0.0,0.0
14.27633,0x220,0.0,0.0,1.0,6.25,0.71,0.31,20.0625,20.03125,19.59375,19.78125,-3.6,0.0,0.0,0.0
14.27678,0x316,0.0,0.0,1.0,6.25,0.71,0.31,20.0625,20.03125,19.59375,19.78125,-3.6,0.0,0.0,0.0
14.28094,0x2B0,0.0,0.0,1.0,6.25,0.71,0.31,20.0625,20.03125,19.59375,19.78125,-3.6,0.0,0.0,0.0
14.28632,0x220,0.0,0.0,1.0,6.25,0.61,0.34,20.0625,20.03125,19.59375,19.78125,-3.6,0.0,0.0,0.0
14.28656,0x386,0.0,0.0,1.0,6.25,0.61,0.34,20.09375,20.03125,19.5625,19.75,-3.6,0.0,0.0,0.0
14.2868,0x316,0.0,0.0,1.0,6.25,0.61,0.34,20.09375,20.03125,19.5625,19.75,-3.6,0.0,0.0,0.0
14.29094,0x2B0,0.0,0.0,1.0,6.25,0.61,0.34,20.09375,20.03125,19.5625,19.75,-3.6,0.0,0.0,0.0
14.29632,0x220,0.0,0.0,1.0,6.25,0.68,0.36,20.09375,20.03125,19.5625,19.75,-3.6,0.0,0.0,0.0
14.29668,0x316,0.0,0.0,1.0,6.25,0.68,0.36,20.09375,20.03125,19.5625,19.75,-3.6,0.0,0.0,0.0
14.30096,0x2B0,0.0,0.0,1.0,6.25,0.68,0.36,20.09375,20.03125,19.5625,19.75,-3.6,0.0,0.0,0.0
14.30632,0x220,0.0,0.0,1.0,6.25,0.91,0.32,20.09375,20.03125,19.5625,19.75,-3.6,0.0,0.0,0.0
14.30655,0x386,0.0,0.0,1.0,6.25,0.91,0.32,19.96875,20.03125,19.5625,19.625,-3.6,0.0,0.0,0.0
14.30679,0x316,0.0,0.0,1.0,6.25,0.91,0.32,19.96875,20.03125,19.5625,19.625,-3.6,0.0,0.0,0.0
14.31094,0x2B0,0.0,0.0,1.0,6.25,0.91,0.32,19.96875,20.03125,19.5625,19.625,-3.6,0.0,0.0,0.0
14.31633,0x220,0.0,0.0,1.0,6.25,1.17,0.25,19.96875,20.03125,19.5625,19.625,-3.6,0.0,0.0,0.0
14.3171,0x316,0.0,0.0,1.0,6.25,1.17,0.25,19.96875,20.03125,19.5625,19.625,-3.6,0.0,0.0,0.0
14.32094,0x2B0,0.0,0.0,1.0,6.25,1.17,0.25,19.96875,20.03125,19.5625,19.625,-3.6,0.0,0.0,0.0
14.32632,0x220,0.0,0.0,1.0,6.25,1.35,0.21,19.96875,20.03125,19.5625,19.625,-3.6,0.0,0.0,0.0
14.32656,0x386,0.0,0.0,1.0,6.25,1.35,0.21,20.0,20.03125,19.5625,19.6875,-3.6,0.0,0.0,0.0
14.3268,0x316,0.0,0.0,1.0,6.25,1.35,0.21,20.0,20.03125,19.5625,19.6875,-3.6,0.0,0.0,0.0
14.33092,0x2B0,0.0,0.0,1.0,6.25,1.35,0.21,20.0,20.03125,19.5625,19.6875,-3.6,0.0,0.0,0.0
14.33633,0x220,0.0,0.0,1.0,6.25,1.39,0.21,20.0,20.03125,19.5625,19.6875,-3.6,0.0,0.0,0.0
14.33673,0x316,0.0,0.0,1.0,6.25,1.39,0.21,20.0,20.03125,19.5625,19.6875,-3.6,0.0,2.0,0.0
14.34093,0x2B0,0.0,0.0,1.0,6.25,1.39,0.21,20.0,20.03125,19.5625,19.6875,-3.6,0.0,2.0,0.0
14.34633,0x220,0.0,0.0,1.0,6.25,1.28,0.27,20.0,20.03125,19.5625,19.6875,-3.6,0.0,2.0,0.0
14.34656,0x386,0.0,0.0,1.0,6.25,1.28,0.27,20.03125,19.875,19.71875,19.6875,-3.6,0.0,2.0,0.0
14.34704,0x316,0.0,0.0,1.0,6.25,1.28,0.27,20.03125,19.875,19.71875,19.6875,-3.6,0.0,2.0,0.0
14.35093,0x2B0,0.0,0.0,1.0,6.25,1.28,0.27,20.03125,19.875,19.71875,19.6875,-3.6,0.0,2.0,0.0
14.35633,0x220,0.0,0.0,1.0,6.25,1.18,0.29,20.03125,19.875,19.71875,19.6875,-3.6,0.0,2.0,0.0
14.35684,0x316,0.0,0.0,1.0,6.25,1.18,0.29,20.03125,19.875,19.71875,19.6875,-3.6,0.0,2.0,0.0
14.36094,0x2B0,0.0,0.0,1.0,6.25,1.18,0.29,20.03125,19.875,19.71875,19.6875,-3.6,0.0,2.0,0.0
14.36633,0x220,0.0,0.0,1.0,6.25,1.23,0.2,20.03125,19.875,19.71875,19.6875,-3.6,0.0,2.0,0.0
14.36657,0x386,0.0,0.0,1.0,6.25,1.23,0.2,20.0,20.0,19.46875,19.65625,-3.6,0.0,2.0,0.0
14.36681,0x316,0.0,0.0,1.0,6.25,1.23,0.2,20.0,20.0,19.46875,19.65625,-3.6,0.0,2.0,0.0
14.37098,0x2B0,0.0,0.0,1.0,6.25,1.23,0.2,20.0,20.0,19.46875,19.65625,-3.6,0.0,2.0,0.0
14.37632,0x220,0.0,0.0,1.0,6.25,1.39,0.07,20.0,20.0,19.46875,19.65625,-3.6,0.0,2.0,0.0
14.37669,0x316,0.0,0.0,1.0,6.25,1.39,0.07,20.0,20.0,19.46875,19.65625,-3.6,0.0,2.0,0.0
14.38099,0x2B0,0.0,0.0,1.0,6.25,1.39,0.07,20.0,20.0,19.46875,19.65625,-3.8,8.0,2.0,0.0
14.38634,0x220,0.0,0.0,1.0,6.25,1.6,0.02,20.0,20.0,19.46875,19.65625,-3.8,8.0,2.0,0.0
14.38657,0x386,0.0,0.0,1.0,6.25,1.6,0.02,19.96875,19.9375,19.5625,19.71875,-3.8,8.0,2.0,0.0
14.38681,0x316,0.0,0.0,1.0,6.25,1.6,0.02,19.96875,19.9375,19.5625,19.71875,-3.8,8.0,2.0,0.0
14.39101,0x2B0,0.0,0.0,1.0,6.25,1.6,0.02,19.96875,19.9375,19.5625,19.71875,-3.9,12.0,2.0,0.0
14.39633,0x220,0.0,0.0,1.0,6.25,1.75,0.05,19.96875,19.9375,19.5625,19.71875,-3.9,12.0,2.0,0.0
14.3968,0x316,0.0,0.0,1.0,6.25,1.75,0.05,19.96875,19.9375,19.5625,19.71875,-3.9,12.0,2.0,0.0
14.40099,0x2B0,0.0,0.0,1.0,6.25,1.75,0.05,19.96875,19.9375,19.5625,19.71875,-4.1,12.0,2.0,0.0
14.40633,0x220,0.0,0.0,1.0,6.25,1.85,0.12,19.96875,19.9375,19.5625,19.71875,-4.1,12.0,2.0,0.0
14.40656,0x386,0.0,0.0,1.0,6.25,1.85,0.12,19.96875,19.96875,19.53125,19.5,-4.1,12.0,2.0,0.0
14.4068,0x316,0.0,0.0,1.0,6.25,1.85,0.12,19.96875,19.96875,19.53125,19.5,-4.1,12.0,2.0,0.0
14.41101,0x2B0,0.0,0.0,1.0,6.25,1.85,0.12,19.96875,19.96875,19.53125,19.5,-4.3,20.0,2.0,0.0
14.41633,0x220,0.0,0.0,1.0,6.25,1.85,0.14,19.96875,19.96875,19.53125,19.5,-4.3,20.0,2.0,0.0
14.41687,0x316,0.0,0.0,1.0,6.25,1.85,0.14,19.96875,19.96875,19.53125,19.5,-4.3,20.0,2.0,0.0
14.42101,0x2B0,0.0,0.0,1.0,6.25,1.85,0.14,19.96875,19.96875,19.53125,19.5,-4.5,20.0,2.0,0.0
14.42633,0x220,0.0,0.0,1.0,6.25,1.75,0.06,19.96875,19.96875,19.53125,19.5,-4.5,20.0,2.0,0.0
14.42656,0x386,0.0,0.0,1.0,6.25,1.75,0.06,19.875,19.9375,19.375,19.71875,-4.5,20.0,2.0,0.0
14.4268,0x316,0.0,0.0,1.0,6.25,1.75,0.06,19.875,19.9375,19.375,19.71875,-4.5,20.0,2.0,0.0
14.43102,0x2B0,0.0,0.0,1.0,6.25,1.75,0.06,19.875,19.9375,19.375,19.71875,-4.8,24.0,2.0,0.0
14.43633,0x220,0.0,0.0,1.0,6.25,1.68,-0.06,19.875,19.9375,19.375,19.71875,-4.8,24.0,2.0,0.0
14.43687,0x316,0.0,0.0,1.0,6.25,1.68,-0.06,19.875,19.9375,19.375,19.71875,-4.8,24.0,2.0,0.0
14.441,0x2B0,0.0,0.0,1.0,6.25,1.68,-0.06,19.875,19.9375,19.375,19.71875,-5.1,28.0,2.0,0.0
14.44632,0x220,0.0,0.0,1.0,6.25,1.63,-0.22,19.875,19.9375,19.375,19.71875,-5.1,28.0,2.0,0.0
14.44655,0x386,0.0,0.0,1.0,6.25,1.63,-0.22,19.90625,20.03125,19.40625,19.6875,-5.1,28.0,2.0,0.0
14.44679,0x316,0.0,0.0,1.0,6.25,1.63,-0.22,19.90625,20.03125,19.40625,19.6875,-5.1,28.0,2.0,0.0
14.45101,0x2B0,0.0,0.0,1.0,6.25,1.63,-0.22,19.90625,20.03125,19.40625,19.6875,-5.4,28.0,2.0,0.0
14.45633,0x220,0.0,0.0,1.0,6.25,1.59,-0.32,19.90625,20.03125,19.40625,19.6875,-5.4,28.0,2.0,0.0
14.45668,0x316,0.0,0.0,1.0,6.25,1.59,-0.32,19.90625,20.03125,19.40625,19.6875,-5.4,28.0,5.0,0.0
14.46104,0x2B0,0.0,0.0,1.0,6.25,1.59,-0.32,19.90625,20.03125,19.40625,19.6875,-5.7,28.0,5.0,0.0
14.46634,0x220,0.0,0.0,1.0,6.25,1.64,-0.28,19.90625,20.03125,19.40625,19.6875,-5.7,28.0,5.0,0.0
14.46656,0x386,0.0,0.0,1.0,6.25,1.64,-0.28,19.90625,19.96875,19.53125,19.65625,-5.7,28.0,5.0,0.0
14.46681,0x316,0.0,0.0,1.0,6.25,1.64,-0.28,19.90625,19.96875,19.53125,19.65625,-5.7,28.0,5.0,0.0
14.47103,0x2B0,0.0,0.0,1.0,6.25,1.64,-0.28,19.90625,19.96875,19.53125,19.65625,-6.1,32.0,5.0,0.0
14.47633,0x220,0.0,0.0,1.0,6.25,1.75,-0.16,19.90625,19.96875,19.53125,19.65625,-6.1,32.0,5.0,0.0
14.47673,0x316,0.0,0.0,1.0,6.25,1.75,-0.16,19.90625,19.96875,19.53125,19.65625,-6.1,32.0,7.0,0.0
14.48097,0x2B0,0.0,0.0,1.0,6.25,1.75,-0.16,19.90625,19.96875,19.53125,19.65625,-6.5,40.0,7.0,0.0
14.48632,0x220,0.0,0.0,1.0,6.25,1.9,-0.1,19.90625,19.96875,19.53125,19.65625,-6.5,40.0,7.0,0.0
14.48656,0x386,0.0,0.0,1.0,6.25,1.9,-0.1,19.875,19.9375,19.34375,19.75,-6.5,40.0,7.0,0.0
14.4868,0x316,0.0,0.0,1.0,6.25,1.9,-0.1,19.875,19.9375,19.34375,19.75,-6.5,40.0,7.0,0.0
14.49096,0x2B0,0.0,0.0,1.0,6.25,1.9,-0.1,19.875,19.9375,19.34375,19.75,-7.0,44.0,7.0,0.0
14.49633,0x220,0.0,0.0,1.0,6.25,2.02,-0.21,19.875,19.9375,19.34375,19.75,-7.0,44.0,7.0,0.0
14.49668,0x316,0.0,0.0,1.0,6.25,2.02,-0.21,19.875,19.9375,19.34375,19.75,-7.0,44.0,7.0,0.0
14.501,0x2B0,0.0,0.0,1.0,6.25,2.02,-0.21,19.875,19.9375,19.34375,19.75,-7.5,48.0,7.0,0.0
14.50633,0x220,0.0,0.0,1.0,6.25,2.05,-0.37,19.875,19.9375,19.34375,19.75,-7.5,48.0,7.0,0.0
14.50656,0x386,0.0,0.0,1.0,6.25,2.05,-0.37,19.78125,19.90625,19.4375,19.6875,-7.5,48.0,7.0,0.0
14.5068,0x316,0.0,0.0,1.0,6.25,2.05,-0.37,19.78125,19.90625,19.4375,19.6875,-7.5,48.0,7.0,0.0
14.51099,0x2B0,0.0,0.0,1.0,6.25,2.05,-0.37,19.78125,19.90625,19.4375,19.6875,-8.0,48.0,7.0,0.0
14.51634,0x220,0.0,0.0,1.0,6.25,1.97,-0.4,19.78125,19.90625,19.4375,19.6875,-8.0,48.0,7.0,0.0
14.5169,0x316,0.0,0.0,1.0,6.25,1.97,-0.4,19.78125,19.90625,19.4375,19.6875,-8.0,48.0,7.0,0.0
14.52097,0x2B0,0.0,0.0,1.0,6.25,1.97,-0.4,19.78125,19.90625,19.4375,19.6875,-8.6,52.0,7.0,0.0
14.52633,0x220,0.0,0.0,1.0,6.25,1.75,-0.27,19.78125,19.90625,19.4375,19.6875,-8.6,52.0,7.0,0.0
14.52656,0x386,0.0,0.0,1.0,6.25,1.75,-0.27,19.9375,19.875,19.4375,19.5625,-8.6,52.0,7.0,0.0
14.5268,0x316,0.0,0.0,1.0,6.25,1.75,-0.27,19.9375,19.875,19.4375,19.5625,-8.6,52.0,7.0,0.0
14.531,0x2B0,0.0,0.0,1.0,6.25,1.75,-0.27,19.9375,19.875,19.4375,19.5625,-9.2,60.0,7.0,0.0
14.53633,0x220,0.0,0.0,1.0,6.25,1.58,-0.16,19.9375,19.875,19.4375,19.5625,-9.2,60.0,7.0,0.0
14.53675,0x316,0.0,0.0,1.0,6.25,1.58,-0.16,19.9375,19.875,19.4375,19.5625,-9.2,60.0,7.0,0.0
14.54097,0x2B0,0.0,0.0,1.0,6.25,1.58,-0.16,19.9375,19.875,19.4375,19.5625,-9.9,64.0,7.0,0.0
14.54633,0x220,0.0,0.0,1.0,6.25,1.46,-0.2,19.9375,19.875,19.4375,19.5625,-9.9,64.0,7.0,0.0
14.54656,0x386,0.0,0.0,1.0,6.25,1.46,-0.2,19.875,19.9375,19.5,19.6875,-9.9,64.0,7.0,0.0
14.54703,0x316,0.0,0.0,1.0,6.25,1.46,-0.2,19.875,19.9375,19.5,19.6875,-9.9,64.0,7.0,0.0
14.55096,0x2B0,0.0,0.0,1.0,6.25,1.46,-0.2,19.875,19.9375,19.5,19.6875,-10.5,64.0,7.0,0.0
14.55633,0x220,0.0,0.0,1.0,6.25,1.37,-0.44,19.875,19.9375,19.5,19.6875,-10.5,64.0,7.0,0.0
14.55687,0x316,0.0,0.0,1.0,6.25,1.37,-0.44,19.875,19.9375,19.5,19.6875,-10.5,64.0,7.0,0.0
14.56102,0x2B0,0.0,0.0,1.0,6.25,1.37,-0.44,19.875,19.9375,19.5,19.6875,-11.1,60.0,7.0,0.0
14.56634,0x220,0.0,0.0,1.0,6.25,1.31,-0.61,19.875,19.9375,19.5,19.6875,-11.1,60.0,7.0,0.0
14.56657,0x386,0.0,0.0,1.0,6.25,1.31,-0.61,19.875,19.90625,19.625,19.78125,-11.1,60.0,7.0,0.0
14.56681,0x316,0.0,0.0,1.0,6.25,1.31,-0.61,19.875,19.90625,19.625,19.78125,-11.1,60.0,7.0,0.0
14.57102,0x2B0,0.0,0.0,1.0,6.25,1.31,-0.61,19.875,19.90625,19.625,19.78125,-11.7,60.0,7.0,0.0
14.57634,0x220,0.0,0.0,1.0,6.25,1.28,-0.47,19.875,19.90625,19.625,19.78125,-11.7,60.0,7.0,0.0
14.57671,0x316,0.0,0.0,1.0,6.25,1.28,-0.47,19.875,19.90625,19.625,19.78125,-11.7,60.0,7.0,0.0
14.58102,0x2B0,0.0,0.0,1.0,6.25,1.28,-0.47,19.875,19.90625,19.625,19.78125,-12.4,64.0,7.0,0.0
14.58633,0x220,0.0,0.0,1.0,6.25,1.32,-0.19,19.875,19.90625,19.625,19.78125,-12.4,64.0,7.0,0.0
14.58656,0x386,0.0,0.0,1.0,6.25,1.32,-0.19,20.0625,20.0625,19.6875,19.71875,-12.4,64.0,7.0,0.0
14.5868,0x316,0.0,0.0,1.0,6.25,1.32,-0.19,20.0625,20.0625,19.6875,19.71875,-12.4,64.0,7.0,0.0
14.59099,0x2B0,0.0,0.0,1.0,6.25,1.32,-0.19,20.0625,20.0625,19.6875,19.71875,-13.1,68.0,7.0,0.0
14.59634,0x220,0.0,0.0,1.0,6.25,1.33,-0.06,20.0625,20.0625,19.6875,19.71875,-13.1,68.0,7.0,0.0
14.59684,0x316,0.0,0.0,1.0,6.25,1.33,-0.06,20.0625,20.0625,19.6875,19.71875,-13.1,68.0,7.0,0.0
14.60099,0x2B0,0.0,0.0,1.0,6.25,1.33,-0.06,20.0625,20.0625,19.6875,19.71875,-13.9,72.0,7.0,0.0
14.60633,0x220,0.0,0.0,1.0,6.25,1.25,-0.15,20.0625,20.0625,19.6875,19.71875,-13.9,72.0,7.0,0.0
14.60656,0x386,0.0,0.0,1.0,6.25,1.25,-0.15,19.96875,20.21875,19.65625,19.53125,-13.9,72.0,7.0,0.0
14.6068,0x316,0.0,0.0,1.0,6.25,1.25,-0.15,19.96875,20.21875,19.65625,19.53125,-13.9,72.0,7.0,0.0
14.61099,0x2B0,0.0,0.0,1.0,6.25,1.25,-0.15,19.96875,20.21875,19.65625,19.53125,-14.6,72.0,7.0,0.0
14.61633,0x220,0.0,0.0,1.0,6.25,1.1,-0.27,19.96875,20.21875,19.65625,19.53125,-14.6,72.0,7.0,0.0
14.61691,0x316,0.0,0.0,1.0,6.25,1.1,-0.27,19.96875,20.21875,19.65625,19.53125,-14.6,72.0,7.0,0.0
14.62099,0x2B0,0.0,0.0,1.0,6.25,1.1,-0.27,19.96875,20.21875,19.65625,19.53125,-15.4,72.0,7.0,0.0
14.62633,0x220,0.0,0.0,1.0,6.25,0.89,-0.32,19.96875,20.21875,19.65625,19.53125,-15.4,72.0,7.0,0.0
14.62656,0x386,0.0,0.0,1.0,6.25,0.89,-0.32,20.1875,20.03125,19.5625,19.53125,-15.4,72.0,7.0,0.0
14.6268,0x316,0.0,0.0,1.0,6.25,0.89,-0.32,20.1875,20.03125,19.5625,19.53125,-15.4,72.0,7.0,0.0
14.63098,0x2B0,0.0,0.0,1.0,6.25,0.89,-0.32,20.1875,20.03125,19.5625,19.53125,-16.2,80.0,7.0,0.0
14.63633,0x220,0.0,0.0,1.0,6.25,0.72,-0.28,20.1875,20.03125,19.5625,19.53125,-16.2,80.0,7.0,0.0
14.63689,0x316,0.0,0.0,1.0,6.25,0.72,-0.28,20.1875,20.03125,19.5625,19.53125,-16.2,80.0,5.0,0.0
14.64099,0x2B0,0.0,0.0,1.0,6.25,0.72,-0.28,20.1875,20.03125,19.5625,19.53125,-17.1,84.0,5.0,0.0
14.64633,0x220,0.0,0.0,1.0,6.25,0.65,-0.17,20.1875,20.03125,19.5625,19.53125,-17.1,84.0,5.0,0.0
14.64657,0x386,0.0,0.0,1.0,6.25,0.65,-0.17,20.09375,20.0625,19.5625,19.59375,-17.1,84.0,5.0,0.0
14.64704,0x316,0.0,0.0,1.0,6.25,0.65,-0.17,20.09375,20.0625,19.5625,19.59375,-17.1,84.0,2.0,0.0
14.65101,0x2B0,0.0,0.0,1.0,6.25,0.65,-0.17,20.09375,20.0625,19.5625,19.59375,-17.8,80.0,2.0,0.0
14.65633,0x220,0.0,0.0,1.0,6.25,0.66,-0.07,20.09375,20.0625,19.5625,19.59375,-17.8,80.0,2.0,0.0
14.65673,0x316,0.0,0.0,1.0,6.25,0.66,-0.07,20.09375,20.0625,19.5625,19.59375,-17.8,80.0,2.0,0.0
14.66101,0x2B0,0.0,0.0,1.0,6.25,0.66,-0.07,20.09375,20.0625,19.5625,19.59375,-18.6,72.0,2.0,0.0
14.66634,0x220,0.0,0.0,1.0,6.25,0.7,0.0,20.09375,20.0625,19.5625,19.59375,-18.6,72.0,2.0,0.0
14.66657,0x386,0.0,0.0,1.0,6.25,0.7,0.0,20.125,20.03125,19.65625,19.65625,-18.6,72.0,2.0,0.0
14.66681,0x316,0.0,0.0,1.0,6.25,0.7,0.0,20.125,20.03125,19.65625,19.65625,-18.6,72.0,0.0,0.0
14.67096,0x2B0,0.0,0.0,1.0,6.25,0.7,0.0,20.125,20.03125,19.65625,19.65625,-19.5,84.0,0.0,0.0
14.67634,0x220,0.0,0.0,1.0,6.25,0.74,0.03,20.125,20.03125,19.65625,19.65625,-19.5,84.0,0.0,0.0
14.67683,0x316,0.0,0.0,1.0,6.25,0.74,0.03,20.125,20.03125,19.65625,19.65625,-19.5,84.0,0.0,0.0
14.68099,0x2B0,0.0,0.0,1.0,6.25,0.74,0.03,20.125,20.03125,19.65625,19.65625,-20.2,80.0,0.0,0.0
14.68634,0x220,0.0,0.0,1.0,6.25,0.73,0.0,20.125,20.03125,19.65625,19.65625,-20.2,80.0,0.0,0.0
14.68657,0x386,0.0,0.0,1.0,6.25,0.73,0.0,20.125,19.9375,19.65625,19.625,-20.2,80.0,0.0,0.0
14.68682,0x316,0.0,0.0,1.0,6.25,0.73,0.0,20.125,19.9375,19.65625,19.625,-20.2,80.0,0.0,0.0
14.69098,0x2B0,0.0,0.0,1.0,6.25,0.73,0.0,20.125,19.9375,19.65625,19.625,-21.0,72.0,0.0,0.0
14.69634,0x220,0.0,0.0,1.0,6.25,0.65,-0.04,20.125,19.9375,19.65625,19.625,-21.0,72.0,0.0,0.0
14.69671,0x316,0.0,0.0,1.0,6.25,0.65,-0.04,20.125,19.9375,19.65625,19.625,-21.0,72.0,0.0,0.0
14.70101,0x2B0,0.0,0.0,1.0,6.25,0.65,-0.04,20.125,19.9375,19.65625,19.625,-21.8,80.0,0.0,0.0
14.70634,0x220,0.0,0.0,1.0,6.25,0.52,-0.08,20.125,19.9375,19.65625,19.625,-21.8,80.0,0.0,0.0
14.70657,0x386,0.0,0.0,1.0,6.25,0.52,-0.08,20.09375,19.90625,19.8125,19.75,-21.8,80.0,0.0,0.0
14.70682,0x316,0.0,0.0,1.0,6.25,0.52,-0.08,20.09375,19.90625,19.8125,19.75,-21.8,80.0,0.0,0.0
14.71101,0x2B0,0.0,0.0,1.0,6.25,0.52,-0.08,20.09375,19.90625,19.8125,19.75,-22.6,80.0,0.0,0.0
14.71633,0x220,0.0,0.0,1.0,6.25,0.33,-0.08,20.09375,19.90625,19.8125,19.75,-22.6,80.0,0.0,0.0
14.71701,0x316,0.0,0.0,1.0,6.25,0.33,-0.08,20.09375,19.90625,19.8125,19.75,-22.6,80.0,0.0,0.0
14.72101,0x2B0,0.0,0.0,1.0,6.25,0.33,-0.08,20.09375,19.90625,19.8125,19.75,-23.3,72.0,0.0,0.0
14.72633,0x220,0.0,0.0,1.0,6.25,0.2,-0.08,20.09375,19.90625,19.8125,19.75,-23.3,72.0,0.0,0.0
14.72656,0x386,0.0,0.0,1.0,6.25,0.2,-0.08,20.03125,19.8125,19.6875,19.625,-23.3,72.0,0.0,0.0
14.7268,0x316,0.0,0.0,1.0,6.25,0.2,-0.08,20.03125,19.8125,19.6875,19.625,-23.3,72.0,0.0,0.0
14.73102,0x2B0,0.0,0.0,1.0,6.25,0.2,-0.08,20.03125,19.8125,19.6875,19.625,-24.0,68.0,0.0,0.0
14.73633,0x220,0.0,0.0,1.0,6.25,0.15,-0.09,20.03125,19.8125,19.6875,19.625,-24.0,68.0,0.0,0.0
14.73675,0x316,0.0,0.0,1.0,6.25,0.15,-0.09,20.03125,19.8125,19.6875,19.625,-24.0,68.0,0.0,0.0
14.74103,0x2B0,0.0,0.0,1.0,6.25,0.15,-0.09,20.03125,19.8125,19.6875,19.625,-24.7,68.0,0.0,0.0
14.74633,0x220,0.0,0.0,1.0,6.25,0.16,-0.1,20.03125,19.8125,19.6875,19.625,-24.7,68.0,0.0,0.0
14.74656,0x386,0.0,0.0,1.0,6.25,0.16,-0.1,19.96875,19.90625,19.53125,19.65625,-24.7,68.0,0.0,0.0
14.7468,0x316,0.0,0.0,1.0,6.25,0.16,-0.1,19.96875,19.90625,19.53125,19.65625,-24.7,68.0,0.0,0.0
14.75103,0x2B0,0.0,0.0,1.0,6.25,0.16,-0.1,19.96875,19.90625,19.53125,19.65625,-25.2,60.0,0.0,0.0
14.75634,0x220,0.0,0.0,1.0,6.25,0.21,-0.13,19.96875,19.90625,19.53125,19.65625,-25.2,60.0,0.0,0.0
14.75685,0x316,0.0,0.0,1.0,6.25,0.21,-0.13,19.96875,19.90625,19.53125,19.65625,-25.2,60.0,0.0,0.0
14.76099,0x2B0,0.0,0.0,1.0,6.25,0.21,-0.13,19.96875,19.90625,19.53125,19.65625,-25.8,52.0,0.0,0.0
14.76634,0x220,0.0,0.0,1.0,6.25,0.22,-0.19,19.96875,19.90625,19.53125,19.65625,-25.8,52.0,0.0,0.0
14.76657,0x386,0.0,0.0,1.0,6.25,0.22,-0.19,19.96875,19.90625,19.40625,19.75,-25.8,52.0,0.0,0.0
14.76682,0x316,0.0,0.0,1.0,6.25,0.22,-0.19,19.96875,19.90625,19.40625,19.75,-25.8,52.0,0.0,0.0
14.77099,0x2B0,0.0,0.0,1.0,6.25,0.22,-0.19,19.96875,19.90625,19.40625,19.75,-26.3,52.0,0.0,0.0
14.77634,0x220,0.0,0.0,1.0,6.25,0.15,-0.23,19.96875,19.90625,19.40625,19.75,-26.3,52.0,0.0,0.0
14.77672,0x316,0.0,0.0,1.0,6.25,0.15,-0.23,19.96875,19.90625,19.40625,19.75,-26.3,52.0,0.0,0.0
14.78101,0x2B0,0.0,0.0,1.0,6.25,0.15,-0.23,19.96875,19.90625,19.40625,19.75,-26.7,44.0,0.0,0.0
14.78633,0x220,0.0,0.0,1.0,6.25,-0.04,-0.12,19.96875,19.90625,19.40625,19.75,-26.7,44.0,0.0,0.0
14.78656,0x386,0.0,0.0,1.0,6.25,-0.04,-0.12,20.4375,20.15625,19.5,19.71875,-26.7,44.0,0.0,0.0
14.7868,0x316,0.0,0.0,1.0,6.25,-0.04,-0.12,20.4375,20.15625,19.5,19.71875,-26.7,44.0,0.0,0.0
14.79103,0x2B0,0.0,0.0,1.0,6.25,-0.04,-0.12,20.4375,20.15625,19.5,19.71875,-27.0,32.0,0.0,0.0
14.79634,0x220,0.0,0.0,1.0,6.25,-0.31,0.03,20.4375,20.15625,19.5,19.71875,-27.0,32.0,0.0,0.0
14.79684,0x316,0.0,0.0,1.0,6.25,-0.31,0.03,20.4375,20.15625,19.5,19.71875,-27.0,32.0,0.0,0.0
14.80101,0x2B0,0.0,0.0,1.0,6.25,-0.31,0.03,20.4375,20.15625,19.5,19.71875,-27.3,28.0,0.0,0.0
14.80634,0x220,0.0,0.0,1.0,6.25,-0.48,0.13,20.4375,20.15625,19.5,19.71875,-27.3,28.0,0.0,0.0
14.80657,0x386,0.0,0.0,1.0,6.25,-0.48,0.13,19.90625,19.875,19.59375,19.65625,-27.3,28.0,0.0,0.0
14.80681,0x316,0.0,0.0,1.0,6.25,-0.48,0.13,19.90625,19.875,19.59375,19.65625,-27.3,28.0,0.0,0.0
14.81101,0x2B0,0.0,0.0,1.0,6.25,-0.48,0.13,19.90625,19.875,19.59375,19.65625,-27.5,24.0,0.0,0.0
14.81634,0x220,0.0,0.0,1.0,6.25,-0.48,0.13,19.90625,19.875,19.59375,19.65625,-27.5,24.0,0.0,0.0
14.81687,0x316,0.0,0.0,1.0,6.25,-0.48,0.13,19.90625,19.875,19.59375,19.65625,-27.5,24.0,0.0,0.0
14.82101,0x2B0,0.0,0.0,1.0,6.25,-0.48,0.13,19.90625,19.875,19.59375,19.65625,-27.5,8.0,0.0,0.0
14.82633,0x220,0.0,0.0,1.0,6.25,-0.29,0.07,19.90625,19.875,19.59375,19.65625,-27.5,8.0,0.0,0.0
14.82656,0x386,0.0,0.0,1.0,6.25,-0.29,0.07,19.8125,20.09375,19.53125,19.65625,-27.5,8.0,0.0,0.0
14.82681,0x316,0.0,0.0,1.0,6.25,-0.29,0.07,19.8125,20.09375,19.53125,19.65625,-27.5,8.0,0.0,0.0
14.83103,0x2B0,0.0,0.0,1.0,6.25,-0.29,0.07,19.8125,20.09375,19.53125,19.65625,-27.6,0.0,0.0,0.0
14.83634,0x220,0.0,0.0,1.0,6.25,-0.1,-0.02,19.8125,20.09375,19.53125,19.65625,-27.6,0.0,0.0,0.0
14.83691,0x316,0.0,0.0,1.0,6.25,-0.1,-0.02,19.8125,20.09375,19.53125,19.65625,-27.6,0.0,0.0,0.0
14.84098,0x2B0,0.0,0.0,1.0,6.25,-0.1,-0.02,19.8125,20.09375,19.53125,19.65625,-27.6,0.0,0.0,0.0
14.84634,0x220,0.0,0.0,1.0,6.25,-0.07,-0.14,19.8125,20.09375,19.53125,19.65625,-27.6,0.0,0.0,0.0
14.84657,0x386,0.0,0.0,1.0,6.25,-0.07,-0.14,19.8125,19.625,19.53125,19.5625,-27.6,0.0,0.0,0.0
14.84705,0x316,0.0,0.0,1.0,6.25,-0.07,-0.14,19.8125,19.625,19.53125,19.5625,-27.6,0.0,0.0,0.0
14.85097,0x2B0,0.0,0.0,1.0,6.25,-0.07,-0.14,19.8125,19.625,19.53125,19.5625,-27.6,0.0,0.0,0.0
14.85633,0x220,0.0,0.0,1.0,6.25,-0.18,-0.2,19.8125,19.625,19.53125,19.5625,-27.6,0.0,0.0,0.0
14.85673,0x316,0.0,0.0,1.0,6.25,-0.18,-0.2,19.8125,19.625,19.53125,19.5625,-27.6,0.0,0.0,0.0
14.86097,0x2B0,0.0,0.0,1.0,6.25,-0.18,-0.2,19.8125,19.625,19.53125,19.5625,-27.6,0.0,0.0,0.0
14.86634,0x220,0.0,0.0,1.0,6.25,-0.3,-0.23,19.8125,19.625,19.53125,19.5625,-27.6,0.0,0.0,0.0
14.86657,0x386,0.0,0.0,1.0,6.25,-0.3,-0.23,19.84375,19.96875,19.5,19.53125,-27.6,0.0,0.0,0.0
14.86682,0x316,0.0,0.0,1.0,6.25,-0.3,-0.23,19.84375,19.96875,19.5,19.53125,-27.6,0.0,0.0,0.0
14.87096,0x2B0,0.0,0.0,1.0,6.25,-0.3,-0.23,19.84375,19.96875,19.5,19.53125,-27.6,0.0,0.0,0.0
14.87634,0x220,0.0,0.0,1.0,6.25,-0.36,-0.25,19.84375,19.96875,19.5,19.53125,-27.6,0.0,0.0,0.0
14.87685,0x316,0.0,0.0,1.0,6.25,-0.36,-0.25,19.84375,19.96875,19.5,19.53125,-27.6,0.0,2.0,0.0
14.88102,0x2B0,0.0,0.0,1.0,6.25,-0.36,-0.25,19.84375,19.96875,19.5,19.53125,-27.6,0.0,2.0,0.0
14.88634,0x220,0.0,0.0,1.0,6.25,-0.32,-0.3,19.84375,19.96875,19.5,19.53125,-27.6,0.0,2.0,0.0
14.88657,0x386,0.0,0.0,1.0,6.25,-0.32,-0.3,19.96875,19.6875,19.53125,19.5625,-27.6,0.0,2.0,0.0
14.88681,0x316,0.0,0.0,1.0,6.25,-0.32,-0.3,19.96875,19.6875,19.53125,19.5625,-27.6,0.0,2.0,0.0
14.89099,0x2B0,0.0,0.0,1.0,6.25,-0.32,-0.3,19.96875,19.6875,19.53125,19.5625,-27.3,12.0,2.0,0.0
14.89634,0x220,0.0,0.0,1.0,6.25,-0.15,-0.37,19.96875,19.6875,19.53125,19.5625,-27.3,12.0,2.0,0.0
14.89671,0x316,0.0,0.0,1.0,6.25,-0.15,-0.37,19.96875,19.6875,19.53125,19.5625,-27.3,12.0,2.0,0.0
14.901,0x2B0,0.0,0.0,1.0,6.25,-0.15,-0.37,19.96875,19.6875,19.53125,19.5625,-27.1,24.0,2.0,0.0
14.90634,0x220,0.0,0.0,1.0,6.25,0.02,-0.44,19.96875,19.6875,19.53125,19.5625,-27.1,24.0,2.0,0.0
14.90656,0x386,0.0,0.0,1.0,6.25,0.02,-0.44,20.09375,20.125,19.4375,19.53125,-27.1,24.0,2.0,0.0
14.90681,0x316,0.0,0.0,1.0,6.25,0.02,-0.44,20.09375,20.125,19.4375,19.53125,-27.1,24.0,2.0,0.0
14.91098,0x2B0,0.0,0.0,1.0,6.25,0.02,-0.44,20.09375,20.125,19.4375,19.53125,-26.8,24.0,2.0,0.0
14.91635,0x220,0.0,0.0,1.0,6.25,0.11,-0.4,20.09375,20.125,19.4375,19.53125,-26.8,24.0,2.0,0.0
14.917,0x316,0.0,0.0,1.0,6.25,0.11,-0.4,20.09375,20.125,19.4375,19.53125,-26.8,24.0,2.0,0.0
14.92098,0x2B0,0.0,0.0,1.0,6.25,0.11,-0.4,20.09375,20.125,19.4375,19.53125,-26.5,28.0,2.0,0.0
14.92634,0x220,0.0,0.0,1.0,6.25,0.11,-0.17,20.09375,20.125,19.4375,19.53125,-26.5,28.0,2.0,0.0
14.92657,0x386,0.0,0.0,1.0,6.25,0.11,-0.17,19.90625,19.15625,19.53125,19.375,-26.5,28.0,2.0,0.0
14.92681,0x316,0.0,0.0,1.0,6.25,0.11,-0.17,19.90625,19.15625,19.53125,19.375,-26.5,28.0,2.0,0.0
14.93096,0x2B0,0.0,0.0,1.0,6.25,0.11,-0.17,19.90625,19.15625,19.53125,19.375,-26.2,28.0,2.0,0.0
14.93634,0x220,0.0,0.0,1.0,6.25,0.1,-0.04,19.90625,19.15625,19.53125,19.375,-26.2,28.0,2.0,0.0
14.93676,0x316,0.0,0.0,1.0,6.25,0.1,-0.04,19.90625,19.15625,19.53125,19.375,-26.2,28.0,2.0,0.0
14.94097,0x2B0,0.0,0.0,1.0,6.25,0.1,-0.04,19.90625,19.15625,19.53125,19.375,-25.9,28.0,2.0,0.0
14.94634,0x220,0.0,0.0,1.0,6.25,0.05,-0.22,19.90625,19.15625,19.53125,19.375,-25.9,28.0,2.0,0.0
14.94656,0x386,0.0,0.0,1.0,6.25,0.05,-0.22,20.34375,19.1875,19.65625,19.40625,-25.9,28.0,2.0,0.0
14.94681,0x316,0.0,0.0,1.0,6.25,0.05,-0.22,20.34375,19.1875,19.65625,19.40625,-25.9,28.0,0.0,0.0
14.95096,0x2B0,0.0,0.0,1.0,6.25,0.05,-0.22,20.34375,19.1875,19.65625,19.40625,-25.7,24.0,0.0,0.0
14.95634,0x220,0.0,0.0,1.0,6.25,-0.02,-0.54,20.34375,19.1875,19.65625,19.40625,-25.7,24.0,0.0,0.0
14.95689,0x316,0.0,0.0,1.0,6.25,-0.02,-0.54,20.34375,19.1875,19.65625,19.40625,-25.7,24.0,0.0,0.0
14.96097,0x2B0,0.0,0.0,1.0,6.25,-0.02,-0.54,20.34375,19.1875,19.65625,19.40625,-25.4,24.0,0.0,0.0
14.96635,0x220,0.0,0.0,1.0,6.25,-0.1,-0.72,20.34375,19.1875,19.65625,19.40625,-25.4,24.0,0.0,0.0
14.96658,0x386,0.0,0.0,1.0,6.25,-0.1,-0.72,19.78125,20.0625,19.65625,19.53125,-25.4,24.0,0.0,0.0
14.96682,0x316,0.0,0.0,1.0,6.25,-0.1,-0.72,19.78125,20.0625,19.65625,19.53125,-25.4,24.0,0.0,0.0
14.97098,0x2B0,0.0,0.0,1.0,6.25,-0.1,-0.72,19.78125,20.0625,19.65625,19.53125,-25.0,32.0,0.0,0.0
14.97634,0x220,0.0,0.0,1.0,6.25,-0.12,-0.62,19.78125,20.0625,19.65625,19.53125,-25.0,32.0,0.0,0.0
14.97672,0x316,0.0,0.0,1.0,6.25,-0.12,-0.62,19.78125,20.0625,19.65625,19.53125,-25.0,32.0,0.0,0.0
14.98098,0x2B0,0.0,0.0,1.0,6.25,-0.12,-0.62,19.78125,20.0625,19.65625,19.53125,-24.6,40.0,0.0,0.0
14.98634,0x220,0.0,0.0,1.0,6.25,-0.08,-0.39,19.78125,20.0625,19.65625,19.53125,-24.6,40.0,0.0,0.0
14.98657,0x386,0.0,0.0,1.0,6.25,-0.08,-0.39,19.9375,19.90625,19.65625,19.59375,-24.6,40.0,0.0,0.0
14.98681,0x316,0.0,0.0,1.0,6.25,-0.08,-0.39,19.9375,19.90625,19.65625,19.59375,-24.6,40.0,0.0,0.0
14.99096,0x2B0,0.0,0.0,1.0,6.25,-0.08,-0.39,19.9375,19.90625,19.65625,19.59375,-24.3,32.0,0.0,0.0
14.99635,0x220,0.0,0.0,1.0,6.25,0.09,-0.2,19.9375,19.90625,19.65625,19.59375,-24.3,32.0,0.0,0.0
14.99679,0x316,0.0,0.0,1.0,6.25,0.09,-0.2,19.9375,19.90625,19.65625,19.59375,-24.3,32.0,0.0,0.0
15.00096,0x2B0,0.0,0.0,1.0,6.25,0.09,-0.2,19.9375,19.90625,19.65625,19.59375,-23.9,32.0,0.0,0.0
15.00635,0x220,0.0,0.0,1.0,6.25,0.33,-0.24,19.9375,19.90625,19.65625,19.59375,-23.9,32.0,0.0,0.0
15.00658,0x386,0.0,0.0,1.0,6.25,0.33,-0.24,20.0,18.09375,19.71875,19.46875,-23.9,32.0,0.0,0.0
15.00682,0x316,0.0,0.0,1.0,6.25,0.33,-0.24,20.0,18.09375,19.71875,19.46875,-23.9,32.0,0.0,0.0
15.01098,0x2B0,0.0,0.0,1.0,6.25,0.33,-0.24,20.0,18.09375,19.71875,19.46875,-23.5,40.0,0.0,0.0
15.01634,0x220,0.0,0.0,1.0,6.25,0.44,-0.44,20.0,18.09375,19.71875,19.46875,-23.5,40.0,0.0,0.0
15.01686,0x316,0.0,0.0,1.0,6.25,0.44,-0.44,20.0,18.09375,19.71875,19.46875,-23.5,40.0,0.0,0.0
15.02097,0x2B0,0.0,0.0,1.0,6.25,0.44,-0.44,20.0,18.09375,19.71875,19.46875,-23.0,44.0,0.0,0.0
15.02635,0x220,0.0,0.0,1.0,6.25,0.35,-0.56,20.0,18.09375,19.71875,19.46875,-23.0,44.0,0.0,0.0
15.02657,0x386,0.0,0.0,1.0,6.25,0.35,-0.56,19.25,19.8125,19.65625,19.5,-23.0,44.0,0.0,0.0
15.02681,0x316,0.0,0.0,1.0,6.25,0.35,-0.56,19.25,19.8125,19.65625,19.5,-23.0,44.0,0.0,0.0
15.03096,0x2B0,0.0,0.0,1.0,6.25,0.35,-0.56,19.25,19.8125,19.65625,19.5,-22.5,48.0,0.0,0.0
15.03634,0x220,0.0,0.0,1.0,6.25,0.17,-0.44,19.25,19.8125,19.65625,19.5,-22.5,48.0,0.0,0.0
15.03688,0x316,0.0,0.0,1.0,6.25,0.17,-0.44,19.25,19.8125,19.65625,19.5,-22.5,48.0,0.0,0.0
15.04097,0x2B0,0.0,0.0,1.0,6.25,0.17,-0.44,19.25,19.8125,19.65625,19.5,-22.0,48.0,0.0,0.0
15.04635,0x220,0.0,0.0,1.0,6.25,0.04,-0.24,19.25,19.8125,19.65625,19.5,-22.0,48.0,0.0,0.0
15.04657,0x386,0.0,0.0,1.0,6.25,0.04,-0.24,20.125,19.96875,19.65625,19.59375,-22.0,48.0,0.0,0.0
15.04705,0x316,0.0,0.0,1.0,6.25,0.04,-0.24,20.125,19.96875,19.65625,19.59375,-22.0,48.0,0.0,0.0
15.05097,0x2B0,0.0,0.0,1.0,6.25,0.04,-0.24,20.125,19.96875,19.65625,19.59375,-21.5,48.0,0.0,0.0
15.05634,0x220,0.0,0.0,1.0,6.25,0.02,-0.3,20.125,19.96875,19.65625,19.59375,-21.5,48.0,0.0,0.0
15.05673,0x316,0.0,0.0,1.0,6.25,0.02,-0.3,20.125,19.96875,19.65625,19.59375,-21.5,48.0,0.0,0.0
15.06095,0x2B0,0.0,0.0,1.0,6.25,0.02,-0.3,20.125,19.96875,19.65625,19.59375,-20.9,52.0,0.0,0.0
15.06635,0x220,0.0,0.0,1.0,6.25,-0.01,-0.54,20.125,19.96875,19.65625,19.59375,-20.9,52.0,0.0,0.0
15.06658,0x386,0.0,0.0,1.0,6.25,-0.01,-0.54,19.875,19.90625,19.625,19.5625,-20.9,52.0,0.0,0.0
15.06682,0x316,0.0,0.0,1.0,6.25,-0.01,-0.54,19.875,19.90625,19.625,19.5625,-20.9,52.0,0.0,0.0
15.07094,0x2B0,0.0,0.0,1.0,6.25,-0.01,-0.54,19.875,19.90625,19.625,19.5625,-20.3,60.0,0.0,0.0
15.07635,0x220,0.0,0.0,1.0,6.25,-0.07,-0.65,19.875,19.90625,19.625,19.5625,-20.3,60.0,0.0,0.0
15.07673,0x316,0.0,0.0,1.0,6.25,-0.07,-0.65,19.875,19.90625,19.625,19.5625,-20.3,60.0,0.0,0.0
15.08093,0x2B0,0.0,0.0,1.0,6.25,-0.07,-0.65,19.875,19.90625,19.625,19.5625,-19.7,60.0,0.0,0.0
15.08634,0x220,0.0,0.0,1.0,6.25,-0.2,-0.48,19.875,19.90625,19.625,19.5625,-19.7,60.0,0.0,0.0
15.08657,0x386,0.0,0.0,1.0,6.25,-0.2,-0.48,19.96875,19.84375,19.65625,19.5,-19.7,60.0,0.0,0.0
15.08682,0x316,0.0,0.0,1.0,6.25,-0.2,-0.48,19.96875,19.84375,19.65625,19.5,-19.7,60.0,0.0,0.0
15.09093,0x2B0,0.0,0.0,1.0,6.25,-0.2,-0.48,19.96875,19.84375,19.65625,19.5,-19.0,64.0,0.0,0.0
15.09635,0x220,0.0,0.0,1.0,6.25,-0.31,-0.11,19.96875,19.84375,19.65625,19.5,-19.0,64.0,0.0,0.0
15.09667,0x316,0.0,0.0,1.0,6.25,-0.31,-0.11,19.96875,19.84375,19.65625,19.5,-19.0,64.0,0.0,0.0
15.10095,0x2B0,0.0,0.0,1.0,6.25,-0.31,-0.11,19.96875,19.84375,19.65625,19.5,-18.4,64.0,0.0,0.0
15.10634,0x220,0.0,0.0,1.0,6.25,-0.3,0.12,19.96875,19.84375,19.65625,19.5,-18.4,64.0,0.0,0.0
15.10657,0x386,0.0,0.0,1.0,6.25,-0.3,0.12,19.875,19.71875,19.53125,19.5625,-18.4,64.0,0.0,0.0
15.10682,0x316,0.0,0.0,1.0,6.25,-0.3,0.12,19.875,19.71875,19.53125,19.5625,-18.4,64.0,0.0,0.0
15.11094,0x2B0,0.0,0.0,1.0,6.25,-0.3,0.12,19.875,19.71875,19.53125,19.5625,-17.8,60.0,0.0,0.0
15.11635,0x220,0.0,0.0,1.0,6.25,-0.3,0.03,19.875,19.71875,19.53125,19.5625,-17.8,60.0,0.0,0.0
15.11693,0x316,0.0,0.0,1.0,6.25,-0.3,0.03,19.875,19.71875,19.53125,19.5625,-17.8,60.0,0.0,0.0
15.12096,0x2B0,0.0,0.0,1.0,6.25,-0.3,0.03,19.875,19.71875,19.53125,19.5625,-17.1,64.0,0.0,0.0
15.12634,0x220,0.0,0.0,1.0,6.25,-0.36,-0.17,19.875,19.71875,19.53125,19.5625,-17.1,64.0,0.0,0.0
15.12657,0x386,0.0,0.0,1.0,6.25,-0.36,-0.17,19.875,19.78125,19.4375,19.625,-17.1,64.0,0.0,0.0
15.12681,0x316,0.0,0.0,1.0,6.25,-0.36,-0.17,19.875,19.78125,19.4375,19.625,-17.1,64.0,0.0,0.0
15.13093,0x2B0,0.0,0.0,1.0,6.25,-0.36,-0.17,19.875,19.78125,19.4375,19.625,-16.4,68.0,0.0,0.0
15.13635,0x220,0.0,0.0,1.0,6.25,-0.41,-0.17,19.875,19.78125,19.4375,19.625,-16.4,68.0,0.0,0.0
15.13674,0x316,0.0,0.0,1.0,6.25,-0.41,-0.17,19.875,19.78125,19.4375,19.625,-16.4,68.0,0.0,0.0
15.14092,0x2B0,0.0,0.0,1.0,6.25,-0.41,-0.17,19.875,19.78125,19.4375,19.625,-15.7,68.0,0.0,0.0
15.14635,0x220,0.0,0.0,1.0,6.25,-0.43,0.09,19.875,19.78125,19.4375,19.625,-15.7,68.0,0.0,0.0
15.14658,0x386,0.0,0.0,1.0,6.25,-0.43,0.09,19.875,19.8125,19.46875,19.5,-15.7,68.0,0.0,0.0
15.14682,0x316,0.0,0.0,1.0,6.25,-0.43,0.09,19.875,19.8125,19.46875,19.5,-15.7,68.0,0.0,0.0
15.15093,0x2B0,0.0,0.0,1.0,6.25,-0.43,0.09,19.875,19.8125,19.46875,19.5,-15.1,64.0,0.0,0.0
15.15635,0x220,0.0,0.0,1.0,6.25,-0.4,0.43,19.875,19.8125,19.46875,19.5,-15.1,64.0,0.0,0.0
15.15684,0x316,0.0,0.0,1.0,6.25,-0.4,0.43,19.875,19.8125,19.46875,19.5,-15.1,64.0,0.0,0.0
15.16093,0x2B0,0.0,0.0,1.0,6.25,-0.4,0.43,19.875,19.8125,19.46875,19.5,-14.4,64.0,0.0,0.0
15.16635,0x220,0.0,0.0,1.0,6.25,-0.35,0.57,19.875,19.8125,19.46875,19.5,-14.4,64.0,0.0,0.0
15.16659,0x386,0.0,0.0,1.0,6.25,-0.35,0.57,19.875,19.90625,19.625,19.5,-14.4,64.0,0.0,0.0
15.16683,0x316,0.0,0.0,1.0,6.25,-0.35,0.57,19.875,19.90625,19.625,19.5,-14.4,64.0,0.0,0.0
15.17093,0x2B0,0.0,0.0,1.0,6.25,-0.35,0.57,19.875,19.90625,19.625,19.5,-13.8,64.0,0.0,0.0
15.17634,0x220,0.0,0.0,1.0,6.25,-0.28,0.52,19.875,19.90625,19.625,19.5,-13.8,64.0,0.0,0.0
15.17668,0x316,0.0,0.0,1.0,6.25,-0.28,0.52,19.875,19.90625,19.625,19.5,-13.8,64.0,0.0,0.0
15.18091,0x2B0,0.0,0.0,1.0,6.25,-0.28,0.52,19.875,19.90625,19.625,19.5,-13.1,64.0,0.0,0.0
15.18635,0x220,0.0,0.0,1.0,6.25,-0.2,0.37,19.875,19.90625,19.625,19.5,-13.1,64.0,0.0,0.0
15.18658,0x386,0.0,0.0,1.0,6.25,-0.2,0.37,19.84375,19.8125,19.59375,19.53125,-13.1,64.0,0.0,0.0
15.18682,0x316,0.0,0.0,1.0,6.25,-0.2,0.37,19.84375,19.8125,19.59375,19.53125,-13.1,64.0,2.0,0.0
15.19096,0x2B0,0.0,0.0,1.0,6.25,-0.2,0.37,19.84375,19.8125,19.59375,19.53125,-12.4,68.0,2.0,0.0
15.19635,0x220,0.0,0.0,1.0,6.25,-0.17,0.23,19.84375,19.8125,19.59375,19.53125,-12.4,68.0,2.0,0.0
15.19683,0x316,0.0,0.0,1.0,6.25,-0.17,0.23,19.84375,19.8125,19.59375,19.53125,-12.4,68.0,2.0,0.0
15.20095,0x2B0,0.0,0.0,1.0,6.25,-0.17,0.23,19.84375,19.8125,19.59375,19.53125,-11.7,68.0,2.0,0.0
15.20634,0x220,0.0,0.0,1.0,6.25,-0.18,0.27,19.84375,19.8125,19.59375,19.53125,-11.7,68.0,2.0,0.0
15.20657,0x386,0.0,0.0,1.0,6.25,-0.18,0.27,20.0625,19.8125,19.53125,19.59375,-11.7,68.0,2.0,0.0
15.20681,0x316,0.0,0.0,1.0,6.25,-0.18,0.27,20.0625,19.8125,19.53125,19.59375,-11.7,68.0,2.0,0.0
15.21094,0x2B0,0.0,0.0,1.0,6.25,-0.18,0.27,20.0625,19.8125,19.53125,19.59375,-11.1,64.0,2.0,0.0
15.21635,0x220,0.0,0.0,1.0,6.25,-0.17,0.46,20.0625,19.8125,19.53125,19.59375,-11.1,64.0,2.0,0.0
15.21684,0x316,0.0,0.0,1.0,6.25,-0.17,0.46,20.0625,19.8125,19.53125,19.59375,-11.1,64.0,2.0,0.0
15.22095,0x2B0,0.0,0.0,1.0,6.25,-0.17,0.46,20.0625,19.8125,19.53125,19.59375,-10.5,60.0,2.0,0.0
15.22635,0x220,0.0,0.0,1.0,6.25,-0.12,0.61,20.0625,19.8125,19.53125,19.59375,-10.5,60.0,2.0,0.0
15.22658,0x386,0.0,0.0,1.0,6.25,-0.12,0.61,19.9375,19.90625,19.4375,19.53125,-10.5,60.0,2.0,0.0
15.22683,0x316,0.0,0.0,1.0,6.25,-0.12,0.61,19.9375,19.90625,19.4375,19.53125,-10.5,60.0,2.0,0.0
15.23089,0x2B0,0.0,0.0,1.0,6.25,-0.12,0.61,19.9375,19.90625,19.4375,19.53125,-9.9,60.0,2.0,0.0
15.23636,0x220,0.0,0.0,1.0,6.25,-0.02,0.63,19.9375,19.90625,19.4375,19.53125,-9.9,60.0,2.0,0.0
15.23686,0x316,0.0,0.0,1.0,6.25,-0.02,0.63,19.9375,19.90625,19.4375,19.53125,-9.9,60.0,2.0,0.0
15.2409,0x2B0,0.0,0.0,1.0,6.25,-0.02,0.63,19.9375,19.90625,19.4375,19.53125,-9.4,52.0,2.0,0.0
15.24635,0x220,0.0,0.0,1.0,6.25,0.17,0.58,19.9375,19.90625,19.4375,19.53125,-9.4,52.0,2.0,0.0
15.24658,0x386,0.0,0.0,1.0,6.25,0.17,0.58,20.0625,19.9375,19.5625,19.34375,-9.4,52.0,2.0,0.0
15.24706,0x316,0.0,0.0,1.0,6.25,0.17,0.58,20.0625,19.9375,19.5625,19.34375,-9.4,52.0,2.0,0.0
15.25092,0x2B0,0.0,0.0,1.0,6.25,0.17,0.58,20.0625,19.9375,19.5625,19.34375,-8.9,48.0,2.0,0.0
15.25635,0x220,0.0,0.0,1.0,6.25,0.35,0.58,20.0625,19.9375,19.5625,19.34375,-8.9,48.0,2.0,0.0
15.25669,0x316,0.0,0.0,1.0,6.25,0.35,0.58,20.0625,19.9375,19.5625,19.34375,-8.9,48.0,0.0,0.0
15.2609,0x2B0,0.0,0.0,1.0,6.25,0.35,0.58,20.0625,19.9375,19.5625,19.34375,-8.4,48.0,0.0,0.0
15.26636,0x220,0.0,0.0,1.0,6.25,0.45,0.6,20.0625,19.9375,19.5625,19.34375,-8.4,48.0,0.0,0.0
15.26659,0x386,0.0,0.0,1.0,6.25,0.45,0.6,20.0,19.9375,19.5,19.28125,-8.4,48.0,0.0,0.0
15.26683,0x316,0.0,0.0,1.0,6.25,0.45,0.6,20.0,19.9375,19.5,19.28125,-8.4,48.0,0.0,0.0
15.27091,0x2B0,0.0,0.0,1.0,6.25,0.45,0.6,20.0,19.9375,19.5,19.28125,-7.9,48.0,0.0,0.0
15.27636,0x220,0.0,0.0,1.0,6.25,0.45,0.56,20.0,19.9375,19.5,19.28125,-7.9,48.0,0.0,0.0
15.27675,0x316,0.0,0.0,1.0,6.25,0.45,0.56,20.0,19.9375,19.5,19.28125,-7.9,48.0,0.0,0.0
15.28092,0x2B0,0.0,0.0,1.0,6.25,0.45,0.56,20.0,19.9375,19.5,19.28125,-7.4,48.0,0.0,0.0
15.28635,0x220,0.0,0.0,1.0,6.25,0.36,0.49,20.0,19.9375,19.5,19.28125,-7.4,48.0,0.0,0.0
15.28658,0x386,0.0,0.0,1.0,6.25,0.36,0.49,20.0,19.90625,19.28125,19.40625,-7.4,48.0,0.0,0.0
15.28683,0x316,0.0,0.0,1.0,6.25,0.36,0.49,20.0,19.90625,19.28125,19.40625,-7.4,48.0,0.0,0.0
15.29089,0x2B0,0.0,0.0,1.0,6.25,0.36,0.49,20.0,19.90625,19.28125,19.40625,-7.0,44.0,0.0,0.0
15.29635,0x220,0.0,0.0,1.0,6.25,0.22,0.49,20.0,19.90625,19.28125,19.40625,-7.0,44.0,0.0,0.0
15.29666,0x316,0.0,0.0,1.0,6.25,0.22,0.49,20.0,19.90625,19.28125,19.40625,-7.0,44.0,0.0,0.0
15.3009,0x2B0,0.0,0.0,1.0,6.25,0.22,0.49,20.0,19.90625,19.28125,19.40625,-6.5,44.0,0.0,0.0
15.30635,0x220,0.0,0.0,1.0,6.25,0.22,0.6,20.0,19.90625,19.28125,19.40625,-6.5,44.0,0.0,0.0
15.30658,0x386,0.0,0.0,1.0,6.25,0.22,0.6,20.03125,20.15625,19.375,19.4375,-6.5,44.0,0.0,0.0
15.30683,0x316,0.0,0.0,1.0,6.25,0.22,0.6,20.03125,20.15625,19.375,19.4375,-6.5,44.0,0.0,0.0
15.31093,0x2B0,0.0,0.0,1.0,6.25,0.22,0.6,20.03125,20.15625,19.375,19.4375,-6.1,44.0,0.0,0.0
15.31636,0x220,0.0,0.0,1.0,6.25,0.38,0.65,20.03125,20.15625,19.375,19.4375,-6.1,44.0,0.0,0.0
15.31703,0x316,0.0,0.0,1.0,6.25,0.38,0.65,20.03125,20.15625,19.375,19.4375,-6.1,44.0,0.0,0.0
15.32094,0x2B0,0.0,0.0,1.0,6.25,0.38,0.65,20.03125,20.15625,19.375,19.4375,-5.7,40.0,0.0,0.0
15.32636,0x220,0.0,0.0,1.0,6.25,0.61,0.56,20.03125,20.15625,19.375,19.4375,-5.7,40.0,0.0,0.0
15.32659,0x386,0.0,0.0,1.0,6.25,0.61,0.56,19.96875,19.84375,19.4375,19.40625,-5.7,40.0,0.0,0.0
15.32683,0x316,0.0,0.0,1.0,6.25,0.61,0.56,19.96875,19.84375,19.4375,19.40625,-5.7,40.0,0.0,0.0
15.33095,0x2B0,0.0,0.0,1.0,6.25,0.61,0.56,19.96875,19.84375,19.4375,19.40625,-5.3,40.0,0.0,0.0
15.33635,0x220,0.0,0.0,1.0,6.25,0.78,0.51,19.96875,19.84375,19.4375,19.40625,-5.3,40.0,0.0,0.0
15.33673,0x316,0.0,0.0,1.0,6.25,0.78,0.51,19.96875,19.84375,19.4375,19.40625,-5.3,40.0,0.0,0.0
15.34092,0x2B0,0.0,0.0,1.0,6.25,0.78,0.51,19.96875,19.84375,19.4375,19.40625,-5.0,32.0,0.0,0.0
15.34636,0x220,0.0,0.0,1.0,6.25,0.85,0.61,19.96875,19.84375,19.4375,19.40625,-5.0,32.0,0.0,0.0
15.34659,0x386,0.0,0.0,1.0,6.25,0.85,0.61,20.0625,19.6875,19.3125,19.71875,-5.0,32.0,0.0,0.0
15.34683,0x316,0.0,0.0,1.0,6.25,0.85,0.61,20.0625,19.6875,19.3125,19.71875,-5.0,32.0,0.0,0.0
15.35093,0x2B0,0.0,0.0,1.0,6.25,0.85,0.61,20.0625,19.6875,19.3125,19.71875,-4.6,32.0,0.0,0.0
15.35634,0x220,0.0,0.0,1.0,6.25,0.88,0.74,20.0625,19.6875,19.3125,19.71875,-4.6,32.0,0.0,0.0
15.35678,0x316,0.0,0.0,1.0,6.25,0.88,0.74,20.0625,19.6875,19.3125,19.71875,-4.6,32.0,0.0,0.0
15.36091,0x2B0,0.0,0.0,1.0,6.25,0.88,0.74,20.0625,19.6875,19.3125,19.71875,-4.3,32.0,0.0,0.0
15.36635,0x220,0.0,0.0,1.0,6.25,0.92,0.72,20.0625,19.6875,19.3125,19.71875,-4.3,32.0,0.0,0.0
15.36658,0x386,0.0,0.0,1.0,6.25,0.92,0.72,20.59375,20.375,19.34375,19.53125,-4.3,32.0,0.0,0.0
15.36682,0x316,0.0,0.0,1.0,6.25,0.92,0.72,20.59375,20.375,19.34375,19.53125,-4.3,32.0,0.0,0.0
15.37092,0x2B0,0.0,0.0,1.0,6.25,0.92,0.72,20.59375,20.375,19.34375,19.53125,-4.1,24.0,0.0,0.0
15.37635,0x220,0.0,0.0,1.0,6.25,0.95,0.57,20.59375,20.375,19.34375,19.53125,-4.1,24.0,0.0,0.0
15.37667,0x316,0.0,0.0,1.0,6.25,0.95,0.57,20.59375,20.375,19.34375,19.53125,-4.1,24.0,0.0,0.0
15.38091,0x2B0,0.0,0.0,1.0,6.25,0.95,0.57,20.59375,20.375,19.34375,19.53125,-3.8,24.0,0.0,0.0
15.38635,0x220,0.0,0.0,1.0,6.25,0.96,0.46,20.59375,20.375,19.34375,19.53125,-3.8,24.0,0.0,0.0
15.38658,0x386,0.0,0.0,1.0,6.25,0.96,0.46,20.0,19.96875,19.5,19.5,-3.8,24.0,0.0,0.0
15.38682,0x316,0.0,0.0,1.0,6.25,0.96,0.46,20.0,19.96875,19.5,19.5,-3.8,24.0,0.0,0.0
15.39093,0x2B0,0.0,0.0,1.0,6.25,0.96,0.46,20.0,19.96875,19.5,19.5,-3.7,20.0,0.0,0.0
15.39635,0x220,0.0,0.0,1.0,6.25,0.98,0.47,20.0,19.96875,19.5,19.5,-3.7,20.0,0.0,0.0
15.3967,0x316,0.0,0.0,1.0,6.25,0.98,0.47,20.0,19.96875,19.5,19.5,-3.7,20.0,0.0,0.0
15.40091,0x2B0,0.0,0.0,1.0,6.25,0.98,0.47,20.0,19.96875,19.5,19.5,-3.5,12.0,0.0,0.0
15.40635,0x220,0.0,0.0,1.0,6.25,1.09,0.54,20.0,19.96875,19.5,19.5,-3.5,12.0,0.0,0.0
15.40658,0x386,0.0,0.0,1.0,6.25,1.09,0.54,19.71875,19.65625,19.46875,19.59375,-3.5,12.0,0.0,0.0
15.40682,0x316,0.0,0.0,1.0,6.25,1.09,0.54,19.71875,19.65625,19.46875,19.59375,-3.5,12.0,0.0,0.0
15.41093,0x2B0,0.0,0.0,1.0,6.25,1.09,0.54,19.71875,19.65625,19.46875,19.59375,-3.4,12.0,0.0,0.0
15.41636,0x220,0.0,0.0,1.0,6.25,1.14,0.55,19.71875,19.65625,19.46875,19.59375,-3.4,12.0,0.0,0.0
15.41682,0x316,0.0,0.0,1.0,6.25,1.14,0.55,19.71875,19.65625,19.46875,19.59375,-3.4,12.0,0.0,0.0
15.42092,0x2B0,0.0,0.0,1.0,6.25,1.14,0.55,19.71875,19.65625,19.46875,19.59375,-3.4,0.0,0.0,0.0
15.42635,0x220,0.0,0.0,1.0,6.25,1.19,0.44,19.71875,19.65625,19.46875,19.59375,-3.4,0.0,0.0,0.0
15.42658,0x386,0.0,0.0,1.0,6.25,1.19,0.44,19.8125,19.71875,19.53125,19.71875,-3.4,0.0,0.0,0.0
15.42682,0x316,0.0,0.0,1.0,6.25,1.19,0.44,19.8125,19.71875,19.53125,19.71875,-3.4,0.0,0.0,0.0
15.43093,0x2B0,0.0,0.0,1.0,6.25,1.19,0.44,19.8125,19.71875,19.53125,19.71875,-3.4,0.0,0.0,0.0
15.43636,0x220,0.0,0.0,1.0,6.25,1.3,0.25,19.8125,19.71875,19.53125,19.71875,-3.4,0.0,0.0,0.0
15.43675,0x316,0.0,0.0,1.0,6.25,1.3,0.25,19.8125,19.71875,19.53125,19.71875,-3.4,0.0,0.0,0.0
15.44092,0x2B0,0.0,0.0,1.0,6.25,1.3,0.25,19.8125,19.71875,19.53125,19.71875,-3.4,0.0,0.0,0.0
15.44636,0x220,0.0,0.0,1.0,6.25,1.36,0.06,19.8125,19.71875,19.53125,19.71875,-3.4,0.0,0.0,0.0
15.44658,0x386,0.0,0.0,1.0,6.25,1.36,0.06,19.4375,19.6875,19.5625,19.6875,-3.4,0.0,0.0,0.0
15.44683,0x316,0.0,0.0,1.0,6.25,1.36,0.06,19.4375,19.6875,19.5625,19.6875,-3.4,0.0,0.0,0.0
15.45092,0x2B0,0.0,0.0,1.0,6.25,1.36,0.06,19.4375,19.6875,19.5625,19.6875,-3.4,0.0,0.0,0.0
15.45636,0x220,0.0,0.0,1.0,6.25,1.37,0.0,19.4375,19.6875,19.5625,19.6875,-3.4,0.0,0.0,0.0
15.45668,0x316,0.0,0.0,1.0,6.25,1.37,0.0,19.4375,19.6875,19.5625,19.6875,-3.4,0.0,0.0,0.0
15.46092,0x2B0,0.0,0.0,1.0,6.25,1.37,0.0,19.4375,19.6875,19.5625,19.6875,-3.4,0.0,0.0,0.0
15.46636,0x220,0.0,0.0,1.0,6.25,1.4,0.01,19.4375,19.6875,19.5625,19.6875,-3.4,0.0,0.0,0.0
15.46659,0x386,0.0,0.0,1.0,6.25,1.4,0.01,19.84375,19.75,19.46875,19.8125,-3.4,0.0,0.0,0.0
15.46683,0x316,0.0,0.0,1.0,6.25,1.4,0.01,19.84375,19.75,19.46875,19.8125,-3.4,0.0,0.0,0.0
15.47092,0x2B0,0.0,0.0,1.0,6.25,1.4,0.01,19.84375,19.75,19.46875,19.8125,-3.4,0.0,0.0,0.0
15.47636,0x220,0.0,0.0,1.0,6.25,1.48,0.07,19.84375,19.75,19.46875,19.8125,-3.4,0.0,0.0,0.0
15.47668,0x316,0.0,0.0,1.0,6.25,1.48,0.07,19.84375,19.75,19.46875,19.8125,-3.4,0.0,0.0,0.0
15.48092,0x2B0,0.0,0.0,1.0,6.25,1.48,0.07,19.84375,19.75,19.46875,19.8125,-3.4,0.0,0.0,0.0
15.48635,0x220,0.0,0.0,1.0,6.25,1.58,0.07,19.84375,19.75,19.46875,19.8125,-3.4,0.0,0.0,0.0
15.48658,0x386,0.0,0.0,1.0,6.25,1.58,0.07,19.78125,19.78125,19.5625,19.625,-3.4,0.0,0.0,0.0
15.48682,0x316,0.0,0.0,1.0,6.25,1.58,0.07,19.78125,19.78125,19.5625,19.625,-3.4,0.0,0.0,0.0
15.49092,0x2B0,0.0,0.0,1.0,6.25,1.58,0.07,19.78125,19.78125,19.5625,19.625,-3.4,0.0,0.0,0.0
15.49636,0x220,0.0,0.0,1.0,6.25,1.64,0.0,19.78125,19.78125,19.5625,19.625,-3.4,0.0,0.0,0.0
15.49666,0x316,0.0,0.0,1.0,6.25,1.64,0.0,19.78125,19.78125,19.5625,19.625,-3.4,0.0,2.0,0.0
15.50091,0x2B0,0.0,0.0,1.0,6.25,1.64,0.0,19.78125,19.78125,19.5625,19.625,-3.4,0.0,2.0,0.0
15.50635,0x220,0.0,0.0,1.0,6.25,1.59,-0.12,19.78125,19.78125,19.5625,19.625,-3.4,0.0,2.0,0.0
15.50658,0x386,0.0,0.0,1.0,6.25,1.59,-0.12,18.96875,19.4375,19.46875,19.71875,-3.4,0.0,2.0,0.0
15.50683,0x316,0.0,0.0,1.0,6.25,1.59,-0.12,18.96875,19.4375,19.46875,19.71875,-3.4,0.0,2.0,0.0
15.51093,0x2B0,0.0,0.0,1.0,6.25,1.59,-0.12,18.96875,19.4375,19.46875,19.71875,-3.4,0.0,2.0,0.0
15.51635,0x220,0.0,0.0,1.0,6.25,1.46,-0.15,18.96875,19.4375,19.46875,19.71875,-3.4,0.0,2.0,0.0
15.51688,0x316,0.0,0.0,1.0,6.25,1.46,-0.15,18.96875,19.4375,19.46875,19.71875,-3.4,0.0,2.0,0.0
15.5209,0x2B0,0.0,0.0,1.0,6.25,1.46,-0.15,18.96875,19.4375,19.46875,19.71875,-3.4,0.0,2.0,0.0
15.52635,0x220,0.0,0.0,1.0,6.25,1.29,-0.11,18.96875,19.4375,19.46875,19.71875,-3.4,0.0,2.0,0.0
15.52659,0x386,0.0,0.0,1.0,6.25,1.29,-0.11,20.34375,20.59375,19.5,19.71875,-3.4,0.0,2.0,0.0
15.52683,0x316,0.0,0.0,1.0,6.25,1.29,-0.11,20.34375,20.59375,19.5,19.71875,-3.4,0.0,2.0,0.0
15.53089,0x2B0,0.0,0.0,1.0,6.25,1.29,-0.11,20.34375,20.59375,19.5,19.71875,-3.4,0.0,2.0,0.0
15.53635,0x220,0.0,0.0,1.0,6.25,1.15,-0.13,20.34375,20.59375,19.5,19.71875,-3.4,0.0,2.0,0.0
15.53673,0x316,0.0,0.0,1.0,6.25,1.15,-0.13,20.34375,20.59375,19.5,19.71875,-3.4,0.0,5.0,0.0
15.54091,0x2B0,0.0,0.0,1.0,6.25,1.15,-0.13,20.34375,20.59375,19.5,19.71875,-3.4,0.0,5.0,0.0
15.54635,0x220,0.0,0.0,1.0,6.25,1.16,-0.16,20.34375,20.59375,19.5,19.71875,-3.4,0.0,5.0,0.0
15.54658,0x386,0.0,0.0,1.0,6.25,1.16,-0.16,20.0625,19.34375,19.5625,19.5,-3.4,0.0,5.0,0.0
15.54682,0x316,0.0,0.0,1.0,6.25,1.16,-0.16,20.0625,19.34375,19.5625,19.5,-3.4,0.0,5.0,0.0
15.55091,0x2B0,0.0,0.0,1.0,6.25,1.16,-0.16,20.0625,19.34375,19.5625,19.5,-3.4,0.0,5.0,0.0
15.55636,0x220,0.0,0.0,1.0,6.25,1.36,-0.07,20.0625,19.34375,19.5625,19.5,-3.4,0.0,5.0,0.0
15.55671,0x316,0.0,0.0,1.0,6.25,1.36,-0.07,20.0625,19.34375,19.5625,19.5,-3.4,0.0,2.0,0.0
15.56091,0x2B0,0.0,0.0,1.0,6.25,1.36,-0.07,20.0625,19.34375,19.5625,19.5,-3.4,0.0,2.0,0.0
15.56636,0x220,0.0,0.0,1.0,6.25,1.62,0.0,20.0625,19.34375,19.5625,19.5,-3.4,0.0,2.0,0.0
15.56659,0x386,0.0,0.0,1.0,6.25,1.62,0.0,19.8125,20.15625,19.4375,19.4375,-3.4,0.0,2.0,0.0
15.56683,0x316,0.0,0.0,1.0,6.25,1.62,0.0,19.8125,20.15625,19.4375,19.4375,-3.4,0.0,2.0,0.0
15.5709,0x2B0,0.0,0.0,1.0,6.25,1.62,0.0,19.8125,20.15625,19.4375,19.4375,-3.4,0.0,2.0,0.0
15.57635,0x220,0.0,0.0,1.0,6.25,1.78,-0.01,19.8125,20.15625,19.4375,19.4375,-3.4,0.0,2.0,0.0
15.57667,0x316,0.0,0.0,1.0,6.25,1.78,-0.01,19.8125,20.15625,19.4375,19.4375,-3.4,0.0,0.0,0.0
15.58091,0x2B0,0.0,0.0,1.0,6.25,1.78,-0.01,19.8125,20.15625,19.4375,19.4375,-3.4,0.0,0.0,0.0
15.58635,0x220,0.0,0.0,1.0,6.25,1.8,-0.09,19.8125,20.15625,19.4375,19.4375,-3.4,0.0,0.0,0.0
15.58658,0x386,0.0,0.0,1.0,6.25,1.8,-0.09,19.5625,20.28125,19.46875,19.71875,-3.4,0.0,0.0,0.0
15.58683,0x316,0.0,0.0,1.0,6.25,1.8,-0.09,19.5625,20.28125,19.46875,19.71875,-3.4,0.0,0.0,0.0
15.59089,0x2B0,0.0,0.0,1.0,6.25,1.8,-0.09,19.5625,20.28125,19.46875,19.71875,-3.4,0.0,0.0,0.0
15.59636,0x220,0.0,0.0,1.0,6.25,1.71,-0.1,19.5625,20.28125,19.46875,19.71875,-3.4,0.0,0.0,0.0
15.5967,0x316,0.0,0.0,1.0,6.25,1.71,-0.1,19.5625,20.28125,19.46875,19.71875,-3.4,0.0,0.0,0.0
15.60088,0x2B0,0.0,0.0,1.0,6.25,1.71,-0.1,19.5625,20.28125,19.46875,19.71875,-3.4,0.0,0.0,0.0
15.60636,0x220,0.0,0.0,1.0,6.25,1.5,-0.03,19.5625,20.28125,19.46875,19.71875,-3.4,0.0,0.0,0.0
15.60659,0x386,0.0,0.0,1.0,6.25,1.5,-0.03,20.71875,19.875,19.53125,19.40625,-3.4,0.0,0.0,0.0
15.60684,0x316,0.0,0.0,1.0,6.25,1.5,-0.03,20.71875,19.875,19.53125,19.40625,-3.4,0.0,0.0,0.0
15.6109,0x2B0,0.0,0.0,1.0,6.25,1.5,-0.03,20.71875,19.875,19.53125,19.40625,-3.4,0.0,0.0,0.0
15.61636,0x220,0.0,0.0,1.0,6.25,1.34,0.0,20.71875,19.875,19.53125,19.40625,-3.4,0.0,0.0,0.0
15.61678,0x316,0.0,0.0,1.0,6.25,1.34,0.0,20.71875,19.875,19.53125,19.40625,-3.4,0.0,0.0,0.0
15.62097,0x2B0,0.0,0.0,1.0,6.25,1.34,0.0,20.71875,19.875,19.53125,19.40625,-3.4,0.0,0.0,0.0
15.62636,0x220,0.0,0.0,1.0,6.25,1.36,0.08,20.71875,19.875,19.53125,19.40625,-3.4,0.0,0.0,0.0
15.62659,0x386,0.0,0.0,1.0,6.25,1.36,0.08,19.65625,20.0,19.25,19.53125,-3.4,0.0,0.0,0.0
15.62683,0x316,0.0,0.0,1.0,6.25,1.36,0.08,19.65625,20.0,19.25,19.53125,-3.4,0.0,0.0,0.0
15.63094,0x2B0,0.0,0.0,1.0,6.25,1.36,0.08,19.65625,20.0,19.25,19.53125,-3.4,0.0,0.0,0.0
15.63637,0x220,0.0,0.0,1.0,6.25,1.49,0.16,19.65625,20.0,19.25,19.53125,-3.4,0.0,0.0,0.0
15.63674,0x316,0.0,0.0,1.0,6.25,1.49,0.16,19.65625,20.0,19.25,19.53125,-3.4,0.0,0.0,0.0
15.64092,0x2B0,0.0,0.0,1.0,6.25,1.49,0.16,19.65625,20.0,19.25,19.53125,-3.5,0.0,0.0,0.0
15.64636,0x220,0.0,0.0,1.0,6.25,1.68,0.11,19.65625,20.0,19.25,19.53125,-3.5,0.0,0.0,0.0
15.64659,0x386,0.0,0.0,1.0,6.25,1.68,0.11,19.75,20.28125,19.375,19.5,-3.5,0.0,0.0,0.0
15.64707,0x316,0.0,0.0,1.0,6.25,1.68,0.11,19.75,20.28125,19.375,19.5,-3.5,0.0,0.0,0.0
15.65093,0x2B0,0.0,0.0,1.0,6.25,1.68,0.11,19.75,20.28125,19.375,19.5,-3.5,0.0,0.0,0.0
15.65636,0x220,0.0,0.0,1.0,6.25,1.78,-0.06,19.75,20.28125,19.375,19.5,-3.5,0.0,0.0,0.0
15.65668,0x316,0.0,0.0,1.0,6.25,1.78,-0.06,19.75,20.28125,19.375,19.5,-3.5,0.0,0.0,0.0
15.66094,0x2B0,0.0,0.0,1.0,6.25,1.78,-0.06,19.75,20.28125,19.375,19.5,-3.5,0.0,0.0,0.0
15.66637,0x220,0.0,0.0,1.0,6.25,1.66,-0.21,19.75,20.28125,19.375,19.5,-3.5,0.0,0.0,0.0
15.6666,0x386,0.0,0.0,1.0,6.25,1.66,-0.21,20.21875,20.0625,19.625,19.46875,-3.5,0.0,0.0,0.0
15.66684,0x316,0.0,0.0,1.0,6.25,1.66,-0.21,20.21875,20.0625,19.625,19.46875,-3.5,0.0,0.0,0.0
15.67092,0x2B0,0.0,0.0,1.0,6.25,1.66,-0.21,20.21875,20.0625,19.625,19.46875,-3.5,0.0,0.0,0.0
15.67636,0x220,0.0,0.0,1.0,6.25,1.41,-0.05,20.21875,20.0625,19.625,19.46875,-3.5,0.0,0.0,0.0
15.67666,0x316,0.0,0.0,1.0,6.25,1.41,-0.05,20.21875,20.0625,19.625,19.46875,-3.5,0.0,0.0,0.0
15.68092,0x2B0,0.0,0.0,1.0,6.25,1.41,-0.05,20.21875,20.0625,19.625,19.46875,-3.6,0.0,0.0,0.0
15.68636,0x220,0.0,0.0,1.0,6.25,1.2,0.28,20.21875,20.0625,19.625,19.46875,-3.6,0.0,0.0,0.0
15.68659,0x386,0.0,0.0,1.0,6.25,1.2,0.28,20.53125,19.9375,19.40625,19.46875,-3.6,0.0,0.0,0.0
15.68706,0x316,0.0,0.0,1.0,6.25,1.2,0.28,20.53125,19.9375,19.40625,19.46875,-3.6,0.0,0.0,0.0
15.69089,0x2B0,0.0,0.0,1.0,6.25,1.2,0.28,20.53125,19.9375,19.40625,19.46875,-3.6,0.0,0.0,0.0
15.69636,0x220,0.0,0.0,1.0,6.25,1.2,0.38,20.53125,19.9375,19.40625,19.46875,-3.6,0.0,0.0,0.0
15.69672,0x316,0.0,0.0,1.0,6.25,1.2,0.38,20.53125,19.9375,19.40625,19.46875,-3.6,0.0,0.0,0.0
15.7009,0x2B0,0.0,0.0,1.0,6.25,1.2,0.38,20.53125,19.9375,19.40625,19.46875,-3.6,0.0,0.0,0.0
15.70635,0x220,0.0,0.0,1.0,6.25,1.36,0.11,20.53125,19.9375,19.40625,19.46875,-3.6,0.0,0.0,0.0
15.70659,0x386,0.0,0.0,1.0,6.25,1.36,0.11,19.5625,19.9375,19.375,19.5,-3.6,0.0,0.0,0.0
15.70683,0x316,0.0,0.0,1.0,6.25,1.36,0.11,19.5625,19.9375,19.375,19.5,-3.6,0.0,0.0,0.0
15.71092,0x2B0,0.0,0.0,1.0,6.25,1.36,0.11,19.5625,19.9375,19.375,19.5,-3.8,8.0,0.0,0.0
15.71637,0x220,0.0,0.0,1.0,6.25,1.52,-0.18,19.5625,19.9375,19.375,19.5,-3.8,8.0,0.0,0.0
15.71681,0x316,0.0,0.0,1.0,6.25,1.52,-0.18,19.5625,19.9375,19.375,19.5,-3.8,8.0,0.0,0.0
15.72086,0x2B0,0.0,0.0,1.0,6.25,1.52,-0.18,19.5625,19.9375,19.375,19.5,-3.8,8.0,0.0,0.0
15.72636,0x220,0.0,0.0,1.0,6.25,1.56,-0.3,19.5625,19.9375,19.375,19.5,-3.8,8.0,0.0,0.0
15.72659,0x386,0.0,0.0,1.0,6.25,1.56,-0.3,19.875,20.0625,19.59375,19.65625,-3.8,8.0,0.0,0.0
15.72683,0x316,0.0,0.0,1.0,6.25,1.56,-0.3,19.875,20.0625,19.59375,19.65625,-3.8,8.0,0.0,0.0
15.73093,0x2B0,0.0,0.0,1.0,6.25,1.56,-0.3,19.875,20.0625,19.59375,19.65625,-3.8,0.0,0.0,0.0
15.73636,0x220,0.0,0.0,1.0,6.25,1.44,-0.14,19.875,20.0625,19.59375,19.65625,-3.8,0.0,0.0,0.0
15.73682,0x316,0.0,0.0,1.0,6.25,1.44,-0.14,19.875,20.0625,19.59375,19.65625,-3.8,0.0,0.0,0.0
15.74093,0x2B0,0.0,0.0,1.0,6.25,1.44,-0.14,19.875,20.0625,19.59375,19.65625,-3.9,0.0,0.0,0.0
15.74636,0x220,0.0,0.0,1.0,6.25,1.21,0.15,19.875,20.0625,19.59375,19.65625,-3.9,0.0,0.0,0.0
15.74659,0x386,0.0,0.0,1.0,6.25,1.21,0.15,19.8125,19.65625,19.5625,19.65625,-3.9,0.0,0.0,0.0
15.74683,0x316,0.0,0.0,1.0,6.25,1.21,0.15,19.8125,19.65625,19.5625,19.65625,-3.9,0.0,0.0,0.0
15.75093,0x2B0,0.0,0.0,1.0,6.25,1.21,0.15,19.8125,19.65625,19.5625,19.65625,-3.9,0.0,0.0,0.0
15.75637,0x220,0.0,0.0,1.0,6.25,1.0,0.41,19.8125,19.65625,19.5625,19.65625,-3.9,0.0,0.0,0.0
15.75669,0x316,0.0,0.0,1.0,6.25,1.0,0.41,19.8125,19.65625,19.5625,19.65625,-3.9,0.0,0.0,0.0
15.76091,0x2B0,0.0,0.0,1.0,6.25,1.0,0.41,19.8125,19.65625,19.5625,19.65625,-4.1,8.0,0.0,0.0
15.76637,0x220,0.0,0.0,1.0,6.25,0.91,0.43,19.8125,19.65625,19.5625,19.65625,-4.1,8.0,0.0,0.0
15.7666,0x386,0.0,0.0,1.0,6.25,0.91,0.43,19.9375,19.75,19.53125,19.8125,-4.1,8.0,0.0,0.0
15.76684,0x316,0.0,0.0,1.0,6.25,0.91,0.43,19.9375,19.75,19.53125,19.8125,-4.1,8.0,0.0,0.0
15.77095,0x2B0,0.0,0.0,1.0,6.25,0.91,0.43,19.9375,19.75,19.53125,19.8125,-4.1,8.0,0.0,0.0
15.77636,0x220,0.0,0.0,1.0,6.25,0.89,0.21,19.9375,19.75,19.53125,19.8125,-4.1,8.0,0.0,0.0
15.77673,0x316,0.0,0.0,1.0,6.25,0.89,0.21,19.9375,19.75,19.53125,19.8125,-4.1,8.0,0.0,0.0
15.78094,0x2B0,0.0,0.0,1.0,6.25,0.89,0.21,19.9375,19.75,19.53125,19.8125,-4.2,0.0,0.0,0.0
15.78636,0x220,0.0,0.0,1.0,6.25,0.93,0.0,19.9375,19.75,19.53125,19.8125,-4.2,0.0,0.0,0.0
15.78659,0x386,0.0,0.0,1.0,6.25,0.93,0.0,19.6875,19.78125,19.53125,19.75,-4.2,0.0,0.0,0.0
15.78683,0x316,0.0,0.0,1.0,6.25,0.93,0.0,19.6875,19.78125,19.53125,19.75,-4.2,0.0,0.0,0.0
15.79087,0x2B0,0.0,0.0,1.0,6.25,0.93,0.0,19.6875,19.78125,19.53125,19.75,-4.2,0.0,0.0,0.0
15.79637,0x220,0.0,0.0,1.0,6.25,0.95,0.0,19.6875,19.78125,19.53125,19.75,-4.2,0.0,0.0,0.0
15.79668,0x316,0.0,0.0,1.0,6.25,0.95,0.0,19.6875,19.78125,19.53125,19.75,-4.2,0.0,0.0,0.0
15.80089,0x2B0,0.0,0.0,1.0,6.25,0.95,0.0,19.6875,19.78125,19.53125,19.75,-4.2,0.0,0.0,0.0
15.80636,0x220,0.0,0.0,1.0,6.25,0.96,0.22,19.6875,19.78125,19.53125,19.75,-4.2,0.0,0.0,0.0
15.80659,0x386,0.0,0.0,1.0,6.25,0.96,0.22,19.78125,19.40625,19.46875,19.6875,-4.2,0.0,0.0,0.0
15.80683,0x316,0.0,0.0,1.0,6.25,0.96,0.22,19.78125,19.40625,19.46875,19.6875,-4.2,0.0,0.0,0.0
15.81088,0x2B0,0.0,0.0,1.0,6.25,0.96,0.22,19.78125,19.40625,19.46875,19.6875,-4.2,0.0,0.0,0.0
15.81636,0x220,0.0,0.0,1.0,6.25,0.92,0.37,19.78125,19.40625,19.46875,19.6875,-4.2,0.0,0.0,0.0
15.81692,0x316,0.0,0.0,1.0,6.25,0.92,0.37,19.78125,19.40625,19.46875,19.6875,-4.2,0.0,0.0,0.0
15.82088,0x2B0,0.0,0.0,1.0,6.25,0.92,0.37,19.78125,19.40625,19.46875,19.6875,-4.2,0.0,0.0,0.0
15.82636,0x220,0.0,0.0,1.0,6.25,0.81,0.25,19.78125,19.40625,19.46875,19.6875,-4.2,0.0,0.0,0.0
15.8266,0x386,0.0,0.0,1.0,6.25,0.81,0.25,19.96875,19.875,19.625,19.625,-4.2,0.0,0.0,0.0
15.82684,0x316,0.0,0.0,1.0,6.25,0.81,0.25,19.96875,19.875,19.625,19.625,-4.2,0.0,0.0,0.0
15.83086,0x2B0,0.0,0.0,1.0,6.25,0.81,0.25,19.96875,19.875,19.625,19.625,-4.2,0.0,0.0,0.0
15.83637,0x220,0.0,0.0,1.0,6.25,0.71,0.0,19.96875,19.875,19.625,19.625,-4.2,0.0,0.0,0.0
15.83671,0x316,0.0,0.0,1.0,6.25,0.71,0.0,19.96875,19.875,19.625,19.625,-4.2,0.0,0.0,0.0
15.84089,0x2B0,0.0,0.0,1.0,6.25,0.71,0.0,19.96875,19.875,19.625,19.625,-4.2,0.0,0.0,0.0
15.84636,0x220,0.0,0.0,1.0,6.25,0.65,0.0,19.96875,19.875,19.625,19.625,-4.2,0.0,0.0,0.0
15.84659,0x386,0.0,0.0,1.0,6.25,0.65,0.0,19.875,19.3125,19.40625,19.5,-4.2,0.0,0.0,0.0
15.84707,0x316,0.0,0.0,1.0,6.25,0.65,0.0,19.875,19.3125,19.40625,19.5,-4.2,0.0,0.0,0.0
15.85096,0x2B0,0.0,0.0,1.0,6.25,0.65,0.0,19.875,19.3125,19.40625,19.5,-4.2,0.0,0.0,0.0
15.85636,0x220,0.0,0.0,1.0,6.25,0.74,0.27,19.875,19.3125,19.40625,19.5,-4.2,0.0,0.0,0.0
15.85674,0x316,0.0,0.0,1.0,6.25,0.74,0.27,19.875,19.3125,19.40625,19.5,-4.2,0.0,0.0,0.0
15.86091,0x2B0,0.0,0.0,1.0,6.25,0.74,0.27,19.875,19.3125,19.40625,19.5,-4.1,0.0,0.0,0.0
15.86637,0x220,0.0,0.0,1.0,6.25,1.02,0.42,19.875,19.3125,19.40625,19.5,-4.1,0.0,0.0,0.0
15.86659,0x386,0.0,0.0,1.0,6.25,1.02,0.42,20.3125,18.78125,19.28125,19.4375,-4.1,0.0,0.0,0.0
15.86683,0x316,0.0,0.0,1.0,6.25,1.02,0.42,20.3125,18.78125,19.28125,19.4375,-4.1,0.0,0.0,0.0
15.87088,0x2B0,0.0,0.0,1.0,6.25,1.02,0.42,20.3125,18.78125,19.28125,19.4375,-4.1,0.0,0.0,0.0
15.87637,0x220,0.0,0.0,1.0,6.25,1.27,0.22,20.3125,18.78125,19.28125,19.4375,-4.1,0.0,0.0,0.0
15.87662,0x316,0.0,0.0,1.0,6.25,1.27,0.22,20.3125,18.78125,19.28125,19.4375,-4.1,0.0,0.0,0.0
15.88093,0x2B0,0.0,0.0,1.0,6.25,1.27,0.22,20.3125,18.78125,19.28125,19.4375,-4.1,0.0,0.0,0.0
15.88636,0x220,0.0,0.0,1.0,6.25,1.26,0.05,20.3125,18.78125,19.28125,19.4375,-4.1,0.0,0.0,0.0
15.88659,0x386,0.0,0.0,1.0,6.25,1.26,0.05,19.5625,20.84375,19.0625,19.4375,-4.1,0.0,0.0,0.0
15.88683,0x316,0.0,0.0,1.0,6.25,1.26,0.05,19.5625,20.84375,19.0625,19.4375,-4.1,0.0,0.0,0.0
15.89093,0x2B0,0.0,0.0,1.0,6.25,1.26,0.05,19.5625,20.84375,19.0625,19.4375,-4.1,0.0,0.0,0.0
15.89637,0x220,0.0,0.0,1.0,6.25,1.1,0.28,19.5625,20.84375,19.0625,19.4375,-4.1,0.0,0.0,0.0
15.8967,0x316,0.0,0.0,1.0,6.25,1.1,0.28,19.5625,20.84375,19.0625,19.4375,-4.1,0.0,0.0,0.0
15.90091,0x2B0,0.0,0.0,1.0,6.25,1.1,0.28,19.5625,20.84375,19.0625,19.4375,-4.3,8.0,0.0,0.0
15.90637,0x220,0.0,0.0,1.0,6.25,1.08,0.66,19.5625,20.84375,19.0625,19.4375,-4.3,8.0,0.0,0.0
15.9066,0x386,0.0,0.0,1.0,6.25,1.08,0.66,20.21875,19.71875,19.28125,19.5,-4.3,8.0,0.0,0.0
15.90684,0x316,0.0,0.0,1.0,6.25,1.08,0.66,20.21875,19.71875,19.28125,19.5,-4.3,8.0,0.0,0.0
15.91092,0x2B0,0.0,0.0,1.0,6.25,1.08,0.66,20.21875,19.71875,19.28125,19.5,-4.5,20.0,0.0,0.0
15.91637,0x220,0.0,0.0,1.0,6.25,1.21,0.7,20.21875,19.71875,19.28125,19.5,-4.5,20.0,0.0,0.0
15.91686,0x316,0.0,0.0,1.0,6.25,1.21,0.7,20.21875,19.71875,19.28125,19.5,-4.5,20.0,0.0,0.0
15.92095,0x2B0,0.0,0.0,1.0,6.25,1.21,0.7,20.21875,19.71875,19.28125,19.5,-4.7,20.0,0.0,0.0
15.92637,0x220,0.0,0.0,1.0,6.25,1.36,0.43,20.21875,19.71875,19.28125,19.5,-4.7,20.0,0.0,0.0
15.92659,0x386,0.0,0.0,1.0,6.25,1.36,0.43,19.59375,19.53125,19.40625,19.53125,-4.7,20.0,0.0,0.0
15.92684,0x316,0.0,0.0,1.0,6.25,1.36,0.43,19.59375,19.53125,19.40625,19.53125,-4.7,20.0,0.0,0.0
15.93091,0x2B0,0.0,0.0,1.0,6.25,1.36,0.43,19.59375,19.53125,19.40625,19.53125,-4.8,12.0,0.0,0.0
15.93636,0x220,0.0,0.0,1.0,6.25,1.44,0.21,19.59375,19.53125,19.40625,19.53125,-4.8,12.0,0.0,0.0
15.93673,0x316,0.0,0.0,1.0,6.25,1.44,0.21,19.59375,19.53125,19.40625,19.53125,-4.8,12.0,0.0,0.0
15.94092,0x2B0,0.0,0.0,1.0,6.25,1.44,0.21,19.59375,19.53125,19.40625,19.53125,-5.0,12.0,0.0,0.0
15.94637,0x220,0.0,0.0,1.0,6.25,1.44,0.29,19.59375,19.53125,19.40625,19.53125,-5.0,12.0,0.0,0.0
15.9466,0x386,0.0,0.0,1.0,6.25,1.44,0.29,19.84375,20.59375,19.40625,19.59375,-5.0,12.0,0.0,0.0
15.94684,0x316,0.0,0.0,1.0,6.25,1.44,0.29,19.84375,20.59375,19.40625,19.59375,-5.0,12.0,0.0,0.0
15.95091,0x2B0,0.0,0.0,1.0,6.25,1.44,0.29,19.84375,20.59375,19.40625,19.59375,-5.2,20.0,0.0,0.0
15.95637,0x220,0.0,0.0,1.0,6.25,1.48,0.49,19.84375,20.59375,19.40625,19.59375,-5.2,20.0,0.0,0.0
15.95669,0x316,0.0,0.0,1.0,6.25,1.48,0.49,19.84375,20.59375,19.40625,19.59375,-5.2,20.0,0.0,0.0
15.96093,0x2B0,0.0,0.0,1.0,6.25,1.48,0.49,19.84375,20.59375,19.40625,19.59375,-5.5,24.0,0.0,0.0
15.96638,0x220,0.0,0.0,1.0,6.25,1.57,0.5,19.84375,20.59375,19.40625,19.59375,-5.5,24.0,0.0,0.0
15.9666,0x386,0.0,0.0,1.0,6.25,1.57,0.5,19.3125,19.5625,19.53125,19.53125,-5.5,24.0,0.0,0.0
15.96685,0x316,0.0,0.0,1.0,6.25,1.57,0.5,19.3125,19.5625,19.53125,19.53125,-5.5,24.0,0.0,0.0
15.97093,0x2B0,0.0,0.0,1.0,6.25,1.57,0.5,19.3125,19.5625,19.53125,19.53125,-5.9,32.0,0.0,0.0
15.97637,0x220,0.0,0.0,1.0,6.25,1.69,0.25,19.3125,19.5625,19.53125,19.53125,-5.9,32.0,0.0,0.0
15.97671,0x316,0.0,0.0,1.0,6.25,1.69,0.25,19.3125,19.5625,19.53125,19.53125,-5.9,32.0,0.0,0.0
15.98095,0x2B0,0.0,0.0,1.0,6.25,1.69,0.25,19.3125,19.5625,19.53125,19.53125,-6.2,32.0,0.0,0.0
15.98637,0x220,0.0,0.0,1.0,6.25,1.83,-0.07,19.3125,19.5625,19.53125,19.53125,-6.2,32.0,0.0,0.0
15.9866,0x386,0.0,0.0,1.0,6.25,1.83,-0.07,20.21875,19.84375,19.625,19.65625,-6.2,32.0,0.0,0.0
15.98684,0x316,0.0,0.0,1.0,6.25,1.83,-0.07,20.21875,19.84375,19.625,19.65625,-6.2,32.0,0.0,0.0
15.9909,0x2B0,0.0,0.0,1.0,6.25,1.83,-0.07,20.21875,19.84375,19.625,19.65625,-6.5,28.0,0.0,0.0
15.99637,0x220,0.0,0.0,1.0,6.25,1.94,-0.19,20.21875,19.84375,19.625,19.65625,-6.5,28.0,0.0,0.0
15.9967,0x316,0.0,0.0,1.0,6.25,1.94,-0.19,20.21875,19.84375,19.625,19.65625,-6.5,28.0,0.0,0.0
16.00088,0x2B0,0.0,0.0,1.0,6.25,1.94,-0.19,20.21875,19.84375,19.625,19.65625,-6.7,24.0,0.0,0.0
16.00637,0x220,0.0,0.0,1.0,6.25,1.99,0.0,20.21875,19.84375,19.625,19.65625,-6.7,24.0,0.0,0.0
16.0066,0x386,0.0,0.0,1.0,6.25,1.99,0.0,19.21875,19.90625,19.40625,19.6875,-6.7,24.0,0.0,0.0
16.00684,0x316,0.0,0.0,1.0,6.25,1.99,0.0,19.21875,19.90625,19.40625,19.6875,-6.7,24.0,0.0,0.0
16.01088,0x2B0,0.0,0.0,1.0,6.25,1.99,0.0,19.21875,19.90625,19.40625,19.6875,-7.0,24.0,0.0,0.0
16.01637,0x220,0.0,0.0,1.0,6.25,2.04,0.15,19.21875,19.90625,19.40625,19.6875,-7.0,24.0,0.0,0.0
16.01698,0x316,0.0,0.0,1.0,6.25,2.04,0.15,19.21875,19.90625,19.40625,19.6875,-7.0,24.0,0.0,0.0
16.02089,0x2B0,0.0,0.0,1.0,6.25,2.04,0.15,19.21875,19.90625,19.40625,19.6875,-7.4,32.0,0.0,0.0
16.02636,0x220,0.0,0.0,1.0,6.25,2.03,0.0,19.21875,19.90625,19.40625,19.6875,-7.4,32.0,0.0,0.0
16.02659,0x386,0.0,0.0,1.0,6.25,2.03,0.0,19.5625,19.84375,19.71875,19.75,-7.4,32.0,0.0,0.0
16.02683,0x316,0.0,0.0,1.0,6.25,2.03,0.0,19.5625,19.84375,19.71875,19.75,-7.4,32.0,0.0,0.0
16.0309,0x2B0,0.0,0.0,1.0,6.25,2.03,0.0,19.5625,19.84375,19.71875,19.75,-7.7,32.0,0.0,0.0
16.03638,0x220,0.0,0.0,1.0,6.25,1.92,-0.33,19.5625,19.84375,19.71875,19.75,-7.7,32.0,0.0,0.0
16.03674,0x316,0.0,0.0,1.0,6.25,1.92,-0.33,19.5625,19.84375,19.71875,19.75,-7.7,32.0,0.0,0.0
16.04091,0x2B0,0.0,0.0,1.0,6.25,1.92,-0.33,19.5625,19.84375,19.71875,19.75,-8.0,28.0,0.0,0.0
16.04637,0x220,0.0,0.0,1.0,6.25,1.74,-0.53,19.5625,19.84375,19.71875,19.75,-8.0,28.0,0.0,0.0
16.0466,0x386,0.0,0.0,1.0,6.25,1.74,-0.53,20.3125,20.125,19.65625,19.8125,-8.0,28.0,0.0,0.0
16.04684,0x316,0.0,0.0,1.0,6.25,1.74,-0.53,20.3125,20.125,19.65625,19.8125,-8.0,28.0,0.0,0.0
16.0509,0x2B0,0.0,0.0,1.0,6.25,1.74,-0.53,20.3125,20.125,19.65625,19.8125,-8.2,24.0,0.0,0.0
16.05637,0x220,0.0,0.0,1.0,6.25,1.58,-0.36,20.3125,20.125,19.65625,19.8125,-8.2,24.0,0.0,0.0
16.05684,0x316,0.0,0.0,1.0,6.25,1.58,-0.36,20.3125,20.125,19.65625,19.8125,-8.2,24.0,0.0,0.0
16.06091,0x2B0,0.0,0.0,1.0,6.25,1.58,-0.36,20.3125,20.125,19.65625,19.8125,-8.5,24.0,0.0,0.0
16.06637,0x220,0.0,0.0,1.0,6.25,1.56,-0.02,20.3125,20.125,19.65625,19.8125,-8.5,24.0,0.0,0.0
16.0666,0x386,0.0,0.0,1.0,6.25,1.56,-0.02,20.0,19.875,19.78125,19.84375,-8.5,24.0,0.0,0.0
16.06684,0x316,0.0,0.0,1.0,6.25,1.56,-0.02,20.0,19.875,19.78125,19.84375,-8.5,24.0,0.0,0.0
16.0709,0x2B0,0.0,0.0,1.0,6.25,1.56,-0.02,20.0,19.875,19.78125,19.84375,-8.8,28.0,0.0,0.0
16.07637,0x220,0.0,0.0,1.0,6.25,1.64,0.0,20.0,19.875,19.78125,19.84375,-8.8,28.0,0.0,0.0
16.07669,0x316,0.0,0.0,1.0,6.25,1.64,0.0,20.0,19.875,19.78125,19.84375,-8.8,28.0,0.0,0.0
16.0809,0x2B0,0.0,0.0,1.0,6.25,1.64,0.0,20.0,19.875,19.78125,19.84375,-9.0,24.0,0.0,0.0
16.08637,0x220,0.0,0.0,1.0,6.25,1.69,-0.31,20.0,19.875,19.78125,19.84375,-9.0,24.0,0.0,0.0
16.08661,0x386,0.0,0.0,1.0,6.25,1.69,-0.31,19.90625,19.90625,19.625,19.6875,-9.0,24.0,0.0,0.0
16.08685,0x316,0.0,0.0,1.0,6.25,1.69,-0.31,19.90625,19.90625,19.625,19.6875,-9.0,24.0,0.0,0.0
16.09092,0x2B0,0.0,0.0,1.0,6.25,1.69,-0.31,19.90625,19.90625,19.625,19.6875,-9.1,12.0,0.0,0.0
16.09637,0x220,0.0,0.0,1.0,6.25,1.59,-0.6,19.90625,19.90625,19.625,19.6875,-9.1,12.0,0.0,0.0
16.09678,0x316,0.0,0.0,1.0,6.25,1.59,-0.6,19.90625,19.90625,19.625,19.6875,-9.1,12.0,0.0,0.0
16.10092,0x2B0,0.0,0.0,1.0,6.25,1.59,-0.6,19.90625,19.90625,19.625,19.6875,-9.1,0.0,0.0,0.0
16.10637,0x220,0.0,0.0,1.0,6.25,1.37,-0.58,19.90625,19.90625,19.625,19.6875,-9.1,0.0,0.0,0.0
16.10661,0x386,0.0,0.0,1.0,6.25,1.37,-0.58,19.90625,19.9375,19.46875,19.6875,-9.1,0.0,0.0,0.0
16.10685,0x316,0.0,0.0,1.0,6.25,1.37,-0.58,19.90625,19.9375,19.46875,19.6875,-9.1,0.0,0.0,0.0
16.11091,0x2B0,0.0,0.0,1.0,6.25,1.37,-0.58,19.90625,19.9375,19.46875,19.6875,-9.1,0.0,0.0,0.0
16.11638,0x220,0.0,0.0,1.0,6.25,1.13,-0.36,19.90625,19.9375,19.46875,19.6875,-9.1,0.0,0.0,0.0
16.11683,0x316,0.0,0.0,1.0,6.25,1.13,-0.36,19.90625,19.9375,19.46875,19.6875,-9.1,0.0,0.0,0.0
16.12083,0x2B0,0.0,0.0,1.0,6.25,1.13,-0.36,19.90625,19.9375,19.46875,19.6875,-9.1,0.0,0.0,0.0
16.12637,0x220,0.0,0.0,1.0,6.25,1.01,-0.14,19.90625,19.9375,19.46875,19.6875,-9.1,0.0,0.0,0.0
16.1266,0x386,0.0,0.0,1.0,6.25,1.01,-0.14,19.9375,20.0625,19.59375,19.59375,-9.1,0.0,0.0,0.0
16.12685,0x316,0.0,0.0,1.0,6.25,1.01,-0.14,19.9375,20.0625,19.59375,19.59375,-9.1,0.0,0.0,0.0
16.13088,0x2B0,0.0,0.0,1.0,6.25,1.01,-0.14,19.9375,20.0625,19.59375,19.59375,-9.1,0.0,0.0,0.0
16.13637,0x220,0.0,0.0,1.0,6.25,0.98,-0.13,19.9375,20.0625,19.59375,19.59375,-9.1,0.0,0.0,0.0
16.13685,0x316,0.0,0.0,1.0,6.25,0.98,-0.13,19.9375,20.0625,19.59375,19.59375,-9.1,0.0,2.0,0.0
16.14089,0x2B0,0.0,0.0,1.0,6.25,0.98,-0.13,19.9375,20.0625,19.59375,19.59375,-8.8,12.0,2.0,0.0
16.14636,0x220,0.0,0.0,1.0,6.25,0.9,-0.28,19.9375,20.0625,19.59375,19.59375,-8.8,12.0,2.0,0.0
16.14659,0x386,0.0,0.0,1.0,6.25,0.9,-0.28,20.0625,20.15625,19.625,19.84375,-8.8,12.0,2.0,0.0
16.14683,0x316,0.0,0.0,1.0,6.25,0.9,-0.28,20.0625,20.15625,19.625,19.84375,-8.8,12.0,5.0,0.0
16.15091,0x2B0,0.0,0.0,1.0,6.25,0.9,-0.28,20.0625,20.15625,19.625,19.84375,-8.8,12.0,5.0,0.0
16.15637,0x220,0.0,0.0,1.0,6.25,0.69,-0.39,20.0625,20.15625,19.625,19.84375,-8.8,12.0,5.0,0.0
16.15671,0x316,0.0,0.0,1.0,6.25,0.69,-0.39,20.0625,20.15625,19.625,19.84375,-8.8,12.0,5.0,0.0
16.16088,0x2B0,0.0,0.0,1.0,6.25,0.69,-0.39,20.0625,20.15625,19.625,19.84375,-8.6,8.0,5.0,0.0
16.16637,0x220,0.0,0.0,1.0,6.25,0.45,-0.23,20.0625,20.15625,19.625,19.84375,-8.6,8.0,5.0,0.0
16.16661,0x386,0.0,0.0,1.0,6.25,0.45,-0.23,20.09375,20.0625,19.65625,19.875,-8.6,8.0,5.0,0.0
16.16685,0x316,0.0,0.0,1.0,6.25,0.45,-0.23,20.09375,20.0625,19.65625,19.875,-8.6,8.0,5.0,0.0
16.17083,0x2B0,0.0,0.0,1.0,6.25,0.45,-0.23,20.09375,20.0625,19.65625,19.875,-8.6,8.0,5.0,0.0
16.17637,0x220,0.0,0.0,1.0,6.25,0.3,0.07,20.09375,20.0625,19.65625,19.875,-8.6,8.0,5.0,0.0
16.17683,0x316,0.0,0.0,1.0,6.25,0.3,0.07,20.09375,20.0625,19.65625,19.875,-8.6,8.0,5.0,0.0
16.18091,0x2B0,0.0,0.0,1.0,6.25,0.3,0.07,20.09375,20.0625,19.65625,19.875,-8.6,0.0,5.0,0.0
16.18637,0x220,0.0,0.0,1.0,6.25,0.25,0.31,20.09375,20.0625,19.65625,19.875,-8.6,0.0,5.0,0.0
16.18661,0x386,0.0,0.0,1.0,6.25,0.25,0.31,20.09375,20.09375,19.78125,19.65625,-8.6,0.0,5.0,0.0
16.18685,0x316,0.0,0.0,1.0,6.25,0.25,0.31,20.09375,20.09375,19.78125,19.65625,-8.6,0.0,2.0,0.0
16.19087,0x2B0,0.0,0.0,1.0,6.25,0.25,0.31,20.09375,20.09375,19.78125,19.65625,-8.4,8.0,2.0,0.0
16.19638,0x220,0.0,0.0,1.0,6.25,0.29,0.28,20.09375,20.09375,19.78125,19.65625,-8.4,8.0,2.0,0.0
16.19671,0x316,0.0,0.0,1.0,6.25,0.29,0.28,20.09375,20.09375,19.78125,19.65625,-8.4,8.0,0.0,0.0
16.20088,0x2B0,0.0,0.0,1.0,6.25,0.29,0.28,20.09375,20.09375,19.78125,19.65625,-8.2,20.0,0.0,0.0
16.20637,0x220,0.0,0.0,1.0,6.25,0.33,0.12,20.09375,20.09375,19.78125,19.65625,-8.2,20.0,0.0,0.0
16.20661,0x386,0.0,0.0,1.0,6.25,0.33,0.12,20.03125,20.03125,19.625,19.6875,-8.2,20.0,0.0,0.0
16.20685,0x316,0.0,0.0,1.0,6.25,0.33,0.12,20.03125,20.03125,19.625,19.6875,-8.2,20.0,0.0,0.0
16.21087,0x2B0,0.0,0.0,1.0,6.25,0.33,0.12,20.03125,20.03125,19.625,19.6875,-8.1,12.0,0.0,0.0
16.21637,0x220,0.0,0.0,1.0,6.25,0.33,0.05,20.03125,20.03125,19.625,19.6875,-8.1,12.0,0.0,0.0
16.21692,0x316,0.0,0.0,1.0,6.25,0.33,0.05,20.03125,20.03125,19.625,19.6875,-8.1,12.0,0.0,0.0
16.22092,0x2B0,0.0,0.0,1.0,6.25,0.33,0.05,20.03125,20.03125,19.625,19.6875,-8.1,0.0,0.0,0.0
16.22638,0x220,0.0,0.0,1.0,6.25,0.28,0.17,20.03125,20.03125,19.625,19.6875,-8.1,0.0,0.0,0.0
16.22662,0x386,0.0,0.0,1.0,6.25,0.28,0.17,20.09375,20.0625,19.6875,19.6875,-8.1,0.0,0.0,0.0
16.22687,0x316,0.0,0.0,1.0,6.25,0.28,0.17,20.09375,20.0625,19.6875,19.6875,-8.1,0.0,0.0,0.0
16.23085,0x2B0,0.0,0.0,1.0,6.25,0.28,0.17,20.09375,20.0625,19.6875,19.6875,-7.9,8.0,0.0,0.0
16.23638,0x220,0.0,0.0,1.0,6.25,0.22,0.31,20.09375,20.0625,19.6875,19.6875,-7.9,8.0,0.0,0.0
16.23674,0x316,0.0,0.0,1.0,6.25,0.22,0.31,20.09375,20.0625,19.6875,19.6875,-7.9,8.0,0.0,0.0
16.24084,0x2B0,0.0,0.0,1.0,6.25,0.22,0.31,20.09375,20.0625,19.6875,19.6875,-7.9,8.0,0.0,0.0
16.24638,0x220,0.0,0.0,1.0,6.25,0.17,0.31,20.09375,20.0625,19.6875,19.6875,-7.9,8.0,0.0,0.0
16.24661,0x386,0.0,0.0,1.0,6.25,0.17,0.31,20.09375,20.125,19.625,19.53125,-7.9,8.0,0.0,0.0
16.24686,0x316,0.0,0.0,1.0,6.25,0.17,0.31,20.09375,20.125,19.625,19.53125,-7.9,8.0,0.0,0.0
16.25089,0x2B0,0.0,0.0,1.0,6.25,0.17,0.31,20.09375,20.125,19.625,19.53125,-7.7,8.0,0.0,0.0
16.25637,0x220,0.0,0.0,1.0,6.25,0.21,0.25,20.09375,20.125,19.625,19.53125,-7.7,8.0,0.0,0.0
16.25684,0x316,0.0,0.0,1.0,6.25,0.21,0.25,20.09375,20.125,19.625,19.53125,-7.7,8.0,0.0,0.0
16.26084,0x2B0,0.0,0.0,1.0,6.25,0.21,0.25,20.09375,20.125,19.625,19.53125,-7.7,8.0,0.0,0.0
16.26638,0x220,0.0,0.0,1.0,6.25,0.39,0.21,20.09375,20.125,19.625,19.53125,-7.7,8.0,0.0,0.0
16.26661,0x386,0.0,0.0,1.0,6.25,0.39,0.21,20.15625,20.15625,19.90625,19.6875,-7.7,8.0,0.0,0.0
16.26686,0x316,0.0,0.0,1.0,6.25,0.39,0.21,20.15625,20.15625,19.90625,19.6875,-7.7,8.0,0.0,0.0
16.27087,0x2B0,0.0,0.0,1.0,6.25,0.39,0.21,20.15625,20.15625,19.90625,19.6875,-7.6,0.0,0.0,0.0
16.27637,0x220,0.0,0.0,1.0,6.25,0.66,0.15,20.15625,20.15625,19.90625,19.6875,-7.6,0.0,0.0,0.0
16.27669,0x316,0.0,0.0,1.0,6.25,0.66,0.15,20.15625,20.15625,19.90625,19.6875,-7.6,0.0,0.0,0.0
16.28087,0x2B0,0.0,0.0,1.0,6.25,0.66,0.15,20.15625,20.15625,19.90625,19.6875,-7.4,12.0,0.0,0.0
16.28637,0x220,0.0,0.0,1.0,6.25,0.94,0.09,20.15625,20.15625,19.90625,19.6875,-7.4,12.0,0.0,0.0
16.2866,0x386,0.0,0.0,1.0,6.25,0.94,0.09,20.25,20.21875,19.9375,19.78125,-7.4,12.0,0.0,0.0
16.28684,0x316,0.0,0.0,1.0,6.25,0.94,0.09,20.25,20.21875,19.9375,19.78125,-7.4,12.0,0.0,0.0
16.29089,0x2B0,0.0,0.0,1.0,6.25,0.94,0.09,20.25,20.21875,19.9375,19.78125,-7.4,8.0,0.0,0.0
16.29637,0x220,0.0,0.0,1.0,6.25,1.22,0.09,20.25,20.21875,19.9375,19.78125,-7.4,8.0,0.0,0.0
16.29678,0x316,0.0,0.0,1.0,6.25,1.22,0.09,20.25,20.21875,19.9375,19.78125,-7.4,8.0,0.0,0.0
16.30087,0x2B0,0.0,0.0,1.0,6.25,1.22,0.09,20.25,20.21875,19.9375,19.78125,-7.2,8.0,0.0,0.0
16.30638,0x220,0.0,0.0,1.0,6.25,1.41,0.12,20.25,20.21875,19.9375,19.78125,-7.2,8.0,0.0,0.0
16.30661,0x386,0.0,0.0,1.0,6.25,1.41,0.12,20.25,20.21875,20.09375,20.0625,-7.2,8.0,0.0,0.0
16.30685,0x316,0.0,0.0,1.0,6.25,1.41,0.12,20.25,20.21875,20.09375,20.0625,-7.2,8.0,0.0,0.0
16.31084,0x2B0,0.0,0.0,1.0,6.25,1.41,0.12,20.25,20.21875,20.09375,20.0625,-7.2,8.0,0.0,0.0
16.31638,0x220,0.0,0.0,1.0,6.25,1.51,0.01,20.25,20.21875,20.09375,20.0625,-7.2,8.0,0.0,0.0
16.31696,0x316,0.0,0.0,1.0,6.25,1.51,0.01,20.25,20.21875,20.09375,20.0625,-7.2,8.0,0.0,0.0
16.32084,0x2B0,0.0,0.0,1.0,6.25,1.51,0.01,20.25,20.21875,20.09375,20.0625,-7.1,0.0,0.0,0.0
16.32637,0x220,0.0,0.0,1.0,6.25,1.44,-0.19,20.25,20.21875,20.09375,20.0625,-7.1,0.0,0.0,0.0
16.3266,0x386,0.0,0.0,1.0,6.25,1.44,-0.19,20.25,20.34375,20.0,19.96875,-7.1,0.0,0.0,0.0
16.32685,0x316,0.0,0.0,1.0,6.25,1.44,-0.19,20.25,20.34375,20.0,19.96875,-7.1,0.0,0.0,0.0
16.33081,0x2B0,0.0,0.0,1.0,6.25,1.44,-0.19,20.25,20.34375,20.0,19.96875,-7.1,0.0,0.0,0.0
16.33637,0x220,0.0,0.0,1.0,6.25,1.18,-0.35,20.25,20.34375,20.0,19.96875,-7.1,0.0,0.0,0.0
16.33685,0x316,0.0,0.0,1.0,6.25,1.18,-0.35,20.25,20.34375,20.0,19.96875,-7.1,0.0,0.0,0.0
16.34089,0x2B0,0.0,0.0,1.0,6.25,1.18,-0.35,20.25,20.34375,20.0,19.96875,-7.1,0.0,0.0,0.0
16.34637,0x220,0.0,0.0,1.0,6.25,0.88,-0.34,20.25,20.34375,20.0,19.96875,-7.1,0.0,0.0,0.0
16.34659,0x386,0.0,0.0,1.0,6.25,0.88,-0.34,20.34375,20.25,19.78125,19.84375,-7.1,0.0,0.0,0.0
16.34684,0x316,0.0,0.0,1.0,6.25,0.88,-0.34,20.34375,20.25,19.78125,19.84375,-7.1,0.0,0.0,0.0
16.35086,0x2B0,0.0,0.0,1.0,6.25,0.88,-0.34,20.34375,20.25,19.78125,19.84375,-7.0,0.0,0.0,0.0
16.35638,0x220,0.0,0.0,1.0,6.25,0.78,-0.21,20.34375,20.25,19.78125,19.84375,-7.0,0.0,0.0,0.0
16.35672,0x316,0.0,0.0,1.0,6.25,0.78,-0.21,20.34375,20.25,19.78125,19.84375,-7.0,0.0,0.0,0.0
16.36082,0x2B0,0.0,0.0,1.0,6.25,0.78,-0.21,20.34375,20.25,19.78125,19.84375,-7.0,0.0,0.0,0.0
16.36637,0x220,0.0,0.0,1.0,6.25,0.93,-0.08,20.34375,20.25,19.78125,19.84375,-7.0,0.0,0.0,0.0
16.3666,0x386,0.0,0.0,1.0,6.25,0.93,-0.08,20.4375,20.4375,19.78125,19.84375,-7.0,0.0,0.0,0.0
16.36684,0x316,0.0,0.0,1.0,6.25,0.93,-0.08,20.4375,20.4375,19.78125,19.84375,-7.0,0.0,0.0,0.0
16.37088,0x2B0,0.0,0.0,1.0,6.25,0.93,-0.08,20.4375,20.4375,19.78125,19.84375,-7.0,0.0,0.0,0.0
16.37638,0x220,0.0,0.0,1.0,6.25,1.17,-0.15,20.4375,20.4375,19.78125,19.84375,-7.0,0.0,0.0,0.0
16.37684,0x316,0.0,0.0,1.0,6.25,1.17,-0.15,20.4375,20.4375,19.78125,19.84375,-7.0,0.0,0.0,0.0
16.38082,0x2B0,0.0,0.0,1.0,6.25,1.17,-0.15,20.4375,20.4375,19.78125,19.84375,-6.8,8.0,0.0,0.0
16.38637,0x220,0.0,0.0,1.0,6.25,1.35,-0.31,20.4375,20.4375,19.78125,19.84375,-6.8,8.0,0.0,0.0
16.3866,0x386,0.0,0.0,1.0,6.25,1.35,-0.31,20.40625,20.40625,20.03125,20.28125,-6.8,8.0,0.0,0.0
16.38684,0x316,0.0,0.0,1.0,6.25,1.35,-0.31,20.40625,20.40625,20.03125,20.28125,-6.8,8.0,0.0,0.0
16.39083,0x2B0,0.0,0.0,1.0,6.25,1.35,-0.31,20.40625,20.40625,20.03125,20.28125,-6.6,20.0,0.0,0.0
16.39638,0x220,0.0,0.0,1.0,6.25,1.39,-0.22,20.40625,20.40625,20.03125,20.28125,-6.6,20.0,0.0,0.0
16.39671,0x316,0.0,0.0,1.0,6.25,1.39,-0.22,20.40625,20.40625,20.03125,20.28125,-6.6,20.0,0.0,0.0
16.40087,0x2B0,0.0,0.0,1.0,6.25,1.39,-0.22,20.40625,20.40625,20.03125,20.28125,-6.4,20.0,0.0,0.0
16.40638,0x220,0.0,0.0,1.0,6.25,1.29,0.02,20.40625,20.40625,20.03125,20.28125,-6.4,20.0,0.0,0.0
16.40661,0x386,0.0,0.0,1.0,6.25,1.29,0.02,20.46875,20.375,20.09375,20.1875,-6.4,20.0,0.0,0.0
16.40686,0x316,0.0,0.0,1.0,6.25,1.29,0.02,20.46875,20.375,20.09375,20.1875,-6.4,20.0,0.0,0.0
16.41089,0x2B0,0.0,0.0,1.0,6.25,1.29,0.02,20.46875,20.375,20.09375,20.1875,-6.2,20.0,0.0,0.0
16.41638,0x220,0.0,0.0,1.0,6.25,1.14,0.09,20.46875,20.375,20.09375,20.1875,-6.2,20.0,0.0,0.0
16.41692,0x316,0.0,0.0,1.0,6.25,1.14,0.09,20.46875,20.375,20.09375,20.1875,-6.2,20.0,0.0,0.0
16.4209,0x2B0,0.0,0.0,1.0,6.25,1.14,0.09,20.46875,20.375,20.09375,20.1875,-6.0,20.0,0.0,0.0
16.42638,0x220,0.0,0.0,1.0,6.25,1.01,-0.05,20.46875,20.375,20.09375,20.1875,-6.0,20.0,0.0,0.0
16.42661,0x386,0.0,0.0,1.0,6.25,1.01,-0.05,20.34375,20.34375,20.03125,20.125,-6.0,20.0,0.0,0.0
16.42685,0x316,0.0,0.0,1.0,6.25,1.01,-0.05,20.34375,20.34375,20.03125,20.125,-6.0,20.0,0.0,0.0
16.43087,0x2B0,0.0,0.0,1.0,6.25,1.01,-0.05,20.34375,20.34375,20.03125,20.125,-5.8,20.0,0.0,0.0
16.43638,0x220,0.0,0.0,1.0,6.25,0.93,-0.1,20.34375,20.34375,20.03125,20.125,-5.8,20.0,0.0,0.0
16.43674,0x316,0.0,0.0,1.0,6.25,0.93,-0.1,20.34375,20.34375,20.03125,20.125,-5.8,20.0,0.0,0.0
16.44091,0x2B0,0.0,0.0,1.0,6.25,0.93,-0.1,20.34375,20.34375,20.03125,20.125,-5.6,20.0,0.0,0.0
16.44638,0x220,0.0,0.0,1.0,6.25,0.93,0.05,20.34375,20.34375,20.03125,20.125,-5.6,20.0,0.0,0.0
16.44661,0x386,0.0,0.0,1.0,6.25,0.93,0.05,20.5,20.53125,19.875,19.9375,-5.6,20.0,0.0,0.0
16.44686,0x316,0.0,0.0,1.0,6.25,0.93,0.05,20.5,20.53125,19.875,19.9375,-5.6,20.0,0.0,0.0
16.45092,0x2B0,0.0,0.0,1.0,6.25,0.93,0.05,20.5,20.53125,19.875,19.9375,-5.6,8.0,0.0,0.0
16.45638,0x220,0.0,0.0,1.0,6.25,1.02,0.23,20.5,20.53125,19.875,19.9375,-5.6,8.0,0.0,0.0
16.45685,0x316,0.0,0.0,1.0,6.25,1.02,0.23,20.5,20.53125,19.875,19.9375,-5.6,8.0,0.0,0.0
16.46085,0x2B0,0.0,0.0,1.0,6.25,1.02,0.23,20.5,20.53125,19.875,19.9375,-5.2,20.0,0.0,0.0
16.46639,0x220,0.0,0.0,1.0,6.25,1.04,0.21,20.5,20.53125,19.875,19.9375,-5.2,20.0,0.0,0.0
16.46662,0x386,0.0,0.0,1.0,6.25,1.04,0.21,20.375,20.5,19.9375,19.9375,-5.2,20.0,0.0,0.0
16.46687,0x316,0.0,0.0,1.0,6.25,1.04,0.21,20.375,20.5,19.9375,19.9375,-5.2,20.0,0.0,0.0
16.47084,0x2B0,0.0,0.0,1.0,6.25,1.04,0.21,20.375,20.5,19.9375,19.9375,-5.0,28.0,0.0,0.0
16.47637,0x220,0.0,0.0,1.0,6.25,0.91,0.08,20.375,20.5,19.9375,19.9375,-5.0,28.0,0.0,0.0
16.47669,0x316,0.0,0.0,1.0,6.25,0.91,0.08,20.375,20.5,19.9375,19.9375,-5.0,28.0,0.0,0.0
16.48087,0x2B0,0.0,0.0,1.0,6.25,0.91,0.08,20.375,20.5,19.9375,19.9375,-4.8,20.0,0.0,0.0
16.48638,0x220,0.0,0.0,1.0,6.25,0.64,0.11,20.375,20.5,19.9375,19.9375,-4.8,20.0,0.0,0.0
16.48662,0x316,0.0,0.0,1.0,6.25,0.64,0.11,20.375,20.5,19.9375,19.9375,-4.8,20.0,0.0,0.0
16.48709,0x386,0.0,0.0,1.0,6.25,0.64,0.11,20.625,20.40625,19.90625,20.03125,-4.8,20.0,0.0,0.0
16.49088,0x2B0,0.0,0.0,1.0,6.25,0.64,0.11,20.625,20.40625,19.90625,20.03125,-4.6,20.0,0.0,0.0
16.49638,0x220,0.0,0.0,1.0,6.25,0.44,0.29,20.625,20.40625,19.90625,20.03125,-4.6,20.0,0.0,0.0
16.49682,0x316,0.0,0.0,1.0,6.25,0.44,0.29,20.625,20.40625,19.90625,20.03125,-4.6,20.0,0.0,0.0
16.50086,0x2B0,0.0,0.0,1.0,6.25,0.44,0.29,20.625,20.40625,19.90625,20.03125,-4.4,20.0,0.0,0.0
16.50638,0x220,0.0,0.0,1.0,6.25,0.47,0.4,20.625,20.40625,19.90625,20.03125,-4.4,20.0,0.0,0.0
16.50661,0x386,0.0,0.0,1.0,6.25,0.47,0.4,20.34375,20.4375,20.34375,20.15625,-4.4,20.0,0.0,0.0
16.50685,0x316,0.0,0.0,1.0,6.25,0.47,0.4,20.34375,20.4375,20.34375,20.15625,-4.4,20.0,0.0,0.0
16.51091,0x2B0,0.0,0.0,1.0,6.25,0.47,0.4,20.34375,20.4375,20.34375,20.15625,-4.4,8.0,0.0,0.0
16.51638,0x220,0.0,0.0,1.0,6.25,0.69,0.27,20.34375,20.4375,20.34375,20.15625,-4.4,8.0,0.0,0.0
16.51681,0x316,0.0,0.0,1.0,6.25,0.69,0.27,20.34375,20.4375,20.34375,20.15625,-4.4,8.0,0.0,0.0
16.52087,0x2B0,0.0,0.0,1.0,6.25,0.69,0.27,20.34375,20.4375,20.34375,20.15625,-4.2,8.0,0.0,0.0
16.52638,0x220,0.0,0.0,1.0,6.25,0.91,0.07,20.34375,20.4375,20.34375,20.15625,-4.2,8.0,0.0,0.0
16.52662,0x316,0.0,0.0,1.0,6.25,0.91,0.07,20.34375,20.4375,20.34375,20.15625,-4.2,8.0,0.0,0.0
16.52709,0x386,0.0,0.0,1.0,6.25,0.91,0.07,20.65625,20.5625,20.25,20.5,-4.2,8.0,0.0,0.0
16.53091,0x2B0,0.0,0.0,1.0,6.25,0.91,0.07,20.65625,20.5625,20.25,20.5,-4.2,8.0,0.0,0.0
16.53639,0x220,0.0,0.0,1.0,6.25,0.97,0.13,20.65625,20.5625,20.25,20.5,-4.2,8.0,0.0,0.0
16.53687,0x316,0.0,0.0,1.0,6.25,0.97,0.13,20.65625,20.5625,20.25,20.5,-4.2,8.0,0.0,0.0
16.54083,0x2B0,0.0,0.0,1.0,6.25,0.97,0.13,20.65625,20.5625,20.25,20.5,-4.0,8.0,0.0,0.0
16.54638,0x220,0.0,0.0,1.0,6.25,0.91,0.33,20.65625,20.5625,20.25,20.5,-4.0,8.0,0.0,0.0
16.54661,0x386,0.0,0.0,1.0,6.25,0.91,0.33,20.59375,20.5,20.1875,20.46875,-4.0,8.0,0.0,0.0
16.54685,0x316,0.0,0.0,1.0,6.25,0.91,0.33,20.59375,20.5,20.1875,20.46875,-4.0,8.0,0.0,0.0
16.55082,0x2B0,0.0,0.0,1.0,6.25,0.91,0.33,20.59375,20.5,20.1875,20.46875,-4.0,8.0,0.0,0.0
16.55638,0x220,0.0,0.0,1.0,6.25,0.79,0.43,20.59375,20.5,20.1875,20.46875,-4.0,8.0,0.0,0.0
16.55673,0x316,0.0,0.0,1.0,6.25,0.79,0.43,20.59375,20.5,20.1875,20.46875,-4.0,8.0,0.0,0.0
16.56082,0x2B0,0.0,0.0,1.0,6.25,0.79,0.43,20.59375,20.5,20.1875,20.46875,-4.0,0.0,0.0,0.0
16.56639,0x220,0.0,0.0,1.0,6.25,0.63,0.34,20.59375,20.5,20.1875,20.46875,-4.0,0.0,0.0,0.0
16.56663,0x316,0.0,0.0,1.0,6.25,0.63,0.34,20.59375,20.5,20.1875,20.46875,-4.0,0.0,0.0,0.0
16.56711,0x386,0.0,0.0,1.0,6.25,0.63,0.34,20.5625,20.6875,20.4375,20.34375,-4.0,0.0,0.0,0.0
16.57083,0x2B0,0.0,0.0,1.0,6.25,0.63,0.34,20.5625,20.6875,20.4375,20.34375,-4.0,0.0,0.0,0.0
16.57638,0x220,0.0,0.0,1.0,6.25,0.6,0.3,20.5625,20.6875,20.4375,20.34375,-4.0,0.0,0.0,0.0
16.57685,0x316,0.0,0.0,1.0,6.25,0.6,0.3,20.5625,20.6875,20.4375,20.34375,-4.0,0.0,0.0,0.0
16.58082,0x2B0,0.0,0.0,1.0,6.25,0.6,0.3,20.5625,20.6875,20.4375,20.34375,-4.0,0.0,0.0,0.0
16.58638,0x220,0.0,0.0,1.0,6.25,0.76,0.46,20.5625,20.6875,20.4375,20.34375,-4.0,0.0,0.0,0.0
16.58661,0x386,0.0,0.0,1.0,6.25,0.76,0.46,20.625,20.6875,20.375,20.28125,-4.0,0.0,0.0,0.0
16.58685,0x316,0.0,0.0,1.0,6.25,0.76,0.46,20.625,20.6875,20.375,20.28125,-4.0,0.0,0.0,0.0
16.59089,0x2B0,0.0,0.0,1.0,6.25,0.76,0.46,20.625,20.6875,20.375,20.28125,-4.0,0.0,0.0,0.0
16.59639,0x220,0.0,0.0,1.0,6.25,1.04,0.62,20.625,20.6875,20.375,20.28125,-4.0,0.0,0.0,0.0
16.59672,0x316,0.0,0.0,1.0,6.25,1.04,0.62,20.625,20.6875,20.375,20.28125,-4.0,0.0,0.0,0.0
16.60085,0x2B0,0.0,0.0,1.0,6.25,1.04,0.62,20.625,20.6875,20.375,20.28125,-3.8,8.0,0.0,0.0
16.60639,0x220,0.0,0.0,1.0,6.25,1.28,0.54,20.625,20.6875,20.375,20.28125,-3.8,8.0,0.0,0.0
16.60662,0x386,0.0,0.0,1.0,6.25,1.28,0.54,20.6875,20.75,20.59375,20.25,-3.8,8.0,0.0,0.0
16.60686,0x316,0.0,0.0,1.0,6.25,1.28,0.54,20.6875,20.75,20.59375,20.25,-3.8,8.0,0.0,0.0
16.61088,0x2B0,0.0,0.0,1.0,6.25,1.28,0.54,20.6875,20.75,20.59375,20.25,-3.8,8.0,0.0,0.0
16.61638,0x220,0.0,0.0,1.0,6.25,1.32,0.31,20.6875,20.75,20.59375,20.25,-3.8,8.0,0.0,0.0
16.61692,0x316,0.0,0.0,1.0,6.25,1.32,0.31,20.6875,20.75,20.59375,20.25,-3.8,8.0,0.0,0.0
16.62084,0x2B0,0.0,0.0,1.0,6.25,1.32,0.31,20.6875,20.75,20.59375,20.25,-3.7,0.0,0.0,0.0
16.62638,0x220,0.0,0.0,1.0,6.25,1.2,0.11,20.6875,20.75,20.59375,20.25,-3.7,0.0,0.0,0.0
16.62661,0x386,0.0,0.0,1.0,6.25,1.2,0.11,20.75,20.875,20.375,20.375,-3.7,0.0,0.0,0.0
16.62685,0x316,0.0,0.0,1.0,6.25,1.2,0.11,20.75,20.875,20.375,20.375,-3.7,0.0,0.0,0.0
16.63082,0x2B0,0.0,0.0,1.0,6.25,1.2,0.11,20.75,20.875,20.375,20.375,-3.7,0.0,0.0,0.0
16.63638,0x220,0.0,0.0,1.0,6.25,1.0,0.03,20.75,20.875,20.375,20.375,-3.7,0.0,0.0,0.0
16.63673,0x316,0.0,0.0,1.0,6.25,1.0,0.03,20.75,20.875,20.375,20.375,-3.7,0.0,0.0,0.0
16.64085,0x2B0,0.0,0.0,1.0,6.25,1.0,0.03,20.75,20.875,20.375,20.375,-3.6,0.0,0.0,0.0
16.64638,0x220,0.0,0.0,1.0,6.25,0.83,0.04,20.75,20.875,20.375,20.375,-3.6,0.0,0.0,0.0
16.64661,0x386,0.0,0.0,1.0,6.25,0.83,0.04,20.90625,20.78125,20.125,20.59375,-3.6,0.0,0.0,0.0
16.64685,0x316,0.0,0.0,1.0,6.25,0.83,0.04,20.90625,20.78125,20.125,20.59375,-3.6,0.0,0.0,0.0
16.65079,0x2B0,0.0,0.0,1.0,6.25,0.83,0.04,20.90625,20.78125,20.125,20.59375,-3.6,0.0,0.0,0.0
16.65639,0x220,0.0,0.0,1.0,6.25,0.83,0.07,20.90625,20.78125,20.125,20.59375,-3.6,0.0,0.0,0.0
16.65677,0x316,0.0,0.0,1.0,6.25,0.83,0.07,20.90625,20.78125,20.125,20.59375,-3.6,0.0,0.0,0.0
16.66081,0x2B0,0.0,0.0,1.0,6.25,0.83,0.07,20.90625,20.78125,20.125,20.59375,-3.6,0.0,0.0,0.0
16.66639,0x220,0.0,0.0,1.0,6.25,1.07,0.2,20.90625,20.78125,20.125,20.59375,-3.6,0.0,0.0,0.0
16.66662,0x386,0.0,0.0,1.0,6.25,1.07,0.2,21.125,20.90625,20.1875,20.5625,-3.6,0.0,0.0,0.0
16.66686,0x316,0.0,0.0,1.0,6.25,1.07,0.2,21.125,20.90625,20.1875,20.5625,-3.6,0.0,0.0,0.0
16.67088,0x2B0,0.0,0.0,1.0,6.25,1.07,0.2,21.125,20.90625,20.1875,20.5625,-3.6,0.0,0.0,0.0
16.67639,0x220,0.0,0.0,1.0,6.25,1.34,0.47,21.125,20.90625,20.1875,20.5625,-3.6,0.0,0.0,0.0
16.67668,0x316,0.0,0.0,1.0,6.25,1.34,0.47,21.125,20.90625,20.1875,20.5625,-3.6,0.0,0.0,0.0
16.68086,0x2B0,0.0,0.0,1.0,6.25,1.34,0.47,21.125,20.90625,20.1875,20.5625,-3.6,0.0,0.0,0.0
16.68638,0x220,0.0,0.0,1.0,6.25,1.53,0.58,21.125,20.90625,20.1875,20.5625,-3.6,0.0,0.0,0.0
16.68661,0x386,0.0,0.0,1.0,6.25,1.53,0.58,20.65625,21.0,20.1875,20.5625,-3.6,0.0,0.0,0.0
16.68685,0x316,0.0,0.0,1.0,6.25,1.53,0.58,20.65625,21.0,20.1875,20.5625,-3.6,0.0,0.0,0.0
16.69085,0x2B0,0.0,0.0,1.0,6.25,1.53,0.58,20.65625,21.0,20.1875,20.5625,-3.4,8.0,0.0,0.0
16.69639,0x220,0.0,0.0,1.0,6.25,1.49,0.35,20.65625,21.0,20.1875,20.5625,-3.4,8.0,0.0,0.0
16.69673,0x316,0.0,0.0,1.0,6.25,1.49,0.35,20.65625,21.0,20.1875,20.5625,-3.4,8.0,0.0,0.0
16.70083,0x2B0,0.0,0.0,1.0,6.25,1.49,0.35,20.65625,21.0,20.1875,20.5625,-3.4,8.0,0.0,0.0
16.70638,0x220,0.0,0.0,1.0,6.25,1.1,0.06,20.65625,21.0,20.1875,20.5625,-3.4,8.0,0.0,0.0
16.7066,0x386,0.0,0.0,1.0,6.25,1.1,0.06,21.34375,21.0625,20.34375,20.78125,-3.4,8.0,0.0,0.0
16.70684,0x316,0.0,0.0,1.0,6.25,1.1,0.06,21.34375,21.0625,20.34375,20.78125,-3.4,8.0,0.0,0.0
16.71087,0x2B0,0.0,0.0,1.0,6.25,1.1,0.06,21.34375,21.0625,20.34375,20.78125,-3.4,0.0,0.0,0.0
16.71639,0x220,0.0,0.0,1.0,6.25,0.62,0.12,21.34375,21.0625,20.34375,20.78125,-3.4,0.0,0.0,0.0
16.71683,0x316,0.0,0.0,1.0,6.25,0.62,0.12,21.34375,21.0625,20.34375,20.78125,-3.4,0.0,0.0,0.0
16.72087,0x2B0,0.0,0.0,1.0,6.25,0.62,0.12,21.34375,21.0625,20.34375,20.78125,-3.3,0.0,0.0,0.0
16.72639,0x220,0.0,0.0,1.0,6.25,0.43,0.36,21.34375,21.0625,20.34375,20.78125,-3.3,0.0,0.0,0.0
16.72663,0x316,0.0,0.0,1.0,6.25,0.43,0.36,21.34375,21.0625,20.34375,20.78125,-3.3,0.0,0.0,0.0
16.72711,0x386,0.0,0.0,1.0,6.25,0.43,0.36,20.75,21.09375,20.3125,20.6875,-3.3,0.0,0.0,0.0
16.73083,0x2B0,0.0,0.0,1.0,6.25,0.43,0.36,20.75,21.09375,20.3125,20.6875,-3.3,0.0,0.0,0.0
16.73639,0x220,0.0,0.0,1.0,6.25,0.67,0.55,20.75,21.09375,20.3125,20.6875,-3.3,0.0,0.0,0.0
16.73682,0x316,0.0,0.0,1.0,6.25,0.67,0.55,20.75,21.09375,20.3125,20.6875,-3.3,0.0,0.0,0.0
16.74086,0x2B0,0.0,0.0,1.0,6.25,0.67,0.55,20.75,21.09375,20.3125,20.6875,-3.2,0.0,0.0,0.0
16.74639,0x220,0.0,0.0,1.0,6.25,1.17,0.45,20.75,21.09375,20.3125,20.6875,-3.2,0.0,0.0,0.0
16.74661,0x386,0.0,0.0,1.0,6.25,1.17,0.45,20.15625,21.40625,20.28125,20.53125,-3.2,0.0,0.0,0.0
16.74686,0x316,0.0,0.0,1.0,6.25,1.17,0.45,20.15625,21.40625,20.28125,20.53125,-3.2,0.0,0.0,0.0
16.7509,0x2B0,0.0,0.0,1.0,6.25,1.17,0.45,20.15625,21.40625,20.28125,20.53125,-3.2,0.0,0.0,0.0
16.75639,0x220,0.0,0.0,1.0,6.25,1.64,0.03,20.15625,21.40625,20.28125,20.53125,-3.2,0.0,0.0,0.0
16.75671,0x316,0.0,0.0,1.0,6.25,1.64,0.03,20.15625,21.40625,20.28125,20.53125,-3.2,0.0,0.0,0.0
16.76087,0x2B0,0.0,0.0,1.0,6.25,1.64,0.03,20.15625,21.40625,20.28125,20.53125,-2.8,20.0,0.0,0.0
16.76639,0x220,0.0,0.0,1.0,6.25,1.85,-0.3,20.15625,21.40625,20.28125,20.53125,-2.8,20.0,0.0,0.0
16.76664,0x316,0.0,0.0,1.0,6.25,1.85,-0.3,20.15625,21.40625,20.28125,20.53125,-2.8,20.0,0.0,0.0
16.76711,0x386,0.0,0.0,1.0,6.25,1.85,-0.3,21.28125,20.9375,20.40625,20.46875,-2.8,20.0,0.0,0.0
16.77086,0x2B0,0.0,0.0,1.0,6.25,1.85,-0.3,21.28125,20.9375,20.40625,20.46875,-2.6,28.0,0.0,0.0
16.77638,0x220,0.0,0.0,1.0,6.25,1.8,-0.22,21.28125,20.9375,20.40625,20.46875,-2.6,28.0,0.0,0.0
16.77676,0x316,0.0,0.0,1.0,6.25,1.8,-0.22,21.28125,20.9375,20.40625,20.46875,-2.6,28.0,0.0,0.0
16.78085,0x2B0,0.0,0.0,1.0,6.25,1.8,-0.22,21.28125,20.9375,20.40625,20.46875,-2.3,24.0,0.0,0.0
16.78639,0x220,0.0,0.0,1.0,6.25,1.74,0.02,21.28125,20.9375,20.40625,20.46875,-2.3,24.0,0.0,0.0
16.78663,0x386,0.0,0.0,1.0,6.25,1.74,0.02,21.0,21.0,20.59375,20.46875,-2.3,24.0,0.0,0.0
16.78687,0x316,0.0,0.0,1.0,6.25,1.74,0.02,21.0,21.0,20.59375,20.46875,-2.3,24.0,0.0,0.0
16.79084,0x2B0,0.0,0.0,1.0,6.25,1.74,0.02,21.0,21.0,20.59375,20.46875,-2.2,20.0,0.0,0.0
16.79639,0x220,0.0,0.0,1.0,6.25,1.83,0.02,21.0,21.0,20.59375,20.46875,-2.2,20.0,0.0,0.0
16.7967,0x316,0.0,0.0,1.0,6.25,1.83,0.02,21.0,21.0,20.59375,20.46875,-2.2,20.0,0.0,0.0
16.80086,0x2B0,0.0,0.0,1.0,6.25,1.83,0.02,21.0,21.0,20.59375,20.46875,-2.0,12.0,0.0,0.0
16.80639,0x220,0.0,0.0,1.0,6.25,2.07,-0.31,21.0,21.0,20.59375,20.46875,-2.0,12.0,0.0,0.0
16.80662,0x386,0.0,0.0,1.0,6.25,2.07,-0.31,21.09375,21.3125,20.75,20.8125,-2.0,12.0,0.0,0.0
16.80686,0x316,0.0,0.0,1.0,6.25,2.07,-0.31,21.09375,21.3125,20.75,20.8125,-2.0,12.0,0.0,0.0
16.81081,0x2B0,0.0,0.0,1.0,6.25,2.07,-0.31,21.09375,21.3125,20.75,20.8125,-1.9,12.0,0.0,0.0
16.81639,0x220,0.0,0.0,1.0,6.25,2.36,-0.64,21.09375,21.3125,20.75,20.8125,-1.9,12.0,0.0,0.0
16.81687,0x316,0.0,0.0,1.0,6.25,2.36,-0.64,21.09375,21.3125,20.75,20.8125,-1.9,12.0,0.0,0.0
16.82085,0x2B0,0.0,0.0,1.0,6.25,2.36,-0.64,21.09375,21.3125,20.75,20.8125,-1.6,20.0,0.0,0.0
16.82639,0x220,0.0,0.0,1.0,6.25,2.53,-0.76,21.09375,21.3125,20.75,20.8125,-1.6,20.0,0.0,0.0
16.82662,0x386,0.0,0.0,1.0,6.25,2.53,-0.76,20.84375,21.09375,20.90625,21.03125,-1.6,20.0,0.0,0.0
16.82686,0x316,0.0,0.0,1.0,6.25,2.53,-0.76,20.84375,21.09375,20.90625,21.03125,-1.6,20.0,0.0,0.0
16.83088,0x2B0,0.0,0.0,1.0,6.25,2.53,-0.76,20.84375,21.09375,20.90625,21.03125,-1.6,12.0,0.0,0.0
16.83639,0x220,0.0,0.0,1.0,6.25,2.49,-0.73,20.84375,21.09375,20.90625,21.03125,-1.6,12.0,0.0,0.0
16.8367,0x316,0.0,0.0,1.0,6.25,2.49,-0.73,20.84375,21.09375,20.90625,21.03125,-1.6,12.0,0.0,0.0
16.84084,0x2B0,0.0,0.0,1.0,6.25,2.49,-0.73,20.84375,21.09375,20.90625,21.03125,-1.4,8.0,0.0,0.0
16.84638,0x220,0.0,0.0,1.0,6.25,2.25,-0.66,20.84375,21.09375,20.90625,21.03125,-1.4,8.0,0.0,0.0
16.84661,0x386,0.0,0.0,1.0,6.25,2.25,-0.66,21.15625,21.03125,21.25,20.875,-1.4,8.0,0.0,0.0
16.84685,0x316,0.0,0.0,1.0,6.25,2.25,-0.66,21.15625,21.03125,21.25,20.875,-1.4,8.0,0.0,0.0
16.85084,0x2B0,0.0,0.0,1.0,6.25,2.25,-0.66,21.15625,21.03125,21.25,20.875,-1.2,20.0,0.0,0.0
16.85639,0x220,0.0,0.0,1.0,6.25,1.88,-0.71,21.15625,21.03125,21.25,20.875,-1.2,20.0,0.0,0.0
16.85671,0x316,0.0,0.0,1.0,6.25,1.88,-0.71,21.15625,21.03125,21.25,20.875,-1.2,20.0,0.0,0.0
16.86087,0x2B0,0.0,0.0,1.0,6.25,1.88,-0.71,21.15625,21.03125,21.25,20.875,-1.2,8.0,0.0,0.0
16.86639,0x220,0.0,0.0,1.0,6.25,1.62,-0.84,21.15625,21.03125,21.25,20.875,-1.2,8.0,0.0,0.0
16.86663,0x386,0.0,0.0,1.0,6.25,1.62,-0.84,21.15625,21.21875,21.25,21.21875,-1.2,8.0,0.0,0.0
16.86687,0x316,0.0,0.0,1.0,6.25,1.62,-0.84,21.15625,21.21875,21.25,21.21875,-1.2,8.0,0.0,0.0
16.87081,0x2B0,0.0,0.0,1.0,6.25,1.62,-0.84,21.15625,21.21875,21.25,21.21875,-1.0,8.0,0.0,0.0
16.87639,0x220,0.0,0.0,1.0,6.25,1.58,-1.05,21.15625,21.21875,21.25,21.21875,-1.0,8.0,0.0,0.0
16.87668,0x316,0.0,0.0,1.0,6.25,1.58,-1.05,21.15625,21.21875,21.25,21.21875,-1.0,8.0,0.0,0.0
16.88082,0x2B0,0.0,0.0,1.0,6.25,1.58,-1.05,21.15625,21.21875,21.25,21.21875,-0.8,20.0,0.0,0.0
16.88639,0x220,0.0,0.0,1.0,6.25,1.65,-1.23,21.15625,21.21875,21.25,21.21875,-0.8,20.0,0.0,0.0
16.88662,0x386,0.0,0.0,1.0,6.25,1.65,-1.23,21.21875,21.40625,21.34375,21.28125,-0.8,20.0,0.0,0.0
16.88686,0x316,0.0,0.0,1.0,6.25,1.65,-1.23,21.21875,21.40625,21.34375,21.28125,-0.8,20.0,0.0,0.0
16.89082,0x2B0,0.0,0.0,1.0,6.25,1.65,-1.23,21.21875,21.40625,21.34375,21.28125,-0.5,24.0,0.0,0.0
16.89639,0x220,0.0,0.0,1.0,6.25,1.73,-1.12,21.21875,21.40625,21.34375,21.28125,-0.5,24.0,0.0,0.0
16.89668,0x316,0.0,0.0,1.0,6.25,1.73,-1.12,21.21875,21.40625,21.34375,21.28125,-0.5,24.0,0.0,0.0
16.9008,0x2B0,0.0,0.0,1.0,6.25,1.73,-1.12,21.21875,21.40625,21.34375,21.28125,-0.1,32.0,0.0,0.0
16.90639,0x220,0.0,0.0,1.0,6.25,1.81,-0.77,21.21875,21.40625,21.34375,21.28125,-0.1,32.0,0.0,0.0
16.90662,0x386,0.0,0.0,1.0,6.25,1.81,-0.77,21.53125,21.5,21.34375,21.3125,-0.1,32.0,0.0,0.0
16.90686,0x316,0.0,0.0,1.0,6.25,1.81,-0.77,21.53125,21.5,21.34375,21.3125,-0.1,32.0,0.0,0.0
16.91087,0x2B0,0.0,0.0,1.0,6.25,1.81,-0.77,21.53125,21.5,21.34375,21.3125,0.3,40.0,0.0,0.0
16.91639,0x220,0.0,0.0,1.0,6.25,1.78,-0.41,21.53125,21.5,21.34375,21.3125,0.3,40.0,0.0,0.0
16.91682,0x316,0.0,0.0,1.0,6.25,1.78,-0.41,21.53125,21.5,21.34375,21.3125,0.3,40.0,0.0,0.0
16.92085,0x2B0,0.0,0.0,1.0,6.25,1.78,-0.41,21.53125,21.5,21.34375,21.3125,0.7,40.0,0.0,0.0
16.92638,0x220,0.0,0.0,1.0,6.25,1.67,-0.32,21.53125,21.5,21.34375,21.3125,0.7,40.0,0.0,0.0
16.92662,0x386,0.0,0.0,1.0,6.25,1.67,-0.32,21.625,21.53125,21.3125,21.125,0.7,40.0,0.0,0.0
16.92686,0x316,0.0,0.0,1.0,6.25,1.67,-0.32,21.625,21.53125,21.3125,21.125,0.7,40.0,0.0,0.0
16.93085,0x2B0,0.0,0.0,1.0,6.25,1.67,-0.32,21.625,21.53125,21.3125,21.125,1.2,44.0,0.0,0.0
16.93639,0x220,0.0,0.0,1.0,6.25,1.49,-0.44,21.625,21.53125,21.3125,21.125,1.2,44.0,0.0,0.0
16.9367,0x316,0.0,0.0,1.0,6.25,1.49,-0.44,21.625,21.53125,21.3125,21.125,1.2,44.0,0.0,0.0
16.94084,0x2B0,0.0,0.0,1.0,6.25,1.49,-0.44,21.625,21.53125,21.3125,21.125,1.7,48.0,0.0,0.0
16.94639,0x220,0.0,0.0,1.0,6.25,1.21,-0.51,21.625,21.53125,21.3125,21.125,1.7,48.0,0.0,0.0
16.94662,0x386,0.0,0.0,1.0,6.25,1.21,-0.51,21.84375,21.78125,21.21875,21.21875,1.7,48.0,0.0,0.0
16.94709,0x316,0.0,0.0,1.0,6.25,1.21,-0.51,21.84375,21.78125,21.21875,21.21875,1.7,48.0,0.0,0.0
16.95084,0x2B0,0.0,0.0,1.0,6.25,1.21,-0.51,21.84375,21.78125,21.21875,21.21875,2.1,44.0,0.0,0.0
16.9564,0x220,0.0,0.0,1.0,6.25,1.01,-0.42,21.84375,21.78125,21.21875,21.21875,2.1,44.0,0.0,0.0
16.95669,0x316,0.0,0.0,1.0,6.25,1.01,-0.42,21.84375,21.78125,21.21875,21.21875,2.1,44.0,0.0,0.0
16.96081,0x2B0,0.0,0.0,1.0,6.25,1.01,-0.42,21.84375,21.78125,21.21875,21.21875,2.6,44.0,0.0,0.0
16.9664,0x220,0.0,0.0,1.0,6.25,0.96,-0.16,21.84375,21.78125,21.21875,21.21875,2.6,44.0,0.0,0.0
16.96665,0x316,0.0,0.0,1.0,6.25,0.96,-0.16,21.84375,21.78125,21.21875,21.21875,2.6,44.0,0.0,0.0
16.96712,0x386,0.0,0.0,1.0,6.25,0.96,-0.16,21.75,21.9375,21.15625,21.25,2.6,44.0,0.0,0.0
16.9708,0x2B0,0.0,0.0,1.0,6.25,0.96,-0.16,21.75,21.9375,21.15625,21.25,2.9,40.0,0.0,0.0
16.97639,0x220,0.0,0.0,1.0,6.25,1.06,0.05,21.75,21.9375,21.15625,21.25,2.9,40.0,0.0,0.0
16.97667,0x316,0.0,0.0,1.0,6.25,1.06,0.05,21.75,21.9375,21.15625,21.25,2.9,40.0,0.0,0.0
16.9808,0x2B0,0.0,0.0,1.0,6.25,1.06,0.05,21.75,21.9375,21.15625,21.25,3.2,28.0,0.0,0.0
16.98639,0x220,0.0,0.0,1.0,6.25,1.25,0.27,21.75,21.9375,21.15625,21.25,3.2,28.0,0.0,0.0
16.98663,0x386,0.0,0.0,1.0,6.25,1.25,0.27,21.96875,21.90625,21.46875,21.28125,3.2,28.0,0.0,0.0
16.98687,0x316,0.0,0.0,1.0,6.25,1.25,0.27,21.96875,21.90625,21.46875,21.28125,3.2,28.0,0.0,0.0
16.99088,0x2B0,0.0,0.0,1.0,6.25,1.25,0.27,21.96875,21.90625,21.46875,21.28125,3.6,32.0,0.0,0.0
16.99639,0x220,0.0,0.0,1.0,6.25,1.33,0.35,21.96875,21.90625,21.46875,21.28125,3.6,32.0,0.0,0.0
16.99671,0x316,0.0,0.0,1.0,6.25,1.33,0.35,21.96875,21.90625,21.46875,21.28125,3.6,32.0,0.0,0.0
17.00085,0x2B0,0.0,0.0,1.0,6.25,1.33,0.35,21.96875,21.90625,21.46875,21.28125,3.7,24.0,0.0,0.0
17.00638,0x220,0.0,0.0,1.0,6.25,1.23,0.28,21.96875,21.90625,21.46875,21.28125,3.7,24.0,0.0,0.0
17.00661,0x386,0.0,0.0,1.0,6.25,1.23,0.28,22.09375,22.0625,21.28125,21.40625,3.7,24.0,0.0,0.0
17.00685,0x316,0.0,0.0,1.0,6.25,1.23,0.28,22.09375,22.0625,21.28125,21.40625,3.7,24.0,0.0,0.0
17.01086,0x2B0,0.0,0.0,1.0,6.25,1.23,0.28,22.09375,22.0625,21.28125,21.40625,3.9,12.0,0.0,0.0
17.0164,0x220,0.0,0.0,1.0,6.25,0.97,0.19,22.09375,22.0625,21.28125,21.40625,3.9,12.0,0.0,0.0
17.0168,0x316,0.0,0.0,1.0,6.25,0.97,0.19,22.09375,22.0625,21.28125,21.40625,3.9,12.0,0.0,0.0
17.02082,0x2B0,0.0,0.0,1.0,6.25,0.97,0.19,22.09375,22.0625,21.28125,21.40625,3.9,8.0,0.0,0.0
17.02639,0x220,0.0,0.0,1.0,6.25,0.68,0.24,22.09375,22.0625,21.28125,21.40625,3.9,8.0,0.0,0.0
17.02662,0x386,0.0,0.0,1.0,6.25,0.68,0.24,22.03125,21.96875,21.34375,21.5625,3.9,8.0,0.0,0.0
17.02686,0x316,0.0,0.0,1.0,6.25,0.68,0.24,22.03125,21.96875,21.34375,21.5625,3.9,8.0,0.0,0.0
17.03081,0x2B0,0.0,0.0,1.0,6.25,0.68,0.24,22.03125,21.96875,21.34375,21.5625,3.9,0.0,0.0,0.0
17.03639,0x220,0.0,0.0,1.0,6.25,0.61,0.46,22.03125,21.96875,21.34375,21.5625,3.9,0.0,0.0,0.0
17.03676,0x316,0.0,0.0,1.0,6.25,0.61,0.46,22.03125,21.96875,21.34375,21.5625,3.9,0.0,0.0,0.0
17.0408,0x2B0,0.0,0.0,1.0,6.25,0.61,0.46,22.03125,21.96875,21.34375,21.5625,3.9,0.0,0.0,0.0
17.0464,0x220,0.0,0.0,1.0,6.25,0.85,0.64,22.03125,21.96875,21.34375,21.5625,3.9,0.0,0.0,0.0
17.04662,0x386,0.0,0.0,1.0,6.25,0.85,0.64,22.28125,22.21875,21.875,21.75,3.9,0.0,0.0,0.0
17.04687,0x316,0.0,0.0,1.0,6.25,0.85,0.64,22.28125,22.21875,21.875,21.75,3.9,0.0,0.0,0.0
17.05081,0x2B0,0.0,0.0,1.0,6.25,0.85,0.64,22.28125,22.21875,21.875,21.75,3.9,0.0,0.0,0.0
17.05639,0x220,0.0,0.0,1.0,6.25,1.21,0.68,22.28125,22.21875,21.875,21.75,3.9,0.0,0.0,0.0
17.05667,0x316,0.0,0.0,1.0,6.25,1.21,0.68,22.28125,22.21875,21.875,21.75,3.9,0.0,0.0,0.0
17.06081,0x2B0,0.0,0.0,1.0,6.25,1.21,0.68,22.28125,22.21875,21.875,21.75,3.9,0.0,0.0,0.0
17.0664,0x220,0.0,0.0,1.0,6.25,1.46,0.5,22.28125,22.21875,21.875,21.75,3.9,0.0,0.0,0.0
17.06663,0x386,0.0,0.0,1.0,6.25,1.46,0.5,22.125,22.125,22.03125,21.71875,3.9,0.0,0.0,0.0
17.06687,0x316,0.0,0.0,1.0,6.25,1.46,0.5,22.125,22.125,22.03125,21.71875,3.9,0.0,0.0,0.0
17.07081,0x2B0,0.0,0.0,1.0,6.25,1.46,0.5,22.125,22.125,22.03125,21.71875,3.9,0.0,0.0,0.0
17.07639,0x220,0.0,0.0,1.0,6.25,1.49,0.36,22.125,22.125,22.03125,21.71875,3.9,0.0,0.0,0.0
17.07671,0x316,0.0,0.0,1.0,6.25,1.49,0.36,22.125,22.125,22.03125,21.71875,3.9,0.0,0.0,0.0
17.0808,0x2B0,0.0,0.0,1.0,6.25,1.49,0.36,22.125,22.125,22.03125,21.71875,3.9,0.0,0.0,0.0
17.08639,0x220,0.0,0.0,1.0,6.25,1.31,0.46,22.125,22.125,22.03125,21.71875,3.9,0.0,0.0,0.0
17.08663,0x316,0.0,0.0,1.0,6.25,1.31,0.46,22.125,22.125,22.03125,21.71875,3.9,0.0,0.0,0.0
17.08711,0x386,0.0,0.0,1.0,6.25,1.31,0.46,22.46875,22.375,21.8125,22.375,3.9,0.0,0.0,0.0
17.09081,0x2B0,0.0,0.0,1.0,6.25,1.31,0.46,22.46875,22.375,21.8125,22.375,3.9,0.0,0.0,0.0
17.09639,0x220,0.0,0.0,1.0,6.25,1.06,0.66,22.46875,22.375,21.8125,22.375,3.9,0.0,0.0,0.0
17.09664,0x316,0.0,0.0,1.0,6.25,1.06,0.66,22.46875,22.375,21.8125,22.375,3.9,0.0,0.0,0.0
17.10081,0x2B0,0.0,0.0,1.0,6.25,1.06,0.66,22.46875,22.375,21.8125,22.375,3.9,0.0,0.0,0.0
17.1064,0x220,0.0,0.0,1.0,6.25,0.96,0.72,22.46875,22.375,21.8125,22.375,3.9,0.0,0.0,0.0
17.10663,0x386,0.0,0.0,1.0,6.25,0.96,0.72,22.3125,22.40625,21.8125,22.25,3.9,0.0,0.0,0.0
17.10687,0x316,0.0,0.0,1.0,6.25,0.96,0.72,22.3125,22.40625,21.8125,22.25,3.9,0.0,0.0,0.0
17.1108,0x2B0,0.0,0.0,1.0,6.25,0.96,0.72,22.3125,22.40625,21.8125,22.25,3.9,0.0,0.0,0.0
17.11639,0x220,0.0,0.0,1.0,6.25,1.01,0.65,22.3125,22.40625,21.8125,22.25,3.9,0.0,0.0,0.0
17.11688,0x316,0.0,0.0,1.0,6.25,1.01,0.65,22.3125,22.40625,21.8125,22.25,3.9,0.0,0.0,0.0
17.12081,0x2B0,0.0,0.0,1.0,6.25,1.01,0.65,22.3125,22.40625,21.8125,22.25,3.9,0.0,0.0,0.0
17.12639,0x220,0.0,0.0,1.0,6.25,1.09,0.67,22.3125,22.40625,21.8125,22.25,3.9,0.0,0.0,0.0
17.12663,0x316,0.0,0.0,1.0,6.25,1.09,0.67,22.3125,22.40625,21.8125,22.25,3.9,0.0,0.0,0.0
17.12711,0x386,0.0,0.0,1.0,6.25,1.09,0.67,22.5,22.46875,22.1875,22.1875,3.9,0.0,0.0,0.0
17.1308,0x2B0,0.0,0.0,1.0,6.25,1.09,0.67,22.5,22.46875,22.1875,22.1875,3.9,0.0,0.0,0.0
17.1364,0x220,0.0,0.0,1.0,6.25,1.13,0.87,22.5,22.46875,22.1875,22.1875,3.9,0.0,0.0,0.0
17.13668,0x316,0.0,0.0,1.0,6.25,1.13,0.87,22.5,22.46875,22.1875,22.1875,3.9,0.0,0.0,0.0
17.14081,0x2B0,0.0,0.0,1.0,6.25,1.13,0.87,22.5,22.46875,22.1875,22.1875,3.9,0.0,0.0,0.0
17.14639,0x220,0.0,0.0,1.0,6.25,1.1,1.04,22.5,22.46875,22.1875,22.1875,3.9,0.0,0.0,0.0
17.14662,0x386,0.0,0.0,1.0,6.25,1.1,1.04,22.5,22.59375,22.25,22.375,3.9,0.0,0.0,0.0
17.14686,0x316,0.0,0.0,1.0,6.25,1.1,1.04,22.5,22.59375,22.25,22.375,3.9,0.0,0.0,0.0
17.15081,0x2B0,0.0,0.0,1.0,6.25,1.1,1.04,22.5,22.59375,22.25,22.375,3.9,0.0,0.0,0.0
17.1564,0x220,0.0,0.0,1.0,6.25,1.02,1.07,22.5,22.59375,22.25,22.375,3.9,0.0,0.0,0.0
17.15676,0x316,0.0,0.0,1.0,6.25,1.02,1.07,22.5,22.59375,22.25,22.375,3.9,0.0,0.0,0.0
17.16082,0x2B0,0.0,0.0,1.0,6.25,1.02,1.07,22.5,22.59375,22.25,22.375,3.9,0.0,0.0,0.0
17.1664,0x220,0.0,0.0,1.0,6.25,1.01,1.05,22.5,22.59375,22.25,22.375,3.9,0.0,0.0,0.0
17.16664,0x316,0.0,0.0,1.0,6.25,1.01,1.05,22.5,22.59375,22.25,22.375,3.9,0.0,0.0,0.0
17.16711,0x386,0.0,0.0,1.0,6.25,1.01,1.05,22.46875,22.59375,21.625,22.5,3.9,0.0,0.0,0.0
17.17082,0x2B0,0.0,0.0,1.0,6.25,1.01,1.05,22.46875,22.59375,21.625,22.5,3.9,0.0,0.0,0.0
17.17639,0x220,0.0,0.0,1.0,6.25,1.2,1.15,22.46875,22.59375,21.625,22.5,3.9,0.0,0.0,0.0
17.17668,0x316,0.0,0.0,1.0,6.25,1.2,1.15,22.46875,22.59375,21.625,22.5,3.9,0.0,0.0,0.0
17.18082,0x2B0,0.0,0.0,1.0,6.25,1.2,1.15,22.46875,22.59375,21.625,22.5,3.9,0.0,0.0,0.0
17.18639,0x220,0.0,0.0,1.0,6.25,1.59,1.24,22.46875,22.59375,21.625,22.5,3.9,0.0,0.0,0.0
17.18662,0x386,0.0,0.0,1.0,6.25,1.59,1.24,22.71875,22.75,21.71875,22.0,3.9,0.0,0.0,0.0
17.18687,0x316,0.0,0.0,1.0,6.25,1.59,1.24,22.71875,22.75,21.71875,22.0,3.9,0.0,0.0,0.0
17.19082,0x2B0,0.0,0.0,1.0,6.25,1.59,1.24,22.71875,22.75,21.71875,22.0,3.9,0.0,0.0,0.0
17.1964,0x220,0.0,0.0,1.0,6.25,1.93,1.13,22.71875,22.75,21.71875,22.0,3.9,0.0,0.0,0.0
17.19675,0x316,0.0,0.0,1.0,6.25,1.93,1.13,22.71875,22.75,21.71875,22.0,3.9,0.0,0.0,0.0
17.20081,0x2B0,0.0,0.0,1.0,6.25,1.93,1.13,22.71875,22.75,21.71875,22.0,3.9,0.0,0.0,0.0
17.20639,0x220,0.0,0.0,1.0,6.25,2.06,0.84,22.71875,22.75,21.71875,22.0,3.9,0.0,0.0,0.0
17.20664,0x316,0.0,0.0,1.0,6.25,2.06,0.84,22.71875,22.75,21.71875,22.0,3.9,0.0,0.0,0.0
17.20711,0x386,0.0,0.0,1.0,6.25,2.06,0.84,22.6875,22.875,21.875,22.1875,3.9,0.0,0.0,0.0
17.21081,0x2B0,0.0,0.0,1.0,6.25,2.06,0.84,22.6875,22.875,21.875,22.1875,3.9,0.0,0.0,0.0
17.2164,0x220,0.0,0.0,1.0,6.25,1.93,0.62,22.6875,22.875,21.875,22.1875,3.9,0.0,0.0,0.0
17.2168,0x316,0.0,0.0,1.0,6.25,1.93,0.62,22.6875,22.875,21.875,22.1875,3.9,0.0,0.0,0.0
17.22081,0x2B0,0.0,0.0,1.0,6.25,1.93,0.62,22.6875,22.875,21.875,22.1875,3.9,0.0,0.0,0.0
17.22639,0x220,0.0,0.0,1.0,6.25,1.73,0.73,22.6875,22.875,21.875,22.1875,3.9,0.0,0.0,0.0
17.22662,0x386,0.0,0.0,1.0,6.25,1.73,0.73,22.9375,22.8125,21.6875,22.75,3.9,0.0,0.0,0.0
17.22686,0x316,0.0,0.0,1.0,6.25,1.73,0.73,22.9375,22.8125,21.6875,22.75,3.9,0.0,0.0,0.0
17.23081,0x2B0,0.0,0.0,1.0,6.25,1.73,0.73,22.9375,22.8125,21.6875,22.75,3.9,0.0,0.0,0.0
17.2364,0x220,0.0,0.0,1.0,6.25,1.7,0.98,22.9375,22.8125,21.6875,22.75,3.9,0.0,0.0,0.0
17.23679,0x316,0.0,0.0,1.0,6.25,1.7,0.98,22.9375,22.8125,21.6875,22.75,3.9,0.0,0.0,0.0
17.24081,0x2B0,0.0,0.0,1.0,6.25,1.7,0.98,22.9375,22.8125,21.6875,22.75,3.9,0.0,0.0,0.0
17.2464,0x220,0.0,0.0,1.0,6.25,1.91,0.99,22.9375,22.8125,21.6875,22.75,3.9,0.0,0.0,0.0
17.24663,0x386,0.0,0.0,1.0,6.25,1.91,0.99,22.8125,23.09375,22.34375,22.5,3.9,0.0,0.0,0.0
17.24687,0x316,0.0,0.0,1.0,6.25,1.91,0.99,22.8125,23.09375,22.34375,22.5,3.9,0.0,0.0,0.0
17.25082,0x2B0,0.0,0.0,1.0,6.25,1.91,0.99,22.8125,23.09375,22.34375,22.5,3.9,0.0,0.0,0.0
17.2564,0x220,0.0,0.0,1.0,6.25,2.3,0.69,22.8125,23.09375,22.34375,22.5,3.9,0.0,0.0,0.0
17.25667,0x316,0.0,0.0,1.0,6.25,2.3,0.69,22.8125,23.09375,22.34375,22.5,3.9,0.0,0.0,0.0
17.26081,0x2B0,0.0,0.0,1.0,6.25,2.3,0.69,22.8125,23.09375,22.34375,22.5,3.9,0.0,0.0,0.0
17.2664,0x220,0.0,0.0,1.0,6.25,2.64,0.35,22.8125,23.09375,22.34375,22.5,3.9,0.0,0.0,0.0
17.26665,0x316,0.0,0.0,1.0,6.25,2.64,0.35,22.8125,23.09375,22.34375,22.5,3.9,0.0,0.0,0.0
17.26711,0x386,0.0,0.0,1.0,6.25,2.64,0.35,22.875,23.0625,22.40625,22.34375,3.9,0.0,0.0,0.0
17.27081,0x2B0,0.0,0.0,1.0,6.25,2.64,0.35,22.875,23.0625,22.40625,22.34375,3.9,0.0,0.0,0.0
17.2764,0x220,0.0,0.0,1.0,6.25,2.86,0.25,22.875,23.0625,22.40625,22.34375,3.9,0.0,0.0,0.0
17.27668,0x316,0.0,0.0,1.0,6.25,2.86,0.25,22.875,23.0625,22.40625,22.34375,3.9,0.0,0.0,0.0
17.28081,0x2B0,0.0,0.0,1.0,6.25,2.86,0.25,22.875,23.0625,22.40625,22.34375,3.9,0.0,0.0,0.0
17.2864,0x220,0.0,0.0,1.0,6.25,2.96,0.3,22.875,23.0625,22.40625,22.34375,3.9,0.0,0.0,0.0
17.28664,0x316,0.0,0.0,1.0,6.25,2.96,0.3,22.875,23.0625,22.40625,22.34375,3.9,0.0,0.0,0.0
17.28711,0x386,0.0,0.0,1.0,6.25,2.96,0.3,22.625,22.9375,22.21875,22.9375,3.9,0.0,0.0,0.0
17.29088,0x2B0,0.0,0.0,1.0,6.25,2.96,0.3,22.625,22.9375,22.21875,22.9375,3.9,0.0,0.0,0.0
17.2964,0x220,0.0,0.0,1.0,6.25,2.99,0.2,22.625,22.9375,22.21875,22.9375,3.9,0.0,0.0,0.0
17.29669,0x316,0.0,0.0,1.0,6.25,2.99,0.2,22.625,22.9375,22.21875,22.9375,3.9,0.0,0.0,0.0
17.30086,0x2B0,0.0,0.0,1.0,6.25,2.99,0.2,22.625,22.9375,22.21875,22.9375,3.8,0.0,0.0,0.0
17.30639,0x220,0.0,0.0,1.0,6.25,2.95,-0.03,22.625,22.9375,22.21875,22.9375,3.8,0.0,0.0,0.0
17.30662,0x386,0.0,0.0,1.0,6.25,2.95,-0.03,22.90625,23.59375,22.34375,23.125,3.8,0.0,0.0,0.0
17.30686,0x316,0.0,0.0,1.0,6.25,2.95,-0.03,22.90625,23.59375,22.34375,23.125,3.8,0.0,0.0,0.0
17.31086,0x2B0,0.0,0.0,1.0,6.25,2.95,-0.03,22.90625,23.59375,22.34375,23.125,3.8,0.0,0.0,0.0
17.3164,0x220,0.0,0.0,1.0,6.25,2.82,-0.38,22.90625,23.59375,22.34375,23.125,3.8,0.0,0.0,0.0
17.31703,0x316,0.0,0.0,1.0,6.25,2.82,-0.38,22.90625,23.59375,22.34375,23.125,3.8,0.0,0.0,0.0
17.32086,0x2B0,0.0,0.0,1.0,6.25,2.82,-0.38,22.90625,23.59375,22.34375,23.125,3.7,0.0,0.0,0.0
17.32639,0x220,0.0,0.0,1.0,6.25,2.63,-0.65,22.90625,23.59375,22.34375,23.125,3.7,0.0,0.0,0.0
17.32663,0x316,0.0,0.0,1.0,6.25,2.63,-0.65,22.90625,23.59375,22.34375,23.125,3.7,0.0,0.0,4.0
17.32711,0x386,0.0,0.0,1.0,6.25,2.63,-0.65,23.09375,22.59375,22.71875,22.90625,3.7,0.0,0.0,4.0
17.33081,0x2B0,0.0,0.0,1.0,6.25,2.63,-0.65,23.09375,22.59375,22.71875,22.90625,3.7,0.0,0.0,4.0
17.3364,0x220,0.0,0.0,1.0,6.25,2.51,-0.53,23.09375,22.59375,22.71875,22.90625,3.7,0.0,0.0,4.0
17.3367,0x316,0.0,0.0,1.0,6.25,2.51,-0.53,23.09375,22.59375,22.71875,22.90625,3.7,0.0,0.0,6.0
17.34081,0x2B0,0.0,0.0,1.0,6.25,2.51,-0.53,23.09375,22.59375,22.71875,22.90625,3.7,0.0,0.0,6.0
17.34639,0x220,0.0,0.0,1.0,6.25,2.68,-0.11,23.09375,22.59375,22.71875,22.90625,3.7,0.0,0.0,6.0
17.34662,0x386,0.0,0.0,1.0,6.25,2.68,-0.11,24.59375,23.40625,22.59375,22.375,3.7,0.0,0.0,6.0
17.34686,0x316,0.0,0.0,1.0,6.25,2.68,-0.11,24.59375,23.40625,22.59375,22.375,3.7,0.0,0.0,9.0
17.35082,0x2B0,0.0,0.0,1.0,6.25,2.68,-0.11,24.59375,23.40625,22.59375,22.375,3.7,0.0,0.0,9.0
17.3564,0x220,0.0,0.0,1.0,6.25,3.15,0.06,24.59375,23.40625,22.59375,22.375,3.7,0.0,0.0,9.0
17.35682,0x316,0.0,0.0,1.0,6.25,3.15,0.06,24.59375,23.40625,22.59375,22.375,3.7,0.0,0.0,11.0
17.36081,0x2B0,0.0,0.0,1.0,6.25,3.15,0.06,24.59375,23.40625,22.59375,22.375,3.7,0.0,0.0,11.0
17.36641,0x220,0.0,0.0,1.0,6.25,3.65,-0.24,24.59375,23.40625,22.59375,22.375,3.7,0.0,0.0,11.0
17.36665,0x316,0.0,0.0,1.0,6.25,3.65,-0.24,24.59375,23.40625,22.59375,22.375,3.7,0.0,0.0,13.0
17.36712,0x386,0.0,0.0,1.0,6.25,3.65,-0.24,22.9375,24.25,22.40625,22.53125,3.7,0.0,0.0,13.0
17.37089,0x2B0,0.0,0.0,1.0,6.25,3.65,-0.24,22.9375,24.25,22.40625,22.53125,3.7,0.0,0.0,13.0
17.37639,0x220,0.0,0.0,1.0,6.25,3.86,-0.77,22.9375,24.25,22.40625,22.53125,3.7,0.0,0.0,13.0
17.3767,0x316,0.0,0.0,1.0,6.25,3.86,-0.77,22.9375,24.25,22.40625,22.53125,3.7,0.0,0.0,15.0
17.38086,0x2B0,0.0,0.0,1.0,6.25,3.86,-0.77,22.9375,24.25,22.40625,22.53125,3.9,8.0,0.0,15.0
17.3864,0x220,0.0,0.0,1.0,6.25,3.65,-1.13,22.9375,24.25,22.40625,22.53125,3.9,8.0,0.0,15.0
17.38664,0x316,0.0,0.0,1.0,6.25,3.65,-1.13,22.9375,24.25,22.40625,22.53125,3.9,8.0,0.0,16.0
17.38712,0x386,0.0,0.0,1.0,6.25,3.65,-1.13,23.15625,24.03125,22.375,22.96875,3.9,8.0,0.0,16.0
17.39082,0x2B0,0.0,0.0,1.0,6.25,3.65,-1.13,23.15625,24.03125,22.375,22.96875,3.9,8.0,0.0,16.0
17.3964,0x220,0.0,0.0,1.0,6.25,3.08,-1.19,23.15625,24.03125,22.375,22.96875,3.9,8.0,0.0,16.0
17.39681,0x316,0.0,0.0,1.0,6.25,3.08,-1.19,23.15625,24.03125,22.375,22.96875,3.9,8.0,0.0,17.0
17.40083,0x2B0,0.0,0.0,1.0,6.25,3.08,-1.19,23.15625,24.03125,22.375,22.96875,3.9,0.0,0.0,17.0
17.40641,0x220,0.0,0.0,1.0,6.25,2.41,-0.84,23.15625,24.03125,22.375,22.96875,3.9,0.0,0.0,17.0
17.40664,0x386,0.0,0.0,1.0,6.25,2.41,-0.84,22.09375,20.90625,22.8125,22.71875,3.9,0.0,0.0,17.0
17.40688,0x316,0.0,0.0,1.0,6.25,2.41,-0.84,22.09375,20.90625,22.8125,22.71875,3.9,0.0,0.0,18.0
17.41082,0x2B0,0.0,0.0,1.0,6.25,2.41,-0.84,22.09375,20.90625,22.8125,22.71875,3.9,0.0,0.0,18.0
17.4164,0x220,0.0,0.0,1.0,6.25,2.07,-0.36,22.09375,20.90625,22.8125,22.71875,3.9,0.0,0.0,18.0
17.41683,0x316,0.0,0.0,1.0,6.25,2.07,-0.36,22.09375,20.90625,22.8125,22.71875,3.9,0.0,0.0,18.0
17.42082,0x2B0,0.0,0.0,1.0,6.25,2.07,-0.36,22.09375,20.90625,22.8125,22.71875,3.9,0.0,0.0,18.0
17.42639,0x220,0.0,0.0,1.0,6.25,2.28,-0.13,22.09375,20.90625,22.8125,22.71875,3.9,0.0,0.0,18.0
17.42663,0x316,0.0,0.0,1.0,6.25,2.28,-0.13,22.09375,20.90625,22.8125,22.71875,3.9,0.0,0.0,19.0
17.42711,0x386,0.0,0.0,1.0,6.25,2.28,-0.13,24.03125,25.21875,22.78125,22.6875,3.9,0.0,0.0,19.0
17.43085,0x2B0,0.0,0.0,1.0,6.25,2.28,-0.13,24.03125,25.21875,22.78125,22.6875,3.9,0.0,0.0,19.0
17.4364,0x220,0.0,0.0,1.0,6.25,2.78,-0.38,24.03125,25.21875,22.78125,22.6875,3.9,0.0,0.0,19.0
17.43687,0x316,0.0,0.0,1.0,6.25,2.78,-0.38,24.03125,25.21875,22.78125,22.6875,3.9,0.0,0.0,19.0
17.44082,0x2B0,0.0,0.0,1.0,6.25,2.78,-0.38,24.03125,25.21875,22.78125,22.6875,3.9,0.0,0.0,19.0
17.4464,0x220,0.0,0.0,1.0,6.25,3.07,-0.92,24.03125,25.21875,22.78125,22.6875,3.9,0.0,0.0,19.0
17.44663,0x386,0.0,0.0,1.0,6.25,3.07,-0.92,23.0625,22.34375,22.875,23.375,3.9,0.0,0.0,19.0
17.44686,0x316,0.0,0.0,1.0,6.25,3.07,-0.92,23.0625,22.34375,22.875,23.375,3.9,0.0,0.0,19.0
17.45081,0x2B0,0.0,0.0,1.0,6.25,3.07,-0.92,23.0625,22.34375,22.875,23.375,3.9,0.0,0.0,19.0
17.4564,0x220,0.0,0.0,1.0,6.25,2.88,-1.21,23.0625,22.34375,22.875,23.375,3.9,0.0,0.0,19.0
17.45669,0x316,0.0,0.0,1.0,6.25,2.88,-1.21,23.0625,22.34375,22.875,23.375,3.9,0.0,0.0,19.0
17.46081,0x2B0,0.0,0.0,1.0,6.25,2.88,-1.21,23.0625,22.34375,22.875,23.375,3.9,0.0,0.0,19.0
17.4664,0x220,0.0,0.0,1.0,6.25,2.23,-0.91,23.0625,22.34375,22.875,23.375,3.9,0.0,0.0,19.0
17.46664,0x316,0.0,0.0,1.0,6.25,2.23,-0.91,23.0625,22.34375,22.875,23.375,3.9,0.0,0.0,20.0
17.46711,0x386,0.0,0.0,1.0,6.25,2.23,-0.91,22.46875,23.65625,23.25,23.15625,3.9,0.0,0.0,20.0
17.47081,0x2B0,0.0,0.0,1.0,6.25,2.23,-0.91,22.46875,23.65625,23.25,23.15625,3.9,0.0,0.0,20.0
17.4764,0x220,0.0,0.0,1.0,6.25,1.58,-0.25,22.46875,23.65625,23.25,23.15625,3.9,0.0,0.0,20.0
17.47672,0x316,0.0,0.0,1.0,6.25,1.58,-0.25,22.46875,23.65625,23.25,23.15625,3.9,0.0,0.0,20.0
17.48088,0x2B0,0.0,0.0,1.0,6.25,1.58,-0.25,22.46875,23.65625,23.25,23.15625,3.9,0.0,0.0,20.0
17.4864,0x220,0.0,0.0,1.0,6.25,1.32,0.03,22.46875,23.65625,23.25,23.15625,3.9,0.0,0.0,20.0
17.48663,0x386,0.0,0.0,1.0,6.25,1.32,0.03,23.65625,24.46875,23.1875,23.03125,3.9,0.0,0.0,20.0
17.48687,0x316,0.0,0.0,1.0,6.25,1.32,0.03,23.65625,24.46875,23.1875,23.03125,3.9,0.0,0.0,21.0
17.49085,0x2B0,0.0,0.0,1.0,6.25,1.32,0.03,23.65625,24.46875,23.1875,23.03125,3.7,8.0,0.0,21.0
17.4964,0x220,0.0,0.0,1.0,6.25,1.4,-0.3,23.65625,24.46875,23.1875,23.03125,3.7,8.0,0.0,21.0
17.49664,0x316,0.0,0.0,1.0,6.25,1.4,-0.3,23.65625,24.46875,23.1875,23.03125,3.7,8.0,0.0,22.0
17.50079,0x2B0,0.0,0.0,1.0,6.25,1.4,-0.3,23.65625,24.46875,23.1875,23.03125,3.7,8.0,0.0,22.0
17.5064,0x220,0.0,0.0,1.0,6.25,1.58,-0.84,23.65625,24.46875,23.1875,23.03125,3.7,8.0,0.0,22.0
17.50664,0x316,0.0,0.0,1.0,6.25,1.58,-0.84,23.65625,24.46875,23.1875,23.03125,3.7,8.0,0.0,24.0
17.50711,0x386,0.0,0.0,1.0,6.25,1.58,-0.84,23.3125,25.78125,23.21875,23.15625,3.7,8.0,0.0,24.0
17.51078,0x2B0,0.0,0.0,1.0,6.25,1.58,-0.84,23.3125,25.78125,23.21875,23.15625,3.7,0.0,0.0,24.0
17.51641,0x220,0.0,0.0,1.0,6.25,1.69,-0.89,23.3125,25.78125,23.21875,23.15625,3.7,0.0,0.0,24.0
17.51692,0x316,0.0,0.0,1.0,6.25,1.69,-0.89,23.3125,25.78125,23.21875,23.15625,3.7,0.0,0.0,25.0
17.52079,0x2B0,0.0,0.0,1.0,6.25,1.69,-0.89,23.3125,25.78125,23.21875,23.15625,3.7,0.0,0.0,25.0
17.5264,0x220,0.0,0.0,1.0,6.25,1.71,-0.45,23.3125,25.78125,23.21875,23.15625,3.7,0.0,0.0,25.0
17.52663,0x386,0.0,0.0,1.0,6.25,1.71,-0.45,23.53125,24.78125,23.15625,22.8125,3.7,0.0,0.0,25.0
17.52688,0x316,0.0,0.0,1.0,6.25,1.71,-0.45,23.53125,24.78125,23.15625,22.8125,3.7,0.0,0.0,27.0
17.53089,0x2B0,0.0,0.0,1.0,6.25,1.71,-0.45,23.53125,24.78125,23.15625,22.8125,3.7,0.0,0.0,27.0
17.53641,0x220,0.0,0.0,1.0,6.25,1.64,0.0,23.53125,24.78125,23.15625,22.8125,3.7,0.0,0.0,27.0
17.53671,0x316,0.0,0.0,1.0,6.25,1.64,0.0,23.53125,24.78125,23.15625,22.8125,3.7,0.0,0.0,28.0
17.5408,0x2B0,0.0,0.0,1.0,6.25,1.64,0.0,23.53125,24.78125,23.15625,22.8125,3.7,0.0,0.0,28.0
17.5464,0x220,0.0,0.0,1.0,6.25,1.45,0.05,23.53125,24.78125,23.15625,22.8125,3.7,0.0,0.0,28.0
17.54663,0x386,0.0,0.0,1.0,6.25,1.45,0.05,23.25,22.78125,22.90625,22.875,3.7,0.0,0.0,28.0
17.54687,0x316,0.0,0.0,1.0,6.25,1.45,0.05,23.25,22.78125,22.90625,22.875,3.7,0.0,0.0,30.0
17.55078,0x2B0,0.0,0.0,1.0,6.25,1.45,0.05,23.25,22.78125,22.90625,22.875,3.7,0.0,0.0,30.0
17.55641,0x220,0.0,0.0,1.0,6.25,1.29,-0.17,23.25,22.78125,22.90625,22.875,3.7,0.0,0.0,30.0
17.55675,0x316,0.0,0.0,1.0,6.25,1.29,-0.17,23.25,22.78125,22.90625,22.875,3.7,0.0,0.0,31.0
17.56085,0x2B0,0.0,0.0,1.0,6.25,1.29,-0.17,23.25,22.78125,22.90625,22.875,3.7,0.0,0.0,31.0
17.56641,0x220,0.0,0.0,1.0,6.25,1.28,-0.36,23.25,22.78125,22.90625,22.875,3.7,0.0,0.0,31.0
17.56664,0x386,0.0,0.0,1.0,6.25,1.28,-0.36,23.9375,25.15625,22.9375,22.96875,3.7,0.0,0.0,31.0
17.56688,0x316,0.0,0.0,1.0,6.25,1.28,-0.36,23.9375,25.15625,22.9375,22.96875,3.7,0.0,0.0,32.0
17.57085,0x2B0,0.0,0.0,1.0,6.25,1.28,-0.36,23.9375,25.15625,22.9375,22.96875,3.7,0.0,0.0,32.0
17.5764,0x220,0.0,0.0,1.0,6.25,1.4,-0.43,23.9375,25.15625,22.9375,22.96875,3.7,0.0,0.0,32.0
17.57665,0x316,0.0,0.0,1.0,6.25,1.4,-0.43,23.9375,25.15625,22.9375,22.96875,3.7,0.0,0.0,32.0
17.58086,0x2B0,0.0,0.0,1.0,6.25,1.4,-0.43,23.9375,25.15625,22.9375,22.96875,3.6,0.0,0.0,32.0
17.5864,0x220,0.0,0.0,1.0,6.25,1.38,-0.55,23.9375,25.15625,22.9375,22.96875,3.6,0.0,0.0,32.0
17.58664,0x316,0.0,0.0,1.0,6.25,1.38,-0.55,23.9375,25.15625,22.9375,22.96875,3.6,0.0,0.0,33.0
17.58711,0x386,0.0,0.0,1.0,6.25,1.38,-0.55,23.96875,23.21875,23.34375,23.25,3.6,0.0,0.0,33.0
17.59081,0x2B0,0.0,0.0,1.0,6.25,1.38,-0.55,23.96875,23.21875,23.34375,23.25,3.6,0.0,0.0,33.0
17.5964,0x220,0.0,0.0,1.0,6.25,1.09,-0.41,23.96875,23.21875,23.34375,23.25,3.6,0.0,0.0,33.0
17.59679,0x316,0.0,0.0,1.0,6.25,1.09,-0.41,23.96875,23.21875,23.34375,23.25,3.6,0.0,0.0,33.0
17.60087,0x2B0,0.0,0.0,1.0,6.25,1.09,-0.41,23.96875,23.21875,23.34375,23.25,3.6,0.0,0.0,33.0
17.60639,0x220,0.0,0.0,1.0,6.25,0.68,0.2,23.96875,23.21875,23.34375,23.25,3.6,0.0,0.0,33.0
17.60663,0x386,0.0,0.0,1.0,6.25,0.68,0.2,22.78125,23.28125,23.625,23.34375,3.6,0.0,0.0,33.0
17.60687,0x316,0.0,0.0,1.0,6.25,0.68,0.2,22.78125,23.28125,23.625,23.34375,3.6,0.0,0.0,33.0
17.61083,0x2B0,0.0,0.0,1.0,6.25,0.68,0.2,22.78125,23.28125,23.625,23.34375,3.3,12.0,0.0,33.0
17.6164,0x220,0.0,0.0,1.0,6.25,0.5,0.61,22.78125,23.28125,23.625,23.34375,3.3,12.0,0.0,33.0
17.6168,0x316,0.0,0.0,1.0,6.25,0.5,0.61,22.78125,23.28125,23.625,23.34375,3.3,12.0,0.0,33.0
17.62079,0x2B0,0.0,0.0,1.0,6.25,0.5,0.61,22.78125,23.28125,23.625,23.34375,3.3,12.0,0.0,33.0
17.6264,0x220,0.0,0.0,1.0,6.25,0.65,0.43,22.78125,23.28125,23.625,23.34375,3.3,12.0,0.0,33.0
17.62664,0x316,0.0,0.0,1.0,6.25,0.65,0.43,22.78125,23.28125,23.625,23.34375,3.3,12.0,0.0,33.0
17.62711,0x386,0.0,0.0,1.0,6.25,0.65,0.43,24.5,22.59375,23.375,23.375,3.3,12.0,0.0,33.0
17.63093,0x2B0,0.0,0.0,1.0,6.25,0.65,0.43,24.5,22.59375,23.375,23.375,3.1,8.0,0.0,33.0
17.63641,0x220,0.0,0.0,1.0,6.25,1.0,0.04,24.5,22.59375,23.375,23.375,3.1,8.0,0.0,33.0
17.63684,0x316,0.0,0.0,1.0,6.25,1.0,0.04,24.5,22.59375,23.375,23.375,3.1,8.0,0.0,33.0
17.6408,0x2B0,0.0,0.0,1.0,6.25,1.0,0.04,24.5,22.59375,23.375,23.375,3.1,8.0,0.0,33.0
17.6464,0x220,0.0,0.0,1.0,6.25,1.29,-0.09,24.5,22.59375,23.375,23.375,3.1,8.0,0.0,33.0
17.64664,0x386,0.0,0.0,1.0,6.25,1.29,-0.09,25.4375,23.46875,23.21875,23.5625,3.1,8.0,0.0,33.0
17.64687,0x316,0.0,0.0,1.0,6.25,1.29,-0.09,25.4375,23.46875,23.21875,23.5625,3.1,8.0,0.0,34.0
17.65078,0x2B0,0.0,0.0,1.0,6.25,1.29,-0.09,25.4375,23.46875,23.21875,23.5625,2.9,8.0,0.0,34.0
17.6564,0x220,0.0,0.0,1.0,6.25,1.31,0.0,25.4375,23.46875,23.21875,23.5625,2.9,8.0,0.0,34.0
17.65668,0x316,0.0,0.0,1.0,6.25,1.31,0.0,25.4375,23.46875,23.21875,23.5625,2.9,8.0,0.0,35.0
17.66078,0x2B0,0.0,0.0,1.0,6.25,1.31,0.0,25.4375,23.46875,23.21875,23.5625,2.9,8.0,0.0,35.0
17.66641,0x220,0.0,0.0,1.0,6.25,1.13,0.16,25.4375,23.46875,23.21875,23.5625,2.9,8.0,0.0,35.0
17.66665,0x316,0.0,0.0,1.0,6.25,1.13,0.16,25.4375,23.46875,23.21875,23.5625,2.9,8.0,0.0,35.0
17.66712,0x386,0.0,0.0,1.0,6.25,1.13,0.16,23.8125,23.75,23.4375,23.28125,2.9,8.0,0.0,35.0
17.67078,0x2B0,0.0,0.0,1.0,6.25,1.13,0.16,23.8125,23.75,23.4375,23.28125,2.8,0.0,0.0,35.0
17.6764,0x220,0.0,0.0,1.0,6.25,0.79,0.48,23.8125,23.75,23.4375,23.28125,2.8,0.0,0.0,35.0
17.67673,0x316,0.0,0.0,1.0,6.25,0.79,0.48,23.8125,23.75,23.4375,23.28125,2.8,0.0,0.0,35.0
17.68082,0x2B0,0.0,0.0,1.0,6.25,0.79,0.48,23.8125,23.75,23.4375,23.28125,2.8,0.0,0.0,35.0
17.6864,0x220,0.0,0.0,1.0,6.25,0.58,0.92,23.8125,23.75,23.4375,23.28125,2.8,0.0,0.0,35.0
17.68663,0x386,0.0,0.0,1.0,6.25,0.58,0.92,23.71875,23.78125,23.5,23.625,2.8,0.0,0.0,35.0
17.68687,0x316,0.0,0.0,1.0,6.25,0.58,0.92,23.71875,23.78125,23.5,23.625,2.8,0.0,0.0,36.0
17.69081,0x2B0,0.0,0.0,1.0,6.25,0.58,0.92,23.71875,23.78125,23.5,23.625,2.8,0.0,0.0,36.0
17.6964,0x220,0.0,0.0,1.0,6.25,0.77,1.18,23.71875,23.78125,23.5,23.625,2.8,0.0,0.0,36.0
17.69664,0x316,0.0,0.0,1.0,6.25,0.77,1.18,23.71875,23.78125,23.5,23.625,2.8,0.0,0.0,36.0
17.70081,0x2B0,0.0,0.0,1.0,6.25,0.77,1.18,23.71875,23.78125,23.5,23.625,2.7,0.0,0.0,36.0
17.7064,0x220,0.0,0.0,1.0,6.25,1.18,1.02,23.71875,23.78125,23.5,23.625,2.7,0.0,0.0,36.0
17.70664,0x316,0.0,0.0,1.0,6.25,1.18,1.02,23.71875,23.78125,23.5,23.625,2.7,0.0,0.0,36.0
17.70712,0x386,0.0,0.0,1.0,6.25,1.18,1.02,23.78125,23.90625,23.46875,23.5625,2.7,0.0,0.0,36.0
17.71076,0x2B0,0.0,0.0,1.0,6.25,1.18,1.02,23.78125,23.90625,23.46875,23.5625,2.7,0.0,0.0,36.0
17.71641,0x220,0.0,0.0,1.0,6.25,1.5,0.62,23.78125,23.90625,23.46875,23.5625,2.7,0.0,0.0,36.0
17.71688,0x316,0.0,0.0,1.0,6.25,1.5,0.62,23.78125,23.90625,23.46875,23.5625,2.7,0.0,0.0,36.0
17.72076,0x2B0,0.0,0.0,1.0,6.25,1.5,0.62,23.78125,23.90625,23.46875,23.5625,2.7,0.0,0.0,36.0
17.72641,0x220,0.0,0.0,1.0,6.25,1.48,0.5,23.78125,23.90625,23.46875,23.5625,2.7,0.0,0.0,36.0
17.72664,0x386,0.0,0.0,1.0,6.25,1.48,0.5,23.78125,23.8125,23.46875,23.875,2.7,0.0,0.0,36.0
17.72688,0x316,0.0,0.0,1.0,6.25,1.48,0.5,23.78125,23.8125,23.46875,23.875,2.7,0.0,0.0,36.0
17.73075,0x2B0,0.0,0.0,1.0,6.25,1.48,0.5,23.78125,23.8125,23.46875,23.875,2.7,0.0,0.0,36.0
17.7364,0x220,0.0,0.0,1.0,6.25,1.27,0.78,23.78125,23.8125,23.46875,23.875,2.7,0.0,0.0,36.0
17.73675,0x316,0.0,0.0,1.0,6.25,1.27,0.78,23.78125,23.8125,23.46875,23.875,2.7,0.0,0.0,36.0
17.74075,0x2B0,0.0,0.0,1.0,6.25,1.27,0.78,23.78125,23.8125,23.46875,23.875,2.7,0.0,0.0,36.0
17.7464,0x220,0.0,0.0,1.0,6.25,1.08,1.04,23.78125,23.8125,23.46875,23.875,2.7,0.0,0.0,36.0
17.74664,0x386,0.0,0.0,1.0,6.25,1.08,1.04,23.875,23.875,23.53125,23.8125,2.7,0.0,0.0,36.0
17.74688,0x316,0.0,0.0,1.0,6.25,1.08,1.04,23.875,23.875,23.53125,23.8125,2.7,0.0,0.0,36.0
17.75081,0x2B0,0.0,0.0,1.0,6.25,1.08,1.04,23.875,23.875,23.53125,23.8125,2.7,0.0,0.0,36.0
17.75639,0x220,0.0,0.0,1.0,6.25,0.98,1.02,23.875,23.875,23.53125,23.8125,2.7,0.0,0.0,36.0
17.75674,0x316,0.0,0.0,1.0,6.25,0.98,1.02,23.875,23.875,23.53125,23.8125,2.7,0.0,0.0,36.0
17.76077,0x2B0,0.0,0.0,1.0,6.25,0.98,1.02,23.875,23.875,23.53125,23.8125,2.7,0.0,0.0,36.0
17.76641,0x220,0.0,0.0,1.0,6.25,1.01,0.77,23.875,23.875,23.53125,23.8125,2.7,0.0,0.0,36.0
17.76664,0x386,0.0,0.0,1.0,6.25,1.01,0.77,23.71875,23.875,23.875,23.90625,2.7,0.0,0.0,36.0
17.76688,0x316,0.0,0.0,1.0,6.25,1.01,0.77,23.71875,23.875,23.875,23.90625,2.7,0.0,0.0,36.0
17.77078,0x2B0,0.0,0.0,1.0,6.25,1.01,0.77,23.71875,23.875,23.875,23.90625,2.7,0.0,0.0,36.0
17.77641,0x220,0.0,0.0,1.0,6.25,1.2,0.56,23.71875,23.875,23.875,23.90625,2.7,0.0,0.0,36.0
17.77668,0x316,0.0,0.0,1.0,6.25,1.2,0.56,23.71875,23.875,23.875,23.90625,2.7,0.0,0.0,36.0
17.78079,0x2B0,0.0,0.0,1.0,6.25,1.2,0.56,23.71875,23.875,23.875,23.90625,2.7,0.0,0.0,36.0
17.7864,0x220,0.0,0.0,1.0,6.25,1.38,0.66,23.71875,23.875,23.875,23.90625,2.7,0.0,0.0,36.0
17.78663,0x316,0.0,0.0,1.0,6.25,1.38,0.66,23.71875,23.875,23.875,23.90625,2.7,0.0,0.0,36.0
17.78711,0x386,0.0,0.0,1.0,6.25,1.38,0.66,24.0625,23.96875,23.84375,24.0,2.7,0.0,0.0,36.0
17.79072,0x2B0,0.0,0.0,1.0,6.25,1.38,0.66,24.0625,23.96875,23.84375,24.0,2.7,0.0,0.0,36.0
17.79641,0x220,0.0,0.0,1.0,6.25,1.48,0.92,24.0625,23.96875,23.84375,24.0,2.7,0.0,0.0,36.0
17.79673,0x316,0.0,0.0,1.0,6.25,1.48,0.92,24.0625,23.96875,23.84375,24.0,2.7,0.0,0.0,36.0
17.80073,0x2B0,0.0,0.0,1.0,6.25,1.48,0.92,24.0625,23.96875,23.84375,24.0,2.7,0.0,0.0,36.0
17.80641,0x220,0.0,0.0,1.0,6.25,1.45,0.94,24.0625,23.96875,23.84375,24.0,2.7,0.0,0.0,36.0
17.80664,0x386,0.0,0.0,1.0,6.25,1.45,0.94,24.0625,24.125,23.6875,24.0625,2.7,0.0,0.0,36.0
17.80688,0x316,0.0,0.0,1.0,6.25,1.45,0.94,24.0625,24.125,23.6875,24.0625,2.7,0.0,0.0,37.0
17.81074,0x2B0,0.0,0.0,1.0,6.25,1.45,0.94,24.0625,24.125,23.6875,24.0625,2.7,0.0,0.0,37.0
17.81641,0x220,0.0,0.0,1.0,6.25,1.34,0.65,24.0625,24.125,23.6875,24.0625,2.7,0.0,0.0,37.0
17.81681,0x316,0.0,0.0,1.0,6.25,1.34,0.65,24.0625,24.125,23.6875,24.0625,2.7,0.0,0.0,37.0
17.82075,0x2B0,0.0,0.0,1.0,6.25,1.34,0.65,24.0625,24.125,23.6875,24.0625,2.8,0.0,0.0,37.0
17.8264,0x220,0.0,0.0,1.0,6.25,1.22,0.38,24.0625,24.125,23.6875,24.0625,2.8,0.0,0.0,37.0
17.82664,0x316,0.0,0.0,1.0,6.25,1.22,0.38,24.0625,24.125,23.6875,24.0625,2.8,0.0,0.0,38.0
17.82712,0x386,0.0,0.0,1.0,6.25,1.22,0.38,24.25,24.1875,23.53125,23.9375,2.8,0.0,0.0,38.0
17.83072,0x2B0,0.0,0.0,1.0,6.25,1.22,0.38,24.25,24.1875,23.53125,23.9375,2.8,0.0,0.0,38.0
17.83641,0x220,0.0,0.0,1.0,6.25,1.23,0.34,24.25,24.1875,23.53125,23.9375,2.8,0.0,0.0,38.0
17.83678,0x316,0.0,0.0,1.0,6.25,1.23,0.34,24.25,24.1875,23.53125,23.9375,2.8,0.0,0.0,39.0
17.84075,0x2B0,0.0,0.0,1.0,6.25,1.23,0.34,24.25,24.1875,23.53125,23.9375,3.0,8.0,0.0,39.0
17.8464,0x220,0.0,0.0,1.0,6.25,1.4,0.42,24.25,24.1875,23.53125,23.9375,3.0,8.0,0.0,39.0
17.84664,0x386,0.0,0.0,1.0,6.25,1.4,0.42,24.3125,24.3125,23.65625,23.8125,3.0,8.0,0.0,39.0
17.84711,0x316,0.0,0.0,1.0,6.25,1.4,0.42,24.3125,24.3125,23.65625,23.8125,3.0,8.0,0.0,39.0
17.85074,0x2B0,0.0,0.0,1.0,6.25,1.4,0.42,24.3125,24.3125,23.65625,23.8125,3.0,8.0,0.0,39.0
17.85641,0x220,0.0,0.0,1.0,6.25,1.61,0.43,24.3125,24.3125,23.65625,23.8125,3.0,8.0,0.0,39.0
17.85665,0x316,0.0,0.0,1.0,6.25,1.61,0.43,24.3125,24.3125,23.65625,23.8125,3.0,8.0,0.0,41.0
17.86072,0x2B0,0.0,0.0,1.0,6.25,1.61,0.43,24.3125,24.3125,23.65625,23.8125,3.0,0.0,0.0,41.0
17.86642,0x220,0.0,0.0,1.0,6.25,1.78,0.32,24.3125,24.3125,23.65625,23.8125,3.0,0.0,0.0,41.0
17.86666,0x316,0.0,0.0,1.0,6.25,1.78,0.32,24.3125,24.3125,23.65625,23.8125,3.0,0.0,0.0,41.0
17.86713,0x386,0.0,0.0,1.0,6.25,1.78,0.32,24.375,24.28125,23.375,24.375,3.0,0.0,0.0,41.0
17.87072,0x2B0,0.0,0.0,1.0,6.25,1.78,0.32,24.375,24.28125,23.375,24.375,3.0,0.0,0.0,41.0
17.87641,0x220,0.0,0.0,1.0,6.25,1.86,0.34,24.375,24.28125,23.375,24.375,3.0,0.0,0.0,41.0
17.87665,0x316,0.0,0.0,1.0,6.25,1.86,0.34,24.375,24.28125,23.375,24.375,3.0,0.0,0.0,41.0
17.88071,0x2B0,0.0,0.0,1.0,6.25,1.86,0.34,24.375,24.28125,23.375,24.375,3.0,0.0,0.0,41.0
17.88641,0x220,0.0,0.0,1.0,6.25,1.85,0.47,24.375,24.28125,23.375,24.375,3.0,0.0,0.0,41.0
17.88664,0x386,0.0,0.0,1.0,6.25,1.85,0.47,24.375,24.34375,23.71875,24.09375,3.0,0.0,0.0,41.0
17.88688,0x316,0.0,0.0,1.0,6.25,1.85,0.47,24.375,24.34375,23.71875,24.09375,3.0,0.0,0.0,42.0
17.89073,0x2B0,0.0,0.0,1.0,6.25,1.85,0.47,24.375,24.34375,23.71875,24.09375,3.0,0.0,0.0,42.0
17.89641,0x220,0.0,0.0,1.0,6.25,1.95,0.51,24.375,24.34375,23.71875,24.09375,3.0,0.0,0.0,42.0
17.89665,0x316,0.0,0.0,1.0,6.25,1.95,0.51,24.375,24.34375,23.71875,24.09375,3.0,0.0,0.0,42.0
17.90074,0x2B0,0.0,0.0,1.0,6.25,1.95,0.51,24.375,24.34375,23.71875,24.09375,3.0,0.0,0.0,42.0
17.90641,0x220,0.0,0.0,1.0,6.25,2.19,0.47,24.375,24.34375,23.71875,24.09375,3.0,0.0,0.0,42.0
17.90664,0x386,0.0,0.0,1.0,6.25,2.19,0.47,24.40625,24.65625,23.84375,23.8125,3.0,0.0,0.0,42.0
17.90688,0x316,0.0,0.0,1.0,6.25,2.19,0.47,24.40625,24.65625,23.84375,23.8125,3.0,0.0,0.0,42.0
17.91074,0x2B0,0.0,0.0,1.0,6.25,2.19,0.47,24.40625,24.65625,23.84375,23.8125,3.0,0.0,0.0,42.0
17.91641,0x220,0.0,0.0,1.0,6.25,2.51,0.43,24.40625,24.65625,23.84375,23.8125,3.0,0.0,0.0,42.0
17.91679,0x316,0.0,0.0,1.0,6.25,2.51,0.43,24.40625,24.65625,23.84375,23.8125,3.0,0.0,0.0,43.0
17.92074,0x2B0,0.0,0.0,1.0,6.25,2.51,0.43,24.40625,24.65625,23.84375,23.8125,3.0,0.0,0.0,43.0
17.92641,0x220,0.0,0.0,1.0,6.25,2.9,0.39,24.40625,24.65625,23.84375,23.8125,3.0,0.0,0.0,43.0
17.92664,0x386,0.0,0.0,1.0,6.25,2.9,0.39,24.4375,24.375,23.375,23.96875,3.0,0.0,0.0,43.0
17.92688,0x316,0.0,0.0,1.0,6.25,2.9,0.39,24.4375,24.375,23.375,23.96875,3.0,0.0,0.0,43.0
17.93074,0x2B0,0.0,0.0,1.0,6.25,2.9,0.39,24.4375,24.375,23.375,23.96875,3.1,0.0,0.0,43.0
17.93641,0x220,0.0,0.0,1.0,6.25,3.19,0.22,24.4375,24.375,23.375,23.96875,3.1,0.0,0.0,43.0
17.9367,0x316,0.0,0.0,1.0,6.25,3.19,0.22,24.4375,24.375,23.375,23.96875,3.1,0.0,0.0,43.0
17.94072,0x2B0,0.0,0.0,1.0,6.25,3.19,0.22,24.4375,24.375,23.375,23.96875,3.1,0.0,0.0,43.0
17.94641,0x220,0.0,0.0,1.0,6.25,3.17,-0.15,24.4375,24.375,23.375,23.96875,3.1,0.0,0.0,43.0
17.94664,0x386,0.0,0.0,1.0,6.25,3.17,-0.15,24.40625,24.5625,23.4375,24.15625,3.1,0.0,0.0,43.0
17.94687,0x316,0.0,0.0,1.0,6.25,3.17,-0.15,24.40625,24.5625,23.4375,24.15625,3.1,0.0,0.0,43.0
17.95074,0x2B0,0.0,0.0,1.0,6.25,3.17,-0.15,24.40625,24.5625,23.4375,24.15625,3.1,0.0,0.0,43.0
17.95641,0x220,0.0,0.0,1.0,6.25,2.83,-0.58,24.40625,24.5625,23.4375,24.15625,3.1,0.0,0.0,43.0
17.95665,0x316,0.0,0.0,1.0,6.25,2.83,-0.58,24.40625,24.5625,23.4375,24.15625,3.1,0.0,0.0,43.0
17.96074,0x2B0,0.0,0.0,1.0,6.25,2.83,-0.58,24.40625,24.5625,23.4375,24.15625,3.2,0.0,0.0,43.0
17.96642,0x220,0.0,0.0,1.0,6.25,2.32,-0.64,24.40625,24.5625,23.4375,24.15625,3.2,0.0,0.0,43.0
17.96665,0x386,0.0,0.0,1.0,6.25,2.32,-0.64,24.40625,24.46875,23.96875,23.9375,3.2,0.0,0.0,43.0
17.96689,0x316,0.0,0.0,1.0,6.25,2.32,-0.64,24.40625,24.46875,23.96875,23.9375,3.2,0.0,0.0,43.0
17.97079,0x2B0,0.0,0.0,1.0,6.25,2.32,-0.64,24.40625,24.46875,23.96875,23.9375,3.2,0.0,0.0,43.0
17.97641,0x220,0.0,0.0,1.0,6.25,2.1,-0.27,24.40625,24.46875,23.96875,23.9375,3.2,0.0,0.0,43.0
17.97666,0x316,0.0,0.0,1.0,6.25,2.1,-0.27,24.40625,24.46875,23.96875,23.9375,3.2,0.0,0.0,44.0
17.9808,0x2B0,0.0,0.0,1.0,6.25,2.1,-0.27,24.40625,24.46875,23.96875,23.9375,3.4,8.0,0.0,44.0
17.98641,0x220,0.0,0.0,1.0,6.25,2.39,0.05,24.40625,24.46875,23.96875,23.9375,3.4,8.0,0.0,44.0
17.98665,0x316,0.0,0.0,1.0,6.25,2.39,0.05,24.40625,24.46875,23.96875,23.9375,3.4,8.0,0.0,44.0
17.98713,0x386,0.0,0.0,1.0,6.25,2.39,0.05,24.3125,24.5,23.59375,24.03125,3.4,8.0,0.0,44.0
17.99081,0x2B0,0.0,0.0,1.0,6.25,2.39,0.05,24.3125,24.5,23.59375,24.03125,3.4,8.0,0.0,44.0
17.99641,0x220,0.0,0.0,1.0,6.25,2.99,-0.06,24.3125,24.5,23.59375,24.03125,3.4,8.0,0.0,44.0
17.99665,0x316,0.0,0.0,1.0,6.25,2.99,-0.06,24.3125,24.5,23.59375,24.03125,3.4,8.0,0.0,44.0
18.00085,0x2B0,0.0,0.0,1.0,6.25,2.99,-0.06,24.3125,24.5,23.59375,24.03125,3.4,0.0,0.0,44.0
18.00641,0x220,0.0,0.0,1.0,6.25,3.6,-0.44,24.3125,24.5,23.59375,24.03125,3.4,0.0,0.0,44.0
18.00665,0x386,0.0,0.0,1.0,6.25,3.6,-0.44,24.21875,24.5,23.34375,24.28125,3.4,0.0,0.0,44.0
18.00689,0x316,0.0,0.0,1.0,6.25,3.6,-0.44,24.21875,24.5,23.34375,24.28125,3.4,0.0,0.0,43.0
18.01081,0x2B0,0.0,0.0,1.0,6.25,3.6,-0.44,24.21875,24.5,23.34375,24.28125,3.6,8.0,0.0,43.0
18.01641,0x220,0.0,0.0,1.0,6.25,3.93,-0.53,24.21875,24.5,23.34375,24.28125,3.6,8.0,0.0,43.0
18.01687,0x316,0.0,0.0,1.0,6.25,3.93,-0.53,24.21875,24.5,23.34375,24.28125,3.6,8.0,0.0,43.0
18.02078,0x2B0,0.0,0.0,1.0,6.25,3.93,-0.53,24.21875,24.5,23.34375,24.28125,3.6,8.0,0.0,43.0
18.02641,0x220,0.0,0.0,1.0,6.25,3.96,-0.31,24.21875,24.5,23.34375,24.28125,3.6,8.0,0.0,43.0
18.02665,0x316,0.0,0.0,1.0,6.25,3.96,-0.31,24.21875,24.5,23.34375,24.28125,3.6,8.0,0.0,42.0
18.02712,0x386,0.0,0.0,1.0,6.25,3.96,-0.31,24.375,24.28125,24.09375,23.71875,3.6,8.0,0.0,42.0
18.03078,0x2B0,0.0,0.0,1.0,6.25,3.96,-0.31,24.375,24.28125,24.09375,23.71875,3.6,0.0,0.0,42.0
18.03642,0x220,0.0,0.0,1.0,6.25,3.67,-0.07,24.375,24.28125,24.09375,23.71875,3.6,0.0,0.0,42.0
18.03673,0x316,0.0,0.0,1.0,6.25,3.67,-0.07,24.375,24.28125,24.09375,23.71875,3.6,0.0,0.0,42.0
18.04077,0x2B0,0.0,0.0,1.0,6.25,3.67,-0.07,24.375,24.28125,24.09375,23.71875,3.6,0.0,0.0,42.0
18.04641,0x220,0.0,0.0,1.0,6.25,3.14,-0.19,24.375,24.28125,24.09375,23.71875,3.6,0.0,0.0,42.0
18.04664,0x386,0.0,0.0,1.0,6.25,3.14,-0.19,24.28125,24.5,24.125,23.9375,3.6,0.0,0.0,42.0
18.04711,0x316,0.0,0.0,1.0,6.25,3.14,-0.19,24.28125,24.5,24.125,23.9375,3.6,0.0,0.0,41.0
18.05077,0x2B0,0.0,0.0,1.0,6.25,3.14,-0.19,24.28125,24.5,24.125,23.9375,3.6,0.0,0.0,41.0
18.05641,0x220,0.0,0.0,1.0,6.25,2.58,-0.56,24.28125,24.5,24.125,23.9375,3.6,0.0,0.0,41.0
18.05672,0x316,0.0,0.0,1.0,6.25,2.58,-0.56,24.28125,24.5,24.125,23.9375,3.6,0.0,0.0,40.0
18.06077,0x2B0,0.0,0.0,1.0,6.25,2.58,-0.56,24.28125,24.5,24.125,23.9375,3.6,0.0,0.0,40.0
18.06642,0x220,0.0,0.0,1.0,6.25,2.19,-0.76,24.28125,24.5,24.125,23.9375,3.6,0.0,0.0,40.0
18.06666,0x316,0.0,0.0,1.0,6.25,2.19,-0.76,24.28125,24.5,24.125,23.9375,3.6,0.0,0.0,40.0
18.06714,0x386,0.0,0.0,1.0,6.25,2.19,-0.76,24.25,24.1875,23.75,24.1875,3.6,0.0,0.0,40.0
18.07077,0x2B0,0.0,0.0,1.0,6.25,2.19,-0.76,24.25,24.1875,23.75,24.1875,3.6,0.0,0.0,40.0
18.07641,0x220,0.0,0.0,1.0,6.25,2.15,-0.67,24.25,24.1875,23.75,24.1875,3.6,0.0,0.0,40.0
18.07665,0x316,0.0,0.0,1.0,6.25,2.15,-0.67,24.25,24.1875,23.75,24.1875,3.6,0.0,0.0,39.0
18.08078,0x2B0,0.0,0.0,1.0,6.25,2.15,-0.67,24.25,24.1875,23.75,24.1875,3.6,0.0,0.0,39.0
18.08641,0x220,0.0,0.0,1.0,6.25,2.45,-0.59,24.25,24.1875,23.75,24.1875,3.6,0.0,0.0,39.0
18.08665,0x316,0.0,0.0,1.0,6.25,2.45,-0.59,24.25,24.1875,23.75,24.1875,3.6,0.0,0.0,40.0
18.08713,0x386,0.0,0.0,1.0,6.25,2.45,-0.59,24.34375,24.53125,24.09375,23.90625,3.6,0.0,0.0,40.0
18.09078,0x2B0,0.0,0.0,1.0,6.25,2.45,-0.59,24.34375,24.53125,24.09375,23.90625,3.6,0.0,0.0,40.0
18.09641,0x220,0.0,0.0,1.0,6.25,2.84,-0.68,24.34375,24.53125,24.09375,23.90625,3.6,0.0,0.0,40.0
18.09671,0x316,0.0,0.0,1.0,6.25,2.84,-0.68,24.34375,24.53125,24.09375,23.90625,3.6,0.0,0.0,40.0
18.10077,0x2B0,0.0,0.0,1.0,6.25,2.84,-0.68,24.34375,24.53125,24.09375,23.90625,3.6,0.0,0.0,40.0
18.10641,0x220,0.0,0.0,1.0,6.25,3.07,-0.71,24.34375,24.53125,24.09375,23.90625,3.6,0.0,0.0,40.0
18.10665,0x316,0.0,0.0,1.0,6.25,3.07,-0.71,24.34375,24.53125,24.09375,23.90625,3.6,0.0,0.0,41.0
18.10712,0x386,0.0,0.0,1.0,6.25,3.07,-0.71,24.125,24.4375,24.25,24.0625,3.6,0.0,0.0,41.0
18.11078,0x2B0,0.0,0.0,1.0,6.25,3.07,-0.71,24.125,24.4375,24.25,24.0625,3.6,0.0,0.0,41.0
18.11642,0x220,0.0,0.0,1.0,6.25,2.98,-0.59,24.125,24.4375,24.25,24.0625,3.6,0.0,0.0,41.0
18.11679,0x316,0.0,0.0,1.0,6.25,2.98,-0.59,24.125,24.4375,24.25,24.0625,3.6,0.0,0.0,41.0
18.12077,0x2B0,0.0,0.0,1.0,6.25,2.98,-0.59,24.125,24.4375,24.25,24.0625,3.6,0.0,0.0,41.0
18.12641,0x220,0.0,0.0,1.0,6.25,2.57,-0.44,24.125,24.4375,24.25,24.0625,3.6,0.0,0.0,41.0
18.12665,0x316,0.0,0.0,1.0,6.25,2.57,-0.44,24.125,24.4375,24.25,24.0625,3.6,0.0,0.0,41.0
18.12712,0x386,0.0,0.0,1.0,6.25,2.57,-0.44,24.5625,24.375,24.1875,24.375,3.6,0.0,0.0,41.0
18.13078,0x2B0,0.0,0.0,1.0,6.25,2.57,-0.44,24.5625,24.375,24.1875,24.375,3.6,0.0,0.0,41.0
18.13642,0x220,0.0,0.0,1.0,6.25,1.97,-0.34,24.5625,24.375,24.1875,24.375,3.6,0.0,0.0,41.0
18.13679,0x316,0.0,0.0,1.0,6.25,1.97,-0.34,24.5625,24.375,24.1875,24.375,3.6,0.0,0.0,41.0
18.14078,0x2B0,0.0,0.0,1.0,6.25,1.97,-0.34,24.5625,24.375,24.1875,24.375,3.6,0.0,0.0,41.0
18.14642,0x220,0.0,0.0,1.0,6.25,1.3,-0.36,24.5625,24.375,24.1875,24.375,3.6,0.0,0.0,41.0
18.14665,0x386,0.0,0.0,1.0,6.25,1.3,-0.36,24.3125,24.34375,24.3125,24.34375,3.6,0.0,0.0,41.0
18.14689,0x316,0.0,0.0,1.0,6.25,1.3,-0.36,24.3125,24.34375,24.3125,24.34375,3.6,0.0,0.0,41.0
18.15077,0x2B0,0.0,0.0,1.0,6.25,1.3,-0.36,24.3125,24.34375,24.3125,24.34375,3.6,0.0,0.0,41.0
18.15642,0x220,0.0,0.0,1.0,6.25,0.81,-0.42,24.3125,24.34375,24.3125,24.34375,3.6,0.0,0.0,41.0
18.15666,0x316,0.0,0.0,1.0,6.25,0.81,-0.42,24.3125,24.34375,24.3125,24.34375,3.6,0.0,0.0,40.0
18.16077,0x2B0,0.0,0.0,1.0,6.25,0.81,-0.42,24.3125,24.34375,24.3125,24.34375,3.6,0.0,0.0,40.0
18.16642,0x220,0.0,0.0,1.0,6.25,0.58,-0.19,24.3125,24.34375,24.3125,24.34375,3.6,0.0,0.0,40.0
18.16666,0x316,0.0,0.0,1.0,6.25,0.58,-0.19,24.3125,24.34375,24.3125,24.34375,3.6,0.0,0.0,41.0
18.16714,0x386,0.0,0.0,1.0,6.25,0.58,-0.19,24.4375,24.46875,23.96875,24.03125,3.6,0.0,0.0,41.0
18.17077,0x2B0,0.0,0.0,1.0,6.25,0.58,-0.19,24.4375,24.46875,23.96875,24.03125,3.6,0.0,0.0,41.0
18.17642,0x220,0.0,0.0,1.0,6.25,0.64,0.37,24.4375,24.46875,23.96875,24.03125,3.6,0.0,0.0,41.0
18.17674,0x316,0.0,0.0,1.0,6.25,0.64,0.37,24.4375,24.46875,23.96875,24.03125,3.6,0.0,0.0,41.0
18.18078,0x2B0,0.0,0.0,1.0,6.25,0.64,0.37,24.4375,24.46875,23.96875,24.03125,3.6,0.0,0.0,41.0
18.18642,0x220,0.0,0.0,1.0,6.25,1.06,0.88,24.4375,24.46875,23.96875,24.03125,3.6,0.0,0.0,41.0
18.18665,0x316,0.0,0.0,1.0,6.25,1.06,0.88,24.4375,24.46875,23.96875,24.03125,3.6,0.0,0.0,41.0
18.18712,0x386,0.0,0.0,1.0,6.25,1.06,0.88,24.40625,24.40625,23.8125,24.21875,3.6,0.0,0.0,41.0
18.19078,0x2B0,0.0,0.0,1.0,6.25,1.06,0.88,24.40625,24.40625,23.8125,24.21875,3.6,0.0,0.0,41.0
18.19642,0x220,0.0,0.0,1.0,6.25,1.52,1.02,24.40625,24.40625,23.8125,24.21875,3.6,0.0,0.0,41.0
18.19666,0x316,0.0,0.0,1.0,6.25,1.52,1.02,24.40625,24.40625,23.8125,24.21875,3.6,0.0,0.0,41.0
18.20077,0x2B0,0.0,0.0,1.0,6.25,1.52,1.02,24.40625,24.40625,23.8125,24.21875,3.6,0.0,0.0,41.0
18.20641,0x220,0.0,0.0,1.0,6.25,1.65,0.82,24.40625,24.40625,23.8125,24.21875,3.6,0.0,0.0,41.0
18.20665,0x386,0.0,0.0,1.0,6.25,1.65,0.82,24.40625,24.625,23.71875,24.25,3.6,0.0,0.0,41.0
18.20689,0x316,0.0,0.0,1.0,6.25,1.65,0.82,24.40625,24.625,23.71875,24.25,3.6,0.0,0.0,41.0
18.21077,0x2B0,0.0,0.0,1.0,6.25,1.65,0.82,24.40625,24.625,23.71875,24.25,3.6,0.0,0.0,41.0
18.21642,0x220,0.0,0.0,1.0,6.25,1.41,0.49,24.40625,24.625,23.71875,24.25,3.6,0.0,0.0,41.0
18.21689,0x316,0.0,0.0,1.0,6.25,1.41,0.49,24.40625,24.625,23.71875,24.25,3.6,0.0,0.0,41.0
18.22077,0x2B0,0.0,0.0,1.0,6.25,1.41,0.49,24.40625,24.625,23.71875,24.25,3.6,0.0,0.0,41.0
18.22642,0x220,0.0,0.0,1.0,6.25,0.91,0.48,24.40625,24.625,23.71875,24.25,3.6,0.0,0.0,41.0
18.22666,0x316,0.0,0.0,1.0,6.25,0.91,0.48,24.40625,24.625,23.71875,24.25,3.6,0.0,0.0,42.0
18.22714,0x386,0.0,0.0,1.0,6.25,0.91,0.48,24.53125,24.5,23.25,24.09375,3.6,0.0,0.0,42.0
18.23077,0x2B0,0.0,0.0,1.0,6.25,0.91,0.48,24.53125,24.5,23.25,24.09375,3.6,0.0,0.0,42.0
18.23641,0x220,0.0,0.0,1.0,6.25,0.54,0.79,24.53125,24.5,23.25,24.09375,3.6,0.0,0.0,42.0
18.23673,0x316,0.0,0.0,1.0,6.25,0.54,0.79,24.53125,24.5,23.25,24.09375,3.6,0.0,0.0,43.0
18.24077,0x2B0,0.0,0.0,1.0,6.25,0.54,0.79,24.53125,24.5,23.25,24.09375,3.6,0.0,0.0,43.0
18.24642,0x220,0.0,0.0,1.0,6.25,0.56,1.06,24.53125,24.5,23.25,24.09375,3.6,0.0,0.0,43.0
18.24665,0x386,0.0,0.0,1.0,6.25,0.56,1.06,24.375,24.65625,23.6875,23.84375,3.6,0.0,0.0,43.0
18.24688,0x316,0.0,0.0,1.0,6.25,0.56,1.06,24.375,24.65625,23.6875,23.84375,3.6,0.0,0.0,43.0
18.25078,0x2B0,0.0,0.0,1.0,6.25,0.56,1.06,24.375,24.65625,23.6875,23.84375,3.6,0.0,0.0,43.0
18.25641,0x220,0.0,0.0,1.0,6.25,0.92,1.03,24.375,24.65625,23.6875,23.84375,3.6,0.0,0.0,43.0
18.25673,0x316,0.0,0.0,1.0,6.25,0.92,1.03,24.375,24.65625,23.6875,23.84375,3.6,0.0,0.0,44.0
18.26077,0x2B0,0.0,0.0,1.0,6.25,0.92,1.03,24.375,24.65625,23.6875,23.84375,3.6,0.0,0.0,44.0
18.26643,0x220,0.0,0.0,1.0,6.25,1.37,0.76,24.375,24.65625,23.6875,23.84375,3.6,0.0,0.0,44.0
18.26667,0x316,0.0,0.0,1.0,6.25,1.37,0.76,24.375,24.65625,23.6875,23.84375,3.6,0.0,0.0,44.0
18.26714,0x386,0.0,0.0,1.0,6.25,1.37,0.76,24.5,24.46875,23.96875,24.125,3.6,0.0,0.0,44.0
18.27076,0x2B0,0.0,0.0,1.0,6.25,1.37,0.76,24.5,24.46875,23.96875,24.125,3.6,0.0,0.0,44.0
18.27642,0x220,0.0,0.0,1.0,6.25,1.69,0.72,24.5,24.46875,23.96875,24.125,3.6,0.0,0.0,44.0
18.27666,0x316,0.0,0.0,1.0,6.25,1.69,0.72,24.5,24.46875,23.96875,24.125,3.6,0.0,0.0,44.0
18.28075,0x2B0,0.0,0.0,1.0,6.25,1.69,0.72,24.5,24.46875,23.96875,24.125,3.6,0.0,0.0,44.0
18.28642,0x220,0.0,0.0,1.0,6.25,1.85,0.89,24.5,24.46875,23.96875,24.125,3.6,0.0,0.0,44.0
18.28664,0x386,0.0,0.0,1.0,6.25,1.85,0.89,24.40625,24.59375,24.25,24.4375,3.6,0.0,0.0,44.0
18.28688,0x316,0.0,0.0,1.0,6.25,1.85,0.89,24.40625,24.59375,24.25,24.4375,3.6,0.0,0.0,43.0
18.29075,0x2B0,0.0,0.0,1.0,6.25,1.85,0.89,24.40625,24.59375,24.25,24.4375,3.6,0.0,0.0,43.0
18.29642,0x220,0.0,0.0,1.0,6.25,1.96,0.89,24.40625,24.59375,24.25,24.4375,3.6,0.0,0.0,43.0
18.29666,0x316,0.0,0.0,1.0,6.25,1.96,0.89,24.40625,24.59375,24.25,24.4375,3.6,0.0,0.0,43.0
18.30075,0x2B0,0.0,0.0,1.0,6.25,1.96,0.89,24.40625,24.59375,24.25,24.4375,3.6,0.0,0.0,43.0
18.30642,0x220,0.0,0.0,1.0,6.25,2.0,0.59,24.40625,24.59375,24.25,24.4375,3.6,0.0,0.0,43.0
18.30666,0x316,0.0,0.0,1.0,6.25,2.0,0.59,24.40625,24.59375,24.25,24.4375,3.6,0.0,0.0,42.0
18.30713,0x386,0.0,0.0,1.0,6.25,2.0,0.59,24.40625,24.25,24.3125,24.15625,3.6,0.0,0.0,42.0
18.31076,0x2B0,0.0,0.0,1.0,6.25,2.0,0.59,24.40625,24.25,24.3125,24.15625,3.6,0.0,0.0,42.0
18.31642,0x220,0.0,0.0,1.0,6.25,2.06,0.35,24.40625,24.25,24.3125,24.15625,3.6,0.0,0.0,42.0
18.31689,0x316,0.0,0.0,1.0,6.25,2.06,0.35,24.40625,24.25,24.3125,24.15625,3.6,0.0,0.0,42.0
18.32084,0x2B0,0.0,0.0,1.0,6.25,2.06,0.35,24.40625,24.25,24.3125,24.15625,3.6,0.0,0.0,42.0
18.32642,0x220,0.0,0.0,1.0,6.25,2.25,0.38,24.40625,24.25,24.3125,24.15625,3.6,0.0,0.0,42.0
18.32666,0x316,0.0,0.0,1.0,6.25,2.25,0.38,24.40625,24.25,24.3125,24.15625,3.6,0.0,0.0,42.0
18.32713,0x386,0.0,0.0,1.0,6.25,2.25,0.38,24.53125,24.59375,24.34375,24.09375,3.6,0.0,0.0,42.0
18.33076,0x2B0,0.0,0.0,1.0,6.25,2.25,0.38,24.53125,24.59375,24.34375,24.09375,3.2,20.0,0.0,42.0
18.33642,0x220,0.0,0.0,1.0,6.25,2.37,0.19,24.53125,24.59375,24.34375,24.09375,3.2,20.0,0.0,42.0
18.33675,0x316,0.0,0.0,1.0,6.25,2.37,0.19,24.53125,24.59375,24.34375,24.09375,3.2,20.0,0.0,42.0
18.34075,0x2B0,0.0,0.0,1.0,6.25,2.37,0.19,24.53125,24.59375,24.34375,24.09375,3.0,28.0,0.0,42.0
18.34642,0x220,0.0,0.0,1.0,6.25,2.2,-0.38,24.53125,24.59375,24.34375,24.09375,3.0,28.0,0.0,42.0
18.34665,0x386,0.0,0.0,1.0,6.25,2.2,-0.38,24.5,24.5,24.09375,24.40625,3.0,28.0,0.0,42.0
18.34689,0x316,0.0,0.0,1.0,6.25,2.2,-0.38,24.5,24.5,24.09375,24.40625,3.0,28.0,0.0,42.0
18.35074,0x2B0,0.0,0.0,1.0,6.25,2.2,-0.38,24.5,24.5,24.09375,24.40625,2.8,20.0,0.0,42.0
18.35642,0x220,0.0,0.0,1.0,6.25,1.77,-0.65,24.5,24.5,24.09375,24.40625,2.8,20.0,0.0,42.0
18.35666,0x316,0.0,0.0,1.0,6.25,1.77,-0.65,24.5,24.5,24.09375,24.40625,2.8,20.0,0.0,43.0
18.36076,0x2B0,0.0,0.0,1.0,6.25,1.77,-0.65,24.5,24.5,24.09375,24.40625,2.7,12.0,0.0,43.0
18.36643,0x220,0.0,0.0,1.0,6.25,1.36,-0.35,24.5,24.5,24.09375,24.40625,2.7,12.0,0.0,43.0
18.36667,0x316,0.0,0.0,1.0,6.25,1.36,-0.35,24.5,24.5,24.09375,24.40625,2.7,12.0,0.0,43.0
18.36714,0x386,0.0,0.0,1.0,6.25,1.36,-0.35,24.59375,24.6875,24.25,24.8125,2.7,12.0,0.0,43.0
18.37075,0x2B0,0.0,0.0,1.0,6.25,1.36,-0.35,24.59375,24.6875,24.25,24.8125,2.5,12.0,0.0,43.0
18.37642,0x220,0.0,0.0,1.0,6.25,1.33,0.09,24.59375,24.6875,24.25,24.8125,2.5,12.0,0.0,43.0
18.37674,0x316,0.0,0.0,1.0,6.25,1.33,0.09,24.59375,24.6875,24.25,24.8125,2.5,12.0,0.0,44.0
18.38074,0x2B0,0.0,0.0,1.0,6.25,1.33,0.09,24.59375,24.6875,24.25,24.8125,2.5,8.0,0.0,44.0
18.38643,0x220,0.0,0.0,1.0,6.25,1.75,0.17,24.59375,24.6875,24.25,24.8125,2.5,8.0,0.0,44.0
18.38667,0x316,0.0,0.0,1.0,6.25,1.75,0.17,24.59375,24.6875,24.25,24.8125,2.5,8.0,0.0,44.0
18.38714,0x386,0.0,0.0,1.0,6.25,1.75,0.17,24.65625,24.65625,24.84375,24.65625,2.5,8.0,0.0,44.0
18.39075,0x2B0,0.0,0.0,1.0,6.25,1.75,0.17,24.65625,24.65625,24.84375,24.65625,2.5,0.0,0.0,44.0
18.39642,0x220,0.0,0.0,1.0,6.25,2.2,-0.22,24.65625,24.65625,24.84375,24.65625,2.5,0.0,0.0,44.0
18.39672,0x316,0.0,0.0,1.0,6.25,2.2,-0.22,24.65625,24.65625,24.84375,24.65625,2.5,0.0,0.0,45.0
18.40068,0x2B0,0.0,0.0,1.0,6.25,2.2,-0.22,24.65625,24.65625,24.84375,24.65625,2.5,0.0,0.0,45.0
18.40642,0x220,0.0,0.0,1.0,6.25,2.29,-0.75,24.65625,24.65625,24.84375,24.65625,2.5,0.0,0.0,45.0
18.40666,0x316,0.0,0.0,1.0,6.25,2.29,-0.75,24.65625,24.65625,24.84375,24.65625,2.5,0.0,0.0,45.0
18.40713,0x386,0.0,0.0,1.0,6.25,2.29,-0.75,24.78125,24.9375,24.96875,24.71875,2.5,0.0,0.0,45.0
18.41073,0x2B0,0.0,0.0,1.0,6.25,2.29,-0.75,24.78125,24.9375,24.96875,24.71875,2.8,12.0,0.0,45.0
18.41643,0x220,0.0,0.0,1.0,6.25,1.91,-0.79,24.78125,24.9375,24.96875,24.71875,2.8,12.0,0.0,45.0
18.41688,0x316,0.0,0.0,1.0,6.25,1.91,-0.79,24.78125,24.9375,24.96875,24.71875,2.8,12.0,0.0,44.0
18.42073,0x2B0,0.0,0.0,1.0,6.25,1.91,-0.79,24.78125,24.9375,24.96875,24.71875,3.0,24.0,0.0,44.0
18.42642,0x220,0.0,0.0,1.0,6.25,1.38,-0.28,24.78125,24.9375,24.96875,24.71875,3.0,24.0,0.0,44.0
18.42665,0x316,0.0,0.0,1.0,6.25,1.38,-0.28,24.78125,24.9375,24.96875,24.71875,3.0,24.0,0.0,44.0
18.42712,0x386,0.0,0.0,1.0,6.25,1.38,-0.28,24.875,24.75,24.40625,24.40625,3.0,24.0,0.0,44.0
18.43072,0x2B0,0.0,0.0,1.0,6.25,1.38,-0.28,24.875,24.75,24.40625,24.40625,3.1,12.0,0.0,44.0
18.43643,0x220,0.0,0.0,1.0,6.25,1.02,0.2,24.875,24.75,24.40625,24.40625,3.1,12.0,0.0,44.0
18.43675,0x316,0.0,0.0,1.0,6.25,1.02,0.2,24.875,24.75,24.40625,24.40625,3.1,12.0,0.0,45.0
18.4407,0x2B0,0.0,0.0,1.0,6.25,1.02,0.2,24.875,24.75,24.40625,24.40625,3.1,0.0,0.0,45.0
18.44643,0x220,0.0,0.0,1.0,6.25,1.01,0.21,24.875,24.75,24.40625,24.40625,3.1,0.0,0.0,45.0
18.44666,0x386,0.0,0.0,1.0,6.25,1.01,0.21,24.875,24.875,23.875,24.53125,3.1,0.0,0.0,45.0
18.4469,0x316,0.0,0.0,1.0,6.25,1.01,0.21,24.875,24.875,23.875,24.53125,3.1,0.0,0.0,45.0
18.45076,0x2B0,0.0,0.0,1.0,6.25,1.01,0.21,24.875,24.875,23.875,24.53125,3.1,0.0,0.0,45.0
18.45643,0x220,0.0,0.0,1.0,6.25,1.19,-0.17,24.875,24.875,23.875,24.53125,3.1,0.0,0.0,45.0
18.45675,0x316,0.0,0.0,1.0,6.25,1.19,-0.17,24.875,24.875,23.875,24.53125,3.1,0.0,0.0,45.0
18.46075,0x2B0,0.0,0.0,1.0,6.25,1.19,-0.17,24.875,24.875,23.875,24.53125,3.5,20.0,0.0,45.0
18.46643,0x220,0.0,0.0,1.0,6.25,1.24,-0.46,24.875,24.875,23.875,24.53125,3.5,20.0,0.0,45.0
18.46667,0x316,0.0,0.0,1.0,6.25,1.24,-0.46,24.875,24.875,23.875,24.53125,3.5,20.0,0.0,45.0
18.46715,0x386,0.0,0.0,1.0,6.25,1.24,-0.46,24.875,25.0625,23.625,24.21875,3.5,20.0,0.0,45.0
18.47076,0x2B0,0.0,0.0,1.0,6.25,1.24,-0.46,24.875,25.0625,23.625,24.21875,3.8,32.0,0.0,45.0
18.47643,0x220,0.0,0.0,1.0,6.25,0.97,-0.14,24.875,25.0625,23.625,24.21875,3.8,32.0,0.0,45.0
18.47667,0x316,0.0,0.0,1.0,6.25,0.97,-0.14,24.875,25.0625,23.625,24.21875,3.8,32.0,0.0,45.0
18.48075,0x2B0,0.0,0.0,1.0,6.25,0.97,-0.14,24.875,25.0625,23.625,24.21875,4.0,24.0,0.0,45.0
18.48642,0x220,0.0,0.0,1.0,6.25,0.66,0.69,24.875,25.0625,23.625,24.21875,4.0,24.0,0.0,45.0
18.48666,0x316,0.0,0.0,1.0,6.25,0.66,0.69,24.875,25.0625,23.625,24.21875,4.0,24.0,0.0,45.0
18.48714,0x386,0.0,0.0,1.0,6.25,0.66,0.69,24.875,24.875,24.21875,23.875,4.0,24.0,0.0,45.0
18.49077,0x2B0,0.0,0.0,1.0,6.25,0.66,0.69,24.875,24.875,24.21875,23.875,4.2,20.0,0.0,45.0
18.49642,0x220,0.0,0.0,1.0,6.25,0.72,1.35,24.875,24.875,24.21875,23.875,4.2,20.0,0.0,45.0
18.49673,0x316,0.0,0.0,1.0,6.25,0.72,1.35,24.875,24.875,24.21875,23.875,4.2,20.0,0.0,45.0
18.50081,0x2B0,0.0,0.0,1.0,6.25,0.72,1.35,24.875,24.875,24.21875,23.875,4.2,8.0,0.0,45.0
18.50642,0x220,0.0,0.0,1.0,6.25,1.2,1.37,24.875,24.875,24.21875,23.875,4.2,8.0,0.0,45.0
18.50666,0x316,0.0,0.0,1.0,6.25,1.2,1.37,24.875,24.875,24.21875,23.875,4.2,8.0,0.0,45.0
18.50713,0x386,0.0,0.0,1.0,6.25,1.2,1.37,24.71875,25.03125,24.5625,24.53125,4.2,8.0,0.0,45.0
18.51075,0x2B0,0.0,0.0,1.0,6.25,1.2,1.37,24.71875,25.03125,24.5625,24.53125,4.3,0.0,0.0,45.0
18.51643,0x220,0.0,0.0,1.0,6.25,1.82,0.79,24.71875,25.03125,24.5625,24.53125,4.3,0.0,0.0,45.0
18.51683,0x316,0.0,0.0,1.0,6.25,1.82,0.79,24.71875,25.03125,24.5625,24.53125,4.3,0.0,0.0,45.0
18.52073,0x2B0,0.0,0.0,1.0,6.25,1.82,0.79,24.71875,25.03125,24.5625,24.53125,4.5,12.0,0.0,45.0
18.52642,0x220,0.0,0.0,1.0,6.25,2.22,0.28,24.71875,25.03125,24.5625,24.53125,4.5,12.0,0.0,45.0
18.52666,0x316,0.0,0.0,1.0,6.25,2.22,0.28,24.71875,25.03125,24.5625,24.53125,4.5,12.0,0.0,45.0
18.52713,0x386,0.0,0.0,1.0,6.25,2.22,0.28,24.9375,24.71875,24.8125,25.15625,4.5,12.0,0.0,45.0
18.53072,0x2B0,0.0,0.0,1.0,6.25,2.22,0.28,24.9375,24.71875,24.8125,25.15625,4.5,8.0,0.0,45.0
18.53645,0x220,0.0,0.0,1.0,6.25,2.17,0.18,24.9375,24.71875,24.8125,25.15625,4.5,8.0,0.0,45.0
18.53685,0x316,0.0,0.0,1.0,6.25,2.17,0.18,24.9375,24.71875,24.8125,25.15625,4.5,8.0,0.0,45.0
18.54072,0x2B0,0.0,0.0,1.0,6.25,2.17,0.18,24.9375,24.71875,24.8125,25.15625,4.5,0.0,0.0,45.0
18.54642,0x220,0.0,0.0,1.0,6.25,1.7,0.28,24.9375,24.71875,24.8125,25.15625,4.5,0.0,0.0,45.0
18.54665,0x386,0.0,0.0,1.0,6.25,1.7,0.28,24.78125,24.75,24.6875,24.96875,4.5,0.0,0.0,45.0
18.5469,0x316,0.0,0.0,1.0,6.25,1.7,0.28,24.78125,24.75,24.6875,24.96875,4.5,0.0,0.0,45.0
18.55071,0x2B0,0.0,0.0,1.0,6.25,1.7,0.28,24.78125,24.75,24.6875,24.96875,4.5,0.0,0.0,45.0
18.55643,0x220,0.0,0.0,1.0,6.25,1.08,0.35,24.78125,24.75,24.6875,24.96875,4.5,0.0,0.0,45.0
18.55672,0x316,0.0,0.0,1.0,6.25,1.08,0.35,24.78125,24.75,24.6875,24.96875,4.5,0.0,0.0,44.0
18.5607,0x2B0,0.0,0.0,1.0,6.25,1.08,0.35,24.78125,24.75,24.6875,24.96875,4.5,0.0,0.0,44.0
18.56643,0x220,0.0,0.0,1.0,6.25,0.65,0.31,24.78125,24.75,24.6875,24.96875,4.5,0.0,0.0,44.0
18.56668,0x316,0.0,0.0,1.0,6.25,0.65,0.31,24.78125,24.75,24.6875,24.96875,4.5,0.0,0.0,44.0
18.56715,0x386,0.0,0.0,1.0,6.25,0.65,0.31,24.96875,24.78125,24.25,24.15625,4.5,0.0,0.0,44.0
18.57078,0x2B0,0.0,0.0,1.0,6.25,0.65,0.31,24.96875,24.78125,24.25,24.15625,4.5,0.0,0.0,44.0
18.57643,0x220,0.0,0.0,1.0,6.25,0.66,0.29,24.96875,24.78125,24.25,24.15625,4.5,0.0,0.0,44.0
18.57678,0x316,0.0,0.0,1.0,6.25,0.66,0.29,24.96875,24.78125,24.25,24.15625,4.5,0.0,0.0,44.0
18.58078,0x2B0,0.0,0.0,1.0,6.25,0.66,0.29,24.96875,24.78125,24.25,24.15625,4.3,8.0,0.0,44.0
18.58642,0x220,0.0,0.0,1.0,6.25,1.19,0.34,24.96875,24.78125,24.25,24.15625,4.3,8.0,0.0,44.0
18.58667,0x316,0.0,0.0,1.0,6.25,1.19,0.34,24.96875,24.78125,24.25,24.15625,4.3,8.0,0.0,44.0
18.58714,0x386,0.0,0.0,1.0,6.25,1.19,0.34,24.71875,24.9375,24.34375,23.84375,4.3,8.0,0.0,44.0
18.59077,0x2B0,0.0,0.0,1.0,6.25,1.19,0.34,24.71875,24.9375,24.34375,23.84375,4.1,20.0,0.0,44.0
18.59644,0x220,0.0,0.0,1.0,6.25,1.97,0.31,24.71875,24.9375,24.34375,23.84375,4.1,20.0,0.0,44.0
18.59672,0x316,0.0,0.0,1.0,6.25,1.97,0.31,24.71875,24.9375,24.34375,23.84375,4.1,20.0,0.0,44.0
18.60077,0x2B0,0.0,0.0,1.0,6.25,1.97,0.31,24.71875,24.9375,24.34375,23.84375,4.1,8.0,0.0,44.0
18.60643,0x220,0.0,0.0,1.0,6.25,2.5,0.11,24.71875,24.9375,24.34375,23.84375,4.1,8.0,0.0,44.0
18.60668,0x316,0.0,0.0,1.0,6.25,2.5,0.11,24.71875,24.9375,24.34375,23.84375,4.1,8.0,0.0,45.0
18.60716,0x386,0.0,0.0,1.0,6.25,2.5,0.11,24.84375,24.90625,24.03125,24.375,4.1,8.0,0.0,45.0
18.61076,0x2B0,0.0,0.0,1.0,6.25,2.5,0.11,24.84375,24.90625,24.03125,24.375,4.1,0.0,0.0,45.0
18.61643,0x220,0.0,0.0,1.0,6.25,2.54,0.06,24.84375,24.90625,24.03125,24.375,4.1,0.0,0.0,45.0
18.61689,0x316,0.0,0.0,1.0,6.25,2.54,0.06,24.84375,24.90625,24.03125,24.375,4.1,0.0,0.0,45.0
18.62077,0x2B0,0.0,0.0,1.0,6.25,2.54,0.06,24.84375,24.90625,24.03125,24.375,4.1,0.0,0.0,45.0
18.62643,0x220,0.0,0.0,1.0,6.25,2.17,0.2,24.84375,24.90625,24.03125,24.375,4.1,0.0,0.0,45.0
18.62668,0x316,0.0,0.0,1.0,6.25,2.17,0.2,24.84375,24.90625,24.03125,24.375,4.1,0.0,0.0,45.0
18.62716,0x386,0.0,0.0,1.0,6.25,2.17,0.2,25.0,24.6875,24.03125,24.5,4.1,0.0,0.0,45.0
18.63072,0x2B0,0.0,0.0,1.0,6.25,2.17,0.2,25.0,24.6875,24.03125,24.5,4.1,0.0,0.0,45.0
18.63648,0x220,0.0,0.0,1.0,6.25,1.68,0.17,25.0,24.6875,24.03125,24.5,4.1,0.0,0.0,45.0
18.63679,0x316,0.0,0.0,1.0,6.25,1.68,0.17,25.0,24.6875,24.03125,24.5,4.1,0.0,0.0,45.0
18.64078,0x2B0,0.0,0.0,1.0,6.25,1.68,0.17,25.0,24.6875,24.03125,24.5,4.1,0.0,0.0,45.0
18.64643,0x220,0.0,0.0,1.0,6.25,1.23,-0.08,25.0,24.6875,24.03125,24.5,4.1,0.0,0.0,45.0
18.64666,0x386,0.0,0.0,1.0,6.25,1.23,-0.08,24.9375,25.0625,24.3125,24.25,4.1,0.0,0.0,45.0
18.6469,0x316,0.0,0.0,1.0,6.25,1.23,-0.08,24.9375,25.0625,24.3125,24.25,4.1,0.0,0.0,45.0
18.65077,0x2B0,0.0,0.0,1.0,6.25,1.23,-0.08,24.9375,25.0625,24.3125,24.25,4.0,0.0,0.0,45.0
18.65642,0x220,0.0,0.0,1.0,6.25,0.9,-0.39,24.9375,25.0625,24.3125,24.25,4.0,0.0,0.0,45.0
18.65681,0x316,0.0,0.0,1.0,6.25,0.9,-0.39,24.9375,25.0625,24.3125,24.25,4.0,0.0,0.0,44.0
18.66078,0x2B0,0.0,0.0,1.0,6.25,0.9,-0.39,24.9375,25.0625,24.3125,24.25,4.0,0.0,0.0,44.0
18.66646,0x220,0.0,0.0,1.0,6.25,0.85,-0.32,24.9375,25.0625,24.3125,24.25,4.0,0.0,0.0,44.0
18.6667,0x316,0.0,0.0,1.0,6.25,0.85,-0.32,24.9375,25.0625,24.3125,24.25,4.0,0.0,0.0,44.0
18.66718,0x386,0.0,0.0,1.0,6.25,0.85,-0.32,24.78125,24.625,23.9375,24.90625,4.0,0.0,0.0,44.0
18.67079,0x2B0,0.0,0.0,1.0,6.25,0.85,-0.32,24.78125,24.625,23.9375,24.90625,3.9,0.0,0.0,44.0
18.67644,0x220,0.0,0.0,1.0,6.25,1.12,0.33,24.78125,24.625,23.9375,24.90625,3.9,0.0,0.0,44.0
18.67668,0x316,0.0,0.0,1.0,6.25,1.12,0.33,24.78125,24.625,23.9375,24.90625,3.9,0.0,0.0,44.0
18.68077,0x2B0,0.0,0.0,1.0,6.25,1.12,0.33,24.78125,24.625,23.9375,24.90625,3.7,12.0,0.0,44.0
18.68643,0x220,0.0,0.0,1.0,6.25,1.57,1.06,24.78125,24.625,23.9375,24.90625,3.7,12.0,0.0,44.0
18.68667,0x316,0.0,0.0,1.0,6.25,1.57,1.06,24.78125,24.625,23.9375,24.90625,3.7,12.0,0.0,44.0
18.68715,0x386,0.0,0.0,1.0,6.25,1.57,1.06,24.75,24.8125,24.0,24.875,3.7,12.0,0.0,44.0
18.69079,0x2B0,0.0,0.0,1.0,6.25,1.57,1.06,24.75,24.8125,24.0,24.875,3.6,12.0,0.0,44.0
18.69643,0x220,0.0,0.0,1.0,6.25,2.05,1.21,24.75,24.8125,24.0,24.875,3.6,12.0,0.0,44.0
18.69675,0x316,0.0,0.0,1.0,6.25,2.05,1.21,24.75,24.8125,24.0,24.875,3.6,12.0,0.0,44.0
18.70081,0x2B0,0.0,0.0,1.0,6.25,2.05,1.21,24.75,24.8125,24.0,24.875,3.6,0.0,0.0,44.0
18.70643,0x220,0.0,0.0,1.0,6.25,2.25,0.79,24.75,24.8125,24.0,24.875,3.6,0.0,0.0,44.0
18.70667,0x316,0.0,0.0,1.0,6.25,2.25,0.79,24.75,24.8125,24.0,24.875,3.6,0.0,0.0,44.0
18.70715,0x386,0.0,0.0,1.0,6.25,2.25,0.79,24.46875,24.75,24.28125,24.4375,3.6,0.0,0.0,44.0
18.7108,0x2B0,0.0,0.0,1.0,6.25,2.25,0.79,24.46875,24.75,24.28125,24.4375,3.5,0.0,0.0,44.0
18.71643,0x220,0.0,0.0,1.0,6.25,1.99,0.4,24.46875,24.75,24.28125,24.4375,3.5,0.0,0.0,44.0
18.71683,0x316,0.0,0.0,1.0,6.25,1.99,0.4,24.46875,24.75,24.28125,24.4375,3.5,0.0,0.0,44.0
18.72071,0x2B0,0.0,0.0,1.0,6.25,1.99,0.4,24.46875,24.75,24.28125,24.4375,3.5,0.0,0.0,44.0
18.72642,0x220,0.0,0.0,1.0,6.25,1.39,0.37,24.46875,24.75,24.28125,24.4375,3.5,0.0,0.0,44.0
18.72667,0x316,0.0,0.0,1.0,6.25,1.39,0.37,24.46875,24.75,24.28125,24.4375,3.5,0.0,0.0,44.0
18.72714,0x386,0.0,0.0,1.0,6.25,1.39,0.37,24.75,24.53125,24.125,24.34375,3.5,0.0,0.0,44.0
18.73078,0x2B0,0.0,0.0,1.0,6.25,1.39,0.37,24.75,24.53125,24.125,24.34375,3.5,0.0,0.0,44.0
18.7365,0x220,0.0,0.0,1.0,6.25,0.95,0.51,24.75,24.53125,24.125,24.34375,3.5,0.0,0.0,44.0
18.73684,0x316,0.0,0.0,1.0,6.25,0.95,0.51,24.75,24.53125,24.125,24.34375,3.5,0.0,0.0,45.0
18.74072,0x2B0,0.0,0.0,1.0,6.25,0.95,0.51,24.75,24.53125,24.125,24.34375,3.5,0.0,0.0,45.0
18.74643,0x220,0.0,0.0,1.0,6.25,0.97,0.65,24.75,24.53125,24.125,24.34375,3.5,0.0,0.0,45.0
18.74666,0x386,0.0,0.0,1.0,6.25,0.97,0.65,24.59375,24.84375,24.1875,24.8125,3.5,0.0,0.0,45.0
18.7469,0x316,0.0,0.0,1.0,6.25,0.97,0.65,24.59375,24.84375,24.1875,24.8125,3.5,0.0,0.0,45.0
18.75078,0x2B0,0.0,0.0,1.0,6.25,0.97,0.65,24.59375,24.84375,24.1875,24.8125,3.5,0.0,0.0,45.0
18.75644,0x220,0.0,0.0,1.0,6.25,1.42,0.47,24.59375,24.84375,24.1875,24.8125,3.5,0.0,0.0,45.0
18.75672,0x316,0.0,0.0,1.0,6.25,1.42,0.47,24.59375,24.84375,24.1875,24.8125,3.5,0.0,0.0,45.0
18.76073,0x2B0,0.0,0.0,1.0,6.25,1.42,0.47,24.59375,24.84375,24.1875,24.8125,3.7,8.0,0.0,45.0
18.76653,0x220,0.0,0.0,1.0,6.25,2.23,0.04,24.59375,24.84375,24.1875,24.8125,3.7,8.0,0.0,45.0
18.76677,0x316,0.0,0.0,1.0,6.25,2.23,0.04,24.59375,24.84375,24.1875,24.8125,3.7,8.0,0.0,46.0
18.76724,0x386,0.0,0.0,1.0,6.25,2.23,0.04,24.375,24.625,24.84375,24.46875,3.7,8.0,0.0,46.0
18.77076,0x2B0,0.0,0.0,1.0,6.25,2.23,0.04,24.375,24.625,24.84375,24.46875,3.9,20.0,0.0,46.0
18.77643,0x220,0.0,0.0,1.0,6.25,3.05,-0.15,24.375,24.625,24.84375,24.46875,3.9,20.0,0.0,46.0
18.77679,0x316,0.0,0.0,1.0,6.25,3.05,-0.15,24.375,24.625,24.84375,24.46875,3.9,20.0,0.0,46.0
18.7808,0x2B0,0.0,0.0,1.0,6.25,3.05,-0.15,24.375,24.625,24.84375,24.46875,3.9,8.0,0.0,46.0
18.78643,0x220,0.0,0.0,1.0,6.25,3.54,-0.02,24.375,24.625,24.84375,24.46875,3.9,8.0,0.0,46.0
18.78667,0x316,0.0,0.0,1.0,6.25,3.54,-0.02,24.375,24.625,24.84375,24.46875,3.9,8.0,0.0,46.0
18.78715,0x386,0.0,0.0,1.0,6.25,3.54,-0.02,24.5625,24.6875,24.875,24.78125,3.9,8.0,0.0,46.0
18.79073,0x2B0,0.0,0.0,1.0,6.25,3.54,-0.02,24.5625,24.6875,24.875,24.78125,4.1,8.0,0.0,46.0
18.79644,0x220,0.0,0.0,1.0,6.25,3.62,0.16,24.5625,24.6875,24.875,24.78125,4.1,8.0,0.0,46.0
18.79669,0x316,0.0,0.0,1.0,6.25,3.62,0.16,24.5625,24.6875,24.875,24.78125,4.1,8.0,0.0,46.0
18.80072,0x2B0,0.0,0.0,1.0,6.25,3.62,0.16,24.5625,24.6875,24.875,24.78125,4.1,8.0,0.0,46.0
18.80643,0x220,0.0,0.0,1.0,6.25,3.27,0.19,24.5625,24.6875,24.875,24.78125,4.1,8.0,0.0,46.0
18.80667,0x316,0.0,0.0,1.0,6.25,3.27,0.19,24.5625,24.6875,24.875,24.78125,4.1,8.0,0.0,46.0
18.80715,0x386,0.0,0.0,1.0,6.25,3.27,0.19,24.4375,24.78125,24.375,24.84375,4.1,8.0,0.0,46.0
18.81073,0x2B0,0.0,0.0,1.0,6.25,3.27,0.19,24.4375,24.78125,24.375,24.84375,4.1,0.0,0.0,46.0
18.81644,0x220,0.0,0.0,1.0,6.25,2.67,-0.06,24.4375,24.78125,24.375,24.84375,4.1,0.0,0.0,46.0
18.81689,0x316,0.0,0.0,1.0,6.25,2.67,-0.06,24.4375,24.78125,24.375,24.84375,4.1,0.0,0.0,46.0
18.82072,0x2B0,0.0,0.0,1.0,6.25,2.67,-0.06,24.4375,24.78125,24.375,24.84375,4.1,0.0,0.0,46.0
18.82643,0x220,0.0,0.0,1.0,6.25,1.94,-0.49,24.4375,24.78125,24.375,24.84375,4.1,0.0,0.0,46.0
18.82668,0x316,0.0,0.0,1.0,6.25,1.94,-0.49,24.4375,24.78125,24.375,24.84375,4.1,0.0,0.0,46.0
18.82715,0x386,0.0,0.0,1.0,6.25,1.94,-0.49,24.6875,24.59375,24.1875,24.375,4.1,0.0,0.0,46.0
18.83071,0x2B0,0.0,0.0,1.0,6.25,1.94,-0.49,24.6875,24.59375,24.1875,24.375,4.1,0.0,0.0,46.0
18.83646,0x220,0.0,0.0,1.0,6.25,1.35,-0.73,24.6875,24.59375,24.1875,24.375,4.1,0.0,0.0,46.0
18.83691,0x316,0.0,0.0,1.0,6.25,1.35,-0.73,24.6875,24.59375,24.1875,24.375,4.1,0.0,0.0,46.0
18.84072,0x2B0,0.0,0.0,1.0,6.25,1.35,-0.73,24.6875,24.59375,24.1875,24.375,4.1,0.0,0.0,46.0
18.84644,0x220,0.0,0.0,1.0,6.25,1.18,-0.46,24.6875,24.59375,24.1875,24.375,4.1,0.0,0.0,46.0
18.84668,0x386,0.0,0.0,1.0,6.25,1.18,-0.46,24.65625,24.65625,24.1875,24.21875,4.1,0.0,0.0,46.0
18.84692,0x316,0.0,0.0,1.0,6.25,1.18,-0.46,24.65625,24.65625,24.1875,24.21875,4.1,0.0,0.0,46.0
18.85072,0x2B0,0.0,0.0,1.0,6.25,1.18,-0.46,24.65625,24.65625,24.1875,24.21875,4.1,0.0,0.0,46.0
18.85643,0x220,0.0,0.0,1.0,6.25,1.36,-0.16,24.65625,24.65625,24.1875,24.21875,4.1,0.0,0.0,46.0
18.85679,0x316,0.0,0.0,1.0,6.25,1.36,-0.16,24.65625,24.65625,24.1875,24.21875,4.1,0.0,0.0,47.0
18.8607,0x2B0,0.0,0.0,1.0,6.25,1.36,-0.16,24.65625,24.65625,24.1875,24.21875,4.1,0.0,0.0,47.0
18.8666,0x220,0.0,0.0,1.0,6.25,1.66,-0.19,24.65625,24.65625,24.1875,24.21875,4.1,0.0,0.0,47.0
18.86684,0x316,0.0,0.0,1.0,6.25,1.66,-0.19,24.65625,24.65625,24.1875,24.21875,4.1,0.0,0.0,47.0
18.86731,0x386,0.0,0.0,1.0,6.25,1.66,-0.19,24.75,24.9375,24.25,24.6875,4.1,0.0,0.0,47.0
18.87078,0x2B0,0.0,0.0,1.0,6.25,1.66,-0.19,24.75,24.9375,24.25,24.6875,4.1,0.0,0.0,47.0
18.87643,0x220,0.0,0.0,1.0,6.25,1.89,-0.28,24.75,24.9375,24.25,24.6875,4.1,0.0,0.0,47.0
18.87668,0x316,0.0,0.0,1.0,6.25,1.89,-0.28,24.75,24.9375,24.25,24.6875,4.1,0.0,0.0,48.0
18.88072,0x2B0,0.0,0.0,1.0,6.25,1.89,-0.28,24.75,24.9375,24.25,24.6875,4.4,12.0,0.0,48.0
18.88643,0x220,0.0,0.0,1.0,6.25,2.0,-0.21,24.75,24.9375,24.25,24.6875,4.4,12.0,0.0,48.0
18.88667,0x316,0.0,0.0,1.0,6.25,2.0,-0.21,24.75,24.9375,24.25,24.6875,4.4,12.0,0.0,48.0
18.88715,0x386,0.0,0.0,1.0,6.25,2.0,-0.21,25.0,24.90625,24.46875,24.5,4.4,12.0,0.0,48.0
18.89071,0x2B0,0.0,0.0,1.0,6.25,2.0,-0.21,25.0,24.90625,24.46875,24.5,4.6,24.0,0.0,48.0
18.89644,0x220,0.0,0.0,1.0,6.25,2.09,-0.08,25.0,24.90625,24.46875,24.5,4.6,24.0,0.0,48.0
18.89678,0x316,0.0,0.0,1.0,6.25,2.09,-0.08,25.0,24.90625,24.46875,24.5,4.6,24.0,0.0,48.0
18.9007,0x2B0,0.0,0.0,1.0,6.25,2.09,-0.08,25.0,24.90625,24.46875,24.5,4.8,20.0,0.0,48.0
18.90644,0x220,0.0,0.0,1.0,6.25,2.27,-0.15,25.0,24.90625,24.46875,24.5,4.8,20.0,0.0,48.0
18.90668,0x316,0.0,0.0,1.0,6.25,2.27,-0.15,25.0,24.90625,24.46875,24.5,4.8,20.0,0.0,48.0
18.90715,0x386,0.0,0.0,1.0,6.25,2.27,-0.15,24.875,25.15625,24.5,24.09375,4.8,20.0,0.0,48.0
18.91072,0x2B0,0.0,0.0,1.0,6.25,2.27,-0.15,24.875,25.15625,24.5,24.09375,5.0,20.0,0.0,48.0
18.91644,0x220,0.0,0.0,1.0,6.25,2.42,-0.49,24.875,25.15625,24.5,24.09375,5.0,20.0,0.0,48.0
18.91685,0x316,0.0,0.0,1.0,6.25,2.42,-0.49,24.875,25.15625,24.5,24.09375,5.0,20.0,0.0,48.0
18.92078,0x2B0,0.0,0.0,1.0,6.25,2.42,-0.49,24.875,25.15625,24.5,24.09375,5.0,8.0,0.0,48.0
18.92644,0x220,0.0,0.0,1.0,6.25,2.37,-0.73,24.875,25.15625,24.5,24.09375,5.0,8.0,0.0,48.0
18.92668,0x316,0.0,0.0,1.0,6.25,2.37,-0.73,24.875,25.15625,24.5,24.09375,5.0,8.0,0.0,48.0
18.92715,0x386,0.0,0.0,1.0,6.25,2.37,-0.73,24.96875,25.09375,24.125,24.71875,5.0,8.0,0.0,48.0
18.93073,0x2B0,0.0,0.0,1.0,6.25,2.37,-0.73,24.96875,25.09375,24.125,24.71875,5.2,8.0,0.0,48.0
18.93648,0x220,0.0,0.0,1.0,6.25,2.11,-0.53,24.96875,25.09375,24.125,24.71875,5.2,8.0,0.0,48.0
18.93693,0x316,0.0,0.0,1.0,6.25,2.11,-0.53,24.96875,25.09375,24.125,24.71875,5.2,8.0,0.0,48.0
18.94075,0x2B0,0.0,0.0,1.0,6.25,2.11,-0.53,24.96875,25.09375,24.125,24.71875,5.2,8.0,0.0,48.0
18.94644,0x220,0.0,0.0,1.0,6.25,1.71,-0.13,24.96875,25.09375,24.125,24.71875,5.2,8.0,0.0,48.0
18.94667,0x386,0.0,0.0,1.0,6.25,1.71,-0.13,25.0,24.9375,24.0625,24.8125,5.2,8.0,0.0,48.0
18.94691,0x316,0.0,0.0,1.0,6.25,1.71,-0.13,25.0,24.9375,24.0625,24.8125,5.2,8.0,0.0,48.0
18.95072,0x2B0,0.0,0.0,1.0,6.25,1.71,-0.13,25.0,24.9375,24.0625,24.8125,5.4,8.0,0.0,48.0
18.95644,0x220,0.0,0.0,1.0,6.25,1.32,0.21,25.0,24.9375,24.0625,24.8125,5.4,8.0,0.0,48.0
18.95671,0x316,0.0,0.0,1.0,6.25,1.32,0.21,25.0,24.9375,24.0625,24.8125,5.4,8.0,0.0,47.0
18.9607,0x2B0,0.0,0.0,1.0,6.25,1.32,0.21,25.0,24.9375,24.0625,24.8125,5.4,8.0,0.0,47.0
18.96645,0x220,0.0,0.0,1.0,6.25,1.04,0.51,25.0,24.9375,24.0625,24.8125,5.4,8.0,0.0,47.0
18.96693,0x386,0.0,0.0,1.0,6.25,1.04,0.51,25.0,25.03125,24.5625,24.40625,5.4,8.0,0.0,47.0
18.96804,0x316,0.0,0.0,1.0,6.25,1.04,0.51,25.0,25.03125,24.5625,24.40625,5.4,8.0,0.0,47.0
18.9707,0x2B0,0.0,0.0,1.0,6.25,1.04,0.51,25.0,25.03125,24.5625,24.40625,5.4,0.0,0.0,47.0
18.97644,0x220,0.0,0.0,1.0,6.25,0.94,0.71,25.0,25.03125,24.5625,24.40625,5.4,0.0,0.0,47.0
18.97675,0x316,0.0,0.0,1.0,6.25,0.94,0.71,25.0,25.03125,24.5625,24.40625,5.4,0.0,0.0,47.0
18.98075,0x2B0,0.0,0.0,1.0,6.25,0.94,0.71,25.0,25.03125,24.5625,24.40625,5.4,0.0,0.0,47.0
18.98643,0x220,0.0,0.0,1.0,6.25,1.11,0.75,25.0,25.03125,24.5625,24.40625,5.4,0.0,0.0,47.0
18.98666,0x386,0.0,0.0,1.0,6.25,1.11,0.75,25.0625,25.09375,25.21875,24.34375,5.4,0.0,0.0,47.0
18.9869,0x316,0.0,0.0,1.0,6.25,1.11,0.75,25.0625,25.09375,25.21875,24.34375,5.4,0.0,0.0,48.0
18.99073,0x2B0,0.0,0.0,1.0,6.25,1.11,0.75,25.0625,25.09375,25.21875,24.34375,5.4,0.0,0.0,48.0
18.99644,0x220,0.0,0.0,1.0,6.25,1.52,0.58,25.0625,25.09375,25.21875,24.34375,5.4,0.0,0.0,48.0
18.99668,0x316,0.0,0.0,1.0,6.25,1.52,0.58,25.0625,25.09375,25.21875,24.34375,5.4,0.0,0.0,48.0
19.00074,0x2B0,0.0,0.0,1.0,6.25,1.52,0.58,25.0625,25.09375,25.21875,24.34375,5.4,0.0,0.0,48.0
19.00644,0x220,0.0,0.0,1.0,6.25,1.9,0.36,25.0625,25.09375,25.21875,24.34375,5.4,0.0,0.0,48.0
19.00668,0x316,0.0,0.0,1.0,6.25,1.9,0.36,25.0625,25.09375,25.21875,24.34375,5.4,0.0,0.0,48.0
19.00715,0x386,0.0,0.0,1.0,6.25,1.9,0.36,25.0625,25.1875,24.875,24.875,5.4,0.0,0.0,48.0
19.01073,0x2B0,0.0,0.0,1.0,6.25,1.9,0.36,25.0625,25.1875,24.875,24.875,5.4,0.0,0.0,48.0
19.01644,0x220,0.0,0.0,1.0,6.25,2.13,0.2,25.0625,25.1875,24.875,24.875,5.4,0.0,0.0,48.0
19.01688,0x316,0.0,0.0,1.0,6.25,2.13,0.2,25.0625,25.1875,24.875,24.875,5.4,0.0,0.0,49.0
19.02074,0x2B0,0.0,0.0,1.0,6.25,2.13,0.2,25.0625,25.1875,24.875,24.875,5.4,0.0,0.0,49.0
19.02644,0x220,0.0,0.0,1.0,6.25,2.1,0.01,25.0625,25.1875,24.875,24.875,5.4,0.0,0.0,49.0
19.02667,0x386,0.0,0.0,1.0,6.25,2.1,0.01,25.03125,25.09375,24.6875,24.96875,5.4,0.0,0.0,49.0
19.02691,0x316,0.0,0.0,1.0,6.25,2.1,0.01,25.03125,25.09375,24.6875,24.96875,5.4,0.0,0.0,49.0
19.03067,0x2B0,0.0,0.0,1.0,6.25,2.1,0.01,25.03125,25.09375,24.6875,24.96875,5.4,0.0,0.0,49.0
19.03651,0x220,0.0,0.0,1.0,6.25,1.89,-0.04,25.03125,25.09375,24.6875,24.96875,5.4,0.0,0.0,49.0
19.03675,0x316,0.0,0.0,1.0,6.25,1.89,-0.04,25.03125,25.09375,24.6875,24.96875,5.4,0.0,0.0,49.0
19.04068,0x2B0,0.0,0.0,1.0,6.25,1.89,-0.04,25.03125,25.09375,24.6875,24.96875,5.4,0.0,0.0,49.0
19.04643,0x220,0.0,0.0,1.0,6.25,1.68,0.0,25.03125,25.09375,24.6875,24.96875,5.4,0.0,0.0,49.0
19.04667,0x386,0.0,0.0,1.0,6.25,1.68,0.0,25.0625,25.21875,24.46875,24.75,5.4,0.0,0.0,49.0
19.04691,0x316,0.0,0.0,1.0,6.25,1.68,0.0,25.0625,25.21875,24.46875,24.75,5.4,0.0,0.0,49.0
19.05069,0x2B0,0.0,0.0,1.0,6.25,1.68,0.0,25.0625,25.21875,24.46875,24.75,5.4,0.0,0.0,49.0
19.05644,0x220,0.0,0.0,1.0,6.25,1.53,0.19,25.0625,25.21875,24.46875,24.75,5.4,0.0,0.0,49.0
19.05674,0x316,0.0,0.0,1.0,6.25,1.53,0.19,25.0625,25.21875,24.46875,24.75,5.4,0.0,0.0,49.0
19.06073,0x2B0,0.0,0.0,1.0,6.25,1.53,0.19,25.0625,25.21875,24.46875,24.75,5.4,0.0,0.0,49.0
19.06645,0x220,0.0,0.0,1.0,6.25,1.53,0.26,25.0625,25.21875,24.46875,24.75,5.4,0.0,0.0,49.0
19.06668,0x386,0.0,0.0,1.0,6.25,1.53,0.26,24.9375,25.1875,24.5625,24.5625,5.4,0.0,0.0,49.0
19.06692,0x316,0.0,0.0,1.0,6.25,1.53,0.26,24.9375,25.1875,24.5625,24.5625,5.4,0.0,0.0,49.0
19.07073,0x2B0,0.0,0.0,1.0,6.25,1.53,0.26,24.9375,25.1875,24.5625,24.5625,5.4,0.0,0.0,49.0
19.07644,0x220,0.0,0.0,1.0,6.25,1.64,0.21,24.9375,25.1875,24.5625,24.5625,5.4,0.0,0.0,49.0
19.07669,0x316,0.0,0.0,1.0,6.25,1.64,0.21,24.9375,25.1875,24.5625,24.5625,5.4,0.0,0.0,48.0
19.08074,0x2B0,0.0,0.0,1.0,6.25,1.64,0.21,24.9375,25.1875,24.5625,24.5625,5.3,0.0,0.0,48.0
19.08643,0x220,0.0,0.0,1.0,6.25,1.76,0.33,24.9375,25.1875,24.5625,24.5625,5.3,0.0,0.0,48.0
19.08668,0x316,0.0,0.0,1.0,6.25,1.76,0.33,24.9375,25.1875,24.5625,24.5625,5.3,0.0,0.0,48.0
19.08715,0x386,0.0,0.0,1.0,6.25,1.76,0.33,25.15625,24.9375,24.78125,24.375,5.3,0.0,0.0,48.0
19.09068,0x2B0,0.0,0.0,1.0,6.25,1.76,0.33,25.15625,24.9375,24.78125,24.375,5.3,0.0,0.0,48.0
19.09644,0x220,0.0,0.0,1.0,6.25,1.77,0.5,25.15625,24.9375,24.78125,24.375,5.3,0.0,0.0,48.0
19.09672,0x316,0.0,0.0,1.0,6.25,1.77,0.5,25.15625,24.9375,24.78125,24.375,5.3,0.0,0.0,48.0
19.10068,0x2B0,0.0,0.0,1.0,6.25,1.77,0.5,25.15625,24.9375,24.78125,24.375,5.3,0.0,0.0,48.0
19.10644,0x220,0.0,0.0,1.0,6.25,1.62,0.32,25.15625,24.9375,24.78125,24.375,5.3,0.0,0.0,48.0
19.10667,0x386,0.0,0.0,1.0,6.25,1.62,0.32,25.09375,25.15625,24.6875,25.125,5.3,0.0,0.0,48.0
19.10691,0x316,0.0,0.0,1.0,6.25,1.62,0.32,25.09375,25.15625,24.6875,25.125,5.3,0.0,0.0,48.0
19.11068,0x2B0,0.0,0.0,1.0,6.25,1.62,0.32,25.09375,25.15625,24.6875,25.125,5.3,0.0,0.0,48.0
19.11645,0x220,0.0,0.0,1.0,6.25,1.31,-0.1,25.09375,25.15625,24.6875,25.125,5.3,0.0,0.0,48.0
19.11683,0x316,0.0,0.0,1.0,6.25,1.31,-0.1,25.09375,25.15625,24.6875,25.125,5.3,0.0,0.0,48.0
19.12068,0x2B0,0.0,0.0,1.0,6.25,1.31,-0.1,25.09375,25.15625,24.6875,25.125,5.3,0.0,0.0,48.0
19.12644,0x220,0.0,0.0,1.0,6.25,0.93,-0.27,25.09375,25.15625,24.6875,25.125,5.3,0.0,0.0,48.0
19.12669,0x316,0.0,0.0,1.0,6.25,0.93,-0.27,25.09375,25.15625,24.6875,25.125,5.3,0.0,0.0,48.0
19.12716,0x386,0.0,0.0,1.0,6.25,0.93,-0.27,25.09375,25.125,24.8125,25.375,5.3,0.0,0.0,48.0
19.13068,0x2B0,0.0,0.0,1.0,6.25,0.93,-0.27,25.09375,25.125,24.8125,25.375,5.3,0.0,0.0,48.0
19.13654,0x220,0.0,0.0,1.0,6.25,0.73,0.03,25.09375,25.125,24.8125,25.375,5.3,0.0,0.0,48.0
19.13699,0x316,0.0,0.0,1.0,6.25,0.73,0.03,25.09375,25.125,24.8125,25.375,5.3,0.0,0.0,48.0
19.14074,0x2B0,0.0,0.0,1.0,6.25,0.73,0.03,25.09375,25.125,24.8125,25.375,5.3,0.0,0.0,48.0
19.14644,0x220,0.0,0.0,1.0,6.25,0.93,0.44,25.09375,25.125,24.8125,25.375,5.3,0.0,0.0,48.0
19.14667,0x386,0.0,0.0,1.0,6.25,0.93,0.44,25.09375,25.0625,25.40625,25.09375,5.3,0.0,0.0,48.0
19.14691,0x316,0.0,0.0,1.0,6.25,0.93,0.44,25.09375,25.0625,25.40625,25.09375,5.3,0.0,0.0,48.0
19.15068,0x2B0,0.0,0.0,1.0,6.25,0.93,0.44,25.09375,25.0625,25.40625,25.09375,5.3,0.0,0.0,48.0
19.15647,0x220,0.0,0.0,1.0,6.25,1.29,0.43,25.09375,25.0625,25.40625,25.09375,5.3,0.0,0.0,48.0
19.15671,0x316,0.0,0.0,1.0,6.25,1.29,0.43,25.09375,25.0625,25.40625,25.09375,5.3,0.0,0.0,49.0
19.16069,0x2B0,0.0,0.0,1.0,6.25,1.29,0.43,25.09375,25.0625,25.40625,25.09375,5.3,0.0,0.0,49.0
19.16645,0x220,0.0,0.0,1.0,6.25,1.42,0.18,25.09375,25.0625,25.40625,25.09375,5.3,0.0,0.0,49.0
19.16669,0x316,0.0,0.0,1.0,6.25,1.42,0.18,25.09375,25.0625,25.40625,25.09375,5.3,0.0,0.0,49.0
19.16716,0x386,0.0,0.0,1.0,6.25,1.42,0.18,25.3125,25.40625,24.96875,24.90625,5.3,0.0,0.0,49.0
19.17069,0x2B0,0.0,0.0,1.0,6.25,1.42,0.18,25.3125,25.40625,24.96875,24.90625,5.3,0.0,0.0,49.0
19.17647,0x220,0.0,0.0,1.0,6.25,1.22,0.12,25.3125,25.40625,24.96875,24.90625,5.3,0.0,0.0,49.0
19.17671,0x316,0.0,0.0,1.0,6.25,1.22,0.12,25.3125,25.40625,24.96875,24.90625,5.3,0.0,0.0,49.0
19.18068,0x2B0,0.0,0.0,1.0,6.25,1.22,0.12,25.3125,25.40625,24.96875,24.90625,5.3,0.0,0.0,49.0
19.18644,0x220,0.0,0.0,1.0,6.25,0.98,0.38,25.3125,25.40625,24.96875,24.90625,5.3,0.0,0.0,49.0
19.18668,0x386,0.0,0.0,1.0,6.25,0.98,0.38,25.375,25.1875,24.09375,24.40625,5.3,0.0,0.0,49.0
19.18691,0x316,0.0,0.0,1.0,6.25,0.98,0.38,25.375,25.1875,24.09375,24.40625,5.3,0.0,0.0,50.0
19.1907,0x2B0,0.0,0.0,1.0,6.25,0.98,0.38,25.375,25.1875,24.09375,24.40625,5.3,0.0,0.0,50.0
19.19646,0x220,0.0,0.0,1.0,6.25,0.87,0.6,25.375,25.1875,24.09375,24.40625,5.3,0.0,0.0,50.0
19.1967,0x316,0.0,0.0,1.0,6.25,0.87,0.6,25.375,25.1875,24.09375,24.40625,5.3,0.0,0.0,50.0
19.20069,0x2B0,0.0,0.0,1.0,6.25,0.87,0.6,25.375,25.1875,24.09375,24.40625,5.3,0.0,0.0,50.0
19.20644,0x220,0.0,0.0,1.0,6.25,0.88,0.45,25.375,25.1875,24.09375,24.40625,5.3,0.0,0.0,50.0
19.20668,0x316,0.0,0.0,1.0,6.25,0.88,0.45,25.375,25.1875,24.09375,24.40625,5.3,0.0,0.0,50.0
19.20715,0x386,0.0,0.0,1.0,6.25,0.88,0.45,25.46875,25.5625,23.59375,24.53125,5.3,0.0,0.0,50.0
19.21075,0x2B0,0.0,0.0,1.0,6.25,0.88,0.45,25.46875,25.5625,23.59375,24.53125,5.3,0.0,0.0,50.0
19.21647,0x220,0.0,0.0,1.0,6.25,1.01,0.15,25.46875,25.5625,23.59375,24.53125,5.3,0.0,0.0,50.0
19.21687,0x316,0.0,0.0,1.0,6.25,1.01,0.15,25.46875,25.5625,23.59375,24.53125,5.3,0.0,0.0,50.0
19.22069,0x2B0,0.0,0.0,1.0,6.25,1.01,0.15,25.46875,25.5625,23.59375,24.53125,5.5,8.0,0.0,50.0
19.22644,0x220,0.0,0.0,1.0,6.25,1.19,0.19,25.46875,25.5625,23.59375,24.53125,5.5,8.0,0.0,50.0
19.22666,0x386,0.0,0.0,1.0,6.25,1.19,0.19,25.1875,25.1875,24.46875,24.5625,5.5,8.0,0.0,50.0
19.2269,0x316,0.0,0.0,1.0,6.25,1.19,0.19,25.1875,25.1875,24.46875,24.5625,5.5,8.0,0.0,50.0
19.23074,0x2B0,0.0,0.0,1.0,6.25,1.19,0.19,25.1875,25.1875,24.46875,24.5625,5.5,8.0,0.0,50.0
19.23658,0x220,0.0,0.0,1.0,6.25,1.41,0.69,25.1875,25.1875,24.46875,24.5625,5.5,8.0,0.0,50.0
19.23682,0x316,0.0,0.0,1.0,6.25,1.41,0.69,25.1875,25.1875,24.46875,24.5625,5.5,8.0,0.0,50.0
19.24068,0x2B0,0.0,0.0,1.0,6.25,1.41,0.69,25.1875,25.1875,24.46875,24.5625,5.7,8.0,0.0,50.0
19.24644,0x220,0.0,0.0,1.0,6.25,1.72,1.23,25.1875,25.1875,24.46875,24.5625,5.7,8.0,0.0,50.0
19.24667,0x386,0.0,0.0,1.0,6.25,1.72,1.23,25.3125,25.375,25.03125,24.9375,5.7,8.0,0.0,50.0
19.2469,0x316,0.0,0.0,1.0,6.25,1.72,1.23,25.3125,25.375,25.03125,24.9375,5.7,8.0,0.0,49.0
19.25066,0x2B0,0.0,0.0,1.0,6.25,1.72,1.23,25.3125,25.375,25.03125,24.9375,5.7,8.0,0.0,49.0
19.25646,0x220,0.0,0.0,1.0,6.25,2.07,1.34,25.3125,25.375,25.03125,24.9375,5.7,8.0,0.0,49.0
19.2567,0x316,0.0,0.0,1.0,6.25,2.07,1.34,25.3125,25.375,25.03125,24.9375,5.7,8.0,0.0,49.0
19.26072,0x2B0,0.0,0.0,1.0,6.25,2.07,1.34,25.3125,25.375,25.03125,24.9375,5.7,0.0,0.0,49.0
19.26645,0x220,0.0,0.0,1.0,6.25,2.37,0.99,25.3125,25.375,25.03125,24.9375,5.7,0.0,0.0,49.0
19.26669,0x316,0.0,0.0,1.0,6.25,2.37,0.99,25.3125,25.375,25.03125,24.9375,5.7,0.0,0.0,49.0
19.26717,0x386,0.0,0.0,1.0,6.25,2.37,0.99,24.9375,25.21875,24.78125,25.28125,5.7,0.0,0.0,49.0
19.2707,0x2B0,0.0,0.0,1.0,6.25,2.37,0.99,24.9375,25.21875,24.78125,25.28125,5.7,0.0,0.0,49.0
19.27647,0x220,0.0,0.0,1.0,6.25,2.54,0.46,24.9375,25.21875,24.78125,25.28125,5.7,0.0,0.0,49.0
19.27671,0x316,0.0,0.0,1.0,6.25,2.54,0.46,24.9375,25.21875,24.78125,25.28125,5.7,0.0,0.0,49.0
19.2807,0x2B0,0.0,0.0,1.0,6.25,2.54,0.46,24.9375,25.21875,24.78125,25.28125,5.7,0.0,0.0,49.0
19.28645,0x220,0.0,0.0,1.0,6.25,2.53,0.09,24.9375,25.21875,24.78125,25.28125,5.7,0.0,0.0,49.0
19.28669,0x316,0.0,0.0,1.0,6.25,2.53,0.09,24.9375,25.21875,24.78125,25.28125,5.7,0.0,0.0,49.0
19.28717,0x386,0.0,0.0,1.0,6.25,2.53,0.09,25.5625,25.21875,24.90625,25.0,5.7,0.0,0.0,49.0
19.29071,0x2B0,0.0,0.0,1.0,6.25,2.53,0.09,25.5625,25.21875,24.90625,25.0,5.7,0.0,0.0,49.0
19.29647,0x220,0.0,0.0,1.0,6.25,2.39,0.0,25.5625,25.21875,24.90625,25.0,5.7,0.0,0.0,49.0
19.29671,0x316,0.0,0.0,1.0,6.25,2.39,0.0,25.5625,25.21875,24.90625,25.0,5.7,0.0,0.0,49.0
19.30073,0x2B0,0.0,0.0,1.0,6.25,2.39,0.0,25.5625,25.21875,24.90625,25.0,5.4,12.0,0.0,49.0
19.30644,0x220,0.0,0.0,1.0,6.25,2.2,0.03,25.5625,25.21875,24.90625,25.0,5.4,12.0,0.0,49.0
19.30667,0x386,0.0,0.0,1.0,6.25,2.2,0.03,23.90625,24.6875,25.125,24.90625,5.4,12.0,0.0,49.0
19.30691,0x316,0.0,0.0,1.0,6.25,2.2,0.03,23.90625,24.6875,25.125,24.90625,5.4,12.0,0.0,49.0
19.31072,0x2B0,0.0,0.0,1.0,6.25,2.2,0.03,23.90625,24.6875,25.125,24.90625,5.1,28.0,0.0,49.0
19.31647,0x220,0.0,0.0,1.0,6.25,2.0,0.0,23.90625,24.6875,25.125,24.90625,5.1,28.0,0.0,49.0
19.31697,0x316,0.0,0.0,1.0,6.25,2.0,0.0,23.90625,24.6875,25.125,24.90625,5.1,28.0,0.0,50.0
19.32071,0x2B0,0.0,0.0,1.0,6.25,2.0,0.0,23.90625,24.6875,25.125,24.90625,5.1,12.0,0.0,50.0
19.32645,0x220,0.0,0.0,1.0,6.25,1.92,-0.02,23.90625,24.6875,25.125,24.90625,5.1,12.0,0.0,50.0
19.32668,0x316,0.0,0.0,1.0,6.25,1.92,-0.02,23.90625,24.6875,25.125,24.90625,5.1,12.0,0.0,50.0
19.32716,0x386,0.0,0.0,1.0,6.25,1.92,-0.02,25.125,25.21875,24.75,24.96875,5.1,12.0,0.0,50.0
19.33071,0x2B0,0.0,0.0,1.0,6.25,1.92,-0.02,25.125,25.21875,24.75,24.96875,4.9,8.0,0.0,50.0
19.3366,0x220,0.0,0.0,1.0,6.25,2.08,0.24,25.125,25.21875,24.75,24.96875,4.9,8.0,0.0,50.0
19.33683,0x316,0.0,0.0,1.0,6.25,2.08,0.24,25.125,25.21875,24.75,24.96875,4.9,8.0,0.0,51.0
19.34072,0x2B0,0.0,0.0,1.0,6.25,2.08,0.24,25.125,25.21875,24.75,24.96875,4.9,8.0,0.0,51.0
19.34645,0x220,0.0,0.0,1.0,6.25,2.57,0.42,25.125,25.21875,24.75,24.96875,4.9,8.0,0.0,51.0
19.34668,0x386,0.0,0.0,1.0,6.25,2.57,0.42,24.5625,24.875,24.5625,25.03125,4.9,8.0,0.0,51.0
19.34692,0x316,0.0,0.0,1.0,6.25,2.57,0.42,24.5625,24.875,24.5625,25.03125,4.9,8.0,0.0,51.0
19.35069,0x2B0,0.0,0.0,1.0,6.25,2.57,0.42,24.5625,24.875,24.5625,25.03125,4.7,8.0,0.0,51.0
19.35646,0x220,0.0,0.0,1.0,6.25,3.15,0.21,24.5625,24.875,24.5625,25.03125,4.7,8.0,0.0,51.0
19.3567,0x316,0.0,0.0,1.0,6.25,3.15,0.21,24.5625,24.875,24.5625,25.03125,4.7,8.0,0.0,50.0
19.36064,0x2B0,0.0,0.0,1.0,6.25,3.15,0.21,24.5625,24.875,24.5625,25.03125,4.7,8.0,0.0,50.0
19.36645,0x220,0.0,0.0,1.0,6.25,3.34,-0.1,24.5625,24.875,24.5625,25.03125,4.7,8.0,0.0,50.0
19.36669,0x316,0.0,0.0,1.0,6.25,3.34,-0.1,24.5625,24.875,24.5625,25.03125,4.7,8.0,0.0,50.0
19.36716,0x386,0.0,0.0,1.0,6.25,3.34,-0.1,25.09375,25.0625,24.28125,24.78125,4.7,8.0,0.0,50.0
19.37064,0x2B0,0.0,0.0,1.0,6.25,3.34,-0.1,25.09375,25.0625,24.28125,24.78125,4.7,0.0,0.0,50.0
19.37646,0x220,0.0,0.0,1.0,6.25,3.11,-0.3,25.09375,25.0625,24.28125,24.78125,4.7,0.0,0.0,50.0
19.3767,0x316,0.0,0.0,1.0,6.25,3.11,-0.3,25.09375,25.0625,24.28125,24.78125,4.7,0.0,0.0,49.0
19.38065,0x2B0,0.0,0.0,1.0,6.25,3.11,-0.3,25.09375,25.0625,24.28125,24.78125,4.7,0.0,0.0,49.0
19.38644,0x220,0.0,0.0,1.0,6.25,2.72,-0.23,25.09375,25.0625,24.28125,24.78125,4.7,0.0,0.0,49.0
19.38667,0x386,0.0,0.0,1.0,6.25,2.72,-0.23,24.8125,24.875,24.5625,24.71875,4.7,0.0,0.0,49.0
19.38691,0x316,0.0,0.0,1.0,6.25,2.72,-0.23,24.8125,24.875,24.5625,24.71875,4.7,0.0,0.0,48.0
19.39071,0x2B0,0.0,0.0,1.0,6.25,2.72,-0.23,24.8125,24.875,24.5625,24.71875,4.7,0.0,0.0,48.0
19.39648,0x220,0.0,0.0,1.0,6.25,2.35,-0.13,24.8125,24.875,24.5625,24.71875,4.7,0.0,0.0,48.0
19.39672,0x316,0.0,0.0,1.0,6.25,2.35,-0.13,24.8125,24.875,24.5625,24.71875,4.7,0.0,0.0,47.0
19.40071,0x2B0,0.0,0.0,1.0,6.25,2.35,-0.13,24.8125,24.875,24.5625,24.71875,4.7,0.0,0.0,47.0
19.40644,0x220,0.0,0.0,1.0,6.25,2.09,-0.07,24.8125,24.875,24.5625,24.71875,4.7,0.0,0.0,47.0
19.40668,0x316,0.0,0.0,1.0,6.25,2.09,-0.07,24.8125,24.875,24.5625,24.71875,4.7,0.0,0.0,46.0
19.40716,0x386,0.0,0.0,1.0,6.25,2.09,-0.07,24.84375,25.0,24.59375,24.65625,4.7,0.0,0.0,46.0
19.41072,0x2B0,0.0,0.0,1.0,6.25,2.09,-0.07,24.84375,25.0,24.59375,24.65625,4.5,8.0,0.0,46.0
19.41648,0x220,0.0,0.0,1.0,6.25,1.85,0.02,24.84375,25.0,24.59375,24.65625,4.5,8.0,0.0,46.0
19.41672,0x316,0.0,0.0,1.0,6.25,1.85,0.02,24.84375,25.0,24.59375,24.65625,4.5,8.0,0.0,45.0
19.42072,0x2B0,0.0,0.0,1.0,6.25,1.85,0.02,24.84375,25.0,24.59375,24.65625,4.5,8.0,0.0,45.0
19.42645,0x220,0.0,0.0,1.0,6.25,1.72,0.26,24.84375,25.0,24.59375,24.65625,4.5,8.0,0.0,45.0
19.42668,0x386,0.0,0.0,1.0,6.25,1.72,0.26,25.21875,24.9375,24.46875,24.71875,4.5,8.0,0.0,45.0
19.42692,0x316,0.0,0.0,1.0,6.25,1.72,0.26,25.21875,24.9375,24.46875,24.71875,4.5,8.0,0.0,44.0
19.43072,0x2B0,0.0,0.0,1.0,6.25,1.72,0.26,25.21875,24.9375,24.46875,24.71875,4.4,0.0,0.0,44.0
19.43663,0x220,0.0,0.0,1.0,6.25,1.84,0.59,25.21875,24.9375,24.46875,24.71875,4.4,0.0,0.0,44.0
19.43687,0x316,0.0,0.0,1.0,6.25,1.84,0.59,25.21875,24.9375,24.46875,24.71875,4.4,0.0,0.0,42.0
19.44073,0x2B0,0.0,0.0,1.0,6.25,1.84,0.59,25.21875,24.9375,24.46875,24.71875,4.4,0.0,0.0,42.0
19.44644,0x220,0.0,0.0,1.0,6.25,2.11,0.7,25.21875,24.9375,24.46875,24.71875,4.4,0.0,0.0,42.0
19.44668,0x386,0.0,0.0,1.0,6.25,2.11,0.7,24.5625,25.09375,24.40625,24.6875,4.4,0.0,0.0,42.0
19.44691,0x316,0.0,0.0,1.0,6.25,2.11,0.7,24.5625,25.09375,24.40625,24.6875,4.4,0.0,0.0,42.0
19.45072,0x2B0,0.0,0.0,1.0,6.25,2.11,0.7,24.5625,25.09375,24.40625,24.6875,4.3,0.0,0.0,42.0
19.45647,0x220,0.0,0.0,1.0,6.25,2.37,0.06,24.5625,25.09375,24.40625,24.6875,4.3,0.0,0.0,42.0
19.45671,0x316,0.0,0.0,1.0,6.25,2.37,0.06,24.5625,25.09375,24.40625,24.6875,4.3,0.0,0.0,42.0
19.46071,0x2B0,0.0,0.0,1.0,6.25,2.37,0.06,24.5625,25.09375,24.40625,24.6875,4.3,0.0,0.0,42.0
19.46646,0x220,0.0,0.0,1.0,6.25,2.25,-0.95,24.5625,25.09375,24.40625,24.6875,4.3,0.0,0.0,42.0
19.4667,0x316,0.0,0.0,1.0,6.25,2.25,-0.95,24.5625,25.09375,24.40625,24.6875,4.3,0.0,0.0,44.0
19.46717,0x386,0.0,0.0,1.0,6.25,2.25,-0.95,25.09375,25.15625,24.28125,24.9375,4.3,0.0,0.0,44.0
19.47066,0x2B0,0.0,0.0,1.0,6.25,2.25,-0.95,25.09375,25.15625,24.28125,24.9375,4.3,0.0,0.0,44.0
19.47648,0x220,0.0,0.0,1.0,6.25,1.68,-0.89,25.09375,25.15625,24.28125,24.9375,4.3,0.0,0.0,44.0
19.47671,0x316,0.0,0.0,1.0,6.25,1.68,-0.89,25.09375,25.15625,24.28125,24.9375,4.3,0.0,0.0,45.0
19.48069,0x2B0,0.0,0.0,1.0,6.25,1.68,-0.89,25.09375,25.15625,24.28125,24.9375,4.4,0.0,0.0,45.0
19.48645,0x220,0.0,0.0,1.0,6.25,1.08,0.39,25.09375,25.15625,24.28125,24.9375,4.4,0.0,0.0,45.0
19.48669,0x316,0.0,0.0,1.0,6.25,1.08,0.39,25.09375,25.15625,24.28125,24.9375,4.4,0.0,0.0,46.0
19.48717,0x386,0.0,0.0,1.0,6.25,1.08,0.39,25.0625,24.90625,24.28125,24.78125,4.4,0.0,0.0,46.0
19.49064,0x2B0,0.0,0.0,1.0,6.25,1.08,0.39,25.0625,24.90625,24.28125,24.78125,4.4,0.0,0.0,46.0
19.49647,0x220,0.0,0.0,1.0,6.25,1.07,1.47,25.0625,24.90625,24.28125,24.78125,4.4,0.0,0.0,46.0
19.49671,0x316,0.0,0.0,1.0,6.25,1.07,1.47,25.0625,24.90625,24.28125,24.78125,4.4,0.0,0.0,47.0
19.50071,0x2B0,0.0,0.0,1.0,6.25,1.07,1.47,25.0625,24.90625,24.28125,24.78125,4.4,0.0,0.0,47.0
19.50645,0x220,0.0,0.0,1.0,6.25,1.57,1.34,25.0625,24.90625,24.28125,24.78125,4.4,0.0,0.0,47.0
19.50669,0x316,0.0,0.0,1.0,6.25,1.57,1.34,25.0625,24.90625,24.28125,24.78125,4.4,0.0,0.0,48.0
19.50716,0x386,0.0,0.0,1.0,6.25,1.57,1.34,24.96875,25.21875,24.40625,24.5625,4.4,0.0,0.0,48.0
19.51071,0x2B0,0.0,0.0,1.0,6.25,1.57,1.34,24.96875,25.21875,24.40625,24.5625,4.4,0.0,0.0,48.0
19.51647,0x220,0.0,0.0,1.0,6.25,2.13,0.49,24.96875,25.21875,24.40625,24.5625,4.4,0.0,0.0,48.0
19.51688,0x316,0.0,0.0,1.0,6.25,2.13,0.49,24.96875,25.21875,24.40625,24.5625,4.4,0.0,0.0,49.0
19.52064,0x2B0,0.0,0.0,1.0,6.25,2.13,0.49,24.96875,25.21875,24.40625,24.5625,4.4,0.0,0.0,49.0
19.52645,0x220,0.0,0.0,1.0,6.25,2.57,-0.21,24.96875,25.21875,24.40625,24.5625,4.4,0.0,0.0,49.0
19.52669,0x316,0.0,0.0,1.0,6.25,2.57,-0.21,24.96875,25.21875,24.40625,24.5625,4.4,0.0,0.0,49.0
19.52716,0x386,0.0,0.0,1.0,6.25,2.57,-0.21,24.96875,25.125,24.71875,24.25,4.4,0.0,0.0,49.0
19.53072,0x2B0,0.0,0.0,1.0,6.25,2.57,-0.21,24.96875,25.125,24.71875,24.25,4.4,0.0,0.0,49.0
19.53665,0x220,0.0,0.0,1.0,6.25,2.7,-0.39,24.96875,25.125,24.71875,24.25,4.4,0.0,0.0,49.0
19.53689,0x316,0.0,0.0,1.0,6.25,2.7,-0.39,24.96875,25.125,24.71875,24.25,4.4,0.0,0.0,49.0
19.54071,0x2B0,0.0,0.0,1.0,6.25,2.7,-0.39,24.96875,25.125,24.71875,24.25,4.4,0.0,0.0,49.0
19.54645,0x220,0.0,0.0,1.0,6.25,2.5,-0.25,24.96875,25.125,24.71875,24.25,4.4,0.0,0.0,49.0
19.54668,0x386,0.0,0.0,1.0,6.25,2.5,-0.25,25.0,24.78125,24.4375,24.65625,4.4,0.0,0.0,49.0
19.54692,0x316,0.0,0.0,1.0,6.25,2.5,-0.25,25.0,24.78125,24.4375,24.65625,4.4,0.0,0.0,49.0
19.55064,0x2B0,0.0,0.0,1.0,6.25,2.5,-0.25,25.0,24.78125,24.4375,24.65625,4.4,0.0,0.0,49.0
19.55648,0x220,0.0,0.0,1.0,6.25,2.07,-0.09,25.0,24.78125,24.4375,24.65625,4.4,0.0,0.0,49.0
19.55671,0x316,0.0,0.0,1.0,6.25,2.07,-0.09,25.0,24.78125,24.4375,24.65625,4.4,0.0,0.0,49.0
19.56071,0x2B0,0.0,0.0,1.0,6.25,2.07,-0.09,25.0,24.78125,24.4375,24.65625,4.3,0.0,0.0,49.0
19.56645,0x220,0.0,0.0,1.0,6.25,1.62,-0.14,25.0,24.78125,24.4375,24.65625,4.3,0.0,0.0,49.0
19.5667,0x316,0.0,0.0,1.0,6.25,1.62,-0.14,25.0,24.78125,24.4375,24.65625,4.3,0.0,0.0,48.0
19.56717,0x386,0.0,0.0,1.0,6.25,1.62,-0.14,24.75,24.75,24.59375,25.0625,4.3,0.0,0.0,48.0
19.57071,0x2B0,0.0,0.0,1.0,6.25,1.62,-0.14,24.75,24.75,24.59375,25.0625,4.1,12.0,0.0,48.0
19.57647,0x220,0.0,0.0,1.0,6.25,1.42,-0.39,24.75,24.75,24.59375,25.0625,4.1,12.0,0.0,48.0
19.57672,0x316,0.0,0.0,1.0,6.25,1.42,-0.39,24.75,24.75,24.59375,25.0625,4.1,12.0,0.0,48.0
19.58071,0x2B0,0.0,0.0,1.0,6.25,1.42,-0.39,24.75,24.75,24.59375,25.0625,4.1,8.0,0.0,48.0
19.58645,0x220,0.0,0.0,1.0,6.25,1.39,-0.57,24.75,24.75,24.59375,25.0625,4.1,8.0,0.0,48.0
19.58669,0x316,0.0,0.0,1.0,6.25,1.39,-0.57,24.75,24.75,24.59375,25.0625,4.1,8.0,0.0,48.0
19.58716,0x386,0.0,0.0,1.0,6.25,1.39,-0.57,24.5625,24.84375,24.6875,24.9375,4.1,8.0,0.0,48.0
19.59074,0x2B0,0.0,0.0,1.0,6.25,1.39,-0.57,24.5625,24.84375,24.6875,24.9375,3.9,8.0,0.0,48.0
19.59647,0x220,0.0,0.0,1.0,6.25,1.5,-0.6,24.5625,24.84375,24.6875,24.9375,3.9,8.0,0.0,48.0
19.59671,0x316,0.0,0.0,1.0,6.25,1.5,-0.6,24.5625,24.84375,24.6875,24.9375,3.9,8.0,0.0,48.0
19.60072,0x2B0,0.0,0.0,1.0,6.25,1.5,-0.6,24.5625,24.84375,24.6875,24.9375,3.9,8.0,0.0,48.0
19.60645,0x220,0.0,0.0,1.0,6.25,1.73,-0.34,24.5625,24.84375,24.6875,24.9375,3.9,8.0,0.0,48.0
19.60669,0x316,0.0,0.0,1.0,6.25,1.73,-0.34,24.5625,24.84375,24.6875,24.9375,3.9,8.0,0.0,48.0
19.60717,0x386,0.0,0.0,1.0,6.25,1.73,-0.34,24.96875,25.03125,24.625,24.78125,3.9,8.0,0.0,48.0
19.61072,0x2B0,0.0,0.0,1.0,6.25,1.73,-0.34,24.96875,25.03125,24.625,24.78125,3.9,0.0,0.0,48.0
19.61648,0x220,0.0,0.0,1.0,6.25,2.06,0.22,24.96875,25.03125,24.625,24.78125,3.9,0.0,0.0,48.0
19.61672,0x316,0.0,0.0,1.0,6.25,2.06,0.22,24.96875,25.03125,24.625,24.78125,3.9,0.0,0.0,49.0
19.62072,0x2B0,0.0,0.0,1.0,6.25,2.06,0.22,24.96875,25.03125,24.625,24.78125,3.9,0.0,0.0,49.0
19.62645,0x220,0.0,0.0,1.0,6.25,2.4,0.54,24.96875,25.03125,24.625,24.78125,3.9,0.0,0.0,49.0
19.62668,0x316,0.0,0.0,1.0,6.25,2.4,0.54,24.96875,25.03125,24.625,24.78125,3.9,0.0,0.0,50.0
19.62716,0x386,0.0,0.0,1.0,6.25,2.4,0.54,24.71875,25.0,24.78125,24.875,3.9,0.0,0.0,50.0
19.63067,0x2B0,0.0,0.0,1.0,6.25,2.4,0.54,24.71875,25.0,24.78125,24.875,3.9,0.0,0.0,50.0
19.63668,0x220,0.0,0.0,1.0,6.25,2.63,0.31,24.71875,25.0,24.78125,24.875,3.9,0.0,0.0,50.0
19.63692,0x316,0.0,0.0,1.0,6.25,2.63,0.31,24.71875,25.0,24.78125,24.875,3.9,0.0,0.0,51.0
19.6407,0x2B0,0.0,0.0,1.0,6.25,2.63,0.31,24.71875,25.0,24.78125,24.875,4.2,12.0,0.0,51.0
19.64646,0x220,0.0,0.0,1.0,6.25,2.54,-0.28,24.71875,25.0,24.78125,24.875,4.2,12.0,0.0,51.0
19.64669,0x386,0.0,0.0,1.0,6.25,2.54,-0.28,25.1875,25.0625,24.6875,24.53125,4.2,12.0,0.0,51.0
19.64693,0x316,0.0,0.0,1.0,6.25,2.54,-0.28,25.1875,25.0625,24.6875,24.53125,4.2,12.0,0.0,52.0
19.65069,0x2B0,0.0,0.0,1.0,6.25,2.54,-0.28,25.1875,25.0625,24.6875,24.53125,4.4,24.0,0.0,52.0
19.65648,0x220,0.0,0.0,1.0,6.25,2.14,-0.71,25.1875,25.0625,24.6875,24.53125,4.4,24.0,0.0,52.0
19.65672,0x316,0.0,0.0,1.0,6.25,2.14,-0.71,25.1875,25.0625,24.6875,24.53125,4.4,24.0,0.0,52.0
19.66069,0x2B0,0.0,0.0,1.0,6.25,2.14,-0.71,25.1875,25.0625,24.6875,24.53125,4.7,24.0,0.0,52.0
19.66646,0x220,0.0,0.0,1.0,6.25,1.62,-0.8,25.1875,25.0625,24.6875,24.53125,4.7,24.0,0.0,52.0
19.6667,0x316,0.0,0.0,1.0,6.25,1.62,-0.8,25.1875,25.0625,24.6875,24.53125,4.7,24.0,0.0,53.0
19.66718,0x386,0.0,0.0,1.0,6.25,1.62,-0.8,24.90625,25.0,24.34375,24.25,4.7,24.0,0.0,53.0
19.67069,0x2B0,0.0,0.0,1.0,6.25,1.62,-0.8,24.90625,25.0,24.34375,24.25,4.8,20.0,0.0,53.0
19.67647,0x220,0.0,0.0,1.0,6.25,1.18,-0.8,24.90625,25.0,24.34375,24.25,4.8,20.0,0.0,53.0
19.67671,0x316,0.0,0.0,1.0,6.25,1.18,-0.8,24.90625,25.0,24.34375,24.25,4.8,20.0,0.0,53.0
19.68065,0x2B0,0.0,0.0,1.0,6.25,1.18,-0.8,24.90625,25.0,24.34375,24.25,4.8,0.0,0.0,53.0
19.68644,0x220,0.0,0.0,1.0,6.25,0.91,-0.71,24.90625,25.0,24.34375,24.25,4.8,0.0,0.0,53.0
19.68669,0x316,0.0,0.0,1.0,6.25,0.91,-0.71,24.90625,25.0,24.34375,24.25,4.8,0.0,0.0,53.0
19.68716,0x386,0.0,0.0,1.0,6.25,0.91,-0.71,25.25,25.40625,23.5625,23.96875,4.8,0.0,0.0,53.0
19.69068,0x2B0,0.0,0.0,1.0,6.25,0.91,-0.71,25.25,25.40625,23.5625,23.96875,5.1,12.0,0.0,53.0
19.69648,0x220,0.0,0.0,1.0,6.25,0.89,-0.47,25.25,25.40625,23.5625,23.96875,5.1,12.0,0.0,53.0
19.69671,0x316,0.0,0.0,1.0,6.25,0.89,-0.47,25.25,25.40625,23.5625,23.96875,5.1,12.0,0.0,53.0
19.70068,0x2B0,0.0,0.0,1.0,6.25,0.89,-0.47,25.25,25.40625,23.5625,23.96875,5.4,28.0,0.0,53.0
19.70645,0x220,0.0,0.0,1.0,6.25,1.2,-0.16,25.25,25.40625,23.5625,23.96875,5.4,28.0,0.0,53.0
19.70668,0x316,0.0,0.0,1.0,6.25,1.2,-0.16,25.25,25.40625,23.5625,23.96875,5.4,28.0,0.0,53.0
19.70715,0x386,0.0,0.0,1.0,6.25,1.2,-0.16,24.8125,25.25,24.59375,24.46875,5.4,28.0,0.0,53.0
19.71065,0x2B0,0.0,0.0,1.0,6.25,1.2,-0.16,24.8125,25.25,24.59375,24.46875,5.7,28.0,0.0,53.0
19.71646,0x220,0.0,0.0,1.0,6.25,1.64,0.02,24.8125,25.25,24.59375,24.46875,5.7,28.0,0.0,53.0
19.71685,0x316,0.0,0.0,1.0,6.25,1.64,0.02,24.8125,25.25,24.59375,24.46875,5.7,28.0,0.0,53.0
19.72066,0x2B0,0.0,0.0,1.0,6.25,1.64,0.02,24.8125,25.25,24.59375,24.46875,6.0,28.0,0.0,53.0
19.72645,0x220,0.0,0.0,1.0,6.25,1.94,0.09,24.8125,25.25,24.59375,24.46875,6.0,28.0,0.0,53.0
19.72669,0x316,0.0,0.0,1.0,6.25,1.94,0.09,24.8125,25.25,24.59375,24.46875,6.0,28.0,0.0,53.0
19.72716,0x386,0.0,0.0,1.0,6.25,1.94,0.09,25.21875,25.15625,25.71875,25.4375,6.0,28.0,0.0,53.0
19.73066,0x2B0,0.0,0.0,1.0,6.25,1.94,0.09,25.21875,25.15625,25.71875,25.4375,6.3,28.0,0.0,53.0
19.73646,0x220,0.0,0.0,1.0,6.25,1.86,0.14,25.21875,25.15625,25.71875,25.4375,6.3,28.0,0.0,53.0
19.73694,0x316,0.0,0.0,1.0,6.25,1.86,0.14,25.21875,25.15625,25.71875,25.4375,6.3,28.0,0.0,53.0
19.74065,0x2B0,0.0,0.0,1.0,6.25,1.86,0.14,25.21875,25.15625,25.71875,25.4375,6.4,20.0,0.0,53.0
19.74645,0x220,0.0,0.0,1.0,6.25,1.53,0.13,25.21875,25.15625,25.71875,25.4375,6.4,20.0,0.0,53.0
19.74668,0x386,0.0,0.0,1.0,6.25,1.53,0.13,24.96875,24.875,26.71875,26.6875,6.4,20.0,0.0,53.0
19.74692,0x316,0.0,0.0,1.0,6.25,1.53,0.13,24.96875,24.875,26.71875,26.6875,6.4,20.0,0.0,53.0
19.75064,0x2B0,0.0,0.0,1.0,6.25,1.53,0.13,24.96875,24.875,26.71875,26.6875,6.4,0.0,0.0,53.0
19.75647,0x220,0.0,0.0,1.0,6.25,1.14,-0.06,24.96875,24.875,26.71875,26.6875,6.4,0.0,0.0,53.0
19.75672,0x316,0.0,0.0,1.0,6.25,1.14,-0.06,24.96875,24.875,26.71875,26.6875,6.4,0.0,0.0,53.0
19.76064,0x2B0,0.0,0.0,1.0,6.25,1.14,-0.06,24.96875,24.875,26.71875,26.6875,6.4,0.0,0.0,53.0
19.76648,0x220,0.0,0.0,1.0,6.25,0.66,-0.24,24.96875,24.875,26.71875,26.6875,6.4,0.0,0.0,53.0
19.76672,0x316,0.0,0.0,1.0,6.25,0.66,-0.24,24.96875,24.875,26.71875,26.6875,6.4,0.0,0.0,53.0
19.76719,0x386,0.0,0.0,1.0,6.25,0.66,-0.24,25.0625,25.1875,26.15625,26.25,6.4,0.0,0.0,53.0
19.77065,0x2B0,0.0,0.0,1.0,6.25,0.66,-0.24,25.0625,25.1875,26.15625,26.25,6.4,0.0,0.0,53.0
19.77647,0x220,0.0,0.0,1.0,6.25,0.15,0.04,25.0625,25.1875,26.15625,26.25,6.4,0.0,0.0,53.0
19.77671,0x316,0.0,0.0,1.0,6.25,0.15,0.04,25.0625,25.1875,26.15625,26.25,6.4,0.0,0.0,54.0
19.78067,0x2B0,0.0,0.0,1.0,6.25,0.15,0.04,25.0625,25.1875,26.15625,26.25,6.6,8.0,0.0,54.0
19.78645,0x220,0.0,0.0,1.0,6.25,-0.02,0.68,25.0625,25.1875,26.15625,26.25,6.6,8.0,0.0,54.0
19.78669,0x316,0.0,0.0,1.0,6.25,-0.02,0.68,25.0625,25.1875,26.15625,26.25,6.6,8.0,0.0,54.0
19.78717,0x386,0.0,0.0,1.0,6.25,-0.02,0.68,25.28125,25.09375,24.34375,24.4375,6.6,8.0,0.0,54.0
19.79076,0x2B0,0.0,0.0,1.0,6.25,-0.02,0.68,25.28125,25.09375,24.34375,24.4375,6.6,8.0,0.0,54.0
19.79648,0x220,0.0,0.0,1.0,6.25,0.31,1.0,25.28125,25.09375,24.34375,24.4375,6.6,8.0,0.0,54.0
19.79672,0x316,0.0,0.0,1.0,6.25,0.31,1.0,25.28125,25.09375,24.34375,24.4375,6.6,8.0,0.0,55.0
19.80069,0x2B0,0.0,0.0,1.0,6.25,0.31,1.0,25.28125,25.09375,24.34375,24.4375,6.9,12.0,0.0,55.0
19.80646,0x220,0.0,0.0,1.0,6.25,0.84,0.79,25.28125,25.09375,24.34375,24.4375,6.9,12.0,0.0,55.0
19.80669,0x316,0.0,0.0,1.0,6.25,0.84,0.79,25.28125,25.09375,24.34375,24.4375,6.9,12.0,0.0,55.0
19.80717,0x386,0.0,0.0,1.0,6.25,0.84,0.79,25.65625,25.4375,22.9375,22.71875,6.9,12.0,0.0,55.0
19.81067,0x2B0,0.0,0.0,1.0,6.25,0.84,0.79,25.65625,25.4375,22.9375,22.71875,7.2,28.0,0.0,55.0
19.81649,0x220,0.0,0.0,1.0,6.25,1.29,0.35,25.65625,25.4375,22.9375,22.71875,7.2,28.0,0.0,55.0
19.81679,0x316,0.0,0.0,1.0,6.25,1.29,0.35,25.65625,25.4375,22.9375,22.71875,7.2,28.0,0.0,56.0
19.82066,0x2B0,0.0,0.0,1.0,6.25,1.29,0.35,25.65625,25.4375,22.9375,22.71875,7.6,32.0,0.0,56.0
19.82646,0x220,0.0,0.0,1.0,6.25,1.48,0.02,25.65625,25.4375,22.9375,22.71875,7.6,32.0,0.0,56.0
19.8267,0x316,0.0,0.0,1.0,6.25,1.48,0.02,25.65625,25.4375,22.9375,22.71875,7.6,32.0,0.0,56.0
19.82717,0x386,0.0,0.0,1.0,6.25,1.48,0.02,25.1875,25.15625,23.6875,22.59375,7.6,32.0,0.0,56.0
19.83068,0x2B0,0.0,0.0,1.0,6.25,1.48,0.02,25.1875,25.15625,23.6875,22.59375,7.9,32.0,0.0,56.0
19.83649,0x220,0.0,0.0,1.0,6.25,1.48,0.04,25.1875,25.15625,23.6875,22.59375,7.9,32.0,0.0,56.0
19.83697,0x316,0.0,0.0,1.0,6.25,1.48,0.04,25.1875,25.15625,23.6875,22.59375,7.9,32.0,0.0,57.0
19.84068,0x2B0,0.0,0.0,1.0,6.25,1.48,0.04,25.1875,25.15625,23.6875,22.59375,8.4,40.0,0.0,57.0
19.84645,0x220,0.0,0.0,1.0,6.25,1.45,0.35,25.1875,25.15625,23.6875,22.59375,8.4,40.0,0.0,57.0
19.84668,0x386,0.0,0.0,1.0,6.25,1.45,0.35,25.28125,25.375,24.625,24.875,8.4,40.0,0.0,57.0
19.84692,0x316,0.0,0.0,1.0,6.25,1.45,0.35,25.28125,25.375,24.625,24.875,8.4,40.0,0.0,57.0
19.85068,0x2B0,0.0,0.0,1.0,6.25,1.45,0.35,25.28125,25.375,24.625,24.875,8.8,44.0,0.0,57.0
19.8565,0x220,0.0,0.0,1.0,6.25,1.63,0.42,25.28125,25.375,24.625,24.875,8.8,44.0,0.0,57.0
19.85674,0x316,0.0,0.0,1.0,6.25,1.63,0.42,25.28125,25.375,24.625,24.875,8.8,44.0,0.0,57.0
19.86067,0x2B0,0.0,0.0,1.0,6.25,1.63,0.42,25.28125,25.375,24.625,24.875,9.2,40.0,0.0,57.0
19.86646,0x220,0.0,0.0,1.0,6.25,2.08,0.02,25.28125,25.375,24.625,24.875,9.2,40.0,0.0,57.0
19.8667,0x316,0.0,0.0,1.0,6.25,2.08,0.02,25.28125,25.375,24.625,24.875,9.2,40.0,0.0,57.0
19.86717,0x386,0.0,0.0,1.0,6.25,2.08,0.02,24.9375,24.875,24.46875,25.5625,9.2,40.0,0.0,57.0
19.87065,0x2B0,0.0,0.0,1.0,6.25,2.08,0.02,24.9375,24.875,24.46875,25.5625,9.6,40.0,0.0,57.0
19.87651,0x220,0.0,0.0,1.0,6.25,2.57,-0.41,24.9375,24.875,24.46875,25.5625,9.6,40.0,0.0,57.0
19.87674,0x316,0.0,0.0,1.0,6.25,2.57,-0.41,24.9375,24.875,24.46875,25.5625,9.6,40.0,0.0,56.0
19.88066,0x2B0,0.0,0.0,1.0,6.25,2.57,-0.41,24.9375,24.875,24.46875,25.5625,9.8,28.0,0.0,56.0
19.88645,0x220,0.0,0.0,1.0,6.25,2.9,-0.57,24.9375,24.875,24.46875,25.5625,9.8,28.0,0.0,56.0
19.88669,0x316,0.0,0.0,1.0,6.25,2.9,-0.57,24.9375,24.875,24.46875,25.5625,9.8,28.0,0.0,55.0
19.88716,0x386,0.0,0.0,1.0,6.25,2.9,-0.57,24.6875,24.78125,24.84375,24.21875,9.8,28.0,0.0,55.0
19.89068,0x2B0,0.0,0.0,1.0,6.25,2.9,-0.57,24.6875,24.78125,24.84375,24.21875,9.8,8.0,0.0,55.0
19.8965,0x220,0.0,0.0,1.0,6.25,2.94,-0.46,24.6875,24.78125,24.84375,24.21875,9.8,8.0,0.0,55.0
19.89674,0x316,0.0,0.0,1.0,6.25,2.94,-0.46,24.6875,24.78125,24.84375,24.21875,9.8,8.0,0.0,54.0
19.90068,0x2B0,0.0,0.0,1.0,6.25,2.94,-0.46,24.6875,24.78125,24.84375,24.21875,9.8,0.0,0.0,54.0
19.90646,0x220,0.0,0.0,1.0,6.25,2.72,-0.12,24.6875,24.78125,24.84375,24.21875,9.8,0.0,0.0,54.0
19.9067,0x316,0.0,0.0,1.0,6.25,2.72,-0.12,24.6875,24.78125,24.84375,24.21875,9.8,0.0,0.0,53.0
19.90717,0x386,0.0,0.0,1.0,6.25,2.72,-0.12,24.59375,24.53125,23.65625,24.03125,9.8,0.0,0.0,53.0
19.91068,0x2B0,0.0,0.0,1.0,6.25,2.72,-0.12,24.59375,24.53125,23.65625,24.03125,9.8,0.0,0.0,53.0
19.91651,0x220,0.0,0.0,1.0,6.25,2.38,0.25,24.59375,24.53125,23.65625,24.03125,9.8,0.0,0.0,53.0
19.91696,0x316,0.0,0.0,1.0,6.25,2.38,0.25,24.59375,24.53125,23.65625,24.03125,9.8,0.0,0.0,52.0
19.92068,0x2B0,0.0,0.0,1.0,6.25,2.38,0.25,24.59375,24.53125,23.65625,24.03125,9.8,0.0,0.0,52.0
19.92646,0x220,0.0,0.0,1.0,6.25,1.96,0.44,24.59375,24.53125,23.65625,24.03125,9.8,0.0,0.0,52.0
19.9267,0x316,0.0,0.0,1.0,6.25,1.96,0.44,24.59375,24.53125,23.65625,24.03125,9.8,0.0,0.0,50.0
19.92717,0x386,0.0,0.0,1.0,6.25,1.96,0.44,24.65625,24.59375,23.34375,24.375,9.8,0.0,0.0,50.0
19.93068,0x2B0,0.0,0.0,1.0,6.25,1.96,0.44,24.65625,24.59375,23.34375,24.375,9.8,0.0,0.0,50.0
19.93652,0x220,0.0,0.0,1.0,6.25,1.49,0.2,24.65625,24.59375,23.34375,24.375,9.8,0.0,0.0,50.0
19.937,0x316,0.0,0.0,1.0,6.25,1.49,0.2,24.65625,24.59375,23.34375,24.375,9.8,0.0,0.0,49.0
19.94066,0x2B0,0.0,0.0,1.0,6.25,1.49,0.2,24.65625,24.59375,23.34375,24.375,9.7,0.0,0.0,49.0
19.94646,0x220,0.0,0.0,1.0,6.25,1.0,-0.09,24.65625,24.59375,23.34375,24.375,9.7,0.0,0.0,49.0
19.9467,0x316,0.0,0.0,1.0,6.25,1.0,-0.09,24.65625,24.59375,23.34375,24.375,9.7,0.0,0.0,49.0
19.94717,0x386,0.0,0.0,1.0,6.25,1.0,-0.09,24.625,24.65625,24.34375,24.53125,9.7,0.0,0.0,49.0
19.9506,0x2B0,0.0,0.0,1.0,6.25,1.0,-0.09,24.625,24.65625,24.34375,24.53125,9.7,0.0,0.0,49.0
19.95653,0x220,0.0,0.0,1.0,6.25,0.38,-0.1,24.625,24.65625,24.34375,24.53125,9.7,0.0,0.0,49.0
19.95682,0x316,0.0,0.0,1.0,6.25,0.38,-0.1,24.625,24.65625,24.34375,24.53125,9.7,0.0,0.0,49.0
19.9606,0x2B0,0.0,0.0,1.0,6.25,0.38,-0.1,24.625,24.65625,24.34375,24.53125,9.7,0.0,0.0,49.0
19.96654,0x220,0.0,0.0,1.0,6.25,0.0,0.37,24.625,24.65625,24.34375,24.53125,9.7,0.0,0.0,49.0
19.96678,0x316,0.0,0.0,1.0,6.25,0.0,0.37,24.625,24.65625,24.34375,24.53125,9.7,0.0,0.0,50.0
19.96725,0x386,0.0,0.0,1.0,6.25,0.0,0.37,24.4375,24.6875,24.40625,24.4375,9.7,0.0,0.0,50.0
19.97059,0x2B0,0.0,0.0,1.0,6.25,0.0,0.37,24.4375,24.6875,24.40625,24.4375,9.7,0.0,0.0,50.0
19.97653,0x220,0.0,0.0,1.0,6.25,0.28,1.25,24.4375,24.6875,24.40625,24.4375,9.7,0.0,0.0,50.0
19.97677,0x316,0.0,0.0,1.0,6.25,0.28,1.25,24.4375,24.6875,24.40625,24.4375,9.7,0.0,0.0,50.0
19.98059,0x2B0,0.0,0.0,1.0,6.25,0.28,1.25,24.4375,24.6875,24.40625,24.4375,9.7,0.0,0.0,50.0
19.98646,0x220,0.0,0.0,1.0,6.25,1.26,1.89,24.4375,24.6875,24.40625,24.4375,9.7,0.0,0.0,50.0
19.9867,0x316,0.0,0.0,1.0,6.25,1.26,1.89,24.4375,24.6875,24.40625,24.4375,9.7,0.0,0.0,50.0
19.98717,0x386,0.0,0.0,1.0,6.25,1.26,1.89,24.59375,24.53125,24.03125,24.40625,9.7,0.0,0.0,50.0
19.99061,0x2B0,0.0,0.0,1.0,6.25,1.26,1.89,24.59375,24.53125,24.03125,24.40625,9.7,0.0,0.0,50.0
19.99654,0x220,0.0,0.0,1.0,6.25,2.85,1.99,24.59375,24.53125,24.03125,24.40625,9.7,0.0,0.0,50.0
19.99681,0x316,0.0,0.0,1.0,6.25,2.85,1.99,24.59375,24.53125,24.03125,24.40625,9.7,0.0,0.0,51.0
20.00061,0x2B0,0.0,0.0,1.0,6.25,2.85,1.99,24.59375,24.53125,24.03125,24.40625,9.7,0.0,0.0,51.0
20.00645,0x220,0.0,0.0,1.0,6.25,4.49,1.58,24.59375,24.53125,24.03125,24.40625,9.7,0.0,0.0,51.0
20.00669,0x316,0.0,0.0,1.0,6.25,4.49,1.58,24.59375,24.53125,24.03125,24.40625,9.7,0.0,0.0,51.0
20.00717,0x386,0.0,0.0,1.0,6.25,4.49,1.58,24.28125,24.59375,23.90625,24.15625,9.7,0.0,0.0,51.0
20.01062,0x2B0,0.0,0.0,1.0,6.25,4.49,1.58,24.28125,24.59375,23.90625,24.15625,9.7,0.0,0.0,51.0
20.01654,0x220,0.0,0.0,1.0,6.25,5.43,0.83,24.28125,24.59375,23.90625,24.15625,9.7,0.0,0.0,51.0
20.01681,0x316,0.0,0.0,1.0,6.25,5.43,0.83,24.28125,24.59375,23.90625,24.15625,9.7,0.0,0.0,51.0
20.0206,0x2B0,0.0,0.0,1.0,6.25,5.43,0.83,24.28125,24.59375,23.90625,24.15625,9.7,0.0,0.0,51.0
20.02646,0x220,0.0,0.0,1.0,6.25,5.22,0.22,24.28125,24.59375,23.90625,24.15625,9.7,0.0,0.0,51.0
20.02669,0x316,0.0,0.0,1.0,6.25,5.22,0.22,24.28125,24.59375,23.90625,24.15625,9.7,0.0,0.0,51.0
20.02717,0x386,0.0,0.0,1.0,6.25,5.22,0.22,24.0625,24.1875,23.78125,24.21875,9.7,0.0,0.0,51.0
20.03061,0x2B0,0.0,0.0,1.0,6.25,5.22,0.22,24.0625,24.1875,23.78125,24.21875,9.7,0.0,0.0,51.0
20.03656,0x220,0.0,0.0,1.0,6.25,3.97,0.13,24.0625,24.1875,23.78125,24.21875,9.7,0.0,0.0,51.0
20.03703,0x316,0.0,0.0,1.0,6.25,3.97,0.13,24.0625,24.1875,23.78125,24.21875,9.7,0.0,0.0,51.0
20.04059,0x2B0,0.0,0.0,1.0,6.25,3.97,0.13,24.0625,24.1875,23.78125,24.21875,9.7,0.0,0.0,51.0
20.04646,0x220,0.0,0.0,1.0,6.25,2.28,0.58,24.0625,24.1875,23.78125,24.21875,9.7,0.0,0.0,51.0
20.04669,0x386,0.0,0.0,1.0,6.25,2.28,0.58,24.1875,24.0625,23.53125,24.21875,9.7,0.0,0.0,51.0
20.04693,0x316,0.0,0.0,1.0,6.25,2.28,0.58,24.1875,24.0625,23.53125,24.21875,9.7,0.0,0.0,51.0
20.05067,0x2B0,0.0,0.0,1.0,6.25,2.28,0.58,24.1875,24.0625,23.53125,24.21875,9.4,12.0,0.0,51.0
20.05654,0x220,0.0,0.0,1.0,6.25,1.0,1.08,24.1875,24.0625,23.53125,24.21875,9.4,12.0,0.0,51.0
20.05678,0x316,0.0,0.0,1.0,6.25,1.0,1.08,24.1875,24.0625,23.53125,24.21875,9.4,12.0,0.0,51.0
20.06069,0x2B0,0.0,0.0,1.0,6.25,1.0,1.08,24.1875,24.0625,23.53125,24.21875,9.1,28.0,0.0,51.0
20.06646,0x220,0.0,0.0,1.0,6.25,0.48,1.13,24.1875,24.0625,23.53125,24.21875,9.1,28.0,0.0,51.0
20.0667,0x316,0.0,0.0,1.0,6.25,0.48,1.13,24.1875,24.0625,23.53125,24.21875,9.1,28.0,0.0,50.0
20.06718,0x386,0.0,0.0,1.0,6.25,0.48,1.13,23.875,24.09375,23.6875,24.125,9.1,28.0,0.0,50.0
20.07068,0x2B0,0.0,0.0,1.0,6.25,0.48,1.13,23.875,24.09375,23.6875,24.125,8.9,24.0,0.0,50.0
20.07656,0x220,0.0,0.0,1.0,6.25,0.82,0.81,23.875,24.09375,23.6875,24.125,8.9,24.0,0.0,50.0
20.0768,0x316,0.0,0.0,1.0,6.25,0.82,0.81,23.875,24.09375,23.6875,24.125,8.9,24.0,0.0,50.0
20.08068,0x2B0,0.0,0.0,1.0,6.25,0.82,0.81,23.875,24.09375,23.6875,24.125,8.7,20.0,0.0,50.0
20.08647,0x220,0.0,0.0,1.0,6.25,1.66,0.64,23.875,24.09375,23.6875,24.125,8.7,20.0,0.0,50.0
20.08671,0x316,0.0,0.0,1.0,6.25,1.66,0.64,23.875,24.09375,23.6875,24.125,8.7,20.0,0.0,50.0
20.08719,0x386,0.0,0.0,1.0,6.25,1.66,0.64,23.84375,24.0,23.5625,24.0,8.7,20.0,0.0,50.0
20.09064,0x2B0,0.0,0.0,1.0,6.25,1.66,0.64,23.84375,24.0,23.5625,24.0,8.7,8.0,0.0,50.0
20.09656,0x220,0.0,0.0,1.0,6.25,2.51,0.81,23.84375,24.0,23.5625,24.0,8.7,8.0,0.0,50.0
20.0968,0x316,0.0,0.0,1.0,6.25,2.51,0.81,23.84375,24.0,23.5625,24.0,8.7,8.0,0.0,50.0
20.10069,0x2B0,0.0,0.0,1.0,6.25,2.51,0.81,23.84375,24.0,23.5625,24.0,8.7,0.0,0.0,50.0
20.10646,0x220,0.0,0.0,1.0,6.25,3.11,0.95,23.84375,24.0,23.5625,24.0,8.7,0.0,0.0,50.0
20.1067,0x316,0.0,0.0,1.0,6.25,3.11,0.95,23.84375,24.0,23.5625,24.0,8.7,0.0,0.0,50.0
20.10717,0x386,0.0,0.0,1.0,6.25,3.11,0.95,23.78125,23.90625,23.6875,23.875,8.7,0.0,0.0,50.0
20.11071,0x2B0,0.0,0.0,1.0,6.25,3.11,0.95,23.78125,23.90625,23.6875,23.875,8.6,0.0,0.0,50.0
20.11658,0x220,0.0,0.0,1.0,6.25,3.21,0.68,23.78125,23.90625,23.6875,23.875,8.6,0.0,0.0,50.0
20.11699,0x316,0.0,0.0,1.0,6.25,3.21,0.68,23.78125,23.90625,23.6875,23.875,8.6,0.0,0.0,50.0
20.12064,0x2B0,0.0,0.0,1.0,6.25,3.21,0.68,23.78125,23.90625,23.6875,23.875,8.6,0.0,0.0,50.0
20.12647,0x220,0.0,0.0,1.0,6.25,2.73,0.18,23.78125,23.90625,23.6875,23.875,8.6,0.0,0.0,50.0
20.1267,0x316,0.0,0.0,1.0,6.25,2.73,0.18,23.78125,23.90625,23.6875,23.875,8.6,0.0,0.0,51.0
20.12719,0x386,0.0,0.0,1.0,6.25,2.73,0.18,23.84375,23.9375,23.46875,23.6875,8.6,0.0,0.0,51.0
20.13065,0x2B0,0.0,0.0,1.0,6.25,2.73,0.18,23.84375,23.9375,23.46875,23.6875,8.6,0.0,0.0,51.0
20.13658,0x220,0.0,0.0,1.0,6.25,2.01,-0.17,23.84375,23.9375,23.46875,23.6875,8.6,0.0,0.0,51.0
20.13682,0x316,0.0,0.0,1.0,6.25,2.01,-0.17,23.84375,23.9375,23.46875,23.6875,8.6,0.0,0.0,51.0
20.1408,0x2B0,0.0,0.0,1.0,6.25,2.01,-0.17,23.84375,23.9375,23.46875,23.6875,8.6,0.0,0.0,51.0
20.14653,0x220,0.0,0.0,1.0,6.25,1.42,-0.3,23.84375,23.9375,23.46875,23.6875,8.6,0.0,0.0,51.0
20.14677,0x316,0.0,0.0,1.0,6.25,1.42,-0.3,23.84375,23.9375,23.46875,23.6875,8.6,0.0,0.0,51.0
20.14725,0x386,0.0,0.0,1.0,6.25,1.42,-0.3,23.90625,23.875,23.21875,24.28125,8.6,0.0,0.0,51.0
20.15064,0x2B0,0.0,0.0,1.0,6.25,1.42,-0.3,23.90625,23.875,23.21875,24.28125,8.6,0.0,0.0,51.0
20.15658,0x220,0.0,0.0,1.0,6.25,1.32,-0.22,23.90625,23.875,23.21875,24.28125,8.6,0.0,0.0,51.0
20.15682,0x316,0.0,0.0,1.0,6.25,1.32,-0.22,23.90625,23.875,23.21875,24.28125,8.6,0.0,0.0,52.0
20.16064,0x2B0,0.0,0.0,1.0,6.25,1.32,-0.22,23.90625,23.875,23.21875,24.28125,8.6,0.0,0.0,52.0
20.16659,0x220,0.0,0.0,1.0,6.25,1.69,-0.05,23.90625,23.875,23.21875,24.28125,8.6,0.0,0.0,52.0
20.16682,0x316,0.0,0.0,1.0,6.25,1.69,-0.05,23.90625,23.875,23.21875,24.28125,8.6,0.0,0.0,52.0
20.1673,0x386,0.0,0.0,1.0,6.25,1.69,-0.05,23.59375,23.6875,23.3125,24.28125,8.6,0.0,0.0,52.0
20.17065,0x2B0,0.0,0.0,1.0,6.25,1.69,-0.05,23.59375,23.6875,23.3125,24.28125,8.6,0.0,0.0,52.0
20.17659,0x220,0.0,0.0,1.0,6.25,2.37,0.1,23.59375,23.6875,23.3125,24.28125,8.6,0.0,0.0,52.0
20.17683,0x316,0.0,0.0,1.0,6.25,2.37,0.1,23.59375,23.6875,23.3125,24.28125,8.6,0.0,0.0,52.0
20.18064,0x2B0,0.0,0.0,1.0,6.25,2.37,0.1,23.59375,23.6875,23.3125,24.28125,8.6,0.0,0.0,52.0
20.18647,0x220,0.0,0.0,1.0,6.25,3.17,0.35,23.59375,23.6875,23.3125,24.28125,8.6,0.0,0.0,52.0
20.1867,0x316,0.0,0.0,1.0,6.25,3.17,0.35,23.59375,23.6875,23.3125,24.28125,8.6,0.0,0.0,52.0
20.18718,0x386,0.0,0.0,1.0,6.25,3.17,0.35,23.53125,23.75,23.5625,23.78125,8.6,0.0,0.0,52.0
20.19063,0x2B0,0.0,0.0,1.0,6.25,3.17,0.35,23.53125,23.75,23.5625,23.78125,8.6,0.0,0.0,52.0
20.1966,0x220,0.0,0.0,1.0,6.25,3.8,0.52,23.53125,23.75,23.5625,23.78125,8.6,0.0,0.0,52.0
20.19684,0x316,0.0,0.0,1.0,6.25,3.8,0.52,23.53125,23.75,23.5625,23.78125,8.6,0.0,0.0,52.0
20.20064,0x2B0,0.0,0.0,1.0,6.25,3.8,0.52,23.53125,23.75,23.5625,23.78125,8.6,0.0,0.0,52.0
20.20646,0x220,0.0,0.0,1.0,6.25,3.95,0.29,23.53125,23.75,23.5625,23.78125,8.6,0.0,0.0,52.0
20.2067,0x316,0.0,0.0,1.0,6.25,3.95,0.29,23.53125,23.75,23.5625,23.78125,8.6,0.0,0.0,52.0
20.20716,0x386,0.0,0.0,1.0,6.25,3.95,0.29,23.59375,23.90625,23.21875,23.53125,8.6,0.0,0.0,52.0
20.21064,0x2B0,0.0,0.0,1.0,6.25,3.95,0.29,23.59375,23.90625,23.21875,23.53125,8.6,0.0,0.0,52.0
20.2166,0x220,0.0,0.0,1.0,6.25,3.58,-0.24,23.59375,23.90625,23.21875,23.53125,8.6,0.0,0.0,52.0
20.21684,0x316,0.0,0.0,1.0,6.25,3.58,-0.24,23.59375,23.90625,23.21875,23.53125,8.6,0.0,0.0,52.0
20.22064,0x2B0,0.0,0.0,1.0,6.25,3.58,-0.24,23.59375,23.90625,23.21875,23.53125,8.6,0.0,0.0,52.0
20.2265,0x220,0.0,0.0,1.0,6.25,2.94,-0.66,23.59375,23.90625,23.21875,23.53125,8.6,0.0,0.0,52.0
20.22674,0x316,0.0,0.0,1.0,6.25,2.94,-0.66,23.59375,23.90625,23.21875,23.53125,8.6,0.0,0.0,52.0
20.2272,0x386,0.0,0.0,1.0,6.25,2.94,-0.66,23.71875,23.71875,22.90625,23.71875,8.6,0.0,0.0,52.0
20.23063,0x2B0,0.0,0.0,1.0,6.25,2.94,-0.66,23.71875,23.71875,22.90625,23.71875,8.6,0.0,0.0,52.0
20.23661,0x220,0.0,0.0,1.0,6.25,2.48,-0.7,23.71875,23.71875,22.90625,23.71875,8.6,0.0,0.0,52.0
20.23685,0x316,0.0,0.0,1.0,6.25,2.48,-0.7,23.71875,23.71875,22.90625,23.71875,8.6,0.0,0.0,52.0
20.24064,0x2B0,0.0,0.0,1.0,6.25,2.48,-0.7,23.71875,23.71875,22.90625,23.71875,8.6,0.0,0.0,52.0
20.24647,0x220,0.0,0.0,1.0,6.25,2.41,-0.57,23.71875,23.71875,22.90625,23.71875,8.6,0.0,0.0,52.0
20.24671,0x386,0.0,0.0,1.0,6.25,2.41,-0.57,23.78125,24.21875,23.625,23.375,8.6,0.0,0.0,52.0
20.24695,0x316,0.0,0.0,1.0,6.25,2.41,-0.57,23.78125,24.21875,23.625,23.375,8.6,0.0,0.0,52.0
20.2507,0x2B0,0.0,0.0,1.0,6.25,2.41,-0.57,23.78125,24.21875,23.625,23.375,8.6,0.0,0.0,52.0
20.25661,0x220,0.0,0.0,1.0,6.25,2.72,-0.69,23.78125,24.21875,23.625,23.375,8.6,0.0,0.0,52.0
20.25685,0x316,0.0,0.0,1.0,6.25,2.72,-0.69,23.78125,24.21875,23.625,23.375,8.6,0.0,0.0,53.0
20.26064,0x2B0,0.0,0.0,1.0,6.25,2.72,-0.69,23.78125,24.21875,23.625,23.375,9.0,20.0,0.0,53.0
20.26647,0x220,0.0,0.0,1.0,6.25,3.23,-0.92,23.78125,24.21875,23.625,23.375,9.0,20.0,0.0,53.0
20.26671,0x316,0.0,0.0,1.0,6.25,3.23,-0.92,23.78125,24.21875,23.625,23.375,9.0,20.0,0.0,53.0
20.26718,0x386,0.0,0.0,1.0,6.25,3.23,-0.92,23.71875,23.9375,23.71875,23.375,9.0,20.0,0.0,53.0
20.27063,0x2B0,0.0,0.0,1.0,6.25,3.23,-0.92,23.71875,23.9375,23.71875,23.375,9.4,40.0,0.0,53.0
20.27662,0x220,0.0,0.0,1.0,6.25,3.73,-0.88,23.71875,23.9375,23.71875,23.375,9.4,40.0,0.0,53.0
20.27686,0x316,0.0,0.0,1.0,6.25,3.73,-0.88,23.71875,23.9375,23.71875,23.375,9.4,40.0,0.0,53.0
20.28064,0x2B0,0.0,0.0,1.0,6.25,3.73,-0.88,23.71875,23.9375,23.71875,23.375,9.8,40.0,0.0,53.0
20.28646,0x220,0.0,0.0,1.0,6.25,4.21,-0.8,23.71875,23.9375,23.71875,23.375,9.8,40.0,0.0,53.0
20.2867,0x316,0.0,0.0,1.0,6.25,4.21,-0.8,23.71875,23.9375,23.71875,23.375,9.8,40.0,0.0,53.0
20.28717,0x386,0.0,0.0,1.0,6.25,4.21,-0.8,23.875,23.90625,23.4375,23.71875,9.8,40.0,0.0,53.0
20.29066,0x2B0,0.0,0.0,1.0,6.25,4.21,-0.8,23.875,23.90625,23.4375,23.71875,10.1,32.0,0.0,53.0
20.29662,0x220,0.0,0.0,1.0,6.25,4.53,-1.04,23.875,23.90625,23.4375,23.71875,10.1,32.0,0.0,53.0
20.29686,0x316,0.0,0.0,1.0,6.25,4.53,-1.04,23.875,23.90625,23.4375,23.71875,10.1,32.0,0.0,53.0
20.30065,0x2B0,0.0,0.0,1.0,6.25,4.53,-1.04,23.875,23.90625,23.4375,23.71875,10.5,32.0,0.0,53.0
20.30646,0x220,0.0,0.0,1.0,6.25,4.58,-1.41,23.875,23.90625,23.4375,23.71875,10.5,32.0,0.0,53.0
20.3067,0x316,0.0,0.0,1.0,6.25,4.58,-1.41,23.875,23.90625,23.4375,23.71875,10.5,32.0,0.0,53.0
20.30717,0x386,0.0,0.0,1.0,6.25,4.58,-1.41,23.90625,23.875,23.71875,23.5625,10.5,32.0,0.0,53.0
20.31066,0x2B0,0.0,0.0,1.0,6.25,4.58,-1.41,23.90625,23.875,23.71875,23.5625,10.8,32.0,0.0,53.0
20.31663,0x220,0.0,0.0,1.0,6.25,4.32,-1.54,23.90625,23.875,23.71875,23.5625,10.8,32.0,0.0,53.0
20.3171,0x316,0.0,0.0,1.0,6.25,4.32,-1.54,23.90625,23.875,23.71875,23.5625,10.8,32.0,0.0,53.0
20.32064,0x2B0,0.0,0.0,1.0,6.25,4.32,-1.54,23.90625,23.875,23.71875,23.5625,11.1,28.0,0.0,53.0
20.32653,0x220,0.0,0.0,1.0,6.25,3.85,-1.47,23.90625,23.875,23.71875,23.5625,11.1,28.0,0.0,53.0
20.32677,0x316,0.0,0.0,1.0,6.25,3.85,-1.47,23.90625,23.875,23.71875,23.5625,11.1,28.0,0.0,53.0
20.32725,0x386,0.0,0.0,1.0,6.25,3.85,-1.47,23.90625,23.9375,24.09375,23.3125,11.1,28.0,0.0,53.0
20.33064,0x2B0,0.0,0.0,1.0,6.25,3.85,-1.47,23.90625,23.9375,24.09375,23.3125,11.3,24.0,0.0,53.0
20.33663,0x220,0.0,0.0,1.0,6.25,3.32,-1.32,23.90625,23.9375,24.09375,23.3125,11.3,24.0,0.0,53.0
20.33687,0x316,0.0,0.0,1.0,6.25,3.32,-1.32,23.90625,23.9375,24.09375,23.3125,11.3,24.0,0.0,53.0
20.34066,0x2B0,0.0,0.0,1.0,6.25,3.32,-1.32,23.90625,23.9375,24.09375,23.3125,11.6,24.0,0.0,53.0
20.34647,0x220,0.0,0.0,1.0,6.25,2.79,-1.26,23.90625,23.9375,24.09375,23.3125,11.6,24.0,0.0,53.0
20.34671,0x316,0.0,0.0,1.0,6.25,2.79,-1.26,23.90625,23.9375,24.09375,23.3125,11.6,24.0,0.0,53.0
20.34718,0x386,0.0,0.0,1.0,6.25,2.79,-1.26,23.75,24.03125,23.9375,23.375,11.6,24.0,0.0,53.0
20.35063,0x2B0,0.0,0.0,1.0,6.25,2.79,-1.26,23.75,24.03125,23.9375,23.375,11.8,24.0,0.0,53.0
20.35664,0x220,0.0,0.0,1.0,6.25,2.35,-1.28,23.75,24.03125,23.9375,23.375,11.8,24.0,0.0,53.0
20.35688,0x316,0.0,0.0,1.0,6.25,2.35,-1.28,23.75,24.03125,23.9375,23.375,11.8,24.0,0.0,53.0
20.36063,0x2B0,0.0,0.0,1.0,6.25,2.35,-1.28,23.75,24.03125,23.9375,23.375,12.1,24.0,0.0,53.0
20.36664,0x220,0.0,0.0,1.0,6.25,2.16,-1.14,23.75,24.03125,23.9375,23.375,12.1,24.0,0.0,53.0
20.36688,0x316,0.0,0.0,1.0,6.25,2.16,-1.14,23.75,24.03125,23.9375,23.375,12.1,24.0,0.0,53.0
20.36734,0x386,0.0,0.0,1.0,6.25,2.16,-1.14,23.84375,23.75,23.4375,23.40625,12.1,24.0,0.0,53.0
20.37064,0x2B0,0.0,0.0,1.0,6.25,2.16,-1.14,23.84375,23.75,23.4375,23.40625,12.3,24.0,0.0,53.0
20.37664,0x220,0.0,0.0,1.0,6.25,2.22,-0.85,23.84375,23.75,23.4375,23.40625,12.3,24.0,0.0,53.0
20.37687,0x316,0.0,0.0,1.0,6.25,2.22,-0.85,23.84375,23.75,23.4375,23.40625,12.3,24.0,0.0,53.0
20.38063,0x2B0,0.0,0.0,1.0,6.25,2.22,-0.85,23.84375,23.75,23.4375,23.40625,12.6,24.0,0.0,53.0
20.38647,0x220,0.0,0.0,1.0,6.25,2.3,-0.85,23.84375,23.75,23.4375,23.40625,12.6,24.0,0.0,53.0
20.38671,0x316,0.0,0.0,1.0,6.25,2.3,-0.85,23.84375,23.75,23.4375,23.40625,12.6,24.0,0.0,53.0
20.38717,0x386,0.0,0.0,1.0,6.25,2.3,-0.85,23.84375,23.9375,23.40625,22.65625,12.6,24.0,0.0,53.0
20.39063,0x2B0,0.0,0.0,1.0,6.25,2.3,-0.85,23.84375,23.9375,23.40625,22.65625,13.0,32.0,0.0,53.0
20.3966,0x220,0.0,0.0,1.0,6.25,2.06,-1.13,23.84375,23.9375,23.40625,22.65625,13.0,32.0,0.0,53.0
20.39684,0x316,0.0,0.0,1.0,6.25,2.06,-1.13,23.84375,23.9375,23.40625,22.65625,13.0,32.0,0.0,53.0
20.40066,0x2B0,0.0,0.0,1.0,6.25,2.06,-1.13,23.84375,23.9375,23.40625,22.65625,13.4,40.0,0.0,53.0
20.40648,0x220,0.0,0.0,1.0,6.25,1.38,-1.27,23.84375,23.9375,23.40625,22.65625,13.4,40.0,0.0,53.0
20.40672,0x316,0.0,0.0,1.0,6.25,1.38,-1.27,23.84375,23.9375,23.40625,22.65625,13.4,40.0,0.0,53.0
20.4072,0x386,0.0,0.0,1.0,6.25,1.38,-1.27,23.84375,23.8125,23.3125,22.78125,13.4,40.0,0.0,53.0
20.41065,0x2B0,0.0,0.0,1.0,6.25,1.38,-1.27,23.84375,23.8125,23.3125,22.78125,13.8,40.0,0.0,53.0
20.41665,0x220,0.0,0.0,1.0,6.25,0.54,-0.86,23.84375,23.8125,23.3125,22.78125,13.8,40.0,0.0,53.0
20.41689,0x316,0.0,0.0,1.0,6.25,0.54,-0.86,23.84375,23.8125,23.3125,22.78125,13.8,40.0,0.0,53.0
20.42066,0x2B0,0.0,0.0,1.0,6.25,0.54,-0.86,23.84375,23.8125,23.3125,22.78125,14.1,32.0,0.0,53.0
20.42657,0x220,0.0,0.0,1.0,6.25,-0.06,-0.1,23.84375,23.8125,23.3125,22.78125,14.1,32.0,0.0,53.0
20.42681,0x316,0.0,0.0,1.0,6.25,-0.06,-0.1,23.84375,23.8125,23.3125,22.78125,14.1,32.0,0.0,53.0
20.42728,0x386,0.0,0.0,1.0,6.25,-0.06,-0.1,23.875,23.8125,23.3125,23.625,14.1,32.0,0.0,53.0
20.43065,0x2B0,0.0,0.0,1.0,6.25,-0.06,-0.1,23.875,23.8125,23.3125,23.625,14.3,24.0,0.0,53.0
20.43667,0x220,0.0,0.0,1.0,6.25,-0.24,0.46,23.875,23.8125,23.3125,23.625,14.3,24.0,0.0,53.0
20.43691,0x316,0.0,0.0,1.0,6.25,-0.24,0.46,23.875,23.8125,23.3125,23.625,14.3,24.0,0.0,53.0
20.44063,0x2B0,0.0,0.0,1.0,6.25,-0.24,0.46,23.875,23.8125,23.3125,23.625,14.5,20.0,0.0,53.0
20.44647,0x220,0.0,0.0,1.0,6.25,-0.04,0.56,23.875,23.8125,23.3125,23.625,14.5,20.0,0.0,53.0
20.44671,0x386,0.0,0.0,1.0,6.25,-0.04,0.56,23.65625,23.75,23.40625,23.6875,14.5,20.0,0.0,53.0
20.44695,0x316,0.0,0.0,1.0,6.25,-0.04,0.56,23.65625,23.75,23.40625,23.6875,14.5,20.0,0.0,53.0
20.4507,0x2B0,0.0,0.0,1.0,6.25,-0.04,0.56,23.65625,23.75,23.40625,23.6875,14.7,20.0,0.0,53.0
20.45666,0x220,0.0,0.0,1.0,6.25,0.18,0.48,23.65625,23.75,23.40625,23.6875,14.7,20.0,0.0,53.0
20.4569,0x316,0.0,0.0,1.0,6.25,0.18,0.48,23.65625,23.75,23.40625,23.6875,14.7,20.0,0.0,53.0
20.46072,0x2B0,0.0,0.0,1.0,6.25,0.18,0.48,23.65625,23.75,23.40625,23.6875,14.7,8.0,0.0,53.0
20.46648,0x220,0.0,0.0,1.0,6.25,0.15,0.79,23.65625,23.75,23.40625,23.6875,14.7,8.0,0.0,53.0
20.46672,0x316,0.0,0.0,1.0,6.25,0.15,0.79,23.65625,23.75,23.40625,23.6875,14.7,8.0,0.0,53.0
20.46719,0x386,0.0,0.0,1.0,6.25,0.15,0.79,23.71875,23.65625,23.4375,23.34375,14.7,8.0,0.0,53.0
20.47066,0x2B0,0.0,0.0,1.0,6.25,0.15,0.79,23.71875,23.65625,23.4375,23.34375,14.8,0.0,0.0,53.0
20.47667,0x220,0.0,0.0,1.0,6.25,-0.14,1.51,23.71875,23.65625,23.4375,23.34375,14.8,0.0,0.0,53.0
20.47691,0x316,0.0,0.0,1.0,6.25,-0.14,1.51,23.71875,23.65625,23.4375,23.34375,14.8,0.0,0.0,53.0
20.48062,0x2B0,0.0,0.0,1.0,6.25,-0.14,1.51,23.71875,23.65625,23.4375,23.34375,14.8,0.0,0.0,53.0
20.48647,0x220,0.0,0.0,1.0,6.25,-0.47,2.17,23.71875,23.65625,23.4375,23.34375,14.8,0.0,0.0,53.0
20.48671,0x316,0.0,0.0,1.0,6.25,-0.47,2.17,23.71875,23.65625,23.4375,23.34375,14.8,0.0,0.0,53.0
20.48718,0x386,0.0,0.0,1.0,6.25,-0.47,2.17,23.65625,23.625,23.21875,23.71875,14.8,0.0,0.0,53.0
20.49062,0x2B0,0.0,0.0,1.0,6.25,-0.47,2.17,23.65625,23.625,23.21875,23.71875,14.8,0.0,0.0,53.0
20.49668,0x220,0.0,0.0,1.0,6.25,-0.76,2.3,23.65625,23.625,23.21875,23.71875,14.8,0.0,0.0,53.0
20.49692,0x316,0.0,0.0,1.0,6.25,-0.76,2.3,23.65625,23.625,23.21875,23.71875,14.8,0.0,0.0,53.0
20.50062,0x2B0,0.0,0.0,1.0,6.25,-0.76,2.3,23.65625,23.625,23.21875,23.71875,14.8,0.0,0.0,53.0
20.50648,0x220,0.0,0.0,1.0,6.25,-0.97,2.05,23.65625,23.625,23.21875,23.71875,14.8,0.0,0.0,53.0
20.50671,0x316,0.0,0.0,1.0,6.25,-0.97,2.05,23.65625,23.625,23.21875,23.71875,14.8,0.0,0.0,54.0
20.50719,0x386,0.0,0.0,1.0,6.25,-0.97,2.05,23.78125,23.84375,23.21875,23.40625,14.8,0.0,0.0,54.0
20.51062,0x2B0,0.0,0.0,1.0,6.25,-0.97,2.05,23.78125,23.84375,23.21875,23.40625,14.8,0.0,0.0,54.0
20.51669,0x220,0.0,0.0,1.0,6.25,-1.0,1.86,23.78125,23.84375,23.21875,23.40625,14.8,0.0,0.0,54.0
20.51693,0x316,0.0,0.0,1.0,6.25,-1.0,1.86,23.78125,23.84375,23.21875,23.40625,14.8,0.0,0.0,54.0
20.52062,0x2B0,0.0,0.0,1.0,6.25,-1.0,1.86,23.78125,23.84375,23.21875,23.40625,14.8,0.0,0.0,54.0
20.5266,0x220,0.0,0.0,1.0,6.25,-0.87,1.93,23.78125,23.84375,23.21875,23.40625,14.8,0.0,0.0,54.0
20.52684,0x316,0.0,0.0,1.0,6.25,-0.87,1.93,23.78125,23.84375,23.21875,23.40625,14.8,0.0,0.0,54.0
20.52731,0x386,0.0,0.0,1.0,6.25,-0.87,1.93,23.9375,23.71875,22.90625,23.625,14.8,0.0,0.0,54.0
20.53062,0x2B0,0.0,0.0,1.0,6.25,-0.87,1.93,23.9375,23.71875,22.90625,23.625,14.8,0.0,0.0,54.0
20.53669,0x220,0.0,0.0,1.0,6.25,-0.53,2.23,23.9375,23.71875,22.90625,23.625,14.8,0.0,0.0,54.0
20.53693,0x316,0.0,0.0,1.0,6.25,-0.53,2.23,23.9375,23.71875,22.90625,23.625,14.8,0.0,0.0,55.0
20.54062,0x2B0,0.0,0.0,1.0,6.25,-0.53,2.23,23.9375,23.71875,22.90625,23.625,14.8,0.0,0.0,55.0
20.54647,0x220,0.0,0.0,1.0,6.25,0.06,2.5,23.9375,23.71875,22.90625,23.625,14.8,0.0,0.0,55.0
20.5467,0x386,0.0,0.0,1.0,6.25,0.06,2.5,23.875,23.875,22.53125,23.375,14.8,0.0,0.0,55.0
20.54694,0x316,0.0,0.0,1.0,6.25,0.06,2.5,23.875,23.875,22.53125,23.375,14.8,0.0,0.0,55.0
20.55062,0x2B0,0.0,0.0,1.0,6.25,0.06,2.5,23.875,23.875,22.53125,23.375,14.8,0.0,0.0,55.0
20.55669,0x220,0.0,0.0,1.0,6.25,0.79,2.44,23.875,23.875,22.53125,23.375,14.8,0.0,0.0,55.0
20.55693,0x316,0.0,0.0,1.0,6.25,0.79,2.44,23.875,23.875,22.53125,23.375,14.8,0.0,0.0,55.0
20.56062,0x2B0,0.0,0.0,1.0,6.25,0.79,2.44,23.875,23.875,22.53125,23.375,14.8,0.0,0.0,55.0
20.5667,0x220,0.0,0.0,1.0,6.25,1.53,2.1,23.875,23.875,22.53125,23.375,14.8,0.0,0.0,55.0
20.56694,0x316,0.0,0.0,1.0,6.25,1.53,2.1,23.875,23.875,22.53125,23.375,14.8,0.0,0.0,55.0
20.56741,0x386,0.0,0.0,1.0,6.25,1.53,2.1,23.65625,23.84375,22.75,23.125,14.8,0.0,0.0,55.0
20.57062,0x2B0,0.0,0.0,1.0,6.25,1.53,2.1,23.65625,23.84375,22.75,23.125,14.8,0.0,0.0,55.0
20.5767,0x220,0.0,0.0,1.0,6.25,2.26,1.77,23.65625,23.84375,22.75,23.125,14.8,0.0,0.0,55.0
20.57694,0x316,0.0,0.0,1.0,6.25,2.26,1.77,23.65625,23.84375,22.75,23.125,14.8,0.0,0.0,55.0
20.58062,0x2B0,0.0,0.0,1.0,6.25,2.26,1.77,23.65625,23.84375,22.75,23.125,14.8,0.0,0.0,55.0
20.58647,0x220,0.0,0.0,1.0,6.25,2.86,1.62,23.65625,23.84375,22.75,23.125,14.8,0.0,0.0,55.0
20.58671,0x316,0.0,0.0,1.0,6.25,2.86,1.62,23.65625,23.84375,22.75,23.125,14.8,0.0,0.0,55.0
20.58718,0x386,0.0,0.0,1.0,6.25,2.86,1.62,23.625,23.65625,23.5,23.0625,14.8,0.0,0.0,55.0
20.59061,0x2B0,0.0,0.0,1.0,6.25,2.86,1.62,23.625,23.65625,23.5,23.0625,14.8,0.0,0.0,55.0
20.59671,0x220,0.0,0.0,1.0,6.25,3.29,1.57,23.625,23.65625,23.5,23.0625,14.8,0.0,0.0,55.0
20.59695,0x316,0.0,0.0,1.0,6.25,3.29,1.57,23.625,23.65625,23.5,23.0625,14.8,0.0,0.0,55.0
20.60068,0x2B0,0.0,0.0,1.0,6.25,3.29,1.57,23.625,23.65625,23.5,23.0625,14.7,0.0,0.0,55.0
20.60647,0x220,0.0,0.0,1.0,6.25,3.49,1.38,23.625,23.65625,23.5,23.0625,14.7,0.0,0.0,55.0
20.60671,0x386,0.0,0.0,1.0,6.25,3.49,1.38,23.46875,23.5,23.375,23.46875,14.7,0.0,0.0,55.0
20.60695,0x316,0.0,0.0,1.0,6.25,3.49,1.38,23.46875,23.5,23.375,23.46875,14.7,0.0,0.0,55.0
20.61066,0x2B0,0.0,0.0,1.0,6.25,3.49,1.38,23.46875,23.5,23.375,23.46875,14.5,12.0,0.0,55.0
20.61671,0x220,0.0,0.0,1.0,6.25,3.51,0.87,23.46875,23.5,23.375,23.46875,14.5,12.0,0.0,55.0
20.61695,0x316,0.0,0.0,1.0,6.25,3.51,0.87,23.46875,23.5,23.375,23.46875,14.5,12.0,0.0,55.0
20.62068,0x2B0,0.0,0.0,1.0,6.25,3.51,0.87,23.46875,23.5,23.375,23.46875,14.2,24.0,0.0,55.0
20.62664,0x220,0.0,0.0,1.0,6.25,3.45,0.24,23.46875,23.5,23.375,23.46875,14.2,24.0,0.0,55.0
20.62688,0x316,0.0,0.0,1.0,6.25,3.45,0.24,23.46875,23.5,23.375,23.46875,14.2,24.0,0.0,54.0
20.62735,0x386,0.0,0.0,1.0,6.25,3.45,0.24,23.34375,23.5,22.90625,23.46875,14.2,24.0,0.0,54.0
20.63068,0x2B0,0.0,0.0,1.0,6.25,3.45,0.24,23.34375,23.5,22.90625,23.46875,13.9,28.0,0.0,54.0
20.63647,0x220,0.0,0.0,1.0,6.25,3.4,-0.19,23.34375,23.5,22.90625,23.46875,13.9,28.0,0.0,54.0
20.63671,0x316,0.0,0.0,1.0,6.25,3.4,-0.19,23.34375,23.5,22.90625,23.46875,13.9,28.0,0.0,54.0
20.64066,0x2B0,0.0,0.0,1.0,6.25,3.4,-0.19,23.34375,23.5,22.90625,23.46875,13.6,28.0,0.0,54.0
20.64647,0x220,0.0,0.0,1.0,6.25,3.5,-0.37,23.34375,23.5,22.90625,23.46875,13.6,28.0,0.0,54.0
20.6467,0x386,0.0,0.0,1.0,6.25,3.5,-0.37,23.1875,23.5625,22.90625,22.84375,13.6,28.0,0.0,54.0
20.64694,0x316,0.0,0.0,1.0,6.25,3.5,-0.37,23.1875,23.5625,22.90625,22.84375,13.6,28.0,0.0,54.0
20.65066,0x2B0,0.0,0.0,1.0,6.25,3.5,-0.37,23.1875,23.5625,22.90625,22.84375,13.2,32.0,0.0,54.0
20.65672,0x220,0.0,0.0,1.0,6.25,3.81,-0.31,23.1875,23.5625,22.90625,22.84375,13.2,32.0,0.0,54.0
20.65696,0x316,0.0,0.0,1.0,6.25,3.81,-0.31,23.1875,23.5625,22.90625,22.84375,13.2,32.0,0.0,54.0
20.66066,0x2B0,0.0,0.0,1.0,6.25,3.81,-0.31,23.1875,23.5625,22.90625,22.84375,12.9,32.0,0.0,54.0
20.66648,0x220,0.0,0.0,1.0,6.25,4.19,-0.23,23.1875,23.5625,22.90625,22.84375,12.9,32.0,0.0,54.0
20.66672,0x316,0.0,0.0,1.0,6.25,4.19,-0.23,23.1875,23.5625,22.90625,22.84375,12.9,32.0,0.0,54.0
20.66718,0x386,0.0,0.0,1.0,6.25,4.19,-0.23,23.125,23.125,22.75,23.0625,12.9,32.0,0.0,54.0
20.67064,0x2B0,0.0,0.0,1.0,6.25,4.19,-0.23,23.125,23.125,22.75,23.0625,12.6,28.0,0.0,54.0
20.67649,0x220,0.0,0.0,1.0,6.25,4.48,-0.37,23.125,23.125,22.75,23.0625,12.6,28.0,0.0,54.0
20.67673,0x316,0.0,0.0,1.0,6.25,4.48,-0.37,23.125,23.125,22.75,23.0625,12.6,28.0,0.0,55.0
20.68064,0x2B0,0.0,0.0,1.0,6.25,4.48,-0.37,23.125,23.125,22.75,23.0625,12.4,24.0,0.0,55.0
20.68648,0x220,0.0,0.0,1.0,6.25,4.48,-0.74,23.125,23.125,22.75,23.0625,12.4,24.0,0.0,55.0
20.68671,0x386,0.0,0.0,1.0,6.25,4.48,-0.74,23.125,23.375,22.5,23.59375,12.4,24.0,0.0,55.0
20.68695,0x316,0.0,0.0,1.0,6.25,4.48,-0.74,23.125,23.375,22.5,23.59375,12.4,24.0,0.0,55.0
20.69067,0x2B0,0.0,0.0,1.0,6.25,4.48,-0.74,23.125,23.375,22.5,23.59375,12.4,8.0,0.0,55.0
20.69648,0x220,0.0,0.0,1.0,6.25,3.99,-1.03,23.125,23.375,22.5,23.59375,12.4,8.0,0.0,55.0
20.69672,0x316,0.0,0.0,1.0,6.25,3.99,-1.03,23.125,23.375,22.5,23.59375,12.4,8.0,0.0,55.0
20.70065,0x2B0,0.0,0.0,1.0,6.25,3.99,-1.03,23.125,23.375,22.5,23.59375,12.3,0.0,0.0,55.0
20.70649,0x220,0.0,0.0,1.0,6.25,3.17,-0.86,23.125,23.375,22.5,23.59375,12.3,0.0,0.0,55.0
20.70672,0x316,0.0,0.0,1.0,6.25,3.17,-0.86,23.125,23.375,22.5,23.59375,12.3,0.0,0.0,55.0
20.70719,0x386,0.0,0.0,1.0,6.25,3.17,-0.86,23.125,23.0,22.53125,23.0625,12.3,0.0,0.0,55.0
20.71067,0x2B0,0.0,0.0,1.0,6.25,3.17,-0.86,23.125,23.0,22.53125,23.0625,12.3,0.0,0.0,55.0
20.7165,0x220,0.0,0.0,1.0,6.25,2.52,-0.2,23.125,23.0,22.53125,23.0625,12.3,0.0,0.0,55.0
20.71698,0x316,0.0,0.0,1.0,6.25,2.52,-0.2,23.125,23.0,22.53125,23.0625,12.3,0.0,0.0,55.0
20.72063,0x2B0,0.0,0.0,1.0,6.25,2.52,-0.2,23.125,23.0,22.53125,23.0625,12.1,8.0,0.0,55.0
20.72668,0x220,0.0,0.0,1.0,6.25,2.39,0.3,23.125,23.0,22.53125,23.0625,12.1,8.0,0.0,55.0
20.72691,0x316,0.0,0.0,1.0,6.25,2.39,0.3,23.125,23.0,22.53125,23.0625,12.1,8.0,0.0,55.0
20.72738,0x386,0.0,0.0,1.0,6.25,2.39,0.3,23.15625,23.15625,22.4375,23.0,12.1,8.0,0.0,55.0
20.73063,0x2B0,0.0,0.0,1.0,6.25,2.39,0.3,23.15625,23.15625,22.4375,23.0,11.9,20.0,0.0,55.0
20.73649,0x220,0.0,0.0,1.0,6.25,2.82,0.13,23.15625,23.15625,22.4375,23.0,11.9,20.0,0.0,55.0
20.73673,0x316,0.0,0.0,1.0,6.25,2.82,0.13,23.15625,23.15625,22.4375,23.0,11.9,20.0,0.0,55.0
20.74064,0x2B0,0.0,0.0,1.0,6.25,2.82,0.13,23.15625,23.15625,22.4375,23.0,11.8,12.0,0.0,55.0
20.7465,0x220,0.0,0.0,1.0,6.25,3.46,-0.31,23.15625,23.15625,22.4375,23.0,11.8,12.0,0.0,55.0
20.74673,0x386,0.0,0.0,1.0,6.25,3.46,-0.31,22.75,23.125,22.21875,22.90625,11.8,12.0,0.0,55.0
20.74696,0x316,0.0,0.0,1.0,6.25,3.46,-0.31,22.75,23.125,22.21875,22.90625,11.8,12.0,0.0,55.0
20.75067,0x2B0,0.0,0.0,1.0,6.25,3.46,-0.31,22.75,23.125,22.21875,22.90625,11.8,0.0,0.0,55.0
20.7565,0x220,0.0,0.0,1.0,6.25,3.99,-0.45,22.75,23.125,22.21875,22.90625,11.8,0.0,0.0,55.0
20.75674,0x316,0.0,0.0,1.0,6.25,3.99,-0.45,22.75,23.125,22.21875,22.90625,11.8,0.0,0.0,55.0
20.76064,0x2B0,0.0,0.0,1.0,6.25,3.99,-0.45,22.75,23.125,22.21875,22.90625,11.8,0.0,0.0,55.0
20.7665,0x220,0.0,0.0,1.0,6.25,4.19,-0.1,22.75,23.125,22.21875,22.90625,11.8,0.0,0.0,55.0
20.76674,0x316,0.0,0.0,1.0,6.25,4.19,-0.1,22.75,23.125,22.21875,22.90625,11.8,0.0,0.0,55.0
20.76721,0x386,0.0,0.0,1.0,6.25,4.19,-0.1,22.84375,22.8125,22.6875,22.8125,11.8,0.0,0.0,55.0
20.77066,0x2B0,0.0,0.0,1.0,6.25,4.19,-0.1,22.84375,22.8125,22.6875,22.8125,11.7,0.0,0.0,55.0
20.77651,0x220,0.0,0.0,1.0,6.25,4.13,0.45,22.84375,22.8125,22.6875,22.8125,11.7,0.0,0.0,55.0
20.77675,0x316,0.0,0.0,1.0,6.25,4.13,0.45,22.84375,22.8125,22.6875,22.8125,11.7,0.0,0.0,55.0
20.78066,0x2B0,0.0,0.0,1.0,6.25,4.13,0.45,22.84375,22.8125,22.6875,22.8125,11.7,0.0,0.0,55.0
20.7865,0x220,0.0,0.0,1.0,6.25,3.92,0.73,22.84375,22.8125,22.6875,22.8125,11.7,0.0,0.0,55.0
20.78674,0x316,0.0,0.0,1.0,6.25,3.92,0.73,22.84375,22.8125,22.6875,22.8125,11.7,0.0,0.0,55.0
20.78721,0x386,0.0,0.0,1.0,6.25,3.92,0.73,22.6875,23.03125,23.03125,22.8125,11.7,0.0,0.0,55.0
20.79067,0x2B0,0.0,0.0,1.0,6.25,3.92,0.73,22.6875,23.03125,23.03125,22.8125,11.5,8.0,0.0,55.0
20.79652,0x220,0.0,0.0,1.0,6.25,3.61,0.33,22.6875,23.03125,23.03125,22.8125,11.5,8.0,0.0,55.0
20.79675,0x316,0.0,0.0,1.0,6.25,3.61,0.33,22.6875,23.03125,23.03125,22.8125,11.5,8.0,0.0,55.0
20.80064,0x2B0,0.0,0.0,1.0,6.25,3.61,0.33,22.6875,23.03125,23.03125,22.8125,11.5,8.0,0.0,55.0
20.8065,0x220,0.0,0.0,1.0,6.25,3.26,-0.46,22.6875,23.03125,23.03125,22.8125,11.5,8.0,0.0,55.0
20.80674,0x316,0.0,0.0,1.0,6.25,3.26,-0.46,22.6875,23.03125,23.03125,22.8125,11.5,8.0,0.0,55.0
20.80721,0x386,0.0,0.0,1.0,6.25,3.26,-0.46,22.71875,23.03125,22.84375,23.21875,11.5,8.0,0.0,55.0
20.81064,0x2B0,0.0,0.0,1.0,6.25,3.26,-0.46,22.71875,23.03125,22.84375,23.21875,11.5,0.0,0.0,55.0
20.81652,0x220,0.0,0.0,1.0,6.25,2.95,-0.88,22.71875,23.03125,22.84375,23.21875,11.5,0.0,0.0,55.0
20.81701,0x316,0.0,0.0,1.0,6.25,2.95,-0.88,22.71875,23.03125,22.84375,23.21875,11.5,0.0,0.0,55.0
20.82065,0x2B0,0.0,0.0,1.0,6.25,2.95,-0.88,22.71875,23.03125,22.84375,23.21875,11.5,0.0,0.0,55.0
20.8267,0x220,0.0,0.0,1.0,6.25,2.81,-0.55,22.71875,23.03125,22.84375,23.21875,11.5,0.0,0.0,55.0
20.82694,0x316,0.0,0.0,1.0,6.25,2.81,-0.55,22.71875,23.03125,22.84375,23.21875,11.5,0.0,0.0,55.0
20.82741,0x386,0.0,0.0,1.0,6.25,2.81,-0.55,22.875,22.9375,22.4375,23.0,11.5,0.0,0.0,55.0
20.83063,0x2B0,0.0,0.0,1.0,6.25,2.81,-0.55,22.875,22.9375,22.4375,23.0,11.3,8.0,0.0,55.0
20.83654,0x220,0.0,0.0,1.0,6.25,2.89,0.05,22.875,22.9375,22.4375,23.0,11.3,8.0,0.0,55.0
20.83677,0x316,0.0,0.0,1.0,6.25,2.89,0.05,22.875,22.9375,22.4375,23.0,11.3,8.0,0.0,55.0
20.84063,0x2B0,0.0,0.0,1.0,6.25,2.89,0.05,22.875,22.9375,22.4375,23.0,11.2,12.0,0.0,55.0
20.84652,0x220,0.0,0.0,1.0,6.25,3.12,0.39,22.875,22.9375,22.4375,23.0,11.2,12.0,0.0,55.0
20.84676,0x316,0.0,0.0,1.0,6.25,3.12,0.39,22.875,22.9375,22.4375,23.0,11.2,12.0,0.0,55.0
20.84723,0x386,0.0,0.0,1.0,6.25,3.12,0.39,22.71875,22.96875,22.125,21.75,11.2,12.0,0.0,55.0
20.85057,0x2B0,0.0,0.0,1.0,6.25,3.12,0.39,22.71875,22.96875,22.125,21.75,11.2,0.0,0.0,55.0
20.85653,0x220,0.0,0.0,1.0,6.25,3.37,0.34,22.71875,22.96875,22.125,21.75,11.2,0.0,0.0,55.0
20.85677,0x316,0.0,0.0,1.0,6.25,3.37,0.34,22.71875,22.96875,22.125,21.75,11.2,0.0,0.0,55.0
20.86058,0x2B0,0.0,0.0,1.0,6.25,3.37,0.34,22.71875,22.96875,22.125,21.75,11.2,0.0,0.0,55.0
20.86653,0x220,0.0,0.0,1.0,6.25,3.49,0.11,22.71875,22.96875,22.125,21.75,11.2,0.0,0.0,55.0
20.86677,0x316,0.0,0.0,1.0,6.25,3.49,0.11,22.71875,22.96875,22.125,21.75,11.2,0.0,0.0,55.0
20.86724,0x386,0.0,0.0,1.0,6.25,3.49,0.11,22.78125,22.78125,21.34375,21.4375,11.2,0.0,0.0,55.0
20.87067,0x2B0,0.0,0.0,1.0,6.25,3.49,0.11,22.78125,22.78125,21.34375,21.4375,11.2,0.0,0.0,55.0
20.87654,0x220,0.0,0.0,1.0,6.25,3.33,-0.12,22.78125,22.78125,21.34375,21.4375,11.2,0.0,0.0,55.0
20.87678,0x316,0.0,0.0,1.0,6.25,3.33,-0.12,22.78125,22.78125,21.34375,21.4375,11.2,0.0,0.0,55.0
20.88058,0x2B0,0.0,0.0,1.0,6.25,3.33,-0.12,22.78125,22.78125,21.34375,21.4375,11.2,0.0,0.0,55.0
20.88653,0x220,0.0,0.0,1.0,6.25,2.9,-0.34,22.78125,22.78125,21.34375,21.4375,11.2,0.0,0.0,55.0
20.88677,0x316,0.0,0.0,1.0,6.25,2.9,-0.34,22.78125,22.78125,21.34375,21.4375,11.2,0.0,0.0,55.0
20.88723,0x386,0.0,0.0,1.0,6.25,2.9,-0.34,22.75,22.84375,21.40625,22.0625,11.2,0.0,0.0,55.0
20.89058,0x2B0,0.0,0.0,1.0,6.25,2.9,-0.34,22.75,22.84375,21.40625,22.0625,11.2,0.0,0.0,55.0
20.89649,0x220,0.0,0.0,1.0,6.25,2.36,-0.47,22.75,22.84375,21.40625,22.0625,11.2,0.0,0.0,55.0
20.89696,0x316,0.0,0.0,1.0,6.25,2.36,-0.47,22.75,22.84375,21.40625,22.0625,11.2,0.0,0.0,55.0
20.90058,0x2B0,0.0,0.0,1.0,6.25,2.36,-0.47,22.75,22.84375,21.40625,22.0625,11.2,0.0,0.0,55.0
20.90654,0x220,0.0,0.0,1.0,6.25,1.81,-0.58,22.75,22.84375,21.40625,22.0625,11.2,0.0,0.0,55.0
20.90678,0x316,0.0,0.0,1.0,6.25,1.81,-0.58,22.75,22.84375,21.40625,22.0625,11.2,0.0,0.0,54.0
20.90725,0x386,0.0,0.0,1.0,6.25,1.81,-0.58,22.5625,22.59375,22.03125,22.28125,11.2,0.0,0.0,54.0
20.91057,0x2B0,0.0,0.0,1.0,6.25,1.81,-0.58,22.5625,22.59375,22.03125,22.28125,11.2,0.0,0.0,54.0
20.91656,0x220,0.0,0.0,1.0,6.25,1.59,-0.51,22.5625,22.59375,22.03125,22.28125,11.2,0.0,0.0,54.0
20.9168,0x316,0.0,0.0,1.0,6.25,1.59,-0.51,22.5625,22.59375,22.03125,22.28125,11.2,0.0,0.0,54.0
20.92057,0x2B0,0.0,0.0,1.0,6.25,1.59,-0.51,22.5625,22.59375,22.03125,22.28125,11.2,0.0,0.0,54.0
20.9265,0x220,0.0,0.0,1.0,6.25,1.75,-0.24,22.5625,22.59375,22.03125,22.28125,11.2,0.0,0.0,54.0
20.92698,0x316,0.0,0.0,1.0,6.25,1.75,-0.24,22.5625,22.59375,22.03125,22.28125,11.2,0.0,0.0,54.0
20.92745,0x386,0.0,0.0,1.0,6.25,1.75,-0.24,22.40625,22.53125,21.96875,22.34375,11.2,0.0,0.0,54.0
20.93064,0x2B0,0.0,0.0,1.0,6.25,1.75,-0.24,22.40625,22.53125,21.96875,22.34375,11.2,0.0,0.0,54.0
20.93656,0x220,0.0,0.0,1.0,6.25,2.17,0.04,22.40625,22.53125,21.96875,22.34375,11.2,0.0,0.0,54.0
20.9368,0x316,0.0,0.0,1.0,6.25,2.17,0.04,22.40625,22.53125,21.96875,22.34375,11.2,0.0,0.0,53.0
20.94062,0x2B0,0.0,0.0,1.0,6.25,2.17,0.04,22.40625,22.53125,21.96875,22.34375,10.8,20.0,0.0,53.0
20.94656,0x220,0.0,0.0,1.0,6.25,2.53,0.16,22.40625,22.53125,21.96875,22.34375,10.8,20.0,0.0,53.0
20.9468,0x316,0.0,0.0,1.0,6.25,2.53,0.16,22.40625,22.53125,21.96875,22.34375,10.8,20.0,0.0,53.0
20.94727,0x386,0.0,0.0,1.0,6.25,2.53,0.16,22.1875,22.3125,21.375,22.125,10.8,20.0,0.0,53.0
20.95067,0x2B0,0.0,0.0,1.0,6.25,2.53,0.16,22.1875,22.3125,21.375,22.125,10.8,20.0,0.0,53.0
20.95656,0x220,0.0,0.0,1.0,6.25,2.54,0.15,22.1875,22.3125,21.375,22.125,10.8,20.0,0.0,53.0
20.9568,0x316,0.0,0.0,1.0,6.25,2.54,0.15,22.1875,22.3125,21.375,22.125,10.8,20.0,0.0,52.0
20.96064,0x2B0,0.0,0.0,1.0,6.25,2.54,0.15,22.1875,22.3125,21.375,22.125,10.4,20.0,0.0,52.0
20.96656,0x220,0.0,0.0,1.0,6.25,2.28,0.26,22.1875,22.3125,21.375,22.125,10.4,20.0,0.0,52.0
20.9668,0x316,0.0,0.0,1.0,6.25,2.28,0.26,22.1875,22.3125,21.375,22.125,10.4,20.0,0.0,52.0
20.96727,0x386,0.0,0.0,1.0,6.25,2.28,0.26,22.1875,22.21875,21.65625,21.96875,10.4,20.0,0.0,52.0
20.97071,0x2B0,0.0,0.0,1.0,6.25,2.28,0.26,22.1875,22.21875,21.65625,21.96875,10.1,32.0,0.0,52.0
20.97656,0x220,0.0,0.0,1.0,6.25,1.92,0.38,22.1875,22.21875,21.65625,21.96875,10.1,32.0,0.0,52.0
20.9768,0x316,0.0,0.0,1.0,6.25,1.92,0.38,22.1875,22.21875,21.65625,21.96875,10.1,32.0,0.0,52.0
20.98063,0x2B0,0.0,0.0,1.0,6.25,1.92,0.38,22.1875,22.21875,21.65625,21.96875,9.7,32.0,0.0,52.0
20.98657,0x220,0.0,0.0,1.0,6.25,1.67,0.28,22.1875,22.21875,21.65625,21.96875,9.7,32.0,0.0,52.0
20.98681,0x316,0.0,0.0,1.0,6.25,1.67,0.28,22.1875,22.21875,21.65625,21.96875,9.7,32.0,0.0,52.0
20.98727,0x386,0.0,0.0,1.0,6.25,1.67,0.28,22.0,22.15625,22.0625,22.1875,9.7,32.0,0.0,52.0
20.99061,0x2B0,0.0,0.0,1.0,6.25,1.67,0.28,22.0,22.15625,22.0625,22.1875,9.4,32.0,0.0,52.0
20.99658,0x220,0.0,0.0,1.0,6.25,1.58,0.0,22.0,22.15625,22.0625,22.1875,9.4,32.0,0.0,52.0
20.99682,0x316,0.0,0.0,1.0,6.25,1.58,0.0,22.0,22.15625,22.0625,22.1875,9.4,32.0,0.0,52.0
21.00062,0x2B0,0.0,0.0,1.0,6.25,1.58,0.0,22.0,22.15625,22.0625,22.1875,9.1,28.0,0.0,52.0
21.00657,0x220,0.0,0.0,1.0,6.25,1.59,-0.19,22.0,22.15625,22.0625,22.1875,9.1,28.0,0.0,52.0
21.00681,0x316,0.0,0.0,1.0,6.25,1.59,-0.19,22.0,22.15625,22.0625,22.1875,9.1,28.0,0.0,52.0
21.00727,0x386,0.0,0.0,1.0,6.25,1.59,-0.19,22.0,22.0625,22.0625,22.0,9.1,28.0,0.0,52.0
21.01062,0x2B0,0.0,0.0,1.0,6.25,1.59,-0.19,22.0,22.0625,22.0625,22.0,8.9,24.0,0.0,52.0
21.01658,0x220,0.0,0.0,1.0,6.25,1.73,-0.12,22.0,22.0625,22.0625,22.0,8.9,24.0,0.0,52.0
21.01681,0x316,0.0,0.0,1.0,6.25,1.73,-0.12,22.0,22.0625,22.0625,22.0,8.9,24.0,0.0,52.0
21.02062,0x2B0,0.0,0.0,1.0,6.25,1.73,-0.12,22.0,22.0625,22.0625,22.0,8.7,20.0,0.0,52.0
21.02654,0x220,0.0,0.0,1.0,6.25,2.06,0.13,22.0,22.0625,22.0625,22.0,8.7,20.0,0.0,52.0
21.02702,0x316,0.0,0.0,1.0,6.25,2.06,0.13,22.0,22.0625,22.0625,22.0,8.7,20.0,0.0,52.0
21.02749,0x386,0.0,0.0,1.0,6.25,2.06,0.13,21.9375,21.9375,22.125,22.15625,8.7,20.0,0.0,52.0
21.03063,0x2B0,0.0,0.0,1.0,6.25,2.06,0.13,21.9375,21.9375,22.125,22.15625,8.3,28.0,0.0,52.0
21.03659,0x220,0.0,0.0,1.0,6.25,2.59,0.24,21.9375,21.9375,22.125,22.15625,8.3,28.0,0.0,52.0
21.03683,0x316,0.0,0.0,1.0,6.25,2.59,0.24,21.9375,21.9375,22.125,22.15625,8.3,28.0,0.0,52.0
21.04063,0x2B0,0.0,0.0,1.0,6.25,2.59,0.24,21.9375,21.9375,22.125,22.15625,8.0,32.0,0.0,52.0
21.04658,0x220,0.0,0.0,1.0,6.25,3.2,0.08,21.9375,21.9375,22.125,22.15625,8.0,32.0,0.0,52.0
21.04682,0x316,0.0,0.0,1.0,6.25,3.2,0.08,21.9375,21.9375,22.125,22.15625,8.0,32.0,0.0,52.0
21.04729,0x386,0.0,0.0,1.0,6.25,3.2,0.08,21.78125,21.96875,22.21875,22.40625,8.0,32.0,0.0,52.0
21.05063,0x2B0,0.0,0.0,1.0,6.25,3.2,0.08,21.78125,21.96875,22.21875,22.40625,7.6,32.0,0.0,52.0
21.05658,0x220,0.0,0.0,1.0,6.25,3.61,-0.18,21.78125,21.96875,22.21875,22.40625,7.6,32.0,0.0,52.0
21.05682,0x316,0.0,0.0,1.0,6.25,3.61,-0.18,21.78125,21.96875,22.21875,22.40625,7.6,32.0,0.0,52.0
21.06062,0x2B0,0.0,0.0,1.0,6.25,3.61,-0.18,21.78125,21.96875,22.21875,22.40625,7.3,32.0,0.0,52.0
21.06659,0x220,0.0,0.0,1.0,6.25,3.67,-0.41,21.78125,21.96875,22.21875,22.40625,7.3,32.0,0.0,52.0
21.06683,0x316,0.0,0.0,1.0,6.25,3.67,-0.41,21.78125,21.96875,22.21875,22.40625,7.3,32.0,0.0,52.0
21.0673,0x386,0.0,0.0,1.0,6.25,3.67,-0.41,21.875,21.9375,21.96875,22.65625,7.3,32.0,0.0,52.0
21.07073,0x2B0,0.0,0.0,1.0,6.25,3.67,-0.41,21.875,21.9375,21.96875,22.65625,7.0,28.0,0.0,52.0
21.0766,0x220,0.0,0.0,1.0,6.25,3.41,-0.5,21.875,21.9375,21.96875,22.65625,7.0,28.0,0.0,52.0
21.07684,0x316,0.0,0.0,1.0,6.25,3.41,-0.5,21.875,21.9375,21.96875,22.65625,7.0,28.0,0.0,52.0
21.08065,0x2B0,0.0,0.0,1.0,6.25,3.41,-0.5,21.875,21.9375,21.96875,22.65625,6.7,28.0,0.0,52.0
21.0866,0x220,0.0,0.0,1.0,6.25,2.93,-0.48,21.875,21.9375,21.96875,22.65625,6.7,28.0,0.0,52.0
21.08684,0x316,0.0,0.0,1.0,6.25,2.93,-0.48,21.875,21.9375,21.96875,22.65625,6.7,28.0,0.0,52.0
21.08731,0x386,0.0,0.0,1.0,6.25,2.93,-0.48,21.875,21.96875,22.125,21.875,6.7,28.0,0.0,52.0
21.09063,0x2B0,0.0,0.0,1.0,6.25,2.93,-0.48,21.875,21.96875,22.125,21.875,6.5,24.0,0.0,52.0
21.0966,0x220,0.0,0.0,1.0,6.25,2.46,-0.44,21.875,21.96875,22.125,21.875,6.5,24.0,0.0,52.0
21.09684,0x316,0.0,0.0,1.0,6.25,2.46,-0.44,21.875,21.96875,22.125,21.875,6.5,24.0,0.0,52.0
21.10063,0x2B0,0.0,0.0,1.0,6.25,2.46,-0.44,21.875,21.96875,22.125,21.875,6.3,20.0,0.0,52.0
21.1066,0x220,0.0,0.0,1.0,6.25,2.19,-0.39,21.875,21.96875,22.125,21.875,6.3,20.0,0.0,52.0
21.10684,0x316,0.0,0.0,1.0,6.25,2.19,-0.39,21.875,21.96875,22.125,21.875,6.3,20.0,0.0,52.0
21.10731,0x386,0.0,0.0,1.0,6.25,2.19,-0.39,21.875,22.21875,22.1875,21.15625,6.3,20.0,0.0,52.0
21.11063,0x2B0,0.0,0.0,1.0,6.25,2.19,-0.39,21.875,22.21875,22.1875,21.15625,6.1,20.0,0.0,52.0
21.11661,0x220,0.0,0.0,1.0,6.25,2.2,-0.3,21.875,22.21875,22.1875,21.15625,6.1,20.0,0.0,52.0
21.11685,0x316,0.0,0.0,1.0,6.25,2.2,-0.3,21.875,22.21875,22.1875,21.15625,6.1,20.0,0.0,52.0
21.12063,0x2B0,0.0,0.0,1.0,6.25,2.2,-0.3,21.875,22.21875,22.1875,21.15625,6.1,8.0,0.0,52.0
21.12657,0x220,0.0,0.0,1.0,6.25,2.45,-0.32,21.875,22.21875,22.1875,21.15625,6.1,8.0,0.0,52.0
21.12705,0x316,0.0,0.0,1.0,6.25,2.45,-0.32,21.875,22.21875,22.1875,21.15625,6.1,8.0,0.0,53.0
21.12751,0x386,0.0,0.0,1.0,6.25,2.45,-0.32,21.9375,22.09375,21.59375,21.875,6.1,8.0,0.0,53.0
21.13064,0x2B0,0.0,0.0,1.0,6.25,2.45,-0.32,21.9375,22.09375,21.59375,21.875,6.1,0.0,0.0,53.0
21.13662,0x220,0.0,0.0,1.0,6.25,2.69,-0.54,21.9375,22.09375,21.59375,21.875,6.1,0.0,0.0,53.0
21.13685,0x316,0.0,0.0,1.0,6.25,2.69,-0.54,21.9375,22.09375,21.59375,21.875,6.1,0.0,0.0,53.0
21.14072,0x2B0,0.0,0.0,1.0,6.25,2.69,-0.54,21.9375,22.09375,21.59375,21.875,6.1,0.0,0.0,53.0
21.14649,0x220,0.0,0.0,1.0,6.25,2.71,-0.78,21.9375,22.09375,21.59375,21.875,6.1,0.0,0.0,53.0
21.14697,0x316,0.0,0.0,1.0,6.25,2.71,-0.78,21.9375,22.09375,21.59375,21.875,6.1,0.0,0.0,53.0
21.14743,0x386,0.0,0.0,1.0,6.25,2.71,-0.78,22.125,22.09375,21.375,22.125,6.1,0.0,0.0,53.0
21.15065,0x2B0,0.0,0.0,1.0,6.25,2.71,-0.78,22.125,22.09375,21.375,22.125,6.3,8.0,0.0,53.0
21.15663,0x220,0.0,0.0,1.0,6.25,2.49,-0.78,22.125,22.09375,21.375,22.125,6.3,8.0,0.0,53.0
21.15687,0x316,0.0,0.0,1.0,6.25,2.49,-0.78,22.125,22.09375,21.375,22.125,6.3,8.0,0.0,53.0
21.16065,0x2B0,0.0,0.0,1.0,6.25,2.49,-0.78,22.125,22.09375,21.375,22.125,6.3,8.0,0.0,53.0
21.16662,0x220,0.0,0.0,1.0,6.25,2.11,-0.56,22.125,22.09375,21.375,22.125,6.3,8.0,0.0,53.0
21.16686,0x316,0.0,0.0,1.0,6.25,2.11,-0.56,22.125,22.09375,21.375,22.125,6.3,8.0,0.0,53.0
21.16733,0x386,0.0,0.0,1.0,6.25,2.11,-0.56,22.03125,21.96875,21.375,21.5,6.3,8.0,0.0,53.0
21.17065,0x2B0,0.0,0.0,1.0,6.25,2.11,-0.56,22.03125,21.96875,21.375,21.5,6.5,8.0,0.0,53.0
21.17662,0x220,0.0,0.0,1.0,6.25,1.71,-0.21,22.03125,21.96875,21.375,21.5,6.5,8.0,0.0,53.0
21.17686,0x316,0.0,0.0,1.0,6.25,1.71,-0.21,22.03125,21.96875,21.375,21.5,6.5,8.0,0.0,53.0
21.18065,0x2B0,0.0,0.0,1.0,6.25,1.71,-0.21,22.03125,21.96875,21.375,21.5,6.7,20.0,0.0,53.0
21.18663,0x220,0.0,0.0,1.0,6.25,1.46,0.14,22.03125,21.96875,21.375,21.5,6.7,20.0,0.0,53.0
21.18687,0x316,0.0,0.0,1.0,6.25,1.46,0.14,22.03125,21.96875,21.375,21.5,6.7,20.0,0.0,53.0
21.18734,0x386,0.0,0.0,1.0,6.25,1.46,0.14,22.0,21.9375,20.9375,21.25,6.7,20.0,0.0,53.0
21.19066,0x2B0,0.0,0.0,1.0,6.25,1.46,0.14,22.0,21.9375,20.9375,21.25,6.8,12.0,0.0,53.0
21.19663,0x220,0.0,0.0,1.0,6.25,1.33,0.46,22.0,21.9375,20.9375,21.25,6.8,12.0,0.0,53.0
21.19687,0x316,0.0,0.0,1.0,6.25,1.33,0.46,22.0,21.9375,20.9375,21.25,6.8,12.0,0.0,52.0
21.20066,0x2B0,0.0,0.0,1.0,6.25,1.33,0.46,22.0,21.9375,20.9375,21.25,6.8,0.0,0.0,52.0
21.20663,0x220,0.0,0.0,1.0,6.25,1.44,0.62,22.0,21.9375,20.9375,21.25,6.8,0.0,0.0,52.0
21.20687,0x316,0.0,0.0,1.0,6.25,1.44,0.62,22.0,21.9375,20.9375,21.25,6.8,0.0,0.0,52.0
21.20735,0x386,0.0,0.0,1.0,6.25,1.44,0.62,21.9375,21.96875,20.84375,20.46875,6.8,0.0,0.0,52.0
21.21066,0x2B0,0.0,0.0,1.0,6.25,1.44,0.62,21.9375,21.96875,20.84375,20.46875,7.1,12.0,0.0,52.0
21.21663,0x220,0.0,0.0,1.0,6.25,1.67,0.65,21.9375,21.96875,20.84375,20.46875,7.1,12.0,0.0,52.0
21.21687,0x316,0.0,0.0,1.0,6.25,1.67,0.65,21.9375,21.96875,20.84375,20.46875,7.1,12.0,0.0,52.0
21.22067,0x2B0,0.0,0.0,1.0,6.25,1.67,0.65,21.9375,21.96875,20.84375,20.46875,7.1,12.0,0.0,52.0
21.22661,0x220,0.0,0.0,1.0,6.25,1.81,0.54,21.9375,21.96875,20.84375,20.46875,7.1,12.0,0.0,52.0
21.22709,0x316,0.0,0.0,1.0,6.25,1.81,0.54,21.9375,21.96875,20.84375,20.46875,7.1,12.0,0.0,52.0
21.22756,0x386,0.0,0.0,1.0,6.25,1.81,0.54,21.78125,21.78125,21.25,20.75,7.1,12.0,0.0,52.0
21.23067,0x2B0,0.0,0.0,1.0,6.25,1.81,0.54,21.78125,21.78125,21.25,20.75,7.2,0.0,0.0,52.0
21.23664,0x220,0.0,0.0,1.0,6.25,1.83,0.39,21.78125,21.78125,21.25,20.75,7.2,0.0,0.0,52.0
21.23688,0x316,0.0,0.0,1.0,6.25,1.83,0.39,21.78125,21.78125,21.25,20.75,7.2,0.0,0.0,52.0
21.24067,0x2B0,0.0,0.0,1.0,6.25,1.83,0.39,21.78125,21.78125,21.25,20.75,7.2,0.0,0.0,52.0
21.24665,0x220,0.0,0.0,1.0,6.25,1.67,0.3,21.78125,21.78125,21.25,20.75,7.2,0.0,0.0,52.0
21.24689,0x316,0.0,0.0,1.0,6.25,1.67,0.3,21.78125,21.78125,21.25,20.75,7.2,0.0,0.0,52.0
21.24736,0x386,0.0,0.0,1.0,6.25,1.67,0.3,21.65625,21.6875,21.25,21.75,7.2,0.0,0.0,52.0
21.25068,0x2B0,0.0,0.0,1.0,6.25,1.67,0.3,21.65625,21.6875,21.25,21.75,7.2,0.0,0.0,52.0
21.25664,0x220,0.0,0.0,1.0,6.25,1.41,0.28,21.65625,21.6875,21.25,21.75,7.2,0.0,0.0,52.0
21.25688,0x316,0.0,0.0,1.0,6.25,1.41,0.28,21.65625,21.6875,21.25,21.75,7.2,0.0,0.0,52.0
21.26068,0x2B0,0.0,0.0,1.0,6.25,1.41,0.28,21.65625,21.6875,21.25,21.75,7.2,0.0,0.0,52.0
21.26665,0x220,0.0,0.0,1.0,6.25,1.15,0.34,21.65625,21.6875,21.25,21.75,7.2,0.0,0.0,52.0
21.26689,0x316,0.0,0.0,1.0,6.25,1.15,0.34,21.65625,21.6875,21.25,21.75,7.2,0.0,0.0,52.0
21.26736,0x386,0.0,0.0,1.0,6.25,1.15,0.34,21.53125,21.625,21.0,21.40625,7.2,0.0,0.0,52.0
21.27069,0x2B0,0.0,0.0,1.0,6.25,1.15,0.34,21.53125,21.625,21.0,21.40625,7.2,0.0,0.0,52.0
21.27665,0x220,0.0,0.0,1.0,6.25,0.93,0.54,21.53125,21.625,21.0,21.40625,7.2,0.0,0.0,52.0
21.27689,0x316,0.0,0.0,1.0,6.25,0.93,0.54,21.53125,21.625,21.0,21.40625,7.2,0.0,0.0,52.0
21.28069,0x2B0,0.0,0.0,1.0,6.25,0.93,0.54,21.53125,21.625,21.0,21.40625,7.2,0.0,0.0,52.0
21.28664,0x220,0.0,0.0,1.0,6.25,0.9,0.8,21.53125,21.625,21.0,21.40625,7.2,0.0,0.0,52.0
21.28688,0x316,0.0,0.0,1.0,6.25,0.9,0.8,21.53125,21.625,21.0,21.40625,7.2,0.0,0.0,52.0
21.28735,0x386,0.0,0.0,1.0,6.25,0.9,0.8,21.46875,21.375,20.9375,20.71875,7.2,0.0,0.0,52.0
21.2907,0x2B0,0.0,0.0,1.0,6.25,0.9,0.8,21.46875,21.375,20.9375,20.71875,7.2,0.0,0.0,52.0
21.29666,0x220,0.0,0.0,1.0,6.25,1.03,0.96,21.46875,21.375,20.9375,20.71875,7.2,0.0,0.0,52.0
21.2969,0x316,0.0,0.0,1.0,6.25,1.03,0.96,21.46875,21.375,20.9375,20.71875,7.2,0.0,0.0,52.0
21.30069,0x2B0,0.0,0.0,1.0,6.25,1.03,0.96,21.46875,21.375,20.9375,20.71875,6.9,12.0,0.0,52.0
21.30666,0x220,0.0,0.0,1.0,6.25,1.2,1.01,21.46875,21.375,20.9375,20.71875,6.9,12.0,0.0,52.0
21.3069,0x316,0.0,0.0,1.0,6.25,1.2,1.01,21.46875,21.375,20.9375,20.71875,6.9,12.0,0.0,52.0
21.30736,0x386,0.0,0.0,1.0,6.25,1.2,1.01,21.34375,21.46875,20.375,20.90625,6.9,12.0,0.0,52.0
21.3107,0x2B0,0.0,0.0,1.0,6.25,1.2,1.01,21.34375,21.46875,20.375,20.90625,6.9,12.0,0.0,52.0
21.31668,0x220,0.0,0.0,1.0,6.25,1.19,0.97,21.34375,21.46875,20.375,20.90625,6.9,12.0,0.0,52.0
21.31692,0x316,0.0,0.0,1.0,6.25,1.19,0.97,21.34375,21.46875,20.375,20.90625,6.9,12.0,0.0,52.0
21.3207,0x2B0,0.0,0.0,1.0,6.25,1.19,0.97,21.34375,21.46875,20.375,20.90625,6.5,20.0,0.0,52.0
21.32663,0x220,0.0,0.0,1.0,6.25,1.0,0.86,21.34375,21.46875,20.375,20.90625,6.5,20.0,0.0,52.0
21.32712,0x316,0.0,0.0,1.0,6.25,1.0,0.86,21.34375,21.46875,20.375,20.90625,6.5,20.0,0.0,52.0
21.32759,0x386,0.0,0.0,1.0,6.25,1.0,0.86,21.3125,21.1875,20.59375,21.28125,6.5,20.0,0.0,52.0
21.33071,0x2B0,0.0,0.0,1.0,6.25,1.0,0.86,21.3125,21.1875,20.59375,21.28125,6.3,28.0,0.0,52.0
21.33667,0x220,0.0,0.0,1.0,6.25,0.69,0.85,21.3125,21.1875,20.59375,21.28125,6.3,28.0,0.0,52.0
21.33691,0x316,0.0,0.0,1.0,6.25,0.69,0.85,21.3125,21.1875,20.59375,21.28125,6.3,28.0,0.0,52.0
21.34072,0x2B0,0.0,0.0,1.0,6.25,0.69,0.85,21.3125,21.1875,20.59375,21.28125,6.1,20.0,0.0,52.0
21.34666,0x220,0.0,0.0,1.0,6.25,0.36,1.04,21.3125,21.1875,20.59375,21.28125,6.1,20.0,0.0,52.0
21.3469,0x316,0.0,0.0,1.0,6.25,0.36,1.04,21.3125,21.1875,20.59375,21.28125,6.1,20.0,0.0,51.0
21.34736,0x386,0.0,0.0,1.0,6.25,0.36,1.04,21.1875,21.1875,20.90625,20.90625,6.1,20.0,0.0,51.0
21.35072,0x2B0,0.0,0.0,1.0,6.25,0.36,1.04,21.1875,21.1875,20.90625,20.90625,5.7,28.0,0.0,51.0
21.35667,0x220,0.0,0.0,1.0,6.25,0.2,1.23,21.1875,21.1875,20.90625,20.90625,5.7,28.0,0.0,51.0
21.35691,0x316,0.0,0.0,1.0,6.25,0.2,1.23,21.1875,21.1875,20.90625,20.90625,5.7,28.0,0.0,51.0
21.36072,0x2B0,0.0,0.0,1.0,6.25,0.2,1.23,21.1875,21.1875,20.90625,20.90625,5.5,28.0,0.0,51.0
21.36667,0x220,0.0,0.0,1.0,6.25,0.28,1.24,21.1875,21.1875,20.90625,20.90625,5.5,28.0,0.0,51.0
21.3669,0x316,0.0,0.0,1.0,6.25,0.28,1.24,21.1875,21.1875,20.90625,20.90625,5.5,28.0,0.0,50.0
21.36738,0x386,0.0,0.0,1.0,6.25,0.28,1.24,20.96875,21.0625,20.625,21.0,5.5,28.0,0.0,50.0
21.37072,0x2B0,0.0,0.0,1.0,6.25,0.28,1.24,20.96875,21.0625,20.625,21.0,5.2,24.0,0.0,50.0
21.37667,0x220,0.0,0.0,1.0,6.25,0.57,1.2,20.96875,21.0625,20.625,21.0,5.2,24.0,0.0,50.0
21.37692,0x316,0.0,0.0,1.0,6.25,0.57,1.2,20.96875,21.0625,20.625,21.0,5.2,24.0,0.0,49.0
21.38073,0x2B0,0.0,0.0,1.0,6.25,0.57,1.2,20.96875,21.0625,20.625,21.0,4.9,28.0,0.0,49.0
21.38668,0x220,0.0,0.0,1.0,6.25,1.0,1.2,20.96875,21.0625,20.625,21.0,4.9,28.0,0.0,49.0
21.38692,0x316,0.0,0.0,1.0,6.25,1.0,1.2,20.96875,21.0625,20.625,21.0,4.9,28.0,0.0,48.0
21.38739,0x386,0.0,0.0,1.0,6.25,1.0,1.2,21.0,21.0,20.46875,21.0625,4.9,28.0,0.0,48.0
21.39073,0x2B0,0.0,0.0,1.0,6.25,1.0,1.2,21.0,21.0,20.46875,21.0625,4.7,24.0,0.0,48.0
21.39669,0x220,0.0,0.0,1.0,6.25,1.47,1.08,21.0,21.0,20.46875,21.0625,4.7,24.0,0.0,48.0
21.39693,0x316,0.0,0.0,1.0,6.25,1.47,1.08,21.0,21.0,20.46875,21.0625,4.7,24.0,0.0,47.0
21.40073,0x2B0,0.0,0.0,1.0,6.25,1.47,1.08,21.0,21.0,20.46875,21.0625,4.4,24.0,0.0,47.0
21.40669,0x220,0.0,0.0,1.0,6.25,1.83,0.91,21.0,21.0,20.46875,21.0625,4.4,24.0,0.0,47.0
21.40692,0x316,0.0,0.0,1.0,6.25,1.83,0.91,21.0,21.0,20.46875,21.0625,4.4,24.0,0.0,47.0
21.4074,0x386,0.0,0.0,1.0,6.25,1.83,0.91,20.84375,21.0,20.8125,21.21875,4.4,24.0,0.0,47.0
21.41074,0x2B0,0.0,0.0,1.0,6.25,1.83,0.91,20.84375,21.0,20.8125,21.21875,4.2,24.0,0.0,47.0
21.41669,0x220,0.0,0.0,1.0,6.25,1.93,0.82,20.84375,21.0,20.8125,21.21875,4.2,24.0,0.0,47.0
21.41693,0x316,0.0,0.0,1.0,6.25,1.93,0.82,20.84375,21.0,20.8125,21.21875,4.2,24.0,0.0,45.0
21.42073,0x2B0,0.0,0.0,1.0,6.25,1.93,0.82,20.84375,21.0,20.8125,21.21875,3.9,24.0,0.0,45.0
21.42667,0x220,0.0,0.0,1.0,6.25,1.93,0.82,20.84375,21.0,20.8125,21.21875,3.9,24.0,0.0,45.0
21.42715,0x316,0.0,0.0,1.0,6.25,1.93,0.82,20.84375,21.0,20.8125,21.21875,3.9,24.0,0.0,45.0
21.42762,0x386,0.0,0.0,1.0,6.25,1.93,0.82,20.875,20.9375,20.96875,21.28125,3.9,24.0,0.0,45.0
21.43074,0x2B0,0.0,0.0,1.0,6.25,1.93,0.82,20.875,20.9375,20.96875,21.28125,3.7,24.0,0.0,45.0
21.4367,0x220,0.0,0.0,1.0,6.25,2.01,0.81,20.875,20.9375,20.96875,21.28125,3.7,24.0,0.0,45.0
21.43694,0x316,0.0,0.0,1.0,6.25,2.01,0.81,20.875,20.9375,20.96875,21.28125,3.7,24.0,0.0,44.0
21.44086,0x2B0,0.0,0.0,1.0,6.25,2.01,0.81,20.875,20.9375,20.96875,21.28125,3.5,20.0,0.0,44.0
21.4467,0x220,0.0,0.0,1.0,6.25,2.26,0.64,20.875,20.9375,20.96875,21.28125,3.5,20.0,0.0,44.0
21.44694,0x316,0.0,0.0,1.0,6.25,2.26,0.64,20.875,20.9375,20.96875,21.28125,3.5,20.0,0.0,44.0
21.4474,0x386,0.0,0.0,1.0,6.25,2.26,0.64,20.875,20.9375,20.875,21.21875,3.5,20.0,0.0,44.0
21.45075,0x2B0,0.0,0.0,1.0,6.25,2.26,0.64,20.875,20.9375,20.875,21.21875,3.2,24.0,0.0,44.0
21.45671,0x220,0.0,0.0,1.0,6.25,2.65,0.37,20.875,20.9375,20.875,21.21875,3.2,24.0,0.0,44.0
21.45695,0x316,0.0,0.0,1.0,6.25,2.65,0.37,20.875,20.9375,20.875,21.21875,3.2,24.0,0.0,44.0
21.46075,0x2B0,0.0,0.0,1.0,6.25,2.65,0.37,20.875,20.9375,20.875,21.21875,3.0,24.0,0.0,44.0
21.4667,0x220,0.0,0.0,1.0,6.25,2.98,0.1,20.875,20.9375,20.875,21.21875,3.0,24.0,0.0,44.0
21.46694,0x316,0.0,0.0,1.0,6.25,2.98,0.1,20.875,20.9375,20.875,21.21875,3.0,24.0,0.0,44.0
21.4674,0x386,0.0,0.0,1.0,6.25,2.98,0.1,20.78125,21.0,20.6875,21.0,3.0,24.0,0.0,44.0
21.47076,0x2B0,0.0,0.0,1.0,6.25,2.98,0.1,20.78125,21.0,20.6875,21.0,2.9,12.0,0.0,44.0
21.47671,0x220,0.0,0.0,1.0,6.25,3.17,-0.02,20.78125,21.0,20.6875,21.0,2.9,12.0,0.0,44.0
21.47696,0x316,0.0,0.0,1.0,6.25,3.17,-0.02,20.78125,21.0,20.6875,21.0,2.9,12.0,0.0,44.0
21.48077,0x2B0,0.0,0.0,1.0,6.25,3.17,-0.02,20.78125,21.0,20.6875,21.0,2.9,0.0,0.0,44.0
21.4867,0x220,0.0,0.0,1.0,6.25,3.15,-0.15,20.78125,21.0,20.6875,21.0,2.9,0.0,0.0,44.0
21.48694,0x316,0.0,0.0,1.0,6.25,3.15,-0.15,20.78125,21.0,20.6875,21.0,2.9,0.0,0.0,45.0
21.48742,0x386,0.0,0.0,1.0,6.25,3.15,-0.15,20.96875,20.90625,20.46875,20.75,2.9,0.0,0.0,45.0
21.49076,0x2B0,0.0,0.0,1.0,6.25,3.15,-0.15,20.96875,20.90625,20.46875,20.75,2.6,12.0,0.0,45.0
21.49671,0x220,0.0,0.0,1.0,6.25,3.03,-0.32,20.96875,20.90625,20.46875,20.75,2.6,12.0,0.0,45.0
21.49695,0x316,0.0,0.0,1.0,6.25,3.03,-0.32,20.96875,20.90625,20.46875,20.75,2.6,12.0,0.0,45.0
21.50076,0x2B0,0.0,0.0,1.0,6.25,3.03,-0.32,20.96875,20.90625,20.46875,20.75,2.6,12.0,0.0,45.0
21.5067,0x220,0.0,0.0,1.0,6.25,2.96,-0.53,20.96875,20.90625,20.46875,20.75,2.6,12.0,0.0,45.0
21.50694,0x316,0.0,0.0,1.0,6.25,2.96,-0.53,20.96875,20.90625,20.46875,20.75,2.6,12.0,0.0,46.0
21.50741,0x386,0.0,0.0,1.0,6.25,2.96,-0.53,20.875,21.15625,20.34375,20.5,2.6,12.0,0.0,46.0
21.51077,0x2B0,0.0,0.0,1.0,6.25,2.96,-0.53,20.875,21.15625,20.34375,20.5,2.6,0.0,0.0,46.0
21.51672,0x220,0.0,0.0,1.0,6.25,2.94,-0.82,20.875,21.15625,20.34375,20.5,2.6,0.0,0.0,46.0
21.51696,0x316,0.0,0.0,1.0,6.25,2.94,-0.82,20.875,21.15625,20.34375,20.5,2.6,0.0,0.0,46.0
21.52077,0x2B0,0.0,0.0,1.0,6.25,2.94,-0.82,20.875,21.15625,20.34375,20.5,2.6,0.0,0.0,46.0
21.52671,0x220,0.0,0.0,1.0,6.25,3.0,-1.01,20.875,21.15625,20.34375,20.5,2.6,0.0,0.0,46.0
21.52718,0x316,0.0,0.0,1.0,6.25,3.0,-1.01,20.875,21.15625,20.34375,20.5,2.6,0.0,0.0,46.0
21.52766,0x386,0.0,0.0,1.0,6.25,3.0,-1.01,20.90625,21.0,20.3125,20.4375,2.6,0.0,0.0,46.0
21.53078,0x2B0,0.0,0.0,1.0,6.25,3.0,-1.01,20.90625,21.0,20.3125,20.4375,2.6,0.0,0.0,46.0
21.53652,0x220,0.0,0.0,1.0,6.25,3.07,-0.95,20.90625,21.0,20.3125,20.4375,2.6,0.0,0.0,46.0
21.537,0x316,0.0,0.0,1.0,6.25,3.07,-0.95,20.90625,21.0,20.3125,20.4375,2.6,0.0,0.0,46.0
21.54078,0x2B0,0.0,0.0,1.0,6.25,3.07,-0.95,20.90625,21.0,20.3125,20.4375,2.6,0.0,0.0,46.0
21.54652,0x220,0.0,0.0,1.0,6.25,3.16,-0.8,20.90625,21.0,20.3125,20.4375,2.6,0.0,0.0,46.0
21.547,0x316,0.0,0.0,1.0,6.25,3.16,-0.8,20.90625,21.0,20.3125,20.4375,2.6,0.0,0.0,46.0
21.54747,0x386,0.0,0.0,1.0,6.25,3.16,-0.8,20.90625,20.96875,20.21875,20.375,2.6,0.0,0.0,46.0
21.55052,0x2B0,0.0,0.0,1.0,6.25,3.16,-0.8,20.90625,20.96875,20.21875,20.375,2.6,0.0,0.0,46.0
21.55653,0x220,0.0,0.0,1.0,6.25,3.26,-0.81,20.90625,20.96875,20.21875,20.375,2.6,0.0,0.0,46.0
21.557,0x316,0.0,0.0,1.0,6.25,3.26,-0.81,20.90625,20.96875,20.21875,20.375,2.6,0.0,0.0,46.0
21.56052,0x2B0,0.0,0.0,1.0,6.25,3.26,-0.81,20.90625,20.96875,20.21875,20.375,2.6,0.0,0.0,46.0
21.56654,0x220,0.0,0.0,1.0,6.25,3.23,-1.02,20.90625,20.96875,20.21875,20.375,2.6,0.0,0.0,46.0
21.56701,0x316,0.0,0.0,1.0,6.25,3.23,-1.02,20.90625,20.96875,20.21875,20.375,2.6,0.0,0.0,46.0
21.56749,0x386,0.0,0.0,1.0,6.25,3.23,-1.02,20.875,21.0,20.25,20.125,2.6,0.0,0.0,46.0
21.57079,0x2B0,0.0,0.0,1.0,6.25,3.23,-1.02,20.875,21.0,20.25,20.125,2.6,0.0,0.0,46.0
21.57653,0x220,0.0,0.0,1.0,6.25,2.97,-1.19,20.875,21.0,20.25,20.125,2.6,0.0,0.0,46.0
21.57701,0x316,0.0,0.0,1.0,6.25,2.97,-1.19,20.875,21.0,20.25,20.125,2.6,0.0,0.0,45.0
21.58055,0x2B0,0.0,0.0,1.0,6.25,2.97,-1.19,20.875,21.0,20.25,20.125,2.7,0.0,0.0,45.0
21.58652,0x220,0.0,0.0,1.0,6.25,2.66,-1.15,20.875,21.0,20.25,20.125,2.7,0.0,0.0,45.0
21.587,0x316,0.0,0.0,1.0,6.25,2.66,-1.15,20.875,21.0,20.25,20.125,2.7,0.0,0.0,45.0
21.58748,0x386,0.0,0.0,1.0,6.25,2.66,-1.15,20.84375,20.875,20.15625,20.0,2.7,0.0,0.0,45.0
21.59051,0x2B0,0.0,0.0,1.0,6.25,2.66,-1.15,20.84375,20.875,20.15625,20.0,2.7,0.0,0.0,45.0
21.59652,0x220,0.0,0.0,1.0,6.25,2.34,-1.01,20.84375,20.875,20.15625,20.0,2.7,0.0,0.0,45.0
21.597,0x316,0.0,0.0,1.0,6.25,2.34,-1.01,20.84375,20.875,20.15625,20.0,2.7,0.0,0.0,45.0
21.60053,0x2B0,0.0,0.0,1.0,6.25,2.34,-1.01,20.84375,20.875,20.15625,20.0,2.7,0.0,0.0,45.0
21.60652,0x220,0.0,0.0,1.0,6.25,2.06,-0.93,20.84375,20.875,20.15625,20.0,2.7,0.0,0.0,45.0
21.607,0x316,0.0,0.0,1.0,6.25,2.06,-0.93,20.84375,20.875,20.15625,20.0,2.7,0.0,0.0,45.0
21.60748,0x386,0.0,0.0,1.0,6.25,2.06,-0.93,20.78125,20.875,20.09375,20.1875,2.7,0.0,0.0,45.0
21.61052,0x2B0,0.0,0.0,1.0,6.25,2.06,-0.93,20.78125,20.875,20.09375,20.1875,2.7,0.0,0.0,45.0
21.6165,0x220,0.0,0.0,1.0,6.25,1.84,-0.95,20.78125,20.875,20.09375,20.1875,2.7,0.0,0.0,45.0
21.61698,0x316,0.0,0.0,1.0,6.25,1.84,-0.95,20.78125,20.875,20.09375,20.1875,2.7,0.0,0.0,45.0
21.62053,0x2B0,0.0,0.0,1.0,6.25,1.84,-0.95,20.78125,20.875,20.09375,20.1875,2.7,0.0,0.0,45.0
21.6265,0x220,0.0,0.0,1.0,6.25,1.57,-0.87,20.78125,20.875,20.09375,20.1875,2.7,0.0,0.0,45.0
21.62698,0x316,0.0,0.0,1.0,6.25,1.57,-0.87,20.78125,20.875,20.09375,20.1875,2.7,0.0,0.0,45.0
21.62745,0x386,0.0,0.0,1.0,6.25,1.57,-0.87,20.6875,20.75,20.125,20.65625,2.7,0.0,0.0,45.0
21.63053,0x2B0,0.0,0.0,1.0,6.25,1.57,-0.87,20.6875,20.75,20.125,20.65625,2.7,0.0,0.0,45.0
21.63651,0x220,0.0,0.0,1.0,6.25,1.29,-0.55,20.6875,20.75,20.125,20.65625,2.7,0.0,0.0,45.0
21.63699,0x316,0.0,0.0,1.0,6.25,1.29,-0.55,20.6875,20.75,20.125,20.65625,2.7,0.0,0.0,45.0
21.64052,0x2B0,0.0,0.0,1.0,6.25,1.29,-0.55,20.6875,20.75,20.125,20.65625,2.7,0.0,0.0,45.0
21.64651,0x220,0.0,0.0,1.0,6.25,1.15,-0.22,20.6875,20.75,20.125,20.65625,2.7,0.0,0.0,45.0
21.64699,0x316,0.0,0.0,1.0,6.25,1.15,-0.22,20.6875,20.75,20.125,20.65625,2.7,0.0,0.0,45.0
21.64745,0x386,0.0,0.0,1.0,6.25,1.15,-0.22,20.71875,20.75,20.375,20.65625,2.7,0.0,0.0,45.0
21.65052,0x2B0,0.0,0.0,1.0,6.25,1.15,-0.22,20.71875,20.75,20.375,20.65625,2.7,0.0,0.0,45.0
21.65652,0x220,0.0,0.0,1.0,6.25,1.14,-0.04,20.71875,20.75,20.375,20.65625,2.7,0.0,0.0,45.0
21.657,0x316,0.0,0.0,1.0,6.25,1.14,-0.04,20.71875,20.75,20.375,20.65625,2.7,0.0,0.0,45.0
21.66053,0x2B0,0.0,0.0,1.0,6.25,1.14,-0.04,20.71875,20.75,20.375,20.65625,2.7,0.0,0.0,45.0
21.66652,0x220,0.0,0.0,1.0,6.25,1.16,0.02,20.71875,20.75,20.375,20.65625,2.7,0.0,0.0,45.0
21.667,0x316,0.0,0.0,1.0,6.25,1.16,0.02,20.71875,20.75,20.375,20.65625,2.7,0.0,0.0,45.0
21.66747,0x386,0.0,0.0,1.0,6.25,1.16,0.02,20.65625,20.59375,20.40625,20.53125,2.7,0.0,0.0,45.0
21.67052,0x2B0,0.0,0.0,1.0,6.25,1.16,0.02,20.65625,20.59375,20.40625,20.53125,2.7,0.0,0.0,45.0
21.67652,0x220,0.0,0.0,1.0,6.25,1.18,0.14,20.65625,20.59375,20.40625,20.53125,2.7,0.0,0.0,45.0
21.677,0x316,0.0,0.0,1.0,6.25,1.18,0.14,20.65625,20.59375,20.40625,20.53125,2.7,0.0,0.0,45.0
21.68051,0x2B0,0.0,0.0,1.0,6.25,1.18,0.14,20.65625,20.59375,20.40625,20.53125,2.7,0.0,0.0,45.0
21.68653,0x220,0.0,0.0,1.0,6.25,1.15,0.3,20.65625,20.59375,20.40625,20.53125,2.7,0.0,0.0,45.0
21.687,0x316,0.0,0.0,1.0,6.25,1.15,0.3,20.65625,20.59375,20.40625,20.53125,2.7,0.0,0.0,45.0
21.68748,0x386,0.0,0.0,1.0,6.25,1.15,0.3,20.65625,20.65625,20.4375,20.375,2.7,0.0,0.0,45.0
21.69058,0x2B0,0.0,0.0,1.0,6.25,1.15,0.3,20.65625,20.65625,20.4375,20.375,2.7,0.0,0.0,45.0
21.69653,0x220,0.0,0.0,1.0,6.25,1.09,0.42,20.65625,20.65625,20.4375,20.375,2.7,0.0,0.0,45.0
21.69701,0x316,0.0,0.0,1.0,6.25,1.09,0.42,20.65625,20.65625,20.4375,20.375,2.7,0.0,0.0,45.0
21.70056,0x2B0,0.0,0.0,1.0,6.25,1.09,0.42,20.65625,20.65625,20.4375,20.375,2.7,0.0,0.0,45.0
21.70653,0x220,0.0,0.0,1.0,6.25,1.03,0.38,20.65625,20.65625,20.4375,20.375,2.7,0.0,0.0,45.0
21.70701,0x316,0.0,0.0,1.0,6.25,1.03,0.38,20.65625,20.65625,20.4375,20.375,2.7,0.0,0.0,45.0
21.70749,0x386,0.0,0.0,1.0,6.25,1.03,0.38,20.53125,20.625,20.4375,20.21875,2.7,0.0,0.0,45.0
21.71057,0x2B0,0.0,0.0,1.0,6.25,1.03,0.38,20.53125,20.625,20.4375,20.21875,2.6,0.0,0.0,45.0
21.71654,0x220,0.0,0.0,1.0,6.25,1.0,0.27,20.53125,20.625,20.4375,20.21875,2.6,0.0,0.0,45.0
21.71702,0x316,0.0,0.0,1.0,6.25,1.0,0.27,20.53125,20.625,20.4375,20.21875,2.6,0.0,0.0,45.0
21.72058,0x2B0,0.0,0.0,1.0,6.25,1.0,0.27,20.53125,20.625,20.4375,20.21875,2.6,0.0,0.0,45.0
21.72654,0x220,0.0,0.0,1.0,6.25,1.05,0.14,20.53125,20.625,20.4375,20.21875,2.6,0.0,0.0,45.0
21.72703,0x316,0.0,0.0,1.0,6.25,1.05,0.14,20.53125,20.625,20.4375,20.21875,2.6,0.0,0.0,44.0
21.72749,0x386,0.0,0.0,1.0,6.25,1.05,0.14,20.59375,20.65625,20.46875,20.28125,2.6,0.0,0.0,44.0
21.73057,0x2B0,0.0,0.0,1.0,6.25,1.05,0.14,20.59375,20.65625,20.46875,20.28125,2.6,0.0,0.0,44.0
21.73654,0x220,0.0,0.0,1.0,6.25,1.16,0.01,20.59375,20.65625,20.46875,20.28125,2.6,0.0,0.0,44.0
21.73703,0x316,0.0,0.0,1.0,6.25,1.16,0.01,20.59375,20.65625,20.46875,20.28125,2.6,0.0,0.0,44.0
21.74057,0x2B0,0.0,0.0,1.0,6.25,1.16,0.01,20.59375,20.65625,20.46875,20.28125,2.6,0.0,0.0,44.0
21.74656,0x220,0.0,0.0,1.0,6.25,1.25,0.0,20.59375,20.65625,20.46875,20.28125,2.6,0.0,0.0,44.0
21.74704,0x316,0.0,0.0,1.0,6.25,1.25,0.0,20.59375,20.65625,20.46875,20.28125,2.6,0.0,0.0,43.0
21.74751,0x386,0.0,0.0,1.0,6.25,1.25,0.0,20.46875,20.53125,20.5,20.21875,2.6,0.0,0.0,43.0
21.75055,0x2B0,0.0,0.0,1.0,6.25,1.25,0.0,20.46875,20.53125,20.5,20.21875,2.5,0.0,0.0,43.0
21.75656,0x220,0.0,0.0,1.0,6.25,1.28,0.07,20.46875,20.53125,20.5,20.21875,2.5,0.0,0.0,43.0
21.75704,0x316,0.0,0.0,1.0,6.25,1.28,0.07,20.46875,20.53125,20.5,20.21875,2.5,0.0,0.0,41.0
21.7605,0x2B0,0.0,0.0,1.0,6.25,1.28,0.07,20.46875,20.53125,20.5,20.21875,2.5,0.0,0.0,41.0
21.76655,0x220,0.0,0.0,1.0,6.25,1.32,0.26,20.46875,20.53125,20.5,20.21875,2.5,0.0,0.0,41.0
21.76703,0x316,0.0,0.0,1.0,6.25,1.32,0.26,20.46875,20.53125,20.5,20.21875,2.5,0.0,0.0,40.0
21.7675,0x386,0.0,0.0,1.0,6.25,1.32,0.26,20.5625,20.625,20.375,20.15625,2.5,0.0,0.0,40.0
21.77057,0x2B0,0.0,0.0,1.0,6.25,1.32,0.26,20.5625,20.625,20.375,20.15625,2.5,0.0,0.0,40.0
21.77656,0x220,0.0,0.0,1.0,6.25,1.32,0.4,20.5625,20.625,20.375,20.15625,2.5,0.0,0.0,40.0
21.77703,0x316,0.0,0.0,1.0,6.25,1.32,0.4,20.5625,20.625,20.375,20.15625,2.5,0.0,0.0,37.0
21.78057,0x2B0,0.0,0.0,1.0,6.25,1.32,0.4,20.5625,20.625,20.375,20.15625,2.3,8.0,0.0,37.0
21.78656,0x220,0.0,0.0,1.0,6.25,1.3,0.33,20.5625,20.625,20.375,20.15625,2.3,8.0,0.0,37.0
21.78704,0x316,0.0,0.0,1.0,6.25,1.3,0.33,20.5625,20.625,20.375,20.15625,2.3,8.0,0.0,35.0
21.78751,0x386,0.0,0.0,1.0,6.25,1.3,0.33,20.46875,20.53125,20.0625,20.21875,2.3,8.0,0.0,35.0
21.79058,0x2B0,0.0,0.0,1.0,6.25,1.3,0.33,20.46875,20.53125,20.0625,20.21875,2.3,8.0,0.0,35.0
21.79658,0x220,0.0,0.0,1.0,6.25,1.25,0.17,20.46875,20.53125,20.0625,20.21875,2.3,8.0,0.0,35.0
21.79706,0x316,0.0,0.0,1.0,6.25,1.25,0.17,20.46875,20.53125,20.0625,20.21875,2.3,8.0,0.0,32.0
21.80057,0x2B0,0.0,0.0,1.0,6.25,1.25,0.17,20.46875,20.53125,20.0625,20.21875,2.1,8.0,0.0,32.0
21.80656,0x220,0.0,0.0,1.0,6.25,1.1,0.1,20.46875,20.53125,20.0625,20.21875,2.1,8.0,0.0,32.0
21.80704,0x316,0.0,0.0,1.0,6.25,1.1,0.1,20.46875,20.53125,20.0625,20.21875,2.1,8.0,0.0,30.0
21.80751,0x386,0.0,0.0,1.0,6.25,1.1,0.1,20.5,20.46875,19.90625,20.09375,2.1,8.0,0.0,30.0
21.8106,0x2B0,0.0,0.0,1.0,6.25,1.1,0.1,20.5,20.46875,19.90625,20.09375,2.1,8.0,0.0,30.0
21.81657,0x220,0.0,0.0,1.0,6.25,0.88,0.21,20.5,20.46875,19.90625,20.09375,2.1,8.0,0.0,30.0
21.81705,0x316,0.0,0.0,1.0,6.25,0.88,0.21,20.5,20.46875,19.90625,20.09375,2.1,8.0,0.0,27.0
21.82059,0x2B0,0.0,0.0,1.0,6.25,0.88,0.21,20.5,20.46875,19.90625,20.09375,2.1,0.0,0.0,27.0
21.82658,0x220,0.0,0.0,1.0,6.25,0.69,0.36,20.5,20.46875,19.90625,20.09375,2.1,0.0,0.0,27.0
21.82706,0x316,0.0,0.0,1.0,6.25,0.69,0.36,20.5,20.46875,19.90625,20.09375,2.1,0.0,0.0,25.0
21.82753,0x386,0.0,0.0,1.0,6.25,0.69,0.36,20.5,20.4375,19.875,19.9375,2.1,0.0,0.0,25.0
21.83058,0x2B0,0.0,0.0,1.0,6.25,0.69,0.36,20.5,20.4375,19.875,19.9375,1.9,8.0,0.0,25.0
21.83658,0x220,0.0,0.0,1.0,6.25,0.52,0.43,20.5,20.4375,19.875,19.9375,1.9,8.0,0.0,25.0
21.83706,0x316,0.0,0.0,1.0,6.25,0.52,0.43,20.5,20.4375,19.875,19.9375,1.9,8.0,0.0,24.0
21.84062,0x2B0,0.0,0.0,1.0,6.25,0.52,0.43,20.5,20.4375,19.875,19.9375,1.9,8.0,0.0,24.0
21.84658,0x220,0.0,0.0,1.0,6.25,0.4,0.48,20.5,20.4375,19.875,19.9375,1.9,8.0,0.0,24.0
21.84706,0x316,0.0,0.0,1.0,6.25,0.4,0.48,20.5,20.4375,19.875,19.9375,1.9,8.0,0.0,22.0
21.84753,0x386,0.0,0.0,1.0,6.25,0.4,0.48,20.5625,20.53125,19.84375,20.25,1.9,8.0,0.0,22.0
21.8506,0x2B0,0.0,0.0,1.0,6.25,0.4,0.48,20.5625,20.53125,19.84375,20.25,1.9,0.0,0.0,22.0
21.85659,0x220,0.0,0.0,1.0,6.25,0.5,0.49,20.5625,20.53125,19.84375,20.25,1.9,0.0,0.0,22.0
21.85706,0x316,0.0,0.0,1.0,6.25,0.5,0.49,20.5625,20.53125,19.84375,20.25,1.9,0.0,0.0,22.0
21.86061,0x2B0,0.0,0.0,1.0,6.25,0.5,0.49,20.5625,20.53125,19.84375,20.25,1.8,0.0,0.0,22.0
21.86659,0x220,0.0,0.0,1.0,6.25,0.74,0.52,20.5625,20.53125,19.84375,20.25,1.8,0.0,0.0,22.0
21.86707,0x316,0.0,0.0,1.0,6.25,0.74,0.52,20.5625,20.53125,19.84375,20.25,1.8,0.0,0.0,21.0
21.86754,0x386,0.0,0.0,1.0,6.25,0.74,0.52,20.4375,20.4375,20.0,20.28125,1.8,0.0,0.0,21.0
21.8706,0x2B0,0.0,0.0,1.0,6.25,0.74,0.52,20.4375,20.4375,20.0,20.28125,1.8,0.0,0.0,21.0
21.8766,0x220,0.0,0.0,1.0,6.25,1.01,0.58,20.4375,20.4375,20.0,20.28125,1.8,0.0,0.0,21.0
21.87708,0x316,0.0,0.0,1.0,6.25,1.01,0.58,20.4375,20.4375,20.0,20.28125,1.8,0.0,0.0,20.0
21.88057,0x2B0,0.0,0.0,1.0,6.25,1.01,0.58,20.4375,20.4375,20.0,20.28125,1.7,0.0,0.0,20.0
21.8866,0x220,0.0,0.0,1.0,6.25,1.24,0.66,20.4375,20.4375,20.0,20.28125,1.7,0.0,0.0,20.0
21.88707,0x316,0.0,0.0,1.0,6.25,1.24,0.66,20.4375,20.4375,20.0,20.28125,1.7,0.0,0.0,20.0
21.88755,0x386,0.0,0.0,1.0,6.25,1.24,0.66,20.4375,20.46875,20.03125,20.3125,1.7,0.0,0.0,20.0
21.89058,0x2B0,0.0,0.0,1.0,6.25,1.24,0.66,20.4375,20.46875,20.03125,20.3125,1.7,0.0,0.0,20.0
21.8966,0x220,0.0,0.0,1.0,6.25,1.31,0.76,20.4375,20.46875,20.03125,20.3125,1.7,0.0,0.0,20.0
21.89709,0x316,0.0,0.0,1.0,6.25,1.31,0.76,20.4375,20.46875,20.03125,20.3125,1.7,0.0,0.0,19.0
21.90058,0x2B0,0.0,0.0,1.0,6.25,1.31,0.76,20.4375,20.46875,20.03125,20.3125,1.4,12.0,0.0,19.0
21.90661,0x220,0.0,0.0,1.0,6.25,1.26,0.83,20.4375,20.46875,20.03125,20.3125,1.4,12.0,0.0,19.0
21.90709,0x316,0.0,0.0,1.0,6.25,1.26,0.83,20.4375,20.46875,20.03125,20.3125,1.4,12.0,0.0,18.0
21.90756,0x386,0.0,0.0,1.0,6.25,1.26,0.83,20.4375,20.40625,19.84375,20.1875,1.4,12.0,0.0,18.0
21.91058,0x2B0,0.0,0.0,1.0,6.25,1.26,0.83,20.4375,20.40625,19.84375,20.1875,1.2,24.0,0.0,18.0
21.91661,0x220,0.0,0.0,1.0,6.25,1.1,0.83,20.4375,20.40625,19.84375,20.1875,1.2,24.0,0.0,18.0
21.91709,0x316,0.0,0.0,1.0,6.25,1.1,0.83,20.4375,20.40625,19.84375,20.1875,1.2,24.0,0.0,18.0
21.92059,0x2B0,0.0,0.0,1.0,6.25,1.1,0.83,20.4375,20.40625,19.84375,20.1875,1.0,20.0,0.0,18.0
21.92661,0x220,0.0,0.0,1.0,6.25,0.95,0.74,20.4375,20.40625,19.84375,20.1875,1.0,20.0,0.0,18.0
21.92708,0x316,0.0,0.0,1.0,6.25,0.95,0.74,20.4375,20.40625,19.84375,20.1875,1.0,20.0,0.0,18.0
21.92756,0x386,0.0,0.0,1.0,6.25,0.95,0.74,20.46875,20.375,19.78125,20.03125,1.0,20.0,0.0,18.0
21.93059,0x2B0,0.0,0.0,1.0,6.25,0.95,0.74,20.46875,20.375,19.78125,20.03125,0.7,24.0,0.0,18.0
21.93662,0x220,0.0,0.0,1.0,6.25,0.88,0.6,20.46875,20.375,19.78125,20.03125,0.7,24.0,0.0,18.0
21.9371,0x316,0.0,0.0,1.0,6.25,0.88,0.6,20.46875,20.375,19.78125,20.03125,0.7,24.0,0.0,18.0
21.9406,0x2B0,0.0,0.0,1.0,6.25,0.88,0.6,20.46875,20.375,19.78125,20.03125,0.5,24.0,0.0,18.0
21.94661,0x220,0.0,0.0,1.0,6.25,0.88,0.54,20.46875,20.375,19.78125,20.03125,0.5,24.0,0.0,18.0
21.9471,0x316,0.0,0.0,1.0,6.25,0.88,0.54,20.46875,20.375,19.78125,20.03125,0.5,24.0,0.0,18.0
21.94757,0x386,0.0,0.0,1.0,6.25,0.88,0.54,20.40625,20.5,19.625,19.65625,0.5,24.0,0.0,18.0
21.95059,0x2B0,0.0,0.0,1.0,6.25,0.88,0.54,20.40625,20.5,19.625,19.65625,0.3,20.0,0.0,18.0
21.95663,0x220,0.0,0.0,1.0,6.25,0.99,0.6,20.40625,20.5,19.625,19.65625,0.3,20.0,0.0,18.0
21.95711,0x316,0.0,0.0,1.0,6.25,0.99,0.6,20.40625,20.5,19.625,19.65625,0.3,20.0,0.0,19.0
21.96058,0x2B0,0.0,0.0,1.0,6.25,0.99,0.6,20.40625,20.5,19.625,19.65625,0.0,24.0,0.0,19.0
21.96663,0x220,0.0,0.0,1.0,6.25,1.29,0.64,20.40625,20.5,19.625,19.65625,0.0,24.0,0.0,19.0
21.96711,0x316,0.0,0.0,1.0,6.25,1.29,0.64,20.40625,20.5,19.625,19.65625,0.0,24.0,0.0,19.0
21.96758,0x386,0.0,0.0,1.0,6.25,1.29,0.64,20.3125,20.5,19.53125,19.625,0.0,24.0,0.0,19.0
21.97054,0x2B0,0.0,0.0,1.0,6.25,1.29,0.64,20.3125,20.5,19.53125,19.625,-0.2,24.0,0.0,19.0
21.97662,0x220,0.0,0.0,1.0,6.25,1.71,0.55,20.3125,20.5,19.53125,19.625,-0.2,24.0,0.0,19.0
21.9771,0x316,0.0,0.0,1.0,6.25,1.71,0.55,20.3125,20.5,19.53125,19.625,-0.2,24.0,0.0,19.0
21.98055,0x2B0,0.0,0.0,1.0,6.25,1.71,0.55,20.3125,20.5,19.53125,19.625,-0.5,24.0,0.0,19.0
21.98663,0x220,0.0,0.0,1.0,6.25,2.11,0.29,20.3125,20.5,19.53125,19.625,-0.5,24.0,0.0,19.0
21.9871,0x316,0.0,0.0,1.0,6.25,2.11,0.29,20.3125,20.5,19.53125,19.625,-0.5,24.0,0.0,19.0
21.98757,0x386,0.0,0.0,1.0,6.25,2.11,0.29,20.46875,20.5625,19.59375,19.75,-0.5,24.0,0.0,19.0
21.99055,0x2B0,0.0,0.0,1.0,6.25,2.11,0.29,20.46875,20.5625,19.59375,19.75,-0.8,28.0,0.0,19.0
21.99664,0x220,0.0,0.0,1.0,6.25,2.39,0.02,20.46875,20.5625,19.59375,19.75,-0.8,28.0,0.0,19.0
21.99711,0x316,0.0,0.0,1.0,6.25,2.39,0.02,20.46875,20.5625,19.59375,19.75,-0.8,28.0,0.0,19.0
22.00054,0x2B0,0.0,0.0,1.0,6.25,2.39,0.02,20.46875,20.5625,19.59375,19.75,-1.0,24.0,0.0,19.0
22.00664,0x220,0.0,0.0,1.0,6.25,2.44,-0.04,20.46875,20.5625,19.59375,19.75,-1.0,24.0,0.0,19.0
22.00712,0x316,0.0,0.0,1.0,6.25,2.44,-0.04,20.46875,20.5625,19.59375,19.75,-1.0,24.0,0.0,18.0
22.00759,0x386,0.0,0.0,1.0,6.25,2.44,-0.04,20.1875,20.375,19.90625,20.03125,-1.0,24.0,0.0,18.0
22.01056,0x2B0,0.0,0.0,1.0,6.25,2.44,-0.04,20.1875,20.375,19.90625,20.03125,-1.3,24.0,0.0,18.0
22.01664,0x220,0.0,0.0,1.0,6.25,2.35,0.0,20.1875,20.375,19.90625,20.03125,-1.3,24.0,0.0,18.0
22.01712,0x316,0.0,0.0,1.0,6.25,2.35,0.0,20.1875,20.375,19.90625,20.03125,-1.3,24.0,0.0,17.0
22.02056,0x2B0,0.0,0.0,1.0,6.25,2.35,0.0,20.1875,20.375,19.90625,20.03125,-1.6,28.0,0.0,17.0
22.02665,0x220,0.0,0.0,1.0,6.25,2.21,0.0,20.1875,20.375,19.90625,20.03125,-1.6,28.0,0.0,17.0
22.02713,0x316,0.0,0.0,1.0,6.25,2.21,0.0,20.1875,20.375,19.90625,20.03125,-1.6,28.0,0.0,15.0
22.0276,0x386,0.0,0.0,1.0,6.25,2.21,0.0,21.21875,20.25,19.96875,20.125,-1.6,28.0,0.0,15.0
22.03057,0x2B0,0.0,0.0,1.0,6.25,2.21,0.0,21.21875,20.25,19.96875,20.125,-2.0,32.0,0.0,15.0
22.03665,0x220,0.0,0.0,1.0,6.25,2.09,-0.07,21.21875,20.25,19.96875,20.125,-2.0,32.0,0.0,15.0
22.03714,0x316,0.0,0.0,1.0,6.25,2.09,-0.07,21.21875,20.25,19.96875,20.125,-2.0,32.0,0.0,12.0
22.0406,0x2B0,0.0,0.0,1.0,6.25,2.09,-0.07,21.21875,20.25,19.96875,20.125,-2.3,32.0,0.0,12.0
22.04665,0x220,0.0,0.0,1.0,6.25,2.01,-0.22,21.21875,20.25,19.96875,20.125,-2.3,32.0,0.0,12.0
22.04714,0x316,0.0,0.0,1.0,6.25,2.01,-0.22,21.21875,20.25,19.96875,20.125,-2.3,32.0,0.0,9.0
22.04761,0x386,0.0,0.0,1.0,6.25,2.01,-0.22,20.34375,21.125,19.90625,19.96875,-2.3,32.0,0.0,9.0
22.05059,0x2B0,0.0,0.0,1.0,6.25,2.01,-0.22,20.34375,21.125,19.90625,19.96875,-2.7,32.0,0.0,9.0
22.05666,0x220,0.0,0.0,1.0,6.25,1.97,-0.36,20.34375,21.125,19.90625,19.96875,-2.7,32.0,0.0,9.0
22.05714,0x316,0.0,0.0,1.0,6.25,1.97,-0.36,20.34375,21.125,19.90625,19.96875,-2.7,32.0,0.0,6.0
22.06059,0x2B0,0.0,0.0,1.0,6.25,1.97,-0.36,20.34375,21.125,19.90625,19.96875,-3.1,40.0,0.0,6.0
22.06666,0x220,0.0,0.0,1.0,6.25,1.9,-0.49,20.34375,21.125,19.90625,19.96875,-3.1,40.0,0.0,6.0
22.06715,0x316,0.0,0.0,1.0,6.25,1.9,-0.49,20.34375,21.125,19.90625,19.96875,-3.1,40.0,0.0,4.0
22.06762,0x386,0.0,0.0,1.0,6.25,1.9,-0.49,20.03125,19.78125,19.9375,19.90625,-3.1,40.0,0.0,4.0
22.07056,0x2B0,0.0,0.0,1.0,6.25,1.9,-0.49,20.03125,19.78125,19.9375,19.90625,-3.6,44.0,0.0,4.0
22.07667,0x220,0.0,0.0,1.0,6.25,1.69,-0.55,20.03125,19.78125,19.9375,19.90625,-3.6,44.0,0.0,4.0
22.07715,0x316,0.0,0.0,1.0,6.25,1.69,-0.55,20.03125,19.78125,19.9375,19.90625,-3.6,44.0,0.0,3.0
22.08056,0x2B0,0.0,0.0,1.0,6.25,1.69,-0.55,20.03125,19.78125,19.9375,19.90625,-3.9,40.0,0.0,3.0
22.08666,0x220,0.0,0.0,1.0,6.25,1.42,-0.49,20.03125,19.78125,19.9375,19.90625,-3.9,40.0,0.0,3.0
22.08714,0x316,0.0,0.0,1.0,6.25,1.42,-0.49,20.03125,19.78125,19.9375,19.90625,-3.9,40.0,0.0,2.0
22.08762,0x386,0.0,0.0,1.0,6.25,1.42,-0.49,20.65625,20.625,20.0,19.8125,-3.9,40.0,0.0,2.0
22.09055,0x2B0,0.0,0.0,1.0,6.25,1.42,-0.49,20.65625,20.625,20.0,19.8125,-4.2,28.0,0.0,2.0
22.09667,0x220,0.0,0.0,1.0,6.25,1.21,-0.33,20.65625,20.625,20.0,19.8125,-4.2,28.0,0.0,2.0
22.09715,0x316,0.0,0.0,1.0,6.25,1.21,-0.33,20.65625,20.625,20.0,19.8125,-4.2,28.0,0.0,2.0
22.10057,0x2B0,0.0,0.0,1.0,6.25,1.21,-0.33,20.65625,20.625,20.0,19.8125,-4.6,32.0,0.0,2.0
22.10667,0x220,0.0,0.0,1.0,6.25,1.16,-0.22,20.65625,20.625,20.0,19.8125,-4.6,32.0,0.0,2.0
22.10716,0x316,0.0,0.0,1.0,6.25,1.16,-0.22,20.65625,20.625,20.0,19.8125,-4.6,32.0,0.0,2.0
22.10763,0x386,0.0,0.0,1.0,6.25,1.16,-0.22,20.0,19.125,19.78125,19.96875,-4.6,32.0,0.0,2.0
22.11056,0x2B0,0.0,0.0,1.0,6.25,1.16,-0.22,20.0,19.125,19.78125,19.96875,-4.9,32.0,0.0,2.0
22.11669,0x220,0.0,0.0,1.0,6.25,1.33,-0.31,20.0,19.125,19.78125,19.96875,-4.9,32.0,0.0,2.0
22.11717,0x316,0.0,0.0,1.0,6.25,1.33,-0.31,20.0,19.125,19.78125,19.96875,-4.9,32.0,0.0,2.0
22.12055,0x2B0,0.0,0.0,1.0,6.25,1.33,-0.31,20.0,19.125,19.78125,19.96875,-5.2,28.0,0.0,2.0
22.12667,0x220,0.0,0.0,1.0,6.25,1.55,-0.51,20.0,19.125,19.78125,19.96875,-5.2,28.0,0.0,2.0
22.12715,0x316,0.0,0.0,1.0,6.25,1.55,-0.51,20.0,19.125,19.78125,19.96875,-5.2,28.0,0.0,3.0
22.12762,0x386,0.0,0.0,1.0,6.25,1.55,-0.51,20.5625,20.25,19.75,19.8125,-5.2,28.0,0.0,3.0
22.13059,0x2B0,0.0,0.0,1.0,6.25,1.55,-0.51,20.5625,20.25,19.75,19.8125,-5.4,24.0,0.0,3.0
22.13668,0x220,0.0,0.0,1.0,6.25,1.67,-0.6,20.5625,20.25,19.75,19.8125,-5.4,24.0,0.0,3.0
22.13716,0x316,0.0,0.0,1.0,6.25,1.67,-0.6,20.5625,20.25,19.75,19.8125,-5.4,24.0,0.0,3.0
22.14059,0x2B0,0.0,0.0,1.0,6.25,1.67,-0.6,20.5625,20.25,19.75,19.8125,-5.6,20.0,0.0,3.0
22.14669,0x220,0.0,0.0,1.0,6.25,1.64,-0.33,20.5625,20.25,19.75,19.8125,-5.6,20.0,0.0,3.0
22.14717,0x316,0.0,0.0,1.0,6.25,1.64,-0.33,20.5625,20.25,19.75,19.8125,-5.6,20.0,0.0,3.0
22.14765,0x386,0.0,0.0,1.0,6.25,1.64,-0.33,20.09375,19.8125,19.65625,19.8125,-5.6,20.0,0.0,3.0
22.15058,0x2B0,0.0,0.0,1.0,6.25,1.64,-0.33,20.09375,19.8125,19.65625,19.8125,-5.9,24.0,0.0,3.0
22.15669,0x220,0.0,0.0,1.0,6.25,1.52,0.0,20.09375,19.8125,19.65625,19.8125,-5.9,24.0,0.0,3.0
22.15717,0x316,0.0,0.0,1.0,6.25,1.52,0.0,20.09375,19.8125,19.65625,19.8125,-5.9,24.0,0.0,3.0
22.16061,0x2B0,0.0,0.0,1.0,6.25,1.52,0.0,20.09375,19.8125,19.65625,19.8125,-6.2,28.0,0.0,3.0
22.1667,0x220,0.0,0.0,1.0,6.25,1.33,0.05,20.09375,19.8125,19.65625,19.8125,-6.2,28.0,0.0,3.0
22.16718,0x316,0.0,0.0,1.0,6.25,1.33,0.05,20.09375,19.8125,19.65625,19.8125,-6.2,28.0,0.0,2.0
22.16766,0x386,0.0,0.0,1.0,6.25,1.33,0.05,20.0,20.53125,19.5625,19.90625,-6.2,28.0,0.0,2.0
22.17054,0x2B0,0.0,0.0,1.0,6.25,1.33,0.05,20.0,20.53125,19.5625,19.90625,-6.6,32.0,0.0,2.0
22.17669,0x220,0.0,0.0,1.0,6.25,1.11,-0.14,20.0,20.53125,19.5625,19.90625,-6.6,32.0,0.0,2.0
22.17717,0x316,0.0,0.0,1.0,6.25,1.11,-0.14,20.0,20.53125,19.5625,19.90625,-6.6,32.0,0.0,1.0
22.18052,0x2B0,0.0,0.0,1.0,6.25,1.11,-0.14,20.0,20.53125,19.5625,19.90625,-6.9,32.0,0.0,1.0
22.1867,0x220,0.0,0.0,1.0,6.25,0.94,-0.32,20.0,20.53125,19.5625,19.90625,-6.9,32.0,0.0,1.0
22.18718,0x316,0.0,0.0,1.0,6.25,0.94,-0.32,20.0,20.53125,19.5625,19.90625,-6.9,32.0,0.0,0.0
22.18766,0x386,0.0,0.0,1.0,6.25,0.94,-0.32,19.90625,20.09375,19.5625,19.75,-6.9,32.0,0.0,0.0
22.19055,0x2B0,0.0,0.0,1.0,6.25,0.94,-0.32,19.90625,20.09375,19.5625,19.75,-7.2,28.0,0.0,0.0
22.19671,0x220,0.0,0.0,1.0,6.25,0.81,-0.23,19.90625,20.09375,19.5625,19.75,-7.2,28.0,0.0,0.0
22.19719,0x316,0.0,0.0,1.0,6.25,0.81,-0.23,19.90625,20.09375,19.5625,19.75,-7.2,28.0,0.0,0.0
22.20055,0x2B0,0.0,0.0,1.0,6.25,0.81,-0.23,19.90625,20.09375,19.5625,19.75,-7.5,28.0,0.0,0.0
22.20671,0x220,0.0,0.0,1.0,6.25,0.72,-0.06,19.90625,20.09375,19.5625,19.75,-7.5,28.0,0.0,0.0
22.20719,0x316,0.0,0.0,1.0,6.25,0.72,-0.06,19.90625,20.09375,19.5625,19.75,-7.5,28.0,0.0,0.0
22.20767,0x386,0.0,0.0,1.0,6.25,0.72,-0.06,20.21875,20.0,19.78125,19.71875,-7.5,28.0,0.0,0.0
22.21056,0x2B0,0.0,0.0,1.0,6.25,0.72,-0.06,20.21875,20.0,19.78125,19.71875,-7.9,32.0,0.0,0.0
22.21671,0x220,0.0,0.0,1.0,6.25,0.73,-0.01,20.21875,20.0,19.78125,19.71875,-7.9,32.0,0.0,0.0
22.2172,0x316,0.0,0.0,1.0,6.25,0.73,-0.01,20.21875,20.0,19.78125,19.71875,-7.9,32.0,0.0,0.0
22.22054,0x2B0,0.0,0.0,1.0,6.25,0.73,-0.01,20.21875,20.0,19.78125,19.71875,-8.2,32.0,0.0,0.0
22.22672,0x220,0.0,0.0,1.0,6.25,0.75,-0.06,20.21875,20.0,19.78125,19.71875,-8.2,32.0,0.0,0.0
22.2272,0x316,0.0,0.0,1.0,6.25,0.75,-0.06,20.21875,20.0,19.78125,19.71875,-8.2,32.0,0.0,0.0
22.22768,0x386,0.0,0.0,1.0,6.25,0.75,-0.06,19.75,19.9375,19.65625,19.6875,-8.2,32.0,0.0,0.0
22.23055,0x2B0,0.0,0.0,1.0,6.25,0.75,-0.06,19.75,19.9375,19.65625,19.6875,-8.5,28.0,0.0,0.0
22.23671,0x220,0.0,0.0,1.0,6.25,0.74,-0.14,19.75,19.9375,19.65625,19.6875,-8.5,28.0,0.0,0.0
22.23719,0x316,0.0,0.0,1.0,6.25,0.74,-0.14,19.75,19.9375,19.65625,19.6875,-8.5,28.0,0.0,0.0
22.2406,0x2B0,0.0,0.0,1.0,6.25,0.74,-0.14,19.75,19.9375,19.65625,19.6875,-8.8,28.0,0.0,0.0
22.24671,0x220,0.0,0.0,1.0,6.25,0.79,-0.18,19.75,19.9375,19.65625,19.6875,-8.8,28.0,0.0,0.0
22.24719,0x316,0.0,0.0,1.0,6.25,0.79,-0.18,19.75,19.9375,19.65625,19.6875,-8.8,28.0,0.0,0.0
22.24767,0x386,0.0,0.0,1.0,6.25,0.79,-0.18,19.8125,19.8125,19.65625,19.78125,-8.8,28.0,0.0,0.0
22.25056,0x2B0,0.0,0.0,1.0,6.25,0.79,-0.18,19.8125,19.8125,19.65625,19.78125,-9.2,32.0,0.0,0.0
22.25672,0x220,0.0,0.0,1.0,6.25,0.92,-0.19,19.8125,19.8125,19.65625,19.78125,-9.2,32.0,0.0,0.0
22.2572,0x316,0.0,0.0,1.0,6.25,0.92,-0.19,19.8125,19.8125,19.65625,19.78125,-9.2,32.0,0.0,0.0
22.26053,0x2B0,0.0,0.0,1.0,6.25,0.92,-0.19,19.8125,19.8125,19.65625,19.78125,-9.5,32.0,0.0,0.0
22.26672,0x220,0.0,0.0,1.0,6.25,0.99,-0.15,19.8125,19.8125,19.65625,19.78125,-9.5,32.0,0.0,0.0
22.26721,0x316,0.0,0.0,1.0,6.25,0.99,-0.15,19.8125,19.8125,19.65625,19.78125,-9.5,32.0,0.0,0.0
22.26768,0x386,0.0,0.0,1.0,6.25,0.99,-0.15,19.875,20.1875,19.59375,19.53125,-9.5,32.0,0.0,0.0
22.27052,0x2B0,0.0,0.0,1.0,6.25,0.99,-0.15,19.875,20.1875,19.59375,19.53125,-9.8,28.0,0.0,0.0
22.27674,0x220,0.0,0.0,1.0,6.25,0.97,-0.08,19.875,20.1875,19.59375,19.53125,-9.8,28.0,0.0,0.0
22.27722,0x316,0.0,0.0,1.0,6.25,0.97,-0.08,19.875,20.1875,19.59375,19.53125,-9.8,28.0,0.0,0.0
22.28054,0x2B0,0.0,0.0,1.0,6.25,0.97,-0.08,19.875,20.1875,19.59375,19.53125,-10.2,32.0,0.0,0.0
22.28674,0x220,0.0,0.0,1.0,6.25,1.01,-0.04,19.875,20.1875,19.59375,19.53125,-10.2,32.0,0.0,0.0
22.28722,0x316,0.0,0.0,1.0,6.25,1.01,-0.04,19.875,20.1875,19.59375,19.53125,-10.2,32.0,0.0,0.0
22.28769,0x386,0.0,0.0,1.0,6.25,1.01,-0.04,20.15625,20.0625,19.5,19.46875,-10.2,32.0,0.0,0.0
22.29055,0x2B0,0.0,0.0,1.0,6.25,1.01,-0.04,20.15625,20.0625,19.5,19.46875,-10.5,32.0,0.0,0.0
22.29674,0x220,0.0,0.0,1.0,6.25,1.08,-0.02,20.15625,20.0625,19.5,19.46875,-10.5,32.0,0.0,0.0
22.29722,0x316,0.0,0.0,1.0,6.25,1.08,-0.02,20.15625,20.0625,19.5,19.46875,-10.5,32.0,0.0,0.0
22.30058,0x2B0,0.0,0.0,1.0,6.25,1.08,-0.02,20.15625,20.0625,19.5,19.46875,-10.9,32.0,0.0,0.0
22.30674,0x220,0.0,0.0,1.0,6.25,1.13,-0.02,20.15625,20.0625,19.5,19.46875,-10.9,32.0,0.0,0.0
22.30722,0x316,0.0,0.0,1.0,6.25,1.13,-0.02,20.15625,20.0625,19.5,19.46875,-10.9,32.0,0.0,0.0
22.30769,0x386,0.0,0.0,1.0,6.25,1.13,-0.02,20.125,19.75,19.40625,19.4375,-10.9,32.0,0.0,0.0
22.31057,0x2B0,0.0,0.0,1.0,6.25,1.13,-0.02,20.125,19.75,19.40625,19.4375,-11.3,40.0,0.0,0.0
22.31675,0x220,0.0,0.0,1.0,6.25,1.17,-0.08,20.125,19.75,19.40625,19.4375,-11.3,40.0,0.0,0.0
22.31723,0x316,0.0,0.0,1.0,6.25,1.17,-0.08,20.125,19.75,19.40625,19.4375,-11.3,40.0,0.0,0.0
22.32056,0x2B0,0.0,0.0,1.0,6.25,1.17,-0.08,20.125,19.75,19.40625,19.4375,-11.7,40.0,0.0,0.0
22.32675,0x220,0.0,0.0,1.0,6.25,1.14,-0.19,20.125,19.75,19.40625,19.4375,-11.7,40.0,0.0,0.0
22.32723,0x316,0.0,0.0,1.0,6.25,1.14,-0.19,20.125,19.75,19.40625,19.4375,-11.7,40.0,0.0,0.0
22.3277,0x386,0.0,0.0,1.0,6.25,1.14,-0.19,19.65625,19.8125,19.53125,19.46875,-11.7,40.0,0.0,0.0
22.33057,0x2B0,0.0,0.0,1.0,6.25,1.14,-0.19,19.65625,19.8125,19.53125,19.46875,-12.2,44.0,0.0,0.0
22.33675,0x220,0.0,0.0,1.0,6.25,1.03,-0.24,19.65625,19.8125,19.53125,19.46875,-12.2,44.0,0.0,0.0
22.33723,0x316,0.0,0.0,1.0,6.25,1.03,-0.24,19.65625,19.8125,19.53125,19.46875,-12.2,44.0,0.0,0.0
22.34065,0x2B0,0.0,0.0,1.0,6.25,1.03,-0.24,19.65625,19.8125,19.53125,19.46875,-12.7,48.0,0.0,0.0
22.34676,0x220,0.0,0.0,1.0,6.25,0.97,-0.23,19.65625,19.8125,19.53125,19.46875,-12.7,48.0,0.0,0.0
22.34724,0x316,0.0,0.0,1.0,6.25,0.97,-0.23,19.65625,19.8125,19.53125,19.46875,-12.7,48.0,0.0,0.0
22.34772,0x386,0.0,0.0,1.0,6.25,0.97,-0.23,19.96875,19.96875,19.59375,19.5625,-12.7,48.0,0.0,0.0
22.35053,0x2B0,0.0,0.0,1.0,6.25,0.97,-0.23,19.96875,19.96875,19.59375,19.5625,-13.2,48.0,0.0,0.0
22.35676,0x220,0.0,0.0,1.0,6.25,0.97,-0.2,19.96875,19.96875,19.59375,19.5625,-13.2,48.0,0.0,0.0
22.35724,0x316,0.0,0.0,1.0,6.25,0.97,-0.2,19.96875,19.96875,19.59375,19.5625,-13.2,48.0,0.0,0.0
22.36054,0x2B0,0.0,0.0,1.0,6.25,0.97,-0.2,19.96875,19.96875,19.59375,19.5625,-13.8,52.0,0.0,0.0
22.36676,0x220,0.0,0.0,1.0,6.25,1.05,-0.22,19.96875,19.96875,19.59375,19.5625,-13.8,52.0,0.0,0.0
22.36724,0x316,0.0,0.0,1.0,6.25,1.05,-0.22,19.96875,19.96875,19.59375,19.5625,-13.8,52.0,0.0,0.0
22.36772,0x386,0.0,0.0,1.0,6.25,1.05,-0.22,19.96875,19.8125,19.65625,19.53125,-13.8,52.0,0.0,0.0
22.37055,0x2B0,0.0,0.0,1.0,6.25,1.05,-0.22,19.96875,19.8125,19.65625,19.53125,-14.3,52.0,0.0,0.0
22.37676,0x220,0.0,0.0,1.0,6.25,1.15,-0.3,19.96875,19.8125,19.65625,19.53125,-14.3,52.0,0.0,0.0
22.37725,0x316,0.0,0.0,1.0,6.25,1.15,-0.3,19.96875,19.8125,19.65625,19.53125,-14.3,52.0,0.0,0.0
22.38054,0x2B0,0.0,0.0,1.0,6.25,1.15,-0.3,19.96875,19.8125,19.65625,19.53125,-14.8,48.0,0.0,0.0
22.38677,0x220,0.0,0.0,1.0,6.25,1.18,-0.37,19.96875,19.8125,19.65625,19.53125,-14.8,48.0,0.0,0.0
22.38725,0x316,0.0,0.0,1.0,6.25,1.18,-0.37,19.96875,19.8125,19.65625,19.53125,-14.8,48.0,0.0,0.0
22.38772,0x386,0.0,0.0,1.0,6.25,1.18,-0.37,19.65625,19.78125,19.375,19.53125,-14.8,48.0,0.0,0.0
22.39056,0x2B0,0.0,0.0,1.0,6.25,1.18,-0.37,19.65625,19.78125,19.375,19.53125,-15.3,48.0,0.0,0.0
22.39677,0x220,0.0,0.0,1.0,6.25,1.18,-0.37,19.65625,19.78125,19.375,19.53125,-15.3,48.0,0.0,0.0
22.39725,0x316,0.0,0.0,1.0,6.25,1.18,-0.37,19.65625,19.78125,19.375,19.53125,-15.3,48.0,0.0,0.0
22.40054,0x2B0,0.0,0.0,1.0,6.25,1.18,-0.37,19.65625,19.78125,19.375,19.53125,-15.9,52.0,0.0,0.0
22.40676,0x220,0.0,0.0,1.0,6.25,1.12,-0.35,19.65625,19.78125,19.375,19.53125,-15.9,52.0,0.0,0.0
22.40724,0x316,0.0,0.0,1.0,6.25,1.12,-0.35,19.65625,19.78125,19.375,19.53125,-15.9,52.0,0.0,0.0
22.40771,0x386,0.0,0.0,1.0,6.25,1.12,-0.35,19.90625,19.84375,19.375,19.59375,-15.9,52.0,0.0,0.0
22.41053,0x2B0,0.0,0.0,1.0,6.25,1.12,-0.35,19.90625,19.84375,19.375,19.59375,-16.4,52.0,0.0,0.0
22.41676,0x220,0.0,0.0,1.0,6.25,1.0,-0.22,19.90625,19.84375,19.375,19.59375,-16.4,52.0,0.0,0.0
22.41724,0x316,0.0,0.0,1.0,6.25,1.0,-0.22,19.90625,19.84375,19.375,19.59375,-16.4,52.0,0.0,0.0
22.42055,0x2B0,0.0,0.0,1.0,6.25,1.0,-0.22,19.90625,19.84375,19.375,19.59375,-17.0,52.0,0.0,0.0
22.42676,0x220,0.0,0.0,1.0,6.25,0.85,-0.1,19.90625,19.84375,19.375,19.59375,-17.0,52.0,0.0,0.0
22.42725,0x316,0.0,0.0,1.0,6.25,0.85,-0.1,19.90625,19.84375,19.375,19.59375,-17.0,52.0,0.0,0.0
22.42771,0x386,0.0,0.0,1.0,6.25,0.85,-0.1,19.78125,19.5625,19.375,19.46875,-17.0,52.0,0.0,0.0
22.43057,0x2B0,0.0,0.0,1.0,6.25,0.85,-0.1,19.78125,19.5625,19.375,19.46875,-17.5,52.0,0.0,0.0
22.43677,0x220,0.0,0.0,1.0,6.25,0.71,-0.05,19.78125,19.5625,19.375,19.46875,-17.5,52.0,0.0,0.0
22.43725,0x316,0.0,0.0,1.0,6.25,0.71,-0.05,19.78125,19.5625,19.375,19.46875,-17.5,52.0,0.0,0.0
22.44061,0x2B0,0.0,0.0,1.0,6.25,0.71,-0.05,19.78125,19.5625,19.375,19.46875,-18.1,52.0,0.0,0.0
22.44676,0x220,0.0,0.0,1.0,6.25,0.69,-0.04,19.78125,19.5625,19.375,19.46875,-18.1,52.0,0.0,0.0
22.44724,0x316,0.0,0.0,1.0,6.25,0.69,-0.04,19.78125,19.5625,19.375,19.46875,-18.1,52.0,0.0,0.0
22.44771,0x386,0.0,0.0,1.0,6.25,0.69,-0.04,19.75,19.71875,19.4375,19.5,-18.1,52.0,0.0,0.0
22.45056,0x2B0,0.0,0.0,1.0,6.25,0.69,-0.04,19.75,19.71875,19.4375,19.5,-18.6,52.0,0.0,0.0
22.45676,0x220,0.0,0.0,1.0,6.25,0.71,-0.02,19.75,19.71875,19.4375,19.5,-18.6,52.0,0.0,0.0
22.45724,0x316,0.0,0.0,1.0,6.25,0.71,-0.02,19.75,19.71875,19.4375,19.5,-18.6,52.0,0.0,0.0
22.46056,0x2B0,0.0,0.0,1.0,6.25,0.71,-0.02,19.75,19.71875,19.4375,19.5,-19.1,48.0,0.0,0.0
22.46677,0x220,0.0,0.0,1.0,6.25,0.75,0.0,19.75,19.71875,19.4375,19.5,-19.1,48.0,0.0,0.0
22.46726,0x316,0.0,0.0,1.0,6.25,0.75,0.0,19.75,19.71875,19.4375,19.5,-19.1,48.0,0.0,0.0
22.46772,0x386,0.0,0.0,1.0,6.25,0.75,0.0,19.9375,19.59375,19.5,19.4375,-19.1,48.0,0.0,0.0
22.47052,0x2B0,0.0,0.0,1.0,6.25,0.75,0.0,19.9375,19.59375,19.5,19.4375,-19.6,48.0,0.0,0.0
22.47677,0x220,0.0,0.0,1.0,6.25,0.79,-0.02,19.9375,19.59375,19.5,19.4375,-19.6,48.0,0.0,0.0
22.47725,0x316,0.0,0.0,1.0,6.25,0.79,-0.02,19.9375,19.59375,19.5,19.4375,-19.6,48.0,0.0,0.0
22.48054,0x2B0,0.0,0.0,1.0,6.25,0.79,-0.02,19.9375,19.59375,19.5,19.4375,-20.2,52.0,0.0,0.0
22.48677,0x220,0.0,0.0,1.0,6.25,0.78,-0.04,19.9375,19.59375,19.5,19.4375,-20.2,52.0,0.0,0.0
22.48725,0x316,0.0,0.0,1.0,6.25,0.78,-0.04,19.9375,19.59375,19.5,19.4375,-20.2,52.0,0.0,0.0
22.48772,0x386,0.0,0.0,1.0,6.25,0.78,-0.04,19.625,19.84375,19.5,19.4375,-20.2,52.0,0.0,0.0
22.49054,0x2B0,0.0,0.0,1.0,6.25,0.78,-0.04,19.625,19.84375,19.5,19.4375,-20.7,52.0,0.0,0.0
22.49677,0x220,0.0,0.0,1.0,6.25,0.75,-0.1,19.625,19.84375,19.5,19.4375,-20.7,52.0,0.0,0.0
22.49725,0x316,0.0,0.0,1.0,6.25,0.75,-0.1,19.625,19.84375,19.5,19.4375,-20.7,52.0,0.0,0.0
22.50057,0x2B0,0.0,0.0,1.0,6.25,0.75,-0.1,19.625,19.84375,19.5,19.4375,-21.3,52.0,0.0,0.0
22.50678,0x220,0.0,0.0,1.0,6.25,0.65,-0.2,19.625,19.84375,19.5,19.4375,-21.3,52.0,0.0,0.0
22.50726,0x316,0.0,0.0,1.0,6.25,0.65,-0.2,19.625,19.84375,19.5,19.4375,-21.3,52.0,0.0,0.0
22.50773,0x386,0.0,0.0,1.0,6.25,0.65,-0.2,19.90625,19.53125,19.65625,19.75,-21.3,52.0,0.0,0.0
22.51057,0x2B0,0.0,0.0,1.0,6.25,0.65,-0.2,19.90625,19.53125,19.65625,19.75,-21.8,52.0,0.0,0.0
22.51678,0x220,0.0,0.0,1.0,6.25,0.51,-0.29,19.90625,19.53125,19.65625,19.75,-21.8,52.0,0.0,0.0
22.51726,0x316,0.0,0.0,1.0,6.25,0.51,-0.29,19.90625,19.53125,19.65625,19.75,-21.8,52.0,0.0,0.0
22.52054,0x2B0,0.0,0.0,1.0,6.25,0.51,-0.29,19.90625,19.53125,19.65625,19.75,-22.4,52.0,0.0,0.0
22.52678,0x220,0.0,0.0,1.0,6.25,0.38,-0.33,19.90625,19.53125,19.65625,19.75,-22.4,52.0,0.0,0.0
22.52726,0x316,0.0,0.0,1.0,6.25,0.38,-0.33,19.90625,19.53125,19.65625,19.75,-22.4,52.0,0.0,0.0
22.52773,0x386,0.0,0.0,1.0,6.25,0.38,-0.33,19.6875,19.1875,19.59375,19.78125,-22.4,52.0,0.0,0.0
22.53058,0x2B0,0.0,0.0,1.0,6.25,0.38,-0.33,19.6875,19.1875,19.59375,19.78125,-22.9,52.0,0.0,0.0
22.53677,0x220,0.0,0.0,1.0,6.25,0.33,-0.3,19.6875,19.1875,19.59375,19.78125,-22.9,52.0,0.0,0.0
22.53726,0x316,0.0,0.0,1.0,6.25,0.33,-0.3,19.6875,19.1875,19.59375,19.78125,-22.9,52.0,0.0,0.0
22.54057,0x2B0,0.0,0.0,1.0,6.25,0.33,-0.3,19.6875,19.1875,19.59375,19.78125,-23.5,52.0,0.0,0.0
22.54677,0x220,0.0,0.0,1.0,6.25,0.29,-0.21,19.6875,19.1875,19.59375,19.78125,-23.5,52.0,0.0,0.0
22.54725,0x316,0.0,0.0,1.0,6.25,0.29,-0.21,19.6875,19.1875,19.59375,19.78125,-23.5,52.0,0.0,0.0
22.54772,0x386,0.0,0.0,1.0,6.25,0.29,-0.21,19.9375,19.84375,19.625,19.75,-23.5,52.0,0.0,0.0
22.55056,0x2B0,0.0,0.0,1.0,6.25,0.29,-0.21,19.9375,19.84375,19.625,19.75,-24.0,52.0,0.0,0.0
22.55677,0x220,0.0,0.0,1.0,6.25,0.21,-0.07,19.9375,19.84375,19.625,19.75,-24.0,52.0,0.0,0.0
22.55726,0x316,0.0,0.0,1.0,6.25,0.21,-0.07,19.9375,19.84375,19.625,19.75,-24.0,52.0,0.0,0.0
22.56055,0x2B0,0.0,0.0,1.0,6.25,0.21,-0.07,19.9375,19.84375,19.625,19.75,-24.6,52.0,0.0,0.0
22.56678,0x220,0.0,0.0,1.0,6.25,0.19,0.05,19.9375,19.84375,19.625,19.75,-24.6,52.0,0.0,0.0
22.56726,0x316,0.0,0.0,1.0,6.25,0.19,0.05,19.9375,19.84375,19.625,19.75,-24.6,52.0,0.0,0.0
22.56773,0x386,0.0,0.0,1.0,6.25,0.19,0.05,19.6875,19.46875,19.4375,19.65625,-24.6,52.0,0.0,0.0
22.57057,0x2B0,0.0,0.0,1.0,6.25,0.19,0.05,19.6875,19.46875,19.4375,19.65625,-25.1,52.0,0.0,0.0
22.57677,0x220,0.0,0.0,1.0,6.25,0.21,0.11,19.6875,19.46875,19.4375,19.65625,-25.1,52.0,0.0,0.0
22.57725,0x316,0.0,0.0,1.0,6.25,0.21,0.11,19.6875,19.46875,19.4375,19.65625,-25.1,52.0,0.0,0.0
22.58057,0x2B0,0.0,0.0,1.0,6.25,0.21,0.11,19.6875,19.46875,19.4375,19.65625,-25.5,44.0,0.0,0.0
22.58677,0x220,0.0,0.0,1.0,6.25,0.23,0.03,19.6875,19.46875,19.4375,19.65625,-25.5,44.0,0.0,0.0
22.58726,0x316,0.0,0.0,1.0,6.25,0.23,0.03,19.6875,19.46875,19.4375,19.65625,-25.5,44.0,0.0,0.0
22.58772,0x386,0.0,0.0,1.0,6.25,0.23,0.03,18.53125,19.03125,19.125,19.40625,-25.5,44.0,0.0,0.0
22.59056,0x2B0,0.0,0.0,1.0,6.25,0.23,0.03,18.53125,19.03125,19.125,19.40625,-26.0,44.0,0.0,0.0
22.59678,0x220,0.0,0.0,1.0,6.25,0.24,-0.09,18.53125,19.03125,19.125,19.40625,-26.0,44.0,0.0,0.0
22.59727,0x316,0.0,0.0,1.0,6.25,0.24,-0.09,18.53125,19.03125,19.125,19.40625,-26.0,44.0,0.0,0.0
22.60056,0x2B0,0.0,0.0,1.0,6.25,0.24,-0.09,18.53125,19.03125,19.125,19.40625,-26.5,48.0,0.0,0.0
22.60677,0x220,0.0,0.0,1.0,6.25,0.24,-0.15,18.53125,19.03125,19.125,19.40625,-26.5,48.0,0.0,0.0
22.60725,0x316,0.0,0.0,1.0,6.25,0.24,-0.15,18.53125,19.03125,19.125,19.40625,-26.5,48.0,0.0,0.0
22.60772,0x386,0.0,0.0,1.0,6.25,0.24,-0.15,19.84375,19.4375,19.25,19.125,-26.5,48.0,0.0,0.0
22.61056,0x2B0,0.0,0.0,1.0,6.25,0.24,-0.15,19.84375,19.4375,19.25,19.125,-26.9,44.0,0.0,0.0
22.61677,0x220,0.0,0.0,1.0,6.25,0.18,-0.1,19.84375,19.4375,19.25,19.125,-26.9,44.0,0.0,0.0
22.61725,0x316,0.0,0.0,1.0,6.25,0.18,-0.1,19.84375,19.4375,19.25,19.125,-26.9,44.0,0.0,0.0
22.62058,0x2B0,0.0,0.0,1.0,6.25,0.18,-0.1,19.84375,19.4375,19.25,19.125,-27.3,40.0,0.0,0.0
22.62677,0x220,0.0,0.0,1.0,6.25,0.15,-0.08,19.84375,19.4375,19.25,19.125,-27.3,40.0,0.0,0.0
22.62725,0x316,0.0,0.0,1.0,6.25,0.15,-0.08,19.84375,19.4375,19.25,19.125,-27.3,40.0,0.0,0.0
22.62772,0x386,0.0,0.0,1.0,6.25,0.15,-0.08,19.75,19.71875,19.40625,19.4375,-27.3,40.0,0.0,0.0
22.63056,0x2B0,0.0,0.0,1.0,6.25,0.15,-0.08,19.75,19.71875,19.40625,19.4375,-27.8,44.0,0.0,0.0
22.63677,0x220,0.0,0.0,1.0,6.25,0.26,-0.13,19.75,19.71875,19.40625,19.4375,-27.8,44.0,0.0,0.0
22.63725,0x316,0.0,0.0,1.0,6.25,0.26,-0.13,19.75,19.71875,19.40625,19.4375,-27.8,44.0,0.0,0.0
22.64058,0x2B0,0.0,0.0,1.0,6.25,0.26,-0.13,19.75,19.71875,19.40625,19.4375,-28.2,44.0,0.0,0.0
22.64677,0x220,0.0,0.0,1.0,6.25,0.48,-0.19,19.75,19.71875,19.40625,19.4375,-28.2,44.0,0.0,0.0
22.64725,0x316,0.0,0.0,1.0,6.25,0.48,-0.19,19.75,19.71875,19.40625,19.4375,-28.2,44.0,0.0,0.0
22.64772,0x386,0.0,0.0,1.0,6.25,0.48,-0.19,19.6875,19.6875,19.5,19.53125,-28.2,44.0,0.0,0.0
22.6506,0x2B0,0.0,0.0,1.0,6.25,0.48,-0.19,19.6875,19.6875,19.5,19.53125,-28.7,44.0,0.0,0.0
22.65677,0x220,0.0,0.0,1.0,6.25,0.67,-0.22,19.6875,19.6875,19.5,19.53125,-28.7,44.0,0.0,0.0
22.65725,0x316,0.0,0.0,1.0,6.25,0.67,-0.22,19.6875,19.6875,19.5,19.53125,-28.7,44.0,0.0,0.0
22.66057,0x2B0,0.0,0.0,1.0,6.25,0.67,-0.22,19.6875,19.6875,19.5,19.53125,-29.2,48.0,0.0,0.0
22.66678,0x220,0.0,0.0,1.0,6.25,0.81,-0.21,19.6875,19.6875,19.5,19.53125,-29.2,48.0,0.0,0.0
22.66726,0x316,0.0,0.0,1.0,6.25,0.81,-0.21,19.6875,19.6875,19.5,19.53125,-29.2,48.0,0.0,0.0
22.66773,0x386,0.0,0.0,1.0,6.25,0.81,-0.21,19.6875,19.6875,19.28125,19.34375,-29.2,48.0,0.0,0.0
22.67059,0x2B0,0.0,0.0,1.0,6.25,0.81,-0.21,19.6875,19.6875,19.28125,19.34375,-29.7,48.0,0.0,0.0
22.67677,0x220,0.0,0.0,1.0,6.25,0.94,-0.22,19.6875,19.6875,19.28125,19.34375,-29.7,48.0,0.0,0.0
22.67726,0x316,0.0,0.0,1.0,6.25,0.94,-0.22,19.6875,19.6875,19.28125,19.34375,-29.7,48.0,0.0,0.0
22.68057,0x2B0,0.0,0.0,1.0,6.25,0.94,-0.22,19.6875,19.6875,19.28125,19.34375,-30.2,48.0,0.0,0.0
22.68677,0x220,0.0,0.0,1.0,6.25,0.99,-0.3,19.6875,19.6875,19.28125,19.34375,-30.2,48.0,0.0,0.0
22.68725,0x316,0.0,0.0,1.0,6.25,0.99,-0.3,19.6875,19.6875,19.28125,19.34375,-30.2,48.0,0.0,0.0
22.68772,0x386,0.0,0.0,1.0,6.25,0.99,-0.3,19.78125,19.625,19.125,19.1875,-30.2,48.0,0.0,0.0
22.69058,0x2B0,0.0,0.0,1.0,6.25,0.99,-0.3,19.78125,19.625,19.125,19.1875,-30.7,48.0,0.0,0.0
22.69677,0x220,0.0,0.0,1.0,6.25,0.82,-0.42,19.78125,19.625,19.125,19.1875,-30.7,48.0,0.0,0.0
22.69726,0x316,0.0,0.0,1.0,6.25,0.82,-0.42,19.78125,19.625,19.125,19.1875,-30.7,48.0,0.0,0.0
22.70061,0x2B0,0.0,0.0,1.0,6.25,0.82,-0.42,19.78125,19.625,19.125,19.1875,-31.2,48.0,0.0,0.0
22.70678,0x220,0.0,0.0,1.0,6.25,0.51,-0.47,19.78125,19.625,19.125,19.1875,-31.2,48.0,0.0,0.0
22.70726,0x316,0.0,0.0,1.0,6.25,0.51,-0.47,19.78125,19.625,19.125,19.1875,-31.2,48.0,0.0,0.0
22.70773,0x386,0.0,0.0,1.0,6.25,0.51,-0.47,19.8125,19.65625,19.125,19.15625,-31.2,48.0,0.0,0.0
22.71058,0x2B0,0.0,0.0,1.0,6.25,0.51,-0.47,19.8125,19.65625,19.125,19.15625,-31.7,48.0,0.0,0.0
22.71678,0x220,0.0,0.0,1.0,6.25,0.23,-0.44,19.8125,19.65625,19.125,19.15625,-31.7,48.0,0.0,0.0
22.71752,0x316,0.0,0.0,1.0,6.25,0.23,-0.44,19.8125,19.65625,19.125,19.15625,-31.7,48.0,0.0,0.0
22.72054,0x2B0,0.0,0.0,1.0,6.25,0.23,-0.44,19.8125,19.65625,19.125,19.15625,-32.2,48.0,0.0,0.0
22.72677,0x220,0.0,0.0,1.0,6.25,-0.06,-0.39,19.8125,19.65625,19.125,19.15625,-32.2,48.0,0.0,0.0
22.72725,0x316,0.0,0.0,1.0,6.25,-0.06,-0.39,19.8125,19.65625,19.125,19.15625,-32.2,48.0,0.0,0.0
22.72772,0x386,0.0,0.0,1.0,6.25,-0.06,-0.39,19.78125,19.71875,19.15625,19.25,-32.2,48.0,0.0,0.0
22.73054,0x2B0,0.0,0.0,1.0,6.25,-0.06,-0.39,19.78125,19.71875,19.15625,19.25,-32.6,44.0,0.0,0.0
22.73677,0x220,0.0,0.0,1.0,6.25,-0.24,-0.33,19.78125,19.71875,19.15625,19.25,-32.6,44.0,0.0,0.0
22.73725,0x316,0.0,0.0,1.0,6.25,-0.24,-0.33,19.78125,19.71875,19.15625,19.25,-32.6,44.0,0.0,0.0
22.74062,0x2B0,0.0,0.0,1.0,6.25,-0.24,-0.33,19.78125,19.71875,19.15625,19.25,-33.1,44.0,0.0,0.0
22.74678,0x220,0.0,0.0,1.0,6.25,-0.25,-0.28,19.78125,19.71875,19.15625,19.25,-33.1,44.0,0.0,0.0
22.74726,0x316,0.0,0.0,1.0,6.25,-0.25,-0.28,19.78125,19.71875,19.15625,19.25,-33.1,44.0,0.0,0.0
22.74773,0x386,0.0,0.0,1.0,6.25,-0.25,-0.28,19.8125,19.6875,19.1875,19.125,-33.1,44.0,0.0,0.0
22.75054,0x2B0,0.0,0.0,1.0,6.25,-0.25,-0.28,19.8125,19.6875,19.1875,19.125,-33.5,44.0,0.0,0.0
22.75678,0x220,0.0,0.0,1.0,6.25,-0.09,-0.25,19.8125,19.6875,19.1875,19.125,-33.5,44.0,0.0,0.0
22.75726,0x316,0.0,0.0,1.0,6.25,-0.09,-0.25,19.8125,19.6875,19.1875,19.125,-33.5,44.0,0.0,0.0
22.76054,0x2B0,0.0,0.0,1.0,6.25,-0.09,-0.25,19.8125,19.6875,19.1875,19.125,-34.0,44.0,0.0,0.0
22.76678,0x220,0.0,0.0,1.0,6.25,0.17,-0.29,19.8125,19.6875,19.1875,19.125,-34.0,44.0,0.0,0.0
22.76726,0x316,0.0,0.0,1.0,6.25,0.17,-0.29,19.8125,19.6875,19.1875,19.125,-34.0,44.0,0.0,0.0
22.76773,0x386,0.0,0.0,1.0,6.25,0.17,-0.29,19.71875,19.5625,19.21875,19.25,-34.0,44.0,0.0,0.0
22.77058,0x2B0,0.0,0.0,1.0,6.25,0.17,-0.29,19.71875,19.5625,19.21875,19.25,-34.4,44.0,0.0,0.0
22.77677,0x220,0.0,0.0,1.0,6.25,0.39,-0.36,19.71875,19.5625,19.21875,19.25,-34.4,44.0,0.0,0.0
22.77725,0x316,0.0,0.0,1.0,6.25,0.39,-0.36,19.71875,19.5625,19.21875,19.25,-34.4,44.0,0.0,0.0
22.78058,0x2B0,0.0,0.0,1.0,6.25,0.39,-0.36,19.71875,19.5625,19.21875,19.25,-34.9,44.0,0.0,0.0
22.78678,0x220,0.0,0.0,1.0,6.25,0.46,-0.4,19.71875,19.5625,19.21875,19.25,-34.9,44.0,0.0,0.0
22.78726,0x316,0.0,0.0,1.0,6.25,0.46,-0.4,19.71875,19.5625,19.21875,19.25,-34.9,44.0,0.0,0.0
22.78773,0x386,0.0,0.0,1.0,6.25,0.46,-0.4,19.65625,19.53125,19.03125,19.25,-34.9,44.0,0.0,0.0
22.79054,0x2B0,0.0,0.0,1.0,6.25,0.46,-0.4,19.65625,19.53125,19.03125,19.25,-35.5,52.0,0.0,0.0
22.79678,0x220,0.0,0.0,1.0,6.25,0.35,-0.39,19.65625,19.53125,19.03125,19.25,-35.5,52.0,0.0,0.0
22.79727,0x316,0.0,0.0,1.0,6.25,0.35,-0.39,19.65625,19.53125,19.03125,19.25,-35.5,52.0,0.0,0.0
22.80057,0x2B0,0.0,0.0,1.0,6.25,0.35,-0.39,19.65625,19.53125,19.03125,19.25,-36.0,52.0,0.0,0.0
22.80678,0x220,0.0,0.0,1.0,6.25,0.1,-0.35,19.65625,19.53125,19.03125,19.25,-36.0,52.0,0.0,0.0
22.80726,0x316,0.0,0.0,1.0,6.25,0.1,-0.35,19.65625,19.53125,19.03125,19.25,-36.0,52.0,0.0,0.0
22.80773,0x386,0.0,0.0,1.0,6.25,0.1,-0.35,19.84375,19.53125,19.125,19.28125,-36.0,52.0,0.0,0.0
22.81056,0x2B0,0.0,0.0,1.0,6.25,0.1,-0.35,19.84375,19.53125,19.125,19.28125,-36.6,52.0,0.0,0.0
22.81678,0x220,0.0,0.0,1.0,6.25,-0.16,-0.32,19.84375,19.53125,19.125,19.28125,-36.6,52.0,0.0,0.0
22.81726,0x316,0.0,0.0,1.0,6.25,-0.16,-0.32,19.84375,19.53125,19.125,19.28125,-36.6,52.0,0.0,0.0
22.82056,0x2B0,0.0,0.0,1.0,6.25,-0.16,-0.32,19.84375,19.53125,19.125,19.28125,-37.2,60.0,0.0,0.0
22.82678,0x220,0.0,0.0,1.0,6.25,-0.35,-0.31,19.84375,19.53125,19.125,19.28125,-37.2,60.0,0.0,0.0
22.82726,0x316,0.0,0.0,1.0,6.25,-0.35,-0.31,19.84375,19.53125,19.125,19.28125,-37.2,60.0,0.0,0.0
22.82773,0x386,0.0,0.0,1.0,6.25,-0.35,-0.31,19.59375,19.8125,19.1875,19.21875,-37.2,60.0,0.0,0.0
22.83056,0x2B0,0.0,0.0,1.0,6.25,-0.35,-0.31,19.59375,19.8125,19.1875,19.21875,-37.8,60.0,0.0,0.0
22.83677,0x220,0.0,0.0,1.0,6.25,-0.48,-0.33,19.59375,19.8125,19.1875,19.21875,-37.8,60.0,0.0,0.0
22.83725,0x316,0.0,0.0,1.0,6.25,-0.48,-0.33,19.59375,19.8125,19.1875,19.21875,-37.8,60.0,0.0,0.0
22.84061,0x2B0,0.0,0.0,1.0,6.25,-0.48,-0.33,19.59375,19.8125,19.1875,19.21875,-38.5,64.0,0.0,0.0
22.84678,0x220,0.0,0.0,1.0,6.25,-0.53,-0.36,19.59375,19.8125,19.1875,19.21875,-38.5,64.0,0.0,0.0
22.84726,0x316,0.0,0.0,1.0,6.25,-0.53,-0.36,19.59375,19.8125,19.1875,19.21875,-38.5,64.0,0.0,0.0
22.84774,0x386,0.0,0.0,1.0,6.25,-0.53,-0.36,19.90625,19.3125,19.3125,19.21875,-38.5,64.0,0.0,0.0
22.85054,0x2B0,0.0,0.0,1.0,6.25,-0.53,-0.36,19.90625,19.3125,19.3125,19.21875,-39.1,64.0,0.0,0.0
22.85678,0x220,0.0,0.0,1.0,6.25,-0.55,-0.38,19.90625,19.3125,19.3125,19.21875,-39.1,64.0,0.0,0.0
22.85726,0x316,0.0,0.0,1.0,6.25,-0.55,-0.38,19.90625,19.3125,19.3125,19.21875,-39.1,64.0,0.0,0.0
22.86056,0x2B0,0.0,0.0,1.0,6.25,-0.55,-0.38,19.90625,19.3125,19.3125,19.21875,-39.7,60.0,0.0,0.0
22.86678,0x220,0.0,0.0,1.0,6.25,-0.58,-0.37,19.90625,19.3125,19.3125,19.21875,-39.7,60.0,0.0,0.0
22.86727,0x316,0.0,0.0,1.0,6.25,-0.58,-0.37,19.90625,19.3125,19.3125,19.21875,-39.7,60.0,0.0,0.0
22.86774,0x386,0.0,0.0,1.0,6.25,-0.58,-0.37,19.6875,19.4375,19.34375,19.25,-39.7,60.0,0.0,0.0
22.87056,0x2B0,0.0,0.0,1.0,6.25,-0.58,-0.37,19.6875,19.4375,19.34375,19.25,-40.3,60.0,0.0,0.0
22.87678,0x220,0.0,0.0,1.0,6.25,-0.61,-0.34,19.6875,19.4375,19.34375,19.25,-40.3,60.0,0.0,0.0
22.87726,0x316,0.0,0.0,1.0,6.25,-0.61,-0.34,19.6875,19.4375,19.34375,19.25,-40.3,60.0,0.0,0.0
22.88057,0x2B0,0.0,0.0,1.0,6.25,-0.61,-0.34,19.6875,19.4375,19.34375,19.25,-41.0,64.0,0.0,0.0
22.88677,0x220,0.0,0.0,1.0,6.25,-0.64,-0.35,19.6875,19.4375,19.34375,19.25,-41.0,64.0,0.0,0.0
22.88725,0x316,0.0,0.0,1.0,6.25,-0.64,-0.35,19.6875,19.4375,19.34375,19.25,-41.0,64.0,0.0,0.0
22.88772,0x386,0.0,0.0,1.0,6.25,-0.64,-0.35,19.375,19.46875,19.15625,19.1875,-41.0,64.0,0.0,0.0
22.89059,0x2B0,0.0,0.0,1.0,6.25,-0.64,-0.35,19.375,19.46875,19.15625,19.1875,-41.6,64.0,0.0,0.0
22.89677,0x220,0.0,0.0,1.0,6.25,-0.61,-0.43,19.375,19.46875,19.15625,19.1875,-41.6,64.0,0.0,0.0
22.89725,0x316,0.0,0.0,1.0,6.25,-0.61,-0.43,19.375,19.46875,19.15625,19.1875,-41.6,64.0,0.0,0.0
22.90055,0x2B0,0.0,0.0,1.0,6.25,-0.61,-0.43,19.375,19.46875,19.15625,19.1875,-42.2,60.0,0.0,0.0
22.90678,0x220,0.0,0.0,1.0,6.25,-0.58,-0.49,19.375,19.46875,19.15625,19.1875,-42.2,60.0,0.0,0.0
22.90726,0x316,0.0,0.0,1.0,6.25,-0.58,-0.49,19.375,19.46875,19.15625,19.1875,-42.2,60.0,0.0,0.0
22.90773,0x386,0.0,0.0,1.0,6.25,-0.58,-0.49,19.53125,19.3125,19.25,19.21875,-42.2,60.0,0.0,0.0
22.91056,0x2B0,0.0,0.0,1.0,6.25,-0.58,-0.49,19.53125,19.3125,19.25,19.21875,-42.8,60.0,0.0,0.0
22.91679,0x220,0.0,0.0,1.0,6.25,-0.61,-0.49,19.53125,19.3125,19.25,19.21875,-42.8,60.0,0.0,0.0
22.91727,0x316,0.0,0.0,1.0,6.25,-0.61,-0.49,19.53125,19.3125,19.25,19.21875,-42.8,60.0,0.0,0.0
22.92057,0x2B0,0.0,0.0,1.0,6.25,-0.61,-0.49,19.53125,19.3125,19.25,19.21875,-43.4,60.0,0.0,0.0
22.92678,0x220,0.0,0.0,1.0,6.25,-0.64,-0.42,19.53125,19.3125,19.25,19.21875,-43.4,60.0,0.0,0.0
22.92727,0x316,0.0,0.0,1.0,6.25,-0.64,-0.42,19.53125,19.3125,19.25,19.21875,-43.4,60.0,0.0,0.0
22.92773,0x386,0.0,0.0,1.0,6.25,-0.64,-0.42,19.6875,19.4375,19.25,19.1875,-43.4,60.0,0.0,0.0
22.93058,0x2B0,0.0,0.0,1.0,6.25,-0.64,-0.42,19.6875,19.4375,19.25,19.1875,-44.0,60.0,0.0,0.0
22.93678,0x220,0.0,0.0,1.0,6.25,-0.71,-0.35,19.6875,19.4375,19.25,19.1875,-44.0,60.0,0.0,0.0
22.93726,0x316,0.0,0.0,1.0,6.25,-0.71,-0.35,19.6875,19.4375,19.25,19.1875,-44.0,60.0,0.0,0.0
22.94063,0x2B0,0.0,0.0,1.0,6.25,-0.71,-0.35,19.6875,19.4375,19.25,19.1875,-44.7,64.0,0.0,0.0
22.94679,0x220,0.0,0.0,1.0,6.25,-0.83,-0.3,19.6875,19.4375,19.25,19.1875,-44.7,64.0,0.0,0.0
22.94727,0x316,0.0,0.0,1.0,6.25,-0.83,-0.3,19.6875,19.4375,19.25,19.1875,-44.7,64.0,0.0,0.0
22.94774,0x386,0.0,0.0,1.0,6.25,-0.83,-0.3,19.71875,18.75,19.25,19.09375,-44.7,64.0,0.0,0.0
22.95054,0x2B0,0.0,0.0,1.0,6.25,-0.83,-0.3,19.71875,18.75,19.25,19.09375,-45.4,68.0,0.0,0.0
22.95679,0x220,0.0,0.0,1.0,6.25,-0.95,-0.31,19.71875,18.75,19.25,19.09375,-45.4,68.0,0.0,0.0
22.95727,0x316,0.0,0.0,1.0,6.25,-0.95,-0.31,19.71875,18.75,19.25,19.09375,-45.4,68.0,0.0,0.0
22.96053,0x2B0,0.0,0.0,1.0,6.25,-0.95,-0.31,19.71875,18.75,19.25,19.09375,-46.1,68.0,0.0,0.0
22.96678,0x220,0.0,0.0,1.0,6.25,-1.04,-0.33,19.71875,18.75,19.25,19.09375,-46.1,68.0,0.0,0.0
22.96726,0x316,0.0,0.0,1.0,6.25,-1.04,-0.33,19.71875,18.75,19.25,19.09375,-46.1,68.0,0.0,0.0
22.96774,0x386,0.0,0.0,1.0,6.25,-1.04,-0.33,19.5,19.0625,19.28125,19.15625,-46.1,68.0,0.0,0.0
22.97054,0x2B0,0.0,0.0,1.0,6.25,-1.04,-0.33,19.5,19.0625,19.28125,19.15625,-46.8,68.0,0.0,0.0
22.97678,0x220,0.0,0.0,1.0,6.25,-1.08,-0.37,19.5,19.0625,19.28125,19.15625,-46.8,68.0,0.0,0.0
22.97726,0x316,0.0,0.0,1.0,6.25,-1.08,-0.37,19.5,19.0625,19.28125,19.15625,-46.8,68.0,0.0,0.0
22.98051,0x2B0,0.0,0.0,1.0,6.25,-1.08,-0.37,19.5,19.0625,19.28125,19.15625,-47.5,68.0,0.0,0.0
22.98678,0x220,0.0,0.0,1.0,6.25,-1.13,-0.39,19.5,19.0625,19.28125,19.15625,-47.5,68.0,0.0,0.0
22.98727,0x316,0.0,0.0,1.0,6.25,-1.13,-0.39,19.5,19.0625,19.28125,19.15625,-47.5,68.0,0.0,0.0
22.98774,0x386,0.0,0.0,1.0,6.25,-1.13,-0.39,19.5,19.5625,19.28125,19.15625,-47.5,68.0,0.0,0.0
22.99054,0x2B0,0.0,0.0,1.0,6.25,-1.13,-0.39,19.5,19.5625,19.28125,19.15625,-48.2,68.0,0.0,0.0
22.99678,0x220,0.0,0.0,1.0,6.25,-1.2,-0.42,19.5,19.5625,19.28125,19.15625,-48.2,68.0,0.0,0.0
22.99726,0x316,0.0,0.0,1.0,6.25,-1.2,-0.42,19.5,19.5625,19.28125,19.15625,-48.2,68.0,0.0,0.0
23.00052,0x2B0,0.0,0.0,1.0,6.25,-1.2,-0.42,19.5,19.5625,19.28125,19.15625,-48.8,64.0,0.0,0.0
23.00678,0x220,0.0,0.0,1.0,6.25,-1.3,-0.41,19.5,19.5625,19.28125,19.15625,-48.8,64.0,0.0,0.0
23.00726,0x316,0.0,0.0,1.0,6.25,-1.3,-0.41,19.5,19.5625,19.28125,19.15625,-48.8,64.0,0.0,0.0
23.00773,0x386,0.0,0.0,1.0,6.25,-1.3,-0.41,19.65625,19.4375,19.21875,19.09375,-48.8,64.0,0.0,0.0
23.01053,0x2B0,0.0,0.0,1.0,6.25,-1.3,-0.41,19.65625,19.4375,19.21875,19.09375,-49.5,64.0,0.0,0.0
23.01679,0x220,0.0,0.0,1.0,6.25,-1.37,-0.34,19.65625,19.4375,19.21875,19.09375,-49.5,64.0,0.0,0.0
23.01727,0x316,0.0,0.0,1.0,6.25,-1.37,-0.34,19.65625,19.4375,19.21875,19.09375,-49.5,64.0,0.0,0.0
23.02052,0x2B0,0.0,0.0,1.0,6.25,-1.37,-0.34,19.65625,19.4375,19.21875,19.09375,-50.1,64.0,0.0,0.0
23.02678,0x220,0.0,0.0,1.0,6.25,-1.4,-0.29,19.65625,19.4375,19.21875,19.09375,-50.1,64.0,0.0,0.0
23.02727,0x316,0.0,0.0,1.0,6.25,-1.4,-0.29,19.65625,19.4375,19.21875,19.09375,-50.1,64.0,0.0,0.0
23.02774,0x386,0.0,0.0,1.0,6.25,-1.4,-0.29,19.6875,19.5,19.03125,19.0625,-50.1,64.0,0.0,0.0
23.03053,0x2B0,0.0,0.0,1.0,6.25,-1.4,-0.29,19.6875,19.5,19.03125,19.0625,-50.8,64.0,0.0,0.0
23.03678,0x220,0.0,0.0,1.0,6.25,-1.36,-0.27,19.6875,19.5,19.03125,19.0625,-50.8,64.0,0.0,0.0
23.03727,0x316,0.0,0.0,1.0,6.25,-1.36,-0.27,19.6875,19.5,19.03125,19.0625,-50.8,64.0,0.0,0.0
23.04054,0x2B0,0.0,0.0,1.0,6.25,-1.36,-0.27,19.6875,19.5,19.03125,19.0625,-51.4,64.0,0.0,0.0
23.04678,0x220,0.0,0.0,1.0,6.25,-1.29,-0.27,19.6875,19.5,19.03125,19.0625,-51.4,64.0,0.0,0.0
23.04726,0x316,0.0,0.0,1.0,6.25,-1.29,-0.27,19.6875,19.5,19.03125,19.0625,-51.4,64.0,0.0,0.0
23.04773,0x386,0.0,0.0,1.0,6.25,-1.29,-0.27,19.65625,19.4375,19.0625,18.96875,-51.4,64.0,0.0,0.0
23.05048,0x2B0,0.0,0.0,1.0,6.25,-1.29,-0.27,19.65625,19.4375,19.0625,18.96875,-52.1,64.0,0.0,0.0
23.05679,0x220,0.0,0.0,1.0,6.25,-1.3,-0.25,19.65625,19.4375,19.0625,18.96875,-52.1,64.0,0.0,0.0
23.05727,0x316,0.0,0.0,1.0,6.25,-1.3,-0.25,19.65625,19.4375,19.0625,18.96875,-52.1,64.0,0.0,0.0
23.06053,0x2B0,0.0,0.0,1.0,6.25,-1.3,-0.25,19.65625,19.4375,19.0625,18.96875,-52.7,64.0,0.0,0.0
23.06679,0x220,0.0,0.0,1.0,6.25,-1.35,-0.23,19.65625,19.4375,19.0625,18.96875,-52.7,64.0,0.0,0.0
23.06727,0x316,0.0,0.0,1.0,6.25,-1.35,-0.23,19.65625,19.4375,19.0625,18.96875,-52.7,64.0,0.0,0.0
23.06775,0x386,0.0,0.0,1.0,6.25,-1.35,-0.23,19.6875,19.46875,19.1875,19.0,-52.7,64.0,0.0,0.0
23.07051,0x2B0,0.0,0.0,1.0,6.25,-1.35,-0.23,19.6875,19.46875,19.1875,19.0,-53.4,64.0,0.0,0.0
23.07678,0x220,0.0,0.0,1.0,6.25,-1.36,-0.21,19.6875,19.46875,19.1875,19.0,-53.4,64.0,0.0,0.0
23.07727,0x316,0.0,0.0,1.0,6.25,-1.36,-0.21,19.6875,19.46875,19.1875,19.0,-53.4,64.0,0.0,0.0
23.0805,0x2B0,0.0,0.0,1.0,6.25,-1.36,-0.21,19.6875,19.46875,19.1875,19.0,-54.1,68.0,0.0,0.0
23.08678,0x220,0.0,0.0,1.0,6.25,-1.39,-0.2,19.6875,19.46875,19.1875,19.0,-54.1,68.0,0.0,0.0
23.08726,0x316,0.0,0.0,1.0,6.25,-1.39,-0.2,19.6875,19.46875,19.1875,19.0,-54.1,68.0,0.0,0.0
23.08773,0x386,0.0,0.0,1.0,6.25,-1.39,-0.2,19.65625,19.59375,19.25,19.0,-54.1,68.0,0.0,0.0
23.09049,0x2B0,0.0,0.0,1.0,6.25,-1.39,-0.2,19.65625,19.59375,19.25,19.0,-54.8,68.0,0.0,0.0
23.09678,0x220,0.0,0.0,1.0,6.25,-1.44,-0.22,19.65625,19.59375,19.25,19.0,-54.8,68.0,0.0,0.0
23.09726,0x316,0.0,0.0,1.0,6.25,-1.44,-0.22,19.65625,19.59375,19.25,19.0,-54.8,68.0,0.0,0.0
23.10046,0x2B0,0.0,0.0,1.0,6.25,-1.44,-0.22,19.65625,19.59375,19.25,19.0,-55.4,64.0,0.0,0.0
23.10678,0x220,0.0,0.0,1.0,6.25,-1.47,-0.34,19.65625,19.59375,19.25,19.0,-55.4,64.0,0.0,0.0
23.10727,0x316,0.0,0.0,1.0,6.25,-1.47,-0.34,19.65625,19.59375,19.25,19.0,-55.4,64.0,0.0,0.0
23.10773,0x386,0.0,0.0,1.0,6.25,-1.47,-0.34,19.59375,19.375,19.1875,19.03125,-55.4,64.0,0.0,0.0
23.11052,0x2B0,0.0,0.0,1.0,6.25,-1.47,-0.34,19.59375,19.375,19.1875,19.03125,-56.0,60.0,0.0,0.0
23.11679,0x220,0.0,0.0,1.0,6.25,-1.53,-0.46,19.59375,19.375,19.1875,19.03125,-56.0,60.0,0.0,0.0
23.11727,0x316,0.0,0.0,1.0,6.25,-1.53,-0.46,19.59375,19.375,19.1875,19.03125,-56.0,60.0,0.0,0.0
23.12051,0x2B0,0.0,0.0,1.0,6.25,-1.53,-0.46,19.59375,19.375,19.1875,19.03125,-56.6,60.0,0.0,0.0
23.12678,0x220,0.0,0.0,1.0,6.25,-1.59,-0.49,19.59375,19.375,19.1875,19.03125,-56.6,60.0,0.0,0.0
23.12726,0x316,0.0,0.0,1.0,6.25,-1.59,-0.49,19.59375,19.375,19.1875,19.03125,-56.6,60.0,0.0,0.0
23.12774,0x386,0.0,0.0,1.0,6.25,-1.59,-0.49,19.625,19.34375,19.125,19.0625,-56.6,60.0,0.0,0.0
23.13053,0x2B0,0.0,0.0,1.0,6.25,-1.59,-0.49,19.625,19.34375,19.125,19.0625,-57.2,60.0,0.0,0.0
23.13679,0x220,0.0,0.0,1.0,6.25,-1.63,-0.48,19.625,19.34375,19.125,19.0625,-57.2,60.0,0.0,0.0
23.13727,0x316,0.0,0.0,1.0,6.25,-1.63,-0.48,19.625,19.34375,19.125,19.0625,-57.2,60.0,0.0,0.0
23.14063,0x2B0,0.0,0.0,1.0,6.25,-1.63,-0.48,19.625,19.34375,19.125,19.0625,-57.8,60.0,0.0,0.0
23.14678,0x220,0.0,0.0,1.0,6.25,-1.68,-0.49,19.625,19.34375,19.125,19.0625,-57.8,60.0,0.0,0.0
23.14727,0x316,0.0,0.0,1.0,6.25,-1.68,-0.49,19.625,19.34375,19.125,19.0625,-57.8,60.0,0.0,0.0
23.14774,0x386,0.0,0.0,1.0,6.25,-1.68,-0.49,19.625,20.125,19.21875,19.09375,-57.8,60.0,0.0,0.0
23.15047,0x2B0,0.0,0.0,1.0,6.25,-1.68,-0.49,19.625,20.125,19.21875,19.09375,-58.3,52.0,0.0,0.0
23.15679,0x220,0.0,0.0,1.0,6.25,-1.71,-0.59,19.625,20.125,19.21875,19.09375,-58.3,52.0,0.0,0.0
23.15727,0x316,0.0,0.0,1.0,6.25,-1.71,-0.59,19.625,20.125,19.21875,19.09375,-58.3,52.0,0.0,0.0
23.16049,0x2B0,0.0,0.0,1.0,6.25,-1.71,-0.59,19.625,20.125,19.21875,19.09375,-58.8,48.0,0.0,0.0
23.16679,0x220,0.0,0.0,1.0,6.25,-1.75,-0.66,19.625,20.125,19.21875,19.09375,-58.8,48.0,0.0,0.0
23.16728,0x316,0.0,0.0,1.0,6.25,-1.75,-0.66,19.625,20.125,19.21875,19.09375,-58.8,48.0,0.0,0.0
23.16775,0x386,0.0,0.0,1.0,6.25,-1.75,-0.66,19.75,18.6875,19.3125,19.0,-58.8,48.0,0.0,0.0
23.17049,0x2B0,0.0,0.0,1.0,6.25,-1.75,-0.66,19.75,18.6875,19.3125,19.0,-59.4,52.0,0.0,0.0
23.17678,0x220,0.0,0.0,1.0,6.25,-1.84,-0.64,19.75,18.6875,19.3125,19.0,-59.4,52.0,0.0,0.0
23.17727,0x316,0.0,0.0,1.0,6.25,-1.84,-0.64,19.75,18.6875,19.3125,19.0,-59.4,52.0,0.0,0.0
23.18046,0x2B0,0.0,0.0,1.0,6.25,-1.84,-0.64,19.75,18.6875,19.3125,19.0,-59.9,52.0,0.0,0.0
23.18678,0x220,0.0,0.0,1.0,6.25,-1.94,-0.52,19.75,18.6875,19.3125,19.0,-59.9,52.0,0.0,0.0
23.18727,0x316,0.0,0.0,1.0,6.25,-1.94,-0.52,19.75,18.6875,19.3125,19.0,-59.9,52.0,0.0,0.0
23.18774,0x386,0.0,0.0,1.0,6.25,-1.94,-0.52,19.4375,19.4375,19.21875,18.9375,-59.9,52.0,0.0,0.0
23.19049,0x2B0,0.0,0.0,1.0,6.25,-1.94,-0.52,19.4375,19.4375,19.21875,18.9375,-60.5,52.0,0.0,0.0
23.19679,0x220,0.0,0.0,1.0,6.25,-2.01,-0.45,19.4375,19.4375,19.21875,18.9375,-60.5,52.0,0.0,0.0
23.19728,0x316,0.0,0.0,1.0,6.25,-2.01,-0.45,19.4375,19.4375,19.21875,18.9375,-60.5,52.0,0.0,0.0
23.20052,0x2B0,0.0,0.0,1.0,6.25,-2.01,-0.45,19.4375,19.4375,19.21875,18.9375,-61.0,52.0,0.0,0.0
23.20678,0x220,0.0,0.0,1.0,6.25,-2.09,-0.48,19.4375,19.4375,19.21875,18.9375,-61.0,52.0,0.0,0.0
23.20726,0x316,0.0,0.0,1.0,6.25,-2.09,-0.48,19.4375,19.4375,19.21875,18.9375,-61.0,52.0,0.0,0.0
23.20774,0x386,0.0,0.0,1.0,6.25,-2.09,-0.48,19.625,19.625,19.0625,19.0,-61.0,52.0,0.0,0.0
23.21049,0x2B0,0.0,0.0,1.0,6.25,-2.09,-0.48,19.625,19.625,19.0625,19.0,-61.7,60.0,0.0,0.0
23.21678,0x220,0.0,0.0,1.0,6.25,-2.2,-0.53,19.625,19.625,19.0625,19.0,-61.7,60.0,0.0,0.0
23.21727,0x316,0.0,0.0,1.0,6.25,-2.2,-0.53,19.625,19.625,19.0625,19.0,-61.7,60.0,0.0,0.0
23.2205,0x2B0,0.0,0.0,1.0,6.25,-2.2,-0.53,19.625,19.625,19.0625,19.0,-62.2,60.0,0.0,0.0
23.22679,0x220,0.0,0.0,1.0,6.25,-2.33,-0.55,19.625,19.625,19.0625,19.0,-62.2,60.0,0.0,0.0
23.22727,0x316,0.0,0.0,1.0,6.25,-2.33,-0.55,19.625,19.625,19.0625,19.0,-62.2,60.0,0.0,0.0
23.22774,0x386,0.0,0.0,1.0,6.25,-2.33,-0.55,19.5625,19.125,19.0625,18.90625,-62.2,60.0,0.0,0.0
23.2305,0x2B0,0.0,0.0,1.0,6.25,-2.33,-0.55,19.5625,19.125,19.0625,18.90625,-62.8,52.0,0.0,0.0
23.2368,0x220,0.0,0.0,1.0,6.25,-2.41,-0.55,19.5625,19.125,19.0625,18.90625,-62.8,52.0,0.0,0.0
23.23729,0x316,0.0,0.0,1.0,6.25,-2.41,-0.55,19.5625,19.125,19.0625,18.90625,-62.8,52.0,0.0,0.0
23.24059,0x2B0,0.0,0.0,1.0,6.25,-2.41,-0.55,19.5625,19.125,19.0625,18.90625,-63.5,64.0,0.0,0.0
23.24679,0x220,0.0,0.0,1.0,6.25,-2.51,-0.53,19.5625,19.125,19.0625,18.90625,-63.5,64.0,0.0,0.0
23.24727,0x316,0.0,0.0,1.0,6.25,-2.51,-0.53,19.5625,19.125,19.0625,18.90625,-63.5,64.0,0.0,0.0
23.24775,0x386,0.0,0.0,1.0,6.25,-2.51,-0.53,19.59375,19.1875,19.1875,19.0,-63.5,64.0,0.0,0.0
23.25051,0x2B0,0.0,0.0,1.0,6.25,-2.51,-0.53,19.59375,19.1875,19.1875,19.0,-64.1,64.0,0.0,0.0
23.25679,0x220,0.0,0.0,1.0,6.25,-2.58,-0.48,19.59375,19.1875,19.1875,19.0,-64.1,64.0,0.0,0.0
23.25727,0x316,0.0,0.0,1.0,6.25,-2.58,-0.48,19.59375,19.1875,19.1875,19.0,-64.1,64.0,0.0,0.0
23.26046,0x2B0,0.0,0.0,1.0,6.25,-2.58,-0.48,19.59375,19.1875,19.1875,19.0,-64.7,60.0,0.0,0.0
23.2668,0x220,0.0,0.0,1.0,6.25,-2.6,-0.41,19.59375,19.1875,19.1875,19.0,-64.7,60.0,0.0,0.0
23.26728,0x316,0.0,0.0,1.0,6.25,-2.6,-0.41,19.59375,19.1875,19.1875,19.0,-64.7,60.0,0.0,0.0
23.26774,0x386,0.0,0.0,1.0,6.25,-2.6,-0.41,19.5625,19.40625,19.1875,18.90625,-64.7,60.0,0.0,0.0
23.27047,0x2B0,0.0,0.0,1.0,6.25,-2.6,-0.41,19.5625,19.40625,19.1875,18.90625,-65.4,64.0,0.0,0.0
23.27679,0x220,0.0,0.0,1.0,6.25,-2.65,-0.36,19.5625,19.40625,19.1875,18.90625,-65.4,64.0,0.0,0.0
23.27728,0x316,0.0,0.0,1.0,6.25,-2.65,-0.36,19.5625,19.40625,19.1875,18.90625,-65.4,64.0,0.0,0.0
23.28049,0x2B0,0.0,0.0,1.0,6.25,-2.65,-0.36,19.5625,19.40625,19.1875,18.90625,-66.0,64.0,0.0,0.0
23.28679,0x220,0.0,0.0,1.0,6.25,-2.66,-0.37,19.5625,19.40625,19.1875,18.90625,-66.0,64.0,0.0,0.0
23.28727,0x316,0.0,0.0,1.0,6.25,-2.66,-0.37,19.5625,19.40625,19.1875,18.90625,-66.0,64.0,0.0,0.0
23.28774,0x386,0.0,0.0,1.0,6.25,-2.66,-0.37,19.625,19.34375,19.125,18.9375,-66.0,64.0,0.0,0.0
23.2905,0x2B0,0.0,0.0,1.0,6.25,-2.66,-0.37,19.625,19.34375,19.125,18.9375,-66.7,64.0,0.0,0.0
23.29679,0x220,0.0,0.0,1.0,6.25,-2.63,-0.4,19.625,19.34375,19.125,18.9375,-66.7,64.0,0.0,0.0
23.29727,0x316,0.0,0.0,1.0,6.25,-2.63,-0.4,19.625,19.34375,19.125,18.9375,-66.7,64.0,0.0,0.0
23.30052,0x2B0,0.0,0.0,1.0,6.25,-2.63,-0.4,19.625,19.34375,19.125,18.9375,-67.4,68.0,0.0,0.0
23.30678,0x220,0.0,0.0,1.0,6.25,-2.6,-0.39,19.625,19.34375,19.125,18.9375,-67.4,68.0,0.0,0.0
23.30727,0x316,0.0,0.0,1.0,6.25,-2.6,-0.39,19.625,19.34375,19.125,18.9375,-67.4,68.0,0.0,0.0
23.30773,0x386,0.0,0.0,1.0,6.25,-2.6,-0.39,19.46875,19.15625,19.15625,18.875,-67.4,68.0,0.0,0.0
23.31051,0x2B0,0.0,0.0,1.0,6.25,-2.6,-0.39,19.46875,19.15625,19.15625,18.875,-68.2,72.0,0.0,0.0
23.31679,0x220,0.0,0.0,1.0,6.25,-2.61,-0.41,19.46875,19.15625,19.15625,18.875,-68.2,72.0,0.0,0.0
23.31728,0x316,0.0,0.0,1.0,6.25,-2.61,-0.41,19.46875,19.15625,19.15625,18.875,-68.2,72.0,0.0,0.0
23.32052,0x2B0,0.0,0.0,1.0,6.25,-2.61,-0.41,19.46875,19.15625,19.15625,18.875,-68.9,72.0,0.0,0.0
23.32679,0x220,0.0,0.0,1.0,6.25,-2.62,-0.46,19.46875,19.15625,19.15625,18.875,-68.9,72.0,0.0,0.0
23.32727,0x316,0.0,0.0,1.0,6.25,-2.62,-0.46,19.46875,19.15625,19.15625,18.875,-68.9,72.0,0.0,0.0
23.32774,0x386,0.0,0.0,1.0,6.25,-2.62,-0.46,19.6875,19.21875,19.25,18.84375,-68.9,72.0,0.0,0.0
23.33051,0x2B0,0.0,0.0,1.0,6.25,-2.62,-0.46,19.6875,19.21875,19.25,18.84375,-69.7,72.0,0.0,0.0
23.33679,0x220,0.0,0.0,1.0,6.25,-2.62,-0.5,19.6875,19.21875,19.25,18.84375,-69.7,72.0,0.0,0.0
23.33727,0x316,0.0,0.0,1.0,6.25,-2.62,-0.5,19.6875,19.21875,19.25,18.84375,-69.7,72.0,0.0,0.0
23.34062,0x2B0,0.0,0.0,1.0,6.25,-2.62,-0.5,19.6875,19.21875,19.25,18.84375,-70.6,84.0,0.0,0.0
23.34679,0x220,0.0,0.0,1.0,6.25,-2.63,-0.52,19.6875,19.21875,19.25,18.84375,-70.6,84.0,0.0,0.0
23.34727,0x316,0.0,0.0,1.0,6.25,-2.63,-0.52,19.6875,19.21875,19.25,18.84375,-70.6,84.0,0.0,0.0
23.34773,0x386,0.0,0.0,1.0,6.25,-2.63,-0.52,19.75,19.125,19.15625,18.84375,-70.6,84.0,0.0,0.0
23.35051,0x2B0,0.0,0.0,1.0,6.25,-2.63,-0.52,19.75,19.125,19.15625,18.84375,-71.4,84.0,0.0,0.0
23.35679,0x220,0.0,0.0,1.0,6.25,-2.7,-0.49,19.75,19.125,19.15625,18.84375,-71.4,84.0,0.0,0.0
23.35727,0x316,0.0,0.0,1.0,6.25,-2.7,-0.49,19.75,19.125,19.15625,18.84375,-71.4,84.0,0.0,0.0
23.3605,0x2B0,0.0,0.0,1.0,6.25,-2.7,-0.49,19.75,19.125,19.15625,18.84375,-72.3,84.0,0.0,0.0
23.36679,0x220,0.0,0.0,1.0,6.25,-2.74,-0.49,19.75,19.125,19.15625,18.84375,-72.3,84.0,0.0,0.0
23.36727,0x316,0.0,0.0,1.0,6.25,-2.74,-0.49,19.75,19.125,19.15625,18.84375,-72.3,84.0,0.0,0.0
23.36774,0x386,0.0,0.0,1.0,6.25,-2.74,-0.49,19.46875,19.21875,19.09375,18.84375,-72.3,84.0,0.0,0.0
23.37049,0x2B0,0.0,0.0,1.0,6.25,-2.74,-0.49,19.46875,19.21875,19.09375,18.84375,-73.3,92.0,0.0,0.0
23.37679,0x220,0.0,0.0,1.0,6.25,-2.72,-0.51,19.46875,19.21875,19.09375,18.84375,-73.3,92.0,0.0,0.0
23.37727,0x316,0.0,0.0,1.0,6.25,-2.72,-0.51,19.46875,19.21875,19.09375,18.84375,-73.3,92.0,0.0,0.0
23.38053,0x2B0,0.0,0.0,1.0,6.25,-2.72,-0.51,19.46875,19.21875,19.09375,18.84375,-74.2,92.0,0.0,0.0
23.38679,0x220,0.0,0.0,1.0,6.25,-2.73,-0.57,19.46875,19.21875,19.09375,18.84375,-74.2,92.0,0.0,0.0
23.38728,0x316,0.0,0.0,1.0,6.25,-2.73,-0.57,19.46875,19.21875,19.09375,18.84375,-74.2,92.0,0.0,0.0
23.38774,0x386,0.0,0.0,1.0,6.25,-2.73,-0.57,19.375,19.125,19.03125,18.78125,-74.2,92.0,0.0,0.0
23.39051,0x2B0,0.0,0.0,1.0,6.25,-2.73,-0.57,19.375,19.125,19.03125,18.78125,-75.2,92.0,0.0,0.0
23.39679,0x220,0.0,0.0,1.0,6.25,-2.8,-0.65,19.375,19.125,19.03125,18.78125,-75.2,92.0,0.0,0.0
23.39728,0x316,0.0,0.0,1.0,6.25,-2.8,-0.65,19.375,19.125,19.03125,18.78125,-75.2,92.0,0.0,0.0
23.40052,0x2B0,0.0,0.0,1.0,6.25,-2.8,-0.65,19.375,19.125,19.03125,18.78125,-76.2,100.0,0.0,0.0
23.40679,0x220,0.0,0.0,1.0,6.25,-2.87,-0.67,19.375,19.125,19.03125,18.78125,-76.2,100.0,0.0,0.0
23.40728,0x316,0.0,0.0,1.0,6.25,-2.87,-0.67,19.375,19.125,19.03125,18.78125,-76.2,100.0,0.0,0.0
23.40774,0x386,0.0,0.0,1.0,6.25,-2.87,-0.67,19.46875,19.1875,19.0,18.875,-76.2,100.0,0.0,0.0
23.41051,0x2B0,0.0,0.0,1.0,6.25,-2.87,-0.67,19.46875,19.1875,19.0,18.875,-77.3,104.0,0.0,0.0
23.4168,0x220,0.0,0.0,1.0,6.25,-2.93,-0.62,19.46875,19.1875,19.0,18.875,-77.3,104.0,0.0,0.0
23.41728,0x316,0.0,0.0,1.0,6.25,-2.93,-0.62,19.46875,19.1875,19.0,18.875,-77.3,104.0,0.0,0.0
23.42046,0x2B0,0.0,0.0,1.0,6.25,-2.93,-0.62,19.46875,19.1875,19.0,18.875,-78.4,108.0,0.0,0.0
23.42679,0x220,0.0,0.0,1.0,6.25,-3.0,-0.55,19.46875,19.1875,19.0,18.875,-78.4,108.0,0.0,0.0
23.42727,0x316,0.0,0.0,1.0,6.25,-3.0,-0.55,19.46875,19.1875,19.0,18.875,-78.4,108.0,0.0,0.0
23.42773,0x386,0.0,0.0,1.0,6.25,-3.0,-0.55,19.65625,19.3125,19.03125,18.78125,-78.4,108.0,0.0,0.0
23.43048,0x2B0,0.0,0.0,1.0,6.25,-3.0,-0.55,19.65625,19.3125,19.03125,18.78125,-79.5,108.0,0.0,0.0
23.43679,0x220,0.0,0.0,1.0,6.25,-3.01,-0.54,19.65625,19.3125,19.03125,18.78125,-79.5,108.0,0.0,0.0
23.43728,0x316,0.0,0.0,1.0,6.25,-3.01,-0.54,19.65625,19.3125,19.03125,18.78125,-79.5,108.0,0.0,0.0
23.4405,0x2B0,0.0,0.0,1.0,6.25,-3.01,-0.54,19.65625,19.3125,19.03125,18.78125,-80.6,108.0,0.0,0.0
23.44679,0x220,0.0,0.0,1.0,6.25,-3.03,-0.59,19.65625,19.3125,19.03125,18.78125,-80.6,108.0,0.0,0.0
23.44727,0x316,0.0,0.0,1.0,6.25,-3.03,-0.59,19.65625,19.3125,19.03125,18.78125,-80.6,108.0,0.0,0.0
23.44774,0x386,0.0,0.0,1.0,6.25,-3.03,-0.59,19.5625,19.09375,18.9375,18.75,-80.6,108.0,0.0,0.0
23.45049,0x2B0,0.0,0.0,1.0,6.25,-3.03,-0.59,19.5625,19.09375,18.9375,18.75,-81.7,108.0,0.0,0.0
23.45679,0x220,0.0,0.0,1.0,6.25,-3.11,-0.64,19.5625,19.09375,18.9375,18.75,-81.7,108.0,0.0,0.0
23.45727,0x316,0.0,0.0,1.0,6.25,-3.11,-0.64,19.5625,19.09375,18.9375,18.75,-81.7,108.0,0.0,0.0
23.46049,0x2B0,0.0,0.0,1.0,6.25,-3.11,-0.64,19.5625,19.09375,18.9375,18.75,-82.9,112.0,0.0,0.0
23.46681,0x220,0.0,0.0,1.0,6.25,-3.19,-0.62,19.5625,19.09375,18.9375,18.75,-82.9,112.0,0.0,0.0
23.46729,0x316,0.0,0.0,1.0,6.25,-3.19,-0.62,19.5625,19.09375,18.9375,18.75,-82.9,112.0,0.0,0.0
23.46776,0x386,0.0,0.0,1.0,6.25,-3.19,-0.62,19.46875,19.0,19.03125,18.78125,-82.9,112.0,0.0,0.0
23.47048,0x2B0,0.0,0.0,1.0,6.25,-3.19,-0.62,19.46875,19.0,19.03125,18.78125,-84.2,124.0,0.0,0.0
23.47679,0x220,0.0,0.0,1.0,6.25,-3.26,-0.6,19.46875,19.0,19.03125,18.78125,-84.2,124.0,0.0,0.0
23.47728,0x316,0.0,0.0,1.0,6.25,-3.26,-0.6,19.46875,19.0,19.03125,18.78125,-84.2,124.0,0.0,0.0
23.4805,0x2B0,0.0,0.0,1.0,6.25,-3.26,-0.6,19.46875,19.0,19.03125,18.78125,-85.4,124.0,0.0,0.0
23.48679,0x220,0.0,0.0,1.0,6.25,-3.3,-0.62,19.46875,19.0,19.03125,18.78125,-85.4,124.0,0.0,0.0
23.48728,0x316,0.0,0.0,1.0,6.25,-3.3,-0.62,19.46875,19.0,19.03125,18.78125,-85.4,124.0,0.0,0.0
23.48775,0x386,0.0,0.0,1.0,6.25,-3.3,-0.62,19.59375,19.21875,19.0625,18.78125,-85.4,124.0,0.0,0.0
23.4905,0x2B0,0.0,0.0,1.0,6.25,-3.3,-0.62,19.59375,19.21875,19.0625,18.78125,-86.7,124.0,0.0,0.0
23.49679,0x220,0.0,0.0,1.0,6.25,-3.35,-0.67,19.59375,19.21875,19.0625,18.78125,-86.7,124.0,0.0,0.0
23.49728,0x316,0.0,0.0,1.0,6.25,-3.35,-0.67,19.59375,19.21875,19.0625,18.78125,-86.7,124.0,0.0,0.0
23.50045,0x2B0,0.0,0.0,1.0,6.25,-3.35,-0.67,19.59375,19.21875,19.0625,18.78125,-87.9,124.0,0.0,0.0
23.5068,0x220,0.0,0.0,1.0,6.25,-3.42,-0.66,19.59375,19.21875,19.0625,18.78125,-87.9,124.0,0.0,0.0
23.50728,0x316,0.0,0.0,1.0,6.25,-3.42,-0.66,19.59375,19.21875,19.0625,18.78125,-87.9,124.0,0.0,0.0
23.50775,0x386,0.0,0.0,1.0,6.25,-3.42,-0.66,19.25,19.125,19.15625,18.75,-87.9,124.0,0.0,0.0
23.51049,0x2B0,0.0,0.0,1.0,6.25,-3.42,-0.66,19.25,19.125,19.15625,18.75,-89.2,124.0,0.0,0.0
23.5168,0x220,0.0,0.0,1.0,6.25,-3.5,-0.63,19.25,19.125,19.15625,18.75,-89.2,124.0,0.0,0.0
23.51729,0x316,0.0,0.0,1.0,6.25,-3.5,-0.63,19.25,19.125,19.15625,18.75,-89.2,124.0,0.0,0.0
23.52049,0x2B0,0.0,0.0,1.0,6.25,-3.5,-0.63,19.25,19.125,19.15625,18.75,-90.5,128.0,0.0,0.0
23.5268,0x220,0.0,0.0,1.0,6.25,-3.58,-0.62,19.25,19.125,19.15625,18.75,-90.5,128.0,0.0,0.0
23.52728,0x316,0.0,0.0,1.0,6.25,-3.58,-0.62,19.25,19.125,19.15625,18.75,-90.5,128.0,0.0,0.0
23.52775,0x386,0.0,0.0,1.0,6.25,-3.58,-0.62,19.25,19.03125,19.03125,18.6875,-90.5,128.0,0.0,0.0
23.53048,0x2B0,0.0,0.0,1.0,6.25,-3.58,-0.62,19.25,19.03125,19.03125,18.6875,-91.8,128.0,0.0,0.0
23.53681,0x220,0.0,0.0,1.0,6.25,-3.67,-0.67,19.25,19.03125,19.03125,18.6875,-91.8,128.0,0.0,0.0
23.53729,0x316,0.0,0.0,1.0,6.25,-3.67,-0.67,19.25,19.03125,19.03125,18.6875,-91.8,128.0,0.0,0.0
23.54052,0x2B0,0.0,0.0,1.0,6.25,-3.67,-0.67,19.25,19.03125,19.03125,18.6875,-93.1,128.0,0.0,0.0
23.54679,0x220,0.0,0.0,1.0,6.25,-3.75,-0.75,19.25,19.03125,19.03125,18.6875,-93.1,128.0,0.0,0.0
23.54728,0x316,0.0,0.0,1.0,6.25,-3.75,-0.75,19.25,19.03125,19.03125,18.6875,-93.1,128.0,0.0,0.0
23.54774,0x386,0.0,0.0,1.0,6.25,-3.75,-0.75,19.5625,18.875,19.09375,18.65625,-93.1,128.0,0.0,0.0
23.55049,0x2B0,0.0,0.0,1.0,6.25,-3.75,-0.75,19.5625,18.875,19.09375,18.65625,-94.4,128.0,0.0,0.0
23.55681,0x220,0.0,0.0,1.0,6.25,-3.81,-0.81,19.5625,18.875,19.09375,18.65625,-94.4,128.0,0.0,0.0
23.55729,0x316,0.0,0.0,1.0,6.25,-3.81,-0.81,19.5625,18.875,19.09375,18.65625,-94.4,128.0,0.0,0.0
23.5605,0x2B0,0.0,0.0,1.0,6.25,-3.81,-0.81,19.5625,18.875,19.09375,18.65625,-95.7,128.0,0.0,0.0
23.5668,0x220,0.0,0.0,1.0,6.25,-3.88,-0.82,19.5625,18.875,19.09375,18.65625,-95.7,128.0,0.0,0.0
23.56728,0x316,0.0,0.0,1.0,6.25,-3.88,-0.82,19.5625,18.875,19.09375,18.65625,-95.7,128.0,0.0,0.0
23.56775,0x386,0.0,0.0,1.0,6.25,-3.88,-0.82,19.53125,19.09375,19.0,18.625,-95.7,128.0,0.0,0.0
23.57048,0x2B0,0.0,0.0,1.0,6.25,-3.88,-0.82,19.53125,19.09375,19.0,18.625,-97.0,128.0,0.0,0.0
23.5768,0x220,0.0,0.0,1.0,6.25,-3.92,-0.81,19.53125,19.09375,19.0,18.625,-97.0,128.0,0.0,0.0
23.57728,0x316,0.0,0.0,1.0,6.25,-3.92,-0.81,19.53125,19.09375,19.0,18.625,-97.0,128.0,0.0,0.0
23.58048,0x2B0,0.0,0.0,1.0,6.25,-3.92,-0.81,19.53125,19.09375,19.0,18.625,-98.3,128.0,0.0,0.0
23.58679,0x220,0.0,0.0,1.0,6.25,-4.0,-0.83,19.53125,19.09375,19.0,18.625,-98.3,128.0,0.0,0.0
23.58727,0x316,0.0,0.0,1.0,6.25,-4.0,-0.83,19.53125,19.09375,19.0,18.625,-98.3,128.0,0.0,0.0
23.58774,0x386,0.0,0.0,1.0,6.25,-4.0,-0.83,19.53125,18.5,19.125,18.6875,-98.3,128.0,0.0,0.0
23.59046,0x2B0,0.0,0.0,1.0,6.25,-4.0,-0.83,19.53125,18.5,19.125,18.6875,-99.6,128.0,0.0,0.0
23.5968,0x220,0.0,0.0,1.0,6.25,-4.13,-0.87,19.53125,18.5,19.125,18.6875,-99.6,128.0,0.0,0.0
23.59729,0x316,0.0,0.0,1.0,6.25,-4.13,-0.87,19.53125,18.5,19.125,18.6875,-99.6,128.0,0.0,0.0
23.60049,0x2B0,0.0,0.0,1.0,6.25,-4.13,-0.87,19.53125,18.5,19.125,18.6875,-100.9,128.0,0.0,0.0
23.60679,0x220,0.0,0.0,1.0,6.25,-4.21,-0.89,19.53125,18.5,19.125,18.6875,-100.9,128.0,0.0,0.0
23.60727,0x316,0.0,0.0,1.0,6.25,-4.21,-0.89,19.53125,18.5,19.125,18.6875,-100.9,128.0,0.0,0.0
23.60775,0x386,0.0,0.0,1.0,6.25,-4.21,-0.89,19.5,18.46875,19.125,18.8125,-100.9,128.0,0.0,0.0
23.61049,0x2B0,0.0,0.0,1.0,6.25,-4.21,-0.89,19.5,18.46875,19.125,18.8125,-102.3,132.0,0.0,0.0
23.6168,0x220,0.0,0.0,1.0,6.25,-4.25,-0.93,19.5,18.46875,19.125,18.8125,-102.3,132.0,0.0,0.0
23.61728,0x316,0.0,0.0,1.0,6.25,-4.25,-0.93,19.5,18.46875,19.125,18.8125,-102.3,132.0,0.0,0.0
23.62046,0x2B0,0.0,0.0,1.0,6.25,-4.25,-0.93,19.5,18.46875,19.125,18.8125,-103.6,132.0,0.0,0.0
23.6268,0x220,0.0,0.0,1.0,6.25,-4.28,-0.97,19.5,18.46875,19.125,18.8125,-103.6,132.0,0.0,0.0
23.62728,0x316,0.0,0.0,1.0,6.25,-4.28,-0.97,19.5,18.46875,19.125,18.8125,-103.6,132.0,0.0,0.0
23.62775,0x386,0.0,0.0,1.0,6.25,-4.28,-0.97,19.40625,18.875,19.09375,18.65625,-103.6,132.0,0.0,0.0
23.63049,0x2B0,0.0,0.0,1.0,6.25,-4.28,-0.97,19.40625,18.875,19.09375,18.65625,-104.9,128.0,0.0,0.0
23.63682,0x220,0.0,0.0,1.0,6.25,-4.33,-1.0,19.40625,18.875,19.09375,18.65625,-104.9,128.0,0.0,0.0
23.6373,0x316,0.0,0.0,1.0,6.25,-4.33,-1.0,19.40625,18.875,19.09375,18.65625,-104.9,128.0,0.0,0.0
23.64048,0x2B0,0.0,0.0,1.0,6.25,-4.33,-1.0,19.40625,18.875,19.09375,18.65625,-106.2,128.0,0.0,0.0
23.64679,0x220,0.0,0.0,1.0,6.25,-4.4,-0.99,19.40625,18.875,19.09375,18.65625,-106.2,128.0,0.0,0.0
23.64728,0x316,0.0,0.0,1.0,6.25,-4.4,-0.99,19.40625,18.875,19.09375,18.65625,-106.2,128.0,0.0,0.0
23.64775,0x386,0.0,0.0,1.0,6.25,-4.4,-0.99,19.40625,19.125,19.21875,18.65625,-106.2,128.0,0.0,0.0
23.65047,0x2B0,0.0,0.0,1.0,6.25,-4.4,-0.99,19.40625,19.125,19.21875,18.65625,-107.5,128.0,0.0,0.0
23.65679,0x220,0.0,0.0,1.0,6.25,-4.46,-0.98,19.40625,19.125,19.21875,18.65625,-107.5,128.0,0.0,0.0
23.65728,0x316,0.0,0.0,1.0,6.25,-4.46,-0.98,19.40625,19.125,19.21875,18.65625,-107.5,128.0,0.0,0.0
23.66048,0x2B0,0.0,0.0,1.0,6.25,-4.46,-0.98,19.40625,19.125,19.21875,18.65625,-108.8,128.0,0.0,0.0
23.6668,0x220,0.0,0.0,1.0,6.25,-4.52,-1.06,19.40625,19.125,19.21875,18.65625,-108.8,128.0,0.0,0.0
23.66729,0x316,0.0,0.0,1.0,6.25,-4.52,-1.06,19.40625,19.125,19.21875,18.65625,-108.8,128.0,0.0,0.0
23.66775,0x386,0.0,0.0,1.0,6.25,-4.52,-1.06,19.40625,18.46875,19.15625,18.59375,-108.8,128.0,0.0,0.0
23.67046,0x2B0,0.0,0.0,1.0,6.25,-4.52,-1.06,19.40625,18.46875,19.15625,18.59375,-110.1,128.0,0.0,0.0
23.6768,0x220,0.0,0.0,1.0,6.25,-4.64,-1.15,19.40625,18.46875,19.15625,18.59375,-110.1,128.0,0.0,0.0
23.67728,0x316,0.0,0.0,1.0,6.25,-4.64,-1.15,19.40625,18.46875,19.15625,18.59375,-110.1,128.0,0.0,0.0
23.68049,0x2B0,0.0,0.0,1.0,6.25,-4.64,-1.15,19.40625,18.46875,19.15625,18.59375,-111.4,128.0,0.0,0.0
23.6868,0x220,0.0,0.0,1.0,6.25,-4.79,-1.19,19.40625,18.46875,19.15625,18.59375,-111.4,128.0,0.0,0.0
23.68728,0x316,0.0,0.0,1.0,6.25,-4.79,-1.19,19.40625,18.46875,19.15625,18.59375,-111.4,128.0,0.0,0.0
23.68775,0x386,0.0,0.0,1.0,6.25,-4.79,-1.19,19.40625,19.375,19.0625,18.625,-111.4,128.0,0.0,0.0
23.6905,0x2B0,0.0,0.0,1.0,6.25,-4.79,-1.19,19.40625,19.375,19.0625,18.625,-112.6,124.0,0.0,0.0
23.6968,0x220,0.0,0.0,1.0,6.25,-4.9,-1.2,19.40625,19.375,19.0625,18.625,-112.6,124.0,0.0,0.0
23.69728,0x316,0.0,0.0,1.0,6.25,-4.9,-1.2,19.40625,19.375,19.0625,18.625,-112.6,124.0,0.0,0.0
23.70047,0x2B0,0.0,0.0,1.0,6.25,-4.9,-1.2,19.40625,19.375,19.0625,18.625,-113.9,124.0,0.0,0.0
23.70681,0x220,0.0,0.0,1.0,6.25,-4.99,-1.22,19.40625,19.375,19.0625,18.625,-113.9,124.0,0.0,0.0
23.70729,0x316,0.0,0.0,1.0,6.25,-4.99,-1.22,19.40625,19.375,19.0625,18.625,-113.9,124.0,0.0,0.0
23.70775,0x386,0.0,0.0,1.0,6.25,-4.99,-1.22,19.59375,18.59375,19.0625,18.59375,-113.9,124.0,0.0,0.0
23.71051,0x2B0,0.0,0.0,1.0,6.25,-4.99,-1.22,19.59375,18.59375,19.0625,18.59375,-115.2,128.0,0.0,0.0
23.71681,0x220,0.0,0.0,1.0,6.25,-5.07,-1.22,19.59375,18.59375,19.0625,18.59375,-115.2,128.0,0.0,0.0
23.71755,0x316,0.0,0.0,1.0,6.25,-5.07,-1.22,19.59375,18.59375,19.0625,18.59375,-115.2,128.0,0.0,0.0
23.7205,0x2B0,0.0,0.0,1.0,6.25,-5.07,-1.22,19.59375,18.59375,19.0625,18.59375,-116.5,128.0,0.0,0.0
23.7268,0x220,0.0,0.0,1.0,6.25,-5.1,-1.2,19.59375,18.59375,19.0625,18.59375,-116.5,128.0,0.0,0.0
23.72728,0x316,0.0,0.0,1.0,6.25,-5.1,-1.2,19.59375,18.59375,19.0625,18.59375,-116.5,128.0,0.0,0.0
23.72775,0x386,0.0,0.0,1.0,6.25,-5.1,-1.2,19.25,18.875,19.0,18.5625,-116.5,128.0,0.0,0.0
23.73051,0x2B0,0.0,0.0,1.0,6.25,-5.1,-1.2,19.25,18.875,19.0,18.5625,-117.7,124.0,0.0,0.0
23.73682,0x220,0.0,0.0,1.0,6.25,-5.11,-1.21,19.25,18.875,19.0,18.5625,-117.7,124.0,0.0,0.0
23.7373,0x316,0.0,0.0,1.0,6.25,-5.11,-1.21,19.25,18.875,19.0,18.5625,-117.7,124.0,0.0,0.0
23.74075,0x2B0,0.0,0.0,1.0,6.25,-5.11,-1.21,19.25,18.875,19.0,18.5625,-119.0,124.0,0.0,0.0
23.7468,0x220,0.0,0.0,1.0,6.25,-5.11,-1.22,19.25,18.875,19.0,18.5625,-119.0,124.0,0.0,0.0
23.74728,0x316,0.0,0.0,1.0,6.25,-5.11,-1.22,19.25,18.875,19.0,18.5625,-119.0,124.0,0.0,0.0
23.74775,0x386,0.0,0.0,1.0,6.25,-5.11,-1.22,19.375,19.3125,19.0,18.5625,-119.0,124.0,0.0,0.0
23.75053,0x2B0,0.0,0.0,1.0,6.25,-5.11,-1.22,19.375,19.3125,19.0,18.5625,-120.2,124.0,0.0,0.0
23.7568,0x220,0.0,0.0,1.0,6.25,-5.22,-1.21,19.375,19.3125,19.0,18.5625,-120.2,124.0,0.0,0.0
23.75728,0x316,0.0,0.0,1.0,6.25,-5.22,-1.21,19.375,19.3125,19.0,18.5625,-120.2,124.0,0.0,0.0
23.76053,0x2B0,0.0,0.0,1.0,6.25,-5.22,-1.21,19.375,19.3125,19.0,18.5625,-121.5,124.0,0.0,0.0
23.76681,0x220,0.0,0.0,1.0,6.25,-5.37,-1.22,19.375,19.3125,19.0,18.5625,-121.5,124.0,0.0,0.0
23.76729,0x316,0.0,0.0,1.0,6.25,-5.37,-1.22,19.375,19.3125,19.0,18.5625,-121.5,124.0,0.0,0.0
23.76775,0x386,0.0,0.0,1.0,6.25,-5.37,-1.22,19.75,18.9375,18.9375,18.5,-121.5,124.0,0.0,0.0
23.77047,0x2B0,0.0,0.0,1.0,6.25,-5.37,-1.22,19.75,18.9375,18.9375,18.5,-122.8,128.0,0.0,0.0
23.77679,0x220,0.0,0.0,1.0,6.25,-5.52,-1.25,19.75,18.9375,18.9375,18.5,-122.8,128.0,0.0,0.0
23.77727,0x316,0.0,0.0,1.0,6.25,-5.52,-1.25,19.75,18.9375,18.9375,18.5,-122.8,128.0,0.0,0.0
23.78049,0x2B0,0.0,0.0,1.0,6.25,-5.52,-1.25,19.75,18.9375,18.9375,18.5,-124.1,128.0,0.0,0.0
23.78679,0x220,0.0,0.0,1.0,6.25,-5.68,-1.29,19.75,18.9375,18.9375,18.5,-124.1,128.0,0.0,0.0
23.78727,0x316,0.0,0.0,1.0,6.25,-5.68,-1.29,19.75,18.9375,18.9375,18.5,-124.1,128.0,0.0,0.0
23.78774,0x386,0.0,0.0,1.0,6.25,-5.68,-1.29,19.125,19.03125,18.90625,18.46875,-124.1,128.0,0.0,0.0
23.79049,0x2B0,0.0,0.0,1.0,6.25,-5.68,-1.29,19.125,19.03125,18.90625,18.46875,-125.3,124.0,0.0,0.0
23.7968,0x220,0.0,0.0,1.0,6.25,-5.8,-1.28,19.125,19.03125,18.90625,18.46875,-125.3,124.0,0.0,0.0
23.79728,0x316,0.0,0.0,1.0,6.25,-5.8,-1.28,19.125,19.03125,18.90625,18.46875,-125.3,124.0,0.0,0.0
23.80048,0x2B0,0.0,0.0,1.0,6.25,-5.8,-1.28,19.125,19.03125,18.90625,18.46875,-126.6,124.0,0.0,0.0
23.8068,0x220,0.0,0.0,1.0,6.25,-5.87,-1.23,19.125,19.03125,18.90625,18.46875,-126.6,124.0,0.0,0.0
23.80728,0x316,0.0,0.0,1.0,6.25,-5.87,-1.23,19.125,19.03125,18.90625,18.46875,-126.6,124.0,0.0,0.0
23.80775,0x386,0.0,0.0,1.0,6.25,-5.87,-1.23,19.25,18.21875,18.9375,18.46875,-126.6,124.0,0.0,0.0
23.81049,0x2B0,0.0,0.0,1.0,6.25,-5.87,-1.23,19.25,18.21875,18.9375,18.46875,-127.9,128.0,0.0,0.0
23.8168,0x220,0.0,0.0,1.0,6.25,-5.9,-1.21,19.25,18.21875,18.9375,18.46875,-127.9,128.0,0.0,0.0
23.81728,0x316,0.0,0.0,1.0,6.25,-5.9,-1.21,19.25,18.21875,18.9375,18.46875,-127.9,128.0,0.0,0.0
23.8205,0x2B0,0.0,0.0,1.0,6.25,-5.9,-1.21,19.25,18.21875,18.9375,18.46875,-129.2,128.0,0.0,0.0
23.8268,0x220,0.0,0.0,1.0,6.25,-5.92,-1.21,19.25,18.21875,18.9375,18.46875,-129.2,128.0,0.0,0.0
23.82728,0x316,0.0,0.0,1.0,6.25,-5.92,-1.21,19.25,18.21875,18.9375,18.46875,-129.2,128.0,0.0,0.0
23.82775,0x386,0.0,0.0,1.0,6.25,-5.92,-1.21,19.625,19.3125,19.0,18.4375,-129.2,128.0,0.0,0.0
23.8305,0x2B0,0.0,0.0,1.0,6.25,-5.92,-1.21,19.625,19.3125,19.0,18.4375,-130.5,128.0,0.0,0.0
23.83682,0x220,0.0,0.0,1.0,6.25,-5.94,-1.24,19.625,19.3125,19.0,18.4375,-130.5,128.0,0.0,0.0
23.83731,0x316,0.0,0.0,1.0,6.25,-5.94,-1.24,19.625,19.3125,19.0,18.4375,-130.5,128.0,0.0,0.0
23.84052,0x2B0,0.0,0.0,1.0,6.25,-5.94,-1.24,19.625,19.3125,19.0,18.4375,-131.8,128.0,0.0,0.0
23.84681,0x220,0.0,0.0,1.0,6.25,-6.01,-1.3,19.625,19.3125,19.0,18.4375,-131.8,128.0,0.0,0.0
23.84729,0x316,0.0,0.0,1.0,6.25,-6.01,-1.3,19.625,19.3125,19.0,18.4375,-131.8,128.0,0.0,0.0
23.84776,0x386,0.0,0.0,1.0,6.25,-6.01,-1.3,19.5,18.375,18.96875,18.3125,-131.8,128.0,0.0,0.0
23.8505,0x2B0,0.0,0.0,1.0,6.25,-6.01,-1.3,19.5,18.375,18.96875,18.3125,-133.1,128.0,0.0,0.0
23.85681,0x220,0.0,0.0,1.0,6.25,-6.12,-1.36,19.5,18.375,18.96875,18.3125,-133.1,128.0,0.0,0.0
23.85729,0x316,0.0,0.0,1.0,6.25,-6.12,-1.36,19.5,18.375,18.96875,18.3125,-133.1,128.0,0.0,0.0
23.86052,0x2B0,0.0,0.0,1.0,6.25,-6.12,-1.36,19.5,18.375,18.96875,18.3125,-134.4,128.0,0.0,0.0
23.86681,0x220,0.0,0.0,1.0,6.25,-6.25,-1.37,19.5,18.375,18.96875,18.3125,-134.4,128.0,0.0,0.0
23.8673,0x316,0.0,0.0,1.0,6.25,-6.25,-1.37,19.5,18.375,18.96875,18.3125,-134.4,128.0,0.0,0.0
23.86776,0x386,0.0,0.0,1.0,6.25,-6.25,-1.37,19.53125,18.0625,18.96875,18.25,-134.4,128.0,0.0,0.0
23.87048,0x2B0,0.0,0.0,1.0,6.25,-6.25,-1.37,19.53125,18.0625,18.96875,18.25,-135.8,132.0,0.0,0.0
23.87681,0x220,0.0,0.0,1.0,6.25,-6.36,-1.32,19.53125,18.0625,18.96875,18.25,-135.8,132.0,0.0,0.0
23.8773,0x316,0.0,0.0,1.0,6.25,-6.36,-1.32,19.53125,18.0625,18.96875,18.25,-135.8,132.0,0.0,0.0
23.88049,0x2B0,0.0,0.0,1.0,6.25,-6.36,-1.32,19.53125,18.0625,18.96875,18.25,-137.2,140.0,0.0,0.0
23.88679,0x220,0.0,0.0,1.0,6.25,-6.49,-1.25,19.53125,18.0625,18.96875,18.25,-137.2,140.0,0.0,0.0
23.88728,0x316,0.0,0.0,1.0,6.25,-6.49,-1.25,19.53125,18.0625,18.96875,18.25,-137.2,140.0,0.0,0.0
23.88775,0x386,0.0,0.0,1.0,6.25,-6.49,-1.25,19.34375,19.09375,19.0,18.3125,-137.2,140.0,0.0,0.0
23.89049,0x2B0,0.0,0.0,1.0,6.25,-6.49,-1.25,19.34375,19.09375,19.0,18.3125,-138.6,140.0,0.0,0.0
23.8968,0x220,0.0,0.0,1.0,6.25,-6.59,-1.25,19.34375,19.09375,19.0,18.3125,-138.6,140.0,0.0,0.0
23.89728,0x316,0.0,0.0,1.0,6.25,-6.59,-1.25,19.34375,19.09375,19.0,18.3125,-138.6,140.0,0.0,0.0
23.90044,0x2B0,0.0,0.0,1.0,6.25,-6.59,-1.25,19.34375,19.09375,19.0,18.3125,-140.1,144.0,0.0,0.0
23.9068,0x220,0.0,0.0,1.0,6.25,-6.68,-1.33,19.34375,19.09375,19.0,18.3125,-140.1,144.0,0.0,0.0
23.90728,0x316,0.0,0.0,1.0,6.25,-6.68,-1.33,19.34375,19.09375,19.0,18.3125,-140.1,144.0,0.0,0.0
23.90775,0x386,0.0,0.0,1.0,6.25,-6.68,-1.33,19.375,19.28125,18.96875,18.3125,-140.1,144.0,0.0,0.0
23.91045,0x2B0,0.0,0.0,1.0,6.25,-6.68,-1.33,19.375,19.28125,18.96875,18.3125,-141.5,144.0,0.0,0.0
23.9168,0x220,0.0,0.0,1.0,6.25,-6.77,-1.4,19.375,19.28125,18.96875,18.3125,-141.5,144.0,0.0,0.0
23.91729,0x316,0.0,0.0,1.0,6.25,-6.77,-1.4,19.375,19.28125,18.96875,18.3125,-141.5,144.0,0.0,0.0
23.92046,0x2B0,0.0,0.0,1.0,6.25,-6.77,-1.4,19.375,19.28125,18.96875,18.3125,-143.0,144.0,0.0,0.0
23.9268,0x220,0.0,0.0,1.0,6.25,-6.82,-1.42,19.375,19.28125,18.96875,18.3125,-143.0,144.0,0.0,0.0
23.92728,0x316,0.0,0.0,1.0,6.25,-6.82,-1.42,19.375,19.28125,18.96875,18.3125,-143.0,144.0,0.0,0.0
23.92775,0x386,0.0,0.0,1.0,6.25,-6.82,-1.42,19.40625,18.40625,18.9375,18.3125,-143.0,144.0,0.0,0.0
23.93045,0x2B0,0.0,0.0,1.0,6.25,-6.82,-1.42,19.40625,18.40625,18.9375,18.3125,-144.5,148.0,0.0,0.0
23.9368,0x220,0.0,0.0,1.0,6.25,-6.85,-1.38,19.40625,18.40625,18.9375,18.3125,-144.5,148.0,0.0,0.0
23.93728,0x316,0.0,0.0,1.0,6.25,-6.85,-1.38,19.40625,18.40625,18.9375,18.3125,-144.5,148.0,0.0,0.0
23.94051,0x2B0,0.0,0.0,1.0,6.25,-6.85,-1.38,19.40625,18.40625,18.9375,18.3125,-146.1,152.0,0.0,0.0
23.9468,0x220,0.0,0.0,1.0,6.25,-6.94,-1.36,19.40625,18.40625,18.9375,18.3125,-146.1,152.0,0.0,0.0
23.94728,0x316,0.0,0.0,1.0,6.25,-6.94,-1.36,19.40625,18.40625,18.9375,18.3125,-146.1,152.0,0.0,0.0
23.94774,0x386,0.0,0.0,1.0,6.25,-6.94,-1.36,19.40625,18.59375,19.09375,18.3125,-146.1,152.0,0.0,0.0
23.95046,0x2B0,0.0,0.0,1.0,6.25,-6.94,-1.36,19.40625,18.59375,19.09375,18.3125,-147.7,160.0,0.0,0.0
23.9568,0x220,0.0,0.0,1.0,6.25,-7.08,-1.38,19.40625,18.59375,19.09375,18.3125,-147.7,160.0,0.0,0.0
23.95728,0x316,0.0,0.0,1.0,6.25,-7.08,-1.38,19.40625,18.59375,19.09375,18.3125,-147.7,160.0,0.0,0.0
23.96044,0x2B0,0.0,0.0,1.0,6.25,-7.08,-1.38,19.40625,18.59375,19.09375,18.3125,-149.3,160.0,0.0,0.0
23.96681,0x220,0.0,0.0,1.0,6.25,-7.17,-1.41,19.40625,18.59375,19.09375,18.3125,-149.3,160.0,0.0,0.0
23.96729,0x316,0.0,0.0,1.0,6.25,-7.17,-1.41,19.40625,18.59375,19.09375,18.3125,-149.3,160.0,0.0,0.0
23.96777,0x386,0.0,0.0,1.0,6.25,-7.17,-1.41,19.3125,19.25,19.03125,18.3125,-149.3,160.0,0.0,0.0
23.97046,0x2B0,0.0,0.0,1.0,6.25,-7.17,-1.41,19.3125,19.25,19.03125,18.3125,-151.0,164.0,0.0,0.0
23.97681,0x220,0.0,0.0,1.0,6.25,-7.23,-1.46,19.3125,19.25,19.03125,18.3125,-151.0,164.0,0.0,0.0
23.97729,0x316,0.0,0.0,1.0,6.25,-7.23,-1.46,19.3125,19.25,19.03125,18.3125,-151.0,164.0,0.0,0.0
23.98045,0x2B0,0.0,0.0,1.0,6.25,-7.23,-1.46,19.3125,19.25,19.03125,18.3125,-152.7,168.0,0.0,0.0
23.9868,0x220,0.0,0.0,1.0,6.25,-7.31,-1.49,19.3125,19.25,19.03125,18.3125,-152.7,168.0,0.0,0.0
23.98729,0x316,0.0,0.0,1.0,6.25,-7.31,-1.49,19.3125,19.25,19.03125,18.3125,-152.7,168.0,0.0,0.0
23.98775,0x386,0.0,0.0,1.0,6.25,-7.31,-1.49,19.4375,18.0,19.0625,18.3125,-152.7,168.0,0.0,0.0
23.99044,0x2B0,0.0,0.0,1.0,6.25,-7.31,-1.49,19.4375,18.0,19.0625,18.3125,-154.4,168.0,0.0,0.0
23.9968,0x220,0.0,0.0,1.0,6.25,-7.42,-1.49,19.4375,18.0,19.0625,18.3125,-154.4,168.0,0.0,0.0
23.99729,0x316,0.0,0.0,1.0,6.25,-7.42,-1.49,19.4375,18.0,19.0625,18.3125,-154.4,168.0,0.0,0.0
24.00044,0x2B0,0.0,0.0,1.0,6.25,-7.42,-1.49,19.4375,18.0,19.0625,18.3125,-156.1,168.0,0.0,0.0
24.0068,0x220,0.0,0.0,1.0,6.25,-7.55,-1.46,19.4375,18.0,19.0625,18.3125,-156.1,168.0,0.0,0.0
24.00728,0x316,0.0,0.0,1.0,6.25,-7.55,-1.46,19.4375,18.0,19.0625,18.3125,-156.1,168.0,0.0,0.0
24.00775,0x386,0.0,0.0,1.0,6.25,-7.55,-1.46,19.28125,18.25,18.9375,18.21875,-156.1,168.0,0.0,0.0
24.01047,0x2B0,0.0,0.0,1.0,6.25,-7.55,-1.46,19.28125,18.25,18.9375,18.21875,-157.9,172.0,0.0,0.0
24.0168,0x220,0.0,0.0,1.0,6.25,-7.68,-1.44,19.28125,18.25,18.9375,18.21875,-157.9,172.0,0.0,0.0
24.01728,0x316,0.0,0.0,1.0,6.25,-7.68,-1.44,19.28125,18.25,18.9375,18.21875,-157.9,172.0,0.0,0.0
24.02048,0x2B0,0.0,0.0,1.0,6.25,-7.68,-1.44,19.28125,18.25,18.9375,18.21875,-159.6,172.0,0.0,0.0
24.0268,0x220,0.0,0.0,1.0,6.25,-7.78,-1.49,19.28125,18.25,18.9375,18.21875,-159.6,172.0,0.0,0.0
24.02728,0x316,0.0,0.0,1.0,6.25,-7.78,-1.49,19.28125,18.25,18.9375,18.21875,-159.6,172.0,0.0,0.0
24.02775,0x386,0.0,0.0,1.0,6.25,-7.78,-1.49,19.375,19.125,18.96875,18.28125,-159.6,172.0,0.0,0.0
24.03048,0x2B0,0.0,0.0,1.0,6.25,-7.78,-1.49,19.375,19.125,18.96875,18.28125,-161.4,172.0,0.0,0.0
24.03682,0x220,0.0,0.0,1.0,6.25,-7.88,-1.54,19.375,19.125,18.96875,18.28125,-161.4,172.0,0.0,0.0
24.03731,0x316,0.0,0.0,1.0,6.25,-7.88,-1.54,19.375,19.125,18.96875,18.28125,-161.4,172.0,0.0,0.0
24.04046,0x2B0,0.0,0.0,1.0,6.25,-7.88,-1.54,19.375,19.125,18.96875,18.28125,-163.1,172.0,0.0,0.0
24.0468,0x220,0.0,0.0,1.0,6.25,-7.99,-1.55,19.375,19.125,18.96875,18.28125,-163.1,172.0,0.0,0.0
24.04728,0x316,0.0,0.0,1.0,6.25,-7.99,-1.55,19.375,19.125,18.96875,18.28125,-163.1,172.0,0.0,0.0
24.04775,0x386,0.0,0.0,1.0,6.25,-7.99,-1.55,19.5,18.375,18.9375,18.21875,-163.1,172.0,0.0,0.0
24.05045,0x2B0,0.0,0.0,1.0,6.25,-7.99,-1.55,19.5,18.375,18.9375,18.21875,-164.8,168.0,0.0,0.0
24.0568,0x220,0.0,0.0,1.0,6.25,-8.11,-1.51,19.5,18.375,18.9375,18.21875,-164.8,168.0,0.0,0.0
24.05728,0x316,0.0,0.0,1.0,6.25,-8.11,-1.51,19.5,18.375,18.9375,18.21875,-164.8,168.0,0.0,0.0
24.06044,0x2B0,0.0,0.0,1.0,6.25,-8.11,-1.51,19.5,18.375,18.9375,18.21875,-166.5,168.0,0.0,0.0
24.06681,0x220,0.0,0.0,1.0,6.25,-8.25,-1.48,19.5,18.375,18.9375,18.21875,-166.5,168.0,0.0,0.0
24.06729,0x316,0.0,0.0,1.0,6.25,-8.25,-1.48,19.5,18.375,18.9375,18.21875,-166.5,168.0,0.0,0.0
24.06776,0x386,0.0,0.0,1.0,6.25,-8.25,-1.48,19.34375,18.15625,18.90625,18.15625,-166.5,168.0,0.0,0.0
24.07041,0x2B0,0.0,0.0,1.0,6.25,-8.25,-1.48,19.34375,18.15625,18.90625,18.15625,-168.2,168.0,0.0,0.0
24.07681,0x220,0.0,0.0,1.0,6.25,-8.37,-1.51,19.34375,18.15625,18.90625,18.15625,-168.2,168.0,0.0,0.0
24.07729,0x316,0.0,0.0,1.0,6.25,-8.37,-1.51,19.34375,18.15625,18.90625,18.15625,-168.2,168.0,0.0,0.0
24.08043,0x2B0,0.0,0.0,1.0,6.25,-8.37,-1.51,19.34375,18.15625,18.90625,18.15625,-169.8,164.0,0.0,0.0
24.08681,0x220,0.0,0.0,1.0,6.25,-8.49,-1.55,19.34375,18.15625,18.90625,18.15625,-169.8,164.0,0.0,0.0
24.08729,0x316,0.0,0.0,1.0,6.25,-8.49,-1.55,19.34375,18.15625,18.90625,18.15625,-169.8,164.0,0.0,0.0
24.08776,0x386,0.0,0.0,1.0,6.25,-8.49,-1.55,19.28125,18.6875,18.84375,18.15625,-169.8,164.0,0.0,0.0
24.09043,0x2B0,0.0,0.0,1.0,6.25,-8.49,-1.55,19.28125,18.6875,18.84375,18.15625,-171.4,160.0,0.0,0.0
24.09681,0x220,0.0,0.0,1.0,6.25,-8.63,-1.58,19.28125,18.6875,18.84375,18.15625,-171.4,160.0,0.0,0.0
24.09729,0x316,0.0,0.0,1.0,6.25,-8.63,-1.58,19.28125,18.6875,18.84375,18.15625,-171.4,160.0,0.0,0.0
24.10045,0x2B0,0.0,0.0,1.0,6.25,-8.63,-1.58,19.28125,18.6875,18.84375,18.15625,-173.0,160.0,0.0,0.0
24.10681,0x220,0.0,0.0,1.0,6.25,-8.72,-1.6,19.28125,18.6875,18.84375,18.15625,-173.0,160.0,0.0,0.0
24.1073,0x316,0.0,0.0,1.0,6.25,-8.72,-1.6,19.28125,18.6875,18.84375,18.15625,-173.0,160.0,0.0,0.0
24.10777,0x386,0.0,0.0,1.0,6.25,-8.72,-1.6,19.4375,18.9375,18.78125,18.15625,-173.0,160.0,0.0,0.0
24.11041,0x2B0,0.0,0.0,1.0,6.25,-8.72,-1.6,19.4375,18.9375,18.78125,18.15625,-174.5,152.0,0.0,0.0
24.11682,0x220,0.0,0.0,1.0,6.25,-8.77,-1.61,19.4375,18.9375,18.78125,18.15625,-174.5,152.0,0.0,0.0
24.1173,0x316,0.0,0.0,1.0,6.25,-8.77,-1.61,19.4375,18.9375,18.78125,18.15625,-174.5,152.0,0.0,0.0
24.12043,0x2B0,0.0,0.0,1.0,6.25,-8.77,-1.61,19.4375,18.9375,18.78125,18.15625,-176.0,148.0,0.0,0.0
24.12681,0x220,0.0,0.0,1.0,6.25,-8.88,-1.61,19.4375,18.9375,18.78125,18.15625,-176.0,148.0,0.0,0.0
24.12729,0x316,0.0,0.0,1.0,6.25,-8.88,-1.61,19.4375,18.9375,18.78125,18.15625,-176.0,148.0,0.0,0.0
24.12776,0x386,0.0,0.0,1.0,6.25,-8.88,-1.61,19.4375,18.71875,18.875,18.125,-176.0,148.0,0.0,0.0
24.13045,0x2B0,0.0,0.0,1.0,6.25,-8.88,-1.61,19.4375,18.71875,18.875,18.125,-177.4,144.0,0.0,0.0
24.13683,0x220,0.0,0.0,1.0,6.25,-9.04,-1.59,19.4375,18.71875,18.875,18.125,-177.4,144.0,0.0,0.0
24.13731,0x316,0.0,0.0,1.0,6.25,-9.04,-1.59,19.4375,18.71875,18.875,18.125,-177.4,144.0,0.0,0.0
24.1405,0x2B0,0.0,0.0,1.0,6.25,-9.04,-1.59,19.4375,18.71875,18.875,18.125,-178.8,140.0,0.0,0.0
24.14681,0x220,0.0,0.0,1.0,6.25,-9.2,-1.58,19.4375,18.71875,18.875,18.125,-178.8,140.0,0.0,0.0
24.14729,0x316,0.0,0.0,1.0,6.25,-9.2,-1.58,19.4375,18.71875,18.875,18.125,-178.8,140.0,0.0,0.0
24.14776,0x386,0.0,0.0,1.0,6.25,-9.2,-1.58,19.4375,18.28125,19.0,18.0625,-178.8,140.0,0.0,0.0
24.15046,0x2B0,0.0,0.0,1.0,6.25,-9.2,-1.58,19.4375,18.28125,19.0,18.0625,-180.1,132.0,0.0,0.0
24.15681,0x220,0.0,0.0,1.0,6.25,-9.31,-1.59,19.4375,18.28125,19.0,18.0625,-180.1,132.0,0.0,0.0
24.1573,0x316,0.0,0.0,1.0,6.25,-9.31,-1.59,19.4375,18.28125,19.0,18.0625,-180.1,132.0,0.0,0.0
24.16043,0x2B0,0.0,0.0,1.0,6.25,-9.31,-1.59,19.4375,18.28125,19.0,18.0625,-181.3,124.0,0.0,0.0
24.16681,0x220,0.0,0.0,1.0,6.25,-9.4,-1.62,19.4375,18.28125,19.0,18.0625,-181.3,124.0,0.0,0.0
24.16729,0x316,0.0,0.0,1.0,6.25,-9.4,-1.62,19.4375,18.28125,19.0,18.0625,-181.3,124.0,0.0,0.0
24.16776,0x386,0.0,0.0,1.0,6.25,-9.4,-1.62,19.5,18.46875,18.9375,18.03125,-181.3,124.0,0.0,0.0
24.17047,0x2B0,0.0,0.0,1.0,6.25,-9.4,-1.62,19.5,18.46875,18.9375,18.03125,-182.5,120.0,0.0,0.0
24.17681,0x220,0.0,0.0,1.0,6.25,-9.48,-1.65,19.5,18.46875,18.9375,18.03125,-182.5,120.0,0.0,0.0
24.17729,0x316,0.0,0.0,1.0,6.25,-9.48,-1.65,19.5,18.46875,18.9375,18.03125,-182.5,120.0,0.0,0.0
24.18047,0x2B0,0.0,0.0,1.0,6.25,-9.48,-1.65,19.5,18.46875,18.9375,18.03125,-183.6,112.0,0.0,0.0
24.18681,0x220,0.0,0.0,1.0,6.25,-9.56,-1.66,19.5,18.46875,18.9375,18.03125,-183.6,112.0,0.0,0.0
24.18729,0x316,0.0,0.0,1.0,6.25,-9.56,-1.66,19.5,18.46875,18.9375,18.03125,-183.6,112.0,0.0,0.0
24.18775,0x386,0.0,0.0,1.0,6.25,-9.56,-1.66,19.4375,18.5,18.8125,17.96875,-183.6,112.0,0.0,0.0
24.19046,0x2B0,0.0,0.0,1.0,6.25,-9.56,-1.66,19.4375,18.5,18.8125,17.96875,-184.7,108.0,0.0,0.0
24.19681,0x220,0.0,0.0,1.0,6.25,-9.67,-1.63,19.4375,18.5,18.8125,17.96875,-184.7,108.0,0.0,0.0
24.1973,0x316,0.0,0.0,1.0,6.25,-9.67,-1.63,19.4375,18.5,18.8125,17.96875,-184.7,108.0,0.0,0.0
24.20044,0x2B0,0.0,0.0,1.0,6.25,-9.67,-1.63,19.4375,18.5,18.8125,17.96875,-185.6,100.0,0.0,0.0
24.2068,0x220,0.0,0.0,1.0,6.25,-9.79,-1.63,19.4375,18.5,18.8125,17.96875,-185.6,100.0,0.0,0.0
24.20728,0x316,0.0,0.0,1.0,6.25,-9.79,-1.63,19.4375,18.5,18.8125,17.96875,-185.6,100.0,0.0,0.0
24.20775,0x386,0.0,0.0,1.0,6.25,-9.79,-1.63,19.4375,18.375,18.8125,18.0,-185.6,100.0,0.0,0.0
24.21046,0x2B0,0.0,0.0,1.0,6.25,-9.79,-1.63,19.4375,18.375,18.8125,18.0,-186.6,92.0,0.0,0.0
24.21681,0x220,0.0,0.0,1.0,6.25,-9.93,-1.66,19.4375,18.375,18.8125,18.0,-186.6,92.0,0.0,0.0
24.21729,0x316,0.0,0.0,1.0,6.25,-9.93,-1.66,19.4375,18.375,18.8125,18.0,-186.6,92.0,0.0,0.0
24.22043,0x2B0,0.0,0.0,1.0,6.25,-9.93,-1.66,19.4375,18.375,18.8125,18.0,-187.4,88.0,0.0,0.0
24.22681,0x220,0.0,0.0,1.0,6.25,-10.04,-1.66,19.4375,18.375,18.8125,18.0,-187.4,88.0,0.0,0.0
24.22729,0x316,0.0,0.0,1.0,6.25,-10.04,-1.66,19.4375,18.375,18.8125,18.0,-187.4,88.0,0.0,0.0
24.22775,0x386,0.0,0.0,1.0,6.25,-10.04,-1.66,19.375,18.3125,18.8125,17.96875,-187.4,88.0,0.0,0.0
24.23043,0x2B0,0.0,0.0,1.0,6.25,-10.04,-1.66,19.375,18.3125,18.8125,17.96875,-188.3,84.0,0.0,0.0
24.23684,0x220,0.0,0.0,1.0,6.25,-10.14,-1.61,19.375,18.3125,18.8125,17.96875,-188.3,84.0,0.0,0.0
24.23732,0x316,0.0,0.0,1.0,6.25,-10.14,-1.61,19.375,18.3125,18.8125,17.96875,-188.3,84.0,0.0,0.0
24.24046,0x2B0,0.0,0.0,1.0,6.25,-10.14,-1.61,19.375,18.3125,18.8125,17.96875,-189.1,84.0,0.0,0.0
24.24681,0x220,0.0,0.0,1.0,6.25,-10.21,-1.58,19.375,18.3125,18.8125,17.96875,-189.1,84.0,0.0,0.0
24.24729,0x316,0.0,0.0,1.0,6.25,-10.21,-1.58,19.375,18.3125,18.8125,17.96875,-189.1,84.0,0.0,0.0
24.24776,0x386,0.0,0.0,1.0,6.25,-10.21,-1.58,19.34375,18.625,18.9375,17.90625,-189.1,84.0,0.0,0.0
24.2504,0x2B0,0.0,0.0,1.0,6.25,-10.21,-1.58,19.34375,18.625,18.9375,17.90625,-189.8,72.0,0.0,0.0
24.25682,0x220,0.0,0.0,1.0,6.25,-10.23,-1.6,19.34375,18.625,18.9375,17.90625,-189.8,72.0,0.0,0.0
24.2573,0x316,0.0,0.0,1.0,6.25,-10.23,-1.6,19.34375,18.625,18.9375,17.90625,-189.8,72.0,0.0,0.0
24.26041,0x2B0,0.0,0.0,1.0,6.25,-10.23,-1.6,19.34375,18.625,18.9375,17.90625,-190.5,68.0,0.0,0.0
24.26682,0x220,0.0,0.0,1.0,6.25,-10.27,-1.62,19.34375,18.625,18.9375,17.90625,-190.5,68.0,0.0,0.0
24.2673,0x316,0.0,0.0,1.0,6.25,-10.27,-1.62,19.34375,18.625,18.9375,17.90625,-190.5,68.0,0.0,0.0
24.26777,0x386,0.0,0.0,1.0,6.25,-10.27,-1.62,19.34375,18.46875,18.90625,17.9375,-190.5,68.0,0.0,0.0
24.27046,0x2B0,0.0,0.0,1.0,6.25,-10.27,-1.62,19.34375,18.46875,18.90625,17.9375,-191.2,68.0,0.0,0.0
24.27682,0x220,0.0,0.0,1.0,6.25,-10.32,-1.63,19.34375,18.46875,18.90625,17.9375,-191.2,68.0,0.0,0.0
24.2773,0x316,0.0,0.0,1.0,6.25,-10.32,-1.63,19.34375,18.46875,18.90625,17.9375,-191.2,68.0,0.0,0.0
24.28046,0x2B0,0.0,0.0,1.0,6.25,-10.32,-1.63,19.34375,18.46875,18.90625,17.9375,-191.7,60.0,0.0,0.0
24.28681,0x220,0.0,0.0,1.0,6.25,-10.41,-1.61,19.34375,18.46875,18.90625,17.9375,-191.7,60.0,0.0,0.0
24.2873,0x316,0.0,0.0,1.0,6.25,-10.41,-1.61,19.34375,18.46875,18.90625,17.9375,-191.7,60.0,0.0,0.0
24.28777,0x386,0.0,0.0,1.0,6.25,-10.41,-1.61,19.28125,18.1875,18.9375,17.9375,-191.7,60.0,0.0,0.0
24.29046,0x2B0,0.0,0.0,1.0,6.25,-10.41,-1.61,19.28125,18.1875,18.9375,17.9375,-192.3,52.0,0.0,0.0
24.29681,0x220,0.0,0.0,1.0,6.25,-10.48,-1.64,19.28125,18.1875,18.9375,17.9375,-192.3,52.0,0.0,0.0
24.2973,0x316,0.0,0.0,1.0,6.25,-10.48,-1.64,19.28125,18.1875,18.9375,17.9375,-192.3,52.0,0.0,0.0
24.30046,0x2B0,0.0,0.0,1.0,6.25,-10.48,-1.64,19.28125,18.1875,18.9375,17.9375,-192.8,52.0,0.0,0.0
24.30682,0x220,0.0,0.0,1.0,6.25,-10.53,-1.68,19.28125,18.1875,18.9375,17.9375,-192.8,52.0,0.0,0.0
24.3073,0x316,0.0,0.0,1.0,6.25,-10.53,-1.68,19.28125,18.1875,18.9375,17.9375,-192.8,52.0,0.0,0.0
24.30777,0x386,0.0,0.0,1.0,6.25,-10.53,-1.68,19.34375,18.46875,18.9375,17.90625,-192.8,52.0,0.0,0.0
24.31042,0x2B0,0.0,0.0,1.0,6.25,-10.53,-1.68,19.34375,18.46875,18.9375,17.90625,-193.3,48.0,0.0,0.0
24.31682,0x220,0.0,0.0,1.0,6.25,-10.62,-1.69,19.34375,18.46875,18.9375,17.90625,-193.3,48.0,0.0,0.0
24.3173,0x316,0.0,0.0,1.0,6.25,-10.62,-1.69,19.34375,18.46875,18.9375,17.90625,-193.3,48.0,0.0,0.0
24.32042,0x2B0,0.0,0.0,1.0,6.25,-10.62,-1.69,19.34375,18.46875,18.9375,17.90625,-193.7,44.0,0.0,0.0
24.32681,0x220,0.0,0.0,1.0,6.25,-10.69,-1.67,19.34375,18.46875,18.9375,17.90625,-193.7,44.0,0.0,0.0
24.32729,0x316,0.0,0.0,1.0,6.25,-10.69,-1.67,19.34375,18.46875,18.9375,17.90625,-193.7,44.0,0.0,0.0
24.32775,0x386,0.0,0.0,1.0,6.25,-10.69,-1.67,19.375,18.21875,18.90625,17.875,-193.7,44.0,0.0,0.0
24.33043,0x2B0,0.0,0.0,1.0,6.25,-10.69,-1.67,19.375,18.21875,18.90625,17.875,-194.2,44.0,0.0,0.0
24.33683,0x220,0.0,0.0,1.0,6.25,-10.74,-1.64,19.375,18.21875,18.90625,17.875,-194.2,44.0,0.0,0.0
24.33731,0x316,0.0,0.0,1.0,6.25,-10.74,-1.64,19.375,18.21875,18.90625,17.875,-194.2,44.0,0.0,0.0
24.3405,0x2B0,0.0,0.0,1.0,6.25,-10.74,-1.64,19.375,18.21875,18.90625,17.875,-194.6,44.0,0.0,0.0
24.34681,0x220,0.0,0.0,1.0,6.25,-10.82,-1.62,19.375,18.21875,18.90625,17.875,-194.6,44.0,0.0,0.0
24.34729,0x316,0.0,0.0,1.0,6.25,-10.82,-1.62,19.375,18.21875,18.90625,17.875,-194.6,44.0,0.0,0.0
24.34775,0x386,0.0,0.0,1.0,6.25,-10.82,-1.62,19.21875,18.15625,18.875,17.8125,-194.6,44.0,0.0,0.0
24.35044,0x2B0,0.0,0.0,1.0,6.25,-10.82,-1.62,19.21875,18.15625,18.875,17.8125,-194.9,32.0,0.0,0.0
24.35682,0x220,0.0,0.0,1.0,6.25,-10.89,-1.61,19.21875,18.15625,18.875,17.8125,-194.9,32.0,0.0,0.0
24.3573,0x316,0.0,0.0,1.0,6.25,-10.89,-1.61,19.21875,18.15625,18.875,17.8125,-194.9,32.0,0.0,0.0
24.36043,0x2B0,0.0,0.0,1.0,6.25,-10.89,-1.61,19.21875,18.15625,18.875,17.8125,-195.3,32.0,0.0,0.0
24.36682,0x220,0.0,0.0,1.0,6.25,-10.92,-1.61,19.21875,18.15625,18.875,17.8125,-195.3,32.0,0.0,0.0
24.3673,0x316,0.0,0.0,1.0,6.25,-10.92,-1.61,19.21875,18.15625,18.875,17.8125,-195.3,32.0,0.0,0.0
24.36777,0x386,0.0,0.0,1.0,6.25,-10.92,-1.61,19.34375,18.59375,18.78125,17.84375,-195.3,32.0,0.0,0.0
24.37044,0x2B0,0.0,0.0,1.0,6.25,-10.92,-1.61,19.34375,18.59375,18.78125,17.84375,-195.6,32.0,0.0,0.0
24.37682,0x220,0.0,0.0,1.0,6.25,-10.97,-1.62,19.34375,18.59375,18.78125,17.84375,-195.6,32.0,0.0,0.0
24.3773,0x316,0.0,0.0,1.0,6.25,-10.97,-1.62,19.34375,18.59375,18.78125,17.84375,-195.6,32.0,0.0,0.0
24.38044,0x2B0,0.0,0.0,1.0,6.25,-10.97,-1.62,19.34375,18.59375,18.78125,17.84375,-195.9,28.0,0.0,0.0
24.38658,0x220,0.0,0.0,1.0,6.25,-11.02,-1.64,19.34375,18.59375,18.78125,17.84375,-195.9,28.0,0.0,0.0
24.38729,0x316,0.0,0.0,1.0,6.25,-11.02,-1.64,19.34375,18.59375,18.78125,17.84375,-195.9,28.0,0.0,0.0
24.38776,0x386,0.0,0.0,1.0,6.25,-11.02,-1.64,19.3125,17.75,18.78125,17.78125,-195.9,28.0,0.0,0.0
24.39042,0x2B0,0.0,0.0,1.0,6.25,-11.02,-1.64,19.3125,17.75,18.78125,17.78125,-196.2,28.0,0.0,0.0
24.39658,0x220,0.0,0.0,1.0,6.25,-11.09,-1.61,19.3125,17.75,18.78125,17.78125,-196.2,28.0,0.0,0.0
24.3973,0x316,0.0,0.0,1.0,6.25,-11.09,-1.61,19.3125,17.75,18.78125,17.78125,-196.2,28.0,0.0,0.0
24.40042,0x2B0,0.0,0.0,1.0,6.25,-11.09,-1.61,19.3125,17.75,18.78125,17.78125,-196.4,24.0,0.0,0.0
24.40658,0x220,0.0,0.0,1.0,6.25,-11.19,-1.56,19.3125,17.75,18.78125,17.78125,-196.4,24.0,0.0,0.0
24.40729,0x316,0.0,0.0,1.0,6.25,-11.19,-1.56,19.3125,17.75,18.78125,17.78125,-196.4,24.0,0.0,0.0
24.40776,0x386,0.0,0.0,1.0,6.25,-11.19,-1.56,19.25,18.4375,18.75,17.8125,-196.4,24.0,0.0,0.0
24.41043,0x2B0,0.0,0.0,1.0,6.25,-11.19,-1.56,19.25,18.4375,18.75,17.8125,-196.5,12.0,0.0,0.0
24.41658,0x220,0.0,0.0,1.0,6.25,-11.26,-1.53,19.25,18.4375,18.75,17.8125,-196.5,12.0,0.0,0.0
24.4173,0x316,0.0,0.0,1.0,6.25,-11.26,-1.53,19.25,18.4375,18.75,17.8125,-196.5,12.0,0.0,0.0
24.42045,0x2B0,0.0,0.0,1.0,6.25,-11.26,-1.53,19.25,18.4375,18.75,17.8125,-196.5,0.0,0.0,0.0
24.42658,0x220,0.0,0.0,1.0,6.25,-11.26,-1.5,19.25,18.4375,18.75,17.8125,-196.5,0.0,0.0,0.0
24.42729,0x316,0.0,0.0,1.0,6.25,-11.26,-1.5,19.25,18.4375,18.75,17.8125,-196.5,0.0,0.0,0.0
24.42776,0x386,0.0,0.0,1.0,6.25,-11.26,-1.5,19.34375,18.78125,18.78125,17.78125,-196.5,0.0,0.0,0.0
24.43042,0x2B0,0.0,0.0,1.0,6.25,-11.26,-1.5,19.34375,18.78125,18.78125,17.78125,-196.7,8.0,0.0,0.0
24.43659,0x220,0.0,0.0,1.0,6.25,-11.24,-1.48,19.34375,18.78125,18.78125,17.78125,-196.7,8.0,0.0,0.0
24.43731,0x316,0.0,0.0,1.0,6.25,-11.24,-1.48,19.34375,18.78125,18.78125,17.78125,-196.7,8.0,0.0,0.0
24.44046,0x2B0,0.0,0.0,1.0,6.25,-11.24,-1.48,19.34375,18.78125,18.78125,17.78125,-196.7,8.0,0.0,0.0
24.44658,0x220,0.0,0.0,1.0,6.25,-11.26,-1.47,19.34375,18.78125,18.78125,17.78125,-196.7,8.0,0.0,0.0
24.4473,0x316,0.0,0.0,1.0,6.25,-11.26,-1.47,19.34375,18.78125,18.78125,17.78125,-196.7,8.0,0.0,0.0
24.44777,0x386,0.0,0.0,1.0,6.25,-11.26,-1.47,19.4375,17.8125,18.6875,17.71875,-196.7,8.0,0.0,0.0
24.45036,0x2B0,0.0,0.0,1.0,6.25,-11.26,-1.47,19.4375,17.8125,18.6875,17.71875,-196.7,0.0,0.0,0.0
24.45658,0x220,0.0,0.0,1.0,6.25,-11.29,-1.46,19.4375,17.8125,18.6875,17.71875,-196.7,0.0,0.0,0.0
24.45731,0x316,0.0,0.0,1.0,6.25,-11.29,-1.46,19.4375,17.8125,18.6875,17.71875,-196.7,0.0,0.0,0.0
24.46036,0x2B0,0.0,0.0,1.0,6.25,-11.29,-1.46,19.4375,17.8125,18.6875,17.71875,-196.7,0.0,0.0,0.0
24.46658,0x220,0.0,0.0,1.0,6.25,-11.32,-1.45,19.4375,17.8125,18.6875,17.71875,-196.7,0.0,0.0,0.0
24.46731,0x316,0.0,0.0,1.0,6.25,-11.32,-1.45,19.4375,17.8125,18.6875,17.71875,-196.7,0.0,0.0,0.0
24.46778,0x386,0.0,0.0,1.0,6.25,-11.32,-1.45,19.28125,17.9375,18.71875,17.71875,-196.7,0.0,0.0,0.0
24.47036,0x2B0,0.0,0.0,1.0,6.25,-11.32,-1.45,19.28125,17.9375,18.71875,17.71875,-196.7,0.0,0.0,0.0
24.47658,0x220,0.0,0.0,1.0,6.25,-11.36,-1.41,19.28125,17.9375,18.71875,17.71875,-196.7,0.0,0.0,0.0
24.4773,0x316,0.0,0.0,1.0,6.25,-11.36,-1.41,19.28125,17.9375,18.71875,17.71875,-196.7,0.0,0.0,0.0
24.48042,0x2B0,0.0,0.0,1.0,6.25,-11.36,-1.41,19.28125,17.9375,18.71875,17.71875,-196.7,0.0,0.0,0.0
24.48657,0x220,0.0,0.0,1.0,6.25,-11.38,-1.35,19.28125,17.9375,18.71875,17.71875,-196.7,0.0,0.0,0.0
24.48729,0x316,0.0,0.0,1.0,6.25,-11.38,-1.35,19.28125,17.9375,18.71875,17.71875,-196.7,0.0,0.0,0.0
24.48776,0x386,0.0,0.0,1.0,6.25,-11.38,-1.35,19.15625,18.625,18.8125,17.71875,-196.7,0.0,0.0,0.0
24.49043,0x2B0,0.0,0.0,1.0,6.25,-11.38,-1.35,19.15625,18.625,18.8125,17.71875,-196.8,0.0,0.0,0.0
24.49658,0x220,0.0,0.0,1.0,6.25,-11.38,-1.33,19.15625,18.625,18.8125,17.71875,-196.8,0.0,0.0,0.0
24.49729,0x316,0.0,0.0,1.0,6.25,-11.38,-1.33,19.15625,18.625,18.8125,17.71875,-196.8,0.0,0.0,0.0
24.50043,0x2B0,0.0,0.0,1.0,6.25,-11.38,-1.33,19.15625,18.625,18.8125,17.71875,-196.8,0.0,0.0,0.0
24.50658,0x220,0.0,0.0,1.0,6.25,-11.36,-1.35,19.15625,18.625,18.8125,17.71875,-196.8,0.0,0.0,0.0
24.50731,0x316,0.0,0.0,1.0,6.25,-11.36,-1.35,19.15625,18.625,18.8125,17.71875,-196.8,0.0,0.0,0.0
24.50777,0x386,0.0,0.0,1.0,6.25,-11.36,-1.35,19.375,18.28125,18.75,17.71875,-196.8,0.0,0.0,0.0
24.51044,0x2B0,0.0,0.0,1.0,6.25,-11.36,-1.35,19.375,18.28125,18.75,17.71875,-197.0,8.0,0.0,0.0
24.51659,0x220,0.0,0.0,1.0,6.25,-11.33,-1.33,19.375,18.28125,18.75,17.71875,-197.0,8.0,0.0,0.0
24.51731,0x316,0.0,0.0,1.0,6.25,-11.33,-1.33,19.375,18.28125,18.75,17.71875,-197.0,8.0,0.0,0.0
24.52043,0x2B0,0.0,0.0,1.0,6.25,-11.33,-1.33,19.375,18.28125,18.75,17.71875,-197.0,8.0,0.0,0.0
24.52658,0x220,0.0,0.0,1.0,6.25,-11.35,-1.27,19.375,18.28125,18.75,17.71875,-197.0,8.0,0.0,0.0
24.5273,0x316,0.0,0.0,1.0,6.25,-11.35,-1.27,19.375,18.28125,18.75,17.71875,-197.0,8.0,0.0,0.0
24.52777,0x386,0.0,0.0,1.0,6.25,-11.35,-1.27,19.3125,17.53125,18.65625,17.6875,-197.0,8.0,0.0,0.0
24.53043,0x2B0,0.0,0.0,1.0,6.25,-11.35,-1.27,19.3125,17.53125,18.65625,17.6875,-197.2,8.0,0.0,0.0
24.53661,0x220,0.0,0.0,1.0,6.25,-11.43,-1.22,19.3125,17.53125,18.65625,17.6875,-197.2,8.0,0.0,0.0
24.53732,0x316,0.0,0.0,1.0,6.25,-11.43,-1.22,19.3125,17.53125,18.65625,17.6875,-197.2,8.0,0.0,0.0
24.54049,0x2B0,0.0,0.0,1.0,6.25,-11.43,-1.22,19.3125,17.53125,18.65625,17.6875,-197.2,8.0,0.0,0.0
24.54659,0x220,0.0,0.0,1.0,6.25,-11.49,-1.18,19.3125,17.53125,18.65625,17.6875,-197.2,8.0,0.0,0.0
24.54731,0x316,0.0,0.0,1.0,6.25,-11.49,-1.18,19.3125,17.53125,18.65625,17.6875,-197.2,8.0,0.0,0.0
24.54777,0x386,0.0,0.0,1.0,6.25,-11.49,-1.18,19.21875,18.0625,18.71875,17.6875,-197.2,8.0,0.0,0.0
24.55044,0x2B0,0.0,0.0,1.0,6.25,-11.49,-1.18,19.21875,18.0625,18.71875,17.6875,-197.4,8.0,0.0,0.0
24.55658,0x220,0.0,0.0,1.0,6.25,-11.47,-1.16,19.21875,18.0625,18.71875,17.6875,-197.4,8.0,0.0,0.0
24.5573,0x316,0.0,0.0,1.0,6.25,-11.47,-1.16,19.21875,18.0625,18.71875,17.6875,-197.4,8.0,0.0,0.0
24.56043,0x2B0,0.0,0.0,1.0,6.25,-11.47,-1.16,19.21875,18.0625,18.71875,17.6875,-197.4,8.0,0.0,0.0
24.56659,0x220,0.0,0.0,1.0,6.25,-11.42,-1.14,19.21875,18.0625,18.71875,17.6875,-197.4,8.0,0.0,0.0
24.56731,0x316,0.0,0.0,1.0,6.25,-11.42,-1.14,19.21875,18.0625,18.71875,17.6875,-197.4,8.0,0.0,0.0
24.56778,0x386,0.0,0.0,1.0,6.25,-11.42,-1.14,19.375,18.40625,18.75,17.75,-197.4,8.0,0.0,0.0
24.57041,0x2B0,0.0,0.0,1.0,6.25,-11.42,-1.14,19.375,18.40625,18.75,17.75,-197.5,0.0,0.0,0.0
24.57658,0x220,0.0,0.0,1.0,6.25,-11.39,-1.09,19.375,18.40625,18.75,17.75,-197.5,0.0,0.0,0.0
24.5773,0x316,0.0,0.0,1.0,6.25,-11.39,-1.09,19.375,18.40625,18.75,17.75,-197.5,0.0,0.0,0.0
24.58045,0x2B0,0.0,0.0,1.0,6.25,-11.39,-1.09,19.375,18.40625,18.75,17.75,-197.5,0.0,0.0,0.0
24.58659,0x220,0.0,0.0,1.0,6.25,-11.36,-1.04,19.375,18.40625,18.75,17.75,-197.5,0.0,0.0,0.0
24.5873,0x316,0.0,0.0,1.0,6.25,-11.36,-1.04,19.375,18.40625,18.75,17.75,-197.5,0.0,0.0,0.0
24.58777,0x386,0.0,0.0,1.0,6.25,-11.36,-1.04,19.15625,18.0,18.71875,17.71875,-197.5,0.0,0.0,0.0
24.59043,0x2B0,0.0,0.0,1.0,6.25,-11.36,-1.04,19.15625,18.0,18.71875,17.71875,-197.5,0.0,0.0,0.0
24.59659,0x220,0.0,0.0,1.0,6.25,-11.34,-1.07,19.15625,18.0,18.71875,17.71875,-197.5,0.0,0.0,0.0
24.59731,0x316,0.0,0.0,1.0,6.25,-11.34,-1.07,19.15625,18.0,18.71875,17.71875,-197.5,0.0,0.0,0.0
24.60041,0x2B0,0.0,0.0,1.0,6.25,-11.34,-1.07,19.15625,18.0,18.71875,17.71875,-197.6,0.0,0.0,0.0
24.60659,0x220,0.0,0.0,1.0,6.25,-11.33,-1.16,19.15625,18.0,18.71875,17.71875,-197.6,0.0,0.0,0.0
24.60731,0x316,0.0,0.0,1.0,6.25,-11.33,-1.16,19.15625,18.0,18.71875,17.71875,-197.6,0.0,0.0,0.0
24.60778,0x386,0.0,0.0,1.0,6.25,-11.33,-1.16,19.125,18.375,18.75,17.6875,-197.6,0.0,0.0,0.0
24.61042,0x2B0,0.0,0.0,1.0,6.25,-11.33,-1.16,19.125,18.375,18.75,17.6875,-197.6,0.0,0.0,0.0
24.61659,0x220,0.0,0.0,1.0,6.25,-11.35,-1.23,19.125,18.375,18.75,17.6875,-197.6,0.0,0.0,0.0
24.61731,0x316,0.0,0.0,1.0,6.25,-11.35,-1.23,19.125,18.375,18.75,17.6875,-197.6,0.0,0.0,0.0
24.62042,0x2B0,0.0,0.0,1.0,6.25,-11.35,-1.23,19.125,18.375,18.75,17.6875,-197.8,8.0,0.0,0.0
24.62659,0x220,0.0,0.0,1.0,6.25,-11.36,-1.26,19.125,18.375,18.75,17.6875,-197.8,8.0,0.0,0.0
24.62731,0x316,0.0,0.0,1.0,6.25,-11.36,-1.26,19.125,18.375,18.75,17.6875,-197.8,8.0,0.0,0.0
24.62778,0x386,0.0,0.0,1.0,6.25,-11.36,-1.26,19.3125,18.8125,18.84375,17.6875,-197.8,8.0,0.0,0.0
24.63044,0x2B0,0.0,0.0,1.0,6.25,-11.36,-1.26,19.3125,18.8125,18.84375,17.6875,-197.8,8.0,0.0,0.0
24.63661,0x220,0.0,0.0,1.0,6.25,-11.33,-1.25,19.3125,18.8125,18.84375,17.6875,-197.8,8.0,0.0,0.0
24.63733,0x316,0.0,0.0,1.0,6.25,-11.33,-1.25,19.3125,18.8125,18.84375,17.6875,-197.8,8.0,0.0,0.0
24.64043,0x2B0,0.0,0.0,1.0,6.25,-11.33,-1.25,19.3125,18.8125,18.84375,17.6875,-197.8,0.0,0.0,0.0
24.64658,0x220,0.0,0.0,1.0,6.25,-11.27,-1.23,19.3125,18.8125,18.84375,17.6875,-197.8,0.0,0.0,0.0
24.6473,0x316,0.0,0.0,1.0,6.25,-11.27,-1.23,19.3125,18.8125,18.84375,17.6875,-197.8,0.0,0.0,0.0
24.64777,0x386,0.0,0.0,1.0,6.25,-11.27,-1.23,19.1875,17.625,18.8125,17.71875,-197.8,0.0,0.0,0.0
24.65042,0x2B0,0.0,0.0,1.0,6.25,-11.27,-1.23,19.1875,17.625,18.8125,17.71875,-197.9,0.0,0.0,0.0
24.65658,0x220,0.0,0.0,1.0,6.25,-11.27,-1.22,19.1875,17.625,18.8125,17.71875,-197.9,0.0,0.0,0.0
24.6573,0x316,0.0,0.0,1.0,6.25,-11.27,-1.22,19.1875,17.625,18.8125,17.71875,-197.9,0.0,0.0,0.0
24.66044,0x2B0,0.0,0.0,1.0,6.25,-11.27,-1.22,19.1875,17.625,18.8125,17.71875,-197.9,0.0,0.0,0.0
24.66659,0x220,0.0,0.0,1.0,6.25,-11.25,-1.2,19.1875,17.625,18.8125,17.71875,-197.9,0.0,0.0,0.0
24.66732,0x316,0.0,0.0,1.0,6.25,-11.25,-1.2,19.1875,17.625,18.8125,17.71875,-197.9,0.0,0.0,0.0
24.66778,0x386,0.0,0.0,1.0,6.25,-11.25,-1.2,19.03125,17.4375,18.71875,17.65625,-197.9,0.0,0.0,0.0
24.67041,0x2B0,0.0,0.0,1.0,6.25,-11.25,-1.2,19.03125,17.4375,18.71875,17.65625,-197.9,0.0,0.0,0.0
24.67659,0x220,0.0,0.0,1.0,6.25,-11.22,-1.2,19.03125,17.4375,18.71875,17.65625,-197.9,0.0,0.0,0.0
24.67731,0x316,0.0,0.0,1.0,6.25,-11.22,-1.2,19.03125,17.4375,18.71875,17.65625,-197.9,0.0,0.0,0.0
24.68043,0x2B0,0.0,0.0,1.0,6.25,-11.22,-1.2,19.03125,17.4375,18.71875,17.65625,-198.0,0.0,0.0,0.0
24.68658,0x220,0.0,0.0,1.0,6.25,-11.22,-1.25,19.03125,17.4375,18.71875,17.65625,-198.0,0.0,0.0,0.0
24.6873,0x316,0.0,0.0,1.0,6.25,-11.22,-1.25,19.03125,17.4375,18.71875,17.65625,-198.0,0.0,0.0,0.0
24.68777,0x386,0.0,0.0,1.0,6.25,-11.22,-1.25,19.53125,18.15625,18.6875,17.6875,-198.0,0.0,0.0,0.0
24.69038,0x2B0,0.0,0.0,1.0,6.25,-11.22,-1.25,19.53125,18.15625,18.6875,17.6875,-198.0,0.0,0.0,0.0
24.69659,0x220,0.0,0.0,1.0,6.25,-11.27,-1.32,19.53125,18.15625,18.6875,17.6875,-198.0,0.0,0.0,0.0
24.6973,0x316,0.0,0.0,1.0,6.25,-11.27,-1.32,19.53125,18.15625,18.6875,17.6875,-198.0,0.0,0.0,0.0
24.70041,0x2B0,0.0,0.0,1.0,6.25,-11.27,-1.32,19.53125,18.15625,18.6875,17.6875,-198.0,0.0,0.0,0.0
24.70659,0x220,0.0,0.0,1.0,6.25,-11.35,-1.34,19.53125,18.15625,18.6875,17.6875,-198.0,0.0,0.0,0.0
24.70731,0x316,0.0,0.0,1.0,6.25,-11.35,-1.34,19.53125,18.15625,18.6875,17.6875,-198.0,0.0,0.0,0.0
24.70777,0x386,0.0,0.0,1.0,6.25,-11.35,-1.34,19.53125,17.78125,18.65625,17.65625,-198.0,0.0,0.0,0.0
24.71042,0x2B0,0.0,0.0,1.0,6.25,-11.35,-1.34,19.53125,17.78125,18.65625,17.65625,-198.0,0.0,0.0,0.0
24.71659,0x220,0.0,0.0,1.0,6.25,-11.4,-1.22,19.53125,17.78125,18.65625,17.65625,-198.0,0.0,0.0,0.0
24.71756,0x316,0.0,0.0,1.0,6.25,-11.4,-1.22,19.53125,17.78125,18.65625,17.65625,-198.0,0.0,0.0,0.0
24.72042,0x2B0,0.0,0.0,1.0,6.25,-11.4,-1.22,19.53125,17.78125,18.65625,17.65625,-198.1,0.0,0.0,0.0
24.72658,0x220,0.0,0.0,1.0,6.25,-11.43,-1.14,19.53125,17.78125,18.65625,17.65625,-198.1,0.0,0.0,0.0
24.7273,0x316,0.0,0.0,1.0,6.25,-11.43,-1.14,19.53125,17.78125,18.65625,17.65625,-198.1,0.0,0.0,0.0
24.72777,0x386,0.0,0.0,1.0,6.25,-11.43,-1.14,18.96875,17.6875,18.59375,17.65625,-198.1,0.0,0.0,0.0
24.73037,0x2B0,0.0,0.0,1.0,6.25,-11.43,-1.14,18.96875,17.6875,18.59375,17.65625,-198.1,0.0,0.0,0.0
24.73661,0x220,0.0,0.0,1.0,6.25,-11.48,-1.25,18.96875,17.6875,18.59375,17.65625,-198.1,0.0,0.0,0.0
24.73732,0x316,0.0,0.0,1.0,6.25,-11.48,-1.25,18.96875,17.6875,18.59375,17.65625,-198.1,0.0,0.0,0.0
24.7405,0x2B0,0.0,0.0,1.0,6.25,-11.48,-1.25,18.96875,17.6875,18.59375,17.65625,-198.1,0.0,0.0,0.0
24.74659,0x220,0.0,0.0,1.0,6.25,-11.49,-1.26,18.96875,17.6875,18.59375,17.65625,-198.1,0.0,0.0,0.0
24.74731,0x316,0.0,0.0,1.0,6.25,-11.49,-1.26,18.96875,17.6875,18.59375,17.65625,-198.1,0.0,0.0,0.0
24.74778,0x386,0.0,0.0,1.0,6.25,-11.49,-1.26,19.625,18.40625,18.53125,17.625,-198.1,0.0,0.0,0.0
24.75039,0x2B0,0.0,0.0,1.0,6.25,-11.49,-1.26,19.625,18.40625,18.53125,17.625,-198.1,0.0,0.0,0.0
24.7566,0x220,0.0,0.0,1.0,6.25,-11.48,-1.15,19.625,18.40625,18.53125,17.625,-198.1,0.0,0.0,0.0
24.75732,0x316,0.0,0.0,1.0,6.25,-11.48,-1.15,19.625,18.40625,18.53125,17.625,-198.1,0.0,0.0,0.0
24.76038,0x2B0,0.0,0.0,1.0,6.25,-11.48,-1.15,19.625,18.40625,18.53125,17.625,-198.1,0.0,0.0,0.0
24.7666,0x220,0.0,0.0,1.0,6.25,-11.37,-1.08,19.625,18.40625,18.53125,17.625,-198.1,0.0,0.0,0.0
24.76731,0x316,0.0,0.0,1.0,6.25,-11.37,-1.08,19.625,18.40625,18.53125,17.625,-198.1,0.0,0.0,0.0
24.76778,0x386,0.0,0.0,1.0,6.25,-11.37,-1.08,19.15625,17.90625,18.53125,17.65625,-198.1,0.0,0.0,0.0
24.77038,0x2B0,0.0,0.0,1.0,6.25,-11.37,-1.08,19.15625,17.90625,18.53125,17.65625,-198.1,0.0,0.0,0.0
24.77659,0x220,0.0,0.0,1.0,6.25,-11.25,-1.21,19.15625,17.90625,18.53125,17.65625,-198.1,0.0,0.0,0.0
24.77731,0x316,0.0,0.0,1.0,6.25,-11.25,-1.21,19.15625,17.90625,18.53125,17.65625,-198.1,0.0,0.0,0.0
24.78042,0x2B0,0.0,0.0,1.0,6.25,-11.25,-1.21,19.15625,17.90625,18.53125,17.65625,-198.1,0.0,0.0,0.0
24.78659,0x220,0.0,0.0,1.0,6.25,-11.29,-1.38,19.15625,17.90625,18.53125,17.65625,-198.1,0.0,0.0,0.0
24.78732,0x316,0.0,0.0,1.0,6.25,-11.29,-1.38,19.15625,17.90625,18.53125,17.65625,-198.1,0.0,0.0,0.0
24.78779,0x386,0.0,0.0,1.0,6.25,-11.29,-1.38,19.0,18.28125,18.5625,17.625,-198.1,0.0,0.0,0.0
24.79043,0x2B0,0.0,0.0,1.0,6.25,-11.29,-1.38,19.0,18.28125,18.5625,17.625,-198.1,0.0,0.0,0.0
24.79659,0x220,0.0,0.0,1.0,6.25,-11.44,-1.36,19.0,18.28125,18.5625,17.625,-198.1,0.0,0.0,0.0
24.79731,0x316,0.0,0.0,1.0,6.25,-11.44,-1.36,19.0,18.28125,18.5625,17.625,-198.1,0.0,0.0,0.0
24.80037,0x2B0,0.0,0.0,1.0,6.25,-11.44,-1.36,19.0,18.28125,18.5625,17.625,-198.1,0.0,0.0,0.0
24.80659,0x220,0.0,0.0,1.0,6.25,-11.55,-1.11,19.0,18.28125,18.5625,17.625,-198.1,0.0,0.0,0.0
24.80731,0x316,0.0,0.0,1.0,6.25,-11.55,-1.11,19.0,18.28125,18.5625,17.625,-198.1,0.0,0.0,0.0
24.80778,0x386,0.0,0.0,1.0,6.25,-11.55,-1.11,19.4375,17.8125,18.625,17.5625,-198.1,0.0,0.0,0.0
24.81038,0x2B0,0.0,0.0,1.0,6.25,-11.55,-1.11,19.4375,17.8125,18.625,17.5625,-198.1,0.0,0.0,0.0
24.81659,0x220,0.0,0.0,1.0,6.25,-11.59,-0.98,19.4375,17.8125,18.625,17.5625,-198.1,0.0,0.0,0.0
24.81731,0x316,0.0,0.0,1.0,6.25,-11.59,-0.98,19.4375,17.8125,18.625,17.5625,-198.1,0.0,0.0,0.0
24.82038,0x2B0,0.0,0.0,1.0,6.25,-11.59,-0.98,19.4375,17.8125,18.625,17.5625,-198.1,0.0,0.0,0.0
24.82659,0x220,0.0,0.0,1.0,6.25,-11.61,-1.07,19.4375,17.8125,18.625,17.5625,-198.1,0.0,0.0,0.0
24.82732,0x316,0.0,0.0,1.0,6.25,-11.61,-1.07,19.4375,17.8125,18.625,17.5625,-198.1,0.0,0.0,0.0
24.82779,0x386,0.0,0.0,1.0,6.25,-11.61,-1.07,19.5,18.1875,18.65625,17.5625,-198.1,0.0,0.0,0.0
24.83037,0x2B0,0.0,0.0,1.0,6.25,-11.61,-1.07,19.5,18.1875,18.65625,17.5625,-198.1,0.0,0.0,0.0
24.83662,0x220,0.0,0.0,1.0,6.25,-11.57,-1.2,19.5,18.1875,18.65625,17.5625,-198.1,0.0,0.0,0.0
24.83734,0x316,0.0,0.0,1.0,6.25,-11.57,-1.2,19.5,18.1875,18.65625,17.5625,-198.1,0.0,0.0,0.0
24.84045,0x2B0,0.0,0.0,1.0,6.25,-11.57,-1.2,19.5,18.1875,18.65625,17.5625,-198.1,0.0,0.0,0.0
24.84659,0x220,0.0,0.0,1.0,6.25,-11.52,-1.2,19.5,18.1875,18.65625,17.5625,-198.1,0.0,0.0,0.0
24.84731,0x316,0.0,0.0,1.0,6.25,-11.52,-1.2,19.5,18.1875,18.65625,17.5625,-198.1,0.0,0.0,0.0
24.84778,0x386,0.0,0.0,1.0,6.25,-11.52,-1.2,19.125,17.25,18.5625,17.53125,-198.1,0.0,0.0,0.0
24.85037,0x2B0,0.0,0.0,1.0,6.25,-11.52,-1.2,19.125,17.25,18.5625,17.53125,-198.1,0.0,0.0,0.0
24.85659,0x220,0.0,0.0,1.0,6.25,-11.47,-1.11,19.125,17.25,18.5625,17.53125,-198.1,0.0,0.0,0.0
24.85731,0x316,0.0,0.0,1.0,6.25,-11.47,-1.11,19.125,17.25,18.5625,17.53125,-198.1,0.0,0.0,0.0
24.86042,0x2B0,0.0,0.0,1.0,6.25,-11.47,-1.11,19.125,17.25,18.5625,17.53125,-198.1,0.0,0.0,0.0
24.86659,0x220,0.0,0.0,1.0,6.25,-11.45,-1.06,19.125,17.25,18.5625,17.53125,-198.1,0.0,0.0,0.0
24.86731,0x316,0.0,0.0,1.0,6.25,-11.45,-1.06,19.125,17.25,18.5625,17.53125,-198.1,0.0,0.0,0.0
24.86778,0x386,0.0,0.0,1.0,6.25,-11.45,-1.06,18.875,18.78125,18.5,17.625,-198.1,0.0,0.0,0.0
24.87036,0x2B0,0.0,0.0,1.0,6.25,-11.45,-1.06,18.875,18.78125,18.5,17.625,-198.1,0.0,0.0,0.0
24.87659,0x220,0.0,0.0,1.0,6.25,-11.45,-1.07,18.875,18.78125,18.5,17.625,-198.1,0.0,0.0,0.0
24.87731,0x316,0.0,0.0,1.0,6.25,-11.45,-1.07,18.875,18.78125,18.5,17.625,-198.1,0.0,0.0,0.0
24.88037,0x2B0,0.0,0.0,1.0,6.25,-11.45,-1.07,18.875,18.78125,18.5,17.625,-198.1,0.0,0.0,0.0
24.88659,0x220,0.0,0.0,1.0,6.25,-11.45,-1.09,18.875,18.78125,18.5,17.625,-198.1,0.0,0.0,0.0
24.8873,0x316,0.0,0.0,1.0,6.25,-11.45,-1.09,18.875,18.78125,18.5,17.625,-198.1,0.0,0.0,2.0
24.88778,0x386,0.0,0.0,1.0,6.25,-11.45,-1.09,19.1875,17.5,18.59375,17.53125,-198.1,0.0,0.0,2.0
24.89043,0x2B0,0.0,0.0,1.0,6.25,-11.45,-1.09,19.1875,17.5,18.59375,17.53125,-198.1,0.0,0.0,2.0
24.89659,0x220,0.0,0.0,1.0,6.25,-11.47,-1.08,19.1875,17.5,18.59375,17.53125,-198.1,0.0,0.0,2.0
24.89731,0x316,0.0,0.0,1.0,6.25,-11.47,-1.08,19.1875,17.5,18.59375,17.53125,-198.1,0.0,0.0,3.0
24.90037,0x2B0,0.0,0.0,1.0,6.25,-11.47,-1.08,19.1875,17.5,18.59375,17.53125,-198.1,0.0,0.0,3.0
24.90659,0x220,0.0,0.0,1.0,6.25,-11.47,-1.06,19.1875,17.5,18.59375,17.53125,-198.1,0.0,0.0,3.0
24.90732,0x316,0.0,0.0,1.0,6.25,-11.47,-1.06,19.1875,17.5,18.59375,17.53125,-198.1,0.0,0.0,5.0
24.90779,0x386,0.0,0.0,1.0,6.25,-11.47,-1.06,19.0625,17.96875,18.625,17.53125,-198.1,0.0,0.0,5.0
24.91042,0x2B0,0.0,0.0,1.0,6.25,-11.47,-1.06,19.0625,17.96875,18.625,17.53125,-198.1,0.0,0.0,5.0
24.91659,0x220,0.0,0.0,1.0,6.25,-11.39,-1.02,19.0625,17.96875,18.625,17.53125,-198.1,0.0,0.0,5.0
24.91731,0x316,0.0,0.0,1.0,6.25,-11.39,-1.02,19.0625,17.96875,18.625,17.53125,-198.1,0.0,0.0,6.0
24.92035,0x2B0,0.0,0.0,1.0,6.25,-11.39,-1.02,19.0625,17.96875,18.625,17.53125,-198.1,0.0,0.0,6.0
24.92659,0x220,0.0,0.0,1.0,6.25,-11.28,-0.98,19.0625,17.96875,18.625,17.53125,-198.1,0.0,0.0,6.0
24.9273,0x316,0.0,0.0,1.0,6.25,-11.28,-0.98,19.0625,17.96875,18.625,17.53125,-198.1,0.0,0.0,6.0
24.92778,0x386,0.0,0.0,1.0,6.25,-11.28,-0.98,18.84375,18.09375,18.65625,17.5,-198.1,0.0,0.0,6.0
24.93035,0x2B0,0.0,0.0,1.0,6.25,-11.28,-0.98,18.84375,18.09375,18.65625,17.5,-198.1,0.0,0.0,6.0
24.9366,0x220,0.0,0.0,1.0,6.25,-11.21,-1.05,18.84375,18.09375,18.65625,17.5,-198.1,0.0,0.0,6.0
24.93732,0x316,0.0,0.0,1.0,6.25,-11.21,-1.05,18.84375,18.09375,18.65625,17.5,-198.1,0.0,0.0,7.0
24.9405,0x2B0,0.0,0.0,1.0,6.25,-11.21,-1.05,18.84375,18.09375,18.65625,17.5,-198.1,0.0,0.0,7.0
24.94659,0x220,0.0,0.0,1.0,6.25,-11.17,-1.18,18.84375,18.09375,18.65625,17.5,-198.1,0.0,0.0,7.0
24.94731,0x316,0.0,0.0,1.0,6.25,-11.17,-1.18,18.84375,18.09375,18.65625,17.5,-198.1,0.0,0.0,7.0
24.94777,0x386,0.0,0.0,1.0,6.25,-11.17,-1.18,19.0,18.25,18.59375,17.5625,-198.1,0.0,0.0,7.0
24.95042,0x2B0,0.0,0.0,1.0,6.25,-11.17,-1.18,19.0,18.25,18.59375,17.5625,-198.1,0.0,0.0,7.0
24.95659,0x220,0.0,0.0,1.0,6.25,-11.14,-1.26,19.0,18.25,18.59375,17.5625,-198.1,0.0,0.0,7.0
24.95731,0x316,0.0,0.0,1.0,6.25,-11.14,-1.26,19.0,18.25,18.59375,17.5625,-198.1,0.0,0.0,7.0
24.96042,0x2B0,0.0,0.0,1.0,6.25,-11.14,-1.26,19.0,18.25,18.59375,17.5625,-198.1,0.0,0.0,7.0
24.9666,0x220,0.0,0.0,1.0,6.25,-11.15,-1.28,19.0,18.25,18.59375,17.5625,-198.1,0.0,0.0,7.0
24.96731,0x316,0.0,0.0,1.0,6.25,-11.15,-1.28,19.0,18.25,18.59375,17.5625,-198.1,0.0,0.0,8.0
24.96778,0x386,0.0,0.0,1.0,6.25,-11.15,-1.28,19.09375,17.28125,18.65625,17.46875,-198.1,0.0,0.0,8.0
24.97044,0x2B0,0.0,0.0,1.0,6.25,-11.15,-1.28,19.09375,17.28125,18.65625,17.46875,-198.2,0.0,0.0,8.0
24.9766,0x220,0.0,0.0,1.0,6.25,-11.18,-1.28,19.09375,17.28125,18.65625,17.46875,-198.2,0.0,0.0,8.0
24.97731,0x316,0.0,0.0,1.0,6.25,-11.18,-1.28,19.09375,17.28125,18.65625,17.46875,-198.2,0.0,0.0,8.0
24.98038,0x2B0,0.0,0.0,1.0,6.25,-11.18,-1.28,19.09375,17.28125,18.65625,17.46875,-198.2,0.0,0.0,8.0
24.98659,0x220,0.0,0.0,1.0,6.25,-11.19,-1.28,19.09375,17.28125,18.65625,17.46875,-198.2,0.0,0.0,8.0
24.9873,0x316,0.0,0.0,1.0,6.25,-11.19,-1.28,19.09375,17.28125,18.65625,17.46875,-198.2,0.0,0.0,9.0
24.98777,0x386,0.0,0.0,1.0,6.25,-11.19,-1.28,18.90625,17.78125,18.59375,17.46875,-198.2,0.0,0.0,9.0
24.99037,0x2B0,0.0,0.0,1.0,6.25,-11.19,-1.28,18.90625,17.78125,18.59375,17.46875,-198.2,0.0,0.0,9.0
24.9966,0x220,0.0,0.0,1.0,6.25,-11.2,-1.28,18.90625,17.78125,18.59375,17.46875,-198.2,0.0,0.0,9.0
24.99732,0x316,0.0,0.0,1.0,6.25,-11.2,-1.28,18.90625,17.78125,18.59375,17.46875,-198.2,0.0,0.0,10.0
25.00037,0x2B0,0.0,0.0,1.0,6.25,-11.2,-1.28,18.90625,17.78125,18.59375,17.46875,-198.2,0.0,0.0,10.0
25.00659,0x220,0.0,0.0,1.0,6.25,-11.18,-1.3,18.90625,17.78125,18.59375,17.46875,-198.2,0.0,0.0,10.0
25.00731,0x316,0.0,0.0,1.0,6.25,-11.18,-1.3,18.90625,17.78125,18.59375,17.46875,-198.2,0.0,0.0,11.0
25.00778,0x386,0.0,0.0,1.0,6.25,-11.18,-1.3,19.125,18.3125,18.5,17.53125,-198.2,0.0,0.0,11.0
25.01038,0x2B0,0.0,0.0,1.0,6.25,-11.18,-1.3,19.125,18.3125,18.5,17.53125,-198.2,0.0,0.0,11.0
25.0166,0x220,0.0,0.0,1.0,6.25,-11.15,-1.28,19.125,18.3125,18.5,17.53125,-198.2,0.0,0.0,11.0
25.01731,0x316,0.0,0.0,1.0,6.25,-11.15,-1.28,19.125,18.3125,18.5,17.53125,-198.2,0.0,0.0,12.0
25.02038,0x2B0,0.0,0.0,1.0,6.25,-11.15,-1.28,19.125,18.3125,18.5,17.53125,-198.2,0.0,0.0,12.0
25.02659,0x220,0.0,0.0,1.0,6.25,-11.12,-1.27,19.125,18.3125,18.5,17.53125,-198.2,0.0,0.0,12.0
25.02707,0x316,0.0,0.0,1.0,6.25,-11.12,-1.27,19.125,18.3125,18.5,17.53125,-198.2,0.0,0.0,13.0
25.02778,0x386,0.0,0.0,1.0,6.25,-11.12,-1.27,19.0,17.9375,18.53125,17.46875,-198.2,0.0,0.0,13.0
25.03037,0x2B0,0.0,0.0,1.0,6.25,-11.12,-1.27,19.0,17.9375,18.53125,17.46875,-198.2,0.0,0.0,13.0
25.03661,0x220,0.0,0.0,1.0,6.25,-11.12,-1.33,19.0,17.9375,18.53125,17.46875,-198.2,0.0,0.0,13.0
25.03733,0x316,0.0,0.0,1.0,6.25,-11.12,-1.33,19.0,17.9375,18.53125,17.46875,-198.2,0.0,0.0,14.0
25.04047,0x2B0,0.0,0.0,1.0,6.25,-11.12,-1.33,19.0,17.9375,18.53125,17.46875,-198.2,0.0,0.0,14.0
25.04659,0x220,0.0,0.0,1.0,6.25,-11.15,-1.4,19.0,17.9375,18.53125,17.46875,-198.2,0.0,0.0,14.0
25.04706,0x316,0.0,0.0,1.0,6.25,-11.15,-1.4,19.0,17.9375,18.53125,17.46875,-198.2,0.0,0.0,15.0
25.04777,0x386,0.0,0.0,1.0,6.25,-11.15,-1.4,18.75,17.6875,18.375,17.5,-198.2,0.0,0.0,15.0
25.05037,0x2B0,0.0,0.0,1.0,6.25,-11.15,-1.4,18.75,17.6875,18.375,17.5,-198.2,0.0,0.0,15.0
25.05659,0x220,0.0,0.0,1.0,6.25,-11.22,-1.4,18.75,17.6875,18.375,17.5,-198.2,0.0,0.0,15.0
25.05708,0x316,0.0,0.0,1.0,6.25,-11.22,-1.4,18.75,17.6875,18.375,17.5,-198.2,0.0,0.0,16.0
25.06038,0x2B0,0.0,0.0,1.0,6.25,-11.22,-1.4,18.75,17.6875,18.375,17.5,-198.2,0.0,0.0,16.0
25.0666,0x220,0.0,0.0,1.0,6.25,-11.34,-1.33,18.75,17.6875,18.375,17.5,-198.2,0.0,0.0,16.0
25.06707,0x316,0.0,0.0,1.0,6.25,-11.34,-1.33,18.75,17.6875,18.375,17.5,-198.2,0.0,0.0,17.0
25.06778,0x386,0.0,0.0,1.0,6.25,-11.34,-1.33,19.15625,18.4375,18.40625,17.53125,-198.2,0.0,0.0,17.0
25.07038,0x2B0,0.0,0.0,1.0,6.25,-11.34,-1.33,19.15625,18.4375,18.40625,17.53125,-198.2,0.0,0.0,17.0
25.0766,0x220,0.0,0.0,1.0,6.25,-11.43,-1.24,19.15625,18.4375,18.40625,17.53125,-198.2,0.0,0.0,17.0
25.07708,0x316,0.0,0.0,1.0,6.25,-11.43,-1.24,19.15625,18.4375,18.40625,17.53125,-198.2,0.0,0.0,18.0
25.08037,0x2B0,0.0,0.0,1.0,6.25,-11.43,-1.24,19.15625,18.4375,18.40625,17.53125,-198.2,0.0,0.0,18.0
25.0866,0x220,0.0,0.0,1.0,6.25,-11.47,-1.2,19.15625,18.4375,18.40625,17.53125,-198.2,0.0,0.0,18.0
25.08708,0x316,0.0,0.0,1.0,6.25,-11.47,-1.2,19.15625,18.4375,18.40625,17.53125,-198.2,0.0,0.0,18.0
25.0878,0x386,0.0,0.0,1.0,6.25,-11.47,-1.2,18.90625,18.0,18.375,17.5,-198.2,0.0,0.0,18.0
25.09037,0x2B0,0.0,0.0,1.0,6.25,-11.47,-1.2,18.90625,18.0,18.375,17.5,-198.2,0.0,0.0,18.0
25.09659,0x220,0.0,0.0,1.0,6.25,-11.46,-1.22,18.90625,18.0,18.375,17.5,-198.2,0.0,0.0,18.0
25.09707,0x316,0.0,0.0,1.0,6.25,-11.46,-1.22,18.90625,18.0,18.375,17.5,-198.2,0.0,0.0,19.0
25.10037,0x2B0,0.0,0.0,1.0,6.25,-11.46,-1.22,18.90625,18.0,18.375,17.5,-198.2,0.0,0.0,19.0
25.10659,0x220,0.0,0.0,1.0,6.25,-11.41,-1.21,18.90625,18.0,18.375,17.5,-198.2,0.0,0.0,19.0
25.10707,0x316,0.0,0.0,1.0,6.25,-11.41,-1.21,18.90625,18.0,18.375,17.5,-198.2,0.0,0.0,20.0
25.10778,0x386,0.0,0.0,1.0,6.25,-11.41,-1.21,19.0,17.59375,18.34375,17.5,-198.2,0.0,0.0,20.0
25.11037,0x2B0,0.0,0.0,1.0,6.25,-11.41,-1.21,19.0,17.59375,18.34375,17.5,-198.2,0.0,0.0,20.0
25.1166,0x220,0.0,0.0,1.0,6.25,-11.35,-1.18,19.0,17.59375,18.34375,17.5,-198.2,0.0,0.0,20.0
25.11708,0x316,0.0,0.0,1.0,6.25,-11.35,-1.18,19.0,17.59375,18.34375,17.5,-198.2,0.0,0.0,20.0
25.12036,0x2B0,0.0,0.0,1.0,6.25,-11.35,-1.18,19.0,17.59375,18.34375,17.5,-198.2,0.0,0.0,20.0
25.12659,0x220,0.0,0.0,1.0,6.25,-11.31,-1.13,19.0,17.59375,18.34375,17.5,-198.2,0.0,0.0,20.0
25.12683,0x316,0.0,0.0,1.0,6.25,-11.31,-1.13,19.0,17.59375,18.34375,17.5,-198.2,0.0,0.0,21.0
25.12778,0x386,0.0,0.0,1.0,6.25,-11.31,-1.13,19.03125,17.9375,18.4375,17.4375,-198.2,0.0,0.0,21.0
25.13037,0x2B0,0.0,0.0,1.0,6.25,-11.31,-1.13,19.03125,17.9375,18.4375,17.4375,-198.2,0.0,0.0,21.0
25.13662,0x220,0.0,0.0,1.0,6.25,-11.3,-1.11,19.03125,17.9375,18.4375,17.4375,-198.2,0.0,0.0,21.0
25.1371,0x316,0.0,0.0,1.0,6.25,-11.3,-1.11,19.03125,17.9375,18.4375,17.4375,-198.2,0.0,0.0,21.0
25.1405,0x2B0,0.0,0.0,1.0,6.25,-11.3,-1.11,19.03125,17.9375,18.4375,17.4375,-198.2,0.0,0.0,21.0
25.14659,0x220,0.0,0.0,1.0,6.25,-11.32,-1.13,19.03125,17.9375,18.4375,17.4375,-198.2,0.0,0.0,21.0
25.14683,0x316,0.0,0.0,1.0,6.25,-11.32,-1.13,19.03125,17.9375,18.4375,17.4375,-198.2,0.0,0.0,22.0
25.14778,0x386,0.0,0.0,1.0,6.25,-11.32,-1.13,18.625,17.71875,18.40625,17.5,-198.2,0.0,0.0,22.0
25.15037,0x2B0,0.0,0.0,1.0,6.25,-11.32,-1.13,18.625,17.71875,18.40625,17.5,-198.2,0.0,0.0,22.0
25.1566,0x220,0.0,0.0,1.0,6.25,-11.35,-1.16,18.625,17.71875,18.40625,17.5,-198.2,0.0,0.0,22.0
25.15684,0x316,0.0,0.0,1.0,6.25,-11.35,-1.16,18.625,17.71875,18.40625,17.5,-198.2,0.0,0.0,23.0
25.16037,0x2B0,0.0,0.0,1.0,6.25,-11.35,-1.16,18.625,17.71875,18.40625,17.5,-198.2,0.0,0.0,23.0
25.1666,0x220,0.0,0.0,1.0,6.25,-11.38,-1.14,18.625,17.71875,18.40625,17.5,-198.2,0.0,0.0,23.0
25.16684,0x316,0.0,0.0,1.0,6.25,-11.38,-1.14,18.625,17.71875,18.40625,17.5,-198.2,0.0,0.0,23.0
25.16779,0x386,0.0,0.0,1.0,6.25,-11.38,-1.14,18.6875,17.53125,18.34375,17.40625,-198.2,0.0,0.0,23.0
25.17036,0x2B0,0.0,0.0,1.0,6.25,-11.38,-1.14,18.6875,17.53125,18.34375,17.40625,-198.2,0.0,0.0,23.0
25.1766,0x220,0.0,0.0,1.0,6.25,-11.4,-1.1,18.6875,17.53125,18.34375,17.40625,-198.2,0.0,0.0,23.0
25.17684,0x316,0.0,0.0,1.0,6.25,-11.4,-1.1,18.6875,17.53125,18.34375,17.40625,-198.2,0.0,0.0,24.0
25.18036,0x2B0,0.0,0.0,1.0,6.25,-11.4,-1.1,18.6875,17.53125,18.34375,17.40625,-198.2,0.0,0.0,24.0
25.1866,0x220,0.0,0.0,1.0,6.25,-11.4,-1.04,18.6875,17.53125,18.34375,17.40625,-198.2,0.0,0.0,24.0
25.18683,0x316,0.0,0.0,1.0,6.25,-11.4,-1.04,18.6875,17.53125,18.34375,17.40625,-198.2,0.0,0.0,25.0
25.18778,0x386,0.0,0.0,1.0,6.25,-11.4,-1.04,18.875,17.84375,18.375,17.375,-198.2,0.0,0.0,25.0
25.19037,0x2B0,0.0,0.0,1.0,6.25,-11.4,-1.04,18.875,17.84375,18.375,17.375,-198.2,0.0,0.0,25.0
25.1966,0x220,0.0,0.0,1.0,6.25,-11.37,-1.04,18.875,17.84375,18.375,17.375,-198.2,0.0,0.0,25.0
25.19684,0x316,0.0,0.0,1.0,6.25,-11.37,-1.04,18.875,17.84375,18.375,17.375,-198.2,0.0,0.0,26.0
25.20037,0x2B0,0.0,0.0,1.0,6.25,-11.37,-1.04,18.875,17.84375,18.375,17.375,-198.2,0.0,0.0,26.0
25.2066,0x220,0.0,0.0,1.0,6.25,-11.27,-1.08,18.875,17.84375,18.375,17.375,-198.2,0.0,0.0,26.0
25.20684,0x316,0.0,0.0,1.0,6.25,-11.27,-1.08,18.875,17.84375,18.375,17.375,-198.2,0.0,0.0,27.0
25.20778,0x386,0.0,0.0,1.0,6.25,-11.27,-1.08,18.90625,17.8125,18.375,17.34375,-198.2,0.0,0.0,27.0
25.21036,0x2B0,0.0,0.0,1.0,6.25,-11.27,-1.08,18.90625,17.8125,18.375,17.34375,-198.2,0.0,0.0,27.0
25.2166,0x220,0.0,0.0,1.0,6.25,-11.22,-1.16,18.90625,17.8125,18.375,17.34375,-198.2,0.0,0.0,27.0
25.21684,0x316,0.0,0.0,1.0,6.25,-11.22,-1.16,18.90625,17.8125,18.375,17.34375,-198.2,0.0,0.0,27.0
25.22037,0x2B0,0.0,0.0,1.0,6.25,-11.22,-1.16,18.90625,17.8125,18.375,17.34375,-198.2,0.0,0.0,27.0
25.2266,0x220,0.0,0.0,1.0,6.25,-11.23,-1.2,18.90625,17.8125,18.375,17.34375,-198.2,0.0,0.0,27.0
25.22684,0x316,0.0,0.0,1.0,6.25,-11.23,-1.2,18.90625,17.8125,18.375,17.34375,-198.2,0.0,0.0,28.0
25.22778,0x386,0.0,0.0,1.0,6.25,-11.23,-1.2,18.84375,17.78125,18.34375,17.34375,-198.2,0.0,0.0,28.0
25.23036,0x2B0,0.0,0.0,1.0,6.25,-11.23,-1.2,18.84375,17.78125,18.34375,17.34375,-198.2,0.0,0.0,28.0
25.23661,0x220,0.0,0.0,1.0,6.25,-11.24,-1.18,18.84375,17.78125,18.34375,17.34375,-198.2,0.0,0.0,28.0
25.23685,0x316,0.0,0.0,1.0,6.25,-11.24,-1.18,18.84375,17.78125,18.34375,17.34375,-198.2,0.0,0.0,29.0
25.24037,0x2B0,0.0,0.0,1.0,6.25,-11.24,-1.18,18.84375,17.78125,18.34375,17.34375,-198.2,0.0,0.0,29.0
25.2466,0x220,0.0,0.0,1.0,6.25,-11.21,-1.14,18.84375,17.78125,18.34375,17.34375,-198.2,0.0,0.0,29.0
25.24683,0x316,0.0,0.0,1.0,6.25,-11.21,-1.14,18.84375,17.78125,18.34375,17.34375,-198.2,0.0,0.0,29.0
25.24779,0x386,0.0,0.0,1.0,6.25,-11.21,-1.14,18.75,17.71875,18.4375,17.3125,-198.2,0.0,0.0,29.0
25.25036,0x2B0,0.0,0.0,1.0,6.25,-11.21,-1.14,18.75,17.71875,18.4375,17.3125,-198.2,0.0,0.0,29.0
25.2566,0x220,0.0,0.0,1.0,6.25,-11.17,-1.13,18.75,17.71875,18.4375,17.3125,-198.2,0.0,0.0,29.0
25.25684,0x316,0.0,0.0,1.0,6.25,-11.17,-1.13,18.75,17.71875,18.4375,17.3125,-198.2,0.0,0.0,30.0
25.26036,0x2B0,0.0,0.0,1.0,6.25,-11.17,-1.13,18.75,17.71875,18.4375,17.3125,-198.2,0.0,0.0,30.0
25.26661,0x220,0.0,0.0,1.0,6.25,-11.13,-1.14,18.75,17.71875,18.4375,17.3125,-198.2,0.0,0.0,30.0
25.26684,0x316,0.0,0.0,1.0,6.25,-11.13,-1.14,18.75,17.71875,18.4375,17.3125,-198.2,0.0,0.0,30.0
25.26779,0x386,0.0,0.0,1.0,6.25,-11.13,-1.14,18.71875,17.71875,18.375,17.25,-198.2,0.0,0.0,30.0
25.27035,0x2B0,0.0,0.0,1.0,6.25,-11.13,-1.14,18.71875,17.71875,18.375,17.25,-198.2,0.0,0.0,30.0
25.27659,0x220,0.0,0.0,1.0,6.25,-11.08,-1.18,18.71875,17.71875,18.375,17.25,-198.2,0.0,0.0,30.0
25.27683,0x316,0.0,0.0,1.0,6.25,-11.08,-1.18,18.71875,17.71875,18.375,17.25,-198.2,0.0,0.0,31.0
25.28036,0x2B0,0.0,0.0,1.0,6.25,-11.08,-1.18,18.71875,17.71875,18.375,17.25,-198.2,0.0,0.0,31.0
25.28659,0x220,0.0,0.0,1.0,6.25,-10.98,-1.19,18.71875,17.71875,18.375,17.25,-198.2,0.0,0.0,31.0
25.28684,0x316,0.0,0.0,1.0,6.25,-10.98,-1.19,18.71875,17.71875,18.375,17.25,-198.2,0.0,0.0,32.0
25.28778,0x386,0.0,0.0,1.0,6.25,-10.98,-1.19,18.65625,17.71875,18.375,17.28125,-198.2,0.0,0.0,32.0
25.29036,0x2B0,0.0,0.0,1.0,6.25,-10.98,-1.19,18.65625,17.71875,18.375,17.28125,-198.2,0.0,0.0,32.0
25.29659,0x220,0.0,0.0,1.0,6.25,-10.89,-1.19,18.65625,17.71875,18.375,17.28125,-198.2,0.0,0.0,32.0
25.29684,0x316,0.0,0.0,1.0,6.25,-10.89,-1.19,18.65625,17.71875,18.375,17.28125,-198.2,0.0,0.0,32.0
25.30036,0x2B0,0.0,0.0,1.0,6.25,-10.89,-1.19,18.65625,17.71875,18.375,17.28125,-198.2,0.0,0.0,32.0
25.30659,0x220,0.0,0.0,1.0,6.25,-10.85,-1.22,18.65625,17.71875,18.375,17.28125,-198.2,0.0,0.0,32.0
25.30684,0x316,0.0,0.0,1.0,6.25,-10.85,-1.22,18.65625,17.71875,18.375,17.28125,-198.2,0.0,0.0,32.0
25.30779,0x386,0.0,0.0,1.0,6.25,-10.85,-1.22,18.625,17.65625,18.40625,17.25,-198.2,0.0,0.0,32.0
25.31035,0x2B0,0.0,0.0,1.0,6.25,-10.85,-1.22,18.625,17.65625,18.40625,17.25,-198.2,0.0,0.0,32.0
25.31661,0x220,0.0,0.0,1.0,6.25,-10.88,-1.24,18.625,17.65625,18.40625,17.25,-198.2,0.0,0.0,32.0
25.31685,0x316,0.0,0.0,1.0,6.25,-10.88,-1.24,18.625,17.65625,18.40625,17.25,-198.2,0.0,0.0,33.0
25.32034,0x2B0,0.0,0.0,1.0,6.25,-10.88,-1.24,18.625,17.65625,18.40625,17.25,-198.2,0.0,0.0,33.0
25.3266,0x220,0.0,0.0,1.0,6.25,-10.89,-1.2,18.625,17.65625,18.40625,17.25,-198.2,0.0,0.0,33.0
25.32684,0x316,0.0,0.0,1.0,6.25,-10.89,-1.2,18.625,17.65625,18.40625,17.25,-198.2,0.0,0.0,33.0
25.32779,0x386,0.0,0.0,1.0,6.25,-10.89,-1.2,18.59375,17.65625,18.40625,17.28125,-198.2,0.0,0.0,33.0
25.33037,0x2B0,0.0,0.0,1.0,6.25,-10.89,-1.2,18.59375,17.65625,18.40625,17.28125,-198.0,8.0,0.0,33.0
25.33662,0x220,0.0,0.0,1.0,6.25,-10.9,-1.16,18.59375,17.65625,18.40625,17.28125,-198.0,8.0,0.0,33.0
25.33687,0x316,0.0,0.0,1.0,6.25,-10.9,-1.16,18.59375,17.65625,18.40625,17.28125,-198.0,8.0,0.0,34.0
25.3405,0x2B0,0.0,0.0,1.0,6.25,-10.9,-1.16,18.59375,17.65625,18.40625,17.28125,-198.0,8.0,0.0,34.0
25.3466,0x220,0.0,0.0,1.0,6.25,-10.93,-1.19,18.59375,17.65625,18.40625,17.28125,-198.0,8.0,0.0,34.0
25.34685,0x316,0.0,0.0,1.0,6.25,-10.93,-1.19,18.59375,17.65625,18.40625,17.28125,-198.0,8.0,0.0,34.0
25.3478,0x386,0.0,0.0,1.0,6.25,-10.93,-1.19,18.5625,17.6875,18.21875,17.28125,-198.0,8.0,0.0,34.0
25.35035,0x2B0,0.0,0.0,1.0,6.25,-10.93,-1.19,18.5625,17.6875,18.21875,17.28125,-197.7,12.0,0.0,34.0
25.3566,0x220,0.0,0.0,1.0,6.25,-10.94,-1.23,18.5625,17.6875,18.21875,17.28125,-197.7,12.0,0.0,34.0
25.35683,0x316,0.0,0.0,1.0,6.25,-10.94,-1.23,18.5625,17.6875,18.21875,17.28125,-197.7,12.0,0.0,35.0
25.36035,0x2B0,0.0,0.0,1.0,6.25,-10.94,-1.23,18.5625,17.6875,18.21875,17.28125,-197.4,28.0,0.0,35.0
25.3666,0x220,0.0,0.0,1.0,6.25,-10.91,-1.2,18.5625,17.6875,18.21875,17.28125,-197.4,28.0,0.0,35.0
25.36684,0x316,0.0,0.0,1.0,6.25,-10.91,-1.2,18.5625,17.6875,18.21875,17.28125,-197.4,28.0,0.0,35.0
25.36779,0x386,0.0,0.0,1.0,6.25,-10.91,-1.2,18.53125,17.59375,18.125,17.21875,-197.4,28.0,0.0,35.0
25.37037,0x2B0,0.0,0.0,1.0,6.25,-10.91,-1.2,18.53125,17.59375,18.125,17.21875,-197.1,28.0,0.0,35.0
25.3766,0x220,0.0,0.0,1.0,6.25,-10.89,-1.16,18.53125,17.59375,18.125,17.21875,-197.1,28.0,0.0,35.0
25.37684,0x316,0.0,0.0,1.0,6.25,-10.89,-1.16,18.53125,17.59375,18.125,17.21875,-197.1,28.0,0.0,35.0
25.38036,0x2B0,0.0,0.0,1.0,6.25,-10.89,-1.16,18.53125,17.59375,18.125,17.21875,-196.8,28.0,0.0,35.0
25.38659,0x220,0.0,0.0,1.0,6.25,-10.9,-1.16,18.53125,17.59375,18.125,17.21875,-196.8,28.0,0.0,35.0
25.38683,0x316,0.0,0.0,1.0,6.25,-10.9,-1.16,18.53125,17.59375,18.125,17.21875,-196.8,28.0,0.0,36.0
25.38778,0x386,0.0,0.0,1.0,6.25,-10.9,-1.16,18.53125,17.53125,18.09375,17.25,-196.8,28.0,0.0,36.0
25.39035,0x2B0,0.0,0.0,1.0,6.25,-10.9,-1.16,18.53125,17.53125,18.09375,17.25,-196.5,28.0,0.0,36.0
25.3966,0x220,0.0,0.0,1.0,6.25,-10.95,-1.17,18.53125,17.53125,18.09375,17.25,-196.5,28.0,0.0,36.0
25.39684,0x316,0.0,0.0,1.0,6.25,-10.95,-1.17,18.53125,17.53125,18.09375,17.25,-196.5,28.0,0.0,36.0
25.40033,0x2B0,0.0,0.0,1.0,6.25,-10.95,-1.17,18.53125,17.53125,18.09375,17.25,-196.1,32.0,0.0,36.0
25.4066,0x220,0.0,0.0,1.0,6.25,-10.96,-1.13,18.53125,17.53125,18.09375,17.25,-196.1,32.0,0.0,36.0
25.40684,0x316,0.0,0.0,1.0,6.25,-10.96,-1.13,18.53125,17.53125,18.09375,17.25,-196.1,32.0,0.0,36.0
25.40779,0x386,0.0,0.0,1.0,6.25,-10.96,-1.13,18.53125,17.53125,18.15625,17.09375,-196.1,32.0,0.0,36.0
25.41035,0x2B0,0.0,0.0,1.0,6.25,-10.96,-1.13,18.53125,17.53125,18.15625,17.09375,-195.7,40.0,0.0,36.0
25.4166,0x220,0.0,0.0,1.0,6.25,-10.98,-1.08,18.53125,17.53125,18.15625,17.09375,-195.7,40.0,0.0,36.0
25.41684,0x316,0.0,0.0,1.0,6.25,-10.98,-1.08,18.53125,17.53125,18.15625,17.09375,-195.7,40.0,0.0,37.0
25.42036,0x2B0,0.0,0.0,1.0,6.25,-10.98,-1.08,18.53125,17.53125,18.15625,17.09375,-195.3,40.0,0.0,37.0
25.4266,0x220,0.0,0.0,1.0,6.25,-10.99,-1.03,18.53125,17.53125,18.15625,17.09375,-195.3,40.0,0.0,37.0
25.42683,0x316,0.0,0.0,1.0,6.25,-10.99,-1.03,18.53125,17.53125,18.15625,17.09375,-195.3,40.0,0.0,37.0
25.42779,0x386,0.0,0.0,1.0,6.25,-10.99,-1.03,18.4375,17.53125,18.0,17.0625,-195.3,40.0,0.0,37.0
25.43035,0x2B0,0.0,0.0,1.0,6.25,-10.99,-1.03,18.4375,17.53125,18.0,17.0625,-194.9,40.0,0.0,37.0
