Time,CAN_ID,TCS_CTL,ABS_ACT,ESP_CTL,TQI_TCS,Yaw_Rate,Lateral_Accel,WHL_SPD_FL,WHL_SPD_FR,WHL_SPD_RL,WHL_SPD_RR,SAS_Angle,SAS_Speed,Accel_Pedal_Pos,Brake_Pedal_Pos
0.00451,0x220,0.0,0.0,1.0,6.25,0.83,0.01,14.65625,14.71875,14.40625,14.3125,-17.6,52.0,50.0,0.0
0.00689,0x2B0,0.0,0.0,1.0,6.25,0.83,0.01,14.65625,14.71875,14.40625,14.3125,-17.6,52.0,50.0,0.0
0.00803,0x316,0.0,0.0,1.0,6.25,0.83,0.01,14.65625,14.71875,14.40625,14.3125,-17.6,52.0,50.0,0.0
0.0145,0x220,0.0,0.0,1.0,6.25,0.87,0.0,14.65625,14.71875,14.40625,14.3125,-17.6,52.0,50.0,0.0
0.01521,0x386,0.0,0.0,1.0,6.25,0.87,0.0,14.65625,14.71875,14.40625,14.3125,-17.6,52.0,50.0,0.0
0.01688,0x2B0,0.0,0.0,1.0,6.25,0.87,0.0,14.65625,14.71875,14.40625,14.3125,-18.2,60.0,50.0,0.0
0.01808,0x316,0.0,0.0,1.0,6.25,0.87,0.0,14.65625,14.71875,14.40625,14.3125,-18.2,60.0,53.0,0.0
0.0245,0x220,0.0,0.0,1.0,6.25,0.88,-0.06,14.65625,14.71875,14.40625,14.3125,-18.2,60.0,53.0,0.0
0.02689,0x2B0,0.0,0.0,1.0,6.25,0.88,-0.06,14.65625,14.71875,14.40625,14.3125,-18.7,52.0,53.0,0.0
0.028,0x316,0.0,0.0,1.0,6.25,0.88,-0.06,14.65625,14.71875,14.40625,14.3125,-18.7,52.0,53.0,0.0
0.0345,0x220,0.0,0.0,1.0,6.25,0.88,-0.07,14.65625,14.71875,14.40625,14.3125,-18.7,52.0,53.0,0.0
0.03521,0x386,0.0,0.0,1.0,6.25,0.88,-0.07,14.75,14.75,14.4375,14.375,-18.7,52.0,53.0,0.0
0.03686,0x2B0,0.0,0.0,1.0,6.25,0.88,-0.07,14.75,14.75,14.4375,14.375,-19.3,52.0,53.0,0.0
0.0381,0x316,0.0,0.0,1.0,6.25,0.88,-0.07,14.75,14.75,14.4375,14.375,-19.3,52.0,53.0,0.0
0.04449,0x220,0.0,0.0,1.0,6.25,0.85,-0.05,14.75,14.75,14.4375,14.375,-19.3,52.0,53.0,0.0
0.04685,0x2B0,0.0,0.0,1.0,6.25,0.85,-0.05,14.75,14.75,14.4375,14.375,-19.8,52.0,53.0,0.0
0.04896,0x316,0.0,0.0,1.0,6.25,0.85,-0.05,14.75,14.75,14.4375,14.375,-19.8,52.0,53.0,0.0
0.0545,0x220,0.0,0.0,1.0,6.25,0.8,-0.03,14.75,14.75,14.4375,14.375,-19.8,52.0,53.0,0.0
0.05521,0x386,0.0,0.0,1.0,6.25,0.8,-0.03,14.84375,14.875,14.5,14.5,-19.8,52.0,53.0,0.0
0.05685,0x2B0,0.0,0.0,1.0,6.25,0.8,-0.03,14.84375,14.875,14.5,14.5,-20.4,52.0,53.0,0.0
0.05803,0x316,0.0,0.0,1.0,6.25,0.8,-0.03,14.84375,14.875,14.5,14.5,-20.4,52.0,53.0,0.0
0.06449,0x220,0.0,0.0,1.0,6.25,0.78,-0.03,14.84375,14.875,14.5,14.5,-20.4,52.0,53.0,0.0
0.06686,0x2B0,0.0,0.0,1.0,6.25,0.78,-0.03,14.84375,14.875,14.5,14.5,-20.9,52.0,53.0,0.0
0.06806,0x316,0.0,0.0,1.0,6.25,0.78,-0.03,14.84375,14.875,14.5,14.5,-20.9,52.0,53.0,0.0
0.0745,0x220,0.0,0.0,1.0,6.25,0.78,-0.06,14.84375,14.875,14.5,14.5,-20.9,52.0,53.0,0.0
0.07521,0x386,0.0,0.0,1.0,6.25,0.78,-0.06,14.90625,14.90625,14.59375,14.59375,-20.9,52.0,53.0,0.0
0.07689,0x2B0,0.0,0.0,1.0,6.25,0.78,-0.06,14.90625,14.90625,14.59375,14.59375,-21.5,52.0,53.0,0.0
0.07814,0x316,0.0,0.0,1.0,6.25,0.78,-0.06,14.90625,14.90625,14.59375,14.59375,-21.5,52.0,53.0,0.0
0.08451,0x220,0.0,0.0,1.0,6.25,0.76,-0.07,14.90625,14.90625,14.59375,14.59375,-21.5,52.0,53.0,0.0
0.08688,0x2B0,0.0,0.0,1.0,6.25,0.76,-0.07,14.90625,14.90625,14.59375,14.59375,-22.0,52.0,53.0,0.0
0.08814,0x316,0.0,0.0,1.0,6.25,0.76,-0.07,14.90625,14.90625,14.59375,14.59375,-22.0,52.0,53.0,0.0
0.09451,0x220,0.0,0.0,1.0,6.25,0.77,-0.08,14.90625,14.90625,14.59375,14.59375,-22.0,52.0,53.0,0.0
0.09521,0x386,0.0,0.0,1.0,6.25,0.77,-0.08,15.03125,15.03125,14.625,14.625,-22.0,52.0,53.0,0.0
0.09688,0x2B0,0.0,0.0,1.0,6.25,0.77,-0.08,15.03125,15.03125,14.625,14.625,-22.5,48.0,53.0,0.0
0.09807,0x316,0.0,0.0,1.0,6.25,0.77,-0.08,15.03125,15.03125,14.625,14.625,-22.5,48.0,53.0,0.0
0.1045,0x220,0.0,0.0,1.0,6.25,0.74,-0.09,15.03125,15.03125,14.625,14.625,-22.5,48.0,53.0,0.0
0.10689,0x2B0,0.0,0.0,1.0,6.25,0.74,-0.09,15.03125,15.03125,14.625,14.625,-23.0,48.0,53.0,0.0
0.10801,0x316,0.0,0.0,1.0,6.25,0.74,-0.09,15.03125,15.03125,14.625,14.625,-23.0,48.0,53.0,0.0
0.11451,0x220,0.0,0.0,1.0,6.25,0.68,-0.1,15.03125,15.03125,14.625,14.625,-23.0,48.0,53.0,0.0
0.11521,0x386,0.0,0.0,1.0,6.25,0.68,-0.1,15.09375,15.0,14.625,14.6875,-23.0,48.0,53.0,0.0
0.11688,0x2B0,0.0,0.0,1.0,6.25,0.68,-0.1,15.09375,15.0,14.625,14.6875,-23.5,48.0,53.0,0.0
0.11809,0x316,0.0,0.0,1.0,6.25,0.68,-0.1,15.09375,15.0,14.625,14.6875,-23.5,48.0,50.0,0.0
0.1245,0x220,0.0,0.0,1.0,6.25,0.68,-0.1,15.09375,15.0,14.625,14.6875,-23.5,48.0,50.0,0.0
0.12689,0x2B0,0.0,0.0,1.0,6.25,0.68,-0.1,15.09375,15.0,14.625,14.6875,-24.0,48.0,50.0,0.0
0.12813,0x316,0.0,0.0,1.0,6.25,0.68,-0.1,15.09375,15.0,14.625,14.6875,-24.0,48.0,50.0,0.0
0.1345,0x220,0.0,0.0,1.0,6.25,0.67,-0.13,15.09375,15.0,14.625,14.6875,-24.0,48.0,50.0,0.0
0.1352,0x386,0.0,0.0,1.0,6.25,0.67,-0.13,15.1875,15.125,14.71875,14.84375,-24.0,48.0,50.0,0.0
0.13688,0x2B0,0.0,0.0,1.0,6.25,0.67,-0.13,15.1875,15.125,14.71875,14.84375,-24.4,44.0,50.0,0.0
0.13816,0x316,0.0,0.0,1.0,6.25,0.67,-0.13,15.1875,15.125,14.71875,14.84375,-24.4,44.0,50.0,0.0
0.14449,0x220,0.0,0.0,1.0,6.25,0.64,-0.16,15.1875,15.125,14.71875,14.84375,-24.4,44.0,50.0,0.0
0.1469,0x2B0,0.0,0.0,1.0,6.25,0.64,-0.16,15.1875,15.125,14.71875,14.84375,-24.8,40.0,50.0,0.0
0.14884,0x316,0.0,0.0,1.0,6.25,0.64,-0.16,15.1875,15.125,14.71875,14.84375,-24.8,40.0,50.0,0.0
0.1545,0x220,0.0,0.0,1.0,6.25,0.58,-0.16,15.1875,15.125,14.71875,14.84375,-24.8,40.0,50.0,0.0
0.1552,0x386,0.0,0.0,1.0,6.25,0.58,-0.16,15.25,15.1875,14.84375,14.90625,-24.8,40.0,50.0,0.0
0.1569,0x2B0,0.0,0.0,1.0,6.25,0.58,-0.16,15.25,15.1875,14.84375,14.90625,-25.1,32.0,50.0,0.0
0.15803,0x316,0.0,0.0,1.0,6.25,0.58,-0.16,15.25,15.1875,14.84375,14.90625,-25.1,32.0,50.0,0.0
0.16451,0x220,0.0,0.0,1.0,6.25,0.53,-0.12,15.25,15.1875,14.84375,14.90625,-25.1,32.0,50.0,0.0
0.1669,0x2B0,0.0,0.0,1.0,6.25,0.53,-0.12,15.25,15.1875,14.84375,14.90625,-25.5,32.0,50.0,0.0
0.16814,0x316,0.0,0.0,1.0,6.25,0.53,-0.12,15.25,15.1875,14.84375,14.90625,-25.5,32.0,50.0,0.0
0.17451,0x220,0.0,0.0,1.0,6.25,0.54,-0.1,15.25,15.1875,14.84375,14.90625,-25.5,32.0,50.0,0.0
0.1752,0x386,0.0,0.0,1.0,6.25,0.54,-0.1,15.34375,15.28125,14.90625,14.90625,-25.5,32.0,50.0,0.0
0.17685,0x2B0,0.0,0.0,1.0,6.25,0.54,-0.1,15.34375,15.28125,14.90625,14.90625,-25.8,32.0,50.0,0.0
0.17821,0x316,0.0,0.0,1.0,6.25,0.54,-0.1,15.34375,15.28125,14.90625,14.90625,-25.8,32.0,50.0,0.0
0.18451,0x220,0.0,0.0,1.0,6.25,0.59,-0.1,15.34375,15.28125,14.90625,14.90625,-25.8,32.0,50.0,0.0
0.18686,0x2B0,0.0,0.0,1.0,6.25,0.59,-0.1,15.34375,15.28125,14.90625,14.90625,-26.1,28.0,50.0,0.0
0.18803,0x316,0.0,0.0,1.0,6.25,0.59,-0.1,15.34375,15.28125,14.90625,14.90625,-26.1,28.0,50.0,0.0
0.19452,0x220,0.0,0.0,1.0,6.25,0.63,-0.16,15.34375,15.28125,14.90625,14.90625,-26.1,28.0,50.0,0.0
0.19522,0x386,0.0,0.0,1.0,6.25,0.63,-0.16,15.4375,15.375,14.9375,15.03125,-26.1,28.0,50.0,0.0
0.19687,0x2B0,0.0,0.0,1.0,6.25,0.63,-0.16,15.4375,15.375,14.9375,15.03125,-26.3,24.0,50.0,0.0
0.19803,0x316,0.0,0.0,1.0,6.25,0.63,-0.16,15.4375,15.375,14.9375,15.03125,-26.3,24.0,50.0,0.0
0.20451,0x220,0.0,0.0,1.0,6.25,0.62,-0.25,15.4375,15.375,14.9375,15.03125,-26.3,24.0,50.0,0.0
0.20688,0x2B0,0.0,0.0,1.0,6.25,0.62,-0.25,15.4375,15.375,14.9375,15.03125,-26.6,24.0,50.0,0.0
0.20807,0x316,0.0,0.0,1.0,6.25,0.62,-0.25,15.4375,15.375,14.9375,15.03125,-26.6,24.0,50.0,0.0
0.21451,0x220,0.0,0.0,1.0,6.25,0.53,-0.3,15.4375,15.375,14.9375,15.03125,-26.6,24.0,50.0,0.0
0.21522,0x386,0.0,0.0,1.0,6.25,0.53,-0.3,15.53125,15.4375,14.9375,15.09375,-26.6,24.0,50.0,0.0
0.21688,0x2B0,0.0,0.0,1.0,6.25,0.53,-0.3,15.53125,15.4375,14.9375,15.09375,-26.8,24.0,50.0,0.0
0.21813,0x316,0.0,0.0,1.0,6.25,0.53,-0.3,15.53125,15.4375,14.9375,15.09375,-26.8,24.0,50.0,0.0
0.22451,0x220,0.0,0.0,1.0,6.25,0.43,-0.31,15.53125,15.4375,14.9375,15.09375,-26.8,24.0,50.0,0.0
0.2269,0x2B0,0.0,0.0,1.0,6.25,0.43,-0.31,15.53125,15.4375,14.9375,15.09375,-27.0,20.0,50.0,0.0
0.228,0x316,0.0,0.0,1.0,6.25,0.43,-0.31,15.53125,15.4375,14.9375,15.09375,-27.0,20.0,50.0,0.0
0.23452,0x220,0.0,0.0,1.0,6.25,0.32,-0.28,15.53125,15.4375,14.9375,15.09375,-27.0,20.0,50.0,0.0
0.23522,0x386,0.0,0.0,1.0,6.25,0.32,-0.28,15.59375,15.53125,15.15625,15.15625,-27.0,20.0,50.0,0.0
0.2369,0x2B0,0.0,0.0,1.0,6.25,0.32,-0.28,15.59375,15.53125,15.15625,15.15625,-27.1,12.0,50.0,0.0
0.23809,0x316,0.0,0.0,1.0,6.25,0.32,-0.28,15.59375,15.53125,15.15625,15.15625,-27.1,12.0,50.0,0.0
0.2445,0x220,0.0,0.0,1.0,6.25,0.28,-0.23,15.59375,15.53125,15.15625,15.15625,-27.1,12.0,50.0,0.0
0.24689,0x2B0,0.0,0.0,1.0,6.25,0.28,-0.23,15.59375,15.53125,15.15625,15.15625,-27.3,12.0,50.0,0.0
0.24902,0x316,0.0,0.0,1.0,6.25,0.28,-0.23,15.59375,15.53125,15.15625,15.15625,-27.3,12.0,50.0,0.0
0.25451,0x220,0.0,0.0,1.0,6.25,0.32,-0.22,15.59375,15.53125,15.15625,15.15625,-27.3,12.0,50.0,0.0
0.25522,0x386,0.0,0.0,1.0,6.25,0.32,-0.22,15.6875,15.625,15.21875,15.21875,-27.3,12.0,50.0,0.0
0.25691,0x2B0,0.0,0.0,1.0,6.25,0.32,-0.22,15.6875,15.625,15.21875,15.21875,-27.3,8.0,50.0,0.0
0.25807,0x316,0.0,0.0,1.0,6.25,0.32,-0.22,15.6875,15.625,15.21875,15.21875,-27.3,8.0,50.0,0.0
0.26451,0x220,0.0,0.0,1.0,6.25,0.35,-0.24,15.6875,15.625,15.21875,15.21875,-27.3,8.0,50.0,0.0
0.26689,0x2B0,0.0,0.0,1.0,6.25,0.35,-0.24,15.6875,15.625,15.21875,15.21875,-27.4,0.0,50.0,0.0
0.26804,0x316,0.0,0.0,1.0,6.25,0.35,-0.24,15.6875,15.625,15.21875,15.21875,-27.4,0.0,50.0,0.0
0.27451,0x220,0.0,0.0,1.0,6.25,0.34,-0.26,15.6875,15.625,15.21875,15.21875,-27.4,0.0,50.0,0.0
0.27522,0x386,0.0,0.0,1.0,6.25,0.34,-0.26,15.71875,15.6875,15.25,15.28125,-27.4,0.0,50.0,0.0
0.27688,0x2B0,0.0,0.0,1.0,6.25,0.34,-0.26,15.71875,15.6875,15.25,15.28125,-27.4,0.0,50.0,0.0
0.27814,0x316,0.0,0.0,1.0,6.25,0.34,-0.26,15.71875,15.6875,15.25,15.28125,-27.4,0.0,50.0,0.0
0.2845,0x220,0.0,0.0,1.0,6.25,0.31,-0.26,15.71875,15.6875,15.25,15.28125,-27.4,0.0,50.0,0.0
0.28688,0x2B0,0.0,0.0,1.0,6.25,0.31,-0.26,15.71875,15.6875,15.25,15.28125,-27.5,0.0,50.0,0.0
0.28812,0x316,0.0,0.0,1.0,6.25,0.31,-0.26,15.71875,15.6875,15.25,15.28125,-27.5,0.0,50.0,0.0
0.29451,0x220,0.0,0.0,1.0,6.25,0.27,-0.26,15.71875,15.6875,15.25,15.28125,-27.5,0.0,50.0,0.0
0.29522,0x386,0.0,0.0,1.0,6.25,0.27,-0.26,15.78125,15.71875,15.34375,15.3125,-27.5,0.0,50.0,0.0
0.29689,0x2B0,0.0,0.0,1.0,6.25,0.27,-0.26,15.78125,15.71875,15.34375,15.3125,-27.5,0.0,50.0,0.0
0.29806,0x316,0.0,0.0,1.0,6.25,0.27,-0.26,15.78125,15.71875,15.34375,15.3125,-27.5,0.0,53.0,0.0
0.30449,0x220,0.0,0.0,1.0,6.25,0.19,-0.25,15.78125,15.71875,15.34375,15.3125,-27.5,0.0,53.0,0.0
0.30686,0x2B0,0.0,0.0,1.0,6.25,0.19,-0.25,15.78125,15.71875,15.34375,15.3125,-27.5,0.0,53.0,0.0
0.308,0x316,0.0,0.0,1.0,6.25,0.19,-0.25,15.78125,15.71875,15.34375,15.3125,-27.5,0.0,53.0,0.0
0.31451,0x220,0.0,0.0,1.0,6.25,0.13,-0.24,15.78125,15.71875,15.34375,15.3125,-27.5,0.0,53.0,0.0
0.31522,0x386,0.0,0.0,1.0,6.25,0.13,-0.24,15.875,15.8125,15.4375,15.4375,-27.5,0.0,53.0,0.0
0.31686,0x2B0,0.0,0.0,1.0,6.25,0.13,-0.24,15.875,15.8125,15.4375,15.4375,-27.5,0.0,53.0,0.0
0.31808,0x316,0.0,0.0,1.0,6.25,0.13,-0.24,15.875,15.8125,15.4375,15.4375,-27.5,0.0,53.0,0.0
0.32451,0x220,0.0,0.0,1.0,6.25,0.08,-0.24,15.875,15.8125,15.4375,15.4375,-27.5,0.0,53.0,0.0
0.32687,0x2B0,0.0,0.0,1.0,6.25,0.08,-0.24,15.875,15.8125,15.4375,15.4375,-27.5,0.0,53.0,0.0
0.32806,0x316,0.0,0.0,1.0,6.25,0.08,-0.24,15.875,15.8125,15.4375,15.4375,-27.5,0.0,53.0,0.0
0.33451,0x220,0.0,0.0,1.0,6.25,0.09,-0.22,15.875,15.8125,15.4375,15.4375,-27.5,0.0,53.0,0.0
0.33522,0x386,0.0,0.0,1.0,6.25,0.09,-0.22,15.90625,15.875,15.59375,15.5,-27.5,0.0,53.0,0.0
0.33687,0x2B0,0.0,0.0,1.0,6.25,0.09,-0.22,15.90625,15.875,15.59375,15.5,-27.5,0.0,53.0,0.0
0.33813,0x316,0.0,0.0,1.0,6.25,0.09,-0.22,15.90625,15.875,15.59375,15.5,-27.5,0.0,53.0,0.0
0.3445,0x220,0.0,0.0,1.0,6.25,0.11,-0.2,15.90625,15.875,15.59375,15.5,-27.5,0.0,53.0,0.0
0.34688,0x2B0,0.0,0.0,1.0,6.25,0.11,-0.2,15.90625,15.875,15.59375,15.5,-27.5,0.0,53.0,0.0
0.34881,0x316,0.0,0.0,1.0,6.25,0.11,-0.2,15.90625,15.875,15.59375,15.5,-27.5,0.0,53.0,0.0
0.35451,0x220,0.0,0.0,1.0,6.25,0.09,-0.15,15.90625,15.875,15.59375,15.5,-27.5,0.0,53.0,0.0
0.35522,0x386,0.0,0.0,1.0,6.25,0.09,-0.15,15.9375,15.90625,15.6875,15.59375,-27.5,0.0,53.0,0.0
0.35689,0x2B0,0.0,0.0,1.0,6.25,0.09,-0.15,15.9375,15.90625,15.6875,15.59375,-27.5,0.0,53.0,0.0
0.35802,0x316,0.0,0.0,1.0,6.25,0.09,-0.15,15.9375,15.90625,15.6875,15.59375,-27.5,0.0,53.0,0.0
0.36451,0x220,0.0,0.0,1.0,6.25,0.12,-0.09,15.9375,15.90625,15.6875,15.59375,-27.5,0.0,53.0,0.0
0.36687,0x2B0,0.0,0.0,1.0,6.25,0.12,-0.09,15.9375,15.90625,15.6875,15.59375,-27.6,0.0,53.0,0.0
0.36808,0x316,0.0,0.0,1.0,6.25,0.12,-0.09,15.9375,15.90625,15.6875,15.59375,-27.6,0.0,53.0,0.0
0.37451,0x220,0.0,0.0,1.0,6.25,0.14,-0.08,15.9375,15.90625,15.6875,15.59375,-27.6,0.0,53.0,0.0
0.37522,0x386,0.0,0.0,1.0,6.25,0.14,-0.08,16.0,15.96875,15.75,15.625,-27.6,0.0,53.0,0.0
0.37683,0x2B0,0.0,0.0,1.0,6.25,0.14,-0.08,16.0,15.96875,15.75,15.625,-27.6,0.0,53.0,0.0
0.37825,0x316,0.0,0.0,1.0,6.25,0.14,-0.08,16.0,15.96875,15.75,15.625,-27.6,0.0,53.0,0.0
0.38452,0x220,0.0,0.0,1.0,6.25,0.11,-0.12,16.0,15.96875,15.75,15.625,-27.6,0.0,53.0,0.0
0.38684,0x2B0,0.0,0.0,1.0,6.25,0.11,-0.12,16.0,15.96875,15.75,15.625,-27.6,0.0,53.0,0.0
0.38802,0x316,0.0,0.0,1.0,6.25,0.11,-0.12,16.0,15.96875,15.75,15.625,-27.6,0.0,53.0,0.0
0.39452,0x220,0.0,0.0,1.0,6.25,0.1,-0.13,16.0,15.96875,15.75,15.625,-27.6,0.0,53.0,0.0
0.39523,0x386,0.0,0.0,1.0,6.25,0.1,-0.13,16.09375,15.875,15.8125,15.75,-27.6,0.0,53.0,0.0
0.39682,0x2B0,0.0,0.0,1.0,6.25,0.1,-0.13,16.09375,15.875,15.8125,15.75,-27.6,0.0,53.0,0.0
0.39802,0x316,0.0,0.0,1.0,6.25,0.1,-0.13,16.09375,15.875,15.8125,15.75,-27.6,0.0,53.0,0.0
0.4045,0x220,0.0,0.0,1.0,6.25,0.07,-0.09,16.09375,15.875,15.8125,15.75,-27.6,0.0,53.0,0.0
0.40692,0x2B0,0.0,0.0,1.0,6.25,0.07,-0.09,16.09375,15.875,15.8125,15.75,-27.6,0.0,53.0,0.0
0.40802,0x316,0.0,0.0,1.0,6.25,0.07,-0.09,16.09375,15.875,15.8125,15.75,-27.6,0.0,56.0,0.0
0.41452,0x220,0.0,0.0,1.0,6.25,0.0,-0.07,16.09375,15.875,15.8125,15.75,-27.6,0.0,56.0,0.0
0.41522,0x386,0.0,0.0,1.0,6.25,0.0,-0.07,16.1875,16.21875,15.90625,15.78125,-27.6,0.0,56.0,0.0
0.41687,0x2B0,0.0,0.0,1.0,6.25,0.0,-0.07,16.1875,16.21875,15.90625,15.78125,-27.6,0.0,56.0,0.0
0.41819,0x316,0.0,0.0,1.0,6.25,0.0,-0.07,16.1875,16.21875,15.90625,15.78125,-27.6,0.0,56.0,0.0
0.42452,0x220,0.0,0.0,1.0,6.25,-0.03,-0.09,16.1875,16.21875,15.90625,15.78125,-27.6,0.0,56.0,0.0
0.42689,0x2B0,0.0,0.0,1.0,6.25,-0.03,-0.09,16.1875,16.21875,15.90625,15.78125,-27.7,0.0,56.0,0.0
0.42801,0x316,0.0,0.0,1.0,6.25,-0.03,-0.09,16.1875,16.21875,15.90625,15.78125,-27.7,0.0,58.0,0.0
0.43451,0x220,0.0,0.0,1.0,6.25,-0.02,-0.11,16.1875,16.21875,15.90625,15.78125,-27.7,0.0,58.0,0.0
0.43522,0x386,0.0,0.0,1.0,6.25,-0.02,-0.11,16.3125,16.28125,15.96875,15.875,-27.7,0.0,58.0,0.0
0.43689,0x2B0,0.0,0.0,1.0,6.25,-0.02,-0.11,16.3125,16.28125,15.96875,15.875,-27.7,0.0,58.0,0.0
0.43811,0x316,0.0,0.0,1.0,6.25,-0.02,-0.11,16.3125,16.28125,15.96875,15.875,-27.7,0.0,58.0,0.0
0.4445,0x220,0.0,0.0,1.0,6.25,0.05,-0.09,16.3125,16.28125,15.96875,15.875,-27.7,0.0,58.0,0.0
0.44689,0x2B0,0.0,0.0,1.0,6.25,0.05,-0.09,16.3125,16.28125,15.96875,15.875,-27.9,8.0,58.0,0.0
0.44883,0x316,0.0,0.0,1.0,6.25,0.05,-0.09,16.3125,16.28125,15.96875,15.875,-27.9,8.0,58.0,0.0
0.45451,0x220,0.0,0.0,1.0,6.25,0.12,-0.07,16.3125,16.28125,15.96875,15.875,-27.9,8.0,58.0,0.0
0.45523,0x386,0.0,0.0,1.0,6.25,0.12,-0.07,16.375,16.40625,16.0,15.96875,-27.9,8.0,58.0,0.0
0.45687,0x2B0,0.0,0.0,1.0,6.25,0.12,-0.07,16.375,16.40625,16.0,15.96875,-27.9,8.0,58.0,0.0
0.45809,0x316,0.0,0.0,1.0,6.25,0.12,-0.07,16.375,16.40625,16.0,15.96875,-27.9,8.0,58.0,0.0
0.46452,0x220,0.0,0.0,1.0,6.25,0.16,-0.04,16.375,16.40625,16.0,15.96875,-27.9,8.0,58.0,0.0
0.46687,0x2B0,0.0,0.0,1.0,6.25,0.16,-0.04,16.375,16.40625,16.0,15.96875,-28.0,0.0,58.0,0.0
0.46811,0x316,0.0,0.0,1.0,6.25,0.16,-0.04,16.375,16.40625,16.0,15.96875,-28.0,0.0,58.0,0.0
0.47449,0x220,0.0,0.0,1.0,6.25,0.2,-0.01,16.375,16.40625,16.0,15.96875,-28.0,0.0,58.0,0.0
0.4752,0x386,0.0,0.0,1.0,6.25,0.2,-0.01,16.5,16.53125,16.09375,16.03125,-28.0,0.0,58.0,0.0
0.47687,0x2B0,0.0,0.0,1.0,6.25,0.2,-0.01,16.5,16.53125,16.09375,16.03125,-28.0,0.0,58.0,0.0
0.47814,0x316,0.0,0.0,1.0,6.25,0.2,-0.01,16.5,16.53125,16.09375,16.03125,-28.0,0.0,58.0,0.0
0.48452,0x220,0.0,0.0,1.0,6.25,0.17,0.0,16.5,16.53125,16.09375,16.03125,-28.0,0.0,58.0,0.0
0.48687,0x2B0,0.0,0.0,1.0,6.25,0.17,0.0,16.5,16.53125,16.09375,16.03125,-28.3,12.0,58.0,0.0
0.48803,0x316,0.0,0.0,1.0,6.25,0.17,0.0,16.5,16.53125,16.09375,16.03125,-28.3,12.0,58.0,0.0
0.49452,0x220,0.0,0.0,1.0,6.25,0.1,0.0,16.5,16.53125,16.09375,16.03125,-28.3,12.0,58.0,0.0
0.49523,0x386,0.0,0.0,1.0,6.25,0.1,0.0,16.59375,16.59375,16.1875,16.0625,-28.3,12.0,58.0,0.0
0.49689,0x2B0,0.0,0.0,1.0,6.25,0.1,0.0,16.59375,16.59375,16.1875,16.0625,-28.3,12.0,58.0,0.0
0.49809,0x316,0.0,0.0,1.0,6.25,0.1,0.0,16.59375,16.59375,16.1875,16.0625,-28.3,12.0,58.0,0.0
0.50452,0x220,0.0,0.0,1.0,6.25,0.06,0.0,16.59375,16.59375,16.1875,16.0625,-28.3,12.0,58.0,0.0
0.50691,0x2B0,0.0,0.0,1.0,6.25,0.06,0.0,16.59375,16.59375,16.1875,16.0625,-28.5,8.0,58.0,0.0
0.50806,0x316,0.0,0.0,1.0,6.25,0.06,0.0,16.59375,16.59375,16.1875,16.0625,-28.5,8.0,58.0,0.0
0.51452,0x220,0.0,0.0,1.0,6.25,0.08,-0.03,16.59375,16.59375,16.1875,16.0625,-28.5,8.0,58.0,0.0
0.51522,0x386,0.0,0.0,1.0,6.25,0.08,-0.03,16.71875,16.625,16.125,16.15625,-28.5,8.0,58.0,0.0
0.51692,0x2B0,0.0,0.0,1.0,6.25,0.08,-0.03,16.71875,16.625,16.125,16.15625,-28.6,12.0,58.0,0.0
0.51808,0x316,0.0,0.0,1.0,6.25,0.08,-0.03,16.71875,16.625,16.125,16.15625,-28.6,12.0,58.0,0.0
0.52452,0x220,0.0,0.0,1.0,6.25,0.1,-0.03,16.71875,16.625,16.125,16.15625,-28.6,12.0,58.0,0.0
0.5269,0x2B0,0.0,0.0,1.0,6.25,0.1,-0.03,16.71875,16.625,16.125,16.15625,-28.6,0.0,58.0,0.0
0.52802,0x316,0.0,0.0,1.0,6.25,0.1,-0.03,16.71875,16.625,16.125,16.15625,-28.6,0.0,58.0,0.0
0.5345,0x220,0.0,0.0,1.0,6.25,0.12,0.0,16.71875,16.625,16.125,16.15625,-28.6,0.0,58.0,0.0
0.5352,0x386,0.0,0.0,1.0,6.25,0.12,0.0,16.78125,16.6875,16.28125,16.3125,-28.6,0.0,58.0,0.0
0.53688,0x2B0,0.0,0.0,1.0,6.25,0.12,0.0,16.78125,16.6875,16.28125,16.3125,-28.9,12.0,58.0,0.0
0.53815,0x316,0.0,0.0,1.0,6.25,0.12,0.0,16.78125,16.6875,16.28125,16.3125,-28.9,12.0,58.0,0.0
0.54451,0x220,0.0,0.0,1.0,6.25,0.15,0.04,16.78125,16.6875,16.28125,16.3125,-28.9,12.0,58.0,0.0
0.54687,0x2B0,0.0,0.0,1.0,6.25,0.15,0.04,16.78125,16.6875,16.28125,16.3125,-29.1,24.0,58.0,0.0
0.54885,0x316,0.0,0.0,1.0,6.25,0.15,0.04,16.78125,16.6875,16.28125,16.3125,-29.1,24.0,58.0,0.0
0.55452,0x220,0.0,0.0,1.0,6.25,0.16,0.03,16.78125,16.6875,16.28125,16.3125,-29.1,24.0,58.0,0.0
0.55523,0x386,0.0,0.0,1.0,6.25,0.16,0.03,16.875,16.78125,16.375,16.25,-29.1,24.0,58.0,0.0
0.55689,0x2B0,0.0,0.0,1.0,6.25,0.16,0.03,16.875,16.78125,16.375,16.25,-29.1,8.0,58.0,0.0
0.55803,0x316,0.0,0.0,1.0,6.25,0.16,0.03,16.875,16.78125,16.375,16.25,-29.1,8.0,58.0,0.0
0.56452,0x220,0.0,0.0,1.0,6.25,0.16,0.0,16.875,16.78125,16.375,16.25,-29.1,8.0,58.0,0.0
0.56689,0x2B0,0.0,0.0,1.0,6.25,0.16,0.0,16.875,16.78125,16.375,16.25,-29.4,12.0,58.0,0.0
0.56806,0x316,0.0,0.0,1.0,6.25,0.16,0.0,16.875,16.78125,16.375,16.25,-29.4,12.0,58.0,0.0
0.57451,0x220,0.0,0.0,1.0,6.25,0.15,0.02,16.875,16.78125,16.375,16.25,-29.4,12.0,58.0,0.0
0.57522,0x386,0.0,0.0,1.0,6.25,0.15,0.02,17.0,16.84375,16.34375,16.46875,-29.4,12.0,58.0,0.0
0.57689,0x2B0,0.0,0.0,1.0,6.25,0.15,0.02,17.0,16.84375,16.34375,16.46875,-29.6,24.0,58.0,0.0
0.57828,0x316,0.0,0.0,1.0,6.25,0.15,0.02,17.0,16.84375,16.34375,16.46875,-29.6,24.0,58.0,0.0
0.58452,0x220,0.0,0.0,1.0,6.25,0.12,0.05,17.0,16.84375,16.34375,16.46875,-29.6,24.0,58.0,0.0
0.58687,0x2B0,0.0,0.0,1.0,6.25,0.12,0.05,17.0,16.84375,16.34375,16.46875,-29.8,20.0,58.0,0.0
0.5881,0x316,0.0,0.0,1.0,6.25,0.12,0.05,17.0,16.84375,16.34375,16.46875,-29.8,20.0,58.0,0.0
0.59453,0x220,0.0,0.0,1.0,6.25,0.15,0.0,17.0,16.84375,16.34375,16.46875,-29.8,20.0,58.0,0.0
0.59524,0x386,0.0,0.0,1.0,6.25,0.15,0.0,17.0,16.90625,16.46875,16.5,-29.8,20.0,58.0,0.0
0.59687,0x2B0,0.0,0.0,1.0,6.25,0.15,0.0,17.0,16.90625,16.46875,16.5,-29.9,12.0,58.0,0.0
0.59805,0x316,0.0,0.0,1.0,6.25,0.15,0.0,17.0,16.90625,16.46875,16.5,-29.9,12.0,58.0,0.0
0.60452,0x220,0.0,0.0,1.0,6.25,0.21,-0.05,17.0,16.90625,16.46875,16.5,-29.9,12.0,58.0,0.0
0.6069,0x2B0,0.0,0.0,1.0,6.25,0.21,-0.05,17.0,16.90625,16.46875,16.5,-30.2,20.0,58.0,0.0
0.60803,0x316,0.0,0.0,1.0,6.25,0.21,-0.05,17.0,16.90625,16.46875,16.5,-30.2,20.0,56.0,0.0
0.61452,0x220,0.0,0.0,1.0,6.25,0.21,-0.08,17.0,16.90625,16.46875,16.5,-30.2,20.0,56.0,0.0
0.61522,0x386,0.0,0.0,1.0,6.25,0.21,-0.08,17.09375,16.875,16.625,16.625,-30.2,20.0,56.0,0.0
0.61691,0x2B0,0.0,0.0,1.0,6.25,0.21,-0.08,17.09375,16.875,16.625,16.625,-30.4,24.0,56.0,0.0
0.61814,0x316,0.0,0.0,1.0,6.25,0.21,-0.08,17.09375,16.875,16.625,16.625,-30.4,24.0,56.0,0.0
0.62452,0x220,0.0,0.0,1.0,6.25,0.14,-0.07,17.09375,16.875,16.625,16.625,-30.4,24.0,56.0,0.0
0.62689,0x2B0,0.0,0.0,1.0,6.25,0.14,-0.07,17.09375,16.875,16.625,16.625,-30.7,24.0,56.0,0.0
0.62806,0x316,0.0,0.0,1.0,6.25,0.14,-0.07,17.09375,16.875,16.625,16.625,-30.7,24.0,53.0,0.0
0.63452,0x220,0.0,0.0,1.0,6.25,0.09,-0.01,17.09375,16.875,16.625,16.625,-30.7,24.0,53.0,0.0
0.63522,0x386,0.0,0.0,1.0,6.25,0.09,-0.01,17.125,17.0,16.625,16.6875,-30.7,24.0,53.0,0.0
0.63689,0x2B0,0.0,0.0,1.0,6.25,0.09,-0.01,17.125,17.0,16.625,16.6875,-30.9,24.0,53.0,0.0
0.63811,0x316,0.0,0.0,1.0,6.25,0.09,-0.01,17.125,17.0,16.625,16.6875,-30.9,24.0,53.0,0.0
0.64451,0x220,0.0,0.0,1.0,6.25,0.06,-0.02,17.125,17.0,16.625,16.6875,-30.9,24.0,53.0,0.0
0.6469,0x2B0,0.0,0.0,1.0,6.25,0.06,-0.02,17.125,17.0,16.625,16.6875,-31.2,24.0,53.0,0.0
0.64883,0x316,0.0,0.0,1.0,6.25,0.06,-0.02,17.125,17.0,16.625,16.6875,-31.2,24.0,53.0,0.0
0.65452,0x220,0.0,0.0,1.0,6.25,0.01,-0.08,17.125,17.0,16.625,16.6875,-31.2,24.0,53.0,0.0
0.65522,0x386,0.0,0.0,1.0,6.25,0.01,-0.08,17.1875,17.03125,16.71875,16.71875,-31.2,24.0,53.0,0.0
0.65687,0x2B0,0.0,0.0,1.0,6.25,0.01,-0.08,17.1875,17.03125,16.71875,16.71875,-31.4,24.0,53.0,0.0
0.6581,0x316,0.0,0.0,1.0,6.25,0.01,-0.08,17.1875,17.03125,16.71875,16.71875,-31.4,24.0,53.0,0.0
0.66452,0x220,0.0,0.0,1.0,6.25,-0.03,-0.09,17.1875,17.03125,16.71875,16.71875,-31.4,24.0,53.0,0.0
0.66689,0x2B0,0.0,0.0,1.0,6.25,-0.03,-0.09,17.1875,17.03125,16.71875,16.71875,-31.7,24.0,53.0,0.0
0.66811,0x316,0.0,0.0,1.0,6.25,-0.03,-0.09,17.1875,17.03125,16.71875,16.71875,-31.7,24.0,53.0,0.0
0.67452,0x220,0.0,0.0,1.0,6.25,-0.04,-0.09,17.1875,17.03125,16.71875,16.71875,-31.7,24.0,53.0,0.0
0.67522,0x386,0.0,0.0,1.0,6.25,-0.04,-0.09,17.25,17.09375,16.78125,16.8125,-31.7,24.0,53.0,0.0
0.67685,0x2B0,0.0,0.0,1.0,6.25,-0.04,-0.09,17.25,17.09375,16.78125,16.8125,-32.0,28.0,53.0,0.0
0.67813,0x316,0.0,0.0,1.0,6.25,-0.04,-0.09,17.25,17.09375,16.78125,16.8125,-32.0,28.0,53.0,0.0
0.68453,0x220,0.0,0.0,1.0,6.25,-0.05,-0.1,17.25,17.09375,16.78125,16.8125,-32.0,28.0,53.0,0.0
0.68683,0x2B0,0.0,0.0,1.0,6.25,-0.05,-0.1,17.25,17.09375,16.78125,16.8125,-32.3,28.0,53.0,0.0
0.68805,0x316,0.0,0.0,1.0,6.25,-0.05,-0.1,17.25,17.09375,16.78125,16.8125,-32.3,28.0,53.0,0.0
0.69453,0x220,0.0,0.0,1.0,6.25,-0.06,-0.13,17.25,17.09375,16.78125,16.8125,-32.3,28.0,53.0,0.0
0.69523,0x386,0.0,0.0,1.0,6.25,-0.06,-0.13,17.28125,17.21875,16.90625,16.90625,-32.3,28.0,53.0,0.0
0.69684,0x2B0,0.0,0.0,1.0,6.25,-0.06,-0.13,17.28125,17.21875,16.90625,16.90625,-32.5,24.0,53.0,0.0
0.69808,0x316,0.0,0.0,1.0,6.25,-0.06,-0.13,17.28125,17.21875,16.90625,16.90625,-32.5,24.0,53.0,0.0
0.7045,0x220,0.0,0.0,1.0,6.25,-0.08,-0.17,17.28125,17.21875,16.90625,16.90625,-32.5,24.0,53.0,0.0
0.70682,0x2B0,0.0,0.0,1.0,6.25,-0.08,-0.17,17.28125,17.21875,16.90625,16.90625,-32.8,24.0,53.0,0.0
0.70804,0x316,0.0,0.0,1.0,6.25,-0.08,-0.17,17.28125,17.21875,16.90625,16.90625,-32.8,24.0,53.0,0.0
0.7145,0x220,0.0,0.0,1.0,6.25,-0.08,-0.15,17.28125,17.21875,16.90625,16.90625,-32.8,24.0,53.0,0.0
0.71521,0x386,0.0,0.0,1.0,6.25,-0.08,-0.15,17.34375,17.28125,17.0,16.96875,-32.8,24.0,53.0,0.0
0.71684,0x2B0,0.0,0.0,1.0,6.25,-0.08,-0.15,17.34375,17.28125,17.0,16.96875,-33.1,28.0,53.0,0.0
0.71813,0x316,0.0,0.0,1.0,6.25,-0.08,-0.15,17.34375,17.28125,17.0,16.96875,-33.1,28.0,53.0,0.0
0.72453,0x220,0.0,0.0,1.0,6.25,-0.04,-0.12,17.34375,17.28125,17.0,16.96875,-33.1,28.0,53.0,0.0
0.72686,0x2B0,0.0,0.0,1.0,6.25,-0.04,-0.12,17.34375,17.28125,17.0,16.96875,-33.3,24.0,53.0,0.0
0.72804,0x316,0.0,0.0,1.0,6.25,-0.04,-0.12,17.34375,17.28125,17.0,16.96875,-33.3,24.0,53.0,0.0
0.7345,0x220,0.0,0.0,1.0,6.25,-0.04,-0.15,17.34375,17.28125,17.0,16.96875,-33.3,24.0,53.0,0.0
0.73521,0x386,0.0,0.0,1.0,6.25,-0.04,-0.15,17.4375,17.375,17.09375,17.03125,-33.3,24.0,53.0,0.0
0.73685,0x2B0,0.0,0.0,1.0,6.25,-0.04,-0.15,17.4375,17.375,17.09375,17.03125,-33.5,20.0,53.0,0.0
0.73812,0x316,0.0,0.0,1.0,6.25,-0.04,-0.15,17.4375,17.375,17.09375,17.03125,-33.5,20.0,53.0,0.0
0.7445,0x220,0.0,0.0,1.0,6.25,-0.08,-0.21,17.4375,17.375,17.09375,17.03125,-33.5,20.0,53.0,0.0
0.74683,0x2B0,0.0,0.0,1.0,6.25,-0.08,-0.21,17.4375,17.375,17.09375,17.03125,-33.8,24.0,53.0,0.0
0.74893,0x316,0.0,0.0,1.0,6.25,-0.08,-0.21,17.4375,17.375,17.09375,17.03125,-33.8,24.0,53.0,0.0
0.75452,0x220,0.0,0.0,1.0,6.25,-0.16,-0.2,17.4375,17.375,17.09375,17.03125,-33.8,24.0,53.0,0.0
0.75522,0x386,0.0,0.0,1.0,6.25,-0.16,-0.2,17.53125,17.4375,17.1875,17.15625,-33.8,24.0,53.0,0.0
0.75683,0x2B0,0.0,0.0,1.0,6.25,-0.16,-0.2,17.53125,17.4375,17.1875,17.15625,-34.0,24.0,53.0,0.0
0.75803,0x316,0.0,0.0,1.0,6.25,-0.16,-0.2,17.53125,17.4375,17.1875,17.15625,-34.0,24.0,53.0,0.0
0.76451,0x220,0.0,0.0,1.0,6.25,-0.25,-0.17,17.53125,17.4375,17.1875,17.15625,-34.0,24.0,53.0,0.0
0.76686,0x2B0,0.0,0.0,1.0,6.25,-0.25,-0.17,17.53125,17.4375,17.1875,17.15625,-34.2,20.0,53.0,0.0
0.76807,0x316,0.0,0.0,1.0,6.25,-0.25,-0.17,17.53125,17.4375,17.1875,17.15625,-34.2,20.0,53.0,0.0
0.77452,0x220,0.0,0.0,1.0,6.25,-0.33,-0.19,17.53125,17.4375,17.1875,17.15625,-34.2,20.0,53.0,0.0
0.77522,0x386,0.0,0.0,1.0,6.25,-0.33,-0.19,17.5625,17.5625,17.28125,17.09375,-34.2,20.0,53.0,0.0
0.77686,0x2B0,0.0,0.0,1.0,6.25,-0.33,-0.19,17.5625,17.5625,17.28125,17.09375,-34.4,20.0,53.0,0.0
0.77815,0x316,0.0,0.0,1.0,6.25,-0.33,-0.19,17.5625,17.5625,17.28125,17.09375,-34.4,20.0,53.0,0.0
0.78452,0x220,0.0,0.0,1.0,6.25,-0.36,-0.22,17.5625,17.5625,17.28125,17.09375,-34.4,20.0,53.0,0.0
0.78686,0x2B0,0.0,0.0,1.0,6.25,-0.36,-0.22,17.5625,17.5625,17.28125,17.09375,-34.5,12.0,53.0,0.0
0.78806,0x316,0.0,0.0,1.0,6.25,-0.36,-0.22,17.5625,17.5625,17.28125,17.09375,-34.5,12.0,53.0,0.0
0.79451,0x220,0.0,0.0,1.0,6.25,-0.33,-0.21,17.5625,17.5625,17.28125,17.09375,-34.5,12.0,53.0,0.0
0.79521,0x386,0.0,0.0,1.0,6.25,-0.33,-0.21,17.625,17.625,17.375,17.25,-34.5,12.0,53.0,0.0
0.79686,0x2B0,0.0,0.0,1.0,6.25,-0.33,-0.21,17.625,17.625,17.375,17.25,-34.7,12.0,53.0,0.0
0.79802,0x316,0.0,0.0,1.0,6.25,-0.33,-0.21,17.625,17.625,17.375,17.25,-34.7,12.0,53.0,0.0
0.80452,0x220,0.0,0.0,1.0,6.25,-0.28,-0.19,17.625,17.625,17.375,17.25,-34.7,12.0,53.0,0.0
0.80687,0x2B0,0.0,0.0,1.0,6.25,-0.28,-0.19,17.625,17.625,17.375,17.25,-34.8,12.0,53.0,0.0
0.80802,0x316,0.0,0.0,1.0,6.25,-0.28,-0.19,17.625,17.625,17.375,17.25,-34.8,12.0,53.0,0.0
0.81452,0x220,0.0,0.0,1.0,6.25,-0.25,-0.17,17.625,17.625,17.375,17.25,-34.8,12.0,53.0,0.0
0.81523,0x386,0.0,0.0,1.0,6.25,-0.25,-0.17,17.6875,17.71875,17.34375,17.34375,-34.8,12.0,53.0,0.0
0.81686,0x2B0,0.0,0.0,1.0,6.25,-0.25,-0.17,17.6875,17.71875,17.34375,17.34375,-34.8,0.0,53.0,0.0
0.81817,0x316,0.0,0.0,1.0,6.25,-0.25,-0.17,17.6875,17.71875,17.34375,17.34375,-34.8,0.0,53.0,0.0
0.82453,0x220,0.0,0.0,1.0,6.25,-0.24,-0.19,17.6875,17.71875,17.34375,17.34375,-34.8,0.0,53.0,0.0
0.82689,0x2B0,0.0,0.0,1.0,6.25,-0.24,-0.19,17.6875,17.71875,17.34375,17.34375,-35.0,8.0,53.0,0.0
0.82806,0x316,0.0,0.0,1.0,6.25,-0.24,-0.19,17.6875,17.71875,17.34375,17.34375,-35.0,8.0,53.0,0.0
0.83452,0x220,0.0,0.0,1.0,6.25,-0.26,-0.24,17.6875,17.71875,17.34375,17.34375,-35.0,8.0,53.0,0.0
0.83522,0x386,0.0,0.0,1.0,6.25,-0.26,-0.24,17.8125,17.78125,17.40625,17.3125,-35.0,8.0,53.0,0.0
0.83685,0x2B0,0.0,0.0,1.0,6.25,-0.26,-0.24,17.8125,17.78125,17.40625,17.3125,-35.0,8.0,53.0,0.0
0.83808,0x316,0.0,0.0,1.0,6.25,-0.26,-0.24,17.8125,17.78125,17.40625,17.3125,-35.0,8.0,53.0,0.0
0.84452,0x220,0.0,0.0,1.0,6.25,-0.33,-0.26,17.8125,17.78125,17.40625,17.3125,-35.0,8.0,53.0,0.0
0.84687,0x2B0,0.0,0.0,1.0,6.25,-0.33,-0.26,17.8125,17.78125,17.40625,17.3125,-35.2,8.0,53.0,0.0
0.84878,0x316,0.0,0.0,1.0,6.25,-0.33,-0.26,17.8125,17.78125,17.40625,17.3125,-35.2,8.0,53.0,0.0
0.85452,0x220,0.0,0.0,1.0,6.25,-0.39,-0.22,17.8125,17.78125,17.40625,17.3125,-35.2,8.0,53.0,0.0
0.85523,0x386,0.0,0.0,1.0,6.25,-0.39,-0.22,17.9375,17.875,17.46875,17.4375,-35.2,8.0,53.0,0.0
0.85683,0x2B0,0.0,0.0,1.0,6.25,-0.39,-0.22,17.9375,17.875,17.46875,17.4375,-35.2,8.0,53.0,0.0
0.85801,0x316,0.0,0.0,1.0,6.25,-0.39,-0.22,17.9375,17.875,17.46875,17.4375,-35.2,8.0,53.0,0.0
0.86452,0x220,0.0,0.0,1.0,6.25,-0.41,-0.17,17.9375,17.875,17.46875,17.4375,-35.2,8.0,53.0,0.0
0.86681,0x2B0,0.0,0.0,1.0,6.25,-0.41,-0.17,17.9375,17.875,17.46875,17.4375,-35.3,0.0,53.0,0.0
0.86814,0x316,0.0,0.0,1.0,6.25,-0.41,-0.17,17.9375,17.875,17.46875,17.4375,-35.3,0.0,53.0,0.0
0.87452,0x220,0.0,0.0,1.0,6.25,-0.36,-0.12,17.9375,17.875,17.46875,17.4375,-35.3,0.0,53.0,0.0
0.87522,0x386,0.0,0.0,1.0,6.25,-0.36,-0.12,18.03125,17.9375,17.5625,17.46875,-35.3,0.0,53.0,0.0
0.87678,0x2B0,0.0,0.0,1.0,6.25,-0.36,-0.12,18.03125,17.9375,17.5625,17.46875,-35.3,0.0,53.0,0.0
0.87814,0x316,0.0,0.0,1.0,6.25,-0.36,-0.12,18.03125,17.9375,17.5625,17.46875,-35.3,0.0,53.0,0.0
0.88453,0x220,0.0,0.0,1.0,6.25,-0.31,-0.12,18.03125,17.9375,17.5625,17.46875,-35.3,0.0,53.0,0.0
0.88677,0x2B0,0.0,0.0,1.0,6.25,-0.31,-0.12,18.03125,17.9375,17.5625,17.46875,-35.3,0.0,53.0,0.0
0.88803,0x316,0.0,0.0,1.0,6.25,-0.31,-0.12,18.03125,17.9375,17.5625,17.46875,-35.3,0.0,53.0,0.0
0.89453,0x220,0.0,0.0,1.0,6.25,-0.27,-0.18,18.03125,17.9375,17.5625,17.46875,-35.3,0.0,53.0,0.0
0.89523,0x386,0.0,0.0,1.0,6.25,-0.27,-0.18,18.125,18.0,17.59375,17.5,-35.3,0.0,53.0,0.0
0.89685,0x2B0,0.0,0.0,1.0,6.25,-0.27,-0.18,18.125,18.0,17.59375,17.5,-35.3,0.0,53.0,0.0
0.89801,0x316,0.0,0.0,1.0,6.25,-0.27,-0.18,18.125,18.0,17.59375,17.5,-35.3,0.0,53.0,0.0
0.90452,0x220,0.0,0.0,1.0,6.25,-0.26,-0.24,18.125,18.0,17.59375,17.5,-35.3,0.0,53.0,0.0
0.90682,0x2B0,0.0,0.0,1.0,6.25,-0.26,-0.24,18.125,18.0,17.59375,17.5,-35.3,0.0,53.0,0.0
0.90804,0x316,0.0,0.0,1.0,6.25,-0.26,-0.24,18.125,18.0,17.59375,17.5,-35.3,0.0,53.0,0.0
0.91452,0x220,0.0,0.0,1.0,6.25,-0.28,-0.27,18.125,18.0,17.59375,17.5,-35.3,0.0,53.0,0.0
0.91521,0x386,0.0,0.0,1.0,6.25,-0.28,-0.27,18.1875,18.0625,17.65625,17.625,-35.3,0.0,53.0,0.0
0.91683,0x2B0,0.0,0.0,1.0,6.25,-0.28,-0.27,18.1875,18.0625,17.65625,17.625,-35.4,0.0,53.0,0.0
0.91822,0x316,0.0,0.0,1.0,6.25,-0.28,-0.27,18.1875,18.0625,17.65625,17.625,-35.4,0.0,53.0,0.0
0.92451,0x220,0.0,0.0,1.0,6.25,-0.27,-0.27,18.1875,18.0625,17.65625,17.625,-35.4,0.0,53.0,0.0
0.92682,0x2B0,0.0,0.0,1.0,6.25,-0.27,-0.27,18.1875,18.0625,17.65625,17.625,-35.4,0.0,53.0,0.0
0.92802,0x316,0.0,0.0,1.0,6.25,-0.27,-0.27,18.1875,18.0625,17.65625,17.625,-35.4,0.0,53.0,0.0
0.93452,0x220,0.0,0.0,1.0,6.25,-0.27,-0.29,18.1875,18.0625,17.65625,17.625,-35.4,0.0,53.0,0.0
0.93522,0x386,0.0,0.0,1.0,6.25,-0.27,-0.29,18.28125,18.0625,17.59375,17.59375,-35.4,0.0,53.0,0.0
0.93682,0x2B0,0.0,0.0,1.0,6.25,-0.27,-0.29,18.28125,18.0625,17.59375,17.59375,-35.6,8.0,53.0,0.0
0.93808,0x316,0.0,0.0,1.0,6.25,-0.27,-0.29,18.28125,18.0625,17.59375,17.59375,-35.6,8.0,53.0,0.0
0.94451,0x220,0.0,0.0,1.0,6.25,-0.32,-0.28,18.28125,18.0625,17.59375,17.59375,-35.6,8.0,53.0,0.0
0.94679,0x2B0,0.0,0.0,1.0,6.25,-0.32,-0.28,18.28125,18.0625,17.59375,17.59375,-35.6,8.0,53.0,0.0
0.94895,0x316,0.0,0.0,1.0,6.25,-0.32,-0.28,18.28125,18.0625,17.59375,17.59375,-35.6,8.0,53.0,0.0
0.95452,0x220,0.0,0.0,1.0,6.25,-0.38,-0.25,18.28125,18.0625,17.59375,17.59375,-35.6,8.0,53.0,0.0
0.95522,0x386,0.0,0.0,1.0,6.25,-0.38,-0.25,18.34375,18.15625,17.75,17.75,-35.6,8.0,53.0,0.0
0.95685,0x2B0,0.0,0.0,1.0,6.25,-0.38,-0.25,18.34375,18.15625,17.75,17.75,-35.6,0.0,53.0,0.0
0.95808,0x316,0.0,0.0,1.0,6.25,-0.38,-0.25,18.34375,18.15625,17.75,17.75,-35.6,0.0,53.0,0.0
0.96453,0x220,0.0,0.0,1.0,6.25,-0.4,-0.22,18.34375,18.15625,17.75,17.75,-35.6,0.0,53.0,0.0
0.96683,0x2B0,0.0,0.0,1.0,6.25,-0.4,-0.22,18.34375,18.15625,17.75,17.75,-35.6,0.0,53.0,0.0
0.96814,0x316,0.0,0.0,1.0,6.25,-0.4,-0.22,18.34375,18.15625,17.75,17.75,-35.6,0.0,53.0,0.0
0.97453,0x220,0.0,0.0,1.0,6.25,-0.36,-0.22,18.34375,18.15625,17.75,17.75,-35.6,0.0,53.0,0.0
0.97523,0x386,0.0,0.0,1.0,6.25,-0.36,-0.22,18.40625,18.21875,17.90625,17.875,-35.6,0.0,53.0,0.0
0.97682,0x2B0,0.0,0.0,1.0,6.25,-0.36,-0.22,18.40625,18.21875,17.90625,17.875,-35.7,0.0,53.0,0.0
0.97811,0x316,0.0,0.0,1.0,6.25,-0.36,-0.22,18.40625,18.21875,17.90625,17.875,-35.7,0.0,53.0,0.0
0.98454,0x220,0.0,0.0,1.0,6.25,-0.32,-0.25,18.40625,18.21875,17.90625,17.875,-35.7,0.0,53.0,0.0
0.98684,0x2B0,0.0,0.0,1.0,6.25,-0.32,-0.25,18.40625,18.21875,17.90625,17.875,-35.7,0.0,53.0,0.0
0.98804,0x316,0.0,0.0,1.0,6.25,-0.32,-0.25,18.40625,18.21875,17.90625,17.875,-35.7,0.0,53.0,0.0
0.99453,0x220,0.0,0.0,1.0,6.25,-0.29,-0.3,18.40625,18.21875,17.90625,17.875,-35.7,0.0,53.0,0.0
0.99523,0x386,0.0,0.0,1.0,6.25,-0.29,-0.3,18.53125,18.25,17.96875,17.90625,-35.7,0.0,53.0,0.0
0.99685,0x2B0,0.0,0.0,1.0,6.25,-0.29,-0.3,18.53125,18.25,17.96875,17.90625,-35.8,0.0,53.0,0.0
0.99808,0x316,0.0,0.0,1.0,6.25,-0.29,-0.3,18.53125,18.25,17.96875,17.90625,-35.8,0.0,53.0,0.0
1.00453,0x220,0.0,0.0,1.0,6.25,-0.29,-0.34,18.53125,18.25,17.96875,17.90625,-35.8,0.0,53.0,0.0
1.00689,0x2B0,0.0,0.0,1.0,6.25,-0.29,-0.34,18.53125,18.25,17.96875,17.90625,-35.8,0.0,53.0,0.0
1.008,0x316,0.0,0.0,1.0,6.25,-0.29,-0.34,18.53125,18.25,17.96875,17.90625,-35.8,0.0,53.0,0.0
1.01453,0x220,0.0,0.0,1.0,6.25,-0.36,-0.34,18.53125,18.25,17.96875,17.90625,-35.8,0.0,53.0,0.0
1.01523,0x386,0.0,0.0,1.0,6.25,-0.36,-0.34,18.5625,18.375,18.03125,18.0625,-35.8,0.0,53.0,0.0
1.01686,0x2B0,0.0,0.0,1.0,6.25,-0.36,-0.34,18.5625,18.375,18.03125,18.0625,-35.8,0.0,53.0,0.0
1.01802,0x316,0.0,0.0,1.0,6.25,-0.36,-0.34,18.5625,18.375,18.03125,18.0625,-35.8,0.0,53.0,0.0
1.02451,0x220,0.0,0.0,1.0,6.25,-0.46,-0.31,18.5625,18.375,18.03125,18.0625,-35.8,0.0,53.0,0.0
1.02686,0x2B0,0.0,0.0,1.0,6.25,-0.46,-0.31,18.5625,18.375,18.03125,18.0625,-35.8,0.0,53.0,0.0
1.02803,0x316,0.0,0.0,1.0,6.25,-0.46,-0.31,18.5625,18.375,18.03125,18.0625,-35.8,0.0,53.0,0.0
1.03452,0x220,0.0,0.0,1.0,6.25,-0.58,-0.29,18.5625,18.375,18.03125,18.0625,-35.8,0.0,53.0,0.0
1.03523,0x386,0.0,0.0,1.0,6.25,-0.58,-0.29,18.625,18.4375,18.15625,18.0,-35.8,0.0,53.0,0.0
1.03685,0x2B0,0.0,0.0,1.0,6.25,-0.58,-0.29,18.625,18.4375,18.15625,18.0,-35.8,0.0,53.0,0.0
1.03812,0x316,0.0,0.0,1.0,6.25,-0.58,-0.29,18.625,18.4375,18.15625,18.0,-35.8,0.0,53.0,0.0
1.04454,0x220,0.0,0.0,1.0,6.25,-0.65,-0.26,18.625,18.4375,18.15625,18.0,-35.8,0.0,53.0,0.0
1.04684,0x2B0,0.0,0.0,1.0,6.25,-0.65,-0.26,18.625,18.4375,18.15625,18.0,-35.9,0.0,53.0,0.0
1.04887,0x316,0.0,0.0,1.0,6.25,-0.65,-0.26,18.625,18.4375,18.15625,18.0,-35.9,0.0,53.0,0.0
1.05451,0x220,0.0,0.0,1.0,6.25,-0.61,-0.23,18.625,18.4375,18.15625,18.0,-35.9,0.0,53.0,0.0
1.05522,0x386,0.0,0.0,1.0,6.25,-0.61,-0.23,18.65625,18.5625,18.21875,18.125,-35.9,0.0,53.0,0.0
1.05678,0x2B0,0.0,0.0,1.0,6.25,-0.61,-0.23,18.65625,18.5625,18.21875,18.125,-35.9,0.0,53.0,0.0
1.05801,0x316,0.0,0.0,1.0,6.25,-0.61,-0.23,18.65625,18.5625,18.21875,18.125,-35.9,0.0,53.0,0.0
1.06453,0x220,0.0,0.0,1.0,6.25,-0.55,-0.23,18.65625,18.5625,18.21875,18.125,-35.9,0.0,53.0,0.0
1.06679,0x2B0,0.0,0.0,1.0,6.25,-0.55,-0.23,18.65625,18.5625,18.21875,18.125,-35.9,0.0,53.0,0.0
1.06807,0x316,0.0,0.0,1.0,6.25,-0.55,-0.23,18.65625,18.5625,18.21875,18.125,-35.9,0.0,53.0,0.0
1.07453,0x220,0.0,0.0,1.0,6.25,-0.51,-0.27,18.65625,18.5625,18.21875,18.125,-35.9,0.0,53.0,0.0
1.07523,0x386,0.0,0.0,1.0,6.25,-0.51,-0.27,18.71875,18.59375,18.34375,18.09375,-35.9,0.0,53.0,0.0
1.07678,0x2B0,0.0,0.0,1.0,6.25,-0.51,-0.27,18.71875,18.59375,18.34375,18.09375,-35.9,0.0,53.0,0.0
1.07819,0x316,0.0,0.0,1.0,6.25,-0.51,-0.27,18.71875,18.59375,18.34375,18.09375,-35.9,0.0,53.0,0.0
1.08451,0x220,0.0,0.0,1.0,6.25,-0.46,-0.28,18.71875,18.59375,18.34375,18.09375,-35.9,0.0,53.0,0.0
1.08684,0x2B0,0.0,0.0,1.0,6.25,-0.46,-0.28,18.71875,18.59375,18.34375,18.09375,-35.9,0.0,53.0,0.0
1.08802,0x316,0.0,0.0,1.0,6.25,-0.46,-0.28,18.71875,18.59375,18.34375,18.09375,-35.9,0.0,53.0,0.0
1.09453,0x220,0.0,0.0,1.0,6.25,-0.49,-0.22,18.71875,18.59375,18.34375,18.09375,-35.9,0.0,53.0,0.0
1.09523,0x386,0.0,0.0,1.0,6.25,-0.49,-0.22,18.75,18.65625,18.40625,18.1875,-35.9,0.0,53.0,0.0
1.09683,0x2B0,0.0,0.0,1.0,6.25,-0.49,-0.22,18.75,18.65625,18.40625,18.1875,-35.9,0.0,53.0,0.0
1.09801,0x316,0.0,0.0,1.0,6.25,-0.49,-0.22,18.75,18.65625,18.40625,18.1875,-35.9,0.0,53.0,0.0
1.10453,0x220,0.0,0.0,1.0,6.25,-0.56,-0.21,18.75,18.65625,18.40625,18.1875,-35.9,0.0,53.0,0.0
1.10684,0x2B0,0.0,0.0,1.0,6.25,-0.56,-0.21,18.75,18.65625,18.40625,18.1875,-36.0,0.0,53.0,0.0
1.10802,0x316,0.0,0.0,1.0,6.25,-0.56,-0.21,18.75,18.65625,18.40625,18.1875,-36.0,0.0,53.0,0.0
1.11453,0x220,0.0,0.0,1.0,6.25,-0.61,-0.25,18.75,18.65625,18.40625,18.1875,-36.0,0.0,53.0,0.0
1.11523,0x386,0.0,0.0,1.0,6.25,-0.61,-0.25,18.84375,18.75,18.5,18.28125,-36.0,0.0,53.0,0.0
1.11683,0x2B0,0.0,0.0,1.0,6.25,-0.61,-0.25,18.84375,18.75,18.5,18.28125,-36.0,0.0,53.0,0.0
1.11808,0x316,0.0,0.0,1.0,6.25,-0.61,-0.25,18.84375,18.75,18.5,18.28125,-36.0,0.0,53.0,0.0
1.12452,0x220,0.0,0.0,1.0,6.25,-0.68,-0.3,18.84375,18.75,18.5,18.28125,-36.0,0.0,53.0,0.0
1.12685,0x2B0,0.0,0.0,1.0,6.25,-0.68,-0.3,18.84375,18.75,18.5,18.28125,-36.2,8.0,53.0,0.0
1.12802,0x316,0.0,0.0,1.0,6.25,-0.68,-0.3,18.84375,18.75,18.5,18.28125,-36.2,8.0,53.0,0.0
1.13452,0x220,0.0,0.0,1.0,6.25,-0.74,-0.26,18.84375,18.75,18.5,18.28125,-36.2,8.0,53.0,0.0
1.13521,0x386,0.0,0.0,1.0,6.25,-0.74,-0.26,18.90625,18.78125,18.59375,18.34375,-36.2,8.0,53.0,0.0
1.13685,0x2B0,0.0,0.0,1.0,6.25,-0.74,-0.26,18.90625,18.78125,18.59375,18.34375,-36.2,8.0,53.0,0.0
1.13809,0x316,0.0,0.0,1.0,6.25,-0.74,-0.26,18.90625,18.78125,18.59375,18.34375,-36.2,8.0,53.0,0.0
1.14454,0x220,0.0,0.0,1.0,6.25,-0.79,-0.18,18.90625,18.78125,18.59375,18.34375,-36.2,8.0,53.0,0.0
1.14685,0x2B0,0.0,0.0,1.0,6.25,-0.79,-0.18,18.90625,18.78125,18.59375,18.34375,-36.4,8.0,53.0,0.0
1.14882,0x316,0.0,0.0,1.0,6.25,-0.79,-0.18,18.90625,18.78125,18.59375,18.34375,-36.4,8.0,53.0,0.0
1.15451,0x220,0.0,0.0,1.0,6.25,-0.78,-0.15,18.90625,18.78125,18.59375,18.34375,-36.4,8.0,53.0,0.0
1.15521,0x386,0.0,0.0,1.0,6.25,-0.78,-0.15,18.96875,18.90625,18.65625,18.40625,-36.4,8.0,53.0,0.0
1.15686,0x2B0,0.0,0.0,1.0,6.25,-0.78,-0.15,18.96875,18.90625,18.65625,18.40625,-36.4,8.0,53.0,0.0
1.1581,0x316,0.0,0.0,1.0,6.25,-0.78,-0.15,18.96875,18.90625,18.65625,18.40625,-36.4,8.0,53.0,0.0
1.16453,0x220,0.0,0.0,1.0,6.25,-0.76,-0.16,18.96875,18.90625,18.65625,18.40625,-36.4,8.0,53.0,0.0
1.16683,0x2B0,0.0,0.0,1.0,6.25,-0.76,-0.16,18.96875,18.90625,18.65625,18.40625,-36.6,8.0,53.0,0.0
1.16806,0x316,0.0,0.0,1.0,6.25,-0.76,-0.16,18.96875,18.90625,18.65625,18.40625,-36.6,8.0,53.0,0.0
1.17451,0x220,0.0,0.0,1.0,6.25,-0.74,-0.18,18.96875,18.90625,18.65625,18.40625,-36.6,8.0,53.0,0.0
1.17521,0x386,0.0,0.0,1.0,6.25,-0.74,-0.18,19.0,19.03125,18.59375,18.53125,-36.6,8.0,53.0,0.0
1.17684,0x2B0,0.0,0.0,1.0,6.25,-0.74,-0.18,19.0,19.03125,18.59375,18.53125,-36.6,8.0,53.0,0.0
1.17813,0x316,0.0,0.0,1.0,6.25,-0.74,-0.18,19.0,19.03125,18.59375,18.53125,-36.6,8.0,53.0,0.0
1.18451,0x220,0.0,0.0,1.0,6.25,-0.73,-0.17,19.0,19.03125,18.59375,18.53125,-36.6,8.0,53.0,0.0
1.18683,0x2B0,0.0,0.0,1.0,6.25,-0.73,-0.17,19.0,19.03125,18.59375,18.53125,-36.8,8.0,53.0,0.0
1.18801,0x316,0.0,0.0,1.0,6.25,-0.73,-0.17,19.0,19.03125,18.59375,18.53125,-36.8,8.0,53.0,0.0
1.19454,0x220,0.0,0.0,1.0,6.25,-0.75,-0.12,19.0,19.03125,18.59375,18.53125,-36.8,8.0,53.0,0.0
1.19523,0x386,0.0,0.0,1.0,6.25,-0.75,-0.12,19.09375,19.0625,18.6875,18.625,-36.8,8.0,53.0,0.0
1.19684,0x2B0,0.0,0.0,1.0,6.25,-0.75,-0.12,19.09375,19.0625,18.6875,18.625,-36.8,8.0,53.0,0.0
1.1981,0x316,0.0,0.0,1.0,6.25,-0.75,-0.12,19.09375,19.0625,18.6875,18.625,-36.8,8.0,50.0,0.0
1.20452,0x220,0.0,0.0,1.0,6.25,-0.83,-0.07,19.09375,19.0625,18.6875,18.625,-36.8,8.0,50.0,0.0
1.20682,0x2B0,0.0,0.0,1.0,6.25,-0.83,-0.07,19.09375,19.0625,18.6875,18.625,-37.0,8.0,50.0,0.0
1.20802,0x316,0.0,0.0,1.0,6.25,-0.83,-0.07,19.09375,19.0625,18.6875,18.625,-37.0,8.0,50.0,0.0
1.21453,0x220,0.0,0.0,1.0,6.25,-0.85,-0.03,19.09375,19.0625,18.6875,18.625,-37.0,8.0,50.0,0.0
1.21524,0x386,0.0,0.0,1.0,6.25,-0.85,-0.03,19.1875,19.125,18.75,18.6875,-37.0,8.0,50.0,0.0
1.21683,0x2B0,0.0,0.0,1.0,6.25,-0.85,-0.03,19.1875,19.125,18.75,18.6875,-37.0,8.0,50.0,0.0
1.21804,0x316,0.0,0.0,1.0,6.25,-0.85,-0.03,19.1875,19.125,18.75,18.6875,-37.0,8.0,50.0,0.0
1.22452,0x220,0.0,0.0,1.0,6.25,-0.84,0.0,19.1875,19.125,18.75,18.6875,-37.0,8.0,50.0,0.0
1.22682,0x2B0,0.0,0.0,1.0,6.25,-0.84,0.0,19.1875,19.125,18.75,18.6875,-37.1,0.0,50.0,0.0
1.22799,0x316,0.0,0.0,1.0,6.25,-0.84,0.0,19.1875,19.125,18.75,18.6875,-37.1,0.0,48.0,0.0
1.23452,0x220,0.0,0.0,1.0,6.25,-0.79,0.0,19.1875,19.125,18.75,18.6875,-37.1,0.0,48.0,0.0
1.23521,0x386,0.0,0.0,1.0,6.25,-0.79,0.0,19.28125,19.15625,18.8125,18.65625,-37.1,0.0,48.0,0.0
1.23685,0x2B0,0.0,0.0,1.0,6.25,-0.79,0.0,19.28125,19.15625,18.8125,18.65625,-37.1,0.0,48.0,0.0
1.23814,0x316,0.0,0.0,1.0,6.25,-0.79,0.0,19.28125,19.15625,18.8125,18.65625,-37.1,0.0,45.0,0.0
1.24454,0x220,0.0,0.0,1.0,6.25,-0.73,-0.03,19.28125,19.15625,18.8125,18.65625,-37.1,0.0,45.0,0.0
1.24684,0x2B0,0.0,0.0,1.0,6.25,-0.73,-0.03,19.28125,19.15625,18.8125,18.65625,-37.1,0.0,45.0,0.0
1.24892,0x316,0.0,0.0,1.0,6.25,-0.73,-0.03,19.28125,19.15625,18.8125,18.65625,-37.1,0.0,45.0,0.0
1.25454,0x220,0.0,0.0,1.0,6.25,-0.71,-0.07,19.28125,19.15625,18.8125,18.65625,-37.1,0.0,45.0,0.0
1.25524,0x386,0.0,0.0,1.0,6.25,-0.71,-0.07,19.34375,19.15625,18.875,18.8125,-37.1,0.0,45.0,0.0
1.25686,0x2B0,0.0,0.0,1.0,6.25,-0.71,-0.07,19.34375,19.15625,18.875,18.8125,-37.2,0.0,45.0,0.0
1.25802,0x316,0.0,0.0,1.0,6.25,-0.71,-0.07,19.34375,19.15625,18.875,18.8125,-37.2,0.0,45.0,0.0
1.26452,0x220,0.0,0.0,1.0,6.25,-0.74,-0.08,19.34375,19.15625,18.875,18.8125,-37.2,0.0,45.0,0.0
1.26684,0x2B0,0.0,0.0,1.0,6.25,-0.74,-0.08,19.34375,19.15625,18.875,18.8125,-37.2,0.0,45.0,0.0
1.26803,0x316,0.0,0.0,1.0,6.25,-0.74,-0.08,19.34375,19.15625,18.875,18.8125,-37.2,0.0,43.0,0.0
1.27453,0x220,0.0,0.0,1.0,6.25,-0.77,-0.04,19.34375,19.15625,18.875,18.8125,-37.2,0.0,43.0,0.0
1.27523,0x386,0.0,0.0,1.0,6.25,-0.77,-0.04,19.40625,19.15625,18.84375,18.8125,-37.2,0.0,43.0,0.0
1.27684,0x2B0,0.0,0.0,1.0,6.25,-0.77,-0.04,19.40625,19.15625,18.84375,18.8125,-37.2,0.0,43.0,0.0
1.27821,0x316,0.0,0.0,1.0,6.25,-0.77,-0.04,19.40625,19.15625,18.84375,18.8125,-37.2,0.0,43.0,0.0
1.28453,0x220,0.0,0.0,1.0,6.25,-0.74,-0.01,19.40625,19.15625,18.84375,18.8125,-37.2,0.0,43.0,0.0
1.28678,0x2B0,0.0,0.0,1.0,6.25,-0.74,-0.01,19.40625,19.15625,18.84375,18.8125,-37.2,0.0,43.0,0.0
1.28806,0x316,0.0,0.0,1.0,6.25,-0.74,-0.01,19.40625,19.15625,18.84375,18.8125,-37.2,0.0,43.0,0.0
1.29455,0x220,0.0,0.0,1.0,6.25,-0.69,-0.07,19.40625,19.15625,18.84375,18.8125,-37.2,0.0,43.0,0.0
1.29525,0x386,0.0,0.0,1.0,6.25,-0.69,-0.07,19.46875,19.25,18.875,18.9375,-37.2,0.0,43.0,0.0
1.29679,0x2B0,0.0,0.0,1.0,6.25,-0.69,-0.07,19.46875,19.25,18.875,18.9375,-37.2,0.0,43.0,0.0
1.29801,0x316,0.0,0.0,1.0,6.25,-0.69,-0.07,19.46875,19.25,18.875,18.9375,-37.2,0.0,43.0,0.0
1.30453,0x220,0.0,0.0,1.0,6.25,-0.63,-0.15,19.46875,19.25,18.875,18.9375,-37.2,0.0,43.0,0.0
1.30679,0x2B0,0.0,0.0,1.0,6.25,-0.63,-0.15,19.46875,19.25,18.875,18.9375,-37.2,0.0,43.0,0.0
1.308,0x316,0.0,0.0,1.0,6.25,-0.63,-0.15,19.46875,19.25,18.875,18.9375,-37.2,0.0,43.0,0.0
1.31453,0x220,0.0,0.0,1.0,6.25,-0.6,-0.16,19.46875,19.25,18.875,18.9375,-37.2,0.0,43.0,0.0
1.31523,0x386,0.0,0.0,1.0,6.25,-0.6,-0.16,19.53125,19.25,19.03125,19.03125,-37.2,0.0,43.0,0.0
1.31679,0x2B0,0.0,0.0,1.0,6.25,-0.6,-0.16,19.53125,19.25,19.03125,19.03125,-37.2,0.0,43.0,0.0
1.31807,0x316,0.0,0.0,1.0,6.25,-0.6,-0.16,19.53125,19.25,19.03125,19.03125,-37.2,0.0,43.0,0.0
1.32452,0x220,0.0,0.0,1.0,6.25,-0.63,-0.11,19.53125,19.25,19.03125,19.03125,-37.2,0.0,43.0,0.0
1.32678,0x2B0,0.0,0.0,1.0,6.25,-0.63,-0.11,19.53125,19.25,19.03125,19.03125,-37.2,0.0,43.0,0.0
1.32805,0x316,0.0,0.0,1.0,6.25,-0.63,-0.11,19.53125,19.25,19.03125,19.03125,-37.2,0.0,43.0,0.0
1.33452,0x220,0.0,0.0,1.0,6.25,-0.63,-0.09,19.53125,19.25,19.03125,19.03125,-37.2,0.0,43.0,0.0
1.33522,0x386,0.0,0.0,1.0,6.25,-0.63,-0.09,19.625,19.375,19.125,19.0625,-37.2,0.0,43.0,0.0
1.33678,0x2B0,0.0,0.0,1.0,6.25,-0.63,-0.09,19.625,19.375,19.125,19.0625,-37.2,0.0,43.0,0.0
1.33807,0x316,0.0,0.0,1.0,6.25,-0.63,-0.09,19.625,19.375,19.125,19.0625,-37.2,0.0,43.0,0.0
1.34454,0x220,0.0,0.0,1.0,6.25,-0.64,-0.13,19.625,19.375,19.125,19.0625,-37.2,0.0,43.0,0.0
1.34679,0x2B0,0.0,0.0,1.0,6.25,-0.64,-0.13,19.625,19.375,19.125,19.0625,-37.2,0.0,43.0,0.0
1.34875,0x316,0.0,0.0,1.0,6.25,-0.64,-0.13,19.625,19.375,19.125,19.0625,-37.2,0.0,43.0,0.0
1.35452,0x220,0.0,0.0,1.0,6.25,-0.7,-0.19,19.625,19.375,19.125,19.0625,-37.2,0.0,43.0,0.0
1.35522,0x386,0.0,0.0,1.0,6.25,-0.7,-0.19,19.6875,19.5,19.125,19.09375,-37.2,0.0,43.0,0.0
1.35679,0x2B0,0.0,0.0,1.0,6.25,-0.7,-0.19,19.6875,19.5,19.125,19.09375,-37.2,0.0,43.0,0.0
1.35806,0x316,0.0,0.0,1.0,6.25,-0.7,-0.19,19.6875,19.5,19.125,19.09375,-37.2,0.0,43.0,0.0
1.36454,0x220,0.0,0.0,1.0,6.25,-0.76,-0.21,19.6875,19.5,19.125,19.09375,-37.2,0.0,43.0,0.0
1.36678,0x2B0,0.0,0.0,1.0,6.25,-0.76,-0.21,19.6875,19.5,19.125,19.09375,-37.2,0.0,43.0,0.0
1.36815,0x316,0.0,0.0,1.0,6.25,-0.76,-0.21,19.6875,19.5,19.125,19.09375,-37.2,0.0,43.0,0.0
1.37453,0x220,0.0,0.0,1.0,6.25,-0.8,-0.2,19.6875,19.5,19.125,19.09375,-37.2,0.0,43.0,0.0
1.37522,0x386,0.0,0.0,1.0,6.25,-0.8,-0.2,19.6875,19.5,19.21875,19.125,-37.2,0.0,43.0,0.0
1.37678,0x2B0,0.0,0.0,1.0,6.25,-0.8,-0.2,19.6875,19.5,19.21875,19.125,-37.2,0.0,43.0,0.0
1.37811,0x316,0.0,0.0,1.0,6.25,-0.8,-0.2,19.6875,19.5,19.21875,19.125,-37.2,0.0,43.0,0.0
1.38453,0x220,0.0,0.0,1.0,6.25,-0.84,-0.2,19.6875,19.5,19.21875,19.125,-37.2,0.0,43.0,0.0
1.38686,0x2B0,0.0,0.0,1.0,6.25,-0.84,-0.2,19.6875,19.5,19.21875,19.125,-37.2,0.0,43.0,0.0
1.38801,0x316,0.0,0.0,1.0,6.25,-0.84,-0.2,19.6875,19.5,19.21875,19.125,-37.2,0.0,43.0,0.0
1.39453,0x220,0.0,0.0,1.0,6.25,-0.86,-0.2,19.6875,19.5,19.21875,19.125,-37.2,0.0,43.0,0.0
1.39523,0x386,0.0,0.0,1.0,6.25,-0.86,-0.2,19.78125,19.59375,19.25,19.15625,-37.2,0.0,43.0,0.0
1.3968,0x2B0,0.0,0.0,1.0,6.25,-0.86,-0.2,19.78125,19.59375,19.25,19.15625,-37.1,0.0,43.0,0.0
1.39807,0x316,0.0,0.0,1.0,6.25,-0.86,-0.2,19.78125,19.59375,19.25,19.15625,-37.1,0.0,43.0,0.0
1.40454,0x220,0.0,0.0,1.0,6.25,-0.83,-0.21,19.78125,19.59375,19.25,19.15625,-37.1,0.0,43.0,0.0
1.40676,0x2B0,0.0,0.0,1.0,6.25,-0.83,-0.21,19.78125,19.59375,19.25,19.15625,-37.1,0.0,43.0,0.0
1.40802,0x316,0.0,0.0,1.0,6.25,-0.83,-0.21,19.78125,19.59375,19.25,19.15625,-37.1,0.0,40.0,0.0
1.41452,0x220,0.0,0.0,1.0,6.25,-0.78,-0.21,19.78125,19.59375,19.25,19.15625,-37.1,0.0,40.0,0.0
1.41522,0x386,0.0,0.0,1.0,6.25,-0.78,-0.21,19.71875,19.625,19.34375,19.21875,-37.1,0.0,40.0,0.0
1.41681,0x2B0,0.0,0.0,1.0,6.25,-0.78,-0.21,19.71875,19.625,19.34375,19.21875,-36.9,8.0,40.0,0.0
1.41802,0x316,0.0,0.0,1.0,6.25,-0.78,-0.21,19.71875,19.625,19.34375,19.21875,-36.9,8.0,40.0,0.0
1.42454,0x220,0.0,0.0,1.0,6.25,-0.72,-0.23,19.71875,19.625,19.34375,19.21875,-36.9,8.0,40.0,0.0
1.4268,0x2B0,0.0,0.0,1.0,6.25,-0.72,-0.23,19.71875,19.625,19.34375,19.21875,-36.7,20.0,40.0,0.0
1.42799,0x316,0.0,0.0,1.0,6.25,-0.72,-0.23,19.71875,19.625,19.34375,19.21875,-36.7,20.0,40.0,0.0
1.43453,0x220,0.0,0.0,1.0,6.25,-0.68,-0.27,19.71875,19.625,19.34375,19.21875,-36.7,20.0,40.0,0.0
1.43522,0x386,0.0,0.0,1.0,6.25,-0.68,-0.27,19.78125,19.6875,19.4375,19.21875,-36.7,20.0,40.0,0.0
1.43685,0x2B0,0.0,0.0,1.0,6.25,-0.68,-0.27,19.78125,19.6875,19.4375,19.21875,-36.7,8.0,40.0,0.0
1.43814,0x316,0.0,0.0,1.0,6.25,-0.68,-0.27,19.78125,19.6875,19.4375,19.21875,-36.7,8.0,40.0,0.0
1.44455,0x220,0.0,0.0,1.0,6.25,-0.68,-0.3,19.78125,19.6875,19.4375,19.21875,-36.7,8.0,40.0,0.0
1.4468,0x2B0,0.0,0.0,1.0,6.25,-0.68,-0.3,19.78125,19.6875,19.4375,19.21875,-36.5,8.0,40.0,0.0
1.44894,0x316,0.0,0.0,1.0,6.25,-0.68,-0.3,19.78125,19.6875,19.4375,19.21875,-36.5,8.0,40.0,0.0
1.45454,0x220,0.0,0.0,1.0,6.25,-0.71,-0.28,19.78125,19.6875,19.4375,19.21875,-36.5,8.0,40.0,0.0
1.45524,0x386,0.0,0.0,1.0,6.25,-0.71,-0.28,19.8125,19.71875,19.46875,19.3125,-36.5,8.0,40.0,0.0
1.4568,0x2B0,0.0,0.0,1.0,6.25,-0.71,-0.28,19.8125,19.71875,19.46875,19.3125,-36.3,20.0,40.0,0.0
1.45802,0x316,0.0,0.0,1.0,6.25,-0.71,-0.28,19.8125,19.71875,19.46875,19.3125,-36.3,20.0,40.0,0.0
1.46453,0x220,0.0,0.0,1.0,6.25,-0.75,-0.25,19.8125,19.71875,19.46875,19.3125,-36.3,20.0,40.0,0.0
1.4668,0x2B0,0.0,0.0,1.0,6.25,-0.75,-0.25,19.8125,19.71875,19.46875,19.3125,-36.1,20.0,40.0,0.0
1.46805,0x316,0.0,0.0,1.0,6.25,-0.75,-0.25,19.8125,19.71875,19.46875,19.3125,-36.1,20.0,40.0,0.0
1.47454,0x220,0.0,0.0,1.0,6.25,-0.79,-0.25,19.8125,19.71875,19.46875,19.3125,-36.1,20.0,40.0,0.0
1.47524,0x386,0.0,0.0,1.0,6.25,-0.79,-0.25,19.84375,19.75,19.59375,19.3125,-36.1,20.0,40.0,0.0
1.4768,0x2B0,0.0,0.0,1.0,6.25,-0.79,-0.25,19.84375,19.75,19.59375,19.3125,-35.9,20.0,40.0,0.0
1.47815,0x316,0.0,0.0,1.0,6.25,-0.79,-0.25,19.84375,19.75,19.59375,19.3125,-35.9,20.0,40.0,0.0
1.48452,0x220,0.0,0.0,1.0,6.25,-0.85,-0.29,19.84375,19.75,19.59375,19.3125,-35.9,20.0,40.0,0.0
1.4868,0x2B0,0.0,0.0,1.0,6.25,-0.85,-0.29,19.84375,19.75,19.59375,19.3125,-35.6,24.0,40.0,0.0
1.48807,0x316,0.0,0.0,1.0,6.25,-0.85,-0.29,19.84375,19.75,19.59375,19.3125,-35.6,24.0,40.0,0.0
1.49453,0x220,0.0,0.0,1.0,6.25,-0.87,-0.32,19.84375,19.75,19.59375,19.3125,-35.6,24.0,40.0,0.0
1.49523,0x386,0.0,0.0,1.0,6.25,-0.87,-0.32,19.875,19.875,19.5,19.4375,-35.6,24.0,40.0,0.0
1.49676,0x2B0,0.0,0.0,1.0,6.25,-0.87,-0.32,19.875,19.875,19.5,19.4375,-35.3,28.0,40.0,0.0
1.49801,0x316,0.0,0.0,1.0,6.25,-0.87,-0.32,19.875,19.875,19.5,19.4375,-35.3,28.0,40.0,0.0
1.50452,0x220,0.0,0.0,1.0,6.25,-0.84,-0.29,19.875,19.875,19.5,19.4375,-35.3,28.0,40.0,0.0
1.5068,0x2B0,0.0,0.0,1.0,6.25,-0.84,-0.29,19.875,19.875,19.5,19.4375,-35.0,28.0,40.0,0.0
1.508,0x316,0.0,0.0,1.0,6.25,-0.84,-0.29,19.875,19.875,19.5,19.4375,-35.0,28.0,40.0,0.0
1.51454,0x220,0.0,0.0,1.0,6.25,-0.79,-0.27,19.875,19.875,19.5,19.4375,-35.0,28.0,40.0,0.0
1.51524,0x386,0.0,0.0,1.0,6.25,-0.79,-0.27,19.9375,19.90625,19.5625,19.4375,-35.0,28.0,40.0,0.0
1.5168,0x2B0,0.0,0.0,1.0,6.25,-0.79,-0.27,19.9375,19.90625,19.5625,19.4375,-34.6,32.0,40.0,0.0
1.51805,0x316,0.0,0.0,1.0,6.25,-0.79,-0.27,19.9375,19.90625,19.5625,19.4375,-34.6,32.0,40.0,0.0
1.52452,0x220,0.0,0.0,1.0,6.25,-0.79,-0.28,19.9375,19.90625,19.5625,19.4375,-34.6,32.0,40.0,0.0
1.52679,0x2B0,0.0,0.0,1.0,6.25,-0.79,-0.28,19.9375,19.90625,19.5625,19.4375,-34.2,40.0,40.0,0.0
1.52804,0x316,0.0,0.0,1.0,6.25,-0.79,-0.28,19.9375,19.90625,19.5625,19.4375,-34.2,40.0,40.0,0.0
1.53452,0x220,0.0,0.0,1.0,6.25,-0.82,-0.27,19.9375,19.90625,19.5625,19.4375,-34.2,40.0,40.0,0.0
1.53523,0x386,0.0,0.0,1.0,6.25,-0.82,-0.27,20.0,20.0,19.625,19.4375,-34.2,40.0,40.0,0.0
1.53677,0x2B0,0.0,0.0,1.0,6.25,-0.82,-0.27,20.0,20.0,19.625,19.4375,-33.8,40.0,40.0,0.0
1.53805,0x316,0.0,0.0,1.0,6.25,-0.82,-0.27,20.0,20.0,19.625,19.4375,-33.8,40.0,40.0,0.0
1.54454,0x220,0.0,0.0,1.0,6.25,-0.83,-0.25,20.0,20.0,19.625,19.4375,-33.8,40.0,40.0,0.0
1.54677,0x2B0,0.0,0.0,1.0,6.25,-0.83,-0.25,20.0,20.0,19.625,19.4375,-33.4,40.0,40.0,0.0
1.54875,0x316,0.0,0.0,1.0,6.25,-0.83,-0.25,20.0,20.0,19.625,19.4375,-33.4,40.0,40.0,0.0
1.55452,0x220,0.0,0.0,1.0,6.25,-0.82,-0.23,20.0,20.0,19.625,19.4375,-33.4,40.0,40.0,0.0
1.55522,0x386,0.0,0.0,1.0,6.25,-0.82,-0.23,20.09375,20.0,19.65625,19.53125,-33.4,40.0,40.0,0.0
1.55677,0x2B0,0.0,0.0,1.0,6.25,-0.82,-0.23,20.09375,20.0,19.65625,19.53125,-32.9,44.0,40.0,0.0
1.55803,0x316,0.0,0.0,1.0,6.25,-0.82,-0.23,20.09375,20.0,19.65625,19.53125,-32.9,44.0,40.0,0.0
1.56453,0x220,0.0,0.0,1.0,6.25,-0.78,-0.17,20.09375,20.0,19.65625,19.53125,-32.9,44.0,40.0,0.0
1.56676,0x2B0,0.0,0.0,1.0,6.25,-0.78,-0.17,20.09375,20.0,19.65625,19.53125,-32.4,48.0,40.0,0.0
1.56813,0x316,0.0,0.0,1.0,6.25,-0.78,-0.17,20.09375,20.0,19.65625,19.53125,-32.4,48.0,40.0,0.0
1.57453,0x220,0.0,0.0,1.0,6.25,-0.72,-0.1,20.09375,20.0,19.65625,19.53125,-32.4,48.0,40.0,0.0
1.57524,0x386,0.0,0.0,1.0,6.25,-0.72,-0.1,20.15625,20.09375,19.625,19.59375,-32.4,48.0,40.0,0.0
1.57676,0x2B0,0.0,0.0,1.0,6.25,-0.72,-0.1,20.15625,20.09375,19.625,19.59375,-31.9,48.0,40.0,0.0
1.57811,0x316,0.0,0.0,1.0,6.25,-0.72,-0.1,20.15625,20.09375,19.625,19.59375,-31.9,48.0,43.0,0.0
1.58455,0x220,0.0,0.0,1.0,6.25,-0.65,-0.09,20.15625,20.09375,19.625,19.59375,-31.9,48.0,43.0,0.0
1.5868,0x2B0,0.0,0.0,1.0,6.25,-0.65,-0.09,20.15625,20.09375,19.625,19.59375,-31.4,48.0,43.0,0.0
1.58803,0x316,0.0,0.0,1.0,6.25,-0.65,-0.09,20.15625,20.09375,19.625,19.59375,-31.4,48.0,43.0,0.0
1.59453,0x220,0.0,0.0,1.0,6.25,-0.62,-0.12,20.15625,20.09375,19.625,19.59375,-31.4,48.0,43.0,0.0
1.59523,0x386,0.0,0.0,1.0,6.25,-0.62,-0.12,20.28125,20.125,19.5625,19.625,-31.4,48.0,43.0,0.0
1.59683,0x2B0,0.0,0.0,1.0,6.25,-0.62,-0.12,20.28125,20.125,19.5625,19.625,-30.9,48.0,43.0,0.0
1.59801,0x316,0.0,0.0,1.0,6.25,-0.62,-0.12,20.28125,20.125,19.5625,19.625,-30.9,48.0,43.0,0.0
1.60455,0x220,0.0,0.0,1.0,6.25,-0.65,-0.1,20.28125,20.125,19.5625,19.625,-30.9,48.0,43.0,0.0
1.6068,0x2B0,0.0,0.0,1.0,6.25,-0.65,-0.1,20.28125,20.125,19.5625,19.625,-30.4,48.0,43.0,0.0
1.60806,0x316,0.0,0.0,1.0,6.25,-0.65,-0.1,20.28125,20.125,19.5625,19.625,-30.4,48.0,43.0,0.0
1.61452,0x220,0.0,0.0,1.0,6.25,-0.68,-0.04,20.28125,20.125,19.5625,19.625,-30.4,48.0,43.0,0.0
1.61522,0x386,0.0,0.0,1.0,6.25,-0.68,-0.04,20.375,20.15625,19.65625,19.75,-30.4,48.0,43.0,0.0
1.6168,0x2B0,0.0,0.0,1.0,6.25,-0.68,-0.04,20.375,20.15625,19.65625,19.75,-29.9,48.0,43.0,0.0
1.61804,0x316,0.0,0.0,1.0,6.25,-0.68,-0.04,20.375,20.15625,19.65625,19.75,-29.9,48.0,43.0,0.0
1.62453,0x220,0.0,0.0,1.0,6.25,-0.71,-0.04,20.375,20.15625,19.65625,19.75,-29.9,48.0,43.0,0.0
1.62679,0x2B0,0.0,0.0,1.0,6.25,-0.71,-0.04,20.375,20.15625,19.65625,19.75,-29.5,44.0,43.0,0.0
1.628,0x316,0.0,0.0,1.0,6.25,-0.71,-0.04,20.375,20.15625,19.65625,19.75,-29.5,44.0,43.0,0.0
1.63454,0x220,0.0,0.0,1.0,6.25,-0.7,-0.08,20.375,20.15625,19.65625,19.75,-29.5,44.0,43.0,0.0
1.63523,0x386,0.0,0.0,1.0,6.25,-0.7,-0.08,20.375,20.1875,19.78125,19.8125,-29.5,44.0,43.0,0.0
1.63679,0x2B0,0.0,0.0,1.0,6.25,-0.7,-0.08,20.375,20.1875,19.78125,19.8125,-29.0,44.0,43.0,0.0
1.63808,0x316,0.0,0.0,1.0,6.25,-0.7,-0.08,20.375,20.1875,19.78125,19.8125,-29.0,44.0,43.0,0.0
1.64455,0x220,0.0,0.0,1.0,6.25,-0.65,-0.09,20.375,20.1875,19.78125,19.8125,-29.0,44.0,43.0,0.0
1.64681,0x2B0,0.0,0.0,1.0,6.25,-0.65,-0.09,20.375,20.1875,19.78125,19.8125,-28.5,48.0,43.0,0.0
1.649,0x316,0.0,0.0,1.0,6.25,-0.65,-0.09,20.375,20.1875,19.78125,19.8125,-28.5,48.0,43.0,0.0
1.65454,0x220,0.0,0.0,1.0,6.25,-0.6,-0.04,20.375,20.1875,19.78125,19.8125,-28.5,48.0,43.0,0.0
1.65524,0x386,0.0,0.0,1.0,6.25,-0.6,-0.04,20.4375,20.21875,19.875,19.8125,-28.5,48.0,43.0,0.0
1.65676,0x2B0,0.0,0.0,1.0,6.25,-0.6,-0.04,20.4375,20.21875,19.875,19.8125,-28.0,48.0,43.0,0.0
1.65803,0x316,0.0,0.0,1.0,6.25,-0.6,-0.04,20.4375,20.21875,19.875,19.8125,-28.0,48.0,43.0,0.0
1.66454,0x220,0.0,0.0,1.0,6.25,-0.51,0.0,20.4375,20.21875,19.875,19.8125,-28.0,48.0,43.0,0.0
1.66678,0x2B0,0.0,0.0,1.0,6.25,-0.51,0.0,20.4375,20.21875,19.875,19.8125,-27.6,44.0,43.0,0.0
1.66805,0x316,0.0,0.0,1.0,6.25,-0.51,0.0,20.4375,20.21875,19.875,19.8125,-27.6,44.0,43.0,0.0
1.67453,0x220,0.0,0.0,1.0,6.25,-0.44,0.02,20.4375,20.21875,19.875,19.8125,-27.6,44.0,43.0,0.0
1.67523,0x386,0.0,0.0,1.0,6.25,-0.44,0.02,20.5,20.34375,19.9375,19.875,-27.6,44.0,43.0,0.0
1.67678,0x2B0,0.0,0.0,1.0,6.25,-0.44,0.02,20.5,20.34375,19.9375,19.875,-27.3,32.0,43.0,0.0
1.67811,0x316,0.0,0.0,1.0,6.25,-0.44,0.02,20.5,20.34375,19.9375,19.875,-27.3,32.0,43.0,0.0
1.68453,0x220,0.0,0.0,1.0,6.25,-0.4,-0.03,20.5,20.34375,19.9375,19.875,-27.3,32.0,43.0,0.0
1.68679,0x2B0,0.0,0.0,1.0,6.25,-0.4,-0.03,20.5,20.34375,19.9375,19.875,-26.9,32.0,43.0,0.0
1.68806,0x316,0.0,0.0,1.0,6.25,-0.4,-0.03,20.5,20.34375,19.9375,19.875,-26.9,32.0,43.0,0.0
1.69455,0x220,0.0,0.0,1.0,6.25,-0.38,-0.11,20.5,20.34375,19.9375,19.875,-26.9,32.0,43.0,0.0
1.69525,0x386,0.0,0.0,1.0,6.25,-0.38,-0.11,20.53125,20.375,19.96875,19.84375,-26.9,32.0,43.0,0.0
1.69677,0x2B0,0.0,0.0,1.0,6.25,-0.38,-0.11,20.53125,20.375,19.96875,19.84375,-26.6,32.0,43.0,0.0
1.69807,0x316,0.0,0.0,1.0,6.25,-0.38,-0.11,20.53125,20.375,19.96875,19.84375,-26.6,32.0,43.0,0.0
1.70453,0x220,0.0,0.0,1.0,6.25,-0.39,-0.07,20.53125,20.375,19.96875,19.84375,-26.6,32.0,43.0,0.0
1.70675,0x2B0,0.0,0.0,1.0,6.25,-0.39,-0.07,20.53125,20.375,19.96875,19.84375,-26.2,32.0,43.0,0.0
1.70799,0x316,0.0,0.0,1.0,6.25,-0.39,-0.07,20.53125,20.375,19.96875,19.84375,-26.2,32.0,43.0,0.0
1.71455,0x220,0.0,0.0,1.0,6.25,-0.39,0.0,20.53125,20.375,19.96875,19.84375,-26.2,32.0,43.0,0.0
1.71525,0x386,0.0,0.0,1.0,6.25,-0.39,0.0,20.5625,20.46875,20.09375,19.9375,-26.2,32.0,43.0,0.0
1.71675,0x2B0,0.0,0.0,1.0,6.25,-0.39,0.0,20.5625,20.46875,20.09375,19.9375,-25.9,32.0,43.0,0.0
1.71802,0x316,0.0,0.0,1.0,6.25,-0.39,0.0,20.5625,20.46875,20.09375,19.9375,-25.9,32.0,43.0,0.0
1.72453,0x220,0.0,0.0,1.0,6.25,-0.39,0.02,20.5625,20.46875,20.09375,19.9375,-25.9,32.0,43.0,0.0
1.72677,0x2B0,0.0,0.0,1.0,6.25,-0.39,0.02,20.5625,20.46875,20.09375,19.9375,-25.5,32.0,43.0,0.0
1.72803,0x316,0.0,0.0,1.0,6.25,-0.39,0.02,20.5625,20.46875,20.09375,19.9375,-25.5,32.0,43.0,0.0
1.73455,0x220,0.0,0.0,1.0,6.25,-0.39,0.01,20.5625,20.46875,20.09375,19.9375,-25.5,32.0,43.0,0.0
1.73525,0x386,0.0,0.0,1.0,6.25,-0.39,0.01,20.5625,20.46875,20.125,20.09375,-25.5,32.0,43.0,0.0
1.73679,0x2B0,0.0,0.0,1.0,6.25,-0.39,0.01,20.5625,20.46875,20.125,20.09375,-25.2,32.0,43.0,0.0
1.73812,0x316,0.0,0.0,1.0,6.25,-0.39,0.01,20.5625,20.46875,20.125,20.09375,-25.2,32.0,43.0,0.0
1.74456,0x220,0.0,0.0,1.0,6.25,-0.34,0.0,20.5625,20.46875,20.125,20.09375,-25.2,32.0,43.0,0.0
1.74679,0x2B0,0.0,0.0,1.0,6.25,-0.34,0.0,20.5625,20.46875,20.125,20.09375,-24.9,28.0,43.0,0.0
1.74875,0x316,0.0,0.0,1.0,6.25,-0.34,0.0,20.5625,20.46875,20.125,20.09375,-24.9,28.0,43.0,0.0
1.75453,0x220,0.0,0.0,1.0,6.25,-0.28,0.0,20.5625,20.46875,20.125,20.09375,-24.9,28.0,43.0,0.0
1.75523,0x386,0.0,0.0,1.0,6.25,-0.28,0.0,20.59375,20.5,20.21875,20.09375,-24.9,28.0,43.0,0.0
1.75678,0x2B0,0.0,0.0,1.0,6.25,-0.28,0.0,20.59375,20.5,20.21875,20.09375,-24.5,32.0,43.0,0.0
1.75802,0x316,0.0,0.0,1.0,6.25,-0.28,0.0,20.59375,20.5,20.21875,20.09375,-24.5,32.0,43.0,0.0
1.76455,0x220,0.0,0.0,1.0,6.25,-0.22,-0.05,20.59375,20.5,20.21875,20.09375,-24.5,32.0,43.0,0.0
1.76675,0x2B0,0.0,0.0,1.0,6.25,-0.22,-0.05,20.59375,20.5,20.21875,20.09375,-24.1,40.0,43.0,0.0
1.7681,0x316,0.0,0.0,1.0,6.25,-0.22,-0.05,20.59375,20.5,20.21875,20.09375,-24.1,40.0,40.0,0.0
1.77453,0x220,0.0,0.0,1.0,6.25,-0.2,-0.08,20.59375,20.5,20.21875,20.09375,-24.1,40.0,40.0,0.0
1.77522,0x386,0.0,0.0,1.0,6.25,-0.2,-0.08,20.59375,20.5625,20.28125,20.125,-24.1,40.0,40.0,0.0
1.77676,0x2B0,0.0,0.0,1.0,6.25,-0.2,-0.08,20.59375,20.5625,20.28125,20.125,-23.7,40.0,40.0,0.0
1.77816,0x316,0.0,0.0,1.0,6.25,-0.2,-0.08,20.59375,20.5625,20.28125,20.125,-23.7,40.0,40.0,0.0
1.78455,0x220,0.0,0.0,1.0,6.25,-0.22,-0.03,20.59375,20.5625,20.28125,20.125,-23.7,40.0,40.0,0.0
1.78676,0x2B0,0.0,0.0,1.0,6.25,-0.22,-0.03,20.59375,20.5625,20.28125,20.125,-23.3,40.0,40.0,0.0
1.78801,0x316,0.0,0.0,1.0,6.25,-0.22,-0.03,20.59375,20.5625,20.28125,20.125,-23.3,40.0,40.0,0.0
1.79456,0x220,0.0,0.0,1.0,6.25,-0.25,0.01,20.59375,20.5625,20.28125,20.125,-23.3,40.0,40.0,0.0
1.79526,0x386,0.0,0.0,1.0,6.25,-0.25,0.01,20.65625,20.59375,20.28125,20.15625,-23.3,40.0,40.0,0.0
1.79677,0x2B0,0.0,0.0,1.0,6.25,-0.25,0.01,20.65625,20.59375,20.28125,20.15625,-22.9,40.0,40.0,0.0
1.79801,0x316,0.0,0.0,1.0,6.25,-0.25,0.01,20.65625,20.59375,20.28125,20.15625,-22.9,40.0,40.0,0.0
1.80454,0x220,0.0,0.0,1.0,6.25,-0.29,0.03,20.65625,20.59375,20.28125,20.15625,-22.9,40.0,40.0,0.0
1.80674,0x2B0,0.0,0.0,1.0,6.25,-0.29,0.03,20.65625,20.59375,20.28125,20.15625,-22.4,44.0,40.0,0.0
1.80801,0x316,0.0,0.0,1.0,6.25,-0.29,0.03,20.65625,20.59375,20.28125,20.15625,-22.4,44.0,40.0,0.0
1.81455,0x220,0.0,0.0,1.0,6.25,-0.29,0.04,20.65625,20.59375,20.28125,20.15625,-22.4,44.0,40.0,0.0
1.81525,0x386,0.0,0.0,1.0,6.25,-0.29,0.04,20.6875,20.75,20.28125,20.21875,-22.4,44.0,40.0,0.0
1.81678,0x2B0,0.0,0.0,1.0,6.25,-0.29,0.04,20.6875,20.75,20.28125,20.21875,-21.9,48.0,40.0,0.0
1.81806,0x316,0.0,0.0,1.0,6.25,-0.29,0.04,20.6875,20.75,20.28125,20.21875,-21.9,48.0,40.0,0.0
1.82455,0x220,0.0,0.0,1.0,6.25,-0.28,0.04,20.6875,20.75,20.28125,20.21875,-21.9,48.0,40.0,0.0
1.82676,0x2B0,0.0,0.0,1.0,6.25,-0.28,0.04,20.6875,20.75,20.28125,20.21875,-21.4,48.0,40.0,0.0
1.82798,0x316,0.0,0.0,1.0,6.25,-0.28,0.04,20.6875,20.75,20.28125,20.21875,-21.4,48.0,40.0,0.0
1.83453,0x220,0.0,0.0,1.0,6.25,-0.3,0.04,20.6875,20.75,20.28125,20.21875,-21.4,48.0,40.0,0.0
1.83523,0x386,0.0,0.0,1.0,6.25,-0.3,0.04,20.78125,20.75,20.3125,20.28125,-21.4,48.0,40.0,0.0
1.83676,0x2B0,0.0,0.0,1.0,6.25,-0.3,0.04,20.78125,20.75,20.3125,20.28125,-20.9,48.0,40.0,0.0
1.83806,0x316,0.0,0.0,1.0,6.25,-0.3,0.04,20.78125,20.75,20.3125,20.28125,-20.9,48.0,40.0,0.0
1.84456,0x220,0.0,0.0,1.0,6.25,-0.27,0.05,20.78125,20.75,20.3125,20.28125,-20.9,48.0,40.0,0.0
1.84673,0x2B0,0.0,0.0,1.0,6.25,-0.27,0.05,20.78125,20.75,20.3125,20.28125,-20.3,52.0,40.0,0.0
1.84894,0x316,0.0,0.0,1.0,6.25,-0.27,0.05,20.78125,20.75,20.3125,20.28125,-20.3,52.0,40.0,0.0
1.85453,0x220,0.0,0.0,1.0,6.25,-0.2,0.09,20.78125,20.75,20.3125,20.28125,-20.3,52.0,40.0,0.0
1.85523,0x386,0.0,0.0,1.0,6.25,-0.2,0.09,20.8125,20.8125,20.28125,20.34375,-20.3,52.0,40.0,0.0
1.85672,0x2B0,0.0,0.0,1.0,6.25,-0.2,0.09,20.8125,20.8125,20.28125,20.34375,-19.7,60.0,40.0,0.0
1.85808,0x316,0.0,0.0,1.0,6.25,-0.2,0.09,20.8125,20.8125,20.28125,20.34375,-19.7,60.0,40.0,0.0
1.86453,0x220,0.0,0.0,1.0,6.25,-0.16,0.11,20.8125,20.8125,20.28125,20.34375,-19.7,60.0,40.0,0.0
1.86671,0x2B0,0.0,0.0,1.0,6.25,-0.16,0.11,20.8125,20.8125,20.28125,20.34375,-19.1,60.0,40.0,0.0
1.86808,0x316,0.0,0.0,1.0,6.25,-0.16,0.11,20.8125,20.8125,20.28125,20.34375,-19.1,60.0,40.0,0.0
1.87454,0x220,0.0,0.0,1.0,6.25,-0.11,0.13,20.8125,20.8125,20.28125,20.34375,-19.1,60.0,40.0,0.0
1.87523,0x386,0.0,0.0,1.0,6.25,-0.11,0.13,20.84375,20.875,20.28125,20.25,-19.1,60.0,40.0,0.0
1.87675,0x2B0,0.0,0.0,1.0,6.25,-0.11,0.13,20.84375,20.875,20.28125,20.25,-18.4,64.0,40.0,0.0
1.87812,0x316,0.0,0.0,1.0,6.25,-0.11,0.13,20.84375,20.875,20.28125,20.25,-18.4,64.0,40.0,0.0
1.88456,0x220,0.0,0.0,1.0,6.25,-0.08,0.17,20.84375,20.875,20.28125,20.25,-18.4,64.0,40.0,0.0
1.88674,0x2B0,0.0,0.0,1.0,6.25,-0.08,0.17,20.84375,20.875,20.28125,20.25,-17.7,68.0,40.0,0.0
1.88801,0x316,0.0,0.0,1.0,6.25,-0.08,0.17,20.84375,20.875,20.28125,20.25,-17.7,68.0,40.0,0.0
1.89454,0x220,0.0,0.0,1.0,6.25,-0.07,0.26,20.84375,20.875,20.28125,20.25,-17.7,68.0,40.0,0.0
1.89524,0x386,0.0,0.0,1.0,6.25,-0.07,0.26,20.90625,20.90625,20.28125,20.375,-17.7,68.0,40.0,0.0
1.89673,0x2B0,0.0,0.0,1.0,6.25,-0.07,0.26,20.90625,20.90625,20.28125,20.375,-17.1,64.0,40.0,0.0
1.8981,0x316,0.0,0.0,1.0,6.25,-0.07,0.26,20.90625,20.90625,20.28125,20.375,-17.1,64.0,40.0,0.0
1.90456,0x220,0.0,0.0,1.0,6.25,-0.01,0.31,20.90625,20.90625,20.28125,20.375,-17.1,64.0,40.0,0.0
1.90672,0x2B0,0.0,0.0,1.0,6.25,-0.01,0.31,20.90625,20.90625,20.28125,20.375,-16.4,64.0,40.0,0.0
1.908,0x316,0.0,0.0,1.0,6.25,-0.01,0.31,20.90625,20.90625,20.28125,20.375,-16.4,64.0,40.0,0.0
1.91455,0x220,0.0,0.0,1.0,6.25,0.07,0.29,20.90625,20.90625,20.28125,20.375,-16.4,64.0,40.0,0.0
1.91524,0x386,0.0,0.0,1.0,6.25,0.07,0.29,21.0,20.90625,20.34375,20.53125,-16.4,64.0,40.0,0.0
1.91672,0x2B0,0.0,0.0,1.0,6.25,0.07,0.29,21.0,20.90625,20.34375,20.53125,-15.7,68.0,40.0,0.0
1.91803,0x316,0.0,0.0,1.0,6.25,0.07,0.29,21.0,20.90625,20.34375,20.53125,-15.7,68.0,40.0,0.0
1.92454,0x220,0.0,0.0,1.0,6.25,0.16,0.24,21.0,20.90625,20.34375,20.53125,-15.7,68.0,40.0,0.0
1.92672,0x2B0,0.0,0.0,1.0,6.25,0.16,0.24,21.0,20.90625,20.34375,20.53125,-15.0,68.0,40.0,0.0
1.928,0x316,0.0,0.0,1.0,6.25,0.16,0.24,21.0,20.90625,20.34375,20.53125,-15.0,68.0,38.0,0.0
1.93455,0x220,0.0,0.0,1.0,6.25,0.24,0.24,21.0,20.90625,20.34375,20.53125,-15.0,68.0,38.0,0.0
1.93524,0x386,0.0,0.0,1.0,6.25,0.24,0.24,20.96875,20.90625,20.5625,20.53125,-15.0,68.0,38.0,0.0
1.93671,0x2B0,0.0,0.0,1.0,6.25,0.24,0.24,20.96875,20.90625,20.5625,20.53125,-14.3,68.0,38.0,0.0
1.93812,0x316,0.0,0.0,1.0,6.25,0.24,0.24,20.96875,20.90625,20.5625,20.53125,-14.3,68.0,38.0,0.0
1.94456,0x220,0.0,0.0,1.0,6.25,0.27,0.26,20.96875,20.90625,20.5625,20.53125,-14.3,68.0,38.0,0.0
1.94672,0x2B0,0.0,0.0,1.0,6.25,0.27,0.26,20.96875,20.90625,20.5625,20.53125,-13.6,68.0,38.0,0.0
1.94878,0x316,0.0,0.0,1.0,6.25,0.27,0.26,20.96875,20.90625,20.5625,20.53125,-13.6,68.0,38.0,0.0
1.95453,0x220,0.0,0.0,1.0,6.25,0.28,0.26,20.96875,20.90625,20.5625,20.53125,-13.6,68.0,38.0,0.0
1.95523,0x386,0.0,0.0,1.0,6.25,0.28,0.26,21.0625,20.90625,20.5625,20.65625,-13.6,68.0,38.0,0.0
1.9567,0x2B0,0.0,0.0,1.0,6.25,0.28,0.26,21.0625,20.90625,20.5625,20.65625,-12.9,68.0,38.0,0.0
1.95801,0x316,0.0,0.0,1.0,6.25,0.28,0.26,21.0625,20.90625,20.5625,20.65625,-12.9,68.0,38.0,0.0
1.96455,0x220,0.0,0.0,1.0,6.25,0.29,0.24,21.0625,20.90625,20.5625,20.65625,-12.9,68.0,38.0,0.0
1.96675,0x2B0,0.0,0.0,1.0,6.25,0.29,0.24,21.0625,20.90625,20.5625,20.65625,-12.1,72.0,38.0,0.0
1.96812,0x316,0.0,0.0,1.0,6.25,0.29,0.24,21.0625,20.90625,20.5625,20.65625,-12.1,72.0,38.0,0.0
1.97455,0x220,0.0,0.0,1.0,6.25,0.33,0.2,21.0625,20.90625,20.5625,20.65625,-12.1,72.0,38.0,0.0
1.97526,0x386,0.0,0.0,1.0,6.25,0.33,0.2,21.09375,21.0,20.46875,20.59375,-12.1,72.0,38.0,0.0
1.97673,0x2B0,0.0,0.0,1.0,6.25,0.33,0.2,21.09375,21.0,20.46875,20.59375,-11.4,72.0,38.0,0.0
1.97822,0x316,0.0,0.0,1.0,6.25,0.33,0.2,21.09375,21.0,20.46875,20.59375,-11.4,72.0,38.0,0.0
1.98454,0x220,0.0,0.0,1.0,6.25,0.4,0.19,21.09375,21.0,20.46875,20.59375,-11.4,72.0,38.0,0.0
1.98675,0x2B0,0.0,0.0,1.0,6.25,0.4,0.19,21.09375,21.0,20.46875,20.59375,-10.7,68.0,38.0,0.0
1.98805,0x316,0.0,0.0,1.0,6.25,0.4,0.19,21.09375,21.0,20.46875,20.59375,-10.7,68.0,38.0,0.0
1.99455,0x220,0.0,0.0,1.0,6.25,0.49,0.19,21.09375,21.0,20.46875,20.59375,-10.7,68.0,38.0,0.0
1.99525,0x386,0.0,0.0,1.0,6.25,0.49,0.19,21.21875,21.09375,20.59375,20.6875,-10.7,68.0,38.0,0.0
1.99669,0x2B0,0.0,0.0,1.0,6.25,0.49,0.19,21.21875,21.09375,20.59375,20.6875,-10.0,68.0,38.0,0.0
1.99801,0x316,0.0,0.0,1.0,6.25,0.49,0.19,21.21875,21.09375,20.59375,20.6875,-10.0,68.0,38.0,0.0
2.00455,0x220,0.0,0.0,1.0,6.25,0.55,0.19,21.21875,21.09375,20.59375,20.6875,-10.0,68.0,38.0,0.0
2.00671,0x2B0,0.0,0.0,1.0,6.25,0.55,0.19,21.21875,21.09375,20.59375,20.6875,-9.4,64.0,38.0,0.0
2.00802,0x316,0.0,0.0,1.0,6.25,0.55,0.19,21.21875,21.09375,20.59375,20.6875,-9.4,64.0,38.0,0.0
2.01455,0x220,0.0,0.0,1.0,6.25,0.62,0.17,21.21875,21.09375,20.59375,20.6875,-9.4,64.0,38.0,0.0
2.01525,0x386,0.0,0.0,1.0,6.25,0.62,0.17,21.15625,21.125,20.65625,20.65625,-9.4,64.0,38.0,0.0
2.01672,0x2B0,0.0,0.0,1.0,6.25,0.62,0.17,21.15625,21.125,20.65625,20.65625,-8.7,64.0,38.0,0.0
2.01805,0x316,0.0,0.0,1.0,6.25,0.62,0.17,21.15625,21.125,20.65625,20.65625,-8.7,64.0,38.0,0.0
2.02455,0x220,0.0,0.0,1.0,6.25,0.69,0.15,21.15625,21.125,20.65625,20.65625,-8.7,64.0,38.0,0.0
2.02671,0x2B0,0.0,0.0,1.0,6.25,0.69,0.15,21.15625,21.125,20.65625,20.65625,-8.0,68.0,38.0,0.0
2.02803,0x316,0.0,0.0,1.0,6.25,0.69,0.15,21.15625,21.125,20.65625,20.65625,-8.0,68.0,38.0,0.0
2.03454,0x220,0.0,0.0,1.0,6.25,0.75,0.15,21.15625,21.125,20.65625,20.65625,-8.0,68.0,38.0,0.0
2.03524,0x386,0.0,0.0,1.0,6.25,0.75,0.15,21.21875,21.1875,20.71875,20.75,-8.0,68.0,38.0,0.0
2.03672,0x2B0,0.0,0.0,1.0,6.25,0.75,0.15,21.21875,21.1875,20.71875,20.75,-7.4,64.0,38.0,0.0
2.03806,0x316,0.0,0.0,1.0,6.25,0.75,0.15,21.21875,21.1875,20.71875,20.75,-7.4,64.0,38.0,0.0
2.04455,0x220,0.0,0.0,1.0,6.25,0.79,0.18,21.21875,21.1875,20.71875,20.75,-7.4,64.0,38.0,0.0
2.04668,0x2B0,0.0,0.0,1.0,6.25,0.79,0.18,21.21875,21.1875,20.71875,20.75,-6.7,64.0,38.0,0.0
2.04883,0x316,0.0,0.0,1.0,6.25,0.79,0.18,21.21875,21.1875,20.71875,20.75,-6.7,64.0,38.0,0.0
2.05455,0x220,0.0,0.0,1.0,6.25,0.83,0.21,21.21875,21.1875,20.71875,20.75,-6.7,64.0,38.0,0.0
2.05525,0x386,0.0,0.0,1.0,6.25,0.83,0.21,21.1875,21.21875,20.8125,20.71875,-6.7,64.0,38.0,0.0
2.05673,0x2B0,0.0,0.0,1.0,6.25,0.83,0.21,21.1875,21.21875,20.8125,20.71875,-6.1,64.0,38.0,0.0
2.05805,0x316,0.0,0.0,1.0,6.25,0.83,0.21,21.1875,21.21875,20.8125,20.71875,-6.1,64.0,38.0,0.0
2.06454,0x220,0.0,0.0,1.0,6.25,0.92,0.21,21.1875,21.21875,20.8125,20.71875,-6.1,64.0,38.0,0.0
2.06674,0x2B0,0.0,0.0,1.0,6.25,0.92,0.21,21.1875,21.21875,20.8125,20.71875,-5.5,60.0,38.0,0.0
2.06815,0x316,0.0,0.0,1.0,6.25,0.92,0.21,21.1875,21.21875,20.8125,20.71875,-5.5,60.0,35.0,0.0
2.07454,0x220,0.0,0.0,1.0,6.25,1.02,0.14,21.1875,21.21875,20.8125,20.71875,-5.5,60.0,35.0,0.0
2.07523,0x386,0.0,0.0,1.0,6.25,1.02,0.14,21.1875,21.21875,20.78125,20.84375,-5.5,60.0,35.0,0.0
2.07673,0x2B0,0.0,0.0,1.0,6.25,1.02,0.14,21.1875,21.21875,20.78125,20.84375,-5.0,52.0,35.0,0.0
2.0781,0x316,0.0,0.0,1.0,6.25,1.02,0.14,21.1875,21.21875,20.78125,20.84375,-5.0,52.0,35.0,0.0
2.08454,0x220,0.0,0.0,1.0,6.25,1.11,0.09,21.1875,21.21875,20.78125,20.84375,-5.0,52.0,35.0,0.0
2.08672,0x2B0,0.0,0.0,1.0,6.25,1.11,0.09,21.1875,21.21875,20.78125,20.84375,-4.4,52.0,35.0,0.0
2.08804,0x316,0.0,0.0,1.0,6.25,1.11,0.09,21.1875,21.21875,20.78125,20.84375,-4.4,52.0,35.0,0.0
2.09456,0x220,0.0,0.0,1.0,6.25,1.15,0.11,21.1875,21.21875,20.78125,20.84375,-4.4,52.0,35.0,0.0
2.09525,0x386,0.0,0.0,1.0,6.25,1.15,0.11,21.25,21.28125,20.90625,20.90625,-4.4,52.0,35.0,0.0
2.09671,0x2B0,0.0,0.0,1.0,6.25,1.15,0.11,21.25,21.28125,20.90625,20.90625,-4.0,48.0,35.0,0.0
2.09807,0x316,0.0,0.0,1.0,6.25,1.15,0.11,21.25,21.28125,20.90625,20.90625,-4.0,48.0,35.0,0.0
2.10455,0x220,0.0,0.0,1.0,6.25,1.12,0.13,21.25,21.28125,20.90625,20.90625,-4.0,48.0,35.0,0.0
2.1067,0x2B0,0.0,0.0,1.0,6.25,1.12,0.13,21.25,21.28125,20.90625,20.90625,-3.5,44.0,35.0,0.0
2.10805,0x316,0.0,0.0,1.0,6.25,1.12,0.13,21.25,21.28125,20.90625,20.90625,-3.5,44.0,35.0,0.0
2.11455,0x220,0.0,0.0,1.0,6.25,1.01,0.1,21.25,21.28125,20.90625,20.90625,-3.5,44.0,35.0,0.0
2.11524,0x386,0.0,0.0,1.0,6.25,1.01,0.1,21.25,21.28125,20.875,20.875,-3.5,44.0,35.0,0.0
2.11673,0x2B0,0.0,0.0,1.0,6.25,1.01,0.1,21.25,21.28125,20.875,20.875,-3.2,40.0,35.0,0.0
2.11806,0x316,0.0,0.0,1.0,6.25,1.01,0.1,21.25,21.28125,20.875,20.875,-3.2,40.0,35.0,0.0
2.12454,0x220,0.0,0.0,1.0,6.25,0.89,0.1,21.25,21.28125,20.875,20.875,-3.2,40.0,35.0,0.0
2.12674,0x2B0,0.0,0.0,1.0,6.25,0.89,0.1,21.25,21.28125,20.875,20.875,-2.8,32.0,35.0,0.0
2.12806,0x316,0.0,0.0,1.0,6.25,0.89,0.1,21.25,21.28125,20.875,20.875,-2.8,32.0,35.0,0.0
2.13456,0x220,0.0,0.0,1.0,6.25,0.89,0.16,21.25,21.28125,20.875,20.875,-2.8,32.0,35.0,0.0
2.13526,0x386,0.0,0.0,1.0,6.25,0.89,0.16,21.34375,21.375,20.875,20.9375,-2.8,32.0,35.0,0.0
2.13673,0x2B0,0.0,0.0,1.0,6.25,0.89,0.16,21.34375,21.375,20.875,20.9375,-2.6,28.0,35.0,0.0
2.13813,0x316,0.0,0.0,1.0,6.25,0.89,0.16,21.34375,21.375,20.875,20.9375,-2.6,28.0,35.0,0.0
2.14456,0x220,0.0,0.0,1.0,6.25,1.0,0.23,21.34375,21.375,20.875,20.9375,-2.6,28.0,35.0,0.0
2.14671,0x2B0,0.0,0.0,1.0,6.25,1.0,0.23,21.34375,21.375,20.875,20.9375,-2.3,24.0,35.0,0.0
2.14888,0x316,0.0,0.0,1.0,6.25,1.0,0.23,21.34375,21.375,20.875,20.9375,-2.3,24.0,35.0,0.0
2.15455,0x220,0.0,0.0,1.0,6.25,1.15,0.27,21.34375,21.375,20.875,20.9375,-2.3,24.0,35.0,0.0
2.15525,0x386,0.0,0.0,1.0,6.25,1.15,0.27,21.3125,21.46875,20.8125,20.96875,-2.3,24.0,35.0,0.0
2.15677,0x2B0,0.0,0.0,1.0,6.25,1.15,0.27,21.3125,21.46875,20.8125,20.96875,-2.3,12.0,35.0,0.0
2.15806,0x316,0.0,0.0,1.0,6.25,1.15,0.27,21.3125,21.46875,20.8125,20.96875,-2.3,12.0,35.0,0.0
2.16456,0x220,0.0,0.0,1.0,6.25,1.23,0.24,21.3125,21.46875,20.8125,20.96875,-2.3,12.0,35.0,0.0
2.16671,0x2B0,0.0,0.0,1.0,6.25,1.23,0.24,21.3125,21.46875,20.8125,20.96875,-1.9,20.0,35.0,0.0
2.16807,0x316,0.0,0.0,1.0,6.25,1.23,0.24,21.3125,21.46875,20.8125,20.96875,-1.9,20.0,33.0,0.0
2.17456,0x220,0.0,0.0,1.0,6.25,1.24,0.23,21.3125,21.46875,20.8125,20.96875,-1.9,20.0,33.0,0.0
2.17526,0x386,0.0,0.0,1.0,6.25,1.24,0.23,21.375,21.5625,20.90625,21.0,-1.9,20.0,33.0,0.0
2.17666,0x2B0,0.0,0.0,1.0,6.25,1.24,0.23,21.375,21.5625,20.90625,21.0,-1.9,20.0,33.0,0.0
2.17819,0x316,0.0,0.0,1.0,6.25,1.24,0.23,21.375,21.5625,20.90625,21.0,-1.9,20.0,33.0,0.0
2.18455,0x220,0.0,0.0,1.0,6.25,1.23,0.22,21.375,21.5625,20.90625,21.0,-1.9,20.0,33.0,0.0
2.18672,0x2B0,0.0,0.0,1.0,6.25,1.23,0.22,21.375,21.5625,20.90625,21.0,-1.8,0.0,33.0,0.0
2.18808,0x316,0.0,0.0,1.0,6.25,1.23,0.22,21.375,21.5625,20.90625,21.0,-1.8,0.0,30.0,0.0
2.19455,0x220,0.0,0.0,1.0,6.25,1.22,0.23,21.375,21.5625,20.90625,21.0,-1.8,0.0,30.0,0.0
2.19525,0x386,0.0,0.0,1.0,6.25,1.22,0.23,21.4375,21.5,20.84375,21.03125,-1.8,0.0,30.0,0.0
2.19673,0x2B0,0.0,0.0,1.0,6.25,1.22,0.23,21.4375,21.5,20.84375,21.03125,-1.8,0.0,30.0,0.0
2.19808,0x316,0.0,0.0,1.0,6.25,1.22,0.23,21.4375,21.5,20.84375,21.03125,-1.8,0.0,30.0,0.0
2.20454,0x220,0.0,0.0,1.0,6.25,1.23,0.28,21.4375,21.5,20.84375,21.03125,-1.8,0.0,30.0,0.0
2.20679,0x2B0,0.0,0.0,1.0,6.25,1.23,0.28,21.4375,21.5,20.84375,21.03125,-1.8,0.0,30.0,0.0
2.20808,0x316,0.0,0.0,1.0,6.25,1.23,0.28,21.4375,21.5,20.84375,21.03125,-1.8,0.0,28.0,0.0
2.21454,0x220,0.0,0.0,1.0,6.25,1.29,0.3,21.4375,21.5,20.84375,21.03125,-1.8,0.0,28.0,0.0
2.21524,0x386,0.0,0.0,1.0,6.25,1.29,0.3,21.40625,21.53125,20.875,21.09375,-1.8,0.0,28.0,0.0
2.21677,0x2B0,0.0,0.0,1.0,6.25,1.29,0.3,21.40625,21.53125,20.875,21.09375,-1.8,0.0,28.0,0.0
2.21809,0x316,0.0,0.0,1.0,6.25,1.29,0.3,21.40625,21.53125,20.875,21.09375,-1.8,0.0,28.0,0.0
2.22454,0x220,0.0,0.0,1.0,6.25,1.39,0.27,21.40625,21.53125,20.875,21.09375,-1.8,0.0,28.0,0.0
2.22677,0x2B0,0.0,0.0,1.0,6.25,1.39,0.27,21.40625,21.53125,20.875,21.09375,-1.8,0.0,28.0,0.0
2.22809,0x316,0.0,0.0,1.0,6.25,1.39,0.27,21.40625,21.53125,20.875,21.09375,-1.8,0.0,28.0,0.0
2.23455,0x220,0.0,0.0,1.0,6.25,1.5,0.27,21.40625,21.53125,20.875,21.09375,-1.8,0.0,28.0,0.0
2.23525,0x386,0.0,0.0,1.0,6.25,1.5,0.27,21.4375,21.5,21.0,21.15625,-1.8,0.0,28.0,0.0
2.23674,0x2B0,0.0,0.0,1.0,6.25,1.5,0.27,21.4375,21.5,21.0,21.15625,-1.8,0.0,28.0,0.0
2.23809,0x316,0.0,0.0,1.0,6.25,1.5,0.27,21.4375,21.5,21.0,21.15625,-1.8,0.0,25.0,0.0
2.24456,0x220,0.0,0.0,1.0,6.25,1.62,0.3,21.4375,21.5,21.0,21.15625,-1.8,0.0,25.0,0.0
2.24671,0x2B0,0.0,0.0,1.0,6.25,1.62,0.3,21.4375,21.5,21.0,21.15625,-1.9,0.0,25.0,0.0
2.24883,0x316,0.0,0.0,1.0,6.25,1.62,0.3,21.4375,21.5,21.0,21.15625,-1.9,0.0,25.0,0.0
2.25454,0x220,0.0,0.0,1.0,6.25,1.69,0.27,21.4375,21.5,21.0,21.15625,-1.9,0.0,25.0,0.0
2.25524,0x386,0.0,0.0,1.0,6.25,1.69,0.27,21.53125,21.46875,21.0,21.1875,-1.9,0.0,25.0,0.0
2.25672,0x2B0,0.0,0.0,1.0,6.25,1.69,0.27,21.53125,21.46875,21.0,21.1875,-2.2,20.0,25.0,0.0
2.2581,0x316,0.0,0.0,1.0,6.25,1.69,0.27,21.53125,21.46875,21.0,21.1875,-2.2,20.0,25.0,0.0
2.26455,0x220,0.0,0.0,1.0,6.25,1.71,0.17,21.53125,21.46875,21.0,21.1875,-2.2,20.0,25.0,0.0
2.26675,0x2B0,0.0,0.0,1.0,6.25,1.71,0.17,21.53125,21.46875,21.0,21.1875,-2.4,24.0,25.0,0.0
2.2681,0x316,0.0,0.0,1.0,6.25,1.71,0.17,21.53125,21.46875,21.0,21.1875,-2.4,24.0,25.0,0.0
2.27454,0x220,0.0,0.0,1.0,6.25,1.7,0.08,21.53125,21.46875,21.0,21.1875,-2.4,24.0,25.0,0.0
2.27523,0x386,0.0,0.0,1.0,6.25,1.7,0.08,21.5625,21.5,21.0,21.25,-2.4,24.0,25.0,0.0
2.27676,0x2B0,0.0,0.0,1.0,6.25,1.7,0.08,21.5625,21.5,21.0,21.25,-2.6,20.0,25.0,0.0
2.2781,0x316,0.0,0.0,1.0,6.25,1.7,0.08,21.5625,21.5,21.0,21.25,-2.6,20.0,25.0,0.0
2.28455,0x220,0.0,0.0,1.0,6.25,1.61,0.06,21.5625,21.5,21.0,21.25,-2.6,20.0,25.0,0.0
2.28676,0x2B0,0.0,0.0,1.0,6.25,1.61,0.06,21.5625,21.5,21.0,21.25,-2.8,20.0,25.0,0.0
2.28811,0x316,0.0,0.0,1.0,6.25,1.61,0.06,21.5625,21.5,21.0,21.25,-2.8,20.0,22.0,0.0
2.29455,0x220,0.0,0.0,1.0,6.25,1.45,0.11,21.5625,21.5,21.0,21.25,-2.8,20.0,22.0,0.0
2.29525,0x386,0.0,0.0,1.0,6.25,1.45,0.11,21.59375,21.5625,21.03125,21.21875,-2.8,20.0,22.0,0.0
2.29676,0x2B0,0.0,0.0,1.0,6.25,1.45,0.11,21.59375,21.5625,21.03125,21.21875,-3.0,20.0,22.0,0.0
2.29811,0x316,0.0,0.0,1.0,6.25,1.45,0.11,21.59375,21.5625,21.03125,21.21875,-3.0,20.0,22.0,0.0
2.30456,0x220,0.0,0.0,1.0,6.25,1.39,0.18,21.59375,21.5625,21.03125,21.21875,-3.0,20.0,22.0,0.0
2.30676,0x2B0,0.0,0.0,1.0,6.25,1.39,0.18,21.59375,21.5625,21.03125,21.21875,-3.2,20.0,22.0,0.0
2.30812,0x316,0.0,0.0,1.0,6.25,1.39,0.18,21.59375,21.5625,21.03125,21.21875,-3.2,20.0,22.0,0.0
2.31454,0x220,0.0,0.0,1.0,6.25,1.47,0.15,21.59375,21.5625,21.03125,21.21875,-3.2,20.0,22.0,0.0
2.31524,0x386,0.0,0.0,1.0,6.25,1.47,0.15,21.625,21.5625,21.15625,21.28125,-3.2,20.0,22.0,0.0
2.31673,0x2B0,0.0,0.0,1.0,6.25,1.47,0.15,21.625,21.5625,21.15625,21.28125,-3.2,8.0,22.0,0.0
2.31812,0x316,0.0,0.0,1.0,6.25,1.47,0.15,21.625,21.5625,21.15625,21.28125,-3.2,8.0,20.0,0.0
2.32455,0x220,0.0,0.0,1.0,6.25,1.64,0.03,21.625,21.5625,21.15625,21.28125,-3.2,8.0,20.0,0.0
2.32673,0x2B0,0.0,0.0,1.0,6.25,1.64,0.03,21.625,21.5625,21.15625,21.28125,-3.5,12.0,20.0,0.0
2.32813,0x316,0.0,0.0,1.0,6.25,1.64,0.03,21.625,21.5625,21.15625,21.28125,-3.5,12.0,20.0,0.0
2.33455,0x220,0.0,0.0,1.0,6.25,1.77,0.0,21.625,21.5625,21.15625,21.28125,-3.5,12.0,20.0,0.0
2.33525,0x386,0.0,0.0,1.0,6.25,1.77,0.0,21.625,21.625,21.15625,21.34375,-3.5,12.0,20.0,0.0
2.33672,0x2B0,0.0,0.0,1.0,6.25,1.77,0.0,21.625,21.625,21.15625,21.34375,-3.5,12.0,20.0,0.0
2.33813,0x316,0.0,0.0,1.0,6.25,1.77,0.0,21.625,21.625,21.15625,21.34375,-3.5,12.0,20.0,0.0
2.34456,0x220,0.0,0.0,1.0,6.25,1.78,0.03,21.625,21.625,21.15625,21.34375,-3.5,12.0,20.0,0.0
2.34672,0x2B0,0.0,0.0,1.0,6.25,1.78,0.03,21.625,21.625,21.15625,21.34375,-3.7,8.0,20.0,0.0
2.34891,0x316,0.0,0.0,1.0,6.25,1.78,0.03,21.625,21.625,21.15625,21.34375,-3.7,8.0,17.0,0.0
2.35457,0x220,0.0,0.0,1.0,6.25,1.68,0.08,21.625,21.625,21.15625,21.34375,-3.7,8.0,17.0,0.0
2.35525,0x386,0.0,0.0,1.0,6.25,1.68,0.08,21.59375,21.65625,21.28125,21.3125,-3.7,8.0,17.0,0.0
2.35674,0x2B0,0.0,0.0,1.0,6.25,1.68,0.08,21.59375,21.65625,21.28125,21.3125,-3.7,8.0,17.0,0.0
2.35813,0x316,0.0,0.0,1.0,6.25,1.68,0.08,21.59375,21.65625,21.28125,21.3125,-3.7,8.0,17.0,0.0
2.36455,0x220,0.0,0.0,1.0,6.25,1.54,0.07,21.59375,21.65625,21.28125,21.3125,-3.7,8.0,17.0,0.0
2.36674,0x2B0,0.0,0.0,1.0,6.25,1.54,0.07,21.59375,21.65625,21.28125,21.3125,-3.9,8.0,17.0,0.0
2.36813,0x316,0.0,0.0,1.0,6.25,1.54,0.07,21.59375,21.65625,21.28125,21.3125,-3.9,8.0,17.0,0.0
2.37456,0x220,0.0,0.0,1.0,6.25,1.5,0.03,21.59375,21.65625,21.28125,21.3125,-3.9,8.0,17.0,0.0
2.37525,0x386,0.0,0.0,1.0,6.25,1.5,0.03,21.59375,21.625,21.28125,21.21875,-3.9,8.0,17.0,0.0
2.37673,0x2B0,0.0,0.0,1.0,6.25,1.5,0.03,21.59375,21.625,21.28125,21.21875,-3.9,8.0,17.0,0.0
2.37814,0x316,0.0,0.0,1.0,6.25,1.5,0.03,21.59375,21.625,21.28125,21.21875,-3.9,8.0,15.0,0.0
2.38455,0x220,0.0,0.0,1.0,6.25,1.52,0.0,21.59375,21.625,21.28125,21.21875,-3.9,8.0,15.0,0.0
2.38673,0x2B0,0.0,0.0,1.0,6.25,1.52,0.0,21.59375,21.625,21.28125,21.21875,-3.9,0.0,15.0,0.0
2.38814,0x316,0.0,0.0,1.0,6.25,1.52,0.0,21.59375,21.625,21.28125,21.21875,-3.9,0.0,12.0,0.0
2.39457,0x220,0.0,0.0,1.0,6.25,1.54,-0.01,21.59375,21.625,21.28125,21.21875,-3.9,0.0,12.0,0.0
2.39526,0x386,0.0,0.0,1.0,6.25,1.54,-0.01,21.625,21.65625,21.28125,21.28125,-3.9,0.0,12.0,0.0
2.39672,0x2B0,0.0,0.0,1.0,6.25,1.54,-0.01,21.625,21.65625,21.28125,21.28125,-4.0,0.0,12.0,0.0
2.39815,0x316,0.0,0.0,1.0,6.25,1.54,-0.01,21.625,21.65625,21.28125,21.28125,-4.0,0.0,10.0,0.0
2.40455,0x220,0.0,0.0,1.0,6.25,1.56,-0.05,21.625,21.65625,21.28125,21.28125,-4.0,0.0,10.0,0.0
2.40667,0x2B0,0.0,0.0,1.0,6.25,1.56,-0.05,21.625,21.65625,21.28125,21.28125,-4.0,0.0,10.0,0.0
2.40815,0x316,0.0,0.0,1.0,6.25,1.56,-0.05,21.625,21.65625,21.28125,21.28125,-4.0,0.0,7.0,0.0
2.41455,0x220,0.0,0.0,1.0,6.25,1.53,-0.06,21.625,21.65625,21.28125,21.28125,-4.0,0.0,7.0,0.0
2.41524,0x386,0.0,0.0,1.0,6.25,1.53,-0.06,21.59375,21.5625,21.1875,21.3125,-4.0,0.0,7.0,0.0
2.41668,0x2B0,0.0,0.0,1.0,6.25,1.53,-0.06,21.59375,21.5625,21.1875,21.3125,-4.0,0.0,7.0,0.0
2.41816,0x316,0.0,0.0,1.0,6.25,1.53,-0.06,21.59375,21.5625,21.1875,21.3125,-4.0,0.0,5.0,0.0
2.42455,0x220,0.0,0.0,1.0,6.25,1.4,-0.05,21.59375,21.5625,21.1875,21.3125,-4.0,0.0,5.0,0.0
2.42667,0x2B0,0.0,0.0,1.0,6.25,1.4,-0.05,21.59375,21.5625,21.1875,21.3125,-4.0,0.0,5.0,0.0
2.42816,0x316,0.0,0.0,1.0,6.25,1.4,-0.05,21.59375,21.5625,21.1875,21.3125,-4.0,0.0,2.0,0.0
2.43457,0x220,0.0,0.0,1.0,6.25,1.25,-0.01,21.59375,21.5625,21.1875,21.3125,-4.0,0.0,2.0,0.0
2.43526,0x386,0.0,0.0,1.0,6.25,1.25,-0.01,21.5625,21.59375,21.15625,21.28125,-4.0,0.0,2.0,0.0
2.43667,0x2B0,0.0,0.0,1.0,6.25,1.25,-0.01,21.5625,21.59375,21.15625,21.28125,-4.0,0.0,2.0,0.0
2.43817,0x316,0.0,0.0,1.0,6.25,1.25,-0.01,21.5625,21.59375,21.15625,21.28125,-4.0,0.0,0.0,0.0
2.44457,0x220,0.0,0.0,1.0,6.25,1.21,0.01,21.5625,21.59375,21.15625,21.28125,-4.0,0.0,0.0,0.0
2.44667,0x2B0,0.0,0.0,1.0,6.25,1.21,0.01,21.5625,21.59375,21.15625,21.28125,-4.0,0.0,0.0,0.0
2.44884,0x316,0.0,0.0,1.0,6.25,1.21,0.01,21.5625,21.59375,21.15625,21.28125,-4.0,0.0,0.0,0.0
2.45455,0x220,0.0,0.0,1.0,6.25,1.24,0.07,21.5625,21.59375,21.15625,21.28125,-4.0,0.0,0.0,0.0
2.45524,0x386,0.0,0.0,1.0,6.25,1.24,0.07,21.53125,21.59375,21.25,21.28125,-4.0,0.0,0.0,0.0
2.45667,0x2B0,0.0,0.0,1.0,6.25,1.24,0.07,21.53125,21.59375,21.25,21.28125,-4.0,0.0,0.0,0.0
2.45817,0x316,0.0,0.0,1.0,6.25,1.24,0.07,21.53125,21.59375,21.25,21.28125,-4.0,0.0,0.0,0.0
2.46455,0x220,0.0,0.0,1.0,6.25,1.32,0.1,21.53125,21.59375,21.25,21.28125,-4.0,0.0,0.0,0.0
2.46667,0x2B0,0.0,0.0,1.0,6.25,1.32,0.1,21.53125,21.59375,21.25,21.28125,-4.0,0.0,0.0,0.0
2.46817,0x316,0.0,0.0,1.0,6.25,1.32,0.1,21.53125,21.59375,21.25,21.28125,-4.0,0.0,0.0,0.0
2.47455,0x220,0.0,0.0,1.0,6.25,1.47,0.08,21.53125,21.59375,21.25,21.28125,-4.0,0.0,0.0,0.0
2.47526,0x386,0.0,0.0,1.0,6.25,1.47,0.08,21.53125,21.78125,21.15625,21.375,-4.0,0.0,0.0,0.0
2.47667,0x2B0,0.0,0.0,1.0,6.25,1.47,0.08,21.53125,21.78125,21.15625,21.375,-4.0,0.0,0.0,0.0
2.47821,0x316,0.0,0.0,1.0,6.25,1.47,0.08,21.53125,21.78125,21.15625,21.375,-4.0,0.0,0.0,0.0
2.48457,0x220,0.0,0.0,1.0,6.25,1.52,0.08,21.53125,21.78125,21.15625,21.375,-4.0,0.0,0.0,0.0
2.48667,0x2B0,0.0,0.0,1.0,6.25,1.52,0.08,21.53125,21.78125,21.15625,21.375,-4.0,0.0,0.0,0.0
2.48818,0x316,0.0,0.0,1.0,6.25,1.52,0.08,21.53125,21.78125,21.15625,21.375,-4.0,0.0,0.0,0.0
2.49456,0x220,0.0,0.0,1.0,6.25,1.47,0.12,21.53125,21.78125,21.15625,21.375,-4.0,0.0,0.0,0.0
2.49526,0x386,0.0,0.0,1.0,6.25,1.47,0.12,21.625,21.8125,21.0625,21.25,-4.0,0.0,0.0,0.0
2.49667,0x2B0,0.0,0.0,1.0,6.25,1.47,0.12,21.625,21.8125,21.0625,21.25,-4.0,0.0,0.0,0.0
2.4982,0x316,0.0,0.0,1.0,6.25,1.47,0.12,21.625,21.8125,21.0625,21.25,-4.0,0.0,0.0,0.0
2.50456,0x220,0.0,0.0,1.0,6.25,1.37,0.14,21.625,21.8125,21.0625,21.25,-4.0,0.0,0.0,0.0
2.50671,0x2B0,0.0,0.0,1.0,6.25,1.37,0.14,21.625,21.8125,21.0625,21.25,-4.0,0.0,0.0,0.0
2.50819,0x316,0.0,0.0,1.0,6.25,1.37,0.14,21.625,21.8125,21.0625,21.25,-4.0,0.0,0.0,0.0
2.51455,0x220,0.0,0.0,1.0,6.25,1.25,0.15,21.625,21.8125,21.0625,21.25,-4.0,0.0,0.0,0.0
2.51525,0x386,0.0,0.0,1.0,6.25,1.25,0.15,22.0625,21.96875,21.1875,21.25,-4.0,0.0,0.0,0.0
2.51668,0x2B0,0.0,0.0,1.0,6.25,1.25,0.15,22.0625,21.96875,21.1875,21.25,-4.0,0.0,0.0,0.0
2.51819,0x316,0.0,0.0,1.0,6.25,1.25,0.15,22.0625,21.96875,21.1875,21.25,-4.0,0.0,0.0,0.0
2.52455,0x220,0.0,0.0,1.0,6.25,1.18,0.15,22.0625,21.96875,21.1875,21.25,-4.0,0.0,0.0,0.0
2.52671,0x2B0,0.0,0.0,1.0,6.25,1.18,0.15,22.0625,21.96875,21.1875,21.25,-4.1,0.0,0.0,0.0
2.5282,0x316,0.0,0.0,1.0,6.25,1.18,0.15,22.0625,21.96875,21.1875,21.25,-4.1,0.0,0.0,0.0
2.53455,0x220,0.0,0.0,1.0,6.25,1.22,0.13,22.0625,21.96875,21.1875,21.25,-4.1,0.0,0.0,0.0
2.53524,0x386,0.0,0.0,1.0,6.25,1.22,0.13,21.65625,21.875,21.21875,21.3125,-4.1,0.0,0.0,0.0
2.53674,0x2B0,0.0,0.0,1.0,6.25,1.22,0.13,21.65625,21.875,21.21875,21.3125,-4.1,0.0,0.0,0.0
2.5382,0x316,0.0,0.0,1.0,6.25,1.22,0.13,21.65625,21.875,21.21875,21.3125,-4.1,0.0,0.0,0.0
2.54457,0x220,0.0,0.0,1.0,6.25,1.33,0.11,21.65625,21.875,21.21875,21.3125,-4.1,0.0,0.0,0.0
2.54672,0x2B0,0.0,0.0,1.0,6.25,1.33,0.11,21.65625,21.875,21.21875,21.3125,-4.2,0.0,0.0,0.0
2.54893,0x316,0.0,0.0,1.0,6.25,1.33,0.11,21.65625,21.875,21.21875,21.3125,-4.2,0.0,0.0,0.0
2.55455,0x220,0.0,0.0,1.0,6.25,1.41,0.12,21.65625,21.875,21.21875,21.3125,-4.2,0.0,0.0,0.0
2.55524,0x386,0.0,0.0,1.0,6.25,1.41,0.12,21.84375,21.5,21.15625,21.4375,-4.2,0.0,0.0,0.0
2.55673,0x2B0,0.0,0.0,1.0,6.25,1.41,0.12,21.84375,21.5,21.15625,21.4375,-4.2,0.0,0.0,0.0
2.5582,0x316,0.0,0.0,1.0,6.25,1.41,0.12,21.84375,21.5,21.15625,21.4375,-4.2,0.0,0.0,0.0
2.56456,0x220,0.0,0.0,1.0,6.25,1.45,0.09,21.84375,21.5,21.15625,21.4375,-4.2,0.0,0.0,0.0
2.56672,0x2B0,0.0,0.0,1.0,6.25,1.45,0.09,21.84375,21.5,21.15625,21.4375,-4.3,0.0,0.0,0.0
2.56821,0x316,0.0,0.0,1.0,6.25,1.45,0.09,21.84375,21.5,21.15625,21.4375,-4.3,0.0,0.0,0.0
2.57455,0x220,0.0,0.0,1.0,6.25,1.42,0.0,21.84375,21.5,21.15625,21.4375,-4.3,0.0,0.0,0.0
2.57525,0x386,0.0,0.0,1.0,6.25,1.42,0.0,21.5625,21.84375,21.1875,21.34375,-4.3,0.0,0.0,0.0
2.57674,0x2B0,0.0,0.0,1.0,6.25,1.42,0.0,21.5625,21.84375,21.1875,21.34375,-4.3,0.0,0.0,0.0
2.57821,0x316,0.0,0.0,1.0,6.25,1.42,0.0,21.5625,21.84375,21.1875,21.34375,-4.3,0.0,0.0,0.0
2.58455,0x220,0.0,0.0,1.0,6.25,1.32,-0.04,21.5625,21.84375,21.1875,21.34375,-4.3,0.0,0.0,0.0
2.58671,0x2B0,0.0,0.0,1.0,6.25,1.32,-0.04,21.5625,21.84375,21.1875,21.34375,-4.4,0.0,0.0,0.0
2.58822,0x316,0.0,0.0,1.0,6.25,1.32,-0.04,21.5625,21.84375,21.1875,21.34375,-4.4,0.0,0.0,0.0
2.59458,0x220,0.0,0.0,1.0,6.25,1.25,0.03,21.5625,21.84375,21.1875,21.34375,-4.4,0.0,0.0,0.0
2.59529,0x386,0.0,0.0,1.0,6.25,1.25,0.03,21.71875,21.4375,21.25,21.34375,-4.4,0.0,0.0,0.0
2.59672,0x2B0,0.0,0.0,1.0,6.25,1.25,0.03,21.71875,21.4375,21.25,21.34375,-4.4,0.0,0.0,0.0
2.59822,0x316,0.0,0.0,1.0,6.25,1.25,0.03,21.71875,21.4375,21.25,21.34375,-4.4,0.0,0.0,0.0
2.60456,0x220,0.0,0.0,1.0,6.25,1.3,0.25,21.71875,21.4375,21.25,21.34375,-4.4,0.0,0.0,0.0
2.60675,0x2B0,0.0,0.0,1.0,6.25,1.3,0.25,21.71875,21.4375,21.25,21.34375,-4.6,8.0,0.0,0.0
2.60822,0x316,0.0,0.0,1.0,6.25,1.3,0.25,21.71875,21.4375,21.25,21.34375,-4.6,8.0,0.0,0.0
2.61456,0x220,0.0,0.0,1.0,6.25,1.44,0.34,21.71875,21.4375,21.25,21.34375,-4.6,8.0,0.0,0.0
2.61526,0x386,0.0,0.0,1.0,6.25,1.44,0.34,22.625,21.5,21.28125,21.5,-4.6,8.0,0.0,0.0
2.61674,0x2B0,0.0,0.0,1.0,6.25,1.44,0.34,22.625,21.5,21.28125,21.5,-4.6,8.0,0.0,0.0
2.61822,0x316,0.0,0.0,1.0,6.25,1.44,0.34,22.625,21.5,21.28125,21.5,-4.6,8.0,0.0,0.0
2.62456,0x220,0.0,0.0,1.0,6.25,1.57,0.19,22.625,21.5,21.28125,21.5,-4.6,8.0,0.0,0.0
2.62674,0x2B0,0.0,0.0,1.0,6.25,1.57,0.19,22.625,21.5,21.28125,21.5,-4.8,8.0,0.0,0.0
2.62822,0x316,0.0,0.0,1.0,6.25,1.57,0.19,22.625,21.5,21.28125,21.5,-4.8,8.0,0.0,0.0
2.63456,0x220,0.0,0.0,1.0,6.25,1.55,-0.12,22.625,21.5,21.28125,21.5,-4.8,8.0,0.0,0.0
2.63525,0x386,0.0,0.0,1.0,6.25,1.55,-0.12,21.21875,20.375,21.4375,21.5,-4.8,8.0,0.0,0.0
2.63673,0x2B0,0.0,0.0,1.0,6.25,1.55,-0.12,21.21875,20.375,21.4375,21.5,-4.8,8.0,0.0,0.0
2.63823,0x316,0.0,0.0,1.0,6.25,1.55,-0.12,21.21875,20.375,21.4375,21.5,-4.8,8.0,0.0,0.0
2.64458,0x220,0.0,0.0,1.0,6.25,1.35,-0.2,21.21875,20.375,21.4375,21.5,-4.8,8.0,0.0,0.0
2.64672,0x2B0,0.0,0.0,1.0,6.25,1.35,-0.2,21.21875,20.375,21.4375,21.5,-4.9,0.0,0.0,0.0
2.6488,0x316,0.0,0.0,1.0,6.25,1.35,-0.2,21.21875,20.375,21.4375,21.5,-4.9,0.0,0.0,0.0
2.65456,0x220,0.0,0.0,1.0,6.25,1.16,0.01,21.21875,20.375,21.4375,21.5,-4.9,0.0,0.0,0.0
2.65526,0x386,0.0,0.0,1.0,6.25,1.16,0.01,21.5,21.96875,21.375,21.40625,-4.9,0.0,0.0,0.0
2.65672,0x2B0,0.0,0.0,1.0,6.25,1.16,0.01,21.5,21.96875,21.375,21.40625,-4.9,0.0,0.0,0.0
2.65824,0x316,0.0,0.0,1.0,6.25,1.16,0.01,21.5,21.96875,21.375,21.40625,-4.9,0.0,0.0,0.0
2.66455,0x220,0.0,0.0,1.0,6.25,1.16,0.34,21.5,21.96875,21.375,21.40625,-4.9,0.0,0.0,0.0
2.66669,0x2B0,0.0,0.0,1.0,6.25,1.16,0.34,21.5,21.96875,21.375,21.40625,-5.1,8.0,0.0,0.0
2.66824,0x316,0.0,0.0,1.0,6.25,1.16,0.34,21.5,21.96875,21.375,21.40625,-5.1,8.0,0.0,0.0
2.67456,0x220,0.0,0.0,1.0,6.25,1.3,0.36,21.5,21.96875,21.375,21.40625,-5.1,8.0,0.0,0.0
2.67526,0x386,0.0,0.0,1.0,6.25,1.3,0.36,21.5,21.78125,21.1875,21.25,-5.1,8.0,0.0,0.0
2.67666,0x2B0,0.0,0.0,1.0,6.25,1.3,0.36,21.5,21.78125,21.1875,21.25,-5.1,8.0,0.0,0.0
2.67825,0x316,0.0,0.0,1.0,6.25,1.3,0.36,21.5,21.78125,21.1875,21.25,-5.1,8.0,0.0,0.0
2.68455,0x220,0.0,0.0,1.0,6.25,1.47,-0.01,21.5,21.78125,21.1875,21.25,-5.1,8.0,0.0,0.0
2.6867,0x2B0,0.0,0.0,1.0,6.25,1.47,-0.01,21.5,21.78125,21.1875,21.25,-5.1,0.0,0.0,0.0
2.68825,0x316,0.0,0.0,1.0,6.25,1.47,-0.01,21.5,21.78125,21.1875,21.25,-5.1,0.0,0.0,0.0
2.69456,0x220,0.0,0.0,1.0,6.25,1.52,-0.4,21.5,21.78125,21.1875,21.25,-5.1,0.0,0.0,0.0
2.69526,0x386,0.0,0.0,1.0,6.25,1.52,-0.4,21.5625,21.6875,21.25,21.21875,-5.1,0.0,0.0,0.0
2.69663,0x2B0,0.0,0.0,1.0,6.25,1.52,-0.4,21.5625,21.6875,21.25,21.21875,-5.1,0.0,0.0,0.0
2.698,0x316,0.0,0.0,1.0,6.25,1.52,-0.4,21.5625,21.6875,21.25,21.21875,-5.1,0.0,0.0,0.0
2.70455,0x220,0.0,0.0,1.0,6.25,1.41,-0.43,21.5625,21.6875,21.25,21.21875,-5.1,0.0,0.0,0.0
2.70665,0x2B0,0.0,0.0,1.0,6.25,1.41,-0.43,21.5625,21.6875,21.25,21.21875,-5.1,0.0,0.0,0.0
2.708,0x316,0.0,0.0,1.0,6.25,1.41,-0.43,21.5625,21.6875,21.25,21.21875,-5.1,0.0,0.0,0.0
2.71455,0x220,0.0,0.0,1.0,6.25,1.3,-0.12,21.5625,21.6875,21.25,21.21875,-5.1,0.0,0.0,0.0
2.71524,0x386,0.0,0.0,1.0,6.25,1.3,-0.12,21.625,21.6875,21.125,21.1875,-5.1,0.0,0.0,0.0
2.71665,0x2B0,0.0,0.0,1.0,6.25,1.3,-0.12,21.625,21.6875,21.125,21.1875,-5.1,0.0,0.0,0.0
2.71826,0x316,0.0,0.0,1.0,6.25,1.3,-0.12,21.625,21.6875,21.125,21.1875,-5.1,0.0,0.0,0.0
2.72457,0x220,0.0,0.0,1.0,6.25,1.22,0.05,21.625,21.6875,21.125,21.1875,-5.1,0.0,0.0,0.0
2.72665,0x2B0,0.0,0.0,1.0,6.25,1.22,0.05,21.625,21.6875,21.125,21.1875,-5.1,0.0,0.0,0.0
2.728,0x316,0.0,0.0,1.0,6.25,1.22,0.05,21.625,21.6875,21.125,21.1875,-5.1,0.0,0.0,0.0
2.73455,0x220,0.0,0.0,1.0,6.25,1.16,-0.06,21.625,21.6875,21.125,21.1875,-5.1,0.0,0.0,0.0
2.73525,0x386,0.0,0.0,1.0,6.25,1.16,-0.06,21.5625,21.625,21.0625,21.1875,-5.1,0.0,0.0,0.0
2.73665,0x2B0,0.0,0.0,1.0,6.25,1.16,-0.06,21.5625,21.625,21.0625,21.1875,-5.1,0.0,0.0,0.0
2.73827,0x316,0.0,0.0,1.0,6.25,1.16,-0.06,21.5625,21.625,21.0625,21.1875,-5.1,0.0,0.0,0.0
2.74456,0x220,0.0,0.0,1.0,6.25,1.15,-0.23,21.5625,21.625,21.0625,21.1875,-5.1,0.0,0.0,0.0
2.74665,0x2B0,0.0,0.0,1.0,6.25,1.15,-0.23,21.5625,21.625,21.0625,21.1875,-5.1,0.0,0.0,0.0
2.74882,0x316,0.0,0.0,1.0,6.25,1.15,-0.23,21.5625,21.625,21.0625,21.1875,-5.1,0.0,0.0,0.0
2.75455,0x220,0.0,0.0,1.0,6.25,1.23,-0.18,21.5625,21.625,21.0625,21.1875,-5.1,0.0,0.0,0.0
2.75525,0x386,0.0,0.0,1.0,6.25,1.23,-0.18,21.59375,21.625,21.0,21.125,-5.1,0.0,0.0,0.0
2.75669,0x2B0,0.0,0.0,1.0,6.25,1.23,-0.18,21.59375,21.625,21.0,21.125,-5.1,0.0,0.0,0.0
2.75827,0x316,0.0,0.0,1.0,6.25,1.23,-0.18,21.59375,21.625,21.0,21.125,-5.1,0.0,0.0,0.0
2.76456,0x220,0.0,0.0,1.0,6.25,1.37,-0.07,21.59375,21.625,21.0,21.125,-5.1,0.0,0.0,0.0
2.76671,0x2B0,0.0,0.0,1.0,6.25,1.37,-0.07,21.59375,21.625,21.0,21.125,-5.2,0.0,0.0,0.0
2.76828,0x316,0.0,0.0,1.0,6.25,1.37,-0.07,21.59375,21.625,21.0,21.125,-5.2,0.0,0.0,0.0
2.77457,0x220,0.0,0.0,1.0,6.25,1.5,-0.08,21.59375,21.625,21.0,21.125,-5.2,0.0,0.0,0.0
2.77527,0x386,0.0,0.0,1.0,6.25,1.5,-0.08,21.4375,21.65625,21.0625,21.09375,-5.2,0.0,0.0,0.0
2.7767,0x2B0,0.0,0.0,1.0,6.25,1.5,-0.08,21.4375,21.65625,21.0625,21.09375,-5.2,0.0,0.0,0.0
2.77828,0x316,0.0,0.0,1.0,6.25,1.5,-0.08,21.4375,21.65625,21.0625,21.09375,-5.2,0.0,0.0,0.0
2.78456,0x220,0.0,0.0,1.0,6.25,1.53,-0.19,21.4375,21.65625,21.0625,21.09375,-5.2,0.0,0.0,0.0
2.78672,0x2B0,0.0,0.0,1.0,6.25,1.53,-0.19,21.4375,21.65625,21.0625,21.09375,-5.3,0.0,0.0,0.0
2.78799,0x316,0.0,0.0,1.0,6.25,1.53,-0.19,21.4375,21.65625,21.0625,21.09375,-5.3,0.0,0.0,0.0
2.79457,0x220,0.0,0.0,1.0,6.25,1.44,-0.26,21.4375,21.65625,21.0625,21.09375,-5.3,0.0,0.0,0.0
2.79526,0x386,0.0,0.0,1.0,6.25,1.44,-0.26,21.4375,21.5,20.90625,21.21875,-5.3,0.0,0.0,0.0
2.79673,0x2B0,0.0,0.0,1.0,6.25,1.44,-0.26,21.4375,21.5,20.90625,21.21875,-5.3,0.0,0.0,0.0
2.79828,0x316,0.0,0.0,1.0,6.25,1.44,-0.26,21.4375,21.5,20.90625,21.21875,-5.3,0.0,0.0,0.0
2.80457,0x220,0.0,0.0,1.0,6.25,1.31,-0.2,21.4375,21.5,20.90625,21.21875,-5.3,0.0,0.0,0.0
2.80669,0x2B0,0.0,0.0,1.0,6.25,1.31,-0.2,21.4375,21.5,20.90625,21.21875,-5.3,0.0,0.0,0.0
2.808,0x316,0.0,0.0,1.0,6.25,1.31,-0.2,21.4375,21.5,20.90625,21.21875,-5.3,0.0,0.0,0.0
2.81455,0x220,0.0,0.0,1.0,6.25,1.24,-0.1,21.4375,21.5,20.90625,21.21875,-5.3,0.0,0.0,0.0
2.81525,0x386,0.0,0.0,1.0,6.25,1.24,-0.1,21.5625,21.53125,20.90625,21.125,-5.3,0.0,0.0,0.0
2.81672,0x2B0,0.0,0.0,1.0,6.25,1.24,-0.1,21.5625,21.53125,20.90625,21.125,-5.5,8.0,0.0,0.0
2.818,0x316,0.0,0.0,1.0,6.25,1.24,-0.1,21.5625,21.53125,20.90625,21.125,-5.5,8.0,0.0,0.0
2.82456,0x220,0.0,0.0,1.0,6.25,1.2,-0.09,21.5625,21.53125,20.90625,21.125,-5.5,8.0,0.0,0.0
2.82674,0x2B0,0.0,0.0,1.0,6.25,1.2,-0.09,21.5625,21.53125,20.90625,21.125,-5.5,8.0,0.0,0.0
2.82797,0x316,0.0,0.0,1.0,6.25,1.2,-0.09,21.5625,21.53125,20.90625,21.125,-5.5,8.0,0.0,0.0
2.83456,0x220,0.0,0.0,1.0,6.25,1.23,-0.14,21.5625,21.53125,20.90625,21.125,-5.5,8.0,0.0,0.0
2.83525,0x386,0.0,0.0,1.0,6.25,1.23,-0.14,21.4375,21.4375,21.0625,21.15625,-5.5,8.0,0.0,0.0
2.83674,0x2B0,0.0,0.0,1.0,6.25,1.23,-0.14,21.4375,21.4375,21.0625,21.15625,-5.5,0.0,0.0,0.0
2.8383,0x316,0.0,0.0,1.0,6.25,1.23,-0.14,21.4375,21.4375,21.0625,21.15625,-5.5,0.0,2.0,0.0
2.84458,0x220,0.0,0.0,1.0,6.25,1.35,-0.13,21.4375,21.4375,21.0625,21.15625,-5.5,0.0,2.0,0.0
2.84675,0x2B0,0.0,0.0,1.0,6.25,1.35,-0.13,21.4375,21.4375,21.0625,21.15625,-5.5,0.0,2.0,0.0
2.84887,0x316,0.0,0.0,1.0,6.25,1.35,-0.13,21.4375,21.4375,21.0625,21.15625,-5.5,0.0,5.0,0.0
2.85456,0x220,0.0,0.0,1.0,6.25,1.48,-0.02,21.4375,21.4375,21.0625,21.15625,-5.5,0.0,5.0,0.0
2.85525,0x386,0.0,0.0,1.0,6.25,1.48,-0.02,21.59375,21.46875,21.03125,21.1875,-5.5,0.0,5.0,0.0
2.85675,0x2B0,0.0,0.0,1.0,6.25,1.48,-0.02,21.59375,21.46875,21.03125,21.1875,-5.5,0.0,5.0,0.0
2.858,0x316,0.0,0.0,1.0,6.25,1.48,-0.02,21.59375,21.46875,21.03125,21.1875,-5.5,0.0,5.0,0.0
2.86456,0x220,0.0,0.0,1.0,6.25,1.53,0.01,21.59375,21.46875,21.03125,21.1875,-5.5,0.0,5.0,0.0
2.86674,0x2B0,0.0,0.0,1.0,6.25,1.53,0.01,21.59375,21.46875,21.03125,21.1875,-5.5,0.0,5.0,0.0
2.86803,0x316,0.0,0.0,1.0,6.25,1.53,0.01,21.59375,21.46875,21.03125,21.1875,-5.5,0.0,12.0,0.0
2.87456,0x220,0.0,0.0,1.0,6.25,1.45,0.0,21.59375,21.46875,21.03125,21.1875,-5.5,0.0,12.0,0.0
2.87525,0x386,0.0,0.0,1.0,6.25,1.45,0.0,21.6875,21.46875,21.0,21.15625,-5.5,0.0,12.0,0.0
2.87672,0x2B0,0.0,0.0,1.0,6.25,1.45,0.0,21.6875,21.46875,21.0,21.15625,-5.6,0.0,12.0,0.0
2.87831,0x316,0.0,0.0,1.0,6.25,1.45,0.0,21.6875,21.46875,21.0,21.15625,-5.6,0.0,12.0,0.0
2.88459,0x220,0.0,0.0,1.0,6.25,1.28,-0.05,21.6875,21.46875,21.0,21.15625,-5.6,0.0,12.0,0.0
2.88673,0x2B0,0.0,0.0,1.0,6.25,1.28,-0.05,21.6875,21.46875,21.0,21.15625,-5.6,0.0,12.0,0.0
2.88805,0x316,0.0,0.0,1.0,6.25,1.28,-0.05,21.6875,21.46875,21.0,21.15625,-5.6,0.0,15.0,0.0
2.89456,0x220,0.0,0.0,1.0,6.25,1.12,-0.01,21.6875,21.46875,21.0,21.15625,-5.6,0.0,15.0,0.0
2.89526,0x386,0.0,0.0,1.0,6.25,1.12,-0.01,21.71875,21.78125,21.03125,21.125,-5.6,0.0,15.0,0.0
2.89674,0x2B0,0.0,0.0,1.0,6.25,1.12,-0.01,21.71875,21.78125,21.03125,21.125,-5.8,8.0,15.0,0.0
2.89801,0x316,0.0,0.0,1.0,6.25,1.12,-0.01,21.71875,21.78125,21.03125,21.125,-5.8,8.0,15.0,0.0
2.90456,0x220,0.0,0.0,1.0,6.25,1.01,0.09,21.71875,21.78125,21.03125,21.125,-5.8,8.0,15.0,0.0
2.90673,0x2B0,0.0,0.0,1.0,6.25,1.01,0.09,21.71875,21.78125,21.03125,21.125,-5.8,8.0,15.0,0.0
2.90798,0x316,0.0,0.0,1.0,6.25,1.01,0.09,21.71875,21.78125,21.03125,21.125,-5.8,8.0,15.0,0.0
2.91456,0x220,0.0,0.0,1.0,6.25,1.03,0.16,21.71875,21.78125,21.03125,21.125,-5.8,8.0,15.0,0.0
2.91526,0x386,0.0,0.0,1.0,6.25,1.03,0.16,21.28125,21.375,21.1875,21.125,-5.8,8.0,15.0,0.0
2.91673,0x2B0,0.0,0.0,1.0,6.25,1.03,0.16,21.28125,21.375,21.1875,21.125,-5.9,0.0,15.0,0.0
2.91805,0x316,0.0,0.0,1.0,6.25,1.03,0.16,21.28125,21.375,21.1875,21.125,-5.9,0.0,15.0,0.0
2.92457,0x220,0.0,0.0,1.0,6.25,1.1,0.12,21.28125,21.375,21.1875,21.125,-5.9,0.0,15.0,0.0
2.92674,0x2B0,0.0,0.0,1.0,6.25,1.1,0.12,21.28125,21.375,21.1875,21.125,-5.9,0.0,15.0,0.0
2.92801,0x316,0.0,0.0,1.0,6.25,1.1,0.12,21.28125,21.375,21.1875,21.125,-5.9,0.0,15.0,0.0
2.93457,0x220,0.0,0.0,1.0,6.25,1.1,0.04,21.28125,21.375,21.1875,21.125,-5.9,0.0,15.0,0.0
2.93527,0x386,0.0,0.0,1.0,6.25,1.1,0.04,22.125,21.90625,21.125,21.0,-5.9,0.0,15.0,0.0
2.93674,0x2B0,0.0,0.0,1.0,6.25,1.1,0.04,22.125,21.90625,21.125,21.0,-6.1,8.0,15.0,0.0
2.93805,0x316,0.0,0.0,1.0,6.25,1.1,0.04,22.125,21.90625,21.125,21.0,-6.1,8.0,15.0,0.0
2.94458,0x220,0.0,0.0,1.0,6.25,1.1,0.09,22.125,21.90625,21.125,21.0,-6.1,8.0,15.0,0.0
2.94675,0x2B0,0.0,0.0,1.0,6.25,1.1,0.09,22.125,21.90625,21.125,21.0,-6.1,8.0,15.0,0.0
2.94873,0x316,0.0,0.0,1.0,6.25,1.1,0.09,22.125,21.90625,21.125,21.0,-6.1,8.0,15.0,0.0
2.95457,0x220,0.0,0.0,1.0,6.25,1.06,0.31,22.125,21.90625,21.125,21.0,-6.1,8.0,15.0,0.0
2.95526,0x386,0.0,0.0,1.0,6.25,1.06,0.31,21.5625,21.65625,21.03125,20.9375,-6.1,8.0,15.0,0.0
2.95674,0x2B0,0.0,0.0,1.0,6.25,1.06,0.31,21.5625,21.65625,21.03125,20.9375,-6.3,8.0,15.0,0.0
2.95805,0x316,0.0,0.0,1.0,6.25,1.06,0.31,21.5625,21.65625,21.03125,20.9375,-6.3,8.0,15.0,0.0
2.96457,0x220,0.0,0.0,1.0,6.25,1.04,0.39,21.5625,21.65625,21.03125,20.9375,-6.3,8.0,15.0,0.0
2.96669,0x2B0,0.0,0.0,1.0,6.25,1.04,0.39,21.5625,21.65625,21.03125,20.9375,-6.3,8.0,15.0,0.0
2.96834,0x316,0.0,0.0,1.0,6.25,1.04,0.39,21.5625,21.65625,21.03125,20.9375,-6.3,8.0,15.0,0.0
2.97456,0x220,0.0,0.0,1.0,6.25,1.0,0.24,21.5625,21.65625,21.03125,20.9375,-6.3,8.0,15.0,0.0
2.97526,0x386,0.0,0.0,1.0,6.25,1.0,0.24,21.8125,21.625,21.0,20.9375,-6.3,8.0,15.0,0.0
2.97667,0x2B0,0.0,0.0,1.0,6.25,1.0,0.24,21.8125,21.625,21.0,20.9375,-6.4,0.0,15.0,0.0
2.97809,0x316,0.0,0.0,1.0,6.25,1.0,0.24,21.8125,21.625,21.0,20.9375,-6.4,0.0,15.0,0.0
2.98456,0x220,0.0,0.0,1.0,6.25,0.92,0.07,21.8125,21.625,21.0,20.9375,-6.4,0.0,15.0,0.0
2.98667,0x2B0,0.0,0.0,1.0,6.25,0.92,0.07,21.8125,21.625,21.0,20.9375,-6.4,0.0,15.0,0.0
2.98799,0x316,0.0,0.0,1.0,6.25,0.92,0.07,21.8125,21.625,21.0,20.9375,-6.4,0.0,15.0,0.0
2.99457,0x220,0.0,0.0,1.0,6.25,0.78,0.16,21.8125,21.625,21.0,20.9375,-6.4,0.0,15.0,0.0
2.99528,0x386,0.0,0.0,1.0,6.25,0.78,0.16,21.53125,21.59375,20.9375,21.03125,-6.4,0.0,15.0,0.0
2.99667,0x2B0,0.0,0.0,1.0,6.25,0.78,0.16,21.53125,21.59375,20.9375,21.03125,-6.5,0.0,15.0,0.0
2.99805,0x316,0.0,0.0,1.0,6.25,0.78,0.16,21.53125,21.59375,20.9375,21.03125,-6.5,0.0,15.0,0.0
3.00456,0x220,0.0,0.0,1.0,6.25,0.7,0.39,21.53125,21.59375,20.9375,21.03125,-6.5,0.0,15.0,0.0
3.00668,0x2B0,0.0,0.0,1.0,6.25,0.7,0.39,21.53125,21.59375,20.9375,21.03125,-6.5,0.0,15.0,0.0
3.00799,0x316,0.0,0.0,1.0,6.25,0.7,0.39,21.53125,21.59375,20.9375,21.03125,-6.5,0.0,15.0,0.0
3.01456,0x220,0.0,0.0,1.0,6.25,0.75,0.49,21.53125,21.59375,20.9375,21.03125,-6.5,0.0,15.0,0.0
3.01526,0x386,0.0,0.0,1.0,6.25,0.75,0.49,21.5,21.375,20.96875,21.09375,-6.5,0.0,15.0,0.0
3.01665,0x2B0,0.0,0.0,1.0,6.25,0.75,0.49,21.5,21.375,20.96875,21.09375,-6.7,8.0,15.0,0.0
3.01799,0x316,0.0,0.0,1.0,6.25,0.75,0.49,21.5,21.375,20.96875,21.09375,-6.7,8.0,15.0,0.0
3.02457,0x220,0.0,0.0,1.0,6.25,0.88,0.46,21.5,21.375,20.96875,21.09375,-6.7,8.0,15.0,0.0
3.02666,0x2B0,0.0,0.0,1.0,6.25,0.88,0.46,21.5,21.375,20.96875,21.09375,-6.7,8.0,15.0,0.0
3.02797,0x316,0.0,0.0,1.0,6.25,0.88,0.46,21.5,21.375,20.96875,21.09375,-6.7,8.0,15.0,0.0
3.03456,0x220,0.0,0.0,1.0,6.25,1.02,0.39,21.5,21.375,20.96875,21.09375,-6.7,8.0,15.0,0.0
3.03526,0x386,0.0,0.0,1.0,6.25,1.02,0.39,21.15625,21.71875,21.09375,21.28125,-6.7,8.0,15.0,0.0
3.03666,0x2B0,0.0,0.0,1.0,6.25,1.02,0.39,21.15625,21.71875,21.09375,21.28125,-7.0,12.0,15.0,0.0
3.03836,0x316,0.0,0.0,1.0,6.25,1.02,0.39,21.15625,21.71875,21.09375,21.28125,-7.0,12.0,15.0,0.0
3.04459,0x220,0.0,0.0,1.0,6.25,1.08,0.37,21.15625,21.71875,21.09375,21.28125,-7.0,12.0,15.0,0.0
3.04661,0x2B0,0.0,0.0,1.0,6.25,1.08,0.37,21.15625,21.71875,21.09375,21.28125,-7.0,12.0,15.0,0.0
3.04894,0x316,0.0,0.0,1.0,6.25,1.08,0.37,21.15625,21.71875,21.09375,21.28125,-7.0,12.0,12.0,0.0
3.05456,0x220,0.0,0.0,1.0,6.25,1.07,0.44,21.15625,21.71875,21.09375,21.28125,-7.0,12.0,12.0,0.0
3.05525,0x386,0.0,0.0,1.0,6.25,1.07,0.44,22.09375,21.46875,21.1875,21.3125,-7.0,12.0,12.0,0.0
3.05666,0x2B0,0.0,0.0,1.0,6.25,1.07,0.44,22.09375,21.46875,21.1875,21.3125,-7.1,0.0,12.0,0.0
3.05799,0x316,0.0,0.0,1.0,6.25,1.07,0.44,22.09375,21.46875,21.1875,21.3125,-7.1,0.0,12.0,0.0
3.06457,0x220,0.0,0.0,1.0,6.25,1.03,0.54,22.09375,21.46875,21.1875,21.3125,-7.1,0.0,12.0,0.0
3.06668,0x2B0,0.0,0.0,1.0,6.25,1.03,0.54,22.09375,21.46875,21.1875,21.3125,-7.3,12.0,12.0,0.0
3.06802,0x316,0.0,0.0,1.0,6.25,1.03,0.54,22.09375,21.46875,21.1875,21.3125,-7.3,12.0,12.0,0.0
3.07457,0x220,0.0,0.0,1.0,6.25,0.93,0.49,22.09375,21.46875,21.1875,21.3125,-7.3,12.0,12.0,0.0
3.07526,0x386,0.0,0.0,1.0,6.25,0.93,0.49,21.3125,21.84375,21.0625,21.25,-7.3,12.0,12.0,0.0
3.07669,0x2B0,0.0,0.0,1.0,6.25,0.93,0.49,21.3125,21.84375,21.0625,21.25,-7.3,8.0,12.0,0.0
3.07811,0x316,0.0,0.0,1.0,6.25,0.93,0.49,21.3125,21.84375,21.0625,21.25,-7.3,8.0,12.0,0.0
3.08457,0x220,0.0,0.0,1.0,6.25,0.78,0.19,21.3125,21.84375,21.0625,21.25,-7.3,8.0,12.0,0.0
3.08669,0x2B0,0.0,0.0,1.0,6.25,0.78,0.19,21.3125,21.84375,21.0625,21.25,-7.5,8.0,12.0,0.0
3.08811,0x316,0.0,0.0,1.0,6.25,0.78,0.19,21.3125,21.84375,21.0625,21.25,-7.5,8.0,12.0,0.0
3.09458,0x220,0.0,0.0,1.0,6.25,0.62,-0.08,21.3125,21.84375,21.0625,21.25,-7.5,8.0,12.0,0.0
3.09527,0x386,0.0,0.0,1.0,6.25,0.62,-0.08,21.8125,21.6875,20.625,21.03125,-7.5,8.0,12.0,0.0
3.09669,0x2B0,0.0,0.0,1.0,6.25,0.62,-0.08,21.8125,21.6875,20.625,21.03125,-7.5,8.0,12.0,0.0
3.09799,0x316,0.0,0.0,1.0,6.25,0.62,-0.08,21.8125,21.6875,20.625,21.03125,-7.5,8.0,12.0,0.0
3.10457,0x220,0.0,0.0,1.0,6.25,0.54,-0.04,21.8125,21.6875,20.625,21.03125,-7.5,8.0,12.0,0.0
3.10668,0x2B0,0.0,0.0,1.0,6.25,0.54,-0.04,21.8125,21.6875,20.625,21.03125,-7.5,0.0,12.0,0.0
3.10799,0x316,0.0,0.0,1.0,6.25,0.54,-0.04,21.8125,21.6875,20.625,21.03125,-7.5,0.0,15.0,0.0
3.11458,0x220,0.0,0.0,1.0,6.25,0.63,0.24,21.8125,21.6875,20.625,21.03125,-7.5,0.0,15.0,0.0
3.11528,0x386,0.0,0.0,1.0,6.25,0.63,0.24,21.75,21.625,21.0,21.09375,-7.5,0.0,15.0,0.0
3.11669,0x2B0,0.0,0.0,1.0,6.25,0.63,0.24,21.75,21.625,21.0,21.09375,-7.6,0.0,15.0,0.0
3.11799,0x316,0.0,0.0,1.0,6.25,0.63,0.24,21.75,21.625,21.0,21.09375,-7.6,0.0,20.0,0.0
3.12458,0x220,0.0,0.0,1.0,6.25,0.94,0.41,21.75,21.625,21.0,21.09375,-7.6,0.0,20.0,0.0
3.12663,0x2B0,0.0,0.0,1.0,6.25,0.94,0.41,21.75,21.625,21.0,21.09375,-7.6,0.0,20.0,0.0
3.1281,0x316,0.0,0.0,1.0,6.25,0.94,0.41,21.75,21.625,21.0,21.09375,-7.6,0.0,22.0,0.0
3.13457,0x220,0.0,0.0,1.0,6.25,1.28,0.24,21.75,21.625,21.0,21.09375,-7.6,0.0,22.0,0.0
3.13527,0x386,0.0,0.0,1.0,6.25,1.28,0.24,21.71875,21.71875,21.21875,21.34375,-7.6,0.0,22.0,0.0
3.13663,0x2B0,0.0,0.0,1.0,6.25,1.28,0.24,21.71875,21.71875,21.21875,21.34375,-7.6,0.0,22.0,0.0
3.13806,0x316,0.0,0.0,1.0,6.25,1.28,0.24,21.71875,21.71875,21.21875,21.34375,-7.6,0.0,22.0,0.0
3.14457,0x220,0.0,0.0,1.0,6.25,1.48,-0.01,21.71875,21.71875,21.21875,21.34375,-7.6,0.0,22.0,0.0
3.14664,0x2B0,0.0,0.0,1.0,6.25,1.48,-0.01,21.71875,21.71875,21.21875,21.34375,-7.6,0.0,22.0,0.0
3.14873,0x316,0.0,0.0,1.0,6.25,1.48,-0.01,21.71875,21.71875,21.21875,21.34375,-7.6,0.0,22.0,0.0
3.15457,0x220,0.0,0.0,1.0,6.25,1.54,-0.14,21.71875,21.71875,21.21875,21.34375,-7.6,0.0,22.0,0.0
3.15527,0x386,0.0,0.0,1.0,6.25,1.54,-0.14,21.71875,21.71875,21.15625,21.5625,-7.6,0.0,22.0,0.0
3.15664,0x2B0,0.0,0.0,1.0,6.25,1.54,-0.14,21.71875,21.71875,21.15625,21.5625,-7.6,0.0,22.0,0.0
3.15799,0x316,0.0,0.0,1.0,6.25,1.54,-0.14,21.71875,21.71875,21.15625,21.5625,-7.6,0.0,22.0,0.0
3.16456,0x220,0.0,0.0,1.0,6.25,1.51,-0.06,21.71875,21.71875,21.15625,21.5625,-7.6,0.0,22.0,0.0
3.1667,0x2B0,0.0,0.0,1.0,6.25,1.51,-0.06,21.71875,21.71875,21.15625,21.5625,-7.6,0.0,22.0,0.0
3.16815,0x316,0.0,0.0,1.0,6.25,1.51,-0.06,21.71875,21.71875,21.15625,21.5625,-7.6,0.0,20.0,0.0
3.17456,0x220,0.0,0.0,1.0,6.25,1.47,0.05,21.71875,21.71875,21.15625,21.5625,-7.6,0.0,20.0,0.0
3.17526,0x386,0.0,0.0,1.0,6.25,1.47,0.05,21.6875,21.5,21.25,21.46875,-7.6,0.0,20.0,0.0
3.17669,0x2B0,0.0,0.0,1.0,6.25,1.47,0.05,21.6875,21.5,21.25,21.46875,-7.6,0.0,20.0,0.0
3.17841,0x316,0.0,0.0,1.0,6.25,1.47,0.05,21.6875,21.5,21.25,21.46875,-7.6,0.0,15.0,0.0
3.18457,0x220,0.0,0.0,1.0,6.25,1.44,0.09,21.6875,21.5,21.25,21.46875,-7.6,0.0,15.0,0.0
3.18668,0x2B0,0.0,0.0,1.0,6.25,1.44,0.09,21.6875,21.5,21.25,21.46875,-7.9,12.0,15.0,0.0
3.18799,0x316,0.0,0.0,1.0,6.25,1.44,0.09,21.6875,21.5,21.25,21.46875,-7.9,12.0,12.0,0.0
3.19458,0x220,0.0,0.0,1.0,6.25,1.34,0.0,21.6875,21.5,21.25,21.46875,-7.9,12.0,12.0,0.0
3.19528,0x386,0.0,0.0,1.0,6.25,1.34,0.0,21.8125,21.65625,21.03125,21.375,-7.9,12.0,12.0,0.0
3.19667,0x2B0,0.0,0.0,1.0,6.25,1.34,0.0,21.8125,21.65625,21.03125,21.375,-8.1,24.0,12.0,0.0
3.19801,0x316,0.0,0.0,1.0,6.25,1.34,0.0,21.8125,21.65625,21.03125,21.375,-8.1,24.0,10.0,0.0
3.20457,0x220,0.0,0.0,1.0,6.25,1.16,-0.11,21.8125,21.65625,21.03125,21.375,-8.1,24.0,10.0,0.0
3.20667,0x2B0,0.0,0.0,1.0,6.25,1.16,-0.11,21.8125,21.65625,21.03125,21.375,-8.3,20.0,10.0,0.0
3.20799,0x316,0.0,0.0,1.0,6.25,1.16,-0.11,21.8125,21.65625,21.03125,21.375,-8.3,20.0,7.0,0.0
3.21457,0x220,0.0,0.0,1.0,6.25,0.97,-0.14,21.8125,21.65625,21.03125,21.375,-8.3,20.0,7.0,0.0
3.21527,0x386,0.0,0.0,1.0,6.25,0.97,-0.14,21.6875,21.8125,21.1875,21.40625,-8.3,20.0,7.0,0.0
3.21667,0x2B0,0.0,0.0,1.0,6.25,0.97,-0.14,21.6875,21.8125,21.1875,21.40625,-8.3,8.0,7.0,0.0
3.21807,0x316,0.0,0.0,1.0,6.25,0.97,-0.14,21.6875,21.8125,21.1875,21.40625,-8.3,8.0,7.0,0.0
3.22458,0x220,0.0,0.0,1.0,6.25,0.86,-0.07,21.6875,21.8125,21.1875,21.40625,-8.3,8.0,7.0,0.0
3.22667,0x2B0,0.0,0.0,1.0,6.25,0.86,-0.07,21.6875,21.8125,21.1875,21.40625,-8.5,8.0,7.0,0.0
3.22797,0x316,0.0,0.0,1.0,6.25,0.86,-0.07,21.6875,21.8125,21.1875,21.40625,-8.5,8.0,7.0,0.0
3.23458,0x220,0.0,0.0,1.0,6.25,0.97,0.0,21.6875,21.8125,21.1875,21.40625,-8.5,8.0,7.0,0.0
3.23528,0x386,0.0,0.0,1.0,6.25,0.97,0.0,21.75,21.5625,21.21875,21.25,-8.5,8.0,7.0,0.0
3.23667,0x2B0,0.0,0.0,1.0,6.25,0.97,0.0,21.75,21.5625,21.21875,21.25,-8.7,20.0,7.0,0.0
3.23805,0x316,0.0,0.0,1.0,6.25,0.97,0.0,21.75,21.5625,21.21875,21.25,-8.7,20.0,12.0,0.0
3.24457,0x220,0.0,0.0,1.0,6.25,1.3,0.12,21.75,21.5625,21.21875,21.25,-8.7,20.0,12.0,0.0
3.24666,0x2B0,0.0,0.0,1.0,6.25,1.3,0.12,21.75,21.5625,21.21875,21.25,-8.7,8.0,12.0,0.0
3.24906,0x316,0.0,0.0,1.0,6.25,1.3,0.12,21.75,21.5625,21.21875,21.25,-8.7,8.0,20.0,0.0
3.25458,0x220,0.0,0.0,1.0,6.25,1.68,0.03,21.75,21.5625,21.21875,21.25,-8.7,8.0,20.0,0.0
3.25528,0x386,0.0,0.0,1.0,6.25,1.68,0.03,21.65625,21.84375,21.125,21.09375,-8.7,8.0,20.0,0.0
3.25668,0x2B0,0.0,0.0,1.0,6.25,1.68,0.03,21.65625,21.84375,21.125,21.09375,-8.8,0.0,20.0,0.0
3.25804,0x316,0.0,0.0,1.0,6.25,1.68,0.03,21.65625,21.84375,21.125,21.09375,-8.8,0.0,20.0,0.0
3.26457,0x220,0.0,0.0,1.0,6.25,1.82,-0.28,21.65625,21.84375,21.125,21.09375,-8.8,0.0,20.0,0.0
3.26662,0x2B0,0.0,0.0,1.0,6.25,1.82,-0.28,21.65625,21.84375,21.125,21.09375,-8.8,0.0,20.0,0.0
3.26802,0x316,0.0,0.0,1.0,6.25,1.82,-0.28,21.65625,21.84375,21.125,21.09375,-8.8,0.0,35.0,0.0
3.27457,0x220,0.0,0.0,1.0,6.25,1.63,-0.47,21.65625,21.84375,21.125,21.09375,-8.8,0.0,35.0,0.0
3.27527,0x386,0.0,0.0,1.0,6.25,1.63,-0.47,21.78125,21.6875,21.3125,21.15625,-8.8,0.0,35.0,0.0
3.27668,0x2B0,0.0,0.0,1.0,6.25,1.63,-0.47,21.78125,21.6875,21.3125,21.15625,-8.8,0.0,35.0,0.0
3.27809,0x316,0.0,0.0,1.0,6.25,1.63,-0.47,21.78125,21.6875,21.3125,21.15625,-8.8,0.0,43.0,0.0
3.28458,0x220,0.0,0.0,1.0,6.25,1.33,-0.32,21.78125,21.6875,21.3125,21.15625,-8.8,0.0,43.0,0.0
3.28668,0x2B0,0.0,0.0,1.0,6.25,1.33,-0.32,21.78125,21.6875,21.3125,21.15625,-8.8,0.0,43.0,0.0
3.28808,0x316,0.0,0.0,1.0,6.25,1.33,-0.32,21.78125,21.6875,21.3125,21.15625,-8.8,0.0,48.0,0.0
3.29458,0x220,0.0,0.0,1.0,6.25,1.15,-0.16,21.78125,21.6875,21.3125,21.15625,-8.8,0.0,48.0,0.0
3.29529,0x386,0.0,0.0,1.0,6.25,1.15,-0.16,21.59375,21.71875,21.1875,21.125,-8.8,0.0,48.0,0.0
3.29669,0x2B0,0.0,0.0,1.0,6.25,1.15,-0.16,21.59375,21.71875,21.1875,21.125,-9.1,12.0,48.0,0.0
3.29804,0x316,0.0,0.0,1.0,6.25,1.15,-0.16,21.59375,21.71875,21.1875,21.125,-9.1,12.0,50.0,0.0
3.30457,0x220,0.0,0.0,1.0,6.25,1.19,-0.34,21.59375,21.71875,21.1875,21.125,-9.1,12.0,50.0,0.0
3.3067,0x2B0,0.0,0.0,1.0,6.25,1.19,-0.34,21.59375,21.71875,21.1875,21.125,-9.1,12.0,50.0,0.0
3.30797,0x316,0.0,0.0,1.0,6.25,1.19,-0.34,21.59375,21.71875,21.1875,21.125,-9.1,12.0,50.0,0.0
3.31457,0x220,0.0,0.0,1.0,6.25,1.31,-0.56,21.59375,21.71875,21.1875,21.125,-9.1,12.0,50.0,0.0
3.31527,0x386,0.0,0.0,1.0,6.25,1.31,-0.56,21.71875,21.65625,21.0,21.03125,-9.1,12.0,50.0,0.0
3.31667,0x2B0,0.0,0.0,1.0,6.25,1.31,-0.56,21.71875,21.65625,21.0,21.03125,-9.3,8.0,50.0,0.0
3.31799,0x316,0.0,0.0,1.0,6.25,1.31,-0.56,21.71875,21.65625,21.0,21.03125,-9.3,8.0,45.0,0.0
3.32457,0x220,0.0,0.0,1.0,6.25,1.45,-0.48,21.71875,21.65625,21.0,21.03125,-9.3,8.0,45.0,0.0
3.32668,0x2B0,0.0,0.0,1.0,6.25,1.45,-0.48,21.71875,21.65625,21.0,21.03125,-9.5,20.0,45.0,0.0
3.32801,0x316,0.0,0.0,1.0,6.25,1.45,-0.48,21.71875,21.65625,21.0,21.03125,-9.5,20.0,38.0,0.0
3.33457,0x220,0.0,0.0,1.0,6.25,1.53,-0.2,21.71875,21.65625,21.0,21.03125,-9.5,20.0,38.0,0.0
3.33527,0x386,0.0,0.0,1.0,6.25,1.53,-0.2,21.59375,21.625,20.84375,21.0625,-9.5,20.0,38.0,0.0
3.33664,0x2B0,0.0,0.0,1.0,6.25,1.53,-0.2,21.59375,21.625,20.84375,21.0625,-9.6,12.0,38.0,0.0
3.33812,0x316,0.0,0.0,1.0,6.25,1.53,-0.2,21.59375,21.625,20.84375,21.0625,-9.6,12.0,30.0,0.0
3.34458,0x220,0.0,0.0,1.0,6.25,1.4,-0.05,21.59375,21.625,20.84375,21.0625,-9.6,12.0,30.0,0.0
3.34665,0x2B0,0.0,0.0,1.0,6.25,1.4,-0.05,21.59375,21.625,20.84375,21.0625,-9.9,20.0,30.0,0.0
3.34873,0x316,0.0,0.0,1.0,6.25,1.4,-0.05,21.59375,21.625,20.84375,21.0625,-9.9,20.0,22.0,0.0
3.35456,0x220,0.0,0.0,1.0,6.25,1.06,-0.1,21.59375,21.625,20.84375,21.0625,-9.9,20.0,22.0,0.0
3.35527,0x386,0.0,0.0,1.0,6.25,1.06,-0.1,21.5625,21.625,20.875,20.96875,-9.9,20.0,22.0,0.0
3.35665,0x2B0,0.0,0.0,1.0,6.25,1.06,-0.1,21.5625,21.625,20.875,20.96875,-10.1,24.0,22.0,0.0
3.35801,0x316,0.0,0.0,1.0,6.25,1.06,-0.1,21.5625,21.625,20.875,20.96875,-10.1,24.0,22.0,0.0
3.36458,0x220,0.0,0.0,1.0,6.25,0.69,-0.17,21.5625,21.625,20.875,20.96875,-10.1,24.0,22.0,0.0
3.36666,0x2B0,0.0,0.0,1.0,6.25,0.69,-0.17,21.5625,21.625,20.875,20.96875,-10.2,12.0,22.0,0.0
3.36807,0x316,0.0,0.0,1.0,6.25,0.69,-0.17,21.5625,21.625,20.875,20.96875,-10.2,12.0,12.0,0.0
3.37457,0x220,0.0,0.0,1.0,6.25,0.41,-0.14,21.5625,21.625,20.875,20.96875,-10.2,12.0,12.0,0.0
3.37527,0x386,0.0,0.0,1.0,6.25,0.41,-0.14,21.53125,21.59375,21.0,21.0,-10.2,12.0,12.0,0.0
3.37664,0x2B0,0.0,0.0,1.0,6.25,0.41,-0.14,21.53125,21.59375,21.0,21.0,-10.2,0.0,12.0,0.0
3.37848,0x316,0.0,0.0,1.0,6.25,0.41,-0.14,21.53125,21.59375,21.0,21.0,-10.2,0.0,12.0,0.0
3.38457,0x220,0.0,0.0,1.0,6.25,0.4,-0.09,21.53125,21.59375,21.0,21.0,-10.2,0.0,12.0,0.0
3.38667,0x2B0,0.0,0.0,1.0,6.25,0.4,-0.09,21.53125,21.59375,21.0,21.0,-10.5,12.0,12.0,0.0
3.38799,0x316,0.0,0.0,1.0,6.25,0.4,-0.09,21.53125,21.59375,21.0,21.0,-10.5,12.0,12.0,0.0
3.39458,0x220,0.0,0.0,1.0,6.25,0.5,-0.15,21.53125,21.59375,21.0,21.0,-10.5,12.0,12.0,0.0
3.39528,0x386,0.0,0.0,1.0,6.25,0.5,-0.15,21.40625,21.59375,21.0,21.21875,-10.5,12.0,12.0,0.0
3.39667,0x2B0,0.0,0.0,1.0,6.25,0.5,-0.15,21.40625,21.59375,21.0,21.21875,-10.5,12.0,12.0,0.0
3.39801,0x316,0.0,0.0,1.0,6.25,0.5,-0.15,21.40625,21.59375,21.0,21.21875,-10.5,12.0,12.0,0.0
3.40458,0x220,0.0,0.0,1.0,6.25,0.52,-0.16,21.40625,21.59375,21.0,21.21875,-10.5,12.0,12.0,0.0
3.40669,0x2B0,0.0,0.0,1.0,6.25,0.52,-0.16,21.40625,21.59375,21.0,21.21875,-10.6,0.0,12.0,0.0
3.40797,0x316,0.0,0.0,1.0,6.25,0.52,-0.16,21.40625,21.59375,21.0,21.21875,-10.6,0.0,17.0,0.0
3.41458,0x220,0.0,0.0,1.0,6.25,0.51,0.03,21.40625,21.59375,21.0,21.21875,-10.6,0.0,17.0,0.0
3.41527,0x386,0.0,0.0,1.0,6.25,0.51,0.03,21.46875,21.59375,21.25,21.15625,-10.6,0.0,17.0,0.0
3.41668,0x2B0,0.0,0.0,1.0,6.25,0.51,0.03,21.46875,21.59375,21.25,21.15625,-10.6,0.0,17.0,0.0
3.41805,0x316,0.0,0.0,1.0,6.25,0.51,0.03,21.46875,21.59375,21.25,21.15625,-10.6,0.0,20.0,0.0
3.42458,0x220,0.0,0.0,1.0,6.25,0.57,0.33,21.46875,21.59375,21.25,21.15625,-10.6,0.0,20.0,0.0
3.4267,0x2B0,0.0,0.0,1.0,6.25,0.57,0.33,21.46875,21.59375,21.25,21.15625,-10.9,12.0,20.0,0.0
3.42801,0x316,0.0,0.0,1.0,6.25,0.57,0.33,21.46875,21.59375,21.25,21.15625,-10.9,12.0,25.0,0.0
3.43458,0x220,0.0,0.0,1.0,6.25,0.73,0.37,21.46875,21.59375,21.25,21.15625,-10.9,12.0,25.0,0.0
3.43528,0x386,0.0,0.0,1.0,6.25,0.73,0.37,21.40625,21.375,21.28125,21.34375,-10.9,12.0,25.0,0.0
3.43672,0x2B0,0.0,0.0,1.0,6.25,0.73,0.37,21.40625,21.375,21.28125,21.34375,-10.9,12.0,25.0,0.0
3.43805,0x316,0.0,0.0,1.0,6.25,0.73,0.37,21.40625,21.375,21.28125,21.34375,-10.9,12.0,28.0,0.0
3.44458,0x220,0.0,0.0,1.0,6.25,0.87,0.1,21.40625,21.375,21.28125,21.34375,-10.9,12.0,28.0,0.0
3.44667,0x2B0,0.0,0.0,1.0,6.25,0.87,0.1,21.40625,21.375,21.28125,21.34375,-11.2,12.0,28.0,0.0
3.44882,0x316,0.0,0.0,1.0,6.25,0.87,0.1,21.40625,21.375,21.28125,21.34375,-11.2,12.0,28.0,0.0
3.45457,0x220,0.0,0.0,1.0,6.25,0.78,-0.14,21.40625,21.375,21.28125,21.34375,-11.2,12.0,28.0,0.0
3.45527,0x386,0.0,0.0,1.0,6.25,0.78,-0.14,21.46875,21.34375,21.15625,21.3125,-11.2,12.0,28.0,0.0
3.45668,0x2B0,0.0,0.0,1.0,6.25,0.78,-0.14,21.46875,21.34375,21.15625,21.3125,-11.4,24.0,28.0,0.0
3.45803,0x316,0.0,0.0,1.0,6.25,0.78,-0.14,21.46875,21.34375,21.15625,21.3125,-11.4,24.0,28.0,0.0
3.46458,0x220,0.0,0.0,1.0,6.25,0.44,-0.14,21.46875,21.34375,21.15625,21.3125,-11.4,24.0,28.0,0.0
3.46667,0x2B0,0.0,0.0,1.0,6.25,0.44,-0.14,21.46875,21.34375,21.15625,21.3125,-11.6,20.0,28.0,0.0
3.46812,0x316,0.0,0.0,1.0,6.25,0.44,-0.14,21.46875,21.34375,21.15625,21.3125,-11.6,20.0,28.0,0.0
3.47458,0x220,0.0,0.0,1.0,6.25,0.04,0.06,21.46875,21.34375,21.15625,21.3125,-11.6,20.0,28.0,0.0
3.47528,0x386,0.0,0.0,1.0,6.25,0.04,0.06,21.375,21.21875,21.34375,21.25,-11.6,20.0,28.0,0.0
3.4767,0x2B0,0.0,0.0,1.0,6.25,0.04,0.06,21.375,21.21875,21.34375,21.25,-11.8,20.0,28.0,0.0
3.47809,0x316,0.0,0.0,1.0,6.25,0.04,0.06,21.375,21.21875,21.34375,21.25,-11.8,20.0,28.0,0.0
3.48457,0x220,0.0,0.0,1.0,6.25,-0.24,0.27,21.375,21.21875,21.34375,21.25,-11.8,20.0,28.0,0.0
3.48668,0x2B0,0.0,0.0,1.0,6.25,-0.24,0.27,21.375,21.21875,21.34375,21.25,-12.0,20.0,28.0,0.0
3.488,0x316,0.0,0.0,1.0,6.25,-0.24,0.27,21.375,21.21875,21.34375,21.25,-12.0,20.0,28.0,0.0
3.49458,0x220,0.0,0.0,1.0,6.25,-0.28,0.27,21.375,21.21875,21.34375,21.25,-12.0,20.0,28.0,0.0
3.49528,0x386,0.0,0.0,1.0,6.25,-0.28,0.27,21.5,21.34375,21.28125,21.15625,-12.0,20.0,28.0,0.0
3.49669,0x2B0,0.0,0.0,1.0,6.25,-0.28,0.27,21.5,21.34375,21.28125,21.15625,-12.3,24.0,28.0,0.0
3.49805,0x316,0.0,0.0,1.0,6.25,-0.28,0.27,21.5,21.34375,21.28125,21.15625,-12.3,24.0,28.0,0.0
3.50458,0x220,0.0,0.0,1.0,6.25,-0.08,0.23,21.5,21.34375,21.28125,21.15625,-12.3,24.0,28.0,0.0
3.50671,0x2B0,0.0,0.0,1.0,6.25,-0.08,0.23,21.5,21.34375,21.28125,21.15625,-12.3,12.0,28.0,0.0
3.50802,0x316,0.0,0.0,1.0,6.25,-0.08,0.23,21.5,21.34375,21.28125,21.15625,-12.3,12.0,28.0,0.0
3.51458,0x220,0.0,0.0,1.0,6.25,0.27,0.19,21.5,21.34375,21.28125,21.15625,-12.3,12.0,28.0,0.0
3.51528,0x386,0.0,0.0,1.0,6.25,0.27,0.19,21.5625,21.4375,21.25,21.125,-12.3,12.0,28.0,0.0
3.5167,0x2B0,0.0,0.0,1.0,6.25,0.27,0.19,21.5625,21.4375,21.25,21.125,-12.4,0.0,28.0,0.0
3.51799,0x316,0.0,0.0,1.0,6.25,0.27,0.19,21.5625,21.4375,21.25,21.125,-12.4,0.0,28.0,0.0
3.52458,0x220,0.0,0.0,1.0,6.25,0.57,0.1,21.5625,21.4375,21.25,21.125,-12.4,0.0,28.0,0.0
3.52664,0x2B0,0.0,0.0,1.0,6.25,0.57,0.1,21.5625,21.4375,21.25,21.125,-12.4,0.0,28.0,0.0
3.52799,0x316,0.0,0.0,1.0,6.25,0.57,0.1,21.5625,21.4375,21.25,21.125,-12.4,0.0,28.0,0.0
3.53459,0x220,0.0,0.0,1.0,6.25,0.65,0.0,21.5625,21.4375,21.25,21.125,-12.4,0.0,28.0,0.0
3.53529,0x386,0.0,0.0,1.0,6.25,0.65,0.0,21.5625,21.46875,21.0625,21.15625,-12.4,0.0,28.0,0.0
3.5367,0x2B0,0.0,0.0,1.0,6.25,0.65,0.0,21.5625,21.46875,21.0625,21.15625,-12.4,0.0,28.0,0.0
3.5381,0x316,0.0,0.0,1.0,6.25,0.65,0.0,21.5625,21.46875,21.0625,21.15625,-12.4,0.0,28.0,0.0
3.54459,0x220,0.0,0.0,1.0,6.25,0.55,-0.04,21.5625,21.46875,21.0625,21.15625,-12.4,0.0,28.0,0.0
3.54669,0x2B0,0.0,0.0,1.0,6.25,0.55,-0.04,21.5625,21.46875,21.0625,21.15625,-12.4,0.0,28.0,0.0
3.54888,0x316,0.0,0.0,1.0,6.25,0.55,-0.04,21.5625,21.46875,21.0625,21.15625,-12.4,0.0,30.0,0.0
3.55458,0x220,0.0,0.0,1.0,6.25,0.39,-0.08,21.5625,21.46875,21.0625,21.15625,-12.4,0.0,30.0,0.0
3.55528,0x386,0.0,0.0,1.0,6.25,0.39,-0.08,21.625,21.5625,20.78125,21.03125,-12.4,0.0,30.0,0.0
3.55669,0x2B0,0.0,0.0,1.0,6.25,0.39,-0.08,21.625,21.5625,20.78125,21.03125,-12.4,0.0,30.0,0.0
3.55799,0x316,0.0,0.0,1.0,6.25,0.39,-0.08,21.625,21.5625,20.78125,21.03125,-12.4,0.0,30.0,0.0
3.56458,0x220,0.0,0.0,1.0,6.25,0.3,-0.1,21.625,21.5625,20.78125,21.03125,-12.4,0.0,30.0,0.0
3.5667,0x2B0,0.0,0.0,1.0,6.25,0.3,-0.1,21.625,21.5625,20.78125,21.03125,-12.4,0.0,30.0,0.0
3.56804,0x316,0.0,0.0,1.0,6.25,0.3,-0.1,21.625,21.5625,20.78125,21.03125,-12.4,0.0,28.0,0.0
3.57458,0x220,0.0,0.0,1.0,6.25,0.38,-0.07,21.625,21.5625,20.78125,21.03125,-12.4,0.0,28.0,0.0
3.57529,0x386,0.0,0.0,1.0,6.25,0.38,-0.07,21.5625,21.5625,21.125,21.0,-12.4,0.0,28.0,0.0
3.5767,0x2B0,0.0,0.0,1.0,6.25,0.38,-0.07,21.5625,21.5625,21.125,21.0,-12.4,0.0,28.0,0.0
3.57821,0x316,0.0,0.0,1.0,6.25,0.38,-0.07,21.5625,21.5625,21.125,21.0,-12.4,0.0,28.0,0.0
3.58458,0x220,0.0,0.0,1.0,6.25,0.56,-0.01,21.5625,21.5625,21.125,21.0,-12.4,0.0,28.0,0.0
3.58669,0x2B0,0.0,0.0,1.0,6.25,0.56,-0.01,21.5625,21.5625,21.125,21.0,-12.5,0.0,28.0,0.0
3.58801,0x316,0.0,0.0,1.0,6.25,0.56,-0.01,21.5625,21.5625,21.125,21.0,-12.5,0.0,22.0,0.0
3.59459,0x220,0.0,0.0,1.0,6.25,0.72,0.0,21.5625,21.5625,21.125,21.0,-12.5,0.0,22.0,0.0
3.5953,0x386,0.0,0.0,1.0,6.25,0.72,0.0,21.5625,21.5,21.1875,21.125,-12.5,0.0,22.0,0.0
3.59664,0x2B0,0.0,0.0,1.0,6.25,0.72,0.0,21.5625,21.5,21.1875,21.125,-12.5,0.0,22.0,0.0
3.59799,0x316,0.0,0.0,1.0,6.25,0.72,0.0,21.5625,21.5,21.1875,21.125,-12.5,0.0,20.0,0.0
3.60458,0x220,0.0,0.0,1.0,6.25,0.79,0.06,21.5625,21.5,21.1875,21.125,-12.5,0.0,20.0,0.0
3.60664,0x2B0,0.0,0.0,1.0,6.25,0.79,0.06,21.5625,21.5,21.1875,21.125,-12.5,0.0,20.0,0.0
3.60797,0x316,0.0,0.0,1.0,6.25,0.79,0.06,21.5625,21.5,21.1875,21.125,-12.5,0.0,17.0,0.0
3.61458,0x220,0.0,0.0,1.0,6.25,0.74,0.02,21.5625,21.5,21.1875,21.125,-12.5,0.0,17.0,0.0
3.61529,0x386,0.0,0.0,1.0,6.25,0.74,0.02,21.40625,21.4375,21.0,21.03125,-12.5,0.0,17.0,0.0
3.61662,0x2B0,0.0,0.0,1.0,6.25,0.74,0.02,21.40625,21.4375,21.0,21.03125,-12.5,0.0,17.0,0.0
3.61805,0x316,0.0,0.0,1.0,6.25,0.74,0.02,21.40625,21.4375,21.0,21.03125,-12.5,0.0,15.0,0.0
3.62459,0x220,0.0,0.0,1.0,6.25,0.67,-0.16,21.40625,21.4375,21.0,21.03125,-12.5,0.0,15.0,0.0
3.6267,0x2B0,0.0,0.0,1.0,6.25,0.67,-0.16,21.40625,21.4375,21.0,21.03125,-12.6,0.0,15.0,0.0
3.62798,0x316,0.0,0.0,1.0,6.25,0.67,-0.16,21.40625,21.4375,21.0,21.03125,-12.6,0.0,15.0,0.0
3.63458,0x220,0.0,0.0,1.0,6.25,0.66,-0.46,21.40625,21.4375,21.0,21.03125,-12.6,0.0,15.0,0.0
3.63527,0x386,0.0,0.0,1.0,6.25,0.66,-0.46,21.59375,21.53125,20.9375,20.78125,-12.6,0.0,15.0,0.0
3.63671,0x2B0,0.0,0.0,1.0,6.25,0.66,-0.46,21.59375,21.53125,20.9375,20.78125,-12.6,0.0,15.0,0.0
3.63805,0x316,0.0,0.0,1.0,6.25,0.66,-0.46,21.59375,21.53125,20.9375,20.78125,-12.6,0.0,15.0,0.0
3.64458,0x220,0.0,0.0,1.0,6.25,0.72,-0.68,21.59375,21.53125,20.9375,20.78125,-12.6,0.0,15.0,0.0
3.6467,0x2B0,0.0,0.0,1.0,6.25,0.72,-0.68,21.59375,21.53125,20.9375,20.78125,-12.6,0.0,15.0,0.0
3.64882,0x316,0.0,0.0,1.0,6.25,0.72,-0.68,21.59375,21.53125,20.9375,20.78125,-12.6,0.0,15.0,0.0
3.65457,0x220,0.0,0.0,1.0,6.25,0.82,-0.7,21.59375,21.53125,20.9375,20.78125,-12.6,0.0,15.0,0.0
3.65527,0x386,0.0,0.0,1.0,6.25,0.82,-0.7,21.34375,21.40625,20.875,21.0,-12.6,0.0,15.0,0.0
3.65669,0x2B0,0.0,0.0,1.0,6.25,0.82,-0.7,21.34375,21.40625,20.875,21.0,-12.6,0.0,15.0,0.0
3.65801,0x316,0.0,0.0,1.0,6.25,0.82,-0.7,21.34375,21.40625,20.875,21.0,-12.6,0.0,15.0,0.0
3.66458,0x220,0.0,0.0,1.0,6.25,0.94,-0.56,21.34375,21.40625,20.875,21.0,-12.6,0.0,15.0,0.0
3.66669,0x2B0,0.0,0.0,1.0,6.25,0.94,-0.56,21.34375,21.40625,20.875,21.0,-12.6,0.0,15.0,0.0
3.66809,0x316,0.0,0.0,1.0,6.25,0.94,-0.56,21.34375,21.40625,20.875,21.0,-12.6,0.0,22.0,0.0
3.67458,0x220,0.0,0.0,1.0,6.25,0.99,-0.44,21.34375,21.40625,20.875,21.0,-12.6,0.0,22.0,0.0
3.67527,0x386,0.0,0.0,1.0,6.25,0.99,-0.44,21.5,21.65625,20.71875,20.8125,-12.6,0.0,22.0,0.0
3.6767,0x2B0,0.0,0.0,1.0,6.25,0.99,-0.44,21.5,21.65625,20.71875,20.8125,-12.6,0.0,22.0,0.0
3.6781,0x316,0.0,0.0,1.0,6.25,0.99,-0.44,21.5,21.65625,20.71875,20.8125,-12.6,0.0,30.0,0.0
3.68459,0x220,0.0,0.0,1.0,6.25,0.89,-0.32,21.5,21.65625,20.71875,20.8125,-12.6,0.0,30.0,0.0
3.68662,0x2B0,0.0,0.0,1.0,6.25,0.89,-0.32,21.5,21.65625,20.71875,20.8125,-12.6,0.0,30.0,0.0
3.68799,0x316,0.0,0.0,1.0,6.25,0.89,-0.32,21.5,21.65625,20.71875,20.8125,-12.6,0.0,38.0,0.0
3.69459,0x220,0.0,0.0,1.0,6.25,0.75,-0.21,21.5,21.65625,20.71875,20.8125,-12.6,0.0,38.0,0.0
3.69529,0x386,0.0,0.0,1.0,6.25,0.75,-0.21,21.5,21.4375,20.875,20.3125,-12.6,0.0,38.0,0.0
3.69664,0x2B0,0.0,0.0,1.0,6.25,0.75,-0.21,21.5,21.4375,20.875,20.3125,-12.6,0.0,38.0,0.0
3.69801,0x316,0.0,0.0,1.0,6.25,0.75,-0.21,21.5,21.4375,20.875,20.3125,-12.6,0.0,43.0,0.0
3.70458,0x220,0.0,0.0,1.0,6.25,0.72,-0.14,21.5,21.4375,20.875,20.3125,-12.6,0.0,43.0,0.0
3.7067,0x2B0,0.0,0.0,1.0,6.25,0.72,-0.14,21.5,21.4375,20.875,20.3125,-12.6,0.0,43.0,0.0
3.70806,0x316,0.0,0.0,1.0,6.25,0.72,-0.14,21.5,21.4375,20.875,20.3125,-12.6,0.0,45.0,0.0
3.71458,0x220,0.0,0.0,1.0,6.25,0.79,-0.18,21.5,21.4375,20.875,20.3125,-12.6,0.0,45.0,0.0
3.71528,0x386,0.0,0.0,1.0,6.25,0.79,-0.18,21.3125,21.4375,20.84375,20.53125,-12.6,0.0,45.0,0.0
3.71666,0x2B0,0.0,0.0,1.0,6.25,0.79,-0.18,21.3125,21.4375,20.84375,20.53125,-12.7,0.0,45.0,0.0
3.718,0x316,0.0,0.0,1.0,6.25,0.79,-0.18,21.3125,21.4375,20.84375,20.53125,-12.7,0.0,48.0,0.0
3.7246,0x220,0.0,0.0,1.0,6.25,0.89,-0.39,21.3125,21.4375,20.84375,20.53125,-12.7,0.0,48.0,0.0
3.72663,0x2B0,0.0,0.0,1.0,6.25,0.89,-0.39,21.3125,21.4375,20.84375,20.53125,-12.7,0.0,48.0,0.0
3.72801,0x316,0.0,0.0,1.0,6.25,0.89,-0.39,21.3125,21.4375,20.84375,20.53125,-12.7,0.0,48.0,0.0
3.73458,0x220,0.0,0.0,1.0,6.25,0.97,-0.55,21.3125,21.4375,20.84375,20.53125,-12.7,0.0,48.0,0.0
3.73528,0x386,0.0,0.0,1.0,6.25,0.97,-0.55,21.46875,21.375,20.8125,21.34375,-12.7,0.0,48.0,0.0
3.73663,0x2B0,0.0,0.0,1.0,6.25,0.97,-0.55,21.46875,21.375,20.8125,21.34375,-12.7,0.0,48.0,0.0
3.73804,0x316,0.0,0.0,1.0,6.25,0.97,-0.55,21.46875,21.375,20.8125,21.34375,-12.7,0.0,43.0,0.0
3.74458,0x220,0.0,0.0,1.0,6.25,0.9,-0.43,21.46875,21.375,20.8125,21.34375,-12.7,0.0,43.0,0.0
3.74663,0x2B0,0.0,0.0,1.0,6.25,0.9,-0.43,21.46875,21.375,20.8125,21.34375,-12.9,8.0,43.0,0.0
3.749,0x316,0.0,0.0,1.0,6.25,0.9,-0.43,21.46875,21.375,20.8125,21.34375,-12.9,8.0,38.0,0.0
3.75458,0x220,0.0,0.0,1.0,6.25,0.71,-0.1,21.46875,21.375,20.8125,21.34375,-12.9,8.0,38.0,0.0
3.75528,0x386,0.0,0.0,1.0,6.25,0.71,-0.1,21.34375,21.25,21.15625,21.15625,-12.9,8.0,38.0,0.0
3.75664,0x2B0,0.0,0.0,1.0,6.25,0.71,-0.1,21.34375,21.25,21.15625,21.15625,-12.9,8.0,38.0,0.0
3.75801,0x316,0.0,0.0,1.0,6.25,0.71,-0.1,21.34375,21.25,21.15625,21.15625,-12.9,8.0,38.0,0.0
3.76459,0x220,0.0,0.0,1.0,6.25,0.53,0.11,21.34375,21.25,21.15625,21.15625,-12.9,8.0,38.0,0.0
3.76664,0x2B0,0.0,0.0,1.0,6.25,0.53,0.11,21.34375,21.25,21.15625,21.15625,-13.0,0.0,38.0,0.0
3.76808,0x316,0.0,0.0,1.0,6.25,0.53,0.11,21.34375,21.25,21.15625,21.15625,-13.0,0.0,28.0,0.0
3.77458,0x220,0.0,0.0,1.0,6.25,0.43,0.15,21.34375,21.25,21.15625,21.15625,-13.0,0.0,28.0,0.0
3.77528,0x386,0.0,0.0,1.0,6.25,0.43,0.15,21.3125,21.1875,21.09375,21.15625,-13.0,0.0,28.0,0.0
3.77664,0x2B0,0.0,0.0,1.0,6.25,0.43,0.15,21.3125,21.1875,21.09375,21.15625,-13.0,0.0,28.0,0.0
3.77808,0x316,0.0,0.0,1.0,6.25,0.43,0.15,21.3125,21.1875,21.09375,21.15625,-13.0,0.0,25.0,0.0
3.78459,0x220,0.0,0.0,1.0,6.25,0.41,0.13,21.3125,21.1875,21.09375,21.15625,-13.0,0.0,25.0,0.0
3.78662,0x2B0,0.0,0.0,1.0,6.25,0.41,0.13,21.3125,21.1875,21.09375,21.15625,-13.0,0.0,25.0,0.0
3.78809,0x316,0.0,0.0,1.0,6.25,0.41,0.13,21.3125,21.1875,21.09375,21.15625,-13.0,0.0,22.0,0.0
3.79459,0x220,0.0,0.0,1.0,6.25,0.42,0.1,21.3125,21.1875,21.09375,21.15625,-13.0,0.0,22.0,0.0
3.79529,0x386,0.0,0.0,1.0,6.25,0.42,0.1,21.40625,21.03125,21.25,21.15625,-13.0,0.0,22.0,0.0
3.79661,0x2B0,0.0,0.0,1.0,6.25,0.42,0.1,21.40625,21.03125,21.25,21.15625,-13.1,0.0,22.0,0.0
3.79805,0x316,0.0,0.0,1.0,6.25,0.42,0.1,21.40625,21.03125,21.25,21.15625,-13.1,0.0,22.0,0.0
3.80459,0x220,0.0,0.0,1.0,6.25,0.44,0.04,21.40625,21.03125,21.25,21.15625,-13.1,0.0,22.0,0.0
3.80657,0x2B0,0.0,0.0,1.0,6.25,0.44,0.04,21.40625,21.03125,21.25,21.15625,-13.1,0.0,22.0,0.0
3.80798,0x316,0.0,0.0,1.0,6.25,0.44,0.04,21.40625,21.03125,21.25,21.15625,-13.1,0.0,22.0,0.0
3.81459,0x220,0.0,0.0,1.0,6.25,0.32,0.02,21.40625,21.03125,21.25,21.15625,-13.1,0.0,22.0,0.0
3.81528,0x386,0.0,0.0,1.0,6.25,0.32,0.02,21.375,21.3125,21.125,21.09375,-13.1,0.0,22.0,0.0
3.81657,0x2B0,0.0,0.0,1.0,6.25,0.32,0.02,21.375,21.3125,21.125,21.09375,-13.1,0.0,22.0,0.0
3.81799,0x316,0.0,0.0,1.0,6.25,0.32,0.02,21.375,21.3125,21.125,21.09375,-13.1,0.0,28.0,0.0
3.82461,0x220,0.0,0.0,1.0,6.25,0.04,0.06,21.375,21.3125,21.125,21.09375,-13.1,0.0,28.0,0.0
3.82657,0x2B0,0.0,0.0,1.0,6.25,0.04,0.06,21.375,21.3125,21.125,21.09375,-13.1,0.0,28.0,0.0
3.82798,0x316,0.0,0.0,1.0,6.25,0.04,0.06,21.375,21.3125,21.125,21.09375,-13.1,0.0,35.0,0.0
3.83459,0x220,0.0,0.0,1.0,6.25,-0.19,0.18,21.375,21.3125,21.125,21.09375,-13.1,0.0,35.0,0.0
3.83528,0x386,0.0,0.0,1.0,6.25,-0.19,0.18,21.40625,21.28125,21.28125,21.09375,-13.1,0.0,35.0,0.0
3.83657,0x2B0,0.0,0.0,1.0,6.25,-0.19,0.18,21.40625,21.28125,21.28125,21.09375,-13.1,0.0,35.0,0.0
3.83811,0x316,0.0,0.0,1.0,6.25,-0.19,0.18,21.40625,21.28125,21.28125,21.09375,-13.1,0.0,43.0,0.0
3.84461,0x220,0.0,0.0,1.0,6.25,-0.17,0.41,21.40625,21.28125,21.28125,21.09375,-13.1,0.0,43.0,0.0
3.84658,0x2B0,0.0,0.0,1.0,6.25,-0.17,0.41,21.40625,21.28125,21.28125,21.09375,-13.1,0.0,43.0,0.0
3.8488,0x316,0.0,0.0,1.0,6.25,-0.17,0.41,21.40625,21.28125,21.28125,21.09375,-13.1,0.0,56.0,0.0
3.85459,0x220,0.0,0.0,1.0,6.25,0.17,0.66,21.40625,21.28125,21.28125,21.09375,-13.1,0.0,56.0,0.0
3.85528,0x386,0.0,0.0,1.0,6.25,0.17,0.66,21.5625,21.40625,21.0625,21.1875,-13.1,0.0,56.0,0.0
3.85657,0x2B0,0.0,0.0,1.0,6.25,0.17,0.66,21.5625,21.40625,21.0625,21.1875,-13.1,0.0,56.0,0.0
3.85799,0x316,0.0,0.0,1.0,6.25,0.17,0.66,21.5625,21.40625,21.0625,21.1875,-13.1,0.0,56.0,0.0
3.86459,0x220,0.0,0.0,1.0,6.25,0.65,0.69,21.5625,21.40625,21.0625,21.1875,-13.1,0.0,56.0,0.0
3.86657,0x2B0,0.0,0.0,1.0,6.25,0.65,0.69,21.5625,21.40625,21.0625,21.1875,-13.1,0.0,56.0,0.0
3.86809,0x316,0.0,0.0,1.0,6.25,0.65,0.69,21.5625,21.40625,21.0625,21.1875,-13.1,0.0,79.0,0.0
3.87459,0x220,0.0,0.0,1.0,6.25,0.94,0.49,21.5625,21.40625,21.0625,21.1875,-13.1,0.0,79.0,0.0
3.87529,0x386,0.0,0.0,1.0,6.25,0.94,0.49,21.375,21.46875,20.96875,21.125,-13.1,0.0,79.0,0.0
3.87657,0x2B0,0.0,0.0,1.0,6.25,0.94,0.49,21.375,21.46875,20.96875,21.125,-13.1,0.0,79.0,0.0
3.87821,0x316,0.0,0.0,1.0,6.25,0.94,0.49,21.375,21.46875,20.96875,21.125,-13.1,0.0,89.0,0.0
3.88459,0x220,0.0,0.0,1.0,6.25,0.87,0.36,21.375,21.46875,20.96875,21.125,-13.1,0.0,89.0,0.0
3.88657,0x2B0,0.0,0.0,1.0,6.25,0.87,0.36,21.375,21.46875,20.96875,21.125,-13.1,0.0,89.0,0.0
3.88799,0x316,0.0,0.0,1.0,6.25,0.87,0.36,21.375,21.46875,20.96875,21.125,-13.1,0.0,91.0,0.0
3.89459,0x220,0.0,0.0,1.0,6.25,0.47,0.6,21.375,21.46875,20.96875,21.125,-13.1,0.0,91.0,0.0
3.89529,0x386,0.0,0.0,1.0,6.25,0.47,0.6,21.625,21.3125,20.8125,20.90625,-13.1,0.0,91.0,0.0
3.89658,0x2B0,0.0,0.0,1.0,6.25,0.47,0.6,21.625,21.3125,20.8125,20.90625,-13.1,0.0,91.0,0.0
3.89798,0x316,0.0,0.0,1.0,6.25,0.47,0.6,21.625,21.3125,20.8125,20.90625,-13.1,0.0,91.0,0.0
3.90459,0x220,0.0,0.0,1.0,6.25,0.13,0.96,21.625,21.3125,20.8125,20.90625,-13.1,0.0,91.0,0.0
3.90663,0x2B0,0.0,0.0,1.0,6.25,0.13,0.96,21.625,21.3125,20.8125,20.90625,-13.1,0.0,91.0,0.0
3.90801,0x316,0.0,0.0,1.0,6.25,0.13,0.96,21.625,21.3125,20.8125,20.90625,-13.1,0.0,86.0,0.0
3.91459,0x220,0.0,0.0,1.0,6.25,0.07,0.99,21.625,21.3125,20.8125,20.90625,-13.1,0.0,86.0,0.0
3.91529,0x386,0.0,0.0,1.0,6.25,0.07,0.99,21.53125,21.5625,20.34375,20.9375,-13.1,0.0,86.0,0.0
3.91666,0x2B0,0.0,0.0,1.0,6.25,0.07,0.99,21.53125,21.5625,20.34375,20.9375,-13.5,20.0,86.0,0.0
3.91802,0x316,0.0,0.0,1.0,6.25,0.07,0.99,21.53125,21.5625,20.34375,20.9375,-13.5,20.0,79.0,0.0
3.92461,0x220,0.0,0.0,1.0,6.25,0.28,0.67,21.53125,21.5625,20.34375,20.9375,-13.5,20.0,79.0,0.0
3.92664,0x2B0,0.0,0.0,1.0,6.25,0.28,0.67,21.53125,21.5625,20.34375,20.9375,-13.5,20.0,79.0,0.0
3.92798,0x316,0.0,0.0,1.0,6.25,0.28,0.67,21.53125,21.5625,20.34375,20.9375,-13.5,20.0,68.0,0.0
3.93459,0x220,0.0,0.0,1.0,6.25,0.55,0.33,21.53125,21.5625,20.34375,20.9375,-13.5,20.0,68.0,0.0
3.93529,0x386,0.0,0.0,1.0,6.25,0.55,0.33,21.46875,21.4375,20.3125,20.90625,-13.5,20.0,68.0,0.0
3.93664,0x2B0,0.0,0.0,1.0,6.25,0.55,0.33,21.46875,21.4375,20.3125,20.90625,-13.7,8.0,68.0,0.0
3.93803,0x316,0.0,0.0,1.0,6.25,0.55,0.33,21.46875,21.4375,20.3125,20.90625,-13.7,8.0,58.0,0.0
3.94459,0x220,0.0,0.0,1.0,6.25,0.73,0.39,21.46875,21.4375,20.3125,20.90625,-13.7,8.0,58.0,0.0
3.94665,0x2B0,0.0,0.0,1.0,6.25,0.73,0.39,21.46875,21.4375,20.3125,20.90625,-13.8,12.0,58.0,0.0
3.94895,0x316,0.0,0.0,1.0,6.25,0.73,0.39,21.46875,21.4375,20.3125,20.90625,-13.8,12.0,48.0,0.0
3.95459,0x220,0.0,0.0,1.0,6.25,0.9,0.8,21.46875,21.4375,20.3125,20.90625,-13.8,12.0,48.0,0.0
3.95528,0x386,0.0,0.0,1.0,6.25,0.9,0.8,21.53125,21.625,20.9375,20.90625,-13.8,12.0,48.0,0.0
3.95665,0x2B0,0.0,0.0,1.0,6.25,0.9,0.8,21.53125,21.625,20.9375,20.90625,-14.0,12.0,48.0,0.0
3.95803,0x316,0.0,0.0,1.0,6.25,0.9,0.8,21.53125,21.625,20.9375,20.90625,-14.0,12.0,48.0,0.0
3.96459,0x220,0.0,0.0,1.0,6.25,1.15,0.95,21.53125,21.625,20.9375,20.90625,-14.0,12.0,48.0,0.0
3.96665,0x2B0,0.0,0.0,1.0,6.25,1.15,0.95,21.53125,21.625,20.9375,20.90625,-14.2,20.0,48.0,0.0
3.96811,0x316,0.0,0.0,1.0,6.25,1.15,0.95,21.53125,21.625,20.9375,20.90625,-14.2,20.0,38.0,0.0
3.97459,0x220,0.0,0.0,1.0,6.25,1.4,0.59,21.53125,21.625,20.9375,20.90625,-14.2,20.0,38.0,0.0
3.97529,0x386,0.0,0.0,1.0,6.25,1.4,0.59,21.40625,21.5625,20.75,21.125,-14.2,20.0,38.0,0.0
3.97663,0x2B0,0.0,0.0,1.0,6.25,1.4,0.59,21.40625,21.5625,20.75,21.125,-14.4,20.0,38.0,0.0
3.97807,0x316,0.0,0.0,1.0,6.25,1.4,0.59,21.40625,21.5625,20.75,21.125,-14.4,20.0,35.0,0.0
3.98459,0x220,0.0,0.0,1.0,6.25,1.57,0.04,21.40625,21.5625,20.75,21.125,-14.4,20.0,35.0,0.0
3.98664,0x2B0,0.0,0.0,1.0,6.25,1.57,0.04,21.40625,21.5625,20.75,21.125,-14.6,20.0,35.0,0.0
3.988,0x316,0.0,0.0,1.0,6.25,1.57,0.04,21.40625,21.5625,20.75,21.125,-14.6,20.0,35.0,0.0
3.9946,0x220,0.0,0.0,1.0,6.25,1.64,-0.25,21.40625,21.5625,20.75,21.125,-14.6,20.0,35.0,0.0
3.99529,0x386,0.0,0.0,1.0,6.25,1.64,-0.25,21.4375,21.625,20.65625,21.125,-14.6,20.0,35.0,0.0
3.99663,0x2B0,0.0,0.0,1.0,6.25,1.64,-0.25,21.4375,21.625,20.65625,21.125,-14.7,12.0,35.0,0.0
3.99805,0x316,0.0,0.0,1.0,6.25,1.64,-0.25,21.4375,21.625,20.65625,21.125,-14.7,12.0,35.0,0.0
4.0046,0x220,0.0,0.0,1.0,6.25,1.65,-0.26,21.4375,21.625,20.65625,21.125,-14.7,12.0,35.0,0.0
4.00665,0x2B0,0.0,0.0,1.0,6.25,1.65,-0.26,21.4375,21.625,20.65625,21.125,-14.9,12.0,35.0,0.0
4.00796,0x316,0.0,0.0,1.0,6.25,1.65,-0.26,21.4375,21.625,20.65625,21.125,-14.9,12.0,35.0,0.0
4.01459,0x220,0.0,0.0,1.0,6.25,1.61,-0.23,21.4375,21.625,20.65625,21.125,-14.9,12.0,35.0,0.0
4.01529,0x386,0.0,0.0,1.0,6.25,1.61,-0.23,21.40625,21.4375,20.96875,21.09375,-14.9,12.0,35.0,0.0
4.01664,0x2B0,0.0,0.0,1.0,6.25,1.61,-0.23,21.40625,21.4375,20.96875,21.09375,-15.2,24.0,35.0,0.0
4.01798,0x316,0.0,0.0,1.0,6.25,1.61,-0.23,21.40625,21.4375,20.96875,21.09375,-15.2,24.0,35.0,0.0
4.02461,0x220,0.0,0.0,1.0,6.25,1.41,-0.24,21.40625,21.4375,20.96875,21.09375,-15.2,24.0,35.0,0.0
4.02664,0x2B0,0.0,0.0,1.0,6.25,1.41,-0.24,21.40625,21.4375,20.96875,21.09375,-15.4,24.0,35.0,0.0
4.02798,0x316,0.0,0.0,1.0,6.25,1.41,-0.24,21.40625,21.4375,20.96875,21.09375,-15.4,24.0,35.0,0.0
4.03458,0x220,0.0,0.0,1.0,6.25,1.21,-0.3,21.40625,21.4375,20.96875,21.09375,-15.4,24.0,35.0,0.0
4.03528,0x386,0.0,0.0,1.0,6.25,1.21,-0.3,21.4375,21.46875,21.0,21.21875,-15.4,24.0,35.0,0.0
4.03663,0x2B0,0.0,0.0,1.0,6.25,1.21,-0.3,21.4375,21.46875,21.0,21.21875,-15.6,20.0,35.0,0.0
4.03811,0x316,0.0,0.0,1.0,6.25,1.21,-0.3,21.4375,21.46875,21.0,21.21875,-15.6,20.0,35.0,0.0
4.04459,0x220,0.0,0.0,1.0,6.25,1.15,-0.4,21.4375,21.46875,21.0,21.21875,-15.6,20.0,35.0,0.0
4.04665,0x2B0,0.0,0.0,1.0,6.25,1.15,-0.4,21.4375,21.46875,21.0,21.21875,-15.8,20.0,35.0,0.0
4.0488,0x316,0.0,0.0,1.0,6.25,1.15,-0.4,21.4375,21.46875,21.0,21.21875,-15.8,20.0,35.0,0.0
4.05459,0x220,0.0,0.0,1.0,6.25,1.18,-0.56,21.4375,21.46875,21.0,21.21875,-15.8,20.0,35.0,0.0
4.05528,0x386,0.0,0.0,1.0,6.25,1.18,-0.56,21.5,21.46875,20.9375,21.15625,-15.8,20.0,35.0,0.0
4.05662,0x2B0,0.0,0.0,1.0,6.25,1.18,-0.56,21.5,21.46875,20.9375,21.15625,-16.1,24.0,35.0,0.0
4.05801,0x316,0.0,0.0,1.0,6.25,1.18,-0.56,21.5,21.46875,20.9375,21.15625,-16.1,24.0,35.0,0.0
4.06459,0x220,0.0,0.0,1.0,6.25,1.3,-0.71,21.5,21.46875,20.9375,21.15625,-16.1,24.0,35.0,0.0
4.06661,0x2B0,0.0,0.0,1.0,6.25,1.3,-0.71,21.5,21.46875,20.9375,21.15625,-16.4,28.0,35.0,0.0
4.06801,0x316,0.0,0.0,1.0,6.25,1.3,-0.71,21.5,21.46875,20.9375,21.15625,-16.4,28.0,35.0,0.0
4.07459,0x220,0.0,0.0,1.0,6.25,1.44,-0.73,21.5,21.46875,20.9375,21.15625,-16.4,28.0,35.0,0.0
4.07529,0x386,0.0,0.0,1.0,6.25,1.44,-0.73,21.4375,21.4375,20.8125,20.96875,-16.4,28.0,35.0,0.0
4.07664,0x2B0,0.0,0.0,1.0,6.25,1.44,-0.73,21.4375,21.4375,20.8125,20.96875,-16.6,24.0,35.0,0.0
4.07828,0x316,0.0,0.0,1.0,6.25,1.44,-0.73,21.4375,21.4375,20.8125,20.96875,-16.6,24.0,35.0,0.0
4.08459,0x220,0.0,0.0,1.0,6.25,1.5,-0.63,21.4375,21.4375,20.8125,20.96875,-16.6,24.0,35.0,0.0
4.08664,0x2B0,0.0,0.0,1.0,6.25,1.5,-0.63,21.4375,21.4375,20.8125,20.96875,-16.8,20.0,35.0,0.0
4.08801,0x316,0.0,0.0,1.0,6.25,1.5,-0.63,21.4375,21.4375,20.8125,20.96875,-16.8,20.0,35.0,0.0
4.0946,0x220,0.0,0.0,1.0,6.25,1.38,-0.64,21.4375,21.4375,20.8125,20.96875,-16.8,20.0,35.0,0.0
4.0953,0x386,0.0,0.0,1.0,6.25,1.38,-0.64,21.4375,21.40625,20.84375,20.9375,-16.8,20.0,35.0,0.0
4.09666,0x2B0,0.0,0.0,1.0,6.25,1.38,-0.64,21.4375,21.40625,20.84375,20.9375,-17.0,20.0,35.0,0.0
4.09801,0x316,0.0,0.0,1.0,6.25,1.38,-0.64,21.4375,21.40625,20.84375,20.9375,-17.0,20.0,35.0,0.0
4.10459,0x220,0.0,0.0,1.0,6.25,1.12,-0.78,21.4375,21.40625,20.84375,20.9375,-17.0,20.0,35.0,0.0
4.10665,0x2B0,0.0,0.0,1.0,6.25,1.12,-0.78,21.4375,21.40625,20.84375,20.9375,-17.2,20.0,35.0,0.0
4.10797,0x316,0.0,0.0,1.0,6.25,1.12,-0.78,21.4375,21.40625,20.84375,20.9375,-17.2,20.0,35.0,0.0
4.11459,0x220,0.0,0.0,1.0,6.25,0.83,-0.77,21.4375,21.40625,20.84375,20.9375,-17.2,20.0,35.0,0.0
4.11529,0x386,0.0,0.0,1.0,6.25,0.83,-0.77,21.46875,21.34375,20.84375,20.78125,-17.2,20.0,35.0,0.0
4.11666,0x2B0,0.0,0.0,1.0,6.25,0.83,-0.77,21.46875,21.34375,20.84375,20.78125,-17.4,20.0,35.0,0.0
4.11805,0x316,0.0,0.0,1.0,6.25,0.83,-0.77,21.46875,21.34375,20.84375,20.78125,-17.4,20.0,35.0,0.0
4.12461,0x220,0.0,0.0,1.0,6.25,0.67,-0.6,21.46875,21.34375,20.84375,20.78125,-17.4,20.0,35.0,0.0
4.12665,0x2B0,0.0,0.0,1.0,6.25,0.67,-0.6,21.46875,21.34375,20.84375,20.78125,-17.4,8.0,35.0,0.0
4.12803,0x316,0.0,0.0,1.0,6.25,0.67,-0.6,21.46875,21.34375,20.84375,20.78125,-17.4,8.0,35.0,0.0
4.13459,0x220,0.0,0.0,1.0,6.25,0.75,-0.56,21.46875,21.34375,20.84375,20.78125,-17.4,8.0,35.0,0.0
4.13529,0x386,0.0,0.0,1.0,6.25,0.75,-0.56,21.3125,21.4375,20.96875,20.6875,-17.4,8.0,35.0,0.0
4.13663,0x2B0,0.0,0.0,1.0,6.25,0.75,-0.56,21.3125,21.4375,20.96875,20.6875,-17.7,12.0,35.0,0.0
4.13805,0x316,0.0,0.0,1.0,6.25,0.75,-0.56,21.3125,21.4375,20.96875,20.6875,-17.7,12.0,35.0,0.0
4.14459,0x220,0.0,0.0,1.0,6.25,1.02,-0.75,21.3125,21.4375,20.96875,20.6875,-17.7,12.0,35.0,0.0
4.14664,0x2B0,0.0,0.0,1.0,6.25,1.02,-0.75,21.3125,21.4375,20.96875,20.6875,-17.8,20.0,35.0,0.0
4.14875,0x316,0.0,0.0,1.0,6.25,1.02,-0.75,21.3125,21.4375,20.96875,20.6875,-17.8,20.0,33.0,0.0
4.15459,0x220,0.0,0.0,1.0,6.25,1.31,-0.82,21.3125,21.4375,20.96875,20.6875,-17.8,20.0,33.0,0.0
4.15528,0x386,0.0,0.0,1.0,6.25,1.31,-0.82,21.59375,21.34375,20.875,20.90625,-17.8,20.0,33.0,0.0
4.15664,0x2B0,0.0,0.0,1.0,6.25,1.31,-0.82,21.59375,21.34375,20.875,20.90625,-18.0,12.0,33.0,0.0
4.15804,0x316,0.0,0.0,1.0,6.25,1.31,-0.82,21.59375,21.34375,20.875,20.90625,-18.0,12.0,33.0,0.0
4.1646,0x220,0.0,0.0,1.0,6.25,1.57,-0.68,21.59375,21.34375,20.875,20.90625,-18.0,12.0,33.0,0.0
4.16665,0x2B0,0.0,0.0,1.0,6.25,1.57,-0.68,21.59375,21.34375,20.875,20.90625,-18.2,20.0,33.0,0.0
4.16809,0x316,0.0,0.0,1.0,6.25,1.57,-0.68,21.59375,21.34375,20.875,20.90625,-18.2,20.0,28.0,0.0
4.17459,0x220,0.0,0.0,1.0,6.25,1.77,-0.5,21.59375,21.34375,20.875,20.90625,-18.2,20.0,28.0,0.0
4.17529,0x386,0.0,0.0,1.0,6.25,1.77,-0.5,21.375,21.1875,21.0625,21.0,-18.2,20.0,28.0,0.0
4.17665,0x2B0,0.0,0.0,1.0,6.25,1.77,-0.5,21.375,21.1875,21.0625,21.0,-18.3,12.0,28.0,0.0
4.17809,0x316,0.0,0.0,1.0,6.25,1.77,-0.5,21.375,21.1875,21.0625,21.0,-18.3,12.0,25.0,0.0
4.18459,0x220,0.0,0.0,1.0,6.25,1.74,-0.53,21.375,21.1875,21.0625,21.0,-18.3,12.0,25.0,0.0
4.18664,0x2B0,0.0,0.0,1.0,6.25,1.74,-0.53,21.375,21.1875,21.0625,21.0,-18.6,20.0,25.0,0.0
4.18798,0x316,0.0,0.0,1.0,6.25,1.74,-0.53,21.375,21.1875,21.0625,21.0,-18.6,20.0,20.0,0.0
4.1946,0x220,0.0,0.0,1.0,6.25,1.46,-0.83,21.375,21.1875,21.0625,21.0,-18.6,20.0,20.0,0.0
4.19529,0x386,0.0,0.0,1.0,6.25,1.46,-0.83,21.3125,21.3125,21.15625,21.0,-18.6,20.0,20.0,0.0
4.19666,0x2B0,0.0,0.0,1.0,6.25,1.46,-0.83,21.3125,21.3125,21.15625,21.0,-18.9,28.0,20.0,0.0
4.19804,0x316,0.0,0.0,1.0,6.25,1.46,-0.83,21.3125,21.3125,21.15625,21.0,-18.9,28.0,20.0,0.0
4.2046,0x220,0.0,0.0,1.0,6.25,0.96,-1.1,21.3125,21.3125,21.15625,21.0,-18.9,28.0,20.0,0.0
4.20663,0x2B0,0.0,0.0,1.0,6.25,0.96,-1.1,21.3125,21.3125,21.15625,21.0,-19.2,28.0,20.0,0.0
4.20801,0x316,0.0,0.0,1.0,6.25,0.96,-1.1,21.3125,21.3125,21.15625,21.0,-19.2,28.0,20.0,0.0
4.2146,0x220,0.0,0.0,1.0,6.25,0.49,-1.06,21.3125,21.3125,21.15625,21.0,-19.2,28.0,20.0,0.0
4.2153,0x386,0.0,0.0,1.0,6.25,0.49,-1.06,21.21875,21.125,21.28125,20.90625,-19.2,28.0,20.0,0.0
4.21659,0x2B0,0.0,0.0,1.0,6.25,0.49,-1.06,21.21875,21.125,21.28125,20.90625,-19.5,28.0,20.0,0.0
4.218,0x316,0.0,0.0,1.0,6.25,0.49,-1.06,21.21875,21.125,21.28125,20.90625,-19.5,28.0,20.0,0.0
4.22465,0x220,0.0,0.0,1.0,6.25,0.34,-0.68,21.21875,21.125,21.28125,20.90625,-19.5,28.0,20.0,0.0
4.22661,0x2B0,0.0,0.0,1.0,6.25,0.34,-0.68,21.21875,21.125,21.28125,20.90625,-19.8,28.0,20.0,0.0
4.22795,0x316,0.0,0.0,1.0,6.25,0.34,-0.68,21.21875,21.125,21.28125,20.90625,-19.8,28.0,22.0,0.0
4.2346,0x220,0.0,0.0,1.0,6.25,0.54,-0.42,21.21875,21.125,21.28125,20.90625,-19.8,28.0,22.0,0.0
4.23529,0x386,0.0,0.0,1.0,6.25,0.54,-0.42,21.15625,21.25,21.15625,20.8125,-19.8,28.0,22.0,0.0
4.2366,0x2B0,0.0,0.0,1.0,6.25,0.54,-0.42,21.15625,21.25,21.15625,20.8125,-20.0,24.0,22.0,0.0
4.23811,0x316,0.0,0.0,1.0,6.25,0.54,-0.42,21.15625,21.25,21.15625,20.8125,-20.0,24.0,25.0,0.0
4.2446,0x220,0.0,0.0,1.0,6.25,0.87,-0.52,21.15625,21.25,21.15625,20.8125,-20.0,24.0,25.0,0.0
4.24662,0x2B0,0.0,0.0,1.0,6.25,0.87,-0.52,21.15625,21.25,21.15625,20.8125,-20.2,20.0,25.0,0.0
4.24888,0x316,0.0,0.0,1.0,6.25,0.87,-0.52,21.15625,21.25,21.15625,20.8125,-20.2,20.0,30.0,0.0
4.25459,0x220,0.0,0.0,1.0,6.25,0.94,-0.73,21.15625,21.25,21.15625,20.8125,-20.2,20.0,30.0,0.0
4.2553,0x386,0.0,0.0,1.0,6.25,0.94,-0.73,21.1875,21.21875,21.125,20.84375,-20.2,20.0,30.0,0.0
4.25662,0x2B0,0.0,0.0,1.0,6.25,0.94,-0.73,21.1875,21.21875,21.125,20.84375,-20.3,12.0,30.0,0.0
4.25799,0x316,0.0,0.0,1.0,6.25,0.94,-0.73,21.1875,21.21875,21.125,20.84375,-20.3,12.0,30.0,0.0
4.2646,0x220,0.0,0.0,1.0,6.25,0.65,-0.69,21.1875,21.21875,21.125,20.84375,-20.3,12.0,30.0,0.0
4.26662,0x2B0,0.0,0.0,1.0,6.25,0.65,-0.69,21.1875,21.21875,21.125,20.84375,-20.3,0.0,30.0,0.0
4.26802,0x316,0.0,0.0,1.0,6.25,0.65,-0.69,21.1875,21.21875,21.125,20.84375,-20.3,0.0,40.0,0.0
4.2746,0x220,0.0,0.0,1.0,6.25,0.24,-0.45,21.1875,21.21875,21.125,20.84375,-20.3,0.0,40.0,0.0
4.2753,0x386,0.0,0.0,1.0,6.25,0.24,-0.45,21.375,21.21875,20.625,20.96875,-20.3,0.0,40.0,0.0
4.27663,0x2B0,0.0,0.0,1.0,6.25,0.24,-0.45,21.375,21.21875,20.625,20.96875,-20.5,8.0,40.0,0.0
4.2782,0x316,0.0,0.0,1.0,6.25,0.24,-0.45,21.375,21.21875,20.625,20.96875,-20.5,8.0,43.0,0.0
4.2846,0x220,0.0,0.0,1.0,6.25,-0.1,-0.18,21.375,21.21875,20.625,20.96875,-20.5,8.0,43.0,0.0
4.28664,0x2B0,0.0,0.0,1.0,6.25,-0.1,-0.18,21.375,21.21875,20.625,20.96875,-20.5,8.0,43.0,0.0
4.28801,0x316,0.0,0.0,1.0,6.25,-0.1,-0.18,21.375,21.21875,20.625,20.96875,-20.5,8.0,48.0,0.0
4.29461,0x220,0.0,0.0,1.0,6.25,-0.25,0.02,21.375,21.21875,20.625,20.96875,-20.5,8.0,48.0,0.0
4.29531,0x386,0.0,0.0,1.0,6.25,-0.25,0.02,21.4375,21.40625,20.5625,20.46875,-20.5,8.0,48.0,0.0
4.29663,0x2B0,0.0,0.0,1.0,6.25,-0.25,0.02,21.4375,21.40625,20.5625,20.46875,-20.7,8.0,48.0,0.0
4.29797,0x316,0.0,0.0,1.0,6.25,-0.25,0.02,21.4375,21.40625,20.5625,20.46875,-20.7,8.0,50.0,0.0
4.30461,0x220,0.0,0.0,1.0,6.25,-0.17,0.15,21.4375,21.40625,20.5625,20.46875,-20.7,8.0,50.0,0.0
4.30655,0x2B0,0.0,0.0,1.0,6.25,-0.17,0.15,21.4375,21.40625,20.5625,20.46875,-20.7,8.0,50.0,0.0
4.30796,0x316,0.0,0.0,1.0,6.25,-0.17,0.15,21.4375,21.40625,20.5625,20.46875,-20.7,8.0,50.0,0.0
4.31461,0x220,0.0,0.0,1.0,6.25,-0.05,0.2,21.4375,21.40625,20.5625,20.46875,-20.7,8.0,50.0,0.0
4.3153,0x386,0.0,0.0,1.0,6.25,-0.05,0.2,21.40625,21.375,20.65625,20.21875,-20.7,8.0,50.0,0.0
4.31656,0x2B0,0.0,0.0,1.0,6.25,-0.05,0.2,21.40625,21.375,20.65625,20.21875,-20.7,0.0,50.0,0.0
4.31802,0x316,0.0,0.0,1.0,6.25,-0.05,0.2,21.40625,21.375,20.65625,20.21875,-20.7,0.0,50.0,0.0
4.3247,0x220,0.0,0.0,1.0,6.25,-0.06,0.26,21.40625,21.375,20.65625,20.21875,-20.7,0.0,50.0,0.0
4.32654,0x2B0,0.0,0.0,1.0,6.25,-0.06,0.26,21.40625,21.375,20.65625,20.21875,-20.7,0.0,50.0,0.0
4.328,0x316,0.0,0.0,1.0,6.25,-0.06,0.26,21.40625,21.375,20.65625,20.21875,-20.7,0.0,48.0,0.0
4.33462,0x220,0.0,0.0,1.0,6.25,-0.2,0.3,21.40625,21.375,20.65625,20.21875,-20.7,0.0,48.0,0.0
4.33531,0x386,0.0,0.0,1.0,6.25,-0.2,0.3,21.4375,21.5,20.3125,20.3125,-20.7,0.0,48.0,0.0
4.33654,0x2B0,0.0,0.0,1.0,6.25,-0.2,0.3,21.4375,21.5,20.3125,20.3125,-20.7,0.0,48.0,0.0
4.33806,0x316,0.0,0.0,1.0,6.25,-0.2,0.3,21.4375,21.5,20.3125,20.3125,-20.7,0.0,48.0,0.0
4.34464,0x220,0.0,0.0,1.0,6.25,-0.44,0.29,21.4375,21.5,20.3125,20.3125,-20.7,0.0,48.0,0.0
4.34654,0x2B0,0.0,0.0,1.0,6.25,-0.44,0.29,21.4375,21.5,20.3125,20.3125,-20.7,0.0,48.0,0.0
4.34881,0x316,0.0,0.0,1.0,6.25,-0.44,0.29,21.4375,21.5,20.3125,20.3125,-20.7,0.0,45.0,0.0
4.35462,0x220,0.0,0.0,1.0,6.25,-0.73,0.32,21.4375,21.5,20.3125,20.3125,-20.7,0.0,45.0,0.0
4.35532,0x386,0.0,0.0,1.0,6.25,-0.73,0.32,21.40625,21.21875,20.4375,21.21875,-20.7,0.0,45.0,0.0
4.35654,0x2B0,0.0,0.0,1.0,6.25,-0.73,0.32,21.40625,21.21875,20.4375,21.21875,-20.7,0.0,45.0,0.0
4.358,0x316,0.0,0.0,1.0,6.25,-0.73,0.32,21.40625,21.21875,20.4375,21.21875,-20.7,0.0,45.0,0.0
4.36463,0x220,0.0,0.0,1.0,6.25,-0.96,0.49,21.40625,21.21875,20.4375,21.21875,-20.7,0.0,45.0,0.0
4.36662,0x2B0,0.0,0.0,1.0,6.25,-0.96,0.49,21.40625,21.21875,20.4375,21.21875,-20.7,0.0,45.0,0.0
4.3681,0x316,0.0,0.0,1.0,6.25,-0.96,0.49,21.40625,21.21875,20.4375,21.21875,-20.7,0.0,45.0,0.0
4.37462,0x220,0.0,0.0,1.0,6.25,-1.13,0.69,21.40625,21.21875,20.4375,21.21875,-20.7,0.0,45.0,0.0
4.37532,0x386,0.0,0.0,1.0,6.25,-1.13,0.69,21.34375,21.25,21.15625,21.03125,-20.7,0.0,45.0,0.0
4.37659,0x2B0,0.0,0.0,1.0,6.25,-1.13,0.69,21.34375,21.25,21.15625,21.03125,-20.7,0.0,45.0,0.0
4.37808,0x316,0.0,0.0,1.0,6.25,-1.13,0.69,21.34375,21.25,21.15625,21.03125,-20.7,0.0,45.0,0.0
4.38462,0x220,0.0,0.0,1.0,6.25,-1.24,0.73,21.34375,21.25,21.15625,21.03125,-20.7,0.0,45.0,0.0
4.38661,0x2B0,0.0,0.0,1.0,6.25,-1.24,0.73,21.34375,21.25,21.15625,21.03125,-20.9,8.0,45.0,0.0
4.38799,0x316,0.0,0.0,1.0,6.25,-1.24,0.73,21.34375,21.25,21.15625,21.03125,-20.9,8.0,45.0,0.0
4.39463,0x220,0.0,0.0,1.0,6.25,-1.27,0.8,21.34375,21.25,21.15625,21.03125,-20.9,8.0,45.0,0.0
4.39532,0x386,0.0,0.0,1.0,6.25,-1.27,0.8,21.375,21.25,21.125,21.0,-20.9,8.0,45.0,0.0
4.39663,0x2B0,0.0,0.0,1.0,6.25,-1.27,0.8,21.375,21.25,21.125,21.0,-21.1,20.0,45.0,0.0
4.398,0x316,0.0,0.0,1.0,6.25,-1.27,0.8,21.375,21.25,21.125,21.0,-21.1,20.0,45.0,0.0
4.40462,0x220,0.0,0.0,1.0,6.25,-1.17,1.12,21.375,21.25,21.125,21.0,-21.1,20.0,45.0,0.0
4.40664,0x2B0,0.0,0.0,1.0,6.25,-1.17,1.12,21.375,21.25,21.125,21.0,-21.1,8.0,45.0,0.0
4.40803,0x316,0.0,0.0,1.0,6.25,-1.17,1.12,21.375,21.25,21.125,21.0,-21.1,8.0,45.0,0.0
4.41461,0x220,0.0,0.0,1.0,6.25,-0.86,1.56,21.375,21.25,21.125,21.0,-21.1,8.0,45.0,0.0
4.41531,0x386,0.0,0.0,1.0,6.25,-0.86,1.56,21.53125,21.03125,20.96875,21.03125,-21.1,8.0,45.0,0.0
4.41665,0x2B0,0.0,0.0,1.0,6.25,-0.86,1.56,21.53125,21.03125,20.96875,21.03125,-21.4,12.0,45.0,0.0
4.418,0x316,0.0,0.0,1.0,6.25,-0.86,1.56,21.53125,21.03125,20.96875,21.03125,-21.4,12.0,45.0,0.0
4.42473,0x220,0.0,0.0,1.0,6.25,-0.4,1.7,21.53125,21.03125,20.96875,21.03125,-21.4,12.0,45.0,0.0
4.42663,0x2B0,0.0,0.0,1.0,6.25,-0.4,1.7,21.53125,21.03125,20.96875,21.03125,-21.7,28.0,45.0,0.0
4.42797,0x316,0.0,0.0,1.0,6.25,-0.4,1.7,21.53125,21.03125,20.96875,21.03125,-21.7,28.0,45.0,0.0
4.43463,0x220,0.0,0.0,1.0,6.25,-0.05,1.26,21.53125,21.03125,20.96875,21.03125,-21.7,28.0,45.0,0.0
4.43532,0x386,0.0,0.0,1.0,6.25,-0.05,1.26,21.4375,21.3125,21.375,20.625,-21.7,28.0,45.0,0.0
4.43667,0x2B0,0.0,0.0,1.0,6.25,-0.05,1.26,21.4375,21.3125,21.375,20.625,-21.9,24.0,45.0,0.0
4.43803,0x316,0.0,0.0,1.0,6.25,-0.05,1.26,21.4375,21.3125,21.375,20.625,-21.9,24.0,45.0,0.0
4.44463,0x220,0.0,0.0,1.0,6.25,-0.03,0.55,21.4375,21.3125,21.375,20.625,-21.9,24.0,45.0,0.0
4.44664,0x2B0,0.0,0.0,1.0,6.25,-0.03,0.55,21.4375,21.3125,21.375,20.625,-22.1,20.0,45.0,0.0
4.44902,0x316,0.0,0.0,1.0,6.25,-0.03,0.55,21.4375,21.3125,21.375,20.625,-22.1,20.0,45.0,0.0
4.45462,0x220,0.0,0.0,1.0,6.25,-0.3,0.22,21.4375,21.3125,21.375,20.625,-22.1,20.0,45.0,0.0
4.45531,0x386,0.0,0.0,1.0,6.25,-0.3,0.22,21.4375,21.15625,21.1875,21.125,-22.1,20.0,45.0,0.0
4.45665,0x2B0,0.0,0.0,1.0,6.25,-0.3,0.22,21.4375,21.15625,21.1875,21.125,-22.2,12.0,45.0,0.0
4.458,0x316,0.0,0.0,1.0,6.25,-0.3,0.22,21.4375,21.15625,21.1875,21.125,-22.2,12.0,45.0,0.0
4.46463,0x220,0.0,0.0,1.0,6.25,-0.64,0.44,21.4375,21.15625,21.1875,21.125,-22.2,12.0,45.0,0.0
4.46662,0x2B0,0.0,0.0,1.0,6.25,-0.64,0.44,21.4375,21.15625,21.1875,21.125,-22.4,12.0,45.0,0.0
4.46805,0x316,0.0,0.0,1.0,6.25,-0.64,0.44,21.4375,21.15625,21.1875,21.125,-22.4,12.0,45.0,0.0
4.47462,0x220,0.0,0.0,1.0,6.25,-0.69,0.78,21.4375,21.15625,21.1875,21.125,-22.4,12.0,45.0,0.0
4.47531,0x386,0.0,0.0,1.0,6.25,-0.69,0.78,21.65625,21.46875,21.15625,21.25,-22.4,12.0,45.0,0.0
4.47662,0x2B0,0.0,0.0,1.0,6.25,-0.69,0.78,21.65625,21.46875,21.15625,21.25,-22.6,20.0,45.0,0.0
4.47807,0x316,0.0,0.0,1.0,6.25,-0.69,0.78,21.65625,21.46875,21.15625,21.25,-22.6,20.0,45.0,0.0
4.48462,0x220,0.0,0.0,1.0,6.25,-0.4,0.67,21.65625,21.46875,21.15625,21.25,-22.6,20.0,45.0,0.0
4.48665,0x2B0,0.0,0.0,1.0,6.25,-0.4,0.67,21.65625,21.46875,21.15625,21.25,-22.6,8.0,45.0,0.0
4.48809,0x316,0.0,0.0,1.0,6.25,-0.4,0.67,21.65625,21.46875,21.15625,21.25,-22.6,8.0,45.0,0.0
4.49463,0x220,0.0,0.0,1.0,6.25,0.05,0.25,21.65625,21.46875,21.15625,21.25,-22.6,8.0,45.0,0.0
4.49533,0x386,0.0,0.0,1.0,6.25,0.05,0.25,21.375,21.375,20.96875,21.4375,-22.6,8.0,45.0,0.0
4.49663,0x2B0,0.0,0.0,1.0,6.25,0.05,0.25,21.375,21.375,20.96875,21.4375,-22.6,0.0,45.0,0.0
4.49802,0x316,0.0,0.0,1.0,6.25,0.05,0.25,21.375,21.375,20.96875,21.4375,-22.6,0.0,45.0,0.0
4.50462,0x220,0.0,0.0,1.0,6.25,0.42,0.06,21.375,21.375,20.96875,21.4375,-22.6,0.0,45.0,0.0
4.50656,0x2B0,0.0,0.0,1.0,6.25,0.42,0.06,21.375,21.375,20.96875,21.4375,-22.6,0.0,45.0,0.0
4.50796,0x316,0.0,0.0,1.0,6.25,0.42,0.06,21.375,21.375,20.96875,21.4375,-22.6,0.0,45.0,0.0
4.51462,0x220,0.0,0.0,1.0,6.25,0.64,0.3,21.375,21.375,20.96875,21.4375,-22.6,0.0,45.0,0.0
4.51532,0x386,0.0,0.0,1.0,6.25,0.64,0.3,21.65625,21.5625,20.71875,21.34375,-22.6,0.0,45.0,0.0
4.51665,0x2B0,0.0,0.0,1.0,6.25,0.64,0.3,21.65625,21.5625,20.71875,21.34375,-22.6,0.0,45.0,0.0
4.51798,0x316,0.0,0.0,1.0,6.25,0.64,0.3,21.65625,21.5625,20.71875,21.34375,-22.6,0.0,45.0,0.0
4.52475,0x220,0.0,0.0,1.0,6.25,0.72,0.57,21.65625,21.5625,20.71875,21.34375,-22.6,0.0,45.0,0.0
4.52657,0x2B0,0.0,0.0,1.0,6.25,0.72,0.57,21.65625,21.5625,20.71875,21.34375,-22.6,0.0,45.0,0.0
4.528,0x316,0.0,0.0,1.0,6.25,0.72,0.57,21.65625,21.5625,20.71875,21.34375,-22.6,0.0,45.0,0.0
4.53466,0x220,0.0,0.0,1.0,6.25,0.66,0.49,21.65625,21.5625,20.71875,21.34375,-22.6,0.0,45.0,0.0
4.53537,0x386,0.0,0.0,1.0,6.25,0.66,0.49,21.5,21.46875,20.65625,21.09375,-22.6,0.0,45.0,0.0
4.53657,0x2B0,0.0,0.0,1.0,6.25,0.66,0.49,21.5,21.46875,20.65625,21.09375,-22.6,0.0,45.0,0.0
4.53816,0x316,0.0,0.0,1.0,6.25,0.66,0.49,21.5,21.46875,20.65625,21.09375,-22.6,0.0,45.0,0.0
4.54463,0x220,0.0,0.0,1.0,6.25,0.44,0.06,21.5,21.46875,20.65625,21.09375,-22.6,0.0,45.0,0.0
4.54656,0x2B0,0.0,0.0,1.0,6.25,0.44,0.06,21.5,21.46875,20.65625,21.09375,-22.6,0.0,45.0,0.0
4.54888,0x316,0.0,0.0,1.0,6.25,0.44,0.06,21.5,21.46875,20.65625,21.09375,-22.6,0.0,43.0,0.0
4.55463,0x220,0.0,0.0,1.0,6.25,0.13,-0.27,21.5,21.46875,20.65625,21.09375,-22.6,0.0,43.0,0.0
4.55533,0x386,0.0,0.0,1.0,6.25,0.13,-0.27,21.5625,21.5,20.84375,20.90625,-22.6,0.0,43.0,0.0
4.55657,0x2B0,0.0,0.0,1.0,6.25,0.13,-0.27,21.5625,21.5,20.84375,20.90625,-22.6,0.0,43.0,0.0
4.55798,0x316,0.0,0.0,1.0,6.25,0.13,-0.27,21.5625,21.5,20.84375,20.90625,-22.6,0.0,43.0,0.0
4.56463,0x220,0.0,0.0,1.0,6.25,-0.04,-0.3,21.5625,21.5,20.84375,20.90625,-22.6,0.0,43.0,0.0
4.56657,0x2B0,0.0,0.0,1.0,6.25,-0.04,-0.3,21.5625,21.5,20.84375,20.90625,-22.6,0.0,43.0,0.0
4.56812,0x316,0.0,0.0,1.0,6.25,-0.04,-0.3,21.5625,21.5,20.84375,20.90625,-22.6,0.0,43.0,0.0
4.57463,0x220,0.0,0.0,1.0,6.25,0.05,-0.1,21.5625,21.5,20.84375,20.90625,-22.6,0.0,43.0,0.0
4.57533,0x386,0.0,0.0,1.0,6.25,0.05,-0.1,21.5,21.5,20.6875,21.25,-22.6,0.0,43.0,0.0
4.57659,0x2B0,0.0,0.0,1.0,6.25,0.05,-0.1,21.5,21.5,20.6875,21.25,-22.4,8.0,43.0,0.0
4.57822,0x316,0.0,0.0,1.0,6.25,0.05,-0.1,21.5,21.5,20.6875,21.25,-22.4,8.0,43.0,0.0
4.58463,0x220,0.0,0.0,1.0,6.25,0.37,-0.02,21.5,21.5,20.6875,21.25,-22.4,8.0,43.0,0.0
4.58661,0x2B0,0.0,0.0,1.0,6.25,0.37,-0.02,21.5,21.5,20.6875,21.25,-22.2,20.0,43.0,0.0
4.58797,0x316,0.0,0.0,1.0,6.25,0.37,-0.02,21.5,21.5,20.6875,21.25,-22.2,20.0,40.0,0.0
4.59464,0x220,0.0,0.0,1.0,6.25,0.77,-0.15,21.5,21.5,20.6875,21.25,-22.2,20.0,40.0,0.0
4.59533,0x386,0.0,0.0,1.0,6.25,0.77,-0.15,21.4375,21.5625,21.15625,21.125,-22.2,20.0,40.0,0.0
4.59657,0x2B0,0.0,0.0,1.0,6.25,0.77,-0.15,21.4375,21.5625,21.15625,21.125,-22.2,8.0,40.0,0.0
4.59798,0x316,0.0,0.0,1.0,6.25,0.77,-0.15,21.4375,21.5625,21.15625,21.125,-22.2,8.0,38.0,0.0
4.60462,0x220,0.0,0.0,1.0,6.25,1.23,-0.35,21.4375,21.5625,21.15625,21.125,-22.2,8.0,38.0,0.0
4.6066,0x2B0,0.0,0.0,1.0,6.25,1.23,-0.35,21.4375,21.5625,21.15625,21.125,-22.1,0.0,38.0,0.0
4.608,0x316,0.0,0.0,1.0,6.25,1.23,-0.35,21.4375,21.5625,21.15625,21.125,-22.1,0.0,35.0,0.0
4.61462,0x220,0.0,0.0,1.0,6.25,1.59,-0.44,21.4375,21.5625,21.15625,21.125,-22.1,0.0,35.0,0.0
4.61531,0x386,0.0,0.0,1.0,6.25,1.59,-0.44,21.5,21.5625,20.90625,21.09375,-22.1,0.0,35.0,0.0
4.61658,0x2B0,0.0,0.0,1.0,6.25,1.59,-0.44,21.5,21.5625,20.90625,21.09375,-22.1,0.0,35.0,0.0
4.61802,0x316,0.0,0.0,1.0,6.25,1.59,-0.44,21.5,21.5625,20.90625,21.09375,-22.1,0.0,30.0,0.0
4.62479,0x220,0.0,0.0,1.0,6.25,1.79,-0.37,21.5,21.5625,20.90625,21.09375,-22.1,0.0,30.0,0.0
4.62657,0x2B0,0.0,0.0,1.0,6.25,1.79,-0.37,21.5,21.5625,20.90625,21.09375,-22.1,0.0,30.0,0.0
4.62795,0x316,0.0,0.0,1.0,6.25,1.79,-0.37,21.5,21.5625,20.90625,21.09375,-22.1,0.0,28.0,0.0
4.63472,0x220,0.0,0.0,1.0,6.25,1.77,-0.26,21.5,21.5625,20.90625,21.09375,-22.1,0.0,28.0,0.0
4.63542,0x386,0.0,0.0,1.0,6.25,1.77,-0.26,21.375,21.4375,20.8125,21.0,-22.1,0.0,28.0,0.0
4.63658,0x2B0,0.0,0.0,1.0,6.25,1.77,-0.26,21.375,21.4375,20.8125,21.0,-22.1,0.0,28.0,0.0
4.63808,0x316,0.0,0.0,1.0,6.25,1.77,-0.26,21.375,21.4375,20.8125,21.0,-22.1,0.0,22.0,0.0
4.64464,0x220,0.0,0.0,1.0,6.25,1.64,-0.31,21.375,21.4375,20.8125,21.0,-22.1,0.0,22.0,0.0
4.64658,0x2B0,0.0,0.0,1.0,6.25,1.64,-0.31,21.375,21.4375,20.8125,21.0,-22.1,0.0,22.0,0.0
4.64904,0x316,0.0,0.0,1.0,6.25,1.64,-0.31,21.375,21.4375,20.8125,21.0,-22.1,0.0,20.0,0.0
4.65462,0x220,0.0,0.0,1.0,6.25,1.4,-0.54,21.375,21.4375,20.8125,21.0,-22.1,0.0,20.0,0.0
4.65532,0x386,0.0,0.0,1.0,6.25,1.4,-0.54,21.25,21.53125,20.3125,20.75,-22.1,0.0,20.0,0.0
4.65665,0x2B0,0.0,0.0,1.0,6.25,1.4,-0.54,21.25,21.53125,20.3125,20.75,-22.1,0.0,20.0,0.0
4.65802,0x316,0.0,0.0,1.0,6.25,1.4,-0.54,21.25,21.53125,20.3125,20.75,-22.1,0.0,20.0,0.0
4.66463,0x220,0.0,0.0,1.0,6.25,1.03,-0.8,21.25,21.53125,20.3125,20.75,-22.1,0.0,20.0,0.0
4.66663,0x2B0,0.0,0.0,1.0,6.25,1.03,-0.8,21.25,21.53125,20.3125,20.75,-22.3,8.0,20.0,0.0
4.66801,0x316,0.0,0.0,1.0,6.25,1.03,-0.8,21.25,21.53125,20.3125,20.75,-22.3,8.0,15.0,0.0
4.67463,0x220,0.0,0.0,1.0,6.25,0.68,-0.81,21.25,21.53125,20.3125,20.75,-22.3,8.0,15.0,0.0
4.67534,0x386,0.0,0.0,1.0,6.25,0.68,-0.81,21.375,21.3125,19.9375,20.09375,-22.3,8.0,15.0,0.0
4.67659,0x2B0,0.0,0.0,1.0,6.25,0.68,-0.81,21.375,21.3125,19.9375,20.09375,-22.3,8.0,15.0,0.0
4.67808,0x316,0.0,0.0,1.0,6.25,0.68,-0.81,21.375,21.3125,19.9375,20.09375,-22.3,8.0,15.0,0.0
4.68463,0x220,0.0,0.0,1.0,6.25,0.53,-0.52,21.375,21.3125,19.9375,20.09375,-22.3,8.0,15.0,0.0
4.6866,0x2B0,0.0,0.0,1.0,6.25,0.53,-0.52,21.375,21.3125,19.9375,20.09375,-22.6,12.0,15.0,0.0
4.68803,0x316,0.0,0.0,1.0,6.25,0.53,-0.52,21.375,21.3125,19.9375,20.09375,-22.6,12.0,15.0,0.0
4.69463,0x220,0.0,0.0,1.0,6.25,0.67,-0.35,21.375,21.3125,19.9375,20.09375,-22.6,12.0,15.0,0.0
4.69533,0x386,0.0,0.0,1.0,6.25,0.67,-0.35,21.21875,21.3125,21.0,20.21875,-22.6,12.0,15.0,0.0
4.69664,0x2B0,0.0,0.0,1.0,6.25,0.67,-0.35,21.21875,21.3125,21.0,20.21875,-22.6,12.0,15.0,0.0
4.69802,0x316,0.0,0.0,1.0,6.25,0.67,-0.35,21.21875,21.3125,21.0,20.21875,-22.6,12.0,15.0,0.0
4.70463,0x220,0.0,0.0,1.0,6.25,0.89,-0.5,21.21875,21.3125,21.0,20.21875,-22.6,12.0,15.0,0.0
4.70662,0x2B0,0.0,0.0,1.0,6.25,0.89,-0.5,21.21875,21.3125,21.0,20.21875,-22.7,0.0,15.0,0.0
4.70796,0x316,0.0,0.0,1.0,6.25,0.89,-0.5,21.21875,21.3125,21.0,20.21875,-22.7,0.0,17.0,0.0
4.71463,0x220,0.0,0.0,1.0,6.25,1.1,-0.85,21.21875,21.3125,21.0,20.21875,-22.7,0.0,17.0,0.0
4.71534,0x386,0.0,0.0,1.0,6.25,1.1,-0.85,21.25,21.1875,21.0625,21.0,-22.7,0.0,17.0,0.0
4.71662,0x2B0,0.0,0.0,1.0,6.25,1.1,-0.85,21.25,21.1875,21.0625,21.0,-22.7,0.0,17.0,0.0
4.71799,0x316,0.0,0.0,1.0,6.25,1.1,-0.85,21.25,21.1875,21.0625,21.0,-22.7,0.0,20.0,0.0
4.72483,0x220,0.0,0.0,1.0,6.25,1.27,-0.86,21.25,21.1875,21.0625,21.0,-22.7,0.0,20.0,0.0
4.72663,0x2B0,0.0,0.0,1.0,6.25,1.27,-0.86,21.25,21.1875,21.0625,21.0,-22.7,0.0,20.0,0.0
4.72797,0x316,0.0,0.0,1.0,6.25,1.27,-0.86,21.25,21.1875,21.0625,21.0,-22.7,0.0,22.0,0.0
4.73467,0x220,0.0,0.0,1.0,6.25,1.41,-0.56,21.25,21.1875,21.0625,21.0,-22.7,0.0,22.0,0.0
4.73538,0x386,0.0,0.0,1.0,6.25,1.41,-0.56,21.125,21.03125,20.75,20.78125,-22.7,0.0,22.0,0.0
4.73662,0x2B0,0.0,0.0,1.0,6.25,1.41,-0.56,21.125,21.03125,20.75,20.78125,-22.9,8.0,22.0,0.0
4.7381,0x316,0.0,0.0,1.0,6.25,1.41,-0.56,21.125,21.03125,20.75,20.78125,-22.9,8.0,25.0,0.0
4.74463,0x220,0.0,0.0,1.0,6.25,1.59,-0.43,21.125,21.03125,20.75,20.78125,-22.9,8.0,25.0,0.0
4.74665,0x2B0,0.0,0.0,1.0,6.25,1.59,-0.43,21.125,21.03125,20.75,20.78125,-22.9,8.0,25.0,0.0
4.7487,0x316,0.0,0.0,1.0,6.25,1.59,-0.43,21.125,21.03125,20.75,20.78125,-22.9,8.0,25.0,0.0
4.75463,0x220,0.0,0.0,1.0,6.25,1.71,-0.53,21.125,21.03125,20.75,20.78125,-22.9,8.0,25.0,0.0
4.75533,0x386,0.0,0.0,1.0,6.25,1.71,-0.53,21.09375,20.96875,20.75,20.15625,-22.9,8.0,25.0,0.0
4.75663,0x2B0,0.0,0.0,1.0,6.25,1.71,-0.53,21.09375,20.96875,20.75,20.15625,-22.9,0.0,25.0,0.0
4.75799,0x316,0.0,0.0,1.0,6.25,1.71,-0.53,21.09375,20.96875,20.75,20.15625,-22.9,0.0,25.0,0.0
4.76463,0x220,0.0,0.0,1.0,6.25,1.66,-0.67,21.09375,20.96875,20.75,20.15625,-22.9,0.0,25.0,0.0
4.76663,0x2B0,0.0,0.0,1.0,6.25,1.66,-0.67,21.09375,20.96875,20.75,20.15625,-23.0,0.0,25.0,0.0
4.76806,0x316,0.0,0.0,1.0,6.25,1.66,-0.67,21.09375,20.96875,20.75,20.15625,-23.0,0.0,20.0,0.0
4.77463,0x220,0.0,0.0,1.0,6.25,1.5,-0.59,21.09375,20.96875,20.75,20.15625,-23.0,0.0,20.0,0.0
4.77532,0x386,0.0,0.0,1.0,6.25,1.5,-0.59,20.90625,20.84375,20.25,20.25,-23.0,0.0,20.0,0.0
4.77664,0x2B0,0.0,0.0,1.0,6.25,1.5,-0.59,20.90625,20.84375,20.25,20.25,-23.0,0.0,20.0,0.0
4.7782,0x316,0.0,0.0,1.0,6.25,1.5,-0.59,20.90625,20.84375,20.25,20.25,-23.0,0.0,17.0,0.0
4.7846,0x220,0.0,0.0,1.0,6.25,1.16,-0.46,20.90625,20.84375,20.25,20.25,-23.0,0.0,17.0,0.0
4.78664,0x2B0,0.0,0.0,1.0,6.25,1.16,-0.46,20.90625,20.84375,20.25,20.25,-23.0,0.0,17.0,0.0
4.78798,0x316,0.0,0.0,1.0,6.25,1.16,-0.46,20.90625,20.84375,20.25,20.25,-23.0,0.0,12.0,0.0
4.79464,0x220,0.0,0.0,1.0,6.25,0.6,-0.48,20.90625,20.84375,20.25,20.25,-23.0,0.0,12.0,0.0
4.79533,0x386,0.0,0.0,1.0,6.25,0.6,-0.48,20.9375,20.78125,20.40625,20.53125,-23.0,0.0,12.0,0.0
4.79664,0x2B0,0.0,0.0,1.0,6.25,0.6,-0.48,20.9375,20.78125,20.40625,20.53125,-23.0,0.0,12.0,0.0
4.79799,0x316,0.0,0.0,1.0,6.25,0.6,-0.48,20.9375,20.78125,20.40625,20.53125,-23.0,0.0,10.0,0.0
4.80462,0x220,0.0,0.0,1.0,6.25,-0.15,-0.49,20.9375,20.78125,20.40625,20.53125,-23.0,0.0,10.0,0.0
4.80657,0x2B0,0.0,0.0,1.0,6.25,-0.15,-0.49,20.9375,20.78125,20.40625,20.53125,-23.0,0.0,10.0,0.0
4.80797,0x316,0.0,0.0,1.0,6.25,-0.15,-0.49,20.9375,20.78125,20.40625,20.53125,-23.0,0.0,7.0,0.0
4.81461,0x220,0.0,0.0,1.0,6.25,-0.86,-0.32,20.9375,20.78125,20.40625,20.53125,-23.0,0.0,7.0,0.0
4.81531,0x386,0.0,0.0,1.0,6.25,-0.86,-0.32,20.78125,20.71875,20.5,20.40625,-23.0,0.0,7.0,0.0
4.81656,0x2B0,0.0,0.0,1.0,6.25,-0.86,-0.32,20.78125,20.71875,20.5,20.40625,-23.0,0.0,7.0,0.0
4.81806,0x316,0.0,0.0,1.0,6.25,-0.86,-0.32,20.78125,20.71875,20.5,20.40625,-23.0,0.0,5.0,0.0
4.82462,0x220,0.0,0.0,1.0,6.25,-1.31,0.1,20.78125,20.71875,20.5,20.40625,-23.0,0.0,5.0,0.0
4.82656,0x2B0,0.0,0.0,1.0,6.25,-1.31,0.1,20.78125,20.71875,20.5,20.40625,-23.0,0.0,5.0,0.0
4.82795,0x316,0.0,0.0,1.0,6.25,-1.31,0.1,20.78125,20.71875,20.5,20.40625,-23.0,0.0,5.0,0.0
4.83469,0x220,0.0,0.0,1.0,6.25,-1.26,0.52,20.78125,20.71875,20.5,20.40625,-23.0,0.0,5.0,0.0
4.83539,0x386,0.0,0.0,1.0,6.25,-1.26,0.52,20.65625,20.5625,20.40625,20.6875,-23.0,0.0,5.0,0.0
4.83656,0x2B0,0.0,0.0,1.0,6.25,-1.26,0.52,20.65625,20.5625,20.40625,20.6875,-23.0,0.0,5.0,0.0
4.83807,0x316,0.0,0.0,1.0,6.25,-1.26,0.52,20.65625,20.5625,20.40625,20.6875,-23.0,0.0,5.0,0.0
4.84464,0x220,0.0,0.0,1.0,6.25,-0.85,0.61,20.65625,20.5625,20.40625,20.6875,-23.0,0.0,5.0,0.0
4.84656,0x2B0,0.0,0.0,1.0,6.25,-0.85,0.61,20.65625,20.5625,20.40625,20.6875,-23.0,0.0,5.0,0.0
4.84898,0x316,0.0,0.0,1.0,6.25,-0.85,0.61,20.65625,20.5625,20.40625,20.6875,-23.0,0.0,7.0,0.0
4.85463,0x220,0.0,0.0,1.0,6.25,-0.38,0.47,20.65625,20.5625,20.40625,20.6875,-23.0,0.0,7.0,0.0
4.85532,0x386,0.0,0.0,1.0,6.25,-0.38,0.47,20.46875,20.34375,20.21875,20.78125,-23.0,0.0,7.0,0.0
4.85657,0x2B0,0.0,0.0,1.0,6.25,-0.38,0.47,20.46875,20.34375,20.21875,20.78125,-23.0,0.0,7.0,0.0
4.85806,0x316,0.0,0.0,1.0,6.25,-0.38,0.47,20.46875,20.34375,20.21875,20.78125,-23.0,0.0,7.0,0.0
4.86463,0x220,0.0,0.0,1.0,6.25,-0.15,0.34,20.46875,20.34375,20.21875,20.78125,-23.0,0.0,7.0,0.0
4.86663,0x2B0,0.0,0.0,1.0,6.25,-0.15,0.34,20.46875,20.34375,20.21875,20.78125,-23.0,0.0,7.0,0.0
4.86805,0x316,0.0,0.0,1.0,6.25,-0.15,0.34,20.46875,20.34375,20.21875,20.78125,-23.0,0.0,15.0,0.0
4.87464,0x220,0.0,0.0,1.0,6.25,-0.27,0.43,20.46875,20.34375,20.21875,20.78125,-23.0,0.0,15.0,0.0
4.87534,0x386,0.0,0.0,1.0,6.25,-0.27,0.43,20.4375,20.15625,20.5625,20.84375,-23.0,0.0,15.0,0.0
4.87662,0x2B0,0.0,0.0,1.0,6.25,-0.27,0.43,20.4375,20.15625,20.5625,20.84375,-23.1,0.0,15.0,0.0
4.8781,0x316,0.0,0.0,1.0,6.25,-0.27,0.43,20.4375,20.15625,20.5625,20.84375,-23.1,0.0,17.0,0.0
4.88465,0x220,0.0,0.0,1.0,6.25,-0.59,0.56,20.4375,20.15625,20.5625,20.84375,-23.1,0.0,17.0,0.0
4.88662,0x2B0,0.0,0.0,1.0,6.25,-0.59,0.56,20.4375,20.15625,20.5625,20.84375,-23.1,0.0,17.0,0.0
4.88798,0x316,0.0,0.0,1.0,6.25,-0.59,0.56,20.4375,20.15625,20.5625,20.84375,-23.1,0.0,20.0,0.0
4.89465,0x220,0.0,0.0,1.0,6.25,-0.95,0.42,20.4375,20.15625,20.5625,20.84375,-23.1,0.0,20.0,0.0
4.89535,0x386,0.0,0.0,1.0,6.25,-0.95,0.42,20.25,20.3125,20.53125,20.46875,-23.1,0.0,20.0,0.0
4.89661,0x2B0,0.0,0.0,1.0,6.25,-0.95,0.42,20.25,20.3125,20.53125,20.46875,-23.2,0.0,20.0,0.0
4.89805,0x316,0.0,0.0,1.0,6.25,-0.95,0.42,20.25,20.3125,20.53125,20.46875,-23.2,0.0,20.0,0.0
4.90466,0x220,0.0,0.0,1.0,6.25,-1.19,0.05,20.25,20.3125,20.53125,20.46875,-23.2,0.0,20.0,0.0
4.90656,0x2B0,0.0,0.0,1.0,6.25,-1.19,0.05,20.25,20.3125,20.53125,20.46875,-23.2,0.0,20.0,0.0
4.908,0x316,0.0,0.0,1.0,6.25,-1.19,0.05,20.25,20.3125,20.53125,20.46875,-23.2,0.0,22.0,0.0
4.91465,0x220,0.0,0.0,1.0,6.25,-1.28,-0.08,20.25,20.3125,20.53125,20.46875,-23.2,0.0,22.0,0.0
4.91535,0x386,0.0,0.0,1.0,6.25,-1.28,-0.08,20.53125,20.40625,20.4375,20.21875,-23.2,0.0,22.0,0.0
4.91656,0x2B0,0.0,0.0,1.0,6.25,-1.28,-0.08,20.53125,20.40625,20.4375,20.21875,-23.2,0.0,22.0,0.0
4.91798,0x316,0.0,0.0,1.0,6.25,-1.28,-0.08,20.53125,20.40625,20.4375,20.21875,-23.2,0.0,22.0,0.0
4.92466,0x220,0.0,0.0,1.0,6.25,-1.14,0.07,20.53125,20.40625,20.4375,20.21875,-23.2,0.0,22.0,0.0
4.92657,0x2B0,0.0,0.0,1.0,6.25,-1.14,0.07,20.53125,20.40625,20.4375,20.21875,-23.2,0.0,22.0,0.0
4.92797,0x316,0.0,0.0,1.0,6.25,-1.14,0.07,20.53125,20.40625,20.4375,20.21875,-23.2,0.0,25.0,0.0
4.93466,0x220,0.0,0.0,1.0,6.25,-0.81,0.4,20.53125,20.40625,20.4375,20.21875,-23.2,0.0,25.0,0.0
4.93536,0x386,0.0,0.0,1.0,6.25,-0.81,0.4,20.46875,20.53125,20.53125,20.21875,-23.2,0.0,25.0,0.0
4.93656,0x2B0,0.0,0.0,1.0,6.25,-0.81,0.4,20.46875,20.53125,20.53125,20.21875,-23.2,0.0,25.0,0.0
4.93815,0x316,0.0,0.0,1.0,6.25,-0.81,0.4,20.46875,20.53125,20.53125,20.21875,-23.2,0.0,25.0,0.0
4.94466,0x220,0.0,0.0,1.0,6.25,-0.49,0.46,20.46875,20.53125,20.53125,20.21875,-23.2,0.0,25.0,0.0
4.94656,0x2B0,0.0,0.0,1.0,6.25,-0.49,0.46,20.46875,20.53125,20.53125,20.21875,-23.2,0.0,25.0,0.0
4.94901,0x316,0.0,0.0,1.0,6.25,-0.49,0.46,20.46875,20.53125,20.53125,20.21875,-23.2,0.0,28.0,0.0
4.95466,0x220,0.0,0.0,1.0,6.25,-0.34,0.15,20.46875,20.53125,20.53125,20.21875,-23.2,0.0,28.0,0.0
4.95536,0x386,0.0,0.0,1.0,6.25,-0.34,0.15,20.53125,20.5625,20.3125,19.9375,-23.2,0.0,28.0,0.0
4.95658,0x2B0,0.0,0.0,1.0,6.25,-0.34,0.15,20.53125,20.5625,20.3125,19.9375,-23.1,0.0,28.0,0.0
4.958,0x316,0.0,0.0,1.0,6.25,-0.34,0.15,20.53125,20.5625,20.3125,19.9375,-23.1,0.0,28.0,0.0
4.96467,0x220,0.0,0.0,1.0,6.25,-0.36,-0.24,20.53125,20.5625,20.3125,19.9375,-23.1,0.0,28.0,0.0
4.96658,0x2B0,0.0,0.0,1.0,6.25,-0.36,-0.24,20.53125,20.5625,20.3125,19.9375,-22.9,12.0,28.0,0.0
4.96809,0x316,0.0,0.0,1.0,6.25,-0.36,-0.24,20.53125,20.5625,20.3125,19.9375,-22.9,12.0,28.0,0.0
4.97467,0x220,0.0,0.0,1.0,6.25,-0.42,-0.44,20.53125,20.5625,20.3125,19.9375,-22.9,12.0,28.0,0.0
4.97536,0x386,0.0,0.0,1.0,6.25,-0.42,-0.44,20.59375,20.46875,20.28125,19.6875,-22.9,12.0,28.0,0.0
4.97657,0x2B0,0.0,0.0,1.0,6.25,-0.42,-0.44,20.59375,20.46875,20.28125,19.6875,-22.7,20.0,28.0,0.0
4.97826,0x316,0.0,0.0,1.0,6.25,-0.42,-0.44,20.59375,20.46875,20.28125,19.6875,-22.7,20.0,28.0,0.0
4.98467,0x220,0.0,0.0,1.0,6.25,-0.44,-0.5,20.59375,20.46875,20.28125,19.6875,-22.7,20.0,28.0,0.0
4.98664,0x2B0,0.0,0.0,1.0,6.25,-0.44,-0.5,20.59375,20.46875,20.28125,19.6875,-22.7,8.0,28.0,0.0
4.98802,0x316,0.0,0.0,1.0,6.25,-0.44,-0.5,20.59375,20.46875,20.28125,19.6875,-22.7,8.0,28.0,0.0
4.99468,0x220,0.0,0.0,1.0,6.25,-0.39,-0.6,20.59375,20.46875,20.28125,19.6875,-22.7,8.0,28.0,0.0
4.99538,0x386,0.0,0.0,1.0,6.25,-0.39,-0.6,20.59375,20.65625,20.21875,19.5,-22.7,8.0,28.0,0.0
4.99657,0x2B0,0.0,0.0,1.0,6.25,-0.39,-0.6,20.59375,20.65625,20.21875,19.5,-22.5,8.0,28.0,0.0
4.99799,0x316,0.0,0.0,1.0,6.25,-0.39,-0.6,20.59375,20.65625,20.21875,19.5,-22.5,8.0,28.0,0.0
5.00468,0x220,0.0,0.0,1.0,6.25,-0.36,-0.79,20.59375,20.65625,20.21875,19.5,-22.5,8.0,28.0,0.0
5.00656,0x2B0,0.0,0.0,1.0,6.25,-0.36,-0.79,20.59375,20.65625,20.21875,19.5,-22.3,20.0,28.0,0.0
5.00796,0x316,0.0,0.0,1.0,6.25,-0.36,-0.79,20.59375,20.65625,20.21875,19.5,-22.3,20.0,28.0,0.0
5.01468,0x220,0.0,0.0,1.0,6.25,-0.47,-0.82,20.59375,20.65625,20.21875,19.5,-22.3,20.0,28.0,0.0
5.01539,0x386,0.0,0.0,1.0,6.25,-0.47,-0.82,20.59375,20.375,20.0,19.875,-22.3,20.0,28.0,0.0
5.0166,0x2B0,0.0,0.0,1.0,6.25,-0.47,-0.82,20.59375,20.375,20.0,19.875,-22.1,20.0,28.0,0.0
5.01806,0x316,0.0,0.0,1.0,6.25,-0.47,-0.82,20.59375,20.375,20.0,19.875,-22.1,20.0,28.0,0.0
5.02469,0x220,0.0,0.0,1.0,6.25,-0.54,-0.55,20.59375,20.375,20.0,19.875,-22.1,20.0,28.0,0.0
5.02663,0x2B0,0.0,0.0,1.0,6.25,-0.54,-0.55,20.59375,20.375,20.0,19.875,-22.1,8.0,28.0,0.0
5.02797,0x316,0.0,0.0,1.0,6.25,-0.54,-0.55,20.59375,20.375,20.0,19.875,-22.1,8.0,28.0,0.0
5.03469,0x220,0.0,0.0,1.0,6.25,-0.5,-0.26,20.59375,20.375,20.0,19.875,-22.1,8.0,28.0,0.0
5.03539,0x386,0.0,0.0,1.0,6.25,-0.5,-0.26,20.875,20.3125,20.03125,20.0625,-22.1,8.0,28.0,0.0
5.03657,0x2B0,0.0,0.0,1.0,6.25,-0.5,-0.26,20.875,20.3125,20.03125,20.0625,-21.9,8.0,28.0,0.0
5.03804,0x316,0.0,0.0,1.0,6.25,-0.5,-0.26,20.875,20.3125,20.03125,20.0625,-21.9,8.0,28.0,0.0
5.0447,0x220,0.0,0.0,1.0,6.25,-0.47,-0.22,20.875,20.3125,20.03125,20.0625,-21.9,8.0,28.0,0.0
5.04656,0x2B0,0.0,0.0,1.0,6.25,-0.47,-0.22,20.875,20.3125,20.03125,20.0625,-21.9,8.0,28.0,0.0
5.04879,0x316,0.0,0.0,1.0,6.25,-0.47,-0.22,20.875,20.3125,20.03125,20.0625,-21.9,8.0,28.0,0.0
5.0547,0x220,0.0,0.0,1.0,6.25,-0.45,-0.44,20.875,20.3125,20.03125,20.0625,-21.9,8.0,28.0,0.0
5.0554,0x386,0.0,0.0,1.0,6.25,-0.45,-0.44,20.625,20.375,20.40625,20.03125,-21.9,8.0,28.0,0.0
5.0566,0x2B0,0.0,0.0,1.0,6.25,-0.45,-0.44,20.625,20.375,20.40625,20.03125,-21.8,0.0,28.0,0.0
5.05803,0x316,0.0,0.0,1.0,6.25,-0.45,-0.44,20.625,20.375,20.40625,20.03125,-21.8,0.0,28.0,0.0
5.0647,0x220,0.0,0.0,1.0,6.25,-0.42,-0.62,20.625,20.375,20.40625,20.03125,-21.8,0.0,28.0,0.0
5.06658,0x2B0,0.0,0.0,1.0,6.25,-0.42,-0.62,20.625,20.375,20.40625,20.03125,-21.8,0.0,28.0,0.0
5.06802,0x316,0.0,0.0,1.0,6.25,-0.42,-0.62,20.625,20.375,20.40625,20.03125,-21.8,0.0,28.0,0.0
5.07471,0x220,0.0,0.0,1.0,6.25,-0.33,-0.54,20.625,20.375,20.40625,20.03125,-21.8,0.0,28.0,0.0
5.0754,0x386,0.0,0.0,1.0,6.25,-0.33,-0.54,20.78125,20.40625,20.125,20.0625,-21.8,0.0,28.0,0.0
5.07657,0x2B0,0.0,0.0,1.0,6.25,-0.33,-0.54,20.78125,20.40625,20.125,20.0625,-21.8,0.0,28.0,0.0
5.07808,0x316,0.0,0.0,1.0,6.25,-0.33,-0.54,20.78125,20.40625,20.125,20.0625,-21.8,0.0,28.0,0.0
5.08471,0x220,0.0,0.0,1.0,6.25,-0.1,-0.25,20.78125,20.40625,20.125,20.0625,-21.8,0.0,28.0,0.0
5.08658,0x2B0,0.0,0.0,1.0,6.25,-0.1,-0.25,20.78125,20.40625,20.125,20.0625,-21.8,0.0,28.0,0.0
5.08798,0x316,0.0,0.0,1.0,6.25,-0.1,-0.25,20.78125,20.40625,20.125,20.0625,-21.8,0.0,28.0,0.0
5.09472,0x220,0.0,0.0,1.0,6.25,0.26,-0.06,20.78125,20.40625,20.125,20.0625,-21.8,0.0,28.0,0.0
5.09542,0x386,0.0,0.0,1.0,6.25,0.26,-0.06,20.53125,20.71875,19.96875,19.9375,-21.8,0.0,28.0,0.0
5.09658,0x2B0,0.0,0.0,1.0,6.25,0.26,-0.06,20.53125,20.71875,19.96875,19.9375,-21.8,0.0,28.0,0.0
5.09801,0x316,0.0,0.0,1.0,6.25,0.26,-0.06,20.53125,20.71875,19.96875,19.9375,-21.8,0.0,28.0,0.0
5.10472,0x220,0.0,0.0,1.0,6.25,0.58,-0.14,20.53125,20.71875,19.96875,19.9375,-21.8,0.0,28.0,0.0
5.10658,0x2B0,0.0,0.0,1.0,6.25,0.58,-0.14,20.53125,20.71875,19.96875,19.9375,-21.8,0.0,28.0,0.0
5.10798,0x316,0.0,0.0,1.0,6.25,0.58,-0.14,20.53125,20.71875,19.96875,19.9375,-21.8,0.0,28.0,0.0
5.11471,0x220,0.0,0.0,1.0,6.25,0.67,-0.29,20.53125,20.71875,19.96875,19.9375,-21.8,0.0,28.0,0.0
5.11541,0x386,0.0,0.0,1.0,6.25,0.67,-0.29,20.75,20.5625,19.84375,19.59375,-21.8,0.0,28.0,0.0
5.11658,0x2B0,0.0,0.0,1.0,6.25,0.67,-0.29,20.75,20.5625,19.84375,19.59375,-21.8,0.0,28.0,0.0
5.11799,0x316,0.0,0.0,1.0,6.25,0.67,-0.29,20.75,20.5625,19.84375,19.59375,-21.8,0.0,25.0,0.0
5.12473,0x220,0.0,0.0,1.0,6.25,0.51,-0.25,20.75,20.5625,19.84375,19.59375,-21.8,0.0,25.0,0.0
5.12658,0x2B0,0.0,0.0,1.0,6.25,0.51,-0.25,20.75,20.5625,19.84375,19.59375,-21.8,0.0,25.0,0.0
5.12799,0x316,0.0,0.0,1.0,6.25,0.51,-0.25,20.75,20.5625,19.84375,19.59375,-21.8,0.0,22.0,0.0
5.13473,0x220,0.0,0.0,1.0,6.25,0.25,-0.18,20.75,20.5625,19.84375,19.59375,-21.8,0.0,22.0,0.0
5.13542,0x386,0.0,0.0,1.0,6.25,0.25,-0.18,20.625,20.5,19.53125,19.59375,-21.8,0.0,22.0,0.0
5.13658,0x2B0,0.0,0.0,1.0,6.25,0.25,-0.18,20.625,20.5,19.53125,19.59375,-21.8,0.0,22.0,0.0
5.1381,0x316,0.0,0.0,1.0,6.25,0.25,-0.18,20.625,20.5,19.53125,19.59375,-21.8,0.0,22.0,0.0
5.14474,0x220,0.0,0.0,1.0,6.25,0.05,-0.3,20.625,20.5,19.53125,19.59375,-21.8,0.0,22.0,0.0
5.14664,0x2B0,0.0,0.0,1.0,6.25,0.05,-0.3,20.625,20.5,19.53125,19.59375,-21.8,0.0,22.0,0.0
5.14908,0x316,0.0,0.0,1.0,6.25,0.05,-0.3,20.625,20.5,19.53125,19.59375,-21.8,0.0,20.0,0.0
5.15473,0x220,0.0,0.0,1.0,6.25,-0.1,-0.42,20.625,20.5,19.53125,19.59375,-21.8,0.0,20.0,0.0
5.15542,0x386,0.0,0.0,1.0,6.25,-0.1,-0.42,20.59375,20.5,19.75,19.65625,-21.8,0.0,20.0,0.0
5.15659,0x2B0,0.0,0.0,1.0,6.25,-0.1,-0.42,20.59375,20.5,19.75,19.65625,-22.0,8.0,20.0,0.0
5.15799,0x316,0.0,0.0,1.0,6.25,-0.1,-0.42,20.59375,20.5,19.75,19.65625,-22.0,8.0,20.0,0.0
5.16474,0x220,0.0,0.0,1.0,6.25,-0.14,-0.26,20.59375,20.5,19.75,19.65625,-22.0,8.0,20.0,0.0
5.1666,0x2B0,0.0,0.0,1.0,6.25,-0.14,-0.26,20.59375,20.5,19.75,19.65625,-22.0,8.0,20.0,0.0
5.16807,0x316,0.0,0.0,1.0,6.25,-0.14,-0.26,20.59375,20.5,19.75,19.65625,-22.0,8.0,17.0,0.0
5.17475,0x220,0.0,0.0,1.0,6.25,-0.01,0.07,20.59375,20.5,19.75,19.65625,-22.0,8.0,17.0,0.0
5.17545,0x386,0.0,0.0,1.0,6.25,-0.01,0.07,20.375,20.15625,19.9375,19.875,-22.0,8.0,17.0,0.0
5.17661,0x2B0,0.0,0.0,1.0,6.25,-0.01,0.07,20.375,20.15625,19.9375,19.875,-22.2,8.0,17.0,0.0
5.17812,0x316,0.0,0.0,1.0,6.25,-0.01,0.07,20.375,20.15625,19.9375,19.875,-22.2,8.0,17.0,0.0
5.18475,0x220,0.0,0.0,1.0,6.25,0.22,0.36,20.375,20.15625,19.9375,19.875,-22.2,8.0,17.0,0.0
5.18658,0x2B0,0.0,0.0,1.0,6.25,0.22,0.36,20.375,20.15625,19.9375,19.875,-22.4,20.0,17.0,0.0
5.18808,0x316,0.0,0.0,1.0,6.25,0.22,0.36,20.375,20.15625,19.9375,19.875,-22.4,20.0,17.0,0.0
5.19474,0x220,0.0,0.0,1.0,6.25,0.38,0.36,20.375,20.15625,19.9375,19.875,-22.4,20.0,17.0,0.0
5.19544,0x386,0.0,0.0,1.0,6.25,0.38,0.36,20.34375,20.3125,19.78125,19.9375,-22.4,20.0,17.0,0.0
5.19658,0x2B0,0.0,0.0,1.0,6.25,0.38,0.36,20.34375,20.3125,19.78125,19.9375,-22.6,20.0,17.0,0.0
5.19799,0x316,0.0,0.0,1.0,6.25,0.38,0.36,20.34375,20.3125,19.78125,19.9375,-22.6,20.0,17.0,0.0
5.20475,0x220,0.0,0.0,1.0,6.25,0.38,0.24,20.34375,20.3125,19.78125,19.9375,-22.6,20.0,17.0,0.0
5.2066,0x2B0,0.0,0.0,1.0,6.25,0.38,0.24,20.34375,20.3125,19.78125,19.9375,-22.7,12.0,17.0,0.0
5.20797,0x316,0.0,0.0,1.0,6.25,0.38,0.24,20.34375,20.3125,19.78125,19.9375,-22.7,12.0,15.0,0.0
5.21475,0x220,0.0,0.0,1.0,6.25,0.22,0.21,20.34375,20.3125,19.78125,19.9375,-22.7,12.0,15.0,0.0
5.21545,0x386,0.0,0.0,1.0,6.25,0.22,0.21,20.0625,20.125,20.15625,19.8125,-22.7,12.0,15.0,0.0
5.2166,0x2B0,0.0,0.0,1.0,6.25,0.22,0.21,20.0625,20.125,20.15625,19.8125,-22.9,12.0,15.0,0.0
5.218,0x316,0.0,0.0,1.0,6.25,0.22,0.21,20.0625,20.125,20.15625,19.8125,-22.9,12.0,15.0,0.0
5.22476,0x220,0.0,0.0,1.0,6.25,-0.01,0.31,20.0625,20.125,20.15625,19.8125,-22.9,12.0,15.0,0.0
5.22662,0x2B0,0.0,0.0,1.0,6.25,-0.01,0.31,20.0625,20.125,20.15625,19.8125,-22.9,8.0,15.0,0.0
5.228,0x316,0.0,0.0,1.0,6.25,-0.01,0.31,20.0625,20.125,20.15625,19.8125,-22.9,8.0,15.0,0.0
5.23475,0x220,0.0,0.0,1.0,6.25,-0.26,0.43,20.0625,20.125,20.15625,19.8125,-22.9,8.0,15.0,0.0
5.23545,0x386,0.0,0.0,1.0,6.25,-0.26,0.43,20.125,20.125,20.15625,19.84375,-22.9,8.0,15.0,0.0
5.2366,0x2B0,0.0,0.0,1.0,6.25,-0.26,0.43,20.125,20.125,20.15625,19.84375,-23.1,8.0,15.0,0.0
5.23813,0x316,0.0,0.0,1.0,6.25,-0.26,0.43,20.125,20.125,20.15625,19.84375,-23.1,8.0,15.0,0.0
5.24476,0x220,0.0,0.0,1.0,6.25,-0.53,0.49,20.125,20.125,20.15625,19.84375,-23.1,8.0,15.0,0.0
5.2466,0x2B0,0.0,0.0,1.0,6.25,-0.53,0.49,20.125,20.125,20.15625,19.84375,-23.1,8.0,15.0,0.0
5.24878,0x316,0.0,0.0,1.0,6.25,-0.53,0.49,20.125,20.125,20.15625,19.84375,-23.1,8.0,15.0,0.0
5.25476,0x220,0.0,0.0,1.0,6.25,-0.78,0.51,20.125,20.125,20.15625,19.84375,-23.1,8.0,15.0,0.0
5.25547,0x386,0.0,0.0,1.0,6.25,-0.78,0.51,20.1875,20.09375,20.28125,20.03125,-23.1,8.0,15.0,0.0
5.25659,0x2B0,0.0,0.0,1.0,6.25,-0.78,0.51,20.1875,20.09375,20.28125,20.03125,-23.2,0.0,15.0,0.0
5.25799,0x316,0.0,0.0,1.0,6.25,-0.78,0.51,20.1875,20.09375,20.28125,20.03125,-23.2,0.0,15.0,0.0
5.26478,0x220,0.0,0.0,1.0,6.25,-0.93,0.59,20.1875,20.09375,20.28125,20.03125,-23.2,0.0,15.0,0.0
5.26654,0x2B0,0.0,0.0,1.0,6.25,-0.93,0.59,20.1875,20.09375,20.28125,20.03125,-23.2,0.0,15.0,0.0
5.26809,0x316,0.0,0.0,1.0,6.25,-0.93,0.59,20.1875,20.09375,20.28125,20.03125,-23.2,0.0,20.0,0.0
5.27477,0x220,0.0,0.0,1.0,6.25,-0.97,0.75,20.1875,20.09375,20.28125,20.03125,-23.2,0.0,20.0,0.0
5.27546,0x386,0.0,0.0,1.0,6.25,-0.97,0.75,20.0625,20.0625,20.1875,20.125,-23.2,0.0,20.0,0.0
5.27654,0x2B0,0.0,0.0,1.0,6.25,-0.97,0.75,20.0625,20.0625,20.1875,20.125,-23.2,0.0,20.0,0.0
5.27822,0x316,0.0,0.0,1.0,6.25,-0.97,0.75,20.0625,20.0625,20.1875,20.125,-23.2,0.0,22.0,0.0
5.28478,0x220,0.0,0.0,1.0,6.25,-0.98,0.77,20.0625,20.0625,20.1875,20.125,-23.2,0.0,22.0,0.0
5.28654,0x2B0,0.0,0.0,1.0,6.25,-0.98,0.77,20.0625,20.0625,20.1875,20.125,-23.2,0.0,22.0,0.0
5.28798,0x316,0.0,0.0,1.0,6.25,-0.98,0.77,20.0625,20.0625,20.1875,20.125,-23.2,0.0,22.0,0.0
5.29478,0x220,0.0,0.0,1.0,6.25,-0.98,0.77,20.0625,20.0625,20.1875,20.125,-23.2,0.0,22.0,0.0
5.29548,0x386,0.0,0.0,1.0,6.25,-0.98,0.77,20.15625,20.21875,19.875,20.0625,-23.2,0.0,22.0,0.0
5.29656,0x2B0,0.0,0.0,1.0,6.25,-0.98,0.77,20.15625,20.21875,19.875,20.0625,-23.2,0.0,22.0,0.0
5.29798,0x316,0.0,0.0,1.0,6.25,-0.98,0.77,20.15625,20.21875,19.875,20.0625,-23.2,0.0,25.0,0.0
5.30479,0x220,0.0,0.0,1.0,6.25,-1.01,0.54,20.15625,20.21875,19.875,20.0625,-23.2,0.0,25.0,0.0
5.30654,0x2B0,0.0,0.0,1.0,6.25,-1.01,0.54,20.15625,20.21875,19.875,20.0625,-23.2,0.0,25.0,0.0
5.30797,0x316,0.0,0.0,1.0,6.25,-1.01,0.54,20.15625,20.21875,19.875,20.0625,-23.2,0.0,25.0,0.0
5.31479,0x220,0.0,0.0,1.0,6.25,-1.01,0.54,20.15625,20.21875,19.875,20.0625,-23.2,0.0,25.0,0.0
5.3155,0x386,0.0,0.0,1.0,6.25,-1.01,0.54,20.21875,19.9375,19.71875,19.90625,-23.2,0.0,25.0,0.0
5.31653,0x2B0,0.0,0.0,1.0,6.25,-1.01,0.54,20.21875,19.9375,19.71875,19.90625,-23.2,0.0,25.0,0.0
5.31806,0x316,0.0,0.0,1.0,6.25,-1.01,0.54,20.21875,19.9375,19.71875,19.90625,-23.2,0.0,25.0,0.0
5.32479,0x220,0.0,0.0,1.0,6.25,-0.94,0.81,20.21875,19.9375,19.71875,19.90625,-23.2,0.0,25.0,0.0
5.3266,0x2B0,0.0,0.0,1.0,6.25,-0.94,0.81,20.21875,19.9375,19.71875,19.90625,-23.2,0.0,25.0,0.0
5.32797,0x316,0.0,0.0,1.0,6.25,-0.94,0.81,20.21875,19.9375,19.71875,19.90625,-23.2,0.0,28.0,0.0
5.3348,0x220,0.0,0.0,1.0,6.25,-0.94,0.81,20.21875,19.9375,19.71875,19.90625,-23.2,0.0,28.0,0.0
5.33549,0x386,0.0,0.0,1.0,6.25,-0.94,0.81,20.3125,20.21875,19.53125,19.75,-23.2,0.0,28.0,0.0
5.33657,0x2B0,0.0,0.0,1.0,6.25,-0.94,0.81,20.3125,20.21875,19.53125,19.75,-23.0,8.0,28.0,0.0
5.33807,0x316,0.0,0.0,1.0,6.25,-0.94,0.81,20.3125,20.21875,19.53125,19.75,-23.0,8.0,28.0,0.0
5.3448,0x220,0.0,0.0,1.0,6.25,-0.91,0.55,20.3125,20.21875,19.53125,19.75,-23.0,8.0,28.0,0.0
5.34656,0x2B0,0.0,0.0,1.0,6.25,-0.91,0.55,20.3125,20.21875,19.53125,19.75,-22.7,24.0,28.0,0.0
5.34915,0x316,0.0,0.0,1.0,6.25,-0.91,0.55,20.3125,20.21875,19.53125,19.75,-22.7,24.0,28.0,0.0
5.35481,0x220,0.0,0.0,1.0,6.25,-0.91,0.55,20.3125,20.21875,19.53125,19.75,-22.7,24.0,28.0,0.0
5.3555,0x386,0.0,0.0,1.0,6.25,-0.91,0.55,20.28125,20.0,19.46875,19.875,-22.7,24.0,28.0,0.0
5.35655,0x2B0,0.0,0.0,1.0,6.25,-0.91,0.55,20.28125,20.0,19.46875,19.875,-22.6,20.0,28.0,0.0
5.35805,0x316,0.0,0.0,1.0,6.25,-0.91,0.55,20.28125,20.0,19.46875,19.875,-22.6,20.0,28.0,0.0
5.36481,0x220,0.0,0.0,1.0,6.25,-1.23,0.82,20.28125,20.0,19.46875,19.875,-22.6,20.0,28.0,0.0
5.36654,0x2B0,0.0,0.0,1.0,6.25,-1.23,0.82,20.28125,20.0,19.46875,19.875,-22.3,20.0,28.0,0.0
5.36807,0x316,0.0,0.0,1.0,6.25,-1.23,0.82,20.28125,20.0,19.46875,19.875,-22.3,20.0,28.0,0.0
5.37481,0x220,0.0,0.0,1.0,6.25,-1.23,0.82,20.28125,20.0,19.46875,19.875,-22.3,20.0,28.0,0.0
5.37551,0x386,0.0,0.0,1.0,6.25,-1.23,0.82,20.21875,20.3125,19.6875,19.875,-22.3,20.0,28.0,0.0
5.37658,0x2B0,0.0,0.0,1.0,6.25,-1.23,0.82,20.21875,20.3125,19.6875,19.875,-22.2,20.0,28.0,0.0
5.37816,0x316,0.0,0.0,1.0,6.25,-1.23,0.82,20.21875,20.3125,19.6875,19.875,-22.2,20.0,28.0,0.0
5.38481,0x220,0.0,0.0,1.0,6.25,-0.71,1.05,20.21875,20.3125,19.6875,19.875,-22.2,20.0,28.0,0.0
5.38661,0x2B0,0.0,0.0,1.0,6.25,-0.71,1.05,20.21875,20.3125,19.6875,19.875,-22.2,0.0,28.0,0.0
5.38807,0x316,0.0,0.0,1.0,6.25,-0.71,1.05,20.21875,20.3125,19.6875,19.875,-22.2,0.0,28.0,0.0
5.39481,0x220,0.0,0.0,1.0,6.25,-0.71,1.05,20.21875,20.3125,19.6875,19.875,-22.2,0.0,28.0,0.0
5.39552,0x386,0.0,0.0,1.0,6.25,-0.71,1.05,20.34375,19.84375,19.71875,19.9375,-22.2,0.0,28.0,0.0
5.3966,0x2B0,0.0,0.0,1.0,6.25,-0.71,1.05,20.34375,19.84375,19.71875,19.9375,-21.9,12.0,28.0,0.0
5.39805,0x316,0.0,0.0,1.0,6.25,-0.71,1.05,20.34375,19.84375,19.71875,19.9375,-21.9,12.0,30.0,0.0
5.40481,0x220,0.0,0.0,1.0,6.25,0.34,1.16,20.34375,19.84375,19.71875,19.9375,-21.9,12.0,30.0,0.0
5.4066,0x2B0,0.0,0.0,1.0,6.25,0.34,1.16,20.34375,19.84375,19.71875,19.9375,-21.9,12.0,30.0,0.0
5.40797,0x316,0.0,0.0,1.0,6.25,0.34,1.16,20.34375,19.84375,19.71875,19.9375,-21.9,12.0,33.0,0.0
5.41482,0x220,0.0,0.0,1.0,6.25,0.34,1.16,20.34375,19.84375,19.71875,19.9375,-21.9,12.0,33.0,0.0
5.41551,0x386,0.0,0.0,1.0,6.25,0.34,1.16,20.25,20.375,19.5625,19.75,-21.9,12.0,33.0,0.0
5.41654,0x2B0,0.0,0.0,1.0,6.25,0.34,1.16,20.25,20.375,19.5625,19.75,-21.9,0.0,33.0,0.0
5.418,0x316,0.0,0.0,1.0,6.25,0.34,1.16,20.25,20.375,19.5625,19.75,-21.9,0.0,35.0,0.0
5.42482,0x220,0.0,0.0,1.0,6.25,1.13,0.96,20.25,20.375,19.5625,19.75,-21.9,0.0,35.0,0.0
5.42657,0x2B0,0.0,0.0,1.0,6.25,1.13,0.96,20.25,20.375,19.5625,19.75,-21.8,0.0,35.0,0.0
5.42799,0x316,0.0,0.0,1.0,6.25,1.13,0.96,20.25,20.375,19.5625,19.75,-21.8,0.0,38.0,0.0
5.43483,0x220,0.0,0.0,1.0,6.25,1.13,0.96,20.25,20.375,19.5625,19.75,-21.8,0.0,38.0,0.0
5.43552,0x386,0.0,0.0,1.0,6.25,1.13,0.96,20.09375,20.125,19.09375,19.78125,-21.8,0.0,38.0,0.0
5.43661,0x2B0,0.0,0.0,1.0,6.25,1.13,0.96,20.09375,20.125,19.09375,19.78125,-21.8,0.0,38.0,0.0
5.43818,0x316,0.0,0.0,1.0,6.25,1.13,0.96,20.09375,20.125,19.09375,19.78125,-21.8,0.0,40.0,0.0
5.44484,0x220,0.0,0.0,1.0,6.25,1.06,-0.1,20.09375,20.125,19.09375,19.78125,-21.8,0.0,40.0,0.0
5.44652,0x2B0,0.0,0.0,1.0,6.25,1.06,-0.1,20.09375,20.125,19.09375,19.78125,-21.8,0.0,40.0,0.0
5.44879,0x316,0.0,0.0,1.0,6.25,1.06,-0.1,20.09375,20.125,19.09375,19.78125,-21.8,0.0,40.0,0.0
5.45483,0x220,0.0,0.0,1.0,6.25,1.15,0.11,20.09375,20.125,19.09375,19.78125,-21.8,0.0,40.0,0.0
5.45553,0x386,0.0,0.0,1.0,6.25,1.15,0.11,20.25,20.1875,19.0625,19.84375,-21.8,0.0,40.0,0.0
5.45652,0x2B0,0.0,0.0,1.0,6.25,1.15,0.11,20.25,20.1875,19.0625,19.84375,-21.8,0.0,40.0,0.0
5.45802,0x316,0.0,0.0,1.0,6.25,1.15,0.11,20.25,20.1875,19.0625,19.84375,-21.8,0.0,40.0,0.0
5.46484,0x220,0.0,0.0,1.0,6.25,1.47,0.29,20.25,20.1875,19.0625,19.84375,-21.8,0.0,40.0,0.0
5.46654,0x2B0,0.0,0.0,1.0,6.25,1.47,0.29,20.25,20.1875,19.0625,19.84375,-21.8,0.0,40.0,0.0
5.46806,0x316,0.0,0.0,1.0,6.25,1.47,0.29,20.25,20.1875,19.0625,19.84375,-21.8,0.0,43.0,0.0
5.47484,0x220,0.0,0.0,1.0,6.25,1.47,0.29,20.25,20.1875,19.0625,19.84375,-21.8,0.0,43.0,0.0
5.47554,0x386,0.0,0.0,1.0,6.25,1.47,0.29,20.03125,19.90625,19.46875,19.75,-21.8,0.0,43.0,0.0
5.47654,0x2B0,0.0,0.0,1.0,6.25,1.47,0.29,20.03125,19.90625,19.46875,19.75,-21.8,0.0,43.0,0.0
5.47831,0x316,0.0,0.0,1.0,6.25,1.47,0.29,20.03125,19.90625,19.46875,19.75,-21.8,0.0,43.0,0.0
5.48485,0x220,0.0,0.0,1.0,6.25,1.93,-0.52,20.03125,19.90625,19.46875,19.75,-21.8,0.0,43.0,0.0
5.48654,0x2B0,0.0,0.0,1.0,6.25,1.93,-0.52,20.03125,19.90625,19.46875,19.75,-21.8,0.0,43.0,0.0
5.488,0x316,0.0,0.0,1.0,6.25,1.93,-0.52,20.03125,19.90625,19.46875,19.75,-21.8,0.0,43.0,0.0
5.49485,0x220,0.0,0.0,1.0,6.25,1.93,-0.52,20.03125,19.90625,19.46875,19.75,-21.8,0.0,43.0,0.0
5.49555,0x386,0.0,0.0,1.0,6.25,1.93,-0.52,20.25,20.28125,18.90625,19.4375,-21.8,0.0,43.0,0.0
5.49663,0x2B0,0.0,0.0,1.0,6.25,1.93,-0.52,20.25,20.28125,18.90625,19.4375,-21.8,0.0,43.0,0.0
5.49802,0x316,0.0,0.0,1.0,6.25,1.93,-0.52,20.25,20.28125,18.90625,19.4375,-21.8,0.0,43.0,0.0
5.50485,0x220,0.0,0.0,1.0,6.25,1.81,-0.14,20.25,20.28125,18.90625,19.4375,-21.8,0.0,43.0,0.0
5.50654,0x2B0,0.0,0.0,1.0,6.25,1.81,-0.14,20.25,20.28125,18.90625,19.4375,-21.8,0.0,43.0,0.0
5.50797,0x316,0.0,0.0,1.0,6.25,1.81,-0.14,20.25,20.28125,18.90625,19.4375,-21.8,0.0,43.0,0.0
5.51485,0x220,0.0,0.0,1.0,6.25,1.81,-0.14,20.25,20.28125,18.90625,19.4375,-21.8,0.0,43.0,0.0
5.51556,0x386,0.0,0.0,1.0,6.25,1.81,-0.14,20.03125,20.03125,18.96875,19.1875,-21.8,0.0,43.0,0.0
5.5166,0x2B0,0.0,0.0,1.0,6.25,1.81,-0.14,20.03125,20.03125,18.96875,19.1875,-21.8,0.0,43.0,0.0
5.51809,0x316,0.0,0.0,1.0,6.25,1.81,-0.14,20.03125,20.03125,18.96875,19.1875,-21.8,0.0,45.0,0.0
5.52486,0x220,0.0,0.0,1.0,6.25,2.25,-0.71,20.03125,20.03125,18.96875,19.1875,-21.8,0.0,45.0,0.0
5.52657,0x2B0,0.0,0.0,1.0,6.25,2.25,-0.71,20.03125,20.03125,18.96875,19.1875,-22.0,8.0,45.0,0.0
5.52799,0x316,0.0,0.0,1.0,6.25,2.25,-0.71,20.03125,20.03125,18.96875,19.1875,-22.0,8.0,45.0,0.0
5.53486,0x220,0.0,0.0,1.0,6.25,2.25,-0.71,20.03125,20.03125,18.96875,19.1875,-22.0,8.0,45.0,0.0
5.53556,0x386,0.0,0.0,1.0,6.25,2.25,-0.71,19.84375,19.9375,19.25,19.21875,-22.0,8.0,45.0,0.0
5.53663,0x2B0,0.0,0.0,1.0,6.25,2.25,-0.71,19.84375,19.9375,19.25,19.21875,-22.0,8.0,45.0,0.0
5.53813,0x316,0.0,0.0,1.0,6.25,2.25,-0.71,19.84375,19.9375,19.25,19.21875,-22.0,8.0,50.0,0.0
5.54486,0x220,0.0,0.0,1.0,6.25,2.73,-1.51,19.84375,19.9375,19.25,19.21875,-22.0,8.0,50.0,0.0
5.54658,0x2B0,0.0,0.0,1.0,6.25,2.73,-1.51,19.84375,19.9375,19.25,19.21875,-22.2,8.0,50.0,0.0
5.54874,0x316,0.0,0.0,1.0,6.25,2.73,-1.51,19.84375,19.9375,19.25,19.21875,-22.2,8.0,58.0,0.0
5.55487,0x220,0.0,0.0,1.0,6.25,2.73,-1.51,19.84375,19.9375,19.25,19.21875,-22.2,8.0,58.0,0.0
5.55558,0x386,0.0,0.0,1.0,6.25,2.73,-1.51,20.21875,20.59375,19.3125,19.65625,-22.2,8.0,58.0,0.0
5.55658,0x2B0,0.0,0.0,1.0,6.25,2.73,-1.51,20.21875,20.59375,19.3125,19.65625,-22.3,12.0,58.0,0.0
5.55807,0x316,0.0,0.0,1.0,6.25,2.73,-1.51,20.21875,20.59375,19.3125,19.65625,-22.3,12.0,58.0,0.0
5.56487,0x220,0.0,0.0,1.0,6.25,2.64,-1.09,20.21875,20.59375,19.3125,19.65625,-22.3,12.0,58.0,0.0
5.56654,0x2B0,0.0,0.0,1.0,6.25,2.64,-1.09,20.21875,20.59375,19.3125,19.65625,-22.3,0.0,58.0,0.0
5.5681,0x316,0.0,0.0,1.0,6.25,2.64,-1.09,20.21875,20.59375,19.3125,19.65625,-22.3,0.0,73.0,0.0
5.57486,0x220,0.0,0.0,1.0,6.25,2.64,-1.09,20.21875,20.59375,19.3125,19.65625,-22.3,0.0,73.0,0.0
5.57556,0x386,0.0,0.0,1.0,6.25,2.64,-1.09,19.5625,19.59375,19.5625,19.3125,-22.3,0.0,73.0,0.0
5.57655,0x2B0,0.0,0.0,1.0,6.25,2.64,-1.09,19.5625,19.59375,19.5625,19.3125,-22.6,12.0,73.0,0.0
5.5781,0x316,0.0,0.0,1.0,6.25,2.64,-1.09,19.5625,19.59375,19.5625,19.3125,-22.6,12.0,84.0,0.0
5.58486,0x220,0.0,0.0,1.0,6.25,2.27,-1.1,19.5625,19.59375,19.5625,19.3125,-22.6,12.0,84.0,0.0
5.58658,0x2B0,0.0,0.0,1.0,6.25,2.27,-1.1,19.5625,19.59375,19.5625,19.3125,-22.6,12.0,84.0,0.0
5.58799,0x316,0.0,0.0,1.0,6.25,2.27,-1.1,19.5625,19.59375,19.5625,19.3125,-22.6,12.0,89.0,0.0
5.59487,0x220,0.0,0.0,1.0,6.25,1.87,-1.31,19.5625,19.59375,19.5625,19.3125,-22.6,12.0,89.0,0.0
5.59557,0x386,0.0,0.0,1.0,6.25,1.87,-1.31,20.0,20.0625,19.6875,19.0,-22.6,12.0,89.0,0.0
5.59665,0x2B0,0.0,0.0,1.0,6.25,1.87,-1.31,20.0,20.0625,19.6875,19.0,-22.8,8.0,89.0,0.0
5.59807,0x316,0.0,0.0,1.0,6.25,1.87,-1.31,20.0,20.0625,19.6875,19.0,-22.8,8.0,89.0,0.0
5.60487,0x220,0.0,0.0,1.0,6.25,1.68,-1.7,20.0,20.0625,19.6875,19.0,-22.8,8.0,89.0,0.0
5.60659,0x2B0,0.0,0.0,1.0,6.25,1.68,-1.7,20.0,20.0625,19.6875,19.0,-22.8,8.0,89.0,0.0
5.60797,0x316,0.0,0.0,1.0,6.25,1.68,-1.7,20.0,20.0625,19.6875,19.0,-22.8,8.0,89.0,0.0
5.61488,0x220,0.0,0.0,1.0,6.25,1.68,-2.19,20.0,20.0625,19.6875,19.0,-22.8,8.0,89.0,0.0
5.61557,0x386,0.0,0.0,1.0,6.25,1.68,-2.19,19.75,19.84375,19.59375,19.53125,-22.8,8.0,89.0,0.0
5.61658,0x2B0,0.0,0.0,1.0,6.25,1.68,-2.19,19.75,19.84375,19.59375,19.53125,-22.9,0.0,89.0,0.0
5.61798,0x316,0.0,0.0,1.0,6.25,1.68,-2.19,19.75,19.84375,19.59375,19.53125,-22.9,0.0,84.0,0.0
5.62487,0x220,0.0,0.0,1.0,6.25,1.64,-2.43,19.75,19.84375,19.59375,19.53125,-22.9,0.0,84.0,0.0
5.62653,0x2B0,0.0,0.0,1.0,6.25,1.64,-2.43,19.75,19.84375,19.59375,19.53125,-22.9,0.0,84.0,0.0
5.62794,0x316,0.0,0.0,1.0,6.25,1.64,-2.43,19.75,19.84375,19.59375,19.53125,-22.9,0.0,73.0,0.0
5.63487,0x220,0.0,0.0,1.0,6.25,1.37,-2.19,19.75,19.84375,19.59375,19.53125,-22.9,0.0,73.0,0.0
5.63557,0x386,0.0,0.0,1.0,6.25,1.37,-2.19,19.9375,19.78125,19.78125,19.625,-22.9,0.0,73.0,0.0
5.63665,0x2B0,0.0,0.0,1.0,6.25,1.37,-2.19,19.9375,19.78125,19.78125,19.625,-22.9,0.0,73.0,0.0
5.63818,0x316,0.0,0.0,1.0,6.25,1.37,-2.19,19.9375,19.78125,19.78125,19.625,-22.9,0.0,61.0,0.0
5.64488,0x220,0.0,0.0,1.0,6.25,0.9,-1.63,19.9375,19.78125,19.78125,19.625,-22.9,0.0,61.0,0.0
5.64657,0x2B0,0.0,0.0,1.0,6.25,0.9,-1.63,19.9375,19.78125,19.78125,19.625,-23.2,12.0,61.0,0.0
5.64894,0x316,0.0,0.0,1.0,6.25,0.9,-1.63,19.9375,19.78125,19.78125,19.625,-23.2,12.0,48.0,0.0
5.65487,0x220,0.0,0.0,1.0,6.25,0.41,-1.25,19.9375,19.78125,19.78125,19.625,-23.2,12.0,48.0,0.0
5.65557,0x386,0.0,0.0,1.0,6.25,0.41,-1.25,19.75,19.875,19.5,19.5,-23.2,12.0,48.0,0.0
5.65656,0x2B0,0.0,0.0,1.0,6.25,0.41,-1.25,19.75,19.875,19.5,19.5,-23.2,12.0,48.0,0.0
5.65798,0x316,0.0,0.0,1.0,6.25,0.41,-1.25,19.75,19.875,19.5,19.5,-23.2,12.0,48.0,0.0
5.66487,0x220,0.0,0.0,1.0,6.25,0.04,-1.26,19.75,19.875,19.5,19.5,-23.2,12.0,48.0,0.0
5.66659,0x2B0,0.0,0.0,1.0,6.25,0.04,-1.26,19.75,19.875,19.5,19.5,-23.3,0.0,48.0,0.0
5.668,0x316,0.0,0.0,1.0,6.25,0.04,-1.26,19.75,19.875,19.5,19.5,-23.3,0.0,30.0,0.0
5.67487,0x220,0.0,0.0,1.0,6.25,-0.26,-1.47,19.75,19.875,19.5,19.5,-23.3,0.0,30.0,0.0
5.67556,0x386,0.0,0.0,1.0,6.25,-0.26,-1.47,20.0625,19.8125,19.59375,19.28125,-23.3,0.0,30.0,0.0
5.67658,0x2B0,0.0,0.0,1.0,6.25,-0.26,-1.47,20.0625,19.8125,19.59375,19.28125,-23.3,0.0,30.0,0.0
5.67825,0x316,0.0,0.0,1.0,6.25,-0.26,-1.47,20.0625,19.8125,19.59375,19.28125,-23.3,0.0,25.0,0.0
5.68488,0x220,0.0,0.0,1.0,6.25,-0.58,-1.26,20.0625,19.8125,19.59375,19.28125,-23.3,0.0,25.0,0.0
5.68658,0x2B0,0.0,0.0,1.0,6.25,-0.58,-1.26,20.0625,19.8125,19.59375,19.28125,-23.3,0.0,25.0,0.0
5.688,0x316,0.0,0.0,1.0,6.25,-0.58,-1.26,20.0625,19.8125,19.59375,19.28125,-23.3,0.0,22.0,0.0
5.69488,0x220,0.0,0.0,1.0,6.25,-0.87,-0.52,20.0625,19.8125,19.59375,19.28125,-23.3,0.0,22.0,0.0
5.69558,0x386,0.0,0.0,1.0,6.25,-0.87,-0.52,19.875,19.78125,19.71875,19.1875,-23.3,0.0,22.0,0.0
5.69664,0x2B0,0.0,0.0,1.0,6.25,-0.87,-0.52,19.875,19.78125,19.71875,19.1875,-23.5,8.0,22.0,0.0
5.69799,0x316,0.0,0.0,1.0,6.25,-0.87,-0.52,19.875,19.78125,19.71875,19.1875,-23.5,8.0,22.0,0.0
5.70488,0x220,0.0,0.0,1.0,6.25,-1.2,0.22,19.875,19.78125,19.71875,19.1875,-23.5,8.0,22.0,0.0
5.70658,0x2B0,0.0,0.0,1.0,6.25,-1.2,0.22,19.875,19.78125,19.71875,19.1875,-23.5,8.0,22.0,0.0
5.70797,0x316,0.0,0.0,1.0,6.25,-1.2,0.22,19.875,19.78125,19.71875,19.1875,-23.5,8.0,25.0,0.0
5.71487,0x220,0.0,0.0,1.0,6.25,-1.57,0.45,19.875,19.78125,19.71875,19.1875,-23.5,8.0,25.0,0.0
5.71557,0x386,0.0,0.0,1.0,6.25,-1.57,0.45,19.8125,19.59375,19.625,19.09375,-23.5,8.0,25.0,0.0
5.71657,0x2B0,0.0,0.0,1.0,6.25,-1.57,0.45,19.8125,19.59375,19.625,19.09375,-23.5,0.0,25.0,0.0
5.71799,0x316,0.0,0.0,1.0,6.25,-1.57,0.45,19.8125,19.59375,19.625,19.09375,-23.5,0.0,33.0,0.0
5.72487,0x220,0.0,0.0,1.0,6.25,-1.94,0.31,19.8125,19.59375,19.625,19.09375,-23.5,0.0,33.0,0.0
5.72658,0x2B0,0.0,0.0,1.0,6.25,-1.94,0.31,19.8125,19.59375,19.625,19.09375,-23.5,0.0,33.0,0.0
5.72807,0x316,0.0,0.0,1.0,6.25,-1.94,0.31,19.8125,19.59375,19.625,19.09375,-23.5,0.0,43.0,0.0
5.73487,0x220,0.0,0.0,1.0,6.25,-2.18,0.2,19.8125,19.59375,19.625,19.09375,-23.5,0.0,43.0,0.0
5.73557,0x386,0.0,0.0,1.0,6.25,-2.18,0.2,20.0,19.6875,19.3125,19.15625,-23.5,0.0,43.0,0.0
5.73665,0x2B0,0.0,0.0,1.0,6.25,-2.18,0.2,20.0,19.6875,19.3125,19.15625,-23.5,0.0,43.0,0.0
5.73806,0x316,0.0,0.0,1.0,6.25,-2.18,0.2,20.0,19.6875,19.3125,19.15625,-23.5,0.0,53.0,0.0
5.74487,0x220,0.0,0.0,1.0,6.25,-2.15,0.35,20.0,19.6875,19.3125,19.15625,-23.5,0.0,53.0,0.0
5.74659,0x2B0,0.0,0.0,1.0,6.25,-2.15,0.35,20.0,19.6875,19.3125,19.15625,-23.5,0.0,53.0,0.0
5.74876,0x316,0.0,0.0,1.0,6.25,-2.15,0.35,20.0,19.6875,19.3125,19.15625,-23.5,0.0,66.0,0.0
5.75488,0x220,0.0,0.0,1.0,6.25,-1.9,0.54,20.0,19.6875,19.3125,19.15625,-23.5,0.0,66.0,0.0
5.75558,0x386,0.0,0.0,1.0,6.25,-1.9,0.54,19.8125,19.5625,19.125,18.75,-23.5,0.0,66.0,0.0
5.75657,0x2B0,0.0,0.0,1.0,6.25,-1.9,0.54,19.8125,19.5625,19.125,18.75,-23.5,0.0,66.0,0.0
5.75798,0x316,0.0,0.0,1.0,6.25,-1.9,0.54,19.8125,19.5625,19.125,18.75,-23.5,0.0,66.0,0.0
5.76488,0x220,0.0,0.0,1.0,6.25,-1.72,0.61,19.8125,19.5625,19.125,18.75,-23.5,0.0,66.0,0.0
5.76657,0x2B0,0.0,0.0,1.0,6.25,-1.72,0.61,19.8125,19.5625,19.125,18.75,-23.5,0.0,66.0,0.0
5.76813,0x316,0.0,0.0,1.0,6.25,-1.72,0.61,19.8125,19.5625,19.125,18.75,-23.5,0.0,86.0,0.0
5.77487,0x220,0.0,0.0,1.0,6.25,-1.64,0.67,19.8125,19.5625,19.125,18.75,-23.5,0.0,86.0,0.0
5.77557,0x386,0.0,0.0,1.0,6.25,-1.64,0.67,19.96875,19.59375,18.78125,19.03125,-23.5,0.0,86.0,0.0
5.77657,0x2B0,0.0,0.0,1.0,6.25,-1.64,0.67,19.96875,19.59375,18.78125,19.03125,-23.5,0.0,86.0,0.0
5.77816,0x316,0.0,0.0,1.0,6.25,-1.64,0.67,19.96875,19.59375,18.78125,19.03125,-23.5,0.0,91.0,0.0
5.78488,0x220,0.0,0.0,1.0,6.25,-1.57,0.89,19.96875,19.59375,18.78125,19.03125,-23.5,0.0,91.0,0.0
5.78658,0x2B0,0.0,0.0,1.0,6.25,-1.57,0.89,19.96875,19.59375,18.78125,19.03125,-23.5,0.0,91.0,0.0
5.78798,0x316,0.0,0.0,1.0,6.25,-1.57,0.89,19.96875,19.59375,18.78125,19.03125,-23.5,0.0,91.0,0.0
5.79488,0x220,0.0,0.0,1.0,6.25,-1.43,1.06,19.96875,19.59375,18.78125,19.03125,-23.5,0.0,91.0,0.0
5.79558,0x386,0.0,0.0,1.0,6.25,-1.43,1.06,19.75,19.53125,19.09375,19.15625,-23.5,0.0,91.0,0.0
5.79666,0x2B0,0.0,0.0,1.0,6.25,-1.43,1.06,19.75,19.53125,19.09375,19.15625,-23.5,0.0,91.0,0.0
5.79798,0x316,0.0,0.0,1.0,6.25,-1.43,1.06,19.75,19.53125,19.09375,19.15625,-23.5,0.0,89.0,0.0
5.80488,0x220,0.0,0.0,1.0,6.25,-1.26,0.96,19.75,19.53125,19.09375,19.15625,-23.5,0.0,89.0,0.0
5.80656,0x2B0,0.0,0.0,1.0,6.25,-1.26,0.96,19.75,19.53125,19.09375,19.15625,-23.7,8.0,89.0,0.0
5.80799,0x316,0.0,0.0,1.0,6.25,-1.26,0.96,19.75,19.53125,19.09375,19.15625,-23.7,8.0,81.0,0.0
5.81488,0x220,0.0,0.0,1.0,6.25,-1.17,0.75,19.75,19.53125,19.09375,19.15625,-23.7,8.0,81.0,0.0
5.81557,0x386,0.0,0.0,1.0,6.25,-1.17,0.75,19.6875,19.53125,19.09375,18.9375,-23.7,8.0,81.0,0.0
5.81658,0x2B0,0.0,0.0,1.0,6.25,-1.17,0.75,19.6875,19.53125,19.09375,18.9375,-23.7,8.0,81.0,0.0
5.81805,0x316,0.0,0.0,1.0,6.25,-1.17,0.75,19.6875,19.53125,19.09375,18.9375,-23.7,8.0,71.0,0.0
5.82487,0x220,0.0,0.0,1.0,6.25,-1.2,0.77,19.6875,19.53125,19.09375,18.9375,-23.7,8.0,71.0,0.0
5.82656,0x2B0,0.0,0.0,1.0,6.25,-1.2,0.77,19.6875,19.53125,19.09375,18.9375,-23.9,8.0,71.0,0.0
5.82794,0x316,0.0,0.0,1.0,6.25,-1.2,0.77,19.6875,19.53125,19.09375,18.9375,-23.9,8.0,58.0,0.0
5.83487,0x220,0.0,0.0,1.0,6.25,-1.26,1.06,19.6875,19.53125,19.09375,18.9375,-23.9,8.0,58.0,0.0
5.83557,0x386,0.0,0.0,1.0,6.25,-1.26,1.06,19.53125,19.46875,19.125,19.125,-23.9,8.0,58.0,0.0
5.83665,0x2B0,0.0,0.0,1.0,6.25,-1.26,1.06,19.53125,19.46875,19.125,19.125,-24.1,20.0,58.0,0.0
5.83804,0x316,0.0,0.0,1.0,6.25,-1.26,1.06,19.53125,19.46875,19.125,19.125,-24.1,20.0,48.0,0.0
5.84488,0x220,0.0,0.0,1.0,6.25,-1.23,1.3,19.53125,19.46875,19.125,19.125,-24.1,20.0,48.0,0.0
5.84656,0x2B0,0.0,0.0,1.0,6.25,-1.23,1.3,19.53125,19.46875,19.125,19.125,-24.3,20.0,48.0,0.0
5.84898,0x316,0.0,0.0,1.0,6.25,-1.23,1.3,19.53125,19.46875,19.125,19.125,-24.3,20.0,40.0,0.0
5.85487,0x220,0.0,0.0,1.0,6.25,-1.05,1.1,19.53125,19.46875,19.125,19.125,-24.3,20.0,40.0,0.0
5.85557,0x386,0.0,0.0,1.0,6.25,-1.05,1.1,19.6875,19.4375,19.03125,19.375,-24.3,20.0,40.0,0.0
5.85655,0x2B0,0.0,0.0,1.0,6.25,-1.05,1.1,19.6875,19.4375,19.03125,19.375,-24.3,8.0,40.0,0.0
5.85805,0x316,0.0,0.0,1.0,6.25,-1.05,1.1,19.6875,19.4375,19.03125,19.375,-24.3,8.0,40.0,0.0
5.86488,0x220,0.0,0.0,1.0,6.25,-0.78,0.7,19.6875,19.4375,19.03125,19.375,-24.3,8.0,40.0,0.0
5.86656,0x2B0,0.0,0.0,1.0,6.25,-0.78,0.7,19.6875,19.4375,19.03125,19.375,-24.4,0.0,40.0,0.0
5.868,0x316,0.0,0.0,1.0,6.25,-0.78,0.7,19.6875,19.4375,19.03125,19.375,-24.4,0.0,33.0,0.0
5.87488,0x220,0.0,0.0,1.0,6.25,-0.49,0.49,19.6875,19.4375,19.03125,19.375,-24.4,0.0,33.0,0.0
5.87558,0x386,0.0,0.0,1.0,6.25,-0.49,0.49,19.40625,19.4375,19.15625,19.0625,-24.4,0.0,33.0,0.0
5.87656,0x2B0,0.0,0.0,1.0,6.25,-0.49,0.49,19.40625,19.4375,19.15625,19.0625,-24.4,0.0,33.0,0.0
5.87806,0x316,0.0,0.0,1.0,6.25,-0.49,0.49,19.40625,19.4375,19.15625,19.0625,-24.4,0.0,33.0,0.0
5.88488,0x220,0.0,0.0,1.0,6.25,-0.15,0.5,19.40625,19.4375,19.15625,19.0625,-24.4,0.0,33.0,0.0
5.88657,0x2B0,0.0,0.0,1.0,6.25,-0.15,0.5,19.40625,19.4375,19.15625,19.0625,-24.5,0.0,33.0,0.0
5.88799,0x316,0.0,0.0,1.0,6.25,-0.15,0.5,19.40625,19.4375,19.15625,19.0625,-24.5,0.0,33.0,0.0
5.89488,0x220,0.0,0.0,1.0,6.25,0.16,0.52,19.40625,19.4375,19.15625,19.0625,-24.5,0.0,33.0,0.0
5.89558,0x386,0.0,0.0,1.0,6.25,0.16,0.52,19.40625,19.46875,19.34375,19.03125,-24.5,0.0,33.0,0.0
5.89666,0x2B0,0.0,0.0,1.0,6.25,0.16,0.52,19.40625,19.46875,19.34375,19.03125,-24.5,0.0,33.0,0.0
5.89805,0x316,0.0,0.0,1.0,6.25,0.16,0.52,19.40625,19.46875,19.34375,19.03125,-24.5,0.0,35.0,0.0
5.90488,0x220,0.0,0.0,1.0,6.25,0.39,0.36,19.40625,19.46875,19.34375,19.03125,-24.5,0.0,35.0,0.0
5.90651,0x2B0,0.0,0.0,1.0,6.25,0.39,0.36,19.40625,19.46875,19.34375,19.03125,-24.5,0.0,35.0,0.0
5.90795,0x316,0.0,0.0,1.0,6.25,0.39,0.36,19.40625,19.46875,19.34375,19.03125,-24.5,0.0,43.0,0.0
5.91488,0x220,0.0,0.0,1.0,6.25,0.61,0.2,19.40625,19.46875,19.34375,19.03125,-24.5,0.0,43.0,0.0
5.91557,0x386,0.0,0.0,1.0,6.25,0.61,0.2,19.40625,19.3125,19.0625,19.125,-24.5,0.0,43.0,0.0
5.91651,0x2B0,0.0,0.0,1.0,6.25,0.61,0.2,19.40625,19.3125,19.0625,19.125,-24.5,0.0,43.0,0.0
5.91798,0x316,0.0,0.0,1.0,6.25,0.61,0.2,19.40625,19.3125,19.0625,19.125,-24.5,0.0,50.0,0.0
5.92488,0x220,0.0,0.0,1.0,6.25,0.87,0.15,19.40625,19.3125,19.0625,19.125,-24.5,0.0,50.0,0.0
5.92652,0x2B0,0.0,0.0,1.0,6.25,0.87,0.15,19.40625,19.3125,19.0625,19.125,-24.5,0.0,50.0,0.0
5.92801,0x316,0.0,0.0,1.0,6.25,0.87,0.15,19.40625,19.3125,19.0625,19.125,-24.5,0.0,58.0,0.0
5.93488,0x220,0.0,0.0,1.0,6.25,1.12,0.08,19.40625,19.3125,19.0625,19.125,-24.5,0.0,58.0,0.0
5.93557,0x386,0.0,0.0,1.0,6.25,1.12,0.08,19.25,19.4375,19.25,19.3125,-24.5,0.0,58.0,0.0
5.93665,0x2B0,0.0,0.0,1.0,6.25,1.12,0.08,19.25,19.4375,19.25,19.3125,-24.5,0.0,58.0,0.0
5.93808,0x316,0.0,0.0,1.0,6.25,1.12,0.08,19.25,19.4375,19.25,19.3125,-24.5,0.0,68.0,0.0
5.94488,0x220,0.0,0.0,1.0,6.25,1.19,-0.17,19.25,19.4375,19.25,19.3125,-24.5,0.0,68.0,0.0
5.94655,0x2B0,0.0,0.0,1.0,6.25,1.19,-0.17,19.25,19.4375,19.25,19.3125,-24.5,0.0,68.0,0.0
5.94871,0x316,0.0,0.0,1.0,6.25,1.19,-0.17,19.25,19.4375,19.25,19.3125,-24.5,0.0,76.0,0.0
5.95488,0x220,0.0,0.0,1.0,6.25,0.9,-0.52,19.25,19.4375,19.25,19.3125,-24.5,0.0,76.0,0.0
5.95557,0x386,0.0,0.0,1.0,6.25,0.9,-0.52,19.46875,19.34375,19.59375,19.4375,-24.5,0.0,76.0,0.0
5.9565,0x2B0,0.0,0.0,1.0,6.25,0.9,-0.52,19.46875,19.34375,19.59375,19.4375,-24.2,12.0,76.0,0.0
5.95798,0x316,0.0,0.0,1.0,6.25,0.9,-0.52,19.46875,19.34375,19.59375,19.4375,-24.2,12.0,76.0,0.0
5.96488,0x220,0.0,0.0,1.0,6.25,0.31,-0.44,19.46875,19.34375,19.59375,19.4375,-24.2,12.0,76.0,0.0
5.96647,0x2B0,0.0,0.0,1.0,6.25,0.31,-0.44,19.46875,19.34375,19.59375,19.4375,-24.2,12.0,76.0,0.0
5.96815,0x316,0.0,0.0,1.0,6.25,0.31,-0.44,19.46875,19.34375,19.59375,19.4375,-24.2,12.0,84.0,0.0
5.97488,0x220,0.0,0.0,1.0,6.25,-0.18,0.07,19.46875,19.34375,19.59375,19.4375,-24.2,12.0,84.0,0.0
5.97558,0x386,0.0,0.0,1.0,6.25,-0.18,0.07,19.40625,19.46875,19.65625,19.1875,-24.2,12.0,84.0,0.0
5.97651,0x2B0,0.0,0.0,1.0,6.25,-0.18,0.07,19.40625,19.46875,19.65625,19.1875,-24.0,8.0,84.0,0.0
5.97818,0x316,0.0,0.0,1.0,6.25,-0.18,0.07,19.40625,19.46875,19.65625,19.1875,-24.0,8.0,84.0,0.0
5.98488,0x220,0.0,0.0,1.0,6.25,-0.3,0.36,19.40625,19.46875,19.65625,19.1875,-24.0,8.0,84.0,0.0
5.98658,0x2B0,0.0,0.0,1.0,6.25,-0.3,0.36,19.40625,19.46875,19.65625,19.1875,-24.0,8.0,84.0,0.0
5.98796,0x316,0.0,0.0,1.0,6.25,-0.3,0.36,19.40625,19.46875,19.65625,19.1875,-24.0,8.0,84.0,0.0
5.99489,0x220,0.0,0.0,1.0,6.25,-0.1,0.09,19.40625,19.46875,19.65625,19.1875,-24.0,8.0,84.0,0.0
5.99559,0x386,0.0,0.0,1.0,6.25,-0.1,0.09,19.53125,19.53125,19.21875,19.875,-24.0,8.0,84.0,0.0
5.99666,0x2B0,0.0,0.0,1.0,6.25,-0.1,0.09,19.53125,19.53125,19.21875,19.875,-23.7,12.0,84.0,0.0
5.998,0x316,0.0,0.0,1.0,6.25,-0.1,0.09,19.53125,19.53125,19.21875,19.875,-23.7,12.0,81.0,0.0
6.00488,0x220,0.0,0.0,1.0,6.25,0.12,-0.28,19.53125,19.53125,19.21875,19.875,-23.7,12.0,81.0,0.0
6.00655,0x2B0,0.0,0.0,1.0,6.25,0.12,-0.28,19.53125,19.53125,19.21875,19.875,-23.6,20.0,81.0,0.0
6.00795,0x316,0.0,0.0,1.0,6.25,0.12,-0.28,19.53125,19.53125,19.21875,19.875,-23.6,20.0,76.0,0.0
6.01488,0x220,0.0,0.0,1.0,6.25,0.13,-0.24,19.53125,19.53125,19.21875,19.875,-23.6,20.0,76.0,0.0
6.01558,0x386,0.0,0.0,1.0,6.25,0.13,-0.24,19.6875,19.4375,19.0625,19.03125,-23.6,20.0,76.0,0.0
6.01652,0x2B0,0.0,0.0,1.0,6.25,0.13,-0.24,19.6875,19.4375,19.0625,19.03125,-23.4,12.0,76.0,0.0
6.01807,0x316,0.0,0.0,1.0,6.25,0.13,-0.24,19.6875,19.4375,19.0625,19.03125,-23.4,12.0,73.0,0.0
6.02488,0x220,0.0,0.0,1.0,6.25,-0.01,0.21,19.6875,19.4375,19.0625,19.03125,-23.4,12.0,73.0,0.0
6.02656,0x2B0,0.0,0.0,1.0,6.25,-0.01,0.21,19.6875,19.4375,19.0625,19.03125,-23.4,8.0,73.0,0.0
6.02794,0x316,0.0,0.0,1.0,6.25,-0.01,0.21,19.6875,19.4375,19.0625,19.03125,-23.4,8.0,71.0,0.0
6.03488,0x220,0.0,0.0,1.0,6.25,-0.17,0.56,19.6875,19.4375,19.0625,19.03125,-23.4,8.0,71.0,0.0
6.03559,0x386,0.0,0.0,1.0,6.25,-0.17,0.56,19.65625,19.625,18.53125,18.0,-23.4,8.0,71.0,0.0
6.03666,0x2B0,0.0,0.0,1.0,6.25,-0.17,0.56,19.65625,19.625,18.53125,18.0,-23.1,12.0,71.0,0.0
6.03805,0x316,0.0,0.0,1.0,6.25,-0.17,0.56,19.65625,19.625,18.53125,18.0,-23.1,12.0,71.0,0.0
6.04489,0x220,0.0,0.0,1.0,6.25,-0.31,0.53,19.65625,19.625,18.53125,18.0,-23.1,12.0,71.0,0.0
6.04653,0x2B0,0.0,0.0,1.0,6.25,-0.31,0.53,19.65625,19.625,18.53125,18.0,-22.9,24.0,71.0,0.0
6.04887,0x316,0.0,0.0,1.0,6.25,-0.31,0.53,19.65625,19.625,18.53125,18.0,-22.9,24.0,71.0,0.0
6.05488,0x220,0.0,0.0,1.0,6.25,-0.39,0.34,19.65625,19.625,18.53125,18.0,-22.9,24.0,71.0,0.0
6.05558,0x386,0.0,0.0,1.0,6.25,-0.39,0.34,19.84375,19.59375,17.65625,17.40625,-22.9,24.0,71.0,0.0
6.05652,0x2B0,0.0,0.0,1.0,6.25,-0.39,0.34,19.84375,19.59375,17.65625,17.40625,-22.7,20.0,71.0,0.0
6.05807,0x316,0.0,0.0,1.0,6.25,-0.39,0.34,19.84375,19.59375,17.65625,17.40625,-22.7,20.0,71.0,0.0
6.06489,0x220,0.0,0.0,1.0,6.25,-0.4,0.28,19.84375,19.59375,17.65625,17.40625,-22.7,20.0,71.0,0.0
6.0665,0x2B0,0.0,0.0,1.0,6.25,-0.4,0.28,19.84375,19.59375,17.65625,17.40625,-22.5,20.0,71.0,0.0
6.068,0x316,0.0,0.0,1.0,6.25,-0.4,0.28,19.84375,19.59375,17.65625,17.40625,-22.5,20.0,73.0,0.0
6.07489,0x220,0.0,0.0,1.0,6.25,-0.26,0.44,19.84375,19.59375,17.65625,17.40625,-22.5,20.0,73.0,0.0
6.07558,0x386,0.0,0.0,1.0,6.25,-0.26,0.44,19.59375,19.59375,17.84375,18.1875,-22.5,20.0,73.0,0.0
6.0765,0x2B0,0.0,0.0,1.0,6.25,-0.26,0.44,19.59375,19.59375,17.84375,18.1875,-22.3,20.0,73.0,0.0
6.07808,0x316,0.0,0.0,1.0,6.25,-0.26,0.44,19.59375,19.59375,17.84375,18.1875,-22.3,20.0,73.0,0.0
6.0849,0x220,0.0,0.0,1.0,6.25,-0.04,0.47,19.59375,19.59375,17.84375,18.1875,-22.3,20.0,73.0,0.0
6.08654,0x2B0,0.0,0.0,1.0,6.25,-0.04,0.47,19.59375,19.59375,17.84375,18.1875,-22.2,12.0,73.0,0.0
6.08797,0x316,0.0,0.0,1.0,6.25,-0.04,0.47,19.59375,19.59375,17.84375,18.1875,-22.2,12.0,76.0,0.0
6.09489,0x220,0.0,0.0,1.0,6.25,0.18,0.27,19.59375,19.59375,17.84375,18.1875,-22.2,12.0,76.0,0.0
6.09559,0x386,0.0,0.0,1.0,6.25,0.18,0.27,19.75,19.40625,19.53125,19.75,-22.2,12.0,76.0,0.0
6.09667,0x2B0,0.0,0.0,1.0,6.25,0.18,0.27,19.75,19.40625,19.53125,19.75,-22.0,12.0,76.0,0.0
6.09806,0x316,0.0,0.0,1.0,6.25,0.18,0.27,19.75,19.40625,19.53125,19.75,-22.0,12.0,76.0,0.0
6.10488,0x220,0.0,0.0,1.0,6.25,0.4,0.18,19.75,19.40625,19.53125,19.75,-22.0,12.0,76.0,0.0
6.10651,0x2B0,0.0,0.0,1.0,6.25,0.4,0.18,19.75,19.40625,19.53125,19.75,-22.0,8.0,76.0,0.0
6.10797,0x316,0.0,0.0,1.0,6.25,0.4,0.18,19.75,19.40625,19.53125,19.75,-22.0,8.0,73.0,0.0
6.11488,0x220,0.0,0.0,1.0,6.25,0.61,0.36,19.75,19.40625,19.53125,19.75,-22.0,8.0,73.0,0.0
6.11558,0x386,0.0,0.0,1.0,6.25,0.61,0.36,19.46875,19.4375,19.46875,19.53125,-22.0,8.0,73.0,0.0
6.11649,0x2B0,0.0,0.0,1.0,6.25,0.61,0.36,19.46875,19.4375,19.46875,19.53125,-22.0,0.0,73.0,0.0
6.11798,0x316,0.0,0.0,1.0,6.25,0.61,0.36,19.46875,19.4375,19.46875,19.53125,-22.0,0.0,71.0,0.0
6.12489,0x220,0.0,0.0,1.0,6.25,0.81,0.45,19.46875,19.4375,19.46875,19.53125,-22.0,0.0,71.0,0.0
6.12649,0x2B0,0.0,0.0,1.0,6.25,0.81,0.45,19.46875,19.4375,19.46875,19.53125,-22.0,0.0,71.0,0.0
6.12796,0x316,0.0,0.0,1.0,6.25,0.81,0.45,19.46875,19.4375,19.46875,19.53125,-22.0,0.0,66.0,0.0
6.13489,0x220,0.0,0.0,1.0,6.25,0.95,0.2,19.46875,19.4375,19.46875,19.53125,-22.0,0.0,66.0,0.0
6.13559,0x386,0.0,0.0,1.0,6.25,0.95,0.2,19.375,19.21875,19.78125,20.4375,-22.0,0.0,66.0,0.0
6.13666,0x2B0,0.0,0.0,1.0,6.25,0.95,0.2,19.375,19.21875,19.78125,20.4375,-22.0,0.0,66.0,0.0
6.13818,0x316,0.0,0.0,1.0,6.25,0.95,0.2,19.375,19.21875,19.78125,20.4375,-22.0,0.0,58.0,0.0
6.14488,0x220,0.0,0.0,1.0,6.25,0.86,-0.09,19.375,19.21875,19.78125,20.4375,-22.0,0.0,58.0,0.0
6.14654,0x2B0,0.0,0.0,1.0,6.25,0.86,-0.09,19.375,19.21875,19.78125,20.4375,-22.3,12.0,58.0,0.0
6.14873,0x316,0.0,0.0,1.0,6.25,0.86,-0.09,19.375,19.21875,19.78125,20.4375,-22.3,12.0,50.0,0.0
6.1549,0x220,0.0,0.0,1.0,6.25,0.62,-0.03,19.375,19.21875,19.78125,20.4375,-22.3,12.0,50.0,0.0
6.1556,0x386,0.0,0.0,1.0,6.25,0.62,-0.03,19.5,19.34375,19.9375,20.09375,-22.3,12.0,50.0,0.0
6.15651,0x2B0,0.0,0.0,1.0,6.25,0.62,-0.03,19.5,19.34375,19.9375,20.09375,-22.6,28.0,50.0,0.0
6.15799,0x316,0.0,0.0,1.0,6.25,0.62,-0.03,19.5,19.34375,19.9375,20.09375,-22.6,28.0,50.0,0.0
6.16489,0x220,0.0,0.0,1.0,6.25,0.39,0.31,19.5,19.34375,19.9375,20.09375,-22.6,28.0,50.0,0.0
6.16654,0x2B0,0.0,0.0,1.0,6.25,0.39,0.31,19.5,19.34375,19.9375,20.09375,-22.8,24.0,50.0,0.0
6.16803,0x316,0.0,0.0,1.0,6.25,0.39,0.31,19.5,19.34375,19.9375,20.09375,-22.8,24.0,48.0,0.0
6.17488,0x220,0.0,0.0,1.0,6.25,0.18,0.41,19.5,19.34375,19.9375,20.09375,-22.8,24.0,48.0,0.0
6.17559,0x386,0.0,0.0,1.0,6.25,0.18,0.41,19.46875,19.375,19.71875,19.46875,-22.8,24.0,48.0,0.0
6.17655,0x2B0,0.0,0.0,1.0,6.25,0.18,0.41,19.46875,19.375,19.71875,19.46875,-22.8,8.0,48.0,0.0
6.17831,0x316,0.0,0.0,1.0,6.25,0.18,0.41,19.46875,19.375,19.71875,19.46875,-22.8,8.0,50.0,0.0
6.18489,0x220,0.0,0.0,1.0,6.25,-0.09,0.0,19.46875,19.375,19.71875,19.46875,-22.8,8.0,50.0,0.0
6.18655,0x2B0,0.0,0.0,1.0,6.25,-0.09,0.0,19.46875,19.375,19.71875,19.46875,-22.8,0.0,50.0,0.0
6.188,0x316,0.0,0.0,1.0,6.25,-0.09,0.0,19.46875,19.375,19.71875,19.46875,-22.8,0.0,61.0,0.0
6.19489,0x220,0.0,0.0,1.0,6.25,-0.45,-0.5,19.46875,19.375,19.71875,19.46875,-22.8,0.0,61.0,0.0
6.19559,0x386,0.0,0.0,1.0,6.25,-0.45,-0.5,19.75,19.65625,18.90625,19.0,-22.8,0.0,61.0,0.0
6.19666,0x2B0,0.0,0.0,1.0,6.25,-0.45,-0.5,19.75,19.65625,18.90625,19.0,-22.8,0.0,61.0,0.0
6.19798,0x316,0.0,0.0,1.0,6.25,-0.45,-0.5,19.75,19.65625,18.90625,19.0,-22.8,0.0,73.0,0.0
6.20489,0x220,0.0,0.0,1.0,6.25,-0.79,-0.62,19.75,19.65625,18.90625,19.0,-22.8,0.0,73.0,0.0
6.2065,0x2B0,0.0,0.0,1.0,6.25,-0.79,-0.62,19.75,19.65625,18.90625,19.0,-22.5,12.0,73.0,0.0
6.20794,0x316,0.0,0.0,1.0,6.25,-0.79,-0.62,19.75,19.65625,18.90625,19.0,-22.5,12.0,91.0,0.0
6.21488,0x220,0.0,0.0,1.0,6.25,-0.9,-0.41,19.75,19.65625,18.90625,19.0,-22.5,12.0,91.0,0.0
6.21558,0x386,0.0,0.0,1.0,6.25,-0.9,-0.41,19.78125,19.71875,18.9375,18.8125,-22.5,12.0,91.0,0.0
6.21653,0x2B0,0.0,0.0,1.0,6.25,-0.9,-0.41,19.78125,19.71875,18.9375,18.8125,-21.9,44.0,91.0,0.0
6.21805,0x316,0.0,0.0,1.0,6.25,-0.9,-0.41,19.78125,19.71875,18.9375,18.8125,-21.9,44.0,109.0,0.0
6.22489,0x220,0.0,0.0,1.0,6.25,-0.59,-0.16,19.78125,19.71875,18.9375,18.8125,-21.9,44.0,109.0,0.0
6.2265,0x2B0,0.0,0.0,1.0,6.25,-0.59,-0.16,19.78125,19.71875,18.9375,18.8125,-21.2,64.0,109.0,0.0
6.22798,0x316,0.0,0.0,1.0,6.25,-0.59,-0.16,19.78125,19.71875,18.9375,18.8125,-21.2,64.0,124.0,0.0
6.23489,0x220,0.0,0.0,1.0,6.25,-0.02,-0.17,19.78125,19.71875,18.9375,18.8125,-21.2,64.0,124.0,0.0
6.23558,0x386,0.0,0.0,1.0,6.25,-0.02,-0.17,19.8125,19.6875,18.84375,18.90625,-21.2,64.0,124.0,0.0
6.23666,0x2B0,0.0,0.0,1.0,6.25,-0.02,-0.17,19.8125,19.6875,18.84375,18.90625,-20.5,68.0,124.0,0.0
6.23803,0x316,0.0,0.0,1.0,6.25,-0.02,-0.17,19.8125,19.6875,18.84375,18.90625,-20.5,68.0,137.0,0.0
6.24492,0x220,0.0,0.0,1.0,6.25,0.65,-0.4,19.8125,19.6875,18.84375,18.90625,-20.5,68.0,137.0,0.0
6.24647,0x2B0,0.0,0.0,1.0,6.25,0.65,-0.4,19.8125,19.6875,18.84375,18.90625,-19.7,72.0,137.0,0.0
6.24877,0x316,0.0,0.0,1.0,6.25,0.65,-0.4,19.8125,19.6875,18.84375,18.90625,-19.7,72.0,140.0,0.0
6.25488,0x220,0.0,0.0,1.0,6.25,1.12,-0.58,19.8125,19.6875,18.84375,18.90625,-19.7,72.0,140.0,0.0
6.25558,0x386,0.0,0.0,1.0,6.25,1.12,-0.58,19.6875,19.78125,18.8125,19.0625,-19.7,72.0,140.0,0.0
6.25649,0x2B0,0.0,0.0,1.0,6.25,1.12,-0.58,19.6875,19.78125,18.8125,19.0625,-18.8,84.0,140.0,0.0
6.25804,0x316,0.0,0.0,1.0,6.25,1.12,-0.58,19.6875,19.78125,18.8125,19.0625,-18.8,84.0,140.0,0.0
6.26488,0x220,0.0,0.0,1.0,6.25,1.33,-0.6,19.6875,19.78125,18.8125,19.0625,-18.8,84.0,140.0,0.0
6.2665,0x2B0,0.0,0.0,1.0,6.25,1.33,-0.6,19.6875,19.78125,18.8125,19.0625,-18.0,84.0,140.0,0.0
6.26806,0x316,0.0,0.0,1.0,6.25,1.33,-0.6,19.6875,19.78125,18.8125,19.0625,-18.0,84.0,124.0,0.0
6.27488,0x220,0.0,0.0,1.0,6.25,1.31,-0.54,19.6875,19.78125,18.8125,19.0625,-18.0,84.0,124.0,0.0
6.27558,0x386,0.0,0.0,1.0,6.25,1.31,-0.54,19.625,19.84375,18.65625,19.0625,-18.0,84.0,124.0,0.0
6.2765,0x2B0,0.0,0.0,1.0,6.25,1.31,-0.54,19.625,19.84375,18.65625,19.0625,-17.2,80.0,124.0,0.0
6.27806,0x316,0.0,0.0,1.0,6.25,1.31,-0.54,19.625,19.84375,18.65625,19.0625,-17.2,80.0,107.0,0.0
6.28489,0x220,0.0,0.0,1.0,6.25,1.03,-0.44,19.625,19.84375,18.65625,19.0625,-17.2,80.0,107.0,0.0
6.28648,0x2B0,0.0,0.0,1.0,6.25,1.03,-0.44,19.625,19.84375,18.65625,19.0625,-16.6,68.0,107.0,0.0
6.28796,0x316,0.0,0.0,1.0,6.25,1.03,-0.44,19.625,19.84375,18.65625,19.0625,-16.6,68.0,84.0,0.0
6.2949,0x220,0.0,0.0,1.0,6.25,0.72,-0.21,19.625,19.84375,18.65625,19.0625,-16.6,68.0,84.0,0.0
6.29559,0x386,0.0,0.0,1.0,6.25,0.72,-0.21,19.8125,19.6875,18.71875,18.59375,-16.6,68.0,84.0,0.0
6.29651,0x2B0,0.0,0.0,1.0,6.25,0.72,-0.21,19.8125,19.6875,18.71875,18.59375,-16.0,60.0,84.0,0.0
6.29801,0x316,0.0,0.0,1.0,6.25,0.72,-0.21,19.8125,19.6875,18.71875,18.59375,-16.0,60.0,66.0,0.0
6.30489,0x220,0.0,0.0,1.0,6.25,0.51,-0.08,19.8125,19.6875,18.71875,18.59375,-16.0,60.0,66.0,0.0
6.30649,0x2B0,0.0,0.0,1.0,6.25,0.51,-0.08,19.8125,19.6875,18.71875,18.59375,-15.4,60.0,66.0,0.0
6.30797,0x316,0.0,0.0,1.0,6.25,0.51,-0.08,19.8125,19.6875,18.71875,18.59375,-15.4,60.0,50.0,0.0
6.31489,0x220,0.0,0.0,1.0,6.25,0.35,-0.18,19.8125,19.6875,18.71875,18.59375,-15.4,60.0,50.0,0.0
6.31559,0x386,0.0,0.0,1.0,6.25,0.35,-0.18,19.65625,19.84375,18.96875,18.71875,-15.4,60.0,50.0,0.0
6.31649,0x2B0,0.0,0.0,1.0,6.25,0.35,-0.18,19.65625,19.84375,18.96875,18.71875,-14.8,60.0,50.0,0.0
6.31797,0x316,0.0,0.0,1.0,6.25,0.35,-0.18,19.65625,19.84375,18.96875,18.71875,-14.8,60.0,38.0,0.0
6.3249,0x220,0.0,0.0,1.0,6.25,0.18,-0.37,19.65625,19.84375,18.96875,18.71875,-14.8,60.0,38.0,0.0
6.32646,0x2B0,0.0,0.0,1.0,6.25,0.18,-0.37,19.65625,19.84375,18.96875,18.71875,-14.3,52.0,38.0,0.0
6.32795,0x316,0.0,0.0,1.0,6.25,0.18,-0.37,19.65625,19.84375,18.96875,18.71875,-14.3,52.0,33.0,0.0
6.33489,0x220,0.0,0.0,1.0,6.25,-0.09,-0.38,19.65625,19.84375,18.96875,18.71875,-14.3,52.0,33.0,0.0
6.33558,0x386,0.0,0.0,1.0,6.25,-0.09,-0.38,19.84375,19.6875,19.21875,19.15625,-14.3,52.0,33.0,0.0
6.33665,0x2B0,0.0,0.0,1.0,6.25,-0.09,-0.38,19.84375,19.6875,19.21875,19.15625,-13.7,52.0,33.0,0.0
6.33809,0x316,0.0,0.0,1.0,6.25,-0.09,-0.38,19.84375,19.6875,19.21875,19.15625,-13.7,52.0,33.0,0.0
6.34489,0x220,0.0,0.0,1.0,6.25,-0.34,-0.09,19.84375,19.6875,19.21875,19.15625,-13.7,52.0,33.0,0.0
6.34645,0x2B0,0.0,0.0,1.0,6.25,-0.34,-0.09,19.84375,19.6875,19.21875,19.15625,-13.1,60.0,33.0,0.0
6.34885,0x316,0.0,0.0,1.0,6.25,-0.34,-0.09,19.84375,19.6875,19.21875,19.15625,-13.1,60.0,38.0,0.0
6.35489,0x220,0.0,0.0,1.0,6.25,-0.31,0.21,19.84375,19.6875,19.21875,19.15625,-13.1,60.0,38.0,0.0
6.35558,0x386,0.0,0.0,1.0,6.25,-0.31,0.21,19.84375,19.78125,19.53125,19.34375,-13.1,60.0,38.0,0.0
6.35649,0x2B0,0.0,0.0,1.0,6.25,-0.31,0.21,19.84375,19.78125,19.53125,19.34375,-12.6,52.0,38.0,0.0
6.35798,0x316,0.0,0.0,1.0,6.25,-0.31,0.21,19.84375,19.78125,19.53125,19.34375,-12.6,52.0,38.0,0.0
6.3649,0x220,0.0,0.0,1.0,6.25,0.09,0.22,19.84375,19.78125,19.53125,19.34375,-12.6,52.0,38.0,0.0
6.3665,0x2B0,0.0,0.0,1.0,6.25,0.09,0.22,19.84375,19.78125,19.53125,19.34375,-12.0,52.0,38.0,0.0
6.36803,0x316,0.0,0.0,1.0,6.25,0.09,0.22,19.84375,19.78125,19.53125,19.34375,-12.0,52.0,61.0,0.0
6.37489,0x220,0.0,0.0,1.0,6.25,0.77,-0.06,19.84375,19.78125,19.53125,19.34375,-12.0,52.0,61.0,0.0
6.37558,0x386,0.0,0.0,1.0,6.25,0.77,-0.06,19.8125,19.84375,19.09375,19.25,-12.0,52.0,61.0,0.0
6.37648,0x2B0,0.0,0.0,1.0,6.25,0.77,-0.06,19.8125,19.84375,19.09375,19.25,-11.5,52.0,61.0,0.0
6.37807,0x316,0.0,0.0,1.0,6.25,0.77,-0.06,19.8125,19.84375,19.09375,19.25,-11.5,52.0,73.0,0.0
6.38489,0x220,0.0,0.0,1.0,6.25,1.5,-0.3,19.8125,19.84375,19.09375,19.25,-11.5,52.0,73.0,0.0
6.38649,0x2B0,0.0,0.0,1.0,6.25,1.5,-0.3,19.8125,19.84375,19.09375,19.25,-11.0,48.0,73.0,0.0
6.38798,0x316,0.0,0.0,1.0,6.25,1.5,-0.3,19.8125,19.84375,19.09375,19.25,-11.0,48.0,84.0,0.0
6.39489,0x220,0.0,0.0,1.0,6.25,2.03,-0.19,19.8125,19.84375,19.09375,19.25,-11.0,48.0,84.0,0.0
6.39558,0x386,0.0,0.0,1.0,6.25,2.03,-0.19,19.65625,19.65625,19.0,19.21875,-11.0,48.0,84.0,0.0
6.39648,0x2B0,0.0,0.0,1.0,6.25,2.03,-0.19,19.65625,19.65625,19.0,19.21875,-10.7,40.0,84.0,0.0
6.39798,0x316,0.0,0.0,1.0,6.25,2.03,-0.19,19.65625,19.65625,19.0,19.21875,-10.7,40.0,89.0,0.0
6.4049,0x220,0.0,0.0,1.0,6.25,2.22,0.17,19.65625,19.65625,19.0,19.21875,-10.7,40.0,89.0,0.0
6.40649,0x2B0,0.0,0.0,1.0,6.25,2.22,0.17,19.65625,19.65625,19.0,19.21875,-10.5,24.0,89.0,0.0
6.40796,0x316,0.0,0.0,1.0,6.25,2.22,0.17,19.65625,19.65625,19.0,19.21875,-10.5,24.0,89.0,0.0
6.41489,0x220,0.0,0.0,1.0,6.25,2.11,0.45,19.65625,19.65625,19.0,19.21875,-10.5,24.0,89.0,0.0
6.41559,0x386,0.0,0.0,1.0,6.25,2.11,0.45,19.59375,19.625,19.125,19.125,-10.5,24.0,89.0,0.0
6.41649,0x2B0,0.0,0.0,1.0,6.25,2.11,0.45,19.59375,19.625,19.125,19.125,-10.5,8.0,89.0,0.0
6.418,0x316,0.0,0.0,1.0,6.25,2.11,0.45,19.59375,19.625,19.125,19.125,-10.5,8.0,86.0,0.0
6.42489,0x220,0.0,0.0,1.0,6.25,1.82,0.46,19.59375,19.625,19.125,19.125,-10.5,8.0,86.0,0.0
6.42647,0x2B0,0.0,0.0,1.0,6.25,1.82,0.46,19.59375,19.625,19.125,19.125,-10.4,0.0,86.0,0.0
6.42799,0x316,0.0,0.0,1.0,6.25,1.82,0.46,19.59375,19.625,19.125,19.125,-10.4,0.0,73.0,0.0
6.43488,0x220,0.0,0.0,1.0,6.25,1.44,0.22,19.59375,19.625,19.125,19.125,-10.4,0.0,73.0,0.0
6.43558,0x386,0.0,0.0,1.0,6.25,1.44,0.22,19.65625,19.40625,19.0625,19.09375,-10.4,0.0,73.0,0.0
6.43665,0x2B0,0.0,0.0,1.0,6.25,1.44,0.22,19.65625,19.40625,19.0625,19.09375,-10.4,0.0,73.0,0.0
6.43803,0x316,0.0,0.0,1.0,6.25,1.44,0.22,19.65625,19.40625,19.0625,19.09375,-10.4,0.0,61.0,0.0
6.44491,0x220,0.0,0.0,1.0,6.25,1.06,-0.01,19.65625,19.40625,19.0625,19.09375,-10.4,0.0,61.0,0.0
6.44644,0x2B0,0.0,0.0,1.0,6.25,1.06,-0.01,19.65625,19.40625,19.0625,19.09375,-10.4,0.0,61.0,0.0
6.44879,0x316,0.0,0.0,1.0,6.25,1.06,-0.01,19.65625,19.40625,19.0625,19.09375,-10.4,0.0,48.0,0.0
6.45489,0x220,0.0,0.0,1.0,6.25,0.82,-0.19,19.65625,19.40625,19.0625,19.09375,-10.4,0.0,48.0,0.0
6.45559,0x386,0.0,0.0,1.0,6.25,0.82,-0.19,19.6875,19.65625,19.03125,19.0625,-10.4,0.0,48.0,0.0
6.4565,0x2B0,0.0,0.0,1.0,6.25,0.82,-0.19,19.6875,19.65625,19.03125,19.0625,-10.4,0.0,48.0,0.0
6.45797,0x316,0.0,0.0,1.0,6.25,0.82,-0.19,19.6875,19.65625,19.03125,19.0625,-10.4,0.0,48.0,0.0
6.46489,0x220,0.0,0.0,1.0,6.25,0.61,-0.3,19.6875,19.65625,19.03125,19.0625,-10.4,0.0,48.0,0.0
6.46644,0x2B0,0.0,0.0,1.0,6.25,0.61,-0.3,19.6875,19.65625,19.03125,19.0625,-10.4,0.0,48.0,0.0
6.46811,0x316,0.0,0.0,1.0,6.25,0.61,-0.3,19.6875,19.65625,19.03125,19.0625,-10.4,0.0,30.0,0.0
6.47489,0x220,0.0,0.0,1.0,6.25,0.33,-0.13,19.6875,19.65625,19.03125,19.0625,-10.4,0.0,30.0,0.0
6.47559,0x386,0.0,0.0,1.0,6.25,0.33,-0.13,19.625,19.5625,19.21875,19.21875,-10.4,0.0,30.0,0.0
6.47649,0x2B0,0.0,0.0,1.0,6.25,0.33,-0.13,19.625,19.5625,19.21875,19.21875,-10.4,0.0,30.0,0.0
6.47806,0x316,0.0,0.0,1.0,6.25,0.33,-0.13,19.625,19.5625,19.21875,19.21875,-10.4,0.0,30.0,0.0
6.48489,0x220,0.0,0.0,1.0,6.25,0.19,0.23,19.625,19.5625,19.21875,19.21875,-10.4,0.0,30.0,0.0
6.48645,0x2B0,0.0,0.0,1.0,6.25,0.19,0.23,19.625,19.5625,19.21875,19.21875,-10.4,0.0,30.0,0.0
6.48799,0x316,0.0,0.0,1.0,6.25,0.19,0.23,19.625,19.5625,19.21875,19.21875,-10.4,0.0,30.0,0.0
6.4949,0x220,0.0,0.0,1.0,6.25,0.44,0.53,19.625,19.5625,19.21875,19.21875,-10.4,0.0,30.0,0.0
6.4956,0x386,0.0,0.0,1.0,6.25,0.44,0.53,19.5,19.71875,19.1875,19.3125,-10.4,0.0,30.0,0.0
6.49667,0x2B0,0.0,0.0,1.0,6.25,0.44,0.53,19.5,19.71875,19.1875,19.3125,-10.4,0.0,30.0,0.0
6.49797,0x316,0.0,0.0,1.0,6.25,0.44,0.53,19.5,19.71875,19.1875,19.3125,-10.4,0.0,35.0,0.0
6.50489,0x220,0.0,0.0,1.0,6.25,1.07,0.38,19.5,19.71875,19.1875,19.3125,-10.4,0.0,35.0,0.0
6.50646,0x2B0,0.0,0.0,1.0,6.25,1.07,0.38,19.5,19.71875,19.1875,19.3125,-10.2,8.0,35.0,0.0
6.50801,0x316,0.0,0.0,1.0,6.25,1.07,0.38,19.5,19.71875,19.1875,19.3125,-10.2,8.0,43.0,0.0
6.51489,0x220,0.0,0.0,1.0,6.25,1.71,-0.19,19.5,19.71875,19.1875,19.3125,-10.2,8.0,43.0,0.0
6.51559,0x386,0.0,0.0,1.0,6.25,1.71,-0.19,19.5,19.4375,19.28125,19.46875,-10.2,8.0,43.0,0.0
6.51649,0x2B0,0.0,0.0,1.0,6.25,1.71,-0.19,19.5,19.4375,19.28125,19.46875,-10.0,20.0,43.0,0.0
6.518,0x316,0.0,0.0,1.0,6.25,1.71,-0.19,19.5,19.4375,19.28125,19.46875,-10.0,20.0,53.0,0.0
6.52489,0x220,0.0,0.0,1.0,6.25,2.04,-0.49,19.5,19.4375,19.28125,19.46875,-10.0,20.0,53.0,0.0
6.52649,0x2B0,0.0,0.0,1.0,6.25,2.04,-0.49,19.5,19.4375,19.28125,19.46875,-10.0,8.0,53.0,0.0
6.52798,0x316,0.0,0.0,1.0,6.25,2.04,-0.49,19.5,19.4375,19.28125,19.46875,-10.0,8.0,63.0,0.0
6.53489,0x220,0.0,0.0,1.0,6.25,2.01,-0.17,19.5,19.4375,19.28125,19.46875,-10.0,8.0,63.0,0.0
6.53559,0x386,0.0,0.0,1.0,6.25,2.01,-0.17,19.53125,19.59375,19.28125,19.3125,-10.0,8.0,63.0,0.0
6.53667,0x2B0,0.0,0.0,1.0,6.25,2.01,-0.17,19.53125,19.59375,19.28125,19.3125,-9.9,0.0,63.0,0.0
6.53802,0x316,0.0,0.0,1.0,6.25,2.01,-0.17,19.53125,19.59375,19.28125,19.3125,-9.9,0.0,73.0,0.0
6.54492,0x220,0.0,0.0,1.0,6.25,1.65,0.36,19.53125,19.59375,19.28125,19.3125,-9.9,0.0,73.0,0.0
6.5464,0x2B0,0.0,0.0,1.0,6.25,1.65,0.36,19.53125,19.59375,19.28125,19.3125,-9.9,0.0,73.0,0.0
6.54898,0x316,0.0,0.0,1.0,6.25,1.65,0.36,19.53125,19.59375,19.28125,19.3125,-9.9,0.0,81.0,0.0
6.5549,0x220,0.0,0.0,1.0,6.25,1.17,0.48,19.53125,19.59375,19.28125,19.3125,-9.9,0.0,81.0,0.0
6.55559,0x386,0.0,0.0,1.0,6.25,1.17,0.48,19.5625,19.375,19.28125,19.3125,-9.9,0.0,81.0,0.0
6.5565,0x2B0,0.0,0.0,1.0,6.25,1.17,0.48,19.5625,19.375,19.28125,19.3125,-9.9,0.0,81.0,0.0
6.55801,0x316,0.0,0.0,1.0,6.25,1.17,0.48,19.5625,19.375,19.28125,19.3125,-9.9,0.0,81.0,0.0
6.5649,0x220,0.0,0.0,1.0,6.25,0.63,0.2,19.5625,19.375,19.28125,19.3125,-9.9,0.0,81.0,0.0
6.5664,0x2B0,0.0,0.0,1.0,6.25,0.63,0.2,19.5625,19.375,19.28125,19.3125,-9.9,0.0,81.0,0.0
6.56805,0x316,0.0,0.0,1.0,6.25,0.63,0.2,19.5625,19.375,19.28125,19.3125,-9.9,0.0,89.0,0.0
6.5749,0x220,0.0,0.0,1.0,6.25,0.14,-0.07,19.5625,19.375,19.28125,19.3125,-9.9,0.0,89.0,0.0
6.57559,0x386,0.0,0.0,1.0,6.25,0.14,-0.07,19.5625,19.5625,19.25,19.1875,-9.9,0.0,89.0,0.0
6.57649,0x2B0,0.0,0.0,1.0,6.25,0.14,-0.07,19.5625,19.5625,19.25,19.1875,-9.9,0.0,89.0,0.0
6.57805,0x316,0.0,0.0,1.0,6.25,0.14,-0.07,19.5625,19.5625,19.25,19.1875,-9.9,0.0,89.0,0.0
6.5849,0x220,0.0,0.0,1.0,6.25,-0.06,-0.17,19.5625,19.5625,19.25,19.1875,-9.9,0.0,89.0,0.0
6.5864,0x2B0,0.0,0.0,1.0,6.25,-0.06,-0.17,19.5625,19.5625,19.25,19.1875,-9.9,0.0,89.0,0.0
6.58805,0x316,0.0,0.0,1.0,6.25,-0.06,-0.17,19.5625,19.5625,19.25,19.1875,-9.9,0.0,89.0,0.0
6.5949,0x220,0.0,0.0,1.0,6.25,0.04,-0.21,19.5625,19.5625,19.25,19.1875,-9.9,0.0,89.0,0.0
6.5956,0x386,0.0,0.0,1.0,6.25,0.04,-0.21,19.5625,19.65625,19.28125,19.0,-9.9,0.0,89.0,0.0
6.5965,0x2B0,0.0,0.0,1.0,6.25,0.04,-0.21,19.5625,19.65625,19.28125,19.0,-9.9,0.0,89.0,0.0
6.59802,0x316,0.0,0.0,1.0,6.25,0.04,-0.21,19.5625,19.65625,19.28125,19.0,-9.9,0.0,86.0,0.0
6.6049,0x220,0.0,0.0,1.0,6.25,0.22,-0.17,19.5625,19.65625,19.28125,19.0,-9.9,0.0,86.0,0.0
6.60641,0x2B0,0.0,0.0,1.0,6.25,0.22,-0.17,19.5625,19.65625,19.28125,19.0,-9.9,0.0,86.0,0.0
6.60794,0x316,0.0,0.0,1.0,6.25,0.22,-0.17,19.5625,19.65625,19.28125,19.0,-9.9,0.0,84.0,0.0
6.61489,0x220,0.0,0.0,1.0,6.25,0.34,0.09,19.5625,19.65625,19.28125,19.0,-9.9,0.0,84.0,0.0
6.61559,0x386,0.0,0.0,1.0,6.25,0.34,0.09,19.84375,19.65625,18.84375,18.84375,-9.9,0.0,84.0,0.0
6.61649,0x2B0,0.0,0.0,1.0,6.25,0.34,0.09,19.84375,19.65625,18.84375,18.84375,-9.9,0.0,84.0,0.0
6.61797,0x316,0.0,0.0,1.0,6.25,0.34,0.09,19.84375,19.65625,18.84375,18.84375,-9.9,0.0,81.0,0.0
6.6249,0x220,0.0,0.0,1.0,6.25,0.37,0.5,19.84375,19.65625,18.84375,18.84375,-9.9,0.0,81.0,0.0
6.62642,0x2B0,0.0,0.0,1.0,6.25,0.37,0.5,19.84375,19.65625,18.84375,18.84375,-9.9,0.0,81.0,0.0
6.62797,0x316,0.0,0.0,1.0,6.25,0.37,0.5,19.84375,19.65625,18.84375,18.84375,-9.9,0.0,81.0,0.0
6.6349,0x220,0.0,0.0,1.0,6.25,0.37,0.69,19.84375,19.65625,18.84375,18.84375,-9.9,0.0,81.0,0.0
6.63559,0x386,0.0,0.0,1.0,6.25,0.37,0.69,19.71875,19.78125,18.5625,18.90625,-9.9,0.0,81.0,0.0
6.63667,0x2B0,0.0,0.0,1.0,6.25,0.37,0.69,19.71875,19.78125,18.5625,18.90625,-9.9,0.0,81.0,0.0
6.63815,0x316,0.0,0.0,1.0,6.25,0.37,0.69,19.71875,19.78125,18.5625,18.90625,-9.9,0.0,81.0,0.0
6.64491,0x220,0.0,0.0,1.0,6.25,0.35,0.49,19.71875,19.78125,18.5625,18.90625,-9.9,0.0,81.0,0.0
6.64641,0x2B0,0.0,0.0,1.0,6.25,0.35,0.49,19.71875,19.78125,18.5625,18.90625,-9.9,0.0,81.0,0.0
6.64881,0x316,0.0,0.0,1.0,6.25,0.35,0.49,19.71875,19.78125,18.5625,18.90625,-9.9,0.0,81.0,0.0
6.6549,0x220,0.0,0.0,1.0,6.25,0.24,0.08,19.71875,19.78125,18.5625,18.90625,-9.9,0.0,81.0,0.0
6.6556,0x386,0.0,0.0,1.0,6.25,0.24,0.08,19.6875,19.6875,18.78125,19.03125,-9.9,0.0,81.0,0.0
6.6565,0x2B0,0.0,0.0,1.0,6.25,0.24,0.08,19.6875,19.6875,18.78125,19.03125,-9.8,0.0,81.0,0.0
6.65797,0x316,0.0,0.0,1.0,6.25,0.24,0.08,19.6875,19.6875,18.78125,19.03125,-9.8,0.0,81.0,0.0
6.6649,0x220,0.0,0.0,1.0,6.25,0.08,-0.01,19.6875,19.6875,18.78125,19.03125,-9.8,0.0,81.0,0.0
6.66639,0x2B0,0.0,0.0,1.0,6.25,0.08,-0.01,19.6875,19.6875,18.78125,19.03125,-9.8,0.0,81.0,0.0
6.66808,0x316,0.0,0.0,1.0,6.25,0.08,-0.01,19.6875,19.6875,18.78125,19.03125,-9.8,0.0,81.0,0.0
6.6749,0x220,0.0,0.0,1.0,6.25,0.03,0.37,19.6875,19.6875,18.78125,19.03125,-9.8,0.0,81.0,0.0
6.6756,0x386,0.0,0.0,1.0,6.25,0.03,0.37,19.71875,19.84375,19.34375,19.1875,-9.8,0.0,81.0,0.0
6.6765,0x2B0,0.0,0.0,1.0,6.25,0.03,0.37,19.71875,19.84375,19.34375,19.1875,-9.8,0.0,81.0,0.0
6.67822,0x316,0.0,0.0,1.0,6.25,0.03,0.37,19.71875,19.84375,19.34375,19.1875,-9.8,0.0,81.0,0.0
6.6849,0x220,0.0,0.0,1.0,6.25,0.2,0.91,19.71875,19.84375,19.34375,19.1875,-9.8,0.0,81.0,0.0
6.68639,0x2B0,0.0,0.0,1.0,6.25,0.2,0.91,19.71875,19.84375,19.34375,19.1875,-9.8,0.0,81.0,0.0
6.68796,0x316,0.0,0.0,1.0,6.25,0.2,0.91,19.71875,19.84375,19.34375,19.1875,-9.8,0.0,81.0,0.0
6.6949,0x220,0.0,0.0,1.0,6.25,0.51,1.01,19.71875,19.84375,19.34375,19.1875,-9.8,0.0,81.0,0.0
6.69559,0x386,0.0,0.0,1.0,6.25,0.51,1.01,19.6875,19.5625,19.28125,19.65625,-9.8,0.0,81.0,0.0
6.69649,0x2B0,0.0,0.0,1.0,6.25,0.51,1.01,19.6875,19.5625,19.28125,19.65625,-9.8,0.0,81.0,0.0
6.69797,0x316,0.0,0.0,1.0,6.25,0.51,1.01,19.6875,19.5625,19.28125,19.65625,-9.8,0.0,81.0,0.0
6.7049,0x220,0.0,0.0,1.0,6.25,0.79,0.74,19.6875,19.5625,19.28125,19.65625,-9.8,0.0,81.0,0.0
6.70647,0x2B0,0.0,0.0,1.0,6.25,0.79,0.74,19.6875,19.5625,19.28125,19.65625,-9.8,0.0,81.0,0.0
6.70798,0x316,0.0,0.0,1.0,6.25,0.79,0.74,19.6875,19.5625,19.28125,19.65625,-9.8,0.0,79.0,0.0
6.7149,0x220,0.0,0.0,1.0,6.25,1.01,0.5,19.6875,19.5625,19.28125,19.65625,-9.8,0.0,79.0,0.0
6.71559,0x386,0.0,0.0,1.0,6.25,1.01,0.5,19.65625,19.75,19.25,19.5,-9.8,0.0,79.0,0.0
6.7165,0x2B0,0.0,0.0,1.0,6.25,1.01,0.5,19.65625,19.75,19.25,19.5,-10.1,12.0,79.0,0.0
6.71803,0x316,0.0,0.0,1.0,6.25,1.01,0.5,19.65625,19.75,19.25,19.5,-10.1,12.0,76.0,0.0
6.72491,0x220,0.0,0.0,1.0,6.25,1.09,0.44,19.65625,19.75,19.25,19.5,-10.1,12.0,76.0,0.0
6.72648,0x2B0,0.0,0.0,1.0,6.25,1.09,0.44,19.65625,19.75,19.25,19.5,-10.3,24.0,76.0,0.0
6.72795,0x316,0.0,0.0,1.0,6.25,1.09,0.44,19.65625,19.75,19.25,19.5,-10.3,24.0,76.0,0.0
6.73489,0x220,0.0,0.0,1.0,6.25,1.02,0.36,19.65625,19.75,19.25,19.5,-10.3,24.0,76.0,0.0
6.7356,0x386,0.0,0.0,1.0,6.25,1.02,0.36,19.90625,19.65625,19.25,19.4375,-10.3,24.0,76.0,0.0
6.73668,0x2B0,0.0,0.0,1.0,6.25,1.02,0.36,19.90625,19.65625,19.25,19.4375,-10.5,20.0,76.0,0.0
6.73802,0x316,0.0,0.0,1.0,6.25,1.02,0.36,19.90625,19.65625,19.25,19.4375,-10.5,20.0,76.0,0.0
6.74492,0x220,0.0,0.0,1.0,6.25,0.93,0.23,19.90625,19.65625,19.25,19.4375,-10.5,20.0,76.0,0.0
6.74649,0x2B0,0.0,0.0,1.0,6.25,0.93,0.23,19.90625,19.65625,19.25,19.4375,-10.5,8.0,76.0,0.0
6.74886,0x316,0.0,0.0,1.0,6.25,0.93,0.23,19.90625,19.65625,19.25,19.4375,-10.5,8.0,76.0,0.0
6.7549,0x220,0.0,0.0,1.0,6.25,0.88,0.17,19.90625,19.65625,19.25,19.4375,-10.5,8.0,76.0,0.0
6.75561,0x386,0.0,0.0,1.0,6.25,0.88,0.17,19.75,19.71875,19.40625,19.5625,-10.5,8.0,76.0,0.0
6.75651,0x2B0,0.0,0.0,1.0,6.25,0.88,0.17,19.75,19.71875,19.40625,19.5625,-10.7,8.0,76.0,0.0
6.75802,0x316,0.0,0.0,1.0,6.25,0.88,0.17,19.75,19.71875,19.40625,19.5625,-10.7,8.0,76.0,0.0
6.7649,0x220,0.0,0.0,1.0,6.25,0.96,0.19,19.75,19.71875,19.40625,19.5625,-10.7,8.0,76.0,0.0
6.76649,0x2B0,0.0,0.0,1.0,6.25,0.96,0.19,19.75,19.71875,19.40625,19.5625,-10.7,8.0,76.0,0.0
6.76802,0x316,0.0,0.0,1.0,6.25,0.96,0.19,19.75,19.71875,19.40625,19.5625,-10.7,8.0,89.0,0.0
6.7749,0x220,0.0,0.0,1.0,6.25,1.1,0.06,19.75,19.71875,19.40625,19.5625,-10.7,8.0,89.0,0.0
6.7756,0x386,0.0,0.0,1.0,6.25,1.1,0.06,19.875,19.9375,19.40625,19.53125,-10.7,8.0,89.0,0.0
6.77652,0x2B0,0.0,0.0,1.0,6.25,1.1,0.06,19.875,19.9375,19.40625,19.53125,-10.7,0.0,89.0,0.0
6.77804,0x316,0.0,0.0,1.0,6.25,1.1,0.06,19.875,19.9375,19.40625,19.53125,-10.7,0.0,96.0,0.0
6.7849,0x220,0.0,0.0,1.0,6.25,1.2,-0.14,19.875,19.9375,19.40625,19.53125,-10.7,0.0,96.0,0.0
6.78645,0x2B0,0.0,0.0,1.0,6.25,1.2,-0.14,19.875,19.9375,19.40625,19.53125,-10.7,0.0,96.0,0.0
6.78797,0x316,0.0,0.0,1.0,6.25,1.2,-0.14,19.875,19.9375,19.40625,19.53125,-10.7,0.0,104.0,0.0
6.79491,0x220,0.0,0.0,1.0,6.25,1.28,-0.25,19.875,19.9375,19.40625,19.53125,-10.7,0.0,104.0,0.0
6.79562,0x386,0.0,0.0,1.0,6.25,1.28,-0.25,20.0625,19.9375,19.65625,19.21875,-10.7,0.0,104.0,0.0
6.7967,0x2B0,0.0,0.0,1.0,6.25,1.28,-0.25,20.0625,19.9375,19.65625,19.21875,-10.7,0.0,104.0,0.0
6.79804,0x316,0.0,0.0,1.0,6.25,1.28,-0.25,20.0625,19.9375,19.65625,19.21875,-10.7,0.0,109.0,0.0
6.80491,0x220,0.0,0.0,1.0,6.25,1.48,-0.02,20.0625,19.9375,19.65625,19.21875,-10.7,0.0,109.0,0.0
6.80646,0x2B0,0.0,0.0,1.0,6.25,1.48,-0.02,20.0625,19.9375,19.65625,19.21875,-10.6,0.0,109.0,0.0
6.80794,0x316,0.0,0.0,1.0,6.25,1.48,-0.02,20.0625,19.9375,19.65625,19.21875,-10.6,0.0,112.0,0.0
6.81491,0x220,0.0,0.0,1.0,6.25,1.87,0.08,20.0625,19.9375,19.65625,19.21875,-10.6,0.0,112.0,0.0
6.81561,0x386,0.0,0.0,1.0,6.25,1.87,0.08,20.0625,20.09375,19.375,19.0,-10.6,0.0,112.0,0.0
6.81652,0x2B0,0.0,0.0,1.0,6.25,1.87,0.08,20.0625,20.09375,19.375,19.0,-10.6,0.0,112.0,0.0
6.81799,0x316,0.0,0.0,1.0,6.25,1.87,0.08,20.0625,20.09375,19.375,19.0,-10.6,0.0,112.0,0.0
6.8249,0x220,0.0,0.0,1.0,6.25,2.24,-0.22,20.0625,20.09375,19.375,19.0,-10.6,0.0,112.0,0.0
6.82643,0x2B0,0.0,0.0,1.0,6.25,2.24,-0.22,20.0625,20.09375,19.375,19.0,-10.6,0.0,112.0,0.0
6.82793,0x316,0.0,0.0,1.0,6.25,2.24,-0.22,20.0625,20.09375,19.375,19.0,-10.6,0.0,112.0,0.0
6.83491,0x220,0.0,0.0,1.0,6.25,2.24,-0.85,20.0625,20.09375,19.375,19.0,-10.6,0.0,112.0,0.0
6.83561,0x386,0.0,0.0,1.0,6.25,2.24,-0.85,20.15625,19.9375,18.75,19.25,-10.6,0.0,112.0,0.0
6.83668,0x2B0,0.0,0.0,1.0,6.25,2.24,-0.85,20.15625,19.9375,18.75,19.25,-10.6,0.0,112.0,0.0
6.83818,0x316,0.0,0.0,1.0,6.25,2.24,-0.85,20.15625,19.9375,18.75,19.25,-10.6,0.0,104.0,0.0
6.84491,0x220,0.0,0.0,1.0,6.25,1.81,-1.29,20.15625,19.9375,18.75,19.25,-10.6,0.0,104.0,0.0
6.84643,0x2B0,0.0,0.0,1.0,6.25,1.81,-1.29,20.15625,19.9375,18.75,19.25,-10.6,0.0,104.0,0.0
6.84876,0x316,0.0,0.0,1.0,6.25,1.81,-1.29,20.15625,19.9375,18.75,19.25,-10.6,0.0,94.0,0.0
6.8549,0x220,0.0,0.0,1.0,6.25,1.17,-1.21,20.15625,19.9375,18.75,19.25,-10.6,0.0,94.0,0.0
6.8556,0x386,0.0,0.0,1.0,6.25,1.17,-1.21,20.125,20.09375,18.90625,19.09375,-10.6,0.0,94.0,0.0
6.85649,0x2B0,0.0,0.0,1.0,6.25,1.17,-1.21,20.125,20.09375,18.90625,19.09375,-10.6,0.0,94.0,0.0
6.85799,0x316,0.0,0.0,1.0,6.25,1.17,-1.21,20.125,20.09375,18.90625,19.09375,-10.6,0.0,94.0,0.0
6.8649,0x220,0.0,0.0,1.0,6.25,0.55,-0.82,20.125,20.09375,18.90625,19.09375,-10.6,0.0,94.0,0.0
6.86642,0x2B0,0.0,0.0,1.0,6.25,0.55,-0.82,20.125,20.09375,18.90625,19.09375,-10.6,0.0,94.0,0.0
6.86798,0x316,0.0,0.0,1.0,6.25,0.55,-0.82,20.125,20.09375,18.90625,19.09375,-10.6,0.0,73.0,0.0
6.87491,0x220,0.0,0.0,1.0,6.25,0.2,-0.61,20.125,20.09375,18.90625,19.09375,-10.6,0.0,73.0,0.0
6.87561,0x386,0.0,0.0,1.0,6.25,0.2,-0.61,20.09375,20.0625,19.5,19.21875,-10.6,0.0,73.0,0.0
6.87652,0x2B0,0.0,0.0,1.0,6.25,0.2,-0.61,20.09375,20.0625,19.5,19.21875,-10.6,0.0,73.0,0.0
6.8783,0x316,0.0,0.0,1.0,6.25,0.2,-0.61,20.09375,20.0625,19.5,19.21875,-10.6,0.0,61.0,0.0
6.88491,0x220,0.0,0.0,1.0,6.25,0.15,-0.65,20.09375,20.0625,19.5,19.21875,-10.6,0.0,61.0,0.0
6.88642,0x2B0,0.0,0.0,1.0,6.25,0.15,-0.65,20.09375,20.0625,19.5,19.21875,-10.6,0.0,61.0,0.0
6.88798,0x316,0.0,0.0,1.0,6.25,0.15,-0.65,20.09375,20.0625,19.5,19.21875,-10.6,0.0,50.0,0.0
6.8949,0x220,0.0,0.0,1.0,6.25,0.35,-0.54,20.09375,20.0625,19.5,19.21875,-10.6,0.0,50.0,0.0
6.89561,0x386,0.0,0.0,1.0,6.25,0.35,-0.54,20.09375,19.96875,19.75,19.75,-10.6,0.0,50.0,0.0
6.8965,0x2B0,0.0,0.0,1.0,6.25,0.35,-0.54,20.09375,19.96875,19.75,19.75,-10.6,0.0,50.0,0.0
6.89799,0x316,0.0,0.0,1.0,6.25,0.35,-0.54,20.09375,19.96875,19.75,19.75,-10.6,0.0,43.0,0.0
6.9049,0x220,0.0,0.0,1.0,6.25,0.69,-0.28,20.09375,19.96875,19.75,19.75,-10.6,0.0,43.0,0.0
6.90642,0x2B0,0.0,0.0,1.0,6.25,0.69,-0.28,20.09375,19.96875,19.75,19.75,-10.6,0.0,43.0,0.0
6.90794,0x316,0.0,0.0,1.0,6.25,0.69,-0.28,20.09375,19.96875,19.75,19.75,-10.6,0.0,38.0,0.0
6.9149,0x220,0.0,0.0,1.0,6.25,0.93,-0.18,20.09375,19.96875,19.75,19.75,-10.6,0.0,38.0,0.0
6.9156,0x386,0.0,0.0,1.0,6.25,0.93,-0.18,20.03125,20.0625,19.8125,19.65625,-10.6,0.0,38.0,0.0
6.91649,0x2B0,0.0,0.0,1.0,6.25,0.93,-0.18,20.03125,20.0625,19.8125,19.65625,-10.6,0.0,38.0,0.0
6.91806,0x316,0.0,0.0,1.0,6.25,0.93,-0.18,20.03125,20.0625,19.8125,19.65625,-10.6,0.0,35.0,0.0
6.9249,0x220,0.0,0.0,1.0,6.25,0.79,-0.26,20.03125,20.0625,19.8125,19.65625,-10.6,0.0,35.0,0.0
6.92642,0x2B0,0.0,0.0,1.0,6.25,0.79,-0.26,20.03125,20.0625,19.8125,19.65625,-10.6,0.0,35.0,0.0
6.92799,0x316,0.0,0.0,1.0,6.25,0.79,-0.26,20.03125,20.0625,19.8125,19.65625,-10.6,0.0,33.0,0.0
6.93491,0x220,0.0,0.0,1.0,6.25,0.33,-0.32,20.03125,20.0625,19.8125,19.65625,-10.6,0.0,33.0,0.0
6.93561,0x386,0.0,0.0,1.0,6.25,0.33,-0.32,20.0625,19.9375,20.09375,19.71875,-10.6,0.0,33.0,0.0
6.93645,0x2B0,0.0,0.0,1.0,6.25,0.33,-0.32,20.0625,19.9375,20.09375,19.71875,-10.6,0.0,33.0,0.0
6.93805,0x316,0.0,0.0,1.0,6.25,0.33,-0.32,20.0625,19.9375,20.09375,19.71875,-10.6,0.0,33.0,0.0
6.9449,0x220,0.0,0.0,1.0,6.25,-0.11,-0.21,20.0625,19.9375,20.09375,19.71875,-10.6,0.0,33.0,0.0
6.94643,0x2B0,0.0,0.0,1.0,6.25,-0.11,-0.21,20.0625,19.9375,20.09375,19.71875,-10.6,0.0,33.0,0.0
6.94871,0x316,0.0,0.0,1.0,6.25,-0.11,-0.21,20.0625,19.9375,20.09375,19.71875,-10.6,0.0,35.0,0.0
6.9549,0x220,0.0,0.0,1.0,6.25,-0.26,-0.14,20.0625,19.9375,20.09375,19.71875,-10.6,0.0,35.0,0.0
6.9556,0x386,0.0,0.0,1.0,6.25,-0.26,-0.14,19.96875,20.125,19.9375,20.0,-10.6,0.0,35.0,0.0
6.95651,0x2B0,0.0,0.0,1.0,6.25,-0.26,-0.14,19.96875,20.125,19.9375,20.0,-10.6,0.0,35.0,0.0
6.95803,0x316,0.0,0.0,1.0,6.25,-0.26,-0.14,19.96875,20.125,19.9375,20.0,-10.6,0.0,35.0,0.0
6.96492,0x220,0.0,0.0,1.0,6.25,-0.14,-0.24,19.96875,20.125,19.9375,20.0,-10.6,0.0,35.0,0.0
6.96643,0x2B0,0.0,0.0,1.0,6.25,-0.14,-0.24,19.96875,20.125,19.9375,20.0,-10.6,0.0,35.0,0.0
6.9681,0x316,0.0,0.0,1.0,6.25,-0.14,-0.24,19.96875,20.125,19.9375,20.0,-10.6,0.0,45.0,0.0
6.97491,0x220,0.0,0.0,1.0,6.25,0.11,-0.32,19.96875,20.125,19.9375,20.0,-10.6,0.0,45.0,0.0
6.97561,0x386,0.0,0.0,1.0,6.25,0.11,-0.32,20.03125,20.0625,19.40625,19.8125,-10.6,0.0,45.0,0.0
6.97651,0x2B0,0.0,0.0,1.0,6.25,0.11,-0.32,20.03125,20.0625,19.40625,19.8125,-10.6,0.0,45.0,0.0
6.97805,0x316,0.0,0.0,1.0,6.25,0.11,-0.32,20.03125,20.0625,19.40625,19.8125,-10.6,0.0,53.0,0.0
6.98491,0x220,0.0,0.0,1.0,6.25,0.27,-0.02,20.03125,20.0625,19.40625,19.8125,-10.6,0.0,53.0,0.0
6.98643,0x2B0,0.0,0.0,1.0,6.25,0.27,-0.02,20.03125,20.0625,19.40625,19.8125,-10.6,0.0,53.0,0.0
6.98795,0x316,0.0,0.0,1.0,6.25,0.27,-0.02,20.03125,20.0625,19.40625,19.8125,-10.6,0.0,56.0,0.0
6.99491,0x220,0.0,0.0,1.0,6.25,0.35,0.53,20.03125,20.0625,19.40625,19.8125,-10.6,0.0,56.0,0.0
6.99561,0x386,0.0,0.0,1.0,6.25,0.35,0.53,20.03125,20.1875,19.96875,19.625,-10.6,0.0,56.0,0.0
6.99651,0x2B0,0.0,0.0,1.0,6.25,0.35,0.53,20.03125,20.1875,19.96875,19.625,-10.6,0.0,56.0,0.0
6.99804,0x316,0.0,0.0,1.0,6.25,0.35,0.53,20.03125,20.1875,19.96875,19.625,-10.6,0.0,61.0,0.0
7.00491,0x220,0.0,0.0,1.0,6.25,0.5,0.96,20.03125,20.1875,19.96875,19.625,-10.6,0.0,61.0,0.0
7.00641,0x2B0,0.0,0.0,1.0,6.25,0.5,0.96,20.03125,20.1875,19.96875,19.625,-10.6,0.0,61.0,0.0
7.00798,0x316,0.0,0.0,1.0,6.25,0.5,0.96,20.03125,20.1875,19.96875,19.625,-10.6,0.0,61.0,0.0
7.0149,0x220,0.0,0.0,1.0,6.25,0.69,0.76,20.03125,20.1875,19.96875,19.625,-10.6,0.0,61.0,0.0
7.0156,0x386,0.0,0.0,1.0,6.25,0.69,0.76,20.09375,20.21875,19.9375,19.4375,-10.6,0.0,61.0,0.0
7.0165,0x2B0,0.0,0.0,1.0,6.25,0.69,0.76,20.09375,20.21875,19.9375,19.4375,-10.5,0.0,61.0,0.0
7.01798,0x316,0.0,0.0,1.0,6.25,0.69,0.76,20.09375,20.21875,19.9375,19.4375,-10.5,0.0,61.0,0.0
7.02491,0x220,0.0,0.0,1.0,6.25,0.78,0.21,20.09375,20.21875,19.9375,19.4375,-10.5,0.0,61.0,0.0
7.02644,0x2B0,0.0,0.0,1.0,6.25,0.78,0.21,20.09375,20.21875,19.9375,19.4375,-10.3,12.0,61.0,0.0
7.02793,0x316,0.0,0.0,1.0,6.25,0.78,0.21,20.09375,20.21875,19.9375,19.4375,-10.3,12.0,61.0,0.0
7.0349,0x220,0.0,0.0,1.0,6.25,0.78,0.0,20.09375,20.21875,19.9375,19.4375,-10.3,12.0,61.0,0.0
7.0356,0x386,0.0,0.0,1.0,6.25,0.78,0.0,20.09375,20.21875,19.75,19.5625,-10.3,12.0,61.0,0.0
7.03668,0x2B0,0.0,0.0,1.0,6.25,0.78,0.0,20.09375,20.21875,19.75,19.5625,-10.3,8.0,61.0,0.0
7.03816,0x316,0.0,0.0,1.0,6.25,0.78,0.0,20.09375,20.21875,19.75,19.5625,-10.3,8.0,58.0,0.0
7.04492,0x220,0.0,0.0,1.0,6.25,0.8,0.14,20.09375,20.21875,19.75,19.5625,-10.3,8.0,58.0,0.0
7.04641,0x2B0,0.0,0.0,1.0,6.25,0.8,0.14,20.09375,20.21875,19.75,19.5625,-10.0,12.0,58.0,0.0
7.04883,0x316,0.0,0.0,1.0,6.25,0.8,0.14,20.09375,20.21875,19.75,19.5625,-10.0,12.0,56.0,0.0
7.0549,0x220,0.0,0.0,1.0,6.25,0.89,0.33,20.09375,20.21875,19.75,19.5625,-10.0,12.0,56.0,0.0
7.0556,0x386,0.0,0.0,1.0,6.25,0.89,0.33,20.15625,20.03125,19.4375,19.9375,-10.0,12.0,56.0,0.0
7.05651,0x2B0,0.0,0.0,1.0,6.25,0.89,0.33,20.15625,20.03125,19.4375,19.9375,-9.8,24.0,56.0,0.0
7.05797,0x316,0.0,0.0,1.0,6.25,0.89,0.33,20.15625,20.03125,19.4375,19.9375,-9.8,24.0,56.0,0.0
7.06491,0x220,0.0,0.0,1.0,6.25,0.97,0.31,20.15625,20.03125,19.4375,19.9375,-9.8,24.0,56.0,0.0
7.06641,0x2B0,0.0,0.0,1.0,6.25,0.97,0.31,20.15625,20.03125,19.4375,19.9375,-9.7,12.0,56.0,0.0
7.06798,0x316,0.0,0.0,1.0,6.25,0.97,0.31,20.15625,20.03125,19.4375,19.9375,-9.7,12.0,45.0,0.0
7.07491,0x220,0.0,0.0,1.0,6.25,0.97,0.25,20.15625,20.03125,19.4375,19.9375,-9.7,12.0,45.0,0.0
7.0756,0x386,0.0,0.0,1.0,6.25,0.97,0.25,20.28125,20.21875,19.4375,20.125,-9.7,12.0,45.0,0.0
7.07651,0x2B0,0.0,0.0,1.0,6.25,0.97,0.25,20.28125,20.21875,19.4375,20.125,-9.5,12.0,45.0,0.0
7.07822,0x316,0.0,0.0,1.0,6.25,0.97,0.25,20.28125,20.21875,19.4375,20.125,-9.5,12.0,43.0,0.0
7.08491,0x220,0.0,0.0,1.0,6.25,0.95,0.34,20.28125,20.21875,19.4375,20.125,-9.5,12.0,43.0,0.0
7.08646,0x2B0,0.0,0.0,1.0,6.25,0.95,0.34,20.28125,20.21875,19.4375,20.125,-9.5,8.0,43.0,0.0
7.08801,0x316,0.0,0.0,1.0,6.25,0.95,0.34,20.28125,20.21875,19.4375,20.125,-9.5,8.0,40.0,0.0
7.09492,0x220,0.0,0.0,1.0,6.25,0.93,0.5,20.28125,20.21875,19.4375,20.125,-9.5,8.0,40.0,0.0
7.09563,0x386,0.0,0.0,1.0,6.25,0.93,0.5,20.09375,20.09375,19.6875,19.90625,-9.5,8.0,40.0,0.0
7.09654,0x2B0,0.0,0.0,1.0,6.25,0.93,0.5,20.09375,20.09375,19.6875,19.90625,-9.2,12.0,40.0,0.0
7.09798,0x316,0.0,0.0,1.0,6.25,0.93,0.5,20.09375,20.09375,19.6875,19.90625,-9.2,12.0,40.0,0.0
7.10491,0x220,0.0,0.0,1.0,6.25,0.94,0.48,20.09375,20.09375,19.6875,19.90625,-9.2,12.0,40.0,0.0
7.10651,0x2B0,0.0,0.0,1.0,6.25,0.94,0.48,20.09375,20.09375,19.6875,19.90625,-9.2,12.0,40.0,0.0
7.10793,0x316,0.0,0.0,1.0,6.25,0.94,0.48,20.09375,20.09375,19.6875,19.90625,-9.2,12.0,40.0,0.0
7.11491,0x220,0.0,0.0,1.0,6.25,0.92,0.37,20.09375,20.09375,19.6875,19.90625,-9.2,12.0,40.0,0.0
7.11561,0x386,0.0,0.0,1.0,6.25,0.92,0.37,20.25,20.25,19.78125,19.8125,-9.2,12.0,40.0,0.0
7.11651,0x2B0,0.0,0.0,1.0,6.25,0.92,0.37,20.25,20.25,19.78125,19.8125,-9.1,0.0,40.0,0.0
7.11803,0x316,0.0,0.0,1.0,6.25,0.92,0.37,20.25,20.25,19.78125,19.8125,-9.1,0.0,43.0,0.0
7.12492,0x220,0.0,0.0,1.0,6.25,0.92,0.49,20.25,20.25,19.78125,19.8125,-9.1,0.0,43.0,0.0
7.12648,0x2B0,0.0,0.0,1.0,6.25,0.92,0.49,20.25,20.25,19.78125,19.8125,-9.1,0.0,43.0,0.0
7.12799,0x316,0.0,0.0,1.0,6.25,0.92,0.49,20.25,20.25,19.78125,19.8125,-9.1,0.0,48.0,0.0
7.13491,0x220,0.0,0.0,1.0,6.25,1.09,0.79,20.25,20.25,19.78125,19.8125,-9.1,0.0,48.0,0.0
7.13562,0x386,0.0,0.0,1.0,6.25,1.09,0.79,20.09375,20.03125,19.625,19.875,-9.1,0.0,48.0,0.0
7.13645,0x2B0,0.0,0.0,1.0,6.25,1.09,0.79,20.09375,20.03125,19.625,19.875,-8.9,8.0,48.0,0.0
7.13807,0x316,0.0,0.0,1.0,6.25,1.09,0.79,20.09375,20.03125,19.625,19.875,-8.9,8.0,53.0,0.0
7.14491,0x220,0.0,0.0,1.0,6.25,1.43,0.84,20.09375,20.03125,19.625,19.875,-8.9,8.0,53.0,0.0
7.14648,0x2B0,0.0,0.0,1.0,6.25,1.43,0.84,20.09375,20.03125,19.625,19.875,-8.9,8.0,53.0,0.0
7.14864,0x316,0.0,0.0,1.0,6.25,1.43,0.84,20.09375,20.03125,19.625,19.875,-8.9,8.0,58.0,0.0
7.15492,0x220,0.0,0.0,1.0,6.25,1.73,0.42,20.09375,20.03125,19.625,19.875,-8.9,8.0,58.0,0.0
7.15562,0x386,0.0,0.0,1.0,6.25,1.73,0.42,20.25,20.21875,19.6875,20.09375,-8.9,8.0,58.0,0.0
7.15652,0x2B0,0.0,0.0,1.0,6.25,1.73,0.42,20.25,20.21875,19.6875,20.09375,-8.6,12.0,58.0,0.0
7.15803,0x316,0.0,0.0,1.0,6.25,1.73,0.42,20.25,20.21875,19.6875,20.09375,-8.6,12.0,58.0,0.0
7.16491,0x220,0.0,0.0,1.0,6.25,1.7,-0.03,20.25,20.21875,19.6875,20.09375,-8.6,12.0,58.0,0.0
7.16642,0x2B0,0.0,0.0,1.0,6.25,1.7,-0.03,20.25,20.21875,19.6875,20.09375,-8.5,20.0,58.0,0.0
7.16807,0x316,0.0,0.0,1.0,6.25,1.7,-0.03,20.25,20.21875,19.6875,20.09375,-8.5,20.0,63.0,0.0
7.1749,0x220,0.0,0.0,1.0,6.25,1.38,-0.15,20.25,20.21875,19.6875,20.09375,-8.5,20.0,63.0,0.0
7.1756,0x386,0.0,0.0,1.0,6.25,1.38,-0.15,20.25,20.125,19.90625,20.0,-8.5,20.0,63.0,0.0
7.17651,0x2B0,0.0,0.0,1.0,6.25,1.38,-0.15,20.25,20.125,19.90625,20.0,-8.5,0.0,63.0,0.0
7.17805,0x316,0.0,0.0,1.0,6.25,1.38,-0.15,20.25,20.125,19.90625,20.0,-8.5,0.0,66.0,0.0
7.18491,0x220,0.0,0.0,1.0,6.25,1.11,0.04,20.25,20.125,19.90625,20.0,-8.5,0.0,66.0,0.0
7.18643,0x2B0,0.0,0.0,1.0,6.25,1.11,0.04,20.25,20.125,19.90625,20.0,-8.3,8.0,66.0,0.0
7.18795,0x316,0.0,0.0,1.0,6.25,1.11,0.04,20.25,20.125,19.90625,20.0,-8.3,8.0,66.0,0.0
7.19491,0x220,0.0,0.0,1.0,6.25,1.06,0.24,20.25,20.125,19.90625,20.0,-8.3,8.0,66.0,0.0
7.19561,0x386,0.0,0.0,1.0,6.25,1.06,0.24,20.34375,20.375,19.71875,19.75,-8.3,8.0,66.0,0.0
7.19651,0x2B0,0.0,0.0,1.0,6.25,1.06,0.24,20.34375,20.375,19.71875,19.75,-8.3,8.0,66.0,0.0
7.19799,0x316,0.0,0.0,1.0,6.25,1.06,0.24,20.34375,20.375,19.71875,19.75,-8.3,8.0,63.0,0.0
7.20492,0x220,0.0,0.0,1.0,6.25,1.31,0.11,20.34375,20.375,19.71875,19.75,-8.3,8.0,63.0,0.0
7.20641,0x2B0,0.0,0.0,1.0,6.25,1.31,0.11,20.34375,20.375,19.71875,19.75,-8.1,8.0,63.0,0.0
7.20796,0x316,0.0,0.0,1.0,6.25,1.31,0.11,20.34375,20.375,19.71875,19.75,-8.1,8.0,58.0,0.0
7.21491,0x220,0.0,0.0,1.0,6.25,1.74,-0.16,20.34375,20.375,19.71875,19.75,-8.1,8.0,58.0,0.0
7.21561,0x386,0.0,0.0,1.0,6.25,1.74,-0.16,20.21875,20.34375,19.6875,19.875,-8.1,8.0,58.0,0.0
7.21652,0x2B0,0.0,0.0,1.0,6.25,1.74,-0.16,20.21875,20.34375,19.6875,19.875,-8.1,8.0,58.0,0.0
7.21798,0x316,0.0,0.0,1.0,6.25,1.74,-0.16,20.21875,20.34375,19.6875,19.875,-8.1,8.0,53.0,0.0
7.22491,0x220,0.0,0.0,1.0,6.25,2.16,-0.3,20.21875,20.34375,19.6875,19.875,-8.1,8.0,53.0,0.0
7.22643,0x2B0,0.0,0.0,1.0,6.25,2.16,-0.3,20.21875,20.34375,19.6875,19.875,-7.9,8.0,53.0,0.0
7.22795,0x316,0.0,0.0,1.0,6.25,2.16,-0.3,20.21875,20.34375,19.6875,19.875,-7.9,8.0,50.0,0.0
7.23491,0x220,0.0,0.0,1.0,6.25,2.29,-0.08,20.21875,20.34375,19.6875,19.875,-7.9,8.0,50.0,0.0
7.23561,0x386,0.0,0.0,1.0,6.25,2.29,-0.08,20.21875,20.28125,19.625,19.65625,-7.9,8.0,50.0,0.0
7.23644,0x2B0,0.0,0.0,1.0,6.25,2.29,-0.08,20.21875,20.28125,19.625,19.65625,-7.9,8.0,50.0,0.0
7.23806,0x316,0.0,0.0,1.0,6.25,2.29,-0.08,20.21875,20.28125,19.625,19.65625,-7.9,8.0,45.0,0.0
7.24492,0x220,0.0,0.0,1.0,6.25,2.0,0.15,20.21875,20.28125,19.625,19.65625,-7.9,8.0,45.0,0.0
7.24644,0x2B0,0.0,0.0,1.0,6.25,2.0,0.15,20.21875,20.28125,19.625,19.65625,-7.8,0.0,45.0,0.0
7.24889,0x316,0.0,0.0,1.0,6.25,2.0,0.15,20.21875,20.28125,19.625,19.65625,-7.8,0.0,45.0,0.0
7.25491,0x220,0.0,0.0,1.0,6.25,1.48,0.17,20.21875,20.28125,19.625,19.65625,-7.8,0.0,45.0,0.0
7.25562,0x386,0.0,0.0,1.0,6.25,1.48,0.17,20.25,20.3125,19.5625,19.40625,-7.8,0.0,45.0,0.0
7.25653,0x2B0,0.0,0.0,1.0,6.25,1.48,0.17,20.25,20.3125,19.5625,19.40625,-7.8,0.0,45.0,0.0
7.25797,0x316,0.0,0.0,1.0,6.25,1.48,0.17,20.25,20.3125,19.5625,19.40625,-7.8,0.0,45.0,0.0
7.26492,0x220,0.0,0.0,1.0,6.25,0.93,0.0,20.25,20.3125,19.5625,19.40625,-7.8,0.0,45.0,0.0
7.26642,0x2B0,0.0,0.0,1.0,6.25,0.93,0.0,20.25,20.3125,19.5625,19.40625,-7.6,8.0,45.0,0.0
7.26802,0x316,0.0,0.0,1.0,6.25,0.93,0.0,20.25,20.3125,19.5625,19.40625,-7.6,8.0,45.0,0.0
7.27492,0x220,0.0,0.0,1.0,6.25,0.64,-0.24,20.25,20.3125,19.5625,19.40625,-7.6,8.0,45.0,0.0
7.27561,0x386,0.0,0.0,1.0,6.25,0.64,-0.24,20.1875,20.21875,19.25,19.59375,-7.6,8.0,45.0,0.0
7.27653,0x2B0,0.0,0.0,1.0,6.25,0.64,-0.24,20.1875,20.21875,19.25,19.59375,-7.6,8.0,45.0,0.0
7.27804,0x316,0.0,0.0,1.0,6.25,0.64,-0.24,20.1875,20.21875,19.25,19.59375,-7.6,8.0,48.0,0.0
7.28492,0x220,0.0,0.0,1.0,6.25,0.62,-0.47,20.1875,20.21875,19.25,19.59375,-7.6,8.0,48.0,0.0
7.28642,0x2B0,0.0,0.0,1.0,6.25,0.62,-0.47,20.1875,20.21875,19.25,19.59375,-7.3,12.0,48.0,0.0
7.28807,0x316,0.0,0.0,1.0,6.25,0.62,-0.47,20.1875,20.21875,19.25,19.59375,-7.3,12.0,50.0,0.0
7.29493,0x220,0.0,0.0,1.0,6.25,0.77,-0.48,20.1875,20.21875,19.25,19.59375,-7.3,12.0,50.0,0.0
7.29562,0x386,0.0,0.0,1.0,6.25,0.77,-0.48,20.21875,20.28125,19.71875,19.5625,-7.3,12.0,50.0,0.0
7.29652,0x2B0,0.0,0.0,1.0,6.25,0.77,-0.48,20.21875,20.28125,19.71875,19.5625,-7.3,12.0,50.0,0.0
7.29797,0x316,0.0,0.0,1.0,6.25,0.77,-0.48,20.21875,20.28125,19.71875,19.5625,-7.3,12.0,56.0,0.0
7.30492,0x220,0.0,0.0,1.0,6.25,1.03,-0.26,20.21875,20.28125,19.71875,19.5625,-7.3,12.0,56.0,0.0
7.30637,0x2B0,0.0,0.0,1.0,6.25,1.03,-0.26,20.21875,20.28125,19.71875,19.5625,-7.3,0.0,56.0,0.0
7.30795,0x316,0.0,0.0,1.0,6.25,1.03,-0.26,20.21875,20.28125,19.71875,19.5625,-7.3,0.0,61.0,0.0
7.31492,0x220,0.0,0.0,1.0,6.25,1.25,0.03,20.21875,20.28125,19.71875,19.5625,-7.3,0.0,61.0,0.0
7.31562,0x386,0.0,0.0,1.0,6.25,1.25,0.03,20.09375,20.15625,19.90625,19.875,-7.3,0.0,61.0,0.0
7.31652,0x2B0,0.0,0.0,1.0,6.25,1.25,0.03,20.09375,20.15625,19.90625,19.875,-7.3,0.0,61.0,0.0
7.31796,0x316,0.0,0.0,1.0,6.25,1.25,0.03,20.09375,20.15625,19.90625,19.875,-7.3,0.0,63.0,0.0
7.32492,0x220,0.0,0.0,1.0,6.25,1.44,0.24,20.09375,20.15625,19.90625,19.875,-7.3,0.0,63.0,0.0
7.32644,0x2B0,0.0,0.0,1.0,6.25,1.44,0.24,20.09375,20.15625,19.90625,19.875,-7.3,0.0,63.0,0.0
7.32799,0x316,0.0,0.0,1.0,6.25,1.44,0.24,20.09375,20.15625,19.90625,19.875,-7.3,0.0,63.0,0.0
7.33492,0x220,0.0,0.0,1.0,6.25,1.65,0.18,20.09375,20.15625,19.90625,19.875,-7.3,0.0,63.0,0.0
7.33562,0x386,0.0,0.0,1.0,6.25,1.65,0.18,20.0,20.25,19.5,20.1875,-7.3,0.0,63.0,0.0
7.33645,0x2B0,0.0,0.0,1.0,6.25,1.65,0.18,20.0,20.25,19.5,20.1875,-7.6,12.0,63.0,0.0
7.33813,0x316,0.0,0.0,1.0,6.25,1.65,0.18,20.0,20.25,19.5,20.1875,-7.6,12.0,63.0,0.0
7.34492,0x220,0.0,0.0,1.0,6.25,1.76,-0.1,20.0,20.25,19.5,20.1875,-7.6,12.0,63.0,0.0
7.34644,0x2B0,0.0,0.0,1.0,6.25,1.76,-0.1,20.0,20.25,19.5,20.1875,-7.7,20.0,63.0,0.0
7.34871,0x316,0.0,0.0,1.0,6.25,1.76,-0.1,20.0,20.25,19.5,20.1875,-7.7,20.0,61.0,0.0
7.35491,0x220,0.0,0.0,1.0,6.25,1.69,-0.29,20.0,20.25,19.5,20.1875,-7.7,20.0,61.0,0.0
7.35561,0x386,0.0,0.0,1.0,6.25,1.69,-0.29,20.1875,20.0625,19.78125,20.09375,-7.7,20.0,61.0,0.0
7.35651,0x2B0,0.0,0.0,1.0,6.25,1.69,-0.29,20.1875,20.0625,19.78125,20.09375,-7.7,0.0,61.0,0.0
7.35797,0x316,0.0,0.0,1.0,6.25,1.69,-0.29,20.1875,20.0625,19.78125,20.09375,-7.7,0.0,61.0,0.0
7.36491,0x220,0.0,0.0,1.0,6.25,1.44,-0.12,20.1875,20.0625,19.78125,20.09375,-7.7,0.0,61.0,0.0
7.36644,0x2B0,0.0,0.0,1.0,6.25,1.44,-0.12,20.1875,20.0625,19.78125,20.09375,-7.7,0.0,61.0,0.0
7.36807,0x316,0.0,0.0,1.0,6.25,1.44,-0.12,20.1875,20.0625,19.78125,20.09375,-7.7,0.0,53.0,0.0
7.37491,0x220,0.0,0.0,1.0,6.25,1.18,0.24,20.1875,20.0625,19.78125,20.09375,-7.7,0.0,53.0,0.0
7.37561,0x386,0.0,0.0,1.0,6.25,1.18,0.24,20.1875,20.3125,20.03125,20.09375,-7.7,0.0,53.0,0.0
7.37651,0x2B0,0.0,0.0,1.0,6.25,1.18,0.24,20.1875,20.3125,20.03125,20.09375,-7.9,8.0,53.0,0.0
7.37821,0x316,0.0,0.0,1.0,6.25,1.18,0.24,20.1875,20.3125,20.03125,20.09375,-7.9,8.0,50.0,0.0
7.38491,0x220,0.0,0.0,1.0,6.25,1.02,0.46,20.1875,20.3125,20.03125,20.09375,-7.9,8.0,50.0,0.0
7.38643,0x2B0,0.0,0.0,1.0,6.25,1.02,0.46,20.1875,20.3125,20.03125,20.09375,-8.1,20.0,50.0,0.0
7.38795,0x316,0.0,0.0,1.0,6.25,1.02,0.46,20.1875,20.3125,20.03125,20.09375,-8.1,20.0,48.0,0.0
7.39492,0x220,0.0,0.0,1.0,6.25,0.95,0.36,20.1875,20.3125,20.03125,20.09375,-8.1,20.0,48.0,0.0
7.39562,0x386,0.0,0.0,1.0,6.25,0.95,0.36,20.15625,20.0625,19.8125,19.96875,-8.1,20.0,48.0,0.0
7.39652,0x2B0,0.0,0.0,1.0,6.25,0.95,0.36,20.15625,20.0625,19.8125,19.96875,-8.2,12.0,48.0,0.0
7.39797,0x316,0.0,0.0,1.0,6.25,0.95,0.36,20.15625,20.0625,19.8125,19.96875,-8.2,12.0,48.0,0.0
7.40492,0x220,0.0,0.0,1.0,6.25,0.99,0.1,20.15625,20.0625,19.8125,19.96875,-8.2,12.0,48.0,0.0
7.40645,0x2B0,0.0,0.0,1.0,6.25,0.99,0.1,20.15625,20.0625,19.8125,19.96875,-8.2,0.0,48.0,0.0
7.40795,0x316,0.0,0.0,1.0,6.25,0.99,0.1,20.15625,20.0625,19.8125,19.96875,-8.2,0.0,48.0,0.0
7.41491,0x220,0.0,0.0,1.0,6.25,1.16,-0.05,20.15625,20.0625,19.8125,19.96875,-8.2,0.0,48.0,0.0
7.41562,0x386,0.0,0.0,1.0,6.25,1.16,-0.05,20.34375,20.125,19.53125,19.8125,-8.2,0.0,48.0,0.0
7.41652,0x2B0,0.0,0.0,1.0,6.25,1.16,-0.05,20.34375,20.125,19.53125,19.8125,-8.4,8.0,48.0,0.0
7.41801,0x316,0.0,0.0,1.0,6.25,1.16,-0.05,20.34375,20.125,19.53125,19.8125,-8.4,8.0,48.0,0.0
7.42492,0x220,0.0,0.0,1.0,6.25,1.43,-0.1,20.34375,20.125,19.53125,19.8125,-8.4,8.0,48.0,0.0
7.42643,0x2B0,0.0,0.0,1.0,6.25,1.43,-0.1,20.34375,20.125,19.53125,19.8125,-8.4,8.0,48.0,0.0
7.42793,0x316,0.0,0.0,1.0,6.25,1.43,-0.1,20.34375,20.125,19.53125,19.8125,-8.4,8.0,50.0,0.0
7.43492,0x220,0.0,0.0,1.0,6.25,1.66,-0.18,20.34375,20.125,19.53125,19.8125,-8.4,8.0,50.0,0.0
7.43561,0x386,0.0,0.0,1.0,6.25,1.66,-0.18,20.1875,20.25,19.46875,19.59375,-8.4,8.0,50.0,0.0
7.43644,0x2B0,0.0,0.0,1.0,6.25,1.66,-0.18,20.1875,20.25,19.46875,19.59375,-8.4,0.0,50.0,0.0
7.43805,0x316,0.0,0.0,1.0,6.25,1.66,-0.18,20.1875,20.25,19.46875,19.59375,-8.4,0.0,53.0,0.0
7.44492,0x220,0.0,0.0,1.0,6.25,1.78,-0.4,20.1875,20.25,19.46875,19.59375,-8.4,0.0,53.0,0.0
7.44643,0x2B0,0.0,0.0,1.0,6.25,1.78,-0.4,20.1875,20.25,19.46875,19.59375,-8.4,0.0,53.0,0.0
7.44901,0x316,0.0,0.0,1.0,6.25,1.78,-0.4,20.1875,20.25,19.46875,19.59375,-8.4,0.0,56.0,0.0
7.45492,0x220,0.0,0.0,1.0,6.25,1.78,-0.55,20.1875,20.25,19.46875,19.59375,-8.4,0.0,56.0,0.0
7.45562,0x386,0.0,0.0,1.0,6.25,1.78,-0.55,20.21875,20.21875,19.875,19.5625,-8.4,0.0,56.0,0.0
7.45652,0x2B0,0.0,0.0,1.0,6.25,1.78,-0.55,20.21875,20.21875,19.875,19.5625,-8.4,0.0,56.0,0.0
7.45801,0x316,0.0,0.0,1.0,6.25,1.78,-0.55,20.21875,20.21875,19.875,19.5625,-8.4,0.0,56.0,0.0
7.46491,0x220,0.0,0.0,1.0,6.25,1.71,-0.49,20.21875,20.21875,19.875,19.5625,-8.4,0.0,56.0,0.0
7.46637,0x2B0,0.0,0.0,1.0,6.25,1.71,-0.49,20.21875,20.21875,19.875,19.5625,-8.4,0.0,56.0,0.0
7.46798,0x316,0.0,0.0,1.0,6.25,1.71,-0.49,20.21875,20.21875,19.875,19.5625,-8.4,0.0,61.0,0.0
7.47492,0x220,0.0,0.0,1.0,6.25,1.75,-0.38,20.21875,20.21875,19.875,19.5625,-8.4,0.0,61.0,0.0
7.47561,0x386,0.0,0.0,1.0,6.25,1.75,-0.38,20.1875,20.1875,19.84375,19.6875,-8.4,0.0,61.0,0.0
7.47652,0x2B0,0.0,0.0,1.0,6.25,1.75,-0.38,20.1875,20.1875,19.84375,19.6875,-8.4,0.0,61.0,0.0
7.47805,0x316,0.0,0.0,1.0,6.25,1.75,-0.38,20.1875,20.1875,19.84375,19.6875,-8.4,0.0,61.0,0.0
7.48491,0x220,0.0,0.0,1.0,6.25,1.95,-0.5,20.1875,20.1875,19.84375,19.6875,-8.4,0.0,61.0,0.0
7.48637,0x2B0,0.0,0.0,1.0,6.25,1.95,-0.5,20.1875,20.1875,19.84375,19.6875,-8.4,0.0,61.0,0.0
7.488,0x316,0.0,0.0,1.0,6.25,1.95,-0.5,20.1875,20.1875,19.84375,19.6875,-8.4,0.0,61.0,0.0
7.49493,0x220,0.0,0.0,1.0,6.25,2.05,-0.79,20.1875,20.1875,19.84375,19.6875,-8.4,0.0,61.0,0.0
7.49562,0x386,0.0,0.0,1.0,6.25,2.05,-0.79,20.25,20.1875,19.8125,19.59375,-8.4,0.0,61.0,0.0
7.49654,0x2B0,0.0,0.0,1.0,6.25,2.05,-0.79,20.25,20.1875,19.8125,19.59375,-8.4,0.0,61.0,0.0
7.498,0x316,0.0,0.0,1.0,6.25,2.05,-0.79,20.25,20.1875,19.8125,19.59375,-8.4,0.0,56.0,0.0
7.50492,0x220,0.0,0.0,1.0,6.25,2.0,-0.95,20.25,20.1875,19.8125,19.59375,-8.4,0.0,56.0,0.0
7.50643,0x2B0,0.0,0.0,1.0,6.25,2.0,-0.95,20.25,20.1875,19.8125,19.59375,-8.4,0.0,56.0,0.0
7.50793,0x316,0.0,0.0,1.0,6.25,2.0,-0.95,20.25,20.1875,19.8125,19.59375,-8.4,0.0,53.0,0.0
7.51492,0x220,0.0,0.0,1.0,6.25,1.81,-0.96,20.25,20.1875,19.8125,19.59375,-8.4,0.0,53.0,0.0
7.51562,0x386,0.0,0.0,1.0,6.25,1.81,-0.96,20.25,20.3125,19.625,19.25,-8.4,0.0,53.0,0.0
7.51653,0x2B0,0.0,0.0,1.0,6.25,1.81,-0.96,20.25,20.3125,19.625,19.25,-8.5,0.0,53.0,0.0
7.51796,0x316,0.0,0.0,1.0,6.25,1.81,-0.96,20.25,20.3125,19.625,19.25,-8.5,0.0,48.0,0.0
7.52492,0x220,0.0,0.0,1.0,6.25,1.5,-0.92,20.25,20.3125,19.625,19.25,-8.5,0.0,48.0,0.0
7.52644,0x2B0,0.0,0.0,1.0,6.25,1.5,-0.92,20.25,20.3125,19.625,19.25,-8.5,0.0,48.0,0.0
7.52796,0x316,0.0,0.0,1.0,6.25,1.5,-0.92,20.25,20.3125,19.625,19.25,-8.5,0.0,45.0,0.0
7.53491,0x220,0.0,0.0,1.0,6.25,1.08,-0.97,20.25,20.3125,19.625,19.25,-8.5,0.0,45.0,0.0
7.53561,0x386,0.0,0.0,1.0,6.25,1.08,-0.97,20.15625,20.21875,19.625,19.1875,-8.5,0.0,45.0,0.0
7.53645,0x2B0,0.0,0.0,1.0,6.25,1.08,-0.97,20.15625,20.21875,19.625,19.1875,-8.5,0.0,45.0,0.0
7.53813,0x316,0.0,0.0,1.0,6.25,1.08,-0.97,20.15625,20.21875,19.625,19.1875,-8.5,0.0,45.0,0.0
7.54493,0x220,0.0,0.0,1.0,6.25,0.69,-0.98,20.15625,20.21875,19.625,19.1875,-8.5,0.0,45.0,0.0
7.54643,0x2B0,0.0,0.0,1.0,6.25,0.69,-0.98,20.15625,20.21875,19.625,19.1875,-8.5,0.0,45.0,0.0
7.54868,0x316,0.0,0.0,1.0,6.25,0.69,-0.98,20.15625,20.21875,19.625,19.1875,-8.5,0.0,45.0,0.0
7.55468,0x220,0.0,0.0,1.0,6.25,0.46,-0.76,20.15625,20.21875,19.625,19.1875,-8.5,0.0,45.0,0.0
7.55562,0x386,0.0,0.0,1.0,6.25,0.46,-0.76,20.21875,20.0625,19.59375,19.6875,-8.5,0.0,45.0,0.0
7.55652,0x2B0,0.0,0.0,1.0,6.25,0.46,-0.76,20.21875,20.0625,19.59375,19.6875,-8.5,0.0,45.0,0.0
7.55796,0x316,0.0,0.0,1.0,6.25,0.46,-0.76,20.21875,20.0625,19.59375,19.6875,-8.5,0.0,45.0,0.0
7.56493,0x220,0.0,0.0,1.0,6.25,0.51,-0.37,20.21875,20.0625,19.59375,19.6875,-8.5,0.0,45.0,0.0
7.56638,0x2B0,0.0,0.0,1.0,6.25,0.51,-0.37,20.21875,20.0625,19.59375,19.6875,-8.5,0.0,45.0,0.0
7.56803,0x316,0.0,0.0,1.0,6.25,0.51,-0.37,20.21875,20.0625,19.59375,19.6875,-8.5,0.0,53.0,0.0
7.57468,0x220,0.0,0.0,1.0,6.25,0.72,-0.07,20.21875,20.0625,19.59375,19.6875,-8.5,0.0,53.0,0.0
7.57563,0x386,0.0,0.0,1.0,6.25,0.72,-0.07,19.96875,20.09375,19.4375,19.65625,-8.5,0.0,53.0,0.0
7.57654,0x2B0,0.0,0.0,1.0,6.25,0.72,-0.07,19.96875,20.09375,19.4375,19.65625,-8.5,0.0,53.0,0.0
7.57819,0x316,0.0,0.0,1.0,6.25,0.72,-0.07,19.96875,20.09375,19.4375,19.65625,-8.5,0.0,56.0,0.0
7.58469,0x220,0.0,0.0,1.0,6.25,0.79,0.0,19.96875,20.09375,19.4375,19.65625,-8.5,0.0,56.0,0.0
7.5864,0x2B0,0.0,0.0,1.0,6.25,0.79,0.0,19.96875,20.09375,19.4375,19.65625,-8.4,0.0,56.0,0.0
7.58794,0x316,0.0,0.0,1.0,6.25,0.79,0.0,19.96875,20.09375,19.4375,19.65625,-8.4,0.0,61.0,0.0
7.5947,0x220,0.0,0.0,1.0,6.25,0.63,0.01,19.96875,20.09375,19.4375,19.65625,-8.4,0.0,61.0,0.0
7.59564,0x386,0.0,0.0,1.0,6.25,0.63,0.01,20.1875,20.03125,19.25,19.40625,-8.4,0.0,61.0,0.0
7.59655,0x2B0,0.0,0.0,1.0,6.25,0.63,0.01,20.1875,20.03125,19.25,19.40625,-8.4,0.0,61.0,0.0
7.59796,0x316,0.0,0.0,1.0,6.25,0.63,0.01,20.1875,20.03125,19.25,19.40625,-8.4,0.0,63.0,0.0
7.6047,0x220,0.0,0.0,1.0,6.25,0.26,0.08,20.1875,20.03125,19.25,19.40625,-8.4,0.0,63.0,0.0
7.60643,0x2B0,0.0,0.0,1.0,6.25,0.26,0.08,20.1875,20.03125,19.25,19.40625,-8.6,8.0,63.0,0.0
7.60795,0x316,0.0,0.0,1.0,6.25,0.26,0.08,20.1875,20.03125,19.25,19.40625,-8.6,8.0,66.0,0.0
7.61468,0x220,0.0,0.0,1.0,6.25,-0.1,0.31,20.1875,20.03125,19.25,19.40625,-8.6,8.0,66.0,0.0
7.61562,0x386,0.0,0.0,1.0,6.25,-0.1,0.31,20.09375,20.125,19.28125,19.125,-8.6,8.0,66.0,0.0
7.61652,0x2B0,0.0,0.0,1.0,6.25,-0.1,0.31,20.09375,20.125,19.28125,19.125,-8.8,20.0,66.0,0.0
7.61805,0x316,0.0,0.0,1.0,6.25,-0.1,0.31,20.09375,20.125,19.28125,19.125,-8.8,20.0,68.0,0.0
7.62468,0x220,0.0,0.0,1.0,6.25,-0.26,0.59,20.09375,20.125,19.28125,19.125,-8.8,20.0,68.0,0.0
7.62643,0x2B0,0.0,0.0,1.0,6.25,-0.26,0.59,20.09375,20.125,19.28125,19.125,-8.8,8.0,68.0,0.0
7.62792,0x316,0.0,0.0,1.0,6.25,-0.26,0.59,20.09375,20.125,19.28125,19.125,-8.8,8.0,68.0,0.0
7.63469,0x220,0.0,0.0,1.0,6.25,-0.15,0.69,20.09375,20.125,19.28125,19.125,-8.8,8.0,68.0,0.0
7.63562,0x386,0.0,0.0,1.0,6.25,-0.15,0.69,19.96875,19.96875,19.84375,19.71875,-8.8,8.0,68.0,0.0
7.63646,0x2B0,0.0,0.0,1.0,6.25,-0.15,0.69,19.96875,19.96875,19.84375,19.71875,-9.1,12.0,68.0,0.0
7.63807,0x316,0.0,0.0,1.0,6.25,-0.15,0.69,19.96875,19.96875,19.84375,19.71875,-9.1,12.0,68.0,0.0
7.64468,0x220,0.0,0.0,1.0,6.25,0.08,0.68,19.96875,19.96875,19.84375,19.71875,-9.1,12.0,68.0,0.0
7.64643,0x2B0,0.0,0.0,1.0,6.25,0.08,0.68,19.96875,19.96875,19.84375,19.71875,-9.1,12.0,68.0,0.0
7.64883,0x316,0.0,0.0,1.0,6.25,0.08,0.68,19.96875,19.96875,19.84375,19.71875,-9.1,12.0,66.0,0.0
7.65468,0x220,0.0,0.0,1.0,6.25,0.24,0.83,19.96875,19.96875,19.84375,19.71875,-9.1,12.0,66.0,0.0
7.65562,0x386,0.0,0.0,1.0,6.25,0.24,0.83,19.96875,20.0625,19.8125,20.375,-9.1,12.0,66.0,0.0
7.65652,0x2B0,0.0,0.0,1.0,6.25,0.24,0.83,19.96875,20.0625,19.8125,20.375,-9.4,12.0,66.0,0.0
7.65805,0x316,0.0,0.0,1.0,6.25,0.24,0.83,19.96875,20.0625,19.8125,20.375,-9.4,12.0,66.0,0.0
7.66468,0x220,0.0,0.0,1.0,6.25,0.23,1.13,19.96875,20.0625,19.8125,20.375,-9.4,12.0,66.0,0.0
7.6664,0x2B0,0.0,0.0,1.0,6.25,0.23,1.13,19.96875,20.0625,19.8125,20.375,-9.6,24.0,66.0,0.0
7.66804,0x316,0.0,0.0,1.0,6.25,0.23,1.13,19.96875,20.0625,19.8125,20.375,-9.6,24.0,61.0,0.0
7.67468,0x220,0.0,0.0,1.0,6.25,0.11,1.31,19.96875,20.0625,19.8125,20.375,-9.6,24.0,61.0,0.0
7.67563,0x386,0.0,0.0,1.0,6.25,0.11,1.31,20.03125,20.09375,20.0,20.21875,-9.6,24.0,61.0,0.0
7.67653,0x2B0,0.0,0.0,1.0,6.25,0.11,1.31,20.03125,20.09375,20.0,20.21875,-9.9,24.0,61.0,0.0
7.67807,0x316,0.0,0.0,1.0,6.25,0.11,1.31,20.03125,20.09375,20.0,20.21875,-9.9,24.0,58.0,0.0
7.68469,0x220,0.0,0.0,1.0,6.25,0.02,1.21,20.03125,20.09375,20.0,20.21875,-9.9,24.0,58.0,0.0
7.6864,0x2B0,0.0,0.0,1.0,6.25,0.02,1.21,20.03125,20.09375,20.0,20.21875,-10.1,24.0,58.0,0.0
7.68795,0x316,0.0,0.0,1.0,6.25,0.02,1.21,20.03125,20.09375,20.0,20.21875,-10.1,24.0,56.0,0.0
7.69469,0x220,0.0,0.0,1.0,6.25,0.08,0.98,20.03125,20.09375,20.0,20.21875,-10.1,24.0,56.0,0.0
7.69562,0x386,0.0,0.0,1.0,6.25,0.08,0.98,20.15625,20.03125,20.125,20.0,-10.1,24.0,56.0,0.0
7.69653,0x2B0,0.0,0.0,1.0,6.25,0.08,0.98,20.15625,20.03125,20.125,20.0,-10.3,20.0,56.0,0.0
7.69805,0x316,0.0,0.0,1.0,6.25,0.08,0.98,20.15625,20.03125,20.125,20.0,-10.3,20.0,56.0,0.0
7.70469,0x220,0.0,0.0,1.0,6.25,0.33,0.93,20.15625,20.03125,20.125,20.0,-10.3,20.0,56.0,0.0
7.70642,0x2B0,0.0,0.0,1.0,6.25,0.33,0.93,20.15625,20.03125,20.125,20.0,-10.5,20.0,56.0,0.0
7.70797,0x316,0.0,0.0,1.0,6.25,0.33,0.93,20.15625,20.03125,20.125,20.0,-10.5,20.0,56.0,0.0
7.71468,0x220,0.0,0.0,1.0,6.25,0.6,0.98,20.15625,20.03125,20.125,20.0,-10.5,20.0,56.0,0.0
7.71562,0x386,0.0,0.0,1.0,6.25,0.6,0.98,20.0625,20.09375,19.75,19.84375,-10.5,20.0,56.0,0.0
7.71653,0x2B0,0.0,0.0,1.0,6.25,0.6,0.98,20.0625,20.09375,19.75,19.84375,-10.5,8.0,56.0,0.0
7.71798,0x316,0.0,0.0,1.0,6.25,0.6,0.98,20.0625,20.09375,19.75,19.84375,-10.5,8.0,56.0,0.0
7.72469,0x220,0.0,0.0,1.0,6.25,0.7,0.93,20.0625,20.09375,19.75,19.84375,-10.5,8.0,56.0,0.0
7.72646,0x2B0,0.0,0.0,1.0,6.25,0.7,0.93,20.0625,20.09375,19.75,19.84375,-10.6,0.0,56.0,0.0
7.72794,0x316,0.0,0.0,1.0,6.25,0.7,0.93,20.0625,20.09375,19.75,19.84375,-10.6,0.0,58.0,0.0
7.73469,0x220,0.0,0.0,1.0,6.25,0.55,0.84,20.0625,20.09375,19.75,19.84375,-10.6,0.0,58.0,0.0
7.73562,0x386,0.0,0.0,1.0,6.25,0.55,0.84,20.28125,20.09375,19.6875,19.59375,-10.6,0.0,58.0,0.0
7.73645,0x2B0,0.0,0.0,1.0,6.25,0.55,0.84,20.28125,20.09375,19.6875,19.59375,-10.6,0.0,58.0,0.0
7.73814,0x316,0.0,0.0,1.0,6.25,0.55,0.84,20.28125,20.09375,19.6875,19.59375,-10.6,0.0,63.0,0.0
7.74469,0x220,0.0,0.0,1.0,6.25,0.29,0.89,20.28125,20.09375,19.6875,19.59375,-10.6,0.0,63.0,0.0
7.74639,0x2B0,0.0,0.0,1.0,6.25,0.29,0.89,20.28125,20.09375,19.6875,19.59375,-10.5,0.0,63.0,0.0
7.74874,0x316,0.0,0.0,1.0,6.25,0.29,0.89,20.28125,20.09375,19.6875,19.59375,-10.5,0.0,66.0,0.0
7.75468,0x220,0.0,0.0,1.0,6.25,0.19,0.81,20.28125,20.09375,19.6875,19.59375,-10.5,0.0,66.0,0.0
7.75562,0x386,0.0,0.0,1.0,6.25,0.19,0.81,20.375,20.1875,19.6875,19.65625,-10.5,0.0,66.0,0.0
7.75653,0x2B0,0.0,0.0,1.0,6.25,0.19,0.81,20.375,20.1875,19.6875,19.65625,-10.5,0.0,66.0,0.0
7.75796,0x316,0.0,0.0,1.0,6.25,0.19,0.81,20.375,20.1875,19.6875,19.65625,-10.5,0.0,66.0,0.0
7.76469,0x220,0.0,0.0,1.0,6.25,0.38,0.37,20.375,20.1875,19.6875,19.65625,-10.5,0.0,66.0,0.0
7.76639,0x2B0,0.0,0.0,1.0,6.25,0.38,0.37,20.375,20.1875,19.6875,19.65625,-10.3,8.0,66.0,0.0
7.76802,0x316,0.0,0.0,1.0,6.25,0.38,0.37,20.375,20.1875,19.6875,19.65625,-10.3,8.0,71.0,0.0
7.77469,0x220,0.0,0.0,1.0,6.25,0.74,-0.21,20.375,20.1875,19.6875,19.65625,-10.3,8.0,71.0,0.0
7.77563,0x386,0.0,0.0,1.0,6.25,0.74,-0.21,20.3125,20.21875,19.40625,19.71875,-10.3,8.0,71.0,0.0
7.77654,0x2B0,0.0,0.0,1.0,6.25,0.74,-0.21,20.3125,20.21875,19.40625,19.71875,-10.0,24.0,71.0,0.0
7.77822,0x316,0.0,0.0,1.0,6.25,0.74,-0.21,20.3125,20.21875,19.40625,19.71875,-10.0,24.0,71.0,0.0
7.78468,0x220,0.0,0.0,1.0,6.25,1.06,-0.6,20.3125,20.21875,19.40625,19.71875,-10.0,24.0,71.0,0.0
7.78637,0x2B0,0.0,0.0,1.0,6.25,1.06,-0.6,20.3125,20.21875,19.40625,19.71875,-9.8,24.0,71.0,0.0
7.78798,0x316,0.0,0.0,1.0,6.25,1.06,-0.6,20.3125,20.21875,19.40625,19.71875,-9.8,24.0,71.0,0.0
7.7947,0x220,0.0,0.0,1.0,6.25,1.27,-0.57,20.3125,20.21875,19.40625,19.71875,-9.8,24.0,71.0,0.0
7.79563,0x386,0.0,0.0,1.0,6.25,1.27,-0.57,20.34375,20.28125,19.25,19.5,-9.8,24.0,71.0,0.0
7.79653,0x2B0,0.0,0.0,1.0,6.25,1.27,-0.57,20.34375,20.28125,19.25,19.5,-9.6,20.0,71.0,0.0
7.79797,0x316,0.0,0.0,1.0,6.25,1.27,-0.57,20.34375,20.28125,19.25,19.5,-9.6,20.0,71.0,0.0
7.80468,0x220,0.0,0.0,1.0,6.25,1.4,-0.19,20.34375,20.28125,19.25,19.5,-9.6,20.0,71.0,0.0
7.80639,0x2B0,0.0,0.0,1.0,6.25,1.4,-0.19,20.34375,20.28125,19.25,19.5,-9.4,20.0,71.0,0.0
7.80792,0x316,0.0,0.0,1.0,6.25,1.4,-0.19,20.34375,20.28125,19.25,19.5,-9.4,20.0,68.0,0.0
7.81469,0x220,0.0,0.0,1.0,6.25,1.51,0.05,20.34375,20.28125,19.25,19.5,-9.4,20.0,68.0,0.0
7.81563,0x386,0.0,0.0,1.0,6.25,1.51,0.05,20.34375,20.3125,19.21875,19.28125,-9.4,20.0,68.0,0.0
7.81653,0x2B0,0.0,0.0,1.0,6.25,1.51,0.05,20.34375,20.3125,19.21875,19.28125,-9.1,24.0,68.0,0.0
7.81803,0x316,0.0,0.0,1.0,6.25,1.51,0.05,20.34375,20.3125,19.21875,19.28125,-9.1,24.0,68.0,0.0
7.82469,0x220,0.0,0.0,1.0,6.25,1.58,-0.08,20.34375,20.3125,19.21875,19.28125,-9.1,24.0,68.0,0.0
7.82641,0x2B0,0.0,0.0,1.0,6.25,1.58,-0.08,20.34375,20.3125,19.21875,19.28125,-8.9,24.0,68.0,0.0
7.82796,0x316,0.0,0.0,1.0,6.25,1.58,-0.08,20.34375,20.3125,19.21875,19.28125,-8.9,24.0,63.0,0.0
7.83509,0x220,0.0,0.0,1.0,6.25,1.52,-0.44,20.34375,20.3125,19.21875,19.28125,-8.9,24.0,63.0,0.0
7.83579,0x386,0.0,0.0,1.0,6.25,1.52,-0.44,20.3125,20.25,19.65625,19.625,-8.9,24.0,63.0,0.0
7.83645,0x2B0,0.0,0.0,1.0,6.25,1.52,-0.44,20.3125,20.25,19.65625,19.625,-8.8,12.0,63.0,0.0
7.83804,0x316,0.0,0.0,1.0,6.25,1.52,-0.44,20.3125,20.25,19.65625,19.625,-8.8,12.0,61.0,0.0
7.8447,0x220,0.0,0.0,1.0,6.25,1.39,-0.62,20.3125,20.25,19.65625,19.625,-8.8,12.0,61.0,0.0
7.84638,0x2B0,0.0,0.0,1.0,6.25,1.39,-0.62,20.3125,20.25,19.65625,19.625,-8.5,20.0,61.0,0.0
7.84875,0x316,0.0,0.0,1.0,6.25,1.39,-0.62,20.3125,20.25,19.65625,19.625,-8.5,20.0,58.0,0.0
7.85469,0x220,0.0,0.0,1.0,6.25,1.25,-0.56,20.3125,20.25,19.65625,19.625,-8.5,20.0,58.0,0.0
7.85564,0x386,0.0,0.0,1.0,6.25,1.25,-0.56,20.3125,20.21875,19.90625,19.96875,-8.5,20.0,58.0,0.0
7.85654,0x2B0,0.0,0.0,1.0,6.25,1.25,-0.56,20.3125,20.21875,19.90625,19.96875,-8.5,12.0,58.0,0.0
7.85803,0x316,0.0,0.0,1.0,6.25,1.25,-0.56,20.3125,20.21875,19.90625,19.96875,-8.5,12.0,58.0,0.0
7.86469,0x220,0.0,0.0,1.0,6.25,1.15,-0.39,20.3125,20.21875,19.90625,19.96875,-8.5,12.0,58.0,0.0
7.86639,0x2B0,0.0,0.0,1.0,6.25,1.15,-0.39,20.3125,20.21875,19.90625,19.96875,-8.3,8.0,58.0,0.0
7.86806,0x316,0.0,0.0,1.0,6.25,1.15,-0.39,20.3125,20.21875,19.90625,19.96875,-8.3,8.0,53.0,0.0
7.87469,0x220,0.0,0.0,1.0,6.25,1.13,-0.24,20.3125,20.21875,19.90625,19.96875,-8.3,8.0,53.0,0.0
7.87564,0x386,0.0,0.0,1.0,6.25,1.13,-0.24,20.21875,20.28125,19.84375,20.09375,-8.3,8.0,53.0,0.0
7.87655,0x2B0,0.0,0.0,1.0,6.25,1.13,-0.24,20.21875,20.28125,19.84375,20.09375,-8.3,8.0,53.0,0.0
7.87803,0x316,0.0,0.0,1.0,6.25,1.13,-0.24,20.21875,20.28125,19.84375,20.09375,-8.3,8.0,53.0,0.0
7.88469,0x220,0.0,0.0,1.0,6.25,1.24,-0.23,20.21875,20.28125,19.84375,20.09375,-8.3,8.0,53.0,0.0
7.88637,0x2B0,0.0,0.0,1.0,6.25,1.24,-0.23,20.21875,20.28125,19.84375,20.09375,-8.1,8.0,53.0,0.0
7.88795,0x316,0.0,0.0,1.0,6.25,1.24,-0.23,20.21875,20.28125,19.84375,20.09375,-8.1,8.0,53.0,0.0
7.8947,0x220,0.0,0.0,1.0,6.25,1.49,-0.34,20.21875,20.28125,19.84375,20.09375,-8.1,8.0,53.0,0.0
7.89564,0x386,0.0,0.0,1.0,6.25,1.49,-0.34,20.15625,20.15625,19.75,20.09375,-8.1,8.0,53.0,0.0
7.89654,0x2B0,0.0,0.0,1.0,6.25,1.49,-0.34,20.15625,20.15625,19.75,20.09375,-8.1,8.0,53.0,0.0
7.89802,0x316,0.0,0.0,1.0,6.25,1.49,-0.34,20.15625,20.15625,19.75,20.09375,-8.1,8.0,53.0,0.0
7.90469,0x220,0.0,0.0,1.0,6.25,1.75,-0.38,20.15625,20.15625,19.75,20.09375,-8.1,8.0,53.0,0.0
7.90635,0x2B0,0.0,0.0,1.0,6.25,1.75,-0.38,20.15625,20.15625,19.75,20.09375,-8.1,0.0,53.0,0.0
7.90795,0x316,0.0,0.0,1.0,6.25,1.75,-0.38,20.15625,20.15625,19.75,20.09375,-8.1,0.0,53.0,0.0
7.91469,0x220,0.0,0.0,1.0,6.25,1.89,-0.21,20.15625,20.15625,19.75,20.09375,-8.1,0.0,53.0,0.0
7.91564,0x386,0.0,0.0,1.0,6.25,1.89,-0.21,20.15625,20.28125,19.75,19.96875,-8.1,0.0,53.0,0.0
7.91655,0x2B0,0.0,0.0,1.0,6.25,1.89,-0.21,20.15625,20.28125,19.75,19.96875,-8.1,0.0,53.0,0.0
7.91796,0x316,0.0,0.0,1.0,6.25,1.89,-0.21,20.15625,20.28125,19.75,19.96875,-8.1,0.0,53.0,0.0
7.9247,0x220,0.0,0.0,1.0,6.25,1.8,0.03,20.15625,20.28125,19.75,19.96875,-8.1,0.0,53.0,0.0
7.92635,0x2B0,0.0,0.0,1.0,6.25,1.8,0.03,20.15625,20.28125,19.75,19.96875,-8.1,0.0,53.0,0.0
7.92794,0x316,0.0,0.0,1.0,6.25,1.8,0.03,20.15625,20.28125,19.75,19.96875,-8.1,0.0,53.0,0.0
7.93469,0x220,0.0,0.0,1.0,6.25,1.6,0.2,20.15625,20.28125,19.75,19.96875,-8.1,0.0,53.0,0.0
7.93564,0x386,0.0,0.0,1.0,6.25,1.6,0.2,19.9375,20.21875,19.78125,20.03125,-8.1,0.0,53.0,0.0
7.93646,0x2B0,0.0,0.0,1.0,6.25,1.6,0.2,19.9375,20.21875,19.78125,20.03125,-8.1,0.0,53.0,0.0
7.93812,0x316,0.0,0.0,1.0,6.25,1.6,0.2,19.9375,20.21875,19.78125,20.03125,-8.1,0.0,56.0,0.0
7.9447,0x220,0.0,0.0,1.0,6.25,1.38,0.14,19.9375,20.21875,19.78125,20.03125,-8.1,0.0,56.0,0.0
7.94635,0x2B0,0.0,0.0,1.0,6.25,1.38,0.14,19.9375,20.21875,19.78125,20.03125,-8.1,0.0,56.0,0.0
7.94879,0x316,0.0,0.0,1.0,6.25,1.38,0.14,19.9375,20.21875,19.78125,20.03125,-8.1,0.0,58.0,0.0
7.9547,0x220,0.0,0.0,1.0,6.25,1.2,0.01,19.9375,20.21875,19.78125,20.03125,-8.1,0.0,58.0,0.0
7.95563,0x386,0.0,0.0,1.0,6.25,1.2,0.01,20.1875,20.28125,19.78125,19.8125,-8.1,0.0,58.0,0.0
7.95653,0x2B0,0.0,0.0,1.0,6.25,1.2,0.01,20.1875,20.28125,19.78125,19.8125,-8.1,0.0,58.0,0.0
7.95796,0x316,0.0,0.0,1.0,6.25,1.2,0.01,20.1875,20.28125,19.78125,19.8125,-8.1,0.0,58.0,0.0
7.96469,0x220,0.0,0.0,1.0,6.25,1.23,0.0,20.1875,20.28125,19.78125,19.8125,-8.1,0.0,58.0,0.0
7.96635,0x2B0,0.0,0.0,1.0,6.25,1.23,0.0,20.1875,20.28125,19.78125,19.8125,-8.1,0.0,58.0,0.0
7.96805,0x316,0.0,0.0,1.0,6.25,1.23,0.0,20.1875,20.28125,19.78125,19.8125,-8.1,0.0,61.0,0.0
7.97469,0x220,0.0,0.0,1.0,6.25,1.4,0.08,20.1875,20.28125,19.78125,19.8125,-8.1,0.0,61.0,0.0
7.97564,0x386,0.0,0.0,1.0,6.25,1.4,0.08,20.15625,20.34375,19.6875,19.78125,-8.1,0.0,61.0,0.0
7.97654,0x2B0,0.0,0.0,1.0,6.25,1.4,0.08,20.15625,20.34375,19.6875,19.78125,-8.1,0.0,61.0,0.0
7.97816,0x316,0.0,0.0,1.0,6.25,1.4,0.08,20.15625,20.34375,19.6875,19.78125,-8.1,0.0,63.0,0.0
7.98469,0x220,0.0,0.0,1.0,6.25,1.6,0.15,20.15625,20.34375,19.6875,19.78125,-8.1,0.0,63.0,0.0
7.98636,0x2B0,0.0,0.0,1.0,6.25,1.6,0.15,20.15625,20.34375,19.6875,19.78125,-8.1,0.0,63.0,0.0
7.98796,0x316,0.0,0.0,1.0,6.25,1.6,0.15,20.15625,20.34375,19.6875,19.78125,-8.1,0.0,63.0,0.0
7.9947,0x220,0.0,0.0,1.0,6.25,1.79,0.07,20.15625,20.34375,19.6875,19.78125,-8.1,0.0,63.0,0.0
7.99564,0x386,0.0,0.0,1.0,6.25,1.79,0.07,20.21875,20.4375,19.5625,19.875,-8.1,0.0,63.0,0.0
7.99655,0x2B0,0.0,0.0,1.0,6.25,1.79,0.07,20.21875,20.4375,19.5625,19.875,-8.0,0.0,63.0,0.0
7.99795,0x316,0.0,0.0,1.0,6.25,1.79,0.07,20.21875,20.4375,19.5625,19.875,-8.0,0.0,63.0,0.0
8.0047,0x220,0.0,0.0,1.0,6.25,1.82,-0.03,20.21875,20.4375,19.5625,19.875,-8.0,0.0,63.0,0.0
8.00633,0x2B0,0.0,0.0,1.0,6.25,1.82,-0.03,20.21875,20.4375,19.5625,19.875,-8.0,0.0,63.0,0.0
8.00792,0x316,0.0,0.0,1.0,6.25,1.82,-0.03,20.21875,20.4375,19.5625,19.875,-8.0,0.0,63.0,0.0
8.01469,0x220,0.0,0.0,1.0,6.25,1.75,-0.16,20.21875,20.4375,19.5625,19.875,-8.0,0.0,63.0,0.0
8.01563,0x386,0.0,0.0,1.0,6.25,1.75,-0.16,20.34375,20.3125,19.3125,19.53125,-8.0,0.0,63.0,0.0
8.01653,0x2B0,0.0,0.0,1.0,6.25,1.75,-0.16,20.34375,20.3125,19.3125,19.53125,-8.0,0.0,63.0,0.0
8.01798,0x316,0.0,0.0,1.0,6.25,1.75,-0.16,20.34375,20.3125,19.3125,19.53125,-8.0,0.0,63.0,0.0
8.02469,0x220,0.0,0.0,1.0,6.25,1.75,-0.11,20.34375,20.3125,19.3125,19.53125,-8.0,0.0,63.0,0.0
8.02633,0x2B0,0.0,0.0,1.0,6.25,1.75,-0.11,20.34375,20.3125,19.3125,19.53125,-8.0,0.0,63.0,0.0
8.02798,0x316,0.0,0.0,1.0,6.25,1.75,-0.11,20.34375,20.3125,19.3125,19.53125,-8.0,0.0,63.0,0.0
8.03472,0x220,0.0,0.0,1.0,6.25,1.92,0.02,20.34375,20.3125,19.3125,19.53125,-8.0,0.0,63.0,0.0
8.03565,0x386,0.0,0.0,1.0,6.25,1.92,0.02,20.25,20.4375,19.625,19.25,-8.0,0.0,63.0,0.0
8.03648,0x2B0,0.0,0.0,1.0,6.25,1.92,0.02,20.25,20.4375,19.625,19.25,-8.0,0.0,63.0,0.0
8.03803,0x316,0.0,0.0,1.0,6.25,1.92,0.02,20.25,20.4375,19.625,19.25,-8.0,0.0,63.0,0.0
8.0447,0x220,0.0,0.0,1.0,6.25,2.18,0.03,20.25,20.4375,19.625,19.25,-8.0,0.0,63.0,0.0
8.04638,0x2B0,0.0,0.0,1.0,6.25,2.18,0.03,20.25,20.4375,19.625,19.25,-8.0,0.0,63.0,0.0
8.04882,0x316,0.0,0.0,1.0,6.25,2.18,0.03,20.25,20.4375,19.625,19.25,-8.0,0.0,61.0,0.0
8.0547,0x220,0.0,0.0,1.0,6.25,2.31,-0.07,20.25,20.4375,19.625,19.25,-8.0,0.0,61.0,0.0
8.05563,0x386,0.0,0.0,1.0,6.25,2.31,-0.07,20.25,20.15625,19.40625,19.3125,-8.0,0.0,61.0,0.0
8.05654,0x2B0,0.0,0.0,1.0,6.25,2.31,-0.07,20.25,20.15625,19.40625,19.3125,-8.0,0.0,61.0,0.0
8.05797,0x316,0.0,0.0,1.0,6.25,2.31,-0.07,20.25,20.15625,19.40625,19.3125,-8.0,0.0,61.0,0.0
8.0647,0x220,0.0,0.0,1.0,6.25,2.15,-0.2,20.25,20.15625,19.40625,19.3125,-8.0,0.0,61.0,0.0
8.06638,0x2B0,0.0,0.0,1.0,6.25,2.15,-0.2,20.25,20.15625,19.40625,19.3125,-8.0,0.0,61.0,0.0
8.06806,0x316,0.0,0.0,1.0,6.25,2.15,-0.2,20.25,20.15625,19.40625,19.3125,-8.0,0.0,53.0,0.0
8.0747,0x220,0.0,0.0,1.0,6.25,1.69,-0.25,20.25,20.15625,19.40625,19.3125,-8.0,0.0,53.0,0.0
8.07563,0x386,0.0,0.0,1.0,6.25,1.69,-0.25,20.28125,20.15625,19.375,19.71875,-8.0,0.0,53.0,0.0
8.07653,0x2B0,0.0,0.0,1.0,6.25,1.69,-0.25,20.28125,20.15625,19.375,19.71875,-8.2,8.0,53.0,0.0
8.07803,0x316,0.0,0.0,1.0,6.25,1.69,-0.25,20.28125,20.15625,19.375,19.71875,-8.2,8.0,50.0,0.0
8.0847,0x220,0.0,0.0,1.0,6.25,1.25,-0.32,20.28125,20.15625,19.375,19.71875,-8.2,8.0,50.0,0.0
8.08639,0x2B0,0.0,0.0,1.0,6.25,1.25,-0.32,20.28125,20.15625,19.375,19.71875,-8.2,8.0,50.0,0.0
8.08797,0x316,0.0,0.0,1.0,6.25,1.25,-0.32,20.28125,20.15625,19.375,19.71875,-8.2,8.0,48.0,0.0
8.0947,0x220,0.0,0.0,1.0,6.25,1.06,-0.48,20.28125,20.15625,19.375,19.71875,-8.2,8.0,48.0,0.0
8.09565,0x386,0.0,0.0,1.0,6.25,1.06,-0.48,20.03125,20.125,19.40625,19.75,-8.2,8.0,48.0,0.0
8.09655,0x2B0,0.0,0.0,1.0,6.25,1.06,-0.48,20.03125,20.125,19.40625,19.75,-8.3,0.0,48.0,0.0
8.09796,0x316,0.0,0.0,1.0,6.25,1.06,-0.48,20.03125,20.125,19.40625,19.75,-8.3,0.0,43.0,0.0
8.1047,0x220,0.0,0.0,1.0,6.25,1.12,-0.61,20.03125,20.125,19.40625,19.75,-8.3,0.0,43.0,0.0
8.10633,0x2B0,0.0,0.0,1.0,6.25,1.12,-0.61,20.03125,20.125,19.40625,19.75,-8.3,0.0,43.0,0.0
8.10799,0x316,0.0,0.0,1.0,6.25,1.12,-0.61,20.03125,20.125,19.40625,19.75,-8.3,0.0,40.0,0.0
8.11469,0x220,0.0,0.0,1.0,6.25,1.34,-0.5,20.03125,20.125,19.40625,19.75,-8.3,0.0,40.0,0.0
8.11563,0x386,0.0,0.0,1.0,6.25,1.34,-0.5,20.15625,20.0,19.75,19.6875,-8.3,0.0,40.0,0.0
8.11654,0x2B0,0.0,0.0,1.0,6.25,1.34,-0.5,20.15625,20.0,19.75,19.6875,-8.3,0.0,40.0,0.0
8.118,0x316,0.0,0.0,1.0,6.25,1.34,-0.5,20.15625,20.0,19.75,19.6875,-8.3,0.0,38.0,0.0
8.1247,0x220,0.0,0.0,1.0,6.25,1.5,-0.15,20.15625,20.0,19.75,19.6875,-8.3,0.0,38.0,0.0
8.12633,0x2B0,0.0,0.0,1.0,6.25,1.5,-0.15,20.15625,20.0,19.75,19.6875,-8.3,0.0,38.0,0.0
8.12794,0x316,0.0,0.0,1.0,6.25,1.5,-0.15,20.15625,20.0,19.75,19.6875,-8.3,0.0,35.0,0.0
8.13474,0x220,0.0,0.0,1.0,6.25,1.47,0.21,20.15625,20.0,19.75,19.6875,-8.3,0.0,35.0,0.0
8.13568,0x386,0.0,0.0,1.0,6.25,1.47,0.21,19.875,19.90625,19.65625,19.78125,-8.3,0.0,35.0,0.0
8.13633,0x2B0,0.0,0.0,1.0,6.25,1.47,0.21,19.875,19.90625,19.65625,19.78125,-8.3,0.0,35.0,0.0
8.13804,0x316,0.0,0.0,1.0,6.25,1.47,0.21,19.875,19.90625,19.65625,19.78125,-8.3,0.0,35.0,0.0
8.14472,0x220,0.0,0.0,1.0,6.25,1.15,0.36,19.875,19.90625,19.65625,19.78125,-8.3,0.0,35.0,0.0
8.14634,0x2B0,0.0,0.0,1.0,6.25,1.15,0.36,19.875,19.90625,19.65625,19.78125,-8.3,0.0,35.0,0.0
8.14886,0x316,0.0,0.0,1.0,6.25,1.15,0.36,19.875,19.90625,19.65625,19.78125,-8.3,0.0,35.0,0.0
8.15469,0x220,0.0,0.0,1.0,6.25,0.6,0.26,19.875,19.90625,19.65625,19.78125,-8.3,0.0,35.0,0.0
8.15562,0x386,0.0,0.0,1.0,6.25,0.6,0.26,20.03125,19.8125,19.78125,19.78125,-8.3,0.0,35.0,0.0
8.15653,0x2B0,0.0,0.0,1.0,6.25,0.6,0.26,20.03125,19.8125,19.78125,19.78125,-8.3,0.0,35.0,0.0
8.15802,0x316,0.0,0.0,1.0,6.25,0.6,0.26,20.03125,19.8125,19.78125,19.78125,-8.3,0.0,35.0,0.0
8.16471,0x220,0.0,0.0,1.0,6.25,0.06,0.13,20.03125,19.8125,19.78125,19.78125,-8.3,0.0,35.0,0.0
8.16633,0x2B0,0.0,0.0,1.0,6.25,0.06,0.13,20.03125,19.8125,19.78125,19.78125,-8.3,0.0,35.0,0.0
8.16802,0x316,0.0,0.0,1.0,6.25,0.06,0.13,20.03125,19.8125,19.78125,19.78125,-8.3,0.0,35.0,0.0
8.1747,0x220,0.0,0.0,1.0,6.25,-0.25,0.17,20.03125,19.8125,19.78125,19.78125,-8.3,0.0,35.0,0.0
8.17564,0x386,0.0,0.0,1.0,6.25,-0.25,0.17,19.78125,19.75,19.90625,19.875,-8.3,0.0,35.0,0.0
8.17655,0x2B0,0.0,0.0,1.0,6.25,-0.25,0.17,19.78125,19.75,19.90625,19.875,-8.3,0.0,35.0,0.0
8.17804,0x316,0.0,0.0,1.0,6.25,-0.25,0.17,19.78125,19.75,19.90625,19.875,-8.3,0.0,38.0,0.0
8.1847,0x220,0.0,0.0,1.0,6.25,-0.21,0.25,19.78125,19.75,19.90625,19.875,-8.3,0.0,38.0,0.0
8.18634,0x2B0,0.0,0.0,1.0,6.25,-0.21,0.25,19.78125,19.75,19.90625,19.875,-8.3,0.0,38.0,0.0
8.18796,0x316,0.0,0.0,1.0,6.25,-0.21,0.25,19.78125,19.75,19.90625,19.875,-8.3,0.0,40.0,0.0
8.19471,0x220,0.0,0.0,1.0,6.25,-0.07,0.32,19.78125,19.75,19.90625,19.875,-8.3,0.0,40.0,0.0
8.19564,0x386,0.0,0.0,1.0,6.25,-0.07,0.32,19.78125,19.8125,19.84375,20.03125,-8.3,0.0,40.0,0.0
8.19654,0x2B0,0.0,0.0,1.0,6.25,-0.07,0.32,19.78125,19.8125,19.84375,20.03125,-8.3,0.0,40.0,0.0
8.19802,0x316,0.0,0.0,1.0,6.25,-0.07,0.32,19.78125,19.8125,19.84375,20.03125,-8.3,0.0,45.0,0.0
8.2047,0x220,0.0,0.0,1.0,6.25,0.04,0.49,19.78125,19.8125,19.84375,20.03125,-8.3,0.0,45.0,0.0
8.20633,0x2B0,0.0,0.0,1.0,6.25,0.04,0.49,19.78125,19.8125,19.84375,20.03125,-8.3,0.0,45.0,0.0
8.20792,0x316,0.0,0.0,1.0,6.25,0.04,0.49,19.78125,19.8125,19.84375,20.03125,-8.3,0.0,50.0,0.0
8.2147,0x220,0.0,0.0,1.0,6.25,0.09,0.83,19.78125,19.8125,19.84375,20.03125,-8.3,0.0,50.0,0.0
8.21564,0x386,0.0,0.0,1.0,6.25,0.09,0.83,19.875,19.8125,19.53125,20.0,-8.3,0.0,50.0,0.0
8.21655,0x2B0,0.0,0.0,1.0,6.25,0.09,0.83,19.875,19.8125,19.53125,20.0,-8.3,0.0,50.0,0.0
8.21797,0x316,0.0,0.0,1.0,6.25,0.09,0.83,19.875,19.8125,19.53125,20.0,-8.3,0.0,56.0,0.0
8.2247,0x220,0.0,0.0,1.0,6.25,0.12,1.07,19.875,19.8125,19.53125,20.0,-8.3,0.0,56.0,0.0
8.22632,0x2B0,0.0,0.0,1.0,6.25,0.12,1.07,19.875,19.8125,19.53125,20.0,-8.3,0.0,56.0,0.0
8.22798,0x316,0.0,0.0,1.0,6.25,0.12,1.07,19.875,19.8125,19.53125,20.0,-8.3,0.0,61.0,0.0
8.23476,0x220,0.0,0.0,1.0,6.25,0.18,0.99,19.875,19.8125,19.53125,20.0,-8.3,0.0,61.0,0.0
8.23571,0x386,0.0,0.0,1.0,6.25,0.18,0.99,19.84375,19.90625,19.5,19.9375,-8.3,0.0,61.0,0.0
8.23637,0x2B0,0.0,0.0,1.0,6.25,0.18,0.99,19.84375,19.90625,19.5,19.9375,-8.3,0.0,61.0,0.0
8.23807,0x316,0.0,0.0,1.0,6.25,0.18,0.99,19.84375,19.90625,19.5,19.9375,-8.3,0.0,66.0,0.0
8.24471,0x220,0.0,0.0,1.0,6.25,0.23,0.72,19.84375,19.90625,19.5,19.9375,-8.3,0.0,66.0,0.0
8.24633,0x2B0,0.0,0.0,1.0,6.25,0.23,0.72,19.84375,19.90625,19.5,19.9375,-8.3,0.0,66.0,0.0
8.24879,0x316,0.0,0.0,1.0,6.25,0.23,0.72,19.84375,19.90625,19.5,19.9375,-8.3,0.0,68.0,0.0
8.25471,0x220,0.0,0.0,1.0,6.25,0.26,0.56,19.84375,19.90625,19.5,19.9375,-8.3,0.0,68.0,0.0
8.25565,0x386,0.0,0.0,1.0,6.25,0.26,0.56,20.0625,20.0625,19.4375,19.90625,-8.3,0.0,68.0,0.0
8.25656,0x2B0,0.0,0.0,1.0,6.25,0.26,0.56,20.0625,20.0625,19.4375,19.90625,-8.3,0.0,68.0,0.0
8.25796,0x316,0.0,0.0,1.0,6.25,0.26,0.56,20.0625,20.0625,19.4375,19.90625,-8.3,0.0,68.0,0.0
8.2647,0x220,0.0,0.0,1.0,6.25,0.41,0.68,20.0625,20.0625,19.4375,19.90625,-8.3,0.0,68.0,0.0
8.26638,0x2B0,0.0,0.0,1.0,6.25,0.41,0.68,20.0625,20.0625,19.4375,19.90625,-8.1,8.0,68.0,0.0
8.26805,0x316,0.0,0.0,1.0,6.25,0.41,0.68,20.0625,20.0625,19.4375,19.90625,-8.1,8.0,71.0,0.0
8.2747,0x220,0.0,0.0,1.0,6.25,0.67,0.92,20.0625,20.0625,19.4375,19.90625,-8.1,8.0,71.0,0.0
8.27564,0x386,0.0,0.0,1.0,6.25,0.67,0.92,19.96875,20.03125,19.4375,19.6875,-8.1,8.0,71.0,0.0
8.27655,0x2B0,0.0,0.0,1.0,6.25,0.67,0.92,19.96875,20.03125,19.4375,19.6875,-8.1,8.0,71.0,0.0
8.27818,0x316,0.0,0.0,1.0,6.25,0.67,0.92,19.96875,20.03125,19.4375,19.6875,-8.1,8.0,71.0,0.0
8.2847,0x220,0.0,0.0,1.0,6.25,0.96,0.97,19.96875,20.03125,19.4375,19.6875,-8.1,8.0,71.0,0.0
8.28634,0x2B0,0.0,0.0,1.0,6.25,0.96,0.97,19.96875,20.03125,19.4375,19.6875,-8.1,0.0,71.0,0.0
8.28795,0x316,0.0,0.0,1.0,6.25,0.96,0.97,19.96875,20.03125,19.4375,19.6875,-8.1,0.0,71.0,0.0
8.29471,0x220,0.0,0.0,1.0,6.25,1.25,0.81,19.96875,20.03125,19.4375,19.6875,-8.1,0.0,71.0,0.0
8.29564,0x386,0.0,0.0,1.0,6.25,1.25,0.81,20.03125,20.1875,19.25,19.28125,-8.1,0.0,71.0,0.0
8.29655,0x2B0,0.0,0.0,1.0,6.25,1.25,0.81,20.03125,20.1875,19.25,19.28125,-8.1,0.0,71.0,0.0
8.29796,0x316,0.0,0.0,1.0,6.25,1.25,0.81,20.03125,20.1875,19.25,19.28125,-8.1,0.0,68.0,0.0
8.3047,0x220,0.0,0.0,1.0,6.25,1.51,0.61,20.03125,20.1875,19.25,19.28125,-8.1,0.0,68.0,0.0
8.30634,0x2B0,0.0,0.0,1.0,6.25,1.51,0.61,20.03125,20.1875,19.25,19.28125,-8.1,0.0,68.0,0.0
8.30796,0x316,0.0,0.0,1.0,6.25,1.51,0.61,20.03125,20.1875,19.25,19.28125,-8.1,0.0,68.0,0.0
8.3147,0x220,0.0,0.0,1.0,6.25,1.82,0.42,20.03125,20.1875,19.25,19.28125,-8.1,0.0,68.0,0.0
8.31563,0x386,0.0,0.0,1.0,6.25,1.82,0.42,20.03125,20.15625,19.375,19.0625,-8.1,0.0,68.0,0.0
8.31654,0x2B0,0.0,0.0,1.0,6.25,1.82,0.42,20.03125,20.15625,19.375,19.0625,-8.1,0.0,68.0,0.0
8.318,0x316,0.0,0.0,1.0,6.25,1.82,0.42,20.03125,20.15625,19.375,19.0625,-8.1,0.0,66.0,0.0
8.32471,0x220,0.0,0.0,1.0,6.25,2.11,0.17,20.03125,20.15625,19.375,19.0625,-8.1,0.0,66.0,0.0
8.32632,0x2B0,0.0,0.0,1.0,6.25,2.11,0.17,20.03125,20.15625,19.375,19.0625,-8.1,0.0,66.0,0.0
8.32794,0x316,0.0,0.0,1.0,6.25,2.11,0.17,20.03125,20.15625,19.375,19.0625,-8.1,0.0,63.0,0.0
8.33479,0x220,0.0,0.0,1.0,6.25,2.35,-0.13,20.03125,20.15625,19.375,19.0625,-8.1,0.0,63.0,0.0
8.33574,0x386,0.0,0.0,1.0,6.25,2.35,-0.13,19.9375,20.21875,19.09375,19.25,-8.1,0.0,63.0,0.0
8.33639,0x2B0,0.0,0.0,1.0,6.25,2.35,-0.13,19.9375,20.21875,19.09375,19.25,-8.1,0.0,63.0,0.0
8.33803,0x316,0.0,0.0,1.0,6.25,2.35,-0.13,19.9375,20.21875,19.09375,19.25,-8.1,0.0,63.0,0.0
8.3447,0x220,0.0,0.0,1.0,6.25,2.56,-0.43,19.9375,20.21875,19.09375,19.25,-8.1,0.0,63.0,0.0
8.34638,0x2B0,0.0,0.0,1.0,6.25,2.56,-0.43,19.9375,20.21875,19.09375,19.25,-8.1,0.0,63.0,0.0
8.34887,0x316,0.0,0.0,1.0,6.25,2.56,-0.43,19.9375,20.21875,19.09375,19.25,-8.1,0.0,63.0,0.0
8.3547,0x220,0.0,0.0,1.0,6.25,2.7,-0.57,19.9375,20.21875,19.09375,19.25,-8.1,0.0,63.0,0.0
8.35564,0x386,0.0,0.0,1.0,6.25,2.7,-0.57,20.15625,20.15625,19.1875,19.53125,-8.1,0.0,63.0,0.0
8.35655,0x2B0,0.0,0.0,1.0,6.25,2.7,-0.57,20.15625,20.15625,19.1875,19.53125,-8.1,0.0,63.0,0.0
8.35799,0x316,0.0,0.0,1.0,6.25,2.7,-0.57,20.15625,20.15625,19.1875,19.53125,-8.1,0.0,63.0,0.0
8.3647,0x220,0.0,0.0,1.0,6.25,2.75,-0.54,20.15625,20.15625,19.1875,19.53125,-8.1,0.0,63.0,0.0
8.36638,0x2B0,0.0,0.0,1.0,6.25,2.75,-0.54,20.15625,20.15625,19.1875,19.53125,-8.1,0.0,63.0,0.0
8.36803,0x316,0.0,0.0,1.0,6.25,2.75,-0.54,20.15625,20.15625,19.1875,19.53125,-8.1,0.0,63.0,0.0
8.37471,0x220,0.0,0.0,1.0,6.25,2.77,-0.46,20.15625,20.15625,19.1875,19.53125,-8.1,0.0,63.0,0.0
8.37566,0x386,0.0,0.0,1.0,6.25,2.77,-0.46,20.0625,20.15625,19.4375,19.5625,-8.1,0.0,63.0,0.0
8.37657,0x2B0,0.0,0.0,1.0,6.25,2.77,-0.46,20.0625,20.15625,19.4375,19.5625,-8.1,0.0,63.0,0.0
8.37803,0x316,0.0,0.0,1.0,6.25,2.77,-0.46,20.0625,20.15625,19.4375,19.5625,-8.1,0.0,63.0,0.0
8.3847,0x220,0.0,0.0,1.0,6.25,2.78,-0.5,20.0625,20.15625,19.4375,19.5625,-8.1,0.0,63.0,0.0
8.3864,0x2B0,0.0,0.0,1.0,6.25,2.78,-0.5,20.0625,20.15625,19.4375,19.5625,-8.1,0.0,63.0,0.0
8.38798,0x316,0.0,0.0,1.0,6.25,2.78,-0.5,20.0625,20.15625,19.4375,19.5625,-8.1,0.0,63.0,0.0
8.39471,0x220,0.0,0.0,1.0,6.25,2.7,-0.71,20.0625,20.15625,19.4375,19.5625,-8.1,0.0,63.0,0.0
8.39565,0x386,0.0,0.0,1.0,6.25,2.7,-0.71,20.15625,20.0,19.28125,19.34375,-8.1,0.0,63.0,0.0
8.39656,0x2B0,0.0,0.0,1.0,6.25,2.7,-0.71,20.15625,20.0,19.28125,19.34375,-8.1,0.0,63.0,0.0
8.39799,0x316,0.0,0.0,1.0,6.25,2.7,-0.71,20.15625,20.0,19.28125,19.34375,-8.1,0.0,63.0,0.0
8.4047,0x220,0.0,0.0,1.0,6.25,2.44,-0.87,20.15625,20.0,19.28125,19.34375,-8.1,0.0,63.0,0.0
8.40639,0x2B0,0.0,0.0,1.0,6.25,2.44,-0.87,20.15625,20.0,19.28125,19.34375,-8.1,0.0,63.0,0.0
8.40791,0x316,0.0,0.0,1.0,6.25,2.44,-0.87,20.15625,20.0,19.28125,19.34375,-8.1,0.0,63.0,0.0
8.41471,0x220,0.0,0.0,1.0,6.25,2.17,-0.83,20.15625,20.0,19.28125,19.34375,-8.1,0.0,63.0,0.0
8.41566,0x386,0.0,0.0,1.0,6.25,2.17,-0.83,20.15625,20.125,19.34375,19.53125,-8.1,0.0,63.0,0.0
8.41656,0x2B0,0.0,0.0,1.0,6.25,2.17,-0.83,20.15625,20.125,19.34375,19.53125,-8.2,0.0,63.0,0.0
8.41795,0x316,0.0,0.0,1.0,6.25,2.17,-0.83,20.15625,20.125,19.34375,19.53125,-8.2,0.0,63.0,0.0
8.42471,0x220,0.0,0.0,1.0,6.25,2.01,-0.76,20.15625,20.125,19.34375,19.53125,-8.2,0.0,63.0,0.0
8.42638,0x2B0,0.0,0.0,1.0,6.25,2.01,-0.76,20.15625,20.125,19.34375,19.53125,-8.2,0.0,63.0,0.0
8.42793,0x316,0.0,0.0,1.0,6.25,2.01,-0.76,20.15625,20.125,19.34375,19.53125,-8.2,0.0,63.0,0.0
8.43483,0x220,0.0,0.0,1.0,6.25,1.94,-0.89,20.15625,20.125,19.34375,19.53125,-8.2,0.0,63.0,0.0
8.43578,0x386,0.0,0.0,1.0,6.25,1.94,-0.89,20.09375,20.0,19.65625,19.53125,-8.2,0.0,63.0,0.0
8.43645,0x2B0,0.0,0.0,1.0,6.25,1.94,-0.89,20.09375,20.0,19.65625,19.53125,-8.2,0.0,63.0,0.0
8.43808,0x316,0.0,0.0,1.0,6.25,1.94,-0.89,20.09375,20.0,19.65625,19.53125,-8.2,0.0,63.0,0.0
8.44471,0x220,0.0,0.0,1.0,6.25,1.81,-1.13,20.09375,20.0,19.65625,19.53125,-8.2,0.0,63.0,0.0
8.44637,0x2B0,0.0,0.0,1.0,6.25,1.81,-1.13,20.09375,20.0,19.65625,19.53125,-8.2,0.0,63.0,0.0
8.44876,0x316,0.0,0.0,1.0,6.25,1.81,-1.13,20.09375,20.0,19.65625,19.53125,-8.2,0.0,63.0,0.0
8.4547,0x220,0.0,0.0,1.0,6.25,1.54,-1.13,20.09375,20.0,19.65625,19.53125,-8.2,0.0,63.0,0.0
8.45565,0x386,0.0,0.0,1.0,6.25,1.54,-1.13,20.125,19.9375,19.5625,19.40625,-8.2,0.0,63.0,0.0
8.45656,0x2B0,0.0,0.0,1.0,6.25,1.54,-1.13,20.125,19.9375,19.5625,19.40625,-8.2,0.0,63.0,0.0
8.45797,0x316,0.0,0.0,1.0,6.25,1.54,-1.13,20.125,19.9375,19.5625,19.40625,-8.2,0.0,63.0,0.0
8.46471,0x220,0.0,0.0,1.0,6.25,1.25,-0.85,20.125,19.9375,19.5625,19.40625,-8.2,0.0,63.0,0.0
8.46636,0x2B0,0.0,0.0,1.0,6.25,1.25,-0.85,20.125,19.9375,19.5625,19.40625,-8.4,8.0,63.0,0.0
8.46797,0x316,0.0,0.0,1.0,6.25,1.25,-0.85,20.125,19.9375,19.5625,19.40625,-8.4,8.0,63.0,0.0
8.4747,0x220,0.0,0.0,1.0,6.25,1.07,-0.62,20.125,19.9375,19.5625,19.40625,-8.4,8.0,63.0,0.0
8.47563,0x386,0.0,0.0,1.0,6.25,1.07,-0.62,20.125,19.96875,19.59375,19.5625,-8.4,8.0,63.0,0.0
8.47654,0x2B0,0.0,0.0,1.0,6.25,1.07,-0.62,20.125,19.96875,19.59375,19.5625,-8.4,8.0,63.0,0.0
8.4782,0x316,0.0,0.0,1.0,6.25,1.07,-0.62,20.125,19.96875,19.59375,19.5625,-8.4,8.0,63.0,0.0
8.48472,0x220,0.0,0.0,1.0,6.25,0.93,-0.62,20.125,19.96875,19.59375,19.5625,-8.4,8.0,63.0,0.0
8.48631,0x2B0,0.0,0.0,1.0,6.25,0.93,-0.62,20.125,19.96875,19.59375,19.5625,-8.4,0.0,63.0,0.0
8.48795,0x316,0.0,0.0,1.0,6.25,0.93,-0.62,20.125,19.96875,19.59375,19.5625,-8.4,0.0,63.0,0.0
8.49471,0x220,0.0,0.0,1.0,6.25,0.74,-0.71,20.125,19.96875,19.59375,19.5625,-8.4,0.0,63.0,0.0
8.49564,0x386,0.0,0.0,1.0,6.25,0.74,-0.71,20.125,19.9375,19.65625,19.5625,-8.4,0.0,63.0,0.0
8.49655,0x2B0,0.0,0.0,1.0,6.25,0.74,-0.71,20.125,19.9375,19.65625,19.5625,-8.4,0.0,63.0,0.0
8.49797,0x316,0.0,0.0,1.0,6.25,0.74,-0.71,20.125,19.9375,19.65625,19.5625,-8.4,0.0,61.0,0.0
8.50471,0x220,0.0,0.0,1.0,6.25,0.55,-0.65,20.125,19.9375,19.65625,19.5625,-8.4,0.0,61.0,0.0
8.50636,0x2B0,0.0,0.0,1.0,6.25,0.55,-0.65,20.125,19.9375,19.65625,19.5625,-8.4,0.0,61.0,0.0
8.50791,0x316,0.0,0.0,1.0,6.25,0.55,-0.65,20.125,19.9375,19.65625,19.5625,-8.4,0.0,61.0,0.0
8.5147,0x220,0.0,0.0,1.0,6.25,0.36,-0.41,20.125,19.9375,19.65625,19.5625,-8.4,0.0,61.0,0.0
8.51564,0x386,0.0,0.0,1.0,6.25,0.36,-0.41,20.03125,20.0,20.0,19.40625,-8.4,0.0,61.0,0.0
8.51654,0x2B0,0.0,0.0,1.0,6.25,0.36,-0.41,20.03125,20.0,20.0,19.40625,-8.4,0.0,61.0,0.0
8.51804,0x316,0.0,0.0,1.0,6.25,0.36,-0.41,20.03125,20.0,20.0,19.40625,-8.4,0.0,58.0,0.0
8.52471,0x220,0.0,0.0,1.0,6.25,0.15,-0.14,20.03125,20.0,20.0,19.40625,-8.4,0.0,58.0,0.0
8.52629,0x2B0,0.0,0.0,1.0,6.25,0.15,-0.14,20.03125,20.0,20.0,19.40625,-8.4,0.0,58.0,0.0
8.52796,0x316,0.0,0.0,1.0,6.25,0.15,-0.14,20.03125,20.0,20.0,19.40625,-8.4,0.0,58.0,0.0
8.53485,0x220,0.0,0.0,1.0,6.25,-0.1,0.03,20.03125,20.0,20.0,19.40625,-8.4,0.0,58.0,0.0
8.5358,0x386,0.0,0.0,1.0,6.25,-0.1,0.03,20.0,19.84375,19.84375,19.375,-8.4,0.0,58.0,0.0
8.53645,0x2B0,0.0,0.0,1.0,6.25,-0.1,0.03,20.0,19.84375,19.84375,19.375,-8.4,0.0,58.0,0.0
8.53806,0x316,0.0,0.0,1.0,6.25,-0.1,0.03,20.0,19.84375,19.84375,19.375,-8.4,0.0,58.0,0.0
8.54471,0x220,0.0,0.0,1.0,6.25,-0.27,0.13,20.0,19.84375,19.84375,19.375,-8.4,0.0,58.0,0.0
8.54631,0x2B0,0.0,0.0,1.0,6.25,-0.27,0.13,20.0,19.84375,19.84375,19.375,-8.4,0.0,58.0,0.0
8.54867,0x316,0.0,0.0,1.0,6.25,-0.27,0.13,20.0,19.84375,19.84375,19.375,-8.4,0.0,58.0,0.0
8.55471,0x220,0.0,0.0,1.0,6.25,-0.35,0.18,20.0,19.84375,19.84375,19.375,-8.4,0.0,58.0,0.0
8.55566,0x386,0.0,0.0,1.0,6.25,-0.35,0.18,19.9375,19.96875,19.5625,20.0625,-8.4,0.0,58.0,0.0
8.55632,0x2B0,0.0,0.0,1.0,6.25,-0.35,0.18,19.9375,19.96875,19.5625,20.0625,-8.4,0.0,58.0,0.0
8.55802,0x316,0.0,0.0,1.0,6.25,-0.35,0.18,19.9375,19.96875,19.5625,20.0625,-8.4,0.0,58.0,0.0
8.56471,0x220,0.0,0.0,1.0,6.25,-0.39,0.2,19.9375,19.96875,19.5625,20.0625,-8.4,0.0,58.0,0.0
8.56631,0x2B0,0.0,0.0,1.0,6.25,-0.39,0.2,19.9375,19.96875,19.5625,20.0625,-8.4,0.0,58.0,0.0
8.56806,0x316,0.0,0.0,1.0,6.25,-0.39,0.2,19.9375,19.96875,19.5625,20.0625,-8.4,0.0,58.0,0.0
8.57471,0x220,0.0,0.0,1.0,6.25,-0.46,0.23,19.9375,19.96875,19.5625,20.0625,-8.4,0.0,58.0,0.0
8.57566,0x386,0.0,0.0,1.0,6.25,-0.46,0.23,20.03125,19.84375,19.875,19.9375,-8.4,0.0,58.0,0.0
8.57632,0x2B0,0.0,0.0,1.0,6.25,-0.46,0.23,20.03125,19.84375,19.875,19.9375,-8.4,0.0,58.0,0.0
8.5781,0x316,0.0,0.0,1.0,6.25,-0.46,0.23,20.03125,19.84375,19.875,19.9375,-8.4,0.0,58.0,0.0
8.58471,0x220,0.0,0.0,1.0,6.25,-0.63,0.49,20.03125,19.84375,19.875,19.9375,-8.4,0.0,58.0,0.0
8.58631,0x2B0,0.0,0.0,1.0,6.25,-0.63,0.49,20.03125,19.84375,19.875,19.9375,-8.4,0.0,58.0,0.0
8.58793,0x316,0.0,0.0,1.0,6.25,-0.63,0.49,20.03125,19.84375,19.875,19.9375,-8.4,0.0,61.0,0.0
8.59471,0x220,0.0,0.0,1.0,6.25,-0.83,0.94,20.03125,19.84375,19.875,19.9375,-8.4,0.0,61.0,0.0
8.59566,0x386,0.0,0.0,1.0,6.25,-0.83,0.94,19.9375,20.125,20.125,19.8125,-8.4,0.0,61.0,0.0
8.59632,0x2B0,0.0,0.0,1.0,6.25,-0.83,0.94,19.9375,20.125,20.125,19.8125,-8.4,0.0,61.0,0.0
8.598,0x316,0.0,0.0,1.0,6.25,-0.83,0.94,19.9375,20.125,20.125,19.8125,-8.4,0.0,63.0,0.0
8.60471,0x220,0.0,0.0,1.0,6.25,-0.86,1.26,19.9375,20.125,20.125,19.8125,-8.4,0.0,63.0,0.0
8.6063,0x2B0,0.0,0.0,1.0,6.25,-0.86,1.26,19.9375,20.125,20.125,19.8125,-8.4,0.0,63.0,0.0
8.60796,0x316,0.0,0.0,1.0,6.25,-0.86,1.26,19.9375,20.125,20.125,19.8125,-8.4,0.0,66.0,0.0
8.61471,0x220,0.0,0.0,1.0,6.25,-0.73,1.18,19.9375,20.125,20.125,19.8125,-8.4,0.0,66.0,0.0
8.61566,0x386,0.0,0.0,1.0,6.25,-0.73,1.18,20.125,20.09375,20.0625,19.8125,-8.4,0.0,66.0,0.0
8.61632,0x2B0,0.0,0.0,1.0,6.25,-0.73,1.18,20.125,20.09375,20.0625,19.8125,-8.4,0.0,66.0,0.0
8.61795,0x316,0.0,0.0,1.0,6.25,-0.73,1.18,20.125,20.09375,20.0625,19.8125,-8.4,0.0,68.0,0.0
8.62471,0x220,0.0,0.0,1.0,6.25,-0.6,0.95,20.125,20.09375,20.0625,19.8125,-8.4,0.0,68.0,0.0
8.62631,0x2B0,0.0,0.0,1.0,6.25,-0.6,0.95,20.125,20.09375,20.0625,19.8125,-8.4,0.0,68.0,0.0
8.62792,0x316,0.0,0.0,1.0,6.25,-0.6,0.95,20.125,20.09375,20.0625,19.8125,-8.4,0.0,71.0,0.0
8.63488,0x220,0.0,0.0,1.0,6.25,-0.41,0.96,20.125,20.09375,20.0625,19.8125,-8.4,0.0,71.0,0.0
8.63581,0x386,0.0,0.0,1.0,6.25,-0.41,0.96,20.1875,20.34375,19.625,19.6875,-8.4,0.0,71.0,0.0
8.63647,0x2B0,0.0,0.0,1.0,6.25,-0.41,0.96,20.1875,20.34375,19.625,19.6875,-8.4,0.0,71.0,0.0
8.63812,0x316,0.0,0.0,1.0,6.25,-0.41,0.96,20.1875,20.34375,19.625,19.6875,-8.4,0.0,73.0,0.0
8.64471,0x220,0.0,0.0,1.0,6.25,-0.08,1.11,20.1875,20.34375,19.625,19.6875,-8.4,0.0,73.0,0.0
8.6463,0x2B0,0.0,0.0,1.0,6.25,-0.08,1.11,20.1875,20.34375,19.625,19.6875,-8.4,0.0,73.0,0.0
8.64887,0x316,0.0,0.0,1.0,6.25,-0.08,1.11,20.1875,20.34375,19.625,19.6875,-8.4,0.0,73.0,0.0
8.65471,0x220,0.0,0.0,1.0,6.25,0.29,1.07,20.1875,20.34375,19.625,19.6875,-8.4,0.0,73.0,0.0
8.65565,0x386,0.0,0.0,1.0,6.25,0.29,1.07,20.3125,20.21875,19.1875,19.875,-8.4,0.0,73.0,0.0
8.65654,0x2B0,0.0,0.0,1.0,6.25,0.29,1.07,20.3125,20.21875,19.1875,19.875,-8.4,0.0,73.0,0.0
8.65795,0x316,0.0,0.0,1.0,6.25,0.29,1.07,20.3125,20.21875,19.1875,19.875,-8.4,0.0,73.0,0.0
8.66471,0x220,0.0,0.0,1.0,6.25,0.53,0.87,20.3125,20.21875,19.1875,19.875,-8.4,0.0,73.0,0.0
8.6663,0x2B0,0.0,0.0,1.0,6.25,0.53,0.87,20.3125,20.21875,19.1875,19.875,-8.4,0.0,73.0,0.0
8.66797,0x316,0.0,0.0,1.0,6.25,0.53,0.87,20.3125,20.21875,19.1875,19.875,-8.4,0.0,71.0,0.0
8.67471,0x220,0.0,0.0,1.0,6.25,0.56,0.78,20.3125,20.21875,19.1875,19.875,-8.4,0.0,71.0,0.0
8.67564,0x386,0.0,0.0,1.0,6.25,0.56,0.78,20.40625,20.375,19.09375,19.40625,-8.4,0.0,71.0,0.0
8.67654,0x2B0,0.0,0.0,1.0,6.25,0.56,0.78,20.40625,20.375,19.09375,19.40625,-8.4,0.0,71.0,0.0
8.67822,0x316,0.0,0.0,1.0,6.25,0.56,0.78,20.40625,20.375,19.09375,19.40625,-8.4,0.0,68.0,0.0
8.68471,0x220,0.0,0.0,1.0,6.25,0.52,0.84,20.40625,20.375,19.09375,19.40625,-8.4,0.0,68.0,0.0
8.68634,0x2B0,0.0,0.0,1.0,6.25,0.52,0.84,20.40625,20.375,19.09375,19.40625,-8.4,0.0,68.0,0.0
8.68796,0x316,0.0,0.0,1.0,6.25,0.52,0.84,20.40625,20.375,19.09375,19.40625,-8.4,0.0,66.0,0.0
8.69472,0x220,0.0,0.0,1.0,6.25,0.51,0.84,20.40625,20.375,19.09375,19.40625,-8.4,0.0,66.0,0.0
8.69565,0x386,0.0,0.0,1.0,6.25,0.51,0.84,20.46875,20.375,19.3125,19.5,-8.4,0.0,66.0,0.0
8.69656,0x2B0,0.0,0.0,1.0,6.25,0.51,0.84,20.46875,20.375,19.3125,19.5,-8.3,0.0,66.0,0.0
8.69795,0x316,0.0,0.0,1.0,6.25,0.51,0.84,20.46875,20.375,19.3125,19.5,-8.3,0.0,61.0,0.0
8.70471,0x220,0.0,0.0,1.0,6.25,0.56,0.7,20.46875,20.375,19.3125,19.5,-8.3,0.0,61.0,0.0
8.70639,0x2B0,0.0,0.0,1.0,6.25,0.56,0.7,20.46875,20.375,19.3125,19.5,-8.3,0.0,61.0,0.0
8.70792,0x316,0.0,0.0,1.0,6.25,0.56,0.7,20.46875,20.375,19.3125,19.5,-8.3,0.0,56.0,0.0
8.71472,0x220,0.0,0.0,1.0,6.25,0.73,0.59,20.46875,20.375,19.3125,19.5,-8.3,0.0,56.0,0.0
8.71566,0x386,0.0,0.0,1.0,6.25,0.73,0.59,20.15625,20.25,19.46875,19.625,-8.3,0.0,56.0,0.0
8.71657,0x2B0,0.0,0.0,1.0,6.25,0.73,0.59,20.15625,20.25,19.46875,19.625,-8.1,8.0,56.0,0.0
8.718,0x316,0.0,0.0,1.0,6.25,0.73,0.59,20.15625,20.25,19.46875,19.625,-8.1,8.0,50.0,0.0
8.72472,0x220,0.0,0.0,1.0,6.25,1.06,0.64,20.15625,20.25,19.46875,19.625,-8.1,8.0,50.0,0.0
8.7263,0x2B0,0.0,0.0,1.0,6.25,1.06,0.64,20.15625,20.25,19.46875,19.625,-8.1,8.0,50.0,0.0
8.72798,0x316,0.0,0.0,1.0,6.25,1.06,0.64,20.15625,20.25,19.46875,19.625,-8.1,8.0,45.0,0.0
8.73491,0x220,0.0,0.0,1.0,6.25,1.6,0.72,20.15625,20.25,19.46875,19.625,-8.1,8.0,45.0,0.0
8.73585,0x386,0.0,0.0,1.0,6.25,1.6,0.72,20.375,20.21875,19.46875,19.59375,-8.1,8.0,45.0,0.0
8.73651,0x2B0,0.0,0.0,1.0,6.25,1.6,0.72,20.375,20.21875,19.46875,19.59375,-8.1,0.0,45.0,0.0
8.73803,0x316,0.0,0.0,1.0,6.25,1.6,0.72,20.375,20.21875,19.46875,19.59375,-8.1,0.0,43.0,0.0
8.74472,0x220,0.0,0.0,1.0,6.25,2.15,0.64,20.375,20.21875,19.46875,19.59375,-8.1,0.0,43.0,0.0
8.74638,0x2B0,0.0,0.0,1.0,6.25,2.15,0.64,20.375,20.21875,19.46875,19.59375,-8.1,0.0,43.0,0.0
8.74867,0x316,0.0,0.0,1.0,6.25,2.15,0.64,20.375,20.21875,19.46875,19.59375,-8.1,0.0,38.0,0.0
8.75472,0x220,0.0,0.0,1.0,6.25,2.51,0.31,20.375,20.21875,19.46875,19.59375,-8.1,0.0,38.0,0.0
8.75566,0x386,0.0,0.0,1.0,6.25,2.51,0.31,20.125,20.3125,19.5,19.65625,-8.1,0.0,38.0,0.0
8.75632,0x2B0,0.0,0.0,1.0,6.25,2.51,0.31,20.125,20.3125,19.5,19.65625,-8.1,0.0,38.0,0.0
8.75801,0x316,0.0,0.0,1.0,6.25,2.51,0.31,20.125,20.3125,19.5,19.65625,-8.1,0.0,38.0,0.0
8.76471,0x220,0.0,0.0,1.0,6.25,2.54,-0.12,20.125,20.3125,19.5,19.65625,-8.1,0.0,38.0,0.0
8.76638,0x2B0,0.0,0.0,1.0,6.25,2.54,-0.12,20.125,20.3125,19.5,19.65625,-8.1,0.0,38.0,0.0
8.76803,0x316,0.0,0.0,1.0,6.25,2.54,-0.12,20.125,20.3125,19.5,19.65625,-8.1,0.0,35.0,0.0
8.77471,0x220,0.0,0.0,1.0,6.25,2.27,-0.36,20.125,20.3125,19.5,19.65625,-8.1,0.0,35.0,0.0
8.77565,0x386,0.0,0.0,1.0,6.25,2.27,-0.36,20.3125,20.0625,19.53125,19.6875,-8.1,0.0,35.0,0.0
8.77655,0x2B0,0.0,0.0,1.0,6.25,2.27,-0.36,20.3125,20.0625,19.53125,19.6875,-8.1,0.0,35.0,0.0
8.77801,0x316,0.0,0.0,1.0,6.25,2.27,-0.36,20.3125,20.0625,19.53125,19.6875,-8.1,0.0,35.0,0.0
8.78471,0x220,0.0,0.0,1.0,6.25,1.84,-0.23,20.3125,20.0625,19.53125,19.6875,-8.1,0.0,35.0,0.0
8.78631,0x2B0,0.0,0.0,1.0,6.25,1.84,-0.23,20.3125,20.0625,19.53125,19.6875,-8.1,0.0,35.0,0.0
8.78793,0x316,0.0,0.0,1.0,6.25,1.84,-0.23,20.3125,20.0625,19.53125,19.6875,-8.1,0.0,38.0,0.0
8.79472,0x220,0.0,0.0,1.0,6.25,1.6,-0.03,20.3125,20.0625,19.53125,19.6875,-8.1,0.0,38.0,0.0
8.79565,0x386,0.0,0.0,1.0,6.25,1.6,-0.03,19.8125,20.0625,19.46875,19.6875,-8.1,0.0,38.0,0.0
8.79655,0x2B0,0.0,0.0,1.0,6.25,1.6,-0.03,19.8125,20.0625,19.46875,19.6875,-8.1,0.0,38.0,0.0
8.79797,0x316,0.0,0.0,1.0,6.25,1.6,-0.03,19.8125,20.0625,19.46875,19.6875,-8.1,0.0,40.0,0.0
8.80472,0x220,0.0,0.0,1.0,6.25,1.71,-0.13,19.8125,20.0625,19.46875,19.6875,-8.1,0.0,40.0,0.0
8.8063,0x2B0,0.0,0.0,1.0,6.25,1.71,-0.13,19.8125,20.0625,19.46875,19.6875,-8.1,0.0,40.0,0.0
8.80793,0x316,0.0,0.0,1.0,6.25,1.71,-0.13,19.8125,20.0625,19.46875,19.6875,-8.1,0.0,45.0,0.0
8.81471,0x220,0.0,0.0,1.0,6.25,1.98,-0.35,19.8125,20.0625,19.46875,19.6875,-8.1,0.0,45.0,0.0
8.81563,0x386,0.0,0.0,1.0,6.25,1.98,-0.35,20.1875,20.15625,19.46875,19.53125,-8.1,0.0,45.0,0.0
8.81654,0x2B0,0.0,0.0,1.0,6.25,1.98,-0.35,20.1875,20.15625,19.46875,19.53125,-8.1,0.0,45.0,0.0
8.81795,0x316,0.0,0.0,1.0,6.25,1.98,-0.35,20.1875,20.15625,19.46875,19.53125,-8.1,0.0,50.0,0.0
8.82472,0x220,0.0,0.0,1.0,6.25,2.18,-0.31,20.1875,20.15625,19.46875,19.53125,-8.1,0.0,50.0,0.0
8.82633,0x2B0,0.0,0.0,1.0,6.25,2.18,-0.31,20.1875,20.15625,19.46875,19.53125,-7.9,8.0,50.0,0.0
8.82791,0x316,0.0,0.0,1.0,6.25,2.18,-0.31,20.1875,20.15625,19.46875,19.53125,-7.9,8.0,53.0,0.0
8.83471,0x220,0.0,0.0,1.0,6.25,2.16,0.05,20.1875,20.15625,19.46875,19.53125,-7.9,8.0,53.0,0.0
8.83565,0x386,0.0,0.0,1.0,6.25,2.16,0.05,19.96875,19.84375,19.78125,19.5625,-7.9,8.0,53.0,0.0
8.83648,0x2B0,0.0,0.0,1.0,6.25,2.16,0.05,19.96875,19.84375,19.78125,19.5625,-7.9,8.0,53.0,0.0
8.83804,0x316,0.0,0.0,1.0,6.25,2.16,0.05,19.96875,19.84375,19.78125,19.5625,-7.9,8.0,56.0,0.0
8.84472,0x220,0.0,0.0,1.0,6.25,1.96,0.33,19.96875,19.84375,19.78125,19.5625,-7.9,8.0,56.0,0.0
8.8463,0x2B0,0.0,0.0,1.0,6.25,1.96,0.33,19.96875,19.84375,19.78125,19.5625,-7.9,0.0,56.0,0.0
8.84886,0x316,0.0,0.0,1.0,6.25,1.96,0.33,19.96875,19.84375,19.78125,19.5625,-7.9,0.0,56.0,0.0
8.85472,0x220,0.0,0.0,1.0,6.25,1.69,0.11,19.96875,19.84375,19.78125,19.5625,-7.9,0.0,56.0,0.0
8.85566,0x386,0.0,0.0,1.0,6.25,1.69,0.11,20.0,20.0,19.59375,19.5625,-7.9,0.0,56.0,0.0
8.85631,0x2B0,0.0,0.0,1.0,6.25,1.69,0.11,20.0,20.0,19.59375,19.5625,-7.9,0.0,56.0,0.0
8.85795,0x316,0.0,0.0,1.0,6.25,1.69,0.11,20.0,20.0,19.59375,19.5625,-7.9,0.0,56.0,0.0
8.86471,0x220,0.0,0.0,1.0,6.25,1.34,-0.34,20.0,20.0,19.59375,19.5625,-7.9,0.0,56.0,0.0
8.8663,0x2B0,0.0,0.0,1.0,6.25,1.34,-0.34,20.0,20.0,19.59375,19.5625,-7.9,0.0,56.0,0.0
8.86796,0x316,0.0,0.0,1.0,6.25,1.34,-0.34,20.0,20.0,19.59375,19.5625,-7.9,0.0,56.0,0.0
8.87472,0x220,0.0,0.0,1.0,6.25,1.07,-0.5,20.0,20.0,19.59375,19.5625,-7.9,0.0,56.0,0.0
8.87566,0x386,0.0,0.0,1.0,6.25,1.07,-0.5,19.875,19.90625,19.34375,19.65625,-7.9,0.0,56.0,0.0
8.87632,0x2B0,0.0,0.0,1.0,6.25,1.07,-0.5,19.875,19.90625,19.34375,19.65625,-7.9,0.0,56.0,0.0
8.87804,0x316,0.0,0.0,1.0,6.25,1.07,-0.5,19.875,19.90625,19.34375,19.65625,-7.9,0.0,50.0,0.0
8.88472,0x220,0.0,0.0,1.0,6.25,1.04,-0.3,19.875,19.90625,19.34375,19.65625,-7.9,0.0,50.0,0.0
8.8863,0x2B0,0.0,0.0,1.0,6.25,1.04,-0.3,19.875,19.90625,19.34375,19.65625,-7.9,0.0,50.0,0.0
8.88803,0x316,0.0,0.0,1.0,6.25,1.04,-0.3,19.875,19.90625,19.34375,19.65625,-7.9,0.0,45.0,0.0
8.89472,0x220,0.0,0.0,1.0,6.25,1.15,0.0,19.875,19.90625,19.34375,19.65625,-7.9,0.0,45.0,0.0
8.89567,0x386,0.0,0.0,1.0,6.25,1.15,0.0,19.875,19.9375,19.40625,19.875,-7.9,0.0,45.0,0.0
8.89657,0x2B0,0.0,0.0,1.0,6.25,1.15,0.0,19.875,19.9375,19.40625,19.875,-7.9,0.0,45.0,0.0
8.89795,0x316,0.0,0.0,1.0,6.25,1.15,0.0,19.875,19.9375,19.40625,19.875,-7.9,0.0,40.0,0.0
8.90472,0x220,0.0,0.0,1.0,6.25,1.19,0.22,19.875,19.9375,19.40625,19.875,-7.9,0.0,40.0,0.0
8.90634,0x2B0,0.0,0.0,1.0,6.25,1.19,0.22,19.875,19.9375,19.40625,19.875,-7.8,0.0,40.0,0.0
8.90793,0x316,0.0,0.0,1.0,6.25,1.19,0.22,19.875,19.9375,19.40625,19.875,-7.8,0.0,35.0,0.0
8.91472,0x220,0.0,0.0,1.0,6.25,1.08,0.35,19.875,19.9375,19.40625,19.875,-7.8,0.0,35.0,0.0
8.91565,0x386,0.0,0.0,1.0,6.25,1.08,0.35,19.8125,19.78125,19.5625,19.71875,-7.8,0.0,35.0,0.0
8.91631,0x2B0,0.0,0.0,1.0,6.25,1.08,0.35,19.8125,19.78125,19.5625,19.71875,-7.8,0.0,35.0,0.0
8.91795,0x316,0.0,0.0,1.0,6.25,1.08,0.35,19.8125,19.78125,19.5625,19.71875,-7.8,0.0,33.0,0.0
8.92472,0x220,0.0,0.0,1.0,6.25,0.86,0.37,19.8125,19.78125,19.5625,19.71875,-7.8,0.0,33.0,0.0
8.92638,0x2B0,0.0,0.0,1.0,6.25,0.86,0.37,19.8125,19.78125,19.5625,19.71875,-7.8,0.0,33.0,0.0
8.92804,0x316,0.0,0.0,1.0,6.25,0.86,0.37,19.8125,19.78125,19.5625,19.71875,-7.8,0.0,33.0,0.0
8.93476,0x220,0.0,0.0,1.0,6.25,0.64,0.32,19.8125,19.78125,19.5625,19.71875,-7.8,0.0,33.0,0.0
8.93569,0x386,0.0,0.0,1.0,6.25,0.64,0.32,19.75,19.875,19.53125,19.65625,-7.8,0.0,33.0,0.0
8.93635,0x2B0,0.0,0.0,1.0,6.25,0.64,0.32,19.75,19.875,19.53125,19.65625,-7.7,0.0,33.0,0.0
8.93805,0x316,0.0,0.0,1.0,6.25,0.64,0.32,19.75,19.875,19.53125,19.65625,-7.7,0.0,33.0,0.0
8.94472,0x220,0.0,0.0,1.0,6.25,0.48,0.2,19.75,19.875,19.53125,19.65625,-7.7,0.0,33.0,0.0
8.94638,0x2B0,0.0,0.0,1.0,6.25,0.48,0.2,19.75,19.875,19.53125,19.65625,-7.7,0.0,33.0,0.0
8.94867,0x316,0.0,0.0,1.0,6.25,0.48,0.2,19.75,19.875,19.53125,19.65625,-7.7,0.0,33.0,0.0
8.95472,0x220,0.0,0.0,1.0,6.25,0.39,0.1,19.75,19.875,19.53125,19.65625,-7.7,0.0,33.0,0.0
8.95566,0x386,0.0,0.0,1.0,6.25,0.39,0.1,19.78125,19.84375,19.5625,19.46875,-7.7,0.0,33.0,0.0
8.95657,0x2B0,0.0,0.0,1.0,6.25,0.39,0.1,19.78125,19.84375,19.5625,19.46875,-7.4,12.0,33.0,0.0
8.95794,0x316,0.0,0.0,1.0,6.25,0.39,0.1,19.78125,19.84375,19.5625,19.46875,-7.4,12.0,33.0,0.0
8.96472,0x220,0.0,0.0,1.0,6.25,0.45,0.17,19.78125,19.84375,19.5625,19.46875,-7.4,12.0,33.0,0.0
8.96633,0x2B0,0.0,0.0,1.0,6.25,0.45,0.17,19.78125,19.84375,19.5625,19.46875,-7.3,20.0,33.0,0.0
8.9681,0x316,0.0,0.0,1.0,6.25,0.45,0.17,19.78125,19.84375,19.5625,19.46875,-7.3,20.0,43.0,0.0
8.97472,0x220,0.0,0.0,1.0,6.25,0.69,0.37,19.78125,19.84375,19.5625,19.46875,-7.3,20.0,43.0,0.0
8.97566,0x386,0.0,0.0,1.0,6.25,0.69,0.37,19.625,19.84375,19.4375,19.65625,-7.3,20.0,43.0,0.0
8.97656,0x2B0,0.0,0.0,1.0,6.25,0.69,0.37,19.625,19.84375,19.4375,19.65625,-7.1,12.0,43.0,0.0
8.97817,0x316,0.0,0.0,1.0,6.25,0.69,0.37,19.625,19.84375,19.4375,19.65625,-7.1,12.0,48.0,0.0
8.98472,0x220,0.0,0.0,1.0,6.25,1.02,0.4,19.625,19.84375,19.4375,19.65625,-7.1,12.0,48.0,0.0
8.98632,0x2B0,0.0,0.0,1.0,6.25,1.02,0.4,19.625,19.84375,19.4375,19.65625,-6.9,20.0,48.0,0.0
8.98793,0x316,0.0,0.0,1.0,6.25,1.02,0.4,19.625,19.84375,19.4375,19.65625,-6.9,20.0,53.0,0.0
8.99473,0x220,0.0,0.0,1.0,6.25,1.3,0.13,19.625,19.84375,19.4375,19.65625,-6.9,20.0,53.0,0.0
8.99567,0x386,0.0,0.0,1.0,6.25,1.3,0.13,19.75,19.8125,19.40625,19.65625,-6.9,20.0,53.0,0.0
8.99633,0x2B0,0.0,0.0,1.0,6.25,1.3,0.13,19.75,19.8125,19.40625,19.65625,-6.7,20.0,53.0,0.0
8.99795,0x316,0.0,0.0,1.0,6.25,1.3,0.13,19.75,19.8125,19.40625,19.65625,-6.7,20.0,56.0,0.0
9.00472,0x220,0.0,0.0,1.0,6.25,1.42,-0.2,19.75,19.8125,19.40625,19.65625,-6.7,20.0,56.0,0.0
9.0063,0x2B0,0.0,0.0,1.0,6.25,1.42,-0.2,19.75,19.8125,19.40625,19.65625,-6.5,20.0,56.0,0.0
9.00796,0x316,0.0,0.0,1.0,6.25,1.42,-0.2,19.75,19.8125,19.40625,19.65625,-6.5,20.0,58.0,0.0
9.01472,0x220,0.0,0.0,1.0,6.25,1.3,-0.39,19.75,19.8125,19.40625,19.65625,-6.5,20.0,58.0,0.0
9.01566,0x386,0.0,0.0,1.0,6.25,1.3,-0.39,19.875,19.78125,19.28125,19.5,-6.5,20.0,58.0,0.0
9.01657,0x2B0,0.0,0.0,1.0,6.25,1.3,-0.39,19.875,19.78125,19.28125,19.5,-6.3,20.0,58.0,0.0
9.01801,0x316,0.0,0.0,1.0,6.25,1.3,-0.39,19.875,19.78125,19.28125,19.5,-6.3,20.0,58.0,0.0
9.02472,0x220,0.0,0.0,1.0,6.25,1.13,-0.38,19.875,19.78125,19.28125,19.5,-6.3,20.0,58.0,0.0
9.02637,0x2B0,0.0,0.0,1.0,6.25,1.13,-0.38,19.875,19.78125,19.28125,19.5,-6.2,12.0,58.0,0.0
9.02792,0x316,0.0,0.0,1.0,6.25,1.13,-0.38,19.875,19.78125,19.28125,19.5,-6.2,12.0,56.0,0.0
9.03478,0x220,0.0,0.0,1.0,6.25,1.13,-0.33,19.875,19.78125,19.28125,19.5,-6.2,12.0,56.0,0.0
9.03572,0x386,0.0,0.0,1.0,6.25,1.13,-0.33,19.9375,19.96875,19.28125,19.1875,-6.2,12.0,56.0,0.0
9.03638,0x2B0,0.0,0.0,1.0,6.25,1.13,-0.33,19.9375,19.96875,19.28125,19.1875,-6.0,12.0,56.0,0.0
9.03801,0x316,0.0,0.0,1.0,6.25,1.13,-0.33,19.9375,19.96875,19.28125,19.1875,-6.0,12.0,53.0,0.0
9.04472,0x220,0.0,0.0,1.0,6.25,1.38,-0.33,19.9375,19.96875,19.28125,19.1875,-6.0,12.0,53.0,0.0
9.04636,0x2B0,0.0,0.0,1.0,6.25,1.38,-0.33,19.9375,19.96875,19.28125,19.1875,-5.8,20.0,53.0,0.0
9.04877,0x316,0.0,0.0,1.0,6.25,1.38,-0.33,19.9375,19.96875,19.28125,19.1875,-5.8,20.0,50.0,0.0
9.05472,0x220,0.0,0.0,1.0,6.25,1.74,-0.36,19.9375,19.96875,19.28125,19.1875,-5.8,20.0,50.0,0.0
9.05566,0x386,0.0,0.0,1.0,6.25,1.74,-0.36,19.9375,19.90625,19.34375,19.0,-5.8,20.0,50.0,0.0
9.05657,0x2B0,0.0,0.0,1.0,6.25,1.74,-0.36,19.9375,19.90625,19.34375,19.0,-5.5,24.0,50.0,0.0
9.05801,0x316,0.0,0.0,1.0,6.25,1.74,-0.36,19.9375,19.90625,19.34375,19.0,-5.5,24.0,50.0,0.0
9.06472,0x220,0.0,0.0,1.0,6.25,2.02,-0.4,19.9375,19.90625,19.34375,19.0,-5.5,24.0,50.0,0.0
9.06635,0x2B0,0.0,0.0,1.0,6.25,2.02,-0.4,19.9375,19.90625,19.34375,19.0,-5.3,24.0,50.0,0.0
9.06797,0x316,0.0,0.0,1.0,6.25,2.02,-0.4,19.9375,19.90625,19.34375,19.0,-5.3,24.0,45.0,0.0
9.07472,0x220,0.0,0.0,1.0,6.25,2.1,-0.45,19.9375,19.90625,19.34375,19.0,-5.3,24.0,45.0,0.0
9.07566,0x386,0.0,0.0,1.0,6.25,2.1,-0.45,19.9375,19.9375,19.09375,18.90625,-5.3,24.0,45.0,0.0
9.07633,0x2B0,0.0,0.0,1.0,6.25,2.1,-0.45,19.9375,19.9375,19.09375,18.90625,-5.1,20.0,45.0,0.0
9.07809,0x316,0.0,0.0,1.0,6.25,2.1,-0.45,19.9375,19.9375,19.09375,18.90625,-5.1,20.0,45.0,0.0
9.08472,0x220,0.0,0.0,1.0,6.25,1.87,-0.49,19.9375,19.9375,19.09375,18.90625,-5.1,20.0,45.0,0.0
9.08632,0x2B0,0.0,0.0,1.0,6.25,1.87,-0.49,19.9375,19.9375,19.09375,18.90625,-4.8,24.0,45.0,0.0
9.08796,0x316,0.0,0.0,1.0,6.25,1.87,-0.49,19.9375,19.9375,19.09375,18.90625,-4.8,24.0,45.0,0.0
9.09472,0x220,0.0,0.0,1.0,6.25,1.48,-0.49,19.9375,19.9375,19.09375,18.90625,-4.8,24.0,45.0,0.0
9.09567,0x386,0.0,0.0,1.0,6.25,1.48,-0.49,19.84375,19.78125,18.6875,19.0,-4.8,24.0,45.0,0.0
9.09657,0x2B0,0.0,0.0,1.0,6.25,1.48,-0.49,19.84375,19.78125,18.6875,19.0,-4.6,24.0,45.0,0.0
9.09799,0x316,0.0,0.0,1.0,6.25,1.48,-0.49,19.84375,19.78125,18.6875,19.0,-4.6,24.0,45.0,0.0
9.10473,0x220,0.0,0.0,1.0,6.25,1.21,-0.46,19.84375,19.78125,18.6875,19.0,-4.6,24.0,45.0,0.0
9.10632,0x2B0,0.0,0.0,1.0,6.25,1.21,-0.46,19.84375,19.78125,18.6875,19.0,-4.4,20.0,45.0,0.0
9.10791,0x316,0.0,0.0,1.0,6.25,1.21,-0.46,19.84375,19.78125,18.6875,19.0,-4.4,20.0,45.0,0.0
9.11472,0x220,0.0,0.0,1.0,6.25,1.17,-0.49,19.84375,19.78125,18.6875,19.0,-4.4,20.0,45.0,0.0
9.11566,0x386,0.0,0.0,1.0,6.25,1.17,-0.49,19.84375,19.75,18.625,19.0625,-4.4,20.0,45.0,0.0
9.11656,0x2B0,0.0,0.0,1.0,6.25,1.17,-0.49,19.84375,19.75,18.625,19.0625,-4.2,20.0,45.0,0.0
9.11795,0x316,0.0,0.0,1.0,6.25,1.17,-0.49,19.84375,19.75,18.625,19.0625,-4.2,20.0,45.0,0.0
9.12473,0x220,0.0,0.0,1.0,6.25,1.32,-0.5,19.84375,19.75,18.625,19.0625,-4.2,20.0,45.0,0.0
9.12629,0x2B0,0.0,0.0,1.0,6.25,1.32,-0.5,19.84375,19.75,18.625,19.0625,-4.0,20.0,45.0,0.0
9.12801,0x316,0.0,0.0,1.0,6.25,1.32,-0.5,19.84375,19.75,18.625,19.0625,-4.0,20.0,45.0,0.0
9.1348,0x220,0.0,0.0,1.0,6.25,1.46,-0.33,19.84375,19.75,18.625,19.0625,-4.0,20.0,45.0,0.0
9.13573,0x386,0.0,0.0,1.0,6.25,1.46,-0.33,19.6875,19.6875,19.25,19.0625,-4.0,20.0,45.0,0.0
9.13639,0x2B0,0.0,0.0,1.0,6.25,1.46,-0.33,19.6875,19.6875,19.25,19.0625,-3.8,20.0,45.0,0.0
9.13811,0x316,0.0,0.0,1.0,6.25,1.46,-0.33,19.6875,19.6875,19.25,19.0625,-3.8,20.0,45.0,0.0
9.14473,0x220,0.0,0.0,1.0,6.25,1.53,0.1,19.6875,19.6875,19.25,19.0625,-3.8,20.0,45.0,0.0
9.1463,0x2B0,0.0,0.0,1.0,6.25,1.53,0.1,19.6875,19.6875,19.25,19.0625,-3.7,12.0,45.0,0.0
9.14864,0x316,0.0,0.0,1.0,6.25,1.53,0.1,19.6875,19.6875,19.25,19.0625,-3.7,12.0,45.0,0.0
9.15472,0x220,0.0,0.0,1.0,6.25,1.56,0.49,19.6875,19.6875,19.25,19.0625,-3.7,12.0,45.0,0.0
9.15566,0x386,0.0,0.0,1.0,6.25,1.56,0.49,19.65625,19.625,19.5,19.46875,-3.7,12.0,45.0,0.0
9.15632,0x2B0,0.0,0.0,1.0,6.25,1.56,0.49,19.65625,19.625,19.5,19.46875,-3.7,0.0,45.0,0.0
9.15795,0x316,0.0,0.0,1.0,6.25,1.56,0.49,19.65625,19.625,19.5,19.46875,-3.7,0.0,45.0,0.0
9.16472,0x220,0.0,0.0,1.0,6.25,1.57,0.54,19.65625,19.625,19.5,19.46875,-3.7,0.0,45.0,0.0
9.16628,0x2B0,0.0,0.0,1.0,6.25,1.57,0.54,19.65625,19.625,19.5,19.46875,-3.7,0.0,45.0,0.0
9.16808,0x316,0.0,0.0,1.0,6.25,1.57,0.54,19.65625,19.625,19.5,19.46875,-3.7,0.0,40.0,0.0
9.17474,0x220,0.0,0.0,1.0,6.25,1.57,0.34,19.65625,19.625,19.5,19.46875,-3.7,0.0,40.0,0.0
9.17568,0x386,0.0,0.0,1.0,6.25,1.57,0.34,19.5,19.46875,19.34375,19.78125,-3.7,0.0,40.0,0.0
9.17635,0x2B0,0.0,0.0,1.0,6.25,1.57,0.34,19.5,19.46875,19.34375,19.78125,-3.7,0.0,40.0,0.0
9.17818,0x316,0.0,0.0,1.0,6.25,1.57,0.34,19.5,19.46875,19.34375,19.78125,-3.7,0.0,35.0,0.0
9.18473,0x220,0.0,0.0,1.0,6.25,1.57,0.1,19.5,19.46875,19.34375,19.78125,-3.7,0.0,35.0,0.0
9.18634,0x2B0,0.0,0.0,1.0,6.25,1.57,0.1,19.5,19.46875,19.34375,19.78125,-3.7,0.0,35.0,0.0
9.18793,0x316,0.0,0.0,1.0,6.25,1.57,0.1,19.5,19.46875,19.34375,19.78125,-3.7,0.0,33.0,0.0
9.19475,0x220,0.0,0.0,1.0,6.25,1.51,0.07,19.5,19.46875,19.34375,19.78125,-3.7,0.0,33.0,0.0
9.19569,0x386,0.0,0.0,1.0,6.25,1.51,0.07,19.4375,19.5,19.4375,19.75,-3.7,0.0,33.0,0.0
9.19635,0x2B0,0.0,0.0,1.0,6.25,1.51,0.07,19.4375,19.5,19.4375,19.75,-3.7,0.0,33.0,0.0
9.19794,0x316,0.0,0.0,1.0,6.25,1.51,0.07,19.4375,19.5,19.4375,19.75,-3.7,0.0,33.0,0.0
9.20473,0x220,0.0,0.0,1.0,6.25,1.38,0.14,19.4375,19.5,19.4375,19.75,-3.7,0.0,33.0,0.0
9.20633,0x2B0,0.0,0.0,1.0,6.25,1.38,0.14,19.4375,19.5,19.4375,19.75,-3.7,0.0,33.0,0.0
9.20795,0x316,0.0,0.0,1.0,6.25,1.38,0.14,19.4375,19.5,19.4375,19.75,-3.7,0.0,33.0,0.0
9.21475,0x220,0.0,0.0,1.0,6.25,1.16,0.27,19.4375,19.5,19.4375,19.75,-3.7,0.0,33.0,0.0
9.21569,0x386,0.0,0.0,1.0,6.25,1.16,0.27,19.4375,19.53125,19.59375,19.65625,-3.7,0.0,33.0,0.0
9.21635,0x2B0,0.0,0.0,1.0,6.25,1.16,0.27,19.4375,19.53125,19.59375,19.65625,-3.7,0.0,33.0,0.0
9.218,0x316,0.0,0.0,1.0,6.25,1.16,0.27,19.4375,19.53125,19.59375,19.65625,-3.7,0.0,33.0,0.0
9.22473,0x220,0.0,0.0,1.0,6.25,0.84,0.45,19.4375,19.53125,19.59375,19.65625,-3.7,0.0,33.0,0.0
9.22633,0x2B0,0.0,0.0,1.0,6.25,0.84,0.45,19.4375,19.53125,19.59375,19.65625,-3.7,0.0,33.0,0.0
9.2279,0x316,0.0,0.0,1.0,6.25,0.84,0.45,19.4375,19.53125,19.59375,19.65625,-3.7,0.0,38.0,0.0
9.23484,0x220,0.0,0.0,1.0,6.25,0.64,0.58,19.4375,19.53125,19.59375,19.65625,-3.7,0.0,38.0,0.0
9.23577,0x386,0.0,0.0,1.0,6.25,0.64,0.58,19.40625,19.5,19.75,19.3125,-3.7,0.0,38.0,0.0
9.23644,0x2B0,0.0,0.0,1.0,6.25,0.64,0.58,19.40625,19.5,19.75,19.3125,-3.7,0.0,38.0,0.0
9.238,0x316,0.0,0.0,1.0,6.25,0.64,0.58,19.40625,19.5,19.75,19.3125,-3.7,0.0,43.0,0.0
9.24473,0x220,0.0,0.0,1.0,6.25,0.72,0.56,19.40625,19.5,19.75,19.3125,-3.7,0.0,43.0,0.0
9.24634,0x2B0,0.0,0.0,1.0,6.25,0.72,0.56,19.40625,19.5,19.75,19.3125,-3.7,0.0,43.0,0.0
9.24871,0x316,0.0,0.0,1.0,6.25,0.72,0.56,19.40625,19.5,19.75,19.3125,-3.7,0.0,48.0,0.0
9.25475,0x220,0.0,0.0,1.0,6.25,1.05,0.36,19.40625,19.5,19.75,19.3125,-3.7,0.0,48.0,0.0
9.25568,0x386,0.0,0.0,1.0,6.25,1.05,0.36,19.5625,19.625,19.375,19.1875,-3.7,0.0,48.0,0.0
9.25659,0x2B0,0.0,0.0,1.0,6.25,1.05,0.36,19.5625,19.625,19.375,19.1875,-3.7,0.0,48.0,0.0
9.25802,0x316,0.0,0.0,1.0,6.25,1.05,0.36,19.5625,19.625,19.375,19.1875,-3.7,0.0,48.0,0.0
9.26472,0x220,0.0,0.0,1.0,6.25,1.42,0.11,19.5625,19.625,19.375,19.1875,-3.7,0.0,48.0,0.0
9.26632,0x2B0,0.0,0.0,1.0,6.25,1.42,0.11,19.5625,19.625,19.375,19.1875,-3.4,12.0,48.0,0.0
9.26796,0x316,0.0,0.0,1.0,6.25,1.42,0.11,19.5625,19.625,19.375,19.1875,-3.4,12.0,61.0,0.0
9.27475,0x220,0.0,0.0,1.0,6.25,1.65,0.01,19.5625,19.625,19.375,19.1875,-3.4,12.0,61.0,0.0
9.27569,0x386,0.0,0.0,1.0,6.25,1.65,0.01,19.5625,19.6875,18.875,18.875,-3.4,12.0,61.0,0.0
9.27659,0x2B0,0.0,0.0,1.0,6.25,1.65,0.01,19.5625,19.6875,18.875,18.875,-3.4,12.0,61.0,0.0
9.2781,0x316,0.0,0.0,1.0,6.25,1.65,0.01,19.5625,19.6875,18.875,18.875,-3.4,12.0,63.0,0.0
9.28473,0x220,0.0,0.0,1.0,6.25,1.74,0.09,19.5625,19.6875,18.875,18.875,-3.4,12.0,63.0,0.0
9.28634,0x2B0,0.0,0.0,1.0,6.25,1.74,0.09,19.5625,19.6875,18.875,18.875,-3.0,20.0,63.0,0.0
9.28793,0x316,0.0,0.0,1.0,6.25,1.74,0.09,19.5625,19.6875,18.875,18.875,-3.0,20.0,63.0,0.0
9.29475,0x220,0.0,0.0,1.0,6.25,1.7,0.15,19.5625,19.6875,18.875,18.875,-3.0,20.0,63.0,0.0
9.29568,0x386,0.0,0.0,1.0,6.25,1.7,0.15,19.65625,19.8125,18.9375,18.53125,-3.0,20.0,63.0,0.0
9.29635,0x2B0,0.0,0.0,1.0,6.25,1.7,0.15,19.65625,19.8125,18.9375,18.53125,-2.8,28.0,63.0,0.0
9.29803,0x316,0.0,0.0,1.0,6.25,1.7,0.15,19.65625,19.8125,18.9375,18.53125,-2.8,28.0,63.0,0.0
9.30473,0x220,0.0,0.0,1.0,6.25,1.53,0.02,19.65625,19.8125,18.9375,18.53125,-2.8,28.0,63.0,0.0
9.30634,0x2B0,0.0,0.0,1.0,6.25,1.53,0.02,19.65625,19.8125,18.9375,18.53125,-2.6,20.0,63.0,0.0
9.30793,0x316,0.0,0.0,1.0,6.25,1.53,0.02,19.65625,19.8125,18.9375,18.53125,-2.6,20.0,63.0,0.0
9.31475,0x220,0.0,0.0,1.0,6.25,1.31,-0.15,19.65625,19.8125,18.9375,18.53125,-2.6,20.0,63.0,0.0
9.31569,0x386,0.0,0.0,1.0,6.25,1.31,-0.15,19.6875,19.6875,19.0,19.0,-2.6,20.0,63.0,0.0
9.31635,0x2B0,0.0,0.0,1.0,6.25,1.31,-0.15,19.6875,19.6875,19.0,19.0,-2.4,20.0,63.0,0.0
9.31797,0x316,0.0,0.0,1.0,6.25,1.31,-0.15,19.6875,19.6875,19.0,19.0,-2.4,20.0,58.0,0.0
9.32473,0x220,0.0,0.0,1.0,6.25,1.1,-0.19,19.6875,19.6875,19.0,19.0,-2.4,20.0,58.0,0.0
9.32631,0x2B0,0.0,0.0,1.0,6.25,1.1,-0.19,19.6875,19.6875,19.0,19.0,-2.2,20.0,58.0,0.0
9.32793,0x316,0.0,0.0,1.0,6.25,1.1,-0.19,19.6875,19.6875,19.0,19.0,-2.2,20.0,53.0,0.0
9.33487,0x220,0.0,0.0,1.0,6.25,0.98,-0.05,19.6875,19.6875,19.0,19.0,-2.2,20.0,53.0,0.0
9.3358,0x386,0.0,0.0,1.0,6.25,0.98,-0.05,19.6875,19.6875,18.90625,19.5,-2.2,20.0,53.0,0.0
9.33646,0x2B0,0.0,0.0,1.0,6.25,0.98,-0.05,19.6875,19.6875,18.90625,19.5,-2.0,20.0,53.0,0.0
9.33811,0x316,0.0,0.0,1.0,6.25,0.98,-0.05,19.6875,19.6875,18.90625,19.5,-2.0,20.0,48.0,0.0
9.34473,0x220,0.0,0.0,1.0,6.25,0.89,0.09,19.6875,19.6875,18.90625,19.5,-2.0,20.0,48.0,0.0
9.3463,0x2B0,0.0,0.0,1.0,6.25,0.89,0.09,19.6875,19.6875,18.90625,19.5,-1.9,12.0,48.0,0.0
9.34872,0x316,0.0,0.0,1.0,6.25,0.89,0.09,19.6875,19.6875,18.90625,19.5,-1.9,12.0,40.0,0.0
9.35475,0x220,0.0,0.0,1.0,6.25,0.81,0.22,19.6875,19.6875,18.90625,19.5,-1.9,12.0,40.0,0.0
9.35569,0x386,0.0,0.0,1.0,6.25,0.81,0.22,19.6875,19.5,19.0625,19.3125,-1.9,12.0,40.0,0.0
9.35635,0x2B0,0.0,0.0,1.0,6.25,0.81,0.22,19.6875,19.5,19.0625,19.3125,-1.9,0.0,40.0,0.0
9.35795,0x316,0.0,0.0,1.0,6.25,0.81,0.22,19.6875,19.5,19.0625,19.3125,-1.9,0.0,40.0,0.0
9.36474,0x220,0.0,0.0,1.0,6.25,0.77,0.31,19.6875,19.5,19.0625,19.3125,-1.9,0.0,40.0,0.0
9.36623,0x2B0,0.0,0.0,1.0,6.25,0.77,0.31,19.6875,19.5,19.0625,19.3125,-1.9,0.0,40.0,0.0
9.368,0x316,0.0,0.0,1.0,6.25,0.77,0.31,19.6875,19.5,19.0625,19.3125,-1.9,0.0,33.0,0.0
9.37475,0x220,0.0,0.0,1.0,6.25,0.79,0.35,19.6875,19.5,19.0625,19.3125,-1.9,0.0,33.0,0.0
9.37569,0x386,0.0,0.0,1.0,6.25,0.79,0.35,19.59375,19.59375,19.1875,19.4375,-1.9,0.0,33.0,0.0
9.37634,0x2B0,0.0,0.0,1.0,6.25,0.79,0.35,19.59375,19.59375,19.1875,19.4375,-1.9,0.0,33.0,0.0
9.37818,0x316,0.0,0.0,1.0,6.25,0.79,0.35,19.59375,19.59375,19.1875,19.4375,-1.9,0.0,33.0,0.0
9.38474,0x220,0.0,0.0,1.0,6.25,0.79,0.36,19.59375,19.59375,19.1875,19.4375,-1.9,0.0,33.0,0.0
9.38626,0x2B0,0.0,0.0,1.0,6.25,0.79,0.36,19.59375,19.59375,19.1875,19.4375,-1.9,0.0,33.0,0.0
9.38795,0x316,0.0,0.0,1.0,6.25,0.79,0.36,19.59375,19.59375,19.1875,19.4375,-1.9,0.0,33.0,0.0
9.39476,0x220,0.0,0.0,1.0,6.25,0.71,0.4,19.59375,19.59375,19.1875,19.4375,-1.9,0.0,33.0,0.0
9.39569,0x386,0.0,0.0,1.0,6.25,0.71,0.4,19.625,19.53125,19.53125,19.75,-1.9,0.0,33.0,0.0
9.39635,0x2B0,0.0,0.0,1.0,6.25,0.71,0.4,19.625,19.53125,19.53125,19.75,-1.9,0.0,33.0,0.0
9.39794,0x316,0.0,0.0,1.0,6.25,0.71,0.4,19.625,19.53125,19.53125,19.75,-1.9,0.0,33.0,0.0
9.40474,0x220,0.0,0.0,1.0,6.25,0.59,0.56,19.625,19.53125,19.53125,19.75,-1.9,0.0,33.0,0.0
9.40634,0x2B0,0.0,0.0,1.0,6.25,0.59,0.56,19.625,19.53125,19.53125,19.75,-1.9,0.0,33.0,0.0
9.4079,0x316,0.0,0.0,1.0,6.25,0.59,0.56,19.625,19.53125,19.53125,19.75,-1.9,0.0,35.0,0.0
9.41474,0x220,0.0,0.0,1.0,6.25,0.51,0.78,19.625,19.53125,19.53125,19.75,-1.9,0.0,35.0,0.0
9.41568,0x386,0.0,0.0,1.0,6.25,0.51,0.78,19.65625,19.5,19.25,19.46875,-1.9,0.0,35.0,0.0
9.41634,0x2B0,0.0,0.0,1.0,6.25,0.51,0.78,19.65625,19.5,19.25,19.46875,-1.9,0.0,35.0,0.0
9.41798,0x316,0.0,0.0,1.0,6.25,0.51,0.78,19.65625,19.5,19.25,19.46875,-1.9,0.0,40.0,0.0
9.42473,0x220,0.0,0.0,1.0,6.25,0.48,0.89,19.65625,19.5,19.25,19.46875,-1.9,0.0,40.0,0.0
9.42632,0x2B0,0.0,0.0,1.0,6.25,0.48,0.89,19.65625,19.5,19.25,19.46875,-1.9,0.0,40.0,0.0
9.42793,0x316,0.0,0.0,1.0,6.25,0.48,0.89,19.65625,19.5,19.25,19.46875,-1.9,0.0,45.0,0.0
9.43489,0x220,0.0,0.0,1.0,6.25,0.51,0.82,19.65625,19.5,19.25,19.46875,-1.9,0.0,45.0,0.0
9.43584,0x386,0.0,0.0,1.0,6.25,0.51,0.82,19.75,19.625,19.0,19.6875,-1.9,0.0,45.0,0.0
9.4365,0x2B0,0.0,0.0,1.0,6.25,0.51,0.82,19.75,19.625,19.0,19.6875,-1.9,0.0,45.0,0.0
9.43803,0x316,0.0,0.0,1.0,6.25,0.51,0.82,19.75,19.625,19.0,19.6875,-1.9,0.0,53.0,0.0
9.44474,0x220,0.0,0.0,1.0,6.25,0.58,0.69,19.75,19.625,19.0,19.6875,-1.9,0.0,53.0,0.0
9.44631,0x2B0,0.0,0.0,1.0,6.25,0.58,0.69,19.75,19.625,19.0,19.6875,-1.9,0.0,53.0,0.0
9.44875,0x316,0.0,0.0,1.0,6.25,0.58,0.69,19.75,19.625,19.0,19.6875,-1.9,0.0,61.0,0.0
9.45475,0x220,0.0,0.0,1.0,6.25,0.7,0.71,19.75,19.625,19.0,19.6875,-1.9,0.0,61.0,0.0
9.45568,0x386,0.0,0.0,1.0,6.25,0.7,0.71,19.8125,19.8125,19.125,19.375,-1.9,0.0,61.0,0.0
9.45634,0x2B0,0.0,0.0,1.0,6.25,0.7,0.71,19.8125,19.8125,19.125,19.375,-2.0,0.0,61.0,0.0
9.45796,0x316,0.0,0.0,1.0,6.25,0.7,0.71,19.8125,19.8125,19.125,19.375,-2.0,0.0,61.0,0.0
9.46473,0x220,0.0,0.0,1.0,6.25,0.87,0.87,19.8125,19.8125,19.125,19.375,-2.0,0.0,61.0,0.0
9.46632,0x2B0,0.0,0.0,1.0,6.25,0.87,0.87,19.8125,19.8125,19.125,19.375,-2.0,0.0,61.0,0.0
9.46807,0x316,0.0,0.0,1.0,6.25,0.87,0.87,19.8125,19.8125,19.125,19.375,-2.0,0.0,71.0,0.0
9.47475,0x220,0.0,0.0,1.0,6.25,1.09,0.98,19.8125,19.8125,19.125,19.375,-2.0,0.0,71.0,0.0
9.47569,0x386,0.0,0.0,1.0,6.25,1.09,0.98,19.65625,19.6875,19.1875,19.25,-2.0,0.0,71.0,0.0
9.47635,0x2B0,0.0,0.0,1.0,6.25,1.09,0.98,19.65625,19.6875,19.1875,19.25,-2.1,0.0,71.0,0.0
9.47808,0x316,0.0,0.0,1.0,6.25,1.09,0.98,19.65625,19.6875,19.1875,19.25,-2.1,0.0,73.0,0.0
9.48473,0x220,0.0,0.0,1.0,6.25,1.32,0.96,19.65625,19.6875,19.1875,19.25,-2.1,0.0,73.0,0.0
9.48631,0x2B0,0.0,0.0,1.0,6.25,1.32,0.96,19.65625,19.6875,19.1875,19.25,-2.1,0.0,73.0,0.0
9.48795,0x316,0.0,0.0,1.0,6.25,1.32,0.96,19.65625,19.6875,19.1875,19.25,-2.1,0.0,73.0,0.0
9.49477,0x220,0.0,0.0,1.0,6.25,1.54,0.91,19.65625,19.6875,19.1875,19.25,-2.1,0.0,73.0,0.0
9.49571,0x386,0.0,0.0,1.0,6.25,1.54,0.91,19.875,19.90625,19.0625,19.46875,-2.1,0.0,73.0,0.0
9.49637,0x2B0,0.0,0.0,1.0,6.25,1.54,0.91,19.875,19.90625,19.0625,19.46875,-2.1,0.0,73.0,0.0
9.49794,0x316,0.0,0.0,1.0,6.25,1.54,0.91,19.875,19.90625,19.0625,19.46875,-2.1,0.0,73.0,0.0
9.50474,0x220,0.0,0.0,1.0,6.25,1.65,0.85,19.875,19.90625,19.0625,19.46875,-2.1,0.0,73.0,0.0
9.50631,0x2B0,0.0,0.0,1.0,6.25,1.65,0.85,19.875,19.90625,19.0625,19.46875,-2.1,0.0,73.0,0.0
9.50797,0x316,0.0,0.0,1.0,6.25,1.65,0.85,19.875,19.90625,19.0625,19.46875,-2.1,0.0,68.0,0.0
9.51475,0x220,0.0,0.0,1.0,6.25,1.71,0.69,19.875,19.90625,19.0625,19.46875,-2.1,0.0,68.0,0.0
9.51569,0x386,0.0,0.0,1.0,6.25,1.71,0.69,19.78125,19.71875,19.09375,19.53125,-2.1,0.0,68.0,0.0
9.51635,0x2B0,0.0,0.0,1.0,6.25,1.71,0.69,19.78125,19.71875,19.09375,19.53125,-2.1,0.0,68.0,0.0
9.51801,0x316,0.0,0.0,1.0,6.25,1.71,0.69,19.78125,19.71875,19.09375,19.53125,-2.1,0.0,61.0,0.0
9.52474,0x220,0.0,0.0,1.0,6.25,1.71,0.44,19.78125,19.71875,19.09375,19.53125,-2.1,0.0,61.0,0.0
9.52625,0x2B0,0.0,0.0,1.0,6.25,1.71,0.44,19.78125,19.71875,19.09375,19.53125,-2.1,0.0,61.0,0.0
9.52793,0x316,0.0,0.0,1.0,6.25,1.71,0.44,19.78125,19.71875,19.09375,19.53125,-2.1,0.0,53.0,0.0
9.53494,0x220,0.0,0.0,1.0,6.25,1.64,0.25,19.78125,19.71875,19.09375,19.53125,-2.1,0.0,53.0,0.0
9.53587,0x386,0.0,0.0,1.0,6.25,1.64,0.25,19.75,19.84375,19.5,19.5,-2.1,0.0,53.0,0.0
9.5363,0x2B0,0.0,0.0,1.0,6.25,1.64,0.25,19.75,19.84375,19.5,19.5,-2.1,0.0,53.0,0.0
9.53802,0x316,0.0,0.0,1.0,6.25,1.64,0.25,19.75,19.84375,19.5,19.5,-2.1,0.0,45.0,0.0
9.54474,0x220,0.0,0.0,1.0,6.25,1.63,0.23,19.75,19.84375,19.5,19.5,-2.1,0.0,45.0,0.0
9.54625,0x2B0,0.0,0.0,1.0,6.25,1.63,0.23,19.75,19.84375,19.5,19.5,-2.1,0.0,45.0,0.0
9.54896,0x316,0.0,0.0,1.0,6.25,1.63,0.23,19.75,19.84375,19.5,19.5,-2.1,0.0,40.0,0.0
9.55476,0x220,0.0,0.0,1.0,6.25,1.82,0.24,19.75,19.84375,19.5,19.5,-2.1,0.0,40.0,0.0
9.55569,0x386,0.0,0.0,1.0,6.25,1.82,0.24,19.75,19.78125,19.34375,19.25,-2.1,0.0,40.0,0.0
9.55635,0x2B0,0.0,0.0,1.0,6.25,1.82,0.24,19.75,19.78125,19.34375,19.25,-2.1,0.0,40.0,0.0
9.55798,0x316,0.0,0.0,1.0,6.25,1.82,0.24,19.75,19.78125,19.34375,19.25,-2.1,0.0,40.0,0.0
9.56473,0x220,0.0,0.0,1.0,6.25,2.19,0.11,19.75,19.78125,19.34375,19.25,-2.1,0.0,40.0,0.0
9.56624,0x2B0,0.0,0.0,1.0,6.25,2.19,0.11,19.75,19.78125,19.34375,19.25,-2.1,0.0,40.0,0.0
9.56802,0x316,0.0,0.0,1.0,6.25,2.19,0.11,19.75,19.78125,19.34375,19.25,-2.1,0.0,38.0,0.0
9.57476,0x220,0.0,0.0,1.0,6.25,2.59,0.0,19.75,19.78125,19.34375,19.25,-2.1,0.0,38.0,0.0
9.57569,0x386,0.0,0.0,1.0,6.25,2.59,0.0,19.78125,19.875,19.21875,19.15625,-2.1,0.0,38.0,0.0
9.57635,0x2B0,0.0,0.0,1.0,6.25,2.59,0.0,19.78125,19.875,19.21875,19.15625,-2.1,0.0,38.0,0.0
9.57802,0x316,0.0,0.0,1.0,6.25,2.59,0.0,19.78125,19.875,19.21875,19.15625,-2.1,0.0,38.0,0.0
9.58473,0x220,0.0,0.0,1.0,6.25,2.9,-0.12,19.78125,19.875,19.21875,19.15625,-2.1,0.0,38.0,0.0
9.58631,0x2B0,0.0,0.0,1.0,6.25,2.9,-0.12,19.78125,19.875,19.21875,19.15625,-2.1,0.0,38.0,0.0
9.588,0x316,0.0,0.0,1.0,6.25,2.9,-0.12,19.78125,19.875,19.21875,19.15625,-2.1,0.0,38.0,0.0
9.59476,0x220,0.0,0.0,1.0,6.25,3.02,-0.3,19.78125,19.875,19.21875,19.15625,-2.1,0.0,38.0,0.0
9.5957,0x386,0.0,0.0,1.0,6.25,3.02,-0.3,19.71875,19.90625,19.3125,19.21875,-2.1,0.0,38.0,0.0
9.59636,0x2B0,0.0,0.0,1.0,6.25,3.02,-0.3,19.71875,19.90625,19.3125,19.21875,-2.0,0.0,38.0,0.0
9.59798,0x316,0.0,0.0,1.0,6.25,3.02,-0.3,19.71875,19.90625,19.3125,19.21875,-2.0,0.0,40.0,0.0
9.60474,0x220,0.0,0.0,1.0,6.25,2.9,-0.53,19.71875,19.90625,19.3125,19.21875,-2.0,0.0,40.0,0.0
9.60624,0x2B0,0.0,0.0,1.0,6.25,2.9,-0.53,19.71875,19.90625,19.3125,19.21875,-2.0,0.0,40.0,0.0
9.6079,0x316,0.0,0.0,1.0,6.25,2.9,-0.53,19.71875,19.90625,19.3125,19.21875,-2.0,0.0,45.0,0.0
9.61476,0x220,0.0,0.0,1.0,6.25,2.64,-0.73,19.71875,19.90625,19.3125,19.21875,-2.0,0.0,45.0,0.0
9.6157,0x386,0.0,0.0,1.0,6.25,2.64,-0.73,19.8125,19.8125,19.25,19.46875,-2.0,0.0,45.0,0.0
9.61635,0x2B0,0.0,0.0,1.0,6.25,2.64,-0.73,19.8125,19.8125,19.25,19.46875,-1.9,0.0,45.0,0.0
9.61794,0x316,0.0,0.0,1.0,6.25,2.64,-0.73,19.8125,19.8125,19.25,19.46875,-1.9,0.0,48.0,0.0
9.62473,0x220,0.0,0.0,1.0,6.25,2.4,-0.83,19.8125,19.8125,19.25,19.46875,-1.9,0.0,48.0,0.0
9.62625,0x2B0,0.0,0.0,1.0,6.25,2.4,-0.83,19.8125,19.8125,19.25,19.46875,-1.9,0.0,48.0,0.0
9.6279,0x316,0.0,0.0,1.0,6.25,2.4,-0.83,19.8125,19.8125,19.25,19.46875,-1.9,0.0,53.0,0.0
9.63495,0x220,0.0,0.0,1.0,6.25,2.26,-0.8,19.8125,19.8125,19.25,19.46875,-1.9,0.0,53.0,0.0
9.63589,0x386,0.0,0.0,1.0,6.25,2.26,-0.8,19.78125,19.96875,19.21875,19.4375,-1.9,0.0,53.0,0.0
9.63631,0x2B0,0.0,0.0,1.0,6.25,2.26,-0.8,19.78125,19.96875,19.21875,19.4375,-1.9,0.0,53.0,0.0
9.63811,0x316,0.0,0.0,1.0,6.25,2.26,-0.8,19.78125,19.96875,19.21875,19.4375,-1.9,0.0,56.0,0.0
9.64474,0x220,0.0,0.0,1.0,6.25,2.16,-0.73,19.78125,19.96875,19.21875,19.4375,-1.9,0.0,56.0,0.0
9.64625,0x2B0,0.0,0.0,1.0,6.25,2.16,-0.73,19.78125,19.96875,19.21875,19.4375,-1.9,0.0,56.0,0.0
9.64872,0x316,0.0,0.0,1.0,6.25,2.16,-0.73,19.78125,19.96875,19.21875,19.4375,-1.9,0.0,58.0,0.0
9.65476,0x220,0.0,0.0,1.0,6.25,2.04,-0.65,19.78125,19.96875,19.21875,19.4375,-1.9,0.0,58.0,0.0
9.6557,0x386,0.0,0.0,1.0,6.25,2.04,-0.65,19.90625,19.96875,19.40625,19.46875,-1.9,0.0,58.0,0.0
9.65635,0x2B0,0.0,0.0,1.0,6.25,2.04,-0.65,19.90625,19.96875,19.40625,19.46875,-1.9,0.0,58.0,0.0
9.65797,0x316,0.0,0.0,1.0,6.25,2.04,-0.65,19.90625,19.96875,19.40625,19.46875,-1.9,0.0,58.0,0.0
9.66474,0x220,0.0,0.0,1.0,6.25,1.94,-0.52,19.90625,19.96875,19.40625,19.46875,-1.9,0.0,58.0,0.0
9.66626,0x2B0,0.0,0.0,1.0,6.25,1.94,-0.52,19.90625,19.96875,19.40625,19.46875,-1.9,0.0,58.0,0.0
9.66796,0x316,0.0,0.0,1.0,6.25,1.94,-0.52,19.90625,19.96875,19.40625,19.46875,-1.9,0.0,58.0,0.0
9.67477,0x220,0.0,0.0,1.0,6.25,1.78,-0.29,19.90625,19.96875,19.40625,19.46875,-1.9,0.0,58.0,0.0
9.67571,0x386,0.0,0.0,1.0,6.25,1.78,-0.29,19.90625,19.875,19.3125,19.53125,-1.9,0.0,58.0,0.0
9.67636,0x2B0,0.0,0.0,1.0,6.25,1.78,-0.29,19.90625,19.875,19.3125,19.53125,-1.9,0.0,58.0,0.0
9.67829,0x316,0.0,0.0,1.0,6.25,1.78,-0.29,19.90625,19.875,19.3125,19.53125,-1.9,0.0,56.0,0.0
9.68474,0x220,0.0,0.0,1.0,6.25,1.71,-0.1,19.90625,19.875,19.3125,19.53125,-1.9,0.0,56.0,0.0
9.68628,0x2B0,0.0,0.0,1.0,6.25,1.71,-0.1,19.90625,19.875,19.3125,19.53125,-1.9,0.0,56.0,0.0
9.68797,0x316,0.0,0.0,1.0,6.25,1.71,-0.1,19.90625,19.875,19.3125,19.53125,-1.9,0.0,53.0,0.0
9.69477,0x220,0.0,0.0,1.0,6.25,1.7,-0.15,19.90625,19.875,19.3125,19.53125,-1.9,0.0,53.0,0.0
9.69571,0x386,0.0,0.0,1.0,6.25,1.7,-0.15,20.0,20.0,19.4375,19.625,-1.9,0.0,53.0,0.0
9.69637,0x2B0,0.0,0.0,1.0,6.25,1.7,-0.15,20.0,20.0,19.4375,19.625,-1.9,0.0,53.0,0.0
9.69795,0x316,0.0,0.0,1.0,6.25,1.7,-0.15,20.0,20.0,19.4375,19.625,-1.9,0.0,48.0,0.0
9.70474,0x220,0.0,0.0,1.0,6.25,1.51,-0.38,20.0,20.0,19.4375,19.625,-1.9,0.0,48.0,0.0
9.7063,0x2B0,0.0,0.0,1.0,6.25,1.51,-0.38,20.0,20.0,19.4375,19.625,-1.9,0.0,48.0,0.0
9.70791,0x316,0.0,0.0,1.0,6.25,1.51,-0.38,20.0,20.0,19.4375,19.625,-1.9,0.0,45.0,0.0
9.71478,0x220,0.0,0.0,1.0,6.25,1.15,-0.47,20.0,20.0,19.4375,19.625,-1.9,0.0,45.0,0.0
9.71571,0x386,0.0,0.0,1.0,6.25,1.15,-0.47,20.0625,19.90625,19.40625,19.6875,-1.9,0.0,45.0,0.0
9.71637,0x2B0,0.0,0.0,1.0,6.25,1.15,-0.47,20.0625,19.90625,19.40625,19.6875,-1.9,0.0,45.0,0.0
9.71802,0x316,0.0,0.0,1.0,6.25,1.15,-0.47,20.0625,19.90625,19.40625,19.6875,-1.9,0.0,43.0,0.0
9.72474,0x220,0.0,0.0,1.0,6.25,0.78,-0.25,20.0625,19.90625,19.40625,19.6875,-1.9,0.0,43.0,0.0
9.72632,0x2B0,0.0,0.0,1.0,6.25,0.78,-0.25,20.0625,19.90625,19.40625,19.6875,-2.0,0.0,43.0,0.0
9.72795,0x316,0.0,0.0,1.0,6.25,0.78,-0.25,20.0625,19.90625,19.40625,19.6875,-2.0,0.0,43.0,0.0
9.73478,0x220,0.0,0.0,1.0,6.25,0.55,0.06,20.0625,19.90625,19.40625,19.6875,-2.0,0.0,43.0,0.0
9.73572,0x386,0.0,0.0,1.0,6.25,0.55,0.06,20.0625,20.0,19.40625,19.59375,-2.0,0.0,43.0,0.0
9.73638,0x2B0,0.0,0.0,1.0,6.25,0.55,0.06,20.0625,20.0,19.40625,19.59375,-2.0,0.0,43.0,0.0
9.73799,0x316,0.0,0.0,1.0,6.25,0.55,0.06,20.0625,20.0,19.40625,19.59375,-2.0,0.0,43.0,0.0
9.74474,0x220,0.0,0.0,1.0,6.25,0.57,0.22,20.0625,20.0,19.40625,19.59375,-2.0,0.0,43.0,0.0
9.74631,0x2B0,0.0,0.0,1.0,6.25,0.57,0.22,20.0625,20.0,19.40625,19.59375,-2.0,0.0,43.0,0.0
9.74864,0x316,0.0,0.0,1.0,6.25,0.57,0.22,20.0625,20.0,19.40625,19.59375,-2.0,0.0,43.0,0.0
9.75478,0x220,0.0,0.0,1.0,6.25,0.8,0.16,20.0625,20.0,19.40625,19.59375,-2.0,0.0,43.0,0.0
9.75572,0x386,0.0,0.0,1.0,6.25,0.8,0.16,20.15625,20.0625,19.40625,19.5625,-2.0,0.0,43.0,0.0
9.75638,0x2B0,0.0,0.0,1.0,6.25,0.8,0.16,20.15625,20.0625,19.40625,19.5625,-2.0,0.0,43.0,0.0
9.75801,0x316,0.0,0.0,1.0,6.25,0.8,0.16,20.15625,20.0625,19.40625,19.5625,-2.0,0.0,43.0,0.0
9.76474,0x220,0.0,0.0,1.0,6.25,1.12,0.07,20.15625,20.0625,19.40625,19.5625,-2.0,0.0,43.0,0.0
9.76626,0x2B0,0.0,0.0,1.0,6.25,1.12,0.07,20.15625,20.0625,19.40625,19.5625,-2.0,0.0,43.0,0.0
9.76805,0x316,0.0,0.0,1.0,6.25,1.12,0.07,20.15625,20.0625,19.40625,19.5625,-2.0,0.0,48.0,0.0
9.77478,0x220,0.0,0.0,1.0,6.25,1.29,0.14,20.15625,20.0625,19.40625,19.5625,-2.0,0.0,48.0,0.0
9.77573,0x386,0.0,0.0,1.0,6.25,1.29,0.14,20.125,20.09375,19.375,19.46875,-2.0,0.0,48.0,0.0
9.77638,0x2B0,0.0,0.0,1.0,6.25,1.29,0.14,20.125,20.09375,19.375,19.46875,-2.0,0.0,48.0,0.0
9.778,0x316,0.0,0.0,1.0,6.25,1.29,0.14,20.125,20.09375,19.375,19.46875,-2.0,0.0,50.0,0.0
9.78474,0x220,0.0,0.0,1.0,6.25,1.24,0.33,20.125,20.09375,19.375,19.46875,-2.0,0.0,50.0,0.0
9.7863,0x2B0,0.0,0.0,1.0,6.25,1.24,0.33,20.125,20.09375,19.375,19.46875,-1.9,0.0,50.0,0.0
9.78791,0x316,0.0,0.0,1.0,6.25,1.24,0.33,20.125,20.09375,19.375,19.46875,-1.9,0.0,53.0,0.0
9.7948,0x220,0.0,0.0,1.0,6.25,1.09,0.43,20.125,20.09375,19.375,19.46875,-1.9,0.0,53.0,0.0
9.79573,0x386,0.0,0.0,1.0,6.25,1.09,0.43,20.15625,20.03125,19.5625,19.40625,-1.9,0.0,53.0,0.0
9.79638,0x2B0,0.0,0.0,1.0,6.25,1.09,0.43,20.15625,20.03125,19.5625,19.40625,-1.9,0.0,53.0,0.0
9.79798,0x316,0.0,0.0,1.0,6.25,1.09,0.43,20.15625,20.03125,19.5625,19.40625,-1.9,0.0,53.0,0.0
9.80474,0x220,0.0,0.0,1.0,6.25,0.93,0.35,20.15625,20.03125,19.5625,19.40625,-1.9,0.0,53.0,0.0
9.80621,0x2B0,0.0,0.0,1.0,6.25,0.93,0.35,20.15625,20.03125,19.5625,19.40625,-1.9,0.0,53.0,0.0
9.80792,0x316,0.0,0.0,1.0,6.25,0.93,0.35,20.15625,20.03125,19.5625,19.40625,-1.9,0.0,53.0,0.0
9.81481,0x220,0.0,0.0,1.0,6.25,0.9,0.18,20.15625,20.03125,19.5625,19.40625,-1.9,0.0,53.0,0.0
9.81574,0x386,0.0,0.0,1.0,6.25,0.9,0.18,20.1875,20.15625,19.46875,19.53125,-1.9,0.0,53.0,0.0
9.8164,0x2B0,0.0,0.0,1.0,6.25,0.9,0.18,20.1875,20.15625,19.46875,19.53125,-1.9,0.0,53.0,0.0
9.81793,0x316,0.0,0.0,1.0,6.25,0.9,0.18,20.1875,20.15625,19.46875,19.53125,-1.9,0.0,53.0,0.0
9.82474,0x220,0.0,0.0,1.0,6.25,1.0,0.09,20.1875,20.15625,19.46875,19.53125,-1.9,0.0,53.0,0.0
9.82634,0x2B0,0.0,0.0,1.0,6.25,1.0,0.09,20.1875,20.15625,19.46875,19.53125,-1.9,0.0,53.0,0.0
9.8279,0x316,0.0,0.0,1.0,6.25,1.0,0.09,20.1875,20.15625,19.46875,19.53125,-1.9,0.0,50.0,0.0
9.83477,0x220,0.0,0.0,1.0,6.25,1.14,0.03,20.1875,20.15625,19.46875,19.53125,-1.9,0.0,50.0,0.0
9.83571,0x386,0.0,0.0,1.0,6.25,1.14,0.03,20.125,20.15625,19.5,19.65625,-1.9,0.0,50.0,0.0
9.83637,0x2B0,0.0,0.0,1.0,6.25,1.14,0.03,20.125,20.15625,19.5,19.65625,-1.8,0.0,50.0,0.0
9.83807,0x316,0.0,0.0,1.0,6.25,1.14,0.03,20.125,20.15625,19.5,19.65625,-1.8,0.0,45.0,0.0
9.84476,0x220,0.0,0.0,1.0,6.25,1.25,0.05,20.125,20.15625,19.5,19.65625,-1.8,0.0,45.0,0.0
9.84628,0x2B0,0.0,0.0,1.0,6.25,1.25,0.05,20.125,20.15625,19.5,19.65625,-1.8,0.0,45.0,0.0
9.84886,0x316,0.0,0.0,1.0,6.25,1.25,0.05,20.125,20.15625,19.5,19.65625,-1.8,0.0,43.0,0.0
9.85483,0x220,0.0,0.0,1.0,6.25,1.27,0.16,20.125,20.15625,19.5,19.65625,-1.8,0.0,43.0,0.0
9.85576,0x386,0.0,0.0,1.0,6.25,1.27,0.16,20.1875,20.09375,19.8125,19.8125,-1.8,0.0,43.0,0.0
9.85642,0x2B0,0.0,0.0,1.0,6.25,1.27,0.16,20.1875,20.09375,19.8125,19.8125,-1.8,0.0,43.0,0.0
9.85794,0x316,0.0,0.0,1.0,6.25,1.27,0.16,20.1875,20.09375,19.8125,19.8125,-1.8,0.0,43.0,0.0
9.86482,0x220,0.0,0.0,1.0,6.25,1.29,0.23,20.1875,20.09375,19.8125,19.8125,-1.8,0.0,43.0,0.0
9.86628,0x2B0,0.0,0.0,1.0,6.25,1.29,0.23,20.1875,20.09375,19.8125,19.8125,-1.8,0.0,43.0,0.0
9.86799,0x316,0.0,0.0,1.0,6.25,1.29,0.23,20.1875,20.09375,19.8125,19.8125,-1.8,0.0,38.0,0.0
9.87482,0x220,0.0,0.0,1.0,6.25,1.39,0.21,20.1875,20.09375,19.8125,19.8125,-1.8,0.0,38.0,0.0
9.87577,0x386,0.0,0.0,1.0,6.25,1.39,0.21,20.03125,20.125,19.9375,19.8125,-1.8,0.0,38.0,0.0
9.87642,0x2B0,0.0,0.0,1.0,6.25,1.39,0.21,20.03125,20.125,19.9375,19.8125,-1.8,0.0,38.0,0.0
9.87809,0x316,0.0,0.0,1.0,6.25,1.39,0.21,20.03125,20.125,19.9375,19.8125,-1.8,0.0,35.0,0.0
9.88474,0x220,0.0,0.0,1.0,6.25,1.52,0.05,20.03125,20.125,19.9375,19.8125,-1.8,0.0,35.0,0.0
9.88627,0x2B0,0.0,0.0,1.0,6.25,1.52,0.05,20.03125,20.125,19.9375,19.8125,-1.8,0.0,35.0,0.0
9.88804,0x316,0.0,0.0,1.0,6.25,1.52,0.05,20.03125,20.125,19.9375,19.8125,-1.8,0.0,35.0,0.0
9.89482,0x220,0.0,0.0,1.0,6.25,1.59,-0.1,20.03125,20.125,19.9375,19.8125,-1.8,0.0,35.0,0.0
9.89576,0x386,0.0,0.0,1.0,6.25,1.59,-0.1,20.1875,20.28125,19.9375,19.875,-1.8,0.0,35.0,0.0
9.89642,0x2B0,0.0,0.0,1.0,6.25,1.59,-0.1,20.1875,20.28125,19.9375,19.875,-1.8,0.0,35.0,0.0
9.89796,0x316,0.0,0.0,1.0,6.25,1.59,-0.1,20.1875,20.28125,19.9375,19.875,-1.8,0.0,35.0,0.0
9.90474,0x220,0.0,0.0,1.0,6.25,1.54,-0.06,20.1875,20.28125,19.9375,19.875,-1.8,0.0,35.0,0.0
9.90626,0x2B0,0.0,0.0,1.0,6.25,1.54,-0.06,20.1875,20.28125,19.9375,19.875,-1.6,8.0,35.0,0.0
9.90792,0x316,0.0,0.0,1.0,6.25,1.54,-0.06,20.1875,20.28125,19.9375,19.875,-1.6,8.0,35.0,0.0
9.91483,0x220,0.0,0.0,1.0,6.25,1.46,0.11,20.1875,20.28125,19.9375,19.875,-1.6,8.0,35.0,0.0
9.91577,0x386,0.0,0.0,1.0,6.25,1.46,0.11,20.0625,20.15625,19.90625,19.875,-1.6,8.0,35.0,0.0
9.91643,0x2B0,0.0,0.0,1.0,6.25,1.46,0.11,20.0625,20.15625,19.90625,19.875,-1.6,8.0,35.0,0.0
9.91794,0x316,0.0,0.0,1.0,6.25,1.46,0.11,20.0625,20.15625,19.90625,19.875,-1.6,8.0,38.0,0.0
9.92475,0x220,0.0,0.0,1.0,6.25,1.48,0.12,20.0625,20.15625,19.90625,19.875,-1.6,8.0,38.0,0.0
9.92631,0x2B0,0.0,0.0,1.0,6.25,1.48,0.12,20.0625,20.15625,19.90625,19.875,-1.6,0.0,38.0,0.0
9.92803,0x316,0.0,0.0,1.0,6.25,1.48,0.12,20.0625,20.15625,19.90625,19.875,-1.6,0.0,43.0,0.0
9.93484,0x220,0.0,0.0,1.0,6.25,1.57,0.0,20.0625,20.15625,19.90625,19.875,-1.6,0.0,43.0,0.0
9.93578,0x386,0.0,0.0,1.0,6.25,1.57,0.0,20.09375,20.21875,19.75,19.96875,-1.6,0.0,43.0,0.0
9.93644,0x2B0,0.0,0.0,1.0,6.25,1.57,0.0,20.09375,20.21875,19.75,19.96875,-1.4,8.0,43.0,0.0
9.93807,0x316,0.0,0.0,1.0,6.25,1.57,0.0,20.09375,20.21875,19.75,19.96875,-1.4,8.0,45.0,0.0
9.94475,0x220,0.0,0.0,1.0,6.25,1.63,-0.1,20.09375,20.21875,19.75,19.96875,-1.4,8.0,45.0,0.0
9.94629,0x2B0,0.0,0.0,1.0,6.25,1.63,-0.1,20.09375,20.21875,19.75,19.96875,-1.2,20.0,45.0,0.0
9.94868,0x316,0.0,0.0,1.0,6.25,1.63,-0.1,20.09375,20.21875,19.75,19.96875,-1.2,20.0,50.0,0.0
9.95483,0x220,0.0,0.0,1.0,6.25,1.64,-0.09,20.09375,20.21875,19.75,19.96875,-1.2,20.0,50.0,0.0
9.95577,0x386,0.0,0.0,1.0,6.25,1.64,-0.09,20.21875,20.40625,19.75,19.84375,-1.2,20.0,50.0,0.0
9.95643,0x2B0,0.0,0.0,1.0,6.25,1.64,-0.09,20.21875,20.40625,19.75,19.84375,-1.2,8.0,50.0,0.0
9.95794,0x316,0.0,0.0,1.0,6.25,1.64,-0.09,20.21875,20.40625,19.75,19.84375,-1.2,8.0,50.0,0.0
9.96475,0x220,0.0,0.0,1.0,6.25,1.52,-0.08,20.21875,20.40625,19.75,19.84375,-1.2,8.0,50.0,0.0
9.96628,0x2B0,0.0,0.0,1.0,6.25,1.52,-0.08,20.21875,20.40625,19.75,19.84375,-1.1,0.0,50.0,0.0
9.96809,0x316,0.0,0.0,1.0,6.25,1.52,-0.08,20.21875,20.40625,19.75,19.84375,-1.1,0.0,53.0,0.0
9.97485,0x220,0.0,0.0,1.0,6.25,1.29,-0.03,20.21875,20.40625,19.75,19.84375,-1.1,0.0,53.0,0.0
9.97579,0x386,0.0,0.0,1.0,6.25,1.29,-0.03,20.25,20.3125,19.84375,19.875,-1.1,0.0,53.0,0.0
9.97646,0x2B0,0.0,0.0,1.0,6.25,1.29,-0.03,20.25,20.3125,19.84375,19.875,-1.1,0.0,53.0,0.0
9.97818,0x316,0.0,0.0,1.0,6.25,1.29,-0.03,20.25,20.3125,19.84375,19.875,-1.1,0.0,53.0,0.0
9.98475,0x220,0.0,0.0,1.0,6.25,1.08,0.04,20.25,20.3125,19.84375,19.875,-1.1,0.0,53.0,0.0
9.98623,0x2B0,0.0,0.0,1.0,6.25,1.08,0.04,20.25,20.3125,19.84375,19.875,-1.1,0.0,53.0,0.0
9.98794,0x316,0.0,0.0,1.0,6.25,1.08,0.04,20.25,20.3125,19.84375,19.875,-1.1,0.0,50.0,0.0
9.99486,0x220,0.0,0.0,1.0,6.25,1.04,0.13,20.25,20.3125,19.84375,19.875,-1.1,0.0,50.0,0.0
9.9958,0x386,0.0,0.0,1.0,6.25,1.04,0.13,20.375,20.46875,20.0,20.21875,-1.1,0.0,50.0,0.0
9.99646,0x2B0,0.0,0.0,1.0,6.25,1.04,0.13,20.375,20.46875,20.0,20.21875,-1.1,0.0,50.0,0.0
9.99796,0x316,0.0,0.0,1.0,6.25,1.04,0.13,20.375,20.46875,20.0,20.21875,-1.1,0.0,48.0,0.0
10.00476,0x220,0.0,0.0,1.0,6.25,1.23,0.16,20.375,20.46875,20.0,20.21875,-1.1,0.0,48.0,0.0
10.0063,0x2B0,0.0,0.0,1.0,6.25,1.23,0.16,20.375,20.46875,20.0,20.21875,-1.1,0.0,48.0,0.0
10.00796,0x316,0.0,0.0,1.0,6.25,1.23,0.16,20.375,20.46875,20.0,20.21875,-1.1,0.0,45.0,0.0
10.01486,0x220,0.0,0.0,1.0,6.25,1.44,0.12,20.375,20.46875,20.0,20.21875,-1.1,0.0,45.0,0.0
10.0158,0x386,0.0,0.0,1.0,6.25,1.44,0.12,20.59375,20.53125,20.1875,20.5,-1.1,0.0,45.0,0.0
10.01646,0x2B0,0.0,0.0,1.0,6.25,1.44,0.12,20.59375,20.53125,20.1875,20.5,-1.0,0.0,45.0,0.0
10.018,0x316,0.0,0.0,1.0,6.25,1.44,0.12,20.59375,20.53125,20.1875,20.5,-1.0,0.0,43.0,0.0
10.02475,0x220,0.0,0.0,1.0,6.25,1.5,0.08,20.59375,20.53125,20.1875,20.5,-1.0,0.0,43.0,0.0
10.02622,0x2B0,0.0,0.0,1.0,6.25,1.5,0.08,20.59375,20.53125,20.1875,20.5,-1.0,0.0,43.0,0.0
10.02792,0x316,0.0,0.0,1.0,6.25,1.5,0.08,20.59375,20.53125,20.1875,20.5,-1.0,0.0,40.0,0.0
10.03487,0x220,0.0,0.0,1.0,6.25,1.34,0.17,20.59375,20.53125,20.1875,20.5,-1.0,0.0,40.0,0.0
10.03581,0x386,0.0,0.0,1.0,6.25,1.34,0.17,20.5,20.5,20.0625,20.3125,-1.0,0.0,40.0,0.0
10.03623,0x2B0,0.0,0.0,1.0,6.25,1.34,0.17,20.5,20.5,20.0625,20.3125,-1.0,0.0,40.0,0.0
10.03803,0x316,0.0,0.0,1.0,6.25,1.34,0.17,20.5,20.5,20.0625,20.3125,-1.0,0.0,38.0,0.0
10.04474,0x220,0.0,0.0,1.0,6.25,1.11,0.31,20.5,20.5,20.0625,20.3125,-1.0,0.0,38.0,0.0
10.0462,0x2B0,0.0,0.0,1.0,6.25,1.11,0.31,20.5,20.5,20.0625,20.3125,-1.0,0.0,38.0,0.0
10.0489,0x316,0.0,0.0,1.0,6.25,1.11,0.31,20.5,20.5,20.0625,20.3125,-1.0,0.0,38.0,0.0
10.05486,0x220,0.0,0.0,1.0,6.25,0.91,0.32,20.5,20.5,20.0625,20.3125,-1.0,0.0,38.0,0.0
10.0558,0x386,0.0,0.0,1.0,6.25,0.91,0.32,20.65625,20.53125,20.03125,20.15625,-1.0,0.0,38.0,0.0
10.05646,0x2B0,0.0,0.0,1.0,6.25,0.91,0.32,20.65625,20.53125,20.03125,20.15625,-1.0,0.0,38.0,0.0
10.05801,0x316,0.0,0.0,1.0,6.25,0.91,0.32,20.65625,20.53125,20.03125,20.15625,-1.0,0.0,38.0,0.0
10.06487,0x220,0.0,0.0,1.0,6.25,0.82,0.15,20.65625,20.53125,20.03125,20.15625,-1.0,0.0,38.0,0.0
10.06626,0x2B0,0.0,0.0,1.0,6.25,0.82,0.15,20.65625,20.53125,20.03125,20.15625,-1.0,0.0,38.0,0.0
10.06799,0x316,0.0,0.0,1.0,6.25,0.82,0.15,20.65625,20.53125,20.03125,20.15625,-1.0,0.0,38.0,0.0
10.07487,0x220,0.0,0.0,1.0,6.25,0.85,0.09,20.65625,20.53125,20.03125,20.15625,-1.0,0.0,38.0,0.0
10.0758,0x386,0.0,0.0,1.0,6.25,0.85,0.09,20.6875,20.59375,20.03125,20.0,-1.0,0.0,38.0,0.0
10.07622,0x2B0,0.0,0.0,1.0,6.25,0.85,0.09,20.6875,20.59375,20.03125,20.0,-1.0,0.0,38.0,0.0
10.0781,0x316,0.0,0.0,1.0,6.25,0.85,0.09,20.6875,20.59375,20.03125,20.0,-1.0,0.0,40.0,0.0
10.08475,0x220,0.0,0.0,1.0,6.25,0.93,0.24,20.6875,20.59375,20.03125,20.0,-1.0,0.0,40.0,0.0
10.0862,0x2B0,0.0,0.0,1.0,6.25,0.93,0.24,20.6875,20.59375,20.03125,20.0,-1.0,0.0,40.0,0.0
10.08796,0x316,0.0,0.0,1.0,6.25,0.93,0.24,20.6875,20.59375,20.03125,20.0,-1.0,0.0,43.0,0.0
10.09487,0x220,0.0,0.0,1.0,6.25,0.99,0.4,20.6875,20.59375,20.03125,20.0,-1.0,0.0,43.0,0.0
10.09581,0x386,0.0,0.0,1.0,6.25,0.99,0.4,20.6875,20.6875,19.96875,19.96875,-1.0,0.0,43.0,0.0
10.09647,0x2B0,0.0,0.0,1.0,6.25,0.99,0.4,20.6875,20.6875,19.96875,19.96875,-0.8,8.0,43.0,0.0
10.09802,0x316,0.0,0.0,1.0,6.25,0.99,0.4,20.6875,20.6875,19.96875,19.96875,-0.8,8.0,45.0,0.0
10.10475,0x220,0.0,0.0,1.0,6.25,1.0,0.43,20.6875,20.6875,19.96875,19.96875,-0.8,8.0,45.0,0.0
10.10622,0x2B0,0.0,0.0,1.0,6.25,1.0,0.43,20.6875,20.6875,19.96875,19.96875,-0.8,8.0,45.0,0.0
10.10792,0x316,0.0,0.0,1.0,6.25,1.0,0.43,20.6875,20.6875,19.96875,19.96875,-0.8,8.0,45.0,0.0
10.11488,0x220,0.0,0.0,1.0,6.25,1.06,0.38,20.6875,20.6875,19.96875,19.96875,-0.8,8.0,45.0,0.0
10.11582,0x386,0.0,0.0,1.0,6.25,1.06,0.38,20.875,20.75,20.0625,19.9375,-0.8,8.0,45.0,0.0
10.11624,0x2B0,0.0,0.0,1.0,6.25,1.06,0.38,20.875,20.75,20.0625,19.9375,-0.8,0.0,45.0,0.0
10.11797,0x316,0.0,0.0,1.0,6.25,1.06,0.38,20.875,20.75,20.0625,19.9375,-0.8,0.0,48.0,0.0
10.12476,0x220,0.0,0.0,1.0,6.25,1.25,0.28,20.875,20.75,20.0625,19.9375,-0.8,0.0,48.0,0.0
10.12625,0x2B0,0.0,0.0,1.0,6.25,1.25,0.28,20.875,20.75,20.0625,19.9375,-0.7,0.0,48.0,0.0
10.12796,0x316,0.0,0.0,1.0,6.25,1.25,0.28,20.875,20.75,20.0625,19.9375,-0.7,0.0,48.0,0.0
10.13489,0x220,0.0,0.0,1.0,6.25,1.51,0.12,20.875,20.75,20.0625,19.9375,-0.7,0.0,48.0,0.0
10.13583,0x386,0.0,0.0,1.0,6.25,1.51,0.12,20.84375,20.84375,20.125,20.15625,-0.7,0.0,48.0,0.0
10.13625,0x2B0,0.0,0.0,1.0,6.25,1.51,0.12,20.84375,20.84375,20.125,20.15625,-0.7,0.0,48.0,0.0
10.13817,0x316,0.0,0.0,1.0,6.25,1.51,0.12,20.84375,20.84375,20.125,20.15625,-0.7,0.0,45.0,0.0
10.14475,0x220,0.0,0.0,1.0,6.25,1.66,-0.02,20.84375,20.84375,20.125,20.15625,-0.7,0.0,45.0,0.0
10.1462,0x2B0,0.0,0.0,1.0,6.25,1.66,-0.02,20.84375,20.84375,20.125,20.15625,-0.7,0.0,45.0,0.0
10.14867,0x316,0.0,0.0,1.0,6.25,1.66,-0.02,20.84375,20.84375,20.125,20.15625,-0.7,0.0,43.0,0.0
10.1549,0x220,0.0,0.0,1.0,6.25,1.6,-0.06,20.84375,20.84375,20.125,20.15625,-0.7,0.0,43.0,0.0
10.15584,0x386,0.0,0.0,1.0,6.25,1.6,-0.06,20.9375,20.84375,20.0625,20.0625,-0.7,0.0,43.0,0.0
10.15626,0x2B0,0.0,0.0,1.0,6.25,1.6,-0.06,20.9375,20.84375,20.0625,20.0625,-0.7,0.0,43.0,0.0
10.15797,0x316,0.0,0.0,1.0,6.25,1.6,-0.06,20.9375,20.84375,20.0625,20.0625,-0.7,0.0,43.0,0.0
10.16476,0x220,0.0,0.0,1.0,6.25,1.34,0.02,20.9375,20.84375,20.0625,20.0625,-0.7,0.0,43.0,0.0
10.1662,0x2B0,0.0,0.0,1.0,6.25,1.34,0.02,20.9375,20.84375,20.0625,20.0625,-0.7,0.0,43.0,0.0
10.16801,0x316,0.0,0.0,1.0,6.25,1.34,0.02,20.9375,20.84375,20.0625,20.0625,-0.7,0.0,35.0,0.0
10.1749,0x220,0.0,0.0,1.0,6.25,1.05,0.22,20.9375,20.84375,20.0625,20.0625,-0.7,0.0,35.0,0.0
10.17585,0x386,0.0,0.0,1.0,6.25,1.05,0.22,20.78125,20.78125,20.4375,20.3125,-0.7,0.0,35.0,0.0
10.17627,0x2B0,0.0,0.0,1.0,6.25,1.05,0.22,20.78125,20.78125,20.4375,20.3125,-0.7,0.0,35.0,0.0
10.17827,0x316,0.0,0.0,1.0,6.25,1.05,0.22,20.78125,20.78125,20.4375,20.3125,-0.7,0.0,33.0,0.0
10.18475,0x220,0.0,0.0,1.0,6.25,0.96,0.27,20.78125,20.78125,20.4375,20.3125,-0.7,0.0,33.0,0.0
10.18626,0x2B0,0.0,0.0,1.0,6.25,0.96,0.27,20.78125,20.78125,20.4375,20.3125,-0.7,0.0,33.0,0.0
10.18799,0x316,0.0,0.0,1.0,6.25,0.96,0.27,20.78125,20.78125,20.4375,20.3125,-0.7,0.0,33.0,0.0
10.19486,0x220,0.0,0.0,1.0,6.25,1.08,0.04,20.78125,20.78125,20.4375,20.3125,-0.7,0.0,33.0,0.0
10.19556,0x386,0.0,0.0,1.0,6.25,1.08,0.04,20.78125,20.8125,20.4375,20.75,-0.7,0.0,33.0,0.0
10.19647,0x2B0,0.0,0.0,1.0,6.25,1.08,0.04,20.78125,20.8125,20.4375,20.75,-0.7,0.0,33.0,0.0
10.19796,0x316,0.0,0.0,1.0,6.25,1.08,0.04,20.78125,20.8125,20.4375,20.75,-0.7,0.0,33.0,0.0
10.20475,0x220,0.0,0.0,1.0,6.25,1.23,-0.17,20.78125,20.8125,20.4375,20.75,-0.7,0.0,33.0,0.0
10.20626,0x2B0,0.0,0.0,1.0,6.25,1.23,-0.17,20.78125,20.8125,20.4375,20.75,-0.7,0.0,33.0,0.0
10.20792,0x316,0.0,0.0,1.0,6.25,1.23,-0.17,20.78125,20.8125,20.4375,20.75,-0.7,0.0,33.0,0.0
10.21491,0x220,0.0,0.0,1.0,6.25,1.35,-0.05,20.78125,20.8125,20.4375,20.75,-0.7,0.0,33.0,0.0
10.21584,0x386,0.0,0.0,1.0,6.25,1.35,-0.05,20.78125,20.8125,20.5625,20.5625,-0.7,0.0,33.0,0.0
10.21627,0x2B0,0.0,0.0,1.0,6.25,1.35,-0.05,20.78125,20.8125,20.5625,20.5625,-0.7,0.0,33.0,0.0
10.21801,0x316,0.0,0.0,1.0,6.25,1.35,-0.05,20.78125,20.8125,20.5625,20.5625,-0.7,0.0,33.0,0.0
10.22475,0x220,0.0,0.0,1.0,6.25,1.4,0.24,20.78125,20.8125,20.5625,20.5625,-0.7,0.0,33.0,0.0
10.22627,0x2B0,0.0,0.0,1.0,6.25,1.4,0.24,20.78125,20.8125,20.5625,20.5625,-0.7,0.0,33.0,0.0
10.22796,0x316,0.0,0.0,1.0,6.25,1.4,0.24,20.78125,20.8125,20.5625,20.5625,-0.7,0.0,35.0,0.0
10.23491,0x220,0.0,0.0,1.0,6.25,1.38,0.37,20.78125,20.8125,20.5625,20.5625,-0.7,0.0,35.0,0.0
10.23584,0x386,0.0,0.0,1.0,6.25,1.38,0.37,20.875,20.84375,20.5,20.28125,-0.7,0.0,35.0,0.0
10.2365,0x2B0,0.0,0.0,1.0,6.25,1.38,0.37,20.875,20.84375,20.5,20.28125,-0.7,0.0,35.0,0.0
10.23808,0x316,0.0,0.0,1.0,6.25,1.38,0.37,20.875,20.84375,20.5,20.28125,-0.7,0.0,40.0,0.0
10.24476,0x220,0.0,0.0,1.0,6.25,1.35,0.18,20.875,20.84375,20.5,20.28125,-0.7,0.0,40.0,0.0
10.24626,0x2B0,0.0,0.0,1.0,6.25,1.35,0.18,20.875,20.84375,20.5,20.28125,-0.7,0.0,40.0,0.0
10.24873,0x316,0.0,0.0,1.0,6.25,1.35,0.18,20.875,20.84375,20.5,20.28125,-0.7,0.0,48.0,0.0
10.25492,0x220,0.0,0.0,1.0,6.25,1.25,-0.07,20.875,20.84375,20.5,20.28125,-0.7,0.0,48.0,0.0
10.25585,0x386,0.0,0.0,1.0,6.25,1.25,-0.07,20.75,21.03125,20.28125,20.5625,-0.7,0.0,48.0,0.0
10.25626,0x2B0,0.0,0.0,1.0,6.25,1.25,-0.07,20.75,21.03125,20.28125,20.5625,-0.7,0.0,48.0,0.0
10.25802,0x316,0.0,0.0,1.0,6.25,1.25,-0.07,20.75,21.03125,20.28125,20.5625,-0.7,0.0,48.0,0.0
10.26492,0x220,0.0,0.0,1.0,6.25,1.12,-0.22,20.75,21.03125,20.28125,20.5625,-0.7,0.0,48.0,0.0
10.26628,0x2B0,0.0,0.0,1.0,6.25,1.12,-0.22,20.75,21.03125,20.28125,20.5625,-0.7,0.0,48.0,0.0
10.26806,0x316,0.0,0.0,1.0,6.25,1.12,-0.22,20.75,21.03125,20.28125,20.5625,-0.7,0.0,56.0,0.0
10.27493,0x220,0.0,0.0,1.0,6.25,1.06,-0.16,20.75,21.03125,20.28125,20.5625,-0.7,0.0,56.0,0.0
10.27587,0x386,0.0,0.0,1.0,6.25,1.06,-0.16,20.96875,21.0,20.4375,20.65625,-0.7,0.0,56.0,0.0
10.27629,0x2B0,0.0,0.0,1.0,6.25,1.06,-0.16,20.96875,21.0,20.4375,20.65625,-0.5,8.0,56.0,0.0
10.27809,0x316,0.0,0.0,1.0,6.25,1.06,-0.16,20.96875,21.0,20.4375,20.65625,-0.5,8.0,58.0,0.0
10.28476,0x220,0.0,0.0,1.0,6.25,1.14,0.02,20.96875,21.0,20.4375,20.65625,-0.5,8.0,58.0,0.0
10.28623,0x2B0,0.0,0.0,1.0,6.25,1.14,0.02,20.96875,21.0,20.4375,20.65625,-0.4,12.0,58.0,0.0
10.28793,0x316,0.0,0.0,1.0,6.25,1.14,0.02,20.96875,21.0,20.4375,20.65625,-0.4,12.0,58.0,0.0
10.29493,0x220,0.0,0.0,1.0,6.25,1.39,0.19,20.96875,21.0,20.4375,20.65625,-0.4,12.0,58.0,0.0
10.29588,0x386,0.0,0.0,1.0,6.25,1.39,0.19,20.9375,21.0625,20.375,20.6875,-0.4,12.0,58.0,0.0
10.2963,0x2B0,0.0,0.0,1.0,6.25,1.39,0.19,20.9375,21.0625,20.375,20.6875,-0.3,8.0,58.0,0.0
10.29802,0x316,0.0,0.0,1.0,6.25,1.39,0.19,20.9375,21.0625,20.375,20.6875,-0.3,8.0,58.0,0.0
10.30476,0x220,0.0,0.0,1.0,6.25,1.75,0.19,20.9375,21.0625,20.375,20.6875,-0.3,8.0,58.0,0.0
10.30628,0x2B0,0.0,0.0,1.0,6.25,1.75,0.19,20.9375,21.0625,20.375,20.6875,-0.3,0.0,58.0,0.0
10.30792,0x316,0.0,0.0,1.0,6.25,1.75,0.19,20.9375,21.0625,20.375,20.6875,-0.3,0.0,56.0,0.0
10.31495,0x220,0.0,0.0,1.0,6.25,1.99,0.04,20.9375,21.0625,20.375,20.6875,-0.3,0.0,56.0,0.0
10.31588,0x386,0.0,0.0,1.0,6.25,1.99,0.04,21.0625,21.09375,20.5625,20.875,-0.3,0.0,56.0,0.0
10.3163,0x2B0,0.0,0.0,1.0,6.25,1.99,0.04,21.0625,21.09375,20.5625,20.875,-0.1,8.0,56.0,0.0
10.31793,0x316,0.0,0.0,1.0,6.25,1.99,0.04,21.0625,21.09375,20.5625,20.875,-0.1,8.0,50.0,0.0
10.32476,0x220,0.0,0.0,1.0,6.25,1.92,-0.01,21.0625,21.09375,20.5625,20.875,-0.1,8.0,50.0,0.0
10.32625,0x2B0,0.0,0.0,1.0,6.25,1.92,-0.01,21.0625,21.09375,20.5625,20.875,-0.1,8.0,50.0,0.0
10.32792,0x316,0.0,0.0,1.0,6.25,1.92,-0.01,21.0625,21.09375,20.5625,20.875,-0.1,8.0,45.0,0.0
10.33495,0x220,0.0,0.0,1.0,6.25,1.63,0.03,21.0625,21.09375,20.5625,20.875,-0.1,8.0,45.0,0.0
10.3359,0x386,0.0,0.0,1.0,6.25,1.63,0.03,21.09375,21.0,20.8125,20.9375,-0.1,8.0,45.0,0.0
10.33632,0x2B0,0.0,0.0,1.0,6.25,1.63,0.03,21.09375,21.0,20.8125,20.9375,-0.1,0.0,45.0,0.0
10.33804,0x316,0.0,0.0,1.0,6.25,1.63,0.03,21.09375,21.0,20.8125,20.9375,-0.1,0.0,40.0,0.0
10.34476,0x220,0.0,0.0,1.0,6.25,1.33,0.15,21.09375,21.0,20.8125,20.9375,-0.1,0.0,40.0,0.0
10.34624,0x2B0,0.0,0.0,1.0,6.25,1.33,0.15,21.09375,21.0,20.8125,20.9375,0.0,0.0,40.0,0.0
10.34883,0x316,0.0,0.0,1.0,6.25,1.33,0.15,21.09375,21.0,20.8125,20.9375,0.0,0.0,38.0,0.0
10.35496,0x220,0.0,0.0,1.0,6.25,1.14,0.18,21.09375,21.0,20.8125,20.9375,0.0,0.0,38.0,0.0
10.35589,0x386,0.0,0.0,1.0,6.25,1.14,0.18,21.25,21.25,20.78125,20.84375,0.0,0.0,38.0,0.0
10.35631,0x2B0,0.0,0.0,1.0,6.25,1.14,0.18,21.25,21.25,20.78125,20.84375,0.0,0.0,38.0,0.0
10.35794,0x316,0.0,0.0,1.0,6.25,1.14,0.18,21.25,21.25,20.78125,20.84375,0.0,0.0,38.0,0.0
10.36475,0x220,0.0,0.0,1.0,6.25,1.1,0.06,21.25,21.25,20.78125,20.84375,0.0,0.0,38.0,0.0
10.36625,0x2B0,0.0,0.0,1.0,6.25,1.1,0.06,21.25,21.25,20.78125,20.84375,0.2,8.0,38.0,0.0
10.36802,0x316,0.0,0.0,1.0,6.25,1.1,0.06,21.25,21.25,20.78125,20.84375,0.2,8.0,38.0,0.0
10.37495,0x220,0.0,0.0,1.0,6.25,1.19,-0.08,21.25,21.25,20.78125,20.84375,0.2,8.0,38.0,0.0
10.37589,0x386,0.0,0.0,1.0,6.25,1.19,-0.08,21.28125,21.1875,20.59375,20.875,0.2,8.0,38.0,0.0
10.37655,0x2B0,0.0,0.0,1.0,6.25,1.19,-0.08,21.28125,21.1875,20.59375,20.875,0.2,8.0,38.0,0.0
10.37809,0x316,0.0,0.0,1.0,6.25,1.19,-0.08,21.28125,21.1875,20.59375,20.875,0.2,8.0,38.0,0.0
10.38475,0x220,0.0,0.0,1.0,6.25,1.36,-0.13,21.28125,21.1875,20.59375,20.875,0.2,8.0,38.0,0.0
10.38629,0x2B0,0.0,0.0,1.0,6.25,1.36,-0.13,21.28125,21.1875,20.59375,20.875,0.3,0.0,38.0,0.0
10.38802,0x316,0.0,0.0,1.0,6.25,1.36,-0.13,21.28125,21.1875,20.59375,20.875,0.3,0.0,38.0,0.0
10.39495,0x220,0.0,0.0,1.0,6.25,1.54,0.0,21.28125,21.1875,20.59375,20.875,0.3,0.0,38.0,0.0
10.39589,0x386,0.0,0.0,1.0,6.25,1.54,0.0,21.28125,21.3125,20.75,20.5,0.3,0.0,38.0,0.0
10.39631,0x2B0,0.0,0.0,1.0,6.25,1.54,0.0,21.28125,21.3125,20.75,20.5,0.3,0.0,38.0,0.0
10.39793,0x316,0.0,0.0,1.0,6.25,1.54,0.0,21.28125,21.3125,20.75,20.5,0.3,0.0,43.0,0.0
10.40476,0x220,0.0,0.0,1.0,6.25,1.66,0.14,21.28125,21.3125,20.75,20.5,0.3,0.0,43.0,0.0
10.40627,0x2B0,0.0,0.0,1.0,6.25,1.66,0.14,21.28125,21.3125,20.75,20.5,0.3,0.0,43.0,0.0
10.40791,0x316,0.0,0.0,1.0,6.25,1.66,0.14,21.28125,21.3125,20.75,20.5,0.3,0.0,45.0,0.0
10.41497,0x220,0.0,0.0,1.0,6.25,1.75,0.21,21.28125,21.3125,20.75,20.5,0.3,0.0,45.0,0.0
10.41592,0x386,0.0,0.0,1.0,6.25,1.75,0.21,21.375,21.40625,20.625,20.625,0.3,0.0,45.0,0.0
10.41634,0x2B0,0.0,0.0,1.0,6.25,1.75,0.21,21.375,21.40625,20.625,20.625,0.4,0.0,45.0,0.0
10.41795,0x316,0.0,0.0,1.0,6.25,1.75,0.21,21.375,21.40625,20.625,20.625,0.4,0.0,45.0,0.0
10.42476,0x220,0.0,0.0,1.0,6.25,1.86,0.14,21.375,21.40625,20.625,20.625,0.4,0.0,45.0,0.0
10.42625,0x2B0,0.0,0.0,1.0,6.25,1.86,0.14,21.375,21.40625,20.625,20.625,0.4,0.0,45.0,0.0
10.42796,0x316,0.0,0.0,1.0,6.25,1.86,0.14,21.375,21.40625,20.625,20.625,0.4,0.0,48.0,0.0
10.43498,0x220,0.0,0.0,1.0,6.25,1.97,0.0,21.375,21.40625,20.625,20.625,0.4,0.0,48.0,0.0
10.43592,0x386,0.0,0.0,1.0,6.25,1.97,0.0,21.4375,21.40625,20.4375,20.84375,0.4,0.0,48.0,0.0
10.43634,0x2B0,0.0,0.0,1.0,6.25,1.97,0.0,21.4375,21.40625,20.4375,20.84375,0.4,0.0,48.0,0.0
10.43804,0x316,0.0,0.0,1.0,6.25,1.97,0.0,21.4375,21.40625,20.4375,20.84375,0.4,0.0,45.0,0.0
10.44476,0x220,0.0,0.0,1.0,6.25,2.03,-0.09,21.4375,21.40625,20.4375,20.84375,0.4,0.0,45.0,0.0
10.44626,0x2B0,0.0,0.0,1.0,6.25,2.03,-0.09,21.4375,21.40625,20.4375,20.84375,0.4,0.0,45.0,0.0
10.44876,0x316,0.0,0.0,1.0,6.25,2.03,-0.09,21.4375,21.40625,20.4375,20.84375,0.4,0.0,43.0,0.0
10.45498,0x220,0.0,0.0,1.0,6.25,1.9,-0.24,21.4375,21.40625,20.4375,20.84375,0.4,0.0,43.0,0.0
10.45593,0x386,0.0,0.0,1.0,6.25,1.9,-0.24,21.5,21.375,21.03125,21.1875,0.4,0.0,43.0,0.0
10.45635,0x2B0,0.0,0.0,1.0,6.25,1.9,-0.24,21.5,21.375,21.03125,21.1875,0.4,0.0,43.0,0.0
10.45793,0x316,0.0,0.0,1.0,6.25,1.9,-0.24,21.5,21.375,21.03125,21.1875,0.4,0.0,43.0,0.0
10.46499,0x220,0.0,0.0,1.0,6.25,1.59,-0.23,21.5,21.375,21.03125,21.1875,0.4,0.0,43.0,0.0
10.46632,0x2B0,0.0,0.0,1.0,6.25,1.59,-0.23,21.5,21.375,21.03125,21.1875,0.4,0.0,43.0,0.0
10.46805,0x316,0.0,0.0,1.0,6.25,1.59,-0.23,21.5,21.375,21.03125,21.1875,0.4,0.0,30.0,0.0
10.475,0x220,0.0,0.0,1.0,6.25,1.27,0.0,21.5,21.375,21.03125,21.1875,0.4,0.0,30.0,0.0
10.47594,0x386,0.0,0.0,1.0,6.25,1.27,0.0,21.4375,21.375,21.0625,20.90625,0.4,0.0,30.0,0.0
10.47636,0x2B0,0.0,0.0,1.0,6.25,1.27,0.0,21.4375,21.375,21.0625,20.90625,0.4,0.0,30.0,0.0
10.47814,0x316,0.0,0.0,1.0,6.25,1.27,0.0,21.4375,21.375,21.0625,20.90625,0.4,0.0,22.0,0.0
10.48476,0x220,0.0,0.0,1.0,6.25,1.14,0.22,21.4375,21.375,21.0625,20.90625,0.4,0.0,22.0,0.0
10.48624,0x2B0,0.0,0.0,1.0,6.25,1.14,0.22,21.4375,21.375,21.0625,20.90625,0.4,0.0,22.0,0.0
10.48792,0x316,0.0,0.0,1.0,6.25,1.14,0.22,21.4375,21.375,21.0625,20.90625,0.4,0.0,17.0,0.0
10.495,0x220,0.0,0.0,1.0,6.25,1.24,0.22,21.4375,21.375,21.0625,20.90625,0.4,0.0,17.0,0.0
10.49593,0x386,0.0,0.0,1.0,6.25,1.24,0.22,21.375,21.375,20.90625,21.09375,0.4,0.0,17.0,0.0
10.49635,0x2B0,0.0,0.0,1.0,6.25,1.24,0.22,21.375,21.375,20.90625,21.09375,0.4,0.0,17.0,0.0
10.49793,0x316,0.0,0.0,1.0,6.25,1.24,0.22,21.375,21.375,20.90625,21.09375,0.4,0.0,15.0,0.0
10.50476,0x220,0.0,0.0,1.0,6.25,1.5,0.08,21.375,21.375,20.90625,21.09375,0.4,0.0,15.0,0.0
10.50624,0x2B0,0.0,0.0,1.0,6.25,1.5,0.08,21.375,21.375,20.90625,21.09375,0.4,0.0,15.0,0.0
10.50792,0x316,0.0,0.0,1.0,6.25,1.5,0.08,21.375,21.375,20.90625,21.09375,0.4,0.0,12.0,0.0
10.515,0x220,0.0,0.0,1.0,6.25,1.71,-0.05,21.375,21.375,20.90625,21.09375,0.4,0.0,12.0,0.0
10.51594,0x386,0.0,0.0,1.0,6.25,1.71,-0.05,21.4375,21.375,20.96875,20.90625,0.4,0.0,12.0,0.0
10.51636,0x2B0,0.0,0.0,1.0,6.25,1.71,-0.05,21.4375,21.375,20.96875,20.90625,0.4,0.0,12.0,0.0
10.518,0x316,0.0,0.0,1.0,6.25,1.71,-0.05,21.4375,21.375,20.96875,20.90625,0.4,0.0,12.0,0.0
10.52476,0x220,0.0,0.0,1.0,6.25,1.73,-0.13,21.4375,21.375,20.96875,20.90625,0.4,0.0,12.0,0.0
10.52622,0x2B0,0.0,0.0,1.0,6.25,1.73,-0.13,21.4375,21.375,20.96875,20.90625,0.4,0.0,12.0,0.0
10.52792,0x316,0.0,0.0,1.0,6.25,1.73,-0.13,21.4375,21.375,20.96875,20.90625,0.4,0.0,12.0,0.0
10.53476,0x220,0.0,0.0,1.0,6.25,1.59,-0.12,21.4375,21.375,20.96875,20.90625,0.4,0.0,12.0,0.0
10.53546,0x386,0.0,0.0,1.0,6.25,1.59,-0.12,21.4375,21.46875,20.84375,21.09375,0.4,0.0,12.0,0.0
10.53636,0x2B0,0.0,0.0,1.0,6.25,1.59,-0.12,21.4375,21.46875,20.84375,21.09375,0.4,0.0,12.0,0.0
10.53801,0x316,0.0,0.0,1.0,6.25,1.59,-0.12,21.4375,21.46875,20.84375,21.09375,0.4,0.0,15.0,0.0
10.54477,0x220,0.0,0.0,1.0,6.25,1.39,-0.07,21.4375,21.46875,20.84375,21.09375,0.4,0.0,15.0,0.0
10.54624,0x2B0,0.0,0.0,1.0,6.25,1.39,-0.07,21.4375,21.46875,20.84375,21.09375,0.4,0.0,15.0,0.0
10.54887,0x316,0.0,0.0,1.0,6.25,1.39,-0.07,21.4375,21.46875,20.84375,21.09375,0.4,0.0,20.0,0.0
10.55476,0x220,0.0,0.0,1.0,6.25,1.18,-0.05,21.4375,21.46875,20.84375,21.09375,0.4,0.0,20.0,0.0
10.55545,0x386,0.0,0.0,1.0,6.25,1.18,-0.05,21.3125,21.46875,20.90625,21.09375,0.4,0.0,20.0,0.0
10.55636,0x2B0,0.0,0.0,1.0,6.25,1.18,-0.05,21.3125,21.46875,20.90625,21.09375,0.4,0.0,20.0,0.0
10.558,0x316,0.0,0.0,1.0,6.25,1.18,-0.05,21.3125,21.46875,20.90625,21.09375,0.4,0.0,20.0,0.0
10.56477,0x220,0.0,0.0,1.0,6.25,1.11,-0.03,21.3125,21.46875,20.90625,21.09375,0.4,0.0,20.0,0.0
10.56625,0x2B0,0.0,0.0,1.0,6.25,1.11,-0.03,21.3125,21.46875,20.90625,21.09375,0.6,8.0,20.0,0.0
10.56799,0x316,0.0,0.0,1.0,6.25,1.11,-0.03,21.3125,21.46875,20.90625,21.09375,0.6,8.0,30.0,0.0
10.57478,0x220,0.0,0.0,1.0,6.25,1.29,0.07,21.3125,21.46875,20.90625,21.09375,0.6,8.0,30.0,0.0
10.57547,0x386,0.0,0.0,1.0,6.25,1.29,0.07,21.375,21.5,20.96875,21.09375,0.6,8.0,30.0,0.0
10.57637,0x2B0,0.0,0.0,1.0,6.25,1.29,0.07,21.375,21.5,20.96875,21.09375,0.6,8.0,30.0,0.0
10.57807,0x316,0.0,0.0,1.0,6.25,1.29,0.07,21.375,21.5,20.96875,21.09375,0.6,8.0,33.0,0.0
10.58478,0x220,0.0,0.0,1.0,6.25,1.67,0.21,21.375,21.5,20.96875,21.09375,0.6,8.0,33.0,0.0
10.58624,0x2B0,0.0,0.0,1.0,6.25,1.67,0.21,21.375,21.5,20.96875,21.09375,0.6,0.0,33.0,0.0
10.58793,0x316,0.0,0.0,1.0,6.25,1.67,0.21,21.375,21.5,20.96875,21.09375,0.6,0.0,33.0,0.0
10.59478,0x220,0.0,0.0,1.0,6.25,2.02,0.21,21.375,21.5,20.96875,21.09375,0.6,0.0,33.0,0.0
10.59547,0x386,0.0,0.0,1.0,6.25,2.02,0.21,21.40625,21.46875,20.875,21.125,0.6,0.0,33.0,0.0
10.59637,0x2B0,0.0,0.0,1.0,6.25,2.02,0.21,21.40625,21.46875,20.875,21.125,0.6,0.0,33.0,0.0
10.59797,0x316,0.0,0.0,1.0,6.25,2.02,0.21,21.40625,21.46875,20.875,21.125,0.6,0.0,33.0,0.0
10.60478,0x220,0.0,0.0,1.0,6.25,2.22,0.08,21.40625,21.46875,20.875,21.125,0.6,0.0,33.0,0.0
10.60624,0x2B0,0.0,0.0,1.0,6.25,2.22,0.08,21.40625,21.46875,20.875,21.125,0.6,0.0,33.0,0.0
10.60789,0x316,0.0,0.0,1.0,6.25,2.22,0.08,21.40625,21.46875,20.875,21.125,0.6,0.0,30.0,0.0
10.61479,0x220,0.0,0.0,1.0,6.25,2.16,-0.09,21.40625,21.46875,20.875,21.125,0.6,0.0,30.0,0.0
10.61549,0x386,0.0,0.0,1.0,6.25,2.16,-0.09,21.34375,21.5625,21.0,21.28125,0.6,0.0,30.0,0.0
10.6164,0x2B0,0.0,0.0,1.0,6.25,2.16,-0.09,21.34375,21.5625,21.0,21.28125,0.6,0.0,30.0,0.0
10.61793,0x316,0.0,0.0,1.0,6.25,2.16,-0.09,21.34375,21.5625,21.0,21.28125,0.6,0.0,28.0,0.0
10.62479,0x220,0.0,0.0,1.0,6.25,1.88,-0.25,21.34375,21.5625,21.0,21.28125,0.6,0.0,28.0,0.0
10.62624,0x2B0,0.0,0.0,1.0,6.25,1.88,-0.25,21.34375,21.5625,21.0,21.28125,0.6,0.0,28.0,0.0
10.62793,0x316,0.0,0.0,1.0,6.25,1.88,-0.25,21.34375,21.5625,21.0,21.28125,0.6,0.0,22.0,0.0
10.63479,0x220,0.0,0.0,1.0,6.25,1.51,-0.28,21.34375,21.5625,21.0,21.28125,0.6,0.0,22.0,0.0
10.63549,0x386,0.0,0.0,1.0,6.25,1.51,-0.28,21.46875,21.53125,20.875,21.125,0.6,0.0,22.0,0.0
10.6364,0x2B0,0.0,0.0,1.0,6.25,1.51,-0.28,21.46875,21.53125,20.875,21.125,0.6,0.0,22.0,0.0
10.63813,0x316,0.0,0.0,1.0,6.25,1.51,-0.28,21.46875,21.53125,20.875,21.125,0.6,0.0,20.0,0.0
10.6448,0x220,0.0,0.0,1.0,6.25,1.29,-0.19,21.46875,21.53125,20.875,21.125,0.6,0.0,20.0,0.0
10.64623,0x2B0,0.0,0.0,1.0,6.25,1.29,-0.19,21.46875,21.53125,20.875,21.125,0.6,0.0,20.0,0.0
10.64873,0x316,0.0,0.0,1.0,6.25,1.29,-0.19,21.46875,21.53125,20.875,21.125,0.6,0.0,20.0,0.0
10.6548,0x220,0.0,0.0,1.0,6.25,1.33,0.0,21.46875,21.53125,20.875,21.125,0.6,0.0,20.0,0.0
10.65551,0x386,0.0,0.0,1.0,6.25,1.33,0.0,21.5,21.5625,21.03125,21.0625,0.6,0.0,20.0,0.0
10.65641,0x2B0,0.0,0.0,1.0,6.25,1.33,0.0,21.5,21.5625,21.03125,21.0625,0.6,0.0,20.0,0.0
10.65793,0x316,0.0,0.0,1.0,6.25,1.33,0.0,21.5,21.5625,21.03125,21.0625,0.6,0.0,20.0,0.0
10.6648,0x220,0.0,0.0,1.0,6.25,1.56,0.11,21.5,21.5625,21.03125,21.0625,0.6,0.0,20.0,0.0
10.66622,0x2B0,0.0,0.0,1.0,6.25,1.56,0.11,21.5,21.5625,21.03125,21.0625,0.6,0.0,20.0,0.0
10.66798,0x316,0.0,0.0,1.0,6.25,1.56,0.11,21.5,21.5625,21.03125,21.0625,0.6,0.0,20.0,0.0
10.67481,0x220,0.0,0.0,1.0,6.25,1.73,0.05,21.5,21.5625,21.03125,21.0625,0.6,0.0,20.0,0.0
10.67551,0x386,0.0,0.0,1.0,6.25,1.73,0.05,21.46875,21.46875,20.9375,21.0625,0.6,0.0,20.0,0.0
10.67641,0x2B0,0.0,0.0,1.0,6.25,1.73,0.05,21.46875,21.46875,20.9375,21.0625,0.6,0.0,20.0,0.0
10.67819,0x316,0.0,0.0,1.0,6.25,1.73,0.05,21.46875,21.46875,20.9375,21.0625,0.6,0.0,20.0,0.0
10.68481,0x220,0.0,0.0,1.0,6.25,1.78,0.01,21.46875,21.46875,20.9375,21.0625,0.6,0.0,20.0,0.0
10.68626,0x2B0,0.0,0.0,1.0,6.25,1.78,0.01,21.46875,21.46875,20.9375,21.0625,0.8,8.0,20.0,0.0
10.68792,0x316,0.0,0.0,1.0,6.25,1.78,0.01,21.46875,21.46875,20.9375,21.0625,0.8,8.0,25.0,0.0
10.69481,0x220,0.0,0.0,1.0,6.25,1.74,0.08,21.46875,21.46875,20.9375,21.0625,0.8,8.0,25.0,0.0
10.69551,0x386,0.0,0.0,1.0,6.25,1.74,0.08,21.53125,21.4375,21.0625,21.1875,0.8,8.0,25.0,0.0
10.69641,0x2B0,0.0,0.0,1.0,6.25,1.74,0.08,21.53125,21.4375,21.0625,21.1875,0.9,12.0,25.0,0.0
10.69795,0x316,0.0,0.0,1.0,6.25,1.74,0.08,21.53125,21.4375,21.0625,21.1875,0.9,12.0,28.0,0.0
10.70481,0x220,0.0,0.0,1.0,6.25,1.69,0.1,21.53125,21.4375,21.0625,21.1875,0.9,12.0,28.0,0.0
10.70631,0x2B0,0.0,0.0,1.0,6.25,1.69,0.1,21.53125,21.4375,21.0625,21.1875,0.9,0.0,28.0,0.0
10.70789,0x316,0.0,0.0,1.0,6.25,1.69,0.1,21.53125,21.4375,21.0625,21.1875,0.9,0.0,33.0,0.0
10.71482,0x220,0.0,0.0,1.0,6.25,1.7,-0.03,21.53125,21.4375,21.0625,21.1875,0.9,0.0,33.0,0.0
10.71552,0x386,0.0,0.0,1.0,6.25,1.7,-0.03,21.5,21.46875,21.0625,21.34375,0.9,0.0,33.0,0.0
10.71643,0x2B0,0.0,0.0,1.0,6.25,1.7,-0.03,21.5,21.46875,21.0625,21.34375,1.0,0.0,33.0,0.0
10.71803,0x316,0.0,0.0,1.0,6.25,1.7,-0.03,21.5,21.46875,21.0625,21.34375,1.0,0.0,35.0,0.0
10.72482,0x220,0.0,0.0,1.0,6.25,1.75,-0.2,21.5,21.46875,21.0625,21.34375,1.0,0.0,35.0,0.0
10.72625,0x2B0,0.0,0.0,1.0,6.25,1.75,-0.2,21.5,21.46875,21.0625,21.34375,1.0,0.0,35.0,0.0
10.72794,0x316,0.0,0.0,1.0,6.25,1.75,-0.2,21.5,21.46875,21.0625,21.34375,1.0,0.0,38.0,0.0
10.73482,0x220,0.0,0.0,1.0,6.25,1.8,-0.2,21.5,21.46875,21.0625,21.34375,1.0,0.0,38.0,0.0
10.73551,0x386,0.0,0.0,1.0,6.25,1.8,-0.2,21.5625,21.5625,21.1875,21.3125,1.0,0.0,38.0,0.0
10.73642,0x2B0,0.0,0.0,1.0,6.25,1.8,-0.2,21.5625,21.5625,21.1875,21.3125,1.0,0.0,38.0,0.0
10.73809,0x316,0.0,0.0,1.0,6.25,1.8,-0.2,21.5625,21.5625,21.1875,21.3125,1.0,0.0,38.0,0.0
10.74482,0x220,0.0,0.0,1.0,6.25,1.75,-0.04,21.5625,21.5625,21.1875,21.3125,1.0,0.0,38.0,0.0
10.74624,0x2B0,0.0,0.0,1.0,6.25,1.75,-0.04,21.5625,21.5625,21.1875,21.3125,1.0,0.0,38.0,0.0
10.74864,0x316,0.0,0.0,1.0,6.25,1.75,-0.04,21.5625,21.5625,21.1875,21.3125,1.0,0.0,38.0,0.0
10.75482,0x220,0.0,0.0,1.0,6.25,1.59,0.17,21.5625,21.5625,21.1875,21.3125,1.0,0.0,38.0,0.0
10.75552,0x386,0.0,0.0,1.0,6.25,1.59,0.17,21.5625,21.53125,21.40625,21.34375,1.0,0.0,38.0,0.0
10.75642,0x2B0,0.0,0.0,1.0,6.25,1.59,0.17,21.5625,21.53125,21.40625,21.34375,1.0,0.0,38.0,0.0
10.75801,0x316,0.0,0.0,1.0,6.25,1.59,0.17,21.5625,21.53125,21.40625,21.34375,1.0,0.0,38.0,0.0
10.76484,0x220,0.0,0.0,1.0,6.25,1.4,0.35,21.5625,21.53125,21.40625,21.34375,1.0,0.0,38.0,0.0
10.76622,0x2B0,0.0,0.0,1.0,6.25,1.4,0.35,21.5625,21.53125,21.40625,21.34375,1.0,0.0,38.0,0.0
10.76801,0x316,0.0,0.0,1.0,6.25,1.4,0.35,21.5625,21.53125,21.40625,21.34375,1.0,0.0,35.0,0.0
10.77483,0x220,0.0,0.0,1.0,6.25,1.34,0.36,21.5625,21.53125,21.40625,21.34375,1.0,0.0,35.0,0.0
10.77553,0x386,0.0,0.0,1.0,6.25,1.34,0.36,21.71875,21.78125,21.34375,21.5,1.0,0.0,35.0,0.0
10.77643,0x2B0,0.0,0.0,1.0,6.25,1.34,0.36,21.71875,21.78125,21.34375,21.5,1.0,0.0,35.0,0.0
10.77808,0x316,0.0,0.0,1.0,6.25,1.34,0.36,21.71875,21.78125,21.34375,21.5,1.0,0.0,35.0,0.0
10.78483,0x220,0.0,0.0,1.0,6.25,1.47,0.23,21.71875,21.78125,21.34375,21.5,1.0,0.0,35.0,0.0
10.78622,0x2B0,0.0,0.0,1.0,6.25,1.47,0.23,21.71875,21.78125,21.34375,21.5,1.0,0.0,35.0,0.0
10.78791,0x316,0.0,0.0,1.0,6.25,1.47,0.23,21.71875,21.78125,21.34375,21.5,1.0,0.0,35.0,0.0
10.79484,0x220,0.0,0.0,1.0,6.25,1.63,0.09,21.71875,21.78125,21.34375,21.5,1.0,0.0,35.0,0.0
10.79553,0x386,0.0,0.0,1.0,6.25,1.63,0.09,21.6875,21.625,21.21875,21.46875,1.0,0.0,35.0,0.0
10.79643,0x2B0,0.0,0.0,1.0,6.25,1.63,0.09,21.6875,21.625,21.21875,21.46875,1.0,0.0,35.0,0.0
10.79799,0x316,0.0,0.0,1.0,6.25,1.63,0.09,21.6875,21.625,21.21875,21.46875,1.0,0.0,35.0,0.0
10.80484,0x220,0.0,0.0,1.0,6.25,1.65,0.07,21.6875,21.625,21.21875,21.46875,1.0,0.0,35.0,0.0
10.80622,0x2B0,0.0,0.0,1.0,6.25,1.65,0.07,21.6875,21.625,21.21875,21.46875,1.0,0.0,35.0,0.0
10.80794,0x316,0.0,0.0,1.0,6.25,1.65,0.07,21.6875,21.625,21.21875,21.46875,1.0,0.0,35.0,0.0
10.81484,0x220,0.0,0.0,1.0,6.25,1.5,0.19,21.6875,21.625,21.21875,21.46875,1.0,0.0,35.0,0.0
10.81555,0x386,0.0,0.0,1.0,6.25,1.5,0.19,21.875,21.78125,21.21875,21.3125,1.0,0.0,35.0,0.0
10.81645,0x2B0,0.0,0.0,1.0,6.25,1.5,0.19,21.875,21.78125,21.21875,21.3125,1.0,0.0,35.0,0.0
10.81793,0x316,0.0,0.0,1.0,6.25,1.5,0.19,21.875,21.78125,21.21875,21.3125,1.0,0.0,38.0,0.0
10.82484,0x220,0.0,0.0,1.0,6.25,1.29,0.4,21.875,21.78125,21.21875,21.3125,1.0,0.0,38.0,0.0
10.82622,0x2B0,0.0,0.0,1.0,6.25,1.29,0.4,21.875,21.78125,21.21875,21.3125,1.0,0.0,38.0,0.0
10.82789,0x316,0.0,0.0,1.0,6.25,1.29,0.4,21.875,21.78125,21.21875,21.3125,1.0,0.0,43.0,0.0
10.83477,0x220,0.0,0.0,1.0,6.25,1.13,0.46,21.875,21.78125,21.21875,21.3125,1.0,0.0,43.0,0.0
10.83571,0x386,0.0,0.0,1.0,6.25,1.13,0.46,21.78125,21.875,21.0,21.3125,1.0,0.0,43.0,0.0
10.83637,0x2B0,0.0,0.0,1.0,6.25,1.13,0.46,21.78125,21.875,21.0,21.3125,1.0,0.0,43.0,0.0
10.83815,0x316,0.0,0.0,1.0,6.25,1.13,0.46,21.78125,21.875,21.0,21.3125,1.0,0.0,45.0,0.0
10.84486,0x220,0.0,0.0,1.0,6.25,1.09,0.26,21.78125,21.875,21.0,21.3125,1.0,0.0,45.0,0.0
10.84626,0x2B0,0.0,0.0,1.0,6.25,1.09,0.26,21.78125,21.875,21.0,21.3125,1.2,8.0,45.0,0.0
10.84875,0x316,0.0,0.0,1.0,6.25,1.09,0.26,21.78125,21.875,21.0,21.3125,1.2,8.0,48.0,0.0
10.85485,0x220,0.0,0.0,1.0,6.25,1.2,0.04,21.78125,21.875,21.0,21.3125,1.2,8.0,48.0,0.0
10.85555,0x386,0.0,0.0,1.0,6.25,1.2,0.04,21.96875,21.8125,21.15625,21.21875,1.2,8.0,48.0,0.0
10.85645,0x2B0,0.0,0.0,1.0,6.25,1.2,0.04,21.96875,21.8125,21.15625,21.21875,1.3,12.0,48.0,0.0
10.85793,0x316,0.0,0.0,1.0,6.25,1.2,0.04,21.96875,21.8125,21.15625,21.21875,1.3,12.0,48.0,0.0
10.86485,0x220,0.0,0.0,1.0,6.25,1.42,0.06,21.96875,21.8125,21.15625,21.21875,1.3,12.0,48.0,0.0
10.86621,0x2B0,0.0,0.0,1.0,6.25,1.42,0.06,21.96875,21.8125,21.15625,21.21875,1.3,0.0,48.0,0.0
10.86795,0x316,0.0,0.0,1.0,6.25,1.42,0.06,21.96875,21.8125,21.15625,21.21875,1.3,0.0,50.0,0.0
10.87486,0x220,0.0,0.0,1.0,6.25,1.73,0.25,21.96875,21.8125,21.15625,21.21875,1.3,0.0,50.0,0.0
10.87555,0x386,0.0,0.0,1.0,6.25,1.73,0.25,21.78125,22.09375,21.34375,21.03125,1.3,0.0,50.0,0.0
10.87646,0x2B0,0.0,0.0,1.0,6.25,1.73,0.25,21.78125,22.09375,21.34375,21.03125,1.3,0.0,50.0,0.0
10.87818,0x316,0.0,0.0,1.0,6.25,1.73,0.25,21.78125,22.09375,21.34375,21.03125,1.3,0.0,48.0,0.0
10.88487,0x220,0.0,0.0,1.0,6.25,1.97,0.34,21.78125,22.09375,21.34375,21.03125,1.3,0.0,48.0,0.0
10.88622,0x2B0,0.0,0.0,1.0,6.25,1.97,0.34,21.78125,22.09375,21.34375,21.03125,1.4,0.0,48.0,0.0
10.888,0x316,0.0,0.0,1.0,6.25,1.97,0.34,21.78125,22.09375,21.34375,21.03125,1.4,0.0,45.0,0.0
10.89485,0x220,0.0,0.0,1.0,6.25,2.02,0.21,21.78125,22.09375,21.34375,21.03125,1.4,0.0,45.0,0.0
10.89556,0x386,0.0,0.0,1.0,6.25,2.02,0.21,21.96875,21.96875,21.3125,21.59375,1.4,0.0,45.0,0.0
10.89622,0x2B0,0.0,0.0,1.0,6.25,2.02,0.21,21.96875,21.96875,21.3125,21.59375,1.4,0.0,45.0,0.0
10.89793,0x316,0.0,0.0,1.0,6.25,2.02,0.21,21.96875,21.96875,21.3125,21.59375,1.4,0.0,40.0,0.0
10.90486,0x220,0.0,0.0,1.0,6.25,1.87,-0.02,21.96875,21.96875,21.3125,21.59375,1.4,0.0,40.0,0.0
10.90627,0x2B0,0.0,0.0,1.0,6.25,1.87,-0.02,21.96875,21.96875,21.3125,21.59375,1.4,0.0,40.0,0.0
10.90789,0x316,0.0,0.0,1.0,6.25,1.87,-0.02,21.96875,21.96875,21.3125,21.59375,1.4,0.0,35.0,0.0
10.91486,0x220,0.0,0.0,1.0,6.25,1.7,-0.17,21.96875,21.96875,21.3125,21.59375,1.4,0.0,35.0,0.0
10.91556,0x386,0.0,0.0,1.0,6.25,1.7,-0.17,21.90625,22.03125,21.1875,21.8125,1.4,0.0,35.0,0.0
10.91647,0x2B0,0.0,0.0,1.0,6.25,1.7,-0.17,21.90625,22.03125,21.1875,21.8125,1.4,0.0,35.0,0.0
10.91799,0x316,0.0,0.0,1.0,6.25,1.7,-0.17,21.90625,22.03125,21.1875,21.8125,1.4,0.0,30.0,0.0
10.92487,0x220,0.0,0.0,1.0,6.25,1.6,-0.16,21.90625,22.03125,21.1875,21.8125,1.4,0.0,30.0,0.0
10.92624,0x2B0,0.0,0.0,1.0,6.25,1.6,-0.16,21.90625,22.03125,21.1875,21.8125,1.3,0.0,30.0,0.0
10.92796,0x316,0.0,0.0,1.0,6.25,1.6,-0.16,21.90625,22.03125,21.1875,21.8125,1.3,0.0,25.0,0.0
10.93488,0x220,0.0,0.0,1.0,6.25,1.5,-0.17,21.90625,22.03125,21.1875,21.8125,1.3,0.0,25.0,0.0
10.93559,0x386,0.0,0.0,1.0,6.25,1.5,-0.17,21.96875,22.0,21.5,21.5625,1.3,0.0,25.0,0.0
10.93625,0x2B0,0.0,0.0,1.0,6.25,1.5,-0.17,21.96875,22.0,21.5,21.5625,1.3,0.0,25.0,0.0
10.93803,0x316,0.0,0.0,1.0,6.25,1.5,-0.17,21.96875,22.0,21.5,21.5625,1.3,0.0,22.0,0.0
10.94488,0x220,0.0,0.0,1.0,6.25,1.35,-0.16,21.96875,22.0,21.5,21.5625,1.3,0.0,22.0,0.0
10.94619,0x2B0,0.0,0.0,1.0,6.25,1.35,-0.16,21.96875,22.0,21.5,21.5625,1.3,0.0,22.0,0.0
10.94863,0x316,0.0,0.0,1.0,6.25,1.35,-0.16,21.96875,22.0,21.5,21.5625,1.3,0.0,22.0,0.0
10.95488,0x220,0.0,0.0,1.0,6.25,1.22,0.05,21.96875,22.0,21.5,21.5625,1.3,0.0,22.0,0.0
10.95558,0x386,0.0,0.0,1.0,6.25,1.22,0.05,22.03125,22.03125,21.4375,21.65625,1.3,0.0,22.0,0.0
10.95624,0x2B0,0.0,0.0,1.0,6.25,1.22,0.05,22.03125,22.03125,21.4375,21.65625,1.3,0.0,22.0,0.0
10.95798,0x316,0.0,0.0,1.0,6.25,1.22,0.05,22.03125,22.03125,21.4375,21.65625,1.3,0.0,22.0,0.0
10.96489,0x220,0.0,0.0,1.0,6.25,1.17,0.46,22.03125,22.03125,21.4375,21.65625,1.3,0.0,22.0,0.0
10.96626,0x2B0,0.0,0.0,1.0,6.25,1.17,0.46,22.03125,22.03125,21.4375,21.65625,1.3,0.0,22.0,0.0
10.96806,0x316,0.0,0.0,1.0,6.25,1.17,0.46,22.03125,22.03125,21.4375,21.65625,1.3,0.0,22.0,0.0
10.97489,0x220,0.0,0.0,1.0,6.25,1.28,0.6,22.03125,22.03125,21.4375,21.65625,1.3,0.0,22.0,0.0
10.9756,0x386,0.0,0.0,1.0,6.25,1.28,0.6,22.03125,22.09375,21.5,21.65625,1.3,0.0,22.0,0.0
10.97626,0x2B0,0.0,0.0,1.0,6.25,1.28,0.6,22.03125,22.09375,21.5,21.65625,1.3,0.0,22.0,0.0
10.97804,0x316,0.0,0.0,1.0,6.25,1.28,0.6,22.03125,22.09375,21.5,21.65625,1.3,0.0,25.0,0.0
10.98489,0x220,0.0,0.0,1.0,6.25,1.36,0.34,22.03125,22.09375,21.5,21.65625,1.3,0.0,25.0,0.0
10.98625,0x2B0,0.0,0.0,1.0,6.25,1.36,0.34,22.03125,22.09375,21.5,21.65625,1.3,0.0,25.0,0.0
10.9879,0x316,0.0,0.0,1.0,6.25,1.36,0.34,22.03125,22.09375,21.5,21.65625,1.3,0.0,28.0,0.0
10.99489,0x220,0.0,0.0,1.0,6.25,1.33,0.0,22.03125,22.09375,21.5,21.65625,1.3,0.0,28.0,0.0
10.9956,0x386,0.0,0.0,1.0,6.25,1.33,0.0,22.09375,21.9375,21.4375,21.78125,1.3,0.0,28.0,0.0
10.99625,0x2B0,0.0,0.0,1.0,6.25,1.33,0.0,22.09375,21.9375,21.4375,21.78125,1.3,0.0,28.0,0.0
10.99798,0x316,0.0,0.0,1.0,6.25,1.33,0.0,22.09375,21.9375,21.4375,21.78125,1.3,0.0,33.0,0.0
11.0049,0x220,0.0,0.0,1.0,6.25,1.25,-0.02,22.09375,21.9375,21.4375,21.78125,1.3,0.0,33.0,0.0
11.00618,0x2B0,0.0,0.0,1.0,6.25,1.25,-0.02,22.09375,21.9375,21.4375,21.78125,1.3,0.0,33.0,0.0
11.00791,0x316,0.0,0.0,1.0,6.25,1.25,-0.02,22.09375,21.9375,21.4375,21.78125,1.3,0.0,35.0,0.0
11.01489,0x220,0.0,0.0,1.0,6.25,1.21,0.19,22.09375,21.9375,21.4375,21.78125,1.3,0.0,35.0,0.0
11.0156,0x386,0.0,0.0,1.0,6.25,1.21,0.19,21.96875,21.96875,21.71875,21.71875,1.3,0.0,35.0,0.0
11.01626,0x2B0,0.0,0.0,1.0,6.25,1.21,0.19,21.96875,21.96875,21.71875,21.71875,1.3,0.0,35.0,0.0
11.01792,0x316,0.0,0.0,1.0,6.25,1.21,0.19,21.96875,21.96875,21.71875,21.71875,1.3,0.0,35.0,0.0
11.0249,0x220,0.0,0.0,1.0,6.25,1.27,0.3,21.96875,21.96875,21.71875,21.71875,1.3,0.0,35.0,0.0
11.02627,0x2B0,0.0,0.0,1.0,6.25,1.27,0.3,21.96875,21.96875,21.71875,21.71875,1.3,0.0,35.0,0.0
11.02788,0x316,0.0,0.0,1.0,6.25,1.27,0.3,21.96875,21.96875,21.71875,21.71875,1.3,0.0,35.0,0.0
11.0349,0x220,0.0,0.0,1.0,6.25,1.39,0.19,21.96875,21.96875,21.71875,21.71875,1.3,0.0,35.0,0.0
11.0356,0x386,0.0,0.0,1.0,6.25,1.39,0.19,22.0625,22.0,21.71875,21.75,1.3,0.0,35.0,0.0
11.03626,0x2B0,0.0,0.0,1.0,6.25,1.39,0.19,22.0625,22.0,21.71875,21.75,1.3,0.0,35.0,0.0
11.03808,0x316,0.0,0.0,1.0,6.25,1.39,0.19,22.0625,22.0,21.71875,21.75,1.3,0.0,35.0,0.0
11.0449,0x220,0.0,0.0,1.0,6.25,1.52,0.11,22.0625,22.0,21.71875,21.75,1.3,0.0,35.0,0.0
11.04618,0x2B0,0.0,0.0,1.0,6.25,1.52,0.11,22.0625,22.0,21.71875,21.75,1.3,0.0,35.0,0.0
11.04885,0x316,0.0,0.0,1.0,6.25,1.52,0.11,22.0625,22.0,21.71875,21.75,1.3,0.0,30.0,0.0
11.0549,0x220,0.0,0.0,1.0,6.25,1.68,0.16,22.0625,22.0,21.71875,21.75,1.3,0.0,30.0,0.0
11.0556,0x386,0.0,0.0,1.0,6.25,1.68,0.16,22.09375,22.09375,21.65625,21.78125,1.3,0.0,30.0,0.0
11.05626,0x2B0,0.0,0.0,1.0,6.25,1.68,0.16,22.09375,22.09375,21.65625,21.78125,1.3,0.0,30.0,0.0
11.05793,0x316,0.0,0.0,1.0,6.25,1.68,0.16,22.09375,22.09375,21.65625,21.78125,1.3,0.0,30.0,0.0
11.06491,0x220,0.0,0.0,1.0,6.25,1.88,0.25,22.09375,22.09375,21.65625,21.78125,1.3,0.0,30.0,0.0
11.06626,0x2B0,0.0,0.0,1.0,6.25,1.88,0.25,22.09375,22.09375,21.65625,21.78125,1.3,0.0,30.0,0.0
11.06798,0x316,0.0,0.0,1.0,6.25,1.88,0.25,22.09375,22.09375,21.65625,21.78125,1.3,0.0,22.0,0.0
11.0749,0x220,0.0,0.0,1.0,6.25,2.06,0.15,22.09375,22.09375,21.65625,21.78125,1.3,0.0,22.0,0.0
11.07559,0x386,0.0,0.0,1.0,6.25,2.06,0.15,22.15625,22.21875,21.78125,21.6875,1.3,0.0,22.0,0.0
11.0765,0x2B0,0.0,0.0,1.0,6.25,2.06,0.15,22.15625,22.21875,21.78125,21.6875,1.3,0.0,22.0,0.0
11.07804,0x316,0.0,0.0,1.0,6.25,2.06,0.15,22.15625,22.21875,21.78125,21.6875,1.3,0.0,17.0,0.0
11.08492,0x220,0.0,0.0,1.0,6.25,2.05,-0.02,22.15625,22.21875,21.78125,21.6875,1.3,0.0,17.0,0.0
11.08625,0x2B0,0.0,0.0,1.0,6.25,2.05,-0.02,22.15625,22.21875,21.78125,21.6875,1.1,8.0,17.0,0.0
11.08803,0x316,0.0,0.0,1.0,6.25,2.05,-0.02,22.15625,22.21875,21.78125,21.6875,1.1,8.0,15.0,0.0
11.09492,0x220,0.0,0.0,1.0,6.25,1.87,-0.1,22.15625,22.21875,21.78125,21.6875,1.1,8.0,15.0,0.0
11.09562,0x386,0.0,0.0,1.0,6.25,1.87,-0.1,22.1875,22.1875,21.78125,21.53125,1.1,8.0,15.0,0.0
11.09627,0x2B0,0.0,0.0,1.0,6.25,1.87,-0.1,22.1875,22.1875,21.78125,21.53125,1.1,8.0,15.0,0.0
11.09795,0x316,0.0,0.0,1.0,6.25,1.87,-0.1,22.1875,22.1875,21.78125,21.53125,1.1,8.0,15.0,0.0
11.10493,0x220,0.0,0.0,1.0,6.25,1.72,-0.01,22.1875,22.1875,21.78125,21.53125,1.1,8.0,15.0,0.0
11.1062,0x2B0,0.0,0.0,1.0,6.25,1.72,-0.01,22.1875,22.1875,21.78125,21.53125,1.1,0.0,15.0,0.0
11.10791,0x316,0.0,0.0,1.0,6.25,1.72,-0.01,22.1875,22.1875,21.78125,21.53125,1.1,0.0,15.0,0.0
11.11493,0x220,0.0,0.0,1.0,6.25,1.65,0.01,22.1875,22.1875,21.78125,21.53125,1.1,0.0,15.0,0.0
11.11562,0x386,0.0,0.0,1.0,6.25,1.65,0.01,22.1875,22.1875,21.71875,21.5,1.1,0.0,15.0,0.0
11.11628,0x2B0,0.0,0.0,1.0,6.25,1.65,0.01,22.1875,22.1875,21.71875,21.5,1.1,0.0,15.0,0.0
11.11792,0x316,0.0,0.0,1.0,6.25,1.65,0.01,22.1875,22.1875,21.71875,21.5,1.1,0.0,15.0,0.0
11.12493,0x220,0.0,0.0,1.0,6.25,1.6,-0.13,22.1875,22.1875,21.71875,21.5,1.1,0.0,15.0,0.0
11.1263,0x2B0,0.0,0.0,1.0,6.25,1.6,-0.13,22.1875,22.1875,21.71875,21.5,1.1,0.0,15.0,0.0
11.12802,0x316,0.0,0.0,1.0,6.25,1.6,-0.13,22.1875,22.1875,21.71875,21.5,1.1,0.0,15.0,0.0
11.13493,0x220,0.0,0.0,1.0,6.25,1.64,-0.32,22.1875,22.1875,21.71875,21.5,1.1,0.0,15.0,0.0
11.13563,0x386,0.0,0.0,1.0,6.25,1.64,-0.32,22.09375,22.28125,21.34375,21.6875,1.1,0.0,15.0,0.0
11.13628,0x2B0,0.0,0.0,1.0,6.25,1.64,-0.32,22.09375,22.28125,21.34375,21.6875,1.3,8.0,15.0,0.0
11.13845,0x316,0.0,0.0,1.0,6.25,1.64,-0.32,22.09375,22.28125,21.34375,21.6875,1.3,8.0,15.0,0.0
11.14493,0x220,0.0,0.0,1.0,6.25,1.74,-0.37,22.09375,22.28125,21.34375,21.6875,1.3,8.0,15.0,0.0
11.14619,0x2B0,0.0,0.0,1.0,6.25,1.74,-0.37,22.09375,22.28125,21.34375,21.6875,1.3,8.0,15.0,0.0
11.14864,0x316,0.0,0.0,1.0,6.25,1.74,-0.37,22.09375,22.28125,21.34375,21.6875,1.3,8.0,15.0,0.0
11.15494,0x220,0.0,0.0,1.0,6.25,1.83,-0.29,22.09375,22.28125,21.34375,21.6875,1.3,8.0,15.0,0.0
11.15563,0x386,0.0,0.0,1.0,6.25,1.83,-0.29,22.15625,22.125,21.46875,21.53125,1.3,8.0,15.0,0.0
11.15629,0x2B0,0.0,0.0,1.0,6.25,1.83,-0.29,22.15625,22.125,21.46875,21.53125,1.3,0.0,15.0,0.0
11.15792,0x316,0.0,0.0,1.0,6.25,1.83,-0.29,22.15625,22.125,21.46875,21.53125,1.3,0.0,15.0,0.0
11.16494,0x220,0.0,0.0,1.0,6.25,1.97,-0.16,22.15625,22.125,21.46875,21.53125,1.3,0.0,15.0,0.0
11.16628,0x2B0,0.0,0.0,1.0,6.25,1.97,-0.16,22.15625,22.125,21.46875,21.53125,1.3,0.0,15.0,0.0
11.16806,0x316,0.0,0.0,1.0,6.25,1.97,-0.16,22.15625,22.125,21.46875,21.53125,1.3,0.0,15.0,0.0
11.17495,0x220,0.0,0.0,1.0,6.25,2.09,-0.05,22.15625,22.125,21.46875,21.53125,1.3,0.0,15.0,0.0
11.17564,0x386,0.0,0.0,1.0,6.25,2.09,-0.05,21.875,22.21875,21.21875,21.5625,1.3,0.0,15.0,0.0
11.1763,0x2B0,0.0,0.0,1.0,6.25,2.09,-0.05,21.875,22.21875,21.21875,21.5625,1.4,0.0,15.0,0.0
11.17815,0x316,0.0,0.0,1.0,6.25,2.09,-0.05,21.875,22.21875,21.21875,21.5625,1.4,0.0,12.0,0.0
11.18495,0x220,0.0,0.0,1.0,6.25,2.1,0.0,21.875,22.21875,21.21875,21.5625,1.4,0.0,12.0,0.0
11.18628,0x2B0,0.0,0.0,1.0,6.25,2.1,0.0,21.875,22.21875,21.21875,21.5625,1.4,0.0,12.0,0.0
11.18791,0x316,0.0,0.0,1.0,6.25,2.1,0.0,21.875,22.21875,21.21875,21.5625,1.4,0.0,10.0,0.0
11.19479,0x220,0.0,0.0,1.0,6.25,1.94,-0.01,21.875,22.21875,21.21875,21.5625,1.4,0.0,10.0,0.0
11.19572,0x386,0.0,0.0,1.0,6.25,1.94,-0.01,22.03125,22.125,21.34375,21.6875,1.4,0.0,10.0,0.0
11.19637,0x2B0,0.0,0.0,1.0,6.25,1.94,-0.01,22.03125,22.125,21.34375,21.6875,1.4,0.0,10.0,0.0
11.19792,0x316,0.0,0.0,1.0,6.25,1.94,-0.01,22.03125,22.125,21.34375,21.6875,1.4,0.0,7.0,0.0
11.20495,0x220,0.0,0.0,1.0,6.25,1.68,-0.03,22.03125,22.125,21.34375,21.6875,1.4,0.0,7.0,0.0
11.20625,0x2B0,0.0,0.0,1.0,6.25,1.68,-0.03,22.03125,22.125,21.34375,21.6875,1.4,0.0,7.0,0.0
11.20793,0x316,0.0,0.0,1.0,6.25,1.68,-0.03,22.03125,22.125,21.34375,21.6875,1.4,0.0,5.0,0.0
11.21495,0x220,0.0,0.0,1.0,6.25,1.37,0.08,22.03125,22.125,21.34375,21.6875,1.4,0.0,5.0,0.0
11.21565,0x386,0.0,0.0,1.0,6.25,1.37,0.08,21.84375,22.0,21.84375,21.78125,1.4,0.0,5.0,0.0
11.21631,0x2B0,0.0,0.0,1.0,6.25,1.37,0.08,21.84375,22.0,21.84375,21.78125,1.2,8.0,5.0,0.0
11.218,0x316,0.0,0.0,1.0,6.25,1.37,0.08,21.84375,22.0,21.84375,21.78125,1.2,8.0,2.0,0.0
11.22496,0x220,0.0,0.0,1.0,6.25,1.17,0.33,21.84375,22.0,21.84375,21.78125,1.2,8.0,2.0,0.0
11.22633,0x2B0,0.0,0.0,1.0,6.25,1.17,0.33,21.84375,22.0,21.84375,21.78125,1.2,8.0,2.0,0.0
11.22789,0x316,0.0,0.0,1.0,6.25,1.17,0.33,21.84375,22.0,21.84375,21.78125,1.2,8.0,2.0,0.0
11.23495,0x220,0.0,0.0,1.0,6.25,1.16,0.33,21.84375,22.0,21.84375,21.78125,1.2,8.0,2.0,0.0
11.23565,0x386,0.0,0.0,1.0,6.25,1.16,0.33,21.9375,22.03125,21.71875,21.84375,1.2,8.0,2.0,0.0
11.23631,0x2B0,0.0,0.0,1.0,6.25,1.16,0.33,21.9375,22.03125,21.71875,21.84375,1.1,0.0,2.0,0.0
11.23799,0x316,0.0,0.0,1.0,6.25,1.16,0.33,21.9375,22.03125,21.71875,21.84375,1.1,0.0,2.0,0.0
11.24496,0x220,0.0,0.0,1.0,6.25,1.24,0.13,21.9375,22.03125,21.71875,21.84375,1.1,0.0,2.0,0.0
11.24619,0x2B0,0.0,0.0,1.0,6.25,1.24,0.13,21.9375,22.03125,21.71875,21.84375,1.1,0.0,2.0,0.0
11.24888,0x316,0.0,0.0,1.0,6.25,1.24,0.13,21.9375,22.03125,21.71875,21.84375,1.1,0.0,2.0,0.0
11.25497,0x220,0.0,0.0,1.0,6.25,1.33,0.03,21.9375,22.03125,21.71875,21.84375,1.1,0.0,2.0,0.0
11.25567,0x386,0.0,0.0,1.0,6.25,1.33,0.03,21.9375,21.96875,21.6875,21.96875,1.1,0.0,2.0,0.0
11.25633,0x2B0,0.0,0.0,1.0,6.25,1.33,0.03,21.9375,21.96875,21.6875,21.96875,1.1,0.0,2.0,0.0
11.25799,0x316,0.0,0.0,1.0,6.25,1.33,0.03,21.9375,21.96875,21.6875,21.96875,1.1,0.0,2.0,0.0
11.26497,0x220,0.0,0.0,1.0,6.25,1.41,0.14,21.9375,21.96875,21.6875,21.96875,1.1,0.0,2.0,0.0
11.2662,0x2B0,0.0,0.0,1.0,6.25,1.41,0.14,21.9375,21.96875,21.6875,21.96875,1.1,0.0,2.0,0.0
11.26795,0x316,0.0,0.0,1.0,6.25,1.41,0.14,21.9375,21.96875,21.6875,21.96875,1.1,0.0,10.0,0.0
11.27497,0x220,0.0,0.0,1.0,6.25,1.45,0.27,21.9375,21.96875,21.6875,21.96875,1.1,0.0,10.0,0.0
11.27567,0x386,0.0,0.0,1.0,6.25,1.45,0.27,22.0625,21.90625,21.65625,21.96875,1.1,0.0,10.0,0.0
11.27633,0x2B0,0.0,0.0,1.0,6.25,1.45,0.27,22.0625,21.90625,21.65625,21.96875,1.1,0.0,10.0,0.0
11.27806,0x316,0.0,0.0,1.0,6.25,1.45,0.27,22.0625,21.90625,21.65625,21.96875,1.1,0.0,12.0,0.0
11.28498,0x220,0.0,0.0,1.0,6.25,1.46,0.33,22.0625,21.90625,21.65625,21.96875,1.1,0.0,12.0,0.0
11.2862,0x2B0,0.0,0.0,1.0,6.25,1.46,0.33,22.0625,21.90625,21.65625,21.96875,1.1,0.0,12.0,0.0
11.28793,0x316,0.0,0.0,1.0,6.25,1.46,0.33,22.0625,21.90625,21.65625,21.96875,1.1,0.0,15.0,0.0
11.29498,0x220,0.0,0.0,1.0,6.25,1.4,0.37,22.0625,21.90625,21.65625,21.96875,1.1,0.0,15.0,0.0
11.29568,0x386,0.0,0.0,1.0,6.25,1.4,0.37,22.0,21.875,21.8125,22.125,1.1,0.0,15.0,0.0
11.29634,0x2B0,0.0,0.0,1.0,6.25,1.4,0.37,22.0,21.875,21.8125,22.125,1.1,0.0,15.0,0.0
11.29798,0x316,0.0,0.0,1.0,6.25,1.4,0.37,22.0,21.875,21.8125,22.125,1.1,0.0,15.0,0.0
11.30498,0x220,0.0,0.0,1.0,6.25,1.3,0.44,22.0,21.875,21.8125,22.125,1.1,0.0,15.0,0.0
11.3062,0x2B0,0.0,0.0,1.0,6.25,1.3,0.44,22.0,21.875,21.8125,22.125,1.1,0.0,15.0,0.0
11.30789,0x316,0.0,0.0,1.0,6.25,1.3,0.44,22.0,21.875,21.8125,22.125,1.1,0.0,17.0,0.0
11.31498,0x220,0.0,0.0,1.0,6.25,1.22,0.46,22.0,21.875,21.8125,22.125,1.1,0.0,17.0,0.0
11.31568,0x386,0.0,0.0,1.0,6.25,1.22,0.46,22.6875,22.375,21.96875,21.875,1.1,0.0,17.0,0.0
11.31634,0x2B0,0.0,0.0,1.0,6.25,1.22,0.46,22.6875,22.375,21.96875,21.875,1.1,0.0,17.0,0.0
11.31793,0x316,0.0,0.0,1.0,6.25,1.22,0.46,22.6875,22.375,21.96875,21.875,1.1,0.0,17.0,0.0
11.32499,0x220,0.0,0.0,1.0,6.25,1.12,0.45,22.6875,22.375,21.96875,21.875,1.1,0.0,17.0,0.0
11.32636,0x2B0,0.0,0.0,1.0,6.25,1.12,0.45,22.6875,22.375,21.96875,21.875,1.3,8.0,17.0,0.0
11.32795,0x316,0.0,0.0,1.0,6.25,1.12,0.45,22.6875,22.375,21.96875,21.875,1.3,8.0,17.0,0.0
11.335,0x220,0.0,0.0,1.0,6.25,1.09,0.48,22.6875,22.375,21.96875,21.875,1.3,8.0,17.0,0.0
11.33569,0x386,0.0,0.0,1.0,6.25,1.09,0.48,22.1875,22.4375,21.90625,21.96875,1.3,8.0,17.0,0.0
11.33635,0x2B0,0.0,0.0,1.0,6.25,1.09,0.48,22.1875,22.4375,21.90625,21.96875,1.3,8.0,17.0,0.0
11.33845,0x316,0.0,0.0,1.0,6.25,1.09,0.48,22.1875,22.4375,21.90625,21.96875,1.3,8.0,17.0,0.0
11.34499,0x220,0.0,0.0,1.0,6.25,1.22,0.57,22.1875,22.4375,21.90625,21.96875,1.3,8.0,17.0,0.0
11.34621,0x2B0,0.0,0.0,1.0,6.25,1.22,0.57,22.1875,22.4375,21.90625,21.96875,1.4,0.0,17.0,0.0
11.34863,0x316,0.0,0.0,1.0,6.25,1.22,0.57,22.1875,22.4375,21.90625,21.96875,1.4,0.0,17.0,0.0
11.35499,0x220,0.0,0.0,1.0,6.25,1.45,0.59,22.1875,22.4375,21.90625,21.96875,1.4,0.0,17.0,0.0
11.3557,0x386,0.0,0.0,1.0,6.25,1.45,0.59,22.0,22.15625,21.8125,21.9375,1.4,0.0,17.0,0.0
11.35636,0x2B0,0.0,0.0,1.0,6.25,1.45,0.59,22.0,22.15625,21.8125,21.9375,1.4,0.0,17.0,0.0
11.35792,0x316,0.0,0.0,1.0,6.25,1.45,0.59,22.0,22.15625,21.8125,21.9375,1.4,0.0,17.0,0.0
11.36501,0x220,0.0,0.0,1.0,6.25,1.72,0.42,22.0,22.15625,21.8125,21.9375,1.4,0.0,17.0,0.0
11.36621,0x2B0,0.0,0.0,1.0,6.25,1.72,0.42,22.0,22.15625,21.8125,21.9375,1.6,8.0,17.0,0.0
11.36802,0x316,0.0,0.0,1.0,6.25,1.72,0.42,22.0,22.15625,21.8125,21.9375,1.6,8.0,17.0,0.0
11.375,0x220,0.0,0.0,1.0,6.25,1.86,0.08,22.0,22.15625,21.8125,21.9375,1.6,8.0,17.0,0.0
11.37571,0x386,0.0,0.0,1.0,6.25,1.86,0.08,22.25,22.125,21.96875,21.84375,1.6,8.0,17.0,0.0
11.37637,0x2B0,0.0,0.0,1.0,6.25,1.86,0.08,22.25,22.125,21.96875,21.84375,1.6,8.0,17.0,0.0
11.37812,0x316,0.0,0.0,1.0,6.25,1.86,0.08,22.25,22.125,21.96875,21.84375,1.6,8.0,20.0,0.0
11.385,0x220,0.0,0.0,1.0,6.25,1.79,-0.12,22.25,22.125,21.96875,21.84375,1.6,8.0,20.0,0.0
11.38622,0x2B0,0.0,0.0,1.0,6.25,1.79,-0.12,22.25,22.125,21.96875,21.84375,1.8,8.0,20.0,0.0
11.3879,0x316,0.0,0.0,1.0,6.25,1.79,-0.12,22.25,22.125,21.96875,21.84375,1.8,8.0,22.0,0.0
11.39501,0x220,0.0,0.0,1.0,6.25,1.61,-0.14,22.25,22.125,21.96875,21.84375,1.8,8.0,22.0,0.0
11.39571,0x386,0.0,0.0,1.0,6.25,1.61,-0.14,22.09375,22.53125,21.8125,21.875,1.8,8.0,22.0,0.0
11.39636,0x2B0,0.0,0.0,1.0,6.25,1.61,-0.14,22.09375,22.53125,21.8125,21.875,1.8,8.0,22.0,0.0
11.39792,0x316,0.0,0.0,1.0,6.25,1.61,-0.14,22.09375,22.53125,21.8125,21.875,1.8,8.0,25.0,0.0
11.40501,0x220,0.0,0.0,1.0,6.25,1.48,0.0,22.09375,22.53125,21.8125,21.875,1.8,8.0,25.0,0.0
11.40626,0x2B0,0.0,0.0,1.0,6.25,1.48,0.0,22.09375,22.53125,21.8125,21.875,1.8,0.0,25.0,0.0
11.40793,0x316,0.0,0.0,1.0,6.25,1.48,0.0,22.09375,22.53125,21.8125,21.875,1.8,0.0,28.0,0.0
11.41501,0x220,0.0,0.0,1.0,6.25,1.51,0.09,22.09375,22.53125,21.8125,21.875,1.8,0.0,28.0,0.0
11.41571,0x386,0.0,0.0,1.0,6.25,1.51,0.09,22.3125,22.1875,21.625,21.78125,1.8,0.0,28.0,0.0
11.41637,0x2B0,0.0,0.0,1.0,6.25,1.51,0.09,22.3125,22.1875,21.625,21.78125,1.9,0.0,28.0,0.0
11.41796,0x316,0.0,0.0,1.0,6.25,1.51,0.09,22.3125,22.1875,21.625,21.78125,1.9,0.0,30.0,0.0
11.42502,0x220,0.0,0.0,1.0,6.25,1.67,0.06,22.3125,22.1875,21.625,21.78125,1.9,0.0,30.0,0.0
11.4264,0x2B0,0.0,0.0,1.0,6.25,1.67,0.06,22.3125,22.1875,21.625,21.78125,1.9,0.0,30.0,0.0
11.42789,0x316,0.0,0.0,1.0,6.25,1.67,0.06,22.3125,22.1875,21.625,21.78125,1.9,0.0,30.0,0.0
11.43503,0x220,0.0,0.0,1.0,6.25,1.93,-0.04,22.3125,22.1875,21.625,21.78125,1.9,0.0,30.0,0.0
11.43573,0x386,0.0,0.0,1.0,6.25,1.93,-0.04,22.25,22.34375,21.59375,21.75,1.9,0.0,30.0,0.0
11.43638,0x2B0,0.0,0.0,1.0,6.25,1.93,-0.04,22.25,22.34375,21.59375,21.75,1.9,0.0,30.0,0.0
11.43799,0x316,0.0,0.0,1.0,6.25,1.93,-0.04,22.25,22.34375,21.59375,21.75,1.9,0.0,33.0,0.0
11.44503,0x220,0.0,0.0,1.0,6.25,2.09,-0.2,22.25,22.34375,21.59375,21.75,1.9,0.0,33.0,0.0
11.44619,0x2B0,0.0,0.0,1.0,6.25,2.09,-0.2,22.25,22.34375,21.59375,21.75,1.9,0.0,33.0,0.0
11.44881,0x316,0.0,0.0,1.0,6.25,2.09,-0.2,22.25,22.34375,21.59375,21.75,1.9,0.0,33.0,0.0
11.45479,0x220,0.0,0.0,1.0,6.25,2.05,-0.23,22.25,22.34375,21.59375,21.75,1.9,0.0,33.0,0.0
11.45574,0x386,0.0,0.0,1.0,6.25,2.05,-0.23,22.34375,22.34375,21.40625,21.71875,1.9,0.0,33.0,0.0
11.4564,0x2B0,0.0,0.0,1.0,6.25,2.05,-0.23,22.34375,22.34375,21.40625,21.71875,1.9,0.0,33.0,0.0
11.45797,0x316,0.0,0.0,1.0,6.25,2.05,-0.23,22.34375,22.34375,21.40625,21.71875,1.9,0.0,33.0,0.0
11.46478,0x220,0.0,0.0,1.0,6.25,1.86,-0.12,22.34375,22.34375,21.40625,21.71875,1.9,0.0,33.0,0.0
11.46626,0x2B0,0.0,0.0,1.0,6.25,1.86,-0.12,22.34375,22.34375,21.40625,21.71875,1.9,0.0,33.0,0.0
11.46794,0x316,0.0,0.0,1.0,6.25,1.86,-0.12,22.34375,22.34375,21.40625,21.71875,1.9,0.0,33.0,0.0
11.47479,0x220,0.0,0.0,1.0,6.25,1.64,0.0,22.34375,22.34375,21.40625,21.71875,1.9,0.0,33.0,0.0
11.47573,0x386,0.0,0.0,1.0,6.25,1.64,0.0,22.46875,22.5,21.4375,21.875,1.9,0.0,33.0,0.0
11.47639,0x2B0,0.0,0.0,1.0,6.25,1.64,0.0,22.46875,22.5,21.4375,21.875,1.9,0.0,33.0,0.0
11.47806,0x316,0.0,0.0,1.0,6.25,1.64,0.0,22.46875,22.5,21.4375,21.875,1.9,0.0,33.0,0.0
11.48479,0x220,0.0,0.0,1.0,6.25,1.54,0.01,22.46875,22.5,21.4375,21.875,1.9,0.0,33.0,0.0
11.48623,0x2B0,0.0,0.0,1.0,6.25,1.54,0.01,22.46875,22.5,21.4375,21.875,1.8,0.0,33.0,0.0
11.48793,0x316,0.0,0.0,1.0,6.25,1.54,0.01,22.46875,22.5,21.4375,21.875,1.8,0.0,33.0,0.0
11.49479,0x220,0.0,0.0,1.0,6.25,1.58,-0.05,22.46875,22.5,21.4375,21.875,1.8,0.0,33.0,0.0
11.49573,0x386,0.0,0.0,1.0,6.25,1.58,-0.05,22.28125,22.59375,21.59375,21.875,1.8,0.0,33.0,0.0
11.49639,0x2B0,0.0,0.0,1.0,6.25,1.58,-0.05,22.28125,22.59375,21.59375,21.875,1.8,0.0,33.0,0.0
11.49799,0x316,0.0,0.0,1.0,6.25,1.58,-0.05,22.28125,22.59375,21.59375,21.875,1.8,0.0,30.0,0.0
11.50479,0x220,0.0,0.0,1.0,6.25,1.63,-0.16,22.28125,22.59375,21.59375,21.875,1.8,0.0,30.0,0.0
11.5062,0x2B0,0.0,0.0,1.0,6.25,1.63,-0.16,22.28125,22.59375,21.59375,21.875,1.8,0.0,30.0,0.0
11.50789,0x316,0.0,0.0,1.0,6.25,1.63,-0.16,22.28125,22.59375,21.59375,21.875,1.8,0.0,30.0,0.0
11.51478,0x220,0.0,0.0,1.0,6.25,1.64,-0.09,22.28125,22.59375,21.59375,21.875,1.8,0.0,30.0,0.0
11.51571,0x386,0.0,0.0,1.0,6.25,1.64,-0.09,22.375,22.53125,21.59375,21.625,1.8,0.0,30.0,0.0
11.51637,0x2B0,0.0,0.0,1.0,6.25,1.64,-0.09,22.375,22.53125,21.59375,21.625,1.6,8.0,30.0,0.0
11.51794,0x316,0.0,0.0,1.0,6.25,1.64,-0.09,22.375,22.53125,21.59375,21.625,1.6,8.0,28.0,0.0
11.52479,0x220,0.0,0.0,1.0,6.25,1.7,0.14,22.375,22.53125,21.59375,21.625,1.6,8.0,28.0,0.0
11.52644,0x2B0,0.0,0.0,1.0,6.25,1.7,0.14,22.375,22.53125,21.59375,21.625,1.6,8.0,28.0,0.0
11.5279,0x316,0.0,0.0,1.0,6.25,1.7,0.14,22.375,22.53125,21.59375,21.625,1.6,8.0,28.0,0.0
11.53478,0x220,0.0,0.0,1.0,6.25,1.8,0.31,22.375,22.53125,21.59375,21.625,1.6,8.0,28.0,0.0
11.53571,0x386,0.0,0.0,1.0,6.25,1.8,0.31,22.5,22.375,21.40625,21.6875,1.6,8.0,28.0,0.0
11.53636,0x2B0,0.0,0.0,1.0,6.25,1.8,0.31,22.5,22.375,21.40625,21.6875,1.4,8.0,28.0,0.0
11.53852,0x316,0.0,0.0,1.0,6.25,1.8,0.31,22.5,22.375,21.40625,21.6875,1.4,8.0,28.0,0.0
11.54479,0x220,0.0,0.0,1.0,6.25,1.93,0.23,22.5,22.375,21.40625,21.6875,1.4,8.0,28.0,0.0
11.54622,0x2B0,0.0,0.0,1.0,6.25,1.93,0.23,22.5,22.375,21.40625,21.6875,1.4,8.0,28.0,0.0
11.54862,0x316,0.0,0.0,1.0,6.25,1.93,0.23,22.5,22.375,21.40625,21.6875,1.4,8.0,28.0,0.0
11.55479,0x220,0.0,0.0,1.0,6.25,2.01,0.0,22.5,22.375,21.40625,21.6875,1.4,8.0,28.0,0.0
11.55572,0x386,0.0,0.0,1.0,6.25,2.01,0.0,22.53125,22.5,21.65625,21.875,1.4,8.0,28.0,0.0
11.55637,0x2B0,0.0,0.0,1.0,6.25,2.01,0.0,22.53125,22.5,21.65625,21.875,1.3,0.0,28.0,0.0
11.55794,0x316,0.0,0.0,1.0,6.25,2.01,0.0,22.53125,22.5,21.65625,21.875,1.3,0.0,28.0,0.0
11.56479,0x220,0.0,0.0,1.0,6.25,1.92,-0.2,22.53125,22.5,21.65625,21.875,1.3,0.0,28.0,0.0
11.56623,0x2B0,0.0,0.0,1.0,6.25,1.92,-0.2,22.53125,22.5,21.65625,21.875,1.3,0.0,28.0,0.0
11.56797,0x316,0.0,0.0,1.0,6.25,1.92,-0.2,22.53125,22.5,21.65625,21.875,1.3,0.0,25.0,0.0
11.57479,0x220,0.0,0.0,1.0,6.25,1.68,-0.26,22.53125,22.5,21.65625,21.875,1.3,0.0,25.0,0.0
11.57573,0x386,0.0,0.0,1.0,6.25,1.68,-0.26,22.4375,22.40625,22.125,22.125,1.3,0.0,25.0,0.0
11.57639,0x2B0,0.0,0.0,1.0,6.25,1.68,-0.26,22.4375,22.40625,22.125,22.125,1.1,8.0,25.0,0.0
11.57819,0x316,0.0,0.0,1.0,6.25,1.68,-0.26,22.4375,22.40625,22.125,22.125,1.1,8.0,25.0,0.0
11.58479,0x220,0.0,0.0,1.0,6.25,1.44,0.0,22.4375,22.40625,22.125,22.125,1.1,8.0,25.0,0.0
11.58624,0x2B0,0.0,0.0,1.0,6.25,1.44,0.0,22.4375,22.40625,22.125,22.125,1.1,8.0,25.0,0.0
11.5879,0x316,0.0,0.0,1.0,6.25,1.44,0.0,22.4375,22.40625,22.125,22.125,1.1,8.0,25.0,0.0
11.5948,0x220,0.0,0.0,1.0,6.25,1.45,0.41,22.4375,22.40625,22.125,22.125,1.1,8.0,25.0,0.0
11.59574,0x386,0.0,0.0,1.0,6.25,1.45,0.41,22.46875,22.34375,22.09375,22.0,1.1,8.0,25.0,0.0
11.59639,0x2B0,0.0,0.0,1.0,6.25,1.45,0.41,22.46875,22.34375,22.09375,22.0,0.9,8.0,25.0,0.0
11.59794,0x316,0.0,0.0,1.0,6.25,1.45,0.41,22.46875,22.34375,22.09375,22.0,0.9,8.0,25.0,0.0
11.60479,0x220,0.0,0.0,1.0,6.25,1.74,0.58,22.46875,22.34375,22.09375,22.0,0.9,8.0,25.0,0.0
11.60623,0x2B0,0.0,0.0,1.0,6.25,1.74,0.58,22.46875,22.34375,22.09375,22.0,0.9,8.0,25.0,0.0
11.60788,0x316,0.0,0.0,1.0,6.25,1.74,0.58,22.46875,22.34375,22.09375,22.0,0.9,8.0,25.0,0.0
11.61479,0x220,0.0,0.0,1.0,6.25,2.09,0.34,22.46875,22.34375,22.09375,22.0,0.9,8.0,25.0,0.0
11.61574,0x386,0.0,0.0,1.0,6.25,2.09,0.34,22.375,22.4375,22.25,22.0625,0.9,8.0,25.0,0.0
11.61639,0x2B0,0.0,0.0,1.0,6.25,2.09,0.34,22.375,22.4375,22.25,22.0625,0.7,8.0,25.0,0.0
11.61801,0x316,0.0,0.0,1.0,6.25,2.09,0.34,22.375,22.4375,22.25,22.0625,0.7,8.0,25.0,0.0
11.62479,0x220,0.0,0.0,1.0,6.25,2.3,-0.07,22.375,22.4375,22.25,22.0625,0.7,8.0,25.0,0.0
11.62624,0x2B0,0.0,0.0,1.0,6.25,2.3,-0.07,22.375,22.4375,22.25,22.0625,0.7,8.0,25.0,0.0
11.6279,0x316,0.0,0.0,1.0,6.25,2.3,-0.07,22.375,22.4375,22.25,22.0625,0.7,8.0,25.0,0.0
11.63479,0x220,0.0,0.0,1.0,6.25,2.22,-0.27,22.375,22.4375,22.25,22.0625,0.7,8.0,25.0,0.0
11.63573,0x386,0.0,0.0,1.0,6.25,2.22,-0.27,22.5625,22.3125,22.21875,22.1875,0.7,8.0,25.0,0.0
11.63639,0x2B0,0.0,0.0,1.0,6.25,2.22,-0.27,22.5625,22.3125,22.21875,22.1875,0.7,0.0,25.0,0.0
11.63802,0x316,0.0,0.0,1.0,6.25,2.22,-0.27,22.5625,22.3125,22.21875,22.1875,0.7,0.0,25.0,0.0
11.64479,0x220,0.0,0.0,1.0,6.25,1.88,-0.15,22.5625,22.3125,22.21875,22.1875,0.7,0.0,25.0,0.0
11.64625,0x2B0,0.0,0.0,1.0,6.25,1.88,-0.15,22.5625,22.3125,22.21875,22.1875,0.7,0.0,25.0,0.0
11.64871,0x316,0.0,0.0,1.0,6.25,1.88,-0.15,22.5625,22.3125,22.21875,22.1875,0.7,0.0,25.0,0.0
11.65479,0x220,0.0,0.0,1.0,6.25,1.41,0.01,22.5625,22.3125,22.21875,22.1875,0.7,0.0,25.0,0.0
11.65573,0x386,0.0,0.0,1.0,6.25,1.41,0.01,22.4375,22.5,22.09375,22.3125,0.7,0.0,25.0,0.0
11.65639,0x2B0,0.0,0.0,1.0,6.25,1.41,0.01,22.4375,22.5,22.09375,22.3125,0.7,0.0,25.0,0.0
11.65798,0x316,0.0,0.0,1.0,6.25,1.41,0.01,22.4375,22.5,22.09375,22.3125,0.7,0.0,25.0,0.0
11.66479,0x220,0.0,0.0,1.0,6.25,1.06,0.01,22.4375,22.5,22.09375,22.3125,0.7,0.0,25.0,0.0
11.66625,0x2B0,0.0,0.0,1.0,6.25,1.06,0.01,22.4375,22.5,22.09375,22.3125,0.7,0.0,25.0,0.0
11.668,0x316,0.0,0.0,1.0,6.25,1.06,0.01,22.4375,22.5,22.09375,22.3125,0.7,0.0,25.0,0.0
11.67479,0x220,0.0,0.0,1.0,6.25,0.97,-0.14,22.4375,22.5,22.09375,22.3125,0.7,0.0,25.0,0.0
11.67572,0x386,0.0,0.0,1.0,6.25,0.97,-0.14,22.5625,22.53125,21.96875,22.28125,0.7,0.0,25.0,0.0
11.67639,0x2B0,0.0,0.0,1.0,6.25,0.97,-0.14,22.5625,22.53125,21.96875,22.28125,0.7,0.0,25.0,0.0
11.67808,0x316,0.0,0.0,1.0,6.25,0.97,-0.14,22.5625,22.53125,21.96875,22.28125,0.7,0.0,25.0,0.0
11.68479,0x220,0.0,0.0,1.0,6.25,1.05,-0.17,22.5625,22.53125,21.96875,22.28125,0.7,0.0,25.0,0.0
11.68626,0x2B0,0.0,0.0,1.0,6.25,1.05,-0.17,22.5625,22.53125,21.96875,22.28125,0.9,8.0,25.0,0.0
11.68791,0x316,0.0,0.0,1.0,6.25,1.05,-0.17,22.5625,22.53125,21.96875,22.28125,0.9,8.0,28.0,0.0
11.69479,0x220,0.0,0.0,1.0,6.25,1.18,0.13,22.5625,22.53125,21.96875,22.28125,0.9,8.0,28.0,0.0
11.69573,0x386,0.0,0.0,1.0,6.25,1.18,0.13,22.625,22.5,22.03125,22.3125,0.9,8.0,28.0,0.0
11.6964,0x2B0,0.0,0.0,1.0,6.25,1.18,0.13,22.625,22.5,22.03125,22.3125,1.1,20.0,28.0,0.0
11.69799,0x316,0.0,0.0,1.0,6.25,1.18,0.13,22.625,22.5,22.03125,22.3125,1.1,20.0,28.0,0.0
11.70479,0x220,0.0,0.0,1.0,6.25,1.35,0.49,22.625,22.5,22.03125,22.3125,1.1,20.0,28.0,0.0
11.70626,0x2B0,0.0,0.0,1.0,6.25,1.35,0.49,22.625,22.5,22.03125,22.3125,1.1,8.0,28.0,0.0
11.70793,0x316,0.0,0.0,1.0,6.25,1.35,0.49,22.625,22.5,22.03125,22.3125,1.1,8.0,28.0,0.0
11.71479,0x220,0.0,0.0,1.0,6.25,1.46,0.55,22.625,22.5,22.03125,22.3125,1.1,8.0,28.0,0.0
11.71573,0x386,0.0,0.0,1.0,6.25,1.46,0.55,22.5625,22.65625,22.0,22.0625,1.1,8.0,28.0,0.0
11.71639,0x2B0,0.0,0.0,1.0,6.25,1.46,0.55,22.5625,22.65625,22.0,22.0625,1.4,12.0,28.0,0.0
11.71793,0x316,0.0,0.0,1.0,6.25,1.46,0.55,22.5625,22.65625,22.0,22.0625,1.4,12.0,28.0,0.0
11.7248,0x220,0.0,0.0,1.0,6.25,1.34,0.45,22.5625,22.65625,22.0,22.0625,1.4,12.0,28.0,0.0
11.72627,0x2B0,0.0,0.0,1.0,6.25,1.34,0.45,22.5625,22.65625,22.0,22.0625,1.5,20.0,28.0,0.0
11.72791,0x316,0.0,0.0,1.0,6.25,1.34,0.45,22.5625,22.65625,22.0,22.0625,1.5,20.0,28.0,0.0
11.73479,0x220,0.0,0.0,1.0,6.25,1.14,0.29,22.5625,22.65625,22.0,22.0625,1.5,20.0,28.0,0.0
11.73573,0x386,0.0,0.0,1.0,6.25,1.14,0.29,22.625,22.59375,21.75,22.1875,1.5,20.0,28.0,0.0
11.73639,0x2B0,0.0,0.0,1.0,6.25,1.14,0.29,22.625,22.59375,21.75,22.1875,1.7,12.0,28.0,0.0
11.73809,0x316,0.0,0.0,1.0,6.25,1.14,0.29,22.625,22.59375,21.75,22.1875,1.7,12.0,28.0,0.0
11.74479,0x220,0.0,0.0,1.0,6.25,1.0,0.24,22.625,22.59375,21.75,22.1875,1.7,12.0,28.0,0.0
11.74627,0x2B0,0.0,0.0,1.0,6.25,1.0,0.24,22.625,22.59375,21.75,22.1875,1.7,8.0,28.0,0.0
11.74872,0x316,0.0,0.0,1.0,6.25,1.0,0.24,22.625,22.59375,21.75,22.1875,1.7,8.0,28.0,0.0
11.75479,0x220,0.0,0.0,1.0,6.25,0.99,0.3,22.625,22.59375,21.75,22.1875,1.7,8.0,28.0,0.0
11.75573,0x386,0.0,0.0,1.0,6.25,0.99,0.3,22.59375,22.6875,21.78125,22.4375,1.7,8.0,28.0,0.0
11.7564,0x2B0,0.0,0.0,1.0,6.25,0.99,0.3,22.59375,22.6875,21.78125,22.4375,1.8,0.0,28.0,0.0
11.75792,0x316,0.0,0.0,1.0,6.25,0.99,0.3,22.59375,22.6875,21.78125,22.4375,1.8,0.0,28.0,0.0
11.7648,0x220,0.0,0.0,1.0,6.25,1.11,0.31,22.59375,22.6875,21.78125,22.4375,1.8,0.0,28.0,0.0
11.76629,0x2B0,0.0,0.0,1.0,6.25,1.11,0.31,22.59375,22.6875,21.78125,22.4375,1.8,0.0,28.0,0.0
11.76797,0x316,0.0,0.0,1.0,6.25,1.11,0.31,22.59375,22.6875,21.78125,22.4375,1.8,0.0,25.0,0.0
11.7748,0x220,0.0,0.0,1.0,6.25,1.31,0.27,22.59375,22.6875,21.78125,22.4375,1.8,0.0,25.0,0.0
11.77573,0x386,0.0,0.0,1.0,6.25,1.31,0.27,22.59375,22.78125,22.0,22.28125,1.8,0.0,25.0,0.0
11.7764,0x2B0,0.0,0.0,1.0,6.25,1.31,0.27,22.59375,22.78125,22.0,22.28125,1.8,0.0,25.0,0.0
11.77815,0x316,0.0,0.0,1.0,6.25,1.31,0.27,22.59375,22.78125,22.0,22.28125,1.8,0.0,25.0,0.0
11.7848,0x220,0.0,0.0,1.0,6.25,1.47,0.33,22.59375,22.78125,22.0,22.28125,1.8,0.0,25.0,0.0
11.78629,0x2B0,0.0,0.0,1.0,6.25,1.47,0.33,22.59375,22.78125,22.0,22.28125,1.8,0.0,25.0,0.0
11.78792,0x316,0.0,0.0,1.0,6.25,1.47,0.33,22.59375,22.78125,22.0,22.28125,1.8,0.0,22.0,0.0
11.79481,0x220,0.0,0.0,1.0,6.25,1.6,0.42,22.59375,22.78125,22.0,22.28125,1.8,0.0,22.0,0.0
11.79574,0x386,0.0,0.0,1.0,6.25,1.6,0.42,22.6875,22.71875,22.3125,22.3125,1.8,0.0,22.0,0.0
11.79641,0x2B0,0.0,0.0,1.0,6.25,1.6,0.42,22.6875,22.71875,22.3125,22.3125,1.8,0.0,22.0,0.0
11.79793,0x316,0.0,0.0,1.0,6.25,1.6,0.42,22.6875,22.71875,22.3125,22.3125,1.8,0.0,22.0,0.0
11.80479,0x220,0.0,0.0,1.0,6.25,1.71,0.42,22.6875,22.71875,22.3125,22.3125,1.8,0.0,22.0,0.0
11.80629,0x2B0,0.0,0.0,1.0,6.25,1.71,0.42,22.6875,22.71875,22.3125,22.3125,1.8,0.0,22.0,0.0
11.80788,0x316,0.0,0.0,1.0,6.25,1.71,0.42,22.6875,22.71875,22.3125,22.3125,1.8,0.0,20.0,0.0
11.81479,0x220,0.0,0.0,1.0,6.25,1.79,0.29,22.6875,22.71875,22.3125,22.3125,1.8,0.0,20.0,0.0
11.81573,0x386,0.0,0.0,1.0,6.25,1.79,0.29,22.5625,22.8125,21.90625,22.375,1.8,0.0,20.0,0.0
11.81639,0x2B0,0.0,0.0,1.0,6.25,1.79,0.29,22.5625,22.8125,21.90625,22.375,1.8,0.0,20.0,0.0
11.81793,0x316,0.0,0.0,1.0,6.25,1.79,0.29,22.5625,22.8125,21.90625,22.375,1.8,0.0,17.0,0.0
11.8248,0x220,0.0,0.0,1.0,6.25,1.79,0.11,22.5625,22.8125,21.90625,22.375,1.8,0.0,17.0,0.0
11.82631,0x2B0,0.0,0.0,1.0,6.25,1.79,0.11,22.5625,22.8125,21.90625,22.375,1.6,8.0,17.0,0.0
11.8279,0x316,0.0,0.0,1.0,6.25,1.79,0.11,22.5625,22.8125,21.90625,22.375,1.6,8.0,17.0,0.0
11.83479,0x220,0.0,0.0,1.0,6.25,1.69,-0.01,22.5625,22.8125,21.90625,22.375,1.6,8.0,17.0,0.0
11.83573,0x386,0.0,0.0,1.0,6.25,1.69,-0.01,22.71875,22.65625,22.03125,22.21875,1.6,8.0,17.0,0.0
11.83639,0x2B0,0.0,0.0,1.0,6.25,1.69,-0.01,22.71875,22.65625,22.03125,22.21875,1.6,8.0,17.0,0.0
11.838,0x316,0.0,0.0,1.0,6.25,1.69,-0.01,22.71875,22.65625,22.03125,22.21875,1.6,8.0,17.0,0.0
11.8448,0x220,0.0,0.0,1.0,6.25,1.57,0.0,22.71875,22.65625,22.03125,22.21875,1.6,8.0,17.0,0.0
11.84631,0x2B0,0.0,0.0,1.0,6.25,1.57,0.0,22.71875,22.65625,22.03125,22.21875,1.6,0.0,17.0,0.0
11.84871,0x316,0.0,0.0,1.0,6.25,1.57,0.0,22.71875,22.65625,22.03125,22.21875,1.6,0.0,17.0,0.0
11.85479,0x220,0.0,0.0,1.0,6.25,1.5,0.13,22.71875,22.65625,22.03125,22.21875,1.6,0.0,17.0,0.0
11.85573,0x386,0.0,0.0,1.0,6.25,1.5,0.13,22.5625,22.75,22.25,22.28125,1.6,0.0,17.0,0.0
11.85639,0x2B0,0.0,0.0,1.0,6.25,1.5,0.13,22.5625,22.75,22.25,22.28125,1.6,0.0,17.0,0.0
11.85794,0x316,0.0,0.0,1.0,6.25,1.5,0.13,22.5625,22.75,22.25,22.28125,1.6,0.0,17.0,0.0
11.86479,0x220,0.0,0.0,1.0,6.25,1.53,0.21,22.5625,22.75,22.25,22.28125,1.6,0.0,17.0,0.0
11.86632,0x2B0,0.0,0.0,1.0,6.25,1.53,0.21,22.5625,22.75,22.25,22.28125,1.6,0.0,17.0,0.0
11.86803,0x316,0.0,0.0,1.0,6.25,1.53,0.21,22.5625,22.75,22.25,22.28125,1.6,0.0,17.0,0.0
11.8748,0x220,0.0,0.0,1.0,6.25,1.65,0.18,22.5625,22.75,22.25,22.28125,1.6,0.0,17.0,0.0
11.87573,0x386,0.0,0.0,1.0,6.25,1.65,0.18,22.75,22.71875,22.34375,22.40625,1.6,0.0,17.0,0.0
11.87638,0x2B0,0.0,0.0,1.0,6.25,1.65,0.18,22.75,22.71875,22.34375,22.40625,1.6,0.0,17.0,0.0
11.87806,0x316,0.0,0.0,1.0,6.25,1.65,0.18,22.75,22.71875,22.34375,22.40625,1.6,0.0,20.0,0.0
11.8848,0x220,0.0,0.0,1.0,6.25,1.84,0.1,22.75,22.71875,22.34375,22.40625,1.6,0.0,20.0,0.0
11.88633,0x2B0,0.0,0.0,1.0,6.25,1.84,0.1,22.75,22.71875,22.34375,22.40625,1.6,0.0,20.0,0.0
11.88793,0x316,0.0,0.0,1.0,6.25,1.84,0.1,22.75,22.71875,22.34375,22.40625,1.6,0.0,20.0,0.0
11.8948,0x220,0.0,0.0,1.0,6.25,2.04,0.05,22.75,22.71875,22.34375,22.40625,1.6,0.0,20.0,0.0
11.89574,0x386,0.0,0.0,1.0,6.25,2.04,0.05,22.6875,22.65625,22.34375,22.375,1.6,0.0,20.0,0.0
11.8964,0x2B0,0.0,0.0,1.0,6.25,2.04,0.05,22.6875,22.65625,22.34375,22.375,1.7,0.0,20.0,0.0
11.89793,0x316,0.0,0.0,1.0,6.25,2.04,0.05,22.6875,22.65625,22.34375,22.375,1.7,0.0,20.0,0.0
11.9048,0x220,0.0,0.0,1.0,6.25,2.23,-0.02,22.6875,22.65625,22.34375,22.375,1.7,0.0,20.0,0.0
11.90633,0x2B0,0.0,0.0,1.0,6.25,2.23,-0.02,22.6875,22.65625,22.34375,22.375,1.7,0.0,20.0,0.0
11.90795,0x316,0.0,0.0,1.0,6.25,2.23,-0.02,22.6875,22.65625,22.34375,22.375,1.7,0.0,20.0,0.0
11.9148,0x220,0.0,0.0,1.0,6.25,2.3,-0.15,22.6875,22.65625,22.34375,22.375,1.7,0.0,20.0,0.0
11.91574,0x386,0.0,0.0,1.0,6.25,2.3,-0.15,22.78125,22.84375,22.375,22.28125,1.7,0.0,20.0,0.0
11.9164,0x2B0,0.0,0.0,1.0,6.25,2.3,-0.15,22.78125,22.84375,22.375,22.28125,1.7,0.0,20.0,0.0
11.91795,0x316,0.0,0.0,1.0,6.25,2.3,-0.15,22.78125,22.84375,22.375,22.28125,1.7,0.0,20.0,0.0
11.9248,0x220,0.0,0.0,1.0,6.25,2.21,-0.21,22.78125,22.84375,22.375,22.28125,1.7,0.0,20.0,0.0
11.92634,0x2B0,0.0,0.0,1.0,6.25,2.21,-0.21,22.78125,22.84375,22.375,22.28125,1.7,0.0,20.0,0.0
11.92792,0x316,0.0,0.0,1.0,6.25,2.21,-0.21,22.78125,22.84375,22.375,22.28125,1.7,0.0,20.0,0.0
11.9348,0x220,0.0,0.0,1.0,6.25,2.01,-0.15,22.78125,22.84375,22.375,22.28125,1.7,0.0,20.0,0.0
11.93575,0x386,0.0,0.0,1.0,6.25,2.01,-0.15,22.875,22.78125,22.3125,22.40625,1.7,0.0,20.0,0.0
11.93642,0x2B0,0.0,0.0,1.0,6.25,2.01,-0.15,22.875,22.78125,22.3125,22.40625,1.7,0.0,20.0,0.0
11.93797,0x316,0.0,0.0,1.0,6.25,2.01,-0.15,22.875,22.78125,22.3125,22.40625,1.7,0.0,20.0,0.0
11.9448,0x220,0.0,0.0,1.0,6.25,1.88,-0.05,22.875,22.78125,22.3125,22.40625,1.7,0.0,20.0,0.0
11.94635,0x2B0,0.0,0.0,1.0,6.25,1.88,-0.05,22.875,22.78125,22.3125,22.40625,1.8,0.0,20.0,0.0
11.94883,0x316,0.0,0.0,1.0,6.25,1.88,-0.05,22.875,22.78125,22.3125,22.40625,1.8,0.0,20.0,0.0
11.9548,0x220,0.0,0.0,1.0,6.25,1.91,-0.09,22.875,22.78125,22.3125,22.40625,1.8,0.0,20.0,0.0
11.95574,0x386,0.0,0.0,1.0,6.25,1.91,-0.09,22.78125,22.8125,22.3125,22.40625,1.8,0.0,20.0,0.0
11.9564,0x2B0,0.0,0.0,1.0,6.25,1.91,-0.09,22.78125,22.8125,22.3125,22.40625,2.0,12.0,20.0,0.0
11.95795,0x316,0.0,0.0,1.0,6.25,1.91,-0.09,22.78125,22.8125,22.3125,22.40625,2.0,12.0,20.0,0.0
11.9648,0x220,0.0,0.0,1.0,6.25,1.93,-0.25,22.78125,22.8125,22.3125,22.40625,2.0,12.0,20.0,0.0
11.96635,0x2B0,0.0,0.0,1.0,6.25,1.93,-0.25,22.78125,22.8125,22.3125,22.40625,2.0,8.0,20.0,0.0
11.96803,0x316,0.0,0.0,1.0,6.25,1.93,-0.25,22.78125,22.8125,22.3125,22.40625,2.0,8.0,20.0,0.0
11.97479,0x220,0.0,0.0,1.0,6.25,1.86,-0.31,22.78125,22.8125,22.3125,22.40625,2.0,8.0,20.0,0.0
11.97574,0x386,0.0,0.0,1.0,6.25,1.86,-0.31,22.8125,22.875,22.21875,22.5,2.0,8.0,20.0,0.0
11.9764,0x2B0,0.0,0.0,1.0,6.25,1.86,-0.31,22.8125,22.875,22.21875,22.5,2.1,0.0,20.0,0.0
11.97806,0x316,0.0,0.0,1.0,6.25,1.86,-0.31,22.8125,22.875,22.21875,22.5,2.1,0.0,20.0,0.0
11.98479,0x220,0.0,0.0,1.0,6.25,1.74,-0.09,22.8125,22.875,22.21875,22.5,2.1,0.0,20.0,0.0
11.98636,0x2B0,0.0,0.0,1.0,6.25,1.74,-0.09,22.8125,22.875,22.21875,22.5,2.1,0.0,20.0,0.0
11.988,0x316,0.0,0.0,1.0,6.25,1.74,-0.09,22.8125,22.875,22.21875,22.5,2.1,0.0,20.0,0.0
11.9948,0x220,0.0,0.0,1.0,6.25,1.68,0.15,22.8125,22.875,22.21875,22.5,2.1,0.0,20.0,0.0
11.99573,0x386,0.0,0.0,1.0,6.25,1.68,0.15,22.75,22.8125,22.28125,22.5625,2.1,0.0,20.0,0.0
11.99639,0x2B0,0.0,0.0,1.0,6.25,1.68,0.15,22.75,22.8125,22.28125,22.5625,2.4,12.0,20.0,0.0
11.99797,0x316,0.0,0.0,1.0,6.25,1.68,0.15,22.75,22.8125,22.28125,22.5625,2.4,12.0,22.0,0.0
12.0048,0x220,0.0,0.0,1.0,6.25,1.7,0.16,22.75,22.8125,22.28125,22.5625,2.4,12.0,22.0,0.0
12.00637,0x2B0,0.0,0.0,1.0,6.25,1.7,0.16,22.75,22.8125,22.28125,22.5625,2.4,12.0,22.0,0.0
12.00788,0x316,0.0,0.0,1.0,6.25,1.7,0.16,22.75,22.8125,22.28125,22.5625,2.4,12.0,22.0,0.0
12.0148,0x220,0.0,0.0,1.0,6.25,1.75,0.0,22.75,22.8125,22.28125,22.5625,2.4,12.0,22.0,0.0
12.01574,0x386,0.0,0.0,1.0,6.25,1.75,0.0,22.75,22.875,22.25,22.5,2.4,12.0,22.0,0.0
12.01641,0x2B0,0.0,0.0,1.0,6.25,1.75,0.0,22.75,22.875,22.25,22.5,2.4,0.0,22.0,0.0
12.01793,0x316,0.0,0.0,1.0,6.25,1.75,0.0,22.75,22.875,22.25,22.5,2.4,0.0,22.0,0.0
12.0248,0x220,0.0,0.0,1.0,6.25,1.74,-0.17,22.75,22.875,22.25,22.5,2.4,0.0,22.0,0.0
12.02613,0x2B0,0.0,0.0,1.0,6.25,1.74,-0.17,22.75,22.875,22.25,22.5,2.4,0.0,22.0,0.0
12.02792,0x316,0.0,0.0,1.0,6.25,1.74,-0.17,22.75,22.875,22.25,22.5,2.4,0.0,22.0,0.0
12.03479,0x220,0.0,0.0,1.0,6.25,1.7,-0.14,22.75,22.875,22.25,22.5,2.4,0.0,22.0,0.0
12.03573,0x386,0.0,0.0,1.0,6.25,1.7,-0.14,22.8125,22.78125,22.34375,22.40625,2.4,0.0,22.0,0.0
12.03615,0x2B0,0.0,0.0,1.0,6.25,1.7,-0.14,22.8125,22.78125,22.34375,22.40625,2.4,0.0,22.0,0.0
12.03807,0x316,0.0,0.0,1.0,6.25,1.7,-0.14,22.8125,22.78125,22.34375,22.40625,2.4,0.0,22.0,0.0
12.04481,0x220,0.0,0.0,1.0,6.25,1.61,0.03,22.8125,22.78125,22.34375,22.40625,2.4,0.0,22.0,0.0
12.04638,0x2B0,0.0,0.0,1.0,6.25,1.61,0.03,22.8125,22.78125,22.34375,22.40625,2.4,0.0,22.0,0.0
12.04873,0x316,0.0,0.0,1.0,6.25,1.61,0.03,22.8125,22.78125,22.34375,22.40625,2.4,0.0,25.0,0.0
12.0548,0x220,0.0,0.0,1.0,6.25,1.51,0.13,22.8125,22.78125,22.34375,22.40625,2.4,0.0,25.0,0.0
12.05574,0x386,0.0,0.0,1.0,6.25,1.51,0.13,22.8125,22.9375,22.3125,22.5625,2.4,0.0,25.0,0.0
12.05615,0x2B0,0.0,0.0,1.0,6.25,1.51,0.13,22.8125,22.9375,22.3125,22.5625,2.5,0.0,25.0,0.0
12.05792,0x316,0.0,0.0,1.0,6.25,1.51,0.13,22.8125,22.9375,22.3125,22.5625,2.5,0.0,25.0,0.0
12.06481,0x220,0.0,0.0,1.0,6.25,1.44,0.02,22.8125,22.9375,22.3125,22.5625,2.5,0.0,25.0,0.0
12.06639,0x2B0,0.0,0.0,1.0,6.25,1.44,0.02,22.8125,22.9375,22.3125,22.5625,2.5,0.0,25.0,0.0
12.06799,0x316,0.0,0.0,1.0,6.25,1.44,0.02,22.8125,22.9375,22.3125,22.5625,2.5,0.0,25.0,0.0
12.07481,0x220,0.0,0.0,1.0,6.25,1.38,-0.07,22.8125,22.9375,22.3125,22.5625,2.5,0.0,25.0,0.0
12.07575,0x386,0.0,0.0,1.0,6.25,1.38,-0.07,23.0,22.96875,22.4375,22.53125,2.5,0.0,25.0,0.0
12.07617,0x2B0,0.0,0.0,1.0,6.25,1.38,-0.07,23.0,22.96875,22.4375,22.53125,2.6,0.0,25.0,0.0
12.07818,0x316,0.0,0.0,1.0,6.25,1.38,-0.07,23.0,22.96875,22.4375,22.53125,2.6,0.0,28.0,0.0
12.08481,0x220,0.0,0.0,1.0,6.25,1.39,0.0,23.0,22.96875,22.4375,22.53125,2.6,0.0,28.0,0.0
12.0864,0x2B0,0.0,0.0,1.0,6.25,1.39,0.0,23.0,22.96875,22.4375,22.53125,2.6,0.0,28.0,0.0
12.08791,0x316,0.0,0.0,1.0,6.25,1.39,0.0,23.0,22.96875,22.4375,22.53125,2.6,0.0,28.0,0.0
12.09481,0x220,0.0,0.0,1.0,6.25,1.43,0.11,23.0,22.96875,22.4375,22.53125,2.6,0.0,28.0,0.0
12.09575,0x386,0.0,0.0,1.0,6.25,1.43,0.11,22.96875,23.125,22.5,22.5625,2.6,0.0,28.0,0.0
12.09616,0x2B0,0.0,0.0,1.0,6.25,1.43,0.11,22.96875,23.125,22.5,22.5625,2.8,8.0,28.0,0.0
12.09794,0x316,0.0,0.0,1.0,6.25,1.43,0.11,22.96875,23.125,22.5,22.5625,2.8,8.0,30.0,0.0
12.1048,0x220,0.0,0.0,1.0,6.25,1.43,0.14,22.96875,23.125,22.5,22.5625,2.8,8.0,30.0,0.0
12.10609,0x2B0,0.0,0.0,1.0,6.25,1.43,0.14,22.96875,23.125,22.5,22.5625,2.8,8.0,30.0,0.0
12.10795,0x316,0.0,0.0,1.0,6.25,1.43,0.14,22.96875,23.125,22.5,22.5625,2.8,8.0,30.0,0.0
12.1148,0x220,0.0,0.0,1.0,6.25,1.33,0.04,22.96875,23.125,22.5,22.5625,2.8,8.0,30.0,0.0
12.11573,0x386,0.0,0.0,1.0,6.25,1.33,0.04,23.09375,23.09375,22.53125,22.78125,2.8,8.0,30.0,0.0
12.11615,0x2B0,0.0,0.0,1.0,6.25,1.33,0.04,23.09375,23.09375,22.53125,22.78125,2.9,0.0,30.0,0.0
12.11798,0x316,0.0,0.0,1.0,6.25,1.33,0.04,23.09375,23.09375,22.53125,22.78125,2.9,0.0,30.0,0.0
12.12481,0x220,0.0,0.0,1.0,6.25,1.12,0.06,23.09375,23.09375,22.53125,22.78125,2.9,0.0,30.0,0.0
12.12609,0x2B0,0.0,0.0,1.0,6.25,1.12,0.06,23.09375,23.09375,22.53125,22.78125,2.9,0.0,30.0,0.0
12.1279,0x316,0.0,0.0,1.0,6.25,1.12,0.06,23.09375,23.09375,22.53125,22.78125,2.9,0.0,30.0,0.0
12.13479,0x220,0.0,0.0,1.0,6.25,0.98,0.37,23.09375,23.09375,22.53125,22.78125,2.9,0.0,30.0,0.0
12.13573,0x386,0.0,0.0,1.0,6.25,0.98,0.37,23.1875,23.15625,22.59375,22.65625,2.9,0.0,30.0,0.0
12.13615,0x2B0,0.0,0.0,1.0,6.25,0.98,0.37,23.1875,23.15625,22.59375,22.65625,3.1,8.0,30.0,0.0
12.138,0x316,0.0,0.0,1.0,6.25,0.98,0.37,23.1875,23.15625,22.59375,22.65625,3.1,8.0,30.0,0.0
12.1448,0x220,0.0,0.0,1.0,6.25,1.03,0.6,23.1875,23.15625,22.59375,22.65625,3.1,8.0,30.0,0.0
12.14611,0x2B0,0.0,0.0,1.0,6.25,1.03,0.6,23.1875,23.15625,22.59375,22.65625,3.1,8.0,30.0,0.0
12.14872,0x316,0.0,0.0,1.0,6.25,1.03,0.6,23.1875,23.15625,22.59375,22.65625,3.1,8.0,30.0,0.0
12.1548,0x220,0.0,0.0,1.0,6.25,1.17,0.51,23.1875,23.15625,22.59375,22.65625,3.1,8.0,30.0,0.0
12.15574,0x386,0.0,0.0,1.0,6.25,1.17,0.51,23.1875,23.15625,22.4375,22.65625,3.1,8.0,30.0,0.0
12.15616,0x2B0,0.0,0.0,1.0,6.25,1.17,0.51,23.1875,23.15625,22.4375,22.65625,3.1,0.0,30.0,0.0
12.15796,0x316,0.0,0.0,1.0,6.25,1.17,0.51,23.1875,23.15625,22.4375,22.65625,3.1,0.0,30.0,0.0
12.16481,0x220,0.0,0.0,1.0,6.25,1.22,0.23,23.1875,23.15625,22.4375,22.65625,3.1,0.0,30.0,0.0
12.16609,0x2B0,0.0,0.0,1.0,6.25,1.22,0.23,23.1875,23.15625,22.4375,22.65625,3.1,0.0,30.0,0.0
12.16797,0x316,0.0,0.0,1.0,6.25,1.22,0.23,23.1875,23.15625,22.4375,22.65625,3.1,0.0,25.0,0.0
12.1748,0x220,0.0,0.0,1.0,6.25,1.18,0.15,23.1875,23.15625,22.4375,22.65625,3.1,0.0,25.0,0.0
12.17573,0x386,0.0,0.0,1.0,6.25,1.18,0.15,23.21875,23.0625,22.5625,22.71875,3.1,0.0,25.0,0.0
12.17615,0x2B0,0.0,0.0,1.0,6.25,1.18,0.15,23.21875,23.0625,22.5625,22.71875,3.2,0.0,25.0,0.0
12.17807,0x316,0.0,0.0,1.0,6.25,1.18,0.15,23.21875,23.0625,22.5625,22.71875,3.2,0.0,25.0,0.0
12.1848,0x220,0.0,0.0,1.0,6.25,1.1,0.36,23.21875,23.0625,22.5625,22.71875,3.2,0.0,25.0,0.0
12.18617,0x2B0,0.0,0.0,1.0,6.25,1.1,0.36,23.21875,23.0625,22.5625,22.71875,3.2,0.0,25.0,0.0
12.18791,0x316,0.0,0.0,1.0,6.25,1.1,0.36,23.21875,23.0625,22.5625,22.71875,3.2,0.0,25.0,0.0
12.19481,0x220,0.0,0.0,1.0,6.25,1.06,0.61,23.21875,23.0625,22.5625,22.71875,3.2,0.0,25.0,0.0
12.19575,0x386,0.0,0.0,1.0,6.25,1.06,0.61,23.1875,23.21875,22.84375,22.75,3.2,0.0,25.0,0.0
12.19617,0x2B0,0.0,0.0,1.0,6.25,1.06,0.61,23.1875,23.21875,22.84375,22.75,3.2,0.0,25.0,0.0
12.19798,0x316,0.0,0.0,1.0,6.25,1.06,0.61,23.1875,23.21875,22.84375,22.75,3.2,0.0,25.0,0.0
12.20481,0x220,0.0,0.0,1.0,6.25,1.16,0.62,23.1875,23.21875,22.84375,22.75,3.2,0.0,25.0,0.0
12.2061,0x2B0,0.0,0.0,1.0,6.25,1.16,0.62,23.1875,23.21875,22.84375,22.75,3.2,0.0,25.0,0.0
12.20788,0x316,0.0,0.0,1.0,6.25,1.16,0.62,23.1875,23.21875,22.84375,22.75,3.2,0.0,25.0,0.0
12.21481,0x220,0.0,0.0,1.0,6.25,1.3,0.45,23.1875,23.21875,22.84375,22.75,3.2,0.0,25.0,0.0
12.21575,0x386,0.0,0.0,1.0,6.25,1.3,0.45,23.21875,23.15625,22.75,22.9375,3.2,0.0,25.0,0.0
12.21665,0x2B0,0.0,0.0,1.0,6.25,1.3,0.45,23.21875,23.15625,22.75,22.9375,3.2,0.0,25.0,0.0
12.21796,0x316,0.0,0.0,1.0,6.25,1.3,0.45,23.21875,23.15625,22.75,22.9375,3.2,0.0,25.0,0.0
12.2248,0x220,0.0,0.0,1.0,6.25,1.36,0.31,23.21875,23.15625,22.75,22.9375,3.2,0.0,25.0,0.0
12.2261,0x2B0,0.0,0.0,1.0,6.25,1.36,0.31,23.21875,23.15625,22.75,22.9375,3.2,0.0,25.0,0.0
12.22789,0x316,0.0,0.0,1.0,6.25,1.36,0.31,23.21875,23.15625,22.75,22.9375,3.2,0.0,25.0,0.0
12.23481,0x220,0.0,0.0,1.0,6.25,1.39,0.37,23.21875,23.15625,22.75,22.9375,3.2,0.0,25.0,0.0
12.23575,0x386,0.0,0.0,1.0,6.25,1.39,0.37,23.3125,23.25,22.6875,23.03125,3.2,0.0,25.0,0.0
12.23617,0x2B0,0.0,0.0,1.0,6.25,1.39,0.37,23.3125,23.25,22.6875,23.03125,3.2,0.0,25.0,0.0
12.23809,0x316,0.0,0.0,1.0,6.25,1.39,0.37,23.3125,23.25,22.6875,23.03125,3.2,0.0,25.0,0.0
12.24482,0x220,0.0,0.0,1.0,6.25,1.45,0.5,23.3125,23.25,22.6875,23.03125,3.2,0.0,25.0,0.0
12.2461,0x2B0,0.0,0.0,1.0,6.25,1.45,0.5,23.3125,23.25,22.6875,23.03125,3.2,0.0,25.0,0.0
12.24871,0x316,0.0,0.0,1.0,6.25,1.45,0.5,23.3125,23.25,22.6875,23.03125,3.2,0.0,25.0,0.0
12.25481,0x220,0.0,0.0,1.0,6.25,1.52,0.45,23.3125,23.25,22.6875,23.03125,3.2,0.0,25.0,0.0
12.25574,0x386,0.0,0.0,1.0,6.25,1.52,0.45,23.1875,23.3125,22.65625,22.875,3.2,0.0,25.0,0.0
12.25616,0x2B0,0.0,0.0,1.0,6.25,1.52,0.45,23.1875,23.3125,22.65625,22.875,3.2,0.0,25.0,0.0
12.25794,0x316,0.0,0.0,1.0,6.25,1.52,0.45,23.1875,23.3125,22.65625,22.875,3.2,0.0,25.0,0.0
12.26481,0x220,0.0,0.0,1.0,6.25,1.58,0.27,23.1875,23.3125,22.65625,22.875,3.2,0.0,25.0,0.0
12.26609,0x2B0,0.0,0.0,1.0,6.25,1.58,0.27,23.1875,23.3125,22.65625,22.875,3.2,0.0,25.0,0.0
12.26793,0x316,0.0,0.0,1.0,6.25,1.58,0.27,23.1875,23.3125,22.65625,22.875,3.2,0.0,25.0,0.0
12.27481,0x220,0.0,0.0,1.0,6.25,1.65,0.17,23.1875,23.3125,22.65625,22.875,3.2,0.0,25.0,0.0
12.27574,0x386,0.0,0.0,1.0,6.25,1.65,0.17,23.34375,23.28125,22.65625,22.8125,3.2,0.0,25.0,0.0
12.27616,0x2B0,0.0,0.0,1.0,6.25,1.65,0.17,23.34375,23.28125,22.65625,22.8125,3.2,0.0,25.0,0.0
12.27818,0x316,0.0,0.0,1.0,6.25,1.65,0.17,23.34375,23.28125,22.65625,22.8125,3.2,0.0,25.0,0.0
12.2848,0x220,0.0,0.0,1.0,6.25,1.64,0.18,23.34375,23.28125,22.65625,22.8125,3.2,0.0,25.0,0.0
12.28609,0x2B0,0.0,0.0,1.0,6.25,1.64,0.18,23.34375,23.28125,22.65625,22.8125,3.2,0.0,25.0,0.0
12.2879,0x316,0.0,0.0,1.0,6.25,1.64,0.18,23.34375,23.28125,22.65625,22.8125,3.2,0.0,25.0,0.0
12.29481,0x220,0.0,0.0,1.0,6.25,1.58,0.25,23.34375,23.28125,22.65625,22.8125,3.2,0.0,25.0,0.0
12.29575,0x386,0.0,0.0,1.0,6.25,1.58,0.25,23.21875,23.28125,22.71875,22.84375,3.2,0.0,25.0,0.0
12.29617,0x2B0,0.0,0.0,1.0,6.25,1.58,0.25,23.21875,23.28125,22.71875,22.84375,3.2,0.0,25.0,0.0
12.29795,0x316,0.0,0.0,1.0,6.25,1.58,0.25,23.21875,23.28125,22.71875,22.84375,3.2,0.0,25.0,0.0
12.30481,0x220,0.0,0.0,1.0,6.25,1.6,0.25,23.21875,23.28125,22.71875,22.84375,3.2,0.0,25.0,0.0
12.30609,0x2B0,0.0,0.0,1.0,6.25,1.6,0.25,23.21875,23.28125,22.71875,22.84375,3.2,0.0,25.0,0.0
12.30787,0x316,0.0,0.0,1.0,6.25,1.6,0.25,23.21875,23.28125,22.71875,22.84375,3.2,0.0,25.0,0.0
12.3148,0x220,0.0,0.0,1.0,6.25,1.68,0.15,23.21875,23.28125,22.71875,22.84375,3.2,0.0,25.0,0.0
12.31573,0x386,0.0,0.0,1.0,6.25,1.68,0.15,23.28125,23.28125,22.5,22.9375,3.2,0.0,25.0,0.0
12.31615,0x2B0,0.0,0.0,1.0,6.25,1.68,0.15,23.28125,23.28125,22.5,22.9375,3.2,0.0,25.0,0.0
12.318,0x316,0.0,0.0,1.0,6.25,1.68,0.15,23.28125,23.28125,22.5,22.9375,3.2,0.0,25.0,0.0
12.32481,0x220,0.0,0.0,1.0,6.25,1.81,0.0,23.28125,23.28125,22.5,22.9375,3.2,0.0,25.0,0.0
12.32609,0x2B0,0.0,0.0,1.0,6.25,1.81,0.0,23.28125,23.28125,22.5,22.9375,3.2,0.0,25.0,0.0
12.32792,0x316,0.0,0.0,1.0,6.25,1.81,0.0,23.28125,23.28125,22.5,22.9375,3.2,0.0,25.0,0.0
12.3348,0x220,0.0,0.0,1.0,6.25,1.93,-0.08,23.28125,23.28125,22.5,22.9375,3.2,0.0,25.0,0.0
12.33574,0x386,0.0,0.0,1.0,6.25,1.93,-0.08,23.28125,23.34375,22.71875,22.84375,3.2,0.0,25.0,0.0
12.33664,0x2B0,0.0,0.0,1.0,6.25,1.93,-0.08,23.28125,23.34375,22.71875,22.84375,3.2,0.0,25.0,0.0
12.33798,0x316,0.0,0.0,1.0,6.25,1.93,-0.08,23.28125,23.34375,22.71875,22.84375,3.2,0.0,25.0,0.0
12.34481,0x220,0.0,0.0,1.0,6.25,2.02,-0.06,23.28125,23.34375,22.71875,22.84375,3.2,0.0,25.0,0.0
12.34608,0x2B0,0.0,0.0,1.0,6.25,2.02,-0.06,23.28125,23.34375,22.71875,22.84375,3.2,0.0,25.0,0.0
12.34857,0x316,0.0,0.0,1.0,6.25,2.02,-0.06,23.28125,23.34375,22.71875,22.84375,3.2,0.0,22.0,0.0
12.35481,0x220,0.0,0.0,1.0,6.25,2.05,0.0,23.28125,23.34375,22.71875,22.84375,3.2,0.0,22.0,0.0
12.35574,0x386,0.0,0.0,1.0,6.25,2.05,0.0,23.15625,23.34375,22.71875,22.84375,3.2,0.0,22.0,0.0
12.35664,0x2B0,0.0,0.0,1.0,6.25,2.05,0.0,23.15625,23.34375,22.71875,22.84375,3.2,0.0,22.0,0.0
12.35798,0x316,0.0,0.0,1.0,6.25,2.05,0.0,23.15625,23.34375,22.71875,22.84375,3.2,0.0,22.0,0.0
12.36481,0x220,0.0,0.0,1.0,6.25,1.98,-0.02,23.15625,23.34375,22.71875,22.84375,3.2,0.0,22.0,0.0
12.36615,0x2B0,0.0,0.0,1.0,6.25,1.98,-0.02,23.15625,23.34375,22.71875,22.84375,3.2,0.0,22.0,0.0
12.36801,0x316,0.0,0.0,1.0,6.25,1.98,-0.02,23.15625,23.34375,22.71875,22.84375,3.2,0.0,20.0,0.0
12.37481,0x220,0.0,0.0,1.0,6.25,1.77,-0.08,23.15625,23.34375,22.71875,22.84375,3.2,0.0,20.0,0.0
12.37575,0x386,0.0,0.0,1.0,6.25,1.77,-0.08,23.3125,23.375,22.6875,22.875,3.2,0.0,20.0,0.0
12.37616,0x2B0,0.0,0.0,1.0,6.25,1.77,-0.08,23.3125,23.375,22.6875,22.875,3.2,0.0,20.0,0.0
12.3781,0x316,0.0,0.0,1.0,6.25,1.77,-0.08,23.3125,23.375,22.6875,22.875,3.2,0.0,17.0,0.0
12.38481,0x220,0.0,0.0,1.0,6.25,1.58,-0.13,23.3125,23.375,22.6875,22.875,3.2,0.0,17.0,0.0
12.38608,0x2B0,0.0,0.0,1.0,6.25,1.58,-0.13,23.3125,23.375,22.6875,22.875,3.2,0.0,17.0,0.0
12.38789,0x316,0.0,0.0,1.0,6.25,1.58,-0.13,23.3125,23.375,22.6875,22.875,3.2,0.0,17.0,0.0
12.39481,0x220,0.0,0.0,1.0,6.25,1.49,-0.13,23.3125,23.375,22.6875,22.875,3.2,0.0,17.0,0.0
12.39575,0x386,0.0,0.0,1.0,6.25,1.49,-0.13,23.15625,23.3125,22.8125,23.0625,3.2,0.0,17.0,0.0
12.39618,0x2B0,0.0,0.0,1.0,6.25,1.49,-0.13,23.15625,23.3125,22.8125,23.0625,3.2,0.0,17.0,0.0
12.398,0x316,0.0,0.0,1.0,6.25,1.49,-0.13,23.15625,23.3125,22.8125,23.0625,3.2,0.0,17.0,0.0
12.40482,0x220,0.0,0.0,1.0,6.25,1.51,-0.07,23.15625,23.3125,22.8125,23.0625,3.2,0.0,17.0,0.0
12.40616,0x2B0,0.0,0.0,1.0,6.25,1.51,-0.07,23.15625,23.3125,22.8125,23.0625,3.2,0.0,17.0,0.0
12.40789,0x316,0.0,0.0,1.0,6.25,1.51,-0.07,23.15625,23.3125,22.8125,23.0625,3.2,0.0,15.0,0.0
12.41481,0x220,0.0,0.0,1.0,6.25,1.61,0.0,23.15625,23.3125,22.8125,23.0625,3.2,0.0,15.0,0.0
12.41575,0x386,0.0,0.0,1.0,6.25,1.61,0.0,23.1875,23.25,23.0,22.875,3.2,0.0,15.0,0.0
12.41618,0x2B0,0.0,0.0,1.0,6.25,1.61,0.0,23.1875,23.25,23.0,22.875,3.2,0.0,15.0,0.0
12.41793,0x316,0.0,0.0,1.0,6.25,1.61,0.0,23.1875,23.25,23.0,22.875,3.2,0.0,15.0,0.0
12.42481,0x220,0.0,0.0,1.0,6.25,1.64,0.03,23.1875,23.25,23.0,22.875,3.2,0.0,15.0,0.0
12.42616,0x2B0,0.0,0.0,1.0,6.25,1.64,0.03,23.1875,23.25,23.0,22.875,3.2,0.0,15.0,0.0
12.42787,0x316,0.0,0.0,1.0,6.25,1.64,0.03,23.1875,23.25,23.0,22.875,3.2,0.0,15.0,0.0
12.43481,0x220,0.0,0.0,1.0,6.25,1.62,0.11,23.1875,23.25,23.0,22.875,3.2,0.0,15.0,0.0
12.43575,0x386,0.0,0.0,1.0,6.25,1.62,0.11,23.25,23.21875,22.84375,22.84375,3.2,0.0,15.0,0.0
12.43617,0x2B0,0.0,0.0,1.0,6.25,1.62,0.11,23.25,23.21875,22.84375,22.84375,3.2,0.0,15.0,0.0
12.438,0x316,0.0,0.0,1.0,6.25,1.62,0.11,23.25,23.21875,22.84375,22.84375,3.2,0.0,15.0,0.0
12.44481,0x220,0.0,0.0,1.0,6.25,1.64,0.13,23.25,23.21875,22.84375,22.84375,3.2,0.0,15.0,0.0
12.44615,0x2B0,0.0,0.0,1.0,6.25,1.64,0.13,23.25,23.21875,22.84375,22.84375,3.2,0.0,15.0,0.0
12.44893,0x316,0.0,0.0,1.0,6.25,1.64,0.13,23.25,23.21875,22.84375,22.84375,3.2,0.0,15.0,0.0
12.45481,0x220,0.0,0.0,1.0,6.25,1.62,0.0,23.25,23.21875,22.84375,22.84375,3.2,0.0,15.0,0.0
12.45575,0x386,0.0,0.0,1.0,6.25,1.62,0.0,23.25,23.1875,22.6875,22.78125,3.2,0.0,15.0,0.0
12.45617,0x2B0,0.0,0.0,1.0,6.25,1.62,0.0,23.25,23.1875,22.6875,22.78125,3.2,0.0,15.0,0.0
12.45792,0x316,0.0,0.0,1.0,6.25,1.62,0.0,23.25,23.1875,22.6875,22.78125,3.2,0.0,15.0,0.0
12.4648,0x220,0.0,0.0,1.0,6.25,1.58,-0.2,23.25,23.1875,22.6875,22.78125,3.2,0.0,15.0,0.0
12.46608,0x2B0,0.0,0.0,1.0,6.25,1.58,-0.2,23.25,23.1875,22.6875,22.78125,3.2,0.0,15.0,0.0
12.46792,0x316,0.0,0.0,1.0,6.25,1.58,-0.2,23.25,23.1875,22.6875,22.78125,3.2,0.0,15.0,0.0
12.47481,0x220,0.0,0.0,1.0,6.25,1.64,-0.22,23.25,23.1875,22.6875,22.78125,3.2,0.0,15.0,0.0
12.47574,0x386,0.0,0.0,1.0,6.25,1.64,-0.22,23.125,23.34375,22.875,22.71875,3.2,0.0,15.0,0.0
12.47616,0x2B0,0.0,0.0,1.0,6.25,1.64,-0.22,23.125,23.34375,22.875,22.71875,3.2,0.0,15.0,0.0
12.47813,0x316,0.0,0.0,1.0,6.25,1.64,-0.22,23.125,23.34375,22.875,22.71875,3.2,0.0,15.0,0.0
12.48481,0x220,0.0,0.0,1.0,6.25,1.72,-0.04,23.125,23.34375,22.875,22.71875,3.2,0.0,15.0,0.0
12.48608,0x2B0,0.0,0.0,1.0,6.25,1.72,-0.04,23.125,23.34375,22.875,22.71875,3.2,0.0,15.0,0.0
12.48792,0x316,0.0,0.0,1.0,6.25,1.72,-0.04,23.125,23.34375,22.875,22.71875,3.2,0.0,15.0,0.0
12.49482,0x220,0.0,0.0,1.0,6.25,1.77,0.12,23.125,23.34375,22.875,22.71875,3.2,0.0,15.0,0.0
12.49576,0x386,0.0,0.0,1.0,6.25,1.77,0.12,23.375,23.40625,22.8125,22.78125,3.2,0.0,15.0,0.0
12.49618,0x2B0,0.0,0.0,1.0,6.25,1.77,0.12,23.375,23.40625,22.8125,22.78125,3.2,0.0,15.0,0.0
12.49794,0x316,0.0,0.0,1.0,6.25,1.77,0.12,23.375,23.40625,22.8125,22.78125,3.2,0.0,15.0,0.0
12.50481,0x220,0.0,0.0,1.0,6.25,1.79,0.06,23.375,23.40625,22.8125,22.78125,3.2,0.0,15.0,0.0
12.50618,0x2B0,0.0,0.0,1.0,6.25,1.79,0.06,23.375,23.40625,22.8125,22.78125,3.4,8.0,15.0,0.0
12.50787,0x316,0.0,0.0,1.0,6.25,1.79,0.06,23.375,23.40625,22.8125,22.78125,3.4,8.0,15.0,0.0
12.51481,0x220,0.0,0.0,1.0,6.25,1.78,0.0,23.375,23.40625,22.8125,22.78125,3.4,8.0,15.0,0.0
12.51573,0x386,0.0,0.0,1.0,6.25,1.78,0.0,23.1875,23.25,22.6875,22.90625,3.4,8.0,15.0,0.0
12.51663,0x2B0,0.0,0.0,1.0,6.25,1.78,0.0,23.1875,23.25,22.6875,22.90625,3.4,8.0,15.0,0.0
12.51793,0x316,0.0,0.0,1.0,6.25,1.78,0.0,23.1875,23.25,22.6875,22.90625,3.4,8.0,12.0,0.0
12.52482,0x220,0.0,0.0,1.0,6.25,1.74,0.0,23.1875,23.25,22.6875,22.90625,3.4,8.0,12.0,0.0
12.52617,0x2B0,0.0,0.0,1.0,6.25,1.74,0.0,23.1875,23.25,22.6875,22.90625,3.5,0.0,12.0,0.0
12.52792,0x316,0.0,0.0,1.0,6.25,1.74,0.0,23.1875,23.25,22.6875,22.90625,3.5,0.0,10.0,0.0
12.53482,0x220,0.0,0.0,1.0,6.25,1.72,-0.07,23.1875,23.25,22.6875,22.90625,3.5,0.0,10.0,0.0
12.53576,0x386,0.0,0.0,1.0,6.25,1.72,-0.07,23.28125,23.15625,22.75,22.96875,3.5,0.0,10.0,0.0
12.53618,0x2B0,0.0,0.0,1.0,6.25,1.72,-0.07,23.28125,23.15625,22.75,22.96875,3.5,0.0,10.0,0.0
12.53797,0x316,0.0,0.0,1.0,6.25,1.72,-0.07,23.28125,23.15625,22.75,22.96875,3.5,0.0,7.0,0.0
12.54482,0x220,0.0,0.0,1.0,6.25,1.72,-0.09,23.28125,23.15625,22.75,22.96875,3.5,0.0,7.0,0.0
12.54615,0x2B0,0.0,0.0,1.0,6.25,1.72,-0.09,23.28125,23.15625,22.75,22.96875,3.5,0.0,7.0,0.0
12.54866,0x316,0.0,0.0,1.0,6.25,1.72,-0.09,23.28125,23.15625,22.75,22.96875,3.5,0.0,7.0,0.0
12.55482,0x220,0.0,0.0,1.0,6.25,1.7,-0.01,23.28125,23.15625,22.75,22.96875,3.5,0.0,7.0,0.0
12.55575,0x386,0.0,0.0,1.0,6.25,1.7,-0.01,23.09375,23.25,22.84375,23.03125,3.5,0.0,7.0,0.0
12.55617,0x2B0,0.0,0.0,1.0,6.25,1.7,-0.01,23.09375,23.25,22.84375,23.03125,3.5,0.0,7.0,0.0
12.55795,0x316,0.0,0.0,1.0,6.25,1.7,-0.01,23.09375,23.25,22.84375,23.03125,3.5,0.0,7.0,0.0
12.56482,0x220,0.0,0.0,1.0,6.25,1.65,0.14,23.09375,23.25,22.84375,23.03125,3.5,0.0,7.0,0.0
12.56615,0x2B0,0.0,0.0,1.0,6.25,1.65,0.14,23.09375,23.25,22.84375,23.03125,3.5,0.0,7.0,0.0
12.56805,0x316,0.0,0.0,1.0,6.25,1.65,0.14,23.09375,23.25,22.84375,23.03125,3.5,0.0,7.0,0.0
12.57482,0x220,0.0,0.0,1.0,6.25,1.62,0.2,23.09375,23.25,22.84375,23.03125,3.5,0.0,7.0,0.0
12.57575,0x386,0.0,0.0,1.0,6.25,1.62,0.2,23.125,23.1875,22.5625,23.15625,3.5,0.0,7.0,0.0
12.57617,0x2B0,0.0,0.0,1.0,6.25,1.62,0.2,23.125,23.1875,22.5625,23.15625,3.5,0.0,7.0,0.0
12.57807,0x316,0.0,0.0,1.0,6.25,1.62,0.2,23.125,23.1875,22.5625,23.15625,3.5,0.0,7.0,0.0
12.58481,0x220,0.0,0.0,1.0,6.25,1.6,0.18,23.125,23.1875,22.5625,23.15625,3.5,0.0,7.0,0.0
12.58614,0x2B0,0.0,0.0,1.0,6.25,1.6,0.18,23.125,23.1875,22.5625,23.15625,3.5,0.0,7.0,0.0
12.5879,0x316,0.0,0.0,1.0,6.25,1.6,0.18,23.125,23.1875,22.5625,23.15625,3.5,0.0,7.0,0.0
12.59482,0x220,0.0,0.0,1.0,6.25,1.53,0.17,23.125,23.1875,22.5625,23.15625,3.5,0.0,7.0,0.0
12.59576,0x386,0.0,0.0,1.0,6.25,1.53,0.17,23.21875,23.0625,22.71875,23.125,3.5,0.0,7.0,0.0
12.59666,0x2B0,0.0,0.0,1.0,6.25,1.53,0.17,23.21875,23.0625,22.71875,23.125,3.5,0.0,7.0,0.0
12.59792,0x316,0.0,0.0,1.0,6.25,1.53,0.17,23.21875,23.0625,22.71875,23.125,3.5,0.0,10.0,0.0
12.60482,0x220,0.0,0.0,1.0,6.25,1.46,0.19,23.21875,23.0625,22.71875,23.125,3.5,0.0,10.0,0.0
12.60612,0x2B0,0.0,0.0,1.0,6.25,1.46,0.19,23.21875,23.0625,22.71875,23.125,3.5,0.0,10.0,0.0
12.60793,0x316,0.0,0.0,1.0,6.25,1.46,0.19,23.21875,23.0625,22.71875,23.125,3.5,0.0,12.0,0.0
12.61481,0x220,0.0,0.0,1.0,6.25,1.41,0.22,23.21875,23.0625,22.71875,23.125,3.5,0.0,12.0,0.0
12.61575,0x386,0.0,0.0,1.0,6.25,1.41,0.22,23.25,23.46875,22.9375,23.0,3.5,0.0,12.0,0.0
12.61665,0x2B0,0.0,0.0,1.0,6.25,1.41,0.22,23.25,23.46875,22.9375,23.0,3.5,0.0,12.0,0.0
12.61795,0x316,0.0,0.0,1.0,6.25,1.41,0.22,23.25,23.46875,22.9375,23.0,3.5,0.0,15.0,0.0
12.62484,0x220,0.0,0.0,1.0,6.25,1.4,0.21,23.25,23.46875,22.9375,23.0,3.5,0.0,15.0,0.0
12.62616,0x2B0,0.0,0.0,1.0,6.25,1.4,0.21,23.25,23.46875,22.9375,23.0,3.6,0.0,15.0,0.0
12.62789,0x316,0.0,0.0,1.0,6.25,1.4,0.21,23.25,23.46875,22.9375,23.0,3.6,0.0,17.0,0.0
12.63481,0x220,0.0,0.0,1.0,6.25,1.44,0.21,23.25,23.46875,22.9375,23.0,3.6,0.0,17.0,0.0
12.63574,0x386,0.0,0.0,1.0,6.25,1.44,0.21,23.375,23.34375,22.875,23.03125,3.6,0.0,17.0,0.0
12.63664,0x2B0,0.0,0.0,1.0,6.25,1.44,0.21,23.375,23.34375,22.875,23.03125,3.6,0.0,17.0,0.0
12.63798,0x316,0.0,0.0,1.0,6.25,1.44,0.21,23.375,23.34375,22.875,23.03125,3.6,0.0,20.0,0.0
12.64482,0x220,0.0,0.0,1.0,6.25,1.47,0.24,23.375,23.34375,22.875,23.03125,3.6,0.0,20.0,0.0
12.64612,0x2B0,0.0,0.0,1.0,6.25,1.47,0.24,23.375,23.34375,22.875,23.03125,3.7,0.0,20.0,0.0
12.64888,0x316,0.0,0.0,1.0,6.25,1.47,0.24,23.375,23.34375,22.875,23.03125,3.7,0.0,20.0,0.0
12.65481,0x220,0.0,0.0,1.0,6.25,1.5,0.35,23.375,23.34375,22.875,23.03125,3.7,0.0,20.0,0.0
12.65575,0x386,0.0,0.0,1.0,6.25,1.5,0.35,23.25,23.53125,22.8125,23.125,3.7,0.0,20.0,0.0
12.65617,0x2B0,0.0,0.0,1.0,6.25,1.5,0.35,23.25,23.53125,22.8125,23.125,3.7,0.0,20.0,0.0
12.65797,0x316,0.0,0.0,1.0,6.25,1.5,0.35,23.25,23.53125,22.8125,23.125,3.7,0.0,20.0,0.0
12.66483,0x220,0.0,0.0,1.0,6.25,1.56,0.49,23.25,23.53125,22.8125,23.125,3.7,0.0,20.0,0.0
12.6661,0x2B0,0.0,0.0,1.0,6.25,1.56,0.49,23.25,23.53125,22.8125,23.125,3.7,0.0,20.0,0.0
12.66793,0x316,0.0,0.0,1.0,6.25,1.56,0.49,23.25,23.53125,22.8125,23.125,3.7,0.0,20.0,0.0
12.67481,0x220,0.0,0.0,1.0,6.25,1.68,0.49,23.25,23.53125,22.8125,23.125,3.7,0.0,20.0,0.0
12.67574,0x386,0.0,0.0,1.0,6.25,1.68,0.49,23.40625,23.5625,22.84375,23.03125,3.7,0.0,20.0,0.0
12.67617,0x2B0,0.0,0.0,1.0,6.25,1.68,0.49,23.40625,23.5625,22.84375,23.03125,3.7,0.0,20.0,0.0
12.67812,0x316,0.0,0.0,1.0,6.25,1.68,0.49,23.40625,23.5625,22.84375,23.03125,3.7,0.0,20.0,0.0
12.68482,0x220,0.0,0.0,1.0,6.25,1.78,0.33,23.40625,23.5625,22.84375,23.03125,3.7,0.0,20.0,0.0
12.68609,0x2B0,0.0,0.0,1.0,6.25,1.78,0.33,23.40625,23.5625,22.84375,23.03125,3.7,0.0,20.0,0.0
12.68792,0x316,0.0,0.0,1.0,6.25,1.78,0.33,23.40625,23.5625,22.84375,23.03125,3.7,0.0,17.0,0.0
12.69483,0x220,0.0,0.0,1.0,6.25,1.81,0.28,23.40625,23.5625,22.84375,23.03125,3.7,0.0,17.0,0.0
12.69577,0x386,0.0,0.0,1.0,6.25,1.81,0.28,23.4375,23.5,22.9375,23.125,3.7,0.0,17.0,0.0
12.69619,0x2B0,0.0,0.0,1.0,6.25,1.81,0.28,23.4375,23.5,22.9375,23.125,3.7,0.0,17.0,0.0
12.698,0x316,0.0,0.0,1.0,6.25,1.81,0.28,23.4375,23.5,22.9375,23.125,3.7,0.0,17.0,0.0
12.70482,0x220,0.0,0.0,1.0,6.25,1.75,0.42,23.4375,23.5,22.9375,23.125,3.7,0.0,17.0,0.0
12.70609,0x2B0,0.0,0.0,1.0,6.25,1.75,0.42,23.4375,23.5,22.9375,23.125,3.7,0.0,17.0,0.0
12.70788,0x316,0.0,0.0,1.0,6.25,1.75,0.42,23.4375,23.5,22.9375,23.125,3.7,0.0,17.0,0.0
12.71482,0x220,0.0,0.0,1.0,6.25,1.65,0.51,23.4375,23.5,22.9375,23.125,3.7,0.0,17.0,0.0
12.71576,0x386,0.0,0.0,1.0,6.25,1.65,0.51,23.625,23.5625,23.03125,23.1875,3.7,0.0,17.0,0.0
12.71618,0x2B0,0.0,0.0,1.0,6.25,1.65,0.51,23.625,23.5625,23.03125,23.1875,3.7,0.0,17.0,0.0
12.71794,0x316,0.0,0.0,1.0,6.25,1.65,0.51,23.625,23.5625,23.03125,23.1875,3.7,0.0,15.0,0.0
12.72483,0x220,0.0,0.0,1.0,6.25,1.63,0.47,23.625,23.5625,23.03125,23.1875,3.7,0.0,15.0,0.0
12.72609,0x2B0,0.0,0.0,1.0,6.25,1.63,0.47,23.625,23.5625,23.03125,23.1875,3.7,0.0,15.0,0.0
12.72798,0x316,0.0,0.0,1.0,6.25,1.63,0.47,23.625,23.5625,23.03125,23.1875,3.7,0.0,15.0,0.0
12.73482,0x220,0.0,0.0,1.0,6.25,1.65,0.4,23.625,23.5625,23.03125,23.1875,3.7,0.0,15.0,0.0
12.73576,0x386,0.0,0.0,1.0,6.25,1.65,0.4,23.59375,23.5625,23.125,23.15625,3.7,0.0,15.0,0.0
12.73618,0x2B0,0.0,0.0,1.0,6.25,1.65,0.4,23.59375,23.5625,23.125,23.15625,3.7,0.0,15.0,0.0
12.738,0x316,0.0,0.0,1.0,6.25,1.65,0.4,23.59375,23.5625,23.125,23.15625,3.7,0.0,15.0,0.0
12.74482,0x220,0.0,0.0,1.0,6.25,1.71,0.45,23.59375,23.5625,23.125,23.15625,3.7,0.0,15.0,0.0
12.74609,0x2B0,0.0,0.0,1.0,6.25,1.71,0.45,23.59375,23.5625,23.125,23.15625,3.7,0.0,15.0,0.0
12.74871,0x316,0.0,0.0,1.0,6.25,1.71,0.45,23.59375,23.5625,23.125,23.15625,3.7,0.0,15.0,0.0
12.75482,0x220,0.0,0.0,1.0,6.25,1.86,0.42,23.59375,23.5625,23.125,23.15625,3.7,0.0,15.0,0.0
12.75576,0x386,0.0,0.0,1.0,6.25,1.86,0.42,23.59375,23.59375,23.125,23.1875,3.7,0.0,15.0,0.0
12.75618,0x2B0,0.0,0.0,1.0,6.25,1.86,0.42,23.59375,23.59375,23.125,23.1875,3.7,0.0,15.0,0.0
12.75793,0x316,0.0,0.0,1.0,6.25,1.86,0.42,23.59375,23.59375,23.125,23.1875,3.7,0.0,15.0,0.0
12.76482,0x220,0.0,0.0,1.0,6.25,1.99,0.21,23.59375,23.59375,23.125,23.1875,3.7,0.0,15.0,0.0
12.76608,0x2B0,0.0,0.0,1.0,6.25,1.99,0.21,23.59375,23.59375,23.125,23.1875,3.7,0.0,15.0,0.0
12.768,0x316,0.0,0.0,1.0,6.25,1.99,0.21,23.59375,23.59375,23.125,23.1875,3.7,0.0,15.0,0.0
12.77482,0x220,0.0,0.0,1.0,6.25,2.01,0.1,23.59375,23.59375,23.125,23.1875,3.7,0.0,15.0,0.0
12.77575,0x386,0.0,0.0,1.0,6.25,2.01,0.1,23.6875,23.5,23.0625,23.21875,3.7,0.0,15.0,0.0
12.77617,0x2B0,0.0,0.0,1.0,6.25,2.01,0.1,23.6875,23.5,23.0625,23.21875,3.7,0.0,15.0,0.0
12.77814,0x316,0.0,0.0,1.0,6.25,2.01,0.1,23.6875,23.5,23.0625,23.21875,3.7,0.0,15.0,0.0
12.78483,0x220,0.0,0.0,1.0,6.25,2.02,0.25,23.6875,23.5,23.0625,23.21875,3.7,0.0,15.0,0.0
12.78609,0x2B0,0.0,0.0,1.0,6.25,2.02,0.25,23.6875,23.5,23.0625,23.21875,3.7,0.0,15.0,0.0
12.78788,0x316,0.0,0.0,1.0,6.25,2.02,0.25,23.6875,23.5,23.0625,23.21875,3.7,0.0,15.0,0.0
12.79483,0x220,0.0,0.0,1.0,6.25,2.11,0.39,23.6875,23.5,23.0625,23.21875,3.7,0.0,15.0,0.0
12.79576,0x386,0.0,0.0,1.0,6.25,2.11,0.39,23.6875,23.75,22.90625,23.25,3.7,0.0,15.0,0.0
12.79618,0x2B0,0.0,0.0,1.0,6.25,2.11,0.39,23.6875,23.75,22.90625,23.25,3.7,0.0,15.0,0.0
12.79792,0x316,0.0,0.0,1.0,6.25,2.11,0.39,23.6875,23.75,22.90625,23.25,3.7,0.0,15.0,0.0
12.80482,0x220,0.0,0.0,1.0,6.25,2.19,0.28,23.6875,23.75,22.90625,23.25,3.7,0.0,15.0,0.0
12.80609,0x2B0,0.0,0.0,1.0,6.25,2.19,0.28,23.6875,23.75,22.90625,23.25,3.7,0.0,15.0,0.0
12.80791,0x316,0.0,0.0,1.0,6.25,2.19,0.28,23.6875,23.75,22.90625,23.25,3.7,0.0,15.0,0.0
12.81483,0x220,0.0,0.0,1.0,6.25,2.14,0.0,23.6875,23.75,22.90625,23.25,3.7,0.0,15.0,0.0
12.81576,0x386,0.0,0.0,1.0,6.25,2.14,0.0,23.71875,23.71875,22.875,23.21875,3.7,0.0,15.0,0.0
12.81618,0x2B0,0.0,0.0,1.0,6.25,2.14,0.0,23.71875,23.71875,22.875,23.21875,3.7,0.0,15.0,0.0
12.81797,0x316,0.0,0.0,1.0,6.25,2.14,0.0,23.71875,23.71875,22.875,23.21875,3.7,0.0,12.0,0.0
12.82484,0x220,0.0,0.0,1.0,6.25,1.91,-0.08,23.71875,23.71875,22.875,23.21875,3.7,0.0,12.0,0.0
12.82609,0x2B0,0.0,0.0,1.0,6.25,1.91,-0.08,23.71875,23.71875,22.875,23.21875,3.7,0.0,12.0,0.0
12.82787,0x316,0.0,0.0,1.0,6.25,1.91,-0.08,23.71875,23.71875,22.875,23.21875,3.7,0.0,10.0,0.0
12.83482,0x220,0.0,0.0,1.0,6.25,1.72,0.13,23.71875,23.71875,22.875,23.21875,3.7,0.0,10.0,0.0
12.83575,0x386,0.0,0.0,1.0,6.25,1.72,0.13,23.6875,23.71875,22.875,23.40625,3.7,0.0,10.0,0.0
12.83618,0x2B0,0.0,0.0,1.0,6.25,1.72,0.13,23.6875,23.71875,22.875,23.40625,3.7,0.0,10.0,0.0
12.83796,0x316,0.0,0.0,1.0,6.25,1.72,0.13,23.6875,23.71875,22.875,23.40625,3.7,0.0,7.0,0.0
12.84482,0x220,0.0,0.0,1.0,6.25,1.72,0.42,23.6875,23.71875,22.875,23.40625,3.7,0.0,7.0,0.0
12.84609,0x2B0,0.0,0.0,1.0,6.25,1.72,0.42,23.6875,23.71875,22.875,23.40625,3.7,0.0,7.0,0.0
12.84883,0x316,0.0,0.0,1.0,6.25,1.72,0.42,23.6875,23.71875,22.875,23.40625,3.7,0.0,7.0,0.0
12.85483,0x220,0.0,0.0,1.0,6.25,1.83,0.45,23.6875,23.71875,22.875,23.40625,3.7,0.0,7.0,0.0
12.85577,0x386,0.0,0.0,1.0,6.25,1.83,0.45,23.5625,23.5625,22.9375,23.4375,3.7,0.0,7.0,0.0
12.85619,0x2B0,0.0,0.0,1.0,6.25,1.83,0.45,23.5625,23.5625,22.9375,23.4375,3.7,0.0,7.0,0.0
12.85797,0x316,0.0,0.0,1.0,6.25,1.83,0.45,23.5625,23.5625,22.9375,23.4375,3.7,0.0,7.0,0.0
12.86482,0x220,0.0,0.0,1.0,6.25,1.96,0.22,23.5625,23.5625,22.9375,23.4375,3.7,0.0,7.0,0.0
12.86608,0x2B0,0.0,0.0,1.0,6.25,1.96,0.22,23.5625,23.5625,22.9375,23.4375,3.7,0.0,7.0,0.0
12.86792,0x316,0.0,0.0,1.0,6.25,1.96,0.22,23.5625,23.5625,22.9375,23.4375,3.7,0.0,5.0,0.0
12.87482,0x220,0.0,0.0,1.0,6.25,2.07,0.01,23.5625,23.5625,22.9375,23.4375,3.7,0.0,5.0,0.0
12.87577,0x386,0.0,0.0,1.0,6.25,2.07,0.01,23.5625,23.65625,22.90625,23.40625,3.7,0.0,5.0,0.0
12.87619,0x2B0,0.0,0.0,1.0,6.25,2.07,0.01,23.5625,23.65625,22.90625,23.40625,3.7,0.0,5.0,0.0
12.87809,0x316,0.0,0.0,1.0,6.25,2.07,0.01,23.5625,23.65625,22.90625,23.40625,3.7,0.0,5.0,0.0
12.88482,0x220,0.0,0.0,1.0,6.25,2.12,0.0,23.5625,23.65625,22.90625,23.40625,3.7,0.0,5.0,0.0
12.8861,0x2B0,0.0,0.0,1.0,6.25,2.12,0.0,23.5625,23.65625,22.90625,23.40625,3.7,0.0,5.0,0.0
12.88792,0x316,0.0,0.0,1.0,6.25,2.12,0.0,23.5625,23.65625,22.90625,23.40625,3.7,0.0,2.0,0.0
12.89483,0x220,0.0,0.0,1.0,6.25,2.07,0.12,23.5625,23.65625,22.90625,23.40625,3.7,0.0,2.0,0.0
12.89577,0x386,0.0,0.0,1.0,6.25,2.07,0.12,23.53125,23.5,23.0625,23.3125,3.7,0.0,2.0,0.0
12.89618,0x2B0,0.0,0.0,1.0,6.25,2.07,0.12,23.53125,23.5,23.0625,23.3125,3.7,0.0,2.0,0.0
12.89797,0x316,0.0,0.0,1.0,6.25,2.07,0.12,23.53125,23.5,23.0625,23.3125,3.7,0.0,2.0,0.0
12.90482,0x220,0.0,0.0,1.0,6.25,1.99,0.14,23.53125,23.5,23.0625,23.3125,3.7,0.0,2.0,0.0
12.90609,0x2B0,0.0,0.0,1.0,6.25,1.99,0.14,23.53125,23.5,23.0625,23.3125,3.7,0.0,2.0,0.0
12.90787,0x316,0.0,0.0,1.0,6.25,1.99,0.14,23.53125,23.5,23.0625,23.3125,3.7,0.0,0.0,0.0
12.91483,0x220,0.0,0.0,1.0,6.25,1.98,0.08,23.53125,23.5,23.0625,23.3125,3.7,0.0,0.0,0.0
12.91576,0x386,0.0,0.0,1.0,6.25,1.98,0.08,23.46875,23.6875,23.15625,23.34375,3.7,0.0,0.0,0.0
12.91618,0x2B0,0.0,0.0,1.0,6.25,1.98,0.08,23.46875,23.6875,23.15625,23.34375,3.7,0.0,0.0,0.0
12.91795,0x316,0.0,0.0,1.0,6.25,1.98,0.08,23.46875,23.6875,23.15625,23.34375,3.7,0.0,0.0,0.0
12.92488,0x220,0.0,0.0,1.0,6.25,2.0,0.0,23.46875,23.6875,23.15625,23.34375,3.7,0.0,0.0,0.0
12.92609,0x2B0,0.0,0.0,1.0,6.25,2.0,0.0,23.46875,23.6875,23.15625,23.34375,3.7,0.0,0.0,0.0
12.9279,0x316,0.0,0.0,1.0,6.25,2.0,0.0,23.46875,23.6875,23.15625,23.34375,3.7,0.0,0.0,0.0
12.93482,0x220,0.0,0.0,1.0,6.25,2.03,-0.09,23.46875,23.6875,23.15625,23.34375,3.7,0.0,0.0,0.0
12.93575,0x386,0.0,0.0,1.0,6.25,2.03,-0.09,23.4375,23.625,22.875,23.15625,3.7,0.0,0.0,0.0
12.93617,0x2B0,0.0,0.0,1.0,6.25,2.03,-0.09,23.4375,23.625,22.875,23.15625,3.7,0.0,0.0,0.0
12.9381,0x316,0.0,0.0,1.0,6.25,2.03,-0.09,23.4375,23.625,22.875,23.15625,3.7,0.0,0.0,0.0
12.94482,0x220,0.0,0.0,1.0,6.25,2.02,-0.2,23.4375,23.625,22.875,23.15625,3.7,0.0,0.0,0.0
12.94609,0x2B0,0.0,0.0,1.0,6.25,2.02,-0.2,23.4375,23.625,22.875,23.15625,3.7,0.0,0.0,0.0
12.94861,0x316,0.0,0.0,1.0,6.25,2.02,-0.2,23.4375,23.625,22.875,23.15625,3.7,0.0,0.0,0.0
12.95482,0x220,0.0,0.0,1.0,6.25,1.97,-0.15,23.4375,23.625,22.875,23.15625,3.7,0.0,0.0,0.0
12.95576,0x386,0.0,0.0,1.0,6.25,1.97,-0.15,23.5,23.75,23.03125,23.03125,3.7,0.0,0.0,0.0
12.95618,0x2B0,0.0,0.0,1.0,6.25,1.97,-0.15,23.5,23.75,23.03125,23.03125,3.7,0.0,0.0,0.0
12.95795,0x316,0.0,0.0,1.0,6.25,1.97,-0.15,23.5,23.75,23.03125,23.03125,3.7,0.0,0.0,0.0
12.96484,0x220,0.0,0.0,1.0,6.25,1.94,0.0,23.5,23.75,23.03125,23.03125,3.7,0.0,0.0,0.0
12.96608,0x2B0,0.0,0.0,1.0,6.25,1.94,0.0,23.5,23.75,23.03125,23.03125,3.7,0.0,0.0,0.0
12.96801,0x316,0.0,0.0,1.0,6.25,1.94,0.0,23.5,23.75,23.03125,23.03125,3.7,0.0,0.0,0.0
12.97483,0x220,0.0,0.0,1.0,6.25,1.95,0.08,23.5,23.75,23.03125,23.03125,3.7,0.0,0.0,0.0
12.97577,0x386,0.0,0.0,1.0,6.25,1.95,0.08,23.53125,23.6875,22.96875,22.5625,3.7,0.0,0.0,0.0
12.97618,0x2B0,0.0,0.0,1.0,6.25,1.95,0.08,23.53125,23.6875,22.96875,22.5625,3.7,0.0,0.0,0.0
12.97824,0x316,0.0,0.0,1.0,6.25,1.95,0.08,23.53125,23.6875,22.96875,22.5625,3.7,0.0,0.0,0.0
12.98483,0x220,0.0,0.0,1.0,6.25,1.96,0.07,23.53125,23.6875,22.96875,22.5625,3.7,0.0,0.0,0.0
12.98608,0x2B0,0.0,0.0,1.0,6.25,1.96,0.07,23.53125,23.6875,22.96875,22.5625,3.7,0.0,0.0,0.0
12.98791,0x316,0.0,0.0,1.0,6.25,1.96,0.07,23.53125,23.6875,22.96875,22.5625,3.7,0.0,0.0,0.0
12.99483,0x220,0.0,0.0,1.0,6.25,1.9,-0.02,23.53125,23.6875,22.96875,22.5625,3.7,0.0,0.0,0.0
12.99578,0x386,0.0,0.0,1.0,6.25,1.9,-0.02,23.8125,23.75,22.8125,23.09375,3.7,0.0,0.0,0.0
12.99619,0x2B0,0.0,0.0,1.0,6.25,1.9,-0.02,23.8125,23.75,22.8125,23.09375,3.7,0.0,0.0,0.0
12.99793,0x316,0.0,0.0,1.0,6.25,1.9,-0.02,23.8125,23.75,22.8125,23.09375,3.7,0.0,0.0,0.0
13.00483,0x220,0.0,0.0,1.0,6.25,1.82,-0.22,23.8125,23.75,22.8125,23.09375,3.7,0.0,0.0,0.0
13.0061,0x2B0,0.0,0.0,1.0,6.25,1.82,-0.22,23.8125,23.75,22.8125,23.09375,3.7,0.0,0.0,0.0
13.00787,0x316,0.0,0.0,1.0,6.25,1.82,-0.22,23.8125,23.75,22.8125,23.09375,3.7,0.0,0.0,0.0
13.01483,0x220,0.0,0.0,1.0,6.25,1.73,-0.27,23.8125,23.75,22.8125,23.09375,3.7,0.0,0.0,0.0
13.01576,0x386,0.0,0.0,1.0,6.25,1.73,-0.27,23.84375,23.96875,23.25,23.3125,3.7,0.0,0.0,0.0
13.01618,0x2B0,0.0,0.0,1.0,6.25,1.73,-0.27,23.84375,23.96875,23.25,23.3125,3.7,0.0,0.0,0.0
13.018,0x316,0.0,0.0,1.0,6.25,1.73,-0.27,23.84375,23.96875,23.25,23.3125,3.7,0.0,0.0,0.0
13.02485,0x220,0.0,0.0,1.0,6.25,1.71,-0.07,23.84375,23.96875,23.25,23.3125,3.7,0.0,0.0,0.0
13.02614,0x2B0,0.0,0.0,1.0,6.25,1.71,-0.07,23.84375,23.96875,23.25,23.3125,3.8,0.0,0.0,0.0
13.02791,0x316,0.0,0.0,1.0,6.25,1.71,-0.07,23.84375,23.96875,23.25,23.3125,3.8,0.0,0.0,0.0
13.03483,0x220,0.0,0.0,1.0,6.25,1.81,0.14,23.84375,23.96875,23.25,23.3125,3.8,0.0,0.0,0.0
13.03577,0x386,0.0,0.0,1.0,6.25,1.81,0.14,23.71875,23.625,23.03125,23.25,3.8,0.0,0.0,0.0
13.03618,0x2B0,0.0,0.0,1.0,6.25,1.81,0.14,23.71875,23.625,23.03125,23.25,3.8,0.0,0.0,0.0
13.03797,0x316,0.0,0.0,1.0,6.25,1.81,0.14,23.71875,23.625,23.03125,23.25,3.8,0.0,0.0,0.0
13.04484,0x220,0.0,0.0,1.0,6.25,1.94,0.14,23.71875,23.625,23.03125,23.25,3.8,0.0,0.0,0.0
13.04616,0x2B0,0.0,0.0,1.0,6.25,1.94,0.14,23.71875,23.625,23.03125,23.25,3.7,0.0,0.0,0.0
13.04869,0x316,0.0,0.0,1.0,6.25,1.94,0.14,23.71875,23.625,23.03125,23.25,3.7,0.0,0.0,0.0
13.05483,0x220,0.0,0.0,1.0,6.25,1.99,0.01,23.71875,23.625,23.03125,23.25,3.7,0.0,0.0,0.0
13.05577,0x386,0.0,0.0,1.0,6.25,1.99,0.01,23.53125,23.09375,23.0,23.25,3.7,0.0,0.0,0.0
13.05619,0x2B0,0.0,0.0,1.0,6.25,1.99,0.01,23.53125,23.09375,23.0,23.25,3.7,0.0,0.0,0.0
13.05799,0x316,0.0,0.0,1.0,6.25,1.99,0.01,23.53125,23.09375,23.0,23.25,3.7,0.0,0.0,0.0
13.06483,0x220,0.0,0.0,1.0,6.25,1.97,-0.03,23.53125,23.09375,23.0,23.25,3.7,0.0,0.0,0.0
13.06611,0x2B0,0.0,0.0,1.0,6.25,1.97,-0.03,23.53125,23.09375,23.0,23.25,3.7,0.0,0.0,0.0
13.06798,0x316,0.0,0.0,1.0,6.25,1.97,-0.03,23.53125,23.09375,23.0,23.25,3.7,0.0,0.0,0.0
13.07483,0x220,0.0,0.0,1.0,6.25,1.86,0.0,23.53125,23.09375,23.0,23.25,3.7,0.0,0.0,0.0
13.07577,0x386,0.0,0.0,1.0,6.25,1.86,0.0,23.3125,23.40625,23.03125,23.03125,3.7,0.0,0.0,0.0
13.0762,0x2B0,0.0,0.0,1.0,6.25,1.86,0.0,23.3125,23.40625,23.03125,23.03125,3.7,0.0,0.0,0.0
13.0781,0x316,0.0,0.0,1.0,6.25,1.86,0.0,23.3125,23.40625,23.03125,23.03125,3.7,0.0,0.0,0.0
13.08482,0x220,0.0,0.0,1.0,6.25,1.68,0.19,23.3125,23.40625,23.03125,23.03125,3.7,0.0,0.0,0.0
13.08609,0x2B0,0.0,0.0,1.0,6.25,1.68,0.19,23.3125,23.40625,23.03125,23.03125,3.7,0.0,0.0,0.0
13.0879,0x316,0.0,0.0,1.0,6.25,1.68,0.19,23.3125,23.40625,23.03125,23.03125,3.7,0.0,0.0,0.0
13.09484,0x220,0.0,0.0,1.0,6.25,1.5,0.32,23.3125,23.40625,23.03125,23.03125,3.7,0.0,0.0,0.0
13.09578,0x386,0.0,0.0,1.0,6.25,1.5,0.32,23.375,23.375,22.90625,23.125,3.7,0.0,0.0,0.0
13.0962,0x2B0,0.0,0.0,1.0,6.25,1.5,0.32,23.375,23.375,22.90625,23.125,3.7,0.0,0.0,0.0
13.09797,0x316,0.0,0.0,1.0,6.25,1.5,0.32,23.375,23.375,22.90625,23.125,3.7,0.0,0.0,0.0
13.10483,0x220,0.0,0.0,1.0,6.25,1.33,0.21,23.375,23.375,22.90625,23.125,3.7,0.0,0.0,0.0
13.10616,0x2B0,0.0,0.0,1.0,6.25,1.33,0.21,23.375,23.375,22.90625,23.125,3.7,0.0,0.0,0.0
13.10792,0x316,0.0,0.0,1.0,6.25,1.33,0.21,23.375,23.375,22.90625,23.125,3.7,0.0,0.0,0.0
13.11483,0x220,0.0,0.0,1.0,6.25,1.21,0.06,23.375,23.375,22.90625,23.125,3.7,0.0,0.0,0.0
13.11577,0x386,0.0,0.0,1.0,6.25,1.21,0.06,23.34375,23.5625,23.0,23.28125,3.7,0.0,0.0,0.0
13.11618,0x2B0,0.0,0.0,1.0,6.25,1.21,0.06,23.34375,23.5625,23.0,23.28125,3.7,0.0,0.0,0.0
13.11793,0x316,0.0,0.0,1.0,6.25,1.21,0.06,23.34375,23.5625,23.0,23.28125,3.7,0.0,0.0,0.0
13.12484,0x220,0.0,0.0,1.0,6.25,1.21,0.12,23.34375,23.5625,23.0,23.28125,3.7,0.0,0.0,0.0
13.12608,0x2B0,0.0,0.0,1.0,6.25,1.21,0.12,23.34375,23.5625,23.0,23.28125,3.7,0.0,0.0,0.0
13.12789,0x316,0.0,0.0,1.0,6.25,1.21,0.12,23.34375,23.5625,23.0,23.28125,3.7,0.0,0.0,0.0
13.13483,0x220,0.0,0.0,1.0,6.25,1.39,0.27,23.34375,23.5625,23.0,23.28125,3.7,0.0,0.0,0.0
13.13576,0x386,0.0,0.0,1.0,6.25,1.39,0.27,23.65625,23.4375,22.9375,23.1875,3.7,0.0,0.0,0.0
13.13618,0x2B0,0.0,0.0,1.0,6.25,1.39,0.27,23.65625,23.4375,22.9375,23.1875,3.7,0.0,0.0,0.0
13.1381,0x316,0.0,0.0,1.0,6.25,1.39,0.27,23.65625,23.4375,22.9375,23.1875,3.7,0.0,0.0,0.0
13.14483,0x220,0.0,0.0,1.0,6.25,1.65,0.31,23.65625,23.4375,22.9375,23.1875,3.7,0.0,0.0,0.0
13.14609,0x2B0,0.0,0.0,1.0,6.25,1.65,0.31,23.65625,23.4375,22.9375,23.1875,3.7,0.0,0.0,0.0
13.1488,0x316,0.0,0.0,1.0,6.25,1.65,0.31,23.65625,23.4375,22.9375,23.1875,3.7,0.0,0.0,0.0
13.15483,0x220,0.0,0.0,1.0,6.25,1.8,0.25,23.65625,23.4375,22.9375,23.1875,3.7,0.0,0.0,0.0
13.15577,0x386,0.0,0.0,1.0,6.25,1.8,0.25,23.125,23.4375,22.96875,23.1875,3.7,0.0,0.0,0.0
13.15619,0x2B0,0.0,0.0,1.0,6.25,1.8,0.25,23.125,23.4375,22.96875,23.1875,3.7,0.0,0.0,0.0
13.15793,0x316,0.0,0.0,1.0,6.25,1.8,0.25,23.125,23.4375,22.96875,23.1875,3.7,0.0,0.0,0.0
13.16483,0x220,0.0,0.0,1.0,6.25,1.85,0.23,23.125,23.4375,22.96875,23.1875,3.7,0.0,0.0,0.0
13.16608,0x2B0,0.0,0.0,1.0,6.25,1.85,0.23,23.125,23.4375,22.96875,23.1875,3.7,0.0,0.0,0.0
13.16796,0x316,0.0,0.0,1.0,6.25,1.85,0.23,23.125,23.4375,22.96875,23.1875,3.7,0.0,0.0,0.0
13.17484,0x220,0.0,0.0,1.0,6.25,1.85,0.28,23.125,23.4375,22.96875,23.1875,3.7,0.0,0.0,0.0
13.17577,0x386,0.0,0.0,1.0,6.25,1.85,0.28,23.3125,23.4375,22.9375,23.125,3.7,0.0,0.0,0.0
13.17619,0x2B0,0.0,0.0,1.0,6.25,1.85,0.28,23.3125,23.4375,22.9375,23.125,3.7,0.0,0.0,0.0
13.17817,0x316,0.0,0.0,1.0,6.25,1.85,0.28,23.3125,23.4375,22.9375,23.125,3.7,0.0,0.0,0.0
13.18483,0x220,0.0,0.0,1.0,6.25,1.8,0.3,23.3125,23.4375,22.9375,23.125,3.7,0.0,0.0,0.0
13.18608,0x2B0,0.0,0.0,1.0,6.25,1.8,0.3,23.3125,23.4375,22.9375,23.125,3.7,0.0,0.0,0.0
13.1879,0x316,0.0,0.0,1.0,6.25,1.8,0.3,23.3125,23.4375,22.9375,23.125,3.7,0.0,0.0,0.0
13.19484,0x220,0.0,0.0,1.0,6.25,1.68,0.24,23.3125,23.4375,22.9375,23.125,3.7,0.0,0.0,0.0
13.19578,0x386,0.0,0.0,1.0,6.25,1.68,0.24,23.25,23.15625,22.96875,23.03125,3.7,0.0,0.0,0.0
13.1962,0x2B0,0.0,0.0,1.0,6.25,1.68,0.24,23.25,23.15625,22.96875,23.03125,3.7,0.0,0.0,0.0
13.19793,0x316,0.0,0.0,1.0,6.25,1.68,0.24,23.25,23.15625,22.96875,23.03125,3.7,0.0,0.0,0.0
13.20484,0x220,0.0,0.0,1.0,6.25,1.51,0.17,23.25,23.15625,22.96875,23.03125,3.7,0.0,0.0,0.0
13.20608,0x2B0,0.0,0.0,1.0,6.25,1.51,0.17,23.25,23.15625,22.96875,23.03125,3.7,0.0,0.0,0.0
13.20786,0x316,0.0,0.0,1.0,6.25,1.51,0.17,23.25,23.15625,22.96875,23.03125,3.7,0.0,0.0,0.0
13.21484,0x220,0.0,0.0,1.0,6.25,1.37,0.19,23.25,23.15625,22.96875,23.03125,3.7,0.0,0.0,0.0
13.21578,0x386,0.0,0.0,1.0,6.25,1.37,0.19,23.375,23.46875,22.9375,23.03125,3.7,0.0,0.0,0.0
13.2162,0x2B0,0.0,0.0,1.0,6.25,1.37,0.19,23.375,23.46875,22.9375,23.03125,3.7,0.0,0.0,0.0
13.21798,0x316,0.0,0.0,1.0,6.25,1.37,0.19,23.375,23.46875,22.9375,23.03125,3.7,0.0,0.0,0.0
13.22487,0x220,0.0,0.0,1.0,6.25,1.32,0.29,23.375,23.46875,22.9375,23.03125,3.7,0.0,0.0,0.0
13.22608,0x2B0,0.0,0.0,1.0,6.25,1.32,0.29,23.375,23.46875,22.9375,23.03125,3.7,0.0,0.0,0.0
13.22791,0x316,0.0,0.0,1.0,6.25,1.32,0.29,23.375,23.46875,22.9375,23.03125,3.7,0.0,0.0,0.0
13.23484,0x220,0.0,0.0,1.0,6.25,1.33,0.28,23.375,23.46875,22.9375,23.03125,3.7,0.0,0.0,0.0
13.23577,0x386,0.0,0.0,1.0,6.25,1.33,0.28,23.875,23.3125,22.9375,23.0625,3.7,0.0,0.0,0.0
13.23619,0x2B0,0.0,0.0,1.0,6.25,1.33,0.28,23.875,23.3125,22.9375,23.0625,3.7,0.0,0.0,0.0
13.23796,0x316,0.0,0.0,1.0,6.25,1.33,0.28,23.875,23.3125,22.9375,23.0625,3.7,0.0,0.0,0.0
13.24483,0x220,0.0,0.0,1.0,6.25,1.38,0.17,23.875,23.3125,22.9375,23.0625,3.7,0.0,0.0,0.0
13.24608,0x2B0,0.0,0.0,1.0,6.25,1.38,0.17,23.875,23.3125,22.9375,23.0625,3.7,0.0,0.0,0.0
13.24868,0x316,0.0,0.0,1.0,6.25,1.38,0.17,23.875,23.3125,22.9375,23.0625,3.7,0.0,0.0,0.0
13.25483,0x220,0.0,0.0,1.0,6.25,1.49,0.12,23.875,23.3125,22.9375,23.0625,3.7,0.0,0.0,0.0
13.25578,0x386,0.0,0.0,1.0,6.25,1.49,0.12,22.71875,22.71875,23.03125,23.0,3.7,0.0,0.0,0.0
13.2562,0x2B0,0.0,0.0,1.0,6.25,1.49,0.12,22.71875,22.71875,23.03125,23.0,3.7,0.0,0.0,0.0
13.25798,0x316,0.0,0.0,1.0,6.25,1.49,0.12,22.71875,22.71875,23.03125,23.0,3.7,0.0,0.0,0.0
13.26483,0x220,0.0,0.0,1.0,6.25,1.64,0.16,22.71875,22.71875,23.03125,23.0,3.7,0.0,0.0,0.0
13.26616,0x2B0,0.0,0.0,1.0,6.25,1.64,0.16,22.71875,22.71875,23.03125,23.0,3.7,0.0,0.0,0.0
13.26798,0x316,0.0,0.0,1.0,6.25,1.64,0.16,22.71875,22.71875,23.03125,23.0,3.7,0.0,0.0,0.0
13.27483,0x220,0.0,0.0,1.0,6.25,1.75,0.25,22.71875,22.71875,23.03125,23.0,3.7,0.0,0.0,0.0
13.27577,0x386,0.0,0.0,1.0,6.25,1.75,0.25,23.3125,23.5,22.875,22.875,3.7,0.0,0.0,0.0
13.27619,0x2B0,0.0,0.0,1.0,6.25,1.75,0.25,23.3125,23.5,22.875,22.875,3.7,0.0,0.0,0.0
13.27809,0x316,0.0,0.0,1.0,6.25,1.75,0.25,23.3125,23.5,22.875,22.875,3.7,0.0,0.0,0.0
13.28485,0x220,0.0,0.0,1.0,6.25,1.81,0.34,23.3125,23.5,22.875,22.875,3.7,0.0,0.0,0.0
13.28607,0x2B0,0.0,0.0,1.0,6.25,1.81,0.34,23.3125,23.5,22.875,22.875,3.7,0.0,0.0,0.0
13.28789,0x316,0.0,0.0,1.0,6.25,1.81,0.34,23.3125,23.5,22.875,22.875,3.7,0.0,0.0,0.0
13.29484,0x220,0.0,0.0,1.0,6.25,1.79,0.36,23.3125,23.5,22.875,22.875,3.7,0.0,0.0,0.0
13.29578,0x386,0.0,0.0,1.0,6.25,1.79,0.36,23.3125,23.34375,22.90625,23.125,3.7,0.0,0.0,0.0
13.29619,0x2B0,0.0,0.0,1.0,6.25,1.79,0.36,23.3125,23.34375,22.90625,23.125,3.7,0.0,0.0,0.0
13.29794,0x316,0.0,0.0,1.0,6.25,1.79,0.36,23.3125,23.34375,22.90625,23.125,3.7,0.0,0.0,0.0
13.30483,0x220,0.0,0.0,1.0,6.25,1.7,0.29,23.3125,23.34375,22.90625,23.125,3.7,0.0,0.0,0.0
13.30608,0x2B0,0.0,0.0,1.0,6.25,1.7,0.29,23.3125,23.34375,22.90625,23.125,3.7,0.0,0.0,0.0
13.30789,0x316,0.0,0.0,1.0,6.25,1.7,0.29,23.3125,23.34375,22.90625,23.125,3.7,0.0,0.0,0.0
13.31483,0x220,0.0,0.0,1.0,6.25,1.59,0.26,23.3125,23.34375,22.90625,23.125,3.7,0.0,0.0,0.0
13.31576,0x386,0.0,0.0,1.0,6.25,1.59,0.26,23.375,23.34375,22.9375,23.03125,3.7,0.0,0.0,0.0
13.31618,0x2B0,0.0,0.0,1.0,6.25,1.59,0.26,23.375,23.34375,22.9375,23.03125,3.7,0.0,0.0,0.0
13.31792,0x316,0.0,0.0,1.0,6.25,1.59,0.26,23.375,23.34375,22.9375,23.03125,3.7,0.0,0.0,0.0
13.32484,0x220,0.0,0.0,1.0,6.25,1.5,0.31,23.375,23.34375,22.9375,23.03125,3.7,0.0,0.0,0.0
13.32615,0x2B0,0.0,0.0,1.0,6.25,1.5,0.31,23.375,23.34375,22.9375,23.03125,3.7,0.0,0.0,0.0
13.32789,0x316,0.0,0.0,1.0,6.25,1.5,0.31,23.375,23.34375,22.9375,23.03125,3.7,0.0,0.0,0.0
13.33483,0x220,0.0,0.0,1.0,6.25,1.48,0.35,23.375,23.34375,22.9375,23.03125,3.7,0.0,0.0,0.0
13.33577,0x386,0.0,0.0,1.0,6.25,1.48,0.35,23.28125,23.28125,22.90625,23.03125,3.7,0.0,0.0,0.0
13.33619,0x2B0,0.0,0.0,1.0,6.25,1.48,0.35,23.28125,23.28125,22.90625,23.03125,3.6,0.0,0.0,0.0
13.33798,0x316,0.0,0.0,1.0,6.25,1.48,0.35,23.28125,23.28125,22.90625,23.03125,3.6,0.0,0.0,0.0
13.34484,0x220,0.0,0.0,1.0,6.25,1.48,0.33,23.28125,23.28125,22.90625,23.03125,3.6,0.0,0.0,0.0
13.34612,0x2B0,0.0,0.0,1.0,6.25,1.48,0.33,23.28125,23.28125,22.90625,23.03125,3.6,0.0,0.0,0.0
13.34872,0x316,0.0,0.0,1.0,6.25,1.48,0.33,23.28125,23.28125,22.90625,23.03125,3.6,0.0,0.0,0.0
13.35484,0x220,0.0,0.0,1.0,6.25,1.46,0.31,23.28125,23.28125,22.90625,23.03125,3.6,0.0,0.0,0.0
13.35578,0x386,0.0,0.0,1.0,6.25,1.46,0.31,23.5,23.34375,22.71875,23.0,3.6,0.0,0.0,0.0
13.3562,0x2B0,0.0,0.0,1.0,6.25,1.46,0.31,23.5,23.34375,22.71875,23.0,3.4,8.0,0.0,0.0
13.35793,0x316,0.0,0.0,1.0,6.25,1.46,0.31,23.5,23.34375,22.71875,23.0,3.4,8.0,0.0,0.0
13.36484,0x220,0.0,0.0,1.0,6.25,1.46,0.35,23.5,23.34375,22.71875,23.0,3.4,8.0,0.0,0.0
13.36609,0x2B0,0.0,0.0,1.0,6.25,1.46,0.35,23.5,23.34375,22.71875,23.0,3.4,8.0,0.0,0.0
13.36799,0x316,0.0,0.0,1.0,6.25,1.46,0.35,23.5,23.34375,22.71875,23.0,3.4,8.0,0.0,0.0
13.37484,0x220,0.0,0.0,1.0,6.25,1.49,0.31,23.5,23.34375,22.71875,23.0,3.4,8.0,0.0,0.0
13.37579,0x386,0.0,0.0,1.0,6.25,1.49,0.31,23.34375,23.28125,22.8125,23.0,3.4,8.0,0.0,0.0
13.37621,0x2B0,0.0,0.0,1.0,6.25,1.49,0.31,23.34375,23.28125,22.8125,23.0,3.3,0.0,0.0,0.0
13.3781,0x316,0.0,0.0,1.0,6.25,1.49,0.31,23.34375,23.28125,22.8125,23.0,3.3,0.0,0.0,0.0
13.38484,0x220,0.0,0.0,1.0,6.25,1.53,0.18,23.34375,23.28125,22.8125,23.0,3.3,0.0,0.0,0.0
13.38603,0x2B0,0.0,0.0,1.0,6.25,1.53,0.18,23.34375,23.28125,22.8125,23.0,3.3,0.0,0.0,0.0
13.38799,0x316,0.0,0.0,1.0,6.25,1.53,0.18,23.34375,23.28125,22.8125,23.0,3.3,0.0,0.0,0.0
13.39485,0x220,0.0,0.0,1.0,6.25,1.58,0.07,23.34375,23.28125,22.8125,23.0,3.3,0.0,0.0,0.0
13.39579,0x386,0.0,0.0,1.0,6.25,1.58,0.07,23.40625,23.4375,22.59375,23.125,3.3,0.0,0.0,0.0
13.39621,0x2B0,0.0,0.0,1.0,6.25,1.58,0.07,23.40625,23.4375,22.59375,23.125,3.3,0.0,0.0,0.0
13.39796,0x316,0.0,0.0,1.0,6.25,1.58,0.07,23.40625,23.4375,22.59375,23.125,3.3,0.0,0.0,0.0
13.40483,0x220,0.0,0.0,1.0,6.25,1.59,0.09,23.40625,23.4375,22.59375,23.125,3.3,0.0,0.0,0.0
13.40603,0x2B0,0.0,0.0,1.0,6.25,1.59,0.09,23.40625,23.4375,22.59375,23.125,3.3,0.0,0.0,0.0
13.40787,0x316,0.0,0.0,1.0,6.25,1.59,0.09,23.40625,23.4375,22.59375,23.125,3.3,0.0,0.0,0.0
13.41483,0x220,0.0,0.0,1.0,6.25,1.64,0.19,23.40625,23.4375,22.59375,23.125,3.3,0.0,0.0,0.0
13.41578,0x386,0.0,0.0,1.0,6.25,1.64,0.19,23.3125,23.40625,22.84375,23.0625,3.3,0.0,0.0,0.0
13.4162,0x2B0,0.0,0.0,1.0,6.25,1.64,0.19,23.3125,23.40625,22.84375,23.0625,3.3,0.0,0.0,0.0
13.41792,0x316,0.0,0.0,1.0,6.25,1.64,0.19,23.3125,23.40625,22.84375,23.0625,3.3,0.0,0.0,0.0
13.42486,0x220,0.0,0.0,1.0,6.25,1.79,0.27,23.3125,23.40625,22.84375,23.0625,3.3,0.0,0.0,0.0
13.42602,0x2B0,0.0,0.0,1.0,6.25,1.79,0.27,23.3125,23.40625,22.84375,23.0625,3.3,0.0,0.0,0.0
13.42793,0x316,0.0,0.0,1.0,6.25,1.79,0.27,23.3125,23.40625,22.84375,23.0625,3.3,0.0,0.0,0.0
13.43484,0x220,0.0,0.0,1.0,6.25,1.97,0.2,23.3125,23.40625,22.84375,23.0625,3.3,0.0,0.0,0.0
13.43577,0x386,0.0,0.0,1.0,6.25,1.97,0.2,23.21875,23.46875,22.875,23.03125,3.3,0.0,0.0,0.0
13.43619,0x2B0,0.0,0.0,1.0,6.25,1.97,0.2,23.21875,23.46875,22.875,23.03125,3.3,0.0,0.0,0.0
13.43801,0x316,0.0,0.0,1.0,6.25,1.97,0.2,23.21875,23.46875,22.875,23.03125,3.3,0.0,0.0,0.0
13.44485,0x220,0.0,0.0,1.0,6.25,2.08,0.02,23.21875,23.46875,22.875,23.03125,3.3,0.0,0.0,0.0
13.44601,0x2B0,0.0,0.0,1.0,6.25,2.08,0.02,23.21875,23.46875,22.875,23.03125,3.3,0.0,0.0,0.0
13.4487,0x316,0.0,0.0,1.0,6.25,2.08,0.02,23.21875,23.46875,22.875,23.03125,3.3,0.0,0.0,0.0
13.45484,0x220,0.0,0.0,1.0,6.25,2.08,-0.02,23.21875,23.46875,22.875,23.03125,3.3,0.0,0.0,0.0
13.45578,0x386,0.0,0.0,1.0,6.25,2.08,-0.02,23.1875,23.28125,22.84375,22.9375,3.3,0.0,0.0,0.0
13.45621,0x2B0,0.0,0.0,1.0,6.25,2.08,-0.02,23.1875,23.28125,22.84375,22.9375,3.3,0.0,0.0,0.0
13.45792,0x316,0.0,0.0,1.0,6.25,2.08,-0.02,23.1875,23.28125,22.84375,22.9375,3.3,0.0,0.0,0.0
13.46484,0x220,0.0,0.0,1.0,6.25,2.0,0.0,23.1875,23.28125,22.84375,22.9375,3.3,0.0,0.0,0.0
13.46602,0x2B0,0.0,0.0,1.0,6.25,2.0,0.0,23.1875,23.28125,22.84375,22.9375,3.3,0.0,0.0,0.0
13.468,0x316,0.0,0.0,1.0,6.25,2.0,0.0,23.1875,23.28125,22.84375,22.9375,3.3,0.0,0.0,0.0
13.47484,0x220,0.0,0.0,1.0,6.25,1.84,0.02,23.1875,23.28125,22.84375,22.9375,3.3,0.0,0.0,0.0
13.47578,0x386,0.0,0.0,1.0,6.25,1.84,0.02,23.28125,23.4375,22.8125,23.0,3.3,0.0,0.0,0.0
13.4762,0x2B0,0.0,0.0,1.0,6.25,1.84,0.02,23.28125,23.4375,22.8125,23.0,3.3,0.0,0.0,0.0
13.47816,0x316,0.0,0.0,1.0,6.25,1.84,0.02,23.28125,23.4375,22.8125,23.0,3.3,0.0,0.0,0.0
13.48484,0x220,0.0,0.0,1.0,6.25,1.65,0.01,23.28125,23.4375,22.8125,23.0,3.3,0.0,0.0,0.0
13.48601,0x2B0,0.0,0.0,1.0,6.25,1.65,0.01,23.28125,23.4375,22.8125,23.0,3.3,0.0,0.0,0.0
13.4879,0x316,0.0,0.0,1.0,6.25,1.65,0.01,23.28125,23.4375,22.8125,23.0,3.3,0.0,0.0,0.0
13.49485,0x220,0.0,0.0,1.0,6.25,1.5,-0.06,23.28125,23.4375,22.8125,23.0,3.3,0.0,0.0,0.0
13.49581,0x386,0.0,0.0,1.0,6.25,1.5,-0.06,23.21875,23.40625,22.875,22.9375,3.3,0.0,0.0,0.0
13.49623,0x2B0,0.0,0.0,1.0,6.25,1.5,-0.06,23.21875,23.40625,22.875,22.9375,3.3,0.0,0.0,0.0
13.49792,0x316,0.0,0.0,1.0,6.25,1.5,-0.06,23.21875,23.40625,22.875,22.9375,3.3,0.0,0.0,0.0
13.50484,0x220,0.0,0.0,1.0,6.25,1.46,-0.13,23.21875,23.40625,22.875,22.9375,3.3,0.0,0.0,0.0
13.50601,0x2B0,0.0,0.0,1.0,6.25,1.46,-0.13,23.21875,23.40625,22.875,22.9375,3.3,0.0,0.0,0.0
13.50789,0x316,0.0,0.0,1.0,6.25,1.46,-0.13,23.21875,23.40625,22.875,22.9375,3.3,0.0,0.0,0.0
13.51484,0x220,0.0,0.0,1.0,6.25,1.56,-0.12,23.21875,23.40625,22.875,22.9375,3.3,0.0,0.0,0.0
13.51579,0x386,0.0,0.0,1.0,6.25,1.56,-0.12,23.46875,23.4375,23.0,22.96875,3.3,0.0,0.0,0.0
13.51621,0x2B0,0.0,0.0,1.0,6.25,1.56,-0.12,23.46875,23.4375,23.0,22.96875,3.3,0.0,0.0,0.0
13.51796,0x316,0.0,0.0,1.0,6.25,1.56,-0.12,23.46875,23.4375,23.0,22.96875,3.3,0.0,0.0,0.0
13.52484,0x220,0.0,0.0,1.0,6.25,1.7,-0.04,23.46875,23.4375,23.0,22.96875,3.3,0.0,0.0,0.0
13.52611,0x2B0,0.0,0.0,1.0,6.25,1.7,-0.04,23.46875,23.4375,23.0,22.96875,3.3,0.0,0.0,0.0
13.52789,0x316,0.0,0.0,1.0,6.25,1.7,-0.04,23.46875,23.4375,23.0,22.96875,3.3,0.0,0.0,0.0
13.53484,0x220,0.0,0.0,1.0,6.25,1.84,0.0,23.46875,23.4375,23.0,22.96875,3.3,0.0,0.0,0.0
13.53578,0x386,0.0,0.0,1.0,6.25,1.84,0.0,23.28125,23.53125,22.90625,23.03125,3.3,0.0,0.0,0.0
13.5362,0x2B0,0.0,0.0,1.0,6.25,1.84,0.0,23.28125,23.53125,22.90625,23.03125,3.5,8.0,0.0,0.0
13.53796,0x316,0.0,0.0,1.0,6.25,1.84,0.0,23.28125,23.53125,22.90625,23.03125,3.5,8.0,0.0,0.0
13.54484,0x220,0.0,0.0,1.0,6.25,1.93,-0.06,23.28125,23.53125,22.90625,23.03125,3.5,8.0,0.0,0.0
13.54608,0x2B0,0.0,0.0,1.0,6.25,1.93,-0.06,23.28125,23.53125,22.90625,23.03125,3.5,8.0,0.0,0.0
13.54883,0x316,0.0,0.0,1.0,6.25,1.93,-0.06,23.28125,23.53125,22.90625,23.03125,3.5,8.0,0.0,0.0
13.55485,0x220,0.0,0.0,1.0,6.25,1.92,-0.06,23.28125,23.53125,22.90625,23.03125,3.5,8.0,0.0,0.0
13.55579,0x386,0.0,0.0,1.0,6.25,1.92,-0.06,23.375,23.5,22.96875,22.9375,3.5,8.0,0.0,0.0
13.55622,0x2B0,0.0,0.0,1.0,6.25,1.92,-0.06,23.375,23.5,22.96875,22.9375,3.6,0.0,0.0,0.0
13.55797,0x316,0.0,0.0,1.0,6.25,1.92,-0.06,23.375,23.5,22.96875,22.9375,3.6,0.0,0.0,0.0
13.56484,0x220,0.0,0.0,1.0,6.25,1.85,0.07,23.375,23.5,22.96875,22.9375,3.6,0.0,0.0,0.0
13.56607,0x2B0,0.0,0.0,1.0,6.25,1.85,0.07,23.375,23.5,22.96875,22.9375,3.6,0.0,0.0,0.0
13.56796,0x316,0.0,0.0,1.0,6.25,1.85,0.07,23.375,23.5,22.96875,22.9375,3.6,0.0,0.0,0.0
13.57484,0x220,0.0,0.0,1.0,6.25,1.82,0.19,23.375,23.5,22.96875,22.9375,3.6,0.0,0.0,0.0
13.57579,0x386,0.0,0.0,1.0,6.25,1.82,0.19,23.28125,23.28125,22.96875,23.0,3.6,0.0,0.0,0.0
13.57621,0x2B0,0.0,0.0,1.0,6.25,1.82,0.19,23.28125,23.28125,22.96875,23.0,3.6,0.0,0.0,0.0
13.57809,0x316,0.0,0.0,1.0,6.25,1.82,0.19,23.28125,23.28125,22.96875,23.0,3.6,0.0,0.0,0.0
13.58485,0x220,0.0,0.0,1.0,6.25,1.82,0.09,23.28125,23.28125,22.96875,23.0,3.6,0.0,0.0,0.0
13.58607,0x2B0,0.0,0.0,1.0,6.25,1.82,0.09,23.28125,23.28125,22.96875,23.0,3.6,0.0,0.0,0.0
13.58792,0x316,0.0,0.0,1.0,6.25,1.82,0.09,23.28125,23.28125,22.96875,23.0,3.6,0.0,0.0,0.0
13.59485,0x220,0.0,0.0,1.0,6.25,1.74,-0.01,23.28125,23.28125,22.96875,23.0,3.6,0.0,0.0,0.0
13.59579,0x386,0.0,0.0,1.0,6.25,1.74,-0.01,23.375,23.40625,22.9375,23.03125,3.6,0.0,0.0,0.0
13.59621,0x2B0,0.0,0.0,1.0,6.25,1.74,-0.01,23.375,23.40625,22.9375,23.03125,3.6,0.0,0.0,0.0
13.59796,0x316,0.0,0.0,1.0,6.25,1.74,-0.01,23.375,23.40625,22.9375,23.03125,3.6,0.0,0.0,0.0
13.60485,0x220,0.0,0.0,1.0,6.25,1.66,0.06,23.375,23.40625,22.9375,23.03125,3.6,0.0,0.0,0.0
13.60607,0x2B0,0.0,0.0,1.0,6.25,1.66,0.06,23.375,23.40625,22.9375,23.03125,3.6,0.0,0.0,0.0
13.60786,0x316,0.0,0.0,1.0,6.25,1.66,0.06,23.375,23.40625,22.9375,23.03125,3.6,0.0,0.0,0.0
13.61484,0x220,0.0,0.0,1.0,6.25,1.68,0.21,23.375,23.40625,22.9375,23.03125,3.6,0.0,0.0,0.0
13.61578,0x386,0.0,0.0,1.0,6.25,1.68,0.21,23.34375,23.25,22.84375,23.03125,3.6,0.0,0.0,0.0
13.6162,0x2B0,0.0,0.0,1.0,6.25,1.68,0.21,23.34375,23.25,22.84375,23.03125,3.6,0.0,0.0,0.0
13.61792,0x316,0.0,0.0,1.0,6.25,1.68,0.21,23.34375,23.25,22.84375,23.03125,3.6,0.0,0.0,0.0
13.62485,0x220,0.0,0.0,1.0,6.25,1.72,0.21,23.34375,23.25,22.84375,23.03125,3.6,0.0,0.0,0.0
13.62612,0x2B0,0.0,0.0,1.0,6.25,1.72,0.21,23.34375,23.25,22.84375,23.03125,3.6,0.0,0.0,0.0
13.6279,0x316,0.0,0.0,1.0,6.25,1.72,0.21,23.34375,23.25,22.84375,23.03125,3.6,0.0,0.0,0.0
13.63484,0x220,0.0,0.0,1.0,6.25,1.63,0.11,23.34375,23.25,22.84375,23.03125,3.6,0.0,0.0,0.0
13.63578,0x386,0.0,0.0,1.0,6.25,1.63,0.11,23.59375,23.375,22.71875,23.0625,3.6,0.0,0.0,0.0
13.63621,0x2B0,0.0,0.0,1.0,6.25,1.63,0.11,23.59375,23.375,22.71875,23.0625,3.6,0.0,0.0,0.0
13.63801,0x316,0.0,0.0,1.0,6.25,1.63,0.11,23.59375,23.375,22.71875,23.0625,3.6,0.0,0.0,0.0
13.64485,0x220,0.0,0.0,1.0,6.25,1.43,0.03,23.59375,23.375,22.71875,23.0625,3.6,0.0,0.0,0.0
13.64612,0x2B0,0.0,0.0,1.0,6.25,1.43,0.03,23.59375,23.375,22.71875,23.0625,3.6,0.0,0.0,0.0
13.64868,0x316,0.0,0.0,1.0,6.25,1.43,0.03,23.59375,23.375,22.71875,23.0625,3.6,0.0,0.0,0.0
13.65485,0x220,0.0,0.0,1.0,6.25,1.29,0.04,23.59375,23.375,22.71875,23.0625,3.6,0.0,0.0,0.0
13.65581,0x386,0.0,0.0,1.0,6.25,1.29,0.04,23.59375,23.40625,22.71875,23.03125,3.6,0.0,0.0,0.0
13.65623,0x2B0,0.0,0.0,1.0,6.25,1.29,0.04,23.59375,23.40625,22.71875,23.03125,3.6,0.0,0.0,0.0
13.65792,0x316,0.0,0.0,1.0,6.25,1.29,0.04,23.59375,23.40625,22.71875,23.03125,3.6,0.0,0.0,0.0
13.66485,0x220,0.0,0.0,1.0,6.25,1.26,0.15,23.59375,23.40625,22.71875,23.03125,3.6,0.0,0.0,0.0
13.66606,0x2B0,0.0,0.0,1.0,6.25,1.26,0.15,23.59375,23.40625,22.71875,23.03125,3.6,0.0,0.0,0.0
13.66795,0x316,0.0,0.0,1.0,6.25,1.26,0.15,23.59375,23.40625,22.71875,23.03125,3.6,0.0,0.0,0.0
13.67484,0x220,0.0,0.0,1.0,6.25,1.35,0.19,23.59375,23.40625,22.71875,23.03125,3.6,0.0,0.0,0.0
13.67579,0x386,0.0,0.0,1.0,6.25,1.35,0.19,23.46875,23.15625,22.8125,22.875,3.6,0.0,0.0,0.0
13.67621,0x2B0,0.0,0.0,1.0,6.25,1.35,0.19,23.46875,23.15625,22.8125,22.875,3.6,0.0,0.0,0.0
13.67822,0x316,0.0,0.0,1.0,6.25,1.35,0.19,23.46875,23.15625,22.8125,22.875,3.6,0.0,0.0,0.0
13.68485,0x220,0.0,0.0,1.0,6.25,1.56,0.1,23.46875,23.15625,22.8125,22.875,3.6,0.0,0.0,0.0
13.68606,0x2B0,0.0,0.0,1.0,6.25,1.56,0.1,23.46875,23.15625,22.8125,22.875,3.7,0.0,0.0,0.0
13.68789,0x316,0.0,0.0,1.0,6.25,1.56,0.1,23.46875,23.15625,22.8125,22.875,3.7,0.0,0.0,0.0
13.69485,0x220,0.0,0.0,1.0,6.25,1.77,0.04,23.46875,23.15625,22.8125,22.875,3.7,0.0,0.0,0.0
13.6958,0x386,0.0,0.0,1.0,6.25,1.77,0.04,23.34375,23.125,23.09375,22.96875,3.7,0.0,0.0,0.0
13.69622,0x2B0,0.0,0.0,1.0,6.25,1.77,0.04,23.34375,23.125,23.09375,22.96875,3.7,0.0,0.0,0.0
13.69794,0x316,0.0,0.0,1.0,6.25,1.77,0.04,23.34375,23.125,23.09375,22.96875,3.7,0.0,0.0,0.0
13.70484,0x220,0.0,0.0,1.0,6.25,1.93,0.04,23.34375,23.125,23.09375,22.96875,3.7,0.0,0.0,0.0
13.70609,0x2B0,0.0,0.0,1.0,6.25,1.93,0.04,23.34375,23.125,23.09375,22.96875,3.9,8.0,0.0,0.0
13.70786,0x316,0.0,0.0,1.0,6.25,1.93,0.04,23.34375,23.125,23.09375,22.96875,3.9,8.0,0.0,0.0
13.71485,0x220,0.0,0.0,1.0,6.25,2.04,0.1,23.34375,23.125,23.09375,22.96875,3.9,8.0,0.0,0.0
13.71579,0x386,0.0,0.0,1.0,6.25,2.04,0.1,23.3125,23.5,23.0,23.0625,3.9,8.0,0.0,0.0
13.71621,0x2B0,0.0,0.0,1.0,6.25,2.04,0.1,23.3125,23.5,23.0,23.0625,3.9,8.0,0.0,0.0
13.71804,0x316,0.0,0.0,1.0,6.25,2.04,0.1,23.3125,23.5,23.0,23.0625,3.9,8.0,0.0,0.0
13.72485,0x220,0.0,0.0,1.0,6.25,2.06,0.1,23.3125,23.5,23.0,23.0625,3.9,8.0,0.0,0.0
13.72607,0x2B0,0.0,0.0,1.0,6.25,2.06,0.1,23.3125,23.5,23.0,23.0625,3.9,0.0,0.0,0.0
13.72789,0x316,0.0,0.0,1.0,6.25,2.06,0.1,23.3125,23.5,23.0,23.0625,3.9,0.0,0.0,0.0
13.73485,0x220,0.0,0.0,1.0,6.25,2.0,-0.05,23.3125,23.5,23.0,23.0625,3.9,0.0,0.0,0.0
13.73579,0x386,0.0,0.0,1.0,6.25,2.0,-0.05,23.78125,23.59375,22.875,23.09375,3.9,0.0,0.0,0.0
13.73621,0x2B0,0.0,0.0,1.0,6.25,2.0,-0.05,23.78125,23.59375,22.875,23.09375,3.9,0.0,0.0,0.0
13.73797,0x316,0.0,0.0,1.0,6.25,2.0,-0.05,23.78125,23.59375,22.875,23.09375,3.9,0.0,0.0,0.0
13.74484,0x220,0.0,0.0,1.0,6.25,1.8,-0.24,23.78125,23.59375,22.875,23.09375,3.9,0.0,0.0,0.0
13.74612,0x2B0,0.0,0.0,1.0,6.25,1.8,-0.24,23.78125,23.59375,22.875,23.09375,3.9,0.0,0.0,0.0
13.74867,0x316,0.0,0.0,1.0,6.25,1.8,-0.24,23.78125,23.59375,22.875,23.09375,3.9,0.0,0.0,0.0
13.75484,0x220,0.0,0.0,1.0,6.25,1.44,-0.2,23.78125,23.59375,22.875,23.09375,3.9,0.0,0.0,0.0
13.75578,0x386,0.0,0.0,1.0,6.25,1.44,-0.2,23.25,23.4375,22.78125,23.09375,3.9,0.0,0.0,0.0
13.75621,0x2B0,0.0,0.0,1.0,6.25,1.44,-0.2,23.25,23.4375,22.78125,23.09375,3.8,0.0,0.0,0.0
13.75801,0x316,0.0,0.0,1.0,6.25,1.44,-0.2,23.25,23.4375,22.78125,23.09375,3.8,0.0,0.0,0.0
13.76485,0x220,0.0,0.0,1.0,6.25,1.21,0.14,23.25,23.4375,22.78125,23.09375,3.8,0.0,0.0,0.0
13.76611,0x2B0,0.0,0.0,1.0,6.25,1.21,0.14,23.25,23.4375,22.78125,23.09375,3.8,0.0,0.0,0.0
13.76796,0x316,0.0,0.0,1.0,6.25,1.21,0.14,23.25,23.4375,22.78125,23.09375,3.8,0.0,0.0,0.0
13.77485,0x220,0.0,0.0,1.0,6.25,1.21,0.47,23.25,23.4375,22.78125,23.09375,3.8,0.0,0.0,0.0
13.77578,0x386,0.0,0.0,1.0,6.25,1.21,0.47,22.84375,23.375,22.75,23.0625,3.8,0.0,0.0,0.0
13.7762,0x2B0,0.0,0.0,1.0,6.25,1.21,0.47,22.84375,23.375,22.75,23.0625,3.7,0.0,0.0,0.0
13.77809,0x316,0.0,0.0,1.0,6.25,1.21,0.47,22.84375,23.375,22.75,23.0625,3.7,0.0,0.0,0.0
13.78485,0x220,0.0,0.0,1.0,6.25,1.31,0.44,22.84375,23.375,22.75,23.0625,3.7,0.0,0.0,0.0
13.78606,0x2B0,0.0,0.0,1.0,6.25,1.31,0.44,22.84375,23.375,22.75,23.0625,3.7,0.0,0.0,0.0
13.78787,0x316,0.0,0.0,1.0,6.25,1.31,0.44,22.84375,23.375,22.75,23.0625,3.7,0.0,0.0,0.0
13.79486,0x220,0.0,0.0,1.0,6.25,1.4,0.29,22.84375,23.375,22.75,23.0625,3.7,0.0,0.0,0.0
13.79579,0x386,0.0,0.0,1.0,6.25,1.4,0.29,23.1875,23.34375,22.75,23.03125,3.7,0.0,0.0,0.0
13.79621,0x2B0,0.0,0.0,1.0,6.25,1.4,0.29,23.1875,23.34375,22.75,23.03125,3.7,0.0,0.0,0.0
13.798,0x316,0.0,0.0,1.0,6.25,1.4,0.29,23.1875,23.34375,22.75,23.03125,3.7,0.0,0.0,0.0
13.80485,0x220,0.0,0.0,1.0,6.25,1.42,0.3,23.1875,23.34375,22.75,23.03125,3.7,0.0,0.0,0.0
13.80613,0x2B0,0.0,0.0,1.0,6.25,1.42,0.3,23.1875,23.34375,22.75,23.03125,3.7,0.0,0.0,0.0
13.8079,0x316,0.0,0.0,1.0,6.25,1.42,0.3,23.1875,23.34375,22.75,23.03125,3.7,0.0,0.0,0.0
13.81485,0x220,0.0,0.0,1.0,6.25,1.42,0.45,23.1875,23.34375,22.75,23.03125,3.7,0.0,0.0,0.0
13.81579,0x386,0.0,0.0,1.0,6.25,1.42,0.45,23.375,23.375,22.65625,22.90625,3.7,0.0,0.0,0.0
13.81621,0x2B0,0.0,0.0,1.0,6.25,1.42,0.45,23.375,23.375,22.65625,22.90625,3.8,0.0,0.0,0.0
13.81792,0x316,0.0,0.0,1.0,6.25,1.42,0.45,23.375,23.375,22.65625,22.90625,3.8,0.0,0.0,0.0
13.82485,0x220,0.0,0.0,1.0,6.25,1.48,0.57,23.375,23.375,22.65625,22.90625,3.8,0.0,0.0,0.0
13.82607,0x2B0,0.0,0.0,1.0,6.25,1.48,0.57,23.375,23.375,22.65625,22.90625,3.8,0.0,0.0,0.0
13.82786,0x316,0.0,0.0,1.0,6.25,1.48,0.57,23.375,23.375,22.65625,22.90625,3.8,0.0,0.0,0.0
13.83485,0x220,0.0,0.0,1.0,6.25,1.55,0.54,23.375,23.375,22.65625,22.90625,3.8,0.0,0.0,0.0
13.8358,0x386,0.0,0.0,1.0,6.25,1.55,0.54,23.21875,23.4375,22.9375,22.875,3.8,0.0,0.0,0.0
13.83621,0x2B0,0.0,0.0,1.0,6.25,1.55,0.54,23.21875,23.4375,22.9375,22.875,3.8,0.0,0.0,0.0
13.83806,0x316,0.0,0.0,1.0,6.25,1.55,0.54,23.21875,23.4375,22.9375,22.875,3.8,0.0,0.0,0.0
13.84486,0x220,0.0,0.0,1.0,6.25,1.67,0.39,23.21875,23.4375,22.9375,22.875,3.8,0.0,0.0,0.0
13.84608,0x2B0,0.0,0.0,1.0,6.25,1.67,0.39,23.21875,23.4375,22.9375,22.875,3.9,0.0,0.0,0.0
13.84871,0x316,0.0,0.0,1.0,6.25,1.67,0.39,23.21875,23.4375,22.9375,22.875,3.9,0.0,0.0,0.0
13.85485,0x220,0.0,0.0,1.0,6.25,1.83,0.29,23.21875,23.4375,22.9375,22.875,3.9,0.0,0.0,0.0
13.85579,0x386,0.0,0.0,1.0,6.25,1.83,0.29,23.40625,23.4375,22.90625,23.0,3.9,0.0,0.0,0.0
13.85621,0x2B0,0.0,0.0,1.0,6.25,1.83,0.29,23.40625,23.4375,22.90625,23.0,3.9,0.0,0.0,0.0
13.85798,0x316,0.0,0.0,1.0,6.25,1.83,0.29,23.40625,23.4375,22.90625,23.0,3.9,0.0,0.0,0.0
13.86485,0x220,0.0,0.0,1.0,6.25,2.02,0.42,23.40625,23.4375,22.90625,23.0,3.9,0.0,0.0,0.0
13.86612,0x2B0,0.0,0.0,1.0,6.25,2.02,0.42,23.40625,23.4375,22.90625,23.0,3.9,0.0,0.0,0.0
13.86791,0x316,0.0,0.0,1.0,6.25,2.02,0.42,23.40625,23.4375,22.90625,23.0,3.9,0.0,0.0,0.0
13.87485,0x220,0.0,0.0,1.0,6.25,2.2,0.5,23.40625,23.4375,22.90625,23.0,3.9,0.0,0.0,0.0
13.87579,0x386,0.0,0.0,1.0,6.25,2.2,0.5,23.375,23.28125,22.78125,23.0625,3.9,0.0,0.0,0.0
13.87621,0x2B0,0.0,0.0,1.0,6.25,2.2,0.5,23.375,23.28125,22.78125,23.0625,3.8,0.0,0.0,0.0
13.87822,0x316,0.0,0.0,1.0,6.25,2.2,0.5,23.375,23.28125,22.78125,23.0625,3.8,0.0,0.0,0.0
13.88485,0x220,0.0,0.0,1.0,6.25,2.29,0.34,23.375,23.28125,22.78125,23.0625,3.8,0.0,0.0,0.0
13.8861,0x2B0,0.0,0.0,1.0,6.25,2.29,0.34,23.375,23.28125,22.78125,23.0625,3.8,0.0,0.0,0.0
13.88793,0x316,0.0,0.0,1.0,6.25,2.29,0.34,23.375,23.28125,22.78125,23.0625,3.8,0.0,0.0,0.0
13.89485,0x220,0.0,0.0,1.0,6.25,2.22,0.1,23.375,23.28125,22.78125,23.0625,3.8,0.0,0.0,0.0
13.89579,0x386,0.0,0.0,1.0,6.25,2.22,0.1,23.71875,23.65625,22.75,23.0625,3.8,0.0,0.0,0.0
13.89621,0x2B0,0.0,0.0,1.0,6.25,2.22,0.1,23.71875,23.65625,22.75,23.0625,3.6,8.0,0.0,0.0
13.89792,0x316,0.0,0.0,1.0,6.25,2.22,0.1,23.71875,23.65625,22.75,23.0625,3.6,8.0,0.0,0.0
13.90485,0x220,0.0,0.0,1.0,6.25,1.95,0.11,23.71875,23.65625,22.75,23.0625,3.6,8.0,0.0,0.0
13.90607,0x2B0,0.0,0.0,1.0,6.25,1.95,0.11,23.71875,23.65625,22.75,23.0625,3.6,8.0,0.0,0.0
13.90786,0x316,0.0,0.0,1.0,6.25,1.95,0.11,23.71875,23.65625,22.75,23.0625,3.6,8.0,0.0,0.0
13.91485,0x220,0.0,0.0,1.0,6.25,1.64,0.34,23.71875,23.65625,22.75,23.0625,3.6,8.0,0.0,0.0
13.91578,0x386,0.0,0.0,1.0,6.25,1.64,0.34,23.1875,23.5,22.6875,23.0,3.6,8.0,0.0,0.0
13.9162,0x2B0,0.0,0.0,1.0,6.25,1.64,0.34,23.1875,23.5,22.6875,23.0,3.6,0.0,0.0,0.0
13.91799,0x316,0.0,0.0,1.0,6.25,1.64,0.34,23.1875,23.5,22.6875,23.0,3.6,0.0,0.0,0.0
13.92493,0x220,0.0,0.0,1.0,6.25,1.52,0.47,23.1875,23.5,22.6875,23.0,3.6,0.0,0.0,0.0
13.92609,0x2B0,0.0,0.0,1.0,6.25,1.52,0.47,23.1875,23.5,22.6875,23.0,3.5,0.0,0.0,0.0
13.9279,0x316,0.0,0.0,1.0,6.25,1.52,0.47,23.1875,23.5,22.6875,23.0,3.5,0.0,0.0,0.0
13.93485,0x220,0.0,0.0,1.0,6.25,1.62,0.36,23.1875,23.5,22.6875,23.0,3.5,0.0,0.0,0.0
13.93579,0x386,0.0,0.0,1.0,6.25,1.62,0.36,23.21875,23.03125,22.65625,23.03125,3.5,0.0,0.0,0.0
13.9362,0x2B0,0.0,0.0,1.0,6.25,1.62,0.36,23.21875,23.03125,22.65625,23.03125,3.5,0.0,0.0,0.0
13.93795,0x316,0.0,0.0,1.0,6.25,1.62,0.36,23.21875,23.03125,22.65625,23.03125,3.5,0.0,0.0,0.0
13.94486,0x220,0.0,0.0,1.0,6.25,1.81,0.09,23.21875,23.03125,22.65625,23.03125,3.5,0.0,0.0,0.0
13.94604,0x2B0,0.0,0.0,1.0,6.25,1.81,0.09,23.21875,23.03125,22.65625,23.03125,3.5,0.0,0.0,0.0
13.9486,0x316,0.0,0.0,1.0,6.25,1.81,0.09,23.21875,23.03125,22.65625,23.03125,3.5,0.0,0.0,0.0
13.95484,0x220,0.0,0.0,1.0,6.25,2.0,-0.1,23.21875,23.03125,22.65625,23.03125,3.5,0.0,0.0,0.0
13.95579,0x386,0.0,0.0,1.0,6.25,2.0,-0.1,23.59375,23.4375,22.90625,23.03125,3.5,0.0,0.0,0.0
13.9562,0x2B0,0.0,0.0,1.0,6.25,2.0,-0.1,23.59375,23.4375,22.90625,23.03125,3.5,0.0,0.0,0.0
13.95798,0x316,0.0,0.0,1.0,6.25,2.0,-0.1,23.59375,23.4375,22.90625,23.03125,3.5,0.0,0.0,0.0
13.96486,0x220,0.0,0.0,1.0,6.25,2.14,-0.12,23.59375,23.4375,22.90625,23.03125,3.5,0.0,0.0,0.0
13.96606,0x2B0,0.0,0.0,1.0,6.25,2.14,-0.12,23.59375,23.4375,22.90625,23.03125,3.6,0.0,0.0,0.0
13.96803,0x316,0.0,0.0,1.0,6.25,2.14,-0.12,23.59375,23.4375,22.90625,23.03125,3.6,0.0,0.0,0.0
13.97486,0x220,0.0,0.0,1.0,6.25,2.22,0.0,23.59375,23.4375,22.90625,23.03125,3.6,0.0,0.0,0.0
13.9758,0x386,0.0,0.0,1.0,6.25,2.22,0.0,23.40625,23.375,22.84375,23.125,3.6,0.0,0.0,0.0
13.97622,0x2B0,0.0,0.0,1.0,6.25,2.22,0.0,23.40625,23.375,22.84375,23.125,3.6,0.0,0.0,0.0
13.97807,0x316,0.0,0.0,1.0,6.25,2.22,0.0,23.40625,23.375,22.84375,23.125,3.6,0.0,0.0,0.0
13.98485,0x220,0.0,0.0,1.0,6.25,2.22,0.11,23.40625,23.375,22.84375,23.125,3.6,0.0,0.0,0.0
13.98603,0x2B0,0.0,0.0,1.0,6.25,2.22,0.11,23.40625,23.375,22.84375,23.125,3.6,0.0,0.0,0.0
13.98787,0x316,0.0,0.0,1.0,6.25,2.22,0.11,23.40625,23.375,22.84375,23.125,3.6,0.0,0.0,0.0
13.99486,0x220,0.0,0.0,1.0,6.25,2.16,0.04,23.40625,23.375,22.84375,23.125,3.6,0.0,0.0,0.0
13.9958,0x386,0.0,0.0,1.0,6.25,2.16,0.04,23.0625,23.53125,22.8125,23.0,3.6,0.0,0.0,0.0
13.99623,0x2B0,0.0,0.0,1.0,6.25,2.16,0.04,23.0625,23.53125,22.8125,23.0,3.6,0.0,0.0,0.0
13.99798,0x316,0.0,0.0,1.0,6.25,2.16,0.04,23.0625,23.53125,22.8125,23.0,3.6,0.0,0.0,0.0
14.00485,0x220,0.0,0.0,1.0,6.25,2.08,-0.12,23.0625,23.53125,22.8125,23.0,3.6,0.0,0.0,0.0
14.00602,0x2B0,0.0,0.0,1.0,6.25,2.08,-0.12,23.0625,23.53125,22.8125,23.0,3.6,0.0,0.0,0.0
14.00788,0x316,0.0,0.0,1.0,6.25,2.08,-0.12,23.0625,23.53125,22.8125,23.0,3.6,0.0,0.0,0.0
14.01485,0x220,0.0,0.0,1.0,6.25,1.94,-0.27,23.0625,23.53125,22.8125,23.0,3.6,0.0,0.0,0.0
14.01579,0x386,0.0,0.0,1.0,6.25,1.94,-0.27,23.375,23.0625,22.8125,23.0625,3.6,0.0,0.0,0.0
14.01621,0x2B0,0.0,0.0,1.0,6.25,1.94,-0.27,23.375,23.0625,22.8125,23.0625,3.6,0.0,0.0,0.0
14.01791,0x316,0.0,0.0,1.0,6.25,1.94,-0.27,23.375,23.0625,22.8125,23.0625,3.6,0.0,0.0,0.0
14.02485,0x220,0.0,0.0,1.0,6.25,1.76,-0.22,23.375,23.0625,22.8125,23.0625,3.6,0.0,0.0,0.0
14.02609,0x2B0,0.0,0.0,1.0,6.25,1.76,-0.22,23.375,23.0625,22.8125,23.0625,3.6,0.0,0.0,0.0
14.02786,0x316,0.0,0.0,1.0,6.25,1.76,-0.22,23.375,23.0625,22.8125,23.0625,3.6,0.0,0.0,0.0
14.03486,0x220,0.0,0.0,1.0,6.25,1.63,-0.01,23.375,23.0625,22.8125,23.0625,3.6,0.0,0.0,0.0
14.0358,0x386,0.0,0.0,1.0,6.25,1.63,-0.01,23.125,23.21875,22.90625,23.125,3.6,0.0,0.0,0.0
14.03622,0x2B0,0.0,0.0,1.0,6.25,1.63,-0.01,23.125,23.21875,22.90625,23.125,3.5,0.0,0.0,0.0
14.03797,0x316,0.0,0.0,1.0,6.25,1.63,-0.01,23.125,23.21875,22.90625,23.125,3.5,0.0,0.0,0.0
14.04486,0x220,0.0,0.0,1.0,6.25,1.55,0.13,23.125,23.21875,22.90625,23.125,3.5,0.0,0.0,0.0
14.04609,0x2B0,0.0,0.0,1.0,6.25,1.55,0.13,23.125,23.21875,22.90625,23.125,3.5,0.0,0.0,0.0
14.04883,0x316,0.0,0.0,1.0,6.25,1.55,0.13,23.125,23.21875,22.90625,23.125,3.5,0.0,0.0,0.0
14.05485,0x220,0.0,0.0,1.0,6.25,1.49,0.14,23.125,23.21875,22.90625,23.125,3.5,0.0,0.0,0.0
14.0558,0x386,0.0,0.0,1.0,6.25,1.49,0.14,23.1875,23.28125,22.90625,23.25,3.5,0.0,0.0,0.0
14.05621,0x2B0,0.0,0.0,1.0,6.25,1.49,0.14,23.1875,23.28125,22.90625,23.25,3.3,8.0,0.0,0.0
14.05792,0x316,0.0,0.0,1.0,6.25,1.49,0.14,23.1875,23.28125,22.90625,23.25,3.3,8.0,0.0,0.0
14.06485,0x220,0.0,0.0,1.0,6.25,1.4,0.07,23.1875,23.28125,22.90625,23.25,3.3,8.0,0.0,0.0
14.06603,0x2B0,0.0,0.0,1.0,6.25,1.4,0.07,23.1875,23.28125,22.90625,23.25,3.3,8.0,0.0,0.0
14.06795,0x316,0.0,0.0,1.0,6.25,1.4,0.07,23.1875,23.28125,22.90625,23.25,3.3,8.0,0.0,0.0
14.07486,0x220,0.0,0.0,1.0,6.25,1.28,0.07,23.1875,23.28125,22.90625,23.25,3.3,8.0,0.0,0.0
14.0758,0x386,0.0,0.0,1.0,6.25,1.28,0.07,23.34375,22.96875,23.03125,23.25,3.3,8.0,0.0,0.0
14.07622,0x2B0,0.0,0.0,1.0,6.25,1.28,0.07,23.34375,22.96875,23.03125,23.25,3.3,0.0,0.0,0.0
14.0781,0x316,0.0,0.0,1.0,6.25,1.28,0.07,23.34375,22.96875,23.03125,23.25,3.3,0.0,0.0,0.0
14.08486,0x220,0.0,0.0,1.0,6.25,1.18,0.16,23.34375,22.96875,23.03125,23.25,3.3,0.0,0.0,0.0
14.08604,0x2B0,0.0,0.0,1.0,6.25,1.18,0.16,23.34375,22.96875,23.03125,23.25,3.1,8.0,0.0,0.0
14.08797,0x316,0.0,0.0,1.0,6.25,1.18,0.16,23.34375,22.96875,23.03125,23.25,3.1,8.0,0.0,0.0
14.09486,0x220,0.0,0.0,1.0,6.25,1.19,0.23,23.34375,22.96875,23.03125,23.25,3.1,8.0,0.0,0.0
14.09579,0x386,0.0,0.0,1.0,6.25,1.19,0.23,23.1875,23.84375,23.0,23.0625,3.1,8.0,0.0,0.0
14.09621,0x2B0,0.0,0.0,1.0,6.25,1.19,0.23,23.1875,23.84375,23.0,23.0625,2.9,20.0,0.0,0.0
14.09792,0x316,0.0,0.0,1.0,6.25,1.19,0.23,23.1875,23.84375,23.0,23.0625,2.9,20.0,0.0,0.0
14.10486,0x220,0.0,0.0,1.0,6.25,1.29,0.22,23.1875,23.84375,23.0,23.0625,2.9,20.0,0.0,0.0
14.10604,0x2B0,0.0,0.0,1.0,6.25,1.29,0.22,23.1875,23.84375,23.0,23.0625,2.9,8.0,0.0,0.0
14.10788,0x316,0.0,0.0,1.0,6.25,1.29,0.22,23.1875,23.84375,23.0,23.0625,2.9,8.0,0.0,0.0
14.11486,0x220,0.0,0.0,1.0,6.25,1.48,0.16,23.1875,23.84375,23.0,23.0625,2.9,8.0,0.0,0.0
14.1158,0x386,0.0,0.0,1.0,6.25,1.48,0.16,23.09375,23.5,22.90625,22.84375,2.9,8.0,0.0,0.0
14.11621,0x2B0,0.0,0.0,1.0,6.25,1.48,0.16,23.09375,23.5,22.90625,22.84375,2.6,12.0,0.0,0.0
14.11793,0x316,0.0,0.0,1.0,6.25,1.48,0.16,23.09375,23.5,22.90625,22.84375,2.6,12.0,0.0,0.0
14.12485,0x220,0.0,0.0,1.0,6.25,1.67,0.11,23.09375,23.5,22.90625,22.84375,2.6,12.0,0.0,0.0
14.12604,0x2B0,0.0,0.0,1.0,6.25,1.67,0.11,23.09375,23.5,22.90625,22.84375,2.4,24.0,0.0,0.0
14.128,0x316,0.0,0.0,1.0,6.25,1.67,0.11,23.09375,23.5,22.90625,22.84375,2.4,24.0,0.0,0.0
14.13486,0x220,0.0,0.0,1.0,6.25,1.77,0.1,23.09375,23.5,22.90625,22.84375,2.4,24.0,0.0,0.0
14.1358,0x386,0.0,0.0,1.0,6.25,1.77,0.1,23.4375,23.3125,22.90625,22.59375,2.4,24.0,0.0,0.0
14.13622,0x2B0,0.0,0.0,1.0,6.25,1.77,0.1,23.4375,23.3125,22.90625,22.59375,2.2,20.0,0.0,0.0
14.13799,0x316,0.0,0.0,1.0,6.25,1.77,0.1,23.4375,23.3125,22.90625,22.59375,2.2,20.0,0.0,0.0
14.14486,0x220,0.0,0.0,1.0,6.25,1.85,0.08,23.4375,23.3125,22.90625,22.59375,2.2,20.0,0.0,0.0
14.14607,0x2B0,0.0,0.0,1.0,6.25,1.85,0.08,23.4375,23.3125,22.90625,22.59375,2.0,20.0,0.0,0.0
14.14856,0x316,0.0,0.0,1.0,6.25,1.85,0.08,23.4375,23.3125,22.90625,22.59375,2.0,20.0,0.0,0.0
14.15486,0x220,0.0,0.0,1.0,6.25,1.97,0.01,23.4375,23.3125,22.90625,22.59375,2.0,20.0,0.0,0.0
14.1558,0x386,0.0,0.0,1.0,6.25,1.97,0.01,23.4375,23.5,22.65625,22.71875,2.0,20.0,0.0,0.0
14.15623,0x2B0,0.0,0.0,1.0,6.25,1.97,0.01,23.4375,23.5,22.65625,22.71875,1.7,24.0,0.0,0.0
14.15791,0x316,0.0,0.0,1.0,6.25,1.97,0.01,23.4375,23.5,22.65625,22.71875,1.7,24.0,0.0,0.0
14.16487,0x220,0.0,0.0,1.0,6.25,2.09,-0.07,23.4375,23.5,22.65625,22.71875,1.7,24.0,0.0,0.0
14.16606,0x2B0,0.0,0.0,1.0,6.25,2.09,-0.07,23.4375,23.5,22.65625,22.71875,1.5,24.0,0.0,0.0
14.16801,0x316,0.0,0.0,1.0,6.25,2.09,-0.07,23.4375,23.5,22.65625,22.71875,1.5,24.0,0.0,0.0
14.17486,0x220,0.0,0.0,1.0,6.25,2.2,-0.18,23.4375,23.5,22.65625,22.71875,1.5,24.0,0.0,0.0
14.1758,0x386,0.0,0.0,1.0,6.25,2.2,-0.18,23.5,23.53125,22.6875,23.0,1.5,24.0,0.0,0.0
14.17622,0x2B0,0.0,0.0,1.0,6.25,2.2,-0.18,23.5,23.53125,22.6875,23.0,1.4,12.0,0.0,0.0
14.17816,0x316,0.0,0.0,1.0,6.25,2.2,-0.18,23.5,23.53125,22.6875,23.0,1.4,12.0,0.0,0.0
14.18486,0x220,0.0,0.0,1.0,6.25,2.3,-0.28,23.5,23.53125,22.6875,23.0,1.4,12.0,0.0,0.0
14.18607,0x2B0,0.0,0.0,1.0,6.25,2.3,-0.28,23.5,23.53125,22.6875,23.0,1.4,0.0,0.0,0.0
14.18788,0x316,0.0,0.0,1.0,6.25,2.3,-0.28,23.5,23.53125,22.6875,23.0,1.4,0.0,0.0,0.0
14.19487,0x220,0.0,0.0,1.0,6.25,2.34,-0.32,23.5,23.53125,22.6875,23.0,1.4,0.0,0.0,0.0
14.1958,0x386,0.0,0.0,1.0,6.25,2.34,-0.32,23.4375,23.625,23.03125,23.0,1.4,0.0,0.0,0.0
14.19622,0x2B0,0.0,0.0,1.0,6.25,2.34,-0.32,23.4375,23.625,23.03125,23.0,1.4,0.0,0.0,0.0
14.19792,0x316,0.0,0.0,1.0,6.25,2.34,-0.32,23.4375,23.625,23.03125,23.0,1.4,0.0,0.0,0.0
14.20486,0x220,0.0,0.0,1.0,6.25,2.22,-0.29,23.4375,23.625,23.03125,23.0,1.4,0.0,0.0,0.0
14.20603,0x2B0,0.0,0.0,1.0,6.25,2.22,-0.29,23.4375,23.625,23.03125,23.0,1.4,0.0,0.0,0.0
14.20788,0x316,0.0,0.0,1.0,6.25,2.22,-0.29,23.4375,23.625,23.03125,23.0,1.4,0.0,0.0,0.0
14.21486,0x220,0.0,0.0,1.0,6.25,2.0,-0.24,23.4375,23.625,23.03125,23.0,1.4,0.0,0.0,0.0
14.2158,0x386,0.0,0.0,1.0,6.25,2.0,-0.24,23.5,23.34375,22.65625,23.15625,1.4,0.0,0.0,0.0
14.21621,0x2B0,0.0,0.0,1.0,6.25,2.0,-0.24,23.5,23.34375,22.65625,23.15625,1.7,12.0,0.0,0.0
14.21797,0x316,0.0,0.0,1.0,6.25,2.0,-0.24,23.5,23.34375,22.65625,23.15625,1.7,12.0,0.0,0.0
14.22489,0x220,0.0,0.0,1.0,6.25,1.77,-0.14,23.5,23.34375,22.65625,23.15625,1.7,12.0,0.0,0.0
14.22608,0x2B0,0.0,0.0,1.0,6.25,1.77,-0.14,23.5,23.34375,22.65625,23.15625,1.7,12.0,0.0,0.0
14.22786,0x316,0.0,0.0,1.0,6.25,1.77,-0.14,23.5,23.34375,22.65625,23.15625,1.7,12.0,0.0,0.0
14.23485,0x220,0.0,0.0,1.0,6.25,1.53,-0.09,23.5,23.34375,22.65625,23.15625,1.7,12.0,0.0,0.0
14.2358,0x386,0.0,0.0,1.0,6.25,1.53,-0.09,23.5,23.5,23.0,23.03125,1.7,12.0,0.0,0.0
14.23621,0x2B0,0.0,0.0,1.0,6.25,1.53,-0.09,23.5,23.5,23.0,23.03125,2.0,12.0,0.0,0.0
14.23795,0x316,0.0,0.0,1.0,6.25,1.53,-0.09,23.5,23.5,23.0,23.03125,2.0,12.0,0.0,0.0
14.24487,0x220,0.0,0.0,1.0,6.25,1.27,-0.22,23.5,23.5,23.0,23.03125,2.0,12.0,0.0,0.0
14.24607,0x2B0,0.0,0.0,1.0,6.25,1.27,-0.22,23.5,23.5,23.0,23.03125,2.0,12.0,0.0,0.0
14.24888,0x316,0.0,0.0,1.0,6.25,1.27,-0.22,23.5,23.5,23.0,23.03125,2.0,12.0,0.0,0.0
14.25486,0x220,0.0,0.0,1.0,6.25,1.03,-0.45,23.5,23.5,23.0,23.03125,2.0,12.0,0.0,0.0
14.2558,0x386,0.0,0.0,1.0,6.25,1.03,-0.45,23.4375,23.4375,23.21875,23.03125,2.0,12.0,0.0,0.0
14.25622,0x2B0,0.0,0.0,1.0,6.25,1.03,-0.45,23.4375,23.4375,23.21875,23.03125,2.3,12.0,0.0,0.0
14.25793,0x316,0.0,0.0,1.0,6.25,1.03,-0.45,23.4375,23.4375,23.21875,23.03125,2.3,12.0,0.0,0.0
14.26486,0x220,0.0,0.0,1.0,6.25,0.87,-0.49,23.4375,23.4375,23.21875,23.03125,2.3,12.0,0.0,0.0
14.26607,0x2B0,0.0,0.0,1.0,6.25,0.87,-0.49,23.4375,23.4375,23.21875,23.03125,2.3,12.0,0.0,0.0
14.26791,0x316,0.0,0.0,1.0,6.25,0.87,-0.49,23.4375,23.4375,23.21875,23.03125,2.3,12.0,0.0,0.0
14.27485,0x220,0.0,0.0,1.0,6.25,0.89,-0.15,23.4375,23.4375,23.21875,23.03125,2.3,12.0,0.0,0.0
14.27579,0x386,0.0,0.0,1.0,6.25,0.89,-0.15,23.34375,23.53125,23.28125,23.375,2.3,12.0,0.0,0.0
14.27621,0x2B0,0.0,0.0,1.0,6.25,0.89,-0.15,23.34375,23.53125,23.28125,23.375,2.4,0.0,0.0,0.0
14.27804,0x316,0.0,0.0,1.0,6.25,0.89,-0.15,23.34375,23.53125,23.28125,23.375,2.4,0.0,0.0,0.0
14.28486,0x220,0.0,0.0,1.0,6.25,1.18,0.28,23.34375,23.53125,23.28125,23.375,2.4,0.0,0.0,0.0
14.28601,0x2B0,0.0,0.0,1.0,6.25,1.18,0.28,23.34375,23.53125,23.28125,23.375,2.4,0.0,0.0,0.0
14.28792,0x316,0.0,0.0,1.0,6.25,1.18,0.28,23.34375,23.53125,23.28125,23.375,2.4,0.0,0.0,0.0
14.29487,0x220,0.0,0.0,1.0,6.25,1.7,0.37,23.34375,23.53125,23.28125,23.375,2.4,0.0,0.0,0.0
14.29581,0x386,0.0,0.0,1.0,6.25,1.7,0.37,23.1875,23.5625,23.34375,23.4375,2.4,0.0,0.0,0.0
14.29623,0x2B0,0.0,0.0,1.0,6.25,1.7,0.37,23.1875,23.5625,23.34375,23.4375,2.4,0.0,0.0,0.0
14.29793,0x316,0.0,0.0,1.0,6.25,1.7,0.37,23.1875,23.5625,23.34375,23.4375,2.4,0.0,0.0,0.0
14.30486,0x220,0.0,0.0,1.0,6.25,2.04,-0.02,23.1875,23.5625,23.34375,23.4375,2.4,0.0,0.0,0.0
14.30606,0x2B0,0.0,0.0,1.0,6.25,2.04,-0.02,23.1875,23.5625,23.34375,23.4375,2.1,12.0,0.0,0.0
14.30786,0x316,0.0,0.0,1.0,6.25,2.04,-0.02,23.1875,23.5625,23.34375,23.4375,2.1,12.0,0.0,0.0
14.31486,0x220,0.0,0.0,1.0,6.25,1.9,-0.43,23.1875,23.5625,23.34375,23.4375,2.1,12.0,0.0,0.0
14.3158,0x386,0.0,0.0,1.0,6.25,1.9,-0.43,23.4375,24.03125,23.15625,23.53125,2.1,12.0,0.0,0.0
14.31622,0x2B0,0.0,0.0,1.0,6.25,1.9,-0.43,23.4375,24.03125,23.15625,23.53125,2.1,12.0,0.0,0.0
14.31789,0x316,0.0,0.0,1.0,6.25,1.9,-0.43,23.4375,24.03125,23.15625,23.53125,2.1,12.0,0.0,0.0
14.32494,0x220,0.0,0.0,1.0,6.25,1.41,-0.32,23.4375,24.03125,23.15625,23.53125,2.1,12.0,0.0,0.0
14.32606,0x2B0,0.0,0.0,1.0,6.25,1.41,-0.32,23.4375,24.03125,23.15625,23.53125,1.9,8.0,0.0,0.0
14.32788,0x316,0.0,0.0,1.0,6.25,1.41,-0.32,23.4375,24.03125,23.15625,23.53125,1.9,8.0,0.0,0.0
14.33486,0x220,0.0,0.0,1.0,6.25,0.83,0.2,23.4375,24.03125,23.15625,23.53125,1.9,8.0,0.0,0.0
14.3358,0x386,0.0,0.0,1.0,6.25,0.83,0.2,24.6875,22.875,23.21875,23.28125,1.9,8.0,0.0,0.0
14.33623,0x2B0,0.0,0.0,1.0,6.25,0.83,0.2,24.6875,22.875,23.21875,23.28125,1.9,8.0,0.0,0.0
14.33799,0x316,0.0,0.0,1.0,6.25,0.83,0.2,24.6875,22.875,23.21875,23.28125,1.9,8.0,0.0,0.0
14.34486,0x220,0.0,0.0,1.0,6.25,0.43,0.59,24.6875,22.875,23.21875,23.28125,1.9,8.0,0.0,0.0
14.34607,0x2B0,0.0,0.0,1.0,6.25,0.43,0.59,24.6875,22.875,23.21875,23.28125,1.8,0.0,0.0,0.0
14.34869,0x316,0.0,0.0,1.0,6.25,0.43,0.59,24.6875,22.875,23.21875,23.28125,1.8,0.0,0.0,0.0
14.35487,0x220,0.0,0.0,1.0,6.25,0.38,0.56,24.6875,22.875,23.21875,23.28125,1.8,0.0,0.0,0.0
14.35581,0x386,0.0,0.0,1.0,6.25,0.38,0.56,23.0625,23.90625,23.15625,23.0,1.8,0.0,0.0,0.0
14.35624,0x2B0,0.0,0.0,1.0,6.25,0.38,0.56,23.0625,23.90625,23.15625,23.0,1.8,0.0,0.0,0.0
14.35789,0x316,0.0,0.0,1.0,6.25,0.38,0.56,23.0625,23.90625,23.15625,23.0,1.8,0.0,0.0,0.0
14.36486,0x220,0.0,0.0,1.0,6.25,0.68,0.5,23.0625,23.90625,23.15625,23.0,1.8,0.0,0.0,0.0
14.36605,0x2B0,0.0,0.0,1.0,6.25,0.68,0.5,23.0625,23.90625,23.15625,23.0,1.6,8.0,0.0,0.0
14.36796,0x316,0.0,0.0,1.0,6.25,0.68,0.5,23.0625,23.90625,23.15625,23.0,1.6,8.0,0.0,0.0
14.37486,0x220,0.0,0.0,1.0,6.25,1.24,0.58,23.0625,23.90625,23.15625,23.0,1.6,8.0,0.0,0.0
14.3758,0x386,0.0,0.0,1.0,6.25,1.24,0.58,23.1875,23.9375,23.125,22.84375,1.6,8.0,0.0,0.0
14.37622,0x2B0,0.0,0.0,1.0,6.25,1.24,0.58,23.1875,23.9375,23.125,22.84375,1.6,8.0,0.0,0.0
14.37814,0x316,0.0,0.0,1.0,6.25,1.24,0.58,23.1875,23.9375,23.125,22.84375,1.6,8.0,0.0,0.0
14.38485,0x220,0.0,0.0,1.0,6.25,1.83,0.55,23.1875,23.9375,23.125,22.84375,1.6,8.0,0.0,0.0
14.38606,0x2B0,0.0,0.0,1.0,6.25,1.83,0.55,23.1875,23.9375,23.125,22.84375,1.5,0.0,0.0,0.0
14.38787,0x316,0.0,0.0,1.0,6.25,1.83,0.55,23.1875,23.9375,23.125,22.84375,1.5,0.0,0.0,0.0
14.39487,0x220,0.0,0.0,1.0,6.25,2.06,0.32,23.1875,23.9375,23.125,22.84375,1.5,0.0,0.0,0.0
14.3958,0x386,0.0,0.0,1.0,6.25,2.06,0.32,23.5,23.0625,23.09375,22.78125,1.5,0.0,0.0,0.0
14.39622,0x2B0,0.0,0.0,1.0,6.25,2.06,0.32,23.5,23.0625,23.09375,22.78125,1.5,0.0,0.0,0.0
14.39791,0x316,0.0,0.0,1.0,6.25,2.06,0.32,23.5,23.0625,23.09375,22.78125,1.5,0.0,0.0,0.0
14.40487,0x220,0.0,0.0,1.0,6.25,1.77,0.08,23.5,23.0625,23.09375,22.78125,1.5,0.0,0.0,0.0
14.40606,0x2B0,0.0,0.0,1.0,6.25,1.77,0.08,23.5,23.0625,23.09375,22.78125,1.5,0.0,0.0,0.0
14.40785,0x316,0.0,0.0,1.0,6.25,1.77,0.08,23.5,23.0625,23.09375,22.78125,1.5,0.0,0.0,0.0
14.41486,0x220,0.0,0.0,1.0,6.25,1.25,0.02,23.5,23.0625,23.09375,22.78125,1.5,0.0,0.0,0.0
14.4158,0x386,0.0,0.0,1.0,6.25,1.25,0.02,22.90625,23.28125,23.15625,23.3125,1.5,0.0,0.0,0.0
14.41622,0x2B0,0.0,0.0,1.0,6.25,1.25,0.02,22.90625,23.28125,23.15625,23.3125,1.5,0.0,0.0,0.0
14.41798,0x316,0.0,0.0,1.0,6.25,1.25,0.02,22.90625,23.28125,23.15625,23.3125,1.5,0.0,0.0,0.0
14.42498,0x220,0.0,0.0,1.0,6.25,0.92,0.04,22.90625,23.28125,23.15625,23.3125,1.5,0.0,0.0,0.0
14.42606,0x2B0,0.0,0.0,1.0,6.25,0.92,0.04,22.90625,23.28125,23.15625,23.3125,1.5,0.0,0.0,0.0
14.42786,0x316,0.0,0.0,1.0,6.25,0.92,0.04,22.90625,23.28125,23.15625,23.3125,1.5,0.0,0.0,0.0
14.43486,0x220,0.0,0.0,1.0,6.25,0.91,0.13,22.90625,23.28125,23.15625,23.3125,1.5,0.0,0.0,0.0
14.43579,0x386,0.0,0.0,1.0,6.25,0.91,0.13,23.9375,23.5,22.90625,23.3125,1.5,0.0,0.0,0.0
14.43621,0x2B0,0.0,0.0,1.0,6.25,0.91,0.13,23.9375,23.5,22.90625,23.3125,1.5,0.0,0.0,0.0
14.43796,0x316,0.0,0.0,1.0,6.25,0.91,0.13,23.9375,23.5,22.90625,23.3125,1.5,0.0,0.0,0.0
14.44487,0x220,0.0,0.0,1.0,6.25,1.2,0.18,23.9375,23.5,22.90625,23.3125,1.5,0.0,0.0,0.0
14.44607,0x2B0,0.0,0.0,1.0,6.25,1.2,0.18,23.9375,23.5,22.90625,23.3125,1.4,0.0,0.0,0.0
14.44872,0x316,0.0,0.0,1.0,6.25,1.2,0.18,23.9375,23.5,22.90625,23.3125,1.4,0.0,0.0,0.0
14.45487,0x220,0.0,0.0,1.0,6.25,1.61,0.03,23.9375,23.5,22.90625,23.3125,1.4,0.0,0.0,0.0
14.45582,0x386,0.0,0.0,1.0,6.25,1.61,0.03,23.03125,24.0,22.625,22.96875,1.4,0.0,0.0,0.0
14.45624,0x2B0,0.0,0.0,1.0,6.25,1.61,0.03,23.03125,24.0,22.625,22.96875,1.4,0.0,0.0,0.0
14.45798,0x316,0.0,0.0,1.0,6.25,1.61,0.03,23.03125,24.0,22.625,22.96875,1.4,0.0,0.0,0.0
14.46487,0x220,0.0,0.0,1.0,6.25,1.82,-0.08,23.03125,24.0,22.625,22.96875,1.4,0.0,0.0,0.0
14.46607,0x2B0,0.0,0.0,1.0,6.25,1.82,-0.08,23.03125,24.0,22.625,22.96875,1.3,0.0,0.0,0.0
14.46795,0x316,0.0,0.0,1.0,6.25,1.82,-0.08,23.03125,24.0,22.625,22.96875,1.3,0.0,0.0,0.0
14.47487,0x220,0.0,0.0,1.0,6.25,1.74,0.19,23.03125,24.0,22.625,22.96875,1.3,0.0,0.0,0.0
14.47581,0x386,0.0,0.0,1.0,6.25,1.74,0.19,22.9375,23.0,22.28125,22.90625,1.3,0.0,0.0,0.0
14.47623,0x2B0,0.0,0.0,1.0,6.25,1.74,0.19,22.9375,23.0,22.28125,22.90625,1.3,0.0,0.0,0.0
14.47807,0x316,0.0,0.0,1.0,6.25,1.74,0.19,22.9375,23.0,22.28125,22.90625,1.3,0.0,0.0,0.0
14.48487,0x220,0.0,0.0,1.0,6.25,1.5,0.77,22.9375,23.0,22.28125,22.90625,1.3,0.0,0.0,0.0
14.48606,0x2B0,0.0,0.0,1.0,6.25,1.5,0.77,22.9375,23.0,22.28125,22.90625,1.2,0.0,0.0,0.0
14.48788,0x316,0.0,0.0,1.0,6.25,1.5,0.77,22.9375,23.0,22.28125,22.90625,1.2,0.0,0.0,0.0
14.49487,0x220,0.0,0.0,1.0,6.25,1.37,0.98,22.9375,23.0,22.28125,22.90625,1.2,0.0,0.0,0.0
14.49582,0x386,0.0,0.0,1.0,6.25,1.37,0.98,23.0625,23.59375,22.625,22.84375,1.2,0.0,0.0,0.0
14.49623,0x2B0,0.0,0.0,1.0,6.25,1.37,0.98,23.0625,23.59375,22.625,22.84375,1.2,0.0,0.0,0.0
14.49795,0x316,0.0,0.0,1.0,6.25,1.37,0.98,23.0625,23.59375,22.625,22.84375,1.2,0.0,0.0,0.0
14.50487,0x220,0.0,0.0,1.0,6.25,1.52,0.72,23.0625,23.59375,22.625,22.84375,1.2,0.0,0.0,0.0
14.50606,0x2B0,0.0,0.0,1.0,6.25,1.52,0.72,23.0625,23.59375,22.625,22.84375,1.2,0.0,0.0,0.0
14.5079,0x316,0.0,0.0,1.0,6.25,1.52,0.72,23.0625,23.59375,22.625,22.84375,1.2,0.0,0.0,0.0
14.51487,0x220,0.0,0.0,1.0,6.25,1.81,0.15,23.0625,23.59375,22.625,22.84375,1.2,0.0,0.0,0.0
14.5158,0x386,0.0,0.0,1.0,6.25,1.81,0.15,23.65625,23.71875,23.0625,23.09375,1.2,0.0,0.0,0.0
14.51622,0x2B0,0.0,0.0,1.0,6.25,1.81,0.15,23.65625,23.71875,23.0625,23.09375,1.1,0.0,0.0,0.0
14.5179,0x316,0.0,0.0,1.0,6.25,1.81,0.15,23.65625,23.71875,23.0625,23.09375,1.1,0.0,0.0,0.0
14.52503,0x220,0.0,0.0,1.0,6.25,1.94,-0.26,23.65625,23.71875,23.0625,23.09375,1.1,0.0,0.0,0.0
14.52607,0x2B0,0.0,0.0,1.0,6.25,1.94,-0.26,23.65625,23.71875,23.0625,23.09375,1.1,0.0,0.0,0.0
14.52787,0x316,0.0,0.0,1.0,6.25,1.94,-0.26,23.65625,23.71875,23.0625,23.09375,1.1,0.0,0.0,0.0
14.53486,0x220,0.0,0.0,1.0,6.25,1.89,-0.21,23.65625,23.71875,23.0625,23.09375,1.1,0.0,0.0,0.0
14.53579,0x386,0.0,0.0,1.0,6.25,1.89,-0.21,23.65625,23.59375,23.03125,23.5,1.1,0.0,0.0,0.0
14.53621,0x2B0,0.0,0.0,1.0,6.25,1.89,-0.21,23.65625,23.59375,23.03125,23.5,1.1,0.0,0.0,0.0
14.53805,0x316,0.0,0.0,1.0,6.25,1.89,-0.21,23.65625,23.59375,23.03125,23.5,1.1,0.0,0.0,0.0
14.54487,0x220,0.0,0.0,1.0,6.25,1.83,0.18,23.65625,23.59375,23.03125,23.5,1.1,0.0,0.0,0.0
14.54608,0x2B0,0.0,0.0,1.0,6.25,1.83,0.18,23.65625,23.59375,23.03125,23.5,1.1,0.0,0.0,0.0
14.54876,0x316,0.0,0.0,1.0,6.25,1.83,0.18,23.65625,23.59375,23.03125,23.5,1.1,0.0,0.0,0.0
14.55486,0x220,0.0,0.0,1.0,6.25,1.95,0.53,23.65625,23.59375,23.03125,23.5,1.1,0.0,0.0,0.0
14.5558,0x386,0.0,0.0,1.0,6.25,1.95,0.53,23.375,23.71875,22.875,23.34375,1.1,0.0,0.0,0.0
14.55622,0x2B0,0.0,0.0,1.0,6.25,1.95,0.53,23.375,23.71875,22.875,23.34375,1.1,0.0,0.0,0.0
14.55789,0x316,0.0,0.0,1.0,6.25,1.95,0.53,23.375,23.71875,22.875,23.34375,1.1,0.0,0.0,0.0
14.56487,0x220,0.0,0.0,1.0,6.25,2.34,0.49,23.375,23.71875,22.875,23.34375,1.1,0.0,0.0,0.0
14.56609,0x2B0,0.0,0.0,1.0,6.25,2.34,0.49,23.375,23.71875,22.875,23.34375,1.1,0.0,0.0,0.0
14.56796,0x316,0.0,0.0,1.0,6.25,2.34,0.49,23.375,23.71875,22.875,23.34375,1.1,0.0,0.0,0.0
14.57486,0x220,0.0,0.0,1.0,6.25,2.8,0.18,23.375,23.71875,22.875,23.34375,1.1,0.0,0.0,0.0
14.5758,0x386,0.0,0.0,1.0,6.25,2.8,0.18,23.65625,23.59375,23.0625,23.25,1.1,0.0,0.0,0.0
14.57622,0x2B0,0.0,0.0,1.0,6.25,2.8,0.18,23.65625,23.59375,23.0625,23.25,1.3,8.0,0.0,0.0
14.57813,0x316,0.0,0.0,1.0,6.25,2.8,0.18,23.65625,23.59375,23.0625,23.25,1.3,8.0,0.0,0.0
14.58487,0x220,0.0,0.0,1.0,6.25,3.03,-0.11,23.65625,23.59375,23.0625,23.25,1.3,8.0,0.0,0.0
14.58608,0x2B0,0.0,0.0,1.0,6.25,3.03,-0.11,23.65625,23.59375,23.0625,23.25,1.3,8.0,0.0,0.0
14.58791,0x316,0.0,0.0,1.0,6.25,3.03,-0.11,23.65625,23.59375,23.0625,23.25,1.3,8.0,0.0,0.0
14.59488,0x220,0.0,0.0,1.0,6.25,2.82,-0.14,23.65625,23.59375,23.0625,23.25,1.3,8.0,0.0,0.0
14.59581,0x386,0.0,0.0,1.0,6.25,2.82,-0.14,24.0625,23.53125,23.375,23.34375,1.3,8.0,0.0,0.0
14.59624,0x2B0,0.0,0.0,1.0,6.25,2.82,-0.14,24.0625,23.53125,23.375,23.34375,1.6,12.0,0.0,0.0
14.59789,0x316,0.0,0.0,1.0,6.25,2.82,-0.14,24.0625,23.53125,23.375,23.34375,1.6,12.0,0.0,0.0
14.60487,0x220,0.0,0.0,1.0,6.25,2.27,-0.03,24.0625,23.53125,23.375,23.34375,1.6,12.0,0.0,0.0
14.60601,0x2B0,0.0,0.0,1.0,6.25,2.27,-0.03,24.0625,23.53125,23.375,23.34375,1.7,20.0,0.0,0.0
14.60785,0x316,0.0,0.0,1.0,6.25,2.27,-0.03,24.0625,23.53125,23.375,23.34375,1.7,20.0,0.0,0.0
14.61487,0x220,0.0,0.0,1.0,6.25,1.69,0.04,24.0625,23.53125,23.375,23.34375,1.7,20.0,0.0,0.0
14.61581,0x386,0.0,0.0,1.0,6.25,1.69,0.04,23.28125,23.625,23.53125,23.375,1.7,20.0,0.0,0.0
14.61622,0x2B0,0.0,0.0,1.0,6.25,1.69,0.04,23.28125,23.625,23.53125,23.375,1.9,12.0,0.0,0.0
14.61795,0x316,0.0,0.0,1.0,6.25,1.69,0.04,23.28125,23.625,23.53125,23.375,1.9,12.0,0.0,0.0
14.62488,0x220,0.0,0.0,1.0,6.25,1.37,0.15,23.28125,23.625,23.53125,23.375,1.9,12.0,0.0,0.0
14.626,0x2B0,0.0,0.0,1.0,6.25,1.37,0.15,23.28125,23.625,23.53125,23.375,2.1,20.0,0.0,0.0
14.62787,0x316,0.0,0.0,1.0,6.25,1.37,0.15,23.28125,23.625,23.53125,23.375,2.1,20.0,0.0,0.0
14.63488,0x220,0.0,0.0,1.0,6.25,1.53,0.18,23.28125,23.625,23.53125,23.375,2.1,20.0,0.0,0.0
14.63581,0x386,0.0,0.0,1.0,6.25,1.53,0.18,23.15625,23.71875,23.5,23.78125,2.1,20.0,0.0,0.0
14.63623,0x2B0,0.0,0.0,1.0,6.25,1.53,0.18,23.15625,23.71875,23.5,23.78125,2.3,20.0,0.0,0.0
14.63796,0x316,0.0,0.0,1.0,6.25,1.53,0.18,23.15625,23.71875,23.5,23.78125,2.3,20.0,0.0,0.0
14.64488,0x220,0.0,0.0,1.0,6.25,2.06,0.01,23.15625,23.71875,23.5,23.78125,2.3,20.0,0.0,0.0
14.646,0x2B0,0.0,0.0,1.0,6.25,2.06,0.01,23.15625,23.71875,23.5,23.78125,2.5,20.0,0.0,0.0
14.64866,0x316,0.0,0.0,1.0,6.25,2.06,0.01,23.15625,23.71875,23.5,23.78125,2.5,20.0,0.0,0.0
14.65487,0x220,0.0,0.0,1.0,6.25,2.49,-0.3,23.15625,23.71875,23.5,23.78125,2.5,20.0,0.0,0.0
14.65582,0x386,0.0,0.0,1.0,6.25,2.49,-0.3,23.5625,23.84375,23.53125,24.1875,2.5,20.0,0.0,0.0
14.65601,0x2B0,0.0,0.0,1.0,6.25,2.49,-0.3,23.5625,23.84375,23.53125,24.1875,2.8,24.0,0.0,0.0
14.65792,0x316,0.0,0.0,1.0,6.25,2.49,-0.3,23.5625,23.84375,23.53125,24.1875,2.8,24.0,0.0,0.0
14.66487,0x220,0.0,0.0,1.0,6.25,2.5,-0.48,23.5625,23.84375,23.53125,24.1875,2.8,24.0,0.0,0.0
14.66596,0x2B0,0.0,0.0,1.0,6.25,2.5,-0.48,23.5625,23.84375,23.53125,24.1875,2.8,12.0,0.0,0.0
14.66797,0x316,0.0,0.0,1.0,6.25,2.5,-0.48,23.5625,23.84375,23.53125,24.1875,2.8,12.0,0.0,0.0
14.67487,0x220,0.0,0.0,1.0,6.25,2.1,-0.3,23.5625,23.84375,23.53125,24.1875,2.8,12.0,0.0,0.0
14.67582,0x386,0.0,0.0,1.0,6.25,2.1,-0.3,23.65625,23.875,23.71875,24.5,2.8,12.0,0.0,0.0
14.67624,0x2B0,0.0,0.0,1.0,6.25,2.1,-0.3,23.65625,23.875,23.71875,24.5,2.8,0.0,0.0,0.0
14.67808,0x316,0.0,0.0,1.0,6.25,2.1,-0.3,23.65625,23.875,23.71875,24.5,2.8,0.0,0.0,0.0
14.68488,0x220,0.0,0.0,1.0,6.25,1.69,0.02,23.65625,23.875,23.71875,24.5,2.8,0.0,0.0,0.0
14.68599,0x2B0,0.0,0.0,1.0,6.25,1.69,0.02,23.65625,23.875,23.71875,24.5,3.2,20.0,0.0,0.0
14.68788,0x316,0.0,0.0,1.0,6.25,1.69,0.02,23.65625,23.875,23.71875,24.5,3.2,20.0,0.0,0.0
14.69487,0x220,0.0,0.0,1.0,6.25,1.47,0.49,23.65625,23.875,23.71875,24.5,3.2,20.0,0.0,0.0
14.69582,0x386,0.0,0.0,1.0,6.25,1.47,0.49,23.375,23.78125,23.9375,23.78125,3.2,20.0,0.0,0.0
14.696,0x2B0,0.0,0.0,1.0,6.25,1.47,0.49,23.375,23.78125,23.9375,23.78125,3.4,28.0,0.0,0.0
14.69793,0x316,0.0,0.0,1.0,6.25,1.47,0.49,23.375,23.78125,23.9375,23.78125,3.4,28.0,0.0,0.0
14.70487,0x220,0.0,0.0,1.0,6.25,1.59,0.7,23.375,23.78125,23.9375,23.78125,3.4,28.0,0.0,0.0
14.70604,0x2B0,0.0,0.0,1.0,6.25,1.59,0.7,23.375,23.78125,23.9375,23.78125,3.6,20.0,0.0,0.0
14.70787,0x316,0.0,0.0,1.0,6.25,1.59,0.7,23.375,23.78125,23.9375,23.78125,3.6,20.0,0.0,0.0
14.71487,0x220,0.0,0.0,1.0,6.25,1.91,0.41,23.375,23.78125,23.9375,23.78125,3.6,20.0,0.0,0.0
14.71581,0x386,0.0,0.0,1.0,6.25,1.91,0.41,23.96875,23.9375,23.625,23.25,3.6,20.0,0.0,0.0
14.71622,0x2B0,0.0,0.0,1.0,6.25,1.91,0.41,23.96875,23.9375,23.625,23.25,3.9,24.0,0.0,0.0
14.7179,0x316,0.0,0.0,1.0,6.25,1.91,0.41,23.96875,23.9375,23.625,23.25,3.9,24.0,0.0,0.0
14.72488,0x220,0.0,0.0,1.0,6.25,2.13,0.01,23.96875,23.9375,23.625,23.25,3.9,24.0,0.0,0.0
14.72601,0x2B0,0.0,0.0,1.0,6.25,2.13,0.01,23.96875,23.9375,23.625,23.25,4.2,28.0,0.0,0.0
14.72787,0x316,0.0,0.0,1.0,6.25,2.13,0.01,23.96875,23.9375,23.625,23.25,4.2,28.0,0.0,0.0
14.73487,0x220,0.0,0.0,1.0,6.25,2.09,-0.08,23.96875,23.9375,23.625,23.25,4.2,28.0,0.0,0.0
14.73583,0x386,0.0,0.0,1.0,6.25,2.09,-0.08,24.03125,24.0625,23.1875,23.8125,4.2,28.0,0.0,0.0
14.73625,0x2B0,0.0,0.0,1.0,6.25,2.09,-0.08,24.03125,24.0625,23.1875,23.8125,4.4,24.0,0.0,0.0
14.73796,0x316,0.0,0.0,1.0,6.25,2.09,-0.08,24.03125,24.0625,23.1875,23.8125,4.4,24.0,0.0,0.0
14.74487,0x220,0.0,0.0,1.0,6.25,1.91,0.11,24.03125,24.0625,23.1875,23.8125,4.4,24.0,0.0,0.0
14.746,0x2B0,0.0,0.0,1.0,6.25,1.91,0.11,24.03125,24.0625,23.1875,23.8125,4.6,20.0,0.0,0.0
14.74871,0x316,0.0,0.0,1.0,6.25,1.91,0.11,24.03125,24.0625,23.1875,23.8125,4.6,20.0,0.0,0.0
14.75487,0x220,0.0,0.0,1.0,6.25,1.8,0.23,24.03125,24.0625,23.1875,23.8125,4.6,20.0,0.0,0.0
14.75581,0x386,0.0,0.0,1.0,6.25,1.8,0.23,24.3125,24.28125,23.15625,23.6875,4.6,20.0,0.0,0.0
14.756,0x2B0,0.0,0.0,1.0,6.25,1.8,0.23,24.3125,24.28125,23.15625,23.6875,4.8,20.0,0.0,0.0
14.75789,0x316,0.0,0.0,1.0,6.25,1.8,0.23,24.3125,24.28125,23.15625,23.6875,4.8,20.0,0.0,0.0
14.76488,0x220,0.0,0.0,1.0,6.25,1.77,0.0,24.3125,24.28125,23.15625,23.6875,4.8,20.0,0.0,0.0
14.76599,0x2B0,0.0,0.0,1.0,6.25,1.77,0.0,24.3125,24.28125,23.15625,23.6875,5.0,20.0,0.0,0.0
14.76798,0x316,0.0,0.0,1.0,6.25,1.77,0.0,24.3125,24.28125,23.15625,23.6875,5.0,20.0,0.0,0.0
14.77487,0x220,0.0,0.0,1.0,6.25,1.87,-0.35,24.3125,24.28125,23.15625,23.6875,5.0,20.0,0.0,0.0
14.77582,0x386,0.0,0.0,1.0,6.25,1.87,-0.35,24.25,24.28125,23.5,22.9375,5.0,20.0,0.0,0.0
14.77624,0x2B0,0.0,0.0,1.0,6.25,1.87,-0.35,24.25,24.28125,23.5,22.9375,5.0,8.0,0.0,0.0
14.77806,0x316,0.0,0.0,1.0,6.25,1.87,-0.35,24.25,24.28125,23.5,22.9375,5.0,8.0,0.0,0.0
14.78488,0x220,0.0,0.0,1.0,6.25,2.01,-0.44,24.25,24.28125,23.5,22.9375,5.0,8.0,0.0,0.0
14.78599,0x2B0,0.0,0.0,1.0,6.25,2.01,-0.44,24.25,24.28125,23.5,22.9375,5.3,12.0,0.0,0.0
14.78797,0x316,0.0,0.0,1.0,6.25,2.01,-0.44,24.25,24.28125,23.5,22.9375,5.3,12.0,0.0,0.0
14.79488,0x220,0.0,0.0,1.0,6.25,2.11,-0.14,24.25,24.28125,23.5,22.9375,5.3,12.0,0.0,0.0
14.79583,0x386,0.0,0.0,1.0,6.25,2.11,-0.14,24.28125,24.34375,23.375,23.125,5.3,12.0,0.0,0.0
14.79624,0x2B0,0.0,0.0,1.0,6.25,2.11,-0.14,24.28125,24.34375,23.375,23.125,5.3,12.0,0.0,0.0
14.79789,0x316,0.0,0.0,1.0,6.25,2.11,-0.14,24.28125,24.34375,23.375,23.125,5.3,12.0,0.0,0.0
14.80488,0x220,0.0,0.0,1.0,6.25,2.18,0.21,24.28125,24.34375,23.375,23.125,5.3,12.0,0.0,0.0
14.806,0x2B0,0.0,0.0,1.0,6.25,2.18,0.21,24.28125,24.34375,23.375,23.125,5.6,12.0,0.0,0.0
14.80787,0x316,0.0,0.0,1.0,6.25,2.18,0.21,24.28125,24.34375,23.375,23.125,5.6,12.0,0.0,0.0
14.81487,0x220,0.0,0.0,1.0,6.25,2.2,0.26,24.28125,24.34375,23.375,23.125,5.6,12.0,0.0,0.0
14.81581,0x386,0.0,0.0,1.0,6.25,2.2,0.26,24.3125,24.40625,22.4375,23.875,5.6,12.0,0.0,0.0
14.81623,0x2B0,0.0,0.0,1.0,6.25,2.2,0.26,24.3125,24.40625,22.4375,23.875,5.6,12.0,0.0,0.0
14.81788,0x316,0.0,0.0,1.0,6.25,2.2,0.26,24.3125,24.40625,22.4375,23.875,5.6,12.0,0.0,0.0
14.82488,0x220,0.0,0.0,1.0,6.25,2.17,0.0,24.3125,24.40625,22.4375,23.875,5.6,12.0,0.0,0.0
14.82597,0x2B0,0.0,0.0,1.0,6.25,2.17,0.0,24.3125,24.40625,22.4375,23.875,5.7,0.0,0.0,0.0
14.82791,0x316,0.0,0.0,1.0,6.25,2.17,0.0,24.3125,24.40625,22.4375,23.875,5.7,0.0,0.0,0.0
14.83487,0x220,0.0,0.0,1.0,6.25,2.09,-0.26,24.3125,24.40625,22.4375,23.875,5.7,0.0,0.0,0.0
14.83581,0x386,0.0,0.0,1.0,6.25,2.09,-0.26,24.3125,24.34375,23.125,23.4375,5.7,0.0,0.0,0.0
14.83599,0x2B0,0.0,0.0,1.0,6.25,2.09,-0.26,24.3125,24.34375,23.125,23.4375,5.7,0.0,0.0,0.0
14.83797,0x316,0.0,0.0,1.0,6.25,2.09,-0.26,24.3125,24.34375,23.125,23.4375,5.7,0.0,0.0,0.0
14.84487,0x220,0.0,0.0,1.0,6.25,1.98,-0.39,24.3125,24.34375,23.125,23.4375,5.7,0.0,0.0,0.0
14.84593,0x2B0,0.0,0.0,1.0,6.25,1.98,-0.39,24.3125,24.34375,23.125,23.4375,5.7,0.0,0.0,0.0
14.84855,0x316,0.0,0.0,1.0,6.25,1.98,-0.39,24.3125,24.34375,23.125,23.4375,5.7,0.0,0.0,0.0
14.85487,0x220,0.0,0.0,1.0,6.25,1.81,-0.23,24.3125,24.34375,23.125,23.4375,5.7,0.0,0.0,0.0
14.85581,0x386,0.0,0.0,1.0,6.25,1.81,-0.23,24.28125,24.40625,23.65625,23.21875,5.7,0.0,0.0,0.0
14.856,0x2B0,0.0,0.0,1.0,6.25,1.81,-0.23,24.28125,24.40625,23.65625,23.21875,5.7,0.0,0.0,0.0
14.85788,0x316,0.0,0.0,1.0,6.25,1.81,-0.23,24.28125,24.40625,23.65625,23.21875,5.7,0.0,0.0,0.0
14.86487,0x220,0.0,0.0,1.0,6.25,1.63,0.11,24.28125,24.40625,23.65625,23.21875,5.7,0.0,0.0,0.0
14.86591,0x2B0,0.0,0.0,1.0,6.25,1.63,0.11,24.28125,24.40625,23.65625,23.21875,5.7,0.0,0.0,0.0
14.86801,0x316,0.0,0.0,1.0,6.25,1.63,0.11,24.28125,24.40625,23.65625,23.21875,5.7,0.0,0.0,0.0
14.87487,0x220,0.0,0.0,1.0,6.25,1.55,0.52,24.28125,24.40625,23.65625,23.21875,5.7,0.0,0.0,0.0
14.87582,0x386,0.0,0.0,1.0,6.25,1.55,0.52,24.1875,24.3125,23.21875,24.25,5.7,0.0,0.0,0.0
14.87601,0x2B0,0.0,0.0,1.0,6.25,1.55,0.52,24.1875,24.3125,23.21875,24.25,5.7,0.0,0.0,0.0
14.87807,0x316,0.0,0.0,1.0,6.25,1.55,0.52,24.1875,24.3125,23.21875,24.25,5.7,0.0,0.0,0.0
14.88488,0x220,0.0,0.0,1.0,6.25,1.64,0.67,24.1875,24.3125,23.21875,24.25,5.7,0.0,0.0,0.0
14.88593,0x2B0,0.0,0.0,1.0,6.25,1.64,0.67,24.1875,24.3125,23.21875,24.25,5.7,0.0,0.0,0.0
14.88789,0x316,0.0,0.0,1.0,6.25,1.64,0.67,24.1875,24.3125,23.21875,24.25,5.7,0.0,0.0,0.0
14.89489,0x220,0.0,0.0,1.0,6.25,1.91,0.5,24.1875,24.3125,23.21875,24.25,5.7,0.0,0.0,0.0
14.89582,0x386,0.0,0.0,1.0,6.25,1.91,0.5,24.0625,24.3125,24.0,23.5,5.7,0.0,0.0,0.0
14.89601,0x2B0,0.0,0.0,1.0,6.25,1.91,0.5,24.0625,24.3125,24.0,23.5,5.7,0.0,0.0,0.0
14.89788,0x316,0.0,0.0,1.0,6.25,1.91,0.5,24.0625,24.3125,24.0,23.5,5.7,0.0,0.0,0.0
14.90488,0x220,0.0,0.0,1.0,6.25,2.18,0.17,24.0625,24.3125,24.0,23.5,5.7,0.0,0.0,0.0
14.90593,0x2B0,0.0,0.0,1.0,6.25,2.18,0.17,24.0625,24.3125,24.0,23.5,5.7,0.0,0.0,0.0
14.90791,0x316,0.0,0.0,1.0,6.25,2.18,0.17,24.0625,24.3125,24.0,23.5,5.7,0.0,0.0,0.0
14.91488,0x220,0.0,0.0,1.0,6.25,2.41,-0.04,24.0625,24.3125,24.0,23.5,5.7,0.0,0.0,0.0
14.91581,0x386,0.0,0.0,1.0,6.25,2.41,-0.04,24.15625,24.25,24.375,23.46875,5.7,0.0,0.0,0.0
14.916,0x2B0,0.0,0.0,1.0,6.25,2.41,-0.04,24.15625,24.25,24.375,23.46875,5.7,0.0,0.0,0.0
14.91791,0x316,0.0,0.0,1.0,6.25,2.41,-0.04,24.15625,24.25,24.375,23.46875,5.7,0.0,0.0,0.0
14.92488,0x220,0.0,0.0,1.0,6.25,2.55,-0.08,24.15625,24.25,24.375,23.46875,5.7,0.0,0.0,0.0
14.92594,0x2B0,0.0,0.0,1.0,6.25,2.55,-0.08,24.15625,24.25,24.375,23.46875,5.7,0.0,0.0,0.0
14.92789,0x316,0.0,0.0,1.0,6.25,2.55,-0.08,24.15625,24.25,24.375,23.46875,5.7,0.0,0.0,0.0
14.93489,0x220,0.0,0.0,1.0,6.25,2.61,0.0,24.15625,24.25,24.375,23.46875,5.7,0.0,0.0,0.0
14.93583,0x386,0.0,0.0,1.0,6.25,2.61,0.0,25.34375,24.71875,23.78125,24.375,5.7,0.0,0.0,0.0
14.93601,0x2B0,0.0,0.0,1.0,6.25,2.61,0.0,25.34375,24.71875,23.78125,24.375,5.7,0.0,0.0,0.0
14.93794,0x316,0.0,0.0,1.0,6.25,2.61,0.0,25.34375,24.71875,23.78125,24.375,5.7,0.0,0.0,0.0
14.94488,0x220,0.0,0.0,1.0,6.25,2.57,0.0,25.34375,24.71875,23.78125,24.375,5.7,0.0,0.0,0.0
14.94593,0x2B0,0.0,0.0,1.0,6.25,2.57,0.0,25.34375,24.71875,23.78125,24.375,5.7,0.0,0.0,0.0
14.9488,0x316,0.0,0.0,1.0,6.25,2.57,0.0,25.34375,24.71875,23.78125,24.375,5.7,0.0,0.0,0.0
14.95487,0x220,0.0,0.0,1.0,6.25,2.46,-0.18,25.34375,24.71875,23.78125,24.375,5.7,0.0,0.0,0.0
14.95582,0x386,0.0,0.0,1.0,6.25,2.46,-0.18,23.6875,24.1875,24.09375,24.0625,5.7,0.0,0.0,0.0
14.95601,0x2B0,0.0,0.0,1.0,6.25,2.46,-0.18,23.6875,24.1875,24.09375,24.0625,5.7,0.0,0.0,0.0
14.95795,0x316,0.0,0.0,1.0,6.25,2.46,-0.18,23.6875,24.1875,24.09375,24.0625,5.7,0.0,0.0,0.0
14.96488,0x220,0.0,0.0,1.0,6.25,2.36,-0.32,23.6875,24.1875,24.09375,24.0625,5.7,0.0,0.0,0.0
14.96593,0x2B0,0.0,0.0,1.0,6.25,2.36,-0.32,23.6875,24.1875,24.09375,24.0625,5.7,0.0,0.0,0.0
14.96799,0x316,0.0,0.0,1.0,6.25,2.36,-0.32,23.6875,24.1875,24.09375,24.0625,5.7,0.0,0.0,0.0
14.97488,0x220,0.0,0.0,1.0,6.25,2.27,-0.2,23.6875,24.1875,24.09375,24.0625,5.7,0.0,0.0,0.0
14.97583,0x386,0.0,0.0,1.0,6.25,2.27,-0.2,23.90625,24.0,24.34375,24.0,5.7,0.0,0.0,0.0
14.97602,0x2B0,0.0,0.0,1.0,6.25,2.27,-0.2,23.90625,24.0,24.34375,24.0,5.7,0.0,0.0,0.0
14.97806,0x316,0.0,0.0,1.0,6.25,2.27,-0.2,23.90625,24.0,24.34375,24.0,5.7,0.0,0.0,0.0
14.98487,0x220,0.0,0.0,1.0,6.25,2.16,0.05,23.90625,24.0,24.34375,24.0,5.7,0.0,0.0,0.0
14.98593,0x2B0,0.0,0.0,1.0,6.25,2.16,0.05,23.90625,24.0,24.34375,24.0,5.7,0.0,0.0,0.0
14.98791,0x316,0.0,0.0,1.0,6.25,2.16,0.05,23.90625,24.0,24.34375,24.0,5.7,0.0,0.0,0.0
14.99489,0x220,0.0,0.0,1.0,6.25,2.03,0.28,23.90625,24.0,24.34375,24.0,5.7,0.0,0.0,0.0
14.99584,0x386,0.0,0.0,1.0,6.25,2.03,0.28,23.96875,24.1875,23.28125,24.28125,5.7,0.0,0.0,0.0
14.99602,0x2B0,0.0,0.0,1.0,6.25,2.03,0.28,23.96875,24.1875,23.28125,24.28125,5.7,0.0,0.0,0.0
14.99797,0x316,0.0,0.0,1.0,6.25,2.03,0.28,23.96875,24.1875,23.28125,24.28125,5.7,0.0,0.0,0.0
15.00488,0x220,0.0,0.0,1.0,6.25,1.87,0.38,23.96875,24.1875,23.28125,24.28125,5.7,0.0,0.0,0.0
15.00594,0x2B0,0.0,0.0,1.0,6.25,1.87,0.38,23.96875,24.1875,23.28125,24.28125,5.7,0.0,0.0,0.0
15.00787,0x316,0.0,0.0,1.0,6.25,1.87,0.38,23.96875,24.1875,23.28125,24.28125,5.7,0.0,0.0,0.0
15.01488,0x220,0.0,0.0,1.0,6.25,1.65,0.36,23.96875,24.1875,23.28125,24.28125,5.7,0.0,0.0,0.0
15.01583,0x386,0.0,0.0,1.0,6.25,1.65,0.36,24.25,24.4375,23.125,23.9375,5.7,0.0,0.0,0.0
15.01602,0x2B0,0.0,0.0,1.0,6.25,1.65,0.36,24.25,24.4375,23.125,23.9375,5.7,0.0,0.0,0.0
15.01791,0x316,0.0,0.0,1.0,6.25,1.65,0.36,24.25,24.4375,23.125,23.9375,5.7,0.0,0.0,0.0
15.02488,0x220,0.0,0.0,1.0,6.25,1.38,0.23,24.25,24.4375,23.125,23.9375,5.7,0.0,0.0,0.0
15.02593,0x2B0,0.0,0.0,1.0,6.25,1.38,0.23,24.25,24.4375,23.125,23.9375,5.7,0.0,0.0,0.0
15.02795,0x316,0.0,0.0,1.0,6.25,1.38,0.23,24.25,24.4375,23.125,23.9375,5.7,0.0,0.0,0.0
15.03487,0x220,0.0,0.0,1.0,6.25,1.16,0.18,24.25,24.4375,23.125,23.9375,5.7,0.0,0.0,0.0
15.03581,0x386,0.0,0.0,1.0,6.25,1.16,0.18,24.09375,24.03125,24.0,23.75,5.7,0.0,0.0,0.0
15.036,0x2B0,0.0,0.0,1.0,6.25,1.16,0.18,24.09375,24.03125,24.0,23.75,5.7,0.0,0.0,0.0
15.03807,0x316,0.0,0.0,1.0,6.25,1.16,0.18,24.09375,24.03125,24.0,23.75,5.7,0.0,0.0,0.0
15.04489,0x220,0.0,0.0,1.0,6.25,1.04,0.34,24.09375,24.03125,24.0,23.75,5.7,0.0,0.0,0.0
15.04599,0x2B0,0.0,0.0,1.0,6.25,1.04,0.34,24.09375,24.03125,24.0,23.75,5.7,0.0,0.0,0.0
15.04874,0x316,0.0,0.0,1.0,6.25,1.04,0.34,24.09375,24.03125,24.0,23.75,5.7,0.0,0.0,0.0
15.05487,0x220,0.0,0.0,1.0,6.25,1.06,0.55,24.09375,24.03125,24.0,23.75,5.7,0.0,0.0,0.0
15.05581,0x386,0.0,0.0,1.0,6.25,1.06,0.55,24.59375,24.375,23.9375,24.0625,5.7,0.0,0.0,0.0
15.056,0x2B0,0.0,0.0,1.0,6.25,1.06,0.55,24.59375,24.375,23.9375,24.0625,5.7,0.0,0.0,0.0
15.05791,0x316,0.0,0.0,1.0,6.25,1.06,0.55,24.59375,24.375,23.9375,24.0625,5.7,0.0,0.0,0.0
15.06489,0x220,0.0,0.0,1.0,6.25,1.2,0.64,24.59375,24.375,23.9375,24.0625,5.7,0.0,0.0,0.0
15.06598,0x2B0,0.0,0.0,1.0,6.25,1.2,0.64,24.59375,24.375,23.9375,24.0625,5.7,0.0,0.0,0.0
15.06802,0x316,0.0,0.0,1.0,6.25,1.2,0.64,24.59375,24.375,23.9375,24.0625,5.7,0.0,0.0,0.0
15.07488,0x220,0.0,0.0,1.0,6.25,1.46,0.52,24.59375,24.375,23.9375,24.0625,5.7,0.0,0.0,0.0
15.07582,0x386,0.0,0.0,1.0,6.25,1.46,0.52,24.21875,24.40625,23.46875,24.09375,5.7,0.0,0.0,0.0
15.07601,0x2B0,0.0,0.0,1.0,6.25,1.46,0.52,24.21875,24.40625,23.46875,24.09375,5.7,0.0,0.0,0.0
15.07813,0x316,0.0,0.0,1.0,6.25,1.46,0.52,24.21875,24.40625,23.46875,24.09375,5.7,0.0,0.0,0.0
15.08489,0x220,0.0,0.0,1.0,6.25,1.77,0.35,24.21875,24.40625,23.46875,24.09375,5.7,0.0,0.0,0.0
15.08592,0x2B0,0.0,0.0,1.0,6.25,1.77,0.35,24.21875,24.40625,23.46875,24.09375,5.7,0.0,0.0,0.0
15.08789,0x316,0.0,0.0,1.0,6.25,1.77,0.35,24.21875,24.40625,23.46875,24.09375,5.7,0.0,0.0,0.0
15.09489,0x220,0.0,0.0,1.0,6.25,2.08,0.26,24.21875,24.40625,23.46875,24.09375,5.7,0.0,0.0,0.0
15.09583,0x386,0.0,0.0,1.0,6.25,2.08,0.26,24.1875,24.1875,23.59375,23.8125,5.7,0.0,0.0,0.0
15.09601,0x2B0,0.0,0.0,1.0,6.25,2.08,0.26,24.1875,24.1875,23.59375,23.8125,5.7,0.0,0.0,0.0
15.09791,0x316,0.0,0.0,1.0,6.25,2.08,0.26,24.1875,24.1875,23.59375,23.8125,5.7,0.0,0.0,0.0
15.10488,0x220,0.0,0.0,1.0,6.25,2.23,0.29,24.1875,24.1875,23.59375,23.8125,5.7,0.0,0.0,0.0
15.10593,0x2B0,0.0,0.0,1.0,6.25,2.23,0.29,24.1875,24.1875,23.59375,23.8125,5.7,0.0,0.0,0.0
15.10791,0x316,0.0,0.0,1.0,6.25,2.23,0.29,24.1875,24.1875,23.59375,23.8125,5.7,0.0,0.0,0.0
15.11488,0x220,0.0,0.0,1.0,6.25,2.17,0.39,24.1875,24.1875,23.59375,23.8125,5.7,0.0,0.0,0.0
15.11583,0x386,0.0,0.0,1.0,6.25,2.17,0.39,24.4375,24.46875,23.90625,23.75,5.7,0.0,0.0,0.0
15.11602,0x2B0,0.0,0.0,1.0,6.25,2.17,0.39,24.4375,24.46875,23.90625,23.75,5.7,0.0,0.0,0.0
15.11795,0x316,0.0,0.0,1.0,6.25,2.17,0.39,24.4375,24.46875,23.90625,23.75,5.7,0.0,0.0,0.0
15.12489,0x220,0.0,0.0,1.0,6.25,1.93,0.55,24.4375,24.46875,23.90625,23.75,5.7,0.0,0.0,0.0
15.12592,0x2B0,0.0,0.0,1.0,6.25,1.93,0.55,24.4375,24.46875,23.90625,23.75,5.7,0.0,0.0,0.0
15.12789,0x316,0.0,0.0,1.0,6.25,1.93,0.55,24.4375,24.46875,23.90625,23.75,5.7,0.0,0.0,0.0
15.13488,0x220,0.0,0.0,1.0,6.25,1.57,0.68,24.4375,24.46875,23.90625,23.75,5.7,0.0,0.0,0.0
15.13583,0x386,0.0,0.0,1.0,6.25,1.57,0.68,24.28125,24.5,23.8125,24.03125,5.7,0.0,0.0,0.0
15.13601,0x2B0,0.0,0.0,1.0,6.25,1.57,0.68,24.28125,24.5,23.8125,24.03125,5.7,0.0,0.0,0.0
15.13798,0x316,0.0,0.0,1.0,6.25,1.57,0.68,24.28125,24.5,23.8125,24.03125,5.7,0.0,0.0,0.0
15.14489,0x220,0.0,0.0,1.0,6.25,1.3,0.63,24.28125,24.5,23.8125,24.03125,5.7,0.0,0.0,0.0
15.14592,0x2B0,0.0,0.0,1.0,6.25,1.3,0.63,24.28125,24.5,23.8125,24.03125,5.7,0.0,0.0,0.0
15.14871,0x316,0.0,0.0,1.0,6.25,1.3,0.63,24.28125,24.5,23.8125,24.03125,5.7,0.0,0.0,0.0
15.15488,0x220,0.0,0.0,1.0,6.25,1.23,0.47,24.28125,24.5,23.8125,24.03125,5.7,0.0,0.0,0.0
15.15582,0x386,0.0,0.0,1.0,6.25,1.23,0.47,24.40625,24.78125,23.875,24.03125,5.7,0.0,0.0,0.0
15.15601,0x2B0,0.0,0.0,1.0,6.25,1.23,0.47,24.40625,24.78125,23.875,24.03125,5.7,0.0,0.0,0.0
15.15795,0x316,0.0,0.0,1.0,6.25,1.23,0.47,24.40625,24.78125,23.875,24.03125,5.7,0.0,0.0,0.0
15.16488,0x220,0.0,0.0,1.0,6.25,1.35,0.28,24.40625,24.78125,23.875,24.03125,5.7,0.0,0.0,0.0
15.16592,0x2B0,0.0,0.0,1.0,6.25,1.35,0.28,24.40625,24.78125,23.875,24.03125,5.7,0.0,0.0,0.0
15.16796,0x316,0.0,0.0,1.0,6.25,1.35,0.28,24.40625,24.78125,23.875,24.03125,5.7,0.0,0.0,0.0
15.17488,0x220,0.0,0.0,1.0,6.25,1.61,0.18,24.40625,24.78125,23.875,24.03125,5.7,0.0,0.0,0.0
15.17583,0x386,0.0,0.0,1.0,6.25,1.61,0.18,24.875,24.75,24.0,23.84375,5.7,0.0,0.0,0.0
15.17602,0x2B0,0.0,0.0,1.0,6.25,1.61,0.18,24.875,24.75,24.0,23.84375,5.7,0.0,0.0,0.0
15.17808,0x316,0.0,0.0,1.0,6.25,1.61,0.18,24.875,24.75,24.0,23.84375,5.7,0.0,0.0,0.0
15.18489,0x220,0.0,0.0,1.0,6.25,1.81,0.17,24.875,24.75,24.0,23.84375,5.7,0.0,0.0,0.0
15.18592,0x2B0,0.0,0.0,1.0,6.25,1.81,0.17,24.875,24.75,24.0,23.84375,5.7,0.0,0.0,0.0
15.1879,0x316,0.0,0.0,1.0,6.25,1.81,0.17,24.875,24.75,24.0,23.84375,5.7,0.0,0.0,0.0
15.19489,0x220,0.0,0.0,1.0,6.25,1.86,0.17,24.875,24.75,24.0,23.84375,5.7,0.0,0.0,0.0
15.19582,0x386,0.0,0.0,1.0,6.25,1.86,0.17,24.375,24.625,23.9375,24.09375,5.7,0.0,0.0,0.0
15.19601,0x2B0,0.0,0.0,1.0,6.25,1.86,0.17,24.375,24.625,23.9375,24.09375,5.7,0.0,0.0,0.0
15.19797,0x316,0.0,0.0,1.0,6.25,1.86,0.17,24.375,24.625,23.9375,24.09375,5.7,0.0,0.0,0.0
15.20489,0x220,0.0,0.0,1.0,6.25,1.88,0.16,24.375,24.625,23.9375,24.09375,5.7,0.0,0.0,0.0
15.20592,0x2B0,0.0,0.0,1.0,6.25,1.88,0.16,24.375,24.625,23.9375,24.09375,5.7,0.0,0.0,0.0
15.20786,0x316,0.0,0.0,1.0,6.25,1.88,0.16,24.375,24.625,23.9375,24.09375,5.7,0.0,0.0,0.0
15.21489,0x220,0.0,0.0,1.0,6.25,1.95,0.16,24.375,24.625,23.9375,24.09375,5.7,0.0,0.0,0.0
15.21583,0x386,0.0,0.0,1.0,6.25,1.95,0.16,24.4375,24.5,23.8125,24.125,5.7,0.0,0.0,0.0
15.21602,0x2B0,0.0,0.0,1.0,6.25,1.95,0.16,24.4375,24.5,23.8125,24.125,5.7,0.0,0.0,0.0
15.21791,0x316,0.0,0.0,1.0,6.25,1.95,0.16,24.4375,24.5,23.8125,24.125,5.7,0.0,0.0,0.0
15.22489,0x220,0.0,0.0,1.0,6.25,2.06,0.18,24.4375,24.5,23.8125,24.125,5.7,0.0,0.0,0.0
15.22592,0x2B0,0.0,0.0,1.0,6.25,2.06,0.18,24.4375,24.5,23.8125,24.125,5.7,0.0,0.0,0.0
15.22788,0x316,0.0,0.0,1.0,6.25,2.06,0.18,24.4375,24.5,23.8125,24.125,5.7,0.0,0.0,0.0
15.23488,0x220,0.0,0.0,1.0,6.25,2.16,0.15,24.4375,24.5,23.8125,24.125,5.7,0.0,0.0,0.0
15.23583,0x386,0.0,0.0,1.0,6.25,2.16,0.15,24.59375,24.65625,24.0,24.09375,5.7,0.0,0.0,0.0
15.23602,0x2B0,0.0,0.0,1.0,6.25,2.16,0.15,24.59375,24.65625,24.0,24.09375,5.7,0.0,0.0,0.0
15.23806,0x316,0.0,0.0,1.0,6.25,2.16,0.15,24.59375,24.65625,24.0,24.09375,5.7,0.0,0.0,0.0
15.24489,0x220,0.0,0.0,1.0,6.25,2.18,0.12,24.59375,24.65625,24.0,24.09375,5.7,0.0,0.0,0.0
15.24591,0x2B0,0.0,0.0,1.0,6.25,2.18,0.12,24.59375,24.65625,24.0,24.09375,5.7,0.0,0.0,0.0
15.2487,0x316,0.0,0.0,1.0,6.25,2.18,0.12,24.59375,24.65625,24.0,24.09375,5.7,0.0,0.0,0.0
15.25489,0x220,0.0,0.0,1.0,6.25,2.09,0.2,24.59375,24.65625,24.0,24.09375,5.7,0.0,0.0,0.0
15.25583,0x386,0.0,0.0,1.0,6.25,2.09,0.2,24.71875,24.78125,24.03125,24.34375,5.7,0.0,0.0,0.0
15.25602,0x2B0,0.0,0.0,1.0,6.25,2.09,0.2,24.71875,24.78125,24.03125,24.34375,5.7,0.0,0.0,0.0
15.2579,0x316,0.0,0.0,1.0,6.25,2.09,0.2,24.71875,24.78125,24.03125,24.34375,5.7,0.0,0.0,0.0
15.26489,0x220,0.0,0.0,1.0,6.25,1.98,0.29,24.71875,24.78125,24.03125,24.34375,5.7,0.0,0.0,0.0
15.26599,0x2B0,0.0,0.0,1.0,6.25,1.98,0.29,24.71875,24.78125,24.03125,24.34375,5.7,0.0,0.0,0.0
15.26793,0x316,0.0,0.0,1.0,6.25,1.98,0.29,24.71875,24.78125,24.03125,24.34375,5.7,0.0,0.0,0.0
15.27489,0x220,0.0,0.0,1.0,6.25,1.9,0.27,24.71875,24.78125,24.03125,24.34375,5.7,0.0,0.0,0.0
15.27583,0x386,0.0,0.0,1.0,6.25,1.9,0.27,24.5625,24.53125,23.84375,24.28125,5.7,0.0,0.0,0.0
15.27602,0x2B0,0.0,0.0,1.0,6.25,1.9,0.27,24.5625,24.53125,23.84375,24.28125,5.6,0.0,0.0,0.0
15.27815,0x316,0.0,0.0,1.0,6.25,1.9,0.27,24.5625,24.53125,23.84375,24.28125,5.6,0.0,0.0,0.0
15.28489,0x220,0.0,0.0,1.0,6.25,1.88,0.14,24.5625,24.53125,23.84375,24.28125,5.6,0.0,0.0,0.0
15.286,0x2B0,0.0,0.0,1.0,6.25,1.88,0.14,24.5625,24.53125,23.84375,24.28125,5.6,0.0,0.0,0.0
15.28787,0x316,0.0,0.0,1.0,6.25,1.88,0.14,24.5625,24.53125,23.84375,24.28125,5.6,0.0,0.0,0.0
15.29489,0x220,0.0,0.0,1.0,6.25,1.96,0.0,24.5625,24.53125,23.84375,24.28125,5.6,0.0,0.0,0.0
15.29584,0x386,0.0,0.0,1.0,6.25,1.96,0.0,24.75,24.71875,24.03125,24.34375,5.6,0.0,0.0,0.0
15.29602,0x2B0,0.0,0.0,1.0,6.25,1.96,0.0,24.75,24.71875,24.03125,24.34375,5.4,8.0,0.0,0.0
15.2979,0x316,0.0,0.0,1.0,6.25,1.96,0.0,24.75,24.71875,24.03125,24.34375,5.4,8.0,0.0,0.0
15.30489,0x220,0.0,0.0,1.0,6.25,2.08,-0.08,24.75,24.71875,24.03125,24.34375,5.4,8.0,0.0,0.0
15.30599,0x2B0,0.0,0.0,1.0,6.25,2.08,-0.08,24.75,24.71875,24.03125,24.34375,5.4,8.0,0.0,0.0
15.30786,0x316,0.0,0.0,1.0,6.25,2.08,-0.08,24.75,24.71875,24.03125,24.34375,5.4,8.0,0.0,0.0
15.31489,0x220,0.0,0.0,1.0,6.25,2.13,-0.12,24.75,24.71875,24.03125,24.34375,5.4,8.0,0.0,0.0
15.31583,0x386,0.0,0.0,1.0,6.25,2.13,-0.12,24.40625,24.75,24.21875,24.40625,5.4,8.0,0.0,0.0
15.31602,0x2B0,0.0,0.0,1.0,6.25,2.13,-0.12,24.40625,24.75,24.21875,24.40625,5.3,0.0,0.0,0.0
15.31795,0x316,0.0,0.0,1.0,6.25,2.13,-0.12,24.40625,24.75,24.21875,24.40625,5.3,0.0,0.0,0.0
15.32489,0x220,0.0,0.0,1.0,6.25,2.11,0.0,24.40625,24.75,24.21875,24.40625,5.3,0.0,0.0,0.0
15.32601,0x2B0,0.0,0.0,1.0,6.25,2.11,0.0,24.40625,24.75,24.21875,24.40625,5.3,0.0,0.0,0.0
15.32787,0x316,0.0,0.0,1.0,6.25,2.11,0.0,24.40625,24.75,24.21875,24.40625,5.3,0.0,0.0,0.0
15.33488,0x220,0.0,0.0,1.0,6.25,2.08,0.19,24.40625,24.75,24.21875,24.40625,5.3,0.0,0.0,0.0
15.33583,0x386,0.0,0.0,1.0,6.25,2.08,0.19,25.34375,24.8125,24.1875,24.46875,5.3,0.0,0.0,0.0
15.33601,0x2B0,0.0,0.0,1.0,6.25,2.08,0.19,25.34375,24.8125,24.1875,24.46875,5.1,8.0,0.0,0.0
15.33797,0x316,0.0,0.0,1.0,6.25,2.08,0.19,25.34375,24.8125,24.1875,24.46875,5.1,8.0,0.0,0.0
15.34489,0x220,0.0,0.0,1.0,6.25,2.07,0.31,25.34375,24.8125,24.1875,24.46875,5.1,8.0,0.0,0.0
15.34599,0x2B0,0.0,0.0,1.0,6.25,2.07,0.31,25.34375,24.8125,24.1875,24.46875,5.1,8.0,0.0,0.0
15.3487,0x316,0.0,0.0,1.0,6.25,2.07,0.31,25.34375,24.8125,24.1875,24.46875,5.1,8.0,0.0,0.0
15.35488,0x220,0.0,0.0,1.0,6.25,2.08,0.12,25.34375,24.8125,24.1875,24.46875,5.1,8.0,0.0,0.0
15.35583,0x386,0.0,0.0,1.0,6.25,2.08,0.12,24.59375,25.0,24.1875,24.40625,5.1,8.0,0.0,0.0
15.35601,0x2B0,0.0,0.0,1.0,6.25,2.08,0.12,24.59375,25.0,24.1875,24.40625,4.9,8.0,0.0,0.0
15.35797,0x316,0.0,0.0,1.0,6.25,2.08,0.12,24.59375,25.0,24.1875,24.40625,4.9,8.0,0.0,0.0
15.36489,0x220,0.0,0.0,1.0,6.25,1.98,-0.22,24.59375,25.0,24.1875,24.40625,4.9,8.0,0.0,0.0
15.36591,0x2B0,0.0,0.0,1.0,6.25,1.98,-0.22,24.59375,25.0,24.1875,24.40625,4.9,8.0,0.0,0.0
15.36794,0x316,0.0,0.0,1.0,6.25,1.98,-0.22,24.59375,25.0,24.1875,24.40625,4.9,8.0,0.0,0.0
15.37489,0x220,0.0,0.0,1.0,6.25,1.82,-0.26,24.59375,25.0,24.1875,24.40625,4.9,8.0,0.0,0.0
15.37583,0x386,0.0,0.0,1.0,6.25,1.82,-0.26,24.625,24.28125,24.21875,24.34375,4.9,8.0,0.0,0.0
15.37602,0x2B0,0.0,0.0,1.0,6.25,1.82,-0.26,24.625,24.28125,24.21875,24.34375,4.9,0.0,0.0,0.0
15.37805,0x316,0.0,0.0,1.0,6.25,1.82,-0.26,24.625,24.28125,24.21875,24.34375,4.9,0.0,0.0,0.0
15.3849,0x220,0.0,0.0,1.0,6.25,1.69,0.12,24.625,24.28125,24.21875,24.34375,4.9,0.0,0.0,0.0
15.38593,0x2B0,0.0,0.0,1.0,6.25,1.69,0.12,24.625,24.28125,24.21875,24.34375,4.9,0.0,0.0,0.0
15.38788,0x316,0.0,0.0,1.0,6.25,1.69,0.12,24.625,24.28125,24.21875,24.34375,4.9,0.0,0.0,0.0
15.3949,0x220,0.0,0.0,1.0,6.25,1.72,0.54,24.625,24.28125,24.21875,24.34375,4.9,0.0,0.0,0.0
15.39584,0x386,0.0,0.0,1.0,6.25,1.72,0.54,23.5625,24.5625,24.34375,24.40625,4.9,0.0,0.0,0.0
15.39602,0x2B0,0.0,0.0,1.0,6.25,1.72,0.54,23.5625,24.5625,24.34375,24.40625,4.9,0.0,0.0,0.0
15.39797,0x316,0.0,0.0,1.0,6.25,1.72,0.54,23.5625,24.5625,24.34375,24.40625,4.9,0.0,0.0,0.0
15.40489,0x220,0.0,0.0,1.0,6.25,1.88,0.42,23.5625,24.5625,24.34375,24.40625,4.9,0.0,0.0,0.0
15.40599,0x2B0,0.0,0.0,1.0,6.25,1.88,0.42,23.5625,24.5625,24.34375,24.40625,4.8,0.0,0.0,0.0
15.40785,0x316,0.0,0.0,1.0,6.25,1.88,0.42,23.5625,24.5625,24.34375,24.40625,4.8,0.0,0.0,0.0
15.41489,0x220,0.0,0.0,1.0,6.25,1.93,-0.07,23.5625,24.5625,24.34375,24.40625,4.8,0.0,0.0,0.0
15.41584,0x386,0.0,0.0,1.0,6.25,1.93,-0.07,24.75,24.6875,24.34375,24.40625,4.8,0.0,0.0,0.0
15.41603,0x2B0,0.0,0.0,1.0,6.25,1.93,-0.07,24.75,24.6875,24.34375,24.40625,4.8,0.0,0.0,0.0
15.4179,0x316,0.0,0.0,1.0,6.25,1.93,-0.07,24.75,24.6875,24.34375,24.40625,4.8,0.0,0.0,0.0
15.42489,0x220,0.0,0.0,1.0,6.25,1.8,-0.31,24.75,24.6875,24.34375,24.40625,4.8,0.0,0.0,0.0
15.42593,0x2B0,0.0,0.0,1.0,6.25,1.8,-0.31,24.75,24.6875,24.34375,24.40625,4.8,0.0,0.0,0.0
15.42784,0x316,0.0,0.0,1.0,6.25,1.8,-0.31,24.75,24.6875,24.34375,24.40625,4.8,0.0,0.0,0.0
15.43489,0x220,0.0,0.0,1.0,6.25,1.66,0.0,24.75,24.6875,24.34375,24.40625,4.8,0.0,0.0,0.0
15.43584,0x386,0.0,0.0,1.0,6.25,1.66,0.0,24.78125,24.96875,24.40625,24.40625,4.8,0.0,0.0,0.0
15.43603,0x2B0,0.0,0.0,1.0,6.25,1.66,0.0,24.78125,24.96875,24.40625,24.40625,4.8,0.0,0.0,0.0
15.43808,0x316,0.0,0.0,1.0,6.25,1.66,0.0,24.78125,24.96875,24.40625,24.40625,4.8,0.0,0.0,0.0
15.44489,0x220,0.0,0.0,1.0,6.25,1.64,0.35,24.78125,24.96875,24.40625,24.40625,4.8,0.0,0.0,0.0
15.44592,0x2B0,0.0,0.0,1.0,6.25,1.64,0.35,24.78125,24.96875,24.40625,24.40625,4.8,0.0,0.0,0.0
15.44873,0x316,0.0,0.0,1.0,6.25,1.64,0.35,24.78125,24.96875,24.40625,24.40625,4.8,0.0,0.0,0.0
15.45489,0x220,0.0,0.0,1.0,6.25,1.67,0.25,24.78125,24.96875,24.40625,24.40625,4.8,0.0,0.0,0.0
15.45583,0x386,0.0,0.0,1.0,6.25,1.67,0.25,24.625,24.875,24.28125,24.46875,4.8,0.0,0.0,0.0
15.45602,0x2B0,0.0,0.0,1.0,6.25,1.67,0.25,24.625,24.875,24.28125,24.46875,4.8,0.0,0.0,0.0
15.4579,0x316,0.0,0.0,1.0,6.25,1.67,0.25,24.625,24.875,24.28125,24.46875,4.8,0.0,0.0,0.0
15.46489,0x220,0.0,0.0,1.0,6.25,1.68,-0.1,24.625,24.875,24.28125,24.46875,4.8,0.0,0.0,0.0
15.46599,0x2B0,0.0,0.0,1.0,6.25,1.68,-0.1,24.625,24.875,24.28125,24.46875,4.8,0.0,0.0,0.0
15.4679,0x316,0.0,0.0,1.0,6.25,1.68,-0.1,24.625,24.875,24.28125,24.46875,4.8,0.0,0.0,0.0
15.47489,0x220,0.0,0.0,1.0,6.25,1.69,-0.16,24.625,24.875,24.28125,24.46875,4.8,0.0,0.0,0.0
15.47584,0x386,0.0,0.0,1.0,6.25,1.69,-0.16,25.0,24.84375,24.3125,24.46875,4.8,0.0,0.0,0.0
15.47602,0x2B0,0.0,0.0,1.0,6.25,1.69,-0.16,25.0,24.84375,24.3125,24.46875,4.9,0.0,0.0,0.0
15.47814,0x316,0.0,0.0,1.0,6.25,1.69,-0.16,25.0,24.84375,24.3125,24.46875,4.9,0.0,0.0,0.0
15.48489,0x220,0.0,0.0,1.0,6.25,1.79,0.12,25.0,24.84375,24.3125,24.46875,4.9,0.0,0.0,0.0
15.48591,0x2B0,0.0,0.0,1.0,6.25,1.79,0.12,25.0,24.84375,24.3125,24.46875,4.9,0.0,0.0,0.0
15.48789,0x316,0.0,0.0,1.0,6.25,1.79,0.12,25.0,24.84375,24.3125,24.46875,4.9,0.0,0.0,0.0
15.49491,0x220,0.0,0.0,1.0,6.25,2.01,0.33,25.0,24.84375,24.3125,24.46875,4.9,0.0,0.0,0.0
15.49585,0x386,0.0,0.0,1.0,6.25,2.01,0.33,24.8125,25.03125,24.375,24.5,4.9,0.0,0.0,0.0
15.49604,0x2B0,0.0,0.0,1.0,6.25,2.01,0.33,24.8125,25.03125,24.375,24.5,4.9,0.0,0.0,0.0
15.4979,0x316,0.0,0.0,1.0,6.25,2.01,0.33,24.8125,25.03125,24.375,24.5,4.9,0.0,0.0,0.0
15.50489,0x220,0.0,0.0,1.0,6.25,2.2,0.14,24.8125,25.03125,24.375,24.5,4.9,0.0,0.0,0.0
15.50597,0x2B0,0.0,0.0,1.0,6.25,2.2,0.14,24.8125,25.03125,24.375,24.5,4.9,0.0,0.0,0.0
15.50784,0x316,0.0,0.0,1.0,6.25,2.2,0.14,24.8125,25.03125,24.375,24.5,4.9,0.0,0.0,0.0
15.51489,0x220,0.0,0.0,1.0,6.25,2.14,-0.07,24.8125,25.03125,24.375,24.5,4.9,0.0,0.0,0.0
15.51583,0x386,0.0,0.0,1.0,6.25,2.14,-0.07,24.9375,24.875,24.15625,24.5625,4.9,0.0,0.0,0.0
15.51602,0x2B0,0.0,0.0,1.0,6.25,2.14,-0.07,24.9375,24.875,24.15625,24.5625,4.8,0.0,0.0,0.0
15.51797,0x316,0.0,0.0,1.0,6.25,2.14,-0.07,24.9375,24.875,24.15625,24.5625,4.8,0.0,0.0,0.0
15.5249,0x220,0.0,0.0,1.0,6.25,1.95,-0.01,24.9375,24.875,24.15625,24.5625,4.8,0.0,0.0,0.0
15.52599,0x2B0,0.0,0.0,1.0,6.25,1.95,-0.01,24.9375,24.875,24.15625,24.5625,4.8,0.0,0.0,0.0
15.52791,0x316,0.0,0.0,1.0,6.25,1.95,-0.01,24.9375,24.875,24.15625,24.5625,4.8,0.0,0.0,0.0
15.5349,0x220,0.0,0.0,1.0,6.25,1.78,0.24,24.9375,24.875,24.15625,24.5625,4.8,0.0,0.0,0.0
15.53584,0x386,0.0,0.0,1.0,6.25,1.78,0.24,24.875,24.90625,24.28125,24.5,4.8,0.0,0.0,0.0
15.53603,0x2B0,0.0,0.0,1.0,6.25,1.78,0.24,24.875,24.90625,24.28125,24.5,4.8,0.0,0.0,0.0
15.53795,0x316,0.0,0.0,1.0,6.25,1.78,0.24,24.875,24.90625,24.28125,24.5,4.8,0.0,0.0,0.0
15.5449,0x220,0.0,0.0,1.0,6.25,1.77,0.22,24.875,24.90625,24.28125,24.5,4.8,0.0,0.0,0.0
15.54596,0x2B0,0.0,0.0,1.0,6.25,1.77,0.22,24.875,24.90625,24.28125,24.5,4.7,0.0,0.0,0.0
15.54863,0x316,0.0,0.0,1.0,6.25,1.77,0.22,24.875,24.90625,24.28125,24.5,4.7,0.0,0.0,0.0
15.5549,0x220,0.0,0.0,1.0,6.25,1.81,-0.06,24.875,24.90625,24.28125,24.5,4.7,0.0,0.0,0.0
15.55584,0x386,0.0,0.0,1.0,6.25,1.81,-0.06,24.96875,24.84375,24.4375,24.59375,4.7,0.0,0.0,0.0
15.55603,0x2B0,0.0,0.0,1.0,6.25,1.81,-0.06,24.96875,24.84375,24.4375,24.59375,4.7,0.0,0.0,0.0
15.55792,0x316,0.0,0.0,1.0,6.25,1.81,-0.06,24.96875,24.84375,24.4375,24.59375,4.7,0.0,0.0,0.0
15.56489,0x220,0.0,0.0,1.0,6.25,1.82,-0.25,24.96875,24.84375,24.4375,24.59375,4.7,0.0,0.0,0.0
15.56598,0x2B0,0.0,0.0,1.0,6.25,1.82,-0.25,24.96875,24.84375,24.4375,24.59375,4.7,0.0,0.0,0.0
15.568,0x316,0.0,0.0,1.0,6.25,1.82,-0.25,24.96875,24.84375,24.4375,24.59375,4.7,0.0,0.0,0.0
15.5749,0x220,0.0,0.0,1.0,6.25,1.86,-0.18,24.96875,24.84375,24.4375,24.59375,4.7,0.0,0.0,0.0
15.57584,0x386,0.0,0.0,1.0,6.25,1.86,-0.18,25.03125,24.96875,24.34375,24.53125,4.7,0.0,0.0,0.0
15.57603,0x2B0,0.0,0.0,1.0,6.25,1.86,-0.18,25.03125,24.96875,24.34375,24.53125,4.7,0.0,0.0,0.0
15.57804,0x316,0.0,0.0,1.0,6.25,1.86,-0.18,25.03125,24.96875,24.34375,24.53125,4.7,0.0,0.0,0.0
15.58489,0x220,0.0,0.0,1.0,6.25,1.93,0.0,25.03125,24.96875,24.34375,24.53125,4.7,0.0,0.0,0.0
15.58598,0x2B0,0.0,0.0,1.0,6.25,1.93,0.0,25.03125,24.96875,24.34375,24.53125,4.7,0.0,0.0,0.0
15.58786,0x316,0.0,0.0,1.0,6.25,1.93,0.0,25.03125,24.96875,24.34375,24.53125,4.7,0.0,0.0,0.0
15.5949,0x220,0.0,0.0,1.0,6.25,2.0,0.12,25.03125,24.96875,24.34375,24.53125,4.7,0.0,0.0,0.0
15.59586,0x386,0.0,0.0,1.0,6.25,2.0,0.12,25.03125,25.03125,24.46875,24.6875,4.7,0.0,0.0,0.0
15.59604,0x2B0,0.0,0.0,1.0,6.25,2.0,0.12,25.03125,25.03125,24.46875,24.6875,4.7,0.0,0.0,0.0
15.59792,0x316,0.0,0.0,1.0,6.25,2.0,0.12,25.03125,25.03125,24.46875,24.6875,4.7,0.0,0.0,0.0
15.6049,0x220,0.0,0.0,1.0,6.25,2.0,0.12,25.03125,25.03125,24.46875,24.6875,4.7,0.0,0.0,0.0
15.60592,0x2B0,0.0,0.0,1.0,6.25,2.0,0.12,25.03125,25.03125,24.46875,24.6875,4.7,0.0,0.0,0.0
15.60789,0x316,0.0,0.0,1.0,6.25,2.0,0.12,25.03125,25.03125,24.46875,24.6875,4.7,0.0,0.0,0.0
15.6149,0x220,0.0,0.0,1.0,6.25,1.95,0.12,25.03125,25.03125,24.46875,24.6875,4.7,0.0,0.0,0.0
15.61584,0x386,0.0,0.0,1.0,6.25,1.95,0.12,25.0,25.0,24.46875,24.59375,4.7,0.0,0.0,0.0
15.61603,0x2B0,0.0,0.0,1.0,6.25,1.95,0.12,25.0,25.0,24.46875,24.59375,4.7,0.0,0.0,0.0
15.61788,0x316,0.0,0.0,1.0,6.25,1.95,0.12,25.0,25.0,24.46875,24.59375,4.7,0.0,0.0,0.0
15.6249,0x220,0.0,0.0,1.0,6.25,1.95,0.15,25.0,25.0,24.46875,24.59375,4.7,0.0,0.0,0.0
15.62592,0x2B0,0.0,0.0,1.0,6.25,1.95,0.15,25.0,25.0,24.46875,24.59375,4.7,0.0,0.0,0.0
15.62789,0x316,0.0,0.0,1.0,6.25,1.95,0.15,25.0,25.0,24.46875,24.59375,4.7,0.0,0.0,0.0
15.6349,0x220,0.0,0.0,1.0,6.25,2.0,0.13,25.0,25.0,24.46875,24.59375,4.7,0.0,0.0,0.0
15.63584,0x386,0.0,0.0,1.0,6.25,2.0,0.13,25.09375,25.15625,24.5625,24.6875,4.7,0.0,0.0,0.0
15.63603,0x2B0,0.0,0.0,1.0,6.25,2.0,0.13,25.09375,25.15625,24.5625,24.6875,4.7,0.0,0.0,0.0
15.63806,0x316,0.0,0.0,1.0,6.25,2.0,0.13,25.09375,25.15625,24.5625,24.6875,4.7,0.0,0.0,0.0
15.6449,0x220,0.0,0.0,1.0,6.25,1.95,0.0,25.09375,25.15625,24.5625,24.6875,4.7,0.0,0.0,0.0
15.64591,0x2B0,0.0,0.0,1.0,6.25,1.95,0.0,25.09375,25.15625,24.5625,24.6875,4.7,0.0,0.0,0.0
15.6488,0x316,0.0,0.0,1.0,6.25,1.95,0.0,25.09375,25.15625,24.5625,24.6875,4.7,0.0,0.0,0.0
15.65489,0x220,0.0,0.0,1.0,6.25,1.8,-0.01,25.09375,25.15625,24.5625,24.6875,4.7,0.0,0.0,0.0
15.65583,0x386,0.0,0.0,1.0,6.25,1.8,-0.01,24.96875,25.1875,24.625,24.65625,4.7,0.0,0.0,0.0
15.65602,0x2B0,0.0,0.0,1.0,6.25,1.8,-0.01,24.96875,25.1875,24.625,24.65625,4.7,0.0,0.0,0.0
15.65788,0x316,0.0,0.0,1.0,6.25,1.8,-0.01,24.96875,25.1875,24.625,24.65625,4.7,0.0,0.0,0.0
15.6649,0x220,0.0,0.0,1.0,6.25,1.68,0.08,24.96875,25.1875,24.625,24.65625,4.7,0.0,0.0,0.0
15.66593,0x2B0,0.0,0.0,1.0,6.25,1.68,0.08,24.96875,25.1875,24.625,24.65625,4.7,0.0,0.0,0.0
15.66789,0x316,0.0,0.0,1.0,6.25,1.68,0.08,24.96875,25.1875,24.625,24.65625,4.7,0.0,0.0,0.0
15.6749,0x220,0.0,0.0,1.0,6.25,1.68,0.2,24.96875,25.1875,24.625,24.65625,4.7,0.0,0.0,0.0
15.67584,0x386,0.0,0.0,1.0,6.25,1.68,0.2,25.0,25.1875,24.59375,24.6875,4.7,0.0,0.0,0.0
15.67602,0x2B0,0.0,0.0,1.0,6.25,1.68,0.2,25.0,25.1875,24.59375,24.6875,4.7,0.0,0.0,0.0
15.67811,0x316,0.0,0.0,1.0,6.25,1.68,0.2,25.0,25.1875,24.59375,24.6875,4.7,0.0,0.0,0.0
15.68491,0x220,0.0,0.0,1.0,6.25,1.81,0.22,25.0,25.1875,24.59375,24.6875,4.7,0.0,0.0,0.0
15.68597,0x2B0,0.0,0.0,1.0,6.25,1.81,0.22,25.0,25.1875,24.59375,24.6875,4.7,0.0,0.0,0.0
15.68791,0x316,0.0,0.0,1.0,6.25,1.81,0.22,25.0,25.1875,24.59375,24.6875,4.7,0.0,0.0,0.0
15.6949,0x220,0.0,0.0,1.0,6.25,1.96,0.14,25.0,25.1875,24.59375,24.6875,4.7,0.0,0.0,0.0
15.69584,0x386,0.0,0.0,1.0,6.25,1.96,0.14,25.09375,25.25,24.71875,24.6875,4.7,0.0,0.0,0.0
15.69603,0x2B0,0.0,0.0,1.0,6.25,1.96,0.14,25.09375,25.25,24.71875,24.6875,4.6,0.0,0.0,0.0
15.69787,0x316,0.0,0.0,1.0,6.25,1.96,0.14,25.09375,25.25,24.71875,24.6875,4.6,0.0,0.0,0.0
15.7049,0x220,0.0,0.0,1.0,6.25,2.01,0.11,25.09375,25.25,24.71875,24.6875,4.6,0.0,0.0,0.0
15.70597,0x2B0,0.0,0.0,1.0,6.25,2.01,0.11,25.09375,25.25,24.71875,24.6875,4.6,0.0,0.0,0.0
15.70784,0x316,0.0,0.0,1.0,6.25,2.01,0.11,25.09375,25.25,24.71875,24.6875,4.6,0.0,0.0,0.0
15.7149,0x220,0.0,0.0,1.0,6.25,1.98,0.16,25.09375,25.25,24.71875,24.6875,4.6,0.0,0.0,0.0
15.71584,0x386,0.0,0.0,1.0,6.25,1.98,0.16,25.15625,25.25,24.875,24.8125,4.6,0.0,0.0,0.0
15.71603,0x2B0,0.0,0.0,1.0,6.25,1.98,0.16,25.15625,25.25,24.875,24.8125,4.4,8.0,0.0,0.0
15.71793,0x316,0.0,0.0,1.0,6.25,1.98,0.16,25.15625,25.25,24.875,24.8125,4.4,8.0,0.0,0.0
15.7249,0x220,0.0,0.0,1.0,6.25,1.85,0.2,25.15625,25.25,24.875,24.8125,4.4,8.0,0.0,0.0
15.72598,0x2B0,0.0,0.0,1.0,6.25,1.85,0.2,25.15625,25.25,24.875,24.8125,4.4,8.0,0.0,0.0
15.72793,0x316,0.0,0.0,1.0,6.25,1.85,0.2,25.15625,25.25,24.875,24.8125,4.4,8.0,0.0,0.0
15.73489,0x220,0.0,0.0,1.0,6.25,1.67,0.2,25.15625,25.25,24.875,24.8125,4.4,8.0,0.0,0.0
15.73585,0x386,0.0,0.0,1.0,6.25,1.67,0.2,25.09375,25.28125,24.71875,24.90625,4.4,8.0,0.0,0.0
15.73604,0x2B0,0.0,0.0,1.0,6.25,1.67,0.2,25.09375,25.28125,24.71875,24.90625,4.3,0.0,0.0,0.0
15.73795,0x316,0.0,0.0,1.0,6.25,1.67,0.2,25.09375,25.28125,24.71875,24.90625,4.3,0.0,0.0,0.0
15.7449,0x220,0.0,0.0,1.0,6.25,1.54,0.19,25.09375,25.28125,24.71875,24.90625,4.3,0.0,0.0,0.0
15.746,0x2B0,0.0,0.0,1.0,6.25,1.54,0.19,25.09375,25.28125,24.71875,24.90625,4.3,0.0,0.0,0.0
15.74859,0x316,0.0,0.0,1.0,6.25,1.54,0.19,25.09375,25.28125,24.71875,24.90625,4.3,0.0,0.0,0.0
15.7549,0x220,0.0,0.0,1.0,6.25,1.55,0.2,25.09375,25.28125,24.71875,24.90625,4.3,0.0,0.0,0.0
15.75585,0x386,0.0,0.0,1.0,6.25,1.55,0.2,25.15625,25.34375,24.5625,25.15625,4.3,0.0,0.0,0.0
15.75603,0x2B0,0.0,0.0,1.0,6.25,1.55,0.2,25.15625,25.34375,24.5625,25.15625,4.3,0.0,0.0,0.0
15.75793,0x316,0.0,0.0,1.0,6.25,1.55,0.2,25.15625,25.34375,24.5625,25.15625,4.3,0.0,0.0,0.0
15.76491,0x220,0.0,0.0,1.0,6.25,1.68,0.21,25.15625,25.34375,24.5625,25.15625,4.3,0.0,0.0,0.0
15.76598,0x2B0,0.0,0.0,1.0,6.25,1.68,0.21,25.15625,25.34375,24.5625,25.15625,4.1,8.0,0.0,0.0
15.76797,0x316,0.0,0.0,1.0,6.25,1.68,0.21,25.15625,25.34375,24.5625,25.15625,4.1,8.0,0.0,0.0
15.7749,0x220,0.0,0.0,1.0,6.25,1.78,0.27,25.15625,25.34375,24.5625,25.15625,4.1,8.0,0.0,0.0
15.77584,0x386,0.0,0.0,1.0,6.25,1.78,0.27,25.25,25.375,24.53125,24.8125,4.1,8.0,0.0,0.0
15.77602,0x2B0,0.0,0.0,1.0,6.25,1.78,0.27,25.25,25.375,24.53125,24.8125,4.1,8.0,0.0,0.0
15.77799,0x316,0.0,0.0,1.0,6.25,1.78,0.27,25.25,25.375,24.53125,24.8125,4.1,8.0,0.0,0.0
15.7849,0x220,0.0,0.0,1.0,6.25,1.79,0.41,25.25,25.375,24.53125,24.8125,4.1,8.0,0.0,0.0
15.78598,0x2B0,0.0,0.0,1.0,6.25,1.79,0.41,25.25,25.375,24.53125,24.8125,4.0,0.0,0.0,0.0
15.78785,0x316,0.0,0.0,1.0,6.25,1.79,0.41,25.25,25.375,24.53125,24.8125,4.0,0.0,0.0,0.0
15.79491,0x220,0.0,0.0,1.0,6.25,1.79,0.53,25.25,25.375,24.53125,24.8125,4.0,0.0,0.0,0.0
15.79585,0x386,0.0,0.0,1.0,6.25,1.79,0.53,25.34375,25.3125,24.4375,24.875,4.0,0.0,0.0,0.0
15.79604,0x2B0,0.0,0.0,1.0,6.25,1.79,0.53,25.34375,25.3125,24.4375,24.875,4.0,0.0,0.0,0.0
15.79789,0x316,0.0,0.0,1.0,6.25,1.79,0.53,25.34375,25.3125,24.4375,24.875,4.0,0.0,0.0,0.0
15.8049,0x220,0.0,0.0,1.0,6.25,1.77,0.49,25.34375,25.3125,24.4375,24.875,4.0,0.0,0.0,0.0
15.80598,0x2B0,0.0,0.0,1.0,6.25,1.77,0.49,25.34375,25.3125,24.4375,24.875,4.0,0.0,0.0,0.0
15.80786,0x316,0.0,0.0,1.0,6.25,1.77,0.49,25.34375,25.3125,24.4375,24.875,4.0,0.0,0.0,0.0
15.8149,0x220,0.0,0.0,1.0,6.25,1.72,0.35,25.34375,25.3125,24.4375,24.875,4.0,0.0,0.0,0.0
15.81584,0x386,0.0,0.0,1.0,6.25,1.72,0.35,25.375,25.375,24.375,24.71875,4.0,0.0,0.0,0.0
15.81602,0x2B0,0.0,0.0,1.0,6.25,1.72,0.35,25.375,25.375,24.375,24.71875,4.0,0.0,0.0,0.0
15.81788,0x316,0.0,0.0,1.0,6.25,1.72,0.35,25.375,25.375,24.375,24.71875,4.0,0.0,0.0,0.0
15.8249,0x220,0.0,0.0,1.0,6.25,1.7,0.28,25.375,25.375,24.375,24.71875,4.0,0.0,0.0,0.0
15.826,0x2B0,0.0,0.0,1.0,6.25,1.7,0.28,25.375,25.375,24.375,24.71875,3.8,8.0,0.0,0.0
15.82796,0x316,0.0,0.0,1.0,6.25,1.7,0.28,25.375,25.375,24.375,24.71875,3.8,8.0,0.0,0.0
15.83491,0x220,0.0,0.0,1.0,6.25,1.77,0.33,25.375,25.375,24.375,24.71875,3.8,8.0,0.0,0.0
15.83585,0x386,0.0,0.0,1.0,6.25,1.77,0.33,25.4375,25.375,24.5,24.625,3.8,8.0,0.0,0.0
15.83603,0x2B0,0.0,0.0,1.0,6.25,1.77,0.33,25.4375,25.375,24.5,24.625,3.8,8.0,0.0,0.0
15.83796,0x316,0.0,0.0,1.0,6.25,1.77,0.33,25.4375,25.375,24.5,24.625,3.8,8.0,0.0,0.0
15.84491,0x220,0.0,0.0,1.0,6.25,1.9,0.35,25.4375,25.375,24.5,24.625,3.8,8.0,0.0,0.0
15.84599,0x2B0,0.0,0.0,1.0,6.25,1.9,0.35,25.4375,25.375,24.5,24.625,3.8,0.0,0.0,0.0
15.84868,0x316,0.0,0.0,1.0,6.25,1.9,0.35,25.4375,25.375,24.5,24.625,3.8,0.0,0.0,0.0
15.8549,0x220,0.0,0.0,1.0,6.25,2.03,0.29,25.4375,25.375,24.5,24.625,3.8,0.0,0.0,0.0
15.8556,0x386,0.0,0.0,1.0,6.25,2.03,0.29,25.375,25.4375,24.8125,25.28125,3.8,0.0,0.0,0.0
15.85603,0x2B0,0.0,0.0,1.0,6.25,2.03,0.29,25.375,25.4375,24.8125,25.28125,3.8,0.0,0.0,0.0
15.85793,0x316,0.0,0.0,1.0,6.25,2.03,0.29,25.375,25.4375,24.8125,25.28125,3.8,0.0,0.0,0.0
15.8649,0x220,0.0,0.0,1.0,6.25,2.09,0.27,25.375,25.4375,24.8125,25.28125,3.8,0.0,0.0,0.0
15.86605,0x2B0,0.0,0.0,1.0,6.25,2.09,0.27,25.375,25.4375,24.8125,25.28125,3.7,0.0,0.0,0.0
15.86793,0x316,0.0,0.0,1.0,6.25,2.09,0.27,25.375,25.4375,24.8125,25.28125,3.7,0.0,0.0,0.0
15.8749,0x220,0.0,0.0,1.0,6.25,2.12,0.32,25.375,25.4375,24.8125,25.28125,3.7,0.0,0.0,0.0
15.8756,0x386,0.0,0.0,1.0,6.25,2.12,0.32,25.34375,25.40625,24.875,24.9375,3.7,0.0,0.0,0.0
15.87603,0x2B0,0.0,0.0,1.0,6.25,2.12,0.32,25.34375,25.40625,24.875,24.9375,3.7,0.0,0.0,0.0
15.87799,0x316,0.0,0.0,1.0,6.25,2.12,0.32,25.34375,25.40625,24.875,24.9375,3.7,0.0,0.0,0.0
15.8849,0x220,0.0,0.0,1.0,6.25,2.11,0.3,25.34375,25.40625,24.875,24.9375,3.7,0.0,0.0,0.0
15.88598,0x2B0,0.0,0.0,1.0,6.25,2.11,0.3,25.34375,25.40625,24.875,24.9375,3.7,0.0,0.0,0.0
15.88797,0x316,0.0,0.0,1.0,6.25,2.11,0.3,25.34375,25.40625,24.875,24.9375,3.7,0.0,0.0,0.0
15.89491,0x220,0.0,0.0,1.0,6.25,2.07,0.18,25.34375,25.40625,24.875,24.9375,3.7,0.0,0.0,0.0
15.89562,0x386,0.0,0.0,1.0,6.25,2.07,0.18,25.34375,25.28125,24.78125,25.0,3.7,0.0,0.0,0.0
15.89604,0x2B0,0.0,0.0,1.0,6.25,2.07,0.18,25.34375,25.28125,24.78125,25.0,3.7,0.0,0.0,0.0
15.89791,0x316,0.0,0.0,1.0,6.25,2.07,0.18,25.34375,25.28125,24.78125,25.0,3.7,0.0,0.0,0.0
15.9049,0x220,0.0,0.0,1.0,6.25,2.04,0.03,25.34375,25.28125,24.78125,25.0,3.7,0.0,0.0,0.0
15.90599,0x2B0,0.0,0.0,1.0,6.25,2.04,0.03,25.34375,25.28125,24.78125,25.0,3.6,0.0,0.0,0.0
15.90784,0x316,0.0,0.0,1.0,6.25,2.04,0.03,25.34375,25.28125,24.78125,25.0,3.6,0.0,0.0,0.0
15.9149,0x220,0.0,0.0,1.0,6.25,1.93,-0.11,25.34375,25.28125,24.78125,25.0,3.6,0.0,0.0,0.0
15.9156,0x386,0.0,0.0,1.0,6.25,1.93,-0.11,25.25,25.21875,25.03125,25.0625,3.6,0.0,0.0,0.0
15.91603,0x2B0,0.0,0.0,1.0,6.25,1.93,-0.11,25.25,25.21875,25.03125,25.0625,3.6,0.0,0.0,0.0
15.91788,0x316,0.0,0.0,1.0,6.25,1.93,-0.11,25.25,25.21875,25.03125,25.0625,3.6,0.0,0.0,0.0
15.9249,0x220,0.0,0.0,1.0,6.25,1.72,-0.17,25.25,25.21875,25.03125,25.0625,3.6,0.0,0.0,0.0
15.92594,0x2B0,0.0,0.0,1.0,6.25,1.72,-0.17,25.25,25.21875,25.03125,25.0625,3.6,0.0,0.0,0.0
15.92799,0x316,0.0,0.0,1.0,6.25,1.72,-0.17,25.25,25.21875,25.03125,25.0625,3.6,0.0,0.0,0.0
15.9349,0x220,0.0,0.0,1.0,6.25,1.59,-0.01,25.25,25.21875,25.03125,25.0625,3.6,0.0,0.0,0.0
15.9356,0x386,0.0,0.0,1.0,6.25,1.59,-0.01,25.65625,25.34375,25.0625,25.0625,3.6,0.0,0.0,0.0
15.93603,0x2B0,0.0,0.0,1.0,6.25,1.59,-0.01,25.65625,25.34375,25.0625,25.0625,3.6,0.0,0.0,0.0
15.93804,0x316,0.0,0.0,1.0,6.25,1.59,-0.01,25.65625,25.34375,25.0625,25.0625,3.6,0.0,0.0,0.0
15.94491,0x220,0.0,0.0,1.0,6.25,1.69,0.17,25.65625,25.34375,25.0625,25.0625,3.6,0.0,0.0,0.0
15.94601,0x2B0,0.0,0.0,1.0,6.25,1.69,0.17,25.65625,25.34375,25.0625,25.0625,3.6,0.0,0.0,0.0
15.94869,0x316,0.0,0.0,1.0,6.25,1.69,0.17,25.65625,25.34375,25.0625,25.0625,3.6,0.0,0.0,0.0
15.9549,0x220,0.0,0.0,1.0,6.25,2.02,0.15,25.65625,25.34375,25.0625,25.0625,3.6,0.0,0.0,0.0
15.95561,0x386,0.0,0.0,1.0,6.25,2.02,0.15,25.625,25.625,25.03125,25.21875,3.6,0.0,0.0,0.0
15.95603,0x2B0,0.0,0.0,1.0,6.25,2.02,0.15,25.625,25.625,25.03125,25.21875,3.6,0.0,0.0,0.0
15.95788,0x316,0.0,0.0,1.0,6.25,2.02,0.15,25.625,25.625,25.03125,25.21875,3.6,0.0,0.0,0.0
15.9649,0x220,0.0,0.0,1.0,6.25,2.42,-0.12,25.625,25.625,25.03125,25.21875,3.6,0.0,0.0,0.0
15.96597,0x2B0,0.0,0.0,1.0,6.25,2.42,-0.12,25.625,25.625,25.03125,25.21875,3.5,0.0,0.0,0.0
15.96801,0x316,0.0,0.0,1.0,6.25,2.42,-0.12,25.625,25.625,25.03125,25.21875,3.5,0.0,0.0,0.0
15.9749,0x220,0.0,0.0,1.0,6.25,2.61,-0.38,25.625,25.625,25.03125,25.21875,3.5,0.0,0.0,0.0
15.97561,0x386,0.0,0.0,1.0,6.25,2.61,-0.38,25.21875,25.53125,24.96875,25.09375,3.5,0.0,0.0,0.0
15.97604,0x2B0,0.0,0.0,1.0,6.25,2.61,-0.38,25.21875,25.53125,24.96875,25.09375,3.5,0.0,0.0,0.0
15.97812,0x316,0.0,0.0,1.0,6.25,2.61,-0.38,25.21875,25.53125,24.96875,25.09375,3.5,0.0,0.0,0.0
15.9849,0x220,0.0,0.0,1.0,6.25,2.5,-0.28,25.21875,25.53125,24.96875,25.09375,3.5,0.0,0.0,0.0
15.98598,0x2B0,0.0,0.0,1.0,6.25,2.5,-0.28,25.21875,25.53125,24.96875,25.09375,3.5,0.0,0.0,0.0
15.98786,0x316,0.0,0.0,1.0,6.25,2.5,-0.28,25.21875,25.53125,24.96875,25.09375,3.5,0.0,0.0,0.0
15.99491,0x220,0.0,0.0,1.0,6.25,2.25,0.09,25.21875,25.53125,24.96875,25.09375,3.5,0.0,0.0,0.0
15.99561,0x386,0.0,0.0,1.0,6.25,2.25,0.09,25.28125,25.53125,24.9375,25.125,3.5,0.0,0.0,0.0
15.99603,0x2B0,0.0,0.0,1.0,6.25,2.25,0.09,25.28125,25.53125,24.9375,25.125,3.4,0.0,0.0,0.0
15.99788,0x316,0.0,0.0,1.0,6.25,2.25,0.09,25.28125,25.53125,24.9375,25.125,3.4,0.0,0.0,0.0
16.00491,0x220,0.0,0.0,1.0,6.25,1.96,0.34,25.28125,25.53125,24.9375,25.125,3.4,0.0,0.0,0.0
16.00593,0x2B0,0.0,0.0,1.0,6.25,1.96,0.34,25.28125,25.53125,24.9375,25.125,3.2,12.0,0.0,0.0
16.0079,0x316,0.0,0.0,1.0,6.25,1.96,0.34,25.28125,25.53125,24.9375,25.125,3.2,12.0,0.0,0.0
16.01491,0x220,0.0,0.0,1.0,6.25,1.73,0.11,25.28125,25.53125,24.9375,25.125,3.2,12.0,0.0,0.0
16.0156,0x386,0.0,0.0,1.0,6.25,1.73,0.11,25.375,25.53125,24.90625,25.28125,3.2,12.0,0.0,0.0
16.01603,0x2B0,0.0,0.0,1.0,6.25,1.73,0.11,25.375,25.53125,24.90625,25.28125,3.2,8.0,0.0,0.0
16.01792,0x316,0.0,0.0,1.0,6.25,1.73,0.11,25.375,25.53125,24.90625,25.28125,3.2,8.0,0.0,0.0
16.02491,0x220,0.0,0.0,1.0,6.25,1.63,-0.27,25.375,25.53125,24.90625,25.28125,3.2,8.0,0.0,0.0
16.02594,0x2B0,0.0,0.0,1.0,6.25,1.63,-0.27,25.375,25.53125,24.90625,25.28125,3.1,0.0,0.0,0.0
16.02803,0x316,0.0,0.0,1.0,6.25,1.63,-0.27,25.375,25.53125,24.90625,25.28125,3.1,0.0,0.0,0.0
16.0349,0x220,0.0,0.0,1.0,6.25,1.65,-0.37,25.375,25.53125,24.90625,25.28125,3.1,0.0,0.0,0.0
16.0356,0x386,0.0,0.0,1.0,6.25,1.65,-0.37,25.03125,25.40625,24.78125,25.1875,3.1,0.0,0.0,0.0
16.03602,0x2B0,0.0,0.0,1.0,6.25,1.65,-0.37,25.03125,25.40625,24.78125,25.1875,2.9,12.0,0.0,0.0
16.03795,0x316,0.0,0.0,1.0,6.25,1.65,-0.37,25.03125,25.40625,24.78125,25.1875,2.9,12.0,0.0,0.0
16.04491,0x220,0.0,0.0,1.0,6.25,1.84,0.0,25.03125,25.40625,24.78125,25.1875,2.9,12.0,0.0,0.0
16.04594,0x2B0,0.0,0.0,1.0,6.25,1.84,0.0,25.03125,25.40625,24.78125,25.1875,2.9,8.0,0.0,0.0
16.04883,0x316,0.0,0.0,1.0,6.25,1.84,0.0,25.03125,25.40625,24.78125,25.1875,2.9,8.0,0.0,0.0
16.0549,0x220,0.0,0.0,1.0,6.25,2.12,0.46,25.03125,25.40625,24.78125,25.1875,2.9,8.0,0.0,0.0
16.0556,0x386,0.0,0.0,1.0,6.25,2.12,0.46,24.9375,25.34375,24.875,25.15625,2.9,8.0,0.0,0.0
16.05603,0x2B0,0.0,0.0,1.0,6.25,2.12,0.46,24.9375,25.34375,24.875,25.15625,2.8,0.0,0.0,0.0
16.05791,0x316,0.0,0.0,1.0,6.25,2.12,0.46,24.9375,25.34375,24.875,25.15625,2.8,0.0,0.0,0.0
16.06491,0x220,0.0,0.0,1.0,6.25,2.29,0.64,24.9375,25.34375,24.875,25.15625,2.8,0.0,0.0,0.0
16.06612,0x2B0,0.0,0.0,1.0,6.25,2.29,0.64,24.9375,25.34375,24.875,25.15625,2.8,0.0,0.0,0.0
16.06789,0x316,0.0,0.0,1.0,6.25,2.29,0.64,24.9375,25.34375,24.875,25.15625,2.8,0.0,0.0,0.0
16.0749,0x220,0.0,0.0,1.0,6.25,2.27,0.4,24.9375,25.34375,24.875,25.15625,2.8,0.0,0.0,0.0
16.07561,0x386,0.0,0.0,1.0,6.25,2.27,0.4,26.34375,25.71875,24.90625,25.21875,2.8,0.0,0.0,0.0
16.07604,0x2B0,0.0,0.0,1.0,6.25,2.27,0.4,26.34375,25.71875,24.90625,25.21875,2.6,8.0,0.0,0.0
16.07801,0x316,0.0,0.0,1.0,6.25,2.27,0.4,26.34375,25.71875,24.90625,25.21875,2.6,8.0,0.0,0.0
16.08491,0x220,0.0,0.0,1.0,6.25,2.03,0.07,26.34375,25.71875,24.90625,25.21875,2.6,8.0,0.0,0.0
16.08589,0x2B0,0.0,0.0,1.0,6.25,2.03,0.07,26.34375,25.71875,24.90625,25.21875,2.6,8.0,0.0,0.0
16.0879,0x316,0.0,0.0,1.0,6.25,2.03,0.07,26.34375,25.71875,24.90625,25.21875,2.6,8.0,0.0,0.0
16.09491,0x220,0.0,0.0,1.0,6.25,1.65,0.05,26.34375,25.71875,24.90625,25.21875,2.6,8.0,0.0,0.0
16.09562,0x386,0.0,0.0,1.0,6.25,1.65,0.05,25.3125,25.46875,24.875,25.25,2.6,8.0,0.0,0.0
16.09605,0x2B0,0.0,0.0,1.0,6.25,1.65,0.05,25.3125,25.46875,24.875,25.25,2.6,0.0,0.0,0.0
16.09791,0x316,0.0,0.0,1.0,6.25,1.65,0.05,25.3125,25.46875,24.875,25.25,2.6,0.0,0.0,0.0
16.10491,0x220,0.0,0.0,1.0,6.25,1.4,0.34,25.3125,25.46875,24.875,25.25,2.6,0.0,0.0,0.0
16.10593,0x2B0,0.0,0.0,1.0,6.25,1.4,0.34,25.3125,25.46875,24.875,25.25,2.5,0.0,0.0,0.0
16.10784,0x316,0.0,0.0,1.0,6.25,1.4,0.34,25.3125,25.46875,24.875,25.25,2.5,0.0,0.0,0.0
16.11491,0x220,0.0,0.0,1.0,6.25,1.39,0.63,25.3125,25.46875,24.875,25.25,2.5,0.0,0.0,0.0
16.11561,0x386,0.0,0.0,1.0,6.25,1.39,0.63,26.1875,25.59375,25.09375,25.28125,2.5,0.0,0.0,0.0
16.11604,0x2B0,0.0,0.0,1.0,6.25,1.39,0.63,26.1875,25.59375,25.09375,25.28125,2.5,0.0,0.0,0.0
16.11787,0x316,0.0,0.0,1.0,6.25,1.39,0.63,26.1875,25.59375,25.09375,25.28125,2.5,0.0,0.0,0.0
16.1249,0x220,0.0,0.0,1.0,6.25,1.56,0.66,26.1875,25.59375,25.09375,25.28125,2.5,0.0,0.0,0.0
16.12595,0x2B0,0.0,0.0,1.0,6.25,1.56,0.66,26.1875,25.59375,25.09375,25.28125,2.5,0.0,0.0,0.0
16.12806,0x316,0.0,0.0,1.0,6.25,1.56,0.66,26.1875,25.59375,25.09375,25.28125,2.5,0.0,0.0,0.0
16.13491,0x220,0.0,0.0,1.0,6.25,1.73,0.44,26.1875,25.59375,25.09375,25.28125,2.5,0.0,0.0,0.0
16.13561,0x386,0.0,0.0,1.0,6.25,1.73,0.44,25.71875,25.78125,25.125,25.28125,2.5,0.0,0.0,0.0
16.13604,0x2B0,0.0,0.0,1.0,6.25,1.73,0.44,25.71875,25.78125,25.125,25.28125,2.4,0.0,0.0,0.0
16.13805,0x316,0.0,0.0,1.0,6.25,1.73,0.44,25.71875,25.78125,25.125,25.28125,2.4,0.0,0.0,0.0
16.14491,0x220,0.0,0.0,1.0,6.25,1.76,0.19,25.71875,25.78125,25.125,25.28125,2.4,0.0,0.0,0.0
16.14589,0x2B0,0.0,0.0,1.0,6.25,1.76,0.19,25.71875,25.78125,25.125,25.28125,2.4,0.0,0.0,0.0
16.14866,0x316,0.0,0.0,1.0,6.25,1.76,0.19,25.71875,25.78125,25.125,25.28125,2.4,0.0,0.0,0.0
16.15491,0x220,0.0,0.0,1.0,6.25,1.68,0.3,25.71875,25.78125,25.125,25.28125,2.4,0.0,0.0,0.0
16.1556,0x386,0.0,0.0,1.0,6.25,1.68,0.3,25.78125,25.65625,25.1875,25.25,2.4,0.0,0.0,0.0
16.15603,0x2B0,0.0,0.0,1.0,6.25,1.68,0.3,25.78125,25.65625,25.1875,25.25,2.4,0.0,0.0,0.0
16.15787,0x316,0.0,0.0,1.0,6.25,1.68,0.3,25.78125,25.65625,25.1875,25.25,2.4,0.0,0.0,0.0
16.16492,0x220,0.0,0.0,1.0,6.25,1.63,0.61,25.78125,25.65625,25.1875,25.25,2.4,0.0,0.0,0.0
16.16589,0x2B0,0.0,0.0,1.0,6.25,1.63,0.61,25.78125,25.65625,25.1875,25.25,2.4,0.0,0.0,0.0
16.16797,0x316,0.0,0.0,1.0,6.25,1.63,0.61,25.78125,25.65625,25.1875,25.25,2.4,0.0,0.0,0.0
16.1749,0x220,0.0,0.0,1.0,6.25,1.7,0.7,25.78125,25.65625,25.1875,25.25,2.4,0.0,0.0,0.0
16.1756,0x386,0.0,0.0,1.0,6.25,1.7,0.7,25.65625,25.84375,25.25,25.28125,2.4,0.0,0.0,0.0
16.17603,0x2B0,0.0,0.0,1.0,6.25,1.7,0.7,25.65625,25.84375,25.25,25.28125,2.4,0.0,0.0,0.0
16.17808,0x316,0.0,0.0,1.0,6.25,1.7,0.7,25.65625,25.84375,25.25,25.28125,2.4,0.0,0.0,0.0
16.18491,0x220,0.0,0.0,1.0,6.25,1.76,0.38,25.65625,25.84375,25.25,25.28125,2.4,0.0,0.0,0.0
16.1859,0x2B0,0.0,0.0,1.0,6.25,1.76,0.38,25.65625,25.84375,25.25,25.28125,2.4,0.0,0.0,0.0
16.18785,0x316,0.0,0.0,1.0,6.25,1.76,0.38,25.65625,25.84375,25.25,25.28125,2.4,0.0,0.0,0.0
16.19492,0x220,0.0,0.0,1.0,6.25,1.65,0.0,25.65625,25.84375,25.25,25.28125,2.4,0.0,0.0,0.0
16.19562,0x386,0.0,0.0,1.0,6.25,1.65,0.0,25.6875,25.8125,25.3125,25.21875,2.4,0.0,0.0,0.0
16.19604,0x2B0,0.0,0.0,1.0,6.25,1.65,0.0,25.6875,25.8125,25.3125,25.21875,2.4,0.0,0.0,0.0
16.19786,0x316,0.0,0.0,1.0,6.25,1.65,0.0,25.6875,25.8125,25.3125,25.21875,2.4,0.0,0.0,0.0
16.20492,0x220,0.0,0.0,1.0,6.25,1.42,-0.04,25.6875,25.8125,25.3125,25.21875,2.4,0.0,0.0,0.0
16.2059,0x2B0,0.0,0.0,1.0,6.25,1.42,-0.04,25.6875,25.8125,25.3125,25.21875,2.4,0.0,0.0,0.0
16.20785,0x316,0.0,0.0,1.0,6.25,1.42,-0.04,25.6875,25.8125,25.3125,25.21875,2.4,0.0,0.0,0.0
16.21491,0x220,0.0,0.0,1.0,6.25,1.34,0.2,25.6875,25.8125,25.3125,25.21875,2.4,0.0,0.0,0.0
16.21561,0x386,0.0,0.0,1.0,6.25,1.34,0.2,25.59375,25.84375,25.25,25.3125,2.4,0.0,0.0,0.0
16.21603,0x2B0,0.0,0.0,1.0,6.25,1.34,0.2,25.59375,25.84375,25.25,25.3125,2.4,0.0,0.0,0.0
16.21793,0x316,0.0,0.0,1.0,6.25,1.34,0.2,25.59375,25.84375,25.25,25.3125,2.4,0.0,0.0,0.0
16.22491,0x220,0.0,0.0,1.0,6.25,1.48,0.47,25.59375,25.84375,25.25,25.3125,2.4,0.0,0.0,0.0
16.22595,0x2B0,0.0,0.0,1.0,6.25,1.48,0.47,25.59375,25.84375,25.25,25.3125,2.4,0.0,0.0,0.0
16.22785,0x316,0.0,0.0,1.0,6.25,1.48,0.47,25.59375,25.84375,25.25,25.3125,2.4,0.0,0.0,0.0
16.23491,0x220,0.0,0.0,1.0,6.25,1.74,0.46,25.59375,25.84375,25.25,25.3125,2.4,0.0,0.0,0.0
16.23561,0x386,0.0,0.0,1.0,6.25,1.74,0.46,25.71875,25.90625,25.21875,25.4375,2.4,0.0,0.0,0.0
16.23604,0x2B0,0.0,0.0,1.0,6.25,1.74,0.46,25.71875,25.90625,25.21875,25.4375,2.2,8.0,0.0,0.0
16.23794,0x316,0.0,0.0,1.0,6.25,1.74,0.46,25.71875,25.90625,25.21875,25.4375,2.2,8.0,0.0,0.0
16.24492,0x220,0.0,0.0,1.0,6.25,1.94,0.26,25.71875,25.90625,25.21875,25.4375,2.2,8.0,0.0,0.0
16.24595,0x2B0,0.0,0.0,1.0,6.25,1.94,0.26,25.71875,25.90625,25.21875,25.4375,2.2,8.0,0.0,0.0
16.24879,0x316,0.0,0.0,1.0,6.25,1.94,0.26,25.71875,25.90625,25.21875,25.4375,2.2,8.0,0.0,0.0
16.25491,0x220,0.0,0.0,1.0,6.25,1.99,0.13,25.71875,25.90625,25.21875,25.4375,2.2,8.0,0.0,0.0
16.2556,0x386,0.0,0.0,1.0,6.25,1.99,0.13,25.65625,25.78125,25.1875,25.65625,2.2,8.0,0.0,0.0
16.25603,0x2B0,0.0,0.0,1.0,6.25,1.99,0.13,25.65625,25.78125,25.1875,25.65625,2.2,0.0,0.0,0.0
16.25794,0x316,0.0,0.0,1.0,6.25,1.99,0.13,25.65625,25.78125,25.1875,25.65625,2.2,0.0,0.0,0.0
16.26492,0x220,0.0,0.0,1.0,6.25,1.84,0.14,25.65625,25.78125,25.1875,25.65625,2.2,0.0,0.0,0.0
16.26617,0x2B0,0.0,0.0,1.0,6.25,1.84,0.14,25.65625,25.78125,25.1875,25.65625,2.0,8.0,0.0,0.0
16.26789,0x316,0.0,0.0,1.0,6.25,1.84,0.14,25.65625,25.78125,25.1875,25.65625,2.0,8.0,0.0,0.0
16.27491,0x220,0.0,0.0,1.0,6.25,1.58,0.12,25.65625,25.78125,25.1875,25.65625,2.0,8.0,0.0,0.0
16.27562,0x386,0.0,0.0,1.0,6.25,1.58,0.12,25.71875,26.0,25.15625,25.84375,2.0,8.0,0.0,0.0
16.27604,0x2B0,0.0,0.0,1.0,6.25,1.58,0.12,25.71875,26.0,25.15625,25.84375,2.0,8.0,0.0,0.0
16.27804,0x316,0.0,0.0,1.0,6.25,1.58,0.12,25.71875,26.0,25.15625,25.84375,2.0,8.0,0.0,0.0
16.28492,0x220,0.0,0.0,1.0,6.25,1.42,0.05,25.71875,26.0,25.15625,25.84375,2.0,8.0,0.0,0.0
16.28594,0x2B0,0.0,0.0,1.0,6.25,1.42,0.05,25.71875,26.0,25.15625,25.84375,1.9,0.0,0.0,0.0
16.28788,0x316,0.0,0.0,1.0,6.25,1.42,0.05,25.71875,26.0,25.15625,25.84375,1.9,0.0,0.0,0.0
16.29492,0x220,0.0,0.0,1.0,6.25,1.42,0.04,25.71875,26.0,25.15625,25.84375,1.9,0.0,0.0,0.0
16.29562,0x386,0.0,0.0,1.0,6.25,1.42,0.04,25.78125,25.90625,25.1875,26.0,1.9,0.0,0.0,0.0
16.29605,0x2B0,0.0,0.0,1.0,6.25,1.42,0.04,25.78125,25.90625,25.1875,26.0,1.9,0.0,0.0,0.0
16.29796,0x316,0.0,0.0,1.0,6.25,1.42,0.04,25.78125,25.90625,25.1875,26.0,1.9,0.0,0.0,0.0
16.30491,0x220,0.0,0.0,1.0,6.25,1.58,0.12,25.78125,25.90625,25.1875,26.0,1.9,0.0,0.0,0.0
16.30595,0x2B0,0.0,0.0,1.0,6.25,1.58,0.12,25.78125,25.90625,25.1875,26.0,1.8,0.0,0.0,0.0
16.30788,0x316,0.0,0.0,1.0,6.25,1.58,0.12,25.78125,25.90625,25.1875,26.0,1.8,0.0,0.0,0.0
16.31491,0x220,0.0,0.0,1.0,6.25,1.81,0.22,25.78125,25.90625,25.1875,26.0,1.8,0.0,0.0,0.0
16.31561,0x386,0.0,0.0,1.0,6.25,1.81,0.22,25.84375,25.90625,25.5,25.6875,1.8,0.0,0.0,0.0
16.31603,0x2B0,0.0,0.0,1.0,6.25,1.81,0.22,25.84375,25.90625,25.5,25.6875,1.8,0.0,0.0,0.0
16.31789,0x316,0.0,0.0,1.0,6.25,1.81,0.22,25.84375,25.90625,25.5,25.6875,1.8,0.0,0.0,0.0
16.32492,0x220,0.0,0.0,1.0,6.25,1.97,0.21,25.84375,25.90625,25.5,25.6875,1.8,0.0,0.0,0.0
16.32596,0x2B0,0.0,0.0,1.0,6.25,1.97,0.21,25.84375,25.90625,25.5,25.6875,1.8,0.0,0.0,0.0
16.32789,0x316,0.0,0.0,1.0,6.25,1.97,0.21,25.84375,25.90625,25.5,25.6875,1.8,0.0,0.0,0.0
16.33491,0x220,0.0,0.0,1.0,6.25,2.02,0.14,25.84375,25.90625,25.5,25.6875,1.8,0.0,0.0,0.0
16.33561,0x386,0.0,0.0,1.0,6.25,2.02,0.14,25.84375,25.84375,25.4375,25.15625,1.8,0.0,0.0,0.0
16.33603,0x2B0,0.0,0.0,1.0,6.25,2.02,0.14,25.84375,25.84375,25.4375,25.15625,1.8,0.0,0.0,0.0
16.33807,0x316,0.0,0.0,1.0,6.25,2.02,0.14,25.84375,25.84375,25.4375,25.15625,1.8,0.0,0.0,0.0
16.34492,0x220,0.0,0.0,1.0,6.25,2.01,0.11,25.84375,25.84375,25.4375,25.15625,1.8,0.0,0.0,0.0
16.34594,0x2B0,0.0,0.0,1.0,6.25,2.01,0.11,25.84375,25.84375,25.4375,25.15625,1.8,0.0,0.0,0.0
16.34866,0x316,0.0,0.0,1.0,6.25,2.01,0.11,25.84375,25.84375,25.4375,25.15625,1.8,0.0,0.0,0.0
16.35491,0x220,0.0,0.0,1.0,6.25,2.02,0.05,25.84375,25.84375,25.4375,25.15625,1.8,0.0,0.0,0.0
16.35561,0x386,0.0,0.0,1.0,6.25,2.02,0.05,25.9375,25.96875,25.1875,25.15625,1.8,0.0,0.0,0.0
16.35604,0x2B0,0.0,0.0,1.0,6.25,2.02,0.05,25.9375,25.96875,25.1875,25.15625,1.7,0.0,0.0,0.0
16.3579,0x316,0.0,0.0,1.0,6.25,2.02,0.05,25.9375,25.96875,25.1875,25.15625,1.7,0.0,0.0,0.0
16.36492,0x220,0.0,0.0,1.0,6.25,2.0,-0.06,25.9375,25.96875,25.1875,25.15625,1.7,0.0,0.0,0.0
16.36595,0x2B0,0.0,0.0,1.0,6.25,2.0,-0.06,25.9375,25.96875,25.1875,25.15625,1.7,0.0,0.0,0.0
16.36792,0x316,0.0,0.0,1.0,6.25,2.0,-0.06,25.9375,25.96875,25.1875,25.15625,1.7,0.0,0.0,0.0
16.37491,0x220,0.0,0.0,1.0,6.25,1.91,-0.26,25.9375,25.96875,25.1875,25.15625,1.7,0.0,0.0,0.0
16.37562,0x386,0.0,0.0,1.0,6.25,1.91,-0.26,26.0,25.96875,25.21875,25.28125,1.7,0.0,0.0,0.0
16.37604,0x2B0,0.0,0.0,1.0,6.25,1.91,-0.26,26.0,25.96875,25.21875,25.28125,1.7,0.0,0.0,0.0
16.37811,0x316,0.0,0.0,1.0,6.25,1.91,-0.26,26.0,25.96875,25.21875,25.28125,1.7,0.0,0.0,0.0
16.38491,0x220,0.0,0.0,1.0,6.25,1.78,-0.36,26.0,25.96875,25.21875,25.28125,1.7,0.0,0.0,0.0
16.38596,0x2B0,0.0,0.0,1.0,6.25,1.78,-0.36,26.0,25.96875,25.21875,25.28125,1.7,0.0,0.0,0.0
16.38791,0x316,0.0,0.0,1.0,6.25,1.78,-0.36,26.0,25.96875,25.21875,25.28125,1.7,0.0,0.0,0.0
16.39493,0x220,0.0,0.0,1.0,6.25,1.69,-0.3,26.0,25.96875,25.21875,25.28125,1.7,0.0,0.0,0.0
16.39563,0x386,0.0,0.0,1.0,6.25,1.69,-0.3,25.96875,25.96875,25.40625,25.53125,1.7,0.0,0.0,0.0
16.39606,0x2B0,0.0,0.0,1.0,6.25,1.69,-0.3,25.96875,25.96875,25.40625,25.53125,1.7,0.0,0.0,0.0
16.39791,0x316,0.0,0.0,1.0,6.25,1.69,-0.3,25.96875,25.96875,25.40625,25.53125,1.7,0.0,0.0,0.0
16.40491,0x220,0.0,0.0,1.0,6.25,1.68,-0.21,25.96875,25.96875,25.40625,25.53125,1.7,0.0,0.0,0.0
16.40597,0x2B0,0.0,0.0,1.0,6.25,1.68,-0.21,25.96875,25.96875,25.40625,25.53125,1.7,0.0,0.0,0.0
16.40792,0x316,0.0,0.0,1.0,6.25,1.68,-0.21,25.96875,25.96875,25.40625,25.53125,1.7,0.0,0.0,0.0
16.41491,0x220,0.0,0.0,1.0,6.25,1.78,-0.1,25.96875,25.96875,25.40625,25.53125,1.7,0.0,0.0,0.0
16.41562,0x386,0.0,0.0,1.0,6.25,1.78,-0.1,25.90625,25.9375,25.84375,25.5,1.7,0.0,0.0,0.0
16.41605,0x2B0,0.0,0.0,1.0,6.25,1.78,-0.1,25.90625,25.9375,25.84375,25.5,1.7,0.0,0.0,0.0
16.41793,0x316,0.0,0.0,1.0,6.25,1.78,-0.1,25.90625,25.9375,25.84375,25.5,1.7,0.0,0.0,0.0
16.42491,0x220,0.0,0.0,1.0,6.25,1.9,-0.02,25.90625,25.9375,25.84375,25.5,1.7,0.0,0.0,0.0
16.42596,0x2B0,0.0,0.0,1.0,6.25,1.9,-0.02,25.90625,25.9375,25.84375,25.5,1.7,0.0,0.0,0.0
16.42793,0x316,0.0,0.0,1.0,6.25,1.9,-0.02,25.90625,25.9375,25.84375,25.5,1.7,0.0,0.0,0.0
16.43493,0x220,0.0,0.0,1.0,6.25,1.99,0.0,25.90625,25.9375,25.84375,25.5,1.7,0.0,0.0,0.0
16.43563,0x386,0.0,0.0,1.0,6.25,1.99,0.0,25.8125,25.96875,25.84375,25.5,1.7,0.0,0.0,0.0
16.43605,0x2B0,0.0,0.0,1.0,6.25,1.99,0.0,25.8125,25.96875,25.84375,25.5,1.7,0.0,0.0,0.0
16.43795,0x316,0.0,0.0,1.0,6.25,1.99,0.0,25.8125,25.96875,25.84375,25.5,1.7,0.0,0.0,0.0
16.44492,0x220,0.0,0.0,1.0,6.25,1.94,-0.04,25.8125,25.96875,25.84375,25.5,1.7,0.0,0.0,0.0
16.44606,0x2B0,0.0,0.0,1.0,6.25,1.94,-0.04,25.8125,25.96875,25.84375,25.5,1.7,0.0,0.0,0.0
16.44858,0x316,0.0,0.0,1.0,6.25,1.94,-0.04,25.8125,25.96875,25.84375,25.5,1.7,0.0,0.0,0.0
16.45492,0x220,0.0,0.0,1.0,6.25,1.71,-0.16,25.8125,25.96875,25.84375,25.5,1.7,0.0,0.0,0.0
16.45562,0x386,0.0,0.0,1.0,6.25,1.71,-0.16,25.84375,25.90625,25.4375,25.625,1.7,0.0,0.0,0.0
16.45604,0x2B0,0.0,0.0,1.0,6.25,1.71,-0.16,25.84375,25.90625,25.4375,25.625,1.7,0.0,0.0,0.0
16.45794,0x316,0.0,0.0,1.0,6.25,1.71,-0.16,25.84375,25.90625,25.4375,25.625,1.7,0.0,0.0,0.0
16.46492,0x220,0.0,0.0,1.0,6.25,1.42,-0.22,25.84375,25.90625,25.4375,25.625,1.7,0.0,0.0,0.0
16.46607,0x2B0,0.0,0.0,1.0,6.25,1.42,-0.22,25.84375,25.90625,25.4375,25.625,1.7,0.0,0.0,0.0
16.46795,0x316,0.0,0.0,1.0,6.25,1.42,-0.22,25.84375,25.90625,25.4375,25.625,1.7,0.0,0.0,0.0
16.47491,0x220,0.0,0.0,1.0,6.25,1.12,-0.17,25.84375,25.90625,25.4375,25.625,1.7,0.0,0.0,0.0
16.47561,0x386,0.0,0.0,1.0,6.25,1.12,-0.17,25.78125,25.84375,25.34375,25.59375,1.7,0.0,0.0,0.0
16.47603,0x2B0,0.0,0.0,1.0,6.25,1.12,-0.17,25.78125,25.84375,25.34375,25.59375,1.7,0.0,0.0,0.0
16.47802,0x316,0.0,0.0,1.0,6.25,1.12,-0.17,25.78125,25.84375,25.34375,25.59375,1.7,0.0,0.0,0.0
16.48493,0x220,0.0,0.0,1.0,6.25,0.85,-0.04,25.78125,25.84375,25.34375,25.59375,1.7,0.0,0.0,0.0
16.48607,0x2B0,0.0,0.0,1.0,6.25,0.85,-0.04,25.78125,25.84375,25.34375,25.59375,1.7,0.0,0.0,0.0
16.48794,0x316,0.0,0.0,1.0,6.25,0.85,-0.04,25.78125,25.84375,25.34375,25.59375,1.7,0.0,0.0,0.0
16.49493,0x220,0.0,0.0,1.0,6.25,0.71,0.09,25.78125,25.84375,25.34375,25.59375,1.7,0.0,0.0,0.0
16.49563,0x386,0.0,0.0,1.0,6.25,0.71,0.09,25.78125,25.96875,25.25,25.53125,1.7,0.0,0.0,0.0
16.49605,0x2B0,0.0,0.0,1.0,6.25,0.71,0.09,25.78125,25.96875,25.25,25.53125,1.7,0.0,0.0,0.0
16.49795,0x316,0.0,0.0,1.0,6.25,0.71,0.09,25.78125,25.96875,25.25,25.53125,1.7,0.0,0.0,0.0
16.50491,0x220,0.0,0.0,1.0,6.25,0.71,0.21,25.78125,25.96875,25.25,25.53125,1.7,0.0,0.0,0.0
16.50608,0x2B0,0.0,0.0,1.0,6.25,0.71,0.21,25.78125,25.96875,25.25,25.53125,1.7,0.0,0.0,0.0
16.50795,0x316,0.0,0.0,1.0,6.25,0.71,0.21,25.78125,25.96875,25.25,25.53125,1.7,0.0,0.0,0.0
16.51491,0x220,0.0,0.0,1.0,6.25,0.74,0.31,25.78125,25.96875,25.25,25.53125,1.7,0.0,0.0,0.0
16.51562,0x386,0.0,0.0,1.0,6.25,0.74,0.31,25.71875,25.90625,24.96875,25.625,1.7,0.0,0.0,0.0
16.51604,0x2B0,0.0,0.0,1.0,6.25,0.74,0.31,25.71875,25.90625,24.96875,25.625,1.7,0.0,0.0,0.0
16.51795,0x316,0.0,0.0,1.0,6.25,0.74,0.31,25.71875,25.90625,24.96875,25.625,1.7,0.0,0.0,0.0
16.52492,0x220,0.0,0.0,1.0,6.25,0.86,0.43,25.71875,25.90625,24.96875,25.625,1.7,0.0,0.0,0.0
16.52608,0x2B0,0.0,0.0,1.0,6.25,0.86,0.43,25.71875,25.90625,24.96875,25.625,1.7,0.0,0.0,0.0
16.52796,0x316,0.0,0.0,1.0,6.25,0.86,0.43,25.71875,25.90625,24.96875,25.625,1.7,0.0,0.0,0.0
16.53492,0x220,0.0,0.0,1.0,6.25,1.05,0.53,25.71875,25.90625,24.96875,25.625,1.7,0.0,0.0,0.0
16.53562,0x386,0.0,0.0,1.0,6.25,1.05,0.53,25.78125,25.875,25.375,25.46875,1.7,0.0,0.0,0.0
16.53603,0x2B0,0.0,0.0,1.0,6.25,1.05,0.53,25.78125,25.875,25.375,25.46875,1.7,0.0,0.0,0.0
16.53796,0x316,0.0,0.0,1.0,6.25,1.05,0.53,25.78125,25.875,25.375,25.46875,1.7,0.0,0.0,0.0
16.54493,0x220,0.0,0.0,1.0,6.25,1.21,0.62,25.78125,25.875,25.375,25.46875,1.7,0.0,0.0,0.0
16.5461,0x2B0,0.0,0.0,1.0,6.25,1.21,0.62,25.78125,25.875,25.375,25.46875,1.6,0.0,0.0,0.0
16.54877,0x316,0.0,0.0,1.0,6.25,1.21,0.62,25.78125,25.875,25.375,25.46875,1.6,0.0,0.0,0.0
16.55492,0x220,0.0,0.0,1.0,6.25,1.28,0.64,25.78125,25.875,25.375,25.46875,1.6,0.0,0.0,0.0
16.55562,0x386,0.0,0.0,1.0,6.25,1.28,0.64,25.78125,25.78125,25.46875,25.46875,1.6,0.0,0.0,0.0
16.55604,0x2B0,0.0,0.0,1.0,6.25,1.28,0.64,25.78125,25.78125,25.46875,25.46875,1.6,0.0,0.0,0.0
16.55797,0x316,0.0,0.0,1.0,6.25,1.28,0.64,25.78125,25.78125,25.46875,25.46875,1.6,0.0,0.0,0.0
16.56493,0x220,0.0,0.0,1.0,6.25,1.29,0.58,25.78125,25.78125,25.46875,25.46875,1.6,0.0,0.0,0.0
16.56612,0x2B0,0.0,0.0,1.0,6.25,1.29,0.58,25.78125,25.78125,25.46875,25.46875,1.6,0.0,0.0,0.0
16.56797,0x316,0.0,0.0,1.0,6.25,1.29,0.58,25.78125,25.78125,25.46875,25.46875,1.6,0.0,0.0,0.0
16.57492,0x220,0.0,0.0,1.0,6.25,1.25,0.5,25.78125,25.78125,25.46875,25.46875,1.6,0.0,0.0,0.0
16.57562,0x386,0.0,0.0,1.0,6.25,1.25,0.5,25.8125,25.78125,25.25,25.59375,1.6,0.0,0.0,0.0
16.57604,0x2B0,0.0,0.0,1.0,6.25,1.25,0.5,25.8125,25.78125,25.25,25.59375,1.6,0.0,0.0,0.0
16.57798,0x316,0.0,0.0,1.0,6.25,1.25,0.5,25.8125,25.78125,25.25,25.59375,1.6,0.0,0.0,0.0
16.58493,0x220,0.0,0.0,1.0,6.25,1.19,0.41,25.8125,25.78125,25.25,25.59375,1.6,0.0,0.0,0.0
16.58588,0x2B0,0.0,0.0,1.0,6.25,1.19,0.41,25.8125,25.78125,25.25,25.59375,1.6,0.0,0.0,0.0
16.58798,0x316,0.0,0.0,1.0,6.25,1.19,0.41,25.8125,25.78125,25.25,25.59375,1.6,0.0,0.0,0.0
16.59493,0x220,0.0,0.0,1.0,6.25,1.17,0.38,25.8125,25.78125,25.25,25.59375,1.6,0.0,0.0,0.0
16.59563,0x386,0.0,0.0,1.0,6.25,1.17,0.38,25.8125,25.6875,25.25,25.40625,1.6,0.0,0.0,0.0
16.59605,0x2B0,0.0,0.0,1.0,6.25,1.17,0.38,25.8125,25.6875,25.25,25.40625,1.6,0.0,0.0,0.0
16.59798,0x316,0.0,0.0,1.0,6.25,1.17,0.38,25.8125,25.6875,25.25,25.40625,1.6,0.0,0.0,0.0
16.60493,0x220,0.0,0.0,1.0,6.25,1.26,0.44,25.8125,25.6875,25.25,25.40625,1.6,0.0,0.0,0.0
16.60589,0x2B0,0.0,0.0,1.0,6.25,1.26,0.44,25.8125,25.6875,25.25,25.40625,1.6,0.0,0.0,0.0
16.60799,0x316,0.0,0.0,1.0,6.25,1.26,0.44,25.8125,25.6875,25.25,25.40625,1.6,0.0,0.0,0.0
16.61492,0x220,0.0,0.0,1.0,6.25,1.4,0.46,25.8125,25.6875,25.25,25.40625,1.6,0.0,0.0,0.0
16.61562,0x386,0.0,0.0,1.0,6.25,1.4,0.46,25.78125,25.75,25.3125,25.5,1.6,0.0,0.0,0.0
16.61604,0x2B0,0.0,0.0,1.0,6.25,1.4,0.46,25.78125,25.75,25.3125,25.5,1.6,0.0,0.0,0.0
16.61799,0x316,0.0,0.0,1.0,6.25,1.4,0.46,25.78125,25.75,25.3125,25.5,1.6,0.0,0.0,0.0
16.62492,0x220,0.0,0.0,1.0,6.25,1.52,0.41,25.78125,25.75,25.3125,25.5,1.6,0.0,0.0,0.0
16.62594,0x2B0,0.0,0.0,1.0,6.25,1.52,0.41,25.78125,25.75,25.3125,25.5,1.6,0.0,0.0,0.0
16.62799,0x316,0.0,0.0,1.0,6.25,1.52,0.41,25.78125,25.75,25.3125,25.5,1.6,0.0,0.0,0.0
16.63491,0x220,0.0,0.0,1.0,6.25,1.56,0.32,25.78125,25.75,25.3125,25.5,1.6,0.0,0.0,0.0
16.63561,0x386,0.0,0.0,1.0,6.25,1.56,0.32,25.84375,25.78125,25.40625,25.46875,1.6,0.0,0.0,0.0
16.63603,0x2B0,0.0,0.0,1.0,6.25,1.56,0.32,25.84375,25.78125,25.40625,25.46875,1.7,0.0,0.0,0.0
16.638,0x316,0.0,0.0,1.0,6.25,1.56,0.32,25.84375,25.78125,25.40625,25.46875,1.7,0.0,0.0,0.0
16.64493,0x220,0.0,0.0,1.0,6.25,1.52,0.3,25.84375,25.78125,25.40625,25.46875,1.7,0.0,0.0,0.0
16.6459,0x2B0,0.0,0.0,1.0,6.25,1.52,0.3,25.84375,25.78125,25.40625,25.46875,1.7,0.0,0.0,0.0
16.64863,0x316,0.0,0.0,1.0,6.25,1.52,0.3,25.84375,25.78125,25.40625,25.46875,1.7,0.0,0.0,0.0
16.65492,0x220,0.0,0.0,1.0,6.25,1.52,0.29,25.84375,25.78125,25.40625,25.46875,1.7,0.0,0.0,0.0
16.65562,0x386,0.0,0.0,1.0,6.25,1.52,0.29,25.84375,25.84375,25.53125,25.40625,1.7,0.0,0.0,0.0
16.65603,0x2B0,0.0,0.0,1.0,6.25,1.52,0.29,25.84375,25.84375,25.53125,25.40625,1.9,8.0,0.0,0.0
16.658,0x316,0.0,0.0,1.0,6.25,1.52,0.29,25.84375,25.84375,25.53125,25.40625,1.9,8.0,0.0,0.0
16.66492,0x220,0.0,0.0,1.0,6.25,1.58,0.17,25.84375,25.84375,25.53125,25.40625,1.9,8.0,0.0,0.0
16.66595,0x2B0,0.0,0.0,1.0,6.25,1.58,0.17,25.84375,25.84375,25.53125,25.40625,1.9,8.0,0.0,0.0
16.668,0x316,0.0,0.0,1.0,6.25,1.58,0.17,25.84375,25.84375,25.53125,25.40625,1.9,8.0,0.0,0.0
16.67492,0x220,0.0,0.0,1.0,6.25,1.68,0.05,25.84375,25.84375,25.53125,25.40625,1.9,8.0,0.0,0.0
16.67563,0x386,0.0,0.0,1.0,6.25,1.68,0.05,25.875,25.9375,25.53125,25.4375,1.9,8.0,0.0,0.0
16.67604,0x2B0,0.0,0.0,1.0,6.25,1.68,0.05,25.875,25.9375,25.53125,25.4375,2.0,0.0,0.0,0.0
16.67808,0x316,0.0,0.0,1.0,6.25,1.68,0.05,25.875,25.9375,25.53125,25.4375,2.0,0.0,0.0,0.0
16.68493,0x220,0.0,0.0,1.0,6.25,1.75,0.01,25.875,25.9375,25.53125,25.4375,2.0,0.0,0.0,0.0
16.68593,0x2B0,0.0,0.0,1.0,6.25,1.75,0.01,25.875,25.9375,25.53125,25.4375,2.0,0.0,0.0,0.0
16.68801,0x316,0.0,0.0,1.0,6.25,1.75,0.01,25.875,25.9375,25.53125,25.4375,2.0,0.0,0.0,0.0
16.69494,0x220,0.0,0.0,1.0,6.25,1.81,0.06,25.875,25.9375,25.53125,25.4375,2.0,0.0,0.0,0.0
16.69564,0x386,0.0,0.0,1.0,6.25,1.81,0.06,25.75,25.90625,25.40625,25.46875,2.0,0.0,0.0,0.0
16.69606,0x2B0,0.0,0.0,1.0,6.25,1.81,0.06,25.75,25.90625,25.40625,25.46875,2.2,8.0,0.0,0.0
16.69802,0x316,0.0,0.0,1.0,6.25,1.81,0.06,25.75,25.90625,25.40625,25.46875,2.2,8.0,0.0,0.0
16.70492,0x220,0.0,0.0,1.0,6.25,1.88,0.1,25.75,25.90625,25.40625,25.46875,2.2,8.0,0.0,0.0
16.70593,0x2B0,0.0,0.0,1.0,6.25,1.88,0.1,25.75,25.90625,25.40625,25.46875,2.2,8.0,0.0,0.0
16.70802,0x316,0.0,0.0,1.0,6.25,1.88,0.1,25.75,25.90625,25.40625,25.46875,2.2,8.0,0.0,0.0
16.71493,0x220,0.0,0.0,1.0,6.25,1.93,0.0,25.75,25.90625,25.40625,25.46875,2.2,8.0,0.0,0.0
16.71563,0x386,0.0,0.0,1.0,6.25,1.93,0.0,25.75,25.9375,25.40625,25.5,2.2,8.0,0.0,0.0
16.71604,0x2B0,0.0,0.0,1.0,6.25,1.93,0.0,25.75,25.9375,25.40625,25.5,2.4,8.0,0.0,0.0
16.71802,0x316,0.0,0.0,1.0,6.25,1.93,0.0,25.75,25.9375,25.40625,25.5,2.4,8.0,0.0,0.0
16.72493,0x220,0.0,0.0,1.0,6.25,1.94,-0.09,25.75,25.9375,25.40625,25.5,2.4,8.0,0.0,0.0
16.72586,0x2B0,0.0,0.0,1.0,6.25,1.94,-0.09,25.75,25.9375,25.40625,25.5,2.4,8.0,0.0,0.0
16.72803,0x316,0.0,0.0,1.0,6.25,1.94,-0.09,25.75,25.9375,25.40625,25.5,2.4,8.0,0.0,0.0
16.73493,0x220,0.0,0.0,1.0,6.25,1.9,-0.1,25.75,25.9375,25.40625,25.5,2.4,8.0,0.0,0.0
16.73563,0x386,0.0,0.0,1.0,6.25,1.9,-0.1,25.71875,25.84375,25.21875,25.46875,2.4,8.0,0.0,0.0
16.73605,0x2B0,0.0,0.0,1.0,6.25,1.9,-0.1,25.71875,25.84375,25.21875,25.46875,2.4,0.0,0.0,0.0
16.73803,0x316,0.0,0.0,1.0,6.25,1.9,-0.1,25.71875,25.84375,25.21875,25.46875,2.4,0.0,0.0,0.0
16.74492,0x220,0.0,0.0,1.0,6.25,1.82,-0.03,25.71875,25.84375,25.21875,25.46875,2.4,0.0,0.0,0.0
16.74586,0x2B0,0.0,0.0,1.0,6.25,1.82,-0.03,25.71875,25.84375,25.21875,25.46875,2.4,0.0,0.0,0.0
16.74874,0x316,0.0,0.0,1.0,6.25,1.82,-0.03,25.71875,25.84375,25.21875,25.46875,2.4,0.0,0.0,0.0
16.75492,0x220,0.0,0.0,1.0,6.25,1.74,0.0,25.71875,25.84375,25.21875,25.46875,2.4,0.0,0.0,0.0
16.75563,0x386,0.0,0.0,1.0,6.25,1.74,0.0,25.84375,25.875,25.25,25.46875,2.4,0.0,0.0,0.0
16.75605,0x2B0,0.0,0.0,1.0,6.25,1.74,0.0,25.84375,25.875,25.25,25.46875,2.4,0.0,0.0,0.0
16.75804,0x316,0.0,0.0,1.0,6.25,1.74,0.0,25.84375,25.875,25.25,25.46875,2.4,0.0,0.0,0.0
16.76492,0x220,0.0,0.0,1.0,6.25,1.61,-0.03,25.84375,25.875,25.25,25.46875,2.4,0.0,0.0,0.0
16.76585,0x2B0,0.0,0.0,1.0,6.25,1.61,-0.03,25.84375,25.875,25.25,25.46875,2.4,0.0,0.0,0.0
16.76804,0x316,0.0,0.0,1.0,6.25,1.61,-0.03,25.84375,25.875,25.25,25.46875,2.4,0.0,0.0,0.0
16.77492,0x220,0.0,0.0,1.0,6.25,1.41,-0.14,25.84375,25.875,25.25,25.46875,2.4,0.0,0.0,0.0
16.77562,0x386,0.0,0.0,1.0,6.25,1.41,-0.14,25.8125,25.84375,25.25,25.40625,2.4,0.0,0.0,0.0
16.77605,0x2B0,0.0,0.0,1.0,6.25,1.41,-0.14,25.8125,25.84375,25.25,25.40625,2.4,0.0,0.0,0.0
16.77804,0x316,0.0,0.0,1.0,6.25,1.41,-0.14,25.8125,25.84375,25.25,25.40625,2.4,0.0,0.0,0.0
16.78492,0x220,0.0,0.0,1.0,6.25,1.26,-0.22,25.8125,25.84375,25.25,25.40625,2.4,0.0,0.0,0.0
16.78585,0x2B0,0.0,0.0,1.0,6.25,1.26,-0.22,25.8125,25.84375,25.25,25.40625,2.5,0.0,0.0,0.0
16.78805,0x316,0.0,0.0,1.0,6.25,1.26,-0.22,25.8125,25.84375,25.25,25.40625,2.5,0.0,0.0,0.0
16.79493,0x220,0.0,0.0,1.0,6.25,1.3,-0.14,25.8125,25.84375,25.25,25.40625,2.5,0.0,0.0,0.0
16.79563,0x386,0.0,0.0,1.0,6.25,1.3,-0.14,25.875,25.8125,25.3125,25.28125,2.5,0.0,0.0,0.0
16.79605,0x2B0,0.0,0.0,1.0,6.25,1.3,-0.14,25.875,25.8125,25.3125,25.28125,2.5,0.0,0.0,0.0
16.79805,0x316,0.0,0.0,1.0,6.25,1.3,-0.14,25.875,25.8125,25.3125,25.28125,2.5,0.0,0.0,0.0
16.80493,0x220,0.0,0.0,1.0,6.25,1.53,0.0,25.875,25.8125,25.3125,25.28125,2.5,0.0,0.0,0.0
16.80583,0x2B0,0.0,0.0,1.0,6.25,1.53,0.0,25.875,25.8125,25.3125,25.28125,2.5,0.0,0.0,0.0
16.80805,0x316,0.0,0.0,1.0,6.25,1.53,0.0,25.875,25.8125,25.3125,25.28125,2.5,0.0,0.0,0.0
16.81492,0x220,0.0,0.0,1.0,6.25,1.83,0.0,25.875,25.8125,25.3125,25.28125,2.5,0.0,0.0,0.0
16.81563,0x386,0.0,0.0,1.0,6.25,1.83,0.0,25.8125,25.9375,25.21875,25.4375,2.5,0.0,0.0,0.0
16.81604,0x2B0,0.0,0.0,1.0,6.25,1.83,0.0,25.8125,25.9375,25.21875,25.4375,2.5,0.0,0.0,0.0
16.81806,0x316,0.0,0.0,1.0,6.25,1.83,0.0,25.8125,25.9375,25.21875,25.4375,2.5,0.0,0.0,0.0
16.82493,0x220,0.0,0.0,1.0,6.25,2.11,-0.07,25.8125,25.9375,25.21875,25.4375,2.5,0.0,0.0,0.0
16.82583,0x2B0,0.0,0.0,1.0,6.25,2.11,-0.07,25.8125,25.9375,25.21875,25.4375,2.5,0.0,0.0,0.0
16.82806,0x316,0.0,0.0,1.0,6.25,2.11,-0.07,25.8125,25.9375,25.21875,25.4375,2.5,0.0,0.0,0.0
16.83492,0x220,0.0,0.0,1.0,6.25,2.22,-0.07,25.8125,25.9375,25.21875,25.4375,2.5,0.0,0.0,0.0
16.83562,0x386,0.0,0.0,1.0,6.25,2.22,-0.07,25.96875,25.71875,25.25,25.5625,2.5,0.0,0.0,0.0
16.83604,0x2B0,0.0,0.0,1.0,6.25,2.22,-0.07,25.96875,25.71875,25.25,25.5625,2.5,0.0,0.0,0.0
16.83807,0x316,0.0,0.0,1.0,6.25,2.22,-0.07,25.96875,25.71875,25.25,25.5625,2.5,0.0,0.0,0.0
16.84493,0x220,0.0,0.0,1.0,6.25,2.14,-0.02,25.96875,25.71875,25.25,25.5625,2.5,0.0,0.0,0.0
16.84582,0x2B0,0.0,0.0,1.0,6.25,2.14,-0.02,25.96875,25.71875,25.25,25.5625,2.5,0.0,0.0,0.0
16.84864,0x316,0.0,0.0,1.0,6.25,2.14,-0.02,25.96875,25.71875,25.25,25.5625,2.5,0.0,0.0,0.0
16.85493,0x220,0.0,0.0,1.0,6.25,1.93,0.0,25.96875,25.71875,25.25,25.5625,2.5,0.0,0.0,0.0
16.85563,0x386,0.0,0.0,1.0,6.25,1.93,0.0,25.8125,25.8125,25.375,25.375,2.5,0.0,0.0,0.0
16.85605,0x2B0,0.0,0.0,1.0,6.25,1.93,0.0,25.8125,25.8125,25.375,25.375,2.5,0.0,0.0,0.0
16.85807,0x316,0.0,0.0,1.0,6.25,1.93,0.0,25.8125,25.8125,25.375,25.375,2.5,0.0,0.0,0.0
16.86493,0x220,0.0,0.0,1.0,6.25,1.65,0.01,25.8125,25.8125,25.375,25.375,2.5,0.0,0.0,0.0
16.86582,0x2B0,0.0,0.0,1.0,6.25,1.65,0.01,25.8125,25.8125,25.375,25.375,2.5,0.0,0.0,0.0
16.86808,0x316,0.0,0.0,1.0,6.25,1.65,0.01,25.8125,25.8125,25.375,25.375,2.5,0.0,0.0,0.0
16.87493,0x220,0.0,0.0,1.0,6.25,1.4,-0.09,25.8125,25.8125,25.375,25.375,2.5,0.0,0.0,0.0
16.87563,0x386,0.0,0.0,1.0,6.25,1.4,-0.09,25.8125,25.65625,25.34375,25.46875,2.5,0.0,0.0,0.0
16.87582,0x2B0,0.0,0.0,1.0,6.25,1.4,-0.09,25.8125,25.65625,25.34375,25.46875,2.5,0.0,0.0,0.0
16.87808,0x316,0.0,0.0,1.0,6.25,1.4,-0.09,25.8125,25.65625,25.34375,25.46875,2.5,0.0,0.0,0.0
16.88494,0x220,0.0,0.0,1.0,6.25,1.28,-0.1,25.8125,25.65625,25.34375,25.46875,2.5,0.0,0.0,0.0
16.88582,0x2B0,0.0,0.0,1.0,6.25,1.28,-0.1,25.8125,25.65625,25.34375,25.46875,2.5,0.0,0.0,0.0
16.88809,0x316,0.0,0.0,1.0,6.25,1.28,-0.1,25.8125,25.65625,25.34375,25.46875,2.5,0.0,0.0,0.0
16.89494,0x220,0.0,0.0,1.0,6.25,1.34,0.13,25.8125,25.65625,25.34375,25.46875,2.5,0.0,0.0,0.0
16.89564,0x386,0.0,0.0,1.0,6.25,1.34,0.13,25.78125,25.8125,25.4375,25.40625,2.5,0.0,0.0,0.0
16.89583,0x2B0,0.0,0.0,1.0,6.25,1.34,0.13,25.78125,25.8125,25.4375,25.40625,2.5,0.0,0.0,0.0
16.89808,0x316,0.0,0.0,1.0,6.25,1.34,0.13,25.78125,25.8125,25.4375,25.40625,2.5,0.0,0.0,0.0
16.90493,0x220,0.0,0.0,1.0,6.25,1.56,0.31,25.78125,25.8125,25.4375,25.40625,2.5,0.0,0.0,0.0
16.90582,0x2B0,0.0,0.0,1.0,6.25,1.56,0.31,25.78125,25.8125,25.4375,25.40625,2.5,0.0,0.0,0.0
16.90785,0x316,0.0,0.0,1.0,6.25,1.56,0.31,25.78125,25.8125,25.4375,25.40625,2.5,0.0,0.0,0.0
16.91493,0x220,0.0,0.0,1.0,6.25,1.73,0.12,25.78125,25.8125,25.4375,25.40625,2.5,0.0,0.0,0.0
16.91563,0x386,0.0,0.0,1.0,6.25,1.73,0.12,25.96875,25.84375,25.3125,25.46875,2.5,0.0,0.0,0.0
16.91582,0x2B0,0.0,0.0,1.0,6.25,1.73,0.12,25.96875,25.84375,25.3125,25.46875,2.5,0.0,0.0,0.0
16.91809,0x316,0.0,0.0,1.0,6.25,1.73,0.12,25.96875,25.84375,25.3125,25.46875,2.5,0.0,0.0,0.0
16.92492,0x220,0.0,0.0,1.0,6.25,1.63,-0.04,25.96875,25.84375,25.3125,25.46875,2.5,0.0,0.0,0.0
16.92582,0x2B0,0.0,0.0,1.0,6.25,1.63,-0.04,25.96875,25.84375,25.3125,25.46875,2.5,0.0,0.0,0.0
16.92785,0x316,0.0,0.0,1.0,6.25,1.63,-0.04,25.96875,25.84375,25.3125,25.46875,2.5,0.0,0.0,0.0
16.93492,0x220,0.0,0.0,1.0,6.25,1.41,0.08,25.96875,25.84375,25.3125,25.46875,2.5,0.0,0.0,0.0
16.93562,0x386,0.0,0.0,1.0,6.25,1.41,0.08,25.75,25.78125,25.3125,25.5,2.5,0.0,0.0,0.0
16.93604,0x2B0,0.0,0.0,1.0,6.25,1.41,0.08,25.75,25.78125,25.3125,25.5,2.5,0.0,0.0,0.0
16.9381,0x316,0.0,0.0,1.0,6.25,1.41,0.08,25.75,25.78125,25.3125,25.5,2.5,0.0,0.0,0.0
16.94493,0x220,0.0,0.0,1.0,6.25,1.2,0.34,25.75,25.78125,25.3125,25.5,2.5,0.0,0.0,0.0
16.94582,0x2B0,0.0,0.0,1.0,6.25,1.2,0.34,25.75,25.78125,25.3125,25.5,2.5,0.0,0.0,0.0
16.94867,0x316,0.0,0.0,1.0,6.25,1.2,0.34,25.75,25.78125,25.3125,25.5,2.5,0.0,0.0,0.0
16.95493,0x220,0.0,0.0,1.0,6.25,1.15,0.33,25.75,25.78125,25.3125,25.5,2.5,0.0,0.0,0.0
16.95562,0x386,0.0,0.0,1.0,6.25,1.15,0.33,25.8125,25.9375,25.40625,25.375,2.5,0.0,0.0,0.0
16.95604,0x2B0,0.0,0.0,1.0,6.25,1.15,0.33,25.8125,25.9375,25.40625,25.375,2.5,0.0,0.0,0.0
16.95811,0x316,0.0,0.0,1.0,6.25,1.15,0.33,25.8125,25.9375,25.40625,25.375,2.5,0.0,0.0,0.0
16.96494,0x220,0.0,0.0,1.0,6.25,1.31,0.18,25.8125,25.9375,25.40625,25.375,2.5,0.0,0.0,0.0
16.96582,0x2B0,0.0,0.0,1.0,6.25,1.31,0.18,25.8125,25.9375,25.40625,25.375,2.5,0.0,0.0,0.0
16.96811,0x316,0.0,0.0,1.0,6.25,1.31,0.18,25.8125,25.9375,25.40625,25.375,2.5,0.0,0.0,0.0
16.97492,0x220,0.0,0.0,1.0,6.25,1.56,0.22,25.8125,25.9375,25.40625,25.375,2.5,0.0,0.0,0.0
16.97563,0x386,0.0,0.0,1.0,6.25,1.56,0.22,25.6875,25.84375,25.21875,25.46875,2.5,0.0,0.0,0.0
16.97605,0x2B0,0.0,0.0,1.0,6.25,1.56,0.22,25.6875,25.84375,25.21875,25.46875,2.5,0.0,0.0,0.0
16.97811,0x316,0.0,0.0,1.0,6.25,1.56,0.22,25.6875,25.84375,25.21875,25.46875,2.5,0.0,0.0,0.0
16.98493,0x220,0.0,0.0,1.0,6.25,1.87,0.37,25.6875,25.84375,25.21875,25.46875,2.5,0.0,0.0,0.0
16.98582,0x2B0,0.0,0.0,1.0,6.25,1.87,0.37,25.6875,25.84375,25.21875,25.46875,2.5,0.0,0.0,0.0
16.98786,0x316,0.0,0.0,1.0,6.25,1.87,0.37,25.6875,25.84375,25.21875,25.46875,2.5,0.0,0.0,0.0
16.99493,0x220,0.0,0.0,1.0,6.25,2.07,0.37,25.6875,25.84375,25.21875,25.46875,2.5,0.0,0.0,0.0
16.99564,0x386,0.0,0.0,1.0,6.25,2.07,0.37,25.71875,25.9375,25.21875,25.46875,2.5,0.0,0.0,0.0
16.99582,0x2B0,0.0,0.0,1.0,6.25,2.07,0.37,25.71875,25.9375,25.21875,25.46875,2.5,0.0,0.0,0.0
16.99812,0x316,0.0,0.0,1.0,6.25,2.07,0.37,25.71875,25.9375,25.21875,25.46875,2.5,0.0,0.0,0.0
17.00493,0x220,0.0,0.0,1.0,6.25,1.9,0.2,25.71875,25.9375,25.21875,25.46875,2.5,0.0,0.0,0.0
17.00581,0x2B0,0.0,0.0,1.0,6.25,1.9,0.2,25.71875,25.9375,25.21875,25.46875,2.5,0.0,0.0,0.0
17.00783,0x316,0.0,0.0,1.0,6.25,1.9,0.2,25.71875,25.9375,25.21875,25.46875,2.5,0.0,0.0,0.0
17.01493,0x220,0.0,0.0,1.0,6.25,1.43,0.1,25.71875,25.9375,25.21875,25.46875,2.5,0.0,0.0,0.0
17.01563,0x386,0.0,0.0,1.0,6.25,1.43,0.1,25.75,25.84375,25.1875,25.46875,2.5,0.0,0.0,0.0
17.01582,0x2B0,0.0,0.0,1.0,6.25,1.43,0.1,25.75,25.84375,25.1875,25.46875,2.5,0.0,0.0,0.0
17.01788,0x316,0.0,0.0,1.0,6.25,1.43,0.1,25.75,25.84375,25.1875,25.46875,2.5,0.0,0.0,0.0
17.02494,0x220,0.0,0.0,1.0,6.25,1.06,0.17,25.75,25.84375,25.1875,25.46875,2.5,0.0,0.0,0.0
17.02581,0x2B0,0.0,0.0,1.0,6.25,1.06,0.17,25.75,25.84375,25.1875,25.46875,2.5,0.0,0.0,0.0
17.02784,0x316,0.0,0.0,1.0,6.25,1.06,0.17,25.75,25.84375,25.1875,25.46875,2.5,0.0,0.0,0.0
17.03493,0x220,0.0,0.0,1.0,6.25,1.0,0.34,25.75,25.84375,25.1875,25.46875,2.5,0.0,0.0,0.0
17.03563,0x386,0.0,0.0,1.0,6.25,1.0,0.34,25.78125,25.9375,25.15625,25.40625,2.5,0.0,0.0,0.0
17.03581,0x2B0,0.0,0.0,1.0,6.25,1.0,0.34,25.78125,25.9375,25.15625,25.40625,2.5,0.0,0.0,0.0
17.03813,0x316,0.0,0.0,1.0,6.25,1.0,0.34,25.78125,25.9375,25.15625,25.40625,2.5,0.0,0.0,0.0
17.04494,0x220,0.0,0.0,1.0,6.25,1.19,0.28,25.78125,25.9375,25.15625,25.40625,2.5,0.0,0.0,0.0
17.04581,0x2B0,0.0,0.0,1.0,6.25,1.19,0.28,25.78125,25.9375,25.15625,25.40625,2.5,0.0,0.0,0.0
17.04857,0x316,0.0,0.0,1.0,6.25,1.19,0.28,25.78125,25.9375,25.15625,25.40625,2.5,0.0,0.0,0.0
17.05494,0x220,0.0,0.0,1.0,6.25,1.53,0.01,25.78125,25.9375,25.15625,25.40625,2.5,0.0,0.0,0.0
17.05564,0x386,0.0,0.0,1.0,6.25,1.53,0.01,25.78125,25.8125,25.28125,25.375,2.5,0.0,0.0,0.0
17.05582,0x2B0,0.0,0.0,1.0,6.25,1.53,0.01,25.78125,25.8125,25.28125,25.375,2.5,0.0,0.0,0.0
17.05788,0x316,0.0,0.0,1.0,6.25,1.53,0.01,25.78125,25.8125,25.28125,25.375,2.5,0.0,0.0,0.0
17.06493,0x220,0.0,0.0,1.0,6.25,1.78,-0.08,25.78125,25.8125,25.28125,25.375,2.5,0.0,0.0,0.0
17.06582,0x2B0,0.0,0.0,1.0,6.25,1.78,-0.08,25.78125,25.8125,25.28125,25.375,2.5,0.0,0.0,0.0
17.06787,0x316,0.0,0.0,1.0,6.25,1.78,-0.08,25.78125,25.8125,25.28125,25.375,2.5,0.0,0.0,0.0
17.07494,0x220,0.0,0.0,1.0,6.25,1.81,0.08,25.78125,25.8125,25.28125,25.375,2.5,0.0,0.0,0.0
17.07564,0x386,0.0,0.0,1.0,6.25,1.81,0.08,25.875,25.78125,25.3125,25.4375,2.5,0.0,0.0,0.0
17.07583,0x2B0,0.0,0.0,1.0,6.25,1.81,0.08,25.875,25.78125,25.3125,25.4375,2.5,0.0,0.0,0.0
17.07815,0x316,0.0,0.0,1.0,6.25,1.81,0.08,25.875,25.78125,25.3125,25.4375,2.5,0.0,0.0,0.0
17.08493,0x220,0.0,0.0,1.0,6.25,1.72,0.37,25.875,25.78125,25.3125,25.4375,2.5,0.0,0.0,0.0
17.08582,0x2B0,0.0,0.0,1.0,6.25,1.72,0.37,25.875,25.78125,25.3125,25.4375,2.5,0.0,0.0,0.0
17.08785,0x316,0.0,0.0,1.0,6.25,1.72,0.37,25.875,25.78125,25.3125,25.4375,2.5,0.0,0.0,0.0
17.09493,0x220,0.0,0.0,1.0,6.25,1.61,0.4,25.875,25.78125,25.3125,25.4375,2.5,0.0,0.0,0.0
17.09563,0x386,0.0,0.0,1.0,6.25,1.61,0.4,25.78125,25.8125,25.3125,25.4375,2.5,0.0,0.0,0.0
17.09605,0x2B0,0.0,0.0,1.0,6.25,1.61,0.4,25.78125,25.8125,25.3125,25.4375,2.5,0.0,0.0,0.0
17.09788,0x316,0.0,0.0,1.0,6.25,1.61,0.4,25.78125,25.8125,25.3125,25.4375,2.5,0.0,0.0,0.0
17.10493,0x220,0.0,0.0,1.0,6.25,1.54,0.16,25.78125,25.8125,25.3125,25.4375,2.5,0.0,0.0,0.0
17.10581,0x2B0,0.0,0.0,1.0,6.25,1.54,0.16,25.78125,25.8125,25.3125,25.4375,2.5,0.0,0.0,0.0
17.10782,0x316,0.0,0.0,1.0,6.25,1.54,0.16,25.78125,25.8125,25.3125,25.4375,2.5,0.0,0.0,0.0
17.11493,0x220,0.0,0.0,1.0,6.25,1.54,-0.02,25.78125,25.8125,25.3125,25.4375,2.5,0.0,0.0,0.0
17.11563,0x386,0.0,0.0,1.0,6.25,1.54,-0.02,25.84375,25.78125,25.28125,25.40625,2.5,0.0,0.0,0.0
17.11605,0x2B0,0.0,0.0,1.0,6.25,1.54,-0.02,25.84375,25.78125,25.28125,25.40625,2.5,0.0,0.0,0.0
17.11816,0x316,0.0,0.0,1.0,6.25,1.54,-0.02,25.84375,25.78125,25.28125,25.40625,2.5,0.0,0.0,0.0
17.12494,0x220,0.0,0.0,1.0,6.25,1.55,-0.05,25.84375,25.78125,25.28125,25.40625,2.5,0.0,0.0,0.0
17.12582,0x2B0,0.0,0.0,1.0,6.25,1.55,-0.05,25.84375,25.78125,25.28125,25.40625,2.5,0.0,0.0,0.0
17.12787,0x316,0.0,0.0,1.0,6.25,1.55,-0.05,25.84375,25.78125,25.28125,25.40625,2.5,0.0,0.0,0.0
17.13493,0x220,0.0,0.0,1.0,6.25,1.55,0.07,25.84375,25.78125,25.28125,25.40625,2.5,0.0,0.0,0.0
17.13563,0x386,0.0,0.0,1.0,6.25,1.55,0.07,25.78125,25.75,25.375,25.71875,2.5,0.0,0.0,0.0
17.13582,0x2B0,0.0,0.0,1.0,6.25,1.55,0.07,25.78125,25.75,25.375,25.71875,2.5,0.0,0.0,0.0
17.13817,0x316,0.0,0.0,1.0,6.25,1.55,0.07,25.78125,25.75,25.375,25.71875,2.5,0.0,0.0,0.0
17.14493,0x220,0.0,0.0,1.0,6.25,1.58,0.23,25.78125,25.75,25.375,25.71875,2.5,0.0,0.0,0.0
17.14582,0x2B0,0.0,0.0,1.0,6.25,1.58,0.23,25.78125,25.75,25.375,25.71875,2.5,0.0,0.0,0.0
17.1486,0x316,0.0,0.0,1.0,6.25,1.58,0.23,25.78125,25.75,25.375,25.71875,2.5,0.0,0.0,0.0
17.15493,0x220,0.0,0.0,1.0,6.25,1.66,0.3,25.78125,25.75,25.375,25.71875,2.5,0.0,0.0,0.0
17.15563,0x386,0.0,0.0,1.0,6.25,1.66,0.3,25.875,25.84375,25.34375,25.6875,2.5,0.0,0.0,0.0
17.15582,0x2B0,0.0,0.0,1.0,6.25,1.66,0.3,25.875,25.84375,25.34375,25.6875,2.5,0.0,0.0,0.0
17.15792,0x316,0.0,0.0,1.0,6.25,1.66,0.3,25.875,25.84375,25.34375,25.6875,2.5,0.0,0.0,0.0
17.16494,0x220,0.0,0.0,1.0,6.25,1.75,0.14,25.875,25.84375,25.34375,25.6875,2.5,0.0,0.0,0.0
17.16581,0x2B0,0.0,0.0,1.0,6.25,1.75,0.14,25.875,25.84375,25.34375,25.6875,2.5,0.0,0.0,0.0
17.16818,0x316,0.0,0.0,1.0,6.25,1.75,0.14,25.875,25.84375,25.34375,25.6875,2.5,0.0,0.0,0.0
17.17493,0x220,0.0,0.0,1.0,6.25,1.82,-0.04,25.875,25.84375,25.34375,25.6875,2.5,0.0,0.0,0.0
17.17563,0x386,0.0,0.0,1.0,6.25,1.82,-0.04,25.71875,25.78125,25.53125,25.53125,2.5,0.0,0.0,0.0
17.17582,0x2B0,0.0,0.0,1.0,6.25,1.82,-0.04,25.71875,25.78125,25.53125,25.53125,2.5,0.0,0.0,0.0
17.17818,0x316,0.0,0.0,1.0,6.25,1.82,-0.04,25.71875,25.78125,25.53125,25.53125,2.5,0.0,0.0,0.0
17.18494,0x220,0.0,0.0,1.0,6.25,1.81,-0.05,25.71875,25.78125,25.53125,25.53125,2.5,0.0,0.0,0.0
17.18581,0x2B0,0.0,0.0,1.0,6.25,1.81,-0.05,25.71875,25.78125,25.53125,25.53125,2.5,0.0,0.0,0.0
17.18783,0x316,0.0,0.0,1.0,6.25,1.81,-0.05,25.71875,25.78125,25.53125,25.53125,2.5,0.0,0.0,0.0
17.19495,0x220,0.0,0.0,1.0,6.25,1.77,0.09,25.71875,25.78125,25.53125,25.53125,2.5,0.0,0.0,0.0
17.19565,0x386,0.0,0.0,1.0,6.25,1.77,0.09,25.90625,25.90625,25.375,25.0625,2.5,0.0,0.0,0.0
17.19584,0x2B0,0.0,0.0,1.0,6.25,1.77,0.09,25.90625,25.90625,25.375,25.0625,2.5,0.0,0.0,0.0
17.19792,0x316,0.0,0.0,1.0,6.25,1.77,0.09,25.90625,25.90625,25.375,25.0625,2.5,0.0,0.0,0.0
17.20494,0x220,0.0,0.0,1.0,6.25,1.77,0.24,25.90625,25.90625,25.375,25.0625,2.5,0.0,0.0,0.0
17.20581,0x2B0,0.0,0.0,1.0,6.25,1.77,0.24,25.90625,25.90625,25.375,25.0625,2.5,0.0,0.0,0.0
17.20786,0x316,0.0,0.0,1.0,6.25,1.77,0.24,25.90625,25.90625,25.375,25.0625,2.5,0.0,0.0,0.0
17.21494,0x220,0.0,0.0,1.0,6.25,1.82,0.17,25.90625,25.90625,25.375,25.0625,2.5,0.0,0.0,0.0
17.21565,0x386,0.0,0.0,1.0,6.25,1.82,0.17,25.75,25.90625,25.0625,24.96875,2.5,0.0,0.0,0.0
17.21583,0x2B0,0.0,0.0,1.0,6.25,1.82,0.17,25.75,25.90625,25.0625,24.96875,2.5,0.0,0.0,0.0
17.21787,0x316,0.0,0.0,1.0,6.25,1.82,0.17,25.75,25.90625,25.0625,24.96875,2.5,0.0,0.0,0.0
17.22493,0x220,0.0,0.0,1.0,6.25,1.87,-0.03,25.75,25.90625,25.0625,24.96875,2.5,0.0,0.0,0.0
17.22581,0x2B0,0.0,0.0,1.0,6.25,1.87,-0.03,25.75,25.90625,25.0625,24.96875,2.5,0.0,0.0,0.0
17.22781,0x316,0.0,0.0,1.0,6.25,1.87,-0.03,25.75,25.90625,25.0625,24.96875,2.5,0.0,5.0,0.0
17.23493,0x220,0.0,0.0,1.0,6.25,1.92,-0.25,25.75,25.90625,25.0625,24.96875,2.5,0.0,5.0,0.0
17.23564,0x386,0.0,0.0,1.0,6.25,1.92,-0.25,25.84375,25.90625,25.125,25.5,2.5,0.0,5.0,0.0
17.23582,0x2B0,0.0,0.0,1.0,6.25,1.92,-0.25,25.84375,25.90625,25.125,25.5,2.5,0.0,5.0,0.0
17.2382,0x316,0.0,0.0,1.0,6.25,1.92,-0.25,25.84375,25.90625,25.125,25.5,2.5,0.0,5.0,0.0
17.24494,0x220,0.0,0.0,1.0,6.25,1.94,-0.28,25.84375,25.90625,25.125,25.5,2.5,0.0,5.0,0.0
17.24582,0x2B0,0.0,0.0,1.0,6.25,1.94,-0.28,25.84375,25.90625,25.125,25.5,2.5,0.0,5.0,0.0
17.24866,0x316,0.0,0.0,1.0,6.25,1.94,-0.28,25.84375,25.90625,25.125,25.5,2.5,0.0,5.0,0.0
17.25493,0x220,0.0,0.0,1.0,6.25,1.95,-0.23,25.84375,25.90625,25.125,25.5,2.5,0.0,5.0,0.0
17.25563,0x386,0.0,0.0,1.0,6.25,1.95,-0.23,25.75,25.90625,25.25,25.65625,2.5,0.0,5.0,0.0
17.25581,0x2B0,0.0,0.0,1.0,6.25,1.95,-0.23,25.75,25.90625,25.25,25.65625,2.5,0.0,5.0,0.0
17.25786,0x316,0.0,0.0,1.0,6.25,1.95,-0.23,25.75,25.90625,25.25,25.65625,2.5,0.0,5.0,0.0
17.26493,0x220,0.0,0.0,1.0,6.25,1.92,-0.15,25.75,25.90625,25.25,25.65625,2.5,0.0,5.0,0.0
17.26587,0x2B0,0.0,0.0,1.0,6.25,1.92,-0.15,25.75,25.90625,25.25,25.65625,2.5,0.0,5.0,0.0
17.26788,0x316,0.0,0.0,1.0,6.25,1.92,-0.15,25.75,25.90625,25.25,25.65625,2.5,0.0,0.0,0.0
17.27493,0x220,0.0,0.0,1.0,6.25,1.85,-0.07,25.75,25.90625,25.25,25.65625,2.5,0.0,0.0,0.0
17.27563,0x386,0.0,0.0,1.0,6.25,1.85,-0.07,25.71875,25.8125,25.4375,25.53125,2.5,0.0,0.0,0.0
17.27606,0x2B0,0.0,0.0,1.0,6.25,1.85,-0.07,25.71875,25.8125,25.4375,25.53125,2.4,0.0,0.0,0.0
17.27821,0x316,0.0,0.0,1.0,6.25,1.85,-0.07,25.71875,25.8125,25.4375,25.53125,2.4,0.0,0.0,0.0
17.28494,0x220,0.0,0.0,1.0,6.25,1.79,-0.03,25.71875,25.8125,25.4375,25.53125,2.4,0.0,0.0,0.0
17.28586,0x2B0,0.0,0.0,1.0,6.25,1.79,-0.03,25.71875,25.8125,25.4375,25.53125,2.4,0.0,0.0,0.0
17.28793,0x316,0.0,0.0,1.0,6.25,1.79,-0.03,25.71875,25.8125,25.4375,25.53125,2.4,0.0,0.0,0.0
17.29495,0x220,0.0,0.0,1.0,6.25,1.73,-0.01,25.71875,25.8125,25.4375,25.53125,2.4,0.0,0.0,0.0
17.29564,0x386,0.0,0.0,1.0,6.25,1.73,-0.01,25.8125,25.90625,25.25,25.59375,2.4,0.0,0.0,0.0
17.29606,0x2B0,0.0,0.0,1.0,6.25,1.73,-0.01,25.8125,25.90625,25.25,25.59375,2.2,8.0,0.0,0.0
17.29786,0x316,0.0,0.0,1.0,6.25,1.73,-0.01,25.8125,25.90625,25.25,25.59375,2.2,8.0,0.0,0.0
17.30495,0x220,0.0,0.0,1.0,6.25,1.65,-0.07,25.8125,25.90625,25.25,25.59375,2.2,8.0,0.0,0.0
17.3059,0x2B0,0.0,0.0,1.0,6.25,1.65,-0.07,25.8125,25.90625,25.25,25.59375,2.2,8.0,0.0,0.0
17.30782,0x316,0.0,0.0,1.0,6.25,1.65,-0.07,25.8125,25.90625,25.25,25.59375,2.2,8.0,0.0,0.0
17.31494,0x220,0.0,0.0,1.0,6.25,1.51,-0.11,25.8125,25.90625,25.25,25.59375,2.2,8.0,0.0,0.0
17.31563,0x386,0.0,0.0,1.0,6.25,1.51,-0.11,25.8125,25.78125,25.09375,25.375,2.2,8.0,0.0,0.0
17.31605,0x2B0,0.0,0.0,1.0,6.25,1.51,-0.11,25.8125,25.78125,25.09375,25.375,2.2,0.0,0.0,0.0
17.3179,0x316,0.0,0.0,1.0,6.25,1.51,-0.11,25.8125,25.78125,25.09375,25.375,2.2,0.0,0.0,0.0
17.32495,0x220,0.0,0.0,1.0,6.25,1.29,-0.02,25.8125,25.78125,25.09375,25.375,2.2,0.0,0.0,0.0
17.32589,0x2B0,0.0,0.0,1.0,6.25,1.29,-0.02,25.8125,25.78125,25.09375,25.375,2.2,0.0,0.0,0.0
17.32789,0x316,0.0,0.0,1.0,6.25,1.29,-0.02,25.8125,25.78125,25.09375,25.375,2.2,0.0,0.0,0.0
17.33494,0x220,0.0,0.0,1.0,6.25,1.08,0.11,25.8125,25.78125,25.09375,25.375,2.2,0.0,0.0,0.0
17.33565,0x386,0.0,0.0,1.0,6.25,1.08,0.11,25.84375,25.78125,25.03125,25.21875,2.2,0.0,0.0,0.0
17.33607,0x2B0,0.0,0.0,1.0,6.25,1.08,0.11,25.84375,25.78125,25.03125,25.21875,2.2,0.0,0.0,0.0
17.33793,0x316,0.0,0.0,1.0,6.25,1.08,0.11,25.84375,25.78125,25.03125,25.21875,2.2,0.0,0.0,0.0
17.34494,0x220,0.0,0.0,1.0,6.25,0.93,0.29,25.84375,25.78125,25.03125,25.21875,2.2,0.0,0.0,0.0
17.34589,0x2B0,0.0,0.0,1.0,6.25,0.93,0.29,25.84375,25.78125,25.03125,25.21875,2.2,0.0,0.0,0.0
17.3486,0x316,0.0,0.0,1.0,6.25,0.93,0.29,25.84375,25.78125,25.03125,25.21875,2.2,0.0,0.0,0.0
17.35494,0x220,0.0,0.0,1.0,6.25,0.88,0.39,25.84375,25.78125,25.03125,25.21875,2.2,0.0,0.0,0.0
17.35565,0x386,0.0,0.0,1.0,6.25,0.88,0.39,25.78125,25.78125,25.5,25.21875,2.2,0.0,0.0,0.0
17.35606,0x2B0,0.0,0.0,1.0,6.25,0.88,0.39,25.78125,25.78125,25.5,25.21875,2.2,0.0,0.0,0.0
17.35792,0x316,0.0,0.0,1.0,6.25,0.88,0.39,25.78125,25.78125,25.5,25.21875,2.2,0.0,0.0,0.0
17.36495,0x220,0.0,0.0,1.0,6.25,0.97,0.41,25.78125,25.78125,25.5,25.21875,2.2,0.0,0.0,0.0
17.36589,0x2B0,0.0,0.0,1.0,6.25,0.97,0.41,25.78125,25.78125,25.5,25.21875,2.2,0.0,0.0,0.0
17.36798,0x316,0.0,0.0,1.0,6.25,0.97,0.41,25.78125,25.78125,25.5,25.21875,2.2,0.0,0.0,0.0
17.37495,0x220,0.0,0.0,1.0,6.25,1.21,0.43,25.78125,25.78125,25.5,25.21875,2.2,0.0,0.0,0.0
17.37566,0x386,0.0,0.0,1.0,6.25,1.21,0.43,25.8125,25.65625,25.1875,25.75,2.2,0.0,0.0,0.0
17.37608,0x2B0,0.0,0.0,1.0,6.25,1.21,0.43,25.8125,25.65625,25.1875,25.75,2.2,0.0,0.0,0.0
17.37825,0x316,0.0,0.0,1.0,6.25,1.21,0.43,25.8125,25.65625,25.1875,25.75,2.2,0.0,0.0,0.0
17.38494,0x220,0.0,0.0,1.0,6.25,1.55,0.44,25.8125,25.65625,25.1875,25.75,2.2,0.0,0.0,0.0
17.38582,0x2B0,0.0,0.0,1.0,6.25,1.55,0.44,25.8125,25.65625,25.1875,25.75,2.2,0.0,0.0,0.0
17.38784,0x316,0.0,0.0,1.0,6.25,1.55,0.44,25.8125,25.65625,25.1875,25.75,2.2,0.0,0.0,0.0
17.39495,0x220,0.0,0.0,1.0,6.25,1.81,0.36,25.8125,25.65625,25.1875,25.75,2.2,0.0,0.0,0.0
17.39565,0x386,0.0,0.0,1.0,6.25,1.81,0.36,25.75,25.75,25.46875,25.5,2.2,0.0,0.0,0.0
17.39607,0x2B0,0.0,0.0,1.0,6.25,1.81,0.36,25.75,25.75,25.46875,25.5,2.2,0.0,0.0,0.0
17.39792,0x316,0.0,0.0,1.0,6.25,1.81,0.36,25.75,25.75,25.46875,25.5,2.2,0.0,0.0,0.0
17.40494,0x220,0.0,0.0,1.0,6.25,1.85,0.3,25.75,25.75,25.46875,25.5,2.2,0.0,0.0,0.0
17.40582,0x2B0,0.0,0.0,1.0,6.25,1.85,0.3,25.75,25.75,25.46875,25.5,2.2,0.0,0.0,0.0
17.40786,0x316,0.0,0.0,1.0,6.25,1.85,0.3,25.75,25.75,25.46875,25.5,2.2,0.0,0.0,0.0
17.41494,0x220,0.0,0.0,1.0,6.25,1.73,0.37,25.75,25.75,25.46875,25.5,2.2,0.0,0.0,0.0
17.41565,0x386,0.0,0.0,1.0,6.25,1.73,0.37,25.78125,25.6875,25.53125,25.34375,2.2,0.0,0.0,0.0
17.41584,0x2B0,0.0,0.0,1.0,6.25,1.73,0.37,25.78125,25.6875,25.53125,25.34375,2.2,0.0,0.0,0.0
17.41786,0x316,0.0,0.0,1.0,6.25,1.73,0.37,25.78125,25.6875,25.53125,25.34375,2.2,0.0,0.0,0.0
17.42494,0x220,0.0,0.0,1.0,6.25,1.53,0.48,25.78125,25.6875,25.53125,25.34375,2.2,0.0,0.0,0.0
17.42582,0x2B0,0.0,0.0,1.0,6.25,1.53,0.48,25.78125,25.6875,25.53125,25.34375,2.2,0.0,0.0,0.0
17.42782,0x316,0.0,0.0,1.0,6.25,1.53,0.48,25.78125,25.6875,25.53125,25.34375,2.2,0.0,0.0,0.0
17.43494,0x220,0.0,0.0,1.0,6.25,1.4,0.49,25.78125,25.6875,25.53125,25.34375,2.2,0.0,0.0,0.0
17.43565,0x386,0.0,0.0,1.0,6.25,1.4,0.49,25.6875,25.75,25.3125,25.5625,2.2,0.0,0.0,0.0
17.43583,0x2B0,0.0,0.0,1.0,6.25,1.4,0.49,25.6875,25.75,25.3125,25.5625,2.2,0.0,0.0,0.0
17.43801,0x316,0.0,0.0,1.0,6.25,1.4,0.49,25.6875,25.75,25.3125,25.5625,2.2,0.0,0.0,0.0
17.44495,0x220,0.0,0.0,1.0,6.25,1.4,0.39,25.6875,25.75,25.3125,25.5625,2.2,0.0,0.0,0.0
17.44581,0x2B0,0.0,0.0,1.0,6.25,1.4,0.39,25.6875,25.75,25.3125,25.5625,2.2,0.0,0.0,0.0
17.44879,0x316,0.0,0.0,1.0,6.25,1.4,0.39,25.6875,25.75,25.3125,25.5625,2.2,0.0,0.0,0.0
17.45494,0x220,0.0,0.0,1.0,6.25,1.48,0.28,25.6875,25.75,25.3125,25.5625,2.2,0.0,0.0,0.0
17.45564,0x386,0.0,0.0,1.0,6.25,1.48,0.28,25.75,25.78125,25.34375,25.53125,2.2,0.0,0.0,0.0
17.45583,0x2B0,0.0,0.0,1.0,6.25,1.48,0.28,25.75,25.78125,25.34375,25.53125,2.2,0.0,0.0,0.0
17.45785,0x316,0.0,0.0,1.0,6.25,1.48,0.28,25.75,25.78125,25.34375,25.53125,2.2,0.0,0.0,0.0
17.46494,0x220,0.0,0.0,1.0,6.25,1.59,0.22,25.75,25.78125,25.34375,25.53125,2.2,0.0,0.0,0.0
17.46582,0x2B0,0.0,0.0,1.0,6.25,1.59,0.22,25.75,25.78125,25.34375,25.53125,2.2,0.0,0.0,0.0
17.46787,0x316,0.0,0.0,1.0,6.25,1.59,0.22,25.75,25.78125,25.34375,25.53125,2.2,0.0,0.0,0.0
17.47494,0x220,0.0,0.0,1.0,6.25,1.66,0.21,25.75,25.78125,25.34375,25.53125,2.2,0.0,0.0,0.0
17.47565,0x386,0.0,0.0,1.0,6.25,1.66,0.21,25.75,25.84375,25.1875,25.4375,2.2,0.0,0.0,0.0
17.47584,0x2B0,0.0,0.0,1.0,6.25,1.66,0.21,25.75,25.84375,25.1875,25.4375,2.2,0.0,0.0,0.0
17.47828,0x316,0.0,0.0,1.0,6.25,1.66,0.21,25.75,25.84375,25.1875,25.4375,2.2,0.0,0.0,0.0
17.48495,0x220,0.0,0.0,1.0,6.25,1.72,0.17,25.75,25.84375,25.1875,25.4375,2.2,0.0,0.0,0.0
17.48582,0x2B0,0.0,0.0,1.0,6.25,1.72,0.17,25.75,25.84375,25.1875,25.4375,2.2,0.0,0.0,0.0
17.48787,0x316,0.0,0.0,1.0,6.25,1.72,0.17,25.75,25.84375,25.1875,25.4375,2.2,0.0,0.0,0.0
17.49495,0x220,0.0,0.0,1.0,6.25,1.75,0.07,25.75,25.84375,25.1875,25.4375,2.2,0.0,0.0,0.0
17.49566,0x386,0.0,0.0,1.0,6.25,1.75,0.07,25.75,25.96875,25.0625,25.625,2.2,0.0,0.0,0.0
17.49585,0x2B0,0.0,0.0,1.0,6.25,1.75,0.07,25.75,25.96875,25.0625,25.625,2.2,0.0,0.0,0.0
17.49785,0x316,0.0,0.0,1.0,6.25,1.75,0.07,25.75,25.96875,25.0625,25.625,2.2,0.0,0.0,0.0
17.50495,0x220,0.0,0.0,1.0,6.25,1.75,0.0,25.75,25.96875,25.0625,25.625,2.2,0.0,0.0,0.0
17.50582,0x2B0,0.0,0.0,1.0,6.25,1.75,0.0,25.75,25.96875,25.0625,25.625,2.2,0.0,0.0,0.0
17.50782,0x316,0.0,0.0,1.0,6.25,1.75,0.0,25.75,25.96875,25.0625,25.625,2.2,0.0,0.0,0.0
17.51495,0x220,0.0,0.0,1.0,6.25,1.79,-0.01,25.75,25.96875,25.0625,25.625,2.2,0.0,0.0,0.0
17.51565,0x386,0.0,0.0,1.0,6.25,1.79,-0.01,25.6875,25.8125,25.28125,25.53125,2.2,0.0,0.0,0.0
17.51583,0x2B0,0.0,0.0,1.0,6.25,1.79,-0.01,25.6875,25.8125,25.28125,25.53125,2.2,0.0,0.0,0.0
17.51787,0x316,0.0,0.0,1.0,6.25,1.79,-0.01,25.6875,25.8125,25.28125,25.53125,2.2,0.0,0.0,0.0
17.52496,0x220,0.0,0.0,1.0,6.25,1.85,-0.02,25.6875,25.8125,25.28125,25.53125,2.2,0.0,0.0,0.0
17.52582,0x2B0,0.0,0.0,1.0,6.25,1.85,-0.02,25.6875,25.8125,25.28125,25.53125,2.2,0.0,0.0,0.0
17.52786,0x316,0.0,0.0,1.0,6.25,1.85,-0.02,25.6875,25.8125,25.28125,25.53125,2.2,0.0,0.0,0.0
17.53495,0x220,0.0,0.0,1.0,6.25,1.91,0.0,25.6875,25.8125,25.28125,25.53125,2.2,0.0,0.0,0.0
17.53565,0x386,0.0,0.0,1.0,6.25,1.91,0.0,25.625,25.8125,25.28125,25.375,2.2,0.0,0.0,0.0
17.53583,0x2B0,0.0,0.0,1.0,6.25,1.91,0.0,25.625,25.8125,25.28125,25.375,2.3,0.0,0.0,0.0
17.53792,0x316,0.0,0.0,1.0,6.25,1.91,0.0,25.625,25.8125,25.28125,25.375,2.3,0.0,0.0,0.0
17.54495,0x220,0.0,0.0,1.0,6.25,1.81,0.02,25.625,25.8125,25.28125,25.375,2.3,0.0,0.0,0.0
17.54582,0x2B0,0.0,0.0,1.0,6.25,1.81,0.02,25.625,25.8125,25.28125,25.375,2.3,0.0,0.0,0.0
17.54848,0x316,0.0,0.0,1.0,6.25,1.81,0.02,25.625,25.8125,25.28125,25.375,2.3,0.0,0.0,0.0
17.55495,0x220,0.0,0.0,1.0,6.25,1.69,0.05,25.625,25.8125,25.28125,25.375,2.3,0.0,0.0,0.0
17.55565,0x386,0.0,0.0,1.0,6.25,1.69,0.05,25.75,25.78125,25.25,25.4375,2.3,0.0,0.0,0.0
17.55607,0x2B0,0.0,0.0,1.0,6.25,1.69,0.05,25.75,25.78125,25.25,25.4375,2.3,0.0,0.0,0.0
17.55787,0x316,0.0,0.0,1.0,6.25,1.69,0.05,25.75,25.78125,25.25,25.4375,2.3,0.0,0.0,0.0
17.56495,0x220,0.0,0.0,1.0,6.25,1.71,0.16,25.75,25.78125,25.25,25.4375,2.3,0.0,0.0,0.0
17.56582,0x2B0,0.0,0.0,1.0,6.25,1.71,0.16,25.75,25.78125,25.25,25.4375,2.3,0.0,0.0,0.0
17.56796,0x316,0.0,0.0,1.0,6.25,1.71,0.16,25.75,25.78125,25.25,25.4375,2.3,0.0,0.0,0.0
17.57494,0x220,0.0,0.0,1.0,6.25,1.82,0.15,25.75,25.78125,25.25,25.4375,2.3,0.0,0.0,0.0
17.57564,0x386,0.0,0.0,1.0,6.25,1.82,0.15,25.6875,25.78125,25.28125,25.375,2.3,0.0,0.0,0.0
17.57607,0x2B0,0.0,0.0,1.0,6.25,1.82,0.15,25.6875,25.78125,25.28125,25.375,2.3,0.0,0.0,0.0
17.57801,0x316,0.0,0.0,1.0,6.25,1.82,0.15,25.6875,25.78125,25.28125,25.375,2.3,0.0,0.0,0.0
17.58495,0x220,0.0,0.0,1.0,6.25,1.88,-0.01,25.6875,25.78125,25.28125,25.375,2.3,0.0,0.0,0.0
17.58581,0x2B0,0.0,0.0,1.0,6.25,1.88,-0.01,25.6875,25.78125,25.28125,25.375,2.3,0.0,0.0,0.0
17.58785,0x316,0.0,0.0,1.0,6.25,1.88,-0.01,25.6875,25.78125,25.28125,25.375,2.3,0.0,0.0,0.0
17.59495,0x220,0.0,0.0,1.0,6.25,1.82,-0.21,25.6875,25.78125,25.28125,25.375,2.3,0.0,0.0,0.0
17.59565,0x386,0.0,0.0,1.0,6.25,1.82,-0.21,25.84375,25.75,25.21875,25.375,2.3,0.0,0.0,0.0
17.59584,0x2B0,0.0,0.0,1.0,6.25,1.82,-0.21,25.84375,25.75,25.21875,25.375,2.3,0.0,0.0,0.0
17.59787,0x316,0.0,0.0,1.0,6.25,1.82,-0.21,25.84375,25.75,25.21875,25.375,2.3,0.0,0.0,0.0
17.60495,0x220,0.0,0.0,1.0,6.25,1.55,-0.07,25.84375,25.75,25.21875,25.375,2.3,0.0,0.0,0.0
17.60587,0x2B0,0.0,0.0,1.0,6.25,1.55,-0.07,25.84375,25.75,25.21875,25.375,2.3,0.0,0.0,0.0
17.60789,0x316,0.0,0.0,1.0,6.25,1.55,-0.07,25.84375,25.75,25.21875,25.375,2.3,0.0,0.0,0.0
17.61494,0x220,0.0,0.0,1.0,6.25,1.22,0.21,25.84375,25.75,25.21875,25.375,2.3,0.0,0.0,0.0
17.61564,0x386,0.0,0.0,1.0,6.25,1.22,0.21,25.75,25.8125,25.28125,25.3125,2.3,0.0,0.0,0.0
17.61606,0x2B0,0.0,0.0,1.0,6.25,1.22,0.21,25.75,25.8125,25.28125,25.3125,2.2,0.0,0.0,0.0
17.61785,0x316,0.0,0.0,1.0,6.25,1.22,0.21,25.75,25.8125,25.28125,25.3125,2.2,0.0,0.0,0.0
17.62495,0x220,0.0,0.0,1.0,6.25,1.12,0.33,25.75,25.8125,25.28125,25.3125,2.2,0.0,0.0,0.0
17.62585,0x2B0,0.0,0.0,1.0,6.25,1.12,0.33,25.75,25.8125,25.28125,25.3125,2.2,0.0,0.0,0.0
17.62783,0x316,0.0,0.0,1.0,6.25,1.12,0.33,25.75,25.8125,25.28125,25.3125,2.2,0.0,0.0,0.0
17.63495,0x220,0.0,0.0,1.0,6.25,1.27,0.17,25.75,25.8125,25.28125,25.3125,2.2,0.0,0.0,0.0
17.63565,0x386,0.0,0.0,1.0,6.25,1.27,0.17,25.84375,25.5625,25.34375,25.34375,2.2,0.0,0.0,0.0
17.63606,0x2B0,0.0,0.0,1.0,6.25,1.27,0.17,25.84375,25.5625,25.34375,25.34375,1.9,12.0,0.0,0.0
17.63794,0x316,0.0,0.0,1.0,6.25,1.27,0.17,25.84375,25.5625,25.34375,25.34375,1.9,12.0,0.0,0.0
17.64495,0x220,0.0,0.0,1.0,6.25,1.55,0.0,25.84375,25.5625,25.34375,25.34375,1.9,12.0,0.0,0.0
17.64588,0x2B0,0.0,0.0,1.0,6.25,1.55,0.0,25.84375,25.5625,25.34375,25.34375,1.9,12.0,0.0,0.0
17.64874,0x316,0.0,0.0,1.0,6.25,1.55,0.0,25.84375,25.5625,25.34375,25.34375,1.9,12.0,0.0,0.0
17.65495,0x220,0.0,0.0,1.0,6.25,1.78,0.0,25.84375,25.5625,25.34375,25.34375,1.9,12.0,0.0,0.0
17.65565,0x386,0.0,0.0,1.0,6.25,1.78,0.0,25.78125,25.84375,25.28125,25.375,1.9,12.0,0.0,0.0
17.65606,0x2B0,0.0,0.0,1.0,6.25,1.78,0.0,25.78125,25.84375,25.28125,25.375,1.7,8.0,0.0,0.0
17.65785,0x316,0.0,0.0,1.0,6.25,1.78,0.0,25.78125,25.84375,25.28125,25.375,1.7,8.0,0.0,0.0
17.66494,0x220,0.0,0.0,1.0,6.25,1.83,0.07,25.78125,25.84375,25.28125,25.375,1.7,8.0,0.0,0.0
17.66586,0x2B0,0.0,0.0,1.0,6.25,1.83,0.07,25.78125,25.84375,25.28125,25.375,1.6,12.0,0.0,0.0
17.66791,0x316,0.0,0.0,1.0,6.25,1.83,0.07,25.78125,25.84375,25.28125,25.375,1.6,12.0,0.0,0.0
17.67495,0x220,0.0,0.0,1.0,6.25,1.71,0.16,25.78125,25.84375,25.28125,25.375,1.6,12.0,0.0,0.0
17.67565,0x386,0.0,0.0,1.0,6.25,1.71,0.16,25.8125,25.625,25.375,25.3125,1.6,12.0,0.0,0.0
17.67607,0x2B0,0.0,0.0,1.0,6.25,1.71,0.16,25.8125,25.625,25.375,25.3125,1.6,0.0,0.0,0.0
17.67804,0x316,0.0,0.0,1.0,6.25,1.71,0.16,25.8125,25.625,25.375,25.3125,1.6,0.0,0.0,0.0
17.68495,0x220,0.0,0.0,1.0,6.25,1.52,0.26,25.8125,25.625,25.375,25.3125,1.6,0.0,0.0,0.0
17.68587,0x2B0,0.0,0.0,1.0,6.25,1.52,0.26,25.8125,25.625,25.375,25.3125,1.4,8.0,0.0,0.0
17.68795,0x316,0.0,0.0,1.0,6.25,1.52,0.26,25.8125,25.625,25.375,25.3125,1.4,8.0,0.0,0.0
17.69496,0x220,0.0,0.0,1.0,6.25,1.51,0.3,25.8125,25.625,25.375,25.3125,1.4,8.0,0.0,0.0
17.69566,0x386,0.0,0.0,1.0,6.25,1.51,0.3,25.71875,25.90625,25.21875,25.34375,1.4,8.0,0.0,0.0
17.69607,0x2B0,0.0,0.0,1.0,6.25,1.51,0.3,25.71875,25.90625,25.21875,25.34375,1.4,8.0,0.0,0.0
17.69788,0x316,0.0,0.0,1.0,6.25,1.51,0.3,25.71875,25.90625,25.21875,25.34375,1.4,8.0,0.0,0.0
17.70495,0x220,0.0,0.0,1.0,6.25,1.73,0.17,25.71875,25.90625,25.21875,25.34375,1.4,8.0,0.0,0.0
17.70588,0x2B0,0.0,0.0,1.0,6.25,1.73,0.17,25.71875,25.90625,25.21875,25.34375,1.2,8.0,0.0,0.0
17.70784,0x316,0.0,0.0,1.0,6.25,1.73,0.17,25.71875,25.90625,25.21875,25.34375,1.2,8.0,0.0,0.0
17.71495,0x220,0.0,0.0,1.0,6.25,1.94,-0.13,25.71875,25.90625,25.21875,25.34375,1.2,8.0,0.0,0.0
17.71565,0x386,0.0,0.0,1.0,6.25,1.94,-0.13,25.65625,25.78125,25.15625,25.46875,1.2,8.0,0.0,0.0
17.71607,0x2B0,0.0,0.0,1.0,6.25,1.94,-0.13,25.65625,25.78125,25.15625,25.46875,1.2,8.0,0.0,0.0
17.71786,0x316,0.0,0.0,1.0,6.25,1.94,-0.13,25.65625,25.78125,25.15625,25.46875,1.2,8.0,0.0,0.0
17.72495,0x220,0.0,0.0,1.0,6.25,1.82,-0.33,25.65625,25.78125,25.15625,25.46875,1.2,8.0,0.0,0.0
17.72584,0x2B0,0.0,0.0,1.0,6.25,1.82,-0.33,25.65625,25.78125,25.15625,25.46875,1.2,0.0,0.0,0.0
17.72795,0x316,0.0,0.0,1.0,6.25,1.82,-0.33,25.65625,25.78125,25.15625,25.46875,1.2,0.0,0.0,0.0
17.73495,0x220,0.0,0.0,1.0,6.25,1.4,-0.05,25.65625,25.78125,25.15625,25.46875,1.2,0.0,0.0,0.0
17.73565,0x386,0.0,0.0,1.0,6.25,1.4,-0.05,25.71875,25.5625,25.1875,25.40625,1.2,0.0,0.0,0.0
17.73606,0x2B0,0.0,0.0,1.0,6.25,1.4,-0.05,25.71875,25.5625,25.1875,25.40625,1.2,0.0,0.0,0.0
17.73795,0x316,0.0,0.0,1.0,6.25,1.4,-0.05,25.71875,25.5625,25.1875,25.40625,1.2,0.0,0.0,0.0
17.74495,0x220,0.0,0.0,1.0,6.25,0.98,0.34,25.71875,25.5625,25.1875,25.40625,1.2,0.0,0.0,0.0
17.74585,0x2B0,0.0,0.0,1.0,6.25,0.98,0.34,25.71875,25.5625,25.1875,25.40625,1.4,8.0,0.0,0.0
17.74862,0x316,0.0,0.0,1.0,6.25,0.98,0.34,25.71875,25.5625,25.1875,25.40625,1.4,8.0,0.0,0.0
17.75494,0x220,0.0,0.0,1.0,6.25,0.91,0.34,25.71875,25.5625,25.1875,25.40625,1.4,8.0,0.0,0.0
17.75563,0x386,0.0,0.0,1.0,6.25,0.91,0.34,25.6875,26.0625,25.125,25.40625,1.4,8.0,0.0,0.0
17.75582,0x2B0,0.0,0.0,1.0,6.25,0.91,0.34,25.6875,26.0625,25.125,25.40625,1.4,8.0,0.0,0.0
17.75785,0x316,0.0,0.0,1.0,6.25,0.91,0.34,25.6875,26.0625,25.125,25.40625,1.4,8.0,0.0,0.0
17.76495,0x220,0.0,0.0,1.0,6.25,1.16,-0.05,25.6875,26.0625,25.125,25.40625,1.4,8.0,0.0,0.0
17.76583,0x2B0,0.0,0.0,1.0,6.25,1.16,-0.05,25.6875,26.0625,25.125,25.40625,1.4,0.0,0.0,0.0
17.76799,0x316,0.0,0.0,1.0,6.25,1.16,-0.05,25.6875,26.0625,25.125,25.40625,1.4,0.0,0.0,0.0
17.77494,0x220,0.0,0.0,1.0,6.25,1.52,-0.44,25.6875,26.0625,25.125,25.40625,1.4,0.0,0.0,0.0
17.77564,0x386,0.0,0.0,1.0,6.25,1.52,-0.44,25.65625,25.8125,25.0625,25.34375,1.4,0.0,0.0,0.0
17.77606,0x2B0,0.0,0.0,1.0,6.25,1.52,-0.44,25.65625,25.8125,25.0625,25.34375,1.4,0.0,0.0,0.0
17.77805,0x316,0.0,0.0,1.0,6.25,1.52,-0.44,25.65625,25.8125,25.0625,25.34375,1.4,0.0,0.0,0.0
17.78495,0x220,0.0,0.0,1.0,6.25,1.92,-0.22,25.65625,25.8125,25.0625,25.34375,1.4,0.0,0.0,0.0
17.78584,0x2B0,0.0,0.0,1.0,6.25,1.92,-0.22,25.65625,25.8125,25.0625,25.34375,1.4,0.0,0.0,0.0
17.78783,0x316,0.0,0.0,1.0,6.25,1.92,-0.22,25.65625,25.8125,25.0625,25.34375,1.4,0.0,0.0,0.0
17.79496,0x220,0.0,0.0,1.0,6.25,2.22,0.36,25.65625,25.8125,25.0625,25.34375,1.4,0.0,0.0,0.0
17.79566,0x386,0.0,0.0,1.0,6.25,2.22,0.36,25.625,25.8125,25.3125,25.40625,1.4,0.0,0.0,0.0
17.79585,0x2B0,0.0,0.0,1.0,6.25,2.22,0.36,25.625,25.8125,25.3125,25.40625,1.4,0.0,0.0,0.0
17.79785,0x316,0.0,0.0,1.0,6.25,2.22,0.36,25.625,25.8125,25.3125,25.40625,1.4,0.0,0.0,0.0
17.80495,0x220,0.0,0.0,1.0,6.25,2.18,0.5,25.625,25.8125,25.3125,25.40625,1.4,0.0,0.0,0.0
17.80582,0x2B0,0.0,0.0,1.0,6.25,2.18,0.5,25.625,25.8125,25.3125,25.40625,1.4,0.0,0.0,0.0
17.80785,0x316,0.0,0.0,1.0,6.25,2.18,0.5,25.625,25.8125,25.3125,25.40625,1.4,0.0,0.0,0.0
17.81496,0x220,0.0,0.0,1.0,6.25,1.81,0.15,25.625,25.8125,25.3125,25.40625,1.4,0.0,0.0,0.0
17.81565,0x386,0.0,0.0,1.0,6.25,1.81,0.15,25.6875,25.875,25.25,25.4375,1.4,0.0,0.0,0.0
17.81584,0x2B0,0.0,0.0,1.0,6.25,1.81,0.15,25.6875,25.875,25.25,25.4375,1.4,0.0,0.0,0.0
17.81792,0x316,0.0,0.0,1.0,6.25,1.81,0.15,25.6875,25.875,25.25,25.4375,1.4,0.0,0.0,0.0
17.82496,0x220,0.0,0.0,1.0,6.25,1.3,-0.18,25.6875,25.875,25.25,25.4375,1.4,0.0,0.0,0.0
17.82585,0x2B0,0.0,0.0,1.0,6.25,1.3,-0.18,25.6875,25.875,25.25,25.4375,1.4,0.0,0.0,0.0
17.82782,0x316,0.0,0.0,1.0,6.25,1.3,-0.18,25.6875,25.875,25.25,25.4375,1.4,0.0,0.0,0.0
17.83496,0x220,0.0,0.0,1.0,6.25,0.99,-0.16,25.6875,25.875,25.25,25.4375,1.4,0.0,0.0,0.0
17.83565,0x386,0.0,0.0,1.0,6.25,0.99,-0.16,25.65625,25.71875,25.21875,25.375,1.4,0.0,0.0,0.0
17.83584,0x2B0,0.0,0.0,1.0,6.25,0.99,-0.16,25.65625,25.71875,25.21875,25.375,1.4,0.0,0.0,0.0
17.83792,0x316,0.0,0.0,1.0,6.25,0.99,-0.16,25.65625,25.71875,25.21875,25.375,1.4,0.0,0.0,0.0
17.84496,0x220,0.0,0.0,1.0,6.25,1.06,-0.02,25.65625,25.71875,25.21875,25.375,1.4,0.0,0.0,0.0
17.8459,0x2B0,0.0,0.0,1.0,6.25,1.06,-0.02,25.65625,25.71875,25.21875,25.375,1.4,0.0,0.0,0.0
17.84878,0x316,0.0,0.0,1.0,6.25,1.06,-0.02,25.65625,25.71875,25.21875,25.375,1.4,0.0,0.0,0.0
17.85495,0x220,0.0,0.0,1.0,6.25,1.34,0.1,25.65625,25.71875,25.21875,25.375,1.4,0.0,0.0,0.0
17.85565,0x386,0.0,0.0,1.0,6.25,1.34,0.1,25.78125,25.78125,25.34375,25.34375,1.4,0.0,0.0,0.0
17.85584,0x2B0,0.0,0.0,1.0,6.25,1.34,0.1,25.78125,25.78125,25.34375,25.34375,1.4,0.0,0.0,0.0
17.85792,0x316,0.0,0.0,1.0,6.25,1.34,0.1,25.78125,25.78125,25.34375,25.34375,1.4,0.0,0.0,0.0
17.86495,0x220,0.0,0.0,1.0,6.25,1.57,0.17,25.78125,25.78125,25.34375,25.34375,1.4,0.0,0.0,0.0
17.86582,0x2B0,0.0,0.0,1.0,6.25,1.57,0.17,25.78125,25.78125,25.34375,25.34375,1.4,0.0,0.0,0.0
17.86788,0x316,0.0,0.0,1.0,6.25,1.57,0.17,25.78125,25.78125,25.34375,25.34375,1.4,0.0,0.0,0.0
17.87496,0x220,0.0,0.0,1.0,6.25,1.65,0.22,25.78125,25.78125,25.34375,25.34375,1.4,0.0,0.0,0.0
17.87566,0x386,0.0,0.0,1.0,6.25,1.65,0.22,25.78125,25.59375,25.34375,25.375,1.4,0.0,0.0,0.0
17.87584,0x2B0,0.0,0.0,1.0,6.25,1.65,0.22,25.78125,25.59375,25.34375,25.375,1.4,0.0,0.0,0.0
17.87801,0x316,0.0,0.0,1.0,6.25,1.65,0.22,25.78125,25.59375,25.34375,25.375,1.4,0.0,0.0,0.0
17.88495,0x220,0.0,0.0,1.0,6.25,1.54,0.37,25.78125,25.59375,25.34375,25.375,1.4,0.0,0.0,0.0
17.88582,0x2B0,0.0,0.0,1.0,6.25,1.54,0.37,25.78125,25.59375,25.34375,25.375,1.4,0.0,0.0,0.0
17.88786,0x316,0.0,0.0,1.0,6.25,1.54,0.37,25.78125,25.59375,25.34375,25.375,1.4,0.0,0.0,0.0
17.89496,0x220,0.0,0.0,1.0,6.25,1.41,0.43,25.78125,25.59375,25.34375,25.375,1.4,0.0,0.0,0.0
17.89565,0x386,0.0,0.0,1.0,6.25,1.41,0.43,25.84375,25.75,25.3125,25.375,1.4,0.0,0.0,0.0
17.89584,0x2B0,0.0,0.0,1.0,6.25,1.41,0.43,25.84375,25.75,25.3125,25.375,1.4,0.0,0.0,0.0
17.89791,0x316,0.0,0.0,1.0,6.25,1.41,0.43,25.84375,25.75,25.3125,25.375,1.4,0.0,0.0,0.0
17.90495,0x220,0.0,0.0,1.0,6.25,1.34,0.26,25.84375,25.75,25.3125,25.375,1.4,0.0,0.0,0.0
17.90581,0x2B0,0.0,0.0,1.0,6.25,1.34,0.26,25.84375,25.75,25.3125,25.375,1.4,0.0,0.0,0.0
17.90782,0x316,0.0,0.0,1.0,6.25,1.34,0.26,25.84375,25.75,25.3125,25.375,1.4,0.0,0.0,0.0
17.91496,0x220,0.0,0.0,1.0,6.25,1.31,0.01,25.84375,25.75,25.3125,25.375,1.4,0.0,0.0,0.0
17.91565,0x386,0.0,0.0,1.0,6.25,1.31,0.01,25.75,25.6875,25.25,25.46875,1.4,0.0,0.0,0.0
17.91584,0x2B0,0.0,0.0,1.0,6.25,1.31,0.01,25.75,25.6875,25.25,25.46875,1.4,0.0,0.0,0.0
17.91785,0x316,0.0,0.0,1.0,6.25,1.31,0.01,25.75,25.6875,25.25,25.46875,1.4,0.0,0.0,0.0
17.92496,0x220,0.0,0.0,1.0,6.25,1.35,0.02,25.75,25.6875,25.25,25.46875,1.4,0.0,0.0,0.0
17.92587,0x2B0,0.0,0.0,1.0,6.25,1.35,0.02,25.75,25.6875,25.25,25.46875,1.4,0.0,0.0,0.0
17.92792,0x316,0.0,0.0,1.0,6.25,1.35,0.02,25.75,25.6875,25.25,25.46875,1.4,0.0,0.0,0.0
17.93495,0x220,0.0,0.0,1.0,6.25,1.46,0.29,25.75,25.6875,25.25,25.46875,1.4,0.0,0.0,0.0
17.93565,0x386,0.0,0.0,1.0,6.25,1.46,0.29,25.90625,25.75,25.3125,25.40625,1.4,0.0,0.0,0.0
17.93584,0x2B0,0.0,0.0,1.0,6.25,1.46,0.29,25.90625,25.75,25.3125,25.40625,1.4,0.0,0.0,0.0
17.93802,0x316,0.0,0.0,1.0,6.25,1.46,0.29,25.90625,25.75,25.3125,25.40625,1.4,0.0,0.0,0.0
17.94496,0x220,0.0,0.0,1.0,6.25,1.55,0.55,25.90625,25.75,25.3125,25.40625,1.4,0.0,0.0,0.0
17.94588,0x2B0,0.0,0.0,1.0,6.25,1.55,0.55,25.90625,25.75,25.3125,25.40625,1.4,0.0,0.0,0.0
17.94857,0x316,0.0,0.0,1.0,6.25,1.55,0.55,25.90625,25.75,25.3125,25.40625,1.4,0.0,0.0,0.0
17.95496,0x220,0.0,0.0,1.0,6.25,1.6,0.54,25.90625,25.75,25.3125,25.40625,1.4,0.0,0.0,0.0
17.95565,0x386,0.0,0.0,1.0,6.25,1.6,0.54,25.6875,25.8125,25.15625,25.25,1.4,0.0,0.0,0.0
17.95607,0x2B0,0.0,0.0,1.0,6.25,1.6,0.54,25.6875,25.8125,25.15625,25.25,1.4,0.0,0.0,0.0
17.95784,0x316,0.0,0.0,1.0,6.25,1.6,0.54,25.6875,25.8125,25.15625,25.25,1.4,0.0,0.0,0.0
17.96497,0x220,0.0,0.0,1.0,6.25,1.6,0.33,25.6875,25.8125,25.15625,25.25,1.4,0.0,0.0,0.0
17.96588,0x2B0,0.0,0.0,1.0,6.25,1.6,0.33,25.6875,25.8125,25.15625,25.25,1.2,8.0,0.0,0.0
17.96798,0x316,0.0,0.0,1.0,6.25,1.6,0.33,25.6875,25.8125,25.15625,25.25,1.2,8.0,0.0,0.0
17.97496,0x220,0.0,0.0,1.0,6.25,1.5,0.17,25.6875,25.8125,25.15625,25.25,1.2,8.0,0.0,0.0
17.97567,0x386,0.0,0.0,1.0,6.25,1.5,0.17,25.78125,25.78125,25.125,25.53125,1.2,8.0,0.0,0.0
17.97586,0x2B0,0.0,0.0,1.0,6.25,1.5,0.17,25.78125,25.78125,25.125,25.53125,1.2,8.0,0.0,0.0
17.97805,0x316,0.0,0.0,1.0,6.25,1.5,0.17,25.78125,25.78125,25.125,25.53125,1.2,8.0,0.0,0.0
17.98495,0x220,0.0,0.0,1.0,6.25,1.43,0.19,25.78125,25.78125,25.125,25.53125,1.2,8.0,0.0,0.0
17.98582,0x2B0,0.0,0.0,1.0,6.25,1.43,0.19,25.78125,25.78125,25.125,25.53125,1.2,0.0,0.0,0.0
17.98782,0x316,0.0,0.0,1.0,6.25,1.43,0.19,25.78125,25.78125,25.125,25.53125,1.2,0.0,0.0,0.0
17.99497,0x220,0.0,0.0,1.0,6.25,1.47,0.31,25.78125,25.78125,25.125,25.53125,1.2,0.0,0.0,0.0
17.99566,0x386,0.0,0.0,1.0,6.25,1.47,0.31,25.6875,25.84375,25.125,25.28125,1.2,0.0,0.0,0.0
17.99585,0x2B0,0.0,0.0,1.0,6.25,1.47,0.31,25.6875,25.84375,25.125,25.28125,1.2,0.0,0.0,0.0
17.99784,0x316,0.0,0.0,1.0,6.25,1.47,0.31,25.6875,25.84375,25.125,25.28125,1.2,0.0,0.0,0.0
18.00496,0x220,0.0,0.0,1.0,6.25,1.54,0.22,25.6875,25.84375,25.125,25.28125,1.2,0.0,0.0,0.0
18.00583,0x2B0,0.0,0.0,1.0,6.25,1.54,0.22,25.6875,25.84375,25.125,25.28125,1.2,0.0,0.0,0.0
18.00783,0x316,0.0,0.0,1.0,6.25,1.54,0.22,25.6875,25.84375,25.125,25.28125,1.2,0.0,0.0,0.0
18.01496,0x220,0.0,0.0,1.0,6.25,1.49,0.0,25.6875,25.84375,25.125,25.28125,1.2,0.0,0.0,0.0
18.01566,0x386,0.0,0.0,1.0,6.25,1.49,0.0,25.6875,25.75,25.0,25.4375,1.2,0.0,0.0,0.0
18.01584,0x2B0,0.0,0.0,1.0,6.25,1.49,0.0,25.6875,25.75,25.0,25.4375,1.2,0.0,0.0,0.0
18.01789,0x316,0.0,0.0,1.0,6.25,1.49,0.0,25.6875,25.75,25.0,25.4375,1.2,0.0,0.0,0.0
18.02496,0x220,0.0,0.0,1.0,6.25,1.35,-0.07,25.6875,25.75,25.0,25.4375,1.2,0.0,0.0,0.0
18.02592,0x2B0,0.0,0.0,1.0,6.25,1.35,-0.07,25.6875,25.75,25.0,25.4375,1.2,0.0,0.0,0.0
18.02781,0x316,0.0,0.0,1.0,6.25,1.35,-0.07,25.6875,25.75,25.0,25.4375,1.2,0.0,0.0,0.0
18.03496,0x220,0.0,0.0,1.0,6.25,1.2,0.04,25.6875,25.75,25.0,25.4375,1.2,0.0,0.0,0.0
18.03566,0x386,0.0,0.0,1.0,6.25,1.2,0.04,25.78125,25.8125,25.1875,25.59375,1.2,0.0,0.0,0.0
18.03584,0x2B0,0.0,0.0,1.0,6.25,1.2,0.04,25.78125,25.8125,25.1875,25.59375,1.2,0.0,0.0,0.0
18.03792,0x316,0.0,0.0,1.0,6.25,1.2,0.04,25.78125,25.8125,25.1875,25.59375,1.2,0.0,0.0,0.0
18.04496,0x220,0.0,0.0,1.0,6.25,1.22,0.19,25.78125,25.8125,25.1875,25.59375,1.2,0.0,0.0,0.0
18.04582,0x2B0,0.0,0.0,1.0,6.25,1.22,0.19,25.78125,25.8125,25.1875,25.59375,1.2,0.0,0.0,0.0
18.04866,0x316,0.0,0.0,1.0,6.25,1.22,0.19,25.78125,25.8125,25.1875,25.59375,1.2,0.0,0.0,0.0
18.05495,0x220,0.0,0.0,1.0,6.25,1.39,0.18,25.78125,25.8125,25.1875,25.59375,1.2,0.0,0.0,0.0
18.05565,0x386,0.0,0.0,1.0,6.25,1.39,0.18,25.65625,25.8125,25.375,25.375,1.2,0.0,0.0,0.0
18.05583,0x2B0,0.0,0.0,1.0,6.25,1.39,0.18,25.65625,25.8125,25.375,25.375,1.2,0.0,0.0,0.0
18.05792,0x316,0.0,0.0,1.0,6.25,1.39,0.18,25.65625,25.8125,25.375,25.375,1.2,0.0,0.0,0.0
18.06496,0x220,0.0,0.0,1.0,6.25,1.55,0.09,25.65625,25.8125,25.375,25.375,1.2,0.0,0.0,0.0
18.06583,0x2B0,0.0,0.0,1.0,6.25,1.55,0.09,25.65625,25.8125,25.375,25.375,1.3,0.0,0.0,0.0
18.06787,0x316,0.0,0.0,1.0,6.25,1.55,0.09,25.65625,25.8125,25.375,25.375,1.3,0.0,0.0,0.0
18.07496,0x220,0.0,0.0,1.0,6.25,1.64,0.05,25.65625,25.8125,25.375,25.375,1.3,0.0,0.0,0.0
18.07565,0x386,0.0,0.0,1.0,6.25,1.64,0.05,25.75,25.78125,25.15625,24.84375,1.3,0.0,0.0,0.0
18.07584,0x2B0,0.0,0.0,1.0,6.25,1.64,0.05,25.75,25.78125,25.15625,24.84375,1.3,0.0,0.0,0.0
18.07802,0x316,0.0,0.0,1.0,6.25,1.64,0.05,25.75,25.78125,25.15625,24.84375,1.3,0.0,0.0,0.0
18.08496,0x220,0.0,0.0,1.0,6.25,1.64,0.13,25.75,25.78125,25.15625,24.84375,1.3,0.0,0.0,0.0
18.08582,0x2B0,0.0,0.0,1.0,6.25,1.64,0.13,25.75,25.78125,25.15625,24.84375,1.3,0.0,0.0,0.0
18.08786,0x316,0.0,0.0,1.0,6.25,1.64,0.13,25.75,25.78125,25.15625,24.84375,1.3,0.0,0.0,0.0
18.09496,0x220,0.0,0.0,1.0,6.25,1.54,0.13,25.75,25.78125,25.15625,24.84375,1.3,0.0,0.0,0.0
18.09566,0x386,0.0,0.0,1.0,6.25,1.54,0.13,25.59375,25.875,25.125,25.5,1.3,0.0,0.0,0.0
18.09609,0x2B0,0.0,0.0,1.0,6.25,1.54,0.13,25.59375,25.875,25.125,25.5,1.3,0.0,0.0,0.0
18.09792,0x316,0.0,0.0,1.0,6.25,1.54,0.13,25.59375,25.875,25.125,25.5,1.3,0.0,0.0,0.0
18.10496,0x220,0.0,0.0,1.0,6.25,1.37,-0.03,25.59375,25.875,25.125,25.5,1.3,0.0,0.0,0.0
18.10583,0x2B0,0.0,0.0,1.0,6.25,1.37,-0.03,25.59375,25.875,25.125,25.5,1.5,8.0,0.0,0.0
18.10782,0x316,0.0,0.0,1.0,6.25,1.37,-0.03,25.59375,25.875,25.125,25.5,1.5,8.0,0.0,0.0
18.11495,0x220,0.0,0.0,1.0,6.25,1.24,-0.11,25.59375,25.875,25.125,25.5,1.5,8.0,0.0,0.0
18.11565,0x386,0.0,0.0,1.0,6.25,1.24,-0.11,25.875,25.71875,25.375,25.6875,1.5,8.0,0.0,0.0
18.11607,0x2B0,0.0,0.0,1.0,6.25,1.24,-0.11,25.875,25.71875,25.375,25.6875,1.5,8.0,0.0,0.0
18.11787,0x316,0.0,0.0,1.0,6.25,1.24,-0.11,25.875,25.71875,25.375,25.6875,1.5,8.0,0.0,0.0
18.12497,0x220,0.0,0.0,1.0,6.25,1.27,0.0,25.875,25.71875,25.375,25.6875,1.5,8.0,0.0,0.0
18.12597,0x2B0,0.0,0.0,1.0,6.25,1.27,0.0,25.875,25.71875,25.375,25.6875,1.7,8.0,0.0,0.0
18.12785,0x316,0.0,0.0,1.0,6.25,1.27,0.0,25.875,25.71875,25.375,25.6875,1.7,8.0,0.0,0.0
18.13496,0x220,0.0,0.0,1.0,6.25,1.47,0.17,25.875,25.71875,25.375,25.6875,1.7,8.0,0.0,0.0
18.13566,0x386,0.0,0.0,1.0,6.25,1.47,0.17,25.6875,25.71875,25.46875,25.5625,1.7,8.0,0.0,0.0
18.13584,0x2B0,0.0,0.0,1.0,6.25,1.47,0.17,25.6875,25.71875,25.46875,25.5625,1.7,8.0,0.0,0.0
18.13802,0x316,0.0,0.0,1.0,6.25,1.47,0.17,25.6875,25.71875,25.46875,25.5625,1.7,8.0,0.0,0.0
18.14496,0x220,0.0,0.0,1.0,6.25,1.67,0.14,25.6875,25.71875,25.46875,25.5625,1.7,8.0,0.0,0.0
18.14578,0x2B0,0.0,0.0,1.0,6.25,1.67,0.14,25.6875,25.71875,25.46875,25.5625,1.7,0.0,0.0,0.0
18.1486,0x316,0.0,0.0,1.0,6.25,1.67,0.14,25.6875,25.71875,25.46875,25.5625,1.7,0.0,0.0,0.0
18.15496,0x220,0.0,0.0,1.0,6.25,1.7,0.05,25.6875,25.71875,25.46875,25.5625,1.7,0.0,0.0,0.0
18.15565,0x386,0.0,0.0,1.0,6.25,1.7,0.05,25.875,25.75,25.375,25.1875,1.7,0.0,0.0,0.0
18.15608,0x2B0,0.0,0.0,1.0,6.25,1.7,0.05,25.875,25.75,25.375,25.1875,1.7,0.0,0.0,0.0
18.15786,0x316,0.0,0.0,1.0,6.25,1.7,0.05,25.875,25.75,25.375,25.1875,1.7,0.0,0.0,0.0
18.16497,0x220,0.0,0.0,1.0,6.25,1.59,0.11,25.875,25.75,25.375,25.1875,1.7,0.0,0.0,0.0
18.16578,0x2B0,0.0,0.0,1.0,6.25,1.59,0.11,25.875,25.75,25.375,25.1875,1.7,0.0,0.0,0.0
18.16792,0x316,0.0,0.0,1.0,6.25,1.59,0.11,25.875,25.75,25.375,25.1875,1.7,0.0,0.0,0.0
18.17496,0x220,0.0,0.0,1.0,6.25,1.51,0.26,25.875,25.75,25.375,25.1875,1.7,0.0,0.0,0.0
18.17567,0x386,0.0,0.0,1.0,6.25,1.51,0.26,25.8125,25.6875,25.15625,24.90625,1.7,0.0,0.0,0.0
18.17586,0x2B0,0.0,0.0,1.0,6.25,1.51,0.26,25.8125,25.6875,25.15625,24.90625,1.7,0.0,0.0,0.0
18.17811,0x316,0.0,0.0,1.0,6.25,1.51,0.26,25.8125,25.6875,25.15625,24.90625,1.7,0.0,0.0,0.0
18.18496,0x220,0.0,0.0,1.0,6.25,1.53,0.29,25.8125,25.6875,25.15625,24.90625,1.7,0.0,0.0,0.0
18.18576,0x2B0,0.0,0.0,1.0,6.25,1.53,0.29,25.8125,25.6875,25.15625,24.90625,1.7,0.0,0.0,0.0
18.18783,0x316,0.0,0.0,1.0,6.25,1.53,0.29,25.8125,25.6875,25.15625,24.90625,1.7,0.0,0.0,0.0
18.19497,0x220,0.0,0.0,1.0,6.25,1.58,0.0,25.8125,25.6875,25.15625,24.90625,1.7,0.0,0.0,0.0
18.19567,0x386,0.0,0.0,1.0,6.25,1.58,0.0,25.84375,25.84375,25.125,25.59375,1.7,0.0,0.0,0.0
18.19585,0x2B0,0.0,0.0,1.0,6.25,1.58,0.0,25.84375,25.84375,25.125,25.59375,1.7,0.0,0.0,0.0
18.19787,0x316,0.0,0.0,1.0,6.25,1.58,0.0,25.84375,25.84375,25.125,25.59375,1.7,0.0,0.0,0.0
18.20496,0x220,0.0,0.0,1.0,6.25,1.55,-0.42,25.84375,25.84375,25.125,25.59375,1.7,0.0,0.0,0.0
18.20576,0x2B0,0.0,0.0,1.0,6.25,1.55,-0.42,25.84375,25.84375,25.125,25.59375,1.7,0.0,0.0,0.0
18.20781,0x316,0.0,0.0,1.0,6.25,1.55,-0.42,25.84375,25.84375,25.125,25.59375,1.7,0.0,0.0,0.0
18.21496,0x220,0.0,0.0,1.0,6.25,1.42,-0.53,25.84375,25.84375,25.125,25.59375,1.7,0.0,0.0,0.0
18.21566,0x386,0.0,0.0,1.0,6.25,1.42,-0.53,25.8125,25.8125,25.3125,25.4375,1.7,0.0,0.0,0.0
18.21584,0x2B0,0.0,0.0,1.0,6.25,1.42,-0.53,25.8125,25.8125,25.3125,25.4375,1.7,0.0,0.0,0.0
18.218,0x316,0.0,0.0,1.0,6.25,1.42,-0.53,25.8125,25.8125,25.3125,25.4375,1.7,0.0,0.0,0.0
18.22496,0x220,0.0,0.0,1.0,6.25,1.35,-0.17,25.8125,25.8125,25.3125,25.4375,1.7,0.0,0.0,0.0
18.22578,0x2B0,0.0,0.0,1.0,6.25,1.35,-0.17,25.8125,25.8125,25.3125,25.4375,1.7,0.0,0.0,0.0
18.22781,0x316,0.0,0.0,1.0,6.25,1.35,-0.17,25.8125,25.8125,25.3125,25.4375,1.7,0.0,0.0,0.0
18.23497,0x220,0.0,0.0,1.0,6.25,1.41,0.17,25.8125,25.8125,25.3125,25.4375,1.7,0.0,0.0,0.0
18.23566,0x386,0.0,0.0,1.0,6.25,1.41,0.17,25.6875,25.9375,25.34375,25.28125,1.7,0.0,0.0,0.0
18.23585,0x2B0,0.0,0.0,1.0,6.25,1.41,0.17,25.6875,25.9375,25.34375,25.28125,1.7,0.0,0.0,0.0
18.23794,0x316,0.0,0.0,1.0,6.25,1.41,0.17,25.6875,25.9375,25.34375,25.28125,1.7,0.0,0.0,0.0
18.24497,0x220,0.0,0.0,1.0,6.25,1.62,0.17,25.6875,25.9375,25.34375,25.28125,1.7,0.0,0.0,0.0
18.24582,0x2B0,0.0,0.0,1.0,6.25,1.62,0.17,25.6875,25.9375,25.34375,25.28125,1.5,8.0,0.0,0.0
18.24863,0x316,0.0,0.0,1.0,6.25,1.62,0.17,25.6875,25.9375,25.34375,25.28125,1.5,8.0,0.0,0.0
18.25497,0x220,0.0,0.0,1.0,6.25,1.82,-0.03,25.6875,25.9375,25.34375,25.28125,1.5,8.0,0.0,0.0
18.25567,0x386,0.0,0.0,1.0,6.25,1.82,-0.03,25.78125,25.78125,25.15625,25.4375,1.5,8.0,0.0,0.0
18.25586,0x2B0,0.0,0.0,1.0,6.25,1.82,-0.03,25.78125,25.78125,25.15625,25.4375,1.5,8.0,0.0,0.0
18.25794,0x316,0.0,0.0,1.0,6.25,1.82,-0.03,25.78125,25.78125,25.15625,25.4375,1.5,8.0,0.0,0.0
18.26497,0x220,0.0,0.0,1.0,6.25,1.84,-0.17,25.78125,25.78125,25.15625,25.4375,1.5,8.0,0.0,0.0
18.26584,0x2B0,0.0,0.0,1.0,6.25,1.84,-0.17,25.78125,25.78125,25.15625,25.4375,1.4,0.0,0.0,0.0
18.26791,0x316,0.0,0.0,1.0,6.25,1.84,-0.17,25.78125,25.78125,25.15625,25.4375,1.4,0.0,0.0,0.0
18.27497,0x220,0.0,0.0,1.0,6.25,1.73,-0.19,25.78125,25.78125,25.15625,25.4375,1.4,0.0,0.0,0.0
18.27567,0x386,0.0,0.0,1.0,6.25,1.73,-0.19,25.6875,25.78125,25.46875,25.375,1.4,0.0,0.0,0.0
18.27586,0x2B0,0.0,0.0,1.0,6.25,1.73,-0.19,25.6875,25.78125,25.46875,25.375,1.4,0.0,0.0,0.0
18.27803,0x316,0.0,0.0,1.0,6.25,1.73,-0.19,25.6875,25.78125,25.46875,25.375,1.4,0.0,0.0,0.0
18.28496,0x220,0.0,0.0,1.0,6.25,1.48,-0.27,25.6875,25.78125,25.46875,25.375,1.4,0.0,0.0,0.0
18.28584,0x2B0,0.0,0.0,1.0,6.25,1.48,-0.27,25.6875,25.78125,25.46875,25.375,1.4,0.0,0.0,0.0
18.28783,0x316,0.0,0.0,1.0,6.25,1.48,-0.27,25.6875,25.78125,25.46875,25.375,1.4,0.0,0.0,0.0
18.29497,0x220,0.0,0.0,1.0,6.25,1.13,-0.45,25.6875,25.78125,25.46875,25.375,1.4,0.0,0.0,0.0
18.29567,0x386,0.0,0.0,1.0,6.25,1.13,-0.45,25.6875,25.8125,25.59375,25.4375,1.4,0.0,0.0,0.0
18.29586,0x2B0,0.0,0.0,1.0,6.25,1.13,-0.45,25.6875,25.8125,25.59375,25.4375,1.2,8.0,0.0,0.0
18.29794,0x316,0.0,0.0,1.0,6.25,1.13,-0.45,25.6875,25.8125,25.59375,25.4375,1.2,8.0,0.0,0.0
18.30496,0x220,0.0,0.0,1.0,6.25,0.83,-0.49,25.6875,25.8125,25.59375,25.4375,1.2,8.0,0.0,0.0
18.30584,0x2B0,0.0,0.0,1.0,6.25,0.83,-0.49,25.6875,25.8125,25.59375,25.4375,1.2,8.0,0.0,0.0
18.30783,0x316,0.0,0.0,1.0,6.25,0.83,-0.49,25.6875,25.8125,25.59375,25.4375,1.2,8.0,0.0,0.0
18.31496,0x220,0.0,0.0,1.0,6.25,0.72,-0.23,25.6875,25.8125,25.59375,25.4375,1.2,8.0,0.0,0.0
18.31566,0x386,0.0,0.0,1.0,6.25,0.72,-0.23,25.6875,25.90625,25.53125,25.53125,1.2,8.0,0.0,0.0
18.31585,0x2B0,0.0,0.0,1.0,6.25,0.72,-0.23,25.6875,25.90625,25.53125,25.53125,1.1,0.0,0.0,0.0
18.31787,0x316,0.0,0.0,1.0,6.25,0.72,-0.23,25.6875,25.90625,25.53125,25.53125,1.1,0.0,0.0,0.0
18.32497,0x220,0.0,0.0,1.0,6.25,0.88,0.07,25.6875,25.90625,25.53125,25.53125,1.1,0.0,0.0,0.0
18.32585,0x2B0,0.0,0.0,1.0,6.25,0.88,0.07,25.6875,25.90625,25.53125,25.53125,1.1,0.0,0.0,0.0
18.32783,0x316,0.0,0.0,1.0,6.25,0.88,0.07,25.6875,25.90625,25.53125,25.53125,1.1,0.0,0.0,0.0
18.33496,0x220,0.0,0.0,1.0,6.25,1.24,0.12,25.6875,25.90625,25.53125,25.53125,1.1,0.0,0.0,0.0
18.33567,0x386,0.0,0.0,1.0,6.25,1.24,0.12,25.65625,25.75,25.34375,25.5,1.1,0.0,0.0,0.0
18.33609,0x2B0,0.0,0.0,1.0,6.25,1.24,0.12,25.65625,25.75,25.34375,25.5,1.1,0.0,0.0,0.0
18.33804,0x316,0.0,0.0,1.0,6.25,1.24,0.12,25.65625,25.75,25.34375,25.5,1.1,0.0,0.0,0.0
18.34497,0x220,0.0,0.0,1.0,6.25,1.53,0.0,25.65625,25.75,25.34375,25.5,1.1,0.0,0.0,0.0
18.34583,0x2B0,0.0,0.0,1.0,6.25,1.53,0.0,25.65625,25.75,25.34375,25.5,0.9,8.0,0.0,0.0
18.3486,0x316,0.0,0.0,1.0,6.25,1.53,0.0,25.65625,25.75,25.34375,25.5,0.9,8.0,0.0,0.0
18.35496,0x220,0.0,0.0,1.0,6.25,1.62,0.0,25.65625,25.75,25.34375,25.5,0.9,8.0,0.0,0.0
18.35566,0x386,0.0,0.0,1.0,6.25,1.62,0.0,25.8125,25.84375,25.21875,25.28125,0.9,8.0,0.0,0.0
18.35585,0x2B0,0.0,0.0,1.0,6.25,1.62,0.0,25.8125,25.84375,25.21875,25.28125,0.9,8.0,0.0,0.0
18.35785,0x316,0.0,0.0,1.0,6.25,1.62,0.0,25.8125,25.84375,25.21875,25.28125,0.9,8.0,0.0,0.0
18.36496,0x220,0.0,0.0,1.0,6.25,1.52,0.14,25.8125,25.84375,25.21875,25.28125,0.9,8.0,0.0,0.0
18.36586,0x2B0,0.0,0.0,1.0,6.25,1.52,0.14,25.8125,25.84375,25.21875,25.28125,0.9,0.0,0.0,0.0
18.3679,0x316,0.0,0.0,1.0,6.25,1.52,0.14,25.8125,25.84375,25.21875,25.28125,0.9,0.0,0.0,0.0
18.37497,0x220,0.0,0.0,1.0,6.25,1.23,0.14,25.8125,25.84375,25.21875,25.28125,0.9,0.0,0.0,0.0
18.37567,0x386,0.0,0.0,1.0,6.25,1.23,0.14,25.84375,25.78125,25.15625,25.0625,0.9,0.0,0.0,0.0
18.37585,0x2B0,0.0,0.0,1.0,6.25,1.23,0.14,25.84375,25.78125,25.15625,25.0625,0.9,0.0,0.0,0.0
18.3781,0x316,0.0,0.0,1.0,6.25,1.23,0.14,25.84375,25.78125,25.15625,25.0625,0.9,0.0,0.0,0.0
18.38497,0x220,0.0,0.0,1.0,6.25,0.84,0.08,25.84375,25.78125,25.15625,25.0625,0.9,0.0,0.0,0.0
18.38581,0x2B0,0.0,0.0,1.0,6.25,0.84,0.08,25.84375,25.78125,25.15625,25.0625,0.9,0.0,0.0,0.0
18.38787,0x316,0.0,0.0,1.0,6.25,0.84,0.08,25.84375,25.78125,25.15625,25.0625,0.9,0.0,0.0,0.0
18.39497,0x220,0.0,0.0,1.0,6.25,0.48,0.13,25.84375,25.78125,25.15625,25.0625,0.9,0.0,0.0,0.0
18.39567,0x386,0.0,0.0,1.0,6.25,0.48,0.13,25.84375,25.78125,24.9375,25.34375,0.9,0.0,0.0,0.0
18.39586,0x2B0,0.0,0.0,1.0,6.25,0.48,0.13,25.84375,25.78125,24.9375,25.34375,0.8,0.0,0.0,0.0
18.39786,0x316,0.0,0.0,1.0,6.25,0.48,0.13,25.84375,25.78125,24.9375,25.34375,0.8,0.0,0.0,0.0
18.40498,0x220,0.0,0.0,1.0,6.25,0.42,0.32,25.84375,25.78125,24.9375,25.34375,0.8,0.0,0.0,0.0
18.40577,0x2B0,0.0,0.0,1.0,6.25,0.42,0.32,25.84375,25.78125,24.9375,25.34375,0.8,0.0,0.0,0.0
18.40781,0x316,0.0,0.0,1.0,6.25,0.42,0.32,25.84375,25.78125,24.9375,25.34375,0.8,0.0,0.0,0.0
18.41496,0x220,0.0,0.0,1.0,6.25,0.73,0.42,25.84375,25.78125,24.9375,25.34375,0.8,0.0,0.0,0.0
18.41566,0x386,0.0,0.0,1.0,6.25,0.73,0.42,25.84375,25.78125,25.34375,25.21875,0.8,0.0,0.0,0.0
18.41585,0x2B0,0.0,0.0,1.0,6.25,0.73,0.42,25.84375,25.78125,25.34375,25.21875,0.8,0.0,0.0,0.0
18.41787,0x316,0.0,0.0,1.0,6.25,0.73,0.42,25.84375,25.78125,25.34375,25.21875,0.8,0.0,0.0,0.0
18.42497,0x220,0.0,0.0,1.0,6.25,1.22,0.33,25.84375,25.78125,25.34375,25.21875,0.8,0.0,0.0,0.0
18.42584,0x2B0,0.0,0.0,1.0,6.25,1.22,0.33,25.84375,25.78125,25.34375,25.21875,0.8,0.0,0.0,0.0
18.42785,0x316,0.0,0.0,1.0,6.25,1.22,0.33,25.84375,25.78125,25.34375,25.21875,0.8,0.0,0.0,0.0
18.43496,0x220,0.0,0.0,1.0,6.25,1.59,0.23,25.84375,25.78125,25.34375,25.21875,0.8,0.0,0.0,0.0
18.43567,0x386,0.0,0.0,1.0,6.25,1.59,0.23,25.78125,25.625,25.40625,25.28125,0.8,0.0,0.0,0.0
18.43585,0x2B0,0.0,0.0,1.0,6.25,1.59,0.23,25.78125,25.625,25.40625,25.28125,0.9,0.0,0.0,0.0
18.43791,0x316,0.0,0.0,1.0,6.25,1.59,0.23,25.78125,25.625,25.40625,25.28125,0.9,0.0,0.0,0.0
18.44497,0x220,0.0,0.0,1.0,6.25,1.66,0.37,25.78125,25.625,25.40625,25.28125,0.9,0.0,0.0,0.0
18.44578,0x2B0,0.0,0.0,1.0,6.25,1.66,0.37,25.78125,25.625,25.40625,25.28125,0.9,0.0,0.0,0.0
18.44863,0x316,0.0,0.0,1.0,6.25,1.66,0.37,25.78125,25.625,25.40625,25.28125,0.9,0.0,0.0,0.0
18.45498,0x220,0.0,0.0,1.0,6.25,1.57,0.56,25.78125,25.625,25.40625,25.28125,0.9,0.0,0.0,0.0
18.45568,0x386,0.0,0.0,1.0,6.25,1.57,0.56,25.75,25.6875,24.9375,25.53125,0.9,0.0,0.0,0.0
18.45587,0x2B0,0.0,0.0,1.0,6.25,1.57,0.56,25.75,25.6875,24.9375,25.53125,0.9,0.0,0.0,0.0
18.45793,0x316,0.0,0.0,1.0,6.25,1.57,0.56,25.75,25.6875,24.9375,25.53125,0.9,0.0,0.0,0.0
18.46497,0x220,0.0,0.0,1.0,6.25,1.43,0.51,25.75,25.6875,24.9375,25.53125,0.9,0.0,0.0,0.0
18.4658,0x2B0,0.0,0.0,1.0,6.25,1.43,0.51,25.75,25.6875,24.9375,25.53125,1.0,0.0,0.0,0.0
18.46793,0x316,0.0,0.0,1.0,6.25,1.43,0.51,25.75,25.6875,24.9375,25.53125,1.0,0.0,0.0,0.0
18.47498,0x220,0.0,0.0,1.0,6.25,1.31,0.17,25.75,25.6875,24.9375,25.53125,1.0,0.0,0.0,0.0
18.47568,0x386,0.0,0.0,1.0,6.25,1.31,0.17,25.71875,25.75,25.1875,25.4375,1.0,0.0,0.0,0.0
18.47587,0x2B0,0.0,0.0,1.0,6.25,1.31,0.17,25.71875,25.75,25.1875,25.4375,1.0,0.0,0.0,0.0
18.47802,0x316,0.0,0.0,1.0,6.25,1.31,0.17,25.71875,25.75,25.1875,25.4375,1.0,0.0,0.0,0.0
18.48498,0x220,0.0,0.0,1.0,6.25,1.27,-0.05,25.71875,25.75,25.1875,25.4375,1.0,0.0,0.0,0.0
18.48585,0x2B0,0.0,0.0,1.0,6.25,1.27,-0.05,25.71875,25.75,25.1875,25.4375,1.0,0.0,0.0,0.0
18.48783,0x316,0.0,0.0,1.0,6.25,1.27,-0.05,25.71875,25.75,25.1875,25.4375,1.0,0.0,0.0,0.0
18.49498,0x220,0.0,0.0,1.0,6.25,1.37,-0.03,25.71875,25.75,25.1875,25.4375,1.0,0.0,0.0,0.0
18.49568,0x386,0.0,0.0,1.0,6.25,1.37,-0.03,25.71875,25.78125,25.09375,25.34375,1.0,0.0,0.0,0.0
18.49587,0x2B0,0.0,0.0,1.0,6.25,1.37,-0.03,25.71875,25.78125,25.09375,25.34375,1.2,8.0,0.0,0.0
18.4979,0x316,0.0,0.0,1.0,6.25,1.37,-0.03,25.71875,25.78125,25.09375,25.34375,1.2,8.0,0.0,0.0
18.50497,0x220,0.0,0.0,1.0,6.25,1.54,0.16,25.71875,25.78125,25.09375,25.34375,1.2,8.0,0.0,0.0
18.50579,0x2B0,0.0,0.0,1.0,6.25,1.54,0.16,25.71875,25.78125,25.09375,25.34375,1.2,8.0,0.0,0.0
18.50785,0x316,0.0,0.0,1.0,6.25,1.54,0.16,25.71875,25.78125,25.09375,25.34375,1.2,8.0,0.0,0.0
18.51497,0x220,0.0,0.0,1.0,6.25,1.63,0.35,25.71875,25.78125,25.09375,25.34375,1.2,8.0,0.0,0.0
18.51567,0x386,0.0,0.0,1.0,6.25,1.63,0.35,25.625,25.71875,25.0,25.3125,1.2,8.0,0.0,0.0
18.51609,0x2B0,0.0,0.0,1.0,6.25,1.63,0.35,25.625,25.71875,25.0,25.3125,1.2,0.0,0.0,0.0
18.51786,0x316,0.0,0.0,1.0,6.25,1.63,0.35,25.625,25.71875,25.0,25.3125,1.2,0.0,0.0,0.0
18.52497,0x220,0.0,0.0,1.0,6.25,1.55,0.34,25.625,25.71875,25.0,25.3125,1.2,0.0,0.0,0.0
18.52585,0x2B0,0.0,0.0,1.0,6.25,1.55,0.34,25.625,25.71875,25.0,25.3125,1.2,0.0,0.0,0.0
18.52783,0x316,0.0,0.0,1.0,6.25,1.55,0.34,25.625,25.71875,25.0,25.3125,1.2,0.0,0.0,0.0
18.53497,0x220,0.0,0.0,1.0,6.25,1.49,0.19,25.625,25.71875,25.0,25.3125,1.2,0.0,0.0,0.0
18.53568,0x386,0.0,0.0,1.0,6.25,1.49,0.19,25.65625,25.71875,25.09375,25.40625,1.2,0.0,0.0,0.0
18.53586,0x2B0,0.0,0.0,1.0,6.25,1.49,0.19,25.65625,25.71875,25.09375,25.40625,1.3,0.0,0.0,0.0
18.53799,0x316,0.0,0.0,1.0,6.25,1.49,0.19,25.65625,25.71875,25.09375,25.40625,1.3,0.0,0.0,0.0
18.54497,0x220,0.0,0.0,1.0,6.25,1.53,0.0,25.65625,25.71875,25.09375,25.40625,1.3,0.0,0.0,0.0
18.54577,0x2B0,0.0,0.0,1.0,6.25,1.53,0.0,25.65625,25.71875,25.09375,25.40625,1.3,0.0,0.0,0.0
18.54872,0x316,0.0,0.0,1.0,6.25,1.53,0.0,25.65625,25.71875,25.09375,25.40625,1.3,0.0,0.0,0.0
18.55497,0x220,0.0,0.0,1.0,6.25,1.61,-0.16,25.65625,25.71875,25.09375,25.40625,1.3,0.0,0.0,0.0
18.55567,0x386,0.0,0.0,1.0,6.25,1.61,-0.16,25.5625,25.84375,25.28125,25.28125,1.3,0.0,0.0,0.0
18.55586,0x2B0,0.0,0.0,1.0,6.25,1.61,-0.16,25.5625,25.84375,25.28125,25.28125,1.3,0.0,0.0,0.0
18.55785,0x316,0.0,0.0,1.0,6.25,1.61,-0.16,25.5625,25.84375,25.28125,25.28125,1.3,0.0,0.0,0.0
18.56497,0x220,0.0,0.0,1.0,6.25,1.65,-0.18,25.5625,25.84375,25.28125,25.28125,1.3,0.0,0.0,0.0
18.56579,0x2B0,0.0,0.0,1.0,6.25,1.65,-0.18,25.5625,25.84375,25.28125,25.28125,1.3,0.0,0.0,0.0
18.56789,0x316,0.0,0.0,1.0,6.25,1.65,-0.18,25.5625,25.84375,25.28125,25.28125,1.3,0.0,0.0,0.0
18.57497,0x220,0.0,0.0,1.0,6.25,1.67,-0.07,25.5625,25.84375,25.28125,25.28125,1.3,0.0,0.0,0.0
18.57567,0x386,0.0,0.0,1.0,6.25,1.67,-0.07,25.59375,25.6875,25.15625,25.40625,1.3,0.0,0.0,0.0
18.57586,0x2B0,0.0,0.0,1.0,6.25,1.67,-0.07,25.59375,25.6875,25.15625,25.40625,1.3,0.0,0.0,0.0
18.57809,0x316,0.0,0.0,1.0,6.25,1.67,-0.07,25.59375,25.6875,25.15625,25.40625,1.3,0.0,0.0,0.0
18.58497,0x220,0.0,0.0,1.0,6.25,1.62,0.02,25.59375,25.6875,25.15625,25.40625,1.3,0.0,0.0,0.0
18.58584,0x2B0,0.0,0.0,1.0,6.25,1.62,0.02,25.59375,25.6875,25.15625,25.40625,1.3,0.0,0.0,0.0
18.58784,0x316,0.0,0.0,1.0,6.25,1.62,0.02,25.59375,25.6875,25.15625,25.40625,1.3,0.0,0.0,0.0
18.59498,0x220,0.0,0.0,1.0,6.25,1.55,0.03,25.59375,25.6875,25.15625,25.40625,1.3,0.0,0.0,0.0
18.59568,0x386,0.0,0.0,1.0,6.25,1.55,0.03,25.5625,25.625,25.25,25.28125,1.3,0.0,0.0,0.0
18.59587,0x2B0,0.0,0.0,1.0,6.25,1.55,0.03,25.5625,25.625,25.25,25.28125,1.3,0.0,0.0,0.0
18.59785,0x316,0.0,0.0,1.0,6.25,1.55,0.03,25.5625,25.625,25.25,25.28125,1.3,0.0,0.0,0.0
18.60498,0x220,0.0,0.0,1.0,6.25,1.52,-0.02,25.5625,25.625,25.25,25.28125,1.3,0.0,0.0,0.0
18.60577,0x2B0,0.0,0.0,1.0,6.25,1.52,-0.02,25.5625,25.625,25.25,25.28125,1.3,0.0,0.0,0.0
18.6078,0x316,0.0,0.0,1.0,6.25,1.52,-0.02,25.5625,25.625,25.25,25.28125,1.3,0.0,0.0,0.0
18.61498,0x220,0.0,0.0,1.0,6.25,1.53,-0.07,25.5625,25.625,25.25,25.28125,1.3,0.0,0.0,0.0
18.61568,0x386,0.0,0.0,1.0,6.25,1.53,-0.07,25.59375,25.65625,25.28125,25.3125,1.3,0.0,0.0,0.0
18.61587,0x2B0,0.0,0.0,1.0,6.25,1.53,-0.07,25.59375,25.65625,25.28125,25.3125,1.4,0.0,0.0,0.0
18.61792,0x316,0.0,0.0,1.0,6.25,1.53,-0.07,25.59375,25.65625,25.28125,25.3125,1.4,0.0,0.0,0.0
18.62497,0x220,0.0,0.0,1.0,6.25,1.57,-0.05,25.59375,25.65625,25.28125,25.3125,1.4,0.0,0.0,0.0
18.62585,0x2B0,0.0,0.0,1.0,6.25,1.57,-0.05,25.59375,25.65625,25.28125,25.3125,1.4,0.0,0.0,0.0
18.62782,0x316,0.0,0.0,1.0,6.25,1.57,-0.05,25.59375,25.65625,25.28125,25.3125,1.4,0.0,0.0,0.0
18.63498,0x220,0.0,0.0,1.0,6.25,1.6,0.0,25.59375,25.65625,25.28125,25.3125,1.4,0.0,0.0,0.0
18.63568,0x386,0.0,0.0,1.0,6.25,1.6,0.0,25.65625,25.625,25.25,25.34375,1.4,0.0,0.0,0.0
18.63586,0x2B0,0.0,0.0,1.0,6.25,1.6,0.0,25.65625,25.625,25.25,25.34375,1.4,0.0,0.0,0.0
18.63793,0x316,0.0,0.0,1.0,6.25,1.6,0.0,25.65625,25.625,25.25,25.34375,1.4,0.0,0.0,0.0
18.64498,0x220,0.0,0.0,1.0,6.25,1.59,0.0,25.65625,25.625,25.25,25.34375,1.4,0.0,0.0,0.0
18.64582,0x2B0,0.0,0.0,1.0,6.25,1.59,0.0,25.65625,25.625,25.25,25.34375,1.4,0.0,0.0,0.0
18.64868,0x316,0.0,0.0,1.0,6.25,1.59,0.0,25.65625,25.625,25.25,25.34375,1.4,0.0,0.0,0.0
18.65497,0x220,0.0,0.0,1.0,6.25,1.59,-0.02,25.65625,25.625,25.25,25.34375,1.4,0.0,0.0,0.0
18.65568,0x386,0.0,0.0,1.0,6.25,1.59,-0.02,25.71875,25.625,25.3125,25.5,1.4,0.0,0.0,0.0
18.65586,0x2B0,0.0,0.0,1.0,6.25,1.59,-0.02,25.71875,25.625,25.3125,25.5,1.4,0.0,0.0,0.0
18.65788,0x316,0.0,0.0,1.0,6.25,1.59,-0.02,25.71875,25.625,25.3125,25.5,1.4,0.0,0.0,0.0
18.66498,0x220,0.0,0.0,1.0,6.25,1.6,-0.07,25.71875,25.625,25.3125,25.5,1.4,0.0,0.0,0.0
18.6658,0x2B0,0.0,0.0,1.0,6.25,1.6,-0.07,25.71875,25.625,25.3125,25.5,1.3,0.0,0.0,0.0
18.6679,0x316,0.0,0.0,1.0,6.25,1.6,-0.07,25.71875,25.625,25.3125,25.5,1.3,0.0,0.0,0.0
18.67497,0x220,0.0,0.0,1.0,6.25,1.63,-0.08,25.71875,25.625,25.3125,25.5,1.3,0.0,0.0,0.0
18.67568,0x386,0.0,0.0,1.0,6.25,1.63,-0.08,25.75,25.65625,25.21875,25.59375,1.3,0.0,0.0,0.0
18.67586,0x2B0,0.0,0.0,1.0,6.25,1.63,-0.08,25.75,25.65625,25.21875,25.59375,1.3,0.0,0.0,0.0
18.67803,0x316,0.0,0.0,1.0,6.25,1.63,-0.08,25.75,25.65625,25.21875,25.59375,1.3,0.0,0.0,0.0
18.68498,0x220,0.0,0.0,1.0,6.25,1.7,-0.01,25.75,25.65625,25.21875,25.59375,1.3,0.0,0.0,0.0
18.68583,0x2B0,0.0,0.0,1.0,6.25,1.7,-0.01,25.75,25.65625,25.21875,25.59375,1.3,0.0,0.0,0.0
18.68783,0x316,0.0,0.0,1.0,6.25,1.7,-0.01,25.75,25.65625,25.21875,25.59375,1.3,0.0,0.0,0.0
18.69498,0x220,0.0,0.0,1.0,6.25,1.72,0.06,25.75,25.65625,25.21875,25.59375,1.3,0.0,0.0,0.0
18.69569,0x386,0.0,0.0,1.0,6.25,1.72,0.06,25.75,25.71875,25.15625,25.34375,1.3,0.0,0.0,0.0
18.69587,0x2B0,0.0,0.0,1.0,6.25,1.72,0.06,25.75,25.71875,25.15625,25.34375,1.3,0.0,0.0,0.0
18.69788,0x316,0.0,0.0,1.0,6.25,1.72,0.06,25.75,25.71875,25.15625,25.34375,1.3,0.0,0.0,0.0
18.70498,0x220,0.0,0.0,1.0,6.25,1.74,0.11,25.75,25.71875,25.15625,25.34375,1.3,0.0,0.0,0.0
18.70583,0x2B0,0.0,0.0,1.0,6.25,1.74,0.11,25.75,25.71875,25.15625,25.34375,1.3,0.0,0.0,0.0
18.70783,0x316,0.0,0.0,1.0,6.25,1.74,0.11,25.75,25.71875,25.15625,25.34375,1.3,0.0,0.0,0.0
18.71497,0x220,0.0,0.0,1.0,6.25,1.79,0.08,25.75,25.71875,25.15625,25.34375,1.3,0.0,0.0,0.0
18.71566,0x386,0.0,0.0,1.0,6.25,1.79,0.08,25.78125,25.75,25.03125,24.96875,1.3,0.0,0.0,0.0
18.71585,0x2B0,0.0,0.0,1.0,6.25,1.79,0.08,25.78125,25.75,25.03125,24.96875,1.3,0.0,0.0,0.0
18.71785,0x316,0.0,0.0,1.0,6.25,1.79,0.08,25.78125,25.75,25.03125,24.96875,1.3,0.0,0.0,0.0
18.72499,0x220,0.0,0.0,1.0,6.25,1.81,-0.01,25.78125,25.75,25.03125,24.96875,1.3,0.0,0.0,0.0
18.72582,0x2B0,0.0,0.0,1.0,6.25,1.81,-0.01,25.78125,25.75,25.03125,24.96875,1.3,0.0,0.0,0.0
18.72783,0x316,0.0,0.0,1.0,6.25,1.81,-0.01,25.78125,25.75,25.03125,24.96875,1.3,0.0,0.0,0.0
18.73497,0x220,0.0,0.0,1.0,6.25,1.83,-0.17,25.78125,25.75,25.03125,24.96875,1.3,0.0,0.0,0.0
18.73567,0x386,0.0,0.0,1.0,6.25,1.83,-0.17,25.71875,25.78125,24.84375,24.9375,1.3,0.0,0.0,0.0
18.73586,0x2B0,0.0,0.0,1.0,6.25,1.83,-0.17,25.71875,25.78125,24.84375,24.9375,1.3,0.0,0.0,0.0
18.73793,0x316,0.0,0.0,1.0,6.25,1.83,-0.17,25.71875,25.78125,24.84375,24.9375,1.3,0.0,0.0,0.0
18.74497,0x220,0.0,0.0,1.0,6.25,1.83,-0.27,25.71875,25.78125,24.84375,24.9375,1.3,0.0,0.0,0.0
18.74582,0x2B0,0.0,0.0,1.0,6.25,1.83,-0.27,25.71875,25.78125,24.84375,24.9375,1.2,0.0,0.0,0.0
18.74873,0x316,0.0,0.0,1.0,6.25,1.83,-0.27,25.71875,25.78125,24.84375,24.9375,1.2,0.0,0.0,0.0
18.75497,0x220,0.0,0.0,1.0,6.25,1.79,-0.25,25.71875,25.78125,24.84375,24.9375,1.2,0.0,0.0,0.0
18.75568,0x386,0.0,0.0,1.0,6.25,1.79,-0.25,25.71875,25.78125,24.9375,25.4375,1.2,0.0,0.0,0.0
18.75587,0x2B0,0.0,0.0,1.0,6.25,1.79,-0.25,25.71875,25.78125,24.9375,25.4375,1.2,0.0,0.0,0.0
18.75786,0x316,0.0,0.0,1.0,6.25,1.79,-0.25,25.71875,25.78125,24.9375,25.4375,1.2,0.0,0.0,0.0
18.76498,0x220,0.0,0.0,1.0,6.25,1.7,-0.15,25.71875,25.78125,24.9375,25.4375,1.2,0.0,0.0,0.0
18.76582,0x2B0,0.0,0.0,1.0,6.25,1.7,-0.15,25.71875,25.78125,24.9375,25.4375,1.2,0.0,0.0,0.0
18.76792,0x316,0.0,0.0,1.0,6.25,1.7,-0.15,25.71875,25.78125,24.9375,25.4375,1.2,0.0,0.0,0.0
18.77498,0x220,0.0,0.0,1.0,6.25,1.58,-0.08,25.71875,25.78125,24.9375,25.4375,1.2,0.0,0.0,0.0
18.77567,0x386,0.0,0.0,1.0,6.25,1.58,-0.08,25.6875,25.78125,25.28125,25.4375,1.2,0.0,0.0,0.0
18.77586,0x2B0,0.0,0.0,1.0,6.25,1.58,-0.08,25.6875,25.78125,25.28125,25.4375,1.2,0.0,0.0,0.0
18.77804,0x316,0.0,0.0,1.0,6.25,1.58,-0.08,25.6875,25.78125,25.28125,25.4375,1.2,0.0,0.0,0.0
18.78498,0x220,0.0,0.0,1.0,6.25,1.49,-0.05,25.6875,25.78125,25.28125,25.4375,1.2,0.0,0.0,0.0
18.78583,0x2B0,0.0,0.0,1.0,6.25,1.49,-0.05,25.6875,25.78125,25.28125,25.4375,1.0,8.0,0.0,0.0
18.78793,0x316,0.0,0.0,1.0,6.25,1.49,-0.05,25.6875,25.78125,25.28125,25.4375,1.0,8.0,0.0,0.0
18.79522,0x220,0.0,0.0,1.0,6.25,1.44,-0.03,25.6875,25.78125,25.28125,25.4375,1.0,8.0,0.0,0.0
18.79568,0x386,0.0,0.0,1.0,6.25,1.44,-0.03,25.59375,25.6875,25.28125,25.28125,1.0,8.0,0.0,0.0
18.79586,0x2B0,0.0,0.0,1.0,6.25,1.44,-0.03,25.59375,25.6875,25.28125,25.28125,1.0,8.0,0.0,0.0
18.79789,0x316,0.0,0.0,1.0,6.25,1.44,-0.03,25.59375,25.6875,25.28125,25.28125,1.0,8.0,0.0,0.0
18.80498,0x220,0.0,0.0,1.0,6.25,1.48,0.0,25.59375,25.6875,25.28125,25.28125,1.0,8.0,0.0,0.0
18.80577,0x2B0,0.0,0.0,1.0,6.25,1.48,0.0,25.59375,25.6875,25.28125,25.28125,1.0,0.0,0.0,0.0
18.80782,0x316,0.0,0.0,1.0,6.25,1.48,0.0,25.59375,25.6875,25.28125,25.28125,1.0,0.0,0.0,0.0
18.81498,0x220,0.0,0.0,1.0,6.25,1.53,0.03,25.59375,25.6875,25.28125,25.28125,1.0,0.0,0.0,0.0
18.81569,0x386,0.0,0.0,1.0,6.25,1.53,0.03,25.625,25.75,25.0625,25.3125,1.0,0.0,0.0,0.0
18.81587,0x2B0,0.0,0.0,1.0,6.25,1.53,0.03,25.625,25.75,25.0625,25.3125,1.0,0.0,0.0,0.0
18.81786,0x316,0.0,0.0,1.0,6.25,1.53,0.03,25.625,25.75,25.0625,25.3125,1.0,0.0,0.0,0.0
18.82498,0x220,0.0,0.0,1.0,6.25,1.48,0.09,25.625,25.75,25.0625,25.3125,1.0,0.0,0.0,0.0
18.82583,0x2B0,0.0,0.0,1.0,6.25,1.48,0.09,25.625,25.75,25.0625,25.3125,1.0,0.0,0.0,0.0
18.82786,0x316,0.0,0.0,1.0,6.25,1.48,0.09,25.625,25.75,25.0625,25.3125,1.0,0.0,0.0,0.0
18.83498,0x220,0.0,0.0,1.0,6.25,1.35,0.09,25.625,25.75,25.0625,25.3125,1.0,0.0,0.0,0.0
18.83568,0x386,0.0,0.0,1.0,6.25,1.35,0.09,25.625,25.65625,25.28125,25.34375,1.0,0.0,0.0,0.0
18.83586,0x2B0,0.0,0.0,1.0,6.25,1.35,0.09,25.625,25.65625,25.28125,25.34375,1.0,0.0,0.0,0.0
18.83795,0x316,0.0,0.0,1.0,6.25,1.35,0.09,25.625,25.65625,25.28125,25.34375,1.0,0.0,0.0,0.0
18.84498,0x220,0.0,0.0,1.0,6.25,1.16,0.06,25.625,25.65625,25.28125,25.34375,1.0,0.0,0.0,0.0
18.84585,0x2B0,0.0,0.0,1.0,6.25,1.16,0.06,25.625,25.65625,25.28125,25.34375,1.0,0.0,0.0,0.0
18.84875,0x316,0.0,0.0,1.0,6.25,1.16,0.06,25.625,25.65625,25.28125,25.34375,1.0,0.0,0.0,0.0
18.85498,0x220,0.0,0.0,1.0,6.25,0.98,0.04,25.625,25.65625,25.28125,25.34375,1.0,0.0,0.0,0.0
18.85568,0x386,0.0,0.0,1.0,6.25,0.98,0.04,25.625,25.78125,25.25,25.4375,1.0,0.0,0.0,0.0
18.85587,0x2B0,0.0,0.0,1.0,6.25,0.98,0.04,25.625,25.78125,25.25,25.4375,1.0,0.0,0.0,0.0
18.85792,0x316,0.0,0.0,1.0,6.25,0.98,0.04,25.625,25.78125,25.25,25.4375,1.0,0.0,0.0,0.0
18.86497,0x220,0.0,0.0,1.0,6.25,0.91,0.02,25.625,25.78125,25.25,25.4375,1.0,0.0,0.0,0.0
18.86578,0x2B0,0.0,0.0,1.0,6.25,0.91,0.02,25.625,25.78125,25.25,25.4375,1.0,0.0,0.0,0.0
18.86796,0x316,0.0,0.0,1.0,6.25,0.91,0.02,25.625,25.78125,25.25,25.4375,1.0,0.0,0.0,0.0
18.87497,0x220,0.0,0.0,1.0,6.25,0.95,0.05,25.625,25.78125,25.25,25.4375,1.0,0.0,0.0,0.0
18.87567,0x386,0.0,0.0,1.0,6.25,0.95,0.05,25.6875,25.4375,25.28125,25.40625,1.0,0.0,0.0,0.0
18.87586,0x2B0,0.0,0.0,1.0,6.25,0.95,0.05,25.6875,25.4375,25.28125,25.40625,1.0,0.0,0.0,0.0
18.87806,0x316,0.0,0.0,1.0,6.25,0.95,0.05,25.6875,25.4375,25.28125,25.40625,1.0,0.0,0.0,0.0
18.88499,0x220,0.0,0.0,1.0,6.25,1.14,0.18,25.6875,25.4375,25.28125,25.40625,1.0,0.0,0.0,0.0
18.88578,0x2B0,0.0,0.0,1.0,6.25,1.14,0.18,25.6875,25.4375,25.28125,25.40625,1.0,0.0,0.0,0.0
18.88783,0x316,0.0,0.0,1.0,6.25,1.14,0.18,25.6875,25.4375,25.28125,25.40625,1.0,0.0,0.0,0.0
18.89522,0x220,0.0,0.0,1.0,6.25,1.37,0.35,25.6875,25.4375,25.28125,25.40625,1.0,0.0,0.0,0.0
18.89568,0x386,0.0,0.0,1.0,6.25,1.37,0.35,25.71875,25.71875,25.375,25.375,1.0,0.0,0.0,0.0
18.89587,0x2B0,0.0,0.0,1.0,6.25,1.37,0.35,25.71875,25.71875,25.375,25.375,1.0,0.0,0.0,0.0
18.89786,0x316,0.0,0.0,1.0,6.25,1.37,0.35,25.71875,25.71875,25.375,25.375,1.0,0.0,0.0,0.0
18.90521,0x220,0.0,0.0,1.0,6.25,1.54,0.34,25.71875,25.71875,25.375,25.375,1.0,0.0,0.0,0.0
18.90579,0x2B0,0.0,0.0,1.0,6.25,1.54,0.34,25.71875,25.71875,25.375,25.375,1.2,8.0,0.0,0.0
18.90785,0x316,0.0,0.0,1.0,6.25,1.54,0.34,25.71875,25.71875,25.375,25.375,1.2,8.0,0.0,0.0
18.91497,0x220,0.0,0.0,1.0,6.25,1.49,0.07,25.71875,25.71875,25.375,25.375,1.2,8.0,0.0,0.0
18.91567,0x386,0.0,0.0,1.0,6.25,1.49,0.07,25.59375,25.375,25.28125,25.28125,1.2,8.0,0.0,0.0
18.91586,0x2B0,0.0,0.0,1.0,6.25,1.49,0.07,25.59375,25.375,25.28125,25.28125,1.2,8.0,0.0,0.0
18.91792,0x316,0.0,0.0,1.0,6.25,1.49,0.07,25.59375,25.375,25.28125,25.28125,1.2,8.0,0.0,0.0
18.92521,0x220,0.0,0.0,1.0,6.25,1.27,0.0,25.59375,25.375,25.28125,25.28125,1.2,8.0,0.0,0.0
18.92577,0x2B0,0.0,0.0,1.0,6.25,1.27,0.0,25.59375,25.375,25.28125,25.28125,1.3,0.0,0.0,0.0
18.92783,0x316,0.0,0.0,1.0,6.25,1.27,0.0,25.59375,25.375,25.28125,25.28125,1.3,0.0,0.0,0.0
18.93498,0x220,0.0,0.0,1.0,6.25,1.16,0.22,25.59375,25.375,25.28125,25.28125,1.3,0.0,0.0,0.0
18.93568,0x386,0.0,0.0,1.0,6.25,1.16,0.22,25.78125,25.8125,25.15625,25.40625,1.3,0.0,0.0,0.0
18.93586,0x2B0,0.0,0.0,1.0,6.25,1.16,0.22,25.78125,25.8125,25.15625,25.40625,1.3,0.0,0.0,0.0
18.93791,0x316,0.0,0.0,1.0,6.25,1.16,0.22,25.78125,25.8125,25.15625,25.40625,1.3,0.0,0.0,0.0
18.94521,0x220,0.0,0.0,1.0,6.25,1.26,0.39,25.78125,25.8125,25.15625,25.40625,1.3,0.0,0.0,0.0
18.94584,0x2B0,0.0,0.0,1.0,6.25,1.26,0.39,25.78125,25.8125,25.15625,25.40625,1.3,0.0,0.0,0.0
18.94878,0x316,0.0,0.0,1.0,6.25,1.26,0.39,25.78125,25.8125,25.15625,25.40625,1.3,0.0,0.0,0.0
18.95521,0x220,0.0,0.0,1.0,6.25,1.48,0.2,25.78125,25.8125,25.15625,25.40625,1.3,0.0,0.0,0.0
18.95567,0x386,0.0,0.0,1.0,6.25,1.48,0.2,25.625,25.59375,25.09375,25.375,1.3,0.0,0.0,0.0
18.95586,0x2B0,0.0,0.0,1.0,6.25,1.48,0.2,25.625,25.59375,25.09375,25.375,1.5,8.0,0.0,0.0
18.95792,0x316,0.0,0.0,1.0,6.25,1.48,0.2,25.625,25.59375,25.09375,25.375,1.5,8.0,0.0,0.0
18.96521,0x220,0.0,0.0,1.0,6.25,1.65,-0.1,25.625,25.59375,25.09375,25.375,1.5,8.0,0.0,0.0
18.96582,0x2B0,0.0,0.0,1.0,6.25,1.65,-0.1,25.625,25.59375,25.09375,25.375,1.5,8.0,0.0,0.0
18.96793,0x316,0.0,0.0,1.0,6.25,1.65,-0.1,25.625,25.59375,25.09375,25.375,1.5,8.0,0.0,0.0
18.97522,0x220,0.0,0.0,1.0,6.25,1.7,0.01,25.625,25.59375,25.09375,25.375,1.5,8.0,0.0,0.0
18.97569,0x386,0.0,0.0,1.0,6.25,1.7,0.01,25.8125,25.625,24.96875,25.3125,1.5,8.0,0.0,0.0
18.97587,0x2B0,0.0,0.0,1.0,6.25,1.7,0.01,25.8125,25.625,24.96875,25.3125,1.7,8.0,0.0,0.0
18.97802,0x316,0.0,0.0,1.0,6.25,1.7,0.01,25.8125,25.625,24.96875,25.3125,1.7,8.0,0.0,0.0
18.98522,0x220,0.0,0.0,1.0,6.25,1.66,0.51,25.8125,25.625,24.96875,25.3125,1.7,8.0,0.0,0.0
18.98573,0x2B0,0.0,0.0,1.0,6.25,1.66,0.51,25.8125,25.625,24.96875,25.3125,1.7,8.0,0.0,0.0
18.98786,0x316,0.0,0.0,1.0,6.25,1.66,0.51,25.8125,25.625,24.96875,25.3125,1.7,8.0,0.0,0.0
18.99522,0x220,0.0,0.0,1.0,6.25,1.6,0.65,25.8125,25.625,24.96875,25.3125,1.7,8.0,0.0,0.0
18.99568,0x386,0.0,0.0,1.0,6.25,1.6,0.65,25.59375,25.8125,24.90625,25.1875,1.7,8.0,0.0,0.0
18.99586,0x2B0,0.0,0.0,1.0,6.25,1.6,0.65,25.59375,25.8125,24.90625,25.1875,1.7,0.0,0.0,0.0
18.9979,0x316,0.0,0.0,1.0,6.25,1.6,0.65,25.59375,25.8125,24.90625,25.1875,1.7,0.0,0.0,0.0
19.00522,0x220,0.0,0.0,1.0,6.25,1.49,0.28,25.59375,25.8125,24.90625,25.1875,1.7,0.0,0.0,0.0
19.00578,0x2B0,0.0,0.0,1.0,6.25,1.49,0.28,25.59375,25.8125,24.90625,25.1875,1.8,0.0,0.0,0.0
19.0078,0x316,0.0,0.0,1.0,6.25,1.49,0.28,25.59375,25.8125,24.90625,25.1875,1.8,0.0,0.0,0.0
19.01522,0x220,0.0,0.0,1.0,6.25,1.37,-0.08,25.59375,25.8125,24.90625,25.1875,1.8,0.0,0.0,0.0
19.01568,0x386,0.0,0.0,1.0,6.25,1.37,-0.08,25.71875,25.59375,25.09375,25.21875,1.8,0.0,0.0,0.0
19.01586,0x2B0,0.0,0.0,1.0,6.25,1.37,-0.08,25.71875,25.59375,25.09375,25.21875,1.8,0.0,0.0,0.0
19.01786,0x316,0.0,0.0,1.0,6.25,1.37,-0.08,25.71875,25.59375,25.09375,25.21875,1.8,0.0,0.0,0.0
19.02521,0x220,0.0,0.0,1.0,6.25,1.49,-0.09,25.71875,25.59375,25.09375,25.21875,1.8,0.0,0.0,0.0
19.02578,0x2B0,0.0,0.0,1.0,6.25,1.49,-0.09,25.71875,25.59375,25.09375,25.21875,1.9,0.0,0.0,0.0
19.02782,0x316,0.0,0.0,1.0,6.25,1.49,-0.09,25.71875,25.59375,25.09375,25.21875,1.9,0.0,0.0,0.0
19.03521,0x220,0.0,0.0,1.0,6.25,1.91,0.07,25.71875,25.59375,25.09375,25.21875,1.9,0.0,0.0,0.0
19.03567,0x386,0.0,0.0,1.0,6.25,1.91,0.07,25.625,25.78125,25.125,25.25,1.9,0.0,0.0,0.0
19.03586,0x2B0,0.0,0.0,1.0,6.25,1.91,0.07,25.625,25.78125,25.125,25.25,1.9,0.0,0.0,0.0
19.038,0x316,0.0,0.0,1.0,6.25,1.91,0.07,25.625,25.78125,25.125,25.25,1.9,0.0,0.0,0.0
19.04522,0x220,0.0,0.0,1.0,6.25,2.39,0.19,25.625,25.78125,25.125,25.25,1.9,0.0,0.0,0.0
19.04575,0x2B0,0.0,0.0,1.0,6.25,2.39,0.19,25.625,25.78125,25.125,25.25,1.9,0.0,0.0,0.0
19.04854,0x316,0.0,0.0,1.0,6.25,2.39,0.19,25.625,25.78125,25.125,25.25,1.9,0.0,0.0,0.0
19.05522,0x220,0.0,0.0,1.0,6.25,2.57,0.03,25.625,25.78125,25.125,25.25,1.9,0.0,0.0,0.0
19.05567,0x386,0.0,0.0,1.0,6.25,2.57,0.03,25.59375,25.6875,25.0625,25.34375,1.9,0.0,0.0,0.0
19.05586,0x2B0,0.0,0.0,1.0,6.25,2.57,0.03,25.59375,25.6875,25.0625,25.34375,1.9,0.0,0.0,0.0
19.05786,0x316,0.0,0.0,1.0,6.25,2.57,0.03,25.59375,25.6875,25.0625,25.34375,1.9,0.0,0.0,0.0
19.06521,0x220,0.0,0.0,1.0,6.25,2.2,-0.07,25.59375,25.6875,25.0625,25.34375,1.9,0.0,0.0,0.0
19.06576,0x2B0,0.0,0.0,1.0,6.25,2.2,-0.07,25.59375,25.6875,25.0625,25.34375,2.0,0.0,0.0,0.0
19.06789,0x316,0.0,0.0,1.0,6.25,2.2,-0.07,25.59375,25.6875,25.0625,25.34375,2.0,0.0,0.0,0.0
19.07521,0x220,0.0,0.0,1.0,6.25,1.65,0.07,25.59375,25.6875,25.0625,25.34375,2.0,0.0,0.0,0.0
19.07567,0x386,0.0,0.0,1.0,6.25,1.65,0.07,25.5625,25.65625,25.0625,25.28125,2.0,0.0,0.0,0.0
19.07586,0x2B0,0.0,0.0,1.0,6.25,1.65,0.07,25.5625,25.65625,25.0625,25.28125,2.0,0.0,0.0,0.0
19.07806,0x316,0.0,0.0,1.0,6.25,1.65,0.07,25.5625,25.65625,25.0625,25.28125,2.0,0.0,0.0,0.0
19.08522,0x220,0.0,0.0,1.0,6.25,1.24,0.3,25.5625,25.65625,25.0625,25.28125,2.0,0.0,0.0,0.0
19.08575,0x2B0,0.0,0.0,1.0,6.25,1.24,0.3,25.5625,25.65625,25.0625,25.28125,2.0,0.0,0.0,0.0
19.08783,0x316,0.0,0.0,1.0,6.25,1.24,0.3,25.5625,25.65625,25.0625,25.28125,2.0,0.0,0.0,0.0
19.09521,0x220,0.0,0.0,1.0,6.25,1.17,0.14,25.5625,25.65625,25.0625,25.28125,2.0,0.0,0.0,0.0
19.09568,0x386,0.0,0.0,1.0,6.25,1.17,0.14,25.5625,25.71875,25.21875,25.25,2.0,0.0,0.0,0.0
19.09586,0x2B0,0.0,0.0,1.0,6.25,1.17,0.14,25.5625,25.71875,25.21875,25.25,2.0,0.0,0.0,0.0
19.09786,0x316,0.0,0.0,1.0,6.25,1.17,0.14,25.5625,25.71875,25.21875,25.25,2.0,0.0,0.0,0.0
19.1052,0x220,0.0,0.0,1.0,6.25,1.42,-0.19,25.5625,25.71875,25.21875,25.25,2.0,0.0,0.0,0.0
19.10574,0x2B0,0.0,0.0,1.0,6.25,1.42,-0.19,25.5625,25.71875,25.21875,25.25,2.0,0.0,0.0,0.0
19.10782,0x316,0.0,0.0,1.0,6.25,1.42,-0.19,25.5625,25.71875,25.21875,25.25,2.0,0.0,0.0,0.0
19.11521,0x220,0.0,0.0,1.0,6.25,1.77,-0.23,25.5625,25.71875,25.21875,25.25,2.0,0.0,0.0,0.0
19.11568,0x386,0.0,0.0,1.0,6.25,1.77,-0.23,25.59375,25.625,25.25,25.3125,2.0,0.0,0.0,0.0
19.11586,0x2B0,0.0,0.0,1.0,6.25,1.77,-0.23,25.59375,25.625,25.25,25.3125,2.0,0.0,0.0,0.0
19.11793,0x316,0.0,0.0,1.0,6.25,1.77,-0.23,25.59375,25.625,25.25,25.3125,2.0,0.0,0.0,0.0
19.12522,0x220,0.0,0.0,1.0,6.25,1.97,0.09,25.59375,25.625,25.25,25.3125,2.0,0.0,0.0,0.0
19.12575,0x2B0,0.0,0.0,1.0,6.25,1.97,0.09,25.59375,25.625,25.25,25.3125,2.0,0.0,0.0,0.0
19.12782,0x316,0.0,0.0,1.0,6.25,1.97,0.09,25.59375,25.625,25.25,25.3125,2.0,0.0,0.0,0.0
19.13522,0x220,0.0,0.0,1.0,6.25,1.91,0.49,25.59375,25.625,25.25,25.3125,2.0,0.0,0.0,0.0
19.13568,0x386,0.0,0.0,1.0,6.25,1.91,0.49,25.625,25.6875,25.28125,25.21875,2.0,0.0,0.0,0.0
19.13587,0x2B0,0.0,0.0,1.0,6.25,1.91,0.49,25.625,25.6875,25.28125,25.21875,2.0,0.0,0.0,0.0
19.13792,0x316,0.0,0.0,1.0,6.25,1.91,0.49,25.625,25.6875,25.28125,25.21875,2.0,0.0,0.0,0.0
19.1452,0x220,0.0,0.0,1.0,6.25,1.68,0.61,25.625,25.6875,25.28125,25.21875,2.0,0.0,0.0,0.0
19.14575,0x2B0,0.0,0.0,1.0,6.25,1.68,0.61,25.625,25.6875,25.28125,25.21875,2.0,0.0,0.0,0.0
19.14885,0x316,0.0,0.0,1.0,6.25,1.68,0.61,25.625,25.6875,25.28125,25.21875,2.0,0.0,0.0,0.0
19.15522,0x220,0.0,0.0,1.0,6.25,1.41,0.45,25.625,25.6875,25.28125,25.21875,2.0,0.0,0.0,0.0
19.15569,0x386,0.0,0.0,1.0,6.25,1.41,0.45,25.6875,25.625,25.21875,25.375,2.0,0.0,0.0,0.0
19.15588,0x2B0,0.0,0.0,1.0,6.25,1.41,0.45,25.6875,25.625,25.21875,25.375,2.0,0.0,0.0,0.0
19.15791,0x316,0.0,0.0,1.0,6.25,1.41,0.45,25.6875,25.625,25.21875,25.375,2.0,0.0,0.0,0.0
19.16521,0x220,0.0,0.0,1.0,6.25,1.28,0.2,25.6875,25.625,25.21875,25.375,2.0,0.0,0.0,0.0
19.16575,0x2B0,0.0,0.0,1.0,6.25,1.28,0.2,25.6875,25.625,25.21875,25.375,2.0,0.0,0.0,0.0
19.16789,0x316,0.0,0.0,1.0,6.25,1.28,0.2,25.6875,25.625,25.21875,25.375,2.0,0.0,0.0,0.0
19.17521,0x220,0.0,0.0,1.0,6.25,1.38,0.07,25.6875,25.625,25.21875,25.375,2.0,0.0,0.0,0.0
19.17568,0x386,0.0,0.0,1.0,6.25,1.38,0.07,25.65625,25.65625,25.125,25.375,2.0,0.0,0.0,0.0
19.17586,0x2B0,0.0,0.0,1.0,6.25,1.38,0.07,25.65625,25.65625,25.125,25.375,2.0,0.0,0.0,0.0
19.17805,0x316,0.0,0.0,1.0,6.25,1.38,0.07,25.65625,25.65625,25.125,25.375,2.0,0.0,0.0,0.0
19.1852,0x220,0.0,0.0,1.0,6.25,1.56,0.06,25.65625,25.65625,25.125,25.375,2.0,0.0,0.0,0.0
19.18575,0x2B0,0.0,0.0,1.0,6.25,1.56,0.06,25.65625,25.65625,25.125,25.375,2.0,0.0,0.0,0.0
19.18781,0x316,0.0,0.0,1.0,6.25,1.56,0.06,25.65625,25.65625,25.125,25.375,2.0,0.0,0.0,0.0
19.19521,0x220,0.0,0.0,1.0,6.25,1.67,0.17,25.65625,25.65625,25.125,25.375,2.0,0.0,0.0,0.0
19.19567,0x386,0.0,0.0,1.0,6.25,1.67,0.17,25.71875,25.59375,25.1875,25.375,2.0,0.0,0.0,0.0
19.19586,0x2B0,0.0,0.0,1.0,6.25,1.67,0.17,25.71875,25.59375,25.1875,25.375,2.0,0.0,0.0,0.0
19.19795,0x316,0.0,0.0,1.0,6.25,1.67,0.17,25.71875,25.59375,25.1875,25.375,2.0,0.0,0.0,0.0
19.20522,0x220,0.0,0.0,1.0,6.25,1.6,0.41,25.71875,25.59375,25.1875,25.375,2.0,0.0,0.0,0.0
19.20574,0x2B0,0.0,0.0,1.0,6.25,1.6,0.41,25.71875,25.59375,25.1875,25.375,2.0,0.0,0.0,0.0
19.2078,0x316,0.0,0.0,1.0,6.25,1.6,0.41,25.71875,25.59375,25.1875,25.375,2.0,0.0,0.0,0.0
19.21521,0x220,0.0,0.0,1.0,6.25,1.46,0.62,25.71875,25.59375,25.1875,25.375,2.0,0.0,0.0,0.0
19.21567,0x386,0.0,0.0,1.0,6.25,1.46,0.62,25.71875,25.65625,25.09375,25.40625,2.0,0.0,0.0,0.0
19.21585,0x2B0,0.0,0.0,1.0,6.25,1.46,0.62,25.71875,25.65625,25.09375,25.40625,2.0,0.0,0.0,0.0
19.21789,0x316,0.0,0.0,1.0,6.25,1.46,0.62,25.71875,25.65625,25.09375,25.40625,2.0,0.0,0.0,0.0
19.2252,0x220,0.0,0.0,1.0,6.25,1.43,0.59,25.71875,25.65625,25.09375,25.40625,2.0,0.0,0.0,0.0
19.22572,0x2B0,0.0,0.0,1.0,6.25,1.43,0.59,25.71875,25.65625,25.09375,25.40625,2.0,0.0,0.0,0.0
19.2278,0x316,0.0,0.0,1.0,6.25,1.43,0.59,25.71875,25.65625,25.09375,25.40625,2.0,0.0,0.0,0.0
19.23521,0x220,0.0,0.0,1.0,6.25,1.51,0.3,25.71875,25.65625,25.09375,25.40625,2.0,0.0,0.0,0.0
19.23568,0x386,0.0,0.0,1.0,6.25,1.51,0.3,25.71875,25.75,25.0,25.34375,2.0,0.0,0.0,0.0
19.23587,0x2B0,0.0,0.0,1.0,6.25,1.51,0.3,25.71875,25.75,25.0,25.34375,2.0,0.0,0.0,0.0
19.23802,0x316,0.0,0.0,1.0,6.25,1.51,0.3,25.71875,25.75,25.0,25.34375,2.0,0.0,0.0,0.0
19.24521,0x220,0.0,0.0,1.0,6.25,1.61,0.0,25.71875,25.75,25.0,25.34375,2.0,0.0,0.0,0.0
19.24572,0x2B0,0.0,0.0,1.0,6.25,1.61,0.0,25.71875,25.75,25.0,25.34375,2.0,0.0,0.0,0.0
19.24854,0x316,0.0,0.0,1.0,6.25,1.61,0.0,25.71875,25.75,25.0,25.34375,2.0,0.0,0.0,0.0
19.25522,0x220,0.0,0.0,1.0,6.25,1.62,-0.02,25.71875,25.75,25.0,25.34375,2.0,0.0,0.0,0.0
19.25569,0x386,0.0,0.0,1.0,6.25,1.62,-0.02,25.71875,25.75,25.09375,25.375,2.0,0.0,0.0,0.0
19.25587,0x2B0,0.0,0.0,1.0,6.25,1.62,-0.02,25.71875,25.75,25.09375,25.375,2.0,0.0,0.0,0.0
19.25788,0x316,0.0,0.0,1.0,6.25,1.62,-0.02,25.71875,25.75,25.09375,25.375,2.0,0.0,0.0,0.0
19.26521,0x220,0.0,0.0,1.0,6.25,1.6,0.14,25.71875,25.75,25.09375,25.375,2.0,0.0,0.0,0.0
19.26574,0x2B0,0.0,0.0,1.0,6.25,1.6,0.14,25.71875,25.75,25.09375,25.375,2.0,0.0,0.0,0.0
19.26785,0x316,0.0,0.0,1.0,6.25,1.6,0.14,25.71875,25.75,25.09375,25.375,2.0,0.0,0.0,0.0
19.27521,0x220,0.0,0.0,1.0,6.25,1.52,0.35,25.71875,25.75,25.09375,25.375,2.0,0.0,0.0,0.0
19.27568,0x386,0.0,0.0,1.0,6.25,1.52,0.35,25.6875,25.75,25.21875,25.71875,2.0,0.0,0.0,0.0
19.27586,0x2B0,0.0,0.0,1.0,6.25,1.52,0.35,25.6875,25.75,25.21875,25.71875,2.0,0.0,0.0,0.0
19.27814,0x316,0.0,0.0,1.0,6.25,1.52,0.35,25.6875,25.75,25.21875,25.71875,2.0,0.0,0.0,0.0
19.28522,0x220,0.0,0.0,1.0,6.25,1.46,0.37,25.6875,25.75,25.21875,25.71875,2.0,0.0,0.0,0.0
19.28574,0x2B0,0.0,0.0,1.0,6.25,1.46,0.37,25.6875,25.75,25.21875,25.71875,2.0,0.0,0.0,0.0
19.28784,0x316,0.0,0.0,1.0,6.25,1.46,0.37,25.6875,25.75,25.21875,25.71875,2.0,0.0,0.0,0.0
19.29521,0x220,0.0,0.0,1.0,6.25,1.48,0.24,25.6875,25.75,25.21875,25.71875,2.0,0.0,0.0,0.0
19.29567,0x386,0.0,0.0,1.0,6.25,1.48,0.24,25.6875,25.78125,25.34375,26.03125,2.0,0.0,0.0,0.0
19.29586,0x2B0,0.0,0.0,1.0,6.25,1.48,0.24,25.6875,25.78125,25.34375,26.03125,2.0,0.0,0.0,0.0
19.29788,0x316,0.0,0.0,1.0,6.25,1.48,0.24,25.6875,25.78125,25.34375,26.03125,2.0,0.0,0.0,0.0
19.3052,0x220,0.0,0.0,1.0,6.25,1.57,0.12,25.6875,25.78125,25.34375,26.03125,2.0,0.0,0.0,0.0
19.30574,0x2B0,0.0,0.0,1.0,6.25,1.57,0.12,25.6875,25.78125,25.34375,26.03125,2.0,0.0,0.0,0.0
19.3078,0x316,0.0,0.0,1.0,6.25,1.57,0.12,25.6875,25.78125,25.34375,26.03125,2.0,0.0,0.0,0.0
19.31521,0x220,0.0,0.0,1.0,6.25,1.65,0.08,25.6875,25.78125,25.34375,26.03125,2.0,0.0,0.0,0.0
19.31567,0x386,0.0,0.0,1.0,6.25,1.65,0.08,25.625,25.78125,25.65625,25.625,2.0,0.0,0.0,0.0
19.31586,0x2B0,0.0,0.0,1.0,6.25,1.65,0.08,25.625,25.78125,25.65625,25.625,2.0,0.0,0.0,0.0
19.31794,0x316,0.0,0.0,1.0,6.25,1.65,0.08,25.625,25.78125,25.65625,25.625,2.0,0.0,0.0,0.0
19.32521,0x220,0.0,0.0,1.0,6.25,1.67,0.11,25.625,25.78125,25.65625,25.625,2.0,0.0,0.0,0.0
19.32573,0x2B0,0.0,0.0,1.0,6.25,1.67,0.11,25.625,25.78125,25.65625,25.625,2.0,0.0,0.0,0.0
19.32784,0x316,0.0,0.0,1.0,6.25,1.67,0.11,25.625,25.78125,25.65625,25.625,2.0,0.0,0.0,0.0
19.3352,0x220,0.0,0.0,1.0,6.25,1.66,0.14,25.625,25.78125,25.65625,25.625,2.0,0.0,0.0,0.0
19.33566,0x386,0.0,0.0,1.0,6.25,1.66,0.14,25.71875,25.90625,25.25,25.03125,2.0,0.0,0.0,0.0
19.33585,0x2B0,0.0,0.0,1.0,6.25,1.66,0.14,25.71875,25.90625,25.25,25.03125,2.0,0.0,0.0,0.0
19.33793,0x316,0.0,0.0,1.0,6.25,1.66,0.14,25.71875,25.90625,25.25,25.03125,2.0,0.0,0.0,0.0
19.34521,0x220,0.0,0.0,1.0,6.25,1.63,0.14,25.71875,25.90625,25.25,25.03125,2.0,0.0,0.0,0.0
19.34573,0x2B0,0.0,0.0,1.0,6.25,1.63,0.14,25.71875,25.90625,25.25,25.03125,2.0,0.0,0.0,0.0
19.34859,0x316,0.0,0.0,1.0,6.25,1.63,0.14,25.71875,25.90625,25.25,25.03125,2.0,0.0,0.0,0.0
19.35522,0x220,0.0,0.0,1.0,6.25,1.63,0.1,25.71875,25.90625,25.25,25.03125,2.0,0.0,0.0,0.0
19.35568,0x386,0.0,0.0,1.0,6.25,1.63,0.1,25.71875,25.875,24.875,24.84375,2.0,0.0,0.0,0.0
19.35586,0x2B0,0.0,0.0,1.0,6.25,1.63,0.1,25.71875,25.875,24.875,24.84375,2.0,0.0,0.0,0.0
19.35792,0x316,0.0,0.0,1.0,6.25,1.63,0.1,25.71875,25.875,24.875,24.84375,2.0,0.0,0.0,0.0
19.3652,0x220,0.0,0.0,1.0,6.25,1.66,0.0,25.71875,25.875,24.875,24.84375,2.0,0.0,0.0,0.0
19.36572,0x2B0,0.0,0.0,1.0,6.25,1.66,0.0,25.71875,25.875,24.875,24.84375,2.0,0.0,0.0,0.0
19.36793,0x316,0.0,0.0,1.0,6.25,1.66,0.0,25.71875,25.875,24.875,24.84375,2.0,0.0,0.0,0.0
19.37521,0x220,0.0,0.0,1.0,6.25,1.69,-0.06,25.71875,25.875,24.875,24.84375,2.0,0.0,0.0,0.0
19.37567,0x386,0.0,0.0,1.0,6.25,1.69,-0.06,25.75,25.8125,25.03125,25.375,2.0,0.0,0.0,0.0
19.37586,0x2B0,0.0,0.0,1.0,6.25,1.69,-0.06,25.75,25.8125,25.03125,25.375,2.0,0.0,0.0,0.0
19.37803,0x316,0.0,0.0,1.0,6.25,1.69,-0.06,25.75,25.8125,25.03125,25.375,2.0,0.0,0.0,0.0
19.3852,0x220,0.0,0.0,1.0,6.25,1.71,-0.1,25.75,25.8125,25.03125,25.375,2.0,0.0,0.0,0.0
19.38572,0x2B0,0.0,0.0,1.0,6.25,1.71,-0.1,25.75,25.8125,25.03125,25.375,2.0,0.0,0.0,0.0
19.38781,0x316,0.0,0.0,1.0,6.25,1.71,-0.1,25.75,25.8125,25.03125,25.375,2.0,0.0,0.0,0.0
19.39521,0x220,0.0,0.0,1.0,6.25,1.75,-0.08,25.75,25.8125,25.03125,25.375,2.0,0.0,0.0,0.0
19.39567,0x386,0.0,0.0,1.0,6.25,1.75,-0.08,25.8125,25.9375,25.34375,25.25,2.0,0.0,0.0,0.0
19.39586,0x2B0,0.0,0.0,1.0,6.25,1.75,-0.08,25.8125,25.9375,25.34375,25.25,2.0,0.0,0.0,0.0
19.39792,0x316,0.0,0.0,1.0,6.25,1.75,-0.08,25.8125,25.9375,25.34375,25.25,2.0,0.0,0.0,0.0
19.4052,0x220,0.0,0.0,1.0,6.25,1.8,0.02,25.8125,25.9375,25.34375,25.25,2.0,0.0,0.0,0.0
19.40572,0x2B0,0.0,0.0,1.0,6.25,1.8,0.02,25.8125,25.9375,25.34375,25.25,2.0,0.0,0.0,0.0
19.40784,0x316,0.0,0.0,1.0,6.25,1.8,0.02,25.8125,25.9375,25.34375,25.25,2.0,0.0,0.0,0.0
19.41521,0x220,0.0,0.0,1.0,6.25,1.89,0.12,25.8125,25.9375,25.34375,25.25,2.0,0.0,0.0,0.0
19.41567,0x386,0.0,0.0,1.0,6.25,1.89,0.12,25.71875,25.71875,25.25,24.75,2.0,0.0,0.0,0.0
19.41586,0x2B0,0.0,0.0,1.0,6.25,1.89,0.12,25.71875,25.71875,25.25,24.75,2.0,0.0,0.0,0.0
19.41786,0x316,0.0,0.0,1.0,6.25,1.89,0.12,25.71875,25.71875,25.25,24.75,2.0,0.0,0.0,0.0
19.42521,0x220,0.0,0.0,1.0,6.25,1.98,0.03,25.71875,25.71875,25.25,24.75,2.0,0.0,0.0,0.0
19.42572,0x2B0,0.0,0.0,1.0,6.25,1.98,0.03,25.71875,25.71875,25.25,24.75,2.0,0.0,0.0,0.0
19.4278,0x316,0.0,0.0,1.0,6.25,1.98,0.03,25.71875,25.71875,25.25,24.75,2.0,0.0,0.0,0.0
19.43521,0x220,0.0,0.0,1.0,6.25,2.02,-0.08,25.71875,25.71875,25.25,24.75,2.0,0.0,0.0,0.0
19.43568,0x386,0.0,0.0,1.0,6.25,2.02,-0.08,25.75,25.6875,24.6875,25.3125,2.0,0.0,0.0,0.0
19.43586,0x2B0,0.0,0.0,1.0,6.25,2.02,-0.08,25.75,25.6875,24.6875,25.3125,2.0,0.0,0.0,0.0
19.43793,0x316,0.0,0.0,1.0,6.25,2.02,-0.08,25.75,25.6875,24.6875,25.3125,2.0,0.0,0.0,0.0
19.44521,0x220,0.0,0.0,1.0,6.25,1.94,-0.11,25.75,25.6875,24.6875,25.3125,2.0,0.0,0.0,0.0
19.44572,0x2B0,0.0,0.0,1.0,6.25,1.94,-0.11,25.75,25.6875,24.6875,25.3125,2.0,0.0,0.0,0.0
19.44896,0x316,0.0,0.0,1.0,6.25,1.94,-0.11,25.75,25.6875,24.6875,25.3125,2.0,0.0,0.0,0.0
19.45521,0x220,0.0,0.0,1.0,6.25,1.76,-0.08,25.75,25.6875,24.6875,25.3125,2.0,0.0,0.0,0.0
19.45568,0x386,0.0,0.0,1.0,6.25,1.76,-0.08,25.65625,25.6875,25.125,25.65625,2.0,0.0,0.0,0.0
19.45586,0x2B0,0.0,0.0,1.0,6.25,1.76,-0.08,25.65625,25.6875,25.125,25.65625,2.0,0.0,0.0,0.0
19.45786,0x316,0.0,0.0,1.0,6.25,1.76,-0.08,25.65625,25.6875,25.125,25.65625,2.0,0.0,0.0,0.0
19.4652,0x220,0.0,0.0,1.0,6.25,1.54,-0.13,25.65625,25.6875,25.125,25.65625,2.0,0.0,0.0,0.0
19.46577,0x2B0,0.0,0.0,1.0,6.25,1.54,-0.13,25.65625,25.6875,25.125,25.65625,2.0,0.0,0.0,0.0
19.46785,0x316,0.0,0.0,1.0,6.25,1.54,-0.13,25.65625,25.6875,25.125,25.65625,2.0,0.0,0.0,0.0
19.47521,0x220,0.0,0.0,1.0,6.25,1.35,-0.1,25.65625,25.6875,25.125,25.65625,2.0,0.0,0.0,0.0
19.47568,0x386,0.0,0.0,1.0,6.25,1.35,-0.1,25.71875,25.53125,25.3125,25.34375,2.0,0.0,0.0,0.0
19.47587,0x2B0,0.0,0.0,1.0,6.25,1.35,-0.1,25.71875,25.53125,25.3125,25.34375,1.8,8.0,0.0,0.0
19.47815,0x316,0.0,0.0,1.0,6.25,1.35,-0.1,25.71875,25.53125,25.3125,25.34375,1.8,8.0,0.0,0.0
19.48521,0x220,0.0,0.0,1.0,6.25,1.21,0.04,25.71875,25.53125,25.3125,25.34375,1.8,8.0,0.0,0.0
19.48578,0x2B0,0.0,0.0,1.0,6.25,1.21,0.04,25.71875,25.53125,25.3125,25.34375,1.8,8.0,0.0,0.0
19.48784,0x316,0.0,0.0,1.0,6.25,1.21,0.04,25.71875,25.53125,25.3125,25.34375,1.8,8.0,0.0,0.0
19.49521,0x220,0.0,0.0,1.0,6.25,1.2,0.21,25.71875,25.53125,25.3125,25.34375,1.8,8.0,0.0,0.0
19.49568,0x386,0.0,0.0,1.0,6.25,1.2,0.21,25.625,25.5625,25.0,25.375,1.8,8.0,0.0,0.0
19.49586,0x2B0,0.0,0.0,1.0,6.25,1.2,0.21,25.625,25.5625,25.0,25.375,1.7,0.0,0.0,0.0
19.49786,0x316,0.0,0.0,1.0,6.25,1.2,0.21,25.625,25.5625,25.0,25.375,1.7,0.0,0.0,0.0
19.5052,0x220,0.0,0.0,1.0,6.25,1.25,0.23,25.625,25.5625,25.0,25.375,1.7,0.0,0.0,0.0
19.50575,0x2B0,0.0,0.0,1.0,6.25,1.25,0.23,25.625,25.5625,25.0,25.375,1.7,0.0,0.0,0.0
19.5078,0x316,0.0,0.0,1.0,6.25,1.25,0.23,25.625,25.5625,25.0,25.375,1.7,0.0,0.0,0.0
19.51522,0x220,0.0,0.0,1.0,6.25,1.29,0.06,25.625,25.5625,25.0,25.375,1.7,0.0,0.0,0.0
19.51568,0x386,0.0,0.0,1.0,6.25,1.29,0.06,25.59375,25.59375,25.21875,25.40625,1.7,0.0,0.0,0.0
19.51587,0x2B0,0.0,0.0,1.0,6.25,1.29,0.06,25.59375,25.59375,25.21875,25.40625,1.6,0.0,0.0,0.0
19.51792,0x316,0.0,0.0,1.0,6.25,1.29,0.06,25.59375,25.59375,25.21875,25.40625,1.6,0.0,0.0,0.0
19.52521,0x220,0.0,0.0,1.0,6.25,1.22,-0.05,25.59375,25.59375,25.21875,25.40625,1.6,0.0,0.0,0.0
19.52577,0x2B0,0.0,0.0,1.0,6.25,1.22,-0.05,25.59375,25.59375,25.21875,25.40625,1.6,0.0,0.0,0.0
19.52784,0x316,0.0,0.0,1.0,6.25,1.22,-0.05,25.59375,25.59375,25.21875,25.40625,1.6,0.0,0.0,0.0
19.53521,0x220,0.0,0.0,1.0,6.25,1.13,0.08,25.59375,25.59375,25.21875,25.40625,1.6,0.0,0.0,0.0
19.53567,0x386,0.0,0.0,1.0,6.25,1.13,0.08,25.625,25.59375,25.3125,25.3125,1.6,0.0,0.0,0.0
19.53586,0x2B0,0.0,0.0,1.0,6.25,1.13,0.08,25.625,25.59375,25.3125,25.3125,1.6,0.0,0.0,0.0
19.5379,0x316,0.0,0.0,1.0,6.25,1.13,0.08,25.625,25.59375,25.3125,25.3125,1.6,0.0,0.0,0.0
19.54521,0x220,0.0,0.0,1.0,6.25,1.18,0.4,25.625,25.59375,25.3125,25.3125,1.6,0.0,0.0,0.0
19.54576,0x2B0,0.0,0.0,1.0,6.25,1.18,0.4,25.625,25.59375,25.3125,25.3125,1.5,0.0,0.0,0.0
19.54846,0x316,0.0,0.0,1.0,6.25,1.18,0.4,25.625,25.59375,25.3125,25.3125,1.5,0.0,0.0,0.0
19.5552,0x220,0.0,0.0,1.0,6.25,1.32,0.49,25.625,25.59375,25.3125,25.3125,1.5,0.0,0.0,0.0
19.55566,0x386,0.0,0.0,1.0,6.25,1.32,0.49,25.5625,25.625,25.28125,25.375,1.5,0.0,0.0,0.0
19.55585,0x2B0,0.0,0.0,1.0,6.25,1.32,0.49,25.5625,25.625,25.28125,25.375,1.5,0.0,0.0,0.0
19.55789,0x316,0.0,0.0,1.0,6.25,1.32,0.49,25.5625,25.625,25.28125,25.375,1.5,0.0,0.0,0.0
19.56521,0x220,0.0,0.0,1.0,6.25,1.52,0.26,25.5625,25.625,25.28125,25.375,1.5,0.0,0.0,0.0
19.56577,0x2B0,0.0,0.0,1.0,6.25,1.52,0.26,25.5625,25.625,25.28125,25.375,1.4,0.0,0.0,0.0
19.56793,0x316,0.0,0.0,1.0,6.25,1.52,0.26,25.5625,25.625,25.28125,25.375,1.4,0.0,0.0,0.0
19.57522,0x220,0.0,0.0,1.0,6.25,1.65,0.08,25.5625,25.625,25.28125,25.375,1.4,0.0,0.0,0.0
19.57568,0x386,0.0,0.0,1.0,6.25,1.65,0.08,25.34375,25.59375,25.15625,25.375,1.4,0.0,0.0,0.0
19.57587,0x2B0,0.0,0.0,1.0,6.25,1.65,0.08,25.34375,25.59375,25.15625,25.375,1.4,0.0,0.0,0.0
19.57801,0x316,0.0,0.0,1.0,6.25,1.65,0.08,25.34375,25.59375,25.15625,25.375,1.4,0.0,0.0,0.0
19.5852,0x220,0.0,0.0,1.0,6.25,1.54,0.07,25.34375,25.59375,25.15625,25.375,1.4,0.0,0.0,0.0
19.58573,0x2B0,0.0,0.0,1.0,6.25,1.54,0.07,25.34375,25.59375,25.15625,25.375,1.4,0.0,0.0,0.0
19.58781,0x316,0.0,0.0,1.0,6.25,1.54,0.07,25.34375,25.59375,25.15625,25.375,1.4,0.0,0.0,0.0
19.59521,0x220,0.0,0.0,1.0,6.25,1.23,0.17,25.34375,25.59375,25.15625,25.375,1.4,0.0,0.0,0.0
19.59567,0x386,0.0,0.0,1.0,6.25,1.23,0.17,25.59375,25.5625,25.3125,25.25,1.4,0.0,0.0,0.0
19.59585,0x2B0,0.0,0.0,1.0,6.25,1.23,0.17,25.59375,25.5625,25.3125,25.25,1.4,0.0,0.0,0.0
19.59787,0x316,0.0,0.0,1.0,6.25,1.23,0.17,25.59375,25.5625,25.3125,25.25,1.4,0.0,0.0,0.0
19.60521,0x220,0.0,0.0,1.0,6.25,0.84,0.35,25.59375,25.5625,25.3125,25.25,1.4,0.0,0.0,0.0
19.60571,0x2B0,0.0,0.0,1.0,6.25,0.84,0.35,25.59375,25.5625,25.3125,25.25,1.4,0.0,0.0,0.0
19.60782,0x316,0.0,0.0,1.0,6.25,0.84,0.35,25.59375,25.5625,25.3125,25.25,1.4,0.0,0.0,0.0
19.61522,0x220,0.0,0.0,1.0,6.25,0.69,0.48,25.59375,25.5625,25.3125,25.25,1.4,0.0,0.0,0.0
19.61568,0x386,0.0,0.0,1.0,6.25,0.69,0.48,25.53125,25.5625,25.25,25.21875,1.4,0.0,0.0,0.0
19.61587,0x2B0,0.0,0.0,1.0,6.25,0.69,0.48,25.53125,25.5625,25.25,25.21875,1.4,0.0,0.0,0.0
19.61785,0x316,0.0,0.0,1.0,6.25,0.69,0.48,25.53125,25.5625,25.25,25.21875,1.4,0.0,0.0,0.0
19.6252,0x220,0.0,0.0,1.0,6.25,0.86,0.43,25.53125,25.5625,25.25,25.21875,1.4,0.0,0.0,0.0
19.62577,0x2B0,0.0,0.0,1.0,6.25,0.86,0.43,25.53125,25.5625,25.25,25.21875,1.3,0.0,0.0,0.0
19.62779,0x316,0.0,0.0,1.0,6.25,0.86,0.43,25.53125,25.5625,25.25,25.21875,1.3,0.0,0.0,0.0
19.63521,0x220,0.0,0.0,1.0,6.25,1.26,0.15,25.53125,25.5625,25.25,25.21875,1.3,0.0,0.0,0.0
19.63566,0x386,0.0,0.0,1.0,6.25,1.26,0.15,25.5,25.71875,25.25,25.28125,1.3,0.0,0.0,0.0
19.63585,0x2B0,0.0,0.0,1.0,6.25,1.26,0.15,25.5,25.71875,25.25,25.28125,1.3,0.0,0.0,0.0
19.63794,0x316,0.0,0.0,1.0,6.25,1.26,0.15,25.5,25.71875,25.25,25.28125,1.3,0.0,0.0,0.0
19.6452,0x220,0.0,0.0,1.0,6.25,1.63,-0.08,25.5,25.71875,25.25,25.28125,1.3,0.0,0.0,0.0
19.64571,0x2B0,0.0,0.0,1.0,6.25,1.63,-0.08,25.5,25.71875,25.25,25.28125,1.3,0.0,0.0,0.0
19.6487,0x316,0.0,0.0,1.0,6.25,1.63,-0.08,25.5,25.71875,25.25,25.28125,1.3,0.0,0.0,0.0
19.65521,0x220,0.0,0.0,1.0,6.25,1.69,0.0,25.5,25.71875,25.25,25.28125,1.3,0.0,0.0,0.0
19.65567,0x386,0.0,0.0,1.0,6.25,1.69,0.0,25.65625,25.625,25.125,25.25,1.3,0.0,0.0,0.0
19.65586,0x2B0,0.0,0.0,1.0,6.25,1.69,0.0,25.65625,25.625,25.125,25.25,1.3,0.0,0.0,0.0
19.65785,0x316,0.0,0.0,1.0,6.25,1.69,0.0,25.65625,25.625,25.125,25.25,1.3,0.0,0.0,0.0
19.6652,0x220,0.0,0.0,1.0,6.25,1.58,0.59,25.65625,25.625,25.125,25.25,1.3,0.0,0.0,0.0
19.66572,0x2B0,0.0,0.0,1.0,6.25,1.58,0.59,25.65625,25.625,25.125,25.25,1.3,0.0,0.0,0.0
19.66785,0x316,0.0,0.0,1.0,6.25,1.58,0.59,25.65625,25.625,25.125,25.25,1.3,0.0,0.0,0.0
19.6752,0x220,0.0,0.0,1.0,6.25,1.48,1.01,25.65625,25.625,25.125,25.25,1.3,0.0,0.0,0.0
19.67566,0x386,0.0,0.0,1.0,6.25,1.48,1.01,25.625,25.65625,25.09375,25.375,1.3,0.0,0.0,0.0
19.67585,0x2B0,0.0,0.0,1.0,6.25,1.48,1.01,25.625,25.65625,25.09375,25.375,1.3,0.0,0.0,0.0
19.67804,0x316,0.0,0.0,1.0,6.25,1.48,1.01,25.625,25.65625,25.09375,25.375,1.3,0.0,0.0,0.0
19.68521,0x220,0.0,0.0,1.0,6.25,1.47,0.63,25.625,25.65625,25.09375,25.375,1.3,0.0,0.0,0.0
19.68579,0x2B0,0.0,0.0,1.0,6.25,1.47,0.63,25.625,25.65625,25.09375,25.375,1.3,0.0,0.0,0.0
19.68785,0x316,0.0,0.0,1.0,6.25,1.47,0.63,25.625,25.65625,25.09375,25.375,1.3,0.0,0.0,0.0
19.6952,0x220,0.0,0.0,1.0,6.25,1.43,0.0,25.625,25.65625,25.09375,25.375,1.3,0.0,0.0,0.0
19.69566,0x386,0.0,0.0,1.0,6.25,1.43,0.0,25.6875,25.5625,25.0,25.3125,1.3,0.0,0.0,0.0
19.69585,0x2B0,0.0,0.0,1.0,6.25,1.43,0.0,25.6875,25.5625,25.0,25.3125,1.4,0.0,0.0,0.0
19.69786,0x316,0.0,0.0,1.0,6.25,1.43,0.0,25.6875,25.5625,25.0,25.3125,1.4,0.0,0.0,0.0
19.7052,0x220,0.0,0.0,1.0,6.25,1.39,-0.24,25.6875,25.5625,25.0,25.3125,1.4,0.0,0.0,0.0
19.70572,0x2B0,0.0,0.0,1.0,6.25,1.39,-0.24,25.6875,25.5625,25.0,25.3125,1.4,0.0,0.0,0.0
19.70781,0x316,0.0,0.0,1.0,6.25,1.39,-0.24,25.6875,25.5625,25.0,25.3125,1.4,0.0,0.0,0.0
19.71521,0x220,0.0,0.0,1.0,6.25,1.49,0.06,25.6875,25.5625,25.0,25.3125,1.4,0.0,0.0,0.0
19.71567,0x386,0.0,0.0,1.0,6.25,1.49,0.06,25.65625,25.625,25.03125,25.28125,1.4,0.0,0.0,0.0
19.71586,0x2B0,0.0,0.0,1.0,6.25,1.49,0.06,25.65625,25.625,25.03125,25.28125,1.5,0.0,0.0,0.0
19.71788,0x316,0.0,0.0,1.0,6.25,1.49,0.06,25.65625,25.625,25.03125,25.28125,1.5,0.0,0.0,0.0
19.72522,0x220,0.0,0.0,1.0,6.25,1.61,0.52,25.65625,25.625,25.03125,25.28125,1.5,0.0,0.0,0.0
19.72571,0x2B0,0.0,0.0,1.0,6.25,1.61,0.52,25.65625,25.625,25.03125,25.28125,1.5,0.0,0.0,0.0
19.72791,0x316,0.0,0.0,1.0,6.25,1.61,0.52,25.65625,25.625,25.03125,25.28125,1.5,0.0,0.0,0.0
19.73521,0x220,0.0,0.0,1.0,6.25,1.7,0.69,25.65625,25.625,25.03125,25.28125,1.5,0.0,0.0,0.0
19.73568,0x386,0.0,0.0,1.0,6.25,1.7,0.69,25.65625,25.75,25.0,25.21875,1.5,0.0,0.0,0.0
19.73587,0x2B0,0.0,0.0,1.0,6.25,1.7,0.69,25.65625,25.75,25.0,25.21875,1.5,0.0,0.0,0.0
19.73792,0x316,0.0,0.0,1.0,6.25,1.7,0.69,25.65625,25.75,25.0,25.21875,1.5,0.0,0.0,0.0
19.7452,0x220,0.0,0.0,1.0,6.25,1.71,0.48,25.65625,25.75,25.0,25.21875,1.5,0.0,0.0,0.0
19.74575,0x2B0,0.0,0.0,1.0,6.25,1.71,0.48,25.65625,25.75,25.0,25.21875,1.6,0.0,0.0,0.0
19.74857,0x316,0.0,0.0,1.0,6.25,1.71,0.48,25.65625,25.75,25.0,25.21875,1.6,0.0,0.0,0.0
19.75521,0x220,0.0,0.0,1.0,6.25,1.64,0.21,25.65625,25.75,25.0,25.21875,1.6,0.0,0.0,0.0
19.75568,0x386,0.0,0.0,1.0,6.25,1.64,0.21,25.71875,25.59375,24.90625,25.28125,1.6,0.0,0.0,0.0
19.75587,0x2B0,0.0,0.0,1.0,6.25,1.64,0.21,25.71875,25.59375,24.90625,25.28125,1.6,0.0,0.0,0.0
19.75788,0x316,0.0,0.0,1.0,6.25,1.64,0.21,25.71875,25.59375,24.90625,25.28125,1.6,0.0,0.0,0.0
19.7652,0x220,0.0,0.0,1.0,6.25,1.61,0.07,25.71875,25.59375,24.90625,25.28125,1.6,0.0,0.0,0.0
19.76571,0x2B0,0.0,0.0,1.0,6.25,1.61,0.07,25.71875,25.59375,24.90625,25.28125,1.6,0.0,0.0,0.0
19.76799,0x316,0.0,0.0,1.0,6.25,1.61,0.07,25.71875,25.59375,24.90625,25.28125,1.6,0.0,0.0,0.0
19.77521,0x220,0.0,0.0,1.0,6.25,1.63,0.0,25.71875,25.59375,24.90625,25.28125,1.6,0.0,0.0,0.0
19.77568,0x386,0.0,0.0,1.0,6.25,1.63,0.0,25.65625,25.78125,25.21875,25.375,1.6,0.0,0.0,0.0
19.77587,0x2B0,0.0,0.0,1.0,6.25,1.63,0.0,25.65625,25.78125,25.21875,25.375,1.6,0.0,0.0,0.0
19.77803,0x316,0.0,0.0,1.0,6.25,1.63,0.0,25.65625,25.78125,25.21875,25.375,1.6,0.0,0.0,0.0
19.7852,0x220,0.0,0.0,1.0,6.25,1.65,0.0,25.65625,25.78125,25.21875,25.375,1.6,0.0,0.0,0.0
19.78571,0x2B0,0.0,0.0,1.0,6.25,1.65,0.0,25.65625,25.78125,25.21875,25.375,1.6,0.0,0.0,0.0
19.78783,0x316,0.0,0.0,1.0,6.25,1.65,0.0,25.65625,25.78125,25.21875,25.375,1.6,0.0,0.0,0.0
19.79521,0x220,0.0,0.0,1.0,6.25,1.7,0.1,25.65625,25.78125,25.21875,25.375,1.6,0.0,0.0,0.0
19.79567,0x386,0.0,0.0,1.0,6.25,1.7,0.1,25.5,25.59375,25.25,25.3125,1.6,0.0,0.0,0.0
19.79586,0x2B0,0.0,0.0,1.0,6.25,1.7,0.1,25.5,25.59375,25.25,25.3125,1.6,0.0,0.0,0.0
19.79785,0x316,0.0,0.0,1.0,6.25,1.7,0.1,25.5,25.59375,25.25,25.3125,1.6,0.0,0.0,0.0
19.80519,0x220,0.0,0.0,1.0,6.25,1.74,0.31,25.5,25.59375,25.25,25.3125,1.6,0.0,0.0,0.0
19.80571,0x2B0,0.0,0.0,1.0,6.25,1.74,0.31,25.5,25.59375,25.25,25.3125,1.6,0.0,0.0,0.0
19.80786,0x316,0.0,0.0,1.0,6.25,1.74,0.31,25.5,25.59375,25.25,25.3125,1.6,0.0,0.0,0.0
19.81521,0x220,0.0,0.0,1.0,6.25,1.76,0.41,25.5,25.59375,25.25,25.3125,1.6,0.0,0.0,0.0
19.81567,0x386,0.0,0.0,1.0,6.25,1.76,0.41,25.71875,25.78125,25.25,25.3125,1.6,0.0,0.0,0.0
19.81586,0x2B0,0.0,0.0,1.0,6.25,1.76,0.41,25.71875,25.78125,25.25,25.3125,1.6,0.0,0.0,0.0
19.8179,0x316,0.0,0.0,1.0,6.25,1.76,0.41,25.71875,25.78125,25.25,25.3125,1.6,0.0,0.0,0.0
19.82521,0x220,0.0,0.0,1.0,6.25,1.77,0.22,25.71875,25.78125,25.25,25.3125,1.6,0.0,0.0,0.0
19.82574,0x2B0,0.0,0.0,1.0,6.25,1.77,0.22,25.71875,25.78125,25.25,25.3125,1.6,0.0,0.0,0.0
19.82783,0x316,0.0,0.0,1.0,6.25,1.77,0.22,25.71875,25.78125,25.25,25.3125,1.6,0.0,0.0,0.0
19.83521,0x220,0.0,0.0,1.0,6.25,1.69,-0.02,25.71875,25.78125,25.25,25.3125,1.6,0.0,0.0,0.0
19.83567,0x386,0.0,0.0,1.0,6.25,1.69,-0.02,25.34375,25.5,25.375,25.21875,1.6,0.0,0.0,0.0
19.83586,0x2B0,0.0,0.0,1.0,6.25,1.69,-0.02,25.34375,25.5,25.375,25.21875,1.5,0.0,0.0,0.0
19.83795,0x316,0.0,0.0,1.0,6.25,1.69,-0.02,25.34375,25.5,25.375,25.21875,1.5,0.0,0.0,0.0
19.8452,0x220,0.0,0.0,1.0,6.25,1.62,-0.11,25.34375,25.5,25.375,25.21875,1.5,0.0,0.0,0.0
19.84576,0x2B0,0.0,0.0,1.0,6.25,1.62,-0.11,25.34375,25.5,25.375,25.21875,1.5,0.0,0.0,0.0
19.8491,0x316,0.0,0.0,1.0,6.25,1.62,-0.11,25.34375,25.5,25.375,25.21875,1.5,0.0,0.0,0.0
19.85521,0x220,0.0,0.0,1.0,6.25,1.61,-0.05,25.34375,25.5,25.375,25.21875,1.5,0.0,0.0,0.0
19.85568,0x386,0.0,0.0,1.0,6.25,1.61,-0.05,25.4375,25.71875,25.34375,25.28125,1.5,0.0,0.0,0.0
19.85586,0x2B0,0.0,0.0,1.0,6.25,1.61,-0.05,25.4375,25.71875,25.34375,25.28125,1.5,0.0,0.0,0.0
19.85789,0x316,0.0,0.0,1.0,6.25,1.61,-0.05,25.4375,25.71875,25.34375,25.28125,1.5,0.0,0.0,0.0
19.8652,0x220,0.0,0.0,1.0,6.25,1.61,0.0,25.4375,25.71875,25.34375,25.28125,1.5,0.0,0.0,0.0
19.86575,0x2B0,0.0,0.0,1.0,6.25,1.61,0.0,25.4375,25.71875,25.34375,25.28125,1.5,0.0,0.0,0.0
19.86793,0x316,0.0,0.0,1.0,6.25,1.61,0.0,25.4375,25.71875,25.34375,25.28125,1.5,0.0,0.0,0.0
19.87521,0x220,0.0,0.0,1.0,6.25,1.57,0.05,25.4375,25.71875,25.34375,25.28125,1.5,0.0,0.0,0.0
19.87567,0x386,0.0,0.0,1.0,6.25,1.57,0.05,25.46875,25.53125,25.3125,25.625,1.5,0.0,0.0,0.0
19.87586,0x2B0,0.0,0.0,1.0,6.25,1.57,0.05,25.46875,25.53125,25.3125,25.625,1.5,0.0,0.0,0.0
19.87802,0x316,0.0,0.0,1.0,6.25,1.57,0.05,25.46875,25.53125,25.3125,25.625,1.5,0.0,0.0,0.0
19.88521,0x220,0.0,0.0,1.0,6.25,1.57,0.08,25.46875,25.53125,25.3125,25.625,1.5,0.0,0.0,0.0
19.88576,0x2B0,0.0,0.0,1.0,6.25,1.57,0.08,25.46875,25.53125,25.3125,25.625,1.4,0.0,0.0,0.0
19.88794,0x316,0.0,0.0,1.0,6.25,1.57,0.08,25.46875,25.53125,25.3125,25.625,1.4,0.0,0.0,0.0
19.89521,0x220,0.0,0.0,1.0,6.25,1.57,0.05,25.46875,25.53125,25.3125,25.625,1.4,0.0,0.0,0.0
19.89567,0x386,0.0,0.0,1.0,6.25,1.57,0.05,25.3125,25.46875,25.28125,25.875,1.4,0.0,0.0,0.0
19.89586,0x2B0,0.0,0.0,1.0,6.25,1.57,0.05,25.3125,25.46875,25.28125,25.875,1.4,0.0,0.0,0.0
19.8979,0x316,0.0,0.0,1.0,6.25,1.57,0.05,25.3125,25.46875,25.28125,25.875,1.4,0.0,0.0,0.0
19.9052,0x220,0.0,0.0,1.0,6.25,1.46,-0.06,25.3125,25.46875,25.28125,25.875,1.4,0.0,0.0,0.0
19.90572,0x2B0,0.0,0.0,1.0,6.25,1.46,-0.06,25.3125,25.46875,25.28125,25.875,1.4,0.0,0.0,0.0
19.90783,0x316,0.0,0.0,1.0,6.25,1.46,-0.06,25.3125,25.46875,25.28125,25.875,1.4,0.0,0.0,0.0
19.91521,0x220,0.0,0.0,1.0,6.25,1.25,-0.17,25.3125,25.46875,25.28125,25.875,1.4,0.0,0.0,0.0
19.91567,0x386,0.0,0.0,1.0,6.25,1.25,-0.17,25.53125,25.53125,25.5625,25.5,1.4,0.0,0.0,0.0
19.91586,0x2B0,0.0,0.0,1.0,6.25,1.25,-0.17,25.53125,25.53125,25.5625,25.5,1.4,0.0,0.0,0.0
19.91787,0x316,0.0,0.0,1.0,6.25,1.25,-0.17,25.53125,25.53125,25.5625,25.5,1.4,0.0,0.0,0.0
19.92521,0x220,0.0,0.0,1.0,6.25,1.09,-0.06,25.53125,25.53125,25.5625,25.5,1.4,0.0,0.0,0.0
19.92571,0x2B0,0.0,0.0,1.0,6.25,1.09,-0.06,25.53125,25.53125,25.5625,25.5,1.4,0.0,0.0,0.0
19.92794,0x316,0.0,0.0,1.0,6.25,1.09,-0.06,25.53125,25.53125,25.5625,25.5,1.4,0.0,0.0,0.0
19.9352,0x220,0.0,0.0,1.0,6.25,1.09,0.23,25.53125,25.53125,25.5625,25.5,1.4,0.0,0.0,0.0
19.93567,0x386,0.0,0.0,1.0,6.25,1.09,0.23,25.53125,25.5,25.03125,24.4375,1.4,0.0,0.0,0.0
19.93585,0x2B0,0.0,0.0,1.0,6.25,1.09,0.23,25.53125,25.5,25.03125,24.4375,1.4,0.0,0.0,0.0
19.93802,0x316,0.0,0.0,1.0,6.25,1.09,0.23,25.53125,25.5,25.03125,24.4375,1.4,0.0,0.0,0.0
19.9452,0x220,0.0,0.0,1.0,6.25,1.28,0.42,25.53125,25.5,25.03125,24.4375,1.4,0.0,0.0,0.0
19.94571,0x2B0,0.0,0.0,1.0,6.25,1.28,0.42,25.53125,25.5,25.03125,24.4375,1.4,0.0,0.0,0.0
19.94864,0x316,0.0,0.0,1.0,6.25,1.28,0.42,25.53125,25.5,25.03125,24.4375,1.4,0.0,0.0,0.0
19.95521,0x220,0.0,0.0,1.0,6.25,1.57,0.28,25.53125,25.5,25.03125,24.4375,1.4,0.0,0.0,0.0
19.95567,0x386,0.0,0.0,1.0,6.25,1.57,0.28,25.53125,25.5,24.375,24.5625,1.4,0.0,0.0,0.0
19.95585,0x2B0,0.0,0.0,1.0,6.25,1.57,0.28,25.53125,25.5,24.375,24.5625,1.4,0.0,0.0,0.0
19.95785,0x316,0.0,0.0,1.0,6.25,1.57,0.28,25.53125,25.5,24.375,24.5625,1.4,0.0,0.0,0.0
19.9652,0x220,0.0,0.0,1.0,6.25,1.72,0.05,25.53125,25.5,24.375,24.5625,1.4,0.0,0.0,0.0
19.96571,0x2B0,0.0,0.0,1.0,6.25,1.72,0.05,25.53125,25.5,24.375,24.5625,1.4,0.0,0.0,0.0
19.96801,0x316,0.0,0.0,1.0,6.25,1.72,0.05,25.53125,25.5,24.375,24.5625,1.4,0.0,0.0,0.0
19.9752,0x220,0.0,0.0,1.0,6.25,1.64,-0.09,25.53125,25.5,24.375,24.5625,1.4,0.0,0.0,0.0
19.97567,0x386,0.0,0.0,1.0,6.25,1.64,-0.09,25.625,25.4375,24.25,25.0,1.4,0.0,0.0,0.0
19.97585,0x2B0,0.0,0.0,1.0,6.25,1.64,-0.09,25.625,25.4375,24.25,25.0,1.4,0.0,0.0,0.0
19.97816,0x316,0.0,0.0,1.0,6.25,1.64,-0.09,25.625,25.4375,24.25,25.0,1.4,0.0,0.0,0.0
19.98519,0x220,0.0,0.0,1.0,6.25,1.44,-0.18,25.625,25.4375,24.25,25.0,1.4,0.0,0.0,0.0
19.98568,0x2B0,0.0,0.0,1.0,6.25,1.44,-0.18,25.625,25.4375,24.25,25.0,1.4,0.0,0.0,0.0
19.98783,0x316,0.0,0.0,1.0,6.25,1.44,-0.18,25.625,25.4375,24.25,25.0,1.4,0.0,0.0,0.0
19.99521,0x220,0.0,0.0,1.0,6.25,1.26,-0.23,25.625,25.4375,24.25,25.0,1.4,0.0,0.0,0.0
19.99566,0x386,0.0,0.0,1.0,6.25,1.26,-0.23,25.4375,25.4375,24.84375,24.75,1.4,0.0,0.0,0.0
19.99585,0x2B0,0.0,0.0,1.0,6.25,1.26,-0.23,25.4375,25.4375,24.84375,24.75,1.4,0.0,0.0,0.0
19.99787,0x316,0.0,0.0,1.0,6.25,1.26,-0.23,25.4375,25.4375,24.84375,24.75,1.4,0.0,0.0,0.0
20.00519,0x220,0.0,0.0,1.0,6.25,1.15,-0.13,25.4375,25.4375,24.84375,24.75,1.4,0.0,0.0,0.0
20.00568,0x2B0,0.0,0.0,1.0,6.25,1.15,-0.13,25.4375,25.4375,24.84375,24.75,1.4,0.0,0.0,0.0
20.00791,0x316,0.0,0.0,1.0,6.25,1.15,-0.13,25.4375,25.4375,24.84375,24.75,1.4,0.0,0.0,0.0
20.0152,0x220,0.0,0.0,1.0,6.25,1.16,0.1,25.4375,25.4375,24.84375,24.75,1.4,0.0,0.0,0.0
20.01566,0x386,0.0,0.0,1.0,6.25,1.16,0.1,25.34375,25.375,24.6875,24.65625,1.4,0.0,0.0,0.0
20.01584,0x2B0,0.0,0.0,1.0,6.25,1.16,0.1,25.34375,25.375,24.6875,24.65625,1.4,0.0,0.0,0.0
20.01798,0x316,0.0,0.0,1.0,6.25,1.16,0.1,25.34375,25.375,24.6875,24.65625,1.4,0.0,0.0,0.0
20.0252,0x220,0.0,0.0,1.0,6.25,1.37,0.25,25.34375,25.375,24.6875,24.65625,1.4,0.0,0.0,0.0
20.02568,0x2B0,0.0,0.0,1.0,6.25,1.37,0.25,25.34375,25.375,24.6875,24.65625,1.4,0.0,0.0,0.0
20.02783,0x316,0.0,0.0,1.0,6.25,1.37,0.25,25.34375,25.375,24.6875,24.65625,1.4,0.0,0.0,0.0
20.03521,0x220,0.0,0.0,1.0,6.25,1.69,0.19,25.34375,25.375,24.6875,24.65625,1.4,0.0,0.0,0.0
20.03567,0x386,0.0,0.0,1.0,6.25,1.69,0.19,25.21875,25.25,24.4375,24.65625,1.4,0.0,0.0,0.0
20.03586,0x2B0,0.0,0.0,1.0,6.25,1.69,0.19,25.21875,25.25,24.4375,24.65625,1.4,0.0,0.0,0.0
20.038,0x316,0.0,0.0,1.0,6.25,1.69,0.19,25.21875,25.25,24.4375,24.65625,1.4,0.0,0.0,0.0
20.04522,0x220,0.0,0.0,1.0,6.25,1.89,0.01,25.21875,25.25,24.4375,24.65625,1.4,0.0,0.0,0.0
20.04568,0x2B0,0.0,0.0,1.0,6.25,1.89,0.01,25.21875,25.25,24.4375,24.65625,1.4,0.0,0.0,0.0
20.04888,0x316,0.0,0.0,1.0,6.25,1.89,0.01,25.21875,25.25,24.4375,24.65625,1.4,0.0,0.0,0.0
20.05521,0x220,0.0,0.0,1.0,6.25,1.9,-0.12,25.21875,25.25,24.4375,24.65625,1.4,0.0,0.0,0.0
20.05568,0x386,0.0,0.0,1.0,6.25,1.9,-0.12,25.09375,25.15625,24.90625,24.75,1.4,0.0,0.0,0.0
20.05586,0x2B0,0.0,0.0,1.0,6.25,1.9,-0.12,25.09375,25.15625,24.90625,24.75,1.4,0.0,0.0,0.0
20.05798,0x316,0.0,0.0,1.0,6.25,1.9,-0.12,25.09375,25.15625,24.90625,24.75,1.4,0.0,0.0,0.0
20.0652,0x220,0.0,0.0,1.0,6.25,1.67,-0.24,25.09375,25.15625,24.90625,24.75,1.4,0.0,0.0,0.0
20.06568,0x2B0,0.0,0.0,1.0,6.25,1.67,-0.24,25.09375,25.15625,24.90625,24.75,1.4,0.0,0.0,0.0
20.06792,0x316,0.0,0.0,1.0,6.25,1.67,-0.24,25.09375,25.15625,24.90625,24.75,1.4,0.0,0.0,0.0
20.0752,0x220,0.0,0.0,1.0,6.25,1.27,-0.22,25.09375,25.15625,24.90625,24.75,1.4,0.0,0.0,0.0
20.07567,0x386,0.0,0.0,1.0,6.25,1.27,-0.22,25.0625,25.15625,24.625,25.0625,1.4,0.0,0.0,0.0
20.07585,0x2B0,0.0,0.0,1.0,6.25,1.27,-0.22,25.0625,25.15625,24.625,25.0625,1.4,0.0,0.0,0.0
20.07804,0x316,0.0,0.0,1.0,6.25,1.27,-0.22,25.0625,25.15625,24.625,25.0625,1.4,0.0,0.0,0.0
20.0852,0x220,0.0,0.0,1.0,6.25,0.91,-0.12,25.0625,25.15625,24.625,25.0625,1.4,0.0,0.0,0.0
20.08569,0x2B0,0.0,0.0,1.0,6.25,0.91,-0.12,25.0625,25.15625,24.625,25.0625,1.4,0.0,0.0,0.0
20.08794,0x316,0.0,0.0,1.0,6.25,0.91,-0.12,25.0625,25.15625,24.625,25.0625,1.4,0.0,0.0,0.0
20.09521,0x220,0.0,0.0,1.0,6.25,0.71,-0.04,25.0625,25.15625,24.625,25.0625,1.4,0.0,0.0,0.0
20.09567,0x386,0.0,0.0,1.0,6.25,0.71,-0.04,24.96875,25.0,24.84375,24.875,1.4,0.0,0.0,0.0
20.09585,0x2B0,0.0,0.0,1.0,6.25,0.71,-0.04,24.96875,25.0,24.84375,24.875,1.4,0.0,0.0,0.0
20.09792,0x316,0.0,0.0,1.0,6.25,0.71,-0.04,24.96875,25.0,24.84375,24.875,1.4,0.0,0.0,0.0
20.10519,0x220,0.0,0.0,1.0,6.25,0.8,0.06,24.96875,25.0,24.84375,24.875,1.4,0.0,0.0,0.0
20.10573,0x2B0,0.0,0.0,1.0,6.25,0.8,0.06,24.96875,25.0,24.84375,24.875,1.4,0.0,0.0,0.0
20.10784,0x316,0.0,0.0,1.0,6.25,0.8,0.06,24.96875,25.0,24.84375,24.875,1.4,0.0,0.0,0.0
20.1152,0x220,0.0,0.0,1.0,6.25,1.25,0.11,24.96875,25.0,24.84375,24.875,1.4,0.0,0.0,0.0
20.11566,0x386,0.0,0.0,1.0,6.25,1.25,0.11,24.9375,25.125,24.875,24.90625,1.4,0.0,0.0,0.0
20.11585,0x2B0,0.0,0.0,1.0,6.25,1.25,0.11,24.9375,25.125,24.875,24.90625,1.3,0.0,0.0,0.0
20.11785,0x316,0.0,0.0,1.0,6.25,1.25,0.11,24.9375,25.125,24.875,24.90625,1.3,0.0,0.0,0.0
20.12519,0x220,0.0,0.0,1.0,6.25,1.74,0.13,24.9375,25.125,24.875,24.90625,1.3,0.0,0.0,0.0
20.12575,0x2B0,0.0,0.0,1.0,6.25,1.74,0.13,24.9375,25.125,24.875,24.90625,1.3,0.0,0.0,0.0
20.12786,0x316,0.0,0.0,1.0,6.25,1.74,0.13,24.9375,25.125,24.875,24.90625,1.3,0.0,0.0,0.0
20.1352,0x220,0.0,0.0,1.0,6.25,1.97,0.14,24.9375,25.125,24.875,24.90625,1.3,0.0,0.0,0.0
20.13566,0x386,0.0,0.0,1.0,6.25,1.97,0.14,24.8125,24.96875,24.875,24.90625,1.3,0.0,0.0,0.0
20.13585,0x2B0,0.0,0.0,1.0,6.25,1.97,0.14,24.8125,24.96875,24.875,24.90625,1.2,0.0,0.0,0.0
20.13803,0x316,0.0,0.0,1.0,6.25,1.97,0.14,24.8125,24.96875,24.875,24.90625,1.2,0.0,0.0,0.0
20.14501,0x220,0.0,0.0,1.0,6.25,1.87,0.12,24.8125,24.96875,24.875,24.90625,1.2,0.0,0.0,0.0
20.14575,0x2B0,0.0,0.0,1.0,6.25,1.87,0.12,24.8125,24.96875,24.875,24.90625,1.2,0.0,0.0,0.0
20.14866,0x316,0.0,0.0,1.0,6.25,1.87,0.12,24.8125,24.96875,24.875,24.90625,1.2,0.0,0.0,0.0
20.15519,0x220,0.0,0.0,1.0,6.25,1.55,0.07,24.8125,24.96875,24.875,24.90625,1.2,0.0,0.0,0.0
20.15565,0x386,0.0,0.0,1.0,6.25,1.55,0.07,24.875,24.9375,24.875,24.8125,1.2,0.0,0.0,0.0
20.15584,0x2B0,0.0,0.0,1.0,6.25,1.55,0.07,24.875,24.9375,24.875,24.8125,1.1,0.0,0.0,0.0
20.15785,0x316,0.0,0.0,1.0,6.25,1.55,0.07,24.875,24.9375,24.875,24.8125,1.1,0.0,0.0,0.0
20.1652,0x220,0.0,0.0,1.0,6.25,1.2,0.0,24.875,24.9375,24.875,24.8125,1.1,0.0,0.0,0.0
20.16575,0x2B0,0.0,0.0,1.0,6.25,1.2,0.0,24.875,24.9375,24.875,24.8125,1.1,0.0,0.0,0.0
20.16797,0x316,0.0,0.0,1.0,6.25,1.2,0.0,24.875,24.9375,24.875,24.8125,1.1,0.0,0.0,0.0
20.17521,0x220,0.0,0.0,1.0,6.25,1.0,-0.06,24.875,24.9375,24.875,24.8125,1.1,0.0,0.0,0.0
20.17567,0x386,0.0,0.0,1.0,6.25,1.0,-0.06,24.84375,24.90625,24.8125,24.84375,1.1,0.0,0.0,0.0
20.17585,0x2B0,0.0,0.0,1.0,6.25,1.0,-0.06,24.84375,24.90625,24.8125,24.84375,1.1,0.0,0.0,0.0
20.17813,0x316,0.0,0.0,1.0,6.25,1.0,-0.06,24.84375,24.90625,24.8125,24.84375,1.1,0.0,0.0,0.0
20.18519,0x220,0.0,0.0,1.0,6.25,1.05,-0.06,24.84375,24.90625,24.8125,24.84375,1.1,0.0,0.0,0.0
20.18576,0x2B0,0.0,0.0,1.0,6.25,1.05,-0.06,24.84375,24.90625,24.8125,24.84375,1.1,0.0,0.0,0.0
20.18785,0x316,0.0,0.0,1.0,6.25,1.05,-0.06,24.84375,24.90625,24.8125,24.84375,1.1,0.0,0.0,0.0
20.19521,0x220,0.0,0.0,1.0,6.25,1.2,0.1,24.84375,24.90625,24.8125,24.84375,1.1,0.0,0.0,0.0
20.19567,0x386,0.0,0.0,1.0,6.25,1.2,0.1,24.90625,24.84375,24.78125,25.03125,1.1,0.0,0.0,0.0
20.19585,0x2B0,0.0,0.0,1.0,6.25,1.2,0.1,24.90625,24.84375,24.78125,25.03125,1.0,0.0,0.0,0.0
20.19785,0x316,0.0,0.0,1.0,6.25,1.2,0.1,24.90625,24.84375,24.78125,25.03125,1.0,0.0,0.0,0.0
20.2052,0x220,0.0,0.0,1.0,6.25,1.3,0.26,24.90625,24.84375,24.78125,25.03125,1.0,0.0,0.0,0.0
20.2057,0x2B0,0.0,0.0,1.0,6.25,1.3,0.26,24.90625,24.84375,24.78125,25.03125,1.0,0.0,0.0,0.0
20.20783,0x316,0.0,0.0,1.0,6.25,1.3,0.26,24.90625,24.84375,24.78125,25.03125,1.0,0.0,0.0,0.0
20.2152,0x220,0.0,0.0,1.0,6.25,1.33,0.23,24.90625,24.84375,24.78125,25.03125,1.0,0.0,0.0,0.0
20.21566,0x386,0.0,0.0,1.0,6.25,1.33,0.23,24.9375,24.84375,24.5625,24.71875,1.0,0.0,0.0,0.0
20.21585,0x2B0,0.0,0.0,1.0,6.25,1.33,0.23,24.9375,24.84375,24.5625,24.71875,1.0,0.0,0.0,0.0
20.21791,0x316,0.0,0.0,1.0,6.25,1.33,0.23,24.9375,24.84375,24.5625,24.71875,1.0,0.0,0.0,0.0
20.2252,0x220,0.0,0.0,1.0,6.25,1.26,0.14,24.9375,24.84375,24.5625,24.71875,1.0,0.0,0.0,0.0
20.2257,0x2B0,0.0,0.0,1.0,6.25,1.26,0.14,24.9375,24.84375,24.5625,24.71875,1.0,0.0,0.0,0.0
20.22783,0x316,0.0,0.0,1.0,6.25,1.26,0.14,24.9375,24.84375,24.5625,24.71875,1.0,0.0,0.0,0.0
20.23519,0x220,0.0,0.0,1.0,6.25,1.16,0.06,24.9375,24.84375,24.5625,24.71875,1.0,0.0,0.0,0.0
20.23566,0x386,0.0,0.0,1.0,6.25,1.16,0.06,25.0,24.90625,24.34375,24.5,1.0,0.0,0.0,0.0
20.23584,0x2B0,0.0,0.0,1.0,6.25,1.16,0.06,25.0,24.90625,24.34375,24.5,1.0,0.0,0.0,0.0
20.23807,0x316,0.0,0.0,1.0,6.25,1.16,0.06,25.0,24.90625,24.34375,24.5,1.0,0.0,0.0,0.0
20.24506,0x220,0.0,0.0,1.0,6.25,1.13,0.0,25.0,24.90625,24.34375,24.5,1.0,0.0,0.0,0.0
20.2457,0x2B0,0.0,0.0,1.0,6.25,1.13,0.0,25.0,24.90625,24.34375,24.5,1.0,0.0,0.0,0.0
20.24885,0x316,0.0,0.0,1.0,6.25,1.13,0.0,25.0,24.90625,24.34375,24.5,1.0,0.0,0.0,0.0
20.2552,0x220,0.0,0.0,1.0,6.25,1.11,0.0,25.0,24.90625,24.34375,24.5,1.0,0.0,0.0,0.0
20.25566,0x386,0.0,0.0,1.0,6.25,1.11,0.0,24.96875,24.875,24.375,24.4375,1.0,0.0,0.0,0.0
20.25585,0x2B0,0.0,0.0,1.0,6.25,1.11,0.0,24.96875,24.875,24.375,24.4375,1.0,0.0,0.0,0.0
20.25792,0x316,0.0,0.0,1.0,6.25,1.11,0.0,24.96875,24.875,24.375,24.4375,1.0,0.0,0.0,0.0
20.26519,0x220,0.0,0.0,1.0,6.25,1.09,0.07,24.96875,24.875,24.375,24.4375,1.0,0.0,0.0,0.0
20.2657,0x2B0,0.0,0.0,1.0,6.25,1.09,0.07,24.96875,24.875,24.375,24.4375,1.0,0.0,0.0,0.0
20.26791,0x316,0.0,0.0,1.0,6.25,1.09,0.07,24.96875,24.875,24.375,24.4375,1.0,0.0,0.0,0.0
20.27523,0x220,0.0,0.0,1.0,6.25,1.1,0.25,24.96875,24.875,24.375,24.4375,1.0,0.0,0.0,0.0
20.2757,0x386,0.0,0.0,1.0,6.25,1.1,0.25,25.09375,24.96875,24.3125,24.65625,1.0,0.0,0.0,0.0
20.27589,0x2B0,0.0,0.0,1.0,6.25,1.1,0.25,25.09375,24.96875,24.3125,24.65625,1.0,0.0,0.0,0.0
20.27803,0x316,0.0,0.0,1.0,6.25,1.1,0.25,25.09375,24.96875,24.3125,24.65625,1.0,0.0,0.0,0.0
20.28519,0x220,0.0,0.0,1.0,6.25,1.13,0.42,25.09375,24.96875,24.3125,24.65625,1.0,0.0,0.0,0.0
20.2857,0x2B0,0.0,0.0,1.0,6.25,1.13,0.42,25.09375,24.96875,24.3125,24.65625,1.0,0.0,0.0,0.0
20.28787,0x316,0.0,0.0,1.0,6.25,1.13,0.42,25.09375,24.96875,24.3125,24.65625,1.0,0.0,0.0,0.0
20.2952,0x220,0.0,0.0,1.0,6.25,1.2,0.43,25.09375,24.96875,24.3125,24.65625,1.0,0.0,0.0,0.0
20.29567,0x386,0.0,0.0,1.0,6.25,1.2,0.43,24.96875,24.9375,23.875,24.5,1.0,0.0,0.0,0.0
20.29585,0x2B0,0.0,0.0,1.0,6.25,1.2,0.43,24.96875,24.9375,23.875,24.5,1.0,0.0,0.0,0.0
20.29792,0x316,0.0,0.0,1.0,6.25,1.2,0.43,24.96875,24.9375,23.875,24.5,1.0,0.0,0.0,0.0
20.3052,0x220,0.0,0.0,1.0,6.25,1.29,0.29,24.96875,24.9375,23.875,24.5,1.0,0.0,0.0,0.0
20.30576,0x2B0,0.0,0.0,1.0,6.25,1.29,0.29,24.96875,24.9375,23.875,24.5,1.0,0.0,0.0,0.0
20.30782,0x316,0.0,0.0,1.0,6.25,1.29,0.29,24.96875,24.9375,23.875,24.5,1.0,0.0,0.0,0.0
20.3152,0x220,0.0,0.0,1.0,6.25,1.33,0.06,24.96875,24.9375,23.875,24.5,1.0,0.0,0.0,0.0
20.31566,0x386,0.0,0.0,1.0,6.25,1.33,0.06,24.90625,24.96875,23.96875,24.0,1.0,0.0,0.0,0.0
20.31585,0x2B0,0.0,0.0,1.0,6.25,1.33,0.06,24.90625,24.96875,23.96875,24.0,1.0,0.0,0.0,0.0
20.31787,0x316,0.0,0.0,1.0,6.25,1.33,0.06,24.90625,24.96875,23.96875,24.0,1.0,0.0,0.0,0.0
20.3252,0x220,0.0,0.0,1.0,6.25,1.29,-0.04,24.90625,24.96875,23.96875,24.0,1.0,0.0,0.0,0.0
20.32574,0x2B0,0.0,0.0,1.0,6.25,1.29,-0.04,24.90625,24.96875,23.96875,24.0,0.9,0.0,0.0,0.0
20.32785,0x316,0.0,0.0,1.0,6.25,1.29,-0.04,24.90625,24.96875,23.96875,24.0,0.9,0.0,0.0,0.0
20.3352,0x220,0.0,0.0,1.0,6.25,1.2,0.04,24.90625,24.96875,23.96875,24.0,0.9,0.0,0.0,0.0
20.33566,0x386,0.0,0.0,1.0,6.25,1.2,0.04,24.84375,24.875,24.46875,24.34375,0.9,0.0,0.0,0.0
20.33585,0x2B0,0.0,0.0,1.0,6.25,1.2,0.04,24.84375,24.875,24.46875,24.34375,0.9,0.0,0.0,0.0
20.33809,0x316,0.0,0.0,1.0,6.25,1.2,0.04,24.84375,24.875,24.46875,24.34375,0.9,0.0,0.0,0.0
20.34519,0x220,0.0,0.0,1.0,6.25,1.15,0.31,24.84375,24.875,24.46875,24.34375,0.9,0.0,0.0,0.0
20.3457,0x2B0,0.0,0.0,1.0,6.25,1.15,0.31,24.84375,24.875,24.46875,24.34375,0.9,0.0,0.0,0.0
20.34868,0x316,0.0,0.0,1.0,6.25,1.15,0.31,24.84375,24.875,24.46875,24.34375,0.9,0.0,0.0,0.0
20.3552,0x220,0.0,0.0,1.0,6.25,1.24,0.5,24.84375,24.875,24.46875,24.34375,0.9,0.0,0.0,0.0
20.35566,0x386,0.0,0.0,1.0,6.25,1.24,0.5,24.71875,24.875,24.34375,24.71875,0.9,0.0,0.0,0.0
20.35584,0x2B0,0.0,0.0,1.0,6.25,1.24,0.5,24.71875,24.875,24.34375,24.71875,0.9,0.0,0.0,0.0
20.35787,0x316,0.0,0.0,1.0,6.25,1.24,0.5,24.71875,24.875,24.34375,24.71875,0.9,0.0,0.0,0.0
20.36519,0x220,0.0,0.0,1.0,6.25,1.43,0.37,24.71875,24.875,24.34375,24.71875,0.9,0.0,0.0,0.0
20.36572,0x2B0,0.0,0.0,1.0,6.25,1.43,0.37,24.71875,24.875,24.34375,24.71875,0.8,0.0,0.0,0.0
20.36792,0x316,0.0,0.0,1.0,6.25,1.43,0.37,24.71875,24.875,24.34375,24.71875,0.8,0.0,0.0,0.0
20.37504,0x220,0.0,0.0,1.0,6.25,1.63,0.0,24.71875,24.875,24.34375,24.71875,0.8,0.0,0.0,0.0
20.37575,0x386,0.0,0.0,1.0,6.25,1.63,0.0,24.65625,24.78125,24.34375,24.1875,0.8,0.0,0.0,0.0
20.37593,0x2B0,0.0,0.0,1.0,6.25,1.63,0.0,24.65625,24.78125,24.34375,24.1875,0.8,0.0,0.0,0.0
20.37808,0x316,0.0,0.0,1.0,6.25,1.63,0.0,24.65625,24.78125,24.34375,24.1875,0.8,0.0,0.0,0.0
20.3852,0x220,0.0,0.0,1.0,6.25,1.73,-0.23,24.65625,24.78125,24.34375,24.1875,0.8,0.0,0.0,0.0
20.38572,0x2B0,0.0,0.0,1.0,6.25,1.73,-0.23,24.65625,24.78125,24.34375,24.1875,0.8,0.0,0.0,0.0
20.38783,0x316,0.0,0.0,1.0,6.25,1.73,-0.23,24.65625,24.78125,24.34375,24.1875,0.8,0.0,0.0,0.0
20.3952,0x220,0.0,0.0,1.0,6.25,1.73,-0.17,24.65625,24.78125,24.34375,24.1875,0.8,0.0,0.0,0.0
20.39566,0x386,0.0,0.0,1.0,6.25,1.73,-0.17,24.625,24.71875,24.34375,24.0625,0.8,0.0,0.0,0.0
20.39585,0x2B0,0.0,0.0,1.0,6.25,1.73,-0.17,24.625,24.71875,24.34375,24.0625,0.8,0.0,0.0,0.0
20.39789,0x316,0.0,0.0,1.0,6.25,1.73,-0.17,24.625,24.71875,24.34375,24.0625,0.8,0.0,0.0,0.0
20.40519,0x220,0.0,0.0,1.0,6.25,1.71,0.04,24.625,24.71875,24.34375,24.0625,0.8,0.0,0.0,0.0
20.40574,0x2B0,0.0,0.0,1.0,6.25,1.71,0.04,24.625,24.71875,24.34375,24.0625,0.7,0.0,0.0,0.0
20.40781,0x316,0.0,0.0,1.0,6.25,1.71,0.04,24.625,24.71875,24.34375,24.0625,0.7,0.0,0.0,0.0
20.4152,0x220,0.0,0.0,1.0,6.25,1.68,0.17,24.625,24.71875,24.34375,24.0625,0.7,0.0,0.0,0.0
20.41566,0x386,0.0,0.0,1.0,6.25,1.68,0.17,24.59375,24.71875,24.28125,24.4375,0.7,0.0,0.0,0.0
20.41585,0x2B0,0.0,0.0,1.0,6.25,1.68,0.17,24.59375,24.71875,24.28125,24.4375,0.7,0.0,0.0,0.0
20.41799,0x316,0.0,0.0,1.0,6.25,1.68,0.17,24.59375,24.71875,24.28125,24.4375,0.7,0.0,0.0,0.0
20.42519,0x220,0.0,0.0,1.0,6.25,1.64,0.1,24.59375,24.71875,24.28125,24.4375,0.7,0.0,0.0,0.0
20.42573,0x2B0,0.0,0.0,1.0,6.25,1.64,0.1,24.59375,24.71875,24.28125,24.4375,0.7,0.0,0.0,0.0
20.42781,0x316,0.0,0.0,1.0,6.25,1.64,0.1,24.59375,24.71875,24.28125,24.4375,0.7,0.0,0.0,0.0
20.4352,0x220,0.0,0.0,1.0,6.25,1.65,-0.03,24.59375,24.71875,24.28125,24.4375,0.7,0.0,0.0,0.0
20.43566,0x386,0.0,0.0,1.0,6.25,1.65,-0.03,24.5625,24.5,24.1875,24.5,0.7,0.0,0.0,0.0
20.43585,0x2B0,0.0,0.0,1.0,6.25,1.65,-0.03,24.5625,24.5,24.1875,24.5,0.6,0.0,0.0,0.0
20.43812,0x316,0.0,0.0,1.0,6.25,1.65,-0.03,24.5625,24.5,24.1875,24.5,0.6,0.0,0.0,0.0
20.44518,0x220,0.0,0.0,1.0,6.25,1.74,-0.13,24.5625,24.5,24.1875,24.5,0.6,0.0,0.0,0.0
20.44573,0x2B0,0.0,0.0,1.0,6.25,1.74,-0.13,24.5625,24.5,24.1875,24.5,0.6,0.0,0.0,0.0
20.44875,0x316,0.0,0.0,1.0,6.25,1.74,-0.13,24.5625,24.5,24.1875,24.5,0.6,0.0,0.0,0.0
20.45519,0x220,0.0,0.0,1.0,6.25,1.79,-0.13,24.5625,24.5,24.1875,24.5,0.6,0.0,0.0,0.0
20.45566,0x386,0.0,0.0,1.0,6.25,1.79,-0.13,24.5,24.5,24.15625,24.40625,0.6,0.0,0.0,0.0
20.45585,0x2B0,0.0,0.0,1.0,6.25,1.79,-0.13,24.5,24.5,24.15625,24.40625,0.6,0.0,0.0,0.0
20.45798,0x316,0.0,0.0,1.0,6.25,1.79,-0.13,24.5,24.5,24.15625,24.40625,0.6,0.0,0.0,0.0
20.46519,0x220,0.0,0.0,1.0,6.25,1.77,-0.09,24.5,24.5,24.15625,24.40625,0.6,0.0,0.0,0.0
20.46574,0x2B0,0.0,0.0,1.0,6.25,1.77,-0.09,24.5,24.5,24.15625,24.40625,0.5,0.0,0.0,0.0
20.46792,0x316,0.0,0.0,1.0,6.25,1.77,-0.09,24.5,24.5,24.15625,24.40625,0.5,0.0,0.0,0.0
20.47507,0x220,0.0,0.0,1.0,6.25,1.69,-0.05,24.5,24.5,24.15625,24.40625,0.5,0.0,0.0,0.0
20.47572,0x2B0,0.0,0.0,1.0,6.25,1.69,-0.05,24.5,24.5,24.15625,24.40625,0.5,0.0,0.0,0.0
20.47596,0x386,0.0,0.0,1.0,6.25,1.69,-0.05,24.53125,24.40625,24.15625,24.28125,0.5,0.0,0.0,0.0
20.47803,0x316,0.0,0.0,1.0,6.25,1.69,-0.05,24.53125,24.40625,24.15625,24.28125,0.5,0.0,0.0,0.0
20.48519,0x220,0.0,0.0,1.0,6.25,1.64,0.0,24.53125,24.40625,24.15625,24.28125,0.5,0.0,0.0,0.0
20.48567,0x2B0,0.0,0.0,1.0,6.25,1.64,0.0,24.53125,24.40625,24.15625,24.28125,0.5,0.0,0.0,0.0
20.48783,0x316,0.0,0.0,1.0,6.25,1.64,0.0,24.53125,24.40625,24.15625,24.28125,0.5,0.0,0.0,0.0
20.4952,0x220,0.0,0.0,1.0,6.25,1.57,-0.02,24.53125,24.40625,24.15625,24.28125,0.5,0.0,0.0,0.0
20.49567,0x386,0.0,0.0,1.0,6.25,1.57,-0.02,24.53125,24.40625,24.0,24.34375,0.5,0.0,0.0,0.0
20.49585,0x2B0,0.0,0.0,1.0,6.25,1.57,-0.02,24.53125,24.40625,24.0,24.34375,0.5,0.0,0.0,0.0
20.49791,0x316,0.0,0.0,1.0,6.25,1.57,-0.02,24.53125,24.40625,24.0,24.34375,0.5,0.0,0.0,0.0
20.5052,0x220,0.0,0.0,1.0,6.25,1.48,-0.13,24.53125,24.40625,24.0,24.34375,0.5,0.0,0.0,0.0
20.50569,0x2B0,0.0,0.0,1.0,6.25,1.48,-0.13,24.53125,24.40625,24.0,24.34375,0.5,0.0,0.0,0.0
20.50785,0x316,0.0,0.0,1.0,6.25,1.48,-0.13,24.53125,24.40625,24.0,24.34375,0.5,0.0,0.0,0.0
20.5152,0x220,0.0,0.0,1.0,6.25,1.38,-0.23,24.53125,24.40625,24.0,24.34375,0.5,0.0,0.0,0.0
20.51567,0x386,0.0,0.0,1.0,6.25,1.38,-0.23,24.53125,24.4375,24.25,24.40625,0.5,0.0,0.0,0.0
20.51586,0x2B0,0.0,0.0,1.0,6.25,1.38,-0.23,24.53125,24.4375,24.25,24.40625,0.5,0.0,0.0,0.0
20.51785,0x316,0.0,0.0,1.0,6.25,1.38,-0.23,24.53125,24.4375,24.25,24.40625,0.5,0.0,0.0,0.0
20.5252,0x220,0.0,0.0,1.0,6.25,1.27,-0.2,24.53125,24.4375,24.25,24.40625,0.5,0.0,0.0,0.0
20.52571,0x2B0,0.0,0.0,1.0,6.25,1.27,-0.2,24.53125,24.4375,24.25,24.40625,0.6,0.0,0.0,0.0
20.52783,0x316,0.0,0.0,1.0,6.25,1.27,-0.2,24.53125,24.4375,24.25,24.40625,0.6,0.0,0.0,0.0
20.53521,0x220,0.0,0.0,1.0,6.25,1.25,-0.04,24.53125,24.4375,24.25,24.40625,0.6,0.0,0.0,0.0
20.53569,0x386,0.0,0.0,1.0,6.25,1.25,-0.04,24.4375,24.40625,24.1875,24.25,0.6,0.0,0.0,0.0
20.53588,0x2B0,0.0,0.0,1.0,6.25,1.25,-0.04,24.4375,24.40625,24.1875,24.25,0.6,0.0,0.0,0.0
20.53816,0x316,0.0,0.0,1.0,6.25,1.25,-0.04,24.4375,24.40625,24.1875,24.25,0.6,0.0,0.0,0.0
20.54522,0x220,0.0,0.0,1.0,6.25,1.35,0.06,24.4375,24.40625,24.1875,24.25,0.6,0.0,0.0,0.0
20.54568,0x2B0,0.0,0.0,1.0,6.25,1.35,0.06,24.4375,24.40625,24.1875,24.25,0.6,0.0,0.0,0.0
20.54869,0x316,0.0,0.0,1.0,6.25,1.35,0.06,24.4375,24.40625,24.1875,24.25,0.6,0.0,0.0,0.0
20.55522,0x220,0.0,0.0,1.0,6.25,1.5,0.07,24.4375,24.40625,24.1875,24.25,0.6,0.0,0.0,0.0
20.55569,0x386,0.0,0.0,1.0,6.25,1.5,0.07,24.46875,24.53125,24.0625,24.15625,0.6,0.0,0.0,0.0
20.55588,0x2B0,0.0,0.0,1.0,6.25,1.5,0.07,24.46875,24.53125,24.0625,24.15625,0.6,0.0,0.0,0.0
20.55786,0x316,0.0,0.0,1.0,6.25,1.5,0.07,24.46875,24.53125,24.0625,24.15625,0.6,0.0,0.0,0.0
20.56522,0x220,0.0,0.0,1.0,6.25,1.59,0.01,24.46875,24.53125,24.0625,24.15625,0.6,0.0,0.0,0.0
20.56569,0x2B0,0.0,0.0,1.0,6.25,1.59,0.01,24.46875,24.53125,24.0625,24.15625,0.6,0.0,0.0,0.0
20.5679,0x316,0.0,0.0,1.0,6.25,1.59,0.01,24.46875,24.53125,24.0625,24.15625,0.6,0.0,0.0,0.0
20.57523,0x220,0.0,0.0,1.0,6.25,1.6,0.0,24.46875,24.53125,24.0625,24.15625,0.6,0.0,0.0,0.0
20.57571,0x386,0.0,0.0,1.0,6.25,1.6,0.0,24.4375,24.34375,24.0625,24.09375,0.6,0.0,0.0,0.0
20.57589,0x2B0,0.0,0.0,1.0,6.25,1.6,0.0,24.4375,24.34375,24.0625,24.09375,0.6,0.0,0.0,0.0
20.57815,0x316,0.0,0.0,1.0,6.25,1.6,0.0,24.4375,24.34375,24.0625,24.09375,0.6,0.0,0.0,0.0
20.58523,0x220,0.0,0.0,1.0,6.25,1.52,0.02,24.4375,24.34375,24.0625,24.09375,0.6,0.0,0.0,0.0
20.58569,0x2B0,0.0,0.0,1.0,6.25,1.52,0.02,24.4375,24.34375,24.0625,24.09375,0.6,0.0,0.0,0.0
20.58785,0x316,0.0,0.0,1.0,6.25,1.52,0.02,24.4375,24.34375,24.0625,24.09375,0.6,0.0,0.0,0.0
20.59523,0x220,0.0,0.0,1.0,6.25,1.37,0.1,24.4375,24.34375,24.0625,24.09375,0.6,0.0,0.0,0.0
20.5957,0x386,0.0,0.0,1.0,6.25,1.37,0.1,24.40625,24.40625,24.0,24.09375,0.6,0.0,0.0,0.0
20.59589,0x2B0,0.0,0.0,1.0,6.25,1.37,0.1,24.40625,24.40625,24.0,24.09375,0.6,0.0,0.0,0.0
20.59788,0x316,0.0,0.0,1.0,6.25,1.37,0.1,24.40625,24.40625,24.0,24.09375,0.6,0.0,0.0,0.0
20.60523,0x220,0.0,0.0,1.0,6.25,1.19,0.17,24.40625,24.40625,24.0,24.09375,0.6,0.0,0.0,0.0
20.60569,0x2B0,0.0,0.0,1.0,6.25,1.19,0.17,24.40625,24.40625,24.0,24.09375,0.6,0.0,0.0,0.0
20.60781,0x316,0.0,0.0,1.0,6.25,1.19,0.17,24.40625,24.40625,24.0,24.09375,0.6,0.0,0.0,0.0
20.61524,0x220,0.0,0.0,1.0,6.25,1.05,0.08,24.40625,24.40625,24.0,24.09375,0.6,0.0,0.0,0.0
20.61571,0x386,0.0,0.0,1.0,6.25,1.05,0.08,24.28125,24.4375,23.96875,23.9375,0.6,0.0,0.0,0.0
20.6159,0x2B0,0.0,0.0,1.0,6.25,1.05,0.08,24.28125,24.4375,23.96875,23.9375,0.7,0.0,0.0,0.0
20.61791,0x316,0.0,0.0,1.0,6.25,1.05,0.08,24.28125,24.4375,23.96875,23.9375,0.7,0.0,0.0,0.0
20.62524,0x220,0.0,0.0,1.0,6.25,1.0,-0.06,24.28125,24.4375,23.96875,23.9375,0.7,0.0,0.0,0.0
20.62569,0x2B0,0.0,0.0,1.0,6.25,1.0,-0.06,24.28125,24.4375,23.96875,23.9375,0.7,0.0,0.0,0.0
20.62782,0x316,0.0,0.0,1.0,6.25,1.0,-0.06,24.28125,24.4375,23.96875,23.9375,0.7,0.0,0.0,0.0
20.63524,0x220,0.0,0.0,1.0,6.25,1.11,-0.07,24.28125,24.4375,23.96875,23.9375,0.7,0.0,0.0,0.0
20.63571,0x386,0.0,0.0,1.0,6.25,1.11,-0.07,24.34375,24.46875,24.0,23.9375,0.7,0.0,0.0,0.0
20.6359,0x2B0,0.0,0.0,1.0,6.25,1.11,-0.07,24.34375,24.46875,24.0,23.9375,0.7,0.0,0.0,0.0
20.63818,0x316,0.0,0.0,1.0,6.25,1.11,-0.07,24.34375,24.46875,24.0,23.9375,0.7,0.0,0.0,0.0
20.64525,0x220,0.0,0.0,1.0,6.25,1.42,0.09,24.34375,24.46875,24.0,23.9375,0.7,0.0,0.0,0.0
20.64567,0x2B0,0.0,0.0,1.0,6.25,1.42,0.09,24.34375,24.46875,24.0,23.9375,0.7,0.0,0.0,0.0
20.64865,0x316,0.0,0.0,1.0,6.25,1.42,0.09,24.34375,24.46875,24.0,23.9375,0.7,0.0,0.0,0.0
20.65524,0x220,0.0,0.0,1.0,6.25,1.78,0.17,24.34375,24.46875,24.0,23.9375,0.7,0.0,0.0,0.0
20.65571,0x386,0.0,0.0,1.0,6.25,1.78,0.17,24.21875,24.46875,24.03125,23.9375,0.7,0.0,0.0,0.0
20.65589,0x2B0,0.0,0.0,1.0,6.25,1.78,0.17,24.21875,24.46875,24.03125,23.9375,0.7,0.0,0.0,0.0
20.65789,0x316,0.0,0.0,1.0,6.25,1.78,0.17,24.21875,24.46875,24.03125,23.9375,0.7,0.0,0.0,0.0
20.66526,0x220,0.0,0.0,1.0,6.25,2.05,0.02,24.21875,24.46875,24.03125,23.9375,0.7,0.0,0.0,0.0
20.66568,0x2B0,0.0,0.0,1.0,6.25,2.05,0.02,24.21875,24.46875,24.03125,23.9375,0.7,0.0,0.0,0.0
20.66792,0x316,0.0,0.0,1.0,6.25,2.05,0.02,24.21875,24.46875,24.03125,23.9375,0.7,0.0,0.0,0.0
20.67525,0x220,0.0,0.0,1.0,6.25,2.09,-0.02,24.21875,24.46875,24.03125,23.9375,0.7,0.0,0.0,0.0
20.67568,0x2B0,0.0,0.0,1.0,6.25,2.09,-0.02,24.21875,24.46875,24.03125,23.9375,0.7,0.0,0.0,0.0
20.67591,0x386,0.0,0.0,1.0,6.25,2.09,-0.02,24.28125,24.3125,23.9375,23.875,0.7,0.0,0.0,0.0
20.67805,0x316,0.0,0.0,1.0,6.25,2.09,-0.02,24.28125,24.3125,23.9375,23.875,0.7,0.0,0.0,0.0
20.68503,0x220,0.0,0.0,1.0,6.25,1.84,0.0,24.28125,24.3125,23.9375,23.875,0.7,0.0,0.0,0.0
20.68567,0x2B0,0.0,0.0,1.0,6.25,1.84,0.0,24.28125,24.3125,23.9375,23.875,0.7,0.0,0.0,0.0
20.68783,0x316,0.0,0.0,1.0,6.25,1.84,0.0,24.28125,24.3125,23.9375,23.875,0.7,0.0,0.0,0.0
20.69526,0x220,0.0,0.0,1.0,6.25,1.45,0.02,24.28125,24.3125,23.9375,23.875,0.7,0.0,0.0,0.0
20.69569,0x2B0,0.0,0.0,1.0,6.25,1.45,0.02,24.28125,24.3125,23.9375,23.875,0.7,0.0,0.0,0.0
20.69592,0x386,0.0,0.0,1.0,6.25,1.45,0.02,24.21875,24.28125,23.75,24.0,0.7,0.0,0.0,0.0
20.69791,0x316,0.0,0.0,1.0,6.25,1.45,0.02,24.21875,24.28125,23.75,24.0,0.7,0.0,0.0,0.0
20.70503,0x220,0.0,0.0,1.0,6.25,1.14,-0.03,24.21875,24.28125,23.75,24.0,0.7,0.0,0.0,0.0
20.70566,0x2B0,0.0,0.0,1.0,6.25,1.14,-0.03,24.21875,24.28125,23.75,24.0,0.7,0.0,0.0,0.0
20.70783,0x316,0.0,0.0,1.0,6.25,1.14,-0.03,24.21875,24.28125,23.75,24.0,0.7,0.0,0.0,0.0
20.71504,0x220,0.0,0.0,1.0,6.25,0.93,-0.21,24.21875,24.28125,23.75,24.0,0.7,0.0,0.0,0.0
20.7157,0x2B0,0.0,0.0,1.0,6.25,0.93,-0.21,24.21875,24.28125,23.75,24.0,0.7,0.0,0.0,0.0
20.71593,0x386,0.0,0.0,1.0,6.25,0.93,-0.21,24.3125,24.34375,23.46875,23.96875,0.7,0.0,0.0,0.0
20.71788,0x316,0.0,0.0,1.0,6.25,0.93,-0.21,24.3125,24.34375,23.46875,23.96875,0.7,0.0,0.0,0.0
20.72504,0x220,0.0,0.0,1.0,6.25,0.91,-0.27,24.3125,24.34375,23.46875,23.96875,0.7,0.0,0.0,0.0
20.72566,0x2B0,0.0,0.0,1.0,6.25,0.91,-0.27,24.3125,24.34375,23.46875,23.96875,0.7,0.0,0.0,0.0
20.72782,0x316,0.0,0.0,1.0,6.25,0.91,-0.27,24.3125,24.34375,23.46875,23.96875,0.7,0.0,0.0,0.0
20.73504,0x220,0.0,0.0,1.0,6.25,1.15,-0.09,24.3125,24.34375,23.46875,23.96875,0.7,0.0,0.0,0.0
20.7357,0x2B0,0.0,0.0,1.0,6.25,1.15,-0.09,24.3125,24.34375,23.46875,23.96875,0.7,0.0,0.0,0.0
20.73593,0x386,0.0,0.0,1.0,6.25,1.15,-0.09,24.25,24.125,23.59375,23.78125,0.7,0.0,0.0,0.0
20.738,0x316,0.0,0.0,1.0,6.25,1.15,-0.09,24.25,24.125,23.59375,23.78125,0.7,0.0,0.0,0.0
20.74505,0x220,0.0,0.0,1.0,6.25,1.52,0.18,24.25,24.125,23.59375,23.78125,0.7,0.0,0.0,0.0
20.74583,0x2B0,0.0,0.0,1.0,6.25,1.52,0.18,24.25,24.125,23.59375,23.78125,0.7,0.0,0.0,0.0
20.74873,0x316,0.0,0.0,1.0,6.25,1.52,0.18,24.25,24.125,23.59375,23.78125,0.7,0.0,0.0,0.0
20.75506,0x220,0.0,0.0,1.0,6.25,1.83,0.4,24.25,24.125,23.59375,23.78125,0.7,0.0,0.0,0.0
20.75572,0x2B0,0.0,0.0,1.0,6.25,1.83,0.4,24.25,24.125,23.59375,23.78125,0.7,0.0,0.0,0.0
20.75595,0x386,0.0,0.0,1.0,6.25,1.83,0.4,24.1875,24.15625,23.5625,23.78125,0.7,0.0,0.0,0.0
20.75787,0x316,0.0,0.0,1.0,6.25,1.83,0.4,24.1875,24.15625,23.5625,23.78125,0.7,0.0,0.0,0.0
20.76505,0x220,0.0,0.0,1.0,6.25,1.9,0.39,24.1875,24.15625,23.5625,23.78125,0.7,0.0,0.0,0.0
20.76574,0x2B0,0.0,0.0,1.0,6.25,1.9,0.39,24.1875,24.15625,23.5625,23.78125,0.7,0.0,0.0,0.0
20.76789,0x316,0.0,0.0,1.0,6.25,1.9,0.39,24.1875,24.15625,23.5625,23.78125,0.7,0.0,0.0,0.0
20.77505,0x220,0.0,0.0,1.0,6.25,1.75,0.24,24.1875,24.15625,23.5625,23.78125,0.7,0.0,0.0,0.0
20.77571,0x2B0,0.0,0.0,1.0,6.25,1.75,0.24,24.1875,24.15625,23.5625,23.78125,0.7,0.0,0.0,0.0
20.77595,0x386,0.0,0.0,1.0,6.25,1.75,0.24,24.1875,23.9375,23.65625,24.09375,0.7,0.0,0.0,0.0
20.77802,0x316,0.0,0.0,1.0,6.25,1.75,0.24,24.1875,23.9375,23.65625,24.09375,0.7,0.0,0.0,0.0
20.78506,0x220,0.0,0.0,1.0,6.25,1.47,0.13,24.1875,23.9375,23.65625,24.09375,0.7,0.0,0.0,0.0
20.78572,0x2B0,0.0,0.0,1.0,6.25,1.47,0.13,24.1875,23.9375,23.65625,24.09375,0.7,0.0,0.0,0.0
20.78784,0x316,0.0,0.0,1.0,6.25,1.47,0.13,24.1875,23.9375,23.65625,24.09375,0.7,0.0,0.0,0.0
20.79505,0x220,0.0,0.0,1.0,6.25,1.24,0.05,24.1875,23.9375,23.65625,24.09375,0.7,0.0,0.0,0.0
20.79572,0x2B0,0.0,0.0,1.0,6.25,1.24,0.05,24.1875,23.9375,23.65625,24.09375,0.7,0.0,0.0,0.0
20.79595,0x386,0.0,0.0,1.0,6.25,1.24,0.05,24.125,24.0625,23.625,23.75,0.7,0.0,0.0,0.0
20.79785,0x316,0.0,0.0,1.0,6.25,1.24,0.05,24.125,24.0625,23.625,23.75,0.7,0.0,0.0,0.0
20.80507,0x220,0.0,0.0,1.0,6.25,1.19,-0.02,24.125,24.0625,23.625,23.75,0.7,0.0,0.0,0.0
20.80572,0x2B0,0.0,0.0,1.0,6.25,1.19,-0.02,24.125,24.0625,23.625,23.75,0.6,0.0,0.0,0.0
20.80784,0x316,0.0,0.0,1.0,6.25,1.19,-0.02,24.125,24.0625,23.625,23.75,0.6,0.0,0.0,0.0
20.81506,0x220,0.0,0.0,1.0,6.25,1.22,-0.09,24.125,24.0625,23.625,23.75,0.6,0.0,0.0,0.0
20.81572,0x2B0,0.0,0.0,1.0,6.25,1.22,-0.09,24.125,24.0625,23.625,23.75,0.6,0.0,0.0,0.0
20.81595,0x386,0.0,0.0,1.0,6.25,1.22,-0.09,24.0625,24.0625,23.59375,23.8125,0.6,0.0,0.0,0.0
20.81786,0x316,0.0,0.0,1.0,6.25,1.22,-0.09,24.0625,24.0625,23.59375,23.8125,0.6,0.0,0.0,0.0
20.82509,0x220,0.0,0.0,1.0,6.25,1.29,0.01,24.0625,24.0625,23.59375,23.8125,0.6,0.0,0.0,0.0
20.8257,0x2B0,0.0,0.0,1.0,6.25,1.29,0.01,24.0625,24.0625,23.59375,23.8125,0.6,0.0,0.0,0.0
20.82791,0x316,0.0,0.0,1.0,6.25,1.29,0.01,24.0625,24.0625,23.59375,23.8125,0.6,0.0,0.0,0.0
20.83507,0x220,0.0,0.0,1.0,6.25,1.43,0.35,24.0625,24.0625,23.59375,23.8125,0.6,0.0,0.0,0.0
20.83573,0x2B0,0.0,0.0,1.0,6.25,1.43,0.35,24.0625,24.0625,23.59375,23.8125,0.6,0.0,0.0,0.0
20.83597,0x386,0.0,0.0,1.0,6.25,1.43,0.35,24.03125,24.03125,23.71875,23.875,0.6,0.0,0.0,0.0
20.83802,0x316,0.0,0.0,1.0,6.25,1.43,0.35,24.03125,24.03125,23.71875,23.875,0.6,0.0,0.0,0.0
20.84509,0x220,0.0,0.0,1.0,6.25,1.63,0.6,24.03125,24.03125,23.71875,23.875,0.6,0.0,0.0,0.0
20.84572,0x2B0,0.0,0.0,1.0,6.25,1.63,0.6,24.03125,24.03125,23.71875,23.875,0.6,0.0,0.0,0.0
20.84868,0x316,0.0,0.0,1.0,6.25,1.63,0.6,24.03125,24.03125,23.71875,23.875,0.6,0.0,0.0,0.0
20.85508,0x220,0.0,0.0,1.0,6.25,1.84,0.55,24.03125,24.03125,23.71875,23.875,0.6,0.0,0.0,0.0
20.85574,0x2B0,0.0,0.0,1.0,6.25,1.84,0.55,24.03125,24.03125,23.71875,23.875,0.5,0.0,0.0,0.0
20.85598,0x386,0.0,0.0,1.0,6.25,1.84,0.55,24.03125,24.15625,23.71875,23.6875,0.5,0.0,0.0,0.0
20.85786,0x316,0.0,0.0,1.0,6.25,1.84,0.55,24.03125,24.15625,23.71875,23.6875,0.5,0.0,0.0,0.0
20.86509,0x220,0.0,0.0,1.0,6.25,2.01,0.29,24.03125,24.15625,23.71875,23.6875,0.5,0.0,0.0,0.0
20.86571,0x2B0,0.0,0.0,1.0,6.25,2.01,0.29,24.03125,24.15625,23.71875,23.6875,0.5,0.0,0.0,0.0
20.86795,0x316,0.0,0.0,1.0,6.25,2.01,0.29,24.03125,24.15625,23.71875,23.6875,0.5,0.0,0.0,0.0
20.8751,0x220,0.0,0.0,1.0,6.25,1.99,0.06,24.03125,24.15625,23.71875,23.6875,0.5,0.0,0.0,0.0
20.87576,0x2B0,0.0,0.0,1.0,6.25,1.99,0.06,24.03125,24.15625,23.71875,23.6875,0.5,0.0,0.0,0.0
20.87599,0x386,0.0,0.0,1.0,6.25,1.99,0.06,23.9375,23.90625,23.65625,23.71875,0.5,0.0,0.0,0.0
20.878,0x316,0.0,0.0,1.0,6.25,1.99,0.06,23.9375,23.90625,23.65625,23.71875,0.5,0.0,0.0,0.0
20.88509,0x220,0.0,0.0,1.0,6.25,1.79,0.0,23.9375,23.90625,23.65625,23.71875,0.5,0.0,0.0,0.0
20.8857,0x2B0,0.0,0.0,1.0,6.25,1.79,0.0,23.9375,23.90625,23.65625,23.71875,0.5,0.0,0.0,0.0
20.88789,0x316,0.0,0.0,1.0,6.25,1.79,0.0,23.9375,23.90625,23.65625,23.71875,0.5,0.0,0.0,0.0
20.8951,0x220,0.0,0.0,1.0,6.25,1.49,-0.03,23.9375,23.90625,23.65625,23.71875,0.5,0.0,0.0,0.0
20.89577,0x2B0,0.0,0.0,1.0,6.25,1.49,-0.03,23.9375,23.90625,23.65625,23.71875,0.5,0.0,0.0,0.0
20.896,0x386,0.0,0.0,1.0,6.25,1.49,-0.03,23.96875,24.03125,23.59375,23.5625,0.5,0.0,0.0,0.0
20.89786,0x316,0.0,0.0,1.0,6.25,1.49,-0.03,23.96875,24.03125,23.59375,23.5625,0.5,0.0,0.0,0.0
20.90511,0x220,0.0,0.0,1.0,6.25,1.21,-0.02,23.96875,24.03125,23.59375,23.5625,0.5,0.0,0.0,0.0
20.90563,0x2B0,0.0,0.0,1.0,6.25,1.21,-0.02,23.96875,24.03125,23.59375,23.5625,0.5,0.0,0.0,0.0
20.90789,0x316,0.0,0.0,1.0,6.25,1.21,-0.02,23.96875,24.03125,23.59375,23.5625,0.5,0.0,0.0,0.0
20.91511,0x220,0.0,0.0,1.0,6.25,1.07,-0.07,23.96875,24.03125,23.59375,23.5625,0.5,0.0,0.0,0.0
20.91577,0x2B0,0.0,0.0,1.0,6.25,1.07,-0.07,23.96875,24.03125,23.59375,23.5625,0.5,0.0,0.0,0.0
20.91601,0x386,0.0,0.0,1.0,6.25,1.07,-0.07,23.84375,24.03125,23.59375,23.6875,0.5,0.0,0.0,0.0
20.91785,0x316,0.0,0.0,1.0,6.25,1.07,-0.07,23.84375,24.03125,23.59375,23.6875,0.5,0.0,0.0,0.0
20.9251,0x220,0.0,0.0,1.0,6.25,1.18,-0.07,23.84375,24.03125,23.59375,23.6875,0.5,0.0,0.0,0.0
20.92564,0x2B0,0.0,0.0,1.0,6.25,1.18,-0.07,23.84375,24.03125,23.59375,23.6875,0.5,0.0,0.0,0.0
20.9279,0x316,0.0,0.0,1.0,6.25,1.18,-0.07,23.84375,24.03125,23.59375,23.6875,0.5,0.0,0.0,0.0
20.93511,0x220,0.0,0.0,1.0,6.25,1.49,0.07,23.84375,24.03125,23.59375,23.6875,0.5,0.0,0.0,0.0
20.93577,0x2B0,0.0,0.0,1.0,6.25,1.49,0.07,23.84375,24.03125,23.59375,23.6875,0.5,0.0,0.0,0.0
20.93601,0x386,0.0,0.0,1.0,6.25,1.49,0.07,23.875,24.0625,23.59375,23.625,0.5,0.0,0.0,0.0
20.93807,0x316,0.0,0.0,1.0,6.25,1.49,0.07,23.875,24.0625,23.59375,23.625,0.5,0.0,0.0,0.0
20.94512,0x220,0.0,0.0,1.0,6.25,1.91,0.25,23.875,24.0625,23.59375,23.625,0.5,0.0,0.0,0.0
20.94565,0x2B0,0.0,0.0,1.0,6.25,1.91,0.25,23.875,24.0625,23.59375,23.625,0.5,0.0,0.0,0.0
20.94871,0x316,0.0,0.0,1.0,6.25,1.91,0.25,23.875,24.0625,23.59375,23.625,0.5,0.0,0.0,0.0
20.95512,0x220,0.0,0.0,1.0,6.25,2.27,0.29,23.875,24.0625,23.59375,23.625,0.5,0.0,0.0,0.0
20.95578,0x2B0,0.0,0.0,1.0,6.25,2.27,0.29,23.875,24.0625,23.59375,23.625,0.5,0.0,0.0,0.0
20.95602,0x386,0.0,0.0,1.0,6.25,2.27,0.29,23.84375,23.90625,23.46875,23.75,0.5,0.0,0.0,0.0
20.95785,0x316,0.0,0.0,1.0,6.25,2.27,0.29,23.84375,23.90625,23.46875,23.75,0.5,0.0,0.0,0.0
20.96513,0x220,0.0,0.0,1.0,6.25,2.37,0.19,23.84375,23.90625,23.46875,23.75,0.5,0.0,0.0,0.0
20.96564,0x2B0,0.0,0.0,1.0,6.25,2.37,0.19,23.84375,23.90625,23.46875,23.75,0.5,0.0,0.0,0.0
20.96798,0x316,0.0,0.0,1.0,6.25,2.37,0.19,23.84375,23.90625,23.46875,23.75,0.5,0.0,0.0,0.0
20.97512,0x220,0.0,0.0,1.0,6.25,2.08,0.07,23.84375,23.90625,23.46875,23.75,0.5,0.0,0.0,0.0
20.97578,0x2B0,0.0,0.0,1.0,6.25,2.08,0.07,23.84375,23.90625,23.46875,23.75,0.5,0.0,0.0,0.0
20.97601,0x386,0.0,0.0,1.0,6.25,2.08,0.07,23.8125,23.875,23.375,23.71875,0.5,0.0,0.0,0.0
20.978,0x316,0.0,0.0,1.0,6.25,2.08,0.07,23.8125,23.875,23.375,23.71875,0.5,0.0,0.0,0.0
20.98513,0x220,0.0,0.0,1.0,6.25,1.54,0.01,23.8125,23.875,23.375,23.71875,0.5,0.0,0.0,0.0
20.98563,0x2B0,0.0,0.0,1.0,6.25,1.54,0.01,23.8125,23.875,23.375,23.71875,0.5,0.0,0.0,0.0
20.98792,0x316,0.0,0.0,1.0,6.25,1.54,0.01,23.8125,23.875,23.375,23.71875,0.5,0.0,0.0,0.0
20.99514,0x220,0.0,0.0,1.0,6.25,1.11,0.07,23.8125,23.875,23.375,23.71875,0.5,0.0,0.0,0.0
20.9958,0x2B0,0.0,0.0,1.0,6.25,1.11,0.07,23.8125,23.875,23.375,23.71875,0.5,0.0,0.0,0.0
20.99603,0x386,0.0,0.0,1.0,6.25,1.11,0.07,23.875,23.96875,23.3125,23.6875,0.5,0.0,0.0,0.0
20.99789,0x316,0.0,0.0,1.0,6.25,1.11,0.07,23.875,23.96875,23.3125,23.6875,0.5,0.0,0.0,0.0
21.00514,0x220,0.0,0.0,1.0,6.25,0.96,0.19,23.875,23.96875,23.3125,23.6875,0.5,0.0,0.0,0.0
21.00568,0x2B0,0.0,0.0,1.0,6.25,0.96,0.19,23.875,23.96875,23.3125,23.6875,0.5,0.0,0.0,0.0
21.0078,0x316,0.0,0.0,1.0,6.25,0.96,0.19,23.875,23.96875,23.3125,23.6875,0.5,0.0,0.0,0.0
21.01514,0x220,0.0,0.0,1.0,6.25,1.19,0.22,23.875,23.96875,23.3125,23.6875,0.5,0.0,0.0,0.0
21.0158,0x2B0,0.0,0.0,1.0,6.25,1.19,0.22,23.875,23.96875,23.3125,23.6875,0.4,0.0,0.0,0.0
21.01603,0x386,0.0,0.0,1.0,6.25,1.19,0.22,23.90625,23.78125,23.21875,23.78125,0.4,0.0,0.0,0.0
21.01784,0x316,0.0,0.0,1.0,6.25,1.19,0.22,23.90625,23.78125,23.21875,23.78125,0.4,0.0,0.0,0.0
21.02514,0x220,0.0,0.0,1.0,6.25,1.56,0.16,23.90625,23.78125,23.21875,23.78125,0.4,0.0,0.0,0.0
21.02564,0x2B0,0.0,0.0,1.0,6.25,1.56,0.16,23.90625,23.78125,23.21875,23.78125,0.4,0.0,0.0,0.0
21.0279,0x316,0.0,0.0,1.0,6.25,1.56,0.16,23.90625,23.78125,23.21875,23.78125,0.4,0.0,0.0,0.0
21.03515,0x220,0.0,0.0,1.0,6.25,1.85,0.11,23.90625,23.78125,23.21875,23.78125,0.4,0.0,0.0,0.0
21.03581,0x2B0,0.0,0.0,1.0,6.25,1.85,0.11,23.90625,23.78125,23.21875,23.78125,0.4,0.0,0.0,0.0
21.03604,0x386,0.0,0.0,1.0,6.25,1.85,0.11,23.875,23.75,23.34375,23.75,0.4,0.0,0.0,0.0
21.03809,0x316,0.0,0.0,1.0,6.25,1.85,0.11,23.875,23.75,23.34375,23.75,0.4,0.0,0.0,0.0
21.04515,0x220,0.0,0.0,1.0,6.25,1.93,0.13,23.875,23.75,23.34375,23.75,0.4,0.0,0.0,0.0
21.04564,0x2B0,0.0,0.0,1.0,6.25,1.93,0.13,23.875,23.75,23.34375,23.75,0.4,0.0,0.0,0.0
21.04864,0x316,0.0,0.0,1.0,6.25,1.93,0.13,23.875,23.75,23.34375,23.75,0.4,0.0,0.0,0.0
21.05516,0x220,0.0,0.0,1.0,6.25,1.78,0.23,23.875,23.75,23.34375,23.75,0.4,0.0,0.0,0.0
21.05582,0x2B0,0.0,0.0,1.0,6.25,1.78,0.23,23.875,23.75,23.34375,23.75,0.4,0.0,0.0,0.0
21.05605,0x386,0.0,0.0,1.0,6.25,1.78,0.23,23.84375,23.84375,23.34375,23.09375,0.4,0.0,0.0,0.0
21.05785,0x316,0.0,0.0,1.0,6.25,1.78,0.23,23.84375,23.84375,23.34375,23.09375,0.4,0.0,0.0,0.0
21.06516,0x220,0.0,0.0,1.0,6.25,1.61,0.26,23.84375,23.84375,23.34375,23.09375,0.4,0.0,0.0,0.0
21.06569,0x2B0,0.0,0.0,1.0,6.25,1.61,0.26,23.84375,23.84375,23.34375,23.09375,0.4,0.0,0.0,0.0
21.06792,0x316,0.0,0.0,1.0,6.25,1.61,0.26,23.84375,23.84375,23.34375,23.09375,0.4,0.0,0.0,0.0
21.07517,0x220,0.0,0.0,1.0,6.25,1.53,0.12,23.84375,23.84375,23.34375,23.09375,0.4,0.0,0.0,0.0
21.07583,0x2B0,0.0,0.0,1.0,6.25,1.53,0.12,23.84375,23.84375,23.34375,23.09375,0.2,8.0,0.0,0.0
21.07606,0x386,0.0,0.0,1.0,6.25,1.53,0.12,23.78125,23.75,23.15625,23.03125,0.2,8.0,0.0,0.0
21.07807,0x316,0.0,0.0,1.0,6.25,1.53,0.12,23.78125,23.75,23.15625,23.03125,0.2,8.0,0.0,0.0
21.08515,0x220,0.0,0.0,1.0,6.25,1.63,-0.09,23.78125,23.75,23.15625,23.03125,0.2,8.0,0.0,0.0
21.08565,0x2B0,0.0,0.0,1.0,6.25,1.63,-0.09,23.78125,23.75,23.15625,23.03125,0.2,8.0,0.0,0.0
21.08784,0x316,0.0,0.0,1.0,6.25,1.63,-0.09,23.78125,23.75,23.15625,23.03125,0.2,8.0,0.0,0.0
21.09516,0x220,0.0,0.0,1.0,6.25,1.96,-0.27,23.78125,23.75,23.15625,23.03125,0.2,8.0,0.0,0.0
21.09582,0x2B0,0.0,0.0,1.0,6.25,1.96,-0.27,23.78125,23.75,23.15625,23.03125,0.2,0.0,0.0,0.0
21.09605,0x386,0.0,0.0,1.0,6.25,1.96,-0.27,23.8125,23.6875,23.09375,23.53125,0.2,0.0,0.0,0.0
21.09786,0x316,0.0,0.0,1.0,6.25,1.96,-0.27,23.8125,23.6875,23.09375,23.53125,0.2,0.0,0.0,0.0
21.10516,0x220,0.0,0.0,1.0,6.25,2.2,-0.3,23.8125,23.6875,23.09375,23.53125,0.2,0.0,0.0,0.0
21.10572,0x2B0,0.0,0.0,1.0,6.25,2.2,-0.3,23.8125,23.6875,23.09375,23.53125,0.2,0.0,0.0,0.0
21.10782,0x316,0.0,0.0,1.0,6.25,2.2,-0.3,23.8125,23.6875,23.09375,23.53125,0.2,0.0,0.0,0.0
21.11517,0x220,0.0,0.0,1.0,6.25,2.12,-0.23,23.8125,23.6875,23.09375,23.53125,0.2,0.0,0.0,0.0
21.11583,0x2B0,0.0,0.0,1.0,6.25,2.12,-0.23,23.8125,23.6875,23.09375,23.53125,0.2,0.0,0.0,0.0
21.11606,0x386,0.0,0.0,1.0,6.25,2.12,-0.23,23.84375,23.65625,23.3125,23.71875,0.2,0.0,0.0,0.0
21.11791,0x316,0.0,0.0,1.0,6.25,2.12,-0.23,23.84375,23.65625,23.3125,23.71875,0.2,0.0,0.0,0.0
21.12517,0x220,0.0,0.0,1.0,6.25,1.72,0.0,23.84375,23.65625,23.3125,23.71875,0.2,0.0,0.0,0.0
21.12565,0x2B0,0.0,0.0,1.0,6.25,1.72,0.0,23.84375,23.65625,23.3125,23.71875,0.1,0.0,0.0,0.0
21.12787,0x316,0.0,0.0,1.0,6.25,1.72,0.0,23.84375,23.65625,23.3125,23.71875,0.1,0.0,0.0,0.0
21.13518,0x220,0.0,0.0,1.0,6.25,1.2,0.21,23.84375,23.65625,23.3125,23.71875,0.1,0.0,0.0,0.0
21.13584,0x2B0,0.0,0.0,1.0,6.25,1.2,0.21,23.84375,23.65625,23.3125,23.71875,0.1,0.0,0.0,0.0
21.13607,0x386,0.0,0.0,1.0,6.25,1.2,0.21,23.625,23.71875,23.375,23.21875,0.1,0.0,0.0,0.0
21.13811,0x316,0.0,0.0,1.0,6.25,1.2,0.21,23.625,23.71875,23.375,23.21875,0.1,0.0,0.0,0.0
21.14518,0x220,0.0,0.0,1.0,6.25,0.89,0.25,23.625,23.71875,23.375,23.21875,0.1,0.0,0.0,0.0
21.14569,0x2B0,0.0,0.0,1.0,6.25,0.89,0.25,23.625,23.71875,23.375,23.21875,0.1,0.0,0.0,0.0
21.14863,0x316,0.0,0.0,1.0,6.25,0.89,0.25,23.625,23.71875,23.375,23.21875,0.1,0.0,0.0,0.0
21.15518,0x220,0.0,0.0,1.0,6.25,1.0,0.05,23.625,23.71875,23.375,23.21875,0.1,0.0,0.0,0.0
21.15584,0x2B0,0.0,0.0,1.0,6.25,1.0,0.05,23.625,23.71875,23.375,23.21875,0.1,0.0,0.0,0.0
21.15606,0x386,0.0,0.0,1.0,6.25,1.0,0.05,23.53125,23.65625,23.28125,22.9375,0.1,0.0,0.0,0.0
21.15791,0x316,0.0,0.0,1.0,6.25,1.0,0.05,23.53125,23.65625,23.28125,22.9375,0.1,0.0,0.0,0.0
21.16519,0x220,0.0,0.0,1.0,6.25,1.51,-0.22,23.53125,23.65625,23.28125,22.9375,0.1,0.0,0.0,0.0
21.16566,0x2B0,0.0,0.0,1.0,6.25,1.51,-0.22,23.53125,23.65625,23.28125,22.9375,0.1,0.0,0.0,0.0
21.1679,0x316,0.0,0.0,1.0,6.25,1.51,-0.22,23.53125,23.65625,23.28125,22.9375,0.1,0.0,0.0,0.0
21.17519,0x220,0.0,0.0,1.0,6.25,2.11,-0.24,23.53125,23.65625,23.28125,22.9375,0.1,0.0,0.0,0.0
21.17585,0x2B0,0.0,0.0,1.0,6.25,2.11,-0.24,23.53125,23.65625,23.28125,22.9375,0.1,0.0,0.0,0.0
21.17608,0x386,0.0,0.0,1.0,6.25,2.11,-0.24,23.71875,23.5625,23.125,23.21875,0.1,0.0,0.0,0.0
21.17802,0x316,0.0,0.0,1.0,6.25,2.11,-0.24,23.71875,23.5625,23.125,23.21875,0.1,0.0,0.0,0.0
21.18542,0x220,0.0,0.0,1.0,6.25,2.54,-0.06,23.71875,23.5625,23.125,23.21875,0.1,0.0,0.0,0.0
21.18564,0x2B0,0.0,0.0,1.0,6.25,2.54,-0.06,23.71875,23.5625,23.125,23.21875,0.0,0.0,0.0,0.0
21.18783,0x316,0.0,0.0,1.0,6.25,2.54,-0.06,23.71875,23.5625,23.125,23.21875,0.0,0.0,0.0,0.0
21.19543,0x220,0.0,0.0,1.0,6.25,2.46,-0.01,23.71875,23.5625,23.125,23.21875,0.0,0.0,0.0,0.0
21.19585,0x2B0,0.0,0.0,1.0,6.25,2.46,-0.01,23.71875,23.5625,23.125,23.21875,0.0,0.0,0.0,0.0
21.19607,0x386,0.0,0.0,1.0,6.25,2.46,-0.01,23.15625,23.78125,23.25,23.5625,0.0,0.0,0.0,0.0
21.19789,0x316,0.0,0.0,1.0,6.25,2.46,-0.01,23.15625,23.78125,23.25,23.5625,0.0,0.0,0.0,0.0
21.20542,0x220,0.0,0.0,1.0,6.25,1.76,-0.25,23.15625,23.78125,23.25,23.5625,0.0,0.0,0.0,0.0
21.20563,0x2B0,0.0,0.0,1.0,6.25,1.76,-0.25,23.15625,23.78125,23.25,23.5625,-0.2,8.0,0.0,0.0
21.2078,0x316,0.0,0.0,1.0,6.25,1.76,-0.25,23.15625,23.78125,23.25,23.5625,-0.2,8.0,0.0,0.0
21.21543,0x220,0.0,0.0,1.0,6.25,0.82,-0.35,23.15625,23.78125,23.25,23.5625,-0.2,8.0,0.0,0.0
21.21584,0x2B0,0.0,0.0,1.0,6.25,0.82,-0.35,23.15625,23.78125,23.25,23.5625,-0.2,8.0,0.0,0.0
21.21607,0x386,0.0,0.0,1.0,6.25,0.82,-0.35,23.5,23.4375,23.0,23.4375,-0.2,8.0,0.0,0.0
21.2179,0x316,0.0,0.0,1.0,6.25,0.82,-0.35,23.5,23.4375,23.0,23.4375,-0.2,8.0,0.0,0.0
21.22542,0x220,0.0,0.0,1.0,6.25,0.14,-0.07,23.5,23.4375,23.0,23.4375,-0.2,8.0,0.0,0.0
21.22565,0x2B0,0.0,0.0,1.0,6.25,0.14,-0.07,23.5,23.4375,23.0,23.4375,-0.2,0.0,0.0,0.0
21.22789,0x316,0.0,0.0,1.0,6.25,0.14,-0.07,23.5,23.4375,23.0,23.4375,-0.2,0.0,0.0,0.0
21.23545,0x220,0.0,0.0,1.0,6.25,0.29,0.49,23.5,23.4375,23.0,23.4375,-0.2,0.0,0.0,0.0
21.23587,0x2B0,0.0,0.0,1.0,6.25,0.29,0.49,23.5,23.4375,23.0,23.4375,-0.4,8.0,0.0,0.0
21.23609,0x386,0.0,0.0,1.0,6.25,0.29,0.49,23.53125,23.5,23.0625,23.375,-0.4,8.0,0.0,0.0
21.23814,0x316,0.0,0.0,1.0,6.25,0.29,0.49,23.53125,23.5,23.0625,23.375,-0.4,8.0,0.0,0.0
21.24542,0x220,0.0,0.0,1.0,6.25,1.18,0.69,23.53125,23.5,23.0625,23.375,-0.4,8.0,0.0,0.0
21.24564,0x2B0,0.0,0.0,1.0,6.25,1.18,0.69,23.53125,23.5,23.0625,23.375,-0.4,8.0,0.0,0.0
21.24864,0x316,0.0,0.0,1.0,6.25,1.18,0.69,23.53125,23.5,23.0625,23.375,-0.4,8.0,0.0,0.0
21.25542,0x220,0.0,0.0,1.0,6.25,2.0,0.31,23.53125,23.5,23.0625,23.375,-0.4,8.0,0.0,0.0
21.25584,0x2B0,0.0,0.0,1.0,6.25,2.0,0.31,23.53125,23.5,23.0625,23.375,-0.8,20.0,0.0,0.0
21.25607,0x386,0.0,0.0,1.0,6.25,2.0,0.31,23.15625,23.4375,23.09375,23.0,-0.8,20.0,0.0,0.0
21.2579,0x316,0.0,0.0,1.0,6.25,2.0,0.31,23.15625,23.4375,23.09375,23.0,-0.8,20.0,0.0,0.0
21.26541,0x220,0.0,0.0,1.0,6.25,2.15,-0.03,23.15625,23.4375,23.09375,23.0,-0.8,20.0,0.0,0.0
21.26565,0x2B0,0.0,0.0,1.0,6.25,2.15,-0.03,23.15625,23.4375,23.09375,23.0,-0.8,20.0,0.0,0.0
21.26794,0x316,0.0,0.0,1.0,6.25,2.15,-0.03,23.15625,23.4375,23.09375,23.0,-0.8,20.0,0.0,0.0
21.27543,0x220,0.0,0.0,1.0,6.25,1.53,0.19,23.15625,23.4375,23.09375,23.0,-0.8,20.0,0.0,0.0
21.27585,0x2B0,0.0,0.0,1.0,6.25,1.53,0.19,23.15625,23.4375,23.09375,23.0,-0.9,0.0,0.0,0.0
21.27608,0x386,0.0,0.0,1.0,6.25,1.53,0.19,23.625,23.34375,22.8125,22.9375,-0.9,0.0,0.0,0.0
21.27807,0x316,0.0,0.0,1.0,6.25,1.53,0.19,23.625,23.34375,22.8125,22.9375,-0.9,0.0,0.0,0.0
21.28542,0x220,0.0,0.0,1.0,6.25,0.81,0.7,23.625,23.34375,22.8125,22.9375,-0.9,0.0,0.0,0.0
21.28564,0x2B0,0.0,0.0,1.0,6.25,0.81,0.7,23.625,23.34375,22.8125,22.9375,-0.9,0.0,0.0,0.0
21.28783,0x316,0.0,0.0,1.0,6.25,0.81,0.7,23.625,23.34375,22.8125,22.9375,-0.9,0.0,0.0,0.0
21.29543,0x220,0.0,0.0,1.0,6.25,0.45,0.85,23.625,23.34375,22.8125,22.9375,-0.9,0.0,0.0,0.0
21.29585,0x2B0,0.0,0.0,1.0,6.25,0.45,0.85,23.625,23.34375,22.8125,22.9375,-1.1,8.0,0.0,0.0
21.29608,0x386,0.0,0.0,1.0,6.25,0.45,0.85,23.21875,23.40625,22.96875,23.15625,-1.1,8.0,0.0,0.0
21.29791,0x316,0.0,0.0,1.0,6.25,0.45,0.85,23.21875,23.40625,22.96875,23.15625,-1.1,8.0,0.0,0.0
21.30542,0x220,0.0,0.0,1.0,6.25,0.69,0.31,23.21875,23.40625,22.96875,23.15625,-1.1,8.0,0.0,0.0
21.30566,0x2B0,0.0,0.0,1.0,6.25,0.69,0.31,23.21875,23.40625,22.96875,23.15625,-1.1,8.0,0.0,0.0
21.30784,0x316,0.0,0.0,1.0,6.25,0.69,0.31,23.21875,23.40625,22.96875,23.15625,-1.1,8.0,0.0,0.0
21.31542,0x220,0.0,0.0,1.0,6.25,1.18,-0.5,23.21875,23.40625,22.96875,23.15625,-1.1,8.0,0.0,0.0
21.31584,0x2B0,0.0,0.0,1.0,6.25,1.18,-0.5,23.21875,23.40625,22.96875,23.15625,-1.2,0.0,0.0,0.0
21.31606,0x386,0.0,0.0,1.0,6.25,1.18,-0.5,23.4375,23.3125,22.96875,23.40625,-1.2,0.0,0.0,0.0
21.31791,0x316,0.0,0.0,1.0,6.25,1.18,-0.5,23.4375,23.3125,22.96875,23.40625,-1.2,0.0,0.0,0.0
21.32542,0x220,0.0,0.0,1.0,6.25,1.37,-0.75,23.4375,23.3125,22.96875,23.40625,-1.2,0.0,0.0,0.0
21.32561,0x2B0,0.0,0.0,1.0,6.25,1.37,-0.75,23.4375,23.3125,22.96875,23.40625,-1.2,0.0,0.0,0.0
21.32791,0x316,0.0,0.0,1.0,6.25,1.37,-0.75,23.4375,23.3125,22.96875,23.40625,-1.2,0.0,0.0,0.0
21.33544,0x220,0.0,0.0,1.0,6.25,1.27,0.0,23.4375,23.3125,22.96875,23.40625,-1.2,0.0,0.0,0.0
21.33585,0x2B0,0.0,0.0,1.0,6.25,1.27,0.0,23.4375,23.3125,22.96875,23.40625,-1.2,0.0,0.0,0.0
21.33609,0x386,0.0,0.0,1.0,6.25,1.27,0.0,23.46875,23.1875,23.0625,23.15625,-1.2,0.0,0.0,0.0
21.33793,0x316,0.0,0.0,1.0,6.25,1.27,0.0,23.46875,23.1875,23.0625,23.15625,-1.2,0.0,0.0,0.0
21.34542,0x220,0.0,0.0,1.0,6.25,1.11,0.98,23.46875,23.1875,23.0625,23.15625,-1.2,0.0,0.0,0.0
21.34565,0x2B0,0.0,0.0,1.0,6.25,1.11,0.98,23.46875,23.1875,23.0625,23.15625,-1.2,0.0,0.0,0.0
21.34861,0x316,0.0,0.0,1.0,6.25,1.11,0.98,23.46875,23.1875,23.0625,23.15625,-1.2,0.0,0.0,0.0
21.35542,0x220,0.0,0.0,1.0,6.25,1.06,1.18,23.46875,23.1875,23.0625,23.15625,-1.2,0.0,0.0,0.0
21.35584,0x2B0,0.0,0.0,1.0,6.25,1.06,1.18,23.46875,23.1875,23.0625,23.15625,-1.3,0.0,0.0,0.0
21.35607,0x386,0.0,0.0,1.0,6.25,1.06,1.18,23.28125,23.3125,22.90625,22.59375,-1.3,0.0,0.0,0.0
21.35793,0x316,0.0,0.0,1.0,6.25,1.06,1.18,23.28125,23.3125,22.90625,22.59375,-1.3,0.0,0.0,0.0
21.36542,0x220,0.0,0.0,1.0,6.25,1.19,0.69,23.28125,23.3125,22.90625,22.59375,-1.3,0.0,0.0,0.0
21.36565,0x2B0,0.0,0.0,1.0,6.25,1.19,0.69,23.28125,23.3125,22.90625,22.59375,-1.3,0.0,0.0,0.0
21.36792,0x316,0.0,0.0,1.0,6.25,1.19,0.69,23.28125,23.3125,22.90625,22.59375,-1.3,0.0,0.0,0.0
21.37543,0x220,0.0,0.0,1.0,6.25,1.5,-0.06,23.28125,23.3125,22.90625,22.59375,-1.3,0.0,0.0,0.0
21.37584,0x2B0,0.0,0.0,1.0,6.25,1.5,-0.06,23.28125,23.3125,22.90625,22.59375,-1.3,0.0,0.0,0.0
21.37607,0x386,0.0,0.0,1.0,6.25,1.5,-0.06,23.3125,23.21875,22.78125,22.71875,-1.3,0.0,0.0,0.0
21.378,0x316,0.0,0.0,1.0,6.25,1.5,-0.06,23.3125,23.21875,22.78125,22.71875,-1.3,0.0,0.0,0.0
21.38542,0x220,0.0,0.0,1.0,6.25,1.76,-0.49,23.3125,23.21875,22.78125,22.71875,-1.3,0.0,0.0,0.0
21.38565,0x2B0,0.0,0.0,1.0,6.25,1.76,-0.49,23.3125,23.21875,22.78125,22.71875,-1.3,0.0,0.0,0.0
21.38783,0x316,0.0,0.0,1.0,6.25,1.76,-0.49,23.3125,23.21875,22.78125,22.71875,-1.3,0.0,0.0,0.0
21.39543,0x220,0.0,0.0,1.0,6.25,1.69,-0.5,23.3125,23.21875,22.78125,22.71875,-1.3,0.0,0.0,0.0
21.39586,0x2B0,0.0,0.0,1.0,6.25,1.69,-0.5,23.3125,23.21875,22.78125,22.71875,-1.3,0.0,0.0,0.0
21.39609,0x386,0.0,0.0,1.0,6.25,1.69,-0.5,23.28125,23.34375,22.96875,23.03125,-1.3,0.0,0.0,0.0
21.39794,0x316,0.0,0.0,1.0,6.25,1.69,-0.5,23.28125,23.34375,22.96875,23.03125,-1.3,0.0,0.0,0.0
21.40542,0x220,0.0,0.0,1.0,6.25,1.28,-0.28,23.28125,23.34375,22.96875,23.03125,-1.3,0.0,0.0,0.0
21.40565,0x2B0,0.0,0.0,1.0,6.25,1.28,-0.28,23.28125,23.34375,22.96875,23.03125,-1.3,0.0,0.0,0.0
21.40779,0x316,0.0,0.0,1.0,6.25,1.28,-0.28,23.28125,23.34375,22.96875,23.03125,-1.3,0.0,0.0,0.0
21.41542,0x220,0.0,0.0,1.0,6.25,0.79,0.0,23.28125,23.34375,22.96875,23.03125,-1.3,0.0,0.0,0.0
21.41584,0x2B0,0.0,0.0,1.0,6.25,0.79,0.0,23.28125,23.34375,22.96875,23.03125,-1.3,0.0,0.0,0.0
21.41607,0x386,0.0,0.0,1.0,6.25,0.79,0.0,23.375,23.34375,22.96875,23.0625,-1.3,0.0,0.0,0.0
21.41795,0x316,0.0,0.0,1.0,6.25,0.79,0.0,23.375,23.34375,22.96875,23.0625,-1.3,0.0,0.0,0.0
21.42542,0x220,0.0,0.0,1.0,6.25,0.59,0.16,23.375,23.34375,22.96875,23.0625,-1.3,0.0,0.0,0.0
21.42564,0x2B0,0.0,0.0,1.0,6.25,0.59,0.16,23.375,23.34375,22.96875,23.0625,-1.5,8.0,0.0,0.0
21.42789,0x316,0.0,0.0,1.0,6.25,0.59,0.16,23.375,23.34375,22.96875,23.0625,-1.5,8.0,0.0,0.0
21.43542,0x220,0.0,0.0,1.0,6.25,0.79,0.12,23.375,23.34375,22.96875,23.0625,-1.5,8.0,0.0,0.0
21.43584,0x2B0,0.0,0.0,1.0,6.25,0.79,0.12,23.375,23.34375,22.96875,23.0625,-1.5,8.0,0.0,0.0
21.43606,0x386,0.0,0.0,1.0,6.25,0.79,0.12,23.1875,23.25,22.9375,23.03125,-1.5,8.0,0.0,0.0
21.4382,0x316,0.0,0.0,1.0,6.25,0.79,0.12,23.1875,23.25,22.9375,23.03125,-1.5,8.0,0.0,0.0
21.44543,0x220,0.0,0.0,1.0,6.25,1.26,-0.12,23.1875,23.25,22.9375,23.03125,-1.5,8.0,0.0,0.0
21.44565,0x2B0,0.0,0.0,1.0,6.25,1.26,-0.12,23.1875,23.25,22.9375,23.03125,-1.5,0.0,0.0,0.0
21.44862,0x316,0.0,0.0,1.0,6.25,1.26,-0.12,23.1875,23.25,22.9375,23.03125,-1.5,0.0,0.0,0.0
21.45541,0x220,0.0,0.0,1.0,6.25,1.73,-0.36,23.1875,23.25,22.9375,23.03125,-1.5,0.0,0.0,0.0
21.45583,0x2B0,0.0,0.0,1.0,6.25,1.73,-0.36,23.1875,23.25,22.9375,23.03125,-1.6,0.0,0.0,0.0
21.45606,0x386,0.0,0.0,1.0,6.25,1.73,-0.36,23.1875,23.28125,22.84375,23.15625,-1.6,0.0,0.0,0.0
21.45796,0x316,0.0,0.0,1.0,6.25,1.73,-0.36,23.1875,23.28125,22.84375,23.15625,-1.6,0.0,0.0,0.0
21.46541,0x220,0.0,0.0,1.0,6.25,1.9,-0.23,23.1875,23.28125,22.84375,23.15625,-1.6,0.0,0.0,0.0
21.46559,0x2B0,0.0,0.0,1.0,6.25,1.9,-0.23,23.1875,23.28125,22.84375,23.15625,-1.6,0.0,0.0,0.0
21.46796,0x316,0.0,0.0,1.0,6.25,1.9,-0.23,23.1875,23.28125,22.84375,23.15625,-1.6,0.0,0.0,0.0
21.47542,0x220,0.0,0.0,1.0,6.25,1.73,0.11,23.1875,23.28125,22.84375,23.15625,-1.6,0.0,0.0,0.0
21.47584,0x2B0,0.0,0.0,1.0,6.25,1.73,0.11,23.1875,23.28125,22.84375,23.15625,-1.8,8.0,0.0,0.0
21.47607,0x386,0.0,0.0,1.0,6.25,1.73,0.11,23.09375,23.1875,23.0,23.0625,-1.8,8.0,0.0,0.0
21.47804,0x316,0.0,0.0,1.0,6.25,1.73,0.11,23.09375,23.1875,23.0,23.0625,-1.8,8.0,0.0,0.0
21.48542,0x220,0.0,0.0,1.0,6.25,1.37,0.31,23.09375,23.1875,23.0,23.0625,-1.8,8.0,0.0,0.0
21.48568,0x2B0,0.0,0.0,1.0,6.25,1.37,0.31,23.09375,23.1875,23.0,23.0625,-1.8,8.0,0.0,0.0
21.48782,0x316,0.0,0.0,1.0,6.25,1.37,0.31,23.09375,23.1875,23.0,23.0625,-1.8,8.0,0.0,0.0
21.49543,0x220,0.0,0.0,1.0,6.25,1.09,0.14,23.09375,23.1875,23.0,23.0625,-1.8,8.0,0.0,0.0
21.49585,0x2B0,0.0,0.0,1.0,6.25,1.09,0.14,23.09375,23.1875,23.0,23.0625,-1.9,0.0,0.0,0.0
21.49608,0x386,0.0,0.0,1.0,6.25,1.09,0.14,23.125,23.25,22.90625,22.5625,-1.9,0.0,0.0,0.0
21.49797,0x316,0.0,0.0,1.0,6.25,1.09,0.14,23.125,23.25,22.90625,22.5625,-1.9,0.0,0.0,0.0
21.50542,0x220,0.0,0.0,1.0,6.25,0.93,-0.16,23.125,23.25,22.90625,22.5625,-1.9,0.0,0.0,0.0
21.50562,0x2B0,0.0,0.0,1.0,6.25,0.93,-0.16,23.125,23.25,22.90625,22.5625,-1.9,0.0,0.0,0.0
21.50782,0x316,0.0,0.0,1.0,6.25,0.93,-0.16,23.125,23.25,22.90625,22.5625,-1.9,0.0,0.0,0.0
21.51543,0x220,0.0,0.0,1.0,6.25,0.87,-0.31,23.125,23.25,22.90625,22.5625,-1.9,0.0,0.0,0.0
21.51585,0x2B0,0.0,0.0,1.0,6.25,0.87,-0.31,23.125,23.25,22.90625,22.5625,-2.1,8.0,0.0,0.0
21.51607,0x386,0.0,0.0,1.0,6.25,0.87,-0.31,23.15625,23.1875,22.5,22.4375,-2.1,8.0,0.0,0.0
21.51798,0x316,0.0,0.0,1.0,6.25,0.87,-0.31,23.15625,23.1875,22.5,22.4375,-2.1,8.0,0.0,0.0
21.52543,0x220,0.0,0.0,1.0,6.25,0.93,-0.22,23.15625,23.1875,22.5,22.4375,-2.1,8.0,0.0,0.0
21.52563,0x2B0,0.0,0.0,1.0,6.25,0.93,-0.22,23.15625,23.1875,22.5,22.4375,-2.1,8.0,0.0,0.0
21.52791,0x316,0.0,0.0,1.0,6.25,0.93,-0.22,23.15625,23.1875,22.5,22.4375,-2.1,8.0,0.0,0.0
21.53543,0x220,0.0,0.0,1.0,6.25,1.07,-0.09,23.15625,23.1875,22.5,22.4375,-2.1,8.0,0.0,0.0
21.53584,0x2B0,0.0,0.0,1.0,6.25,1.07,-0.09,23.15625,23.1875,22.5,22.4375,-2.2,0.0,0.0,0.0
21.53607,0x386,0.0,0.0,1.0,6.25,1.07,-0.09,23.1875,23.1875,22.46875,23.03125,-2.2,0.0,0.0,0.0
21.53799,0x316,0.0,0.0,1.0,6.25,1.07,-0.09,23.1875,23.1875,22.46875,23.03125,-2.2,0.0,0.0,0.0
21.54543,0x220,0.0,0.0,1.0,6.25,1.25,-0.06,23.1875,23.1875,22.46875,23.03125,-2.2,0.0,0.0,0.0
21.54565,0x2B0,0.0,0.0,1.0,6.25,1.25,-0.06,23.1875,23.1875,22.46875,23.03125,-2.2,0.0,0.0,0.0
21.54859,0x316,0.0,0.0,1.0,6.25,1.25,-0.06,23.1875,23.1875,22.46875,23.03125,-2.2,0.0,0.0,0.0
21.55542,0x220,0.0,0.0,1.0,6.25,1.4,-0.1,23.1875,23.1875,22.46875,23.03125,-2.2,0.0,0.0,0.0
21.55584,0x2B0,0.0,0.0,1.0,6.25,1.4,-0.1,23.1875,23.1875,22.46875,23.03125,-2.4,8.0,0.0,0.0
21.55606,0x386,0.0,0.0,1.0,6.25,1.4,-0.1,23.0625,23.03125,22.53125,23.25,-2.4,8.0,0.0,0.0
21.55799,0x316,0.0,0.0,1.0,6.25,1.4,-0.1,23.0625,23.03125,22.53125,23.25,-2.4,8.0,0.0,0.0
21.56542,0x220,0.0,0.0,1.0,6.25,1.5,-0.06,23.0625,23.03125,22.53125,23.25,-2.4,8.0,0.0,0.0
21.56565,0x2B0,0.0,0.0,1.0,6.25,1.5,-0.06,23.0625,23.03125,22.53125,23.25,-2.6,20.0,0.0,0.0
21.56791,0x316,0.0,0.0,1.0,6.25,1.5,-0.06,23.0625,23.03125,22.53125,23.25,-2.6,20.0,0.0,0.0
21.57542,0x220,0.0,0.0,1.0,6.25,1.55,-0.01,23.0625,23.03125,22.53125,23.25,-2.6,20.0,0.0,0.0
21.57584,0x2B0,0.0,0.0,1.0,6.25,1.55,-0.01,23.0625,23.03125,22.53125,23.25,-2.6,8.0,0.0,0.0
21.57607,0x386,0.0,0.0,1.0,6.25,1.55,-0.01,23.0,23.0,22.875,22.71875,-2.6,8.0,0.0,0.0
21.57803,0x316,0.0,0.0,1.0,6.25,1.55,-0.01,23.0,23.0,22.875,22.71875,-2.6,8.0,0.0,0.0
21.58542,0x220,0.0,0.0,1.0,6.25,1.49,-0.02,23.0,23.0,22.875,22.71875,-2.6,8.0,0.0,0.0
21.58567,0x2B0,0.0,0.0,1.0,6.25,1.49,-0.02,23.0,23.0,22.875,22.71875,-2.8,8.0,0.0,0.0
21.58783,0x316,0.0,0.0,1.0,6.25,1.49,-0.02,23.0,23.0,22.875,22.71875,-2.8,8.0,0.0,0.0
21.59541,0x220,0.0,0.0,1.0,6.25,1.34,0.0,23.0,23.0,22.875,22.71875,-2.8,8.0,0.0,0.0
21.59583,0x2B0,0.0,0.0,1.0,6.25,1.34,0.0,23.0,23.0,22.875,22.71875,-2.8,8.0,0.0,0.0
21.59606,0x386,0.0,0.0,1.0,6.25,1.34,0.0,23.0625,23.0,23.0,22.53125,-2.8,8.0,0.0,0.0
21.59799,0x316,0.0,0.0,1.0,6.25,1.34,0.0,23.0625,23.0,23.0,22.53125,-2.8,8.0,0.0,0.0
21.60542,0x220,0.0,0.0,1.0,6.25,1.13,0.15,23.0625,23.0,23.0,22.53125,-2.8,8.0,0.0,0.0
21.60565,0x2B0,0.0,0.0,1.0,6.25,1.13,0.15,23.0625,23.0,23.0,22.53125,-3.0,8.0,0.0,0.0
21.6078,0x316,0.0,0.0,1.0,6.25,1.13,0.15,23.0625,23.0,23.0,22.53125,-3.0,8.0,0.0,0.0
21.61542,0x220,0.0,0.0,1.0,6.25,0.96,0.21,23.0625,23.0,23.0,22.53125,-3.0,8.0,0.0,0.0
21.61583,0x2B0,0.0,0.0,1.0,6.25,0.96,0.21,23.0625,23.0,23.0,22.53125,-3.0,8.0,0.0,0.0
21.61606,0x386,0.0,0.0,1.0,6.25,0.96,0.21,22.96875,22.84375,22.5,22.71875,-3.0,8.0,0.0,0.0
21.618,0x316,0.0,0.0,1.0,6.25,0.96,0.21,22.96875,22.84375,22.5,22.71875,-3.0,8.0,0.0,0.0
21.62542,0x220,0.0,0.0,1.0,6.25,0.88,-0.02,22.96875,22.84375,22.5,22.71875,-3.0,8.0,0.0,0.0
21.62566,0x2B0,0.0,0.0,1.0,6.25,0.88,-0.02,22.96875,22.84375,22.5,22.71875,-3.0,0.0,0.0,0.0
21.62784,0x316,0.0,0.0,1.0,6.25,0.88,-0.02,22.96875,22.84375,22.5,22.71875,-3.0,0.0,0.0,0.0
21.63542,0x220,0.0,0.0,1.0,6.25,0.75,-0.43,22.96875,22.84375,22.5,22.71875,-3.0,0.0,0.0,0.0
21.63584,0x2B0,0.0,0.0,1.0,6.25,0.75,-0.43,22.96875,22.84375,22.5,22.71875,-3.1,0.0,0.0,0.0
21.63606,0x386,0.0,0.0,1.0,6.25,0.75,-0.43,23.0625,22.9375,22.3125,22.5625,-3.1,0.0,0.0,0.0
21.63801,0x316,0.0,0.0,1.0,6.25,0.75,-0.43,23.0625,22.9375,22.3125,22.5625,-3.1,0.0,0.0,0.0
21.64541,0x220,0.0,0.0,1.0,6.25,0.52,-0.53,23.0625,22.9375,22.3125,22.5625,-3.1,0.0,0.0,0.0
21.64564,0x2B0,0.0,0.0,1.0,6.25,0.52,-0.53,23.0625,22.9375,22.3125,22.5625,-3.1,0.0,0.0,0.0
21.64861,0x316,0.0,0.0,1.0,6.25,0.52,-0.53,23.0625,22.9375,22.3125,22.5625,-3.1,0.0,0.0,0.0
21.65543,0x220,0.0,0.0,1.0,6.25,0.32,-0.33,23.0625,22.9375,22.3125,22.5625,-3.1,0.0,0.0,0.0
21.65584,0x2B0,0.0,0.0,1.0,6.25,0.32,-0.33,23.0625,22.9375,22.3125,22.5625,-3.1,0.0,0.0,0.0
21.65608,0x386,0.0,0.0,1.0,6.25,0.32,-0.33,23.03125,22.90625,22.71875,21.96875,-3.1,0.0,0.0,0.0
21.65802,0x316,0.0,0.0,1.0,6.25,0.32,-0.33,23.03125,22.90625,22.71875,21.96875,-3.1,0.0,0.0,0.0
21.66542,0x220,0.0,0.0,1.0,6.25,0.29,-0.01,23.03125,22.90625,22.71875,21.96875,-3.1,0.0,0.0,0.0
21.66561,0x2B0,0.0,0.0,1.0,6.25,0.29,-0.01,23.03125,22.90625,22.71875,21.96875,-3.3,8.0,0.0,0.0
21.66802,0x316,0.0,0.0,1.0,6.25,0.29,-0.01,23.03125,22.90625,22.71875,21.96875,-3.3,8.0,0.0,0.0
21.67543,0x220,0.0,0.0,1.0,6.25,0.47,0.17,23.03125,22.90625,22.71875,21.96875,-3.3,8.0,0.0,0.0
21.67585,0x2B0,0.0,0.0,1.0,6.25,0.47,0.17,23.03125,22.90625,22.71875,21.96875,-3.3,8.0,0.0,0.0
21.67608,0x386,0.0,0.0,1.0,6.25,0.47,0.17,23.03125,22.9375,21.9375,22.65625,-3.3,8.0,0.0,0.0
21.67814,0x316,0.0,0.0,1.0,6.25,0.47,0.17,23.03125,22.9375,21.9375,22.65625,-3.3,8.0,0.0,0.0
21.68543,0x220,0.0,0.0,1.0,6.25,0.8,0.22,23.03125,22.9375,21.9375,22.65625,-3.3,8.0,0.0,0.0
21.68564,0x2B0,0.0,0.0,1.0,6.25,0.8,0.22,23.03125,22.9375,21.9375,22.65625,-3.5,8.0,0.0,0.0
21.68783,0x316,0.0,0.0,1.0,6.25,0.8,0.22,23.03125,22.9375,21.9375,22.65625,-3.5,8.0,0.0,0.0
21.69542,0x220,0.0,0.0,1.0,6.25,1.12,0.16,23.03125,22.9375,21.9375,22.65625,-3.5,8.0,0.0,0.0
21.69584,0x2B0,0.0,0.0,1.0,6.25,1.12,0.16,23.03125,22.9375,21.9375,22.65625,-3.5,8.0,0.0,0.0
21.69607,0x386,0.0,0.0,1.0,6.25,1.12,0.16,22.875,22.90625,22.125,22.65625,-3.5,8.0,0.0,0.0
21.69795,0x316,0.0,0.0,1.0,6.25,1.12,0.16,22.875,22.90625,22.125,22.65625,-3.5,8.0,0.0,0.0
21.70542,0x220,0.0,0.0,1.0,6.25,1.25,0.16,22.875,22.90625,22.125,22.65625,-3.5,8.0,0.0,0.0
21.70561,0x2B0,0.0,0.0,1.0,6.25,1.25,0.16,22.875,22.90625,22.125,22.65625,-3.7,8.0,0.0,0.0
21.70796,0x316,0.0,0.0,1.0,6.25,1.25,0.16,22.875,22.90625,22.125,22.65625,-3.7,8.0,0.0,0.0
21.71542,0x220,0.0,0.0,1.0,6.25,1.18,0.31,22.875,22.90625,22.125,22.65625,-3.7,8.0,0.0,0.0
21.71584,0x2B0,0.0,0.0,1.0,6.25,1.18,0.31,22.875,22.90625,22.125,22.65625,-3.7,8.0,0.0,0.0
21.71607,0x386,0.0,0.0,1.0,6.25,1.18,0.31,22.8125,22.78125,23.0,22.0625,-3.7,8.0,0.0,0.0
21.71796,0x316,0.0,0.0,1.0,6.25,1.18,0.31,22.8125,22.78125,23.0,22.0625,-3.7,8.0,0.0,0.0
21.72542,0x220,0.0,0.0,1.0,6.25,0.98,0.47,22.8125,22.78125,23.0,22.0625,-3.7,8.0,0.0,0.0
21.72563,0x2B0,0.0,0.0,1.0,6.25,0.98,0.47,22.8125,22.78125,23.0,22.0625,-3.7,0.0,0.0,0.0
21.72796,0x316,0.0,0.0,1.0,6.25,0.98,0.47,22.8125,22.78125,23.0,22.0625,-3.7,0.0,0.0,0.0
21.73542,0x220,0.0,0.0,1.0,6.25,0.74,0.49,22.8125,22.78125,23.0,22.0625,-3.7,0.0,0.0,0.0
21.73584,0x2B0,0.0,0.0,1.0,6.25,0.74,0.49,22.8125,22.78125,23.0,22.0625,-3.9,8.0,0.0,0.0
21.73607,0x386,0.0,0.0,1.0,6.25,0.74,0.49,22.65625,22.78125,22.40625,22.59375,-3.9,8.0,0.0,0.0
21.73797,0x316,0.0,0.0,1.0,6.25,0.74,0.49,22.65625,22.78125,22.40625,22.59375,-3.9,8.0,0.0,0.0
21.74543,0x220,0.0,0.0,1.0,6.25,0.56,0.39,22.65625,22.78125,22.40625,22.59375,-3.9,8.0,0.0,0.0
21.74563,0x2B0,0.0,0.0,1.0,6.25,0.56,0.39,22.65625,22.78125,22.40625,22.59375,-3.9,8.0,0.0,0.0
21.74857,0x316,0.0,0.0,1.0,6.25,0.56,0.39,22.65625,22.78125,22.40625,22.59375,-3.9,8.0,0.0,0.0
21.75541,0x220,0.0,0.0,1.0,6.25,0.54,0.25,22.65625,22.78125,22.40625,22.59375,-3.9,8.0,0.0,0.0
21.75583,0x2B0,0.0,0.0,1.0,6.25,0.54,0.25,22.65625,22.78125,22.40625,22.59375,-3.9,0.0,0.0,0.0
21.75605,0x386,0.0,0.0,1.0,6.25,0.54,0.25,22.59375,22.625,22.0625,22.75,-3.9,0.0,0.0,0.0
21.75797,0x316,0.0,0.0,1.0,6.25,0.54,0.25,22.59375,22.625,22.0625,22.75,-3.9,0.0,0.0,0.0
21.76542,0x220,0.0,0.0,1.0,6.25,0.64,0.16,22.59375,22.625,22.0625,22.75,-3.9,0.0,0.0,0.0
21.7656,0x2B0,0.0,0.0,1.0,6.25,0.64,0.16,22.59375,22.625,22.0625,22.75,-4.0,0.0,0.0,0.0
21.76797,0x316,0.0,0.0,1.0,6.25,0.64,0.16,22.59375,22.625,22.0625,22.75,-4.0,0.0,0.0,0.0
21.77542,0x220,0.0,0.0,1.0,6.25,0.9,0.19,22.59375,22.625,22.0625,22.75,-4.0,0.0,0.0,0.0
21.77584,0x2B0,0.0,0.0,1.0,6.25,0.9,0.19,22.59375,22.625,22.0625,22.75,-4.0,0.0,0.0,0.0
21.77607,0x386,0.0,0.0,1.0,6.25,0.9,0.19,22.5625,22.625,22.375,22.34375,-4.0,0.0,0.0,0.0
21.77822,0x316,0.0,0.0,1.0,6.25,0.9,0.19,22.5625,22.625,22.375,22.34375,-4.0,0.0,0.0,0.0
21.78541,0x220,0.0,0.0,1.0,6.25,1.24,0.22,22.5625,22.625,22.375,22.34375,-4.0,0.0,0.0,0.0
21.78561,0x2B0,0.0,0.0,1.0,6.25,1.24,0.22,22.5625,22.625,22.375,22.34375,-4.0,0.0,0.0,0.0
21.78797,0x316,0.0,0.0,1.0,6.25,1.24,0.22,22.5625,22.625,22.375,22.34375,-4.0,0.0,0.0,0.0
21.79542,0x220,0.0,0.0,1.0,6.25,1.5,0.18,22.5625,22.625,22.375,22.34375,-4.0,0.0,0.0,0.0
21.79583,0x2B0,0.0,0.0,1.0,6.25,1.5,0.18,22.5625,22.625,22.375,22.34375,-4.0,0.0,0.0,0.0
21.79606,0x386,0.0,0.0,1.0,6.25,1.5,0.18,22.5625,22.6875,22.34375,22.46875,-4.0,0.0,0.0,0.0
21.79798,0x316,0.0,0.0,1.0,6.25,1.5,0.18,22.5625,22.6875,22.34375,22.46875,-4.0,0.0,0.0,0.0
21.80541,0x220,0.0,0.0,1.0,6.25,1.62,0.13,22.5625,22.6875,22.34375,22.46875,-4.0,0.0,0.0,0.0
21.80561,0x2B0,0.0,0.0,1.0,6.25,1.62,0.13,22.5625,22.6875,22.34375,22.46875,-4.0,0.0,0.0,0.0
21.80798,0x316,0.0,0.0,1.0,6.25,1.62,0.13,22.5625,22.6875,22.34375,22.46875,-4.0,0.0,0.0,0.0
21.81542,0x220,0.0,0.0,1.0,6.25,1.63,0.13,22.5625,22.6875,22.34375,22.46875,-4.0,0.0,0.0,0.0
21.81584,0x2B0,0.0,0.0,1.0,6.25,1.63,0.13,22.5625,22.6875,22.34375,22.46875,-4.0,0.0,0.0,0.0
21.81607,0x386,0.0,0.0,1.0,6.25,1.63,0.13,22.5625,22.65625,22.21875,22.53125,-4.0,0.0,0.0,0.0
21.81799,0x316,0.0,0.0,1.0,6.25,1.63,0.13,22.5625,22.65625,22.21875,22.53125,-4.0,0.0,0.0,0.0
21.82542,0x220,0.0,0.0,1.0,6.25,1.62,0.15,22.5625,22.65625,22.21875,22.53125,-4.0,0.0,0.0,0.0
21.82561,0x2B0,0.0,0.0,1.0,6.25,1.62,0.15,22.5625,22.65625,22.21875,22.53125,-4.0,0.0,0.0,0.0
21.82799,0x316,0.0,0.0,1.0,6.25,1.62,0.15,22.5625,22.65625,22.21875,22.53125,-4.0,0.0,0.0,0.0
21.83543,0x220,0.0,0.0,1.0,6.25,1.6,0.12,22.5625,22.65625,22.21875,22.53125,-4.0,0.0,0.0,0.0
21.83585,0x2B0,0.0,0.0,1.0,6.25,1.6,0.12,22.5625,22.65625,22.21875,22.53125,-4.0,0.0,0.0,0.0
21.83607,0x386,0.0,0.0,1.0,6.25,1.6,0.12,22.46875,22.53125,22.15625,22.375,-4.0,0.0,0.0,0.0
21.838,0x316,0.0,0.0,1.0,6.25,1.6,0.12,22.46875,22.53125,22.15625,22.375,-4.0,0.0,0.0,0.0
21.84543,0x220,0.0,0.0,1.0,6.25,1.54,-0.01,22.46875,22.53125,22.15625,22.375,-4.0,0.0,0.0,0.0
21.84562,0x2B0,0.0,0.0,1.0,6.25,1.54,-0.01,22.46875,22.53125,22.15625,22.375,-4.0,0.0,0.0,0.0
21.84872,0x316,0.0,0.0,1.0,6.25,1.54,-0.01,22.46875,22.53125,22.15625,22.375,-4.0,0.0,0.0,0.0
21.85542,0x220,0.0,0.0,1.0,6.25,1.45,-0.14,22.46875,22.53125,22.15625,22.375,-4.0,0.0,0.0,0.0
21.85583,0x2B0,0.0,0.0,1.0,6.25,1.45,-0.14,22.46875,22.53125,22.15625,22.375,-4.0,0.0,0.0,0.0
21.85606,0x386,0.0,0.0,1.0,6.25,1.45,-0.14,22.5625,22.5625,22.0625,22.34375,-4.0,0.0,0.0,0.0
21.858,0x316,0.0,0.0,1.0,6.25,1.45,-0.14,22.5625,22.5625,22.0625,22.34375,-4.0,0.0,0.0,0.0
21.86542,0x220,0.0,0.0,1.0,6.25,1.38,-0.15,22.5625,22.5625,22.0625,22.34375,-4.0,0.0,0.0,0.0
21.8656,0x2B0,0.0,0.0,1.0,6.25,1.38,-0.15,22.5625,22.5625,22.0625,22.34375,-4.0,0.0,0.0,0.0
21.868,0x316,0.0,0.0,1.0,6.25,1.38,-0.15,22.5625,22.5625,22.0625,22.34375,-4.0,0.0,0.0,0.0
21.87543,0x220,0.0,0.0,1.0,6.25,1.37,-0.1,22.5625,22.5625,22.0625,22.34375,-4.0,0.0,0.0,0.0
21.87585,0x2B0,0.0,0.0,1.0,6.25,1.37,-0.1,22.5625,22.5625,22.0625,22.34375,-4.0,0.0,0.0,0.0
21.87607,0x386,0.0,0.0,1.0,6.25,1.37,-0.1,22.5,22.40625,22.28125,22.3125,-4.0,0.0,0.0,0.0
21.87825,0x316,0.0,0.0,1.0,6.25,1.37,-0.1,22.5,22.40625,22.28125,22.3125,-4.0,0.0,0.0,0.0
21.88541,0x220,0.0,0.0,1.0,6.25,1.36,-0.15,22.5,22.40625,22.28125,22.3125,-4.0,0.0,0.0,0.0
21.88559,0x2B0,0.0,0.0,1.0,6.25,1.36,-0.15,22.5,22.40625,22.28125,22.3125,-4.0,0.0,0.0,0.0
21.88801,0x316,0.0,0.0,1.0,6.25,1.36,-0.15,22.5,22.40625,22.28125,22.3125,-4.0,0.0,0.0,0.0
21.89541,0x220,0.0,0.0,1.0,6.25,1.4,-0.17,22.5,22.40625,22.28125,22.3125,-4.0,0.0,0.0,0.0
21.89583,0x2B0,0.0,0.0,1.0,6.25,1.4,-0.17,22.5,22.40625,22.28125,22.3125,-4.0,0.0,0.0,0.0
21.89606,0x386,0.0,0.0,1.0,6.25,1.4,-0.17,22.53125,22.46875,22.15625,22.25,-4.0,0.0,0.0,0.0
21.89802,0x316,0.0,0.0,1.0,6.25,1.4,-0.17,22.53125,22.46875,22.15625,22.25,-4.0,0.0,0.0,0.0
21.90541,0x220,0.0,0.0,1.0,6.25,1.44,-0.06,22.53125,22.46875,22.15625,22.25,-4.0,0.0,0.0,0.0
21.9056,0x2B0,0.0,0.0,1.0,6.25,1.44,-0.06,22.53125,22.46875,22.15625,22.25,-4.0,0.0,0.0,0.0
21.90777,0x316,0.0,0.0,1.0,6.25,1.44,-0.06,22.53125,22.46875,22.15625,22.25,-4.0,0.0,0.0,0.0
21.91542,0x220,0.0,0.0,1.0,6.25,1.45,0.02,22.53125,22.46875,22.15625,22.25,-4.0,0.0,0.0,0.0
21.91583,0x2B0,0.0,0.0,1.0,6.25,1.45,0.02,22.53125,22.46875,22.15625,22.25,-4.0,0.0,0.0,0.0
21.91606,0x386,0.0,0.0,1.0,6.25,1.45,0.02,22.5625,22.4375,22.0,22.3125,-4.0,0.0,0.0,0.0
21.91802,0x316,0.0,0.0,1.0,6.25,1.45,0.02,22.5625,22.4375,22.0,22.3125,-4.0,0.0,0.0,0.0
21.92541,0x220,0.0,0.0,1.0,6.25,1.42,0.0,22.5625,22.4375,22.0,22.3125,-4.0,0.0,0.0,0.0
21.92562,0x2B0,0.0,0.0,1.0,6.25,1.42,0.0,22.5625,22.4375,22.0,22.3125,-4.0,0.0,0.0,0.0
21.92802,0x316,0.0,0.0,1.0,6.25,1.42,0.0,22.5625,22.4375,22.0,22.3125,-4.0,0.0,0.0,0.0
21.93541,0x220,0.0,0.0,1.0,6.25,1.3,-0.1,22.5625,22.4375,22.0,22.3125,-4.0,0.0,0.0,0.0
21.93582,0x2B0,0.0,0.0,1.0,6.25,1.3,-0.1,22.5625,22.4375,22.0,22.3125,-3.9,0.0,0.0,0.0
21.93605,0x386,0.0,0.0,1.0,6.25,1.3,-0.1,22.59375,22.46875,22.09375,22.21875,-3.9,0.0,0.0,0.0
21.93803,0x316,0.0,0.0,1.0,6.25,1.3,-0.1,22.59375,22.46875,22.09375,22.21875,-3.9,0.0,0.0,0.0
21.94542,0x220,0.0,0.0,1.0,6.25,1.14,-0.16,22.59375,22.46875,22.09375,22.21875,-3.9,0.0,0.0,0.0
21.94561,0x2B0,0.0,0.0,1.0,6.25,1.14,-0.16,22.59375,22.46875,22.09375,22.21875,-3.9,0.0,0.0,0.0
21.94848,0x316,0.0,0.0,1.0,6.25,1.14,-0.16,22.59375,22.46875,22.09375,22.21875,-3.9,0.0,0.0,0.0
21.9554,0x220,0.0,0.0,1.0,6.25,1.02,-0.09,22.59375,22.46875,22.09375,22.21875,-3.9,0.0,0.0,0.0
21.95582,0x2B0,0.0,0.0,1.0,6.25,1.02,-0.09,22.59375,22.46875,22.09375,22.21875,-3.9,0.0,0.0,0.0
21.95605,0x386,0.0,0.0,1.0,6.25,1.02,-0.09,22.53125,22.5,22.21875,22.21875,-3.9,0.0,0.0,0.0
21.95803,0x316,0.0,0.0,1.0,6.25,1.02,-0.09,22.53125,22.5,22.21875,22.21875,-3.9,0.0,0.0,0.0
21.96541,0x220,0.0,0.0,1.0,6.25,1.0,0.0,22.53125,22.5,22.21875,22.21875,-3.9,0.0,0.0,0.0
21.9656,0x2B0,0.0,0.0,1.0,6.25,1.0,0.0,22.53125,22.5,22.21875,22.21875,-3.9,0.0,0.0,0.0
21.96803,0x316,0.0,0.0,1.0,6.25,1.0,0.0,22.53125,22.5,22.21875,22.21875,-3.9,0.0,0.0,0.0
21.97542,0x220,0.0,0.0,1.0,6.25,1.09,0.09,22.53125,22.5,22.21875,22.21875,-3.9,0.0,0.0,0.0
21.97584,0x2B0,0.0,0.0,1.0,6.25,1.09,0.09,22.53125,22.5,22.21875,22.21875,-3.9,0.0,0.0,0.0
21.97607,0x386,0.0,0.0,1.0,6.25,1.09,0.09,22.5625,22.53125,22.1875,22.09375,-3.9,0.0,0.0,0.0
21.97803,0x316,0.0,0.0,1.0,6.25,1.09,0.09,22.5625,22.53125,22.1875,22.09375,-3.9,0.0,0.0,0.0
21.98542,0x220,0.0,0.0,1.0,6.25,1.24,0.1,22.5625,22.53125,22.1875,22.09375,-3.9,0.0,0.0,0.0
21.9856,0x2B0,0.0,0.0,1.0,6.25,1.24,0.1,22.5625,22.53125,22.1875,22.09375,-3.9,0.0,0.0,0.0
21.98779,0x316,0.0,0.0,1.0,6.25,1.24,0.1,22.5625,22.53125,22.1875,22.09375,-3.9,0.0,0.0,0.0
21.99542,0x220,0.0,0.0,1.0,6.25,1.38,0.05,22.5625,22.53125,22.1875,22.09375,-3.9,0.0,0.0,0.0
21.99584,0x2B0,0.0,0.0,1.0,6.25,1.38,0.05,22.5625,22.53125,22.1875,22.09375,-3.9,0.0,0.0,0.0
21.99607,0x386,0.0,0.0,1.0,6.25,1.38,0.05,22.5,22.4375,22.125,21.9375,-3.9,0.0,0.0,0.0
21.99804,0x316,0.0,0.0,1.0,6.25,1.38,0.05,22.5,22.4375,22.125,21.9375,-3.9,0.0,0.0,0.0
22.00541,0x220,0.0,0.0,1.0,6.25,1.43,0.03,22.5,22.4375,22.125,21.9375,-3.9,0.0,0.0,0.0
22.0056,0x2B0,0.0,0.0,1.0,6.25,1.43,0.03,22.5,22.4375,22.125,21.9375,-3.9,0.0,0.0,0.0
22.00804,0x316,0.0,0.0,1.0,6.25,1.43,0.03,22.5,22.4375,22.125,21.9375,-3.9,0.0,0.0,0.0
22.01542,0x220,0.0,0.0,1.0,6.25,1.41,0.0,22.5,22.4375,22.125,21.9375,-3.9,0.0,0.0,0.0
22.01583,0x2B0,0.0,0.0,1.0,6.25,1.41,0.0,22.5,22.4375,22.125,21.9375,-3.9,0.0,0.0,0.0
22.01606,0x386,0.0,0.0,1.0,6.25,1.41,0.0,22.4375,22.46875,22.03125,22.09375,-3.9,0.0,0.0,0.0
22.01805,0x316,0.0,0.0,1.0,6.25,1.41,0.0,22.4375,22.46875,22.03125,22.09375,-3.9,0.0,0.0,0.0
22.02542,0x220,0.0,0.0,1.0,6.25,1.31,-0.09,22.4375,22.46875,22.03125,22.09375,-3.9,0.0,0.0,0.0
22.0256,0x2B0,0.0,0.0,1.0,6.25,1.31,-0.09,22.4375,22.46875,22.03125,22.09375,-3.9,0.0,0.0,0.0
22.02779,0x316,0.0,0.0,1.0,6.25,1.31,-0.09,22.4375,22.46875,22.03125,22.09375,-3.9,0.0,0.0,0.0
22.03542,0x220,0.0,0.0,1.0,6.25,1.17,-0.19,22.4375,22.46875,22.03125,22.09375,-3.9,0.0,0.0,0.0
22.03583,0x2B0,0.0,0.0,1.0,6.25,1.17,-0.19,22.4375,22.46875,22.03125,22.09375,-3.9,0.0,0.0,0.0
22.03607,0x386,0.0,0.0,1.0,6.25,1.17,-0.19,22.375,22.4375,22.03125,22.21875,-3.9,0.0,0.0,0.0
22.03805,0x316,0.0,0.0,1.0,6.25,1.17,-0.19,22.375,22.4375,22.03125,22.21875,-3.9,0.0,0.0,0.0
22.04541,0x220,0.0,0.0,1.0,6.25,1.1,-0.16,22.375,22.4375,22.03125,22.21875,-3.9,0.0,0.0,0.0
22.04559,0x2B0,0.0,0.0,1.0,6.25,1.1,-0.16,22.375,22.4375,22.03125,22.21875,-3.9,0.0,0.0,0.0
22.04861,0x316,0.0,0.0,1.0,6.25,1.1,-0.16,22.375,22.4375,22.03125,22.21875,-3.9,0.0,0.0,0.0
22.05541,0x220,0.0,0.0,1.0,6.25,1.11,-0.02,22.375,22.4375,22.03125,22.21875,-3.9,0.0,0.0,0.0
22.05582,0x2B0,0.0,0.0,1.0,6.25,1.11,-0.02,22.375,22.4375,22.03125,22.21875,-3.9,0.0,0.0,0.0
22.05605,0x386,0.0,0.0,1.0,6.25,1.11,-0.02,22.28125,22.375,21.90625,22.09375,-3.9,0.0,0.0,0.0
22.05781,0x316,0.0,0.0,1.0,6.25,1.11,-0.02,22.28125,22.375,21.90625,22.09375,-3.9,0.0,0.0,0.0
22.06542,0x220,0.0,0.0,1.0,6.25,1.16,0.05,22.28125,22.375,21.90625,22.09375,-3.9,0.0,0.0,0.0
22.0656,0x2B0,0.0,0.0,1.0,6.25,1.16,0.05,22.28125,22.375,21.90625,22.09375,-3.9,0.0,0.0,0.0
22.06781,0x316,0.0,0.0,1.0,6.25,1.16,0.05,22.28125,22.375,21.90625,22.09375,-3.9,0.0,0.0,0.0
22.07542,0x220,0.0,0.0,1.0,6.25,1.19,0.06,22.28125,22.375,21.90625,22.09375,-3.9,0.0,0.0,0.0
22.07583,0x2B0,0.0,0.0,1.0,6.25,1.19,0.06,22.28125,22.375,21.90625,22.09375,-3.9,0.0,0.0,0.0
22.07605,0x386,0.0,0.0,1.0,6.25,1.19,0.06,22.28125,22.375,21.84375,22.1875,-3.9,0.0,0.0,0.0
22.07806,0x316,0.0,0.0,1.0,6.25,1.19,0.06,22.28125,22.375,21.84375,22.1875,-3.9,0.0,0.0,0.0
22.08542,0x220,0.0,0.0,1.0,6.25,1.18,0.03,22.28125,22.375,21.84375,22.1875,-3.9,0.0,0.0,0.0
22.0856,0x2B0,0.0,0.0,1.0,6.25,1.18,0.03,22.28125,22.375,21.84375,22.1875,-3.9,0.0,0.0,0.0
22.08782,0x316,0.0,0.0,1.0,6.25,1.18,0.03,22.28125,22.375,21.84375,22.1875,-3.9,0.0,0.0,0.0
22.09541,0x220,0.0,0.0,1.0,6.25,1.12,0.0,22.28125,22.375,21.84375,22.1875,-3.9,0.0,0.0,0.0
22.09583,0x2B0,0.0,0.0,1.0,6.25,1.12,0.0,22.28125,22.375,21.84375,22.1875,-3.9,0.0,0.0,0.0
22.09606,0x386,0.0,0.0,1.0,6.25,1.12,0.0,22.3125,22.28125,21.875,22.15625,-3.9,0.0,0.0,0.0
22.09779,0x316,0.0,0.0,1.0,6.25,1.12,0.0,22.3125,22.28125,21.875,22.15625,-3.9,0.0,0.0,0.0
22.10542,0x220,0.0,0.0,1.0,6.25,1.06,-0.05,22.3125,22.28125,21.875,22.15625,-3.9,0.0,0.0,0.0
22.1056,0x2B0,0.0,0.0,1.0,6.25,1.06,-0.05,22.3125,22.28125,21.875,22.15625,-3.9,0.0,0.0,0.0
22.10777,0x316,0.0,0.0,1.0,6.25,1.06,-0.05,22.3125,22.28125,21.875,22.15625,-3.9,0.0,0.0,0.0
22.11541,0x220,0.0,0.0,1.0,6.25,1.06,-0.06,22.3125,22.28125,21.875,22.15625,-3.9,0.0,0.0,0.0
22.11583,0x2B0,0.0,0.0,1.0,6.25,1.06,-0.06,22.3125,22.28125,21.875,22.15625,-3.9,0.0,0.0,0.0
22.11606,0x386,0.0,0.0,1.0,6.25,1.06,-0.06,22.1875,22.28125,21.84375,21.90625,-3.9,0.0,0.0,0.0
22.1178,0x316,0.0,0.0,1.0,6.25,1.06,-0.06,22.1875,22.28125,21.84375,21.90625,-3.9,0.0,0.0,0.0
22.12541,0x220,0.0,0.0,1.0,6.25,1.11,-0.04,22.1875,22.28125,21.84375,21.90625,-3.9,0.0,0.0,0.0
22.1256,0x2B0,0.0,0.0,1.0,6.25,1.11,-0.04,22.1875,22.28125,21.84375,21.90625,-3.9,0.0,0.0,0.0
22.1279,0x316,0.0,0.0,1.0,6.25,1.11,-0.04,22.1875,22.28125,21.84375,21.90625,-3.9,0.0,0.0,0.0
22.13543,0x220,0.0,0.0,1.0,6.25,1.14,-0.03,22.1875,22.28125,21.84375,21.90625,-3.9,0.0,0.0,0.0
22.13584,0x2B0,0.0,0.0,1.0,6.25,1.14,-0.03,22.1875,22.28125,21.84375,21.90625,-3.9,0.0,0.0,0.0
22.13607,0x386,0.0,0.0,1.0,6.25,1.14,-0.03,22.1875,22.21875,21.6875,21.90625,-3.9,0.0,0.0,0.0
22.13785,0x316,0.0,0.0,1.0,6.25,1.14,-0.03,22.1875,22.21875,21.6875,21.90625,-3.9,0.0,0.0,0.0
22.14542,0x220,0.0,0.0,1.0,6.25,1.22,0.0,22.1875,22.21875,21.6875,21.90625,-3.9,0.0,0.0,0.0
22.1456,0x2B0,0.0,0.0,1.0,6.25,1.22,0.0,22.1875,22.21875,21.6875,21.90625,-3.9,0.0,0.0,0.0
22.14848,0x316,0.0,0.0,1.0,6.25,1.22,0.0,22.1875,22.21875,21.6875,21.90625,-3.9,0.0,0.0,0.0
22.15542,0x220,0.0,0.0,1.0,6.25,1.35,0.0,22.1875,22.21875,21.6875,21.90625,-3.9,0.0,0.0,0.0
22.15584,0x2B0,0.0,0.0,1.0,6.25,1.35,0.0,22.1875,22.21875,21.6875,21.90625,-3.9,0.0,0.0,0.0
22.15606,0x386,0.0,0.0,1.0,6.25,1.35,0.0,22.15625,22.21875,21.84375,22.0,-3.9,0.0,0.0,0.0
22.1578,0x316,0.0,0.0,1.0,6.25,1.35,0.0,22.15625,22.21875,21.84375,22.0,-3.9,0.0,0.0,0.0
22.16541,0x220,0.0,0.0,1.0,6.25,1.43,-0.01,22.15625,22.21875,21.84375,22.0,-3.9,0.0,0.0,0.0
22.16559,0x2B0,0.0,0.0,1.0,6.25,1.43,-0.01,22.15625,22.21875,21.84375,22.0,-3.9,0.0,0.0,0.0
22.16791,0x316,0.0,0.0,1.0,6.25,1.43,-0.01,22.15625,22.21875,21.84375,22.0,-3.9,0.0,0.0,0.0
22.17542,0x220,0.0,0.0,1.0,6.25,1.44,-0.09,22.15625,22.21875,21.84375,22.0,-3.9,0.0,0.0,0.0
22.17583,0x2B0,0.0,0.0,1.0,6.25,1.44,-0.09,22.15625,22.21875,21.84375,22.0,-3.9,0.0,0.0,0.0
22.17606,0x386,0.0,0.0,1.0,6.25,1.44,-0.09,22.3125,22.1875,21.75,21.9375,-3.9,0.0,0.0,0.0
22.17796,0x316,0.0,0.0,1.0,6.25,1.44,-0.09,22.3125,22.1875,21.75,21.9375,-3.9,0.0,0.0,0.0
22.18541,0x220,0.0,0.0,1.0,6.25,1.4,-0.11,22.3125,22.1875,21.75,21.9375,-3.9,0.0,0.0,0.0
22.1856,0x2B0,0.0,0.0,1.0,6.25,1.4,-0.11,22.3125,22.1875,21.75,21.9375,-3.9,0.0,0.0,0.0
22.18783,0x316,0.0,0.0,1.0,6.25,1.4,-0.11,22.3125,22.1875,21.75,21.9375,-3.9,0.0,0.0,0.0
22.19543,0x220,0.0,0.0,1.0,6.25,1.33,-0.04,22.3125,22.1875,21.75,21.9375,-3.9,0.0,0.0,0.0
22.19584,0x2B0,0.0,0.0,1.0,6.25,1.33,-0.04,22.3125,22.1875,21.75,21.9375,-3.9,0.0,0.0,0.0
22.19607,0x386,0.0,0.0,1.0,6.25,1.33,-0.04,22.03125,22.0625,21.78125,21.96875,-3.9,0.0,0.0,0.0
22.1978,0x316,0.0,0.0,1.0,6.25,1.33,-0.04,22.03125,22.0625,21.78125,21.96875,-3.9,0.0,0.0,0.0
22.20541,0x220,0.0,0.0,1.0,6.25,1.24,0.0,22.03125,22.0625,21.78125,21.96875,-3.9,0.0,0.0,0.0
22.2056,0x2B0,0.0,0.0,1.0,6.25,1.24,0.0,22.03125,22.0625,21.78125,21.96875,-3.7,8.0,0.0,0.0
22.20784,0x316,0.0,0.0,1.0,6.25,1.24,0.0,22.03125,22.0625,21.78125,21.96875,-3.7,8.0,0.0,0.0
22.21542,0x220,0.0,0.0,1.0,6.25,1.15,0.0,22.03125,22.0625,21.78125,21.96875,-3.7,8.0,0.0,0.0
22.21584,0x2B0,0.0,0.0,1.0,6.25,1.15,0.0,22.03125,22.0625,21.78125,21.96875,-3.7,8.0,0.0,0.0
22.21606,0x386,0.0,0.0,1.0,6.25,1.15,0.0,22.28125,22.0625,21.8125,21.75,-3.7,8.0,0.0,0.0
22.2178,0x316,0.0,0.0,1.0,6.25,1.15,0.0,22.28125,22.0625,21.8125,21.75,-3.7,8.0,0.0,0.0
22.22541,0x220,0.0,0.0,1.0,6.25,1.08,0.0,22.28125,22.0625,21.8125,21.75,-3.7,8.0,0.0,0.0
22.22559,0x2B0,0.0,0.0,1.0,6.25,1.08,0.0,22.28125,22.0625,21.8125,21.75,-3.5,8.0,0.0,0.0
22.22788,0x316,0.0,0.0,1.0,6.25,1.08,0.0,22.28125,22.0625,21.8125,21.75,-3.5,8.0,0.0,0.0
22.23542,0x220,0.0,0.0,1.0,6.25,1.07,0.12,22.28125,22.0625,21.8125,21.75,-3.5,8.0,0.0,0.0
22.23583,0x2B0,0.0,0.0,1.0,6.25,1.07,0.12,22.28125,22.0625,21.8125,21.75,-3.5,8.0,0.0,0.0
22.23606,0x386,0.0,0.0,1.0,6.25,1.07,0.12,22.09375,22.03125,21.75,21.65625,-3.5,8.0,0.0,0.0
22.23785,0x316,0.0,0.0,1.0,6.25,1.07,0.12,22.09375,22.03125,21.75,21.65625,-3.5,8.0,0.0,0.0
22.24542,0x220,0.0,0.0,1.0,6.25,1.19,0.21,22.09375,22.03125,21.75,21.65625,-3.5,8.0,0.0,0.0
22.24561,0x2B0,0.0,0.0,1.0,6.25,1.19,0.21,22.09375,22.03125,21.75,21.65625,-3.3,8.0,0.0,0.0
22.24861,0x316,0.0,0.0,1.0,6.25,1.19,0.21,22.09375,22.03125,21.75,21.65625,-3.3,8.0,0.0,0.0
22.25541,0x220,0.0,0.0,1.0,6.25,1.31,0.0,22.09375,22.03125,21.75,21.65625,-3.3,8.0,0.0,0.0
22.25583,0x2B0,0.0,0.0,1.0,6.25,1.31,0.0,22.09375,22.03125,21.75,21.65625,-3.3,8.0,0.0,0.0
22.25606,0x386,0.0,0.0,1.0,6.25,1.31,0.0,22.0,22.09375,21.75,21.78125,-3.3,8.0,0.0,0.0
22.25779,0x316,0.0,0.0,1.0,6.25,1.31,0.0,22.0,22.09375,21.75,21.78125,-3.3,8.0,0.0,0.0
22.26541,0x220,0.0,0.0,1.0,6.25,1.27,-0.28,22.0,22.09375,21.75,21.78125,-3.3,8.0,0.0,0.0
22.2656,0x2B0,0.0,0.0,1.0,6.25,1.27,-0.28,22.0,22.09375,21.75,21.78125,-3.0,12.0,0.0,0.0
22.26788,0x316,0.0,0.0,1.0,6.25,1.27,-0.28,22.0,22.09375,21.75,21.78125,-3.0,12.0,0.0,0.0
22.27542,0x220,0.0,0.0,1.0,6.25,1.09,-0.22,22.0,22.09375,21.75,21.78125,-3.0,12.0,0.0,0.0
22.27584,0x2B0,0.0,0.0,1.0,6.25,1.09,-0.22,22.0,22.09375,21.75,21.78125,-3.0,12.0,0.0,0.0
22.27606,0x386,0.0,0.0,1.0,6.25,1.09,-0.22,22.125,21.9375,21.6875,21.78125,-3.0,12.0,0.0,0.0
22.27796,0x316,0.0,0.0,1.0,6.25,1.09,-0.22,22.125,21.9375,21.6875,21.78125,-3.0,12.0,0.0,0.0
22.28543,0x220,0.0,0.0,1.0,6.25,0.96,0.23,22.125,21.9375,21.6875,21.78125,-3.0,12.0,0.0,0.0
22.28561,0x2B0,0.0,0.0,1.0,6.25,0.96,0.23,22.125,21.9375,21.6875,21.78125,-2.8,8.0,0.0,0.0
22.2879,0x316,0.0,0.0,1.0,6.25,0.96,0.23,22.125,21.9375,21.6875,21.78125,-2.8,8.0,0.0,0.0
22.29542,0x220,0.0,0.0,1.0,6.25,0.95,0.45,22.125,21.9375,21.6875,21.78125,-2.8,8.0,0.0,0.0
22.29583,0x2B0,0.0,0.0,1.0,6.25,0.95,0.45,22.125,21.9375,21.6875,21.78125,-2.6,20.0,0.0,0.0
22.29606,0x386,0.0,0.0,1.0,6.25,0.95,0.45,21.875,21.96875,21.625,21.65625,-2.6,20.0,0.0,0.0
22.29779,0x316,0.0,0.0,1.0,6.25,0.95,0.45,21.875,21.96875,21.625,21.65625,-2.6,20.0,0.0,0.0
22.30541,0x220,0.0,0.0,1.0,6.25,0.9,0.09,21.875,21.96875,21.625,21.65625,-2.6,20.0,0.0,0.0
22.30563,0x2B0,0.0,0.0,1.0,6.25,0.9,0.09,21.875,21.96875,21.625,21.65625,-2.6,8.0,0.0,0.0
22.30781,0x316,0.0,0.0,1.0,6.25,0.9,0.09,21.875,21.96875,21.625,21.65625,-2.6,8.0,0.0,0.0
22.31543,0x220,0.0,0.0,1.0,6.25,0.77,-0.2,21.875,21.96875,21.625,21.65625,-2.6,8.0,0.0,0.0
22.31585,0x2B0,0.0,0.0,1.0,6.25,0.77,-0.2,21.875,21.96875,21.625,21.65625,-2.3,12.0,0.0,0.0
22.31608,0x386,0.0,0.0,1.0,6.25,0.77,-0.2,21.96875,21.84375,21.59375,21.625,-2.3,12.0,0.0,0.0
22.31778,0x316,0.0,0.0,1.0,6.25,0.77,-0.2,21.96875,21.84375,21.59375,21.625,-2.3,12.0,0.0,0.0
22.32541,0x220,0.0,0.0,1.0,6.25,0.7,0.0,21.96875,21.84375,21.59375,21.625,-2.3,12.0,0.0,0.0
22.32561,0x2B0,0.0,0.0,1.0,6.25,0.7,0.0,21.96875,21.84375,21.59375,21.625,-2.3,12.0,0.0,0.0
22.32793,0x316,0.0,0.0,1.0,6.25,0.7,0.0,21.96875,21.84375,21.59375,21.625,-2.3,12.0,0.0,0.0
22.33542,0x220,0.0,0.0,1.0,6.25,0.85,0.29,21.96875,21.84375,21.59375,21.625,-2.3,12.0,0.0,0.0
22.33584,0x2B0,0.0,0.0,1.0,6.25,0.85,0.29,21.96875,21.84375,21.59375,21.625,-2.1,8.0,0.0,0.0
22.33608,0x386,0.0,0.0,1.0,6.25,0.85,0.29,21.8125,21.96875,21.5625,21.75,-2.1,8.0,0.0,0.0
22.33784,0x316,0.0,0.0,1.0,6.25,0.85,0.29,21.8125,21.96875,21.5625,21.75,-2.1,8.0,0.0,0.0
22.34543,0x220,0.0,0.0,1.0,6.25,1.15,0.26,21.8125,21.96875,21.5625,21.75,-2.1,8.0,0.0,0.0
22.34561,0x2B0,0.0,0.0,1.0,6.25,1.15,0.26,21.8125,21.96875,21.5625,21.75,-2.0,12.0,0.0,0.0
22.34854,0x316,0.0,0.0,1.0,6.25,1.15,0.26,21.8125,21.96875,21.5625,21.75,-2.0,12.0,0.0,0.0
22.35542,0x220,0.0,0.0,1.0,6.25,1.32,0.06,21.8125,21.96875,21.5625,21.75,-2.0,12.0,0.0,0.0
22.35583,0x2B0,0.0,0.0,1.0,6.25,1.32,0.06,21.8125,21.96875,21.5625,21.75,-2.0,0.0,0.0,0.0
22.35606,0x386,0.0,0.0,1.0,6.25,1.32,0.06,21.78125,21.90625,21.40625,21.5625,-2.0,0.0,0.0,0.0
22.35778,0x316,0.0,0.0,1.0,6.25,1.32,0.06,21.78125,21.90625,21.40625,21.5625,-2.0,0.0,0.0,0.0
22.36541,0x220,0.0,0.0,1.0,6.25,1.2,0.06,21.78125,21.90625,21.40625,21.5625,-2.0,0.0,0.0,0.0
22.36559,0x2B0,0.0,0.0,1.0,6.25,1.2,0.06,21.78125,21.90625,21.40625,21.5625,-1.7,12.0,0.0,0.0
22.36793,0x316,0.0,0.0,1.0,6.25,1.2,0.06,21.78125,21.90625,21.40625,21.5625,-1.7,12.0,0.0,0.0
22.37541,0x220,0.0,0.0,1.0,6.25,0.98,0.21,21.78125,21.90625,21.40625,21.5625,-1.7,12.0,0.0,0.0
22.37583,0x2B0,0.0,0.0,1.0,6.25,0.98,0.21,21.78125,21.90625,21.40625,21.5625,-1.6,20.0,0.0,0.0
22.37606,0x386,0.0,0.0,1.0,6.25,0.98,0.21,21.84375,21.875,21.375,21.5625,-1.6,20.0,0.0,0.0
22.37797,0x316,0.0,0.0,1.0,6.25,0.98,0.21,21.84375,21.875,21.375,21.5625,-1.6,20.0,0.0,0.0
22.38541,0x220,0.0,0.0,1.0,6.25,0.7,0.18,21.84375,21.875,21.375,21.5625,-1.6,20.0,0.0,0.0
22.3856,0x2B0,0.0,0.0,1.0,6.25,0.7,0.18,21.84375,21.875,21.375,21.5625,-1.6,0.0,0.0,0.0
22.3878,0x316,0.0,0.0,1.0,6.25,0.7,0.18,21.84375,21.875,21.375,21.5625,-1.6,0.0,0.0,0.0
22.39542,0x220,0.0,0.0,1.0,6.25,0.5,-0.03,21.84375,21.875,21.375,21.5625,-1.6,0.0,0.0,0.0
22.39584,0x2B0,0.0,0.0,1.0,6.25,0.5,-0.03,21.84375,21.875,21.375,21.5625,-1.4,8.0,0.0,0.0
22.39607,0x386,0.0,0.0,1.0,6.25,0.5,-0.03,21.875,21.96875,21.3125,21.5,-1.4,8.0,0.0,0.0
22.39778,0x316,0.0,0.0,1.0,6.25,0.5,-0.03,21.875,21.96875,21.3125,21.5,-1.4,8.0,0.0,0.0
22.40541,0x220,0.0,0.0,1.0,6.25,0.5,-0.13,21.875,21.96875,21.3125,21.5,-1.4,8.0,0.0,0.0
22.4056,0x2B0,0.0,0.0,1.0,6.25,0.5,-0.13,21.875,21.96875,21.3125,21.5,-1.4,8.0,0.0,0.0
22.40783,0x316,0.0,0.0,1.0,6.25,0.5,-0.13,21.875,21.96875,21.3125,21.5,-1.4,8.0,0.0,0.0
22.41542,0x220,0.0,0.0,1.0,6.25,0.72,0.04,21.875,21.96875,21.3125,21.5,-1.4,8.0,0.0,0.0
22.41584,0x2B0,0.0,0.0,1.0,6.25,0.72,0.04,21.875,21.96875,21.3125,21.5,-1.4,0.0,0.0,0.0
22.41606,0x386,0.0,0.0,1.0,6.25,0.72,0.04,21.875,21.84375,21.40625,21.5625,-1.4,0.0,0.0,0.0
22.41783,0x316,0.0,0.0,1.0,6.25,0.72,0.04,21.875,21.84375,21.40625,21.5625,-1.4,0.0,0.0,0.0
22.42542,0x220,0.0,0.0,1.0,6.25,1.14,0.36,21.875,21.84375,21.40625,21.5625,-1.4,0.0,0.0,0.0
22.4256,0x2B0,0.0,0.0,1.0,6.25,1.14,0.36,21.875,21.84375,21.40625,21.5625,-1.4,0.0,0.0,0.0
22.42776,0x316,0.0,0.0,1.0,6.25,1.14,0.36,21.875,21.84375,21.40625,21.5625,-1.4,0.0,0.0,0.0
22.43541,0x220,0.0,0.0,1.0,6.25,1.46,0.38,21.875,21.84375,21.40625,21.5625,-1.4,0.0,0.0,0.0
22.43584,0x2B0,0.0,0.0,1.0,6.25,1.46,0.38,21.875,21.84375,21.40625,21.5625,-1.4,0.0,0.0,0.0
22.43607,0x386,0.0,0.0,1.0,6.25,1.46,0.38,21.625,21.84375,21.4375,21.46875,-1.4,0.0,0.0,0.0
22.43783,0x316,0.0,0.0,1.0,6.25,1.46,0.38,21.625,21.84375,21.4375,21.46875,-1.4,0.0,0.0,0.0
22.44542,0x220,0.0,0.0,1.0,6.25,1.45,0.18,21.625,21.84375,21.4375,21.46875,-1.4,0.0,0.0,0.0
22.4456,0x2B0,0.0,0.0,1.0,6.25,1.45,0.18,21.625,21.84375,21.4375,21.46875,-1.4,0.0,0.0,0.0
22.44869,0x316,0.0,0.0,1.0,6.25,1.45,0.18,21.625,21.84375,21.4375,21.46875,-1.4,0.0,0.0,0.0
22.45542,0x220,0.0,0.0,1.0,6.25,1.17,0.05,21.625,21.84375,21.4375,21.46875,-1.4,0.0,0.0,0.0
22.45584,0x2B0,0.0,0.0,1.0,6.25,1.17,0.05,21.625,21.84375,21.4375,21.46875,-1.4,0.0,0.0,0.0
22.45608,0x386,0.0,0.0,1.0,6.25,1.17,0.05,21.96875,21.78125,21.4375,21.46875,-1.4,0.0,0.0,0.0
22.45783,0x316,0.0,0.0,1.0,6.25,1.17,0.05,21.96875,21.78125,21.4375,21.46875,-1.4,0.0,0.0,0.0
22.46542,0x220,0.0,0.0,1.0,6.25,0.83,0.15,21.96875,21.78125,21.4375,21.46875,-1.4,0.0,0.0,0.0
22.46561,0x2B0,0.0,0.0,1.0,6.25,0.83,0.15,21.96875,21.78125,21.4375,21.46875,-1.4,0.0,0.0,0.0
22.46782,0x316,0.0,0.0,1.0,6.25,0.83,0.15,21.96875,21.78125,21.4375,21.46875,-1.4,0.0,0.0,0.0
22.47543,0x220,0.0,0.0,1.0,6.25,0.7,0.22,21.96875,21.78125,21.4375,21.46875,-1.4,0.0,0.0,0.0
22.47585,0x2B0,0.0,0.0,1.0,6.25,0.7,0.22,21.96875,21.78125,21.4375,21.46875,-1.4,0.0,0.0,0.0
22.47608,0x386,0.0,0.0,1.0,6.25,0.7,0.22,21.6875,21.71875,21.46875,21.46875,-1.4,0.0,0.0,0.0
22.47794,0x316,0.0,0.0,1.0,6.25,0.7,0.22,21.6875,21.71875,21.46875,21.46875,-1.4,0.0,0.0,0.0
22.48542,0x220,0.0,0.0,1.0,6.25,0.81,0.0,21.6875,21.71875,21.46875,21.46875,-1.4,0.0,0.0,0.0
22.48561,0x2B0,0.0,0.0,1.0,6.25,0.81,0.0,21.6875,21.71875,21.46875,21.46875,-1.4,0.0,0.0,0.0
22.48789,0x316,0.0,0.0,1.0,6.25,0.81,0.0,21.6875,21.71875,21.46875,21.46875,-1.4,0.0,0.0,0.0
22.49542,0x220,0.0,0.0,1.0,6.25,1.05,-0.29,21.6875,21.71875,21.46875,21.46875,-1.4,0.0,0.0,0.0
22.49583,0x2B0,0.0,0.0,1.0,6.25,1.05,-0.29,21.6875,21.71875,21.46875,21.46875,-1.4,0.0,0.0,0.0
22.49606,0x386,0.0,0.0,1.0,6.25,1.05,-0.29,21.90625,21.65625,21.375,21.46875,-1.4,0.0,0.0,0.0
22.49783,0x316,0.0,0.0,1.0,6.25,1.05,-0.29,21.90625,21.65625,21.375,21.46875,-1.4,0.0,0.0,0.0
22.50541,0x220,0.0,0.0,1.0,6.25,1.22,-0.19,21.90625,21.65625,21.375,21.46875,-1.4,0.0,0.0,0.0
22.50559,0x2B0,0.0,0.0,1.0,6.25,1.22,-0.19,21.90625,21.65625,21.375,21.46875,-1.4,0.0,0.0,0.0
22.50777,0x316,0.0,0.0,1.0,6.25,1.22,-0.19,21.90625,21.65625,21.375,21.46875,-1.4,0.0,0.0,0.0
22.51542,0x220,0.0,0.0,1.0,6.25,1.29,0.18,21.90625,21.65625,21.375,21.46875,-1.4,0.0,0.0,0.0
22.51585,0x2B0,0.0,0.0,1.0,6.25,1.29,0.18,21.90625,21.65625,21.375,21.46875,-1.4,0.0,0.0,0.0
22.51608,0x386,0.0,0.0,1.0,6.25,1.29,0.18,21.8125,21.75,21.34375,21.40625,-1.4,0.0,0.0,0.0
22.51778,0x316,0.0,0.0,1.0,6.25,1.29,0.18,21.8125,21.75,21.34375,21.40625,-1.4,0.0,0.0,0.0
22.52541,0x220,0.0,0.0,1.0,6.25,1.34,0.32,21.8125,21.75,21.34375,21.40625,-1.4,0.0,0.0,0.0
22.5256,0x2B0,0.0,0.0,1.0,6.25,1.34,0.32,21.8125,21.75,21.34375,21.40625,-1.4,0.0,0.0,0.0
22.52782,0x316,0.0,0.0,1.0,6.25,1.34,0.32,21.8125,21.75,21.34375,21.40625,-1.4,0.0,0.0,0.0
22.53541,0x220,0.0,0.0,1.0,6.25,1.34,0.07,21.8125,21.75,21.34375,21.40625,-1.4,0.0,0.0,0.0
22.53583,0x2B0,0.0,0.0,1.0,6.25,1.34,0.07,21.8125,21.75,21.34375,21.40625,-1.4,0.0,0.0,0.0
22.53605,0x386,0.0,0.0,1.0,6.25,1.34,0.07,21.8125,21.65625,21.375,21.375,-1.4,0.0,0.0,0.0
22.5379,0x316,0.0,0.0,1.0,6.25,1.34,0.07,21.8125,21.65625,21.375,21.375,-1.4,0.0,0.0,0.0
22.54542,0x220,0.0,0.0,1.0,6.25,1.28,-0.12,21.8125,21.65625,21.375,21.375,-1.4,0.0,0.0,0.0
22.54561,0x2B0,0.0,0.0,1.0,6.25,1.28,-0.12,21.8125,21.65625,21.375,21.375,-1.4,0.0,0.0,0.0
22.5486,0x316,0.0,0.0,1.0,6.25,1.28,-0.12,21.8125,21.65625,21.375,21.375,-1.4,0.0,0.0,0.0
22.55541,0x220,0.0,0.0,1.0,6.25,1.34,-0.12,21.8125,21.65625,21.375,21.375,-1.4,0.0,0.0,0.0
22.55583,0x2B0,0.0,0.0,1.0,6.25,1.34,-0.12,21.8125,21.65625,21.375,21.375,-1.4,0.0,0.0,0.0
22.55605,0x386,0.0,0.0,1.0,6.25,1.34,-0.12,21.71875,21.65625,21.40625,21.40625,-1.4,0.0,0.0,0.0
22.55778,0x316,0.0,0.0,1.0,6.25,1.34,-0.12,21.71875,21.65625,21.40625,21.40625,-1.4,0.0,0.0,0.0
22.56541,0x220,0.0,0.0,1.0,6.25,1.55,-0.16,21.71875,21.65625,21.40625,21.40625,-1.4,0.0,0.0,0.0
22.56559,0x2B0,0.0,0.0,1.0,6.25,1.55,-0.16,21.71875,21.65625,21.40625,21.40625,-1.4,0.0,0.0,0.0
22.56789,0x316,0.0,0.0,1.0,6.25,1.55,-0.16,21.71875,21.65625,21.40625,21.40625,-1.4,0.0,0.0,0.0
22.57541,0x220,0.0,0.0,1.0,6.25,1.7,-0.27,21.71875,21.65625,21.40625,21.40625,-1.4,0.0,0.0,0.0
22.57583,0x2B0,0.0,0.0,1.0,6.25,1.7,-0.27,21.71875,21.65625,21.40625,21.40625,-1.5,0.0,0.0,0.0
22.57605,0x386,0.0,0.0,1.0,6.25,1.7,-0.27,21.6875,21.78125,21.34375,21.25,-1.5,0.0,0.0,0.0
22.57803,0x316,0.0,0.0,1.0,6.25,1.7,-0.27,21.6875,21.78125,21.34375,21.25,-1.5,0.0,0.0,0.0
22.58542,0x220,0.0,0.0,1.0,6.25,1.66,-0.21,21.6875,21.78125,21.34375,21.25,-1.5,0.0,0.0,0.0
22.5856,0x2B0,0.0,0.0,1.0,6.25,1.66,-0.21,21.6875,21.78125,21.34375,21.25,-1.5,0.0,0.0,0.0
22.58778,0x316,0.0,0.0,1.0,6.25,1.66,-0.21,21.6875,21.78125,21.34375,21.25,-1.5,0.0,0.0,0.0
22.59542,0x220,0.0,0.0,1.0,6.25,1.54,0.03,21.6875,21.78125,21.34375,21.25,-1.5,0.0,0.0,0.0
22.59583,0x2B0,0.0,0.0,1.0,6.25,1.54,0.03,21.6875,21.78125,21.34375,21.25,-1.8,12.0,0.0,0.0
22.59605,0x386,0.0,0.0,1.0,6.25,1.54,0.03,21.65625,21.8125,21.375,21.34375,-1.8,12.0,0.0,0.0
22.59778,0x316,0.0,0.0,1.0,6.25,1.54,0.03,21.65625,21.8125,21.375,21.34375,-1.8,12.0,0.0,0.0
22.60541,0x220,0.0,0.0,1.0,6.25,1.48,0.24,21.65625,21.8125,21.375,21.34375,-1.8,12.0,0.0,0.0
22.60559,0x2B0,0.0,0.0,1.0,6.25,1.48,0.24,21.65625,21.8125,21.375,21.34375,-1.8,12.0,0.0,0.0
22.60782,0x316,0.0,0.0,1.0,6.25,1.48,0.24,21.65625,21.8125,21.375,21.34375,-1.8,12.0,0.0,0.0
22.61541,0x220,0.0,0.0,1.0,6.25,1.53,0.13,21.65625,21.8125,21.375,21.34375,-1.8,12.0,0.0,0.0
22.61582,0x2B0,0.0,0.0,1.0,6.25,1.53,0.13,21.65625,21.8125,21.375,21.34375,-1.9,0.0,0.0,0.0
22.61605,0x386,0.0,0.0,1.0,6.25,1.53,0.13,21.6875,21.625,21.3125,21.40625,-1.9,0.0,0.0,0.0
22.61782,0x316,0.0,0.0,1.0,6.25,1.53,0.13,21.6875,21.625,21.3125,21.40625,-1.9,0.0,0.0,0.0
22.62541,0x220,0.0,0.0,1.0,6.25,1.55,-0.14,21.6875,21.625,21.3125,21.40625,-1.9,0.0,0.0,0.0
22.62559,0x2B0,0.0,0.0,1.0,6.25,1.55,-0.14,21.6875,21.625,21.3125,21.40625,-2.0,8.0,0.0,0.0
22.62775,0x316,0.0,0.0,1.0,6.25,1.55,-0.14,21.6875,21.625,21.3125,21.40625,-2.0,8.0,0.0,0.0
22.63541,0x220,0.0,0.0,1.0,6.25,1.42,-0.44,21.6875,21.625,21.3125,21.40625,-2.0,8.0,0.0,0.0
22.63583,0x2B0,0.0,0.0,1.0,6.25,1.42,-0.44,21.6875,21.625,21.3125,21.40625,-2.0,0.0,0.0,0.0
22.63605,0x386,0.0,0.0,1.0,6.25,1.42,-0.44,21.6875,21.625,21.3125,21.375,-2.0,0.0,0.0,0.0
22.63784,0x316,0.0,0.0,1.0,6.25,1.42,-0.44,21.6875,21.625,21.3125,21.375,-2.0,0.0,0.0,0.0
22.64541,0x220,0.0,0.0,1.0,6.25,1.12,-0.49,21.6875,21.625,21.3125,21.375,-2.0,0.0,0.0,0.0
22.6456,0x2B0,0.0,0.0,1.0,6.25,1.12,-0.49,21.6875,21.625,21.3125,21.375,-2.0,0.0,0.0,0.0
22.64868,0x316,0.0,0.0,1.0,6.25,1.12,-0.49,21.6875,21.625,21.3125,21.375,-2.0,0.0,0.0,0.0
22.65541,0x220,0.0,0.0,1.0,6.25,0.78,-0.34,21.6875,21.625,21.3125,21.375,-2.0,0.0,0.0,0.0
22.65583,0x2B0,0.0,0.0,1.0,6.25,0.78,-0.34,21.6875,21.625,21.3125,21.375,-2.2,8.0,0.0,0.0
22.65606,0x386,0.0,0.0,1.0,6.25,0.78,-0.34,21.5625,21.625,21.25,21.3125,-2.2,8.0,0.0,0.0
22.65782,0x316,0.0,0.0,1.0,6.25,0.78,-0.34,21.5625,21.625,21.25,21.3125,-2.2,8.0,0.0,0.0
22.66541,0x220,0.0,0.0,1.0,6.25,0.6,-0.15,21.5625,21.625,21.25,21.3125,-2.2,8.0,0.0,0.0
22.6656,0x2B0,0.0,0.0,1.0,6.25,0.6,-0.15,21.5625,21.625,21.25,21.3125,-2.2,8.0,0.0,0.0
22.66783,0x316,0.0,0.0,1.0,6.25,0.6,-0.15,21.5625,21.625,21.25,21.3125,-2.2,8.0,0.0,0.0
22.67542,0x220,0.0,0.0,1.0,6.25,0.7,0.0,21.5625,21.625,21.25,21.3125,-2.2,8.0,0.0,0.0
22.67584,0x2B0,0.0,0.0,1.0,6.25,0.7,0.0,21.5625,21.625,21.25,21.3125,-2.2,0.0,0.0,0.0
22.67607,0x386,0.0,0.0,1.0,6.25,0.7,0.0,21.5625,21.625,21.1875,21.21875,-2.2,0.0,0.0,0.0
22.67795,0x316,0.0,0.0,1.0,6.25,0.7,0.0,21.5625,21.625,21.1875,21.21875,-2.2,0.0,0.0,0.0
22.68541,0x220,0.0,0.0,1.0,6.25,1.12,0.07,21.5625,21.625,21.1875,21.21875,-2.2,0.0,0.0,0.0
22.68559,0x2B0,0.0,0.0,1.0,6.25,1.12,0.07,21.5625,21.625,21.1875,21.21875,-2.2,0.0,0.0,0.0
22.68781,0x316,0.0,0.0,1.0,6.25,1.12,0.07,21.5625,21.625,21.1875,21.21875,-2.2,0.0,0.0,0.0
22.69541,0x220,0.0,0.0,1.0,6.25,1.66,0.03,21.5625,21.625,21.1875,21.21875,-2.2,0.0,0.0,0.0
22.69582,0x2B0,0.0,0.0,1.0,6.25,1.66,0.03,21.5625,21.625,21.1875,21.21875,-2.3,0.0,0.0,0.0
22.69605,0x386,0.0,0.0,1.0,6.25,1.66,0.03,21.5625,21.6875,21.21875,21.25,-2.3,0.0,0.0,0.0
22.69782,0x316,0.0,0.0,1.0,6.25,1.66,0.03,21.5625,21.6875,21.21875,21.25,-2.3,0.0,0.0,0.0
22.7054,0x220,0.0,0.0,1.0,6.25,1.94,-0.07,21.5625,21.6875,21.21875,21.25,-2.3,0.0,0.0,0.0
22.70559,0x2B0,0.0,0.0,1.0,6.25,1.94,-0.07,21.5625,21.6875,21.21875,21.25,-2.3,0.0,0.0,0.0
22.70778,0x316,0.0,0.0,1.0,6.25,1.94,-0.07,21.5625,21.6875,21.21875,21.25,-2.3,0.0,0.0,0.0
22.71541,0x220,0.0,0.0,1.0,6.25,1.82,-0.15,21.5625,21.6875,21.21875,21.25,-2.3,0.0,0.0,0.0
22.71583,0x2B0,0.0,0.0,1.0,6.25,1.82,-0.15,21.5625,21.6875,21.21875,21.25,-2.4,0.0,0.0,0.0
22.71605,0x386,0.0,0.0,1.0,6.25,1.82,-0.15,21.46875,21.5625,20.96875,21.28125,-2.4,0.0,0.0,0.0
22.71779,0x316,0.0,0.0,1.0,6.25,1.82,-0.15,21.46875,21.5625,20.96875,21.28125,-2.4,0.0,0.0,0.0
22.72541,0x220,0.0,0.0,1.0,6.25,1.31,-0.08,21.46875,21.5625,20.96875,21.28125,-2.4,0.0,0.0,0.0
22.72559,0x2B0,0.0,0.0,1.0,6.25,1.31,-0.08,21.46875,21.5625,20.96875,21.28125,-2.4,0.0,0.0,0.0
22.72779,0x316,0.0,0.0,1.0,6.25,1.31,-0.08,21.46875,21.5625,20.96875,21.28125,-2.4,0.0,0.0,0.0
22.73542,0x220,0.0,0.0,1.0,6.25,0.78,0.05,21.46875,21.5625,20.96875,21.28125,-2.4,0.0,0.0,0.0
22.73583,0x2B0,0.0,0.0,1.0,6.25,0.78,0.05,21.46875,21.5625,20.96875,21.28125,-2.6,8.0,0.0,0.0
22.73606,0x386,0.0,0.0,1.0,6.25,0.78,0.05,21.53125,21.53125,21.1875,21.40625,-2.6,8.0,0.0,0.0
22.73787,0x316,0.0,0.0,1.0,6.25,0.78,0.05,21.53125,21.53125,21.1875,21.40625,-2.6,8.0,0.0,0.0
22.74541,0x220,0.0,0.0,1.0,6.25,0.51,0.17,21.53125,21.53125,21.1875,21.40625,-2.6,8.0,0.0,0.0
22.74562,0x2B0,0.0,0.0,1.0,6.25,0.51,0.17,21.53125,21.53125,21.1875,21.40625,-2.6,8.0,0.0,0.0
22.74866,0x316,0.0,0.0,1.0,6.25,0.51,0.17,21.53125,21.53125,21.1875,21.40625,-2.6,8.0,0.0,0.0
22.75541,0x220,0.0,0.0,1.0,6.25,0.58,0.12,21.53125,21.53125,21.1875,21.40625,-2.6,8.0,0.0,0.0
22.75582,0x2B0,0.0,0.0,1.0,6.25,0.58,0.12,21.53125,21.53125,21.1875,21.40625,-2.9,12.0,0.0,0.0
22.75605,0x386,0.0,0.0,1.0,6.25,0.58,0.12,21.4375,21.4375,21.0625,21.625,-2.9,12.0,0.0,0.0
22.7578,0x316,0.0,0.0,1.0,6.25,0.58,0.12,21.4375,21.4375,21.0625,21.625,-2.9,12.0,0.0,0.0
22.76541,0x220,0.0,0.0,1.0,6.25,0.86,0.09,21.4375,21.4375,21.0625,21.625,-2.9,12.0,0.0,0.0
22.7656,0x2B0,0.0,0.0,1.0,6.25,0.86,0.09,21.4375,21.4375,21.0625,21.625,-2.9,12.0,0.0,0.0
22.76787,0x316,0.0,0.0,1.0,6.25,0.86,0.09,21.4375,21.4375,21.0625,21.625,-2.9,12.0,0.0,0.0
22.77542,0x220,0.0,0.0,1.0,6.25,1.11,0.28,21.4375,21.4375,21.0625,21.625,-2.9,12.0,0.0,0.0
22.77583,0x2B0,0.0,0.0,1.0,6.25,1.11,0.28,21.4375,21.4375,21.0625,21.625,-3.1,8.0,0.0,0.0
22.77606,0x386,0.0,0.0,1.0,6.25,1.11,0.28,21.53125,21.4375,20.96875,21.15625,-3.1,8.0,0.0,0.0
22.77798,0x316,0.0,0.0,1.0,6.25,1.11,0.28,21.53125,21.4375,20.96875,21.15625,-3.1,8.0,0.0,0.0
22.78541,0x220,0.0,0.0,1.0,6.25,1.16,0.57,21.53125,21.4375,20.96875,21.15625,-3.1,8.0,0.0,0.0
22.78559,0x2B0,0.0,0.0,1.0,6.25,1.16,0.57,21.53125,21.4375,20.96875,21.15625,-3.1,8.0,0.0,0.0
22.78777,0x316,0.0,0.0,1.0,6.25,1.16,0.57,21.53125,21.4375,20.96875,21.15625,-3.1,8.0,0.0,0.0
22.79541,0x220,0.0,0.0,1.0,6.25,1.05,0.76,21.53125,21.4375,20.96875,21.15625,-3.1,8.0,0.0,0.0
22.79583,0x2B0,0.0,0.0,1.0,6.25,1.05,0.76,21.53125,21.4375,20.96875,21.15625,-3.3,8.0,0.0,0.0
22.79607,0x386,0.0,0.0,1.0,6.25,1.05,0.76,21.5,21.53125,21.0,20.8125,-3.3,8.0,0.0,0.0
22.7978,0x316,0.0,0.0,1.0,6.25,1.05,0.76,21.5,21.53125,21.0,20.8125,-3.3,8.0,0.0,0.0
22.8054,0x220,0.0,0.0,1.0,6.25,0.98,0.68,21.5,21.53125,21.0,20.8125,-3.3,8.0,0.0,0.0
22.80559,0x2B0,0.0,0.0,1.0,6.25,0.98,0.68,21.5,21.53125,21.0,20.8125,-3.3,8.0,0.0,0.0
22.80778,0x316,0.0,0.0,1.0,6.25,0.98,0.68,21.5,21.53125,21.0,20.8125,-3.3,8.0,0.0,0.0
22.81541,0x220,0.0,0.0,1.0,6.25,1.01,0.39,21.5,21.53125,21.0,20.8125,-3.3,8.0,0.0,0.0
22.81583,0x2B0,0.0,0.0,1.0,6.25,1.01,0.39,21.5,21.53125,21.0,20.8125,-3.6,12.0,0.0,0.0
22.81605,0x386,0.0,0.0,1.0,6.25,1.01,0.39,21.375,21.40625,20.8125,20.84375,-3.6,12.0,0.0,0.0
22.81785,0x316,0.0,0.0,1.0,6.25,1.01,0.39,21.375,21.40625,20.8125,20.84375,-3.6,12.0,0.0,0.0
22.82541,0x220,0.0,0.0,1.0,6.25,1.15,0.08,21.375,21.40625,20.8125,20.84375,-3.6,12.0,0.0,0.0
22.82559,0x2B0,0.0,0.0,1.0,6.25,1.15,0.08,21.375,21.40625,20.8125,20.84375,-3.6,12.0,0.0,0.0
22.82775,0x316,0.0,0.0,1.0,6.25,1.15,0.08,21.375,21.40625,20.8125,20.84375,-3.6,12.0,0.0,0.0
22.83541,0x220,0.0,0.0,1.0,6.25,1.29,-0.01,21.375,21.40625,20.8125,20.84375,-3.6,12.0,0.0,0.0
22.83583,0x2B0,0.0,0.0,1.0,6.25,1.29,-0.01,21.375,21.40625,20.8125,20.84375,-3.7,0.0,0.0,0.0
22.83606,0x386,0.0,0.0,1.0,6.25,1.29,-0.01,21.46875,21.21875,20.4375,20.78125,-3.7,0.0,0.0,0.0
22.83785,0x316,0.0,0.0,1.0,6.25,1.29,-0.01,21.46875,21.21875,20.4375,20.78125,-3.7,0.0,0.0,0.0
22.84541,0x220,0.0,0.0,1.0,6.25,1.31,0.0,21.46875,21.21875,20.4375,20.78125,-3.7,0.0,0.0,0.0
22.8456,0x2B0,0.0,0.0,1.0,6.25,1.31,0.0,21.46875,21.21875,20.4375,20.78125,-3.7,0.0,0.0,0.0
22.84874,0x316,0.0,0.0,1.0,6.25,1.31,0.0,21.46875,21.21875,20.4375,20.78125,-3.7,0.0,0.0,0.0
22.85541,0x220,0.0,0.0,1.0,6.25,1.22,0.13,21.46875,21.21875,20.4375,20.78125,-3.7,0.0,0.0,0.0
22.85584,0x2B0,0.0,0.0,1.0,6.25,1.22,0.13,21.46875,21.21875,20.4375,20.78125,-3.9,8.0,0.0,0.0
22.85607,0x386,0.0,0.0,1.0,6.25,1.22,0.13,21.375,21.34375,20.5625,20.5,-3.9,8.0,0.0,0.0
22.8579,0x316,0.0,0.0,1.0,6.25,1.22,0.13,21.375,21.34375,20.5625,20.5,-3.9,8.0,0.0,0.0
22.86541,0x220,0.0,0.0,1.0,6.25,1.08,0.27,21.375,21.34375,20.5625,20.5,-3.9,8.0,0.0,0.0
22.8656,0x2B0,0.0,0.0,1.0,6.25,1.08,0.27,21.375,21.34375,20.5625,20.5,-3.9,8.0,0.0,0.0
22.86781,0x316,0.0,0.0,1.0,6.25,1.08,0.27,21.375,21.34375,20.5625,20.5,-3.9,8.0,0.0,0.0
22.87541,0x220,0.0,0.0,1.0,6.25,1.06,0.32,21.375,21.34375,20.5625,20.5,-3.9,8.0,0.0,0.0
22.87583,0x2B0,0.0,0.0,1.0,6.25,1.06,0.32,21.375,21.34375,20.5625,20.5,-4.1,8.0,0.0,0.0
22.87606,0x386,0.0,0.0,1.0,6.25,1.06,0.32,21.34375,21.21875,21.0,20.5625,-4.1,8.0,0.0,0.0
22.87797,0x316,0.0,0.0,1.0,6.25,1.06,0.32,21.34375,21.21875,21.0,20.5625,-4.1,8.0,0.0,0.0
22.88542,0x220,0.0,0.0,1.0,6.25,1.27,0.23,21.34375,21.21875,21.0,20.5625,-4.1,8.0,0.0,0.0
22.88561,0x2B0,0.0,0.0,1.0,6.25,1.27,0.23,21.34375,21.21875,21.0,20.5625,-4.1,8.0,0.0,0.0
22.88778,0x316,0.0,0.0,1.0,6.25,1.27,0.23,21.34375,21.21875,21.0,20.5625,-4.1,8.0,0.0,0.0
22.89541,0x220,0.0,0.0,1.0,6.25,1.63,0.02,21.34375,21.21875,21.0,20.5625,-4.1,8.0,0.0,0.0
22.89583,0x2B0,0.0,0.0,1.0,6.25,1.63,0.02,21.34375,21.21875,21.0,20.5625,-4.3,8.0,0.0,0.0
22.89606,0x386,0.0,0.0,1.0,6.25,1.63,0.02,21.125,21.21875,20.84375,21.46875,-4.3,8.0,0.0,0.0
22.89786,0x316,0.0,0.0,1.0,6.25,1.63,0.02,21.125,21.21875,20.84375,21.46875,-4.3,8.0,0.0,0.0
22.9054,0x220,0.0,0.0,1.0,6.25,1.99,-0.12,21.125,21.21875,20.84375,21.46875,-4.3,8.0,0.0,0.0
22.90559,0x2B0,0.0,0.0,1.0,6.25,1.99,-0.12,21.125,21.21875,20.84375,21.46875,-4.3,8.0,0.0,0.0
22.90776,0x316,0.0,0.0,1.0,6.25,1.99,-0.12,21.125,21.21875,20.84375,21.46875,-4.3,8.0,0.0,0.0
22.91541,0x220,0.0,0.0,1.0,6.25,2.12,-0.19,21.125,21.21875,20.84375,21.46875,-4.3,8.0,0.0,0.0
22.91582,0x2B0,0.0,0.0,1.0,6.25,2.12,-0.19,21.125,21.21875,20.84375,21.46875,-4.4,0.0,0.0,0.0
22.91604,0x386,0.0,0.0,1.0,6.25,2.12,-0.19,21.15625,21.03125,21.03125,21.46875,-4.4,0.0,0.0,0.0
22.91782,0x316,0.0,0.0,1.0,6.25,2.12,-0.19,21.15625,21.03125,21.03125,21.46875,-4.4,0.0,0.0,0.0
22.92541,0x220,0.0,0.0,1.0,6.25,1.93,-0.13,21.15625,21.03125,21.03125,21.46875,-4.4,0.0,0.0,0.0
22.92559,0x2B0,0.0,0.0,1.0,6.25,1.93,-0.13,21.15625,21.03125,21.03125,21.46875,-4.4,0.0,0.0,0.0
22.92777,0x316,0.0,0.0,1.0,6.25,1.93,-0.13,21.15625,21.03125,21.03125,21.46875,-4.4,0.0,0.0,0.0
22.93541,0x220,0.0,0.0,1.0,6.25,1.5,0.02,21.15625,21.03125,21.03125,21.46875,-4.4,0.0,0.0,0.0
22.93582,0x2B0,0.0,0.0,1.0,6.25,1.5,0.02,21.15625,21.03125,21.03125,21.46875,-4.4,0.0,0.0,0.0
22.93605,0x386,0.0,0.0,1.0,6.25,1.5,0.02,21.03125,21.03125,21.0625,21.0,-4.4,0.0,0.0,0.0
22.93794,0x316,0.0,0.0,1.0,6.25,1.5,0.02,21.03125,21.03125,21.0625,21.0,-4.4,0.0,0.0,0.0
22.94542,0x220,0.0,0.0,1.0,6.25,1.09,0.08,21.03125,21.03125,21.0625,21.0,-4.4,0.0,0.0,0.0
22.9456,0x2B0,0.0,0.0,1.0,6.25,1.09,0.08,21.03125,21.03125,21.0625,21.0,-4.6,8.0,0.0,0.0
22.94872,0x316,0.0,0.0,1.0,6.25,1.09,0.08,21.03125,21.03125,21.0625,21.0,-4.6,8.0,0.0,0.0
22.95541,0x220,0.0,0.0,1.0,6.25,0.91,-0.12,21.03125,21.03125,21.0625,21.0,-4.6,8.0,0.0,0.0
22.95582,0x2B0,0.0,0.0,1.0,6.25,0.91,-0.12,21.03125,21.03125,21.0625,21.0,-4.6,8.0,0.0,0.0
22.95605,0x386,0.0,0.0,1.0,6.25,0.91,-0.12,21.0625,21.1875,20.6875,20.9375,-4.6,8.0,0.0,0.0
22.95782,0x316,0.0,0.0,1.0,6.25,0.91,-0.12,21.0625,21.1875,20.6875,20.9375,-4.6,8.0,0.0,0.0
22.9654,0x220,0.0,0.0,1.0,6.25,1.01,-0.52,21.0625,21.1875,20.6875,20.9375,-4.6,8.0,0.0,0.0
22.96561,0x2B0,0.0,0.0,1.0,6.25,1.01,-0.52,21.0625,21.1875,20.6875,20.9375,-4.6,0.0,0.0,0.0
22.96791,0x316,0.0,0.0,1.0,6.25,1.01,-0.52,21.0625,21.1875,20.6875,20.9375,-4.6,0.0,0.0,0.0
22.97541,0x220,0.0,0.0,1.0,6.25,1.26,-0.72,21.0625,21.1875,20.6875,20.9375,-4.6,0.0,0.0,0.0
22.97582,0x2B0,0.0,0.0,1.0,6.25,1.26,-0.72,21.0625,21.1875,20.6875,20.9375,-4.6,0.0,0.0,0.0
22.97605,0x386,0.0,0.0,1.0,6.25,1.26,-0.72,21.0,21.0,20.71875,21.0625,-4.6,0.0,0.0,0.0
22.97802,0x316,0.0,0.0,1.0,6.25,1.26,-0.72,21.0,21.0,20.71875,21.0625,-4.6,0.0,5.0,0.0
22.9854,0x220,0.0,0.0,1.0,6.25,1.58,-0.53,21.0,21.0,20.71875,21.0625,-4.6,0.0,5.0,0.0
22.98558,0x2B0,0.0,0.0,1.0,6.25,1.58,-0.53,21.0,21.0,20.71875,21.0625,-4.6,0.0,5.0,0.0
22.98778,0x316,0.0,0.0,1.0,6.25,1.58,-0.53,21.0,21.0,20.71875,21.0625,-4.6,0.0,7.0,0.0
22.99541,0x220,0.0,0.0,1.0,6.25,1.83,-0.26,21.0,21.0,20.71875,21.0625,-4.6,0.0,7.0,0.0
22.99583,0x2B0,0.0,0.0,1.0,6.25,1.83,-0.26,21.0,21.0,20.71875,21.0625,-4.6,0.0,7.0,0.0
22.99605,0x386,0.0,0.0,1.0,6.25,1.83,-0.26,21.25,21.125,20.875,20.90625,-4.6,0.0,7.0,0.0
22.99781,0x316,0.0,0.0,1.0,6.25,1.83,-0.26,21.25,21.125,20.875,20.90625,-4.6,0.0,10.0,0.0
23.0054,0x220,0.0,0.0,1.0,6.25,1.94,-0.19,21.25,21.125,20.875,20.90625,-4.6,0.0,10.0,0.0
23.00558,0x2B0,0.0,0.0,1.0,6.25,1.94,-0.19,21.25,21.125,20.875,20.90625,-4.6,0.0,10.0,0.0
23.00777,0x316,0.0,0.0,1.0,6.25,1.94,-0.19,21.25,21.125,20.875,20.90625,-4.6,0.0,10.0,0.0
23.0154,0x220,0.0,0.0,1.0,6.25,1.89,-0.36,21.25,21.125,20.875,20.90625,-4.6,0.0,10.0,0.0
23.01581,0x2B0,0.0,0.0,1.0,6.25,1.89,-0.36,21.25,21.125,20.875,20.90625,-4.6,0.0,10.0,0.0
23.01604,0x386,0.0,0.0,1.0,6.25,1.89,-0.36,20.875,21.15625,20.78125,20.75,-4.6,0.0,10.0,0.0
23.01786,0x316,0.0,0.0,1.0,6.25,1.89,-0.36,20.875,21.15625,20.78125,20.75,-4.6,0.0,10.0,0.0
23.02541,0x220,0.0,0.0,1.0,6.25,1.76,-0.6,20.875,21.15625,20.78125,20.75,-4.6,0.0,10.0,0.0
23.02559,0x2B0,0.0,0.0,1.0,6.25,1.76,-0.6,20.875,21.15625,20.78125,20.75,-4.7,0.0,10.0,0.0
23.02775,0x316,0.0,0.0,1.0,6.25,1.76,-0.6,20.875,21.15625,20.78125,20.75,-4.7,0.0,10.0,0.0
23.0354,0x220,0.0,0.0,1.0,6.25,1.7,-0.74,20.875,21.15625,20.78125,20.75,-4.7,0.0,10.0,0.0
23.03582,0x2B0,0.0,0.0,1.0,6.25,1.7,-0.74,20.875,21.15625,20.78125,20.75,-4.7,0.0,10.0,0.0
23.03605,0x386,0.0,0.0,1.0,6.25,1.7,-0.74,21.09375,21.125,20.6875,20.625,-4.7,0.0,10.0,0.0
23.03784,0x316,0.0,0.0,1.0,6.25,1.7,-0.74,21.09375,21.125,20.6875,20.625,-4.7,0.0,7.0,0.0
23.04541,0x220,0.0,0.0,1.0,6.25,1.83,-0.63,21.09375,21.125,20.6875,20.625,-4.7,0.0,7.0,0.0
23.0456,0x2B0,0.0,0.0,1.0,6.25,1.83,-0.63,21.09375,21.125,20.6875,20.625,-4.7,0.0,7.0,0.0
23.04864,0x316,0.0,0.0,1.0,6.25,1.83,-0.63,21.09375,21.125,20.6875,20.625,-4.7,0.0,5.0,0.0
23.0554,0x220,0.0,0.0,1.0,6.25,1.99,-0.44,21.09375,21.125,20.6875,20.625,-4.7,0.0,5.0,0.0
23.05582,0x2B0,0.0,0.0,1.0,6.25,1.99,-0.44,21.09375,21.125,20.6875,20.625,-4.9,8.0,5.0,0.0
23.05604,0x386,0.0,0.0,1.0,6.25,1.99,-0.44,21.0625,21.0625,20.6875,20.4375,-4.9,8.0,5.0,0.0
23.05786,0x316,0.0,0.0,1.0,6.25,1.99,-0.44,21.0625,21.0625,20.6875,20.4375,-4.9,8.0,5.0,0.0
23.06541,0x220,0.0,0.0,1.0,6.25,1.95,-0.49,21.0625,21.0625,20.6875,20.4375,-4.9,8.0,5.0,0.0
23.06559,0x2B0,0.0,0.0,1.0,6.25,1.95,-0.49,21.0625,21.0625,20.6875,20.4375,-4.9,8.0,5.0,0.0
23.06781,0x316,0.0,0.0,1.0,6.25,1.95,-0.49,21.0625,21.0625,20.6875,20.4375,-4.9,8.0,0.0,0.0
23.0754,0x220,0.0,0.0,1.0,6.25,1.55,-0.56,21.0625,21.0625,20.6875,20.4375,-4.9,8.0,0.0,0.0
23.07582,0x2B0,0.0,0.0,1.0,6.25,1.55,-0.56,21.0625,21.0625,20.6875,20.4375,-4.9,0.0,0.0,0.0
23.07604,0x386,0.0,0.0,1.0,6.25,1.55,-0.56,21.1875,21.0625,20.3125,20.34375,-4.9,0.0,0.0,0.0
23.07795,0x316,0.0,0.0,1.0,6.25,1.55,-0.56,21.1875,21.0625,20.3125,20.34375,-4.9,0.0,0.0,0.0
23.0854,0x220,0.0,0.0,1.0,6.25,0.89,-0.44,21.1875,21.0625,20.3125,20.34375,-4.9,0.0,0.0,0.0
23.08559,0x2B0,0.0,0.0,1.0,6.25,0.89,-0.44,21.1875,21.0625,20.3125,20.34375,-5.1,8.0,0.0,0.0
23.08778,0x316,0.0,0.0,1.0,6.25,0.89,-0.44,21.1875,21.0625,20.3125,20.34375,-5.1,8.0,0.0,0.0
23.09541,0x220,0.0,0.0,1.0,6.25,0.39,-0.24,21.1875,21.0625,20.3125,20.34375,-5.1,8.0,0.0,0.0
23.09583,0x2B0,0.0,0.0,1.0,6.25,0.39,-0.24,21.1875,21.0625,20.3125,20.34375,-5.1,8.0,0.0,0.0
23.09606,0x386,0.0,0.0,1.0,6.25,0.39,-0.24,21.03125,21.03125,20.0,20.78125,-5.1,8.0,0.0,0.0
23.09785,0x316,0.0,0.0,1.0,6.25,0.39,-0.24,21.03125,21.03125,20.0,20.78125,-5.1,8.0,0.0,0.0
23.10541,0x220,0.0,0.0,1.0,6.25,0.31,-0.11,21.03125,21.03125,20.0,20.78125,-5.1,8.0,0.0,0.0
23.10559,0x2B0,0.0,0.0,1.0,6.25,0.31,-0.11,21.03125,21.03125,20.0,20.78125,-5.4,12.0,0.0,0.0
23.1078,0x316,0.0,0.0,1.0,6.25,0.31,-0.11,21.03125,21.03125,20.0,20.78125,-5.4,12.0,2.0,0.0
23.1154,0x220,0.0,0.0,1.0,6.25,0.6,-0.02,21.03125,21.03125,20.0,20.78125,-5.4,12.0,2.0,0.0
23.11582,0x2B0,0.0,0.0,1.0,6.25,0.6,-0.02,21.03125,21.03125,20.0,20.78125,-5.5,20.0,2.0,0.0
23.11605,0x386,0.0,0.0,1.0,6.25,0.6,-0.02,21.03125,21.125,20.28125,20.9375,-5.5,20.0,2.0,0.0
23.11777,0x316,0.0,0.0,1.0,6.25,0.6,-0.02,21.03125,21.125,20.28125,20.9375,-5.5,20.0,5.0,0.0
23.12541,0x220,0.0,0.0,1.0,6.25,1.06,0.06,21.03125,21.125,20.28125,20.9375,-5.5,20.0,5.0,0.0
23.12559,0x2B0,0.0,0.0,1.0,6.25,1.06,0.06,21.03125,21.125,20.28125,20.9375,-5.5,0.0,5.0,0.0
23.12777,0x316,0.0,0.0,1.0,6.25,1.06,0.06,21.03125,21.125,20.28125,20.9375,-5.5,0.0,5.0,0.0
23.13541,0x220,0.0,0.0,1.0,6.25,1.38,0.34,21.03125,21.125,20.28125,20.9375,-5.5,0.0,5.0,0.0
23.13583,0x2B0,0.0,0.0,1.0,6.25,1.38,0.34,21.03125,21.125,20.28125,20.9375,-5.8,12.0,5.0,0.0
23.13607,0x386,0.0,0.0,1.0,6.25,1.38,0.34,21.0,20.71875,20.75,20.5625,-5.8,12.0,5.0,0.0
23.1379,0x316,0.0,0.0,1.0,6.25,1.38,0.34,21.0,20.71875,20.75,20.5625,-5.8,12.0,5.0,0.0
23.1454,0x220,0.0,0.0,1.0,6.25,1.43,0.72,21.0,20.71875,20.75,20.5625,-5.8,12.0,5.0,0.0
23.14559,0x2B0,0.0,0.0,1.0,6.25,1.43,0.72,21.0,20.71875,20.75,20.5625,-5.8,12.0,5.0,0.0
23.14872,0x316,0.0,0.0,1.0,6.25,1.43,0.72,21.0,20.71875,20.75,20.5625,-5.8,12.0,5.0,0.0
23.15541,0x220,0.0,0.0,1.0,6.25,1.24,0.91,21.0,20.71875,20.75,20.5625,-5.8,12.0,5.0,0.0
23.15582,0x2B0,0.0,0.0,1.0,6.25,1.24,0.91,21.0,20.71875,20.75,20.5625,-6.2,20.0,5.0,0.0
23.15605,0x386,0.0,0.0,1.0,6.25,1.24,0.91,21.0625,20.875,20.5,20.21875,-6.2,20.0,5.0,0.0
23.15778,0x316,0.0,0.0,1.0,6.25,1.24,0.91,21.0625,20.875,20.5,20.21875,-6.2,20.0,5.0,0.0
23.1654,0x220,0.0,0.0,1.0,6.25,0.89,0.73,21.0625,20.875,20.5,20.21875,-6.2,20.0,5.0,0.0
23.16558,0x2B0,0.0,0.0,1.0,6.25,0.89,0.73,21.0625,20.875,20.5,20.21875,-6.4,28.0,5.0,0.0
23.16781,0x316,0.0,0.0,1.0,6.25,0.89,0.73,21.0625,20.875,20.5,20.21875,-6.4,28.0,2.0,0.0
23.1754,0x220,0.0,0.0,1.0,6.25,0.57,0.31,21.0625,20.875,20.5,20.21875,-6.4,28.0,2.0,0.0
23.17582,0x2B0,0.0,0.0,1.0,6.25,0.57,0.31,21.0625,20.875,20.5,20.21875,-6.6,20.0,2.0,0.0
23.17605,0x386,0.0,0.0,1.0,6.25,0.57,0.31,20.875,20.8125,20.3125,20.09375,-6.6,20.0,2.0,0.0
23.17801,0x316,0.0,0.0,1.0,6.25,0.57,0.31,20.875,20.8125,20.3125,20.09375,-6.6,20.0,0.0,0.0
23.18542,0x220,0.0,0.0,1.0,6.25,0.49,0.0,20.875,20.8125,20.3125,20.09375,-6.6,20.0,0.0,0.0
23.1856,0x2B0,0.0,0.0,1.0,6.25,0.49,0.0,20.875,20.8125,20.3125,20.09375,-6.7,12.0,0.0,0.0
23.18781,0x316,0.0,0.0,1.0,6.25,0.49,0.0,20.875,20.8125,20.3125,20.09375,-6.7,12.0,0.0,0.0
23.19541,0x220,0.0,0.0,1.0,6.25,0.73,0.0,20.875,20.8125,20.3125,20.09375,-6.7,12.0,0.0,0.0
23.19582,0x2B0,0.0,0.0,1.0,6.25,0.73,0.0,20.875,20.8125,20.3125,20.09375,-7.0,20.0,0.0,0.0
23.19605,0x386,0.0,0.0,1.0,6.25,0.73,0.0,20.875,20.8125,20.5,20.34375,-7.0,20.0,0.0,0.0
23.19777,0x316,0.0,0.0,1.0,6.25,0.73,0.0,20.875,20.8125,20.5,20.34375,-7.0,20.0,0.0,0.0
23.20541,0x220,0.0,0.0,1.0,6.25,1.27,0.19,20.875,20.8125,20.5,20.34375,-7.0,20.0,0.0,0.0
23.20559,0x2B0,0.0,0.0,1.0,6.25,1.27,0.19,20.875,20.8125,20.5,20.34375,-7.2,24.0,0.0,0.0
23.20775,0x316,0.0,0.0,1.0,6.25,1.27,0.19,20.875,20.8125,20.5,20.34375,-7.2,24.0,0.0,0.0
23.2154,0x220,0.0,0.0,1.0,6.25,1.83,0.25,20.875,20.8125,20.5,20.34375,-7.2,24.0,0.0,0.0
23.21582,0x2B0,0.0,0.0,1.0,6.25,1.83,0.25,20.875,20.8125,20.5,20.34375,-7.4,20.0,0.0,0.0
23.21605,0x386,0.0,0.0,1.0,6.25,1.83,0.25,20.625,20.6875,20.59375,20.71875,-7.4,20.0,0.0,0.0
23.21785,0x316,0.0,0.0,1.0,6.25,1.83,0.25,20.625,20.6875,20.59375,20.71875,-7.4,20.0,0.0,0.0
23.22541,0x220,0.0,0.0,1.0,6.25,2.13,0.09,20.625,20.6875,20.59375,20.71875,-7.4,20.0,0.0,0.0
23.22559,0x2B0,0.0,0.0,1.0,6.25,2.13,0.09,20.625,20.6875,20.59375,20.71875,-7.6,20.0,0.0,0.0
23.22779,0x316,0.0,0.0,1.0,6.25,2.13,0.09,20.625,20.6875,20.59375,20.71875,-7.6,20.0,0.0,0.0
23.2354,0x220,0.0,0.0,1.0,6.25,2.01,0.0,20.625,20.6875,20.59375,20.71875,-7.6,20.0,0.0,0.0
23.23581,0x2B0,0.0,0.0,1.0,6.25,2.01,0.0,20.625,20.6875,20.59375,20.71875,-7.8,20.0,0.0,0.0
23.23603,0x386,0.0,0.0,1.0,6.25,2.01,0.0,20.6875,20.59375,20.46875,20.625,-7.8,20.0,0.0,0.0
23.23782,0x316,0.0,0.0,1.0,6.25,2.01,0.0,20.6875,20.59375,20.46875,20.625,-7.8,20.0,0.0,0.0
23.2454,0x220,0.0,0.0,1.0,6.25,1.65,0.08,20.6875,20.59375,20.46875,20.625,-7.8,20.0,0.0,0.0
23.24559,0x2B0,0.0,0.0,1.0,6.25,1.65,0.08,20.6875,20.59375,20.46875,20.625,-8.1,24.0,0.0,0.0
23.24862,0x316,0.0,0.0,1.0,6.25,1.65,0.08,20.6875,20.59375,20.46875,20.625,-8.1,24.0,0.0,0.0
23.2554,0x220,0.0,0.0,1.0,6.25,1.22,0.18,20.6875,20.59375,20.46875,20.625,-8.1,24.0,0.0,0.0
23.25582,0x2B0,0.0,0.0,1.0,6.25,1.22,0.18,20.6875,20.59375,20.46875,20.625,-8.4,28.0,0.0,0.0
23.25605,0x386,0.0,0.0,1.0,6.25,1.22,0.18,20.5625,20.5625,20.40625,20.4375,-8.4,28.0,0.0,0.0
23.25781,0x316,0.0,0.0,1.0,6.25,1.22,0.18,20.5625,20.5625,20.40625,20.4375,-8.4,28.0,0.0,0.0
23.26541,0x220,0.0,0.0,1.0,6.25,0.83,0.06,20.5625,20.5625,20.40625,20.4375,-8.4,28.0,0.0,0.0
23.26559,0x2B0,0.0,0.0,1.0,6.25,0.83,0.06,20.5625,20.5625,20.40625,20.4375,-8.7,28.0,0.0,0.0
23.26782,0x316,0.0,0.0,1.0,6.25,0.83,0.06,20.5625,20.5625,20.40625,20.4375,-8.7,28.0,0.0,0.0
23.27541,0x220,0.0,0.0,1.0,6.25,0.55,-0.08,20.5625,20.5625,20.40625,20.4375,-8.7,28.0,0.0,0.0
23.27582,0x2B0,0.0,0.0,1.0,6.25,0.55,-0.08,20.5625,20.5625,20.40625,20.4375,-9.0,28.0,0.0,0.0
23.27605,0x386,0.0,0.0,1.0,6.25,0.55,-0.08,20.4375,20.53125,20.25,20.3125,-9.0,28.0,0.0,0.0
23.27798,0x316,0.0,0.0,1.0,6.25,0.55,-0.08,20.4375,20.53125,20.25,20.3125,-9.0,28.0,0.0,0.0
23.2854,0x220,0.0,0.0,1.0,6.25,0.42,-0.09,20.4375,20.53125,20.25,20.3125,-9.0,28.0,0.0,0.0
23.28558,0x2B0,0.0,0.0,1.0,6.25,0.42,-0.09,20.4375,20.53125,20.25,20.3125,-9.2,24.0,0.0,0.0
23.28778,0x316,0.0,0.0,1.0,6.25,0.42,-0.09,20.4375,20.53125,20.25,20.3125,-9.2,24.0,2.0,0.0
23.29541,0x220,0.0,0.0,1.0,6.25,0.45,0.0,20.4375,20.53125,20.25,20.3125,-9.2,24.0,2.0,0.0
23.29582,0x2B0,0.0,0.0,1.0,6.25,0.45,0.0,20.4375,20.53125,20.25,20.3125,-9.5,24.0,2.0,0.0
23.29605,0x386,0.0,0.0,1.0,6.25,0.45,0.0,20.40625,20.375,20.0,20.3125,-9.5,24.0,2.0,0.0
23.29783,0x316,0.0,0.0,1.0,6.25,0.45,0.0,20.40625,20.375,20.0,20.3125,-9.5,24.0,5.0,0.0
23.3054,0x220,0.0,0.0,1.0,6.25,0.52,0.03,20.40625,20.375,20.0,20.3125,-9.5,24.0,5.0,0.0
23.30558,0x2B0,0.0,0.0,1.0,6.25,0.52,0.03,20.40625,20.375,20.0,20.3125,-9.8,28.0,5.0,0.0
23.30777,0x316,0.0,0.0,1.0,6.25,0.52,0.03,20.40625,20.375,20.0,20.3125,-9.8,28.0,7.0,0.0
23.31541,0x220,0.0,0.0,1.0,6.25,0.49,0.09,20.40625,20.375,20.0,20.3125,-9.8,28.0,7.0,0.0
23.31583,0x2B0,0.0,0.0,1.0,6.25,0.49,0.09,20.40625,20.375,20.0,20.3125,-10.1,28.0,7.0,0.0
23.31606,0x386,0.0,0.0,1.0,6.25,0.49,0.09,20.34375,20.4375,20.09375,20.59375,-10.1,28.0,7.0,0.0
23.31776,0x316,0.0,0.0,1.0,6.25,0.49,0.09,20.34375,20.4375,20.09375,20.59375,-10.1,28.0,10.0,0.0
23.3254,0x220,0.0,0.0,1.0,6.25,0.39,0.17,20.34375,20.4375,20.09375,20.59375,-10.1,28.0,10.0,0.0
23.32559,0x2B0,0.0,0.0,1.0,6.25,0.39,0.17,20.34375,20.4375,20.09375,20.59375,-10.4,28.0,10.0,0.0
23.32776,0x316,0.0,0.0,1.0,6.25,0.39,0.17,20.34375,20.4375,20.09375,20.59375,-10.4,28.0,10.0,0.0
23.3354,0x220,0.0,0.0,1.0,6.25,0.35,0.23,20.34375,20.4375,20.09375,20.59375,-10.4,28.0,10.0,0.0
23.33582,0x2B0,0.0,0.0,1.0,6.25,0.35,0.23,20.34375,20.4375,20.09375,20.59375,-10.7,28.0,10.0,0.0
23.33605,0x386,0.0,0.0,1.0,6.25,0.35,0.23,20.4375,20.40625,20.125,20.625,-10.7,28.0,10.0,0.0
23.33784,0x316,0.0,0.0,1.0,6.25,0.35,0.23,20.4375,20.40625,20.125,20.625,-10.7,28.0,12.0,0.0
23.3454,0x220,0.0,0.0,1.0,6.25,0.47,0.32,20.4375,20.40625,20.125,20.625,-10.7,28.0,12.0,0.0
23.34558,0x2B0,0.0,0.0,1.0,6.25,0.47,0.32,20.4375,20.40625,20.125,20.625,-11.0,28.0,12.0,0.0
23.34863,0x316,0.0,0.0,1.0,6.25,0.47,0.32,20.4375,20.40625,20.125,20.625,-11.0,28.0,12.0,0.0
23.35541,0x220,0.0,0.0,1.0,6.25,0.73,0.41,20.4375,20.40625,20.125,20.625,-11.0,28.0,12.0,0.0
23.35581,0x2B0,0.0,0.0,1.0,6.25,0.73,0.41,20.4375,20.40625,20.125,20.625,-11.4,32.0,12.0,0.0
23.35604,0x386,0.0,0.0,1.0,6.25,0.73,0.41,20.375,20.40625,19.84375,20.0625,-11.4,32.0,12.0,0.0
23.35777,0x316,0.0,0.0,1.0,6.25,0.73,0.41,20.375,20.40625,19.84375,20.0625,-11.4,32.0,12.0,0.0
23.3654,0x220,0.0,0.0,1.0,6.25,1.06,0.45,20.375,20.40625,19.84375,20.0625,-11.4,32.0,12.0,0.0
23.36559,0x2B0,0.0,0.0,1.0,6.25,1.06,0.45,20.375,20.40625,19.84375,20.0625,-11.7,32.0,12.0,0.0
23.36786,0x316,0.0,0.0,1.0,6.25,1.06,0.45,20.375,20.40625,19.84375,20.0625,-11.7,32.0,12.0,0.0
23.3754,0x220,0.0,0.0,1.0,6.25,1.33,0.47,20.375,20.40625,19.84375,20.0625,-11.7,32.0,12.0,0.0
23.37582,0x2B0,0.0,0.0,1.0,6.25,1.33,0.47,20.375,20.40625,19.84375,20.0625,-12.1,32.0,12.0,0.0
23.37605,0x386,0.0,0.0,1.0,6.25,1.33,0.47,20.34375,20.3125,19.4375,19.6875,-12.1,32.0,12.0,0.0
23.37794,0x316,0.0,0.0,1.0,6.25,1.33,0.47,20.34375,20.3125,19.4375,19.6875,-12.1,32.0,10.0,0.0
23.3854,0x220,0.0,0.0,1.0,6.25,1.36,0.49,20.34375,20.3125,19.4375,19.6875,-12.1,32.0,10.0,0.0
23.38558,0x2B0,0.0,0.0,1.0,6.25,1.36,0.49,20.34375,20.3125,19.4375,19.6875,-12.4,32.0,10.0,0.0
23.38787,0x316,0.0,0.0,1.0,6.25,1.36,0.49,20.34375,20.3125,19.4375,19.6875,-12.4,32.0,10.0,0.0
23.39541,0x220,0.0,0.0,1.0,6.25,1.17,0.47,20.34375,20.3125,19.4375,19.6875,-12.4,32.0,10.0,0.0
23.39582,0x2B0,0.0,0.0,1.0,6.25,1.17,0.47,20.34375,20.3125,19.4375,19.6875,-12.8,32.0,10.0,0.0
23.39605,0x386,0.0,0.0,1.0,6.25,1.17,0.47,20.40625,20.34375,19.5625,19.6875,-12.8,32.0,10.0,0.0
23.39779,0x316,0.0,0.0,1.0,6.25,1.17,0.47,20.40625,20.34375,19.5625,19.6875,-12.8,32.0,10.0,0.0
23.40539,0x220,0.0,0.0,1.0,6.25,0.94,0.38,20.40625,20.34375,19.5625,19.6875,-12.8,32.0,10.0,0.0
23.40558,0x2B0,0.0,0.0,1.0,6.25,0.94,0.38,20.40625,20.34375,19.5625,19.6875,-13.1,32.0,10.0,0.0
23.40776,0x316,0.0,0.0,1.0,6.25,0.94,0.38,20.40625,20.34375,19.5625,19.6875,-13.1,32.0,10.0,0.0
23.41541,0x220,0.0,0.0,1.0,6.25,0.77,0.25,20.40625,20.34375,19.5625,19.6875,-13.1,32.0,10.0,0.0
23.41582,0x2B0,0.0,0.0,1.0,6.25,0.77,0.25,20.40625,20.34375,19.5625,19.6875,-13.5,32.0,10.0,0.0
23.41605,0x386,0.0,0.0,1.0,6.25,0.77,0.25,20.34375,20.28125,19.90625,20.15625,-13.5,32.0,10.0,0.0
23.41776,0x316,0.0,0.0,1.0,6.25,0.77,0.25,20.34375,20.28125,19.90625,20.15625,-13.5,32.0,7.0,0.0
23.42539,0x220,0.0,0.0,1.0,6.25,0.8,0.09,20.34375,20.28125,19.90625,20.15625,-13.5,32.0,7.0,0.0
23.42557,0x2B0,0.0,0.0,1.0,6.25,0.8,0.09,20.34375,20.28125,19.90625,20.15625,-13.8,32.0,7.0,0.0
23.4278,0x316,0.0,0.0,1.0,6.25,0.8,0.09,20.34375,20.28125,19.90625,20.15625,-13.8,32.0,7.0,0.0
23.4354,0x220,0.0,0.0,1.0,6.25,1.1,-0.04,20.34375,20.28125,19.90625,20.15625,-13.8,32.0,7.0,0.0
23.43583,0x2B0,0.0,0.0,1.0,6.25,1.1,-0.04,20.34375,20.28125,19.90625,20.15625,-14.1,28.0,7.0,0.0
23.43605,0x386,0.0,0.0,1.0,6.25,1.1,-0.04,20.21875,20.21875,19.75,20.03125,-14.1,28.0,7.0,0.0
23.43784,0x316,0.0,0.0,1.0,6.25,1.1,-0.04,20.21875,20.21875,19.75,20.03125,-14.1,28.0,7.0,0.0
23.4454,0x220,0.0,0.0,1.0,6.25,1.58,-0.09,20.21875,20.21875,19.75,20.03125,-14.1,28.0,7.0,0.0
23.44559,0x2B0,0.0,0.0,1.0,6.25,1.58,-0.09,20.21875,20.21875,19.75,20.03125,-14.4,28.0,7.0,0.0
23.44867,0x316,0.0,0.0,1.0,6.25,1.58,-0.09,20.21875,20.21875,19.75,20.03125,-14.4,28.0,7.0,0.0
23.45541,0x220,0.0,0.0,1.0,6.25,2.07,-0.06,20.21875,20.21875,19.75,20.03125,-14.4,28.0,7.0,0.0
23.45583,0x2B0,0.0,0.0,1.0,6.25,2.07,-0.06,20.21875,20.21875,19.75,20.03125,-14.7,28.0,7.0,0.0
23.45607,0x386,0.0,0.0,1.0,6.25,2.07,-0.06,20.15625,20.0,19.9375,19.8125,-14.7,28.0,7.0,0.0
23.45777,0x316,0.0,0.0,1.0,6.25,2.07,-0.06,20.15625,20.0,19.9375,19.8125,-14.7,28.0,7.0,0.0
23.4654,0x220,0.0,0.0,1.0,6.25,2.37,-0.04,20.15625,20.0,19.9375,19.8125,-14.7,28.0,7.0,0.0
23.46559,0x2B0,0.0,0.0,1.0,6.25,2.37,-0.04,20.15625,20.0,19.9375,19.8125,-15.0,28.0,7.0,0.0
23.46791,0x316,0.0,0.0,1.0,6.25,2.37,-0.04,20.15625,20.0,19.9375,19.8125,-15.0,28.0,7.0,0.0
23.47541,0x220,0.0,0.0,1.0,6.25,2.43,-0.03,20.15625,20.0,19.9375,19.8125,-15.0,28.0,7.0,0.0
23.47583,0x2B0,0.0,0.0,1.0,6.25,2.43,-0.03,20.15625,20.0,19.9375,19.8125,-15.3,28.0,7.0,0.0
23.47606,0x386,0.0,0.0,1.0,6.25,2.43,-0.03,20.1875,20.15625,19.6875,19.75,-15.3,28.0,7.0,0.0
23.47795,0x316,0.0,0.0,1.0,6.25,2.43,-0.03,20.1875,20.15625,19.6875,19.75,-15.3,28.0,7.0,0.0
23.48541,0x220,0.0,0.0,1.0,6.25,2.21,-0.13,20.1875,20.15625,19.6875,19.75,-15.3,28.0,7.0,0.0
23.48559,0x2B0,0.0,0.0,1.0,6.25,2.21,-0.13,20.1875,20.15625,19.6875,19.75,-15.7,32.0,7.0,0.0
23.48779,0x316,0.0,0.0,1.0,6.25,2.21,-0.13,20.1875,20.15625,19.6875,19.75,-15.7,32.0,7.0,0.0
23.4954,0x220,0.0,0.0,1.0,6.25,1.8,-0.37,20.1875,20.15625,19.6875,19.75,-15.7,32.0,7.0,0.0
23.49582,0x2B0,0.0,0.0,1.0,6.25,1.8,-0.37,20.1875,20.15625,19.6875,19.75,-16.0,32.0,7.0,0.0
23.49605,0x386,0.0,0.0,1.0,6.25,1.8,-0.37,20.09375,19.96875,19.84375,19.84375,-16.0,32.0,7.0,0.0
23.49776,0x316,0.0,0.0,1.0,6.25,1.8,-0.37,20.09375,19.96875,19.84375,19.84375,-16.0,32.0,7.0,0.0
23.5054,0x220,0.0,0.0,1.0,6.25,1.41,-0.57,20.09375,19.96875,19.84375,19.84375,-16.0,32.0,7.0,0.0
23.50559,0x2B0,0.0,0.0,1.0,6.25,1.41,-0.57,20.09375,19.96875,19.84375,19.84375,-16.3,28.0,7.0,0.0
23.50781,0x316,0.0,0.0,1.0,6.25,1.41,-0.57,20.09375,19.96875,19.84375,19.84375,-16.3,28.0,7.0,0.0
23.5154,0x220,0.0,0.0,1.0,6.25,1.2,-0.7,20.09375,19.96875,19.84375,19.84375,-16.3,28.0,7.0,0.0
23.51582,0x2B0,0.0,0.0,1.0,6.25,1.2,-0.7,20.09375,19.96875,19.84375,19.84375,-16.6,28.0,7.0,0.0
23.51605,0x386,0.0,0.0,1.0,6.25,1.2,-0.7,20.09375,20.0,19.84375,19.6875,-16.6,28.0,7.0,0.0
23.51779,0x316,0.0,0.0,1.0,6.25,1.2,-0.7,20.09375,20.0,19.84375,19.6875,-16.6,28.0,7.0,0.0
23.5254,0x220,0.0,0.0,1.0,6.25,1.27,-0.73,20.09375,20.0,19.84375,19.6875,-16.6,28.0,7.0,0.0
23.52559,0x2B0,0.0,0.0,1.0,6.25,1.27,-0.73,20.09375,20.0,19.84375,19.6875,-16.9,28.0,7.0,0.0
23.52778,0x316,0.0,0.0,1.0,6.25,1.27,-0.73,20.09375,20.0,19.84375,19.6875,-16.9,28.0,7.0,0.0
23.53539,0x220,0.0,0.0,1.0,6.25,1.47,-0.71,20.09375,20.0,19.84375,19.6875,-16.9,28.0,7.0,0.0
23.5358,0x2B0,0.0,0.0,1.0,6.25,1.47,-0.71,20.09375,20.0,19.84375,19.6875,-17.1,24.0,7.0,0.0
23.53604,0x386,0.0,0.0,1.0,6.25,1.47,-0.71,19.96875,20.0,19.96875,19.65625,-17.1,24.0,7.0,0.0
23.53781,0x316,0.0,0.0,1.0,6.25,1.47,-0.71,19.96875,20.0,19.96875,19.65625,-17.1,24.0,7.0,0.0
23.54539,0x220,0.0,0.0,1.0,6.25,1.67,-0.74,19.96875,20.0,19.96875,19.65625,-17.1,24.0,7.0,0.0
23.54558,0x2B0,0.0,0.0,1.0,6.25,1.67,-0.74,19.96875,20.0,19.96875,19.65625,-17.4,24.0,7.0,0.0
23.54886,0x316,0.0,0.0,1.0,6.25,1.67,-0.74,19.96875,20.0,19.96875,19.65625,-17.4,24.0,7.0,0.0
23.5554,0x220,0.0,0.0,1.0,6.25,1.71,-0.75,19.96875,20.0,19.96875,19.65625,-17.4,24.0,7.0,0.0
23.55583,0x2B0,0.0,0.0,1.0,6.25,1.71,-0.75,19.96875,20.0,19.96875,19.65625,-17.7,28.0,7.0,0.0
23.55606,0x386,0.0,0.0,1.0,6.25,1.71,-0.75,20.09375,19.9375,19.34375,19.84375,-17.7,28.0,7.0,0.0
23.5578,0x316,0.0,0.0,1.0,6.25,1.71,-0.75,20.09375,19.9375,19.34375,19.84375,-17.7,28.0,7.0,0.0
23.56539,0x220,0.0,0.0,1.0,6.25,1.48,-0.76,20.09375,19.9375,19.34375,19.84375,-17.7,28.0,7.0,0.0
23.56558,0x2B0,0.0,0.0,1.0,6.25,1.48,-0.76,20.09375,19.9375,19.34375,19.84375,-17.9,24.0,7.0,0.0
23.56781,0x316,0.0,0.0,1.0,6.25,1.48,-0.76,20.09375,19.9375,19.34375,19.84375,-17.9,24.0,10.0,0.0
23.5754,0x220,0.0,0.0,1.0,6.25,1.08,-0.82,20.09375,19.9375,19.34375,19.84375,-17.9,24.0,10.0,0.0
23.57583,0x2B0,0.0,0.0,1.0,6.25,1.08,-0.82,20.09375,19.9375,19.34375,19.84375,-18.2,24.0,10.0,0.0
23.57606,0x386,0.0,0.0,1.0,6.25,1.08,-0.82,19.90625,20.0,19.4375,19.46875,-18.2,24.0,10.0,0.0
23.57792,0x316,0.0,0.0,1.0,6.25,1.08,-0.82,19.90625,20.0,19.4375,19.46875,-18.2,24.0,10.0,0.0
23.58541,0x220,0.0,0.0,1.0,6.25,0.64,-0.86,19.90625,20.0,19.4375,19.46875,-18.2,24.0,10.0,0.0
23.58559,0x2B0,0.0,0.0,1.0,6.25,0.64,-0.86,19.90625,20.0,19.4375,19.46875,-18.5,28.0,10.0,0.0
23.5878,0x316,0.0,0.0,1.0,6.25,0.64,-0.86,19.90625,20.0,19.4375,19.46875,-18.5,28.0,10.0,0.0
23.5954,0x220,0.0,0.0,1.0,6.25,0.31,-0.74,19.90625,20.0,19.4375,19.46875,-18.5,28.0,10.0,0.0
23.59582,0x2B0,0.0,0.0,1.0,6.25,0.31,-0.74,19.90625,20.0,19.4375,19.46875,-18.8,28.0,10.0,0.0
23.59605,0x386,0.0,0.0,1.0,6.25,0.31,-0.74,19.96875,19.875,19.5625,19.46875,-18.8,28.0,10.0,0.0
23.59783,0x316,0.0,0.0,1.0,6.25,0.31,-0.74,19.96875,19.875,19.5625,19.46875,-18.8,28.0,10.0,0.0
23.60541,0x220,0.0,0.0,1.0,6.25,0.14,-0.47,19.96875,19.875,19.5625,19.46875,-18.8,28.0,10.0,0.0
23.6056,0x2B0,0.0,0.0,1.0,6.25,0.14,-0.47,19.96875,19.875,19.5625,19.46875,-19.1,28.0,10.0,0.0
23.60774,0x316,0.0,0.0,1.0,6.25,0.14,-0.47,19.96875,19.875,19.5625,19.46875,-19.1,28.0,10.0,0.0
23.6154,0x220,0.0,0.0,1.0,6.25,0.14,-0.14,19.96875,19.875,19.5625,19.46875,-19.1,28.0,10.0,0.0
23.61582,0x2B0,0.0,0.0,1.0,6.25,0.14,-0.14,19.96875,19.875,19.5625,19.46875,-19.4,28.0,10.0,0.0
23.61606,0x386,0.0,0.0,1.0,6.25,0.14,-0.14,19.875,19.875,19.40625,19.4375,-19.4,28.0,10.0,0.0
23.61776,0x316,0.0,0.0,1.0,6.25,0.14,-0.14,19.875,19.875,19.40625,19.4375,-19.4,28.0,10.0,0.0
23.6254,0x220,0.0,0.0,1.0,6.25,0.19,0.0,19.875,19.875,19.40625,19.4375,-19.4,28.0,10.0,0.0
23.62559,0x2B0,0.0,0.0,1.0,6.25,0.19,0.0,19.875,19.875,19.40625,19.4375,-19.7,28.0,10.0,0.0
23.62778,0x316,0.0,0.0,1.0,6.25,0.19,0.0,19.875,19.875,19.40625,19.4375,-19.7,28.0,10.0,0.0
23.63541,0x220,0.0,0.0,1.0,6.25,0.16,-0.11,19.875,19.875,19.40625,19.4375,-19.7,28.0,10.0,0.0
23.63583,0x2B0,0.0,0.0,1.0,6.25,0.16,-0.11,19.875,19.875,19.40625,19.4375,-20.0,28.0,10.0,0.0
23.63606,0x386,0.0,0.0,1.0,6.25,0.16,-0.11,19.78125,19.8125,19.59375,19.8125,-20.0,28.0,10.0,0.0
23.63789,0x316,0.0,0.0,1.0,6.25,0.16,-0.11,19.78125,19.8125,19.59375,19.8125,-20.0,28.0,10.0,0.0
23.64541,0x220,0.0,0.0,1.0,6.25,-0.02,-0.27,19.78125,19.8125,19.59375,19.8125,-20.0,28.0,10.0,0.0
23.64559,0x2B0,0.0,0.0,1.0,6.25,-0.02,-0.27,19.78125,19.8125,19.59375,19.8125,-20.4,32.0,10.0,0.0
23.64874,0x316,0.0,0.0,1.0,6.25,-0.02,-0.27,19.78125,19.8125,19.59375,19.8125,-20.4,32.0,10.0,0.0
23.6554,0x220,0.0,0.0,1.0,6.25,-0.29,-0.22,19.78125,19.8125,19.59375,19.8125,-20.4,32.0,10.0,0.0
23.65582,0x2B0,0.0,0.0,1.0,6.25,-0.29,-0.22,19.78125,19.8125,19.59375,19.8125,-20.7,32.0,10.0,0.0
23.65605,0x386,0.0,0.0,1.0,6.25,-0.29,-0.22,19.875,19.8125,19.4375,19.6875,-20.7,32.0,10.0,0.0
23.65776,0x316,0.0,0.0,1.0,6.25,-0.29,-0.22,19.875,19.8125,19.4375,19.6875,-20.7,32.0,10.0,0.0
23.66516,0x220,0.0,0.0,1.0,6.25,-0.43,0.0,19.875,19.8125,19.4375,19.6875,-20.7,32.0,10.0,0.0
23.66558,0x2B0,0.0,0.0,1.0,6.25,-0.43,0.0,19.875,19.8125,19.4375,19.6875,-21.1,32.0,10.0,0.0
23.66787,0x316,0.0,0.0,1.0,6.25,-0.43,0.0,19.875,19.8125,19.4375,19.6875,-21.1,32.0,10.0,0.0
23.67516,0x220,0.0,0.0,1.0,6.25,-0.5,0.1,19.875,19.8125,19.4375,19.6875,-21.1,32.0,10.0,0.0
23.67582,0x2B0,0.0,0.0,1.0,6.25,-0.5,0.1,19.875,19.8125,19.4375,19.6875,-21.4,32.0,10.0,0.0
23.67605,0x386,0.0,0.0,1.0,6.25,-0.5,0.1,19.71875,19.8125,19.625,19.59375,-21.4,32.0,10.0,0.0
23.678,0x316,0.0,0.0,1.0,6.25,-0.5,0.1,19.71875,19.8125,19.625,19.59375,-21.4,32.0,10.0,0.0
23.68517,0x220,0.0,0.0,1.0,6.25,-0.52,0.11,19.71875,19.8125,19.625,19.59375,-21.4,32.0,10.0,0.0
23.68559,0x2B0,0.0,0.0,1.0,6.25,-0.52,0.11,19.71875,19.8125,19.625,19.59375,-21.8,32.0,10.0,0.0
23.68778,0x316,0.0,0.0,1.0,6.25,-0.52,0.11,19.71875,19.8125,19.625,19.59375,-21.8,32.0,12.0,0.0
23.69516,0x220,0.0,0.0,1.0,6.25,-0.5,0.22,19.71875,19.8125,19.625,19.59375,-21.8,32.0,12.0,0.0
23.69583,0x2B0,0.0,0.0,1.0,6.25,-0.5,0.22,19.71875,19.8125,19.625,19.59375,-22.1,32.0,12.0,0.0
23.69606,0x386,0.0,0.0,1.0,6.25,-0.5,0.22,19.875,19.8125,19.65625,19.21875,-22.1,32.0,12.0,0.0
23.69776,0x316,0.0,0.0,1.0,6.25,-0.5,0.22,19.875,19.8125,19.65625,19.21875,-22.1,32.0,12.0,0.0
23.70516,0x220,0.0,0.0,1.0,6.25,-0.39,0.5,19.875,19.8125,19.65625,19.21875,-22.1,32.0,12.0,0.0
23.70558,0x2B0,0.0,0.0,1.0,6.25,-0.39,0.5,19.875,19.8125,19.65625,19.21875,-22.5,32.0,12.0,0.0
23.70777,0x316,0.0,0.0,1.0,6.25,-0.39,0.5,19.875,19.8125,19.65625,19.21875,-22.5,32.0,12.0,0.0
23.71516,0x220,0.0,0.0,1.0,6.25,-0.17,0.68,19.875,19.8125,19.65625,19.21875,-22.5,32.0,12.0,0.0
23.71582,0x2B0,0.0,0.0,1.0,6.25,-0.17,0.68,19.875,19.8125,19.65625,19.21875,-22.9,40.0,12.0,0.0
23.71604,0x386,0.0,0.0,1.0,6.25,-0.17,0.68,19.8125,19.78125,19.34375,19.21875,-22.9,40.0,12.0,0.0
23.71782,0x316,0.0,0.0,1.0,6.25,-0.17,0.68,19.8125,19.78125,19.34375,19.21875,-22.9,40.0,12.0,0.0
23.72516,0x220,0.0,0.0,1.0,6.25,0.09,0.5,19.8125,19.78125,19.34375,19.21875,-22.9,40.0,12.0,0.0
23.72558,0x2B0,0.0,0.0,1.0,6.25,0.09,0.5,19.8125,19.78125,19.34375,19.21875,-23.3,40.0,12.0,0.0
23.72777,0x316,0.0,0.0,1.0,6.25,0.09,0.5,19.8125,19.78125,19.34375,19.21875,-23.3,40.0,12.0,0.0
23.73517,0x220,0.0,0.0,1.0,6.25,0.18,0.09,19.8125,19.78125,19.34375,19.21875,-23.3,40.0,12.0,0.0
23.73583,0x2B0,0.0,0.0,1.0,6.25,0.18,0.09,19.8125,19.78125,19.34375,19.21875,-23.6,32.0,12.0,0.0
23.73605,0x386,0.0,0.0,1.0,6.25,0.18,0.09,19.8125,19.84375,19.25,19.375,-23.6,32.0,12.0,0.0
23.73781,0x316,0.0,0.0,1.0,6.25,0.18,0.09,19.8125,19.84375,19.25,19.375,-23.6,32.0,12.0,0.0
23.74517,0x220,0.0,0.0,1.0,6.25,0.13,-0.16,19.8125,19.84375,19.25,19.375,-23.6,32.0,12.0,0.0
23.74559,0x2B0,0.0,0.0,1.0,6.25,0.13,-0.16,19.8125,19.84375,19.25,19.375,-24.0,32.0,12.0,0.0
23.74885,0x316,0.0,0.0,1.0,6.25,0.13,-0.16,19.8125,19.84375,19.25,19.375,-24.0,32.0,12.0,0.0
23.75516,0x220,0.0,0.0,1.0,6.25,-0.02,-0.11,19.8125,19.84375,19.25,19.375,-24.0,32.0,12.0,0.0
23.75582,0x2B0,0.0,0.0,1.0,6.25,-0.02,-0.11,19.8125,19.84375,19.25,19.375,-24.4,40.0,12.0,0.0
23.75604,0x386,0.0,0.0,1.0,6.25,-0.02,-0.11,19.8125,19.59375,19.25,19.34375,-24.4,40.0,12.0,0.0
23.75782,0x316,0.0,0.0,1.0,6.25,-0.02,-0.11,19.8125,19.59375,19.25,19.34375,-24.4,40.0,12.0,0.0
23.76516,0x220,0.0,0.0,1.0,6.25,-0.12,0.14,19.8125,19.59375,19.25,19.34375,-24.4,40.0,12.0,0.0
23.76559,0x2B0,0.0,0.0,1.0,6.25,-0.12,0.14,19.8125,19.59375,19.25,19.34375,-24.8,40.0,12.0,0.0
23.76782,0x316,0.0,0.0,1.0,6.25,-0.12,0.14,19.8125,19.59375,19.25,19.34375,-24.8,40.0,7.0,0.0
23.77517,0x220,0.0,0.0,1.0,6.25,-0.06,0.33,19.8125,19.59375,19.25,19.34375,-24.8,40.0,7.0,0.0
23.77582,0x2B0,0.0,0.0,1.0,6.25,-0.06,0.33,19.8125,19.59375,19.25,19.34375,-25.2,40.0,7.0,0.0
23.77605,0x386,0.0,0.0,1.0,6.25,-0.06,0.33,19.71875,19.625,19.40625,19.40625,-25.2,40.0,7.0,0.0
23.77793,0x316,0.0,0.0,1.0,6.25,-0.06,0.33,19.71875,19.625,19.40625,19.40625,-25.2,40.0,5.0,0.0
23.78517,0x220,0.0,0.0,1.0,6.25,0.09,0.34,19.71875,19.625,19.40625,19.40625,-25.2,40.0,5.0,0.0
23.78559,0x2B0,0.0,0.0,1.0,6.25,0.09,0.34,19.71875,19.625,19.40625,19.40625,-25.6,40.0,5.0,0.0
23.78778,0x316,0.0,0.0,1.0,6.25,0.09,0.34,19.71875,19.625,19.40625,19.40625,-25.6,40.0,2.0,0.0
23.79517,0x220,0.0,0.0,1.0,6.25,0.27,0.27,19.71875,19.625,19.40625,19.40625,-25.6,40.0,2.0,0.0
23.79583,0x2B0,0.0,0.0,1.0,6.25,0.27,0.27,19.71875,19.625,19.40625,19.40625,-26.0,40.0,2.0,0.0
23.79605,0x386,0.0,0.0,1.0,6.25,0.27,0.27,19.71875,19.5625,19.375,19.28125,-26.0,40.0,2.0,0.0
23.79783,0x316,0.0,0.0,1.0,6.25,0.27,0.27,19.71875,19.5625,19.375,19.28125,-26.0,40.0,2.0,0.0
23.80516,0x220,0.0,0.0,1.0,6.25,0.47,0.18,19.71875,19.5625,19.375,19.28125,-26.0,40.0,2.0,0.0
23.80558,0x2B0,0.0,0.0,1.0,6.25,0.47,0.18,19.71875,19.5625,19.375,19.28125,-26.4,40.0,2.0,0.0
23.80775,0x316,0.0,0.0,1.0,6.25,0.47,0.18,19.71875,19.5625,19.375,19.28125,-26.4,40.0,2.0,0.0
23.81516,0x220,0.0,0.0,1.0,6.25,0.6,0.13,19.71875,19.5625,19.375,19.28125,-26.4,40.0,2.0,0.0
23.81583,0x2B0,0.0,0.0,1.0,6.25,0.6,0.13,19.71875,19.5625,19.375,19.28125,-26.9,44.0,2.0,0.0
23.81605,0x386,0.0,0.0,1.0,6.25,0.6,0.13,19.59375,19.46875,19.28125,19.3125,-26.9,44.0,2.0,0.0
23.81777,0x316,0.0,0.0,1.0,6.25,0.6,0.13,19.59375,19.46875,19.28125,19.3125,-26.9,44.0,2.0,0.0
23.82516,0x220,0.0,0.0,1.0,6.25,0.56,0.07,19.59375,19.46875,19.28125,19.3125,-26.9,44.0,2.0,0.0
23.82559,0x2B0,0.0,0.0,1.0,6.25,0.56,0.07,19.59375,19.46875,19.28125,19.3125,-27.3,44.0,2.0,0.0
23.8278,0x316,0.0,0.0,1.0,6.25,0.56,0.07,19.59375,19.46875,19.28125,19.3125,-27.3,44.0,2.0,0.0
23.83516,0x220,0.0,0.0,1.0,6.25,0.34,-0.08,19.59375,19.46875,19.28125,19.3125,-27.3,44.0,2.0,0.0
23.83581,0x2B0,0.0,0.0,1.0,6.25,0.34,-0.08,19.59375,19.46875,19.28125,19.3125,-27.6,32.0,2.0,0.0
23.83604,0x386,0.0,0.0,1.0,6.25,0.34,-0.08,19.65625,19.5,19.125,19.28125,-27.6,32.0,2.0,0.0
23.83786,0x316,0.0,0.0,1.0,6.25,0.34,-0.08,19.65625,19.5,19.125,19.28125,-27.6,32.0,2.0,0.0
23.84517,0x220,0.0,0.0,1.0,6.25,0.04,-0.27,19.65625,19.5,19.125,19.28125,-27.6,32.0,2.0,0.0
23.84559,0x2B0,0.0,0.0,1.0,6.25,0.04,-0.27,19.65625,19.5,19.125,19.28125,-27.9,28.0,2.0,0.0
23.84878,0x316,0.0,0.0,1.0,6.25,0.04,-0.27,19.65625,19.5,19.125,19.28125,-27.9,28.0,2.0,0.0
23.85516,0x220,0.0,0.0,1.0,6.25,-0.18,-0.24,19.65625,19.5,19.125,19.28125,-27.9,28.0,2.0,0.0
23.85582,0x2B0,0.0,0.0,1.0,6.25,-0.18,-0.24,19.65625,19.5,19.125,19.28125,-28.2,28.0,2.0,0.0
23.85604,0x386,0.0,0.0,1.0,6.25,-0.18,-0.24,19.59375,19.34375,19.28125,19.25,-28.2,28.0,2.0,0.0
23.85782,0x316,0.0,0.0,1.0,6.25,-0.18,-0.24,19.59375,19.34375,19.28125,19.25,-28.2,28.0,2.0,0.0
23.86515,0x220,0.0,0.0,1.0,6.25,-0.19,-0.06,19.59375,19.34375,19.28125,19.25,-28.2,28.0,2.0,0.0
23.86559,0x2B0,0.0,0.0,1.0,6.25,-0.19,-0.06,19.59375,19.34375,19.28125,19.25,-28.5,28.0,2.0,0.0
23.86788,0x316,0.0,0.0,1.0,6.25,-0.19,-0.06,19.59375,19.34375,19.28125,19.25,-28.5,28.0,7.0,0.0
23.87516,0x220,0.0,0.0,1.0,6.25,-0.01,0.0,19.59375,19.34375,19.28125,19.25,-28.5,28.0,7.0,0.0
23.87582,0x2B0,0.0,0.0,1.0,6.25,-0.01,0.0,19.59375,19.34375,19.28125,19.25,-28.8,28.0,7.0,0.0
23.87605,0x386,0.0,0.0,1.0,6.25,-0.01,0.0,19.46875,19.53125,19.15625,19.25,-28.8,28.0,7.0,0.0
23.87798,0x316,0.0,0.0,1.0,6.25,-0.01,0.0,19.46875,19.53125,19.15625,19.25,-28.8,28.0,7.0,0.0
23.88516,0x220,0.0,0.0,1.0,6.25,0.23,-0.09,19.46875,19.53125,19.15625,19.25,-28.8,28.0,7.0,0.0
23.88558,0x2B0,0.0,0.0,1.0,6.25,0.23,-0.09,19.46875,19.53125,19.15625,19.25,-29.1,28.0,7.0,0.0
23.88777,0x316,0.0,0.0,1.0,6.25,0.23,-0.09,19.46875,19.53125,19.15625,19.25,-29.1,28.0,7.0,0.0
23.89517,0x220,0.0,0.0,1.0,6.25,0.41,-0.16,19.46875,19.53125,19.15625,19.25,-29.1,28.0,7.0,0.0
23.89583,0x2B0,0.0,0.0,1.0,6.25,0.41,-0.16,19.46875,19.53125,19.15625,19.25,-29.3,24.0,7.0,0.0
23.89606,0x386,0.0,0.0,1.0,6.25,0.41,-0.16,19.40625,19.3125,19.0625,19.15625,-29.3,24.0,7.0,0.0
23.89776,0x316,0.0,0.0,1.0,6.25,0.41,-0.16,19.40625,19.3125,19.0625,19.15625,-29.3,24.0,7.0,0.0
23.90515,0x220,0.0,0.0,1.0,6.25,0.53,-0.09,19.40625,19.3125,19.0625,19.15625,-29.3,24.0,7.0,0.0
23.90558,0x2B0,0.0,0.0,1.0,6.25,0.53,-0.09,19.40625,19.3125,19.0625,19.15625,-29.6,24.0,7.0,0.0
23.90778,0x316,0.0,0.0,1.0,6.25,0.53,-0.09,19.40625,19.3125,19.0625,19.15625,-29.6,24.0,7.0,0.0
23.91518,0x220,0.0,0.0,1.0,6.25,0.5,-0.07,19.40625,19.3125,19.0625,19.15625,-29.6,24.0,7.0,0.0
23.91583,0x2B0,0.0,0.0,1.0,6.25,0.5,-0.07,19.40625,19.3125,19.0625,19.15625,-29.9,28.0,7.0,0.0
23.91606,0x386,0.0,0.0,1.0,6.25,0.5,-0.07,19.375,19.40625,19.0625,19.03125,-29.9,28.0,7.0,0.0
23.9178,0x316,0.0,0.0,1.0,6.25,0.5,-0.07,19.375,19.40625,19.0625,19.03125,-29.9,28.0,7.0,0.0
23.92517,0x220,0.0,0.0,1.0,6.25,0.28,-0.19,19.375,19.40625,19.0625,19.03125,-29.9,28.0,7.0,0.0
23.92559,0x2B0,0.0,0.0,1.0,6.25,0.28,-0.19,19.375,19.40625,19.0625,19.03125,-30.2,28.0,7.0,0.0
23.92776,0x316,0.0,0.0,1.0,6.25,0.28,-0.19,19.375,19.40625,19.0625,19.03125,-30.2,28.0,7.0,0.0
23.93517,0x220,0.0,0.0,1.0,6.25,-0.06,-0.34,19.375,19.40625,19.0625,19.03125,-30.2,28.0,7.0,0.0
23.93584,0x2B0,0.0,0.0,1.0,6.25,-0.06,-0.34,19.375,19.40625,19.0625,19.03125,-30.5,28.0,7.0,0.0
23.93607,0x386,0.0,0.0,1.0,6.25,-0.06,-0.34,19.40625,19.375,18.84375,18.96875,-30.5,28.0,7.0,0.0
23.93781,0x316,0.0,0.0,1.0,6.25,-0.06,-0.34,19.40625,19.375,18.84375,18.96875,-30.5,28.0,5.0,0.0
23.94516,0x220,0.0,0.0,1.0,6.25,-0.45,-0.35,19.40625,19.375,18.84375,18.96875,-30.5,28.0,5.0,0.0
23.94558,0x2B0,0.0,0.0,1.0,6.25,-0.45,-0.35,19.40625,19.375,18.84375,18.96875,-30.8,28.0,5.0,0.0
23.94885,0x316,0.0,0.0,1.0,6.25,-0.45,-0.35,19.40625,19.375,18.84375,18.96875,-30.8,28.0,5.0,0.0
23.95517,0x220,0.0,0.0,1.0,6.25,-0.71,-0.2,19.40625,19.375,18.84375,18.96875,-30.8,28.0,5.0,0.0
23.95583,0x2B0,0.0,0.0,1.0,6.25,-0.71,-0.2,19.40625,19.375,18.84375,18.96875,-31.0,24.0,5.0,0.0
23.95606,0x386,0.0,0.0,1.0,6.25,-0.71,-0.2,19.25,19.25,18.9375,18.9375,-31.0,24.0,5.0,0.0
23.9578,0x316,0.0,0.0,1.0,6.25,-0.71,-0.2,19.25,19.25,18.9375,18.9375,-31.0,24.0,5.0,0.0
23.96516,0x220,0.0,0.0,1.0,6.25,-0.73,-0.12,19.25,19.25,18.9375,18.9375,-31.0,24.0,5.0,0.0
23.96558,0x2B0,0.0,0.0,1.0,6.25,-0.73,-0.12,19.25,19.25,18.9375,18.9375,-31.3,24.0,5.0,0.0
23.96788,0x316,0.0,0.0,1.0,6.25,-0.73,-0.12,19.25,19.25,18.9375,18.9375,-31.3,24.0,5.0,0.0
23.97516,0x220,0.0,0.0,1.0,6.25,-0.6,-0.19,19.25,19.25,18.9375,18.9375,-31.3,24.0,5.0,0.0
23.97582,0x2B0,0.0,0.0,1.0,6.25,-0.6,-0.19,19.25,19.25,18.9375,18.9375,-31.5,24.0,5.0,0.0
23.97605,0x386,0.0,0.0,1.0,6.25,-0.6,-0.19,19.3125,19.25,18.9375,18.84375,-31.5,24.0,5.0,0.0
23.97792,0x316,0.0,0.0,1.0,6.25,-0.6,-0.19,19.3125,19.25,18.9375,18.84375,-31.5,24.0,5.0,0.0
23.98515,0x220,0.0,0.0,1.0,6.25,-0.42,-0.25,19.3125,19.25,18.9375,18.84375,-31.5,24.0,5.0,0.0
23.98558,0x2B0,0.0,0.0,1.0,6.25,-0.42,-0.25,19.3125,19.25,18.9375,18.84375,-31.7,20.0,5.0,0.0
23.98778,0x316,0.0,0.0,1.0,6.25,-0.42,-0.25,19.3125,19.25,18.9375,18.84375,-31.7,20.0,7.0,0.0
23.99516,0x220,0.0,0.0,1.0,6.25,-0.28,-0.25,19.3125,19.25,18.9375,18.84375,-31.7,20.0,7.0,0.0
23.99582,0x2B0,0.0,0.0,1.0,6.25,-0.28,-0.25,19.3125,19.25,18.9375,18.84375,-32.0,24.0,7.0,0.0
23.99605,0x386,0.0,0.0,1.0,6.25,-0.28,-0.25,19.15625,19.21875,18.875,18.84375,-32.0,24.0,7.0,0.0
23.9978,0x316,0.0,0.0,1.0,6.25,-0.28,-0.25,19.15625,19.21875,18.875,18.84375,-32.0,24.0,7.0,0.0
24.00516,0x220,0.0,0.0,1.0,6.25,-0.28,-0.26,19.15625,19.21875,18.875,18.84375,-32.0,24.0,7.0,0.0
24.00559,0x2B0,0.0,0.0,1.0,6.25,-0.28,-0.26,19.15625,19.21875,18.875,18.84375,-32.2,24.0,7.0,0.0
24.00774,0x316,0.0,0.0,1.0,6.25,-0.28,-0.26,19.15625,19.21875,18.875,18.84375,-32.2,24.0,10.0,0.0
24.01516,0x220,0.0,0.0,1.0,6.25,-0.38,-0.31,19.15625,19.21875,18.875,18.84375,-32.2,24.0,10.0,0.0
24.01581,0x2B0,0.0,0.0,1.0,6.25,-0.38,-0.31,19.15625,19.21875,18.875,18.84375,-32.4,20.0,10.0,0.0
24.01605,0x386,0.0,0.0,1.0,6.25,-0.38,-0.31,19.125,19.1875,18.96875,18.875,-32.4,20.0,10.0,0.0
24.01776,0x316,0.0,0.0,1.0,6.25,-0.38,-0.31,19.125,19.1875,18.96875,18.875,-32.4,20.0,10.0,0.0
24.02516,0x220,0.0,0.0,1.0,6.25,-0.54,-0.31,19.125,19.1875,18.96875,18.875,-32.4,20.0,10.0,0.0
24.02558,0x2B0,0.0,0.0,1.0,6.25,-0.54,-0.31,19.125,19.1875,18.96875,18.875,-32.7,24.0,10.0,0.0
24.02775,0x316,0.0,0.0,1.0,6.25,-0.54,-0.31,19.125,19.1875,18.96875,18.875,-32.7,24.0,10.0,0.0
24.03515,0x220,0.0,0.0,1.0,6.25,-0.7,-0.21,19.125,19.1875,18.96875,18.875,-32.7,24.0,10.0,0.0
24.03581,0x2B0,0.0,0.0,1.0,6.25,-0.7,-0.21,19.125,19.1875,18.96875,18.875,-32.9,24.0,10.0,0.0
24.03604,0x386,0.0,0.0,1.0,6.25,-0.7,-0.21,19.28125,19.0,18.84375,18.78125,-32.9,24.0,10.0,0.0
24.03786,0x316,0.0,0.0,1.0,6.25,-0.7,-0.21,19.28125,19.0,18.84375,18.78125,-32.9,24.0,10.0,0.0
24.04516,0x220,0.0,0.0,1.0,6.25,-0.76,-0.06,19.28125,19.0,18.84375,18.78125,-32.9,24.0,10.0,0.0
24.04559,0x2B0,0.0,0.0,1.0,6.25,-0.76,-0.06,19.28125,19.0,18.84375,18.78125,-33.1,20.0,10.0,0.0
24.04849,0x316,0.0,0.0,1.0,6.25,-0.76,-0.06,19.28125,19.0,18.84375,18.78125,-33.1,20.0,10.0,0.0
24.05516,0x220,0.0,0.0,1.0,6.25,-0.72,0.0,19.28125,19.0,18.84375,18.78125,-33.1,20.0,10.0,0.0
24.05582,0x2B0,0.0,0.0,1.0,6.25,-0.72,0.0,19.28125,19.0,18.84375,18.78125,-33.4,24.0,10.0,0.0
24.05605,0x386,0.0,0.0,1.0,6.25,-0.72,0.0,19.0625,19.09375,18.875,18.84375,-33.4,24.0,10.0,0.0
24.05775,0x316,0.0,0.0,1.0,6.25,-0.72,0.0,19.0625,19.09375,18.875,18.84375,-33.4,24.0,10.0,0.0
24.06516,0x220,0.0,0.0,1.0,6.25,-0.68,-0.09,19.0625,19.09375,18.875,18.84375,-33.4,24.0,10.0,0.0
24.06559,0x2B0,0.0,0.0,1.0,6.25,-0.68,-0.09,19.0625,19.09375,18.875,18.84375,-33.6,24.0,10.0,0.0
24.06781,0x316,0.0,0.0,1.0,6.25,-0.68,-0.09,19.0625,19.09375,18.875,18.84375,-33.6,24.0,10.0,0.0
24.07516,0x220,0.0,0.0,1.0,6.25,-0.71,-0.26,19.0625,19.09375,18.875,18.84375,-33.6,24.0,10.0,0.0
24.07582,0x2B0,0.0,0.0,1.0,6.25,-0.71,-0.26,19.0625,19.09375,18.875,18.84375,-33.8,20.0,10.0,0.0
24.07605,0x386,0.0,0.0,1.0,6.25,-0.71,-0.26,19.15625,19.0625,18.8125,18.65625,-33.8,20.0,10.0,0.0
24.07798,0x316,0.0,0.0,1.0,6.25,-0.71,-0.26,19.15625,19.0625,18.8125,18.65625,-33.8,20.0,7.0,0.0
24.08517,0x220,0.0,0.0,1.0,6.25,-0.75,-0.26,19.15625,19.0625,18.8125,18.65625,-33.8,20.0,7.0,0.0
24.08559,0x2B0,0.0,0.0,1.0,6.25,-0.75,-0.26,19.15625,19.0625,18.8125,18.65625,-34.1,24.0,7.0,0.0
24.08776,0x316,0.0,0.0,1.0,6.25,-0.75,-0.26,19.15625,19.0625,18.8125,18.65625,-34.1,24.0,7.0,0.0
24.09515,0x220,0.0,0.0,1.0,6.25,-0.71,-0.08,19.15625,19.0625,18.8125,18.65625,-34.1,24.0,7.0,0.0
24.09581,0x2B0,0.0,0.0,1.0,6.25,-0.71,-0.08,19.15625,19.0625,18.8125,18.65625,-34.4,28.0,7.0,0.0
24.09604,0x386,0.0,0.0,1.0,6.25,-0.71,-0.08,19.09375,18.9375,18.84375,18.53125,-34.4,28.0,7.0,0.0
24.09776,0x316,0.0,0.0,1.0,6.25,-0.71,-0.08,19.09375,18.9375,18.84375,18.53125,-34.4,28.0,7.0,0.0
24.10516,0x220,0.0,0.0,1.0,6.25,-0.55,-0.06,19.09375,18.9375,18.84375,18.53125,-34.4,28.0,7.0,0.0
24.10558,0x2B0,0.0,0.0,1.0,6.25,-0.55,-0.06,19.09375,18.9375,18.84375,18.53125,-34.6,24.0,7.0,0.0
24.10788,0x316,0.0,0.0,1.0,6.25,-0.55,-0.06,19.09375,18.9375,18.84375,18.53125,-34.6,24.0,7.0,0.0
24.11516,0x220,0.0,0.0,1.0,6.25,-0.41,-0.28,19.09375,18.9375,18.84375,18.53125,-34.6,24.0,7.0,0.0
24.11581,0x2B0,0.0,0.0,1.0,6.25,-0.41,-0.28,19.09375,18.9375,18.84375,18.53125,-34.8,20.0,7.0,0.0
24.11604,0x386,0.0,0.0,1.0,6.25,-0.41,-0.28,19.125,18.96875,18.75,18.59375,-34.8,20.0,7.0,0.0
24.11781,0x316,0.0,0.0,1.0,6.25,-0.41,-0.28,19.125,18.96875,18.75,18.59375,-34.8,20.0,7.0,0.0
24.12516,0x220,0.0,0.0,1.0,6.25,-0.37,-0.44,19.125,18.96875,18.75,18.59375,-34.8,20.0,7.0,0.0
24.12558,0x2B0,0.0,0.0,1.0,6.25,-0.37,-0.44,19.125,18.96875,18.75,18.59375,-35.0,20.0,7.0,0.0
24.12781,0x316,0.0,0.0,1.0,6.25,-0.37,-0.44,19.125,18.96875,18.75,18.59375,-35.0,20.0,10.0,0.0
24.13516,0x220,0.0,0.0,1.0,6.25,-0.43,-0.34,19.125,18.96875,18.75,18.59375,-35.0,20.0,10.0,0.0
24.13581,0x2B0,0.0,0.0,1.0,6.25,-0.43,-0.34,19.125,18.96875,18.75,18.59375,-35.2,20.0,10.0,0.0
24.13604,0x386,0.0,0.0,1.0,6.25,-0.43,-0.34,19.09375,18.8125,18.75,18.53125,-35.2,20.0,10.0,0.0
24.13782,0x316,0.0,0.0,1.0,6.25,-0.43,-0.34,19.09375,18.8125,18.75,18.53125,-35.2,20.0,12.0,0.0
24.14516,0x220,0.0,0.0,1.0,6.25,-0.45,-0.15,19.09375,18.8125,18.75,18.53125,-35.2,20.0,12.0,0.0
24.14559,0x2B0,0.0,0.0,1.0,6.25,-0.45,-0.15,19.09375,18.8125,18.75,18.53125,-35.4,20.0,12.0,0.0
24.14862,0x316,0.0,0.0,1.0,6.25,-0.45,-0.15,19.09375,18.8125,18.75,18.53125,-35.4,20.0,12.0,0.0
24.15515,0x220,0.0,0.0,1.0,6.25,-0.38,-0.18,19.09375,18.8125,18.75,18.53125,-35.4,20.0,12.0,0.0
24.15581,0x2B0,0.0,0.0,1.0,6.25,-0.38,-0.18,19.09375,18.8125,18.75,18.53125,-35.6,20.0,12.0,0.0
24.15603,0x386,0.0,0.0,1.0,6.25,-0.38,-0.18,19.0625,18.90625,18.71875,18.53125,-35.6,20.0,12.0,0.0
24.15782,0x316,0.0,0.0,1.0,6.25,-0.38,-0.18,19.0625,18.90625,18.71875,18.53125,-35.6,20.0,12.0,0.0
24.16516,0x220,0.0,0.0,1.0,6.25,-0.26,-0.41,19.0625,18.90625,18.71875,18.53125,-35.6,20.0,12.0,0.0
24.16558,0x2B0,0.0,0.0,1.0,6.25,-0.26,-0.41,19.0625,18.90625,18.71875,18.53125,-35.8,20.0,12.0,0.0
24.16781,0x316,0.0,0.0,1.0,6.25,-0.26,-0.41,19.0625,18.90625,18.71875,18.53125,-35.8,20.0,12.0,0.0
24.17516,0x220,0.0,0.0,1.0,6.25,-0.17,-0.58,19.0625,18.90625,18.71875,18.53125,-35.8,20.0,12.0,0.0
24.17582,0x2B0,0.0,0.0,1.0,6.25,-0.17,-0.58,19.0625,18.90625,18.71875,18.53125,-36.0,20.0,12.0,0.0
24.17605,0x386,0.0,0.0,1.0,6.25,-0.17,-0.58,19.09375,18.84375,18.65625,18.46875,-36.0,20.0,12.0,0.0
24.17795,0x316,0.0,0.0,1.0,6.25,-0.17,-0.58,19.09375,18.84375,18.65625,18.46875,-36.0,20.0,12.0,0.0
24.18516,0x220,0.0,0.0,1.0,6.25,-0.13,-0.56,19.09375,18.84375,18.65625,18.46875,-36.0,20.0,12.0,0.0
24.18558,0x2B0,0.0,0.0,1.0,6.25,-0.13,-0.56,19.09375,18.84375,18.65625,18.46875,-36.2,20.0,12.0,0.0
24.18776,0x316,0.0,0.0,1.0,6.25,-0.13,-0.56,19.09375,18.84375,18.65625,18.46875,-36.2,20.0,12.0,0.0
24.19516,0x220,0.0,0.0,1.0,6.25,-0.14,-0.44,19.09375,18.84375,18.65625,18.46875,-36.2,20.0,12.0,0.0
24.19581,0x2B0,0.0,0.0,1.0,6.25,-0.14,-0.44,19.09375,18.84375,18.65625,18.46875,-36.4,20.0,12.0,0.0
24.19604,0x386,0.0,0.0,1.0,6.25,-0.14,-0.44,19.03125,18.875,18.46875,18.5625,-36.4,20.0,12.0,0.0
24.19785,0x316,0.0,0.0,1.0,6.25,-0.14,-0.44,19.03125,18.875,18.46875,18.5625,-36.4,20.0,10.0,0.0
24.20515,0x220,0.0,0.0,1.0,6.25,-0.23,-0.4,19.03125,18.875,18.46875,18.5625,-36.4,20.0,10.0,0.0
24.20557,0x2B0,0.0,0.0,1.0,6.25,-0.23,-0.4,19.03125,18.875,18.46875,18.5625,-36.7,24.0,10.0,0.0
24.20774,0x316,0.0,0.0,1.0,6.25,-0.23,-0.4,19.03125,18.875,18.46875,18.5625,-36.7,24.0,10.0,0.0
24.21515,0x220,0.0,0.0,1.0,6.25,-0.38,-0.49,19.03125,18.875,18.46875,18.5625,-36.7,24.0,10.0,0.0
24.21581,0x2B0,0.0,0.0,1.0,6.25,-0.38,-0.49,19.03125,18.875,18.46875,18.5625,-36.8,20.0,10.0,0.0
24.21604,0x386,0.0,0.0,1.0,6.25,-0.38,-0.49,19.0,18.84375,18.5625,18.5,-36.8,20.0,10.0,0.0
24.21779,0x316,0.0,0.0,1.0,6.25,-0.38,-0.49,19.0,18.84375,18.5625,18.5,-36.8,20.0,10.0,0.0
24.22516,0x220,0.0,0.0,1.0,6.25,-0.55,-0.55,19.0,18.84375,18.5625,18.5,-36.8,20.0,10.0,0.0
24.22558,0x2B0,0.0,0.0,1.0,6.25,-0.55,-0.55,19.0,18.84375,18.5625,18.5,-37.1,20.0,10.0,0.0
24.22773,0x316,0.0,0.0,1.0,6.25,-0.55,-0.55,19.0,18.84375,18.5625,18.5,-37.1,20.0,10.0,0.0
24.23516,0x220,0.0,0.0,1.0,6.25,-0.65,-0.49,19.0,18.84375,18.5625,18.5,-37.1,20.0,10.0,0.0
24.23582,0x2B0,0.0,0.0,1.0,6.25,-0.65,-0.49,19.0,18.84375,18.5625,18.5,-37.2,20.0,10.0,0.0
24.23605,0x386,0.0,0.0,1.0,6.25,-0.65,-0.49,19.0,18.78125,18.53125,18.40625,-37.2,20.0,10.0,0.0
24.23794,0x316,0.0,0.0,1.0,6.25,-0.65,-0.49,19.0,18.78125,18.53125,18.40625,-37.2,20.0,10.0,0.0
24.24515,0x220,0.0,0.0,1.0,6.25,-0.68,-0.41,19.0,18.78125,18.53125,18.40625,-37.2,20.0,10.0,0.0
24.24558,0x2B0,0.0,0.0,1.0,6.25,-0.68,-0.41,19.0,18.78125,18.53125,18.40625,-37.4,12.0,10.0,0.0
24.24849,0x316,0.0,0.0,1.0,6.25,-0.68,-0.41,19.0,18.78125,18.53125,18.40625,-37.4,12.0,10.0,0.0
24.25516,0x220,0.0,0.0,1.0,6.25,-0.66,-0.48,19.0,18.78125,18.53125,18.40625,-37.4,12.0,10.0,0.0
24.25581,0x2B0,0.0,0.0,1.0,6.25,-0.66,-0.48,19.0,18.78125,18.53125,18.40625,-37.6,20.0,10.0,0.0
24.25605,0x386,0.0,0.0,1.0,6.25,-0.66,-0.48,18.90625,18.8125,18.46875,18.46875,-37.6,20.0,10.0,0.0
24.25777,0x316,0.0,0.0,1.0,6.25,-0.66,-0.48,18.90625,18.8125,18.46875,18.46875,-37.6,20.0,10.0,0.0
24.26515,0x220,0.0,0.0,1.0,6.25,-0.63,-0.58,18.90625,18.8125,18.46875,18.46875,-37.6,20.0,10.0,0.0
24.26557,0x2B0,0.0,0.0,1.0,6.25,-0.63,-0.58,18.90625,18.8125,18.46875,18.46875,-37.8,20.0,10.0,0.0
24.26778,0x316,0.0,0.0,1.0,6.25,-0.63,-0.58,18.90625,18.8125,18.46875,18.46875,-37.8,20.0,10.0,0.0
24.27515,0x220,0.0,0.0,1.0,6.25,-0.66,-0.54,18.90625,18.8125,18.46875,18.46875,-37.8,20.0,10.0,0.0
24.27581,0x2B0,0.0,0.0,1.0,6.25,-0.66,-0.54,18.90625,18.8125,18.46875,18.46875,-38.0,20.0,10.0,0.0
24.27603,0x386,0.0,0.0,1.0,6.25,-0.66,-0.54,18.84375,18.71875,18.625,18.53125,-38.0,20.0,10.0,0.0
24.27803,0x316,0.0,0.0,1.0,6.25,-0.66,-0.54,18.84375,18.71875,18.625,18.53125,-38.0,20.0,10.0,0.0
24.28515,0x220,0.0,0.0,1.0,6.25,-0.79,-0.37,18.84375,18.71875,18.625,18.53125,-38.0,20.0,10.0,0.0
24.28558,0x2B0,0.0,0.0,1.0,6.25,-0.79,-0.37,18.84375,18.71875,18.625,18.53125,-38.2,20.0,10.0,0.0
24.28778,0x316,0.0,0.0,1.0,6.25,-0.79,-0.37,18.84375,18.71875,18.625,18.53125,-38.2,20.0,10.0,0.0
24.29516,0x220,0.0,0.0,1.0,6.25,-0.88,-0.25,18.84375,18.71875,18.625,18.53125,-38.2,20.0,10.0,0.0
24.29581,0x2B0,0.0,0.0,1.0,6.25,-0.88,-0.25,18.84375,18.71875,18.625,18.53125,-38.4,20.0,10.0,0.0
24.29604,0x386,0.0,0.0,1.0,6.25,-0.88,-0.25,18.90625,18.84375,18.40625,18.53125,-38.4,20.0,10.0,0.0
24.29778,0x316,0.0,0.0,1.0,6.25,-0.88,-0.25,18.90625,18.84375,18.40625,18.53125,-38.4,20.0,10.0,0.0
24.30515,0x220,0.0,0.0,1.0,6.25,-0.96,-0.25,18.90625,18.84375,18.40625,18.53125,-38.4,20.0,10.0,0.0
24.30558,0x2B0,0.0,0.0,1.0,6.25,-0.96,-0.25,18.90625,18.84375,18.40625,18.53125,-38.5,12.0,10.0,0.0
24.30774,0x316,0.0,0.0,1.0,6.25,-0.96,-0.25,18.90625,18.84375,18.40625,18.53125,-38.5,12.0,10.0,0.0
24.31516,0x220,0.0,0.0,1.0,6.25,-1.07,-0.28,18.90625,18.84375,18.40625,18.53125,-38.5,12.0,10.0,0.0
24.31582,0x2B0,0.0,0.0,1.0,6.25,-1.07,-0.28,18.90625,18.84375,18.40625,18.53125,-38.7,12.0,10.0,0.0
24.31606,0x386,0.0,0.0,1.0,6.25,-1.07,-0.28,18.8125,18.71875,18.53125,18.28125,-38.7,12.0,10.0,0.0
24.31784,0x316,0.0,0.0,1.0,6.25,-1.07,-0.28,18.8125,18.71875,18.53125,18.28125,-38.7,12.0,10.0,0.0
24.32515,0x220,0.0,0.0,1.0,6.25,-1.17,-0.27,18.8125,18.71875,18.53125,18.28125,-38.7,12.0,10.0,0.0
24.32558,0x2B0,0.0,0.0,1.0,6.25,-1.17,-0.27,18.8125,18.71875,18.53125,18.28125,-38.9,20.0,10.0,0.0
24.3278,0x316,0.0,0.0,1.0,6.25,-1.17,-0.27,18.8125,18.71875,18.53125,18.28125,-38.9,20.0,10.0,0.0
24.33516,0x220,0.0,0.0,1.0,6.25,-1.27,-0.18,18.8125,18.71875,18.53125,18.28125,-38.9,20.0,10.0,0.0
24.33582,0x2B0,0.0,0.0,1.0,6.25,-1.27,-0.18,18.8125,18.71875,18.53125,18.28125,-39.0,12.0,10.0,0.0
24.33604,0x386,0.0,0.0,1.0,6.25,-1.27,-0.18,18.84375,18.75,18.40625,18.125,-39.0,12.0,10.0,0.0
24.33781,0x316,0.0,0.0,1.0,6.25,-1.27,-0.18,18.84375,18.75,18.40625,18.125,-39.0,12.0,10.0,0.0
24.34516,0x220,0.0,0.0,1.0,6.25,-1.41,-0.07,18.84375,18.75,18.40625,18.125,-39.0,12.0,10.0,0.0
24.34559,0x2B0,0.0,0.0,1.0,6.25,-1.41,-0.07,18.84375,18.75,18.40625,18.125,-39.2,12.0,10.0,0.0
24.34861,0x316,0.0,0.0,1.0,6.25,-1.41,-0.07,18.84375,18.75,18.40625,18.125,-39.2,12.0,10.0,0.0
24.35516,0x220,0.0,0.0,1.0,6.25,-1.51,-0.05,18.84375,18.75,18.40625,18.125,-39.2,12.0,10.0,0.0
24.35582,0x2B0,0.0,0.0,1.0,6.25,-1.51,-0.05,18.84375,18.75,18.40625,18.125,-39.2,8.0,10.0,0.0
24.35604,0x386,0.0,0.0,1.0,6.25,-1.51,-0.05,18.84375,18.71875,18.3125,18.3125,-39.2,8.0,10.0,0.0
24.3578,0x316,0.0,0.0,1.0,6.25,-1.51,-0.05,18.84375,18.71875,18.3125,18.3125,-39.2,8.0,10.0,0.0
24.36515,0x220,0.0,0.0,1.0,6.25,-1.55,-0.09,18.84375,18.71875,18.3125,18.3125,-39.2,8.0,10.0,0.0
24.36558,0x2B0,0.0,0.0,1.0,6.25,-1.55,-0.09,18.84375,18.71875,18.3125,18.3125,-39.3,0.0,10.0,0.0
24.36796,0x316,0.0,0.0,1.0,6.25,-1.55,-0.09,18.84375,18.71875,18.3125,18.3125,-39.3,0.0,10.0,0.0
24.37516,0x220,0.0,0.0,1.0,6.25,-1.57,-0.1,18.84375,18.71875,18.3125,18.3125,-39.3,0.0,10.0,0.0
24.37582,0x2B0,0.0,0.0,1.0,6.25,-1.57,-0.1,18.84375,18.71875,18.3125,18.3125,-39.3,0.0,10.0,0.0
24.37605,0x386,0.0,0.0,1.0,6.25,-1.57,-0.1,18.75,18.6875,18.4375,18.34375,-39.3,0.0,10.0,0.0
24.37792,0x316,0.0,0.0,1.0,6.25,-1.57,-0.1,18.75,18.6875,18.4375,18.34375,-39.3,0.0,12.0,0.0
24.38516,0x220,0.0,0.0,1.0,6.25,-1.53,-0.07,18.75,18.6875,18.4375,18.34375,-39.3,0.0,12.0,0.0
24.38559,0x2B0,0.0,0.0,1.0,6.25,-1.53,-0.07,18.75,18.6875,18.4375,18.34375,-39.4,0.0,12.0,0.0
24.38783,0x316,0.0,0.0,1.0,6.25,-1.53,-0.07,18.75,18.6875,18.4375,18.34375,-39.4,0.0,12.0,0.0
24.39515,0x220,0.0,0.0,1.0,6.25,-1.43,-0.04,18.75,18.6875,18.4375,18.34375,-39.4,0.0,12.0,0.0
24.39581,0x2B0,0.0,0.0,1.0,6.25,-1.43,-0.04,18.75,18.6875,18.4375,18.34375,-39.4,0.0,12.0,0.0
24.39604,0x386,0.0,0.0,1.0,6.25,-1.43,-0.04,18.75,18.4375,18.46875,18.3125,-39.4,0.0,12.0,0.0
24.39782,0x316,0.0,0.0,1.0,6.25,-1.43,-0.04,18.75,18.4375,18.46875,18.3125,-39.4,0.0,12.0,0.0
24.40516,0x220,0.0,0.0,1.0,6.25,-1.28,0.0,18.75,18.4375,18.46875,18.3125,-39.4,0.0,12.0,0.0
24.40559,0x2B0,0.0,0.0,1.0,6.25,-1.28,0.0,18.75,18.4375,18.46875,18.3125,-39.4,0.0,12.0,0.0
24.40778,0x316,0.0,0.0,1.0,6.25,-1.28,0.0,18.75,18.4375,18.46875,18.3125,-39.4,0.0,12.0,0.0
24.41516,0x220,0.0,0.0,1.0,6.25,-1.15,0.1,18.75,18.4375,18.46875,18.3125,-39.4,0.0,12.0,0.0
24.41581,0x2B0,0.0,0.0,1.0,6.25,-1.15,0.1,18.75,18.4375,18.46875,18.3125,-39.4,0.0,12.0,0.0
24.41605,0x386,0.0,0.0,1.0,6.25,-1.15,0.1,18.6875,18.75,18.4375,18.125,-39.4,0.0,12.0,0.0
24.41776,0x316,0.0,0.0,1.0,6.25,-1.15,0.1,18.6875,18.75,18.4375,18.125,-39.4,0.0,12.0,0.0
24.42516,0x220,0.0,0.0,1.0,6.25,-1.13,0.04,18.6875,18.75,18.4375,18.125,-39.4,0.0,12.0,0.0
24.42559,0x2B0,0.0,0.0,1.0,6.25,-1.13,0.04,18.6875,18.75,18.4375,18.125,-39.4,0.0,12.0,0.0
24.42779,0x316,0.0,0.0,1.0,6.25,-1.13,0.04,18.6875,18.75,18.4375,18.125,-39.4,0.0,10.0,0.0
24.43516,0x220,0.0,0.0,1.0,6.25,-1.21,-0.05,18.6875,18.75,18.4375,18.125,-39.4,0.0,10.0,0.0
24.43581,0x2B0,0.0,0.0,1.0,6.25,-1.21,-0.05,18.6875,18.75,18.4375,18.125,-39.4,0.0,10.0,0.0
24.43604,0x386,0.0,0.0,1.0,6.25,-1.21,-0.05,18.59375,18.5,18.4375,18.0,-39.4,0.0,10.0,0.0
24.43787,0x316,0.0,0.0,1.0,6.25,-1.21,-0.05,18.59375,18.5,18.4375,18.0,-39.4,0.0,10.0,0.0
24.44515,0x220,0.0,0.0,1.0,6.25,-1.28,-0.05,18.59375,18.5,18.4375,18.0,-39.4,0.0,10.0,0.0
24.4456,0x2B0,0.0,0.0,1.0,6.25,-1.28,-0.05,18.59375,18.5,18.4375,18.0,-39.4,0.0,10.0,0.0
24.44863,0x316,0.0,0.0,1.0,6.25,-1.28,-0.05,18.59375,18.5,18.4375,18.0,-39.4,0.0,10.0,0.0
24.45516,0x220,0.0,0.0,1.0,6.25,-1.27,0.03,18.59375,18.5,18.4375,18.0,-39.4,0.0,10.0,0.0
24.45582,0x2B0,0.0,0.0,1.0,6.25,-1.27,0.03,18.59375,18.5,18.4375,18.0,-39.4,0.0,10.0,0.0
24.45604,0x386,0.0,0.0,1.0,6.25,-1.27,0.03,18.8125,18.40625,18.375,18.28125,-39.4,0.0,10.0,0.0
24.45775,0x316,0.0,0.0,1.0,6.25,-1.27,0.03,18.8125,18.40625,18.375,18.28125,-39.4,0.0,10.0,0.0
24.46516,0x220,0.0,0.0,1.0,6.25,-1.23,0.04,18.8125,18.40625,18.375,18.28125,-39.4,0.0,10.0,0.0
24.4656,0x2B0,0.0,0.0,1.0,6.25,-1.23,0.04,18.8125,18.40625,18.375,18.28125,-39.4,0.0,10.0,0.0
24.46786,0x316,0.0,0.0,1.0,6.25,-1.23,0.04,18.8125,18.40625,18.375,18.28125,-39.4,0.0,10.0,0.0
24.47516,0x220,0.0,0.0,1.0,6.25,-1.24,-0.12,18.8125,18.40625,18.375,18.28125,-39.4,0.0,10.0,0.0
24.47581,0x2B0,0.0,0.0,1.0,6.25,-1.24,-0.12,18.8125,18.40625,18.375,18.28125,-39.4,0.0,10.0,0.0
24.47604,0x386,0.0,0.0,1.0,6.25,-1.24,-0.12,18.5625,18.40625,18.40625,18.25,-39.4,0.0,10.0,0.0
24.47795,0x316,0.0,0.0,1.0,6.25,-1.24,-0.12,18.5625,18.40625,18.40625,18.25,-39.4,0.0,10.0,0.0
24.48515,0x220,0.0,0.0,1.0,6.25,-1.36,-0.28,18.5625,18.40625,18.40625,18.25,-39.4,0.0,10.0,0.0
24.48562,0x2B0,0.0,0.0,1.0,6.25,-1.36,-0.28,18.5625,18.40625,18.40625,18.25,-39.4,0.0,10.0,0.0
24.48788,0x316,0.0,0.0,1.0,6.25,-1.36,-0.28,18.5625,18.40625,18.40625,18.25,-39.4,0.0,10.0,0.0
24.49515,0x220,0.0,0.0,1.0,6.25,-1.48,-0.08,18.5625,18.40625,18.40625,18.25,-39.4,0.0,10.0,0.0
24.49582,0x2B0,0.0,0.0,1.0,6.25,-1.48,-0.08,18.5625,18.40625,18.40625,18.25,-39.3,0.0,10.0,0.0
24.49604,0x386,0.0,0.0,1.0,6.25,-1.48,-0.08,18.65625,18.34375,18.25,18.03125,-39.3,0.0,10.0,0.0
24.49775,0x316,0.0,0.0,1.0,6.25,-1.48,-0.08,18.65625,18.34375,18.25,18.03125,-39.3,0.0,10.0,0.0
24.50515,0x220,0.0,0.0,1.0,6.25,-1.41,0.26,18.65625,18.34375,18.25,18.03125,-39.3,0.0,10.0,0.0
24.50562,0x2B0,0.0,0.0,1.0,6.25,-1.41,0.26,18.65625,18.34375,18.25,18.03125,-39.3,0.0,10.0,0.0
24.5078,0x316,0.0,0.0,1.0,6.25,-1.41,0.26,18.65625,18.34375,18.25,18.03125,-39.3,0.0,10.0,0.0
24.51517,0x220,0.0,0.0,1.0,6.25,-1.13,0.35,18.65625,18.34375,18.25,18.03125,-39.3,0.0,10.0,0.0
24.51582,0x2B0,0.0,0.0,1.0,6.25,-1.13,0.35,18.65625,18.34375,18.25,18.03125,-39.3,0.0,10.0,0.0
24.51604,0x386,0.0,0.0,1.0,6.25,-1.13,0.35,18.5625,18.34375,18.28125,18.125,-39.3,0.0,10.0,0.0
24.51777,0x316,0.0,0.0,1.0,6.25,-1.13,0.35,18.5625,18.34375,18.28125,18.125,-39.3,0.0,10.0,0.0
24.52515,0x220,0.0,0.0,1.0,6.25,-0.78,0.05,18.5625,18.34375,18.28125,18.125,-39.3,0.0,10.0,0.0
24.52563,0x2B0,0.0,0.0,1.0,6.25,-0.78,0.05,18.5625,18.34375,18.28125,18.125,-39.3,0.0,10.0,0.0
24.52786,0x316,0.0,0.0,1.0,6.25,-0.78,0.05,18.5625,18.34375,18.28125,18.125,-39.3,0.0,10.0,0.0
24.53515,0x220,0.0,0.0,1.0,6.25,-0.58,-0.26,18.5625,18.34375,18.28125,18.125,-39.3,0.0,10.0,0.0
24.53581,0x2B0,0.0,0.0,1.0,6.25,-0.58,-0.26,18.5625,18.34375,18.28125,18.125,-39.3,0.0,10.0,0.0
24.53604,0x386,0.0,0.0,1.0,6.25,-0.58,-0.26,18.59375,18.34375,18.15625,18.21875,-39.3,0.0,10.0,0.0
24.53781,0x316,0.0,0.0,1.0,6.25,-0.58,-0.26,18.59375,18.34375,18.15625,18.21875,-39.3,0.0,10.0,0.0
24.54515,0x220,0.0,0.0,1.0,6.25,-0.58,-0.26,18.59375,18.34375,18.15625,18.21875,-39.3,0.0,10.0,0.0
24.54564,0x2B0,0.0,0.0,1.0,6.25,-0.58,-0.26,18.59375,18.34375,18.15625,18.21875,-39.3,0.0,10.0,0.0
24.54836,0x316,0.0,0.0,1.0,6.25,-0.58,-0.26,18.59375,18.34375,18.15625,18.21875,-39.3,0.0,10.0,0.0
24.55516,0x220,0.0,0.0,1.0,6.25,-0.74,-0.01,18.59375,18.34375,18.15625,18.21875,-39.3,0.0,10.0,0.0
24.55582,0x2B0,0.0,0.0,1.0,6.25,-0.74,-0.01,18.59375,18.34375,18.15625,18.21875,-39.3,0.0,10.0,0.0
24.55605,0x386,0.0,0.0,1.0,6.25,-0.74,-0.01,18.5625,18.28125,18.09375,17.9375,-39.3,0.0,10.0,0.0
24.55777,0x316,0.0,0.0,1.0,6.25,-0.74,-0.01,18.5625,18.28125,18.09375,17.9375,-39.3,0.0,10.0,0.0
24.56516,0x220,0.0,0.0,1.0,6.25,-0.96,0.1,18.5625,18.28125,18.09375,17.9375,-39.3,0.0,10.0,0.0
24.56564,0x2B0,0.0,0.0,1.0,6.25,-0.96,0.1,18.5625,18.28125,18.09375,17.9375,-39.3,0.0,10.0,0.0
24.56796,0x316,0.0,0.0,1.0,6.25,-0.96,0.1,18.5625,18.28125,18.09375,17.9375,-39.3,0.0,10.0,0.0
24.57516,0x220,0.0,0.0,1.0,6.25,-1.08,-0.02,18.5625,18.28125,18.09375,17.9375,-39.3,0.0,10.0,0.0
24.57582,0x2B0,0.0,0.0,1.0,6.25,-1.08,-0.02,18.5625,18.28125,18.09375,17.9375,-39.3,0.0,10.0,0.0
24.57606,0x386,0.0,0.0,1.0,6.25,-1.08,-0.02,18.40625,18.34375,17.9375,18.03125,-39.3,0.0,10.0,0.0
24.57791,0x316,0.0,0.0,1.0,6.25,-1.08,-0.02,18.40625,18.34375,17.9375,18.03125,-39.3,0.0,10.0,0.0
24.58515,0x220,0.0,0.0,1.0,6.25,-1.06,-0.27,18.40625,18.34375,17.9375,18.03125,-39.3,0.0,10.0,0.0
24.58565,0x2B0,0.0,0.0,1.0,6.25,-1.06,-0.27,18.40625,18.34375,17.9375,18.03125,-39.6,12.0,10.0,0.0
24.58784,0x316,0.0,0.0,1.0,6.25,-1.06,-0.27,18.40625,18.34375,17.9375,18.03125,-39.6,12.0,10.0,0.0
24.59515,0x220,0.0,0.0,1.0,6.25,-0.89,-0.39,18.40625,18.34375,17.9375,18.03125,-39.6,12.0,10.0,0.0
24.59582,0x2B0,0.0,0.0,1.0,6.25,-0.89,-0.39,18.40625,18.34375,17.9375,18.03125,-39.6,12.0,10.0,0.0
24.59605,0x386,0.0,0.0,1.0,6.25,-0.89,-0.39,18.5,18.3125,17.84375,18.09375,-39.6,12.0,10.0,0.0
24.59777,0x316,0.0,0.0,1.0,6.25,-0.89,-0.39,18.5,18.3125,17.84375,18.09375,-39.6,12.0,10.0,0.0
24.60515,0x220,0.0,0.0,1.0,6.25,-0.7,-0.31,18.5,18.3125,17.84375,18.09375,-39.6,12.0,10.0,0.0
24.60565,0x2B0,0.0,0.0,1.0,6.25,-0.7,-0.31,18.5,18.3125,17.84375,18.09375,-40.0,20.0,10.0,0.0
24.6079,0x316,0.0,0.0,1.0,6.25,-0.7,-0.31,18.5,18.3125,17.84375,18.09375,-40.0,20.0,10.0,0.0
24.61515,0x220,0.0,0.0,1.0,6.25,-0.58,-0.15,18.5,18.3125,17.84375,18.09375,-40.0,20.0,10.0,0.0
24.61581,0x2B0,0.0,0.0,1.0,6.25,-0.58,-0.15,18.5,18.3125,17.84375,18.09375,-40.2,28.0,10.0,0.0
24.61604,0x386,0.0,0.0,1.0,6.25,-0.58,-0.15,18.34375,18.28125,18.03125,17.96875,-40.2,28.0,10.0,0.0
24.61775,0x316,0.0,0.0,1.0,6.25,-0.58,-0.15,18.34375,18.28125,18.03125,17.96875,-40.2,28.0,12.0,0.0
24.62515,0x220,0.0,0.0,1.0,6.25,-0.55,-0.03,18.34375,18.28125,18.03125,17.96875,-40.2,28.0,12.0,0.0
24.62566,0x2B0,0.0,0.0,1.0,6.25,-0.55,-0.03,18.34375,18.28125,18.03125,17.96875,-40.5,24.0,12.0,0.0
24.6278,0x316,0.0,0.0,1.0,6.25,-0.55,-0.03,18.34375,18.28125,18.03125,17.96875,-40.5,24.0,12.0,0.0
24.63515,0x220,0.0,0.0,1.0,6.25,-0.62,-0.04,18.34375,18.28125,18.03125,17.96875,-40.5,24.0,12.0,0.0
24.63581,0x2B0,0.0,0.0,1.0,6.25,-0.62,-0.04,18.34375,18.28125,18.03125,17.96875,-40.9,32.0,12.0,0.0
24.63604,0x386,0.0,0.0,1.0,6.25,-0.62,-0.04,18.40625,18.28125,18.0,17.90625,-40.9,32.0,12.0,0.0
24.63783,0x316,0.0,0.0,1.0,6.25,-0.62,-0.04,18.40625,18.28125,18.0,17.90625,-40.9,32.0,12.0,0.0
24.64517,0x220,0.0,0.0,1.0,6.25,-0.65,-0.17,18.40625,18.28125,18.0,17.90625,-40.9,32.0,12.0,0.0
24.64567,0x2B0,0.0,0.0,1.0,6.25,-0.65,-0.17,18.40625,18.28125,18.0,17.90625,-41.3,40.0,12.0,0.0
24.6486,0x316,0.0,0.0,1.0,6.25,-0.65,-0.17,18.40625,18.28125,18.0,17.90625,-41.3,40.0,12.0,0.0
24.65515,0x220,0.0,0.0,1.0,6.25,-0.57,-0.39,18.40625,18.28125,18.0,17.90625,-41.3,40.0,12.0,0.0
24.65581,0x2B0,0.0,0.0,1.0,6.25,-0.57,-0.39,18.40625,18.28125,18.0,17.90625,-41.7,40.0,12.0,0.0
24.65604,0x386,0.0,0.0,1.0,6.25,-0.57,-0.39,18.375,18.25,17.9375,17.96875,-41.7,40.0,12.0,0.0
24.65777,0x316,0.0,0.0,1.0,6.25,-0.57,-0.39,18.375,18.25,17.9375,17.96875,-41.7,40.0,12.0,0.0
24.66516,0x220,0.0,0.0,1.0,6.25,-0.53,-0.57,18.375,18.25,17.9375,17.96875,-41.7,40.0,12.0,0.0
24.66567,0x2B0,0.0,0.0,1.0,6.25,-0.53,-0.57,18.375,18.25,17.9375,17.96875,-42.2,44.0,12.0,0.0
24.66789,0x316,0.0,0.0,1.0,6.25,-0.53,-0.57,18.375,18.25,17.9375,17.96875,-42.2,44.0,12.0,0.0
24.67516,0x220,0.0,0.0,1.0,6.25,-0.62,-0.6,18.375,18.25,17.9375,17.96875,-42.2,44.0,12.0,0.0
24.67581,0x2B0,0.0,0.0,1.0,6.25,-0.62,-0.6,18.375,18.25,17.9375,17.96875,-42.6,44.0,12.0,0.0
24.67605,0x386,0.0,0.0,1.0,6.25,-0.62,-0.6,18.3125,18.21875,18.03125,17.875,-42.6,44.0,12.0,0.0
24.67792,0x316,0.0,0.0,1.0,6.25,-0.62,-0.6,18.3125,18.21875,18.03125,17.875,-42.6,44.0,12.0,0.0
24.68515,0x220,0.0,0.0,1.0,6.25,-0.75,-0.45,18.3125,18.21875,18.03125,17.875,-42.6,44.0,12.0,0.0
24.68568,0x2B0,0.0,0.0,1.0,6.25,-0.75,-0.45,18.3125,18.21875,18.03125,17.875,-43.1,44.0,12.0,0.0
24.6879,0x316,0.0,0.0,1.0,6.25,-0.75,-0.45,18.3125,18.21875,18.03125,17.875,-43.1,44.0,12.0,0.0
24.69515,0x220,0.0,0.0,1.0,6.25,-0.87,-0.3,18.3125,18.21875,18.03125,17.875,-43.1,44.0,12.0,0.0
24.6958,0x2B0,0.0,0.0,1.0,6.25,-0.87,-0.3,18.3125,18.21875,18.03125,17.875,-43.6,48.0,12.0,0.0
24.69603,0x386,0.0,0.0,1.0,6.25,-0.87,-0.3,18.3125,18.21875,17.8125,17.875,-43.6,48.0,12.0,0.0
24.69782,0x316,0.0,0.0,1.0,6.25,-0.87,-0.3,18.3125,18.21875,17.8125,17.875,-43.6,48.0,12.0,0.0
24.70515,0x220,0.0,0.0,1.0,6.25,-0.9,-0.31,18.3125,18.21875,17.8125,17.875,-43.6,48.0,12.0,0.0
24.70569,0x2B0,0.0,0.0,1.0,6.25,-0.9,-0.31,18.3125,18.21875,17.8125,17.875,-44.2,52.0,12.0,0.0
24.7078,0x316,0.0,0.0,1.0,6.25,-0.9,-0.31,18.3125,18.21875,17.8125,17.875,-44.2,52.0,15.0,0.0
24.71515,0x220,0.0,0.0,1.0,6.25,-0.81,-0.45,18.3125,18.21875,17.8125,17.875,-44.2,52.0,15.0,0.0
24.71581,0x2B0,0.0,0.0,1.0,6.25,-0.81,-0.45,18.3125,18.21875,17.8125,17.875,-44.8,60.0,15.0,0.0
24.71604,0x386,0.0,0.0,1.0,6.25,-0.81,-0.45,18.3125,18.21875,18.0,17.6875,-44.8,60.0,15.0,0.0
24.71778,0x316,0.0,0.0,1.0,6.25,-0.81,-0.45,18.3125,18.21875,18.0,17.6875,-44.8,60.0,15.0,0.0
24.72515,0x220,0.0,0.0,1.0,6.25,-0.65,-0.56,18.3125,18.21875,18.0,17.6875,-44.8,60.0,15.0,0.0
24.72545,0x2B0,0.0,0.0,1.0,6.25,-0.65,-0.56,18.3125,18.21875,18.0,17.6875,-45.5,64.0,15.0,0.0
24.72791,0x316,0.0,0.0,1.0,6.25,-0.65,-0.56,18.3125,18.21875,18.0,17.6875,-45.5,64.0,15.0,0.0
24.73514,0x220,0.0,0.0,1.0,6.25,-0.53,-0.55,18.3125,18.21875,18.0,17.6875,-45.5,64.0,15.0,0.0
24.7358,0x2B0,0.0,0.0,1.0,6.25,-0.53,-0.55,18.3125,18.21875,18.0,17.6875,-46.1,64.0,15.0,0.0
24.73603,0x386,0.0,0.0,1.0,6.25,-0.53,-0.55,18.34375,18.15625,18.0,17.75,-46.1,64.0,15.0,0.0
24.73794,0x316,0.0,0.0,1.0,6.25,-0.53,-0.55,18.34375,18.15625,18.0,17.75,-46.1,64.0,17.0,0.0
24.74516,0x220,0.0,0.0,1.0,6.25,-0.53,-0.47,18.34375,18.15625,18.0,17.75,-46.1,64.0,17.0,0.0
24.7457,0x2B0,0.0,0.0,1.0,6.25,-0.53,-0.47,18.34375,18.15625,18.0,17.75,-46.9,68.0,17.0,0.0
24.7485,0x316,0.0,0.0,1.0,6.25,-0.53,-0.47,18.34375,18.15625,18.0,17.75,-46.9,68.0,17.0,0.0
24.75516,0x220,0.0,0.0,1.0,6.25,-0.67,-0.42,18.34375,18.15625,18.0,17.75,-46.9,68.0,17.0,0.0
24.75582,0x2B0,0.0,0.0,1.0,6.25,-0.67,-0.42,18.34375,18.15625,18.0,17.75,-47.6,72.0,17.0,0.0
24.75605,0x386,0.0,0.0,1.0,6.25,-0.67,-0.42,18.3125,18.1875,17.96875,17.71875,-47.6,72.0,17.0,0.0
24.75777,0x316,0.0,0.0,1.0,6.25,-0.67,-0.42,18.3125,18.1875,17.96875,17.71875,-47.6,72.0,17.0,0.0
24.76515,0x220,0.0,0.0,1.0,6.25,-0.87,-0.49,18.3125,18.1875,17.96875,17.71875,-47.6,72.0,17.0,0.0
24.76571,0x2B0,0.0,0.0,1.0,6.25,-0.87,-0.49,18.3125,18.1875,17.96875,17.71875,-48.4,72.0,17.0,0.0
24.76794,0x316,0.0,0.0,1.0,6.25,-0.87,-0.49,18.3125,18.1875,17.96875,17.71875,-48.4,72.0,17.0,0.0
24.77516,0x220,0.0,0.0,1.0,6.25,-1.03,-0.62,18.3125,18.1875,17.96875,17.71875,-48.4,72.0,17.0,0.0
24.77582,0x2B0,0.0,0.0,1.0,6.25,-1.03,-0.62,18.3125,18.1875,17.96875,17.71875,-49.1,72.0,17.0,0.0
24.77605,0x386,0.0,0.0,1.0,6.25,-1.03,-0.62,18.34375,18.1875,18.03125,17.90625,-49.1,72.0,17.0,0.0
24.77798,0x316,0.0,0.0,1.0,6.25,-1.03,-0.62,18.34375,18.1875,18.03125,17.90625,-49.1,72.0,17.0,0.0
24.78515,0x220,0.0,0.0,1.0,6.25,-1.13,-0.65,18.34375,18.1875,18.03125,17.90625,-49.1,72.0,17.0,0.0
24.78547,0x2B0,0.0,0.0,1.0,6.25,-1.13,-0.65,18.34375,18.1875,18.03125,17.90625,-49.9,72.0,17.0,0.0
24.78785,0x316,0.0,0.0,1.0,6.25,-1.13,-0.65,18.34375,18.1875,18.03125,17.90625,-49.9,72.0,17.0,0.0
24.79516,0x220,0.0,0.0,1.0,6.25,-1.13,-0.56,18.34375,18.1875,18.03125,17.90625,-49.9,72.0,17.0,0.0
24.79581,0x2B0,0.0,0.0,1.0,6.25,-1.13,-0.56,18.34375,18.1875,18.03125,17.90625,-50.8,84.0,17.0,0.0
24.79604,0x386,0.0,0.0,1.0,6.25,-1.13,-0.56,18.34375,18.125,17.96875,17.78125,-50.8,84.0,17.0,0.0
24.79777,0x316,0.0,0.0,1.0,6.25,-1.13,-0.56,18.34375,18.125,17.96875,17.78125,-50.8,84.0,17.0,0.0
24.80515,0x220,0.0,0.0,1.0,6.25,-1.1,-0.45,18.34375,18.125,17.96875,17.78125,-50.8,84.0,17.0,0.0
24.80547,0x2B0,0.0,0.0,1.0,6.25,-1.1,-0.45,18.34375,18.125,17.96875,17.78125,-51.6,84.0,17.0,0.0
24.80787,0x316,0.0,0.0,1.0,6.25,-1.1,-0.45,18.34375,18.125,17.96875,17.78125,-51.6,84.0,17.0,0.0
24.81516,0x220,0.0,0.0,1.0,6.25,-1.07,-0.39,18.34375,18.125,17.96875,17.78125,-51.6,84.0,17.0,0.0
24.81582,0x2B0,0.0,0.0,1.0,6.25,-1.07,-0.39,18.34375,18.125,17.96875,17.78125,-52.3,72.0,17.0,0.0
24.81605,0x386,0.0,0.0,1.0,6.25,-1.07,-0.39,18.34375,18.0625,18.0625,17.6875,-52.3,72.0,17.0,0.0
24.81784,0x316,0.0,0.0,1.0,6.25,-1.07,-0.39,18.34375,18.0625,18.0625,17.6875,-52.3,72.0,17.0,0.0
24.82516,0x220,0.0,0.0,1.0,6.25,-1.14,-0.4,18.34375,18.0625,18.0625,17.6875,-52.3,72.0,17.0,0.0
24.82546,0x2B0,0.0,0.0,1.0,6.25,-1.14,-0.4,18.34375,18.0625,18.0625,17.6875,-53.2,80.0,17.0,0.0
24.82784,0x316,0.0,0.0,1.0,6.25,-1.14,-0.4,18.34375,18.0625,18.0625,17.6875,-53.2,80.0,17.0,0.0
24.83516,0x220,0.0,0.0,1.0,6.25,-1.28,-0.44,18.34375,18.0625,18.0625,17.6875,-53.2,80.0,17.0,0.0
24.83582,0x2B0,0.0,0.0,1.0,6.25,-1.28,-0.44,18.34375,18.0625,18.0625,17.6875,-54.1,88.0,17.0,0.0
24.83604,0x386,0.0,0.0,1.0,6.25,-1.28,-0.44,18.4375,18.03125,17.875,17.78125,-54.1,88.0,17.0,0.0
24.83782,0x316,0.0,0.0,1.0,6.25,-1.28,-0.44,18.4375,18.03125,17.875,17.78125,-54.1,88.0,17.0,0.0
24.84516,0x220,0.0,0.0,1.0,6.25,-1.41,-0.47,18.4375,18.03125,17.875,17.78125,-54.1,88.0,17.0,0.0
24.84544,0x2B0,0.0,0.0,1.0,6.25,-1.41,-0.47,18.4375,18.03125,17.875,17.78125,-54.9,84.0,17.0,0.0
24.84878,0x316,0.0,0.0,1.0,6.25,-1.41,-0.47,18.4375,18.03125,17.875,17.78125,-54.9,84.0,17.0,0.0
24.85516,0x220,0.0,0.0,1.0,6.25,-1.53,-0.51,18.4375,18.03125,17.875,17.78125,-54.9,84.0,17.0,0.0
24.85581,0x2B0,0.0,0.0,1.0,6.25,-1.53,-0.51,18.4375,18.03125,17.875,17.78125,-55.9,88.0,17.0,0.0
24.85605,0x386,0.0,0.0,1.0,6.25,-1.53,-0.51,18.625,18.875,17.84375,17.71875,-55.9,88.0,17.0,0.0
24.85793,0x316,0.0,0.0,1.0,6.25,-1.53,-0.51,18.625,18.875,17.84375,17.71875,-55.9,88.0,17.0,0.0
24.86515,0x220,0.0,0.0,1.0,6.25,-1.6,-0.53,18.625,18.875,17.84375,17.71875,-55.9,88.0,17.0,0.0
24.86546,0x2B0,0.0,0.0,1.0,6.25,-1.6,-0.53,18.625,18.875,17.84375,17.71875,-56.8,92.0,17.0,0.0
24.86787,0x316,0.0,0.0,1.0,6.25,-1.6,-0.53,18.625,18.875,17.84375,17.71875,-56.8,92.0,17.0,0.0
24.87516,0x220,0.0,0.0,1.0,6.25,-1.69,-0.49,18.625,18.875,17.84375,17.71875,-56.8,92.0,17.0,0.0
24.87581,0x2B0,0.0,0.0,1.0,6.25,-1.69,-0.49,18.625,18.875,17.84375,17.71875,-57.7,88.0,17.0,0.0
24.87604,0x386,0.0,0.0,1.0,6.25,-1.69,-0.49,19.125,17.96875,17.90625,17.75,-57.7,88.0,17.0,0.0
24.87793,0x316,0.0,0.0,1.0,6.25,-1.69,-0.49,19.125,17.96875,17.90625,17.75,-57.7,88.0,17.0,0.0
24.88515,0x220,0.0,0.0,1.0,6.25,-1.74,-0.4,19.125,17.96875,17.90625,17.75,-57.7,88.0,17.0,0.0
24.88544,0x2B0,0.0,0.0,1.0,6.25,-1.74,-0.4,19.125,17.96875,17.90625,17.75,-58.6,88.0,17.0,0.0
24.88792,0x316,0.0,0.0,1.0,6.25,-1.74,-0.4,19.125,17.96875,17.90625,17.75,-58.6,88.0,17.0,0.0
24.89515,0x220,0.0,0.0,1.0,6.25,-1.76,-0.32,19.125,17.96875,17.90625,17.75,-58.6,88.0,17.0,0.0
24.89581,0x2B0,0.0,0.0,1.0,6.25,-1.76,-0.32,19.125,17.96875,17.90625,17.75,-59.6,92.0,17.0,0.0
24.89604,0x386,0.0,0.0,1.0,6.25,-1.76,-0.32,18.34375,18.0,17.8125,17.84375,-59.6,92.0,17.0,0.0
24.89781,0x316,0.0,0.0,1.0,6.25,-1.76,-0.32,18.34375,18.0,17.8125,17.84375,-59.6,92.0,17.0,0.0
24.90514,0x220,0.0,0.0,1.0,6.25,-1.74,-0.29,18.34375,18.0,17.8125,17.84375,-59.6,92.0,17.0,0.0
24.90543,0x2B0,0.0,0.0,1.0,6.25,-1.74,-0.29,18.34375,18.0,17.8125,17.84375,-60.6,100.0,17.0,0.0
24.90783,0x316,0.0,0.0,1.0,6.25,-1.74,-0.29,18.34375,18.0,17.8125,17.84375,-60.6,100.0,17.0,0.0
24.91515,0x220,0.0,0.0,1.0,6.25,-1.7,-0.35,18.34375,18.0,17.8125,17.84375,-60.6,100.0,17.0,0.0
24.91581,0x2B0,0.0,0.0,1.0,6.25,-1.7,-0.35,18.34375,18.0,17.8125,17.84375,-61.6,100.0,17.0,0.0
24.91604,0x386,0.0,0.0,1.0,6.25,-1.7,-0.35,18.3125,17.9375,17.8125,17.71875,-61.6,100.0,17.0,0.0
24.91777,0x316,0.0,0.0,1.0,6.25,-1.7,-0.35,18.3125,17.9375,17.8125,17.71875,-61.6,100.0,17.0,0.0
24.92516,0x220,0.0,0.0,1.0,6.25,-1.67,-0.44,18.3125,17.9375,17.8125,17.71875,-61.6,100.0,17.0,0.0
24.92546,0x2B0,0.0,0.0,1.0,6.25,-1.67,-0.44,18.3125,17.9375,17.8125,17.71875,-62.6,100.0,17.0,0.0
24.92785,0x316,0.0,0.0,1.0,6.25,-1.67,-0.44,18.3125,17.9375,17.8125,17.71875,-62.6,100.0,17.0,0.0
24.93515,0x220,0.0,0.0,1.0,6.25,-1.72,-0.46,18.3125,17.9375,17.8125,17.71875,-62.6,100.0,17.0,0.0
24.9358,0x2B0,0.0,0.0,1.0,6.25,-1.72,-0.46,18.3125,17.9375,17.8125,17.71875,-63.7,104.0,17.0,0.0
24.93603,0x386,0.0,0.0,1.0,6.25,-1.72,-0.46,18.34375,17.9375,17.75,17.65625,-63.7,104.0,17.0,0.0
24.93786,0x316,0.0,0.0,1.0,6.25,-1.72,-0.46,18.34375,17.9375,17.75,17.65625,-63.7,104.0,17.0,0.0
24.94516,0x220,0.0,0.0,1.0,6.25,-1.82,-0.43,18.34375,17.9375,17.75,17.65625,-63.7,104.0,17.0,0.0
24.94542,0x2B0,0.0,0.0,1.0,6.25,-1.82,-0.43,18.34375,17.9375,17.75,17.65625,-64.9,112.0,17.0,0.0
24.94857,0x316,0.0,0.0,1.0,6.25,-1.82,-0.43,18.34375,17.9375,17.75,17.65625,-64.9,112.0,17.0,0.0
24.95515,0x220,0.0,0.0,1.0,6.25,-1.88,-0.44,18.34375,17.9375,17.75,17.65625,-64.9,112.0,17.0,0.0
24.95581,0x2B0,0.0,0.0,1.0,6.25,-1.88,-0.44,18.34375,17.9375,17.75,17.65625,-66.0,112.0,17.0,0.0
24.95604,0x386,0.0,0.0,1.0,6.25,-1.88,-0.44,18.28125,18.0,17.71875,17.65625,-66.0,112.0,17.0,0.0
24.95777,0x316,0.0,0.0,1.0,6.25,-1.88,-0.44,18.28125,18.0,17.71875,17.65625,-66.0,112.0,17.0,0.0
24.96516,0x220,0.0,0.0,1.0,6.25,-1.9,-0.51,18.28125,18.0,17.71875,17.65625,-66.0,112.0,17.0,0.0
24.96547,0x2B0,0.0,0.0,1.0,6.25,-1.9,-0.51,18.28125,18.0,17.71875,17.65625,-67.2,112.0,17.0,0.0
24.96794,0x316,0.0,0.0,1.0,6.25,-1.9,-0.51,18.28125,18.0,17.71875,17.65625,-67.2,112.0,17.0,0.0
24.97516,0x220,0.0,0.0,1.0,6.25,-1.9,-0.6,18.28125,18.0,17.71875,17.65625,-67.2,112.0,17.0,0.0
24.97581,0x2B0,0.0,0.0,1.0,6.25,-1.9,-0.6,18.28125,18.0,17.71875,17.65625,-68.3,112.0,17.0,0.0
24.97603,0x386,0.0,0.0,1.0,6.25,-1.9,-0.6,18.125,18.15625,17.53125,17.59375,-68.3,112.0,17.0,0.0
24.978,0x316,0.0,0.0,1.0,6.25,-1.9,-0.6,18.125,18.15625,17.53125,17.59375,-68.3,112.0,20.0,0.0
24.98515,0x220,0.0,0.0,1.0,6.25,-1.87,-0.68,18.125,18.15625,17.53125,17.59375,-68.3,112.0,20.0,0.0
24.98545,0x2B0,0.0,0.0,1.0,6.25,-1.87,-0.68,18.125,18.15625,17.53125,17.59375,-69.5,112.0,20.0,0.0
24.98775,0x316,0.0,0.0,1.0,6.25,-1.87,-0.68,18.125,18.15625,17.53125,17.59375,-69.5,112.0,20.0,0.0
24.99516,0x220,0.0,0.0,1.0,6.25,-1.85,-0.72,18.125,18.15625,17.53125,17.59375,-69.5,112.0,20.0,0.0
24.99557,0x2B0,0.0,0.0,1.0,6.25,-1.85,-0.72,18.125,18.15625,17.53125,17.59375,-70.8,124.0,20.0,0.0
24.99604,0x386,0.0,0.0,1.0,6.25,-1.85,-0.72,18.34375,17.875,17.875,17.46875,-70.8,124.0,20.0,0.0
24.99775,0x316,0.0,0.0,1.0,6.25,-1.85,-0.72,18.34375,17.875,17.875,17.46875,-70.8,124.0,20.0,0.0
25.00515,0x220,0.0,0.0,1.0,6.25,-1.82,-0.74,18.34375,17.875,17.875,17.46875,-70.8,124.0,20.0,0.0
25.00544,0x2B0,0.0,0.0,1.0,6.25,-1.82,-0.74,18.34375,17.875,17.875,17.46875,-72.0,124.0,20.0,0.0
25.00787,0x316,0.0,0.0,1.0,6.25,-1.82,-0.74,18.34375,17.875,17.875,17.46875,-72.0,124.0,20.0,0.0
25.01515,0x220,0.0,0.0,1.0,6.25,-1.87,-0.79,18.34375,17.875,17.875,17.46875,-72.0,124.0,20.0,0.0
25.01557,0x2B0,0.0,0.0,1.0,6.25,-1.87,-0.79,18.34375,17.875,17.875,17.46875,-73.4,128.0,20.0,0.0
25.01603,0x386,0.0,0.0,1.0,6.25,-1.87,-0.79,18.125,17.78125,17.625,17.3125,-73.4,128.0,20.0,0.0
25.01779,0x316,0.0,0.0,1.0,6.25,-1.87,-0.79,18.125,17.78125,17.625,17.3125,-73.4,128.0,20.0,0.0
25.02515,0x220,0.0,0.0,1.0,6.25,-1.93,-0.9,18.125,17.78125,17.625,17.3125,-73.4,128.0,20.0,0.0
25.02546,0x2B0,0.0,0.0,1.0,6.25,-1.93,-0.9,18.125,17.78125,17.625,17.3125,-74.6,128.0,20.0,0.0
25.02772,0x316,0.0,0.0,1.0,6.25,-1.93,-0.9,18.125,17.78125,17.625,17.3125,-74.6,128.0,20.0,0.0
25.03515,0x220,0.0,0.0,1.0,6.25,-1.98,-1.01,18.125,17.78125,17.625,17.3125,-74.6,128.0,20.0,0.0
25.03557,0x2B0,0.0,0.0,1.0,6.25,-1.98,-1.01,18.125,17.78125,17.625,17.3125,-75.9,124.0,20.0,0.0
25.03603,0x386,0.0,0.0,1.0,6.25,-1.98,-1.01,17.71875,17.8125,17.6875,17.875,-75.9,124.0,20.0,0.0
25.03779,0x316,0.0,0.0,1.0,6.25,-1.98,-1.01,17.71875,17.8125,17.6875,17.875,-75.9,124.0,17.0,0.0
25.04516,0x220,0.0,0.0,1.0,6.25,-2.05,-1.05,17.71875,17.8125,17.6875,17.875,-75.9,124.0,17.0,0.0
25.04545,0x2B0,0.0,0.0,1.0,6.25,-2.05,-1.05,17.71875,17.8125,17.6875,17.875,-77.4,140.0,17.0,0.0
25.04872,0x316,0.0,0.0,1.0,6.25,-2.05,-1.05,17.71875,17.8125,17.6875,17.875,-77.4,140.0,15.0,0.0
25.05516,0x220,0.0,0.0,1.0,6.25,-2.17,-1.0,17.71875,17.8125,17.6875,17.875,-77.4,140.0,15.0,0.0
25.05557,0x2B0,0.0,0.0,1.0,6.25,-2.17,-1.0,17.71875,17.8125,17.6875,17.875,-78.8,144.0,15.0,0.0
25.05604,0x386,0.0,0.0,1.0,6.25,-2.17,-1.0,18.1875,17.84375,17.90625,17.6875,-78.8,144.0,15.0,0.0
25.05779,0x316,0.0,0.0,1.0,6.25,-2.17,-1.0,18.1875,17.84375,17.90625,17.6875,-78.8,144.0,15.0,0.0
25.06515,0x220,0.0,0.0,1.0,6.25,-2.32,-0.85,18.1875,17.84375,17.90625,17.6875,-78.8,144.0,15.0,0.0
25.06543,0x2B0,0.0,0.0,1.0,6.25,-2.32,-0.85,18.1875,17.84375,17.90625,17.6875,-80.2,140.0,15.0,0.0
25.06785,0x316,0.0,0.0,1.0,6.25,-2.32,-0.85,18.1875,17.84375,17.90625,17.6875,-80.2,140.0,10.0,0.0
25.07516,0x220,0.0,0.0,1.0,6.25,-2.46,-0.75,18.1875,17.84375,17.90625,17.6875,-80.2,140.0,10.0,0.0
25.07557,0x2B0,0.0,0.0,1.0,6.25,-2.46,-0.75,18.1875,17.84375,17.90625,17.6875,-81.7,144.0,10.0,0.0
25.07604,0x386,0.0,0.0,1.0,6.25,-2.46,-0.75,18.125,17.8125,17.78125,17.4375,-81.7,144.0,10.0,0.0
25.0779,0x316,0.0,0.0,1.0,6.25,-2.46,-0.75,18.125,17.8125,17.78125,17.4375,-81.7,144.0,7.0,0.0
25.08515,0x220,0.0,0.0,1.0,6.25,-2.57,-0.79,18.125,17.8125,17.78125,17.4375,-81.7,144.0,7.0,0.0
25.08544,0x2B0,0.0,0.0,1.0,6.25,-2.57,-0.79,18.125,17.8125,17.78125,17.4375,-83.2,148.0,7.0,0.0
25.08785,0x316,0.0,0.0,1.0,6.25,-2.57,-0.79,18.125,17.8125,17.78125,17.4375,-83.2,148.0,7.0,0.0
25.09515,0x220,0.0,0.0,1.0,6.25,-2.63,-0.86,18.125,17.8125,17.78125,17.4375,-83.2,148.0,7.0,0.0
25.09557,0x2B0,0.0,0.0,1.0,6.25,-2.63,-0.86,18.125,17.8125,17.78125,17.4375,-84.6,144.0,7.0,0.0
25.09603,0x386,0.0,0.0,1.0,6.25,-2.63,-0.86,18.09375,17.8125,17.84375,17.53125,-84.6,144.0,7.0,0.0
25.09782,0x316,0.0,0.0,1.0,6.25,-2.63,-0.86,18.09375,17.8125,17.84375,17.53125,-84.6,144.0,7.0,0.0
25.10515,0x220,0.0,0.0,1.0,6.25,-2.75,-0.96,18.09375,17.8125,17.84375,17.53125,-84.6,144.0,7.0,0.0
25.10543,0x2B0,0.0,0.0,1.0,6.25,-2.75,-0.96,18.09375,17.8125,17.84375,17.53125,-86.2,148.0,7.0,0.0
25.10779,0x316,0.0,0.0,1.0,6.25,-2.75,-0.96,18.09375,17.8125,17.84375,17.53125,-86.2,148.0,7.0,0.0
25.11515,0x220,0.0,0.0,1.0,6.25,-2.93,-1.08,18.09375,17.8125,17.84375,17.53125,-86.2,148.0,7.0,0.0
25.11556,0x2B0,0.0,0.0,1.0,6.25,-2.93,-1.08,18.09375,17.8125,17.84375,17.53125,-87.7,152.0,7.0,0.0
25.11602,0x386,0.0,0.0,1.0,6.25,-2.93,-1.08,18.125,17.78125,17.84375,17.46875,-87.7,152.0,7.0,0.0
25.11777,0x316,0.0,0.0,1.0,6.25,-2.93,-1.08,18.125,17.78125,17.84375,17.46875,-87.7,152.0,7.0,0.0
25.12515,0x220,0.0,0.0,1.0,6.25,-3.1,-1.03,18.125,17.78125,17.84375,17.46875,-87.7,152.0,7.0,0.0
25.12542,0x2B0,0.0,0.0,1.0,6.25,-3.1,-1.03,18.125,17.78125,17.84375,17.46875,-89.2,148.0,7.0,0.0
25.12784,0x316,0.0,0.0,1.0,6.25,-3.1,-1.03,18.125,17.78125,17.84375,17.46875,-89.2,148.0,7.0,0.0
25.13515,0x220,0.0,0.0,1.0,6.25,-3.22,-0.91,18.125,17.78125,17.84375,17.46875,-89.2,148.0,7.0,0.0
25.13556,0x2B0,0.0,0.0,1.0,6.25,-3.22,-0.91,18.125,17.78125,17.84375,17.46875,-90.7,148.0,7.0,0.0
25.13602,0x386,0.0,0.0,1.0,6.25,-3.22,-0.91,18.0625,17.75,17.75,17.375,-90.7,148.0,7.0,0.0
25.13786,0x316,0.0,0.0,1.0,6.25,-3.22,-0.91,18.0625,17.75,17.75,17.375,-90.7,148.0,10.0,0.0
25.14515,0x220,0.0,0.0,1.0,6.25,-3.25,-0.83,18.0625,17.75,17.75,17.375,-90.7,148.0,10.0,0.0
25.14543,0x2B0,0.0,0.0,1.0,6.25,-3.25,-0.83,18.0625,17.75,17.75,17.375,-92.0,140.0,10.0,0.0
25.14856,0x316,0.0,0.0,1.0,6.25,-3.25,-0.83,18.0625,17.75,17.75,17.375,-92.0,140.0,12.0,0.0
25.15516,0x220,0.0,0.0,1.0,6.25,-3.2,-0.78,18.0625,17.75,17.75,17.375,-92.0,140.0,12.0,0.0
25.15557,0x2B0,0.0,0.0,1.0,6.25,-3.2,-0.78,18.0625,17.75,17.75,17.375,-93.4,132.0,12.0,0.0
25.15603,0x386,0.0,0.0,1.0,6.25,-3.2,-0.78,18.09375,17.6875,17.8125,17.34375,-93.4,132.0,12.0,0.0
25.15777,0x316,0.0,0.0,1.0,6.25,-3.2,-0.78,18.09375,17.6875,17.8125,17.34375,-93.4,132.0,12.0,0.0
25.16515,0x220,0.0,0.0,1.0,6.25,-3.1,-0.78,18.09375,17.6875,17.8125,17.34375,-93.4,132.0,12.0,0.0
25.16542,0x2B0,0.0,0.0,1.0,6.25,-3.1,-0.78,18.09375,17.6875,17.8125,17.34375,-94.8,140.0,12.0,0.0
25.16788,0x316,0.0,0.0,1.0,6.25,-3.1,-0.78,18.09375,17.6875,17.8125,17.34375,-94.8,140.0,12.0,0.0
25.17515,0x220,0.0,0.0,1.0,6.25,-3.04,-0.83,18.09375,17.6875,17.8125,17.34375,-94.8,140.0,12.0,0.0
25.17557,0x2B0,0.0,0.0,1.0,6.25,-3.04,-0.83,18.09375,17.6875,17.8125,17.34375,-96.1,132.0,12.0,0.0
25.17603,0x386,0.0,0.0,1.0,6.25,-3.04,-0.83,18.15625,17.78125,17.71875,17.28125,-96.1,132.0,12.0,0.0
25.17801,0x316,0.0,0.0,1.0,6.25,-3.04,-0.83,18.15625,17.78125,17.71875,17.28125,-96.1,132.0,12.0,0.0
25.18515,0x220,0.0,0.0,1.0,6.25,-3.11,-0.9,18.15625,17.78125,17.71875,17.28125,-96.1,132.0,12.0,0.0
25.18541,0x2B0,0.0,0.0,1.0,6.25,-3.11,-0.9,18.15625,17.78125,17.71875,17.28125,-97.4,128.0,12.0,0.0
25.18775,0x316,0.0,0.0,1.0,6.25,-3.11,-0.9,18.15625,17.78125,17.71875,17.28125,-97.4,128.0,12.0,0.0
25.19515,0x220,0.0,0.0,1.0,6.25,-3.3,-0.91,18.15625,17.78125,17.71875,17.28125,-97.4,128.0,12.0,0.0
25.19557,0x2B0,0.0,0.0,1.0,6.25,-3.3,-0.91,18.15625,17.78125,17.71875,17.28125,-98.6,124.0,12.0,0.0
25.19603,0x386,0.0,0.0,1.0,6.25,-3.3,-0.91,18.40625,17.75,17.625,17.25,-98.6,124.0,12.0,0.0
25.19777,0x316,0.0,0.0,1.0,6.25,-3.3,-0.91,18.40625,17.75,17.625,17.25,-98.6,124.0,12.0,0.0
25.20515,0x220,0.0,0.0,1.0,6.25,-3.52,-0.92,18.40625,17.75,17.625,17.25,-98.6,124.0,12.0,0.0
25.20542,0x2B0,0.0,0.0,1.0,6.25,-3.52,-0.92,18.40625,17.75,17.625,17.25,-99.9,124.0,12.0,0.0
25.20782,0x316,0.0,0.0,1.0,6.25,-3.52,-0.92,18.40625,17.75,17.625,17.25,-99.9,124.0,10.0,0.0
25.21515,0x220,0.0,0.0,1.0,6.25,-3.74,-0.98,18.40625,17.75,17.625,17.25,-99.9,124.0,10.0,0.0
25.21557,0x2B0,0.0,0.0,1.0,6.25,-3.74,-0.98,18.40625,17.75,17.625,17.25,-101.1,124.0,10.0,0.0
25.21604,0x386,0.0,0.0,1.0,6.25,-3.74,-0.98,18.4375,17.6875,17.5625,17.3125,-101.1,124.0,10.0,0.0
25.21785,0x316,0.0,0.0,1.0,6.25,-3.74,-0.98,18.4375,17.6875,17.5625,17.3125,-101.1,124.0,7.0,0.0
25.22517,0x220,0.0,0.0,1.0,6.25,-3.86,-1.05,18.4375,17.6875,17.5625,17.3125,-101.1,124.0,7.0,0.0
25.22543,0x2B0,0.0,0.0,1.0,6.25,-3.86,-1.05,18.4375,17.6875,17.5625,17.3125,-102.4,124.0,7.0,0.0
25.22778,0x316,0.0,0.0,1.0,6.25,-3.86,-1.05,18.4375,17.6875,17.5625,17.3125,-102.4,124.0,7.0,0.0
25.23515,0x220,0.0,0.0,1.0,6.25,-3.87,-1.08,18.4375,17.6875,17.5625,17.3125,-102.4,124.0,7.0,0.0
25.23556,0x2B0,0.0,0.0,1.0,6.25,-3.87,-1.08,18.4375,17.6875,17.5625,17.3125,-103.6,124.0,7.0,0.0
25.23603,0x386,0.0,0.0,1.0,6.25,-3.87,-1.08,18.125,17.78125,17.65625,17.34375,-103.6,124.0,7.0,0.0
25.23781,0x316,0.0,0.0,1.0,6.25,-3.87,-1.08,18.125,17.78125,17.65625,17.34375,-103.6,124.0,5.0,0.0
25.24515,0x220,0.0,0.0,1.0,6.25,-3.83,-1.03,18.125,17.78125,17.65625,17.34375,-103.6,124.0,5.0,0.0
25.24544,0x2B0,0.0,0.0,1.0,6.25,-3.83,-1.03,18.125,17.78125,17.65625,17.34375,-104.8,120.0,5.0,0.0
25.24868,0x316,0.0,0.0,1.0,6.25,-3.83,-1.03,18.125,17.78125,17.65625,17.34375,-104.8,120.0,5.0,0.0
25.25515,0x220,0.0,0.0,1.0,6.25,-3.81,-0.98,18.125,17.78125,17.65625,17.34375,-104.8,120.0,5.0,0.0
25.25556,0x2B0,0.0,0.0,1.0,6.25,-3.81,-0.98,18.125,17.78125,17.65625,17.34375,-106.0,120.0,5.0,0.0
25.25603,0x386,0.0,0.0,1.0,6.25,-3.81,-0.98,18.0625,17.46875,17.6875,17.3125,-106.0,120.0,5.0,0.0
25.25784,0x316,0.0,0.0,1.0,6.25,-3.81,-0.98,18.0625,17.46875,17.6875,17.3125,-106.0,120.0,5.0,0.0
25.26517,0x220,0.0,0.0,1.0,6.25,-3.8,-1.01,18.0625,17.46875,17.6875,17.3125,-106.0,120.0,5.0,0.0
25.26541,0x2B0,0.0,0.0,1.0,6.25,-3.8,-1.01,18.0625,17.46875,17.6875,17.3125,-107.1,112.0,5.0,0.0
25.26784,0x316,0.0,0.0,1.0,6.25,-3.8,-1.01,18.0625,17.46875,17.6875,17.3125,-107.1,112.0,5.0,0.0
25.27515,0x220,0.0,0.0,1.0,6.25,-3.82,-1.1,18.0625,17.46875,17.6875,17.3125,-107.1,112.0,5.0,0.0
25.27557,0x2B0,0.0,0.0,1.0,6.25,-3.82,-1.1,18.0625,17.46875,17.6875,17.3125,-108.2,108.0,5.0,0.0
25.27603,0x386,0.0,0.0,1.0,6.25,-3.82,-1.1,18.15625,17.5625,17.53125,17.28125,-108.2,108.0,5.0,0.0
25.27792,0x316,0.0,0.0,1.0,6.25,-3.82,-1.1,18.15625,17.5625,17.53125,17.28125,-108.2,108.0,7.0,0.0
25.28518,0x220,0.0,0.0,1.0,6.25,-3.88,-1.18,18.15625,17.5625,17.53125,17.28125,-108.2,108.0,7.0,0.0
25.28542,0x2B0,0.0,0.0,1.0,6.25,-3.88,-1.18,18.15625,17.5625,17.53125,17.28125,-109.3,108.0,7.0,0.0
25.28782,0x316,0.0,0.0,1.0,6.25,-3.88,-1.18,18.15625,17.5625,17.53125,17.28125,-109.3,108.0,7.0,0.0
25.29538,0x220,0.0,0.0,1.0,6.25,-3.99,-1.25,18.15625,17.5625,17.53125,17.28125,-109.3,108.0,7.0,0.0
25.29556,0x2B0,0.0,0.0,1.0,6.25,-3.99,-1.25,18.15625,17.5625,17.53125,17.28125,-110.4,108.0,7.0,0.0
25.29602,0x386,0.0,0.0,1.0,6.25,-3.99,-1.25,18.0625,17.375,17.5625,17.28125,-110.4,108.0,7.0,0.0
25.29783,0x316,0.0,0.0,1.0,6.25,-3.99,-1.25,18.0625,17.375,17.5625,17.28125,-110.4,108.0,10.0,0.0
25.30515,0x220,0.0,0.0,1.0,6.25,-4.14,-1.26,18.0625,17.375,17.5625,17.28125,-110.4,108.0,10.0,0.0
25.30544,0x2B0,0.0,0.0,1.0,6.25,-4.14,-1.26,18.0625,17.375,17.5625,17.28125,-111.5,108.0,10.0,0.0
25.30783,0x316,0.0,0.0,1.0,6.25,-4.14,-1.26,18.0625,17.375,17.5625,17.28125,-111.5,108.0,10.0,0.0
25.31514,0x220,0.0,0.0,1.0,6.25,-4.32,-1.2,18.0625,17.375,17.5625,17.28125,-111.5,108.0,10.0,0.0
25.31556,0x2B0,0.0,0.0,1.0,6.25,-4.32,-1.2,18.0625,17.375,17.5625,17.28125,-112.6,108.0,10.0,0.0
25.31602,0x386,0.0,0.0,1.0,6.25,-4.32,-1.2,16.65625,16.15625,17.6875,17.28125,-112.6,108.0,10.0,0.0
25.31775,0x316,0.0,0.0,1.0,6.25,-4.32,-1.2,16.65625,16.15625,17.6875,17.28125,-112.6,108.0,10.0,0.0
25.32518,0x220,0.0,0.0,1.0,6.25,-4.5,-1.12,16.65625,16.15625,17.6875,17.28125,-112.6,108.0,10.0,0.0
25.32543,0x2B0,0.0,0.0,1.0,6.25,-4.5,-1.12,16.65625,16.15625,17.6875,17.28125,-113.5,100.0,10.0,0.0
25.3278,0x316,0.0,0.0,1.0,6.25,-4.5,-1.12,16.65625,16.15625,17.6875,17.28125,-113.5,100.0,10.0,0.0
25.33515,0x220,0.0,0.0,1.0,6.25,-4.61,-1.08,16.65625,16.15625,17.6875,17.28125,-113.5,100.0,10.0,0.0
25.33556,0x2B0,0.0,0.0,1.0,6.25,-4.61,-1.08,16.65625,16.15625,17.6875,17.28125,-114.4,88.0,10.0,0.0
25.33603,0x386,0.0,0.0,1.0,6.25,-4.61,-1.08,17.25,17.625,17.65625,17.34375,-114.4,88.0,10.0,0.0
25.33786,0x316,0.0,0.0,1.0,6.25,-4.61,-1.08,17.25,17.625,17.65625,17.34375,-114.4,88.0,10.0,0.0
25.34517,0x220,0.0,0.0,1.0,6.25,-4.68,-1.11,17.25,17.625,17.65625,17.34375,-114.4,88.0,10.0,0.0
25.34545,0x2B0,0.0,0.0,1.0,6.25,-4.68,-1.11,17.25,17.625,17.65625,17.34375,-115.3,88.0,10.0,0.0
25.34865,0x316,0.0,0.0,1.0,6.25,-4.68,-1.11,17.25,17.625,17.65625,17.34375,-115.3,88.0,10.0,0.0
25.35515,0x220,0.0,0.0,1.0,6.25,-4.74,-1.16,17.25,17.625,17.65625,17.34375,-115.3,88.0,10.0,0.0
25.35556,0x2B0,0.0,0.0,1.0,6.25,-4.74,-1.16,17.25,17.625,17.65625,17.34375,-116.0,80.0,10.0,0.0
25.35602,0x386,0.0,0.0,1.0,6.25,-4.74,-1.16,17.71875,17.34375,17.6875,17.28125,-116.0,80.0,10.0,0.0
25.35775,0x316,0.0,0.0,1.0,6.25,-4.74,-1.16,17.71875,17.34375,17.6875,17.28125,-116.0,80.0,10.0,0.0
25.36517,0x220,0.0,0.0,1.0,6.25,-4.82,-1.18,17.71875,17.34375,17.6875,17.28125,-116.0,80.0,10.0,0.0
25.36546,0x2B0,0.0,0.0,1.0,6.25,-4.82,-1.18,17.71875,17.34375,17.6875,17.28125,-116.6,64.0,10.0,0.0
25.36786,0x316,0.0,0.0,1.0,6.25,-4.82,-1.18,17.71875,17.34375,17.6875,17.28125,-116.6,64.0,10.0,0.0
25.37515,0x220,0.0,0.0,1.0,6.25,-4.91,-1.13,17.71875,17.34375,17.6875,17.28125,-116.6,64.0,10.0,0.0
25.37556,0x2B0,0.0,0.0,1.0,6.25,-4.91,-1.13,17.71875,17.34375,17.6875,17.28125,-117.1,52.0,10.0,0.0
25.37603,0x386,0.0,0.0,1.0,6.25,-4.91,-1.13,17.78125,17.3125,17.59375,17.125,-117.1,52.0,10.0,0.0
25.378,0x316,0.0,0.0,1.0,6.25,-4.91,-1.13,17.78125,17.3125,17.59375,17.125,-117.1,52.0,10.0,0.0
25.38516,0x220,0.0,0.0,1.0,6.25,-5.02,-1.03,17.78125,17.3125,17.59375,17.125,-117.1,52.0,10.0,0.0
25.38547,0x2B0,0.0,0.0,1.0,6.25,-5.02,-1.03,17.78125,17.3125,17.59375,17.125,-117.5,44.0,10.0,0.0
25.38788,0x316,0.0,0.0,1.0,6.25,-5.02,-1.03,17.78125,17.3125,17.59375,17.125,-117.5,44.0,10.0,0.0
25.39539,0x220,0.0,0.0,1.0,6.25,-5.15,-0.96,17.78125,17.3125,17.59375,17.125,-117.5,44.0,10.0,0.0
25.39557,0x2B0,0.0,0.0,1.0,6.25,-5.15,-0.96,17.78125,17.3125,17.59375,17.125,-117.7,28.0,10.0,0.0
25.39604,0x386,0.0,0.0,1.0,6.25,-5.15,-0.96,17.84375,17.40625,17.5625,17.09375,-117.7,28.0,10.0,0.0
25.39774,0x316,0.0,0.0,1.0,6.25,-5.15,-0.96,17.84375,17.40625,17.5625,17.09375,-117.7,28.0,10.0,0.0
25.40517,0x220,0.0,0.0,1.0,6.25,-5.29,-0.93,17.84375,17.40625,17.5625,17.09375,-117.7,28.0,10.0,0.0
25.40547,0x2B0,0.0,0.0,1.0,6.25,-5.29,-0.93,17.84375,17.40625,17.5625,17.09375,-117.7,8.0,10.0,0.0
25.40778,0x316,0.0,0.0,1.0,6.25,-5.29,-0.93,17.84375,17.40625,17.5625,17.09375,-117.7,8.0,12.0,0.0
25.41515,0x220,0.0,0.0,1.0,6.25,-5.39,-0.91,17.84375,17.40625,17.5625,17.09375,-117.7,8.0,12.0,0.0
25.41557,0x2B0,0.0,0.0,1.0,6.25,-5.39,-0.91,17.84375,17.40625,17.5625,17.09375,-117.8,0.0,12.0,0.0
25.41604,0x386,0.0,0.0,1.0,6.25,-5.39,-0.91,17.84375,17.375,17.5,17.125,-117.8,0.0,12.0,0.0
25.41778,0x316,0.0,0.0,1.0,6.25,-5.39,-0.91,17.84375,17.375,17.5,17.125,-117.8,0.0,15.0,0.0
25.42517,0x220,0.0,0.0,1.0,6.25,-5.46,-0.92,17.84375,17.375,17.5,17.125,-117.8,0.0,15.0,0.0
25.4254,0x2B0,0.0,0.0,1.0,6.25,-5.46,-0.92,17.84375,17.375,17.5,17.125,-117.8,0.0,15.0,0.0
25.42784,0x316,0.0,0.0,1.0,6.25,-5.46,-0.92,17.84375,17.375,17.5,17.125,-117.8,0.0,15.0,0.0
25.43538,0x220,0.0,0.0,1.0,6.25,-5.51,-0.91,17.84375,17.375,17.5,17.125,-117.8,0.0,15.0,0.0
25.43556,0x2B0,0.0,0.0,1.0,6.25,-5.51,-0.91,17.84375,17.375,17.5,17.125,-117.8,0.0,15.0,0.0
25.43603,0x386,0.0,0.0,1.0,6.25,-5.51,-0.91,17.875,17.375,17.5625,17.0625,-117.8,0.0,15.0,0.0
25.43779,0x316,0.0,0.0,1.0,6.25,-5.51,-0.91,17.875,17.375,17.5625,17.0625,-117.8,0.0,17.0,0.0
25.44518,0x220,0.0,0.0,1.0,6.25,-5.5,-0.88,17.875,17.375,17.5625,17.0625,-117.8,0.0,17.0,0.0
25.44549,0x2B0,0.0,0.0,1.0,6.25,-5.5,-0.88,17.875,17.375,17.5625,17.0625,-117.8,0.0,17.0,0.0
25.44855,0x316,0.0,0.0,1.0,6.25,-5.5,-0.88,17.875,17.375,17.5625,17.0625,-117.8,0.0,20.0,0.0
25.45537,0x220,0.0,0.0,1.0,6.25,-5.46,-0.87,17.875,17.375,17.5625,17.0625,-117.8,0.0,20.0,0.0
25.45555,0x2B0,0.0,0.0,1.0,6.25,-5.46,-0.87,17.875,17.375,17.5625,17.0625,-117.4,20.0,20.0,0.0
25.45602,0x386,0.0,0.0,1.0,6.25,-5.46,-0.87,17.84375,17.40625,17.46875,16.96875,-117.4,20.0,20.0,0.0
25.45778,0x316,0.0,0.0,1.0,6.25,-5.46,-0.87,17.84375,17.40625,17.46875,16.96875,-117.4,20.0,20.0,0.0
25.46517,0x220,0.0,0.0,1.0,6.25,-5.36,-0.86,17.84375,17.40625,17.46875,16.96875,-117.4,20.0,20.0,0.0
25.46542,0x2B0,0.0,0.0,1.0,6.25,-5.36,-0.86,17.84375,17.40625,17.46875,16.96875,-117.0,40.0,20.0,0.0
25.46789,0x316,0.0,0.0,1.0,6.25,-5.36,-0.86,17.84375,17.40625,17.46875,16.96875,-117.0,40.0,20.0,0.0
25.47538,0x220,0.0,0.0,1.0,6.25,-5.29,-0.86,17.84375,17.40625,17.46875,16.96875,-117.0,40.0,20.0,0.0
25.47557,0x2B0,0.0,0.0,1.0,6.25,-5.29,-0.86,17.84375,17.40625,17.46875,16.96875,-116.5,44.0,20.0,0.0
25.47603,0x386,0.0,0.0,1.0,6.25,-5.29,-0.86,17.90625,17.375,17.46875,16.875,-116.5,44.0,20.0,0.0
25.4779,0x316,0.0,0.0,1.0,6.25,-5.29,-0.86,17.90625,17.375,17.46875,16.875,-116.5,44.0,20.0,0.0
25.48517,0x220,0.0,0.0,1.0,6.25,-5.29,-0.86,17.90625,17.375,17.46875,16.875,-116.5,44.0,20.0,0.0
25.48542,0x2B0,0.0,0.0,1.0,6.25,-5.29,-0.86,17.90625,17.375,17.46875,16.875,-115.8,60.0,20.0,0.0
25.48782,0x316,0.0,0.0,1.0,6.25,-5.29,-0.86,17.90625,17.375,17.46875,16.875,-115.8,60.0,20.0,0.0
25.49537,0x220,0.0,0.0,1.0,6.25,-5.3,-0.87,17.90625,17.375,17.46875,16.875,-115.8,60.0,20.0,0.0
25.49555,0x2B0,0.0,0.0,1.0,6.25,-5.3,-0.87,17.90625,17.375,17.46875,16.875,-115.0,72.0,20.0,0.0
25.49578,0x386,0.0,0.0,1.0,6.25,-5.3,-0.87,17.84375,17.375,17.40625,16.75,-115.0,72.0,20.0,0.0
25.49775,0x316,0.0,0.0,1.0,6.25,-5.3,-0.87,17.84375,17.375,17.40625,16.75,-115.0,72.0,17.0,0.0
25.50517,0x220,0.0,0.0,1.0,6.25,-5.37,-0.87,17.84375,17.375,17.40625,16.75,-115.0,72.0,17.0,0.0
25.50541,0x2B0,0.0,0.0,1.0,6.25,-5.37,-0.87,17.84375,17.375,17.40625,16.75,-114.0,88.0,17.0,0.0
25.50784,0x316,0.0,0.0,1.0,6.25,-5.37,-0.87,17.84375,17.375,17.40625,16.75,-114.0,88.0,17.0,0.0
25.51514,0x220,0.0,0.0,1.0,6.25,-5.42,-0.86,17.84375,17.375,17.40625,16.75,-114.0,88.0,17.0,0.0
25.51556,0x2B0,0.0,0.0,1.0,6.25,-5.42,-0.86,17.84375,17.375,17.40625,16.75,-112.9,104.0,17.0,0.0
25.51579,0x386,0.0,0.0,1.0,6.25,-5.42,-0.86,17.875,17.34375,17.34375,16.75,-112.9,104.0,17.0,0.0
25.51775,0x316,0.0,0.0,1.0,6.25,-5.42,-0.86,17.875,17.34375,17.34375,16.75,-112.9,104.0,15.0,0.0
25.52518,0x220,0.0,0.0,1.0,6.25,-5.4,-0.83,17.875,17.34375,17.34375,16.75,-112.9,104.0,15.0,0.0
25.52542,0x2B0,0.0,0.0,1.0,6.25,-5.4,-0.83,17.875,17.34375,17.34375,16.75,-111.7,112.0,15.0,0.0
25.5278,0x316,0.0,0.0,1.0,6.25,-5.4,-0.83,17.875,17.34375,17.34375,16.75,-111.7,112.0,15.0,0.0
25.53537,0x220,0.0,0.0,1.0,6.25,-5.32,-0.8,17.875,17.34375,17.34375,16.75,-111.7,112.0,15.0,0.0
25.53556,0x2B0,0.0,0.0,1.0,6.25,-5.32,-0.8,17.875,17.34375,17.34375,16.75,-110.4,124.0,15.0,0.0
25.53579,0x386,0.0,0.0,1.0,6.25,-5.32,-0.8,17.84375,17.28125,17.46875,16.625,-110.4,124.0,15.0,0.0
25.53781,0x316,0.0,0.0,1.0,6.25,-5.32,-0.8,17.84375,17.28125,17.46875,16.625,-110.4,124.0,12.0,0.0
25.54517,0x220,0.0,0.0,1.0,6.25,-5.19,-0.79,17.84375,17.28125,17.46875,16.625,-110.4,124.0,12.0,0.0
25.54538,0x2B0,0.0,0.0,1.0,6.25,-5.19,-0.79,17.84375,17.28125,17.46875,16.625,-108.9,140.0,12.0,0.0
25.54863,0x316,0.0,0.0,1.0,6.25,-5.19,-0.79,17.84375,17.28125,17.46875,16.625,-108.9,140.0,12.0,0.0
25.55538,0x220,0.0,0.0,1.0,6.25,-5.1,-0.79,17.84375,17.28125,17.46875,16.625,-108.9,140.0,12.0,0.0
25.55556,0x2B0,0.0,0.0,1.0,6.25,-5.1,-0.79,17.84375,17.28125,17.46875,16.625,-107.2,160.0,12.0,0.0
25.55579,0x386,0.0,0.0,1.0,6.25,-5.1,-0.79,17.8125,17.3125,17.4375,16.8125,-107.2,160.0,12.0,0.0
25.55774,0x316,0.0,0.0,1.0,6.25,-5.1,-0.79,17.8125,17.3125,17.4375,16.8125,-107.2,160.0,12.0,0.0
25.56518,0x220,0.0,0.0,1.0,6.25,-5.06,-0.8,17.8125,17.3125,17.4375,16.8125,-107.2,160.0,12.0,0.0
25.56539,0x2B0,0.0,0.0,1.0,6.25,-5.06,-0.8,17.8125,17.3125,17.4375,16.8125,-105.5,168.0,12.0,0.0
25.56785,0x316,0.0,0.0,1.0,6.25,-5.06,-0.8,17.8125,17.3125,17.4375,16.8125,-105.5,168.0,12.0,0.0
25.57538,0x220,0.0,0.0,1.0,6.25,-5.03,-0.83,17.8125,17.3125,17.4375,16.8125,-105.5,168.0,12.0,0.0
25.57557,0x2B0,0.0,0.0,1.0,6.25,-5.03,-0.83,17.8125,17.3125,17.4375,16.8125,-103.6,180.0,12.0,0.0
25.5758,0x386,0.0,0.0,1.0,6.25,-5.03,-0.83,17.78125,17.1875,17.46875,17.0625,-103.6,180.0,12.0,0.0
25.57792,0x316,0.0,0.0,1.0,6.25,-5.03,-0.83,17.78125,17.1875,17.46875,17.0625,-103.6,180.0,12.0,0.0
25.58518,0x220,0.0,0.0,1.0,6.25,-5.06,-0.85,17.78125,17.1875,17.46875,17.0625,-103.6,180.0,12.0,0.0
25.5854,0x2B0,0.0,0.0,1.0,6.25,-5.06,-0.85,17.78125,17.1875,17.46875,17.0625,-101.7,188.0,12.0,0.0
25.58786,0x316,0.0,0.0,1.0,6.25,-5.06,-0.85,17.78125,17.1875,17.46875,17.0625,-101.7,188.0,12.0,0.0
25.59538,0x220,0.0,0.0,1.0,6.25,-5.1,-0.81,17.78125,17.1875,17.46875,17.0625,-101.7,188.0,12.0,0.0
25.59557,0x2B0,0.0,0.0,1.0,6.25,-5.1,-0.81,17.78125,17.1875,17.46875,17.0625,-99.7,192.0,12.0,0.0
25.5958,0x386,0.0,0.0,1.0,6.25,-5.1,-0.81,17.71875,17.125,17.53125,17.09375,-99.7,192.0,12.0,0.0
25.59774,0x316,0.0,0.0,1.0,6.25,-5.1,-0.81,17.71875,17.125,17.53125,17.09375,-99.7,192.0,12.0,0.0
25.60519,0x220,0.0,0.0,1.0,6.25,-5.13,-0.72,17.71875,17.125,17.53125,17.09375,-99.7,192.0,12.0,0.0
25.60537,0x2B0,0.0,0.0,1.0,6.25,-5.13,-0.72,17.71875,17.125,17.53125,17.09375,-97.7,200.0,12.0,0.0
25.60778,0x316,0.0,0.0,1.0,6.25,-5.13,-0.72,17.71875,17.125,17.53125,17.09375,-97.7,200.0,12.0,0.0
25.61538,0x220,0.0,0.0,1.0,6.25,-5.13,-0.6,17.71875,17.125,17.53125,17.09375,-97.7,200.0,12.0,0.0
25.61556,0x2B0,0.0,0.0,1.0,6.25,-5.13,-0.6,17.71875,17.125,17.53125,17.09375,-95.5,208.0,12.0,0.0
25.61579,0x386,0.0,0.0,1.0,6.25,-5.13,-0.6,17.65625,17.125,17.53125,17.0,-95.5,208.0,12.0,0.0
25.61776,0x316,0.0,0.0,1.0,6.25,-5.13,-0.6,17.65625,17.125,17.53125,17.0,-95.5,208.0,12.0,0.0
25.62519,0x220,0.0,0.0,1.0,6.25,-5.11,-0.47,17.65625,17.125,17.53125,17.0,-95.5,208.0,12.0,0.0
25.62538,0x2B0,0.0,0.0,1.0,6.25,-5.11,-0.47,17.65625,17.125,17.53125,17.0,-93.2,224.0,12.0,0.0
25.62783,0x316,0.0,0.0,1.0,6.25,-5.11,-0.47,17.65625,17.125,17.53125,17.0,-93.2,224.0,12.0,0.0
25.63537,0x220,0.0,0.0,1.0,6.25,-5.1,-0.35,17.65625,17.125,17.53125,17.0,-93.2,224.0,12.0,0.0
25.63556,0x2B0,0.0,0.0,1.0,6.25,-5.1,-0.35,17.65625,17.125,17.53125,17.0,-90.9,228.0,12.0,0.0
25.63579,0x386,0.0,0.0,1.0,6.25,-5.1,-0.35,17.65625,17.125,17.46875,16.9375,-90.9,228.0,12.0,0.0
25.63781,0x316,0.0,0.0,1.0,6.25,-5.1,-0.35,17.65625,17.125,17.46875,16.9375,-90.9,228.0,12.0,0.0
25.64518,0x220,0.0,0.0,1.0,6.25,-5.13,-0.29,17.65625,17.125,17.46875,16.9375,-90.9,228.0,12.0,0.0
25.64537,0x2B0,0.0,0.0,1.0,6.25,-5.13,-0.29,17.65625,17.125,17.46875,16.9375,-88.5,232.0,12.0,0.0
25.6486,0x316,0.0,0.0,1.0,6.25,-5.13,-0.29,17.65625,17.125,17.46875,16.9375,-88.5,232.0,12.0,0.0
25.65539,0x220,0.0,0.0,1.0,6.25,-5.18,-0.26,17.65625,17.125,17.46875,16.9375,-88.5,232.0,12.0,0.0
25.65557,0x2B0,0.0,0.0,1.0,6.25,-5.18,-0.26,17.65625,17.125,17.46875,16.9375,-86.0,244.0,12.0,0.0
25.6558,0x386,0.0,0.0,1.0,6.25,-5.18,-0.26,17.6875,17.15625,17.375,16.9375,-86.0,244.0,12.0,0.0
25.65776,0x316,0.0,0.0,1.0,6.25,-5.18,-0.26,17.6875,17.15625,17.375,16.9375,-86.0,244.0,12.0,0.0
25.66518,0x220,0.0,0.0,1.0,6.25,-5.24,-0.22,17.6875,17.15625,17.375,16.9375,-86.0,244.0,12.0,0.0
25.66538,0x2B0,0.0,0.0,1.0,6.25,-5.24,-0.22,17.6875,17.15625,17.375,16.9375,-83.4,252.0,12.0,0.0
25.66788,0x316,0.0,0.0,1.0,6.25,-5.24,-0.22,17.6875,17.15625,17.375,16.9375,-83.4,252.0,12.0,0.0
25.67538,0x220,0.0,0.0,1.0,6.25,-5.26,-0.14,17.6875,17.15625,17.375,16.9375,-83.4,252.0,12.0,0.0
25.67556,0x2B0,0.0,0.0,1.0,6.25,-5.26,-0.14,17.6875,17.15625,17.375,16.9375,-80.8,260.0,12.0,0.0
25.67579,0x386,0.0,0.0,1.0,6.25,-5.26,-0.14,17.6875,17.21875,17.28125,16.9375,-80.8,260.0,12.0,0.0
25.67792,0x316,0.0,0.0,1.0,6.25,-5.26,-0.14,17.6875,17.21875,17.28125,16.9375,-80.8,260.0,12.0,0.0
25.68519,0x220,0.0,0.0,1.0,6.25,-5.23,0.0,17.6875,17.21875,17.28125,16.9375,-80.8,260.0,12.0,0.0
25.68537,0x2B0,0.0,0.0,1.0,6.25,-5.23,0.0,17.6875,17.21875,17.28125,16.9375,-78.1,264.0,12.0,0.0
25.68784,0x316,0.0,0.0,1.0,6.25,-5.23,0.0,17.6875,17.21875,17.28125,16.9375,-78.1,264.0,15.0,0.0
25.69539,0x220,0.0,0.0,1.0,6.25,-5.12,0.14,17.6875,17.21875,17.28125,16.9375,-78.1,264.0,15.0,0.0
25.69557,0x2B0,0.0,0.0,1.0,6.25,-5.12,0.14,17.6875,17.21875,17.28125,16.9375,-75.4,268.0,15.0,0.0
25.6958,0x386,0.0,0.0,1.0,6.25,-5.12,0.14,17.6875,17.28125,17.25,16.8125,-75.4,268.0,15.0,0.0
25.69776,0x316,0.0,0.0,1.0,6.25,-5.12,0.14,17.6875,17.28125,17.25,16.8125,-75.4,268.0,15.0,0.0
25.70518,0x220,0.0,0.0,1.0,6.25,-4.95,0.3,17.6875,17.28125,17.25,16.8125,-75.4,268.0,15.0,0.0
25.70539,0x2B0,0.0,0.0,1.0,6.25,-4.95,0.3,17.6875,17.28125,17.25,16.8125,-72.7,268.0,15.0,0.0
25.70787,0x316,0.0,0.0,1.0,6.25,-4.95,0.3,17.6875,17.28125,17.25,16.8125,-72.7,268.0,15.0,0.0
25.71538,0x220,0.0,0.0,1.0,6.25,-4.71,0.41,17.6875,17.28125,17.25,16.8125,-72.7,268.0,15.0,0.0
25.71556,0x2B0,0.0,0.0,1.0,6.25,-4.71,0.41,17.6875,17.28125,17.25,16.8125,-69.9,272.0,15.0,0.0
25.71579,0x386,0.0,0.0,1.0,6.25,-4.71,0.41,17.6875,17.3125,17.15625,16.75,-69.9,272.0,15.0,0.0
25.71776,0x316,0.0,0.0,1.0,6.25,-4.71,0.41,17.6875,17.3125,17.15625,16.75,-69.9,272.0,15.0,0.0
25.72519,0x220,0.0,0.0,1.0,6.25,-4.45,0.51,17.6875,17.3125,17.15625,16.75,-69.9,272.0,15.0,0.0
25.72539,0x2B0,0.0,0.0,1.0,6.25,-4.45,0.51,17.6875,17.3125,17.15625,16.75,-67.2,272.0,15.0,0.0
25.72783,0x316,0.0,0.0,1.0,6.25,-4.45,0.51,17.6875,17.3125,17.15625,16.75,-67.2,272.0,15.0,0.0
25.73538,0x220,0.0,0.0,1.0,6.25,-4.25,0.54,17.6875,17.3125,17.15625,16.75,-67.2,272.0,15.0,0.0
25.73556,0x2B0,0.0,0.0,1.0,6.25,-4.25,0.54,17.6875,17.3125,17.15625,16.75,-64.5,268.0,15.0,0.0
25.73579,0x386,0.0,0.0,1.0,6.25,-4.25,0.54,17.6875,17.34375,17.09375,16.71875,-64.5,268.0,15.0,0.0
25.73779,0x316,0.0,0.0,1.0,6.25,-4.25,0.54,17.6875,17.34375,17.09375,16.71875,-64.5,268.0,12.0,0.0
25.74518,0x220,0.0,0.0,1.0,6.25,-4.13,0.51,17.6875,17.34375,17.09375,16.71875,-64.5,268.0,12.0,0.0
25.74537,0x2B0,0.0,0.0,1.0,6.25,-4.13,0.51,17.6875,17.34375,17.09375,16.71875,-61.8,268.0,12.0,0.0
25.74871,0x316,0.0,0.0,1.0,6.25,-4.13,0.51,17.6875,17.34375,17.09375,16.71875,-61.8,268.0,12.0,0.0
25.75538,0x220,0.0,0.0,1.0,6.25,-4.08,0.51,17.6875,17.34375,17.09375,16.71875,-61.8,268.0,12.0,0.0
25.75556,0x2B0,0.0,0.0,1.0,6.25,-4.08,0.51,17.6875,17.34375,17.09375,16.71875,-59.2,264.0,12.0,0.0
25.75579,0x386,0.0,0.0,1.0,6.25,-4.08,0.51,17.625,17.34375,16.875,16.5625,-59.2,264.0,12.0,0.0
25.7578,0x316,0.0,0.0,1.0,6.25,-4.08,0.51,17.625,17.34375,16.875,16.5625,-59.2,264.0,12.0,0.0
25.76518,0x220,0.0,0.0,1.0,6.25,-4.04,0.55,17.625,17.34375,16.875,16.5625,-59.2,264.0,12.0,0.0
25.76537,0x2B0,0.0,0.0,1.0,6.25,-4.04,0.55,17.625,17.34375,16.875,16.5625,-56.5,264.0,12.0,0.0
25.76787,0x316,0.0,0.0,1.0,6.25,-4.04,0.55,17.625,17.34375,16.875,16.5625,-56.5,264.0,10.0,0.0
25.77538,0x220,0.0,0.0,1.0,6.25,-3.91,0.64,17.625,17.34375,16.875,16.5625,-56.5,264.0,10.0,0.0
25.77556,0x2B0,0.0,0.0,1.0,6.25,-3.91,0.64,17.625,17.34375,16.875,16.5625,-53.8,268.0,10.0,0.0
25.77579,0x386,0.0,0.0,1.0,6.25,-3.91,0.64,17.5625,17.3125,17.0625,16.5625,-53.8,268.0,10.0,0.0
25.77789,0x316,0.0,0.0,1.0,6.25,-3.91,0.64,17.5625,17.3125,17.0625,16.5625,-53.8,268.0,7.0,0.0
25.78518,0x220,0.0,0.0,1.0,6.25,-3.69,0.72,17.5625,17.3125,17.0625,16.5625,-53.8,268.0,7.0,0.0
25.78537,0x2B0,0.0,0.0,1.0,6.25,-3.69,0.72,17.5625,17.3125,17.0625,16.5625,-51.2,264.0,7.0,0.0
25.7879,0x316,0.0,0.0,1.0,6.25,-3.69,0.72,17.5625,17.3125,17.0625,16.5625,-51.2,264.0,7.0,0.0
25.79538,0x220,0.0,0.0,1.0,6.25,-3.44,0.73,17.5625,17.3125,17.0625,16.5625,-51.2,264.0,7.0,0.0
25.79556,0x2B0,0.0,0.0,1.0,6.25,-3.44,0.73,17.5625,17.3125,17.0625,16.5625,-48.7,252.0,7.0,0.0
25.79579,0x386,0.0,0.0,1.0,6.25,-3.44,0.73,17.4375,17.28125,17.125,16.6875,-48.7,252.0,7.0,0.0
25.79776,0x316,0.0,0.0,1.0,6.25,-3.44,0.73,17.4375,17.28125,17.125,16.6875,-48.7,252.0,7.0,0.0
25.80518,0x220,0.0,0.0,1.0,6.25,-3.14,0.7,17.4375,17.28125,17.125,16.6875,-48.7,252.0,7.0,0.0
25.80539,0x2B0,0.0,0.0,1.0,6.25,-3.14,0.7,17.4375,17.28125,17.125,16.6875,-46.1,252.0,7.0,0.0
25.80782,0x316,0.0,0.0,1.0,6.25,-3.14,0.7,17.4375,17.28125,17.125,16.6875,-46.1,252.0,7.0,0.0
25.81538,0x220,0.0,0.0,1.0,6.25,-2.82,0.7,17.4375,17.28125,17.125,16.6875,-46.1,252.0,7.0,0.0
25.81556,0x2B0,0.0,0.0,1.0,6.25,-2.82,0.7,17.4375,17.28125,17.125,16.6875,-43.6,252.0,7.0,0.0
25.81579,0x386,0.0,0.0,1.0,6.25,-2.82,0.7,17.4375,17.21875,17.125,16.875,-43.6,252.0,7.0,0.0
25.81773,0x316,0.0,0.0,1.0,6.25,-2.82,0.7,17.4375,17.21875,17.125,16.875,-43.6,252.0,7.0,0.0
25.82518,0x220,0.0,0.0,1.0,6.25,-2.58,0.73,17.4375,17.21875,17.125,16.875,-43.6,252.0,7.0,0.0
25.82541,0x2B0,0.0,0.0,1.0,6.25,-2.58,0.73,17.4375,17.21875,17.125,16.875,-41.2,244.0,7.0,0.0
25.82788,0x316,0.0,0.0,1.0,6.25,-2.58,0.73,17.4375,17.21875,17.125,16.875,-41.2,244.0,7.0,0.0
25.83537,0x220,0.0,0.0,1.0,6.25,-2.38,0.78,17.4375,17.21875,17.125,16.875,-41.2,244.0,7.0,0.0
25.83555,0x2B0,0.0,0.0,1.0,6.25,-2.38,0.78,17.4375,17.21875,17.125,16.875,-38.8,240.0,7.0,0.0
25.83578,0x386,0.0,0.0,1.0,6.25,-2.38,0.78,17.25,17.125,17.15625,16.8125,-38.8,240.0,7.0,0.0
25.83781,0x316,0.0,0.0,1.0,6.25,-2.38,0.78,17.25,17.125,17.15625,16.8125,-38.8,240.0,7.0,0.0
25.84519,0x220,0.0,0.0,1.0,6.25,-2.23,0.82,17.25,17.125,17.15625,16.8125,-38.8,240.0,7.0,0.0
25.84539,0x2B0,0.0,0.0,1.0,6.25,-2.23,0.82,17.25,17.125,17.15625,16.8125,-36.6,228.0,7.0,0.0
25.84841,0x316,0.0,0.0,1.0,6.25,-2.23,0.82,17.25,17.125,17.15625,16.8125,-36.6,228.0,7.0,0.0
25.85537,0x220,0.0,0.0,1.0,6.25,-2.08,0.84,17.25,17.125,17.15625,16.8125,-36.6,228.0,7.0,0.0
25.85555,0x2B0,0.0,0.0,1.0,6.25,-2.08,0.84,17.25,17.125,17.15625,16.8125,-34.3,224.0,7.0,0.0
25.85578,0x386,0.0,0.0,1.0,6.25,-2.08,0.84,17.125,17.125,17.125,16.84375,-34.3,224.0,7.0,0.0
25.85779,0x316,0.0,0.0,1.0,6.25,-2.08,0.84,17.125,17.125,17.125,16.84375,-34.3,224.0,7.0,0.0
25.86518,0x220,0.0,0.0,1.0,6.25,-1.9,0.86,17.125,17.125,17.125,16.84375,-34.3,224.0,7.0,0.0
25.86539,0x2B0,0.0,0.0,1.0,6.25,-1.9,0.86,17.125,17.125,17.125,16.84375,-32.1,224.0,7.0,0.0
25.86792,0x316,0.0,0.0,1.0,6.25,-1.9,0.86,17.125,17.125,17.125,16.84375,-32.1,224.0,7.0,0.0
25.87537,0x220,0.0,0.0,1.0,6.25,-1.76,0.91,17.125,17.125,17.125,16.84375,-32.1,224.0,7.0,0.0
25.87555,0x2B0,0.0,0.0,1.0,6.25,-1.76,0.91,17.125,17.125,17.125,16.84375,-30.0,212.0,7.0,0.0
25.87578,0x386,0.0,0.0,1.0,6.25,-1.76,0.91,17.125,17.0625,17.15625,16.9375,-30.0,212.0,7.0,0.0
25.87794,0x316,0.0,0.0,1.0,6.25,-1.76,0.91,17.125,17.0625,17.15625,16.9375,-30.0,212.0,7.0,0.0
25.88519,0x220,0.0,0.0,1.0,6.25,-1.67,0.95,17.125,17.0625,17.15625,16.9375,-30.0,212.0,7.0,0.0
25.88539,0x2B0,0.0,0.0,1.0,6.25,-1.67,0.95,17.125,17.0625,17.15625,16.9375,-28.0,204.0,7.0,0.0
25.88784,0x316,0.0,0.0,1.0,6.25,-1.67,0.95,17.125,17.0625,17.15625,16.9375,-28.0,204.0,7.0,0.0
25.89537,0x220,0.0,0.0,1.0,6.25,-1.62,0.98,17.125,17.0625,17.15625,16.9375,-28.0,204.0,7.0,0.0
25.89556,0x2B0,0.0,0.0,1.0,6.25,-1.62,0.98,17.125,17.0625,17.15625,16.9375,-25.9,204.0,7.0,0.0
25.89579,0x386,0.0,0.0,1.0,6.25,-1.62,0.98,17.125,17.03125,17.125,16.875,-25.9,204.0,7.0,0.0
25.89779,0x316,0.0,0.0,1.0,6.25,-1.62,0.98,17.125,17.03125,17.125,16.875,-25.9,204.0,7.0,0.0
25.90518,0x220,0.0,0.0,1.0,6.25,-1.55,1.02,17.125,17.03125,17.125,16.875,-25.9,204.0,7.0,0.0
25.90538,0x2B0,0.0,0.0,1.0,6.25,-1.55,1.02,17.125,17.03125,17.125,16.875,-24.0,200.0,7.0,0.0
25.90788,0x316,0.0,0.0,1.0,6.25,-1.55,1.02,17.125,17.03125,17.125,16.875,-24.0,200.0,7.0,0.0
25.91537,0x220,0.0,0.0,1.0,6.25,-1.42,1.08,17.125,17.03125,17.125,16.875,-24.0,200.0,7.0,0.0
25.91556,0x2B0,0.0,0.0,1.0,6.25,-1.42,1.08,17.125,17.03125,17.125,16.875,-22.2,184.0,7.0,0.0
25.91579,0x386,0.0,0.0,1.0,6.25,-1.42,1.08,17.03125,17.0,17.0,16.96875,-22.2,184.0,7.0,0.0
25.91784,0x316,0.0,0.0,1.0,6.25,-1.42,1.08,17.03125,17.0,17.0,16.96875,-22.2,184.0,7.0,0.0
25.9252,0x220,0.0,0.0,1.0,6.25,-1.28,1.12,17.03125,17.0,17.0,16.96875,-22.2,184.0,7.0,0.0
25.92538,0x2B0,0.0,0.0,1.0,6.25,-1.28,1.12,17.03125,17.0,17.0,16.96875,-20.4,180.0,7.0,0.0
25.92783,0x316,0.0,0.0,1.0,6.25,-1.28,1.12,17.03125,17.0,17.0,16.96875,-20.4,180.0,7.0,0.0
25.93537,0x220,0.0,0.0,1.0,6.25,-1.1,1.12,17.03125,17.0,17.0,16.96875,-20.4,180.0,7.0,0.0
25.93555,0x2B0,0.0,0.0,1.0,6.25,-1.1,1.12,17.03125,17.0,17.0,16.96875,-18.8,168.0,7.0,0.0
25.93578,0x386,0.0,0.0,1.0,6.25,-1.1,1.12,17.09375,17.03125,16.875,16.96875,-18.8,168.0,7.0,0.0
25.93784,0x316,0.0,0.0,1.0,6.25,-1.1,1.12,17.09375,17.03125,16.875,16.96875,-18.8,168.0,10.0,0.0
25.94519,0x220,0.0,0.0,1.0,6.25,-0.91,1.16,17.09375,17.03125,16.875,16.96875,-18.8,168.0,10.0,0.0
25.94537,0x2B0,0.0,0.0,1.0,6.25,-0.91,1.16,17.09375,17.03125,16.875,16.96875,-17.3,152.0,10.0,0.0
25.94865,0x316,0.0,0.0,1.0,6.25,-0.91,1.16,17.09375,17.03125,16.875,16.96875,-17.3,152.0,10.0,0.0
25.95537,0x220,0.0,0.0,1.0,6.25,-0.76,1.21,17.09375,17.03125,16.875,16.96875,-17.3,152.0,10.0,0.0
25.95556,0x2B0,0.0,0.0,1.0,6.25,-0.76,1.21,17.09375,17.03125,16.875,16.96875,-15.8,148.0,10.0,0.0
25.95579,0x386,0.0,0.0,1.0,6.25,-0.76,1.21,17.0625,16.96875,16.90625,16.96875,-15.8,148.0,10.0,0.0
25.95784,0x316,0.0,0.0,1.0,6.25,-0.76,1.21,17.0625,16.96875,16.90625,16.96875,-15.8,148.0,10.0,0.0
25.96519,0x220,0.0,0.0,1.0,6.25,-0.65,1.26,17.0625,16.96875,16.90625,16.96875,-15.8,148.0,10.0,0.0
25.96538,0x2B0,0.0,0.0,1.0,6.25,-0.65,1.26,17.0625,16.96875,16.90625,16.96875,-14.5,140.0,10.0,0.0
25.96793,0x316,0.0,0.0,1.0,6.25,-0.65,1.26,17.0625,16.96875,16.90625,16.96875,-14.5,140.0,15.0,0.0
25.97538,0x220,0.0,0.0,1.0,6.25,-0.57,1.26,17.0625,16.96875,16.90625,16.96875,-14.5,140.0,15.0,0.0
25.97557,0x2B0,0.0,0.0,1.0,6.25,-0.57,1.26,17.0625,16.96875,16.90625,16.96875,-13.3,124.0,15.0,0.0
25.9758,0x386,0.0,0.0,1.0,6.25,-0.57,1.26,17.125,17.03125,16.8125,16.8125,-13.3,124.0,15.0,0.0
25.97796,0x316,0.0,0.0,1.0,6.25,-0.57,1.26,17.125,17.03125,16.8125,16.8125,-13.3,124.0,15.0,0.0
25.98518,0x220,0.0,0.0,1.0,6.25,-0.47,1.24,17.125,17.03125,16.8125,16.8125,-13.3,124.0,15.0,0.0
25.98538,0x2B0,0.0,0.0,1.0,6.25,-0.47,1.24,17.125,17.03125,16.8125,16.8125,-12.2,112.0,15.0,0.0
25.98789,0x316,0.0,0.0,1.0,6.25,-0.47,1.24,17.125,17.03125,16.8125,16.8125,-12.2,112.0,15.0,0.0
25.99538,0x220,0.0,0.0,1.0,6.25,-0.31,1.23,17.125,17.03125,16.8125,16.8125,-12.2,112.0,15.0,0.0
25.99556,0x2B0,0.0,0.0,1.0,6.25,-0.31,1.23,17.125,17.03125,16.8125,16.8125,-11.3,100.0,15.0,0.0
25.99579,0x386,0.0,0.0,1.0,6.25,-0.31,1.23,17.1875,17.03125,16.65625,16.8125,-11.3,100.0,15.0,0.0
25.99784,0x316,0.0,0.0,1.0,6.25,-0.31,1.23,17.1875,17.03125,16.65625,16.8125,-11.3,100.0,15.0,0.0
26.00519,0x220,0.0,0.0,1.0,6.25,-0.1,1.24,17.1875,17.03125,16.65625,16.8125,-11.3,100.0,15.0,0.0
26.00537,0x2B0,0.0,0.0,1.0,6.25,-0.1,1.24,17.1875,17.03125,16.65625,16.8125,-10.5,84.0,15.0,0.0
26.00778,0x316,0.0,0.0,1.0,6.25,-0.1,1.24,17.1875,17.03125,16.65625,16.8125,-10.5,84.0,15.0,0.0
26.01538,0x220,0.0,0.0,1.0,6.25,0.1,1.25,17.1875,17.03125,16.65625,16.8125,-10.5,84.0,15.0,0.0
26.01556,0x2B0,0.0,0.0,1.0,6.25,0.1,1.25,17.1875,17.03125,16.65625,16.8125,-9.9,68.0,15.0,0.0
26.01579,0x386,0.0,0.0,1.0,6.25,0.1,1.25,17.15625,17.03125,16.65625,16.78125,-9.9,68.0,15.0,0.0
26.01779,0x316,0.0,0.0,1.0,6.25,0.1,1.25,17.15625,17.03125,16.65625,16.78125,-9.9,68.0,15.0,0.0
26.02519,0x220,0.0,0.0,1.0,6.25,0.26,1.2,17.15625,17.03125,16.65625,16.78125,-9.9,68.0,15.0,0.0
26.02537,0x2B0,0.0,0.0,1.0,6.25,0.26,1.2,17.15625,17.03125,16.65625,16.78125,-9.5,48.0,15.0,0.0
26.02785,0x316,0.0,0.0,1.0,6.25,0.26,1.2,17.15625,17.03125,16.65625,16.78125,-9.5,48.0,15.0,0.0
26.03538,0x220,0.0,0.0,1.0,6.25,0.39,1.12,17.15625,17.03125,16.65625,16.78125,-9.5,48.0,15.0,0.0
26.03556,0x2B0,0.0,0.0,1.0,6.25,0.39,1.12,17.15625,17.03125,16.65625,16.78125,-9.5,20.0,15.0,0.0
26.03579,0x386,0.0,0.0,1.0,6.25,0.39,1.12,17.125,17.03125,16.625,16.78125,-9.5,20.0,15.0,0.0
26.03797,0x316,0.0,0.0,1.0,6.25,0.39,1.12,17.125,17.03125,16.625,16.78125,-9.5,20.0,15.0,0.0
26.04519,0x220,0.0,0.0,1.0,6.25,0.51,1.05,17.125,17.03125,16.625,16.78125,-9.5,20.0,15.0,0.0
26.04538,0x2B0,0.0,0.0,1.0,6.25,0.51,1.05,17.125,17.03125,16.625,16.78125,-9.4,0.0,15.0,0.0
26.04851,0x316,0.0,0.0,1.0,6.25,0.51,1.05,17.125,17.03125,16.625,16.78125,-9.4,0.0,15.0,0.0
26.05538,0x220,0.0,0.0,1.0,6.25,0.66,0.96,17.125,17.03125,16.625,16.78125,-9.4,0.0,15.0,0.0
26.05556,0x2B0,0.0,0.0,1.0,6.25,0.66,0.96,17.125,17.03125,16.625,16.78125,-9.4,0.0,15.0,0.0
26.05579,0x386,0.0,0.0,1.0,6.25,0.66,0.96,17.125,17.0,16.5625,16.71875,-9.4,0.0,15.0,0.0
26.05773,0x316,0.0,0.0,1.0,6.25,0.66,0.96,17.125,17.0,16.5625,16.71875,-9.4,0.0,15.0,0.0
26.06519,0x220,0.0,0.0,1.0,6.25,0.81,0.84,17.125,17.0,16.5625,16.71875,-9.4,0.0,15.0,0.0
26.06538,0x2B0,0.0,0.0,1.0,6.25,0.81,0.84,17.125,17.0,16.5625,16.71875,-9.4,0.0,15.0,0.0
26.06789,0x316,0.0,0.0,1.0,6.25,0.81,0.84,17.125,17.0,16.5625,16.71875,-9.4,0.0,15.0,0.0
26.07537,0x220,0.0,0.0,1.0,6.25,0.94,0.72,17.125,17.0,16.5625,16.71875,-9.4,0.0,15.0,0.0
26.07556,0x2B0,0.0,0.0,1.0,6.25,0.94,0.72,17.125,17.0,16.5625,16.71875,-10.1,32.0,15.0,0.0
26.07579,0x386,0.0,0.0,1.0,6.25,0.94,0.72,17.125,17.0625,16.625,16.78125,-10.1,32.0,15.0,0.0
26.07802,0x316,0.0,0.0,1.0,6.25,0.94,0.72,17.125,17.0625,16.625,16.78125,-10.1,32.0,15.0,0.0
26.0852,0x220,0.0,0.0,1.0,6.25,1.02,0.64,17.125,17.0625,16.625,16.78125,-10.1,32.0,15.0,0.0
26.08538,0x2B0,0.0,0.0,1.0,6.25,1.02,0.64,17.125,17.0625,16.625,16.78125,-10.6,60.0,15.0,0.0
26.08783,0x316,0.0,0.0,1.0,6.25,1.02,0.64,17.125,17.0625,16.625,16.78125,-10.6,60.0,15.0,0.0
26.09537,0x220,0.0,0.0,1.0,6.25,1.08,0.61,17.125,17.0625,16.625,16.78125,-10.6,60.0,15.0,0.0
26.09555,0x2B0,0.0,0.0,1.0,6.25,1.08,0.61,17.125,17.0625,16.625,16.78125,-11.3,60.0,15.0,0.0
26.09578,0x386,0.0,0.0,1.0,6.25,1.08,0.61,17.125,17.09375,16.59375,16.78125,-11.3,60.0,15.0,0.0
26.09774,0x316,0.0,0.0,1.0,6.25,1.08,0.61,17.125,17.09375,16.59375,16.78125,-11.3,60.0,15.0,0.0
26.10519,0x220,0.0,0.0,1.0,6.25,1.15,0.57,17.125,17.09375,16.59375,16.78125,-11.3,60.0,15.0,0.0
26.1054,0x2B0,0.0,0.0,1.0,6.25,1.15,0.57,17.125,17.09375,16.59375,16.78125,-12.1,72.0,15.0,0.0
26.10784,0x316,0.0,0.0,1.0,6.25,1.15,0.57,17.125,17.09375,16.59375,16.78125,-12.1,72.0,15.0,0.0
26.11538,0x220,0.0,0.0,1.0,6.25,1.21,0.49,17.125,17.09375,16.59375,16.78125,-12.1,72.0,15.0,0.0
26.11557,0x2B0,0.0,0.0,1.0,6.25,1.21,0.49,17.125,17.09375,16.59375,16.78125,-13.1,88.0,15.0,0.0
26.1158,0x386,0.0,0.0,1.0,6.25,1.21,0.49,17.09375,17.09375,16.53125,16.6875,-13.1,88.0,15.0,0.0
26.11786,0x316,0.0,0.0,1.0,6.25,1.21,0.49,17.09375,17.09375,16.53125,16.6875,-13.1,88.0,15.0,0.0
26.12519,0x220,0.0,0.0,1.0,6.25,1.26,0.37,17.09375,17.09375,16.53125,16.6875,-13.1,88.0,15.0,0.0
26.12538,0x2B0,0.0,0.0,1.0,6.25,1.26,0.37,17.09375,17.09375,16.53125,16.6875,-14.1,100.0,15.0,0.0
26.12782,0x316,0.0,0.0,1.0,6.25,1.26,0.37,17.09375,17.09375,16.53125,16.6875,-14.1,100.0,15.0,0.0
26.13538,0x220,0.0,0.0,1.0,6.25,1.32,0.25,17.09375,17.09375,16.53125,16.6875,-14.1,100.0,15.0,0.0
26.13556,0x2B0,0.0,0.0,1.0,6.25,1.32,0.25,17.09375,17.09375,16.53125,16.6875,-15.1,100.0,15.0,0.0
26.13579,0x386,0.0,0.0,1.0,6.25,1.32,0.25,17.09375,17.125,16.53125,16.75,-15.1,100.0,15.0,0.0
26.1378,0x316,0.0,0.0,1.0,6.25,1.32,0.25,17.09375,17.125,16.53125,16.75,-15.1,100.0,15.0,0.0
26.1452,0x220,0.0,0.0,1.0,6.25,1.36,0.16,17.09375,17.125,16.53125,16.75,-15.1,100.0,15.0,0.0
26.14538,0x2B0,0.0,0.0,1.0,6.25,1.36,0.16,17.09375,17.125,16.53125,16.75,-16.3,108.0,15.0,0.0
26.14861,0x316,0.0,0.0,1.0,6.25,1.36,0.16,17.09375,17.125,16.53125,16.75,-16.3,108.0,15.0,0.0
26.15538,0x220,0.0,0.0,1.0,6.25,1.38,0.08,17.09375,17.125,16.53125,16.75,-16.3,108.0,15.0,0.0
26.15556,0x2B0,0.0,0.0,1.0,6.25,1.38,0.08,17.09375,17.125,16.53125,16.75,-17.4,112.0,15.0,0.0
26.15579,0x386,0.0,0.0,1.0,6.25,1.38,0.08,17.03125,17.09375,16.59375,16.75,-17.4,112.0,15.0,0.0
26.15786,0x316,0.0,0.0,1.0,6.25,1.38,0.08,17.03125,17.09375,16.59375,16.75,-17.4,112.0,15.0,0.0
26.1652,0x220,0.0,0.0,1.0,6.25,1.33,0.04,17.03125,17.09375,16.59375,16.75,-17.4,112.0,15.0,0.0
26.16539,0x2B0,0.0,0.0,1.0,6.25,1.33,0.04,17.03125,17.09375,16.59375,16.75,-18.7,120.0,15.0,0.0
26.16785,0x316,0.0,0.0,1.0,6.25,1.33,0.04,17.03125,17.09375,16.59375,16.75,-18.7,120.0,15.0,0.0
26.17539,0x220,0.0,0.0,1.0,6.25,1.31,0.03,17.03125,17.09375,16.59375,16.75,-18.7,120.0,15.0,0.0
26.17557,0x2B0,0.0,0.0,1.0,6.25,1.31,0.03,17.03125,17.09375,16.59375,16.75,-20.0,128.0,15.0,0.0
26.1758,0x386,0.0,0.0,1.0,6.25,1.31,0.03,17.03125,17.0625,16.65625,16.75,-20.0,128.0,15.0,0.0
26.17791,0x316,0.0,0.0,1.0,6.25,1.31,0.03,17.03125,17.0625,16.65625,16.75,-20.0,128.0,15.0,0.0
26.18521,0x220,0.0,0.0,1.0,6.25,1.31,0.01,17.03125,17.0625,16.65625,16.75,-20.0,128.0,15.0,0.0
26.18539,0x2B0,0.0,0.0,1.0,6.25,1.31,0.01,17.03125,17.0625,16.65625,16.75,-21.4,132.0,15.0,0.0
26.18787,0x316,0.0,0.0,1.0,6.25,1.31,0.01,17.03125,17.0625,16.65625,16.75,-21.4,132.0,15.0,0.0
26.19539,0x220,0.0,0.0,1.0,6.25,1.34,-0.05,17.03125,17.0625,16.65625,16.75,-21.4,132.0,15.0,0.0
26.19557,0x2B0,0.0,0.0,1.0,6.25,1.34,-0.05,17.03125,17.0625,16.65625,16.75,-22.7,132.0,15.0,0.0
26.1958,0x386,0.0,0.0,1.0,6.25,1.34,-0.05,17.03125,17.0625,16.6875,16.75,-22.7,132.0,15.0,0.0
26.19784,0x316,0.0,0.0,1.0,6.25,1.34,-0.05,17.03125,17.0625,16.6875,16.75,-22.7,132.0,15.0,0.0
26.20519,0x220,0.0,0.0,1.0,6.25,1.35,-0.18,17.03125,17.0625,16.6875,16.75,-22.7,132.0,15.0,0.0
26.20539,0x2B0,0.0,0.0,1.0,6.25,1.35,-0.18,17.03125,17.0625,16.6875,16.75,-24.2,140.0,15.0,0.0
26.20778,0x316,0.0,0.0,1.0,6.25,1.35,-0.18,17.03125,17.0625,16.6875,16.75,-24.2,140.0,15.0,0.0
26.21538,0x220,0.0,0.0,1.0,6.25,1.28,-0.27,17.03125,17.0625,16.6875,16.75,-24.2,140.0,15.0,0.0
26.21557,0x2B0,0.0,0.0,1.0,6.25,1.28,-0.27,17.03125,17.0625,16.6875,16.75,-25.7,148.0,15.0,0.0
26.2158,0x386,0.0,0.0,1.0,6.25,1.28,-0.27,16.9375,17.09375,16.65625,16.6875,-25.7,148.0,15.0,0.0
26.21775,0x316,0.0,0.0,1.0,6.25,1.28,-0.27,16.9375,17.09375,16.65625,16.6875,-25.7,148.0,15.0,0.0
26.2252,0x220,0.0,0.0,1.0,6.25,1.21,-0.32,16.9375,17.09375,16.65625,16.6875,-25.7,148.0,15.0,0.0
26.22539,0x2B0,0.0,0.0,1.0,6.25,1.21,-0.32,16.9375,17.09375,16.65625,16.6875,-27.2,148.0,15.0,0.0
26.22785,0x316,0.0,0.0,1.0,6.25,1.21,-0.32,16.9375,17.09375,16.65625,16.6875,-27.2,148.0,15.0,0.0
26.23537,0x220,0.0,0.0,1.0,6.25,1.12,-0.37,16.9375,17.09375,16.65625,16.6875,-27.2,148.0,15.0,0.0
26.23555,0x2B0,0.0,0.0,1.0,6.25,1.12,-0.37,16.9375,17.09375,16.65625,16.6875,-28.7,148.0,15.0,0.0
26.23578,0x386,0.0,0.0,1.0,6.25,1.12,-0.37,17.40625,17.53125,16.6875,16.65625,-28.7,148.0,15.0,0.0
26.23793,0x316,0.0,0.0,1.0,6.25,1.12,-0.37,17.40625,17.53125,16.6875,16.65625,-28.7,148.0,15.0,0.0
26.2452,0x220,0.0,0.0,1.0,6.25,1.03,-0.42,17.40625,17.53125,16.6875,16.65625,-28.7,148.0,15.0,0.0
26.24543,0x2B0,0.0,0.0,1.0,6.25,1.03,-0.42,17.40625,17.53125,16.6875,16.65625,-30.2,148.0,15.0,0.0
26.24854,0x316,0.0,0.0,1.0,6.25,1.03,-0.42,17.40625,17.53125,16.6875,16.65625,-30.2,148.0,15.0,0.0
26.25538,0x220,0.0,0.0,1.0,6.25,0.95,-0.48,17.40625,17.53125,16.6875,16.65625,-30.2,148.0,15.0,0.0
26.25556,0x2B0,0.0,0.0,1.0,6.25,0.95,-0.48,17.40625,17.53125,16.6875,16.65625,-31.8,152.0,15.0,0.0
26.25579,0x386,0.0,0.0,1.0,6.25,0.95,-0.48,16.875,16.6875,16.6875,16.6875,-31.8,152.0,15.0,0.0
26.25774,0x316,0.0,0.0,1.0,6.25,0.95,-0.48,16.875,16.6875,16.6875,16.6875,-31.8,152.0,15.0,0.0
26.26519,0x220,0.0,0.0,1.0,6.25,0.86,-0.54,16.875,16.6875,16.6875,16.6875,-31.8,152.0,15.0,0.0
26.26537,0x2B0,0.0,0.0,1.0,6.25,0.86,-0.54,16.875,16.6875,16.6875,16.6875,-33.5,164.0,15.0,0.0
26.26789,0x316,0.0,0.0,1.0,6.25,0.86,-0.54,16.875,16.6875,16.6875,16.6875,-33.5,164.0,15.0,0.0
26.27537,0x220,0.0,0.0,1.0,6.25,0.82,-0.58,16.875,16.6875,16.6875,16.6875,-33.5,164.0,15.0,0.0
26.27555,0x2B0,0.0,0.0,1.0,6.25,0.82,-0.58,16.875,16.6875,16.6875,16.6875,-35.1,164.0,15.0,0.0
26.27578,0x386,0.0,0.0,1.0,6.25,0.82,-0.58,17.6875,16.84375,16.6875,16.71875,-35.1,164.0,15.0,0.0
26.27802,0x316,0.0,0.0,1.0,6.25,0.82,-0.58,17.6875,16.84375,16.6875,16.71875,-35.1,164.0,15.0,0.0
26.2852,0x220,0.0,0.0,1.0,6.25,0.76,-0.58,17.6875,16.84375,16.6875,16.71875,-35.1,164.0,15.0,0.0
26.28541,0x2B0,0.0,0.0,1.0,6.25,0.76,-0.58,17.6875,16.84375,16.6875,16.71875,-36.8,164.0,15.0,0.0
26.28782,0x316,0.0,0.0,1.0,6.25,0.76,-0.58,17.6875,16.84375,16.6875,16.71875,-36.8,164.0,15.0,0.0
26.29538,0x220,0.0,0.0,1.0,6.25,0.65,-0.57,17.6875,16.84375,16.6875,16.71875,-36.8,164.0,15.0,0.0
26.29557,0x2B0,0.0,0.0,1.0,6.25,0.65,-0.57,17.6875,16.84375,16.6875,16.71875,-38.5,168.0,15.0,0.0
26.2958,0x386,0.0,0.0,1.0,6.25,0.65,-0.57,16.6875,16.90625,16.6875,16.6875,-38.5,168.0,15.0,0.0
26.29774,0x316,0.0,0.0,1.0,6.25,0.65,-0.57,16.6875,16.90625,16.6875,16.6875,-38.5,168.0,15.0,0.0
