Time,CAN_ID,TCS_CTL,ABS_ACT,ESP_CTL,TQI_TCS,Yaw_Rate,Lateral_Accel,WHL_SPD_FL,WHL_SPD_FR,WHL_SPD_RL,WHL_SPD_RR,SAS_Angle,SAS_Speed,Accel_Pedal_Pos,Brake_Pedal_Pos
0.00577,0x220,0.0,0.0,1.0,6.25,1.38,0.2,20.1875,20.28125,19.71875,19.84375,1.1,20.0,5.0,0.0
0.00599,0x386,0.0,0.0,1.0,6.25,1.38,0.2,20.1875,20.28125,19.71875,19.84375,1.1,20.0,5.0,0.0
0.00749,0x316,0.0,0.0,1.0,6.25,1.38,0.2,20.1875,20.28125,19.71875,19.84375,1.1,20.0,5.0,0.0
0.01088,0x2B0,0.0,0.0,1.0,6.25,1.38,0.2,20.1875,20.28125,19.71875,19.84375,1.1,20.0,5.0,0.0
0.01577,0x220,0.0,0.0,1.0,6.25,1.37,0.23,20.1875,20.28125,19.71875,19.84375,1.1,20.0,5.0,0.0
0.01748,0x316,0.0,0.0,1.0,6.25,1.37,0.23,20.1875,20.28125,19.71875,19.84375,1.1,20.0,5.0,0.0
0.02084,0x2B0,0.0,0.0,1.0,6.25,1.37,0.23,20.1875,20.28125,19.71875,19.84375,1.1,0.0,5.0,0.0
0.02578,0x220,0.0,0.0,1.0,6.25,1.34,0.24,20.1875,20.28125,19.71875,19.84375,1.1,0.0,5.0,0.0
0.02601,0x386,0.0,0.0,1.0,6.25,1.34,0.24,20.15625,20.15625,19.59375,19.8125,1.1,0.0,5.0,0.0
0.02749,0x316,0.0,0.0,1.0,6.25,1.34,0.24,20.15625,20.15625,19.59375,19.8125,1.1,0.0,5.0,0.0
0.03078,0x2B0,0.0,0.0,1.0,6.25,1.34,0.24,20.15625,20.15625,19.59375,19.8125,1.4,12.0,5.0,0.0
0.03577,0x220,0.0,0.0,1.0,6.25,1.4,0.21,20.15625,20.15625,19.59375,19.8125,1.4,12.0,5.0,0.0
0.0376,0x316,0.0,0.0,1.0,6.25,1.4,0.21,20.15625,20.15625,19.59375,19.8125,1.4,12.0,5.0,0.0
0.04083,0x2B0,0.0,0.0,1.0,6.25,1.4,0.21,20.15625,20.15625,19.59375,19.8125,1.4,12.0,5.0,0.0
0.04577,0x220,0.0,0.0,1.0,6.25,1.5,0.18,20.15625,20.15625,19.59375,19.8125,1.4,12.0,5.0,0.0
0.046,0x386,0.0,0.0,1.0,6.25,1.5,0.18,20.1875,20.09375,19.625,19.75,1.4,12.0,5.0,0.0
0.04747,0x316,0.0,0.0,1.0,6.25,1.5,0.18,20.1875,20.09375,19.625,19.75,1.4,12.0,5.0,0.0
0.05078,0x2B0,0.0,0.0,1.0,6.25,1.5,0.18,20.1875,20.09375,19.625,19.75,1.6,8.0,5.0,0.0
0.05577,0x220,0.0,0.0,1.0,6.25,1.56,0.15,20.1875,20.09375,19.625,19.75,1.6,8.0,5.0,0.0
0.0575,0x316,0.0,0.0,1.0,6.25,1.56,0.15,20.1875,20.09375,19.625,19.75,1.6,8.0,5.0,0.0
0.06082,0x2B0,0.0,0.0,1.0,6.25,1.56,0.15,20.1875,20.09375,19.625,19.75,1.6,8.0,5.0,0.0
0.06577,0x220,0.0,0.0,1.0,6.25,1.58,0.15,20.1875,20.09375,19.625,19.75,1.6,8.0,5.0,0.0
0.066,0x386,0.0,0.0,1.0,6.25,1.58,0.15,20.15625,20.09375,19.59375,19.875,1.6,8.0,5.0,0.0
0.06775,0x316,0.0,0.0,1.0,6.25,1.58,0.15,20.15625,20.09375,19.59375,19.875,1.6,8.0,5.0,0.0
0.07081,0x2B0,0.0,0.0,1.0,6.25,1.58,0.15,20.15625,20.09375,19.59375,19.875,1.8,8.0,5.0,0.0
0.07577,0x220,0.0,0.0,1.0,6.25,1.55,0.17,20.15625,20.09375,19.59375,19.875,1.8,8.0,5.0,0.0
0.07799,0x316,0.0,0.0,1.0,6.25,1.55,0.17,20.15625,20.09375,19.59375,19.875,1.8,8.0,5.0,0.0
0.08077,0x2B0,0.0,0.0,1.0,6.25,1.55,0.17,20.15625,20.09375,19.59375,19.875,1.8,8.0,5.0,0.0
0.08577,0x220,0.0,0.0,1.0,6.25,1.45,0.19,20.15625,20.09375,19.59375,19.875,1.8,8.0,5.0,0.0
0.086,0x386,0.0,0.0,1.0,6.25,1.45,0.19,20.125,20.15625,19.59375,19.8125,1.8,8.0,5.0,0.0
0.0875,0x316,0.0,0.0,1.0,6.25,1.45,0.19,20.125,20.15625,19.59375,19.8125,1.8,8.0,5.0,0.0
0.09079,0x2B0,0.0,0.0,1.0,6.25,1.45,0.19,20.125,20.15625,19.59375,19.8125,1.9,0.0,5.0,0.0
0.09577,0x220,0.0,0.0,1.0,6.25,1.37,0.25,20.125,20.15625,19.59375,19.8125,1.9,0.0,5.0,0.0
0.09758,0x316,0.0,0.0,1.0,6.25,1.37,0.25,20.125,20.15625,19.59375,19.8125,1.9,0.0,5.0,0.0
0.10084,0x2B0,0.0,0.0,1.0,6.25,1.37,0.25,20.125,20.15625,19.59375,19.8125,1.9,0.0,5.0,0.0
0.10577,0x220,0.0,0.0,1.0,6.25,1.35,0.3,20.125,20.15625,19.59375,19.8125,1.9,0.0,5.0,0.0
0.10599,0x386,0.0,0.0,1.0,6.25,1.35,0.3,20.09375,20.15625,19.6875,19.8125,1.9,0.0,5.0,0.0
0.10749,0x316,0.0,0.0,1.0,6.25,1.35,0.3,20.09375,20.15625,19.6875,19.8125,1.9,0.0,5.0,0.0
0.11088,0x2B0,0.0,0.0,1.0,6.25,1.35,0.3,20.09375,20.15625,19.6875,19.8125,2.1,8.0,5.0,0.0
0.11577,0x220,0.0,0.0,1.0,6.25,1.36,0.28,20.09375,20.15625,19.6875,19.8125,2.1,8.0,5.0,0.0
0.11761,0x316,0.0,0.0,1.0,6.25,1.36,0.28,20.09375,20.15625,19.6875,19.8125,2.1,8.0,5.0,0.0
0.12075,0x2B0,0.0,0.0,1.0,6.25,1.36,0.28,20.09375,20.15625,19.6875,19.8125,2.1,8.0,5.0,0.0
0.12577,0x220,0.0,0.0,1.0,6.25,1.43,0.22,20.09375,20.15625,19.6875,19.8125,2.1,8.0,5.0,0.0
0.126,0x386,0.0,0.0,1.0,6.25,1.43,0.22,20.09375,20.125,19.71875,19.84375,2.1,8.0,5.0,0.0
0.12749,0x316,0.0,0.0,1.0,6.25,1.43,0.22,20.09375,20.125,19.71875,19.84375,2.1,8.0,5.0,0.0
0.13077,0x2B0,0.0,0.0,1.0,6.25,1.43,0.22,20.09375,20.125,19.71875,19.84375,2.3,8.0,5.0,0.0
0.13578,0x220,0.0,0.0,1.0,6.25,1.53,0.15,20.09375,20.125,19.71875,19.84375,2.3,8.0,5.0,0.0
0.13747,0x316,0.0,0.0,1.0,6.25,1.53,0.15,20.09375,20.125,19.71875,19.84375,2.3,8.0,5.0,0.0
0.1408,0x2B0,0.0,0.0,1.0,6.25,1.53,0.15,20.09375,20.125,19.71875,19.84375,2.3,8.0,5.0,0.0
0.14577,0x220,0.0,0.0,1.0,6.25,1.56,0.13,20.09375,20.125,19.71875,19.84375,2.3,8.0,5.0,0.0
0.146,0x386,0.0,0.0,1.0,6.25,1.56,0.13,20.0625,20.15625,19.625,19.875,2.3,8.0,5.0,0.0
0.14744,0x316,0.0,0.0,1.0,6.25,1.56,0.13,20.0625,20.15625,19.625,19.875,2.3,8.0,5.0,0.0
0.15076,0x2B0,0.0,0.0,1.0,6.25,1.56,0.13,20.0625,20.15625,19.625,19.875,2.4,0.0,5.0,0.0
0.15578,0x220,0.0,0.0,1.0,6.25,1.55,0.16,20.0625,20.15625,19.625,19.875,2.4,0.0,5.0,0.0
0.1576,0x316,0.0,0.0,1.0,6.25,1.55,0.16,20.0625,20.15625,19.625,19.875,2.4,0.0,5.0,0.0
0.16073,0x2B0,0.0,0.0,1.0,6.25,1.55,0.16,20.0625,20.15625,19.625,19.875,2.4,0.0,5.0,0.0
0.16577,0x220,0.0,0.0,1.0,6.25,1.54,0.15,20.0625,20.15625,19.625,19.875,2.4,0.0,5.0,0.0
0.166,0x386,0.0,0.0,1.0,6.25,1.54,0.15,20.09375,20.15625,19.6875,19.8125,2.4,0.0,5.0,0.0
0.16773,0x316,0.0,0.0,1.0,6.25,1.54,0.15,20.09375,20.15625,19.6875,19.8125,2.4,0.0,5.0,0.0
0.17072,0x2B0,0.0,0.0,1.0,6.25,1.54,0.15,20.09375,20.15625,19.6875,19.8125,2.4,0.0,5.0,0.0
0.17578,0x220,0.0,0.0,1.0,6.25,1.51,0.1,20.09375,20.15625,19.6875,19.8125,2.4,0.0,5.0,0.0
0.17768,0x316,0.0,0.0,1.0,6.25,1.51,0.1,20.09375,20.15625,19.6875,19.8125,2.4,0.0,5.0,0.0
0.18078,0x2B0,0.0,0.0,1.0,6.25,1.51,0.1,20.09375,20.15625,19.6875,19.8125,2.4,0.0,5.0,0.0
0.18577,0x220,0.0,0.0,1.0,6.25,1.5,0.1,20.09375,20.15625,19.6875,19.8125,2.4,0.0,5.0,0.0
0.186,0x386,0.0,0.0,1.0,6.25,1.5,0.1,20.03125,20.09375,19.71875,19.875,2.4,0.0,5.0,0.0
0.18748,0x316,0.0,0.0,1.0,6.25,1.5,0.1,20.03125,20.09375,19.71875,19.875,2.4,0.0,5.0,0.0
0.19076,0x2B0,0.0,0.0,1.0,6.25,1.5,0.1,20.03125,20.09375,19.71875,19.875,2.6,8.0,5.0,0.0
0.19577,0x220,0.0,0.0,1.0,6.25,1.52,0.12,20.03125,20.09375,19.71875,19.875,2.6,8.0,5.0,0.0
0.19764,0x316,0.0,0.0,1.0,6.25,1.52,0.12,20.03125,20.09375,19.71875,19.875,2.6,8.0,5.0,0.0
0.20075,0x2B0,0.0,0.0,1.0,6.25,1.52,0.12,20.03125,20.09375,19.71875,19.875,2.6,8.0,5.0,0.0
0.20577,0x220,0.0,0.0,1.0,6.25,1.62,0.11,20.03125,20.09375,19.71875,19.875,2.6,8.0,5.0,0.0
0.206,0x386,0.0,0.0,1.0,6.25,1.62,0.11,20.03125,20.0625,19.75,19.75,2.6,8.0,5.0,0.0
0.20754,0x316,0.0,0.0,1.0,6.25,1.62,0.11,20.03125,20.0625,19.75,19.75,2.6,8.0,5.0,0.0
0.21087,0x2B0,0.0,0.0,1.0,6.25,1.62,0.11,20.03125,20.0625,19.75,19.75,2.6,0.0,5.0,0.0
0.21578,0x220,0.0,0.0,1.0,6.25,1.69,0.09,20.03125,20.0625,19.75,19.75,2.6,0.0,5.0,0.0
0.21747,0x316,0.0,0.0,1.0,6.25,1.69,0.09,20.03125,20.0625,19.75,19.75,2.6,0.0,2.0,0.0
0.22073,0x2B0,0.0,0.0,1.0,6.25,1.69,0.09,20.03125,20.0625,19.75,19.75,2.6,0.0,2.0,0.0
0.22578,0x220,0.0,0.0,1.0,6.25,1.74,0.06,20.03125,20.0625,19.75,19.75,2.6,0.0,2.0,0.0
0.22601,0x386,0.0,0.0,1.0,6.25,1.74,0.06,20.0625,20.125,19.75,19.78125,2.6,0.0,2.0,0.0
0.22745,0x316,0.0,0.0,1.0,6.25,1.74,0.06,20.0625,20.125,19.75,19.78125,2.6,0.0,2.0,0.0
0.23076,0x2B0,0.0,0.0,1.0,6.25,1.74,0.06,20.0625,20.125,19.75,19.78125,2.7,0.0,2.0,0.0
0.23577,0x220,0.0,0.0,1.0,6.25,1.76,0.07,20.0625,20.125,19.75,19.78125,2.7,0.0,2.0,0.0
0.23758,0x316,0.0,0.0,1.0,6.25,1.76,0.07,20.0625,20.125,19.75,19.78125,2.7,0.0,2.0,0.0
0.24073,0x2B0,0.0,0.0,1.0,6.25,1.76,0.07,20.0625,20.125,19.75,19.78125,2.7,0.0,2.0,0.0
0.24578,0x220,0.0,0.0,1.0,6.25,1.72,0.06,20.0625,20.125,19.75,19.78125,2.7,0.0,2.0,0.0
0.24601,0x386,0.0,0.0,1.0,6.25,1.72,0.06,20.0625,20.09375,19.71875,19.78125,2.7,0.0,2.0,0.0
0.24754,0x316,0.0,0.0,1.0,6.25,1.72,0.06,20.0625,20.09375,19.71875,19.78125,2.7,0.0,2.0,0.0
0.25075,0x2B0,0.0,0.0,1.0,6.25,1.72,0.06,20.0625,20.09375,19.71875,19.78125,2.8,0.0,2.0,0.0
0.25577,0x220,0.0,0.0,1.0,6.25,1.66,0.05,20.0625,20.09375,19.71875,19.78125,2.8,0.0,2.0,0.0
0.25749,0x316,0.0,0.0,1.0,6.25,1.66,0.05,20.0625,20.09375,19.71875,19.78125,2.8,0.0,2.0,0.0
0.26073,0x2B0,0.0,0.0,1.0,6.25,1.66,0.05,20.0625,20.09375,19.71875,19.78125,2.8,0.0,2.0,0.0
0.26577,0x220,0.0,0.0,1.0,6.25,1.64,0.05,20.0625,20.09375,19.71875,19.78125,2.8,0.0,2.0,0.0
0.266,0x386,0.0,0.0,1.0,6.25,1.64,0.05,20.0625,20.375,19.6875,19.71875,2.8,0.0,2.0,0.0
0.26771,0x316,0.0,0.0,1.0,6.25,1.64,0.05,20.0625,20.375,19.6875,19.71875,2.8,0.0,2.0,0.0
0.27072,0x2B0,0.0,0.0,1.0,6.25,1.64,0.05,20.0625,20.375,19.6875,19.71875,2.8,0.0,2.0,0.0
0.27578,0x220,0.0,0.0,1.0,6.25,1.63,0.04,20.0625,20.375,19.6875,19.71875,2.8,0.0,2.0,0.0
0.27782,0x316,0.0,0.0,1.0,6.25,1.63,0.04,20.0625,20.375,19.6875,19.71875,2.8,0.0,2.0,0.0
0.28078,0x2B0,0.0,0.0,1.0,6.25,1.63,0.04,20.0625,20.375,19.6875,19.71875,2.8,0.0,2.0,0.0
0.28578,0x220,0.0,0.0,1.0,6.25,1.62,0.05,20.0625,20.375,19.6875,19.71875,2.8,0.0,2.0,0.0
0.286,0x386,0.0,0.0,1.0,6.25,1.62,0.05,20.25,20.125,19.65625,19.8125,2.8,0.0,2.0,0.0
0.28753,0x316,0.0,0.0,1.0,6.25,1.62,0.05,20.25,20.125,19.65625,19.8125,2.8,0.0,2.0,0.0
0.29073,0x2B0,0.0,0.0,1.0,6.25,1.62,0.05,20.25,20.125,19.65625,19.8125,2.9,0.0,2.0,0.0
0.29578,0x220,0.0,0.0,1.0,6.25,1.61,0.06,20.25,20.125,19.65625,19.8125,2.9,0.0,2.0,0.0
0.29757,0x316,0.0,0.0,1.0,6.25,1.61,0.06,20.25,20.125,19.65625,19.8125,2.9,0.0,5.0,0.0
0.30069,0x2B0,0.0,0.0,1.0,6.25,1.61,0.06,20.25,20.125,19.65625,19.8125,2.9,0.0,5.0,0.0
0.30577,0x220,0.0,0.0,1.0,6.25,1.63,0.05,20.25,20.125,19.65625,19.8125,2.9,0.0,5.0,0.0
0.306,0x386,0.0,0.0,1.0,6.25,1.63,0.05,20.125,20.1875,19.65625,19.6875,2.9,0.0,5.0,0.0
0.30749,0x316,0.0,0.0,1.0,6.25,1.63,0.05,20.125,20.1875,19.65625,19.6875,2.9,0.0,5.0,0.0
0.3107,0x2B0,0.0,0.0,1.0,6.25,1.63,0.05,20.125,20.1875,19.65625,19.6875,2.9,0.0,5.0,0.0
0.31577,0x220,0.0,0.0,1.0,6.25,1.64,0.08,20.125,20.1875,19.65625,19.6875,2.9,0.0,5.0,0.0
0.31752,0x316,0.0,0.0,1.0,6.25,1.64,0.08,20.125,20.1875,19.65625,19.6875,2.9,0.0,5.0,0.0
0.32072,0x2B0,0.0,0.0,1.0,6.25,1.64,0.08,20.125,20.1875,19.65625,19.6875,2.9,0.0,5.0,0.0
0.32578,0x220,0.0,0.0,1.0,6.25,1.63,0.15,20.125,20.1875,19.65625,19.6875,2.9,0.0,5.0,0.0
0.32601,0x386,0.0,0.0,1.0,6.25,1.63,0.15,20.125,20.0625,19.625,19.75,2.9,0.0,5.0,0.0
0.32752,0x316,0.0,0.0,1.0,6.25,1.63,0.15,20.125,20.0625,19.625,19.75,2.9,0.0,2.0,0.0
0.33071,0x2B0,0.0,0.0,1.0,6.25,1.63,0.15,20.125,20.0625,19.625,19.75,2.9,0.0,2.0,0.0
0.33578,0x220,0.0,0.0,1.0,6.25,1.64,0.23,20.125,20.0625,19.625,19.75,2.9,0.0,2.0,0.0
0.33745,0x316,0.0,0.0,1.0,6.25,1.64,0.23,20.125,20.0625,19.625,19.75,2.9,0.0,2.0,0.0
0.34078,0x2B0,0.0,0.0,1.0,6.25,1.64,0.23,20.125,20.0625,19.625,19.75,2.9,0.0,2.0,0.0
0.34578,0x220,0.0,0.0,1.0,6.25,1.67,0.26,20.125,20.0625,19.625,19.75,2.9,0.0,2.0,0.0
0.34601,0x386,0.0,0.0,1.0,6.25,1.67,0.26,20.0625,20.09375,19.46875,19.71875,2.9,0.0,2.0,0.0
0.34745,0x316,0.0,0.0,1.0,6.25,1.67,0.26,20.0625,20.09375,19.46875,19.71875,2.9,0.0,0.0,0.0
0.35075,0x2B0,0.0,0.0,1.0,6.25,1.67,0.26,20.0625,20.09375,19.46875,19.71875,3.1,8.0,0.0,0.0
0.35578,0x220,0.0,0.0,1.0,6.25,1.7,0.25,20.0625,20.09375,19.46875,19.71875,3.1,8.0,0.0,0.0
0.35759,0x316,0.0,0.0,1.0,6.25,1.7,0.25,20.0625,20.09375,19.46875,19.71875,3.1,8.0,0.0,0.0
0.3607,0x2B0,0.0,0.0,1.0,6.25,1.7,0.25,20.0625,20.09375,19.46875,19.71875,3.1,8.0,0.0,0.0
0.36577,0x220,0.0,0.0,1.0,6.25,1.67,0.15,20.0625,20.09375,19.46875,19.71875,3.1,8.0,0.0,0.0
0.366,0x386,0.0,0.0,1.0,6.25,1.67,0.15,20.0625,19.96875,19.53125,19.8125,3.1,8.0,0.0,0.0
0.36782,0x316,0.0,0.0,1.0,6.25,1.67,0.15,20.0625,19.96875,19.53125,19.8125,3.1,8.0,0.0,0.0
0.3707,0x2B0,0.0,0.0,1.0,6.25,1.67,0.15,20.0625,19.96875,19.53125,19.8125,3.1,0.0,0.0,0.0
0.37579,0x220,0.0,0.0,1.0,6.25,1.61,0.07,20.0625,19.96875,19.53125,19.8125,3.1,0.0,0.0,0.0
0.37763,0x316,0.0,0.0,1.0,6.25,1.61,0.07,20.0625,19.96875,19.53125,19.8125,3.1,0.0,0.0,0.0
0.38071,0x2B0,0.0,0.0,1.0,6.25,1.61,0.07,20.0625,19.96875,19.53125,19.8125,3.1,0.0,0.0,0.0
0.38578,0x220,0.0,0.0,1.0,6.25,1.57,0.11,20.0625,19.96875,19.53125,19.8125,3.1,0.0,0.0,0.0
0.38601,0x386,0.0,0.0,1.0,6.25,1.57,0.11,20.0625,19.96875,19.53125,19.75,3.1,0.0,0.0,0.0
0.38742,0x316,0.0,0.0,1.0,6.25,1.57,0.11,20.0625,19.96875,19.53125,19.75,3.1,0.0,0.0,0.0
0.3908,0x2B0,0.0,0.0,1.0,6.25,1.57,0.11,20.0625,19.96875,19.53125,19.75,3.1,0.0,0.0,0.0
0.39578,0x220,0.0,0.0,1.0,6.25,1.57,0.21,20.0625,19.96875,19.53125,19.75,3.1,0.0,0.0,0.0
0.39774,0x316,0.0,0.0,1.0,6.25,1.57,0.21,20.0625,19.96875,19.53125,19.75,3.1,0.0,0.0,0.0
0.40074,0x2B0,0.0,0.0,1.0,6.25,1.57,0.21,20.0625,19.96875,19.53125,19.75,3.2,0.0,0.0,0.0
0.40578,0x220,0.0,0.0,1.0,6.25,1.62,0.27,20.0625,19.96875,19.53125,19.75,3.2,0.0,0.0,0.0
0.40601,0x386,0.0,0.0,1.0,6.25,1.62,0.27,20.0,20.0,19.59375,19.78125,3.2,0.0,0.0,0.0
0.40752,0x316,0.0,0.0,1.0,6.25,1.62,0.27,20.0,20.0,19.59375,19.78125,3.2,0.0,0.0,0.0
0.41087,0x2B0,0.0,0.0,1.0,6.25,1.62,0.27,20.0,20.0,19.59375,19.78125,3.2,0.0,0.0,0.0
0.41578,0x220,0.0,0.0,1.0,6.25,1.7,0.25,20.0,20.0,19.59375,19.78125,3.2,0.0,0.0,0.0
0.41744,0x316,0.0,0.0,1.0,6.25,1.7,0.25,20.0,20.0,19.59375,19.78125,3.2,0.0,0.0,0.0
0.42071,0x2B0,0.0,0.0,1.0,6.25,1.7,0.25,20.0,20.0,19.59375,19.78125,3.2,0.0,0.0,0.0
0.42578,0x220,0.0,0.0,1.0,6.25,1.73,0.22,20.0,20.0,19.59375,19.78125,3.2,0.0,0.0,0.0
0.42601,0x386,0.0,0.0,1.0,6.25,1.73,0.22,20.125,20.4375,19.65625,19.84375,3.2,0.0,0.0,0.0
0.42742,0x316,0.0,0.0,1.0,6.25,1.73,0.22,20.125,20.4375,19.65625,19.84375,3.2,0.0,0.0,0.0
0.43071,0x2B0,0.0,0.0,1.0,6.25,1.73,0.22,20.125,20.4375,19.65625,19.84375,3.2,0.0,0.0,0.0
0.43578,0x220,0.0,0.0,1.0,6.25,1.71,0.19,20.125,20.4375,19.65625,19.84375,3.2,0.0,0.0,0.0
0.43759,0x316,0.0,0.0,1.0,6.25,1.71,0.19,20.125,20.4375,19.65625,19.84375,3.2,0.0,0.0,0.0
0.44071,0x2B0,0.0,0.0,1.0,6.25,1.71,0.19,20.125,20.4375,19.65625,19.84375,3.2,0.0,0.0,0.0
0.44577,0x220,0.0,0.0,1.0,6.25,1.66,0.18,20.125,20.4375,19.65625,19.84375,3.2,0.0,0.0,0.0
0.446,0x386,0.0,0.0,1.0,6.25,1.66,0.18,20.28125,20.15625,19.59375,19.78125,3.2,0.0,0.0,0.0
0.4475,0x316,0.0,0.0,1.0,6.25,1.66,0.18,20.28125,20.15625,19.59375,19.78125,3.2,0.0,0.0,0.0
0.45071,0x2B0,0.0,0.0,1.0,6.25,1.66,0.18,20.28125,20.15625,19.59375,19.78125,3.2,0.0,0.0,0.0
0.45578,0x220,0.0,0.0,1.0,6.25,1.62,0.22,20.28125,20.15625,19.59375,19.78125,3.2,0.0,0.0,0.0
0.45745,0x316,0.0,0.0,1.0,6.25,1.62,0.22,20.28125,20.15625,19.59375,19.78125,3.2,0.0,0.0,0.0
0.46071,0x2B0,0.0,0.0,1.0,6.25,1.62,0.22,20.28125,20.15625,19.59375,19.78125,3.2,0.0,0.0,0.0
0.46578,0x220,0.0,0.0,1.0,6.25,1.63,0.22,20.28125,20.15625,19.59375,19.78125,3.2,0.0,0.0,0.0
0.466,0x386,0.0,0.0,1.0,6.25,1.63,0.22,19.84375,19.75,19.5625,19.75,3.2,0.0,0.0,0.0
0.46771,0x316,0.0,0.0,1.0,6.25,1.63,0.22,19.84375,19.75,19.5625,19.75,3.2,0.0,0.0,0.0
0.47071,0x2B0,0.0,0.0,1.0,6.25,1.63,0.22,19.84375,19.75,19.5625,19.75,3.2,0.0,0.0,0.0
0.47578,0x220,0.0,0.0,1.0,6.25,1.63,0.12,19.84375,19.75,19.5625,19.75,3.2,0.0,0.0,0.0
0.47778,0x316,0.0,0.0,1.0,6.25,1.63,0.12,19.84375,19.75,19.5625,19.75,3.2,0.0,0.0,0.0
0.4807,0x2B0,0.0,0.0,1.0,6.25,1.63,0.12,19.84375,19.75,19.5625,19.75,3.2,0.0,0.0,0.0
0.48578,0x220,0.0,0.0,1.0,6.25,1.65,0.03,19.84375,19.75,19.5625,19.75,3.2,0.0,0.0,0.0
0.486,0x386,0.0,0.0,1.0,6.25,1.65,0.03,19.84375,20.4375,19.5,19.65625,3.2,0.0,0.0,0.0
0.48749,0x316,0.0,0.0,1.0,6.25,1.65,0.03,19.84375,20.4375,19.5,19.65625,3.2,0.0,0.0,0.0
0.49071,0x2B0,0.0,0.0,1.0,6.25,1.65,0.03,19.84375,20.4375,19.5,19.65625,3.2,0.0,0.0,0.0
0.49578,0x220,0.0,0.0,1.0,6.25,1.69,0.03,19.84375,20.4375,19.5,19.65625,3.2,0.0,0.0,0.0
0.49755,0x316,0.0,0.0,1.0,6.25,1.69,0.03,19.84375,20.4375,19.5,19.65625,3.2,0.0,0.0,0.0
0.50071,0x2B0,0.0,0.0,1.0,6.25,1.69,0.03,19.84375,20.4375,19.5,19.65625,3.2,0.0,0.0,0.0
0.50578,0x220,0.0,0.0,1.0,6.25,1.69,0.09,19.84375,20.4375,19.5,19.65625,3.2,0.0,0.0,0.0
0.50601,0x386,0.0,0.0,1.0,6.25,1.69,0.09,19.96875,20.15625,19.625,19.6875,3.2,0.0,0.0,0.0
0.50745,0x316,0.0,0.0,1.0,6.25,1.69,0.09,19.96875,20.15625,19.625,19.6875,3.2,0.0,0.0,0.0
0.51071,0x2B0,0.0,0.0,1.0,6.25,1.69,0.09,19.96875,20.15625,19.625,19.6875,3.2,0.0,0.0,0.0
0.51578,0x220,0.0,0.0,1.0,6.25,1.68,0.11,19.96875,20.15625,19.625,19.6875,3.2,0.0,0.0,0.0
0.51745,0x316,0.0,0.0,1.0,6.25,1.68,0.11,19.96875,20.15625,19.625,19.6875,3.2,0.0,0.0,0.0
0.5207,0x2B0,0.0,0.0,1.0,6.25,1.68,0.11,19.96875,20.15625,19.625,19.6875,3.2,0.0,0.0,0.0
0.52579,0x220,0.0,0.0,1.0,6.25,1.69,0.09,19.96875,20.15625,19.625,19.6875,3.2,0.0,0.0,0.0
0.52602,0x386,0.0,0.0,1.0,6.25,1.69,0.09,19.84375,20.5,19.625,19.65625,3.2,0.0,0.0,0.0
0.52749,0x316,0.0,0.0,1.0,6.25,1.69,0.09,19.84375,20.5,19.625,19.65625,3.2,0.0,0.0,0.0
0.5307,0x2B0,0.0,0.0,1.0,6.25,1.69,0.09,19.84375,20.5,19.625,19.65625,3.2,0.0,0.0,0.0
0.53578,0x220,0.0,0.0,1.0,6.25,1.7,0.06,19.84375,20.5,19.625,19.65625,3.2,0.0,0.0,0.0
0.53743,0x316,0.0,0.0,1.0,6.25,1.7,0.06,19.84375,20.5,19.625,19.65625,3.2,0.0,0.0,0.0
0.5407,0x2B0,0.0,0.0,1.0,6.25,1.7,0.06,19.84375,20.5,19.625,19.65625,3.2,0.0,0.0,0.0
0.54578,0x220,0.0,0.0,1.0,6.25,1.75,0.04,19.84375,20.5,19.625,19.65625,3.2,0.0,0.0,0.0
0.54602,0x386,0.0,0.0,1.0,6.25,1.75,0.04,19.96875,19.9375,19.59375,19.59375,3.2,0.0,0.0,0.0
0.54748,0x316,0.0,0.0,1.0,6.25,1.75,0.04,19.96875,19.9375,19.59375,19.59375,3.2,0.0,0.0,0.0
0.5507,0x2B0,0.0,0.0,1.0,6.25,1.75,0.04,19.96875,19.9375,19.59375,19.59375,3.2,0.0,0.0,0.0
0.55579,0x220,0.0,0.0,1.0,6.25,1.81,0.02,19.96875,19.9375,19.59375,19.59375,3.2,0.0,0.0,0.0
0.55747,0x316,0.0,0.0,1.0,6.25,1.81,0.02,19.96875,19.9375,19.59375,19.59375,3.2,0.0,0.0,0.0
0.5607,0x2B0,0.0,0.0,1.0,6.25,1.81,0.02,19.96875,19.9375,19.59375,19.59375,3.2,0.0,0.0,0.0
0.56579,0x220,0.0,0.0,1.0,6.25,1.83,0.0,19.96875,19.9375,19.59375,19.59375,3.2,0.0,0.0,0.0
0.56602,0x386,0.0,0.0,1.0,6.25,1.83,0.0,19.9375,20.0,19.5625,19.625,3.2,0.0,0.0,0.0
0.56788,0x316,0.0,0.0,1.0,6.25,1.83,0.0,19.9375,20.0,19.5625,19.625,3.2,0.0,0.0,0.0
0.5707,0x2B0,0.0,0.0,1.0,6.25,1.83,0.0,19.9375,20.0,19.5625,19.625,3.2,0.0,0.0,0.0
0.57578,0x220,0.0,0.0,1.0,6.25,1.78,0.04,19.9375,20.0,19.5625,19.625,3.2,0.0,0.0,0.0
0.57763,0x316,0.0,0.0,1.0,6.25,1.78,0.04,19.9375,20.0,19.5625,19.625,3.2,0.0,0.0,0.0
0.5807,0x2B0,0.0,0.0,1.0,6.25,1.78,0.04,19.9375,20.0,19.5625,19.625,3.2,0.0,0.0,0.0
0.58578,0x220,0.0,0.0,1.0,6.25,1.7,0.13,19.9375,20.0,19.5625,19.625,3.2,0.0,0.0,0.0
0.58601,0x386,0.0,0.0,1.0,6.25,1.7,0.13,20.46875,19.75,19.53125,19.65625,3.2,0.0,0.0,0.0
0.58745,0x316,0.0,0.0,1.0,6.25,1.7,0.13,20.46875,19.75,19.53125,19.65625,3.2,0.0,0.0,0.0
0.5907,0x2B0,0.0,0.0,1.0,6.25,1.7,0.13,20.46875,19.75,19.53125,19.65625,3.2,0.0,0.0,0.0
0.59578,0x220,0.0,0.0,1.0,6.25,1.67,0.19,20.46875,19.75,19.53125,19.65625,3.2,0.0,0.0,0.0
0.59756,0x316,0.0,0.0,1.0,6.25,1.67,0.19,20.46875,19.75,19.53125,19.65625,3.2,0.0,0.0,0.0
0.6007,0x2B0,0.0,0.0,1.0,6.25,1.67,0.19,20.46875,19.75,19.53125,19.65625,3.2,0.0,0.0,0.0
0.60578,0x220,0.0,0.0,1.0,6.25,1.69,0.19,20.46875,19.75,19.53125,19.65625,3.2,0.0,0.0,0.0
0.60601,0x386,0.0,0.0,1.0,6.25,1.69,0.19,19.25,19.6875,19.5,19.53125,3.2,0.0,0.0,0.0
0.60754,0x316,0.0,0.0,1.0,6.25,1.69,0.19,19.25,19.6875,19.5,19.53125,3.2,0.0,0.0,0.0
0.6107,0x2B0,0.0,0.0,1.0,6.25,1.69,0.19,19.25,19.6875,19.5,19.53125,3.2,0.0,0.0,0.0
0.61579,0x220,0.0,0.0,1.0,6.25,1.7,0.13,19.25,19.6875,19.5,19.53125,3.2,0.0,0.0,0.0
0.6175,0x316,0.0,0.0,1.0,6.25,1.7,0.13,19.25,19.6875,19.5,19.53125,3.2,0.0,0.0,0.0
0.62068,0x2B0,0.0,0.0,1.0,6.25,1.7,0.13,19.25,19.6875,19.5,19.53125,3.2,0.0,0.0,0.0
0.62579,0x220,0.0,0.0,1.0,6.25,1.71,0.08,19.25,19.6875,19.5,19.53125,3.2,0.0,0.0,0.0
0.62602,0x386,0.0,0.0,1.0,6.25,1.71,0.08,19.875,19.90625,19.4375,19.65625,3.2,0.0,0.0,0.0
0.62743,0x316,0.0,0.0,1.0,6.25,1.71,0.08,19.875,19.90625,19.4375,19.65625,3.2,0.0,0.0,0.0
0.6307,0x2B0,0.0,0.0,1.0,6.25,1.71,0.08,19.875,19.90625,19.4375,19.65625,3.2,0.0,0.0,0.0
0.63579,0x220,0.0,0.0,1.0,6.25,1.69,0.14,19.875,19.90625,19.4375,19.65625,3.2,0.0,0.0,0.0
0.63746,0x316,0.0,0.0,1.0,6.25,1.69,0.14,19.875,19.90625,19.4375,19.65625,3.2,0.0,0.0,0.0
0.64069,0x2B0,0.0,0.0,1.0,6.25,1.69,0.14,19.875,19.90625,19.4375,19.65625,3.2,0.0,0.0,0.0
0.64578,0x220,0.0,0.0,1.0,6.25,1.65,0.24,19.875,19.90625,19.4375,19.65625,3.2,0.0,0.0,0.0
0.64602,0x386,0.0,0.0,1.0,6.25,1.65,0.24,19.875,19.96875,19.34375,19.5625,3.2,0.0,0.0,0.0
0.64752,0x316,0.0,0.0,1.0,6.25,1.65,0.24,19.875,19.96875,19.34375,19.5625,3.2,0.0,0.0,0.0
0.6507,0x2B0,0.0,0.0,1.0,6.25,1.65,0.24,19.875,19.96875,19.34375,19.5625,3.2,0.0,0.0,0.0
0.65579,0x220,0.0,0.0,1.0,6.25,1.64,0.27,19.875,19.96875,19.34375,19.5625,3.2,0.0,0.0,0.0
0.65753,0x316,0.0,0.0,1.0,6.25,1.64,0.27,19.875,19.96875,19.34375,19.5625,3.2,0.0,2.0,0.0
0.6607,0x2B0,0.0,0.0,1.0,6.25,1.64,0.27,19.875,19.96875,19.34375,19.5625,3.2,0.0,2.0,0.0
0.66578,0x220,0.0,0.0,1.0,6.25,1.65,0.26,19.875,19.96875,19.34375,19.5625,3.2,0.0,2.0,0.0
0.66601,0x386,0.0,0.0,1.0,6.25,1.65,0.26,19.8125,19.78125,19.3125,19.5625,3.2,0.0,2.0,0.0
0.66771,0x316,0.0,0.0,1.0,6.25,1.65,0.26,19.8125,19.78125,19.3125,19.5625,3.2,0.0,2.0,0.0
0.6707,0x2B0,0.0,0.0,1.0,6.25,1.65,0.26,19.8125,19.78125,19.3125,19.5625,3.2,0.0,2.0,0.0
0.67579,0x220,0.0,0.0,1.0,6.25,1.67,0.27,19.8125,19.78125,19.3125,19.5625,3.2,0.0,2.0,0.0
0.67765,0x316,0.0,0.0,1.0,6.25,1.67,0.27,19.8125,19.78125,19.3125,19.5625,3.2,0.0,2.0,0.0
0.68069,0x2B0,0.0,0.0,1.0,6.25,1.67,0.27,19.8125,19.78125,19.3125,19.5625,3.2,0.0,2.0,0.0
0.68579,0x220,0.0,0.0,1.0,6.25,1.7,0.28,19.8125,19.78125,19.3125,19.5625,3.2,0.0,2.0,0.0
0.68601,0x386,0.0,0.0,1.0,6.25,1.7,0.28,19.6875,19.6875,19.34375,19.5625,3.2,0.0,2.0,0.0
0.68752,0x316,0.0,0.0,1.0,6.25,1.7,0.28,19.6875,19.6875,19.34375,19.5625,3.2,0.0,2.0,0.0
0.69069,0x2B0,0.0,0.0,1.0,6.25,1.7,0.28,19.6875,19.6875,19.34375,19.5625,3.2,0.0,2.0,0.0
0.69579,0x220,0.0,0.0,1.0,6.25,1.73,0.28,19.6875,19.6875,19.34375,19.5625,3.2,0.0,2.0,0.0
0.69764,0x316,0.0,0.0,1.0,6.25,1.73,0.28,19.6875,19.6875,19.34375,19.5625,3.2,0.0,2.0,0.0
0.70069,0x2B0,0.0,0.0,1.0,6.25,1.73,0.28,19.6875,19.6875,19.34375,19.5625,3.2,0.0,2.0,0.0
0.70579,0x220,0.0,0.0,1.0,6.25,1.76,0.25,19.6875,19.6875,19.34375,19.5625,3.2,0.0,2.0,0.0
0.70601,0x386,0.0,0.0,1.0,6.25,1.76,0.25,19.59375,19.625,19.3125,19.59375,3.2,0.0,2.0,0.0
0.70744,0x316,0.0,0.0,1.0,6.25,1.76,0.25,19.59375,19.625,19.3125,19.59375,3.2,0.0,2.0,0.0
0.71069,0x2B0,0.0,0.0,1.0,6.25,1.76,0.25,19.59375,19.625,19.3125,19.59375,3.2,0.0,2.0,0.0
0.71579,0x220,0.0,0.0,1.0,6.25,1.8,0.25,19.59375,19.625,19.3125,19.59375,3.2,0.0,2.0,0.0
0.71743,0x316,0.0,0.0,1.0,6.25,1.8,0.25,19.59375,19.625,19.3125,19.59375,3.2,0.0,2.0,0.0
0.72069,0x2B0,0.0,0.0,1.0,6.25,1.8,0.25,19.59375,19.625,19.3125,19.59375,3.2,0.0,2.0,0.0
0.72579,0x220,0.0,0.0,1.0,6.25,1.79,0.26,19.59375,19.625,19.3125,19.59375,3.2,0.0,2.0,0.0
0.72602,0x386,0.0,0.0,1.0,6.25,1.79,0.26,19.625,19.65625,19.375,19.46875,3.2,0.0,2.0,0.0
0.7275,0x316,0.0,0.0,1.0,6.25,1.79,0.26,19.625,19.65625,19.375,19.46875,3.2,0.0,2.0,0.0
0.73069,0x2B0,0.0,0.0,1.0,6.25,1.79,0.26,19.625,19.65625,19.375,19.46875,3.2,0.0,2.0,0.0
0.73579,0x220,0.0,0.0,1.0,6.25,1.78,0.24,19.625,19.65625,19.375,19.46875,3.2,0.0,2.0,0.0
0.73749,0x316,0.0,0.0,1.0,6.25,1.78,0.24,19.625,19.65625,19.375,19.46875,3.2,0.0,2.0,0.0
0.74068,0x2B0,0.0,0.0,1.0,6.25,1.78,0.24,19.625,19.65625,19.375,19.46875,3.2,0.0,2.0,0.0
0.74578,0x220,0.0,0.0,1.0,6.25,1.78,0.18,19.625,19.65625,19.375,19.46875,3.2,0.0,2.0,0.0
0.746,0x386,0.0,0.0,1.0,6.25,1.78,0.18,19.71875,19.6875,19.3125,19.59375,3.2,0.0,2.0,0.0
0.74743,0x316,0.0,0.0,1.0,6.25,1.78,0.18,19.71875,19.6875,19.3125,19.59375,3.2,0.0,2.0,0.0
0.75068,0x2B0,0.0,0.0,1.0,6.25,1.78,0.18,19.71875,19.6875,19.3125,19.59375,3.2,0.0,2.0,0.0
0.75579,0x220,0.0,0.0,1.0,6.25,1.77,0.11,19.71875,19.6875,19.3125,19.59375,3.2,0.0,2.0,0.0
0.75745,0x316,0.0,0.0,1.0,6.25,1.77,0.11,19.71875,19.6875,19.3125,19.59375,3.2,0.0,2.0,0.0
0.76069,0x2B0,0.0,0.0,1.0,6.25,1.77,0.11,19.71875,19.6875,19.3125,19.59375,3.2,0.0,2.0,0.0
0.76578,0x220,0.0,0.0,1.0,6.25,1.72,0.11,19.71875,19.6875,19.3125,19.59375,3.2,0.0,2.0,0.0
0.76601,0x386,0.0,0.0,1.0,6.25,1.72,0.11,19.78125,19.71875,19.1875,19.4375,3.2,0.0,2.0,0.0
0.76781,0x316,0.0,0.0,1.0,6.25,1.72,0.11,19.78125,19.71875,19.1875,19.4375,3.2,0.0,2.0,0.0
0.77069,0x2B0,0.0,0.0,1.0,6.25,1.72,0.11,19.78125,19.71875,19.1875,19.4375,3.2,0.0,2.0,0.0
0.77579,0x220,0.0,0.0,1.0,6.25,1.68,0.16,19.78125,19.71875,19.1875,19.4375,3.2,0.0,2.0,0.0
0.77767,0x316,0.0,0.0,1.0,6.25,1.68,0.16,19.78125,19.71875,19.1875,19.4375,3.2,0.0,2.0,0.0
0.78069,0x2B0,0.0,0.0,1.0,6.25,1.68,0.16,19.78125,19.71875,19.1875,19.4375,3.2,0.0,2.0,0.0
0.78578,0x220,0.0,0.0,1.0,6.25,1.72,0.17,19.78125,19.71875,19.1875,19.4375,3.2,0.0,2.0,0.0
0.78601,0x386,0.0,0.0,1.0,6.25,1.72,0.17,19.8125,19.8125,19.28125,19.4375,3.2,0.0,2.0,0.0
0.78742,0x316,0.0,0.0,1.0,6.25,1.72,0.17,19.8125,19.8125,19.28125,19.4375,3.2,0.0,2.0,0.0
0.79069,0x2B0,0.0,0.0,1.0,6.25,1.72,0.17,19.8125,19.8125,19.28125,19.4375,3.2,0.0,2.0,0.0
0.79579,0x220,0.0,0.0,1.0,6.25,1.77,0.11,19.8125,19.8125,19.28125,19.4375,3.2,0.0,2.0,0.0
0.79755,0x316,0.0,0.0,1.0,6.25,1.77,0.11,19.8125,19.8125,19.28125,19.4375,3.2,0.0,2.0,0.0
0.80069,0x2B0,0.0,0.0,1.0,6.25,1.77,0.11,19.8125,19.8125,19.28125,19.4375,3.2,0.0,2.0,0.0
0.80578,0x220,0.0,0.0,1.0,6.25,1.84,0.0,19.8125,19.8125,19.28125,19.4375,3.2,0.0,2.0,0.0
0.80601,0x386,0.0,0.0,1.0,6.25,1.84,0.0,19.75,19.78125,19.25,19.375,3.2,0.0,2.0,0.0
0.80751,0x316,0.0,0.0,1.0,6.25,1.84,0.0,19.75,19.78125,19.25,19.375,3.2,0.0,2.0,0.0
0.81069,0x2B0,0.0,0.0,1.0,6.25,1.84,0.0,19.75,19.78125,19.25,19.375,3.2,0.0,2.0,0.0
0.81579,0x220,0.0,0.0,1.0,6.25,1.88,-0.05,19.75,19.78125,19.25,19.375,3.2,0.0,2.0,0.0
0.81747,0x316,0.0,0.0,1.0,6.25,1.88,-0.05,19.75,19.78125,19.25,19.375,3.2,0.0,2.0,0.0
0.82069,0x2B0,0.0,0.0,1.0,6.25,1.88,-0.05,19.75,19.78125,19.25,19.375,3.2,0.0,2.0,0.0
0.8258,0x220,0.0,0.0,1.0,6.25,1.81,-0.01,19.75,19.78125,19.25,19.375,3.2,0.0,2.0,0.0
0.82603,0x386,0.0,0.0,1.0,6.25,1.81,-0.01,19.71875,19.8125,19.3125,19.34375,3.2,0.0,2.0,0.0
0.82743,0x316,0.0,0.0,1.0,6.25,1.81,-0.01,19.71875,19.8125,19.3125,19.34375,3.2,0.0,2.0,0.0
0.83069,0x2B0,0.0,0.0,1.0,6.25,1.81,-0.01,19.71875,19.8125,19.3125,19.34375,3.2,0.0,2.0,0.0
0.83579,0x220,0.0,0.0,1.0,6.25,1.75,0.06,19.71875,19.8125,19.3125,19.34375,3.2,0.0,2.0,0.0
0.83745,0x316,0.0,0.0,1.0,6.25,1.75,0.06,19.71875,19.8125,19.3125,19.34375,3.2,0.0,2.0,0.0
0.84069,0x2B0,0.0,0.0,1.0,6.25,1.75,0.06,19.71875,19.8125,19.3125,19.34375,3.2,0.0,2.0,0.0
0.84579,0x220,0.0,0.0,1.0,6.25,1.71,0.09,19.71875,19.8125,19.3125,19.34375,3.2,0.0,2.0,0.0
0.84602,0x386,0.0,0.0,1.0,6.25,1.71,0.09,20.25,20.0,19.28125,19.34375,3.2,0.0,2.0,0.0
0.84749,0x316,0.0,0.0,1.0,6.25,1.71,0.09,20.25,20.0,19.28125,19.34375,3.2,0.0,2.0,0.0
0.85069,0x2B0,0.0,0.0,1.0,6.25,1.71,0.09,20.25,20.0,19.28125,19.34375,3.2,0.0,2.0,0.0
0.8558,0x220,0.0,0.0,1.0,6.25,1.73,0.05,20.25,20.0,19.28125,19.34375,3.2,0.0,2.0,0.0
0.85752,0x316,0.0,0.0,1.0,6.25,1.73,0.05,20.25,20.0,19.28125,19.34375,3.2,0.0,2.0,0.0
0.86068,0x2B0,0.0,0.0,1.0,6.25,1.73,0.05,20.25,20.0,19.28125,19.34375,3.2,0.0,2.0,0.0
0.86579,0x220,0.0,0.0,1.0,6.25,1.77,0.05,20.25,20.0,19.28125,19.34375,3.2,0.0,2.0,0.0
0.86602,0x386,0.0,0.0,1.0,6.25,1.77,0.05,19.34375,21.28125,19.25,19.34375,3.2,0.0,2.0,0.0
0.86768,0x316,0.0,0.0,1.0,6.25,1.77,0.05,19.34375,21.28125,19.25,19.34375,3.2,0.0,2.0,0.0
0.87068,0x2B0,0.0,0.0,1.0,6.25,1.77,0.05,19.34375,21.28125,19.25,19.34375,3.2,0.0,2.0,0.0
0.87579,0x220,0.0,0.0,1.0,6.25,1.77,0.04,19.34375,21.28125,19.25,19.34375,3.2,0.0,2.0,0.0
0.87781,0x316,0.0,0.0,1.0,6.25,1.77,0.04,19.34375,21.28125,19.25,19.34375,3.2,0.0,2.0,0.0
0.88069,0x2B0,0.0,0.0,1.0,6.25,1.77,0.04,19.34375,21.28125,19.25,19.34375,3.2,0.0,2.0,0.0
0.8858,0x220,0.0,0.0,1.0,6.25,1.76,0.02,19.34375,21.28125,19.25,19.34375,3.2,0.0,2.0,0.0
0.88602,0x386,0.0,0.0,1.0,6.25,1.76,0.02,19.5,19.28125,19.3125,19.28125,3.2,0.0,2.0,0.0
0.88751,0x316,0.0,0.0,1.0,6.25,1.76,0.02,19.5,19.28125,19.3125,19.28125,3.2,0.0,2.0,0.0
0.89068,0x2B0,0.0,0.0,1.0,6.25,1.76,0.02,19.5,19.28125,19.3125,19.28125,3.2,0.0,2.0,0.0
0.89579,0x220,0.0,0.0,1.0,6.25,1.75,0.03,19.5,19.28125,19.3125,19.28125,3.2,0.0,2.0,0.0
0.89764,0x316,0.0,0.0,1.0,6.25,1.75,0.03,19.5,19.28125,19.3125,19.28125,3.2,0.0,2.0,0.0
0.90068,0x2B0,0.0,0.0,1.0,6.25,1.75,0.03,19.5,19.28125,19.3125,19.28125,3.2,0.0,2.0,0.0
0.90579,0x220,0.0,0.0,1.0,6.25,1.71,0.04,19.5,19.28125,19.3125,19.28125,3.2,0.0,2.0,0.0
0.90602,0x386,0.0,0.0,1.0,6.25,1.71,0.04,19.40625,19.34375,19.25,19.28125,3.2,0.0,2.0,0.0
0.90743,0x316,0.0,0.0,1.0,6.25,1.71,0.04,19.40625,19.34375,19.25,19.28125,3.2,0.0,2.0,0.0
0.91068,0x2B0,0.0,0.0,1.0,6.25,1.71,0.04,19.40625,19.34375,19.25,19.28125,3.2,0.0,2.0,0.0
0.91578,0x220,0.0,0.0,1.0,6.25,1.66,0.06,19.40625,19.34375,19.25,19.28125,3.2,0.0,2.0,0.0
0.91743,0x316,0.0,0.0,1.0,6.25,1.66,0.06,19.40625,19.34375,19.25,19.28125,3.2,0.0,2.0,0.0
0.92068,0x2B0,0.0,0.0,1.0,6.25,1.66,0.06,19.40625,19.34375,19.25,19.28125,3.2,0.0,2.0,0.0
0.9258,0x220,0.0,0.0,1.0,6.25,1.63,0.13,19.40625,19.34375,19.25,19.28125,3.2,0.0,2.0,0.0
0.92602,0x386,0.0,0.0,1.0,6.25,1.63,0.13,20.15625,19.6875,19.15625,19.3125,3.2,0.0,2.0,0.0
0.92743,0x316,0.0,0.0,1.0,6.25,1.63,0.13,20.15625,19.6875,19.15625,19.3125,3.2,0.0,2.0,0.0
0.93068,0x2B0,0.0,0.0,1.0,6.25,1.63,0.13,20.15625,19.6875,19.15625,19.3125,3.2,0.0,2.0,0.0
0.9358,0x220,0.0,0.0,1.0,6.25,1.65,0.17,20.15625,19.6875,19.15625,19.3125,3.2,0.0,2.0,0.0
0.93751,0x316,0.0,0.0,1.0,6.25,1.65,0.17,20.15625,19.6875,19.15625,19.3125,3.2,0.0,5.0,0.0
0.94068,0x2B0,0.0,0.0,1.0,6.25,1.65,0.17,20.15625,19.6875,19.15625,19.3125,3.2,0.0,5.0,0.0
0.94579,0x220,0.0,0.0,1.0,6.25,1.71,0.15,20.15625,19.6875,19.15625,19.3125,3.2,0.0,5.0,0.0
0.94602,0x386,0.0,0.0,1.0,6.25,1.71,0.15,20.0625,20.34375,19.21875,19.28125,3.2,0.0,5.0,0.0
0.94741,0x316,0.0,0.0,1.0,6.25,1.71,0.15,20.0625,20.34375,19.21875,19.28125,3.2,0.0,5.0,0.0
0.95068,0x2B0,0.0,0.0,1.0,6.25,1.71,0.15,20.0625,20.34375,19.21875,19.28125,3.2,0.0,5.0,0.0
0.95579,0x220,0.0,0.0,1.0,6.25,1.75,0.14,20.0625,20.34375,19.21875,19.28125,3.2,0.0,5.0,0.0
0.95744,0x316,0.0,0.0,1.0,6.25,1.75,0.14,20.0625,20.34375,19.21875,19.28125,3.2,0.0,7.0,0.0
0.96068,0x2B0,0.0,0.0,1.0,6.25,1.75,0.14,20.0625,20.34375,19.21875,19.28125,3.2,0.0,7.0,0.0
0.96579,0x220,0.0,0.0,1.0,6.25,1.71,0.19,20.0625,20.34375,19.21875,19.28125,3.2,0.0,7.0,0.0
0.96602,0x386,0.0,0.0,1.0,6.25,1.71,0.19,19.875,19.90625,19.09375,19.28125,3.2,0.0,7.0,0.0
0.96774,0x316,0.0,0.0,1.0,6.25,1.71,0.19,19.875,19.90625,19.09375,19.28125,3.2,0.0,7.0,0.0
0.97068,0x2B0,0.0,0.0,1.0,6.25,1.71,0.19,19.875,19.90625,19.09375,19.28125,3.2,0.0,7.0,0.0
0.9758,0x220,0.0,0.0,1.0,6.25,1.68,0.26,19.875,19.90625,19.09375,19.28125,3.2,0.0,7.0,0.0
0.97774,0x316,0.0,0.0,1.0,6.25,1.68,0.26,19.875,19.90625,19.09375,19.28125,3.2,0.0,7.0,0.0
0.98067,0x2B0,0.0,0.0,1.0,6.25,1.68,0.26,19.875,19.90625,19.09375,19.28125,3.2,0.0,7.0,0.0
0.98579,0x220,0.0,0.0,1.0,6.25,1.71,0.27,19.875,19.90625,19.09375,19.28125,3.2,0.0,7.0,0.0
0.98602,0x386,0.0,0.0,1.0,6.25,1.71,0.27,19.78125,19.84375,19.09375,19.28125,3.2,0.0,7.0,0.0
0.98743,0x316,0.0,0.0,1.0,6.25,1.71,0.27,19.78125,19.84375,19.09375,19.28125,3.2,0.0,7.0,0.0
0.99068,0x2B0,0.0,0.0,1.0,6.25,1.71,0.27,19.78125,19.84375,19.09375,19.28125,3.2,0.0,7.0,0.0
0.99579,0x220,0.0,0.0,1.0,6.25,1.73,0.2,19.78125,19.84375,19.09375,19.28125,3.2,0.0,7.0,0.0
0.99762,0x316,0.0,0.0,1.0,6.25,1.73,0.2,19.78125,19.84375,19.09375,19.28125,3.2,0.0,7.0,0.0
1.00068,0x2B0,0.0,0.0,1.0,6.25,1.73,0.2,19.78125,19.84375,19.09375,19.28125,3.2,0.0,7.0,0.0
1.0058,0x220,0.0,0.0,1.0,6.25,1.73,0.16,19.78125,19.84375,19.09375,19.28125,3.2,0.0,7.0,0.0
1.00602,0x386,0.0,0.0,1.0,6.25,1.73,0.16,19.8125,19.8125,19.125,19.46875,3.2,0.0,7.0,0.0
1.00742,0x316,0.0,0.0,1.0,6.25,1.73,0.16,19.8125,19.8125,19.125,19.46875,3.2,0.0,7.0,0.0
1.01067,0x2B0,0.0,0.0,1.0,6.25,1.73,0.16,19.8125,19.8125,19.125,19.46875,3.2,0.0,7.0,0.0
1.0158,0x220,0.0,0.0,1.0,6.25,1.74,0.23,19.8125,19.8125,19.125,19.46875,3.2,0.0,7.0,0.0
1.01752,0x316,0.0,0.0,1.0,6.25,1.74,0.23,19.8125,19.8125,19.125,19.46875,3.2,0.0,7.0,0.0
1.02068,0x2B0,0.0,0.0,1.0,6.25,1.74,0.23,19.8125,19.8125,19.125,19.46875,3.2,0.0,7.0,0.0
1.02581,0x220,0.0,0.0,1.0,6.25,1.79,0.32,19.8125,19.8125,19.125,19.46875,3.2,0.0,7.0,0.0
1.02604,0x386,0.0,0.0,1.0,6.25,1.79,0.32,19.75,19.75,19.09375,19.34375,3.2,0.0,7.0,0.0
1.02742,0x316,0.0,0.0,1.0,6.25,1.79,0.32,19.75,19.75,19.09375,19.34375,3.2,0.0,7.0,0.0
1.03067,0x2B0,0.0,0.0,1.0,6.25,1.79,0.32,19.75,19.75,19.09375,19.34375,3.2,0.0,7.0,0.0
1.03579,0x220,0.0,0.0,1.0,6.25,1.79,0.29,19.75,19.75,19.09375,19.34375,3.2,0.0,7.0,0.0
1.03746,0x316,0.0,0.0,1.0,6.25,1.79,0.29,19.75,19.75,19.09375,19.34375,3.2,0.0,5.0,0.0
1.04067,0x2B0,0.0,0.0,1.0,6.25,1.79,0.29,19.75,19.75,19.09375,19.34375,3.2,0.0,5.0,0.0
1.04579,0x220,0.0,0.0,1.0,6.25,1.72,0.21,19.75,19.75,19.09375,19.34375,3.2,0.0,5.0,0.0
1.04602,0x386,0.0,0.0,1.0,6.25,1.72,0.21,19.6875,19.71875,19.25,19.4375,3.2,0.0,5.0,0.0
1.04741,0x316,0.0,0.0,1.0,6.25,1.72,0.21,19.6875,19.71875,19.25,19.4375,3.2,0.0,5.0,0.0
1.05087,0x2B0,0.0,0.0,1.0,6.25,1.72,0.21,19.6875,19.71875,19.25,19.4375,3.2,0.0,5.0,0.0
1.05579,0x220,0.0,0.0,1.0,6.25,1.69,0.16,19.6875,19.71875,19.25,19.4375,3.2,0.0,5.0,0.0
1.0576,0x316,0.0,0.0,1.0,6.25,1.69,0.16,19.6875,19.71875,19.25,19.4375,3.2,0.0,5.0,0.0
1.06073,0x2B0,0.0,0.0,1.0,6.25,1.69,0.16,19.6875,19.71875,19.25,19.4375,3.2,0.0,5.0,0.0
1.06579,0x220,0.0,0.0,1.0,6.25,1.68,0.13,19.6875,19.71875,19.25,19.4375,3.2,0.0,5.0,0.0
1.06601,0x386,0.0,0.0,1.0,6.25,1.68,0.13,19.75,19.65625,19.3125,19.53125,3.2,0.0,5.0,0.0
1.06776,0x316,0.0,0.0,1.0,6.25,1.68,0.13,19.75,19.65625,19.3125,19.53125,3.2,0.0,5.0,0.0
1.07073,0x2B0,0.0,0.0,1.0,6.25,1.68,0.13,19.75,19.65625,19.3125,19.53125,3.2,0.0,5.0,0.0
1.07579,0x220,0.0,0.0,1.0,6.25,1.67,0.07,19.75,19.65625,19.3125,19.53125,3.2,0.0,5.0,0.0
1.07767,0x316,0.0,0.0,1.0,6.25,1.67,0.07,19.75,19.65625,19.3125,19.53125,3.2,0.0,5.0,0.0
1.08073,0x2B0,0.0,0.0,1.0,6.25,1.67,0.07,19.75,19.65625,19.3125,19.53125,3.1,0.0,5.0,0.0
1.08579,0x220,0.0,0.0,1.0,6.25,1.65,0.05,19.75,19.65625,19.3125,19.53125,3.1,0.0,5.0,0.0
1.08602,0x386,0.0,0.0,1.0,6.25,1.65,0.05,19.78125,19.78125,19.375,19.46875,3.1,0.0,5.0,0.0
1.08741,0x316,0.0,0.0,1.0,6.25,1.65,0.05,19.78125,19.78125,19.375,19.46875,3.1,0.0,5.0,0.0
1.09066,0x2B0,0.0,0.0,1.0,6.25,1.65,0.05,19.78125,19.78125,19.375,19.46875,3.1,0.0,5.0,0.0
1.0958,0x220,0.0,0.0,1.0,6.25,1.6,0.11,19.78125,19.78125,19.375,19.46875,3.1,0.0,5.0,0.0
1.09766,0x316,0.0,0.0,1.0,6.25,1.6,0.11,19.78125,19.78125,19.375,19.46875,3.1,0.0,5.0,0.0
1.10073,0x2B0,0.0,0.0,1.0,6.25,1.6,0.11,19.78125,19.78125,19.375,19.46875,3.1,0.0,5.0,0.0
1.10579,0x220,0.0,0.0,1.0,6.25,1.59,0.2,19.78125,19.78125,19.375,19.46875,3.1,0.0,5.0,0.0
1.10602,0x386,0.0,0.0,1.0,6.25,1.59,0.2,19.78125,19.875,19.3125,19.53125,3.1,0.0,5.0,0.0
1.10751,0x316,0.0,0.0,1.0,6.25,1.59,0.2,19.78125,19.875,19.3125,19.53125,3.1,0.0,5.0,0.0
1.11088,0x2B0,0.0,0.0,1.0,6.25,1.59,0.2,19.78125,19.875,19.3125,19.53125,3.1,0.0,5.0,0.0
1.11579,0x220,0.0,0.0,1.0,6.25,1.64,0.23,19.78125,19.875,19.3125,19.53125,3.1,0.0,5.0,0.0
1.11743,0x316,0.0,0.0,1.0,6.25,1.64,0.23,19.78125,19.875,19.3125,19.53125,3.1,0.0,2.0,0.0
1.12071,0x2B0,0.0,0.0,1.0,6.25,1.64,0.23,19.78125,19.875,19.3125,19.53125,2.9,8.0,2.0,0.0
1.1258,0x220,0.0,0.0,1.0,6.25,1.71,0.16,19.78125,19.875,19.3125,19.53125,2.9,8.0,2.0,0.0
1.12603,0x386,0.0,0.0,1.0,6.25,1.71,0.16,19.78125,19.8125,19.34375,19.46875,2.9,8.0,2.0,0.0
1.12741,0x316,0.0,0.0,1.0,6.25,1.71,0.16,19.78125,19.8125,19.34375,19.46875,2.9,8.0,2.0,0.0
1.13072,0x2B0,0.0,0.0,1.0,6.25,1.71,0.16,19.78125,19.8125,19.34375,19.46875,2.9,8.0,2.0,0.0
1.1358,0x220,0.0,0.0,1.0,6.25,1.72,0.06,19.78125,19.8125,19.34375,19.46875,2.9,8.0,2.0,0.0
1.13748,0x316,0.0,0.0,1.0,6.25,1.72,0.06,19.78125,19.8125,19.34375,19.46875,2.9,8.0,2.0,0.0
1.14071,0x2B0,0.0,0.0,1.0,6.25,1.72,0.06,19.78125,19.8125,19.34375,19.46875,2.9,0.0,2.0,0.0
1.1458,0x220,0.0,0.0,1.0,6.25,1.72,0.01,19.78125,19.8125,19.34375,19.46875,2.9,0.0,2.0,0.0
1.14603,0x386,0.0,0.0,1.0,6.25,1.72,0.01,19.6875,19.75,19.4375,19.46875,2.9,0.0,2.0,0.0
1.14751,0x316,0.0,0.0,1.0,6.25,1.72,0.01,19.6875,19.75,19.4375,19.46875,2.9,0.0,2.0,0.0
1.15088,0x2B0,0.0,0.0,1.0,6.25,1.72,0.01,19.6875,19.75,19.4375,19.46875,2.8,0.0,2.0,0.0
1.1558,0x220,0.0,0.0,1.0,6.25,1.72,0.02,19.6875,19.75,19.4375,19.46875,2.8,0.0,2.0,0.0
1.15746,0x316,0.0,0.0,1.0,6.25,1.72,0.02,19.6875,19.75,19.4375,19.46875,2.8,0.0,2.0,0.0
1.16075,0x2B0,0.0,0.0,1.0,6.25,1.72,0.02,19.6875,19.75,19.4375,19.46875,2.8,0.0,2.0,0.0
1.1658,0x220,0.0,0.0,1.0,6.25,1.65,0.06,19.6875,19.75,19.4375,19.46875,2.8,0.0,2.0,0.0
1.16602,0x386,0.0,0.0,1.0,6.25,1.65,0.06,19.625,19.78125,19.4375,19.53125,2.8,0.0,2.0,0.0
1.16763,0x316,0.0,0.0,1.0,6.25,1.65,0.06,19.625,19.78125,19.4375,19.53125,2.8,0.0,2.0,0.0
1.17072,0x2B0,0.0,0.0,1.0,6.25,1.65,0.06,19.625,19.78125,19.4375,19.53125,2.6,8.0,2.0,0.0
1.17581,0x220,0.0,0.0,1.0,6.25,1.53,0.07,19.625,19.78125,19.4375,19.53125,2.6,8.0,2.0,0.0
1.17779,0x316,0.0,0.0,1.0,6.25,1.53,0.07,19.625,19.78125,19.4375,19.53125,2.6,8.0,2.0,0.0
1.18071,0x2B0,0.0,0.0,1.0,6.25,1.53,0.07,19.625,19.78125,19.4375,19.53125,2.6,8.0,2.0,0.0
1.18579,0x220,0.0,0.0,1.0,6.25,1.44,0.11,19.625,19.78125,19.4375,19.53125,2.6,8.0,2.0,0.0
1.18603,0x386,0.0,0.0,1.0,6.25,1.44,0.11,19.71875,19.6875,19.46875,19.5,2.6,8.0,2.0,0.0
1.1875,0x316,0.0,0.0,1.0,6.25,1.44,0.11,19.71875,19.6875,19.46875,19.5,2.6,8.0,2.0,0.0
1.19072,0x2B0,0.0,0.0,1.0,6.25,1.44,0.11,19.71875,19.6875,19.46875,19.5,2.4,8.0,2.0,0.0
1.1958,0x220,0.0,0.0,1.0,6.25,1.46,0.2,19.71875,19.6875,19.46875,19.5,2.4,8.0,2.0,0.0
1.19757,0x316,0.0,0.0,1.0,6.25,1.46,0.2,19.71875,19.6875,19.46875,19.5,2.4,8.0,2.0,0.0
1.20073,0x2B0,0.0,0.0,1.0,6.25,1.46,0.2,19.71875,19.6875,19.46875,19.5,2.4,8.0,2.0,0.0
1.2058,0x220,0.0,0.0,1.0,6.25,1.5,0.22,19.71875,19.6875,19.46875,19.5,2.4,8.0,2.0,0.0
1.20602,0x386,0.0,0.0,1.0,6.25,1.5,0.22,19.59375,19.75,19.5,19.53125,2.4,8.0,2.0,0.0
1.20746,0x316,0.0,0.0,1.0,6.25,1.5,0.22,19.59375,19.75,19.5,19.53125,2.4,8.0,2.0,0.0
1.21088,0x2B0,0.0,0.0,1.0,6.25,1.5,0.22,19.59375,19.75,19.5,19.53125,2.1,12.0,2.0,0.0
1.2158,0x220,0.0,0.0,1.0,6.25,1.56,0.16,19.59375,19.75,19.5,19.53125,2.1,12.0,2.0,0.0
1.2175,0x316,0.0,0.0,1.0,6.25,1.56,0.16,19.59375,19.75,19.5,19.53125,2.1,12.0,2.0,0.0
1.22075,0x2B0,0.0,0.0,1.0,6.25,1.56,0.16,19.59375,19.75,19.5,19.53125,2.1,12.0,2.0,0.0
1.2258,0x220,0.0,0.0,1.0,6.25,1.58,0.12,19.59375,19.75,19.5,19.53125,2.1,12.0,2.0,0.0
1.22603,0x386,0.0,0.0,1.0,6.25,1.58,0.12,19.6875,19.71875,19.46875,19.46875,2.1,12.0,2.0,0.0
1.2275,0x316,0.0,0.0,1.0,6.25,1.58,0.12,19.6875,19.71875,19.46875,19.46875,2.1,12.0,5.0,0.0
1.23075,0x2B0,0.0,0.0,1.0,6.25,1.58,0.12,19.6875,19.71875,19.46875,19.46875,1.8,12.0,5.0,0.0
1.2358,0x220,0.0,0.0,1.0,6.25,1.56,0.15,19.6875,19.71875,19.46875,19.46875,1.8,12.0,5.0,0.0
1.23744,0x316,0.0,0.0,1.0,6.25,1.56,0.15,19.6875,19.71875,19.46875,19.46875,1.8,12.0,5.0,0.0
1.24074,0x2B0,0.0,0.0,1.0,6.25,1.56,0.15,19.6875,19.71875,19.46875,19.46875,1.8,12.0,5.0,0.0
1.2458,0x220,0.0,0.0,1.0,6.25,1.52,0.17,19.6875,19.71875,19.46875,19.46875,1.8,12.0,5.0,0.0
1.24602,0x386,0.0,0.0,1.0,6.25,1.52,0.17,19.6875,19.84375,19.34375,19.5625,1.8,12.0,5.0,0.0
1.24742,0x316,0.0,0.0,1.0,6.25,1.52,0.17,19.6875,19.84375,19.34375,19.5625,1.8,12.0,5.0,0.0
1.25086,0x2B0,0.0,0.0,1.0,6.25,1.52,0.17,19.6875,19.84375,19.34375,19.5625,1.5,12.0,5.0,0.0
1.2558,0x220,0.0,0.0,1.0,6.25,1.47,0.16,19.6875,19.84375,19.34375,19.5625,1.5,12.0,5.0,0.0
1.25752,0x316,0.0,0.0,1.0,6.25,1.47,0.16,19.6875,19.84375,19.34375,19.5625,1.5,12.0,5.0,0.0
1.26074,0x2B0,0.0,0.0,1.0,6.25,1.47,0.16,19.6875,19.84375,19.34375,19.5625,1.5,12.0,5.0,0.0
1.2658,0x220,0.0,0.0,1.0,6.25,1.47,0.14,19.6875,19.84375,19.34375,19.5625,1.5,12.0,5.0,0.0
1.26602,0x386,0.0,0.0,1.0,6.25,1.47,0.14,19.78125,19.875,19.40625,19.5625,1.5,12.0,5.0,0.0
1.26783,0x316,0.0,0.0,1.0,6.25,1.47,0.14,19.78125,19.875,19.40625,19.5625,1.5,12.0,5.0,0.0
1.27074,0x2B0,0.0,0.0,1.0,6.25,1.47,0.14,19.78125,19.875,19.40625,19.5625,1.3,8.0,5.0,0.0
1.27585,0x220,0.0,0.0,1.0,6.25,1.5,0.15,19.78125,19.875,19.40625,19.5625,1.3,8.0,5.0,0.0
1.27764,0x316,0.0,0.0,1.0,6.25,1.5,0.15,19.78125,19.875,19.40625,19.5625,1.3,8.0,5.0,0.0
1.28076,0x2B0,0.0,0.0,1.0,6.25,1.5,0.15,19.78125,19.875,19.40625,19.5625,1.1,20.0,5.0,0.0
1.2858,0x220,0.0,0.0,1.0,6.25,1.53,0.2,19.78125,19.875,19.40625,19.5625,1.1,20.0,5.0,0.0
1.28603,0x386,0.0,0.0,1.0,6.25,1.53,0.2,19.875,19.875,19.28125,19.46875,1.1,20.0,5.0,0.0
1.28743,0x316,0.0,0.0,1.0,6.25,1.53,0.2,19.875,19.875,19.28125,19.46875,1.1,20.0,5.0,0.0
1.29076,0x2B0,0.0,0.0,1.0,6.25,1.53,0.2,19.875,19.875,19.28125,19.46875,1.1,8.0,5.0,0.0
1.29581,0x220,0.0,0.0,1.0,6.25,1.57,0.26,19.875,19.875,19.28125,19.46875,1.1,8.0,5.0,0.0
1.29759,0x316,0.0,0.0,1.0,6.25,1.57,0.26,19.875,19.875,19.28125,19.46875,1.1,8.0,5.0,0.0
1.30076,0x2B0,0.0,0.0,1.0,6.25,1.57,0.26,19.875,19.875,19.28125,19.46875,0.9,8.0,5.0,0.0
1.3058,0x220,0.0,0.0,1.0,6.25,1.6,0.31,19.875,19.875,19.28125,19.46875,0.9,8.0,5.0,0.0
1.30603,0x386,0.0,0.0,1.0,6.25,1.6,0.31,19.8125,19.875,19.25,19.40625,0.9,8.0,5.0,0.0
1.30748,0x316,0.0,0.0,1.0,6.25,1.6,0.31,19.8125,19.875,19.25,19.40625,0.9,8.0,5.0,0.0
1.31086,0x2B0,0.0,0.0,1.0,6.25,1.6,0.31,19.8125,19.875,19.25,19.40625,0.9,8.0,5.0,0.0
1.3158,0x220,0.0,0.0,1.0,6.25,1.64,0.29,19.8125,19.875,19.25,19.40625,0.9,8.0,5.0,0.0
1.31742,0x316,0.0,0.0,1.0,6.25,1.64,0.29,19.8125,19.875,19.25,19.40625,0.9,8.0,5.0,0.0
1.32075,0x2B0,0.0,0.0,1.0,6.25,1.64,0.29,19.8125,19.875,19.25,19.40625,0.7,8.0,5.0,0.0
1.32581,0x220,0.0,0.0,1.0,6.25,1.71,0.2,19.8125,19.875,19.25,19.40625,0.7,8.0,5.0,0.0
1.32603,0x386,0.0,0.0,1.0,6.25,1.71,0.2,19.8125,19.78125,19.28125,19.46875,0.7,8.0,5.0,0.0
1.32741,0x316,0.0,0.0,1.0,6.25,1.71,0.2,19.8125,19.78125,19.28125,19.46875,0.7,8.0,5.0,0.0
1.33075,0x2B0,0.0,0.0,1.0,6.25,1.71,0.2,19.8125,19.78125,19.28125,19.46875,0.7,8.0,5.0,0.0
1.33581,0x220,0.0,0.0,1.0,6.25,1.74,0.16,19.8125,19.78125,19.28125,19.46875,0.7,8.0,5.0,0.0
1.33748,0x316,0.0,0.0,1.0,6.25,1.74,0.16,19.8125,19.78125,19.28125,19.46875,0.7,8.0,5.0,0.0
1.34075,0x2B0,0.0,0.0,1.0,6.25,1.74,0.16,19.8125,19.78125,19.28125,19.46875,0.5,8.0,5.0,0.0
1.34581,0x220,0.0,0.0,1.0,6.25,1.77,0.17,19.8125,19.78125,19.28125,19.46875,0.5,8.0,5.0,0.0
1.34604,0x386,0.0,0.0,1.0,6.25,1.77,0.17,19.8125,19.9375,19.25,19.40625,0.5,8.0,5.0,0.0
1.34748,0x316,0.0,0.0,1.0,6.25,1.77,0.17,19.8125,19.9375,19.25,19.40625,0.5,8.0,5.0,0.0
1.35087,0x2B0,0.0,0.0,1.0,6.25,1.77,0.17,19.8125,19.9375,19.25,19.40625,0.5,8.0,5.0,0.0
1.35581,0x220,0.0,0.0,1.0,6.25,1.73,0.16,19.8125,19.9375,19.25,19.40625,0.5,8.0,5.0,0.0
1.35745,0x316,0.0,0.0,1.0,6.25,1.73,0.16,19.8125,19.9375,19.25,19.40625,0.5,8.0,5.0,0.0
1.36076,0x2B0,0.0,0.0,1.0,6.25,1.73,0.16,19.8125,19.9375,19.25,19.40625,0.5,0.0,5.0,0.0
1.3658,0x220,0.0,0.0,1.0,6.25,1.65,0.12,19.8125,19.9375,19.25,19.40625,0.5,0.0,5.0,0.0
1.36603,0x386,0.0,0.0,1.0,6.25,1.65,0.12,19.84375,19.78125,19.21875,19.5,0.5,0.0,5.0,0.0
1.36767,0x316,0.0,0.0,1.0,6.25,1.65,0.12,19.84375,19.78125,19.21875,19.5,0.5,0.0,5.0,0.0
1.37077,0x2B0,0.0,0.0,1.0,6.25,1.65,0.12,19.84375,19.78125,19.21875,19.5,0.5,0.0,5.0,0.0
1.37587,0x220,0.0,0.0,1.0,6.25,1.66,0.12,19.84375,19.78125,19.21875,19.5,0.5,0.0,5.0,0.0
1.3777,0x316,0.0,0.0,1.0,6.25,1.66,0.12,19.84375,19.78125,19.21875,19.5,0.5,0.0,5.0,0.0
1.38076,0x2B0,0.0,0.0,1.0,6.25,1.66,0.12,19.84375,19.78125,19.21875,19.5,0.4,0.0,5.0,0.0
1.3858,0x220,0.0,0.0,1.0,6.25,1.76,0.12,19.84375,19.78125,19.21875,19.5,0.4,0.0,5.0,0.0
1.38602,0x386,0.0,0.0,1.0,6.25,1.76,0.12,19.8125,19.75,19.40625,19.625,0.4,0.0,5.0,0.0
1.38753,0x316,0.0,0.0,1.0,6.25,1.76,0.12,19.8125,19.75,19.40625,19.625,0.4,0.0,7.0,0.0
1.3907,0x2B0,0.0,0.0,1.0,6.25,1.76,0.12,19.8125,19.75,19.40625,19.625,0.4,0.0,7.0,0.0
1.3958,0x220,0.0,0.0,1.0,6.25,1.85,0.05,19.8125,19.75,19.40625,19.625,0.4,0.0,7.0,0.0
1.39756,0x316,0.0,0.0,1.0,6.25,1.85,0.05,19.8125,19.75,19.40625,19.625,0.4,0.0,7.0,0.0
1.4007,0x2B0,0.0,0.0,1.0,6.25,1.85,0.05,19.8125,19.75,19.40625,19.625,0.4,0.0,7.0,0.0
1.4058,0x220,0.0,0.0,1.0,6.25,1.83,-0.01,19.8125,19.75,19.40625,19.625,0.4,0.0,7.0,0.0
1.40602,0x386,0.0,0.0,1.0,6.25,1.83,-0.01,19.875,19.75,19.5,19.46875,0.4,0.0,7.0,0.0
1.40746,0x316,0.0,0.0,1.0,6.25,1.83,-0.01,19.875,19.75,19.5,19.46875,0.4,0.0,7.0,0.0
1.4107,0x2B0,0.0,0.0,1.0,6.25,1.83,-0.01,19.875,19.75,19.5,19.46875,0.4,0.0,7.0,0.0
1.41581,0x220,0.0,0.0,1.0,6.25,1.73,-0.05,19.875,19.75,19.5,19.46875,0.4,0.0,7.0,0.0
1.41742,0x316,0.0,0.0,1.0,6.25,1.73,-0.05,19.875,19.75,19.5,19.46875,0.4,0.0,7.0,0.0
1.42071,0x2B0,0.0,0.0,1.0,6.25,1.73,-0.05,19.875,19.75,19.5,19.46875,0.4,0.0,7.0,0.0
1.42581,0x220,0.0,0.0,1.0,6.25,1.62,-0.03,19.875,19.75,19.5,19.46875,0.4,0.0,7.0,0.0
1.42604,0x386,0.0,0.0,1.0,6.25,1.62,-0.03,19.8125,19.90625,19.28125,19.4375,0.4,0.0,7.0,0.0
1.42755,0x316,0.0,0.0,1.0,6.25,1.62,-0.03,19.8125,19.90625,19.28125,19.4375,0.4,0.0,7.0,0.0
1.43072,0x2B0,0.0,0.0,1.0,6.25,1.62,-0.03,19.8125,19.90625,19.28125,19.4375,0.4,0.0,7.0,0.0
1.4358,0x220,0.0,0.0,1.0,6.25,1.55,-0.03,19.8125,19.90625,19.28125,19.4375,0.4,0.0,7.0,0.0
1.4375,0x316,0.0,0.0,1.0,6.25,1.55,-0.03,19.8125,19.90625,19.28125,19.4375,0.4,0.0,7.0,0.0
1.44071,0x2B0,0.0,0.0,1.0,6.25,1.55,-0.03,19.8125,19.90625,19.28125,19.4375,0.4,0.0,7.0,0.0
1.4458,0x220,0.0,0.0,1.0,6.25,1.55,-0.05,19.8125,19.90625,19.28125,19.4375,0.4,0.0,7.0,0.0
1.44603,0x386,0.0,0.0,1.0,6.25,1.55,-0.05,19.84375,19.96875,19.28125,19.34375,0.4,0.0,7.0,0.0
1.44746,0x316,0.0,0.0,1.0,6.25,1.55,-0.05,19.84375,19.96875,19.28125,19.34375,0.4,0.0,7.0,0.0
1.45087,0x2B0,0.0,0.0,1.0,6.25,1.55,-0.05,19.84375,19.96875,19.28125,19.34375,0.4,0.0,7.0,0.0
1.45581,0x220,0.0,0.0,1.0,6.25,1.61,-0.05,19.84375,19.96875,19.28125,19.34375,0.4,0.0,7.0,0.0
1.45743,0x316,0.0,0.0,1.0,6.25,1.61,-0.05,19.84375,19.96875,19.28125,19.34375,0.4,0.0,7.0,0.0
1.4607,0x2B0,0.0,0.0,1.0,6.25,1.61,-0.05,19.84375,19.96875,19.28125,19.34375,0.4,0.0,7.0,0.0
1.46581,0x220,0.0,0.0,1.0,6.25,1.72,-0.05,19.84375,19.96875,19.28125,19.34375,0.4,0.0,7.0,0.0
1.46604,0x386,0.0,0.0,1.0,6.25,1.72,-0.05,19.71875,19.78125,19.3125,19.34375,0.4,0.0,7.0,0.0
1.46783,0x316,0.0,0.0,1.0,6.25,1.72,-0.05,19.71875,19.78125,19.3125,19.34375,0.4,0.0,7.0,0.0
1.47071,0x2B0,0.0,0.0,1.0,6.25,1.72,-0.05,19.71875,19.78125,19.3125,19.34375,0.4,0.0,7.0,0.0
1.4758,0x220,0.0,0.0,1.0,6.25,1.76,-0.13,19.71875,19.78125,19.3125,19.34375,0.4,0.0,7.0,0.0
1.47786,0x316,0.0,0.0,1.0,6.25,1.76,-0.13,19.71875,19.78125,19.3125,19.34375,0.4,0.0,7.0,0.0
1.48072,0x2B0,0.0,0.0,1.0,6.25,1.76,-0.13,19.71875,19.78125,19.3125,19.34375,0.4,0.0,7.0,0.0
1.4858,0x220,0.0,0.0,1.0,6.25,1.67,-0.21,19.71875,19.78125,19.3125,19.34375,0.4,0.0,7.0,0.0
1.48603,0x386,0.0,0.0,1.0,6.25,1.67,-0.21,19.8125,19.875,19.34375,19.375,0.4,0.0,7.0,0.0
1.48743,0x316,0.0,0.0,1.0,6.25,1.67,-0.21,19.8125,19.875,19.34375,19.375,0.4,0.0,7.0,0.0
1.49071,0x2B0,0.0,0.0,1.0,6.25,1.67,-0.21,19.8125,19.875,19.34375,19.375,0.4,0.0,7.0,0.0
1.49581,0x220,0.0,0.0,1.0,6.25,1.49,-0.19,19.8125,19.875,19.34375,19.375,0.4,0.0,7.0,0.0
1.49754,0x316,0.0,0.0,1.0,6.25,1.49,-0.19,19.8125,19.875,19.34375,19.375,0.4,0.0,7.0,0.0
1.50072,0x2B0,0.0,0.0,1.0,6.25,1.49,-0.19,19.8125,19.875,19.34375,19.375,0.4,0.0,7.0,0.0
1.5058,0x220,0.0,0.0,1.0,6.25,1.36,-0.09,19.8125,19.875,19.34375,19.375,0.4,0.0,7.0,0.0
1.50603,0x386,0.0,0.0,1.0,6.25,1.36,-0.09,19.84375,19.8125,19.46875,19.5625,0.4,0.0,7.0,0.0
1.50752,0x316,0.0,0.0,1.0,6.25,1.36,-0.09,19.84375,19.8125,19.46875,19.5625,0.4,0.0,7.0,0.0
1.51087,0x2B0,0.0,0.0,1.0,6.25,1.36,-0.09,19.84375,19.8125,19.46875,19.5625,0.4,0.0,7.0,0.0
1.51581,0x220,0.0,0.0,1.0,6.25,1.35,0.0,19.84375,19.8125,19.46875,19.5625,0.4,0.0,7.0,0.0
1.51748,0x316,0.0,0.0,1.0,6.25,1.35,0.0,19.84375,19.8125,19.46875,19.5625,0.4,0.0,7.0,0.0
1.5207,0x2B0,0.0,0.0,1.0,6.25,1.35,0.0,19.84375,19.8125,19.46875,19.5625,0.4,0.0,7.0,0.0
1.52582,0x220,0.0,0.0,1.0,6.25,1.42,0.04,19.84375,19.8125,19.46875,19.5625,0.4,0.0,7.0,0.0
1.52604,0x386,0.0,0.0,1.0,6.25,1.42,0.04,19.75,19.84375,19.53125,19.5,0.4,0.0,7.0,0.0
1.52741,0x316,0.0,0.0,1.0,6.25,1.42,0.04,19.75,19.84375,19.53125,19.5,0.4,0.0,7.0,0.0
1.53071,0x2B0,0.0,0.0,1.0,6.25,1.42,0.04,19.75,19.84375,19.53125,19.5,0.4,0.0,7.0,0.0
1.53581,0x220,0.0,0.0,1.0,6.25,1.53,0.0,19.75,19.84375,19.53125,19.5,0.4,0.0,7.0,0.0
1.53741,0x316,0.0,0.0,1.0,6.25,1.53,0.0,19.75,19.84375,19.53125,19.5,0.4,0.0,7.0,0.0
1.5407,0x2B0,0.0,0.0,1.0,6.25,1.53,0.0,19.75,19.84375,19.53125,19.5,0.4,0.0,7.0,0.0
1.5458,0x220,0.0,0.0,1.0,6.25,1.54,-0.02,19.75,19.84375,19.53125,19.5,0.4,0.0,7.0,0.0
1.54603,0x386,0.0,0.0,1.0,6.25,1.54,-0.02,19.6875,19.71875,19.53125,19.59375,0.4,0.0,7.0,0.0
1.54749,0x316,0.0,0.0,1.0,6.25,1.54,-0.02,19.6875,19.71875,19.53125,19.59375,0.4,0.0,7.0,0.0
1.55086,0x2B0,0.0,0.0,1.0,6.25,1.54,-0.02,19.6875,19.71875,19.53125,19.59375,0.4,0.0,7.0,0.0
1.55581,0x220,0.0,0.0,1.0,6.25,1.39,0.0,19.6875,19.71875,19.53125,19.59375,0.4,0.0,7.0,0.0
1.55754,0x316,0.0,0.0,1.0,6.25,1.39,0.0,19.6875,19.71875,19.53125,19.59375,0.4,0.0,7.0,0.0
1.5607,0x2B0,0.0,0.0,1.0,6.25,1.39,0.0,19.6875,19.71875,19.53125,19.59375,0.4,0.0,7.0,0.0
1.5658,0x220,0.0,0.0,1.0,6.25,1.22,0.05,19.6875,19.71875,19.53125,19.59375,0.4,0.0,7.0,0.0
1.56603,0x386,0.0,0.0,1.0,6.25,1.22,0.05,19.71875,19.78125,19.53125,19.625,0.4,0.0,7.0,0.0
1.5677,0x316,0.0,0.0,1.0,6.25,1.22,0.05,19.71875,19.78125,19.53125,19.625,0.4,0.0,7.0,0.0
1.5707,0x2B0,0.0,0.0,1.0,6.25,1.22,0.05,19.71875,19.78125,19.53125,19.625,0.4,0.0,7.0,0.0
1.57595,0x220,0.0,0.0,1.0,6.25,1.14,0.05,19.71875,19.78125,19.53125,19.625,0.4,0.0,7.0,0.0
1.57757,0x316,0.0,0.0,1.0,6.25,1.14,0.05,19.71875,19.78125,19.53125,19.625,0.4,0.0,7.0,0.0
1.58069,0x2B0,0.0,0.0,1.0,6.25,1.14,0.05,19.71875,19.78125,19.53125,19.625,0.4,0.0,7.0,0.0
1.5858,0x220,0.0,0.0,1.0,6.25,1.13,0.0,19.71875,19.78125,19.53125,19.625,0.4,0.0,7.0,0.0
1.58603,0x386,0.0,0.0,1.0,6.25,1.13,0.0,19.96875,19.96875,19.625,19.78125,0.4,0.0,7.0,0.0
1.58749,0x316,0.0,0.0,1.0,6.25,1.13,0.0,19.96875,19.96875,19.625,19.78125,0.4,0.0,7.0,0.0
1.5907,0x2B0,0.0,0.0,1.0,6.25,1.13,0.0,19.96875,19.96875,19.625,19.78125,0.4,0.0,7.0,0.0
1.59581,0x220,0.0,0.0,1.0,6.25,1.19,0.11,19.96875,19.96875,19.625,19.78125,0.4,0.0,7.0,0.0
1.59759,0x316,0.0,0.0,1.0,6.25,1.19,0.11,19.96875,19.96875,19.625,19.78125,0.4,0.0,7.0,0.0
1.60076,0x2B0,0.0,0.0,1.0,6.25,1.19,0.11,19.96875,19.96875,19.625,19.78125,0.4,0.0,7.0,0.0
1.60581,0x220,0.0,0.0,1.0,6.25,1.38,0.24,19.96875,19.96875,19.625,19.78125,0.4,0.0,7.0,0.0
1.60604,0x386,0.0,0.0,1.0,6.25,1.38,0.24,19.65625,20.03125,19.65625,19.78125,0.4,0.0,7.0,0.0
1.60743,0x316,0.0,0.0,1.0,6.25,1.38,0.24,19.65625,20.03125,19.65625,19.78125,0.4,0.0,10.0,0.0
1.61087,0x2B0,0.0,0.0,1.0,6.25,1.38,0.24,19.65625,20.03125,19.65625,19.78125,0.4,0.0,10.0,0.0
1.61581,0x220,0.0,0.0,1.0,6.25,1.5,0.13,19.65625,20.03125,19.65625,19.78125,0.4,0.0,10.0,0.0
1.61743,0x316,0.0,0.0,1.0,6.25,1.5,0.13,19.65625,20.03125,19.65625,19.78125,0.4,0.0,12.0,0.0
1.62077,0x2B0,0.0,0.0,1.0,6.25,1.5,0.13,19.65625,20.03125,19.65625,19.78125,0.4,0.0,12.0,0.0
1.62582,0x220,0.0,0.0,1.0,6.25,1.45,0.08,19.65625,20.03125,19.65625,19.78125,0.4,0.0,12.0,0.0
1.62606,0x386,0.0,0.0,1.0,6.25,1.45,0.08,20.0,20.0625,19.6875,19.71875,0.4,0.0,12.0,0.0
1.62749,0x316,0.0,0.0,1.0,6.25,1.45,0.08,20.0,20.0625,19.6875,19.71875,0.4,0.0,15.0,0.0
1.63074,0x2B0,0.0,0.0,1.0,6.25,1.45,0.08,20.0,20.0625,19.6875,19.71875,0.3,0.0,15.0,0.0
1.63581,0x220,0.0,0.0,1.0,6.25,1.42,0.33,20.0,20.0625,19.6875,19.71875,0.3,0.0,15.0,0.0
1.63755,0x316,0.0,0.0,1.0,6.25,1.42,0.33,20.0,20.0625,19.6875,19.71875,0.3,0.0,17.0,0.0
1.64067,0x2B0,0.0,0.0,1.0,6.25,1.42,0.33,20.0,20.0625,19.6875,19.71875,0.3,0.0,17.0,0.0
1.64581,0x220,0.0,0.0,1.0,6.25,1.47,0.54,20.0,20.0625,19.6875,19.71875,0.3,0.0,17.0,0.0
1.64604,0x386,0.0,0.0,1.0,6.25,1.47,0.54,19.90625,20.0,19.59375,19.84375,0.3,0.0,17.0,0.0
1.64741,0x316,0.0,0.0,1.0,6.25,1.47,0.54,19.90625,20.0,19.59375,19.84375,0.3,0.0,20.0,0.0
1.65067,0x2B0,0.0,0.0,1.0,6.25,1.47,0.54,19.90625,20.0,19.59375,19.84375,0.3,0.0,20.0,0.0
1.65582,0x220,0.0,0.0,1.0,6.25,1.53,0.32,19.90625,20.0,19.59375,19.84375,0.3,0.0,20.0,0.0
1.65745,0x316,0.0,0.0,1.0,6.25,1.53,0.32,19.90625,20.0,19.59375,19.84375,0.3,0.0,20.0,0.0
1.66067,0x2B0,0.0,0.0,1.0,6.25,1.53,0.32,19.90625,20.0,19.59375,19.84375,0.3,0.0,20.0,0.0
1.66581,0x220,0.0,0.0,1.0,6.25,1.47,-0.05,19.90625,20.0,19.59375,19.84375,0.3,0.0,20.0,0.0
1.66604,0x386,0.0,0.0,1.0,6.25,1.47,-0.05,20.125,20.125,19.4375,19.53125,0.3,0.0,20.0,0.0
1.66782,0x316,0.0,0.0,1.0,6.25,1.47,-0.05,20.125,20.125,19.4375,19.53125,0.3,0.0,20.0,0.0
1.67074,0x2B0,0.0,0.0,1.0,6.25,1.47,-0.05,20.125,20.125,19.4375,19.53125,0.3,0.0,20.0,0.0
1.67598,0x220,0.0,0.0,1.0,6.25,1.24,-0.18,20.125,20.125,19.4375,19.53125,0.3,0.0,20.0,0.0
1.6779,0x316,0.0,0.0,1.0,6.25,1.24,-0.18,20.125,20.125,19.4375,19.53125,0.3,0.0,20.0,0.0
1.68074,0x2B0,0.0,0.0,1.0,6.25,1.24,-0.18,20.125,20.125,19.4375,19.53125,0.3,0.0,20.0,0.0
1.68581,0x220,0.0,0.0,1.0,6.25,1.07,0.08,20.125,20.125,19.4375,19.53125,0.3,0.0,20.0,0.0
1.68604,0x386,0.0,0.0,1.0,6.25,1.07,0.08,20.09375,20.25,19.40625,19.53125,0.3,0.0,20.0,0.0
1.68741,0x316,0.0,0.0,1.0,6.25,1.07,0.08,20.09375,20.25,19.40625,19.53125,0.3,0.0,20.0,0.0
1.69075,0x2B0,0.0,0.0,1.0,6.25,1.07,0.08,20.09375,20.25,19.40625,19.53125,0.3,0.0,20.0,0.0
1.69581,0x220,0.0,0.0,1.0,6.25,1.12,0.33,20.09375,20.25,19.40625,19.53125,0.3,0.0,20.0,0.0
1.69754,0x316,0.0,0.0,1.0,6.25,1.12,0.33,20.09375,20.25,19.40625,19.53125,0.3,0.0,20.0,0.0
1.70072,0x2B0,0.0,0.0,1.0,6.25,1.12,0.33,20.09375,20.25,19.40625,19.53125,0.2,0.0,20.0,0.0
1.70581,0x220,0.0,0.0,1.0,6.25,1.29,0.26,20.09375,20.25,19.40625,19.53125,0.2,0.0,20.0,0.0
1.70604,0x386,0.0,0.0,1.0,6.25,1.29,0.26,20.1875,20.1875,19.46875,19.4375,0.2,0.0,20.0,0.0
1.70749,0x316,0.0,0.0,1.0,6.25,1.29,0.26,20.1875,20.1875,19.46875,19.4375,0.2,0.0,20.0,0.0
1.71068,0x2B0,0.0,0.0,1.0,6.25,1.29,0.26,20.1875,20.1875,19.46875,19.4375,0.2,0.0,20.0,0.0
1.71581,0x220,0.0,0.0,1.0,6.25,1.47,0.12,20.1875,20.1875,19.46875,19.4375,0.2,0.0,20.0,0.0
1.71748,0x316,0.0,0.0,1.0,6.25,1.47,0.12,20.1875,20.1875,19.46875,19.4375,0.2,0.0,20.0,0.0
1.72068,0x2B0,0.0,0.0,1.0,6.25,1.47,0.12,20.1875,20.1875,19.46875,19.4375,0.2,0.0,20.0,0.0
1.72582,0x220,0.0,0.0,1.0,6.25,1.54,0.16,20.1875,20.1875,19.46875,19.4375,0.2,0.0,20.0,0.0
1.72604,0x386,0.0,0.0,1.0,6.25,1.54,0.16,20.25,20.0625,19.25,19.5625,0.2,0.0,20.0,0.0
1.7274,0x316,0.0,0.0,1.0,6.25,1.54,0.16,20.25,20.0625,19.25,19.5625,0.2,0.0,17.0,0.0
1.73067,0x2B0,0.0,0.0,1.0,6.25,1.54,0.16,20.25,20.0625,19.25,19.5625,0.2,0.0,17.0,0.0
1.73582,0x220,0.0,0.0,1.0,6.25,1.55,0.3,20.25,20.0625,19.25,19.5625,0.2,0.0,17.0,0.0
1.73741,0x316,0.0,0.0,1.0,6.25,1.55,0.3,20.25,20.0625,19.25,19.5625,0.2,0.0,17.0,0.0
1.74067,0x2B0,0.0,0.0,1.0,6.25,1.55,0.3,20.25,20.0625,19.25,19.5625,0.2,0.0,17.0,0.0
1.74581,0x220,0.0,0.0,1.0,6.25,1.44,0.31,20.25,20.0625,19.25,19.5625,0.2,0.0,17.0,0.0
1.74604,0x386,0.0,0.0,1.0,6.25,1.44,0.31,20.21875,20.0625,19.40625,19.46875,0.2,0.0,17.0,0.0
1.74748,0x316,0.0,0.0,1.0,6.25,1.44,0.31,20.21875,20.0625,19.40625,19.46875,0.2,0.0,17.0,0.0
1.75067,0x2B0,0.0,0.0,1.0,6.25,1.44,0.31,20.21875,20.0625,19.40625,19.46875,0.2,0.0,17.0,0.0
1.75581,0x220,0.0,0.0,1.0,6.25,1.2,0.14,20.21875,20.0625,19.40625,19.46875,0.2,0.0,17.0,0.0
1.75751,0x316,0.0,0.0,1.0,6.25,1.2,0.14,20.21875,20.0625,19.40625,19.46875,0.2,0.0,17.0,0.0
1.76068,0x2B0,0.0,0.0,1.0,6.25,1.2,0.14,20.21875,20.0625,19.40625,19.46875,0.2,0.0,17.0,0.0
1.76581,0x220,0.0,0.0,1.0,6.25,1.04,-0.03,20.21875,20.0625,19.40625,19.46875,0.2,0.0,17.0,0.0
1.76604,0x386,0.0,0.0,1.0,6.25,1.04,-0.03,20.1875,20.40625,19.5625,19.5,0.2,0.0,17.0,0.0
1.76769,0x316,0.0,0.0,1.0,6.25,1.04,-0.03,20.1875,20.40625,19.5625,19.5,0.2,0.0,17.0,0.0
1.77067,0x2B0,0.0,0.0,1.0,6.25,1.04,-0.03,20.1875,20.40625,19.5625,19.5,0.2,0.0,17.0,0.0
1.77602,0x220,0.0,0.0,1.0,6.25,0.98,-0.03,20.1875,20.40625,19.5625,19.5,0.2,0.0,17.0,0.0
1.77759,0x316,0.0,0.0,1.0,6.25,0.98,-0.03,20.1875,20.40625,19.5625,19.5,0.2,0.0,17.0,0.0
1.78068,0x2B0,0.0,0.0,1.0,6.25,0.98,-0.03,20.1875,20.40625,19.5625,19.5,0.2,0.0,17.0,0.0
1.78581,0x220,0.0,0.0,1.0,6.25,1.12,0.11,20.1875,20.40625,19.5625,19.5,0.2,0.0,17.0,0.0
1.78604,0x386,0.0,0.0,1.0,6.25,1.12,0.11,20.21875,20.1875,19.65625,19.6875,0.2,0.0,17.0,0.0
1.78748,0x316,0.0,0.0,1.0,6.25,1.12,0.11,20.21875,20.1875,19.65625,19.6875,0.2,0.0,17.0,0.0
1.79068,0x2B0,0.0,0.0,1.0,6.25,1.12,0.11,20.21875,20.1875,19.65625,19.6875,0.2,0.0,17.0,0.0
1.79581,0x220,0.0,0.0,1.0,6.25,1.47,0.23,20.21875,20.1875,19.65625,19.6875,0.2,0.0,17.0,0.0
1.79762,0x316,0.0,0.0,1.0,6.25,1.47,0.23,20.21875,20.1875,19.65625,19.6875,0.2,0.0,20.0,0.0
1.80069,0x2B0,0.0,0.0,1.0,6.25,1.47,0.23,20.21875,20.1875,19.65625,19.6875,0.2,0.0,20.0,0.0
1.80581,0x220,0.0,0.0,1.0,6.25,1.75,0.21,20.21875,20.1875,19.65625,19.6875,0.2,0.0,20.0,0.0
1.80604,0x386,0.0,0.0,1.0,6.25,1.75,0.21,20.15625,20.21875,19.71875,19.6875,0.2,0.0,20.0,0.0
1.80743,0x316,0.0,0.0,1.0,6.25,1.75,0.21,20.15625,20.21875,19.71875,19.6875,0.2,0.0,20.0,0.0
1.81067,0x2B0,0.0,0.0,1.0,6.25,1.75,0.21,20.15625,20.21875,19.71875,19.6875,0.2,0.0,20.0,0.0
1.81582,0x220,0.0,0.0,1.0,6.25,1.92,0.01,20.15625,20.21875,19.71875,19.6875,0.2,0.0,20.0,0.0
1.81742,0x316,0.0,0.0,1.0,6.25,1.92,0.01,20.15625,20.21875,19.71875,19.6875,0.2,0.0,20.0,0.0
1.82069,0x2B0,0.0,0.0,1.0,6.25,1.92,0.01,20.15625,20.21875,19.71875,19.6875,0.2,0.0,20.0,0.0
1.82582,0x220,0.0,0.0,1.0,6.25,1.83,-0.2,20.15625,20.21875,19.71875,19.6875,0.2,0.0,20.0,0.0
1.82605,0x386,0.0,0.0,1.0,6.25,1.83,-0.2,20.0625,20.15625,19.75,19.6875,0.2,0.0,20.0,0.0
1.82748,0x316,0.0,0.0,1.0,6.25,1.83,-0.2,20.0625,20.15625,19.75,19.6875,0.2,0.0,20.0,0.0
1.83066,0x2B0,0.0,0.0,1.0,6.25,1.83,-0.2,20.0625,20.15625,19.75,19.6875,0.2,0.0,20.0,0.0
1.83581,0x220,0.0,0.0,1.0,6.25,1.49,-0.29,20.0625,20.15625,19.75,19.6875,0.2,0.0,20.0,0.0
1.8375,0x316,0.0,0.0,1.0,6.25,1.49,-0.29,20.0625,20.15625,19.75,19.6875,0.2,0.0,20.0,0.0
1.84067,0x2B0,0.0,0.0,1.0,6.25,1.49,-0.29,20.0625,20.15625,19.75,19.6875,0.2,0.0,20.0,0.0
1.84581,0x220,0.0,0.0,1.0,6.25,1.16,-0.23,20.0625,20.15625,19.75,19.6875,0.2,0.0,20.0,0.0
1.84604,0x386,0.0,0.0,1.0,6.25,1.16,-0.23,20.15625,20.21875,19.78125,19.78125,0.2,0.0,20.0,0.0
1.8474,0x316,0.0,0.0,1.0,6.25,1.16,-0.23,20.15625,20.21875,19.78125,19.78125,0.2,0.0,20.0,0.0
1.85086,0x2B0,0.0,0.0,1.0,6.25,1.16,-0.23,20.15625,20.21875,19.78125,19.78125,0.2,0.0,20.0,0.0
1.85581,0x220,0.0,0.0,1.0,6.25,1.05,-0.06,20.15625,20.21875,19.78125,19.78125,0.2,0.0,20.0,0.0
1.85744,0x316,0.0,0.0,1.0,6.25,1.05,-0.06,20.15625,20.21875,19.78125,19.78125,0.2,0.0,17.0,0.0
1.86074,0x2B0,0.0,0.0,1.0,6.25,1.05,-0.06,20.15625,20.21875,19.78125,19.78125,0.2,0.0,17.0,0.0
1.8658,0x220,0.0,0.0,1.0,6.25,1.22,0.08,20.15625,20.21875,19.78125,19.78125,0.2,0.0,17.0,0.0
1.86603,0x386,0.0,0.0,1.0,6.25,1.22,0.08,20.09375,20.125,19.9375,19.84375,0.2,0.0,17.0,0.0
1.86773,0x316,0.0,0.0,1.0,6.25,1.22,0.08,20.09375,20.125,19.9375,19.84375,0.2,0.0,17.0,0.0
1.87067,0x2B0,0.0,0.0,1.0,6.25,1.22,0.08,20.09375,20.125,19.9375,19.84375,0.1,0.0,17.0,0.0
1.87584,0x220,0.0,0.0,1.0,6.25,1.51,0.13,20.09375,20.125,19.9375,19.84375,0.1,0.0,17.0,0.0
1.8779,0x316,0.0,0.0,1.0,6.25,1.51,0.13,20.09375,20.125,19.9375,19.84375,0.1,0.0,17.0,0.0
1.88062,0x2B0,0.0,0.0,1.0,6.25,1.51,0.13,20.09375,20.125,19.9375,19.84375,0.1,0.0,17.0,0.0
1.88581,0x220,0.0,0.0,1.0,6.25,1.71,0.06,20.09375,20.125,19.9375,19.84375,0.1,0.0,17.0,0.0
1.88603,0x386,0.0,0.0,1.0,6.25,1.71,0.06,20.03125,20.125,19.8125,19.96875,0.1,0.0,17.0,0.0
1.88742,0x316,0.0,0.0,1.0,6.25,1.71,0.06,20.03125,20.125,19.8125,19.96875,0.1,0.0,17.0,0.0
1.89066,0x2B0,0.0,0.0,1.0,6.25,1.71,0.06,20.03125,20.125,19.8125,19.96875,0.1,0.0,17.0,0.0
1.89582,0x220,0.0,0.0,1.0,6.25,1.64,0.0,20.03125,20.125,19.8125,19.96875,0.1,0.0,17.0,0.0
1.89758,0x316,0.0,0.0,1.0,6.25,1.64,0.0,20.03125,20.125,19.8125,19.96875,0.1,0.0,17.0,0.0
1.90065,0x2B0,0.0,0.0,1.0,6.25,1.64,0.0,20.03125,20.125,19.8125,19.96875,0.1,0.0,17.0,0.0
1.90582,0x220,0.0,0.0,1.0,6.25,1.29,0.04,20.03125,20.125,19.8125,19.96875,0.1,0.0,17.0,0.0
1.90604,0x386,0.0,0.0,1.0,6.25,1.29,0.04,20.125,20.03125,19.625,20.0625,0.1,0.0,17.0,0.0
1.90746,0x316,0.0,0.0,1.0,6.25,1.29,0.04,20.125,20.03125,19.625,20.0625,0.1,0.0,17.0,0.0
1.91086,0x2B0,0.0,0.0,1.0,6.25,1.29,0.04,20.125,20.03125,19.625,20.0625,0.1,0.0,17.0,0.0
1.91582,0x220,0.0,0.0,1.0,6.25,0.9,0.2,20.125,20.03125,19.625,20.0625,0.1,0.0,17.0,0.0
1.91751,0x316,0.0,0.0,1.0,6.25,0.9,0.2,20.125,20.03125,19.625,20.0625,0.1,0.0,17.0,0.0
1.92071,0x2B0,0.0,0.0,1.0,6.25,0.9,0.2,20.125,20.03125,19.625,20.0625,0.1,0.0,17.0,0.0
1.92582,0x220,0.0,0.0,1.0,6.25,0.71,0.3,20.125,20.03125,19.625,20.0625,0.1,0.0,17.0,0.0
1.92605,0x386,0.0,0.0,1.0,6.25,0.71,0.3,20.0625,20.1875,19.75,19.875,0.1,0.0,17.0,0.0
1.92741,0x316,0.0,0.0,1.0,6.25,0.71,0.3,20.0625,20.1875,19.75,19.875,0.1,0.0,20.0,0.0
1.9307,0x2B0,0.0,0.0,1.0,6.25,0.71,0.3,20.0625,20.1875,19.75,19.875,0.0,0.0,20.0,0.0
1.93582,0x220,0.0,0.0,1.0,6.25,0.78,0.16,20.0625,20.1875,19.75,19.875,0.0,0.0,20.0,0.0
1.93744,0x316,0.0,0.0,1.0,6.25,0.78,0.16,20.0625,20.1875,19.75,19.875,0.0,0.0,20.0,0.0
1.94065,0x2B0,0.0,0.0,1.0,6.25,0.78,0.16,20.0625,20.1875,19.75,19.875,0.0,0.0,20.0,0.0
1.94582,0x220,0.0,0.0,1.0,6.25,0.96,0.04,20.0625,20.1875,19.75,19.875,0.0,0.0,20.0,0.0
1.94605,0x386,0.0,0.0,1.0,6.25,0.96,0.04,20.25,20.28125,19.71875,19.84375,0.0,0.0,20.0,0.0
1.9474,0x316,0.0,0.0,1.0,6.25,0.96,0.04,20.25,20.28125,19.71875,19.84375,0.0,0.0,22.0,0.0
1.95065,0x2B0,0.0,0.0,1.0,6.25,0.96,0.04,20.25,20.28125,19.71875,19.84375,0.0,0.0,22.0,0.0
1.95582,0x220,0.0,0.0,1.0,6.25,1.12,0.22,20.25,20.28125,19.71875,19.84375,0.0,0.0,22.0,0.0
1.95756,0x316,0.0,0.0,1.0,6.25,1.12,0.22,20.25,20.28125,19.71875,19.84375,0.0,0.0,25.0,0.0
1.96064,0x2B0,0.0,0.0,1.0,6.25,1.12,0.22,20.25,20.28125,19.71875,19.84375,0.0,0.0,25.0,0.0
1.96582,0x220,0.0,0.0,1.0,6.25,1.29,0.56,20.25,20.28125,19.71875,19.84375,0.0,0.0,25.0,0.0
1.96604,0x386,0.0,0.0,1.0,6.25,1.29,0.56,20.1875,20.3125,19.625,19.84375,0.0,0.0,25.0,0.0
1.96769,0x316,0.0,0.0,1.0,6.25,1.29,0.56,20.1875,20.3125,19.625,19.84375,0.0,0.0,25.0,0.0
1.97071,0x2B0,0.0,0.0,1.0,6.25,1.29,0.56,20.1875,20.3125,19.625,19.84375,0.0,0.0,25.0,0.0
1.97587,0x220,0.0,0.0,1.0,6.25,1.45,0.62,20.1875,20.3125,19.625,19.84375,0.0,0.0,25.0,0.0
1.97764,0x316,0.0,0.0,1.0,6.25,1.45,0.62,20.1875,20.3125,19.625,19.84375,0.0,0.0,25.0,0.0
1.9807,0x2B0,0.0,0.0,1.0,6.25,1.45,0.62,20.1875,20.3125,19.625,19.84375,0.0,0.0,25.0,0.0
1.98582,0x220,0.0,0.0,1.0,6.25,1.6,0.24,20.1875,20.3125,19.625,19.84375,0.0,0.0,25.0,0.0
1.98604,0x386,0.0,0.0,1.0,6.25,1.6,0.24,20.28125,20.3125,19.59375,19.78125,0.0,0.0,25.0,0.0
1.9874,0x316,0.0,0.0,1.0,6.25,1.6,0.24,20.28125,20.3125,19.59375,19.78125,0.0,0.0,25.0,0.0
1.99071,0x2B0,0.0,0.0,1.0,6.25,1.6,0.24,20.28125,20.3125,19.59375,19.78125,0.0,0.0,25.0,0.0
1.99581,0x220,0.0,0.0,1.0,6.25,1.67,-0.18,20.28125,20.3125,19.59375,19.78125,0.0,0.0,25.0,0.0
1.99774,0x316,0.0,0.0,1.0,6.25,1.67,-0.18,20.28125,20.3125,19.59375,19.78125,0.0,0.0,22.0,0.0
2.00067,0x2B0,0.0,0.0,1.0,6.25,1.67,-0.18,20.28125,20.3125,19.59375,19.78125,0.0,0.0,22.0,0.0
2.00582,0x220,0.0,0.0,1.0,6.25,1.68,-0.27,20.28125,20.3125,19.59375,19.78125,0.0,0.0,22.0,0.0
2.00605,0x386,0.0,0.0,1.0,6.25,1.68,-0.27,20.28125,20.21875,19.71875,19.8125,0.0,0.0,22.0,0.0
2.00748,0x316,0.0,0.0,1.0,6.25,1.68,-0.27,20.28125,20.21875,19.71875,19.8125,0.0,0.0,20.0,0.0
2.01067,0x2B0,0.0,0.0,1.0,6.25,1.68,-0.27,20.28125,20.21875,19.71875,19.8125,-0.1,0.0,20.0,0.0
2.01581,0x220,0.0,0.0,1.0,6.25,1.67,-0.08,20.28125,20.21875,19.71875,19.8125,-0.1,0.0,20.0,0.0
2.01742,0x316,0.0,0.0,1.0,6.25,1.67,-0.08,20.28125,20.21875,19.71875,19.8125,-0.1,0.0,17.0,0.0
2.02062,0x2B0,0.0,0.0,1.0,6.25,1.67,-0.08,20.28125,20.21875,19.71875,19.8125,-0.1,0.0,17.0,0.0
2.02582,0x220,0.0,0.0,1.0,6.25,1.65,0.09,20.28125,20.21875,19.71875,19.8125,-0.1,0.0,17.0,0.0
2.02605,0x386,0.0,0.0,1.0,6.25,1.65,0.09,20.1875,20.4375,19.71875,19.78125,-0.1,0.0,17.0,0.0
2.0274,0x316,0.0,0.0,1.0,6.25,1.65,0.09,20.1875,20.4375,19.71875,19.78125,-0.1,0.0,12.0,0.0
2.03064,0x2B0,0.0,0.0,1.0,6.25,1.65,0.09,20.1875,20.4375,19.71875,19.78125,-0.1,0.0,12.0,0.0
2.03582,0x220,0.0,0.0,1.0,6.25,1.65,0.11,20.1875,20.4375,19.71875,19.78125,-0.1,0.0,12.0,0.0
2.03756,0x316,0.0,0.0,1.0,6.25,1.65,0.11,20.1875,20.4375,19.71875,19.78125,-0.1,0.0,10.0,0.0
2.04065,0x2B0,0.0,0.0,1.0,6.25,1.65,0.11,20.1875,20.4375,19.71875,19.78125,-0.2,0.0,10.0,0.0
2.04582,0x220,0.0,0.0,1.0,6.25,1.73,0.01,20.1875,20.4375,19.71875,19.78125,-0.2,0.0,10.0,0.0
2.04605,0x386,0.0,0.0,1.0,6.25,1.73,0.01,20.21875,20.15625,19.59375,19.96875,-0.2,0.0,10.0,0.0
2.04748,0x316,0.0,0.0,1.0,6.25,1.73,0.01,20.21875,20.15625,19.59375,19.96875,-0.2,0.0,10.0,0.0
2.05084,0x2B0,0.0,0.0,1.0,6.25,1.73,0.01,20.21875,20.15625,19.59375,19.96875,-0.2,0.0,10.0,0.0
2.05582,0x220,0.0,0.0,1.0,6.25,1.92,-0.05,20.21875,20.15625,19.59375,19.96875,-0.2,0.0,10.0,0.0
2.05745,0x316,0.0,0.0,1.0,6.25,1.92,-0.05,20.21875,20.15625,19.59375,19.96875,-0.2,0.0,7.0,0.0
2.06065,0x2B0,0.0,0.0,1.0,6.25,1.92,-0.05,20.21875,20.15625,19.59375,19.96875,-0.3,0.0,7.0,0.0
2.06582,0x220,0.0,0.0,1.0,6.25,2.16,-0.05,20.21875,20.15625,19.59375,19.96875,-0.3,0.0,7.0,0.0
2.06605,0x386,0.0,0.0,1.0,6.25,2.16,-0.05,20.28125,20.125,19.5625,19.9375,-0.3,0.0,7.0,0.0
2.06767,0x316,0.0,0.0,1.0,6.25,2.16,-0.05,20.28125,20.125,19.5625,19.9375,-0.3,0.0,7.0,0.0
2.07067,0x2B0,0.0,0.0,1.0,6.25,2.16,-0.05,20.28125,20.125,19.5625,19.9375,-0.3,0.0,7.0,0.0
2.07589,0x220,0.0,0.0,1.0,6.25,2.29,0.0,20.28125,20.125,19.5625,19.9375,-0.3,0.0,7.0,0.0
2.07796,0x316,0.0,0.0,1.0,6.25,2.29,0.0,20.28125,20.125,19.5625,19.9375,-0.3,0.0,7.0,0.0
2.08066,0x2B0,0.0,0.0,1.0,6.25,2.29,0.0,20.28125,20.125,19.5625,19.9375,-0.3,0.0,7.0,0.0
2.08582,0x220,0.0,0.0,1.0,6.25,2.19,-0.02,20.28125,20.125,19.5625,19.9375,-0.3,0.0,7.0,0.0
2.08605,0x386,0.0,0.0,1.0,6.25,2.19,-0.02,20.0625,20.125,19.71875,19.75,-0.3,0.0,7.0,0.0
2.08751,0x316,0.0,0.0,1.0,6.25,2.19,-0.02,20.0625,20.125,19.71875,19.75,-0.3,0.0,7.0,0.0
2.09066,0x2B0,0.0,0.0,1.0,6.25,2.19,-0.02,20.0625,20.125,19.71875,19.75,-0.3,0.0,7.0,0.0
2.09582,0x220,0.0,0.0,1.0,6.25,1.82,-0.05,20.0625,20.125,19.71875,19.75,-0.3,0.0,7.0,0.0
2.0975,0x316,0.0,0.0,1.0,6.25,1.82,-0.05,20.0625,20.125,19.71875,19.75,-0.3,0.0,10.0,0.0
2.10065,0x2B0,0.0,0.0,1.0,6.25,1.82,-0.05,20.0625,20.125,19.71875,19.75,-0.3,0.0,10.0,0.0
2.10582,0x220,0.0,0.0,1.0,6.25,1.33,-0.05,20.0625,20.125,19.71875,19.75,-0.3,0.0,10.0,0.0
2.10605,0x386,0.0,0.0,1.0,6.25,1.33,-0.05,20.28125,20.15625,19.46875,19.15625,-0.3,0.0,10.0,0.0
2.10742,0x316,0.0,0.0,1.0,6.25,1.33,-0.05,20.28125,20.15625,19.46875,19.15625,-0.3,0.0,12.0,0.0
2.11066,0x2B0,0.0,0.0,1.0,6.25,1.33,-0.05,20.28125,20.15625,19.46875,19.15625,-0.3,0.0,12.0,0.0
2.11582,0x220,0.0,0.0,1.0,6.25,0.99,-0.15,20.28125,20.15625,19.46875,19.15625,-0.3,0.0,12.0,0.0
2.1175,0x316,0.0,0.0,1.0,6.25,0.99,-0.15,20.28125,20.15625,19.46875,19.15625,-0.3,0.0,17.0,0.0
2.12066,0x2B0,0.0,0.0,1.0,6.25,0.99,-0.15,20.28125,20.15625,19.46875,19.15625,-0.3,0.0,17.0,0.0
2.12583,0x220,0.0,0.0,1.0,6.25,0.93,-0.25,20.28125,20.15625,19.46875,19.15625,-0.3,0.0,17.0,0.0
2.12606,0x386,0.0,0.0,1.0,6.25,0.93,-0.25,19.96875,20.03125,19.375,19.34375,-0.3,0.0,17.0,0.0
2.12751,0x316,0.0,0.0,1.0,6.25,0.93,-0.25,19.96875,20.03125,19.375,19.34375,-0.3,0.0,22.0,0.0
2.13065,0x2B0,0.0,0.0,1.0,6.25,0.93,-0.25,19.96875,20.03125,19.375,19.34375,-0.3,0.0,22.0,0.0
2.13582,0x220,0.0,0.0,1.0,6.25,1.18,-0.25,19.96875,20.03125,19.375,19.34375,-0.3,0.0,22.0,0.0
2.13741,0x316,0.0,0.0,1.0,6.25,1.18,-0.25,19.96875,20.03125,19.375,19.34375,-0.3,0.0,25.0,0.0
2.14065,0x2B0,0.0,0.0,1.0,6.25,1.18,-0.25,19.96875,20.03125,19.375,19.34375,-0.3,0.0,25.0,0.0
2.14582,0x220,0.0,0.0,1.0,6.25,1.61,-0.19,19.96875,20.03125,19.375,19.34375,-0.3,0.0,25.0,0.0
2.14606,0x386,0.0,0.0,1.0,6.25,1.61,-0.19,19.90625,20.1875,19.71875,19.6875,-0.3,0.0,25.0,0.0
2.1474,0x316,0.0,0.0,1.0,6.25,1.61,-0.19,19.90625,20.1875,19.71875,19.6875,-0.3,0.0,25.0,0.0
2.15065,0x2B0,0.0,0.0,1.0,6.25,1.61,-0.19,19.90625,20.1875,19.71875,19.6875,-0.3,0.0,25.0,0.0
2.15582,0x220,0.0,0.0,1.0,6.25,1.91,-0.16,19.90625,20.1875,19.71875,19.6875,-0.3,0.0,25.0,0.0
2.15756,0x316,0.0,0.0,1.0,6.25,1.91,-0.16,19.90625,20.1875,19.71875,19.6875,-0.3,0.0,25.0,0.0
2.16065,0x2B0,0.0,0.0,1.0,6.25,1.91,-0.16,19.90625,20.1875,19.71875,19.6875,-0.3,0.0,25.0,0.0
2.16582,0x220,0.0,0.0,1.0,6.25,1.94,-0.04,19.90625,20.1875,19.71875,19.6875,-0.3,0.0,25.0,0.0
2.16606,0x386,0.0,0.0,1.0,6.25,1.94,-0.04,19.84375,20.0625,19.90625,20.28125,-0.3,0.0,25.0,0.0
2.16771,0x316,0.0,0.0,1.0,6.25,1.94,-0.04,19.84375,20.0625,19.90625,20.28125,-0.3,0.0,22.0,0.0
2.17066,0x2B0,0.0,0.0,1.0,6.25,1.94,-0.04,19.84375,20.0625,19.90625,20.28125,-0.4,0.0,22.0,0.0
2.17587,0x220,0.0,0.0,1.0,6.25,1.82,0.16,19.84375,20.0625,19.90625,20.28125,-0.4,0.0,22.0,0.0
2.17766,0x316,0.0,0.0,1.0,6.25,1.82,0.16,19.84375,20.0625,19.90625,20.28125,-0.4,0.0,22.0,0.0
2.18068,0x2B0,0.0,0.0,1.0,6.25,1.82,0.16,19.84375,20.0625,19.90625,20.28125,-0.4,0.0,22.0,0.0
2.18582,0x220,0.0,0.0,1.0,6.25,1.61,0.33,19.84375,20.0625,19.90625,20.28125,-0.4,0.0,22.0,0.0
2.18605,0x386,0.0,0.0,1.0,6.25,1.61,0.33,20.15625,19.96875,19.90625,19.6875,-0.4,0.0,22.0,0.0
2.18741,0x316,0.0,0.0,1.0,6.25,1.61,0.33,20.15625,19.96875,19.90625,19.6875,-0.4,0.0,15.0,0.0
2.19067,0x2B0,0.0,0.0,1.0,6.25,1.61,0.33,20.15625,19.96875,19.90625,19.6875,-0.4,0.0,15.0,0.0
2.19582,0x220,0.0,0.0,1.0,6.25,1.34,0.3,20.15625,19.96875,19.90625,19.6875,-0.4,0.0,15.0,0.0
2.19765,0x316,0.0,0.0,1.0,6.25,1.34,0.3,20.15625,19.96875,19.90625,19.6875,-0.4,0.0,12.0,0.0
2.20065,0x2B0,0.0,0.0,1.0,6.25,1.34,0.3,20.15625,19.96875,19.90625,19.6875,-0.4,0.0,12.0,0.0
2.20582,0x220,0.0,0.0,1.0,6.25,1.07,0.11,20.15625,19.96875,19.90625,19.6875,-0.4,0.0,12.0,0.0
2.20605,0x386,0.0,0.0,1.0,6.25,1.07,0.11,19.875,19.90625,19.375,19.59375,-0.4,0.0,12.0,0.0
2.20752,0x316,0.0,0.0,1.0,6.25,1.07,0.11,19.875,19.90625,19.375,19.59375,-0.4,0.0,12.0,0.0
2.21067,0x2B0,0.0,0.0,1.0,6.25,1.07,0.11,19.875,19.90625,19.375,19.59375,-0.5,0.0,12.0,0.0
2.21589,0x220,0.0,0.0,1.0,6.25,0.79,-0.15,19.875,19.90625,19.375,19.59375,-0.5,0.0,12.0,0.0
2.21743,0x316,0.0,0.0,1.0,6.25,0.79,-0.15,19.875,19.90625,19.375,19.59375,-0.5,0.0,12.0,0.0
2.22062,0x2B0,0.0,0.0,1.0,6.25,0.79,-0.15,19.875,19.90625,19.375,19.59375,-0.5,0.0,12.0,0.0
2.22582,0x220,0.0,0.0,1.0,6.25,0.52,-0.23,19.875,19.90625,19.375,19.59375,-0.5,0.0,12.0,0.0
2.22605,0x386,0.0,0.0,1.0,6.25,0.52,-0.23,19.84375,19.84375,19.4375,19.6875,-0.5,0.0,12.0,0.0
2.22741,0x316,0.0,0.0,1.0,6.25,0.52,-0.23,19.84375,19.84375,19.4375,19.6875,-0.5,0.0,12.0,0.0
2.23069,0x2B0,0.0,0.0,1.0,6.25,0.52,-0.23,19.84375,19.84375,19.4375,19.6875,-0.5,0.0,12.0,0.0
2.23582,0x220,0.0,0.0,1.0,6.25,0.44,0.11,19.84375,19.84375,19.4375,19.6875,-0.5,0.0,12.0,0.0
2.23749,0x316,0.0,0.0,1.0,6.25,0.44,0.11,19.84375,19.84375,19.4375,19.6875,-0.5,0.0,15.0,0.0
2.24067,0x2B0,0.0,0.0,1.0,6.25,0.44,0.11,19.84375,19.84375,19.4375,19.6875,-0.7,8.0,15.0,0.0
2.24582,0x220,0.0,0.0,1.0,6.25,0.75,0.59,19.84375,19.84375,19.4375,19.6875,-0.7,8.0,15.0,0.0
2.24605,0x386,0.0,0.0,1.0,6.25,0.75,0.59,19.96875,20.0625,19.40625,19.6875,-0.7,8.0,15.0,0.0
2.24748,0x316,0.0,0.0,1.0,6.25,0.75,0.59,19.96875,20.0625,19.40625,19.6875,-0.7,8.0,17.0,0.0
2.25066,0x2B0,0.0,0.0,1.0,6.25,0.75,0.59,19.96875,20.0625,19.40625,19.6875,-0.7,8.0,17.0,0.0
2.25582,0x220,0.0,0.0,1.0,6.25,1.43,0.72,19.96875,20.0625,19.40625,19.6875,-0.7,8.0,17.0,0.0
2.25744,0x316,0.0,0.0,1.0,6.25,1.43,0.72,19.96875,20.0625,19.40625,19.6875,-0.7,8.0,22.0,0.0
2.26065,0x2B0,0.0,0.0,1.0,6.25,1.43,0.72,19.96875,20.0625,19.40625,19.6875,-0.7,0.0,22.0,0.0
2.26582,0x220,0.0,0.0,1.0,6.25,2.03,0.29,19.96875,20.0625,19.40625,19.6875,-0.7,0.0,22.0,0.0
2.26605,0x386,0.0,0.0,1.0,6.25,2.03,0.29,19.875,19.96875,19.125,19.4375,-0.7,0.0,22.0,0.0
2.26767,0x316,0.0,0.0,1.0,6.25,2.03,0.29,19.875,19.96875,19.125,19.4375,-0.7,0.0,25.0,0.0
2.27066,0x2B0,0.0,0.0,1.0,6.25,2.03,0.29,19.875,19.96875,19.125,19.4375,-0.7,0.0,25.0,0.0
2.27588,0x220,0.0,0.0,1.0,6.25,2.19,-0.18,19.875,19.96875,19.125,19.4375,-0.7,0.0,25.0,0.0
2.27773,0x316,0.0,0.0,1.0,6.25,2.19,-0.18,19.875,19.96875,19.125,19.4375,-0.7,0.0,25.0,0.0
2.28074,0x2B0,0.0,0.0,1.0,6.25,2.19,-0.18,19.875,19.96875,19.125,19.4375,-0.8,0.0,25.0,0.0
2.28582,0x220,0.0,0.0,1.0,6.25,1.93,-0.24,19.875,19.96875,19.125,19.4375,-0.8,0.0,25.0,0.0
2.28606,0x386,0.0,0.0,1.0,6.25,1.93,-0.24,19.96875,20.09375,19.5,19.46875,-0.8,0.0,25.0,0.0
2.28746,0x316,0.0,0.0,1.0,6.25,1.93,-0.24,19.96875,20.09375,19.5,19.46875,-0.8,0.0,28.0,0.0
2.29066,0x2B0,0.0,0.0,1.0,6.25,1.93,-0.24,19.96875,20.09375,19.5,19.46875,-0.8,0.0,28.0,0.0
2.29583,0x220,0.0,0.0,1.0,6.25,1.53,0.05,19.96875,20.09375,19.5,19.46875,-0.8,0.0,28.0,0.0
2.29753,0x316,0.0,0.0,1.0,6.25,1.53,0.05,19.96875,20.09375,19.5,19.46875,-0.8,0.0,28.0,0.0
2.30063,0x2B0,0.0,0.0,1.0,6.25,1.53,0.05,19.96875,20.09375,19.5,19.46875,-0.9,0.0,28.0,0.0
2.30582,0x220,0.0,0.0,1.0,6.25,1.32,0.25,19.96875,20.09375,19.5,19.46875,-0.9,0.0,28.0,0.0
2.30605,0x386,0.0,0.0,1.0,6.25,1.32,0.25,19.53125,19.75,19.46875,19.5,-0.9,0.0,28.0,0.0
2.30741,0x316,0.0,0.0,1.0,6.25,1.32,0.25,19.53125,19.75,19.46875,19.5,-0.9,0.0,25.0,0.0
2.31066,0x2B0,0.0,0.0,1.0,6.25,1.32,0.25,19.53125,19.75,19.46875,19.5,-0.9,0.0,25.0,0.0
2.31582,0x220,0.0,0.0,1.0,6.25,1.46,0.14,19.53125,19.75,19.46875,19.5,-0.9,0.0,25.0,0.0
2.31743,0x316,0.0,0.0,1.0,6.25,1.46,0.14,19.53125,19.75,19.46875,19.5,-0.9,0.0,22.0,0.0
2.32066,0x2B0,0.0,0.0,1.0,6.25,1.46,0.14,19.53125,19.75,19.46875,19.5,-0.9,0.0,22.0,0.0
2.32584,0x220,0.0,0.0,1.0,6.25,1.94,-0.02,19.53125,19.75,19.46875,19.5,-0.9,0.0,22.0,0.0
2.32607,0x386,0.0,0.0,1.0,6.25,1.94,-0.02,19.96875,19.875,19.625,19.9375,-0.9,0.0,22.0,0.0
2.32746,0x316,0.0,0.0,1.0,6.25,1.94,-0.02,19.96875,19.875,19.625,19.9375,-0.9,0.0,17.0,0.0
2.33066,0x2B0,0.0,0.0,1.0,6.25,1.94,-0.02,19.96875,19.875,19.625,19.9375,-0.9,0.0,17.0,0.0
2.33582,0x220,0.0,0.0,1.0,6.25,2.49,-0.08,19.96875,19.875,19.625,19.9375,-0.9,0.0,17.0,0.0
2.33741,0x316,0.0,0.0,1.0,6.25,2.49,-0.08,19.96875,19.875,19.625,19.9375,-0.9,0.0,15.0,0.0
2.34065,0x2B0,0.0,0.0,1.0,6.25,2.49,-0.08,19.96875,19.875,19.625,19.9375,-0.9,0.0,15.0,0.0
2.34582,0x220,0.0,0.0,1.0,6.25,2.68,-0.08,19.96875,19.875,19.625,19.9375,-0.9,0.0,15.0,0.0
2.34606,0x386,0.0,0.0,1.0,6.25,2.68,-0.08,19.84375,19.84375,19.90625,19.78125,-0.9,0.0,15.0,0.0
2.34742,0x316,0.0,0.0,1.0,6.25,2.68,-0.08,19.84375,19.84375,19.90625,19.78125,-0.9,0.0,12.0,0.0
2.35065,0x2B0,0.0,0.0,1.0,6.25,2.68,-0.08,19.84375,19.84375,19.90625,19.78125,-0.9,0.0,12.0,0.0
2.35582,0x220,0.0,0.0,1.0,6.25,2.42,-0.15,19.84375,19.84375,19.90625,19.78125,-0.9,0.0,12.0,0.0
2.35748,0x316,0.0,0.0,1.0,6.25,2.42,-0.15,19.84375,19.84375,19.90625,19.78125,-0.9,0.0,12.0,0.0
2.36065,0x2B0,0.0,0.0,1.0,6.25,2.42,-0.15,19.84375,19.84375,19.90625,19.78125,-1.0,0.0,12.0,0.0
2.36582,0x220,0.0,0.0,1.0,6.25,1.9,-0.23,19.84375,19.84375,19.90625,19.78125,-1.0,0.0,12.0,0.0
2.36604,0x386,0.0,0.0,1.0,6.25,1.9,-0.23,19.96875,19.8125,19.78125,19.5625,-1.0,0.0,12.0,0.0
2.36779,0x316,0.0,0.0,1.0,6.25,1.9,-0.23,19.96875,19.8125,19.78125,19.5625,-1.0,0.0,12.0,0.0
2.37068,0x2B0,0.0,0.0,1.0,6.25,1.9,-0.23,19.96875,19.8125,19.78125,19.5625,-1.0,0.0,12.0,0.0
2.37588,0x220,0.0,0.0,1.0,6.25,1.4,-0.18,19.96875,19.8125,19.78125,19.5625,-1.0,0.0,12.0,0.0
2.37762,0x316,0.0,0.0,1.0,6.25,1.4,-0.18,19.96875,19.8125,19.78125,19.5625,-1.0,0.0,12.0,0.0
2.38081,0x2B0,0.0,0.0,1.0,6.25,1.4,-0.18,19.96875,19.8125,19.78125,19.5625,-1.1,0.0,12.0,0.0
2.38582,0x220,0.0,0.0,1.0,6.25,1.32,-0.03,19.96875,19.8125,19.78125,19.5625,-1.1,0.0,12.0,0.0
2.38606,0x386,0.0,0.0,1.0,6.25,1.32,-0.03,19.75,19.84375,19.125,19.71875,-1.1,0.0,12.0,0.0
2.38745,0x316,0.0,0.0,1.0,6.25,1.32,-0.03,19.75,19.84375,19.125,19.71875,-1.1,0.0,25.0,0.0
2.3906,0x2B0,0.0,0.0,1.0,6.25,1.32,-0.03,19.75,19.84375,19.125,19.71875,-1.1,0.0,25.0,0.0
2.39582,0x220,0.0,0.0,1.0,6.25,1.68,-0.08,19.75,19.84375,19.125,19.71875,-1.1,0.0,25.0,0.0
2.39754,0x316,0.0,0.0,1.0,6.25,1.68,-0.08,19.75,19.84375,19.125,19.71875,-1.1,0.0,33.0,0.0
2.40062,0x2B0,0.0,0.0,1.0,6.25,1.68,-0.08,19.75,19.84375,19.125,19.71875,-1.1,0.0,33.0,0.0
2.40582,0x220,0.0,0.0,1.0,6.25,2.01,-0.35,19.75,19.84375,19.125,19.71875,-1.1,0.0,33.0,0.0
2.40605,0x386,0.0,0.0,1.0,6.25,2.01,-0.35,19.90625,19.875,19.25,19.65625,-1.1,0.0,33.0,0.0
2.40752,0x316,0.0,0.0,1.0,6.25,2.01,-0.35,19.90625,19.875,19.25,19.65625,-1.1,0.0,40.0,0.0
2.41061,0x2B0,0.0,0.0,1.0,6.25,2.01,-0.35,19.90625,19.875,19.25,19.65625,-1.1,0.0,40.0,0.0
2.41582,0x220,0.0,0.0,1.0,6.25,1.98,-0.39,19.90625,19.875,19.25,19.65625,-1.1,0.0,40.0,0.0
2.41741,0x316,0.0,0.0,1.0,6.25,1.98,-0.39,19.90625,19.875,19.25,19.65625,-1.1,0.0,45.0,0.0
2.42062,0x2B0,0.0,0.0,1.0,6.25,1.98,-0.39,19.90625,19.875,19.25,19.65625,-1.1,0.0,45.0,0.0
2.42584,0x220,0.0,0.0,1.0,6.25,1.69,0.0,19.90625,19.875,19.25,19.65625,-1.1,0.0,45.0,0.0
2.42607,0x386,0.0,0.0,1.0,6.25,1.69,0.0,20.03125,19.9375,19.40625,19.5625,-1.1,0.0,45.0,0.0
2.42741,0x316,0.0,0.0,1.0,6.25,1.69,0.0,20.03125,19.9375,19.40625,19.5625,-1.1,0.0,45.0,0.0
2.43068,0x2B0,0.0,0.0,1.0,6.25,1.69,0.0,20.03125,19.9375,19.40625,19.5625,-1.1,0.0,45.0,0.0
2.43583,0x220,0.0,0.0,1.0,6.25,1.31,0.51,20.03125,19.9375,19.40625,19.5625,-1.1,0.0,45.0,0.0
2.43746,0x316,0.0,0.0,1.0,6.25,1.31,0.51,20.03125,19.9375,19.40625,19.5625,-1.1,0.0,48.0,0.0
2.44067,0x2B0,0.0,0.0,1.0,6.25,1.31,0.51,20.03125,19.9375,19.40625,19.5625,-1.1,0.0,48.0,0.0
2.44583,0x220,0.0,0.0,1.0,6.25,1.11,0.64,20.03125,19.9375,19.40625,19.5625,-1.1,0.0,48.0,0.0
2.44606,0x386,0.0,0.0,1.0,6.25,1.11,0.64,19.9375,19.90625,19.15625,19.71875,-1.1,0.0,48.0,0.0
2.44753,0x316,0.0,0.0,1.0,6.25,1.11,0.64,19.9375,19.90625,19.15625,19.71875,-1.1,0.0,45.0,0.0
2.45065,0x2B0,0.0,0.0,1.0,6.25,1.11,0.64,19.9375,19.90625,19.15625,19.71875,-1.2,0.0,45.0,0.0
2.45583,0x220,0.0,0.0,1.0,6.25,1.15,0.43,19.9375,19.90625,19.15625,19.71875,-1.2,0.0,45.0,0.0
2.45745,0x316,0.0,0.0,1.0,6.25,1.15,0.43,19.9375,19.90625,19.15625,19.71875,-1.2,0.0,40.0,0.0
2.46061,0x2B0,0.0,0.0,1.0,6.25,1.15,0.43,19.9375,19.90625,19.15625,19.71875,-1.2,0.0,40.0,0.0
2.46582,0x220,0.0,0.0,1.0,6.25,1.33,0.13,19.9375,19.90625,19.15625,19.71875,-1.2,0.0,40.0,0.0
2.46606,0x386,0.0,0.0,1.0,6.25,1.33,0.13,19.9375,19.875,19.125,19.46875,-1.2,0.0,40.0,0.0
2.46768,0x316,0.0,0.0,1.0,6.25,1.33,0.13,19.9375,19.875,19.125,19.46875,-1.2,0.0,35.0,0.0
2.4706,0x2B0,0.0,0.0,1.0,6.25,1.33,0.13,19.9375,19.875,19.125,19.46875,-1.2,0.0,35.0,0.0
2.47587,0x220,0.0,0.0,1.0,6.25,1.56,0.03,19.9375,19.875,19.125,19.46875,-1.2,0.0,35.0,0.0
2.4778,0x316,0.0,0.0,1.0,6.25,1.56,0.03,19.9375,19.875,19.125,19.46875,-1.2,0.0,35.0,0.0
2.4806,0x2B0,0.0,0.0,1.0,6.25,1.56,0.03,19.9375,19.875,19.125,19.46875,-1.2,0.0,35.0,0.0
2.48583,0x220,0.0,0.0,1.0,6.25,1.69,0.25,19.9375,19.875,19.125,19.46875,-1.2,0.0,35.0,0.0
2.48606,0x386,0.0,0.0,1.0,6.25,1.69,0.25,19.84375,19.90625,19.4375,19.46875,-1.2,0.0,35.0,0.0
2.48753,0x316,0.0,0.0,1.0,6.25,1.69,0.25,19.84375,19.90625,19.4375,19.46875,-1.2,0.0,22.0,0.0
2.49061,0x2B0,0.0,0.0,1.0,6.25,1.69,0.25,19.84375,19.90625,19.4375,19.46875,-1.2,0.0,22.0,0.0
2.49583,0x220,0.0,0.0,1.0,6.25,1.63,0.52,19.84375,19.90625,19.4375,19.46875,-1.2,0.0,22.0,0.0
2.49756,0x316,0.0,0.0,1.0,6.25,1.63,0.52,19.84375,19.90625,19.4375,19.46875,-1.2,0.0,17.0,0.0
2.50069,0x2B0,0.0,0.0,1.0,6.25,1.63,0.52,19.84375,19.90625,19.4375,19.46875,-1.2,0.0,17.0,0.0
2.50583,0x220,0.0,0.0,1.0,6.25,1.45,0.62,19.84375,19.90625,19.4375,19.46875,-1.2,0.0,17.0,0.0
2.50606,0x386,0.0,0.0,1.0,6.25,1.45,0.62,19.9375,19.875,19.65625,19.65625,-1.2,0.0,17.0,0.0
2.50741,0x316,0.0,0.0,1.0,6.25,1.45,0.62,19.9375,19.875,19.65625,19.65625,-1.2,0.0,17.0,0.0
2.51064,0x2B0,0.0,0.0,1.0,6.25,1.45,0.62,19.9375,19.875,19.65625,19.65625,-1.1,0.0,17.0,0.0
2.51583,0x220,0.0,0.0,1.0,6.25,1.34,0.48,19.9375,19.875,19.65625,19.65625,-1.1,0.0,17.0,0.0
2.5174,0x316,0.0,0.0,1.0,6.25,1.34,0.48,19.9375,19.875,19.65625,19.65625,-1.1,0.0,15.0,0.0
2.5206,0x2B0,0.0,0.0,1.0,6.25,1.34,0.48,19.9375,19.875,19.65625,19.65625,-1.1,0.0,15.0,0.0
2.52583,0x220,0.0,0.0,1.0,6.25,1.43,0.17,19.9375,19.875,19.65625,19.65625,-1.1,0.0,15.0,0.0
2.52606,0x386,0.0,0.0,1.0,6.25,1.43,0.17,19.625,19.875,19.5,19.625,-1.1,0.0,15.0,0.0
2.52753,0x316,0.0,0.0,1.0,6.25,1.43,0.17,19.625,19.875,19.5,19.625,-1.1,0.0,15.0,0.0
2.53061,0x2B0,0.0,0.0,1.0,6.25,1.43,0.17,19.625,19.875,19.5,19.625,-1.1,0.0,15.0,0.0
2.53583,0x220,0.0,0.0,1.0,6.25,1.64,-0.1,19.625,19.875,19.5,19.625,-1.1,0.0,15.0,0.0
2.53745,0x316,0.0,0.0,1.0,6.25,1.64,-0.1,19.625,19.875,19.5,19.625,-1.1,0.0,15.0,0.0
2.5406,0x2B0,0.0,0.0,1.0,6.25,1.64,-0.1,19.625,19.875,19.5,19.625,-1.1,0.0,15.0,0.0
2.54582,0x220,0.0,0.0,1.0,6.25,1.79,-0.25,19.625,19.875,19.5,19.625,-1.1,0.0,15.0,0.0
2.54605,0x386,0.0,0.0,1.0,6.25,1.79,-0.25,19.78125,19.8125,19.59375,19.25,-1.1,0.0,15.0,0.0
2.54742,0x316,0.0,0.0,1.0,6.25,1.79,-0.25,19.78125,19.8125,19.59375,19.25,-1.1,0.0,17.0,0.0
2.55061,0x2B0,0.0,0.0,1.0,6.25,1.79,-0.25,19.78125,19.8125,19.59375,19.25,-1.1,0.0,17.0,0.0
2.55583,0x220,0.0,0.0,1.0,6.25,1.81,-0.03,19.78125,19.8125,19.59375,19.25,-1.1,0.0,17.0,0.0
2.55744,0x316,0.0,0.0,1.0,6.25,1.81,-0.03,19.78125,19.8125,19.59375,19.25,-1.1,0.0,22.0,0.0
2.5606,0x2B0,0.0,0.0,1.0,6.25,1.81,-0.03,19.78125,19.8125,19.59375,19.25,-1.1,0.0,22.0,0.0
2.56583,0x220,0.0,0.0,1.0,6.25,1.81,0.37,19.78125,19.8125,19.59375,19.25,-1.1,0.0,22.0,0.0
2.56605,0x386,0.0,0.0,1.0,6.25,1.81,0.37,19.8125,19.90625,19.4375,19.15625,-1.1,0.0,22.0,0.0
2.56782,0x316,0.0,0.0,1.0,6.25,1.81,0.37,19.8125,19.90625,19.4375,19.15625,-1.1,0.0,25.0,0.0
2.5706,0x2B0,0.0,0.0,1.0,6.25,1.81,0.37,19.8125,19.90625,19.4375,19.15625,-1.1,0.0,25.0,0.0
2.57588,0x220,0.0,0.0,1.0,6.25,1.82,0.52,19.8125,19.90625,19.4375,19.15625,-1.1,0.0,25.0,0.0
2.5777,0x316,0.0,0.0,1.0,6.25,1.82,0.52,19.8125,19.90625,19.4375,19.15625,-1.1,0.0,25.0,0.0
2.5806,0x2B0,0.0,0.0,1.0,6.25,1.82,0.52,19.8125,19.90625,19.4375,19.15625,-1.1,0.0,25.0,0.0
2.58583,0x220,0.0,0.0,1.0,6.25,1.82,0.0,19.8125,19.90625,19.4375,19.15625,-1.1,0.0,25.0,0.0
2.58606,0x386,0.0,0.0,1.0,6.25,1.82,0.0,19.75,19.65625,18.96875,19.40625,-1.1,0.0,25.0,0.0
2.5874,0x316,0.0,0.0,1.0,6.25,1.82,0.0,19.75,19.65625,18.96875,19.40625,-1.1,0.0,33.0,0.0
2.59059,0x2B0,0.0,0.0,1.0,6.25,1.82,0.0,19.75,19.65625,18.96875,19.40625,-1.1,0.0,33.0,0.0
2.59582,0x220,0.0,0.0,1.0,6.25,1.66,-0.74,19.75,19.65625,18.96875,19.40625,-1.1,0.0,33.0,0.0
2.59752,0x316,0.0,0.0,1.0,6.25,1.66,-0.74,19.75,19.65625,18.96875,19.40625,-1.1,0.0,33.0,0.0
2.60066,0x2B0,0.0,0.0,1.0,6.25,1.66,-0.74,19.75,19.65625,18.96875,19.40625,-1.1,0.0,33.0,0.0
2.60583,0x220,0.0,0.0,1.0,6.25,1.31,-0.86,19.75,19.65625,18.96875,19.40625,-1.1,0.0,33.0,0.0
2.60606,0x386,0.0,0.0,1.0,6.25,1.31,-0.86,19.84375,19.875,19.0,19.59375,-1.1,0.0,33.0,0.0
2.60751,0x316,0.0,0.0,1.0,6.25,1.31,-0.86,19.84375,19.875,19.0,19.59375,-1.1,0.0,33.0,0.0
2.61065,0x2B0,0.0,0.0,1.0,6.25,1.31,-0.86,19.84375,19.875,19.0,19.59375,-1.3,8.0,33.0,0.0
2.61583,0x220,0.0,0.0,1.0,6.25,0.88,-0.33,19.84375,19.875,19.0,19.59375,-1.3,8.0,33.0,0.0
2.61748,0x316,0.0,0.0,1.0,6.25,0.88,-0.33,19.84375,19.875,19.0,19.59375,-1.3,8.0,33.0,0.0
2.62068,0x2B0,0.0,0.0,1.0,6.25,0.88,-0.33,19.84375,19.875,19.0,19.59375,-1.3,8.0,33.0,0.0
2.62584,0x220,0.0,0.0,1.0,6.25,0.59,0.21,19.84375,19.875,19.0,19.59375,-1.3,8.0,33.0,0.0
2.62607,0x386,0.0,0.0,1.0,6.25,0.59,0.21,19.65625,19.8125,18.78125,19.40625,-1.3,8.0,33.0,0.0
2.62741,0x316,0.0,0.0,1.0,6.25,0.59,0.21,19.65625,19.8125,18.78125,19.40625,-1.3,8.0,33.0,0.0
2.63068,0x2B0,0.0,0.0,1.0,6.25,0.59,0.21,19.65625,19.8125,18.78125,19.40625,-1.4,0.0,33.0,0.0
2.63583,0x220,0.0,0.0,1.0,6.25,0.56,0.48,19.65625,19.8125,18.78125,19.40625,-1.4,0.0,33.0,0.0
2.63742,0x316,0.0,0.0,1.0,6.25,0.56,0.48,19.65625,19.8125,18.78125,19.40625,-1.4,0.0,33.0,0.0
2.64064,0x2B0,0.0,0.0,1.0,6.25,0.56,0.48,19.65625,19.8125,18.78125,19.40625,-1.4,0.0,33.0,0.0
2.64583,0x220,0.0,0.0,1.0,6.25,0.72,0.62,19.65625,19.8125,18.78125,19.40625,-1.4,0.0,33.0,0.0
2.64606,0x386,0.0,0.0,1.0,6.25,0.72,0.62,19.6875,19.71875,19.3125,19.4375,-1.4,0.0,33.0,0.0
2.64747,0x316,0.0,0.0,1.0,6.25,0.72,0.62,19.6875,19.71875,19.3125,19.4375,-1.4,0.0,33.0,0.0
2.65065,0x2B0,0.0,0.0,1.0,6.25,0.72,0.62,19.6875,19.71875,19.3125,19.4375,-1.4,0.0,33.0,0.0
2.65583,0x220,0.0,0.0,1.0,6.25,1.08,0.7,19.6875,19.71875,19.3125,19.4375,-1.4,0.0,33.0,0.0
2.65754,0x316,0.0,0.0,1.0,6.25,1.08,0.7,19.6875,19.71875,19.3125,19.4375,-1.4,0.0,33.0,0.0
2.66066,0x2B0,0.0,0.0,1.0,6.25,1.08,0.7,19.6875,19.71875,19.3125,19.4375,-1.5,0.0,33.0,0.0
2.66583,0x220,0.0,0.0,1.0,6.25,1.5,0.52,19.6875,19.71875,19.3125,19.4375,-1.5,0.0,33.0,0.0
2.66606,0x386,0.0,0.0,1.0,6.25,1.5,0.52,19.90625,19.65625,19.46875,19.5625,-1.5,0.0,33.0,0.0
2.66769,0x316,0.0,0.0,1.0,6.25,1.5,0.52,19.90625,19.65625,19.46875,19.5625,-1.5,0.0,33.0,0.0
2.67061,0x2B0,0.0,0.0,1.0,6.25,1.5,0.52,19.90625,19.65625,19.46875,19.5625,-1.5,0.0,33.0,0.0
2.67587,0x220,0.0,0.0,1.0,6.25,1.63,0.26,19.90625,19.65625,19.46875,19.5625,-1.5,0.0,33.0,0.0
2.67763,0x316,0.0,0.0,1.0,6.25,1.63,0.26,19.90625,19.65625,19.46875,19.5625,-1.5,0.0,33.0,0.0
2.68061,0x2B0,0.0,0.0,1.0,6.25,1.63,0.26,19.90625,19.65625,19.46875,19.5625,-1.5,0.0,33.0,0.0
2.68583,0x220,0.0,0.0,1.0,6.25,1.35,0.13,19.90625,19.65625,19.46875,19.5625,-1.5,0.0,33.0,0.0
2.68606,0x386,0.0,0.0,1.0,6.25,1.35,0.13,19.6875,19.75,19.375,19.5,-1.5,0.0,33.0,0.0
2.68747,0x316,0.0,0.0,1.0,6.25,1.35,0.13,19.6875,19.75,19.375,19.5,-1.5,0.0,35.0,0.0
2.6906,0x2B0,0.0,0.0,1.0,6.25,1.35,0.13,19.6875,19.75,19.375,19.5,-1.5,0.0,35.0,0.0
2.69583,0x220,0.0,0.0,1.0,6.25,0.83,0.11,19.6875,19.75,19.375,19.5,-1.5,0.0,35.0,0.0
2.69761,0x316,0.0,0.0,1.0,6.25,0.83,0.11,19.6875,19.75,19.375,19.5,-1.5,0.0,38.0,0.0
2.7006,0x2B0,0.0,0.0,1.0,6.25,0.83,0.11,19.6875,19.75,19.375,19.5,-1.5,0.0,38.0,0.0
2.70583,0x220,0.0,0.0,1.0,6.25,0.54,0.09,19.6875,19.75,19.375,19.5,-1.5,0.0,38.0,0.0
2.70606,0x386,0.0,0.0,1.0,6.25,0.54,0.09,19.6875,19.625,18.71875,19.5,-1.5,0.0,38.0,0.0
2.70742,0x316,0.0,0.0,1.0,6.25,0.54,0.09,19.6875,19.625,18.71875,19.5,-1.5,0.0,43.0,0.0
2.7106,0x2B0,0.0,0.0,1.0,6.25,0.54,0.09,19.6875,19.625,18.71875,19.5,-1.5,0.0,43.0,0.0
2.71583,0x220,0.0,0.0,1.0,6.25,0.62,0.05,19.6875,19.625,18.71875,19.5,-1.5,0.0,43.0,0.0
2.71741,0x316,0.0,0.0,1.0,6.25,0.62,0.05,19.6875,19.625,18.71875,19.5,-1.5,0.0,45.0,0.0
2.7206,0x2B0,0.0,0.0,1.0,6.25,0.62,0.05,19.6875,19.625,18.71875,19.5,-1.5,0.0,45.0,0.0
2.72584,0x220,0.0,0.0,1.0,6.25,1.03,0.1,19.6875,19.625,18.71875,19.5,-1.5,0.0,45.0,0.0
2.72606,0x386,0.0,0.0,1.0,6.25,1.03,0.1,19.78125,19.625,18.71875,19.34375,-1.5,0.0,45.0,0.0
2.72747,0x316,0.0,0.0,1.0,6.25,1.03,0.1,19.78125,19.625,18.71875,19.34375,-1.5,0.0,53.0,0.0
2.7306,0x2B0,0.0,0.0,1.0,6.25,1.03,0.1,19.78125,19.625,18.71875,19.34375,-1.5,0.0,53.0,0.0
2.73584,0x220,0.0,0.0,1.0,6.25,1.72,0.31,19.78125,19.625,18.71875,19.34375,-1.5,0.0,53.0,0.0
2.73749,0x316,0.0,0.0,1.0,6.25,1.72,0.31,19.78125,19.625,18.71875,19.34375,-1.5,0.0,56.0,0.0
2.74061,0x2B0,0.0,0.0,1.0,6.25,1.72,0.31,19.78125,19.625,18.71875,19.34375,-1.5,0.0,56.0,0.0
2.74584,0x220,0.0,0.0,1.0,6.25,2.36,0.47,19.78125,19.625,18.71875,19.34375,-1.5,0.0,56.0,0.0
2.74607,0x386,0.0,0.0,1.0,6.25,2.36,0.47,19.59375,19.6875,19.84375,19.0625,-1.5,0.0,56.0,0.0
2.74741,0x316,0.0,0.0,1.0,6.25,2.36,0.47,19.59375,19.6875,19.84375,19.0625,-1.5,0.0,56.0,0.0
2.7506,0x2B0,0.0,0.0,1.0,6.25,2.36,0.47,19.59375,19.6875,19.84375,19.0625,-1.5,0.0,56.0,0.0
2.75584,0x220,0.0,0.0,1.0,6.25,2.58,0.43,19.59375,19.6875,19.84375,19.0625,-1.5,0.0,56.0,0.0
2.75743,0x316,0.0,0.0,1.0,6.25,2.58,0.43,19.59375,19.6875,19.84375,19.0625,-1.5,0.0,56.0,0.0
2.76059,0x2B0,0.0,0.0,1.0,6.25,2.58,0.43,19.59375,19.6875,19.84375,19.0625,-1.5,0.0,56.0,0.0
2.76584,0x220,0.0,0.0,1.0,6.25,2.21,0.09,19.59375,19.6875,19.84375,19.0625,-1.5,0.0,56.0,0.0
2.76607,0x386,0.0,0.0,1.0,6.25,2.21,0.09,19.71875,19.59375,19.3125,19.21875,-1.5,0.0,56.0,0.0
2.76779,0x316,0.0,0.0,1.0,6.25,2.21,0.09,19.71875,19.59375,19.3125,19.21875,-1.5,0.0,56.0,0.0
2.7706,0x2B0,0.0,0.0,1.0,6.25,2.21,0.09,19.71875,19.59375,19.3125,19.21875,-1.5,0.0,56.0,0.0
2.77588,0x220,0.0,0.0,1.0,6.25,1.57,-0.31,19.71875,19.59375,19.3125,19.21875,-1.5,0.0,56.0,0.0
2.77774,0x316,0.0,0.0,1.0,6.25,1.57,-0.31,19.71875,19.59375,19.3125,19.21875,-1.5,0.0,56.0,0.0
2.78059,0x2B0,0.0,0.0,1.0,6.25,1.57,-0.31,19.71875,19.59375,19.3125,19.21875,-1.5,0.0,56.0,0.0
2.78583,0x220,0.0,0.0,1.0,6.25,1.13,-0.59,19.71875,19.59375,19.3125,19.21875,-1.5,0.0,56.0,0.0
2.78606,0x386,0.0,0.0,1.0,6.25,1.13,-0.59,19.59375,19.65625,19.03125,19.40625,-1.5,0.0,56.0,0.0
2.78739,0x316,0.0,0.0,1.0,6.25,1.13,-0.59,19.59375,19.65625,19.03125,19.40625,-1.5,0.0,53.0,0.0
2.79066,0x2B0,0.0,0.0,1.0,6.25,1.13,-0.59,19.59375,19.65625,19.03125,19.40625,-1.5,0.0,53.0,0.0
2.79584,0x220,0.0,0.0,1.0,6.25,1.09,-0.79,19.59375,19.65625,19.03125,19.40625,-1.5,0.0,53.0,0.0
2.7975,0x316,0.0,0.0,1.0,6.25,1.09,-0.79,19.59375,19.65625,19.03125,19.40625,-1.5,0.0,53.0,0.0
2.80067,0x2B0,0.0,0.0,1.0,6.25,1.09,-0.79,19.59375,19.65625,19.03125,19.40625,-1.5,0.0,53.0,0.0
2.80584,0x220,0.0,0.0,1.0,6.25,1.43,-0.97,19.59375,19.65625,19.03125,19.40625,-1.5,0.0,53.0,0.0
2.80606,0x386,0.0,0.0,1.0,6.25,1.43,-0.97,19.5,19.6875,19.34375,18.90625,-1.5,0.0,53.0,0.0
2.80749,0x316,0.0,0.0,1.0,6.25,1.43,-0.97,19.5,19.6875,19.34375,18.90625,-1.5,0.0,50.0,0.0
2.81067,0x2B0,0.0,0.0,1.0,6.25,1.43,-0.97,19.5,19.6875,19.34375,18.90625,-1.5,0.0,50.0,0.0
2.81584,0x220,0.0,0.0,1.0,6.25,1.9,-0.99,19.5,19.6875,19.34375,18.90625,-1.5,0.0,50.0,0.0
2.81745,0x316,0.0,0.0,1.0,6.25,1.9,-0.99,19.5,19.6875,19.34375,18.90625,-1.5,0.0,50.0,0.0
2.82066,0x2B0,0.0,0.0,1.0,6.25,1.9,-0.99,19.5,19.6875,19.34375,18.90625,-1.5,0.0,50.0,0.0
2.82584,0x220,0.0,0.0,1.0,6.25,2.16,-0.74,19.5,19.6875,19.34375,18.90625,-1.5,0.0,50.0,0.0
2.82606,0x386,0.0,0.0,1.0,6.25,2.16,-0.74,19.53125,19.75,19.375,19.1875,-1.5,0.0,50.0,0.0
2.82739,0x316,0.0,0.0,1.0,6.25,2.16,-0.74,19.53125,19.75,19.375,19.1875,-1.5,0.0,50.0,0.0
2.83067,0x2B0,0.0,0.0,1.0,6.25,2.16,-0.74,19.53125,19.75,19.375,19.1875,-1.5,0.0,50.0,0.0
2.83583,0x220,0.0,0.0,1.0,6.25,2.16,-0.39,19.53125,19.75,19.375,19.1875,-1.5,0.0,50.0,0.0
2.83742,0x316,0.0,0.0,1.0,6.25,2.16,-0.39,19.53125,19.75,19.375,19.1875,-1.5,0.0,50.0,0.0
2.84066,0x2B0,0.0,0.0,1.0,6.25,2.16,-0.39,19.53125,19.75,19.375,19.1875,-1.5,0.0,50.0,0.0
2.84583,0x220,0.0,0.0,1.0,6.25,1.97,-0.24,19.53125,19.75,19.375,19.1875,-1.5,0.0,50.0,0.0
2.84606,0x386,0.0,0.0,1.0,6.25,1.97,-0.24,19.75,19.625,18.90625,19.21875,-1.5,0.0,50.0,0.0
2.84741,0x316,0.0,0.0,1.0,6.25,1.97,-0.24,19.75,19.625,18.90625,19.21875,-1.5,0.0,53.0,0.0
2.85064,0x2B0,0.0,0.0,1.0,6.25,1.97,-0.24,19.75,19.625,18.90625,19.21875,-1.6,0.0,53.0,0.0
2.85584,0x220,0.0,0.0,1.0,6.25,1.72,-0.41,19.75,19.625,18.90625,19.21875,-1.6,0.0,53.0,0.0
2.85748,0x316,0.0,0.0,1.0,6.25,1.72,-0.41,19.75,19.625,18.90625,19.21875,-1.6,0.0,56.0,0.0
2.86064,0x2B0,0.0,0.0,1.0,6.25,1.72,-0.41,19.75,19.625,18.90625,19.21875,-1.6,0.0,56.0,0.0
2.86583,0x220,0.0,0.0,1.0,6.25,1.45,-0.73,19.75,19.625,18.90625,19.21875,-1.6,0.0,56.0,0.0
2.86605,0x386,0.0,0.0,1.0,6.25,1.45,-0.73,19.625,19.5625,18.71875,19.03125,-1.6,0.0,56.0,0.0
2.86768,0x316,0.0,0.0,1.0,6.25,1.45,-0.73,19.625,19.5625,18.71875,19.03125,-1.6,0.0,58.0,0.0
2.87064,0x2B0,0.0,0.0,1.0,6.25,1.45,-0.73,19.625,19.5625,18.71875,19.03125,-1.6,0.0,58.0,0.0
2.87587,0x220,0.0,0.0,1.0,6.25,1.18,-0.99,19.625,19.5625,18.71875,19.03125,-1.6,0.0,58.0,0.0
2.8778,0x316,0.0,0.0,1.0,6.25,1.18,-0.99,19.625,19.5625,18.71875,19.03125,-1.6,0.0,58.0,0.0
2.88065,0x2B0,0.0,0.0,1.0,6.25,1.18,-0.99,19.625,19.5625,18.71875,19.03125,-1.7,0.0,58.0,0.0
2.88583,0x220,0.0,0.0,1.0,6.25,0.87,-0.95,19.625,19.5625,18.71875,19.03125,-1.7,0.0,58.0,0.0
2.88606,0x386,0.0,0.0,1.0,6.25,0.87,-0.95,19.75,19.6875,18.84375,18.25,-1.7,0.0,58.0,0.0
2.88741,0x316,0.0,0.0,1.0,6.25,0.87,-0.95,19.75,19.6875,18.84375,18.25,-1.7,0.0,63.0,0.0
2.89061,0x2B0,0.0,0.0,1.0,6.25,0.87,-0.95,19.75,19.6875,18.84375,18.25,-1.7,0.0,63.0,0.0
2.89584,0x220,0.0,0.0,1.0,6.25,0.63,-0.49,19.75,19.6875,18.84375,18.25,-1.7,0.0,63.0,0.0
2.89763,0x316,0.0,0.0,1.0,6.25,0.63,-0.49,19.75,19.6875,18.84375,18.25,-1.7,0.0,66.0,0.0
2.90064,0x2B0,0.0,0.0,1.0,6.25,0.63,-0.49,19.75,19.6875,18.84375,18.25,-1.7,0.0,66.0,0.0
2.90584,0x220,0.0,0.0,1.0,6.25,0.63,0.02,19.75,19.6875,18.84375,18.25,-1.7,0.0,66.0,0.0
2.90607,0x386,0.0,0.0,1.0,6.25,0.63,0.02,19.59375,19.65625,18.9375,18.8125,-1.7,0.0,66.0,0.0
2.90741,0x316,0.0,0.0,1.0,6.25,0.63,0.02,19.59375,19.65625,18.9375,18.8125,-1.7,0.0,68.0,0.0
2.91065,0x2B0,0.0,0.0,1.0,6.25,0.63,0.02,19.59375,19.65625,18.9375,18.8125,-1.7,0.0,68.0,0.0
2.91584,0x220,0.0,0.0,1.0,6.25,0.9,0.16,19.59375,19.65625,18.9375,18.8125,-1.7,0.0,68.0,0.0
2.91742,0x316,0.0,0.0,1.0,6.25,0.9,0.16,19.59375,19.65625,18.9375,18.8125,-1.7,0.0,68.0,0.0
2.92064,0x2B0,0.0,0.0,1.0,6.25,0.9,0.16,19.59375,19.65625,18.9375,18.8125,-1.7,0.0,68.0,0.0
2.92585,0x220,0.0,0.0,1.0,6.25,1.33,-0.07,19.59375,19.65625,18.9375,18.8125,-1.7,0.0,68.0,0.0
2.92608,0x386,0.0,0.0,1.0,6.25,1.33,-0.07,19.625,19.625,19.1875,19.6875,-1.7,0.0,68.0,0.0
2.92741,0x316,0.0,0.0,1.0,6.25,1.33,-0.07,19.625,19.625,19.1875,19.6875,-1.7,0.0,68.0,0.0
2.9306,0x2B0,0.0,0.0,1.0,6.25,1.33,-0.07,19.625,19.625,19.1875,19.6875,-1.7,0.0,68.0,0.0
2.93584,0x220,0.0,0.0,1.0,6.25,1.6,-0.46,19.625,19.625,19.1875,19.6875,-1.7,0.0,68.0,0.0
2.9375,0x316,0.0,0.0,1.0,6.25,1.6,-0.46,19.625,19.625,19.1875,19.6875,-1.7,0.0,63.0,0.0
2.9406,0x2B0,0.0,0.0,1.0,6.25,1.6,-0.46,19.625,19.625,19.1875,19.6875,-1.7,0.0,63.0,0.0
2.94584,0x220,0.0,0.0,1.0,6.25,1.63,-0.57,19.625,19.625,19.1875,19.6875,-1.7,0.0,63.0,0.0
2.94607,0x386,0.0,0.0,1.0,6.25,1.63,-0.57,19.59375,19.4375,19.0625,18.875,-1.7,0.0,63.0,0.0
2.9474,0x316,0.0,0.0,1.0,6.25,1.63,-0.57,19.59375,19.4375,19.0625,18.875,-1.7,0.0,58.0,0.0
2.95058,0x2B0,0.0,0.0,1.0,6.25,1.63,-0.57,19.59375,19.4375,19.0625,18.875,-1.7,0.0,58.0,0.0
2.95584,0x220,0.0,0.0,1.0,6.25,1.46,-0.34,19.59375,19.4375,19.0625,18.875,-1.7,0.0,58.0,0.0
2.95745,0x316,0.0,0.0,1.0,6.25,1.46,-0.34,19.59375,19.4375,19.0625,18.875,-1.7,0.0,50.0,0.0
2.9606,0x2B0,0.0,0.0,1.0,6.25,1.46,-0.34,19.59375,19.4375,19.0625,18.875,-1.7,0.0,50.0,0.0
2.96584,0x220,0.0,0.0,1.0,6.25,1.2,0.0,19.59375,19.4375,19.0625,18.875,-1.7,0.0,50.0,0.0
2.96607,0x386,0.0,0.0,1.0,6.25,1.2,0.0,19.4375,19.5,18.84375,19.1875,-1.7,0.0,50.0,0.0
2.96768,0x316,0.0,0.0,1.0,6.25,1.2,0.0,19.4375,19.5,18.84375,19.1875,-1.7,0.0,45.0,0.0
2.97059,0x2B0,0.0,0.0,1.0,6.25,1.2,0.0,19.4375,19.5,18.84375,19.1875,-1.7,0.0,45.0,0.0
2.97586,0x220,0.0,0.0,1.0,6.25,0.99,0.21,19.4375,19.5,18.84375,19.1875,-1.7,0.0,45.0,0.0
2.97776,0x316,0.0,0.0,1.0,6.25,0.99,0.21,19.4375,19.5,18.84375,19.1875,-1.7,0.0,45.0,0.0
2.98059,0x2B0,0.0,0.0,1.0,6.25,0.99,0.21,19.4375,19.5,18.84375,19.1875,-1.7,0.0,45.0,0.0
2.98584,0x220,0.0,0.0,1.0,6.25,0.93,0.15,19.4375,19.5,18.84375,19.1875,-1.7,0.0,45.0,0.0
2.98607,0x386,0.0,0.0,1.0,6.25,0.93,0.15,19.53125,19.53125,19.125,19.28125,-1.7,0.0,45.0,0.0
2.98746,0x316,0.0,0.0,1.0,6.25,0.93,0.15,19.53125,19.53125,19.125,19.28125,-1.7,0.0,35.0,0.0
2.99059,0x2B0,0.0,0.0,1.0,6.25,0.93,0.15,19.53125,19.53125,19.125,19.28125,-1.7,0.0,35.0,0.0
2.99584,0x220,0.0,0.0,1.0,6.25,0.95,0.07,19.53125,19.53125,19.125,19.28125,-1.7,0.0,35.0,0.0
2.99758,0x316,0.0,0.0,1.0,6.25,0.95,0.07,19.53125,19.53125,19.125,19.28125,-1.7,0.0,35.0,0.0
3.00059,0x2B0,0.0,0.0,1.0,6.25,0.95,0.07,19.53125,19.53125,19.125,19.28125,-1.7,0.0,35.0,0.0
3.00584,0x220,0.0,0.0,1.0,6.25,0.98,0.14,19.53125,19.53125,19.125,19.28125,-1.7,0.0,35.0,0.0
3.00606,0x386,0.0,0.0,1.0,6.25,0.98,0.14,19.5625,19.53125,19.40625,19.34375,-1.7,0.0,35.0,0.0
3.0074,0x316,0.0,0.0,1.0,6.25,0.98,0.14,19.5625,19.53125,19.40625,19.34375,-1.7,0.0,35.0,0.0
3.01058,0x2B0,0.0,0.0,1.0,6.25,0.98,0.14,19.5625,19.53125,19.40625,19.34375,-1.7,0.0,35.0,0.0
3.01584,0x220,0.0,0.0,1.0,6.25,0.94,0.43,19.5625,19.53125,19.40625,19.34375,-1.7,0.0,35.0,0.0
3.01749,0x316,0.0,0.0,1.0,6.25,0.94,0.43,19.5625,19.53125,19.40625,19.34375,-1.7,0.0,35.0,0.0
3.02059,0x2B0,0.0,0.0,1.0,6.25,0.94,0.43,19.5625,19.53125,19.40625,19.34375,-1.7,0.0,35.0,0.0
3.02584,0x220,0.0,0.0,1.0,6.25,0.78,0.67,19.5625,19.53125,19.40625,19.34375,-1.7,0.0,35.0,0.0
3.02606,0x386,0.0,0.0,1.0,6.25,0.78,0.67,19.40625,19.375,19.40625,19.28125,-1.7,0.0,35.0,0.0
3.02745,0x316,0.0,0.0,1.0,6.25,0.78,0.67,19.40625,19.375,19.40625,19.28125,-1.7,0.0,35.0,0.0
3.03058,0x2B0,0.0,0.0,1.0,6.25,0.78,0.67,19.40625,19.375,19.40625,19.28125,-1.7,0.0,35.0,0.0
3.03584,0x220,0.0,0.0,1.0,6.25,0.57,0.78,19.40625,19.375,19.40625,19.28125,-1.7,0.0,35.0,0.0
3.03743,0x316,0.0,0.0,1.0,6.25,0.57,0.78,19.40625,19.375,19.40625,19.28125,-1.7,0.0,40.0,0.0
3.04059,0x2B0,0.0,0.0,1.0,6.25,0.57,0.78,19.40625,19.375,19.40625,19.28125,-1.7,0.0,40.0,0.0
3.04583,0x220,0.0,0.0,1.0,6.25,0.37,0.69,19.40625,19.375,19.40625,19.28125,-1.7,0.0,40.0,0.0
3.04605,0x386,0.0,0.0,1.0,6.25,0.37,0.69,19.6875,19.4375,19.15625,19.1875,-1.7,0.0,40.0,0.0
3.04738,0x316,0.0,0.0,1.0,6.25,0.37,0.69,19.6875,19.4375,19.15625,19.1875,-1.7,0.0,45.0,0.0
3.05066,0x2B0,0.0,0.0,1.0,6.25,0.37,0.69,19.6875,19.4375,19.15625,19.1875,-1.7,0.0,45.0,0.0
3.05585,0x220,0.0,0.0,1.0,6.25,0.3,0.37,19.6875,19.4375,19.15625,19.1875,-1.7,0.0,45.0,0.0
3.05756,0x316,0.0,0.0,1.0,6.25,0.3,0.37,19.6875,19.4375,19.15625,19.1875,-1.7,0.0,50.0,0.0
3.06061,0x2B0,0.0,0.0,1.0,6.25,0.3,0.37,19.6875,19.4375,19.15625,19.1875,-1.6,0.0,50.0,0.0
3.06584,0x220,0.0,0.0,1.0,6.25,0.31,0.13,19.6875,19.4375,19.15625,19.1875,-1.6,0.0,50.0,0.0
3.06607,0x386,0.0,0.0,1.0,6.25,0.31,0.13,19.28125,19.3125,19.0,19.3125,-1.6,0.0,50.0,0.0
3.06771,0x316,0.0,0.0,1.0,6.25,0.31,0.13,19.28125,19.3125,19.0,19.3125,-1.6,0.0,56.0,0.0
3.07064,0x2B0,0.0,0.0,1.0,6.25,0.31,0.13,19.28125,19.3125,19.0,19.3125,-1.6,0.0,56.0,0.0
3.07587,0x220,0.0,0.0,1.0,6.25,0.36,0.1,19.28125,19.3125,19.0,19.3125,-1.6,0.0,56.0,0.0
3.07781,0x316,0.0,0.0,1.0,6.25,0.36,0.1,19.28125,19.3125,19.0,19.3125,-1.6,0.0,56.0,0.0
3.0806,0x2B0,0.0,0.0,1.0,6.25,0.36,0.1,19.28125,19.3125,19.0,19.3125,-1.5,0.0,56.0,0.0
3.08584,0x220,0.0,0.0,1.0,6.25,0.49,0.3,19.28125,19.3125,19.0,19.3125,-1.5,0.0,56.0,0.0
3.08606,0x386,0.0,0.0,1.0,6.25,0.49,0.3,19.4375,19.3125,19.125,19.1875,-1.5,0.0,56.0,0.0
3.0874,0x316,0.0,0.0,1.0,6.25,0.49,0.3,19.4375,19.3125,19.125,19.1875,-1.5,0.0,63.0,0.0
3.09058,0x2B0,0.0,0.0,1.0,6.25,0.49,0.3,19.4375,19.3125,19.125,19.1875,-1.5,0.0,63.0,0.0
3.09585,0x220,0.0,0.0,1.0,6.25,0.69,0.76,19.4375,19.3125,19.125,19.1875,-1.5,0.0,63.0,0.0
3.09763,0x316,0.0,0.0,1.0,6.25,0.69,0.76,19.4375,19.3125,19.125,19.1875,-1.5,0.0,63.0,0.0
3.10057,0x2B0,0.0,0.0,1.0,6.25,0.69,0.76,19.4375,19.3125,19.125,19.1875,-1.5,0.0,63.0,0.0
3.10584,0x220,0.0,0.0,1.0,6.25,1.0,1.13,19.4375,19.3125,19.125,19.1875,-1.5,0.0,63.0,0.0
3.10607,0x386,0.0,0.0,1.0,6.25,1.0,1.13,19.46875,19.40625,18.8125,19.0625,-1.5,0.0,63.0,0.0
3.10749,0x316,0.0,0.0,1.0,6.25,1.0,1.13,19.46875,19.40625,18.8125,19.0625,-1.5,0.0,63.0,0.0
3.11057,0x2B0,0.0,0.0,1.0,6.25,1.0,1.13,19.46875,19.40625,18.8125,19.0625,-1.5,0.0,63.0,0.0
3.11585,0x220,0.0,0.0,1.0,6.25,1.29,1.05,19.46875,19.40625,18.8125,19.0625,-1.5,0.0,63.0,0.0
3.11741,0x316,0.0,0.0,1.0,6.25,1.29,1.05,19.46875,19.40625,18.8125,19.0625,-1.5,0.0,58.0,0.0
3.12057,0x2B0,0.0,0.0,1.0,6.25,1.29,1.05,19.46875,19.40625,18.8125,19.0625,-1.5,0.0,58.0,0.0
3.12585,0x220,0.0,0.0,1.0,6.25,1.37,0.67,19.46875,19.40625,18.8125,19.0625,-1.5,0.0,58.0,0.0
3.12608,0x386,0.0,0.0,1.0,6.25,1.37,0.67,19.4375,19.34375,18.59375,18.6875,-1.5,0.0,58.0,0.0
3.12739,0x316,0.0,0.0,1.0,6.25,1.37,0.67,19.4375,19.34375,18.59375,18.6875,-1.5,0.0,53.0,0.0
3.13057,0x2B0,0.0,0.0,1.0,6.25,1.37,0.67,19.4375,19.34375,18.59375,18.6875,-1.5,0.0,53.0,0.0
3.13584,0x220,0.0,0.0,1.0,6.25,1.08,0.4,19.4375,19.34375,18.59375,18.6875,-1.5,0.0,53.0,0.0
3.13746,0x316,0.0,0.0,1.0,6.25,1.08,0.4,19.4375,19.34375,18.59375,18.6875,-1.5,0.0,48.0,0.0
3.14057,0x2B0,0.0,0.0,1.0,6.25,1.08,0.4,19.4375,19.34375,18.59375,18.6875,-1.5,0.0,48.0,0.0
3.14584,0x220,0.0,0.0,1.0,6.25,0.61,0.46,19.4375,19.34375,18.59375,18.6875,-1.5,0.0,48.0,0.0
3.14606,0x386,0.0,0.0,1.0,6.25,0.61,0.46,19.4375,19.375,19.03125,18.78125,-1.5,0.0,48.0,0.0
3.14749,0x316,0.0,0.0,1.0,6.25,0.61,0.46,19.4375,19.375,19.03125,18.78125,-1.5,0.0,45.0,0.0
3.15056,0x2B0,0.0,0.0,1.0,6.25,0.61,0.46,19.4375,19.375,19.03125,18.78125,-1.5,0.0,45.0,0.0
3.15584,0x220,0.0,0.0,1.0,6.25,0.26,0.6,19.4375,19.375,19.03125,18.78125,-1.5,0.0,45.0,0.0
3.15742,0x316,0.0,0.0,1.0,6.25,0.26,0.6,19.4375,19.375,19.03125,18.78125,-1.5,0.0,43.0,0.0
3.16056,0x2B0,0.0,0.0,1.0,6.25,0.26,0.6,19.4375,19.375,19.03125,18.78125,-1.5,0.0,43.0,0.0
3.16583,0x220,0.0,0.0,1.0,6.25,0.22,0.68,19.4375,19.375,19.03125,18.78125,-1.5,0.0,43.0,0.0
3.16606,0x386,0.0,0.0,1.0,6.25,0.22,0.68,19.34375,19.375,19.0,18.75,-1.5,0.0,43.0,0.0
3.1676,0x316,0.0,0.0,1.0,6.25,0.22,0.68,19.34375,19.375,19.0,18.75,-1.5,0.0,43.0,0.0
3.17057,0x2B0,0.0,0.0,1.0,6.25,0.22,0.68,19.34375,19.375,19.0,18.75,-1.5,0.0,43.0,0.0
3.17587,0x220,0.0,0.0,1.0,6.25,0.48,0.62,19.34375,19.375,19.0,18.75,-1.5,0.0,43.0,0.0
3.17771,0x316,0.0,0.0,1.0,6.25,0.48,0.62,19.34375,19.375,19.0,18.75,-1.5,0.0,43.0,0.0
3.18062,0x2B0,0.0,0.0,1.0,6.25,0.48,0.62,19.34375,19.375,19.0,18.75,-1.4,0.0,43.0,0.0
3.18584,0x220,0.0,0.0,1.0,6.25,0.93,0.43,19.34375,19.375,19.0,18.75,-1.4,0.0,43.0,0.0
3.18606,0x386,0.0,0.0,1.0,6.25,0.93,0.43,19.15625,19.375,18.46875,19.09375,-1.4,0.0,43.0,0.0
3.18741,0x316,0.0,0.0,1.0,6.25,0.93,0.43,19.15625,19.375,18.46875,19.09375,-1.4,0.0,43.0,0.0
3.1906,0x2B0,0.0,0.0,1.0,6.25,0.93,0.43,19.15625,19.375,18.46875,19.09375,-1.4,0.0,43.0,0.0
3.19584,0x220,0.0,0.0,1.0,6.25,1.47,0.25,19.15625,19.375,18.46875,19.09375,-1.4,0.0,43.0,0.0
3.19754,0x316,0.0,0.0,1.0,6.25,1.47,0.25,19.15625,19.375,18.46875,19.09375,-1.4,0.0,43.0,0.0
3.20057,0x2B0,0.0,0.0,1.0,6.25,1.47,0.25,19.15625,19.375,18.46875,19.09375,-1.4,0.0,43.0,0.0
3.20584,0x220,0.0,0.0,1.0,6.25,1.81,0.27,19.15625,19.375,18.46875,19.09375,-1.4,0.0,43.0,0.0
3.20607,0x386,0.0,0.0,1.0,6.25,1.81,0.27,19.3125,19.25,18.09375,18.75,-1.4,0.0,43.0,0.0
3.20742,0x316,0.0,0.0,1.0,6.25,1.81,0.27,19.3125,19.25,18.09375,18.75,-1.4,0.0,43.0,0.0
3.21058,0x2B0,0.0,0.0,1.0,6.25,1.81,0.27,19.3125,19.25,18.09375,18.75,-1.4,0.0,43.0,0.0
3.21588,0x220,0.0,0.0,1.0,6.25,1.84,0.36,19.3125,19.25,18.09375,18.75,-1.4,0.0,43.0,0.0
3.21747,0x316,0.0,0.0,1.0,6.25,1.84,0.36,19.3125,19.25,18.09375,18.75,-1.4,0.0,43.0,0.0
3.22058,0x2B0,0.0,0.0,1.0,6.25,1.84,0.36,19.3125,19.25,18.09375,18.75,-1.4,0.0,43.0,0.0
3.22585,0x220,0.0,0.0,1.0,6.25,1.72,0.34,19.3125,19.25,18.09375,18.75,-1.4,0.0,43.0,0.0
3.22608,0x386,0.0,0.0,1.0,6.25,1.72,0.34,19.15625,19.21875,18.4375,18.28125,-1.4,0.0,43.0,0.0
3.22741,0x316,0.0,0.0,1.0,6.25,1.72,0.34,19.15625,19.21875,18.4375,18.28125,-1.4,0.0,45.0,0.0
3.23057,0x2B0,0.0,0.0,1.0,6.25,1.72,0.34,19.15625,19.21875,18.4375,18.28125,-1.4,0.0,45.0,0.0
3.23585,0x220,0.0,0.0,1.0,6.25,1.54,0.21,19.15625,19.21875,18.4375,18.28125,-1.4,0.0,45.0,0.0
3.23742,0x316,0.0,0.0,1.0,6.25,1.54,0.21,19.15625,19.21875,18.4375,18.28125,-1.4,0.0,48.0,0.0
3.24058,0x2B0,0.0,0.0,1.0,6.25,1.54,0.21,19.15625,19.21875,18.4375,18.28125,-1.4,0.0,48.0,0.0
3.24584,0x220,0.0,0.0,1.0,6.25,1.4,0.09,19.15625,19.21875,18.4375,18.28125,-1.4,0.0,48.0,0.0
3.24606,0x386,0.0,0.0,1.0,6.25,1.4,0.09,19.03125,19.21875,18.8125,18.4375,-1.4,0.0,48.0,0.0
3.24739,0x316,0.0,0.0,1.0,6.25,1.4,0.09,19.03125,19.21875,18.8125,18.4375,-1.4,0.0,50.0,0.0
3.25058,0x2B0,0.0,0.0,1.0,6.25,1.4,0.09,19.03125,19.21875,18.8125,18.4375,-1.4,0.0,50.0,0.0
3.25585,0x220,0.0,0.0,1.0,6.25,1.39,0.08,19.03125,19.21875,18.8125,18.4375,-1.4,0.0,50.0,0.0
3.25745,0x316,0.0,0.0,1.0,6.25,1.39,0.08,19.03125,19.21875,18.8125,18.4375,-1.4,0.0,50.0,0.0
3.26059,0x2B0,0.0,0.0,1.0,6.25,1.39,0.08,19.03125,19.21875,18.8125,18.4375,-1.4,0.0,50.0,0.0
3.26585,0x220,0.0,0.0,1.0,6.25,1.62,0.15,19.03125,19.21875,18.8125,18.4375,-1.4,0.0,50.0,0.0
3.26607,0x386,0.0,0.0,1.0,6.25,1.62,0.15,19.15625,19.0625,18.46875,19.15625,-1.4,0.0,50.0,0.0
3.26773,0x316,0.0,0.0,1.0,6.25,1.62,0.15,19.15625,19.0625,18.46875,19.15625,-1.4,0.0,50.0,0.0
3.2706,0x2B0,0.0,0.0,1.0,6.25,1.62,0.15,19.15625,19.0625,18.46875,19.15625,-1.4,0.0,50.0,0.0
3.27587,0x220,0.0,0.0,1.0,6.25,2.04,0.18,19.15625,19.0625,18.46875,19.15625,-1.4,0.0,50.0,0.0
3.27778,0x316,0.0,0.0,1.0,6.25,2.04,0.18,19.15625,19.0625,18.46875,19.15625,-1.4,0.0,50.0,0.0
3.2806,0x2B0,0.0,0.0,1.0,6.25,2.04,0.18,19.15625,19.0625,18.46875,19.15625,-1.4,0.0,50.0,0.0
3.28584,0x220,0.0,0.0,1.0,6.25,2.44,0.07,19.15625,19.0625,18.46875,19.15625,-1.4,0.0,50.0,0.0
3.28607,0x386,0.0,0.0,1.0,6.25,2.44,0.07,18.9375,19.0625,18.40625,18.90625,-1.4,0.0,50.0,0.0
3.28744,0x316,0.0,0.0,1.0,6.25,2.44,0.07,18.9375,19.0625,18.40625,18.90625,-1.4,0.0,50.0,0.0
3.29061,0x2B0,0.0,0.0,1.0,6.25,2.44,0.07,18.9375,19.0625,18.40625,18.90625,-1.4,0.0,50.0,0.0
3.29584,0x220,0.0,0.0,1.0,6.25,2.6,-0.18,18.9375,19.0625,18.40625,18.90625,-1.4,0.0,50.0,0.0
3.29749,0x316,0.0,0.0,1.0,6.25,2.6,-0.18,18.9375,19.0625,18.40625,18.90625,-1.4,0.0,50.0,0.0
3.30059,0x2B0,0.0,0.0,1.0,6.25,2.6,-0.18,18.9375,19.0625,18.40625,18.90625,-1.4,0.0,50.0,0.0
3.30584,0x220,0.0,0.0,1.0,6.25,2.46,-0.49,18.9375,19.0625,18.40625,18.90625,-1.4,0.0,50.0,0.0
3.30607,0x386,0.0,0.0,1.0,6.25,2.46,-0.49,18.96875,19.125,18.65625,18.59375,-1.4,0.0,50.0,0.0
3.30751,0x316,0.0,0.0,1.0,6.25,2.46,-0.49,18.96875,19.125,18.65625,18.59375,-1.4,0.0,50.0,0.0
3.31059,0x2B0,0.0,0.0,1.0,6.25,2.46,-0.49,18.96875,19.125,18.65625,18.59375,-1.4,0.0,50.0,0.0
3.31584,0x220,0.0,0.0,1.0,6.25,2.18,-0.59,18.96875,19.125,18.65625,18.59375,-1.4,0.0,50.0,0.0
3.3174,0x316,0.0,0.0,1.0,6.25,2.18,-0.59,18.96875,19.125,18.65625,18.59375,-1.4,0.0,53.0,0.0
3.32059,0x2B0,0.0,0.0,1.0,6.25,2.18,-0.59,18.96875,19.125,18.65625,18.59375,-1.4,0.0,53.0,0.0
3.32585,0x220,0.0,0.0,1.0,6.25,2.0,-0.46,18.96875,19.125,18.65625,18.59375,-1.4,0.0,53.0,0.0
3.32608,0x386,0.0,0.0,1.0,6.25,2.0,-0.46,19.25,19.0,18.3125,18.8125,-1.4,0.0,53.0,0.0
3.32741,0x316,0.0,0.0,1.0,6.25,2.0,-0.46,19.25,19.0,18.3125,18.8125,-1.4,0.0,53.0,0.0
3.33059,0x2B0,0.0,0.0,1.0,6.25,2.0,-0.46,19.25,19.0,18.3125,18.8125,-1.4,0.0,53.0,0.0
3.33585,0x220,0.0,0.0,1.0,6.25,2.0,-0.21,19.25,19.0,18.3125,18.8125,-1.4,0.0,53.0,0.0
3.33741,0x316,0.0,0.0,1.0,6.25,2.0,-0.21,19.25,19.0,18.3125,18.8125,-1.4,0.0,56.0,0.0
3.3406,0x2B0,0.0,0.0,1.0,6.25,2.0,-0.21,19.25,19.0,18.3125,18.8125,-1.4,0.0,56.0,0.0
3.34584,0x220,0.0,0.0,1.0,6.25,2.25,-0.09,19.25,19.0,18.3125,18.8125,-1.4,0.0,56.0,0.0
3.34607,0x386,0.0,0.0,1.0,6.25,2.25,-0.09,18.8125,19.0625,18.78125,18.71875,-1.4,0.0,56.0,0.0
3.3475,0x316,0.0,0.0,1.0,6.25,2.25,-0.09,18.8125,19.0625,18.78125,18.71875,-1.4,0.0,61.0,0.0
3.3506,0x2B0,0.0,0.0,1.0,6.25,2.25,-0.09,18.8125,19.0625,18.78125,18.71875,-1.5,0.0,61.0,0.0
3.35585,0x220,0.0,0.0,1.0,6.25,2.52,-0.37,18.8125,19.0625,18.78125,18.71875,-1.5,0.0,61.0,0.0
3.35747,0x316,0.0,0.0,1.0,6.25,2.52,-0.37,18.8125,19.0625,18.78125,18.71875,-1.5,0.0,63.0,0.0
3.36055,0x2B0,0.0,0.0,1.0,6.25,2.52,-0.37,18.8125,19.0625,18.78125,18.71875,-1.5,0.0,63.0,0.0
3.36585,0x220,0.0,0.0,1.0,6.25,2.49,-0.88,18.8125,19.0625,18.78125,18.71875,-1.5,0.0,63.0,0.0
3.36607,0x386,0.0,0.0,1.0,6.25,2.49,-0.88,19.125,18.9375,18.4375,18.46875,-1.5,0.0,63.0,0.0
3.36768,0x316,0.0,0.0,1.0,6.25,2.49,-0.88,19.125,18.9375,18.4375,18.46875,-1.5,0.0,68.0,0.0
3.37055,0x2B0,0.0,0.0,1.0,6.25,2.49,-0.88,19.125,18.9375,18.4375,18.46875,-1.5,0.0,68.0,0.0
3.37589,0x220,0.0,0.0,1.0,6.25,2.1,-1.12,19.125,18.9375,18.4375,18.46875,-1.5,0.0,68.0,0.0
3.3776,0x316,0.0,0.0,1.0,6.25,2.1,-1.12,19.125,18.9375,18.4375,18.46875,-1.5,0.0,68.0,0.0
3.38055,0x2B0,0.0,0.0,1.0,6.25,2.1,-1.12,19.125,18.9375,18.4375,18.46875,-1.5,0.0,68.0,0.0
3.38585,0x220,0.0,0.0,1.0,6.25,1.67,-0.72,19.125,18.9375,18.4375,18.46875,-1.5,0.0,68.0,0.0
3.38608,0x386,0.0,0.0,1.0,6.25,1.67,-0.72,18.78125,18.9375,18.09375,18.6875,-1.5,0.0,68.0,0.0
3.38749,0x316,0.0,0.0,1.0,6.25,1.67,-0.72,18.78125,18.9375,18.09375,18.6875,-1.5,0.0,71.0,0.0
3.39057,0x2B0,0.0,0.0,1.0,6.25,1.67,-0.72,18.78125,18.9375,18.09375,18.6875,-1.5,0.0,71.0,0.0
3.39584,0x220,0.0,0.0,1.0,6.25,1.59,-0.39,18.78125,18.9375,18.09375,18.6875,-1.5,0.0,71.0,0.0
3.39763,0x316,0.0,0.0,1.0,6.25,1.59,-0.39,18.78125,18.9375,18.09375,18.6875,-1.5,0.0,71.0,0.0
3.40055,0x2B0,0.0,0.0,1.0,6.25,1.59,-0.39,18.78125,18.9375,18.09375,18.6875,-1.5,0.0,71.0,0.0
3.40585,0x220,0.0,0.0,1.0,6.25,1.84,-0.72,18.78125,18.9375,18.09375,18.6875,-1.5,0.0,71.0,0.0
3.40608,0x386,0.0,0.0,1.0,6.25,1.84,-0.72,19.15625,19.03125,18.34375,18.6875,-1.5,0.0,71.0,0.0
3.4074,0x316,0.0,0.0,1.0,6.25,1.84,-0.72,19.15625,19.03125,18.34375,18.6875,-1.5,0.0,71.0,0.0
3.4106,0x2B0,0.0,0.0,1.0,6.25,1.84,-0.72,19.15625,19.03125,18.34375,18.6875,-1.4,0.0,71.0,0.0
3.41586,0x220,0.0,0.0,1.0,6.25,2.05,-1.2,19.15625,19.03125,18.34375,18.6875,-1.4,0.0,71.0,0.0
3.4174,0x316,0.0,0.0,1.0,6.25,2.05,-1.2,19.15625,19.03125,18.34375,18.6875,-1.4,0.0,71.0,0.0
3.42055,0x2B0,0.0,0.0,1.0,6.25,2.05,-1.2,19.15625,19.03125,18.34375,18.6875,-1.4,0.0,71.0,0.0
3.42586,0x220,0.0,0.0,1.0,6.25,1.98,-0.95,19.15625,19.03125,18.34375,18.6875,-1.4,0.0,71.0,0.0
3.42609,0x386,0.0,0.0,1.0,6.25,1.98,-0.95,19.0625,18.71875,18.6875,18.5625,-1.4,0.0,71.0,0.0
3.42749,0x316,0.0,0.0,1.0,6.25,1.98,-0.95,19.0625,18.71875,18.6875,18.5625,-1.4,0.0,71.0,0.0
3.43056,0x2B0,0.0,0.0,1.0,6.25,1.98,-0.95,19.0625,18.71875,18.6875,18.5625,-1.4,0.0,71.0,0.0
3.43585,0x220,0.0,0.0,1.0,6.25,1.83,-0.28,19.0625,18.71875,18.6875,18.5625,-1.4,0.0,71.0,0.0
3.43752,0x316,0.0,0.0,1.0,6.25,1.83,-0.28,19.0625,18.71875,18.6875,18.5625,-1.4,0.0,68.0,0.0
3.44054,0x2B0,0.0,0.0,1.0,6.25,1.83,-0.28,19.0625,18.71875,18.6875,18.5625,-1.4,0.0,68.0,0.0
3.44585,0x220,0.0,0.0,1.0,6.25,1.75,-0.04,19.0625,18.71875,18.6875,18.5625,-1.4,0.0,68.0,0.0
3.44608,0x386,0.0,0.0,1.0,6.25,1.75,-0.04,18.6875,19.09375,18.75,18.4375,-1.4,0.0,68.0,0.0
3.44741,0x316,0.0,0.0,1.0,6.25,1.75,-0.04,18.6875,19.09375,18.75,18.4375,-1.4,0.0,68.0,0.0
3.45066,0x2B0,0.0,0.0,1.0,6.25,1.75,-0.04,18.6875,19.09375,18.75,18.4375,-1.4,0.0,68.0,0.0
3.45585,0x220,0.0,0.0,1.0,6.25,1.64,-0.52,18.6875,19.09375,18.75,18.4375,-1.4,0.0,68.0,0.0
3.45741,0x316,0.0,0.0,1.0,6.25,1.64,-0.52,18.6875,19.09375,18.75,18.4375,-1.4,0.0,66.0,0.0
3.4606,0x2B0,0.0,0.0,1.0,6.25,1.64,-0.52,18.6875,19.09375,18.75,18.4375,-1.2,8.0,66.0,0.0
3.46584,0x220,0.0,0.0,1.0,6.25,1.58,-0.99,18.6875,19.09375,18.75,18.4375,-1.2,8.0,66.0,0.0
3.46607,0x386,0.0,0.0,1.0,6.25,1.58,-0.99,19.0625,18.875,18.78125,18.53125,-1.2,8.0,66.0,0.0
3.46778,0x316,0.0,0.0,1.0,6.25,1.58,-0.99,19.0625,18.875,18.78125,18.53125,-1.2,8.0,63.0,0.0
3.47057,0x2B0,0.0,0.0,1.0,6.25,1.58,-0.99,19.0625,18.875,18.78125,18.53125,-1.2,8.0,63.0,0.0
3.47591,0x220,0.0,0.0,1.0,6.25,1.72,-0.84,19.0625,18.875,18.78125,18.53125,-1.2,8.0,63.0,0.0
3.47787,0x316,0.0,0.0,1.0,6.25,1.72,-0.84,19.0625,18.875,18.78125,18.53125,-1.2,8.0,63.0,0.0
3.48056,0x2B0,0.0,0.0,1.0,6.25,1.72,-0.84,19.0625,18.875,18.78125,18.53125,-1.2,0.0,63.0,0.0
3.48584,0x220,0.0,0.0,1.0,6.25,2.1,-0.39,19.0625,18.875,18.78125,18.53125,-1.2,0.0,63.0,0.0
3.48607,0x386,0.0,0.0,1.0,6.25,2.1,-0.39,18.875,18.90625,18.84375,18.9375,-1.2,0.0,63.0,0.0
3.48739,0x316,0.0,0.0,1.0,6.25,2.1,-0.39,18.875,18.90625,18.84375,18.9375,-1.2,0.0,63.0,0.0
3.49063,0x2B0,0.0,0.0,1.0,6.25,2.1,-0.39,18.875,18.90625,18.84375,18.9375,-1.2,0.0,63.0,0.0
3.49585,0x220,0.0,0.0,1.0,6.25,2.41,-0.48,18.875,18.90625,18.84375,18.9375,-1.2,0.0,63.0,0.0
3.49747,0x316,0.0,0.0,1.0,6.25,2.41,-0.48,18.875,18.90625,18.84375,18.9375,-1.2,0.0,66.0,0.0
3.50058,0x2B0,0.0,0.0,1.0,6.25,2.41,-0.48,18.875,18.90625,18.84375,18.9375,-0.9,12.0,66.0,0.0
3.50584,0x220,0.0,0.0,1.0,6.25,2.15,-1.01,18.875,18.90625,18.84375,18.9375,-0.9,12.0,66.0,0.0
3.50607,0x386,0.0,0.0,1.0,6.25,2.15,-1.01,19.09375,19.0625,19.03125,18.78125,-0.9,12.0,66.0,0.0
3.50745,0x316,0.0,0.0,1.0,6.25,2.15,-1.01,19.09375,19.0625,19.03125,18.78125,-0.9,12.0,68.0,0.0
3.51057,0x2B0,0.0,0.0,1.0,6.25,2.15,-1.01,19.09375,19.0625,19.03125,18.78125,-0.8,20.0,68.0,0.0
3.51585,0x220,0.0,0.0,1.0,6.25,1.36,-1.19,19.09375,19.0625,19.03125,18.78125,-0.8,20.0,68.0,0.0
3.51746,0x316,0.0,0.0,1.0,6.25,1.36,-1.19,19.09375,19.0625,19.03125,18.78125,-0.8,20.0,73.0,0.0
3.52053,0x2B0,0.0,0.0,1.0,6.25,1.36,-1.19,19.09375,19.0625,19.03125,18.78125,-0.8,0.0,73.0,0.0
3.52586,0x220,0.0,0.0,1.0,6.25,0.54,-0.71,19.09375,19.0625,19.03125,18.78125,-0.8,0.0,73.0,0.0
3.52608,0x386,0.0,0.0,1.0,6.25,0.54,-0.71,19.09375,18.8125,18.75,18.40625,-0.8,0.0,73.0,0.0
3.52739,0x316,0.0,0.0,1.0,6.25,0.54,-0.71,19.09375,18.8125,18.75,18.40625,-0.8,0.0,79.0,0.0
3.53054,0x2B0,0.0,0.0,1.0,6.25,0.54,-0.71,19.09375,18.8125,18.75,18.40625,-0.8,0.0,79.0,0.0
3.53586,0x220,0.0,0.0,1.0,6.25,0.25,-0.19,19.09375,18.8125,18.75,18.40625,-0.8,0.0,79.0,0.0
3.53739,0x316,0.0,0.0,1.0,6.25,0.25,-0.19,19.09375,18.8125,18.75,18.40625,-0.8,0.0,84.0,0.0
3.54054,0x2B0,0.0,0.0,1.0,6.25,0.25,-0.19,19.09375,18.8125,18.75,18.40625,-0.8,0.0,84.0,0.0
3.54586,0x220,0.0,0.0,1.0,6.25,0.45,-0.15,19.09375,18.8125,18.75,18.40625,-0.8,0.0,84.0,0.0
3.54609,0x386,0.0,0.0,1.0,6.25,0.45,-0.15,18.9375,19.125,18.5,18.09375,-0.8,0.0,84.0,0.0
3.54747,0x316,0.0,0.0,1.0,6.25,0.45,-0.15,18.9375,19.125,18.5,18.09375,-0.8,0.0,86.0,0.0
3.55053,0x2B0,0.0,0.0,1.0,6.25,0.45,-0.15,18.9375,19.125,18.5,18.09375,-0.8,0.0,86.0,0.0
3.55585,0x220,0.0,0.0,1.0,6.25,0.82,-0.49,18.9375,19.125,18.5,18.09375,-0.8,0.0,86.0,0.0
3.55752,0x316,0.0,0.0,1.0,6.25,0.82,-0.49,18.9375,19.125,18.5,18.09375,-0.8,0.0,86.0,0.0
3.56052,0x2B0,0.0,0.0,1.0,6.25,0.82,-0.49,18.9375,19.125,18.5,18.09375,-0.8,0.0,86.0,0.0
3.56585,0x220,0.0,0.0,1.0,6.25,1.11,-0.68,18.9375,19.125,18.5,18.09375,-0.8,0.0,86.0,0.0
3.56608,0x386,0.0,0.0,1.0,6.25,1.11,-0.68,18.96875,18.96875,18.09375,18.3125,-0.8,0.0,86.0,0.0
3.56766,0x316,0.0,0.0,1.0,6.25,1.11,-0.68,18.96875,18.96875,18.09375,18.3125,-0.8,0.0,84.0,0.0
3.57053,0x2B0,0.0,0.0,1.0,6.25,1.11,-0.68,18.96875,18.96875,18.09375,18.3125,-0.8,0.0,84.0,0.0
3.57595,0x220,0.0,0.0,1.0,6.25,1.2,-0.3,18.96875,18.96875,18.09375,18.3125,-0.8,0.0,84.0,0.0
3.57754,0x316,0.0,0.0,1.0,6.25,1.2,-0.3,18.96875,18.96875,18.09375,18.3125,-0.8,0.0,84.0,0.0
3.58053,0x2B0,0.0,0.0,1.0,6.25,1.2,-0.3,18.96875,18.96875,18.09375,18.3125,-0.8,0.0,84.0,0.0
3.58586,0x220,0.0,0.0,1.0,6.25,1.09,0.25,18.96875,18.96875,18.09375,18.3125,-0.8,0.0,84.0,0.0
3.58609,0x386,0.0,0.0,1.0,6.25,1.09,0.25,19.21875,19.1875,17.625,18.25,-0.8,0.0,84.0,0.0
3.58748,0x316,0.0,0.0,1.0,6.25,1.09,0.25,19.21875,19.1875,17.625,18.25,-0.8,0.0,73.0,0.0
3.59054,0x2B0,0.0,0.0,1.0,6.25,1.09,0.25,19.21875,19.1875,17.625,18.25,-0.8,0.0,73.0,0.0
3.59586,0x220,0.0,0.0,1.0,6.25,0.84,0.5,19.21875,19.1875,17.625,18.25,-0.8,0.0,73.0,0.0
3.59762,0x316,0.0,0.0,1.0,6.25,0.84,0.5,19.21875,19.1875,17.625,18.25,-0.8,0.0,66.0,0.0
3.60054,0x2B0,0.0,0.0,1.0,6.25,0.84,0.5,19.21875,19.1875,17.625,18.25,-0.8,0.0,66.0,0.0
3.60586,0x220,0.0,0.0,1.0,6.25,0.59,0.34,19.21875,19.1875,17.625,18.25,-0.8,0.0,66.0,0.0
3.60609,0x386,0.0,0.0,1.0,6.25,0.59,0.34,19.03125,19.0,18.15625,18.21875,-0.8,0.0,66.0,0.0
3.60741,0x316,0.0,0.0,1.0,6.25,0.59,0.34,19.03125,19.0,18.15625,18.21875,-0.8,0.0,58.0,0.0
3.61054,0x2B0,0.0,0.0,1.0,6.25,0.59,0.34,19.03125,19.0,18.15625,18.21875,-0.8,0.0,58.0,0.0
3.61586,0x220,0.0,0.0,1.0,6.25,0.42,0.18,19.03125,19.0,18.15625,18.21875,-0.8,0.0,58.0,0.0
3.6174,0x316,0.0,0.0,1.0,6.25,0.42,0.18,19.03125,19.0,18.15625,18.21875,-0.8,0.0,50.0,0.0
3.62053,0x2B0,0.0,0.0,1.0,6.25,0.42,0.18,19.03125,19.0,18.15625,18.21875,-0.8,0.0,50.0,0.0
3.62586,0x220,0.0,0.0,1.0,6.25,0.3,0.41,19.03125,19.0,18.15625,18.21875,-0.8,0.0,50.0,0.0
3.62608,0x386,0.0,0.0,1.0,6.25,0.3,0.41,19.09375,18.875,18.5625,18.28125,-0.8,0.0,50.0,0.0
3.62749,0x316,0.0,0.0,1.0,6.25,0.3,0.41,19.09375,18.875,18.5625,18.28125,-0.8,0.0,45.0,0.0
3.63054,0x2B0,0.0,0.0,1.0,6.25,0.3,0.41,19.09375,18.875,18.5625,18.28125,-0.8,0.0,45.0,0.0
3.63587,0x220,0.0,0.0,1.0,6.25,0.22,0.98,19.09375,18.875,18.5625,18.28125,-0.8,0.0,45.0,0.0
3.63748,0x316,0.0,0.0,1.0,6.25,0.22,0.98,19.09375,18.875,18.5625,18.28125,-0.8,0.0,43.0,0.0
3.64058,0x2B0,0.0,0.0,1.0,6.25,0.22,0.98,19.09375,18.875,18.5625,18.28125,-0.8,0.0,43.0,0.0
3.64585,0x220,0.0,0.0,1.0,6.25,0.25,1.47,19.09375,18.875,18.5625,18.28125,-0.8,0.0,43.0,0.0
3.64608,0x386,0.0,0.0,1.0,6.25,0.25,1.47,18.9375,18.84375,18.25,18.71875,-0.8,0.0,43.0,0.0
3.64739,0x316,0.0,0.0,1.0,6.25,0.25,1.47,18.9375,18.84375,18.25,18.71875,-0.8,0.0,40.0,0.0
3.65058,0x2B0,0.0,0.0,1.0,6.25,0.25,1.47,18.9375,18.84375,18.25,18.71875,-0.9,0.0,40.0,0.0
3.65588,0x220,0.0,0.0,1.0,6.25,0.37,1.56,18.9375,18.84375,18.25,18.71875,-0.9,0.0,40.0,0.0
3.65742,0x316,0.0,0.0,1.0,6.25,0.37,1.56,18.9375,18.84375,18.25,18.71875,-0.9,0.0,35.0,0.0
3.66058,0x2B0,0.0,0.0,1.0,6.25,0.37,1.56,18.9375,18.84375,18.25,18.71875,-0.9,0.0,35.0,0.0
3.66584,0x220,0.0,0.0,1.0,6.25,0.5,1.2,18.9375,18.84375,18.25,18.71875,-0.9,0.0,35.0,0.0
3.66607,0x386,0.0,0.0,1.0,6.25,0.5,1.2,18.84375,18.8125,17.8125,18.59375,-0.9,0.0,35.0,0.0
3.66771,0x316,0.0,0.0,1.0,6.25,0.5,1.2,18.84375,18.8125,17.8125,18.59375,-0.9,0.0,35.0,0.0
3.67059,0x2B0,0.0,0.0,1.0,6.25,0.5,1.2,18.84375,18.8125,17.8125,18.59375,-0.9,0.0,35.0,0.0
3.67598,0x220,0.0,0.0,1.0,6.25,0.5,0.77,18.84375,18.8125,17.8125,18.59375,-0.9,0.0,35.0,0.0
3.67773,0x316,0.0,0.0,1.0,6.25,0.5,0.77,18.84375,18.8125,17.8125,18.59375,-0.9,0.0,35.0,0.0
3.68059,0x2B0,0.0,0.0,1.0,6.25,0.5,0.77,18.84375,18.8125,17.8125,18.59375,-1.1,8.0,35.0,0.0
3.68585,0x220,0.0,0.0,1.0,6.25,0.49,0.68,18.84375,18.8125,17.8125,18.59375,-1.1,8.0,35.0,0.0
3.68607,0x386,0.0,0.0,1.0,6.25,0.49,0.68,18.875,18.8125,17.84375,18.09375,-1.1,8.0,35.0,0.0
3.6874,0x316,0.0,0.0,1.0,6.25,0.49,0.68,18.875,18.8125,17.84375,18.09375,-1.1,8.0,35.0,0.0
3.69051,0x2B0,0.0,0.0,1.0,6.25,0.49,0.68,18.875,18.8125,17.84375,18.09375,-1.1,8.0,35.0,0.0
3.69587,0x220,0.0,0.0,1.0,6.25,0.54,0.98,18.875,18.8125,17.84375,18.09375,-1.1,8.0,35.0,0.0
3.69748,0x316,0.0,0.0,1.0,6.25,0.54,0.98,18.875,18.8125,17.84375,18.09375,-1.1,8.0,35.0,0.0
3.7006,0x2B0,0.0,0.0,1.0,6.25,0.54,0.98,18.875,18.8125,17.84375,18.09375,-1.1,0.0,35.0,0.0
3.70587,0x220,0.0,0.0,1.0,6.25,0.58,1.45,18.875,18.8125,17.84375,18.09375,-1.1,0.0,35.0,0.0
3.7061,0x386,0.0,0.0,1.0,6.25,0.58,1.45,18.75,18.6875,18.21875,18.1875,-1.1,0.0,35.0,0.0
3.70745,0x316,0.0,0.0,1.0,6.25,0.58,1.45,18.75,18.6875,18.21875,18.1875,-1.1,0.0,40.0,0.0
3.71059,0x2B0,0.0,0.0,1.0,6.25,0.58,1.45,18.75,18.6875,18.21875,18.1875,-1.1,0.0,40.0,0.0
3.71588,0x220,0.0,0.0,1.0,6.25,0.68,1.7,18.75,18.6875,18.21875,18.1875,-1.1,0.0,40.0,0.0
3.71746,0x316,0.0,0.0,1.0,6.25,0.68,1.7,18.75,18.6875,18.21875,18.1875,-1.1,0.0,45.0,0.0
3.72059,0x2B0,0.0,0.0,1.0,6.25,0.68,1.7,18.75,18.6875,18.21875,18.1875,-1.1,0.0,45.0,0.0
3.72586,0x220,0.0,0.0,1.0,6.25,0.78,1.62,18.75,18.6875,18.21875,18.1875,-1.1,0.0,45.0,0.0
3.72609,0x386,0.0,0.0,1.0,6.25,0.78,1.62,18.5,18.53125,18.1875,18.46875,-1.1,0.0,45.0,0.0
3.72738,0x316,0.0,0.0,1.0,6.25,0.78,1.62,18.5,18.53125,18.1875,18.46875,-1.1,0.0,48.0,0.0
3.73059,0x2B0,0.0,0.0,1.0,6.25,0.78,1.62,18.5,18.53125,18.1875,18.46875,-1.1,0.0,48.0,0.0
3.73588,0x220,0.0,0.0,1.0,6.25,0.92,1.21,18.5,18.53125,18.1875,18.46875,-1.1,0.0,48.0,0.0
3.73738,0x316,0.0,0.0,1.0,6.25,0.92,1.21,18.5,18.53125,18.1875,18.46875,-1.1,0.0,53.0,0.0
3.74058,0x2B0,0.0,0.0,1.0,6.25,0.92,1.21,18.5,18.53125,18.1875,18.46875,-1.1,0.0,53.0,0.0
3.74585,0x220,0.0,0.0,1.0,6.25,1.19,0.66,18.5,18.53125,18.1875,18.46875,-1.1,0.0,53.0,0.0
3.74608,0x386,0.0,0.0,1.0,6.25,1.19,0.66,18.4375,18.5625,17.875,18.125,-1.1,0.0,53.0,0.0
3.7474,0x316,0.0,0.0,1.0,6.25,1.19,0.66,18.4375,18.5625,17.875,18.125,-1.1,0.0,53.0,0.0
3.75058,0x2B0,0.0,0.0,1.0,6.25,1.19,0.66,18.4375,18.5625,17.875,18.125,-1.1,0.0,53.0,0.0
3.75587,0x220,0.0,0.0,1.0,6.25,1.47,0.28,18.4375,18.5625,17.875,18.125,-1.1,0.0,53.0,0.0
3.75746,0x316,0.0,0.0,1.0,6.25,1.47,0.28,18.4375,18.5625,17.875,18.125,-1.1,0.0,53.0,0.0
3.7606,0x2B0,0.0,0.0,1.0,6.25,1.47,0.28,18.4375,18.5625,17.875,18.125,-1.1,0.0,53.0,0.0
3.76586,0x220,0.0,0.0,1.0,6.25,1.71,0.21,18.4375,18.5625,17.875,18.125,-1.1,0.0,53.0,0.0
3.76609,0x386,0.0,0.0,1.0,6.25,1.71,0.21,18.46875,18.375,18.0,18.0,-1.1,0.0,53.0,0.0
3.76766,0x316,0.0,0.0,1.0,6.25,1.71,0.21,18.46875,18.375,18.0,18.0,-1.1,0.0,53.0,0.0
3.7706,0x2B0,0.0,0.0,1.0,6.25,1.71,0.21,18.46875,18.375,18.0,18.0,-1.1,0.0,53.0,0.0
3.77596,0x220,0.0,0.0,1.0,6.25,1.93,0.38,18.46875,18.375,18.0,18.0,-1.1,0.0,53.0,0.0
3.77754,0x316,0.0,0.0,1.0,6.25,1.93,0.38,18.46875,18.375,18.0,18.0,-1.1,0.0,53.0,0.0
3.7806,0x2B0,0.0,0.0,1.0,6.25,1.93,0.38,18.46875,18.375,18.0,18.0,-1.2,0.0,53.0,0.0
3.78586,0x220,0.0,0.0,1.0,6.25,2.13,0.62,18.46875,18.375,18.0,18.0,-1.2,0.0,53.0,0.0
3.78609,0x386,0.0,0.0,1.0,6.25,2.13,0.62,18.34375,18.3125,17.96875,18.03125,-1.2,0.0,53.0,0.0
3.7874,0x316,0.0,0.0,1.0,6.25,2.13,0.62,18.34375,18.3125,17.96875,18.03125,-1.2,0.0,53.0,0.0
3.79055,0x2B0,0.0,0.0,1.0,6.25,2.13,0.62,18.34375,18.3125,17.96875,18.03125,-1.2,0.0,53.0,0.0
3.79587,0x220,0.0,0.0,1.0,6.25,2.2,0.67,18.34375,18.3125,17.96875,18.03125,-1.2,0.0,53.0,0.0
3.79762,0x316,0.0,0.0,1.0,6.25,2.2,0.67,18.34375,18.3125,17.96875,18.03125,-1.2,0.0,53.0,0.0
3.80054,0x2B0,0.0,0.0,1.0,6.25,2.2,0.67,18.34375,18.3125,17.96875,18.03125,-1.2,0.0,53.0,0.0
3.80585,0x220,0.0,0.0,1.0,6.25,2.11,0.28,18.34375,18.3125,17.96875,18.03125,-1.2,0.0,53.0,0.0
3.80608,0x386,0.0,0.0,1.0,6.25,2.11,0.28,18.0625,18.25,18.03125,17.9375,-1.2,0.0,53.0,0.0
3.80739,0x316,0.0,0.0,1.0,6.25,2.11,0.28,18.0625,18.25,18.03125,17.9375,-1.2,0.0,53.0,0.0
3.81054,0x2B0,0.0,0.0,1.0,6.25,2.11,0.28,18.0625,18.25,18.03125,17.9375,-1.2,0.0,53.0,0.0
3.81588,0x220,0.0,0.0,1.0,6.25,1.93,-0.35,18.0625,18.25,18.03125,17.9375,-1.2,0.0,53.0,0.0
3.81741,0x316,0.0,0.0,1.0,6.25,1.93,-0.35,18.0625,18.25,18.03125,17.9375,-1.2,0.0,53.0,0.0
3.82054,0x2B0,0.0,0.0,1.0,6.25,1.93,-0.35,18.0625,18.25,18.03125,17.9375,-1.2,0.0,53.0,0.0
3.82586,0x220,0.0,0.0,1.0,6.25,1.75,-0.68,18.0625,18.25,18.03125,17.9375,-1.2,0.0,53.0,0.0
3.8261,0x386,0.0,0.0,1.0,6.25,1.75,-0.68,18.1875,18.1875,17.96875,17.9375,-1.2,0.0,53.0,0.0
3.8274,0x316,0.0,0.0,1.0,6.25,1.75,-0.68,18.1875,18.1875,17.96875,17.9375,-1.2,0.0,53.0,0.0
3.83058,0x2B0,0.0,0.0,1.0,6.25,1.75,-0.68,18.1875,18.1875,17.96875,17.9375,-1.2,0.0,53.0,0.0
3.83587,0x220,0.0,0.0,1.0,6.25,1.82,-0.51,18.1875,18.1875,17.96875,17.9375,-1.2,0.0,53.0,0.0
3.83745,0x316,0.0,0.0,1.0,6.25,1.82,-0.51,18.1875,18.1875,17.96875,17.9375,-1.2,0.0,53.0,0.0
3.8406,0x2B0,0.0,0.0,1.0,6.25,1.82,-0.51,18.1875,18.1875,17.96875,17.9375,-1.3,0.0,53.0,0.0
3.84585,0x220,0.0,0.0,1.0,6.25,2.25,-0.26,18.1875,18.1875,17.96875,17.9375,-1.3,0.0,53.0,0.0
3.84608,0x386,0.0,0.0,1.0,6.25,2.25,-0.26,18.125,18.03125,17.78125,17.875,-1.3,0.0,53.0,0.0
3.84738,0x316,0.0,0.0,1.0,6.25,2.25,-0.26,18.125,18.03125,17.78125,17.875,-1.3,0.0,56.0,0.0
3.85054,0x2B0,0.0,0.0,1.0,6.25,2.25,-0.26,18.125,18.03125,17.78125,17.875,-1.3,0.0,56.0,0.0
3.85588,0x220,0.0,0.0,1.0,6.25,2.74,-0.29,18.125,18.03125,17.78125,17.875,-1.3,0.0,56.0,0.0
3.85744,0x316,0.0,0.0,1.0,6.25,2.74,-0.29,18.125,18.03125,17.78125,17.875,-1.3,0.0,58.0,0.0
3.86053,0x2B0,0.0,0.0,1.0,6.25,2.74,-0.29,18.125,18.03125,17.78125,17.875,-1.3,0.0,58.0,0.0
3.86586,0x220,0.0,0.0,1.0,6.25,2.87,-0.49,18.125,18.03125,17.78125,17.875,-1.3,0.0,58.0,0.0
3.86608,0x386,0.0,0.0,1.0,6.25,2.87,-0.49,18.1875,18.21875,17.78125,17.84375,-1.3,0.0,58.0,0.0
3.86771,0x316,0.0,0.0,1.0,6.25,2.87,-0.49,18.1875,18.21875,17.78125,17.84375,-1.3,0.0,61.0,0.0
3.87052,0x2B0,0.0,0.0,1.0,6.25,2.87,-0.49,18.1875,18.21875,17.78125,17.84375,-1.3,0.0,61.0,0.0
3.87604,0x220,0.0,0.0,1.0,6.25,2.5,-0.6,18.1875,18.21875,17.78125,17.84375,-1.3,0.0,61.0,0.0
3.87789,0x316,0.0,0.0,1.0,6.25,2.5,-0.6,18.1875,18.21875,17.78125,17.84375,-1.3,0.0,61.0,0.0
3.88053,0x2B0,0.0,0.0,1.0,6.25,2.5,-0.6,18.1875,18.21875,17.78125,17.84375,-1.3,0.0,61.0,0.0
3.88587,0x220,0.0,0.0,1.0,6.25,1.83,-0.62,18.1875,18.21875,17.78125,17.84375,-1.3,0.0,61.0,0.0
3.8861,0x386,0.0,0.0,1.0,6.25,1.83,-0.62,18.03125,18.03125,17.4375,17.71875,-1.3,0.0,61.0,0.0
3.88738,0x316,0.0,0.0,1.0,6.25,1.83,-0.62,18.03125,18.03125,17.4375,17.71875,-1.3,0.0,71.0,0.0
3.89054,0x2B0,0.0,0.0,1.0,6.25,1.83,-0.62,18.03125,18.03125,17.4375,17.71875,-1.3,0.0,71.0,0.0
3.89588,0x220,0.0,0.0,1.0,6.25,1.32,-0.6,18.03125,18.03125,17.4375,17.71875,-1.3,0.0,71.0,0.0
3.89755,0x316,0.0,0.0,1.0,6.25,1.32,-0.6,18.03125,18.03125,17.4375,17.71875,-1.3,0.0,76.0,0.0
3.90053,0x2B0,0.0,0.0,1.0,6.25,1.32,-0.6,18.03125,18.03125,17.4375,17.71875,-1.3,0.0,76.0,0.0
3.90593,0x220,0.0,0.0,1.0,6.25,1.26,-0.53,18.03125,18.03125,17.4375,17.71875,-1.3,0.0,76.0,0.0
3.90617,0x386,0.0,0.0,1.0,6.25,1.26,-0.53,18.0,18.125,17.4375,17.8125,-1.3,0.0,76.0,0.0
3.90743,0x316,0.0,0.0,1.0,6.25,1.26,-0.53,18.0,18.125,17.4375,17.8125,-1.3,0.0,79.0,0.0
3.91061,0x2B0,0.0,0.0,1.0,6.25,1.26,-0.53,18.0,18.125,17.4375,17.8125,-1.3,0.0,79.0,0.0
3.91588,0x220,0.0,0.0,1.0,6.25,1.69,-0.5,18.0,18.125,17.4375,17.8125,-1.3,0.0,79.0,0.0
3.91746,0x316,0.0,0.0,1.0,6.25,1.69,-0.5,18.0,18.125,17.4375,17.8125,-1.3,0.0,81.0,0.0
3.92056,0x2B0,0.0,0.0,1.0,6.25,1.69,-0.5,18.0,18.125,17.4375,17.8125,-1.2,0.0,81.0,0.0
3.92587,0x220,0.0,0.0,1.0,6.25,2.33,-0.51,18.0,18.125,17.4375,17.8125,-1.2,0.0,81.0,0.0
3.92611,0x386,0.0,0.0,1.0,6.25,2.33,-0.51,17.90625,18.03125,17.71875,18.0,-1.2,0.0,81.0,0.0
3.92739,0x316,0.0,0.0,1.0,6.25,2.33,-0.51,17.90625,18.03125,17.71875,18.0,-1.2,0.0,81.0,0.0
3.93061,0x2B0,0.0,0.0,1.0,6.25,2.33,-0.51,17.90625,18.03125,17.71875,18.0,-1.2,0.0,81.0,0.0
3.93588,0x220,0.0,0.0,1.0,6.25,2.71,-0.43,17.90625,18.03125,17.71875,18.0,-1.2,0.0,81.0,0.0
3.93741,0x316,0.0,0.0,1.0,6.25,2.71,-0.43,17.90625,18.03125,17.71875,18.0,-1.2,0.0,81.0,0.0
3.94056,0x2B0,0.0,0.0,1.0,6.25,2.71,-0.43,17.90625,18.03125,17.71875,18.0,-1.0,8.0,81.0,0.0
3.94586,0x220,0.0,0.0,1.0,6.25,2.58,-0.33,17.90625,18.03125,17.71875,18.0,-1.0,8.0,81.0,0.0
3.94609,0x386,0.0,0.0,1.0,6.25,2.58,-0.33,18.09375,18.125,17.75,18.21875,-1.0,8.0,81.0,0.0
3.9474,0x316,0.0,0.0,1.0,6.25,2.58,-0.33,18.09375,18.125,17.75,18.21875,-1.0,8.0,81.0,0.0
3.9506,0x2B0,0.0,0.0,1.0,6.25,2.58,-0.33,18.09375,18.125,17.75,18.21875,-1.0,8.0,81.0,0.0
3.95588,0x220,0.0,0.0,1.0,6.25,2.08,-0.36,18.09375,18.125,17.75,18.21875,-1.0,8.0,81.0,0.0
3.95754,0x316,0.0,0.0,1.0,6.25,2.08,-0.36,18.09375,18.125,17.75,18.21875,-1.0,8.0,81.0,0.0
3.96054,0x2B0,0.0,0.0,1.0,6.25,2.08,-0.36,18.09375,18.125,17.75,18.21875,-0.8,8.0,81.0,0.0
3.96586,0x220,0.0,0.0,1.0,6.25,1.58,-0.38,18.09375,18.125,17.75,18.21875,-0.8,8.0,81.0,0.0
3.96608,0x386,0.0,0.0,1.0,6.25,1.58,-0.38,18.0625,18.0,17.34375,17.78125,-0.8,8.0,81.0,0.0
3.96766,0x316,0.0,0.0,1.0,6.25,1.58,-0.38,18.0625,18.0,17.34375,17.78125,-0.8,8.0,81.0,0.0
3.97053,0x2B0,0.0,0.0,1.0,6.25,1.58,-0.38,18.0625,18.0,17.34375,17.78125,-0.6,20.0,81.0,0.0
3.97607,0x220,0.0,0.0,1.0,6.25,1.34,-0.36,18.0625,18.0,17.34375,17.78125,-0.6,20.0,81.0,0.0
3.97761,0x316,0.0,0.0,1.0,6.25,1.34,-0.36,18.0625,18.0,17.34375,17.78125,-0.6,20.0,81.0,0.0
3.98059,0x2B0,0.0,0.0,1.0,6.25,1.34,-0.36,18.0625,18.0,17.34375,17.78125,-0.6,8.0,81.0,0.0
3.98586,0x220,0.0,0.0,1.0,6.25,1.5,-0.47,18.0625,18.0,17.34375,17.78125,-0.6,8.0,81.0,0.0
3.98609,0x386,0.0,0.0,1.0,6.25,1.5,-0.47,18.0,17.90625,17.59375,17.46875,-0.6,8.0,81.0,0.0
3.98738,0x316,0.0,0.0,1.0,6.25,1.5,-0.47,18.0,17.90625,17.59375,17.46875,-0.6,8.0,79.0,0.0
3.99052,0x2B0,0.0,0.0,1.0,6.25,1.5,-0.47,18.0,17.90625,17.59375,17.46875,-0.6,0.0,79.0,0.0
3.99589,0x220,0.0,0.0,1.0,6.25,1.85,-0.78,18.0,17.90625,17.59375,17.46875,-0.6,0.0,79.0,0.0
3.99771,0x316,0.0,0.0,1.0,6.25,1.85,-0.78,18.0,17.90625,17.59375,17.46875,-0.6,0.0,76.0,0.0
4.00051,0x2B0,0.0,0.0,1.0,6.25,1.85,-0.78,18.0,17.90625,17.59375,17.46875,-0.6,0.0,76.0,0.0
4.00586,0x220,0.0,0.0,1.0,6.25,2.06,-0.94,18.0,17.90625,17.59375,17.46875,-0.6,0.0,76.0,0.0
4.00609,0x386,0.0,0.0,1.0,6.25,2.06,-0.94,18.21875,18.40625,17.65625,17.375,-0.6,0.0,76.0,0.0
4.00746,0x316,0.0,0.0,1.0,6.25,2.06,-0.94,18.21875,18.40625,17.65625,17.375,-0.6,0.0,76.0,0.0
4.01053,0x2B0,0.0,0.0,1.0,6.25,2.06,-0.94,18.21875,18.40625,17.65625,17.375,-0.4,8.0,76.0,0.0
4.01589,0x220,0.0,0.0,1.0,6.25,2.02,-0.77,18.21875,18.40625,17.65625,17.375,-0.4,8.0,76.0,0.0
4.0174,0x316,0.0,0.0,1.0,6.25,2.02,-0.77,18.21875,18.40625,17.65625,17.375,-0.4,8.0,76.0,0.0
4.02056,0x2B0,0.0,0.0,1.0,6.25,2.02,-0.77,18.21875,18.40625,17.65625,17.375,-0.4,8.0,76.0,0.0
4.02586,0x220,0.0,0.0,1.0,6.25,1.83,-0.44,18.21875,18.40625,17.65625,17.375,-0.4,8.0,76.0,0.0
4.0261,0x386,0.0,0.0,1.0,6.25,1.83,-0.44,18.15625,18.1875,17.71875,17.34375,-0.4,8.0,76.0,0.0
4.02737,0x316,0.0,0.0,1.0,6.25,1.83,-0.44,18.15625,18.1875,17.71875,17.34375,-0.4,8.0,76.0,0.0
4.03052,0x2B0,0.0,0.0,1.0,6.25,1.83,-0.44,18.15625,18.1875,17.71875,17.34375,-0.2,8.0,76.0,0.0
4.03588,0x220,0.0,0.0,1.0,6.25,1.84,-0.29,18.15625,18.1875,17.71875,17.34375,-0.2,8.0,76.0,0.0
4.03753,0x316,0.0,0.0,1.0,6.25,1.84,-0.29,18.15625,18.1875,17.71875,17.34375,-0.2,8.0,76.0,0.0
4.04059,0x2B0,0.0,0.0,1.0,6.25,1.84,-0.29,18.15625,18.1875,17.71875,17.34375,-0.2,8.0,76.0,0.0
4.04587,0x220,0.0,0.0,1.0,6.25,2.17,-0.54,18.15625,18.1875,17.71875,17.34375,-0.2,8.0,76.0,0.0
4.04609,0x386,0.0,0.0,1.0,6.25,2.17,-0.54,18.15625,18.1875,17.03125,17.5625,-0.2,8.0,76.0,0.0
4.04747,0x316,0.0,0.0,1.0,6.25,2.17,-0.54,18.15625,18.1875,17.03125,17.5625,-0.2,8.0,76.0,0.0
4.05056,0x2B0,0.0,0.0,1.0,6.25,2.17,-0.54,18.15625,18.1875,17.03125,17.5625,0.0,8.0,76.0,0.0
4.05589,0x220,0.0,0.0,1.0,6.25,2.52,-0.98,18.15625,18.1875,17.03125,17.5625,0.0,8.0,76.0,0.0
4.05742,0x316,0.0,0.0,1.0,6.25,2.52,-0.98,18.15625,18.1875,17.03125,17.5625,0.0,8.0,76.0,0.0
4.06056,0x2B0,0.0,0.0,1.0,6.25,2.52,-0.98,18.15625,18.1875,17.03125,17.5625,0.2,20.0,76.0,0.0
4.06586,0x220,0.0,0.0,1.0,6.25,2.56,-1.21,18.15625,18.1875,17.03125,17.5625,0.2,20.0,76.0,0.0
4.06609,0x386,0.0,0.0,1.0,6.25,2.56,-1.21,18.15625,17.96875,16.75,17.1875,0.2,20.0,76.0,0.0
4.06764,0x316,0.0,0.0,1.0,6.25,2.56,-1.21,18.15625,17.96875,16.75,17.1875,0.2,20.0,73.0,0.0
4.07064,0x2B0,0.0,0.0,1.0,6.25,2.56,-1.21,18.15625,17.96875,16.75,17.1875,0.2,8.0,73.0,0.0
4.07586,0x220,0.0,0.0,1.0,6.25,2.17,-0.93,18.15625,17.96875,16.75,17.1875,0.2,8.0,73.0,0.0
4.07791,0x316,0.0,0.0,1.0,6.25,2.17,-0.93,18.15625,17.96875,16.75,17.1875,0.2,8.0,73.0,0.0
4.08058,0x2B0,0.0,0.0,1.0,6.25,2.17,-0.93,18.15625,17.96875,16.75,17.1875,0.3,0.0,73.0,0.0
4.08586,0x220,0.0,0.0,1.0,6.25,1.54,-0.3,18.15625,17.96875,16.75,17.1875,0.3,0.0,73.0,0.0
4.0861,0x386,0.0,0.0,1.0,6.25,1.54,-0.3,17.9375,18.125,17.40625,17.4375,0.3,0.0,73.0,0.0
4.08746,0x316,0.0,0.0,1.0,6.25,1.54,-0.3,17.9375,18.125,17.40625,17.4375,0.3,0.0,71.0,0.0
4.09056,0x2B0,0.0,0.0,1.0,6.25,1.54,-0.3,17.9375,18.125,17.40625,17.4375,0.3,0.0,71.0,0.0
4.09587,0x220,0.0,0.0,1.0,6.25,1.04,0.14,17.9375,18.125,17.40625,17.4375,0.3,0.0,71.0,0.0
4.09752,0x316,0.0,0.0,1.0,6.25,1.04,0.14,17.9375,18.125,17.40625,17.4375,0.3,0.0,68.0,0.0
4.10058,0x2B0,0.0,0.0,1.0,6.25,1.04,0.14,17.9375,18.125,17.40625,17.4375,0.4,0.0,68.0,0.0
4.10587,0x220,0.0,0.0,1.0,6.25,0.82,0.13,17.9375,18.125,17.40625,17.4375,0.4,0.0,68.0,0.0
4.1061,0x386,0.0,0.0,1.0,6.25,0.82,0.13,18.0,17.90625,17.8125,17.90625,0.4,0.0,68.0,0.0
4.1074,0x316,0.0,0.0,1.0,6.25,0.82,0.13,18.0,17.90625,17.8125,17.90625,0.4,0.0,68.0,0.0
4.11055,0x2B0,0.0,0.0,1.0,6.25,0.82,0.13,18.0,17.90625,17.8125,17.90625,0.4,0.0,68.0,0.0
4.11587,0x220,0.0,0.0,1.0,6.25,0.87,-0.02,18.0,17.90625,17.8125,17.90625,0.4,0.0,68.0,0.0
4.11745,0x316,0.0,0.0,1.0,6.25,0.87,-0.02,18.0,17.90625,17.8125,17.90625,0.4,0.0,68.0,0.0
4.12056,0x2B0,0.0,0.0,1.0,6.25,0.87,-0.02,18.0,17.90625,17.8125,17.90625,0.5,0.0,68.0,0.0
4.12587,0x220,0.0,0.0,1.0,6.25,1.08,0.0,18.0,17.90625,17.8125,17.90625,0.5,0.0,68.0,0.0
4.1261,0x386,0.0,0.0,1.0,6.25,1.08,0.0,17.8125,17.65625,18.21875,17.9375,0.5,0.0,68.0,0.0
4.12746,0x316,0.0,0.0,1.0,6.25,1.08,0.0,17.8125,17.65625,18.21875,17.9375,0.5,0.0,68.0,0.0
4.13052,0x2B0,0.0,0.0,1.0,6.25,1.08,0.0,17.8125,17.65625,18.21875,17.9375,0.5,0.0,68.0,0.0
4.13589,0x220,0.0,0.0,1.0,6.25,1.3,0.17,17.8125,17.65625,18.21875,17.9375,0.5,0.0,68.0,0.0
4.13738,0x316,0.0,0.0,1.0,6.25,1.3,0.17,17.8125,17.65625,18.21875,17.9375,0.5,0.0,68.0,0.0
4.14063,0x2B0,0.0,0.0,1.0,6.25,1.3,0.17,17.8125,17.65625,18.21875,17.9375,0.5,0.0,68.0,0.0
4.14586,0x220,0.0,0.0,1.0,6.25,1.37,0.3,17.8125,17.65625,18.21875,17.9375,0.5,0.0,68.0,0.0
4.14609,0x386,0.0,0.0,1.0,6.25,1.37,0.3,17.6875,17.75,18.34375,17.40625,0.5,0.0,68.0,0.0
4.14737,0x316,0.0,0.0,1.0,6.25,1.37,0.3,17.6875,17.75,18.34375,17.40625,0.5,0.0,68.0,0.0
4.15057,0x2B0,0.0,0.0,1.0,6.25,1.37,0.3,17.6875,17.75,18.34375,17.40625,0.7,8.0,68.0,0.0
4.1559,0x220,0.0,0.0,1.0,6.25,1.2,0.32,17.6875,17.75,18.34375,17.40625,0.7,8.0,68.0,0.0
4.15747,0x316,0.0,0.0,1.0,6.25,1.2,0.32,17.6875,17.75,18.34375,17.40625,0.7,8.0,68.0,0.0
4.16057,0x2B0,0.0,0.0,1.0,6.25,1.2,0.32,17.6875,17.75,18.34375,17.40625,0.7,8.0,68.0,0.0
4.16587,0x220,0.0,0.0,1.0,6.25,0.91,0.27,17.6875,17.75,18.34375,17.40625,0.7,8.0,68.0,0.0
4.1661,0x386,0.0,0.0,1.0,6.25,0.91,0.27,17.78125,17.6875,17.28125,17.46875,0.7,8.0,68.0,0.0
4.16769,0x316,0.0,0.0,1.0,6.25,0.91,0.27,17.78125,17.6875,17.28125,17.46875,0.7,8.0,68.0,0.0
4.17055,0x2B0,0.0,0.0,1.0,6.25,0.91,0.27,17.78125,17.6875,17.28125,17.46875,0.7,0.0,68.0,0.0
4.17591,0x220,0.0,0.0,1.0,6.25,0.63,0.18,17.78125,17.6875,17.28125,17.46875,0.7,0.0,68.0,0.0
4.17763,0x316,0.0,0.0,1.0,6.25,0.63,0.18,17.78125,17.6875,17.28125,17.46875,0.7,0.0,68.0,0.0
4.18056,0x2B0,0.0,0.0,1.0,6.25,0.63,0.18,17.78125,17.6875,17.28125,17.46875,0.7,0.0,68.0,0.0
4.18587,0x220,0.0,0.0,1.0,6.25,0.43,0.13,17.78125,17.6875,17.28125,17.46875,0.7,0.0,68.0,0.0
4.1861,0x386,0.0,0.0,1.0,6.25,0.43,0.13,17.84375,17.6875,17.125,17.34375,0.7,0.0,68.0,0.0
4.18738,0x316,0.0,0.0,1.0,6.25,0.43,0.13,17.84375,17.6875,17.125,17.34375,0.7,0.0,71.0,0.0
4.19055,0x2B0,0.0,0.0,1.0,6.25,0.43,0.13,17.84375,17.6875,17.125,17.34375,0.7,0.0,71.0,0.0
4.1959,0x220,0.0,0.0,1.0,6.25,0.35,0.04,17.84375,17.6875,17.125,17.34375,0.7,0.0,71.0,0.0
4.19759,0x316,0.0,0.0,1.0,6.25,0.35,0.04,17.84375,17.6875,17.125,17.34375,0.7,0.0,73.0,0.0
4.20055,0x2B0,0.0,0.0,1.0,6.25,0.35,0.04,17.84375,17.6875,17.125,17.34375,0.7,0.0,73.0,0.0
4.20587,0x220,0.0,0.0,1.0,6.25,0.26,0.05,17.84375,17.6875,17.125,17.34375,0.7,0.0,73.0,0.0
4.2061,0x386,0.0,0.0,1.0,6.25,0.26,0.05,17.84375,17.75,17.40625,17.3125,0.7,0.0,73.0,0.0
4.20743,0x316,0.0,0.0,1.0,6.25,0.26,0.05,17.84375,17.75,17.40625,17.3125,0.7,0.0,76.0,0.0
4.21056,0x2B0,0.0,0.0,1.0,6.25,0.26,0.05,17.84375,17.75,17.40625,17.3125,0.7,0.0,76.0,0.0
4.21599,0x220,0.0,0.0,1.0,6.25,0.09,0.44,17.84375,17.75,17.40625,17.3125,0.7,0.0,76.0,0.0
4.2174,0x316,0.0,0.0,1.0,6.25,0.09,0.44,17.84375,17.75,17.40625,17.3125,0.7,0.0,76.0,0.0
4.22055,0x2B0,0.0,0.0,1.0,6.25,0.09,0.44,17.84375,17.75,17.40625,17.3125,0.7,0.0,76.0,0.0
4.22588,0x220,0.0,0.0,1.0,6.25,0.01,1.05,17.84375,17.75,17.40625,17.3125,0.7,0.0,76.0,0.0
4.22611,0x386,0.0,0.0,1.0,6.25,0.01,1.05,17.8125,17.8125,17.28125,17.40625,0.7,0.0,76.0,0.0
4.22739,0x316,0.0,0.0,1.0,6.25,0.01,1.05,17.8125,17.8125,17.28125,17.40625,0.7,0.0,76.0,0.0
4.23062,0x2B0,0.0,0.0,1.0,6.25,0.01,1.05,17.8125,17.8125,17.28125,17.40625,0.7,0.0,76.0,0.0
4.23591,0x220,0.0,0.0,1.0,6.25,0.14,1.47,17.8125,17.8125,17.28125,17.40625,0.7,0.0,76.0,0.0
4.23744,0x316,0.0,0.0,1.0,6.25,0.14,1.47,17.8125,17.8125,17.28125,17.40625,0.7,0.0,76.0,0.0
4.24059,0x2B0,0.0,0.0,1.0,6.25,0.14,1.47,17.8125,17.8125,17.28125,17.40625,0.4,12.0,76.0,0.0
4.24586,0x220,0.0,0.0,1.0,6.25,0.49,1.36,17.8125,17.8125,17.28125,17.40625,0.4,12.0,76.0,0.0
4.2461,0x386,0.0,0.0,1.0,6.25,0.49,1.36,17.8125,17.6875,17.25,17.15625,0.4,12.0,76.0,0.0
4.24748,0x316,0.0,0.0,1.0,6.25,0.49,1.36,17.8125,17.6875,17.25,17.15625,0.4,12.0,76.0,0.0
4.25059,0x2B0,0.0,0.0,1.0,6.25,0.49,1.36,17.8125,17.6875,17.25,17.15625,0.2,24.0,76.0,0.0
4.25592,0x220,0.0,0.0,1.0,6.25,0.9,0.91,17.8125,17.6875,17.25,17.15625,0.2,24.0,76.0,0.0
4.25742,0x316,0.0,0.0,1.0,6.25,0.9,0.91,17.8125,17.6875,17.25,17.15625,0.2,24.0,73.0,0.0
4.26056,0x2B0,0.0,0.0,1.0,6.25,0.9,0.91,17.8125,17.6875,17.25,17.15625,0.0,20.0,73.0,0.0
4.26586,0x220,0.0,0.0,1.0,6.25,1.14,0.52,17.8125,17.6875,17.25,17.15625,0.0,20.0,73.0,0.0
4.26609,0x386,0.0,0.0,1.0,6.25,1.14,0.52,17.65625,17.8125,16.96875,17.09375,0.0,20.0,73.0,0.0
4.26766,0x316,0.0,0.0,1.0,6.25,1.14,0.52,17.65625,17.8125,16.96875,17.09375,0.0,20.0,71.0,0.0
4.27052,0x2B0,0.0,0.0,1.0,6.25,1.14,0.52,17.65625,17.8125,16.96875,17.09375,0.0,8.0,71.0,0.0
4.27593,0x220,0.0,0.0,1.0,6.25,1.02,0.43,17.65625,17.8125,16.96875,17.09375,0.0,8.0,71.0,0.0
4.27778,0x316,0.0,0.0,1.0,6.25,1.02,0.43,17.65625,17.8125,16.96875,17.09375,0.0,8.0,71.0,0.0
4.28054,0x2B0,0.0,0.0,1.0,6.25,1.02,0.43,17.65625,17.8125,16.96875,17.09375,-0.3,12.0,71.0,0.0
4.28587,0x220,0.0,0.0,1.0,6.25,0.61,0.53,17.65625,17.8125,16.96875,17.09375,-0.3,12.0,71.0,0.0
4.28609,0x386,0.0,0.0,1.0,6.25,0.61,0.53,17.8125,17.625,16.25,17.03125,-0.3,12.0,71.0,0.0
4.28749,0x316,0.0,0.0,1.0,6.25,0.61,0.53,17.8125,17.625,16.25,17.03125,-0.3,12.0,68.0,0.0
4.29054,0x2B0,0.0,0.0,1.0,6.25,0.61,0.53,17.8125,17.625,16.25,17.03125,-0.3,12.0,68.0,0.0
4.29594,0x220,0.0,0.0,1.0,6.25,0.15,0.77,17.8125,17.625,16.25,17.03125,-0.3,12.0,68.0,0.0
4.29751,0x316,0.0,0.0,1.0,6.25,0.15,0.77,17.8125,17.625,16.25,17.03125,-0.3,12.0,68.0,0.0
4.30055,0x2B0,0.0,0.0,1.0,6.25,0.15,0.77,17.8125,17.625,16.25,17.03125,-0.6,12.0,68.0,0.0
4.30595,0x220,0.0,0.0,1.0,6.25,-0.12,1.02,17.8125,17.625,16.25,17.03125,-0.6,12.0,68.0,0.0
4.30618,0x386,0.0,0.0,1.0,6.25,-0.12,1.02,17.5625,17.5625,16.0625,16.6875,-0.6,12.0,68.0,0.0
4.30742,0x316,0.0,0.0,1.0,6.25,-0.12,1.02,17.5625,17.5625,16.0625,16.6875,-0.6,12.0,68.0,0.0
4.31053,0x2B0,0.0,0.0,1.0,6.25,-0.12,1.02,17.5625,17.5625,16.0625,16.6875,-0.8,24.0,68.0,0.0
4.31596,0x220,0.0,0.0,1.0,6.25,0.01,0.87,17.5625,17.5625,16.0625,16.6875,-0.8,24.0,68.0,0.0
4.31742,0x316,0.0,0.0,1.0,6.25,0.01,0.87,17.5625,17.5625,16.0625,16.6875,-0.8,24.0,68.0,0.0
4.32056,0x2B0,0.0,0.0,1.0,6.25,0.01,0.87,17.5625,17.5625,16.0625,16.6875,-0.8,8.0,68.0,0.0
4.32587,0x220,0.0,0.0,1.0,6.25,0.56,0.38,17.5625,17.5625,16.0625,16.6875,-0.8,8.0,68.0,0.0
4.3261,0x386,0.0,0.0,1.0,6.25,0.56,0.38,17.5,17.53125,16.8125,16.59375,-0.8,8.0,68.0,0.0
4.3275,0x316,0.0,0.0,1.0,6.25,0.56,0.38,17.5,17.53125,16.8125,16.59375,-0.8,8.0,71.0,0.0
4.33054,0x2B0,0.0,0.0,1.0,6.25,0.56,0.38,17.5,17.53125,16.8125,16.59375,-1.0,8.0,71.0,0.0
4.33596,0x220,0.0,0.0,1.0,6.25,1.22,0.17,17.5,17.53125,16.8125,16.59375,-1.0,8.0,71.0,0.0
4.33741,0x316,0.0,0.0,1.0,6.25,1.22,0.17,17.5,17.53125,16.8125,16.59375,-1.0,8.0,73.0,0.0
4.34054,0x2B0,0.0,0.0,1.0,6.25,1.22,0.17,17.5,17.53125,16.8125,16.59375,-1.1,12.0,73.0,0.0
4.34587,0x220,0.0,0.0,1.0,6.25,1.79,0.44,17.5,17.53125,16.8125,16.59375,-1.1,12.0,73.0,0.0
4.3461,0x386,0.0,0.0,1.0,6.25,1.79,0.44,17.40625,17.46875,16.71875,17.21875,-1.1,12.0,73.0,0.0
4.34739,0x316,0.0,0.0,1.0,6.25,1.79,0.44,17.40625,17.46875,16.71875,17.21875,-1.1,12.0,73.0,0.0
4.35057,0x2B0,0.0,0.0,1.0,6.25,1.79,0.44,17.40625,17.46875,16.71875,17.21875,-1.1,0.0,73.0,0.0
4.35596,0x220,0.0,0.0,1.0,6.25,2.33,0.83,17.40625,17.46875,16.71875,17.21875,-1.1,0.0,73.0,0.0
4.35742,0x316,0.0,0.0,1.0,6.25,2.33,0.83,17.40625,17.46875,16.71875,17.21875,-1.1,0.0,73.0,0.0
4.36057,0x2B0,0.0,0.0,1.0,6.25,2.33,0.83,17.40625,17.46875,16.71875,17.21875,-1.3,8.0,73.0,0.0
4.36586,0x220,0.0,0.0,1.0,6.25,2.67,0.79,17.40625,17.46875,16.71875,17.21875,-1.3,8.0,73.0,0.0
4.36609,0x386,0.0,0.0,1.0,6.25,2.67,0.79,17.25,17.5625,16.75,17.09375,-1.3,8.0,73.0,0.0
4.36779,0x316,0.0,0.0,1.0,6.25,2.67,0.79,17.25,17.5625,16.75,17.09375,-1.3,8.0,73.0,0.0
4.37058,0x2B0,0.0,0.0,1.0,6.25,2.67,0.79,17.25,17.5625,16.75,17.09375,-1.3,8.0,73.0,0.0
4.37597,0x220,0.0,0.0,1.0,6.25,2.78,0.24,17.25,17.5625,16.75,17.09375,-1.3,8.0,73.0,0.0
4.37763,0x316,0.0,0.0,1.0,6.25,2.78,0.24,17.25,17.5625,16.75,17.09375,-1.3,8.0,73.0,0.0
4.38059,0x2B0,0.0,0.0,1.0,6.25,2.78,0.24,17.25,17.5625,16.75,17.09375,-1.3,0.0,73.0,0.0
4.38587,0x220,0.0,0.0,1.0,6.25,2.63,-0.38,17.25,17.5625,16.75,17.09375,-1.3,0.0,73.0,0.0
4.3861,0x386,0.0,0.0,1.0,6.25,2.63,-0.38,17.3125,17.125,16.90625,16.90625,-1.3,0.0,73.0,0.0
4.3874,0x316,0.0,0.0,1.0,6.25,2.63,-0.38,17.3125,17.125,16.90625,16.90625,-1.3,0.0,68.0,0.0
4.39058,0x2B0,0.0,0.0,1.0,6.25,2.63,-0.38,17.3125,17.125,16.90625,16.90625,-1.4,0.0,68.0,0.0
4.39597,0x220,0.0,0.0,1.0,6.25,2.34,-0.45,17.3125,17.125,16.90625,16.90625,-1.4,0.0,68.0,0.0
4.39753,0x316,0.0,0.0,1.0,6.25,2.34,-0.45,17.3125,17.125,16.90625,16.90625,-1.4,0.0,68.0,0.0
4.40055,0x2B0,0.0,0.0,1.0,6.25,2.34,-0.45,17.3125,17.125,16.90625,16.90625,-1.4,0.0,68.0,0.0
4.40587,0x220,0.0,0.0,1.0,6.25,2.14,-0.02,17.3125,17.125,16.90625,16.90625,-1.4,0.0,68.0,0.0
4.4061,0x386,0.0,0.0,1.0,6.25,2.14,-0.02,17.15625,17.40625,16.90625,16.96875,-1.4,0.0,68.0,0.0
4.40752,0x316,0.0,0.0,1.0,6.25,2.14,-0.02,17.15625,17.40625,16.90625,16.96875,-1.4,0.0,66.0,0.0
4.41054,0x2B0,0.0,0.0,1.0,6.25,2.14,-0.02,17.15625,17.40625,16.90625,16.96875,-1.4,0.0,66.0,0.0
4.41598,0x220,0.0,0.0,1.0,6.25,2.16,0.12,17.15625,17.40625,16.90625,16.96875,-1.4,0.0,66.0,0.0
4.41744,0x316,0.0,0.0,1.0,6.25,2.16,0.12,17.15625,17.40625,16.90625,16.96875,-1.4,0.0,66.0,0.0
4.42056,0x2B0,0.0,0.0,1.0,6.25,2.16,0.12,17.15625,17.40625,16.90625,16.96875,-1.4,0.0,66.0,0.0
4.42588,0x220,0.0,0.0,1.0,6.25,2.31,-0.27,17.15625,17.40625,16.90625,16.96875,-1.4,0.0,66.0,0.0
4.4261,0x386,0.0,0.0,1.0,6.25,2.31,-0.27,17.0625,17.09375,16.5625,17.21875,-1.4,0.0,66.0,0.0
4.42742,0x316,0.0,0.0,1.0,6.25,2.31,-0.27,17.0625,17.09375,16.5625,17.21875,-1.4,0.0,66.0,0.0
4.43055,0x2B0,0.0,0.0,1.0,6.25,2.31,-0.27,17.0625,17.09375,16.5625,17.21875,-1.4,0.0,66.0,0.0
4.43597,0x220,0.0,0.0,1.0,6.25,2.41,-0.77,17.0625,17.09375,16.5625,17.21875,-1.4,0.0,66.0,0.0
4.43741,0x316,0.0,0.0,1.0,6.25,2.41,-0.77,17.0625,17.09375,16.5625,17.21875,-1.4,0.0,66.0,0.0
4.44053,0x2B0,0.0,0.0,1.0,6.25,2.41,-0.77,17.0625,17.09375,16.5625,17.21875,-1.4,0.0,66.0,0.0
4.44587,0x220,0.0,0.0,1.0,6.25,2.51,-0.75,17.0625,17.09375,16.5625,17.21875,-1.4,0.0,66.0,0.0
4.4461,0x386,0.0,0.0,1.0,6.25,2.51,-0.75,17.0625,16.96875,16.28125,16.8125,-1.4,0.0,66.0,0.0
4.44747,0x316,0.0,0.0,1.0,6.25,2.51,-0.75,17.0625,16.96875,16.28125,16.8125,-1.4,0.0,71.0,0.0
4.45055,0x2B0,0.0,0.0,1.0,6.25,2.51,-0.75,17.0625,16.96875,16.28125,16.8125,-1.4,0.0,71.0,0.0
4.456,0x220,0.0,0.0,1.0,6.25,2.66,-0.43,17.0625,16.96875,16.28125,16.8125,-1.4,0.0,71.0,0.0
4.45746,0x316,0.0,0.0,1.0,6.25,2.66,-0.43,17.0625,16.96875,16.28125,16.8125,-1.4,0.0,79.0,0.0
4.46055,0x2B0,0.0,0.0,1.0,6.25,2.66,-0.43,17.0625,16.96875,16.28125,16.8125,-1.4,0.0,79.0,0.0
4.46587,0x220,0.0,0.0,1.0,6.25,2.81,-0.25,17.0625,16.96875,16.28125,16.8125,-1.4,0.0,79.0,0.0
4.4661,0x386,0.0,0.0,1.0,6.25,2.81,-0.25,17.0,17.125,16.90625,16.71875,-1.4,0.0,79.0,0.0
4.46766,0x316,0.0,0.0,1.0,6.25,2.81,-0.25,17.0,17.125,16.90625,16.71875,-1.4,0.0,86.0,0.0
4.47055,0x2B0,0.0,0.0,1.0,6.25,2.81,-0.25,17.0,17.125,16.90625,16.71875,-1.4,0.0,86.0,0.0
4.47601,0x220,0.0,0.0,1.0,6.25,2.8,-0.24,17.0,17.125,16.90625,16.71875,-1.4,0.0,86.0,0.0
4.4776,0x316,0.0,0.0,1.0,6.25,2.8,-0.24,17.0,17.125,16.90625,16.71875,-1.4,0.0,86.0,0.0
4.48054,0x2B0,0.0,0.0,1.0,6.25,2.8,-0.24,17.0,17.125,16.90625,16.71875,-1.4,0.0,86.0,0.0
4.48588,0x220,0.0,0.0,1.0,6.25,2.64,-0.28,17.0,17.125,16.90625,16.71875,-1.4,0.0,86.0,0.0
4.4861,0x386,0.0,0.0,1.0,6.25,2.64,-0.28,16.9375,17.0,16.71875,16.65625,-1.4,0.0,86.0,0.0
4.48748,0x316,0.0,0.0,1.0,6.25,2.64,-0.28,16.9375,17.0,16.71875,16.65625,-1.4,0.0,101.0,0.0
4.49054,0x2B0,0.0,0.0,1.0,6.25,2.64,-0.28,16.9375,17.0,16.71875,16.65625,-1.4,0.0,101.0,0.0
4.49601,0x220,0.0,0.0,1.0,6.25,2.46,-0.25,16.9375,17.0,16.71875,16.65625,-1.4,0.0,101.0,0.0
4.49758,0x316,0.0,0.0,1.0,6.25,2.46,-0.25,16.9375,17.0,16.71875,16.65625,-1.4,0.0,104.0,0.0
4.50055,0x2B0,0.0,0.0,1.0,6.25,2.46,-0.25,16.9375,17.0,16.71875,16.65625,-1.4,0.0,104.0,0.0
4.50602,0x220,0.0,0.0,1.0,6.25,2.37,-0.39,16.9375,17.0,16.71875,16.65625,-1.4,0.0,104.0,0.0
4.50625,0x386,0.0,0.0,1.0,6.25,2.37,-0.39,16.875,16.96875,16.9375,16.90625,-1.4,0.0,104.0,0.0
4.50738,0x316,0.0,0.0,1.0,6.25,2.37,-0.39,16.875,16.96875,16.9375,16.90625,-1.4,0.0,107.0,0.0
4.51053,0x2B0,0.0,0.0,1.0,6.25,2.37,-0.39,16.875,16.96875,16.9375,16.90625,-1.4,0.0,107.0,0.0
4.51601,0x220,0.0,0.0,1.0,6.25,2.39,-0.68,16.875,16.96875,16.9375,16.90625,-1.4,0.0,107.0,0.0
4.51738,0x316,0.0,0.0,1.0,6.25,2.39,-0.68,16.875,16.96875,16.9375,16.90625,-1.4,0.0,107.0,0.0
4.52048,0x2B0,0.0,0.0,1.0,6.25,2.39,-0.68,16.875,16.96875,16.9375,16.90625,-1.4,0.0,107.0,0.0
4.52588,0x220,0.0,0.0,1.0,6.25,2.46,-0.87,16.875,16.96875,16.9375,16.90625,-1.4,0.0,107.0,0.0
4.52611,0x386,0.0,0.0,1.0,6.25,2.46,-0.87,17.09375,16.9375,16.75,16.84375,-1.4,0.0,107.0,0.0
4.52745,0x316,0.0,0.0,1.0,6.25,2.46,-0.87,17.09375,16.9375,16.75,16.84375,-1.4,0.0,107.0,0.0
4.53051,0x2B0,0.0,0.0,1.0,6.25,2.46,-0.87,17.09375,16.9375,16.75,16.84375,-1.4,0.0,107.0,0.0
4.53602,0x220,0.0,0.0,1.0,6.25,2.53,-0.73,17.09375,16.9375,16.75,16.84375,-1.4,0.0,107.0,0.0
4.53742,0x316,0.0,0.0,1.0,6.25,2.53,-0.73,17.09375,16.9375,16.75,16.84375,-1.4,0.0,107.0,0.0
4.5406,0x2B0,0.0,0.0,1.0,6.25,2.53,-0.73,17.09375,16.9375,16.75,16.84375,-1.4,0.0,107.0,0.0
4.54588,0x220,0.0,0.0,1.0,6.25,2.5,-0.53,17.09375,16.9375,16.75,16.84375,-1.4,0.0,107.0,0.0
4.54611,0x386,0.0,0.0,1.0,6.25,2.5,-0.53,16.8125,16.78125,16.625,16.875,-1.4,0.0,107.0,0.0
4.54739,0x316,0.0,0.0,1.0,6.25,2.5,-0.53,16.8125,16.78125,16.625,16.875,-1.4,0.0,101.0,0.0
4.55053,0x2B0,0.0,0.0,1.0,6.25,2.5,-0.53,16.8125,16.78125,16.625,16.875,-1.3,0.0,101.0,0.0
4.55602,0x220,0.0,0.0,1.0,6.25,2.27,-0.6,16.8125,16.78125,16.625,16.875,-1.3,0.0,101.0,0.0
4.5574,0x316,0.0,0.0,1.0,6.25,2.27,-0.6,16.8125,16.78125,16.625,16.875,-1.3,0.0,99.0,0.0
4.56049,0x2B0,0.0,0.0,1.0,6.25,2.27,-0.6,16.8125,16.78125,16.625,16.875,-1.3,0.0,99.0,0.0
4.56587,0x220,0.0,0.0,1.0,6.25,1.88,-0.7,16.8125,16.78125,16.625,16.875,-1.3,0.0,99.0,0.0
4.56611,0x386,0.0,0.0,1.0,6.25,1.88,-0.7,17.0625,16.96875,16.6875,16.78125,-1.3,0.0,99.0,0.0
4.56779,0x316,0.0,0.0,1.0,6.25,1.88,-0.7,17.0625,16.96875,16.6875,16.78125,-1.3,0.0,96.0,0.0
4.5705,0x2B0,0.0,0.0,1.0,6.25,1.88,-0.7,17.0625,16.96875,16.6875,16.78125,-1.3,0.0,96.0,0.0
4.57603,0x220,0.0,0.0,1.0,6.25,1.5,-0.64,17.0625,16.96875,16.6875,16.78125,-1.3,0.0,96.0,0.0
4.57769,0x316,0.0,0.0,1.0,6.25,1.5,-0.64,17.0625,16.96875,16.6875,16.78125,-1.3,0.0,96.0,0.0
4.5805,0x2B0,0.0,0.0,1.0,6.25,1.5,-0.64,17.0625,16.96875,16.6875,16.78125,-1.3,0.0,96.0,0.0
4.58587,0x220,0.0,0.0,1.0,6.25,1.34,-0.43,17.0625,16.96875,16.6875,16.78125,-1.3,0.0,96.0,0.0
4.5861,0x386,0.0,0.0,1.0,6.25,1.34,-0.43,17.0625,16.96875,16.65625,16.78125,-1.3,0.0,96.0,0.0
4.58738,0x316,0.0,0.0,1.0,6.25,1.34,-0.43,17.0625,16.96875,16.65625,16.78125,-1.3,0.0,96.0,0.0
4.59049,0x2B0,0.0,0.0,1.0,6.25,1.34,-0.43,17.0625,16.96875,16.65625,16.78125,-1.3,0.0,96.0,0.0
4.59603,0x220,0.0,0.0,1.0,6.25,1.39,-0.25,17.0625,16.96875,16.65625,16.78125,-1.3,0.0,96.0,0.0
4.59752,0x316,0.0,0.0,1.0,6.25,1.39,-0.25,17.0625,16.96875,16.65625,16.78125,-1.3,0.0,96.0,0.0
4.60049,0x2B0,0.0,0.0,1.0,6.25,1.39,-0.25,17.0625,16.96875,16.65625,16.78125,-1.3,0.0,96.0,0.0
4.60591,0x220,0.0,0.0,1.0,6.25,1.42,-0.29,17.0625,16.96875,16.65625,16.78125,-1.3,0.0,96.0,0.0
4.60614,0x386,0.0,0.0,1.0,6.25,1.42,-0.29,16.96875,17.03125,16.5,16.09375,-1.3,0.0,96.0,0.0
4.60749,0x316,0.0,0.0,1.0,6.25,1.42,-0.29,16.96875,17.03125,16.5,16.09375,-1.3,0.0,99.0,0.0
4.6105,0x2B0,0.0,0.0,1.0,6.25,1.42,-0.29,16.96875,17.03125,16.5,16.09375,-1.3,0.0,99.0,0.0
4.61606,0x220,0.0,0.0,1.0,6.25,1.29,-0.48,16.96875,17.03125,16.5,16.09375,-1.3,0.0,99.0,0.0
4.61745,0x316,0.0,0.0,1.0,6.25,1.29,-0.48,16.96875,17.03125,16.5,16.09375,-1.3,0.0,101.0,0.0
4.62049,0x2B0,0.0,0.0,1.0,6.25,1.29,-0.48,16.96875,17.03125,16.5,16.09375,-1.3,0.0,101.0,0.0
4.62588,0x220,0.0,0.0,1.0,6.25,1.07,-0.55,16.96875,17.03125,16.5,16.09375,-1.3,0.0,101.0,0.0
4.62611,0x386,0.0,0.0,1.0,6.25,1.07,-0.55,17.0,17.0625,16.4375,15.78125,-1.3,0.0,101.0,0.0
4.62737,0x316,0.0,0.0,1.0,6.25,1.07,-0.55,17.0,17.0625,16.4375,15.78125,-1.3,0.0,107.0,0.0
4.63052,0x2B0,0.0,0.0,1.0,6.25,1.07,-0.55,17.0,17.0625,16.4375,15.78125,-1.3,0.0,107.0,0.0
4.63606,0x220,0.0,0.0,1.0,6.25,0.8,-0.46,17.0,17.0625,16.4375,15.78125,-1.3,0.0,107.0,0.0
4.6374,0x316,0.0,0.0,1.0,6.25,0.8,-0.46,17.0,17.0625,16.4375,15.78125,-1.3,0.0,109.0,0.0
4.64051,0x2B0,0.0,0.0,1.0,6.25,0.8,-0.46,17.0,17.0625,16.4375,15.78125,-1.3,0.0,109.0,0.0
4.64587,0x220,0.0,0.0,1.0,6.25,0.62,-0.25,17.0,17.0625,16.4375,15.78125,-1.3,0.0,109.0,0.0
4.6461,0x386,0.0,0.0,1.0,6.25,0.62,-0.25,17.09375,17.03125,16.15625,15.90625,-1.3,0.0,109.0,0.0
4.64745,0x316,0.0,0.0,1.0,6.25,0.62,-0.25,17.09375,17.03125,16.15625,15.90625,-1.3,0.0,109.0,0.0
4.65055,0x2B0,0.0,0.0,1.0,6.25,0.62,-0.25,17.09375,17.03125,16.15625,15.90625,-1.3,0.0,109.0,0.0
4.65607,0x220,0.0,0.0,1.0,6.25,0.66,-0.19,17.09375,17.03125,16.15625,15.90625,-1.3,0.0,109.0,0.0
4.65748,0x316,0.0,0.0,1.0,6.25,0.66,-0.19,17.09375,17.03125,16.15625,15.90625,-1.3,0.0,109.0,0.0
4.66052,0x2B0,0.0,0.0,1.0,6.25,0.66,-0.19,17.09375,17.03125,16.15625,15.90625,-1.2,0.0,109.0,0.0
4.66587,0x220,0.0,0.0,1.0,6.25,0.91,-0.38,17.09375,17.03125,16.15625,15.90625,-1.2,0.0,109.0,0.0
4.6661,0x386,0.0,0.0,1.0,6.25,0.91,-0.38,17.09375,17.125,16.34375,16.53125,-1.2,0.0,109.0,0.0
4.66765,0x316,0.0,0.0,1.0,6.25,0.91,-0.38,17.09375,17.125,16.34375,16.53125,-1.2,0.0,104.0,0.0
4.67049,0x2B0,0.0,0.0,1.0,6.25,0.91,-0.38,17.09375,17.125,16.34375,16.53125,-1.2,0.0,104.0,0.0
4.67607,0x220,0.0,0.0,1.0,6.25,1.13,-0.55,17.09375,17.125,16.34375,16.53125,-1.2,0.0,104.0,0.0
4.67761,0x316,0.0,0.0,1.0,6.25,1.13,-0.55,17.09375,17.125,16.34375,16.53125,-1.2,0.0,104.0,0.0
4.68057,0x2B0,0.0,0.0,1.0,6.25,1.13,-0.55,17.09375,17.125,16.34375,16.53125,-1.2,0.0,104.0,0.0
4.68588,0x220,0.0,0.0,1.0,6.25,1.13,-0.36,17.09375,17.125,16.34375,16.53125,-1.2,0.0,104.0,0.0
4.68611,0x386,0.0,0.0,1.0,6.25,1.13,-0.36,17.09375,16.78125,16.3125,16.0625,-1.2,0.0,104.0,0.0
4.68745,0x316,0.0,0.0,1.0,6.25,1.13,-0.36,17.09375,16.78125,16.3125,16.0625,-1.2,0.0,89.0,0.0
4.69054,0x2B0,0.0,0.0,1.0,6.25,1.13,-0.36,17.09375,16.78125,16.3125,16.0625,-1.2,0.0,89.0,0.0
4.69608,0x220,0.0,0.0,1.0,6.25,1.0,0.06,17.09375,16.78125,16.3125,16.0625,-1.2,0.0,89.0,0.0
4.69757,0x316,0.0,0.0,1.0,6.25,1.0,0.06,17.09375,16.78125,16.3125,16.0625,-1.2,0.0,81.0,0.0
4.70056,0x2B0,0.0,0.0,1.0,6.25,1.0,0.06,17.09375,16.78125,16.3125,16.0625,-1.4,8.0,81.0,0.0
4.70608,0x220,0.0,0.0,1.0,6.25,0.82,0.32,17.09375,16.78125,16.3125,16.0625,-1.4,8.0,81.0,0.0
4.70631,0x386,0.0,0.0,1.0,6.25,0.82,0.32,16.96875,16.90625,15.96875,16.09375,-1.4,8.0,81.0,0.0
4.70738,0x316,0.0,0.0,1.0,6.25,0.82,0.32,16.96875,16.90625,15.96875,16.09375,-1.4,8.0,76.0,0.0
4.71053,0x2B0,0.0,0.0,1.0,6.25,0.82,0.32,16.96875,16.90625,15.96875,16.09375,-1.4,8.0,76.0,0.0
4.71608,0x220,0.0,0.0,1.0,6.25,0.53,0.22,16.96875,16.90625,15.96875,16.09375,-1.4,8.0,76.0,0.0
4.71738,0x316,0.0,0.0,1.0,6.25,0.53,0.22,16.96875,16.90625,15.96875,16.09375,-1.4,8.0,71.0,0.0
4.72055,0x2B0,0.0,0.0,1.0,6.25,0.53,0.22,16.96875,16.90625,15.96875,16.09375,-1.7,12.0,71.0,0.0
4.72589,0x220,0.0,0.0,1.0,6.25,0.14,-0.02,16.96875,16.90625,15.96875,16.09375,-1.7,12.0,71.0,0.0
4.72612,0x386,0.0,0.0,1.0,6.25,0.14,-0.02,16.78125,16.71875,15.9375,16.5,-1.7,12.0,71.0,0.0
4.72739,0x316,0.0,0.0,1.0,6.25,0.14,-0.02,16.78125,16.71875,15.9375,16.5,-1.7,12.0,68.0,0.0
4.73054,0x2B0,0.0,0.0,1.0,6.25,0.14,-0.02,16.78125,16.71875,15.9375,16.5,-1.7,12.0,68.0,0.0
4.73609,0x220,0.0,0.0,1.0,6.25,-0.2,-0.14,16.78125,16.71875,15.9375,16.5,-1.7,12.0,68.0,0.0
4.73746,0x316,0.0,0.0,1.0,6.25,-0.2,-0.14,16.78125,16.71875,15.9375,16.5,-1.7,12.0,68.0,0.0
4.74053,0x2B0,0.0,0.0,1.0,6.25,-0.2,-0.14,16.78125,16.71875,15.9375,16.5,-1.9,8.0,68.0,0.0
4.74588,0x220,0.0,0.0,1.0,6.25,-0.36,-0.06,16.78125,16.71875,15.9375,16.5,-1.9,8.0,68.0,0.0
4.74611,0x386,0.0,0.0,1.0,6.25,-0.36,-0.06,16.84375,16.71875,16.4375,16.53125,-1.9,8.0,68.0,0.0
4.74737,0x316,0.0,0.0,1.0,6.25,-0.36,-0.06,16.84375,16.71875,16.4375,16.53125,-1.9,8.0,71.0,0.0
4.75053,0x2B0,0.0,0.0,1.0,6.25,-0.36,-0.06,16.84375,16.71875,16.4375,16.53125,-1.9,8.0,71.0,0.0
4.75609,0x220,0.0,0.0,1.0,6.25,-0.42,0.16,16.84375,16.71875,16.4375,16.53125,-1.9,8.0,71.0,0.0
4.75742,0x316,0.0,0.0,1.0,6.25,-0.42,0.16,16.84375,16.71875,16.4375,16.53125,-1.9,8.0,73.0,0.0
4.76051,0x2B0,0.0,0.0,1.0,6.25,-0.42,0.16,16.84375,16.71875,16.4375,16.53125,-2.1,8.0,73.0,0.0
4.76589,0x220,0.0,0.0,1.0,6.25,-0.41,0.56,16.84375,16.71875,16.4375,16.53125,-2.1,8.0,73.0,0.0
4.76612,0x386,0.0,0.0,1.0,6.25,-0.41,0.56,16.625,16.65625,16.4375,16.5,-2.1,8.0,73.0,0.0
4.7677,0x316,0.0,0.0,1.0,6.25,-0.41,0.56,16.625,16.65625,16.4375,16.5,-2.1,8.0,79.0,0.0
4.77053,0x2B0,0.0,0.0,1.0,6.25,-0.41,0.56,16.625,16.65625,16.4375,16.5,-2.1,8.0,79.0,0.0
4.77601,0x220,0.0,0.0,1.0,6.25,-0.33,0.81,16.625,16.65625,16.4375,16.5,-2.1,8.0,79.0,0.0
4.77772,0x316,0.0,0.0,1.0,6.25,-0.33,0.81,16.625,16.65625,16.4375,16.5,-2.1,8.0,79.0,0.0
4.78054,0x2B0,0.0,0.0,1.0,6.25,-0.33,0.81,16.625,16.65625,16.4375,16.5,-2.2,0.0,79.0,0.0
4.78588,0x220,0.0,0.0,1.0,6.25,-0.17,0.85,16.625,16.65625,16.4375,16.5,-2.2,0.0,79.0,0.0
4.78611,0x386,0.0,0.0,1.0,6.25,-0.17,0.85,16.5625,16.65625,15.96875,16.375,-2.2,0.0,79.0,0.0
4.78739,0x316,0.0,0.0,1.0,6.25,-0.17,0.85,16.5625,16.65625,15.96875,16.375,-2.2,0.0,86.0,0.0
4.79048,0x2B0,0.0,0.0,1.0,6.25,-0.17,0.85,16.5625,16.65625,15.96875,16.375,-2.2,0.0,86.0,0.0
4.79611,0x220,0.0,0.0,1.0,6.25,0.13,0.84,16.5625,16.65625,15.96875,16.375,-2.2,0.0,86.0,0.0
4.79753,0x316,0.0,0.0,1.0,6.25,0.13,0.84,16.5625,16.65625,15.96875,16.375,-2.2,0.0,89.0,0.0
4.80048,0x2B0,0.0,0.0,1.0,6.25,0.13,0.84,16.5625,16.65625,15.96875,16.375,-2.2,0.0,89.0,0.0
4.80598,0x220,0.0,0.0,1.0,6.25,0.51,0.81,16.5625,16.65625,15.96875,16.375,-2.2,0.0,89.0,0.0
4.80621,0x386,0.0,0.0,1.0,6.25,0.51,0.81,16.5625,16.53125,16.0,16.21875,-2.2,0.0,89.0,0.0
4.80742,0x316,0.0,0.0,1.0,6.25,0.51,0.81,16.5625,16.53125,16.0,16.21875,-2.2,0.0,91.0,0.0
4.81054,0x2B0,0.0,0.0,1.0,6.25,0.51,0.81,16.5625,16.53125,16.0,16.21875,-2.2,0.0,91.0,0.0
4.81612,0x220,0.0,0.0,1.0,6.25,0.88,0.79,16.5625,16.53125,16.0,16.21875,-2.2,0.0,91.0,0.0
4.81747,0x316,0.0,0.0,1.0,6.25,0.88,0.79,16.5625,16.53125,16.0,16.21875,-2.2,0.0,91.0,0.0
4.82052,0x2B0,0.0,0.0,1.0,6.25,0.88,0.79,16.5625,16.53125,16.0,16.21875,-2.2,0.0,91.0,0.0
4.82589,0x220,0.0,0.0,1.0,6.25,1.17,0.87,16.5625,16.53125,16.0,16.21875,-2.2,0.0,91.0,0.0
4.82612,0x386,0.0,0.0,1.0,6.25,1.17,0.87,16.5625,16.5,16.21875,16.1875,-2.2,0.0,91.0,0.0
4.82737,0x316,0.0,0.0,1.0,6.25,1.17,0.87,16.5625,16.5,16.21875,16.1875,-2.2,0.0,91.0,0.0
4.83052,0x2B0,0.0,0.0,1.0,6.25,1.17,0.87,16.5625,16.5,16.21875,16.1875,-2.2,0.0,91.0,0.0
4.83612,0x220,0.0,0.0,1.0,6.25,1.26,0.94,16.5625,16.5,16.21875,16.1875,-2.2,0.0,91.0,0.0
4.83742,0x316,0.0,0.0,1.0,6.25,1.26,0.94,16.5625,16.5,16.21875,16.1875,-2.2,0.0,91.0,0.0
4.84052,0x2B0,0.0,0.0,1.0,6.25,1.26,0.94,16.5625,16.5,16.21875,16.1875,-2.2,0.0,91.0,0.0
4.84588,0x220,0.0,0.0,1.0,6.25,1.18,0.84,16.5625,16.5,16.21875,16.1875,-2.2,0.0,91.0,0.0
4.84612,0x386,0.0,0.0,1.0,6.25,1.18,0.84,16.65625,16.46875,16.1875,16.09375,-2.2,0.0,91.0,0.0
4.84737,0x316,0.0,0.0,1.0,6.25,1.18,0.84,16.65625,16.46875,16.1875,16.09375,-2.2,0.0,91.0,0.0
4.85051,0x2B0,0.0,0.0,1.0,6.25,1.18,0.84,16.65625,16.46875,16.1875,16.09375,-2.2,0.0,91.0,0.0
4.85589,0x220,0.0,0.0,1.0,6.25,1.12,0.58,16.65625,16.46875,16.1875,16.09375,-2.2,0.0,91.0,0.0
4.85756,0x316,0.0,0.0,1.0,6.25,1.12,0.58,16.65625,16.46875,16.1875,16.09375,-2.2,0.0,91.0,0.0
4.86052,0x2B0,0.0,0.0,1.0,6.25,1.12,0.58,16.65625,16.46875,16.1875,16.09375,-2.2,0.0,91.0,0.0
4.86588,0x220,0.0,0.0,1.0,6.25,1.19,0.22,16.65625,16.46875,16.1875,16.09375,-2.2,0.0,91.0,0.0
4.86612,0x386,0.0,0.0,1.0,6.25,1.19,0.22,16.4375,16.53125,16.15625,16.0,-2.2,0.0,91.0,0.0
4.86767,0x316,0.0,0.0,1.0,6.25,1.19,0.22,16.4375,16.53125,16.15625,16.0,-2.2,0.0,89.0,0.0
4.87052,0x2B0,0.0,0.0,1.0,6.25,1.19,0.22,16.4375,16.53125,16.15625,16.0,-2.2,0.0,89.0,0.0
4.87588,0x220,0.0,0.0,1.0,6.25,1.47,-0.11,16.4375,16.53125,16.15625,16.0,-2.2,0.0,89.0,0.0
4.87778,0x316,0.0,0.0,1.0,6.25,1.47,-0.11,16.4375,16.53125,16.15625,16.0,-2.2,0.0,89.0,0.0
4.88053,0x2B0,0.0,0.0,1.0,6.25,1.47,-0.11,16.4375,16.53125,16.15625,16.0,-2.2,0.0,89.0,0.0
4.88589,0x220,0.0,0.0,1.0,6.25,1.86,-0.32,16.4375,16.53125,16.15625,16.0,-2.2,0.0,89.0,0.0
4.88613,0x386,0.0,0.0,1.0,6.25,1.86,-0.32,16.0625,16.46875,15.9375,16.0,-2.2,0.0,89.0,0.0
4.88737,0x316,0.0,0.0,1.0,6.25,1.86,-0.32,16.0625,16.46875,15.9375,16.0,-2.2,0.0,84.0,0.0
4.89053,0x2B0,0.0,0.0,1.0,6.25,1.86,-0.32,16.0625,16.46875,15.9375,16.0,-2.2,0.0,84.0,0.0
4.89589,0x220,0.0,0.0,1.0,6.25,2.36,-0.29,16.0625,16.46875,15.9375,16.0,-2.2,0.0,84.0,0.0
4.89768,0x316,0.0,0.0,1.0,6.25,2.36,-0.29,16.0625,16.46875,15.9375,16.0,-2.2,0.0,84.0,0.0
4.90053,0x2B0,0.0,0.0,1.0,6.25,2.36,-0.29,16.0625,16.46875,15.9375,16.0,-2.2,0.0,84.0,0.0
4.90589,0x220,0.0,0.0,1.0,6.25,2.72,-0.19,16.0625,16.46875,15.9375,16.0,-2.2,0.0,84.0,0.0
4.90613,0x386,0.0,0.0,1.0,6.25,2.72,-0.19,16.46875,16.375,15.75,16.09375,-2.2,0.0,84.0,0.0
4.90747,0x316,0.0,0.0,1.0,6.25,2.72,-0.19,16.46875,16.375,15.75,16.09375,-2.2,0.0,84.0,0.0
4.91052,0x2B0,0.0,0.0,1.0,6.25,2.72,-0.19,16.46875,16.375,15.75,16.09375,-2.2,0.0,84.0,0.0
4.9159,0x220,0.0,0.0,1.0,6.25,2.73,-0.23,16.46875,16.375,15.75,16.09375,-2.2,0.0,84.0,0.0
4.91742,0x316,0.0,0.0,1.0,6.25,2.73,-0.23,16.46875,16.375,15.75,16.09375,-2.2,0.0,84.0,0.0
4.92052,0x2B0,0.0,0.0,1.0,6.25,2.73,-0.23,16.46875,16.375,15.75,16.09375,-2.2,0.0,84.0,0.0
4.92591,0x220,0.0,0.0,1.0,6.25,2.41,-0.48,16.46875,16.375,15.75,16.09375,-2.2,0.0,84.0,0.0
4.92614,0x386,0.0,0.0,1.0,6.25,2.41,-0.48,16.375,16.40625,15.53125,15.90625,-2.2,0.0,84.0,0.0
4.92739,0x316,0.0,0.0,1.0,6.25,2.41,-0.48,16.375,16.40625,15.53125,15.90625,-2.2,0.0,84.0,0.0
4.93052,0x2B0,0.0,0.0,1.0,6.25,2.41,-0.48,16.375,16.40625,15.53125,15.90625,-2.2,0.0,84.0,0.0
4.93591,0x220,0.0,0.0,1.0,6.25,1.92,-0.73,16.375,16.40625,15.53125,15.90625,-2.2,0.0,84.0,0.0
4.93754,0x316,0.0,0.0,1.0,6.25,1.92,-0.73,16.375,16.40625,15.53125,15.90625,-2.2,0.0,84.0,0.0
4.94051,0x2B0,0.0,0.0,1.0,6.25,1.92,-0.73,16.375,16.40625,15.53125,15.90625,-2.2,0.0,84.0,0.0
4.94591,0x220,0.0,0.0,1.0,6.25,1.62,-0.69,16.375,16.40625,15.53125,15.90625,-2.2,0.0,84.0,0.0
4.94615,0x386,0.0,0.0,1.0,6.25,1.62,-0.69,16.3125,16.3125,15.96875,15.78125,-2.2,0.0,84.0,0.0
4.94745,0x316,0.0,0.0,1.0,6.25,1.62,-0.69,16.3125,16.3125,15.96875,15.78125,-2.2,0.0,84.0,0.0
4.95051,0x2B0,0.0,0.0,1.0,6.25,1.62,-0.69,16.3125,16.3125,15.96875,15.78125,-2.2,0.0,84.0,0.0
4.95592,0x220,0.0,0.0,1.0,6.25,1.68,-0.42,16.3125,16.3125,15.96875,15.78125,-2.2,0.0,84.0,0.0
4.95744,0x316,0.0,0.0,1.0,6.25,1.68,-0.42,16.3125,16.3125,15.96875,15.78125,-2.2,0.0,84.0,0.0
4.96051,0x2B0,0.0,0.0,1.0,6.25,1.68,-0.42,16.3125,16.3125,15.96875,15.78125,-2.2,0.0,84.0,0.0
4.96592,0x220,0.0,0.0,1.0,6.25,2.06,-0.16,16.3125,16.3125,15.96875,15.78125,-2.2,0.0,84.0,0.0
4.96615,0x386,0.0,0.0,1.0,6.25,2.06,-0.16,16.125,16.21875,15.65625,15.78125,-2.2,0.0,84.0,0.0
4.96765,0x316,0.0,0.0,1.0,6.25,2.06,-0.16,16.125,16.21875,15.65625,15.78125,-2.2,0.0,84.0,0.0
4.97052,0x2B0,0.0,0.0,1.0,6.25,2.06,-0.16,16.125,16.21875,15.65625,15.78125,-2.2,0.0,84.0,0.0
4.97593,0x220,0.0,0.0,1.0,6.25,2.6,-0.22,16.125,16.21875,15.65625,15.78125,-2.2,0.0,84.0,0.0
4.97773,0x316,0.0,0.0,1.0,6.25,2.6,-0.22,16.125,16.21875,15.65625,15.78125,-2.2,0.0,84.0,0.0
4.98046,0x2B0,0.0,0.0,1.0,6.25,2.6,-0.22,16.125,16.21875,15.65625,15.78125,-2.2,0.0,84.0,0.0
4.98593,0x220,0.0,0.0,1.0,6.25,2.95,-0.46,16.125,16.21875,15.65625,15.78125,-2.2,0.0,84.0,0.0
4.98616,0x386,0.0,0.0,1.0,6.25,2.95,-0.46,16.0625,16.09375,15.4375,15.4375,-2.2,0.0,84.0,0.0
4.98751,0x316,0.0,0.0,1.0,6.25,2.95,-0.46,16.0625,16.09375,15.4375,15.4375,-2.2,0.0,84.0,0.0
4.99049,0x2B0,0.0,0.0,1.0,6.25,2.95,-0.46,16.0625,16.09375,15.4375,15.4375,-2.2,0.0,84.0,0.0
4.99593,0x220,0.0,0.0,1.0,6.25,2.86,-0.68,16.0625,16.09375,15.4375,15.4375,-2.2,0.0,84.0,0.0
4.99756,0x316,0.0,0.0,1.0,6.25,2.86,-0.68,16.0625,16.09375,15.4375,15.4375,-2.2,0.0,81.0,0.0
5.0005,0x2B0,0.0,0.0,1.0,6.25,2.86,-0.68,16.0625,16.09375,15.4375,15.4375,-2.2,0.0,81.0,0.0
5.00593,0x220,0.0,0.0,1.0,6.25,2.4,-0.77,16.0625,16.09375,15.4375,15.4375,-2.2,0.0,81.0,0.0
5.00617,0x386,0.0,0.0,1.0,6.25,2.4,-0.77,16.125,16.03125,15.625,15.40625,-2.2,0.0,81.0,0.0
5.00742,0x316,0.0,0.0,1.0,6.25,2.4,-0.77,16.125,16.03125,15.625,15.40625,-2.2,0.0,81.0,0.0
5.01056,0x2B0,0.0,0.0,1.0,6.25,2.4,-0.77,16.125,16.03125,15.625,15.40625,-2.2,0.0,81.0,0.0
5.01594,0x220,0.0,0.0,1.0,6.25,1.84,-0.77,16.125,16.03125,15.625,15.40625,-2.2,0.0,81.0,0.0
5.01752,0x316,0.0,0.0,1.0,6.25,1.84,-0.77,16.125,16.03125,15.625,15.40625,-2.2,0.0,81.0,0.0
5.02051,0x2B0,0.0,0.0,1.0,6.25,1.84,-0.77,16.125,16.03125,15.625,15.40625,-2.1,0.0,81.0,0.0
5.02594,0x220,0.0,0.0,1.0,6.25,1.43,-0.79,16.125,16.03125,15.625,15.40625,-2.1,0.0,81.0,0.0
5.02618,0x386,0.0,0.0,1.0,6.25,1.43,-0.79,15.9375,15.90625,15.34375,15.46875,-2.1,0.0,81.0,0.0
5.02749,0x316,0.0,0.0,1.0,6.25,1.43,-0.79,15.9375,15.90625,15.34375,15.46875,-2.1,0.0,81.0,0.0
5.03048,0x2B0,0.0,0.0,1.0,6.25,1.43,-0.79,15.9375,15.90625,15.34375,15.46875,-2.1,0.0,81.0,0.0
5.03594,0x220,0.0,0.0,1.0,6.25,1.2,-0.81,15.9375,15.90625,15.34375,15.46875,-2.1,0.0,81.0,0.0
5.03742,0x316,0.0,0.0,1.0,6.25,1.2,-0.81,15.9375,15.90625,15.34375,15.46875,-2.1,0.0,84.0,0.0
5.0405,0x2B0,0.0,0.0,1.0,6.25,1.2,-0.81,15.9375,15.90625,15.34375,15.46875,-2.1,0.0,84.0,0.0
5.04594,0x220,0.0,0.0,1.0,6.25,1.16,-0.69,15.9375,15.90625,15.34375,15.46875,-2.1,0.0,84.0,0.0
5.04618,0x386,0.0,0.0,1.0,6.25,1.16,-0.69,15.90625,16.0,15.4375,15.5625,-2.1,0.0,84.0,0.0
5.04739,0x316,0.0,0.0,1.0,6.25,1.16,-0.69,15.90625,16.0,15.4375,15.5625,-2.1,0.0,86.0,0.0
5.05048,0x2B0,0.0,0.0,1.0,6.25,1.16,-0.69,15.90625,16.0,15.4375,15.5625,-2.1,0.0,86.0,0.0
5.05595,0x220,0.0,0.0,1.0,6.25,1.33,-0.4,15.90625,16.0,15.4375,15.5625,-2.1,0.0,86.0,0.0
5.05756,0x316,0.0,0.0,1.0,6.25,1.33,-0.4,15.90625,16.0,15.4375,15.5625,-2.1,0.0,89.0,0.0
5.06047,0x2B0,0.0,0.0,1.0,6.25,1.33,-0.4,15.90625,16.0,15.4375,15.5625,-2.1,0.0,89.0,0.0
5.06595,0x220,0.0,0.0,1.0,6.25,1.51,-0.12,15.90625,16.0,15.4375,15.5625,-2.1,0.0,89.0,0.0
5.06619,0x386,0.0,0.0,1.0,6.25,1.51,-0.12,15.8125,15.78125,15.34375,15.0625,-2.1,0.0,89.0,0.0
5.06776,0x316,0.0,0.0,1.0,6.25,1.51,-0.12,15.8125,15.78125,15.34375,15.0625,-2.1,0.0,89.0,0.0
5.07049,0x2B0,0.0,0.0,1.0,6.25,1.51,-0.12,15.8125,15.78125,15.34375,15.0625,-2.1,0.0,89.0,0.0
5.07596,0x220,0.0,0.0,1.0,6.25,1.6,-0.02,15.8125,15.78125,15.34375,15.0625,-2.1,0.0,89.0,0.0
5.07778,0x316,0.0,0.0,1.0,6.25,1.6,-0.02,15.8125,15.78125,15.34375,15.0625,-2.1,0.0,89.0,0.0
5.08048,0x2B0,0.0,0.0,1.0,6.25,1.6,-0.02,15.8125,15.78125,15.34375,15.0625,-2.1,0.0,89.0,0.0
5.08595,0x220,0.0,0.0,1.0,6.25,1.56,-0.13,15.8125,15.78125,15.34375,15.0625,-2.1,0.0,89.0,0.0
5.08619,0x386,0.0,0.0,1.0,6.25,1.56,-0.13,15.78125,15.8125,15.375,15.4375,-2.1,0.0,89.0,0.0
5.08739,0x316,0.0,0.0,1.0,6.25,1.56,-0.13,15.78125,15.8125,15.375,15.4375,-2.1,0.0,89.0,0.0
5.09047,0x2B0,0.0,0.0,1.0,6.25,1.56,-0.13,15.78125,15.8125,15.375,15.4375,-2.1,0.0,89.0,0.0
5.09597,0x220,0.0,0.0,1.0,6.25,1.36,-0.31,15.78125,15.8125,15.375,15.4375,-2.1,0.0,89.0,0.0
5.09758,0x316,0.0,0.0,1.0,6.25,1.36,-0.31,15.78125,15.8125,15.375,15.4375,-2.1,0.0,91.0,0.0
5.10049,0x2B0,0.0,0.0,1.0,6.25,1.36,-0.31,15.78125,15.8125,15.375,15.4375,-2.1,0.0,91.0,0.0
5.10597,0x220,0.0,0.0,1.0,6.25,1.01,-0.32,15.78125,15.8125,15.375,15.4375,-2.1,0.0,91.0,0.0
5.10621,0x386,0.0,0.0,1.0,6.25,1.01,-0.32,15.90625,15.65625,15.46875,15.375,-2.1,0.0,91.0,0.0
5.10753,0x316,0.0,0.0,1.0,6.25,1.01,-0.32,15.90625,15.65625,15.46875,15.375,-2.1,0.0,91.0,0.0
5.11048,0x2B0,0.0,0.0,1.0,6.25,1.01,-0.32,15.90625,15.65625,15.46875,15.375,-2.1,0.0,91.0,0.0
5.11597,0x220,0.0,0.0,1.0,6.25,0.59,-0.09,15.90625,15.65625,15.46875,15.375,-2.1,0.0,91.0,0.0
5.11739,0x316,0.0,0.0,1.0,6.25,0.59,-0.09,15.90625,15.65625,15.46875,15.375,-2.1,0.0,91.0,0.0
5.12053,0x2B0,0.0,0.0,1.0,6.25,0.59,-0.09,15.90625,15.65625,15.46875,15.375,-2.1,0.0,91.0,0.0
5.12598,0x220,0.0,0.0,1.0,6.25,0.24,0.12,15.90625,15.65625,15.46875,15.375,-2.1,0.0,91.0,0.0
5.12621,0x386,0.0,0.0,1.0,6.25,0.24,0.12,15.8125,15.8125,15.59375,15.4375,-2.1,0.0,91.0,0.0
5.12739,0x316,0.0,0.0,1.0,6.25,0.24,0.12,15.8125,15.8125,15.59375,15.4375,-2.1,0.0,94.0,0.0
5.13052,0x2B0,0.0,0.0,1.0,6.25,0.24,0.12,15.8125,15.8125,15.59375,15.4375,-2.1,0.0,94.0,0.0
5.13598,0x220,0.0,0.0,1.0,6.25,-0.02,0.13,15.8125,15.8125,15.59375,15.4375,-2.1,0.0,94.0,0.0
5.13741,0x316,0.0,0.0,1.0,6.25,-0.02,0.13,15.8125,15.8125,15.59375,15.4375,-2.1,0.0,94.0,0.0
5.14047,0x2B0,0.0,0.0,1.0,6.25,-0.02,0.13,15.8125,15.8125,15.59375,15.4375,-2.0,0.0,94.0,0.0
5.14598,0x220,0.0,0.0,1.0,6.25,-0.15,0.0,15.8125,15.8125,15.59375,15.4375,-2.0,0.0,94.0,0.0
5.14622,0x386,0.0,0.0,1.0,6.25,-0.15,0.0,15.75,15.625,15.5625,15.46875,-2.0,0.0,94.0,0.0
5.14745,0x316,0.0,0.0,1.0,6.25,-0.15,0.0,15.75,15.625,15.5625,15.46875,-2.0,0.0,96.0,0.0
5.15043,0x2B0,0.0,0.0,1.0,6.25,-0.15,0.0,15.75,15.625,15.5625,15.46875,-2.0,0.0,96.0,0.0
5.15598,0x220,0.0,0.0,1.0,6.25,-0.15,0.05,15.75,15.625,15.5625,15.46875,-2.0,0.0,96.0,0.0
5.15742,0x316,0.0,0.0,1.0,6.25,-0.15,0.05,15.75,15.625,15.5625,15.46875,-2.0,0.0,101.0,0.0
5.16043,0x2B0,0.0,0.0,1.0,6.25,-0.15,0.05,15.75,15.625,15.5625,15.46875,-2.0,0.0,101.0,0.0
5.166,0x220,0.0,0.0,1.0,6.25,0.05,0.32,15.75,15.625,15.5625,15.46875,-2.0,0.0,101.0,0.0
5.16623,0x386,0.0,0.0,1.0,6.25,0.05,0.32,15.65625,15.65625,15.21875,15.46875,-2.0,0.0,101.0,0.0
5.16761,0x316,0.0,0.0,1.0,6.25,0.05,0.32,15.65625,15.65625,15.21875,15.46875,-2.0,0.0,104.0,0.0
5.17043,0x2B0,0.0,0.0,1.0,6.25,0.05,0.32,15.65625,15.65625,15.21875,15.46875,-2.0,0.0,104.0,0.0
5.176,0x220,0.0,0.0,1.0,6.25,0.42,0.55,15.65625,15.65625,15.21875,15.46875,-2.0,0.0,104.0,0.0
5.17766,0x316,0.0,0.0,1.0,6.25,0.42,0.55,15.65625,15.65625,15.21875,15.46875,-2.0,0.0,104.0,0.0
5.18047,0x2B0,0.0,0.0,1.0,6.25,0.42,0.55,15.65625,15.65625,15.21875,15.46875,-2.0,0.0,104.0,0.0
5.186,0x220,0.0,0.0,1.0,6.25,0.67,0.62,15.65625,15.65625,15.21875,15.46875,-2.0,0.0,104.0,0.0
5.18624,0x386,0.0,0.0,1.0,6.25,0.67,0.62,15.8125,15.78125,15.21875,15.40625,-2.0,0.0,104.0,0.0
5.1875,0x316,0.0,0.0,1.0,6.25,0.67,0.62,15.8125,15.78125,15.21875,15.40625,-2.0,0.0,109.0,0.0
5.19054,0x2B0,0.0,0.0,1.0,6.25,0.67,0.62,15.8125,15.78125,15.21875,15.40625,-2.0,0.0,109.0,0.0
5.196,0x220,0.0,0.0,1.0,6.25,0.56,0.7,15.8125,15.78125,15.21875,15.40625,-2.0,0.0,109.0,0.0
5.19754,0x316,0.0,0.0,1.0,6.25,0.56,0.7,15.8125,15.78125,15.21875,15.40625,-2.0,0.0,112.0,0.0
5.20047,0x2B0,0.0,0.0,1.0,6.25,0.56,0.7,15.8125,15.78125,15.21875,15.40625,-1.9,0.0,112.0,0.0
5.20601,0x220,0.0,0.0,1.0,6.25,0.26,0.93,15.8125,15.78125,15.21875,15.40625,-1.9,0.0,112.0,0.0
5.20624,0x386,0.0,0.0,1.0,6.25,0.26,0.93,15.875,15.78125,15.34375,15.125,-1.9,0.0,112.0,0.0
5.20741,0x316,0.0,0.0,1.0,6.25,0.26,0.93,15.875,15.78125,15.34375,15.125,-1.9,0.0,112.0,0.0
5.21046,0x2B0,0.0,0.0,1.0,6.25,0.26,0.93,15.875,15.78125,15.34375,15.125,-1.9,0.0,112.0,0.0
5.21601,0x220,0.0,0.0,1.0,6.25,0.01,1.08,15.875,15.78125,15.34375,15.125,-1.9,0.0,112.0,0.0
5.21742,0x316,0.0,0.0,1.0,6.25,0.01,1.08,15.875,15.78125,15.34375,15.125,-1.9,0.0,114.0,0.0
5.22045,0x2B0,0.0,0.0,1.0,6.25,0.01,1.08,15.875,15.78125,15.34375,15.125,-1.9,0.0,114.0,0.0
5.226,0x220,0.0,0.0,1.0,6.25,-0.04,0.99,15.875,15.78125,15.34375,15.125,-1.9,0.0,114.0,0.0
5.22624,0x386,0.0,0.0,1.0,6.25,-0.04,0.99,15.8125,15.875,14.9375,15.21875,-1.9,0.0,114.0,0.0
5.22752,0x316,0.0,0.0,1.0,6.25,-0.04,0.99,15.8125,15.875,14.9375,15.21875,-1.9,0.0,114.0,0.0
5.23044,0x2B0,0.0,0.0,1.0,6.25,-0.04,0.99,15.8125,15.875,14.9375,15.21875,-1.9,0.0,114.0,0.0
5.23601,0x220,0.0,0.0,1.0,6.25,0.19,0.77,15.8125,15.875,14.9375,15.21875,-1.9,0.0,114.0,0.0
5.23744,0x316,0.0,0.0,1.0,6.25,0.19,0.77,15.8125,15.875,14.9375,15.21875,-1.9,0.0,114.0,0.0
5.24044,0x2B0,0.0,0.0,1.0,6.25,0.19,0.77,15.8125,15.875,14.9375,15.21875,-1.9,0.0,114.0,0.0
5.24601,0x220,0.0,0.0,1.0,6.25,0.65,0.66,15.8125,15.875,14.9375,15.21875,-1.9,0.0,114.0,0.0
5.24625,0x386,0.0,0.0,1.0,6.25,0.65,0.66,15.875,15.84375,14.84375,15.15625,-1.9,0.0,114.0,0.0
5.24742,0x316,0.0,0.0,1.0,6.25,0.65,0.66,15.875,15.84375,14.84375,15.15625,-1.9,0.0,114.0,0.0
5.25044,0x2B0,0.0,0.0,1.0,6.25,0.65,0.66,15.875,15.84375,14.84375,15.15625,-1.9,0.0,114.0,0.0
5.25602,0x220,0.0,0.0,1.0,6.25,1.15,0.83,15.875,15.84375,14.84375,15.15625,-1.9,0.0,114.0,0.0
5.25742,0x316,0.0,0.0,1.0,6.25,1.15,0.83,15.875,15.84375,14.84375,15.15625,-1.9,0.0,114.0,0.0
5.26046,0x2B0,0.0,0.0,1.0,6.25,1.15,0.83,15.875,15.84375,14.84375,15.15625,-1.9,0.0,114.0,0.0
5.26601,0x220,0.0,0.0,1.0,6.25,1.56,1.11,15.875,15.84375,14.84375,15.15625,-1.9,0.0,114.0,0.0
5.26625,0x386,0.0,0.0,1.0,6.25,1.56,1.11,15.8125,15.71875,15.125,14.9375,-1.9,0.0,114.0,0.0
5.26781,0x316,0.0,0.0,1.0,6.25,1.56,1.11,15.8125,15.71875,15.125,14.9375,-1.9,0.0,112.0,0.0
5.27045,0x2B0,0.0,0.0,1.0,6.25,1.56,1.11,15.8125,15.71875,15.125,14.9375,-1.9,0.0,112.0,0.0
5.27603,0x220,0.0,0.0,1.0,6.25,1.76,1.2,15.8125,15.71875,15.125,14.9375,-1.9,0.0,112.0,0.0
5.27784,0x316,0.0,0.0,1.0,6.25,1.76,1.2,15.8125,15.71875,15.125,14.9375,-1.9,0.0,112.0,0.0
5.28044,0x2B0,0.0,0.0,1.0,6.25,1.76,1.2,15.8125,15.71875,15.125,14.9375,-1.9,0.0,112.0,0.0
5.28603,0x220,0.0,0.0,1.0,6.25,1.78,0.97,15.8125,15.71875,15.125,14.9375,-1.9,0.0,112.0,0.0
5.28627,0x386,0.0,0.0,1.0,6.25,1.78,0.97,15.90625,15.8125,15.4375,15.28125,-1.9,0.0,112.0,0.0
5.28739,0x316,0.0,0.0,1.0,6.25,1.78,0.97,15.90625,15.8125,15.4375,15.28125,-1.9,0.0,109.0,0.0
5.29044,0x2B0,0.0,0.0,1.0,6.25,1.78,0.97,15.90625,15.8125,15.4375,15.28125,-1.9,0.0,109.0,0.0
5.29604,0x220,0.0,0.0,1.0,6.25,1.75,0.49,15.90625,15.8125,15.4375,15.28125,-1.9,0.0,109.0,0.0
5.29752,0x316,0.0,0.0,1.0,6.25,1.75,0.49,15.90625,15.8125,15.4375,15.28125,-1.9,0.0,107.0,0.0
5.30044,0x2B0,0.0,0.0,1.0,6.25,1.75,0.49,15.90625,15.8125,15.4375,15.28125,-1.9,0.0,107.0,0.0
5.30604,0x220,0.0,0.0,1.0,6.25,1.86,0.0,15.90625,15.8125,15.4375,15.28125,-1.9,0.0,107.0,0.0
5.30627,0x386,0.0,0.0,1.0,6.25,1.86,0.0,15.59375,15.6875,15.09375,15.34375,-1.9,0.0,107.0,0.0
5.30759,0x316,0.0,0.0,1.0,6.25,1.86,0.0,15.59375,15.6875,15.09375,15.34375,-1.9,0.0,104.0,0.0
5.31044,0x2B0,0.0,0.0,1.0,6.25,1.86,0.0,15.59375,15.6875,15.09375,15.34375,-1.9,0.0,104.0,0.0
5.31603,0x220,0.0,0.0,1.0,6.25,2.06,-0.34,15.59375,15.6875,15.09375,15.34375,-1.9,0.0,104.0,0.0
5.31744,0x316,0.0,0.0,1.0,6.25,2.06,-0.34,15.59375,15.6875,15.09375,15.34375,-1.9,0.0,99.0,0.0
5.32044,0x2B0,0.0,0.0,1.0,6.25,2.06,-0.34,15.59375,15.6875,15.09375,15.34375,-1.9,0.0,99.0,0.0
5.32605,0x220,0.0,0.0,1.0,6.25,2.25,-0.38,15.59375,15.6875,15.09375,15.34375,-1.9,0.0,99.0,0.0
5.32628,0x386,0.0,0.0,1.0,6.25,2.25,-0.38,15.71875,15.71875,15.0625,15.0625,-1.9,0.0,99.0,0.0
5.32741,0x316,0.0,0.0,1.0,6.25,2.25,-0.38,15.71875,15.71875,15.0625,15.0625,-1.9,0.0,99.0,0.0
5.33044,0x2B0,0.0,0.0,1.0,6.25,2.25,-0.38,15.71875,15.71875,15.0625,15.0625,-1.9,0.0,99.0,0.0
5.33605,0x220,0.0,0.0,1.0,6.25,2.4,-0.08,15.71875,15.71875,15.0625,15.0625,-1.9,0.0,99.0,0.0
5.33736,0x316,0.0,0.0,1.0,6.25,2.4,-0.08,15.71875,15.71875,15.0625,15.0625,-1.9,0.0,96.0,0.0
5.34043,0x2B0,0.0,0.0,1.0,6.25,2.4,-0.08,15.71875,15.71875,15.0625,15.0625,-1.9,0.0,96.0,0.0
5.34605,0x220,0.0,0.0,1.0,6.25,2.5,0.13,15.71875,15.71875,15.0625,15.0625,-1.9,0.0,96.0,0.0
5.34629,0x386,0.0,0.0,1.0,6.25,2.5,0.13,15.6875,15.59375,15.15625,15.28125,-1.9,0.0,96.0,0.0
5.34738,0x316,0.0,0.0,1.0,6.25,2.5,0.13,15.6875,15.59375,15.15625,15.28125,-1.9,0.0,96.0,0.0
5.35044,0x2B0,0.0,0.0,1.0,6.25,2.5,0.13,15.6875,15.59375,15.15625,15.28125,-1.9,0.0,96.0,0.0
5.35605,0x220,0.0,0.0,1.0,6.25,2.47,-0.01,15.6875,15.59375,15.15625,15.28125,-1.9,0.0,96.0,0.0
5.35749,0x316,0.0,0.0,1.0,6.25,2.47,-0.01,15.6875,15.59375,15.15625,15.28125,-1.9,0.0,96.0,0.0
5.36044,0x2B0,0.0,0.0,1.0,6.25,2.47,-0.01,15.6875,15.59375,15.15625,15.28125,-1.9,0.0,96.0,0.0
5.36606,0x220,0.0,0.0,1.0,6.25,2.17,-0.39,15.6875,15.59375,15.15625,15.28125,-1.9,0.0,96.0,0.0
5.3663,0x386,0.0,0.0,1.0,6.25,2.17,-0.39,15.625,15.46875,15.09375,15.40625,-1.9,0.0,96.0,0.0
5.36766,0x316,0.0,0.0,1.0,6.25,2.17,-0.39,15.625,15.46875,15.09375,15.40625,-1.9,0.0,96.0,0.0
5.37044,0x2B0,0.0,0.0,1.0,6.25,2.17,-0.39,15.625,15.46875,15.09375,15.40625,-1.9,0.0,96.0,0.0
5.37605,0x220,0.0,0.0,1.0,6.25,1.72,-0.59,15.625,15.46875,15.09375,15.40625,-1.9,0.0,96.0,0.0
5.37758,0x316,0.0,0.0,1.0,6.25,1.72,-0.59,15.625,15.46875,15.09375,15.40625,-1.9,0.0,96.0,0.0
5.38044,0x2B0,0.0,0.0,1.0,6.25,1.72,-0.59,15.625,15.46875,15.09375,15.40625,-1.9,0.0,96.0,0.0
5.38607,0x220,0.0,0.0,1.0,6.25,1.45,-0.55,15.625,15.46875,15.09375,15.40625,-1.9,0.0,96.0,0.0
5.38631,0x386,0.0,0.0,1.0,6.25,1.45,-0.55,15.40625,15.5625,15.3125,15.375,-1.9,0.0,96.0,0.0
5.38744,0x316,0.0,0.0,1.0,6.25,1.45,-0.55,15.40625,15.5625,15.3125,15.375,-1.9,0.0,104.0,0.0
5.39043,0x2B0,0.0,0.0,1.0,6.25,1.45,-0.55,15.40625,15.5625,15.3125,15.375,-1.9,0.0,104.0,0.0
5.39608,0x220,0.0,0.0,1.0,6.25,1.46,-0.49,15.40625,15.5625,15.3125,15.375,-1.9,0.0,104.0,0.0
5.39761,0x316,0.0,0.0,1.0,6.25,1.46,-0.49,15.40625,15.5625,15.3125,15.375,-1.9,0.0,107.0,0.0
5.40045,0x2B0,0.0,0.0,1.0,6.25,1.46,-0.49,15.40625,15.5625,15.3125,15.375,-1.9,0.0,107.0,0.0
5.40594,0x220,0.0,0.0,1.0,6.25,1.69,-0.43,15.40625,15.5625,15.3125,15.375,-1.9,0.0,107.0,0.0
5.40642,0x386,0.0,0.0,1.0,6.25,1.69,-0.43,15.5,15.34375,15.25,15.40625,-1.9,0.0,107.0,0.0
5.40739,0x316,0.0,0.0,1.0,6.25,1.69,-0.43,15.5,15.34375,15.25,15.40625,-1.9,0.0,112.0,0.0
5.41044,0x2B0,0.0,0.0,1.0,6.25,1.69,-0.43,15.5,15.34375,15.25,15.40625,-1.9,0.0,112.0,0.0
5.41591,0x220,0.0,0.0,1.0,6.25,2.0,-0.29,15.5,15.34375,15.25,15.40625,-1.9,0.0,112.0,0.0
5.41738,0x316,0.0,0.0,1.0,6.25,2.0,-0.29,15.5,15.34375,15.25,15.40625,-1.9,0.0,114.0,0.0
5.42052,0x2B0,0.0,0.0,1.0,6.25,2.0,-0.29,15.5,15.34375,15.25,15.40625,-1.9,0.0,114.0,0.0
5.42609,0x220,0.0,0.0,1.0,6.25,2.34,-0.19,15.5,15.34375,15.25,15.40625,-1.9,0.0,114.0,0.0
5.42632,0x386,0.0,0.0,1.0,6.25,2.34,-0.19,15.4375,15.4375,15.15625,15.4375,-1.9,0.0,114.0,0.0
5.42746,0x316,0.0,0.0,1.0,6.25,2.34,-0.19,15.4375,15.4375,15.15625,15.4375,-1.9,0.0,117.0,0.0
5.43051,0x2B0,0.0,0.0,1.0,6.25,2.34,-0.19,15.4375,15.4375,15.15625,15.4375,-1.9,0.0,117.0,0.0
5.43609,0x220,0.0,0.0,1.0,6.25,2.52,-0.32,15.4375,15.4375,15.15625,15.4375,-1.9,0.0,117.0,0.0
5.43747,0x316,0.0,0.0,1.0,6.25,2.52,-0.32,15.4375,15.4375,15.15625,15.4375,-1.9,0.0,117.0,0.0
5.44052,0x2B0,0.0,0.0,1.0,6.25,2.52,-0.32,15.4375,15.4375,15.15625,15.4375,-1.9,0.0,117.0,0.0
5.44609,0x220,0.0,0.0,1.0,6.25,2.37,-0.59,15.4375,15.4375,15.15625,15.4375,-1.9,0.0,117.0,0.0
5.44632,0x386,0.0,0.0,1.0,6.25,2.37,-0.59,15.4375,15.59375,15.0,15.21875,-1.9,0.0,117.0,0.0
5.44737,0x316,0.0,0.0,1.0,6.25,2.37,-0.59,15.4375,15.59375,15.0,15.21875,-1.9,0.0,117.0,0.0
5.45047,0x2B0,0.0,0.0,1.0,6.25,2.37,-0.59,15.4375,15.59375,15.0,15.21875,-2.0,0.0,117.0,0.0
5.4561,0x220,0.0,0.0,1.0,6.25,1.92,-0.73,15.4375,15.59375,15.0,15.21875,-2.0,0.0,117.0,0.0
5.45739,0x316,0.0,0.0,1.0,6.25,1.92,-0.73,15.4375,15.59375,15.0,15.21875,-2.0,0.0,117.0,0.0
5.46048,0x2B0,0.0,0.0,1.0,6.25,1.92,-0.73,15.4375,15.59375,15.0,15.21875,-2.0,0.0,117.0,0.0
5.46609,0x220,0.0,0.0,1.0,6.25,1.47,-0.6,15.4375,15.59375,15.0,15.21875,-2.0,0.0,117.0,0.0
5.46633,0x386,0.0,0.0,1.0,6.25,1.47,-0.6,15.625,15.59375,14.78125,15.21875,-2.0,0.0,117.0,0.0
5.4677,0x316,0.0,0.0,1.0,6.25,1.47,-0.6,15.625,15.59375,14.78125,15.21875,-2.0,0.0,117.0,0.0
5.47048,0x2B0,0.0,0.0,1.0,6.25,1.47,-0.6,15.625,15.59375,14.78125,15.21875,-2.1,0.0,117.0,0.0
5.4761,0x220,0.0,0.0,1.0,6.25,1.28,-0.36,15.625,15.59375,14.78125,15.21875,-2.1,0.0,117.0,0.0
5.47789,0x316,0.0,0.0,1.0,6.25,1.28,-0.36,15.625,15.59375,14.78125,15.21875,-2.1,0.0,117.0,0.0
5.4805,0x2B0,0.0,0.0,1.0,6.25,1.28,-0.36,15.625,15.59375,14.78125,15.21875,-2.1,0.0,117.0,0.0
5.4861,0x220,0.0,0.0,1.0,6.25,1.4,-0.29,15.625,15.59375,14.78125,15.21875,-2.1,0.0,117.0,0.0
5.48634,0x386,0.0,0.0,1.0,6.25,1.4,-0.29,15.53125,15.65625,14.5625,15.25,-2.1,0.0,117.0,0.0
5.48738,0x316,0.0,0.0,1.0,6.25,1.4,-0.29,15.53125,15.65625,14.5625,15.25,-2.1,0.0,117.0,0.0
5.49049,0x2B0,0.0,0.0,1.0,6.25,1.4,-0.29,15.53125,15.65625,14.5625,15.25,-2.2,0.0,117.0,0.0
5.49611,0x220,0.0,0.0,1.0,6.25,1.61,-0.37,15.53125,15.65625,14.5625,15.25,-2.2,0.0,117.0,0.0
5.4975,0x316,0.0,0.0,1.0,6.25,1.61,-0.37,15.53125,15.65625,14.5625,15.25,-2.2,0.0,117.0,0.0
5.50046,0x2B0,0.0,0.0,1.0,6.25,1.61,-0.37,15.53125,15.65625,14.5625,15.25,-2.2,0.0,117.0,0.0
5.50598,0x220,0.0,0.0,1.0,6.25,1.71,-0.31,15.53125,15.65625,14.5625,15.25,-2.2,0.0,117.0,0.0
5.50646,0x386,0.0,0.0,1.0,6.25,1.71,-0.31,15.65625,15.71875,15.03125,15.21875,-2.2,0.0,117.0,0.0
5.50741,0x316,0.0,0.0,1.0,6.25,1.71,-0.31,15.65625,15.71875,15.03125,15.21875,-2.2,0.0,117.0,0.0
5.51048,0x2B0,0.0,0.0,1.0,6.25,1.71,-0.31,15.65625,15.71875,15.03125,15.21875,-2.2,0.0,117.0,0.0
5.51611,0x220,0.0,0.0,1.0,6.25,1.68,0.01,15.65625,15.71875,15.03125,15.21875,-2.2,0.0,117.0,0.0
5.51744,0x316,0.0,0.0,1.0,6.25,1.68,0.01,15.65625,15.71875,15.03125,15.21875,-2.2,0.0,114.0,0.0
5.5205,0x2B0,0.0,0.0,1.0,6.25,1.68,0.01,15.65625,15.71875,15.03125,15.21875,-2.2,0.0,114.0,0.0
5.52612,0x220,0.0,0.0,1.0,6.25,1.59,0.31,15.65625,15.71875,15.03125,15.21875,-2.2,0.0,114.0,0.0
5.52635,0x386,0.0,0.0,1.0,6.25,1.59,0.31,15.53125,15.5625,15.1875,15.21875,-2.2,0.0,114.0,0.0
5.52748,0x316,0.0,0.0,1.0,6.25,1.59,0.31,15.53125,15.5625,15.1875,15.21875,-2.2,0.0,112.0,0.0
5.5305,0x2B0,0.0,0.0,1.0,6.25,1.59,0.31,15.53125,15.5625,15.1875,15.21875,-2.2,0.0,112.0,0.0
5.53612,0x220,0.0,0.0,1.0,6.25,1.57,0.18,15.53125,15.5625,15.1875,15.21875,-2.2,0.0,112.0,0.0
5.53736,0x316,0.0,0.0,1.0,6.25,1.57,0.18,15.53125,15.5625,15.1875,15.21875,-2.2,0.0,109.0,0.0
5.54049,0x2B0,0.0,0.0,1.0,6.25,1.57,0.18,15.53125,15.5625,15.1875,15.21875,-2.2,0.0,109.0,0.0
5.54612,0x220,0.0,0.0,1.0,6.25,1.62,-0.21,15.53125,15.5625,15.1875,15.21875,-2.2,0.0,109.0,0.0
5.54636,0x386,0.0,0.0,1.0,6.25,1.62,-0.21,15.59375,15.4375,15.25,15.21875,-2.2,0.0,109.0,0.0
5.54738,0x316,0.0,0.0,1.0,6.25,1.62,-0.21,15.59375,15.4375,15.25,15.21875,-2.2,0.0,104.0,0.0
5.55042,0x2B0,0.0,0.0,1.0,6.25,1.62,-0.21,15.59375,15.4375,15.25,15.21875,-2.2,0.0,104.0,0.0
5.55612,0x220,0.0,0.0,1.0,6.25,1.69,-0.54,15.59375,15.4375,15.25,15.21875,-2.2,0.0,104.0,0.0
5.55746,0x316,0.0,0.0,1.0,6.25,1.69,-0.54,15.59375,15.4375,15.25,15.21875,-2.2,0.0,101.0,0.0
5.56046,0x2B0,0.0,0.0,1.0,6.25,1.69,-0.54,15.59375,15.4375,15.25,15.21875,-2.2,0.0,101.0,0.0
5.56612,0x220,0.0,0.0,1.0,6.25,1.69,-0.64,15.59375,15.4375,15.25,15.21875,-2.2,0.0,101.0,0.0
5.56636,0x386,0.0,0.0,1.0,6.25,1.69,-0.64,15.53125,15.625,14.90625,15.25,-2.2,0.0,101.0,0.0
5.56763,0x316,0.0,0.0,1.0,6.25,1.69,-0.64,15.53125,15.625,14.90625,15.25,-2.2,0.0,99.0,0.0
5.57046,0x2B0,0.0,0.0,1.0,6.25,1.69,-0.64,15.53125,15.625,14.90625,15.25,-2.2,0.0,99.0,0.0
5.57614,0x220,0.0,0.0,1.0,6.25,1.64,-0.55,15.53125,15.625,14.90625,15.25,-2.2,0.0,99.0,0.0
5.57759,0x316,0.0,0.0,1.0,6.25,1.64,-0.55,15.53125,15.625,14.90625,15.25,-2.2,0.0,99.0,0.0
5.58053,0x2B0,0.0,0.0,1.0,6.25,1.64,-0.55,15.53125,15.625,14.90625,15.25,-2.2,0.0,99.0,0.0
5.58613,0x220,0.0,0.0,1.0,6.25,1.48,-0.42,15.53125,15.625,14.90625,15.25,-2.2,0.0,99.0,0.0
5.58637,0x386,0.0,0.0,1.0,6.25,1.48,-0.42,15.5625,15.46875,15.03125,14.9375,-2.2,0.0,99.0,0.0
5.58738,0x316,0.0,0.0,1.0,6.25,1.48,-0.42,15.5625,15.46875,15.03125,14.9375,-2.2,0.0,99.0,0.0
5.59051,0x2B0,0.0,0.0,1.0,6.25,1.48,-0.42,15.5625,15.46875,15.03125,14.9375,-2.2,0.0,99.0,0.0
5.59614,0x220,0.0,0.0,1.0,6.25,1.3,-0.34,15.5625,15.46875,15.03125,14.9375,-2.2,0.0,99.0,0.0
5.5976,0x316,0.0,0.0,1.0,6.25,1.3,-0.34,15.5625,15.46875,15.03125,14.9375,-2.2,0.0,99.0,0.0
5.60048,0x2B0,0.0,0.0,1.0,6.25,1.3,-0.34,15.5625,15.46875,15.03125,14.9375,-2.1,0.0,99.0,0.0
5.6059,0x220,0.0,0.0,1.0,6.25,1.24,-0.38,15.5625,15.46875,15.03125,14.9375,-2.1,0.0,99.0,0.0
5.60638,0x386,0.0,0.0,1.0,6.25,1.24,-0.38,15.5625,15.65625,15.0625,14.8125,-2.1,0.0,99.0,0.0
5.60745,0x316,0.0,0.0,1.0,6.25,1.24,-0.38,15.5625,15.65625,15.0625,14.8125,-2.1,0.0,101.0,0.0
5.61044,0x2B0,0.0,0.0,1.0,6.25,1.24,-0.38,15.5625,15.65625,15.0625,14.8125,-2.1,0.0,101.0,0.0
5.61614,0x220,0.0,0.0,1.0,6.25,1.31,-0.58,15.5625,15.65625,15.0625,14.8125,-2.1,0.0,101.0,0.0
5.61739,0x316,0.0,0.0,1.0,6.25,1.31,-0.58,15.5625,15.65625,15.0625,14.8125,-2.1,0.0,104.0,0.0
5.62045,0x2B0,0.0,0.0,1.0,6.25,1.31,-0.58,15.5625,15.65625,15.0625,14.8125,-2.1,0.0,104.0,0.0
5.62591,0x220,0.0,0.0,1.0,6.25,1.39,-0.78,15.5625,15.65625,15.0625,14.8125,-2.1,0.0,104.0,0.0
5.62638,0x386,0.0,0.0,1.0,6.25,1.39,-0.78,15.375,15.59375,15.03125,14.8125,-2.1,0.0,104.0,0.0
5.62752,0x316,0.0,0.0,1.0,6.25,1.39,-0.78,15.375,15.59375,15.03125,14.8125,-2.1,0.0,107.0,0.0
5.63044,0x2B0,0.0,0.0,1.0,6.25,1.39,-0.78,15.375,15.59375,15.03125,14.8125,-2.1,0.0,107.0,0.0
5.6359,0x220,0.0,0.0,1.0,6.25,1.38,-0.71,15.375,15.59375,15.03125,14.8125,-2.1,0.0,107.0,0.0
5.63753,0x316,0.0,0.0,1.0,6.25,1.38,-0.71,15.375,15.59375,15.03125,14.8125,-2.1,0.0,109.0,0.0
5.64046,0x2B0,0.0,0.0,1.0,6.25,1.38,-0.71,15.375,15.59375,15.03125,14.8125,-2.1,0.0,109.0,0.0
5.64591,0x220,0.0,0.0,1.0,6.25,1.28,-0.4,15.375,15.59375,15.03125,14.8125,-2.1,0.0,109.0,0.0
5.64639,0x386,0.0,0.0,1.0,6.25,1.28,-0.4,15.65625,15.5,15.03125,15.0625,-2.1,0.0,109.0,0.0
5.64735,0x316,0.0,0.0,1.0,6.25,1.28,-0.4,15.65625,15.5,15.03125,15.0625,-2.1,0.0,109.0,0.0
5.65045,0x2B0,0.0,0.0,1.0,6.25,1.28,-0.4,15.65625,15.5,15.03125,15.0625,-2.1,0.0,109.0,0.0
5.65592,0x220,0.0,0.0,1.0,6.25,1.22,-0.13,15.65625,15.5,15.03125,15.0625,-2.1,0.0,109.0,0.0
5.65742,0x316,0.0,0.0,1.0,6.25,1.22,-0.13,15.65625,15.5,15.03125,15.0625,-2.1,0.0,109.0,0.0
5.66046,0x2B0,0.0,0.0,1.0,6.25,1.22,-0.13,15.65625,15.5,15.03125,15.0625,-2.1,0.0,109.0,0.0
5.66592,0x220,0.0,0.0,1.0,6.25,1.2,-0.28,15.65625,15.5,15.03125,15.0625,-2.1,0.0,109.0,0.0
5.66639,0x386,0.0,0.0,1.0,6.25,1.2,-0.28,15.65625,15.625,15.0625,15.15625,-2.1,0.0,109.0,0.0
5.66764,0x316,0.0,0.0,1.0,6.25,1.2,-0.28,15.65625,15.625,15.0625,15.15625,-2.1,0.0,109.0,0.0
5.67046,0x2B0,0.0,0.0,1.0,6.25,1.2,-0.28,15.65625,15.625,15.0625,15.15625,-2.1,0.0,109.0,0.0
5.67592,0x220,0.0,0.0,1.0,6.25,1.18,-0.65,15.65625,15.625,15.0625,15.15625,-2.1,0.0,109.0,0.0
5.6779,0x316,0.0,0.0,1.0,6.25,1.18,-0.65,15.65625,15.625,15.0625,15.15625,-2.1,0.0,109.0,0.0
5.68044,0x2B0,0.0,0.0,1.0,6.25,1.18,-0.65,15.65625,15.625,15.0625,15.15625,-2.1,0.0,109.0,0.0
5.68592,0x220,0.0,0.0,1.0,6.25,1.15,-0.82,15.65625,15.625,15.0625,15.15625,-2.1,0.0,109.0,0.0
5.6864,0x386,0.0,0.0,1.0,6.25,1.15,-0.82,15.65625,15.46875,14.8125,14.96875,-2.1,0.0,109.0,0.0
5.68741,0x316,0.0,0.0,1.0,6.25,1.15,-0.82,15.65625,15.46875,14.8125,14.96875,-2.1,0.0,104.0,0.0
5.69045,0x2B0,0.0,0.0,1.0,6.25,1.15,-0.82,15.65625,15.46875,14.8125,14.96875,-2.1,0.0,104.0,0.0
5.69592,0x220,0.0,0.0,1.0,6.25,1.12,-0.54,15.65625,15.46875,14.8125,14.96875,-2.1,0.0,104.0,0.0
5.69752,0x316,0.0,0.0,1.0,6.25,1.12,-0.54,15.65625,15.46875,14.8125,14.96875,-2.1,0.0,101.0,0.0
5.70044,0x2B0,0.0,0.0,1.0,6.25,1.12,-0.54,15.65625,15.46875,14.8125,14.96875,-2.1,0.0,101.0,0.0
5.70594,0x220,0.0,0.0,1.0,6.25,1.08,-0.13,15.65625,15.46875,14.8125,14.96875,-2.1,0.0,101.0,0.0
5.70641,0x386,0.0,0.0,1.0,6.25,1.08,-0.13,15.53125,15.65625,14.78125,14.71875,-2.1,0.0,101.0,0.0
5.70736,0x316,0.0,0.0,1.0,6.25,1.08,-0.13,15.53125,15.65625,14.78125,14.71875,-2.1,0.0,101.0,0.0
5.71044,0x2B0,0.0,0.0,1.0,6.25,1.08,-0.13,15.53125,15.65625,14.78125,14.71875,-2.1,0.0,101.0,0.0
5.71593,0x220,0.0,0.0,1.0,6.25,1.07,0.01,15.53125,15.65625,14.78125,14.71875,-2.1,0.0,101.0,0.0
5.71746,0x316,0.0,0.0,1.0,6.25,1.07,0.01,15.53125,15.65625,14.78125,14.71875,-2.1,0.0,101.0,0.0
5.72044,0x2B0,0.0,0.0,1.0,6.25,1.07,0.01,15.53125,15.65625,14.78125,14.71875,-2.1,0.0,101.0,0.0
5.72594,0x220,0.0,0.0,1.0,6.25,1.07,-0.03,15.53125,15.65625,14.78125,14.71875,-2.1,0.0,101.0,0.0
5.72641,0x386,0.0,0.0,1.0,6.25,1.07,-0.03,15.53125,15.46875,14.875,14.65625,-2.1,0.0,101.0,0.0
5.72753,0x316,0.0,0.0,1.0,6.25,1.07,-0.03,15.53125,15.46875,14.875,14.65625,-2.1,0.0,101.0,0.0
5.73044,0x2B0,0.0,0.0,1.0,6.25,1.07,-0.03,15.53125,15.46875,14.875,14.65625,-2.1,0.0,101.0,0.0
5.73594,0x220,0.0,0.0,1.0,6.25,1.07,-0.09,15.53125,15.46875,14.875,14.65625,-2.1,0.0,101.0,0.0
5.73739,0x316,0.0,0.0,1.0,6.25,1.07,-0.09,15.53125,15.46875,14.875,14.65625,-2.1,0.0,104.0,0.0
5.74051,0x2B0,0.0,0.0,1.0,6.25,1.07,-0.09,15.53125,15.46875,14.875,14.65625,-2.1,0.0,104.0,0.0
5.74594,0x220,0.0,0.0,1.0,6.25,1.1,-0.01,15.53125,15.46875,14.875,14.65625,-2.1,0.0,104.0,0.0
5.74641,0x386,0.0,0.0,1.0,6.25,1.1,-0.01,15.4375,15.46875,15.15625,14.71875,-2.1,0.0,104.0,0.0
5.74737,0x316,0.0,0.0,1.0,6.25,1.1,-0.01,15.4375,15.46875,15.15625,14.71875,-2.1,0.0,109.0,0.0
5.7505,0x2B0,0.0,0.0,1.0,6.25,1.1,-0.01,15.4375,15.46875,15.15625,14.71875,-2.2,0.0,109.0,0.0
5.75594,0x220,0.0,0.0,1.0,6.25,1.15,0.06,15.4375,15.46875,15.15625,14.71875,-2.2,0.0,109.0,0.0
5.75754,0x316,0.0,0.0,1.0,6.25,1.15,0.06,15.4375,15.46875,15.15625,14.71875,-2.2,0.0,114.0,0.0
5.76048,0x2B0,0.0,0.0,1.0,6.25,1.15,0.06,15.4375,15.46875,15.15625,14.71875,-2.2,0.0,114.0,0.0
5.76595,0x220,0.0,0.0,1.0,6.25,1.17,0.06,15.4375,15.46875,15.15625,14.71875,-2.2,0.0,114.0,0.0
5.76642,0x386,0.0,0.0,1.0,6.25,1.17,0.06,15.4375,15.4375,14.9375,15.125,-2.2,0.0,114.0,0.0
5.76767,0x316,0.0,0.0,1.0,6.25,1.17,0.06,15.4375,15.4375,14.9375,15.125,-2.2,0.0,119.0,0.0
5.77044,0x2B0,0.0,0.0,1.0,6.25,1.17,0.06,15.4375,15.4375,14.9375,15.125,-2.2,0.0,119.0,0.0
5.77597,0x220,0.0,0.0,1.0,6.25,1.15,0.05,15.4375,15.4375,14.9375,15.125,-2.2,0.0,119.0,0.0
5.7776,0x316,0.0,0.0,1.0,6.25,1.15,0.05,15.4375,15.4375,14.9375,15.125,-2.2,0.0,119.0,0.0
5.78047,0x2B0,0.0,0.0,1.0,6.25,1.15,0.05,15.4375,15.4375,14.9375,15.125,-2.2,0.0,119.0,0.0
5.78596,0x220,0.0,0.0,1.0,6.25,1.12,0.08,15.4375,15.4375,14.9375,15.125,-2.2,0.0,119.0,0.0
5.78643,0x386,0.0,0.0,1.0,6.25,1.12,0.08,15.5,15.34375,14.78125,14.9375,-2.2,0.0,119.0,0.0
5.7874,0x316,0.0,0.0,1.0,6.25,1.12,0.08,15.5,15.34375,14.78125,14.9375,-2.2,0.0,127.0,0.0
5.79047,0x2B0,0.0,0.0,1.0,6.25,1.12,0.08,15.5,15.34375,14.78125,14.9375,-2.3,0.0,127.0,0.0
5.79596,0x220,0.0,0.0,1.0,6.25,1.19,0.11,15.5,15.34375,14.78125,14.9375,-2.3,0.0,127.0,0.0
5.79762,0x316,0.0,0.0,1.0,6.25,1.19,0.11,15.5,15.34375,14.78125,14.9375,-2.3,0.0,127.0,0.0
5.80049,0x2B0,0.0,0.0,1.0,6.25,1.19,0.11,15.5,15.34375,14.78125,14.9375,-2.3,0.0,127.0,0.0
5.80596,0x220,0.0,0.0,1.0,6.25,1.39,0.06,15.5,15.34375,14.78125,14.9375,-2.3,0.0,127.0,0.0
5.80644,0x386,0.0,0.0,1.0,6.25,1.39,0.06,15.3125,15.28125,14.9375,14.75,-2.3,0.0,127.0,0.0
5.80751,0x316,0.0,0.0,1.0,6.25,1.39,0.06,15.3125,15.28125,14.9375,14.75,-2.3,0.0,127.0,0.0
5.81049,0x2B0,0.0,0.0,1.0,6.25,1.39,0.06,15.3125,15.28125,14.9375,14.75,-2.3,0.0,127.0,0.0
5.81598,0x220,0.0,0.0,1.0,6.25,1.45,0.04,15.3125,15.28125,14.9375,14.75,-2.3,0.0,127.0,0.0
5.8174,0x316,0.0,0.0,1.0,6.25,1.45,0.04,15.3125,15.28125,14.9375,14.75,-2.3,0.0,124.0,0.0
5.82049,0x2B0,0.0,0.0,1.0,6.25,1.45,0.04,15.3125,15.28125,14.9375,14.75,-2.3,0.0,124.0,0.0
5.82598,0x220,0.0,0.0,1.0,6.25,1.32,0.18,15.3125,15.28125,14.9375,14.75,-2.3,0.0,124.0,0.0
5.82645,0x386,0.0,0.0,1.0,6.25,1.32,0.18,15.46875,15.34375,14.96875,14.84375,-2.3,0.0,124.0,0.0
5.82741,0x316,0.0,0.0,1.0,6.25,1.32,0.18,15.46875,15.34375,14.96875,14.84375,-2.3,0.0,124.0,0.0
5.83047,0x2B0,0.0,0.0,1.0,6.25,1.32,0.18,15.46875,15.34375,14.96875,14.84375,-2.3,0.0,124.0,0.0
5.83598,0x220,0.0,0.0,1.0,6.25,1.09,0.36,15.46875,15.34375,14.96875,14.84375,-2.3,0.0,124.0,0.0
5.83751,0x316,0.0,0.0,1.0,6.25,1.09,0.36,15.46875,15.34375,14.96875,14.84375,-2.3,0.0,122.0,0.0
5.84048,0x2B0,0.0,0.0,1.0,6.25,1.09,0.36,15.46875,15.34375,14.96875,14.84375,-2.4,0.0,122.0,0.0
5.84598,0x220,0.0,0.0,1.0,6.25,0.82,0.32,15.46875,15.34375,14.96875,14.84375,-2.4,0.0,122.0,0.0
5.84646,0x386,0.0,0.0,1.0,6.25,0.82,0.32,15.53125,15.1875,14.9375,14.96875,-2.4,0.0,122.0,0.0
5.84748,0x316,0.0,0.0,1.0,6.25,0.82,0.32,15.53125,15.1875,14.9375,14.96875,-2.4,0.0,122.0,0.0
5.8505,0x2B0,0.0,0.0,1.0,6.25,0.82,0.32,15.53125,15.1875,14.9375,14.96875,-2.4,0.0,122.0,0.0
5.85599,0x220,0.0,0.0,1.0,6.25,0.65,0.08,15.53125,15.1875,14.9375,14.96875,-2.4,0.0,122.0,0.0
5.85743,0x316,0.0,0.0,1.0,6.25,0.65,0.08,15.53125,15.1875,14.9375,14.96875,-2.4,0.0,122.0,0.0
5.86052,0x2B0,0.0,0.0,1.0,6.25,0.65,0.08,15.53125,15.1875,14.9375,14.96875,-2.4,0.0,122.0,0.0
5.86598,0x220,0.0,0.0,1.0,6.25,0.58,-0.08,15.53125,15.1875,14.9375,14.96875,-2.4,0.0,122.0,0.0
5.86645,0x386,0.0,0.0,1.0,6.25,0.58,-0.08,15.34375,15.4375,14.96875,15.0,-2.4,0.0,122.0,0.0
5.86763,0x316,0.0,0.0,1.0,6.25,0.58,-0.08,15.34375,15.4375,14.96875,15.0,-2.4,0.0,122.0,0.0
5.87048,0x2B0,0.0,0.0,1.0,6.25,0.58,-0.08,15.34375,15.4375,14.96875,15.0,-2.4,0.0,122.0,0.0
5.876,0x220,0.0,0.0,1.0,6.25,0.65,-0.11,15.34375,15.4375,14.96875,15.0,-2.4,0.0,122.0,0.0
5.8779,0x316,0.0,0.0,1.0,6.25,0.65,-0.11,15.34375,15.4375,14.96875,15.0,-2.4,0.0,122.0,0.0
5.88048,0x2B0,0.0,0.0,1.0,6.25,0.65,-0.11,15.34375,15.4375,14.96875,15.0,-2.4,0.0,122.0,0.0
5.88599,0x220,0.0,0.0,1.0,6.25,0.75,-0.01,15.34375,15.4375,14.96875,15.0,-2.4,0.0,122.0,0.0
5.88647,0x386,0.0,0.0,1.0,6.25,0.75,-0.01,15.5,15.25,14.96875,14.96875,-2.4,0.0,122.0,0.0
5.88744,0x316,0.0,0.0,1.0,6.25,0.75,-0.01,15.5,15.25,14.96875,14.96875,-2.4,0.0,132.0,0.0
5.8905,0x2B0,0.0,0.0,1.0,6.25,0.75,-0.01,15.5,15.25,14.96875,14.96875,-2.5,0.0,132.0,0.0
5.896,0x220,0.0,0.0,1.0,6.25,0.81,0.18,15.5,15.25,14.96875,14.96875,-2.5,0.0,132.0,0.0
5.89754,0x316,0.0,0.0,1.0,6.25,0.81,0.18,15.5,15.25,14.96875,14.96875,-2.5,0.0,140.0,0.0
5.90044,0x2B0,0.0,0.0,1.0,6.25,0.81,0.18,15.5,15.25,14.96875,14.96875,-2.5,0.0,140.0,0.0
5.90599,0x220,0.0,0.0,1.0,6.25,0.84,0.45,15.5,15.25,14.96875,14.96875,-2.5,0.0,140.0,0.0
5.90647,0x386,0.0,0.0,1.0,6.25,0.84,0.45,15.4375,15.40625,14.875,14.96875,-2.5,0.0,140.0,0.0
5.90743,0x316,0.0,0.0,1.0,6.25,0.84,0.45,15.4375,15.40625,14.875,14.96875,-2.5,0.0,147.0,0.0
5.91044,0x2B0,0.0,0.0,1.0,6.25,0.84,0.45,15.4375,15.40625,14.875,14.96875,-2.5,0.0,147.0,0.0
5.916,0x220,0.0,0.0,1.0,6.25,0.87,0.46,15.4375,15.40625,14.875,14.96875,-2.5,0.0,147.0,0.0
5.91749,0x316,0.0,0.0,1.0,6.25,0.87,0.46,15.4375,15.40625,14.875,14.96875,-2.5,0.0,152.0,0.0
5.92044,0x2B0,0.0,0.0,1.0,6.25,0.87,0.46,15.4375,15.40625,14.875,14.96875,-2.5,0.0,152.0,0.0
5.92601,0x220,0.0,0.0,1.0,6.25,0.86,0.1,15.4375,15.40625,14.875,14.96875,-2.5,0.0,152.0,0.0
5.92649,0x386,0.0,0.0,1.0,6.25,0.86,0.1,15.5,15.59375,14.9375,15.125,-2.5,0.0,152.0,0.0
5.92745,0x316,0.0,0.0,1.0,6.25,0.86,0.1,15.5,15.59375,14.9375,15.125,-2.5,0.0,155.0,0.0
5.93051,0x2B0,0.0,0.0,1.0,6.25,0.86,0.1,15.5,15.59375,14.9375,15.125,-2.5,0.0,155.0,0.0
5.93602,0x220,0.0,0.0,1.0,6.25,0.77,-0.19,15.5,15.59375,14.9375,15.125,-2.5,0.0,155.0,0.0
5.9374,0x316,0.0,0.0,1.0,6.25,0.77,-0.19,15.5,15.59375,14.9375,15.125,-2.5,0.0,158.0,0.0
5.94046,0x2B0,0.0,0.0,1.0,6.25,0.77,-0.19,15.5,15.59375,14.9375,15.125,-2.4,0.0,158.0,0.0
5.94601,0x220,0.0,0.0,1.0,6.25,0.64,-0.09,15.5,15.59375,14.9375,15.125,-2.4,0.0,158.0,0.0
5.94648,0x386,0.0,0.0,1.0,6.25,0.64,-0.09,15.625,15.34375,14.90625,15.125,-2.4,0.0,158.0,0.0
5.94744,0x316,0.0,0.0,1.0,6.25,0.64,-0.09,15.625,15.34375,14.90625,15.125,-2.4,0.0,158.0,0.0
5.95042,0x2B0,0.0,0.0,1.0,6.25,0.64,-0.09,15.625,15.34375,14.90625,15.125,-2.4,0.0,158.0,0.0
5.95602,0x220,0.0,0.0,1.0,6.25,0.63,0.26,15.625,15.34375,14.90625,15.125,-2.4,0.0,158.0,0.0
5.95749,0x316,0.0,0.0,1.0,6.25,0.63,0.26,15.625,15.34375,14.90625,15.125,-2.4,0.0,158.0,0.0
5.96055,0x2B0,0.0,0.0,1.0,6.25,0.63,0.26,15.625,15.34375,14.90625,15.125,-2.4,0.0,158.0,0.0
5.96602,0x220,0.0,0.0,1.0,6.25,0.75,0.49,15.625,15.34375,14.90625,15.125,-2.4,0.0,158.0,0.0
5.9665,0x386,0.0,0.0,1.0,6.25,0.75,0.49,15.5625,15.65625,15.25,15.21875,-2.4,0.0,158.0,0.0
5.96767,0x316,0.0,0.0,1.0,6.25,0.75,0.49,15.5625,15.65625,15.25,15.21875,-2.4,0.0,158.0,0.0
5.97042,0x2B0,0.0,0.0,1.0,6.25,0.75,0.49,15.5625,15.65625,15.25,15.21875,-2.4,0.0,158.0,0.0
5.97603,0x220,0.0,0.0,1.0,6.25,0.86,0.34,15.5625,15.65625,15.25,15.21875,-2.4,0.0,158.0,0.0
5.97759,0x316,0.0,0.0,1.0,6.25,0.86,0.34,15.5625,15.65625,15.25,15.21875,-2.4,0.0,158.0,0.0
5.98042,0x2B0,0.0,0.0,1.0,6.25,0.86,0.34,15.5625,15.65625,15.25,15.21875,-2.4,0.0,158.0,0.0
5.98602,0x220,0.0,0.0,1.0,6.25,0.9,0.05,15.5625,15.65625,15.25,15.21875,-2.4,0.0,158.0,0.0
5.9865,0x386,0.0,0.0,1.0,6.25,0.9,0.05,15.625,15.65625,15.40625,15.28125,-2.4,0.0,158.0,0.0
5.98745,0x316,0.0,0.0,1.0,6.25,0.9,0.05,15.625,15.65625,15.40625,15.28125,-2.4,0.0,152.0,0.0
5.99042,0x2B0,0.0,0.0,1.0,6.25,0.9,0.05,15.625,15.65625,15.40625,15.28125,-2.4,0.0,152.0,0.0
5.99603,0x220,0.0,0.0,1.0,6.25,0.9,0.0,15.625,15.65625,15.40625,15.28125,-2.4,0.0,152.0,0.0
5.99761,0x316,0.0,0.0,1.0,6.25,0.9,0.0,15.625,15.65625,15.40625,15.28125,-2.4,0.0,150.0,0.0
6.00043,0x2B0,0.0,0.0,1.0,6.25,0.9,0.0,15.625,15.65625,15.40625,15.28125,-2.4,0.0,150.0,0.0
6.00603,0x220,0.0,0.0,1.0,6.25,1.07,0.29,15.625,15.65625,15.40625,15.28125,-2.4,0.0,150.0,0.0
6.00651,0x386,0.0,0.0,1.0,6.25,1.07,0.29,15.8125,15.8125,15.1875,15.15625,-2.4,0.0,150.0,0.0
6.00746,0x316,0.0,0.0,1.0,6.25,1.07,0.29,15.8125,15.8125,15.1875,15.15625,-2.4,0.0,147.0,0.0
6.01043,0x2B0,0.0,0.0,1.0,6.25,1.07,0.29,15.8125,15.8125,15.1875,15.15625,-2.4,0.0,147.0,0.0
6.01603,0x220,0.0,0.0,1.0,6.25,1.39,0.4,15.8125,15.8125,15.1875,15.15625,-2.4,0.0,147.0,0.0
6.01739,0x316,0.0,0.0,1.0,6.25,1.39,0.4,15.8125,15.8125,15.1875,15.15625,-2.4,0.0,145.0,0.0
6.02042,0x2B0,0.0,0.0,1.0,6.25,1.39,0.4,15.8125,15.8125,15.1875,15.15625,-2.4,0.0,145.0,0.0
6.02604,0x220,0.0,0.0,1.0,6.25,1.68,0.08,15.8125,15.8125,15.1875,15.15625,-2.4,0.0,145.0,0.0
6.02651,0x386,0.0,0.0,1.0,6.25,1.68,0.08,15.71875,16.0,14.625,15.3125,-2.4,0.0,145.0,0.0
6.02747,0x316,0.0,0.0,1.0,6.25,1.68,0.08,15.71875,16.0,14.625,15.3125,-2.4,0.0,142.0,0.0
6.03048,0x2B0,0.0,0.0,1.0,6.25,1.68,0.08,15.71875,16.0,14.625,15.3125,-2.4,0.0,142.0,0.0
6.03604,0x220,0.0,0.0,1.0,6.25,1.78,-0.26,15.71875,16.0,14.625,15.3125,-2.4,0.0,142.0,0.0
6.03744,0x316,0.0,0.0,1.0,6.25,1.78,-0.26,15.71875,16.0,14.625,15.3125,-2.4,0.0,140.0,0.0
6.04047,0x2B0,0.0,0.0,1.0,6.25,1.78,-0.26,15.71875,16.0,14.625,15.3125,-2.6,8.0,140.0,0.0
6.04604,0x220,0.0,0.0,1.0,6.25,1.73,-0.18,15.71875,16.0,14.625,15.3125,-2.6,8.0,140.0,0.0
6.04651,0x386,0.0,0.0,1.0,6.25,1.73,-0.18,16.0,15.8125,14.625,14.90625,-2.6,8.0,140.0,0.0
6.04747,0x316,0.0,0.0,1.0,6.25,1.73,-0.18,16.0,15.8125,14.625,14.90625,-2.6,8.0,137.0,0.0
6.05051,0x2B0,0.0,0.0,1.0,6.25,1.73,-0.18,16.0,15.8125,14.625,14.90625,-2.6,8.0,137.0,0.0
6.05606,0x220,0.0,0.0,1.0,6.25,1.64,0.27,16.0,15.8125,14.625,14.90625,-2.6,8.0,137.0,0.0
6.05742,0x316,0.0,0.0,1.0,6.25,1.64,0.27,16.0,15.8125,14.625,14.90625,-2.6,8.0,135.0,0.0
6.06058,0x2B0,0.0,0.0,1.0,6.25,1.64,0.27,16.0,15.8125,14.625,14.90625,-2.7,0.0,135.0,0.0
6.06605,0x220,0.0,0.0,1.0,6.25,1.65,0.52,16.0,15.8125,14.625,14.90625,-2.7,0.0,135.0,0.0
6.06653,0x386,0.0,0.0,1.0,6.25,1.65,0.52,15.96875,16.0625,14.8125,14.84375,-2.7,0.0,135.0,0.0
6.06764,0x316,0.0,0.0,1.0,6.25,1.65,0.52,15.96875,16.0625,14.8125,14.84375,-2.7,0.0,130.0,0.0
6.0705,0x2B0,0.0,0.0,1.0,6.25,1.65,0.52,15.96875,16.0625,14.8125,14.84375,-2.7,0.0,130.0,0.0
6.07606,0x220,0.0,0.0,1.0,6.25,1.78,0.33,15.96875,16.0625,14.8125,14.84375,-2.7,0.0,130.0,0.0
6.07779,0x316,0.0,0.0,1.0,6.25,1.78,0.33,15.96875,16.0625,14.8125,14.84375,-2.7,0.0,130.0,0.0
6.08048,0x2B0,0.0,0.0,1.0,6.25,1.78,0.33,15.96875,16.0625,14.8125,14.84375,-2.9,8.0,130.0,0.0
6.08606,0x220,0.0,0.0,1.0,6.25,1.88,0.11,15.96875,16.0625,14.8125,14.84375,-2.9,8.0,130.0,0.0
6.08654,0x386,0.0,0.0,1.0,6.25,1.88,0.11,15.8125,15.90625,15.15625,15.09375,-2.9,8.0,130.0,0.0
6.0875,0x316,0.0,0.0,1.0,6.25,1.88,0.11,15.8125,15.90625,15.15625,15.09375,-2.9,8.0,122.0,0.0
6.09049,0x2B0,0.0,0.0,1.0,6.25,1.88,0.11,15.8125,15.90625,15.15625,15.09375,-2.9,8.0,122.0,0.0
6.09607,0x220,0.0,0.0,1.0,6.25,1.97,0.2,15.8125,15.90625,15.15625,15.09375,-2.9,8.0,122.0,0.0
6.09756,0x316,0.0,0.0,1.0,6.25,1.97,0.2,15.8125,15.90625,15.15625,15.09375,-2.9,8.0,117.0,0.0
6.1005,0x2B0,0.0,0.0,1.0,6.25,1.97,0.2,15.8125,15.90625,15.15625,15.09375,-3.0,0.0,117.0,0.0
6.10608,0x220,0.0,0.0,1.0,6.25,2.09,0.33,15.8125,15.90625,15.15625,15.09375,-3.0,0.0,117.0,0.0
6.10656,0x386,0.0,0.0,1.0,6.25,2.09,0.33,15.9375,15.78125,15.34375,15.5625,-3.0,0.0,117.0,0.0
6.10752,0x316,0.0,0.0,1.0,6.25,2.09,0.33,15.9375,15.78125,15.34375,15.5625,-3.0,0.0,112.0,0.0
6.11041,0x2B0,0.0,0.0,1.0,6.25,2.09,0.33,15.9375,15.78125,15.34375,15.5625,-3.0,0.0,112.0,0.0
6.11607,0x220,0.0,0.0,1.0,6.25,2.18,0.22,15.9375,15.78125,15.34375,15.5625,-3.0,0.0,112.0,0.0
6.11739,0x316,0.0,0.0,1.0,6.25,2.18,0.22,15.9375,15.78125,15.34375,15.5625,-3.0,0.0,109.0,0.0
6.12041,0x2B0,0.0,0.0,1.0,6.25,2.18,0.22,15.9375,15.78125,15.34375,15.5625,-3.0,0.0,109.0,0.0
6.12608,0x220,0.0,0.0,1.0,6.25,2.17,-0.01,15.9375,15.78125,15.34375,15.5625,-3.0,0.0,109.0,0.0
6.12656,0x386,0.0,0.0,1.0,6.25,2.17,-0.01,15.75,15.84375,15.46875,15.15625,-3.0,0.0,109.0,0.0
6.12752,0x316,0.0,0.0,1.0,6.25,2.17,-0.01,15.75,15.84375,15.46875,15.15625,-3.0,0.0,104.0,0.0
6.13043,0x2B0,0.0,0.0,1.0,6.25,2.17,-0.01,15.75,15.84375,15.46875,15.15625,-3.0,0.0,104.0,0.0
6.13608,0x220,0.0,0.0,1.0,6.25,2.02,-0.22,15.75,15.84375,15.46875,15.15625,-3.0,0.0,104.0,0.0
6.13745,0x316,0.0,0.0,1.0,6.25,2.02,-0.22,15.75,15.84375,15.46875,15.15625,-3.0,0.0,101.0,0.0
6.1404,0x2B0,0.0,0.0,1.0,6.25,2.02,-0.22,15.75,15.84375,15.46875,15.15625,-3.0,0.0,101.0,0.0
6.14608,0x220,0.0,0.0,1.0,6.25,1.86,-0.26,15.75,15.84375,15.46875,15.15625,-3.0,0.0,101.0,0.0
6.14656,0x386,0.0,0.0,1.0,6.25,1.86,-0.26,15.6875,15.65625,15.5,15.28125,-3.0,0.0,101.0,0.0
6.14751,0x316,0.0,0.0,1.0,6.25,1.86,-0.26,15.6875,15.65625,15.5,15.28125,-3.0,0.0,99.0,0.0
6.15042,0x2B0,0.0,0.0,1.0,6.25,1.86,-0.26,15.6875,15.65625,15.5,15.28125,-3.0,0.0,99.0,0.0
6.15609,0x220,0.0,0.0,1.0,6.25,1.77,-0.12,15.6875,15.65625,15.5,15.28125,-3.0,0.0,99.0,0.0
6.15741,0x316,0.0,0.0,1.0,6.25,1.77,-0.12,15.6875,15.65625,15.5,15.28125,-3.0,0.0,99.0,0.0
6.16061,0x2B0,0.0,0.0,1.0,6.25,1.77,-0.12,15.6875,15.65625,15.5,15.28125,-3.0,0.0,99.0,0.0
6.16608,0x220,0.0,0.0,1.0,6.25,1.7,-0.09,15.6875,15.65625,15.5,15.28125,-3.0,0.0,99.0,0.0
6.16656,0x386,0.0,0.0,1.0,6.25,1.7,-0.09,15.59375,15.6875,15.5,15.46875,-3.0,0.0,99.0,0.0
6.16769,0x316,0.0,0.0,1.0,6.25,1.7,-0.09,15.59375,15.6875,15.5,15.46875,-3.0,0.0,99.0,0.0
6.17044,0x2B0,0.0,0.0,1.0,6.25,1.7,-0.09,15.59375,15.6875,15.5,15.46875,-3.0,0.0,99.0,0.0
6.17609,0x220,0.0,0.0,1.0,6.25,1.62,-0.31,15.59375,15.6875,15.5,15.46875,-3.0,0.0,99.0,0.0
6.17772,0x316,0.0,0.0,1.0,6.25,1.62,-0.31,15.59375,15.6875,15.5,15.46875,-3.0,0.0,99.0,0.0
6.18042,0x2B0,0.0,0.0,1.0,6.25,1.62,-0.31,15.59375,15.6875,15.5,15.46875,-3.0,0.0,99.0,0.0
6.18609,0x220,0.0,0.0,1.0,6.25,1.43,-0.48,15.59375,15.6875,15.5,15.46875,-3.0,0.0,99.0,0.0
6.18657,0x386,0.0,0.0,1.0,6.25,1.43,-0.48,15.625,15.59375,15.3125,15.21875,-3.0,0.0,99.0,0.0
6.18753,0x316,0.0,0.0,1.0,6.25,1.43,-0.48,15.625,15.59375,15.3125,15.21875,-3.0,0.0,107.0,0.0
6.19043,0x2B0,0.0,0.0,1.0,6.25,1.43,-0.48,15.625,15.59375,15.3125,15.21875,-3.0,0.0,107.0,0.0
6.19609,0x220,0.0,0.0,1.0,6.25,1.2,-0.41,15.625,15.59375,15.3125,15.21875,-3.0,0.0,107.0,0.0
6.19753,0x316,0.0,0.0,1.0,6.25,1.2,-0.41,15.625,15.59375,15.3125,15.21875,-3.0,0.0,112.0,0.0
6.2004,0x2B0,0.0,0.0,1.0,6.25,1.2,-0.41,15.625,15.59375,15.3125,15.21875,-3.0,0.0,112.0,0.0
6.2061,0x220,0.0,0.0,1.0,6.25,0.97,-0.2,15.625,15.59375,15.3125,15.21875,-3.0,0.0,112.0,0.0
6.20658,0x386,0.0,0.0,1.0,6.25,0.97,-0.2,15.65625,15.65625,15.25,15.3125,-3.0,0.0,112.0,0.0
6.20754,0x316,0.0,0.0,1.0,6.25,0.97,-0.2,15.65625,15.65625,15.25,15.3125,-3.0,0.0,117.0,0.0
6.21041,0x2B0,0.0,0.0,1.0,6.25,0.97,-0.2,15.65625,15.65625,15.25,15.3125,-3.0,0.0,117.0,0.0
6.21611,0x220,0.0,0.0,1.0,6.25,0.76,-0.13,15.65625,15.65625,15.25,15.3125,-3.0,0.0,117.0,0.0
6.21748,0x316,0.0,0.0,1.0,6.25,0.76,-0.13,15.65625,15.65625,15.25,15.3125,-3.0,0.0,122.0,0.0
6.2205,0x2B0,0.0,0.0,1.0,6.25,0.76,-0.13,15.65625,15.65625,15.25,15.3125,-3.0,0.0,122.0,0.0
6.22611,0x220,0.0,0.0,1.0,6.25,0.58,-0.18,15.65625,15.65625,15.25,15.3125,-3.0,0.0,122.0,0.0
6.22659,0x386,0.0,0.0,1.0,6.25,0.58,-0.18,15.5625,15.6875,15.15625,15.4375,-3.0,0.0,122.0,0.0
6.22754,0x316,0.0,0.0,1.0,6.25,0.58,-0.18,15.5625,15.6875,15.15625,15.4375,-3.0,0.0,127.0,0.0
6.2305,0x2B0,0.0,0.0,1.0,6.25,0.58,-0.18,15.5625,15.6875,15.15625,15.4375,-3.0,0.0,127.0,0.0
6.23611,0x220,0.0,0.0,1.0,6.25,0.37,-0.21,15.5625,15.6875,15.15625,15.4375,-3.0,0.0,127.0,0.0
6.23741,0x316,0.0,0.0,1.0,6.25,0.37,-0.21,15.5625,15.6875,15.15625,15.4375,-3.0,0.0,130.0,0.0
6.24049,0x2B0,0.0,0.0,1.0,6.25,0.37,-0.21,15.5625,15.6875,15.15625,15.4375,-3.0,0.0,130.0,0.0
6.24612,0x220,0.0,0.0,1.0,6.25,0.2,-0.07,15.5625,15.6875,15.15625,15.4375,-3.0,0.0,130.0,0.0
6.2466,0x386,0.0,0.0,1.0,6.25,0.2,-0.07,15.8125,15.625,15.1875,15.1875,-3.0,0.0,130.0,0.0
6.24755,0x316,0.0,0.0,1.0,6.25,0.2,-0.07,15.8125,15.625,15.1875,15.1875,-3.0,0.0,130.0,0.0
6.25049,0x2B0,0.0,0.0,1.0,6.25,0.2,-0.07,15.8125,15.625,15.1875,15.1875,-3.0,0.0,130.0,0.0
6.25612,0x220,0.0,0.0,1.0,6.25,0.21,0.13,15.8125,15.625,15.1875,15.1875,-3.0,0.0,130.0,0.0
6.25749,0x316,0.0,0.0,1.0,6.25,0.21,0.13,15.8125,15.625,15.1875,15.1875,-3.0,0.0,130.0,0.0
6.26066,0x2B0,0.0,0.0,1.0,6.25,0.21,0.13,15.8125,15.625,15.1875,15.1875,-3.0,0.0,130.0,0.0
6.26613,0x220,0.0,0.0,1.0,6.25,0.37,0.24,15.8125,15.625,15.1875,15.1875,-3.0,0.0,130.0,0.0
6.2666,0x386,0.0,0.0,1.0,6.25,0.37,0.24,15.59375,15.65625,15.15625,15.28125,-3.0,0.0,130.0,0.0
6.26765,0x316,0.0,0.0,1.0,6.25,0.37,0.24,15.59375,15.65625,15.15625,15.28125,-3.0,0.0,130.0,0.0
6.27043,0x2B0,0.0,0.0,1.0,6.25,0.37,0.24,15.59375,15.65625,15.15625,15.28125,-3.0,0.0,130.0,0.0
6.27613,0x220,0.0,0.0,1.0,6.25,0.53,0.16,15.59375,15.65625,15.15625,15.28125,-3.0,0.0,130.0,0.0
6.27777,0x316,0.0,0.0,1.0,6.25,0.53,0.16,15.59375,15.65625,15.15625,15.28125,-3.0,0.0,130.0,0.0
6.2805,0x2B0,0.0,0.0,1.0,6.25,0.53,0.16,15.59375,15.65625,15.15625,15.28125,-3.0,0.0,130.0,0.0
6.28613,0x220,0.0,0.0,1.0,6.25,0.6,0.01,15.59375,15.65625,15.15625,15.28125,-3.0,0.0,130.0,0.0
6.28661,0x386,0.0,0.0,1.0,6.25,0.6,0.01,15.84375,15.6875,14.875,15.34375,-3.0,0.0,130.0,0.0
6.28757,0x316,0.0,0.0,1.0,6.25,0.6,0.01,15.84375,15.6875,14.875,15.34375,-3.0,0.0,130.0,0.0
6.29045,0x2B0,0.0,0.0,1.0,6.25,0.6,0.01,15.84375,15.6875,14.875,15.34375,-2.8,8.0,130.0,0.0
6.29614,0x220,0.0,0.0,1.0,6.25,0.62,0.02,15.84375,15.6875,14.875,15.34375,-2.8,8.0,130.0,0.0
6.29761,0x316,0.0,0.0,1.0,6.25,0.62,0.02,15.84375,15.6875,14.875,15.34375,-2.8,8.0,130.0,0.0
6.30043,0x2B0,0.0,0.0,1.0,6.25,0.62,0.02,15.84375,15.6875,14.875,15.34375,-2.8,8.0,130.0,0.0
6.30614,0x220,0.0,0.0,1.0,6.25,0.77,0.17,15.84375,15.6875,14.875,15.34375,-2.8,8.0,130.0,0.0
6.30662,0x386,0.0,0.0,1.0,6.25,0.77,0.17,15.8125,15.75,14.875,15.25,-2.8,8.0,130.0,0.0
6.30758,0x316,0.0,0.0,1.0,6.25,0.77,0.17,15.8125,15.75,14.875,15.25,-2.8,8.0,130.0,0.0
6.31044,0x2B0,0.0,0.0,1.0,6.25,0.77,0.17,15.8125,15.75,14.875,15.25,-2.8,0.0,130.0,0.0
6.31614,0x220,0.0,0.0,1.0,6.25,1.03,0.25,15.8125,15.75,14.875,15.25,-2.8,0.0,130.0,0.0
6.3174,0x316,0.0,0.0,1.0,6.25,1.03,0.25,15.8125,15.75,14.875,15.25,-2.8,0.0,130.0,0.0
6.32044,0x2B0,0.0,0.0,1.0,6.25,1.03,0.25,15.8125,15.75,14.875,15.25,-2.8,0.0,130.0,0.0
6.32614,0x220,0.0,0.0,1.0,6.25,1.25,0.11,15.8125,15.75,14.875,15.25,-2.8,0.0,130.0,0.0
6.32663,0x386,0.0,0.0,1.0,6.25,1.25,0.11,15.65625,15.75,14.96875,15.0625,-2.8,0.0,130.0,0.0
6.32759,0x316,0.0,0.0,1.0,6.25,1.25,0.11,15.65625,15.75,14.96875,15.0625,-2.8,0.0,132.0,0.0
6.33044,0x2B0,0.0,0.0,1.0,6.25,1.25,0.11,15.65625,15.75,14.96875,15.0625,-2.8,0.0,132.0,0.0
6.33614,0x220,0.0,0.0,1.0,6.25,1.43,-0.09,15.65625,15.75,14.96875,15.0625,-2.8,0.0,132.0,0.0
6.33745,0x316,0.0,0.0,1.0,6.25,1.43,-0.09,15.65625,15.75,14.96875,15.0625,-2.8,0.0,132.0,0.0
6.34045,0x2B0,0.0,0.0,1.0,6.25,1.43,-0.09,15.65625,15.75,14.96875,15.0625,-2.8,0.0,132.0,0.0
6.34614,0x220,0.0,0.0,1.0,6.25,1.53,-0.17,15.65625,15.75,14.96875,15.0625,-2.8,0.0,132.0,0.0
6.34663,0x386,0.0,0.0,1.0,6.25,1.53,-0.17,15.75,15.71875,15.03125,15.25,-2.8,0.0,132.0,0.0
6.34733,0x316,0.0,0.0,1.0,6.25,1.53,-0.17,15.75,15.71875,15.03125,15.25,-2.8,0.0,135.0,0.0
6.35045,0x2B0,0.0,0.0,1.0,6.25,1.53,-0.17,15.75,15.71875,15.03125,15.25,-2.8,0.0,135.0,0.0
6.35615,0x220,0.0,0.0,1.0,6.25,1.65,-0.04,15.75,15.71875,15.03125,15.25,-2.8,0.0,135.0,0.0
6.35744,0x316,0.0,0.0,1.0,6.25,1.65,-0.04,15.75,15.71875,15.03125,15.25,-2.8,0.0,135.0,0.0
6.36045,0x2B0,0.0,0.0,1.0,6.25,1.65,-0.04,15.75,15.71875,15.03125,15.25,-2.8,0.0,135.0,0.0
6.36615,0x220,0.0,0.0,1.0,6.25,1.86,0.0,15.75,15.71875,15.03125,15.25,-2.8,0.0,135.0,0.0
6.36663,0x386,0.0,0.0,1.0,6.25,1.86,0.0,15.71875,15.96875,15.1875,15.125,-2.8,0.0,135.0,0.0
6.36772,0x316,0.0,0.0,1.0,6.25,1.86,0.0,15.71875,15.96875,15.1875,15.125,-2.8,0.0,137.0,0.0
6.37049,0x2B0,0.0,0.0,1.0,6.25,1.86,0.0,15.71875,15.96875,15.1875,15.125,-2.8,0.0,137.0,0.0
6.37616,0x220,0.0,0.0,1.0,6.25,2.05,-0.17,15.71875,15.96875,15.1875,15.125,-2.8,0.0,137.0,0.0
6.37772,0x316,0.0,0.0,1.0,6.25,2.05,-0.17,15.71875,15.96875,15.1875,15.125,-2.8,0.0,137.0,0.0
6.38046,0x2B0,0.0,0.0,1.0,6.25,2.05,-0.17,15.71875,15.96875,15.1875,15.125,-2.7,0.0,137.0,0.0
6.38615,0x220,0.0,0.0,1.0,6.25,2.23,-0.47,15.71875,15.96875,15.1875,15.125,-2.7,0.0,137.0,0.0
6.38663,0x386,0.0,0.0,1.0,6.25,2.23,-0.47,15.78125,15.8125,15.03125,15.125,-2.7,0.0,137.0,0.0
6.38734,0x316,0.0,0.0,1.0,6.25,2.23,-0.47,15.78125,15.8125,15.03125,15.125,-2.7,0.0,135.0,0.0
6.39046,0x2B0,0.0,0.0,1.0,6.25,2.23,-0.47,15.78125,15.8125,15.03125,15.125,-2.7,0.0,135.0,0.0
6.39615,0x220,0.0,0.0,1.0,6.25,2.32,-0.62,15.78125,15.8125,15.03125,15.125,-2.7,0.0,135.0,0.0
6.39755,0x316,0.0,0.0,1.0,6.25,2.32,-0.62,15.78125,15.8125,15.03125,15.125,-2.7,0.0,135.0,0.0
6.40047,0x2B0,0.0,0.0,1.0,6.25,2.32,-0.62,15.78125,15.8125,15.03125,15.125,-2.7,0.0,135.0,0.0
6.40615,0x220,0.0,0.0,1.0,6.25,2.36,-0.58,15.78125,15.8125,15.03125,15.125,-2.7,0.0,135.0,0.0
6.40663,0x386,0.0,0.0,1.0,6.25,2.36,-0.58,15.75,15.875,15.0,15.09375,-2.7,0.0,135.0,0.0
6.40759,0x316,0.0,0.0,1.0,6.25,2.36,-0.58,15.75,15.875,15.0,15.09375,-2.7,0.0,132.0,0.0
6.41046,0x2B0,0.0,0.0,1.0,6.25,2.36,-0.58,15.75,15.875,15.0,15.09375,-2.7,0.0,132.0,0.0
6.41617,0x220,0.0,0.0,1.0,6.25,2.44,-0.55,15.75,15.875,15.0,15.09375,-2.7,0.0,132.0,0.0
6.41746,0x316,0.0,0.0,1.0,6.25,2.44,-0.55,15.75,15.875,15.0,15.09375,-2.7,0.0,132.0,0.0
6.42047,0x2B0,0.0,0.0,1.0,6.25,2.44,-0.55,15.75,15.875,15.0,15.09375,-2.7,0.0,132.0,0.0
6.42616,0x220,0.0,0.0,1.0,6.25,2.46,-0.67,15.75,15.875,15.0,15.09375,-2.7,0.0,132.0,0.0
6.42663,0x386,0.0,0.0,1.0,6.25,2.46,-0.67,15.84375,15.875,14.8125,14.9375,-2.7,0.0,132.0,0.0
6.42735,0x316,0.0,0.0,1.0,6.25,2.46,-0.67,15.84375,15.875,14.8125,14.9375,-2.7,0.0,130.0,0.0
6.43047,0x2B0,0.0,0.0,1.0,6.25,2.46,-0.67,15.84375,15.875,14.8125,14.9375,-2.7,0.0,130.0,0.0
6.43616,0x220,0.0,0.0,1.0,6.25,2.37,-0.8,15.84375,15.875,14.8125,14.9375,-2.7,0.0,130.0,0.0
6.43744,0x316,0.0,0.0,1.0,6.25,2.37,-0.8,15.84375,15.875,14.8125,14.9375,-2.7,0.0,130.0,0.0
6.44047,0x2B0,0.0,0.0,1.0,6.25,2.37,-0.8,15.84375,15.875,14.8125,14.9375,-2.7,0.0,130.0,0.0
6.44615,0x220,0.0,0.0,1.0,6.25,2.26,-0.83,15.84375,15.875,14.8125,14.9375,-2.7,0.0,130.0,0.0
6.44663,0x386,0.0,0.0,1.0,6.25,2.26,-0.83,15.8125,15.84375,14.875,14.96875,-2.7,0.0,130.0,0.0
6.44735,0x316,0.0,0.0,1.0,6.25,2.26,-0.83,15.8125,15.84375,14.875,14.96875,-2.7,0.0,130.0,0.0
6.45048,0x2B0,0.0,0.0,1.0,6.25,2.26,-0.83,15.8125,15.84375,14.875,14.96875,-2.7,0.0,130.0,0.0
6.45616,0x220,0.0,0.0,1.0,6.25,2.14,-0.84,15.8125,15.84375,14.875,14.96875,-2.7,0.0,130.0,0.0
6.45754,0x316,0.0,0.0,1.0,6.25,2.14,-0.84,15.8125,15.84375,14.875,14.96875,-2.7,0.0,130.0,0.0
6.46048,0x2B0,0.0,0.0,1.0,6.25,2.14,-0.84,15.8125,15.84375,14.875,14.96875,-2.7,0.0,130.0,0.0
6.46616,0x220,0.0,0.0,1.0,6.25,2.0,-0.9,15.8125,15.84375,14.875,14.96875,-2.7,0.0,130.0,0.0
6.46663,0x386,0.0,0.0,1.0,6.25,2.0,-0.9,15.78125,16.0,15.09375,15.1875,-2.7,0.0,130.0,0.0
6.46762,0x316,0.0,0.0,1.0,6.25,2.0,-0.9,15.78125,16.0,15.09375,15.1875,-2.7,0.0,132.0,0.0
6.47049,0x2B0,0.0,0.0,1.0,6.25,2.0,-0.9,15.78125,16.0,15.09375,15.1875,-2.7,0.0,132.0,0.0
6.47616,0x220,0.0,0.0,1.0,6.25,1.87,-0.92,15.78125,16.0,15.09375,15.1875,-2.7,0.0,132.0,0.0
6.47782,0x316,0.0,0.0,1.0,6.25,1.87,-0.92,15.78125,16.0,15.09375,15.1875,-2.7,0.0,132.0,0.0
6.48049,0x2B0,0.0,0.0,1.0,6.25,1.87,-0.92,15.78125,16.0,15.09375,15.1875,-2.7,0.0,132.0,0.0
6.48615,0x220,0.0,0.0,1.0,6.25,1.74,-0.85,15.78125,16.0,15.09375,15.1875,-2.7,0.0,132.0,0.0
6.48663,0x386,0.0,0.0,1.0,6.25,1.74,-0.85,15.8125,15.8125,15.28125,15.46875,-2.7,0.0,132.0,0.0
6.48734,0x316,0.0,0.0,1.0,6.25,1.74,-0.85,15.8125,15.8125,15.28125,15.46875,-2.7,0.0,135.0,0.0
6.49049,0x2B0,0.0,0.0,1.0,6.25,1.74,-0.85,15.8125,15.8125,15.28125,15.46875,-2.7,0.0,135.0,0.0
6.49615,0x220,0.0,0.0,1.0,6.25,1.63,-0.67,15.8125,15.8125,15.28125,15.46875,-2.7,0.0,135.0,0.0
6.49765,0x316,0.0,0.0,1.0,6.25,1.63,-0.67,15.8125,15.8125,15.28125,15.46875,-2.7,0.0,135.0,0.0
6.5005,0x2B0,0.0,0.0,1.0,6.25,1.63,-0.67,15.8125,15.8125,15.28125,15.46875,-2.7,0.0,135.0,0.0
6.50616,0x220,0.0,0.0,1.0,6.25,1.61,-0.52,15.8125,15.8125,15.28125,15.46875,-2.7,0.0,135.0,0.0
6.50663,0x386,0.0,0.0,1.0,6.25,1.61,-0.52,15.78125,15.96875,15.1875,15.34375,-2.7,0.0,135.0,0.0
6.50759,0x316,0.0,0.0,1.0,6.25,1.61,-0.52,15.78125,15.96875,15.1875,15.34375,-2.7,0.0,135.0,0.0
6.5105,0x2B0,0.0,0.0,1.0,6.25,1.61,-0.52,15.78125,15.96875,15.1875,15.34375,-2.7,0.0,135.0,0.0
6.51616,0x220,0.0,0.0,1.0,6.25,1.61,-0.52,15.78125,15.96875,15.1875,15.34375,-2.7,0.0,135.0,0.0
6.51743,0x316,0.0,0.0,1.0,6.25,1.61,-0.52,15.78125,15.96875,15.1875,15.34375,-2.7,0.0,132.0,0.0
6.52051,0x2B0,0.0,0.0,1.0,6.25,1.61,-0.52,15.78125,15.96875,15.1875,15.34375,-2.7,0.0,132.0,0.0
6.52616,0x220,0.0,0.0,1.0,6.25,1.56,-0.51,15.78125,15.96875,15.1875,15.34375,-2.7,0.0,132.0,0.0
6.52663,0x386,0.0,0.0,1.0,6.25,1.56,-0.51,15.84375,15.75,15.21875,15.28125,-2.7,0.0,132.0,0.0
6.52735,0x316,0.0,0.0,1.0,6.25,1.56,-0.51,15.84375,15.75,15.21875,15.28125,-2.7,0.0,130.0,0.0
6.53051,0x2B0,0.0,0.0,1.0,6.25,1.56,-0.51,15.84375,15.75,15.21875,15.28125,-2.7,0.0,130.0,0.0
6.53616,0x220,0.0,0.0,1.0,6.25,1.47,-0.37,15.84375,15.75,15.21875,15.28125,-2.7,0.0,130.0,0.0
6.53753,0x316,0.0,0.0,1.0,6.25,1.47,-0.37,15.84375,15.75,15.21875,15.28125,-2.7,0.0,127.0,0.0
6.54051,0x2B0,0.0,0.0,1.0,6.25,1.47,-0.37,15.84375,15.75,15.21875,15.28125,-2.7,0.0,127.0,0.0
6.54616,0x220,0.0,0.0,1.0,6.25,1.39,-0.15,15.84375,15.75,15.21875,15.28125,-2.7,0.0,127.0,0.0
6.54664,0x386,0.0,0.0,1.0,6.25,1.39,-0.15,15.9375,15.84375,15.28125,15.4375,-2.7,0.0,127.0,0.0
6.5476,0x316,0.0,0.0,1.0,6.25,1.39,-0.15,15.9375,15.84375,15.28125,15.4375,-2.7,0.0,124.0,0.0
6.55051,0x2B0,0.0,0.0,1.0,6.25,1.39,-0.15,15.9375,15.84375,15.28125,15.4375,-2.7,0.0,124.0,0.0
6.55616,0x220,0.0,0.0,1.0,6.25,1.31,-0.03,15.9375,15.84375,15.28125,15.4375,-2.7,0.0,124.0,0.0
6.55746,0x316,0.0,0.0,1.0,6.25,1.31,-0.03,15.9375,15.84375,15.28125,15.4375,-2.7,0.0,122.0,0.0
6.56052,0x2B0,0.0,0.0,1.0,6.25,1.31,-0.03,15.9375,15.84375,15.28125,15.4375,-2.7,0.0,122.0,0.0
6.56616,0x220,0.0,0.0,1.0,6.25,1.09,0.02,15.9375,15.84375,15.28125,15.4375,-2.7,0.0,122.0,0.0
6.56664,0x386,0.0,0.0,1.0,6.25,1.09,0.02,15.65625,15.75,15.1875,15.25,-2.7,0.0,122.0,0.0
6.56763,0x316,0.0,0.0,1.0,6.25,1.09,0.02,15.65625,15.75,15.1875,15.25,-2.7,0.0,119.0,0.0
6.57052,0x2B0,0.0,0.0,1.0,6.25,1.09,0.02,15.65625,15.75,15.1875,15.25,-2.7,0.0,119.0,0.0
6.57617,0x220,0.0,0.0,1.0,6.25,0.78,0.14,15.65625,15.75,15.1875,15.25,-2.7,0.0,119.0,0.0
6.57777,0x316,0.0,0.0,1.0,6.25,0.78,0.14,15.65625,15.75,15.1875,15.25,-2.7,0.0,119.0,0.0
6.58052,0x2B0,0.0,0.0,1.0,6.25,0.78,0.14,15.65625,15.75,15.1875,15.25,-2.7,0.0,119.0,0.0
6.58617,0x220,0.0,0.0,1.0,6.25,0.53,0.25,15.65625,15.75,15.1875,15.25,-2.7,0.0,119.0,0.0
6.58665,0x386,0.0,0.0,1.0,6.25,0.53,0.25,15.8125,15.75,15.34375,15.375,-2.7,0.0,119.0,0.0
6.58761,0x316,0.0,0.0,1.0,6.25,0.53,0.25,15.8125,15.75,15.34375,15.375,-2.7,0.0,119.0,0.0
6.59053,0x2B0,0.0,0.0,1.0,6.25,0.53,0.25,15.8125,15.75,15.34375,15.375,-2.7,0.0,119.0,0.0
6.59616,0x220,0.0,0.0,1.0,6.25,0.47,0.32,15.8125,15.75,15.34375,15.375,-2.7,0.0,119.0,0.0
6.59759,0x316,0.0,0.0,1.0,6.25,0.47,0.32,15.8125,15.75,15.34375,15.375,-2.7,0.0,119.0,0.0
6.60053,0x2B0,0.0,0.0,1.0,6.25,0.47,0.32,15.8125,15.75,15.34375,15.375,-2.7,0.0,119.0,0.0
6.60616,0x220,0.0,0.0,1.0,6.25,0.64,0.36,15.8125,15.75,15.34375,15.375,-2.7,0.0,119.0,0.0
6.60664,0x386,0.0,0.0,1.0,6.25,0.64,0.36,15.59375,15.6875,15.25,15.34375,-2.7,0.0,119.0,0.0
6.60736,0x316,0.0,0.0,1.0,6.25,0.64,0.36,15.59375,15.6875,15.25,15.34375,-2.7,0.0,122.0,0.0
6.61054,0x2B0,0.0,0.0,1.0,6.25,0.64,0.36,15.59375,15.6875,15.25,15.34375,-2.7,0.0,122.0,0.0
6.61616,0x220,0.0,0.0,1.0,6.25,0.91,0.37,15.59375,15.6875,15.25,15.34375,-2.7,0.0,122.0,0.0
6.61755,0x316,0.0,0.0,1.0,6.25,0.91,0.37,15.59375,15.6875,15.25,15.34375,-2.7,0.0,124.0,0.0
6.62054,0x2B0,0.0,0.0,1.0,6.25,0.91,0.37,15.59375,15.6875,15.25,15.34375,-2.7,0.0,124.0,0.0
6.62617,0x220,0.0,0.0,1.0,6.25,1.12,0.31,15.59375,15.6875,15.25,15.34375,-2.7,0.0,124.0,0.0
6.62664,0x386,0.0,0.0,1.0,6.25,1.12,0.31,15.625,15.6875,15.21875,15.34375,-2.7,0.0,124.0,0.0
6.6276,0x316,0.0,0.0,1.0,6.25,1.12,0.31,15.625,15.6875,15.21875,15.34375,-2.7,0.0,124.0,0.0
6.63054,0x2B0,0.0,0.0,1.0,6.25,1.12,0.31,15.625,15.6875,15.21875,15.34375,-2.7,0.0,124.0,0.0
6.63616,0x220,0.0,0.0,1.0,6.25,1.25,0.3,15.625,15.6875,15.21875,15.34375,-2.7,0.0,124.0,0.0
6.63744,0x316,0.0,0.0,1.0,6.25,1.25,0.3,15.625,15.6875,15.21875,15.34375,-2.7,0.0,124.0,0.0
6.64055,0x2B0,0.0,0.0,1.0,6.25,1.25,0.3,15.625,15.6875,15.21875,15.34375,-2.7,0.0,124.0,0.0
6.64616,0x220,0.0,0.0,1.0,6.25,1.26,0.38,15.625,15.6875,15.21875,15.34375,-2.7,0.0,124.0,0.0
6.64663,0x386,0.0,0.0,1.0,6.25,1.26,0.38,15.75,15.6875,15.3125,15.375,-2.7,0.0,124.0,0.0
6.64734,0x316,0.0,0.0,1.0,6.25,1.26,0.38,15.75,15.6875,15.3125,15.375,-2.7,0.0,124.0,0.0
6.65055,0x2B0,0.0,0.0,1.0,6.25,1.26,0.38,15.75,15.6875,15.3125,15.375,-2.6,0.0,124.0,0.0
6.65616,0x220,0.0,0.0,1.0,6.25,1.18,0.49,15.75,15.6875,15.3125,15.375,-2.6,0.0,124.0,0.0
6.65757,0x316,0.0,0.0,1.0,6.25,1.18,0.49,15.75,15.6875,15.3125,15.375,-2.6,0.0,122.0,0.0
6.66055,0x2B0,0.0,0.0,1.0,6.25,1.18,0.49,15.75,15.6875,15.3125,15.375,-2.6,0.0,122.0,0.0
6.66615,0x220,0.0,0.0,1.0,6.25,1.2,0.49,15.75,15.6875,15.3125,15.375,-2.6,0.0,122.0,0.0
6.66663,0x386,0.0,0.0,1.0,6.25,1.2,0.49,15.78125,15.8125,15.53125,15.5,-2.6,0.0,122.0,0.0
6.66767,0x316,0.0,0.0,1.0,6.25,1.2,0.49,15.78125,15.8125,15.53125,15.5,-2.6,0.0,119.0,0.0
6.67055,0x2B0,0.0,0.0,1.0,6.25,1.2,0.49,15.78125,15.8125,15.53125,15.5,-2.6,0.0,119.0,0.0
6.67616,0x220,0.0,0.0,1.0,6.25,1.3,0.39,15.78125,15.8125,15.53125,15.5,-2.6,0.0,119.0,0.0
6.67784,0x316,0.0,0.0,1.0,6.25,1.3,0.39,15.78125,15.8125,15.53125,15.5,-2.6,0.0,119.0,0.0
6.68056,0x2B0,0.0,0.0,1.0,6.25,1.3,0.39,15.78125,15.8125,15.53125,15.5,-2.5,0.0,119.0,0.0
6.68616,0x220,0.0,0.0,1.0,6.25,1.47,0.22,15.78125,15.8125,15.53125,15.5,-2.5,0.0,119.0,0.0
6.68664,0x386,0.0,0.0,1.0,6.25,1.47,0.22,15.75,15.75,15.59375,15.3125,-2.5,0.0,119.0,0.0
6.68735,0x316,0.0,0.0,1.0,6.25,1.47,0.22,15.75,15.75,15.59375,15.3125,-2.5,0.0,112.0,0.0
6.69057,0x2B0,0.0,0.0,1.0,6.25,1.47,0.22,15.75,15.75,15.59375,15.3125,-2.5,0.0,112.0,0.0
6.69616,0x220,0.0,0.0,1.0,6.25,1.7,0.09,15.75,15.75,15.59375,15.3125,-2.5,0.0,112.0,0.0
6.69766,0x316,0.0,0.0,1.0,6.25,1.7,0.09,15.75,15.75,15.59375,15.3125,-2.5,0.0,109.0,0.0
6.70056,0x2B0,0.0,0.0,1.0,6.25,1.7,0.09,15.75,15.75,15.59375,15.3125,-2.4,0.0,109.0,0.0
6.70615,0x220,0.0,0.0,1.0,6.25,1.88,0.03,15.75,15.75,15.59375,15.3125,-2.4,0.0,109.0,0.0
6.70663,0x386,0.0,0.0,1.0,6.25,1.88,0.03,15.625,15.71875,15.5,15.59375,-2.4,0.0,109.0,0.0
6.70759,0x316,0.0,0.0,1.0,6.25,1.88,0.03,15.625,15.71875,15.5,15.59375,-2.4,0.0,107.0,0.0
6.71057,0x2B0,0.0,0.0,1.0,6.25,1.88,0.03,15.625,15.71875,15.5,15.59375,-2.4,0.0,107.0,0.0
6.71617,0x220,0.0,0.0,1.0,6.25,1.91,0.01,15.625,15.71875,15.5,15.59375,-2.4,0.0,107.0,0.0
6.71743,0x316,0.0,0.0,1.0,6.25,1.91,0.01,15.625,15.71875,15.5,15.59375,-2.4,0.0,104.0,0.0
6.72058,0x2B0,0.0,0.0,1.0,6.25,1.91,0.01,15.625,15.71875,15.5,15.59375,-2.4,0.0,104.0,0.0
6.72617,0x220,0.0,0.0,1.0,6.25,1.73,0.0,15.625,15.71875,15.5,15.59375,-2.4,0.0,104.0,0.0
6.72665,0x386,0.0,0.0,1.0,6.25,1.73,0.0,15.75,15.71875,15.375,15.34375,-2.4,0.0,104.0,0.0
6.72736,0x316,0.0,0.0,1.0,6.25,1.73,0.0,15.75,15.71875,15.375,15.34375,-2.4,0.0,104.0,0.0
6.73057,0x2B0,0.0,0.0,1.0,6.25,1.73,0.0,15.75,15.71875,15.375,15.34375,-2.2,8.0,104.0,0.0
6.73617,0x220,0.0,0.0,1.0,6.25,1.43,-0.02,15.75,15.71875,15.375,15.34375,-2.2,8.0,104.0,0.0
6.73752,0x316,0.0,0.0,1.0,6.25,1.43,-0.02,15.75,15.71875,15.375,15.34375,-2.2,8.0,104.0,0.0
6.74058,0x2B0,0.0,0.0,1.0,6.25,1.43,-0.02,15.75,15.71875,15.375,15.34375,-2.2,8.0,104.0,0.0
6.74616,0x220,0.0,0.0,1.0,6.25,1.1,-0.1,15.75,15.71875,15.375,15.34375,-2.2,8.0,104.0,0.0
6.74664,0x386,0.0,0.0,1.0,6.25,1.1,-0.1,15.6875,15.78125,15.28125,15.59375,-2.2,8.0,104.0,0.0
6.7476,0x316,0.0,0.0,1.0,6.25,1.1,-0.1,15.6875,15.78125,15.28125,15.59375,-2.2,8.0,104.0,0.0
6.75059,0x2B0,0.0,0.0,1.0,6.25,1.1,-0.1,15.6875,15.78125,15.28125,15.59375,-2.1,0.0,104.0,0.0
6.75616,0x220,0.0,0.0,1.0,6.25,0.83,-0.12,15.6875,15.78125,15.28125,15.59375,-2.1,0.0,104.0,0.0
6.75743,0x316,0.0,0.0,1.0,6.25,0.83,-0.12,15.6875,15.78125,15.28125,15.59375,-2.1,0.0,104.0,0.0
6.76059,0x2B0,0.0,0.0,1.0,6.25,0.83,-0.12,15.6875,15.78125,15.28125,15.59375,-2.1,0.0,104.0,0.0
6.76616,0x220,0.0,0.0,1.0,6.25,0.69,0.02,15.6875,15.78125,15.28125,15.59375,-2.1,0.0,104.0,0.0
6.76664,0x386,0.0,0.0,1.0,6.25,0.69,0.02,15.71875,15.71875,15.15625,15.25,-2.1,0.0,104.0,0.0
6.7676,0x316,0.0,0.0,1.0,6.25,0.69,0.02,15.71875,15.71875,15.15625,15.25,-2.1,0.0,104.0,0.0
6.77059,0x2B0,0.0,0.0,1.0,6.25,0.69,0.02,15.71875,15.71875,15.15625,15.25,-1.9,8.0,104.0,0.0
6.77617,0x220,0.0,0.0,1.0,6.25,0.72,0.31,15.71875,15.71875,15.15625,15.25,-1.9,8.0,104.0,0.0
6.77772,0x316,0.0,0.0,1.0,6.25,0.72,0.31,15.71875,15.71875,15.15625,15.25,-1.9,8.0,104.0,0.0
6.78059,0x2B0,0.0,0.0,1.0,6.25,0.72,0.31,15.71875,15.71875,15.15625,15.25,-1.9,8.0,104.0,0.0
6.78616,0x220,0.0,0.0,1.0,6.25,0.89,0.55,15.71875,15.71875,15.15625,15.25,-1.9,8.0,104.0,0.0
6.78664,0x386,0.0,0.0,1.0,6.25,0.89,0.55,15.78125,15.875,14.875,15.25,-1.9,8.0,104.0,0.0
6.7876,0x316,0.0,0.0,1.0,6.25,0.89,0.55,15.78125,15.875,14.875,15.25,-1.9,8.0,104.0,0.0
6.79059,0x2B0,0.0,0.0,1.0,6.25,0.89,0.55,15.78125,15.875,14.875,15.25,-1.7,8.0,104.0,0.0
6.79617,0x220,0.0,0.0,1.0,6.25,1.11,0.6,15.78125,15.875,14.875,15.25,-1.7,8.0,104.0,0.0
6.79756,0x316,0.0,0.0,1.0,6.25,1.11,0.6,15.78125,15.875,14.875,15.25,-1.7,8.0,104.0,0.0
6.8006,0x2B0,0.0,0.0,1.0,6.25,1.11,0.6,15.78125,15.875,14.875,15.25,-1.5,20.0,104.0,0.0
6.80616,0x220,0.0,0.0,1.0,6.25,1.21,0.47,15.78125,15.875,14.875,15.25,-1.5,20.0,104.0,0.0
6.80664,0x386,0.0,0.0,1.0,6.25,1.21,0.47,15.875,15.84375,14.375,15.15625,-1.5,20.0,104.0,0.0
6.80735,0x316,0.0,0.0,1.0,6.25,1.21,0.47,15.875,15.84375,14.375,15.15625,-1.5,20.0,99.0,0.0
6.81061,0x2B0,0.0,0.0,1.0,6.25,1.21,0.47,15.875,15.84375,14.375,15.15625,-1.5,8.0,99.0,0.0
6.81616,0x220,0.0,0.0,1.0,6.25,1.13,0.32,15.875,15.84375,14.375,15.15625,-1.5,8.0,99.0,0.0
6.81751,0x316,0.0,0.0,1.0,6.25,1.13,0.32,15.875,15.84375,14.375,15.15625,-1.5,8.0,96.0,0.0
6.82061,0x2B0,0.0,0.0,1.0,6.25,1.13,0.32,15.875,15.84375,14.375,15.15625,-1.2,12.0,96.0,0.0
6.82617,0x220,0.0,0.0,1.0,6.25,0.88,0.41,15.875,15.84375,14.375,15.15625,-1.2,12.0,96.0,0.0
6.82665,0x386,0.0,0.0,1.0,6.25,0.88,0.41,15.75,15.78125,14.5,14.8125,-1.2,12.0,96.0,0.0
6.82761,0x316,0.0,0.0,1.0,6.25,0.88,0.41,15.75,15.78125,14.5,14.8125,-1.2,12.0,94.0,0.0
6.83061,0x2B0,0.0,0.0,1.0,6.25,0.88,0.41,15.75,15.78125,14.5,14.8125,-1.1,20.0,94.0,0.0
6.83616,0x220,0.0,0.0,1.0,6.25,0.64,0.69,15.75,15.78125,14.5,14.8125,-1.1,20.0,94.0,0.0
6.83743,0x316,0.0,0.0,1.0,6.25,0.64,0.69,15.75,15.78125,14.5,14.8125,-1.1,20.0,89.0,0.0
6.84037,0x2B0,0.0,0.0,1.0,6.25,0.64,0.69,15.75,15.78125,14.5,14.8125,-0.9,12.0,89.0,0.0
6.84616,0x220,0.0,0.0,1.0,6.25,0.55,0.78,15.75,15.78125,14.5,14.8125,-0.9,12.0,89.0,0.0
6.84663,0x386,0.0,0.0,1.0,6.25,0.55,0.78,15.59375,15.75,14.625,14.875,-0.9,12.0,89.0,0.0
6.84735,0x316,0.0,0.0,1.0,6.25,0.55,0.78,15.59375,15.75,14.625,14.875,-0.9,12.0,86.0,0.0
6.85037,0x2B0,0.0,0.0,1.0,6.25,0.55,0.78,15.59375,15.75,14.625,14.875,-0.7,20.0,86.0,0.0
6.85618,0x220,0.0,0.0,1.0,6.25,0.64,0.62,15.59375,15.75,14.625,14.875,-0.7,20.0,86.0,0.0
6.85752,0x316,0.0,0.0,1.0,6.25,0.64,0.62,15.59375,15.75,14.625,14.875,-0.7,20.0,86.0,0.0
6.86038,0x2B0,0.0,0.0,1.0,6.25,0.64,0.62,15.59375,15.75,14.625,14.875,-0.5,20.0,86.0,0.0
6.86617,0x220,0.0,0.0,1.0,6.25,0.87,0.53,15.59375,15.75,14.625,14.875,-0.5,20.0,86.0,0.0
6.86664,0x386,0.0,0.0,1.0,6.25,0.87,0.53,15.4375,15.5,14.9375,15.09375,-0.5,20.0,86.0,0.0
6.86769,0x316,0.0,0.0,1.0,6.25,0.87,0.53,15.4375,15.5,14.9375,15.09375,-0.5,20.0,84.0,0.0
6.87036,0x2B0,0.0,0.0,1.0,6.25,0.87,0.53,15.4375,15.5,14.9375,15.09375,-0.4,12.0,84.0,0.0
6.87617,0x220,0.0,0.0,1.0,6.25,1.2,0.59,15.4375,15.5,14.9375,15.09375,-0.4,12.0,84.0,0.0
6.87782,0x316,0.0,0.0,1.0,6.25,1.2,0.59,15.4375,15.5,14.9375,15.09375,-0.4,12.0,84.0,0.0
6.88035,0x2B0,0.0,0.0,1.0,6.25,1.2,0.59,15.4375,15.5,14.9375,15.09375,-0.1,20.0,84.0,0.0
6.88616,0x220,0.0,0.0,1.0,6.25,1.57,0.68,15.4375,15.5,14.9375,15.09375,-0.1,20.0,84.0,0.0
6.88664,0x386,0.0,0.0,1.0,6.25,1.57,0.68,15.28125,15.46875,14.96875,15.0,-0.1,20.0,84.0,0.0
6.88736,0x316,0.0,0.0,1.0,6.25,1.57,0.68,15.28125,15.46875,14.96875,15.0,-0.1,20.0,84.0,0.0
6.89064,0x2B0,0.0,0.0,1.0,6.25,1.57,0.68,15.28125,15.46875,14.96875,15.0,-0.1,12.0,84.0,0.0
6.89617,0x220,0.0,0.0,1.0,6.25,1.94,0.57,15.28125,15.46875,14.96875,15.0,-0.1,12.0,84.0,0.0
6.89758,0x316,0.0,0.0,1.0,6.25,1.94,0.57,15.28125,15.46875,14.96875,15.0,-0.1,12.0,84.0,0.0
6.90064,0x2B0,0.0,0.0,1.0,6.25,1.94,0.57,15.28125,15.46875,14.96875,15.0,0.2,12.0,84.0,0.0
6.90617,0x220,0.0,0.0,1.0,6.25,2.13,0.3,15.28125,15.46875,14.96875,15.0,0.2,12.0,84.0,0.0
6.90665,0x386,0.0,0.0,1.0,6.25,2.13,0.3,15.28125,15.28125,14.75,15.03125,0.2,12.0,84.0,0.0
6.90761,0x316,0.0,0.0,1.0,6.25,2.13,0.3,15.28125,15.28125,14.75,15.03125,0.2,12.0,84.0,0.0
6.91064,0x2B0,0.0,0.0,1.0,6.25,2.13,0.3,15.28125,15.28125,14.75,15.03125,0.4,24.0,84.0,0.0
6.91616,0x220,0.0,0.0,1.0,6.25,2.12,0.11,15.28125,15.28125,14.75,15.03125,0.4,24.0,84.0,0.0
6.91743,0x316,0.0,0.0,1.0,6.25,2.12,0.11,15.28125,15.28125,14.75,15.03125,0.4,24.0,84.0,0.0
6.92064,0x2B0,0.0,0.0,1.0,6.25,2.12,0.11,15.28125,15.28125,14.75,15.03125,0.7,24.0,84.0,0.0
6.92618,0x220,0.0,0.0,1.0,6.25,2.04,0.13,15.28125,15.28125,14.75,15.03125,0.7,24.0,84.0,0.0
6.92666,0x386,0.0,0.0,1.0,6.25,2.04,0.13,15.15625,15.25,14.8125,15.03125,0.7,24.0,84.0,0.0
6.92738,0x316,0.0,0.0,1.0,6.25,2.04,0.13,15.15625,15.25,14.8125,15.03125,0.7,24.0,84.0,0.0
6.93064,0x2B0,0.0,0.0,1.0,6.25,2.04,0.13,15.15625,15.25,14.8125,15.03125,0.9,24.0,84.0,0.0
6.93617,0x220,0.0,0.0,1.0,6.25,2.04,0.21,15.15625,15.25,14.8125,15.03125,0.9,24.0,84.0,0.0
6.93744,0x316,0.0,0.0,1.0,6.25,2.04,0.21,15.15625,15.25,14.8125,15.03125,0.9,24.0,84.0,0.0
6.94064,0x2B0,0.0,0.0,1.0,6.25,2.04,0.21,15.15625,15.25,14.8125,15.03125,1.1,20.0,84.0,0.0
6.94617,0x220,0.0,0.0,1.0,6.25,2.11,0.07,15.15625,15.25,14.8125,15.03125,1.1,20.0,84.0,0.0
6.94664,0x386,0.0,0.0,1.0,6.25,2.11,0.07,15.03125,15.125,14.71875,15.0625,1.1,20.0,84.0,0.0
6.94761,0x316,0.0,0.0,1.0,6.25,2.11,0.07,15.03125,15.125,14.71875,15.0625,1.1,20.0,86.0,0.0
6.95039,0x2B0,0.0,0.0,1.0,6.25,2.11,0.07,15.03125,15.125,14.71875,15.0625,1.3,20.0,86.0,0.0
6.95617,0x220,0.0,0.0,1.0,6.25,2.14,-0.12,15.03125,15.125,14.71875,15.0625,1.3,20.0,86.0,0.0
6.95744,0x316,0.0,0.0,1.0,6.25,2.14,-0.12,15.03125,15.125,14.71875,15.0625,1.3,20.0,89.0,0.0
6.9604,0x2B0,0.0,0.0,1.0,6.25,2.14,-0.12,15.03125,15.125,14.71875,15.0625,1.6,24.0,89.0,0.0
6.96616,0x220,0.0,0.0,1.0,6.25,2.18,-0.19,15.03125,15.125,14.71875,15.0625,1.6,24.0,89.0,0.0
6.96664,0x386,0.0,0.0,1.0,6.25,2.18,-0.19,15.21875,15.21875,14.625,14.8125,1.6,24.0,89.0,0.0
6.96763,0x316,0.0,0.0,1.0,6.25,2.18,-0.19,15.21875,15.21875,14.625,14.8125,1.6,24.0,94.0,0.0
6.97039,0x2B0,0.0,0.0,1.0,6.25,2.18,-0.19,15.21875,15.21875,14.625,14.8125,1.8,24.0,94.0,0.0
6.97617,0x220,0.0,0.0,1.0,6.25,2.3,-0.1,15.21875,15.21875,14.625,14.8125,1.8,24.0,94.0,0.0
6.9777,0x316,0.0,0.0,1.0,6.25,2.3,-0.1,15.21875,15.21875,14.625,14.8125,1.8,24.0,94.0,0.0
6.98039,0x2B0,0.0,0.0,1.0,6.25,2.3,-0.1,15.21875,15.21875,14.625,14.8125,2.1,24.0,94.0,0.0
6.98616,0x220,0.0,0.0,1.0,6.25,2.48,-0.07,15.21875,15.21875,14.625,14.8125,2.1,24.0,94.0,0.0
6.98663,0x386,0.0,0.0,1.0,6.25,2.48,-0.07,15.09375,15.1875,14.65625,14.71875,2.1,24.0,94.0,0.0
6.98759,0x316,0.0,0.0,1.0,6.25,2.48,-0.07,15.09375,15.1875,14.65625,14.71875,2.1,24.0,104.0,0.0
6.99038,0x2B0,0.0,0.0,1.0,6.25,2.48,-0.07,15.09375,15.1875,14.65625,14.71875,2.3,24.0,104.0,0.0
6.99617,0x220,0.0,0.0,1.0,6.25,2.68,-0.18,15.09375,15.1875,14.65625,14.71875,2.3,24.0,104.0,0.0
6.99761,0x316,0.0,0.0,1.0,6.25,2.68,-0.18,15.09375,15.1875,14.65625,14.71875,2.3,24.0,109.0,0.0
7.00036,0x2B0,0.0,0.0,1.0,6.25,2.68,-0.18,15.09375,15.1875,14.65625,14.71875,2.6,24.0,109.0,0.0
7.00617,0x220,0.0,0.0,1.0,6.25,2.81,-0.33,15.09375,15.1875,14.65625,14.71875,2.6,24.0,109.0,0.0
7.00664,0x386,0.0,0.0,1.0,6.25,2.81,-0.33,15.125,15.1875,14.59375,14.78125,2.6,24.0,109.0,0.0
7.0076,0x316,0.0,0.0,1.0,6.25,2.81,-0.33,15.125,15.1875,14.59375,14.78125,2.6,24.0,114.0,0.0
7.01035,0x2B0,0.0,0.0,1.0,6.25,2.81,-0.33,15.125,15.1875,14.59375,14.78125,2.9,28.0,114.0,0.0
7.01618,0x220,0.0,0.0,1.0,6.25,2.81,-0.46,15.125,15.1875,14.59375,14.78125,2.9,28.0,114.0,0.0
7.01742,0x316,0.0,0.0,1.0,6.25,2.81,-0.46,15.125,15.1875,14.59375,14.78125,2.9,28.0,119.0,0.0
7.02035,0x2B0,0.0,0.0,1.0,6.25,2.81,-0.46,15.125,15.1875,14.59375,14.78125,3.2,28.0,119.0,0.0
7.02617,0x220,0.0,0.0,1.0,6.25,2.7,-0.52,15.125,15.1875,14.59375,14.78125,3.2,28.0,119.0,0.0
7.02665,0x386,0.0,0.0,1.0,6.25,2.7,-0.52,14.96875,14.96875,14.75,14.75,3.2,28.0,119.0,0.0
7.02761,0x316,0.0,0.0,1.0,6.25,2.7,-0.52,14.96875,14.96875,14.75,14.75,3.2,28.0,122.0,0.0
7.03039,0x2B0,0.0,0.0,1.0,6.25,2.7,-0.52,14.96875,14.96875,14.75,14.75,3.4,24.0,122.0,0.0
7.03617,0x220,0.0,0.0,1.0,6.25,2.54,-0.58,14.96875,14.96875,14.75,14.75,3.4,24.0,122.0,0.0
7.03754,0x316,0.0,0.0,1.0,6.25,2.54,-0.58,14.96875,14.96875,14.75,14.75,3.4,24.0,124.0,0.0
7.04041,0x2B0,0.0,0.0,1.0,6.25,2.54,-0.58,14.96875,14.96875,14.75,14.75,3.6,20.0,124.0,0.0
7.04616,0x220,0.0,0.0,1.0,6.25,2.44,-0.73,14.96875,14.96875,14.75,14.75,3.6,20.0,124.0,0.0
7.04664,0x386,0.0,0.0,1.0,6.25,2.44,-0.73,15.0,15.0625,14.625,14.5625,3.6,20.0,124.0,0.0
7.04735,0x316,0.0,0.0,1.0,6.25,2.44,-0.73,15.0,15.0625,14.625,14.5625,3.6,20.0,124.0,0.0
7.05041,0x2B0,0.0,0.0,1.0,6.25,2.44,-0.73,15.0,15.0625,14.625,14.5625,3.9,24.0,124.0,0.0
7.05618,0x220,0.0,0.0,1.0,6.25,2.47,-0.89,15.0,15.0625,14.625,14.5625,3.9,24.0,124.0,0.0
7.05745,0x316,0.0,0.0,1.0,6.25,2.47,-0.89,15.0,15.0625,14.625,14.5625,3.9,24.0,124.0,0.0
7.0604,0x2B0,0.0,0.0,1.0,6.25,2.47,-0.89,15.0,15.0625,14.625,14.5625,4.1,24.0,124.0,0.0
7.06617,0x220,0.0,0.0,1.0,6.25,2.61,-0.93,15.0,15.0625,14.625,14.5625,4.1,24.0,124.0,0.0
7.06664,0x386,0.0,0.0,1.0,6.25,2.61,-0.93,14.9375,14.90625,14.40625,14.59375,4.1,24.0,124.0,0.0
7.06775,0x316,0.0,0.0,1.0,6.25,2.61,-0.93,14.9375,14.90625,14.40625,14.59375,4.1,24.0,122.0,0.0
7.07038,0x2B0,0.0,0.0,1.0,6.25,2.61,-0.93,14.9375,14.90625,14.40625,14.59375,4.3,20.0,122.0,0.0
7.07617,0x220,0.0,0.0,1.0,6.25,2.78,-0.87,14.9375,14.90625,14.40625,14.59375,4.3,20.0,122.0,0.0
7.07788,0x316,0.0,0.0,1.0,6.25,2.78,-0.87,14.9375,14.90625,14.40625,14.59375,4.3,20.0,122.0,0.0
7.08044,0x2B0,0.0,0.0,1.0,6.25,2.78,-0.87,14.9375,14.90625,14.40625,14.59375,4.3,8.0,122.0,0.0
7.08617,0x220,0.0,0.0,1.0,6.25,2.79,-0.76,14.9375,14.90625,14.40625,14.59375,4.3,8.0,122.0,0.0
7.08665,0x386,0.0,0.0,1.0,6.25,2.79,-0.76,15.0,15.03125,14.40625,14.46875,4.3,8.0,122.0,0.0
7.08736,0x316,0.0,0.0,1.0,6.25,2.79,-0.76,15.0,15.03125,14.40625,14.46875,4.3,8.0,117.0,0.0
7.09036,0x2B0,0.0,0.0,1.0,6.25,2.79,-0.76,15.0,15.03125,14.40625,14.46875,4.5,8.0,117.0,0.0
7.09617,0x220,0.0,0.0,1.0,6.25,2.6,-0.68,15.0,15.03125,14.40625,14.46875,4.5,8.0,117.0,0.0
7.09755,0x316,0.0,0.0,1.0,6.25,2.6,-0.68,15.0,15.03125,14.40625,14.46875,4.5,8.0,117.0,0.0
7.10043,0x2B0,0.0,0.0,1.0,6.25,2.6,-0.68,15.0,15.03125,14.40625,14.46875,4.5,8.0,117.0,0.0
7.10617,0x220,0.0,0.0,1.0,6.25,2.25,-0.71,15.0,15.03125,14.40625,14.46875,4.5,8.0,117.0,0.0
7.10664,0x386,0.0,0.0,1.0,6.25,2.25,-0.71,15.03125,14.9375,14.375,14.5,4.5,8.0,117.0,0.0
7.1076,0x316,0.0,0.0,1.0,6.25,2.25,-0.71,15.03125,14.9375,14.375,14.5,4.5,8.0,114.0,0.0
7.11036,0x2B0,0.0,0.0,1.0,6.25,2.25,-0.71,15.03125,14.9375,14.375,14.5,4.7,8.0,114.0,0.0
7.11617,0x220,0.0,0.0,1.0,6.25,1.8,-0.79,15.03125,14.9375,14.375,14.5,4.7,8.0,114.0,0.0
7.11753,0x316,0.0,0.0,1.0,6.25,1.8,-0.79,15.03125,14.9375,14.375,14.5,4.7,8.0,114.0,0.0
7.12033,0x2B0,0.0,0.0,1.0,6.25,1.8,-0.79,15.03125,14.9375,14.375,14.5,4.7,8.0,114.0,0.0
7.12618,0x220,0.0,0.0,1.0,6.25,1.37,-0.8,15.03125,14.9375,14.375,14.5,4.7,8.0,114.0,0.0
7.12666,0x386,0.0,0.0,1.0,6.25,1.37,-0.8,15.0,15.0,14.53125,14.34375,4.7,8.0,114.0,0.0
7.12761,0x316,0.0,0.0,1.0,6.25,1.37,-0.8,15.0,15.0,14.53125,14.34375,4.7,8.0,114.0,0.0
7.13032,0x2B0,0.0,0.0,1.0,6.25,1.37,-0.8,15.0,15.0,14.53125,14.34375,4.7,0.0,114.0,0.0
7.13617,0x220,0.0,0.0,1.0,6.25,1.13,-0.71,15.0,15.0,14.53125,14.34375,4.7,0.0,114.0,0.0
7.13742,0x316,0.0,0.0,1.0,6.25,1.13,-0.71,15.0,15.0,14.53125,14.34375,4.7,0.0,114.0,0.0
7.14033,0x2B0,0.0,0.0,1.0,6.25,1.13,-0.71,15.0,15.0,14.53125,14.34375,4.7,0.0,114.0,0.0
7.14617,0x220,0.0,0.0,1.0,6.25,1.12,-0.59,15.0,15.0,14.53125,14.34375,4.7,0.0,114.0,0.0
7.14664,0x386,0.0,0.0,1.0,6.25,1.12,-0.59,15.0,14.90625,14.5,14.28125,4.7,0.0,114.0,0.0
7.14759,0x316,0.0,0.0,1.0,6.25,1.12,-0.59,15.0,14.90625,14.5,14.28125,4.7,0.0,114.0,0.0
7.15032,0x2B0,0.0,0.0,1.0,6.25,1.12,-0.59,15.0,14.90625,14.5,14.28125,4.7,0.0,114.0,0.0
7.15617,0x220,0.0,0.0,1.0,6.25,1.2,-0.44,15.0,14.90625,14.5,14.28125,4.7,0.0,114.0,0.0
7.15755,0x316,0.0,0.0,1.0,6.25,1.2,-0.44,15.0,14.90625,14.5,14.28125,4.7,0.0,114.0,0.0
7.16033,0x2B0,0.0,0.0,1.0,6.25,1.2,-0.44,15.0,14.90625,14.5,14.28125,4.7,0.0,114.0,0.0
7.16617,0x220,0.0,0.0,1.0,6.25,1.25,-0.26,15.0,14.90625,14.5,14.28125,4.7,0.0,114.0,0.0
7.16664,0x386,0.0,0.0,1.0,6.25,1.25,-0.26,15.03125,14.96875,14.5625,14.53125,4.7,0.0,114.0,0.0
7.1676,0x316,0.0,0.0,1.0,6.25,1.25,-0.26,15.03125,14.96875,14.5625,14.53125,4.7,0.0,112.0,0.0
7.17033,0x2B0,0.0,0.0,1.0,6.25,1.25,-0.26,15.03125,14.96875,14.5625,14.53125,4.7,0.0,112.0,0.0
7.17618,0x220,0.0,0.0,1.0,6.25,1.26,-0.18,15.03125,14.96875,14.5625,14.53125,4.7,0.0,112.0,0.0
7.17769,0x316,0.0,0.0,1.0,6.25,1.26,-0.18,15.03125,14.96875,14.5625,14.53125,4.7,0.0,112.0,0.0
7.18032,0x2B0,0.0,0.0,1.0,6.25,1.26,-0.18,15.03125,14.96875,14.5625,14.53125,4.7,0.0,112.0,0.0
7.18617,0x220,0.0,0.0,1.0,6.25,1.19,-0.23,15.03125,14.96875,14.5625,14.53125,4.7,0.0,112.0,0.0
7.18664,0x386,0.0,0.0,1.0,6.25,1.19,-0.23,14.96875,14.96875,14.625,14.5,4.7,0.0,112.0,0.0
7.1876,0x316,0.0,0.0,1.0,6.25,1.19,-0.23,14.96875,14.96875,14.625,14.5,4.7,0.0,107.0,0.0
7.19032,0x2B0,0.0,0.0,1.0,6.25,1.19,-0.23,14.96875,14.96875,14.625,14.5,4.7,0.0,107.0,0.0
7.19617,0x220,0.0,0.0,1.0,6.25,1.04,-0.26,14.96875,14.96875,14.625,14.5,4.7,0.0,107.0,0.0
7.19767,0x316,0.0,0.0,1.0,6.25,1.04,-0.26,14.96875,14.96875,14.625,14.5,4.7,0.0,104.0,0.0
7.20034,0x2B0,0.0,0.0,1.0,6.25,1.04,-0.26,14.96875,14.96875,14.625,14.5,4.7,0.0,104.0,0.0
7.20617,0x220,0.0,0.0,1.0,6.25,0.83,-0.13,14.96875,14.96875,14.625,14.5,4.7,0.0,104.0,0.0
7.20665,0x386,0.0,0.0,1.0,6.25,0.83,-0.13,15.0625,14.875,14.53125,14.5,4.7,0.0,104.0,0.0
7.2076,0x316,0.0,0.0,1.0,6.25,0.83,-0.13,15.0625,14.875,14.53125,14.5,4.7,0.0,101.0,0.0
7.21034,0x2B0,0.0,0.0,1.0,6.25,0.83,-0.13,15.0625,14.875,14.53125,14.5,4.7,0.0,101.0,0.0
7.21618,0x220,0.0,0.0,1.0,6.25,0.6,0.12,15.0625,14.875,14.53125,14.5,4.7,0.0,101.0,0.0
7.21743,0x316,0.0,0.0,1.0,6.25,0.6,0.12,15.0625,14.875,14.53125,14.5,4.7,0.0,101.0,0.0
7.22033,0x2B0,0.0,0.0,1.0,6.25,0.6,0.12,15.0625,14.875,14.53125,14.5,4.7,0.0,101.0,0.0
7.22619,0x220,0.0,0.0,1.0,6.25,0.39,0.41,15.0625,14.875,14.53125,14.5,4.7,0.0,101.0,0.0
7.22666,0x386,0.0,0.0,1.0,6.25,0.39,0.41,14.9375,14.90625,14.375,14.46875,4.7,0.0,101.0,0.0
7.22762,0x316,0.0,0.0,1.0,6.25,0.39,0.41,14.9375,14.90625,14.375,14.46875,4.7,0.0,101.0,0.0
7.23039,0x2B0,0.0,0.0,1.0,6.25,0.39,0.41,14.9375,14.90625,14.375,14.46875,4.7,0.0,101.0,0.0
7.23618,0x220,0.0,0.0,1.0,6.25,0.25,0.52,14.9375,14.90625,14.375,14.46875,4.7,0.0,101.0,0.0
7.23752,0x316,0.0,0.0,1.0,6.25,0.25,0.52,14.9375,14.90625,14.375,14.46875,4.7,0.0,101.0,0.0
7.24039,0x2B0,0.0,0.0,1.0,6.25,0.25,0.52,14.9375,14.90625,14.375,14.46875,4.5,8.0,101.0,0.0
7.24617,0x220,0.0,0.0,1.0,6.25,0.17,0.54,14.9375,14.90625,14.375,14.46875,4.5,8.0,101.0,0.0
7.24665,0x386,0.0,0.0,1.0,6.25,0.17,0.54,15.03125,14.96875,14.3125,14.28125,4.5,8.0,101.0,0.0
7.24761,0x316,0.0,0.0,1.0,6.25,0.17,0.54,15.03125,14.96875,14.3125,14.28125,4.5,8.0,104.0,0.0
7.25039,0x2B0,0.0,0.0,1.0,6.25,0.17,0.54,15.03125,14.96875,14.3125,14.28125,4.5,8.0,104.0,0.0
7.25618,0x220,0.0,0.0,1.0,6.25,0.11,0.62,15.03125,14.96875,14.3125,14.28125,4.5,8.0,104.0,0.0
7.25749,0x316,0.0,0.0,1.0,6.25,0.11,0.62,15.03125,14.96875,14.3125,14.28125,4.5,8.0,107.0,0.0
7.2604,0x2B0,0.0,0.0,1.0,6.25,0.11,0.62,15.03125,14.96875,14.3125,14.28125,4.5,0.0,107.0,0.0
7.26618,0x220,0.0,0.0,1.0,6.25,0.09,0.8,15.03125,14.96875,14.3125,14.28125,4.5,0.0,107.0,0.0
7.26665,0x386,0.0,0.0,1.0,6.25,0.09,0.8,14.9375,14.90625,14.09375,14.28125,4.5,0.0,107.0,0.0
7.26769,0x316,0.0,0.0,1.0,6.25,0.09,0.8,14.9375,14.90625,14.09375,14.28125,4.5,0.0,109.0,0.0
7.27039,0x2B0,0.0,0.0,1.0,6.25,0.09,0.8,14.9375,14.90625,14.09375,14.28125,4.5,0.0,109.0,0.0
7.27618,0x220,0.0,0.0,1.0,6.25,0.16,0.94,14.9375,14.90625,14.09375,14.28125,4.5,0.0,109.0,0.0
7.2779,0x316,0.0,0.0,1.0,6.25,0.16,0.94,14.9375,14.90625,14.09375,14.28125,4.5,0.0,109.0,0.0
7.28031,0x2B0,0.0,0.0,1.0,6.25,0.16,0.94,14.9375,14.90625,14.09375,14.28125,4.5,0.0,109.0,0.0
7.28617,0x220,0.0,0.0,1.0,6.25,0.35,0.99,14.9375,14.90625,14.09375,14.28125,4.5,0.0,109.0,0.0
7.28665,0x386,0.0,0.0,1.0,6.25,0.35,0.99,15.0,14.84375,14.25,14.15625,4.5,0.0,109.0,0.0
7.28761,0x316,0.0,0.0,1.0,6.25,0.35,0.99,15.0,14.84375,14.25,14.15625,4.5,0.0,112.0,0.0
7.29041,0x2B0,0.0,0.0,1.0,6.25,0.35,0.99,15.0,14.84375,14.25,14.15625,4.5,0.0,112.0,0.0
7.29617,0x220,0.0,0.0,1.0,6.25,0.49,0.99,15.0,14.84375,14.25,14.15625,4.5,0.0,112.0,0.0
7.29756,0x316,0.0,0.0,1.0,6.25,0.49,0.99,15.0,14.84375,14.25,14.15625,4.5,0.0,112.0,0.0
7.30035,0x2B0,0.0,0.0,1.0,6.25,0.49,0.99,15.0,14.84375,14.25,14.15625,4.7,8.0,112.0,0.0
7.30617,0x220,0.0,0.0,1.0,6.25,0.64,0.95,15.0,14.84375,14.25,14.15625,4.7,8.0,112.0,0.0
7.30664,0x386,0.0,0.0,1.0,6.25,0.64,0.95,14.875,14.875,14.375,14.46875,4.7,8.0,112.0,0.0
7.30735,0x316,0.0,0.0,1.0,6.25,0.64,0.95,14.875,14.875,14.375,14.46875,4.7,8.0,112.0,0.0
7.31036,0x2B0,0.0,0.0,1.0,6.25,0.64,0.95,14.875,14.875,14.375,14.46875,4.8,12.0,112.0,0.0
7.31618,0x220,0.0,0.0,1.0,6.25,0.83,0.96,14.875,14.875,14.375,14.46875,4.8,12.0,112.0,0.0
7.31755,0x316,0.0,0.0,1.0,6.25,0.83,0.96,14.875,14.875,14.375,14.46875,4.8,12.0,107.0,0.0
7.32036,0x2B0,0.0,0.0,1.0,6.25,0.83,0.96,14.875,14.875,14.375,14.46875,5.0,12.0,107.0,0.0
7.32618,0x220,0.0,0.0,1.0,6.25,0.96,1.05,14.875,14.875,14.375,14.46875,5.0,12.0,107.0,0.0
7.32665,0x386,0.0,0.0,1.0,6.25,0.96,1.05,14.875,14.90625,14.46875,14.625,5.0,12.0,107.0,0.0
7.32761,0x316,0.0,0.0,1.0,6.25,0.96,1.05,14.875,14.90625,14.46875,14.625,5.0,12.0,104.0,0.0
7.33035,0x2B0,0.0,0.0,1.0,6.25,0.96,1.05,14.875,14.90625,14.46875,14.625,5.0,8.0,104.0,0.0
7.33617,0x220,0.0,0.0,1.0,6.25,1.08,1.09,14.875,14.90625,14.46875,14.625,5.0,8.0,104.0,0.0
7.33744,0x316,0.0,0.0,1.0,6.25,1.08,1.09,14.875,14.90625,14.46875,14.625,5.0,8.0,99.0,0.0
7.34034,0x2B0,0.0,0.0,1.0,6.25,1.08,1.09,14.875,14.90625,14.46875,14.625,5.0,0.0,99.0,0.0
7.34617,0x220,0.0,0.0,1.0,6.25,1.26,1.04,14.875,14.90625,14.46875,14.625,5.0,0.0,99.0,0.0
7.34665,0x386,0.0,0.0,1.0,6.25,1.26,1.04,14.84375,14.78125,14.375,14.46875,5.0,0.0,99.0,0.0
7.34761,0x316,0.0,0.0,1.0,6.25,1.26,1.04,14.84375,14.78125,14.375,14.46875,5.0,0.0,94.0,0.0
7.35035,0x2B0,0.0,0.0,1.0,6.25,1.26,1.04,14.84375,14.78125,14.375,14.46875,5.0,0.0,94.0,0.0
7.35617,0x220,0.0,0.0,1.0,6.25,1.5,0.98,14.84375,14.78125,14.375,14.46875,5.0,0.0,94.0,0.0
7.35758,0x316,0.0,0.0,1.0,6.25,1.5,0.98,14.84375,14.78125,14.375,14.46875,5.0,0.0,91.0,0.0
7.36037,0x2B0,0.0,0.0,1.0,6.25,1.5,0.98,14.84375,14.78125,14.375,14.46875,5.1,0.0,91.0,0.0
7.36617,0x220,0.0,0.0,1.0,6.25,1.74,0.87,14.84375,14.78125,14.375,14.46875,5.1,0.0,91.0,0.0
7.36664,0x386,0.0,0.0,1.0,6.25,1.74,0.87,14.65625,14.8125,14.4375,14.5625,5.1,0.0,91.0,0.0
7.36768,0x316,0.0,0.0,1.0,6.25,1.74,0.87,14.65625,14.8125,14.4375,14.5625,5.1,0.0,91.0,0.0
7.37036,0x2B0,0.0,0.0,1.0,6.25,1.74,0.87,14.65625,14.8125,14.4375,14.5625,5.3,12.0,91.0,0.0
7.37618,0x220,0.0,0.0,1.0,6.25,1.84,0.7,14.65625,14.8125,14.4375,14.5625,5.3,12.0,91.0,0.0
7.37767,0x316,0.0,0.0,1.0,6.25,1.84,0.7,14.65625,14.8125,14.4375,14.5625,5.3,12.0,91.0,0.0
7.38037,0x2B0,0.0,0.0,1.0,6.25,1.84,0.7,14.65625,14.8125,14.4375,14.5625,5.4,12.0,91.0,0.0
7.38618,0x220,0.0,0.0,1.0,6.25,1.76,0.61,14.65625,14.8125,14.4375,14.5625,5.4,12.0,91.0,0.0
7.38641,0x386,0.0,0.0,1.0,6.25,1.76,0.61,14.71875,14.625,14.59375,14.5,5.4,12.0,91.0,0.0
7.38736,0x316,0.0,0.0,1.0,6.25,1.76,0.61,14.71875,14.625,14.59375,14.5,5.4,12.0,94.0,0.0
7.39038,0x2B0,0.0,0.0,1.0,6.25,1.76,0.61,14.71875,14.625,14.59375,14.5,5.4,0.0,94.0,0.0
7.39618,0x220,0.0,0.0,1.0,6.25,1.57,0.66,14.71875,14.625,14.59375,14.5,5.4,0.0,94.0,0.0
7.39768,0x316,0.0,0.0,1.0,6.25,1.57,0.66,14.71875,14.625,14.59375,14.5,5.4,0.0,99.0,0.0
7.40034,0x2B0,0.0,0.0,1.0,6.25,1.57,0.66,14.71875,14.625,14.59375,14.5,5.7,12.0,99.0,0.0
7.40618,0x220,0.0,0.0,1.0,6.25,1.41,0.65,14.71875,14.625,14.59375,14.5,5.7,12.0,99.0,0.0
7.40665,0x386,0.0,0.0,1.0,6.25,1.41,0.65,14.625,14.71875,14.5,14.59375,5.7,12.0,99.0,0.0
7.40761,0x316,0.0,0.0,1.0,6.25,1.41,0.65,14.625,14.71875,14.5,14.59375,5.7,12.0,104.0,0.0
7.41039,0x2B0,0.0,0.0,1.0,6.25,1.41,0.65,14.625,14.71875,14.5,14.59375,5.7,12.0,104.0,0.0
7.41618,0x220,0.0,0.0,1.0,6.25,1.39,0.41,14.625,14.71875,14.5,14.59375,5.7,12.0,104.0,0.0
7.41741,0x316,0.0,0.0,1.0,6.25,1.39,0.41,14.625,14.71875,14.5,14.59375,5.7,12.0,112.0,0.0
7.42034,0x2B0,0.0,0.0,1.0,6.25,1.39,0.41,14.625,14.71875,14.5,14.59375,5.9,8.0,112.0,0.0
7.42619,0x220,0.0,0.0,1.0,6.25,1.51,0.15,14.625,14.71875,14.5,14.59375,5.9,8.0,112.0,0.0
7.42666,0x386,0.0,0.0,1.0,6.25,1.51,0.15,14.75,14.75,14.3125,14.65625,5.9,8.0,112.0,0.0
7.42737,0x316,0.0,0.0,1.0,6.25,1.51,0.15,14.75,14.75,14.3125,14.65625,5.9,8.0,117.0,0.0
7.43032,0x2B0,0.0,0.0,1.0,6.25,1.51,0.15,14.75,14.75,14.3125,14.65625,5.9,8.0,117.0,0.0
7.43617,0x220,0.0,0.0,1.0,6.25,1.7,0.13,14.75,14.75,14.3125,14.65625,5.9,8.0,117.0,0.0
7.43755,0x316,0.0,0.0,1.0,6.25,1.7,0.13,14.75,14.75,14.3125,14.65625,5.9,8.0,119.0,0.0
7.44039,0x2B0,0.0,0.0,1.0,6.25,1.7,0.13,14.75,14.75,14.3125,14.65625,5.9,0.0,119.0,0.0
7.44618,0x220,0.0,0.0,1.0,6.25,1.95,0.37,14.75,14.75,14.3125,14.65625,5.9,0.0,119.0,0.0
7.44665,0x386,0.0,0.0,1.0,6.25,1.95,0.37,14.84375,14.78125,14.34375,14.375,5.9,0.0,119.0,0.0
7.44761,0x316,0.0,0.0,1.0,6.25,1.95,0.37,14.84375,14.78125,14.34375,14.375,5.9,0.0,122.0,0.0
7.45034,0x2B0,0.0,0.0,1.0,6.25,1.95,0.37,14.84375,14.78125,14.34375,14.375,6.0,0.0,122.0,0.0
7.45618,0x220,0.0,0.0,1.0,6.25,2.15,0.54,14.84375,14.78125,14.34375,14.375,6.0,0.0,122.0,0.0
7.45744,0x316,0.0,0.0,1.0,6.25,2.15,0.54,14.84375,14.78125,14.34375,14.375,6.0,0.0,122.0,0.0
7.4603,0x2B0,0.0,0.0,1.0,6.25,2.15,0.54,14.84375,14.78125,14.34375,14.375,6.0,0.0,122.0,0.0
7.46618,0x220,0.0,0.0,1.0,6.25,2.22,0.47,14.84375,14.78125,14.34375,14.375,6.0,0.0,122.0,0.0
7.46665,0x386,0.0,0.0,1.0,6.25,2.22,0.47,14.875,14.84375,14.34375,14.5,6.0,0.0,122.0,0.0
7.46763,0x316,0.0,0.0,1.0,6.25,2.22,0.47,14.875,14.84375,14.34375,14.5,6.0,0.0,122.0,0.0
7.4703,0x2B0,0.0,0.0,1.0,6.25,2.22,0.47,14.875,14.84375,14.34375,14.5,6.0,0.0,122.0,0.0
7.47619,0x220,0.0,0.0,1.0,6.25,2.15,0.32,14.875,14.84375,14.34375,14.5,6.0,0.0,122.0,0.0
7.47792,0x316,0.0,0.0,1.0,6.25,2.15,0.32,14.875,14.84375,14.34375,14.5,6.0,0.0,122.0,0.0
7.48031,0x2B0,0.0,0.0,1.0,6.25,2.15,0.32,14.875,14.84375,14.34375,14.5,6.0,0.0,122.0,0.0
7.48617,0x220,0.0,0.0,1.0,6.25,1.96,0.23,14.875,14.84375,14.34375,14.5,6.0,0.0,122.0,0.0
7.48665,0x386,0.0,0.0,1.0,6.25,1.96,0.23,14.875,14.875,14.21875,14.4375,6.0,0.0,122.0,0.0
7.4876,0x316,0.0,0.0,1.0,6.25,1.96,0.23,14.875,14.875,14.21875,14.4375,6.0,0.0,119.0,0.0
7.4903,0x2B0,0.0,0.0,1.0,6.25,1.96,0.23,14.875,14.875,14.21875,14.4375,6.0,0.0,119.0,0.0
7.49618,0x220,0.0,0.0,1.0,6.25,1.85,0.19,14.875,14.875,14.21875,14.4375,6.0,0.0,119.0,0.0
7.49751,0x316,0.0,0.0,1.0,6.25,1.85,0.19,14.875,14.875,14.21875,14.4375,6.0,0.0,117.0,0.0
7.5003,0x2B0,0.0,0.0,1.0,6.25,1.85,0.19,14.875,14.875,14.21875,14.4375,6.0,0.0,117.0,0.0
7.50618,0x220,0.0,0.0,1.0,6.25,1.91,0.18,14.875,14.875,14.21875,14.4375,6.0,0.0,117.0,0.0
7.50666,0x386,0.0,0.0,1.0,6.25,1.91,0.18,14.90625,14.90625,14.125,14.53125,6.0,0.0,117.0,0.0
7.50738,0x316,0.0,0.0,1.0,6.25,1.91,0.18,14.90625,14.90625,14.125,14.53125,6.0,0.0,114.0,0.0
7.51038,0x2B0,0.0,0.0,1.0,6.25,1.91,0.18,14.90625,14.90625,14.125,14.53125,6.0,0.0,114.0,0.0
7.51618,0x220,0.0,0.0,1.0,6.25,2.04,0.2,14.90625,14.90625,14.125,14.53125,6.0,0.0,114.0,0.0
7.51752,0x316,0.0,0.0,1.0,6.25,2.04,0.2,14.90625,14.90625,14.125,14.53125,6.0,0.0,114.0,0.0
7.52036,0x2B0,0.0,0.0,1.0,6.25,2.04,0.2,14.90625,14.90625,14.125,14.53125,5.7,12.0,114.0,0.0
7.52619,0x220,0.0,0.0,1.0,6.25,2.13,0.3,14.90625,14.90625,14.125,14.53125,5.7,12.0,114.0,0.0
7.52666,0x386,0.0,0.0,1.0,6.25,2.13,0.3,14.875,14.875,14.15625,14.40625,5.7,12.0,114.0,0.0
7.52762,0x316,0.0,0.0,1.0,6.25,2.13,0.3,14.875,14.875,14.15625,14.40625,5.7,12.0,114.0,0.0
7.53036,0x2B0,0.0,0.0,1.0,6.25,2.13,0.3,14.875,14.875,14.15625,14.40625,5.5,24.0,114.0,0.0
7.53619,0x220,0.0,0.0,1.0,6.25,2.2,0.4,14.875,14.875,14.15625,14.40625,5.5,24.0,114.0,0.0
7.53737,0x316,0.0,0.0,1.0,6.25,2.2,0.4,14.875,14.875,14.15625,14.40625,5.5,24.0,114.0,0.0
7.54038,0x2B0,0.0,0.0,1.0,6.25,2.2,0.4,14.875,14.875,14.15625,14.40625,5.3,20.0,114.0,0.0
7.54618,0x220,0.0,0.0,1.0,6.25,2.24,0.33,14.875,14.875,14.15625,14.40625,5.3,20.0,114.0,0.0
7.54666,0x386,0.0,0.0,1.0,6.25,2.24,0.33,14.90625,14.9375,13.9375,14.25,5.3,20.0,114.0,0.0
7.54737,0x316,0.0,0.0,1.0,6.25,2.24,0.33,14.90625,14.9375,13.9375,14.25,5.3,20.0,114.0,0.0
7.55038,0x2B0,0.0,0.0,1.0,6.25,2.24,0.33,14.90625,14.9375,13.9375,14.25,5.1,20.0,114.0,0.0
7.55619,0x220,0.0,0.0,1.0,6.25,2.19,0.09,14.90625,14.9375,13.9375,14.25,5.1,20.0,114.0,0.0
7.55755,0x316,0.0,0.0,1.0,6.25,2.19,0.09,14.90625,14.9375,13.9375,14.25,5.1,20.0,114.0,0.0
7.56036,0x2B0,0.0,0.0,1.0,6.25,2.19,0.09,14.90625,14.9375,13.9375,14.25,4.8,24.0,114.0,0.0
7.56618,0x220,0.0,0.0,1.0,6.25,2.1,-0.06,14.90625,14.9375,13.9375,14.25,4.8,24.0,114.0,0.0
7.56666,0x386,0.0,0.0,1.0,6.25,2.1,-0.06,14.9375,14.90625,13.96875,14.125,4.8,24.0,114.0,0.0
7.56773,0x316,0.0,0.0,1.0,6.25,2.1,-0.06,14.9375,14.90625,13.96875,14.125,4.8,24.0,112.0,0.0
7.57037,0x2B0,0.0,0.0,1.0,6.25,2.1,-0.06,14.9375,14.90625,13.96875,14.125,4.6,24.0,112.0,0.0
7.57619,0x220,0.0,0.0,1.0,6.25,2.05,-0.08,14.9375,14.90625,13.96875,14.125,4.6,24.0,112.0,0.0
7.57758,0x316,0.0,0.0,1.0,6.25,2.05,-0.08,14.9375,14.90625,13.96875,14.125,4.6,24.0,112.0,0.0
7.58037,0x2B0,0.0,0.0,1.0,6.25,2.05,-0.08,14.9375,14.90625,13.96875,14.125,4.3,24.0,112.0,0.0
7.58619,0x220,0.0,0.0,1.0,6.25,2.11,-0.05,14.9375,14.90625,13.96875,14.125,4.3,24.0,112.0,0.0
7.58666,0x386,0.0,0.0,1.0,6.25,2.11,-0.05,14.84375,14.9375,14.03125,14.125,4.3,24.0,112.0,0.0
7.58738,0x316,0.0,0.0,1.0,6.25,2.11,-0.05,14.84375,14.9375,14.03125,14.125,4.3,24.0,109.0,0.0
7.59038,0x2B0,0.0,0.0,1.0,6.25,2.11,-0.05,14.84375,14.9375,14.03125,14.125,3.9,32.0,109.0,0.0
7.59619,0x220,0.0,0.0,1.0,6.25,2.27,-0.06,14.84375,14.9375,14.03125,14.125,3.9,32.0,109.0,0.0
7.59767,0x316,0.0,0.0,1.0,6.25,2.27,-0.06,14.84375,14.9375,14.03125,14.125,3.9,32.0,107.0,0.0
7.6004,0x2B0,0.0,0.0,1.0,6.25,2.27,-0.06,14.84375,14.9375,14.03125,14.125,3.6,32.0,107.0,0.0
7.60619,0x220,0.0,0.0,1.0,6.25,2.37,-0.07,14.84375,14.9375,14.03125,14.125,3.6,32.0,107.0,0.0
7.60666,0x386,0.0,0.0,1.0,6.25,2.37,-0.07,14.84375,14.875,14.125,14.25,3.6,32.0,107.0,0.0
7.60762,0x316,0.0,0.0,1.0,6.25,2.37,-0.07,14.84375,14.875,14.125,14.25,3.6,32.0,104.0,0.0
7.61037,0x2B0,0.0,0.0,1.0,6.25,2.37,-0.07,14.84375,14.875,14.125,14.25,3.2,32.0,104.0,0.0
7.61619,0x220,0.0,0.0,1.0,6.25,2.4,-0.04,14.84375,14.875,14.125,14.25,3.2,32.0,104.0,0.0
7.61738,0x316,0.0,0.0,1.0,6.25,2.4,-0.04,14.84375,14.875,14.125,14.25,3.2,32.0,101.0,0.0
7.62034,0x2B0,0.0,0.0,1.0,6.25,2.4,-0.04,14.84375,14.875,14.125,14.25,2.8,40.0,101.0,0.0
7.62619,0x220,0.0,0.0,1.0,6.25,2.34,-0.08,14.84375,14.875,14.125,14.25,2.8,40.0,101.0,0.0
7.62666,0x386,0.0,0.0,1.0,6.25,2.34,-0.08,14.71875,14.8125,14.03125,14.34375,2.8,40.0,101.0,0.0
7.62737,0x316,0.0,0.0,1.0,6.25,2.34,-0.08,14.71875,14.8125,14.03125,14.34375,2.8,40.0,96.0,0.0
7.63036,0x2B0,0.0,0.0,1.0,6.25,2.34,-0.08,14.71875,14.8125,14.03125,14.34375,2.4,40.0,96.0,0.0
7.63618,0x220,0.0,0.0,1.0,6.25,2.24,-0.26,14.71875,14.8125,14.03125,14.34375,2.4,40.0,96.0,0.0
7.63752,0x316,0.0,0.0,1.0,6.25,2.24,-0.26,14.71875,14.8125,14.03125,14.34375,2.4,40.0,94.0,0.0
7.64037,0x2B0,0.0,0.0,1.0,6.25,2.24,-0.26,14.71875,14.8125,14.03125,14.34375,2.0,40.0,94.0,0.0
7.64617,0x220,0.0,0.0,1.0,6.25,2.1,-0.42,14.71875,14.8125,14.03125,14.34375,2.0,40.0,94.0,0.0
7.64664,0x386,0.0,0.0,1.0,6.25,2.1,-0.42,14.65625,14.6875,14.34375,14.34375,2.0,40.0,94.0,0.0
7.6476,0x316,0.0,0.0,1.0,6.25,2.1,-0.42,14.65625,14.6875,14.34375,14.34375,2.0,40.0,91.0,0.0
7.65039,0x2B0,0.0,0.0,1.0,6.25,2.1,-0.42,14.65625,14.6875,14.34375,14.34375,1.7,32.0,91.0,0.0
7.65619,0x220,0.0,0.0,1.0,6.25,1.91,-0.42,14.65625,14.6875,14.34375,14.34375,1.7,32.0,91.0,0.0
7.65742,0x316,0.0,0.0,1.0,6.25,1.91,-0.42,14.65625,14.6875,14.34375,14.34375,1.7,32.0,91.0,0.0
7.66038,0x2B0,0.0,0.0,1.0,6.25,1.91,-0.42,14.65625,14.6875,14.34375,14.34375,1.3,32.0,91.0,0.0
7.66617,0x220,0.0,0.0,1.0,6.25,1.74,-0.27,14.65625,14.6875,14.34375,14.34375,1.3,32.0,91.0,0.0
7.66665,0x386,0.0,0.0,1.0,6.25,1.74,-0.27,14.46875,14.5,14.25,14.15625,1.3,32.0,91.0,0.0
7.66761,0x316,0.0,0.0,1.0,6.25,1.74,-0.27,14.46875,14.5,14.25,14.15625,1.3,32.0,91.0,0.0
7.6704,0x2B0,0.0,0.0,1.0,6.25,1.74,-0.27,14.46875,14.5,14.25,14.15625,1.0,32.0,91.0,0.0
7.67619,0x220,0.0,0.0,1.0,6.25,1.64,-0.17,14.46875,14.5,14.25,14.15625,1.0,32.0,91.0,0.0
7.67786,0x316,0.0,0.0,1.0,6.25,1.64,-0.17,14.46875,14.5,14.25,14.15625,1.0,32.0,91.0,0.0
7.6804,0x2B0,0.0,0.0,1.0,6.25,1.64,-0.17,14.46875,14.5,14.25,14.15625,0.7,28.0,91.0,0.0
7.68618,0x220,0.0,0.0,1.0,6.25,1.56,-0.23,14.46875,14.5,14.25,14.15625,0.7,28.0,91.0,0.0
7.68665,0x386,0.0,0.0,1.0,6.25,1.56,-0.23,14.4375,14.5,14.09375,14.4375,0.7,28.0,91.0,0.0
7.68761,0x316,0.0,0.0,1.0,6.25,1.56,-0.23,14.4375,14.5,14.09375,14.4375,0.7,28.0,91.0,0.0
7.69038,0x2B0,0.0,0.0,1.0,6.25,1.56,-0.23,14.4375,14.5,14.09375,14.4375,0.4,28.0,91.0,0.0
7.69618,0x220,0.0,0.0,1.0,6.25,1.46,-0.41,14.4375,14.5,14.09375,14.4375,0.4,28.0,91.0,0.0
7.69751,0x316,0.0,0.0,1.0,6.25,1.46,-0.41,14.4375,14.5,14.09375,14.4375,0.4,28.0,94.0,0.0
7.70038,0x2B0,0.0,0.0,1.0,6.25,1.46,-0.41,14.4375,14.5,14.09375,14.4375,0.2,24.0,94.0,0.0
7.70618,0x220,0.0,0.0,1.0,6.25,1.34,-0.48,14.4375,14.5,14.09375,14.4375,0.2,24.0,94.0,0.0
7.70665,0x386,0.0,0.0,1.0,6.25,1.34,-0.48,14.46875,14.4375,14.03125,14.3125,0.2,24.0,94.0,0.0
7.70737,0x316,0.0,0.0,1.0,6.25,1.34,-0.48,14.46875,14.4375,14.03125,14.3125,0.2,24.0,96.0,0.0
7.71037,0x2B0,0.0,0.0,1.0,6.25,1.34,-0.48,14.46875,14.4375,14.03125,14.3125,-0.1,24.0,96.0,0.0
7.71619,0x220,0.0,0.0,1.0,6.25,1.26,-0.4,14.46875,14.4375,14.03125,14.3125,-0.1,24.0,96.0,0.0
7.71739,0x316,0.0,0.0,1.0,6.25,1.26,-0.4,14.46875,14.4375,14.03125,14.3125,-0.1,24.0,99.0,0.0
7.72032,0x2B0,0.0,0.0,1.0,6.25,1.26,-0.4,14.46875,14.4375,14.03125,14.3125,-0.3,24.0,99.0,0.0
7.7262,0x220,0.0,0.0,1.0,6.25,1.27,-0.33,14.46875,14.4375,14.03125,14.3125,-0.3,24.0,99.0,0.0
7.72667,0x386,0.0,0.0,1.0,6.25,1.27,-0.33,14.40625,14.5,14.28125,14.5625,-0.3,24.0,99.0,0.0
7.72763,0x316,0.0,0.0,1.0,6.25,1.27,-0.33,14.40625,14.5,14.28125,14.5625,-0.3,24.0,101.0,0.0
7.73034,0x2B0,0.0,0.0,1.0,6.25,1.27,-0.33,14.40625,14.5,14.28125,14.5625,-0.4,12.0,101.0,0.0
7.73619,0x220,0.0,0.0,1.0,6.25,1.3,-0.26,14.40625,14.5,14.28125,14.5625,-0.4,12.0,101.0,0.0
7.73741,0x316,0.0,0.0,1.0,6.25,1.3,-0.26,14.40625,14.5,14.28125,14.5625,-0.4,12.0,104.0,0.0
7.74035,0x2B0,0.0,0.0,1.0,6.25,1.3,-0.26,14.40625,14.5,14.28125,14.5625,-0.6,12.0,104.0,0.0
7.74619,0x220,0.0,0.0,1.0,6.25,1.3,-0.08,14.40625,14.5,14.28125,14.5625,-0.6,12.0,104.0,0.0
7.74666,0x386,0.0,0.0,1.0,6.25,1.3,-0.08,14.59375,14.5625,14.25,14.4375,-0.6,12.0,104.0,0.0
7.74762,0x316,0.0,0.0,1.0,6.25,1.3,-0.08,14.59375,14.5625,14.25,14.4375,-0.6,12.0,107.0,0.0
7.75034,0x2B0,0.0,0.0,1.0,6.25,1.3,-0.08,14.59375,14.5625,14.25,14.4375,-0.7,12.0,107.0,0.0
7.75619,0x220,0.0,0.0,1.0,6.25,1.29,0.14,14.59375,14.5625,14.25,14.4375,-0.7,12.0,107.0,0.0
7.75741,0x316,0.0,0.0,1.0,6.25,1.29,0.14,14.59375,14.5625,14.25,14.4375,-0.7,12.0,109.0,0.0
7.76036,0x2B0,0.0,0.0,1.0,6.25,1.29,0.14,14.59375,14.5625,14.25,14.4375,-0.7,0.0,109.0,0.0
7.7662,0x220,0.0,0.0,1.0,6.25,1.29,0.36,14.59375,14.5625,14.25,14.4375,-0.7,0.0,109.0,0.0
7.76667,0x386,0.0,0.0,1.0,6.25,1.29,0.36,14.59375,14.65625,14.3125,14.3125,-0.7,0.0,109.0,0.0
7.76776,0x316,0.0,0.0,1.0,6.25,1.29,0.36,14.59375,14.65625,14.3125,14.3125,-0.7,0.0,109.0,0.0
7.77033,0x2B0,0.0,0.0,1.0,6.25,1.29,0.36,14.59375,14.65625,14.3125,14.3125,-0.9,8.0,109.0,0.0
7.77619,0x220,0.0,0.0,1.0,6.25,1.33,0.45,14.59375,14.65625,14.3125,14.3125,-0.9,8.0,109.0,0.0
7.77764,0x316,0.0,0.0,1.0,6.25,1.33,0.45,14.59375,14.65625,14.3125,14.3125,-0.9,8.0,109.0,0.0
7.78034,0x2B0,0.0,0.0,1.0,6.25,1.33,0.45,14.59375,14.65625,14.3125,14.3125,-0.9,8.0,109.0,0.0
7.78618,0x220,0.0,0.0,1.0,6.25,1.41,0.41,14.59375,14.65625,14.3125,14.3125,-0.9,8.0,109.0,0.0
7.78665,0x386,0.0,0.0,1.0,6.25,1.41,0.41,14.6875,14.625,14.3125,14.40625,-0.9,8.0,109.0,0.0
7.78761,0x316,0.0,0.0,1.0,6.25,1.41,0.41,14.6875,14.625,14.3125,14.40625,-0.9,8.0,112.0,0.0
7.79035,0x2B0,0.0,0.0,1.0,6.25,1.41,0.41,14.6875,14.625,14.3125,14.40625,-0.9,0.0,112.0,0.0
7.79619,0x220,0.0,0.0,1.0,6.25,1.49,0.34,14.6875,14.625,14.3125,14.40625,-0.9,0.0,112.0,0.0
7.79755,0x316,0.0,0.0,1.0,6.25,1.49,0.34,14.6875,14.625,14.3125,14.40625,-0.9,0.0,112.0,0.0
7.80036,0x2B0,0.0,0.0,1.0,6.25,1.49,0.34,14.6875,14.625,14.3125,14.40625,-1.0,0.0,112.0,0.0
7.80618,0x220,0.0,0.0,1.0,6.25,1.63,0.3,14.6875,14.625,14.3125,14.40625,-1.0,0.0,112.0,0.0
7.80666,0x386,0.0,0.0,1.0,6.25,1.63,0.3,14.71875,14.71875,14.15625,14.3125,-1.0,0.0,112.0,0.0
7.80762,0x316,0.0,0.0,1.0,6.25,1.63,0.3,14.71875,14.71875,14.15625,14.3125,-1.0,0.0,112.0,0.0
7.81031,0x2B0,0.0,0.0,1.0,6.25,1.63,0.3,14.71875,14.71875,14.15625,14.3125,-1.0,0.0,112.0,0.0
7.8162,0x220,0.0,0.0,1.0,6.25,1.79,0.25,14.71875,14.71875,14.15625,14.3125,-1.0,0.0,112.0,0.0
7.81738,0x316,0.0,0.0,1.0,6.25,1.79,0.25,14.71875,14.71875,14.15625,14.3125,-1.0,0.0,112.0,0.0
7.82031,0x2B0,0.0,0.0,1.0,6.25,1.79,0.25,14.71875,14.71875,14.15625,14.3125,-1.0,0.0,112.0,0.0
7.82619,0x220,0.0,0.0,1.0,6.25,1.85,0.22,14.71875,14.71875,14.15625,14.3125,-1.0,0.0,112.0,0.0
7.82667,0x386,0.0,0.0,1.0,6.25,1.85,0.22,14.75,14.78125,14.25,14.375,-1.0,0.0,112.0,0.0
7.82763,0x316,0.0,0.0,1.0,6.25,1.85,0.22,14.75,14.78125,14.25,14.375,-1.0,0.0,112.0,0.0
7.8303,0x2B0,0.0,0.0,1.0,6.25,1.85,0.22,14.75,14.78125,14.25,14.375,-1.0,0.0,112.0,0.0
7.83618,0x220,0.0,0.0,1.0,6.25,1.82,0.26,14.75,14.78125,14.25,14.375,-1.0,0.0,112.0,0.0
7.83741,0x316,0.0,0.0,1.0,6.25,1.82,0.26,14.75,14.78125,14.25,14.375,-1.0,0.0,112.0,0.0
7.8403,0x2B0,0.0,0.0,1.0,6.25,1.82,0.26,14.75,14.78125,14.25,14.375,-1.0,0.0,112.0,0.0
7.84619,0x220,0.0,0.0,1.0,6.25,1.78,0.37,14.75,14.78125,14.25,14.375,-1.0,0.0,112.0,0.0
7.84666,0x386,0.0,0.0,1.0,6.25,1.78,0.37,14.75,14.75,14.21875,14.25,-1.0,0.0,112.0,0.0
7.84762,0x316,0.0,0.0,1.0,6.25,1.78,0.37,14.75,14.75,14.21875,14.25,-1.0,0.0,112.0,0.0
7.85031,0x2B0,0.0,0.0,1.0,6.25,1.78,0.37,14.75,14.75,14.21875,14.25,-1.0,0.0,112.0,0.0
7.85619,0x220,0.0,0.0,1.0,6.25,1.8,0.41,14.75,14.75,14.21875,14.25,-1.0,0.0,112.0,0.0
7.85742,0x316,0.0,0.0,1.0,6.25,1.8,0.41,14.75,14.75,14.21875,14.25,-1.0,0.0,112.0,0.0
7.86031,0x2B0,0.0,0.0,1.0,6.25,1.8,0.41,14.75,14.75,14.21875,14.25,-1.0,0.0,112.0,0.0
7.86619,0x220,0.0,0.0,1.0,6.25,1.91,0.31,14.75,14.75,14.21875,14.25,-1.0,0.0,112.0,0.0
7.86666,0x386,0.0,0.0,1.0,6.25,1.91,0.31,14.90625,14.90625,14.1875,14.15625,-1.0,0.0,112.0,0.0
7.86763,0x316,0.0,0.0,1.0,6.25,1.91,0.31,14.90625,14.90625,14.1875,14.15625,-1.0,0.0,112.0,0.0
7.87035,0x2B0,0.0,0.0,1.0,6.25,1.91,0.31,14.90625,14.90625,14.1875,14.15625,-1.0,0.0,112.0,0.0
7.87619,0x220,0.0,0.0,1.0,6.25,2.08,0.1,14.90625,14.90625,14.1875,14.15625,-1.0,0.0,112.0,0.0
7.87783,0x316,0.0,0.0,1.0,6.25,2.08,0.1,14.90625,14.90625,14.1875,14.15625,-1.0,0.0,112.0,0.0
7.88031,0x2B0,0.0,0.0,1.0,6.25,2.08,0.1,14.90625,14.90625,14.1875,14.15625,-0.9,0.0,112.0,0.0
7.88619,0x220,0.0,0.0,1.0,6.25,2.13,-0.06,14.90625,14.90625,14.1875,14.15625,-0.9,0.0,112.0,0.0
7.88667,0x386,0.0,0.0,1.0,6.25,2.13,-0.06,14.9375,14.875,14.0625,14.0625,-0.9,0.0,112.0,0.0
7.88763,0x316,0.0,0.0,1.0,6.25,2.13,-0.06,14.9375,14.875,14.0625,14.0625,-0.9,0.0,109.0,0.0
7.89028,0x2B0,0.0,0.0,1.0,6.25,2.13,-0.06,14.9375,14.875,14.0625,14.0625,-0.9,0.0,109.0,0.0
7.89619,0x220,0.0,0.0,1.0,6.25,2.03,-0.13,14.9375,14.875,14.0625,14.0625,-0.9,0.0,109.0,0.0
7.89752,0x316,0.0,0.0,1.0,6.25,2.03,-0.13,14.9375,14.875,14.0625,14.0625,-0.9,0.0,109.0,0.0
7.90028,0x2B0,0.0,0.0,1.0,6.25,2.03,-0.13,14.9375,14.875,14.0625,14.0625,-0.9,0.0,109.0,0.0
7.90619,0x220,0.0,0.0,1.0,6.25,1.86,-0.14,14.9375,14.875,14.0625,14.0625,-0.9,0.0,109.0,0.0
7.90666,0x386,0.0,0.0,1.0,6.25,1.86,-0.14,14.9375,14.90625,13.875,13.84375,-0.9,0.0,109.0,0.0
7.90763,0x316,0.0,0.0,1.0,6.25,1.86,-0.14,14.9375,14.90625,13.875,13.84375,-0.9,0.0,107.0,0.0
7.91028,0x2B0,0.0,0.0,1.0,6.25,1.86,-0.14,14.9375,14.90625,13.875,13.84375,-0.9,0.0,107.0,0.0
7.9162,0x220,0.0,0.0,1.0,6.25,1.66,-0.17,14.9375,14.90625,13.875,13.84375,-0.9,0.0,107.0,0.0
7.91739,0x316,0.0,0.0,1.0,6.25,1.66,-0.17,14.9375,14.90625,13.875,13.84375,-0.9,0.0,107.0,0.0
7.92028,0x2B0,0.0,0.0,1.0,6.25,1.66,-0.17,14.9375,14.90625,13.875,13.84375,-0.9,0.0,107.0,0.0
7.9262,0x220,0.0,0.0,1.0,6.25,1.52,-0.21,14.9375,14.90625,13.875,13.84375,-0.9,0.0,107.0,0.0
7.92667,0x386,0.0,0.0,1.0,6.25,1.52,-0.21,14.84375,14.8125,13.71875,13.8125,-0.9,0.0,107.0,0.0
7.92763,0x316,0.0,0.0,1.0,6.25,1.52,-0.21,14.84375,14.8125,13.71875,13.8125,-0.9,0.0,107.0,0.0
7.93028,0x2B0,0.0,0.0,1.0,6.25,1.52,-0.21,14.84375,14.8125,13.71875,13.8125,-0.9,0.0,107.0,0.0
7.93619,0x220,0.0,0.0,1.0,6.25,1.52,-0.23,14.84375,14.8125,13.71875,13.8125,-0.9,0.0,107.0,0.0
7.93738,0x316,0.0,0.0,1.0,6.25,1.52,-0.23,14.84375,14.8125,13.71875,13.8125,-0.9,0.0,107.0,0.0
7.94035,0x2B0,0.0,0.0,1.0,6.25,1.52,-0.23,14.84375,14.8125,13.71875,13.8125,-0.9,0.0,107.0,0.0
7.94619,0x220,0.0,0.0,1.0,6.25,1.69,-0.23,14.84375,14.8125,13.71875,13.8125,-0.9,0.0,107.0,0.0
7.94666,0x386,0.0,0.0,1.0,6.25,1.69,-0.23,14.90625,14.90625,13.75,13.90625,-0.9,0.0,107.0,0.0
7.94762,0x316,0.0,0.0,1.0,6.25,1.69,-0.23,14.90625,14.90625,13.75,13.90625,-0.9,0.0,107.0,0.0
7.95033,0x2B0,0.0,0.0,1.0,6.25,1.69,-0.23,14.90625,14.90625,13.75,13.90625,-0.9,0.0,107.0,0.0
7.95619,0x220,0.0,0.0,1.0,6.25,1.93,-0.27,14.90625,14.90625,13.75,13.90625,-0.9,0.0,107.0,0.0
7.95741,0x316,0.0,0.0,1.0,6.25,1.93,-0.27,14.90625,14.90625,13.75,13.90625,-0.9,0.0,104.0,0.0
7.96034,0x2B0,0.0,0.0,1.0,6.25,1.93,-0.27,14.90625,14.90625,13.75,13.90625,-1.0,0.0,104.0,0.0
7.96619,0x220,0.0,0.0,1.0,6.25,2.07,-0.25,14.90625,14.90625,13.75,13.90625,-1.0,0.0,104.0,0.0
7.96666,0x386,0.0,0.0,1.0,6.25,2.07,-0.25,14.84375,14.84375,14.03125,14.0,-1.0,0.0,104.0,0.0
7.96775,0x316,0.0,0.0,1.0,6.25,2.07,-0.25,14.84375,14.84375,14.03125,14.0,-1.0,0.0,101.0,0.0
7.97035,0x2B0,0.0,0.0,1.0,6.25,2.07,-0.25,14.84375,14.84375,14.03125,14.0,-1.0,0.0,101.0,0.0
7.9762,0x220,0.0,0.0,1.0,6.25,2.04,-0.15,14.84375,14.84375,14.03125,14.0,-1.0,0.0,101.0,0.0
7.97758,0x316,0.0,0.0,1.0,6.25,2.04,-0.15,14.84375,14.84375,14.03125,14.0,-1.0,0.0,101.0,0.0
7.98033,0x2B0,0.0,0.0,1.0,6.25,2.04,-0.15,14.84375,14.84375,14.03125,14.0,-1.0,0.0,101.0,0.0
7.98619,0x220,0.0,0.0,1.0,6.25,1.9,-0.14,14.84375,14.84375,14.03125,14.0,-1.0,0.0,101.0,0.0
7.98667,0x386,0.0,0.0,1.0,6.25,1.9,-0.14,14.71875,14.6875,13.96875,14.25,-1.0,0.0,101.0,0.0
7.98764,0x316,0.0,0.0,1.0,6.25,1.9,-0.14,14.71875,14.6875,13.96875,14.25,-1.0,0.0,99.0,0.0
7.99033,0x2B0,0.0,0.0,1.0,6.25,1.9,-0.14,14.71875,14.6875,13.96875,14.25,-1.1,0.0,99.0,0.0
7.99619,0x220,0.0,0.0,1.0,6.25,1.76,-0.3,14.71875,14.6875,13.96875,14.25,-1.1,0.0,99.0,0.0
7.99756,0x316,0.0,0.0,1.0,6.25,1.76,-0.3,14.71875,14.6875,13.96875,14.25,-1.1,0.0,99.0,0.0
8.0003,0x2B0,0.0,0.0,1.0,6.25,1.76,-0.3,14.71875,14.6875,13.96875,14.25,-1.1,0.0,99.0,0.0
8.0062,0x220,0.0,0.0,1.0,6.25,1.69,-0.48,14.71875,14.6875,13.96875,14.25,-1.1,0.0,99.0,0.0
8.00667,0x386,0.0,0.0,1.0,6.25,1.69,-0.48,14.59375,14.4375,14.1875,14.34375,-1.1,0.0,99.0,0.0
8.00763,0x316,0.0,0.0,1.0,6.25,1.69,-0.48,14.59375,14.4375,14.1875,14.34375,-1.1,0.0,96.0,0.0
8.01037,0x2B0,0.0,0.0,1.0,6.25,1.69,-0.48,14.59375,14.4375,14.1875,14.34375,-1.1,0.0,96.0,0.0
8.0162,0x220,0.0,0.0,1.0,6.25,1.64,-0.5,14.59375,14.4375,14.1875,14.34375,-1.1,0.0,96.0,0.0
8.01738,0x316,0.0,0.0,1.0,6.25,1.64,-0.5,14.59375,14.4375,14.1875,14.34375,-1.1,0.0,94.0,0.0
8.02034,0x2B0,0.0,0.0,1.0,6.25,1.64,-0.5,14.59375,14.4375,14.1875,14.34375,-1.1,0.0,94.0,0.0
8.0262,0x220,0.0,0.0,1.0,6.25,1.66,-0.38,14.59375,14.4375,14.1875,14.34375,-1.1,0.0,94.0,0.0
8.02667,0x386,0.0,0.0,1.0,6.25,1.66,-0.38,14.46875,14.5625,14.3125,14.21875,-1.1,0.0,94.0,0.0
8.02763,0x316,0.0,0.0,1.0,6.25,1.66,-0.38,14.46875,14.5625,14.3125,14.21875,-1.1,0.0,91.0,0.0
8.03035,0x2B0,0.0,0.0,1.0,6.25,1.66,-0.38,14.46875,14.5625,14.3125,14.21875,-1.3,8.0,91.0,0.0
8.03619,0x220,0.0,0.0,1.0,6.25,1.79,-0.19,14.46875,14.5625,14.3125,14.21875,-1.3,8.0,91.0,0.0
8.0374,0x316,0.0,0.0,1.0,6.25,1.79,-0.19,14.46875,14.5625,14.3125,14.21875,-1.3,8.0,91.0,0.0
8.04035,0x2B0,0.0,0.0,1.0,6.25,1.79,-0.19,14.46875,14.5625,14.3125,14.21875,-1.3,8.0,91.0,0.0
8.04619,0x220,0.0,0.0,1.0,6.25,1.88,-0.13,14.46875,14.5625,14.3125,14.21875,-1.3,8.0,91.0,0.0
8.04666,0x386,0.0,0.0,1.0,6.25,1.88,-0.13,14.375,14.625,14.3125,14.34375,-1.3,8.0,91.0,0.0
8.04762,0x316,0.0,0.0,1.0,6.25,1.88,-0.13,14.375,14.625,14.3125,14.34375,-1.3,8.0,91.0,0.0
8.05037,0x2B0,0.0,0.0,1.0,6.25,1.88,-0.13,14.375,14.625,14.3125,14.34375,-1.3,0.0,91.0,0.0
8.0562,0x220,0.0,0.0,1.0,6.25,1.89,-0.23,14.375,14.625,14.3125,14.34375,-1.3,0.0,91.0,0.0
8.05742,0x316,0.0,0.0,1.0,6.25,1.89,-0.23,14.375,14.625,14.3125,14.34375,-1.3,0.0,94.0,0.0
8.06038,0x2B0,0.0,0.0,1.0,6.25,1.89,-0.23,14.375,14.625,14.3125,14.34375,-1.4,0.0,94.0,0.0
8.0662,0x220,0.0,0.0,1.0,6.25,1.84,-0.41,14.375,14.625,14.3125,14.34375,-1.4,0.0,94.0,0.0
8.06667,0x386,0.0,0.0,1.0,6.25,1.84,-0.41,14.34375,14.46875,14.34375,14.375,-1.4,0.0,94.0,0.0
8.06763,0x316,0.0,0.0,1.0,6.25,1.84,-0.41,14.34375,14.46875,14.34375,14.375,-1.4,0.0,99.0,0.0
8.07035,0x2B0,0.0,0.0,1.0,6.25,1.84,-0.41,14.34375,14.46875,14.34375,14.375,-1.4,0.0,99.0,0.0
8.0762,0x220,0.0,0.0,1.0,6.25,1.81,-0.49,14.34375,14.46875,14.34375,14.375,-1.4,0.0,99.0,0.0
8.07782,0x316,0.0,0.0,1.0,6.25,1.81,-0.49,14.34375,14.46875,14.34375,14.375,-1.4,0.0,99.0,0.0
8.08035,0x2B0,0.0,0.0,1.0,6.25,1.81,-0.49,14.34375,14.46875,14.34375,14.375,-1.5,0.0,99.0,0.0
8.08619,0x220,0.0,0.0,1.0,6.25,1.77,-0.47,14.34375,14.46875,14.34375,14.375,-1.5,0.0,99.0,0.0
8.08667,0x386,0.0,0.0,1.0,6.25,1.77,-0.47,14.40625,14.46875,14.1875,14.375,-1.5,0.0,99.0,0.0
8.08762,0x316,0.0,0.0,1.0,6.25,1.77,-0.47,14.40625,14.46875,14.1875,14.375,-1.5,0.0,112.0,0.0
8.09029,0x2B0,0.0,0.0,1.0,6.25,1.77,-0.47,14.40625,14.46875,14.1875,14.375,-1.5,0.0,112.0,0.0
8.0962,0x220,0.0,0.0,1.0,6.25,1.67,-0.38,14.40625,14.46875,14.1875,14.375,-1.5,0.0,112.0,0.0
8.0975,0x316,0.0,0.0,1.0,6.25,1.67,-0.38,14.40625,14.46875,14.1875,14.375,-1.5,0.0,117.0,0.0
8.10035,0x2B0,0.0,0.0,1.0,6.25,1.67,-0.38,14.40625,14.46875,14.1875,14.375,-1.5,0.0,117.0,0.0
8.10619,0x220,0.0,0.0,1.0,6.25,1.46,-0.2,14.40625,14.46875,14.1875,14.375,-1.5,0.0,117.0,0.0
8.10642,0x386,0.0,0.0,1.0,6.25,1.46,-0.2,14.5625,14.40625,14.3125,14.28125,-1.5,0.0,117.0,0.0
8.10762,0x316,0.0,0.0,1.0,6.25,1.46,-0.2,14.5625,14.40625,14.3125,14.28125,-1.5,0.0,122.0,0.0
8.11037,0x2B0,0.0,0.0,1.0,6.25,1.46,-0.2,14.5625,14.40625,14.3125,14.28125,-1.5,0.0,122.0,0.0
8.1162,0x220,0.0,0.0,1.0,6.25,1.13,0.0,14.5625,14.40625,14.3125,14.28125,-1.5,0.0,122.0,0.0
8.11739,0x316,0.0,0.0,1.0,6.25,1.13,0.0,14.5625,14.40625,14.3125,14.28125,-1.5,0.0,127.0,0.0
8.12032,0x2B0,0.0,0.0,1.0,6.25,1.13,0.0,14.5625,14.40625,14.3125,14.28125,-1.7,8.0,127.0,0.0
8.1262,0x220,0.0,0.0,1.0,6.25,0.76,0.14,14.5625,14.40625,14.3125,14.28125,-1.7,8.0,127.0,0.0
8.12668,0x386,0.0,0.0,1.0,6.25,0.76,0.14,14.625,14.5625,14.21875,14.21875,-1.7,8.0,127.0,0.0
8.12764,0x316,0.0,0.0,1.0,6.25,0.76,0.14,14.625,14.5625,14.21875,14.21875,-1.7,8.0,127.0,0.0
8.13036,0x2B0,0.0,0.0,1.0,6.25,0.76,0.14,14.625,14.5625,14.21875,14.21875,-1.7,8.0,127.0,0.0
8.1362,0x220,0.0,0.0,1.0,6.25,0.59,0.08,14.625,14.5625,14.21875,14.21875,-1.7,8.0,127.0,0.0
8.13741,0x316,0.0,0.0,1.0,6.25,0.59,0.08,14.625,14.5625,14.21875,14.21875,-1.7,8.0,127.0,0.0
8.14036,0x2B0,0.0,0.0,1.0,6.25,0.59,0.08,14.625,14.5625,14.21875,14.21875,-1.7,0.0,127.0,0.0
8.14619,0x220,0.0,0.0,1.0,6.25,0.74,-0.04,14.625,14.5625,14.21875,14.21875,-1.7,0.0,127.0,0.0
8.14642,0x386,0.0,0.0,1.0,6.25,0.74,-0.04,14.625,14.53125,14.1875,14.21875,-1.7,0.0,127.0,0.0
8.14738,0x316,0.0,0.0,1.0,6.25,0.74,-0.04,14.625,14.53125,14.1875,14.21875,-1.7,0.0,127.0,0.0
8.15035,0x2B0,0.0,0.0,1.0,6.25,0.74,-0.04,14.625,14.53125,14.1875,14.21875,-1.7,0.0,127.0,0.0
8.15619,0x220,0.0,0.0,1.0,6.25,1.02,-0.05,14.625,14.53125,14.1875,14.21875,-1.7,0.0,127.0,0.0
8.15739,0x316,0.0,0.0,1.0,6.25,1.02,-0.05,14.625,14.53125,14.1875,14.21875,-1.7,0.0,127.0,0.0
8.16033,0x2B0,0.0,0.0,1.0,6.25,1.02,-0.05,14.625,14.53125,14.1875,14.21875,-1.8,0.0,127.0,0.0
8.16619,0x220,0.0,0.0,1.0,6.25,1.34,0.15,14.625,14.53125,14.1875,14.21875,-1.8,0.0,127.0,0.0
8.16643,0x386,0.0,0.0,1.0,6.25,1.34,0.15,14.65625,14.59375,14.25,14.34375,-1.8,0.0,127.0,0.0
8.16774,0x316,0.0,0.0,1.0,6.25,1.34,0.15,14.65625,14.59375,14.25,14.34375,-1.8,0.0,122.0,0.0
8.17029,0x2B0,0.0,0.0,1.0,6.25,1.34,0.15,14.65625,14.59375,14.25,14.34375,-1.8,0.0,122.0,0.0
8.1762,0x220,0.0,0.0,1.0,6.25,1.51,0.35,14.65625,14.59375,14.25,14.34375,-1.8,0.0,122.0,0.0
8.17768,0x316,0.0,0.0,1.0,6.25,1.51,0.35,14.65625,14.59375,14.25,14.34375,-1.8,0.0,122.0,0.0
8.18029,0x2B0,0.0,0.0,1.0,6.25,1.51,0.35,14.65625,14.59375,14.25,14.34375,-1.8,0.0,122.0,0.0
8.1862,0x220,0.0,0.0,1.0,6.25,1.38,0.41,14.65625,14.59375,14.25,14.34375,-1.8,0.0,122.0,0.0
8.18643,0x386,0.0,0.0,1.0,6.25,1.38,0.41,14.6875,14.59375,14.1875,14.28125,-1.8,0.0,122.0,0.0
8.18738,0x316,0.0,0.0,1.0,6.25,1.38,0.41,14.6875,14.59375,14.1875,14.28125,-1.8,0.0,114.0,0.0
8.1903,0x2B0,0.0,0.0,1.0,6.25,1.38,0.41,14.6875,14.59375,14.1875,14.28125,-1.8,0.0,114.0,0.0
8.19621,0x220,0.0,0.0,1.0,6.25,0.97,0.41,14.6875,14.59375,14.1875,14.28125,-1.8,0.0,114.0,0.0
8.19753,0x316,0.0,0.0,1.0,6.25,0.97,0.41,14.6875,14.59375,14.1875,14.28125,-1.8,0.0,112.0,0.0
8.20037,0x2B0,0.0,0.0,1.0,6.25,0.97,0.41,14.6875,14.59375,14.1875,14.28125,-1.8,0.0,112.0,0.0
8.2062,0x220,0.0,0.0,1.0,6.25,0.59,0.39,14.6875,14.59375,14.1875,14.28125,-1.8,0.0,112.0,0.0
8.20643,0x386,0.0,0.0,1.0,6.25,0.59,0.39,14.8125,14.65625,14.28125,14.15625,-1.8,0.0,112.0,0.0
8.20762,0x316,0.0,0.0,1.0,6.25,0.59,0.39,14.8125,14.65625,14.28125,14.15625,-1.8,0.0,109.0,0.0
8.21035,0x2B0,0.0,0.0,1.0,6.25,0.59,0.39,14.8125,14.65625,14.28125,14.15625,-1.8,0.0,109.0,0.0
8.21621,0x220,0.0,0.0,1.0,6.25,0.41,0.37,14.8125,14.65625,14.28125,14.15625,-1.8,0.0,109.0,0.0
8.21743,0x316,0.0,0.0,1.0,6.25,0.41,0.37,14.8125,14.65625,14.28125,14.15625,-1.8,0.0,109.0,0.0
8.22033,0x2B0,0.0,0.0,1.0,6.25,0.41,0.37,14.8125,14.65625,14.28125,14.15625,-1.9,0.0,109.0,0.0
8.22621,0x220,0.0,0.0,1.0,6.25,0.46,0.35,14.8125,14.65625,14.28125,14.15625,-1.9,0.0,109.0,0.0
8.22644,0x386,0.0,0.0,1.0,6.25,0.46,0.35,14.71875,14.6875,14.25,14.21875,-1.9,0.0,109.0,0.0
8.22738,0x316,0.0,0.0,1.0,6.25,0.46,0.35,14.71875,14.6875,14.25,14.21875,-1.9,0.0,109.0,0.0
8.23036,0x2B0,0.0,0.0,1.0,6.25,0.46,0.35,14.71875,14.6875,14.25,14.21875,-1.9,0.0,109.0,0.0
8.2362,0x220,0.0,0.0,1.0,6.25,0.66,0.41,14.71875,14.6875,14.25,14.21875,-1.9,0.0,109.0,0.0
8.23738,0x316,0.0,0.0,1.0,6.25,0.66,0.41,14.71875,14.6875,14.25,14.21875,-1.9,0.0,109.0,0.0
8.2403,0x2B0,0.0,0.0,1.0,6.25,0.66,0.41,14.71875,14.6875,14.25,14.21875,-2.0,0.0,109.0,0.0
8.2462,0x220,0.0,0.0,1.0,6.25,0.83,0.65,14.71875,14.6875,14.25,14.21875,-2.0,0.0,109.0,0.0
8.24643,0x386,0.0,0.0,1.0,6.25,0.83,0.65,14.90625,14.65625,14.34375,14.34375,-2.0,0.0,109.0,0.0
8.24763,0x316,0.0,0.0,1.0,6.25,0.83,0.65,14.90625,14.65625,14.34375,14.34375,-2.0,0.0,109.0,0.0
8.25033,0x2B0,0.0,0.0,1.0,6.25,0.83,0.65,14.90625,14.65625,14.34375,14.34375,-2.0,0.0,109.0,0.0
8.2562,0x220,0.0,0.0,1.0,6.25,0.94,0.97,14.90625,14.65625,14.34375,14.34375,-2.0,0.0,109.0,0.0
8.2575,0x316,0.0,0.0,1.0,6.25,0.94,0.97,14.90625,14.65625,14.34375,14.34375,-2.0,0.0,109.0,0.0
8.26033,0x2B0,0.0,0.0,1.0,6.25,0.94,0.97,14.90625,14.65625,14.34375,14.34375,-2.2,8.0,109.0,0.0
8.26619,0x220,0.0,0.0,1.0,6.25,1.06,1.05,14.90625,14.65625,14.34375,14.34375,-2.2,8.0,109.0,0.0
8.26642,0x386,0.0,0.0,1.0,6.25,1.06,1.05,14.71875,15.03125,14.40625,14.3125,-2.2,8.0,109.0,0.0
8.26762,0x316,0.0,0.0,1.0,6.25,1.06,1.05,14.71875,15.03125,14.40625,14.3125,-2.2,8.0,109.0,0.0
8.27034,0x2B0,0.0,0.0,1.0,6.25,1.06,1.05,14.71875,15.03125,14.40625,14.3125,-2.2,8.0,109.0,0.0
8.2762,0x220,0.0,0.0,1.0,6.25,1.12,0.76,14.71875,15.03125,14.40625,14.3125,-2.2,8.0,109.0,0.0
8.27774,0x316,0.0,0.0,1.0,6.25,1.12,0.76,14.71875,15.03125,14.40625,14.3125,-2.2,8.0,109.0,0.0
8.28034,0x2B0,0.0,0.0,1.0,6.25,1.12,0.76,14.71875,15.03125,14.40625,14.3125,-2.2,0.0,109.0,0.0
8.2862,0x220,0.0,0.0,1.0,6.25,1.07,0.42,14.71875,15.03125,14.40625,14.3125,-2.2,0.0,109.0,0.0
8.28643,0x386,0.0,0.0,1.0,6.25,1.07,0.42,14.9375,14.71875,14.34375,14.40625,-2.2,0.0,109.0,0.0
8.28762,0x316,0.0,0.0,1.0,6.25,1.07,0.42,14.9375,14.71875,14.34375,14.40625,-2.2,0.0,107.0,0.0
8.29034,0x2B0,0.0,0.0,1.0,6.25,1.07,0.42,14.9375,14.71875,14.34375,14.40625,-2.4,8.0,107.0,0.0
8.2962,0x220,0.0,0.0,1.0,6.25,1.03,0.47,14.9375,14.71875,14.34375,14.40625,-2.4,8.0,107.0,0.0
8.29762,0x316,0.0,0.0,1.0,6.25,1.03,0.47,14.9375,14.71875,14.34375,14.40625,-2.4,8.0,104.0,0.0
8.30035,0x2B0,0.0,0.0,1.0,6.25,1.03,0.47,14.9375,14.71875,14.34375,14.40625,-2.4,8.0,104.0,0.0
8.3062,0x220,0.0,0.0,1.0,6.25,1.09,0.68,14.9375,14.71875,14.34375,14.40625,-2.4,8.0,104.0,0.0
8.30643,0x386,0.0,0.0,1.0,6.25,1.09,0.68,14.84375,14.90625,14.375,14.46875,-2.4,8.0,104.0,0.0
8.30738,0x316,0.0,0.0,1.0,6.25,1.09,0.68,14.84375,14.90625,14.375,14.46875,-2.4,8.0,104.0,0.0
8.31034,0x2B0,0.0,0.0,1.0,6.25,1.09,0.68,14.84375,14.90625,14.375,14.46875,-2.6,8.0,104.0,0.0
8.3162,0x220,0.0,0.0,1.0,6.25,1.2,0.61,14.84375,14.90625,14.375,14.46875,-2.6,8.0,104.0,0.0
8.31736,0x316,0.0,0.0,1.0,6.25,1.2,0.61,14.84375,14.90625,14.375,14.46875,-2.6,8.0,101.0,0.0
8.32031,0x2B0,0.0,0.0,1.0,6.25,1.2,0.61,14.84375,14.90625,14.375,14.46875,-2.6,8.0,101.0,0.0
8.32621,0x220,0.0,0.0,1.0,6.25,1.19,0.38,14.84375,14.90625,14.375,14.46875,-2.6,8.0,101.0,0.0
8.32644,0x386,0.0,0.0,1.0,6.25,1.19,0.38,14.8125,14.78125,14.3125,14.34375,-2.6,8.0,101.0,0.0
8.32764,0x316,0.0,0.0,1.0,6.25,1.19,0.38,14.8125,14.78125,14.3125,14.34375,-2.6,8.0,101.0,0.0
8.33035,0x2B0,0.0,0.0,1.0,6.25,1.19,0.38,14.8125,14.78125,14.3125,14.34375,-2.6,0.0,101.0,0.0
8.33621,0x220,0.0,0.0,1.0,6.25,1.05,0.33,14.8125,14.78125,14.3125,14.34375,-2.6,0.0,101.0,0.0
8.3374,0x316,0.0,0.0,1.0,6.25,1.05,0.33,14.8125,14.78125,14.3125,14.34375,-2.6,0.0,101.0,0.0
8.34036,0x2B0,0.0,0.0,1.0,6.25,1.05,0.33,14.8125,14.78125,14.3125,14.34375,-2.8,8.0,101.0,0.0
8.34621,0x220,0.0,0.0,1.0,6.25,0.94,0.47,14.8125,14.78125,14.3125,14.34375,-2.8,8.0,101.0,0.0
8.34644,0x386,0.0,0.0,1.0,6.25,0.94,0.47,14.875,14.78125,14.28125,14.3125,-2.8,8.0,101.0,0.0
8.34739,0x316,0.0,0.0,1.0,6.25,0.94,0.47,14.875,14.78125,14.28125,14.3125,-2.8,8.0,101.0,0.0
8.35035,0x2B0,0.0,0.0,1.0,6.25,0.94,0.47,14.875,14.78125,14.28125,14.3125,-2.8,8.0,101.0,0.0
8.35621,0x220,0.0,0.0,1.0,6.25,1.01,0.45,14.875,14.78125,14.28125,14.3125,-2.8,8.0,101.0,0.0
8.35741,0x316,0.0,0.0,1.0,6.25,1.01,0.45,14.875,14.78125,14.28125,14.3125,-2.8,8.0,101.0,0.0
8.36035,0x2B0,0.0,0.0,1.0,6.25,1.01,0.45,14.875,14.78125,14.28125,14.3125,-3.0,8.0,101.0,0.0
8.36621,0x220,0.0,0.0,1.0,6.25,1.17,0.23,14.875,14.78125,14.28125,14.3125,-3.0,8.0,101.0,0.0
8.36644,0x386,0.0,0.0,1.0,6.25,1.17,0.23,14.90625,14.8125,14.25,14.34375,-3.0,8.0,101.0,0.0
8.36776,0x316,0.0,0.0,1.0,6.25,1.17,0.23,14.90625,14.8125,14.25,14.34375,-3.0,8.0,101.0,0.0
8.37031,0x2B0,0.0,0.0,1.0,6.25,1.17,0.23,14.90625,14.8125,14.25,14.34375,-3.0,8.0,101.0,0.0
8.37621,0x220,0.0,0.0,1.0,6.25,1.36,0.0,14.90625,14.8125,14.25,14.34375,-3.0,8.0,101.0,0.0
8.3777,0x316,0.0,0.0,1.0,6.25,1.36,0.0,14.90625,14.8125,14.25,14.34375,-3.0,8.0,101.0,0.0
8.38035,0x2B0,0.0,0.0,1.0,6.25,1.36,0.0,14.90625,14.8125,14.25,14.34375,-3.0,0.0,101.0,0.0
8.38597,0x220,0.0,0.0,1.0,6.25,1.51,0.0,14.90625,14.8125,14.25,14.34375,-3.0,0.0,101.0,0.0
8.38644,0x386,0.0,0.0,1.0,6.25,1.51,0.0,14.875,14.90625,14.28125,14.1875,-3.0,0.0,101.0,0.0
8.38739,0x316,0.0,0.0,1.0,6.25,1.51,0.0,14.875,14.90625,14.28125,14.1875,-3.0,0.0,104.0,0.0
8.39034,0x2B0,0.0,0.0,1.0,6.25,1.51,0.0,14.875,14.90625,14.28125,14.1875,-3.2,8.0,104.0,0.0
8.39596,0x220,0.0,0.0,1.0,6.25,1.66,0.12,14.875,14.90625,14.28125,14.1875,-3.2,8.0,104.0,0.0
8.39752,0x316,0.0,0.0,1.0,6.25,1.66,0.12,14.875,14.90625,14.28125,14.1875,-3.2,8.0,107.0,0.0
8.40033,0x2B0,0.0,0.0,1.0,6.25,1.66,0.12,14.875,14.90625,14.28125,14.1875,-3.2,8.0,107.0,0.0
8.40597,0x220,0.0,0.0,1.0,6.25,1.75,0.15,14.875,14.90625,14.28125,14.1875,-3.2,8.0,107.0,0.0
8.40644,0x386,0.0,0.0,1.0,6.25,1.75,0.15,14.90625,15.03125,14.3125,14.34375,-3.2,8.0,107.0,0.0
8.40764,0x316,0.0,0.0,1.0,6.25,1.75,0.15,14.90625,15.03125,14.3125,14.34375,-3.2,8.0,107.0,0.0
8.41033,0x2B0,0.0,0.0,1.0,6.25,1.75,0.15,14.90625,15.03125,14.3125,14.34375,-3.3,0.0,107.0,0.0
8.41596,0x220,0.0,0.0,1.0,6.25,1.78,0.01,14.90625,15.03125,14.3125,14.34375,-3.3,0.0,107.0,0.0
8.41744,0x316,0.0,0.0,1.0,6.25,1.78,0.01,14.90625,15.03125,14.3125,14.34375,-3.3,0.0,107.0,0.0
8.42035,0x2B0,0.0,0.0,1.0,6.25,1.78,0.01,14.90625,15.03125,14.3125,14.34375,-3.3,0.0,107.0,0.0
8.42597,0x220,0.0,0.0,1.0,6.25,1.82,-0.09,14.90625,15.03125,14.3125,14.34375,-3.3,0.0,107.0,0.0
8.42643,0x386,0.0,0.0,1.0,6.25,1.82,-0.09,14.96875,14.90625,14.34375,14.28125,-3.3,0.0,107.0,0.0
8.42738,0x316,0.0,0.0,1.0,6.25,1.82,-0.09,14.96875,14.90625,14.34375,14.28125,-3.3,0.0,104.0,0.0
8.43032,0x2B0,0.0,0.0,1.0,6.25,1.82,-0.09,14.96875,14.90625,14.34375,14.28125,-3.5,8.0,104.0,0.0
8.43596,0x220,0.0,0.0,1.0,6.25,1.9,-0.12,14.96875,14.90625,14.34375,14.28125,-3.5,8.0,104.0,0.0
8.4374,0x316,0.0,0.0,1.0,6.25,1.9,-0.12,14.96875,14.90625,14.34375,14.28125,-3.5,8.0,101.0,0.0
8.44031,0x2B0,0.0,0.0,1.0,6.25,1.9,-0.12,14.96875,14.90625,14.34375,14.28125,-3.5,8.0,101.0,0.0
8.44596,0x220,0.0,0.0,1.0,6.25,2.02,-0.21,14.96875,14.90625,14.34375,14.28125,-3.5,8.0,101.0,0.0
8.44643,0x386,0.0,0.0,1.0,6.25,2.02,-0.21,14.96875,14.875,14.34375,14.5,-3.5,8.0,101.0,0.0
8.44763,0x316,0.0,0.0,1.0,6.25,2.02,-0.21,14.96875,14.875,14.34375,14.5,-3.5,8.0,99.0,0.0
8.45033,0x2B0,0.0,0.0,1.0,6.25,2.02,-0.21,14.96875,14.875,14.34375,14.5,-3.6,0.0,99.0,0.0
8.45597,0x220,0.0,0.0,1.0,6.25,2.06,-0.45,14.96875,14.875,14.34375,14.5,-3.6,0.0,99.0,0.0
8.4575,0x316,0.0,0.0,1.0,6.25,2.06,-0.45,14.96875,14.875,14.34375,14.5,-3.6,0.0,94.0,0.0
8.46029,0x2B0,0.0,0.0,1.0,6.25,2.06,-0.45,14.96875,14.875,14.34375,14.5,-3.6,0.0,94.0,0.0
8.46596,0x220,0.0,0.0,1.0,6.25,1.84,-0.56,14.96875,14.875,14.34375,14.5,-3.6,0.0,94.0,0.0
8.46643,0x386,0.0,0.0,1.0,6.25,1.84,-0.56,14.84375,14.78125,14.4375,14.4375,-3.6,0.0,94.0,0.0
8.46763,0x316,0.0,0.0,1.0,6.25,1.84,-0.56,14.84375,14.78125,14.4375,14.4375,-3.6,0.0,89.0,0.0
8.47031,0x2B0,0.0,0.0,1.0,6.25,1.84,-0.56,14.84375,14.78125,14.4375,14.4375,-3.8,8.0,89.0,0.0
8.47597,0x220,0.0,0.0,1.0,6.25,1.52,-0.37,14.84375,14.78125,14.4375,14.4375,-3.8,8.0,89.0,0.0
8.47775,0x316,0.0,0.0,1.0,6.25,1.52,-0.37,14.84375,14.78125,14.4375,14.4375,-3.8,8.0,89.0,0.0
8.48033,0x2B0,0.0,0.0,1.0,6.25,1.52,-0.37,14.84375,14.78125,14.4375,14.4375,-3.8,8.0,89.0,0.0
8.48596,0x220,0.0,0.0,1.0,6.25,1.37,-0.11,14.84375,14.78125,14.4375,14.4375,-3.8,8.0,89.0,0.0
8.48643,0x386,0.0,0.0,1.0,6.25,1.37,-0.11,14.78125,14.8125,14.46875,14.40625,-3.8,8.0,89.0,0.0
8.48739,0x316,0.0,0.0,1.0,6.25,1.37,-0.11,14.78125,14.8125,14.46875,14.40625,-3.8,8.0,84.0,0.0
8.4903,0x2B0,0.0,0.0,1.0,6.25,1.37,-0.11,14.78125,14.8125,14.46875,14.40625,-3.9,0.0,84.0,0.0
8.49597,0x220,0.0,0.0,1.0,6.25,1.43,-0.16,14.78125,14.8125,14.46875,14.40625,-3.9,0.0,84.0,0.0
8.49756,0x316,0.0,0.0,1.0,6.25,1.43,-0.16,14.78125,14.8125,14.46875,14.40625,-3.9,0.0,81.0,0.0
8.50031,0x2B0,0.0,0.0,1.0,6.25,1.43,-0.16,14.78125,14.8125,14.46875,14.40625,-3.9,0.0,81.0,0.0
8.50597,0x220,0.0,0.0,1.0,6.25,1.54,-0.49,14.78125,14.8125,14.46875,14.40625,-3.9,0.0,81.0,0.0
8.50644,0x386,0.0,0.0,1.0,6.25,1.54,-0.49,14.71875,14.75,14.53125,14.625,-3.9,0.0,81.0,0.0
8.50739,0x316,0.0,0.0,1.0,6.25,1.54,-0.49,14.71875,14.75,14.53125,14.625,-3.9,0.0,81.0,0.0
8.5103,0x2B0,0.0,0.0,1.0,6.25,1.54,-0.49,14.71875,14.75,14.53125,14.625,-4.1,8.0,81.0,0.0
8.51597,0x220,0.0,0.0,1.0,6.25,1.52,-0.71,14.71875,14.75,14.53125,14.625,-4.1,8.0,81.0,0.0
8.51736,0x316,0.0,0.0,1.0,6.25,1.52,-0.71,14.71875,14.75,14.53125,14.625,-4.1,8.0,81.0,0.0
8.52032,0x2B0,0.0,0.0,1.0,6.25,1.52,-0.71,14.71875,14.75,14.53125,14.625,-4.1,8.0,81.0,0.0
8.52598,0x220,0.0,0.0,1.0,6.25,1.27,-0.61,14.71875,14.75,14.53125,14.625,-4.1,8.0,81.0,0.0
8.52645,0x386,0.0,0.0,1.0,6.25,1.27,-0.61,14.65625,14.625,14.4375,14.5625,-4.1,8.0,81.0,0.0
8.5274,0x316,0.0,0.0,1.0,6.25,1.27,-0.61,14.65625,14.625,14.4375,14.5625,-4.1,8.0,81.0,0.0
8.53033,0x2B0,0.0,0.0,1.0,6.25,1.27,-0.61,14.65625,14.625,14.4375,14.5625,-4.2,0.0,81.0,0.0
8.53598,0x220,0.0,0.0,1.0,6.25,0.89,-0.4,14.65625,14.625,14.4375,14.5625,-4.2,0.0,81.0,0.0
8.53749,0x316,0.0,0.0,1.0,6.25,0.89,-0.4,14.65625,14.625,14.4375,14.5625,-4.2,0.0,81.0,0.0
8.54033,0x2B0,0.0,0.0,1.0,6.25,0.89,-0.4,14.65625,14.625,14.4375,14.5625,-4.2,0.0,81.0,0.0
8.54597,0x220,0.0,0.0,1.0,6.25,0.5,-0.22,14.65625,14.625,14.4375,14.5625,-4.2,0.0,81.0,0.0
8.54644,0x386,0.0,0.0,1.0,6.25,0.5,-0.22,14.8125,14.8125,14.46875,14.40625,-4.2,0.0,81.0,0.0
8.54739,0x316,0.0,0.0,1.0,6.25,0.5,-0.22,14.8125,14.8125,14.46875,14.40625,-4.2,0.0,81.0,0.0
8.55031,0x2B0,0.0,0.0,1.0,6.25,0.5,-0.22,14.8125,14.8125,14.46875,14.40625,-4.3,0.0,81.0,0.0
8.55597,0x220,0.0,0.0,1.0,6.25,0.14,-0.09,14.8125,14.8125,14.46875,14.40625,-4.3,0.0,81.0,0.0
8.55743,0x316,0.0,0.0,1.0,6.25,0.14,-0.09,14.8125,14.8125,14.46875,14.40625,-4.3,0.0,84.0,0.0
8.56032,0x2B0,0.0,0.0,1.0,6.25,0.14,-0.09,14.8125,14.8125,14.46875,14.40625,-4.3,0.0,84.0,0.0
8.56596,0x220,0.0,0.0,1.0,6.25,-0.04,-0.11,14.8125,14.8125,14.46875,14.40625,-4.3,0.0,84.0,0.0
8.56643,0x386,0.0,0.0,1.0,6.25,-0.04,-0.11,14.625,14.6875,14.40625,14.4375,-4.3,0.0,84.0,0.0
8.56767,0x316,0.0,0.0,1.0,6.25,-0.04,-0.11,14.625,14.6875,14.40625,14.4375,-4.3,0.0,84.0,0.0
8.57032,0x2B0,0.0,0.0,1.0,6.25,-0.04,-0.11,14.625,14.6875,14.40625,14.4375,-4.3,0.0,84.0,0.0
8.57598,0x220,0.0,0.0,1.0,6.25,-0.01,-0.25,14.625,14.6875,14.40625,14.4375,-4.3,0.0,84.0,0.0
8.57767,0x316,0.0,0.0,1.0,6.25,-0.01,-0.25,14.625,14.6875,14.40625,14.4375,-4.3,0.0,84.0,0.0
8.58033,0x2B0,0.0,0.0,1.0,6.25,-0.01,-0.25,14.625,14.6875,14.40625,14.4375,-4.4,0.0,84.0,0.0
8.58597,0x220,0.0,0.0,1.0,6.25,0.12,-0.37,14.625,14.6875,14.40625,14.4375,-4.4,0.0,84.0,0.0
8.58643,0x386,0.0,0.0,1.0,6.25,0.12,-0.37,14.8125,14.78125,14.21875,14.40625,-4.4,0.0,84.0,0.0
8.58739,0x316,0.0,0.0,1.0,6.25,0.12,-0.37,14.8125,14.78125,14.21875,14.40625,-4.4,0.0,86.0,0.0
8.59027,0x2B0,0.0,0.0,1.0,6.25,0.12,-0.37,14.8125,14.78125,14.21875,14.40625,-4.4,0.0,86.0,0.0
8.59597,0x220,0.0,0.0,1.0,6.25,0.21,-0.3,14.8125,14.78125,14.21875,14.40625,-4.4,0.0,86.0,0.0
8.59752,0x316,0.0,0.0,1.0,6.25,0.21,-0.3,14.8125,14.78125,14.21875,14.40625,-4.4,0.0,86.0,0.0
8.60034,0x2B0,0.0,0.0,1.0,6.25,0.21,-0.3,14.8125,14.78125,14.21875,14.40625,-4.4,0.0,86.0,0.0
8.60597,0x220,0.0,0.0,1.0,6.25,0.29,-0.04,14.8125,14.78125,14.21875,14.40625,-4.4,0.0,86.0,0.0
8.60644,0x386,0.0,0.0,1.0,6.25,0.29,-0.04,14.84375,14.84375,14.28125,14.34375,-4.4,0.0,86.0,0.0
8.60739,0x316,0.0,0.0,1.0,6.25,0.29,-0.04,14.84375,14.84375,14.28125,14.34375,-4.4,0.0,86.0,0.0
8.61032,0x2B0,0.0,0.0,1.0,6.25,0.29,-0.04,14.84375,14.84375,14.28125,14.34375,-4.4,0.0,86.0,0.0
8.61598,0x220,0.0,0.0,1.0,6.25,0.42,0.18,14.84375,14.84375,14.28125,14.34375,-4.4,0.0,86.0,0.0
8.61753,0x316,0.0,0.0,1.0,6.25,0.42,0.18,14.84375,14.84375,14.28125,14.34375,-4.4,0.0,86.0,0.0
8.62031,0x2B0,0.0,0.0,1.0,6.25,0.42,0.18,14.84375,14.84375,14.28125,14.34375,-4.4,0.0,86.0,0.0
8.62597,0x220,0.0,0.0,1.0,6.25,0.55,0.2,14.84375,14.84375,14.28125,14.34375,-4.4,0.0,86.0,0.0
8.62644,0x386,0.0,0.0,1.0,6.25,0.55,0.2,14.8125,14.875,14.375,14.40625,-4.4,0.0,86.0,0.0
8.62739,0x316,0.0,0.0,1.0,6.25,0.55,0.2,14.8125,14.875,14.375,14.40625,-4.4,0.0,86.0,0.0
8.63032,0x2B0,0.0,0.0,1.0,6.25,0.55,0.2,14.8125,14.875,14.375,14.40625,-4.4,0.0,86.0,0.0
8.63597,0x220,0.0,0.0,1.0,6.25,0.74,0.07,14.8125,14.875,14.375,14.40625,-4.4,0.0,86.0,0.0
8.63741,0x316,0.0,0.0,1.0,6.25,0.74,0.07,14.8125,14.875,14.375,14.40625,-4.4,0.0,86.0,0.0
8.64031,0x2B0,0.0,0.0,1.0,6.25,0.74,0.07,14.8125,14.875,14.375,14.40625,-4.4,0.0,86.0,0.0
8.64597,0x220,0.0,0.0,1.0,6.25,0.85,0.0,14.8125,14.875,14.375,14.40625,-4.4,0.0,86.0,0.0
8.64644,0x386,0.0,0.0,1.0,6.25,0.85,0.0,14.75,14.90625,14.3125,14.34375,-4.4,0.0,86.0,0.0
8.64739,0x316,0.0,0.0,1.0,6.25,0.85,0.0,14.75,14.90625,14.3125,14.34375,-4.4,0.0,86.0,0.0
8.65031,0x2B0,0.0,0.0,1.0,6.25,0.85,0.0,14.75,14.90625,14.3125,14.34375,-4.4,0.0,86.0,0.0
8.65598,0x220,0.0,0.0,1.0,6.25,0.91,0.06,14.75,14.90625,14.3125,14.34375,-4.4,0.0,86.0,0.0
8.65752,0x316,0.0,0.0,1.0,6.25,0.91,0.06,14.75,14.90625,14.3125,14.34375,-4.4,0.0,86.0,0.0
8.66024,0x2B0,0.0,0.0,1.0,6.25,0.91,0.06,14.75,14.90625,14.3125,14.34375,-4.4,0.0,86.0,0.0
8.66598,0x220,0.0,0.0,1.0,6.25,0.95,0.15,14.75,14.90625,14.3125,14.34375,-4.4,0.0,86.0,0.0
8.66645,0x386,0.0,0.0,1.0,6.25,0.95,0.15,14.96875,14.78125,14.15625,14.375,-4.4,0.0,86.0,0.0
8.66765,0x316,0.0,0.0,1.0,6.25,0.95,0.15,14.96875,14.78125,14.15625,14.375,-4.4,0.0,86.0,0.0
8.67025,0x2B0,0.0,0.0,1.0,6.25,0.95,0.15,14.96875,14.78125,14.15625,14.375,-4.4,0.0,86.0,0.0
8.67597,0x220,0.0,0.0,1.0,6.25,1.01,0.1,14.96875,14.78125,14.15625,14.375,-4.4,0.0,86.0,0.0
8.6778,0x316,0.0,0.0,1.0,6.25,1.01,0.1,14.96875,14.78125,14.15625,14.375,-4.4,0.0,86.0,0.0
8.68025,0x2B0,0.0,0.0,1.0,6.25,1.01,0.1,14.96875,14.78125,14.15625,14.375,-4.4,0.0,86.0,0.0
8.68598,0x220,0.0,0.0,1.0,6.25,1.21,0.03,14.96875,14.78125,14.15625,14.375,-4.4,0.0,86.0,0.0
8.68645,0x386,0.0,0.0,1.0,6.25,1.21,0.03,14.84375,14.90625,14.21875,14.28125,-4.4,0.0,86.0,0.0
8.6874,0x316,0.0,0.0,1.0,6.25,1.21,0.03,14.84375,14.90625,14.21875,14.28125,-4.4,0.0,86.0,0.0
8.69025,0x2B0,0.0,0.0,1.0,6.25,1.21,0.03,14.84375,14.90625,14.21875,14.28125,-4.4,0.0,86.0,0.0
8.69598,0x220,0.0,0.0,1.0,6.25,1.53,0.01,14.84375,14.90625,14.21875,14.28125,-4.4,0.0,86.0,0.0
8.69758,0x316,0.0,0.0,1.0,6.25,1.53,0.01,14.84375,14.90625,14.21875,14.28125,-4.4,0.0,86.0,0.0
8.70026,0x2B0,0.0,0.0,1.0,6.25,1.53,0.01,14.84375,14.90625,14.21875,14.28125,-4.4,0.0,86.0,0.0
8.70598,0x220,0.0,0.0,1.0,6.25,1.84,0.0,14.84375,14.90625,14.21875,14.28125,-4.4,0.0,86.0,0.0
8.70645,0x386,0.0,0.0,1.0,6.25,1.84,0.0,14.9375,14.96875,14.34375,14.5,-4.4,0.0,86.0,0.0
8.70765,0x316,0.0,0.0,1.0,6.25,1.84,0.0,14.9375,14.96875,14.34375,14.5,-4.4,0.0,86.0,0.0
8.71025,0x2B0,0.0,0.0,1.0,6.25,1.84,0.0,14.9375,14.96875,14.34375,14.5,-4.4,0.0,86.0,0.0
8.71597,0x220,0.0,0.0,1.0,6.25,2.0,0.0,14.9375,14.96875,14.34375,14.5,-4.4,0.0,86.0,0.0
8.71738,0x316,0.0,0.0,1.0,6.25,2.0,0.0,14.9375,14.96875,14.34375,14.5,-4.4,0.0,86.0,0.0
8.72025,0x2B0,0.0,0.0,1.0,6.25,2.0,0.0,14.9375,14.96875,14.34375,14.5,-4.4,0.0,86.0,0.0
8.72598,0x220,0.0,0.0,1.0,6.25,2.07,0.04,14.9375,14.96875,14.34375,14.5,-4.4,0.0,86.0,0.0
8.72645,0x386,0.0,0.0,1.0,6.25,2.07,0.04,14.8125,14.9375,14.375,14.5,-4.4,0.0,86.0,0.0
8.7274,0x316,0.0,0.0,1.0,6.25,2.07,0.04,14.8125,14.9375,14.375,14.5,-4.4,0.0,86.0,0.0
8.73024,0x2B0,0.0,0.0,1.0,6.25,2.07,0.04,14.8125,14.9375,14.375,14.5,-4.4,0.0,86.0,0.0
8.73598,0x220,0.0,0.0,1.0,6.25,2.17,0.13,14.8125,14.9375,14.375,14.5,-4.4,0.0,86.0,0.0
8.73741,0x316,0.0,0.0,1.0,6.25,2.17,0.13,14.8125,14.9375,14.375,14.5,-4.4,0.0,84.0,0.0
8.74034,0x2B0,0.0,0.0,1.0,6.25,2.17,0.13,14.8125,14.9375,14.375,14.5,-4.4,0.0,84.0,0.0
8.74597,0x220,0.0,0.0,1.0,6.25,2.33,0.05,14.8125,14.9375,14.375,14.5,-4.4,0.0,84.0,0.0
8.74644,0x386,0.0,0.0,1.0,6.25,2.33,0.05,14.875,14.9375,14.1875,13.8125,-4.4,0.0,84.0,0.0
8.74764,0x316,0.0,0.0,1.0,6.25,2.33,0.05,14.875,14.9375,14.1875,13.8125,-4.4,0.0,79.0,0.0
8.75024,0x2B0,0.0,0.0,1.0,6.25,2.33,0.05,14.875,14.9375,14.1875,13.8125,-4.4,0.0,79.0,0.0
8.75597,0x220,0.0,0.0,1.0,6.25,2.51,-0.15,14.875,14.9375,14.1875,13.8125,-4.4,0.0,79.0,0.0
8.7574,0x316,0.0,0.0,1.0,6.25,2.51,-0.15,14.875,14.9375,14.1875,13.8125,-4.4,0.0,76.0,0.0
8.76025,0x2B0,0.0,0.0,1.0,6.25,2.51,-0.15,14.875,14.9375,14.1875,13.8125,-4.4,0.0,76.0,0.0
8.76597,0x220,0.0,0.0,1.0,6.25,2.61,-0.3,14.875,14.9375,14.1875,13.8125,-4.4,0.0,76.0,0.0
8.76644,0x386,0.0,0.0,1.0,6.25,2.61,-0.3,14.84375,14.96875,13.96875,13.65625,-4.4,0.0,76.0,0.0
8.76763,0x316,0.0,0.0,1.0,6.25,2.61,-0.3,14.84375,14.96875,13.96875,13.65625,-4.4,0.0,73.0,0.0
8.77025,0x2B0,0.0,0.0,1.0,6.25,2.61,-0.3,14.84375,14.96875,13.96875,13.65625,-4.4,0.0,73.0,0.0
8.77598,0x220,0.0,0.0,1.0,6.25,2.63,-0.26,14.84375,14.96875,13.96875,13.65625,-4.4,0.0,73.0,0.0
8.77772,0x316,0.0,0.0,1.0,6.25,2.63,-0.26,14.84375,14.96875,13.96875,13.65625,-4.4,0.0,73.0,0.0
8.78025,0x2B0,0.0,0.0,1.0,6.25,2.63,-0.26,14.84375,14.96875,13.96875,13.65625,-4.4,0.0,73.0,0.0
8.78598,0x220,0.0,0.0,1.0,6.25,2.53,-0.2,14.84375,14.96875,13.96875,13.65625,-4.4,0.0,73.0,0.0
8.78644,0x386,0.0,0.0,1.0,6.25,2.53,-0.2,14.875,14.875,13.6875,13.8125,-4.4,0.0,73.0,0.0
8.78764,0x316,0.0,0.0,1.0,6.25,2.53,-0.2,14.875,14.875,13.6875,13.8125,-4.4,0.0,71.0,0.0
8.79024,0x2B0,0.0,0.0,1.0,6.25,2.53,-0.2,14.875,14.875,13.6875,13.8125,-4.4,0.0,71.0,0.0
8.79598,0x220,0.0,0.0,1.0,6.25,2.26,-0.3,14.875,14.875,13.6875,13.8125,-4.4,0.0,71.0,0.0
8.79751,0x316,0.0,0.0,1.0,6.25,2.26,-0.3,14.875,14.875,13.6875,13.8125,-4.4,0.0,71.0,0.0
8.80025,0x2B0,0.0,0.0,1.0,6.25,2.26,-0.3,14.875,14.875,13.6875,13.8125,-4.4,0.0,71.0,0.0
8.80598,0x220,0.0,0.0,1.0,6.25,2.01,-0.52,14.875,14.875,13.6875,13.8125,-4.4,0.0,71.0,0.0
8.80644,0x386,0.0,0.0,1.0,6.25,2.01,-0.52,14.84375,14.71875,14.0625,14.6875,-4.4,0.0,71.0,0.0
8.8074,0x316,0.0,0.0,1.0,6.25,2.01,-0.52,14.84375,14.71875,14.0625,14.6875,-4.4,0.0,68.0,0.0
8.81024,0x2B0,0.0,0.0,1.0,6.25,2.01,-0.52,14.84375,14.71875,14.0625,14.6875,-4.4,0.0,68.0,0.0
8.81598,0x220,0.0,0.0,1.0,6.25,1.86,-0.66,14.84375,14.71875,14.0625,14.6875,-4.4,0.0,68.0,0.0
8.81743,0x316,0.0,0.0,1.0,6.25,1.86,-0.66,14.84375,14.71875,14.0625,14.6875,-4.4,0.0,68.0,0.0
8.82024,0x2B0,0.0,0.0,1.0,6.25,1.86,-0.66,14.84375,14.71875,14.0625,14.6875,-4.4,0.0,68.0,0.0
8.82598,0x220,0.0,0.0,1.0,6.25,1.79,-0.49,14.84375,14.71875,14.0625,14.6875,-4.4,0.0,68.0,0.0
8.82645,0x386,0.0,0.0,1.0,6.25,1.79,-0.49,14.65625,14.8125,14.59375,14.5625,-4.4,0.0,68.0,0.0
8.82765,0x316,0.0,0.0,1.0,6.25,1.79,-0.49,14.65625,14.8125,14.59375,14.5625,-4.4,0.0,66.0,0.0
8.8303,0x2B0,0.0,0.0,1.0,6.25,1.79,-0.49,14.65625,14.8125,14.59375,14.5625,-4.4,0.0,66.0,0.0
8.83598,0x220,0.0,0.0,1.0,6.25,1.79,-0.09,14.65625,14.8125,14.59375,14.5625,-4.4,0.0,66.0,0.0
8.83738,0x316,0.0,0.0,1.0,6.25,1.79,-0.09,14.65625,14.8125,14.59375,14.5625,-4.4,0.0,63.0,0.0
8.84029,0x2B0,0.0,0.0,1.0,6.25,1.79,-0.09,14.65625,14.8125,14.59375,14.5625,-4.4,0.0,63.0,0.0
8.84598,0x220,0.0,0.0,1.0,6.25,1.87,0.34,14.65625,14.8125,14.59375,14.5625,-4.4,0.0,63.0,0.0
8.84645,0x386,0.0,0.0,1.0,6.25,1.87,0.34,14.5625,14.625,14.28125,14.3125,-4.4,0.0,63.0,0.0
8.8474,0x316,0.0,0.0,1.0,6.25,1.87,0.34,14.5625,14.625,14.28125,14.3125,-4.4,0.0,61.0,0.0
8.85029,0x2B0,0.0,0.0,1.0,6.25,1.87,0.34,14.5625,14.625,14.28125,14.3125,-4.4,0.0,61.0,0.0
8.85599,0x220,0.0,0.0,1.0,6.25,1.99,0.52,14.5625,14.625,14.28125,14.3125,-4.4,0.0,61.0,0.0
8.85747,0x316,0.0,0.0,1.0,6.25,1.99,0.52,14.5625,14.625,14.28125,14.3125,-4.4,0.0,61.0,0.0
8.8603,0x2B0,0.0,0.0,1.0,6.25,1.99,0.52,14.5625,14.625,14.28125,14.3125,-4.4,0.0,61.0,0.0
8.86597,0x220,0.0,0.0,1.0,6.25,2.03,0.3,14.5625,14.625,14.28125,14.3125,-4.4,0.0,61.0,0.0
8.86644,0x386,0.0,0.0,1.0,6.25,2.03,0.3,14.5625,14.625,14.125,14.25,-4.4,0.0,61.0,0.0
8.86775,0x316,0.0,0.0,1.0,6.25,2.03,0.3,14.5625,14.625,14.125,14.25,-4.4,0.0,58.0,0.0
8.87029,0x2B0,0.0,0.0,1.0,6.25,2.03,0.3,14.5625,14.625,14.125,14.25,-4.5,0.0,58.0,0.0
8.87597,0x220,0.0,0.0,1.0,6.25,1.86,-0.24,14.5625,14.625,14.125,14.25,-4.5,0.0,58.0,0.0
8.87774,0x316,0.0,0.0,1.0,6.25,1.86,-0.24,14.5625,14.625,14.125,14.25,-4.5,0.0,58.0,0.0
8.88024,0x2B0,0.0,0.0,1.0,6.25,1.86,-0.24,14.5625,14.625,14.125,14.25,-4.5,0.0,58.0,0.0
8.88598,0x220,0.0,0.0,1.0,6.25,1.34,-0.76,14.5625,14.625,14.125,14.25,-4.5,0.0,58.0,0.0
8.88644,0x386,0.0,0.0,1.0,6.25,1.34,-0.76,14.5625,14.5,14.15625,14.34375,-4.5,0.0,58.0,0.0
8.8874,0x316,0.0,0.0,1.0,6.25,1.34,-0.76,14.5625,14.5,14.15625,14.34375,-4.5,0.0,56.0,0.0
8.89024,0x2B0,0.0,0.0,1.0,6.25,1.34,-0.76,14.5625,14.5,14.15625,14.34375,-4.5,0.0,56.0,0.0
8.89598,0x220,0.0,0.0,1.0,6.25,0.55,-0.68,14.5625,14.5,14.15625,14.34375,-4.5,0.0,56.0,0.0
8.89762,0x316,0.0,0.0,1.0,6.25,0.55,-0.68,14.5625,14.5,14.15625,14.34375,-4.5,0.0,56.0,0.0
8.90026,0x2B0,0.0,0.0,1.0,6.25,0.55,-0.68,14.5625,14.5,14.15625,14.34375,-4.5,0.0,56.0,0.0
8.90598,0x220,0.0,0.0,1.0,6.25,-0.18,-0.06,14.5625,14.5,14.15625,14.34375,-4.5,0.0,56.0,0.0
8.90645,0x386,0.0,0.0,1.0,6.25,-0.18,-0.06,14.59375,14.4375,14.25,14.375,-4.5,0.0,56.0,0.0
8.9074,0x316,0.0,0.0,1.0,6.25,-0.18,-0.06,14.59375,14.4375,14.25,14.375,-4.5,0.0,61.0,0.0
8.91033,0x2B0,0.0,0.0,1.0,6.25,-0.18,-0.06,14.59375,14.4375,14.25,14.375,-4.5,0.0,61.0,0.0
8.91598,0x220,0.0,0.0,1.0,6.25,-0.47,0.47,14.59375,14.4375,14.25,14.375,-4.5,0.0,61.0,0.0
8.91736,0x316,0.0,0.0,1.0,6.25,-0.47,0.47,14.59375,14.4375,14.25,14.375,-4.5,0.0,63.0,0.0
8.92034,0x2B0,0.0,0.0,1.0,6.25,-0.47,0.47,14.59375,14.4375,14.25,14.375,-4.5,0.0,63.0,0.0
8.92599,0x220,0.0,0.0,1.0,6.25,-0.15,0.61,14.59375,14.4375,14.25,14.375,-4.5,0.0,63.0,0.0
8.92646,0x386,0.0,0.0,1.0,6.25,-0.15,0.61,14.5625,14.65625,14.4375,14.5,-4.5,0.0,63.0,0.0
8.92741,0x316,0.0,0.0,1.0,6.25,-0.15,0.61,14.5625,14.65625,14.4375,14.5,-4.5,0.0,68.0,0.0
8.93034,0x2B0,0.0,0.0,1.0,6.25,-0.15,0.61,14.5625,14.65625,14.4375,14.5,-4.6,0.0,68.0,0.0
8.93599,0x220,0.0,0.0,1.0,6.25,0.59,0.4,14.5625,14.65625,14.4375,14.5,-4.6,0.0,68.0,0.0
8.93742,0x316,0.0,0.0,1.0,6.25,0.59,0.4,14.5625,14.65625,14.4375,14.5,-4.6,0.0,71.0,0.0
8.94029,0x2B0,0.0,0.0,1.0,6.25,0.59,0.4,14.5625,14.65625,14.4375,14.5,-4.6,0.0,71.0,0.0
8.94598,0x220,0.0,0.0,1.0,6.25,1.44,0.19,14.5625,14.65625,14.4375,14.5,-4.6,0.0,71.0,0.0
8.94645,0x386,0.0,0.0,1.0,6.25,1.44,0.19,14.53125,14.625,14.59375,14.59375,-4.6,0.0,71.0,0.0
8.94764,0x316,0.0,0.0,1.0,6.25,1.44,0.19,14.53125,14.625,14.59375,14.59375,-4.6,0.0,71.0,0.0
8.9503,0x2B0,0.0,0.0,1.0,6.25,1.44,0.19,14.53125,14.625,14.59375,14.59375,-4.6,0.0,71.0,0.0
8.95598,0x220,0.0,0.0,1.0,6.25,2.1,0.17,14.53125,14.625,14.59375,14.59375,-4.6,0.0,71.0,0.0
8.95738,0x316,0.0,0.0,1.0,6.25,2.1,0.17,14.53125,14.625,14.59375,14.59375,-4.6,0.0,71.0,0.0
8.9603,0x2B0,0.0,0.0,1.0,6.25,2.1,0.17,14.53125,14.625,14.59375,14.59375,-4.6,0.0,71.0,0.0
8.96598,0x220,0.0,0.0,1.0,6.25,2.2,0.32,14.53125,14.625,14.59375,14.59375,-4.6,0.0,71.0,0.0
8.96645,0x386,0.0,0.0,1.0,6.25,2.2,0.32,14.59375,14.65625,14.53125,14.375,-4.6,0.0,71.0,0.0
8.96764,0x316,0.0,0.0,1.0,6.25,2.2,0.32,14.59375,14.65625,14.53125,14.375,-4.6,0.0,68.0,0.0
8.97032,0x2B0,0.0,0.0,1.0,6.25,2.2,0.32,14.59375,14.65625,14.53125,14.375,-4.7,0.0,68.0,0.0
8.97598,0x220,0.0,0.0,1.0,6.25,1.74,0.4,14.59375,14.65625,14.53125,14.375,-4.7,0.0,68.0,0.0
8.97766,0x316,0.0,0.0,1.0,6.25,1.74,0.4,14.59375,14.65625,14.53125,14.375,-4.7,0.0,68.0,0.0
8.98026,0x2B0,0.0,0.0,1.0,6.25,1.74,0.4,14.59375,14.65625,14.53125,14.375,-4.7,0.0,68.0,0.0
8.98601,0x220,0.0,0.0,1.0,6.25,1.02,0.3,14.59375,14.65625,14.53125,14.375,-4.7,0.0,68.0,0.0
8.98647,0x386,0.0,0.0,1.0,6.25,1.02,0.3,14.65625,14.625,14.28125,14.3125,-4.7,0.0,68.0,0.0
8.98743,0x316,0.0,0.0,1.0,6.25,1.02,0.3,14.65625,14.625,14.28125,14.3125,-4.7,0.0,63.0,0.0
8.99026,0x2B0,0.0,0.0,1.0,6.25,1.02,0.3,14.65625,14.625,14.28125,14.3125,-4.7,0.0,63.0,0.0
8.99598,0x220,0.0,0.0,1.0,6.25,0.27,0.1,14.65625,14.625,14.28125,14.3125,-4.7,0.0,63.0,0.0
8.99752,0x316,0.0,0.0,1.0,6.25,0.27,0.1,14.65625,14.625,14.28125,14.3125,-4.7,0.0,61.0,0.0
9.00025,0x2B0,0.0,0.0,1.0,6.25,0.27,0.1,14.65625,14.625,14.28125,14.3125,-4.7,0.0,61.0,0.0
9.00599,0x220,0.0,0.0,1.0,6.25,-0.17,-0.07,14.65625,14.625,14.28125,14.3125,-4.7,0.0,61.0,0.0
9.00645,0x386,0.0,0.0,1.0,6.25,-0.17,-0.07,14.75,14.65625,14.0,14.1875,-4.7,0.0,61.0,0.0
9.00741,0x316,0.0,0.0,1.0,6.25,-0.17,-0.07,14.75,14.65625,14.0,14.1875,-4.7,0.0,58.0,0.0
9.01031,0x2B0,0.0,0.0,1.0,6.25,-0.17,-0.07,14.75,14.65625,14.0,14.1875,-4.7,0.0,58.0,0.0
9.01598,0x220,0.0,0.0,1.0,6.25,-0.22,-0.22,14.75,14.65625,14.0,14.1875,-4.7,0.0,58.0,0.0
9.01739,0x316,0.0,0.0,1.0,6.25,-0.22,-0.22,14.75,14.65625,14.0,14.1875,-4.7,0.0,58.0,0.0
9.0203,0x2B0,0.0,0.0,1.0,6.25,-0.22,-0.22,14.75,14.65625,14.0,14.1875,-4.7,0.0,58.0,0.0
9.02599,0x220,0.0,0.0,1.0,6.25,0.05,-0.2,14.75,14.65625,14.0,14.1875,-4.7,0.0,58.0,0.0
9.02646,0x386,0.0,0.0,1.0,6.25,0.05,-0.2,14.75,14.6875,13.90625,14.375,-4.7,0.0,58.0,0.0
9.02765,0x316,0.0,0.0,1.0,6.25,0.05,-0.2,14.75,14.6875,13.90625,14.375,-4.7,0.0,58.0,0.0
9.03029,0x2B0,0.0,0.0,1.0,6.25,0.05,-0.2,14.75,14.6875,13.90625,14.375,-4.7,0.0,58.0,0.0
9.03598,0x220,0.0,0.0,1.0,6.25,0.46,0.13,14.75,14.6875,13.90625,14.375,-4.7,0.0,58.0,0.0
9.03738,0x316,0.0,0.0,1.0,6.25,0.46,0.13,14.75,14.6875,13.90625,14.375,-4.7,0.0,63.0,0.0
9.04029,0x2B0,0.0,0.0,1.0,6.25,0.46,0.13,14.75,14.6875,13.90625,14.375,-4.8,0.0,63.0,0.0
9.04598,0x220,0.0,0.0,1.0,6.25,0.89,0.53,14.75,14.6875,13.90625,14.375,-4.8,0.0,63.0,0.0
9.04645,0x386,0.0,0.0,1.0,6.25,0.89,0.53,14.71875,14.6875,14.1875,14.21875,-4.8,0.0,63.0,0.0
9.0474,0x316,0.0,0.0,1.0,6.25,0.89,0.53,14.71875,14.6875,14.1875,14.21875,-4.8,0.0,66.0,0.0
9.05028,0x2B0,0.0,0.0,1.0,6.25,0.89,0.53,14.71875,14.6875,14.1875,14.21875,-4.8,0.0,66.0,0.0
9.05598,0x220,0.0,0.0,1.0,6.25,1.36,0.6,14.71875,14.6875,14.1875,14.21875,-4.8,0.0,66.0,0.0
9.0574,0x316,0.0,0.0,1.0,6.25,1.36,0.6,14.71875,14.6875,14.1875,14.21875,-4.8,0.0,71.0,0.0
9.06029,0x2B0,0.0,0.0,1.0,6.25,1.36,0.6,14.71875,14.6875,14.1875,14.21875,-4.8,0.0,71.0,0.0
9.06598,0x220,0.0,0.0,1.0,6.25,1.8,0.29,14.71875,14.6875,14.1875,14.21875,-4.8,0.0,71.0,0.0
9.06644,0x386,0.0,0.0,1.0,6.25,1.8,0.29,14.71875,14.78125,14.3125,14.3125,-4.8,0.0,71.0,0.0
9.06774,0x316,0.0,0.0,1.0,6.25,1.8,0.29,14.71875,14.78125,14.3125,14.3125,-4.8,0.0,73.0,0.0
9.07028,0x2B0,0.0,0.0,1.0,6.25,1.8,0.29,14.71875,14.78125,14.3125,14.3125,-4.8,0.0,73.0,0.0
9.07598,0x220,0.0,0.0,1.0,6.25,2.04,-0.05,14.71875,14.78125,14.3125,14.3125,-4.8,0.0,73.0,0.0
9.07774,0x316,0.0,0.0,1.0,6.25,2.04,-0.05,14.71875,14.78125,14.3125,14.3125,-4.8,0.0,73.0,0.0
9.08029,0x2B0,0.0,0.0,1.0,6.25,2.04,-0.05,14.71875,14.78125,14.3125,14.3125,-4.8,0.0,73.0,0.0
9.08607,0x220,0.0,0.0,1.0,6.25,2.1,-0.18,14.71875,14.78125,14.3125,14.3125,-4.8,0.0,73.0,0.0
9.08654,0x386,0.0,0.0,1.0,6.25,2.1,-0.18,14.625,14.75,14.1875,14.25,-4.8,0.0,73.0,0.0
9.08749,0x316,0.0,0.0,1.0,6.25,2.1,-0.18,14.625,14.75,14.1875,14.25,-4.8,0.0,73.0,0.0
9.09022,0x2B0,0.0,0.0,1.0,6.25,2.1,-0.18,14.625,14.75,14.1875,14.25,-4.8,0.0,73.0,0.0
9.09599,0x220,0.0,0.0,1.0,6.25,2.06,-0.12,14.625,14.75,14.1875,14.25,-4.8,0.0,73.0,0.0
9.09751,0x316,0.0,0.0,1.0,6.25,2.06,-0.12,14.625,14.75,14.1875,14.25,-4.8,0.0,73.0,0.0
9.10024,0x2B0,0.0,0.0,1.0,6.25,2.06,-0.12,14.625,14.75,14.1875,14.25,-4.8,0.0,73.0,0.0
9.10598,0x220,0.0,0.0,1.0,6.25,1.93,0.0,14.625,14.75,14.1875,14.25,-4.8,0.0,73.0,0.0
9.10621,0x386,0.0,0.0,1.0,6.25,1.93,0.0,14.65625,14.8125,14.3125,14.09375,-4.8,0.0,73.0,0.0
9.10765,0x316,0.0,0.0,1.0,6.25,1.93,0.0,14.65625,14.8125,14.3125,14.09375,-4.8,0.0,73.0,0.0
9.11024,0x2B0,0.0,0.0,1.0,6.25,1.93,0.0,14.65625,14.8125,14.3125,14.09375,-4.8,0.0,73.0,0.0
9.11599,0x220,0.0,0.0,1.0,6.25,1.79,0.0,14.65625,14.8125,14.3125,14.09375,-4.8,0.0,73.0,0.0
9.11736,0x316,0.0,0.0,1.0,6.25,1.79,0.0,14.65625,14.8125,14.3125,14.09375,-4.8,0.0,71.0,0.0
9.12024,0x2B0,0.0,0.0,1.0,6.25,1.79,0.0,14.65625,14.8125,14.3125,14.09375,-4.8,0.0,71.0,0.0
9.12598,0x220,0.0,0.0,1.0,6.25,1.79,-0.11,14.65625,14.8125,14.3125,14.09375,-4.8,0.0,71.0,0.0
9.12622,0x386,0.0,0.0,1.0,6.25,1.79,-0.11,14.75,14.84375,14.375,14.5,-4.8,0.0,71.0,0.0
9.1274,0x316,0.0,0.0,1.0,6.25,1.79,-0.11,14.75,14.84375,14.375,14.5,-4.8,0.0,66.0,0.0
9.13023,0x2B0,0.0,0.0,1.0,6.25,1.79,-0.11,14.75,14.84375,14.375,14.5,-4.8,0.0,66.0,0.0
9.13599,0x220,0.0,0.0,1.0,6.25,1.94,-0.28,14.75,14.84375,14.375,14.5,-4.8,0.0,66.0,0.0
9.13737,0x316,0.0,0.0,1.0,6.25,1.94,-0.28,14.75,14.84375,14.375,14.5,-4.8,0.0,63.0,0.0
9.1403,0x2B0,0.0,0.0,1.0,6.25,1.94,-0.28,14.75,14.84375,14.375,14.5,-4.8,0.0,63.0,0.0
9.14598,0x220,0.0,0.0,1.0,6.25,2.17,-0.38,14.75,14.84375,14.375,14.5,-4.8,0.0,63.0,0.0
9.14621,0x386,0.0,0.0,1.0,6.25,2.17,-0.38,14.78125,14.75,14.40625,14.625,-4.8,0.0,63.0,0.0
9.14765,0x316,0.0,0.0,1.0,6.25,2.17,-0.38,14.78125,14.75,14.40625,14.625,-4.8,0.0,63.0,0.0
9.15028,0x2B0,0.0,0.0,1.0,6.25,2.17,-0.38,14.78125,14.75,14.40625,14.625,-4.8,0.0,63.0,0.0
9.15599,0x220,0.0,0.0,1.0,6.25,2.31,-0.41,14.78125,14.75,14.40625,14.625,-4.8,0.0,63.0,0.0
9.15741,0x316,0.0,0.0,1.0,6.25,2.31,-0.41,14.78125,14.75,14.40625,14.625,-4.8,0.0,61.0,0.0
9.1603,0x2B0,0.0,0.0,1.0,6.25,2.31,-0.41,14.78125,14.75,14.40625,14.625,-5.0,8.0,61.0,0.0
9.16598,0x220,0.0,0.0,1.0,6.25,2.3,-0.35,14.78125,14.75,14.40625,14.625,-5.0,8.0,61.0,0.0
9.16621,0x386,0.0,0.0,1.0,6.25,2.3,-0.35,14.75,14.84375,14.78125,14.6875,-5.0,8.0,61.0,0.0
9.16765,0x316,0.0,0.0,1.0,6.25,2.3,-0.35,14.75,14.84375,14.78125,14.6875,-5.0,8.0,61.0,0.0
9.17027,0x2B0,0.0,0.0,1.0,6.25,2.3,-0.35,14.75,14.84375,14.78125,14.6875,-5.0,8.0,61.0,0.0
9.17599,0x220,0.0,0.0,1.0,6.25,2.19,-0.26,14.75,14.84375,14.78125,14.6875,-5.0,8.0,61.0,0.0
9.17769,0x316,0.0,0.0,1.0,6.25,2.19,-0.26,14.75,14.84375,14.78125,14.6875,-5.0,8.0,61.0,0.0
9.18028,0x2B0,0.0,0.0,1.0,6.25,2.19,-0.26,14.75,14.84375,14.78125,14.6875,-5.2,8.0,61.0,0.0
9.18614,0x220,0.0,0.0,1.0,6.25,2.11,-0.2,14.75,14.84375,14.78125,14.6875,-5.2,8.0,61.0,0.0
9.18661,0x386,0.0,0.0,1.0,6.25,2.11,-0.2,14.84375,14.875,14.78125,14.75,-5.2,8.0,61.0,0.0
9.18757,0x316,0.0,0.0,1.0,6.25,2.11,-0.2,14.84375,14.875,14.78125,14.75,-5.2,8.0,63.0,0.0
9.19029,0x2B0,0.0,0.0,1.0,6.25,2.11,-0.2,14.84375,14.875,14.78125,14.75,-5.2,8.0,63.0,0.0
9.19598,0x220,0.0,0.0,1.0,6.25,2.1,-0.26,14.84375,14.875,14.78125,14.75,-5.2,8.0,63.0,0.0
9.19755,0x316,0.0,0.0,1.0,6.25,2.1,-0.26,14.84375,14.875,14.78125,14.75,-5.2,8.0,66.0,0.0
9.20028,0x2B0,0.0,0.0,1.0,6.25,2.1,-0.26,14.84375,14.875,14.78125,14.75,-5.3,0.0,66.0,0.0
9.20598,0x220,0.0,0.0,1.0,6.25,2.11,-0.42,14.84375,14.875,14.78125,14.75,-5.3,0.0,66.0,0.0
9.20621,0x386,0.0,0.0,1.0,6.25,2.11,-0.42,14.84375,14.875,14.6875,14.84375,-5.3,0.0,66.0,0.0
9.2074,0x316,0.0,0.0,1.0,6.25,2.11,-0.42,14.84375,14.875,14.6875,14.84375,-5.3,0.0,68.0,0.0
9.21026,0x2B0,0.0,0.0,1.0,6.25,2.11,-0.42,14.84375,14.875,14.6875,14.84375,-5.3,0.0,68.0,0.0
9.21598,0x220,0.0,0.0,1.0,6.25,2.07,-0.55,14.84375,14.875,14.6875,14.84375,-5.3,0.0,68.0,0.0
9.21736,0x316,0.0,0.0,1.0,6.25,2.07,-0.55,14.84375,14.875,14.6875,14.84375,-5.3,0.0,71.0,0.0
9.22031,0x2B0,0.0,0.0,1.0,6.25,2.07,-0.55,14.84375,14.875,14.6875,14.84375,-5.3,0.0,71.0,0.0
9.22599,0x220,0.0,0.0,1.0,6.25,1.92,-0.57,14.84375,14.875,14.6875,14.84375,-5.3,0.0,71.0,0.0
9.22622,0x386,0.0,0.0,1.0,6.25,1.92,-0.57,15.03125,15.0,14.875,14.84375,-5.3,0.0,71.0,0.0
9.22765,0x316,0.0,0.0,1.0,6.25,1.92,-0.57,15.03125,15.0,14.875,14.84375,-5.3,0.0,73.0,0.0
9.23029,0x2B0,0.0,0.0,1.0,6.25,1.92,-0.57,15.03125,15.0,14.875,14.84375,-5.3,0.0,73.0,0.0
9.23598,0x220,0.0,0.0,1.0,6.25,1.71,-0.48,15.03125,15.0,14.875,14.84375,-5.3,0.0,73.0,0.0
9.23746,0x316,0.0,0.0,1.0,6.25,1.71,-0.48,15.03125,15.0,14.875,14.84375,-5.3,0.0,73.0,0.0
9.24032,0x2B0,0.0,0.0,1.0,6.25,1.71,-0.48,15.03125,15.0,14.875,14.84375,-5.5,8.0,73.0,0.0
9.24599,0x220,0.0,0.0,1.0,6.25,1.57,-0.36,15.03125,15.0,14.875,14.84375,-5.5,8.0,73.0,0.0
9.24622,0x386,0.0,0.0,1.0,6.25,1.57,-0.36,15.09375,15.09375,14.53125,14.8125,-5.5,8.0,73.0,0.0
9.24741,0x316,0.0,0.0,1.0,6.25,1.57,-0.36,15.09375,15.09375,14.53125,14.8125,-5.5,8.0,73.0,0.0
9.25032,0x2B0,0.0,0.0,1.0,6.25,1.57,-0.36,15.09375,15.09375,14.53125,14.8125,-5.5,8.0,73.0,0.0
9.25599,0x220,0.0,0.0,1.0,6.25,1.58,-0.35,15.09375,15.09375,14.53125,14.8125,-5.5,8.0,73.0,0.0
9.25738,0x316,0.0,0.0,1.0,6.25,1.58,-0.35,15.09375,15.09375,14.53125,14.8125,-5.5,8.0,73.0,0.0
9.26031,0x2B0,0.0,0.0,1.0,6.25,1.58,-0.35,15.09375,15.09375,14.53125,14.8125,-5.5,0.0,73.0,0.0
9.26599,0x220,0.0,0.0,1.0,6.25,1.78,-0.44,15.09375,15.09375,14.53125,14.8125,-5.5,0.0,73.0,0.0
9.26622,0x386,0.0,0.0,1.0,6.25,1.78,-0.44,15.21875,15.3125,14.5625,14.9375,-5.5,0.0,73.0,0.0
9.26776,0x316,0.0,0.0,1.0,6.25,1.78,-0.44,15.21875,15.3125,14.5625,14.9375,-5.5,0.0,71.0,0.0
9.27032,0x2B0,0.0,0.0,1.0,6.25,1.78,-0.44,15.21875,15.3125,14.5625,14.9375,-5.5,0.0,71.0,0.0
9.27598,0x220,0.0,0.0,1.0,6.25,2.03,-0.44,15.21875,15.3125,14.5625,14.9375,-5.5,0.0,71.0,0.0
9.27784,0x316,0.0,0.0,1.0,6.25,2.03,-0.44,15.21875,15.3125,14.5625,14.9375,-5.5,0.0,71.0,0.0
9.28028,0x2B0,0.0,0.0,1.0,6.25,2.03,-0.44,15.21875,15.3125,14.5625,14.9375,-5.6,0.0,71.0,0.0
9.28598,0x220,0.0,0.0,1.0,6.25,2.2,-0.18,15.21875,15.3125,14.5625,14.9375,-5.6,0.0,71.0,0.0
9.28621,0x386,0.0,0.0,1.0,6.25,2.2,-0.18,15.40625,15.34375,14.71875,14.625,-5.6,0.0,71.0,0.0
9.28806,0x316,0.0,0.0,1.0,6.25,2.2,-0.18,15.40625,15.34375,14.71875,14.625,-5.6,0.0,66.0,0.0
9.2903,0x2B0,0.0,0.0,1.0,6.25,2.2,-0.18,15.40625,15.34375,14.71875,14.625,-5.6,0.0,66.0,0.0
9.29599,0x220,0.0,0.0,1.0,6.25,2.26,0.17,15.40625,15.34375,14.71875,14.625,-5.6,0.0,66.0,0.0
9.29748,0x316,0.0,0.0,1.0,6.25,2.26,0.17,15.40625,15.34375,14.71875,14.625,-5.6,0.0,63.0,0.0
9.30031,0x2B0,0.0,0.0,1.0,6.25,2.26,0.17,15.40625,15.34375,14.71875,14.625,-5.8,8.0,63.0,0.0
9.306,0x220,0.0,0.0,1.0,6.25,2.24,0.33,15.40625,15.34375,14.71875,14.625,-5.8,8.0,63.0,0.0
9.30623,0x386,0.0,0.0,1.0,6.25,2.24,0.33,15.34375,15.40625,14.9375,14.6875,-5.8,8.0,63.0,0.0
9.30767,0x316,0.0,0.0,1.0,6.25,2.24,0.33,15.34375,15.40625,14.9375,14.6875,-5.8,8.0,58.0,0.0
9.31029,0x2B0,0.0,0.0,1.0,6.25,2.24,0.33,15.34375,15.40625,14.9375,14.6875,-5.8,8.0,58.0,0.0
9.31599,0x220,0.0,0.0,1.0,6.25,2.15,0.19,15.34375,15.40625,14.9375,14.6875,-5.8,8.0,58.0,0.0
9.31742,0x316,0.0,0.0,1.0,6.25,2.15,0.19,15.34375,15.40625,14.9375,14.6875,-5.8,8.0,53.0,0.0
9.3203,0x2B0,0.0,0.0,1.0,6.25,2.15,0.19,15.34375,15.40625,14.9375,14.6875,-6.0,8.0,53.0,0.0
9.326,0x220,0.0,0.0,1.0,6.25,2.01,-0.08,15.34375,15.40625,14.9375,14.6875,-6.0,8.0,53.0,0.0
9.32623,0x386,0.0,0.0,1.0,6.25,2.01,-0.08,15.40625,15.40625,14.71875,14.84375,-6.0,8.0,53.0,0.0
9.32743,0x316,0.0,0.0,1.0,6.25,2.01,-0.08,15.40625,15.40625,14.71875,14.84375,-6.0,8.0,48.0,0.0
9.33032,0x2B0,0.0,0.0,1.0,6.25,2.01,-0.08,15.40625,15.40625,14.71875,14.84375,-6.1,12.0,48.0,0.0
9.336,0x220,0.0,0.0,1.0,6.25,1.91,-0.29,15.40625,15.40625,14.71875,14.84375,-6.1,12.0,48.0,0.0
9.33738,0x316,0.0,0.0,1.0,6.25,1.91,-0.29,15.40625,15.40625,14.71875,14.84375,-6.1,12.0,40.0,0.0
9.34032,0x2B0,0.0,0.0,1.0,6.25,1.91,-0.29,15.40625,15.40625,14.71875,14.84375,-6.1,0.0,40.0,0.0
9.34599,0x220,0.0,0.0,1.0,6.25,1.84,-0.29,15.40625,15.40625,14.71875,14.84375,-6.1,0.0,40.0,0.0
9.34622,0x386,0.0,0.0,1.0,6.25,1.84,-0.29,15.375,15.375,14.6875,14.84375,-6.1,0.0,40.0,0.0
9.34741,0x316,0.0,0.0,1.0,6.25,1.84,-0.29,15.375,15.375,14.6875,14.84375,-6.1,0.0,30.0,0.0
9.35029,0x2B0,0.0,0.0,1.0,6.25,1.84,-0.29,15.375,15.375,14.6875,14.84375,-6.3,8.0,30.0,0.0
9.35599,0x220,0.0,0.0,1.0,6.25,1.84,-0.18,15.375,15.375,14.6875,14.84375,-6.3,8.0,30.0,0.0
9.35748,0x316,0.0,0.0,1.0,6.25,1.84,-0.18,15.375,15.375,14.6875,14.84375,-6.3,8.0,22.0,0.0
9.36028,0x2B0,0.0,0.0,1.0,6.25,1.84,-0.18,15.375,15.375,14.6875,14.84375,-6.3,8.0,22.0,0.0
9.36599,0x220,0.0,0.0,1.0,6.25,1.8,-0.09,15.375,15.375,14.6875,14.84375,-6.3,8.0,22.0,0.0
9.36623,0x386,0.0,0.0,1.0,6.25,1.8,-0.09,15.34375,15.4375,14.6875,14.96875,-6.3,8.0,22.0,0.0
9.36765,0x316,0.0,0.0,1.0,6.25,1.8,-0.09,15.34375,15.4375,14.6875,14.96875,-6.3,8.0,15.0,0.0
9.37024,0x2B0,0.0,0.0,1.0,6.25,1.8,-0.09,15.34375,15.4375,14.6875,14.96875,-6.5,8.0,15.0,0.0
9.37599,0x220,0.0,0.0,1.0,6.25,1.64,-0.06,15.34375,15.4375,14.6875,14.96875,-6.5,8.0,15.0,0.0
9.37762,0x316,0.0,0.0,1.0,6.25,1.64,-0.06,15.34375,15.4375,14.6875,14.96875,-6.5,8.0,15.0,0.0
9.38025,0x2B0,0.0,0.0,1.0,6.25,1.64,-0.06,15.34375,15.4375,14.6875,14.96875,-6.5,8.0,15.0,0.0
9.38599,0x220,0.0,0.0,1.0,6.25,1.44,0.0,15.34375,15.4375,14.6875,14.96875,-6.5,8.0,15.0,0.0
9.38622,0x386,0.0,0.0,1.0,6.25,1.44,0.0,15.34375,15.34375,15.09375,15.15625,-6.5,8.0,15.0,0.0
9.38741,0x316,0.0,0.0,1.0,6.25,1.44,0.0,15.34375,15.34375,15.09375,15.15625,-6.5,8.0,2.0,0.0
9.39024,0x2B0,0.0,0.0,1.0,6.25,1.44,0.0,15.34375,15.34375,15.09375,15.15625,-6.7,8.0,2.0,0.0
9.39599,0x220,0.0,0.0,1.0,6.25,1.26,0.12,15.34375,15.34375,15.09375,15.15625,-6.7,8.0,2.0,0.0
9.39762,0x316,0.0,0.0,1.0,6.25,1.26,0.12,15.34375,15.34375,15.09375,15.15625,-6.7,8.0,0.0,0.0
9.40024,0x2B0,0.0,0.0,1.0,6.25,1.26,0.12,15.34375,15.34375,15.09375,15.15625,-6.9,20.0,0.0,0.0
9.40599,0x220,0.0,0.0,1.0,6.25,1.09,0.24,15.34375,15.34375,15.09375,15.15625,-6.9,20.0,0.0,0.0
9.40623,0x386,0.0,0.0,1.0,6.25,1.09,0.24,15.375,15.34375,15.25,15.21875,-6.9,20.0,0.0,0.0
9.40743,0x316,0.0,0.0,1.0,6.25,1.09,0.24,15.375,15.34375,15.25,15.21875,-6.9,20.0,0.0,0.0
9.41024,0x2B0,0.0,0.0,1.0,6.25,1.09,0.24,15.375,15.34375,15.25,15.21875,-6.9,8.0,0.0,0.0
9.416,0x220,0.0,0.0,1.0,6.25,0.88,0.31,15.375,15.34375,15.25,15.21875,-6.9,8.0,0.0,0.0
9.41741,0x316,0.0,0.0,1.0,6.25,0.88,0.31,15.375,15.34375,15.25,15.21875,-6.9,8.0,0.0,0.0
9.42024,0x2B0,0.0,0.0,1.0,6.25,0.88,0.31,15.375,15.34375,15.25,15.21875,-7.1,8.0,0.0,0.0
9.426,0x220,0.0,0.0,1.0,6.25,0.66,0.38,15.375,15.34375,15.25,15.21875,-7.1,8.0,0.0,0.0
9.42623,0x386,0.0,0.0,1.0,6.25,0.66,0.38,15.25,15.28125,15.5,15.3125,-7.1,8.0,0.0,0.0
9.42742,0x316,0.0,0.0,1.0,6.25,0.66,0.38,15.25,15.28125,15.5,15.3125,-7.1,8.0,0.0,0.0
9.43026,0x2B0,0.0,0.0,1.0,6.25,0.66,0.38,15.25,15.28125,15.5,15.3125,-7.2,12.0,0.0,0.0
9.436,0x220,0.0,0.0,1.0,6.25,0.48,0.4,15.25,15.28125,15.5,15.3125,-7.2,12.0,0.0,0.0
9.4375,0x316,0.0,0.0,1.0,6.25,0.48,0.4,15.25,15.28125,15.5,15.3125,-7.2,12.0,0.0,0.0
9.44026,0x2B0,0.0,0.0,1.0,6.25,0.48,0.4,15.25,15.28125,15.5,15.3125,-7.2,0.0,0.0,0.0
9.44599,0x220,0.0,0.0,1.0,6.25,0.35,0.42,15.25,15.28125,15.5,15.3125,-7.2,0.0,0.0,0.0
9.44622,0x386,0.0,0.0,1.0,6.25,0.35,0.42,15.375,15.25,15.5,15.53125,-7.2,0.0,0.0,0.0
9.44742,0x316,0.0,0.0,1.0,6.25,0.35,0.42,15.375,15.25,15.5,15.53125,-7.2,0.0,0.0,0.0
9.45028,0x2B0,0.0,0.0,1.0,6.25,0.35,0.42,15.375,15.25,15.5,15.53125,-7.3,0.0,0.0,0.0
9.456,0x220,0.0,0.0,1.0,6.25,0.29,0.47,15.375,15.25,15.5,15.53125,-7.3,0.0,0.0,0.0
9.45741,0x316,0.0,0.0,1.0,6.25,0.29,0.47,15.375,15.25,15.5,15.53125,-7.3,0.0,0.0,0.0
9.46026,0x2B0,0.0,0.0,1.0,6.25,0.29,0.47,15.375,15.25,15.5,15.53125,-7.3,0.0,0.0,0.0
9.46599,0x220,0.0,0.0,1.0,6.25,0.21,0.49,15.375,15.25,15.5,15.53125,-7.3,0.0,0.0,0.0
9.46623,0x386,0.0,0.0,1.0,6.25,0.21,0.49,15.3125,15.375,15.34375,15.5,-7.3,0.0,0.0,0.0
9.46773,0x316,0.0,0.0,1.0,6.25,0.21,0.49,15.3125,15.375,15.34375,15.5,-7.3,0.0,5.0,0.0
9.47027,0x2B0,0.0,0.0,1.0,6.25,0.21,0.49,15.3125,15.375,15.34375,15.5,-7.5,8.0,5.0,0.0
9.476,0x220,0.0,0.0,1.0,6.25,0.1,0.49,15.3125,15.375,15.34375,15.5,-7.5,8.0,5.0,0.0
9.47787,0x316,0.0,0.0,1.0,6.25,0.1,0.49,15.3125,15.375,15.34375,15.5,-7.5,8.0,5.0,0.0
9.48027,0x2B0,0.0,0.0,1.0,6.25,0.1,0.49,15.3125,15.375,15.34375,15.5,-7.5,8.0,5.0,0.0
9.48599,0x220,0.0,0.0,1.0,6.25,0.09,0.55,15.3125,15.375,15.34375,15.5,-7.5,8.0,5.0,0.0
9.48623,0x386,0.0,0.0,1.0,6.25,0.09,0.55,15.375,15.40625,15.4375,15.46875,-7.5,8.0,5.0,0.0
9.48742,0x316,0.0,0.0,1.0,6.25,0.09,0.55,15.375,15.40625,15.4375,15.46875,-7.5,8.0,20.0,0.0
9.49027,0x2B0,0.0,0.0,1.0,6.25,0.09,0.55,15.375,15.40625,15.4375,15.46875,-7.5,0.0,20.0,0.0
9.496,0x220,0.0,0.0,1.0,6.25,0.18,0.66,15.375,15.40625,15.4375,15.46875,-7.5,0.0,20.0,0.0
9.49748,0x316,0.0,0.0,1.0,6.25,0.18,0.66,15.375,15.40625,15.4375,15.46875,-7.5,0.0,25.0,0.0
9.50027,0x2B0,0.0,0.0,1.0,6.25,0.18,0.66,15.375,15.40625,15.4375,15.46875,-7.6,0.0,25.0,0.0
9.50599,0x220,0.0,0.0,1.0,6.25,0.27,0.73,15.375,15.40625,15.4375,15.46875,-7.6,0.0,25.0,0.0
9.50623,0x386,0.0,0.0,1.0,6.25,0.27,0.73,15.40625,15.5,15.5,15.5625,-7.6,0.0,25.0,0.0
9.50742,0x316,0.0,0.0,1.0,6.25,0.27,0.73,15.40625,15.5,15.5,15.5625,-7.6,0.0,30.0,0.0
9.51028,0x2B0,0.0,0.0,1.0,6.25,0.27,0.73,15.40625,15.5,15.5,15.5625,-7.6,0.0,30.0,0.0
9.51599,0x220,0.0,0.0,1.0,6.25,0.35,0.75,15.40625,15.5,15.5,15.5625,-7.6,0.0,30.0,0.0
9.51742,0x316,0.0,0.0,1.0,6.25,0.35,0.75,15.40625,15.5,15.5,15.5625,-7.6,0.0,33.0,0.0
9.52027,0x2B0,0.0,0.0,1.0,6.25,0.35,0.75,15.40625,15.5,15.5,15.5625,-7.6,0.0,33.0,0.0
9.526,0x220,0.0,0.0,1.0,6.25,0.41,0.82,15.40625,15.5,15.5,15.5625,-7.6,0.0,33.0,0.0
9.52624,0x386,0.0,0.0,1.0,6.25,0.41,0.82,15.53125,15.625,15.6875,15.59375,-7.6,0.0,33.0,0.0
9.52743,0x316,0.0,0.0,1.0,6.25,0.41,0.82,15.53125,15.625,15.6875,15.59375,-7.6,0.0,35.0,0.0
9.53026,0x2B0,0.0,0.0,1.0,6.25,0.41,0.82,15.53125,15.625,15.6875,15.59375,-7.6,0.0,35.0,0.0
9.53599,0x220,0.0,0.0,1.0,6.25,0.5,0.92,15.53125,15.625,15.6875,15.59375,-7.6,0.0,35.0,0.0
9.53743,0x316,0.0,0.0,1.0,6.25,0.5,0.92,15.53125,15.625,15.6875,15.59375,-7.6,0.0,35.0,0.0
9.54026,0x2B0,0.0,0.0,1.0,6.25,0.5,0.92,15.53125,15.625,15.6875,15.59375,-7.6,0.0,35.0,0.0
9.54599,0x220,0.0,0.0,1.0,6.25,0.65,0.93,15.53125,15.625,15.6875,15.59375,-7.6,0.0,35.0,0.0
9.54623,0x386,0.0,0.0,1.0,6.25,0.65,0.93,15.5,15.59375,15.53125,15.46875,-7.6,0.0,35.0,0.0
9.54741,0x316,0.0,0.0,1.0,6.25,0.65,0.93,15.5,15.59375,15.53125,15.46875,-7.6,0.0,33.0,0.0
9.55025,0x2B0,0.0,0.0,1.0,6.25,0.65,0.93,15.5,15.59375,15.53125,15.46875,-7.6,0.0,33.0,0.0
9.55599,0x220,0.0,0.0,1.0,6.25,0.82,0.8,15.5,15.59375,15.53125,15.46875,-7.6,0.0,33.0,0.0
9.55744,0x316,0.0,0.0,1.0,6.25,0.82,0.8,15.5,15.59375,15.53125,15.46875,-7.6,0.0,30.0,0.0
9.56026,0x2B0,0.0,0.0,1.0,6.25,0.82,0.8,15.5,15.59375,15.53125,15.46875,-7.6,0.0,30.0,0.0
9.56599,0x220,0.0,0.0,1.0,6.25,0.99,0.62,15.5,15.59375,15.53125,15.46875,-7.6,0.0,30.0,0.0
9.56624,0x386,0.0,0.0,1.0,6.25,0.99,0.62,15.78125,15.78125,15.03125,15.84375,-7.6,0.0,30.0,0.0
9.56768,0x316,0.0,0.0,1.0,6.25,0.99,0.62,15.78125,15.78125,15.03125,15.84375,-7.6,0.0,28.0,0.0
9.57027,0x2B0,0.0,0.0,1.0,6.25,0.99,0.62,15.78125,15.78125,15.03125,15.84375,-7.6,0.0,28.0,0.0
9.576,0x220,0.0,0.0,1.0,6.25,1.07,0.55,15.78125,15.78125,15.03125,15.84375,-7.6,0.0,28.0,0.0
9.57769,0x316,0.0,0.0,1.0,6.25,1.07,0.55,15.78125,15.78125,15.03125,15.84375,-7.6,0.0,28.0,0.0
9.5802,0x2B0,0.0,0.0,1.0,6.25,1.07,0.55,15.78125,15.78125,15.03125,15.84375,-7.6,0.0,28.0,0.0
9.58599,0x220,0.0,0.0,1.0,6.25,1.11,0.67,15.78125,15.78125,15.03125,15.84375,-7.6,0.0,28.0,0.0
9.58623,0x386,0.0,0.0,1.0,6.25,1.11,0.67,15.78125,15.8125,15.1875,15.4375,-7.6,0.0,28.0,0.0
9.58742,0x316,0.0,0.0,1.0,6.25,1.11,0.67,15.78125,15.8125,15.1875,15.4375,-7.6,0.0,20.0,0.0
9.59021,0x2B0,0.0,0.0,1.0,6.25,1.11,0.67,15.78125,15.8125,15.1875,15.4375,-7.6,0.0,20.0,0.0
9.596,0x220,0.0,0.0,1.0,6.25,1.15,0.81,15.78125,15.8125,15.1875,15.4375,-7.6,0.0,20.0,0.0
9.59759,0x316,0.0,0.0,1.0,6.25,1.15,0.81,15.78125,15.8125,15.1875,15.4375,-7.6,0.0,17.0,0.0
9.60028,0x2B0,0.0,0.0,1.0,6.25,1.15,0.81,15.78125,15.8125,15.1875,15.4375,-7.6,0.0,17.0,0.0
9.60599,0x220,0.0,0.0,1.0,6.25,1.21,0.84,15.78125,15.8125,15.1875,15.4375,-7.6,0.0,17.0,0.0
9.60623,0x386,0.0,0.0,1.0,6.25,1.21,0.84,15.84375,15.875,15.28125,15.21875,-7.6,0.0,17.0,0.0
9.60742,0x316,0.0,0.0,1.0,6.25,1.21,0.84,15.84375,15.875,15.28125,15.21875,-7.6,0.0,17.0,0.0
9.61024,0x2B0,0.0,0.0,1.0,6.25,1.21,0.84,15.84375,15.875,15.28125,15.21875,-7.4,8.0,17.0,0.0
9.61599,0x220,0.0,0.0,1.0,6.25,1.36,0.76,15.84375,15.875,15.28125,15.21875,-7.4,8.0,17.0,0.0
9.61746,0x316,0.0,0.0,1.0,6.25,1.36,0.76,15.84375,15.875,15.28125,15.21875,-7.4,8.0,17.0,0.0
9.62021,0x2B0,0.0,0.0,1.0,6.25,1.36,0.76,15.84375,15.875,15.28125,15.21875,-7.4,8.0,17.0,0.0
9.626,0x220,0.0,0.0,1.0,6.25,1.62,0.65,15.84375,15.875,15.28125,15.21875,-7.4,8.0,17.0,0.0
9.62624,0x386,0.0,0.0,1.0,6.25,1.62,0.65,15.84375,15.9375,15.15625,15.40625,-7.4,8.0,17.0,0.0
9.62743,0x316,0.0,0.0,1.0,6.25,1.62,0.65,15.84375,15.9375,15.15625,15.40625,-7.4,8.0,17.0,0.0
9.63023,0x2B0,0.0,0.0,1.0,6.25,1.62,0.65,15.84375,15.9375,15.15625,15.40625,-7.3,0.0,17.0,0.0
9.636,0x220,0.0,0.0,1.0,6.25,1.87,0.52,15.84375,15.9375,15.15625,15.40625,-7.3,0.0,17.0,0.0
9.63741,0x316,0.0,0.0,1.0,6.25,1.87,0.52,15.84375,15.9375,15.15625,15.40625,-7.3,0.0,17.0,0.0
9.64028,0x2B0,0.0,0.0,1.0,6.25,1.87,0.52,15.84375,15.9375,15.15625,15.40625,-7.3,0.0,17.0,0.0
9.646,0x220,0.0,0.0,1.0,6.25,2.07,0.34,15.84375,15.9375,15.15625,15.40625,-7.3,0.0,17.0,0.0
9.64623,0x386,0.0,0.0,1.0,6.25,2.07,0.34,15.84375,15.9375,15.1875,15.84375,-7.3,0.0,17.0,0.0
9.64742,0x316,0.0,0.0,1.0,6.25,2.07,0.34,15.84375,15.9375,15.1875,15.84375,-7.3,0.0,17.0,0.0
9.65019,0x2B0,0.0,0.0,1.0,6.25,2.07,0.34,15.84375,15.9375,15.1875,15.84375,-7.1,8.0,17.0,0.0
9.656,0x220,0.0,0.0,1.0,6.25,2.12,0.17,15.84375,15.9375,15.1875,15.84375,-7.1,8.0,17.0,0.0
9.65746,0x316,0.0,0.0,1.0,6.25,2.12,0.17,15.84375,15.9375,15.1875,15.84375,-7.1,8.0,17.0,0.0
9.66025,0x2B0,0.0,0.0,1.0,6.25,2.12,0.17,15.84375,15.9375,15.1875,15.84375,-7.1,8.0,17.0,0.0
9.666,0x220,0.0,0.0,1.0,6.25,2.09,0.12,15.84375,15.9375,15.1875,15.84375,-7.1,8.0,17.0,0.0
9.66624,0x386,0.0,0.0,1.0,6.25,2.09,0.12,15.90625,15.59375,15.125,15.84375,-7.1,8.0,17.0,0.0
9.66767,0x316,0.0,0.0,1.0,6.25,2.09,0.12,15.90625,15.59375,15.125,15.84375,-7.1,8.0,17.0,0.0
9.6702,0x2B0,0.0,0.0,1.0,6.25,2.09,0.12,15.90625,15.59375,15.125,15.84375,-6.9,8.0,17.0,0.0
9.67601,0x220,0.0,0.0,1.0,6.25,2.07,0.16,15.90625,15.59375,15.125,15.84375,-6.9,8.0,17.0,0.0
9.67792,0x316,0.0,0.0,1.0,6.25,2.07,0.16,15.90625,15.59375,15.125,15.84375,-6.9,8.0,17.0,0.0
9.68025,0x2B0,0.0,0.0,1.0,6.25,2.07,0.16,15.90625,15.59375,15.125,15.84375,-6.9,8.0,17.0,0.0
9.686,0x220,0.0,0.0,1.0,6.25,2.07,0.2,15.90625,15.59375,15.125,15.84375,-6.9,8.0,17.0,0.0
9.68623,0x386,0.0,0.0,1.0,6.25,2.07,0.2,15.96875,15.9375,14.90625,15.59375,-6.9,8.0,17.0,0.0
9.68743,0x316,0.0,0.0,1.0,6.25,2.07,0.2,15.96875,15.9375,14.90625,15.59375,-6.9,8.0,17.0,0.0
9.6902,0x2B0,0.0,0.0,1.0,6.25,2.07,0.2,15.96875,15.9375,14.90625,15.59375,-6.6,12.0,17.0,0.0
9.696,0x220,0.0,0.0,1.0,6.25,2.09,0.15,15.96875,15.9375,14.90625,15.59375,-6.6,12.0,17.0,0.0
9.69747,0x316,0.0,0.0,1.0,6.25,2.09,0.15,15.96875,15.9375,14.90625,15.59375,-6.6,12.0,17.0,0.0
9.70016,0x2B0,0.0,0.0,1.0,6.25,2.09,0.15,15.96875,15.9375,14.90625,15.59375,-6.6,12.0,17.0,0.0
9.706,0x220,0.0,0.0,1.0,6.25,2.14,0.06,15.96875,15.9375,14.90625,15.59375,-6.6,12.0,17.0,0.0
9.70624,0x386,0.0,0.0,1.0,6.25,2.14,0.06,15.875,15.9375,14.96875,15.21875,-6.6,12.0,17.0,0.0
9.70743,0x316,0.0,0.0,1.0,6.25,2.14,0.06,15.875,15.9375,14.96875,15.21875,-6.6,12.0,15.0,0.0
9.71017,0x2B0,0.0,0.0,1.0,6.25,2.14,0.06,15.875,15.9375,14.96875,15.21875,-6.6,0.0,15.0,0.0
9.716,0x220,0.0,0.0,1.0,6.25,2.24,0.03,15.875,15.9375,14.96875,15.21875,-6.6,0.0,15.0,0.0
9.71748,0x316,0.0,0.0,1.0,6.25,2.24,0.03,15.875,15.9375,14.96875,15.21875,-6.6,0.0,15.0,0.0
9.72019,0x2B0,0.0,0.0,1.0,6.25,2.24,0.03,15.875,15.9375,14.96875,15.21875,-6.6,0.0,15.0,0.0
9.726,0x220,0.0,0.0,1.0,6.25,2.36,0.0,15.875,15.9375,14.96875,15.21875,-6.6,0.0,15.0,0.0
9.72624,0x386,0.0,0.0,1.0,6.25,2.36,0.0,15.96875,15.90625,15.09375,15.1875,-6.6,0.0,15.0,0.0
9.72744,0x316,0.0,0.0,1.0,6.25,2.36,0.0,15.96875,15.90625,15.09375,15.1875,-6.6,0.0,12.0,0.0
9.73017,0x2B0,0.0,0.0,1.0,6.25,2.36,0.0,15.96875,15.90625,15.09375,15.1875,-6.6,0.0,12.0,0.0
9.73601,0x220,0.0,0.0,1.0,6.25,2.51,-0.14,15.96875,15.90625,15.09375,15.1875,-6.6,0.0,12.0,0.0
9.73749,0x316,0.0,0.0,1.0,6.25,2.51,-0.14,15.96875,15.90625,15.09375,15.1875,-6.6,0.0,12.0,0.0
9.74022,0x2B0,0.0,0.0,1.0,6.25,2.51,-0.14,15.96875,15.90625,15.09375,15.1875,-6.4,8.0,12.0,0.0
9.746,0x220,0.0,0.0,1.0,6.25,2.67,-0.38,15.96875,15.90625,15.09375,15.1875,-6.4,8.0,12.0,0.0
9.74624,0x386,0.0,0.0,1.0,6.25,2.67,-0.38,15.625,15.875,15.53125,15.5625,-6.4,8.0,12.0,0.0
9.74743,0x316,0.0,0.0,1.0,6.25,2.67,-0.38,15.625,15.875,15.53125,15.5625,-6.4,8.0,12.0,0.0
9.75026,0x2B0,0.0,0.0,1.0,6.25,2.67,-0.38,15.625,15.875,15.53125,15.5625,-6.4,8.0,12.0,0.0
9.756,0x220,0.0,0.0,1.0,6.25,2.8,-0.67,15.625,15.875,15.53125,15.5625,-6.4,8.0,12.0,0.0
9.7575,0x316,0.0,0.0,1.0,6.25,2.8,-0.67,15.625,15.875,15.53125,15.5625,-6.4,8.0,12.0,0.0
9.76026,0x2B0,0.0,0.0,1.0,6.25,2.8,-0.67,15.625,15.875,15.53125,15.5625,-6.2,8.0,12.0,0.0
9.76599,0x220,0.0,0.0,1.0,6.25,2.87,-0.9,15.625,15.875,15.53125,15.5625,-6.2,8.0,12.0,0.0
9.76623,0x386,0.0,0.0,1.0,6.25,2.87,-0.9,15.78125,15.8125,15.53125,15.78125,-6.2,8.0,12.0,0.0
9.76767,0x316,0.0,0.0,1.0,6.25,2.87,-0.9,15.78125,15.8125,15.53125,15.78125,-6.2,8.0,12.0,0.0
9.77032,0x2B0,0.0,0.0,1.0,6.25,2.87,-0.9,15.78125,15.8125,15.53125,15.78125,-6.2,8.0,12.0,0.0
9.776,0x220,0.0,0.0,1.0,6.25,2.92,-1.0,15.78125,15.8125,15.53125,15.78125,-6.2,8.0,12.0,0.0
9.77775,0x316,0.0,0.0,1.0,6.25,2.92,-1.0,15.78125,15.8125,15.53125,15.78125,-6.2,8.0,12.0,0.0
9.78024,0x2B0,0.0,0.0,1.0,6.25,2.92,-1.0,15.78125,15.8125,15.53125,15.78125,-5.9,12.0,12.0,0.0
9.786,0x220,0.0,0.0,1.0,6.25,2.98,-1.04,15.78125,15.8125,15.53125,15.78125,-5.9,12.0,12.0,0.0
9.78624,0x386,0.0,0.0,1.0,6.25,2.98,-1.04,15.6875,15.8125,15.59375,15.84375,-5.9,12.0,12.0,0.0
9.78743,0x316,0.0,0.0,1.0,6.25,2.98,-1.04,15.6875,15.8125,15.59375,15.84375,-5.9,12.0,12.0,0.0
9.79022,0x2B0,0.0,0.0,1.0,6.25,2.98,-1.04,15.6875,15.8125,15.59375,15.84375,-5.9,12.0,12.0,0.0
9.796,0x220,0.0,0.0,1.0,6.25,3.09,-1.14,15.6875,15.8125,15.59375,15.84375,-5.9,12.0,12.0,0.0
9.79758,0x316,0.0,0.0,1.0,6.25,3.09,-1.14,15.6875,15.8125,15.59375,15.84375,-5.9,12.0,12.0,0.0
9.80026,0x2B0,0.0,0.0,1.0,6.25,3.09,-1.14,15.6875,15.8125,15.59375,15.84375,-5.8,0.0,12.0,0.0
9.806,0x220,0.0,0.0,1.0,6.25,3.16,-1.27,15.6875,15.8125,15.59375,15.84375,-5.8,0.0,12.0,0.0
9.80624,0x386,0.0,0.0,1.0,6.25,3.16,-1.27,15.65625,15.78125,15.53125,15.8125,-5.8,0.0,12.0,0.0
9.80743,0x316,0.0,0.0,1.0,6.25,3.16,-1.27,15.65625,15.78125,15.53125,15.8125,-5.8,0.0,10.0,0.0
9.81024,0x2B0,0.0,0.0,1.0,6.25,3.16,-1.27,15.65625,15.78125,15.53125,15.8125,-5.8,0.0,10.0,0.0
9.816,0x220,0.0,0.0,1.0,6.25,3.06,-1.34,15.65625,15.78125,15.53125,15.8125,-5.8,0.0,10.0,0.0
9.81751,0x316,0.0,0.0,1.0,6.25,3.06,-1.34,15.65625,15.78125,15.53125,15.8125,-5.8,0.0,7.0,0.0
9.82024,0x2B0,0.0,0.0,1.0,6.25,3.06,-1.34,15.65625,15.78125,15.53125,15.8125,-5.6,8.0,7.0,0.0
9.82601,0x220,0.0,0.0,1.0,6.25,2.78,-1.27,15.65625,15.78125,15.53125,15.8125,-5.6,8.0,7.0,0.0
9.82625,0x386,0.0,0.0,1.0,6.25,2.78,-1.27,15.71875,15.75,15.59375,15.71875,-5.6,8.0,7.0,0.0
9.82744,0x316,0.0,0.0,1.0,6.25,2.78,-1.27,15.71875,15.75,15.59375,15.71875,-5.6,8.0,7.0,0.0
9.83022,0x2B0,0.0,0.0,1.0,6.25,2.78,-1.27,15.71875,15.75,15.59375,15.71875,-5.6,8.0,7.0,0.0
9.836,0x220,0.0,0.0,1.0,6.25,2.33,-1.11,15.71875,15.75,15.59375,15.71875,-5.6,8.0,7.0,0.0
9.83751,0x316,0.0,0.0,1.0,6.25,2.33,-1.11,15.71875,15.75,15.59375,15.71875,-5.6,8.0,7.0,0.0
9.84022,0x2B0,0.0,0.0,1.0,6.25,2.33,-1.11,15.71875,15.75,15.59375,15.71875,-5.6,0.0,7.0,0.0
9.84601,0x220,0.0,0.0,1.0,6.25,1.77,-0.96,15.71875,15.75,15.59375,15.71875,-5.6,0.0,7.0,0.0
9.84625,0x386,0.0,0.0,1.0,6.25,1.77,-0.96,15.625,15.78125,15.6875,15.5625,-5.6,0.0,7.0,0.0
9.84744,0x316,0.0,0.0,1.0,6.25,1.77,-0.96,15.625,15.78125,15.6875,15.5625,-5.6,0.0,7.0,0.0
9.85028,0x2B0,0.0,0.0,1.0,6.25,1.77,-0.96,15.625,15.78125,15.6875,15.5625,-5.6,0.0,7.0,0.0
9.856,0x220,0.0,0.0,1.0,6.25,1.35,-0.85,15.625,15.78125,15.6875,15.5625,-5.6,0.0,7.0,0.0
9.85752,0x316,0.0,0.0,1.0,6.25,1.35,-0.85,15.625,15.78125,15.6875,15.5625,-5.6,0.0,7.0,0.0
9.86025,0x2B0,0.0,0.0,1.0,6.25,1.35,-0.85,15.625,15.78125,15.6875,15.5625,-5.5,0.0,7.0,0.0
9.86601,0x220,0.0,0.0,1.0,6.25,1.09,-0.78,15.625,15.78125,15.6875,15.5625,-5.5,0.0,7.0,0.0
9.86625,0x386,0.0,0.0,1.0,6.25,1.09,-0.78,15.6875,15.6875,15.78125,15.53125,-5.5,0.0,7.0,0.0
9.86768,0x316,0.0,0.0,1.0,6.25,1.09,-0.78,15.6875,15.6875,15.78125,15.53125,-5.5,0.0,7.0,0.0
9.87022,0x2B0,0.0,0.0,1.0,6.25,1.09,-0.78,15.6875,15.6875,15.78125,15.53125,-5.5,0.0,7.0,0.0
9.876,0x220,0.0,0.0,1.0,6.25,1.04,-0.72,15.6875,15.6875,15.78125,15.53125,-5.5,0.0,7.0,0.0
9.87798,0x316,0.0,0.0,1.0,6.25,1.04,-0.72,15.6875,15.6875,15.78125,15.53125,-5.5,0.0,7.0,0.0
9.88023,0x2B0,0.0,0.0,1.0,6.25,1.04,-0.72,15.6875,15.6875,15.78125,15.53125,-5.5,0.0,7.0,0.0
9.886,0x220,0.0,0.0,1.0,6.25,1.16,-0.68,15.6875,15.6875,15.78125,15.53125,-5.5,0.0,7.0,0.0
9.88624,0x386,0.0,0.0,1.0,6.25,1.16,-0.68,15.59375,15.59375,15.71875,15.65625,-5.5,0.0,7.0,0.0
9.88743,0x316,0.0,0.0,1.0,6.25,1.16,-0.68,15.59375,15.59375,15.71875,15.65625,-5.5,0.0,7.0,0.0
9.89023,0x2B0,0.0,0.0,1.0,6.25,1.16,-0.68,15.59375,15.59375,15.71875,15.65625,-5.5,0.0,7.0,0.0
9.89601,0x220,0.0,0.0,1.0,6.25,1.27,-0.64,15.59375,15.59375,15.71875,15.65625,-5.5,0.0,7.0,0.0
9.89753,0x316,0.0,0.0,1.0,6.25,1.27,-0.64,15.59375,15.59375,15.71875,15.65625,-5.5,0.0,5.0,0.0
9.90022,0x2B0,0.0,0.0,1.0,6.25,1.27,-0.64,15.59375,15.59375,15.71875,15.65625,-5.5,0.0,5.0,0.0
9.906,0x220,0.0,0.0,1.0,6.25,1.25,-0.47,15.59375,15.59375,15.71875,15.65625,-5.5,0.0,5.0,0.0
9.90624,0x386,0.0,0.0,1.0,6.25,1.25,-0.47,15.6875,15.71875,15.75,15.625,-5.5,0.0,5.0,0.0
9.90743,0x316,0.0,0.0,1.0,6.25,1.25,-0.47,15.6875,15.71875,15.75,15.625,-5.5,0.0,5.0,0.0
9.91022,0x2B0,0.0,0.0,1.0,6.25,1.25,-0.47,15.6875,15.71875,15.75,15.625,-5.5,0.0,5.0,0.0
9.916,0x220,0.0,0.0,1.0,6.25,1.11,-0.15,15.6875,15.71875,15.75,15.625,-5.5,0.0,5.0,0.0
9.91754,0x316,0.0,0.0,1.0,6.25,1.11,-0.15,15.6875,15.71875,15.75,15.625,-5.5,0.0,2.0,0.0
9.92022,0x2B0,0.0,0.0,1.0,6.25,1.11,-0.15,15.6875,15.71875,15.75,15.625,-5.5,0.0,2.0,0.0
9.92601,0x220,0.0,0.0,1.0,6.25,0.94,0.02,15.6875,15.71875,15.75,15.625,-5.5,0.0,2.0,0.0
9.92625,0x386,0.0,0.0,1.0,6.25,0.94,0.02,15.78125,15.75,15.78125,15.34375,-5.5,0.0,2.0,0.0
9.92745,0x316,0.0,0.0,1.0,6.25,0.94,0.02,15.78125,15.75,15.78125,15.34375,-5.5,0.0,0.0,0.0
9.93022,0x2B0,0.0,0.0,1.0,6.25,0.94,0.02,15.78125,15.75,15.78125,15.34375,-5.5,0.0,0.0,0.0
9.93601,0x220,0.0,0.0,1.0,6.25,0.79,0.0,15.78125,15.75,15.78125,15.34375,-5.5,0.0,0.0,0.0
9.93755,0x316,0.0,0.0,1.0,6.25,0.79,0.0,15.78125,15.75,15.78125,15.34375,-5.5,0.0,0.0,0.0
9.94022,0x2B0,0.0,0.0,1.0,6.25,0.79,0.0,15.78125,15.75,15.78125,15.34375,-5.5,0.0,0.0,0.0
9.946,0x220,0.0,0.0,1.0,6.25,0.61,-0.16,15.78125,15.75,15.78125,15.34375,-5.5,0.0,0.0,0.0
9.94624,0x386,0.0,0.0,1.0,6.25,0.61,-0.16,15.6875,15.625,15.6875,15.21875,-5.5,0.0,0.0,0.0
9.94744,0x316,0.0,0.0,1.0,6.25,0.61,-0.16,15.6875,15.625,15.6875,15.21875,-5.5,0.0,0.0,0.0
9.95021,0x2B0,0.0,0.0,1.0,6.25,0.61,-0.16,15.6875,15.625,15.6875,15.21875,-5.5,0.0,0.0,0.0
9.956,0x220,0.0,0.0,1.0,6.25,0.4,-0.12,15.6875,15.625,15.6875,15.21875,-5.5,0.0,0.0,0.0
9.95756,0x316,0.0,0.0,1.0,6.25,0.4,-0.12,15.6875,15.625,15.6875,15.21875,-5.5,0.0,0.0,0.0
9.96023,0x2B0,0.0,0.0,1.0,6.25,0.4,-0.12,15.6875,15.625,15.6875,15.21875,-5.5,0.0,0.0,0.0
9.966,0x220,0.0,0.0,1.0,6.25,0.21,0.07,15.6875,15.625,15.6875,15.21875,-5.5,0.0,0.0,0.0
9.96624,0x386,0.0,0.0,1.0,6.25,0.21,0.07,15.78125,15.6875,15.5,15.28125,-5.5,0.0,0.0,0.0
9.96768,0x316,0.0,0.0,1.0,6.25,0.21,0.07,15.78125,15.6875,15.5,15.28125,-5.5,0.0,0.0,0.0
9.97029,0x2B0,0.0,0.0,1.0,6.25,0.21,0.07,15.78125,15.6875,15.5,15.28125,-5.5,0.0,0.0,0.0
9.97602,0x220,0.0,0.0,1.0,6.25,0.03,0.32,15.78125,15.6875,15.5,15.28125,-5.5,0.0,0.0,0.0
9.97782,0x316,0.0,0.0,1.0,6.25,0.03,0.32,15.78125,15.6875,15.5,15.28125,-5.5,0.0,0.0,0.0
9.98027,0x2B0,0.0,0.0,1.0,6.25,0.03,0.32,15.78125,15.6875,15.5,15.28125,-5.5,0.0,0.0,0.0
9.98601,0x220,0.0,0.0,1.0,6.25,-0.07,0.48,15.78125,15.6875,15.5,15.28125,-5.5,0.0,0.0,0.0
9.98625,0x386,0.0,0.0,1.0,6.25,-0.07,0.48,15.90625,15.75,15.75,15.53125,-5.5,0.0,0.0,0.0
9.98745,0x316,0.0,0.0,1.0,6.25,-0.07,0.48,15.90625,15.75,15.75,15.53125,-5.5,0.0,0.0,0.0
9.99027,0x2B0,0.0,0.0,1.0,6.25,-0.07,0.48,15.90625,15.75,15.75,15.53125,-5.7,8.0,0.0,0.0
9.99601,0x220,0.0,0.0,1.0,6.25,-0.15,0.54,15.90625,15.75,15.75,15.53125,-5.7,8.0,0.0,0.0
9.99769,0x316,0.0,0.0,1.0,6.25,-0.15,0.54,15.90625,15.75,15.75,15.53125,-5.7,8.0,0.0,0.0
10.0002,0x2B0,0.0,0.0,1.0,6.25,-0.15,0.54,15.90625,15.75,15.75,15.53125,-5.7,8.0,0.0,0.0
10.00601,0x220,0.0,0.0,1.0,6.25,-0.23,0.58,15.90625,15.75,15.75,15.53125,-5.7,8.0,0.0,0.0
10.00625,0x386,0.0,0.0,1.0,6.25,-0.23,0.58,15.90625,15.78125,15.8125,15.625,-5.7,8.0,0.0,0.0
10.00744,0x316,0.0,0.0,1.0,6.25,-0.23,0.58,15.90625,15.78125,15.8125,15.625,-5.7,8.0,0.0,0.0
10.01021,0x2B0,0.0,0.0,1.0,6.25,-0.23,0.58,15.90625,15.78125,15.8125,15.625,-5.7,0.0,0.0,0.0
10.01601,0x220,0.0,0.0,1.0,6.25,-0.3,0.69,15.90625,15.78125,15.8125,15.625,-5.7,0.0,0.0,0.0
10.01757,0x316,0.0,0.0,1.0,6.25,-0.3,0.69,15.90625,15.78125,15.8125,15.625,-5.7,0.0,0.0,0.0
10.0202,0x2B0,0.0,0.0,1.0,6.25,-0.3,0.69,15.90625,15.78125,15.8125,15.625,-5.7,0.0,0.0,0.0
10.02602,0x220,0.0,0.0,1.0,6.25,-0.37,0.83,15.90625,15.78125,15.8125,15.625,-5.7,0.0,0.0,0.0
10.02626,0x386,0.0,0.0,1.0,6.25,-0.37,0.83,15.75,15.9375,15.625,15.53125,-5.7,0.0,0.0,0.0
10.02745,0x316,0.0,0.0,1.0,6.25,-0.37,0.83,15.75,15.9375,15.625,15.53125,-5.7,0.0,0.0,0.0
10.03021,0x2B0,0.0,0.0,1.0,6.25,-0.37,0.83,15.75,15.9375,15.625,15.53125,-5.7,0.0,0.0,0.0
10.03601,0x220,0.0,0.0,1.0,6.25,-0.4,0.92,15.75,15.9375,15.625,15.53125,-5.7,0.0,0.0,0.0
10.03758,0x316,0.0,0.0,1.0,6.25,-0.4,0.92,15.75,15.9375,15.625,15.53125,-5.7,0.0,0.0,0.0
10.0402,0x2B0,0.0,0.0,1.0,6.25,-0.4,0.92,15.75,15.9375,15.625,15.53125,-5.7,0.0,0.0,0.0
10.04601,0x220,0.0,0.0,1.0,6.25,-0.39,1.01,15.75,15.9375,15.625,15.53125,-5.7,0.0,0.0,0.0
10.04625,0x386,0.0,0.0,1.0,6.25,-0.39,1.01,15.96875,15.6875,15.40625,15.53125,-5.7,0.0,0.0,0.0
10.04745,0x316,0.0,0.0,1.0,6.25,-0.39,1.01,15.96875,15.6875,15.40625,15.53125,-5.7,0.0,0.0,0.0
10.05021,0x2B0,0.0,0.0,1.0,6.25,-0.39,1.01,15.96875,15.6875,15.40625,15.53125,-5.7,0.0,0.0,0.0
10.05601,0x220,0.0,0.0,1.0,6.25,-0.28,1.15,15.96875,15.6875,15.40625,15.53125,-5.7,0.0,0.0,0.0
10.05759,0x316,0.0,0.0,1.0,6.25,-0.28,1.15,15.96875,15.6875,15.40625,15.53125,-5.7,0.0,0.0,0.0
10.0602,0x2B0,0.0,0.0,1.0,6.25,-0.28,1.15,15.96875,15.6875,15.40625,15.53125,-5.7,0.0,0.0,0.0
10.066,0x220,0.0,0.0,1.0,6.25,-0.01,1.23,15.96875,15.6875,15.40625,15.53125,-5.7,0.0,0.0,0.0
10.06624,0x386,0.0,0.0,1.0,6.25,-0.01,1.23,15.78125,15.625,15.15625,15.5625,-5.7,0.0,0.0,0.0
10.06768,0x316,0.0,0.0,1.0,6.25,-0.01,1.23,15.78125,15.625,15.15625,15.5625,-5.7,0.0,0.0,0.0
10.07019,0x2B0,0.0,0.0,1.0,6.25,-0.01,1.23,15.78125,15.625,15.15625,15.5625,-5.7,0.0,0.0,0.0
10.07601,0x220,0.0,0.0,1.0,6.25,0.26,1.17,15.78125,15.625,15.15625,15.5625,-5.7,0.0,0.0,0.0
10.07805,0x316,0.0,0.0,1.0,6.25,0.26,1.17,15.78125,15.625,15.15625,15.5625,-5.7,0.0,0.0,0.0
10.08019,0x2B0,0.0,0.0,1.0,6.25,0.26,1.17,15.78125,15.625,15.15625,15.5625,-5.7,0.0,0.0,0.0
10.086,0x220,0.0,0.0,1.0,6.25,0.39,1.08,15.78125,15.625,15.15625,15.5625,-5.7,0.0,0.0,0.0
10.08625,0x386,0.0,0.0,1.0,6.25,0.39,1.08,15.96875,15.71875,15.1875,15.5,-5.7,0.0,0.0,0.0
10.08744,0x316,0.0,0.0,1.0,6.25,0.39,1.08,15.96875,15.71875,15.1875,15.5,-5.7,0.0,0.0,0.0
10.0902,0x2B0,0.0,0.0,1.0,6.25,0.39,1.08,15.96875,15.71875,15.1875,15.5,-5.7,0.0,0.0,0.0
10.09602,0x220,0.0,0.0,1.0,6.25,0.41,1.14,15.96875,15.71875,15.1875,15.5,-5.7,0.0,0.0,0.0
10.0976,0x316,0.0,0.0,1.0,6.25,0.41,1.14,15.96875,15.71875,15.1875,15.5,-5.7,0.0,0.0,0.0
10.1002,0x2B0,0.0,0.0,1.0,6.25,0.41,1.14,15.96875,15.71875,15.1875,15.5,-5.7,0.0,0.0,0.0
10.10601,0x220,0.0,0.0,1.0,6.25,0.41,1.25,15.96875,15.71875,15.1875,15.5,-5.7,0.0,0.0,0.0
10.10625,0x386,0.0,0.0,1.0,6.25,0.41,1.25,16.0,15.90625,15.125,15.375,-5.7,0.0,0.0,0.0
10.10744,0x316,0.0,0.0,1.0,6.25,0.41,1.25,16.0,15.90625,15.125,15.375,-5.7,0.0,2.0,0.0
10.1102,0x2B0,0.0,0.0,1.0,6.25,0.41,1.25,16.0,15.90625,15.125,15.375,-5.7,0.0,2.0,0.0
10.11601,0x220,0.0,0.0,1.0,6.25,0.49,1.27,16.0,15.90625,15.125,15.375,-5.7,0.0,2.0,0.0
10.1176,0x316,0.0,0.0,1.0,6.25,0.49,1.27,16.0,15.90625,15.125,15.375,-5.7,0.0,5.0,0.0
10.1202,0x2B0,0.0,0.0,1.0,6.25,0.49,1.27,16.0,15.90625,15.125,15.375,-5.7,0.0,5.0,0.0
10.12602,0x220,0.0,0.0,1.0,6.25,0.75,1.14,16.0,15.90625,15.125,15.375,-5.7,0.0,5.0,0.0
10.12625,0x386,0.0,0.0,1.0,6.25,0.75,1.14,15.6875,15.4375,15.03125,15.28125,-5.7,0.0,5.0,0.0
10.12744,0x316,0.0,0.0,1.0,6.25,0.75,1.14,15.6875,15.4375,15.03125,15.28125,-5.7,0.0,7.0,0.0
10.1302,0x2B0,0.0,0.0,1.0,6.25,0.75,1.14,15.6875,15.4375,15.03125,15.28125,-5.7,0.0,7.0,0.0
10.13602,0x220,0.0,0.0,1.0,6.25,1.09,0.92,15.6875,15.4375,15.03125,15.28125,-5.7,0.0,7.0,0.0
10.13736,0x316,0.0,0.0,1.0,6.25,1.09,0.92,15.6875,15.4375,15.03125,15.28125,-5.7,0.0,10.0,0.0
10.1402,0x2B0,0.0,0.0,1.0,6.25,1.09,0.92,15.6875,15.4375,15.03125,15.28125,-5.7,0.0,10.0,0.0
10.14601,0x220,0.0,0.0,1.0,6.25,1.39,0.77,15.6875,15.4375,15.03125,15.28125,-5.7,0.0,10.0,0.0
10.14625,0x386,0.0,0.0,1.0,6.25,1.39,0.77,15.875,15.75,15.03125,15.15625,-5.7,0.0,10.0,0.0
10.14745,0x316,0.0,0.0,1.0,6.25,1.39,0.77,15.875,15.75,15.03125,15.15625,-5.7,0.0,10.0,0.0
10.1502,0x2B0,0.0,0.0,1.0,6.25,1.39,0.77,15.875,15.75,15.03125,15.15625,-5.7,0.0,10.0,0.0
10.15601,0x220,0.0,0.0,1.0,6.25,1.67,0.71,15.875,15.75,15.03125,15.15625,-5.7,0.0,10.0,0.0
10.15761,0x316,0.0,0.0,1.0,6.25,1.67,0.71,15.875,15.75,15.03125,15.15625,-5.7,0.0,10.0,0.0
10.16019,0x2B0,0.0,0.0,1.0,6.25,1.67,0.71,15.875,15.75,15.03125,15.15625,-5.7,0.0,10.0,0.0
10.16602,0x220,0.0,0.0,1.0,6.25,1.88,0.63,15.875,15.75,15.03125,15.15625,-5.7,0.0,10.0,0.0
10.16625,0x386,0.0,0.0,1.0,6.25,1.88,0.63,15.6875,15.65625,15.03125,15.21875,-5.7,0.0,10.0,0.0
10.16769,0x316,0.0,0.0,1.0,6.25,1.88,0.63,15.6875,15.65625,15.03125,15.21875,-5.7,0.0,10.0,0.0
10.1702,0x2B0,0.0,0.0,1.0,6.25,1.88,0.63,15.6875,15.65625,15.03125,15.21875,-5.7,0.0,10.0,0.0
10.17601,0x220,0.0,0.0,1.0,6.25,2.0,0.49,15.6875,15.65625,15.03125,15.21875,-5.7,0.0,10.0,0.0
10.17785,0x316,0.0,0.0,1.0,6.25,2.0,0.49,15.6875,15.65625,15.03125,15.21875,-5.7,0.0,10.0,0.0
10.1802,0x2B0,0.0,0.0,1.0,6.25,2.0,0.49,15.6875,15.65625,15.03125,15.21875,-5.7,0.0,10.0,0.0
10.18601,0x220,0.0,0.0,1.0,6.25,2.0,0.32,15.6875,15.65625,15.03125,15.21875,-5.7,0.0,10.0,0.0
10.18625,0x386,0.0,0.0,1.0,6.25,2.0,0.32,15.5,15.90625,15.25,15.53125,-5.7,0.0,10.0,0.0
10.18744,0x316,0.0,0.0,1.0,6.25,2.0,0.32,15.5,15.90625,15.25,15.53125,-5.7,0.0,5.0,0.0
10.1902,0x2B0,0.0,0.0,1.0,6.25,2.0,0.32,15.5,15.90625,15.25,15.53125,-5.7,0.0,5.0,0.0
10.19601,0x220,0.0,0.0,1.0,6.25,1.97,0.22,15.5,15.90625,15.25,15.53125,-5.7,0.0,5.0,0.0
10.19767,0x316,0.0,0.0,1.0,6.25,1.97,0.22,15.5,15.90625,15.25,15.53125,-5.7,0.0,2.0,0.0
10.2002,0x2B0,0.0,0.0,1.0,6.25,1.97,0.22,15.5,15.90625,15.25,15.53125,-5.7,0.0,2.0,0.0
10.20601,0x220,0.0,0.0,1.0,6.25,2.01,0.19,15.5,15.90625,15.25,15.53125,-5.7,0.0,2.0,0.0
10.20624,0x386,0.0,0.0,1.0,6.25,2.01,0.19,15.34375,14.8125,15.21875,15.34375,-5.7,0.0,2.0,0.0
10.20744,0x316,0.0,0.0,1.0,6.25,2.01,0.19,15.34375,14.8125,15.21875,15.34375,-5.7,0.0,2.0,0.0
10.2102,0x2B0,0.0,0.0,1.0,6.25,2.01,0.19,15.34375,14.8125,15.21875,15.34375,-5.7,0.0,2.0,0.0
10.21601,0x220,0.0,0.0,1.0,6.25,2.07,0.1,15.34375,14.8125,15.21875,15.34375,-5.7,0.0,2.0,0.0
10.21738,0x316,0.0,0.0,1.0,6.25,2.07,0.1,15.34375,14.8125,15.21875,15.34375,-5.7,0.0,0.0,0.0
10.22019,0x2B0,0.0,0.0,1.0,6.25,2.07,0.1,15.34375,14.8125,15.21875,15.34375,-5.7,0.0,0.0,0.0
10.22602,0x220,0.0,0.0,1.0,6.25,2.11,-0.06,15.34375,14.8125,15.21875,15.34375,-5.7,0.0,0.0,0.0
10.22625,0x386,0.0,0.0,1.0,6.25,2.11,-0.06,15.5625,15.5625,15.34375,15.46875,-5.7,0.0,0.0,0.0
10.22745,0x316,0.0,0.0,1.0,6.25,2.11,-0.06,15.5625,15.5625,15.34375,15.46875,-5.7,0.0,0.0,0.0
10.23018,0x2B0,0.0,0.0,1.0,6.25,2.11,-0.06,15.5625,15.5625,15.34375,15.46875,-5.7,0.0,0.0,0.0
10.23601,0x220,0.0,0.0,1.0,6.25,2.05,-0.23,15.5625,15.5625,15.34375,15.46875,-5.7,0.0,0.0,0.0
10.23763,0x316,0.0,0.0,1.0,6.25,2.05,-0.23,15.5625,15.5625,15.34375,15.46875,-5.7,0.0,0.0,0.0
10.24019,0x2B0,0.0,0.0,1.0,6.25,2.05,-0.23,15.5625,15.5625,15.34375,15.46875,-5.7,0.0,0.0,0.0
10.24601,0x220,0.0,0.0,1.0,6.25,1.84,-0.25,15.5625,15.5625,15.34375,15.46875,-5.7,0.0,0.0,0.0
10.24625,0x386,0.0,0.0,1.0,6.25,1.84,-0.25,15.5625,15.59375,15.28125,15.5,-5.7,0.0,0.0,0.0
10.24769,0x316,0.0,0.0,1.0,6.25,1.84,-0.25,15.5625,15.59375,15.28125,15.5,-5.7,0.0,0.0,0.0
10.2502,0x2B0,0.0,0.0,1.0,6.25,1.84,-0.25,15.5625,15.59375,15.28125,15.5,-5.7,0.0,0.0,0.0
10.25602,0x220,0.0,0.0,1.0,6.25,1.62,-0.13,15.5625,15.59375,15.28125,15.5,-5.7,0.0,0.0,0.0
10.25739,0x316,0.0,0.0,1.0,6.25,1.62,-0.13,15.5625,15.59375,15.28125,15.5,-5.7,0.0,2.0,0.0
10.26019,0x2B0,0.0,0.0,1.0,6.25,1.62,-0.13,15.5625,15.59375,15.28125,15.5,-5.7,0.0,2.0,0.0
10.26602,0x220,0.0,0.0,1.0,6.25,1.5,0.0,15.5625,15.59375,15.28125,15.5,-5.7,0.0,2.0,0.0
10.26625,0x386,0.0,0.0,1.0,6.25,1.5,0.0,15.28125,15.5,15.34375,15.4375,-5.7,0.0,2.0,0.0
10.26769,0x316,0.0,0.0,1.0,6.25,1.5,0.0,15.28125,15.5,15.34375,15.4375,-5.7,0.0,5.0,0.0
10.2702,0x2B0,0.0,0.0,1.0,6.25,1.5,0.0,15.28125,15.5,15.34375,15.4375,-5.7,0.0,5.0,0.0
10.27602,0x220,0.0,0.0,1.0,6.25,1.48,0.02,15.28125,15.5,15.34375,15.4375,-5.7,0.0,5.0,0.0
10.27789,0x316,0.0,0.0,1.0,6.25,1.48,0.02,15.28125,15.5,15.34375,15.4375,-5.7,0.0,5.0,0.0
10.28022,0x2B0,0.0,0.0,1.0,6.25,1.48,0.02,15.28125,15.5,15.34375,15.4375,-5.6,0.0,5.0,0.0
10.28601,0x220,0.0,0.0,1.0,6.25,1.51,-0.09,15.28125,15.5,15.34375,15.4375,-5.6,0.0,5.0,0.0
10.28624,0x386,0.0,0.0,1.0,6.25,1.51,-0.09,15.40625,15.40625,15.28125,15.40625,-5.6,0.0,5.0,0.0
10.28744,0x316,0.0,0.0,1.0,6.25,1.51,-0.09,15.40625,15.40625,15.28125,15.40625,-5.6,0.0,12.0,0.0
10.2902,0x2B0,0.0,0.0,1.0,6.25,1.51,-0.09,15.40625,15.40625,15.28125,15.40625,-5.6,0.0,12.0,0.0
10.29602,0x220,0.0,0.0,1.0,6.25,1.54,-0.26,15.40625,15.40625,15.28125,15.40625,-5.6,0.0,12.0,0.0
10.29765,0x316,0.0,0.0,1.0,6.25,1.54,-0.26,15.40625,15.40625,15.28125,15.40625,-5.6,0.0,17.0,0.0
10.30026,0x2B0,0.0,0.0,1.0,6.25,1.54,-0.26,15.40625,15.40625,15.28125,15.40625,-5.6,0.0,17.0,0.0
10.30601,0x220,0.0,0.0,1.0,6.25,1.5,-0.27,15.40625,15.40625,15.28125,15.40625,-5.6,0.0,17.0,0.0
10.30625,0x386,0.0,0.0,1.0,6.25,1.5,-0.27,15.34375,15.625,15.375,15.375,-5.6,0.0,17.0,0.0
10.30744,0x316,0.0,0.0,1.0,6.25,1.5,-0.27,15.34375,15.625,15.375,15.375,-5.6,0.0,20.0,0.0
10.31022,0x2B0,0.0,0.0,1.0,6.25,1.5,-0.27,15.34375,15.625,15.375,15.375,-5.4,8.0,20.0,0.0
10.31601,0x220,0.0,0.0,1.0,6.25,1.35,-0.13,15.34375,15.625,15.375,15.375,-5.4,8.0,20.0,0.0
10.3174,0x316,0.0,0.0,1.0,6.25,1.35,-0.13,15.34375,15.625,15.375,15.375,-5.4,8.0,22.0,0.0
10.32019,0x2B0,0.0,0.0,1.0,6.25,1.35,-0.13,15.34375,15.625,15.375,15.375,-5.4,8.0,22.0,0.0
10.32602,0x220,0.0,0.0,1.0,6.25,1.23,0.01,15.34375,15.625,15.375,15.375,-5.4,8.0,22.0,0.0
10.32626,0x386,0.0,0.0,1.0,6.25,1.23,0.01,15.375,15.34375,15.375,15.4375,-5.4,8.0,22.0,0.0
10.32745,0x316,0.0,0.0,1.0,6.25,1.23,0.01,15.375,15.34375,15.375,15.4375,-5.4,8.0,25.0,0.0
10.33018,0x2B0,0.0,0.0,1.0,6.25,1.23,0.01,15.375,15.34375,15.375,15.4375,-5.3,0.0,25.0,0.0
10.33602,0x220,0.0,0.0,1.0,6.25,1.17,0.06,15.375,15.34375,15.375,15.4375,-5.3,0.0,25.0,0.0
10.33741,0x316,0.0,0.0,1.0,6.25,1.17,0.06,15.375,15.34375,15.375,15.4375,-5.3,0.0,25.0,0.0
10.34019,0x2B0,0.0,0.0,1.0,6.25,1.17,0.06,15.375,15.34375,15.375,15.4375,-5.1,12.0,25.0,0.0
10.34602,0x220,0.0,0.0,1.0,6.25,1.13,-0.03,15.375,15.34375,15.375,15.4375,-5.1,12.0,25.0,0.0
10.34625,0x386,0.0,0.0,1.0,6.25,1.13,-0.03,15.53125,15.28125,15.40625,15.53125,-5.1,12.0,25.0,0.0
10.34745,0x316,0.0,0.0,1.0,6.25,1.13,-0.03,15.53125,15.28125,15.40625,15.53125,-5.1,12.0,25.0,0.0
10.35015,0x2B0,0.0,0.0,1.0,6.25,1.13,-0.03,15.53125,15.28125,15.40625,15.53125,-5.1,8.0,25.0,0.0
10.35601,0x220,0.0,0.0,1.0,6.25,1.08,-0.16,15.53125,15.28125,15.40625,15.53125,-5.1,8.0,25.0,0.0
10.35742,0x316,0.0,0.0,1.0,6.25,1.08,-0.16,15.53125,15.28125,15.40625,15.53125,-5.1,8.0,25.0,0.0
10.36019,0x2B0,0.0,0.0,1.0,6.25,1.08,-0.16,15.53125,15.28125,15.40625,15.53125,-5.0,0.0,25.0,0.0
10.36601,0x220,0.0,0.0,1.0,6.25,1.0,-0.15,15.53125,15.28125,15.40625,15.53125,-5.0,0.0,25.0,0.0
10.36625,0x386,0.0,0.0,1.0,6.25,1.0,-0.15,15.34375,15.625,15.4375,15.5,-5.0,0.0,25.0,0.0
10.36769,0x316,0.0,0.0,1.0,6.25,1.0,-0.15,15.34375,15.625,15.4375,15.5,-5.0,0.0,25.0,0.0
10.37021,0x2B0,0.0,0.0,1.0,6.25,1.0,-0.15,15.34375,15.625,15.4375,15.5,-4.8,12.0,25.0,0.0
10.37602,0x220,0.0,0.0,1.0,6.25,0.88,-0.03,15.34375,15.625,15.4375,15.5,-4.8,12.0,25.0,0.0
10.37767,0x316,0.0,0.0,1.0,6.25,0.88,-0.03,15.34375,15.625,15.4375,15.5,-4.8,12.0,25.0,0.0
10.38024,0x2B0,0.0,0.0,1.0,6.25,0.88,-0.03,15.34375,15.625,15.4375,15.5,-4.8,8.0,25.0,0.0
10.38601,0x220,0.0,0.0,1.0,6.25,0.81,0.06,15.34375,15.625,15.4375,15.5,-4.8,8.0,25.0,0.0
10.38625,0x386,0.0,0.0,1.0,6.25,0.81,0.06,15.5,15.34375,15.40625,15.1875,-4.8,8.0,25.0,0.0
10.38744,0x316,0.0,0.0,1.0,6.25,0.81,0.06,15.5,15.34375,15.40625,15.1875,-4.8,8.0,25.0,0.0
10.39021,0x2B0,0.0,0.0,1.0,6.25,0.81,0.06,15.5,15.34375,15.40625,15.1875,-4.5,12.0,25.0,0.0
10.39602,0x220,0.0,0.0,1.0,6.25,0.84,0.06,15.5,15.34375,15.40625,15.1875,-4.5,12.0,25.0,0.0
10.39768,0x316,0.0,0.0,1.0,6.25,0.84,0.06,15.5,15.34375,15.40625,15.1875,-4.5,12.0,25.0,0.0
10.40019,0x2B0,0.0,0.0,1.0,6.25,0.84,0.06,15.5,15.34375,15.40625,15.1875,-4.3,24.0,25.0,0.0
10.40601,0x220,0.0,0.0,1.0,6.25,0.95,-0.09,15.5,15.34375,15.40625,15.1875,-4.3,24.0,25.0,0.0
10.40624,0x386,0.0,0.0,1.0,6.25,0.95,-0.09,15.65625,15.53125,15.15625,15.1875,-4.3,24.0,25.0,0.0
10.40745,0x316,0.0,0.0,1.0,6.25,0.95,-0.09,15.65625,15.53125,15.15625,15.1875,-4.3,24.0,25.0,0.0
10.41019,0x2B0,0.0,0.0,1.0,6.25,0.95,-0.09,15.65625,15.53125,15.15625,15.1875,-4.1,20.0,25.0,0.0
10.41602,0x220,0.0,0.0,1.0,6.25,1.06,-0.33,15.65625,15.53125,15.15625,15.1875,-4.1,20.0,25.0,0.0
10.41744,0x316,0.0,0.0,1.0,6.25,1.06,-0.33,15.65625,15.53125,15.15625,15.1875,-4.1,20.0,25.0,0.0
10.42018,0x2B0,0.0,0.0,1.0,6.25,1.06,-0.33,15.65625,15.53125,15.15625,15.1875,-3.9,20.0,25.0,0.0
10.42603,0x220,0.0,0.0,1.0,6.25,1.14,-0.42,15.65625,15.53125,15.15625,15.1875,-3.9,20.0,25.0,0.0
10.42626,0x386,0.0,0.0,1.0,6.25,1.14,-0.42,15.625,15.71875,15.25,15.0,-3.9,20.0,25.0,0.0
10.42745,0x316,0.0,0.0,1.0,6.25,1.14,-0.42,15.625,15.71875,15.25,15.0,-3.9,20.0,25.0,0.0
10.43017,0x2B0,0.0,0.0,1.0,6.25,1.14,-0.42,15.625,15.71875,15.25,15.0,-3.7,20.0,25.0,0.0
10.43602,0x220,0.0,0.0,1.0,6.25,1.18,-0.37,15.625,15.71875,15.25,15.0,-3.7,20.0,25.0,0.0
10.43743,0x316,0.0,0.0,1.0,6.25,1.18,-0.37,15.625,15.71875,15.25,15.0,-3.7,20.0,25.0,0.0
10.44017,0x2B0,0.0,0.0,1.0,6.25,1.18,-0.37,15.625,15.71875,15.25,15.0,-3.4,24.0,25.0,0.0
10.44602,0x220,0.0,0.0,1.0,6.25,1.2,-0.3,15.625,15.71875,15.25,15.0,-3.4,24.0,25.0,0.0
10.44626,0x386,0.0,0.0,1.0,6.25,1.2,-0.3,15.75,15.34375,15.25,14.9375,-3.4,24.0,25.0,0.0
10.44745,0x316,0.0,0.0,1.0,6.25,1.2,-0.3,15.75,15.34375,15.25,14.9375,-3.4,24.0,25.0,0.0
10.4502,0x2B0,0.0,0.0,1.0,6.25,1.2,-0.3,15.75,15.34375,15.25,14.9375,-3.2,24.0,25.0,0.0
10.45603,0x220,0.0,0.0,1.0,6.25,1.25,-0.28,15.75,15.34375,15.25,14.9375,-3.2,24.0,25.0,0.0
10.45744,0x316,0.0,0.0,1.0,6.25,1.25,-0.28,15.75,15.34375,15.25,14.9375,-3.2,24.0,25.0,0.0
10.4602,0x2B0,0.0,0.0,1.0,6.25,1.25,-0.28,15.75,15.34375,15.25,14.9375,-3.0,20.0,25.0,0.0
10.46602,0x220,0.0,0.0,1.0,6.25,1.37,-0.28,15.75,15.34375,15.25,14.9375,-3.0,20.0,25.0,0.0
10.46626,0x386,0.0,0.0,1.0,6.25,1.37,-0.28,15.6875,15.75,15.125,15.03125,-3.0,20.0,25.0,0.0
10.4677,0x316,0.0,0.0,1.0,6.25,1.37,-0.28,15.6875,15.75,15.125,15.03125,-3.0,20.0,22.0,0.0
10.47021,0x2B0,0.0,0.0,1.0,6.25,1.37,-0.28,15.6875,15.75,15.125,15.03125,-2.8,20.0,22.0,0.0
10.47602,0x220,0.0,0.0,1.0,6.25,1.55,-0.27,15.6875,15.75,15.125,15.03125,-2.8,20.0,22.0,0.0
10.47794,0x316,0.0,0.0,1.0,6.25,1.55,-0.27,15.6875,15.75,15.125,15.03125,-2.8,20.0,22.0,0.0
10.4802,0x2B0,0.0,0.0,1.0,6.25,1.55,-0.27,15.6875,15.75,15.125,15.03125,-2.5,24.0,22.0,0.0
10.48602,0x220,0.0,0.0,1.0,6.25,1.71,-0.27,15.6875,15.75,15.125,15.03125,-2.5,24.0,22.0,0.0
10.48626,0x386,0.0,0.0,1.0,6.25,1.71,-0.27,15.78125,15.6875,15.125,15.125,-2.5,24.0,22.0,0.0
10.4877,0x316,0.0,0.0,1.0,6.25,1.71,-0.27,15.78125,15.6875,15.125,15.125,-2.5,24.0,20.0,0.0
10.49018,0x2B0,0.0,0.0,1.0,6.25,1.71,-0.27,15.78125,15.6875,15.125,15.125,-2.3,24.0,20.0,0.0
10.49601,0x220,0.0,0.0,1.0,6.25,1.74,-0.28,15.78125,15.6875,15.125,15.125,-2.3,24.0,20.0,0.0
10.49746,0x316,0.0,0.0,1.0,6.25,1.74,-0.28,15.78125,15.6875,15.125,15.125,-2.3,24.0,17.0,0.0
10.50018,0x2B0,0.0,0.0,1.0,6.25,1.74,-0.28,15.78125,15.6875,15.125,15.125,-2.0,24.0,17.0,0.0
10.50602,0x220,0.0,0.0,1.0,6.25,1.64,-0.29,15.78125,15.6875,15.125,15.125,-2.0,24.0,17.0,0.0
10.50625,0x386,0.0,0.0,1.0,6.25,1.64,-0.29,15.6875,15.6875,15.03125,15.125,-2.0,24.0,17.0,0.0
10.50769,0x316,0.0,0.0,1.0,6.25,1.64,-0.29,15.6875,15.6875,15.03125,15.125,-2.0,24.0,15.0,0.0
10.51018,0x2B0,0.0,0.0,1.0,6.25,1.64,-0.29,15.6875,15.6875,15.03125,15.125,-1.8,24.0,15.0,0.0
10.51601,0x220,0.0,0.0,1.0,6.25,1.37,-0.25,15.6875,15.6875,15.03125,15.125,-1.8,24.0,15.0,0.0
10.51747,0x316,0.0,0.0,1.0,6.25,1.37,-0.25,15.6875,15.6875,15.03125,15.125,-1.8,24.0,12.0,0.0
10.52018,0x2B0,0.0,0.0,1.0,6.25,1.37,-0.25,15.6875,15.6875,15.03125,15.125,-1.5,24.0,12.0,0.0
10.52602,0x220,0.0,0.0,1.0,6.25,1.08,-0.15,15.6875,15.6875,15.03125,15.125,-1.5,24.0,12.0,0.0
10.52625,0x386,0.0,0.0,1.0,6.25,1.08,-0.15,15.71875,15.59375,14.9375,15.0625,-1.5,24.0,12.0,0.0
10.5277,0x316,0.0,0.0,1.0,6.25,1.08,-0.15,15.71875,15.59375,14.9375,15.0625,-1.5,24.0,12.0,0.0
10.5302,0x2B0,0.0,0.0,1.0,6.25,1.08,-0.15,15.71875,15.59375,14.9375,15.0625,-1.3,24.0,12.0,0.0
10.53602,0x220,0.0,0.0,1.0,6.25,0.91,0.0,15.71875,15.59375,14.9375,15.0625,-1.3,24.0,12.0,0.0
10.53746,0x316,0.0,0.0,1.0,6.25,0.91,0.0,15.71875,15.59375,14.9375,15.0625,-1.3,24.0,10.0,0.0
10.54017,0x2B0,0.0,0.0,1.0,6.25,0.91,0.0,15.71875,15.59375,14.9375,15.0625,-1.1,20.0,10.0,0.0
10.54601,0x220,0.0,0.0,1.0,6.25,0.87,0.1,15.71875,15.59375,14.9375,15.0625,-1.1,20.0,10.0,0.0
10.54625,0x386,0.0,0.0,1.0,6.25,0.87,0.1,15.71875,15.625,14.9375,15.125,-1.1,20.0,10.0,0.0
10.54769,0x316,0.0,0.0,1.0,6.25,0.87,0.1,15.71875,15.625,14.9375,15.125,-1.1,20.0,10.0,0.0
10.55017,0x2B0,0.0,0.0,1.0,6.25,0.87,0.1,15.71875,15.625,14.9375,15.125,-0.8,24.0,10.0,0.0
10.55602,0x220,0.0,0.0,1.0,6.25,0.95,0.17,15.71875,15.625,14.9375,15.125,-0.8,24.0,10.0,0.0
10.55748,0x316,0.0,0.0,1.0,6.25,0.95,0.17,15.71875,15.625,14.9375,15.125,-0.8,24.0,10.0,0.0
10.56016,0x2B0,0.0,0.0,1.0,6.25,0.95,0.17,15.71875,15.625,14.9375,15.125,-0.6,24.0,10.0,0.0
10.56601,0x220,0.0,0.0,1.0,6.25,1.11,0.25,15.71875,15.625,14.9375,15.125,-0.6,24.0,10.0,0.0
10.56625,0x386,0.0,0.0,1.0,6.25,1.11,0.25,15.625,15.625,15.0625,15.3125,-0.6,24.0,10.0,0.0
10.56773,0x316,0.0,0.0,1.0,6.25,1.11,0.25,15.625,15.625,15.0625,15.3125,-0.6,24.0,10.0,0.0
10.57015,0x2B0,0.0,0.0,1.0,6.25,1.11,0.25,15.625,15.625,15.0625,15.3125,-0.4,20.0,10.0,0.0
10.57602,0x220,0.0,0.0,1.0,6.25,1.19,0.36,15.625,15.625,15.0625,15.3125,-0.4,20.0,10.0,0.0
10.57773,0x316,0.0,0.0,1.0,6.25,1.19,0.36,15.625,15.625,15.0625,15.3125,-0.4,20.0,10.0,0.0
10.58014,0x2B0,0.0,0.0,1.0,6.25,1.19,0.36,15.625,15.625,15.0625,15.3125,-0.1,24.0,10.0,0.0
10.58602,0x220,0.0,0.0,1.0,6.25,1.18,0.49,15.625,15.625,15.0625,15.3125,-0.1,24.0,10.0,0.0
10.58625,0x386,0.0,0.0,1.0,6.25,1.18,0.49,15.625,15.5625,15.09375,15.40625,-0.1,24.0,10.0,0.0
10.5877,0x316,0.0,0.0,1.0,6.25,1.18,0.49,15.625,15.5625,15.09375,15.40625,-0.1,24.0,10.0,0.0
10.59019,0x2B0,0.0,0.0,1.0,6.25,1.18,0.49,15.625,15.5625,15.09375,15.40625,0.1,24.0,10.0,0.0
10.59602,0x220,0.0,0.0,1.0,6.25,1.16,0.58,15.625,15.5625,15.09375,15.40625,0.1,24.0,10.0,0.0
10.59748,0x316,0.0,0.0,1.0,6.25,1.16,0.58,15.625,15.5625,15.09375,15.40625,0.1,24.0,10.0,0.0
10.60022,0x2B0,0.0,0.0,1.0,6.25,1.16,0.58,15.625,15.5625,15.09375,15.40625,0.3,20.0,10.0,0.0
10.60602,0x220,0.0,0.0,1.0,6.25,1.11,0.59,15.625,15.5625,15.09375,15.40625,0.3,20.0,10.0,0.0
10.60626,0x386,0.0,0.0,1.0,6.25,1.11,0.59,15.59375,15.53125,15.125,15.34375,0.3,20.0,10.0,0.0
10.6077,0x316,0.0,0.0,1.0,6.25,1.11,0.59,15.59375,15.53125,15.125,15.34375,0.3,20.0,10.0,0.0
10.61026,0x2B0,0.0,0.0,1.0,6.25,1.11,0.59,15.59375,15.53125,15.125,15.34375,0.3,8.0,10.0,0.0
10.61603,0x220,0.0,0.0,1.0,6.25,1.03,0.57,15.59375,15.53125,15.125,15.34375,0.3,8.0,10.0,0.0
10.6175,0x316,0.0,0.0,1.0,6.25,1.03,0.57,15.59375,15.53125,15.125,15.34375,0.3,8.0,10.0,0.0
10.62021,0x2B0,0.0,0.0,1.0,6.25,1.03,0.57,15.59375,15.53125,15.125,15.34375,0.7,20.0,10.0,0.0
10.62603,0x220,0.0,0.0,1.0,6.25,0.99,0.59,15.59375,15.53125,15.125,15.34375,0.7,20.0,10.0,0.0
10.62626,0x386,0.0,0.0,1.0,6.25,0.99,0.59,15.5,15.53125,15.15625,15.1875,0.7,20.0,10.0,0.0
10.62769,0x316,0.0,0.0,1.0,6.25,0.99,0.59,15.5,15.53125,15.15625,15.1875,0.7,20.0,10.0,0.0
10.6302,0x2B0,0.0,0.0,1.0,6.25,0.99,0.59,15.5,15.53125,15.15625,15.1875,0.8,24.0,10.0,0.0
10.63602,0x220,0.0,0.0,1.0,6.25,1.03,0.67,15.5,15.53125,15.15625,15.1875,0.8,24.0,10.0,0.0
10.6375,0x316,0.0,0.0,1.0,6.25,1.03,0.67,15.5,15.53125,15.15625,15.1875,0.8,24.0,10.0,0.0
10.6402,0x2B0,0.0,0.0,1.0,6.25,1.03,0.67,15.5,15.53125,15.15625,15.1875,1.0,12.0,10.0,0.0
10.64602,0x220,0.0,0.0,1.0,6.25,1.1,0.76,15.5,15.53125,15.15625,15.1875,1.0,12.0,10.0,0.0
10.64626,0x386,0.0,0.0,1.0,6.25,1.1,0.76,15.5,15.46875,15.21875,15.28125,1.0,12.0,10.0,0.0
10.64769,0x316,0.0,0.0,1.0,6.25,1.1,0.76,15.5,15.46875,15.21875,15.28125,1.0,12.0,10.0,0.0
10.65025,0x2B0,0.0,0.0,1.0,6.25,1.1,0.76,15.5,15.46875,15.21875,15.28125,1.0,8.0,10.0,0.0
10.65602,0x220,0.0,0.0,1.0,6.25,1.2,0.73,15.5,15.46875,15.21875,15.28125,1.0,8.0,10.0,0.0
10.65751,0x316,0.0,0.0,1.0,6.25,1.2,0.73,15.5,15.46875,15.21875,15.28125,1.0,8.0,10.0,0.0
10.66017,0x2B0,0.0,0.0,1.0,6.25,1.2,0.73,15.5,15.46875,15.21875,15.28125,1.3,12.0,10.0,0.0
10.66602,0x220,0.0,0.0,1.0,6.25,1.3,0.51,15.5,15.46875,15.21875,15.28125,1.3,12.0,10.0,0.0
10.66626,0x386,0.0,0.0,1.0,6.25,1.3,0.51,15.40625,15.5,15.09375,15.40625,1.3,12.0,10.0,0.0
10.66771,0x316,0.0,0.0,1.0,6.25,1.3,0.51,15.40625,15.5,15.09375,15.40625,1.3,12.0,10.0,0.0
10.67024,0x2B0,0.0,0.0,1.0,6.25,1.3,0.51,15.40625,15.5,15.09375,15.40625,1.3,12.0,10.0,0.0
10.67602,0x220,0.0,0.0,1.0,6.25,1.31,0.27,15.40625,15.5,15.09375,15.40625,1.3,12.0,10.0,0.0
10.67776,0x316,0.0,0.0,1.0,6.25,1.31,0.27,15.40625,15.5,15.09375,15.40625,1.3,12.0,10.0,0.0
10.68017,0x2B0,0.0,0.0,1.0,6.25,1.31,0.27,15.40625,15.5,15.09375,15.40625,1.6,12.0,10.0,0.0
10.68602,0x220,0.0,0.0,1.0,6.25,1.31,0.16,15.40625,15.5,15.09375,15.40625,1.6,12.0,10.0,0.0
10.68626,0x386,0.0,0.0,1.0,6.25,1.31,0.16,15.375,15.46875,15.28125,15.34375,1.6,12.0,10.0,0.0
10.68769,0x316,0.0,0.0,1.0,6.25,1.31,0.16,15.375,15.46875,15.28125,15.34375,1.6,12.0,10.0,0.0
10.69017,0x2B0,0.0,0.0,1.0,6.25,1.31,0.16,15.375,15.46875,15.28125,15.34375,1.7,20.0,10.0,0.0
10.69603,0x220,0.0,0.0,1.0,6.25,1.33,0.22,15.375,15.46875,15.28125,15.34375,1.7,20.0,10.0,0.0
10.69752,0x316,0.0,0.0,1.0,6.25,1.33,0.22,15.375,15.46875,15.28125,15.34375,1.7,20.0,10.0,0.0
10.70017,0x2B0,0.0,0.0,1.0,6.25,1.33,0.22,15.375,15.46875,15.28125,15.34375,1.7,0.0,10.0,0.0
10.70602,0x220,0.0,0.0,1.0,6.25,1.43,0.32,15.375,15.46875,15.28125,15.34375,1.7,0.0,10.0,0.0
10.70626,0x386,0.0,0.0,1.0,6.25,1.43,0.32,15.40625,15.46875,15.21875,15.4375,1.7,0.0,10.0,0.0
10.7077,0x316,0.0,0.0,1.0,6.25,1.43,0.32,15.40625,15.46875,15.21875,15.4375,1.7,0.0,12.0,0.0
10.71019,0x2B0,0.0,0.0,1.0,6.25,1.43,0.32,15.40625,15.46875,15.21875,15.4375,1.9,8.0,12.0,0.0
10.71602,0x220,0.0,0.0,1.0,6.25,1.6,0.34,15.40625,15.46875,15.21875,15.4375,1.9,8.0,12.0,0.0
10.71753,0x316,0.0,0.0,1.0,6.25,1.6,0.34,15.40625,15.46875,15.21875,15.4375,1.9,8.0,15.0,0.0
10.72022,0x2B0,0.0,0.0,1.0,6.25,1.6,0.34,15.40625,15.46875,15.21875,15.4375,1.9,8.0,15.0,0.0
10.72603,0x220,0.0,0.0,1.0,6.25,1.76,0.26,15.40625,15.46875,15.21875,15.4375,1.9,8.0,15.0,0.0
10.72626,0x386,0.0,0.0,1.0,6.25,1.76,0.26,15.40625,15.40625,15.28125,15.3125,1.9,8.0,15.0,0.0
10.7277,0x316,0.0,0.0,1.0,6.25,1.76,0.26,15.40625,15.40625,15.28125,15.3125,1.9,8.0,15.0,0.0
10.73017,0x2B0,0.0,0.0,1.0,6.25,1.76,0.26,15.40625,15.40625,15.28125,15.3125,2.0,0.0,15.0,0.0
10.73603,0x220,0.0,0.0,1.0,6.25,1.91,0.11,15.40625,15.40625,15.28125,15.3125,2.0,0.0,15.0,0.0
10.73753,0x316,0.0,0.0,1.0,6.25,1.91,0.11,15.40625,15.40625,15.28125,15.3125,2.0,0.0,15.0,0.0
10.74021,0x2B0,0.0,0.0,1.0,6.25,1.91,0.11,15.40625,15.40625,15.28125,15.3125,2.0,0.0,15.0,0.0
10.74602,0x220,0.0,0.0,1.0,6.25,1.99,0.0,15.40625,15.40625,15.28125,15.3125,2.0,0.0,15.0,0.0
10.74626,0x386,0.0,0.0,1.0,6.25,1.99,0.0,15.46875,15.5625,15.25,15.28125,2.0,0.0,15.0,0.0
10.7477,0x316,0.0,0.0,1.0,6.25,1.99,0.0,15.46875,15.5625,15.25,15.28125,2.0,0.0,15.0,0.0
10.75016,0x2B0,0.0,0.0,1.0,6.25,1.99,0.0,15.46875,15.5625,15.25,15.28125,2.1,0.0,15.0,0.0
10.75603,0x220,0.0,0.0,1.0,6.25,1.96,-0.01,15.46875,15.5625,15.25,15.28125,2.1,0.0,15.0,0.0
10.75754,0x316,0.0,0.0,1.0,6.25,1.96,-0.01,15.46875,15.5625,15.25,15.28125,2.1,0.0,15.0,0.0
10.76015,0x2B0,0.0,0.0,1.0,6.25,1.96,-0.01,15.46875,15.5625,15.25,15.28125,2.1,0.0,15.0,0.0
10.76603,0x220,0.0,0.0,1.0,6.25,1.87,-0.01,15.46875,15.5625,15.25,15.28125,2.1,0.0,15.0,0.0
10.76627,0x386,0.0,0.0,1.0,6.25,1.87,-0.01,15.40625,15.5,15.25,15.25,2.1,0.0,15.0,0.0
10.7677,0x316,0.0,0.0,1.0,6.25,1.87,-0.01,15.40625,15.5,15.25,15.25,2.1,0.0,15.0,0.0
10.77015,0x2B0,0.0,0.0,1.0,6.25,1.87,-0.01,15.40625,15.5,15.25,15.25,2.1,0.0,15.0,0.0
10.77603,0x220,0.0,0.0,1.0,6.25,1.83,-0.04,15.40625,15.5,15.25,15.25,2.1,0.0,15.0,0.0
10.77779,0x316,0.0,0.0,1.0,6.25,1.83,-0.04,15.40625,15.5,15.25,15.25,2.1,0.0,15.0,0.0
10.78016,0x2B0,0.0,0.0,1.0,6.25,1.83,-0.04,15.40625,15.5,15.25,15.25,2.2,0.0,15.0,0.0
10.78603,0x220,0.0,0.0,1.0,6.25,1.87,-0.08,15.40625,15.5,15.25,15.25,2.2,0.0,15.0,0.0
10.78626,0x386,0.0,0.0,1.0,6.25,1.87,-0.08,15.4375,15.46875,15.21875,15.1875,2.2,0.0,15.0,0.0
10.78769,0x316,0.0,0.0,1.0,6.25,1.87,-0.08,15.4375,15.46875,15.21875,15.1875,2.2,0.0,15.0,0.0
10.79013,0x2B0,0.0,0.0,1.0,6.25,1.87,-0.08,15.4375,15.46875,15.21875,15.1875,2.2,0.0,15.0,0.0
10.7961,0x220,0.0,0.0,1.0,6.25,1.98,-0.09,15.4375,15.46875,15.21875,15.1875,2.2,0.0,15.0,0.0
10.79754,0x316,0.0,0.0,1.0,6.25,1.98,-0.09,15.4375,15.46875,15.21875,15.1875,2.2,0.0,15.0,0.0
10.80014,0x2B0,0.0,0.0,1.0,6.25,1.98,-0.09,15.4375,15.46875,15.21875,15.1875,2.2,0.0,15.0,0.0
10.80604,0x220,0.0,0.0,1.0,6.25,2.08,-0.07,15.4375,15.46875,15.21875,15.1875,2.2,0.0,15.0,0.0
10.80627,0x386,0.0,0.0,1.0,6.25,2.08,-0.07,15.5,15.59375,15.25,15.3125,2.2,0.0,15.0,0.0
10.80772,0x316,0.0,0.0,1.0,6.25,2.08,-0.07,15.5,15.59375,15.25,15.3125,2.2,0.0,15.0,0.0
10.81014,0x2B0,0.0,0.0,1.0,6.25,2.08,-0.07,15.5,15.59375,15.25,15.3125,2.2,0.0,15.0,0.0
10.81602,0x220,0.0,0.0,1.0,6.25,2.06,-0.05,15.5,15.59375,15.25,15.3125,2.2,0.0,15.0,0.0
10.81756,0x316,0.0,0.0,1.0,6.25,2.06,-0.05,15.5,15.59375,15.25,15.3125,2.2,0.0,15.0,0.0
10.82021,0x2B0,0.0,0.0,1.0,6.25,2.06,-0.05,15.5,15.59375,15.25,15.3125,2.2,0.0,15.0,0.0
10.82603,0x220,0.0,0.0,1.0,6.25,1.95,-0.05,15.5,15.59375,15.25,15.3125,2.2,0.0,15.0,0.0
10.82626,0x386,0.0,0.0,1.0,6.25,1.95,-0.05,15.46875,15.625,15.21875,15.375,2.2,0.0,15.0,0.0
10.8277,0x316,0.0,0.0,1.0,6.25,1.95,-0.05,15.46875,15.625,15.21875,15.375,2.2,0.0,15.0,0.0
10.8302,0x2B0,0.0,0.0,1.0,6.25,1.95,-0.05,15.46875,15.625,15.21875,15.375,2.2,0.0,15.0,0.0
10.83602,0x220,0.0,0.0,1.0,6.25,1.82,-0.03,15.46875,15.625,15.21875,15.375,2.2,0.0,15.0,0.0
10.83755,0x316,0.0,0.0,1.0,6.25,1.82,-0.03,15.46875,15.625,15.21875,15.375,2.2,0.0,15.0,0.0
10.84019,0x2B0,0.0,0.0,1.0,6.25,1.82,-0.03,15.46875,15.625,15.21875,15.375,2.2,0.0,15.0,0.0
10.84602,0x220,0.0,0.0,1.0,6.25,1.71,0.0,15.46875,15.625,15.21875,15.375,2.2,0.0,15.0,0.0
10.84626,0x386,0.0,0.0,1.0,6.25,1.71,0.0,15.625,15.65625,15.21875,15.28125,2.2,0.0,15.0,0.0
10.84769,0x316,0.0,0.0,1.0,6.25,1.71,0.0,15.625,15.65625,15.21875,15.28125,2.2,0.0,15.0,0.0
10.85019,0x2B0,0.0,0.0,1.0,6.25,1.71,0.0,15.625,15.65625,15.21875,15.28125,2.2,0.0,15.0,0.0
10.85603,0x220,0.0,0.0,1.0,6.25,1.64,0.03,15.625,15.65625,15.21875,15.28125,2.2,0.0,15.0,0.0
10.85757,0x316,0.0,0.0,1.0,6.25,1.64,0.03,15.625,15.65625,15.21875,15.28125,2.2,0.0,15.0,0.0
10.86019,0x2B0,0.0,0.0,1.0,6.25,1.64,0.03,15.625,15.65625,15.21875,15.28125,2.2,0.0,15.0,0.0
10.86602,0x220,0.0,0.0,1.0,6.25,1.56,0.03,15.625,15.65625,15.21875,15.28125,2.2,0.0,15.0,0.0
10.86626,0x386,0.0,0.0,1.0,6.25,1.56,0.03,15.625,15.71875,15.21875,15.21875,2.2,0.0,15.0,0.0
10.8677,0x316,0.0,0.0,1.0,6.25,1.56,0.03,15.625,15.71875,15.21875,15.21875,2.2,0.0,15.0,0.0
10.87019,0x2B0,0.0,0.0,1.0,6.25,1.56,0.03,15.625,15.71875,15.21875,15.21875,2.2,0.0,15.0,0.0
10.87603,0x220,0.0,0.0,1.0,6.25,1.48,0.03,15.625,15.71875,15.21875,15.21875,2.2,0.0,15.0,0.0
10.87782,0x316,0.0,0.0,1.0,6.25,1.48,0.03,15.625,15.71875,15.21875,15.21875,2.2,0.0,15.0,0.0
10.88018,0x2B0,0.0,0.0,1.0,6.25,1.48,0.03,15.625,15.71875,15.21875,15.21875,2.2,0.0,15.0,0.0
10.88602,0x220,0.0,0.0,1.0,6.25,1.38,0.11,15.625,15.71875,15.21875,15.21875,2.2,0.0,15.0,0.0
10.88626,0x386,0.0,0.0,1.0,6.25,1.38,0.11,15.65625,15.6875,15.15625,15.21875,2.2,0.0,15.0,0.0
10.8877,0x316,0.0,0.0,1.0,6.25,1.38,0.11,15.65625,15.6875,15.15625,15.21875,2.2,0.0,15.0,0.0
10.89019,0x2B0,0.0,0.0,1.0,6.25,1.38,0.11,15.65625,15.6875,15.15625,15.21875,2.2,0.0,15.0,0.0
10.89611,0x220,0.0,0.0,1.0,6.25,1.28,0.28,15.65625,15.6875,15.15625,15.21875,2.2,0.0,15.0,0.0
10.89758,0x316,0.0,0.0,1.0,6.25,1.28,0.28,15.65625,15.6875,15.15625,15.21875,2.2,0.0,15.0,0.0
10.90018,0x2B0,0.0,0.0,1.0,6.25,1.28,0.28,15.65625,15.6875,15.15625,15.21875,2.2,0.0,15.0,0.0
10.90603,0x220,0.0,0.0,1.0,6.25,1.23,0.41,15.65625,15.6875,15.15625,15.21875,2.2,0.0,15.0,0.0
10.90626,0x386,0.0,0.0,1.0,6.25,1.23,0.41,15.6875,15.65625,15.21875,15.15625,2.2,0.0,15.0,0.0
10.9077,0x316,0.0,0.0,1.0,6.25,1.23,0.41,15.6875,15.65625,15.21875,15.15625,2.2,0.0,15.0,0.0
10.91018,0x2B0,0.0,0.0,1.0,6.25,1.23,0.41,15.6875,15.65625,15.21875,15.15625,2.2,0.0,15.0,0.0
10.91604,0x220,0.0,0.0,1.0,6.25,1.25,0.39,15.6875,15.65625,15.21875,15.15625,2.2,0.0,15.0,0.0
10.91729,0x316,0.0,0.0,1.0,6.25,1.25,0.39,15.6875,15.65625,15.21875,15.15625,2.2,0.0,15.0,0.0
10.92018,0x2B0,0.0,0.0,1.0,6.25,1.25,0.39,15.6875,15.65625,15.21875,15.15625,2.1,0.0,15.0,0.0
10.92604,0x220,0.0,0.0,1.0,6.25,1.31,0.25,15.6875,15.65625,15.21875,15.15625,2.1,0.0,15.0,0.0
10.92627,0x386,0.0,0.0,1.0,6.25,1.31,0.25,15.65625,15.625,15.15625,15.40625,2.1,0.0,15.0,0.0
10.92771,0x316,0.0,0.0,1.0,6.25,1.31,0.25,15.65625,15.625,15.15625,15.40625,2.1,0.0,15.0,0.0
10.93013,0x2B0,0.0,0.0,1.0,6.25,1.31,0.25,15.65625,15.625,15.15625,15.40625,2.1,0.0,15.0,0.0
10.93603,0x220,0.0,0.0,1.0,6.25,1.33,0.18,15.65625,15.625,15.15625,15.40625,2.1,0.0,15.0,0.0
10.93759,0x316,0.0,0.0,1.0,6.25,1.33,0.18,15.65625,15.625,15.15625,15.40625,2.1,0.0,15.0,0.0
10.94019,0x2B0,0.0,0.0,1.0,6.25,1.33,0.18,15.65625,15.625,15.15625,15.40625,2.1,0.0,15.0,0.0
10.94603,0x220,0.0,0.0,1.0,6.25,1.3,0.26,15.65625,15.625,15.15625,15.40625,2.1,0.0,15.0,0.0
10.94626,0x386,0.0,0.0,1.0,6.25,1.3,0.26,15.75,15.6875,15.1875,15.375,2.1,0.0,15.0,0.0
10.9477,0x316,0.0,0.0,1.0,6.25,1.3,0.26,15.75,15.6875,15.1875,15.375,2.1,0.0,15.0,0.0
10.95019,0x2B0,0.0,0.0,1.0,6.25,1.3,0.26,15.75,15.6875,15.1875,15.375,1.9,8.0,15.0,0.0
10.95603,0x220,0.0,0.0,1.0,6.25,1.26,0.37,15.75,15.6875,15.1875,15.375,1.9,8.0,15.0,0.0
10.95731,0x316,0.0,0.0,1.0,6.25,1.26,0.37,15.75,15.6875,15.1875,15.375,1.9,8.0,15.0,0.0
10.9602,0x2B0,0.0,0.0,1.0,6.25,1.26,0.37,15.75,15.6875,15.1875,15.375,1.9,8.0,15.0,0.0
10.96602,0x220,0.0,0.0,1.0,6.25,1.22,0.39,15.75,15.6875,15.1875,15.375,1.9,8.0,15.0,0.0
10.96626,0x386,0.0,0.0,1.0,6.25,1.22,0.39,15.65625,15.65625,15.25,15.40625,1.9,8.0,15.0,0.0
10.9677,0x316,0.0,0.0,1.0,6.25,1.22,0.39,15.65625,15.65625,15.25,15.40625,1.9,8.0,15.0,0.0
10.97019,0x2B0,0.0,0.0,1.0,6.25,1.22,0.39,15.65625,15.65625,15.25,15.40625,1.8,0.0,15.0,0.0
10.97603,0x220,0.0,0.0,1.0,6.25,1.21,0.38,15.65625,15.65625,15.25,15.40625,1.8,0.0,15.0,0.0
10.97785,0x316,0.0,0.0,1.0,6.25,1.21,0.38,15.65625,15.65625,15.25,15.40625,1.8,0.0,15.0,0.0
10.9802,0x2B0,0.0,0.0,1.0,6.25,1.21,0.38,15.65625,15.65625,15.25,15.40625,1.8,0.0,15.0,0.0
10.98602,0x220,0.0,0.0,1.0,6.25,1.2,0.4,15.65625,15.65625,15.25,15.40625,1.8,0.0,15.0,0.0
10.98626,0x386,0.0,0.0,1.0,6.25,1.2,0.4,15.78125,15.59375,15.125,15.4375,1.8,0.0,15.0,0.0
10.9877,0x316,0.0,0.0,1.0,6.25,1.2,0.4,15.78125,15.59375,15.125,15.4375,1.8,0.0,15.0,0.0
10.99017,0x2B0,0.0,0.0,1.0,6.25,1.2,0.4,15.78125,15.59375,15.125,15.4375,1.6,8.0,15.0,0.0
10.99609,0x220,0.0,0.0,1.0,6.25,1.22,0.41,15.78125,15.59375,15.125,15.4375,1.6,8.0,15.0,0.0
10.9976,0x316,0.0,0.0,1.0,6.25,1.22,0.41,15.78125,15.59375,15.125,15.4375,1.6,8.0,15.0,0.0
11.00019,0x2B0,0.0,0.0,1.0,6.25,1.22,0.41,15.78125,15.59375,15.125,15.4375,1.6,8.0,15.0,0.0
11.00603,0x220,0.0,0.0,1.0,6.25,1.21,0.33,15.78125,15.59375,15.125,15.4375,1.6,8.0,15.0,0.0
11.00627,0x386,0.0,0.0,1.0,6.25,1.21,0.33,15.65625,15.625,15.09375,15.5625,1.6,8.0,15.0,0.0
11.00771,0x316,0.0,0.0,1.0,6.25,1.21,0.33,15.65625,15.625,15.09375,15.5625,1.6,8.0,15.0,0.0
11.01017,0x2B0,0.0,0.0,1.0,6.25,1.21,0.33,15.65625,15.625,15.09375,15.5625,1.4,8.0,15.0,0.0
11.01603,0x220,0.0,0.0,1.0,6.25,1.14,0.22,15.65625,15.625,15.09375,15.5625,1.4,8.0,15.0,0.0
11.01736,0x316,0.0,0.0,1.0,6.25,1.14,0.22,15.65625,15.625,15.09375,15.5625,1.4,8.0,15.0,0.0
11.02021,0x2B0,0.0,0.0,1.0,6.25,1.14,0.22,15.65625,15.625,15.09375,15.5625,1.4,8.0,15.0,0.0
11.02603,0x220,0.0,0.0,1.0,6.25,1.07,0.22,15.65625,15.625,15.09375,15.5625,1.4,8.0,15.0,0.0
11.02627,0x386,0.0,0.0,1.0,6.25,1.07,0.22,15.71875,15.625,15.15625,15.53125,1.4,8.0,15.0,0.0
11.02772,0x316,0.0,0.0,1.0,6.25,1.07,0.22,15.71875,15.625,15.15625,15.53125,1.4,8.0,15.0,0.0
11.03019,0x2B0,0.0,0.0,1.0,6.25,1.07,0.22,15.71875,15.625,15.15625,15.53125,1.4,0.0,15.0,0.0
11.03603,0x220,0.0,0.0,1.0,6.25,1.11,0.39,15.71875,15.625,15.15625,15.53125,1.4,0.0,15.0,0.0
11.03732,0x316,0.0,0.0,1.0,6.25,1.11,0.39,15.71875,15.625,15.15625,15.53125,1.4,0.0,15.0,0.0
11.04019,0x2B0,0.0,0.0,1.0,6.25,1.11,0.39,15.71875,15.625,15.15625,15.53125,1.2,8.0,15.0,0.0
11.04603,0x220,0.0,0.0,1.0,6.25,1.36,0.55,15.71875,15.625,15.15625,15.53125,1.2,8.0,15.0,0.0
11.04626,0x386,0.0,0.0,1.0,6.25,1.36,0.55,15.65625,15.5625,15.28125,15.53125,1.2,8.0,15.0,0.0
11.0477,0x316,0.0,0.0,1.0,6.25,1.36,0.55,15.65625,15.5625,15.28125,15.53125,1.2,8.0,15.0,0.0
11.05021,0x2B0,0.0,0.0,1.0,6.25,1.36,0.55,15.65625,15.5625,15.28125,15.53125,1.2,8.0,15.0,0.0
11.05603,0x220,0.0,0.0,1.0,6.25,1.71,0.5,15.65625,15.5625,15.28125,15.53125,1.2,8.0,15.0,0.0
11.05762,0x316,0.0,0.0,1.0,6.25,1.71,0.5,15.65625,15.5625,15.28125,15.53125,1.2,8.0,15.0,0.0
11.06019,0x2B0,0.0,0.0,1.0,6.25,1.71,0.5,15.65625,15.5625,15.28125,15.53125,1.1,0.0,15.0,0.0
11.06604,0x220,0.0,0.0,1.0,6.25,2.03,0.24,15.65625,15.5625,15.28125,15.53125,1.1,0.0,15.0,0.0
11.06627,0x386,0.0,0.0,1.0,6.25,2.03,0.24,15.65625,15.71875,15.34375,15.59375,1.1,0.0,15.0,0.0
11.06771,0x316,0.0,0.0,1.0,6.25,2.03,0.24,15.65625,15.71875,15.34375,15.59375,1.1,0.0,15.0,0.0
11.07019,0x2B0,0.0,0.0,1.0,6.25,2.03,0.24,15.65625,15.71875,15.34375,15.59375,1.1,0.0,15.0,0.0
11.07603,0x220,0.0,0.0,1.0,6.25,2.2,0.05,15.65625,15.71875,15.34375,15.59375,1.1,0.0,15.0,0.0
11.07787,0x316,0.0,0.0,1.0,6.25,2.2,0.05,15.65625,15.71875,15.34375,15.59375,1.1,0.0,15.0,0.0
11.0802,0x2B0,0.0,0.0,1.0,6.25,2.2,0.05,15.65625,15.71875,15.34375,15.59375,1.0,0.0,15.0,0.0
11.08603,0x220,0.0,0.0,1.0,6.25,2.27,0.05,15.65625,15.71875,15.34375,15.59375,1.0,0.0,15.0,0.0
11.08627,0x386,0.0,0.0,1.0,6.25,2.27,0.05,15.59375,15.71875,15.28125,15.53125,1.0,0.0,15.0,0.0
11.08771,0x316,0.0,0.0,1.0,6.25,2.27,0.05,15.59375,15.71875,15.28125,15.53125,1.0,0.0,15.0,0.0
11.09023,0x2B0,0.0,0.0,1.0,6.25,2.27,0.05,15.59375,15.71875,15.28125,15.53125,1.0,0.0,15.0,0.0
11.09611,0x220,0.0,0.0,1.0,6.25,2.27,0.07,15.59375,15.71875,15.28125,15.53125,1.0,0.0,15.0,0.0
11.09764,0x316,0.0,0.0,1.0,6.25,2.27,0.07,15.59375,15.71875,15.28125,15.53125,1.0,0.0,12.0,0.0
11.10019,0x2B0,0.0,0.0,1.0,6.25,2.27,0.07,15.59375,15.71875,15.28125,15.53125,1.0,0.0,12.0,0.0
11.10603,0x220,0.0,0.0,1.0,6.25,2.23,0.0,15.59375,15.71875,15.28125,15.53125,1.0,0.0,12.0,0.0
11.10627,0x386,0.0,0.0,1.0,6.25,2.23,0.0,15.625,15.75,15.40625,15.34375,1.0,0.0,12.0,0.0
11.10771,0x316,0.0,0.0,1.0,6.25,2.23,0.0,15.625,15.75,15.40625,15.34375,1.0,0.0,12.0,0.0
11.11018,0x2B0,0.0,0.0,1.0,6.25,2.23,0.0,15.625,15.75,15.40625,15.34375,1.0,0.0,12.0,0.0
11.11603,0x220,0.0,0.0,1.0,6.25,2.25,-0.16,15.625,15.75,15.40625,15.34375,1.0,0.0,12.0,0.0
11.11731,0x316,0.0,0.0,1.0,6.25,2.25,-0.16,15.625,15.75,15.40625,15.34375,1.0,0.0,10.0,0.0
11.12018,0x2B0,0.0,0.0,1.0,6.25,2.25,-0.16,15.625,15.75,15.40625,15.34375,0.9,0.0,10.0,0.0
11.12604,0x220,0.0,0.0,1.0,6.25,2.32,-0.22,15.625,15.75,15.40625,15.34375,0.9,0.0,10.0,0.0
11.12628,0x386,0.0,0.0,1.0,6.25,2.32,-0.22,15.59375,15.75,15.46875,15.28125,0.9,0.0,10.0,0.0
11.12771,0x316,0.0,0.0,1.0,6.25,2.32,-0.22,15.59375,15.75,15.46875,15.28125,0.9,0.0,7.0,0.0
11.13014,0x2B0,0.0,0.0,1.0,6.25,2.32,-0.22,15.59375,15.75,15.46875,15.28125,0.9,0.0,7.0,0.0
11.13603,0x220,0.0,0.0,1.0,6.25,2.44,-0.24,15.59375,15.75,15.46875,15.28125,0.9,0.0,7.0,0.0
11.13737,0x316,0.0,0.0,1.0,6.25,2.44,-0.24,15.59375,15.75,15.46875,15.28125,0.9,0.0,7.0,0.0
11.14013,0x2B0,0.0,0.0,1.0,6.25,2.44,-0.24,15.59375,15.75,15.46875,15.28125,0.9,0.0,7.0,0.0
11.14603,0x220,0.0,0.0,1.0,6.25,2.57,-0.35,15.59375,15.75,15.46875,15.28125,0.9,0.0,7.0,0.0
11.14626,0x386,0.0,0.0,1.0,6.25,2.57,-0.35,15.5625,15.6875,15.4375,15.28125,0.9,0.0,7.0,0.0
11.1477,0x316,0.0,0.0,1.0,6.25,2.57,-0.35,15.5625,15.6875,15.4375,15.28125,0.9,0.0,5.0,0.0
11.15014,0x2B0,0.0,0.0,1.0,6.25,2.57,-0.35,15.5625,15.6875,15.4375,15.28125,0.9,0.0,5.0,0.0
11.15603,0x220,0.0,0.0,1.0,6.25,2.61,-0.52,15.5625,15.6875,15.4375,15.28125,0.9,0.0,5.0,0.0
11.15732,0x316,0.0,0.0,1.0,6.25,2.61,-0.52,15.5625,15.6875,15.4375,15.28125,0.9,0.0,2.0,0.0
11.16013,0x2B0,0.0,0.0,1.0,6.25,2.61,-0.52,15.5625,15.6875,15.4375,15.28125,0.9,0.0,2.0,0.0
11.16603,0x220,0.0,0.0,1.0,6.25,2.5,-0.65,15.5625,15.6875,15.4375,15.28125,0.9,0.0,2.0,0.0
11.16627,0x386,0.0,0.0,1.0,6.25,2.5,-0.65,15.53125,15.65625,15.46875,15.53125,0.9,0.0,2.0,0.0
11.16771,0x316,0.0,0.0,1.0,6.25,2.5,-0.65,15.53125,15.65625,15.46875,15.53125,0.9,0.0,0.0,0.0
11.17014,0x2B0,0.0,0.0,1.0,6.25,2.5,-0.65,15.53125,15.65625,15.46875,15.53125,0.9,0.0,0.0,0.0
11.17604,0x220,0.0,0.0,1.0,6.25,2.26,-0.65,15.53125,15.65625,15.46875,15.53125,0.9,0.0,0.0,0.0
11.17791,0x316,0.0,0.0,1.0,6.25,2.26,-0.65,15.53125,15.65625,15.46875,15.53125,0.9,0.0,0.0,0.0
11.18016,0x2B0,0.0,0.0,1.0,6.25,2.26,-0.65,15.53125,15.65625,15.46875,15.53125,0.9,0.0,0.0,0.0
11.18604,0x220,0.0,0.0,1.0,6.25,1.97,-0.56,15.53125,15.65625,15.46875,15.53125,0.9,0.0,0.0,0.0
11.18627,0x386,0.0,0.0,1.0,6.25,1.97,-0.56,15.53125,15.625,15.53125,15.5625,0.9,0.0,0.0,0.0
11.18771,0x316,0.0,0.0,1.0,6.25,1.97,-0.56,15.53125,15.625,15.53125,15.5625,0.9,0.0,0.0,0.0
11.19016,0x2B0,0.0,0.0,1.0,6.25,1.97,-0.56,15.53125,15.625,15.53125,15.5625,0.9,0.0,0.0,0.0
11.19609,0x220,0.0,0.0,1.0,6.25,1.69,-0.47,15.53125,15.625,15.53125,15.5625,0.9,0.0,0.0,0.0
11.19767,0x316,0.0,0.0,1.0,6.25,1.69,-0.47,15.53125,15.625,15.53125,15.5625,0.9,0.0,0.0,0.0
11.20017,0x2B0,0.0,0.0,1.0,6.25,1.69,-0.47,15.53125,15.625,15.53125,15.5625,0.9,0.0,0.0,0.0
11.20603,0x220,0.0,0.0,1.0,6.25,1.46,-0.38,15.53125,15.625,15.53125,15.5625,0.9,0.0,0.0,0.0
11.20627,0x386,0.0,0.0,1.0,6.25,1.46,-0.38,15.59375,15.59375,15.625,15.53125,0.9,0.0,0.0,0.0
11.20771,0x316,0.0,0.0,1.0,6.25,1.46,-0.38,15.59375,15.59375,15.625,15.53125,0.9,0.0,0.0,0.0
11.21016,0x2B0,0.0,0.0,1.0,6.25,1.46,-0.38,15.59375,15.59375,15.625,15.53125,0.9,0.0,0.0,0.0
11.21604,0x220,0.0,0.0,1.0,6.25,1.26,-0.24,15.59375,15.59375,15.625,15.53125,0.9,0.0,0.0,0.0
11.21737,0x316,0.0,0.0,1.0,6.25,1.26,-0.24,15.59375,15.59375,15.625,15.53125,0.9,0.0,0.0,0.0
11.22016,0x2B0,0.0,0.0,1.0,6.25,1.26,-0.24,15.59375,15.59375,15.625,15.53125,0.9,0.0,0.0,0.0
11.22604,0x220,0.0,0.0,1.0,6.25,1.09,-0.08,15.59375,15.59375,15.625,15.53125,0.9,0.0,0.0,0.0
11.22628,0x386,0.0,0.0,1.0,6.25,1.09,-0.08,15.65625,15.5625,15.46875,15.59375,0.9,0.0,0.0,0.0
11.22772,0x316,0.0,0.0,1.0,6.25,1.09,-0.08,15.65625,15.5625,15.46875,15.59375,0.9,0.0,0.0,0.0
11.23016,0x2B0,0.0,0.0,1.0,6.25,1.09,-0.08,15.65625,15.5625,15.46875,15.59375,0.9,0.0,0.0,0.0
11.23604,0x220,0.0,0.0,1.0,6.25,0.95,0.0,15.65625,15.5625,15.46875,15.59375,0.9,0.0,0.0,0.0
11.23732,0x316,0.0,0.0,1.0,6.25,0.95,0.0,15.65625,15.5625,15.46875,15.59375,0.9,0.0,0.0,0.0
11.24016,0x2B0,0.0,0.0,1.0,6.25,0.95,0.0,15.65625,15.5625,15.46875,15.59375,0.9,0.0,0.0,0.0
11.24604,0x220,0.0,0.0,1.0,6.25,0.81,0.09,15.65625,15.5625,15.46875,15.59375,0.9,0.0,0.0,0.0
11.24627,0x386,0.0,0.0,1.0,6.25,0.81,0.09,15.6875,15.6875,15.4375,15.5,0.9,0.0,0.0,0.0
11.24748,0x316,0.0,0.0,1.0,6.25,0.81,0.09,15.6875,15.6875,15.4375,15.5,0.9,0.0,0.0,0.0
11.25016,0x2B0,0.0,0.0,1.0,6.25,0.81,0.09,15.6875,15.6875,15.4375,15.5,0.9,0.0,0.0,0.0
11.25604,0x220,0.0,0.0,1.0,6.25,0.72,0.19,15.6875,15.6875,15.4375,15.5,0.9,0.0,0.0,0.0
11.25741,0x316,0.0,0.0,1.0,6.25,0.72,0.19,15.6875,15.6875,15.4375,15.5,0.9,0.0,0.0,0.0
11.26016,0x2B0,0.0,0.0,1.0,6.25,0.72,0.19,15.6875,15.6875,15.4375,15.5,0.9,0.0,0.0,0.0
11.26604,0x220,0.0,0.0,1.0,6.25,0.64,0.27,15.6875,15.6875,15.4375,15.5,0.9,0.0,0.0,0.0
11.26628,0x386,0.0,0.0,1.0,6.25,0.64,0.27,15.8125,15.78125,15.46875,15.5625,0.9,0.0,0.0,0.0
11.26772,0x316,0.0,0.0,1.0,6.25,0.64,0.27,15.8125,15.78125,15.46875,15.5625,0.9,0.0,0.0,0.0
11.27016,0x2B0,0.0,0.0,1.0,6.25,0.64,0.27,15.8125,15.78125,15.46875,15.5625,0.9,0.0,0.0,0.0
11.27604,0x220,0.0,0.0,1.0,6.25,0.59,0.31,15.8125,15.78125,15.46875,15.5625,0.9,0.0,0.0,0.0
11.27773,0x316,0.0,0.0,1.0,6.25,0.59,0.31,15.8125,15.78125,15.46875,15.5625,0.9,0.0,0.0,0.0
11.28015,0x2B0,0.0,0.0,1.0,6.25,0.59,0.31,15.8125,15.78125,15.46875,15.5625,0.9,0.0,0.0,0.0
11.28604,0x220,0.0,0.0,1.0,6.25,0.57,0.38,15.8125,15.78125,15.46875,15.5625,0.9,0.0,0.0,0.0
11.28628,0x386,0.0,0.0,1.0,6.25,0.57,0.38,15.59375,15.78125,15.34375,15.5625,0.9,0.0,0.0,0.0
11.28747,0x316,0.0,0.0,1.0,6.25,0.57,0.38,15.59375,15.78125,15.34375,15.5625,0.9,0.0,0.0,0.0
11.29012,0x2B0,0.0,0.0,1.0,6.25,0.57,0.38,15.59375,15.78125,15.34375,15.5625,0.9,0.0,0.0,0.0
11.29613,0x220,0.0,0.0,1.0,6.25,0.63,0.53,15.59375,15.78125,15.34375,15.5625,0.9,0.0,0.0,0.0
11.29773,0x316,0.0,0.0,1.0,6.25,0.63,0.53,15.59375,15.78125,15.34375,15.5625,0.9,0.0,0.0,0.0
11.30019,0x2B0,0.0,0.0,1.0,6.25,0.63,0.53,15.59375,15.78125,15.34375,15.5625,0.9,0.0,0.0,0.0
11.30603,0x220,0.0,0.0,1.0,6.25,0.75,0.68,15.59375,15.78125,15.34375,15.5625,0.9,0.0,0.0,0.0
11.30627,0x386,0.0,0.0,1.0,6.25,0.75,0.68,15.8125,15.75,15.28125,15.34375,0.9,0.0,0.0,0.0
11.30748,0x316,0.0,0.0,1.0,6.25,0.75,0.68,15.8125,15.75,15.28125,15.34375,0.9,0.0,0.0,0.0
11.31018,0x2B0,0.0,0.0,1.0,6.25,0.75,0.68,15.8125,15.75,15.28125,15.34375,0.9,0.0,0.0,0.0
11.31603,0x220,0.0,0.0,1.0,6.25,0.92,0.75,15.8125,15.75,15.28125,15.34375,0.9,0.0,0.0,0.0
11.31729,0x316,0.0,0.0,1.0,6.25,0.92,0.75,15.8125,15.75,15.28125,15.34375,0.9,0.0,0.0,0.0
11.32019,0x2B0,0.0,0.0,1.0,6.25,0.92,0.75,15.8125,15.75,15.28125,15.34375,0.8,0.0,0.0,0.0
11.32604,0x220,0.0,0.0,1.0,6.25,1.11,0.71,15.8125,15.75,15.28125,15.34375,0.8,0.0,0.0,0.0
11.32628,0x386,0.0,0.0,1.0,6.25,1.11,0.71,15.78125,15.78125,15.0625,15.4375,0.8,0.0,0.0,0.0
11.32748,0x316,0.0,0.0,1.0,6.25,1.11,0.71,15.78125,15.78125,15.0625,15.4375,0.8,0.0,0.0,0.0
11.33022,0x2B0,0.0,0.0,1.0,6.25,1.11,0.71,15.78125,15.78125,15.0625,15.4375,0.8,0.0,0.0,0.0
11.33605,0x220,0.0,0.0,1.0,6.25,1.23,0.64,15.78125,15.78125,15.0625,15.4375,0.8,0.0,0.0,0.0
11.3373,0x316,0.0,0.0,1.0,6.25,1.23,0.64,15.78125,15.78125,15.0625,15.4375,0.8,0.0,0.0,0.0
11.34018,0x2B0,0.0,0.0,1.0,6.25,1.23,0.64,15.78125,15.78125,15.0625,15.4375,0.8,0.0,0.0,0.0
11.34604,0x220,0.0,0.0,1.0,6.25,1.26,0.61,15.78125,15.78125,15.0625,15.4375,0.8,0.0,0.0,0.0
11.34628,0x386,0.0,0.0,1.0,6.25,1.26,0.61,15.65625,15.65625,15.125,15.34375,0.8,0.0,0.0,0.0
11.34747,0x316,0.0,0.0,1.0,6.25,1.26,0.61,15.65625,15.65625,15.125,15.34375,0.8,0.0,0.0,0.0
11.35016,0x2B0,0.0,0.0,1.0,6.25,1.26,0.61,15.65625,15.65625,15.125,15.34375,0.8,0.0,0.0,0.0
11.35605,0x220,0.0,0.0,1.0,6.25,1.26,0.63,15.65625,15.65625,15.125,15.34375,0.8,0.0,0.0,0.0
11.35733,0x316,0.0,0.0,1.0,6.25,1.26,0.63,15.65625,15.65625,15.125,15.34375,0.8,0.0,0.0,0.0
11.36018,0x2B0,0.0,0.0,1.0,6.25,1.26,0.63,15.65625,15.65625,15.125,15.34375,0.7,0.0,0.0,0.0
11.36604,0x220,0.0,0.0,1.0,6.25,1.29,0.59,15.65625,15.65625,15.125,15.34375,0.7,0.0,0.0,0.0
11.36628,0x386,0.0,0.0,1.0,6.25,1.29,0.59,15.84375,15.53125,15.09375,15.28125,0.7,0.0,0.0,0.0
11.36775,0x316,0.0,0.0,1.0,6.25,1.29,0.59,15.84375,15.53125,15.09375,15.28125,0.7,0.0,0.0,0.0
11.37013,0x2B0,0.0,0.0,1.0,6.25,1.29,0.59,15.84375,15.53125,15.09375,15.28125,0.7,0.0,0.0,0.0
11.37604,0x220,0.0,0.0,1.0,6.25,1.36,0.49,15.84375,15.53125,15.09375,15.28125,0.7,0.0,0.0,0.0
11.37776,0x316,0.0,0.0,1.0,6.25,1.36,0.49,15.84375,15.53125,15.09375,15.28125,0.7,0.0,0.0,0.0
11.38013,0x2B0,0.0,0.0,1.0,6.25,1.36,0.49,15.84375,15.53125,15.09375,15.28125,0.7,0.0,0.0,0.0
11.38604,0x220,0.0,0.0,1.0,6.25,1.5,0.38,15.84375,15.53125,15.09375,15.28125,0.7,0.0,0.0,0.0
11.38627,0x386,0.0,0.0,1.0,6.25,1.5,0.38,15.53125,15.6875,15.21875,15.40625,0.7,0.0,0.0,0.0
11.38748,0x316,0.0,0.0,1.0,6.25,1.5,0.38,15.53125,15.6875,15.21875,15.40625,0.7,0.0,0.0,0.0
11.39012,0x2B0,0.0,0.0,1.0,6.25,1.5,0.38,15.53125,15.6875,15.21875,15.40625,0.7,0.0,0.0,0.0
11.39618,0x220,0.0,0.0,1.0,6.25,1.69,0.31,15.53125,15.6875,15.21875,15.40625,0.7,0.0,0.0,0.0
11.39745,0x316,0.0,0.0,1.0,6.25,1.69,0.31,15.53125,15.6875,15.21875,15.40625,0.7,0.0,0.0,0.0
11.40013,0x2B0,0.0,0.0,1.0,6.25,1.69,0.31,15.53125,15.6875,15.21875,15.40625,0.7,0.0,0.0,0.0
11.40604,0x220,0.0,0.0,1.0,6.25,1.87,0.3,15.53125,15.6875,15.21875,15.40625,0.7,0.0,0.0,0.0
11.40627,0x386,0.0,0.0,1.0,6.25,1.87,0.3,15.0,14.9375,15.21875,15.4375,0.7,0.0,0.0,0.0
11.40748,0x316,0.0,0.0,1.0,6.25,1.87,0.3,15.0,14.9375,15.21875,15.4375,0.7,0.0,0.0,0.0
11.41012,0x2B0,0.0,0.0,1.0,6.25,1.87,0.3,15.0,14.9375,15.21875,15.4375,0.7,0.0,0.0,0.0
11.41604,0x220,0.0,0.0,1.0,6.25,2.03,0.29,15.0,14.9375,15.21875,15.4375,0.7,0.0,0.0,0.0
11.41731,0x316,0.0,0.0,1.0,6.25,2.03,0.29,15.0,14.9375,15.21875,15.4375,0.7,0.0,0.0,0.0
11.42013,0x2B0,0.0,0.0,1.0,6.25,2.03,0.29,15.0,14.9375,15.21875,15.4375,0.7,0.0,0.0,0.0
11.42605,0x220,0.0,0.0,1.0,6.25,2.14,0.18,15.0,14.9375,15.21875,15.4375,0.7,0.0,0.0,0.0
11.42628,0x386,0.0,0.0,1.0,6.25,2.14,0.18,15.59375,15.59375,15.28125,15.3125,0.7,0.0,0.0,0.0
11.42748,0x316,0.0,0.0,1.0,6.25,2.14,0.18,15.59375,15.59375,15.28125,15.3125,0.7,0.0,0.0,0.0
11.43013,0x2B0,0.0,0.0,1.0,6.25,2.14,0.18,15.59375,15.59375,15.28125,15.3125,0.7,0.0,0.0,0.0
11.43605,0x220,0.0,0.0,1.0,6.25,2.13,0.02,15.59375,15.59375,15.28125,15.3125,0.7,0.0,0.0,0.0
11.43735,0x316,0.0,0.0,1.0,6.25,2.13,0.02,15.59375,15.59375,15.28125,15.3125,0.7,0.0,0.0,0.0
11.44013,0x2B0,0.0,0.0,1.0,6.25,2.13,0.02,15.59375,15.59375,15.28125,15.3125,0.7,0.0,0.0,0.0
11.44604,0x220,0.0,0.0,1.0,6.25,2.03,-0.05,15.59375,15.59375,15.28125,15.3125,0.7,0.0,0.0,0.0
11.44628,0x386,0.0,0.0,1.0,6.25,2.03,-0.05,15.53125,15.5,15.34375,15.40625,0.7,0.0,0.0,0.0
11.44748,0x316,0.0,0.0,1.0,6.25,2.03,-0.05,15.53125,15.5,15.34375,15.40625,0.7,0.0,0.0,0.0
11.45013,0x2B0,0.0,0.0,1.0,6.25,2.03,-0.05,15.53125,15.5,15.34375,15.40625,0.7,0.0,0.0,0.0
11.45604,0x220,0.0,0.0,1.0,6.25,1.89,-0.07,15.53125,15.5,15.34375,15.40625,0.7,0.0,0.0,0.0
11.4573,0x316,0.0,0.0,1.0,6.25,1.89,-0.07,15.53125,15.5,15.34375,15.40625,0.7,0.0,0.0,0.0
11.46013,0x2B0,0.0,0.0,1.0,6.25,1.89,-0.07,15.53125,15.5,15.34375,15.40625,0.7,0.0,0.0,0.0
11.46604,0x220,0.0,0.0,1.0,6.25,1.8,-0.05,15.53125,15.5,15.34375,15.40625,0.7,0.0,0.0,0.0
11.46628,0x386,0.0,0.0,1.0,6.25,1.8,-0.05,15.5,15.53125,15.28125,15.34375,0.7,0.0,0.0,0.0
11.46777,0x316,0.0,0.0,1.0,6.25,1.8,-0.05,15.5,15.53125,15.28125,15.34375,0.7,0.0,0.0,0.0
11.47012,0x2B0,0.0,0.0,1.0,6.25,1.8,-0.05,15.5,15.53125,15.28125,15.34375,0.7,0.0,0.0,0.0
11.47604,0x220,0.0,0.0,1.0,6.25,1.8,-0.08,15.5,15.53125,15.28125,15.34375,0.7,0.0,0.0,0.0
11.47778,0x316,0.0,0.0,1.0,6.25,1.8,-0.08,15.5,15.53125,15.28125,15.34375,0.7,0.0,0.0,0.0
11.48012,0x2B0,0.0,0.0,1.0,6.25,1.8,-0.08,15.5,15.53125,15.28125,15.34375,0.7,0.0,0.0,0.0
11.48604,0x220,0.0,0.0,1.0,6.25,1.8,-0.17,15.5,15.53125,15.28125,15.34375,0.7,0.0,0.0,0.0
11.48628,0x386,0.0,0.0,1.0,6.25,1.8,-0.17,15.4375,15.5,15.25,15.375,0.7,0.0,0.0,0.0
11.48748,0x316,0.0,0.0,1.0,6.25,1.8,-0.17,15.4375,15.5,15.25,15.375,0.7,0.0,0.0,0.0
11.49012,0x2B0,0.0,0.0,1.0,6.25,1.8,-0.17,15.4375,15.5,15.25,15.375,0.7,0.0,0.0,0.0
11.49623,0x220,0.0,0.0,1.0,6.25,1.78,-0.24,15.4375,15.5,15.25,15.375,0.7,0.0,0.0,0.0
11.49743,0x316,0.0,0.0,1.0,6.25,1.78,-0.24,15.4375,15.5,15.25,15.375,0.7,0.0,2.0,0.0
11.50013,0x2B0,0.0,0.0,1.0,6.25,1.78,-0.24,15.4375,15.5,15.25,15.375,0.7,0.0,2.0,0.0
11.50604,0x220,0.0,0.0,1.0,6.25,1.71,-0.19,15.4375,15.5,15.25,15.375,0.7,0.0,2.0,0.0
11.50627,0x386,0.0,0.0,1.0,6.25,1.71,-0.19,15.5,15.46875,15.25,15.46875,0.7,0.0,2.0,0.0
11.50747,0x316,0.0,0.0,1.0,6.25,1.71,-0.19,15.5,15.46875,15.25,15.46875,0.7,0.0,2.0,0.0
11.51012,0x2B0,0.0,0.0,1.0,6.25,1.71,-0.19,15.5,15.46875,15.25,15.46875,0.7,0.0,2.0,0.0
11.51604,0x220,0.0,0.0,1.0,6.25,1.66,-0.06,15.5,15.46875,15.25,15.46875,0.7,0.0,2.0,0.0
11.51736,0x316,0.0,0.0,1.0,6.25,1.66,-0.06,15.5,15.46875,15.25,15.46875,0.7,0.0,2.0,0.0
11.52012,0x2B0,0.0,0.0,1.0,6.25,1.66,-0.06,15.5,15.46875,15.25,15.46875,0.7,0.0,2.0,0.0
11.52605,0x220,0.0,0.0,1.0,6.25,1.6,-0.03,15.5,15.46875,15.25,15.46875,0.7,0.0,2.0,0.0
11.52629,0x386,0.0,0.0,1.0,6.25,1.6,-0.03,15.46875,15.53125,15.34375,15.5,0.7,0.0,2.0,0.0
11.5275,0x316,0.0,0.0,1.0,6.25,1.6,-0.03,15.46875,15.53125,15.34375,15.5,0.7,0.0,2.0,0.0
11.53012,0x2B0,0.0,0.0,1.0,6.25,1.6,-0.03,15.46875,15.53125,15.34375,15.5,0.7,0.0,2.0,0.0
11.53605,0x220,0.0,0.0,1.0,6.25,1.52,-0.06,15.46875,15.53125,15.34375,15.5,0.7,0.0,2.0,0.0
11.53728,0x316,0.0,0.0,1.0,6.25,1.52,-0.06,15.46875,15.53125,15.34375,15.5,0.7,0.0,2.0,0.0
11.54011,0x2B0,0.0,0.0,1.0,6.25,1.52,-0.06,15.46875,15.53125,15.34375,15.5,0.7,0.0,2.0,0.0
11.54604,0x220,0.0,0.0,1.0,6.25,1.44,-0.03,15.46875,15.53125,15.34375,15.5,0.7,0.0,2.0,0.0
11.54628,0x386,0.0,0.0,1.0,6.25,1.44,-0.03,15.53125,15.53125,15.46875,15.375,0.7,0.0,2.0,0.0
11.54748,0x316,0.0,0.0,1.0,6.25,1.44,-0.03,15.53125,15.53125,15.46875,15.375,0.7,0.0,2.0,0.0
11.55011,0x2B0,0.0,0.0,1.0,6.25,1.44,-0.03,15.53125,15.53125,15.46875,15.375,0.7,0.0,2.0,0.0
11.55605,0x220,0.0,0.0,1.0,6.25,1.33,0.04,15.53125,15.53125,15.46875,15.375,0.7,0.0,2.0,0.0
11.55738,0x316,0.0,0.0,1.0,6.25,1.33,0.04,15.53125,15.53125,15.46875,15.375,0.7,0.0,2.0,0.0
11.56012,0x2B0,0.0,0.0,1.0,6.25,1.33,0.04,15.53125,15.53125,15.46875,15.375,0.7,0.0,2.0,0.0
11.56605,0x220,0.0,0.0,1.0,6.25,1.29,0.08,15.53125,15.53125,15.46875,15.375,0.7,0.0,2.0,0.0
11.56628,0x386,0.0,0.0,1.0,6.25,1.29,0.08,15.46875,15.5625,15.3125,15.4375,0.7,0.0,2.0,0.0
11.56758,0x316,0.0,0.0,1.0,6.25,1.29,0.08,15.46875,15.5625,15.3125,15.4375,0.7,0.0,2.0,0.0
11.57012,0x2B0,0.0,0.0,1.0,6.25,1.29,0.08,15.46875,15.5625,15.3125,15.4375,0.7,0.0,2.0,0.0
11.57605,0x220,0.0,0.0,1.0,6.25,1.33,0.04,15.46875,15.5625,15.3125,15.4375,0.7,0.0,2.0,0.0
11.57749,0x316,0.0,0.0,1.0,6.25,1.33,0.04,15.46875,15.5625,15.3125,15.4375,0.7,0.0,2.0,0.0
11.58012,0x2B0,0.0,0.0,1.0,6.25,1.33,0.04,15.46875,15.5625,15.3125,15.4375,0.7,0.0,2.0,0.0
11.58605,0x220,0.0,0.0,1.0,6.25,1.36,0.0,15.46875,15.5625,15.3125,15.4375,0.7,0.0,2.0,0.0
11.58628,0x386,0.0,0.0,1.0,6.25,1.36,0.0,15.59375,15.5,15.3125,15.40625,0.7,0.0,2.0,0.0
11.58748,0x316,0.0,0.0,1.0,6.25,1.36,0.0,15.59375,15.5,15.3125,15.40625,0.7,0.0,2.0,0.0
11.59013,0x2B0,0.0,0.0,1.0,6.25,1.36,0.0,15.59375,15.5,15.3125,15.40625,0.7,0.0,2.0,0.0
11.59605,0x220,0.0,0.0,1.0,6.25,1.37,0.0,15.59375,15.5,15.3125,15.40625,0.7,0.0,2.0,0.0
11.59751,0x316,0.0,0.0,1.0,6.25,1.37,0.0,15.59375,15.5,15.3125,15.40625,0.7,0.0,2.0,0.0
11.60012,0x2B0,0.0,0.0,1.0,6.25,1.37,0.0,15.59375,15.5,15.3125,15.40625,0.7,0.0,2.0,0.0
11.60604,0x220,0.0,0.0,1.0,6.25,1.39,0.09,15.59375,15.5,15.3125,15.40625,0.7,0.0,2.0,0.0
11.60628,0x386,0.0,0.0,1.0,6.25,1.39,0.09,15.625,15.6875,15.3125,15.1875,0.7,0.0,2.0,0.0
11.60747,0x316,0.0,0.0,1.0,6.25,1.39,0.09,15.625,15.6875,15.3125,15.1875,0.7,0.0,2.0,0.0
11.61011,0x2B0,0.0,0.0,1.0,6.25,1.39,0.09,15.625,15.6875,15.3125,15.1875,0.7,0.0,2.0,0.0
11.61604,0x220,0.0,0.0,1.0,6.25,1.35,0.14,15.625,15.6875,15.3125,15.1875,0.7,0.0,2.0,0.0
11.61729,0x316,0.0,0.0,1.0,6.25,1.35,0.14,15.625,15.6875,15.3125,15.1875,0.7,0.0,2.0,0.0
11.62013,0x2B0,0.0,0.0,1.0,6.25,1.35,0.14,15.625,15.6875,15.3125,15.1875,0.7,0.0,2.0,0.0
11.62605,0x220,0.0,0.0,1.0,6.25,1.3,0.06,15.625,15.6875,15.3125,15.1875,0.7,0.0,2.0,0.0
11.62629,0x386,0.0,0.0,1.0,6.25,1.3,0.06,16.15625,15.71875,15.25,15.15625,0.7,0.0,2.0,0.0
11.62749,0x316,0.0,0.0,1.0,6.25,1.3,0.06,16.15625,15.71875,15.25,15.15625,0.7,0.0,2.0,0.0
11.6301,0x2B0,0.0,0.0,1.0,6.25,1.3,0.06,16.15625,15.71875,15.25,15.15625,0.7,0.0,2.0,0.0
11.63604,0x220,0.0,0.0,1.0,6.25,1.28,-0.01,16.15625,15.71875,15.25,15.15625,0.7,0.0,2.0,0.0
11.63737,0x316,0.0,0.0,1.0,6.25,1.28,-0.01,16.15625,15.71875,15.25,15.15625,0.7,0.0,2.0,0.0
11.64015,0x2B0,0.0,0.0,1.0,6.25,1.28,-0.01,16.15625,15.71875,15.25,15.15625,0.7,0.0,2.0,0.0
11.64604,0x220,0.0,0.0,1.0,6.25,1.27,-0.02,16.15625,15.71875,15.25,15.15625,0.7,0.0,2.0,0.0
11.64628,0x386,0.0,0.0,1.0,6.25,1.27,-0.02,15.5,16.15625,15.125,15.15625,0.7,0.0,2.0,0.0
11.64748,0x316,0.0,0.0,1.0,6.25,1.27,-0.02,15.5,16.15625,15.125,15.15625,0.7,0.0,2.0,0.0
11.65018,0x2B0,0.0,0.0,1.0,6.25,1.27,-0.02,15.5,16.15625,15.125,15.15625,0.7,0.0,2.0,0.0
11.65606,0x220,0.0,0.0,1.0,6.25,1.34,0.02,15.5,16.15625,15.125,15.15625,0.7,0.0,2.0,0.0
11.65732,0x316,0.0,0.0,1.0,6.25,1.34,0.02,15.5,16.15625,15.125,15.15625,0.7,0.0,2.0,0.0
11.66016,0x2B0,0.0,0.0,1.0,6.25,1.34,0.02,15.5,16.15625,15.125,15.15625,0.6,0.0,2.0,0.0
11.66605,0x220,0.0,0.0,1.0,6.25,1.49,0.06,15.5,16.15625,15.125,15.15625,0.6,0.0,2.0,0.0
11.66628,0x386,0.0,0.0,1.0,6.25,1.49,0.06,15.5,16.09375,15.25,15.25,0.6,0.0,2.0,0.0
11.66762,0x316,0.0,0.0,1.0,6.25,1.49,0.06,15.5,16.09375,15.25,15.25,0.6,0.0,2.0,0.0
11.67014,0x2B0,0.0,0.0,1.0,6.25,1.49,0.06,15.5,16.09375,15.25,15.25,0.6,0.0,2.0,0.0
11.67605,0x220,0.0,0.0,1.0,6.25,1.62,0.02,15.5,16.09375,15.25,15.25,0.6,0.0,2.0,0.0
11.6778,0x316,0.0,0.0,1.0,6.25,1.62,0.02,15.5,16.09375,15.25,15.25,0.6,0.0,2.0,0.0
11.68016,0x2B0,0.0,0.0,1.0,6.25,1.62,0.02,15.5,16.09375,15.25,15.25,0.6,0.0,2.0,0.0
11.68605,0x220,0.0,0.0,1.0,6.25,1.63,0.0,15.5,16.09375,15.25,15.25,0.6,0.0,2.0,0.0
11.68629,0x386,0.0,0.0,1.0,6.25,1.63,0.0,15.5,15.46875,15.09375,15.125,0.6,0.0,2.0,0.0
11.68749,0x316,0.0,0.0,1.0,6.25,1.63,0.0,15.5,15.46875,15.09375,15.125,0.6,0.0,2.0,0.0
11.69017,0x2B0,0.0,0.0,1.0,6.25,1.63,0.0,15.5,15.46875,15.09375,15.125,0.6,0.0,2.0,0.0
11.69605,0x220,0.0,0.0,1.0,6.25,1.59,0.03,15.5,15.46875,15.09375,15.125,0.6,0.0,2.0,0.0
11.69739,0x316,0.0,0.0,1.0,6.25,1.59,0.03,15.5,15.46875,15.09375,15.125,0.6,0.0,2.0,0.0
11.70018,0x2B0,0.0,0.0,1.0,6.25,1.59,0.03,15.5,15.46875,15.09375,15.125,0.4,8.0,2.0,0.0
11.70605,0x220,0.0,0.0,1.0,6.25,1.55,0.07,15.5,15.46875,15.09375,15.125,0.4,8.0,2.0,0.0
11.70629,0x386,0.0,0.0,1.0,6.25,1.55,0.07,15.53125,15.5625,15.03125,15.03125,0.4,8.0,2.0,0.0
11.70751,0x316,0.0,0.0,1.0,6.25,1.55,0.07,15.53125,15.5625,15.03125,15.03125,0.4,8.0,2.0,0.0
11.71012,0x2B0,0.0,0.0,1.0,6.25,1.55,0.07,15.53125,15.5625,15.03125,15.03125,0.4,8.0,2.0,0.0
11.71605,0x220,0.0,0.0,1.0,6.25,1.53,0.02,15.53125,15.5625,15.03125,15.03125,0.4,8.0,2.0,0.0
11.71735,0x316,0.0,0.0,1.0,6.25,1.53,0.02,15.53125,15.5625,15.03125,15.03125,0.4,8.0,2.0,0.0
11.72012,0x2B0,0.0,0.0,1.0,6.25,1.53,0.02,15.53125,15.5625,15.03125,15.03125,0.4,0.0,2.0,0.0
11.72606,0x220,0.0,0.0,1.0,6.25,1.52,-0.02,15.53125,15.5625,15.03125,15.03125,0.4,0.0,2.0,0.0
11.72629,0x386,0.0,0.0,1.0,6.25,1.52,-0.02,15.5,15.65625,14.84375,15.09375,0.4,0.0,2.0,0.0
11.72749,0x316,0.0,0.0,1.0,6.25,1.52,-0.02,15.5,15.65625,14.84375,15.09375,0.4,0.0,2.0,0.0
11.73019,0x2B0,0.0,0.0,1.0,6.25,1.52,-0.02,15.5,15.65625,14.84375,15.09375,0.4,0.0,2.0,0.0
11.73606,0x220,0.0,0.0,1.0,6.25,1.52,-0.03,15.5,15.65625,14.84375,15.09375,0.4,0.0,2.0,0.0
11.73733,0x316,0.0,0.0,1.0,6.25,1.52,-0.03,15.5,15.65625,14.84375,15.09375,0.4,0.0,2.0,0.0
11.74019,0x2B0,0.0,0.0,1.0,6.25,1.52,-0.03,15.5,15.65625,14.84375,15.09375,0.4,0.0,2.0,0.0
11.74605,0x220,0.0,0.0,1.0,6.25,1.56,0.0,15.5,15.65625,14.84375,15.09375,0.4,0.0,2.0,0.0
11.74628,0x386,0.0,0.0,1.0,6.25,1.56,0.0,15.46875,15.53125,15.0625,15.21875,0.4,0.0,2.0,0.0
11.74748,0x316,0.0,0.0,1.0,6.25,1.56,0.0,15.46875,15.53125,15.0625,15.21875,0.4,0.0,2.0,0.0
11.75018,0x2B0,0.0,0.0,1.0,6.25,1.56,0.0,15.46875,15.53125,15.0625,15.21875,0.4,0.0,2.0,0.0
11.75605,0x220,0.0,0.0,1.0,6.25,1.6,0.08,15.46875,15.53125,15.0625,15.21875,0.4,0.0,2.0,0.0
11.7574,0x316,0.0,0.0,1.0,6.25,1.6,0.08,15.46875,15.53125,15.0625,15.21875,0.4,0.0,2.0,0.0
11.76017,0x2B0,0.0,0.0,1.0,6.25,1.6,0.08,15.46875,15.53125,15.0625,15.21875,0.4,0.0,2.0,0.0
11.76605,0x220,0.0,0.0,1.0,6.25,1.64,0.13,15.46875,15.53125,15.0625,15.21875,0.4,0.0,2.0,0.0
11.76629,0x386,0.0,0.0,1.0,6.25,1.64,0.13,15.375,15.3125,14.96875,15.34375,0.4,0.0,2.0,0.0
11.76755,0x316,0.0,0.0,1.0,6.25,1.64,0.13,15.375,15.3125,14.96875,15.34375,0.4,0.0,2.0,0.0
11.77013,0x2B0,0.0,0.0,1.0,6.25,1.64,0.13,15.375,15.3125,14.96875,15.34375,0.3,0.0,2.0,0.0
11.77605,0x220,0.0,0.0,1.0,6.25,1.66,0.13,15.375,15.3125,14.96875,15.34375,0.3,0.0,2.0,0.0
11.77751,0x316,0.0,0.0,1.0,6.25,1.66,0.13,15.375,15.3125,14.96875,15.34375,0.3,0.0,2.0,0.0
11.7801,0x2B0,0.0,0.0,1.0,6.25,1.66,0.13,15.375,15.3125,14.96875,15.34375,0.3,0.0,2.0,0.0
11.78605,0x220,0.0,0.0,1.0,6.25,1.68,0.13,15.375,15.3125,14.96875,15.34375,0.3,0.0,2.0,0.0
11.78628,0x386,0.0,0.0,1.0,6.25,1.68,0.13,15.40625,15.5625,15.0625,15.28125,0.3,0.0,2.0,0.0
11.78748,0x316,0.0,0.0,1.0,6.25,1.68,0.13,15.40625,15.5625,15.0625,15.28125,0.3,0.0,2.0,0.0
11.79009,0x2B0,0.0,0.0,1.0,6.25,1.68,0.13,15.40625,15.5625,15.0625,15.28125,0.3,0.0,2.0,0.0
11.79605,0x220,0.0,0.0,1.0,6.25,1.69,0.16,15.40625,15.5625,15.0625,15.28125,0.3,0.0,2.0,0.0
11.79754,0x316,0.0,0.0,1.0,6.25,1.69,0.16,15.40625,15.5625,15.0625,15.28125,0.3,0.0,2.0,0.0
11.80017,0x2B0,0.0,0.0,1.0,6.25,1.69,0.16,15.40625,15.5625,15.0625,15.28125,0.3,0.0,2.0,0.0
11.80605,0x220,0.0,0.0,1.0,6.25,1.63,0.19,15.40625,15.5625,15.0625,15.28125,0.3,0.0,2.0,0.0
11.80628,0x386,0.0,0.0,1.0,6.25,1.63,0.19,15.5625,15.4375,15.03125,15.25,0.3,0.0,2.0,0.0
11.80749,0x316,0.0,0.0,1.0,6.25,1.63,0.19,15.5625,15.4375,15.03125,15.25,0.3,0.0,2.0,0.0
11.81015,0x2B0,0.0,0.0,1.0,6.25,1.63,0.19,15.5625,15.4375,15.03125,15.25,0.3,0.0,2.0,0.0
11.81606,0x220,0.0,0.0,1.0,6.25,1.48,0.18,15.5625,15.4375,15.03125,15.25,0.3,0.0,2.0,0.0
11.81736,0x316,0.0,0.0,1.0,6.25,1.48,0.18,15.5625,15.4375,15.03125,15.25,0.3,0.0,2.0,0.0
11.82018,0x2B0,0.0,0.0,1.0,6.25,1.48,0.18,15.5625,15.4375,15.03125,15.25,0.3,0.0,2.0,0.0
11.82606,0x220,0.0,0.0,1.0,6.25,1.32,0.18,15.5625,15.4375,15.03125,15.25,0.3,0.0,2.0,0.0
11.82629,0x386,0.0,0.0,1.0,6.25,1.32,0.18,15.4375,15.34375,15.125,15.1875,0.3,0.0,2.0,0.0
11.82749,0x316,0.0,0.0,1.0,6.25,1.32,0.18,15.4375,15.34375,15.125,15.1875,0.3,0.0,2.0,0.0
11.83016,0x2B0,0.0,0.0,1.0,6.25,1.32,0.18,15.4375,15.34375,15.125,15.1875,0.2,0.0,2.0,0.0
11.83605,0x220,0.0,0.0,1.0,6.25,1.25,0.16,15.4375,15.34375,15.125,15.1875,0.2,0.0,2.0,0.0
11.83743,0x316,0.0,0.0,1.0,6.25,1.25,0.16,15.4375,15.34375,15.125,15.1875,0.2,0.0,2.0,0.0
11.84019,0x2B0,0.0,0.0,1.0,6.25,1.25,0.16,15.4375,15.34375,15.125,15.1875,0.2,0.0,2.0,0.0
11.84605,0x220,0.0,0.0,1.0,6.25,1.23,0.1,15.4375,15.34375,15.125,15.1875,0.2,0.0,2.0,0.0
11.84629,0x386,0.0,0.0,1.0,6.25,1.23,0.1,15.4375,15.40625,14.96875,15.1875,0.2,0.0,2.0,0.0
11.84749,0x316,0.0,0.0,1.0,6.25,1.23,0.1,15.4375,15.40625,14.96875,15.1875,0.2,0.0,2.0,0.0
11.85016,0x2B0,0.0,0.0,1.0,6.25,1.23,0.1,15.4375,15.40625,14.96875,15.1875,0.2,0.0,2.0,0.0
11.85606,0x220,0.0,0.0,1.0,6.25,1.26,0.1,15.4375,15.40625,14.96875,15.1875,0.2,0.0,2.0,0.0
11.85737,0x316,0.0,0.0,1.0,6.25,1.26,0.1,15.4375,15.40625,14.96875,15.1875,0.2,0.0,2.0,0.0
11.86014,0x2B0,0.0,0.0,1.0,6.25,1.26,0.1,15.4375,15.40625,14.96875,15.1875,0.1,0.0,2.0,0.0
11.86605,0x220,0.0,0.0,1.0,6.25,1.36,0.2,15.4375,15.40625,14.96875,15.1875,0.1,0.0,2.0,0.0
11.86629,0x386,0.0,0.0,1.0,6.25,1.36,0.2,15.4375,15.34375,15.0,15.125,0.1,0.0,2.0,0.0
11.86757,0x316,0.0,0.0,1.0,6.25,1.36,0.2,15.4375,15.34375,15.0,15.125,0.1,0.0,2.0,0.0
11.87013,0x2B0,0.0,0.0,1.0,6.25,1.36,0.2,15.4375,15.34375,15.0,15.125,0.1,0.0,2.0,0.0
11.87606,0x220,0.0,0.0,1.0,6.25,1.48,0.26,15.4375,15.34375,15.0,15.125,0.1,0.0,2.0,0.0
11.87784,0x316,0.0,0.0,1.0,6.25,1.48,0.26,15.4375,15.34375,15.0,15.125,0.1,0.0,2.0,0.0
11.88011,0x2B0,0.0,0.0,1.0,6.25,1.48,0.26,15.4375,15.34375,15.0,15.125,0.0,0.0,2.0,0.0
11.88606,0x220,0.0,0.0,1.0,6.25,1.57,0.23,15.4375,15.34375,15.0,15.125,0.0,0.0,2.0,0.0
11.88629,0x386,0.0,0.0,1.0,6.25,1.57,0.23,15.40625,15.40625,15.0625,15.125,0.0,0.0,2.0,0.0
11.88749,0x316,0.0,0.0,1.0,6.25,1.57,0.23,15.40625,15.40625,15.0625,15.125,0.0,0.0,2.0,0.0
11.89012,0x2B0,0.0,0.0,1.0,6.25,1.57,0.23,15.40625,15.40625,15.0625,15.125,0.0,0.0,2.0,0.0
11.89606,0x220,0.0,0.0,1.0,6.25,1.54,0.15,15.40625,15.40625,15.0625,15.125,0.0,0.0,2.0,0.0
11.89744,0x316,0.0,0.0,1.0,6.25,1.54,0.15,15.40625,15.40625,15.0625,15.125,0.0,0.0,2.0,0.0
11.90012,0x2B0,0.0,0.0,1.0,6.25,1.54,0.15,15.40625,15.40625,15.0625,15.125,0.0,0.0,2.0,0.0
11.90605,0x220,0.0,0.0,1.0,6.25,1.43,0.13,15.40625,15.40625,15.0625,15.125,0.0,0.0,2.0,0.0
11.90629,0x386,0.0,0.0,1.0,6.25,1.43,0.13,15.4375,15.40625,15.09375,15.1875,0.0,0.0,2.0,0.0
11.90749,0x316,0.0,0.0,1.0,6.25,1.43,0.13,15.4375,15.40625,15.09375,15.1875,0.0,0.0,2.0,0.0
11.91007,0x2B0,0.0,0.0,1.0,6.25,1.43,0.13,15.4375,15.40625,15.09375,15.1875,-0.2,8.0,2.0,0.0
11.91606,0x220,0.0,0.0,1.0,6.25,1.31,0.17,15.4375,15.40625,15.09375,15.1875,-0.2,8.0,2.0,0.0
11.91739,0x316,0.0,0.0,1.0,6.25,1.31,0.17,15.4375,15.40625,15.09375,15.1875,-0.2,8.0,2.0,0.0
11.92011,0x2B0,0.0,0.0,1.0,6.25,1.31,0.17,15.4375,15.40625,15.09375,15.1875,-0.2,8.0,2.0,0.0
11.92606,0x220,0.0,0.0,1.0,6.25,1.26,0.2,15.4375,15.40625,15.09375,15.1875,-0.2,8.0,2.0,0.0
11.9263,0x386,0.0,0.0,1.0,6.25,1.26,0.2,15.40625,15.46875,15.125,15.125,-0.2,8.0,2.0,0.0
11.9275,0x316,0.0,0.0,1.0,6.25,1.26,0.2,15.40625,15.46875,15.125,15.125,-0.2,8.0,2.0,0.0
11.9301,0x2B0,0.0,0.0,1.0,6.25,1.26,0.2,15.40625,15.46875,15.125,15.125,-0.4,8.0,2.0,0.0
11.93605,0x220,0.0,0.0,1.0,6.25,1.3,0.14,15.40625,15.46875,15.125,15.125,-0.4,8.0,2.0,0.0
11.9374,0x316,0.0,0.0,1.0,6.25,1.3,0.14,15.40625,15.46875,15.125,15.125,-0.4,8.0,2.0,0.0
11.94011,0x2B0,0.0,0.0,1.0,6.25,1.3,0.14,15.40625,15.46875,15.125,15.125,-0.4,8.0,2.0,0.0
11.94605,0x220,0.0,0.0,1.0,6.25,1.37,0.05,15.40625,15.46875,15.125,15.125,-0.4,8.0,2.0,0.0
11.94628,0x386,0.0,0.0,1.0,6.25,1.37,0.05,15.375,15.4375,15.125,15.0625,-0.4,8.0,2.0,0.0
11.94748,0x316,0.0,0.0,1.0,6.25,1.37,0.05,15.375,15.4375,15.125,15.0625,-0.4,8.0,2.0,0.0
11.95012,0x2B0,0.0,0.0,1.0,6.25,1.37,0.05,15.375,15.4375,15.125,15.0625,-0.4,0.0,2.0,0.0
11.95605,0x220,0.0,0.0,1.0,6.25,1.45,0.02,15.375,15.4375,15.125,15.0625,-0.4,0.0,2.0,0.0
11.9574,0x316,0.0,0.0,1.0,6.25,1.45,0.02,15.375,15.4375,15.125,15.0625,-0.4,0.0,2.0,0.0
11.96011,0x2B0,0.0,0.0,1.0,6.25,1.45,0.02,15.375,15.4375,15.125,15.0625,-0.5,0.0,2.0,0.0
11.96606,0x220,0.0,0.0,1.0,6.25,1.49,0.05,15.375,15.4375,15.125,15.0625,-0.5,0.0,2.0,0.0
11.96629,0x386,0.0,0.0,1.0,6.25,1.49,0.05,15.34375,15.40625,15.09375,15.0625,-0.5,0.0,2.0,0.0
11.96761,0x316,0.0,0.0,1.0,6.25,1.49,0.05,15.34375,15.40625,15.09375,15.0625,-0.5,0.0,2.0,0.0
11.97013,0x2B0,0.0,0.0,1.0,6.25,1.49,0.05,15.34375,15.40625,15.09375,15.0625,-0.5,0.0,2.0,0.0
11.97606,0x220,0.0,0.0,1.0,6.25,1.49,0.06,15.34375,15.40625,15.09375,15.0625,-0.5,0.0,2.0,0.0
11.97749,0x316,0.0,0.0,1.0,6.25,1.49,0.06,15.34375,15.40625,15.09375,15.0625,-0.5,0.0,2.0,0.0
11.98011,0x2B0,0.0,0.0,1.0,6.25,1.49,0.06,15.34375,15.40625,15.09375,15.0625,-0.5,0.0,2.0,0.0
11.98606,0x220,0.0,0.0,1.0,6.25,1.45,0.0,15.34375,15.40625,15.09375,15.0625,-0.5,0.0,2.0,0.0
11.98629,0x386,0.0,0.0,1.0,6.25,1.45,0.0,15.375,15.4375,15.15625,15.15625,-0.5,0.0,2.0,0.0
11.98749,0x316,0.0,0.0,1.0,6.25,1.45,0.0,15.375,15.4375,15.15625,15.15625,-0.5,0.0,2.0,0.0
11.99011,0x2B0,0.0,0.0,1.0,6.25,1.45,0.0,15.375,15.4375,15.15625,15.15625,-0.6,0.0,2.0,0.0
11.99605,0x220,0.0,0.0,1.0,6.25,1.37,-0.09,15.375,15.4375,15.15625,15.15625,-0.6,0.0,2.0,0.0
11.9975,0x316,0.0,0.0,1.0,6.25,1.37,-0.09,15.375,15.4375,15.15625,15.15625,-0.6,0.0,2.0,0.0
12.00007,0x2B0,0.0,0.0,1.0,6.25,1.37,-0.09,15.375,15.4375,15.15625,15.15625,-0.6,0.0,2.0,0.0
12.00606,0x220,0.0,0.0,1.0,6.25,1.29,-0.07,15.375,15.4375,15.15625,15.15625,-0.6,0.0,2.0,0.0
12.00629,0x386,0.0,0.0,1.0,6.25,1.29,-0.07,15.40625,15.40625,15.1875,15.1875,-0.6,0.0,2.0,0.0
12.0075,0x316,0.0,0.0,1.0,6.25,1.29,-0.07,15.40625,15.40625,15.1875,15.1875,-0.6,0.0,2.0,0.0
12.01009,0x2B0,0.0,0.0,1.0,6.25,1.29,-0.07,15.40625,15.40625,15.1875,15.1875,-0.6,0.0,2.0,0.0
12.01606,0x220,0.0,0.0,1.0,6.25,1.27,0.04,15.40625,15.40625,15.1875,15.1875,-0.6,0.0,2.0,0.0
12.01743,0x316,0.0,0.0,1.0,6.25,1.27,0.04,15.40625,15.40625,15.1875,15.1875,-0.6,0.0,2.0,0.0
12.0201,0x2B0,0.0,0.0,1.0,6.25,1.27,0.04,15.40625,15.40625,15.1875,15.1875,-0.8,8.0,2.0,0.0
12.02607,0x220,0.0,0.0,1.0,6.25,1.3,0.17,15.40625,15.40625,15.1875,15.1875,-0.8,8.0,2.0,0.0
12.0263,0x386,0.0,0.0,1.0,6.25,1.3,0.17,15.34375,15.40625,15.1875,15.21875,-0.8,8.0,2.0,0.0
12.0275,0x316,0.0,0.0,1.0,6.25,1.3,0.17,15.34375,15.40625,15.1875,15.21875,-0.8,8.0,2.0,0.0
12.03011,0x2B0,0.0,0.0,1.0,6.25,1.3,0.17,15.34375,15.40625,15.1875,15.21875,-0.8,8.0,2.0,0.0
12.03605,0x220,0.0,0.0,1.0,6.25,1.38,0.22,15.34375,15.40625,15.1875,15.21875,-0.8,8.0,2.0,0.0
12.03743,0x316,0.0,0.0,1.0,6.25,1.38,0.22,15.34375,15.40625,15.1875,15.21875,-0.8,8.0,2.0,0.0
12.04009,0x2B0,0.0,0.0,1.0,6.25,1.38,0.22,15.34375,15.40625,15.1875,15.21875,-0.8,0.0,2.0,0.0
12.04605,0x220,0.0,0.0,1.0,6.25,1.47,0.22,15.34375,15.40625,15.1875,15.21875,-0.8,0.0,2.0,0.0
12.04629,0x386,0.0,0.0,1.0,6.25,1.47,0.22,15.3125,15.3125,15.15625,15.21875,-0.8,0.0,2.0,0.0
12.0475,0x316,0.0,0.0,1.0,6.25,1.47,0.22,15.3125,15.3125,15.15625,15.21875,-0.8,0.0,2.0,0.0
12.0501,0x2B0,0.0,0.0,1.0,6.25,1.47,0.22,15.3125,15.3125,15.15625,15.21875,-1.0,8.0,2.0,0.0
12.05606,0x220,0.0,0.0,1.0,6.25,1.57,0.23,15.3125,15.3125,15.15625,15.21875,-1.0,8.0,2.0,0.0
12.05744,0x316,0.0,0.0,1.0,6.25,1.57,0.23,15.3125,15.3125,15.15625,15.21875,-1.0,8.0,2.0,0.0
12.06011,0x2B0,0.0,0.0,1.0,6.25,1.57,0.23,15.3125,15.3125,15.15625,15.21875,-1.0,8.0,2.0,0.0
12.06605,0x220,0.0,0.0,1.0,6.25,1.59,0.18,15.3125,15.3125,15.15625,15.21875,-1.0,8.0,2.0,0.0
12.06629,0x386,0.0,0.0,1.0,6.25,1.59,0.18,15.34375,15.40625,15.15625,15.1875,-1.0,8.0,2.0,0.0
12.06756,0x316,0.0,0.0,1.0,6.25,1.59,0.18,15.34375,15.40625,15.15625,15.1875,-1.0,8.0,2.0,0.0
12.07012,0x2B0,0.0,0.0,1.0,6.25,1.59,0.18,15.34375,15.40625,15.15625,15.1875,-1.1,0.0,2.0,0.0
12.07605,0x220,0.0,0.0,1.0,6.25,1.48,0.09,15.34375,15.40625,15.15625,15.1875,-1.1,0.0,2.0,0.0
12.07778,0x316,0.0,0.0,1.0,6.25,1.48,0.09,15.34375,15.40625,15.15625,15.1875,-1.1,0.0,2.0,0.0
12.08008,0x2B0,0.0,0.0,1.0,6.25,1.48,0.09,15.34375,15.40625,15.15625,15.1875,-1.1,0.0,2.0,0.0
12.08606,0x220,0.0,0.0,1.0,6.25,1.36,0.05,15.34375,15.40625,15.15625,15.1875,-1.1,0.0,2.0,0.0
12.08629,0x386,0.0,0.0,1.0,6.25,1.36,0.05,15.375,15.40625,15.125,15.09375,-1.1,0.0,2.0,0.0
12.0875,0x316,0.0,0.0,1.0,6.25,1.36,0.05,15.375,15.40625,15.125,15.09375,-1.1,0.0,2.0,0.0
12.09007,0x2B0,0.0,0.0,1.0,6.25,1.36,0.05,15.375,15.40625,15.125,15.09375,-1.1,0.0,2.0,0.0
12.09606,0x220,0.0,0.0,1.0,6.25,1.28,0.14,15.375,15.40625,15.125,15.09375,-1.1,0.0,2.0,0.0
12.09745,0x316,0.0,0.0,1.0,6.25,1.28,0.14,15.375,15.40625,15.125,15.09375,-1.1,0.0,2.0,0.0
12.10011,0x2B0,0.0,0.0,1.0,6.25,1.28,0.14,15.375,15.40625,15.125,15.09375,-1.1,0.0,2.0,0.0
12.10606,0x220,0.0,0.0,1.0,6.25,1.28,0.24,15.375,15.40625,15.125,15.09375,-1.1,0.0,2.0,0.0
12.1063,0x386,0.0,0.0,1.0,6.25,1.28,0.24,15.375,15.5,15.03125,15.1875,-1.1,0.0,2.0,0.0
12.1075,0x316,0.0,0.0,1.0,6.25,1.28,0.24,15.375,15.5,15.03125,15.1875,-1.1,0.0,2.0,0.0
12.11013,0x2B0,0.0,0.0,1.0,6.25,1.28,0.24,15.375,15.5,15.03125,15.1875,-1.1,0.0,2.0,0.0
12.11606,0x220,0.0,0.0,1.0,6.25,1.37,0.26,15.375,15.5,15.03125,15.1875,-1.1,0.0,2.0,0.0
12.11746,0x316,0.0,0.0,1.0,6.25,1.37,0.26,15.375,15.5,15.03125,15.1875,-1.1,0.0,2.0,0.0
12.12012,0x2B0,0.0,0.0,1.0,6.25,1.37,0.26,15.375,15.5,15.03125,15.1875,-1.1,0.0,2.0,0.0
12.12606,0x220,0.0,0.0,1.0,6.25,1.53,0.22,15.375,15.5,15.03125,15.1875,-1.1,0.0,2.0,0.0
12.1263,0x386,0.0,0.0,1.0,6.25,1.53,0.22,15.40625,15.5,15.0,15.21875,-1.1,0.0,2.0,0.0
12.1275,0x316,0.0,0.0,1.0,6.25,1.53,0.22,15.40625,15.5,15.0,15.21875,-1.1,0.0,5.0,0.0
12.13011,0x2B0,0.0,0.0,1.0,6.25,1.53,0.22,15.40625,15.5,15.0,15.21875,-1.2,0.0,5.0,0.0
12.13607,0x220,0.0,0.0,1.0,6.25,1.64,0.19,15.40625,15.5,15.0,15.21875,-1.2,0.0,5.0,0.0
12.13746,0x316,0.0,0.0,1.0,6.25,1.64,0.19,15.40625,15.5,15.0,15.21875,-1.2,0.0,5.0,0.0
12.14007,0x2B0,0.0,0.0,1.0,6.25,1.64,0.19,15.40625,15.5,15.0,15.21875,-1.2,0.0,5.0,0.0
12.14605,0x220,0.0,0.0,1.0,6.25,1.7,0.18,15.40625,15.5,15.0,15.21875,-1.2,0.0,5.0,0.0
12.14629,0x386,0.0,0.0,1.0,6.25,1.7,0.18,15.625,15.5625,15.0625,15.21875,-1.2,0.0,5.0,0.0
12.14749,0x316,0.0,0.0,1.0,6.25,1.7,0.18,15.625,15.5625,15.0625,15.21875,-1.2,0.0,5.0,0.0
12.15011,0x2B0,0.0,0.0,1.0,6.25,1.7,0.18,15.625,15.5625,15.0625,15.21875,-1.2,0.0,5.0,0.0
12.15607,0x220,0.0,0.0,1.0,6.25,1.74,0.15,15.625,15.5625,15.0625,15.21875,-1.2,0.0,5.0,0.0
12.15748,0x316,0.0,0.0,1.0,6.25,1.74,0.15,15.625,15.5625,15.0625,15.21875,-1.2,0.0,5.0,0.0
12.16012,0x2B0,0.0,0.0,1.0,6.25,1.74,0.15,15.625,15.5625,15.0625,15.21875,-1.2,0.0,5.0,0.0
12.16605,0x220,0.0,0.0,1.0,6.25,1.72,0.14,15.625,15.5625,15.0625,15.21875,-1.2,0.0,5.0,0.0
12.16629,0x386,0.0,0.0,1.0,6.25,1.72,0.14,15.40625,15.46875,15.09375,15.25,-1.2,0.0,5.0,0.0
12.16757,0x316,0.0,0.0,1.0,6.25,1.72,0.14,15.40625,15.46875,15.09375,15.25,-1.2,0.0,5.0,0.0
12.17014,0x2B0,0.0,0.0,1.0,6.25,1.72,0.14,15.40625,15.46875,15.09375,15.25,-1.3,0.0,5.0,0.0
12.17606,0x220,0.0,0.0,1.0,6.25,1.67,0.15,15.40625,15.46875,15.09375,15.25,-1.3,0.0,5.0,0.0
12.17752,0x316,0.0,0.0,1.0,6.25,1.67,0.15,15.40625,15.46875,15.09375,15.25,-1.3,0.0,5.0,0.0
12.18007,0x2B0,0.0,0.0,1.0,6.25,1.67,0.15,15.40625,15.46875,15.09375,15.25,-1.3,0.0,5.0,0.0
12.18606,0x220,0.0,0.0,1.0,6.25,1.65,0.15,15.40625,15.46875,15.09375,15.25,-1.3,0.0,5.0,0.0
12.1863,0x386,0.0,0.0,1.0,6.25,1.65,0.15,15.4375,15.4375,15.03125,15.34375,-1.3,0.0,5.0,0.0
12.18751,0x316,0.0,0.0,1.0,6.25,1.65,0.15,15.4375,15.4375,15.03125,15.34375,-1.3,0.0,2.0,0.0
12.19008,0x2B0,0.0,0.0,1.0,6.25,1.65,0.15,15.4375,15.4375,15.03125,15.34375,-1.3,0.0,2.0,0.0
12.19606,0x220,0.0,0.0,1.0,6.25,1.68,0.14,15.4375,15.4375,15.03125,15.34375,-1.3,0.0,2.0,0.0
12.19749,0x316,0.0,0.0,1.0,6.25,1.68,0.14,15.4375,15.4375,15.03125,15.34375,-1.3,0.0,0.0,0.0
12.20007,0x2B0,0.0,0.0,1.0,6.25,1.68,0.14,15.4375,15.4375,15.03125,15.34375,-1.3,0.0,0.0,0.0
12.20606,0x220,0.0,0.0,1.0,6.25,1.7,0.08,15.4375,15.4375,15.03125,15.34375,-1.3,0.0,0.0,0.0
12.20629,0x386,0.0,0.0,1.0,6.25,1.7,0.08,15.4375,15.4375,15.0625,15.28125,-1.3,0.0,0.0,0.0
12.2075,0x316,0.0,0.0,1.0,6.25,1.7,0.08,15.4375,15.4375,15.0625,15.28125,-1.3,0.0,0.0,0.0
12.21007,0x2B0,0.0,0.0,1.0,6.25,1.7,0.08,15.4375,15.4375,15.0625,15.28125,-1.3,0.0,0.0,0.0
12.21606,0x220,0.0,0.0,1.0,6.25,1.71,0.0,15.4375,15.4375,15.0625,15.28125,-1.3,0.0,0.0,0.0
12.2175,0x316,0.0,0.0,1.0,6.25,1.71,0.0,15.4375,15.4375,15.0625,15.28125,-1.3,0.0,0.0,0.0
12.22007,0x2B0,0.0,0.0,1.0,6.25,1.71,0.0,15.4375,15.4375,15.0625,15.28125,-1.3,0.0,0.0,0.0
12.22607,0x220,0.0,0.0,1.0,6.25,1.7,-0.02,15.4375,15.4375,15.0625,15.28125,-1.3,0.0,0.0,0.0
12.2263,0x386,0.0,0.0,1.0,6.25,1.7,-0.02,15.4375,15.34375,15.125,15.25,-1.3,0.0,0.0,0.0
12.22768,0x316,0.0,0.0,1.0,6.25,1.7,-0.02,15.4375,15.34375,15.125,15.25,-1.3,0.0,0.0,0.0
12.23006,0x2B0,0.0,0.0,1.0,6.25,1.7,-0.02,15.4375,15.34375,15.125,15.25,-1.3,0.0,0.0,0.0
12.23606,0x220,0.0,0.0,1.0,6.25,1.66,-0.05,15.4375,15.34375,15.125,15.25,-1.3,0.0,0.0,0.0
12.2375,0x316,0.0,0.0,1.0,6.25,1.66,-0.05,15.4375,15.34375,15.125,15.25,-1.3,0.0,0.0,0.0
12.24009,0x2B0,0.0,0.0,1.0,6.25,1.66,-0.05,15.4375,15.34375,15.125,15.25,-1.2,0.0,0.0,0.0
12.24607,0x220,0.0,0.0,1.0,6.25,1.65,-0.09,15.4375,15.34375,15.125,15.25,-1.2,0.0,0.0,0.0
12.2463,0x386,0.0,0.0,1.0,6.25,1.65,-0.09,15.4375,15.46875,15.09375,15.21875,-1.2,0.0,0.0,0.0
12.24751,0x316,0.0,0.0,1.0,6.25,1.65,-0.09,15.4375,15.46875,15.09375,15.21875,-1.2,0.0,0.0,0.0
12.25006,0x2B0,0.0,0.0,1.0,6.25,1.65,-0.09,15.4375,15.46875,15.09375,15.21875,-1.2,0.0,0.0,0.0
12.25606,0x220,0.0,0.0,1.0,6.25,1.65,-0.11,15.4375,15.46875,15.09375,15.21875,-1.2,0.0,0.0,0.0
12.25751,0x316,0.0,0.0,1.0,6.25,1.65,-0.11,15.4375,15.46875,15.09375,15.21875,-1.2,0.0,0.0,0.0
12.26007,0x2B0,0.0,0.0,1.0,6.25,1.65,-0.11,15.4375,15.46875,15.09375,15.21875,-1.2,0.0,0.0,0.0
12.26606,0x220,0.0,0.0,1.0,6.25,1.64,-0.11,15.4375,15.46875,15.09375,15.21875,-1.2,0.0,0.0,0.0
12.2663,0x386,0.0,0.0,1.0,6.25,1.64,-0.11,15.625,15.46875,15.0625,15.25,-1.2,0.0,0.0,0.0
12.26757,0x316,0.0,0.0,1.0,6.25,1.64,-0.11,15.625,15.46875,15.0625,15.25,-1.2,0.0,0.0,0.0
12.27006,0x2B0,0.0,0.0,1.0,6.25,1.64,-0.11,15.625,15.46875,15.0625,15.25,-1.2,0.0,0.0,0.0
12.27606,0x220,0.0,0.0,1.0,6.25,1.63,-0.11,15.625,15.46875,15.0625,15.25,-1.2,0.0,0.0,0.0
12.27768,0x316,0.0,0.0,1.0,6.25,1.63,-0.11,15.625,15.46875,15.0625,15.25,-1.2,0.0,0.0,0.0
12.28007,0x2B0,0.0,0.0,1.0,6.25,1.63,-0.11,15.625,15.46875,15.0625,15.25,-1.2,0.0,0.0,0.0
12.28606,0x220,0.0,0.0,1.0,6.25,1.63,-0.09,15.625,15.46875,15.0625,15.25,-1.2,0.0,0.0,0.0
12.2863,0x386,0.0,0.0,1.0,6.25,1.63,-0.09,15.65625,15.65625,15.03125,15.21875,-1.2,0.0,0.0,0.0
12.28751,0x316,0.0,0.0,1.0,6.25,1.63,-0.09,15.65625,15.65625,15.03125,15.21875,-1.2,0.0,0.0,0.0
12.29006,0x2B0,0.0,0.0,1.0,6.25,1.63,-0.09,15.65625,15.65625,15.03125,15.21875,-1.2,0.0,0.0,0.0
12.29607,0x220,0.0,0.0,1.0,6.25,1.6,0.0,15.65625,15.65625,15.03125,15.21875,-1.2,0.0,0.0,0.0
12.29752,0x316,0.0,0.0,1.0,6.25,1.6,0.0,15.65625,15.65625,15.03125,15.21875,-1.2,0.0,0.0,0.0
12.30006,0x2B0,0.0,0.0,1.0,6.25,1.6,0.0,15.65625,15.65625,15.03125,15.21875,-1.2,0.0,0.0,0.0
12.30606,0x220,0.0,0.0,1.0,6.25,1.57,0.03,15.65625,15.65625,15.03125,15.21875,-1.2,0.0,0.0,0.0
12.30629,0x386,0.0,0.0,1.0,6.25,1.57,0.03,15.5,15.375,15.0625,15.125,-1.2,0.0,0.0,0.0
12.30753,0x316,0.0,0.0,1.0,6.25,1.57,0.03,15.5,15.375,15.0625,15.125,-1.2,0.0,0.0,0.0
12.31006,0x2B0,0.0,0.0,1.0,6.25,1.57,0.03,15.5,15.375,15.0625,15.125,-1.2,0.0,0.0,0.0
12.31606,0x220,0.0,0.0,1.0,6.25,1.59,0.04,15.5,15.375,15.0625,15.125,-1.2,0.0,0.0,0.0
12.31753,0x316,0.0,0.0,1.0,6.25,1.59,0.04,15.5,15.375,15.0625,15.125,-1.2,0.0,0.0,0.0
12.32006,0x2B0,0.0,0.0,1.0,6.25,1.59,0.04,15.5,15.375,15.0625,15.125,-1.2,0.0,0.0,0.0
12.32608,0x220,0.0,0.0,1.0,6.25,1.61,0.01,15.5,15.375,15.0625,15.125,-1.2,0.0,0.0,0.0
12.32632,0x386,0.0,0.0,1.0,6.25,1.61,0.01,15.28125,15.46875,15.03125,15.125,-1.2,0.0,0.0,0.0
12.32769,0x316,0.0,0.0,1.0,6.25,1.61,0.01,15.28125,15.46875,15.03125,15.125,-1.2,0.0,0.0,0.0
12.33006,0x2B0,0.0,0.0,1.0,6.25,1.61,0.01,15.28125,15.46875,15.03125,15.125,-1.2,0.0,0.0,0.0
12.33606,0x220,0.0,0.0,1.0,6.25,1.58,-0.01,15.28125,15.46875,15.03125,15.125,-1.2,0.0,0.0,0.0
12.33754,0x316,0.0,0.0,1.0,6.25,1.58,-0.01,15.28125,15.46875,15.03125,15.125,-1.2,0.0,0.0,0.0
12.34006,0x2B0,0.0,0.0,1.0,6.25,1.58,-0.01,15.28125,15.46875,15.03125,15.125,-1.2,0.0,0.0,0.0
12.34607,0x220,0.0,0.0,1.0,6.25,1.53,-0.06,15.28125,15.46875,15.03125,15.125,-1.2,0.0,0.0,0.0
12.3463,0x386,0.0,0.0,1.0,6.25,1.53,-0.06,15.5,15.40625,15.09375,15.15625,-1.2,0.0,0.0,0.0
12.34754,0x316,0.0,0.0,1.0,6.25,1.53,-0.06,15.5,15.40625,15.09375,15.15625,-1.2,0.0,0.0,0.0
12.35006,0x2B0,0.0,0.0,1.0,6.25,1.53,-0.06,15.5,15.40625,15.09375,15.15625,-1.2,0.0,0.0,0.0
12.35606,0x220,0.0,0.0,1.0,6.25,1.53,-0.06,15.5,15.40625,15.09375,15.15625,-1.2,0.0,0.0,0.0
12.35754,0x316,0.0,0.0,1.0,6.25,1.53,-0.06,15.5,15.40625,15.09375,15.15625,-1.2,0.0,0.0,0.0
12.36007,0x2B0,0.0,0.0,1.0,6.25,1.53,-0.06,15.5,15.40625,15.09375,15.15625,-1.2,0.0,0.0,0.0
12.36606,0x220,0.0,0.0,1.0,6.25,1.57,-0.02,15.5,15.40625,15.09375,15.15625,-1.2,0.0,0.0,0.0
12.3663,0x386,0.0,0.0,1.0,6.25,1.57,-0.02,15.28125,15.34375,15.09375,15.15625,-1.2,0.0,0.0,0.0
12.36771,0x316,0.0,0.0,1.0,6.25,1.57,-0.02,15.28125,15.34375,15.09375,15.15625,-1.2,0.0,0.0,0.0
12.37006,0x2B0,0.0,0.0,1.0,6.25,1.57,-0.02,15.28125,15.34375,15.09375,15.15625,-1.2,0.0,0.0,0.0
12.37607,0x220,0.0,0.0,1.0,6.25,1.62,0.0,15.28125,15.34375,15.09375,15.15625,-1.2,0.0,0.0,0.0
12.37755,0x316,0.0,0.0,1.0,6.25,1.62,0.0,15.28125,15.34375,15.09375,15.15625,-1.2,0.0,0.0,0.0
12.38013,0x2B0,0.0,0.0,1.0,6.25,1.62,0.0,15.28125,15.34375,15.09375,15.15625,-1.2,0.0,0.0,0.0
12.38606,0x220,0.0,0.0,1.0,6.25,1.62,-0.07,15.28125,15.34375,15.09375,15.15625,-1.2,0.0,0.0,0.0
12.3863,0x386,0.0,0.0,1.0,6.25,1.62,-0.07,15.28125,15.4375,15.09375,15.0625,-1.2,0.0,0.0,0.0
12.38729,0x316,0.0,0.0,1.0,6.25,1.62,-0.07,15.28125,15.4375,15.09375,15.0625,-1.2,0.0,0.0,0.0
12.39006,0x2B0,0.0,0.0,1.0,6.25,1.62,-0.07,15.28125,15.4375,15.09375,15.0625,-1.2,0.0,0.0,0.0
12.39606,0x220,0.0,0.0,1.0,6.25,1.57,-0.09,15.28125,15.4375,15.09375,15.0625,-1.2,0.0,0.0,0.0
12.39756,0x316,0.0,0.0,1.0,6.25,1.57,-0.09,15.28125,15.4375,15.09375,15.0625,-1.2,0.0,0.0,0.0
12.40006,0x2B0,0.0,0.0,1.0,6.25,1.57,-0.09,15.28125,15.4375,15.09375,15.0625,-1.2,0.0,0.0,0.0
12.40607,0x220,0.0,0.0,1.0,6.25,1.53,0.0,15.28125,15.4375,15.09375,15.0625,-1.2,0.0,0.0,0.0
12.40631,0x386,0.0,0.0,1.0,6.25,1.53,0.0,15.21875,15.34375,15.1875,15.09375,-1.2,0.0,0.0,0.0
12.40756,0x316,0.0,0.0,1.0,6.25,1.53,0.0,15.21875,15.34375,15.1875,15.09375,-1.2,0.0,0.0,0.0
12.41006,0x2B0,0.0,0.0,1.0,6.25,1.53,0.0,15.21875,15.34375,15.1875,15.09375,-1.2,0.0,0.0,0.0
12.41607,0x220,0.0,0.0,1.0,6.25,1.54,0.1,15.21875,15.34375,15.1875,15.09375,-1.2,0.0,0.0,0.0
12.41756,0x316,0.0,0.0,1.0,6.25,1.54,0.1,15.21875,15.34375,15.1875,15.09375,-1.2,0.0,0.0,0.0
12.42006,0x2B0,0.0,0.0,1.0,6.25,1.54,0.1,15.21875,15.34375,15.1875,15.09375,-1.2,0.0,0.0,0.0
12.42607,0x220,0.0,0.0,1.0,6.25,1.54,0.1,15.21875,15.34375,15.1875,15.09375,-1.2,0.0,0.0,0.0
12.42631,0x386,0.0,0.0,1.0,6.25,1.54,0.1,15.3125,15.375,15.15625,15.09375,-1.2,0.0,0.0,0.0
12.42727,0x316,0.0,0.0,1.0,6.25,1.54,0.1,15.3125,15.375,15.15625,15.09375,-1.2,0.0,0.0,0.0
12.43006,0x2B0,0.0,0.0,1.0,6.25,1.54,0.1,15.3125,15.375,15.15625,15.09375,-1.2,0.0,0.0,0.0
12.43607,0x220,0.0,0.0,1.0,6.25,1.47,0.0,15.3125,15.375,15.15625,15.09375,-1.2,0.0,0.0,0.0
12.43731,0x316,0.0,0.0,1.0,6.25,1.47,0.0,15.3125,15.375,15.15625,15.09375,-1.2,0.0,0.0,0.0
12.44006,0x2B0,0.0,0.0,1.0,6.25,1.47,0.0,15.3125,15.375,15.15625,15.09375,-1.2,0.0,0.0,0.0
12.44606,0x220,0.0,0.0,1.0,6.25,1.37,-0.07,15.3125,15.375,15.15625,15.09375,-1.2,0.0,0.0,0.0
12.4463,0x386,0.0,0.0,1.0,6.25,1.37,-0.07,15.4375,15.3125,15.15625,15.1875,-1.2,0.0,0.0,0.0
12.44758,0x316,0.0,0.0,1.0,6.25,1.37,-0.07,15.4375,15.3125,15.15625,15.1875,-1.2,0.0,0.0,0.0
12.45005,0x2B0,0.0,0.0,1.0,6.25,1.37,-0.07,15.4375,15.3125,15.15625,15.1875,-1.2,0.0,0.0,0.0
12.45607,0x220,0.0,0.0,1.0,6.25,1.31,-0.02,15.4375,15.3125,15.15625,15.1875,-1.2,0.0,0.0,0.0
12.45758,0x316,0.0,0.0,1.0,6.25,1.31,-0.02,15.4375,15.3125,15.15625,15.1875,-1.2,0.0,0.0,0.0
12.46005,0x2B0,0.0,0.0,1.0,6.25,1.31,-0.02,15.4375,15.3125,15.15625,15.1875,-1.2,0.0,0.0,0.0
12.46606,0x220,0.0,0.0,1.0,6.25,1.31,0.05,15.4375,15.3125,15.15625,15.1875,-1.2,0.0,0.0,0.0
12.46629,0x386,0.0,0.0,1.0,6.25,1.31,0.05,15.4375,15.3125,15.15625,15.1875,-1.2,0.0,0.0,0.0
12.46758,0x316,0.0,0.0,1.0,6.25,1.31,0.05,15.4375,15.3125,15.15625,15.1875,-1.2,0.0,0.0,0.0
12.47006,0x2B0,0.0,0.0,1.0,6.25,1.31,0.05,15.4375,15.3125,15.15625,15.1875,-1.2,0.0,0.0,0.0
12.47607,0x220,0.0,0.0,1.0,6.25,1.31,0.08,15.4375,15.3125,15.15625,15.1875,-1.2,0.0,0.0,0.0
12.47766,0x316,0.0,0.0,1.0,6.25,1.31,0.08,15.4375,15.3125,15.15625,15.1875,-1.2,0.0,0.0,0.0
12.48005,0x2B0,0.0,0.0,1.0,6.25,1.31,0.08,15.4375,15.3125,15.15625,15.1875,-1.2,0.0,0.0,0.0
12.48607,0x220,0.0,0.0,1.0,6.25,1.29,0.08,15.4375,15.3125,15.15625,15.1875,-1.2,0.0,0.0,0.0
12.4863,0x386,0.0,0.0,1.0,6.25,1.29,0.08,15.0625,15.3125,15.03125,15.25,-1.2,0.0,0.0,0.0
12.48758,0x316,0.0,0.0,1.0,6.25,1.29,0.08,15.0625,15.3125,15.03125,15.25,-1.2,0.0,0.0,0.0
12.49006,0x2B0,0.0,0.0,1.0,6.25,1.29,0.08,15.0625,15.3125,15.03125,15.25,-1.2,0.0,0.0,0.0
12.49607,0x220,0.0,0.0,1.0,6.25,1.29,0.1,15.0625,15.3125,15.03125,15.25,-1.2,0.0,0.0,0.0
12.49759,0x316,0.0,0.0,1.0,6.25,1.29,0.1,15.0625,15.3125,15.03125,15.25,-1.2,0.0,0.0,0.0
12.50005,0x2B0,0.0,0.0,1.0,6.25,1.29,0.1,15.0625,15.3125,15.03125,15.25,-1.2,0.0,0.0,0.0
12.50607,0x220,0.0,0.0,1.0,6.25,1.31,0.15,15.0625,15.3125,15.03125,15.25,-1.2,0.0,0.0,0.0
12.50631,0x386,0.0,0.0,1.0,6.25,1.31,0.15,15.3125,14.40625,15.125,15.21875,-1.2,0.0,0.0,0.0
12.50731,0x316,0.0,0.0,1.0,6.25,1.31,0.15,15.3125,14.40625,15.125,15.21875,-1.2,0.0,0.0,0.0
12.51005,0x2B0,0.0,0.0,1.0,6.25,1.31,0.15,15.3125,14.40625,15.125,15.21875,-1.2,0.0,0.0,0.0
12.51607,0x220,0.0,0.0,1.0,6.25,1.28,0.19,15.3125,14.40625,15.125,15.21875,-1.2,0.0,0.0,0.0
12.51729,0x316,0.0,0.0,1.0,6.25,1.28,0.19,15.3125,14.40625,15.125,15.21875,-1.2,0.0,0.0,0.0
12.52005,0x2B0,0.0,0.0,1.0,6.25,1.28,0.19,15.3125,14.40625,15.125,15.21875,-1.2,0.0,0.0,0.0
12.52608,0x220,0.0,0.0,1.0,6.25,1.22,0.23,15.3125,14.40625,15.125,15.21875,-1.2,0.0,0.0,0.0
12.52631,0x386,0.0,0.0,1.0,6.25,1.22,0.23,14.875,15.65625,15.03125,15.0625,-1.2,0.0,0.0,0.0
12.52768,0x316,0.0,0.0,1.0,6.25,1.22,0.23,14.875,15.65625,15.03125,15.0625,-1.2,0.0,0.0,0.0
12.53005,0x2B0,0.0,0.0,1.0,6.25,1.22,0.23,14.875,15.65625,15.03125,15.0625,-1.2,0.0,0.0,0.0
12.53607,0x220,0.0,0.0,1.0,6.25,1.17,0.29,14.875,15.65625,15.03125,15.0625,-1.2,0.0,0.0,0.0
12.53734,0x316,0.0,0.0,1.0,6.25,1.17,0.29,14.875,15.65625,15.03125,15.0625,-1.2,0.0,0.0,0.0
12.54005,0x2B0,0.0,0.0,1.0,6.25,1.17,0.29,14.875,15.65625,15.03125,15.0625,-1.2,0.0,0.0,0.0
12.54607,0x220,0.0,0.0,1.0,6.25,1.19,0.33,14.875,15.65625,15.03125,15.0625,-1.2,0.0,0.0,0.0
12.5463,0x386,0.0,0.0,1.0,6.25,1.19,0.33,15.3125,15.40625,14.90625,15.0625,-1.2,0.0,0.0,0.0
12.54727,0x316,0.0,0.0,1.0,6.25,1.19,0.33,15.3125,15.40625,14.90625,15.0625,-1.2,0.0,2.0,0.0
12.55005,0x2B0,0.0,0.0,1.0,6.25,1.19,0.33,15.3125,15.40625,14.90625,15.0625,-1.2,0.0,2.0,0.0
12.55607,0x220,0.0,0.0,1.0,6.25,1.27,0.3,15.3125,15.40625,14.90625,15.0625,-1.2,0.0,2.0,0.0
12.5573,0x316,0.0,0.0,1.0,6.25,1.27,0.3,15.3125,15.40625,14.90625,15.0625,-1.2,0.0,2.0,0.0
12.56005,0x2B0,0.0,0.0,1.0,6.25,1.27,0.3,15.3125,15.40625,14.90625,15.0625,-1.2,0.0,2.0,0.0
12.56607,0x220,0.0,0.0,1.0,6.25,1.35,0.21,15.3125,15.40625,14.90625,15.0625,-1.2,0.0,2.0,0.0
12.56631,0x386,0.0,0.0,1.0,6.25,1.35,0.21,15.3125,15.375,14.875,15.09375,-1.2,0.0,2.0,0.0
12.56761,0x316,0.0,0.0,1.0,6.25,1.35,0.21,15.3125,15.375,14.875,15.09375,-1.2,0.0,2.0,0.0
12.57005,0x2B0,0.0,0.0,1.0,6.25,1.35,0.21,15.3125,15.375,14.875,15.09375,-1.2,0.0,2.0,0.0
12.57607,0x220,0.0,0.0,1.0,6.25,1.45,0.18,15.3125,15.375,14.875,15.09375,-1.2,0.0,2.0,0.0
12.57762,0x316,0.0,0.0,1.0,6.25,1.45,0.18,15.3125,15.375,14.875,15.09375,-1.2,0.0,2.0,0.0
12.58005,0x2B0,0.0,0.0,1.0,6.25,1.45,0.18,15.3125,15.375,14.875,15.09375,-1.2,0.0,2.0,0.0
12.58606,0x220,0.0,0.0,1.0,6.25,1.5,0.24,15.3125,15.375,14.875,15.09375,-1.2,0.0,2.0,0.0
12.5863,0x386,0.0,0.0,1.0,6.25,1.5,0.24,15.34375,15.4375,14.90625,15.125,-1.2,0.0,2.0,0.0
12.58726,0x316,0.0,0.0,1.0,6.25,1.5,0.24,15.34375,15.4375,14.90625,15.125,-1.2,0.0,2.0,0.0
12.59005,0x2B0,0.0,0.0,1.0,6.25,1.5,0.24,15.34375,15.4375,14.90625,15.125,-1.2,0.0,2.0,0.0
12.59607,0x220,0.0,0.0,1.0,6.25,1.49,0.3,15.34375,15.4375,14.90625,15.125,-1.2,0.0,2.0,0.0
12.59762,0x316,0.0,0.0,1.0,6.25,1.49,0.3,15.34375,15.4375,14.90625,15.125,-1.2,0.0,2.0,0.0
12.60004,0x2B0,0.0,0.0,1.0,6.25,1.49,0.3,15.34375,15.4375,14.90625,15.125,-1.2,0.0,2.0,0.0
12.60607,0x220,0.0,0.0,1.0,6.25,1.53,0.34,15.34375,15.4375,14.90625,15.125,-1.2,0.0,2.0,0.0
12.6063,0x386,0.0,0.0,1.0,6.25,1.53,0.34,15.375,15.4375,14.875,15.15625,-1.2,0.0,2.0,0.0
12.60737,0x316,0.0,0.0,1.0,6.25,1.53,0.34,15.375,15.4375,14.875,15.15625,-1.2,0.0,2.0,0.0
12.61005,0x2B0,0.0,0.0,1.0,6.25,1.53,0.34,15.375,15.4375,14.875,15.15625,-1.2,0.0,2.0,0.0
12.61608,0x220,0.0,0.0,1.0,6.25,1.57,0.32,15.375,15.4375,14.875,15.15625,-1.2,0.0,2.0,0.0
12.61735,0x316,0.0,0.0,1.0,6.25,1.57,0.32,15.375,15.4375,14.875,15.15625,-1.2,0.0,2.0,0.0
12.62004,0x2B0,0.0,0.0,1.0,6.25,1.57,0.32,15.375,15.4375,14.875,15.15625,-1.2,0.0,2.0,0.0
12.62608,0x220,0.0,0.0,1.0,6.25,1.6,0.25,15.375,15.4375,14.875,15.15625,-1.2,0.0,2.0,0.0
12.62631,0x386,0.0,0.0,1.0,6.25,1.6,0.25,15.375,15.34375,14.90625,15.0625,-1.2,0.0,2.0,0.0
12.62727,0x316,0.0,0.0,1.0,6.25,1.6,0.25,15.375,15.34375,14.90625,15.0625,-1.2,0.0,2.0,0.0
12.63005,0x2B0,0.0,0.0,1.0,6.25,1.6,0.25,15.375,15.34375,14.90625,15.0625,-1.2,0.0,2.0,0.0
12.63607,0x220,0.0,0.0,1.0,6.25,1.63,0.18,15.375,15.34375,14.90625,15.0625,-1.2,0.0,2.0,0.0
12.63729,0x316,0.0,0.0,1.0,6.25,1.63,0.18,15.375,15.34375,14.90625,15.0625,-1.2,0.0,2.0,0.0
12.64005,0x2B0,0.0,0.0,1.0,6.25,1.63,0.18,15.375,15.34375,14.90625,15.0625,-1.2,0.0,2.0,0.0
12.64607,0x220,0.0,0.0,1.0,6.25,1.65,0.14,15.375,15.34375,14.90625,15.0625,-1.2,0.0,2.0,0.0
12.64631,0x386,0.0,0.0,1.0,6.25,1.65,0.14,15.4375,15.375,14.875,15.03125,-1.2,0.0,2.0,0.0
12.64728,0x316,0.0,0.0,1.0,6.25,1.65,0.14,15.4375,15.375,14.875,15.03125,-1.2,0.0,2.0,0.0
12.65012,0x2B0,0.0,0.0,1.0,6.25,1.65,0.14,15.4375,15.375,14.875,15.03125,-1.2,0.0,2.0,0.0
12.65607,0x220,0.0,0.0,1.0,6.25,1.64,0.11,15.4375,15.375,14.875,15.03125,-1.2,0.0,2.0,0.0
12.65737,0x316,0.0,0.0,1.0,6.25,1.64,0.11,15.4375,15.375,14.875,15.03125,-1.2,0.0,2.0,0.0
12.66006,0x2B0,0.0,0.0,1.0,6.25,1.64,0.11,15.4375,15.375,14.875,15.03125,-1.1,0.0,2.0,0.0
12.66607,0x220,0.0,0.0,1.0,6.25,1.6,0.05,15.4375,15.375,14.875,15.03125,-1.1,0.0,2.0,0.0
12.6663,0x386,0.0,0.0,1.0,6.25,1.6,0.05,15.40625,15.3125,14.84375,15.0625,-1.1,0.0,2.0,0.0
12.66765,0x316,0.0,0.0,1.0,6.25,1.6,0.05,15.40625,15.3125,14.84375,15.0625,-1.1,0.0,2.0,0.0
12.67004,0x2B0,0.0,0.0,1.0,6.25,1.6,0.05,15.40625,15.3125,14.84375,15.0625,-1.1,0.0,2.0,0.0
12.67607,0x220,0.0,0.0,1.0,6.25,1.59,-0.01,15.40625,15.3125,14.84375,15.0625,-1.1,0.0,2.0,0.0
12.67769,0x316,0.0,0.0,1.0,6.25,1.59,-0.01,15.40625,15.3125,14.84375,15.0625,-1.1,0.0,2.0,0.0
12.68003,0x2B0,0.0,0.0,1.0,6.25,1.59,-0.01,15.40625,15.3125,14.84375,15.0625,-1.1,0.0,2.0,0.0
12.68607,0x220,0.0,0.0,1.0,6.25,1.62,-0.03,15.40625,15.3125,14.84375,15.0625,-1.1,0.0,2.0,0.0
12.6863,0x386,0.0,0.0,1.0,6.25,1.62,-0.03,15.5625,15.3125,14.9375,15.0,-1.1,0.0,2.0,0.0
12.6873,0x316,0.0,0.0,1.0,6.25,1.62,-0.03,15.5625,15.3125,14.9375,15.0,-1.1,0.0,2.0,0.0
12.69003,0x2B0,0.0,0.0,1.0,6.25,1.62,-0.03,15.5625,15.3125,14.9375,15.0,-1.1,0.0,2.0,0.0
12.69608,0x220,0.0,0.0,1.0,6.25,1.74,-0.01,15.5625,15.3125,14.9375,15.0,-1.1,0.0,2.0,0.0
12.69766,0x316,0.0,0.0,1.0,6.25,1.74,-0.01,15.5625,15.3125,14.9375,15.0,-1.1,0.0,2.0,0.0
12.70003,0x2B0,0.0,0.0,1.0,6.25,1.74,-0.01,15.5625,15.3125,14.9375,15.0,-1.1,0.0,2.0,0.0
12.70608,0x220,0.0,0.0,1.0,6.25,1.85,0.0,15.5625,15.3125,14.9375,15.0,-1.1,0.0,2.0,0.0
12.70631,0x386,0.0,0.0,1.0,6.25,1.85,0.0,15.1875,15.34375,14.9375,15.09375,-1.1,0.0,2.0,0.0
12.7073,0x316,0.0,0.0,1.0,6.25,1.85,0.0,15.1875,15.34375,14.9375,15.09375,-1.1,0.0,2.0,0.0
12.71011,0x2B0,0.0,0.0,1.0,6.25,1.85,0.0,15.1875,15.34375,14.9375,15.09375,-1.1,0.0,2.0,0.0
12.71608,0x220,0.0,0.0,1.0,6.25,1.87,-0.01,15.1875,15.34375,14.9375,15.09375,-1.1,0.0,2.0,0.0
12.71729,0x316,0.0,0.0,1.0,6.25,1.87,-0.01,15.1875,15.34375,14.9375,15.09375,-1.1,0.0,2.0,0.0
12.72006,0x2B0,0.0,0.0,1.0,6.25,1.87,-0.01,15.1875,15.34375,14.9375,15.09375,-1.0,0.0,2.0,0.0
12.72609,0x220,0.0,0.0,1.0,6.25,1.81,-0.02,15.1875,15.34375,14.9375,15.09375,-1.0,0.0,2.0,0.0
12.72632,0x386,0.0,0.0,1.0,6.25,1.81,-0.02,16.0625,15.59375,15.0,15.09375,-1.0,0.0,2.0,0.0
12.72728,0x316,0.0,0.0,1.0,6.25,1.81,-0.02,16.0625,15.59375,15.0,15.09375,-1.0,0.0,2.0,0.0
12.73003,0x2B0,0.0,0.0,1.0,6.25,1.81,-0.02,16.0625,15.59375,15.0,15.09375,-1.0,0.0,2.0,0.0
12.73608,0x220,0.0,0.0,1.0,6.25,1.69,0.0,16.0625,15.59375,15.0,15.09375,-1.0,0.0,2.0,0.0
12.73738,0x316,0.0,0.0,1.0,6.25,1.69,0.0,16.0625,15.59375,15.0,15.09375,-1.0,0.0,2.0,0.0
12.74003,0x2B0,0.0,0.0,1.0,6.25,1.69,0.0,16.0625,15.59375,15.0,15.09375,-1.0,0.0,2.0,0.0
12.74607,0x220,0.0,0.0,1.0,6.25,1.59,0.0,16.0625,15.59375,15.0,15.09375,-1.0,0.0,2.0,0.0
12.7463,0x386,0.0,0.0,1.0,6.25,1.59,0.0,15.1875,15.34375,15.03125,15.0625,-1.0,0.0,2.0,0.0
12.74733,0x316,0.0,0.0,1.0,6.25,1.59,0.0,15.1875,15.34375,15.03125,15.0625,-1.0,0.0,2.0,0.0
12.75003,0x2B0,0.0,0.0,1.0,6.25,1.59,0.0,15.1875,15.34375,15.03125,15.0625,-1.0,0.0,2.0,0.0
12.75607,0x220,0.0,0.0,1.0,6.25,1.5,-0.04,15.1875,15.34375,15.03125,15.0625,-1.0,0.0,2.0,0.0
12.75732,0x316,0.0,0.0,1.0,6.25,1.5,-0.04,15.1875,15.34375,15.03125,15.0625,-1.0,0.0,2.0,0.0
12.76003,0x2B0,0.0,0.0,1.0,6.25,1.5,-0.04,15.1875,15.34375,15.03125,15.0625,-1.0,0.0,2.0,0.0
12.76606,0x220,0.0,0.0,1.0,6.25,1.38,-0.1,15.1875,15.34375,15.03125,15.0625,-1.0,0.0,2.0,0.0
12.7663,0x386,0.0,0.0,1.0,6.25,1.38,-0.1,15.125,15.34375,15.03125,15.0625,-1.0,0.0,2.0,0.0
12.76769,0x316,0.0,0.0,1.0,6.25,1.38,-0.1,15.125,15.34375,15.03125,15.0625,-1.0,0.0,0.0,0.0
12.77003,0x2B0,0.0,0.0,1.0,6.25,1.38,-0.1,15.125,15.34375,15.03125,15.0625,-1.0,0.0,0.0,0.0
12.77608,0x220,0.0,0.0,1.0,6.25,1.32,-0.11,15.125,15.34375,15.03125,15.0625,-1.0,0.0,0.0,0.0
12.77768,0x316,0.0,0.0,1.0,6.25,1.32,-0.11,15.125,15.34375,15.03125,15.0625,-1.0,0.0,0.0,0.0
12.78002,0x2B0,0.0,0.0,1.0,6.25,1.32,-0.11,15.125,15.34375,15.03125,15.0625,-1.0,0.0,0.0,0.0
12.78607,0x220,0.0,0.0,1.0,6.25,1.26,-0.04,15.125,15.34375,15.03125,15.0625,-1.0,0.0,0.0,0.0
12.78631,0x386,0.0,0.0,1.0,6.25,1.26,-0.04,15.21875,15.25,15.03125,15.0625,-1.0,0.0,0.0,0.0
12.78735,0x316,0.0,0.0,1.0,6.25,1.26,-0.04,15.21875,15.25,15.03125,15.0625,-1.0,0.0,0.0,0.0
12.79003,0x2B0,0.0,0.0,1.0,6.25,1.26,-0.04,15.21875,15.25,15.03125,15.0625,-1.0,0.0,0.0,0.0
12.79607,0x220,0.0,0.0,1.0,6.25,1.23,0.04,15.21875,15.25,15.03125,15.0625,-1.0,0.0,0.0,0.0
12.7977,0x316,0.0,0.0,1.0,6.25,1.23,0.04,15.21875,15.25,15.03125,15.0625,-1.0,0.0,0.0,0.0
12.80002,0x2B0,0.0,0.0,1.0,6.25,1.23,0.04,15.21875,15.25,15.03125,15.0625,-0.9,0.0,0.0,0.0
12.80607,0x220,0.0,0.0,1.0,6.25,1.22,0.1,15.21875,15.25,15.03125,15.0625,-0.9,0.0,0.0,0.0
12.80631,0x386,0.0,0.0,1.0,6.25,1.22,0.1,15.4375,15.21875,14.9375,14.90625,-0.9,0.0,0.0,0.0
12.80728,0x316,0.0,0.0,1.0,6.25,1.22,0.1,15.4375,15.21875,14.9375,14.90625,-0.9,0.0,2.0,0.0
12.81002,0x2B0,0.0,0.0,1.0,6.25,1.22,0.1,15.4375,15.21875,14.9375,14.90625,-0.9,0.0,2.0,0.0
12.81608,0x220,0.0,0.0,1.0,6.25,1.26,0.08,15.4375,15.21875,14.9375,14.90625,-0.9,0.0,2.0,0.0
12.81738,0x316,0.0,0.0,1.0,6.25,1.26,0.08,15.4375,15.21875,14.9375,14.90625,-0.9,0.0,5.0,0.0
12.82002,0x2B0,0.0,0.0,1.0,6.25,1.26,0.08,15.4375,15.21875,14.9375,14.90625,-0.9,0.0,5.0,0.0
12.82609,0x220,0.0,0.0,1.0,6.25,1.29,0.03,15.4375,15.21875,14.9375,14.90625,-0.9,0.0,5.0,0.0
12.82632,0x386,0.0,0.0,1.0,6.25,1.29,0.03,15.40625,15.5625,15.0,14.96875,-0.9,0.0,5.0,0.0
12.82746,0x316,0.0,0.0,1.0,6.25,1.29,0.03,15.40625,15.5625,15.0,14.96875,-0.9,0.0,7.0,0.0
12.83002,0x2B0,0.0,0.0,1.0,6.25,1.29,0.03,15.40625,15.5625,15.0,14.96875,-0.9,0.0,7.0,0.0
12.83608,0x220,0.0,0.0,1.0,6.25,1.24,0.0,15.40625,15.5625,15.0,14.96875,-0.9,0.0,7.0,0.0
12.8373,0x316,0.0,0.0,1.0,6.25,1.24,0.0,15.40625,15.5625,15.0,14.96875,-0.9,0.0,7.0,0.0
12.84002,0x2B0,0.0,0.0,1.0,6.25,1.24,0.0,15.40625,15.5625,15.0,14.96875,-0.9,0.0,7.0,0.0
12.84608,0x220,0.0,0.0,1.0,6.25,1.14,0.03,15.40625,15.5625,15.0,14.96875,-0.9,0.0,7.0,0.0
12.84631,0x386,0.0,0.0,1.0,6.25,1.14,0.03,14.84375,15.625,15.03125,14.96875,-0.9,0.0,7.0,0.0
12.84726,0x316,0.0,0.0,1.0,6.25,1.14,0.03,14.84375,15.625,15.03125,14.96875,-0.9,0.0,7.0,0.0
12.85003,0x2B0,0.0,0.0,1.0,6.25,1.14,0.03,14.84375,15.625,15.03125,14.96875,-0.9,0.0,7.0,0.0
12.85608,0x220,0.0,0.0,1.0,6.25,1.13,0.11,14.84375,15.625,15.03125,14.96875,-0.9,0.0,7.0,0.0
12.85738,0x316,0.0,0.0,1.0,6.25,1.13,0.11,14.84375,15.625,15.03125,14.96875,-0.9,0.0,7.0,0.0
12.86008,0x2B0,0.0,0.0,1.0,6.25,1.13,0.11,14.84375,15.625,15.03125,14.96875,-0.9,0.0,7.0,0.0
12.86608,0x220,0.0,0.0,1.0,6.25,1.23,0.22,14.84375,15.625,15.03125,14.96875,-0.9,0.0,7.0,0.0
12.86631,0x386,0.0,0.0,1.0,6.25,1.23,0.22,15.28125,14.75,14.9375,14.9375,-0.9,0.0,7.0,0.0
12.86771,0x316,0.0,0.0,1.0,6.25,1.23,0.22,15.28125,14.75,14.9375,14.9375,-0.9,0.0,7.0,0.0
12.87007,0x2B0,0.0,0.0,1.0,6.25,1.23,0.22,15.28125,14.75,14.9375,14.9375,-0.9,0.0,7.0,0.0
12.87608,0x220,0.0,0.0,1.0,6.25,1.41,0.32,15.28125,14.75,14.9375,14.9375,-0.9,0.0,7.0,0.0
12.87772,0x316,0.0,0.0,1.0,6.25,1.41,0.32,15.28125,14.75,14.9375,14.9375,-0.9,0.0,7.0,0.0
12.88008,0x2B0,0.0,0.0,1.0,6.25,1.41,0.32,15.28125,14.75,14.9375,14.9375,-1.1,8.0,7.0,0.0
12.88608,0x220,0.0,0.0,1.0,6.25,1.57,0.29,15.28125,14.75,14.9375,14.9375,-1.1,8.0,7.0,0.0
12.88632,0x386,0.0,0.0,1.0,6.25,1.57,0.29,15.40625,15.375,14.90625,15.0,-1.1,8.0,7.0,0.0
12.88728,0x316,0.0,0.0,1.0,6.25,1.57,0.29,15.40625,15.375,14.90625,15.0,-1.1,8.0,2.0,0.0
12.89,0x2B0,0.0,0.0,1.0,6.25,1.57,0.29,15.40625,15.375,14.90625,15.0,-1.1,8.0,2.0,0.0
12.89608,0x220,0.0,0.0,1.0,6.25,1.54,0.11,15.40625,15.375,14.90625,15.0,-1.1,8.0,2.0,0.0
12.89773,0x316,0.0,0.0,1.0,6.25,1.54,0.11,15.40625,15.375,14.90625,15.0,-1.1,8.0,0.0,0.0
12.90002,0x2B0,0.0,0.0,1.0,6.25,1.54,0.11,15.40625,15.375,14.90625,15.0,-1.1,0.0,0.0,0.0
12.90607,0x220,0.0,0.0,1.0,6.25,1.33,-0.01,15.40625,15.375,14.90625,15.0,-1.1,0.0,0.0,0.0
12.90631,0x386,0.0,0.0,1.0,6.25,1.33,-0.01,15.1875,15.21875,14.84375,14.96875,-1.1,0.0,0.0,0.0
12.9074,0x316,0.0,0.0,1.0,6.25,1.33,-0.01,15.1875,15.21875,14.84375,14.96875,-1.1,0.0,0.0,0.0
12.91001,0x2B0,0.0,0.0,1.0,6.25,1.33,-0.01,15.1875,15.21875,14.84375,14.96875,-1.1,0.0,0.0,0.0
12.91608,0x220,0.0,0.0,1.0,6.25,1.09,0.1,15.1875,15.21875,14.84375,14.96875,-1.1,0.0,0.0,0.0
12.91728,0x316,0.0,0.0,1.0,6.25,1.09,0.1,15.1875,15.21875,14.84375,14.96875,-1.1,0.0,0.0,0.0
12.92001,0x2B0,0.0,0.0,1.0,6.25,1.09,0.1,15.1875,15.21875,14.84375,14.96875,-1.1,0.0,0.0,0.0
12.92608,0x220,0.0,0.0,1.0,6.25,1.02,0.4,15.1875,15.21875,14.84375,14.96875,-1.1,0.0,0.0,0.0
12.92632,0x386,0.0,0.0,1.0,6.25,1.02,0.4,14.8125,15.3125,14.9375,15.03125,-1.1,0.0,0.0,0.0
12.92728,0x316,0.0,0.0,1.0,6.25,1.02,0.4,14.8125,15.3125,14.9375,15.03125,-1.1,0.0,0.0,0.0
12.93,0x2B0,0.0,0.0,1.0,6.25,1.02,0.4,14.8125,15.3125,14.9375,15.03125,-1.1,0.0,0.0,0.0
12.93608,0x220,0.0,0.0,1.0,6.25,1.21,0.45,14.8125,15.3125,14.9375,15.03125,-1.1,0.0,0.0,0.0
12.93736,0x316,0.0,0.0,1.0,6.25,1.21,0.45,14.8125,15.3125,14.9375,15.03125,-1.1,0.0,0.0,0.0
12.94001,0x2B0,0.0,0.0,1.0,6.25,1.21,0.45,14.8125,15.3125,14.9375,15.03125,-1.1,0.0,0.0,0.0
12.94607,0x220,0.0,0.0,1.0,6.25,1.5,0.2,14.8125,15.3125,14.9375,15.03125,-1.1,0.0,0.0,0.0
12.9463,0x386,0.0,0.0,1.0,6.25,1.5,0.2,15.21875,15.28125,14.96875,14.90625,-1.1,0.0,0.0,0.0
12.9474,0x316,0.0,0.0,1.0,6.25,1.5,0.2,15.21875,15.28125,14.96875,14.90625,-1.1,0.0,0.0,0.0
12.95011,0x2B0,0.0,0.0,1.0,6.25,1.5,0.2,15.21875,15.28125,14.96875,14.90625,-1.1,0.0,0.0,0.0
12.95608,0x220,0.0,0.0,1.0,6.25,1.66,-0.04,15.21875,15.28125,14.96875,14.90625,-1.1,0.0,0.0,0.0
12.9573,0x316,0.0,0.0,1.0,6.25,1.66,-0.04,15.21875,15.28125,14.96875,14.90625,-1.1,0.0,0.0,0.0
12.96005,0x2B0,0.0,0.0,1.0,6.25,1.66,-0.04,15.21875,15.28125,14.96875,14.90625,-0.9,8.0,0.0,0.0
12.96608,0x220,0.0,0.0,1.0,6.25,1.69,-0.01,15.21875,15.28125,14.96875,14.90625,-0.9,8.0,0.0,0.0
12.96631,0x386,0.0,0.0,1.0,6.25,1.69,-0.01,15.21875,15.28125,14.78125,15.0,-0.9,8.0,0.0,0.0
12.96775,0x316,0.0,0.0,1.0,6.25,1.69,-0.01,15.21875,15.28125,14.78125,15.0,-0.9,8.0,0.0,0.0
12.97003,0x2B0,0.0,0.0,1.0,6.25,1.69,-0.01,15.21875,15.28125,14.78125,15.0,-0.9,8.0,0.0,0.0
12.97608,0x220,0.0,0.0,1.0,6.25,1.66,0.15,15.21875,15.28125,14.78125,15.0,-0.9,8.0,0.0,0.0
12.97776,0x316,0.0,0.0,1.0,6.25,1.66,0.15,15.21875,15.28125,14.78125,15.0,-0.9,8.0,0.0,0.0
12.98008,0x2B0,0.0,0.0,1.0,6.25,1.66,0.15,15.21875,15.28125,14.78125,15.0,-0.9,0.0,0.0,0.0
12.98608,0x220,0.0,0.0,1.0,6.25,1.6,0.16,15.21875,15.28125,14.78125,15.0,-0.9,0.0,0.0,0.0
12.98631,0x386,0.0,0.0,1.0,6.25,1.6,0.16,15.28125,15.4375,14.9375,15.03125,-0.9,0.0,0.0,0.0
12.98734,0x316,0.0,0.0,1.0,6.25,1.6,0.16,15.28125,15.4375,14.9375,15.03125,-0.9,0.0,0.0,0.0
12.99002,0x2B0,0.0,0.0,1.0,6.25,1.6,0.16,15.28125,15.4375,14.9375,15.03125,-0.8,0.0,0.0,0.0
12.99608,0x220,0.0,0.0,1.0,6.25,1.57,-0.01,15.28125,15.4375,14.9375,15.03125,-0.8,0.0,0.0,0.0
12.99745,0x316,0.0,0.0,1.0,6.25,1.57,-0.01,15.28125,15.4375,14.9375,15.03125,-0.8,0.0,0.0,0.0
13.00001,0x2B0,0.0,0.0,1.0,6.25,1.57,-0.01,15.28125,15.4375,14.9375,15.03125,-0.8,0.0,0.0,0.0
13.00608,0x220,0.0,0.0,1.0,6.25,1.58,-0.13,15.28125,15.4375,14.9375,15.03125,-0.8,0.0,0.0,0.0
13.00632,0x386,0.0,0.0,1.0,6.25,1.58,-0.13,15.28125,15.25,14.8125,15.03125,-0.8,0.0,0.0,0.0
13.00729,0x316,0.0,0.0,1.0,6.25,1.58,-0.13,15.28125,15.25,14.8125,15.03125,-0.8,0.0,0.0,0.0
13.00999,0x2B0,0.0,0.0,1.0,6.25,1.58,-0.13,15.28125,15.25,14.8125,15.03125,-0.8,0.0,0.0,0.0
13.01609,0x220,0.0,0.0,1.0,6.25,1.61,-0.05,15.28125,15.25,14.8125,15.03125,-0.8,0.0,0.0,0.0
13.01734,0x316,0.0,0.0,1.0,6.25,1.61,-0.05,15.28125,15.25,14.8125,15.03125,-0.8,0.0,0.0,0.0
13.01999,0x2B0,0.0,0.0,1.0,6.25,1.61,-0.05,15.28125,15.25,14.8125,15.03125,-0.8,0.0,0.0,0.0
13.02609,0x220,0.0,0.0,1.0,6.25,1.68,0.07,15.28125,15.25,14.8125,15.03125,-0.8,0.0,0.0,0.0
13.02633,0x386,0.0,0.0,1.0,6.25,1.68,0.07,15.1875,15.25,14.90625,15.0,-0.8,0.0,0.0,0.0
13.02747,0x316,0.0,0.0,1.0,6.25,1.68,0.07,15.1875,15.25,14.90625,15.0,-0.8,0.0,0.0,0.0
13.03,0x2B0,0.0,0.0,1.0,6.25,1.68,0.07,15.1875,15.25,14.90625,15.0,-0.7,0.0,0.0,0.0
13.03608,0x220,0.0,0.0,1.0,6.25,1.76,0.11,15.1875,15.25,14.90625,15.0,-0.7,0.0,0.0,0.0
13.03729,0x316,0.0,0.0,1.0,6.25,1.76,0.11,15.1875,15.25,14.90625,15.0,-0.7,0.0,0.0,0.0
13.04,0x2B0,0.0,0.0,1.0,6.25,1.76,0.11,15.1875,15.25,14.90625,15.0,-0.7,0.0,0.0,0.0
13.04608,0x220,0.0,0.0,1.0,6.25,1.78,0.08,15.1875,15.25,14.90625,15.0,-0.7,0.0,0.0,0.0
13.04632,0x386,0.0,0.0,1.0,6.25,1.78,0.08,15.28125,15.25,14.84375,15.0,-0.7,0.0,0.0,0.0
13.04729,0x316,0.0,0.0,1.0,6.25,1.78,0.08,15.28125,15.25,14.84375,15.0,-0.7,0.0,0.0,0.0
13.05008,0x2B0,0.0,0.0,1.0,6.25,1.78,0.08,15.28125,15.25,14.84375,15.0,-0.7,0.0,0.0,0.0
13.05608,0x220,0.0,0.0,1.0,6.25,1.74,0.06,15.28125,15.25,14.84375,15.0,-0.7,0.0,0.0,0.0
13.05732,0x316,0.0,0.0,1.0,6.25,1.74,0.06,15.28125,15.25,14.84375,15.0,-0.7,0.0,0.0,0.0
13.06002,0x2B0,0.0,0.0,1.0,6.25,1.74,0.06,15.28125,15.25,14.84375,15.0,-0.5,8.0,0.0,0.0
13.06607,0x220,0.0,0.0,1.0,6.25,1.72,0.04,15.28125,15.25,14.84375,15.0,-0.5,8.0,0.0,0.0
13.06631,0x386,0.0,0.0,1.0,6.25,1.72,0.04,15.1875,15.25,14.90625,15.0,-0.5,8.0,0.0,0.0
13.06778,0x316,0.0,0.0,1.0,6.25,1.72,0.04,15.1875,15.25,14.90625,15.0,-0.5,8.0,0.0,0.0
13.06998,0x2B0,0.0,0.0,1.0,6.25,1.72,0.04,15.1875,15.25,14.90625,15.0,-0.5,8.0,0.0,0.0
13.07608,0x220,0.0,0.0,1.0,6.25,1.71,0.0,15.1875,15.25,14.90625,15.0,-0.5,8.0,0.0,0.0
13.07779,0x316,0.0,0.0,1.0,6.25,1.71,0.0,15.1875,15.25,14.90625,15.0,-0.5,8.0,0.0,0.0
13.08,0x2B0,0.0,0.0,1.0,6.25,1.71,0.0,15.1875,15.25,14.90625,15.0,-0.5,0.0,0.0,0.0
13.08608,0x220,0.0,0.0,1.0,6.25,1.64,-0.06,15.1875,15.25,14.90625,15.0,-0.5,0.0,0.0,0.0
13.08631,0x386,0.0,0.0,1.0,6.25,1.64,-0.06,15.21875,15.1875,14.875,15.03125,-0.5,0.0,0.0,0.0
13.08728,0x316,0.0,0.0,1.0,6.25,1.64,-0.06,15.21875,15.1875,14.875,15.03125,-0.5,0.0,0.0,0.0
13.09002,0x2B0,0.0,0.0,1.0,6.25,1.64,-0.06,15.21875,15.1875,14.875,15.03125,-0.4,0.0,0.0,0.0
13.09609,0x220,0.0,0.0,1.0,6.25,1.53,-0.02,15.21875,15.1875,14.875,15.03125,-0.4,0.0,0.0,0.0
13.09747,0x316,0.0,0.0,1.0,6.25,1.53,-0.02,15.21875,15.1875,14.875,15.03125,-0.4,0.0,0.0,0.0
13.10001,0x2B0,0.0,0.0,1.0,6.25,1.53,-0.02,15.21875,15.1875,14.875,15.03125,-0.4,0.0,0.0,0.0
13.10608,0x220,0.0,0.0,1.0,6.25,1.44,0.1,15.21875,15.1875,14.875,15.03125,-0.4,0.0,0.0,0.0
13.10631,0x386,0.0,0.0,1.0,6.25,1.44,0.1,15.15625,15.28125,14.84375,15.0625,-0.4,0.0,0.0,0.0
13.10736,0x316,0.0,0.0,1.0,6.25,1.44,0.1,15.15625,15.28125,14.84375,15.0625,-0.4,0.0,0.0,0.0
13.11,0x2B0,0.0,0.0,1.0,6.25,1.44,0.1,15.15625,15.28125,14.84375,15.0625,-0.4,0.0,0.0,0.0
13.11608,0x220,0.0,0.0,1.0,6.25,1.39,0.19,15.15625,15.28125,14.84375,15.0625,-0.4,0.0,0.0,0.0
13.11728,0x316,0.0,0.0,1.0,6.25,1.39,0.19,15.15625,15.28125,14.84375,15.0625,-0.4,0.0,0.0,0.0
13.11999,0x2B0,0.0,0.0,1.0,6.25,1.39,0.19,15.15625,15.28125,14.84375,15.0625,-0.4,0.0,0.0,0.0
13.12609,0x220,0.0,0.0,1.0,6.25,1.34,0.11,15.15625,15.28125,14.84375,15.0625,-0.4,0.0,0.0,0.0
13.12632,0x386,0.0,0.0,1.0,6.25,1.34,0.11,15.21875,15.1875,14.875,14.9375,-0.4,0.0,0.0,0.0
13.12729,0x316,0.0,0.0,1.0,6.25,1.34,0.11,15.21875,15.1875,14.875,14.9375,-0.4,0.0,0.0,0.0
13.12999,0x2B0,0.0,0.0,1.0,6.25,1.34,0.11,15.21875,15.1875,14.875,14.9375,-0.4,0.0,0.0,0.0
13.13609,0x220,0.0,0.0,1.0,6.25,1.29,0.07,15.21875,15.1875,14.875,14.9375,-0.4,0.0,0.0,0.0
13.1373,0x316,0.0,0.0,1.0,6.25,1.29,0.07,15.21875,15.1875,14.875,14.9375,-0.4,0.0,0.0,0.0
13.13999,0x2B0,0.0,0.0,1.0,6.25,1.29,0.07,15.21875,15.1875,14.875,14.9375,-0.4,0.0,0.0,0.0
13.14609,0x220,0.0,0.0,1.0,6.25,1.28,0.17,15.21875,15.1875,14.875,14.9375,-0.4,0.0,0.0,0.0
13.14632,0x386,0.0,0.0,1.0,6.25,1.28,0.17,15.375,15.15625,14.875,15.0,-0.4,0.0,0.0,0.0
13.14739,0x316,0.0,0.0,1.0,6.25,1.28,0.17,15.375,15.15625,14.875,15.0,-0.4,0.0,0.0,0.0
13.14999,0x2B0,0.0,0.0,1.0,6.25,1.28,0.17,15.375,15.15625,14.875,15.0,-0.4,0.0,0.0,0.0
13.15609,0x220,0.0,0.0,1.0,6.25,1.31,0.29,15.375,15.15625,14.875,15.0,-0.4,0.0,0.0,0.0
13.1573,0x316,0.0,0.0,1.0,6.25,1.31,0.29,15.375,15.15625,14.875,15.0,-0.4,0.0,0.0,0.0
13.15999,0x2B0,0.0,0.0,1.0,6.25,1.31,0.29,15.375,15.15625,14.875,15.0,-0.4,0.0,0.0,0.0
13.16609,0x220,0.0,0.0,1.0,6.25,1.33,0.33,15.375,15.15625,14.875,15.0,-0.4,0.0,0.0,0.0
13.16632,0x386,0.0,0.0,1.0,6.25,1.33,0.33,15.09375,14.96875,14.875,14.96875,-0.4,0.0,0.0,0.0
13.16753,0x316,0.0,0.0,1.0,6.25,1.33,0.33,15.09375,14.96875,14.875,14.96875,-0.4,0.0,0.0,0.0
13.16999,0x2B0,0.0,0.0,1.0,6.25,1.33,0.33,15.09375,14.96875,14.875,14.96875,-0.4,0.0,0.0,0.0
13.17609,0x220,0.0,0.0,1.0,6.25,1.33,0.25,15.09375,14.96875,14.875,14.96875,-0.4,0.0,0.0,0.0
13.17754,0x316,0.0,0.0,1.0,6.25,1.33,0.25,15.09375,14.96875,14.875,14.96875,-0.4,0.0,0.0,0.0
13.17999,0x2B0,0.0,0.0,1.0,6.25,1.33,0.25,15.09375,14.96875,14.875,14.96875,-0.4,0.0,0.0,0.0
13.18609,0x220,0.0,0.0,1.0,6.25,1.28,0.2,15.09375,14.96875,14.875,14.96875,-0.4,0.0,0.0,0.0
13.18633,0x386,0.0,0.0,1.0,6.25,1.28,0.2,15.09375,15.0,14.9375,15.03125,-0.4,0.0,0.0,0.0
13.18739,0x316,0.0,0.0,1.0,6.25,1.28,0.2,15.09375,15.0,14.9375,15.03125,-0.4,0.0,0.0,0.0
13.18999,0x2B0,0.0,0.0,1.0,6.25,1.28,0.2,15.09375,15.0,14.9375,15.03125,-0.4,0.0,0.0,0.0
13.19609,0x220,0.0,0.0,1.0,6.25,1.27,0.2,15.09375,15.0,14.9375,15.03125,-0.4,0.0,0.0,0.0
13.19744,0x316,0.0,0.0,1.0,6.25,1.27,0.2,15.09375,15.0,14.9375,15.03125,-0.4,0.0,0.0,0.0
13.19998,0x2B0,0.0,0.0,1.0,6.25,1.27,0.2,15.09375,15.0,14.9375,15.03125,-0.4,0.0,0.0,0.0
13.20609,0x220,0.0,0.0,1.0,6.25,1.26,0.24,15.09375,15.0,14.9375,15.03125,-0.4,0.0,0.0,0.0
13.20632,0x386,0.0,0.0,1.0,6.25,1.26,0.24,15.15625,15.15625,14.9375,14.9375,-0.4,0.0,0.0,0.0
13.20729,0x316,0.0,0.0,1.0,6.25,1.26,0.24,15.15625,15.15625,14.9375,14.9375,-0.4,0.0,0.0,0.0
13.20999,0x2B0,0.0,0.0,1.0,6.25,1.26,0.24,15.15625,15.15625,14.9375,14.9375,-0.4,0.0,0.0,0.0
13.21608,0x220,0.0,0.0,1.0,6.25,1.24,0.22,15.15625,15.15625,14.9375,14.9375,-0.4,0.0,0.0,0.0
13.21731,0x316,0.0,0.0,1.0,6.25,1.24,0.22,15.15625,15.15625,14.9375,14.9375,-0.4,0.0,0.0,0.0
13.22,0x2B0,0.0,0.0,1.0,6.25,1.24,0.22,15.15625,15.15625,14.9375,14.9375,-0.4,0.0,0.0,0.0
13.22609,0x220,0.0,0.0,1.0,6.25,1.27,0.14,15.15625,15.15625,14.9375,14.9375,-0.4,0.0,0.0,0.0
13.22633,0x386,0.0,0.0,1.0,6.25,1.27,0.14,15.28125,15.21875,14.90625,14.9375,-0.4,0.0,0.0,0.0
13.22747,0x316,0.0,0.0,1.0,6.25,1.27,0.14,15.28125,15.21875,14.90625,14.9375,-0.4,0.0,0.0,0.0
13.22999,0x2B0,0.0,0.0,1.0,6.25,1.27,0.14,15.28125,15.21875,14.90625,14.9375,-0.4,0.0,0.0,0.0
13.23608,0x220,0.0,0.0,1.0,6.25,1.36,0.08,15.28125,15.21875,14.90625,14.9375,-0.4,0.0,0.0,0.0
13.23729,0x316,0.0,0.0,1.0,6.25,1.36,0.08,15.28125,15.21875,14.90625,14.9375,-0.4,0.0,2.0,0.0
13.24004,0x2B0,0.0,0.0,1.0,6.25,1.36,0.08,15.28125,15.21875,14.90625,14.9375,-0.4,0.0,2.0,0.0
13.24608,0x220,0.0,0.0,1.0,6.25,1.44,0.1,15.28125,15.21875,14.90625,14.9375,-0.4,0.0,2.0,0.0
13.24632,0x386,0.0,0.0,1.0,6.25,1.44,0.1,15.0,15.15625,15.0,14.96875,-0.4,0.0,2.0,0.0
13.24728,0x316,0.0,0.0,1.0,6.25,1.44,0.1,15.0,15.15625,15.0,14.96875,-0.4,0.0,2.0,0.0
13.25003,0x2B0,0.0,0.0,1.0,6.25,1.44,0.1,15.0,15.15625,15.0,14.96875,-0.4,0.0,2.0,0.0
13.25609,0x220,0.0,0.0,1.0,6.25,1.47,0.18,15.0,15.15625,15.0,14.96875,-0.4,0.0,2.0,0.0
13.25731,0x316,0.0,0.0,1.0,6.25,1.47,0.18,15.0,15.15625,15.0,14.96875,-0.4,0.0,5.0,0.0
13.26003,0x2B0,0.0,0.0,1.0,6.25,1.47,0.18,15.0,15.15625,15.0,14.96875,-0.6,8.0,5.0,0.0
13.26608,0x220,0.0,0.0,1.0,6.25,1.51,0.22,15.0,15.15625,15.0,14.96875,-0.6,8.0,5.0,0.0
13.26632,0x386,0.0,0.0,1.0,6.25,1.51,0.22,15.3125,15.25,15.09375,14.90625,-0.6,8.0,5.0,0.0
13.26785,0x316,0.0,0.0,1.0,6.25,1.51,0.22,15.3125,15.25,15.09375,14.90625,-0.6,8.0,5.0,0.0
13.27005,0x2B0,0.0,0.0,1.0,6.25,1.51,0.22,15.3125,15.25,15.09375,14.90625,-0.6,8.0,5.0,0.0
13.27609,0x220,0.0,0.0,1.0,6.25,1.53,0.17,15.3125,15.25,15.09375,14.90625,-0.6,8.0,5.0,0.0
13.27785,0x316,0.0,0.0,1.0,6.25,1.53,0.17,15.3125,15.25,15.09375,14.90625,-0.6,8.0,5.0,0.0
13.28004,0x2B0,0.0,0.0,1.0,6.25,1.53,0.17,15.3125,15.25,15.09375,14.90625,-0.6,0.0,5.0,0.0
13.28608,0x220,0.0,0.0,1.0,6.25,1.5,0.06,15.3125,15.25,15.09375,14.90625,-0.6,0.0,5.0,0.0
13.28631,0x386,0.0,0.0,1.0,6.25,1.5,0.06,15.09375,15.25,14.90625,14.9375,-0.6,0.0,5.0,0.0
13.28733,0x316,0.0,0.0,1.0,6.25,1.5,0.06,15.09375,15.25,14.90625,14.9375,-0.6,0.0,7.0,0.0
13.29004,0x2B0,0.0,0.0,1.0,6.25,1.5,0.06,15.09375,15.25,14.90625,14.9375,-0.6,0.0,7.0,0.0
13.29609,0x220,0.0,0.0,1.0,6.25,1.48,0.0,15.09375,15.25,14.90625,14.9375,-0.6,0.0,7.0,0.0
13.29738,0x316,0.0,0.0,1.0,6.25,1.48,0.0,15.09375,15.25,14.90625,14.9375,-0.6,0.0,7.0,0.0
13.30002,0x2B0,0.0,0.0,1.0,6.25,1.48,0.0,15.09375,15.25,14.90625,14.9375,-0.7,0.0,7.0,0.0
13.30609,0x220,0.0,0.0,1.0,6.25,1.46,-0.04,15.09375,15.25,14.90625,14.9375,-0.7,0.0,7.0,0.0
13.30633,0x386,0.0,0.0,1.0,6.25,1.46,-0.04,15.3125,15.28125,14.78125,15.0,-0.7,0.0,7.0,0.0
13.30741,0x316,0.0,0.0,1.0,6.25,1.46,-0.04,15.3125,15.28125,14.78125,15.0,-0.7,0.0,7.0,0.0
13.30997,0x2B0,0.0,0.0,1.0,6.25,1.46,-0.04,15.3125,15.28125,14.78125,15.0,-0.7,0.0,7.0,0.0
13.31609,0x220,0.0,0.0,1.0,6.25,1.48,-0.08,15.3125,15.28125,14.78125,15.0,-0.7,0.0,7.0,0.0
13.31731,0x316,0.0,0.0,1.0,6.25,1.48,-0.08,15.3125,15.28125,14.78125,15.0,-0.7,0.0,7.0,0.0
13.31998,0x2B0,0.0,0.0,1.0,6.25,1.48,-0.08,15.3125,15.28125,14.78125,15.0,-0.7,0.0,7.0,0.0
13.3261,0x220,0.0,0.0,1.0,6.25,1.56,-0.13,15.3125,15.28125,14.78125,15.0,-0.7,0.0,7.0,0.0
13.32633,0x386,0.0,0.0,1.0,6.25,1.56,-0.13,15.125,15.46875,14.875,14.96875,-0.7,0.0,7.0,0.0
13.3273,0x316,0.0,0.0,1.0,6.25,1.56,-0.13,15.125,15.46875,14.875,14.96875,-0.7,0.0,7.0,0.0
13.32997,0x2B0,0.0,0.0,1.0,6.25,1.56,-0.13,15.125,15.46875,14.875,14.96875,-0.7,0.0,7.0,0.0
13.33609,0x220,0.0,0.0,1.0,6.25,1.64,-0.1,15.125,15.46875,14.875,14.96875,-0.7,0.0,7.0,0.0
13.33725,0x316,0.0,0.0,1.0,6.25,1.64,-0.1,15.125,15.46875,14.875,14.96875,-0.7,0.0,7.0,0.0
13.34,0x2B0,0.0,0.0,1.0,6.25,1.64,-0.1,15.125,15.46875,14.875,14.96875,-0.7,0.0,7.0,0.0
13.34609,0x220,0.0,0.0,1.0,6.25,1.69,0.03,15.125,15.46875,14.875,14.96875,-0.7,0.0,7.0,0.0
13.34632,0x386,0.0,0.0,1.0,6.25,1.69,0.03,15.375,15.25,14.875,14.96875,-0.7,0.0,7.0,0.0
13.34737,0x316,0.0,0.0,1.0,6.25,1.69,0.03,15.375,15.25,14.875,14.96875,-0.7,0.0,7.0,0.0
13.35,0x2B0,0.0,0.0,1.0,6.25,1.69,0.03,15.375,15.25,14.875,14.96875,-0.7,0.0,7.0,0.0
13.35609,0x220,0.0,0.0,1.0,6.25,1.75,0.17,15.375,15.25,14.875,14.96875,-0.7,0.0,7.0,0.0
13.35737,0x316,0.0,0.0,1.0,6.25,1.75,0.17,15.375,15.25,14.875,14.96875,-0.7,0.0,7.0,0.0
13.36007,0x2B0,0.0,0.0,1.0,6.25,1.75,0.17,15.375,15.25,14.875,14.96875,-0.7,0.0,7.0,0.0
13.36609,0x220,0.0,0.0,1.0,6.25,1.82,0.02,15.375,15.25,14.875,14.96875,-0.7,0.0,7.0,0.0
13.36632,0x386,0.0,0.0,1.0,6.25,1.82,0.02,15.25,15.34375,14.875,14.9375,-0.7,0.0,7.0,0.0
13.36755,0x316,0.0,0.0,1.0,6.25,1.82,0.02,15.25,15.34375,14.875,14.9375,-0.7,0.0,7.0,0.0
13.37006,0x2B0,0.0,0.0,1.0,6.25,1.82,0.02,15.25,15.34375,14.875,14.9375,-0.7,0.0,7.0,0.0
13.37608,0x220,0.0,0.0,1.0,6.25,1.79,-0.28,15.25,15.34375,14.875,14.9375,-0.7,0.0,7.0,0.0
13.37747,0x316,0.0,0.0,1.0,6.25,1.79,-0.28,15.25,15.34375,14.875,14.9375,-0.7,0.0,7.0,0.0
13.38001,0x2B0,0.0,0.0,1.0,6.25,1.79,-0.28,15.25,15.34375,14.875,14.9375,-0.5,8.0,7.0,0.0
13.38608,0x220,0.0,0.0,1.0,6.25,1.62,-0.39,15.25,15.34375,14.875,14.9375,-0.5,8.0,7.0,0.0
13.38631,0x386,0.0,0.0,1.0,6.25,1.62,-0.39,15.15625,15.125,14.9375,15.09375,-0.5,8.0,7.0,0.0
13.38735,0x316,0.0,0.0,1.0,6.25,1.62,-0.39,15.15625,15.125,14.9375,15.09375,-0.5,8.0,5.0,0.0
13.38998,0x2B0,0.0,0.0,1.0,6.25,1.62,-0.39,15.15625,15.125,14.9375,15.09375,-0.5,8.0,5.0,0.0
13.39608,0x220,0.0,0.0,1.0,6.25,1.5,-0.14,15.15625,15.125,14.9375,15.09375,-0.5,8.0,5.0,0.0
13.39753,0x316,0.0,0.0,1.0,6.25,1.5,-0.14,15.15625,15.125,14.9375,15.09375,-0.5,8.0,5.0,0.0
13.39999,0x2B0,0.0,0.0,1.0,6.25,1.5,-0.14,15.15625,15.125,14.9375,15.09375,-0.5,0.0,5.0,0.0
13.40608,0x220,0.0,0.0,1.0,6.25,1.52,0.09,15.15625,15.125,14.9375,15.09375,-0.5,0.0,5.0,0.0
13.40632,0x386,0.0,0.0,1.0,6.25,1.52,0.09,15.65625,15.3125,15.0,15.125,-0.5,0.0,5.0,0.0
13.40728,0x316,0.0,0.0,1.0,6.25,1.52,0.09,15.65625,15.3125,15.0,15.125,-0.5,0.0,5.0,0.0
13.41006,0x2B0,0.0,0.0,1.0,6.25,1.52,0.09,15.65625,15.3125,15.0,15.125,-0.5,0.0,5.0,0.0
13.41609,0x220,0.0,0.0,1.0,6.25,1.64,0.08,15.65625,15.3125,15.0,15.125,-0.5,0.0,5.0,0.0
13.41728,0x316,0.0,0.0,1.0,6.25,1.64,0.08,15.65625,15.3125,15.0,15.125,-0.5,0.0,2.0,0.0
13.41998,0x2B0,0.0,0.0,1.0,6.25,1.64,0.08,15.65625,15.3125,15.0,15.125,-0.5,0.0,2.0,0.0
13.42609,0x220,0.0,0.0,1.0,6.25,1.78,-0.13,15.65625,15.3125,15.0,15.125,-0.5,0.0,2.0,0.0
13.42632,0x386,0.0,0.0,1.0,6.25,1.78,-0.13,15.03125,15.3125,14.9375,15.15625,-0.5,0.0,2.0,0.0
13.42747,0x316,0.0,0.0,1.0,6.25,1.78,-0.13,15.03125,15.3125,14.9375,15.15625,-0.5,0.0,2.0,0.0
13.42998,0x2B0,0.0,0.0,1.0,6.25,1.78,-0.13,15.03125,15.3125,14.9375,15.15625,-0.5,0.0,2.0,0.0
13.43609,0x220,0.0,0.0,1.0,6.25,1.86,-0.27,15.03125,15.3125,14.9375,15.15625,-0.5,0.0,2.0,0.0
13.43737,0x316,0.0,0.0,1.0,6.25,1.86,-0.27,15.03125,15.3125,14.9375,15.15625,-0.5,0.0,0.0,0.0
13.43997,0x2B0,0.0,0.0,1.0,6.25,1.86,-0.27,15.03125,15.3125,14.9375,15.15625,-0.5,0.0,0.0,0.0
13.44609,0x220,0.0,0.0,1.0,6.25,1.82,-0.14,15.03125,15.3125,14.9375,15.15625,-0.5,0.0,0.0,0.0
13.44632,0x386,0.0,0.0,1.0,6.25,1.82,-0.14,15.3125,15.1875,14.96875,15.1875,-0.5,0.0,0.0,0.0
13.44728,0x316,0.0,0.0,1.0,6.25,1.82,-0.14,15.3125,15.1875,14.96875,15.1875,-0.5,0.0,0.0,0.0
13.44997,0x2B0,0.0,0.0,1.0,6.25,1.82,-0.14,15.3125,15.1875,14.96875,15.1875,-0.5,0.0,0.0,0.0
13.45609,0x220,0.0,0.0,1.0,6.25,1.66,0.1,15.3125,15.1875,14.96875,15.1875,-0.5,0.0,0.0,0.0
13.45729,0x316,0.0,0.0,1.0,6.25,1.66,0.1,15.3125,15.1875,14.96875,15.1875,-0.5,0.0,0.0,0.0
13.45997,0x2B0,0.0,0.0,1.0,6.25,1.66,0.1,15.3125,15.1875,14.96875,15.1875,-0.5,0.0,0.0,0.0
13.46609,0x220,0.0,0.0,1.0,6.25,1.46,0.15,15.3125,15.1875,14.96875,15.1875,-0.5,0.0,0.0,0.0
13.46633,0x386,0.0,0.0,1.0,6.25,1.46,0.15,15.34375,15.3125,14.8125,15.0625,-0.5,0.0,0.0,0.0
13.4676,0x316,0.0,0.0,1.0,6.25,1.46,0.15,15.34375,15.3125,14.8125,15.0625,-0.5,0.0,0.0,0.0
13.46997,0x2B0,0.0,0.0,1.0,6.25,1.46,0.15,15.34375,15.3125,14.8125,15.0625,-0.5,0.0,0.0,0.0
13.47609,0x220,0.0,0.0,1.0,6.25,1.3,0.0,15.34375,15.3125,14.8125,15.0625,-0.5,0.0,0.0,0.0
13.47793,0x316,0.0,0.0,1.0,6.25,1.3,0.0,15.34375,15.3125,14.8125,15.0625,-0.5,0.0,0.0,0.0
13.47997,0x2B0,0.0,0.0,1.0,6.25,1.3,0.0,15.34375,15.3125,14.8125,15.0625,-0.5,0.0,0.0,0.0
13.4861,0x220,0.0,0.0,1.0,6.25,1.17,-0.07,15.34375,15.3125,14.8125,15.0625,-0.5,0.0,0.0,0.0
13.48633,0x386,0.0,0.0,1.0,6.25,1.17,-0.07,15.25,15.25,14.875,14.90625,-0.5,0.0,0.0,0.0
13.4873,0x316,0.0,0.0,1.0,6.25,1.17,-0.07,15.25,15.25,14.875,14.90625,-0.5,0.0,0.0,0.0
13.48997,0x2B0,0.0,0.0,1.0,6.25,1.17,-0.07,15.25,15.25,14.875,14.90625,-0.5,0.0,0.0,0.0
13.49609,0x220,0.0,0.0,1.0,6.25,1.16,0.0,15.25,15.25,14.875,14.90625,-0.5,0.0,0.0,0.0
13.49741,0x316,0.0,0.0,1.0,6.25,1.16,0.0,15.25,15.25,14.875,14.90625,-0.5,0.0,0.0,0.0
13.49997,0x2B0,0.0,0.0,1.0,6.25,1.16,0.0,15.25,15.25,14.875,14.90625,-0.5,0.0,0.0,0.0
13.5061,0x220,0.0,0.0,1.0,6.25,1.31,0.11,15.25,15.25,14.875,14.90625,-0.5,0.0,0.0,0.0
13.50633,0x386,0.0,0.0,1.0,6.25,1.31,0.11,15.375,15.28125,14.9375,14.90625,-0.5,0.0,0.0,0.0
13.50737,0x316,0.0,0.0,1.0,6.25,1.31,0.11,15.375,15.28125,14.9375,14.90625,-0.5,0.0,2.0,0.0
13.50996,0x2B0,0.0,0.0,1.0,6.25,1.31,0.11,15.375,15.28125,14.9375,14.90625,-0.5,0.0,2.0,0.0
13.51609,0x220,0.0,0.0,1.0,6.25,1.48,0.05,15.375,15.28125,14.9375,14.90625,-0.5,0.0,2.0,0.0
13.51731,0x316,0.0,0.0,1.0,6.25,1.48,0.05,15.375,15.28125,14.9375,14.90625,-0.5,0.0,2.0,0.0
13.51997,0x2B0,0.0,0.0,1.0,6.25,1.48,0.05,15.375,15.28125,14.9375,14.90625,-0.5,0.0,2.0,0.0
13.5261,0x220,0.0,0.0,1.0,6.25,1.58,-0.01,15.375,15.28125,14.9375,14.90625,-0.5,0.0,2.0,0.0
13.52634,0x386,0.0,0.0,1.0,6.25,1.58,-0.01,15.34375,15.21875,14.9375,14.84375,-0.5,0.0,2.0,0.0
13.5273,0x316,0.0,0.0,1.0,6.25,1.58,-0.01,15.34375,15.21875,14.9375,14.84375,-0.5,0.0,2.0,0.0
13.53004,0x2B0,0.0,0.0,1.0,6.25,1.58,-0.01,15.34375,15.21875,14.9375,14.84375,-0.5,0.0,2.0,0.0
13.53609,0x220,0.0,0.0,1.0,6.25,1.59,0.0,15.34375,15.21875,14.9375,14.84375,-0.5,0.0,2.0,0.0
13.53726,0x316,0.0,0.0,1.0,6.25,1.59,0.0,15.34375,15.21875,14.9375,14.84375,-0.5,0.0,2.0,0.0
13.54002,0x2B0,0.0,0.0,1.0,6.25,1.59,0.0,15.34375,15.21875,14.9375,14.84375,-0.7,8.0,2.0,0.0
13.54609,0x220,0.0,0.0,1.0,6.25,1.59,0.06,15.34375,15.21875,14.9375,14.84375,-0.7,8.0,2.0,0.0
13.54632,0x386,0.0,0.0,1.0,6.25,1.59,0.06,15.3125,15.15625,14.9375,15.09375,-0.7,8.0,2.0,0.0
13.54735,0x316,0.0,0.0,1.0,6.25,1.59,0.06,15.3125,15.15625,14.9375,15.09375,-0.7,8.0,2.0,0.0
13.55003,0x2B0,0.0,0.0,1.0,6.25,1.59,0.06,15.3125,15.15625,14.9375,15.09375,-0.7,8.0,2.0,0.0
13.55609,0x220,0.0,0.0,1.0,6.25,1.57,0.05,15.3125,15.15625,14.9375,15.09375,-0.7,8.0,2.0,0.0
13.55736,0x316,0.0,0.0,1.0,6.25,1.57,0.05,15.3125,15.15625,14.9375,15.09375,-0.7,8.0,0.0,0.0
13.56,0x2B0,0.0,0.0,1.0,6.25,1.57,0.05,15.3125,15.15625,14.9375,15.09375,-0.9,8.0,0.0,0.0
13.56609,0x220,0.0,0.0,1.0,6.25,1.5,-0.02,15.3125,15.15625,14.9375,15.09375,-0.9,8.0,0.0,0.0
13.56633,0x386,0.0,0.0,1.0,6.25,1.5,-0.02,15.03125,15.25,14.875,15.15625,-0.9,8.0,0.0,0.0
13.56755,0x316,0.0,0.0,1.0,6.25,1.5,-0.02,15.03125,15.25,14.875,15.15625,-0.9,8.0,0.0,0.0
13.57002,0x2B0,0.0,0.0,1.0,6.25,1.5,-0.02,15.03125,15.25,14.875,15.15625,-0.9,8.0,0.0,0.0
13.5761,0x220,0.0,0.0,1.0,6.25,1.42,0.0,15.03125,15.25,14.875,15.15625,-0.9,8.0,0.0,0.0
13.57747,0x316,0.0,0.0,1.0,6.25,1.42,0.0,15.03125,15.25,14.875,15.15625,-0.9,8.0,0.0,0.0
13.58002,0x2B0,0.0,0.0,1.0,6.25,1.42,0.0,15.03125,15.25,14.875,15.15625,-1.1,8.0,0.0,0.0
13.58609,0x220,0.0,0.0,1.0,6.25,1.39,0.21,15.03125,15.25,14.875,15.15625,-1.1,8.0,0.0,0.0
13.58632,0x386,0.0,0.0,1.0,6.25,1.39,0.21,15.21875,15.28125,15.0,15.15625,-1.1,8.0,0.0,0.0
13.5873,0x316,0.0,0.0,1.0,6.25,1.39,0.21,15.21875,15.28125,15.0,15.15625,-1.1,8.0,0.0,0.0
13.59005,0x2B0,0.0,0.0,1.0,6.25,1.39,0.21,15.21875,15.28125,15.0,15.15625,-1.1,8.0,0.0,0.0
13.5961,0x220,0.0,0.0,1.0,6.25,1.33,0.44,15.21875,15.28125,15.0,15.15625,-1.1,8.0,0.0,0.0
13.59752,0x316,0.0,0.0,1.0,6.25,1.33,0.44,15.21875,15.28125,15.0,15.15625,-1.1,8.0,0.0,0.0
13.60004,0x2B0,0.0,0.0,1.0,6.25,1.33,0.44,15.21875,15.28125,15.0,15.15625,-1.3,8.0,0.0,0.0
13.6061,0x220,0.0,0.0,1.0,6.25,1.28,0.51,15.21875,15.28125,15.0,15.15625,-1.3,8.0,0.0,0.0
13.60634,0x386,0.0,0.0,1.0,6.25,1.28,0.51,15.25,15.1875,14.96875,15.25,-1.3,8.0,0.0,0.0
13.6073,0x316,0.0,0.0,1.0,6.25,1.28,0.51,15.25,15.1875,14.96875,15.25,-1.3,8.0,0.0,0.0
13.61005,0x2B0,0.0,0.0,1.0,6.25,1.28,0.51,15.25,15.1875,14.96875,15.25,-1.3,8.0,0.0,0.0
13.6161,0x220,0.0,0.0,1.0,6.25,1.23,0.42,15.25,15.1875,14.96875,15.25,-1.3,8.0,0.0,0.0
13.61728,0x316,0.0,0.0,1.0,6.25,1.23,0.42,15.25,15.1875,14.96875,15.25,-1.3,8.0,0.0,0.0
13.62002,0x2B0,0.0,0.0,1.0,6.25,1.23,0.42,15.25,15.1875,14.96875,15.25,-1.5,8.0,0.0,0.0
13.6261,0x220,0.0,0.0,1.0,6.25,1.18,0.34,15.25,15.1875,14.96875,15.25,-1.5,8.0,0.0,0.0
13.62634,0x386,0.0,0.0,1.0,6.25,1.18,0.34,15.15625,15.40625,14.96875,15.125,-1.5,8.0,0.0,0.0
13.62732,0x316,0.0,0.0,1.0,6.25,1.18,0.34,15.15625,15.40625,14.96875,15.125,-1.5,8.0,0.0,0.0
13.63006,0x2B0,0.0,0.0,1.0,6.25,1.18,0.34,15.15625,15.40625,14.96875,15.125,-1.5,8.0,0.0,0.0
13.63609,0x220,0.0,0.0,1.0,6.25,1.11,0.37,15.15625,15.40625,14.96875,15.125,-1.5,8.0,0.0,0.0
13.63735,0x316,0.0,0.0,1.0,6.25,1.11,0.37,15.15625,15.40625,14.96875,15.125,-1.5,8.0,0.0,0.0
13.64002,0x2B0,0.0,0.0,1.0,6.25,1.11,0.37,15.15625,15.40625,14.96875,15.125,-1.7,8.0,0.0,0.0
13.64609,0x220,0.0,0.0,1.0,6.25,1.12,0.4,15.15625,15.40625,14.96875,15.125,-1.7,8.0,0.0,0.0
13.64633,0x386,0.0,0.0,1.0,6.25,1.12,0.4,15.28125,15.25,15.03125,15.0625,-1.7,8.0,0.0,0.0
13.6473,0x316,0.0,0.0,1.0,6.25,1.12,0.4,15.28125,15.25,15.03125,15.0625,-1.7,8.0,0.0,0.0
13.65003,0x2B0,0.0,0.0,1.0,6.25,1.12,0.4,15.28125,15.25,15.03125,15.0625,-1.7,8.0,0.0,0.0
13.6561,0x220,0.0,0.0,1.0,6.25,1.23,0.41,15.28125,15.25,15.03125,15.0625,-1.7,8.0,0.0,0.0
13.65729,0x316,0.0,0.0,1.0,6.25,1.23,0.41,15.28125,15.25,15.03125,15.0625,-1.7,8.0,0.0,0.0
13.66004,0x2B0,0.0,0.0,1.0,6.25,1.23,0.41,15.28125,15.25,15.03125,15.0625,-1.8,0.0,0.0,0.0
13.66609,0x220,0.0,0.0,1.0,6.25,1.42,0.39,15.28125,15.25,15.03125,15.0625,-1.8,0.0,0.0,0.0
13.66632,0x386,0.0,0.0,1.0,6.25,1.42,0.39,15.34375,15.28125,14.875,15.0,-1.8,0.0,0.0,0.0
13.6676,0x316,0.0,0.0,1.0,6.25,1.42,0.39,15.34375,15.28125,14.875,15.0,-1.8,0.0,0.0,0.0
13.67004,0x2B0,0.0,0.0,1.0,6.25,1.42,0.39,15.34375,15.28125,14.875,15.0,-1.8,0.0,0.0,0.0
13.6761,0x220,0.0,0.0,1.0,6.25,1.63,0.34,15.34375,15.28125,14.875,15.0,-1.8,0.0,0.0,0.0
13.67799,0x316,0.0,0.0,1.0,6.25,1.63,0.34,15.34375,15.28125,14.875,15.0,-1.8,0.0,0.0,0.0
13.68002,0x2B0,0.0,0.0,1.0,6.25,1.63,0.34,15.34375,15.28125,14.875,15.0,-1.8,0.0,0.0,0.0
13.6861,0x220,0.0,0.0,1.0,6.25,1.81,0.26,15.34375,15.28125,14.875,15.0,-1.8,0.0,0.0,0.0
13.68633,0x386,0.0,0.0,1.0,6.25,1.81,0.26,15.15625,15.3125,15.0,15.0625,-1.8,0.0,0.0,0.0
13.6873,0x316,0.0,0.0,1.0,6.25,1.81,0.26,15.15625,15.3125,15.0,15.0625,-1.8,0.0,0.0,0.0
13.69001,0x2B0,0.0,0.0,1.0,6.25,1.81,0.26,15.15625,15.3125,15.0,15.0625,-2.0,8.0,0.0,0.0
13.6961,0x220,0.0,0.0,1.0,6.25,1.88,0.19,15.15625,15.3125,15.0,15.0625,-2.0,8.0,0.0,0.0
13.69738,0x316,0.0,0.0,1.0,6.25,1.88,0.19,15.15625,15.3125,15.0,15.0625,-2.0,8.0,0.0,0.0
13.70002,0x2B0,0.0,0.0,1.0,6.25,1.88,0.19,15.15625,15.3125,15.0,15.0625,-2.0,8.0,0.0,0.0
13.70609,0x220,0.0,0.0,1.0,6.25,1.84,0.19,15.15625,15.3125,15.0,15.0625,-2.0,8.0,0.0,0.0
13.70633,0x386,0.0,0.0,1.0,6.25,1.84,0.19,15.28125,15.5625,15.03125,15.03125,-2.0,8.0,0.0,0.0
13.7073,0x316,0.0,0.0,1.0,6.25,1.84,0.19,15.28125,15.5625,15.03125,15.03125,-2.0,8.0,0.0,0.0
13.71003,0x2B0,0.0,0.0,1.0,6.25,1.84,0.19,15.28125,15.5625,15.03125,15.03125,-2.0,0.0,0.0,0.0
13.71609,0x220,0.0,0.0,1.0,6.25,1.8,0.27,15.28125,15.5625,15.03125,15.03125,-2.0,0.0,0.0,0.0
13.71734,0x316,0.0,0.0,1.0,6.25,1.8,0.27,15.28125,15.5625,15.03125,15.03125,-2.0,0.0,0.0,0.0
13.72001,0x2B0,0.0,0.0,1.0,6.25,1.8,0.27,15.28125,15.5625,15.03125,15.03125,-2.1,0.0,0.0,0.0
13.7261,0x220,0.0,0.0,1.0,6.25,1.79,0.29,15.28125,15.5625,15.03125,15.03125,-2.1,0.0,0.0,0.0
13.72633,0x386,0.0,0.0,1.0,6.25,1.79,0.29,15.125,15.1875,15.125,15.03125,-2.1,0.0,0.0,0.0
13.7273,0x316,0.0,0.0,1.0,6.25,1.79,0.29,15.125,15.1875,15.125,15.03125,-2.1,0.0,0.0,0.0
13.73001,0x2B0,0.0,0.0,1.0,6.25,1.79,0.29,15.125,15.1875,15.125,15.03125,-2.1,0.0,0.0,0.0
13.7361,0x220,0.0,0.0,1.0,6.25,1.82,0.15,15.125,15.1875,15.125,15.03125,-2.1,0.0,0.0,0.0
13.73726,0x316,0.0,0.0,1.0,6.25,1.82,0.15,15.125,15.1875,15.125,15.03125,-2.1,0.0,0.0,0.0
13.74003,0x2B0,0.0,0.0,1.0,6.25,1.82,0.15,15.125,15.1875,15.125,15.03125,-2.1,0.0,0.0,0.0
13.74609,0x220,0.0,0.0,1.0,6.25,1.86,-0.09,15.125,15.1875,15.125,15.03125,-2.1,0.0,0.0,0.0
13.74633,0x386,0.0,0.0,1.0,6.25,1.86,-0.09,15.375,15.28125,15.15625,14.875,-2.1,0.0,0.0,0.0
13.7473,0x316,0.0,0.0,1.0,6.25,1.86,-0.09,15.375,15.28125,15.15625,14.875,-2.1,0.0,0.0,0.0
13.75003,0x2B0,0.0,0.0,1.0,6.25,1.86,-0.09,15.375,15.28125,15.15625,14.875,-2.1,0.0,0.0,0.0
13.7561,0x220,0.0,0.0,1.0,6.25,1.81,-0.3,15.375,15.28125,15.15625,14.875,-2.1,0.0,0.0,0.0
13.75736,0x316,0.0,0.0,1.0,6.25,1.81,-0.3,15.375,15.28125,15.15625,14.875,-2.1,0.0,0.0,0.0
13.76003,0x2B0,0.0,0.0,1.0,6.25,1.81,-0.3,15.375,15.28125,15.15625,14.875,-2.1,0.0,0.0,0.0
13.76609,0x220,0.0,0.0,1.0,6.25,1.7,-0.31,15.375,15.28125,15.15625,14.875,-2.1,0.0,0.0,0.0
13.76633,0x386,0.0,0.0,1.0,6.25,1.7,-0.31,15.3125,15.375,15.0,14.96875,-2.1,0.0,0.0,0.0
13.76755,0x316,0.0,0.0,1.0,6.25,1.7,-0.31,15.3125,15.375,15.0,14.96875,-2.1,0.0,0.0,0.0
13.77003,0x2B0,0.0,0.0,1.0,6.25,1.7,-0.31,15.3125,15.375,15.0,14.96875,-2.1,0.0,0.0,0.0
13.7761,0x220,0.0,0.0,1.0,6.25,1.56,-0.21,15.3125,15.375,15.0,14.96875,-2.1,0.0,0.0,0.0
13.77747,0x316,0.0,0.0,1.0,6.25,1.56,-0.21,15.3125,15.375,15.0,14.96875,-2.1,0.0,0.0,0.0
13.78004,0x2B0,0.0,0.0,1.0,6.25,1.56,-0.21,15.3125,15.375,15.0,14.96875,-2.1,0.0,0.0,0.0
13.7861,0x220,0.0,0.0,1.0,6.25,1.42,-0.17,15.3125,15.375,15.0,14.96875,-2.1,0.0,0.0,0.0
13.78634,0x386,0.0,0.0,1.0,6.25,1.42,-0.17,15.5,15.5625,14.8125,15.03125,-2.1,0.0,0.0,0.0
13.78731,0x316,0.0,0.0,1.0,6.25,1.42,-0.17,15.5,15.5625,14.8125,15.03125,-2.1,0.0,0.0,0.0
13.79003,0x2B0,0.0,0.0,1.0,6.25,1.42,-0.17,15.5,15.5625,14.8125,15.03125,-2.1,0.0,0.0,0.0
13.7961,0x220,0.0,0.0,1.0,6.25,1.34,-0.2,15.5,15.5625,14.8125,15.03125,-2.1,0.0,0.0,0.0
13.79752,0x316,0.0,0.0,1.0,6.25,1.34,-0.2,15.5,15.5625,14.8125,15.03125,-2.1,0.0,0.0,0.0
13.80003,0x2B0,0.0,0.0,1.0,6.25,1.34,-0.2,15.5,15.5625,14.8125,15.03125,-2.1,0.0,0.0,0.0
13.8061,0x220,0.0,0.0,1.0,6.25,1.28,-0.21,15.5,15.5625,14.8125,15.03125,-2.1,0.0,0.0,0.0
13.80633,0x386,0.0,0.0,1.0,6.25,1.28,-0.21,15.28125,15.5,14.5625,14.9375,-2.1,0.0,0.0,0.0
13.80729,0x316,0.0,0.0,1.0,6.25,1.28,-0.21,15.28125,15.5,14.5625,14.9375,-2.1,0.0,0.0,0.0
13.81003,0x2B0,0.0,0.0,1.0,6.25,1.28,-0.21,15.28125,15.5,14.5625,14.9375,-2.1,0.0,0.0,0.0
13.8161,0x220,0.0,0.0,1.0,6.25,1.25,-0.1,15.28125,15.5,14.5625,14.9375,-2.1,0.0,0.0,0.0
13.81727,0x316,0.0,0.0,1.0,6.25,1.25,-0.1,15.28125,15.5,14.5625,14.9375,-2.1,0.0,0.0,0.0
13.82003,0x2B0,0.0,0.0,1.0,6.25,1.25,-0.1,15.28125,15.5,14.5625,14.9375,-2.1,0.0,0.0,0.0
13.82611,0x220,0.0,0.0,1.0,6.25,1.24,0.02,15.28125,15.5,14.5625,14.9375,-2.1,0.0,0.0,0.0
13.82634,0x386,0.0,0.0,1.0,6.25,1.24,0.02,15.375,15.4375,14.6875,14.96875,-2.1,0.0,0.0,0.0
13.8273,0x316,0.0,0.0,1.0,6.25,1.24,0.02,15.375,15.4375,14.6875,14.96875,-2.1,0.0,0.0,0.0
13.83003,0x2B0,0.0,0.0,1.0,6.25,1.24,0.02,15.375,15.4375,14.6875,14.96875,-2.1,0.0,0.0,0.0
13.8361,0x220,0.0,0.0,1.0,6.25,1.22,0.14,15.375,15.4375,14.6875,14.96875,-2.1,0.0,0.0,0.0
13.83735,0x316,0.0,0.0,1.0,6.25,1.22,0.14,15.375,15.4375,14.6875,14.96875,-2.1,0.0,0.0,0.0
13.84003,0x2B0,0.0,0.0,1.0,6.25,1.22,0.14,15.375,15.4375,14.6875,14.96875,-2.1,0.0,0.0,0.0
13.8461,0x220,0.0,0.0,1.0,6.25,1.18,0.22,15.375,15.4375,14.6875,14.96875,-2.1,0.0,0.0,0.0
13.84633,0x386,0.0,0.0,1.0,6.25,1.18,0.22,15.46875,15.3125,14.8125,15.125,-2.1,0.0,0.0,0.0
13.84729,0x316,0.0,0.0,1.0,6.25,1.18,0.22,15.46875,15.3125,14.8125,15.125,-2.1,0.0,0.0,0.0
13.85003,0x2B0,0.0,0.0,1.0,6.25,1.18,0.22,15.46875,15.3125,14.8125,15.125,-2.1,0.0,0.0,0.0
13.8561,0x220,0.0,0.0,1.0,6.25,1.13,0.28,15.46875,15.3125,14.8125,15.125,-2.1,0.0,0.0,0.0
13.85729,0x316,0.0,0.0,1.0,6.25,1.13,0.28,15.46875,15.3125,14.8125,15.125,-2.1,0.0,0.0,0.0
13.86002,0x2B0,0.0,0.0,1.0,6.25,1.13,0.28,15.46875,15.3125,14.8125,15.125,-2.1,0.0,0.0,0.0
13.8661,0x220,0.0,0.0,1.0,6.25,1.12,0.28,15.46875,15.3125,14.8125,15.125,-2.1,0.0,0.0,0.0
13.86633,0x386,0.0,0.0,1.0,6.25,1.12,0.28,15.1875,15.5625,14.90625,15.125,-2.1,0.0,0.0,0.0
13.8676,0x316,0.0,0.0,1.0,6.25,1.12,0.28,15.1875,15.5625,14.90625,15.125,-2.1,0.0,0.0,0.0
13.87002,0x2B0,0.0,0.0,1.0,6.25,1.12,0.28,15.1875,15.5625,14.90625,15.125,-2.1,0.0,0.0,0.0
13.8761,0x220,0.0,0.0,1.0,6.25,1.17,0.22,15.1875,15.5625,14.90625,15.125,-2.1,0.0,0.0,0.0
13.87778,0x316,0.0,0.0,1.0,6.25,1.17,0.22,15.1875,15.5625,14.90625,15.125,-2.1,0.0,0.0,0.0
13.88002,0x2B0,0.0,0.0,1.0,6.25,1.17,0.22,15.1875,15.5625,14.90625,15.125,-2.1,0.0,0.0,0.0
13.8861,0x220,0.0,0.0,1.0,6.25,1.29,0.12,15.1875,15.5625,14.90625,15.125,-2.1,0.0,0.0,0.0
13.88633,0x386,0.0,0.0,1.0,6.25,1.29,0.12,15.25,15.21875,14.90625,15.09375,-2.1,0.0,0.0,0.0
13.8873,0x316,0.0,0.0,1.0,6.25,1.29,0.12,15.25,15.21875,14.90625,15.09375,-2.1,0.0,0.0,0.0
13.88995,0x2B0,0.0,0.0,1.0,6.25,1.29,0.12,15.25,15.21875,14.90625,15.09375,-2.1,0.0,0.0,0.0
13.8961,0x220,0.0,0.0,1.0,6.25,1.37,0.07,15.25,15.21875,14.90625,15.09375,-2.1,0.0,0.0,0.0
13.89741,0x316,0.0,0.0,1.0,6.25,1.37,0.07,15.25,15.21875,14.90625,15.09375,-2.1,0.0,0.0,0.0
13.89997,0x2B0,0.0,0.0,1.0,6.25,1.37,0.07,15.25,15.21875,14.90625,15.09375,-2.1,0.0,0.0,0.0
13.9061,0x220,0.0,0.0,1.0,6.25,1.35,0.09,15.25,15.21875,14.90625,15.09375,-2.1,0.0,0.0,0.0
13.90633,0x386,0.0,0.0,1.0,6.25,1.35,0.09,15.4375,15.25,14.90625,15.0,-2.1,0.0,0.0,0.0
13.90729,0x316,0.0,0.0,1.0,6.25,1.35,0.09,15.4375,15.25,14.90625,15.0,-2.1,0.0,0.0,0.0
13.90997,0x2B0,0.0,0.0,1.0,6.25,1.35,0.09,15.4375,15.25,14.90625,15.0,-2.1,0.0,0.0,0.0
13.91611,0x220,0.0,0.0,1.0,6.25,1.29,0.11,15.4375,15.25,14.90625,15.0,-2.1,0.0,0.0,0.0
13.91733,0x316,0.0,0.0,1.0,6.25,1.29,0.11,15.4375,15.25,14.90625,15.0,-2.1,0.0,0.0,0.0
13.92003,0x2B0,0.0,0.0,1.0,6.25,1.29,0.11,15.4375,15.25,14.90625,15.0,-2.1,0.0,0.0,0.0
13.92611,0x220,0.0,0.0,1.0,6.25,1.27,0.12,15.4375,15.25,14.90625,15.0,-2.1,0.0,0.0,0.0
13.92635,0x386,0.0,0.0,1.0,6.25,1.27,0.12,15.15625,15.15625,14.9375,15.0625,-2.1,0.0,0.0,0.0
13.92731,0x316,0.0,0.0,1.0,6.25,1.27,0.12,15.15625,15.15625,14.9375,15.0625,-2.1,0.0,0.0,0.0
13.92998,0x2B0,0.0,0.0,1.0,6.25,1.27,0.12,15.15625,15.15625,14.9375,15.0625,-2.0,0.0,0.0,0.0
13.93611,0x220,0.0,0.0,1.0,6.25,1.4,0.12,15.15625,15.15625,14.9375,15.0625,-2.0,0.0,0.0,0.0
13.93729,0x316,0.0,0.0,1.0,6.25,1.4,0.12,15.15625,15.15625,14.9375,15.0625,-2.0,0.0,0.0,0.0
13.93995,0x2B0,0.0,0.0,1.0,6.25,1.4,0.12,15.15625,15.15625,14.9375,15.0625,-2.0,0.0,0.0,0.0
13.9461,0x220,0.0,0.0,1.0,6.25,1.61,0.06,15.15625,15.15625,14.9375,15.0625,-2.0,0.0,0.0,0.0
13.94634,0x386,0.0,0.0,1.0,6.25,1.61,0.06,15.15625,15.1875,15.03125,15.25,-2.0,0.0,0.0,0.0
13.94731,0x316,0.0,0.0,1.0,6.25,1.61,0.06,15.15625,15.1875,15.03125,15.25,-2.0,0.0,0.0,0.0
13.94995,0x2B0,0.0,0.0,1.0,6.25,1.61,0.06,15.15625,15.1875,15.03125,15.25,-2.0,0.0,0.0,0.0
13.9561,0x220,0.0,0.0,1.0,6.25,1.84,-0.05,15.15625,15.1875,15.03125,15.25,-2.0,0.0,0.0,0.0
13.95735,0x316,0.0,0.0,1.0,6.25,1.84,-0.05,15.15625,15.1875,15.03125,15.25,-2.0,0.0,0.0,0.0
13.95995,0x2B0,0.0,0.0,1.0,6.25,1.84,-0.05,15.15625,15.1875,15.03125,15.25,-2.0,0.0,0.0,0.0
13.9661,0x220,0.0,0.0,1.0,6.25,2.04,-0.16,15.15625,15.1875,15.03125,15.25,-2.0,0.0,0.0,0.0
13.96633,0x386,0.0,0.0,1.0,6.25,2.04,-0.16,15.4375,15.1875,15.1875,15.21875,-2.0,0.0,0.0,0.0
13.96755,0x316,0.0,0.0,1.0,6.25,2.04,-0.16,15.4375,15.1875,15.1875,15.21875,-2.0,0.0,0.0,0.0
13.96994,0x2B0,0.0,0.0,1.0,6.25,2.04,-0.16,15.4375,15.1875,15.1875,15.21875,-2.0,0.0,0.0,0.0
13.97611,0x220,0.0,0.0,1.0,6.25,2.07,-0.18,15.4375,15.1875,15.1875,15.21875,-2.0,0.0,0.0,0.0
13.97748,0x316,0.0,0.0,1.0,6.25,2.07,-0.18,15.4375,15.1875,15.1875,15.21875,-2.0,0.0,0.0,0.0
13.97995,0x2B0,0.0,0.0,1.0,6.25,2.07,-0.18,15.4375,15.1875,15.1875,15.21875,-2.0,0.0,0.0,0.0
13.9861,0x220,0.0,0.0,1.0,6.25,2.0,-0.23,15.4375,15.1875,15.1875,15.21875,-2.0,0.0,0.0,0.0
13.98633,0x386,0.0,0.0,1.0,6.25,2.0,-0.23,15.21875,15.28125,15.21875,15.15625,-2.0,0.0,0.0,0.0
13.9873,0x316,0.0,0.0,1.0,6.25,2.0,-0.23,15.21875,15.28125,15.21875,15.15625,-2.0,0.0,0.0,0.0
13.98994,0x2B0,0.0,0.0,1.0,6.25,2.0,-0.23,15.21875,15.28125,15.21875,15.15625,-2.0,0.0,0.0,0.0
13.9961,0x220,0.0,0.0,1.0,6.25,1.83,-0.34,15.21875,15.28125,15.21875,15.15625,-2.0,0.0,0.0,0.0
13.99758,0x316,0.0,0.0,1.0,6.25,1.83,-0.34,15.21875,15.28125,15.21875,15.15625,-2.0,0.0,0.0,0.0
13.99994,0x2B0,0.0,0.0,1.0,6.25,1.83,-0.34,15.21875,15.28125,15.21875,15.15625,-2.0,0.0,0.0,0.0
14.00611,0x220,0.0,0.0,1.0,6.25,1.66,-0.38,15.21875,15.28125,15.21875,15.15625,-2.0,0.0,0.0,0.0
14.00634,0x386,0.0,0.0,1.0,6.25,1.66,-0.38,15.125,15.15625,15.1875,15.21875,-2.0,0.0,0.0,0.0
14.0073,0x316,0.0,0.0,1.0,6.25,1.66,-0.38,15.125,15.15625,15.1875,15.21875,-2.0,0.0,0.0,0.0
14.00996,0x2B0,0.0,0.0,1.0,6.25,1.66,-0.38,15.125,15.15625,15.1875,15.21875,-2.0,0.0,0.0,0.0
14.0161,0x220,0.0,0.0,1.0,6.25,1.62,-0.32,15.125,15.15625,15.1875,15.21875,-2.0,0.0,0.0,0.0
14.01728,0x316,0.0,0.0,1.0,6.25,1.62,-0.32,15.125,15.15625,15.1875,15.21875,-2.0,0.0,0.0,0.0
14.01999,0x2B0,0.0,0.0,1.0,6.25,1.62,-0.32,15.125,15.15625,15.1875,15.21875,-2.0,0.0,0.0,0.0
14.02611,0x220,0.0,0.0,1.0,6.25,1.65,-0.38,15.125,15.15625,15.1875,15.21875,-2.0,0.0,0.0,0.0
14.02634,0x386,0.0,0.0,1.0,6.25,1.65,-0.38,15.34375,15.375,15.0625,15.28125,-2.0,0.0,0.0,0.0
14.02731,0x316,0.0,0.0,1.0,6.25,1.65,-0.38,15.34375,15.375,15.0625,15.28125,-2.0,0.0,0.0,0.0
14.03004,0x2B0,0.0,0.0,1.0,6.25,1.65,-0.38,15.34375,15.375,15.0625,15.28125,-2.0,0.0,0.0,0.0
14.0361,0x220,0.0,0.0,1.0,6.25,1.67,-0.51,15.34375,15.375,15.0625,15.28125,-2.0,0.0,0.0,0.0
14.03741,0x316,0.0,0.0,1.0,6.25,1.67,-0.51,15.34375,15.375,15.0625,15.28125,-2.0,0.0,0.0,0.0
14.03998,0x2B0,0.0,0.0,1.0,6.25,1.67,-0.51,15.34375,15.375,15.0625,15.28125,-1.9,0.0,0.0,0.0
14.0461,0x220,0.0,0.0,1.0,6.25,1.56,-0.46,15.34375,15.375,15.0625,15.28125,-1.9,0.0,0.0,0.0
14.04634,0x386,0.0,0.0,1.0,6.25,1.56,-0.46,15.0625,15.21875,15.09375,15.3125,-1.9,0.0,0.0,0.0
14.0473,0x316,0.0,0.0,1.0,6.25,1.56,-0.46,15.0625,15.21875,15.09375,15.3125,-1.9,0.0,0.0,0.0
14.04995,0x2B0,0.0,0.0,1.0,6.25,1.56,-0.46,15.0625,15.21875,15.09375,15.3125,-1.9,0.0,0.0,0.0
14.05611,0x220,0.0,0.0,1.0,6.25,1.41,-0.2,15.0625,15.21875,15.09375,15.3125,-1.9,0.0,0.0,0.0
14.05731,0x316,0.0,0.0,1.0,6.25,1.41,-0.2,15.0625,15.21875,15.09375,15.3125,-1.9,0.0,0.0,0.0
14.05995,0x2B0,0.0,0.0,1.0,6.25,1.41,-0.2,15.0625,15.21875,15.09375,15.3125,-1.9,0.0,0.0,0.0
14.06611,0x220,0.0,0.0,1.0,6.25,1.36,0.09,15.0625,15.21875,15.09375,15.3125,-1.9,0.0,0.0,0.0
14.06634,0x386,0.0,0.0,1.0,6.25,1.36,0.09,15.4375,15.34375,15.25,15.21875,-1.9,0.0,0.0,0.0
14.06755,0x316,0.0,0.0,1.0,6.25,1.36,0.09,15.4375,15.34375,15.25,15.21875,-1.9,0.0,0.0,0.0
14.06993,0x2B0,0.0,0.0,1.0,6.25,1.36,0.09,15.4375,15.34375,15.25,15.21875,-1.9,0.0,0.0,0.0
14.07611,0x220,0.0,0.0,1.0,6.25,1.44,0.17,15.4375,15.34375,15.25,15.21875,-1.9,0.0,0.0,0.0
14.07781,0x316,0.0,0.0,1.0,6.25,1.44,0.17,15.4375,15.34375,15.25,15.21875,-1.9,0.0,0.0,0.0
14.07996,0x2B0,0.0,0.0,1.0,6.25,1.44,0.17,15.4375,15.34375,15.25,15.21875,-1.9,0.0,0.0,0.0
14.08611,0x220,0.0,0.0,1.0,6.25,1.51,-0.05,15.4375,15.34375,15.25,15.21875,-1.9,0.0,0.0,0.0
14.08634,0x386,0.0,0.0,1.0,6.25,1.51,-0.05,15.34375,15.375,15.3125,15.1875,-1.9,0.0,0.0,0.0
14.0873,0x316,0.0,0.0,1.0,6.25,1.51,-0.05,15.34375,15.375,15.3125,15.1875,-1.9,0.0,0.0,0.0
14.08994,0x2B0,0.0,0.0,1.0,6.25,1.51,-0.05,15.34375,15.375,15.3125,15.1875,-1.9,0.0,0.0,0.0
14.09611,0x220,0.0,0.0,1.0,6.25,1.49,-0.31,15.34375,15.375,15.3125,15.1875,-1.9,0.0,0.0,0.0
14.09743,0x316,0.0,0.0,1.0,6.25,1.49,-0.31,15.34375,15.375,15.3125,15.1875,-1.9,0.0,0.0,0.0
14.09994,0x2B0,0.0,0.0,1.0,6.25,1.49,-0.31,15.34375,15.375,15.3125,15.1875,-1.9,0.0,0.0,0.0
14.1061,0x220,0.0,0.0,1.0,6.25,1.4,-0.26,15.34375,15.375,15.3125,15.1875,-1.9,0.0,0.0,0.0
14.10634,0x386,0.0,0.0,1.0,6.25,1.4,-0.26,15.125,14.59375,15.15625,15.15625,-1.9,0.0,0.0,0.0
14.1073,0x316,0.0,0.0,1.0,6.25,1.4,-0.26,15.125,14.59375,15.15625,15.15625,-1.9,0.0,0.0,0.0
14.10995,0x2B0,0.0,0.0,1.0,6.25,1.4,-0.26,15.125,14.59375,15.15625,15.15625,-1.9,0.0,0.0,0.0
14.11611,0x220,0.0,0.0,1.0,6.25,1.33,0.0,15.125,14.59375,15.15625,15.15625,-1.9,0.0,0.0,0.0
14.11735,0x316,0.0,0.0,1.0,6.25,1.33,0.0,15.125,14.59375,15.15625,15.15625,-1.9,0.0,0.0,0.0
14.11992,0x2B0,0.0,0.0,1.0,6.25,1.33,0.0,15.125,14.59375,15.15625,15.15625,-1.9,0.0,0.0,0.0
14.12612,0x220,0.0,0.0,1.0,6.25,1.28,0.07,15.125,14.59375,15.15625,15.15625,-1.9,0.0,0.0,0.0
14.12635,0x386,0.0,0.0,1.0,6.25,1.28,0.07,14.9375,15.59375,15.03125,15.03125,-1.9,0.0,0.0,0.0
14.12731,0x316,0.0,0.0,1.0,6.25,1.28,0.07,14.9375,15.59375,15.03125,15.03125,-1.9,0.0,0.0,0.0
14.12992,0x2B0,0.0,0.0,1.0,6.25,1.28,0.07,14.9375,15.59375,15.03125,15.03125,-1.9,0.0,0.0,0.0
14.13611,0x220,0.0,0.0,1.0,6.25,1.24,-0.01,14.9375,15.59375,15.03125,15.03125,-1.9,0.0,0.0,0.0
14.13726,0x316,0.0,0.0,1.0,6.25,1.24,-0.01,14.9375,15.59375,15.03125,15.03125,-1.9,0.0,0.0,0.0
14.13993,0x2B0,0.0,0.0,1.0,6.25,1.24,-0.01,14.9375,15.59375,15.03125,15.03125,-1.9,0.0,0.0,0.0
14.1461,0x220,0.0,0.0,1.0,6.25,1.24,-0.15,14.9375,15.59375,15.03125,15.03125,-1.9,0.0,0.0,0.0
14.14634,0x386,0.0,0.0,1.0,6.25,1.24,-0.15,15.15625,15.5,14.875,14.875,-1.9,0.0,0.0,0.0
14.1473,0x316,0.0,0.0,1.0,6.25,1.24,-0.15,15.15625,15.5,14.875,14.875,-1.9,0.0,0.0,0.0
14.14994,0x2B0,0.0,0.0,1.0,6.25,1.24,-0.15,15.15625,15.5,14.875,14.875,-1.9,0.0,0.0,0.0
14.1561,0x220,0.0,0.0,1.0,6.25,1.2,-0.18,15.15625,15.5,14.875,14.875,-1.9,0.0,0.0,0.0
14.15737,0x316,0.0,0.0,1.0,6.25,1.2,-0.18,15.15625,15.5,14.875,14.875,-1.9,0.0,0.0,0.0
14.15993,0x2B0,0.0,0.0,1.0,6.25,1.2,-0.18,15.15625,15.5,14.875,14.875,-1.9,0.0,0.0,0.0
14.1661,0x220,0.0,0.0,1.0,6.25,1.18,-0.11,15.15625,15.5,14.875,14.875,-1.9,0.0,0.0,0.0
14.16634,0x386,0.0,0.0,1.0,6.25,1.18,-0.11,15.4375,15.5,14.8125,14.71875,-1.9,0.0,0.0,0.0
14.16755,0x316,0.0,0.0,1.0,6.25,1.18,-0.11,15.4375,15.5,14.8125,14.71875,-1.9,0.0,0.0,0.0
14.16993,0x2B0,0.0,0.0,1.0,6.25,1.18,-0.11,15.4375,15.5,14.8125,14.71875,-1.9,0.0,0.0,0.0
14.1761,0x220,0.0,0.0,1.0,6.25,1.2,0.07,15.4375,15.5,14.8125,14.71875,-1.9,0.0,0.0,0.0
14.17754,0x316,0.0,0.0,1.0,6.25,1.2,0.07,15.4375,15.5,14.8125,14.71875,-1.9,0.0,0.0,0.0
14.17994,0x2B0,0.0,0.0,1.0,6.25,1.2,0.07,15.4375,15.5,14.8125,14.71875,-1.9,0.0,0.0,0.0
14.1861,0x220,0.0,0.0,1.0,6.25,1.28,0.27,15.4375,15.5,14.8125,14.71875,-1.9,0.0,0.0,0.0
14.18634,0x386,0.0,0.0,1.0,6.25,1.28,0.27,15.4375,15.53125,14.75,14.78125,-1.9,0.0,0.0,0.0
14.18731,0x316,0.0,0.0,1.0,6.25,1.28,0.27,15.4375,15.53125,14.75,14.78125,-1.9,0.0,0.0,0.0
14.19001,0x2B0,0.0,0.0,1.0,6.25,1.28,0.27,15.4375,15.53125,14.75,14.78125,-1.9,0.0,0.0,0.0
14.19611,0x220,0.0,0.0,1.0,6.25,1.45,0.26,15.4375,15.53125,14.75,14.78125,-1.9,0.0,0.0,0.0
14.19753,0x316,0.0,0.0,1.0,6.25,1.45,0.26,15.4375,15.53125,14.75,14.78125,-1.9,0.0,0.0,0.0
14.2,0x2B0,0.0,0.0,1.0,6.25,1.45,0.26,15.4375,15.53125,14.75,14.78125,-1.9,0.0,0.0,0.0
14.20611,0x220,0.0,0.0,1.0,6.25,1.57,0.03,15.4375,15.53125,14.75,14.78125,-1.9,0.0,0.0,0.0
14.20634,0x386,0.0,0.0,1.0,6.25,1.57,0.03,15.34375,15.59375,15.0625,14.9375,-1.9,0.0,0.0,0.0
14.20737,0x316,0.0,0.0,1.0,6.25,1.57,0.03,15.34375,15.59375,15.0625,14.9375,-1.9,0.0,0.0,0.0
14.21,0x2B0,0.0,0.0,1.0,6.25,1.57,0.03,15.34375,15.59375,15.0625,14.9375,-1.9,0.0,0.0,0.0
14.21611,0x220,0.0,0.0,1.0,6.25,1.56,-0.22,15.34375,15.59375,15.0625,14.9375,-1.9,0.0,0.0,0.0
14.21728,0x316,0.0,0.0,1.0,6.25,1.56,-0.22,15.34375,15.59375,15.0625,14.9375,-1.9,0.0,0.0,0.0
14.22,0x2B0,0.0,0.0,1.0,6.25,1.56,-0.22,15.34375,15.59375,15.0625,14.9375,-1.9,0.0,0.0,0.0
14.22612,0x220,0.0,0.0,1.0,6.25,1.44,-0.24,15.34375,15.59375,15.0625,14.9375,-1.9,0.0,0.0,0.0
14.22635,0x386,0.0,0.0,1.0,6.25,1.44,-0.24,15.53125,15.4375,15.15625,15.0625,-1.9,0.0,0.0,0.0
14.22731,0x316,0.0,0.0,1.0,6.25,1.44,-0.24,15.53125,15.4375,15.15625,15.0625,-1.9,0.0,0.0,0.0
14.23,0x2B0,0.0,0.0,1.0,6.25,1.44,-0.24,15.53125,15.4375,15.15625,15.0625,-1.9,0.0,0.0,0.0
14.23612,0x220,0.0,0.0,1.0,6.25,1.29,-0.07,15.53125,15.4375,15.15625,15.0625,-1.9,0.0,0.0,0.0
14.23736,0x316,0.0,0.0,1.0,6.25,1.29,-0.07,15.53125,15.4375,15.15625,15.0625,-1.9,0.0,0.0,0.0
14.24,0x2B0,0.0,0.0,1.0,6.25,1.29,-0.07,15.53125,15.4375,15.15625,15.0625,-1.9,0.0,0.0,0.0
14.24611,0x220,0.0,0.0,1.0,6.25,1.23,0.0,15.53125,15.4375,15.15625,15.0625,-1.9,0.0,0.0,0.0
14.24634,0x386,0.0,0.0,1.0,6.25,1.23,0.0,15.34375,15.40625,15.125,15.1875,-1.9,0.0,0.0,0.0
14.24736,0x316,0.0,0.0,1.0,6.25,1.23,0.0,15.34375,15.40625,15.125,15.1875,-1.9,0.0,0.0,0.0
14.25,0x2B0,0.0,0.0,1.0,6.25,1.23,0.0,15.34375,15.40625,15.125,15.1875,-1.9,0.0,0.0,0.0
14.25611,0x220,0.0,0.0,1.0,6.25,1.24,-0.14,15.34375,15.40625,15.125,15.1875,-1.9,0.0,0.0,0.0
14.25729,0x316,0.0,0.0,1.0,6.25,1.24,-0.14,15.34375,15.40625,15.125,15.1875,-1.9,0.0,0.0,0.0
14.25993,0x2B0,0.0,0.0,1.0,6.25,1.24,-0.14,15.34375,15.40625,15.125,15.1875,-1.9,0.0,0.0,0.0
14.2661,0x220,0.0,0.0,1.0,6.25,1.24,-0.37,15.34375,15.40625,15.125,15.1875,-1.9,0.0,0.0,0.0
14.26634,0x386,0.0,0.0,1.0,6.25,1.24,-0.37,15.40625,15.375,15.09375,15.21875,-1.9,0.0,0.0,0.0
14.26753,0x316,0.0,0.0,1.0,6.25,1.24,-0.37,15.40625,15.375,15.09375,15.21875,-1.9,0.0,0.0,0.0
14.26994,0x2B0,0.0,0.0,1.0,6.25,1.24,-0.37,15.40625,15.375,15.09375,15.21875,-1.9,0.0,0.0,0.0
14.27612,0x220,0.0,0.0,1.0,6.25,1.27,-0.32,15.40625,15.375,15.09375,15.21875,-1.9,0.0,0.0,0.0
14.27776,0x316,0.0,0.0,1.0,6.25,1.27,-0.32,15.40625,15.375,15.09375,15.21875,-1.9,0.0,0.0,0.0
14.27992,0x2B0,0.0,0.0,1.0,6.25,1.27,-0.32,15.40625,15.375,15.09375,15.21875,-1.9,0.0,0.0,0.0
14.28611,0x220,0.0,0.0,1.0,6.25,1.34,-0.04,15.40625,15.375,15.09375,15.21875,-1.9,0.0,0.0,0.0
14.28635,0x386,0.0,0.0,1.0,6.25,1.34,-0.04,15.5,15.4375,15.0,15.1875,-1.9,0.0,0.0,0.0
14.28732,0x316,0.0,0.0,1.0,6.25,1.34,-0.04,15.5,15.4375,15.0,15.1875,-1.9,0.0,0.0,0.0
14.28993,0x2B0,0.0,0.0,1.0,6.25,1.34,-0.04,15.5,15.4375,15.0,15.1875,-1.9,0.0,0.0,0.0
14.29612,0x220,0.0,0.0,1.0,6.25,1.32,0.1,15.5,15.4375,15.0,15.1875,-1.9,0.0,0.0,0.0
14.29737,0x316,0.0,0.0,1.0,6.25,1.32,0.1,15.5,15.4375,15.0,15.1875,-1.9,0.0,0.0,0.0
14.29992,0x2B0,0.0,0.0,1.0,6.25,1.32,0.1,15.5,15.4375,15.0,15.1875,-1.9,0.0,0.0,0.0
14.30611,0x220,0.0,0.0,1.0,6.25,1.16,0.07,15.5,15.4375,15.0,15.1875,-1.9,0.0,0.0,0.0
14.30634,0x386,0.0,0.0,1.0,6.25,1.16,0.07,15.375,15.375,15.15625,15.21875,-1.9,0.0,0.0,0.0
14.30731,0x316,0.0,0.0,1.0,6.25,1.16,0.07,15.375,15.375,15.15625,15.21875,-1.9,0.0,0.0,0.0
14.30992,0x2B0,0.0,0.0,1.0,6.25,1.16,0.07,15.375,15.375,15.15625,15.21875,-1.9,0.0,0.0,0.0
14.31611,0x220,0.0,0.0,1.0,6.25,0.88,0.06,15.375,15.375,15.15625,15.21875,-1.9,0.0,0.0,0.0
14.31732,0x316,0.0,0.0,1.0,6.25,0.88,0.06,15.375,15.375,15.15625,15.21875,-1.9,0.0,0.0,0.0
14.31992,0x2B0,0.0,0.0,1.0,6.25,0.88,0.06,15.375,15.375,15.15625,15.21875,-1.9,0.0,0.0,0.0
14.32613,0x220,0.0,0.0,1.0,6.25,0.63,0.23,15.375,15.375,15.15625,15.21875,-1.9,0.0,0.0,0.0
14.32636,0x386,0.0,0.0,1.0,6.25,0.63,0.23,15.40625,15.375,15.25,15.21875,-1.9,0.0,0.0,0.0
14.32733,0x316,0.0,0.0,1.0,6.25,0.63,0.23,15.40625,15.375,15.25,15.21875,-1.9,0.0,0.0,0.0
14.32992,0x2B0,0.0,0.0,1.0,6.25,0.63,0.23,15.40625,15.375,15.25,15.21875,-1.9,0.0,0.0,0.0
14.33611,0x220,0.0,0.0,1.0,6.25,0.54,0.44,15.40625,15.375,15.25,15.21875,-1.9,0.0,0.0,0.0
14.33726,0x316,0.0,0.0,1.0,6.25,0.54,0.44,15.40625,15.375,15.25,15.21875,-1.9,0.0,0.0,0.0
14.33994,0x2B0,0.0,0.0,1.0,6.25,0.54,0.44,15.40625,15.375,15.25,15.21875,-1.9,0.0,0.0,0.0
14.34611,0x220,0.0,0.0,1.0,6.25,0.53,0.49,15.40625,15.375,15.25,15.21875,-1.9,0.0,0.0,0.0
14.34635,0x386,0.0,0.0,1.0,6.25,0.53,0.49,15.375,15.40625,15.25,15.375,-1.9,0.0,0.0,0.0
14.34731,0x316,0.0,0.0,1.0,6.25,0.53,0.49,15.375,15.40625,15.25,15.375,-1.9,0.0,0.0,0.0
14.34994,0x2B0,0.0,0.0,1.0,6.25,0.53,0.49,15.375,15.40625,15.25,15.375,-1.9,0.0,0.0,0.0
14.35611,0x220,0.0,0.0,1.0,6.25,0.55,0.44,15.375,15.40625,15.25,15.375,-1.9,0.0,0.0,0.0
14.35735,0x316,0.0,0.0,1.0,6.25,0.55,0.44,15.375,15.40625,15.25,15.375,-1.9,0.0,0.0,0.0
14.35994,0x2B0,0.0,0.0,1.0,6.25,0.55,0.44,15.375,15.40625,15.25,15.375,-1.9,0.0,0.0,0.0
14.36611,0x220,0.0,0.0,1.0,6.25,0.56,0.5,15.375,15.40625,15.25,15.375,-1.9,0.0,0.0,0.0
14.36635,0x386,0.0,0.0,1.0,6.25,0.56,0.5,15.5625,15.625,15.3125,15.375,-1.9,0.0,0.0,0.0
14.36761,0x316,0.0,0.0,1.0,6.25,0.56,0.5,15.5625,15.625,15.3125,15.375,-1.9,0.0,0.0,0.0
14.37001,0x2B0,0.0,0.0,1.0,6.25,0.56,0.5,15.5625,15.625,15.3125,15.375,-1.9,0.0,0.0,0.0
14.37612,0x220,0.0,0.0,1.0,6.25,0.61,0.7,15.5625,15.625,15.3125,15.375,-1.9,0.0,0.0,0.0
14.37746,0x316,0.0,0.0,1.0,6.25,0.61,0.7,15.5625,15.625,15.3125,15.375,-1.9,0.0,0.0,0.0
14.38,0x2B0,0.0,0.0,1.0,6.25,0.61,0.7,15.5625,15.625,15.3125,15.375,-1.9,0.0,0.0,0.0
14.38611,0x220,0.0,0.0,1.0,6.25,0.67,0.79,15.5625,15.625,15.3125,15.375,-1.9,0.0,0.0,0.0
14.38635,0x386,0.0,0.0,1.0,6.25,0.67,0.79,15.90625,15.40625,15.28125,15.3125,-1.9,0.0,0.0,0.0
14.38732,0x316,0.0,0.0,1.0,6.25,0.67,0.79,15.90625,15.40625,15.28125,15.3125,-1.9,0.0,0.0,0.0
14.38999,0x2B0,0.0,0.0,1.0,6.25,0.67,0.79,15.90625,15.40625,15.28125,15.3125,-1.9,0.0,0.0,0.0
14.39611,0x220,0.0,0.0,1.0,6.25,0.79,0.71,15.90625,15.40625,15.28125,15.3125,-1.9,0.0,0.0,0.0
14.39752,0x316,0.0,0.0,1.0,6.25,0.79,0.71,15.90625,15.40625,15.28125,15.3125,-1.9,0.0,0.0,0.0
14.39999,0x2B0,0.0,0.0,1.0,6.25,0.79,0.71,15.90625,15.40625,15.28125,15.3125,-1.9,0.0,0.0,0.0
14.40611,0x220,0.0,0.0,1.0,6.25,0.94,0.58,15.90625,15.40625,15.28125,15.3125,-1.9,0.0,0.0,0.0
14.40635,0x386,0.0,0.0,1.0,6.25,0.94,0.58,14.875,15.03125,15.125,15.21875,-1.9,0.0,0.0,0.0
14.40732,0x316,0.0,0.0,1.0,6.25,0.94,0.58,14.875,15.03125,15.125,15.21875,-1.9,0.0,0.0,0.0
14.40999,0x2B0,0.0,0.0,1.0,6.25,0.94,0.58,14.875,15.03125,15.125,15.21875,-1.9,0.0,0.0,0.0
14.41611,0x220,0.0,0.0,1.0,6.25,1.04,0.51,14.875,15.03125,15.125,15.21875,-1.9,0.0,0.0,0.0
14.41726,0x316,0.0,0.0,1.0,6.25,1.04,0.51,14.875,15.03125,15.125,15.21875,-1.9,0.0,0.0,0.0
14.41999,0x2B0,0.0,0.0,1.0,6.25,1.04,0.51,14.875,15.03125,15.125,15.21875,-1.9,0.0,0.0,0.0
14.42612,0x220,0.0,0.0,1.0,6.25,1.1,0.52,14.875,15.03125,15.125,15.21875,-1.9,0.0,0.0,0.0
14.42636,0x386,0.0,0.0,1.0,6.25,1.1,0.52,15.90625,15.59375,15.125,15.125,-1.9,0.0,0.0,0.0
14.42732,0x316,0.0,0.0,1.0,6.25,1.1,0.52,15.90625,15.59375,15.125,15.125,-1.9,0.0,0.0,0.0
14.42999,0x2B0,0.0,0.0,1.0,6.25,1.1,0.52,15.90625,15.59375,15.125,15.125,-1.9,0.0,0.0,0.0
14.43612,0x220,0.0,0.0,1.0,6.25,1.15,0.52,15.90625,15.59375,15.125,15.125,-1.9,0.0,0.0,0.0
14.43735,0x316,0.0,0.0,1.0,6.25,1.15,0.52,15.90625,15.59375,15.125,15.125,-1.9,0.0,0.0,0.0
14.44,0x2B0,0.0,0.0,1.0,6.25,1.15,0.52,15.90625,15.59375,15.125,15.125,-1.9,0.0,0.0,0.0
14.44612,0x220,0.0,0.0,1.0,6.25,1.21,0.48,15.90625,15.59375,15.125,15.125,-1.9,0.0,0.0,0.0
14.44636,0x386,0.0,0.0,1.0,6.25,1.21,0.48,15.125,15.40625,15.09375,15.09375,-1.9,0.0,0.0,0.0
14.44733,0x316,0.0,0.0,1.0,6.25,1.21,0.48,15.125,15.40625,15.09375,15.09375,-1.9,0.0,0.0,0.0
14.44999,0x2B0,0.0,0.0,1.0,6.25,1.21,0.48,15.125,15.40625,15.09375,15.09375,-1.9,0.0,0.0,0.0
14.45612,0x220,0.0,0.0,1.0,6.25,1.26,0.38,15.125,15.40625,15.09375,15.09375,-1.9,0.0,0.0,0.0
14.45728,0x316,0.0,0.0,1.0,6.25,1.26,0.38,15.125,15.40625,15.09375,15.09375,-1.9,0.0,0.0,0.0
14.45996,0x2B0,0.0,0.0,1.0,6.25,1.26,0.38,15.125,15.40625,15.09375,15.09375,-2.0,0.0,0.0,0.0
14.46611,0x220,0.0,0.0,1.0,6.25,1.35,0.31,15.125,15.40625,15.09375,15.09375,-2.0,0.0,0.0,0.0
14.46635,0x386,0.0,0.0,1.0,6.25,1.35,0.31,16.5,15.625,15.0625,15.21875,-2.0,0.0,0.0,0.0
14.46757,0x316,0.0,0.0,1.0,6.25,1.35,0.31,16.5,15.625,15.0625,15.21875,-2.0,0.0,0.0,0.0
14.46991,0x2B0,0.0,0.0,1.0,6.25,1.35,0.31,16.5,15.625,15.0625,15.21875,-2.0,0.0,0.0,0.0
14.47612,0x220,0.0,0.0,1.0,6.25,1.49,0.24,16.5,15.625,15.0625,15.21875,-2.0,0.0,0.0,0.0
14.4777,0x316,0.0,0.0,1.0,6.25,1.49,0.24,16.5,15.625,15.0625,15.21875,-2.0,0.0,0.0,0.0
14.47992,0x2B0,0.0,0.0,1.0,6.25,1.49,0.24,16.5,15.625,15.0625,15.21875,-2.0,0.0,0.0,0.0
14.48612,0x220,0.0,0.0,1.0,6.25,1.59,0.21,16.5,15.625,15.0625,15.21875,-2.0,0.0,0.0,0.0
14.48635,0x386,0.0,0.0,1.0,6.25,1.59,0.21,14.78125,15.5625,15.125,15.28125,-2.0,0.0,0.0,0.0
14.48737,0x316,0.0,0.0,1.0,6.25,1.59,0.21,14.78125,15.5625,15.125,15.28125,-2.0,0.0,0.0,0.0
14.48999,0x2B0,0.0,0.0,1.0,6.25,1.59,0.21,14.78125,15.5625,15.125,15.28125,-2.0,0.0,0.0,0.0
14.49611,0x220,0.0,0.0,1.0,6.25,1.67,0.23,14.78125,15.5625,15.125,15.28125,-2.0,0.0,0.0,0.0
14.4974,0x316,0.0,0.0,1.0,6.25,1.67,0.23,14.78125,15.5625,15.125,15.28125,-2.0,0.0,0.0,0.0
14.49998,0x2B0,0.0,0.0,1.0,6.25,1.67,0.23,14.78125,15.5625,15.125,15.28125,-2.0,0.0,0.0,0.0
14.50611,0x220,0.0,0.0,1.0,6.25,1.75,0.24,14.78125,15.5625,15.125,15.28125,-2.0,0.0,0.0,0.0
14.50635,0x386,0.0,0.0,1.0,6.25,1.75,0.24,15.34375,15.28125,15.15625,15.28125,-2.0,0.0,0.0,0.0
14.50731,0x316,0.0,0.0,1.0,6.25,1.75,0.24,15.34375,15.28125,15.15625,15.28125,-2.0,0.0,0.0,0.0
14.50998,0x2B0,0.0,0.0,1.0,6.25,1.75,0.24,15.34375,15.28125,15.15625,15.28125,-2.0,0.0,0.0,0.0
14.51612,0x220,0.0,0.0,1.0,6.25,1.76,0.17,15.34375,15.28125,15.15625,15.28125,-2.0,0.0,0.0,0.0
14.51728,0x316,0.0,0.0,1.0,6.25,1.76,0.17,15.34375,15.28125,15.15625,15.28125,-2.0,0.0,0.0,0.0
14.51997,0x2B0,0.0,0.0,1.0,6.25,1.76,0.17,15.34375,15.28125,15.15625,15.28125,-2.0,0.0,0.0,0.0
14.52612,0x220,0.0,0.0,1.0,6.25,1.73,0.04,15.34375,15.28125,15.15625,15.28125,-2.0,0.0,0.0,0.0
14.52636,0x386,0.0,0.0,1.0,6.25,1.73,0.04,15.34375,15.59375,15.15625,15.21875,-2.0,0.0,0.0,0.0
14.52751,0x316,0.0,0.0,1.0,6.25,1.73,0.04,15.34375,15.59375,15.15625,15.21875,-2.0,0.0,0.0,0.0
14.5299,0x2B0,0.0,0.0,1.0,6.25,1.73,0.04,15.34375,15.59375,15.15625,15.21875,-2.0,0.0,0.0,0.0
14.53612,0x220,0.0,0.0,1.0,6.25,1.69,-0.01,15.34375,15.59375,15.15625,15.21875,-2.0,0.0,0.0,0.0
14.53728,0x316,0.0,0.0,1.0,6.25,1.69,-0.01,15.34375,15.59375,15.15625,15.21875,-2.0,0.0,0.0,0.0
14.53999,0x2B0,0.0,0.0,1.0,6.25,1.69,-0.01,15.34375,15.59375,15.15625,15.21875,-2.0,0.0,0.0,0.0
14.54611,0x220,0.0,0.0,1.0,6.25,1.69,0.0,15.34375,15.59375,15.15625,15.21875,-2.0,0.0,0.0,0.0
14.54635,0x386,0.0,0.0,1.0,6.25,1.69,0.0,14.9375,15.15625,15.0625,15.28125,-2.0,0.0,0.0,0.0
14.54732,0x316,0.0,0.0,1.0,6.25,1.69,0.0,14.9375,15.15625,15.0625,15.28125,-2.0,0.0,0.0,0.0
14.54992,0x2B0,0.0,0.0,1.0,6.25,1.69,0.0,14.9375,15.15625,15.0625,15.28125,-2.0,0.0,0.0,0.0
14.55612,0x220,0.0,0.0,1.0,6.25,1.76,0.03,14.9375,15.15625,15.0625,15.28125,-2.0,0.0,0.0,0.0
14.5573,0x316,0.0,0.0,1.0,6.25,1.76,0.03,14.9375,15.15625,15.0625,15.28125,-2.0,0.0,0.0,0.0
14.55991,0x2B0,0.0,0.0,1.0,6.25,1.76,0.03,14.9375,15.15625,15.0625,15.28125,-2.0,0.0,0.0,0.0
14.56612,0x220,0.0,0.0,1.0,6.25,1.87,0.01,14.9375,15.15625,15.0625,15.28125,-2.0,0.0,0.0,0.0
14.56635,0x386,0.0,0.0,1.0,6.25,1.87,0.01,15.21875,15.59375,15.0,15.25,-2.0,0.0,0.0,0.0
14.56772,0x316,0.0,0.0,1.0,6.25,1.87,0.01,15.21875,15.59375,15.0,15.25,-2.0,0.0,0.0,0.0
14.56991,0x2B0,0.0,0.0,1.0,6.25,1.87,0.01,15.21875,15.59375,15.0,15.25,-2.0,0.0,0.0,0.0
14.57612,0x220,0.0,0.0,1.0,6.25,1.95,-0.03,15.21875,15.59375,15.0,15.25,-2.0,0.0,0.0,0.0
14.57753,0x316,0.0,0.0,1.0,6.25,1.95,-0.03,15.21875,15.59375,15.0,15.25,-2.0,0.0,0.0,0.0
14.57991,0x2B0,0.0,0.0,1.0,6.25,1.95,-0.03,15.21875,15.59375,15.0,15.25,-2.0,0.0,0.0,0.0
14.58611,0x220,0.0,0.0,1.0,6.25,1.98,-0.08,15.21875,15.59375,15.0,15.25,-2.0,0.0,0.0,0.0
14.58635,0x386,0.0,0.0,1.0,6.25,1.98,-0.08,14.5625,15.65625,15.03125,15.25,-2.0,0.0,0.0,0.0
14.58732,0x316,0.0,0.0,1.0,6.25,1.98,-0.08,14.5625,15.65625,15.03125,15.25,-2.0,0.0,0.0,0.0
14.58991,0x2B0,0.0,0.0,1.0,6.25,1.98,-0.08,14.5625,15.65625,15.03125,15.25,-2.0,0.0,0.0,0.0
14.59612,0x220,0.0,0.0,1.0,6.25,1.95,-0.04,14.5625,15.65625,15.03125,15.25,-2.0,0.0,0.0,0.0
14.59741,0x316,0.0,0.0,1.0,6.25,1.95,-0.04,14.5625,15.65625,15.03125,15.25,-2.0,0.0,0.0,0.0
14.59998,0x2B0,0.0,0.0,1.0,6.25,1.95,-0.04,14.5625,15.65625,15.03125,15.25,-2.0,0.0,0.0,0.0
14.60612,0x220,0.0,0.0,1.0,6.25,1.92,0.0,14.5625,15.65625,15.03125,15.25,-2.0,0.0,0.0,0.0
14.60636,0x386,0.0,0.0,1.0,6.25,1.92,0.0,15.78125,15.59375,15.0625,15.125,-2.0,0.0,0.0,0.0
14.60742,0x316,0.0,0.0,1.0,6.25,1.92,0.0,15.78125,15.59375,15.0625,15.125,-2.0,0.0,0.0,0.0
14.60991,0x2B0,0.0,0.0,1.0,6.25,1.92,0.0,15.78125,15.59375,15.0625,15.125,-2.0,0.0,0.0,0.0
14.61612,0x220,0.0,0.0,1.0,6.25,1.94,0.0,15.78125,15.59375,15.0625,15.125,-2.0,0.0,0.0,0.0
14.61733,0x316,0.0,0.0,1.0,6.25,1.94,0.0,15.78125,15.59375,15.0625,15.125,-2.0,0.0,0.0,0.0
14.61991,0x2B0,0.0,0.0,1.0,6.25,1.94,0.0,15.78125,15.59375,15.0625,15.125,-2.0,0.0,0.0,0.0
14.62612,0x220,0.0,0.0,1.0,6.25,2.04,-0.01,15.78125,15.59375,15.0625,15.125,-2.0,0.0,0.0,0.0
14.62636,0x386,0.0,0.0,1.0,6.25,2.04,-0.01,15.4375,15.71875,15.09375,15.3125,-2.0,0.0,0.0,0.0
14.62732,0x316,0.0,0.0,1.0,6.25,2.04,-0.01,15.4375,15.71875,15.09375,15.3125,-2.0,0.0,0.0,0.0
14.6299,0x2B0,0.0,0.0,1.0,6.25,2.04,-0.01,15.4375,15.71875,15.09375,15.3125,-2.0,0.0,0.0,0.0
14.63612,0x220,0.0,0.0,1.0,6.25,2.17,-0.09,15.4375,15.71875,15.09375,15.3125,-2.0,0.0,0.0,0.0
14.63729,0x316,0.0,0.0,1.0,6.25,2.17,-0.09,15.4375,15.71875,15.09375,15.3125,-2.0,0.0,0.0,0.0
14.6399,0x2B0,0.0,0.0,1.0,6.25,2.17,-0.09,15.4375,15.71875,15.09375,15.3125,-2.0,0.0,0.0,0.0
14.64611,0x220,0.0,0.0,1.0,6.25,2.31,-0.19,15.4375,15.71875,15.09375,15.3125,-2.0,0.0,0.0,0.0
14.64635,0x386,0.0,0.0,1.0,6.25,2.31,-0.19,15.46875,15.5,15.03125,15.09375,-2.0,0.0,0.0,0.0
14.64741,0x316,0.0,0.0,1.0,6.25,2.31,-0.19,15.46875,15.5,15.03125,15.09375,-2.0,0.0,0.0,0.0
14.6499,0x2B0,0.0,0.0,1.0,6.25,2.31,-0.19,15.46875,15.5,15.03125,15.09375,-2.0,0.0,0.0,0.0
14.65612,0x220,0.0,0.0,1.0,6.25,2.43,-0.31,15.46875,15.5,15.03125,15.09375,-2.0,0.0,0.0,0.0
14.65735,0x316,0.0,0.0,1.0,6.25,2.43,-0.31,15.46875,15.5,15.03125,15.09375,-2.0,0.0,0.0,0.0
14.6599,0x2B0,0.0,0.0,1.0,6.25,2.43,-0.31,15.46875,15.5,15.03125,15.09375,-2.0,0.0,0.0,0.0
14.66612,0x220,0.0,0.0,1.0,6.25,2.41,-0.39,15.46875,15.5,15.03125,15.09375,-2.0,0.0,0.0,0.0
14.66635,0x386,0.0,0.0,1.0,6.25,2.41,-0.39,15.5,15.59375,15.0,15.0625,-2.0,0.0,0.0,0.0
14.6676,0x316,0.0,0.0,1.0,6.25,2.41,-0.39,15.5,15.59375,15.0,15.0625,-2.0,0.0,0.0,0.0
14.6699,0x2B0,0.0,0.0,1.0,6.25,2.41,-0.39,15.5,15.59375,15.0,15.0625,-2.0,0.0,0.0,0.0
14.67612,0x220,0.0,0.0,1.0,6.25,2.23,-0.41,15.5,15.59375,15.0,15.0625,-2.0,0.0,0.0,0.0
14.67765,0x316,0.0,0.0,1.0,6.25,2.23,-0.41,15.5,15.59375,15.0,15.0625,-2.0,0.0,0.0,0.0
14.6799,0x2B0,0.0,0.0,1.0,6.25,2.23,-0.41,15.5,15.59375,15.0,15.0625,-2.0,0.0,0.0,0.0
14.68612,0x220,0.0,0.0,1.0,6.25,1.92,-0.39,15.5,15.59375,15.0,15.0625,-2.0,0.0,0.0,0.0
14.68635,0x386,0.0,0.0,1.0,6.25,1.92,-0.39,15.6875,15.34375,14.84375,14.96875,-2.0,0.0,0.0,0.0
14.68738,0x316,0.0,0.0,1.0,6.25,1.92,-0.39,15.6875,15.34375,14.84375,14.96875,-2.0,0.0,0.0,0.0
14.68989,0x2B0,0.0,0.0,1.0,6.25,1.92,-0.39,15.6875,15.34375,14.84375,14.96875,-2.0,0.0,0.0,0.0
14.69612,0x220,0.0,0.0,1.0,6.25,1.67,-0.3,15.6875,15.34375,14.84375,14.96875,-2.0,0.0,0.0,0.0
14.69748,0x316,0.0,0.0,1.0,6.25,1.67,-0.3,15.6875,15.34375,14.84375,14.96875,-2.0,0.0,0.0,0.0
14.69993,0x2B0,0.0,0.0,1.0,6.25,1.67,-0.3,15.6875,15.34375,14.84375,14.96875,-2.0,0.0,0.0,0.0
14.70612,0x220,0.0,0.0,1.0,6.25,1.55,-0.2,15.6875,15.34375,14.84375,14.96875,-2.0,0.0,0.0,0.0
14.70635,0x386,0.0,0.0,1.0,6.25,1.55,-0.2,15.40625,15.75,14.8125,15.25,-2.0,0.0,0.0,0.0
14.70731,0x316,0.0,0.0,1.0,6.25,1.55,-0.2,15.40625,15.75,14.8125,15.25,-2.0,0.0,0.0,0.0
14.70994,0x2B0,0.0,0.0,1.0,6.25,1.55,-0.2,15.40625,15.75,14.8125,15.25,-2.0,0.0,0.0,0.0
14.71612,0x220,0.0,0.0,1.0,6.25,1.54,-0.11,15.40625,15.75,14.8125,15.25,-2.0,0.0,0.0,0.0
14.71727,0x316,0.0,0.0,1.0,6.25,1.54,-0.11,15.40625,15.75,14.8125,15.25,-2.0,0.0,0.0,0.0
14.71999,0x2B0,0.0,0.0,1.0,6.25,1.54,-0.11,15.40625,15.75,14.8125,15.25,-2.0,0.0,0.0,0.0
14.72612,0x220,0.0,0.0,1.0,6.25,1.59,-0.07,15.40625,15.75,14.8125,15.25,-2.0,0.0,0.0,0.0
14.72636,0x386,0.0,0.0,1.0,6.25,1.59,-0.07,15.34375,15.1875,15.09375,15.09375,-2.0,0.0,0.0,0.0
14.72749,0x316,0.0,0.0,1.0,6.25,1.59,-0.07,15.34375,15.1875,15.09375,15.09375,-2.0,0.0,0.0,2.0
14.72999,0x2B0,0.0,0.0,1.0,6.25,1.59,-0.07,15.34375,15.1875,15.09375,15.09375,-2.0,0.0,0.0,2.0
14.73612,0x220,0.0,0.0,1.0,6.25,1.58,-0.08,15.34375,15.1875,15.09375,15.09375,-2.0,0.0,0.0,2.0
14.73733,0x316,0.0,0.0,1.0,6.25,1.58,-0.08,15.34375,15.1875,15.09375,15.09375,-2.0,0.0,0.0,4.0
14.73992,0x2B0,0.0,0.0,1.0,6.25,1.58,-0.08,15.34375,15.1875,15.09375,15.09375,-2.0,0.0,0.0,4.0
14.74612,0x220,0.0,0.0,1.0,6.25,1.45,-0.02,15.34375,15.1875,15.09375,15.09375,-2.0,0.0,0.0,4.0
14.74635,0x386,0.0,0.0,1.0,6.25,1.45,-0.02,15.46875,16.1875,15.03125,15.21875,-2.0,0.0,0.0,4.0
14.74731,0x316,0.0,0.0,1.0,6.25,1.45,-0.02,15.46875,16.1875,15.03125,15.21875,-2.0,0.0,0.0,5.0
14.74992,0x2B0,0.0,0.0,1.0,6.25,1.45,-0.02,15.46875,16.1875,15.03125,15.21875,-2.0,0.0,0.0,5.0
14.75612,0x220,0.0,0.0,1.0,6.25,1.2,0.19,15.46875,16.1875,15.03125,15.21875,-2.0,0.0,0.0,5.0
14.75729,0x316,0.0,0.0,1.0,6.25,1.2,0.19,15.46875,16.1875,15.03125,15.21875,-2.0,0.0,0.0,6.0
14.75992,0x2B0,0.0,0.0,1.0,6.25,1.2,0.19,15.46875,16.1875,15.03125,15.21875,-2.0,0.0,0.0,6.0
14.76612,0x220,0.0,0.0,1.0,6.25,1.04,0.44,15.46875,16.1875,15.03125,15.21875,-2.0,0.0,0.0,6.0
14.76636,0x386,0.0,0.0,1.0,6.25,1.04,0.44,15.90625,15.46875,15.0625,15.15625,-2.0,0.0,0.0,6.0
14.7677,0x316,0.0,0.0,1.0,6.25,1.04,0.44,15.90625,15.46875,15.0625,15.15625,-2.0,0.0,0.0,7.0
14.76993,0x2B0,0.0,0.0,1.0,6.25,1.04,0.44,15.90625,15.46875,15.0625,15.15625,-2.0,0.0,0.0,7.0
14.77613,0x220,0.0,0.0,1.0,6.25,1.04,0.41,15.90625,15.46875,15.0625,15.15625,-2.0,0.0,0.0,7.0
14.77758,0x316,0.0,0.0,1.0,6.25,1.04,0.41,15.90625,15.46875,15.0625,15.15625,-2.0,0.0,0.0,8.0
14.77992,0x2B0,0.0,0.0,1.0,6.25,1.04,0.41,15.90625,15.46875,15.0625,15.15625,-2.0,0.0,0.0,8.0
14.78612,0x220,0.0,0.0,1.0,6.25,1.12,0.2,15.90625,15.46875,15.0625,15.15625,-2.0,0.0,0.0,8.0
14.78635,0x386,0.0,0.0,1.0,6.25,1.12,0.2,15.28125,15.78125,15.0625,15.21875,-2.0,0.0,0.0,8.0
14.78732,0x316,0.0,0.0,1.0,6.25,1.12,0.2,15.28125,15.78125,15.0625,15.21875,-2.0,0.0,0.0,9.0
14.78992,0x2B0,0.0,0.0,1.0,6.25,1.12,0.2,15.28125,15.78125,15.0625,15.21875,-2.0,0.0,0.0,9.0
14.79612,0x220,0.0,0.0,1.0,6.25,1.23,0.1,15.28125,15.78125,15.0625,15.21875,-2.0,0.0,0.0,9.0
14.79743,0x316,0.0,0.0,1.0,6.25,1.23,0.1,15.28125,15.78125,15.0625,15.21875,-2.0,0.0,0.0,9.0
14.79992,0x2B0,0.0,0.0,1.0,6.25,1.23,0.1,15.28125,15.78125,15.0625,15.21875,-2.0,0.0,0.0,9.0
14.80612,0x220,0.0,0.0,1.0,6.25,1.36,0.28,15.28125,15.78125,15.0625,15.21875,-2.0,0.0,0.0,9.0
14.80635,0x386,0.0,0.0,1.0,6.25,1.36,0.28,15.34375,15.03125,15.125,15.40625,-2.0,0.0,0.0,9.0
14.80741,0x316,0.0,0.0,1.0,6.25,1.36,0.28,15.34375,15.03125,15.125,15.40625,-2.0,0.0,0.0,10.0
14.80992,0x2B0,0.0,0.0,1.0,6.25,1.36,0.28,15.34375,15.03125,15.125,15.40625,-2.0,0.0,0.0,10.0
14.81613,0x220,0.0,0.0,1.0,6.25,1.51,0.58,15.34375,15.03125,15.125,15.40625,-2.0,0.0,0.0,10.0
14.81734,0x316,0.0,0.0,1.0,6.25,1.51,0.58,15.34375,15.03125,15.125,15.40625,-2.0,0.0,0.0,11.0
14.81992,0x2B0,0.0,0.0,1.0,6.25,1.51,0.58,15.34375,15.03125,15.125,15.40625,-2.0,0.0,0.0,11.0
14.82612,0x220,0.0,0.0,1.0,6.25,1.64,0.71,15.34375,15.03125,15.125,15.40625,-2.0,0.0,0.0,11.0
14.82637,0x386,0.0,0.0,1.0,6.25,1.64,0.71,15.3125,14.96875,15.25,15.375,-2.0,0.0,0.0,11.0
14.82733,0x316,0.0,0.0,1.0,6.25,1.64,0.71,15.3125,14.96875,15.25,15.375,-2.0,0.0,0.0,12.0
14.82991,0x2B0,0.0,0.0,1.0,6.25,1.64,0.71,15.3125,14.96875,15.25,15.375,-2.0,0.0,0.0,12.0
14.83612,0x220,0.0,0.0,1.0,6.25,1.68,0.5,15.3125,14.96875,15.25,15.375,-2.0,0.0,0.0,12.0
14.83729,0x316,0.0,0.0,1.0,6.25,1.68,0.5,15.3125,14.96875,15.25,15.375,-2.0,0.0,0.0,12.0
14.83994,0x2B0,0.0,0.0,1.0,6.25,1.68,0.5,15.3125,14.96875,15.25,15.375,-1.9,0.0,0.0,12.0
14.84612,0x220,0.0,0.0,1.0,6.25,1.62,0.26,15.3125,14.96875,15.25,15.375,-1.9,0.0,0.0,12.0
14.84635,0x386,0.0,0.0,1.0,6.25,1.62,0.26,15.28125,15.59375,15.21875,15.1875,-1.9,0.0,0.0,12.0
14.84736,0x316,0.0,0.0,1.0,6.25,1.62,0.26,15.28125,15.59375,15.21875,15.1875,-1.9,0.0,0.0,13.0
14.84989,0x2B0,0.0,0.0,1.0,6.25,1.62,0.26,15.28125,15.59375,15.21875,15.1875,-1.9,0.0,0.0,13.0
14.85612,0x220,0.0,0.0,1.0,6.25,1.48,0.27,15.28125,15.59375,15.21875,15.1875,-1.9,0.0,0.0,13.0
14.85734,0x316,0.0,0.0,1.0,6.25,1.48,0.27,15.28125,15.59375,15.21875,15.1875,-1.9,0.0,0.0,14.0
14.8599,0x2B0,0.0,0.0,1.0,6.25,1.48,0.27,15.28125,15.59375,15.21875,15.1875,-1.9,0.0,0.0,14.0
14.86611,0x220,0.0,0.0,1.0,6.25,1.42,0.42,15.28125,15.59375,15.21875,15.1875,-1.9,0.0,0.0,14.0
14.86635,0x386,0.0,0.0,1.0,6.25,1.42,0.42,15.15625,15.46875,15.09375,15.28125,-1.9,0.0,0.0,14.0
14.86759,0x316,0.0,0.0,1.0,6.25,1.42,0.42,15.15625,15.46875,15.09375,15.28125,-1.9,0.0,0.0,14.0
14.86993,0x2B0,0.0,0.0,1.0,6.25,1.42,0.42,15.15625,15.46875,15.09375,15.28125,-1.9,0.0,0.0,14.0
14.87612,0x220,0.0,0.0,1.0,6.25,1.46,0.38,15.15625,15.46875,15.09375,15.28125,-1.9,0.0,0.0,14.0
14.87765,0x316,0.0,0.0,1.0,6.25,1.46,0.38,15.15625,15.46875,15.09375,15.28125,-1.9,0.0,0.0,14.0
14.87998,0x2B0,0.0,0.0,1.0,6.25,1.46,0.38,15.15625,15.46875,15.09375,15.28125,-1.9,0.0,0.0,14.0
14.88612,0x220,0.0,0.0,1.0,6.25,1.48,0.16,15.15625,15.46875,15.09375,15.28125,-1.9,0.0,0.0,14.0
14.88636,0x386,0.0,0.0,1.0,6.25,1.48,0.16,15.53125,15.34375,15.09375,15.28125,-1.9,0.0,0.0,14.0
14.88736,0x316,0.0,0.0,1.0,6.25,1.48,0.16,15.53125,15.34375,15.09375,15.28125,-1.9,0.0,0.0,15.0
14.88994,0x2B0,0.0,0.0,1.0,6.25,1.48,0.16,15.53125,15.34375,15.09375,15.28125,-1.8,0.0,0.0,15.0
14.89613,0x220,0.0,0.0,1.0,6.25,1.51,0.04,15.53125,15.34375,15.09375,15.28125,-1.8,0.0,0.0,15.0
14.89747,0x316,0.0,0.0,1.0,6.25,1.51,0.04,15.53125,15.34375,15.09375,15.28125,-1.8,0.0,0.0,16.0
14.89993,0x2B0,0.0,0.0,1.0,6.25,1.51,0.04,15.53125,15.34375,15.09375,15.28125,-1.8,0.0,0.0,16.0
14.90612,0x220,0.0,0.0,1.0,6.25,1.6,0.16,15.53125,15.34375,15.09375,15.28125,-1.8,0.0,0.0,16.0
14.90635,0x386,0.0,0.0,1.0,6.25,1.6,0.16,15.625,15.40625,15.1875,15.3125,-1.8,0.0,0.0,16.0
14.90732,0x316,0.0,0.0,1.0,6.25,1.6,0.16,15.625,15.40625,15.1875,15.3125,-1.8,0.0,0.0,16.0
14.90993,0x2B0,0.0,0.0,1.0,6.25,1.6,0.16,15.625,15.40625,15.1875,15.3125,-1.7,0.0,0.0,16.0
14.91612,0x220,0.0,0.0,1.0,6.25,1.76,0.38,15.625,15.40625,15.1875,15.3125,-1.7,0.0,0.0,16.0
14.91727,0x316,0.0,0.0,1.0,6.25,1.76,0.38,15.625,15.40625,15.1875,15.3125,-1.7,0.0,0.0,17.0
14.91989,0x2B0,0.0,0.0,1.0,6.25,1.76,0.38,15.625,15.40625,15.1875,15.3125,-1.7,0.0,0.0,17.0
14.92613,0x220,0.0,0.0,1.0,6.25,1.91,0.45,15.625,15.40625,15.1875,15.3125,-1.7,0.0,0.0,17.0
14.92637,0x386,0.0,0.0,1.0,6.25,1.91,0.45,15.46875,15.53125,15.25,15.375,-1.7,0.0,0.0,17.0
14.92733,0x316,0.0,0.0,1.0,6.25,1.91,0.45,15.46875,15.53125,15.25,15.375,-1.7,0.0,0.0,17.0
14.92992,0x2B0,0.0,0.0,1.0,6.25,1.91,0.45,15.46875,15.53125,15.25,15.375,-1.7,0.0,0.0,17.0
14.93613,0x220,0.0,0.0,1.0,6.25,2.05,0.32,15.46875,15.53125,15.25,15.375,-1.7,0.0,0.0,17.0
14.93734,0x316,0.0,0.0,1.0,6.25,2.05,0.32,15.46875,15.53125,15.25,15.375,-1.7,0.0,0.0,18.0
14.93999,0x2B0,0.0,0.0,1.0,6.25,2.05,0.32,15.46875,15.53125,15.25,15.375,-1.7,0.0,0.0,18.0
14.94613,0x220,0.0,0.0,1.0,6.25,2.15,0.11,15.46875,15.53125,15.25,15.375,-1.7,0.0,0.0,18.0
14.94636,0x386,0.0,0.0,1.0,6.25,2.15,0.11,15.40625,15.5,15.1875,15.15625,-1.7,0.0,0.0,18.0
14.94732,0x316,0.0,0.0,1.0,6.25,2.15,0.11,15.40625,15.5,15.1875,15.15625,-1.7,0.0,0.0,18.0
14.94994,0x2B0,0.0,0.0,1.0,6.25,2.15,0.11,15.40625,15.5,15.1875,15.15625,-1.6,0.0,0.0,18.0
14.95613,0x220,0.0,0.0,1.0,6.25,2.17,0.0,15.40625,15.5,15.1875,15.15625,-1.6,0.0,0.0,18.0
14.95729,0x316,0.0,0.0,1.0,6.25,2.17,0.0,15.40625,15.5,15.1875,15.15625,-1.6,0.0,0.0,18.0
14.95991,0x2B0,0.0,0.0,1.0,6.25,2.17,0.0,15.40625,15.5,15.1875,15.15625,-1.6,0.0,0.0,18.0
14.96612,0x220,0.0,0.0,1.0,6.25,2.1,-0.03,15.40625,15.5,15.1875,15.15625,-1.6,0.0,0.0,18.0
14.96636,0x386,0.0,0.0,1.0,6.25,2.1,-0.03,15.46875,15.46875,15.125,15.25,-1.6,0.0,0.0,18.0
14.96763,0x316,0.0,0.0,1.0,6.25,2.1,-0.03,15.46875,15.46875,15.125,15.25,-1.6,0.0,0.0,19.0
14.9699,0x2B0,0.0,0.0,1.0,6.25,2.1,-0.03,15.46875,15.46875,15.125,15.25,-1.6,0.0,0.0,19.0
14.97612,0x220,0.0,0.0,1.0,6.25,1.98,-0.03,15.46875,15.46875,15.125,15.25,-1.6,0.0,0.0,19.0
14.97758,0x316,0.0,0.0,1.0,6.25,1.98,-0.03,15.46875,15.46875,15.125,15.25,-1.6,0.0,0.0,20.0
14.97992,0x2B0,0.0,0.0,1.0,6.25,1.98,-0.03,15.46875,15.46875,15.125,15.25,-1.6,0.0,0.0,20.0
14.98612,0x220,0.0,0.0,1.0,6.25,1.88,-0.02,15.46875,15.46875,15.125,15.25,-1.6,0.0,0.0,20.0
14.98636,0x386,0.0,0.0,1.0,6.25,1.88,-0.02,15.53125,15.5625,15.0625,15.25,-1.6,0.0,0.0,20.0
14.98732,0x316,0.0,0.0,1.0,6.25,1.88,-0.02,15.53125,15.5625,15.0625,15.25,-1.6,0.0,0.0,20.0
14.98991,0x2B0,0.0,0.0,1.0,6.25,1.88,-0.02,15.53125,15.5625,15.0625,15.25,-1.6,0.0,0.0,20.0
14.99613,0x220,0.0,0.0,1.0,6.25,1.85,-0.01,15.53125,15.5625,15.0625,15.25,-1.6,0.0,0.0,20.0
14.9974,0x316,0.0,0.0,1.0,6.25,1.85,-0.01,15.53125,15.5625,15.0625,15.25,-1.6,0.0,0.0,21.0
14.99991,0x2B0,0.0,0.0,1.0,6.25,1.85,-0.01,15.53125,15.5625,15.0625,15.25,-1.6,0.0,0.0,21.0
15.00612,0x220,0.0,0.0,1.0,6.25,1.89,-0.07,15.53125,15.5625,15.0625,15.25,-1.6,0.0,0.0,21.0
15.00636,0x386,0.0,0.0,1.0,6.25,1.89,-0.07,15.5,15.5625,15.09375,15.1875,-1.6,0.0,0.0,21.0
15.00732,0x316,0.0,0.0,1.0,6.25,1.89,-0.07,15.5,15.5625,15.09375,15.1875,-1.6,0.0,0.0,22.0
15.00991,0x2B0,0.0,0.0,1.0,6.25,1.89,-0.07,15.5,15.5625,15.09375,15.1875,-1.6,0.0,0.0,22.0
15.01613,0x220,0.0,0.0,1.0,6.25,2.04,-0.17,15.5,15.5625,15.09375,15.1875,-1.6,0.0,0.0,22.0
15.01733,0x316,0.0,0.0,1.0,6.25,2.04,-0.17,15.5,15.5625,15.09375,15.1875,-1.6,0.0,0.0,23.0
15.01992,0x2B0,0.0,0.0,1.0,6.25,2.04,-0.17,15.5,15.5625,15.09375,15.1875,-1.6,0.0,0.0,23.0
15.02613,0x220,0.0,0.0,1.0,6.25,2.25,-0.16,15.5,15.5625,15.09375,15.1875,-1.6,0.0,0.0,23.0
15.02637,0x386,0.0,0.0,1.0,6.25,2.25,-0.16,15.59375,15.5625,15.0,15.28125,-1.6,0.0,0.0,23.0
15.02732,0x316,0.0,0.0,1.0,6.25,2.25,-0.16,15.59375,15.5625,15.0,15.28125,-1.6,0.0,0.0,24.0
15.02991,0x2B0,0.0,0.0,1.0,6.25,2.25,-0.16,15.59375,15.5625,15.0,15.28125,-1.6,0.0,0.0,24.0
15.03613,0x220,0.0,0.0,1.0,6.25,2.35,-0.06,15.59375,15.5625,15.0,15.28125,-1.6,0.0,0.0,24.0
15.03731,0x316,0.0,0.0,1.0,6.25,2.35,-0.06,15.59375,15.5625,15.0,15.28125,-1.6,0.0,0.0,25.0
15.03991,0x2B0,0.0,0.0,1.0,6.25,2.35,-0.06,15.59375,15.5625,15.0,15.28125,-1.6,0.0,0.0,25.0
15.04612,0x220,0.0,0.0,1.0,6.25,2.31,-0.01,15.59375,15.5625,15.0,15.28125,-1.6,0.0,0.0,25.0
15.04636,0x386,0.0,0.0,1.0,6.25,2.31,-0.01,15.5,15.625,15.03125,15.25,-1.6,0.0,0.0,25.0
15.04731,0x316,0.0,0.0,1.0,6.25,2.31,-0.01,15.5,15.625,15.03125,15.25,-1.6,0.0,0.0,25.0
15.04991,0x2B0,0.0,0.0,1.0,6.25,2.31,-0.01,15.5,15.625,15.03125,15.25,-1.6,0.0,0.0,25.0
15.05613,0x220,0.0,0.0,1.0,6.25,2.18,-0.08,15.5,15.625,15.03125,15.25,-1.6,0.0,0.0,25.0
15.05743,0x316,0.0,0.0,1.0,6.25,2.18,-0.08,15.5,15.625,15.03125,15.25,-1.6,0.0,0.0,26.0
15.05991,0x2B0,0.0,0.0,1.0,6.25,2.18,-0.08,15.5,15.625,15.03125,15.25,-1.6,0.0,0.0,26.0
15.06612,0x220,0.0,0.0,1.0,6.25,1.99,-0.18,15.5,15.625,15.03125,15.25,-1.6,0.0,0.0,26.0
15.06636,0x386,0.0,0.0,1.0,6.25,1.99,-0.18,15.40625,15.5,15.1875,15.28125,-1.6,0.0,0.0,26.0
15.06757,0x316,0.0,0.0,1.0,6.25,1.99,-0.18,15.40625,15.5,15.1875,15.28125,-1.6,0.0,0.0,26.0
15.06998,0x2B0,0.0,0.0,1.0,6.25,1.99,-0.18,15.40625,15.5,15.1875,15.28125,-1.6,0.0,0.0,26.0
15.07613,0x220,0.0,0.0,1.0,6.25,1.76,-0.19,15.40625,15.5,15.1875,15.28125,-1.6,0.0,0.0,26.0
15.07771,0x316,0.0,0.0,1.0,6.25,1.76,-0.19,15.40625,15.5,15.1875,15.28125,-1.6,0.0,0.0,27.0
15.0799,0x2B0,0.0,0.0,1.0,6.25,1.76,-0.19,15.40625,15.5,15.1875,15.28125,-1.5,0.0,0.0,27.0
15.08613,0x220,0.0,0.0,1.0,6.25,1.6,-0.15,15.40625,15.5,15.1875,15.28125,-1.5,0.0,0.0,27.0
15.08637,0x386,0.0,0.0,1.0,6.25,1.6,-0.15,15.4375,15.46875,15.125,15.40625,-1.5,0.0,0.0,27.0
15.08733,0x316,0.0,0.0,1.0,6.25,1.6,-0.15,15.4375,15.46875,15.125,15.40625,-1.5,0.0,0.0,27.0
15.08988,0x2B0,0.0,0.0,1.0,6.25,1.6,-0.15,15.4375,15.46875,15.125,15.40625,-1.5,0.0,0.0,27.0
15.09614,0x220,0.0,0.0,1.0,6.25,1.61,-0.08,15.4375,15.46875,15.125,15.40625,-1.5,0.0,0.0,27.0
15.09751,0x316,0.0,0.0,1.0,6.25,1.61,-0.08,15.4375,15.46875,15.125,15.40625,-1.5,0.0,0.0,28.0
15.09999,0x2B0,0.0,0.0,1.0,6.25,1.61,-0.08,15.4375,15.46875,15.125,15.40625,-1.5,0.0,0.0,28.0
15.10613,0x220,0.0,0.0,1.0,6.25,1.71,0.0,15.4375,15.46875,15.125,15.40625,-1.5,0.0,0.0,28.0
15.10637,0x386,0.0,0.0,1.0,6.25,1.71,0.0,15.34375,15.5,15.15625,15.5,-1.5,0.0,0.0,28.0
15.10733,0x316,0.0,0.0,1.0,6.25,1.71,0.0,15.34375,15.5,15.15625,15.5,-1.5,0.0,0.0,28.0
15.10992,0x2B0,0.0,0.0,1.0,6.25,1.71,0.0,15.34375,15.5,15.15625,15.5,-1.3,8.0,0.0,28.0
15.11613,0x220,0.0,0.0,1.0,6.25,1.85,0.05,15.34375,15.5,15.15625,15.5,-1.3,8.0,0.0,28.0
15.11729,0x316,0.0,0.0,1.0,6.25,1.85,0.05,15.34375,15.5,15.15625,15.5,-1.3,8.0,0.0,29.0
15.11992,0x2B0,0.0,0.0,1.0,6.25,1.85,0.05,15.34375,15.5,15.15625,15.5,-1.3,8.0,0.0,29.0
15.12614,0x220,0.0,0.0,1.0,6.25,1.93,0.08,15.34375,15.5,15.15625,15.5,-1.3,8.0,0.0,29.0
15.12637,0x386,0.0,0.0,1.0,6.25,1.93,0.08,15.40625,15.59375,15.21875,15.46875,-1.3,8.0,0.0,29.0
15.12733,0x316,0.0,0.0,1.0,6.25,1.93,0.08,15.40625,15.59375,15.21875,15.46875,-1.3,8.0,0.0,29.0
15.12997,0x2B0,0.0,0.0,1.0,6.25,1.93,0.08,15.40625,15.59375,15.21875,15.46875,-1.3,0.0,0.0,29.0
15.13613,0x220,0.0,0.0,1.0,6.25,1.88,0.1,15.40625,15.59375,15.21875,15.46875,-1.3,0.0,0.0,29.0
15.13736,0x316,0.0,0.0,1.0,6.25,1.88,0.1,15.40625,15.59375,15.21875,15.46875,-1.3,0.0,0.0,30.0
15.13993,0x2B0,0.0,0.0,1.0,6.25,1.88,0.1,15.40625,15.59375,15.21875,15.46875,-1.2,0.0,0.0,30.0
15.14613,0x220,0.0,0.0,1.0,6.25,1.69,0.08,15.40625,15.59375,15.21875,15.46875,-1.2,0.0,0.0,30.0
15.14636,0x386,0.0,0.0,1.0,6.25,1.69,0.08,15.46875,15.5,15.3125,15.46875,-1.2,0.0,0.0,30.0
15.14732,0x316,0.0,0.0,1.0,6.25,1.69,0.08,15.46875,15.5,15.3125,15.46875,-1.2,0.0,0.0,31.0
15.1499,0x2B0,0.0,0.0,1.0,6.25,1.69,0.08,15.46875,15.5,15.3125,15.46875,-1.2,0.0,0.0,31.0
15.15613,0x220,0.0,0.0,1.0,6.25,1.45,0.09,15.46875,15.5,15.3125,15.46875,-1.2,0.0,0.0,31.0
15.15732,0x316,0.0,0.0,1.0,6.25,1.45,0.09,15.46875,15.5,15.3125,15.46875,-1.2,0.0,0.0,31.0
15.15989,0x2B0,0.0,0.0,1.0,6.25,1.45,0.09,15.46875,15.5,15.3125,15.46875,-1.2,0.0,0.0,31.0
15.16612,0x220,0.0,0.0,1.0,6.25,1.24,0.16,15.46875,15.5,15.3125,15.46875,-1.2,0.0,0.0,31.0
15.16636,0x386,0.0,0.0,1.0,6.25,1.24,0.16,15.6875,15.6875,15.21875,15.5,-1.2,0.0,0.0,31.0
15.16749,0x316,0.0,0.0,1.0,6.25,1.24,0.16,15.6875,15.6875,15.21875,15.5,-1.2,0.0,0.0,32.0
15.16989,0x2B0,0.0,0.0,1.0,6.25,1.24,0.16,15.6875,15.6875,15.21875,15.5,-1.2,0.0,0.0,32.0
15.17614,0x220,0.0,0.0,1.0,6.25,1.18,0.23,15.6875,15.6875,15.21875,15.5,-1.2,0.0,0.0,32.0
15.17765,0x316,0.0,0.0,1.0,6.25,1.18,0.23,15.6875,15.6875,15.21875,15.5,-1.2,0.0,0.0,33.0
15.17998,0x2B0,0.0,0.0,1.0,6.25,1.18,0.23,15.6875,15.6875,15.21875,15.5,-1.2,0.0,0.0,33.0
15.18613,0x220,0.0,0.0,1.0,6.25,1.25,0.24,15.6875,15.6875,15.21875,15.5,-1.2,0.0,0.0,33.0
15.18637,0x386,0.0,0.0,1.0,6.25,1.25,0.24,15.53125,15.625,15.3125,15.40625,-1.2,0.0,0.0,33.0
15.18732,0x316,0.0,0.0,1.0,6.25,1.25,0.24,15.53125,15.625,15.3125,15.40625,-1.2,0.0,0.0,33.0
15.18988,0x2B0,0.0,0.0,1.0,6.25,1.25,0.24,15.53125,15.625,15.3125,15.40625,-1.2,0.0,0.0,33.0
15.19613,0x220,0.0,0.0,1.0,6.25,1.42,0.27,15.53125,15.625,15.3125,15.40625,-1.2,0.0,0.0,33.0
15.19744,0x316,0.0,0.0,1.0,6.25,1.42,0.27,15.53125,15.625,15.3125,15.40625,-1.2,0.0,0.0,34.0
15.1999,0x2B0,0.0,0.0,1.0,6.25,1.42,0.27,15.53125,15.625,15.3125,15.40625,-1.2,0.0,0.0,34.0
15.20613,0x220,0.0,0.0,1.0,6.25,1.64,0.46,15.53125,15.625,15.3125,15.40625,-1.2,0.0,0.0,34.0
15.20637,0x386,0.0,0.0,1.0,6.25,1.64,0.46,15.71875,15.65625,15.46875,15.4375,-1.2,0.0,0.0,34.0
15.20733,0x316,0.0,0.0,1.0,6.25,1.64,0.46,15.71875,15.65625,15.46875,15.4375,-1.2,0.0,0.0,35.0
15.20989,0x2B0,0.0,0.0,1.0,6.25,1.64,0.46,15.71875,15.65625,15.46875,15.4375,-1.2,0.0,0.0,35.0
15.21613,0x220,0.0,0.0,1.0,6.25,1.82,0.6,15.71875,15.65625,15.46875,15.4375,-1.2,0.0,0.0,35.0
15.21728,0x316,0.0,0.0,1.0,6.25,1.82,0.6,15.71875,15.65625,15.46875,15.4375,-1.2,0.0,0.0,35.0
15.21989,0x2B0,0.0,0.0,1.0,6.25,1.82,0.6,15.71875,15.65625,15.46875,15.4375,-1.2,0.0,0.0,35.0
15.22614,0x220,0.0,0.0,1.0,6.25,1.87,0.42,15.71875,15.65625,15.46875,15.4375,-1.2,0.0,0.0,35.0
15.22638,0x386,0.0,0.0,1.0,6.25,1.87,0.42,15.625,15.65625,15.5,15.5625,-1.2,0.0,0.0,35.0
15.22734,0x316,0.0,0.0,1.0,6.25,1.87,0.42,15.625,15.65625,15.5,15.5625,-1.2,0.0,0.0,35.0
15.22989,0x2B0,0.0,0.0,1.0,6.25,1.87,0.42,15.625,15.65625,15.5,15.5625,-1.2,0.0,0.0,35.0
15.23613,0x220,0.0,0.0,1.0,6.25,1.71,0.03,15.625,15.65625,15.5,15.5625,-1.2,0.0,0.0,35.0
15.23727,0x316,0.0,0.0,1.0,6.25,1.71,0.03,15.625,15.65625,15.5,15.5625,-1.2,0.0,0.0,36.0
15.23989,0x2B0,0.0,0.0,1.0,6.25,1.71,0.03,15.625,15.65625,15.5,15.5625,-1.2,0.0,0.0,36.0
15.24613,0x220,0.0,0.0,1.0,6.25,1.43,-0.08,15.625,15.65625,15.5,15.5625,-1.2,0.0,0.0,36.0
15.24637,0x386,0.0,0.0,1.0,6.25,1.43,-0.08,15.6875,15.71875,15.53125,15.75,-1.2,0.0,0.0,36.0
15.24733,0x316,0.0,0.0,1.0,6.25,1.43,-0.08,15.6875,15.71875,15.53125,15.75,-1.2,0.0,0.0,35.0
15.24989,0x2B0,0.0,0.0,1.0,6.25,1.43,-0.08,15.6875,15.71875,15.53125,15.75,-1.2,0.0,0.0,35.0
15.25614,0x220,0.0,0.0,1.0,6.25,1.27,0.08,15.6875,15.71875,15.53125,15.75,-1.2,0.0,0.0,35.0
15.2573,0x316,0.0,0.0,1.0,6.25,1.27,0.08,15.6875,15.71875,15.53125,15.75,-1.2,0.0,0.0,36.0
15.25989,0x2B0,0.0,0.0,1.0,6.25,1.27,0.08,15.6875,15.71875,15.53125,15.75,-1.2,0.0,0.0,36.0
15.26613,0x220,0.0,0.0,1.0,6.25,1.35,0.29,15.6875,15.71875,15.53125,15.75,-1.2,0.0,0.0,36.0
15.26638,0x386,0.0,0.0,1.0,6.25,1.35,0.29,15.625,15.75,15.75,15.78125,-1.2,0.0,0.0,36.0
15.26759,0x316,0.0,0.0,1.0,6.25,1.35,0.29,15.625,15.75,15.75,15.78125,-1.2,0.0,0.0,36.0
15.26989,0x2B0,0.0,0.0,1.0,6.25,1.35,0.29,15.625,15.75,15.75,15.78125,-1.2,0.0,0.0,36.0
15.27613,0x220,0.0,0.0,1.0,6.25,1.56,0.28,15.625,15.75,15.75,15.78125,-1.2,0.0,0.0,36.0
15.27763,0x316,0.0,0.0,1.0,6.25,1.56,0.28,15.625,15.75,15.75,15.78125,-1.2,0.0,0.0,36.0
15.27991,0x2B0,0.0,0.0,1.0,6.25,1.56,0.28,15.625,15.75,15.75,15.78125,-1.2,0.0,0.0,36.0
15.28613,0x220,0.0,0.0,1.0,6.25,1.79,0.12,15.625,15.75,15.75,15.78125,-1.2,0.0,0.0,36.0
15.28637,0x386,0.0,0.0,1.0,6.25,1.79,0.12,15.84375,15.78125,15.75,15.625,-1.2,0.0,0.0,36.0
15.28733,0x316,0.0,0.0,1.0,6.25,1.79,0.12,15.84375,15.78125,15.75,15.625,-1.2,0.0,0.0,36.0
15.28989,0x2B0,0.0,0.0,1.0,6.25,1.79,0.12,15.84375,15.78125,15.75,15.625,-1.2,0.0,0.0,36.0
15.29613,0x220,0.0,0.0,1.0,6.25,1.87,0.0,15.84375,15.78125,15.75,15.625,-1.2,0.0,0.0,36.0
15.29745,0x316,0.0,0.0,1.0,6.25,1.87,0.0,15.84375,15.78125,15.75,15.625,-1.2,0.0,0.0,37.0
15.29997,0x2B0,0.0,0.0,1.0,6.25,1.87,0.0,15.84375,15.78125,15.75,15.625,-1.2,0.0,0.0,37.0
15.30613,0x220,0.0,0.0,1.0,6.25,1.74,0.0,15.84375,15.78125,15.75,15.625,-1.2,0.0,0.0,37.0
15.30637,0x386,0.0,0.0,1.0,6.25,1.74,0.0,15.8125,15.84375,15.75,15.65625,-1.2,0.0,0.0,37.0
15.30735,0x316,0.0,0.0,1.0,6.25,1.74,0.0,15.8125,15.84375,15.75,15.65625,-1.2,0.0,0.0,37.0
15.30989,0x2B0,0.0,0.0,1.0,6.25,1.74,0.0,15.8125,15.84375,15.75,15.65625,-1.2,0.0,0.0,37.0
15.31613,0x220,0.0,0.0,1.0,6.25,1.52,-0.02,15.8125,15.84375,15.75,15.65625,-1.2,0.0,0.0,37.0
15.31725,0x316,0.0,0.0,1.0,6.25,1.52,-0.02,15.8125,15.84375,15.75,15.65625,-1.2,0.0,0.0,38.0
15.31989,0x2B0,0.0,0.0,1.0,6.25,1.52,-0.02,15.8125,15.84375,15.75,15.65625,-1.2,0.0,0.0,38.0
15.32614,0x220,0.0,0.0,1.0,6.25,1.28,-0.05,15.8125,15.84375,15.75,15.65625,-1.2,0.0,0.0,38.0
15.32638,0x386,0.0,0.0,1.0,6.25,1.28,-0.05,15.96875,15.8125,15.78125,15.65625,-1.2,0.0,0.0,38.0
15.32733,0x316,0.0,0.0,1.0,6.25,1.28,-0.05,15.96875,15.8125,15.78125,15.65625,-1.2,0.0,0.0,39.0
15.32989,0x2B0,0.0,0.0,1.0,6.25,1.28,-0.05,15.96875,15.8125,15.78125,15.65625,-1.2,0.0,0.0,39.0
15.33613,0x220,0.0,0.0,1.0,6.25,1.19,-0.08,15.96875,15.8125,15.78125,15.65625,-1.2,0.0,0.0,39.0
15.3373,0x316,0.0,0.0,1.0,6.25,1.19,-0.08,15.96875,15.8125,15.78125,15.65625,-1.2,0.0,0.0,40.0
15.33988,0x2B0,0.0,0.0,1.0,6.25,1.19,-0.08,15.96875,15.8125,15.78125,15.65625,-1.2,0.0,0.0,40.0
15.34613,0x220,0.0,0.0,1.0,6.25,1.3,-0.13,15.96875,15.8125,15.78125,15.65625,-1.2,0.0,0.0,40.0
15.34637,0x386,0.0,0.0,1.0,6.25,1.3,-0.13,15.9375,15.875,15.84375,15.65625,-1.2,0.0,0.0,40.0
15.34732,0x316,0.0,0.0,1.0,6.25,1.3,-0.13,15.9375,15.875,15.84375,15.65625,-1.2,0.0,0.0,41.0
15.34989,0x2B0,0.0,0.0,1.0,6.25,1.3,-0.13,15.9375,15.875,15.84375,15.65625,-1.2,0.0,0.0,41.0
15.35613,0x220,0.0,0.0,1.0,6.25,1.44,-0.18,15.9375,15.875,15.84375,15.65625,-1.2,0.0,0.0,41.0
15.3573,0x316,0.0,0.0,1.0,6.25,1.44,-0.18,15.9375,15.875,15.84375,15.65625,-1.2,0.0,0.0,41.0
15.35989,0x2B0,0.0,0.0,1.0,6.25,1.44,-0.18,15.9375,15.875,15.84375,15.65625,-1.2,0.0,0.0,41.0
15.36613,0x220,0.0,0.0,1.0,6.25,1.53,-0.17,15.9375,15.875,15.84375,15.65625,-1.2,0.0,0.0,41.0
15.36637,0x386,0.0,0.0,1.0,6.25,1.53,-0.17,15.9375,15.9375,15.65625,15.625,-1.2,0.0,0.0,41.0
15.36753,0x316,0.0,0.0,1.0,6.25,1.53,-0.17,15.9375,15.9375,15.65625,15.625,-1.2,0.0,0.0,42.0
15.36989,0x2B0,0.0,0.0,1.0,6.25,1.53,-0.17,15.9375,15.9375,15.65625,15.625,-1.2,0.0,0.0,42.0
15.37614,0x220,0.0,0.0,1.0,6.25,1.52,-0.06,15.9375,15.9375,15.65625,15.625,-1.2,0.0,0.0,42.0
15.37751,0x316,0.0,0.0,1.0,6.25,1.52,-0.06,15.9375,15.9375,15.65625,15.625,-1.2,0.0,0.0,43.0
15.37994,0x2B0,0.0,0.0,1.0,6.25,1.52,-0.06,15.9375,15.9375,15.65625,15.625,-1.2,0.0,0.0,43.0
15.38614,0x220,0.0,0.0,1.0,6.25,1.48,0.04,15.9375,15.9375,15.65625,15.625,-1.2,0.0,0.0,43.0
15.38638,0x386,0.0,0.0,1.0,6.25,1.48,0.04,15.9375,16.0625,15.40625,15.5625,-1.2,0.0,0.0,43.0
15.38734,0x316,0.0,0.0,1.0,6.25,1.48,0.04,15.9375,16.0625,15.40625,15.5625,-1.2,0.0,0.0,43.0
15.38991,0x2B0,0.0,0.0,1.0,6.25,1.48,0.04,15.9375,16.0625,15.40625,15.5625,-1.2,0.0,0.0,43.0
15.39614,0x220,0.0,0.0,1.0,6.25,1.42,0.1,15.9375,16.0625,15.40625,15.5625,-1.2,0.0,0.0,43.0
15.39744,0x316,0.0,0.0,1.0,6.25,1.42,0.1,15.9375,16.0625,15.40625,15.5625,-1.2,0.0,0.0,44.0
15.39993,0x2B0,0.0,0.0,1.0,6.25,1.42,0.1,15.9375,16.0625,15.40625,15.5625,-1.2,0.0,0.0,44.0
15.40614,0x220,0.0,0.0,1.0,6.25,1.28,0.06,15.9375,16.0625,15.40625,15.5625,-1.2,0.0,0.0,44.0
15.40638,0x386,0.0,0.0,1.0,6.25,1.28,0.06,15.90625,16.0625,15.34375,15.4375,-1.2,0.0,0.0,44.0
15.40733,0x316,0.0,0.0,1.0,6.25,1.28,0.06,15.90625,16.0625,15.34375,15.4375,-1.2,0.0,0.0,44.0
15.40992,0x2B0,0.0,0.0,1.0,6.25,1.28,0.06,15.90625,16.0625,15.34375,15.4375,-1.2,0.0,0.0,44.0
15.41614,0x220,0.0,0.0,1.0,6.25,1.12,0.01,15.90625,16.0625,15.34375,15.4375,-1.2,0.0,0.0,44.0
15.41727,0x316,0.0,0.0,1.0,6.25,1.12,0.01,15.90625,16.0625,15.34375,15.4375,-1.2,0.0,0.0,45.0
15.41992,0x2B0,0.0,0.0,1.0,6.25,1.12,0.01,15.90625,16.0625,15.34375,15.4375,-1.2,0.0,0.0,45.0
15.42615,0x220,0.0,0.0,1.0,6.25,0.97,0.08,15.90625,16.0625,15.34375,15.4375,-1.2,0.0,0.0,45.0
15.42638,0x386,0.0,0.0,1.0,6.25,0.97,0.08,15.84375,15.9375,15.625,15.5625,-1.2,0.0,0.0,45.0
15.42751,0x316,0.0,0.0,1.0,6.25,0.97,0.08,15.84375,15.9375,15.625,15.5625,-1.2,0.0,0.0,45.0
15.42992,0x2B0,0.0,0.0,1.0,6.25,0.97,0.08,15.84375,15.9375,15.625,15.5625,-1.2,0.0,0.0,45.0
15.43614,0x220,0.0,0.0,1.0,6.25,0.79,0.29,15.84375,15.9375,15.625,15.5625,-1.2,0.0,0.0,45.0
15.43728,0x316,0.0,0.0,1.0,6.25,0.79,0.29,15.84375,15.9375,15.625,15.5625,-1.2,0.0,0.0,46.0
15.43992,0x2B0,0.0,0.0,1.0,6.25,0.79,0.29,15.84375,15.9375,15.625,15.5625,-1.2,0.0,0.0,46.0
15.44614,0x220,0.0,0.0,1.0,6.25,0.65,0.46,15.84375,15.9375,15.625,15.5625,-1.2,0.0,0.0,46.0
15.44638,0x386,0.0,0.0,1.0,6.25,0.65,0.46,15.84375,15.96875,15.8125,15.65625,-1.2,0.0,0.0,46.0
15.44734,0x316,0.0,0.0,1.0,6.25,0.65,0.46,15.84375,15.96875,15.8125,15.65625,-1.2,0.0,0.0,47.0
15.44985,0x2B0,0.0,0.0,1.0,6.25,0.65,0.46,15.84375,15.96875,15.8125,15.65625,-1.2,0.0,0.0,47.0
15.45613,0x220,0.0,0.0,1.0,6.25,0.58,0.41,15.84375,15.96875,15.8125,15.65625,-1.2,0.0,0.0,47.0
15.45728,0x316,0.0,0.0,1.0,6.25,0.58,0.41,15.84375,15.96875,15.8125,15.65625,-1.2,0.0,0.0,47.0
15.45986,0x2B0,0.0,0.0,1.0,6.25,0.58,0.41,15.84375,15.96875,15.8125,15.65625,-1.2,0.0,0.0,47.0
15.46613,0x220,0.0,0.0,1.0,6.25,0.64,0.24,15.84375,15.96875,15.8125,15.65625,-1.2,0.0,0.0,47.0
15.46637,0x386,0.0,0.0,1.0,6.25,0.64,0.24,15.875,15.8125,15.90625,15.90625,-1.2,0.0,0.0,47.0
15.46766,0x316,0.0,0.0,1.0,6.25,0.64,0.24,15.875,15.8125,15.90625,15.90625,-1.2,0.0,0.0,47.0
15.46988,0x2B0,0.0,0.0,1.0,6.25,0.64,0.24,15.875,15.8125,15.90625,15.90625,-1.2,0.0,0.0,47.0
15.47613,0x220,0.0,0.0,1.0,6.25,0.79,0.12,15.875,15.8125,15.90625,15.90625,-1.2,0.0,0.0,47.0
15.47766,0x316,0.0,0.0,1.0,6.25,0.79,0.12,15.875,15.8125,15.90625,15.90625,-1.2,0.0,0.0,48.0
15.47995,0x2B0,0.0,0.0,1.0,6.25,0.79,0.12,15.875,15.8125,15.90625,15.90625,-1.2,0.0,0.0,48.0
15.48614,0x220,0.0,0.0,1.0,6.25,0.93,0.02,15.875,15.8125,15.90625,15.90625,-1.2,0.0,0.0,48.0
15.48638,0x386,0.0,0.0,1.0,6.25,0.93,0.02,15.84375,15.84375,15.90625,16.15625,-1.2,0.0,0.0,48.0
15.48734,0x316,0.0,0.0,1.0,6.25,0.93,0.02,15.84375,15.84375,15.90625,16.15625,-1.2,0.0,0.0,48.0
15.48988,0x2B0,0.0,0.0,1.0,6.25,0.93,0.02,15.84375,15.84375,15.90625,16.15625,-1.2,0.0,0.0,48.0
15.49614,0x220,0.0,0.0,1.0,6.25,0.99,0.0,15.84375,15.84375,15.90625,16.15625,-1.2,0.0,0.0,48.0
15.49739,0x316,0.0,0.0,1.0,6.25,0.99,0.0,15.84375,15.84375,15.90625,16.15625,-1.2,0.0,0.0,48.0
15.49986,0x2B0,0.0,0.0,1.0,6.25,0.99,0.0,15.84375,15.84375,15.90625,16.15625,-1.2,0.0,0.0,48.0
15.50613,0x220,0.0,0.0,1.0,6.25,0.98,0.08,15.84375,15.84375,15.90625,16.15625,-1.2,0.0,0.0,48.0
15.50637,0x386,0.0,0.0,1.0,6.25,0.98,0.08,15.90625,15.875,15.96875,16.125,-1.2,0.0,0.0,48.0
15.50733,0x316,0.0,0.0,1.0,6.25,0.98,0.08,15.90625,15.875,15.96875,16.125,-1.2,0.0,0.0,48.0
15.50987,0x2B0,0.0,0.0,1.0,6.25,0.98,0.08,15.90625,15.875,15.96875,16.125,-1.2,0.0,0.0,48.0
15.51613,0x220,0.0,0.0,1.0,6.25,0.91,0.26,15.90625,15.875,15.96875,16.125,-1.2,0.0,0.0,48.0
15.51725,0x316,0.0,0.0,1.0,6.25,0.91,0.26,15.90625,15.875,15.96875,16.125,-1.2,0.0,0.0,49.0
15.51988,0x2B0,0.0,0.0,1.0,6.25,0.91,0.26,15.90625,15.875,15.96875,16.125,-1.2,0.0,0.0,49.0
15.52614,0x220,0.0,0.0,1.0,6.25,0.79,0.31,15.90625,15.875,15.96875,16.125,-1.2,0.0,0.0,49.0
15.52638,0x386,0.0,0.0,1.0,6.25,0.79,0.31,15.8125,15.75,15.96875,16.125,-1.2,0.0,0.0,49.0
15.52735,0x316,0.0,0.0,1.0,6.25,0.79,0.31,15.8125,15.75,15.96875,16.125,-1.2,0.0,0.0,49.0
15.52987,0x2B0,0.0,0.0,1.0,6.25,0.79,0.31,15.8125,15.75,15.96875,16.125,-1.2,0.0,0.0,49.0
15.53614,0x220,0.0,0.0,1.0,6.25,0.68,0.29,15.8125,15.75,15.96875,16.125,-1.2,0.0,0.0,49.0
15.53723,0x316,0.0,0.0,1.0,6.25,0.68,0.29,15.8125,15.75,15.96875,16.125,-1.2,0.0,0.0,49.0
15.53986,0x2B0,0.0,0.0,1.0,6.25,0.68,0.29,15.8125,15.75,15.96875,16.125,-1.2,0.0,0.0,49.0
15.54614,0x220,0.0,0.0,1.0,6.25,0.62,0.3,15.8125,15.75,15.96875,16.125,-1.2,0.0,0.0,49.0
15.54638,0x386,0.0,0.0,1.0,6.25,0.62,0.3,15.9375,15.9375,15.9375,15.84375,-1.2,0.0,0.0,49.0
15.54738,0x316,0.0,0.0,1.0,6.25,0.62,0.3,15.9375,15.9375,15.9375,15.84375,-1.2,0.0,0.0,50.0
15.54986,0x2B0,0.0,0.0,1.0,6.25,0.62,0.3,15.9375,15.9375,15.9375,15.84375,-1.2,0.0,0.0,50.0
15.55613,0x220,0.0,0.0,1.0,6.25,0.59,0.31,15.9375,15.9375,15.9375,15.84375,-1.2,0.0,0.0,50.0
15.55729,0x316,0.0,0.0,1.0,6.25,0.59,0.31,15.9375,15.9375,15.9375,15.84375,-1.2,0.0,0.0,50.0
15.55992,0x2B0,0.0,0.0,1.0,6.25,0.59,0.31,15.9375,15.9375,15.9375,15.84375,-1.2,0.0,0.0,50.0
15.56614,0x220,0.0,0.0,1.0,6.25,0.65,0.29,15.9375,15.9375,15.9375,15.84375,-1.2,0.0,0.0,50.0
15.56639,0x386,0.0,0.0,1.0,6.25,0.65,0.29,16.0,16.03125,16.0,15.75,-1.2,0.0,0.0,50.0
15.56759,0x316,0.0,0.0,1.0,6.25,0.65,0.29,16.0,16.03125,16.0,15.75,-1.2,0.0,0.0,50.0
15.56992,0x2B0,0.0,0.0,1.0,6.25,0.65,0.29,16.0,16.03125,16.0,15.75,-1.2,0.0,0.0,50.0
15.57614,0x220,0.0,0.0,1.0,6.25,0.8,0.22,16.0,16.03125,16.0,15.75,-1.2,0.0,0.0,50.0
15.57744,0x316,0.0,0.0,1.0,6.25,0.8,0.22,16.0,16.03125,16.0,15.75,-1.2,0.0,0.0,51.0
15.58,0x2B0,0.0,0.0,1.0,6.25,0.8,0.22,16.0,16.03125,16.0,15.75,-1.3,0.0,0.0,51.0
15.58614,0x220,0.0,0.0,1.0,6.25,1.03,0.11,16.0,16.03125,16.0,15.75,-1.3,0.0,0.0,51.0
15.58638,0x386,0.0,0.0,1.0,6.25,1.03,0.11,16.0625,16.09375,15.84375,15.875,-1.3,0.0,0.0,51.0
15.58738,0x316,0.0,0.0,1.0,6.25,1.03,0.11,16.0625,16.09375,15.84375,15.875,-1.3,0.0,0.0,51.0
15.58993,0x2B0,0.0,0.0,1.0,6.25,1.03,0.11,16.0625,16.09375,15.84375,15.875,-1.3,0.0,0.0,51.0
15.59614,0x220,0.0,0.0,1.0,6.25,1.31,0.0,16.0625,16.09375,15.84375,15.875,-1.3,0.0,0.0,51.0
15.59742,0x316,0.0,0.0,1.0,6.25,1.31,0.0,16.0625,16.09375,15.84375,15.875,-1.3,0.0,0.0,51.0
15.59994,0x2B0,0.0,0.0,1.0,6.25,1.31,0.0,16.0625,16.09375,15.84375,15.875,-1.3,0.0,0.0,51.0
15.60614,0x220,0.0,0.0,1.0,6.25,1.54,-0.03,16.0625,16.09375,15.84375,15.875,-1.3,0.0,0.0,51.0
15.60638,0x386,0.0,0.0,1.0,6.25,1.54,-0.03,15.96875,16.09375,15.65625,15.90625,-1.3,0.0,0.0,51.0
15.60734,0x316,0.0,0.0,1.0,6.25,1.54,-0.03,15.96875,16.09375,15.65625,15.90625,-1.3,0.0,0.0,51.0
15.60993,0x2B0,0.0,0.0,1.0,6.25,1.54,-0.03,15.96875,16.09375,15.65625,15.90625,-1.4,0.0,0.0,51.0
15.61613,0x220,0.0,0.0,1.0,6.25,1.7,0.01,15.96875,16.09375,15.65625,15.90625,-1.4,0.0,0.0,51.0
15.61726,0x316,0.0,0.0,1.0,6.25,1.7,0.01,15.96875,16.09375,15.65625,15.90625,-1.4,0.0,0.0,51.0
15.61996,0x2B0,0.0,0.0,1.0,6.25,1.7,0.01,15.96875,16.09375,15.65625,15.90625,-1.4,0.0,0.0,51.0
15.62615,0x220,0.0,0.0,1.0,6.25,1.8,0.09,15.96875,16.09375,15.65625,15.90625,-1.4,0.0,0.0,51.0
15.62638,0x386,0.0,0.0,1.0,6.25,1.8,0.09,15.9375,16.09375,15.65625,15.84375,-1.4,0.0,0.0,51.0
15.62751,0x316,0.0,0.0,1.0,6.25,1.8,0.09,15.9375,16.09375,15.65625,15.84375,-1.4,0.0,0.0,51.0
15.62994,0x2B0,0.0,0.0,1.0,6.25,1.8,0.09,15.9375,16.09375,15.65625,15.84375,-1.4,0.0,0.0,51.0
15.63614,0x220,0.0,0.0,1.0,6.25,1.76,0.18,15.9375,16.09375,15.65625,15.84375,-1.4,0.0,0.0,51.0
15.63731,0x316,0.0,0.0,1.0,6.25,1.76,0.18,15.9375,16.09375,15.65625,15.84375,-1.4,0.0,0.0,51.0
15.63991,0x2B0,0.0,0.0,1.0,6.25,1.76,0.18,15.9375,16.09375,15.65625,15.84375,-1.5,0.0,0.0,51.0
15.64613,0x220,0.0,0.0,1.0,6.25,1.64,0.25,15.9375,16.09375,15.65625,15.84375,-1.5,0.0,0.0,51.0
15.64637,0x386,0.0,0.0,1.0,6.25,1.64,0.25,16.09375,16.15625,15.65625,15.71875,-1.5,0.0,0.0,51.0
15.64733,0x316,0.0,0.0,1.0,6.25,1.64,0.25,16.09375,16.15625,15.65625,15.71875,-1.5,0.0,0.0,51.0
15.64994,0x2B0,0.0,0.0,1.0,6.25,1.64,0.25,16.09375,16.15625,15.65625,15.71875,-1.5,0.0,0.0,51.0
15.65614,0x220,0.0,0.0,1.0,6.25,1.46,0.28,16.09375,16.15625,15.65625,15.71875,-1.5,0.0,0.0,51.0
15.65727,0x316,0.0,0.0,1.0,6.25,1.46,0.28,16.09375,16.15625,15.65625,15.71875,-1.5,0.0,0.0,51.0
15.65992,0x2B0,0.0,0.0,1.0,6.25,1.46,0.28,16.09375,16.15625,15.65625,15.71875,-1.5,0.0,0.0,51.0
15.66614,0x220,0.0,0.0,1.0,6.25,1.28,0.36,16.09375,16.15625,15.65625,15.71875,-1.5,0.0,0.0,51.0
15.66638,0x386,0.0,0.0,1.0,6.25,1.28,0.36,16.03125,15.625,15.65625,15.5625,-1.5,0.0,0.0,51.0
15.66767,0x316,0.0,0.0,1.0,6.25,1.28,0.36,16.03125,15.625,15.65625,15.5625,-1.5,0.0,0.0,51.0
15.66991,0x2B0,0.0,0.0,1.0,6.25,1.28,0.36,16.03125,15.625,15.65625,15.5625,-1.5,0.0,0.0,51.0
15.67614,0x220,0.0,0.0,1.0,6.25,1.23,0.46,16.03125,15.625,15.65625,15.5625,-1.5,0.0,0.0,51.0
15.67771,0x316,0.0,0.0,1.0,6.25,1.23,0.46,16.03125,15.625,15.65625,15.5625,-1.5,0.0,0.0,51.0
15.68002,0x2B0,0.0,0.0,1.0,6.25,1.23,0.46,16.03125,15.625,15.65625,15.5625,-1.5,0.0,0.0,51.0
15.68614,0x220,0.0,0.0,1.0,6.25,1.3,0.44,16.03125,15.625,15.65625,15.5625,-1.5,0.0,0.0,51.0
15.68638,0x386,0.0,0.0,1.0,6.25,1.3,0.44,16.125,16.09375,15.59375,15.5625,-1.5,0.0,0.0,51.0
15.68733,0x316,0.0,0.0,1.0,6.25,1.3,0.44,16.125,16.09375,15.59375,15.5625,-1.5,0.0,0.0,51.0
15.68992,0x2B0,0.0,0.0,1.0,6.25,1.3,0.44,16.125,16.09375,15.59375,15.5625,-1.5,0.0,0.0,51.0
15.69614,0x220,0.0,0.0,1.0,6.25,1.38,0.25,16.125,16.09375,15.59375,15.5625,-1.5,0.0,0.0,51.0
15.69734,0x316,0.0,0.0,1.0,6.25,1.38,0.25,16.125,16.09375,15.59375,15.5625,-1.5,0.0,0.0,51.0
15.69985,0x2B0,0.0,0.0,1.0,6.25,1.38,0.25,16.125,16.09375,15.59375,15.5625,-1.5,0.0,0.0,51.0
15.70614,0x220,0.0,0.0,1.0,6.25,1.4,0.11,16.125,16.09375,15.59375,15.5625,-1.5,0.0,0.0,51.0
15.70638,0x386,0.0,0.0,1.0,6.25,1.4,0.11,16.125,16.0,15.40625,15.59375,-1.5,0.0,0.0,51.0
15.70734,0x316,0.0,0.0,1.0,6.25,1.4,0.11,16.125,16.0,15.40625,15.59375,-1.5,0.0,0.0,51.0
15.70992,0x2B0,0.0,0.0,1.0,6.25,1.4,0.11,16.125,16.0,15.40625,15.59375,-1.5,0.0,0.0,51.0
15.71614,0x220,0.0,0.0,1.0,6.25,1.38,0.19,16.125,16.0,15.40625,15.59375,-1.5,0.0,0.0,51.0
15.71731,0x316,0.0,0.0,1.0,6.25,1.38,0.19,16.125,16.0,15.40625,15.59375,-1.5,0.0,0.0,52.0
15.71992,0x2B0,0.0,0.0,1.0,6.25,1.38,0.19,16.125,16.0,15.40625,15.59375,-1.5,0.0,0.0,52.0
15.72615,0x220,0.0,0.0,1.0,6.25,1.35,0.32,16.125,16.0,15.40625,15.59375,-1.5,0.0,0.0,52.0
15.72639,0x386,0.0,0.0,1.0,6.25,1.35,0.32,16.09375,16.03125,15.625,15.53125,-1.5,0.0,0.0,52.0
15.72734,0x316,0.0,0.0,1.0,6.25,1.35,0.32,16.09375,16.03125,15.625,15.53125,-1.5,0.0,0.0,52.0
15.72992,0x2B0,0.0,0.0,1.0,6.25,1.35,0.32,16.09375,16.03125,15.625,15.53125,-1.5,0.0,0.0,52.0
15.73614,0x220,0.0,0.0,1.0,6.25,1.31,0.38,16.09375,16.03125,15.625,15.53125,-1.5,0.0,0.0,52.0
15.73723,0x316,0.0,0.0,1.0,6.25,1.31,0.38,16.09375,16.03125,15.625,15.53125,-1.5,0.0,0.0,52.0
15.73992,0x2B0,0.0,0.0,1.0,6.25,1.31,0.38,16.09375,16.03125,15.625,15.53125,-1.5,0.0,0.0,52.0
15.74614,0x220,0.0,0.0,1.0,6.25,1.26,0.38,16.09375,16.03125,15.625,15.53125,-1.5,0.0,0.0,52.0
15.74638,0x386,0.0,0.0,1.0,6.25,1.26,0.38,16.03125,16.0,15.90625,15.65625,-1.5,0.0,0.0,52.0
15.74734,0x316,0.0,0.0,1.0,6.25,1.26,0.38,16.03125,16.0,15.90625,15.65625,-1.5,0.0,0.0,52.0
15.7499,0x2B0,0.0,0.0,1.0,6.25,1.26,0.38,16.03125,16.0,15.90625,15.65625,-1.6,0.0,0.0,52.0
15.75614,0x220,0.0,0.0,1.0,6.25,1.3,0.46,16.03125,16.0,15.90625,15.65625,-1.6,0.0,0.0,52.0
15.75734,0x316,0.0,0.0,1.0,6.25,1.3,0.46,16.03125,16.0,15.90625,15.65625,-1.6,0.0,0.0,52.0
15.75991,0x2B0,0.0,0.0,1.0,6.25,1.3,0.46,16.03125,16.0,15.90625,15.65625,-1.6,0.0,0.0,52.0
15.76614,0x220,0.0,0.0,1.0,6.25,1.39,0.6,16.03125,16.0,15.90625,15.65625,-1.6,0.0,0.0,52.0
15.76638,0x386,0.0,0.0,1.0,6.25,1.39,0.6,16.03125,16.0625,15.6875,15.8125,-1.6,0.0,0.0,52.0
15.76758,0x316,0.0,0.0,1.0,6.25,1.39,0.6,16.03125,16.0625,15.6875,15.8125,-1.6,0.0,0.0,52.0
15.76992,0x2B0,0.0,0.0,1.0,6.25,1.39,0.6,16.03125,16.0625,15.6875,15.8125,-1.8,8.0,0.0,52.0
15.77614,0x220,0.0,0.0,1.0,6.25,1.49,0.68,16.03125,16.0625,15.6875,15.8125,-1.8,8.0,0.0,52.0
15.77744,0x316,0.0,0.0,1.0,6.25,1.49,0.68,16.03125,16.0625,15.6875,15.8125,-1.8,8.0,0.0,52.0
15.78004,0x2B0,0.0,0.0,1.0,6.25,1.49,0.68,16.03125,16.0625,15.6875,15.8125,-1.8,8.0,0.0,52.0
15.78613,0x220,0.0,0.0,1.0,6.25,1.47,0.57,16.03125,16.0625,15.6875,15.8125,-1.8,8.0,0.0,52.0
15.78637,0x386,0.0,0.0,1.0,6.25,1.47,0.57,15.90625,16.09375,15.46875,15.96875,-1.8,8.0,0.0,52.0
15.78733,0x316,0.0,0.0,1.0,6.25,1.47,0.57,15.90625,16.09375,15.46875,15.96875,-1.8,8.0,0.0,52.0
15.78993,0x2B0,0.0,0.0,1.0,6.25,1.47,0.57,15.90625,16.09375,15.46875,15.96875,-1.9,0.0,0.0,52.0
15.79614,0x220,0.0,0.0,1.0,6.25,1.23,0.48,15.90625,16.09375,15.46875,15.96875,-1.9,0.0,0.0,52.0
15.79747,0x316,0.0,0.0,1.0,6.25,1.23,0.48,15.90625,16.09375,15.46875,15.96875,-1.9,0.0,0.0,52.0
15.79988,0x2B0,0.0,0.0,1.0,6.25,1.23,0.48,15.90625,16.09375,15.46875,15.96875,-1.9,0.0,0.0,52.0
15.80614,0x220,0.0,0.0,1.0,6.25,0.84,0.57,15.90625,16.09375,15.46875,15.96875,-1.9,0.0,0.0,52.0
15.80638,0x386,0.0,0.0,1.0,6.25,0.84,0.57,16.03125,15.65625,15.65625,15.6875,-1.9,0.0,0.0,52.0
15.80734,0x316,0.0,0.0,1.0,6.25,0.84,0.57,16.03125,15.65625,15.65625,15.6875,-1.9,0.0,0.0,51.0
15.80989,0x2B0,0.0,0.0,1.0,6.25,0.84,0.57,16.03125,15.65625,15.65625,15.6875,-2.1,8.0,0.0,51.0
15.81614,0x220,0.0,0.0,1.0,6.25,0.5,0.78,16.03125,15.65625,15.65625,15.6875,-2.1,8.0,0.0,51.0
15.81724,0x316,0.0,0.0,1.0,6.25,0.5,0.78,16.03125,15.65625,15.65625,15.6875,-2.1,8.0,0.0,51.0
15.81991,0x2B0,0.0,0.0,1.0,6.25,0.5,0.78,16.03125,15.65625,15.65625,15.6875,-2.1,8.0,0.0,51.0
15.82617,0x220,0.0,0.0,1.0,6.25,0.3,0.82,16.03125,15.65625,15.65625,15.6875,-2.1,8.0,0.0,51.0
15.8264,0x386,0.0,0.0,1.0,6.25,0.3,0.82,15.96875,16.0,15.75,16.125,-2.1,8.0,0.0,51.0
15.82736,0x316,0.0,0.0,1.0,6.25,0.3,0.82,15.96875,16.0,15.75,16.125,-2.1,8.0,0.0,52.0
15.82992,0x2B0,0.0,0.0,1.0,6.25,0.3,0.82,15.96875,16.0,15.75,16.125,-2.2,0.0,0.0,52.0
15.83615,0x220,0.0,0.0,1.0,6.25,0.26,0.68,15.96875,16.0,15.75,16.125,-2.2,0.0,0.0,52.0
15.83733,0x316,0.0,0.0,1.0,6.25,0.26,0.68,15.96875,16.0,15.75,16.125,-2.2,0.0,0.0,52.0
15.8399,0x2B0,0.0,0.0,1.0,6.25,0.26,0.68,15.96875,16.0,15.75,16.125,-2.2,0.0,0.0,52.0
15.84614,0x220,0.0,0.0,1.0,6.25,0.34,0.51,15.96875,16.0,15.75,16.125,-2.2,0.0,0.0,52.0
15.84638,0x386,0.0,0.0,1.0,6.25,0.34,0.51,16.09375,16.09375,15.78125,16.15625,-2.2,0.0,0.0,52.0
15.84733,0x316,0.0,0.0,1.0,6.25,0.34,0.51,16.09375,16.09375,15.78125,16.15625,-2.2,0.0,0.0,52.0
15.84991,0x2B0,0.0,0.0,1.0,6.25,0.34,0.51,16.09375,16.09375,15.78125,16.15625,-2.3,0.0,0.0,52.0
15.85615,0x220,0.0,0.0,1.0,6.25,0.62,0.45,16.09375,16.09375,15.78125,16.15625,-2.3,0.0,0.0,52.0
15.85727,0x316,0.0,0.0,1.0,6.25,0.62,0.45,16.09375,16.09375,15.78125,16.15625,-2.3,0.0,0.0,52.0
15.85993,0x2B0,0.0,0.0,1.0,6.25,0.62,0.45,16.09375,16.09375,15.78125,16.15625,-2.3,0.0,0.0,52.0
15.86615,0x220,0.0,0.0,1.0,6.25,1.05,0.48,16.09375,16.09375,15.78125,16.15625,-2.3,0.0,0.0,52.0
15.86639,0x386,0.0,0.0,1.0,6.25,1.05,0.48,16.0,16.0,15.78125,16.25,-2.3,0.0,0.0,52.0
15.86764,0x316,0.0,0.0,1.0,6.25,1.05,0.48,16.0,16.0,15.78125,16.25,-2.3,0.0,0.0,52.0
15.8699,0x2B0,0.0,0.0,1.0,6.25,1.05,0.48,16.0,16.0,15.78125,16.25,-2.3,0.0,0.0,52.0
15.87615,0x220,0.0,0.0,1.0,6.25,1.45,0.49,16.0,16.0,15.78125,16.25,-2.3,0.0,0.0,52.0
15.87773,0x316,0.0,0.0,1.0,6.25,1.45,0.49,16.0,16.0,15.78125,16.25,-2.3,0.0,0.0,52.0
15.88007,0x2B0,0.0,0.0,1.0,6.25,1.45,0.49,16.0,16.0,15.78125,16.25,-2.3,0.0,0.0,52.0
15.88615,0x220,0.0,0.0,1.0,6.25,1.74,0.42,16.0,16.0,15.78125,16.25,-2.3,0.0,0.0,52.0
15.88638,0x386,0.0,0.0,1.0,6.25,1.74,0.42,16.03125,16.09375,16.125,16.09375,-2.3,0.0,0.0,52.0
15.88734,0x316,0.0,0.0,1.0,6.25,1.74,0.42,16.03125,16.09375,16.125,16.09375,-2.3,0.0,0.0,53.0
15.89,0x2B0,0.0,0.0,1.0,6.25,1.74,0.42,16.03125,16.09375,16.125,16.09375,-2.3,0.0,0.0,53.0
15.89615,0x220,0.0,0.0,1.0,6.25,1.83,0.3,16.03125,16.09375,16.125,16.09375,-2.3,0.0,0.0,53.0
15.89738,0x316,0.0,0.0,1.0,6.25,1.83,0.3,16.03125,16.09375,16.125,16.09375,-2.3,0.0,0.0,53.0
15.8999,0x2B0,0.0,0.0,1.0,6.25,1.83,0.3,16.03125,16.09375,16.125,16.09375,-2.3,0.0,0.0,53.0
15.90615,0x220,0.0,0.0,1.0,6.25,1.81,0.2,16.03125,16.09375,16.125,16.09375,-2.3,0.0,0.0,53.0
15.90639,0x386,0.0,0.0,1.0,6.25,1.81,0.2,16.09375,16.03125,15.96875,16.03125,-2.3,0.0,0.0,53.0
15.90738,0x316,0.0,0.0,1.0,6.25,1.81,0.2,16.09375,16.03125,15.96875,16.03125,-2.3,0.0,0.0,53.0
15.90984,0x2B0,0.0,0.0,1.0,6.25,1.81,0.2,16.09375,16.03125,15.96875,16.03125,-2.3,0.0,0.0,53.0
15.91614,0x220,0.0,0.0,1.0,6.25,1.8,0.03,16.09375,16.03125,15.96875,16.03125,-2.3,0.0,0.0,53.0
15.91731,0x316,0.0,0.0,1.0,6.25,1.8,0.03,16.09375,16.03125,15.96875,16.03125,-2.3,0.0,0.0,53.0
15.91985,0x2B0,0.0,0.0,1.0,6.25,1.8,0.03,16.09375,16.03125,15.96875,16.03125,-2.3,0.0,0.0,53.0
15.92617,0x220,0.0,0.0,1.0,6.25,1.84,-0.23,16.09375,16.03125,15.96875,16.03125,-2.3,0.0,0.0,53.0
15.92641,0x386,0.0,0.0,1.0,6.25,1.84,-0.23,16.09375,16.15625,15.8125,16.0625,-2.3,0.0,0.0,53.0
15.92737,0x316,0.0,0.0,1.0,6.25,1.84,-0.23,16.09375,16.15625,15.8125,16.0625,-2.3,0.0,0.0,52.0
15.92983,0x2B0,0.0,0.0,1.0,6.25,1.84,-0.23,16.09375,16.15625,15.8125,16.0625,-2.3,0.0,0.0,52.0
15.93614,0x220,0.0,0.0,1.0,6.25,1.9,-0.54,16.09375,16.15625,15.8125,16.0625,-2.3,0.0,0.0,52.0
15.93725,0x316,0.0,0.0,1.0,6.25,1.9,-0.54,16.09375,16.15625,15.8125,16.0625,-2.3,0.0,0.0,52.0
15.93983,0x2B0,0.0,0.0,1.0,6.25,1.9,-0.54,16.09375,16.15625,15.8125,16.0625,-2.3,0.0,0.0,52.0
15.94614,0x220,0.0,0.0,1.0,6.25,1.93,-0.69,16.09375,16.15625,15.8125,16.0625,-2.3,0.0,0.0,52.0
15.94638,0x386,0.0,0.0,1.0,6.25,1.93,-0.69,16.0625,16.34375,15.84375,16.0,-2.3,0.0,0.0,52.0
15.94734,0x316,0.0,0.0,1.0,6.25,1.93,-0.69,16.0625,16.34375,15.84375,16.0,-2.3,0.0,0.0,53.0
15.94984,0x2B0,0.0,0.0,1.0,6.25,1.93,-0.69,16.0625,16.34375,15.84375,16.0,-2.3,0.0,0.0,53.0
15.95614,0x220,0.0,0.0,1.0,6.25,1.97,-0.59,16.0625,16.34375,15.84375,16.0,-2.3,0.0,0.0,53.0
15.95733,0x316,0.0,0.0,1.0,6.25,1.97,-0.59,16.0625,16.34375,15.84375,16.0,-2.3,0.0,0.0,53.0
15.95992,0x2B0,0.0,0.0,1.0,6.25,1.97,-0.59,16.0625,16.34375,15.84375,16.0,-2.3,0.0,0.0,53.0
15.96614,0x220,0.0,0.0,1.0,6.25,2.07,-0.32,16.0625,16.34375,15.84375,16.0,-2.3,0.0,0.0,53.0
15.96638,0x386,0.0,0.0,1.0,6.25,2.07,-0.32,16.21875,16.25,15.875,15.875,-2.3,0.0,0.0,53.0
15.96755,0x316,0.0,0.0,1.0,6.25,2.07,-0.32,16.21875,16.25,15.875,15.875,-2.3,0.0,0.0,54.0
15.96988,0x2B0,0.0,0.0,1.0,6.25,2.07,-0.32,16.21875,16.25,15.875,15.875,-2.2,0.0,0.0,54.0
15.97615,0x220,0.0,0.0,1.0,6.25,2.18,-0.18,16.21875,16.25,15.875,15.875,-2.2,0.0,0.0,54.0
15.97746,0x316,0.0,0.0,1.0,6.25,2.18,-0.18,16.21875,16.25,15.875,15.875,-2.2,0.0,0.0,54.0
15.97989,0x2B0,0.0,0.0,1.0,6.25,2.18,-0.18,16.21875,16.25,15.875,15.875,-2.2,0.0,0.0,54.0
15.98614,0x220,0.0,0.0,1.0,6.25,2.23,-0.43,16.21875,16.25,15.875,15.875,-2.2,0.0,0.0,54.0
15.98638,0x386,0.0,0.0,1.0,6.25,2.23,-0.43,16.125,16.3125,15.875,16.125,-2.2,0.0,0.0,54.0
15.98734,0x316,0.0,0.0,1.0,6.25,2.23,-0.43,16.125,16.3125,15.875,16.125,-2.2,0.0,0.0,54.0
15.98985,0x2B0,0.0,0.0,1.0,6.25,2.23,-0.43,16.125,16.3125,15.875,16.125,-2.2,0.0,0.0,54.0
15.99614,0x220,0.0,0.0,1.0,6.25,2.14,-0.88,16.125,16.3125,15.875,16.125,-2.2,0.0,0.0,54.0
15.99749,0x316,0.0,0.0,1.0,6.25,2.14,-0.88,16.125,16.3125,15.875,16.125,-2.2,0.0,0.0,54.0
15.99992,0x2B0,0.0,0.0,1.0,6.25,2.14,-0.88,16.125,16.3125,15.875,16.125,-2.2,0.0,0.0,54.0
16.00615,0x220,0.0,0.0,1.0,6.25,1.9,-1.04,16.125,16.3125,15.875,16.125,-2.2,0.0,0.0,54.0
16.00638,0x386,0.0,0.0,1.0,6.25,1.9,-1.04,16.28125,16.21875,15.96875,15.8125,-2.2,0.0,0.0,54.0
16.00734,0x316,0.0,0.0,1.0,6.25,1.9,-1.04,16.28125,16.21875,15.96875,15.8125,-2.2,0.0,0.0,54.0
16.00985,0x2B0,0.0,0.0,1.0,6.25,1.9,-1.04,16.28125,16.21875,15.96875,15.8125,-2.1,0.0,0.0,54.0
16.01616,0x220,0.0,0.0,1.0,6.25,1.71,-0.83,16.28125,16.21875,15.96875,15.8125,-2.1,0.0,0.0,54.0
16.01729,0x316,0.0,0.0,1.0,6.25,1.71,-0.83,16.28125,16.21875,15.96875,15.8125,-2.1,0.0,0.0,54.0
16.01987,0x2B0,0.0,0.0,1.0,6.25,1.71,-0.83,16.28125,16.21875,15.96875,15.8125,-2.1,0.0,0.0,54.0
16.02617,0x220,0.0,0.0,1.0,6.25,1.65,-0.54,16.28125,16.21875,15.96875,15.8125,-2.1,0.0,0.0,54.0
16.02641,0x386,0.0,0.0,1.0,6.25,1.65,-0.54,16.21875,16.375,15.90625,15.75,-2.1,0.0,0.0,54.0
16.02737,0x316,0.0,0.0,1.0,6.25,1.65,-0.54,16.21875,16.375,15.90625,15.75,-2.1,0.0,0.0,54.0
16.02984,0x2B0,0.0,0.0,1.0,6.25,1.65,-0.54,16.21875,16.375,15.90625,15.75,-2.1,0.0,0.0,54.0
16.03615,0x220,0.0,0.0,1.0,6.25,1.73,-0.46,16.21875,16.375,15.90625,15.75,-2.1,0.0,0.0,54.0
16.03739,0x316,0.0,0.0,1.0,6.25,1.73,-0.46,16.21875,16.375,15.90625,15.75,-2.1,0.0,0.0,54.0
16.03987,0x2B0,0.0,0.0,1.0,6.25,1.73,-0.46,16.21875,16.375,15.90625,15.75,-2.0,0.0,0.0,54.0
16.04614,0x220,0.0,0.0,1.0,6.25,1.83,-0.47,16.21875,16.375,15.90625,15.75,-2.0,0.0,0.0,54.0
16.04638,0x386,0.0,0.0,1.0,6.25,1.83,-0.47,16.25,16.1875,15.65625,15.90625,-2.0,0.0,0.0,54.0
16.04733,0x316,0.0,0.0,1.0,6.25,1.83,-0.47,16.25,16.1875,15.65625,15.90625,-2.0,0.0,0.0,54.0
16.04984,0x2B0,0.0,0.0,1.0,6.25,1.83,-0.47,16.25,16.1875,15.65625,15.90625,-2.0,0.0,0.0,54.0
16.05615,0x220,0.0,0.0,1.0,6.25,1.82,-0.38,16.25,16.1875,15.65625,15.90625,-2.0,0.0,0.0,54.0
16.05731,0x316,0.0,0.0,1.0,6.25,1.82,-0.38,16.25,16.1875,15.65625,15.90625,-2.0,0.0,0.0,54.0
16.05984,0x2B0,0.0,0.0,1.0,6.25,1.82,-0.38,16.25,16.1875,15.65625,15.90625,-2.0,0.0,0.0,54.0
16.06614,0x220,0.0,0.0,1.0,6.25,1.71,-0.17,16.25,16.1875,15.65625,15.90625,-2.0,0.0,0.0,54.0
16.06638,0x386,0.0,0.0,1.0,6.25,1.71,-0.17,16.28125,16.1875,15.75,16.15625,-2.0,0.0,0.0,54.0
16.06752,0x316,0.0,0.0,1.0,6.25,1.71,-0.17,16.28125,16.1875,15.75,16.15625,-2.0,0.0,0.0,53.0
16.06984,0x2B0,0.0,0.0,1.0,6.25,1.71,-0.17,16.28125,16.1875,15.75,16.15625,-2.0,0.0,0.0,53.0
16.07615,0x220,0.0,0.0,1.0,6.25,1.47,0.0,16.28125,16.1875,15.75,16.15625,-2.0,0.0,0.0,53.0
16.07777,0x316,0.0,0.0,1.0,6.25,1.47,0.0,16.28125,16.1875,15.75,16.15625,-2.0,0.0,0.0,53.0
16.07992,0x2B0,0.0,0.0,1.0,6.25,1.47,0.0,16.28125,16.1875,15.75,16.15625,-2.0,0.0,0.0,53.0
16.08614,0x220,0.0,0.0,1.0,6.25,1.18,0.04,16.28125,16.1875,15.75,16.15625,-2.0,0.0,0.0,53.0
16.08638,0x386,0.0,0.0,1.0,6.25,1.18,0.04,16.15625,16.15625,15.96875,16.40625,-2.0,0.0,0.0,53.0
16.08734,0x316,0.0,0.0,1.0,6.25,1.18,0.04,16.15625,16.15625,15.96875,16.40625,-2.0,0.0,0.0,53.0
16.08984,0x2B0,0.0,0.0,1.0,6.25,1.18,0.04,16.15625,16.15625,15.96875,16.40625,-2.0,0.0,0.0,53.0
16.09615,0x220,0.0,0.0,1.0,6.25,0.99,0.07,16.15625,16.15625,15.96875,16.40625,-2.0,0.0,0.0,53.0
16.0974,0x316,0.0,0.0,1.0,6.25,0.99,0.07,16.15625,16.15625,15.96875,16.40625,-2.0,0.0,0.0,53.0
16.09984,0x2B0,0.0,0.0,1.0,6.25,0.99,0.07,16.15625,16.15625,15.96875,16.40625,-2.0,0.0,0.0,53.0
16.10615,0x220,0.0,0.0,1.0,6.25,1.0,0.22,16.15625,16.15625,15.96875,16.40625,-2.0,0.0,0.0,53.0
16.10639,0x386,0.0,0.0,1.0,6.25,1.0,0.22,16.15625,16.03125,15.96875,16.09375,-2.0,0.0,0.0,53.0
16.10735,0x316,0.0,0.0,1.0,6.25,1.0,0.22,16.15625,16.03125,15.96875,16.09375,-2.0,0.0,0.0,53.0
16.10984,0x2B0,0.0,0.0,1.0,6.25,1.0,0.22,16.15625,16.03125,15.96875,16.09375,-2.0,0.0,0.0,53.0
16.11615,0x220,0.0,0.0,1.0,6.25,1.2,0.38,16.15625,16.03125,15.96875,16.09375,-2.0,0.0,0.0,53.0
16.11733,0x316,0.0,0.0,1.0,6.25,1.2,0.38,16.15625,16.03125,15.96875,16.09375,-2.0,0.0,0.0,53.0
16.11984,0x2B0,0.0,0.0,1.0,6.25,1.2,0.38,16.15625,16.03125,15.96875,16.09375,-2.0,0.0,0.0,53.0
16.12617,0x220,0.0,0.0,1.0,6.25,1.46,0.31,16.15625,16.03125,15.96875,16.09375,-2.0,0.0,0.0,53.0
16.1264,0x386,0.0,0.0,1.0,6.25,1.46,0.31,16.125,16.125,16.03125,16.0625,-2.0,0.0,0.0,53.0
16.12736,0x316,0.0,0.0,1.0,6.25,1.46,0.31,16.125,16.125,16.03125,16.0625,-2.0,0.0,0.0,52.0
16.12983,0x2B0,0.0,0.0,1.0,6.25,1.46,0.31,16.125,16.125,16.03125,16.0625,-2.0,0.0,0.0,52.0
16.13616,0x220,0.0,0.0,1.0,6.25,1.72,0.11,16.125,16.125,16.03125,16.0625,-2.0,0.0,0.0,52.0
16.13724,0x316,0.0,0.0,1.0,6.25,1.72,0.11,16.125,16.125,16.03125,16.0625,-2.0,0.0,0.0,52.0
16.13984,0x2B0,0.0,0.0,1.0,6.25,1.72,0.11,16.125,16.125,16.03125,16.0625,-2.0,0.0,0.0,52.0
16.14617,0x220,0.0,0.0,1.0,6.25,1.86,0.0,16.125,16.125,16.03125,16.0625,-2.0,0.0,0.0,52.0
16.14641,0x386,0.0,0.0,1.0,6.25,1.86,0.0,16.0625,16.125,16.09375,16.03125,-2.0,0.0,0.0,52.0
16.14736,0x316,0.0,0.0,1.0,6.25,1.86,0.0,16.0625,16.125,16.09375,16.03125,-2.0,0.0,0.0,52.0
16.1499,0x2B0,0.0,0.0,1.0,6.25,1.86,0.0,16.0625,16.125,16.09375,16.03125,-2.0,0.0,0.0,52.0
16.15617,0x220,0.0,0.0,1.0,6.25,1.93,-0.07,16.0625,16.125,16.09375,16.03125,-2.0,0.0,0.0,52.0
16.15735,0x316,0.0,0.0,1.0,6.25,1.93,-0.07,16.0625,16.125,16.09375,16.03125,-2.0,0.0,0.0,52.0
16.15987,0x2B0,0.0,0.0,1.0,6.25,1.93,-0.07,16.0625,16.125,16.09375,16.03125,-1.9,0.0,0.0,52.0
16.16615,0x220,0.0,0.0,1.0,6.25,2.0,-0.17,16.0625,16.125,16.09375,16.03125,-1.9,0.0,0.0,52.0
16.16638,0x386,0.0,0.0,1.0,6.25,2.0,-0.17,16.125,16.15625,16.15625,16.0625,-1.9,0.0,0.0,52.0
16.16755,0x316,0.0,0.0,1.0,6.25,2.0,-0.17,16.125,16.15625,16.15625,16.0625,-1.9,0.0,0.0,52.0
16.16982,0x2B0,0.0,0.0,1.0,6.25,2.0,-0.17,16.125,16.15625,16.15625,16.0625,-1.9,0.0,0.0,52.0
16.17618,0x220,0.0,0.0,1.0,6.25,2.07,-0.4,16.125,16.15625,16.15625,16.0625,-1.9,0.0,0.0,52.0
16.17751,0x316,0.0,0.0,1.0,6.25,2.07,-0.4,16.125,16.15625,16.15625,16.0625,-1.9,0.0,0.0,52.0
16.17995,0x2B0,0.0,0.0,1.0,6.25,2.07,-0.4,16.125,16.15625,16.15625,16.0625,-1.9,0.0,0.0,52.0
16.18617,0x220,0.0,0.0,1.0,6.25,2.15,-0.64,16.125,16.15625,16.15625,16.0625,-1.9,0.0,0.0,52.0
16.18641,0x386,0.0,0.0,1.0,6.25,2.15,-0.64,16.03125,16.21875,16.15625,16.15625,-1.9,0.0,0.0,52.0
16.18737,0x316,0.0,0.0,1.0,6.25,2.15,-0.64,16.03125,16.21875,16.15625,16.15625,-1.9,0.0,0.0,52.0
16.18983,0x2B0,0.0,0.0,1.0,6.25,2.15,-0.64,16.03125,16.21875,16.15625,16.15625,-1.9,0.0,0.0,52.0
16.19617,0x220,0.0,0.0,1.0,6.25,2.26,-0.73,16.03125,16.21875,16.15625,16.15625,-1.9,0.0,0.0,52.0
16.19751,0x316,0.0,0.0,1.0,6.25,2.26,-0.73,16.03125,16.21875,16.15625,16.15625,-1.9,0.0,0.0,52.0
16.19985,0x2B0,0.0,0.0,1.0,6.25,2.26,-0.73,16.03125,16.21875,16.15625,16.15625,-1.9,0.0,0.0,52.0
16.20618,0x220,0.0,0.0,1.0,6.25,2.34,-0.68,16.03125,16.21875,16.15625,16.15625,-1.9,0.0,0.0,52.0
16.20641,0x386,0.0,0.0,1.0,6.25,2.34,-0.68,16.15625,16.125,16.15625,15.9375,-1.9,0.0,0.0,52.0
16.20737,0x316,0.0,0.0,1.0,6.25,2.34,-0.68,16.15625,16.125,16.15625,15.9375,-1.9,0.0,0.0,52.0
16.20986,0x2B0,0.0,0.0,1.0,6.25,2.34,-0.68,16.15625,16.125,16.15625,15.9375,-1.9,0.0,0.0,52.0
16.21617,0x220,0.0,0.0,1.0,6.25,2.27,-0.59,16.15625,16.125,16.15625,15.9375,-1.9,0.0,0.0,52.0
16.21725,0x316,0.0,0.0,1.0,6.25,2.27,-0.59,16.15625,16.125,16.15625,15.9375,-1.9,0.0,0.0,52.0
16.2199,0x2B0,0.0,0.0,1.0,6.25,2.27,-0.59,16.15625,16.125,16.15625,15.9375,-1.9,0.0,0.0,52.0
16.22618,0x220,0.0,0.0,1.0,6.25,2.04,-0.59,16.15625,16.125,16.15625,15.9375,-1.9,0.0,0.0,52.0
16.22643,0x386,0.0,0.0,1.0,6.25,2.04,-0.59,16.15625,16.125,16.28125,15.75,-1.9,0.0,0.0,52.0
16.22738,0x316,0.0,0.0,1.0,6.25,2.04,-0.59,16.15625,16.125,16.28125,15.75,-1.9,0.0,0.0,52.0
16.22986,0x2B0,0.0,0.0,1.0,6.25,2.04,-0.59,16.15625,16.125,16.28125,15.75,-1.8,0.0,0.0,52.0
16.23617,0x220,0.0,0.0,1.0,6.25,1.82,-0.72,16.15625,16.125,16.28125,15.75,-1.8,0.0,0.0,52.0
16.2373,0x316,0.0,0.0,1.0,6.25,1.82,-0.72,16.15625,16.125,16.28125,15.75,-1.8,0.0,0.0,52.0
16.23983,0x2B0,0.0,0.0,1.0,6.25,1.82,-0.72,16.15625,16.125,16.28125,15.75,-1.8,0.0,0.0,52.0
16.24617,0x220,0.0,0.0,1.0,6.25,1.61,-0.92,16.15625,16.125,16.28125,15.75,-1.8,0.0,0.0,52.0
16.24641,0x386,0.0,0.0,1.0,6.25,1.61,-0.92,16.25,16.40625,16.15625,15.90625,-1.8,0.0,0.0,52.0
16.24737,0x316,0.0,0.0,1.0,6.25,1.61,-0.92,16.25,16.40625,16.15625,15.90625,-1.8,0.0,0.0,52.0
16.24984,0x2B0,0.0,0.0,1.0,6.25,1.61,-0.92,16.25,16.40625,16.15625,15.90625,-1.8,0.0,0.0,52.0
16.25617,0x220,0.0,0.0,1.0,6.25,1.44,-1.01,16.25,16.40625,16.15625,15.90625,-1.8,0.0,0.0,52.0
16.25727,0x316,0.0,0.0,1.0,6.25,1.44,-1.01,16.25,16.40625,16.15625,15.90625,-1.8,0.0,0.0,52.0
16.25983,0x2B0,0.0,0.0,1.0,6.25,1.44,-1.01,16.25,16.40625,16.15625,15.90625,-1.8,0.0,0.0,52.0
16.26615,0x220,0.0,0.0,1.0,6.25,1.29,-0.95,16.25,16.40625,16.15625,15.90625,-1.8,0.0,0.0,52.0
16.26638,0x386,0.0,0.0,1.0,6.25,1.29,-0.95,16.28125,16.28125,16.1875,16.09375,-1.8,0.0,0.0,52.0
16.26753,0x316,0.0,0.0,1.0,6.25,1.29,-0.95,16.28125,16.28125,16.1875,16.09375,-1.8,0.0,0.0,52.0
16.26984,0x2B0,0.0,0.0,1.0,6.25,1.29,-0.95,16.28125,16.28125,16.1875,16.09375,-1.8,0.0,0.0,52.0
16.27617,0x220,0.0,0.0,1.0,6.25,1.16,-0.75,16.28125,16.28125,16.1875,16.09375,-1.8,0.0,0.0,52.0
16.27779,0x316,0.0,0.0,1.0,6.25,1.16,-0.75,16.28125,16.28125,16.1875,16.09375,-1.8,0.0,0.0,52.0
16.27997,0x2B0,0.0,0.0,1.0,6.25,1.16,-0.75,16.28125,16.28125,16.1875,16.09375,-1.8,0.0,0.0,52.0
16.28617,0x220,0.0,0.0,1.0,6.25,0.96,-0.5,16.28125,16.28125,16.1875,16.09375,-1.8,0.0,0.0,52.0
16.2864,0x386,0.0,0.0,1.0,6.25,0.96,-0.5,16.3125,16.3125,16.03125,16.0625,-1.8,0.0,0.0,52.0
16.28736,0x316,0.0,0.0,1.0,6.25,0.96,-0.5,16.3125,16.3125,16.03125,16.0625,-1.8,0.0,0.0,52.0
16.28982,0x2B0,0.0,0.0,1.0,6.25,0.96,-0.5,16.3125,16.3125,16.03125,16.0625,-1.8,0.0,0.0,52.0
16.29619,0x220,0.0,0.0,1.0,6.25,0.66,-0.3,16.3125,16.3125,16.03125,16.0625,-1.8,0.0,0.0,52.0
16.29735,0x316,0.0,0.0,1.0,6.25,0.66,-0.3,16.3125,16.3125,16.03125,16.0625,-1.8,0.0,0.0,52.0
16.29983,0x2B0,0.0,0.0,1.0,6.25,0.66,-0.3,16.3125,16.3125,16.03125,16.0625,-1.8,0.0,0.0,52.0
16.30617,0x220,0.0,0.0,1.0,6.25,0.36,-0.14,16.3125,16.3125,16.03125,16.0625,-1.8,0.0,0.0,52.0
16.30641,0x386,0.0,0.0,1.0,6.25,0.36,-0.14,16.375,16.4375,16.09375,15.875,-1.8,0.0,0.0,52.0
16.30736,0x316,0.0,0.0,1.0,6.25,0.36,-0.14,16.375,16.4375,16.09375,15.875,-1.8,0.0,0.0,52.0
16.30983,0x2B0,0.0,0.0,1.0,6.25,0.36,-0.14,16.375,16.4375,16.09375,15.875,-1.8,0.0,0.0,52.0
16.31618,0x220,0.0,0.0,1.0,6.25,0.1,-0.03,16.375,16.4375,16.09375,15.875,-1.8,0.0,0.0,52.0
16.31732,0x316,0.0,0.0,1.0,6.25,0.1,-0.03,16.375,16.4375,16.09375,15.875,-1.8,0.0,0.0,52.0
16.31985,0x2B0,0.0,0.0,1.0,6.25,0.1,-0.03,16.375,16.4375,16.09375,15.875,-1.8,0.0,0.0,52.0
16.32619,0x220,0.0,0.0,1.0,6.25,-0.03,0.05,16.375,16.4375,16.09375,15.875,-1.8,0.0,0.0,52.0
16.32642,0x386,0.0,0.0,1.0,6.25,-0.03,0.05,16.40625,16.4375,16.03125,16.1875,-1.8,0.0,0.0,52.0
16.32738,0x316,0.0,0.0,1.0,6.25,-0.03,0.05,16.40625,16.4375,16.03125,16.1875,-1.8,0.0,0.0,53.0
16.32985,0x2B0,0.0,0.0,1.0,6.25,-0.03,0.05,16.40625,16.4375,16.03125,16.1875,-1.8,0.0,0.0,53.0
16.33618,0x220,0.0,0.0,1.0,6.25,-0.11,0.21,16.40625,16.4375,16.03125,16.1875,-1.8,0.0,0.0,53.0
16.33724,0x316,0.0,0.0,1.0,6.25,-0.11,0.21,16.40625,16.4375,16.03125,16.1875,-1.8,0.0,0.0,53.0
16.33985,0x2B0,0.0,0.0,1.0,6.25,-0.11,0.21,16.40625,16.4375,16.03125,16.1875,-1.8,0.0,0.0,53.0
16.34617,0x220,0.0,0.0,1.0,6.25,-0.19,0.43,16.40625,16.4375,16.03125,16.1875,-1.8,0.0,0.0,53.0
16.34641,0x386,0.0,0.0,1.0,6.25,-0.19,0.43,16.5,16.625,15.875,15.8125,-1.8,0.0,0.0,53.0
16.34737,0x316,0.0,0.0,1.0,6.25,-0.19,0.43,16.5,16.625,15.875,15.8125,-1.8,0.0,0.0,53.0
16.34985,0x2B0,0.0,0.0,1.0,6.25,-0.19,0.43,16.5,16.625,15.875,15.8125,-1.8,0.0,0.0,53.0
16.35618,0x220,0.0,0.0,1.0,6.25,-0.28,0.73,16.5,16.625,15.875,15.8125,-1.8,0.0,0.0,53.0
16.35734,0x316,0.0,0.0,1.0,6.25,-0.28,0.73,16.5,16.625,15.875,15.8125,-1.8,0.0,0.0,54.0
16.35985,0x2B0,0.0,0.0,1.0,6.25,-0.28,0.73,16.5,16.625,15.875,15.8125,-1.8,0.0,0.0,54.0
16.36615,0x220,0.0,0.0,1.0,6.25,-0.37,0.99,16.5,16.625,15.875,15.8125,-1.8,0.0,0.0,54.0
16.36639,0x386,0.0,0.0,1.0,6.25,-0.37,0.99,16.5625,16.53125,15.8125,15.53125,-1.8,0.0,0.0,54.0
16.36763,0x316,0.0,0.0,1.0,6.25,-0.37,0.99,16.5625,16.53125,15.8125,15.53125,-1.8,0.0,0.0,54.0
16.36985,0x2B0,0.0,0.0,1.0,6.25,-0.37,0.99,16.5625,16.53125,15.8125,15.53125,-1.8,0.0,0.0,54.0
16.37618,0x220,0.0,0.0,1.0,6.25,-0.4,1.14,16.5625,16.53125,15.8125,15.53125,-1.8,0.0,0.0,54.0
16.37744,0x316,0.0,0.0,1.0,6.25,-0.4,1.14,16.5625,16.53125,15.8125,15.53125,-1.8,0.0,0.0,54.0
16.38007,0x2B0,0.0,0.0,1.0,6.25,-0.4,1.14,16.5625,16.53125,15.8125,15.53125,-1.8,0.0,0.0,54.0
16.38617,0x220,0.0,0.0,1.0,6.25,-0.4,1.16,16.5625,16.53125,15.8125,15.53125,-1.8,0.0,0.0,54.0
16.38641,0x386,0.0,0.0,1.0,6.25,-0.4,1.16,16.5625,16.4375,15.90625,15.5625,-1.8,0.0,0.0,54.0
16.38737,0x316,0.0,0.0,1.0,6.25,-0.4,1.16,16.5625,16.4375,15.90625,15.5625,-1.8,0.0,0.0,54.0
16.38984,0x2B0,0.0,0.0,1.0,6.25,-0.4,1.16,16.5625,16.4375,15.90625,15.5625,-1.8,0.0,0.0,54.0
16.39618,0x220,0.0,0.0,1.0,6.25,-0.33,1.02,16.5625,16.4375,15.90625,15.5625,-1.8,0.0,0.0,54.0
16.39748,0x316,0.0,0.0,1.0,6.25,-0.33,1.02,16.5625,16.4375,15.90625,15.5625,-1.8,0.0,0.0,54.0
16.39985,0x2B0,0.0,0.0,1.0,6.25,-0.33,1.02,16.5625,16.4375,15.90625,15.5625,-1.8,0.0,0.0,54.0
16.40617,0x220,0.0,0.0,1.0,6.25,-0.2,0.87,16.5625,16.4375,15.90625,15.5625,-1.8,0.0,0.0,54.0
16.40641,0x386,0.0,0.0,1.0,6.25,-0.2,0.87,16.5,16.53125,16.09375,16.21875,-1.8,0.0,0.0,54.0
16.40736,0x316,0.0,0.0,1.0,6.25,-0.2,0.87,16.5,16.53125,16.09375,16.21875,-1.8,0.0,0.0,54.0
16.40985,0x2B0,0.0,0.0,1.0,6.25,-0.2,0.87,16.5,16.53125,16.09375,16.21875,-1.8,0.0,0.0,54.0
16.41618,0x220,0.0,0.0,1.0,6.25,-0.12,0.81,16.5,16.53125,16.09375,16.21875,-1.8,0.0,0.0,54.0
16.41724,0x316,0.0,0.0,1.0,6.25,-0.12,0.81,16.5,16.53125,16.09375,16.21875,-1.8,0.0,0.0,54.0
16.41985,0x2B0,0.0,0.0,1.0,6.25,-0.12,0.81,16.5,16.53125,16.09375,16.21875,-1.8,0.0,0.0,54.0
16.42618,0x220,0.0,0.0,1.0,6.25,-0.04,0.93,16.5,16.53125,16.09375,16.21875,-1.8,0.0,0.0,54.0
16.42642,0x386,0.0,0.0,1.0,6.25,-0.04,0.93,16.53125,16.28125,16.34375,16.5625,-1.8,0.0,0.0,54.0
16.42738,0x316,0.0,0.0,1.0,6.25,-0.04,0.93,16.53125,16.28125,16.34375,16.5625,-1.8,0.0,0.0,54.0
16.42985,0x2B0,0.0,0.0,1.0,6.25,-0.04,0.93,16.53125,16.28125,16.34375,16.5625,-1.8,0.0,0.0,54.0
16.43618,0x220,0.0,0.0,1.0,6.25,0.15,1.16,16.53125,16.28125,16.34375,16.5625,-1.8,0.0,0.0,54.0
16.43733,0x316,0.0,0.0,1.0,6.25,0.15,1.16,16.53125,16.28125,16.34375,16.5625,-1.8,0.0,0.0,53.0
16.43985,0x2B0,0.0,0.0,1.0,6.25,0.15,1.16,16.53125,16.28125,16.34375,16.5625,-1.8,0.0,0.0,53.0
16.44617,0x220,0.0,0.0,1.0,6.25,0.44,1.24,16.53125,16.28125,16.34375,16.5625,-1.8,0.0,0.0,53.0
16.4464,0x386,0.0,0.0,1.0,6.25,0.44,1.24,16.46875,16.53125,16.28125,16.5,-1.8,0.0,0.0,53.0
16.44736,0x316,0.0,0.0,1.0,6.25,0.44,1.24,16.46875,16.53125,16.28125,16.5,-1.8,0.0,0.0,53.0
16.44982,0x2B0,0.0,0.0,1.0,6.25,0.44,1.24,16.46875,16.53125,16.28125,16.5,-1.8,0.0,0.0,53.0
16.45619,0x220,0.0,0.0,1.0,6.25,0.73,1.05,16.46875,16.53125,16.28125,16.5,-1.8,0.0,0.0,53.0
16.45727,0x316,0.0,0.0,1.0,6.25,0.73,1.05,16.46875,16.53125,16.28125,16.5,-1.8,0.0,0.0,53.0
16.45985,0x2B0,0.0,0.0,1.0,6.25,0.73,1.05,16.46875,16.53125,16.28125,16.5,-1.8,0.0,0.0,53.0
16.46615,0x220,0.0,0.0,1.0,6.25,0.94,0.87,16.46875,16.53125,16.28125,16.5,-1.8,0.0,0.0,53.0
16.46638,0x386,0.0,0.0,1.0,6.25,0.94,0.87,16.53125,16.3125,16.3125,16.78125,-1.8,0.0,0.0,53.0
16.46752,0x316,0.0,0.0,1.0,6.25,0.94,0.87,16.53125,16.3125,16.3125,16.78125,-1.8,0.0,0.0,53.0
16.46982,0x2B0,0.0,0.0,1.0,6.25,0.94,0.87,16.53125,16.3125,16.3125,16.78125,-1.8,0.0,0.0,53.0
16.47618,0x220,0.0,0.0,1.0,6.25,1.05,0.94,16.53125,16.3125,16.3125,16.78125,-1.8,0.0,0.0,53.0
16.47772,0x316,0.0,0.0,1.0,6.25,1.05,0.94,16.53125,16.3125,16.3125,16.78125,-1.8,0.0,0.0,53.0
16.47985,0x2B0,0.0,0.0,1.0,6.25,1.05,0.94,16.53125,16.3125,16.3125,16.78125,-1.8,0.0,0.0,53.0
16.48618,0x220,0.0,0.0,1.0,6.25,1.16,1.05,16.53125,16.3125,16.3125,16.78125,-1.8,0.0,0.0,53.0
16.4864,0x386,0.0,0.0,1.0,6.25,1.16,1.05,16.0,16.5,16.6875,16.71875,-1.8,0.0,0.0,53.0
16.48736,0x316,0.0,0.0,1.0,6.25,1.16,1.05,16.0,16.5,16.6875,16.71875,-1.8,0.0,0.0,53.0
16.48985,0x2B0,0.0,0.0,1.0,6.25,1.16,1.05,16.0,16.5,16.6875,16.71875,-1.8,0.0,0.0,53.0
16.49618,0x220,0.0,0.0,1.0,6.25,1.25,0.87,16.0,16.5,16.6875,16.71875,-1.8,0.0,0.0,53.0
16.4974,0x316,0.0,0.0,1.0,6.25,1.25,0.87,16.0,16.5,16.6875,16.71875,-1.8,0.0,0.0,54.0
16.49986,0x2B0,0.0,0.0,1.0,6.25,1.25,0.87,16.0,16.5,16.6875,16.71875,-1.6,8.0,0.0,54.0
16.50618,0x220,0.0,0.0,1.0,6.25,1.37,0.43,16.0,16.5,16.6875,16.71875,-1.6,8.0,0.0,54.0
16.50642,0x386,0.0,0.0,1.0,6.25,1.37,0.43,16.40625,16.4375,16.78125,16.71875,-1.6,8.0,0.0,54.0
16.50738,0x316,0.0,0.0,1.0,6.25,1.37,0.43,16.40625,16.4375,16.78125,16.71875,-1.6,8.0,0.0,54.0
16.50988,0x2B0,0.0,0.0,1.0,6.25,1.37,0.43,16.40625,16.4375,16.78125,16.71875,-1.6,8.0,0.0,54.0
16.51618,0x220,0.0,0.0,1.0,6.25,1.49,0.19,16.40625,16.4375,16.78125,16.71875,-1.6,8.0,0.0,54.0
16.51725,0x316,0.0,0.0,1.0,6.25,1.49,0.19,16.40625,16.4375,16.78125,16.71875,-1.6,8.0,0.0,54.0
16.51986,0x2B0,0.0,0.0,1.0,6.25,1.49,0.19,16.40625,16.4375,16.78125,16.71875,-1.4,8.0,0.0,54.0
16.52619,0x220,0.0,0.0,1.0,6.25,1.62,0.17,16.40625,16.4375,16.78125,16.71875,-1.4,8.0,0.0,54.0
16.52642,0x386,0.0,0.0,1.0,6.25,1.62,0.17,16.71875,16.34375,16.90625,16.84375,-1.4,8.0,0.0,54.0
16.52738,0x316,0.0,0.0,1.0,6.25,1.62,0.17,16.71875,16.34375,16.90625,16.84375,-1.4,8.0,0.0,55.0
16.52989,0x2B0,0.0,0.0,1.0,6.25,1.62,0.17,16.71875,16.34375,16.90625,16.84375,-1.4,8.0,0.0,55.0
16.53618,0x220,0.0,0.0,1.0,6.25,1.85,0.1,16.71875,16.34375,16.90625,16.84375,-1.4,8.0,0.0,55.0
16.53723,0x316,0.0,0.0,1.0,6.25,1.85,0.1,16.71875,16.34375,16.90625,16.84375,-1.4,8.0,0.0,55.0
16.53987,0x2B0,0.0,0.0,1.0,6.25,1.85,0.1,16.71875,16.34375,16.90625,16.84375,-1.1,12.0,0.0,55.0
16.54618,0x220,0.0,0.0,1.0,6.25,2.09,-0.16,16.71875,16.34375,16.90625,16.84375,-1.1,12.0,0.0,55.0
16.54642,0x386,0.0,0.0,1.0,6.25,2.09,-0.16,16.71875,16.65625,16.5,16.46875,-1.1,12.0,0.0,55.0
16.54737,0x316,0.0,0.0,1.0,6.25,2.09,-0.16,16.71875,16.65625,16.5,16.46875,-1.1,12.0,0.0,55.0
16.54988,0x2B0,0.0,0.0,1.0,6.25,2.09,-0.16,16.71875,16.65625,16.5,16.46875,-1.1,12.0,0.0,55.0
16.55617,0x220,0.0,0.0,1.0,6.25,2.26,-0.52,16.71875,16.65625,16.5,16.46875,-1.1,12.0,0.0,55.0
16.55725,0x316,0.0,0.0,1.0,6.25,2.26,-0.52,16.71875,16.65625,16.5,16.46875,-1.1,12.0,0.0,55.0
16.55987,0x2B0,0.0,0.0,1.0,6.25,2.26,-0.52,16.71875,16.65625,16.5,16.46875,-0.9,8.0,0.0,55.0
16.56616,0x220,0.0,0.0,1.0,6.25,2.33,-0.73,16.71875,16.65625,16.5,16.46875,-0.9,8.0,0.0,55.0
16.5664,0x386,0.0,0.0,1.0,6.25,2.33,-0.73,16.75,16.71875,16.3125,15.96875,-0.9,8.0,0.0,55.0
16.56767,0x316,0.0,0.0,1.0,6.25,2.33,-0.73,16.75,16.71875,16.3125,15.96875,-0.9,8.0,0.0,56.0
16.5698,0x2B0,0.0,0.0,1.0,6.25,2.33,-0.73,16.75,16.71875,16.3125,15.96875,-0.9,8.0,0.0,56.0
16.57617,0x220,0.0,0.0,1.0,6.25,2.4,-0.54,16.75,16.71875,16.3125,15.96875,-0.9,8.0,0.0,56.0
16.57748,0x316,0.0,0.0,1.0,6.25,2.4,-0.54,16.75,16.71875,16.3125,15.96875,-0.9,8.0,0.0,55.0
16.57988,0x2B0,0.0,0.0,1.0,6.25,2.4,-0.54,16.75,16.71875,16.3125,15.96875,-0.9,0.0,0.0,55.0
16.58617,0x220,0.0,0.0,1.0,6.25,2.58,-0.29,16.75,16.71875,16.3125,15.96875,-0.9,0.0,0.0,55.0
16.58641,0x386,0.0,0.0,1.0,6.25,2.58,-0.29,16.78125,16.65625,16.125,15.875,-0.9,0.0,0.0,55.0
16.58736,0x316,0.0,0.0,1.0,6.25,2.58,-0.29,16.78125,16.65625,16.125,15.875,-0.9,0.0,0.0,56.0
16.58979,0x2B0,0.0,0.0,1.0,6.25,2.58,-0.29,16.78125,16.65625,16.125,15.875,-0.9,0.0,0.0,56.0
16.59617,0x220,0.0,0.0,1.0,6.25,2.74,-0.34,16.78125,16.65625,16.125,15.875,-0.9,0.0,0.0,56.0
16.59738,0x316,0.0,0.0,1.0,6.25,2.74,-0.34,16.78125,16.65625,16.125,15.875,-0.9,0.0,0.0,56.0
16.59988,0x2B0,0.0,0.0,1.0,6.25,2.74,-0.34,16.78125,16.65625,16.125,15.875,-0.8,0.0,0.0,56.0
16.60618,0x220,0.0,0.0,1.0,6.25,2.71,-0.75,16.78125,16.65625,16.125,15.875,-0.8,0.0,0.0,56.0
16.60641,0x386,0.0,0.0,1.0,6.25,2.71,-0.75,16.65625,16.71875,15.78125,16.375,-0.8,0.0,0.0,56.0
16.60736,0x316,0.0,0.0,1.0,6.25,2.71,-0.75,16.65625,16.71875,15.78125,16.375,-0.8,0.0,0.0,55.0
16.60981,0x2B0,0.0,0.0,1.0,6.25,2.71,-0.75,16.65625,16.71875,15.78125,16.375,-0.6,12.0,0.0,55.0
16.61619,0x220,0.0,0.0,1.0,6.25,2.35,-1.07,16.65625,16.71875,15.78125,16.375,-0.6,12.0,0.0,55.0
16.6173,0x316,0.0,0.0,1.0,6.25,2.35,-1.07,16.65625,16.71875,15.78125,16.375,-0.6,12.0,0.0,55.0
16.61989,0x2B0,0.0,0.0,1.0,6.25,2.35,-1.07,16.65625,16.71875,15.78125,16.375,-0.4,20.0,0.0,55.0
16.62619,0x220,0.0,0.0,1.0,6.25,1.77,-0.98,16.65625,16.71875,15.78125,16.375,-0.4,20.0,0.0,55.0
16.62642,0x386,0.0,0.0,1.0,6.25,1.77,-0.98,16.65625,16.75,15.9375,16.5625,-0.4,20.0,0.0,55.0
16.62737,0x316,0.0,0.0,1.0,6.25,1.77,-0.98,16.65625,16.75,15.9375,16.5625,-0.4,20.0,0.0,55.0
16.62984,0x2B0,0.0,0.0,1.0,6.25,1.77,-0.98,16.65625,16.75,15.9375,16.5625,-0.4,8.0,0.0,55.0
16.63618,0x220,0.0,0.0,1.0,6.25,1.28,-0.52,16.65625,16.75,15.9375,16.5625,-0.4,8.0,0.0,55.0
16.63724,0x316,0.0,0.0,1.0,6.25,1.28,-0.52,16.65625,16.75,15.9375,16.5625,-0.4,8.0,0.0,55.0
16.63989,0x2B0,0.0,0.0,1.0,6.25,1.28,-0.52,16.65625,16.75,15.9375,16.5625,-0.2,8.0,0.0,55.0
16.64618,0x220,0.0,0.0,1.0,6.25,1.07,-0.06,16.65625,16.75,15.9375,16.5625,-0.2,8.0,0.0,55.0
16.64641,0x386,0.0,0.0,1.0,6.25,1.07,-0.06,16.625,16.6875,16.34375,16.15625,-0.2,8.0,0.0,55.0
16.64737,0x316,0.0,0.0,1.0,6.25,1.07,-0.06,16.625,16.6875,16.34375,16.15625,-0.2,8.0,0.0,54.0
16.64987,0x2B0,0.0,0.0,1.0,6.25,1.07,-0.06,16.625,16.6875,16.34375,16.15625,-0.2,8.0,0.0,54.0
16.65619,0x220,0.0,0.0,1.0,6.25,1.18,0.1,16.625,16.6875,16.34375,16.15625,-0.2,8.0,0.0,54.0
16.65733,0x316,0.0,0.0,1.0,6.25,1.18,0.1,16.625,16.6875,16.34375,16.15625,-0.2,8.0,0.0,54.0
16.65991,0x2B0,0.0,0.0,1.0,6.25,1.18,0.1,16.625,16.6875,16.34375,16.15625,0.1,12.0,0.0,54.0
16.66616,0x220,0.0,0.0,1.0,6.25,1.41,0.17,16.625,16.6875,16.34375,16.15625,0.1,12.0,0.0,54.0
16.6664,0x386,0.0,0.0,1.0,6.25,1.41,0.17,16.59375,16.8125,16.125,16.4375,0.1,12.0,0.0,54.0
16.66754,0x316,0.0,0.0,1.0,6.25,1.41,0.17,16.59375,16.8125,16.125,16.4375,0.1,12.0,0.0,54.0
16.66986,0x2B0,0.0,0.0,1.0,6.25,1.41,0.17,16.59375,16.8125,16.125,16.4375,0.2,20.0,0.0,54.0
16.67619,0x220,0.0,0.0,1.0,6.25,1.53,0.28,16.59375,16.8125,16.125,16.4375,0.2,20.0,0.0,54.0
16.67761,0x316,0.0,0.0,1.0,6.25,1.53,0.28,16.59375,16.8125,16.125,16.4375,0.2,20.0,0.0,54.0
16.67992,0x2B0,0.0,0.0,1.0,6.25,1.53,0.28,16.59375,16.8125,16.125,16.4375,0.2,0.0,0.0,54.0
16.68619,0x220,0.0,0.0,1.0,6.25,1.45,0.46,16.59375,16.8125,16.125,16.4375,0.2,0.0,0.0,54.0
16.68642,0x386,0.0,0.0,1.0,6.25,1.45,0.46,16.625,16.65625,16.09375,16.71875,0.2,0.0,0.0,54.0
16.68738,0x316,0.0,0.0,1.0,6.25,1.45,0.46,16.625,16.65625,16.09375,16.71875,0.2,0.0,0.0,54.0
16.68985,0x2B0,0.0,0.0,1.0,6.25,1.45,0.46,16.625,16.65625,16.09375,16.71875,0.4,8.0,0.0,54.0
16.69619,0x220,0.0,0.0,1.0,6.25,1.21,0.63,16.625,16.65625,16.09375,16.71875,0.4,8.0,0.0,54.0
16.69744,0x316,0.0,0.0,1.0,6.25,1.21,0.63,16.625,16.65625,16.09375,16.71875,0.4,8.0,0.0,54.0
16.69992,0x2B0,0.0,0.0,1.0,6.25,1.21,0.63,16.625,16.65625,16.09375,16.71875,0.4,8.0,0.0,54.0
16.70616,0x220,0.0,0.0,1.0,6.25,0.91,0.71,16.625,16.65625,16.09375,16.71875,0.4,8.0,0.0,54.0
16.70639,0x386,0.0,0.0,1.0,6.25,0.91,0.71,16.5,16.78125,16.65625,16.875,0.4,8.0,0.0,54.0
16.70734,0x316,0.0,0.0,1.0,6.25,0.91,0.71,16.5,16.78125,16.65625,16.875,0.4,8.0,0.0,54.0
16.70992,0x2B0,0.0,0.0,1.0,6.25,0.91,0.71,16.5,16.78125,16.65625,16.875,0.5,0.0,0.0,54.0
16.71616,0x220,0.0,0.0,1.0,6.25,0.69,0.67,16.5,16.78125,16.65625,16.875,0.5,0.0,0.0,54.0
16.71723,0x316,0.0,0.0,1.0,6.25,0.69,0.67,16.5,16.78125,16.65625,16.875,0.5,0.0,0.0,54.0
16.71992,0x2B0,0.0,0.0,1.0,6.25,0.69,0.67,16.5,16.78125,16.65625,16.875,0.5,0.0,0.0,54.0
16.72619,0x220,0.0,0.0,1.0,6.25,0.66,0.68,16.5,16.78125,16.65625,16.875,0.5,0.0,0.0,54.0
16.72642,0x386,0.0,0.0,1.0,6.25,0.66,0.68,16.71875,16.65625,16.75,16.8125,0.5,0.0,0.0,54.0
16.72738,0x316,0.0,0.0,1.0,6.25,0.66,0.68,16.71875,16.65625,16.75,16.8125,0.5,0.0,0.0,54.0
16.72989,0x2B0,0.0,0.0,1.0,6.25,0.66,0.68,16.71875,16.65625,16.75,16.8125,0.5,0.0,0.0,54.0
16.73616,0x220,0.0,0.0,1.0,6.25,0.79,0.86,16.71875,16.65625,16.75,16.8125,0.5,0.0,0.0,54.0
16.73729,0x316,0.0,0.0,1.0,6.25,0.79,0.86,16.71875,16.65625,16.75,16.8125,0.5,0.0,0.0,55.0
16.73993,0x2B0,0.0,0.0,1.0,6.25,0.79,0.86,16.71875,16.65625,16.75,16.8125,0.5,0.0,0.0,55.0
16.74616,0x220,0.0,0.0,1.0,6.25,0.94,1.03,16.71875,16.65625,16.75,16.8125,0.5,0.0,0.0,55.0
16.74639,0x386,0.0,0.0,1.0,6.25,0.94,1.03,16.65625,16.71875,16.3125,16.8125,0.5,0.0,0.0,55.0
16.74735,0x316,0.0,0.0,1.0,6.25,0.94,1.03,16.65625,16.71875,16.3125,16.8125,0.5,0.0,0.0,54.0
16.74982,0x2B0,0.0,0.0,1.0,6.25,0.94,1.03,16.65625,16.71875,16.3125,16.8125,0.5,0.0,0.0,54.0
16.75616,0x220,0.0,0.0,1.0,6.25,1.0,0.96,16.65625,16.71875,16.3125,16.8125,0.5,0.0,0.0,54.0
16.75725,0x316,0.0,0.0,1.0,6.25,1.0,0.96,16.65625,16.71875,16.3125,16.8125,0.5,0.0,0.0,54.0
16.75993,0x2B0,0.0,0.0,1.0,6.25,1.0,0.96,16.65625,16.71875,16.3125,16.8125,0.5,0.0,0.0,54.0
16.76616,0x220,0.0,0.0,1.0,6.25,0.92,0.68,16.65625,16.71875,16.3125,16.8125,0.5,0.0,0.0,54.0
16.76639,0x386,0.0,0.0,1.0,6.25,0.92,0.68,16.71875,16.625,16.40625,16.34375,0.5,0.0,0.0,54.0
16.76762,0x316,0.0,0.0,1.0,6.25,0.92,0.68,16.71875,16.625,16.40625,16.34375,0.5,0.0,0.0,54.0
16.76981,0x2B0,0.0,0.0,1.0,6.25,0.92,0.68,16.71875,16.625,16.40625,16.34375,0.5,0.0,0.0,54.0
16.77617,0x220,0.0,0.0,1.0,6.25,0.85,0.52,16.71875,16.625,16.40625,16.34375,0.5,0.0,0.0,54.0
16.7775,0x316,0.0,0.0,1.0,6.25,0.85,0.52,16.71875,16.625,16.40625,16.34375,0.5,0.0,0.0,54.0
16.77994,0x2B0,0.0,0.0,1.0,6.25,0.85,0.52,16.71875,16.625,16.40625,16.34375,0.5,0.0,0.0,54.0
16.78616,0x220,0.0,0.0,1.0,6.25,0.89,0.47,16.71875,16.625,16.40625,16.34375,0.5,0.0,0.0,54.0
16.7864,0x386,0.0,0.0,1.0,6.25,0.89,0.47,16.6875,16.8125,16.28125,15.96875,0.5,0.0,0.0,54.0
16.78736,0x316,0.0,0.0,1.0,6.25,0.89,0.47,16.6875,16.8125,16.28125,15.96875,0.5,0.0,0.0,54.0
16.78982,0x2B0,0.0,0.0,1.0,6.25,0.89,0.47,16.6875,16.8125,16.28125,15.96875,0.5,0.0,0.0,54.0
16.79617,0x220,0.0,0.0,1.0,6.25,1.16,0.23,16.6875,16.8125,16.28125,15.96875,0.5,0.0,0.0,54.0
16.79739,0x316,0.0,0.0,1.0,6.25,1.16,0.23,16.6875,16.8125,16.28125,15.96875,0.5,0.0,0.0,54.0
16.79995,0x2B0,0.0,0.0,1.0,6.25,1.16,0.23,16.6875,16.8125,16.28125,15.96875,0.5,0.0,0.0,54.0
16.80617,0x220,0.0,0.0,1.0,6.25,1.49,-0.18,16.6875,16.8125,16.28125,15.96875,0.5,0.0,0.0,54.0
16.8064,0x386,0.0,0.0,1.0,6.25,1.49,-0.18,16.65625,16.8125,16.0,16.3125,0.5,0.0,0.0,54.0
16.80735,0x316,0.0,0.0,1.0,6.25,1.49,-0.18,16.65625,16.8125,16.0,16.3125,0.5,0.0,0.0,54.0
16.80982,0x2B0,0.0,0.0,1.0,6.25,1.49,-0.18,16.65625,16.8125,16.0,16.3125,0.5,0.0,0.0,54.0
16.81618,0x220,0.0,0.0,1.0,6.25,1.62,-0.46,16.65625,16.8125,16.0,16.3125,0.5,0.0,0.0,54.0
16.8173,0x316,0.0,0.0,1.0,6.25,1.62,-0.46,16.65625,16.8125,16.0,16.3125,0.5,0.0,0.0,54.0
16.81995,0x2B0,0.0,0.0,1.0,6.25,1.62,-0.46,16.65625,16.8125,16.0,16.3125,0.5,0.0,0.0,54.0
16.82619,0x220,0.0,0.0,1.0,6.25,1.66,-0.36,16.65625,16.8125,16.0,16.3125,0.5,0.0,0.0,54.0
16.82643,0x386,0.0,0.0,1.0,6.25,1.66,-0.36,16.78125,16.6875,16.34375,16.71875,0.5,0.0,0.0,54.0
16.82739,0x316,0.0,0.0,1.0,6.25,1.66,-0.36,16.78125,16.6875,16.34375,16.71875,0.5,0.0,0.0,54.0
16.8298,0x2B0,0.0,0.0,1.0,6.25,1.66,-0.36,16.78125,16.6875,16.34375,16.71875,0.5,0.0,0.0,54.0
16.83619,0x220,0.0,0.0,1.0,6.25,1.69,-0.13,16.78125,16.6875,16.34375,16.71875,0.5,0.0,0.0,54.0
16.83727,0x316,0.0,0.0,1.0,6.25,1.69,-0.13,16.78125,16.6875,16.34375,16.71875,0.5,0.0,0.0,54.0
16.83996,0x2B0,0.0,0.0,1.0,6.25,1.69,-0.13,16.78125,16.6875,16.34375,16.71875,0.5,0.0,0.0,54.0
16.84619,0x220,0.0,0.0,1.0,6.25,1.67,-0.14,16.78125,16.6875,16.34375,16.71875,0.5,0.0,0.0,54.0
16.84642,0x386,0.0,0.0,1.0,6.25,1.67,-0.14,16.5625,16.75,16.59375,16.5625,0.5,0.0,0.0,54.0
16.84737,0x316,0.0,0.0,1.0,6.25,1.67,-0.14,16.5625,16.75,16.59375,16.5625,0.5,0.0,0.0,54.0
16.84981,0x2B0,0.0,0.0,1.0,6.25,1.67,-0.14,16.5625,16.75,16.59375,16.5625,0.5,0.0,0.0,54.0
16.85619,0x220,0.0,0.0,1.0,6.25,1.65,-0.34,16.5625,16.75,16.59375,16.5625,0.5,0.0,0.0,54.0
16.85732,0x316,0.0,0.0,1.0,6.25,1.65,-0.34,16.5625,16.75,16.59375,16.5625,0.5,0.0,0.0,54.0
16.85996,0x2B0,0.0,0.0,1.0,6.25,1.65,-0.34,16.5625,16.75,16.59375,16.5625,0.5,0.0,0.0,54.0
16.86617,0x220,0.0,0.0,1.0,6.25,1.65,-0.44,16.5625,16.75,16.59375,16.5625,0.5,0.0,0.0,54.0
16.8664,0x386,0.0,0.0,1.0,6.25,1.65,-0.44,16.5625,16.625,16.625,16.46875,0.5,0.0,0.0,54.0
16.86755,0x316,0.0,0.0,1.0,6.25,1.65,-0.44,16.5625,16.625,16.625,16.46875,0.5,0.0,0.0,54.0
16.86981,0x2B0,0.0,0.0,1.0,6.25,1.65,-0.44,16.5625,16.625,16.625,16.46875,0.5,0.0,0.0,54.0
16.87619,0x220,0.0,0.0,1.0,6.25,1.84,-0.36,16.5625,16.625,16.625,16.46875,0.5,0.0,0.0,54.0
16.87763,0x316,0.0,0.0,1.0,6.25,1.84,-0.36,16.5625,16.625,16.625,16.46875,0.5,0.0,0.0,54.0
16.87996,0x2B0,0.0,0.0,1.0,6.25,1.84,-0.36,16.5625,16.625,16.625,16.46875,0.5,0.0,0.0,54.0
16.88619,0x220,0.0,0.0,1.0,6.25,2.16,-0.3,16.5625,16.625,16.625,16.46875,0.5,0.0,0.0,54.0
16.88642,0x386,0.0,0.0,1.0,6.25,2.16,-0.3,16.65625,16.75,16.5625,16.46875,0.5,0.0,0.0,54.0
16.88738,0x316,0.0,0.0,1.0,6.25,2.16,-0.3,16.65625,16.75,16.5625,16.46875,0.5,0.0,0.0,54.0
16.88989,0x2B0,0.0,0.0,1.0,6.25,2.16,-0.3,16.65625,16.75,16.5625,16.46875,0.5,0.0,0.0,54.0
16.89619,0x220,0.0,0.0,1.0,6.25,2.37,-0.48,16.65625,16.75,16.5625,16.46875,0.5,0.0,0.0,54.0
16.89743,0x316,0.0,0.0,1.0,6.25,2.37,-0.48,16.65625,16.75,16.5625,16.46875,0.5,0.0,0.0,55.0
16.89997,0x2B0,0.0,0.0,1.0,6.25,2.37,-0.48,16.65625,16.75,16.5625,16.46875,0.7,8.0,0.0,55.0
16.90619,0x220,0.0,0.0,1.0,6.25,2.29,-0.72,16.65625,16.75,16.5625,16.46875,0.7,8.0,0.0,55.0
16.90642,0x386,0.0,0.0,1.0,6.25,2.29,-0.72,16.78125,16.625,16.5625,16.71875,0.7,8.0,0.0,55.0
16.90737,0x316,0.0,0.0,1.0,6.25,2.29,-0.72,16.78125,16.625,16.5625,16.71875,0.7,8.0,0.0,55.0
16.90998,0x2B0,0.0,0.0,1.0,6.25,2.29,-0.72,16.78125,16.625,16.5625,16.71875,0.7,8.0,0.0,55.0
16.91619,0x220,0.0,0.0,1.0,6.25,1.94,-0.74,16.78125,16.625,16.5625,16.71875,0.7,8.0,0.0,55.0
16.91727,0x316,0.0,0.0,1.0,6.25,1.94,-0.74,16.78125,16.625,16.5625,16.71875,0.7,8.0,0.0,56.0
16.91997,0x2B0,0.0,0.0,1.0,6.25,1.94,-0.74,16.78125,16.625,16.5625,16.71875,0.8,0.0,0.0,56.0
16.9262,0x220,0.0,0.0,1.0,6.25,1.56,-0.62,16.78125,16.625,16.5625,16.71875,0.8,0.0,0.0,56.0
16.92643,0x386,0.0,0.0,1.0,6.25,1.56,-0.62,16.90625,16.6875,16.4375,16.53125,0.8,0.0,0.0,56.0
16.92739,0x316,0.0,0.0,1.0,6.25,1.56,-0.62,16.90625,16.6875,16.4375,16.53125,0.8,0.0,0.0,56.0
16.92987,0x2B0,0.0,0.0,1.0,6.25,1.56,-0.62,16.90625,16.6875,16.4375,16.53125,0.8,0.0,0.0,56.0
16.9362,0x220,0.0,0.0,1.0,6.25,1.34,-0.6,16.90625,16.6875,16.4375,16.53125,0.8,0.0,0.0,56.0
16.9374,0x316,0.0,0.0,1.0,6.25,1.34,-0.6,16.90625,16.6875,16.4375,16.53125,0.8,0.0,0.0,56.0
16.93998,0x2B0,0.0,0.0,1.0,6.25,1.34,-0.6,16.90625,16.6875,16.4375,16.53125,1.0,8.0,0.0,56.0
16.94619,0x220,0.0,0.0,1.0,6.25,1.34,-0.69,16.90625,16.6875,16.4375,16.53125,1.0,8.0,0.0,56.0
16.94642,0x386,0.0,0.0,1.0,6.25,1.34,-0.69,16.8125,16.8125,16.3125,16.375,1.0,8.0,0.0,56.0
16.94737,0x316,0.0,0.0,1.0,6.25,1.34,-0.69,16.8125,16.8125,16.3125,16.375,1.0,8.0,0.0,56.0
16.94981,0x2B0,0.0,0.0,1.0,6.25,1.34,-0.69,16.8125,16.8125,16.3125,16.375,1.0,8.0,0.0,56.0
16.95619,0x220,0.0,0.0,1.0,6.25,1.62,-0.64,16.8125,16.8125,16.3125,16.375,1.0,8.0,0.0,56.0
16.95729,0x316,0.0,0.0,1.0,6.25,1.62,-0.64,16.8125,16.8125,16.3125,16.375,1.0,8.0,0.0,56.0
16.95999,0x2B0,0.0,0.0,1.0,6.25,1.62,-0.64,16.8125,16.8125,16.3125,16.375,1.2,8.0,0.0,56.0
16.96616,0x220,0.0,0.0,1.0,6.25,2.08,-0.37,16.8125,16.8125,16.3125,16.375,1.2,8.0,0.0,56.0
16.96638,0x386,0.0,0.0,1.0,6.25,2.08,-0.37,16.75,16.78125,16.25,16.53125,1.2,8.0,0.0,56.0
16.96753,0x316,0.0,0.0,1.0,6.25,2.08,-0.37,16.75,16.78125,16.25,16.53125,1.2,8.0,0.0,56.0
16.96987,0x2B0,0.0,0.0,1.0,6.25,2.08,-0.37,16.75,16.78125,16.25,16.53125,1.2,8.0,0.0,56.0
16.97619,0x220,0.0,0.0,1.0,6.25,2.45,-0.14,16.75,16.78125,16.25,16.53125,1.2,8.0,0.0,56.0
16.97758,0x316,0.0,0.0,1.0,6.25,2.45,-0.14,16.75,16.78125,16.25,16.53125,1.2,8.0,0.0,56.0
16.98,0x2B0,0.0,0.0,1.0,6.25,2.45,-0.14,16.75,16.78125,16.25,16.53125,1.4,8.0,0.0,56.0
16.98619,0x220,0.0,0.0,1.0,6.25,2.52,-0.11,16.75,16.78125,16.25,16.53125,1.4,8.0,0.0,56.0
16.98642,0x386,0.0,0.0,1.0,6.25,2.52,-0.11,16.75,16.6875,16.4375,16.78125,1.4,8.0,0.0,56.0
16.98738,0x316,0.0,0.0,1.0,6.25,2.52,-0.11,16.75,16.6875,16.4375,16.78125,1.4,8.0,0.0,55.0
16.98983,0x2B0,0.0,0.0,1.0,6.25,2.52,-0.11,16.75,16.6875,16.4375,16.78125,1.5,12.0,0.0,55.0
16.99619,0x220,0.0,0.0,1.0,6.25,2.27,-0.16,16.75,16.6875,16.4375,16.78125,1.5,12.0,0.0,55.0
16.99745,0x316,0.0,0.0,1.0,6.25,2.27,-0.16,16.75,16.6875,16.4375,16.78125,1.5,12.0,0.0,55.0
17.0,0x2B0,0.0,0.0,1.0,6.25,2.27,-0.16,16.75,16.6875,16.4375,16.78125,1.5,0.0,0.0,55.0
17.00619,0x220,0.0,0.0,1.0,6.25,1.88,-0.28,16.75,16.6875,16.4375,16.78125,1.5,0.0,0.0,55.0
17.00641,0x386,0.0,0.0,1.0,6.25,1.88,-0.28,16.6875,16.71875,16.5,16.8125,1.5,0.0,0.0,55.0
17.00736,0x316,0.0,0.0,1.0,6.25,1.88,-0.28,16.6875,16.71875,16.5,16.8125,1.5,0.0,0.0,55.0
17.00979,0x2B0,0.0,0.0,1.0,6.25,1.88,-0.28,16.6875,16.71875,16.5,16.8125,1.8,12.0,0.0,55.0
17.01619,0x220,0.0,0.0,1.0,6.25,1.54,-0.46,16.6875,16.71875,16.5,16.8125,1.8,12.0,0.0,55.0
17.01732,0x316,0.0,0.0,1.0,6.25,1.54,-0.46,16.6875,16.71875,16.5,16.8125,1.8,12.0,0.0,54.0
17.02001,0x2B0,0.0,0.0,1.0,6.25,1.54,-0.46,16.6875,16.71875,16.5,16.8125,1.8,12.0,0.0,54.0
17.0262,0x220,0.0,0.0,1.0,6.25,1.33,-0.58,16.6875,16.71875,16.5,16.8125,1.8,12.0,0.0,54.0
17.02643,0x386,0.0,0.0,1.0,6.25,1.33,-0.58,16.65625,16.59375,16.5,16.84375,1.8,12.0,0.0,54.0
17.02738,0x316,0.0,0.0,1.0,6.25,1.33,-0.58,16.65625,16.59375,16.5,16.84375,1.8,12.0,0.0,54.0
17.02982,0x2B0,0.0,0.0,1.0,6.25,1.33,-0.58,16.65625,16.59375,16.5,16.84375,2.0,8.0,0.0,54.0
17.03619,0x220,0.0,0.0,1.0,6.25,1.28,-0.53,16.65625,16.59375,16.5,16.84375,2.0,8.0,0.0,54.0
17.03725,0x316,0.0,0.0,1.0,6.25,1.28,-0.53,16.65625,16.59375,16.5,16.84375,2.0,8.0,0.0,54.0
17.04001,0x2B0,0.0,0.0,1.0,6.25,1.28,-0.53,16.65625,16.59375,16.5,16.84375,2.0,8.0,0.0,54.0
17.04619,0x220,0.0,0.0,1.0,6.25,1.4,-0.33,16.65625,16.59375,16.5,16.84375,2.0,8.0,0.0,54.0
17.04642,0x386,0.0,0.0,1.0,6.25,1.4,-0.33,16.71875,16.71875,16.625,16.59375,2.0,8.0,0.0,54.0
17.04738,0x316,0.0,0.0,1.0,6.25,1.4,-0.33,16.71875,16.71875,16.625,16.59375,2.0,8.0,0.0,54.0
17.04982,0x2B0,0.0,0.0,1.0,6.25,1.4,-0.33,16.71875,16.71875,16.625,16.59375,2.2,8.0,0.0,54.0
17.05619,0x220,0.0,0.0,1.0,6.25,1.65,-0.16,16.71875,16.71875,16.625,16.59375,2.2,8.0,0.0,54.0
17.05734,0x316,0.0,0.0,1.0,6.25,1.65,-0.16,16.71875,16.71875,16.625,16.59375,2.2,8.0,0.0,55.0
17.06002,0x2B0,0.0,0.0,1.0,6.25,1.65,-0.16,16.71875,16.71875,16.625,16.59375,2.4,20.0,0.0,55.0
17.06617,0x220,0.0,0.0,1.0,6.25,1.86,-0.21,16.71875,16.71875,16.625,16.59375,2.4,20.0,0.0,55.0
17.0664,0x386,0.0,0.0,1.0,6.25,1.86,-0.21,16.75,16.875,16.5625,16.4375,2.4,20.0,0.0,55.0
17.06758,0x316,0.0,0.0,1.0,6.25,1.86,-0.21,16.75,16.875,16.5625,16.4375,2.4,20.0,0.0,55.0
17.06983,0x2B0,0.0,0.0,1.0,6.25,1.86,-0.21,16.75,16.875,16.5625,16.4375,2.4,8.0,0.0,55.0
17.07619,0x220,0.0,0.0,1.0,6.25,1.98,-0.35,16.75,16.875,16.5625,16.4375,2.4,8.0,0.0,55.0
17.07764,0x316,0.0,0.0,1.0,6.25,1.98,-0.35,16.75,16.875,16.5625,16.4375,2.4,8.0,0.0,56.0
17.08002,0x2B0,0.0,0.0,1.0,6.25,1.98,-0.35,16.75,16.875,16.5625,16.4375,2.6,8.0,0.0,56.0
17.08619,0x220,0.0,0.0,1.0,6.25,2.0,-0.42,16.75,16.875,16.5625,16.4375,2.6,8.0,0.0,56.0
17.08642,0x386,0.0,0.0,1.0,6.25,2.0,-0.42,16.875,16.8125,16.8125,16.5,2.6,8.0,0.0,56.0
17.08737,0x316,0.0,0.0,1.0,6.25,2.0,-0.42,16.875,16.8125,16.8125,16.5,2.6,8.0,0.0,56.0
17.08985,0x2B0,0.0,0.0,1.0,6.25,2.0,-0.42,16.875,16.8125,16.8125,16.5,2.6,8.0,0.0,56.0
17.0962,0x220,0.0,0.0,1.0,6.25,2.0,-0.41,16.875,16.8125,16.8125,16.5,2.6,8.0,0.0,56.0
17.09743,0x316,0.0,0.0,1.0,6.25,2.0,-0.41,16.875,16.8125,16.8125,16.5,2.6,8.0,0.0,56.0
17.10004,0x2B0,0.0,0.0,1.0,6.25,2.0,-0.41,16.875,16.8125,16.8125,16.5,2.8,8.0,0.0,56.0
17.10619,0x220,0.0,0.0,1.0,6.25,1.98,-0.45,16.875,16.8125,16.8125,16.5,2.8,8.0,0.0,56.0
17.10642,0x386,0.0,0.0,1.0,6.25,1.98,-0.45,16.84375,17.03125,16.59375,16.71875,2.8,8.0,0.0,56.0
17.10738,0x316,0.0,0.0,1.0,6.25,1.98,-0.45,16.84375,17.03125,16.59375,16.71875,2.8,8.0,0.0,56.0
17.10999,0x2B0,0.0,0.0,1.0,6.25,1.98,-0.45,16.84375,17.03125,16.59375,16.71875,2.8,8.0,0.0,56.0
17.11619,0x220,0.0,0.0,1.0,6.25,1.91,-0.56,16.84375,17.03125,16.59375,16.71875,2.8,8.0,0.0,56.0
17.11724,0x316,0.0,0.0,1.0,6.25,1.91,-0.56,16.84375,17.03125,16.59375,16.71875,2.8,8.0,0.0,56.0
17.11979,0x2B0,0.0,0.0,1.0,6.25,1.91,-0.56,16.84375,17.03125,16.59375,16.71875,2.8,0.0,0.0,56.0
17.12619,0x220,0.0,0.0,1.0,6.25,1.84,-0.52,16.84375,17.03125,16.59375,16.71875,2.8,0.0,0.0,56.0
17.12643,0x386,0.0,0.0,1.0,6.25,1.84,-0.52,16.71875,16.9375,16.5625,16.96875,2.8,0.0,0.0,56.0
17.12739,0x316,0.0,0.0,1.0,6.25,1.84,-0.52,16.71875,16.9375,16.5625,16.96875,2.8,0.0,0.0,56.0
17.12979,0x2B0,0.0,0.0,1.0,6.25,1.84,-0.52,16.71875,16.9375,16.5625,16.96875,2.8,0.0,0.0,56.0
17.1362,0x220,0.0,0.0,1.0,6.25,1.82,-0.24,16.71875,16.9375,16.5625,16.96875,2.8,0.0,0.0,56.0
17.13731,0x316,0.0,0.0,1.0,6.25,1.82,-0.24,16.71875,16.9375,16.5625,16.96875,2.8,0.0,0.0,56.0
17.13979,0x2B0,0.0,0.0,1.0,6.25,1.82,-0.24,16.71875,16.9375,16.5625,16.96875,2.8,0.0,0.0,56.0
17.1462,0x220,0.0,0.0,1.0,6.25,1.86,0.06,16.71875,16.9375,16.5625,16.96875,2.8,0.0,0.0,56.0
17.14643,0x386,0.0,0.0,1.0,6.25,1.86,0.06,16.71875,16.90625,16.375,16.8125,2.8,0.0,0.0,56.0
17.14739,0x316,0.0,0.0,1.0,6.25,1.86,0.06,16.71875,16.90625,16.375,16.8125,2.8,0.0,0.0,55.0
17.1498,0x2B0,0.0,0.0,1.0,6.25,1.86,0.06,16.71875,16.90625,16.375,16.8125,2.8,0.0,0.0,55.0
17.1562,0x220,0.0,0.0,1.0,6.25,1.88,0.2,16.71875,16.90625,16.375,16.8125,2.8,0.0,0.0,55.0
17.15727,0x316,0.0,0.0,1.0,6.25,1.88,0.2,16.71875,16.90625,16.375,16.8125,2.8,0.0,0.0,54.0
17.1598,0x2B0,0.0,0.0,1.0,6.25,1.88,0.2,16.71875,16.90625,16.375,16.8125,2.8,0.0,0.0,54.0
17.16617,0x220,0.0,0.0,1.0,6.25,1.79,0.19,16.71875,16.90625,16.375,16.8125,2.8,0.0,0.0,54.0
17.16641,0x386,0.0,0.0,1.0,6.25,1.79,0.19,16.78125,16.9375,16.15625,16.25,2.8,0.0,0.0,54.0
17.16747,0x316,0.0,0.0,1.0,6.25,1.79,0.19,16.78125,16.9375,16.15625,16.25,2.8,0.0,0.0,53.0
17.1698,0x2B0,0.0,0.0,1.0,6.25,1.79,0.19,16.78125,16.9375,16.15625,16.25,2.8,0.0,0.0,53.0
17.1762,0x220,0.0,0.0,1.0,6.25,1.61,0.27,16.78125,16.9375,16.15625,16.25,2.8,0.0,0.0,53.0
17.17762,0x316,0.0,0.0,1.0,6.25,1.61,0.27,16.78125,16.9375,16.15625,16.25,2.8,0.0,0.0,52.0
17.17981,0x2B0,0.0,0.0,1.0,6.25,1.61,0.27,16.78125,16.9375,16.15625,16.25,2.8,0.0,0.0,52.0
17.18619,0x220,0.0,0.0,1.0,6.25,1.35,0.44,16.78125,16.9375,16.15625,16.25,2.8,0.0,0.0,52.0
17.18643,0x386,0.0,0.0,1.0,6.25,1.35,0.44,16.78125,17.0625,16.5625,15.9375,2.8,0.0,0.0,52.0
17.18739,0x316,0.0,0.0,1.0,6.25,1.35,0.44,16.78125,17.0625,16.5625,15.9375,2.8,0.0,0.0,52.0
17.18981,0x2B0,0.0,0.0,1.0,6.25,1.35,0.44,16.78125,17.0625,16.5625,15.9375,2.8,0.0,0.0,52.0
17.1962,0x220,0.0,0.0,1.0,6.25,1.08,0.5,16.78125,17.0625,16.5625,15.9375,2.8,0.0,0.0,52.0
17.19738,0x316,0.0,0.0,1.0,6.25,1.08,0.5,16.78125,17.0625,16.5625,15.9375,2.8,0.0,0.0,52.0
17.19981,0x2B0,0.0,0.0,1.0,6.25,1.08,0.5,16.78125,17.0625,16.5625,15.9375,2.8,0.0,0.0,52.0
17.2062,0x220,0.0,0.0,1.0,6.25,0.93,0.46,16.78125,17.0625,16.5625,15.9375,2.8,0.0,0.0,52.0
17.20643,0x386,0.0,0.0,1.0,6.25,0.93,0.46,16.78125,16.96875,16.78125,16.625,2.8,0.0,0.0,52.0
17.20738,0x316,0.0,0.0,1.0,6.25,0.93,0.46,16.78125,16.96875,16.78125,16.625,2.8,0.0,0.0,52.0
17.20982,0x2B0,0.0,0.0,1.0,6.25,0.93,0.46,16.78125,16.96875,16.78125,16.625,2.8,0.0,0.0,52.0
17.2162,0x220,0.0,0.0,1.0,6.25,0.98,0.36,16.78125,16.96875,16.78125,16.625,2.8,0.0,0.0,52.0
17.21732,0x316,0.0,0.0,1.0,6.25,0.98,0.36,16.78125,16.96875,16.78125,16.625,2.8,0.0,0.0,52.0
17.21982,0x2B0,0.0,0.0,1.0,6.25,0.98,0.36,16.78125,16.96875,16.78125,16.625,2.8,0.0,0.0,52.0
17.2262,0x220,0.0,0.0,1.0,6.25,1.24,0.14,16.78125,16.96875,16.78125,16.625,2.8,0.0,0.0,52.0
17.22644,0x386,0.0,0.0,1.0,6.25,1.24,0.14,16.875,16.875,16.875,16.96875,2.8,0.0,0.0,52.0
17.22739,0x316,0.0,0.0,1.0,6.25,1.24,0.14,16.875,16.875,16.875,16.96875,2.8,0.0,0.0,52.0
17.22982,0x2B0,0.0,0.0,1.0,6.25,1.24,0.14,16.875,16.875,16.875,16.96875,2.8,0.0,0.0,52.0
17.2362,0x220,0.0,0.0,1.0,6.25,1.54,-0.05,16.875,16.875,16.875,16.96875,2.8,0.0,0.0,52.0
17.23725,0x316,0.0,0.0,1.0,6.25,1.54,-0.05,16.875,16.875,16.875,16.96875,2.8,0.0,0.0,52.0
17.23982,0x2B0,0.0,0.0,1.0,6.25,1.54,-0.05,16.875,16.875,16.875,16.96875,2.8,0.0,0.0,52.0
17.24619,0x220,0.0,0.0,1.0,6.25,1.67,-0.05,16.875,16.875,16.875,16.96875,2.8,0.0,0.0,52.0
17.24642,0x386,0.0,0.0,1.0,6.25,1.67,-0.05,16.90625,16.8125,17.15625,16.4375,2.8,0.0,0.0,52.0
17.24738,0x316,0.0,0.0,1.0,6.25,1.67,-0.05,16.90625,16.8125,17.15625,16.4375,2.8,0.0,0.0,52.0
17.24983,0x2B0,0.0,0.0,1.0,6.25,1.67,-0.05,16.90625,16.8125,17.15625,16.4375,2.8,0.0,0.0,52.0
17.2562,0x220,0.0,0.0,1.0,6.25,1.55,0.07,16.90625,16.8125,17.15625,16.4375,2.8,0.0,0.0,52.0
17.25731,0x316,0.0,0.0,1.0,6.25,1.55,0.07,16.90625,16.8125,17.15625,16.4375,2.8,0.0,0.0,52.0
17.25983,0x2B0,0.0,0.0,1.0,6.25,1.55,0.07,16.90625,16.8125,17.15625,16.4375,2.8,0.0,0.0,52.0
17.26618,0x220,0.0,0.0,1.0,6.25,1.25,0.2,16.90625,16.8125,17.15625,16.4375,2.8,0.0,0.0,52.0
17.26641,0x386,0.0,0.0,1.0,6.25,1.25,0.2,16.84375,16.78125,16.8125,16.40625,2.8,0.0,0.0,52.0
17.26762,0x316,0.0,0.0,1.0,6.25,1.25,0.2,16.84375,16.78125,16.8125,16.40625,2.8,0.0,0.0,52.0
17.26983,0x2B0,0.0,0.0,1.0,6.25,1.25,0.2,16.84375,16.78125,16.8125,16.40625,2.8,0.0,0.0,52.0
17.2762,0x220,0.0,0.0,1.0,6.25,0.89,0.27,16.84375,16.78125,16.8125,16.40625,2.8,0.0,0.0,52.0
17.27762,0x316,0.0,0.0,1.0,6.25,0.89,0.27,16.84375,16.78125,16.8125,16.40625,2.8,0.0,0.0,52.0
17.27985,0x2B0,0.0,0.0,1.0,6.25,0.89,0.27,16.84375,16.78125,16.8125,16.40625,2.8,0.0,0.0,52.0
17.28619,0x220,0.0,0.0,1.0,6.25,0.59,0.28,16.84375,16.78125,16.8125,16.40625,2.8,0.0,0.0,52.0
17.28642,0x386,0.0,0.0,1.0,6.25,0.59,0.28,16.84375,16.78125,16.4375,16.71875,2.8,0.0,0.0,52.0
17.28738,0x316,0.0,0.0,1.0,6.25,0.59,0.28,16.84375,16.78125,16.4375,16.71875,2.8,0.0,0.0,51.0
17.28984,0x2B0,0.0,0.0,1.0,6.25,0.59,0.28,16.84375,16.78125,16.4375,16.71875,2.8,0.0,0.0,51.0
17.2962,0x220,0.0,0.0,1.0,6.25,0.37,0.3,16.84375,16.78125,16.4375,16.71875,2.8,0.0,0.0,51.0
17.29741,0x316,0.0,0.0,1.0,6.25,0.37,0.3,16.84375,16.78125,16.4375,16.71875,2.8,0.0,0.0,51.0
17.29984,0x2B0,0.0,0.0,1.0,6.25,0.37,0.3,16.84375,16.78125,16.4375,16.71875,2.8,0.0,0.0,51.0
17.3062,0x220,0.0,0.0,1.0,6.25,0.25,0.45,16.84375,16.78125,16.4375,16.71875,2.8,0.0,0.0,51.0
17.30643,0x386,0.0,0.0,1.0,6.25,0.25,0.45,16.875,16.71875,16.5625,16.5625,2.8,0.0,0.0,51.0
17.30739,0x316,0.0,0.0,1.0,6.25,0.25,0.45,16.875,16.71875,16.5625,16.5625,2.8,0.0,0.0,50.0
17.30984,0x2B0,0.0,0.0,1.0,6.25,0.25,0.45,16.875,16.71875,16.5625,16.5625,2.8,0.0,0.0,50.0
17.3162,0x220,0.0,0.0,1.0,6.25,0.1,0.73,16.875,16.71875,16.5625,16.5625,2.8,0.0,0.0,50.0
17.31725,0x316,0.0,0.0,1.0,6.25,0.1,0.73,16.875,16.71875,16.5625,16.5625,2.8,0.0,0.0,50.0
17.31984,0x2B0,0.0,0.0,1.0,6.25,0.1,0.73,16.875,16.71875,16.5625,16.5625,2.8,0.0,0.0,50.0
17.32621,0x220,0.0,0.0,1.0,6.25,-0.1,0.98,16.875,16.71875,16.5625,16.5625,2.8,0.0,0.0,50.0
17.32644,0x386,0.0,0.0,1.0,6.25,-0.1,0.98,16.875,16.75,16.5,16.78125,2.8,0.0,0.0,50.0
17.3274,0x316,0.0,0.0,1.0,6.25,-0.1,0.98,16.875,16.75,16.5,16.78125,2.8,0.0,0.0,50.0
17.32985,0x2B0,0.0,0.0,1.0,6.25,-0.1,0.98,16.875,16.75,16.5,16.78125,2.8,0.0,0.0,50.0
17.3362,0x220,0.0,0.0,1.0,6.25,-0.34,1.14,16.875,16.75,16.5,16.78125,2.8,0.0,0.0,50.0
17.33724,0x316,0.0,0.0,1.0,6.25,-0.34,1.14,16.875,16.75,16.5,16.78125,2.8,0.0,0.0,50.0
17.33985,0x2B0,0.0,0.0,1.0,6.25,-0.34,1.14,16.875,16.75,16.5,16.78125,2.8,0.0,0.0,50.0
17.3462,0x220,0.0,0.0,1.0,6.25,-0.46,1.27,16.875,16.75,16.5,16.78125,2.8,0.0,0.0,50.0
17.34643,0x386,0.0,0.0,1.0,6.25,-0.46,1.27,16.90625,16.8125,16.375,17.0625,2.8,0.0,0.0,50.0
17.34739,0x316,0.0,0.0,1.0,6.25,-0.46,1.27,16.90625,16.8125,16.375,17.0625,2.8,0.0,0.0,50.0
17.34985,0x2B0,0.0,0.0,1.0,6.25,-0.46,1.27,16.90625,16.8125,16.375,17.0625,2.8,0.0,0.0,50.0
17.3562,0x220,0.0,0.0,1.0,6.25,-0.34,1.37,16.90625,16.8125,16.375,17.0625,2.8,0.0,0.0,50.0
17.35726,0x316,0.0,0.0,1.0,6.25,-0.34,1.37,16.90625,16.8125,16.375,17.0625,2.8,0.0,0.0,51.0
17.35986,0x2B0,0.0,0.0,1.0,6.25,-0.34,1.37,16.90625,16.8125,16.375,17.0625,2.6,8.0,0.0,51.0
17.36618,0x220,0.0,0.0,1.0,6.25,0.0,1.41,16.90625,16.8125,16.375,17.0625,2.6,8.0,0.0,51.0
17.36641,0x386,0.0,0.0,1.0,6.25,0.0,1.41,16.875,16.78125,16.53125,17.25,2.6,8.0,0.0,51.0
17.36758,0x316,0.0,0.0,1.0,6.25,0.0,1.41,16.875,16.78125,16.53125,17.25,2.6,8.0,0.0,51.0
17.36986,0x2B0,0.0,0.0,1.0,6.25,0.0,1.41,16.875,16.78125,16.53125,17.25,2.6,8.0,0.0,51.0
17.3762,0x220,0.0,0.0,1.0,6.25,0.43,1.46,16.875,16.78125,16.53125,17.25,2.6,8.0,0.0,51.0
17.37744,0x316,0.0,0.0,1.0,6.25,0.43,1.46,16.875,16.78125,16.53125,17.25,2.6,8.0,0.0,51.0
17.37987,0x2B0,0.0,0.0,1.0,6.25,0.43,1.46,16.875,16.78125,16.53125,17.25,2.6,0.0,0.0,51.0
17.3862,0x220,0.0,0.0,1.0,6.25,0.77,1.57,16.875,16.78125,16.53125,17.25,2.6,0.0,0.0,51.0
17.38643,0x386,0.0,0.0,1.0,6.25,0.77,1.57,16.875,16.9375,16.875,17.21875,2.6,0.0,0.0,51.0
17.38739,0x316,0.0,0.0,1.0,6.25,0.77,1.57,16.875,16.9375,16.875,17.21875,2.6,0.0,0.0,51.0
17.38986,0x2B0,0.0,0.0,1.0,6.25,0.77,1.57,16.875,16.9375,16.875,17.21875,2.6,0.0,0.0,51.0
17.3962,0x220,0.0,0.0,1.0,6.25,0.95,1.64,16.875,16.9375,16.875,17.21875,2.6,0.0,0.0,51.0
17.3974,0x316,0.0,0.0,1.0,6.25,0.95,1.64,16.875,16.9375,16.875,17.21875,2.6,0.0,0.0,51.0
17.39987,0x2B0,0.0,0.0,1.0,6.25,0.95,1.64,16.875,16.9375,16.875,17.21875,2.6,0.0,0.0,51.0
17.4062,0x220,0.0,0.0,1.0,6.25,1.03,1.59,16.875,16.9375,16.875,17.21875,2.6,0.0,0.0,51.0
17.40643,0x386,0.0,0.0,1.0,6.25,1.03,1.59,16.96875,17.0,16.6875,17.0625,2.6,0.0,0.0,51.0
17.40739,0x316,0.0,0.0,1.0,6.25,1.03,1.59,16.96875,17.0,16.6875,17.0625,2.6,0.0,0.0,52.0
17.40987,0x2B0,0.0,0.0,1.0,6.25,1.03,1.59,16.96875,17.0,16.6875,17.0625,2.6,0.0,0.0,52.0
17.41621,0x220,0.0,0.0,1.0,6.25,1.09,1.44,16.96875,17.0,16.6875,17.0625,2.6,0.0,0.0,52.0
17.41724,0x316,0.0,0.0,1.0,6.25,1.09,1.44,16.96875,17.0,16.6875,17.0625,2.6,0.0,0.0,52.0
17.41987,0x2B0,0.0,0.0,1.0,6.25,1.09,1.44,16.96875,17.0,16.6875,17.0625,2.6,0.0,0.0,52.0
17.42621,0x220,0.0,0.0,1.0,6.25,1.19,1.2,16.96875,17.0,16.6875,17.0625,2.6,0.0,0.0,52.0
17.42644,0x386,0.0,0.0,1.0,6.25,1.19,1.2,17.0625,17.0625,16.28125,16.84375,2.6,0.0,0.0,52.0
17.4274,0x316,0.0,0.0,1.0,6.25,1.19,1.2,17.0625,17.0625,16.28125,16.84375,2.6,0.0,0.0,52.0
17.42987,0x2B0,0.0,0.0,1.0,6.25,1.19,1.2,17.0625,17.0625,16.28125,16.84375,2.6,0.0,0.0,52.0
17.4362,0x220,0.0,0.0,1.0,6.25,1.43,0.88,17.0625,17.0625,16.28125,16.84375,2.6,0.0,0.0,52.0
17.43728,0x316,0.0,0.0,1.0,6.25,1.43,0.88,17.0625,17.0625,16.28125,16.84375,2.6,0.0,0.0,51.0
17.43988,0x2B0,0.0,0.0,1.0,6.25,1.43,0.88,17.0625,17.0625,16.28125,16.84375,2.6,0.0,0.0,51.0
17.4462,0x220,0.0,0.0,1.0,6.25,1.87,0.54,17.0625,17.0625,16.28125,16.84375,2.6,0.0,0.0,51.0
17.44642,0x386,0.0,0.0,1.0,6.25,1.87,0.54,16.9375,17.28125,16.25,16.5625,2.6,0.0,0.0,51.0
17.44738,0x316,0.0,0.0,1.0,6.25,1.87,0.54,16.9375,17.28125,16.25,16.5625,2.6,0.0,0.0,51.0
17.44988,0x2B0,0.0,0.0,1.0,6.25,1.87,0.54,16.9375,17.28125,16.25,16.5625,2.6,0.0,0.0,51.0
17.45621,0x220,0.0,0.0,1.0,6.25,2.37,0.35,16.9375,17.28125,16.25,16.5625,2.6,0.0,0.0,51.0
17.45723,0x316,0.0,0.0,1.0,6.25,2.37,0.35,16.9375,17.28125,16.25,16.5625,2.6,0.0,0.0,51.0
17.45989,0x2B0,0.0,0.0,1.0,6.25,2.37,0.35,16.9375,17.28125,16.25,16.5625,2.6,0.0,0.0,51.0
17.46618,0x220,0.0,0.0,1.0,6.25,2.78,0.35,16.9375,17.28125,16.25,16.5625,2.6,0.0,0.0,51.0
17.46642,0x386,0.0,0.0,1.0,6.25,2.78,0.35,17.15625,17.25,16.4375,16.3125,2.6,0.0,0.0,51.0
17.46766,0x316,0.0,0.0,1.0,6.25,2.78,0.35,17.15625,17.25,16.4375,16.3125,2.6,0.0,0.0,51.0
17.46989,0x2B0,0.0,0.0,1.0,6.25,2.78,0.35,17.15625,17.25,16.4375,16.3125,2.8,8.0,0.0,51.0
17.47621,0x220,0.0,0.0,1.0,6.25,3.18,0.37,17.15625,17.25,16.4375,16.3125,2.8,8.0,0.0,51.0
17.47763,0x316,0.0,0.0,1.0,6.25,3.18,0.37,17.15625,17.25,16.4375,16.3125,2.8,8.0,0.0,51.0
17.47989,0x2B0,0.0,0.0,1.0,6.25,3.18,0.37,17.15625,17.25,16.4375,16.3125,2.8,8.0,0.0,51.0
17.48621,0x220,0.0,0.0,1.0,6.25,3.49,0.14,17.15625,17.25,16.4375,16.3125,2.8,8.0,0.0,51.0
17.48645,0x386,0.0,0.0,1.0,6.25,3.49,0.14,17.0625,17.28125,16.34375,16.46875,2.8,8.0,0.0,51.0
17.48741,0x316,0.0,0.0,1.0,6.25,3.49,0.14,17.0625,17.28125,16.34375,16.46875,2.8,8.0,0.0,51.0
17.48989,0x2B0,0.0,0.0,1.0,6.25,3.49,0.14,17.0625,17.28125,16.34375,16.46875,2.8,0.0,0.0,51.0
17.49621,0x220,0.0,0.0,1.0,6.25,3.6,-0.41,17.0625,17.28125,16.34375,16.46875,2.8,0.0,0.0,51.0
17.49734,0x316,0.0,0.0,1.0,6.25,3.6,-0.41,17.0625,17.28125,16.34375,16.46875,2.8,0.0,0.0,51.0
17.49989,0x2B0,0.0,0.0,1.0,6.25,3.6,-0.41,17.0625,17.28125,16.34375,16.46875,3.0,8.0,0.0,51.0
17.50621,0x220,0.0,0.0,1.0,6.25,3.55,-1.02,17.0625,17.28125,16.34375,16.46875,3.0,8.0,0.0,51.0
17.50644,0x386,0.0,0.0,1.0,6.25,3.55,-1.02,17.0,17.3125,16.21875,17.125,3.0,8.0,0.0,51.0
17.5074,0x316,0.0,0.0,1.0,6.25,3.55,-1.02,17.0,17.3125,16.21875,17.125,3.0,8.0,0.0,51.0
17.5099,0x2B0,0.0,0.0,1.0,6.25,3.55,-1.02,17.0,17.3125,16.21875,17.125,3.1,12.0,0.0,51.0
17.5162,0x220,0.0,0.0,1.0,6.25,3.42,-1.37,17.0,17.3125,16.21875,17.125,3.1,12.0,0.0,51.0
17.51725,0x316,0.0,0.0,1.0,6.25,3.42,-1.37,17.0,17.3125,16.21875,17.125,3.1,12.0,0.0,51.0
17.5199,0x2B0,0.0,0.0,1.0,6.25,3.42,-1.37,17.0,17.3125,16.21875,17.125,3.1,0.0,0.0,51.0
17.52621,0x220,0.0,0.0,1.0,6.25,3.28,-1.32,17.0,17.3125,16.21875,17.125,3.1,0.0,0.0,51.0
17.52644,0x386,0.0,0.0,1.0,6.25,3.28,-1.32,17.15625,17.0625,16.71875,17.15625,3.1,0.0,0.0,51.0
17.52739,0x316,0.0,0.0,1.0,6.25,3.28,-1.32,17.15625,17.0625,16.71875,17.15625,3.1,0.0,0.0,52.0
17.5299,0x2B0,0.0,0.0,1.0,6.25,3.28,-1.32,17.15625,17.0625,16.71875,17.15625,3.3,8.0,0.0,52.0
17.53621,0x220,0.0,0.0,1.0,6.25,3.21,-1.11,17.15625,17.0625,16.71875,17.15625,3.3,8.0,0.0,52.0
17.53721,0x316,0.0,0.0,1.0,6.25,3.21,-1.11,17.15625,17.0625,16.71875,17.15625,3.3,8.0,0.0,52.0
17.5399,0x2B0,0.0,0.0,1.0,6.25,3.21,-1.11,17.15625,17.0625,16.71875,17.15625,3.3,8.0,0.0,52.0
17.5462,0x220,0.0,0.0,1.0,6.25,3.22,-0.99,17.15625,17.0625,16.71875,17.15625,3.3,8.0,0.0,52.0
17.54643,0x386,0.0,0.0,1.0,6.25,3.22,-0.99,17.0625,17.15625,17.21875,17.0625,3.3,8.0,0.0,52.0
17.54739,0x316,0.0,0.0,1.0,6.25,3.22,-0.99,17.0625,17.15625,17.21875,17.0625,3.3,8.0,0.0,51.0
17.5499,0x2B0,0.0,0.0,1.0,6.25,3.22,-0.99,17.0625,17.15625,17.21875,17.0625,3.4,0.0,0.0,51.0
17.5562,0x220,0.0,0.0,1.0,6.25,3.22,-1.05,17.0625,17.15625,17.21875,17.0625,3.4,0.0,0.0,51.0
17.5573,0x316,0.0,0.0,1.0,6.25,3.22,-1.05,17.0625,17.15625,17.21875,17.0625,3.4,0.0,0.0,52.0
17.55991,0x2B0,0.0,0.0,1.0,6.25,3.22,-1.05,17.0625,17.15625,17.21875,17.0625,3.4,0.0,0.0,52.0
17.56617,0x220,0.0,0.0,1.0,6.25,3.14,-1.18,17.0625,17.15625,17.21875,17.0625,3.4,0.0,0.0,52.0
17.5664,0x386,0.0,0.0,1.0,6.25,3.14,-1.18,17.03125,17.21875,17.125,17.1875,3.4,0.0,0.0,52.0
17.56757,0x316,0.0,0.0,1.0,6.25,3.14,-1.18,17.03125,17.21875,17.125,17.1875,3.4,0.0,0.0,52.0
17.56991,0x2B0,0.0,0.0,1.0,6.25,3.14,-1.18,17.03125,17.21875,17.125,17.1875,3.6,8.0,0.0,52.0
17.57621,0x220,0.0,0.0,1.0,6.25,3.0,-1.21,17.03125,17.21875,17.125,17.1875,3.6,8.0,0.0,52.0
17.57742,0x316,0.0,0.0,1.0,6.25,3.0,-1.21,17.03125,17.21875,17.125,17.1875,3.6,8.0,0.0,52.0
17.57992,0x2B0,0.0,0.0,1.0,6.25,3.0,-1.21,17.03125,17.21875,17.125,17.1875,3.6,8.0,0.0,52.0
17.5862,0x220,0.0,0.0,1.0,6.25,2.92,-1.16,17.03125,17.21875,17.125,17.1875,3.6,8.0,0.0,52.0
17.58643,0x386,0.0,0.0,1.0,6.25,2.92,-1.16,17.0,17.34375,17.25,17.28125,3.6,8.0,0.0,52.0
17.58738,0x316,0.0,0.0,1.0,6.25,2.92,-1.16,17.0,17.34375,17.25,17.28125,3.6,8.0,0.0,53.0
17.58992,0x2B0,0.0,0.0,1.0,6.25,2.92,-1.16,17.0,17.34375,17.25,17.28125,3.6,0.0,0.0,53.0
17.5962,0x220,0.0,0.0,1.0,6.25,2.91,-1.15,17.0,17.34375,17.25,17.28125,3.6,0.0,0.0,53.0
17.59743,0x316,0.0,0.0,1.0,6.25,2.91,-1.15,17.0,17.34375,17.25,17.28125,3.6,0.0,0.0,53.0
17.59993,0x2B0,0.0,0.0,1.0,6.25,2.91,-1.15,17.0,17.34375,17.25,17.28125,3.6,0.0,0.0,53.0
17.6062,0x220,0.0,0.0,1.0,6.25,2.87,-1.22,17.0,17.34375,17.25,17.28125,3.6,0.0,0.0,53.0
17.60643,0x386,0.0,0.0,1.0,6.25,2.87,-1.22,17.28125,17.25,17.21875,17.4375,3.6,0.0,0.0,53.0
17.60738,0x316,0.0,0.0,1.0,6.25,2.87,-1.22,17.28125,17.25,17.21875,17.4375,3.6,0.0,0.0,53.0
17.60992,0x2B0,0.0,0.0,1.0,6.25,2.87,-1.22,17.28125,17.25,17.21875,17.4375,3.7,0.0,0.0,53.0
17.6162,0x220,0.0,0.0,1.0,6.25,2.75,-1.21,17.28125,17.25,17.21875,17.4375,3.7,0.0,0.0,53.0
17.61722,0x316,0.0,0.0,1.0,6.25,2.75,-1.21,17.28125,17.25,17.21875,17.4375,3.7,0.0,0.0,53.0
17.61993,0x2B0,0.0,0.0,1.0,6.25,2.75,-1.21,17.28125,17.25,17.21875,17.4375,3.7,0.0,0.0,53.0
17.62621,0x220,0.0,0.0,1.0,6.25,2.44,-1.04,17.28125,17.25,17.21875,17.4375,3.7,0.0,0.0,53.0
17.62645,0x386,0.0,0.0,1.0,6.25,2.44,-1.04,17.1875,17.25,17.15625,17.34375,3.7,0.0,0.0,53.0
17.62741,0x316,0.0,0.0,1.0,6.25,2.44,-1.04,17.1875,17.25,17.15625,17.34375,3.7,0.0,0.0,53.0
17.62992,0x2B0,0.0,0.0,1.0,6.25,2.44,-1.04,17.1875,17.25,17.15625,17.34375,3.7,0.0,0.0,53.0
17.63621,0x220,0.0,0.0,1.0,6.25,1.97,-0.8,17.1875,17.25,17.15625,17.34375,3.7,0.0,0.0,53.0
17.63731,0x316,0.0,0.0,1.0,6.25,1.97,-0.8,17.1875,17.25,17.15625,17.34375,3.7,0.0,0.0,53.0
17.63993,0x2B0,0.0,0.0,1.0,6.25,1.97,-0.8,17.1875,17.25,17.15625,17.34375,3.7,0.0,0.0,53.0
17.6462,0x220,0.0,0.0,1.0,6.25,1.54,-0.58,17.1875,17.25,17.15625,17.34375,3.7,0.0,0.0,53.0
17.64643,0x386,0.0,0.0,1.0,6.25,1.54,-0.58,17.3125,17.25,17.15625,17.03125,3.7,0.0,0.0,53.0
17.64738,0x316,0.0,0.0,1.0,6.25,1.54,-0.58,17.3125,17.25,17.15625,17.03125,3.7,0.0,0.0,53.0
17.64993,0x2B0,0.0,0.0,1.0,6.25,1.54,-0.58,17.3125,17.25,17.15625,17.03125,3.7,0.0,0.0,53.0
17.65622,0x220,0.0,0.0,1.0,6.25,1.3,-0.43,17.3125,17.25,17.15625,17.03125,3.7,0.0,0.0,53.0
17.65725,0x316,0.0,0.0,1.0,6.25,1.3,-0.43,17.3125,17.25,17.15625,17.03125,3.7,0.0,0.0,53.0
17.65994,0x2B0,0.0,0.0,1.0,6.25,1.3,-0.43,17.3125,17.25,17.15625,17.03125,3.7,0.0,0.0,53.0
17.66618,0x220,0.0,0.0,1.0,6.25,1.35,-0.35,17.3125,17.25,17.15625,17.03125,3.7,0.0,0.0,53.0
17.66642,0x386,0.0,0.0,1.0,6.25,1.35,-0.35,17.375,17.28125,17.0,16.8125,3.7,0.0,0.0,53.0
17.66766,0x316,0.0,0.0,1.0,6.25,1.35,-0.35,17.375,17.28125,17.0,16.8125,3.7,0.0,0.0,53.0
17.66994,0x2B0,0.0,0.0,1.0,6.25,1.35,-0.35,17.375,17.28125,17.0,16.8125,3.7,0.0,0.0,53.0
17.67621,0x220,0.0,0.0,1.0,6.25,1.6,-0.41,17.375,17.28125,17.0,16.8125,3.7,0.0,0.0,53.0
17.67769,0x316,0.0,0.0,1.0,6.25,1.6,-0.41,17.375,17.28125,17.0,16.8125,3.7,0.0,0.0,53.0
17.67994,0x2B0,0.0,0.0,1.0,6.25,1.6,-0.41,17.375,17.28125,17.0,16.8125,3.7,0.0,0.0,53.0
17.68621,0x220,0.0,0.0,1.0,6.25,1.8,-0.49,17.375,17.28125,17.0,16.8125,3.7,0.0,0.0,53.0
17.68644,0x386,0.0,0.0,1.0,6.25,1.8,-0.49,17.34375,17.25,16.96875,16.5,3.7,0.0,0.0,53.0
17.6874,0x316,0.0,0.0,1.0,6.25,1.8,-0.49,17.34375,17.25,16.96875,16.5,3.7,0.0,0.0,53.0
17.68995,0x2B0,0.0,0.0,1.0,6.25,1.8,-0.49,17.34375,17.25,16.96875,16.5,3.7,0.0,0.0,53.0
17.69621,0x220,0.0,0.0,1.0,6.25,1.75,-0.47,17.34375,17.25,16.96875,16.5,3.7,0.0,0.0,53.0
17.69732,0x316,0.0,0.0,1.0,6.25,1.75,-0.47,17.34375,17.25,16.96875,16.5,3.7,0.0,0.0,53.0
17.69995,0x2B0,0.0,0.0,1.0,6.25,1.75,-0.47,17.34375,17.25,16.96875,16.5,3.7,0.0,0.0,53.0
17.70621,0x220,0.0,0.0,1.0,6.25,1.48,-0.33,17.34375,17.25,16.96875,16.5,3.7,0.0,0.0,53.0
17.70644,0x386,0.0,0.0,1.0,6.25,1.48,-0.33,17.28125,17.25,16.96875,16.78125,3.7,0.0,0.0,53.0
17.7074,0x316,0.0,0.0,1.0,6.25,1.48,-0.33,17.28125,17.25,16.96875,16.78125,3.7,0.0,0.0,53.0
17.70994,0x2B0,0.0,0.0,1.0,6.25,1.48,-0.33,17.28125,17.25,16.96875,16.78125,3.7,0.0,0.0,53.0
17.71621,0x220,0.0,0.0,1.0,6.25,1.21,-0.24,17.28125,17.25,16.96875,16.78125,3.7,0.0,0.0,53.0
17.71729,0x316,0.0,0.0,1.0,6.25,1.21,-0.24,17.28125,17.25,16.96875,16.78125,3.7,0.0,0.0,53.0
17.71995,0x2B0,0.0,0.0,1.0,6.25,1.21,-0.24,17.28125,17.25,16.96875,16.78125,3.7,0.0,0.0,53.0
17.72621,0x220,0.0,0.0,1.0,6.25,1.03,-0.19,17.28125,17.25,16.96875,16.78125,3.7,0.0,0.0,53.0
17.72644,0x386,0.0,0.0,1.0,6.25,1.03,-0.19,17.1875,17.28125,17.15625,17.1875,3.7,0.0,0.0,53.0
17.72739,0x316,0.0,0.0,1.0,6.25,1.03,-0.19,17.1875,17.28125,17.15625,17.1875,3.7,0.0,0.0,53.0
17.72995,0x2B0,0.0,0.0,1.0,6.25,1.03,-0.19,17.1875,17.28125,17.15625,17.1875,3.7,0.0,0.0,53.0
17.73621,0x220,0.0,0.0,1.0,6.25,0.99,-0.12,17.1875,17.28125,17.15625,17.1875,3.7,0.0,0.0,53.0
17.73721,0x316,0.0,0.0,1.0,6.25,0.99,-0.12,17.1875,17.28125,17.15625,17.1875,3.7,0.0,0.0,53.0
17.73996,0x2B0,0.0,0.0,1.0,6.25,0.99,-0.12,17.1875,17.28125,17.15625,17.1875,3.7,0.0,0.0,53.0
17.7462,0x220,0.0,0.0,1.0,6.25,1.11,-0.03,17.1875,17.28125,17.15625,17.1875,3.7,0.0,0.0,53.0
17.74643,0x386,0.0,0.0,1.0,6.25,1.11,-0.03,17.28125,17.09375,17.21875,17.0625,3.7,0.0,0.0,53.0
17.74739,0x316,0.0,0.0,1.0,6.25,1.11,-0.03,17.28125,17.09375,17.21875,17.0625,3.7,0.0,0.0,53.0
17.74978,0x2B0,0.0,0.0,1.0,6.25,1.11,-0.03,17.28125,17.09375,17.21875,17.0625,3.7,0.0,0.0,53.0
17.75621,0x220,0.0,0.0,1.0,6.25,1.2,0.0,17.28125,17.09375,17.21875,17.0625,3.7,0.0,0.0,53.0
17.75731,0x316,0.0,0.0,1.0,6.25,1.2,0.0,17.28125,17.09375,17.21875,17.0625,3.7,0.0,0.0,53.0
17.75997,0x2B0,0.0,0.0,1.0,6.25,1.2,0.0,17.28125,17.09375,17.21875,17.0625,3.7,0.0,0.0,53.0
17.76619,0x220,0.0,0.0,1.0,6.25,1.17,0.01,17.28125,17.09375,17.21875,17.0625,3.7,0.0,0.0,53.0
17.76642,0x386,0.0,0.0,1.0,6.25,1.17,0.01,17.34375,17.28125,16.96875,17.125,3.7,0.0,0.0,53.0
17.76755,0x316,0.0,0.0,1.0,6.25,1.17,0.01,17.34375,17.28125,16.96875,17.125,3.7,0.0,0.0,53.0
17.76996,0x2B0,0.0,0.0,1.0,6.25,1.17,0.01,17.34375,17.28125,16.96875,17.125,3.7,0.0,0.0,53.0
17.77622,0x220,0.0,0.0,1.0,6.25,0.97,0.02,17.34375,17.28125,16.96875,17.125,3.7,0.0,0.0,53.0
17.77743,0x316,0.0,0.0,1.0,6.25,0.97,0.02,17.34375,17.28125,16.96875,17.125,3.7,0.0,0.0,53.0
17.77997,0x2B0,0.0,0.0,1.0,6.25,0.97,0.02,17.34375,17.28125,16.96875,17.125,3.5,8.0,0.0,53.0
17.78621,0x220,0.0,0.0,1.0,6.25,0.66,0.12,17.34375,17.28125,16.96875,17.125,3.5,8.0,0.0,53.0
17.78644,0x386,0.0,0.0,1.0,6.25,0.66,0.12,17.3125,17.28125,16.8125,17.09375,3.5,8.0,0.0,53.0
17.7874,0x316,0.0,0.0,1.0,6.25,0.66,0.12,17.3125,17.28125,16.8125,17.09375,3.5,8.0,0.0,53.0
17.78997,0x2B0,0.0,0.0,1.0,6.25,0.66,0.12,17.3125,17.28125,16.8125,17.09375,3.4,12.0,0.0,53.0
17.79621,0x220,0.0,0.0,1.0,6.25,0.45,0.2,17.3125,17.28125,16.8125,17.09375,3.4,12.0,0.0,53.0
17.79744,0x316,0.0,0.0,1.0,6.25,0.45,0.2,17.3125,17.28125,16.8125,17.09375,3.4,12.0,0.0,53.0
17.79997,0x2B0,0.0,0.0,1.0,6.25,0.45,0.2,17.3125,17.28125,16.8125,17.09375,3.2,12.0,0.0,53.0
17.80622,0x220,0.0,0.0,1.0,6.25,0.42,0.26,17.3125,17.28125,16.8125,17.09375,3.2,12.0,0.0,53.0
17.80645,0x386,0.0,0.0,1.0,6.25,0.42,0.26,17.28125,17.21875,16.90625,17.125,3.2,12.0,0.0,53.0
17.8074,0x316,0.0,0.0,1.0,6.25,0.42,0.26,17.28125,17.21875,16.90625,17.125,3.2,12.0,0.0,53.0
17.80999,0x2B0,0.0,0.0,1.0,6.25,0.42,0.26,17.28125,17.21875,16.90625,17.125,3.2,8.0,0.0,53.0
17.81621,0x220,0.0,0.0,1.0,6.25,0.55,0.38,17.28125,17.21875,16.90625,17.125,3.2,8.0,0.0,53.0
17.81722,0x316,0.0,0.0,1.0,6.25,0.55,0.38,17.28125,17.21875,16.90625,17.125,3.2,8.0,0.0,53.0
17.81998,0x2B0,0.0,0.0,1.0,6.25,0.55,0.38,17.28125,17.21875,16.90625,17.125,3.0,8.0,0.0,53.0
17.82622,0x220,0.0,0.0,1.0,6.25,0.72,0.49,17.28125,17.21875,16.90625,17.125,3.0,8.0,0.0,53.0
17.82646,0x386,0.0,0.0,1.0,6.25,0.72,0.49,17.28125,17.5,16.9375,17.4375,3.0,8.0,0.0,53.0
17.82742,0x316,0.0,0.0,1.0,6.25,0.72,0.49,17.28125,17.5,16.9375,17.4375,3.0,8.0,0.0,53.0
17.82999,0x2B0,0.0,0.0,1.0,6.25,0.72,0.49,17.28125,17.5,16.9375,17.4375,3.0,8.0,0.0,53.0
17.83621,0x220,0.0,0.0,1.0,6.25,0.73,0.58,17.28125,17.5,16.9375,17.4375,3.0,8.0,0.0,53.0
17.83731,0x316,0.0,0.0,1.0,6.25,0.73,0.58,17.28125,17.5,16.9375,17.4375,3.0,8.0,0.0,54.0
17.83999,0x2B0,0.0,0.0,1.0,6.25,0.73,0.58,17.28125,17.5,16.9375,17.4375,2.8,8.0,0.0,54.0
17.84621,0x220,0.0,0.0,1.0,6.25,0.53,0.69,17.28125,17.5,16.9375,17.4375,2.8,8.0,0.0,54.0
17.84644,0x386,0.0,0.0,1.0,6.25,0.53,0.69,17.28125,17.3125,17.03125,17.40625,2.8,8.0,0.0,54.0
17.8474,0x316,0.0,0.0,1.0,6.25,0.53,0.69,17.28125,17.3125,17.03125,17.40625,2.8,8.0,0.0,54.0
17.84971,0x2B0,0.0,0.0,1.0,6.25,0.53,0.69,17.28125,17.3125,17.03125,17.40625,2.8,8.0,0.0,54.0
17.85621,0x220,0.0,0.0,1.0,6.25,0.3,0.88,17.28125,17.3125,17.03125,17.40625,2.8,8.0,0.0,54.0
17.85725,0x316,0.0,0.0,1.0,6.25,0.3,0.88,17.28125,17.3125,17.03125,17.40625,2.8,8.0,0.0,54.0
17.86,0x2B0,0.0,0.0,1.0,6.25,0.3,0.88,17.28125,17.3125,17.03125,17.40625,2.8,0.0,0.0,54.0
17.86618,0x220,0.0,0.0,1.0,6.25,0.28,1.04,17.28125,17.3125,17.03125,17.40625,2.8,0.0,0.0,54.0
17.86641,0x386,0.0,0.0,1.0,6.25,0.28,1.04,17.4375,17.25,17.125,17.09375,2.8,0.0,0.0,54.0
17.86766,0x316,0.0,0.0,1.0,6.25,0.28,1.04,17.4375,17.25,17.125,17.09375,2.8,0.0,0.0,54.0
17.87,0x2B0,0.0,0.0,1.0,6.25,0.28,1.04,17.4375,17.25,17.125,17.09375,2.7,0.0,0.0,54.0
17.87621,0x220,0.0,0.0,1.0,6.25,0.66,1.02,17.4375,17.25,17.125,17.09375,2.7,0.0,0.0,54.0
17.87771,0x316,0.0,0.0,1.0,6.25,0.66,1.02,17.4375,17.25,17.125,17.09375,2.7,0.0,0.0,54.0
17.87975,0x2B0,0.0,0.0,1.0,6.25,0.66,1.02,17.4375,17.25,17.125,17.09375,2.7,0.0,0.0,54.0
17.88621,0x220,0.0,0.0,1.0,6.25,1.3,0.73,17.4375,17.25,17.125,17.09375,2.7,0.0,0.0,54.0
17.88643,0x386,0.0,0.0,1.0,6.25,1.3,0.73,17.3125,17.5625,17.375,17.125,2.7,0.0,0.0,54.0
17.88739,0x316,0.0,0.0,1.0,6.25,1.3,0.73,17.3125,17.5625,17.375,17.125,2.7,0.0,0.0,55.0
17.89,0x2B0,0.0,0.0,1.0,6.25,1.3,0.73,17.3125,17.5625,17.375,17.125,2.6,0.0,0.0,55.0
17.89622,0x220,0.0,0.0,1.0,6.25,1.86,0.38,17.3125,17.5625,17.375,17.125,2.6,0.0,0.0,55.0
17.89736,0x316,0.0,0.0,1.0,6.25,1.86,0.38,17.3125,17.5625,17.375,17.125,2.6,0.0,0.0,55.0
17.89972,0x2B0,0.0,0.0,1.0,6.25,1.86,0.38,17.3125,17.5625,17.375,17.125,2.6,0.0,0.0,55.0
17.90621,0x220,0.0,0.0,1.0,6.25,2.19,0.31,17.3125,17.5625,17.375,17.125,2.6,0.0,0.0,55.0
17.90644,0x386,0.0,0.0,1.0,6.25,2.19,0.31,17.34375,17.5,17.0625,17.125,2.6,0.0,0.0,55.0
17.90739,0x316,0.0,0.0,1.0,6.25,2.19,0.31,17.34375,17.5,17.0625,17.125,2.6,0.0,0.0,55.0
17.90972,0x2B0,0.0,0.0,1.0,6.25,2.19,0.31,17.34375,17.5,17.0625,17.125,2.6,0.0,0.0,55.0
17.91621,0x220,0.0,0.0,1.0,6.25,2.38,0.54,17.34375,17.5,17.0625,17.125,2.6,0.0,0.0,55.0
17.91728,0x316,0.0,0.0,1.0,6.25,2.38,0.54,17.34375,17.5,17.0625,17.125,2.6,0.0,0.0,55.0
17.91975,0x2B0,0.0,0.0,1.0,6.25,2.38,0.54,17.34375,17.5,17.0625,17.125,2.6,0.0,0.0,55.0
17.92622,0x220,0.0,0.0,1.0,6.25,2.44,0.69,17.34375,17.5,17.0625,17.125,2.6,0.0,0.0,55.0
17.92644,0x386,0.0,0.0,1.0,6.25,2.44,0.69,17.375,17.625,16.78125,16.8125,2.6,0.0,0.0,55.0
17.9274,0x316,0.0,0.0,1.0,6.25,2.44,0.69,17.375,17.625,16.78125,16.8125,2.6,0.0,0.0,55.0
17.92975,0x2B0,0.0,0.0,1.0,6.25,2.44,0.69,17.375,17.625,16.78125,16.8125,2.6,0.0,0.0,55.0
17.93622,0x220,0.0,0.0,1.0,6.25,2.43,0.44,17.375,17.625,16.78125,16.8125,2.6,0.0,0.0,55.0
17.93722,0x316,0.0,0.0,1.0,6.25,2.43,0.44,17.375,17.625,16.78125,16.8125,2.6,0.0,0.0,55.0
17.93975,0x2B0,0.0,0.0,1.0,6.25,2.43,0.44,17.375,17.625,16.78125,16.8125,2.5,0.0,0.0,55.0
17.94622,0x220,0.0,0.0,1.0,6.25,2.28,-0.01,17.375,17.625,16.78125,16.8125,2.5,0.0,0.0,55.0
17.94645,0x386,0.0,0.0,1.0,6.25,2.28,-0.01,17.59375,17.5625,17.0,16.75,2.5,0.0,0.0,55.0
17.9474,0x316,0.0,0.0,1.0,6.25,2.28,-0.01,17.59375,17.5625,17.0,16.75,2.5,0.0,0.0,55.0
17.9497,0x2B0,0.0,0.0,1.0,6.25,2.28,-0.01,17.59375,17.5625,17.0,16.75,2.5,0.0,0.0,55.0
17.95622,0x220,0.0,0.0,1.0,6.25,1.99,-0.26,17.59375,17.5625,17.0,16.75,2.5,0.0,0.0,55.0
17.9573,0x316,0.0,0.0,1.0,6.25,1.99,-0.26,17.59375,17.5625,17.0,16.75,2.5,0.0,0.0,55.0
17.9597,0x2B0,0.0,0.0,1.0,6.25,1.99,-0.26,17.59375,17.5625,17.0,16.75,2.5,0.0,0.0,55.0
17.96619,0x220,0.0,0.0,1.0,6.25,1.66,-0.23,17.59375,17.5625,17.0,16.75,2.5,0.0,0.0,55.0
17.96643,0x386,0.0,0.0,1.0,6.25,1.66,-0.23,17.5,17.5625,17.0625,17.0625,2.5,0.0,0.0,55.0
17.96751,0x316,0.0,0.0,1.0,6.25,1.66,-0.23,17.5,17.5625,17.0625,17.0625,2.5,0.0,0.0,55.0
17.96969,0x2B0,0.0,0.0,1.0,6.25,1.66,-0.23,17.5,17.5625,17.0625,17.0625,2.5,0.0,0.0,55.0
17.97622,0x220,0.0,0.0,1.0,6.25,1.43,-0.08,17.5,17.5625,17.0625,17.0625,2.5,0.0,0.0,55.0
17.97742,0x316,0.0,0.0,1.0,6.25,1.43,-0.08,17.5,17.5625,17.0625,17.0625,2.5,0.0,0.0,55.0
17.97971,0x2B0,0.0,0.0,1.0,6.25,1.43,-0.08,17.5,17.5625,17.0625,17.0625,2.5,0.0,0.0,55.0
17.98622,0x220,0.0,0.0,1.0,6.25,1.33,-0.01,17.5,17.5625,17.0625,17.0625,2.5,0.0,0.0,55.0
17.98645,0x386,0.0,0.0,1.0,6.25,1.33,-0.01,17.5,17.53125,17.34375,17.625,2.5,0.0,0.0,55.0
17.9874,0x316,0.0,0.0,1.0,6.25,1.33,-0.01,17.5,17.53125,17.34375,17.625,2.5,0.0,0.0,55.0
17.9897,0x2B0,0.0,0.0,1.0,6.25,1.33,-0.01,17.5,17.53125,17.34375,17.625,2.5,0.0,0.0,55.0
17.99621,0x220,0.0,0.0,1.0,6.25,1.43,0.0,17.5,17.53125,17.34375,17.625,2.5,0.0,0.0,55.0
17.99747,0x316,0.0,0.0,1.0,6.25,1.43,0.0,17.5,17.53125,17.34375,17.625,2.5,0.0,0.0,55.0
17.9997,0x2B0,0.0,0.0,1.0,6.25,1.43,0.0,17.5,17.53125,17.34375,17.625,2.5,0.0,0.0,55.0
18.00622,0x220,0.0,0.0,1.0,6.25,1.69,0.08,17.5,17.53125,17.34375,17.625,2.5,0.0,0.0,55.0
18.00645,0x386,0.0,0.0,1.0,6.25,1.69,0.08,17.5625,17.34375,17.53125,17.5,2.5,0.0,0.0,55.0
18.00741,0x316,0.0,0.0,1.0,6.25,1.69,0.08,17.5625,17.34375,17.53125,17.5,2.5,0.0,0.0,55.0
18.0097,0x2B0,0.0,0.0,1.0,6.25,1.69,0.08,17.5625,17.34375,17.53125,17.5,2.5,0.0,0.0,55.0
18.01621,0x220,0.0,0.0,1.0,6.25,1.99,0.12,17.5625,17.34375,17.53125,17.5,2.5,0.0,0.0,55.0
18.01722,0x316,0.0,0.0,1.0,6.25,1.99,0.12,17.5625,17.34375,17.53125,17.5,2.5,0.0,0.0,55.0
18.0197,0x2B0,0.0,0.0,1.0,6.25,1.99,0.12,17.5625,17.34375,17.53125,17.5,2.5,0.0,0.0,55.0
18.02622,0x220,0.0,0.0,1.0,6.25,2.13,0.04,17.5625,17.34375,17.53125,17.5,2.5,0.0,0.0,55.0
18.02645,0x386,0.0,0.0,1.0,6.25,2.13,0.04,17.5625,17.34375,17.5,17.5,2.5,0.0,0.0,55.0
18.02741,0x316,0.0,0.0,1.0,6.25,2.13,0.04,17.5625,17.34375,17.5,17.5,2.5,0.0,0.0,55.0
18.02969,0x2B0,0.0,0.0,1.0,6.25,2.13,0.04,17.5625,17.34375,17.5,17.5,2.5,0.0,0.0,55.0
18.03621,0x220,0.0,0.0,1.0,6.25,1.95,0.0,17.5625,17.34375,17.5,17.5,2.5,0.0,0.0,55.0
18.03731,0x316,0.0,0.0,1.0,6.25,1.95,0.0,17.5625,17.34375,17.5,17.5,2.5,0.0,0.0,55.0
18.0398,0x2B0,0.0,0.0,1.0,6.25,1.95,0.0,17.5625,17.34375,17.5,17.5,2.5,0.0,0.0,55.0
18.04621,0x220,0.0,0.0,1.0,6.25,1.58,0.02,17.5625,17.34375,17.5,17.5,2.5,0.0,0.0,55.0
18.04644,0x386,0.0,0.0,1.0,6.25,1.58,0.02,17.375,17.5,17.5,17.6875,2.5,0.0,0.0,55.0
18.04739,0x316,0.0,0.0,1.0,6.25,1.58,0.02,17.375,17.5,17.5,17.6875,2.5,0.0,0.0,55.0
18.04975,0x2B0,0.0,0.0,1.0,6.25,1.58,0.02,17.375,17.5,17.5,17.6875,2.6,0.0,0.0,55.0
18.05622,0x220,0.0,0.0,1.0,6.25,1.24,0.12,17.375,17.5,17.5,17.6875,2.6,0.0,0.0,55.0
18.05726,0x316,0.0,0.0,1.0,6.25,1.24,0.12,17.375,17.5,17.5,17.6875,2.6,0.0,0.0,55.0
18.05971,0x2B0,0.0,0.0,1.0,6.25,1.24,0.12,17.375,17.5,17.5,17.6875,2.6,0.0,0.0,55.0
18.06619,0x220,0.0,0.0,1.0,6.25,1.14,0.21,17.375,17.5,17.5,17.6875,2.6,0.0,0.0,55.0
18.06642,0x386,0.0,0.0,1.0,6.25,1.14,0.21,17.71875,17.5,17.25,17.53125,2.6,0.0,0.0,55.0
18.06756,0x316,0.0,0.0,1.0,6.25,1.14,0.21,17.71875,17.5,17.25,17.53125,2.6,0.0,0.0,55.0
18.06972,0x2B0,0.0,0.0,1.0,6.25,1.14,0.21,17.71875,17.5,17.25,17.53125,2.6,0.0,0.0,55.0
18.07622,0x220,0.0,0.0,1.0,6.25,1.39,0.28,17.71875,17.5,17.25,17.53125,2.6,0.0,0.0,55.0
18.07773,0x316,0.0,0.0,1.0,6.25,1.39,0.28,17.71875,17.5,17.25,17.53125,2.6,0.0,0.0,55.0
18.07972,0x2B0,0.0,0.0,1.0,6.25,1.39,0.28,17.71875,17.5,17.25,17.53125,2.6,0.0,0.0,55.0
18.08621,0x220,0.0,0.0,1.0,6.25,1.76,0.26,17.71875,17.5,17.25,17.53125,2.6,0.0,0.0,55.0
18.08644,0x386,0.0,0.0,1.0,6.25,1.76,0.26,17.4375,17.53125,17.09375,17.5,2.6,0.0,0.0,55.0
18.0874,0x316,0.0,0.0,1.0,6.25,1.76,0.26,17.4375,17.53125,17.09375,17.5,2.6,0.0,0.0,56.0
18.08972,0x2B0,0.0,0.0,1.0,6.25,1.76,0.26,17.4375,17.53125,17.09375,17.5,2.6,0.0,0.0,56.0
18.09622,0x220,0.0,0.0,1.0,6.25,2.05,0.18,17.4375,17.53125,17.09375,17.5,2.6,0.0,0.0,56.0
18.09738,0x316,0.0,0.0,1.0,6.25,2.05,0.18,17.4375,17.53125,17.09375,17.5,2.6,0.0,0.0,56.0
18.09972,0x2B0,0.0,0.0,1.0,6.25,2.05,0.18,17.4375,17.53125,17.09375,17.5,2.6,0.0,0.0,56.0
18.10622,0x220,0.0,0.0,1.0,6.25,2.12,0.17,17.4375,17.53125,17.09375,17.5,2.6,0.0,0.0,56.0
18.10645,0x386,0.0,0.0,1.0,6.25,2.12,0.17,17.65625,17.75,17.125,17.28125,2.6,0.0,0.0,56.0
18.10742,0x316,0.0,0.0,1.0,6.25,2.12,0.17,17.65625,17.75,17.125,17.28125,2.6,0.0,0.0,56.0
18.1097,0x2B0,0.0,0.0,1.0,6.25,2.12,0.17,17.65625,17.75,17.125,17.28125,2.6,0.0,0.0,56.0
18.11622,0x220,0.0,0.0,1.0,6.25,2.07,0.28,17.65625,17.75,17.125,17.28125,2.6,0.0,0.0,56.0
18.11731,0x316,0.0,0.0,1.0,6.25,2.07,0.28,17.65625,17.75,17.125,17.28125,2.6,0.0,0.0,56.0
18.1197,0x2B0,0.0,0.0,1.0,6.25,2.07,0.28,17.65625,17.75,17.125,17.28125,2.6,0.0,0.0,56.0
18.12623,0x220,0.0,0.0,1.0,6.25,2.08,0.45,17.65625,17.75,17.125,17.28125,2.6,0.0,0.0,56.0
18.12646,0x386,0.0,0.0,1.0,6.25,2.08,0.45,17.65625,17.5625,16.90625,17.4375,2.6,0.0,0.0,56.0
18.12742,0x316,0.0,0.0,1.0,6.25,2.08,0.45,17.65625,17.5625,16.90625,17.4375,2.6,0.0,0.0,56.0
18.1297,0x2B0,0.0,0.0,1.0,6.25,2.08,0.45,17.65625,17.5625,16.90625,17.4375,2.6,0.0,0.0,56.0
18.13622,0x220,0.0,0.0,1.0,6.25,2.22,0.42,17.65625,17.5625,16.90625,17.4375,2.6,0.0,0.0,56.0
18.13725,0x316,0.0,0.0,1.0,6.25,2.22,0.42,17.65625,17.5625,16.90625,17.4375,2.6,0.0,0.0,56.0
18.1397,0x2B0,0.0,0.0,1.0,6.25,2.22,0.42,17.65625,17.5625,16.90625,17.4375,2.6,0.0,0.0,56.0
18.14623,0x220,0.0,0.0,1.0,6.25,2.42,0.13,17.65625,17.5625,16.90625,17.4375,2.6,0.0,0.0,56.0
18.14646,0x386,0.0,0.0,1.0,6.25,2.42,0.13,17.65625,17.75,17.125,17.4375,2.6,0.0,0.0,56.0
18.14742,0x316,0.0,0.0,1.0,6.25,2.42,0.13,17.65625,17.75,17.125,17.4375,2.6,0.0,0.0,56.0
18.1497,0x2B0,0.0,0.0,1.0,6.25,2.42,0.13,17.65625,17.75,17.125,17.4375,2.6,0.0,0.0,56.0
18.15622,0x220,0.0,0.0,1.0,6.25,2.5,-0.09,17.65625,17.75,17.125,17.4375,2.6,0.0,0.0,56.0
18.15739,0x316,0.0,0.0,1.0,6.25,2.5,-0.09,17.65625,17.75,17.125,17.4375,2.6,0.0,0.0,56.0
18.1597,0x2B0,0.0,0.0,1.0,6.25,2.5,-0.09,17.65625,17.75,17.125,17.4375,2.6,0.0,0.0,56.0
18.1662,0x220,0.0,0.0,1.0,6.25,2.38,0.0,17.65625,17.75,17.125,17.4375,2.6,0.0,0.0,56.0
18.16643,0x386,0.0,0.0,1.0,6.25,2.38,0.0,17.53125,17.53125,17.46875,17.3125,2.6,0.0,0.0,56.0
18.16749,0x316,0.0,0.0,1.0,6.25,2.38,0.0,17.53125,17.53125,17.46875,17.3125,2.6,0.0,0.0,56.0
18.16971,0x2B0,0.0,0.0,1.0,6.25,2.38,0.0,17.53125,17.53125,17.46875,17.3125,2.6,0.0,0.0,56.0
18.17622,0x220,0.0,0.0,1.0,6.25,2.21,0.36,17.53125,17.53125,17.46875,17.3125,2.6,0.0,0.0,56.0
18.17753,0x316,0.0,0.0,1.0,6.25,2.21,0.36,17.53125,17.53125,17.46875,17.3125,2.6,0.0,0.0,56.0
18.17971,0x2B0,0.0,0.0,1.0,6.25,2.21,0.36,17.53125,17.53125,17.46875,17.3125,2.6,0.0,0.0,56.0
18.18622,0x220,0.0,0.0,1.0,6.25,2.1,0.53,17.53125,17.53125,17.46875,17.3125,2.6,0.0,0.0,56.0
18.18645,0x386,0.0,0.0,1.0,6.25,2.1,0.53,17.5625,17.65625,17.25,17.71875,2.6,0.0,0.0,56.0
18.1874,0x316,0.0,0.0,1.0,6.25,2.1,0.53,17.5625,17.65625,17.25,17.71875,2.6,0.0,0.0,56.0
18.18969,0x2B0,0.0,0.0,1.0,6.25,2.1,0.53,17.5625,17.65625,17.25,17.71875,2.6,0.0,0.0,56.0
18.19621,0x220,0.0,0.0,1.0,6.25,2.04,0.3,17.5625,17.65625,17.25,17.71875,2.6,0.0,0.0,56.0
18.19747,0x316,0.0,0.0,1.0,6.25,2.04,0.3,17.5625,17.65625,17.25,17.71875,2.6,0.0,0.0,56.0
18.19967,0x2B0,0.0,0.0,1.0,6.25,2.04,0.3,17.5625,17.65625,17.25,17.71875,2.6,0.0,0.0,56.0
18.20622,0x220,0.0,0.0,1.0,6.25,1.98,-0.04,17.5625,17.65625,17.25,17.71875,2.6,0.0,0.0,56.0
18.20645,0x386,0.0,0.0,1.0,6.25,1.98,-0.04,17.59375,17.65625,17.21875,17.9375,2.6,0.0,0.0,56.0
18.2074,0x316,0.0,0.0,1.0,6.25,1.98,-0.04,17.59375,17.65625,17.21875,17.9375,2.6,0.0,0.0,56.0
18.20969,0x2B0,0.0,0.0,1.0,6.25,1.98,-0.04,17.59375,17.65625,17.21875,17.9375,2.6,0.0,0.0,56.0
18.21623,0x220,0.0,0.0,1.0,6.25,1.85,-0.15,17.59375,17.65625,17.21875,17.9375,2.6,0.0,0.0,56.0
18.21723,0x316,0.0,0.0,1.0,6.25,1.85,-0.15,17.59375,17.65625,17.21875,17.9375,2.6,0.0,0.0,56.0
18.21975,0x2B0,0.0,0.0,1.0,6.25,1.85,-0.15,17.59375,17.65625,17.21875,17.9375,2.6,0.0,0.0,56.0
18.22623,0x220,0.0,0.0,1.0,6.25,1.68,0.11,17.59375,17.65625,17.21875,17.9375,2.6,0.0,0.0,56.0
18.22646,0x386,0.0,0.0,1.0,6.25,1.68,0.11,17.65625,17.5625,17.40625,18.0,2.6,0.0,0.0,56.0
18.22741,0x316,0.0,0.0,1.0,6.25,1.68,0.11,17.65625,17.5625,17.40625,18.0,2.6,0.0,0.0,56.0
18.22975,0x2B0,0.0,0.0,1.0,6.25,1.68,0.11,17.65625,17.5625,17.40625,18.0,2.6,0.0,0.0,56.0
18.23622,0x220,0.0,0.0,1.0,6.25,1.43,0.55,17.65625,17.5625,17.40625,18.0,2.6,0.0,0.0,56.0
18.23727,0x316,0.0,0.0,1.0,6.25,1.43,0.55,17.65625,17.5625,17.40625,18.0,2.6,0.0,0.0,56.0
18.23974,0x2B0,0.0,0.0,1.0,6.25,1.43,0.55,17.65625,17.5625,17.40625,18.0,2.6,0.0,0.0,56.0
18.24622,0x220,0.0,0.0,1.0,6.25,1.21,0.82,17.65625,17.5625,17.40625,18.0,2.6,0.0,0.0,56.0
18.24645,0x386,0.0,0.0,1.0,6.25,1.21,0.82,17.65625,17.71875,17.4375,17.75,2.6,0.0,0.0,56.0
18.2474,0x316,0.0,0.0,1.0,6.25,1.21,0.82,17.65625,17.71875,17.4375,17.75,2.6,0.0,0.0,56.0
18.24973,0x2B0,0.0,0.0,1.0,6.25,1.21,0.82,17.65625,17.71875,17.4375,17.75,2.5,0.0,0.0,56.0
18.25623,0x220,0.0,0.0,1.0,6.25,1.17,0.85,17.65625,17.71875,17.4375,17.75,2.5,0.0,0.0,56.0
18.25727,0x316,0.0,0.0,1.0,6.25,1.17,0.85,17.65625,17.71875,17.4375,17.75,2.5,0.0,0.0,56.0
18.25969,0x2B0,0.0,0.0,1.0,6.25,1.17,0.85,17.65625,17.71875,17.4375,17.75,2.5,0.0,0.0,56.0
18.2662,0x220,0.0,0.0,1.0,6.25,1.36,0.79,17.65625,17.71875,17.4375,17.75,2.5,0.0,0.0,56.0
18.26644,0x386,0.0,0.0,1.0,6.25,1.36,0.79,17.65625,17.75,17.0625,17.4375,2.5,0.0,0.0,56.0
18.2675,0x316,0.0,0.0,1.0,6.25,1.36,0.79,17.65625,17.75,17.0625,17.4375,2.5,0.0,0.0,56.0
18.2697,0x2B0,0.0,0.0,1.0,6.25,1.36,0.79,17.65625,17.75,17.0625,17.4375,2.5,0.0,0.0,56.0
18.27622,0x220,0.0,0.0,1.0,6.25,1.77,0.74,17.65625,17.75,17.0625,17.4375,2.5,0.0,0.0,56.0
18.27769,0x316,0.0,0.0,1.0,6.25,1.77,0.74,17.65625,17.75,17.0625,17.4375,2.5,0.0,0.0,56.0
18.27971,0x2B0,0.0,0.0,1.0,6.25,1.77,0.74,17.65625,17.75,17.0625,17.4375,2.5,0.0,0.0,56.0
18.28623,0x220,0.0,0.0,1.0,6.25,2.22,0.69,17.65625,17.75,17.0625,17.4375,2.5,0.0,0.0,56.0
18.28646,0x386,0.0,0.0,1.0,6.25,2.22,0.69,17.625,17.8125,17.09375,17.1875,2.5,0.0,0.0,56.0
18.28741,0x316,0.0,0.0,1.0,6.25,2.22,0.69,17.625,17.8125,17.09375,17.1875,2.5,0.0,0.0,56.0
18.2897,0x2B0,0.0,0.0,1.0,6.25,2.22,0.69,17.625,17.8125,17.09375,17.1875,2.5,0.0,0.0,56.0
18.29623,0x220,0.0,0.0,1.0,6.25,2.53,0.58,17.625,17.8125,17.09375,17.1875,2.5,0.0,0.0,56.0
18.29736,0x316,0.0,0.0,1.0,6.25,2.53,0.58,17.625,17.8125,17.09375,17.1875,2.5,0.0,0.0,56.0
18.29971,0x2B0,0.0,0.0,1.0,6.25,2.53,0.58,17.625,17.8125,17.09375,17.1875,2.5,0.0,0.0,56.0
18.30622,0x220,0.0,0.0,1.0,6.25,2.55,0.37,17.625,17.8125,17.09375,17.1875,2.5,0.0,0.0,56.0
18.30646,0x386,0.0,0.0,1.0,6.25,2.55,0.37,17.59375,17.75,17.59375,17.3125,2.5,0.0,0.0,56.0
18.30741,0x316,0.0,0.0,1.0,6.25,2.55,0.37,17.59375,17.75,17.59375,17.3125,2.5,0.0,0.0,56.0
18.3097,0x2B0,0.0,0.0,1.0,6.25,2.55,0.37,17.59375,17.75,17.59375,17.3125,2.5,0.0,0.0,56.0
18.31622,0x220,0.0,0.0,1.0,6.25,2.32,0.26,17.59375,17.75,17.59375,17.3125,2.5,0.0,0.0,56.0
18.31728,0x316,0.0,0.0,1.0,6.25,2.32,0.26,17.59375,17.75,17.59375,17.3125,2.5,0.0,0.0,56.0
18.3197,0x2B0,0.0,0.0,1.0,6.25,2.32,0.26,17.59375,17.75,17.59375,17.3125,2.5,0.0,0.0,56.0
18.32623,0x220,0.0,0.0,1.0,6.25,2.04,0.3,17.59375,17.75,17.59375,17.3125,2.5,0.0,0.0,56.0
18.32646,0x386,0.0,0.0,1.0,6.25,2.04,0.3,17.65625,17.625,17.4375,17.6875,2.5,0.0,0.0,56.0
18.32742,0x316,0.0,0.0,1.0,6.25,2.04,0.3,17.65625,17.625,17.4375,17.6875,2.5,0.0,0.0,56.0
18.3297,0x2B0,0.0,0.0,1.0,6.25,2.04,0.3,17.65625,17.625,17.4375,17.6875,2.5,0.0,0.0,56.0
18.33622,0x220,0.0,0.0,1.0,6.25,1.93,0.26,17.65625,17.625,17.4375,17.6875,2.5,0.0,0.0,56.0
18.33723,0x316,0.0,0.0,1.0,6.25,1.93,0.26,17.65625,17.625,17.4375,17.6875,2.5,0.0,0.0,56.0
18.33971,0x2B0,0.0,0.0,1.0,6.25,1.93,0.26,17.65625,17.625,17.4375,17.6875,2.5,0.0,0.0,56.0
18.34622,0x220,0.0,0.0,1.0,6.25,2.02,0.09,17.65625,17.625,17.4375,17.6875,2.5,0.0,0.0,56.0
18.34645,0x386,0.0,0.0,1.0,6.25,2.02,0.09,17.65625,17.84375,16.96875,17.5625,2.5,0.0,0.0,56.0
18.3474,0x316,0.0,0.0,1.0,6.25,2.02,0.09,17.65625,17.84375,16.96875,17.5625,2.5,0.0,0.0,56.0
18.3497,0x2B0,0.0,0.0,1.0,6.25,2.02,0.09,17.65625,17.84375,16.96875,17.5625,2.5,0.0,0.0,56.0
18.35622,0x220,0.0,0.0,1.0,6.25,2.23,-0.13,17.65625,17.84375,16.96875,17.5625,2.5,0.0,0.0,56.0
18.35731,0x316,0.0,0.0,1.0,6.25,2.23,-0.13,17.65625,17.84375,16.96875,17.5625,2.5,0.0,0.0,56.0
18.35975,0x2B0,0.0,0.0,1.0,6.25,2.23,-0.13,17.65625,17.84375,16.96875,17.5625,2.5,0.0,0.0,56.0
18.3662,0x220,0.0,0.0,1.0,6.25,2.4,-0.28,17.65625,17.84375,16.96875,17.5625,2.5,0.0,0.0,56.0
18.36643,0x386,0.0,0.0,1.0,6.25,2.4,-0.28,17.59375,17.625,16.9375,16.65625,2.5,0.0,0.0,56.0
18.36757,0x316,0.0,0.0,1.0,6.25,2.4,-0.28,17.59375,17.625,16.9375,16.65625,2.5,0.0,0.0,56.0
18.36976,0x2B0,0.0,0.0,1.0,6.25,2.4,-0.28,17.59375,17.625,16.9375,16.65625,2.5,0.0,0.0,56.0
18.37624,0x220,0.0,0.0,1.0,6.25,2.37,-0.16,17.59375,17.625,16.9375,16.65625,2.5,0.0,0.0,56.0
18.37744,0x316,0.0,0.0,1.0,6.25,2.37,-0.16,17.59375,17.625,16.9375,16.65625,2.5,0.0,0.0,56.0
18.37975,0x2B0,0.0,0.0,1.0,6.25,2.37,-0.16,17.59375,17.625,16.9375,16.65625,2.5,0.0,0.0,56.0
18.38622,0x220,0.0,0.0,1.0,6.25,2.18,0.08,17.59375,17.625,16.9375,16.65625,2.5,0.0,0.0,56.0
18.38645,0x386,0.0,0.0,1.0,6.25,2.18,0.08,17.65625,17.65625,16.75,16.5625,2.5,0.0,0.0,56.0
18.38741,0x316,0.0,0.0,1.0,6.25,2.18,0.08,17.65625,17.65625,16.75,16.5625,2.5,0.0,0.0,56.0
18.38974,0x2B0,0.0,0.0,1.0,6.25,2.18,0.08,17.65625,17.65625,16.75,16.5625,2.4,0.0,0.0,56.0
18.39623,0x220,0.0,0.0,1.0,6.25,1.92,0.13,17.65625,17.65625,16.75,16.5625,2.4,0.0,0.0,56.0
18.39747,0x316,0.0,0.0,1.0,6.25,1.92,0.13,17.65625,17.65625,16.75,16.5625,2.4,0.0,0.0,56.0
18.39969,0x2B0,0.0,0.0,1.0,6.25,1.92,0.13,17.65625,17.65625,16.75,16.5625,2.4,0.0,0.0,56.0
18.40622,0x220,0.0,0.0,1.0,6.25,1.62,-0.07,17.65625,17.65625,16.75,16.5625,2.4,0.0,0.0,56.0
18.40645,0x386,0.0,0.0,1.0,6.25,1.62,-0.07,17.53125,17.53125,16.75,17.3125,2.4,0.0,0.0,56.0
18.40741,0x316,0.0,0.0,1.0,6.25,1.62,-0.07,17.53125,17.53125,16.75,17.3125,2.4,0.0,0.0,56.0
18.40969,0x2B0,0.0,0.0,1.0,6.25,1.62,-0.07,17.53125,17.53125,16.75,17.3125,2.4,0.0,0.0,56.0
18.41623,0x220,0.0,0.0,1.0,6.25,1.38,-0.38,17.53125,17.53125,16.75,17.3125,2.4,0.0,0.0,56.0
18.41724,0x316,0.0,0.0,1.0,6.25,1.38,-0.38,17.53125,17.53125,16.75,17.3125,2.4,0.0,0.0,56.0
18.41969,0x2B0,0.0,0.0,1.0,6.25,1.38,-0.38,17.53125,17.53125,16.75,17.3125,2.4,0.0,0.0,56.0
18.42623,0x220,0.0,0.0,1.0,6.25,1.34,-0.49,17.53125,17.53125,16.75,17.3125,2.4,0.0,0.0,56.0
18.42646,0x386,0.0,0.0,1.0,6.25,1.34,-0.49,17.59375,17.46875,17.0625,18.09375,2.4,0.0,0.0,56.0
18.42742,0x316,0.0,0.0,1.0,6.25,1.34,-0.49,17.59375,17.46875,17.0625,18.09375,2.4,0.0,0.0,56.0
18.42976,0x2B0,0.0,0.0,1.0,6.25,1.34,-0.49,17.59375,17.46875,17.0625,18.09375,2.4,0.0,0.0,56.0
18.43622,0x220,0.0,0.0,1.0,6.25,1.5,-0.37,17.59375,17.46875,17.0625,18.09375,2.4,0.0,0.0,56.0
18.43726,0x316,0.0,0.0,1.0,6.25,1.5,-0.37,17.59375,17.46875,17.0625,18.09375,2.4,0.0,0.0,56.0
18.43972,0x2B0,0.0,0.0,1.0,6.25,1.5,-0.37,17.59375,17.46875,17.0625,18.09375,2.5,0.0,0.0,56.0
18.44622,0x220,0.0,0.0,1.0,6.25,1.81,-0.08,17.59375,17.46875,17.0625,18.09375,2.5,0.0,0.0,56.0
18.44645,0x386,0.0,0.0,1.0,6.25,1.81,-0.08,17.3125,17.40625,17.25,17.78125,2.5,0.0,0.0,56.0
18.44741,0x316,0.0,0.0,1.0,6.25,1.81,-0.08,17.3125,17.40625,17.25,17.78125,2.5,0.0,0.0,56.0
18.44969,0x2B0,0.0,0.0,1.0,6.25,1.81,-0.08,17.3125,17.40625,17.25,17.78125,2.5,0.0,0.0,56.0
18.45623,0x220,0.0,0.0,1.0,6.25,2.16,0.13,17.3125,17.40625,17.25,17.78125,2.5,0.0,0.0,56.0
18.45725,0x316,0.0,0.0,1.0,6.25,2.16,0.13,17.3125,17.40625,17.25,17.78125,2.5,0.0,0.0,55.0
18.45968,0x2B0,0.0,0.0,1.0,6.25,2.16,0.13,17.3125,17.40625,17.25,17.78125,2.5,0.0,0.0,55.0
18.4662,0x220,0.0,0.0,1.0,6.25,2.39,0.21,17.3125,17.40625,17.25,17.78125,2.5,0.0,0.0,55.0
18.46644,0x386,0.0,0.0,1.0,6.25,2.39,0.21,17.3125,17.375,17.0625,17.375,2.5,0.0,0.0,55.0
18.4675,0x316,0.0,0.0,1.0,6.25,2.39,0.21,17.3125,17.375,17.0625,17.375,2.5,0.0,0.0,55.0
18.46968,0x2B0,0.0,0.0,1.0,6.25,2.39,0.21,17.3125,17.375,17.0625,17.375,2.5,0.0,0.0,55.0
18.47623,0x220,0.0,0.0,1.0,6.25,2.51,0.26,17.3125,17.375,17.0625,17.375,2.5,0.0,0.0,55.0
18.47769,0x316,0.0,0.0,1.0,6.25,2.51,0.26,17.3125,17.375,17.0625,17.375,2.5,0.0,0.0,54.0
18.47967,0x2B0,0.0,0.0,1.0,6.25,2.51,0.26,17.3125,17.375,17.0625,17.375,2.5,0.0,0.0,54.0
18.48623,0x220,0.0,0.0,1.0,6.25,2.49,0.24,17.3125,17.375,17.0625,17.375,2.5,0.0,0.0,54.0
18.48646,0x386,0.0,0.0,1.0,6.25,2.49,0.24,17.34375,17.25,17.28125,17.03125,2.5,0.0,0.0,54.0
18.48741,0x316,0.0,0.0,1.0,6.25,2.49,0.24,17.34375,17.25,17.28125,17.03125,2.5,0.0,0.0,54.0
18.48967,0x2B0,0.0,0.0,1.0,6.25,2.49,0.24,17.34375,17.25,17.28125,17.03125,2.5,0.0,0.0,54.0
18.49623,0x220,0.0,0.0,1.0,6.25,2.31,-0.01,17.34375,17.25,17.28125,17.03125,2.5,0.0,0.0,54.0
18.49738,0x316,0.0,0.0,1.0,6.25,2.31,-0.01,17.34375,17.25,17.28125,17.03125,2.5,0.0,0.0,55.0
18.49967,0x2B0,0.0,0.0,1.0,6.25,2.31,-0.01,17.34375,17.25,17.28125,17.03125,2.5,0.0,0.0,55.0
18.5062,0x220,0.0,0.0,1.0,6.25,2.0,-0.49,17.34375,17.25,17.28125,17.03125,2.5,0.0,0.0,55.0
18.50643,0x386,0.0,0.0,1.0,6.25,2.0,-0.49,17.21875,17.28125,17.0,17.25,2.5,0.0,0.0,55.0
18.50738,0x316,0.0,0.0,1.0,6.25,2.0,-0.49,17.21875,17.28125,17.0,17.25,2.5,0.0,0.0,55.0
18.50968,0x2B0,0.0,0.0,1.0,6.25,2.0,-0.49,17.21875,17.28125,17.0,17.25,2.5,0.0,0.0,55.0
18.51622,0x220,0.0,0.0,1.0,6.25,1.64,-0.85,17.21875,17.28125,17.0,17.25,2.5,0.0,0.0,55.0
18.51723,0x316,0.0,0.0,1.0,6.25,1.64,-0.85,17.21875,17.28125,17.0,17.25,2.5,0.0,0.0,56.0
18.51966,0x2B0,0.0,0.0,1.0,6.25,1.64,-0.85,17.21875,17.28125,17.0,17.25,2.5,0.0,0.0,56.0
18.52623,0x220,0.0,0.0,1.0,6.25,1.34,-0.87,17.21875,17.28125,17.0,17.25,2.5,0.0,0.0,56.0
18.52646,0x386,0.0,0.0,1.0,6.25,1.34,-0.87,17.25,17.34375,16.9375,17.53125,2.5,0.0,0.0,56.0
18.52742,0x316,0.0,0.0,1.0,6.25,1.34,-0.87,17.25,17.34375,16.9375,17.53125,2.5,0.0,0.0,56.0
18.52967,0x2B0,0.0,0.0,1.0,6.25,1.34,-0.87,17.25,17.34375,16.9375,17.53125,2.5,0.0,0.0,56.0
18.53623,0x220,0.0,0.0,1.0,6.25,1.34,-0.56,17.25,17.34375,16.9375,17.53125,2.5,0.0,0.0,56.0
18.53721,0x316,0.0,0.0,1.0,6.25,1.34,-0.56,17.25,17.34375,16.9375,17.53125,2.5,0.0,0.0,56.0
18.53966,0x2B0,0.0,0.0,1.0,6.25,1.34,-0.56,17.25,17.34375,16.9375,17.53125,2.5,0.0,0.0,56.0
18.54622,0x220,0.0,0.0,1.0,6.25,1.67,-0.29,17.25,17.34375,16.9375,17.53125,2.5,0.0,0.0,56.0
18.54645,0x386,0.0,0.0,1.0,6.25,1.67,-0.29,17.3125,17.375,17.21875,17.5,2.5,0.0,0.0,56.0
18.54741,0x316,0.0,0.0,1.0,6.25,1.67,-0.29,17.3125,17.375,17.21875,17.5,2.5,0.0,0.0,57.0
18.54966,0x2B0,0.0,0.0,1.0,6.25,1.67,-0.29,17.3125,17.375,17.21875,17.5,2.5,0.0,0.0,57.0
18.55622,0x220,0.0,0.0,1.0,6.25,2.19,-0.25,17.3125,17.375,17.21875,17.5,2.5,0.0,0.0,57.0
18.55725,0x316,0.0,0.0,1.0,6.25,2.19,-0.25,17.3125,17.375,17.21875,17.5,2.5,0.0,0.0,57.0
18.55966,0x2B0,0.0,0.0,1.0,6.25,2.19,-0.25,17.3125,17.375,17.21875,17.5,2.5,0.0,0.0,57.0
18.5662,0x220,0.0,0.0,1.0,6.25,2.71,-0.37,17.3125,17.375,17.21875,17.5,2.5,0.0,0.0,57.0
18.56643,0x386,0.0,0.0,1.0,6.25,2.71,-0.37,17.3125,17.28125,17.4375,17.46875,2.5,0.0,0.0,57.0
18.56764,0x316,0.0,0.0,1.0,6.25,2.71,-0.37,17.3125,17.28125,17.4375,17.46875,2.5,0.0,0.0,56.0
18.56967,0x2B0,0.0,0.0,1.0,6.25,2.71,-0.37,17.3125,17.28125,17.4375,17.46875,2.5,0.0,0.0,56.0
18.57623,0x220,0.0,0.0,1.0,6.25,2.92,-0.49,17.3125,17.28125,17.4375,17.46875,2.5,0.0,0.0,56.0
18.57741,0x316,0.0,0.0,1.0,6.25,2.92,-0.49,17.3125,17.28125,17.4375,17.46875,2.5,0.0,0.0,57.0
18.57965,0x2B0,0.0,0.0,1.0,6.25,2.92,-0.49,17.3125,17.28125,17.4375,17.46875,2.5,0.0,0.0,57.0
18.58623,0x220,0.0,0.0,1.0,6.25,2.78,-0.61,17.3125,17.28125,17.4375,17.46875,2.5,0.0,0.0,57.0
18.58646,0x386,0.0,0.0,1.0,6.25,2.78,-0.61,17.3125,17.4375,17.375,17.40625,2.5,0.0,0.0,57.0
18.58741,0x316,0.0,0.0,1.0,6.25,2.78,-0.61,17.3125,17.4375,17.375,17.40625,2.5,0.0,0.0,56.0
18.58966,0x2B0,0.0,0.0,1.0,6.25,2.78,-0.61,17.3125,17.4375,17.375,17.40625,2.5,0.0,0.0,56.0
18.59623,0x220,0.0,0.0,1.0,6.25,2.37,-0.72,17.3125,17.4375,17.375,17.40625,2.5,0.0,0.0,56.0
18.59739,0x316,0.0,0.0,1.0,6.25,2.37,-0.72,17.3125,17.4375,17.375,17.40625,2.5,0.0,0.0,56.0
18.59966,0x2B0,0.0,0.0,1.0,6.25,2.37,-0.72,17.3125,17.4375,17.375,17.40625,2.5,0.0,0.0,56.0
18.60623,0x220,0.0,0.0,1.0,6.25,1.84,-0.77,17.3125,17.4375,17.375,17.40625,2.5,0.0,0.0,56.0
18.60646,0x386,0.0,0.0,1.0,6.25,1.84,-0.77,17.3125,17.46875,17.34375,17.34375,2.5,0.0,0.0,56.0
18.60742,0x316,0.0,0.0,1.0,6.25,1.84,-0.77,17.3125,17.46875,17.34375,17.34375,2.5,0.0,0.0,56.0
18.60972,0x2B0,0.0,0.0,1.0,6.25,1.84,-0.77,17.3125,17.46875,17.34375,17.34375,2.5,0.0,0.0,56.0
18.61623,0x220,0.0,0.0,1.0,6.25,1.43,-0.78,17.3125,17.46875,17.34375,17.34375,2.5,0.0,0.0,56.0
18.61722,0x316,0.0,0.0,1.0,6.25,1.43,-0.78,17.3125,17.46875,17.34375,17.34375,2.5,0.0,0.0,56.0
18.61972,0x2B0,0.0,0.0,1.0,6.25,1.43,-0.78,17.3125,17.46875,17.34375,17.34375,2.6,0.0,0.0,56.0
18.62624,0x220,0.0,0.0,1.0,6.25,1.27,-0.77,17.3125,17.46875,17.34375,17.34375,2.6,0.0,0.0,56.0
18.62647,0x386,0.0,0.0,1.0,6.25,1.27,-0.77,17.34375,17.4375,17.34375,17.15625,2.6,0.0,0.0,56.0
18.62743,0x316,0.0,0.0,1.0,6.25,1.27,-0.77,17.34375,17.4375,17.34375,17.15625,2.6,0.0,0.0,56.0
18.62975,0x2B0,0.0,0.0,1.0,6.25,1.27,-0.77,17.34375,17.4375,17.34375,17.15625,2.6,0.0,0.0,56.0
18.63623,0x220,0.0,0.0,1.0,6.25,1.26,-0.78,17.34375,17.4375,17.34375,17.15625,2.6,0.0,0.0,56.0
18.63724,0x316,0.0,0.0,1.0,6.25,1.26,-0.78,17.34375,17.4375,17.34375,17.15625,2.6,0.0,0.0,56.0
18.6397,0x2B0,0.0,0.0,1.0,6.25,1.26,-0.78,17.34375,17.4375,17.34375,17.15625,2.7,0.0,0.0,56.0
18.64623,0x220,0.0,0.0,1.0,6.25,1.24,-0.76,17.34375,17.4375,17.34375,17.15625,2.7,0.0,0.0,56.0
18.64646,0x386,0.0,0.0,1.0,6.25,1.24,-0.76,17.5,17.5625,17.53125,16.6875,2.7,0.0,0.0,56.0
18.64742,0x316,0.0,0.0,1.0,6.25,1.24,-0.76,17.5,17.5625,17.53125,16.6875,2.7,0.0,0.0,57.0
18.64975,0x2B0,0.0,0.0,1.0,6.25,1.24,-0.76,17.5,17.5625,17.53125,16.6875,2.7,0.0,0.0,57.0
18.65623,0x220,0.0,0.0,1.0,6.25,1.18,-0.66,17.5,17.5625,17.53125,16.6875,2.7,0.0,0.0,57.0
18.65724,0x316,0.0,0.0,1.0,6.25,1.18,-0.66,17.5,17.5625,17.53125,16.6875,2.7,0.0,0.0,57.0
18.65968,0x2B0,0.0,0.0,1.0,6.25,1.18,-0.66,17.5,17.5625,17.53125,16.6875,2.9,8.0,0.0,57.0
18.66621,0x220,0.0,0.0,1.0,6.25,1.13,-0.49,17.5,17.5625,17.53125,16.6875,2.9,8.0,0.0,57.0
18.66644,0x386,0.0,0.0,1.0,6.25,1.13,-0.49,17.5625,17.6875,17.40625,16.75,2.9,8.0,0.0,57.0
18.66754,0x316,0.0,0.0,1.0,6.25,1.13,-0.49,17.5625,17.6875,17.40625,16.75,2.9,8.0,0.0,57.0
18.66964,0x2B0,0.0,0.0,1.0,6.25,1.13,-0.49,17.5625,17.6875,17.40625,16.75,2.9,8.0,0.0,57.0
18.67623,0x220,0.0,0.0,1.0,6.25,1.14,-0.4,17.5625,17.6875,17.40625,16.75,2.9,8.0,0.0,57.0
18.6776,0x316,0.0,0.0,1.0,6.25,1.14,-0.4,17.5625,17.6875,17.40625,16.75,2.9,8.0,0.0,57.0
18.67968,0x2B0,0.0,0.0,1.0,6.25,1.14,-0.4,17.5625,17.6875,17.40625,16.75,3.0,0.0,0.0,57.0
18.68622,0x220,0.0,0.0,1.0,6.25,1.2,-0.45,17.5625,17.6875,17.40625,16.75,3.0,0.0,0.0,57.0
18.68645,0x386,0.0,0.0,1.0,6.25,1.2,-0.45,17.625,17.65625,16.96875,16.8125,3.0,0.0,0.0,57.0
18.68741,0x316,0.0,0.0,1.0,6.25,1.2,-0.45,17.625,17.65625,16.96875,16.8125,3.0,0.0,0.0,57.0
18.68968,0x2B0,0.0,0.0,1.0,6.25,1.2,-0.45,17.625,17.65625,16.96875,16.8125,3.0,0.0,0.0,57.0
18.69623,0x220,0.0,0.0,1.0,6.25,1.22,-0.55,17.625,17.65625,16.96875,16.8125,3.0,0.0,0.0,57.0
18.69734,0x316,0.0,0.0,1.0,6.25,1.22,-0.55,17.625,17.65625,16.96875,16.8125,3.0,0.0,0.0,57.0
18.69967,0x2B0,0.0,0.0,1.0,6.25,1.22,-0.55,17.625,17.65625,16.96875,16.8125,3.0,0.0,0.0,57.0
18.70623,0x220,0.0,0.0,1.0,6.25,1.18,-0.54,17.625,17.65625,16.96875,16.8125,3.0,0.0,0.0,57.0
18.70646,0x386,0.0,0.0,1.0,6.25,1.18,-0.54,17.65625,17.625,17.1875,16.375,3.0,0.0,0.0,57.0
18.70741,0x316,0.0,0.0,1.0,6.25,1.18,-0.54,17.65625,17.625,17.1875,16.375,3.0,0.0,0.0,57.0
18.70975,0x2B0,0.0,0.0,1.0,6.25,1.18,-0.54,17.65625,17.625,17.1875,16.375,3.0,0.0,0.0,57.0
18.71624,0x220,0.0,0.0,1.0,6.25,1.03,-0.36,17.65625,17.625,17.1875,16.375,3.0,0.0,0.0,57.0
18.71723,0x316,0.0,0.0,1.0,6.25,1.03,-0.36,17.65625,17.625,17.1875,16.375,3.0,0.0,0.0,56.0
18.71967,0x2B0,0.0,0.0,1.0,6.25,1.03,-0.36,17.65625,17.625,17.1875,16.375,3.0,0.0,0.0,56.0
18.72624,0x220,0.0,0.0,1.0,6.25,0.76,-0.09,17.65625,17.625,17.1875,16.375,3.0,0.0,0.0,56.0
18.72646,0x386,0.0,0.0,1.0,6.25,0.76,-0.09,17.46875,17.625,16.75,16.53125,3.0,0.0,0.0,56.0
18.72742,0x316,0.0,0.0,1.0,6.25,0.76,-0.09,17.46875,17.625,16.75,16.53125,3.0,0.0,0.0,56.0
18.72967,0x2B0,0.0,0.0,1.0,6.25,0.76,-0.09,17.46875,17.625,16.75,16.53125,3.0,0.0,0.0,56.0
18.73624,0x220,0.0,0.0,1.0,6.25,0.36,0.1,17.46875,17.625,16.75,16.53125,3.0,0.0,0.0,56.0
18.73723,0x316,0.0,0.0,1.0,6.25,0.36,0.1,17.46875,17.625,16.75,16.53125,3.0,0.0,0.0,55.0
18.73967,0x2B0,0.0,0.0,1.0,6.25,0.36,0.1,17.46875,17.625,16.75,16.53125,3.0,0.0,0.0,55.0
18.74624,0x220,0.0,0.0,1.0,6.25,-0.07,0.24,17.46875,17.625,16.75,16.53125,3.0,0.0,0.0,55.0
18.74647,0x386,0.0,0.0,1.0,6.25,-0.07,0.24,17.4375,17.4375,17.0,16.875,3.0,0.0,0.0,55.0
18.74743,0x316,0.0,0.0,1.0,6.25,-0.07,0.24,17.4375,17.4375,17.0,16.875,3.0,0.0,0.0,54.0
18.74966,0x2B0,0.0,0.0,1.0,6.25,-0.07,0.24,17.4375,17.4375,17.0,16.875,3.0,0.0,0.0,54.0
18.75623,0x220,0.0,0.0,1.0,6.25,-0.3,0.27,17.4375,17.4375,17.0,16.875,3.0,0.0,0.0,54.0
18.75724,0x316,0.0,0.0,1.0,6.25,-0.3,0.27,17.4375,17.4375,17.0,16.875,3.0,0.0,0.0,53.0
18.75966,0x2B0,0.0,0.0,1.0,6.25,-0.3,0.27,17.4375,17.4375,17.0,16.875,3.0,0.0,0.0,53.0
18.76621,0x220,0.0,0.0,1.0,6.25,-0.38,0.29,17.4375,17.4375,17.0,16.875,3.0,0.0,0.0,53.0
18.76644,0x386,0.0,0.0,1.0,6.25,-0.38,0.29,17.46875,17.34375,17.53125,17.375,3.0,0.0,0.0,53.0
18.76766,0x316,0.0,0.0,1.0,6.25,-0.38,0.29,17.46875,17.34375,17.53125,17.375,3.0,0.0,0.0,52.0
18.76967,0x2B0,0.0,0.0,1.0,6.25,-0.38,0.29,17.46875,17.34375,17.53125,17.375,3.0,0.0,0.0,52.0
18.77624,0x220,0.0,0.0,1.0,6.25,-0.45,0.44,17.46875,17.34375,17.53125,17.375,3.0,0.0,0.0,52.0
18.77746,0x316,0.0,0.0,1.0,6.25,-0.45,0.44,17.46875,17.34375,17.53125,17.375,3.0,0.0,0.0,51.0
18.77967,0x2B0,0.0,0.0,1.0,6.25,-0.45,0.44,17.46875,17.34375,17.53125,17.375,3.0,0.0,0.0,51.0
18.78624,0x220,0.0,0.0,1.0,6.25,-0.57,0.72,17.46875,17.34375,17.53125,17.375,3.0,0.0,0.0,51.0
18.78647,0x386,0.0,0.0,1.0,6.25,-0.57,0.72,17.3125,17.3125,17.40625,17.46875,3.0,0.0,0.0,51.0
18.78743,0x316,0.0,0.0,1.0,6.25,-0.57,0.72,17.3125,17.3125,17.40625,17.46875,3.0,0.0,0.0,51.0
18.78967,0x2B0,0.0,0.0,1.0,6.25,-0.57,0.72,17.3125,17.3125,17.40625,17.46875,3.0,0.0,0.0,51.0
18.79623,0x220,0.0,0.0,1.0,6.25,-0.76,1.04,17.3125,17.3125,17.40625,17.46875,3.0,0.0,0.0,51.0
18.79736,0x316,0.0,0.0,1.0,6.25,-0.76,1.04,17.3125,17.3125,17.40625,17.46875,3.0,0.0,0.0,51.0
18.79966,0x2B0,0.0,0.0,1.0,6.25,-0.76,1.04,17.3125,17.3125,17.40625,17.46875,3.0,0.0,0.0,51.0
18.80623,0x220,0.0,0.0,1.0,6.25,-0.9,1.31,17.3125,17.3125,17.40625,17.46875,3.0,0.0,0.0,51.0
18.80646,0x386,0.0,0.0,1.0,6.25,-0.9,1.31,17.3125,17.28125,17.15625,17.625,3.0,0.0,0.0,51.0
18.80742,0x316,0.0,0.0,1.0,6.25,-0.9,1.31,17.3125,17.28125,17.15625,17.625,3.0,0.0,0.0,51.0
18.80967,0x2B0,0.0,0.0,1.0,6.25,-0.9,1.31,17.3125,17.28125,17.15625,17.625,3.0,0.0,0.0,51.0
18.81624,0x220,0.0,0.0,1.0,6.25,-0.83,1.51,17.3125,17.28125,17.15625,17.625,3.0,0.0,0.0,51.0
18.81728,0x316,0.0,0.0,1.0,6.25,-0.83,1.51,17.3125,17.28125,17.15625,17.625,3.0,0.0,0.0,51.0
18.81968,0x2B0,0.0,0.0,1.0,6.25,-0.83,1.51,17.3125,17.28125,17.15625,17.625,3.0,0.0,0.0,51.0
18.82624,0x220,0.0,0.0,1.0,6.25,-0.51,1.63,17.3125,17.28125,17.15625,17.625,3.0,0.0,0.0,51.0
18.82647,0x386,0.0,0.0,1.0,6.25,-0.51,1.63,17.375,17.1875,17.53125,17.8125,3.0,0.0,0.0,51.0
18.82744,0x316,0.0,0.0,1.0,6.25,-0.51,1.63,17.375,17.1875,17.53125,17.8125,3.0,0.0,0.0,52.0
18.82968,0x2B0,0.0,0.0,1.0,6.25,-0.51,1.63,17.375,17.1875,17.53125,17.8125,3.0,0.0,0.0,52.0
18.83624,0x220,0.0,0.0,1.0,6.25,-0.07,1.6,17.375,17.1875,17.53125,17.8125,3.0,0.0,0.0,52.0
18.83722,0x316,0.0,0.0,1.0,6.25,-0.07,1.6,17.375,17.1875,17.53125,17.8125,3.0,0.0,0.0,52.0
18.83968,0x2B0,0.0,0.0,1.0,6.25,-0.07,1.6,17.375,17.1875,17.53125,17.8125,3.0,0.0,0.0,52.0
18.84623,0x220,0.0,0.0,1.0,6.25,0.26,1.48,17.375,17.1875,17.53125,17.8125,3.0,0.0,0.0,52.0
18.84646,0x386,0.0,0.0,1.0,6.25,0.26,1.48,17.375,17.3125,17.6875,17.5,3.0,0.0,0.0,52.0
18.84742,0x316,0.0,0.0,1.0,6.25,0.26,1.48,17.375,17.3125,17.6875,17.5,3.0,0.0,0.0,52.0
18.84968,0x2B0,0.0,0.0,1.0,6.25,0.26,1.48,17.375,17.3125,17.6875,17.5,3.0,0.0,0.0,52.0
18.85624,0x220,0.0,0.0,1.0,6.25,0.38,1.38,17.375,17.3125,17.6875,17.5,3.0,0.0,0.0,52.0
18.85729,0x316,0.0,0.0,1.0,6.25,0.38,1.38,17.375,17.3125,17.6875,17.5,3.0,0.0,0.0,52.0
18.85969,0x2B0,0.0,0.0,1.0,6.25,0.38,1.38,17.375,17.3125,17.6875,17.5,3.0,0.0,0.0,52.0
18.86621,0x220,0.0,0.0,1.0,6.25,0.31,1.38,17.375,17.3125,17.6875,17.5,3.0,0.0,0.0,52.0
18.86645,0x386,0.0,0.0,1.0,6.25,0.31,1.38,17.34375,17.375,17.46875,17.15625,3.0,0.0,0.0,52.0
18.86752,0x316,0.0,0.0,1.0,6.25,0.31,1.38,17.34375,17.375,17.46875,17.15625,3.0,0.0,0.0,52.0
18.8697,0x2B0,0.0,0.0,1.0,6.25,0.31,1.38,17.34375,17.375,17.46875,17.15625,3.0,0.0,0.0,52.0
18.87624,0x220,0.0,0.0,1.0,6.25,0.29,1.43,17.34375,17.375,17.46875,17.15625,3.0,0.0,0.0,52.0
18.87759,0x316,0.0,0.0,1.0,6.25,0.29,1.43,17.34375,17.375,17.46875,17.15625,3.0,0.0,0.0,52.0
18.8797,0x2B0,0.0,0.0,1.0,6.25,0.29,1.43,17.34375,17.375,17.46875,17.15625,3.0,0.0,0.0,52.0
18.88623,0x220,0.0,0.0,1.0,6.25,0.58,1.36,17.34375,17.375,17.46875,17.15625,3.0,0.0,0.0,52.0
18.88646,0x386,0.0,0.0,1.0,6.25,0.58,1.36,17.375,17.40625,16.875,17.34375,3.0,0.0,0.0,52.0
18.88741,0x316,0.0,0.0,1.0,6.25,0.58,1.36,17.375,17.40625,16.875,17.34375,3.0,0.0,0.0,52.0
18.8897,0x2B0,0.0,0.0,1.0,6.25,0.58,1.36,17.375,17.40625,16.875,17.34375,3.0,0.0,0.0,52.0
18.89624,0x220,0.0,0.0,1.0,6.25,1.12,1.07,17.375,17.40625,16.875,17.34375,3.0,0.0,0.0,52.0
18.89742,0x316,0.0,0.0,1.0,6.25,1.12,1.07,17.375,17.40625,16.875,17.34375,3.0,0.0,0.0,52.0
18.8997,0x2B0,0.0,0.0,1.0,6.25,1.12,1.07,17.375,17.40625,16.875,17.34375,3.0,0.0,0.0,52.0
18.90624,0x220,0.0,0.0,1.0,6.25,1.6,0.74,17.375,17.40625,16.875,17.34375,3.0,0.0,0.0,52.0
18.90647,0x386,0.0,0.0,1.0,6.25,1.6,0.74,17.40625,17.5625,17.03125,17.28125,3.0,0.0,0.0,52.0
18.90743,0x316,0.0,0.0,1.0,6.25,1.6,0.74,17.40625,17.5625,17.03125,17.28125,3.0,0.0,0.0,52.0
18.90971,0x2B0,0.0,0.0,1.0,6.25,1.6,0.74,17.40625,17.5625,17.03125,17.28125,3.0,0.0,0.0,52.0
18.91623,0x220,0.0,0.0,1.0,6.25,1.81,0.59,17.40625,17.5625,17.03125,17.28125,3.0,0.0,0.0,52.0
18.91721,0x316,0.0,0.0,1.0,6.25,1.81,0.59,17.40625,17.5625,17.03125,17.28125,3.0,0.0,0.0,52.0
18.91971,0x2B0,0.0,0.0,1.0,6.25,1.81,0.59,17.40625,17.5625,17.03125,17.28125,3.0,0.0,0.0,52.0
18.92625,0x220,0.0,0.0,1.0,6.25,1.71,0.72,17.40625,17.5625,17.03125,17.28125,3.0,0.0,0.0,52.0
18.92647,0x386,0.0,0.0,1.0,6.25,1.71,0.72,17.46875,17.53125,16.96875,17.09375,3.0,0.0,0.0,52.0
18.92743,0x316,0.0,0.0,1.0,6.25,1.71,0.72,17.46875,17.53125,16.96875,17.09375,3.0,0.0,0.0,52.0
18.92971,0x2B0,0.0,0.0,1.0,6.25,1.71,0.72,17.46875,17.53125,16.96875,17.09375,3.1,0.0,0.0,52.0
18.93624,0x220,0.0,0.0,1.0,6.25,1.37,0.94,17.46875,17.53125,16.96875,17.09375,3.1,0.0,0.0,52.0
18.9373,0x316,0.0,0.0,1.0,6.25,1.37,0.94,17.46875,17.53125,16.96875,17.09375,3.1,0.0,0.0,52.0
18.93972,0x2B0,0.0,0.0,1.0,6.25,1.37,0.94,17.46875,17.53125,16.96875,17.09375,3.1,0.0,0.0,52.0
18.94623,0x220,0.0,0.0,1.0,6.25,1.0,0.94,17.46875,17.53125,16.96875,17.09375,3.1,0.0,0.0,52.0
18.94646,0x386,0.0,0.0,1.0,6.25,1.0,0.94,17.5,17.375,16.71875,17.09375,3.1,0.0,0.0,52.0
18.94741,0x316,0.0,0.0,1.0,6.25,1.0,0.94,17.5,17.375,16.71875,17.09375,3.1,0.0,0.0,52.0
18.94972,0x2B0,0.0,0.0,1.0,6.25,1.0,0.94,17.5,17.375,16.71875,17.09375,3.1,0.0,0.0,52.0
18.95624,0x220,0.0,0.0,1.0,6.25,0.86,0.65,17.5,17.375,16.71875,17.09375,3.1,0.0,0.0,52.0
18.95723,0x316,0.0,0.0,1.0,6.25,0.86,0.65,17.5,17.375,16.71875,17.09375,3.1,0.0,0.0,52.0
18.95972,0x2B0,0.0,0.0,1.0,6.25,0.86,0.65,17.5,17.375,16.71875,17.09375,3.3,8.0,0.0,52.0
18.96622,0x220,0.0,0.0,1.0,6.25,0.99,0.17,17.5,17.375,16.71875,17.09375,3.3,8.0,0.0,52.0
18.96645,0x386,0.0,0.0,1.0,6.25,0.99,0.17,17.46875,17.53125,16.96875,17.15625,3.3,8.0,0.0,52.0
18.96761,0x316,0.0,0.0,1.0,6.25,0.99,0.17,17.46875,17.53125,16.96875,17.15625,3.3,8.0,0.0,52.0
18.96973,0x2B0,0.0,0.0,1.0,6.25,0.99,0.17,17.46875,17.53125,16.96875,17.15625,3.4,12.0,0.0,52.0
18.97624,0x220,0.0,0.0,1.0,6.25,1.27,-0.16,17.46875,17.53125,16.96875,17.15625,3.4,12.0,0.0,52.0
18.97754,0x316,0.0,0.0,1.0,6.25,1.27,-0.16,17.46875,17.53125,16.96875,17.15625,3.4,12.0,0.0,52.0
18.97977,0x2B0,0.0,0.0,1.0,6.25,1.27,-0.16,17.46875,17.53125,16.96875,17.15625,3.4,0.0,0.0,52.0
18.98624,0x220,0.0,0.0,1.0,6.25,1.54,-0.14,17.46875,17.53125,16.96875,17.15625,3.4,0.0,0.0,52.0
18.98647,0x386,0.0,0.0,1.0,6.25,1.54,-0.14,17.4375,17.5625,17.375,17.46875,3.4,0.0,0.0,52.0
18.98743,0x316,0.0,0.0,1.0,6.25,1.54,-0.14,17.4375,17.5625,17.375,17.46875,3.4,0.0,0.0,52.0
18.98975,0x2B0,0.0,0.0,1.0,6.25,1.54,-0.14,17.4375,17.5625,17.375,17.46875,3.4,0.0,0.0,52.0
18.99624,0x220,0.0,0.0,1.0,6.25,1.77,0.14,17.4375,17.5625,17.375,17.46875,3.4,0.0,0.0,52.0
18.9974,0x316,0.0,0.0,1.0,6.25,1.77,0.14,17.4375,17.5625,17.375,17.46875,3.4,0.0,0.0,52.0
18.99974,0x2B0,0.0,0.0,1.0,6.25,1.77,0.14,17.4375,17.5625,17.375,17.46875,3.5,0.0,0.0,52.0
19.00624,0x220,0.0,0.0,1.0,6.25,1.97,0.41,17.4375,17.5625,17.375,17.46875,3.5,0.0,0.0,52.0
19.00647,0x386,0.0,0.0,1.0,6.25,1.97,0.41,17.53125,17.5625,17.34375,17.59375,3.5,0.0,0.0,52.0
19.00742,0x316,0.0,0.0,1.0,6.25,1.97,0.41,17.53125,17.5625,17.34375,17.59375,3.5,0.0,0.0,52.0
19.00974,0x2B0,0.0,0.0,1.0,6.25,1.97,0.41,17.53125,17.5625,17.34375,17.59375,3.5,0.0,0.0,52.0
19.01625,0x220,0.0,0.0,1.0,6.25,2.15,0.32,17.53125,17.5625,17.34375,17.59375,3.5,0.0,0.0,52.0
19.01728,0x316,0.0,0.0,1.0,6.25,2.15,0.32,17.53125,17.5625,17.34375,17.59375,3.5,0.0,0.0,53.0
19.01978,0x2B0,0.0,0.0,1.0,6.25,2.15,0.32,17.53125,17.5625,17.34375,17.59375,3.5,0.0,0.0,53.0
19.02625,0x220,0.0,0.0,1.0,6.25,2.25,-0.05,17.53125,17.5625,17.34375,17.59375,3.5,0.0,0.0,53.0
19.02648,0x386,0.0,0.0,1.0,6.25,2.25,-0.05,17.5,17.71875,17.25,17.375,3.5,0.0,0.0,53.0
19.02743,0x316,0.0,0.0,1.0,6.25,2.25,-0.05,17.5,17.71875,17.25,17.375,3.5,0.0,0.0,53.0
19.02975,0x2B0,0.0,0.0,1.0,6.25,2.25,-0.05,17.5,17.71875,17.25,17.375,3.8,12.0,0.0,53.0
19.03624,0x220,0.0,0.0,1.0,6.25,2.22,-0.49,17.5,17.71875,17.25,17.375,3.8,12.0,0.0,53.0
19.03725,0x316,0.0,0.0,1.0,6.25,2.22,-0.49,17.5,17.71875,17.25,17.375,3.8,12.0,0.0,53.0
19.03975,0x2B0,0.0,0.0,1.0,6.25,2.22,-0.49,17.5,17.71875,17.25,17.375,3.9,20.0,0.0,53.0
19.04624,0x220,0.0,0.0,1.0,6.25,2.1,-0.56,17.5,17.71875,17.25,17.375,3.9,20.0,0.0,53.0
19.04646,0x386,0.0,0.0,1.0,6.25,2.1,-0.56,17.5,17.78125,17.0,17.15625,3.9,20.0,0.0,53.0
19.04742,0x316,0.0,0.0,1.0,6.25,2.1,-0.56,17.5,17.78125,17.0,17.15625,3.9,20.0,0.0,53.0
19.04976,0x2B0,0.0,0.0,1.0,6.25,2.1,-0.56,17.5,17.78125,17.0,17.15625,3.9,0.0,0.0,53.0
19.05624,0x220,0.0,0.0,1.0,6.25,2.0,-0.22,17.5,17.78125,17.0,17.15625,3.9,0.0,0.0,53.0
19.05731,0x316,0.0,0.0,1.0,6.25,2.0,-0.22,17.5,17.78125,17.0,17.15625,3.9,0.0,0.0,53.0
19.05976,0x2B0,0.0,0.0,1.0,6.25,2.0,-0.22,17.5,17.78125,17.0,17.15625,4.1,8.0,0.0,53.0
19.06622,0x220,0.0,0.0,1.0,6.25,1.93,0.13,17.5,17.78125,17.0,17.15625,4.1,8.0,0.0,53.0
19.06645,0x386,0.0,0.0,1.0,6.25,1.93,0.13,17.65625,17.5625,17.15625,17.34375,4.1,8.0,0.0,53.0
19.06752,0x316,0.0,0.0,1.0,6.25,1.93,0.13,17.65625,17.5625,17.15625,17.34375,4.1,8.0,0.0,53.0
19.06978,0x2B0,0.0,0.0,1.0,6.25,1.93,0.13,17.65625,17.5625,17.15625,17.34375,4.1,8.0,0.0,53.0
19.07624,0x220,0.0,0.0,1.0,6.25,1.92,0.2,17.65625,17.5625,17.15625,17.34375,4.1,8.0,0.0,53.0
19.07763,0x316,0.0,0.0,1.0,6.25,1.92,0.2,17.65625,17.5625,17.15625,17.34375,4.1,8.0,0.0,53.0
19.07976,0x2B0,0.0,0.0,1.0,6.25,1.92,0.2,17.65625,17.5625,17.15625,17.34375,4.3,8.0,0.0,53.0
19.08624,0x220,0.0,0.0,1.0,6.25,1.97,-0.08,17.65625,17.5625,17.15625,17.34375,4.3,8.0,0.0,53.0
19.08647,0x386,0.0,0.0,1.0,6.25,1.97,-0.08,17.59375,17.78125,17.28125,17.34375,4.3,8.0,0.0,53.0
19.08743,0x316,0.0,0.0,1.0,6.25,1.97,-0.08,17.59375,17.78125,17.28125,17.34375,4.3,8.0,0.0,53.0
19.08976,0x2B0,0.0,0.0,1.0,6.25,1.97,-0.08,17.59375,17.78125,17.28125,17.34375,4.3,8.0,0.0,53.0
19.09624,0x220,0.0,0.0,1.0,6.25,1.99,-0.44,17.59375,17.78125,17.28125,17.34375,4.3,8.0,0.0,53.0
19.09743,0x316,0.0,0.0,1.0,6.25,1.99,-0.44,17.59375,17.78125,17.28125,17.34375,4.3,8.0,0.0,53.0
19.09977,0x2B0,0.0,0.0,1.0,6.25,1.99,-0.44,17.59375,17.78125,17.28125,17.34375,4.4,0.0,0.0,53.0
19.10624,0x220,0.0,0.0,1.0,6.25,1.92,-0.54,17.59375,17.78125,17.28125,17.34375,4.4,0.0,0.0,53.0
19.10647,0x386,0.0,0.0,1.0,6.25,1.92,-0.54,17.59375,17.71875,17.4375,17.25,4.4,0.0,0.0,53.0
19.10744,0x316,0.0,0.0,1.0,6.25,1.92,-0.54,17.59375,17.71875,17.4375,17.25,4.4,0.0,0.0,53.0
19.10978,0x2B0,0.0,0.0,1.0,6.25,1.92,-0.54,17.59375,17.71875,17.4375,17.25,4.4,0.0,0.0,53.0
19.11625,0x220,0.0,0.0,1.0,6.25,1.92,-0.31,17.59375,17.71875,17.4375,17.25,4.4,0.0,0.0,53.0
19.11725,0x316,0.0,0.0,1.0,6.25,1.92,-0.31,17.59375,17.71875,17.4375,17.25,4.4,0.0,0.0,53.0
19.11978,0x2B0,0.0,0.0,1.0,6.25,1.92,-0.31,17.59375,17.71875,17.4375,17.25,4.5,0.0,0.0,53.0
19.12625,0x220,0.0,0.0,1.0,6.25,2.11,-0.09,17.59375,17.71875,17.4375,17.25,4.5,0.0,0.0,53.0
19.12648,0x386,0.0,0.0,1.0,6.25,2.11,-0.09,17.59375,17.71875,17.1875,17.375,4.5,0.0,0.0,53.0
19.12744,0x316,0.0,0.0,1.0,6.25,2.11,-0.09,17.59375,17.71875,17.1875,17.375,4.5,0.0,0.0,53.0
19.12978,0x2B0,0.0,0.0,1.0,6.25,2.11,-0.09,17.59375,17.71875,17.1875,17.375,4.5,0.0,0.0,53.0
19.13624,0x220,0.0,0.0,1.0,6.25,2.41,-0.28,17.59375,17.71875,17.1875,17.375,4.5,0.0,0.0,53.0
19.1373,0x316,0.0,0.0,1.0,6.25,2.41,-0.28,17.59375,17.71875,17.1875,17.375,4.5,0.0,0.0,53.0
19.13979,0x2B0,0.0,0.0,1.0,6.25,2.41,-0.28,17.59375,17.71875,17.1875,17.375,4.5,0.0,0.0,53.0
19.14624,0x220,0.0,0.0,1.0,6.25,2.71,-0.69,17.59375,17.71875,17.1875,17.375,4.5,0.0,0.0,53.0
19.14647,0x386,0.0,0.0,1.0,6.25,2.71,-0.69,17.40625,17.6875,16.9375,17.4375,4.5,0.0,0.0,53.0
19.14742,0x316,0.0,0.0,1.0,6.25,2.71,-0.69,17.40625,17.6875,16.9375,17.4375,4.5,0.0,0.0,53.0
19.14978,0x2B0,0.0,0.0,1.0,6.25,2.71,-0.69,17.40625,17.6875,16.9375,17.4375,4.7,8.0,0.0,53.0
19.15624,0x220,0.0,0.0,1.0,6.25,2.83,-0.87,17.40625,17.6875,16.9375,17.4375,4.7,8.0,0.0,53.0
19.15727,0x316,0.0,0.0,1.0,6.25,2.83,-0.87,17.40625,17.6875,16.9375,17.4375,4.7,8.0,0.0,53.0
19.15979,0x2B0,0.0,0.0,1.0,6.25,2.83,-0.87,17.40625,17.6875,16.9375,17.4375,4.7,8.0,0.0,53.0
19.16622,0x220,0.0,0.0,1.0,6.25,2.7,-0.71,17.40625,17.6875,16.9375,17.4375,4.7,8.0,0.0,53.0
19.16645,0x386,0.0,0.0,1.0,6.25,2.7,-0.71,17.6875,17.5,17.21875,17.25,4.7,8.0,0.0,53.0
19.16747,0x316,0.0,0.0,1.0,6.25,2.7,-0.71,17.6875,17.5,17.21875,17.25,4.7,8.0,0.0,53.0
19.16979,0x2B0,0.0,0.0,1.0,6.25,2.7,-0.71,17.6875,17.5,17.21875,17.25,4.7,0.0,0.0,53.0
19.17625,0x220,0.0,0.0,1.0,6.25,2.4,-0.42,17.6875,17.5,17.21875,17.25,4.7,0.0,0.0,53.0
19.1776,0x316,0.0,0.0,1.0,6.25,2.4,-0.42,17.6875,17.5,17.21875,17.25,4.7,0.0,0.0,53.0
19.1798,0x2B0,0.0,0.0,1.0,6.25,2.4,-0.42,17.6875,17.5,17.21875,17.25,4.7,0.0,0.0,53.0
19.18624,0x220,0.0,0.0,1.0,6.25,2.06,-0.24,17.6875,17.5,17.21875,17.25,4.7,0.0,0.0,53.0
19.18647,0x386,0.0,0.0,1.0,6.25,2.06,-0.24,17.5,17.5625,17.3125,17.5625,4.7,0.0,0.0,53.0
19.18742,0x316,0.0,0.0,1.0,6.25,2.06,-0.24,17.5,17.5625,17.3125,17.5625,4.7,0.0,0.0,53.0
19.18981,0x2B0,0.0,0.0,1.0,6.25,2.06,-0.24,17.5,17.5625,17.3125,17.5625,4.7,0.0,0.0,53.0
19.19624,0x220,0.0,0.0,1.0,6.25,1.88,-0.36,17.5,17.5625,17.3125,17.5625,4.7,0.0,0.0,53.0
19.19743,0x316,0.0,0.0,1.0,6.25,1.88,-0.36,17.5,17.5625,17.3125,17.5625,4.7,0.0,0.0,53.0
19.19981,0x2B0,0.0,0.0,1.0,6.25,1.88,-0.36,17.5,17.5625,17.3125,17.5625,4.7,0.0,0.0,53.0
19.20624,0x220,0.0,0.0,1.0,6.25,1.85,-0.6,17.5,17.5625,17.3125,17.5625,4.7,0.0,0.0,53.0
19.20647,0x386,0.0,0.0,1.0,6.25,1.85,-0.6,17.59375,17.5625,17.375,17.71875,4.7,0.0,0.0,53.0
19.20743,0x316,0.0,0.0,1.0,6.25,1.85,-0.6,17.59375,17.5625,17.375,17.71875,4.7,0.0,0.0,53.0
19.20981,0x2B0,0.0,0.0,1.0,6.25,1.85,-0.6,17.59375,17.5625,17.375,17.71875,4.7,0.0,0.0,53.0
19.21625,0x220,0.0,0.0,1.0,6.25,2.02,-0.64,17.59375,17.5625,17.375,17.71875,4.7,0.0,0.0,53.0
19.21736,0x316,0.0,0.0,1.0,6.25,2.02,-0.64,17.59375,17.5625,17.375,17.71875,4.7,0.0,0.0,54.0
19.21981,0x2B0,0.0,0.0,1.0,6.25,2.02,-0.64,17.59375,17.5625,17.375,17.71875,4.7,0.0,0.0,54.0
19.22626,0x220,0.0,0.0,1.0,6.25,2.35,-0.49,17.59375,17.5625,17.375,17.71875,4.7,0.0,0.0,54.0
19.22649,0x386,0.0,0.0,1.0,6.25,2.35,-0.49,17.65625,17.5625,17.40625,17.59375,4.7,0.0,0.0,54.0
19.22745,0x316,0.0,0.0,1.0,6.25,2.35,-0.49,17.65625,17.5625,17.40625,17.59375,4.7,0.0,0.0,54.0
19.22982,0x2B0,0.0,0.0,1.0,6.25,2.35,-0.49,17.65625,17.5625,17.40625,17.59375,4.7,0.0,0.0,54.0
19.23624,0x220,0.0,0.0,1.0,6.25,2.61,-0.41,17.65625,17.5625,17.40625,17.59375,4.7,0.0,0.0,54.0
19.23723,0x316,0.0,0.0,1.0,6.25,2.61,-0.41,17.65625,17.5625,17.40625,17.59375,4.7,0.0,0.0,54.0
19.23982,0x2B0,0.0,0.0,1.0,6.25,2.61,-0.41,17.65625,17.5625,17.40625,17.59375,4.7,0.0,0.0,54.0
19.24624,0x220,0.0,0.0,1.0,6.25,2.59,-0.52,17.65625,17.5625,17.40625,17.59375,4.7,0.0,0.0,54.0
19.24647,0x386,0.0,0.0,1.0,6.25,2.59,-0.52,17.5625,17.65625,17.5,17.5,4.7,0.0,0.0,54.0
19.24718,0x316,0.0,0.0,1.0,6.25,2.59,-0.52,17.5625,17.65625,17.5,17.5,4.7,0.0,0.0,54.0
19.24982,0x2B0,0.0,0.0,1.0,6.25,2.59,-0.52,17.5625,17.65625,17.5,17.5,4.7,0.0,0.0,54.0
19.25624,0x220,0.0,0.0,1.0,6.25,2.28,-0.7,17.5625,17.65625,17.5,17.5,4.7,0.0,0.0,54.0
19.25736,0x316,0.0,0.0,1.0,6.25,2.28,-0.7,17.5625,17.65625,17.5,17.5,4.7,0.0,0.0,54.0
19.25982,0x2B0,0.0,0.0,1.0,6.25,2.28,-0.7,17.5625,17.65625,17.5,17.5,4.7,0.0,0.0,54.0
19.26622,0x220,0.0,0.0,1.0,6.25,1.83,-0.74,17.5625,17.65625,17.5,17.5,4.7,0.0,0.0,54.0
19.26645,0x386,0.0,0.0,1.0,6.25,1.83,-0.74,17.6875,17.59375,17.46875,17.65625,4.7,0.0,0.0,54.0
19.26754,0x316,0.0,0.0,1.0,6.25,1.83,-0.74,17.6875,17.59375,17.46875,17.65625,4.7,0.0,0.0,54.0
19.26983,0x2B0,0.0,0.0,1.0,6.25,1.83,-0.74,17.6875,17.59375,17.46875,17.65625,4.7,0.0,0.0,54.0
19.27624,0x220,0.0,0.0,1.0,6.25,1.5,-0.57,17.6875,17.59375,17.46875,17.65625,4.7,0.0,0.0,54.0
19.27761,0x316,0.0,0.0,1.0,6.25,1.5,-0.57,17.6875,17.59375,17.46875,17.65625,4.7,0.0,0.0,54.0
19.27983,0x2B0,0.0,0.0,1.0,6.25,1.5,-0.57,17.6875,17.59375,17.46875,17.65625,4.7,0.0,0.0,54.0
19.28624,0x220,0.0,0.0,1.0,6.25,1.42,-0.4,17.6875,17.59375,17.46875,17.65625,4.7,0.0,0.0,54.0
19.28648,0x386,0.0,0.0,1.0,6.25,1.42,-0.4,17.71875,17.6875,17.65625,17.625,4.7,0.0,0.0,54.0
19.28743,0x316,0.0,0.0,1.0,6.25,1.42,-0.4,17.71875,17.6875,17.65625,17.625,4.7,0.0,0.0,54.0
19.28984,0x2B0,0.0,0.0,1.0,6.25,1.42,-0.4,17.71875,17.6875,17.65625,17.625,4.7,0.0,0.0,54.0
19.29624,0x220,0.0,0.0,1.0,6.25,1.52,-0.38,17.71875,17.6875,17.65625,17.625,4.7,0.0,0.0,54.0
19.29743,0x316,0.0,0.0,1.0,6.25,1.52,-0.38,17.71875,17.6875,17.65625,17.625,4.7,0.0,0.0,54.0
19.29984,0x2B0,0.0,0.0,1.0,6.25,1.52,-0.38,17.71875,17.6875,17.65625,17.625,4.7,0.0,0.0,54.0
19.30624,0x220,0.0,0.0,1.0,6.25,1.62,-0.4,17.71875,17.6875,17.65625,17.625,4.7,0.0,0.0,54.0
19.30648,0x386,0.0,0.0,1.0,6.25,1.62,-0.4,17.6875,17.71875,17.875,17.71875,4.7,0.0,0.0,54.0
19.30743,0x316,0.0,0.0,1.0,6.25,1.62,-0.4,17.6875,17.71875,17.875,17.71875,4.7,0.0,0.0,54.0
19.30984,0x2B0,0.0,0.0,1.0,6.25,1.62,-0.4,17.6875,17.71875,17.875,17.71875,4.7,0.0,0.0,54.0
19.31625,0x220,0.0,0.0,1.0,6.25,1.61,-0.28,17.6875,17.71875,17.875,17.71875,4.7,0.0,0.0,54.0
19.31721,0x316,0.0,0.0,1.0,6.25,1.61,-0.28,17.6875,17.71875,17.875,17.71875,4.7,0.0,0.0,54.0
19.31985,0x2B0,0.0,0.0,1.0,6.25,1.61,-0.28,17.6875,17.71875,17.875,17.71875,4.7,0.0,0.0,54.0
19.32625,0x220,0.0,0.0,1.0,6.25,1.52,-0.06,17.6875,17.71875,17.875,17.71875,4.7,0.0,0.0,54.0
19.32648,0x386,0.0,0.0,1.0,6.25,1.52,-0.06,17.8125,17.75,17.9375,17.65625,4.7,0.0,0.0,54.0
19.32743,0x316,0.0,0.0,1.0,6.25,1.52,-0.06,17.8125,17.75,17.9375,17.65625,4.7,0.0,0.0,54.0
19.32985,0x2B0,0.0,0.0,1.0,6.25,1.52,-0.06,17.8125,17.75,17.9375,17.65625,4.7,0.0,0.0,54.0
19.33625,0x220,0.0,0.0,1.0,6.25,1.44,0.0,17.8125,17.75,17.9375,17.65625,4.7,0.0,0.0,54.0
19.33728,0x316,0.0,0.0,1.0,6.25,1.44,0.0,17.8125,17.75,17.9375,17.65625,4.7,0.0,0.0,54.0
19.33985,0x2B0,0.0,0.0,1.0,6.25,1.44,0.0,17.8125,17.75,17.9375,17.65625,4.7,0.0,0.0,54.0
19.34624,0x220,0.0,0.0,1.0,6.25,1.4,-0.08,17.8125,17.75,17.9375,17.65625,4.7,0.0,0.0,54.0
19.34646,0x386,0.0,0.0,1.0,6.25,1.4,-0.08,17.8125,17.84375,17.4375,17.625,4.7,0.0,0.0,54.0
19.34742,0x316,0.0,0.0,1.0,6.25,1.4,-0.08,17.8125,17.84375,17.4375,17.625,4.7,0.0,0.0,54.0
19.34985,0x2B0,0.0,0.0,1.0,6.25,1.4,-0.08,17.8125,17.84375,17.4375,17.625,4.7,0.0,0.0,54.0
19.35625,0x220,0.0,0.0,1.0,6.25,1.34,-0.16,17.8125,17.84375,17.4375,17.625,4.7,0.0,0.0,54.0
19.35728,0x316,0.0,0.0,1.0,6.25,1.34,-0.16,17.8125,17.84375,17.4375,17.625,4.7,0.0,0.0,54.0
19.35986,0x2B0,0.0,0.0,1.0,6.25,1.34,-0.16,17.8125,17.84375,17.4375,17.625,4.7,0.0,0.0,54.0
19.36622,0x220,0.0,0.0,1.0,6.25,1.26,-0.15,17.8125,17.84375,17.4375,17.625,4.7,0.0,0.0,54.0
19.36645,0x386,0.0,0.0,1.0,6.25,1.26,-0.15,17.84375,18.0,17.3125,17.53125,4.7,0.0,0.0,54.0
19.36749,0x316,0.0,0.0,1.0,6.25,1.26,-0.15,17.84375,18.0,17.3125,17.53125,4.7,0.0,0.0,54.0
19.36987,0x2B0,0.0,0.0,1.0,6.25,1.26,-0.15,17.84375,18.0,17.3125,17.53125,4.7,0.0,0.0,54.0
19.37625,0x220,0.0,0.0,1.0,6.25,1.12,0.0,17.84375,18.0,17.3125,17.53125,4.7,0.0,0.0,54.0
19.37747,0x316,0.0,0.0,1.0,6.25,1.12,0.0,17.84375,18.0,17.3125,17.53125,4.7,0.0,0.0,54.0
19.37987,0x2B0,0.0,0.0,1.0,6.25,1.12,0.0,17.84375,18.0,17.3125,17.53125,4.7,0.0,0.0,54.0
19.38624,0x220,0.0,0.0,1.0,6.25,1.0,0.19,17.84375,18.0,17.3125,17.53125,4.7,0.0,0.0,54.0
19.38648,0x386,0.0,0.0,1.0,6.25,1.0,0.19,17.90625,18.03125,17.4375,17.3125,4.7,0.0,0.0,54.0
19.38744,0x316,0.0,0.0,1.0,6.25,1.0,0.19,17.90625,18.03125,17.4375,17.3125,4.7,0.0,0.0,54.0
19.38987,0x2B0,0.0,0.0,1.0,6.25,1.0,0.19,17.90625,18.03125,17.4375,17.3125,4.7,0.0,0.0,54.0
19.39625,0x220,0.0,0.0,1.0,6.25,0.91,0.4,17.90625,18.03125,17.4375,17.3125,4.7,0.0,0.0,54.0
19.39739,0x316,0.0,0.0,1.0,6.25,0.91,0.4,17.90625,18.03125,17.4375,17.3125,4.7,0.0,0.0,54.0
19.39963,0x2B0,0.0,0.0,1.0,6.25,0.91,0.4,17.90625,18.03125,17.4375,17.3125,4.7,0.0,0.0,54.0
19.40625,0x220,0.0,0.0,1.0,6.25,1.0,0.47,17.90625,18.03125,17.4375,17.3125,4.7,0.0,0.0,54.0
19.40648,0x386,0.0,0.0,1.0,6.25,1.0,0.47,17.875,18.0625,17.6875,17.5,4.7,0.0,0.0,54.0
19.4072,0x316,0.0,0.0,1.0,6.25,1.0,0.47,17.875,18.0625,17.6875,17.5,4.7,0.0,0.0,54.0
19.40963,0x2B0,0.0,0.0,1.0,6.25,1.0,0.47,17.875,18.0625,17.6875,17.5,4.7,0.0,0.0,54.0
19.41625,0x220,0.0,0.0,1.0,6.25,1.29,0.38,17.875,18.0625,17.6875,17.5,4.7,0.0,0.0,54.0
19.41726,0x316,0.0,0.0,1.0,6.25,1.29,0.38,17.875,18.0625,17.6875,17.5,4.7,0.0,0.0,54.0
19.41963,0x2B0,0.0,0.0,1.0,6.25,1.29,0.38,17.875,18.0625,17.6875,17.5,4.7,0.0,0.0,54.0
19.42626,0x220,0.0,0.0,1.0,6.25,1.53,0.24,17.875,18.0625,17.6875,17.5,4.7,0.0,0.0,54.0
19.4265,0x386,0.0,0.0,1.0,6.25,1.53,0.24,17.8125,17.96875,17.4375,17.65625,4.7,0.0,0.0,54.0
19.42745,0x316,0.0,0.0,1.0,6.25,1.53,0.24,17.8125,17.96875,17.4375,17.65625,4.7,0.0,0.0,54.0
19.42963,0x2B0,0.0,0.0,1.0,6.25,1.53,0.24,17.8125,17.96875,17.4375,17.65625,4.7,0.0,0.0,54.0
19.43625,0x220,0.0,0.0,1.0,6.25,1.61,0.19,17.8125,17.96875,17.4375,17.65625,4.7,0.0,0.0,54.0
19.43725,0x316,0.0,0.0,1.0,6.25,1.61,0.19,17.8125,17.96875,17.4375,17.65625,4.7,0.0,0.0,54.0
19.43962,0x2B0,0.0,0.0,1.0,6.25,1.61,0.19,17.8125,17.96875,17.4375,17.65625,4.7,0.0,0.0,54.0
19.44625,0x220,0.0,0.0,1.0,6.25,1.55,0.22,17.8125,17.96875,17.4375,17.65625,4.7,0.0,0.0,54.0
19.44648,0x386,0.0,0.0,1.0,6.25,1.55,0.22,17.875,17.84375,17.6875,17.34375,4.7,0.0,0.0,54.0
19.44719,0x316,0.0,0.0,1.0,6.25,1.55,0.22,17.875,17.84375,17.6875,17.34375,4.7,0.0,0.0,54.0
19.44963,0x2B0,0.0,0.0,1.0,6.25,1.55,0.22,17.875,17.84375,17.6875,17.34375,4.7,0.0,0.0,54.0
19.45625,0x220,0.0,0.0,1.0,6.25,1.34,0.28,17.875,17.84375,17.6875,17.34375,4.7,0.0,0.0,54.0
19.45728,0x316,0.0,0.0,1.0,6.25,1.34,0.28,17.875,17.84375,17.6875,17.34375,4.7,0.0,0.0,54.0
19.45963,0x2B0,0.0,0.0,1.0,6.25,1.34,0.28,17.875,17.84375,17.6875,17.34375,4.7,0.0,0.0,54.0
19.46623,0x220,0.0,0.0,1.0,6.25,1.09,0.37,17.875,17.84375,17.6875,17.34375,4.7,0.0,0.0,54.0
19.46647,0x386,0.0,0.0,1.0,6.25,1.09,0.37,17.9375,17.96875,17.65625,17.25,4.7,0.0,0.0,54.0
19.46753,0x316,0.0,0.0,1.0,6.25,1.09,0.37,17.9375,17.96875,17.65625,17.25,4.7,0.0,0.0,54.0
19.46962,0x2B0,0.0,0.0,1.0,6.25,1.09,0.37,17.9375,17.96875,17.65625,17.25,4.7,0.0,0.0,54.0
19.47625,0x220,0.0,0.0,1.0,6.25,0.95,0.4,17.9375,17.96875,17.65625,17.25,4.7,0.0,0.0,54.0
19.47763,0x316,0.0,0.0,1.0,6.25,0.95,0.4,17.9375,17.96875,17.65625,17.25,4.7,0.0,0.0,54.0
19.47962,0x2B0,0.0,0.0,1.0,6.25,0.95,0.4,17.9375,17.96875,17.65625,17.25,4.7,0.0,0.0,54.0
19.48625,0x220,0.0,0.0,1.0,6.25,0.94,0.29,17.9375,17.96875,17.65625,17.25,4.7,0.0,0.0,54.0
19.48648,0x386,0.0,0.0,1.0,6.25,0.94,0.29,17.875,17.90625,17.15625,17.625,4.7,0.0,0.0,54.0
19.48743,0x316,0.0,0.0,1.0,6.25,0.94,0.29,17.875,17.90625,17.15625,17.625,4.7,0.0,0.0,54.0
19.48962,0x2B0,0.0,0.0,1.0,6.25,0.94,0.29,17.875,17.90625,17.15625,17.625,4.7,0.0,0.0,54.0
19.49626,0x220,0.0,0.0,1.0,6.25,1.01,0.19,17.875,17.90625,17.15625,17.625,4.7,0.0,0.0,54.0
19.49743,0x316,0.0,0.0,1.0,6.25,1.01,0.19,17.875,17.90625,17.15625,17.625,4.7,0.0,0.0,54.0
19.49962,0x2B0,0.0,0.0,1.0,6.25,1.01,0.19,17.875,17.90625,17.15625,17.625,4.7,0.0,0.0,54.0
19.50625,0x220,0.0,0.0,1.0,6.25,1.2,0.21,17.875,17.90625,17.15625,17.625,4.7,0.0,0.0,54.0
19.50648,0x386,0.0,0.0,1.0,6.25,1.2,0.21,18.03125,17.90625,17.25,17.875,4.7,0.0,0.0,54.0
19.50743,0x316,0.0,0.0,1.0,6.25,1.2,0.21,18.03125,17.90625,17.25,17.875,4.7,0.0,0.0,54.0
19.50962,0x2B0,0.0,0.0,1.0,6.25,1.2,0.21,18.03125,17.90625,17.25,17.875,4.7,0.0,0.0,54.0
19.51625,0x220,0.0,0.0,1.0,6.25,1.34,0.3,18.03125,17.90625,17.25,17.875,4.7,0.0,0.0,54.0
19.51722,0x316,0.0,0.0,1.0,6.25,1.34,0.3,18.03125,17.90625,17.25,17.875,4.7,0.0,0.0,54.0
19.51963,0x2B0,0.0,0.0,1.0,6.25,1.34,0.3,18.03125,17.90625,17.25,17.875,4.7,0.0,0.0,54.0
19.52626,0x220,0.0,0.0,1.0,6.25,1.34,0.41,18.03125,17.90625,17.25,17.875,4.7,0.0,0.0,54.0
19.52648,0x386,0.0,0.0,1.0,6.25,1.34,0.41,17.90625,17.78125,17.5625,17.78125,4.7,0.0,0.0,54.0
19.52744,0x316,0.0,0.0,1.0,6.25,1.34,0.41,17.90625,17.78125,17.5625,17.78125,4.7,0.0,0.0,54.0
19.52963,0x2B0,0.0,0.0,1.0,6.25,1.34,0.41,17.90625,17.78125,17.5625,17.78125,4.7,0.0,0.0,54.0
19.53625,0x220,0.0,0.0,1.0,6.25,1.23,0.56,17.90625,17.78125,17.5625,17.78125,4.7,0.0,0.0,54.0
19.53724,0x316,0.0,0.0,1.0,6.25,1.23,0.56,17.90625,17.78125,17.5625,17.78125,4.7,0.0,0.0,54.0
19.53962,0x2B0,0.0,0.0,1.0,6.25,1.23,0.56,17.90625,17.78125,17.5625,17.78125,4.7,0.0,0.0,54.0
19.54625,0x220,0.0,0.0,1.0,6.25,1.1,0.75,17.90625,17.78125,17.5625,17.78125,4.7,0.0,0.0,54.0
19.54648,0x386,0.0,0.0,1.0,6.25,1.1,0.75,17.90625,17.8125,17.65625,18.09375,4.7,0.0,0.0,54.0
19.54743,0x316,0.0,0.0,1.0,6.25,1.1,0.75,17.90625,17.8125,17.65625,18.09375,4.7,0.0,0.0,54.0
19.54963,0x2B0,0.0,0.0,1.0,6.25,1.1,0.75,17.90625,17.8125,17.65625,18.09375,4.7,0.0,0.0,54.0
19.55625,0x220,0.0,0.0,1.0,6.25,1.07,0.88,17.90625,17.8125,17.65625,18.09375,4.7,0.0,0.0,54.0
19.55727,0x316,0.0,0.0,1.0,6.25,1.07,0.88,17.90625,17.8125,17.65625,18.09375,4.7,0.0,0.0,54.0
19.55962,0x2B0,0.0,0.0,1.0,6.25,1.07,0.88,17.90625,17.8125,17.65625,18.09375,4.7,0.0,0.0,54.0
19.56623,0x220,0.0,0.0,1.0,6.25,1.21,0.85,17.90625,17.8125,17.65625,18.09375,4.7,0.0,0.0,54.0
19.56646,0x386,0.0,0.0,1.0,6.25,1.21,0.85,17.8125,17.84375,17.59375,17.75,4.7,0.0,0.0,54.0
19.56755,0x316,0.0,0.0,1.0,6.25,1.21,0.85,17.8125,17.84375,17.59375,17.75,4.7,0.0,0.0,54.0
19.56962,0x2B0,0.0,0.0,1.0,6.25,1.21,0.85,17.8125,17.84375,17.59375,17.75,4.7,0.0,0.0,54.0
19.57626,0x220,0.0,0.0,1.0,6.25,1.48,0.65,17.8125,17.84375,17.59375,17.75,4.7,0.0,0.0,54.0
19.57745,0x316,0.0,0.0,1.0,6.25,1.48,0.65,17.8125,17.84375,17.59375,17.75,4.7,0.0,0.0,54.0
19.57962,0x2B0,0.0,0.0,1.0,6.25,1.48,0.65,17.8125,17.84375,17.59375,17.75,4.7,0.0,0.0,54.0
19.58625,0x220,0.0,0.0,1.0,6.25,1.74,0.47,17.8125,17.84375,17.59375,17.75,4.7,0.0,0.0,54.0
19.58649,0x386,0.0,0.0,1.0,6.25,1.74,0.47,17.78125,17.75,17.53125,17.71875,4.7,0.0,0.0,54.0
19.58745,0x316,0.0,0.0,1.0,6.25,1.74,0.47,17.78125,17.75,17.53125,17.71875,4.7,0.0,0.0,54.0
19.58962,0x2B0,0.0,0.0,1.0,6.25,1.74,0.47,17.78125,17.75,17.53125,17.71875,4.7,0.0,0.0,54.0
19.59625,0x220,0.0,0.0,1.0,6.25,1.96,0.41,17.78125,17.75,17.53125,17.71875,4.7,0.0,0.0,54.0
19.59742,0x316,0.0,0.0,1.0,6.25,1.96,0.41,17.78125,17.75,17.53125,17.71875,4.7,0.0,0.0,54.0
19.59961,0x2B0,0.0,0.0,1.0,6.25,1.96,0.41,17.78125,17.75,17.53125,17.71875,4.7,0.0,0.0,54.0
19.60626,0x220,0.0,0.0,1.0,6.25,2.09,0.4,17.78125,17.75,17.53125,17.71875,4.7,0.0,0.0,54.0
19.60649,0x386,0.0,0.0,1.0,6.25,2.09,0.4,17.75,17.78125,17.4375,17.84375,4.7,0.0,0.0,54.0
19.60744,0x316,0.0,0.0,1.0,6.25,2.09,0.4,17.75,17.78125,17.4375,17.84375,4.7,0.0,0.0,54.0
19.60962,0x2B0,0.0,0.0,1.0,6.25,2.09,0.4,17.75,17.78125,17.4375,17.84375,4.7,0.0,0.0,54.0
19.61626,0x220,0.0,0.0,1.0,6.25,2.11,0.33,17.75,17.78125,17.4375,17.84375,4.7,0.0,0.0,54.0
19.61723,0x316,0.0,0.0,1.0,6.25,2.11,0.33,17.75,17.78125,17.4375,17.84375,4.7,0.0,0.0,54.0
19.61962,0x2B0,0.0,0.0,1.0,6.25,2.11,0.33,17.75,17.78125,17.4375,17.84375,4.7,0.0,0.0,54.0
19.62626,0x220,0.0,0.0,1.0,6.25,2.07,0.2,17.75,17.78125,17.4375,17.84375,4.7,0.0,0.0,54.0
19.62648,0x386,0.0,0.0,1.0,6.25,2.07,0.2,17.75,17.84375,17.6875,17.8125,4.7,0.0,0.0,54.0
19.62744,0x316,0.0,0.0,1.0,6.25,2.07,0.2,17.75,17.84375,17.6875,17.8125,4.7,0.0,0.0,54.0
19.62961,0x2B0,0.0,0.0,1.0,6.25,2.07,0.2,17.75,17.84375,17.6875,17.8125,4.7,0.0,0.0,54.0
19.63625,0x220,0.0,0.0,1.0,6.25,2.08,0.15,17.75,17.84375,17.6875,17.8125,4.7,0.0,0.0,54.0
19.63728,0x316,0.0,0.0,1.0,6.25,2.08,0.15,17.75,17.84375,17.6875,17.8125,4.7,0.0,0.0,54.0
19.63961,0x2B0,0.0,0.0,1.0,6.25,2.08,0.15,17.75,17.84375,17.6875,17.8125,4.7,0.0,0.0,54.0
19.64625,0x220,0.0,0.0,1.0,6.25,2.16,0.23,17.75,17.84375,17.6875,17.8125,4.7,0.0,0.0,54.0
19.64648,0x386,0.0,0.0,1.0,6.25,2.16,0.23,17.875,17.75,17.84375,18.0625,4.7,0.0,0.0,54.0
19.64744,0x316,0.0,0.0,1.0,6.25,2.16,0.23,17.875,17.75,17.84375,18.0625,4.7,0.0,0.0,55.0
19.64962,0x2B0,0.0,0.0,1.0,6.25,2.16,0.23,17.875,17.75,17.84375,18.0625,4.7,0.0,0.0,55.0
19.65626,0x220,0.0,0.0,1.0,6.25,2.31,0.34,17.875,17.75,17.84375,18.0625,4.7,0.0,0.0,55.0
19.65726,0x316,0.0,0.0,1.0,6.25,2.31,0.34,17.875,17.75,17.84375,18.0625,4.7,0.0,0.0,55.0
19.65961,0x2B0,0.0,0.0,1.0,6.25,2.31,0.34,17.875,17.75,17.84375,18.0625,4.7,0.0,0.0,55.0
19.66623,0x220,0.0,0.0,1.0,6.25,2.4,0.33,17.875,17.75,17.84375,18.0625,4.7,0.0,0.0,55.0
19.66647,0x386,0.0,0.0,1.0,6.25,2.4,0.33,17.8125,17.71875,17.65625,18.21875,4.7,0.0,0.0,55.0
19.66766,0x316,0.0,0.0,1.0,6.25,2.4,0.33,17.8125,17.71875,17.65625,18.21875,4.7,0.0,0.0,55.0
19.66962,0x2B0,0.0,0.0,1.0,6.25,2.4,0.33,17.8125,17.71875,17.65625,18.21875,4.7,0.0,0.0,55.0
19.67626,0x220,0.0,0.0,1.0,6.25,2.32,0.2,17.8125,17.71875,17.65625,18.21875,4.7,0.0,0.0,55.0
19.67771,0x316,0.0,0.0,1.0,6.25,2.32,0.2,17.8125,17.71875,17.65625,18.21875,4.7,0.0,0.0,55.0
19.67961,0x2B0,0.0,0.0,1.0,6.25,2.32,0.2,17.8125,17.71875,17.65625,18.21875,4.7,0.0,0.0,55.0
19.68625,0x220,0.0,0.0,1.0,6.25,2.07,0.09,17.8125,17.71875,17.65625,18.21875,4.7,0.0,0.0,55.0
19.68648,0x386,0.0,0.0,1.0,6.25,2.07,0.09,17.9375,17.875,17.875,17.84375,4.7,0.0,0.0,55.0
19.68744,0x316,0.0,0.0,1.0,6.25,2.07,0.09,17.9375,17.875,17.875,17.84375,4.7,0.0,0.0,55.0
19.68961,0x2B0,0.0,0.0,1.0,6.25,2.07,0.09,17.9375,17.875,17.875,17.84375,4.7,0.0,0.0,55.0
19.69626,0x220,0.0,0.0,1.0,6.25,1.86,0.08,17.9375,17.875,17.875,17.84375,4.7,0.0,0.0,55.0
19.69737,0x316,0.0,0.0,1.0,6.25,1.86,0.08,17.9375,17.875,17.875,17.84375,4.7,0.0,0.0,55.0
19.69961,0x2B0,0.0,0.0,1.0,6.25,1.86,0.08,17.9375,17.875,17.875,17.84375,4.7,0.0,0.0,55.0
19.70626,0x220,0.0,0.0,1.0,6.25,1.77,0.0,17.9375,17.875,17.875,17.84375,4.7,0.0,0.0,55.0
19.70649,0x386,0.0,0.0,1.0,6.25,1.77,0.0,17.90625,17.96875,17.71875,17.65625,4.7,0.0,0.0,55.0
19.70745,0x316,0.0,0.0,1.0,6.25,1.77,0.0,17.90625,17.96875,17.71875,17.65625,4.7,0.0,0.0,55.0
19.70961,0x2B0,0.0,0.0,1.0,6.25,1.77,0.0,17.90625,17.96875,17.71875,17.65625,4.7,0.0,0.0,55.0
19.71626,0x220,0.0,0.0,1.0,6.25,1.77,-0.14,17.90625,17.96875,17.71875,17.65625,4.7,0.0,0.0,55.0
19.71731,0x316,0.0,0.0,1.0,6.25,1.77,-0.14,17.90625,17.96875,17.71875,17.65625,4.7,0.0,0.0,55.0
19.71964,0x2B0,0.0,0.0,1.0,6.25,1.77,-0.14,17.90625,17.96875,17.71875,17.65625,4.8,0.0,0.0,55.0
19.72626,0x220,0.0,0.0,1.0,6.25,1.86,-0.13,17.90625,17.96875,17.71875,17.65625,4.8,0.0,0.0,55.0
19.7265,0x386,0.0,0.0,1.0,6.25,1.86,-0.13,17.96875,18.09375,17.5,17.71875,4.8,0.0,0.0,55.0
19.72745,0x316,0.0,0.0,1.0,6.25,1.86,-0.13,17.96875,18.09375,17.5,17.71875,4.8,0.0,0.0,55.0
19.72962,0x2B0,0.0,0.0,1.0,6.25,1.86,-0.13,17.96875,18.09375,17.5,17.71875,4.8,0.0,0.0,55.0
19.73626,0x220,0.0,0.0,1.0,6.25,2.0,-0.01,17.96875,18.09375,17.5,17.71875,4.8,0.0,0.0,55.0
19.73722,0x316,0.0,0.0,1.0,6.25,2.0,-0.01,17.96875,18.09375,17.5,17.71875,4.8,0.0,0.0,55.0
19.73967,0x2B0,0.0,0.0,1.0,6.25,2.0,-0.01,17.96875,18.09375,17.5,17.71875,4.8,0.0,0.0,55.0
19.74625,0x220,0.0,0.0,1.0,6.25,2.19,0.02,17.96875,18.09375,17.5,17.71875,4.8,0.0,0.0,55.0
19.74649,0x386,0.0,0.0,1.0,6.25,2.19,0.02,17.96875,18.125,17.3125,17.78125,4.8,0.0,0.0,55.0
19.74744,0x316,0.0,0.0,1.0,6.25,2.19,0.02,17.96875,18.125,17.3125,17.78125,4.8,0.0,0.0,55.0
19.74964,0x2B0,0.0,0.0,1.0,6.25,2.19,0.02,17.96875,18.125,17.3125,17.78125,5.0,8.0,0.0,55.0
19.75626,0x220,0.0,0.0,1.0,6.25,2.33,0.0,17.96875,18.125,17.3125,17.78125,5.0,8.0,0.0,55.0
19.75734,0x316,0.0,0.0,1.0,6.25,2.33,0.0,17.96875,18.125,17.3125,17.78125,5.0,8.0,0.0,56.0
19.75964,0x2B0,0.0,0.0,1.0,6.25,2.33,0.0,17.96875,18.125,17.3125,17.78125,5.0,8.0,0.0,56.0
19.76624,0x220,0.0,0.0,1.0,6.25,2.3,0.04,17.96875,18.125,17.3125,17.78125,5.0,8.0,0.0,56.0
19.76647,0x386,0.0,0.0,1.0,6.25,2.3,0.04,18.03125,18.25,17.28125,17.59375,5.0,8.0,0.0,56.0
19.76755,0x316,0.0,0.0,1.0,6.25,2.3,0.04,18.03125,18.25,17.28125,17.59375,5.0,8.0,0.0,56.0
19.76965,0x2B0,0.0,0.0,1.0,6.25,2.3,0.04,18.03125,18.25,17.28125,17.59375,5.0,0.0,0.0,56.0
19.77625,0x220,0.0,0.0,1.0,6.25,2.22,0.12,18.03125,18.25,17.28125,17.59375,5.0,0.0,0.0,56.0
19.77742,0x316,0.0,0.0,1.0,6.25,2.22,0.12,18.03125,18.25,17.28125,17.59375,5.0,0.0,0.0,56.0
19.77964,0x2B0,0.0,0.0,1.0,6.25,2.22,0.12,18.03125,18.25,17.28125,17.59375,5.0,0.0,0.0,56.0
19.78625,0x220,0.0,0.0,1.0,6.25,2.13,0.15,18.03125,18.25,17.28125,17.59375,5.0,0.0,0.0,56.0
19.78648,0x386,0.0,0.0,1.0,6.25,2.13,0.15,18.03125,18.1875,17.6875,17.3125,5.0,0.0,0.0,56.0
19.78744,0x316,0.0,0.0,1.0,6.25,2.13,0.15,18.03125,18.1875,17.6875,17.3125,5.0,0.0,0.0,56.0
19.78964,0x2B0,0.0,0.0,1.0,6.25,2.13,0.15,18.03125,18.1875,17.6875,17.3125,5.0,0.0,0.0,56.0
19.79625,0x220,0.0,0.0,1.0,6.25,2.02,0.15,18.03125,18.1875,17.6875,17.3125,5.0,0.0,0.0,56.0
19.79747,0x316,0.0,0.0,1.0,6.25,2.02,0.15,18.03125,18.1875,17.6875,17.3125,5.0,0.0,0.0,56.0
19.79963,0x2B0,0.0,0.0,1.0,6.25,2.02,0.15,18.03125,18.1875,17.6875,17.3125,5.0,0.0,0.0,56.0
19.80625,0x220,0.0,0.0,1.0,6.25,1.87,0.12,18.03125,18.1875,17.6875,17.3125,5.0,0.0,0.0,56.0
19.80648,0x386,0.0,0.0,1.0,6.25,1.87,0.12,18.125,18.125,17.34375,17.625,5.0,0.0,0.0,56.0
19.80744,0x316,0.0,0.0,1.0,6.25,1.87,0.12,18.125,18.125,17.34375,17.625,5.0,0.0,0.0,56.0
19.80967,0x2B0,0.0,0.0,1.0,6.25,1.87,0.12,18.125,18.125,17.34375,17.625,5.0,0.0,0.0,56.0
19.81625,0x220,0.0,0.0,1.0,6.25,1.63,0.08,18.125,18.125,17.34375,17.625,5.0,0.0,0.0,56.0
19.81722,0x316,0.0,0.0,1.0,6.25,1.63,0.08,18.125,18.125,17.34375,17.625,5.0,0.0,0.0,56.0
19.81965,0x2B0,0.0,0.0,1.0,6.25,1.63,0.08,18.125,18.125,17.34375,17.625,5.0,0.0,0.0,56.0
19.82626,0x220,0.0,0.0,1.0,6.25,1.34,0.07,18.125,18.125,17.34375,17.625,5.0,0.0,0.0,56.0
19.82649,0x386,0.0,0.0,1.0,6.25,1.34,0.07,17.90625,18.0,17.25,17.875,5.0,0.0,0.0,56.0
19.82745,0x316,0.0,0.0,1.0,6.25,1.34,0.07,17.90625,18.0,17.25,17.875,5.0,0.0,0.0,55.0
19.82971,0x2B0,0.0,0.0,1.0,6.25,1.34,0.07,17.90625,18.0,17.25,17.875,5.0,0.0,0.0,55.0
19.83625,0x220,0.0,0.0,1.0,6.25,1.11,0.16,17.90625,18.0,17.25,17.875,5.0,0.0,0.0,55.0
19.83731,0x316,0.0,0.0,1.0,6.25,1.11,0.16,17.90625,18.0,17.25,17.875,5.0,0.0,0.0,55.0
19.83965,0x2B0,0.0,0.0,1.0,6.25,1.11,0.16,17.90625,18.0,17.25,17.875,5.1,0.0,0.0,55.0
19.84625,0x220,0.0,0.0,1.0,6.25,1.05,0.26,17.90625,18.0,17.25,17.875,5.1,0.0,0.0,55.0
19.84648,0x386,0.0,0.0,1.0,6.25,1.05,0.26,17.90625,18.15625,17.71875,17.8125,5.1,0.0,0.0,55.0
19.84743,0x316,0.0,0.0,1.0,6.25,1.05,0.26,17.90625,18.15625,17.71875,17.8125,5.1,0.0,0.0,56.0
19.84961,0x2B0,0.0,0.0,1.0,6.25,1.05,0.26,17.90625,18.15625,17.71875,17.8125,5.1,0.0,0.0,56.0
19.85626,0x220,0.0,0.0,1.0,6.25,1.24,0.29,17.90625,18.15625,17.71875,17.8125,5.1,0.0,0.0,56.0
19.85724,0x316,0.0,0.0,1.0,6.25,1.24,0.29,17.90625,18.15625,17.71875,17.8125,5.1,0.0,0.0,56.0
19.85964,0x2B0,0.0,0.0,1.0,6.25,1.24,0.29,17.90625,18.15625,17.71875,17.8125,5.1,0.0,0.0,56.0
19.86624,0x220,0.0,0.0,1.0,6.25,1.7,0.26,17.90625,18.15625,17.71875,17.8125,5.1,0.0,0.0,56.0
19.86647,0x386,0.0,0.0,1.0,6.25,1.7,0.26,17.9375,17.96875,17.71875,18.0,5.1,0.0,0.0,56.0
19.86763,0x316,0.0,0.0,1.0,6.25,1.7,0.26,17.9375,17.96875,17.71875,18.0,5.1,0.0,0.0,56.0
19.86969,0x2B0,0.0,0.0,1.0,6.25,1.7,0.26,17.9375,17.96875,17.71875,18.0,5.1,0.0,0.0,56.0
19.87626,0x220,0.0,0.0,1.0,6.25,2.12,0.23,17.9375,17.96875,17.71875,18.0,5.1,0.0,0.0,56.0
19.87772,0x316,0.0,0.0,1.0,6.25,2.12,0.23,17.9375,17.96875,17.71875,18.0,5.1,0.0,0.0,56.0
19.87964,0x2B0,0.0,0.0,1.0,6.25,2.12,0.23,17.9375,17.96875,17.71875,18.0,5.3,8.0,0.0,56.0
19.88625,0x220,0.0,0.0,1.0,6.25,2.3,0.2,17.9375,17.96875,17.71875,18.0,5.3,8.0,0.0,56.0
19.88648,0x386,0.0,0.0,1.0,6.25,2.3,0.2,17.9375,17.875,17.78125,18.125,5.3,8.0,0.0,56.0
19.88719,0x316,0.0,0.0,1.0,6.25,2.3,0.2,17.9375,17.875,17.78125,18.125,5.3,8.0,0.0,56.0
19.88962,0x2B0,0.0,0.0,1.0,6.25,2.3,0.2,17.9375,17.875,17.78125,18.125,5.3,8.0,0.0,56.0
19.89626,0x220,0.0,0.0,1.0,6.25,2.28,0.11,17.9375,17.875,17.78125,18.125,5.3,8.0,0.0,56.0
19.89737,0x316,0.0,0.0,1.0,6.25,2.28,0.11,17.9375,17.875,17.78125,18.125,5.3,8.0,0.0,56.0
19.89961,0x2B0,0.0,0.0,1.0,6.25,2.28,0.11,17.9375,17.875,17.78125,18.125,5.3,0.0,0.0,56.0
19.90626,0x220,0.0,0.0,1.0,6.25,2.06,-0.01,17.9375,17.875,17.78125,18.125,5.3,0.0,0.0,56.0
19.90649,0x386,0.0,0.0,1.0,6.25,2.06,-0.01,18.0,17.90625,18.03125,17.96875,5.3,0.0,0.0,56.0
19.90745,0x316,0.0,0.0,1.0,6.25,2.06,-0.01,18.0,17.90625,18.03125,17.96875,5.3,0.0,0.0,56.0
19.90965,0x2B0,0.0,0.0,1.0,6.25,2.06,-0.01,18.0,17.90625,18.03125,17.96875,5.4,0.0,0.0,56.0
19.91626,0x220,0.0,0.0,1.0,6.25,1.8,-0.13,18.0,17.90625,18.03125,17.96875,5.4,0.0,0.0,56.0
19.91727,0x316,0.0,0.0,1.0,6.25,1.8,-0.13,18.0,17.90625,18.03125,17.96875,5.4,0.0,0.0,56.0
19.91962,0x2B0,0.0,0.0,1.0,6.25,1.8,-0.13,18.0,17.90625,18.03125,17.96875,5.4,0.0,0.0,56.0
19.92626,0x220,0.0,0.0,1.0,6.25,1.78,-0.24,18.0,17.90625,18.03125,17.96875,5.4,0.0,0.0,56.0
19.9265,0x386,0.0,0.0,1.0,6.25,1.78,-0.24,17.9375,17.96875,17.875,17.96875,5.4,0.0,0.0,56.0
19.92745,0x316,0.0,0.0,1.0,6.25,1.78,-0.24,17.9375,17.96875,17.875,17.96875,5.4,0.0,0.0,56.0
19.92962,0x2B0,0.0,0.0,1.0,6.25,1.78,-0.24,17.9375,17.96875,17.875,17.96875,5.4,0.0,0.0,56.0
19.93626,0x220,0.0,0.0,1.0,6.25,2.04,-0.42,17.9375,17.96875,17.875,17.96875,5.4,0.0,0.0,56.0
19.93721,0x316,0.0,0.0,1.0,6.25,2.04,-0.42,17.9375,17.96875,17.875,17.96875,5.4,0.0,0.0,56.0
19.93962,0x2B0,0.0,0.0,1.0,6.25,2.04,-0.42,17.9375,17.96875,17.875,17.96875,5.4,0.0,0.0,56.0
19.94625,0x220,0.0,0.0,1.0,6.25,2.39,-0.68,17.9375,17.96875,17.875,17.96875,5.4,0.0,0.0,56.0
19.94649,0x386,0.0,0.0,1.0,6.25,2.39,-0.68,17.90625,17.96875,17.96875,17.84375,5.4,0.0,0.0,56.0
19.94745,0x316,0.0,0.0,1.0,6.25,2.39,-0.68,17.90625,17.96875,17.96875,17.84375,5.4,0.0,0.0,56.0
19.94963,0x2B0,0.0,0.0,1.0,6.25,2.39,-0.68,17.90625,17.96875,17.96875,17.84375,5.4,0.0,0.0,56.0
19.95626,0x220,0.0,0.0,1.0,6.25,2.62,-0.86,17.90625,17.96875,17.96875,17.84375,5.4,0.0,0.0,56.0
19.9573,0x316,0.0,0.0,1.0,6.25,2.62,-0.86,17.90625,17.96875,17.96875,17.84375,5.4,0.0,0.0,56.0
19.95961,0x2B0,0.0,0.0,1.0,6.25,2.62,-0.86,17.90625,17.96875,17.96875,17.84375,5.4,0.0,0.0,56.0
19.96624,0x220,0.0,0.0,1.0,6.25,2.65,-0.84,17.90625,17.96875,17.96875,17.84375,5.4,0.0,0.0,56.0
19.96647,0x386,0.0,0.0,1.0,6.25,2.65,-0.84,17.96875,17.96875,17.84375,17.78125,5.4,0.0,0.0,56.0
19.96754,0x316,0.0,0.0,1.0,6.25,2.65,-0.84,17.96875,17.96875,17.84375,17.78125,5.4,0.0,0.0,56.0
19.96961,0x2B0,0.0,0.0,1.0,6.25,2.65,-0.84,17.96875,17.96875,17.84375,17.78125,5.4,0.0,0.0,56.0
19.97626,0x220,0.0,0.0,1.0,6.25,2.46,-0.73,17.96875,17.96875,17.84375,17.78125,5.4,0.0,0.0,56.0
19.97742,0x316,0.0,0.0,1.0,6.25,2.46,-0.73,17.96875,17.96875,17.84375,17.78125,5.4,0.0,0.0,56.0
19.97962,0x2B0,0.0,0.0,1.0,6.25,2.46,-0.73,17.96875,17.96875,17.84375,17.78125,5.4,0.0,0.0,56.0
19.98625,0x220,0.0,0.0,1.0,6.25,2.12,-0.66,17.96875,17.96875,17.84375,17.78125,5.4,0.0,0.0,56.0
19.98648,0x386,0.0,0.0,1.0,6.25,2.12,-0.66,17.90625,18.0,17.71875,17.84375,5.4,0.0,0.0,56.0
19.98744,0x316,0.0,0.0,1.0,6.25,2.12,-0.66,17.90625,18.0,17.71875,17.84375,5.4,0.0,0.0,56.0
19.98962,0x2B0,0.0,0.0,1.0,6.25,2.12,-0.66,17.90625,18.0,17.71875,17.84375,5.4,0.0,0.0,56.0
19.99626,0x220,0.0,0.0,1.0,6.25,1.76,-0.71,17.90625,18.0,17.71875,17.84375,5.4,0.0,0.0,56.0
19.99746,0x316,0.0,0.0,1.0,6.25,1.76,-0.71,17.90625,18.0,17.71875,17.84375,5.4,0.0,0.0,56.0
19.99962,0x2B0,0.0,0.0,1.0,6.25,1.76,-0.71,17.90625,18.0,17.71875,17.84375,5.4,0.0,0.0,56.0
20.00625,0x220,0.0,0.0,1.0,6.25,1.53,-0.81,17.90625,18.0,17.71875,17.84375,5.4,0.0,0.0,56.0
20.00648,0x386,0.0,0.0,1.0,6.25,1.53,-0.81,18.09375,17.875,17.53125,18.0,5.4,0.0,0.0,56.0
20.00743,0x316,0.0,0.0,1.0,6.25,1.53,-0.81,18.09375,17.875,17.53125,18.0,5.4,0.0,0.0,56.0
20.00962,0x2B0,0.0,0.0,1.0,6.25,1.53,-0.81,18.09375,17.875,17.53125,18.0,5.4,0.0,0.0,56.0
20.01626,0x220,0.0,0.0,1.0,6.25,1.44,-0.77,18.09375,17.875,17.53125,18.0,5.4,0.0,0.0,56.0
20.01721,0x316,0.0,0.0,1.0,6.25,1.44,-0.77,18.09375,17.875,17.53125,18.0,5.4,0.0,0.0,56.0
20.01962,0x2B0,0.0,0.0,1.0,6.25,1.44,-0.77,18.09375,17.875,17.53125,18.0,5.4,0.0,0.0,56.0
20.02627,0x220,0.0,0.0,1.0,6.25,1.45,-0.62,18.09375,17.875,17.53125,18.0,5.4,0.0,0.0,56.0
20.0265,0x386,0.0,0.0,1.0,6.25,1.45,-0.62,18.0,17.96875,17.5625,17.84375,5.4,0.0,0.0,56.0
20.02747,0x316,0.0,0.0,1.0,6.25,1.45,-0.62,18.0,17.96875,17.5625,17.84375,5.4,0.0,0.0,56.0
20.02962,0x2B0,0.0,0.0,1.0,6.25,1.45,-0.62,18.0,17.96875,17.5625,17.84375,5.4,0.0,0.0,56.0
20.03626,0x220,0.0,0.0,1.0,6.25,1.47,-0.46,18.0,17.96875,17.5625,17.84375,5.4,0.0,0.0,56.0
20.03729,0x316,0.0,0.0,1.0,6.25,1.47,-0.46,18.0,17.96875,17.5625,17.84375,5.4,0.0,0.0,56.0
20.03962,0x2B0,0.0,0.0,1.0,6.25,1.47,-0.46,18.0,17.96875,17.5625,17.84375,5.4,0.0,0.0,56.0
20.04626,0x220,0.0,0.0,1.0,6.25,1.41,-0.23,18.0,17.96875,17.5625,17.84375,5.4,0.0,0.0,56.0
20.04649,0x386,0.0,0.0,1.0,6.25,1.41,-0.23,18.09375,17.84375,17.4375,17.46875,5.4,0.0,0.0,56.0
20.04745,0x316,0.0,0.0,1.0,6.25,1.41,-0.23,18.09375,17.84375,17.4375,17.46875,5.4,0.0,0.0,56.0
20.04969,0x2B0,0.0,0.0,1.0,6.25,1.41,-0.23,18.09375,17.84375,17.4375,17.46875,5.4,0.0,0.0,56.0
20.05627,0x220,0.0,0.0,1.0,6.25,1.35,0.0,18.09375,17.84375,17.4375,17.46875,5.4,0.0,0.0,56.0
20.05724,0x316,0.0,0.0,1.0,6.25,1.35,0.0,18.09375,17.84375,17.4375,17.46875,5.4,0.0,0.0,56.0
20.05963,0x2B0,0.0,0.0,1.0,6.25,1.35,0.0,18.09375,17.84375,17.4375,17.46875,5.5,0.0,0.0,56.0
20.06625,0x220,0.0,0.0,1.0,6.25,1.42,0.07,18.09375,17.84375,17.4375,17.46875,5.5,0.0,0.0,56.0
20.06648,0x386,0.0,0.0,1.0,6.25,1.42,0.07,18.0,17.90625,17.4375,17.40625,5.5,0.0,0.0,56.0
20.06754,0x316,0.0,0.0,1.0,6.25,1.42,0.07,18.0,17.90625,17.4375,17.40625,5.5,0.0,0.0,56.0
20.06961,0x2B0,0.0,0.0,1.0,6.25,1.42,0.07,18.0,17.90625,17.4375,17.40625,5.5,0.0,0.0,56.0
20.07627,0x220,0.0,0.0,1.0,6.25,1.51,-0.15,18.0,17.90625,17.4375,17.40625,5.5,0.0,0.0,56.0
20.07772,0x316,0.0,0.0,1.0,6.25,1.51,-0.15,18.0,17.90625,17.4375,17.40625,5.5,0.0,0.0,56.0
20.0796,0x2B0,0.0,0.0,1.0,6.25,1.51,-0.15,18.0,17.90625,17.4375,17.40625,5.5,0.0,0.0,56.0
20.08626,0x220,0.0,0.0,1.0,6.25,1.55,-0.48,18.0,17.90625,17.4375,17.40625,5.5,0.0,0.0,56.0
20.0865,0x386,0.0,0.0,1.0,6.25,1.55,-0.48,17.75,18.09375,17.59375,17.78125,5.5,0.0,0.0,56.0
20.0872,0x316,0.0,0.0,1.0,6.25,1.55,-0.48,17.75,18.09375,17.59375,17.78125,5.5,0.0,0.0,56.0
20.08959,0x2B0,0.0,0.0,1.0,6.25,1.55,-0.48,17.75,18.09375,17.59375,17.78125,5.5,0.0,0.0,56.0
20.09626,0x220,0.0,0.0,1.0,6.25,1.57,-0.35,17.75,18.09375,17.59375,17.78125,5.5,0.0,0.0,56.0
20.09735,0x316,0.0,0.0,1.0,6.25,1.57,-0.35,17.75,18.09375,17.59375,17.78125,5.5,0.0,0.0,56.0
20.09959,0x2B0,0.0,0.0,1.0,6.25,1.57,-0.35,17.75,18.09375,17.59375,17.78125,5.5,0.0,0.0,56.0
20.10626,0x220,0.0,0.0,1.0,6.25,1.71,0.26,17.75,18.09375,17.59375,17.78125,5.5,0.0,0.0,56.0
20.1065,0x386,0.0,0.0,1.0,6.25,1.71,0.26,17.9375,17.90625,18.03125,18.03125,5.5,0.0,0.0,56.0
20.10746,0x316,0.0,0.0,1.0,6.25,1.71,0.26,17.9375,17.90625,18.03125,18.03125,5.5,0.0,0.0,56.0
20.10966,0x2B0,0.0,0.0,1.0,6.25,1.71,0.26,17.9375,17.90625,18.03125,18.03125,5.5,0.0,0.0,56.0
20.11626,0x220,0.0,0.0,1.0,6.25,2.01,0.82,17.9375,17.90625,18.03125,18.03125,5.5,0.0,0.0,56.0
20.11728,0x316,0.0,0.0,1.0,6.25,2.01,0.82,17.9375,17.90625,18.03125,18.03125,5.5,0.0,0.0,56.0
20.11966,0x2B0,0.0,0.0,1.0,6.25,2.01,0.82,17.9375,17.90625,18.03125,18.03125,5.4,0.0,0.0,56.0
20.12627,0x220,0.0,0.0,1.0,6.25,2.37,0.74,17.9375,17.90625,18.03125,18.03125,5.4,0.0,0.0,56.0
20.12649,0x386,0.0,0.0,1.0,6.25,2.37,0.74,17.8125,17.96875,18.15625,17.90625,5.4,0.0,0.0,56.0
20.1272,0x316,0.0,0.0,1.0,6.25,2.37,0.74,17.8125,17.96875,18.15625,17.90625,5.4,0.0,0.0,56.0
20.12965,0x2B0,0.0,0.0,1.0,6.25,2.37,0.74,17.8125,17.96875,18.15625,17.90625,5.4,0.0,0.0,56.0
20.13627,0x220,0.0,0.0,1.0,6.25,2.49,0.19,17.8125,17.96875,18.15625,17.90625,5.4,0.0,0.0,56.0
20.13723,0x316,0.0,0.0,1.0,6.25,2.49,0.19,17.8125,17.96875,18.15625,17.90625,5.4,0.0,0.0,56.0
20.13964,0x2B0,0.0,0.0,1.0,6.25,2.49,0.19,17.8125,17.96875,18.15625,17.90625,5.2,8.0,0.0,56.0
20.14626,0x220,0.0,0.0,1.0,6.25,2.28,-0.12,17.8125,17.96875,18.15625,17.90625,5.2,8.0,0.0,56.0
20.14649,0x386,0.0,0.0,1.0,6.25,2.28,-0.12,18.0,17.90625,18.03125,17.6875,5.2,8.0,0.0,56.0
20.14744,0x316,0.0,0.0,1.0,6.25,2.28,-0.12,18.0,17.90625,18.03125,17.6875,5.2,8.0,0.0,56.0
20.14965,0x2B0,0.0,0.0,1.0,6.25,2.28,-0.12,18.0,17.90625,18.03125,17.6875,5.2,8.0,0.0,56.0
20.15626,0x220,0.0,0.0,1.0,6.25,1.93,0.04,18.0,17.90625,18.03125,17.6875,5.2,8.0,0.0,56.0
20.15739,0x316,0.0,0.0,1.0,6.25,1.93,0.04,18.0,17.90625,18.03125,17.6875,5.2,8.0,0.0,56.0
20.15966,0x2B0,0.0,0.0,1.0,6.25,1.93,0.04,18.0,17.90625,18.03125,17.6875,5.0,8.0,0.0,56.0
20.16625,0x220,0.0,0.0,1.0,6.25,1.67,0.43,18.0,17.90625,18.03125,17.6875,5.0,8.0,0.0,56.0
20.16648,0x386,0.0,0.0,1.0,6.25,1.67,0.43,17.875,18.03125,17.78125,17.75,5.0,8.0,0.0,56.0
20.16747,0x316,0.0,0.0,1.0,6.25,1.67,0.43,17.875,18.03125,17.78125,17.75,5.0,8.0,0.0,56.0
20.16965,0x2B0,0.0,0.0,1.0,6.25,1.67,0.43,17.875,18.03125,17.78125,17.75,5.0,8.0,0.0,56.0
20.17627,0x220,0.0,0.0,1.0,6.25,1.58,0.35,17.875,18.03125,17.78125,17.75,5.0,8.0,0.0,56.0
20.17752,0x316,0.0,0.0,1.0,6.25,1.58,0.35,17.875,18.03125,17.78125,17.75,5.0,8.0,0.0,56.0
20.17963,0x2B0,0.0,0.0,1.0,6.25,1.58,0.35,17.875,18.03125,17.78125,17.75,4.9,0.0,0.0,56.0
20.18627,0x220,0.0,0.0,1.0,6.25,1.63,-0.02,17.875,18.03125,17.78125,17.75,4.9,0.0,0.0,56.0
20.1865,0x386,0.0,0.0,1.0,6.25,1.63,-0.02,17.9375,18.25,17.59375,17.625,4.9,0.0,0.0,56.0
20.18721,0x316,0.0,0.0,1.0,6.25,1.63,-0.02,17.9375,18.25,17.59375,17.625,4.9,0.0,0.0,56.0
20.1896,0x2B0,0.0,0.0,1.0,6.25,1.63,-0.02,17.9375,18.25,17.59375,17.625,4.9,0.0,0.0,56.0
20.19626,0x220,0.0,0.0,1.0,6.25,1.7,-0.12,17.9375,18.25,17.59375,17.625,4.9,0.0,0.0,56.0
20.19753,0x316,0.0,0.0,1.0,6.25,1.7,-0.12,17.9375,18.25,17.59375,17.625,4.9,0.0,0.0,56.0
20.19959,0x2B0,0.0,0.0,1.0,6.25,1.7,-0.12,17.9375,18.25,17.59375,17.625,4.9,0.0,0.0,56.0
20.20627,0x220,0.0,0.0,1.0,6.25,1.69,0.15,17.9375,18.25,17.59375,17.625,4.9,0.0,0.0,56.0
20.2065,0x386,0.0,0.0,1.0,6.25,1.69,0.15,18.03125,18.03125,17.4375,17.65625,4.9,0.0,0.0,56.0
20.20721,0x316,0.0,0.0,1.0,6.25,1.69,0.15,18.03125,18.03125,17.4375,17.65625,4.9,0.0,0.0,56.0
20.2096,0x2B0,0.0,0.0,1.0,6.25,1.69,0.15,18.03125,18.03125,17.4375,17.65625,4.9,0.0,0.0,56.0
20.21627,0x220,0.0,0.0,1.0,6.25,1.52,0.49,18.03125,18.03125,17.4375,17.65625,4.9,0.0,0.0,56.0
20.21727,0x316,0.0,0.0,1.0,6.25,1.52,0.49,18.03125,18.03125,17.4375,17.65625,4.9,0.0,0.0,56.0
20.21959,0x2B0,0.0,0.0,1.0,6.25,1.52,0.49,18.03125,18.03125,17.4375,17.65625,4.9,0.0,0.0,56.0
20.22627,0x220,0.0,0.0,1.0,6.25,1.24,0.64,18.03125,18.03125,17.4375,17.65625,4.9,0.0,0.0,56.0
20.22651,0x386,0.0,0.0,1.0,6.25,1.24,0.64,18.03125,18.03125,17.28125,17.84375,4.9,0.0,0.0,56.0
20.22722,0x316,0.0,0.0,1.0,6.25,1.24,0.64,18.03125,18.03125,17.28125,17.84375,4.9,0.0,0.0,56.0
20.2296,0x2B0,0.0,0.0,1.0,6.25,1.24,0.64,18.03125,18.03125,17.28125,17.84375,4.9,0.0,0.0,56.0
20.23627,0x220,0.0,0.0,1.0,6.25,0.91,0.57,18.03125,18.03125,17.28125,17.84375,4.9,0.0,0.0,56.0
20.23736,0x316,0.0,0.0,1.0,6.25,0.91,0.57,18.03125,18.03125,17.28125,17.84375,4.9,0.0,0.0,56.0
20.23958,0x2B0,0.0,0.0,1.0,6.25,0.91,0.57,18.03125,18.03125,17.28125,17.84375,4.9,0.0,0.0,56.0
20.24627,0x220,0.0,0.0,1.0,6.25,0.68,0.52,18.03125,18.03125,17.28125,17.84375,4.9,0.0,0.0,56.0
20.2465,0x386,0.0,0.0,1.0,6.25,0.68,0.52,17.96875,18.03125,17.59375,18.09375,4.9,0.0,0.0,56.0
20.24747,0x316,0.0,0.0,1.0,6.25,0.68,0.52,17.96875,18.03125,17.59375,18.09375,4.9,0.0,0.0,56.0
20.24957,0x2B0,0.0,0.0,1.0,6.25,0.68,0.52,17.96875,18.03125,17.59375,18.09375,4.9,0.0,0.0,56.0
20.25626,0x220,0.0,0.0,1.0,6.25,0.72,0.63,17.96875,18.03125,17.59375,18.09375,4.9,0.0,0.0,56.0
20.25729,0x316,0.0,0.0,1.0,6.25,0.72,0.63,17.96875,18.03125,17.59375,18.09375,4.9,0.0,0.0,56.0
20.25957,0x2B0,0.0,0.0,1.0,6.25,0.72,0.63,17.96875,18.03125,17.59375,18.09375,4.9,0.0,0.0,56.0
20.26625,0x220,0.0,0.0,1.0,6.25,0.96,0.81,17.96875,18.03125,17.59375,18.09375,4.9,0.0,0.0,56.0
20.26648,0x386,0.0,0.0,1.0,6.25,0.96,0.81,17.9375,17.84375,17.78125,17.84375,4.9,0.0,0.0,56.0
20.2675,0x316,0.0,0.0,1.0,6.25,0.96,0.81,17.9375,17.84375,17.78125,17.84375,4.9,0.0,0.0,56.0
20.26958,0x2B0,0.0,0.0,1.0,6.25,0.96,0.81,17.9375,17.84375,17.78125,17.84375,4.9,0.0,0.0,56.0
20.27626,0x220,0.0,0.0,1.0,6.25,1.24,0.88,17.9375,17.84375,17.78125,17.84375,4.9,0.0,0.0,56.0
20.27777,0x316,0.0,0.0,1.0,6.25,1.24,0.88,17.9375,17.84375,17.78125,17.84375,4.9,0.0,0.0,55.0
20.27958,0x2B0,0.0,0.0,1.0,6.25,1.24,0.88,17.9375,17.84375,17.78125,17.84375,4.9,0.0,0.0,55.0
20.28626,0x220,0.0,0.0,1.0,6.25,1.34,0.9,17.9375,17.84375,17.78125,17.84375,4.9,0.0,0.0,55.0
20.28649,0x386,0.0,0.0,1.0,6.25,1.34,0.9,17.9375,17.9375,17.53125,17.34375,4.9,0.0,0.0,55.0
20.28745,0x316,0.0,0.0,1.0,6.25,1.34,0.9,17.9375,17.9375,17.53125,17.34375,4.9,0.0,0.0,54.0
20.28958,0x2B0,0.0,0.0,1.0,6.25,1.34,0.9,17.9375,17.9375,17.53125,17.34375,4.9,0.0,0.0,54.0
20.29626,0x220,0.0,0.0,1.0,6.25,1.24,0.86,17.9375,17.9375,17.53125,17.34375,4.9,0.0,0.0,54.0
20.29739,0x316,0.0,0.0,1.0,6.25,1.24,0.86,17.9375,17.9375,17.53125,17.34375,4.9,0.0,0.0,55.0
20.29958,0x2B0,0.0,0.0,1.0,6.25,1.24,0.86,17.9375,17.9375,17.53125,17.34375,4.9,0.0,0.0,55.0
20.30626,0x220,0.0,0.0,1.0,6.25,0.96,0.67,17.9375,17.9375,17.53125,17.34375,4.9,0.0,0.0,55.0
20.30649,0x386,0.0,0.0,1.0,6.25,0.96,0.67,17.90625,17.84375,17.375,17.4375,4.9,0.0,0.0,55.0
20.30721,0x316,0.0,0.0,1.0,6.25,0.96,0.67,17.90625,17.84375,17.375,17.4375,4.9,0.0,0.0,55.0
20.30959,0x2B0,0.0,0.0,1.0,6.25,0.96,0.67,17.90625,17.84375,17.375,17.4375,4.9,0.0,0.0,55.0
20.31627,0x220,0.0,0.0,1.0,6.25,0.59,0.41,17.90625,17.84375,17.375,17.4375,4.9,0.0,0.0,55.0
20.31735,0x316,0.0,0.0,1.0,6.25,0.59,0.41,17.90625,17.84375,17.375,17.4375,4.9,0.0,0.0,55.0
20.31958,0x2B0,0.0,0.0,1.0,6.25,0.59,0.41,17.90625,17.84375,17.375,17.4375,4.9,0.0,0.0,55.0
20.32627,0x220,0.0,0.0,1.0,6.25,0.33,0.24,17.90625,17.84375,17.375,17.4375,4.9,0.0,0.0,55.0
20.3265,0x386,0.0,0.0,1.0,6.25,0.33,0.24,18.0,17.8125,17.59375,17.6875,4.9,0.0,0.0,55.0
20.32746,0x316,0.0,0.0,1.0,6.25,0.33,0.24,18.0,17.8125,17.59375,17.6875,4.9,0.0,0.0,55.0
20.32957,0x2B0,0.0,0.0,1.0,6.25,0.33,0.24,18.0,17.8125,17.59375,17.6875,4.9,0.0,0.0,55.0
20.33627,0x220,0.0,0.0,1.0,6.25,0.23,0.26,18.0,17.8125,17.59375,17.6875,4.9,0.0,0.0,55.0
20.33721,0x316,0.0,0.0,1.0,6.25,0.23,0.26,18.0,17.8125,17.59375,17.6875,4.9,0.0,0.0,55.0
20.33958,0x2B0,0.0,0.0,1.0,6.25,0.23,0.26,18.0,17.8125,17.59375,17.6875,4.9,0.0,0.0,55.0
20.34627,0x220,0.0,0.0,1.0,6.25,0.32,0.44,18.0,17.8125,17.59375,17.6875,4.9,0.0,0.0,55.0
20.3465,0x386,0.0,0.0,1.0,6.25,0.32,0.44,17.84375,17.78125,17.8125,17.90625,4.9,0.0,0.0,55.0
20.34722,0x316,0.0,0.0,1.0,6.25,0.32,0.44,17.84375,17.78125,17.8125,17.90625,4.9,0.0,0.0,56.0
20.34958,0x2B0,0.0,0.0,1.0,6.25,0.32,0.44,17.84375,17.78125,17.8125,17.90625,4.9,0.0,0.0,56.0
20.35626,0x220,0.0,0.0,1.0,6.25,0.55,0.58,17.84375,17.78125,17.8125,17.90625,4.9,0.0,0.0,56.0
20.35729,0x316,0.0,0.0,1.0,6.25,0.55,0.58,17.84375,17.78125,17.8125,17.90625,4.9,0.0,0.0,56.0
20.35958,0x2B0,0.0,0.0,1.0,6.25,0.55,0.58,17.84375,17.78125,17.8125,17.90625,4.9,0.0,0.0,56.0
20.36629,0x220,0.0,0.0,1.0,6.25,0.82,0.68,17.84375,17.78125,17.8125,17.90625,4.9,0.0,0.0,56.0
20.36652,0x386,0.0,0.0,1.0,6.25,0.82,0.68,17.90625,17.8125,17.625,17.84375,4.9,0.0,0.0,56.0
20.36759,0x316,0.0,0.0,1.0,6.25,0.82,0.68,17.90625,17.8125,17.625,17.84375,4.9,0.0,0.0,56.0
20.36958,0x2B0,0.0,0.0,1.0,6.25,0.82,0.68,17.90625,17.8125,17.625,17.84375,4.9,0.0,0.0,56.0
20.37627,0x220,0.0,0.0,1.0,6.25,1.15,0.79,17.90625,17.8125,17.625,17.84375,4.9,0.0,0.0,56.0
20.37742,0x316,0.0,0.0,1.0,6.25,1.15,0.79,17.90625,17.8125,17.625,17.84375,4.9,0.0,0.0,56.0
20.37957,0x2B0,0.0,0.0,1.0,6.25,1.15,0.79,17.90625,17.8125,17.625,17.84375,4.9,0.0,0.0,56.0
20.38627,0x220,0.0,0.0,1.0,6.25,1.46,0.75,17.90625,17.8125,17.625,17.84375,4.9,0.0,0.0,56.0
20.3865,0x386,0.0,0.0,1.0,6.25,1.46,0.75,17.875,17.59375,17.53125,18.0,4.9,0.0,0.0,56.0
20.38721,0x316,0.0,0.0,1.0,6.25,1.46,0.75,17.875,17.59375,17.53125,18.0,4.9,0.0,0.0,55.0
20.38957,0x2B0,0.0,0.0,1.0,6.25,1.46,0.75,17.875,17.59375,17.53125,18.0,4.9,0.0,0.0,55.0
20.39627,0x220,0.0,0.0,1.0,6.25,1.64,0.6,17.875,17.59375,17.53125,18.0,4.9,0.0,0.0,55.0
20.39749,0x316,0.0,0.0,1.0,6.25,1.64,0.6,17.875,17.59375,17.53125,18.0,4.9,0.0,0.0,55.0
20.39957,0x2B0,0.0,0.0,1.0,6.25,1.64,0.6,17.875,17.59375,17.53125,18.0,4.9,0.0,0.0,55.0
20.40627,0x220,0.0,0.0,1.0,6.25,1.62,0.52,17.875,17.59375,17.53125,18.0,4.9,0.0,0.0,55.0
20.4065,0x386,0.0,0.0,1.0,6.25,1.62,0.52,17.84375,17.75,17.5625,17.9375,4.9,0.0,0.0,55.0
20.40746,0x316,0.0,0.0,1.0,6.25,1.62,0.52,17.84375,17.75,17.5625,17.9375,4.9,0.0,0.0,54.0
20.40957,0x2B0,0.0,0.0,1.0,6.25,1.62,0.52,17.84375,17.75,17.5625,17.9375,4.9,0.0,0.0,54.0
20.41627,0x220,0.0,0.0,1.0,6.25,1.44,0.49,17.84375,17.75,17.5625,17.9375,4.9,0.0,0.0,54.0
20.41724,0x316,0.0,0.0,1.0,6.25,1.44,0.49,17.84375,17.75,17.5625,17.9375,4.9,0.0,0.0,55.0
20.41957,0x2B0,0.0,0.0,1.0,6.25,1.44,0.49,17.84375,17.75,17.5625,17.9375,4.9,0.0,0.0,55.0
20.42628,0x220,0.0,0.0,1.0,6.25,1.17,0.39,17.84375,17.75,17.5625,17.9375,4.9,0.0,0.0,55.0
20.42651,0x386,0.0,0.0,1.0,6.25,1.17,0.39,17.65625,17.78125,17.59375,17.90625,4.9,0.0,0.0,55.0
20.42722,0x316,0.0,0.0,1.0,6.25,1.17,0.39,17.65625,17.78125,17.59375,17.90625,4.9,0.0,0.0,55.0
20.42957,0x2B0,0.0,0.0,1.0,6.25,1.17,0.39,17.65625,17.78125,17.59375,17.90625,4.9,0.0,0.0,55.0
20.43627,0x220,0.0,0.0,1.0,6.25,1.03,0.34,17.65625,17.78125,17.59375,17.90625,4.9,0.0,0.0,55.0
20.4373,0x316,0.0,0.0,1.0,6.25,1.03,0.34,17.65625,17.78125,17.59375,17.90625,4.9,0.0,0.0,55.0
20.43957,0x2B0,0.0,0.0,1.0,6.25,1.03,0.34,17.65625,17.78125,17.59375,17.90625,4.9,0.0,0.0,55.0
20.44626,0x220,0.0,0.0,1.0,6.25,1.12,0.47,17.65625,17.78125,17.59375,17.90625,4.9,0.0,0.0,55.0
20.44649,0x386,0.0,0.0,1.0,6.25,1.12,0.47,18.09375,17.9375,17.4375,18.03125,4.9,0.0,0.0,55.0
20.44744,0x316,0.0,0.0,1.0,6.25,1.12,0.47,18.09375,17.9375,17.4375,18.03125,4.9,0.0,0.0,55.0
20.44957,0x2B0,0.0,0.0,1.0,6.25,1.12,0.47,18.09375,17.9375,17.4375,18.03125,4.9,0.0,0.0,55.0
20.45628,0x220,0.0,0.0,1.0,6.25,1.54,0.6,18.09375,17.9375,17.4375,18.03125,4.9,0.0,0.0,55.0
20.45725,0x316,0.0,0.0,1.0,6.25,1.54,0.6,18.09375,17.9375,17.4375,18.03125,4.9,0.0,0.0,55.0
20.45957,0x2B0,0.0,0.0,1.0,6.25,1.54,0.6,18.09375,17.9375,17.4375,18.03125,4.9,0.0,0.0,55.0
20.46628,0x220,0.0,0.0,1.0,6.25,2.23,0.5,18.09375,17.9375,17.4375,18.03125,4.9,0.0,0.0,55.0
20.46651,0x386,0.0,0.0,1.0,6.25,2.23,0.5,17.34375,17.875,17.5,18.0,4.9,0.0,0.0,55.0
20.46748,0x316,0.0,0.0,1.0,6.25,2.23,0.5,17.34375,17.875,17.5,18.0,4.9,0.0,0.0,56.0
20.46957,0x2B0,0.0,0.0,1.0,6.25,2.23,0.5,17.34375,17.875,17.5,18.0,4.9,0.0,0.0,56.0
20.47627,0x220,0.0,0.0,1.0,6.25,2.82,0.19,17.34375,17.875,17.5,18.0,4.9,0.0,0.0,56.0
20.47769,0x316,0.0,0.0,1.0,6.25,2.82,0.19,17.34375,17.875,17.5,18.0,4.9,0.0,0.0,56.0
20.47957,0x2B0,0.0,0.0,1.0,6.25,2.82,0.19,17.34375,17.875,17.5,18.0,4.9,0.0,0.0,56.0
20.48627,0x220,0.0,0.0,1.0,6.25,3.18,-0.01,17.34375,17.875,17.5,18.0,4.9,0.0,0.0,56.0
20.48649,0x386,0.0,0.0,1.0,6.25,3.18,-0.01,17.59375,17.46875,17.75,17.8125,4.9,0.0,0.0,56.0
20.48746,0x316,0.0,0.0,1.0,6.25,3.18,-0.01,17.59375,17.46875,17.75,17.8125,4.9,0.0,0.0,56.0
20.48956,0x2B0,0.0,0.0,1.0,6.25,3.18,-0.01,17.59375,17.46875,17.75,17.8125,4.9,0.0,0.0,56.0
20.49628,0x220,0.0,0.0,1.0,6.25,3.33,0.16,17.59375,17.46875,17.75,17.8125,4.9,0.0,0.0,56.0
20.49738,0x316,0.0,0.0,1.0,6.25,3.33,0.16,17.59375,17.46875,17.75,17.8125,4.9,0.0,0.0,56.0
20.49959,0x2B0,0.0,0.0,1.0,6.25,3.33,0.16,17.59375,17.46875,17.75,17.8125,4.9,0.0,0.0,56.0
20.50627,0x220,0.0,0.0,1.0,6.25,3.52,0.42,17.59375,17.46875,17.75,17.8125,4.9,0.0,0.0,56.0
20.5065,0x386,0.0,0.0,1.0,6.25,3.52,0.42,17.625,17.84375,17.65625,17.5,4.9,0.0,0.0,56.0
20.50746,0x316,0.0,0.0,1.0,6.25,3.52,0.42,17.625,17.84375,17.65625,17.5,4.9,0.0,0.0,56.0
20.50957,0x2B0,0.0,0.0,1.0,6.25,3.52,0.42,17.625,17.84375,17.65625,17.5,4.9,0.0,0.0,56.0
20.51627,0x220,0.0,0.0,1.0,6.25,3.7,0.15,17.625,17.84375,17.65625,17.5,4.9,0.0,0.0,56.0
20.51727,0x316,0.0,0.0,1.0,6.25,3.7,0.15,17.625,17.84375,17.65625,17.5,4.9,0.0,0.0,56.0
20.51957,0x2B0,0.0,0.0,1.0,6.25,3.7,0.15,17.625,17.84375,17.65625,17.5,4.9,0.0,0.0,56.0
20.52628,0x220,0.0,0.0,1.0,6.25,3.64,-0.63,17.625,17.84375,17.65625,17.5,4.9,0.0,0.0,56.0
20.52651,0x386,0.0,0.0,1.0,6.25,3.64,-0.63,17.6875,17.875,17.75,17.65625,4.9,0.0,0.0,56.0
20.52747,0x316,0.0,0.0,1.0,6.25,3.64,-0.63,17.6875,17.875,17.75,17.65625,4.9,0.0,0.0,56.0
20.52957,0x2B0,0.0,0.0,1.0,6.25,3.64,-0.63,17.6875,17.875,17.75,17.65625,4.9,0.0,0.0,56.0
20.53627,0x220,0.0,0.0,1.0,6.25,3.32,-1.19,17.6875,17.875,17.75,17.65625,4.9,0.0,0.0,56.0
20.53723,0x316,0.0,0.0,1.0,6.25,3.32,-1.19,17.6875,17.875,17.75,17.65625,4.9,0.0,0.0,56.0
20.53956,0x2B0,0.0,0.0,1.0,6.25,3.32,-1.19,17.6875,17.875,17.75,17.65625,4.9,0.0,0.0,56.0
20.54627,0x220,0.0,0.0,1.0,6.25,2.96,-1.07,17.6875,17.875,17.75,17.65625,4.9,0.0,0.0,56.0
20.5465,0x386,0.0,0.0,1.0,6.25,2.96,-1.07,17.90625,18.25,17.625,17.875,4.9,0.0,0.0,56.0
20.54722,0x316,0.0,0.0,1.0,6.25,2.96,-1.07,17.90625,18.25,17.625,17.875,4.9,0.0,0.0,56.0
20.54956,0x2B0,0.0,0.0,1.0,6.25,2.96,-1.07,17.90625,18.25,17.625,17.875,4.9,0.0,0.0,56.0
20.55627,0x220,0.0,0.0,1.0,6.25,2.8,-0.77,17.90625,18.25,17.625,17.875,4.9,0.0,0.0,56.0
20.55729,0x316,0.0,0.0,1.0,6.25,2.8,-0.77,17.90625,18.25,17.625,17.875,4.9,0.0,0.0,56.0
20.55956,0x2B0,0.0,0.0,1.0,6.25,2.8,-0.77,17.90625,18.25,17.625,17.875,4.9,0.0,0.0,56.0
20.56629,0x220,0.0,0.0,1.0,6.25,2.82,-0.55,17.90625,18.25,17.625,17.875,4.9,0.0,0.0,56.0
20.56652,0x386,0.0,0.0,1.0,6.25,2.82,-0.55,17.96875,18.3125,17.5,17.9375,4.9,0.0,0.0,56.0
20.56762,0x316,0.0,0.0,1.0,6.25,2.82,-0.55,17.96875,18.3125,17.5,17.9375,4.9,0.0,0.0,56.0
20.56955,0x2B0,0.0,0.0,1.0,6.25,2.82,-0.55,17.96875,18.3125,17.5,17.9375,4.9,0.0,0.0,56.0
20.57627,0x220,0.0,0.0,1.0,6.25,2.86,-0.49,17.96875,18.3125,17.5,17.9375,4.9,0.0,0.0,56.0
20.57744,0x316,0.0,0.0,1.0,6.25,2.86,-0.49,17.96875,18.3125,17.5,17.9375,4.9,0.0,0.0,56.0
20.57964,0x2B0,0.0,0.0,1.0,6.25,2.86,-0.49,17.96875,18.3125,17.5,17.9375,4.9,0.0,0.0,56.0
20.58627,0x220,0.0,0.0,1.0,6.25,2.87,-0.48,17.96875,18.3125,17.5,17.9375,4.9,0.0,0.0,56.0
20.58649,0x386,0.0,0.0,1.0,6.25,2.87,-0.48,18.28125,17.90625,17.40625,17.8125,4.9,0.0,0.0,56.0
20.58721,0x316,0.0,0.0,1.0,6.25,2.87,-0.48,18.28125,17.90625,17.40625,17.8125,4.9,0.0,0.0,57.0
20.58962,0x2B0,0.0,0.0,1.0,6.25,2.87,-0.48,18.28125,17.90625,17.40625,17.8125,5.0,0.0,0.0,57.0
20.59627,0x220,0.0,0.0,1.0,6.25,2.77,-0.64,18.28125,17.90625,17.40625,17.8125,5.0,0.0,0.0,57.0
20.59743,0x316,0.0,0.0,1.0,6.25,2.77,-0.64,18.28125,17.90625,17.40625,17.8125,5.0,0.0,0.0,57.0
20.59964,0x2B0,0.0,0.0,1.0,6.25,2.77,-0.64,18.28125,17.90625,17.40625,17.8125,5.0,0.0,0.0,57.0
20.60628,0x220,0.0,0.0,1.0,6.25,2.45,-0.96,18.28125,17.90625,17.40625,17.8125,5.0,0.0,0.0,57.0
20.60651,0x386,0.0,0.0,1.0,6.25,2.45,-0.96,18.0625,18.21875,17.46875,17.71875,5.0,0.0,0.0,57.0
20.60746,0x316,0.0,0.0,1.0,6.25,2.45,-0.96,18.0625,18.21875,17.46875,17.71875,5.0,0.0,0.0,57.0
20.6096,0x2B0,0.0,0.0,1.0,6.25,2.45,-0.96,18.0625,18.21875,17.46875,17.71875,5.0,0.0,0.0,57.0
20.61628,0x220,0.0,0.0,1.0,6.25,1.88,-1.11,18.0625,18.21875,17.46875,17.71875,5.0,0.0,0.0,57.0
20.61722,0x316,0.0,0.0,1.0,6.25,1.88,-1.11,18.0625,18.21875,17.46875,17.71875,5.0,0.0,0.0,57.0
20.61961,0x2B0,0.0,0.0,1.0,6.25,1.88,-1.11,18.0625,18.21875,17.46875,17.71875,5.1,0.0,0.0,57.0
20.62628,0x220,0.0,0.0,1.0,6.25,1.37,-0.85,18.0625,18.21875,17.46875,17.71875,5.1,0.0,0.0,57.0
20.62651,0x386,0.0,0.0,1.0,6.25,1.37,-0.85,18.15625,18.1875,17.65625,17.71875,5.1,0.0,0.0,57.0
20.62747,0x316,0.0,0.0,1.0,6.25,1.37,-0.85,18.15625,18.1875,17.65625,17.71875,5.1,0.0,0.0,57.0
20.62958,0x2B0,0.0,0.0,1.0,6.25,1.37,-0.85,18.15625,18.1875,17.65625,17.71875,5.1,0.0,0.0,57.0
20.63627,0x220,0.0,0.0,1.0,6.25,1.29,-0.26,18.15625,18.1875,17.65625,17.71875,5.1,0.0,0.0,57.0
20.63726,0x316,0.0,0.0,1.0,6.25,1.29,-0.26,18.15625,18.1875,17.65625,17.71875,5.1,0.0,0.0,57.0
20.63957,0x2B0,0.0,0.0,1.0,6.25,1.29,-0.26,18.15625,18.1875,17.65625,17.71875,5.1,0.0,0.0,57.0
20.64628,0x220,0.0,0.0,1.0,6.25,1.69,0.06,18.15625,18.1875,17.65625,17.71875,5.1,0.0,0.0,57.0
20.6465,0x386,0.0,0.0,1.0,6.25,1.69,0.06,18.15625,18.25,17.90625,17.6875,5.1,0.0,0.0,57.0
20.64746,0x316,0.0,0.0,1.0,6.25,1.69,0.06,18.15625,18.25,17.90625,17.6875,5.1,0.0,0.0,56.0
20.64966,0x2B0,0.0,0.0,1.0,6.25,1.69,0.06,18.15625,18.25,17.90625,17.6875,5.1,0.0,0.0,56.0
20.65628,0x220,0.0,0.0,1.0,6.25,2.2,-0.12,18.15625,18.25,17.90625,17.6875,5.1,0.0,0.0,56.0
20.65724,0x316,0.0,0.0,1.0,6.25,2.2,-0.12,18.15625,18.25,17.90625,17.6875,5.1,0.0,0.0,56.0
20.65959,0x2B0,0.0,0.0,1.0,6.25,2.2,-0.12,18.15625,18.25,17.90625,17.6875,5.2,0.0,0.0,56.0
20.66629,0x220,0.0,0.0,1.0,6.25,2.54,-0.61,18.15625,18.25,17.90625,17.6875,5.2,0.0,0.0,56.0
20.66653,0x386,0.0,0.0,1.0,6.25,2.54,-0.61,18.09375,17.9375,17.8125,17.46875,5.2,0.0,0.0,56.0
20.66754,0x316,0.0,0.0,1.0,6.25,2.54,-0.61,18.09375,17.9375,17.8125,17.46875,5.2,0.0,0.0,56.0
20.66957,0x2B0,0.0,0.0,1.0,6.25,2.54,-0.61,18.09375,17.9375,17.8125,17.46875,5.2,0.0,0.0,56.0
20.67628,0x220,0.0,0.0,1.0,6.25,2.46,-0.82,18.09375,17.9375,17.8125,17.46875,5.2,0.0,0.0,56.0
20.67761,0x316,0.0,0.0,1.0,6.25,2.46,-0.82,18.09375,17.9375,17.8125,17.46875,5.2,0.0,0.0,55.0
20.67958,0x2B0,0.0,0.0,1.0,6.25,2.46,-0.82,18.09375,17.9375,17.8125,17.46875,5.2,0.0,0.0,55.0
20.68627,0x220,0.0,0.0,1.0,6.25,2.04,-0.56,18.09375,17.9375,17.8125,17.46875,5.2,0.0,0.0,55.0
20.6865,0x386,0.0,0.0,1.0,6.25,2.04,-0.56,18.15625,17.9375,17.4375,17.65625,5.2,0.0,0.0,55.0
20.68746,0x316,0.0,0.0,1.0,6.25,2.04,-0.56,18.15625,17.9375,17.4375,17.65625,5.2,0.0,0.0,55.0
20.68957,0x2B0,0.0,0.0,1.0,6.25,2.04,-0.56,18.15625,17.9375,17.4375,17.65625,5.2,0.0,0.0,55.0
20.69628,0x220,0.0,0.0,1.0,6.25,1.52,-0.26,18.15625,17.9375,17.4375,17.65625,5.2,0.0,0.0,55.0
20.69735,0x316,0.0,0.0,1.0,6.25,1.52,-0.26,18.15625,17.9375,17.4375,17.65625,5.2,0.0,0.0,55.0
20.6997,0x2B0,0.0,0.0,1.0,6.25,1.52,-0.26,18.15625,17.9375,17.4375,17.65625,5.2,0.0,0.0,55.0
20.70628,0x220,0.0,0.0,1.0,6.25,0.99,-0.23,18.15625,17.9375,17.4375,17.65625,5.2,0.0,0.0,55.0
20.70651,0x386,0.0,0.0,1.0,6.25,0.99,-0.23,17.875,17.84375,17.40625,17.6875,5.2,0.0,0.0,55.0
20.70746,0x316,0.0,0.0,1.0,6.25,0.99,-0.23,17.875,17.84375,17.40625,17.6875,5.2,0.0,0.0,54.0
20.70958,0x2B0,0.0,0.0,1.0,6.25,0.99,-0.23,17.875,17.84375,17.40625,17.6875,5.2,0.0,0.0,54.0
20.71628,0x220,0.0,0.0,1.0,6.25,0.64,-0.34,17.875,17.84375,17.40625,17.6875,5.2,0.0,0.0,54.0
20.71723,0x316,0.0,0.0,1.0,6.25,0.64,-0.34,17.875,17.84375,17.40625,17.6875,5.2,0.0,0.0,54.0
20.71957,0x2B0,0.0,0.0,1.0,6.25,0.64,-0.34,17.875,17.84375,17.40625,17.6875,5.2,0.0,0.0,54.0
20.72629,0x220,0.0,0.0,1.0,6.25,0.53,-0.29,17.875,17.84375,17.40625,17.6875,5.2,0.0,0.0,54.0
20.72652,0x386,0.0,0.0,1.0,6.25,0.53,-0.29,17.9375,17.71875,17.9375,17.5,5.2,0.0,0.0,54.0
20.72748,0x316,0.0,0.0,1.0,6.25,0.53,-0.29,17.9375,17.71875,17.9375,17.5,5.2,0.0,0.0,54.0
20.72957,0x2B0,0.0,0.0,1.0,6.25,0.53,-0.29,17.9375,17.71875,17.9375,17.5,5.2,0.0,0.0,54.0
20.73628,0x220,0.0,0.0,1.0,6.25,0.67,-0.07,17.9375,17.71875,17.9375,17.5,5.2,0.0,0.0,54.0
20.73723,0x316,0.0,0.0,1.0,6.25,0.67,-0.07,17.9375,17.71875,17.9375,17.5,5.2,0.0,0.0,54.0
20.73963,0x2B0,0.0,0.0,1.0,6.25,0.67,-0.07,17.9375,17.71875,17.9375,17.5,5.2,0.0,0.0,54.0
20.74628,0x220,0.0,0.0,1.0,6.25,0.89,0.0,17.9375,17.71875,17.9375,17.5,5.2,0.0,0.0,54.0
20.74651,0x386,0.0,0.0,1.0,6.25,0.89,0.0,17.8125,17.78125,17.9375,17.46875,5.2,0.0,0.0,54.0
20.74747,0x316,0.0,0.0,1.0,6.25,0.89,0.0,17.8125,17.78125,17.9375,17.46875,5.2,0.0,0.0,54.0
20.74961,0x2B0,0.0,0.0,1.0,6.25,0.89,0.0,17.8125,17.78125,17.9375,17.46875,5.1,0.0,0.0,54.0
20.75628,0x220,0.0,0.0,1.0,6.25,0.96,0.0,17.8125,17.78125,17.9375,17.46875,5.1,0.0,0.0,54.0
20.75724,0x316,0.0,0.0,1.0,6.25,0.96,0.0,17.8125,17.78125,17.9375,17.46875,5.1,0.0,0.0,54.0
20.75963,0x2B0,0.0,0.0,1.0,6.25,0.96,0.0,17.8125,17.78125,17.9375,17.46875,5.1,0.0,0.0,54.0
20.76629,0x220,0.0,0.0,1.0,6.25,0.78,0.01,17.8125,17.78125,17.9375,17.46875,5.1,0.0,0.0,54.0
20.76652,0x386,0.0,0.0,1.0,6.25,0.78,0.01,17.8125,17.625,17.75,17.9375,5.1,0.0,0.0,54.0
20.76766,0x316,0.0,0.0,1.0,6.25,0.78,0.01,17.8125,17.625,17.75,17.9375,5.1,0.0,0.0,54.0
20.76963,0x2B0,0.0,0.0,1.0,6.25,0.78,0.01,17.8125,17.625,17.75,17.9375,5.1,0.0,0.0,54.0
20.77629,0x220,0.0,0.0,1.0,6.25,0.52,0.21,17.8125,17.625,17.75,17.9375,5.1,0.0,0.0,54.0
20.7775,0x316,0.0,0.0,1.0,6.25,0.52,0.21,17.8125,17.625,17.75,17.9375,5.1,0.0,0.0,54.0
20.77963,0x2B0,0.0,0.0,1.0,6.25,0.52,0.21,17.8125,17.625,17.75,17.9375,5.1,0.0,0.0,54.0
20.78627,0x220,0.0,0.0,1.0,6.25,0.4,0.31,17.8125,17.625,17.75,17.9375,5.1,0.0,0.0,54.0
20.7865,0x386,0.0,0.0,1.0,6.25,0.4,0.31,17.78125,17.625,17.59375,17.9375,5.1,0.0,0.0,54.0
20.78722,0x316,0.0,0.0,1.0,6.25,0.4,0.31,17.78125,17.625,17.59375,17.9375,5.1,0.0,0.0,54.0
20.78964,0x2B0,0.0,0.0,1.0,6.25,0.4,0.31,17.78125,17.625,17.59375,17.9375,5.1,0.0,0.0,54.0
20.79629,0x220,0.0,0.0,1.0,6.25,0.45,0.13,17.78125,17.625,17.59375,17.9375,5.1,0.0,0.0,54.0
20.79737,0x316,0.0,0.0,1.0,6.25,0.45,0.13,17.78125,17.625,17.59375,17.9375,5.1,0.0,0.0,54.0
20.79973,0x2B0,0.0,0.0,1.0,6.25,0.45,0.13,17.78125,17.625,17.59375,17.9375,5.0,0.0,0.0,54.0
20.80628,0x220,0.0,0.0,1.0,6.25,0.51,0.03,17.78125,17.625,17.59375,17.9375,5.0,0.0,0.0,54.0
20.80651,0x386,0.0,0.0,1.0,6.25,0.51,0.03,17.65625,17.6875,17.75,18.09375,5.0,0.0,0.0,54.0
20.80745,0x316,0.0,0.0,1.0,6.25,0.51,0.03,17.65625,17.6875,17.75,18.09375,5.0,0.0,0.0,54.0
20.8096,0x2B0,0.0,0.0,1.0,6.25,0.51,0.03,17.65625,17.6875,17.75,18.09375,5.0,0.0,0.0,54.0
20.81629,0x220,0.0,0.0,1.0,6.25,0.56,0.28,17.65625,17.6875,17.75,18.09375,5.0,0.0,0.0,54.0
20.8173,0x316,0.0,0.0,1.0,6.25,0.56,0.28,17.65625,17.6875,17.75,18.09375,5.0,0.0,0.0,54.0
20.8196,0x2B0,0.0,0.0,1.0,6.25,0.56,0.28,17.65625,17.6875,17.75,18.09375,4.8,8.0,0.0,54.0
20.82629,0x220,0.0,0.0,1.0,6.25,0.64,0.87,17.65625,17.6875,17.75,18.09375,4.8,8.0,0.0,54.0
20.82652,0x386,0.0,0.0,1.0,6.25,0.64,0.87,17.6875,17.59375,17.84375,17.875,4.8,8.0,0.0,54.0
20.82722,0x316,0.0,0.0,1.0,6.25,0.64,0.87,17.6875,17.59375,17.84375,17.875,4.8,8.0,0.0,54.0
20.8296,0x2B0,0.0,0.0,1.0,6.25,0.64,0.87,17.6875,17.59375,17.84375,17.875,4.8,8.0,0.0,54.0
20.83628,0x220,0.0,0.0,1.0,6.25,0.79,1.31,17.6875,17.59375,17.84375,17.875,4.8,8.0,0.0,54.0
20.83722,0x316,0.0,0.0,1.0,6.25,0.79,1.31,17.6875,17.59375,17.84375,17.875,4.8,8.0,0.0,54.0
20.83962,0x2B0,0.0,0.0,1.0,6.25,0.79,1.31,17.6875,17.59375,17.84375,17.875,4.6,8.0,0.0,54.0
20.84628,0x220,0.0,0.0,1.0,6.25,0.9,1.27,17.6875,17.59375,17.84375,17.875,4.6,8.0,0.0,54.0
20.84651,0x386,0.0,0.0,1.0,6.25,0.9,1.27,17.65625,17.8125,17.59375,17.5625,4.6,8.0,0.0,54.0
20.84747,0x316,0.0,0.0,1.0,6.25,0.9,1.27,17.65625,17.8125,17.59375,17.5625,4.6,8.0,0.0,54.0
20.8496,0x2B0,0.0,0.0,1.0,6.25,0.9,1.27,17.65625,17.8125,17.59375,17.5625,4.4,20.0,0.0,54.0
20.85629,0x220,0.0,0.0,1.0,6.25,0.93,0.92,17.65625,17.8125,17.59375,17.5625,4.4,20.0,0.0,54.0
20.85734,0x316,0.0,0.0,1.0,6.25,0.93,0.92,17.65625,17.8125,17.59375,17.5625,4.4,20.0,0.0,54.0
20.85962,0x2B0,0.0,0.0,1.0,6.25,0.93,0.92,17.65625,17.8125,17.59375,17.5625,4.3,12.0,0.0,54.0
20.8663,0x220,0.0,0.0,1.0,6.25,0.9,0.69,17.65625,17.8125,17.59375,17.5625,4.3,12.0,0.0,54.0
20.86653,0x386,0.0,0.0,1.0,6.25,0.9,0.69,17.75,17.8125,17.34375,17.65625,4.3,12.0,0.0,54.0
20.86754,0x316,0.0,0.0,1.0,6.25,0.9,0.69,17.75,17.8125,17.34375,17.65625,4.3,12.0,0.0,54.0
20.86963,0x2B0,0.0,0.0,1.0,6.25,0.9,0.69,17.75,17.8125,17.34375,17.65625,4.3,0.0,0.0,54.0
20.87628,0x220,0.0,0.0,1.0,6.25,0.89,0.77,17.75,17.8125,17.34375,17.65625,4.3,0.0,0.0,54.0
20.87759,0x316,0.0,0.0,1.0,6.25,0.89,0.77,17.75,17.8125,17.34375,17.65625,4.3,0.0,0.0,54.0
20.87962,0x2B0,0.0,0.0,1.0,6.25,0.89,0.77,17.75,17.8125,17.34375,17.65625,4.1,8.0,0.0,54.0
20.88628,0x220,0.0,0.0,1.0,6.25,1.04,0.96,17.75,17.8125,17.34375,17.65625,4.1,8.0,0.0,54.0
20.88651,0x386,0.0,0.0,1.0,6.25,1.04,0.96,17.84375,17.90625,17.25,17.5,4.1,8.0,0.0,54.0
20.88746,0x316,0.0,0.0,1.0,6.25,1.04,0.96,17.84375,17.90625,17.25,17.5,4.1,8.0,0.0,54.0
20.88963,0x2B0,0.0,0.0,1.0,6.25,1.04,0.96,17.84375,17.90625,17.25,17.5,4.1,8.0,0.0,54.0
20.89628,0x220,0.0,0.0,1.0,6.25,1.34,0.94,17.84375,17.90625,17.25,17.5,4.1,8.0,0.0,54.0
20.89744,0x316,0.0,0.0,1.0,6.25,1.34,0.94,17.84375,17.90625,17.25,17.5,4.1,8.0,0.0,55.0
20.89978,0x2B0,0.0,0.0,1.0,6.25,1.34,0.94,17.84375,17.90625,17.25,17.5,4.1,0.0,0.0,55.0
20.90627,0x220,0.0,0.0,1.0,6.25,1.67,0.78,17.84375,17.90625,17.25,17.5,4.1,0.0,0.0,55.0
20.9065,0x386,0.0,0.0,1.0,6.25,1.67,0.78,17.78125,17.90625,17.25,17.78125,4.1,0.0,0.0,55.0
20.90746,0x316,0.0,0.0,1.0,6.25,1.67,0.78,17.78125,17.90625,17.25,17.78125,4.1,0.0,0.0,54.0
20.90962,0x2B0,0.0,0.0,1.0,6.25,1.67,0.78,17.78125,17.90625,17.25,17.78125,4.0,0.0,0.0,54.0
20.91628,0x220,0.0,0.0,1.0,6.25,1.96,0.72,17.78125,17.90625,17.25,17.78125,4.0,0.0,0.0,54.0
20.9172,0x316,0.0,0.0,1.0,6.25,1.96,0.72,17.78125,17.90625,17.25,17.78125,4.0,0.0,0.0,54.0
20.91966,0x2B0,0.0,0.0,1.0,6.25,1.96,0.72,17.78125,17.90625,17.25,17.78125,4.0,0.0,0.0,54.0
20.92628,0x220,0.0,0.0,1.0,6.25,2.25,0.79,17.78125,17.90625,17.25,17.78125,4.0,0.0,0.0,54.0
20.92651,0x386,0.0,0.0,1.0,6.25,2.25,0.79,17.8125,18.0,17.03125,17.625,4.0,0.0,0.0,54.0
20.92746,0x316,0.0,0.0,1.0,6.25,2.25,0.79,17.8125,18.0,17.03125,17.625,4.0,0.0,0.0,54.0
20.92963,0x2B0,0.0,0.0,1.0,6.25,2.25,0.79,17.8125,18.0,17.03125,17.625,4.0,0.0,0.0,54.0
20.93628,0x220,0.0,0.0,1.0,6.25,2.52,0.77,17.8125,18.0,17.03125,17.625,4.0,0.0,0.0,54.0
20.93728,0x316,0.0,0.0,1.0,6.25,2.52,0.77,17.8125,18.0,17.03125,17.625,4.0,0.0,0.0,54.0
20.93963,0x2B0,0.0,0.0,1.0,6.25,2.52,0.77,17.8125,18.0,17.03125,17.625,4.0,0.0,0.0,54.0
20.94628,0x220,0.0,0.0,1.0,6.25,2.72,0.65,17.8125,18.0,17.03125,17.625,4.0,0.0,0.0,54.0
20.94651,0x386,0.0,0.0,1.0,6.25,2.72,0.65,17.78125,17.8125,17.3125,17.28125,4.0,0.0,0.0,54.0
20.94722,0x316,0.0,0.0,1.0,6.25,2.72,0.65,17.78125,17.8125,17.3125,17.28125,4.0,0.0,0.0,53.0
20.94963,0x2B0,0.0,0.0,1.0,6.25,2.72,0.65,17.78125,17.8125,17.3125,17.28125,4.0,0.0,0.0,53.0
20.95629,0x220,0.0,0.0,1.0,6.25,2.84,0.53,17.78125,17.8125,17.3125,17.28125,4.0,0.0,0.0,53.0
20.95725,0x316,0.0,0.0,1.0,6.25,2.84,0.53,17.78125,17.8125,17.3125,17.28125,4.0,0.0,0.0,53.0
20.95962,0x2B0,0.0,0.0,1.0,6.25,2.84,0.53,17.78125,17.8125,17.3125,17.28125,4.0,0.0,0.0,53.0
20.96634,0x220,0.0,0.0,1.0,6.25,2.92,0.38,17.78125,17.8125,17.3125,17.28125,4.0,0.0,0.0,53.0
20.96656,0x386,0.0,0.0,1.0,6.25,2.92,0.38,17.75,18.0625,17.03125,17.28125,4.0,0.0,0.0,53.0
20.96753,0x316,0.0,0.0,1.0,6.25,2.92,0.38,17.75,18.0625,17.03125,17.28125,4.0,0.0,0.0,52.0
20.96962,0x2B0,0.0,0.0,1.0,6.25,2.92,0.38,17.75,18.0625,17.03125,17.28125,4.0,0.0,0.0,52.0
20.97629,0x220,0.0,0.0,1.0,6.25,2.93,0.24,17.75,18.0625,17.03125,17.28125,4.0,0.0,0.0,52.0
20.97754,0x316,0.0,0.0,1.0,6.25,2.93,0.24,17.75,18.0625,17.03125,17.28125,4.0,0.0,0.0,52.0
20.97963,0x2B0,0.0,0.0,1.0,6.25,2.93,0.24,17.75,18.0625,17.03125,17.28125,4.0,0.0,0.0,52.0
20.98629,0x220,0.0,0.0,1.0,6.25,2.78,0.18,17.75,18.0625,17.03125,17.28125,4.0,0.0,0.0,52.0
20.98652,0x386,0.0,0.0,1.0,6.25,2.78,0.18,17.8125,17.9375,16.96875,17.28125,4.0,0.0,0.0,52.0
20.98723,0x316,0.0,0.0,1.0,6.25,2.78,0.18,17.8125,17.9375,16.96875,17.28125,4.0,0.0,0.0,52.0
20.98957,0x2B0,0.0,0.0,1.0,6.25,2.78,0.18,17.8125,17.9375,16.96875,17.28125,4.0,0.0,0.0,52.0
20.99629,0x220,0.0,0.0,1.0,6.25,2.55,0.18,17.8125,17.9375,16.96875,17.28125,4.0,0.0,0.0,52.0
20.99744,0x316,0.0,0.0,1.0,6.25,2.55,0.18,17.8125,17.9375,16.96875,17.28125,4.0,0.0,0.0,52.0
20.99959,0x2B0,0.0,0.0,1.0,6.25,2.55,0.18,17.8125,17.9375,16.96875,17.28125,4.0,0.0,0.0,52.0
21.0063,0x220,0.0,0.0,1.0,6.25,2.42,0.12,17.8125,17.9375,16.96875,17.28125,4.0,0.0,0.0,52.0
21.00653,0x386,0.0,0.0,1.0,6.25,2.42,0.12,18.03125,17.9375,17.34375,17.1875,4.0,0.0,0.0,52.0
21.00725,0x316,0.0,0.0,1.0,6.25,2.42,0.12,18.03125,17.9375,17.34375,17.1875,4.0,0.0,0.0,52.0
21.00957,0x2B0,0.0,0.0,1.0,6.25,2.42,0.12,18.03125,17.9375,17.34375,17.1875,4.0,0.0,0.0,52.0
21.0163,0x220,0.0,0.0,1.0,6.25,2.45,0.0,18.03125,17.9375,17.34375,17.1875,4.0,0.0,0.0,52.0
21.01734,0x316,0.0,0.0,1.0,6.25,2.45,0.0,18.03125,17.9375,17.34375,17.1875,4.0,0.0,0.0,53.0
21.01957,0x2B0,0.0,0.0,1.0,6.25,2.45,0.0,18.03125,17.9375,17.34375,17.1875,4.0,0.0,0.0,53.0
21.02632,0x220,0.0,0.0,1.0,6.25,2.61,-0.2,18.03125,17.9375,17.34375,17.1875,4.0,0.0,0.0,53.0
21.02655,0x386,0.0,0.0,1.0,6.25,2.61,-0.2,17.8125,17.9375,17.4375,17.40625,4.0,0.0,0.0,53.0
21.02726,0x316,0.0,0.0,1.0,6.25,2.61,-0.2,17.8125,17.9375,17.4375,17.40625,4.0,0.0,0.0,53.0
21.02957,0x2B0,0.0,0.0,1.0,6.25,2.61,-0.2,17.8125,17.9375,17.4375,17.40625,4.0,0.0,0.0,53.0
21.0363,0x220,0.0,0.0,1.0,6.25,2.75,-0.43,17.8125,17.9375,17.4375,17.40625,4.0,0.0,0.0,53.0
21.03727,0x316,0.0,0.0,1.0,6.25,2.75,-0.43,17.8125,17.9375,17.4375,17.40625,4.0,0.0,0.0,53.0
21.03959,0x2B0,0.0,0.0,1.0,6.25,2.75,-0.43,17.8125,17.9375,17.4375,17.40625,4.0,0.0,0.0,53.0
21.0463,0x220,0.0,0.0,1.0,6.25,2.72,-0.49,17.8125,17.9375,17.4375,17.40625,4.0,0.0,0.0,53.0
21.04653,0x386,0.0,0.0,1.0,6.25,2.72,-0.49,17.96875,17.84375,17.59375,18.09375,4.0,0.0,0.0,53.0
21.04725,0x316,0.0,0.0,1.0,6.25,2.72,-0.49,17.96875,17.84375,17.59375,18.09375,4.0,0.0,0.0,53.0
21.04958,0x2B0,0.0,0.0,1.0,6.25,2.72,-0.49,17.96875,17.84375,17.59375,18.09375,4.0,0.0,0.0,53.0
21.0563,0x220,0.0,0.0,1.0,6.25,2.47,-0.26,17.96875,17.84375,17.59375,18.09375,4.0,0.0,0.0,53.0
21.05736,0x316,0.0,0.0,1.0,6.25,2.47,-0.26,17.96875,17.84375,17.59375,18.09375,4.0,0.0,0.0,52.0
21.05965,0x2B0,0.0,0.0,1.0,6.25,2.47,-0.26,17.96875,17.84375,17.59375,18.09375,4.0,0.0,0.0,52.0
21.06637,0x220,0.0,0.0,1.0,6.25,2.07,0.07,17.96875,17.84375,17.59375,18.09375,4.0,0.0,0.0,52.0
21.0666,0x386,0.0,0.0,1.0,6.25,2.07,0.07,17.90625,17.78125,17.9375,17.625,4.0,0.0,0.0,52.0
21.06756,0x316,0.0,0.0,1.0,6.25,2.07,0.07,17.90625,17.78125,17.9375,17.625,4.0,0.0,0.0,52.0
21.06963,0x2B0,0.0,0.0,1.0,6.25,2.07,0.07,17.90625,17.78125,17.9375,17.625,4.0,0.0,0.0,52.0
21.07631,0x220,0.0,0.0,1.0,6.25,1.64,0.14,17.90625,17.78125,17.9375,17.625,4.0,0.0,0.0,52.0
21.07766,0x316,0.0,0.0,1.0,6.25,1.64,0.14,17.90625,17.78125,17.9375,17.625,4.0,0.0,0.0,52.0
21.07962,0x2B0,0.0,0.0,1.0,6.25,1.64,0.14,17.90625,17.78125,17.9375,17.625,4.0,0.0,0.0,52.0
21.08631,0x220,0.0,0.0,1.0,6.25,1.28,-0.02,17.90625,17.78125,17.9375,17.625,4.0,0.0,0.0,52.0
21.08653,0x386,0.0,0.0,1.0,6.25,1.28,-0.02,17.84375,17.84375,17.03125,17.5625,4.0,0.0,0.0,52.0
21.08724,0x316,0.0,0.0,1.0,6.25,1.28,-0.02,17.84375,17.84375,17.03125,17.5625,4.0,0.0,0.0,52.0
21.08962,0x2B0,0.0,0.0,1.0,6.25,1.28,-0.02,17.84375,17.84375,17.03125,17.5625,3.8,8.0,0.0,52.0
21.09631,0x220,0.0,0.0,1.0,6.25,0.97,-0.13,17.84375,17.84375,17.03125,17.5625,3.8,8.0,0.0,52.0
21.09751,0x316,0.0,0.0,1.0,6.25,0.97,-0.13,17.84375,17.84375,17.03125,17.5625,3.8,8.0,0.0,51.0
21.09956,0x2B0,0.0,0.0,1.0,6.25,0.97,-0.13,17.84375,17.84375,17.03125,17.5625,3.8,8.0,0.0,51.0
21.10631,0x220,0.0,0.0,1.0,6.25,0.71,0.0,17.84375,17.84375,17.03125,17.5625,3.8,8.0,0.0,51.0
21.10654,0x386,0.0,0.0,1.0,6.25,0.71,0.0,17.875,17.90625,17.0,17.46875,3.8,8.0,0.0,51.0
21.1075,0x316,0.0,0.0,1.0,6.25,0.71,0.0,17.875,17.90625,17.0,17.46875,3.8,8.0,0.0,51.0
21.10962,0x2B0,0.0,0.0,1.0,6.25,0.71,0.0,17.875,17.90625,17.0,17.46875,3.8,0.0,0.0,51.0
21.11631,0x220,0.0,0.0,1.0,6.25,0.5,0.3,17.875,17.90625,17.0,17.46875,3.8,0.0,0.0,51.0
21.11724,0x316,0.0,0.0,1.0,6.25,0.5,0.3,17.875,17.90625,17.0,17.46875,3.8,0.0,0.0,51.0
21.11962,0x2B0,0.0,0.0,1.0,6.25,0.5,0.3,17.875,17.90625,17.0,17.46875,3.8,0.0,0.0,51.0
21.12631,0x220,0.0,0.0,1.0,6.25,0.42,0.56,17.875,17.90625,17.0,17.46875,3.8,0.0,0.0,51.0
21.12655,0x386,0.0,0.0,1.0,6.25,0.42,0.56,17.90625,17.6875,17.5,17.21875,3.8,0.0,0.0,51.0
21.12725,0x316,0.0,0.0,1.0,6.25,0.42,0.56,17.90625,17.6875,17.5,17.21875,3.8,0.0,0.0,51.0
21.12963,0x2B0,0.0,0.0,1.0,6.25,0.42,0.56,17.90625,17.6875,17.5,17.21875,3.8,0.0,0.0,51.0
21.13631,0x220,0.0,0.0,1.0,6.25,0.46,0.72,17.90625,17.6875,17.5,17.21875,3.8,0.0,0.0,51.0
21.1373,0x316,0.0,0.0,1.0,6.25,0.46,0.72,17.90625,17.6875,17.5,17.21875,3.8,0.0,0.0,52.0
21.13962,0x2B0,0.0,0.0,1.0,6.25,0.46,0.72,17.90625,17.6875,17.5,17.21875,3.8,0.0,0.0,52.0
21.14631,0x220,0.0,0.0,1.0,6.25,0.48,0.7,17.90625,17.6875,17.5,17.21875,3.8,0.0,0.0,52.0
21.14654,0x386,0.0,0.0,1.0,6.25,0.48,0.7,17.78125,17.625,17.5,17.78125,3.8,0.0,0.0,52.0
21.1475,0x316,0.0,0.0,1.0,6.25,0.48,0.7,17.78125,17.625,17.5,17.78125,3.8,0.0,0.0,52.0
21.14962,0x2B0,0.0,0.0,1.0,6.25,0.48,0.7,17.78125,17.625,17.5,17.78125,3.8,0.0,0.0,52.0
21.15631,0x220,0.0,0.0,1.0,6.25,0.47,0.51,17.78125,17.625,17.5,17.78125,3.8,0.0,0.0,52.0
21.15726,0x316,0.0,0.0,1.0,6.25,0.47,0.51,17.78125,17.625,17.5,17.78125,3.8,0.0,0.0,52.0
21.15962,0x2B0,0.0,0.0,1.0,6.25,0.47,0.51,17.78125,17.625,17.5,17.78125,3.8,0.0,0.0,52.0
21.16641,0x220,0.0,0.0,1.0,6.25,0.5,0.4,17.78125,17.625,17.5,17.78125,3.8,0.0,0.0,52.0
21.16664,0x386,0.0,0.0,1.0,6.25,0.5,0.4,17.65625,17.8125,17.65625,18.40625,3.8,0.0,0.0,52.0
21.1676,0x316,0.0,0.0,1.0,6.25,0.5,0.4,17.65625,17.8125,17.65625,18.40625,3.8,0.0,0.0,52.0
21.16961,0x2B0,0.0,0.0,1.0,6.25,0.5,0.4,17.65625,17.8125,17.65625,18.40625,3.8,0.0,0.0,52.0
21.17631,0x220,0.0,0.0,1.0,6.25,0.59,0.52,17.65625,17.8125,17.65625,18.40625,3.8,0.0,0.0,52.0
21.17764,0x316,0.0,0.0,1.0,6.25,0.59,0.52,17.65625,17.8125,17.65625,18.40625,3.8,0.0,0.0,51.0
21.17962,0x2B0,0.0,0.0,1.0,6.25,0.59,0.52,17.65625,17.8125,17.65625,18.40625,3.7,0.0,0.0,51.0
21.1863,0x220,0.0,0.0,1.0,6.25,0.88,0.93,17.65625,17.8125,17.65625,18.40625,3.7,0.0,0.0,51.0
21.18653,0x386,0.0,0.0,1.0,6.25,0.88,0.93,17.71875,17.65625,18.3125,18.28125,3.7,0.0,0.0,51.0
21.18749,0x316,0.0,0.0,1.0,6.25,0.88,0.93,17.71875,17.65625,18.3125,18.28125,3.7,0.0,0.0,51.0
21.18964,0x2B0,0.0,0.0,1.0,6.25,0.88,0.93,17.71875,17.65625,18.3125,18.28125,3.7,0.0,0.0,51.0
21.19631,0x220,0.0,0.0,1.0,6.25,1.35,1.2,17.71875,17.65625,18.3125,18.28125,3.7,0.0,0.0,51.0
21.19742,0x316,0.0,0.0,1.0,6.25,1.35,1.2,17.71875,17.65625,18.3125,18.28125,3.7,0.0,0.0,50.0
21.19962,0x2B0,0.0,0.0,1.0,6.25,1.35,1.2,17.71875,17.65625,18.3125,18.28125,3.7,0.0,0.0,50.0
21.20631,0x220,0.0,0.0,1.0,6.25,1.87,1.0,17.71875,17.65625,18.3125,18.28125,3.7,0.0,0.0,50.0
21.20654,0x386,0.0,0.0,1.0,6.25,1.87,1.0,17.65625,17.75,18.8125,18.28125,3.7,0.0,0.0,50.0
21.20725,0x316,0.0,0.0,1.0,6.25,1.87,1.0,17.65625,17.75,18.8125,18.28125,3.7,0.0,0.0,49.0
21.20964,0x2B0,0.0,0.0,1.0,6.25,1.87,1.0,17.65625,17.75,18.8125,18.28125,3.6,0.0,0.0,49.0
21.21632,0x220,0.0,0.0,1.0,6.25,2.19,0.4,17.65625,17.75,18.8125,18.28125,3.6,0.0,0.0,49.0
21.21734,0x316,0.0,0.0,1.0,6.25,2.19,0.4,17.65625,17.75,18.8125,18.28125,3.6,0.0,0.0,48.0
21.21959,0x2B0,0.0,0.0,1.0,6.25,2.19,0.4,17.65625,17.75,18.8125,18.28125,3.6,0.0,0.0,48.0
21.22632,0x220,0.0,0.0,1.0,6.25,2.08,-0.15,17.65625,17.75,18.8125,18.28125,3.6,0.0,0.0,48.0
21.22655,0x386,0.0,0.0,1.0,6.25,2.08,-0.15,17.59375,17.84375,18.25,18.125,3.6,0.0,0.0,48.0
21.22751,0x316,0.0,0.0,1.0,6.25,2.08,-0.15,17.59375,17.84375,18.25,18.125,3.6,0.0,0.0,46.0
21.22958,0x2B0,0.0,0.0,1.0,6.25,2.08,-0.15,17.59375,17.84375,18.25,18.125,3.6,0.0,0.0,46.0
21.23631,0x220,0.0,0.0,1.0,6.25,1.74,-0.3,17.59375,17.84375,18.25,18.125,3.6,0.0,0.0,46.0
21.23723,0x316,0.0,0.0,1.0,6.25,1.74,-0.3,17.59375,17.84375,18.25,18.125,3.6,0.0,0.0,45.0
21.23957,0x2B0,0.0,0.0,1.0,6.25,1.74,-0.3,17.59375,17.84375,18.25,18.125,3.6,0.0,0.0,45.0
21.24631,0x220,0.0,0.0,1.0,6.25,1.4,-0.09,17.59375,17.84375,18.25,18.125,3.6,0.0,0.0,45.0
21.24654,0x386,0.0,0.0,1.0,6.25,1.4,-0.09,17.90625,17.9375,17.59375,18.0625,3.6,0.0,0.0,45.0
21.24725,0x316,0.0,0.0,1.0,6.25,1.4,-0.09,17.90625,17.9375,17.59375,18.0625,3.6,0.0,0.0,44.0
21.24958,0x2B0,0.0,0.0,1.0,6.25,1.4,-0.09,17.90625,17.9375,17.59375,18.0625,3.7,0.0,0.0,44.0
21.25632,0x220,0.0,0.0,1.0,6.25,1.25,0.0,17.90625,17.9375,17.59375,18.0625,3.7,0.0,0.0,44.0
21.25736,0x316,0.0,0.0,1.0,6.25,1.25,0.0,17.90625,17.9375,17.59375,18.0625,3.7,0.0,0.0,44.0
21.25957,0x2B0,0.0,0.0,1.0,6.25,1.25,0.0,17.90625,17.9375,17.59375,18.0625,3.7,0.0,0.0,44.0
21.26644,0x220,0.0,0.0,1.0,6.25,1.34,-0.31,17.90625,17.9375,17.59375,18.0625,3.7,0.0,0.0,44.0
21.26667,0x386,0.0,0.0,1.0,6.25,1.34,-0.31,18.03125,18.125,17.875,18.03125,3.7,0.0,0.0,44.0
21.26763,0x316,0.0,0.0,1.0,6.25,1.34,-0.31,18.03125,18.125,17.875,18.03125,3.7,0.0,0.0,44.0
21.26963,0x2B0,0.0,0.0,1.0,6.25,1.34,-0.31,18.03125,18.125,17.875,18.03125,3.7,0.0,0.0,44.0
21.27631,0x220,0.0,0.0,1.0,6.25,1.51,-0.78,18.03125,18.125,17.875,18.03125,3.7,0.0,0.0,44.0
21.27759,0x316,0.0,0.0,1.0,6.25,1.51,-0.78,18.03125,18.125,17.875,18.03125,3.7,0.0,0.0,44.0
21.27961,0x2B0,0.0,0.0,1.0,6.25,1.51,-0.78,18.03125,18.125,17.875,18.03125,3.8,0.0,0.0,44.0
21.28632,0x220,0.0,0.0,1.0,6.25,1.65,-0.95,18.03125,18.125,17.875,18.03125,3.8,0.0,0.0,44.0
21.28654,0x386,0.0,0.0,1.0,6.25,1.65,-0.95,18.125,18.3125,18.125,17.75,3.8,0.0,0.0,44.0
21.28725,0x316,0.0,0.0,1.0,6.25,1.65,-0.95,18.125,18.3125,18.125,17.75,3.8,0.0,0.0,44.0
21.28958,0x2B0,0.0,0.0,1.0,6.25,1.65,-0.95,18.125,18.3125,18.125,17.75,3.8,0.0,0.0,44.0
21.29632,0x220,0.0,0.0,1.0,6.25,1.85,-0.69,18.125,18.3125,18.125,17.75,3.8,0.0,0.0,44.0
21.29745,0x316,0.0,0.0,1.0,6.25,1.85,-0.69,18.125,18.3125,18.125,17.75,3.8,0.0,0.0,44.0
21.29963,0x2B0,0.0,0.0,1.0,6.25,1.85,-0.69,18.125,18.3125,18.125,17.75,3.8,0.0,0.0,44.0
21.30632,0x220,0.0,0.0,1.0,6.25,2.09,-0.32,18.125,18.3125,18.125,17.75,3.8,0.0,0.0,44.0
21.30655,0x386,0.0,0.0,1.0,6.25,2.09,-0.32,18.25,18.28125,17.8125,17.8125,3.8,0.0,0.0,44.0
21.30752,0x316,0.0,0.0,1.0,6.25,2.09,-0.32,18.25,18.28125,17.8125,17.8125,3.8,0.0,0.0,44.0
21.30961,0x2B0,0.0,0.0,1.0,6.25,2.09,-0.32,18.25,18.28125,17.8125,17.8125,3.6,8.0,0.0,44.0
21.31631,0x220,0.0,0.0,1.0,6.25,2.28,-0.23,18.25,18.28125,17.8125,17.8125,3.6,8.0,0.0,44.0
21.31723,0x316,0.0,0.0,1.0,6.25,2.28,-0.23,18.25,18.28125,17.8125,17.8125,3.6,8.0,0.0,43.0
21.31964,0x2B0,0.0,0.0,1.0,6.25,2.28,-0.23,18.25,18.28125,17.8125,17.8125,3.6,8.0,0.0,43.0
21.32633,0x220,0.0,0.0,1.0,6.25,2.37,-0.59,18.25,18.28125,17.8125,17.8125,3.6,8.0,0.0,43.0
21.32656,0x386,0.0,0.0,1.0,6.25,2.37,-0.59,18.34375,18.34375,17.4375,17.71875,3.6,8.0,0.0,43.0
21.32727,0x316,0.0,0.0,1.0,6.25,2.37,-0.59,18.34375,18.34375,17.4375,17.71875,3.6,8.0,0.0,42.0
21.32963,0x2B0,0.0,0.0,1.0,6.25,2.37,-0.59,18.34375,18.34375,17.4375,17.71875,3.6,0.0,0.0,42.0
21.33632,0x220,0.0,0.0,1.0,6.25,2.29,-1.16,18.34375,18.34375,17.4375,17.71875,3.6,0.0,0.0,42.0
21.33726,0x316,0.0,0.0,1.0,6.25,2.29,-1.16,18.34375,18.34375,17.4375,17.71875,3.6,0.0,0.0,40.0
21.33964,0x2B0,0.0,0.0,1.0,6.25,2.29,-1.16,18.34375,18.34375,17.4375,17.71875,3.5,0.0,0.0,40.0
21.34632,0x220,0.0,0.0,1.0,6.25,1.97,-1.46,18.34375,18.34375,17.4375,17.71875,3.5,0.0,0.0,40.0
21.34655,0x386,0.0,0.0,1.0,6.25,1.97,-1.46,18.5,18.8125,17.21875,17.0625,3.5,0.0,0.0,40.0
21.3475,0x316,0.0,0.0,1.0,6.25,1.97,-1.46,18.5,18.8125,17.21875,17.0625,3.5,0.0,0.0,38.0
21.34962,0x2B0,0.0,0.0,1.0,6.25,1.97,-1.46,18.5,18.8125,17.21875,17.0625,3.5,0.0,0.0,38.0
21.35632,0x220,0.0,0.0,1.0,6.25,1.52,-1.28,18.5,18.8125,17.21875,17.0625,3.5,0.0,0.0,38.0
21.35726,0x316,0.0,0.0,1.0,6.25,1.52,-1.28,18.5,18.8125,17.21875,17.0625,3.5,0.0,0.0,35.0
21.35962,0x2B0,0.0,0.0,1.0,6.25,1.52,-1.28,18.5,18.8125,17.21875,17.0625,3.4,0.0,0.0,35.0
21.36648,0x220,0.0,0.0,1.0,6.25,1.11,-0.87,18.5,18.8125,17.21875,17.0625,3.4,0.0,0.0,35.0
21.36671,0x386,0.0,0.0,1.0,6.25,1.11,-0.87,18.65625,18.53125,17.15625,17.15625,3.4,0.0,0.0,35.0
21.36767,0x316,0.0,0.0,1.0,6.25,1.11,-0.87,18.65625,18.53125,17.15625,17.15625,3.4,0.0,0.0,33.0
21.36953,0x2B0,0.0,0.0,1.0,6.25,1.11,-0.87,18.65625,18.53125,17.15625,17.15625,3.4,0.0,0.0,33.0
21.37632,0x220,0.0,0.0,1.0,6.25,0.84,-0.46,18.65625,18.53125,17.15625,17.15625,3.4,0.0,0.0,33.0
21.37752,0x316,0.0,0.0,1.0,6.25,0.84,-0.46,18.65625,18.53125,17.15625,17.15625,3.4,0.0,0.0,31.0
21.37957,0x2B0,0.0,0.0,1.0,6.25,0.84,-0.46,18.65625,18.53125,17.15625,17.15625,3.3,0.0,0.0,31.0
21.38632,0x220,0.0,0.0,1.0,6.25,0.76,-0.25,18.65625,18.53125,17.15625,17.15625,3.3,0.0,0.0,31.0
21.38655,0x386,0.0,0.0,1.0,6.25,0.76,-0.25,18.75,18.75,17.40625,17.3125,3.3,0.0,0.0,31.0
21.38727,0x316,0.0,0.0,1.0,6.25,0.76,-0.25,18.75,18.75,17.40625,17.3125,3.3,0.0,0.0,29.0
21.38955,0x2B0,0.0,0.0,1.0,6.25,0.76,-0.25,18.75,18.75,17.40625,17.3125,3.3,0.0,0.0,29.0
21.39632,0x220,0.0,0.0,1.0,6.25,0.8,-0.33,18.75,18.75,17.40625,17.3125,3.3,0.0,0.0,29.0
21.39742,0x316,0.0,0.0,1.0,6.25,0.8,-0.33,18.75,18.75,17.40625,17.3125,3.3,0.0,0.0,29.0
21.39955,0x2B0,0.0,0.0,1.0,6.25,0.8,-0.33,18.75,18.75,17.40625,17.3125,3.3,0.0,0.0,29.0
21.40632,0x220,0.0,0.0,1.0,6.25,0.86,-0.55,18.75,18.75,17.40625,17.3125,3.3,0.0,0.0,29.0
21.40655,0x386,0.0,0.0,1.0,6.25,0.86,-0.55,18.59375,18.5,17.59375,17.5,3.3,0.0,0.0,29.0
21.40726,0x316,0.0,0.0,1.0,6.25,0.86,-0.55,18.59375,18.5,17.59375,17.5,3.3,0.0,0.0,29.0
21.40957,0x2B0,0.0,0.0,1.0,6.25,0.86,-0.55,18.59375,18.5,17.59375,17.5,3.2,0.0,0.0,29.0
21.41633,0x220,0.0,0.0,1.0,6.25,0.9,-0.47,18.59375,18.5,17.59375,17.5,3.2,0.0,0.0,29.0
21.41727,0x316,0.0,0.0,1.0,6.25,0.9,-0.47,18.59375,18.5,17.59375,17.5,3.2,0.0,0.0,29.0
21.41956,0x2B0,0.0,0.0,1.0,6.25,0.9,-0.47,18.59375,18.5,17.59375,17.5,3.0,12.0,0.0,29.0
21.42632,0x220,0.0,0.0,1.0,6.25,0.94,-0.02,18.59375,18.5,17.59375,17.5,3.0,12.0,0.0,29.0
21.42656,0x386,0.0,0.0,1.0,6.25,0.94,-0.02,18.84375,18.78125,17.78125,18.03125,3.0,12.0,0.0,29.0
21.42727,0x316,0.0,0.0,1.0,6.25,0.94,-0.02,18.84375,18.78125,17.78125,18.03125,3.0,12.0,0.0,29.0
21.42955,0x2B0,0.0,0.0,1.0,6.25,0.94,-0.02,18.84375,18.78125,17.78125,18.03125,3.0,8.0,0.0,29.0
21.43632,0x220,0.0,0.0,1.0,6.25,1.14,0.28,18.84375,18.78125,17.78125,18.03125,3.0,8.0,0.0,29.0
21.43726,0x316,0.0,0.0,1.0,6.25,1.14,0.28,18.84375,18.78125,17.78125,18.03125,3.0,8.0,0.0,29.0
21.43955,0x2B0,0.0,0.0,1.0,6.25,1.14,0.28,18.84375,18.78125,17.78125,18.03125,2.8,8.0,0.0,29.0
21.44632,0x220,0.0,0.0,1.0,6.25,1.4,0.2,18.84375,18.78125,17.78125,18.03125,2.8,8.0,0.0,29.0
21.44655,0x386,0.0,0.0,1.0,6.25,1.4,0.2,18.625,18.65625,17.875,17.96875,2.8,8.0,0.0,29.0
21.44726,0x316,0.0,0.0,1.0,6.25,1.4,0.2,18.625,18.65625,17.875,17.96875,2.8,8.0,0.0,29.0
21.44958,0x2B0,0.0,0.0,1.0,6.25,1.4,0.2,18.625,18.65625,17.875,17.96875,2.8,8.0,0.0,29.0
21.45633,0x220,0.0,0.0,1.0,6.25,1.53,-0.08,18.625,18.65625,17.875,17.96875,2.8,8.0,0.0,29.0
21.45727,0x316,0.0,0.0,1.0,6.25,1.53,-0.08,18.625,18.65625,17.875,17.96875,2.8,8.0,0.0,29.0
21.45958,0x2B0,0.0,0.0,1.0,6.25,1.53,-0.08,18.625,18.65625,17.875,17.96875,2.7,0.0,0.0,29.0
21.46651,0x220,0.0,0.0,1.0,6.25,1.49,-0.17,18.625,18.65625,17.875,17.96875,2.7,0.0,0.0,29.0
21.46674,0x386,0.0,0.0,1.0,6.25,1.49,-0.17,18.75,18.8125,17.84375,17.90625,2.7,0.0,0.0,29.0
21.4677,0x316,0.0,0.0,1.0,6.25,1.49,-0.17,18.75,18.8125,17.84375,17.90625,2.7,0.0,0.0,29.0
21.46956,0x2B0,0.0,0.0,1.0,6.25,1.49,-0.17,18.75,18.8125,17.84375,17.90625,2.7,0.0,0.0,29.0
21.47632,0x220,0.0,0.0,1.0,6.25,1.31,0.13,18.75,18.8125,17.84375,17.90625,2.7,0.0,0.0,29.0
21.47765,0x316,0.0,0.0,1.0,6.25,1.31,0.13,18.75,18.8125,17.84375,17.90625,2.7,0.0,0.0,29.0
21.47956,0x2B0,0.0,0.0,1.0,6.25,1.31,0.13,18.75,18.8125,17.84375,17.90625,2.4,12.0,0.0,29.0
21.48633,0x220,0.0,0.0,1.0,6.25,1.15,0.54,18.75,18.8125,17.84375,17.90625,2.4,12.0,0.0,29.0
21.48656,0x386,0.0,0.0,1.0,6.25,1.15,0.54,18.625,18.53125,18.15625,17.9375,2.4,12.0,0.0,29.0
21.48727,0x316,0.0,0.0,1.0,6.25,1.15,0.54,18.625,18.53125,18.15625,17.9375,2.4,12.0,0.0,29.0
21.48957,0x2B0,0.0,0.0,1.0,6.25,1.15,0.54,18.625,18.53125,18.15625,17.9375,2.2,24.0,0.0,29.0
21.49633,0x220,0.0,0.0,1.0,6.25,1.1,0.79,18.625,18.53125,18.15625,17.9375,2.2,24.0,0.0,29.0
21.4974,0x316,0.0,0.0,1.0,6.25,1.1,0.79,18.625,18.53125,18.15625,17.9375,2.2,24.0,0.0,29.0
21.49958,0x2B0,0.0,0.0,1.0,6.25,1.1,0.79,18.625,18.53125,18.15625,17.9375,2.1,12.0,0.0,29.0
21.50632,0x220,0.0,0.0,1.0,6.25,1.19,0.72,18.625,18.53125,18.15625,17.9375,2.1,12.0,0.0,29.0
21.50655,0x386,0.0,0.0,1.0,6.25,1.19,0.72,20.1875,18.90625,18.5625,18.40625,2.1,12.0,0.0,29.0
21.50751,0x316,0.0,0.0,1.0,6.25,1.19,0.72,20.1875,18.90625,18.5625,18.40625,2.1,12.0,0.0,29.0
21.50959,0x2B0,0.0,0.0,1.0,6.25,1.19,0.72,20.1875,18.90625,18.5625,18.40625,1.9,12.0,0.0,29.0
21.51633,0x220,0.0,0.0,1.0,6.25,1.33,0.31,20.1875,18.90625,18.5625,18.40625,1.9,12.0,0.0,29.0
21.51723,0x316,0.0,0.0,1.0,6.25,1.33,0.31,20.1875,18.90625,18.5625,18.40625,1.9,12.0,0.0,29.0
21.51958,0x2B0,0.0,0.0,1.0,6.25,1.33,0.31,20.1875,18.90625,18.5625,18.40625,1.8,12.0,0.0,29.0
21.52633,0x220,0.0,0.0,1.0,6.25,1.46,-0.1,20.1875,18.90625,18.5625,18.40625,1.8,12.0,0.0,29.0
21.52656,0x386,0.0,0.0,1.0,6.25,1.46,-0.1,18.65625,18.15625,18.46875,18.125,1.8,12.0,0.0,29.0
21.52727,0x316,0.0,0.0,1.0,6.25,1.46,-0.1,18.65625,18.15625,18.46875,18.125,1.8,12.0,0.0,29.0
21.52955,0x2B0,0.0,0.0,1.0,6.25,1.46,-0.1,18.65625,18.15625,18.46875,18.125,1.8,0.0,0.0,29.0
21.5363,0x220,0.0,0.0,1.0,6.25,1.47,-0.19,18.65625,18.15625,18.46875,18.125,1.8,0.0,0.0,29.0
21.53722,0x316,0.0,0.0,1.0,6.25,1.47,-0.19,18.65625,18.15625,18.46875,18.125,1.8,0.0,0.0,29.0
21.53957,0x2B0,0.0,0.0,1.0,6.25,1.47,-0.19,18.65625,18.15625,18.46875,18.125,1.6,8.0,0.0,29.0
21.54633,0x220,0.0,0.0,1.0,6.25,1.27,-0.03,18.65625,18.15625,18.46875,18.125,1.6,8.0,0.0,29.0
21.54656,0x386,0.0,0.0,1.0,6.25,1.27,-0.03,18.875,19.125,18.65625,18.5,1.6,8.0,0.0,29.0
21.54752,0x316,0.0,0.0,1.0,6.25,1.27,-0.03,18.875,19.125,18.65625,18.5,1.6,8.0,0.0,29.0
21.54958,0x2B0,0.0,0.0,1.0,6.25,1.27,-0.03,18.875,19.125,18.65625,18.5,1.5,12.0,0.0,29.0
21.5563,0x220,0.0,0.0,1.0,6.25,1.0,0.03,18.875,19.125,18.65625,18.5,1.5,12.0,0.0,29.0
21.55724,0x316,0.0,0.0,1.0,6.25,1.0,0.03,18.875,19.125,18.65625,18.5,1.5,12.0,0.0,30.0
21.55959,0x2B0,0.0,0.0,1.0,6.25,1.0,0.03,18.875,19.125,18.65625,18.5,1.5,0.0,0.0,30.0
21.5663,0x220,0.0,0.0,1.0,6.25,0.79,0.06,18.875,19.125,18.65625,18.5,1.5,0.0,0.0,30.0
21.56653,0x386,0.0,0.0,1.0,6.25,0.79,0.06,18.34375,16.34375,19.0625,18.71875,1.5,0.0,0.0,30.0
21.56773,0x316,0.0,0.0,1.0,6.25,0.79,0.06,18.34375,16.34375,19.0625,18.71875,1.5,0.0,0.0,30.0
21.56958,0x2B0,0.0,0.0,1.0,6.25,0.79,0.06,18.34375,16.34375,19.0625,18.71875,1.2,12.0,0.0,30.0
21.57632,0x220,0.0,0.0,1.0,6.25,0.78,0.24,18.34375,16.34375,19.0625,18.71875,1.2,12.0,0.0,30.0
21.57742,0x316,0.0,0.0,1.0,6.25,0.78,0.24,18.34375,16.34375,19.0625,18.71875,1.2,12.0,0.0,32.0
21.57958,0x2B0,0.0,0.0,1.0,6.25,0.78,0.24,18.34375,16.34375,19.0625,18.71875,1.1,20.0,0.0,32.0
21.58632,0x220,0.0,0.0,1.0,6.25,1.04,0.51,18.34375,16.34375,19.0625,18.71875,1.1,20.0,0.0,32.0
21.58655,0x386,0.0,0.0,1.0,6.25,1.04,0.51,17.625,20.9375,18.9375,18.9375,1.1,20.0,0.0,32.0
21.5875,0x316,0.0,0.0,1.0,6.25,1.04,0.51,17.625,20.9375,18.9375,18.9375,1.1,20.0,0.0,33.0
21.58959,0x2B0,0.0,0.0,1.0,6.25,1.04,0.51,17.625,20.9375,18.9375,18.9375,0.9,12.0,0.0,33.0
21.59632,0x220,0.0,0.0,1.0,6.25,1.4,0.57,17.625,20.9375,18.9375,18.9375,0.9,12.0,0.0,33.0
21.59739,0x316,0.0,0.0,1.0,6.25,1.4,0.57,17.625,20.9375,18.9375,18.9375,0.9,12.0,0.0,33.0
21.5996,0x2B0,0.0,0.0,1.0,6.25,1.4,0.57,17.625,20.9375,18.9375,18.9375,0.7,20.0,0.0,33.0
21.60632,0x220,0.0,0.0,1.0,6.25,1.56,0.39,17.625,20.9375,18.9375,18.9375,0.7,20.0,0.0,33.0
21.60655,0x386,0.0,0.0,1.0,6.25,1.56,0.39,17.6875,18.3125,19.0625,19.1875,0.7,20.0,0.0,33.0
21.6075,0x316,0.0,0.0,1.0,6.25,1.56,0.39,17.6875,18.3125,19.0625,19.1875,0.7,20.0,0.0,34.0
21.6096,0x2B0,0.0,0.0,1.0,6.25,1.56,0.39,17.6875,18.3125,19.0625,19.1875,0.7,8.0,0.0,34.0
21.61632,0x220,0.0,0.0,1.0,6.25,1.23,0.36,17.6875,18.3125,19.0625,19.1875,0.7,8.0,0.0,34.0
21.6172,0x316,0.0,0.0,1.0,6.25,1.23,0.36,17.6875,18.3125,19.0625,19.1875,0.7,8.0,0.0,35.0
21.6196,0x2B0,0.0,0.0,1.0,6.25,1.23,0.36,17.6875,18.3125,19.0625,19.1875,0.5,8.0,0.0,35.0
21.62633,0x220,0.0,0.0,1.0,6.25,0.6,0.72,17.6875,18.3125,19.0625,19.1875,0.5,8.0,0.0,35.0
21.62657,0x386,0.0,0.0,1.0,6.25,0.6,0.72,18.96875,18.71875,18.96875,19.21875,0.5,8.0,0.0,35.0
21.62753,0x316,0.0,0.0,1.0,6.25,0.6,0.72,18.96875,18.71875,18.96875,19.21875,0.5,8.0,0.0,35.0
21.62961,0x2B0,0.0,0.0,1.0,6.25,0.6,0.72,18.96875,18.71875,18.96875,19.21875,0.5,8.0,0.0,35.0
21.63634,0x220,0.0,0.0,1.0,6.25,0.16,1.0,18.96875,18.71875,18.96875,19.21875,0.5,8.0,0.0,35.0
21.63727,0x316,0.0,0.0,1.0,6.25,0.16,1.0,18.96875,18.71875,18.96875,19.21875,0.5,8.0,0.0,35.0
21.63962,0x2B0,0.0,0.0,1.0,6.25,0.16,1.0,18.96875,18.71875,18.96875,19.21875,0.3,8.0,0.0,35.0
21.64634,0x220,0.0,0.0,1.0,6.25,0.05,0.86,18.96875,18.71875,18.96875,19.21875,0.3,8.0,0.0,35.0
21.64657,0x386,0.0,0.0,1.0,6.25,0.05,0.86,19.03125,19.125,18.71875,19.15625,0.3,8.0,0.0,35.0
21.64727,0x316,0.0,0.0,1.0,6.25,0.05,0.86,19.03125,19.125,18.71875,19.15625,0.3,8.0,0.0,35.0
21.64953,0x2B0,0.0,0.0,1.0,6.25,0.05,0.86,19.03125,19.125,18.71875,19.15625,0.3,8.0,0.0,35.0
21.65634,0x220,0.0,0.0,1.0,6.25,0.23,0.59,19.03125,19.125,18.71875,19.15625,0.3,8.0,0.0,35.0
21.65722,0x316,0.0,0.0,1.0,6.25,0.23,0.59,19.03125,19.125,18.71875,19.15625,0.3,8.0,0.0,35.0
21.65953,0x2B0,0.0,0.0,1.0,6.25,0.23,0.59,19.03125,19.125,18.71875,19.15625,0.3,0.0,0.0,35.0
21.66635,0x220,0.0,0.0,1.0,6.25,0.69,0.75,19.03125,19.125,18.71875,19.15625,0.3,0.0,0.0,35.0
21.66658,0x386,0.0,0.0,1.0,6.25,0.69,0.75,19.03125,19.25,18.6875,19.125,0.3,0.0,0.0,35.0
21.66777,0x316,0.0,0.0,1.0,6.25,0.69,0.75,19.03125,19.25,18.6875,19.125,0.3,0.0,0.0,35.0
21.66953,0x2B0,0.0,0.0,1.0,6.25,0.69,0.75,19.03125,19.25,18.6875,19.125,0.3,0.0,0.0,35.0
21.67635,0x220,0.0,0.0,1.0,6.25,1.25,1.11,19.03125,19.25,18.6875,19.125,0.3,0.0,0.0,35.0
21.67768,0x316,0.0,0.0,1.0,6.25,1.25,1.11,19.03125,19.25,18.6875,19.125,0.3,0.0,0.0,35.0
21.67957,0x2B0,0.0,0.0,1.0,6.25,1.25,1.11,19.03125,19.25,18.6875,19.125,0.4,0.0,0.0,35.0
21.68634,0x220,0.0,0.0,1.0,6.25,1.7,1.09,19.03125,19.25,18.6875,19.125,0.4,0.0,0.0,35.0
21.68657,0x386,0.0,0.0,1.0,6.25,1.7,1.09,19.15625,19.8125,18.71875,19.15625,0.4,0.0,0.0,35.0
21.68729,0x316,0.0,0.0,1.0,6.25,1.7,1.09,19.15625,19.8125,18.71875,19.15625,0.4,0.0,0.0,35.0
21.68954,0x2B0,0.0,0.0,1.0,6.25,1.7,1.09,19.15625,19.8125,18.71875,19.15625,0.4,0.0,0.0,35.0
21.69635,0x220,0.0,0.0,1.0,6.25,1.65,0.78,19.15625,19.8125,18.71875,19.15625,0.4,0.0,0.0,35.0
21.69737,0x316,0.0,0.0,1.0,6.25,1.65,0.78,19.15625,19.8125,18.71875,19.15625,0.4,0.0,0.0,35.0
21.69956,0x2B0,0.0,0.0,1.0,6.25,1.65,0.78,19.15625,19.8125,18.71875,19.15625,0.5,0.0,0.0,35.0
21.70635,0x220,0.0,0.0,1.0,6.25,1.1,0.6,19.15625,19.8125,18.71875,19.15625,0.5,0.0,0.0,35.0
21.70657,0x386,0.0,0.0,1.0,6.25,1.1,0.6,20.71875,19.4375,18.75,19.53125,0.5,0.0,0.0,35.0
21.70753,0x316,0.0,0.0,1.0,6.25,1.1,0.6,20.71875,19.4375,18.75,19.53125,0.5,0.0,0.0,35.0
21.70953,0x2B0,0.0,0.0,1.0,6.25,1.1,0.6,20.71875,19.4375,18.75,19.53125,0.5,0.0,0.0,35.0
21.71636,0x220,0.0,0.0,1.0,6.25,0.49,0.87,20.71875,19.4375,18.75,19.53125,0.5,0.0,0.0,35.0
21.71728,0x316,0.0,0.0,1.0,6.25,0.49,0.87,20.71875,19.4375,18.75,19.53125,0.5,0.0,0.0,35.0
21.71952,0x2B0,0.0,0.0,1.0,6.25,0.49,0.87,20.71875,19.4375,18.75,19.53125,0.5,0.0,0.0,35.0
21.72636,0x220,0.0,0.0,1.0,6.25,0.31,1.22,20.71875,19.4375,18.75,19.53125,0.5,0.0,0.0,35.0
21.72658,0x386,0.0,0.0,1.0,6.25,0.31,1.22,20.46875,19.875,18.96875,19.0,0.5,0.0,0.0,35.0
21.7273,0x316,0.0,0.0,1.0,6.25,0.31,1.22,20.46875,19.875,18.96875,19.0,0.5,0.0,0.0,35.0
21.72953,0x2B0,0.0,0.0,1.0,6.25,0.31,1.22,20.46875,19.875,18.96875,19.0,0.5,0.0,0.0,35.0
21.73637,0x220,0.0,0.0,1.0,6.25,0.7,1.14,20.46875,19.875,18.96875,19.0,0.5,0.0,0.0,35.0
21.7372,0x316,0.0,0.0,1.0,6.25,0.7,1.14,20.46875,19.875,18.96875,19.0,0.5,0.0,0.0,35.0
21.73952,0x2B0,0.0,0.0,1.0,6.25,0.7,1.14,20.46875,19.875,18.96875,19.0,0.5,0.0,0.0,35.0
21.74636,0x220,0.0,0.0,1.0,6.25,1.37,0.76,20.46875,19.875,18.96875,19.0,0.5,0.0,0.0,35.0
21.74659,0x386,0.0,0.0,1.0,6.25,1.37,0.76,19.875,20.0,18.75,18.5625,0.5,0.0,0.0,35.0
21.74731,0x316,0.0,0.0,1.0,6.25,1.37,0.76,19.875,20.0,18.75,18.5625,0.5,0.0,0.0,35.0
21.74956,0x2B0,0.0,0.0,1.0,6.25,1.37,0.76,19.875,20.0,18.75,18.5625,0.7,8.0,0.0,35.0
21.75638,0x220,0.0,0.0,1.0,6.25,2.04,0.51,19.875,20.0,18.75,18.5625,0.7,8.0,0.0,35.0
21.75733,0x316,0.0,0.0,1.0,6.25,2.04,0.51,19.875,20.0,18.75,18.5625,0.7,8.0,0.0,35.0
21.75955,0x2B0,0.0,0.0,1.0,6.25,2.04,0.51,19.875,20.0,18.75,18.5625,0.7,8.0,0.0,35.0
21.76637,0x220,0.0,0.0,1.0,6.25,2.4,0.46,19.875,20.0,18.75,18.5625,0.7,8.0,0.0,35.0
21.7666,0x386,0.0,0.0,1.0,6.25,2.4,0.46,19.0,18.09375,18.21875,18.96875,0.7,8.0,0.0,35.0
21.76756,0x316,0.0,0.0,1.0,6.25,2.4,0.46,19.0,18.09375,18.21875,18.96875,0.7,8.0,0.0,35.0
21.76961,0x2B0,0.0,0.0,1.0,6.25,2.4,0.46,19.0,18.09375,18.21875,18.96875,0.7,0.0,0.0,35.0
21.77639,0x220,0.0,0.0,1.0,6.25,2.37,0.34,19.0,18.09375,18.21875,18.96875,0.7,0.0,0.0,35.0
21.77742,0x316,0.0,0.0,1.0,6.25,2.37,0.34,19.0,18.09375,18.21875,18.96875,0.7,0.0,0.0,35.0
21.77955,0x2B0,0.0,0.0,1.0,6.25,2.37,0.34,19.0,18.09375,18.21875,18.96875,0.9,8.0,0.0,35.0
21.78638,0x220,0.0,0.0,1.0,6.25,2.04,0.17,19.0,18.09375,18.21875,18.96875,0.9,8.0,0.0,35.0
21.78661,0x386,0.0,0.0,1.0,6.25,2.04,0.17,19.8125,19.78125,19.0,19.34375,0.9,8.0,0.0,35.0
21.78732,0x316,0.0,0.0,1.0,6.25,2.04,0.17,19.8125,19.78125,19.0,19.34375,0.9,8.0,0.0,35.0
21.78951,0x2B0,0.0,0.0,1.0,6.25,2.04,0.17,19.8125,19.78125,19.0,19.34375,0.9,8.0,0.0,35.0
21.79639,0x220,0.0,0.0,1.0,6.25,1.65,0.07,19.8125,19.78125,19.0,19.34375,0.9,8.0,0.0,35.0
21.79743,0x316,0.0,0.0,1.0,6.25,1.65,0.07,19.8125,19.78125,19.0,19.34375,0.9,8.0,0.0,34.0
21.79957,0x2B0,0.0,0.0,1.0,6.25,1.65,0.07,19.8125,19.78125,19.0,19.34375,1.0,0.0,0.0,34.0
21.80639,0x220,0.0,0.0,1.0,6.25,1.56,0.03,19.8125,19.78125,19.0,19.34375,1.0,0.0,0.0,34.0
21.80662,0x386,0.0,0.0,1.0,6.25,1.56,0.03,19.6875,19.875,19.59375,19.625,1.0,0.0,0.0,34.0
21.80733,0x316,0.0,0.0,1.0,6.25,1.56,0.03,19.6875,19.875,19.59375,19.625,1.0,0.0,0.0,34.0
21.80954,0x2B0,0.0,0.0,1.0,6.25,1.56,0.03,19.6875,19.875,19.59375,19.625,1.0,0.0,0.0,34.0
21.81639,0x220,0.0,0.0,1.0,6.25,1.83,-0.06,19.6875,19.875,19.59375,19.625,1.0,0.0,0.0,34.0
21.81722,0x316,0.0,0.0,1.0,6.25,1.83,-0.06,19.6875,19.875,19.59375,19.625,1.0,0.0,0.0,34.0
21.81954,0x2B0,0.0,0.0,1.0,6.25,1.83,-0.06,19.6875,19.875,19.59375,19.625,1.0,0.0,0.0,34.0
21.82639,0x220,0.0,0.0,1.0,6.25,2.37,-0.16,19.6875,19.875,19.59375,19.625,1.0,0.0,0.0,34.0
21.82663,0x386,0.0,0.0,1.0,6.25,2.37,-0.16,19.90625,19.8125,19.15625,19.28125,1.0,0.0,0.0,34.0
21.82734,0x316,0.0,0.0,1.0,6.25,2.37,-0.16,19.90625,19.8125,19.15625,19.28125,1.0,0.0,0.0,34.0
21.82953,0x2B0,0.0,0.0,1.0,6.25,2.37,-0.16,19.90625,19.8125,19.15625,19.28125,1.0,0.0,0.0,34.0
21.8364,0x220,0.0,0.0,1.0,6.25,2.9,-0.21,19.90625,19.8125,19.15625,19.28125,1.0,0.0,0.0,34.0
21.83734,0x316,0.0,0.0,1.0,6.25,2.9,-0.21,19.90625,19.8125,19.15625,19.28125,1.0,0.0,0.0,34.0
21.83954,0x2B0,0.0,0.0,1.0,6.25,2.9,-0.21,19.90625,19.8125,19.15625,19.28125,1.0,0.0,0.0,34.0
21.8464,0x220,0.0,0.0,1.0,6.25,3.25,-0.41,19.90625,19.8125,19.15625,19.28125,1.0,0.0,0.0,34.0
21.84664,0x386,0.0,0.0,1.0,6.25,3.25,-0.41,19.90625,19.9375,19.4375,19.28125,1.0,0.0,0.0,34.0
21.84734,0x316,0.0,0.0,1.0,6.25,3.25,-0.41,19.90625,19.9375,19.4375,19.28125,1.0,0.0,0.0,35.0
21.84955,0x2B0,0.0,0.0,1.0,6.25,3.25,-0.41,19.90625,19.9375,19.4375,19.28125,1.2,8.0,0.0,35.0
21.8564,0x220,0.0,0.0,1.0,6.25,3.32,-0.62,19.90625,19.9375,19.4375,19.28125,1.2,8.0,0.0,35.0
21.85725,0x316,0.0,0.0,1.0,6.25,3.32,-0.62,19.90625,19.9375,19.4375,19.28125,1.2,8.0,0.0,35.0
21.85955,0x2B0,0.0,0.0,1.0,6.25,3.32,-0.62,19.90625,19.9375,19.4375,19.28125,1.4,20.0,0.0,35.0
21.8664,0x220,0.0,0.0,1.0,6.25,3.14,-0.67,19.90625,19.9375,19.4375,19.28125,1.4,20.0,0.0,35.0
21.86663,0x386,0.0,0.0,1.0,6.25,3.14,-0.67,20.03125,20.15625,19.9375,19.78125,1.4,20.0,0.0,35.0
21.86759,0x316,0.0,0.0,1.0,6.25,3.14,-0.67,20.03125,20.15625,19.9375,19.78125,1.4,20.0,0.0,35.0
21.86959,0x2B0,0.0,0.0,1.0,6.25,3.14,-0.67,20.03125,20.15625,19.9375,19.78125,1.4,8.0,0.0,35.0
21.87641,0x220,0.0,0.0,1.0,6.25,2.91,-0.7,20.03125,20.15625,19.9375,19.78125,1.4,8.0,0.0,35.0
21.87772,0x316,0.0,0.0,1.0,6.25,2.91,-0.7,20.03125,20.15625,19.9375,19.78125,1.4,8.0,0.0,35.0
21.87953,0x2B0,0.0,0.0,1.0,6.25,2.91,-0.7,20.03125,20.15625,19.9375,19.78125,1.6,8.0,0.0,35.0
21.88641,0x220,0.0,0.0,1.0,6.25,2.83,-0.9,20.03125,20.15625,19.9375,19.78125,1.6,8.0,0.0,35.0
21.88663,0x386,0.0,0.0,1.0,6.25,2.83,-0.9,19.84375,19.96875,19.875,19.71875,1.6,8.0,0.0,35.0
21.88734,0x316,0.0,0.0,1.0,6.25,2.83,-0.9,19.84375,19.96875,19.875,19.71875,1.6,8.0,0.0,36.0
21.88952,0x2B0,0.0,0.0,1.0,6.25,2.83,-0.9,19.84375,19.96875,19.875,19.71875,1.8,20.0,0.0,36.0
21.89642,0x220,0.0,0.0,1.0,6.25,2.95,-1.15,19.84375,19.96875,19.875,19.71875,1.8,20.0,0.0,36.0
21.89737,0x316,0.0,0.0,1.0,6.25,2.95,-1.15,19.84375,19.96875,19.875,19.71875,1.8,20.0,0.0,36.0
21.8996,0x2B0,0.0,0.0,1.0,6.25,2.95,-1.15,19.84375,19.96875,19.875,19.71875,1.8,8.0,0.0,36.0
21.90641,0x220,0.0,0.0,1.0,6.25,3.03,-1.39,19.84375,19.96875,19.875,19.71875,1.8,8.0,0.0,36.0
21.90665,0x386,0.0,0.0,1.0,6.25,3.03,-1.39,19.96875,20.0,19.8125,19.96875,1.8,8.0,0.0,36.0
21.90736,0x316,0.0,0.0,1.0,6.25,3.03,-1.39,19.96875,20.0,19.8125,19.96875,1.8,8.0,0.0,36.0
21.90953,0x2B0,0.0,0.0,1.0,6.25,3.03,-1.39,19.96875,20.0,19.8125,19.96875,2.1,12.0,0.0,36.0
21.91642,0x220,0.0,0.0,1.0,6.25,2.9,-1.54,19.96875,20.0,19.8125,19.96875,2.1,12.0,0.0,36.0
21.91725,0x316,0.0,0.0,1.0,6.25,2.9,-1.54,19.96875,20.0,19.8125,19.96875,2.1,12.0,0.0,37.0
21.91958,0x2B0,0.0,0.0,1.0,6.25,2.9,-1.54,19.96875,20.0,19.8125,19.96875,2.1,12.0,0.0,37.0
21.92643,0x220,0.0,0.0,1.0,6.25,2.56,-1.41,19.96875,20.0,19.8125,19.96875,2.1,12.0,0.0,37.0
21.92666,0x386,0.0,0.0,1.0,6.25,2.56,-1.41,20.03125,20.125,19.78125,20.25,2.1,12.0,0.0,37.0
21.92738,0x316,0.0,0.0,1.0,6.25,2.56,-1.41,20.03125,20.125,19.78125,20.25,2.1,12.0,0.0,37.0
21.92952,0x2B0,0.0,0.0,1.0,6.25,2.56,-1.41,20.03125,20.125,19.78125,20.25,2.3,8.0,0.0,37.0
21.93644,0x220,0.0,0.0,1.0,6.25,2.03,-0.97,20.03125,20.125,19.78125,20.25,2.3,8.0,0.0,37.0
21.93721,0x316,0.0,0.0,1.0,6.25,2.03,-0.97,20.03125,20.125,19.78125,20.25,2.3,8.0,0.0,38.0
21.93956,0x2B0,0.0,0.0,1.0,6.25,2.03,-0.97,20.03125,20.125,19.78125,20.25,2.3,8.0,0.0,38.0
21.94643,0x220,0.0,0.0,1.0,6.25,1.52,-0.46,20.03125,20.125,19.78125,20.25,2.3,8.0,0.0,38.0
21.94667,0x386,0.0,0.0,1.0,6.25,1.52,-0.46,20.0,19.875,20.78125,20.78125,2.3,8.0,0.0,38.0
21.94738,0x316,0.0,0.0,1.0,6.25,1.52,-0.46,20.0,19.875,20.78125,20.78125,2.3,8.0,0.0,38.0
21.9495,0x2B0,0.0,0.0,1.0,6.25,1.52,-0.46,20.0,19.875,20.78125,20.78125,2.5,8.0,0.0,38.0
21.95644,0x220,0.0,0.0,1.0,6.25,1.33,-0.15,20.0,19.875,20.78125,20.78125,2.5,8.0,0.0,38.0
21.95731,0x316,0.0,0.0,1.0,6.25,1.33,-0.15,20.0,19.875,20.78125,20.78125,2.5,8.0,0.0,39.0
21.95947,0x2B0,0.0,0.0,1.0,6.25,1.33,-0.15,20.0,19.875,20.78125,20.78125,2.5,8.0,0.0,39.0
21.96644,0x220,0.0,0.0,1.0,6.25,1.51,-0.27,20.0,19.875,20.78125,20.78125,2.5,8.0,0.0,39.0
21.96667,0x386,0.0,0.0,1.0,6.25,1.51,-0.27,20.0,20.21875,21.15625,20.78125,2.5,8.0,0.0,39.0
21.96762,0x316,0.0,0.0,1.0,6.25,1.51,-0.27,20.0,20.21875,21.15625,20.78125,2.5,8.0,0.0,39.0
21.96947,0x2B0,0.0,0.0,1.0,6.25,1.51,-0.27,20.0,20.21875,21.15625,20.78125,2.5,0.0,0.0,39.0
21.97645,0x220,0.0,0.0,1.0,6.25,1.77,-0.58,20.0,20.21875,21.15625,20.78125,2.5,0.0,0.0,39.0
21.97741,0x316,0.0,0.0,1.0,6.25,1.77,-0.58,20.0,20.21875,21.15625,20.78125,2.5,0.0,0.0,40.0
21.97958,0x2B0,0.0,0.0,1.0,6.25,1.77,-0.58,20.0,20.21875,21.15625,20.78125,2.5,0.0,0.0,40.0
21.98645,0x220,0.0,0.0,1.0,6.25,1.8,-0.53,20.0,20.21875,21.15625,20.78125,2.5,0.0,0.0,40.0
21.98668,0x386,0.0,0.0,1.0,6.25,1.8,-0.53,20.15625,20.1875,20.0625,20.46875,2.5,0.0,0.0,40.0
21.98739,0x316,0.0,0.0,1.0,6.25,1.8,-0.53,20.15625,20.1875,20.0625,20.46875,2.5,0.0,0.0,41.0
21.98953,0x2B0,0.0,0.0,1.0,6.25,1.8,-0.53,20.15625,20.1875,20.0625,20.46875,2.6,0.0,0.0,41.0
21.99645,0x220,0.0,0.0,1.0,6.25,1.59,-0.02,20.15625,20.1875,20.0625,20.46875,2.6,0.0,0.0,41.0
21.99751,0x316,0.0,0.0,1.0,6.25,1.59,-0.02,20.15625,20.1875,20.0625,20.46875,2.6,0.0,0.0,41.0
21.99949,0x2B0,0.0,0.0,1.0,6.25,1.59,-0.02,20.15625,20.1875,20.0625,20.46875,2.6,0.0,0.0,41.0
22.00647,0x220,0.0,0.0,1.0,6.25,1.27,0.49,20.15625,20.1875,20.0625,20.46875,2.6,0.0,0.0,41.0
22.0067,0x386,0.0,0.0,1.0,6.25,1.27,0.49,20.28125,20.1875,19.34375,20.09375,2.6,0.0,0.0,41.0
22.0074,0x316,0.0,0.0,1.0,6.25,1.27,0.49,20.28125,20.1875,19.34375,20.09375,2.6,0.0,0.0,43.0
22.00949,0x2B0,0.0,0.0,1.0,6.25,1.27,0.49,20.28125,20.1875,19.34375,20.09375,2.6,0.0,0.0,43.0
22.01646,0x220,0.0,0.0,1.0,6.25,0.97,0.52,20.28125,20.1875,19.34375,20.09375,2.6,0.0,0.0,43.0
22.0172,0x316,0.0,0.0,1.0,6.25,0.97,0.52,20.28125,20.1875,19.34375,20.09375,2.6,0.0,0.0,44.0
22.0195,0x2B0,0.0,0.0,1.0,6.25,0.97,0.52,20.28125,20.1875,19.34375,20.09375,2.6,0.0,0.0,44.0
22.02647,0x220,0.0,0.0,1.0,6.25,0.77,0.16,20.28125,20.1875,19.34375,20.09375,2.6,0.0,0.0,44.0
22.0267,0x386,0.0,0.0,1.0,6.25,0.77,0.16,20.40625,20.59375,19.875,20.25,2.6,0.0,0.0,44.0
22.02741,0x316,0.0,0.0,1.0,6.25,0.77,0.16,20.40625,20.59375,19.875,20.25,2.6,0.0,0.0,45.0
22.02957,0x2B0,0.0,0.0,1.0,6.25,0.77,0.16,20.40625,20.59375,19.875,20.25,2.6,0.0,0.0,45.0
22.03646,0x220,0.0,0.0,1.0,6.25,0.74,-0.1,20.40625,20.59375,19.875,20.25,2.6,0.0,0.0,45.0
22.03731,0x316,0.0,0.0,1.0,6.25,0.74,-0.1,20.40625,20.59375,19.875,20.25,2.6,0.0,0.0,46.0
22.03953,0x2B0,0.0,0.0,1.0,6.25,0.74,-0.1,20.40625,20.59375,19.875,20.25,2.6,0.0,0.0,46.0
22.04646,0x220,0.0,0.0,1.0,6.25,0.91,0.1,20.40625,20.59375,19.875,20.25,2.6,0.0,0.0,46.0
22.04669,0x386,0.0,0.0,1.0,6.25,0.91,0.1,20.40625,20.4375,20.25,20.625,2.6,0.0,0.0,46.0
22.0474,0x316,0.0,0.0,1.0,6.25,0.91,0.1,20.40625,20.4375,20.25,20.625,2.6,0.0,0.0,47.0
22.04953,0x2B0,0.0,0.0,1.0,6.25,0.91,0.1,20.40625,20.4375,20.25,20.625,2.6,0.0,0.0,47.0
22.05648,0x220,0.0,0.0,1.0,6.25,1.31,0.78,20.40625,20.4375,20.25,20.625,2.6,0.0,0.0,47.0
22.05723,0x316,0.0,0.0,1.0,6.25,1.31,0.78,20.40625,20.4375,20.25,20.625,2.6,0.0,0.0,48.0
22.05953,0x2B0,0.0,0.0,1.0,6.25,1.31,0.78,20.40625,20.4375,20.25,20.625,2.6,0.0,0.0,48.0
22.06646,0x220,0.0,0.0,1.0,6.25,1.8,1.18,20.40625,20.4375,20.25,20.625,2.6,0.0,0.0,48.0
22.06669,0x386,0.0,0.0,1.0,6.25,1.8,1.18,20.53125,20.75,19.84375,20.125,2.6,0.0,0.0,48.0
22.06765,0x316,0.0,0.0,1.0,6.25,1.8,1.18,20.53125,20.75,19.84375,20.125,2.6,0.0,0.0,48.0
22.06951,0x2B0,0.0,0.0,1.0,6.25,1.8,1.18,20.53125,20.75,19.84375,20.125,2.6,0.0,0.0,48.0
22.07648,0x220,0.0,0.0,1.0,6.25,2.17,1.04,20.53125,20.75,19.84375,20.125,2.6,0.0,0.0,48.0
22.07769,0x316,0.0,0.0,1.0,6.25,2.17,1.04,20.53125,20.75,19.84375,20.125,2.6,0.0,0.0,49.0
22.07953,0x2B0,0.0,0.0,1.0,6.25,2.17,1.04,20.53125,20.75,19.84375,20.125,2.4,8.0,0.0,49.0
22.08648,0x220,0.0,0.0,1.0,6.25,2.31,0.67,20.53125,20.75,19.84375,20.125,2.4,8.0,0.0,49.0
22.0867,0x386,0.0,0.0,1.0,6.25,2.31,0.67,20.625,20.59375,19.84375,19.15625,2.4,8.0,0.0,49.0
22.08742,0x316,0.0,0.0,1.0,6.25,2.31,0.67,20.625,20.59375,19.84375,19.15625,2.4,8.0,0.0,49.0
22.08955,0x2B0,0.0,0.0,1.0,6.25,2.31,0.67,20.625,20.59375,19.84375,19.15625,2.4,8.0,0.0,49.0
22.09649,0x220,0.0,0.0,1.0,6.25,2.19,0.45,20.625,20.59375,19.84375,19.15625,2.4,8.0,0.0,49.0
22.09736,0x316,0.0,0.0,1.0,6.25,2.19,0.45,20.625,20.59375,19.84375,19.15625,2.4,8.0,0.0,49.0
22.09954,0x2B0,0.0,0.0,1.0,6.25,2.19,0.45,20.625,20.59375,19.84375,19.15625,2.2,8.0,0.0,49.0
22.10649,0x220,0.0,0.0,1.0,6.25,1.94,0.38,20.625,20.59375,19.84375,19.15625,2.2,8.0,0.0,49.0
22.10672,0x386,0.0,0.0,1.0,6.25,1.94,0.38,20.71875,20.6875,20.09375,19.53125,2.2,8.0,0.0,49.0
22.10743,0x316,0.0,0.0,1.0,6.25,1.94,0.38,20.71875,20.6875,20.09375,19.53125,2.2,8.0,0.0,49.0
22.10955,0x2B0,0.0,0.0,1.0,6.25,1.94,0.38,20.71875,20.6875,20.09375,19.53125,2.2,8.0,0.0,49.0
22.1165,0x220,0.0,0.0,1.0,6.25,1.61,0.21,20.71875,20.6875,20.09375,19.53125,2.2,8.0,0.0,49.0
22.11725,0x316,0.0,0.0,1.0,6.25,1.61,0.21,20.71875,20.6875,20.09375,19.53125,2.2,8.0,0.0,49.0
22.11955,0x2B0,0.0,0.0,1.0,6.25,1.61,0.21,20.71875,20.6875,20.09375,19.53125,2.2,0.0,0.0,49.0
22.1265,0x220,0.0,0.0,1.0,6.25,1.34,-0.15,20.71875,20.6875,20.09375,19.53125,2.2,0.0,0.0,49.0
22.12673,0x386,0.0,0.0,1.0,6.25,1.34,-0.15,20.5,20.625,20.15625,20.96875,2.2,0.0,0.0,49.0
22.12744,0x316,0.0,0.0,1.0,6.25,1.34,-0.15,20.5,20.625,20.15625,20.96875,2.2,0.0,0.0,49.0
22.12955,0x2B0,0.0,0.0,1.0,6.25,1.34,-0.15,20.5,20.625,20.15625,20.96875,2.2,0.0,0.0,49.0
22.1365,0x220,0.0,0.0,1.0,6.25,1.15,-0.45,20.5,20.625,20.15625,20.96875,2.2,0.0,0.0,49.0
22.13722,0x316,0.0,0.0,1.0,6.25,1.15,-0.45,20.5,20.625,20.15625,20.96875,2.2,0.0,0.0,49.0
22.13955,0x2B0,0.0,0.0,1.0,6.25,1.15,-0.45,20.5,20.625,20.15625,20.96875,2.2,0.0,0.0,49.0
22.14651,0x220,0.0,0.0,1.0,6.25,1.15,-0.3,20.5,20.625,20.15625,20.96875,2.2,0.0,0.0,49.0
22.14674,0x386,0.0,0.0,1.0,6.25,1.15,-0.3,20.90625,20.59375,20.5625,20.25,2.2,0.0,0.0,49.0
22.14745,0x316,0.0,0.0,1.0,6.25,1.15,-0.3,20.90625,20.59375,20.5625,20.25,2.2,0.0,0.0,49.0
22.14953,0x2B0,0.0,0.0,1.0,6.25,1.15,-0.3,20.90625,20.59375,20.5625,20.25,2.2,0.0,0.0,49.0
22.15651,0x220,0.0,0.0,1.0,6.25,1.43,0.06,20.90625,20.59375,20.5625,20.25,2.2,0.0,0.0,49.0
22.15732,0x316,0.0,0.0,1.0,6.25,1.43,0.06,20.90625,20.59375,20.5625,20.25,2.2,0.0,0.0,49.0
22.15953,0x2B0,0.0,0.0,1.0,6.25,1.43,0.06,20.90625,20.59375,20.5625,20.25,2.2,0.0,0.0,49.0
22.16652,0x220,0.0,0.0,1.0,6.25,1.83,0.3,20.90625,20.59375,20.5625,20.25,2.2,0.0,0.0,49.0
22.16674,0x386,0.0,0.0,1.0,6.25,1.83,0.3,20.78125,20.78125,20.625,19.75,2.2,0.0,0.0,49.0
22.1677,0x316,0.0,0.0,1.0,6.25,1.83,0.3,20.78125,20.78125,20.625,19.75,2.2,0.0,0.0,49.0
22.16954,0x2B0,0.0,0.0,1.0,6.25,1.83,0.3,20.78125,20.78125,20.625,19.75,2.2,0.0,0.0,49.0
22.17652,0x220,0.0,0.0,1.0,6.25,2.06,0.32,20.78125,20.78125,20.625,19.75,2.2,0.0,0.0,49.0
22.17749,0x316,0.0,0.0,1.0,6.25,2.06,0.32,20.78125,20.78125,20.625,19.75,2.2,0.0,0.0,50.0
22.17955,0x2B0,0.0,0.0,1.0,6.25,2.06,0.32,20.78125,20.78125,20.625,19.75,2.2,0.0,0.0,50.0
22.18651,0x220,0.0,0.0,1.0,6.25,1.99,0.33,20.78125,20.78125,20.625,19.75,2.2,0.0,0.0,50.0
22.18674,0x386,0.0,0.0,1.0,6.25,1.99,0.33,20.59375,20.78125,19.65625,20.28125,2.2,0.0,0.0,50.0
22.18746,0x316,0.0,0.0,1.0,6.25,1.99,0.33,20.59375,20.78125,19.65625,20.28125,2.2,0.0,0.0,50.0
22.18955,0x2B0,0.0,0.0,1.0,6.25,1.99,0.33,20.59375,20.78125,19.65625,20.28125,2.2,0.0,0.0,50.0
22.19652,0x220,0.0,0.0,1.0,6.25,1.64,0.43,20.59375,20.78125,19.65625,20.28125,2.2,0.0,0.0,50.0
22.19751,0x316,0.0,0.0,1.0,6.25,1.64,0.43,20.59375,20.78125,19.65625,20.28125,2.2,0.0,0.0,50.0
22.19954,0x2B0,0.0,0.0,1.0,6.25,1.64,0.43,20.59375,20.78125,19.65625,20.28125,2.2,0.0,0.0,50.0
22.20652,0x220,0.0,0.0,1.0,6.25,1.27,0.49,20.59375,20.78125,19.65625,20.28125,2.2,0.0,0.0,50.0
22.20675,0x386,0.0,0.0,1.0,6.25,1.27,0.49,20.90625,20.8125,19.78125,21.03125,2.2,0.0,0.0,50.0
22.20746,0x316,0.0,0.0,1.0,6.25,1.27,0.49,20.90625,20.8125,19.78125,21.03125,2.2,0.0,0.0,50.0
22.20953,0x2B0,0.0,0.0,1.0,6.25,1.27,0.49,20.90625,20.8125,19.78125,21.03125,2.1,0.0,0.0,50.0
22.21653,0x220,0.0,0.0,1.0,6.25,1.04,0.49,20.90625,20.8125,19.78125,21.03125,2.1,0.0,0.0,50.0
22.21725,0x316,0.0,0.0,1.0,6.25,1.04,0.49,20.90625,20.8125,19.78125,21.03125,2.1,0.0,0.0,50.0
22.21948,0x2B0,0.0,0.0,1.0,6.25,1.04,0.49,20.90625,20.8125,19.78125,21.03125,2.1,0.0,0.0,50.0
22.22653,0x220,0.0,0.0,1.0,6.25,0.83,0.52,20.90625,20.8125,19.78125,21.03125,2.1,0.0,0.0,50.0
22.22676,0x386,0.0,0.0,1.0,6.25,0.83,0.52,20.78125,20.78125,20.59375,20.65625,2.1,0.0,0.0,50.0
22.22723,0x316,0.0,0.0,1.0,6.25,0.83,0.52,20.78125,20.78125,20.59375,20.65625,2.1,0.0,0.0,50.0
22.22953,0x2B0,0.0,0.0,1.0,6.25,0.83,0.52,20.78125,20.78125,20.59375,20.65625,2.1,0.0,0.0,50.0
22.23654,0x220,0.0,0.0,1.0,6.25,0.57,0.65,20.78125,20.78125,20.59375,20.65625,2.1,0.0,0.0,50.0
22.23738,0x316,0.0,0.0,1.0,6.25,0.57,0.65,20.78125,20.78125,20.59375,20.65625,2.1,0.0,0.0,50.0
22.23954,0x2B0,0.0,0.0,1.0,6.25,0.57,0.65,20.78125,20.78125,20.59375,20.65625,2.1,0.0,0.0,50.0
22.24654,0x220,0.0,0.0,1.0,6.25,0.32,0.93,20.78125,20.78125,20.59375,20.65625,2.1,0.0,0.0,50.0
22.24677,0x386,0.0,0.0,1.0,6.25,0.32,0.93,20.71875,20.71875,20.28125,20.46875,2.1,0.0,0.0,50.0
22.24724,0x316,0.0,0.0,1.0,6.25,0.32,0.93,20.71875,20.71875,20.28125,20.46875,2.1,0.0,0.0,50.0
22.24954,0x2B0,0.0,0.0,1.0,6.25,0.32,0.93,20.71875,20.71875,20.28125,20.46875,2.0,0.0,0.0,50.0
22.25654,0x220,0.0,0.0,1.0,6.25,0.17,1.26,20.71875,20.71875,20.28125,20.46875,2.0,0.0,0.0,50.0
22.25727,0x316,0.0,0.0,1.0,6.25,0.17,1.26,20.71875,20.71875,20.28125,20.46875,2.0,0.0,0.0,50.0
22.25955,0x2B0,0.0,0.0,1.0,6.25,0.17,1.26,20.71875,20.71875,20.28125,20.46875,2.0,0.0,0.0,50.0
22.26655,0x220,0.0,0.0,1.0,6.25,0.33,1.57,20.71875,20.71875,20.28125,20.46875,2.0,0.0,0.0,50.0
22.26677,0x386,0.0,0.0,1.0,6.25,0.33,1.57,20.71875,20.625,19.5625,20.84375,2.0,0.0,0.0,50.0
22.26748,0x316,0.0,0.0,1.0,6.25,0.33,1.57,20.71875,20.625,19.5625,20.84375,2.0,0.0,0.0,50.0
22.26955,0x2B0,0.0,0.0,1.0,6.25,0.33,1.57,20.71875,20.625,19.5625,20.84375,2.0,0.0,0.0,50.0
22.27654,0x220,0.0,0.0,1.0,6.25,0.87,1.58,20.71875,20.625,19.5625,20.84375,2.0,0.0,0.0,50.0
22.27775,0x316,0.0,0.0,1.0,6.25,0.87,1.58,20.71875,20.625,19.5625,20.84375,2.0,0.0,0.0,50.0
22.27955,0x2B0,0.0,0.0,1.0,6.25,0.87,1.58,20.71875,20.625,19.5625,20.84375,2.0,0.0,0.0,50.0
22.28654,0x220,0.0,0.0,1.0,6.25,1.61,1.22,20.71875,20.625,19.5625,20.84375,2.0,0.0,0.0,50.0
22.28677,0x386,0.0,0.0,1.0,6.25,1.61,1.22,20.65625,21.03125,20.21875,20.5625,2.0,0.0,0.0,50.0
22.28725,0x316,0.0,0.0,1.0,6.25,1.61,1.22,20.65625,21.03125,20.21875,20.5625,2.0,0.0,0.0,50.0
22.28947,0x2B0,0.0,0.0,1.0,6.25,1.61,1.22,20.65625,21.03125,20.21875,20.5625,2.0,0.0,0.0,50.0
22.29656,0x220,0.0,0.0,1.0,6.25,2.31,0.77,20.65625,21.03125,20.21875,20.5625,2.0,0.0,0.0,50.0
22.2974,0x316,0.0,0.0,1.0,6.25,2.31,0.77,20.65625,21.03125,20.21875,20.5625,2.0,0.0,0.0,50.0
22.29956,0x2B0,0.0,0.0,1.0,6.25,2.31,0.77,20.65625,21.03125,20.21875,20.5625,2.0,0.0,0.0,50.0
22.30656,0x220,0.0,0.0,1.0,6.25,2.63,0.51,20.65625,21.03125,20.21875,20.5625,2.0,0.0,0.0,50.0
22.30679,0x386,0.0,0.0,1.0,6.25,2.63,0.51,20.75,20.65625,20.65625,20.8125,2.0,0.0,0.0,50.0
22.30726,0x316,0.0,0.0,1.0,6.25,2.63,0.51,20.75,20.65625,20.65625,20.8125,2.0,0.0,0.0,51.0
22.30951,0x2B0,0.0,0.0,1.0,6.25,2.63,0.51,20.75,20.65625,20.65625,20.8125,2.1,0.0,0.0,51.0
22.31656,0x220,0.0,0.0,1.0,6.25,2.6,0.62,20.75,20.65625,20.65625,20.8125,2.1,0.0,0.0,51.0
22.31728,0x316,0.0,0.0,1.0,6.25,2.6,0.62,20.75,20.65625,20.65625,20.8125,2.1,0.0,0.0,51.0
22.31948,0x2B0,0.0,0.0,1.0,6.25,2.6,0.62,20.75,20.65625,20.65625,20.8125,2.1,0.0,0.0,51.0
22.32657,0x220,0.0,0.0,1.0,6.25,2.6,0.62,20.75,20.65625,20.65625,20.8125,2.1,0.0,0.0,51.0
22.32679,0x386,0.0,0.0,1.0,6.25,2.6,0.62,20.78125,20.8125,20.28125,20.53125,2.1,0.0,0.0,51.0
22.32726,0x316,0.0,0.0,1.0,6.25,2.6,0.62,20.78125,20.8125,20.28125,20.53125,2.1,0.0,0.0,51.0
22.32948,0x2B0,0.0,0.0,1.0,6.25,2.6,0.62,20.78125,20.8125,20.28125,20.53125,2.1,0.0,0.0,51.0
22.33656,0x220,0.0,0.0,1.0,6.25,2.55,0.7,20.78125,20.8125,20.28125,20.53125,2.1,0.0,0.0,51.0
22.33719,0x316,0.0,0.0,1.0,6.25,2.55,0.7,20.78125,20.8125,20.28125,20.53125,2.1,0.0,0.0,51.0
22.33948,0x2B0,0.0,0.0,1.0,6.25,2.55,0.7,20.78125,20.8125,20.28125,20.53125,2.1,0.0,0.0,51.0
22.34655,0x220,0.0,0.0,1.0,6.25,2.55,0.7,20.78125,20.8125,20.28125,20.53125,2.1,0.0,0.0,51.0
22.34678,0x386,0.0,0.0,1.0,6.25,2.55,0.7,20.625,20.78125,20.21875,20.53125,2.1,0.0,0.0,51.0
22.34726,0x316,0.0,0.0,1.0,6.25,2.55,0.7,20.625,20.78125,20.21875,20.53125,2.1,0.0,0.0,51.0
22.34947,0x2B0,0.0,0.0,1.0,6.25,2.55,0.7,20.625,20.78125,20.21875,20.53125,2.1,0.0,0.0,51.0
22.35656,0x220,0.0,0.0,1.0,6.25,2.77,0.18,20.625,20.78125,20.21875,20.53125,2.1,0.0,0.0,51.0
22.35725,0x316,0.0,0.0,1.0,6.25,2.77,0.18,20.625,20.78125,20.21875,20.53125,2.1,0.0,0.0,51.0
22.35947,0x2B0,0.0,0.0,1.0,6.25,2.77,0.18,20.625,20.78125,20.21875,20.53125,2.1,0.0,0.0,51.0
22.36654,0x220,0.0,0.0,1.0,6.25,3.1,-0.26,20.625,20.78125,20.21875,20.53125,2.1,0.0,0.0,51.0
22.36677,0x386,0.0,0.0,1.0,6.25,3.1,-0.26,20.71875,21.0,20.5625,20.28125,2.1,0.0,0.0,51.0
22.36773,0x316,0.0,0.0,1.0,6.25,3.1,-0.26,20.71875,21.0,20.5625,20.28125,2.1,0.0,0.0,51.0
22.36947,0x2B0,0.0,0.0,1.0,6.25,3.1,-0.26,20.71875,21.0,20.5625,20.28125,2.1,0.0,0.0,51.0
22.37656,0x220,0.0,0.0,1.0,6.25,3.36,-0.44,20.71875,21.0,20.5625,20.28125,2.1,0.0,0.0,51.0
22.37741,0x316,0.0,0.0,1.0,6.25,3.36,-0.44,20.71875,21.0,20.5625,20.28125,2.1,0.0,0.0,51.0
22.37955,0x2B0,0.0,0.0,1.0,6.25,3.36,-0.44,20.71875,21.0,20.5625,20.28125,2.1,0.0,0.0,51.0
22.38655,0x220,0.0,0.0,1.0,6.25,3.44,-0.49,20.71875,21.0,20.5625,20.28125,2.1,0.0,0.0,51.0
22.38678,0x386,0.0,0.0,1.0,6.25,3.44,-0.49,20.625,20.6875,20.71875,20.75,2.1,0.0,0.0,51.0
22.38725,0x316,0.0,0.0,1.0,6.25,3.44,-0.49,20.625,20.6875,20.71875,20.75,2.1,0.0,0.0,51.0
22.38953,0x2B0,0.0,0.0,1.0,6.25,3.44,-0.49,20.625,20.6875,20.71875,20.75,2.1,0.0,0.0,51.0
22.39656,0x220,0.0,0.0,1.0,6.25,3.39,-0.52,20.625,20.6875,20.71875,20.75,2.1,0.0,0.0,51.0
22.39776,0x316,0.0,0.0,1.0,6.25,3.39,-0.52,20.625,20.6875,20.71875,20.75,2.1,0.0,0.0,51.0
22.39954,0x2B0,0.0,0.0,1.0,6.25,3.39,-0.52,20.625,20.6875,20.71875,20.75,2.0,0.0,0.0,51.0
22.40655,0x220,0.0,0.0,1.0,6.25,3.32,-0.54,20.625,20.6875,20.71875,20.75,2.0,0.0,0.0,51.0
22.40678,0x386,0.0,0.0,1.0,6.25,3.32,-0.54,20.78125,21.0,20.59375,21.34375,2.0,0.0,0.0,51.0
22.4075,0x316,0.0,0.0,1.0,6.25,3.32,-0.54,20.78125,21.0,20.59375,21.34375,2.0,0.0,0.0,51.0
22.40954,0x2B0,0.0,0.0,1.0,6.25,3.32,-0.54,20.78125,21.0,20.59375,21.34375,2.0,0.0,0.0,51.0
22.41656,0x220,0.0,0.0,1.0,6.25,3.18,-0.59,20.78125,21.0,20.59375,21.34375,2.0,0.0,0.0,51.0
22.41721,0x316,0.0,0.0,1.0,6.25,3.18,-0.59,20.78125,21.0,20.59375,21.34375,2.0,0.0,0.0,51.0
22.41953,0x2B0,0.0,0.0,1.0,6.25,3.18,-0.59,20.78125,21.0,20.59375,21.34375,1.8,8.0,0.0,51.0
22.42657,0x220,0.0,0.0,1.0,6.25,2.93,-0.72,20.78125,21.0,20.59375,21.34375,1.8,8.0,0.0,51.0
22.4268,0x386,0.0,0.0,1.0,6.25,2.93,-0.72,20.78125,20.96875,20.53125,21.1875,1.8,8.0,0.0,51.0
22.42728,0x316,0.0,0.0,1.0,6.25,2.93,-0.72,20.78125,20.96875,20.53125,21.1875,1.8,8.0,0.0,51.0
22.42953,0x2B0,0.0,0.0,1.0,6.25,2.93,-0.72,20.78125,20.96875,20.53125,21.1875,1.8,8.0,0.0,51.0
22.43657,0x220,0.0,0.0,1.0,6.25,2.52,-0.67,20.78125,20.96875,20.53125,21.1875,1.8,8.0,0.0,51.0
22.43734,0x316,0.0,0.0,1.0,6.25,2.52,-0.67,20.78125,20.96875,20.53125,21.1875,1.8,8.0,0.0,51.0
22.43955,0x2B0,0.0,0.0,1.0,6.25,2.52,-0.67,20.78125,20.96875,20.53125,21.1875,1.8,0.0,0.0,51.0
22.44656,0x220,0.0,0.0,1.0,6.25,2.02,-0.32,20.78125,20.96875,20.53125,21.1875,1.8,0.0,0.0,51.0
22.44679,0x386,0.0,0.0,1.0,6.25,2.02,-0.32,20.90625,20.5,20.46875,20.65625,1.8,0.0,0.0,51.0
22.44751,0x316,0.0,0.0,1.0,6.25,2.02,-0.32,20.90625,20.5,20.46875,20.65625,1.8,0.0,0.0,51.0
22.4495,0x2B0,0.0,0.0,1.0,6.25,2.02,-0.32,20.90625,20.5,20.46875,20.65625,1.7,0.0,0.0,51.0
22.45658,0x220,0.0,0.0,1.0,6.25,1.6,0.0,20.90625,20.5,20.46875,20.65625,1.7,0.0,0.0,51.0
22.45721,0x316,0.0,0.0,1.0,6.25,1.6,0.0,20.90625,20.5,20.46875,20.65625,1.7,0.0,0.0,51.0
22.45952,0x2B0,0.0,0.0,1.0,6.25,1.6,0.0,20.90625,20.5,20.46875,20.65625,1.7,0.0,0.0,51.0
22.46657,0x220,0.0,0.0,1.0,6.25,1.47,0.0,20.90625,20.5,20.46875,20.65625,1.7,0.0,0.0,51.0
22.4668,0x386,0.0,0.0,1.0,6.25,1.47,0.0,20.96875,20.96875,20.4375,20.5,1.7,0.0,0.0,51.0
22.46751,0x316,0.0,0.0,1.0,6.25,1.47,0.0,20.96875,20.96875,20.4375,20.5,1.7,0.0,0.0,51.0
22.46951,0x2B0,0.0,0.0,1.0,6.25,1.47,0.0,20.96875,20.96875,20.4375,20.5,1.7,0.0,0.0,51.0
22.47657,0x220,0.0,0.0,1.0,6.25,1.52,-0.25,20.96875,20.96875,20.4375,20.5,1.7,0.0,0.0,51.0
22.47775,0x316,0.0,0.0,1.0,6.25,1.52,-0.25,20.96875,20.96875,20.4375,20.5,1.7,0.0,0.0,51.0
22.47951,0x2B0,0.0,0.0,1.0,6.25,1.52,-0.25,20.96875,20.96875,20.4375,20.5,1.7,0.0,0.0,51.0
22.48657,0x220,0.0,0.0,1.0,6.25,1.49,-0.5,20.96875,20.96875,20.4375,20.5,1.7,0.0,0.0,51.0
22.4868,0x386,0.0,0.0,1.0,6.25,1.49,-0.5,20.84375,20.875,20.46875,20.40625,1.7,0.0,0.0,51.0
22.48751,0x316,0.0,0.0,1.0,6.25,1.49,-0.5,20.84375,20.875,20.46875,20.40625,1.7,0.0,0.0,51.0
22.48951,0x2B0,0.0,0.0,1.0,6.25,1.49,-0.5,20.84375,20.875,20.46875,20.40625,1.7,0.0,0.0,51.0
22.49656,0x220,0.0,0.0,1.0,6.25,1.38,-0.29,20.84375,20.875,20.46875,20.40625,1.7,0.0,0.0,51.0
22.49736,0x316,0.0,0.0,1.0,6.25,1.38,-0.29,20.84375,20.875,20.46875,20.40625,1.7,0.0,0.0,51.0
22.49951,0x2B0,0.0,0.0,1.0,6.25,1.38,-0.29,20.84375,20.875,20.46875,20.40625,1.7,0.0,0.0,51.0
22.50656,0x220,0.0,0.0,1.0,6.25,1.38,0.38,20.84375,20.875,20.46875,20.40625,1.7,0.0,0.0,51.0
22.50679,0x386,0.0,0.0,1.0,6.25,1.38,0.38,21.03125,20.90625,20.34375,20.28125,1.7,0.0,0.0,51.0
22.50726,0x316,0.0,0.0,1.0,6.25,1.38,0.38,21.03125,20.90625,20.34375,20.28125,1.7,0.0,0.0,51.0
22.50951,0x2B0,0.0,0.0,1.0,6.25,1.38,0.38,21.03125,20.90625,20.34375,20.28125,1.6,0.0,0.0,51.0
22.51654,0x220,0.0,0.0,1.0,6.25,1.63,0.9,21.03125,20.90625,20.34375,20.28125,1.6,0.0,0.0,51.0
22.51727,0x316,0.0,0.0,1.0,6.25,1.63,0.9,21.03125,20.90625,20.34375,20.28125,1.6,0.0,0.0,51.0
22.51949,0x2B0,0.0,0.0,1.0,6.25,1.63,0.9,21.03125,20.90625,20.34375,20.28125,1.6,0.0,0.0,51.0
22.52656,0x220,0.0,0.0,1.0,6.25,2.06,0.73,21.03125,20.90625,20.34375,20.28125,1.6,0.0,0.0,51.0
22.52678,0x386,0.0,0.0,1.0,6.25,2.06,0.73,20.875,21.03125,20.375,20.25,1.6,0.0,0.0,51.0
22.52749,0x316,0.0,0.0,1.0,6.25,2.06,0.73,20.875,21.03125,20.375,20.25,1.6,0.0,0.0,51.0
22.52952,0x2B0,0.0,0.0,1.0,6.25,2.06,0.73,20.875,21.03125,20.375,20.25,1.6,0.0,0.0,51.0
22.53656,0x220,0.0,0.0,1.0,6.25,2.37,0.0,20.875,21.03125,20.375,20.25,1.6,0.0,0.0,51.0
22.53721,0x316,0.0,0.0,1.0,6.25,2.37,0.0,20.875,21.03125,20.375,20.25,1.6,0.0,0.0,51.0
22.53951,0x2B0,0.0,0.0,1.0,6.25,2.37,0.0,20.875,21.03125,20.375,20.25,1.6,0.0,0.0,51.0
22.54656,0x220,0.0,0.0,1.0,6.25,2.32,-0.5,20.875,21.03125,20.375,20.25,1.6,0.0,0.0,51.0
22.54679,0x386,0.0,0.0,1.0,6.25,2.32,-0.5,21.0,20.84375,20.375,20.34375,1.6,0.0,0.0,51.0
22.54726,0x316,0.0,0.0,1.0,6.25,2.32,-0.5,21.0,20.84375,20.375,20.34375,1.6,0.0,0.0,51.0
22.54951,0x2B0,0.0,0.0,1.0,6.25,2.32,-0.5,21.0,20.84375,20.375,20.34375,1.6,0.0,0.0,51.0
22.55657,0x220,0.0,0.0,1.0,6.25,1.91,-0.36,21.0,20.84375,20.375,20.34375,1.6,0.0,0.0,51.0
22.55733,0x316,0.0,0.0,1.0,6.25,1.91,-0.36,21.0,20.84375,20.375,20.34375,1.6,0.0,0.0,50.0
22.55952,0x2B0,0.0,0.0,1.0,6.25,1.91,-0.36,21.0,20.84375,20.375,20.34375,1.6,0.0,0.0,50.0
22.56656,0x220,0.0,0.0,1.0,6.25,1.34,0.18,21.0,20.84375,20.375,20.34375,1.6,0.0,0.0,50.0
22.56679,0x386,0.0,0.0,1.0,6.25,1.34,0.18,20.59375,20.84375,19.75,20.34375,1.6,0.0,0.0,50.0
22.56775,0x316,0.0,0.0,1.0,6.25,1.34,0.18,20.59375,20.84375,19.75,20.34375,1.6,0.0,0.0,50.0
22.56953,0x2B0,0.0,0.0,1.0,6.25,1.34,0.18,20.59375,20.84375,19.75,20.34375,1.4,8.0,0.0,50.0
22.57658,0x220,0.0,0.0,1.0,6.25,0.96,0.52,20.59375,20.84375,19.75,20.34375,1.4,8.0,0.0,50.0
22.57744,0x316,0.0,0.0,1.0,6.25,0.96,0.52,20.59375,20.84375,19.75,20.34375,1.4,8.0,0.0,50.0
22.57955,0x2B0,0.0,0.0,1.0,6.25,0.96,0.52,20.59375,20.84375,19.75,20.34375,1.4,8.0,0.0,50.0
22.58656,0x220,0.0,0.0,1.0,6.25,0.87,0.38,20.59375,20.84375,19.75,20.34375,1.4,8.0,0.0,50.0
22.58679,0x386,0.0,0.0,1.0,6.25,0.87,0.38,20.78125,20.8125,19.78125,20.28125,1.4,8.0,0.0,50.0
22.58726,0x316,0.0,0.0,1.0,6.25,0.87,0.38,20.78125,20.8125,19.78125,20.28125,1.4,8.0,0.0,49.0
22.58954,0x2B0,0.0,0.0,1.0,6.25,0.87,0.38,20.78125,20.8125,19.78125,20.28125,1.4,0.0,0.0,49.0
22.59657,0x220,0.0,0.0,1.0,6.25,1.05,0.02,20.78125,20.8125,19.78125,20.28125,1.4,0.0,0.0,49.0
22.59749,0x316,0.0,0.0,1.0,6.25,1.05,0.02,20.78125,20.8125,19.78125,20.28125,1.4,0.0,0.0,49.0
22.59953,0x2B0,0.0,0.0,1.0,6.25,1.05,0.02,20.78125,20.8125,19.78125,20.28125,1.4,0.0,0.0,49.0
22.60657,0x220,0.0,0.0,1.0,6.25,1.42,-0.07,20.78125,20.8125,19.78125,20.28125,1.4,0.0,0.0,49.0
22.6068,0x386,0.0,0.0,1.0,6.25,1.42,-0.07,20.6875,20.65625,20.5,20.71875,1.4,0.0,0.0,49.0
22.60751,0x316,0.0,0.0,1.0,6.25,1.42,-0.07,20.6875,20.65625,20.5,20.71875,1.4,0.0,0.0,49.0
22.60953,0x2B0,0.0,0.0,1.0,6.25,1.42,-0.07,20.6875,20.65625,20.5,20.71875,1.2,8.0,0.0,49.0
22.61657,0x220,0.0,0.0,1.0,6.25,1.76,0.0,20.6875,20.65625,20.5,20.71875,1.2,8.0,0.0,49.0
22.61723,0x316,0.0,0.0,1.0,6.25,1.76,0.0,20.6875,20.65625,20.5,20.71875,1.2,8.0,0.0,49.0
22.61955,0x2B0,0.0,0.0,1.0,6.25,1.76,0.0,20.6875,20.65625,20.5,20.71875,1.2,8.0,0.0,49.0
22.62658,0x220,0.0,0.0,1.0,6.25,1.82,0.1,20.6875,20.65625,20.5,20.71875,1.2,8.0,0.0,49.0
22.62681,0x386,0.0,0.0,1.0,6.25,1.82,0.1,20.625,20.84375,20.59375,20.96875,1.2,8.0,0.0,49.0
22.62728,0x316,0.0,0.0,1.0,6.25,1.82,0.1,20.625,20.84375,20.59375,20.96875,1.2,8.0,0.0,49.0
22.62953,0x2B0,0.0,0.0,1.0,6.25,1.82,0.1,20.625,20.84375,20.59375,20.96875,1.2,0.0,0.0,49.0
22.63657,0x220,0.0,0.0,1.0,6.25,1.48,0.18,20.625,20.84375,20.59375,20.96875,1.2,0.0,0.0,49.0
22.63728,0x316,0.0,0.0,1.0,6.25,1.48,0.18,20.625,20.84375,20.59375,20.96875,1.2,0.0,0.0,50.0
22.63953,0x2B0,0.0,0.0,1.0,6.25,1.48,0.18,20.625,20.84375,20.59375,20.96875,1.1,0.0,0.0,50.0
22.64657,0x220,0.0,0.0,1.0,6.25,1.02,0.15,20.625,20.84375,20.59375,20.96875,1.1,0.0,0.0,50.0
22.64679,0x386,0.0,0.0,1.0,6.25,1.02,0.15,20.5,20.625,20.375,20.3125,1.1,0.0,0.0,50.0
22.64727,0x316,0.0,0.0,1.0,6.25,1.02,0.15,20.5,20.625,20.375,20.3125,1.1,0.0,0.0,50.0
22.64955,0x2B0,0.0,0.0,1.0,6.25,1.02,0.15,20.5,20.625,20.375,20.3125,1.1,0.0,0.0,50.0
22.65656,0x220,0.0,0.0,1.0,6.25,0.92,0.03,20.5,20.625,20.375,20.3125,1.1,0.0,0.0,50.0
22.65725,0x316,0.0,0.0,1.0,6.25,0.92,0.03,20.5,20.625,20.375,20.3125,1.1,0.0,0.0,50.0
22.65955,0x2B0,0.0,0.0,1.0,6.25,0.92,0.03,20.5,20.625,20.375,20.3125,1.1,0.0,0.0,50.0
22.66656,0x220,0.0,0.0,1.0,6.25,1.27,-0.11,20.5,20.625,20.375,20.3125,1.1,0.0,0.0,50.0
22.66679,0x386,0.0,0.0,1.0,6.25,1.27,-0.11,20.53125,20.78125,20.28125,20.25,1.1,0.0,0.0,50.0
22.66775,0x316,0.0,0.0,1.0,6.25,1.27,-0.11,20.53125,20.78125,20.28125,20.25,1.1,0.0,0.0,50.0
22.66955,0x2B0,0.0,0.0,1.0,6.25,1.27,-0.11,20.53125,20.78125,20.28125,20.25,1.0,0.0,0.0,50.0
22.67656,0x220,0.0,0.0,1.0,6.25,1.83,-0.3,20.53125,20.78125,20.28125,20.25,1.0,0.0,0.0,50.0
22.67766,0x316,0.0,0.0,1.0,6.25,1.83,-0.3,20.53125,20.78125,20.28125,20.25,1.0,0.0,0.0,50.0
22.6795,0x2B0,0.0,0.0,1.0,6.25,1.83,-0.3,20.53125,20.78125,20.28125,20.25,1.0,0.0,0.0,50.0
22.68656,0x220,0.0,0.0,1.0,6.25,2.21,-0.32,20.53125,20.78125,20.28125,20.25,1.0,0.0,0.0,50.0
22.68679,0x386,0.0,0.0,1.0,6.25,2.21,-0.32,20.5625,20.5,20.4375,20.28125,1.0,0.0,0.0,50.0
22.6875,0x316,0.0,0.0,1.0,6.25,2.21,-0.32,20.5625,20.5,20.4375,20.28125,1.0,0.0,0.0,50.0
22.68952,0x2B0,0.0,0.0,1.0,6.25,2.21,-0.32,20.5625,20.5,20.4375,20.28125,1.0,0.0,0.0,50.0
22.69657,0x220,0.0,0.0,1.0,6.25,2.24,-0.04,20.5625,20.5,20.4375,20.28125,1.0,0.0,0.0,50.0
22.69735,0x316,0.0,0.0,1.0,6.25,2.24,-0.04,20.5625,20.5,20.4375,20.28125,1.0,0.0,0.0,50.0
22.69953,0x2B0,0.0,0.0,1.0,6.25,2.24,-0.04,20.5625,20.5,20.4375,20.28125,0.8,8.0,0.0,50.0
22.70656,0x220,0.0,0.0,1.0,6.25,2.02,0.22,20.5625,20.5,20.4375,20.28125,0.8,8.0,0.0,50.0
22.70678,0x386,0.0,0.0,1.0,6.25,2.02,0.22,20.65625,20.65625,20.3125,20.90625,0.8,8.0,0.0,50.0
22.70749,0x316,0.0,0.0,1.0,6.25,2.02,0.22,20.65625,20.65625,20.3125,20.90625,0.8,8.0,0.0,50.0
22.70951,0x2B0,0.0,0.0,1.0,6.25,2.02,0.22,20.65625,20.65625,20.3125,20.90625,0.8,8.0,0.0,50.0
22.71657,0x220,0.0,0.0,1.0,6.25,1.73,0.13,20.65625,20.65625,20.3125,20.90625,0.8,8.0,0.0,50.0
22.71721,0x316,0.0,0.0,1.0,6.25,1.73,0.13,20.65625,20.65625,20.3125,20.90625,0.8,8.0,0.0,50.0
22.71953,0x2B0,0.0,0.0,1.0,6.25,1.73,0.13,20.65625,20.65625,20.3125,20.90625,0.7,0.0,0.0,50.0
22.72657,0x220,0.0,0.0,1.0,6.25,1.48,-0.22,20.65625,20.65625,20.3125,20.90625,0.7,0.0,0.0,50.0
22.72679,0x386,0.0,0.0,1.0,6.25,1.48,-0.22,20.53125,20.5625,20.1875,20.90625,0.7,0.0,0.0,50.0
22.7275,0x316,0.0,0.0,1.0,6.25,1.48,-0.22,20.53125,20.5625,20.1875,20.90625,0.7,0.0,0.0,50.0
22.72953,0x2B0,0.0,0.0,1.0,6.25,1.48,-0.22,20.53125,20.5625,20.1875,20.90625,0.7,0.0,0.0,50.0
22.73657,0x220,0.0,0.0,1.0,6.25,1.36,-0.32,20.53125,20.5625,20.1875,20.90625,0.7,0.0,0.0,50.0
22.73718,0x316,0.0,0.0,1.0,6.25,1.36,-0.32,20.53125,20.5625,20.1875,20.90625,0.7,0.0,0.0,50.0
22.73954,0x2B0,0.0,0.0,1.0,6.25,1.36,-0.32,20.53125,20.5625,20.1875,20.90625,0.4,12.0,0.0,50.0
22.74657,0x220,0.0,0.0,1.0,6.25,1.44,0.01,20.53125,20.5625,20.1875,20.90625,0.4,12.0,0.0,50.0
22.7468,0x386,0.0,0.0,1.0,6.25,1.44,0.01,20.59375,20.5625,20.59375,20.53125,0.4,12.0,0.0,50.0
22.74727,0x316,0.0,0.0,1.0,6.25,1.44,0.01,20.59375,20.5625,20.59375,20.53125,0.4,12.0,0.0,50.0
22.74953,0x2B0,0.0,0.0,1.0,6.25,1.44,0.01,20.59375,20.5625,20.59375,20.53125,0.4,12.0,0.0,50.0
22.75657,0x220,0.0,0.0,1.0,6.25,1.56,0.5,20.59375,20.5625,20.59375,20.53125,0.4,12.0,0.0,50.0
22.75724,0x316,0.0,0.0,1.0,6.25,1.56,0.5,20.59375,20.5625,20.59375,20.53125,0.4,12.0,0.0,50.0
22.75952,0x2B0,0.0,0.0,1.0,6.25,1.56,0.5,20.59375,20.5625,20.59375,20.53125,0.3,0.0,0.0,50.0
22.76657,0x220,0.0,0.0,1.0,6.25,1.59,0.74,20.59375,20.5625,20.59375,20.53125,0.3,0.0,0.0,50.0
22.7668,0x386,0.0,0.0,1.0,6.25,1.59,0.74,20.6875,20.5,20.6875,20.5,0.3,0.0,0.0,50.0
22.76775,0x316,0.0,0.0,1.0,6.25,1.59,0.74,20.6875,20.5,20.6875,20.5,0.3,0.0,0.0,50.0
22.76948,0x2B0,0.0,0.0,1.0,6.25,1.59,0.74,20.6875,20.5,20.6875,20.5,0.3,0.0,0.0,50.0
22.77657,0x220,0.0,0.0,1.0,6.25,1.51,0.64,20.6875,20.5,20.6875,20.5,0.3,0.0,0.0,50.0
22.77746,0x316,0.0,0.0,1.0,6.25,1.51,0.64,20.6875,20.5,20.6875,20.5,0.3,0.0,0.0,50.0
22.77952,0x2B0,0.0,0.0,1.0,6.25,1.51,0.64,20.6875,20.5,20.6875,20.5,0.3,0.0,0.0,50.0
22.78657,0x220,0.0,0.0,1.0,6.25,1.29,0.35,20.6875,20.5,20.6875,20.5,0.3,0.0,0.0,50.0
22.7868,0x386,0.0,0.0,1.0,6.25,1.29,0.35,20.6875,20.59375,20.09375,20.1875,0.3,0.0,0.0,50.0
22.78728,0x316,0.0,0.0,1.0,6.25,1.29,0.35,20.6875,20.59375,20.09375,20.1875,0.3,0.0,0.0,50.0
22.78953,0x2B0,0.0,0.0,1.0,6.25,1.29,0.35,20.6875,20.59375,20.09375,20.1875,0.3,0.0,0.0,50.0
22.79656,0x220,0.0,0.0,1.0,6.25,1.07,0.12,20.6875,20.59375,20.09375,20.1875,0.3,0.0,0.0,50.0
22.79736,0x316,0.0,0.0,1.0,6.25,1.07,0.12,20.6875,20.59375,20.09375,20.1875,0.3,0.0,0.0,50.0
22.79953,0x2B0,0.0,0.0,1.0,6.25,1.07,0.12,20.6875,20.59375,20.09375,20.1875,0.3,0.0,0.0,50.0
22.80655,0x220,0.0,0.0,1.0,6.25,1.05,0.0,20.6875,20.59375,20.09375,20.1875,0.3,0.0,0.0,50.0
22.80678,0x386,0.0,0.0,1.0,6.25,1.05,0.0,20.75,20.65625,20.15625,19.96875,0.3,0.0,0.0,50.0
22.80749,0x316,0.0,0.0,1.0,6.25,1.05,0.0,20.75,20.65625,20.15625,19.96875,0.3,0.0,0.0,50.0
22.80952,0x2B0,0.0,0.0,1.0,6.25,1.05,0.0,20.75,20.65625,20.15625,19.96875,0.3,0.0,0.0,50.0
22.81656,0x220,0.0,0.0,1.0,6.25,1.24,-0.12,20.75,20.65625,20.15625,19.96875,0.3,0.0,0.0,50.0
22.81724,0x316,0.0,0.0,1.0,6.25,1.24,-0.12,20.75,20.65625,20.15625,19.96875,0.3,0.0,0.0,50.0
22.81953,0x2B0,0.0,0.0,1.0,6.25,1.24,-0.12,20.75,20.65625,20.15625,19.96875,0.3,0.0,0.0,50.0
22.82656,0x220,0.0,0.0,1.0,6.25,1.62,-0.18,20.75,20.65625,20.15625,19.96875,0.3,0.0,0.0,50.0
22.82679,0x386,0.0,0.0,1.0,6.25,1.62,-0.18,20.46875,20.65625,20.125,20.3125,0.3,0.0,0.0,50.0
22.82726,0x316,0.0,0.0,1.0,6.25,1.62,-0.18,20.46875,20.65625,20.125,20.3125,0.3,0.0,0.0,50.0
22.82945,0x2B0,0.0,0.0,1.0,6.25,1.62,-0.18,20.46875,20.65625,20.125,20.3125,0.3,0.0,0.0,50.0
22.83656,0x220,0.0,0.0,1.0,6.25,2.03,-0.13,20.46875,20.65625,20.125,20.3125,0.3,0.0,0.0,50.0
22.83721,0x316,0.0,0.0,1.0,6.25,2.03,-0.13,20.46875,20.65625,20.125,20.3125,0.3,0.0,0.0,50.0
22.83954,0x2B0,0.0,0.0,1.0,6.25,2.03,-0.13,20.46875,20.65625,20.125,20.3125,0.3,0.0,0.0,50.0
22.84657,0x220,0.0,0.0,1.0,6.25,2.3,-0.04,20.46875,20.65625,20.125,20.3125,0.3,0.0,0.0,50.0
22.8468,0x386,0.0,0.0,1.0,6.25,2.3,-0.04,20.65625,20.65625,20.625,20.40625,0.3,0.0,0.0,50.0
22.84751,0x316,0.0,0.0,1.0,6.25,2.3,-0.04,20.65625,20.65625,20.625,20.40625,0.3,0.0,0.0,50.0
22.84955,0x2B0,0.0,0.0,1.0,6.25,2.3,-0.04,20.65625,20.65625,20.625,20.40625,0.3,0.0,0.0,50.0
22.85657,0x220,0.0,0.0,1.0,6.25,2.43,0.1,20.65625,20.65625,20.625,20.40625,0.3,0.0,0.0,50.0
22.85727,0x316,0.0,0.0,1.0,6.25,2.43,0.1,20.65625,20.65625,20.625,20.40625,0.3,0.0,0.0,49.0
22.85954,0x2B0,0.0,0.0,1.0,6.25,2.43,0.1,20.65625,20.65625,20.625,20.40625,0.2,0.0,0.0,49.0
22.86656,0x220,0.0,0.0,1.0,6.25,2.39,0.22,20.65625,20.65625,20.625,20.40625,0.2,0.0,0.0,49.0
22.86679,0x386,0.0,0.0,1.0,6.25,2.39,0.22,20.5625,20.53125,20.46875,19.84375,0.2,0.0,0.0,49.0
22.86774,0x316,0.0,0.0,1.0,6.25,2.39,0.22,20.5625,20.53125,20.46875,19.84375,0.2,0.0,0.0,49.0
22.86955,0x2B0,0.0,0.0,1.0,6.25,2.39,0.22,20.5625,20.53125,20.46875,19.84375,0.2,0.0,0.0,49.0
22.87657,0x220,0.0,0.0,1.0,6.25,2.22,0.05,20.5625,20.53125,20.46875,19.84375,0.2,0.0,0.0,49.0
22.8776,0x316,0.0,0.0,1.0,6.25,2.22,0.05,20.5625,20.53125,20.46875,19.84375,0.2,0.0,0.0,48.0
22.87951,0x2B0,0.0,0.0,1.0,6.25,2.22,0.05,20.5625,20.53125,20.46875,19.84375,0.2,0.0,0.0,48.0
22.88656,0x220,0.0,0.0,1.0,6.25,1.83,-0.3,20.5625,20.53125,20.46875,19.84375,0.2,0.0,0.0,48.0
22.88678,0x386,0.0,0.0,1.0,6.25,1.83,-0.3,20.5,20.59375,19.90625,19.5625,0.2,0.0,0.0,48.0
22.88749,0x316,0.0,0.0,1.0,6.25,1.83,-0.3,20.5,20.59375,19.90625,19.5625,0.2,0.0,0.0,48.0
22.8895,0x2B0,0.0,0.0,1.0,6.25,1.83,-0.3,20.5,20.59375,19.90625,19.5625,0.0,8.0,0.0,48.0
22.89658,0x220,0.0,0.0,1.0,6.25,1.27,-0.47,20.5,20.59375,19.90625,19.5625,0.0,8.0,0.0,48.0
22.89743,0x316,0.0,0.0,1.0,6.25,1.27,-0.47,20.5,20.59375,19.90625,19.5625,0.0,8.0,0.0,47.0
22.89949,0x2B0,0.0,0.0,1.0,6.25,1.27,-0.47,20.5,20.59375,19.90625,19.5625,0.0,8.0,0.0,47.0
22.90656,0x220,0.0,0.0,1.0,6.25,0.73,-0.27,20.5,20.59375,19.90625,19.5625,0.0,8.0,0.0,47.0
22.9068,0x386,0.0,0.0,1.0,6.25,0.73,-0.27,20.5,20.53125,19.75,20.4375,0.0,8.0,0.0,47.0
22.90727,0x316,0.0,0.0,1.0,6.25,0.73,-0.27,20.5,20.53125,19.75,20.4375,0.0,8.0,0.0,47.0
22.90948,0x2B0,0.0,0.0,1.0,6.25,0.73,-0.27,20.5,20.53125,19.75,20.4375,-0.1,0.0,0.0,47.0
22.91657,0x220,0.0,0.0,1.0,6.25,0.41,0.0,20.5,20.53125,19.75,20.4375,-0.1,0.0,0.0,47.0
22.91719,0x316,0.0,0.0,1.0,6.25,0.41,0.0,20.5,20.53125,19.75,20.4375,-0.1,0.0,0.0,47.0
22.91946,0x2B0,0.0,0.0,1.0,6.25,0.41,0.0,20.5,20.53125,19.75,20.4375,-0.1,0.0,0.0,47.0
22.92657,0x220,0.0,0.0,1.0,6.25,0.38,0.22,20.5,20.53125,19.75,20.4375,-0.1,0.0,0.0,47.0
22.9268,0x386,0.0,0.0,1.0,6.25,0.38,0.22,20.53125,20.46875,19.9375,20.53125,-0.1,0.0,0.0,47.0
22.9275,0x316,0.0,0.0,1.0,6.25,0.38,0.22,20.53125,20.46875,19.9375,20.53125,-0.1,0.0,0.0,48.0
22.92948,0x2B0,0.0,0.0,1.0,6.25,0.38,0.22,20.53125,20.46875,19.9375,20.53125,-0.3,8.0,0.0,48.0
22.93657,0x220,0.0,0.0,1.0,6.25,0.52,0.4,20.53125,20.46875,19.9375,20.53125,-0.3,8.0,0.0,48.0
22.93728,0x316,0.0,0.0,1.0,6.25,0.52,0.4,20.53125,20.46875,19.9375,20.53125,-0.3,8.0,0.0,48.0
22.93947,0x2B0,0.0,0.0,1.0,6.25,0.52,0.4,20.53125,20.46875,19.9375,20.53125,-0.3,8.0,0.0,48.0
22.94656,0x220,0.0,0.0,1.0,6.25,0.6,0.49,20.53125,20.46875,19.9375,20.53125,-0.3,8.0,0.0,48.0
22.9468,0x386,0.0,0.0,1.0,6.25,0.6,0.49,20.375,20.46875,20.0625,20.84375,-0.3,8.0,0.0,48.0
22.94727,0x316,0.0,0.0,1.0,6.25,0.6,0.49,20.375,20.46875,20.0625,20.84375,-0.3,8.0,0.0,48.0
22.94949,0x2B0,0.0,0.0,1.0,6.25,0.6,0.49,20.375,20.46875,20.0625,20.84375,-0.6,12.0,0.0,48.0
22.95657,0x220,0.0,0.0,1.0,6.25,0.6,0.55,20.375,20.46875,20.0625,20.84375,-0.6,12.0,0.0,48.0
22.95722,0x316,0.0,0.0,1.0,6.25,0.6,0.55,20.375,20.46875,20.0625,20.84375,-0.6,12.0,0.0,48.0
22.95948,0x2B0,0.0,0.0,1.0,6.25,0.6,0.55,20.375,20.46875,20.0625,20.84375,-0.8,24.0,0.0,48.0
22.96657,0x220,0.0,0.0,1.0,6.25,0.5,0.71,20.375,20.46875,20.0625,20.84375,-0.8,24.0,0.0,48.0
22.9668,0x386,0.0,0.0,1.0,6.25,0.5,0.71,20.34375,20.53125,20.40625,21.0,-0.8,24.0,0.0,48.0
22.96776,0x316,0.0,0.0,1.0,6.25,0.5,0.71,20.34375,20.53125,20.40625,21.0,-0.8,24.0,0.0,48.0
22.96948,0x2B0,0.0,0.0,1.0,6.25,0.5,0.71,20.34375,20.53125,20.40625,21.0,-0.9,12.0,0.0,48.0
22.97656,0x220,0.0,0.0,1.0,6.25,0.31,1.05,20.34375,20.53125,20.40625,21.0,-0.9,12.0,0.0,48.0
22.97751,0x316,0.0,0.0,1.0,6.25,0.31,1.05,20.34375,20.53125,20.40625,21.0,-0.9,12.0,0.0,48.0
22.97949,0x2B0,0.0,0.0,1.0,6.25,0.31,1.05,20.34375,20.53125,20.40625,21.0,-1.1,12.0,0.0,48.0
22.98656,0x220,0.0,0.0,1.0,6.25,0.27,1.38,20.34375,20.53125,20.40625,21.0,-1.1,12.0,0.0,48.0
22.98679,0x386,0.0,0.0,1.0,6.25,0.27,1.38,20.375,20.46875,20.59375,20.21875,-1.1,12.0,0.0,48.0
22.98726,0x316,0.0,0.0,1.0,6.25,0.27,1.38,20.375,20.46875,20.59375,20.21875,-1.1,12.0,0.0,48.0
22.98948,0x2B0,0.0,0.0,1.0,6.25,0.27,1.38,20.375,20.46875,20.59375,20.21875,-1.3,20.0,0.0,48.0
22.99656,0x220,0.0,0.0,1.0,6.25,0.5,1.5,20.375,20.46875,20.59375,20.21875,-1.3,20.0,0.0,48.0
22.99739,0x316,0.0,0.0,1.0,6.25,0.5,1.5,20.375,20.46875,20.59375,20.21875,-1.3,20.0,0.0,48.0
22.99952,0x2B0,0.0,0.0,1.0,6.25,0.5,1.5,20.375,20.46875,20.59375,20.21875,-1.3,8.0,0.0,48.0
23.00656,0x220,0.0,0.0,1.0,6.25,0.87,1.3,20.375,20.46875,20.59375,20.21875,-1.3,8.0,0.0,48.0
23.00679,0x386,0.0,0.0,1.0,6.25,0.87,1.3,20.5,20.4375,20.09375,20.09375,-1.3,8.0,0.0,48.0
23.0075,0x316,0.0,0.0,1.0,6.25,0.87,1.3,20.5,20.4375,20.09375,20.09375,-1.3,8.0,0.0,48.0
23.00952,0x2B0,0.0,0.0,1.0,6.25,0.87,1.3,20.5,20.4375,20.09375,20.09375,-1.4,0.0,0.0,48.0
23.01657,0x220,0.0,0.0,1.0,6.25,1.13,0.87,20.5,20.4375,20.09375,20.09375,-1.4,0.0,0.0,48.0
23.01731,0x316,0.0,0.0,1.0,6.25,1.13,0.87,20.5,20.4375,20.09375,20.09375,-1.4,0.0,0.0,48.0
23.0195,0x2B0,0.0,0.0,1.0,6.25,1.13,0.87,20.5,20.4375,20.09375,20.09375,-1.4,0.0,0.0,48.0
23.02657,0x220,0.0,0.0,1.0,6.25,1.09,0.46,20.5,20.4375,20.09375,20.09375,-1.4,0.0,0.0,48.0
23.0268,0x386,0.0,0.0,1.0,6.25,1.09,0.46,20.59375,20.46875,19.5625,20.46875,-1.4,0.0,0.0,48.0
23.02727,0x316,0.0,0.0,1.0,6.25,1.09,0.46,20.59375,20.46875,19.5625,20.46875,-1.4,0.0,0.0,48.0
23.02951,0x2B0,0.0,0.0,1.0,6.25,1.09,0.46,20.59375,20.46875,19.5625,20.46875,-1.5,0.0,0.0,48.0
23.03655,0x220,0.0,0.0,1.0,6.25,0.8,0.34,20.59375,20.46875,19.5625,20.46875,-1.5,0.0,0.0,48.0
23.03721,0x316,0.0,0.0,1.0,6.25,0.8,0.34,20.59375,20.46875,19.5625,20.46875,-1.5,0.0,0.0,48.0
23.03948,0x2B0,0.0,0.0,1.0,6.25,0.8,0.34,20.59375,20.46875,19.5625,20.46875,-1.5,0.0,0.0,48.0
23.04656,0x220,0.0,0.0,1.0,6.25,0.48,0.57,20.59375,20.46875,19.5625,20.46875,-1.5,0.0,0.0,48.0
23.04679,0x386,0.0,0.0,1.0,6.25,0.48,0.57,20.59375,20.5,20.15625,20.1875,-1.5,0.0,0.0,48.0
23.0475,0x316,0.0,0.0,1.0,6.25,0.48,0.57,20.59375,20.5,20.15625,20.1875,-1.5,0.0,0.0,48.0
23.04948,0x2B0,0.0,0.0,1.0,6.25,0.48,0.57,20.59375,20.5,20.15625,20.1875,-1.6,0.0,0.0,48.0
23.05657,0x220,0.0,0.0,1.0,6.25,0.43,0.76,20.59375,20.5,20.15625,20.1875,-1.6,0.0,0.0,48.0
23.05727,0x316,0.0,0.0,1.0,6.25,0.43,0.76,20.59375,20.5,20.15625,20.1875,-1.6,0.0,0.0,48.0
23.05949,0x2B0,0.0,0.0,1.0,6.25,0.43,0.76,20.59375,20.5,20.15625,20.1875,-1.6,0.0,0.0,48.0
23.06658,0x220,0.0,0.0,1.0,6.25,0.81,0.64,20.59375,20.5,20.15625,20.1875,-1.6,0.0,0.0,48.0
23.06682,0x386,0.0,0.0,1.0,6.25,0.81,0.64,20.5625,20.5625,20.53125,20.0625,-1.6,0.0,0.0,48.0
23.06753,0x316,0.0,0.0,1.0,6.25,0.81,0.64,20.5625,20.5625,20.53125,20.0625,-1.6,0.0,0.0,48.0
23.06951,0x2B0,0.0,0.0,1.0,6.25,0.81,0.64,20.5625,20.5625,20.53125,20.0625,-1.8,8.0,0.0,48.0
23.07657,0x220,0.0,0.0,1.0,6.25,1.53,0.42,20.5625,20.5625,20.53125,20.0625,-1.8,8.0,0.0,48.0
23.07757,0x316,0.0,0.0,1.0,6.25,1.53,0.42,20.5625,20.5625,20.53125,20.0625,-1.8,8.0,0.0,48.0
23.07944,0x2B0,0.0,0.0,1.0,6.25,1.53,0.42,20.5625,20.5625,20.53125,20.0625,-1.8,8.0,0.0,48.0
23.08657,0x220,0.0,0.0,1.0,6.25,2.33,0.3,20.5625,20.5625,20.53125,20.0625,-1.8,8.0,0.0,48.0
23.0868,0x386,0.0,0.0,1.0,6.25,2.33,0.3,20.34375,20.5,20.34375,20.15625,-1.8,8.0,0.0,48.0
23.08751,0x316,0.0,0.0,1.0,6.25,2.33,0.3,20.34375,20.5,20.34375,20.15625,-1.8,8.0,0.0,48.0
23.08944,0x2B0,0.0,0.0,1.0,6.25,2.33,0.3,20.34375,20.5,20.34375,20.15625,-1.8,0.0,0.0,48.0
23.09657,0x220,0.0,0.0,1.0,6.25,2.87,0.24,20.34375,20.5,20.34375,20.15625,-1.8,0.0,0.0,48.0
23.09741,0x316,0.0,0.0,1.0,6.25,2.87,0.24,20.34375,20.5,20.34375,20.15625,-1.8,0.0,0.0,48.0
23.09944,0x2B0,0.0,0.0,1.0,6.25,2.87,0.24,20.34375,20.5,20.34375,20.15625,-1.8,0.0,0.0,48.0
23.10656,0x220,0.0,0.0,1.0,6.25,2.94,0.14,20.34375,20.5,20.34375,20.15625,-1.8,0.0,0.0,48.0
23.1068,0x386,0.0,0.0,1.0,6.25,2.94,0.14,20.59375,20.5625,19.9375,20.03125,-1.8,0.0,0.0,48.0
23.10727,0x316,0.0,0.0,1.0,6.25,2.94,0.14,20.59375,20.5625,19.9375,20.03125,-1.8,0.0,0.0,48.0
23.10943,0x2B0,0.0,0.0,1.0,6.25,2.94,0.14,20.59375,20.5625,19.9375,20.03125,-1.8,0.0,0.0,48.0
23.11656,0x220,0.0,0.0,1.0,6.25,2.65,0.0,20.59375,20.5625,19.9375,20.03125,-1.8,0.0,0.0,48.0
23.11723,0x316,0.0,0.0,1.0,6.25,2.65,0.0,20.59375,20.5625,19.9375,20.03125,-1.8,0.0,0.0,48.0
23.11944,0x2B0,0.0,0.0,1.0,6.25,2.65,0.0,20.59375,20.5625,19.9375,20.03125,-1.8,0.0,0.0,48.0
23.12657,0x220,0.0,0.0,1.0,6.25,2.21,-0.16,20.59375,20.5625,19.9375,20.03125,-1.8,0.0,0.0,48.0
23.12681,0x386,0.0,0.0,1.0,6.25,2.21,-0.16,20.5,20.34375,20.0625,19.8125,-1.8,0.0,0.0,48.0
23.12727,0x316,0.0,0.0,1.0,6.25,2.21,-0.16,20.5,20.34375,20.0625,19.8125,-1.8,0.0,0.0,48.0
23.12945,0x2B0,0.0,0.0,1.0,6.25,2.21,-0.16,20.5,20.34375,20.0625,19.8125,-1.6,8.0,0.0,48.0
23.13656,0x220,0.0,0.0,1.0,6.25,1.77,-0.38,20.5,20.34375,20.0625,19.8125,-1.6,8.0,0.0,48.0
23.13726,0x316,0.0,0.0,1.0,6.25,1.77,-0.38,20.5,20.34375,20.0625,19.8125,-1.6,8.0,0.0,48.0
23.13944,0x2B0,0.0,0.0,1.0,6.25,1.77,-0.38,20.5,20.34375,20.0625,19.8125,-1.6,8.0,0.0,48.0
23.14656,0x220,0.0,0.0,1.0,6.25,1.43,-0.61,20.5,20.34375,20.0625,19.8125,-1.6,8.0,0.0,48.0
23.14679,0x386,0.0,0.0,1.0,6.25,1.43,-0.61,20.53125,20.46875,20.03125,20.0,-1.6,8.0,0.0,48.0
23.14727,0x316,0.0,0.0,1.0,6.25,1.43,-0.61,20.53125,20.46875,20.03125,20.0,-1.6,8.0,0.0,48.0
23.14945,0x2B0,0.0,0.0,1.0,6.25,1.43,-0.61,20.53125,20.46875,20.03125,20.0,-1.5,0.0,0.0,48.0
23.15656,0x220,0.0,0.0,1.0,6.25,1.24,-0.76,20.53125,20.46875,20.03125,20.0,-1.5,0.0,0.0,48.0
23.15726,0x316,0.0,0.0,1.0,6.25,1.24,-0.76,20.53125,20.46875,20.03125,20.0,-1.5,0.0,0.0,48.0
23.15944,0x2B0,0.0,0.0,1.0,6.25,1.24,-0.76,20.53125,20.46875,20.03125,20.0,-1.5,0.0,0.0,48.0
23.16657,0x220,0.0,0.0,1.0,6.25,1.24,-0.6,20.53125,20.46875,20.03125,20.0,-1.5,0.0,0.0,48.0
23.1668,0x386,0.0,0.0,1.0,6.25,1.24,-0.6,20.5625,20.46875,19.65625,20.25,-1.5,0.0,0.0,48.0
23.16751,0x316,0.0,0.0,1.0,6.25,1.24,-0.6,20.5625,20.46875,19.65625,20.25,-1.5,0.0,0.0,48.0
23.16943,0x2B0,0.0,0.0,1.0,6.25,1.24,-0.6,20.5625,20.46875,19.65625,20.25,-1.5,0.0,0.0,48.0
23.17657,0x220,0.0,0.0,1.0,6.25,1.54,-0.17,20.5625,20.46875,19.65625,20.25,-1.5,0.0,0.0,48.0
23.17761,0x316,0.0,0.0,1.0,6.25,1.54,-0.17,20.5625,20.46875,19.65625,20.25,-1.5,0.0,0.0,49.0
23.17943,0x2B0,0.0,0.0,1.0,6.25,1.54,-0.17,20.5625,20.46875,19.65625,20.25,-1.5,0.0,0.0,49.0
23.18656,0x220,0.0,0.0,1.0,6.25,2.1,0.11,20.5625,20.46875,19.65625,20.25,-1.5,0.0,0.0,49.0
23.18679,0x386,0.0,0.0,1.0,6.25,2.1,0.11,20.375,20.59375,19.78125,20.1875,-1.5,0.0,0.0,49.0
23.18726,0x316,0.0,0.0,1.0,6.25,2.1,0.11,20.375,20.59375,19.78125,20.1875,-1.5,0.0,0.0,49.0
23.18944,0x2B0,0.0,0.0,1.0,6.25,2.1,0.11,20.375,20.59375,19.78125,20.1875,-1.5,0.0,0.0,49.0
23.19657,0x220,0.0,0.0,1.0,6.25,2.69,-0.08,20.375,20.59375,19.78125,20.1875,-1.5,0.0,0.0,49.0
23.19741,0x316,0.0,0.0,1.0,6.25,2.69,-0.08,20.375,20.59375,19.78125,20.1875,-1.5,0.0,0.0,48.0
23.19952,0x2B0,0.0,0.0,1.0,6.25,2.69,-0.08,20.375,20.59375,19.78125,20.1875,-1.5,0.0,0.0,48.0
23.20657,0x220,0.0,0.0,1.0,6.25,3.0,-0.54,20.375,20.59375,19.78125,20.1875,-1.5,0.0,0.0,48.0
23.20679,0x386,0.0,0.0,1.0,6.25,3.0,-0.54,20.40625,20.40625,20.0,20.09375,-1.5,0.0,0.0,48.0
23.20727,0x316,0.0,0.0,1.0,6.25,3.0,-0.54,20.40625,20.40625,20.0,20.09375,-1.5,0.0,0.0,48.0
23.2095,0x2B0,0.0,0.0,1.0,6.25,3.0,-0.54,20.40625,20.40625,20.0,20.09375,-1.4,0.0,0.0,48.0
23.21657,0x220,0.0,0.0,1.0,6.25,2.9,-0.78,20.40625,20.40625,20.0,20.09375,-1.4,0.0,0.0,48.0
23.21734,0x316,0.0,0.0,1.0,6.25,2.9,-0.78,20.40625,20.40625,20.0,20.09375,-1.4,0.0,0.0,49.0
23.21946,0x2B0,0.0,0.0,1.0,6.25,2.9,-0.78,20.40625,20.40625,20.0,20.09375,-1.4,0.0,0.0,49.0
23.22657,0x220,0.0,0.0,1.0,6.25,2.5,-0.6,20.40625,20.40625,20.0,20.09375,-1.4,0.0,0.0,49.0
23.22681,0x386,0.0,0.0,1.0,6.25,2.5,-0.6,20.28125,20.46875,19.75,20.09375,-1.4,0.0,0.0,49.0
23.22728,0x316,0.0,0.0,1.0,6.25,2.5,-0.6,20.28125,20.46875,19.75,20.09375,-1.4,0.0,0.0,48.0
23.22946,0x2B0,0.0,0.0,1.0,6.25,2.5,-0.6,20.28125,20.46875,19.75,20.09375,-1.4,0.0,0.0,48.0
23.23656,0x220,0.0,0.0,1.0,6.25,1.96,-0.36,20.28125,20.46875,19.75,20.09375,-1.4,0.0,0.0,48.0
23.23724,0x316,0.0,0.0,1.0,6.25,1.96,-0.36,20.28125,20.46875,19.75,20.09375,-1.4,0.0,0.0,48.0
23.23945,0x2B0,0.0,0.0,1.0,6.25,1.96,-0.36,20.28125,20.46875,19.75,20.09375,-1.4,0.0,0.0,48.0
23.24657,0x220,0.0,0.0,1.0,6.25,1.46,-0.32,20.28125,20.46875,19.75,20.09375,-1.4,0.0,0.0,48.0
23.2468,0x386,0.0,0.0,1.0,6.25,1.46,-0.32,20.3125,20.3125,20.0,20.5,-1.4,0.0,0.0,48.0
23.24727,0x316,0.0,0.0,1.0,6.25,1.46,-0.32,20.3125,20.3125,20.0,20.5,-1.4,0.0,0.0,48.0
23.24945,0x2B0,0.0,0.0,1.0,6.25,1.46,-0.32,20.3125,20.3125,20.0,20.5,-1.4,0.0,0.0,48.0
23.25657,0x220,0.0,0.0,1.0,6.25,1.14,-0.36,20.3125,20.3125,20.0,20.5,-1.4,0.0,0.0,48.0
23.25735,0x316,0.0,0.0,1.0,6.25,1.14,-0.36,20.3125,20.3125,20.0,20.5,-1.4,0.0,0.0,48.0
23.25945,0x2B0,0.0,0.0,1.0,6.25,1.14,-0.36,20.3125,20.3125,20.0,20.5,-1.4,0.0,0.0,48.0
23.26657,0x220,0.0,0.0,1.0,6.25,1.08,-0.3,20.3125,20.3125,20.0,20.5,-1.4,0.0,0.0,48.0
23.2668,0x386,0.0,0.0,1.0,6.25,1.08,-0.3,20.25,20.3125,20.25,20.53125,-1.4,0.0,0.0,48.0
23.26752,0x316,0.0,0.0,1.0,6.25,1.08,-0.3,20.25,20.3125,20.25,20.53125,-1.4,0.0,0.0,48.0
23.26945,0x2B0,0.0,0.0,1.0,6.25,1.08,-0.3,20.25,20.3125,20.25,20.53125,-1.4,0.0,0.0,48.0
23.27656,0x220,0.0,0.0,1.0,6.25,1.34,-0.17,20.25,20.3125,20.25,20.53125,-1.4,0.0,0.0,48.0
23.27766,0x316,0.0,0.0,1.0,6.25,1.34,-0.17,20.25,20.3125,20.25,20.53125,-1.4,0.0,0.0,48.0
23.27945,0x2B0,0.0,0.0,1.0,6.25,1.34,-0.17,20.25,20.3125,20.25,20.53125,-1.4,0.0,0.0,48.0
23.28657,0x220,0.0,0.0,1.0,6.25,1.77,-0.14,20.25,20.3125,20.25,20.53125,-1.4,0.0,0.0,48.0
23.2868,0x386,0.0,0.0,1.0,6.25,1.77,-0.14,20.15625,20.34375,20.25,20.34375,-1.4,0.0,0.0,48.0
23.28727,0x316,0.0,0.0,1.0,6.25,1.77,-0.14,20.15625,20.34375,20.25,20.34375,-1.4,0.0,0.0,48.0
23.28945,0x2B0,0.0,0.0,1.0,6.25,1.77,-0.14,20.15625,20.34375,20.25,20.34375,-1.4,0.0,0.0,48.0
23.29656,0x220,0.0,0.0,1.0,6.25,2.07,-0.2,20.15625,20.34375,20.25,20.34375,-1.4,0.0,0.0,48.0
23.29743,0x316,0.0,0.0,1.0,6.25,2.07,-0.2,20.15625,20.34375,20.25,20.34375,-1.4,0.0,0.0,48.0
23.29944,0x2B0,0.0,0.0,1.0,6.25,2.07,-0.2,20.15625,20.34375,20.25,20.34375,-1.4,0.0,0.0,48.0
23.30656,0x220,0.0,0.0,1.0,6.25,2.11,-0.1,20.15625,20.34375,20.25,20.34375,-1.4,0.0,0.0,48.0
23.30679,0x386,0.0,0.0,1.0,6.25,2.11,-0.1,20.25,20.375,20.125,19.96875,-1.4,0.0,0.0,48.0
23.30751,0x316,0.0,0.0,1.0,6.25,2.11,-0.1,20.25,20.375,20.125,19.96875,-1.4,0.0,0.0,48.0
23.30944,0x2B0,0.0,0.0,1.0,6.25,2.11,-0.1,20.25,20.375,20.125,19.96875,-1.4,0.0,0.0,48.0
23.31657,0x220,0.0,0.0,1.0,6.25,1.97,0.14,20.25,20.375,20.125,19.96875,-1.4,0.0,0.0,48.0
23.31719,0x316,0.0,0.0,1.0,6.25,1.97,0.14,20.25,20.375,20.125,19.96875,-1.4,0.0,0.0,48.0
23.31948,0x2B0,0.0,0.0,1.0,6.25,1.97,0.14,20.25,20.375,20.125,19.96875,-1.4,0.0,0.0,48.0
23.32658,0x220,0.0,0.0,1.0,6.25,1.73,0.31,20.25,20.375,20.125,19.96875,-1.4,0.0,0.0,48.0
23.32681,0x386,0.0,0.0,1.0,6.25,1.73,0.31,20.25,20.5,20.21875,20.0625,-1.4,0.0,0.0,48.0
23.32729,0x316,0.0,0.0,1.0,6.25,1.73,0.31,20.25,20.5,20.21875,20.0625,-1.4,0.0,0.0,48.0
23.32947,0x2B0,0.0,0.0,1.0,6.25,1.73,0.31,20.25,20.5,20.21875,20.0625,-1.4,0.0,0.0,48.0
23.33657,0x220,0.0,0.0,1.0,6.25,1.44,0.15,20.25,20.5,20.21875,20.0625,-1.4,0.0,0.0,48.0
23.33724,0x316,0.0,0.0,1.0,6.25,1.44,0.15,20.25,20.5,20.21875,20.0625,-1.4,0.0,0.0,48.0
23.33947,0x2B0,0.0,0.0,1.0,6.25,1.44,0.15,20.25,20.5,20.21875,20.0625,-1.5,0.0,0.0,48.0
23.34656,0x220,0.0,0.0,1.0,6.25,1.16,-0.07,20.25,20.5,20.21875,20.0625,-1.5,0.0,0.0,48.0
23.34679,0x386,0.0,0.0,1.0,6.25,1.16,-0.07,20.40625,20.21875,20.28125,20.21875,-1.5,0.0,0.0,48.0
23.3475,0x316,0.0,0.0,1.0,6.25,1.16,-0.07,20.40625,20.21875,20.28125,20.21875,-1.5,0.0,0.0,48.0
23.34941,0x2B0,0.0,0.0,1.0,6.25,1.16,-0.07,20.40625,20.21875,20.28125,20.21875,-1.5,0.0,0.0,48.0
23.35657,0x220,0.0,0.0,1.0,6.25,0.93,-0.08,20.40625,20.21875,20.28125,20.21875,-1.5,0.0,0.0,48.0
23.35723,0x316,0.0,0.0,1.0,6.25,0.93,-0.08,20.40625,20.21875,20.28125,20.21875,-1.5,0.0,0.0,48.0
23.35947,0x2B0,0.0,0.0,1.0,6.25,0.93,-0.08,20.40625,20.21875,20.28125,20.21875,-1.5,0.0,0.0,48.0
23.36658,0x220,0.0,0.0,1.0,6.25,0.9,0.1,20.40625,20.21875,20.28125,20.21875,-1.5,0.0,0.0,48.0
23.36681,0x386,0.0,0.0,1.0,6.25,0.9,0.1,20.34375,20.40625,19.84375,20.0625,-1.5,0.0,0.0,48.0
23.36752,0x316,0.0,0.0,1.0,6.25,0.9,0.1,20.34375,20.40625,19.84375,20.0625,-1.5,0.0,0.0,48.0
23.36948,0x2B0,0.0,0.0,1.0,6.25,0.9,0.1,20.34375,20.40625,19.84375,20.0625,-1.7,8.0,0.0,48.0
23.37657,0x220,0.0,0.0,1.0,6.25,1.03,0.22,20.34375,20.40625,19.84375,20.0625,-1.7,8.0,0.0,48.0
23.37754,0x316,0.0,0.0,1.0,6.25,1.03,0.22,20.34375,20.40625,19.84375,20.0625,-1.7,8.0,0.0,48.0
23.37949,0x2B0,0.0,0.0,1.0,6.25,1.03,0.22,20.34375,20.40625,19.84375,20.0625,-1.7,8.0,0.0,48.0
23.38657,0x220,0.0,0.0,1.0,6.25,1.22,0.23,20.34375,20.40625,19.84375,20.0625,-1.7,8.0,0.0,48.0
23.38679,0x386,0.0,0.0,1.0,6.25,1.22,0.23,20.3125,20.3125,19.78125,19.8125,-1.7,8.0,0.0,48.0
23.38751,0x316,0.0,0.0,1.0,6.25,1.22,0.23,20.3125,20.3125,19.78125,19.8125,-1.7,8.0,0.0,47.0
23.38946,0x2B0,0.0,0.0,1.0,6.25,1.22,0.23,20.3125,20.3125,19.78125,19.8125,-1.9,8.0,0.0,47.0
23.39657,0x220,0.0,0.0,1.0,6.25,1.44,0.35,20.3125,20.3125,19.78125,19.8125,-1.9,8.0,0.0,47.0
23.39741,0x316,0.0,0.0,1.0,6.25,1.44,0.35,20.3125,20.3125,19.78125,19.8125,-1.9,8.0,0.0,47.0
23.39946,0x2B0,0.0,0.0,1.0,6.25,1.44,0.35,20.3125,20.3125,19.78125,19.8125,-1.9,8.0,0.0,47.0
23.40656,0x220,0.0,0.0,1.0,6.25,1.66,0.52,20.3125,20.3125,19.78125,19.8125,-1.9,8.0,0.0,47.0
23.4068,0x386,0.0,0.0,1.0,6.25,1.66,0.52,20.25,20.3125,19.90625,19.71875,-1.9,8.0,0.0,47.0
23.40727,0x316,0.0,0.0,1.0,6.25,1.66,0.52,20.25,20.3125,19.90625,19.71875,-1.9,8.0,0.0,46.0
23.40947,0x2B0,0.0,0.0,1.0,6.25,1.66,0.52,20.25,20.3125,19.90625,19.71875,-2.1,8.0,0.0,46.0
23.41657,0x220,0.0,0.0,1.0,6.25,1.86,0.6,20.25,20.3125,19.90625,19.71875,-2.1,8.0,0.0,46.0
23.41726,0x316,0.0,0.0,1.0,6.25,1.86,0.6,20.25,20.3125,19.90625,19.71875,-2.1,8.0,0.0,46.0
23.41949,0x2B0,0.0,0.0,1.0,6.25,1.86,0.6,20.25,20.3125,19.90625,19.71875,-2.1,8.0,0.0,46.0
23.42658,0x220,0.0,0.0,1.0,6.25,1.88,0.53,20.25,20.3125,19.90625,19.71875,-2.1,8.0,0.0,46.0
23.42681,0x386,0.0,0.0,1.0,6.25,1.88,0.53,20.3125,20.375,19.75,19.9375,-2.1,8.0,0.0,46.0
23.42728,0x316,0.0,0.0,1.0,6.25,1.88,0.53,20.3125,20.375,19.75,19.9375,-2.1,8.0,0.0,46.0
23.42949,0x2B0,0.0,0.0,1.0,6.25,1.88,0.53,20.3125,20.375,19.75,19.9375,-2.2,0.0,0.0,46.0
23.43657,0x220,0.0,0.0,1.0,6.25,1.56,0.41,20.3125,20.375,19.75,19.9375,-2.2,0.0,0.0,46.0
23.43725,0x316,0.0,0.0,1.0,6.25,1.56,0.41,20.3125,20.375,19.75,19.9375,-2.2,0.0,0.0,46.0
23.43944,0x2B0,0.0,0.0,1.0,6.25,1.56,0.41,20.3125,20.375,19.75,19.9375,-2.2,0.0,0.0,46.0
23.44657,0x220,0.0,0.0,1.0,6.25,0.95,0.39,20.3125,20.375,19.75,19.9375,-2.2,0.0,0.0,46.0
23.4468,0x386,0.0,0.0,1.0,6.25,0.95,0.39,20.28125,20.15625,19.375,19.96875,-2.2,0.0,0.0,46.0
23.44727,0x316,0.0,0.0,1.0,6.25,0.95,0.39,20.28125,20.15625,19.375,19.96875,-2.2,0.0,0.0,46.0
23.44947,0x2B0,0.0,0.0,1.0,6.25,0.95,0.39,20.28125,20.15625,19.375,19.96875,-2.2,0.0,0.0,46.0
23.45657,0x220,0.0,0.0,1.0,6.25,0.33,0.55,20.28125,20.15625,19.375,19.96875,-2.2,0.0,0.0,46.0
23.45726,0x316,0.0,0.0,1.0,6.25,0.33,0.55,20.28125,20.15625,19.375,19.96875,-2.2,0.0,0.0,47.0
23.45947,0x2B0,0.0,0.0,1.0,6.25,0.33,0.55,20.28125,20.15625,19.375,19.96875,-2.2,0.0,0.0,47.0
23.46658,0x220,0.0,0.0,1.0,6.25,-0.01,0.72,20.28125,20.15625,19.375,19.96875,-2.2,0.0,0.0,47.0
23.46681,0x386,0.0,0.0,1.0,6.25,-0.01,0.72,20.3125,20.28125,19.6875,19.53125,-2.2,0.0,0.0,47.0
23.46776,0x316,0.0,0.0,1.0,6.25,-0.01,0.72,20.3125,20.28125,19.6875,19.53125,-2.2,0.0,0.0,47.0
23.46945,0x2B0,0.0,0.0,1.0,6.25,-0.01,0.72,20.3125,20.28125,19.6875,19.53125,-2.3,0.0,0.0,47.0
23.47657,0x220,0.0,0.0,1.0,6.25,0.02,0.63,20.3125,20.28125,19.6875,19.53125,-2.3,0.0,0.0,47.0
23.47762,0x316,0.0,0.0,1.0,6.25,0.02,0.63,20.3125,20.28125,19.6875,19.53125,-2.3,0.0,0.0,47.0
23.47941,0x2B0,0.0,0.0,1.0,6.25,0.02,0.63,20.3125,20.28125,19.6875,19.53125,-2.3,0.0,0.0,47.0
23.48656,0x220,0.0,0.0,1.0,6.25,0.41,0.49,20.3125,20.28125,19.6875,19.53125,-2.3,0.0,0.0,47.0
23.48679,0x386,0.0,0.0,1.0,6.25,0.41,0.49,20.1875,20.21875,19.5,19.625,-2.3,0.0,0.0,47.0
23.48727,0x316,0.0,0.0,1.0,6.25,0.41,0.49,20.1875,20.21875,19.5,19.625,-2.3,0.0,0.0,47.0
23.48941,0x2B0,0.0,0.0,1.0,6.25,0.41,0.49,20.1875,20.21875,19.5,19.625,-2.3,0.0,0.0,47.0
23.49657,0x220,0.0,0.0,1.0,6.25,0.87,0.57,20.1875,20.21875,19.5,19.625,-2.3,0.0,0.0,47.0
23.49742,0x316,0.0,0.0,1.0,6.25,0.87,0.57,20.1875,20.21875,19.5,19.625,-2.3,0.0,0.0,47.0
23.4994,0x2B0,0.0,0.0,1.0,6.25,0.87,0.57,20.1875,20.21875,19.5,19.625,-2.3,0.0,0.0,47.0
23.50657,0x220,0.0,0.0,1.0,6.25,1.19,0.89,20.1875,20.21875,19.5,19.625,-2.3,0.0,0.0,47.0
23.5068,0x386,0.0,0.0,1.0,6.25,1.19,0.89,20.28125,20.15625,19.0625,20.15625,-2.3,0.0,0.0,47.0
23.50727,0x316,0.0,0.0,1.0,6.25,1.19,0.89,20.28125,20.15625,19.0625,20.15625,-2.3,0.0,0.0,47.0
23.5094,0x2B0,0.0,0.0,1.0,6.25,1.19,0.89,20.28125,20.15625,19.0625,20.15625,-2.3,0.0,0.0,47.0
23.51658,0x220,0.0,0.0,1.0,6.25,1.26,1.1,20.28125,20.15625,19.0625,20.15625,-2.3,0.0,0.0,47.0
23.51722,0x316,0.0,0.0,1.0,6.25,1.26,1.1,20.28125,20.15625,19.0625,20.15625,-2.3,0.0,0.0,46.0
23.5194,0x2B0,0.0,0.0,1.0,6.25,1.26,1.1,20.28125,20.15625,19.0625,20.15625,-2.3,0.0,0.0,46.0
23.52657,0x220,0.0,0.0,1.0,6.25,1.1,1.0,20.28125,20.15625,19.0625,20.15625,-2.3,0.0,0.0,46.0
23.5268,0x386,0.0,0.0,1.0,6.25,1.1,1.0,20.03125,20.15625,19.46875,20.0,-2.3,0.0,0.0,46.0
23.52727,0x316,0.0,0.0,1.0,6.25,1.1,1.0,20.03125,20.15625,19.46875,20.0,-2.3,0.0,0.0,45.0
23.5294,0x2B0,0.0,0.0,1.0,6.25,1.1,1.0,20.03125,20.15625,19.46875,20.0,-2.3,0.0,0.0,45.0
23.53657,0x220,0.0,0.0,1.0,6.25,0.87,0.73,20.03125,20.15625,19.46875,20.0,-2.3,0.0,0.0,45.0
23.53719,0x316,0.0,0.0,1.0,6.25,0.87,0.73,20.03125,20.15625,19.46875,20.0,-2.3,0.0,0.0,44.0
23.5394,0x2B0,0.0,0.0,1.0,6.25,0.87,0.73,20.03125,20.15625,19.46875,20.0,-2.3,0.0,0.0,44.0
23.54657,0x220,0.0,0.0,1.0,6.25,0.7,0.52,20.03125,20.15625,19.46875,20.0,-2.3,0.0,0.0,44.0
23.5468,0x386,0.0,0.0,1.0,6.25,0.7,0.52,20.03125,20.21875,19.84375,19.6875,-2.3,0.0,0.0,44.0
23.54752,0x316,0.0,0.0,1.0,6.25,0.7,0.52,20.03125,20.21875,19.84375,19.6875,-2.3,0.0,0.0,43.0
23.5494,0x2B0,0.0,0.0,1.0,6.25,0.7,0.52,20.03125,20.21875,19.84375,19.6875,-2.3,0.0,0.0,43.0
23.55657,0x220,0.0,0.0,1.0,6.25,0.74,0.53,20.03125,20.21875,19.84375,19.6875,-2.3,0.0,0.0,43.0
23.55722,0x316,0.0,0.0,1.0,6.25,0.74,0.53,20.03125,20.21875,19.84375,19.6875,-2.3,0.0,0.0,42.0
23.55945,0x2B0,0.0,0.0,1.0,6.25,0.74,0.53,20.03125,20.21875,19.84375,19.6875,-2.2,0.0,0.0,42.0
23.56658,0x220,0.0,0.0,1.0,6.25,1.01,0.7,20.03125,20.21875,19.84375,19.6875,-2.2,0.0,0.0,42.0
23.56681,0x386,0.0,0.0,1.0,6.25,1.01,0.7,19.90625,20.15625,19.5,19.96875,-2.2,0.0,0.0,42.0
23.56752,0x316,0.0,0.0,1.0,6.25,1.01,0.7,19.90625,20.15625,19.5,19.96875,-2.2,0.0,0.0,41.0
23.56942,0x2B0,0.0,0.0,1.0,6.25,1.01,0.7,19.90625,20.15625,19.5,19.96875,-2.2,0.0,0.0,41.0
23.57657,0x220,0.0,0.0,1.0,6.25,1.43,0.87,19.90625,20.15625,19.5,19.96875,-2.2,0.0,0.0,41.0
23.5774,0x316,0.0,0.0,1.0,6.25,1.43,0.87,19.90625,20.15625,19.5,19.96875,-2.2,0.0,0.0,41.0
23.57944,0x2B0,0.0,0.0,1.0,6.25,1.43,0.87,19.90625,20.15625,19.5,19.96875,-2.1,0.0,0.0,41.0
23.58657,0x220,0.0,0.0,1.0,6.25,1.82,0.78,19.90625,20.15625,19.5,19.96875,-2.1,0.0,0.0,41.0
23.58681,0x386,0.0,0.0,1.0,6.25,1.82,0.78,19.875,20.09375,19.90625,19.96875,-2.1,0.0,0.0,41.0
23.58752,0x316,0.0,0.0,1.0,6.25,1.82,0.78,19.875,20.09375,19.90625,19.96875,-2.1,0.0,0.0,41.0
23.58945,0x2B0,0.0,0.0,1.0,6.25,1.82,0.78,19.875,20.09375,19.90625,19.96875,-1.9,12.0,0.0,41.0
23.59657,0x220,0.0,0.0,1.0,6.25,2.05,0.38,19.875,20.09375,19.90625,19.96875,-1.9,12.0,0.0,41.0
23.59738,0x316,0.0,0.0,1.0,6.25,2.05,0.38,19.875,20.09375,19.90625,19.96875,-1.9,12.0,0.0,41.0
23.59941,0x2B0,0.0,0.0,1.0,6.25,2.05,0.38,19.875,20.09375,19.90625,19.96875,-1.9,8.0,0.0,41.0
23.60656,0x220,0.0,0.0,1.0,6.25,2.08,-0.05,19.875,20.09375,19.90625,19.96875,-1.9,8.0,0.0,41.0
23.6068,0x386,0.0,0.0,1.0,6.25,2.08,-0.05,20.03125,20.15625,19.96875,20.09375,-1.9,8.0,0.0,41.0
23.60751,0x316,0.0,0.0,1.0,6.25,2.08,-0.05,20.03125,20.15625,19.96875,20.09375,-1.9,8.0,0.0,42.0
23.60944,0x2B0,0.0,0.0,1.0,6.25,2.08,-0.05,20.03125,20.15625,19.96875,20.09375,-1.7,8.0,0.0,42.0
23.61656,0x220,0.0,0.0,1.0,6.25,1.99,-0.36,20.03125,20.15625,19.96875,20.09375,-1.7,8.0,0.0,42.0
23.61718,0x316,0.0,0.0,1.0,6.25,1.99,-0.36,20.03125,20.15625,19.96875,20.09375,-1.7,8.0,0.0,43.0
23.61948,0x2B0,0.0,0.0,1.0,6.25,1.99,-0.36,20.03125,20.15625,19.96875,20.09375,-1.7,8.0,0.0,43.0
23.62658,0x220,0.0,0.0,1.0,6.25,1.88,-0.49,20.03125,20.15625,19.96875,20.09375,-1.7,8.0,0.0,43.0
23.62681,0x386,0.0,0.0,1.0,6.25,1.88,-0.49,20.03125,20.15625,19.5,20.15625,-1.7,8.0,0.0,43.0
23.62753,0x316,0.0,0.0,1.0,6.25,1.88,-0.49,20.03125,20.15625,19.5,20.15625,-1.7,8.0,0.0,43.0
23.62944,0x2B0,0.0,0.0,1.0,6.25,1.88,-0.49,20.03125,20.15625,19.5,20.15625,-1.5,8.0,0.0,43.0
23.63657,0x220,0.0,0.0,1.0,6.25,1.81,-0.59,20.03125,20.15625,19.5,20.15625,-1.5,8.0,0.0,43.0
23.6373,0x316,0.0,0.0,1.0,6.25,1.81,-0.59,20.03125,20.15625,19.5,20.15625,-1.5,8.0,0.0,44.0
23.63949,0x2B0,0.0,0.0,1.0,6.25,1.81,-0.59,20.03125,20.15625,19.5,20.15625,-1.5,8.0,0.0,44.0
23.64658,0x220,0.0,0.0,1.0,6.25,1.81,-0.63,20.03125,20.15625,19.5,20.15625,-1.5,8.0,0.0,44.0
23.6468,0x386,0.0,0.0,1.0,6.25,1.81,-0.63,20.125,20.21875,19.5,20.03125,-1.5,8.0,0.0,44.0
23.64728,0x316,0.0,0.0,1.0,6.25,1.81,-0.63,20.125,20.21875,19.5,20.03125,-1.5,8.0,0.0,44.0
23.64945,0x2B0,0.0,0.0,1.0,6.25,1.81,-0.63,20.125,20.21875,19.5,20.03125,-1.4,0.0,0.0,44.0
23.65658,0x220,0.0,0.0,1.0,6.25,1.95,-0.57,20.125,20.21875,19.5,20.03125,-1.4,0.0,0.0,44.0
23.65721,0x316,0.0,0.0,1.0,6.25,1.95,-0.57,20.125,20.21875,19.5,20.03125,-1.4,0.0,0.0,44.0
23.65948,0x2B0,0.0,0.0,1.0,6.25,1.95,-0.57,20.125,20.21875,19.5,20.03125,-1.4,0.0,0.0,44.0
23.66659,0x220,0.0,0.0,1.0,6.25,2.09,-0.47,20.125,20.21875,19.5,20.03125,-1.4,0.0,0.0,44.0
23.66682,0x386,0.0,0.0,1.0,6.25,2.09,-0.47,20.1875,20.125,19.96875,19.75,-1.4,0.0,0.0,44.0
23.66777,0x316,0.0,0.0,1.0,6.25,2.09,-0.47,20.1875,20.125,19.96875,19.75,-1.4,0.0,0.0,44.0
23.66944,0x2B0,0.0,0.0,1.0,6.25,2.09,-0.47,20.1875,20.125,19.96875,19.75,-1.2,8.0,0.0,44.0
23.67657,0x220,0.0,0.0,1.0,6.25,2.12,-0.4,20.1875,20.125,19.96875,19.75,-1.2,8.0,0.0,44.0
23.67768,0x316,0.0,0.0,1.0,6.25,2.12,-0.4,20.1875,20.125,19.96875,19.75,-1.2,8.0,0.0,44.0
23.67942,0x2B0,0.0,0.0,1.0,6.25,2.12,-0.4,20.1875,20.125,19.96875,19.75,-1.2,8.0,0.0,44.0
23.68658,0x220,0.0,0.0,1.0,6.25,2.03,-0.48,20.1875,20.125,19.96875,19.75,-1.2,8.0,0.0,44.0
23.68681,0x386,0.0,0.0,1.0,6.25,2.03,-0.48,20.125,20.15625,19.875,19.5,-1.2,8.0,0.0,44.0
23.68728,0x316,0.0,0.0,1.0,6.25,2.03,-0.48,20.125,20.15625,19.875,19.5,-1.2,8.0,0.0,44.0
23.6894,0x2B0,0.0,0.0,1.0,6.25,2.03,-0.48,20.125,20.15625,19.875,19.5,-1.2,0.0,0.0,44.0
23.69658,0x220,0.0,0.0,1.0,6.25,1.79,-0.65,20.125,20.15625,19.875,19.5,-1.2,0.0,0.0,44.0
23.69733,0x316,0.0,0.0,1.0,6.25,1.79,-0.65,20.125,20.15625,19.875,19.5,-1.2,0.0,0.0,44.0
23.69942,0x2B0,0.0,0.0,1.0,6.25,1.79,-0.65,20.125,20.15625,19.875,19.5,-1.2,0.0,0.0,44.0
23.70658,0x220,0.0,0.0,1.0,6.25,1.54,-0.84,20.125,20.15625,19.875,19.5,-1.2,0.0,0.0,44.0
23.70681,0x386,0.0,0.0,1.0,6.25,1.54,-0.84,20.09375,20.15625,19.9375,19.5625,-1.2,0.0,0.0,44.0
23.70752,0x316,0.0,0.0,1.0,6.25,1.54,-0.84,20.09375,20.15625,19.9375,19.5625,-1.2,0.0,0.0,43.0
23.70941,0x2B0,0.0,0.0,1.0,6.25,1.54,-0.84,20.09375,20.15625,19.9375,19.5625,-1.2,0.0,0.0,43.0
23.71657,0x220,0.0,0.0,1.0,6.25,1.48,-0.96,20.09375,20.15625,19.9375,19.5625,-1.2,0.0,0.0,43.0
23.71726,0x316,0.0,0.0,1.0,6.25,1.48,-0.96,20.09375,20.15625,19.9375,19.5625,-1.2,0.0,0.0,43.0
23.71941,0x2B0,0.0,0.0,1.0,6.25,1.48,-0.96,20.09375,20.15625,19.9375,19.5625,-1.2,0.0,0.0,43.0
23.72658,0x220,0.0,0.0,1.0,6.25,1.59,-0.98,20.09375,20.15625,19.9375,19.5625,-1.2,0.0,0.0,43.0
23.72681,0x386,0.0,0.0,1.0,6.25,1.59,-0.98,20.09375,20.125,20.0,20.0625,-1.2,0.0,0.0,43.0
23.72728,0x316,0.0,0.0,1.0,6.25,1.59,-0.98,20.09375,20.125,20.0,20.0625,-1.2,0.0,0.0,43.0
23.72939,0x2B0,0.0,0.0,1.0,6.25,1.59,-0.98,20.09375,20.125,20.0,20.0625,-1.2,0.0,0.0,43.0
23.73657,0x220,0.0,0.0,1.0,6.25,1.78,-1.0,20.09375,20.125,20.0,20.0625,-1.2,0.0,0.0,43.0
23.73718,0x316,0.0,0.0,1.0,6.25,1.78,-1.0,20.09375,20.125,20.0,20.0625,-1.2,0.0,0.0,43.0
23.73941,0x2B0,0.0,0.0,1.0,6.25,1.78,-1.0,20.09375,20.125,20.0,20.0625,-1.2,0.0,0.0,43.0
23.74657,0x220,0.0,0.0,1.0,6.25,1.86,-0.97,20.09375,20.125,20.0,20.0625,-1.2,0.0,0.0,43.0
23.74681,0x386,0.0,0.0,1.0,6.25,1.86,-0.97,20.03125,20.0,20.0,20.15625,-1.2,0.0,0.0,43.0
23.74728,0x316,0.0,0.0,1.0,6.25,1.86,-0.97,20.03125,20.0,20.0,20.15625,-1.2,0.0,0.0,43.0
23.74941,0x2B0,0.0,0.0,1.0,6.25,1.86,-0.97,20.03125,20.0,20.0,20.15625,-1.2,0.0,0.0,43.0
23.75657,0x220,0.0,0.0,1.0,6.25,1.73,-0.81,20.03125,20.0,20.0,20.15625,-1.2,0.0,0.0,43.0
23.75732,0x316,0.0,0.0,1.0,6.25,1.73,-0.81,20.03125,20.0,20.0,20.15625,-1.2,0.0,0.0,43.0
23.7594,0x2B0,0.0,0.0,1.0,6.25,1.73,-0.81,20.03125,20.0,20.0,20.15625,-1.2,0.0,0.0,43.0
23.76659,0x220,0.0,0.0,1.0,6.25,1.42,-0.61,20.03125,20.0,20.0,20.15625,-1.2,0.0,0.0,43.0
23.76682,0x386,0.0,0.0,1.0,6.25,1.42,-0.61,20.25,20.15625,19.75,19.59375,-1.2,0.0,0.0,43.0
23.76753,0x316,0.0,0.0,1.0,6.25,1.42,-0.61,20.25,20.15625,19.75,19.59375,-1.2,0.0,0.0,43.0
23.7694,0x2B0,0.0,0.0,1.0,6.25,1.42,-0.61,20.25,20.15625,19.75,19.59375,-1.2,0.0,0.0,43.0
23.77658,0x220,0.0,0.0,1.0,6.25,1.0,-0.46,20.25,20.15625,19.75,19.59375,-1.2,0.0,0.0,43.0
23.77739,0x316,0.0,0.0,1.0,6.25,1.0,-0.46,20.25,20.15625,19.75,19.59375,-1.2,0.0,0.0,43.0
23.77939,0x2B0,0.0,0.0,1.0,6.25,1.0,-0.46,20.25,20.15625,19.75,19.59375,-1.2,0.0,0.0,43.0
23.78657,0x220,0.0,0.0,1.0,6.25,0.66,-0.33,20.25,20.15625,19.75,19.59375,-1.2,0.0,0.0,43.0
23.7868,0x386,0.0,0.0,1.0,6.25,0.66,-0.33,20.15625,20.03125,19.875,19.4375,-1.2,0.0,0.0,43.0
23.78728,0x316,0.0,0.0,1.0,6.25,0.66,-0.33,20.15625,20.03125,19.875,19.4375,-1.2,0.0,0.0,43.0
23.7894,0x2B0,0.0,0.0,1.0,6.25,0.66,-0.33,20.15625,20.03125,19.875,19.4375,-1.2,0.0,0.0,43.0
23.79657,0x220,0.0,0.0,1.0,6.25,0.48,-0.14,20.15625,20.03125,19.875,19.4375,-1.2,0.0,0.0,43.0
23.79765,0x316,0.0,0.0,1.0,6.25,0.48,-0.14,20.15625,20.03125,19.875,19.4375,-1.2,0.0,0.0,43.0
23.79941,0x2B0,0.0,0.0,1.0,6.25,0.48,-0.14,20.15625,20.03125,19.875,19.4375,-1.2,0.0,0.0,43.0
23.80657,0x220,0.0,0.0,1.0,6.25,0.49,0.0,20.15625,20.03125,19.875,19.4375,-1.2,0.0,0.0,43.0
23.8068,0x386,0.0,0.0,1.0,6.25,0.49,0.0,20.1875,20.15625,19.96875,19.5,-1.2,0.0,0.0,43.0
23.80727,0x316,0.0,0.0,1.0,6.25,0.49,0.0,20.1875,20.15625,19.96875,19.5,-1.2,0.0,0.0,43.0
23.80939,0x2B0,0.0,0.0,1.0,6.25,0.49,0.0,20.1875,20.15625,19.96875,19.5,-1.2,0.0,0.0,43.0
23.81658,0x220,0.0,0.0,1.0,6.25,0.56,0.0,20.1875,20.15625,19.96875,19.5,-1.2,0.0,0.0,43.0
23.81719,0x316,0.0,0.0,1.0,6.25,0.56,0.0,20.1875,20.15625,19.96875,19.5,-1.2,0.0,0.0,43.0
23.81939,0x2B0,0.0,0.0,1.0,6.25,0.56,0.0,20.1875,20.15625,19.96875,19.5,-1.2,0.0,0.0,43.0
23.82658,0x220,0.0,0.0,1.0,6.25,0.58,-0.01,20.1875,20.15625,19.96875,19.5,-1.2,0.0,0.0,43.0
23.82681,0x386,0.0,0.0,1.0,6.25,0.58,-0.01,20.25,20.125,19.78125,19.71875,-1.2,0.0,0.0,43.0
23.82728,0x316,0.0,0.0,1.0,6.25,0.58,-0.01,20.25,20.125,19.78125,19.71875,-1.2,0.0,0.0,43.0
23.8294,0x2B0,0.0,0.0,1.0,6.25,0.58,-0.01,20.25,20.125,19.78125,19.71875,-1.2,0.0,0.0,43.0
23.83657,0x220,0.0,0.0,1.0,6.25,0.54,-0.1,20.25,20.125,19.78125,19.71875,-1.2,0.0,0.0,43.0
23.83732,0x316,0.0,0.0,1.0,6.25,0.54,-0.1,20.25,20.125,19.78125,19.71875,-1.2,0.0,0.0,43.0
23.8394,0x2B0,0.0,0.0,1.0,6.25,0.54,-0.1,20.25,20.125,19.78125,19.71875,-1.2,0.0,0.0,43.0
23.84657,0x220,0.0,0.0,1.0,6.25,0.46,-0.13,20.25,20.125,19.78125,19.71875,-1.2,0.0,0.0,43.0
23.84679,0x386,0.0,0.0,1.0,6.25,0.46,-0.13,20.15625,20.03125,19.625,19.875,-1.2,0.0,0.0,43.0
23.84727,0x316,0.0,0.0,1.0,6.25,0.46,-0.13,20.15625,20.03125,19.625,19.875,-1.2,0.0,0.0,42.0
23.8494,0x2B0,0.0,0.0,1.0,6.25,0.46,-0.13,20.15625,20.03125,19.625,19.875,-1.2,0.0,0.0,42.0
23.85659,0x220,0.0,0.0,1.0,6.25,0.41,-0.05,20.15625,20.03125,19.625,19.875,-1.2,0.0,0.0,42.0
23.85721,0x316,0.0,0.0,1.0,6.25,0.41,-0.05,20.15625,20.03125,19.625,19.875,-1.2,0.0,0.0,42.0
23.8594,0x2B0,0.0,0.0,1.0,6.25,0.41,-0.05,20.15625,20.03125,19.625,19.875,-1.2,0.0,0.0,42.0
23.86659,0x220,0.0,0.0,1.0,6.25,0.43,-0.04,20.15625,20.03125,19.625,19.875,-1.2,0.0,0.0,42.0
23.86682,0x386,0.0,0.0,1.0,6.25,0.43,-0.04,20.09375,20.21875,19.78125,19.875,-1.2,0.0,0.0,42.0
23.86778,0x316,0.0,0.0,1.0,6.25,0.43,-0.04,20.09375,20.21875,19.78125,19.875,-1.2,0.0,0.0,42.0
23.8694,0x2B0,0.0,0.0,1.0,6.25,0.43,-0.04,20.09375,20.21875,19.78125,19.875,-1.2,0.0,0.0,42.0
23.87658,0x220,0.0,0.0,1.0,6.25,0.47,-0.17,20.09375,20.21875,19.78125,19.875,-1.2,0.0,0.0,42.0
23.8777,0x316,0.0,0.0,1.0,6.25,0.47,-0.17,20.09375,20.21875,19.78125,19.875,-1.2,0.0,0.0,42.0
23.87939,0x2B0,0.0,0.0,1.0,6.25,0.47,-0.17,20.09375,20.21875,19.78125,19.875,-1.2,0.0,0.0,42.0
23.88658,0x220,0.0,0.0,1.0,6.25,0.4,-0.1,20.09375,20.21875,19.78125,19.875,-1.2,0.0,0.0,42.0
23.88682,0x386,0.0,0.0,1.0,6.25,0.4,-0.1,20.0625,20.09375,19.8125,19.40625,-1.2,0.0,0.0,42.0
23.88729,0x316,0.0,0.0,1.0,6.25,0.4,-0.1,20.0625,20.09375,19.8125,19.40625,-1.2,0.0,0.0,41.0
23.8894,0x2B0,0.0,0.0,1.0,6.25,0.4,-0.1,20.0625,20.09375,19.8125,19.40625,-1.2,0.0,0.0,41.0
23.8966,0x220,0.0,0.0,1.0,6.25,0.3,0.21,20.0625,20.09375,19.8125,19.40625,-1.2,0.0,0.0,41.0
23.89736,0x316,0.0,0.0,1.0,6.25,0.3,0.21,20.0625,20.09375,19.8125,19.40625,-1.2,0.0,0.0,41.0
23.89939,0x2B0,0.0,0.0,1.0,6.25,0.3,0.21,20.0625,20.09375,19.8125,19.40625,-1.2,0.0,0.0,41.0
23.90657,0x220,0.0,0.0,1.0,6.25,0.28,0.61,20.0625,20.09375,19.8125,19.40625,-1.2,0.0,0.0,41.0
23.90681,0x386,0.0,0.0,1.0,6.25,0.28,0.61,20.1875,20.15625,19.5,18.78125,-1.2,0.0,0.0,41.0
23.90728,0x316,0.0,0.0,1.0,6.25,0.28,0.61,20.1875,20.15625,19.5,18.78125,-1.2,0.0,0.0,41.0
23.9094,0x2B0,0.0,0.0,1.0,6.25,0.28,0.61,20.1875,20.15625,19.5,18.78125,-1.2,0.0,0.0,41.0
23.91658,0x220,0.0,0.0,1.0,6.25,0.31,0.69,20.1875,20.15625,19.5,18.78125,-1.2,0.0,0.0,41.0
23.91723,0x316,0.0,0.0,1.0,6.25,0.31,0.69,20.1875,20.15625,19.5,18.78125,-1.2,0.0,0.0,40.0
23.91939,0x2B0,0.0,0.0,1.0,6.25,0.31,0.69,20.1875,20.15625,19.5,18.78125,-1.2,0.0,0.0,40.0
23.92659,0x220,0.0,0.0,1.0,6.25,0.33,0.43,20.1875,20.15625,19.5,18.78125,-1.2,0.0,0.0,40.0
23.92682,0x386,0.0,0.0,1.0,6.25,0.33,0.43,20.125,20.1875,19.09375,19.125,-1.2,0.0,0.0,40.0
23.92729,0x316,0.0,0.0,1.0,6.25,0.33,0.43,20.125,20.1875,19.09375,19.125,-1.2,0.0,0.0,40.0
23.92939,0x2B0,0.0,0.0,1.0,6.25,0.33,0.43,20.125,20.1875,19.09375,19.125,-1.2,0.0,0.0,40.0
23.93658,0x220,0.0,0.0,1.0,6.25,0.26,0.08,20.125,20.1875,19.09375,19.125,-1.2,0.0,0.0,40.0
23.93722,0x316,0.0,0.0,1.0,6.25,0.26,0.08,20.125,20.1875,19.09375,19.125,-1.2,0.0,0.0,40.0
23.9394,0x2B0,0.0,0.0,1.0,6.25,0.26,0.08,20.125,20.1875,19.09375,19.125,-1.2,0.0,0.0,40.0
23.94658,0x220,0.0,0.0,1.0,6.25,0.09,-0.01,20.125,20.1875,19.09375,19.125,-1.2,0.0,0.0,40.0
23.94681,0x386,0.0,0.0,1.0,6.25,0.09,-0.01,20.0625,20.0,19.28125,19.71875,-1.2,0.0,0.0,40.0
23.94728,0x316,0.0,0.0,1.0,6.25,0.09,-0.01,20.0625,20.0,19.28125,19.71875,-1.2,0.0,0.0,39.0
23.9494,0x2B0,0.0,0.0,1.0,6.25,0.09,-0.01,20.0625,20.0,19.28125,19.71875,-1.2,0.0,0.0,39.0
23.95658,0x220,0.0,0.0,1.0,6.25,-0.18,0.1,20.0625,20.0,19.28125,19.71875,-1.2,0.0,0.0,39.0
23.95724,0x316,0.0,0.0,1.0,6.25,-0.18,0.1,20.0625,20.0,19.28125,19.71875,-1.2,0.0,0.0,39.0
23.95938,0x2B0,0.0,0.0,1.0,6.25,-0.18,0.1,20.0625,20.0,19.28125,19.71875,-1.2,0.0,0.0,39.0
23.9666,0x220,0.0,0.0,1.0,6.25,-0.38,0.42,20.0625,20.0,19.28125,19.71875,-1.2,0.0,0.0,39.0
23.96684,0x386,0.0,0.0,1.0,6.25,-0.38,0.42,20.0,19.9375,19.875,19.875,-1.2,0.0,0.0,39.0
23.96755,0x316,0.0,0.0,1.0,6.25,-0.38,0.42,20.0,19.9375,19.875,19.875,-1.2,0.0,0.0,39.0
23.9694,0x2B0,0.0,0.0,1.0,6.25,-0.38,0.42,20.0,19.9375,19.875,19.875,-1.2,0.0,0.0,39.0
23.97659,0x220,0.0,0.0,1.0,6.25,-0.31,0.77,20.0,19.9375,19.875,19.875,-1.2,0.0,0.0,39.0
23.9774,0x316,0.0,0.0,1.0,6.25,-0.31,0.77,20.0,19.9375,19.875,19.875,-1.2,0.0,0.0,38.0
23.97938,0x2B0,0.0,0.0,1.0,6.25,-0.31,0.77,20.0,19.9375,19.875,19.875,-1.2,0.0,0.0,38.0
23.98658,0x220,0.0,0.0,1.0,6.25,-0.06,0.92,20.0,19.9375,19.875,19.875,-1.2,0.0,0.0,38.0
23.98681,0x386,0.0,0.0,1.0,6.25,-0.06,0.92,19.8125,20.0,19.71875,19.78125,-1.2,0.0,0.0,38.0
23.98728,0x316,0.0,0.0,1.0,6.25,-0.06,0.92,19.8125,20.0,19.71875,19.78125,-1.2,0.0,0.0,37.0
23.98939,0x2B0,0.0,0.0,1.0,6.25,-0.06,0.92,19.8125,20.0,19.71875,19.78125,-1.2,0.0,0.0,37.0
23.9966,0x220,0.0,0.0,1.0,6.25,0.3,0.88,19.8125,20.0,19.71875,19.78125,-1.2,0.0,0.0,37.0
23.99765,0x316,0.0,0.0,1.0,6.25,0.3,0.88,19.8125,20.0,19.71875,19.78125,-1.2,0.0,0.0,36.0
23.9994,0x2B0,0.0,0.0,1.0,6.25,0.3,0.88,19.8125,20.0,19.71875,19.78125,-1.2,0.0,0.0,36.0
24.00658,0x220,0.0,0.0,1.0,6.25,0.66,0.9,19.8125,20.0,19.71875,19.78125,-1.2,0.0,0.0,36.0
24.00681,0x386,0.0,0.0,1.0,6.25,0.66,0.9,19.96875,19.84375,19.5625,19.875,-1.2,0.0,0.0,36.0
24.00728,0x316,0.0,0.0,1.0,6.25,0.66,0.9,19.96875,19.84375,19.5625,19.875,-1.2,0.0,0.0,35.0
24.00938,0x2B0,0.0,0.0,1.0,6.25,0.66,0.9,19.96875,19.84375,19.5625,19.875,-1.2,0.0,0.0,35.0
24.01658,0x220,0.0,0.0,1.0,6.25,0.87,0.99,19.96875,19.84375,19.5625,19.875,-1.2,0.0,0.0,35.0
24.01724,0x316,0.0,0.0,1.0,6.25,0.87,0.99,19.96875,19.84375,19.5625,19.875,-1.2,0.0,0.0,33.0
24.01939,0x2B0,0.0,0.0,1.0,6.25,0.87,0.99,19.96875,19.84375,19.5625,19.875,-1.2,0.0,0.0,33.0
24.02659,0x220,0.0,0.0,1.0,6.25,0.92,1.11,19.96875,19.84375,19.5625,19.875,-1.2,0.0,0.0,33.0
24.02682,0x386,0.0,0.0,1.0,6.25,0.92,1.11,19.8125,19.84375,19.75,19.875,-1.2,0.0,0.0,33.0
24.02729,0x316,0.0,0.0,1.0,6.25,0.92,1.11,19.8125,19.84375,19.75,19.875,-1.2,0.0,0.0,31.0
24.02939,0x2B0,0.0,0.0,1.0,6.25,0.92,1.11,19.8125,19.84375,19.75,19.875,-1.2,0.0,0.0,31.0
24.03659,0x220,0.0,0.0,1.0,6.25,0.9,1.11,19.8125,19.84375,19.75,19.875,-1.2,0.0,0.0,31.0
24.03734,0x316,0.0,0.0,1.0,6.25,0.9,1.11,19.8125,19.84375,19.75,19.875,-1.2,0.0,0.0,31.0
24.0394,0x2B0,0.0,0.0,1.0,6.25,0.9,1.11,19.8125,19.84375,19.75,19.875,-1.2,0.0,0.0,31.0
24.04659,0x220,0.0,0.0,1.0,6.25,0.78,0.89,19.8125,19.84375,19.75,19.875,-1.2,0.0,0.0,31.0
24.04682,0x386,0.0,0.0,1.0,6.25,0.78,0.89,19.90625,19.75,19.71875,19.71875,-1.2,0.0,0.0,31.0
24.04729,0x316,0.0,0.0,1.0,6.25,0.78,0.89,19.90625,19.75,19.71875,19.71875,-1.2,0.0,0.0,30.0
24.04938,0x2B0,0.0,0.0,1.0,6.25,0.78,0.89,19.90625,19.75,19.71875,19.71875,-1.2,0.0,0.0,30.0
24.05659,0x220,0.0,0.0,1.0,6.25,0.57,0.62,19.90625,19.75,19.71875,19.71875,-1.2,0.0,0.0,30.0
24.05725,0x316,0.0,0.0,1.0,6.25,0.57,0.62,19.90625,19.75,19.71875,19.71875,-1.2,0.0,0.0,31.0
24.05946,0x2B0,0.0,0.0,1.0,6.25,0.57,0.62,19.90625,19.75,19.71875,19.71875,-1.2,0.0,0.0,31.0
24.0666,0x220,0.0,0.0,1.0,6.25,0.43,0.68,19.90625,19.75,19.71875,19.71875,-1.2,0.0,0.0,31.0
24.06683,0x386,0.0,0.0,1.0,6.25,0.43,0.68,19.84375,19.875,19.84375,19.6875,-1.2,0.0,0.0,31.0
24.06753,0x316,0.0,0.0,1.0,6.25,0.43,0.68,19.84375,19.875,19.84375,19.6875,-1.2,0.0,0.0,31.0
24.06939,0x2B0,0.0,0.0,1.0,6.25,0.43,0.68,19.84375,19.875,19.84375,19.6875,-1.1,0.0,0.0,31.0
24.07659,0x220,0.0,0.0,1.0,6.25,0.55,0.87,19.84375,19.875,19.84375,19.6875,-1.1,0.0,0.0,31.0
24.07772,0x316,0.0,0.0,1.0,6.25,0.55,0.87,19.84375,19.875,19.84375,19.6875,-1.1,0.0,0.0,32.0
24.0794,0x2B0,0.0,0.0,1.0,6.25,0.55,0.87,19.84375,19.875,19.84375,19.6875,-1.0,8.0,0.0,32.0
24.08659,0x220,0.0,0.0,1.0,6.25,1.0,0.86,19.84375,19.875,19.84375,19.6875,-1.0,8.0,0.0,32.0
24.08682,0x386,0.0,0.0,1.0,6.25,1.0,0.86,19.875,20.03125,19.59375,19.8125,-1.0,8.0,0.0,32.0
24.08729,0x316,0.0,0.0,1.0,6.25,1.0,0.86,19.875,20.03125,19.59375,19.8125,-1.0,8.0,0.0,33.0
24.08939,0x2B0,0.0,0.0,1.0,6.25,1.0,0.86,19.875,20.03125,19.59375,19.8125,-0.9,8.0,0.0,33.0
24.09658,0x220,0.0,0.0,1.0,6.25,1.6,0.57,19.875,20.03125,19.59375,19.8125,-0.9,8.0,0.0,33.0
24.09734,0x316,0.0,0.0,1.0,6.25,1.6,0.57,19.875,20.03125,19.59375,19.8125,-0.9,8.0,0.0,33.0
24.0994,0x2B0,0.0,0.0,1.0,6.25,1.6,0.57,19.875,20.03125,19.59375,19.8125,-0.8,8.0,0.0,33.0
24.10659,0x220,0.0,0.0,1.0,6.25,2.19,0.3,19.875,20.03125,19.59375,19.8125,-0.8,8.0,0.0,33.0
24.10682,0x386,0.0,0.0,1.0,6.25,2.19,0.3,20.0625,19.875,19.3125,19.96875,-0.8,8.0,0.0,33.0
24.10729,0x316,0.0,0.0,1.0,6.25,2.19,0.3,20.0625,19.875,19.3125,19.96875,-0.8,8.0,0.0,33.0
24.10936,0x2B0,0.0,0.0,1.0,6.25,2.19,0.3,20.0625,19.875,19.3125,19.96875,-0.8,0.0,0.0,33.0
24.11659,0x220,0.0,0.0,1.0,6.25,2.61,0.16,20.0625,19.875,19.3125,19.96875,-0.8,0.0,0.0,33.0
24.11733,0x316,0.0,0.0,1.0,6.25,2.61,0.16,20.0625,19.875,19.3125,19.96875,-0.8,0.0,0.0,33.0
24.11937,0x2B0,0.0,0.0,1.0,6.25,2.61,0.16,20.0625,19.875,19.3125,19.96875,-0.7,0.0,0.0,33.0
24.12659,0x220,0.0,0.0,1.0,6.25,2.81,0.08,20.0625,19.875,19.3125,19.96875,-0.7,0.0,0.0,33.0
24.12682,0x386,0.0,0.0,1.0,6.25,2.81,0.08,19.9375,19.9375,19.15625,19.6875,-0.7,0.0,0.0,33.0
24.1273,0x316,0.0,0.0,1.0,6.25,2.81,0.08,19.9375,19.9375,19.15625,19.6875,-0.7,0.0,0.0,32.0
24.12935,0x2B0,0.0,0.0,1.0,6.25,2.81,0.08,19.9375,19.9375,19.15625,19.6875,-0.7,0.0,0.0,32.0
24.1366,0x220,0.0,0.0,1.0,6.25,2.67,0.0,19.9375,19.9375,19.15625,19.6875,-0.7,0.0,0.0,32.0
24.1372,0x316,0.0,0.0,1.0,6.25,2.67,0.0,19.9375,19.9375,19.15625,19.6875,-0.7,0.0,0.0,32.0
24.13944,0x2B0,0.0,0.0,1.0,6.25,2.67,0.0,19.9375,19.9375,19.15625,19.6875,-0.7,0.0,0.0,32.0
24.14658,0x220,0.0,0.0,1.0,6.25,2.27,-0.13,19.9375,19.9375,19.15625,19.6875,-0.7,0.0,0.0,32.0
24.14681,0x386,0.0,0.0,1.0,6.25,2.27,-0.13,19.8125,19.96875,19.25,19.5,-0.7,0.0,0.0,32.0
24.14729,0x316,0.0,0.0,1.0,6.25,2.27,-0.13,19.8125,19.96875,19.25,19.5,-0.7,0.0,0.0,32.0
24.14937,0x2B0,0.0,0.0,1.0,6.25,2.27,-0.13,19.8125,19.96875,19.25,19.5,-0.5,8.0,0.0,32.0
24.15658,0x220,0.0,0.0,1.0,6.25,1.84,-0.14,19.8125,19.96875,19.25,19.5,-0.5,8.0,0.0,32.0
24.15734,0x316,0.0,0.0,1.0,6.25,1.84,-0.14,19.8125,19.96875,19.25,19.5,-0.5,8.0,0.0,31.0
24.15936,0x2B0,0.0,0.0,1.0,6.25,1.84,-0.14,19.8125,19.96875,19.25,19.5,-0.5,8.0,0.0,31.0
24.16659,0x220,0.0,0.0,1.0,6.25,1.67,-0.03,19.8125,19.96875,19.25,19.5,-0.5,8.0,0.0,31.0
24.16682,0x386,0.0,0.0,1.0,6.25,1.67,-0.03,19.84375,19.9375,19.28125,19.5625,-0.5,8.0,0.0,31.0
24.16754,0x316,0.0,0.0,1.0,6.25,1.67,-0.03,19.84375,19.9375,19.28125,19.5625,-0.5,8.0,0.0,31.0
24.16939,0x2B0,0.0,0.0,1.0,6.25,1.67,-0.03,19.84375,19.9375,19.28125,19.5625,-0.4,0.0,0.0,31.0
24.17658,0x220,0.0,0.0,1.0,6.25,1.78,-0.01,19.84375,19.9375,19.28125,19.5625,-0.4,0.0,0.0,31.0
24.17751,0x316,0.0,0.0,1.0,6.25,1.78,-0.01,19.84375,19.9375,19.28125,19.5625,-0.4,0.0,0.0,31.0
24.17942,0x2B0,0.0,0.0,1.0,6.25,1.78,-0.01,19.84375,19.9375,19.28125,19.5625,-0.4,0.0,0.0,31.0
24.18658,0x220,0.0,0.0,1.0,6.25,2.06,-0.22,19.84375,19.9375,19.28125,19.5625,-0.4,0.0,0.0,31.0
24.18681,0x386,0.0,0.0,1.0,6.25,2.06,-0.22,19.90625,20.0,19.25,19.5625,-0.4,0.0,0.0,31.0
24.18729,0x316,0.0,0.0,1.0,6.25,2.06,-0.22,19.90625,20.0,19.25,19.5625,-0.4,0.0,0.0,31.0
24.18937,0x2B0,0.0,0.0,1.0,6.25,2.06,-0.22,19.90625,20.0,19.25,19.5625,-0.2,8.0,0.0,31.0
24.19658,0x220,0.0,0.0,1.0,6.25,2.38,-0.55,19.90625,20.0,19.25,19.5625,-0.2,8.0,0.0,31.0
24.19764,0x316,0.0,0.0,1.0,6.25,2.38,-0.55,19.90625,20.0,19.25,19.5625,-0.2,8.0,0.0,32.0
24.19942,0x2B0,0.0,0.0,1.0,6.25,2.38,-0.55,19.90625,20.0,19.25,19.5625,-0.2,8.0,0.0,32.0
24.20659,0x220,0.0,0.0,1.0,6.25,2.53,-0.77,19.90625,20.0,19.25,19.5625,-0.2,8.0,0.0,32.0
24.20682,0x386,0.0,0.0,1.0,6.25,2.53,-0.77,19.875,20.0,19.4375,19.5,-0.2,8.0,0.0,32.0
24.2073,0x316,0.0,0.0,1.0,6.25,2.53,-0.77,19.875,20.0,19.4375,19.5,-0.2,8.0,0.0,32.0
24.20941,0x2B0,0.0,0.0,1.0,6.25,2.53,-0.77,19.875,20.0,19.4375,19.5,0.0,8.0,0.0,32.0
24.21659,0x220,0.0,0.0,1.0,6.25,2.53,-0.78,19.875,20.0,19.4375,19.5,0.0,8.0,0.0,32.0
24.21723,0x316,0.0,0.0,1.0,6.25,2.53,-0.78,19.875,20.0,19.4375,19.5,0.0,8.0,0.0,32.0
24.21944,0x2B0,0.0,0.0,1.0,6.25,2.53,-0.78,19.875,20.0,19.4375,19.5,0.0,8.0,0.0,32.0
24.2266,0x220,0.0,0.0,1.0,6.25,2.53,-0.65,19.875,20.0,19.4375,19.5,0.0,8.0,0.0,32.0
24.22684,0x386,0.0,0.0,1.0,6.25,2.53,-0.65,19.90625,20.0625,19.5,19.5,0.0,8.0,0.0,32.0
24.22732,0x316,0.0,0.0,1.0,6.25,2.53,-0.65,19.90625,20.0625,19.5,19.5,0.0,8.0,0.0,32.0
24.2294,0x2B0,0.0,0.0,1.0,6.25,2.53,-0.65,19.90625,20.0625,19.5,19.5,0.2,8.0,0.0,32.0
24.23635,0x220,0.0,0.0,1.0,6.25,2.63,-0.6,19.90625,20.0625,19.5,19.5,0.2,8.0,0.0,32.0
24.23737,0x316,0.0,0.0,1.0,6.25,2.63,-0.6,19.90625,20.0625,19.5,19.5,0.2,8.0,0.0,32.0
24.2394,0x2B0,0.0,0.0,1.0,6.25,2.63,-0.6,19.90625,20.0625,19.5,19.5,0.2,8.0,0.0,32.0
24.24635,0x220,0.0,0.0,1.0,6.25,2.86,-0.7,19.90625,20.0625,19.5,19.5,0.2,8.0,0.0,32.0
24.24683,0x386,0.0,0.0,1.0,6.25,2.86,-0.7,19.75,19.96875,19.6875,19.875,0.2,8.0,0.0,32.0
24.24731,0x316,0.0,0.0,1.0,6.25,2.86,-0.7,19.75,19.96875,19.6875,19.875,0.2,8.0,0.0,32.0
24.24947,0x2B0,0.0,0.0,1.0,6.25,2.86,-0.7,19.75,19.96875,19.6875,19.875,0.2,0.0,0.0,32.0
24.25635,0x220,0.0,0.0,1.0,6.25,3.1,-0.82,19.75,19.96875,19.6875,19.875,0.2,0.0,0.0,32.0
24.25727,0x316,0.0,0.0,1.0,6.25,3.1,-0.82,19.75,19.96875,19.6875,19.875,0.2,0.0,0.0,32.0
24.25944,0x2B0,0.0,0.0,1.0,6.25,3.1,-0.82,19.75,19.96875,19.6875,19.875,0.3,0.0,0.0,32.0
24.26661,0x220,0.0,0.0,1.0,6.25,3.18,-0.79,19.75,19.96875,19.6875,19.875,0.3,0.0,0.0,32.0
24.26684,0x386,0.0,0.0,1.0,6.25,3.18,-0.79,19.90625,20.03125,19.625,19.875,0.3,0.0,0.0,32.0
24.26757,0x316,0.0,0.0,1.0,6.25,3.18,-0.79,19.90625,20.03125,19.625,19.875,0.3,0.0,0.0,32.0
24.26941,0x2B0,0.0,0.0,1.0,6.25,3.18,-0.79,19.90625,20.03125,19.625,19.875,0.3,0.0,0.0,32.0
24.27635,0x220,0.0,0.0,1.0,6.25,3.0,-0.6,19.90625,20.03125,19.625,19.875,0.3,0.0,0.0,32.0
24.27775,0x316,0.0,0.0,1.0,6.25,3.0,-0.6,19.90625,20.03125,19.625,19.875,0.3,0.0,0.0,31.0
24.2794,0x2B0,0.0,0.0,1.0,6.25,3.0,-0.6,19.90625,20.03125,19.625,19.875,0.3,0.0,0.0,31.0
24.28635,0x220,0.0,0.0,1.0,6.25,2.6,-0.39,19.90625,20.03125,19.625,19.875,0.3,0.0,0.0,31.0
24.28681,0x386,0.0,0.0,1.0,6.25,2.6,-0.39,19.8125,19.9375,19.5625,19.71875,0.3,0.0,0.0,31.0
24.28753,0x316,0.0,0.0,1.0,6.25,2.6,-0.39,19.8125,19.9375,19.5625,19.71875,0.3,0.0,0.0,31.0
24.28942,0x2B0,0.0,0.0,1.0,6.25,2.6,-0.39,19.8125,19.9375,19.5625,19.71875,0.3,0.0,0.0,31.0
24.29635,0x220,0.0,0.0,1.0,6.25,2.17,-0.22,19.8125,19.9375,19.5625,19.71875,0.3,0.0,0.0,31.0
24.29735,0x316,0.0,0.0,1.0,6.25,2.17,-0.22,19.8125,19.9375,19.5625,19.71875,0.3,0.0,0.0,31.0
24.29942,0x2B0,0.0,0.0,1.0,6.25,2.17,-0.22,19.8125,19.9375,19.5625,19.71875,0.3,0.0,0.0,31.0
24.30634,0x220,0.0,0.0,1.0,6.25,1.78,-0.17,19.8125,19.9375,19.5625,19.71875,0.3,0.0,0.0,31.0
24.30682,0x386,0.0,0.0,1.0,6.25,1.78,-0.17,19.96875,20.0,19.28125,19.53125,0.3,0.0,0.0,31.0
24.3073,0x316,0.0,0.0,1.0,6.25,1.78,-0.17,19.96875,20.0,19.28125,19.53125,0.3,0.0,0.0,31.0
24.30941,0x2B0,0.0,0.0,1.0,6.25,1.78,-0.17,19.96875,20.0,19.28125,19.53125,0.3,0.0,0.0,31.0
24.31635,0x220,0.0,0.0,1.0,6.25,1.6,-0.22,19.96875,20.0,19.28125,19.53125,0.3,0.0,0.0,31.0
24.31732,0x316,0.0,0.0,1.0,6.25,1.6,-0.22,19.96875,20.0,19.28125,19.53125,0.3,0.0,0.0,31.0
24.31942,0x2B0,0.0,0.0,1.0,6.25,1.6,-0.22,19.96875,20.0,19.28125,19.53125,0.3,0.0,0.0,31.0
24.32635,0x220,0.0,0.0,1.0,6.25,1.59,-0.23,19.96875,20.0,19.28125,19.53125,0.3,0.0,0.0,31.0
24.32682,0x386,0.0,0.0,1.0,6.25,1.59,-0.23,20.0,20.0,19.46875,19.625,0.3,0.0,0.0,31.0
24.32754,0x316,0.0,0.0,1.0,6.25,1.59,-0.23,20.0,20.0,19.46875,19.625,0.3,0.0,0.0,31.0
24.32941,0x2B0,0.0,0.0,1.0,6.25,1.59,-0.23,20.0,20.0,19.46875,19.625,0.3,0.0,0.0,31.0
24.33635,0x220,0.0,0.0,1.0,6.25,1.64,-0.15,20.0,20.0,19.46875,19.625,0.3,0.0,0.0,31.0
24.33722,0x316,0.0,0.0,1.0,6.25,1.64,-0.15,20.0,20.0,19.46875,19.625,0.3,0.0,0.0,32.0
24.33942,0x2B0,0.0,0.0,1.0,6.25,1.64,-0.15,20.0,20.0,19.46875,19.625,0.3,0.0,0.0,32.0
24.34635,0x220,0.0,0.0,1.0,6.25,1.67,0.0,20.0,20.0,19.46875,19.625,0.3,0.0,0.0,32.0
24.34683,0x386,0.0,0.0,1.0,6.25,1.67,0.0,20.03125,20.03125,19.53125,19.59375,0.3,0.0,0.0,32.0
24.34731,0x316,0.0,0.0,1.0,6.25,1.67,0.0,20.03125,20.03125,19.53125,19.59375,0.3,0.0,0.0,32.0
24.34942,0x2B0,0.0,0.0,1.0,6.25,1.67,0.0,20.03125,20.03125,19.53125,19.59375,0.3,0.0,0.0,32.0
24.35635,0x220,0.0,0.0,1.0,6.25,1.66,0.21,20.03125,20.03125,19.53125,19.59375,0.3,0.0,0.0,32.0
24.35738,0x316,0.0,0.0,1.0,6.25,1.66,0.21,20.03125,20.03125,19.53125,19.59375,0.3,0.0,0.0,32.0
24.35949,0x2B0,0.0,0.0,1.0,6.25,1.66,0.21,20.03125,20.03125,19.53125,19.59375,0.3,0.0,0.0,32.0
24.36636,0x220,0.0,0.0,1.0,6.25,1.63,0.37,20.03125,20.03125,19.53125,19.59375,0.3,0.0,0.0,32.0
24.36684,0x386,0.0,0.0,1.0,6.25,1.63,0.37,19.9375,19.96875,19.28125,19.59375,0.3,0.0,0.0,32.0
24.3678,0x316,0.0,0.0,1.0,6.25,1.63,0.37,19.9375,19.96875,19.28125,19.59375,0.3,0.0,0.0,32.0
24.36941,0x2B0,0.0,0.0,1.0,6.25,1.63,0.37,19.9375,19.96875,19.28125,19.59375,0.3,0.0,0.0,32.0
24.37635,0x220,0.0,0.0,1.0,6.25,1.7,0.41,19.9375,19.96875,19.28125,19.59375,0.3,0.0,0.0,32.0
24.37743,0x316,0.0,0.0,1.0,6.25,1.7,0.41,19.9375,19.96875,19.28125,19.59375,0.3,0.0,0.0,32.0
24.37942,0x2B0,0.0,0.0,1.0,6.25,1.7,0.41,19.9375,19.96875,19.28125,19.59375,0.3,0.0,0.0,32.0
24.38635,0x220,0.0,0.0,1.0,6.25,1.91,0.34,19.9375,19.96875,19.28125,19.59375,0.3,0.0,0.0,32.0
24.38682,0x386,0.0,0.0,1.0,6.25,1.91,0.34,19.9375,20.0625,19.375,19.53125,0.3,0.0,0.0,32.0
24.38731,0x316,0.0,0.0,1.0,6.25,1.91,0.34,19.9375,20.0625,19.375,19.53125,0.3,0.0,0.0,31.0
24.38941,0x2B0,0.0,0.0,1.0,6.25,1.91,0.34,19.9375,20.0625,19.375,19.53125,0.3,0.0,0.0,31.0
24.39636,0x220,0.0,0.0,1.0,6.25,2.09,0.27,19.9375,20.0625,19.375,19.53125,0.3,0.0,0.0,31.0
24.39759,0x316,0.0,0.0,1.0,6.25,2.09,0.27,19.9375,20.0625,19.375,19.53125,0.3,0.0,0.0,30.0
24.39942,0x2B0,0.0,0.0,1.0,6.25,2.09,0.27,19.9375,20.0625,19.375,19.53125,0.3,0.0,0.0,30.0
24.40636,0x220,0.0,0.0,1.0,6.25,2.18,0.29,19.9375,20.0625,19.375,19.53125,0.3,0.0,0.0,30.0
24.40683,0x386,0.0,0.0,1.0,6.25,2.18,0.29,19.875,19.8125,19.625,19.65625,0.3,0.0,0.0,30.0
24.40754,0x316,0.0,0.0,1.0,6.25,2.18,0.29,19.875,19.8125,19.625,19.65625,0.3,0.0,0.0,28.0
24.40941,0x2B0,0.0,0.0,1.0,6.25,2.18,0.29,19.875,19.8125,19.625,19.65625,0.3,0.0,0.0,28.0
24.41636,0x220,0.0,0.0,1.0,6.25,2.1,0.44,19.875,19.8125,19.625,19.65625,0.3,0.0,0.0,28.0
24.41721,0x316,0.0,0.0,1.0,6.25,2.1,0.44,19.875,19.8125,19.625,19.65625,0.3,0.0,0.0,25.0
24.41937,0x2B0,0.0,0.0,1.0,6.25,2.1,0.44,19.875,19.8125,19.625,19.65625,0.3,0.0,0.0,25.0
24.42636,0x220,0.0,0.0,1.0,6.25,1.85,0.59,19.875,19.8125,19.625,19.65625,0.3,0.0,0.0,25.0
24.42684,0x386,0.0,0.0,1.0,6.25,1.85,0.59,19.90625,19.84375,19.40625,19.75,0.3,0.0,0.0,25.0
24.42731,0x316,0.0,0.0,1.0,6.25,1.85,0.59,19.90625,19.84375,19.40625,19.75,0.3,0.0,0.0,23.0
24.42938,0x2B0,0.0,0.0,1.0,6.25,1.85,0.59,19.90625,19.84375,19.40625,19.75,0.3,0.0,0.0,23.0
24.43636,0x220,0.0,0.0,1.0,6.25,1.57,0.6,19.90625,19.84375,19.40625,19.75,0.3,0.0,0.0,23.0
24.43735,0x316,0.0,0.0,1.0,6.25,1.57,0.6,19.90625,19.84375,19.40625,19.75,0.3,0.0,0.0,20.0
24.43937,0x2B0,0.0,0.0,1.0,6.25,1.57,0.6,19.90625,19.84375,19.40625,19.75,0.3,0.0,0.0,20.0
24.44635,0x220,0.0,0.0,1.0,6.25,1.36,0.43,19.90625,19.84375,19.40625,19.75,0.3,0.0,0.0,20.0
24.44682,0x386,0.0,0.0,1.0,6.25,1.36,0.43,19.96875,19.78125,19.40625,19.78125,0.3,0.0,0.0,20.0
24.44729,0x316,0.0,0.0,1.0,6.25,1.36,0.43,19.96875,19.78125,19.40625,19.78125,0.3,0.0,0.0,18.0
24.44944,0x2B0,0.0,0.0,1.0,6.25,1.36,0.43,19.96875,19.78125,19.40625,19.78125,0.3,0.0,0.0,18.0
24.45636,0x220,0.0,0.0,1.0,6.25,1.26,0.19,19.96875,19.78125,19.40625,19.78125,0.3,0.0,0.0,18.0
24.45725,0x316,0.0,0.0,1.0,6.25,1.26,0.19,19.96875,19.78125,19.40625,19.78125,0.3,0.0,0.0,15.0
24.4594,0x2B0,0.0,0.0,1.0,6.25,1.26,0.19,19.96875,19.78125,19.40625,19.78125,0.3,0.0,0.0,15.0
24.46637,0x220,0.0,0.0,1.0,6.25,1.27,0.15,19.96875,19.78125,19.40625,19.78125,0.3,0.0,0.0,15.0
24.46684,0x386,0.0,0.0,1.0,6.25,1.27,0.15,19.875,19.8125,19.5625,19.84375,0.3,0.0,0.0,15.0
24.46755,0x316,0.0,0.0,1.0,6.25,1.27,0.15,19.875,19.8125,19.5625,19.84375,0.3,0.0,0.0,12.0
24.46938,0x2B0,0.0,0.0,1.0,6.25,1.27,0.15,19.875,19.8125,19.5625,19.84375,0.3,0.0,0.0,12.0
24.47636,0x220,0.0,0.0,1.0,6.25,1.36,0.29,19.875,19.8125,19.5625,19.84375,0.3,0.0,0.0,12.0
24.47769,0x316,0.0,0.0,1.0,6.25,1.36,0.29,19.875,19.8125,19.5625,19.84375,0.3,0.0,0.0,11.0
24.4794,0x2B0,0.0,0.0,1.0,6.25,1.36,0.29,19.875,19.8125,19.5625,19.84375,0.3,0.0,0.0,11.0
24.48635,0x220,0.0,0.0,1.0,6.25,1.5,0.44,19.875,19.8125,19.5625,19.84375,0.3,0.0,0.0,11.0
24.48682,0x386,0.0,0.0,1.0,6.25,1.5,0.44,19.9375,19.875,19.40625,19.75,0.3,0.0,0.0,11.0
24.4873,0x316,0.0,0.0,1.0,6.25,1.5,0.44,19.9375,19.875,19.40625,19.75,0.3,0.0,0.0,9.0
24.4894,0x2B0,0.0,0.0,1.0,6.25,1.5,0.44,19.9375,19.875,19.40625,19.75,0.3,0.0,0.0,9.0
24.49636,0x220,0.0,0.0,1.0,6.25,1.63,0.46,19.9375,19.875,19.40625,19.75,0.3,0.0,0.0,9.0
24.49758,0x316,0.0,0.0,1.0,6.25,1.63,0.46,19.9375,19.875,19.40625,19.75,0.3,0.0,0.0,8.0
24.49939,0x2B0,0.0,0.0,1.0,6.25,1.63,0.46,19.9375,19.875,19.40625,19.75,0.3,0.0,0.0,8.0
24.50635,0x220,0.0,0.0,1.0,6.25,1.77,0.31,19.9375,19.875,19.40625,19.75,0.3,0.0,0.0,8.0
24.50683,0x386,0.0,0.0,1.0,6.25,1.77,0.31,19.84375,19.875,19.3125,19.59375,0.3,0.0,0.0,8.0
24.5073,0x316,0.0,0.0,1.0,6.25,1.77,0.31,19.84375,19.875,19.3125,19.59375,0.3,0.0,0.0,7.0
24.50947,0x2B0,0.0,0.0,1.0,6.25,1.77,0.31,19.84375,19.875,19.3125,19.59375,0.3,0.0,0.0,7.0
24.51635,0x220,0.0,0.0,1.0,6.25,1.85,0.09,19.84375,19.875,19.3125,19.59375,0.3,0.0,0.0,7.0
24.51729,0x316,0.0,0.0,1.0,6.25,1.85,0.09,19.84375,19.875,19.3125,19.59375,0.3,0.0,0.0,6.0
24.51941,0x2B0,0.0,0.0,1.0,6.25,1.85,0.09,19.84375,19.875,19.3125,19.59375,0.4,0.0,0.0,6.0
24.52637,0x220,0.0,0.0,1.0,6.25,1.84,0.0,19.84375,19.875,19.3125,19.59375,0.4,0.0,0.0,6.0
24.52684,0x386,0.0,0.0,1.0,6.25,1.84,0.0,19.84375,19.90625,19.28125,19.4375,0.4,0.0,0.0,6.0
24.52732,0x316,0.0,0.0,1.0,6.25,1.84,0.0,19.84375,19.90625,19.28125,19.4375,0.4,0.0,0.0,5.0
24.52939,0x2B0,0.0,0.0,1.0,6.25,1.84,0.0,19.84375,19.90625,19.28125,19.4375,0.4,0.0,0.0,5.0
24.53637,0x220,0.0,0.0,1.0,6.25,1.86,0.11,19.84375,19.90625,19.28125,19.4375,0.4,0.0,0.0,5.0
24.53718,0x316,0.0,0.0,1.0,6.25,1.86,0.11,19.84375,19.90625,19.28125,19.4375,0.4,0.0,0.0,4.0
24.53939,0x2B0,0.0,0.0,1.0,6.25,1.86,0.11,19.84375,19.90625,19.28125,19.4375,0.4,0.0,0.0,4.0
24.54637,0x220,0.0,0.0,1.0,6.25,1.93,0.28,19.84375,19.90625,19.28125,19.4375,0.4,0.0,0.0,4.0
24.54684,0x386,0.0,0.0,1.0,6.25,1.93,0.28,19.8125,19.96875,19.3125,19.6875,0.4,0.0,0.0,4.0
24.54731,0x316,0.0,0.0,1.0,6.25,1.93,0.28,19.8125,19.96875,19.3125,19.6875,0.4,0.0,0.0,3.0
24.54938,0x2B0,0.0,0.0,1.0,6.25,1.93,0.28,19.8125,19.96875,19.3125,19.6875,0.4,0.0,0.0,3.0
24.55636,0x220,0.0,0.0,1.0,6.25,2.04,0.25,19.8125,19.96875,19.3125,19.6875,0.4,0.0,0.0,3.0
24.55722,0x316,0.0,0.0,1.0,6.25,2.04,0.25,19.8125,19.96875,19.3125,19.6875,0.4,0.0,0.0,1.0
24.55938,0x2B0,0.0,0.0,1.0,6.25,2.04,0.25,19.8125,19.96875,19.3125,19.6875,0.4,0.0,0.0,1.0
24.56638,0x220,0.0,0.0,1.0,6.25,2.11,0.0,19.8125,19.96875,19.3125,19.6875,0.4,0.0,0.0,1.0
24.56685,0x386,0.0,0.0,1.0,6.25,2.11,0.0,19.84375,19.90625,19.5625,19.78125,0.4,0.0,0.0,1.0
24.56756,0x316,0.0,0.0,1.0,6.25,2.11,0.0,19.84375,19.90625,19.5625,19.78125,0.4,0.0,0.0,0.0
24.56938,0x2B0,0.0,0.0,1.0,6.25,2.11,0.0,19.84375,19.90625,19.5625,19.78125,0.4,0.0,0.0,0.0
24.57636,0x220,0.0,0.0,1.0,6.25,2.05,-0.19,19.84375,19.90625,19.5625,19.78125,0.4,0.0,0.0,0.0
24.57741,0x316,0.0,0.0,1.0,6.25,2.05,-0.19,19.84375,19.90625,19.5625,19.78125,0.4,0.0,0.0,0.0
24.57936,0x2B0,0.0,0.0,1.0,6.25,2.05,-0.19,19.84375,19.90625,19.5625,19.78125,0.4,0.0,0.0,0.0
24.58636,0x220,0.0,0.0,1.0,6.25,1.88,-0.21,19.84375,19.90625,19.5625,19.78125,0.4,0.0,0.0,0.0
24.58682,0x386,0.0,0.0,1.0,6.25,1.88,-0.21,19.78125,19.84375,19.40625,19.59375,0.4,0.0,0.0,0.0
24.5873,0x316,0.0,0.0,1.0,6.25,1.88,-0.21,19.78125,19.84375,19.40625,19.59375,0.4,0.0,0.0,0.0
24.58938,0x2B0,0.0,0.0,1.0,6.25,1.88,-0.21,19.78125,19.84375,19.40625,19.59375,0.4,0.0,0.0,0.0
24.59636,0x220,0.0,0.0,1.0,6.25,1.73,-0.04,19.78125,19.84375,19.40625,19.59375,0.4,0.0,0.0,0.0
24.59759,0x316,0.0,0.0,1.0,6.25,1.73,-0.04,19.78125,19.84375,19.40625,19.59375,0.4,0.0,0.0,0.0
24.59938,0x2B0,0.0,0.0,1.0,6.25,1.73,-0.04,19.78125,19.84375,19.40625,19.59375,0.4,0.0,0.0,0.0
24.60635,0x220,0.0,0.0,1.0,6.25,1.73,0.11,19.78125,19.84375,19.40625,19.59375,0.4,0.0,0.0,0.0
24.60682,0x386,0.0,0.0,1.0,6.25,1.73,0.11,20.09375,20.03125,19.125,19.375,0.4,0.0,0.0,0.0
24.60754,0x316,0.0,0.0,1.0,6.25,1.73,0.11,20.09375,20.03125,19.125,19.375,0.4,0.0,0.0,0.0
24.60939,0x2B0,0.0,0.0,1.0,6.25,1.73,0.11,20.09375,20.03125,19.125,19.375,0.4,0.0,0.0,0.0
24.61636,0x220,0.0,0.0,1.0,6.25,1.88,0.13,20.09375,20.03125,19.125,19.375,0.4,0.0,0.0,0.0
24.61719,0x316,0.0,0.0,1.0,6.25,1.88,0.13,20.09375,20.03125,19.125,19.375,0.4,0.0,0.0,0.0
24.61939,0x2B0,0.0,0.0,1.0,6.25,1.88,0.13,20.09375,20.03125,19.125,19.375,0.4,0.0,0.0,0.0
24.62636,0x220,0.0,0.0,1.0,6.25,2.06,-0.01,20.09375,20.03125,19.125,19.375,0.4,0.0,0.0,0.0
24.62683,0x386,0.0,0.0,1.0,6.25,2.06,-0.01,19.8125,19.96875,18.875,19.28125,0.4,0.0,0.0,0.0
24.62731,0x316,0.0,0.0,1.0,6.25,2.06,-0.01,19.8125,19.96875,18.875,19.28125,0.4,0.0,0.0,0.0
24.62943,0x2B0,0.0,0.0,1.0,6.25,2.06,-0.01,19.8125,19.96875,18.875,19.28125,0.4,0.0,0.0,0.0
24.63636,0x220,0.0,0.0,1.0,6.25,2.11,-0.22,19.8125,19.96875,18.875,19.28125,0.4,0.0,0.0,0.0
24.63721,0x316,0.0,0.0,1.0,6.25,2.11,-0.22,19.8125,19.96875,18.875,19.28125,0.4,0.0,0.0,0.0
24.63941,0x2B0,0.0,0.0,1.0,6.25,2.11,-0.22,19.8125,19.96875,18.875,19.28125,0.4,0.0,0.0,0.0
24.64635,0x220,0.0,0.0,1.0,6.25,2.0,-0.22,19.8125,19.96875,18.875,19.28125,0.4,0.0,0.0,0.0
24.64682,0x386,0.0,0.0,1.0,6.25,2.0,-0.22,20.0,20.15625,19.0625,19.375,0.4,0.0,0.0,0.0
24.64753,0x316,0.0,0.0,1.0,6.25,2.0,-0.22,20.0,20.15625,19.0625,19.375,0.4,0.0,0.0,0.0
24.64944,0x2B0,0.0,0.0,1.0,6.25,2.0,-0.22,20.0,20.15625,19.0625,19.375,0.2,8.0,0.0,0.0
24.65636,0x220,0.0,0.0,1.0,6.25,1.8,-0.06,20.0,20.15625,19.0625,19.375,0.2,8.0,0.0,0.0
24.65721,0x316,0.0,0.0,1.0,6.25,1.8,-0.06,20.0,20.15625,19.0625,19.375,0.2,8.0,0.0,0.0
24.65941,0x2B0,0.0,0.0,1.0,6.25,1.8,-0.06,20.0,20.15625,19.0625,19.375,0.1,12.0,0.0,0.0
24.66638,0x220,0.0,0.0,1.0,6.25,1.56,0.14,20.0,20.15625,19.0625,19.375,0.1,12.0,0.0,0.0
24.66685,0x386,0.0,0.0,1.0,6.25,1.56,0.14,19.9375,20.09375,19.5,19.40625,0.1,12.0,0.0,0.0
24.66756,0x316,0.0,0.0,1.0,6.25,1.56,0.14,19.9375,20.09375,19.5,19.40625,0.1,12.0,0.0,0.0
24.66937,0x2B0,0.0,0.0,1.0,6.25,1.56,0.14,19.9375,20.09375,19.5,19.40625,-0.1,12.0,0.0,0.0
24.67636,0x220,0.0,0.0,1.0,6.25,1.45,0.3,19.9375,20.09375,19.5,19.40625,-0.1,12.0,0.0,0.0
24.67765,0x316,0.0,0.0,1.0,6.25,1.45,0.3,19.9375,20.09375,19.5,19.40625,-0.1,12.0,0.0,0.0
24.67938,0x2B0,0.0,0.0,1.0,6.25,1.45,0.3,19.9375,20.09375,19.5,19.40625,-0.1,8.0,0.0,0.0
24.68636,0x220,0.0,0.0,1.0,6.25,1.56,0.28,19.9375,20.09375,19.5,19.40625,-0.1,8.0,0.0,0.0
24.68683,0x386,0.0,0.0,1.0,6.25,1.56,0.28,19.8125,19.875,19.375,19.71875,-0.1,8.0,0.0,0.0
24.6873,0x316,0.0,0.0,1.0,6.25,1.56,0.28,19.8125,19.875,19.375,19.71875,-0.1,8.0,0.0,0.0
24.68936,0x2B0,0.0,0.0,1.0,6.25,1.56,0.28,19.8125,19.875,19.375,19.71875,-0.4,12.0,0.0,0.0
24.69637,0x220,0.0,0.0,1.0,6.25,1.83,0.17,19.8125,19.875,19.375,19.71875,-0.4,12.0,0.0,0.0
24.6973,0x316,0.0,0.0,1.0,6.25,1.83,0.17,19.8125,19.875,19.375,19.71875,-0.4,12.0,0.0,0.0
24.69938,0x2B0,0.0,0.0,1.0,6.25,1.83,0.17,19.8125,19.875,19.375,19.71875,-0.4,12.0,0.0,0.0
24.70636,0x220,0.0,0.0,1.0,6.25,2.21,0.13,19.8125,19.875,19.375,19.71875,-0.4,12.0,0.0,0.0
24.70684,0x386,0.0,0.0,1.0,6.25,2.21,0.13,19.625,20.0625,19.28125,19.6875,-0.4,12.0,0.0,0.0
24.70732,0x316,0.0,0.0,1.0,6.25,2.21,0.13,19.625,20.0625,19.28125,19.6875,-0.4,12.0,0.0,0.0
24.70938,0x2B0,0.0,0.0,1.0,6.25,2.21,0.13,19.625,20.0625,19.28125,19.6875,-0.7,12.0,0.0,0.0
24.71637,0x220,0.0,0.0,1.0,6.25,2.52,0.16,19.625,20.0625,19.28125,19.6875,-0.7,12.0,0.0,0.0
24.71719,0x316,0.0,0.0,1.0,6.25,2.52,0.16,19.625,20.0625,19.28125,19.6875,-0.7,12.0,0.0,0.0
24.71938,0x2B0,0.0,0.0,1.0,6.25,2.52,0.16,19.625,20.0625,19.28125,19.6875,-0.7,12.0,0.0,0.0
24.72637,0x220,0.0,0.0,1.0,6.25,2.6,0.12,19.625,20.0625,19.28125,19.6875,-0.7,12.0,0.0,0.0
24.72684,0x386,0.0,0.0,1.0,6.25,2.6,0.12,19.4375,19.46875,19.53125,19.375,-0.7,12.0,0.0,0.0
24.72731,0x316,0.0,0.0,1.0,6.25,2.6,0.12,19.4375,19.46875,19.53125,19.375,-0.7,12.0,0.0,0.0
24.72937,0x2B0,0.0,0.0,1.0,6.25,2.6,0.12,19.4375,19.46875,19.53125,19.375,-1.0,12.0,0.0,0.0
24.73636,0x220,0.0,0.0,1.0,6.25,2.4,0.01,19.4375,19.46875,19.53125,19.375,-1.0,12.0,0.0,0.0
24.73717,0x316,0.0,0.0,1.0,6.25,2.4,0.01,19.4375,19.46875,19.53125,19.375,-1.0,12.0,0.0,0.0
24.73939,0x2B0,0.0,0.0,1.0,6.25,2.4,0.01,19.4375,19.46875,19.53125,19.375,-1.0,12.0,0.0,0.0
24.74636,0x220,0.0,0.0,1.0,6.25,2.0,0.0,19.4375,19.46875,19.53125,19.375,-1.0,12.0,0.0,0.0
24.74683,0x386,0.0,0.0,1.0,6.25,2.0,0.0,20.0625,19.625,19.5,19.375,-1.0,12.0,0.0,0.0
24.74731,0x316,0.0,0.0,1.0,6.25,2.0,0.0,20.0625,19.625,19.5,19.375,-1.0,12.0,0.0,0.0
24.7494,0x2B0,0.0,0.0,1.0,6.25,2.0,0.0,20.0625,19.625,19.5,19.375,-1.1,0.0,0.0,0.0
24.75636,0x220,0.0,0.0,1.0,6.25,1.61,0.0,20.0625,19.625,19.5,19.375,-1.1,0.0,0.0,0.0
24.75722,0x316,0.0,0.0,1.0,6.25,1.61,0.0,20.0625,19.625,19.5,19.375,-1.1,0.0,0.0,0.0
24.75939,0x2B0,0.0,0.0,1.0,6.25,1.61,0.0,20.0625,19.625,19.5,19.375,-1.3,12.0,0.0,0.0
24.76637,0x220,0.0,0.0,1.0,6.25,1.49,-0.05,20.0625,19.625,19.5,19.375,-1.3,12.0,0.0,0.0
24.76684,0x386,0.0,0.0,1.0,6.25,1.49,-0.05,19.65625,19.8125,19.4375,19.375,-1.3,12.0,0.0,0.0
24.7678,0x316,0.0,0.0,1.0,6.25,1.49,-0.05,19.65625,19.8125,19.4375,19.375,-1.3,12.0,0.0,0.0
24.76941,0x2B0,0.0,0.0,1.0,6.25,1.49,-0.05,19.65625,19.8125,19.4375,19.375,-1.3,8.0,0.0,0.0
24.77636,0x220,0.0,0.0,1.0,6.25,1.63,-0.21,19.65625,19.8125,19.4375,19.375,-1.3,8.0,0.0,0.0
24.77738,0x316,0.0,0.0,1.0,6.25,1.63,-0.21,19.65625,19.8125,19.4375,19.375,-1.3,8.0,0.0,0.0
24.7794,0x2B0,0.0,0.0,1.0,6.25,1.63,-0.21,19.65625,19.8125,19.4375,19.375,-1.5,8.0,0.0,0.0
24.78635,0x220,0.0,0.0,1.0,6.25,1.9,-0.44,19.65625,19.8125,19.4375,19.375,-1.5,8.0,0.0,0.0
24.78682,0x386,0.0,0.0,1.0,6.25,1.9,-0.44,19.59375,19.875,19.28125,19.375,-1.5,8.0,0.0,0.0
24.78729,0x316,0.0,0.0,1.0,6.25,1.9,-0.44,19.59375,19.875,19.28125,19.375,-1.5,8.0,0.0,0.0
24.7894,0x2B0,0.0,0.0,1.0,6.25,1.9,-0.44,19.59375,19.875,19.28125,19.375,-1.5,8.0,0.0,0.0
24.79636,0x220,0.0,0.0,1.0,6.25,2.11,-0.55,19.59375,19.875,19.28125,19.375,-1.5,8.0,0.0,0.0
24.79757,0x316,0.0,0.0,1.0,6.25,2.11,-0.55,19.59375,19.875,19.28125,19.375,-1.5,8.0,0.0,0.0
24.79939,0x2B0,0.0,0.0,1.0,6.25,2.11,-0.55,19.59375,19.875,19.28125,19.375,-1.5,0.0,0.0,0.0
24.80636,0x220,0.0,0.0,1.0,6.25,2.15,-0.41,19.59375,19.875,19.28125,19.375,-1.5,0.0,0.0,0.0
24.80682,0x386,0.0,0.0,1.0,6.25,2.15,-0.41,20.0625,19.78125,19.15625,19.375,-1.5,0.0,0.0,0.0
24.80754,0x316,0.0,0.0,1.0,6.25,2.15,-0.41,20.0625,19.78125,19.15625,19.375,-1.5,0.0,0.0,0.0
24.80939,0x2B0,0.0,0.0,1.0,6.25,2.15,-0.41,20.0625,19.78125,19.15625,19.375,-1.7,8.0,0.0,0.0
24.81636,0x220,0.0,0.0,1.0,6.25,1.99,-0.16,20.0625,19.78125,19.15625,19.375,-1.7,8.0,0.0,0.0
24.81718,0x316,0.0,0.0,1.0,6.25,1.99,-0.16,20.0625,19.78125,19.15625,19.375,-1.7,8.0,0.0,0.0
24.81941,0x2B0,0.0,0.0,1.0,6.25,1.99,-0.16,20.0625,19.78125,19.15625,19.375,-1.9,20.0,0.0,0.0
24.82637,0x220,0.0,0.0,1.0,6.25,1.75,-0.03,20.0625,19.78125,19.15625,19.375,-1.9,20.0,0.0,0.0
24.82684,0x386,0.0,0.0,1.0,6.25,1.75,-0.03,19.40625,19.3125,19.25,19.34375,-1.9,20.0,0.0,0.0
24.82732,0x316,0.0,0.0,1.0,6.25,1.75,-0.03,19.40625,19.3125,19.25,19.34375,-1.9,20.0,0.0,0.0
24.82939,0x2B0,0.0,0.0,1.0,6.25,1.75,-0.03,19.40625,19.3125,19.25,19.34375,-1.9,8.0,0.0,0.0
24.83636,0x220,0.0,0.0,1.0,6.25,1.53,-0.1,19.40625,19.3125,19.25,19.34375,-1.9,8.0,0.0,0.0
24.83721,0x316,0.0,0.0,1.0,6.25,1.53,-0.1,19.40625,19.3125,19.25,19.34375,-1.9,8.0,0.0,0.0
24.83939,0x2B0,0.0,0.0,1.0,6.25,1.53,-0.1,19.40625,19.3125,19.25,19.34375,-2.1,8.0,0.0,0.0
24.84636,0x220,0.0,0.0,1.0,6.25,1.31,-0.23,19.40625,19.3125,19.25,19.34375,-2.1,8.0,0.0,0.0
24.84683,0x386,0.0,0.0,1.0,6.25,1.31,-0.23,19.78125,19.6875,19.375,19.375,-2.1,8.0,0.0,0.0
24.84754,0x316,0.0,0.0,1.0,6.25,1.31,-0.23,19.78125,19.6875,19.375,19.375,-2.1,8.0,0.0,0.0
24.84939,0x2B0,0.0,0.0,1.0,6.25,1.31,-0.23,19.78125,19.6875,19.375,19.375,-2.1,8.0,0.0,0.0
24.85637,0x220,0.0,0.0,1.0,6.25,1.04,-0.23,19.78125,19.6875,19.375,19.375,-2.1,8.0,0.0,0.0
24.85724,0x316,0.0,0.0,1.0,6.25,1.04,-0.23,19.78125,19.6875,19.375,19.375,-2.1,8.0,0.0,0.0
24.8594,0x2B0,0.0,0.0,1.0,6.25,1.04,-0.23,19.78125,19.6875,19.375,19.375,-2.2,0.0,0.0,0.0
24.86639,0x220,0.0,0.0,1.0,6.25,0.77,-0.01,19.78125,19.6875,19.375,19.375,-2.2,0.0,0.0,0.0
24.86686,0x386,0.0,0.0,1.0,6.25,0.77,-0.01,19.625,19.6875,19.40625,19.46875,-2.2,0.0,0.0,0.0
24.86757,0x316,0.0,0.0,1.0,6.25,0.77,-0.01,19.625,19.6875,19.40625,19.46875,-2.2,0.0,0.0,0.0
24.86939,0x2B0,0.0,0.0,1.0,6.25,0.77,-0.01,19.625,19.6875,19.40625,19.46875,-2.2,0.0,0.0,0.0
24.87637,0x220,0.0,0.0,1.0,6.25,0.59,0.22,19.625,19.6875,19.40625,19.46875,-2.2,0.0,0.0,0.0
24.87757,0x316,0.0,0.0,1.0,6.25,0.59,0.22,19.625,19.6875,19.40625,19.46875,-2.2,0.0,0.0,0.0
24.87938,0x2B0,0.0,0.0,1.0,6.25,0.59,0.22,19.625,19.6875,19.40625,19.46875,-2.4,8.0,0.0,0.0
24.88637,0x220,0.0,0.0,1.0,6.25,0.47,0.35,19.625,19.6875,19.40625,19.46875,-2.4,8.0,0.0,0.0
24.88684,0x386,0.0,0.0,1.0,6.25,0.47,0.35,19.75,19.6875,19.40625,19.59375,-2.4,8.0,0.0,0.0
24.88731,0x316,0.0,0.0,1.0,6.25,0.47,0.35,19.75,19.6875,19.40625,19.59375,-2.4,8.0,0.0,0.0
24.88941,0x2B0,0.0,0.0,1.0,6.25,0.47,0.35,19.75,19.6875,19.40625,19.59375,-2.4,8.0,0.0,0.0
24.89636,0x220,0.0,0.0,1.0,6.25,0.34,0.39,19.75,19.6875,19.40625,19.59375,-2.4,8.0,0.0,0.0
24.89756,0x316,0.0,0.0,1.0,6.25,0.34,0.39,19.75,19.6875,19.40625,19.59375,-2.4,8.0,0.0,0.0
24.8994,0x2B0,0.0,0.0,1.0,6.25,0.34,0.39,19.75,19.6875,19.40625,19.59375,-2.4,0.0,0.0,0.0
24.90637,0x220,0.0,0.0,1.0,6.25,0.28,0.44,19.75,19.6875,19.40625,19.59375,-2.4,0.0,0.0,0.0
24.90684,0x386,0.0,0.0,1.0,6.25,0.28,0.44,19.71875,19.8125,19.34375,19.4375,-2.4,0.0,0.0,0.0
24.90731,0x316,0.0,0.0,1.0,6.25,0.28,0.44,19.71875,19.8125,19.34375,19.4375,-2.4,0.0,0.0,0.0
24.90939,0x2B0,0.0,0.0,1.0,6.25,0.28,0.44,19.71875,19.8125,19.34375,19.4375,-2.5,0.0,0.0,0.0
24.91636,0x220,0.0,0.0,1.0,6.25,0.29,0.49,19.71875,19.8125,19.34375,19.4375,-2.5,0.0,0.0,0.0
24.91718,0x316,0.0,0.0,1.0,6.25,0.29,0.49,19.71875,19.8125,19.34375,19.4375,-2.5,0.0,0.0,0.0
24.91941,0x2B0,0.0,0.0,1.0,6.25,0.29,0.49,19.71875,19.8125,19.34375,19.4375,-2.5,0.0,0.0,0.0
24.92637,0x220,0.0,0.0,1.0,6.25,0.3,0.55,19.71875,19.8125,19.34375,19.4375,-2.5,0.0,0.0,0.0
24.92684,0x386,0.0,0.0,1.0,6.25,0.3,0.55,19.78125,19.84375,19.375,19.53125,-2.5,0.0,0.0,0.0
24.92732,0x316,0.0,0.0,1.0,6.25,0.3,0.55,19.78125,19.84375,19.375,19.53125,-2.5,0.0,0.0,0.0
24.92941,0x2B0,0.0,0.0,1.0,6.25,0.3,0.55,19.78125,19.84375,19.375,19.53125,-2.5,0.0,0.0,0.0
24.93637,0x220,0.0,0.0,1.0,6.25,0.27,0.72,19.78125,19.84375,19.375,19.53125,-2.5,0.0,0.0,0.0
24.93726,0x316,0.0,0.0,1.0,6.25,0.27,0.72,19.78125,19.84375,19.375,19.53125,-2.5,0.0,0.0,0.0
24.9394,0x2B0,0.0,0.0,1.0,6.25,0.27,0.72,19.78125,19.84375,19.375,19.53125,-2.6,0.0,0.0,0.0
24.94636,0x220,0.0,0.0,1.0,6.25,0.21,0.94,19.78125,19.84375,19.375,19.53125,-2.6,0.0,0.0,0.0
24.94684,0x386,0.0,0.0,1.0,6.25,0.21,0.94,19.875,19.84375,19.375,19.71875,-2.6,0.0,0.0,0.0
24.94731,0x316,0.0,0.0,1.0,6.25,0.21,0.94,19.875,19.84375,19.375,19.71875,-2.6,0.0,0.0,0.0
24.94944,0x2B0,0.0,0.0,1.0,6.25,0.21,0.94,19.875,19.84375,19.375,19.71875,-2.6,0.0,0.0,0.0
24.95636,0x220,0.0,0.0,1.0,6.25,0.2,1.13,19.875,19.84375,19.375,19.71875,-2.6,0.0,0.0,0.0
24.95719,0x316,0.0,0.0,1.0,6.25,0.2,1.13,19.875,19.84375,19.375,19.71875,-2.6,0.0,0.0,0.0
24.95942,0x2B0,0.0,0.0,1.0,6.25,0.2,1.13,19.875,19.84375,19.375,19.71875,-2.6,0.0,0.0,0.0
24.96638,0x220,0.0,0.0,1.0,6.25,0.29,1.19,19.875,19.84375,19.375,19.71875,-2.6,0.0,0.0,0.0
24.96685,0x386,0.0,0.0,1.0,6.25,0.29,1.19,19.78125,19.90625,19.40625,19.6875,-2.6,0.0,0.0,0.0
24.9678,0x316,0.0,0.0,1.0,6.25,0.29,1.19,19.78125,19.90625,19.40625,19.6875,-2.6,0.0,0.0,0.0
24.96943,0x2B0,0.0,0.0,1.0,6.25,0.29,1.19,19.78125,19.90625,19.40625,19.6875,-2.7,0.0,0.0,0.0
24.97637,0x220,0.0,0.0,1.0,6.25,0.46,1.18,19.78125,19.90625,19.40625,19.6875,-2.7,0.0,0.0,0.0
24.97748,0x316,0.0,0.0,1.0,6.25,0.46,1.18,19.78125,19.90625,19.40625,19.6875,-2.7,0.0,0.0,0.0
24.97945,0x2B0,0.0,0.0,1.0,6.25,0.46,1.18,19.78125,19.90625,19.40625,19.6875,-2.7,0.0,0.0,0.0
24.98636,0x220,0.0,0.0,1.0,6.25,0.68,1.18,19.78125,19.90625,19.40625,19.6875,-2.7,0.0,0.0,0.0
24.98659,0x386,0.0,0.0,1.0,6.25,0.68,1.18,19.71875,19.84375,19.4375,19.65625,-2.7,0.0,0.0,0.0
24.9873,0x316,0.0,0.0,1.0,6.25,0.68,1.18,19.71875,19.84375,19.4375,19.65625,-2.7,0.0,0.0,0.0
24.98945,0x2B0,0.0,0.0,1.0,6.25,0.68,1.18,19.71875,19.84375,19.4375,19.65625,-2.7,0.0,0.0,0.0
24.99637,0x220,0.0,0.0,1.0,6.25,0.91,1.14,19.71875,19.84375,19.4375,19.65625,-2.7,0.0,0.0,0.0
24.99756,0x316,0.0,0.0,1.0,6.25,0.91,1.14,19.71875,19.84375,19.4375,19.65625,-2.7,0.0,0.0,0.0
24.99945,0x2B0,0.0,0.0,1.0,6.25,0.91,1.14,19.71875,19.84375,19.4375,19.65625,-2.7,0.0,0.0,0.0
25.00637,0x220,0.0,0.0,1.0,6.25,1.1,1.05,19.71875,19.84375,19.4375,19.65625,-2.7,0.0,0.0,0.0
25.0066,0x386,0.0,0.0,1.0,6.25,1.1,1.05,19.875,19.8125,19.53125,19.71875,-2.7,0.0,0.0,0.0
25.00731,0x316,0.0,0.0,1.0,6.25,1.1,1.05,19.875,19.8125,19.53125,19.71875,-2.7,0.0,0.0,0.0
25.00937,0x2B0,0.0,0.0,1.0,6.25,1.1,1.05,19.875,19.8125,19.53125,19.71875,-2.7,0.0,0.0,0.0
25.01637,0x220,0.0,0.0,1.0,6.25,1.23,0.93,19.875,19.8125,19.53125,19.71875,-2.7,0.0,0.0,0.0
25.01725,0x316,0.0,0.0,1.0,6.25,1.23,0.93,19.875,19.8125,19.53125,19.71875,-2.7,0.0,0.0,0.0
25.0194,0x2B0,0.0,0.0,1.0,6.25,1.23,0.93,19.875,19.8125,19.53125,19.71875,-2.7,0.0,0.0,0.0
25.02638,0x220,0.0,0.0,1.0,6.25,1.33,0.76,19.875,19.8125,19.53125,19.71875,-2.7,0.0,0.0,0.0
25.02685,0x386,0.0,0.0,1.0,6.25,1.33,0.76,19.875,19.8125,19.65625,19.625,-2.7,0.0,0.0,0.0
25.02732,0x316,0.0,0.0,1.0,6.25,1.33,0.76,19.875,19.8125,19.65625,19.625,-2.7,0.0,0.0,0.0
25.02946,0x2B0,0.0,0.0,1.0,6.25,1.33,0.76,19.875,19.8125,19.65625,19.625,-2.7,0.0,0.0,0.0
25.03637,0x220,0.0,0.0,1.0,6.25,1.46,0.57,19.875,19.8125,19.65625,19.625,-2.7,0.0,0.0,0.0
25.03719,0x316,0.0,0.0,1.0,6.25,1.46,0.57,19.875,19.8125,19.65625,19.625,-2.7,0.0,0.0,0.0
25.0394,0x2B0,0.0,0.0,1.0,6.25,1.46,0.57,19.875,19.8125,19.65625,19.625,-2.6,0.0,0.0,0.0
25.04637,0x220,0.0,0.0,1.0,6.25,1.64,0.39,19.875,19.8125,19.65625,19.625,-2.6,0.0,0.0,0.0
25.0466,0x386,0.0,0.0,1.0,6.25,1.64,0.39,19.90625,19.90625,19.65625,19.65625,-2.6,0.0,0.0,0.0
25.04731,0x316,0.0,0.0,1.0,6.25,1.64,0.39,19.90625,19.90625,19.65625,19.65625,-2.6,0.0,0.0,0.0
25.04938,0x2B0,0.0,0.0,1.0,6.25,1.64,0.39,19.90625,19.90625,19.65625,19.65625,-2.6,0.0,0.0,0.0
25.05637,0x220,0.0,0.0,1.0,6.25,1.79,0.22,19.90625,19.90625,19.65625,19.65625,-2.6,0.0,0.0,0.0
25.05732,0x316,0.0,0.0,1.0,6.25,1.79,0.22,19.90625,19.90625,19.65625,19.65625,-2.6,0.0,0.0,0.0
25.05939,0x2B0,0.0,0.0,1.0,6.25,1.79,0.22,19.90625,19.90625,19.65625,19.65625,-2.4,8.0,0.0,0.0
25.06639,0x220,0.0,0.0,1.0,6.25,1.97,0.09,19.90625,19.90625,19.65625,19.65625,-2.4,8.0,0.0,0.0
25.06661,0x386,0.0,0.0,1.0,6.25,1.97,0.09,19.8125,19.9375,19.34375,19.71875,-2.4,8.0,0.0,0.0
25.06756,0x316,0.0,0.0,1.0,6.25,1.97,0.09,19.8125,19.9375,19.34375,19.71875,-2.4,8.0,0.0,0.0
25.06935,0x2B0,0.0,0.0,1.0,6.25,1.97,0.09,19.8125,19.9375,19.34375,19.71875,-2.4,8.0,0.0,0.0
25.07637,0x220,0.0,0.0,1.0,6.25,2.1,-0.01,19.8125,19.9375,19.34375,19.71875,-2.4,8.0,0.0,0.0
25.07756,0x316,0.0,0.0,1.0,6.25,2.1,-0.01,19.8125,19.9375,19.34375,19.71875,-2.4,8.0,0.0,0.0
25.07934,0x2B0,0.0,0.0,1.0,6.25,2.1,-0.01,19.8125,19.9375,19.34375,19.71875,-2.4,0.0,0.0,0.0
25.08636,0x220,0.0,0.0,1.0,6.25,2.12,-0.14,19.8125,19.9375,19.34375,19.71875,-2.4,0.0,0.0,0.0
25.08659,0x386,0.0,0.0,1.0,6.25,2.12,-0.14,19.875,19.84375,19.34375,19.6875,-2.4,0.0,0.0,0.0
25.08731,0x316,0.0,0.0,1.0,6.25,2.12,-0.14,19.875,19.84375,19.34375,19.6875,-2.4,0.0,0.0,0.0
25.08935,0x2B0,0.0,0.0,1.0,6.25,2.12,-0.14,19.875,19.84375,19.34375,19.6875,-2.4,0.0,0.0,0.0
25.09637,0x220,0.0,0.0,1.0,6.25,2.13,-0.19,19.875,19.84375,19.34375,19.6875,-2.4,0.0,0.0,0.0
25.09753,0x316,0.0,0.0,1.0,6.25,2.13,-0.19,19.875,19.84375,19.34375,19.6875,-2.4,0.0,0.0,0.0
25.09937,0x2B0,0.0,0.0,1.0,6.25,2.13,-0.19,19.875,19.84375,19.34375,19.6875,-2.3,0.0,0.0,0.0
25.10637,0x220,0.0,0.0,1.0,6.25,2.13,-0.19,19.875,19.84375,19.34375,19.6875,-2.3,0.0,0.0,0.0
25.1066,0x386,0.0,0.0,1.0,6.25,2.13,-0.19,19.875,19.84375,19.40625,19.4375,-2.3,0.0,0.0,0.0
25.10731,0x316,0.0,0.0,1.0,6.25,2.13,-0.19,19.875,19.84375,19.40625,19.4375,-2.3,0.0,0.0,0.0
25.10934,0x2B0,0.0,0.0,1.0,6.25,2.13,-0.19,19.875,19.84375,19.40625,19.4375,-2.3,0.0,0.0,0.0
25.11637,0x220,0.0,0.0,1.0,6.25,2.11,-0.27,19.875,19.84375,19.40625,19.4375,-2.3,0.0,0.0,0.0
25.11718,0x316,0.0,0.0,1.0,6.25,2.11,-0.27,19.875,19.84375,19.40625,19.4375,-2.3,0.0,0.0,0.0
25.11934,0x2B0,0.0,0.0,1.0,6.25,2.11,-0.27,19.875,19.84375,19.40625,19.4375,-2.3,0.0,0.0,0.0
25.12638,0x220,0.0,0.0,1.0,6.25,2.03,-0.36,19.875,19.84375,19.40625,19.4375,-2.3,0.0,0.0,0.0
25.12661,0x386,0.0,0.0,1.0,6.25,2.03,-0.36,19.9375,19.875,19.1875,19.3125,-2.3,0.0,0.0,0.0
25.12733,0x316,0.0,0.0,1.0,6.25,2.03,-0.36,19.9375,19.875,19.1875,19.3125,-2.3,0.0,0.0,0.0
25.12941,0x2B0,0.0,0.0,1.0,6.25,2.03,-0.36,19.9375,19.875,19.1875,19.3125,-2.3,0.0,0.0,0.0
25.13637,0x220,0.0,0.0,1.0,6.25,1.87,-0.39,19.9375,19.875,19.1875,19.3125,-2.3,0.0,0.0,0.0
25.13724,0x316,0.0,0.0,1.0,6.25,1.87,-0.39,19.9375,19.875,19.1875,19.3125,-2.3,0.0,0.0,0.0
25.13939,0x2B0,0.0,0.0,1.0,6.25,1.87,-0.39,19.9375,19.875,19.1875,19.3125,-2.3,0.0,0.0,0.0
25.14637,0x220,0.0,0.0,1.0,6.25,1.76,-0.38,19.9375,19.875,19.1875,19.3125,-2.3,0.0,0.0,0.0
25.1466,0x386,0.0,0.0,1.0,6.25,1.76,-0.38,19.875,19.8125,19.03125,19.28125,-2.3,0.0,0.0,0.0
25.14732,0x316,0.0,0.0,1.0,6.25,1.76,-0.38,19.875,19.8125,19.03125,19.28125,-2.3,0.0,0.0,0.0
25.14939,0x2B0,0.0,0.0,1.0,6.25,1.76,-0.38,19.875,19.8125,19.03125,19.28125,-2.3,0.0,0.0,0.0
25.15637,0x220,0.0,0.0,1.0,6.25,1.72,-0.41,19.875,19.8125,19.03125,19.28125,-2.3,0.0,0.0,0.0
25.15719,0x316,0.0,0.0,1.0,6.25,1.72,-0.41,19.875,19.8125,19.03125,19.28125,-2.3,0.0,0.0,0.0
25.1594,0x2B0,0.0,0.0,1.0,6.25,1.72,-0.41,19.875,19.8125,19.03125,19.28125,-2.5,8.0,0.0,0.0
25.16639,0x220,0.0,0.0,1.0,6.25,1.67,-0.42,19.875,19.8125,19.03125,19.28125,-2.5,8.0,0.0,0.0
25.16662,0x386,0.0,0.0,1.0,6.25,1.67,-0.42,19.6875,19.75,18.875,19.46875,-2.5,8.0,0.0,0.0
25.16758,0x316,0.0,0.0,1.0,6.25,1.67,-0.42,19.6875,19.75,18.875,19.46875,-2.5,8.0,0.0,0.0
25.1694,0x2B0,0.0,0.0,1.0,6.25,1.67,-0.42,19.6875,19.75,18.875,19.46875,-2.5,8.0,0.0,0.0
25.17638,0x220,0.0,0.0,1.0,6.25,1.62,-0.39,19.6875,19.75,18.875,19.46875,-2.5,8.0,0.0,0.0
25.17754,0x316,0.0,0.0,1.0,6.25,1.62,-0.39,19.6875,19.75,18.875,19.46875,-2.5,8.0,0.0,0.0
25.1794,0x2B0,0.0,0.0,1.0,6.25,1.62,-0.39,19.6875,19.75,18.875,19.46875,-2.6,0.0,0.0,0.0
25.18637,0x220,0.0,0.0,1.0,6.25,1.58,-0.34,19.6875,19.75,18.875,19.46875,-2.6,0.0,0.0,0.0
25.1866,0x386,0.0,0.0,1.0,6.25,1.58,-0.34,20.34375,20.0625,19.09375,19.40625,-2.6,0.0,0.0,0.0
25.18732,0x316,0.0,0.0,1.0,6.25,1.58,-0.34,20.34375,20.0625,19.09375,19.40625,-2.6,0.0,0.0,0.0
25.1894,0x2B0,0.0,0.0,1.0,6.25,1.58,-0.34,20.34375,20.0625,19.09375,19.40625,-2.6,0.0,0.0,0.0
25.19637,0x220,0.0,0.0,1.0,6.25,1.5,-0.26,20.34375,20.0625,19.09375,19.40625,-2.6,0.0,0.0,0.0
25.19754,0x316,0.0,0.0,1.0,6.25,1.5,-0.26,20.34375,20.0625,19.09375,19.40625,-2.6,0.0,0.0,0.0
25.1994,0x2B0,0.0,0.0,1.0,6.25,1.5,-0.26,20.34375,20.0625,19.09375,19.40625,-2.7,0.0,0.0,0.0
25.20637,0x220,0.0,0.0,1.0,6.25,1.36,-0.16,20.34375,20.0625,19.09375,19.40625,-2.7,0.0,0.0,0.0
25.2066,0x386,0.0,0.0,1.0,6.25,1.36,-0.16,19.59375,19.71875,19.15625,19.0,-2.7,0.0,0.0,0.0
25.20732,0x316,0.0,0.0,1.0,6.25,1.36,-0.16,19.59375,19.71875,19.15625,19.0,-2.7,0.0,0.0,0.0
25.2094,0x2B0,0.0,0.0,1.0,6.25,1.36,-0.16,19.59375,19.71875,19.15625,19.0,-2.7,0.0,0.0,0.0
25.21637,0x220,0.0,0.0,1.0,6.25,1.27,-0.05,19.59375,19.71875,19.15625,19.0,-2.7,0.0,0.0,0.0
25.21732,0x316,0.0,0.0,1.0,6.25,1.27,-0.05,19.59375,19.71875,19.15625,19.0,-2.7,0.0,0.0,0.0
25.21939,0x2B0,0.0,0.0,1.0,6.25,1.27,-0.05,19.59375,19.71875,19.15625,19.0,-2.9,8.0,0.0,0.0
25.22638,0x220,0.0,0.0,1.0,6.25,1.28,0.02,19.59375,19.71875,19.15625,19.0,-2.9,8.0,0.0,0.0
25.22661,0x386,0.0,0.0,1.0,6.25,1.28,0.02,19.5,19.96875,19.03125,19.09375,-2.9,8.0,0.0,0.0
25.22733,0x316,0.0,0.0,1.0,6.25,1.28,0.02,19.5,19.96875,19.03125,19.09375,-2.9,8.0,0.0,0.0
25.22939,0x2B0,0.0,0.0,1.0,6.25,1.28,0.02,19.5,19.96875,19.03125,19.09375,-2.9,8.0,0.0,0.0
25.23637,0x220,0.0,0.0,1.0,6.25,1.35,0.03,19.5,19.96875,19.03125,19.09375,-2.9,8.0,0.0,0.0
25.23722,0x316,0.0,0.0,1.0,6.25,1.35,0.03,19.5,19.96875,19.03125,19.09375,-2.9,8.0,0.0,0.0
25.23939,0x2B0,0.0,0.0,1.0,6.25,1.35,0.03,19.5,19.96875,19.03125,19.09375,-3.1,8.0,0.0,0.0
25.24637,0x220,0.0,0.0,1.0,6.25,1.37,-0.04,19.5,19.96875,19.03125,19.09375,-3.1,8.0,0.0,0.0
25.24659,0x386,0.0,0.0,1.0,6.25,1.37,-0.04,19.375,19.53125,19.125,19.34375,-3.1,8.0,0.0,0.0
25.24731,0x316,0.0,0.0,1.0,6.25,1.37,-0.04,19.375,19.53125,19.125,19.34375,-3.1,8.0,0.0,0.0
25.2494,0x2B0,0.0,0.0,1.0,6.25,1.37,-0.04,19.375,19.53125,19.125,19.34375,-3.1,8.0,0.0,0.0
25.25638,0x220,0.0,0.0,1.0,6.25,1.34,-0.13,19.375,19.53125,19.125,19.34375,-3.1,8.0,0.0,0.0
25.25734,0x316,0.0,0.0,1.0,6.25,1.34,-0.13,19.375,19.53125,19.125,19.34375,-3.1,8.0,0.0,0.0
25.25936,0x2B0,0.0,0.0,1.0,6.25,1.34,-0.13,19.375,19.53125,19.125,19.34375,-3.3,8.0,0.0,0.0
25.26639,0x220,0.0,0.0,1.0,6.25,1.25,-0.12,19.375,19.53125,19.125,19.34375,-3.3,8.0,0.0,0.0
25.26662,0x386,0.0,0.0,1.0,6.25,1.25,-0.12,19.65625,19.59375,19.34375,19.0,-3.3,8.0,0.0,0.0
25.26758,0x316,0.0,0.0,1.0,6.25,1.25,-0.12,19.65625,19.59375,19.34375,19.0,-3.3,8.0,0.0,0.0
25.26936,0x2B0,0.0,0.0,1.0,6.25,1.25,-0.12,19.65625,19.59375,19.34375,19.0,-3.3,8.0,0.0,0.0
25.27638,0x220,0.0,0.0,1.0,6.25,1.21,-0.05,19.65625,19.59375,19.34375,19.0,-3.3,8.0,0.0,0.0
25.27759,0x316,0.0,0.0,1.0,6.25,1.21,-0.05,19.65625,19.59375,19.34375,19.0,-3.3,8.0,0.0,0.0
25.27935,0x2B0,0.0,0.0,1.0,6.25,1.21,-0.05,19.65625,19.59375,19.34375,19.0,-3.5,8.0,0.0,0.0
25.28637,0x220,0.0,0.0,1.0,6.25,1.22,-0.09,19.65625,19.59375,19.34375,19.0,-3.5,8.0,0.0,0.0
25.2866,0x386,0.0,0.0,1.0,6.25,1.22,-0.09,19.625,19.21875,19.09375,19.0,-3.5,8.0,0.0,0.0
25.28731,0x316,0.0,0.0,1.0,6.25,1.22,-0.09,19.625,19.21875,19.09375,19.0,-3.5,8.0,0.0,0.0
25.28935,0x2B0,0.0,0.0,1.0,6.25,1.22,-0.09,19.625,19.21875,19.09375,19.0,-3.6,12.0,0.0,0.0
25.29638,0x220,0.0,0.0,1.0,6.25,1.31,-0.26,19.625,19.21875,19.09375,19.0,-3.6,12.0,0.0,0.0
25.29755,0x316,0.0,0.0,1.0,6.25,1.31,-0.26,19.625,19.21875,19.09375,19.0,-3.6,12.0,0.0,0.0
25.29933,0x2B0,0.0,0.0,1.0,6.25,1.31,-0.26,19.625,19.21875,19.09375,19.0,-3.8,12.0,0.0,0.0
25.30638,0x220,0.0,0.0,1.0,6.25,1.38,-0.32,19.625,19.21875,19.09375,19.0,-3.8,12.0,0.0,0.0
25.30661,0x386,0.0,0.0,1.0,6.25,1.38,-0.32,19.46875,19.4375,19.25,19.21875,-3.8,12.0,0.0,0.0
25.30732,0x316,0.0,0.0,1.0,6.25,1.38,-0.32,19.46875,19.4375,19.25,19.21875,-3.8,12.0,0.0,0.0
25.30937,0x2B0,0.0,0.0,1.0,6.25,1.38,-0.32,19.46875,19.4375,19.25,19.21875,-3.9,12.0,0.0,0.0
25.31638,0x220,0.0,0.0,1.0,6.25,1.44,-0.19,19.46875,19.4375,19.25,19.21875,-3.9,12.0,0.0,0.0
25.31719,0x316,0.0,0.0,1.0,6.25,1.44,-0.19,19.46875,19.4375,19.25,19.21875,-3.9,12.0,0.0,0.0
25.31934,0x2B0,0.0,0.0,1.0,6.25,1.44,-0.19,19.46875,19.4375,19.25,19.21875,-4.1,12.0,0.0,0.0
25.32638,0x220,0.0,0.0,1.0,6.25,1.51,-0.09,19.46875,19.4375,19.25,19.21875,-4.1,12.0,0.0,0.0
25.32661,0x386,0.0,0.0,1.0,6.25,1.51,-0.09,19.15625,19.75,19.3125,19.21875,-4.1,12.0,0.0,0.0
25.32734,0x316,0.0,0.0,1.0,6.25,1.51,-0.09,19.15625,19.75,19.3125,19.21875,-4.1,12.0,0.0,0.0
25.32937,0x2B0,0.0,0.0,1.0,6.25,1.51,-0.09,19.15625,19.75,19.3125,19.21875,-4.3,20.0,0.0,0.0
25.33638,0x220,0.0,0.0,1.0,6.25,1.55,-0.08,19.15625,19.75,19.3125,19.21875,-4.3,20.0,0.0,0.0
25.3373,0x316,0.0,0.0,1.0,6.25,1.55,-0.08,19.15625,19.75,19.3125,19.21875,-4.3,20.0,0.0,0.0
25.33936,0x2B0,0.0,0.0,1.0,6.25,1.55,-0.08,19.15625,19.75,19.3125,19.21875,-4.4,12.0,0.0,0.0
25.34638,0x220,0.0,0.0,1.0,6.25,1.51,-0.08,19.15625,19.75,19.3125,19.21875,-4.4,12.0,0.0,0.0
25.3466,0x386,0.0,0.0,1.0,6.25,1.51,-0.08,19.1875,19.21875,19.21875,19.0625,-4.4,12.0,0.0,0.0
25.34732,0x316,0.0,0.0,1.0,6.25,1.51,-0.08,19.1875,19.21875,19.21875,19.0625,-4.4,12.0,0.0,0.0
25.34938,0x2B0,0.0,0.0,1.0,6.25,1.51,-0.08,19.1875,19.21875,19.21875,19.0625,-4.6,12.0,0.0,0.0
25.35638,0x220,0.0,0.0,1.0,6.25,1.38,-0.11,19.1875,19.21875,19.21875,19.0625,-4.6,12.0,0.0,0.0
25.35723,0x316,0.0,0.0,1.0,6.25,1.38,-0.11,19.1875,19.21875,19.21875,19.0625,-4.6,12.0,0.0,0.0
25.35935,0x2B0,0.0,0.0,1.0,6.25,1.38,-0.11,19.1875,19.21875,19.21875,19.0625,-4.8,20.0,0.0,0.0
25.3664,0x220,0.0,0.0,1.0,6.25,1.27,-0.15,19.1875,19.21875,19.21875,19.0625,-4.8,20.0,0.0,0.0
25.36663,0x386,0.0,0.0,1.0,6.25,1.27,-0.15,19.8125,19.1875,19.1875,19.15625,-4.8,20.0,0.0,0.0
25.36758,0x316,0.0,0.0,1.0,6.25,1.27,-0.15,19.8125,19.1875,19.1875,19.15625,-4.8,20.0,0.0,0.0
25.36936,0x2B0,0.0,0.0,1.0,6.25,1.27,-0.15,19.8125,19.1875,19.1875,19.15625,-5.0,20.0,0.0,0.0
25.37638,0x220,0.0,0.0,1.0,6.25,1.2,-0.15,19.8125,19.1875,19.1875,19.15625,-5.0,20.0,0.0,0.0
25.37752,0x316,0.0,0.0,1.0,6.25,1.2,-0.15,19.8125,19.1875,19.1875,19.15625,-5.0,20.0,0.0,0.0
25.37936,0x2B0,0.0,0.0,1.0,6.25,1.2,-0.15,19.8125,19.1875,19.1875,19.15625,-5.0,8.0,0.0,0.0
25.38637,0x220,0.0,0.0,1.0,6.25,1.08,-0.19,19.8125,19.1875,19.1875,19.15625,-5.0,8.0,0.0,0.0
25.38659,0x386,0.0,0.0,1.0,6.25,1.08,-0.19,19.34375,19.4375,19.1875,19.1875,-5.0,8.0,0.0,0.0
25.38732,0x316,0.0,0.0,1.0,6.25,1.08,-0.19,19.34375,19.4375,19.1875,19.1875,-5.0,8.0,0.0,0.0
25.38936,0x2B0,0.0,0.0,1.0,6.25,1.08,-0.19,19.34375,19.4375,19.1875,19.1875,-5.3,12.0,0.0,0.0
25.39637,0x220,0.0,0.0,1.0,6.25,0.87,-0.24,19.34375,19.4375,19.1875,19.1875,-5.3,12.0,0.0,0.0
25.39754,0x316,0.0,0.0,1.0,6.25,0.87,-0.24,19.34375,19.4375,19.1875,19.1875,-5.3,12.0,0.0,0.0
25.39938,0x2B0,0.0,0.0,1.0,6.25,0.87,-0.24,19.34375,19.4375,19.1875,19.1875,-5.3,12.0,0.0,0.0
25.40637,0x220,0.0,0.0,1.0,6.25,0.66,-0.13,19.34375,19.4375,19.1875,19.1875,-5.3,12.0,0.0,0.0
25.4066,0x386,0.0,0.0,1.0,6.25,0.66,-0.13,19.53125,19.21875,19.21875,19.25,-5.3,12.0,0.0,0.0
25.40731,0x316,0.0,0.0,1.0,6.25,0.66,-0.13,19.53125,19.21875,19.21875,19.25,-5.3,12.0,0.0,0.0
25.40938,0x2B0,0.0,0.0,1.0,6.25,0.66,-0.13,19.53125,19.21875,19.21875,19.25,-5.5,8.0,0.0,0.0
25.41638,0x220,0.0,0.0,1.0,6.25,0.56,0.09,19.53125,19.21875,19.21875,19.25,-5.5,8.0,0.0,0.0
25.4173,0x316,0.0,0.0,1.0,6.25,0.56,0.09,19.53125,19.21875,19.21875,19.25,-5.5,8.0,0.0,0.0
25.41938,0x2B0,0.0,0.0,1.0,6.25,0.56,0.09,19.53125,19.21875,19.21875,19.25,-5.7,20.0,0.0,0.0
25.42638,0x220,0.0,0.0,1.0,6.25,0.69,0.29,19.53125,19.21875,19.21875,19.25,-5.7,20.0,0.0,0.0
25.42661,0x386,0.0,0.0,1.0,6.25,0.69,0.29,19.46875,18.875,19.09375,19.1875,-5.7,20.0,0.0,0.0
25.42733,0x316,0.0,0.0,1.0,6.25,0.69,0.29,19.46875,18.875,19.09375,19.1875,-5.7,20.0,0.0,0.0
25.42938,0x2B0,0.0,0.0,1.0,6.25,0.69,0.29,19.46875,18.875,19.09375,19.1875,-5.7,8.0,0.0,0.0
25.43638,0x220,0.0,0.0,1.0,6.25,0.94,0.24,19.46875,18.875,19.09375,19.1875,-5.7,8.0,0.0,0.0
25.43722,0x316,0.0,0.0,1.0,6.25,0.94,0.24,19.46875,18.875,19.09375,19.1875,-5.7,8.0,0.0,0.0
25.43939,0x2B0,0.0,0.0,1.0,6.25,0.94,0.24,19.46875,18.875,19.09375,19.1875,-5.9,8.0,0.0,0.0
25.44638,0x220,0.0,0.0,1.0,6.25,1.11,0.01,19.46875,18.875,19.09375,19.1875,-5.9,8.0,0.0,0.0
25.4466,0x386,0.0,0.0,1.0,6.25,1.11,0.01,19.59375,19.125,18.9375,19.09375,-5.9,8.0,0.0,0.0
25.44732,0x316,0.0,0.0,1.0,6.25,1.11,0.01,19.59375,19.125,18.9375,19.09375,-5.9,8.0,0.0,0.0
25.44939,0x2B0,0.0,0.0,1.0,6.25,1.11,0.01,19.59375,19.125,18.9375,19.09375,-5.9,8.0,0.0,0.0
25.45638,0x220,0.0,0.0,1.0,6.25,1.04,-0.05,19.59375,19.125,18.9375,19.09375,-5.9,8.0,0.0,0.0
25.45731,0x316,0.0,0.0,1.0,6.25,1.04,-0.05,19.59375,19.125,18.9375,19.09375,-5.9,8.0,0.0,0.0
25.4594,0x2B0,0.0,0.0,1.0,6.25,1.04,-0.05,19.59375,19.125,18.9375,19.09375,-6.1,8.0,0.0,0.0
25.4664,0x220,0.0,0.0,1.0,6.25,0.78,0.12,19.59375,19.125,18.9375,19.09375,-6.1,8.0,0.0,0.0
25.46663,0x386,0.0,0.0,1.0,6.25,0.78,0.12,19.40625,19.375,18.90625,19.125,-6.1,8.0,0.0,0.0
25.46759,0x316,0.0,0.0,1.0,6.25,0.78,0.12,19.40625,19.375,18.90625,19.125,-6.1,8.0,0.0,0.0
25.4694,0x2B0,0.0,0.0,1.0,6.25,0.78,0.12,19.40625,19.375,18.90625,19.125,-6.2,12.0,0.0,0.0
25.47638,0x220,0.0,0.0,1.0,6.25,0.54,0.46,19.40625,19.375,18.90625,19.125,-6.2,12.0,0.0,0.0
25.47759,0x316,0.0,0.0,1.0,6.25,0.54,0.46,19.40625,19.375,18.90625,19.125,-6.2,12.0,0.0,0.0
25.47936,0x2B0,0.0,0.0,1.0,6.25,0.54,0.46,19.40625,19.375,18.90625,19.125,-6.2,0.0,0.0,0.0
25.48638,0x220,0.0,0.0,1.0,6.25,0.41,0.59,19.40625,19.375,18.90625,19.125,-6.2,0.0,0.0,0.0
25.48662,0x386,0.0,0.0,1.0,6.25,0.41,0.59,19.5,19.5,18.875,18.9375,-6.2,0.0,0.0,0.0
25.48733,0x316,0.0,0.0,1.0,6.25,0.41,0.59,19.5,19.5,18.875,18.9375,-6.2,0.0,0.0,0.0
25.48934,0x2B0,0.0,0.0,1.0,6.25,0.41,0.59,19.5,19.5,18.875,18.9375,-6.2,0.0,0.0,0.0
25.49639,0x220,0.0,0.0,1.0,6.25,0.36,0.49,19.5,19.5,18.875,18.9375,-6.2,0.0,0.0,0.0
25.49751,0x316,0.0,0.0,1.0,6.25,0.36,0.49,19.5,19.5,18.875,18.9375,-6.2,0.0,0.0,0.0
25.49933,0x2B0,0.0,0.0,1.0,6.25,0.36,0.49,19.5,19.5,18.875,18.9375,-6.2,0.0,0.0,0.0
25.50638,0x220,0.0,0.0,1.0,6.25,0.42,0.36,19.5,19.5,18.875,18.9375,-6.2,0.0,0.0,0.0
25.50661,0x386,0.0,0.0,1.0,6.25,0.42,0.36,19.5,19.4375,18.9375,19.03125,-6.2,0.0,0.0,0.0
25.50732,0x316,0.0,0.0,1.0,6.25,0.42,0.36,19.5,19.4375,18.9375,19.03125,-6.2,0.0,0.0,0.0
25.50931,0x2B0,0.0,0.0,1.0,6.25,0.42,0.36,19.5,19.4375,18.9375,19.03125,-6.4,8.0,0.0,0.0
25.51638,0x220,0.0,0.0,1.0,6.25,0.55,0.35,19.5,19.4375,18.9375,19.03125,-6.4,8.0,0.0,0.0
25.51717,0x316,0.0,0.0,1.0,6.25,0.55,0.35,19.5,19.4375,18.9375,19.03125,-6.4,8.0,0.0,0.0
25.51926,0x2B0,0.0,0.0,1.0,6.25,0.55,0.35,19.5,19.4375,18.9375,19.03125,-6.4,8.0,0.0,0.0
25.52639,0x220,0.0,0.0,1.0,6.25,0.65,0.42,19.5,19.4375,18.9375,19.03125,-6.4,8.0,0.0,0.0
25.52662,0x386,0.0,0.0,1.0,6.25,0.65,0.42,19.5,19.40625,18.96875,19.0625,-6.4,8.0,0.0,0.0
25.52734,0x316,0.0,0.0,1.0,6.25,0.65,0.42,19.5,19.40625,18.96875,19.0625,-6.4,8.0,0.0,0.0
25.52931,0x2B0,0.0,0.0,1.0,6.25,0.65,0.42,19.5,19.40625,18.96875,19.0625,-6.4,0.0,0.0,0.0
25.53638,0x220,0.0,0.0,1.0,6.25,0.72,0.49,19.5,19.40625,18.96875,19.0625,-6.4,0.0,0.0,0.0
25.53724,0x316,0.0,0.0,1.0,6.25,0.72,0.49,19.5,19.40625,18.96875,19.0625,-6.4,0.0,0.0,0.0
25.53931,0x2B0,0.0,0.0,1.0,6.25,0.72,0.49,19.5,19.40625,18.96875,19.0625,-6.4,0.0,0.0,0.0
25.54637,0x220,0.0,0.0,1.0,6.25,0.71,0.49,19.5,19.40625,18.96875,19.0625,-6.4,0.0,0.0,0.0
25.54661,0x386,0.0,0.0,1.0,6.25,0.71,0.49,19.5,19.53125,18.90625,18.96875,-6.4,0.0,0.0,0.0
25.54732,0x316,0.0,0.0,1.0,6.25,0.71,0.49,19.5,19.53125,18.90625,18.96875,-6.4,0.0,0.0,0.0
25.54931,0x2B0,0.0,0.0,1.0,6.25,0.71,0.49,19.5,19.53125,18.90625,18.96875,-6.4,0.0,0.0,0.0
25.55638,0x220,0.0,0.0,1.0,6.25,0.73,0.38,19.5,19.53125,18.90625,18.96875,-6.4,0.0,0.0,0.0
25.5572,0x316,0.0,0.0,1.0,6.25,0.73,0.38,19.5,19.53125,18.90625,18.96875,-6.4,0.0,0.0,0.0
25.55925,0x2B0,0.0,0.0,1.0,6.25,0.73,0.38,19.5,19.53125,18.90625,18.96875,-6.4,0.0,0.0,0.0
25.56639,0x220,0.0,0.0,1.0,6.25,0.78,0.25,19.5,19.53125,18.90625,18.96875,-6.4,0.0,0.0,0.0
25.56662,0x386,0.0,0.0,1.0,6.25,0.78,0.25,19.25,19.34375,18.875,19.0,-6.4,0.0,0.0,0.0
25.56758,0x316,0.0,0.0,1.0,6.25,0.78,0.25,19.25,19.34375,18.875,19.0,-6.4,0.0,0.0,0.0
25.56926,0x2B0,0.0,0.0,1.0,6.25,0.78,0.25,19.25,19.34375,18.875,19.0,-6.4,0.0,0.0,0.0
25.57639,0x220,0.0,0.0,1.0,6.25,0.75,0.16,19.25,19.34375,18.875,19.0,-6.4,0.0,0.0,0.0
25.57751,0x316,0.0,0.0,1.0,6.25,0.75,0.16,19.25,19.34375,18.875,19.0,-6.4,0.0,0.0,0.0
25.57927,0x2B0,0.0,0.0,1.0,6.25,0.75,0.16,19.25,19.34375,18.875,19.0,-6.4,0.0,0.0,0.0
25.58638,0x220,0.0,0.0,1.0,6.25,0.73,0.21,19.25,19.34375,18.875,19.0,-6.4,0.0,0.0,0.0
25.58661,0x386,0.0,0.0,1.0,6.25,0.73,0.21,19.5625,19.375,19.0,19.0,-6.4,0.0,0.0,0.0
25.58733,0x316,0.0,0.0,1.0,6.25,0.73,0.21,19.5625,19.375,19.0,19.0,-6.4,0.0,0.0,0.0
25.58933,0x2B0,0.0,0.0,1.0,6.25,0.73,0.21,19.5625,19.375,19.0,19.0,-6.4,0.0,0.0,0.0
25.59639,0x220,0.0,0.0,1.0,6.25,0.8,0.35,19.5625,19.375,19.0,19.0,-6.4,0.0,0.0,0.0
25.5975,0x316,0.0,0.0,1.0,6.25,0.8,0.35,19.5625,19.375,19.0,19.0,-6.4,0.0,0.0,0.0
25.59927,0x2B0,0.0,0.0,1.0,6.25,0.8,0.35,19.5625,19.375,19.0,19.0,-6.3,0.0,0.0,0.0
25.60638,0x220,0.0,0.0,1.0,6.25,0.91,0.39,19.5625,19.375,19.0,19.0,-6.3,0.0,0.0,0.0
25.60661,0x386,0.0,0.0,1.0,6.25,0.91,0.39,19.25,19.15625,19.0625,19.0,-6.3,0.0,0.0,0.0
25.60733,0x316,0.0,0.0,1.0,6.25,0.91,0.39,19.25,19.15625,19.0625,19.0,-6.3,0.0,0.0,0.0
25.60931,0x2B0,0.0,0.0,1.0,6.25,0.91,0.39,19.25,19.15625,19.0625,19.0,-6.3,0.0,0.0,0.0
25.61639,0x220,0.0,0.0,1.0,6.25,1.04,0.3,19.25,19.15625,19.0625,19.0,-6.3,0.0,0.0,0.0
25.61724,0x316,0.0,0.0,1.0,6.25,1.04,0.3,19.25,19.15625,19.0625,19.0,-6.3,0.0,0.0,0.0
25.61933,0x2B0,0.0,0.0,1.0,6.25,1.04,0.3,19.25,19.15625,19.0625,19.0,-6.3,0.0,0.0,0.0
25.62639,0x220,0.0,0.0,1.0,6.25,1.16,0.17,19.25,19.15625,19.0625,19.0,-6.3,0.0,0.0,0.0
25.62662,0x386,0.0,0.0,1.0,6.25,1.16,0.17,18.84375,19.03125,18.9375,19.0,-6.3,0.0,0.0,0.0
25.62734,0x316,0.0,0.0,1.0,6.25,1.16,0.17,18.84375,19.03125,18.9375,19.0,-6.3,0.0,0.0,0.0
25.62933,0x2B0,0.0,0.0,1.0,6.25,1.16,0.17,18.84375,19.03125,18.9375,19.0,-6.3,0.0,0.0,0.0
25.63639,0x220,0.0,0.0,1.0,6.25,1.22,0.09,18.84375,19.03125,18.9375,19.0,-6.3,0.0,0.0,0.0
25.63718,0x316,0.0,0.0,1.0,6.25,1.22,0.09,18.84375,19.03125,18.9375,19.0,-6.3,0.0,0.0,0.0
25.63934,0x2B0,0.0,0.0,1.0,6.25,1.22,0.09,18.84375,19.03125,18.9375,19.0,-6.3,0.0,0.0,0.0
25.64639,0x220,0.0,0.0,1.0,6.25,1.29,0.1,18.84375,19.03125,18.9375,19.0,-6.3,0.0,0.0,0.0
25.64661,0x386,0.0,0.0,1.0,6.25,1.29,0.1,19.21875,19.28125,19.0,18.84375,-6.3,0.0,0.0,0.0
25.64733,0x316,0.0,0.0,1.0,6.25,1.29,0.1,19.21875,19.28125,19.0,18.84375,-6.3,0.0,0.0,0.0
25.64933,0x2B0,0.0,0.0,1.0,6.25,1.29,0.1,19.21875,19.28125,19.0,18.84375,-6.3,0.0,0.0,0.0
25.65639,0x220,0.0,0.0,1.0,6.25,1.35,0.14,19.21875,19.28125,19.0,18.84375,-6.3,0.0,0.0,0.0
25.65727,0x316,0.0,0.0,1.0,6.25,1.35,0.14,19.21875,19.28125,19.0,18.84375,-6.3,0.0,0.0,0.0
25.65932,0x2B0,0.0,0.0,1.0,6.25,1.35,0.14,19.21875,19.28125,19.0,18.84375,-6.3,0.0,0.0,0.0
25.6664,0x220,0.0,0.0,1.0,6.25,1.32,0.1,19.21875,19.28125,19.0,18.84375,-6.3,0.0,0.0,0.0
25.66663,0x386,0.0,0.0,1.0,6.25,1.32,0.1,18.78125,19.21875,19.03125,19.0,-6.3,0.0,0.0,0.0
25.66759,0x316,0.0,0.0,1.0,6.25,1.32,0.1,18.78125,19.21875,19.03125,19.0,-6.3,0.0,0.0,0.0
25.66933,0x2B0,0.0,0.0,1.0,6.25,1.32,0.1,18.78125,19.21875,19.03125,19.0,-6.3,0.0,0.0,0.0
25.67639,0x220,0.0,0.0,1.0,6.25,1.23,0.03,18.78125,19.21875,19.03125,19.0,-6.3,0.0,0.0,0.0
25.67755,0x316,0.0,0.0,1.0,6.25,1.23,0.03,18.78125,19.21875,19.03125,19.0,-6.3,0.0,0.0,0.0
25.67932,0x2B0,0.0,0.0,1.0,6.25,1.23,0.03,18.78125,19.21875,19.03125,19.0,-6.3,0.0,0.0,0.0
25.68639,0x220,0.0,0.0,1.0,6.25,1.12,0.03,18.78125,19.21875,19.03125,19.0,-6.3,0.0,0.0,0.0
25.68662,0x386,0.0,0.0,1.0,6.25,1.12,0.03,19.21875,19.1875,18.90625,19.03125,-6.3,0.0,0.0,0.0
25.68733,0x316,0.0,0.0,1.0,6.25,1.12,0.03,19.21875,19.1875,18.90625,19.03125,-6.3,0.0,0.0,0.0
25.68938,0x2B0,0.0,0.0,1.0,6.25,1.12,0.03,19.21875,19.1875,18.90625,19.03125,-6.3,0.0,0.0,0.0
25.69638,0x220,0.0,0.0,1.0,6.25,1.06,0.09,19.21875,19.1875,18.90625,19.03125,-6.3,0.0,0.0,0.0
25.69751,0x316,0.0,0.0,1.0,6.25,1.06,0.09,19.21875,19.1875,18.90625,19.03125,-6.3,0.0,0.0,0.0
25.69934,0x2B0,0.0,0.0,1.0,6.25,1.06,0.09,19.21875,19.1875,18.90625,19.03125,-6.2,0.0,0.0,0.0
25.70638,0x220,0.0,0.0,1.0,6.25,1.07,0.11,19.21875,19.1875,18.90625,19.03125,-6.2,0.0,0.0,0.0
25.70661,0x386,0.0,0.0,1.0,6.25,1.07,0.11,19.15625,19.15625,18.9375,19.03125,-6.2,0.0,0.0,0.0
25.70732,0x316,0.0,0.0,1.0,6.25,1.07,0.11,19.15625,19.15625,18.9375,19.03125,-6.2,0.0,0.0,0.0
25.70931,0x2B0,0.0,0.0,1.0,6.25,1.07,0.11,19.15625,19.15625,18.9375,19.03125,-6.2,0.0,0.0,0.0
25.71638,0x220,0.0,0.0,1.0,6.25,1.12,0.04,19.15625,19.15625,18.9375,19.03125,-6.2,0.0,0.0,0.0
25.71717,0x316,0.0,0.0,1.0,6.25,1.12,0.04,19.15625,19.15625,18.9375,19.03125,-6.2,0.0,0.0,0.0
25.71931,0x2B0,0.0,0.0,1.0,6.25,1.12,0.04,19.15625,19.15625,18.9375,19.03125,-6.2,0.0,0.0,0.0
25.72639,0x220,0.0,0.0,1.0,6.25,1.21,0.03,19.15625,19.15625,18.9375,19.03125,-6.2,0.0,0.0,0.0
25.72662,0x386,0.0,0.0,1.0,6.25,1.21,0.03,19.125,19.125,18.78125,19.0625,-6.2,0.0,0.0,0.0
25.72733,0x316,0.0,0.0,1.0,6.25,1.21,0.03,19.125,19.125,18.78125,19.0625,-6.2,0.0,0.0,0.0
25.72932,0x2B0,0.0,0.0,1.0,6.25,1.21,0.03,19.125,19.125,18.78125,19.0625,-6.2,0.0,0.0,0.0
25.73639,0x220,0.0,0.0,1.0,6.25,1.2,0.14,19.125,19.125,18.78125,19.0625,-6.2,0.0,0.0,0.0
25.73718,0x316,0.0,0.0,1.0,6.25,1.2,0.14,19.125,19.125,18.78125,19.0625,-6.2,0.0,0.0,0.0
25.73932,0x2B0,0.0,0.0,1.0,6.25,1.2,0.14,19.125,19.125,18.78125,19.0625,-6.2,0.0,0.0,0.0
25.74639,0x220,0.0,0.0,1.0,6.25,1.2,0.22,19.125,19.125,18.78125,19.0625,-6.2,0.0,0.0,0.0
25.74662,0x386,0.0,0.0,1.0,6.25,1.2,0.22,19.28125,19.125,18.6875,18.875,-6.2,0.0,0.0,0.0
25.74733,0x316,0.0,0.0,1.0,6.25,1.2,0.22,19.28125,19.125,18.6875,18.875,-6.2,0.0,0.0,0.0
25.74932,0x2B0,0.0,0.0,1.0,6.25,1.2,0.22,19.28125,19.125,18.6875,18.875,-6.2,0.0,0.0,0.0
25.75639,0x220,0.0,0.0,1.0,6.25,1.27,0.18,19.28125,19.125,18.6875,18.875,-6.2,0.0,0.0,0.0
25.75719,0x316,0.0,0.0,1.0,6.25,1.27,0.18,19.28125,19.125,18.6875,18.875,-6.2,0.0,0.0,0.0
25.75931,0x2B0,0.0,0.0,1.0,6.25,1.27,0.18,19.28125,19.125,18.6875,18.875,-6.2,0.0,0.0,0.0
25.7664,0x220,0.0,0.0,1.0,6.25,1.27,0.1,19.28125,19.125,18.6875,18.875,-6.2,0.0,0.0,0.0
25.76663,0x386,0.0,0.0,1.0,6.25,1.27,0.1,19.25,19.125,18.5,18.8125,-6.2,0.0,0.0,0.0
25.76758,0x316,0.0,0.0,1.0,6.25,1.27,0.1,19.25,19.125,18.5,18.8125,-6.2,0.0,0.0,0.0
25.76933,0x2B0,0.0,0.0,1.0,6.25,1.27,0.1,19.25,19.125,18.5,18.8125,-6.2,0.0,0.0,0.0
25.77639,0x220,0.0,0.0,1.0,6.25,1.2,0.04,19.25,19.125,18.5,18.8125,-6.2,0.0,0.0,0.0
25.77738,0x316,0.0,0.0,1.0,6.25,1.2,0.04,19.25,19.125,18.5,18.8125,-6.2,0.0,0.0,0.0
25.77932,0x2B0,0.0,0.0,1.0,6.25,1.2,0.04,19.25,19.125,18.5,18.8125,-6.2,0.0,0.0,0.0
25.78639,0x220,0.0,0.0,1.0,6.25,1.11,0.05,19.25,19.125,18.5,18.8125,-6.2,0.0,0.0,0.0
25.78662,0x386,0.0,0.0,1.0,6.25,1.11,0.05,19.1875,19.0625,18.53125,18.8125,-6.2,0.0,0.0,0.0
25.78733,0x316,0.0,0.0,1.0,6.25,1.11,0.05,19.1875,19.0625,18.53125,18.8125,-6.2,0.0,0.0,0.0
25.78931,0x2B0,0.0,0.0,1.0,6.25,1.11,0.05,19.1875,19.0625,18.53125,18.8125,-6.2,0.0,0.0,0.0
25.79639,0x220,0.0,0.0,1.0,6.25,1.1,0.07,19.1875,19.0625,18.53125,18.8125,-6.2,0.0,0.0,0.0
25.7975,0x316,0.0,0.0,1.0,6.25,1.1,0.07,19.1875,19.0625,18.53125,18.8125,-6.2,0.0,0.0,0.0
25.79931,0x2B0,0.0,0.0,1.0,6.25,1.1,0.07,19.1875,19.0625,18.53125,18.8125,-6.2,0.0,0.0,0.0
25.80639,0x220,0.0,0.0,1.0,6.25,1.19,0.04,19.1875,19.0625,18.53125,18.8125,-6.2,0.0,0.0,0.0
25.80662,0x386,0.0,0.0,1.0,6.25,1.19,0.04,19.0,18.96875,18.4375,18.78125,-6.2,0.0,0.0,0.0
25.80734,0x316,0.0,0.0,1.0,6.25,1.19,0.04,19.0,18.96875,18.4375,18.78125,-6.2,0.0,0.0,0.0
25.80932,0x2B0,0.0,0.0,1.0,6.25,1.19,0.04,19.0,18.96875,18.4375,18.78125,-6.2,0.0,0.0,0.0
25.81639,0x220,0.0,0.0,1.0,6.25,1.32,0.0,19.0,18.96875,18.4375,18.78125,-6.2,0.0,0.0,0.0
25.81719,0x316,0.0,0.0,1.0,6.25,1.32,0.0,19.0,18.96875,18.4375,18.78125,-6.2,0.0,0.0,0.0
25.81931,0x2B0,0.0,0.0,1.0,6.25,1.32,0.0,19.0,18.96875,18.4375,18.78125,-6.2,0.0,0.0,0.0
25.8264,0x220,0.0,0.0,1.0,6.25,1.46,-0.02,19.0,18.96875,18.4375,18.78125,-6.2,0.0,0.0,0.0
25.82663,0x386,0.0,0.0,1.0,6.25,1.46,-0.02,19.125,19.1875,18.59375,18.8125,-6.2,0.0,0.0,0.0
25.82734,0x316,0.0,0.0,1.0,6.25,1.46,-0.02,19.125,19.1875,18.59375,18.8125,-6.2,0.0,0.0,0.0
25.82932,0x2B0,0.0,0.0,1.0,6.25,1.46,-0.02,19.125,19.1875,18.59375,18.8125,-6.2,0.0,0.0,0.0
25.83639,0x220,0.0,0.0,1.0,6.25,1.6,-0.03,19.125,19.1875,18.59375,18.8125,-6.2,0.0,0.0,0.0
25.83719,0x316,0.0,0.0,1.0,6.25,1.6,-0.03,19.125,19.1875,18.59375,18.8125,-6.2,0.0,0.0,0.0
25.83931,0x2B0,0.0,0.0,1.0,6.25,1.6,-0.03,19.125,19.1875,18.59375,18.8125,-6.2,0.0,0.0,0.0
25.84639,0x220,0.0,0.0,1.0,6.25,1.61,-0.07,19.125,19.1875,18.59375,18.8125,-6.2,0.0,0.0,0.0
25.84662,0x386,0.0,0.0,1.0,6.25,1.61,-0.07,18.96875,18.9375,18.78125,18.875,-6.2,0.0,0.0,0.0
25.84734,0x316,0.0,0.0,1.0,6.25,1.61,-0.07,18.96875,18.9375,18.78125,18.875,-6.2,0.0,0.0,0.0
25.84931,0x2B0,0.0,0.0,1.0,6.25,1.61,-0.07,18.96875,18.9375,18.78125,18.875,-6.2,0.0,0.0,0.0
25.85638,0x220,0.0,0.0,1.0,6.25,1.52,-0.12,18.96875,18.9375,18.78125,18.875,-6.2,0.0,0.0,0.0
25.85719,0x316,0.0,0.0,1.0,6.25,1.52,-0.12,18.96875,18.9375,18.78125,18.875,-6.2,0.0,0.0,0.0
25.85931,0x2B0,0.0,0.0,1.0,6.25,1.52,-0.12,18.96875,18.9375,18.78125,18.875,-6.2,0.0,0.0,0.0
25.86641,0x220,0.0,0.0,1.0,6.25,1.45,-0.11,18.96875,18.9375,18.78125,18.875,-6.2,0.0,0.0,0.0
25.86663,0x386,0.0,0.0,1.0,6.25,1.45,-0.11,18.9375,18.9375,18.84375,18.78125,-6.2,0.0,0.0,0.0
25.86759,0x316,0.0,0.0,1.0,6.25,1.45,-0.11,18.9375,18.9375,18.84375,18.78125,-6.2,0.0,0.0,0.0
25.86934,0x2B0,0.0,0.0,1.0,6.25,1.45,-0.11,18.9375,18.9375,18.84375,18.78125,-6.2,0.0,0.0,0.0
25.87639,0x220,0.0,0.0,1.0,6.25,1.45,-0.09,18.9375,18.9375,18.84375,18.78125,-6.2,0.0,0.0,0.0
25.87762,0x316,0.0,0.0,1.0,6.25,1.45,-0.09,18.9375,18.9375,18.84375,18.78125,-6.2,0.0,0.0,0.0
25.87935,0x2B0,0.0,0.0,1.0,6.25,1.45,-0.09,18.9375,18.9375,18.84375,18.78125,-6.2,0.0,0.0,0.0
25.88639,0x220,0.0,0.0,1.0,6.25,1.47,-0.19,18.9375,18.9375,18.84375,18.78125,-6.2,0.0,0.0,0.0
25.88661,0x386,0.0,0.0,1.0,6.25,1.47,-0.19,18.8125,18.9375,18.6875,18.78125,-6.2,0.0,0.0,0.0
25.88733,0x316,0.0,0.0,1.0,6.25,1.47,-0.19,18.8125,18.9375,18.6875,18.78125,-6.2,0.0,0.0,0.0
25.88934,0x2B0,0.0,0.0,1.0,6.25,1.47,-0.19,18.8125,18.9375,18.6875,18.78125,-6.2,0.0,0.0,0.0
25.8964,0x220,0.0,0.0,1.0,6.25,1.53,-0.35,18.8125,18.9375,18.6875,18.78125,-6.2,0.0,0.0,0.0
25.89749,0x316,0.0,0.0,1.0,6.25,1.53,-0.35,18.8125,18.9375,18.6875,18.78125,-6.2,0.0,0.0,0.0
25.89933,0x2B0,0.0,0.0,1.0,6.25,1.53,-0.35,18.8125,18.9375,18.6875,18.78125,-6.2,0.0,0.0,0.0
25.90639,0x220,0.0,0.0,1.0,6.25,1.55,-0.42,18.8125,18.9375,18.6875,18.78125,-6.2,0.0,0.0,0.0
25.90662,0x386,0.0,0.0,1.0,6.25,1.55,-0.42,18.96875,19.125,18.28125,18.625,-6.2,0.0,0.0,0.0
25.90733,0x316,0.0,0.0,1.0,6.25,1.55,-0.42,18.96875,19.125,18.28125,18.625,-6.2,0.0,0.0,0.0
25.90934,0x2B0,0.0,0.0,1.0,6.25,1.55,-0.42,18.96875,19.125,18.28125,18.625,-6.2,0.0,0.0,0.0
25.91639,0x220,0.0,0.0,1.0,6.25,1.46,-0.36,18.96875,19.125,18.28125,18.625,-6.2,0.0,0.0,0.0
25.91722,0x316,0.0,0.0,1.0,6.25,1.46,-0.36,18.96875,19.125,18.28125,18.625,-6.2,0.0,0.0,0.0
25.91932,0x2B0,0.0,0.0,1.0,6.25,1.46,-0.36,18.96875,19.125,18.28125,18.625,-6.2,0.0,0.0,0.0
25.9264,0x220,0.0,0.0,1.0,6.25,1.32,-0.26,18.96875,19.125,18.28125,18.625,-6.2,0.0,0.0,0.0
25.92663,0x386,0.0,0.0,1.0,6.25,1.32,-0.26,19.0,19.0625,18.40625,18.28125,-6.2,0.0,0.0,0.0
25.92734,0x316,0.0,0.0,1.0,6.25,1.32,-0.26,19.0,19.0625,18.40625,18.28125,-6.2,0.0,0.0,0.0
25.92933,0x2B0,0.0,0.0,1.0,6.25,1.32,-0.26,19.0,19.0625,18.40625,18.28125,-6.2,0.0,0.0,0.0
25.9364,0x220,0.0,0.0,1.0,6.25,1.21,-0.17,19.0,19.0625,18.40625,18.28125,-6.2,0.0,0.0,0.0
25.93717,0x316,0.0,0.0,1.0,6.25,1.21,-0.17,19.0,19.0625,18.40625,18.28125,-6.2,0.0,0.0,0.0
25.93933,0x2B0,0.0,0.0,1.0,6.25,1.21,-0.17,19.0,19.0625,18.40625,18.28125,-6.2,0.0,0.0,0.0
25.94639,0x220,0.0,0.0,1.0,6.25,1.17,-0.12,19.0,19.0625,18.40625,18.28125,-6.2,0.0,0.0,0.0
25.94662,0x386,0.0,0.0,1.0,6.25,1.17,-0.12,19.0625,19.03125,18.53125,18.40625,-6.2,0.0,0.0,0.0
25.94734,0x316,0.0,0.0,1.0,6.25,1.17,-0.12,19.0625,19.03125,18.53125,18.40625,-6.2,0.0,0.0,0.0
25.94932,0x2B0,0.0,0.0,1.0,6.25,1.17,-0.12,19.0625,19.03125,18.53125,18.40625,-6.2,0.0,0.0,0.0
25.95639,0x220,0.0,0.0,1.0,6.25,1.23,-0.15,19.0625,19.03125,18.53125,18.40625,-6.2,0.0,0.0,0.0
25.95725,0x316,0.0,0.0,1.0,6.25,1.23,-0.15,19.0625,19.03125,18.53125,18.40625,-6.2,0.0,0.0,0.0
25.95932,0x2B0,0.0,0.0,1.0,6.25,1.23,-0.15,19.0625,19.03125,18.53125,18.40625,-6.2,0.0,0.0,0.0
25.96641,0x220,0.0,0.0,1.0,6.25,1.39,-0.16,19.0625,19.03125,18.53125,18.40625,-6.2,0.0,0.0,0.0
25.96663,0x386,0.0,0.0,1.0,6.25,1.39,-0.16,18.96875,19.03125,18.75,18.875,-6.2,0.0,0.0,0.0
25.96759,0x316,0.0,0.0,1.0,6.25,1.39,-0.16,18.96875,19.03125,18.75,18.875,-6.2,0.0,0.0,0.0
25.96932,0x2B0,0.0,0.0,1.0,6.25,1.39,-0.16,18.96875,19.03125,18.75,18.875,-6.2,0.0,0.0,0.0
25.9764,0x220,0.0,0.0,1.0,6.25,1.52,-0.11,18.96875,19.03125,18.75,18.875,-6.2,0.0,0.0,0.0
25.97736,0x316,0.0,0.0,1.0,6.25,1.52,-0.11,18.96875,19.03125,18.75,18.875,-6.2,0.0,0.0,0.0
25.97932,0x2B0,0.0,0.0,1.0,6.25,1.52,-0.11,18.96875,19.03125,18.75,18.875,-6.2,0.0,0.0,0.0
25.98639,0x220,0.0,0.0,1.0,6.25,1.58,-0.08,18.96875,19.03125,18.75,18.875,-6.2,0.0,0.0,0.0
25.98662,0x386,0.0,0.0,1.0,6.25,1.58,-0.08,18.90625,18.9375,18.875,18.78125,-6.2,0.0,0.0,0.0
25.98733,0x316,0.0,0.0,1.0,6.25,1.58,-0.08,18.90625,18.9375,18.875,18.78125,-6.2,0.0,0.0,0.0
25.98931,0x2B0,0.0,0.0,1.0,6.25,1.58,-0.08,18.90625,18.9375,18.875,18.78125,-6.2,0.0,0.0,0.0
25.99639,0x220,0.0,0.0,1.0,6.25,1.6,-0.09,18.90625,18.9375,18.875,18.78125,-6.2,0.0,0.0,0.0
25.9975,0x316,0.0,0.0,1.0,6.25,1.6,-0.09,18.90625,18.9375,18.875,18.78125,-6.2,0.0,0.0,0.0
25.99932,0x2B0,0.0,0.0,1.0,6.25,1.6,-0.09,18.90625,18.9375,18.875,18.78125,-6.2,0.0,0.0,0.0
26.00639,0x220,0.0,0.0,1.0,6.25,1.55,-0.04,18.90625,18.9375,18.875,18.78125,-6.2,0.0,0.0,0.0
26.00662,0x386,0.0,0.0,1.0,6.25,1.55,-0.04,18.875,18.90625,18.84375,18.75,-6.2,0.0,0.0,0.0
26.00734,0x316,0.0,0.0,1.0,6.25,1.55,-0.04,18.875,18.90625,18.84375,18.75,-6.2,0.0,0.0,0.0
26.00932,0x2B0,0.0,0.0,1.0,6.25,1.55,-0.04,18.875,18.90625,18.84375,18.75,-6.2,0.0,0.0,0.0
26.01639,0x220,0.0,0.0,1.0,6.25,1.5,-0.01,18.875,18.90625,18.84375,18.75,-6.2,0.0,0.0,0.0
26.01718,0x316,0.0,0.0,1.0,6.25,1.5,-0.01,18.875,18.90625,18.84375,18.75,-6.2,0.0,0.0,0.0
26.01931,0x2B0,0.0,0.0,1.0,6.25,1.5,-0.01,18.875,18.90625,18.84375,18.75,-6.2,0.0,0.0,0.0
26.0264,0x220,0.0,0.0,1.0,6.25,1.4,-0.02,18.875,18.90625,18.84375,18.75,-6.2,0.0,0.0,0.0
26.02662,0x386,0.0,0.0,1.0,6.25,1.4,-0.02,18.9375,18.90625,18.6875,18.75,-6.2,0.0,0.0,0.0
26.02734,0x316,0.0,0.0,1.0,6.25,1.4,-0.02,18.9375,18.90625,18.6875,18.75,-6.2,0.0,0.0,0.0
26.02932,0x2B0,0.0,0.0,1.0,6.25,1.4,-0.02,18.9375,18.90625,18.6875,18.75,-6.2,0.0,0.0,0.0
26.0364,0x220,0.0,0.0,1.0,6.25,1.25,0.0,18.9375,18.90625,18.6875,18.75,-6.2,0.0,0.0,0.0
26.03725,0x316,0.0,0.0,1.0,6.25,1.25,0.0,18.9375,18.90625,18.6875,18.75,-6.2,0.0,0.0,0.0
26.03932,0x2B0,0.0,0.0,1.0,6.25,1.25,0.0,18.9375,18.90625,18.6875,18.75,-6.2,0.0,0.0,0.0
26.04639,0x220,0.0,0.0,1.0,6.25,1.11,0.05,18.9375,18.90625,18.6875,18.75,-6.2,0.0,0.0,0.0
26.04662,0x386,0.0,0.0,1.0,6.25,1.11,0.05,18.96875,19.0,18.5625,18.75,-6.2,0.0,0.0,0.0
26.04734,0x316,0.0,0.0,1.0,6.25,1.11,0.05,18.96875,19.0,18.5625,18.75,-6.2,0.0,0.0,0.0
26.0493,0x2B0,0.0,0.0,1.0,6.25,1.11,0.05,18.96875,19.0,18.5625,18.75,-6.2,0.0,0.0,0.0
26.0564,0x220,0.0,0.0,1.0,6.25,1.0,0.1,18.96875,19.0,18.5625,18.75,-6.2,0.0,0.0,0.0
26.05719,0x316,0.0,0.0,1.0,6.25,1.0,0.1,18.96875,19.0,18.5625,18.75,-6.2,0.0,0.0,0.0
26.05932,0x2B0,0.0,0.0,1.0,6.25,1.0,0.1,18.96875,19.0,18.5625,18.75,-6.2,0.0,0.0,0.0
26.06641,0x220,0.0,0.0,1.0,6.25,0.94,0.14,18.96875,19.0,18.5625,18.75,-6.2,0.0,0.0,0.0
26.06663,0x386,0.0,0.0,1.0,6.25,0.94,0.14,19.0,19.03125,18.5,18.6875,-6.2,0.0,0.0,0.0
26.06759,0x316,0.0,0.0,1.0,6.25,0.94,0.14,19.0,19.03125,18.5,18.6875,-6.2,0.0,0.0,0.0
26.06931,0x2B0,0.0,0.0,1.0,6.25,0.94,0.14,19.0,19.03125,18.5,18.6875,-6.2,0.0,0.0,0.0
26.07639,0x220,0.0,0.0,1.0,6.25,0.94,0.22,19.0,19.03125,18.5,18.6875,-6.2,0.0,0.0,0.0
26.07766,0x316,0.0,0.0,1.0,6.25,0.94,0.22,19.0,19.03125,18.5,18.6875,-6.2,0.0,0.0,0.0
26.07931,0x2B0,0.0,0.0,1.0,6.25,0.94,0.22,19.0,19.03125,18.5,18.6875,-6.2,0.0,0.0,0.0
26.08639,0x220,0.0,0.0,1.0,6.25,0.98,0.29,19.0,19.03125,18.5,18.6875,-6.2,0.0,0.0,0.0
26.08662,0x386,0.0,0.0,1.0,6.25,0.98,0.29,19.0,19.0,18.59375,18.6875,-6.2,0.0,0.0,0.0
26.08734,0x316,0.0,0.0,1.0,6.25,0.98,0.29,19.0,19.0,18.59375,18.6875,-6.2,0.0,0.0,0.0
26.08931,0x2B0,0.0,0.0,1.0,6.25,0.98,0.29,19.0,19.0,18.59375,18.6875,-6.2,0.0,0.0,0.0
26.0964,0x220,0.0,0.0,1.0,6.25,1.1,0.35,19.0,19.0,18.59375,18.6875,-6.2,0.0,0.0,0.0
26.09747,0x316,0.0,0.0,1.0,6.25,1.1,0.35,19.0,19.0,18.59375,18.6875,-6.2,0.0,0.0,0.0
26.0993,0x2B0,0.0,0.0,1.0,6.25,1.1,0.35,19.0,19.0,18.59375,18.6875,-6.2,0.0,0.0,0.0
26.1064,0x220,0.0,0.0,1.0,6.25,1.22,0.39,19.0,19.0,18.59375,18.6875,-6.2,0.0,0.0,0.0
26.10663,0x386,0.0,0.0,1.0,6.25,1.22,0.39,19.0625,19.0,18.5625,18.65625,-6.2,0.0,0.0,0.0
26.10734,0x316,0.0,0.0,1.0,6.25,1.22,0.39,19.0625,19.0,18.5625,18.65625,-6.2,0.0,0.0,0.0
26.10931,0x2B0,0.0,0.0,1.0,6.25,1.22,0.39,19.0625,19.0,18.5625,18.65625,-6.2,0.0,0.0,0.0
26.1164,0x220,0.0,0.0,1.0,6.25,1.31,0.38,19.0625,19.0,18.5625,18.65625,-6.2,0.0,0.0,0.0
26.11727,0x316,0.0,0.0,1.0,6.25,1.31,0.38,19.0625,19.0,18.5625,18.65625,-6.2,0.0,0.0,0.0
26.11931,0x2B0,0.0,0.0,1.0,6.25,1.31,0.38,19.0625,19.0,18.5625,18.65625,-6.2,0.0,0.0,0.0
26.1264,0x220,0.0,0.0,1.0,6.25,1.34,0.35,19.0625,19.0,18.5625,18.65625,-6.2,0.0,0.0,0.0
26.12663,0x386,0.0,0.0,1.0,6.25,1.34,0.35,19.0,18.9375,18.59375,18.75,-6.2,0.0,0.0,0.0
26.12735,0x316,0.0,0.0,1.0,6.25,1.34,0.35,19.0,18.9375,18.59375,18.75,-6.2,0.0,0.0,0.0
26.1293,0x2B0,0.0,0.0,1.0,6.25,1.34,0.35,19.0,18.9375,18.59375,18.75,-6.2,0.0,0.0,0.0
26.1364,0x220,0.0,0.0,1.0,6.25,1.31,0.29,19.0,18.9375,18.59375,18.75,-6.2,0.0,0.0,0.0
26.13722,0x316,0.0,0.0,1.0,6.25,1.31,0.29,19.0,18.9375,18.59375,18.75,-6.2,0.0,0.0,0.0
26.13931,0x2B0,0.0,0.0,1.0,6.25,1.31,0.29,19.0,18.9375,18.59375,18.75,-6.2,0.0,0.0,0.0
26.1464,0x220,0.0,0.0,1.0,6.25,1.27,0.26,19.0,18.9375,18.59375,18.75,-6.2,0.0,0.0,0.0
26.14663,0x386,0.0,0.0,1.0,6.25,1.27,0.26,19.0,18.90625,18.59375,18.65625,-6.2,0.0,0.0,0.0
26.14735,0x316,0.0,0.0,1.0,6.25,1.27,0.26,19.0,18.90625,18.59375,18.65625,-6.2,0.0,0.0,0.0
26.14931,0x2B0,0.0,0.0,1.0,6.25,1.27,0.26,19.0,18.90625,18.59375,18.65625,-6.2,0.0,0.0,0.0
26.15639,0x220,0.0,0.0,1.0,6.25,1.18,0.28,19.0,18.90625,18.59375,18.65625,-6.2,0.0,0.0,0.0
26.15724,0x316,0.0,0.0,1.0,6.25,1.18,0.28,19.0,18.90625,18.59375,18.65625,-6.2,0.0,0.0,0.0
26.15932,0x2B0,0.0,0.0,1.0,6.25,1.18,0.28,19.0,18.90625,18.59375,18.65625,-6.2,0.0,0.0,0.0
26.16642,0x220,0.0,0.0,1.0,6.25,1.1,0.29,19.0,18.90625,18.59375,18.65625,-6.2,0.0,0.0,0.0
26.16666,0x386,0.0,0.0,1.0,6.25,1.1,0.29,19.0,18.90625,18.65625,18.71875,-6.2,0.0,0.0,0.0
26.16761,0x316,0.0,0.0,1.0,6.25,1.1,0.29,19.0,18.90625,18.65625,18.71875,-6.2,0.0,0.0,0.0
26.16931,0x2B0,0.0,0.0,1.0,6.25,1.1,0.29,19.0,18.90625,18.65625,18.71875,-6.2,0.0,0.0,0.0
26.1764,0x220,0.0,0.0,1.0,6.25,1.04,0.29,19.0,18.90625,18.65625,18.71875,-6.2,0.0,0.0,0.0
26.17743,0x316,0.0,0.0,1.0,6.25,1.04,0.29,19.0,18.90625,18.65625,18.71875,-6.2,0.0,0.0,0.0
26.1793,0x2B0,0.0,0.0,1.0,6.25,1.04,0.29,19.0,18.90625,18.65625,18.71875,-6.2,0.0,0.0,0.0
26.18639,0x220,0.0,0.0,1.0,6.25,1.03,0.28,19.0,18.90625,18.65625,18.71875,-6.2,0.0,0.0,0.0
26.18662,0x386,0.0,0.0,1.0,6.25,1.03,0.28,19.0,19.0,18.59375,18.65625,-6.2,0.0,0.0,0.0
26.18734,0x316,0.0,0.0,1.0,6.25,1.03,0.28,19.0,19.0,18.59375,18.65625,-6.2,0.0,0.0,0.0
26.1893,0x2B0,0.0,0.0,1.0,6.25,1.03,0.28,19.0,19.0,18.59375,18.65625,-6.2,0.0,0.0,0.0
26.1964,0x220,0.0,0.0,1.0,6.25,1.07,0.26,19.0,19.0,18.59375,18.65625,-6.2,0.0,0.0,0.0
26.19749,0x316,0.0,0.0,1.0,6.25,1.07,0.26,19.0,19.0,18.59375,18.65625,-6.2,0.0,0.0,0.0
26.19931,0x2B0,0.0,0.0,1.0,6.25,1.07,0.26,19.0,19.0,18.59375,18.65625,-6.2,0.0,0.0,0.0
26.2064,0x220,0.0,0.0,1.0,6.25,1.05,0.24,19.0,19.0,18.59375,18.65625,-6.2,0.0,0.0,0.0
26.20663,0x386,0.0,0.0,1.0,6.25,1.05,0.24,19.0,18.96875,18.53125,18.6875,-6.2,0.0,0.0,0.0
26.20735,0x316,0.0,0.0,1.0,6.25,1.05,0.24,19.0,18.96875,18.53125,18.6875,-6.2,0.0,0.0,0.0
26.20929,0x2B0,0.0,0.0,1.0,6.25,1.05,0.24,19.0,18.96875,18.53125,18.6875,-6.2,0.0,0.0,0.0
26.21641,0x220,0.0,0.0,1.0,6.25,1.02,0.2,19.0,18.96875,18.53125,18.6875,-6.2,0.0,0.0,0.0
26.21724,0x316,0.0,0.0,1.0,6.25,1.02,0.2,19.0,18.96875,18.53125,18.6875,-6.2,0.0,0.0,0.0
26.2193,0x2B0,0.0,0.0,1.0,6.25,1.02,0.2,19.0,18.96875,18.53125,18.6875,-6.2,0.0,0.0,0.0
26.2264,0x220,0.0,0.0,1.0,6.25,1.03,0.19,19.0,18.96875,18.53125,18.6875,-6.2,0.0,0.0,0.0
26.22663,0x386,0.0,0.0,1.0,6.25,1.03,0.19,19.03125,19.0625,18.5,18.65625,-6.2,0.0,0.0,0.0
26.22734,0x316,0.0,0.0,1.0,6.25,1.03,0.19,19.03125,19.0625,18.5,18.65625,-6.2,0.0,0.0,0.0
26.2293,0x2B0,0.0,0.0,1.0,6.25,1.03,0.19,19.03125,19.0625,18.5,18.65625,-6.2,0.0,0.0,0.0
26.23641,0x220,0.0,0.0,1.0,6.25,1.04,0.19,19.03125,19.0625,18.5,18.65625,-6.2,0.0,0.0,0.0
26.23732,0x316,0.0,0.0,1.0,6.25,1.04,0.19,19.03125,19.0625,18.5,18.65625,-6.2,0.0,0.0,0.0
26.2393,0x2B0,0.0,0.0,1.0,6.25,1.04,0.19,19.03125,19.0625,18.5,18.65625,-6.2,0.0,0.0,0.0
26.2464,0x220,0.0,0.0,1.0,6.25,1.05,0.23,19.03125,19.0625,18.5,18.65625,-6.2,0.0,0.0,0.0
26.24663,0x386,0.0,0.0,1.0,6.25,1.05,0.23,18.9375,19.0,18.5,18.65625,-6.2,0.0,0.0,0.0
26.24735,0x316,0.0,0.0,1.0,6.25,1.05,0.23,18.9375,19.0,18.5,18.65625,-6.2,0.0,0.0,0.0
26.24931,0x2B0,0.0,0.0,1.0,6.25,1.05,0.23,18.9375,19.0,18.5,18.65625,-6.2,0.0,0.0,0.0
26.25641,0x220,0.0,0.0,1.0,6.25,1.08,0.31,18.9375,19.0,18.5,18.65625,-6.2,0.0,0.0,0.0
26.25725,0x316,0.0,0.0,1.0,6.25,1.08,0.31,18.9375,19.0,18.5,18.65625,-6.2,0.0,0.0,0.0
26.2593,0x2B0,0.0,0.0,1.0,6.25,1.08,0.31,18.9375,19.0,18.5,18.65625,-6.2,0.0,0.0,0.0
26.2664,0x220,0.0,0.0,1.0,6.25,1.09,0.37,18.9375,19.0,18.5,18.65625,-6.2,0.0,0.0,0.0
26.26663,0x386,0.0,0.0,1.0,6.25,1.09,0.37,18.96875,19.03125,18.625,18.65625,-6.2,0.0,0.0,0.0
26.2676,0x316,0.0,0.0,1.0,6.25,1.09,0.37,18.96875,19.03125,18.625,18.65625,-6.2,0.0,0.0,0.0
26.26931,0x2B0,0.0,0.0,1.0,6.25,1.09,0.37,18.96875,19.03125,18.625,18.65625,-6.2,0.0,0.0,0.0
26.2764,0x220,0.0,0.0,1.0,6.25,1.09,0.36,18.96875,19.03125,18.625,18.65625,-6.2,0.0,0.0,0.0
26.2777,0x316,0.0,0.0,1.0,6.25,1.09,0.36,18.96875,19.03125,18.625,18.65625,-6.2,0.0,0.0,0.0
26.27931,0x2B0,0.0,0.0,1.0,6.25,1.09,0.36,18.96875,19.03125,18.625,18.65625,-6.2,0.0,0.0,0.0
26.2864,0x220,0.0,0.0,1.0,6.25,1.12,0.35,18.96875,19.03125,18.625,18.65625,-6.2,0.0,0.0,0.0
26.28663,0x386,0.0,0.0,1.0,6.25,1.12,0.35,19.21875,19.0,18.53125,18.53125,-6.2,0.0,0.0,0.0
26.28735,0x316,0.0,0.0,1.0,6.25,1.12,0.35,19.21875,19.0,18.53125,18.53125,-6.2,0.0,0.0,0.0
26.2893,0x2B0,0.0,0.0,1.0,6.25,1.12,0.35,19.21875,19.0,18.53125,18.53125,-6.2,0.0,0.0,0.0
26.2964,0x220,0.0,0.0,1.0,6.25,1.16,0.35,19.21875,19.0,18.53125,18.53125,-6.2,0.0,0.0,0.0
26.29751,0x316,0.0,0.0,1.0,6.25,1.16,0.35,19.21875,19.0,18.53125,18.53125,-6.2,0.0,0.0,0.0
26.2993,0x2B0,0.0,0.0,1.0,6.25,1.16,0.35,19.21875,19.0,18.53125,18.53125,-6.2,0.0,0.0,0.0
26.3064,0x220,0.0,0.0,1.0,6.25,1.19,0.31,19.21875,19.0,18.53125,18.53125,-6.2,0.0,0.0,0.0
26.30663,0x386,0.0,0.0,1.0,6.25,1.19,0.31,19.0625,19.0,18.46875,18.5625,-6.2,0.0,0.0,0.0
26.30735,0x316,0.0,0.0,1.0,6.25,1.19,0.31,19.0625,19.0,18.46875,18.5625,-6.2,0.0,0.0,0.0
26.3093,0x2B0,0.0,0.0,1.0,6.25,1.19,0.31,19.0625,19.0,18.46875,18.5625,-6.2,0.0,0.0,0.0
26.3164,0x220,0.0,0.0,1.0,6.25,1.22,0.25,19.0625,19.0,18.46875,18.5625,-6.2,0.0,0.0,0.0
26.3173,0x316,0.0,0.0,1.0,6.25,1.22,0.25,19.0625,19.0,18.46875,18.5625,-6.2,0.0,0.0,0.0
26.3193,0x2B0,0.0,0.0,1.0,6.25,1.22,0.25,19.0625,19.0,18.46875,18.5625,-6.2,0.0,0.0,0.0
26.32642,0x220,0.0,0.0,1.0,6.25,1.29,0.21,19.0625,19.0,18.46875,18.5625,-6.2,0.0,0.0,0.0
26.32664,0x386,0.0,0.0,1.0,6.25,1.29,0.21,18.9375,18.875,18.53125,18.53125,-6.2,0.0,0.0,0.0
26.32736,0x316,0.0,0.0,1.0,6.25,1.29,0.21,18.9375,18.875,18.53125,18.53125,-6.2,0.0,0.0,0.0
26.3293,0x2B0,0.0,0.0,1.0,6.25,1.29,0.21,18.9375,18.875,18.53125,18.53125,-6.2,0.0,0.0,0.0
26.3364,0x220,0.0,0.0,1.0,6.25,1.32,0.19,18.9375,18.875,18.53125,18.53125,-6.2,0.0,0.0,0.0
26.33728,0x316,0.0,0.0,1.0,6.25,1.32,0.19,18.9375,18.875,18.53125,18.53125,-6.2,0.0,0.0,0.0
26.3393,0x2B0,0.0,0.0,1.0,6.25,1.32,0.19,18.9375,18.875,18.53125,18.53125,-6.2,0.0,0.0,0.0
26.3464,0x220,0.0,0.0,1.0,6.25,1.23,0.19,18.9375,18.875,18.53125,18.53125,-6.2,0.0,0.0,0.0
26.34663,0x386,0.0,0.0,1.0,6.25,1.23,0.19,19.3125,19.1875,18.59375,18.53125,-6.2,0.0,0.0,0.0
26.34735,0x316,0.0,0.0,1.0,6.25,1.23,0.19,19.3125,19.1875,18.59375,18.53125,-6.2,0.0,0.0,0.0
26.34931,0x2B0,0.0,0.0,1.0,6.25,1.23,0.19,19.3125,19.1875,18.59375,18.53125,-6.2,0.0,0.0,0.0
26.3564,0x220,0.0,0.0,1.0,6.25,1.16,0.21,19.3125,19.1875,18.59375,18.53125,-6.2,0.0,0.0,0.0
26.35736,0x316,0.0,0.0,1.0,6.25,1.16,0.21,19.3125,19.1875,18.59375,18.53125,-6.2,0.0,0.0,0.0
26.3593,0x2B0,0.0,0.0,1.0,6.25,1.16,0.21,19.3125,19.1875,18.59375,18.53125,-6.2,0.0,0.0,0.0
26.36642,0x220,0.0,0.0,1.0,6.25,1.16,0.25,19.3125,19.1875,18.59375,18.53125,-6.2,0.0,0.0,0.0
26.36665,0x386,0.0,0.0,1.0,6.25,1.16,0.25,18.8125,19.0,18.4375,18.59375,-6.2,0.0,0.0,0.0
26.3676,0x316,0.0,0.0,1.0,6.25,1.16,0.25,18.8125,19.0,18.4375,18.59375,-6.2,0.0,0.0,0.0
26.36929,0x2B0,0.0,0.0,1.0,6.25,1.16,0.25,18.8125,19.0,18.4375,18.59375,-6.2,0.0,0.0,0.0
26.37641,0x220,0.0,0.0,1.0,6.25,1.26,0.27,18.8125,19.0,18.4375,18.59375,-6.2,0.0,0.0,0.0
26.37738,0x316,0.0,0.0,1.0,6.25,1.26,0.27,18.8125,19.0,18.4375,18.59375,-6.2,0.0,0.0,0.0
26.3793,0x2B0,0.0,0.0,1.0,6.25,1.26,0.27,18.8125,19.0,18.4375,18.59375,-6.2,0.0,0.0,0.0
26.3864,0x220,0.0,0.0,1.0,6.25,1.43,0.23,18.8125,19.0,18.4375,18.59375,-6.2,0.0,0.0,0.0
26.38663,0x386,0.0,0.0,1.0,6.25,1.43,0.23,18.8125,18.875,18.4375,18.65625,-6.2,0.0,0.0,0.0
26.38735,0x316,0.0,0.0,1.0,6.25,1.43,0.23,18.8125,18.875,18.4375,18.65625,-6.2,0.0,0.0,0.0
26.38937,0x2B0,0.0,0.0,1.0,6.25,1.43,0.23,18.8125,18.875,18.4375,18.65625,-6.2,0.0,0.0,0.0
26.39641,0x220,0.0,0.0,1.0,6.25,1.56,0.16,18.8125,18.875,18.4375,18.65625,-6.2,0.0,0.0,0.0
26.39755,0x316,0.0,0.0,1.0,6.25,1.56,0.16,18.8125,18.875,18.4375,18.65625,-6.2,0.0,0.0,0.0
26.39935,0x2B0,0.0,0.0,1.0,6.25,1.56,0.16,18.8125,18.875,18.4375,18.65625,-6.2,0.0,0.0,0.0
26.40641,0x220,0.0,0.0,1.0,6.25,1.61,0.12,18.8125,18.875,18.4375,18.65625,-6.2,0.0,0.0,0.0
26.40663,0x386,0.0,0.0,1.0,6.25,1.61,0.12,18.78125,19.28125,18.5625,18.59375,-6.2,0.0,0.0,0.0
26.40735,0x316,0.0,0.0,1.0,6.25,1.61,0.12,18.78125,19.28125,18.5625,18.59375,-6.2,0.0,0.0,0.0
26.40937,0x2B0,0.0,0.0,1.0,6.25,1.61,0.12,18.78125,19.28125,18.5625,18.59375,-6.2,0.0,0.0,0.0
26.4164,0x220,0.0,0.0,1.0,6.25,1.57,0.11,18.78125,19.28125,18.5625,18.59375,-6.2,0.0,0.0,0.0
26.41731,0x316,0.0,0.0,1.0,6.25,1.57,0.11,18.78125,19.28125,18.5625,18.59375,-6.2,0.0,0.0,0.0
26.41932,0x2B0,0.0,0.0,1.0,6.25,1.57,0.11,18.78125,19.28125,18.5625,18.59375,-6.2,0.0,0.0,0.0
26.42641,0x220,0.0,0.0,1.0,6.25,1.47,0.1,18.78125,19.28125,18.5625,18.59375,-6.2,0.0,0.0,0.0
26.42665,0x386,0.0,0.0,1.0,6.25,1.47,0.1,18.75,18.875,18.40625,18.65625,-6.2,0.0,0.0,0.0
26.42737,0x316,0.0,0.0,1.0,6.25,1.47,0.1,18.75,18.875,18.40625,18.65625,-6.2,0.0,0.0,0.0
26.42928,0x2B0,0.0,0.0,1.0,6.25,1.47,0.1,18.75,18.875,18.40625,18.65625,-6.3,0.0,0.0,0.0
26.43641,0x220,0.0,0.0,1.0,6.25,1.41,0.09,18.75,18.875,18.40625,18.65625,-6.3,0.0,0.0,0.0
26.43735,0x316,0.0,0.0,1.0,6.25,1.41,0.09,18.75,18.875,18.40625,18.65625,-6.3,0.0,0.0,0.0
26.43925,0x2B0,0.0,0.0,1.0,6.25,1.41,0.09,18.75,18.875,18.40625,18.65625,-6.3,0.0,0.0,0.0
26.4464,0x220,0.0,0.0,1.0,6.25,1.35,0.08,18.75,18.875,18.40625,18.65625,-6.3,0.0,0.0,0.0
26.44663,0x386,0.0,0.0,1.0,6.25,1.35,0.08,18.875,18.78125,18.375,18.59375,-6.3,0.0,0.0,0.0
26.44734,0x316,0.0,0.0,1.0,6.25,1.35,0.08,18.875,18.78125,18.375,18.59375,-6.3,0.0,0.0,0.0
26.44925,0x2B0,0.0,0.0,1.0,6.25,1.35,0.08,18.875,18.78125,18.375,18.59375,-6.3,0.0,0.0,0.0
26.45641,0x220,0.0,0.0,1.0,6.25,1.32,0.06,18.875,18.78125,18.375,18.59375,-6.3,0.0,0.0,0.0
26.45732,0x316,0.0,0.0,1.0,6.25,1.32,0.06,18.875,18.78125,18.375,18.59375,-6.3,0.0,0.0,0.0
26.45927,0x2B0,0.0,0.0,1.0,6.25,1.32,0.06,18.875,18.78125,18.375,18.59375,-6.3,0.0,0.0,0.0
26.46642,0x220,0.0,0.0,1.0,6.25,1.35,0.03,18.875,18.78125,18.375,18.59375,-6.3,0.0,0.0,0.0
26.46665,0x386,0.0,0.0,1.0,6.25,1.35,0.03,18.84375,18.78125,18.40625,18.59375,-6.3,0.0,0.0,0.0
26.46761,0x316,0.0,0.0,1.0,6.25,1.35,0.03,18.84375,18.78125,18.40625,18.59375,-6.3,0.0,0.0,0.0
26.46925,0x2B0,0.0,0.0,1.0,6.25,1.35,0.03,18.84375,18.78125,18.40625,18.59375,-6.3,0.0,0.0,0.0
26.47641,0x220,0.0,0.0,1.0,6.25,1.37,0.0,18.84375,18.78125,18.40625,18.59375,-6.3,0.0,0.0,0.0
26.47769,0x316,0.0,0.0,1.0,6.25,1.37,0.0,18.84375,18.78125,18.40625,18.59375,-6.3,0.0,0.0,0.0
26.47925,0x2B0,0.0,0.0,1.0,6.25,1.37,0.0,18.84375,18.78125,18.40625,18.59375,-6.3,0.0,0.0,0.0
26.48641,0x220,0.0,0.0,1.0,6.25,1.38,-0.03,18.84375,18.78125,18.40625,18.59375,-6.3,0.0,0.0,0.0
26.48663,0x386,0.0,0.0,1.0,6.25,1.38,-0.03,18.90625,18.90625,18.5,18.6875,-6.3,0.0,0.0,0.0
26.48759,0x316,0.0,0.0,1.0,6.25,1.38,-0.03,18.90625,18.90625,18.5,18.6875,-6.3,0.0,0.0,0.0
26.48927,0x2B0,0.0,0.0,1.0,6.25,1.38,-0.03,18.90625,18.90625,18.5,18.6875,-6.3,0.0,0.0,0.0
26.49641,0x220,0.0,0.0,1.0,6.25,1.35,0.0,18.90625,18.90625,18.5,18.6875,-6.3,0.0,0.0,0.0
26.49734,0x316,0.0,0.0,1.0,6.25,1.35,0.0,18.90625,18.90625,18.5,18.6875,-6.3,0.0,0.0,0.0
26.49926,0x2B0,0.0,0.0,1.0,6.25,1.35,0.0,18.90625,18.90625,18.5,18.6875,-6.3,0.0,0.0,0.0
26.5064,0x220,0.0,0.0,1.0,6.25,1.32,0.03,18.90625,18.90625,18.5,18.6875,-6.3,0.0,0.0,0.0
26.50663,0x386,0.0,0.0,1.0,6.25,1.32,0.03,18.875,18.71875,18.46875,18.625,-6.3,0.0,0.0,0.0
26.50759,0x316,0.0,0.0,1.0,6.25,1.32,0.03,18.875,18.71875,18.46875,18.625,-6.3,0.0,0.0,0.0
26.50927,0x2B0,0.0,0.0,1.0,6.25,1.32,0.03,18.875,18.71875,18.46875,18.625,-6.3,0.0,0.0,0.0
26.51641,0x220,0.0,0.0,1.0,6.25,1.27,0.04,18.875,18.71875,18.46875,18.625,-6.3,0.0,0.0,0.0
26.51734,0x316,0.0,0.0,1.0,6.25,1.27,0.04,18.875,18.71875,18.46875,18.625,-6.3,0.0,0.0,0.0
26.51925,0x2B0,0.0,0.0,1.0,6.25,1.27,0.04,18.875,18.71875,18.46875,18.625,-6.4,0.0,0.0,0.0
26.52641,0x220,0.0,0.0,1.0,6.25,1.22,0.0,18.875,18.71875,18.46875,18.625,-6.4,0.0,0.0,0.0
26.52664,0x386,0.0,0.0,1.0,6.25,1.22,0.0,19.03125,18.96875,18.46875,18.5625,-6.4,0.0,0.0,0.0
26.52759,0x316,0.0,0.0,1.0,6.25,1.22,0.0,19.03125,18.96875,18.46875,18.5625,-6.4,0.0,0.0,0.0
26.52921,0x2B0,0.0,0.0,1.0,6.25,1.22,0.0,19.03125,18.96875,18.46875,18.5625,-6.4,0.0,0.0,0.0
26.53641,0x220,0.0,0.0,1.0,6.25,1.2,0.0,19.03125,18.96875,18.46875,18.5625,-6.4,0.0,0.0,0.0
26.53735,0x316,0.0,0.0,1.0,6.25,1.2,0.0,19.03125,18.96875,18.46875,18.5625,-6.4,0.0,0.0,0.0
26.53928,0x2B0,0.0,0.0,1.0,6.25,1.2,0.0,19.03125,18.96875,18.46875,18.5625,-6.4,0.0,0.0,0.0
26.54641,0x220,0.0,0.0,1.0,6.25,1.17,0.0,19.03125,18.96875,18.46875,18.5625,-6.4,0.0,0.0,0.0
26.54664,0x386,0.0,0.0,1.0,6.25,1.17,0.0,18.875,18.625,18.46875,18.5,-6.4,0.0,0.0,0.0
26.5476,0x316,0.0,0.0,1.0,6.25,1.17,0.0,18.875,18.625,18.46875,18.5,-6.4,0.0,0.0,0.0
26.54927,0x2B0,0.0,0.0,1.0,6.25,1.17,0.0,18.875,18.625,18.46875,18.5,-6.4,0.0,0.0,0.0
26.55641,0x220,0.0,0.0,1.0,6.25,1.14,0.0,18.875,18.625,18.46875,18.5,-6.4,0.0,0.0,0.0
26.55735,0x316,0.0,0.0,1.0,6.25,1.14,0.0,18.875,18.625,18.46875,18.5,-6.4,0.0,0.0,0.0
26.55927,0x2B0,0.0,0.0,1.0,6.25,1.14,0.0,18.875,18.625,18.46875,18.5,-6.6,8.0,0.0,0.0
26.56642,0x220,0.0,0.0,1.0,6.25,1.09,0.0,18.875,18.625,18.46875,18.5,-6.6,8.0,0.0,0.0
26.56665,0x386,0.0,0.0,1.0,6.25,1.09,0.0,18.71875,19.0,18.5,18.53125,-6.6,8.0,0.0,0.0
26.56761,0x316,0.0,0.0,1.0,6.25,1.09,0.0,18.71875,19.0,18.5,18.53125,-6.6,8.0,0.0,0.0
26.56926,0x2B0,0.0,0.0,1.0,6.25,1.09,0.0,18.71875,19.0,18.5,18.53125,-6.6,8.0,0.0,0.0
26.57642,0x220,0.0,0.0,1.0,6.25,1.05,-0.02,18.71875,19.0,18.5,18.53125,-6.6,8.0,0.0,0.0
26.57737,0x316,0.0,0.0,1.0,6.25,1.05,-0.02,18.71875,19.0,18.5,18.53125,-6.6,8.0,0.0,0.0
26.5792,0x2B0,0.0,0.0,1.0,6.25,1.05,-0.02,18.71875,19.0,18.5,18.53125,-6.6,0.0,0.0,0.0
26.58641,0x220,0.0,0.0,1.0,6.25,1.01,0.0,18.71875,19.0,18.5,18.53125,-6.6,0.0,0.0,0.0
26.58664,0x386,0.0,0.0,1.0,6.25,1.01,0.0,18.65625,18.90625,18.46875,18.53125,-6.6,0.0,0.0,0.0
26.5876,0x316,0.0,0.0,1.0,6.25,1.01,0.0,18.65625,18.90625,18.46875,18.53125,-6.6,0.0,0.0,0.0
26.58926,0x2B0,0.0,0.0,1.0,6.25,1.01,0.0,18.65625,18.90625,18.46875,18.53125,-6.6,0.0,0.0,0.0
26.59641,0x220,0.0,0.0,1.0,6.25,1.02,0.05,18.65625,18.90625,18.46875,18.53125,-6.6,0.0,0.0,0.0
26.59761,0x316,0.0,0.0,1.0,6.25,1.02,0.05,18.65625,18.90625,18.46875,18.53125,-6.6,0.0,0.0,0.0
26.59918,0x2B0,0.0,0.0,1.0,6.25,1.02,0.05,18.65625,18.90625,18.46875,18.53125,-6.6,0.0,0.0,0.0
26.60641,0x220,0.0,0.0,1.0,6.25,1.05,0.09,18.65625,18.90625,18.46875,18.53125,-6.6,0.0,0.0,0.0
26.60664,0x386,0.0,0.0,1.0,6.25,1.05,0.09,18.78125,18.90625,18.53125,18.5,-6.6,0.0,0.0,0.0
26.6076,0x316,0.0,0.0,1.0,6.25,1.05,0.09,18.78125,18.90625,18.53125,18.5,-6.6,0.0,0.0,0.0
26.60926,0x2B0,0.0,0.0,1.0,6.25,1.05,0.09,18.78125,18.90625,18.53125,18.5,-6.6,0.0,0.0,0.0
26.61641,0x220,0.0,0.0,1.0,6.25,1.03,0.1,18.78125,18.90625,18.53125,18.5,-6.6,0.0,0.0,0.0
26.61738,0x316,0.0,0.0,1.0,6.25,1.03,0.1,18.78125,18.90625,18.53125,18.5,-6.6,0.0,0.0,0.0
26.61925,0x2B0,0.0,0.0,1.0,6.25,1.03,0.1,18.78125,18.90625,18.53125,18.5,-6.7,0.0,0.0,0.0
26.62642,0x220,0.0,0.0,1.0,6.25,1.0,0.12,18.78125,18.90625,18.53125,18.5,-6.7,0.0,0.0,0.0
26.62664,0x386,0.0,0.0,1.0,6.25,1.0,0.12,18.875,18.90625,18.53125,18.4375,-6.7,0.0,0.0,0.0
26.6276,0x316,0.0,0.0,1.0,6.25,1.0,0.12,18.875,18.90625,18.53125,18.4375,-6.7,0.0,0.0,0.0
26.62926,0x2B0,0.0,0.0,1.0,6.25,1.0,0.12,18.875,18.90625,18.53125,18.4375,-6.7,0.0,0.0,0.0
26.63641,0x220,0.0,0.0,1.0,6.25,1.01,0.18,18.875,18.90625,18.53125,18.4375,-6.7,0.0,0.0,0.0
26.63739,0x316,0.0,0.0,1.0,6.25,1.01,0.18,18.875,18.90625,18.53125,18.4375,-6.7,0.0,0.0,0.0
26.63924,0x2B0,0.0,0.0,1.0,6.25,1.01,0.18,18.875,18.90625,18.53125,18.4375,-6.7,0.0,0.0,0.0
26.64641,0x220,0.0,0.0,1.0,6.25,1.05,0.19,18.875,18.90625,18.53125,18.4375,-6.7,0.0,0.0,0.0
26.64664,0x386,0.0,0.0,1.0,6.25,1.05,0.19,18.90625,18.9375,18.59375,18.4375,-6.7,0.0,0.0,0.0
26.6476,0x316,0.0,0.0,1.0,6.25,1.05,0.19,18.90625,18.9375,18.59375,18.4375,-6.7,0.0,0.0,0.0
26.64925,0x2B0,0.0,0.0,1.0,6.25,1.05,0.19,18.90625,18.9375,18.59375,18.4375,-6.7,0.0,0.0,0.0
26.65642,0x220,0.0,0.0,1.0,6.25,1.09,0.12,18.90625,18.9375,18.59375,18.4375,-6.7,0.0,0.0,0.0
26.65739,0x316,0.0,0.0,1.0,6.25,1.09,0.12,18.90625,18.9375,18.59375,18.4375,-6.7,0.0,0.0,0.0
26.65926,0x2B0,0.0,0.0,1.0,6.25,1.09,0.12,18.90625,18.9375,18.59375,18.4375,-6.8,0.0,0.0,0.0
26.66641,0x220,0.0,0.0,1.0,6.25,1.13,0.07,18.90625,18.9375,18.59375,18.4375,-6.8,0.0,0.0,0.0
26.66664,0x386,0.0,0.0,1.0,6.25,1.13,0.07,18.78125,18.9375,18.5625,18.5625,-6.8,0.0,0.0,0.0
26.6676,0x316,0.0,0.0,1.0,6.25,1.13,0.07,18.78125,18.9375,18.5625,18.5625,-6.8,0.0,0.0,0.0
26.6692,0x2B0,0.0,0.0,1.0,6.25,1.13,0.07,18.78125,18.9375,18.5625,18.5625,-6.8,0.0,0.0,0.0
26.67641,0x220,0.0,0.0,1.0,6.25,1.16,0.1,18.78125,18.9375,18.5625,18.5625,-6.8,0.0,0.0,0.0
26.67764,0x316,0.0,0.0,1.0,6.25,1.16,0.1,18.78125,18.9375,18.5625,18.5625,-6.8,0.0,0.0,0.0
26.67925,0x2B0,0.0,0.0,1.0,6.25,1.16,0.1,18.78125,18.9375,18.5625,18.5625,-6.8,0.0,0.0,0.0
26.68643,0x220,0.0,0.0,1.0,6.25,1.15,0.14,18.78125,18.9375,18.5625,18.5625,-6.8,0.0,0.0,0.0
26.68666,0x386,0.0,0.0,1.0,6.25,1.15,0.14,18.90625,18.96875,18.59375,18.59375,-6.8,0.0,0.0,0.0
26.68761,0x316,0.0,0.0,1.0,6.25,1.15,0.14,18.90625,18.96875,18.59375,18.59375,-6.8,0.0,0.0,0.0
26.68926,0x2B0,0.0,0.0,1.0,6.25,1.15,0.14,18.90625,18.96875,18.59375,18.59375,-6.9,0.0,0.0,0.0
26.69642,0x220,0.0,0.0,1.0,6.25,1.14,0.18,18.90625,18.96875,18.59375,18.59375,-6.9,0.0,0.0,0.0
26.69741,0x316,0.0,0.0,1.0,6.25,1.14,0.18,18.90625,18.96875,18.59375,18.59375,-6.9,0.0,0.0,0.0
26.69925,0x2B0,0.0,0.0,1.0,6.25,1.14,0.18,18.90625,18.96875,18.59375,18.59375,-6.9,0.0,0.0,0.0
26.70643,0x220,0.0,0.0,1.0,6.25,1.12,0.18,18.90625,18.96875,18.59375,18.59375,-6.9,0.0,0.0,0.0
26.70665,0x386,0.0,0.0,1.0,6.25,1.12,0.18,18.8125,18.90625,18.53125,18.59375,-6.9,0.0,0.0,0.0
26.7076,0x316,0.0,0.0,1.0,6.25,1.12,0.18,18.8125,18.90625,18.53125,18.59375,-6.9,0.0,0.0,0.0
26.70926,0x2B0,0.0,0.0,1.0,6.25,1.12,0.18,18.8125,18.90625,18.53125,18.59375,-6.9,0.0,0.0,0.0
26.71641,0x220,0.0,0.0,1.0,6.25,1.11,0.16,18.8125,18.90625,18.53125,18.59375,-6.9,0.0,0.0,0.0
26.71741,0x316,0.0,0.0,1.0,6.25,1.11,0.16,18.8125,18.90625,18.53125,18.59375,-6.9,0.0,0.0,0.0
26.71929,0x2B0,0.0,0.0,1.0,6.25,1.11,0.16,18.8125,18.90625,18.53125,18.59375,-7.0,0.0,0.0,0.0
26.72642,0x220,0.0,0.0,1.0,6.25,1.1,0.16,18.8125,18.90625,18.53125,18.59375,-7.0,0.0,0.0,0.0
26.72664,0x386,0.0,0.0,1.0,6.25,1.1,0.16,18.78125,18.84375,18.5625,18.625,-7.0,0.0,0.0,0.0
26.7276,0x316,0.0,0.0,1.0,6.25,1.1,0.16,18.78125,18.84375,18.5625,18.625,-7.0,0.0,0.0,0.0
26.72927,0x2B0,0.0,0.0,1.0,6.25,1.1,0.16,18.78125,18.84375,18.5625,18.625,-7.0,0.0,0.0,0.0
26.73641,0x220,0.0,0.0,1.0,6.25,1.12,0.12,18.78125,18.84375,18.5625,18.625,-7.0,0.0,0.0,0.0
26.73714,0x316,0.0,0.0,1.0,6.25,1.12,0.12,18.78125,18.84375,18.5625,18.625,-7.0,0.0,0.0,0.0
26.73923,0x2B0,0.0,0.0,1.0,6.25,1.12,0.12,18.78125,18.84375,18.5625,18.625,-7.0,0.0,0.0,0.0
26.74642,0x220,0.0,0.0,1.0,6.25,1.17,0.08,18.78125,18.84375,18.5625,18.625,-7.0,0.0,0.0,0.0
26.74665,0x386,0.0,0.0,1.0,6.25,1.17,0.08,18.90625,18.90625,18.5625,18.59375,-7.0,0.0,0.0,0.0
26.74761,0x316,0.0,0.0,1.0,6.25,1.17,0.08,18.90625,18.90625,18.5625,18.59375,-7.0,0.0,0.0,0.0
26.74926,0x2B0,0.0,0.0,1.0,6.25,1.17,0.08,18.90625,18.90625,18.5625,18.59375,-7.2,8.0,0.0,0.0
26.75643,0x220,0.0,0.0,1.0,6.25,1.17,0.08,18.90625,18.90625,18.5625,18.59375,-7.2,8.0,0.0,0.0
26.75742,0x316,0.0,0.0,1.0,6.25,1.17,0.08,18.90625,18.90625,18.5625,18.59375,-7.2,8.0,0.0,0.0
26.75918,0x2B0,0.0,0.0,1.0,6.25,1.17,0.08,18.90625,18.90625,18.5625,18.59375,-7.2,8.0,0.0,0.0
26.76642,0x220,0.0,0.0,1.0,6.25,1.11,0.11,18.90625,18.90625,18.5625,18.59375,-7.2,8.0,0.0,0.0
26.76665,0x386,0.0,0.0,1.0,6.25,1.11,0.11,18.875,18.9375,18.375,18.53125,-7.2,8.0,0.0,0.0
26.7676,0x316,0.0,0.0,1.0,6.25,1.11,0.11,18.875,18.9375,18.375,18.53125,-7.2,8.0,0.0,0.0
26.76929,0x2B0,0.0,0.0,1.0,6.25,1.11,0.11,18.875,18.9375,18.375,18.53125,-7.2,0.0,0.0,0.0
26.77642,0x220,0.0,0.0,1.0,6.25,1.04,0.17,18.875,18.9375,18.375,18.53125,-7.2,0.0,0.0,0.0
26.77743,0x316,0.0,0.0,1.0,6.25,1.04,0.17,18.875,18.9375,18.375,18.53125,-7.2,0.0,0.0,0.0
26.77928,0x2B0,0.0,0.0,1.0,6.25,1.04,0.17,18.875,18.9375,18.375,18.53125,-7.2,0.0,0.0,0.0
26.78643,0x220,0.0,0.0,1.0,6.25,1.04,0.19,18.875,18.9375,18.375,18.53125,-7.2,0.0,0.0,0.0
26.78666,0x386,0.0,0.0,1.0,6.25,1.04,0.19,18.90625,18.8125,18.375,18.59375,-7.2,0.0,0.0,0.0
26.78761,0x316,0.0,0.0,1.0,6.25,1.04,0.19,18.90625,18.8125,18.375,18.59375,-7.2,0.0,0.0,0.0
26.78926,0x2B0,0.0,0.0,1.0,6.25,1.04,0.19,18.90625,18.8125,18.375,18.59375,-7.3,0.0,0.0,0.0
26.79644,0x220,0.0,0.0,1.0,6.25,1.03,0.15,18.90625,18.8125,18.375,18.59375,-7.3,0.0,0.0,0.0
26.79766,0x316,0.0,0.0,1.0,6.25,1.03,0.15,18.90625,18.8125,18.375,18.59375,-7.3,0.0,0.0,0.0
26.79927,0x2B0,0.0,0.0,1.0,6.25,1.03,0.15,18.90625,18.8125,18.375,18.59375,-7.3,0.0,0.0,0.0
26.80644,0x220,0.0,0.0,1.0,6.25,1.01,0.11,18.90625,18.8125,18.375,18.59375,-7.3,0.0,0.0,0.0
26.80666,0x386,0.0,0.0,1.0,6.25,1.01,0.11,18.96875,18.75,18.375,18.59375,-7.3,0.0,0.0,0.0
26.80762,0x316,0.0,0.0,1.0,6.25,1.01,0.11,18.96875,18.75,18.375,18.59375,-7.3,0.0,0.0,0.0
26.80928,0x2B0,0.0,0.0,1.0,6.25,1.01,0.11,18.96875,18.75,18.375,18.59375,-7.3,0.0,0.0,0.0
26.81641,0x220,0.0,0.0,1.0,6.25,0.99,0.13,18.96875,18.75,18.375,18.59375,-7.3,0.0,0.0,0.0
26.81716,0x316,0.0,0.0,1.0,6.25,0.99,0.13,18.96875,18.75,18.375,18.59375,-7.3,0.0,0.0,0.0
26.81928,0x2B0,0.0,0.0,1.0,6.25,0.99,0.13,18.96875,18.75,18.375,18.59375,-7.5,8.0,0.0,0.0
26.82642,0x220,0.0,0.0,1.0,6.25,0.97,0.19,18.96875,18.75,18.375,18.59375,-7.5,8.0,0.0,0.0
26.82665,0x386,0.0,0.0,1.0,6.25,0.97,0.19,19.03125,18.9375,18.46875,18.53125,-7.5,8.0,0.0,0.0
26.8276,0x316,0.0,0.0,1.0,6.25,0.97,0.19,19.03125,18.9375,18.46875,18.53125,-7.5,8.0,0.0,0.0
26.82927,0x2B0,0.0,0.0,1.0,6.25,0.97,0.19,19.03125,18.9375,18.46875,18.53125,-7.5,8.0,0.0,0.0
26.83644,0x220,0.0,0.0,1.0,6.25,0.96,0.23,19.03125,18.9375,18.46875,18.53125,-7.5,8.0,0.0,0.0
26.83718,0x316,0.0,0.0,1.0,6.25,0.96,0.23,19.03125,18.9375,18.46875,18.53125,-7.5,8.0,0.0,0.0
26.83927,0x2B0,0.0,0.0,1.0,6.25,0.96,0.23,19.03125,18.9375,18.46875,18.53125,-7.6,0.0,0.0,0.0
26.84641,0x220,0.0,0.0,1.0,6.25,0.96,0.24,19.03125,18.9375,18.46875,18.53125,-7.6,0.0,0.0,0.0
26.84664,0x386,0.0,0.0,1.0,6.25,0.96,0.24,18.75,18.5625,18.375,18.46875,-7.6,0.0,0.0,0.0
26.8476,0x316,0.0,0.0,1.0,6.25,0.96,0.24,18.75,18.5625,18.375,18.46875,-7.6,0.0,0.0,0.0
26.84928,0x2B0,0.0,0.0,1.0,6.25,0.96,0.24,18.75,18.5625,18.375,18.46875,-7.6,0.0,0.0,0.0
26.85642,0x220,0.0,0.0,1.0,6.25,0.92,0.22,18.75,18.5625,18.375,18.46875,-7.6,0.0,0.0,0.0
26.8572,0x316,0.0,0.0,1.0,6.25,0.92,0.22,18.75,18.5625,18.375,18.46875,-7.6,0.0,0.0,0.0
26.85928,0x2B0,0.0,0.0,1.0,6.25,0.92,0.22,18.75,18.5625,18.375,18.46875,-7.8,8.0,0.0,0.0
26.86641,0x220,0.0,0.0,1.0,6.25,0.87,0.22,18.75,18.5625,18.375,18.46875,-7.8,8.0,0.0,0.0
26.86664,0x386,0.0,0.0,1.0,6.25,0.87,0.22,18.9375,19.03125,18.46875,18.46875,-7.8,8.0,0.0,0.0
26.86759,0x316,0.0,0.0,1.0,6.25,0.87,0.22,18.9375,19.03125,18.46875,18.46875,-7.8,8.0,0.0,0.0
26.8693,0x2B0,0.0,0.0,1.0,6.25,0.87,0.22,18.9375,19.03125,18.46875,18.46875,-7.8,8.0,0.0,0.0
26.87644,0x220,0.0,0.0,1.0,6.25,0.85,0.23,18.9375,19.03125,18.46875,18.46875,-7.8,8.0,0.0,0.0
26.87754,0x316,0.0,0.0,1.0,6.25,0.85,0.23,18.9375,19.03125,18.46875,18.46875,-7.8,8.0,0.0,0.0
26.87927,0x2B0,0.0,0.0,1.0,6.25,0.85,0.23,18.9375,19.03125,18.46875,18.46875,-7.8,0.0,0.0,0.0
26.88641,0x220,0.0,0.0,1.0,6.25,0.83,0.2,18.9375,19.03125,18.46875,18.46875,-7.8,0.0,0.0,0.0
26.88664,0x386,0.0,0.0,1.0,6.25,0.83,0.2,18.90625,19.0625,18.375,18.5,-7.8,0.0,0.0,0.0
26.8876,0x316,0.0,0.0,1.0,6.25,0.83,0.2,18.90625,19.0625,18.375,18.5,-7.8,0.0,0.0,0.0
26.88925,0x2B0,0.0,0.0,1.0,6.25,0.83,0.2,18.90625,19.0625,18.375,18.5,-8.0,8.0,0.0,0.0
26.89644,0x220,0.0,0.0,1.0,6.25,0.79,0.19,18.90625,19.0625,18.375,18.5,-8.0,8.0,0.0,0.0
26.89765,0x316,0.0,0.0,1.0,6.25,0.79,0.19,18.90625,19.0625,18.375,18.5,-8.0,8.0,0.0,0.0
26.89927,0x2B0,0.0,0.0,1.0,6.25,0.79,0.19,18.90625,19.0625,18.375,18.5,-8.0,8.0,0.0,0.0
26.90642,0x220,0.0,0.0,1.0,6.25,0.79,0.2,18.90625,19.0625,18.375,18.5,-8.0,8.0,0.0,0.0
26.90664,0x386,0.0,0.0,1.0,6.25,0.79,0.2,18.8125,18.21875,18.34375,18.5,-8.0,8.0,0.0,0.0
26.90761,0x316,0.0,0.0,1.0,6.25,0.79,0.2,18.8125,18.21875,18.34375,18.5,-8.0,8.0,0.0,0.0
26.90926,0x2B0,0.0,0.0,1.0,6.25,0.79,0.2,18.8125,18.21875,18.34375,18.5,-8.0,0.0,0.0,0.0
26.91644,0x220,0.0,0.0,1.0,6.25,0.83,0.21,18.8125,18.21875,18.34375,18.5,-8.0,0.0,0.0,0.0
26.91714,0x316,0.0,0.0,1.0,6.25,0.83,0.21,18.8125,18.21875,18.34375,18.5,-8.0,0.0,0.0,0.0
26.91926,0x2B0,0.0,0.0,1.0,6.25,0.83,0.21,18.8125,18.21875,18.34375,18.5,-8.1,0.0,0.0,0.0
26.92642,0x220,0.0,0.0,1.0,6.25,0.9,0.19,18.8125,18.21875,18.34375,18.5,-8.1,0.0,0.0,0.0
26.92665,0x386,0.0,0.0,1.0,6.25,0.9,0.19,18.59375,18.59375,18.375,18.4375,-8.1,0.0,0.0,0.0
26.92761,0x316,0.0,0.0,1.0,6.25,0.9,0.19,18.59375,18.59375,18.375,18.4375,-8.1,0.0,0.0,0.0
26.92929,0x2B0,0.0,0.0,1.0,6.25,0.9,0.19,18.59375,18.59375,18.375,18.4375,-8.1,0.0,0.0,0.0
26.93644,0x220,0.0,0.0,1.0,6.25,0.96,0.17,18.59375,18.59375,18.375,18.4375,-8.1,0.0,0.0,0.0
26.93718,0x316,0.0,0.0,1.0,6.25,0.96,0.17,18.59375,18.59375,18.375,18.4375,-8.1,0.0,0.0,0.0
26.93926,0x2B0,0.0,0.0,1.0,6.25,0.96,0.17,18.59375,18.59375,18.375,18.4375,-8.3,8.0,0.0,0.0
26.94642,0x220,0.0,0.0,1.0,6.25,1.01,0.21,18.59375,18.59375,18.375,18.4375,-8.3,8.0,0.0,0.0
26.94665,0x386,0.0,0.0,1.0,6.25,1.01,0.21,18.875,19.25,18.4375,18.40625,-8.3,8.0,0.0,0.0
26.94761,0x316,0.0,0.0,1.0,6.25,1.01,0.21,18.875,19.25,18.4375,18.40625,-8.3,8.0,0.0,0.0
26.94927,0x2B0,0.0,0.0,1.0,6.25,1.01,0.21,18.875,19.25,18.4375,18.40625,-8.3,8.0,0.0,0.0
26.95642,0x220,0.0,0.0,1.0,6.25,1.03,0.25,18.875,19.25,18.4375,18.40625,-8.3,8.0,0.0,0.0
26.95717,0x316,0.0,0.0,1.0,6.25,1.03,0.25,18.875,19.25,18.4375,18.40625,-8.3,8.0,0.0,0.0
26.95925,0x2B0,0.0,0.0,1.0,6.25,1.03,0.25,18.875,19.25,18.4375,18.40625,-8.4,0.0,0.0,0.0
26.96642,0x220,0.0,0.0,1.0,6.25,1.04,0.21,18.875,19.25,18.4375,18.40625,-8.4,0.0,0.0,0.0
26.96665,0x386,0.0,0.0,1.0,6.25,1.04,0.21,18.78125,18.71875,18.46875,18.4375,-8.4,0.0,0.0,0.0
26.96761,0x316,0.0,0.0,1.0,6.25,1.04,0.21,18.78125,18.71875,18.46875,18.4375,-8.4,0.0,0.0,0.0
26.96927,0x2B0,0.0,0.0,1.0,6.25,1.04,0.21,18.78125,18.71875,18.46875,18.4375,-8.4,0.0,0.0,0.0
26.97642,0x220,0.0,0.0,1.0,6.25,1.03,0.12,18.78125,18.71875,18.46875,18.4375,-8.4,0.0,0.0,0.0
26.9775,0x316,0.0,0.0,1.0,6.25,1.03,0.12,18.78125,18.71875,18.46875,18.4375,-8.4,0.0,0.0,0.0
26.97925,0x2B0,0.0,0.0,1.0,6.25,1.03,0.12,18.78125,18.71875,18.46875,18.4375,-8.4,0.0,0.0,0.0
26.98642,0x220,0.0,0.0,1.0,6.25,0.99,0.06,18.78125,18.71875,18.46875,18.4375,-8.4,0.0,0.0,0.0
26.98664,0x386,0.0,0.0,1.0,6.25,0.99,0.06,19.1875,18.75,18.46875,18.4375,-8.4,0.0,0.0,0.0
26.98759,0x316,0.0,0.0,1.0,6.25,0.99,0.06,19.1875,18.75,18.46875,18.4375,-8.4,0.0,0.0,0.0
26.98926,0x2B0,0.0,0.0,1.0,6.25,0.99,0.06,19.1875,18.75,18.46875,18.4375,-8.5,0.0,0.0,0.0
26.99642,0x220,0.0,0.0,1.0,6.25,0.99,0.07,19.1875,18.75,18.46875,18.4375,-8.5,0.0,0.0,0.0
26.99766,0x316,0.0,0.0,1.0,6.25,0.99,0.07,19.1875,18.75,18.46875,18.4375,-8.5,0.0,0.0,0.0
26.99921,0x2B0,0.0,0.0,1.0,6.25,0.99,0.07,19.1875,18.75,18.46875,18.4375,-8.5,0.0,0.0,0.0
27.00642,0x220,0.0,0.0,1.0,6.25,1.03,0.08,19.1875,18.75,18.46875,18.4375,-8.5,0.0,0.0,0.0
27.00664,0x386,0.0,0.0,1.0,6.25,1.03,0.08,19.15625,19.1875,18.46875,18.4375,-8.5,0.0,0.0,0.0
27.00759,0x316,0.0,0.0,1.0,6.25,1.03,0.08,19.15625,19.1875,18.46875,18.4375,-8.5,0.0,0.0,0.0
27.00926,0x2B0,0.0,0.0,1.0,6.25,1.03,0.08,19.15625,19.1875,18.46875,18.4375,-8.5,0.0,0.0,0.0
27.01642,0x220,0.0,0.0,1.0,6.25,1.05,0.07,19.15625,19.1875,18.46875,18.4375,-8.5,0.0,0.0,0.0
27.01726,0x316,0.0,0.0,1.0,6.25,1.05,0.07,19.15625,19.1875,18.46875,18.4375,-8.5,0.0,0.0,0.0
27.01926,0x2B0,0.0,0.0,1.0,6.25,1.05,0.07,19.15625,19.1875,18.46875,18.4375,-8.7,8.0,0.0,0.0
27.02645,0x220,0.0,0.0,1.0,6.25,1.01,0.09,19.15625,19.1875,18.46875,18.4375,-8.7,8.0,0.0,0.0
27.02668,0x386,0.0,0.0,1.0,6.25,1.01,0.09,18.46875,18.6875,18.4375,18.40625,-8.7,8.0,0.0,0.0
27.02763,0x316,0.0,0.0,1.0,6.25,1.01,0.09,18.46875,18.6875,18.4375,18.40625,-8.7,8.0,0.0,0.0
27.02919,0x2B0,0.0,0.0,1.0,6.25,1.01,0.09,18.46875,18.6875,18.4375,18.40625,-8.7,8.0,0.0,0.0
27.03642,0x220,0.0,0.0,1.0,6.25,0.98,0.11,18.46875,18.6875,18.4375,18.40625,-8.7,8.0,0.0,0.0
27.03717,0x316,0.0,0.0,1.0,6.25,0.98,0.11,18.46875,18.6875,18.4375,18.40625,-8.7,8.0,0.0,0.0
27.03919,0x2B0,0.0,0.0,1.0,6.25,0.98,0.11,18.46875,18.6875,18.4375,18.40625,-8.7,0.0,0.0,0.0
27.04641,0x220,0.0,0.0,1.0,6.25,1.0,0.1,18.46875,18.6875,18.4375,18.40625,-8.7,0.0,0.0,0.0
27.04664,0x386,0.0,0.0,1.0,6.25,1.0,0.1,18.6875,18.8125,18.40625,18.53125,-8.7,0.0,0.0,0.0
27.0476,0x316,0.0,0.0,1.0,6.25,1.0,0.1,18.6875,18.8125,18.40625,18.53125,-8.7,0.0,0.0,0.0
27.04925,0x2B0,0.0,0.0,1.0,6.25,1.0,0.1,18.6875,18.8125,18.40625,18.53125,-8.7,0.0,0.0,0.0
27.05642,0x220,0.0,0.0,1.0,6.25,1.0,0.07,18.6875,18.8125,18.40625,18.53125,-8.7,0.0,0.0,0.0
27.05722,0x316,0.0,0.0,1.0,6.25,1.0,0.07,18.6875,18.8125,18.40625,18.53125,-8.7,0.0,0.0,0.0
27.05925,0x2B0,0.0,0.0,1.0,6.25,1.0,0.07,18.6875,18.8125,18.40625,18.53125,-8.7,0.0,0.0,0.0
27.06642,0x220,0.0,0.0,1.0,6.25,1.01,0.06,18.6875,18.8125,18.40625,18.53125,-8.7,0.0,0.0,0.0
27.06666,0x386,0.0,0.0,1.0,6.25,1.01,0.06,18.75,19.0625,18.375,18.46875,-8.7,0.0,0.0,0.0
27.06762,0x316,0.0,0.0,1.0,6.25,1.01,0.06,18.75,19.0625,18.375,18.46875,-8.7,0.0,0.0,0.0
27.06924,0x2B0,0.0,0.0,1.0,6.25,1.01,0.06,18.75,19.0625,18.375,18.46875,-8.7,0.0,0.0,0.0
27.07642,0x220,0.0,0.0,1.0,6.25,1.04,0.09,18.75,19.0625,18.375,18.46875,-8.7,0.0,0.0,0.0
27.07754,0x316,0.0,0.0,1.0,6.25,1.04,0.09,18.75,19.0625,18.375,18.46875,-8.7,0.0,0.0,0.0
27.07924,0x2B0,0.0,0.0,1.0,6.25,1.04,0.09,18.75,19.0625,18.375,18.46875,-8.8,0.0,0.0,0.0
27.08642,0x220,0.0,0.0,1.0,6.25,1.03,0.12,18.75,19.0625,18.375,18.46875,-8.8,0.0,0.0,0.0
27.08665,0x386,0.0,0.0,1.0,6.25,1.03,0.12,18.6875,18.625,18.3125,18.46875,-8.8,0.0,0.0,0.0
27.08761,0x316,0.0,0.0,1.0,6.25,1.03,0.12,18.6875,18.625,18.3125,18.46875,-8.8,0.0,0.0,0.0
27.0892,0x2B0,0.0,0.0,1.0,6.25,1.03,0.12,18.6875,18.625,18.3125,18.46875,-8.8,0.0,0.0,0.0
27.09642,0x220,0.0,0.0,1.0,6.25,1.02,0.15,18.6875,18.625,18.3125,18.46875,-8.8,0.0,0.0,0.0
27.09763,0x316,0.0,0.0,1.0,6.25,1.02,0.15,18.6875,18.625,18.3125,18.46875,-8.8,0.0,0.0,0.0
27.09919,0x2B0,0.0,0.0,1.0,6.25,1.02,0.15,18.6875,18.625,18.3125,18.46875,-8.8,0.0,0.0,0.0
27.10642,0x220,0.0,0.0,1.0,6.25,1.03,0.14,18.6875,18.625,18.3125,18.46875,-8.8,0.0,0.0,0.0
27.10666,0x386,0.0,0.0,1.0,6.25,1.03,0.14,18.53125,18.5,18.28125,18.375,-8.8,0.0,0.0,0.0
27.1076,0x316,0.0,0.0,1.0,6.25,1.03,0.14,18.53125,18.5,18.28125,18.375,-8.8,0.0,0.0,0.0
27.10919,0x2B0,0.0,0.0,1.0,6.25,1.03,0.14,18.53125,18.5,18.28125,18.375,-8.8,0.0,0.0,0.0
27.11643,0x220,0.0,0.0,1.0,6.25,1.05,0.09,18.53125,18.5,18.28125,18.375,-8.8,0.0,0.0,0.0
27.11714,0x316,0.0,0.0,1.0,6.25,1.05,0.09,18.53125,18.5,18.28125,18.375,-8.8,0.0,0.0,0.0
27.1192,0x2B0,0.0,0.0,1.0,6.25,1.05,0.09,18.53125,18.5,18.28125,18.375,-8.8,0.0,0.0,0.0
27.12644,0x220,0.0,0.0,1.0,6.25,1.07,0.06,18.53125,18.5,18.28125,18.375,-8.8,0.0,0.0,0.0
27.12666,0x386,0.0,0.0,1.0,6.25,1.07,0.06,19.15625,18.90625,18.21875,18.5,-8.8,0.0,0.0,0.0
27.12761,0x316,0.0,0.0,1.0,6.25,1.07,0.06,19.15625,18.90625,18.21875,18.5,-8.8,0.0,0.0,0.0
27.12919,0x2B0,0.0,0.0,1.0,6.25,1.07,0.06,19.15625,18.90625,18.21875,18.5,-8.8,0.0,0.0,0.0
27.13642,0x220,0.0,0.0,1.0,6.25,1.05,0.07,19.15625,18.90625,18.21875,18.5,-8.8,0.0,0.0,0.0
27.13721,0x316,0.0,0.0,1.0,6.25,1.05,0.07,19.15625,18.90625,18.21875,18.5,-8.8,0.0,0.0,0.0
27.13919,0x2B0,0.0,0.0,1.0,6.25,1.05,0.07,19.15625,18.90625,18.21875,18.5,-8.8,0.0,0.0,0.0
27.14642,0x220,0.0,0.0,1.0,6.25,1.01,0.12,19.15625,18.90625,18.21875,18.5,-8.8,0.0,0.0,0.0
27.14664,0x386,0.0,0.0,1.0,6.25,1.01,0.12,18.5625,18.71875,18.21875,18.40625,-8.8,0.0,0.0,0.0
27.1476,0x316,0.0,0.0,1.0,6.25,1.01,0.12,18.5625,18.71875,18.21875,18.40625,-8.8,0.0,0.0,0.0
27.14919,0x2B0,0.0,0.0,1.0,6.25,1.01,0.12,18.5625,18.71875,18.21875,18.40625,-8.8,0.0,0.0,0.0
27.15644,0x220,0.0,0.0,1.0,6.25,0.97,0.16,18.5625,18.71875,18.21875,18.40625,-8.8,0.0,0.0,0.0
27.15716,0x316,0.0,0.0,1.0,6.25,0.97,0.16,18.5625,18.71875,18.21875,18.40625,-8.8,0.0,0.0,0.0
27.15919,0x2B0,0.0,0.0,1.0,6.25,0.97,0.16,18.5625,18.71875,18.21875,18.40625,-8.8,0.0,0.0,0.0
27.16642,0x220,0.0,0.0,1.0,6.25,1.0,0.15,18.5625,18.71875,18.21875,18.40625,-8.8,0.0,0.0,0.0
27.16665,0x386,0.0,0.0,1.0,6.25,1.0,0.15,18.84375,18.28125,18.28125,18.4375,-8.8,0.0,0.0,0.0
27.16761,0x316,0.0,0.0,1.0,6.25,1.0,0.15,18.84375,18.28125,18.28125,18.4375,-8.8,0.0,0.0,0.0
27.16919,0x2B0,0.0,0.0,1.0,6.25,1.0,0.15,18.84375,18.28125,18.28125,18.4375,-8.8,0.0,0.0,0.0
27.17645,0x220,0.0,0.0,1.0,6.25,1.0,0.07,18.84375,18.28125,18.28125,18.4375,-8.8,0.0,0.0,0.0
27.17757,0x316,0.0,0.0,1.0,6.25,1.0,0.07,18.84375,18.28125,18.28125,18.4375,-8.8,0.0,0.0,0.0
27.17919,0x2B0,0.0,0.0,1.0,6.25,1.0,0.07,18.84375,18.28125,18.28125,18.4375,-8.8,0.0,0.0,0.0
27.18642,0x220,0.0,0.0,1.0,6.25,0.95,0.02,18.84375,18.28125,18.28125,18.4375,-8.8,0.0,0.0,0.0
27.18665,0x386,0.0,0.0,1.0,6.25,0.95,0.02,18.8125,18.78125,18.40625,18.40625,-8.8,0.0,0.0,0.0
27.1876,0x316,0.0,0.0,1.0,6.25,0.95,0.02,18.8125,18.78125,18.40625,18.40625,-8.8,0.0,0.0,0.0
27.18919,0x2B0,0.0,0.0,1.0,6.25,0.95,0.02,18.8125,18.78125,18.40625,18.40625,-8.8,0.0,0.0,0.0
27.19642,0x220,0.0,0.0,1.0,6.25,0.91,0.05,18.8125,18.78125,18.40625,18.40625,-8.8,0.0,0.0,0.0
27.19762,0x316,0.0,0.0,1.0,6.25,0.91,0.05,18.8125,18.78125,18.40625,18.40625,-8.8,0.0,0.0,0.0
27.19918,0x2B0,0.0,0.0,1.0,6.25,0.91,0.05,18.8125,18.78125,18.40625,18.40625,-8.8,0.0,0.0,0.0
27.20642,0x220,0.0,0.0,1.0,6.25,0.91,0.13,18.8125,18.78125,18.40625,18.40625,-8.8,0.0,0.0,0.0
27.20665,0x386,0.0,0.0,1.0,6.25,0.91,0.13,19.0,18.96875,18.3125,18.40625,-8.8,0.0,0.0,0.0
27.20761,0x316,0.0,0.0,1.0,6.25,0.91,0.13,19.0,18.96875,18.3125,18.40625,-8.8,0.0,0.0,0.0
27.2092,0x2B0,0.0,0.0,1.0,6.25,0.91,0.13,19.0,18.96875,18.3125,18.40625,-8.8,0.0,0.0,0.0
27.21644,0x220,0.0,0.0,1.0,6.25,0.94,0.17,19.0,18.96875,18.3125,18.40625,-8.8,0.0,0.0,0.0
27.21721,0x316,0.0,0.0,1.0,6.25,0.94,0.17,19.0,18.96875,18.3125,18.40625,-8.8,0.0,0.0,0.0
27.21919,0x2B0,0.0,0.0,1.0,6.25,0.94,0.17,19.0,18.96875,18.3125,18.40625,-8.8,0.0,0.0,0.0
27.22645,0x220,0.0,0.0,1.0,6.25,0.99,0.11,19.0,18.96875,18.3125,18.40625,-8.8,0.0,0.0,0.0
27.22668,0x386,0.0,0.0,1.0,6.25,0.99,0.11,18.59375,18.34375,18.3125,18.375,-8.8,0.0,0.0,0.0
27.22716,0x316,0.0,0.0,1.0,6.25,0.99,0.11,18.59375,18.34375,18.3125,18.375,-8.8,0.0,0.0,0.0
27.22919,0x2B0,0.0,0.0,1.0,6.25,0.99,0.11,18.59375,18.34375,18.3125,18.375,-8.8,0.0,0.0,0.0
27.23643,0x220,0.0,0.0,1.0,6.25,0.99,0.01,18.59375,18.34375,18.3125,18.375,-8.8,0.0,0.0,0.0
27.23716,0x316,0.0,0.0,1.0,6.25,0.99,0.01,18.59375,18.34375,18.3125,18.375,-8.8,0.0,0.0,0.0
27.23926,0x2B0,0.0,0.0,1.0,6.25,0.99,0.01,18.59375,18.34375,18.3125,18.375,-8.8,0.0,0.0,0.0
27.24643,0x220,0.0,0.0,1.0,6.25,0.93,0.0,18.59375,18.34375,18.3125,18.375,-8.8,0.0,0.0,0.0
27.24666,0x386,0.0,0.0,1.0,6.25,0.93,0.0,18.5,18.5625,18.34375,18.375,-8.8,0.0,0.0,0.0
27.24761,0x316,0.0,0.0,1.0,6.25,0.93,0.0,18.5,18.5625,18.34375,18.375,-8.8,0.0,0.0,0.0
27.24919,0x2B0,0.0,0.0,1.0,6.25,0.93,0.0,18.5,18.5625,18.34375,18.375,-8.8,0.0,0.0,0.0
27.25643,0x220,0.0,0.0,1.0,6.25,0.89,0.03,18.5,18.5625,18.34375,18.375,-8.8,0.0,0.0,0.0
27.25726,0x316,0.0,0.0,1.0,6.25,0.89,0.03,18.5,18.5625,18.34375,18.375,-8.8,0.0,0.0,0.0
27.25925,0x2B0,0.0,0.0,1.0,6.25,0.89,0.03,18.5,18.5625,18.34375,18.375,-8.8,0.0,0.0,0.0
27.26643,0x220,0.0,0.0,1.0,6.25,0.86,0.1,18.5,18.5625,18.34375,18.375,-8.8,0.0,0.0,0.0
27.26666,0x386,0.0,0.0,1.0,6.25,0.86,0.1,18.6875,18.78125,18.3125,18.34375,-8.8,0.0,0.0,0.0
27.26786,0x316,0.0,0.0,1.0,6.25,0.86,0.1,18.6875,18.78125,18.3125,18.34375,-8.8,0.0,0.0,0.0
27.26925,0x2B0,0.0,0.0,1.0,6.25,0.86,0.1,18.6875,18.78125,18.3125,18.34375,-8.9,0.0,0.0,0.0
27.27642,0x220,0.0,0.0,1.0,6.25,0.83,0.15,18.6875,18.78125,18.3125,18.34375,-8.9,0.0,0.0,0.0
27.2776,0x316,0.0,0.0,1.0,6.25,0.83,0.15,18.6875,18.78125,18.3125,18.34375,-8.9,0.0,0.0,0.0
27.27926,0x2B0,0.0,0.0,1.0,6.25,0.83,0.15,18.6875,18.78125,18.3125,18.34375,-8.9,0.0,0.0,0.0
27.28643,0x220,0.0,0.0,1.0,6.25,0.87,0.16,18.6875,18.78125,18.3125,18.34375,-8.9,0.0,0.0,0.0
27.28666,0x386,0.0,0.0,1.0,6.25,0.87,0.16,18.65625,18.625,18.34375,18.34375,-8.9,0.0,0.0,0.0
27.28738,0x316,0.0,0.0,1.0,6.25,0.87,0.16,18.65625,18.625,18.34375,18.34375,-8.9,0.0,0.0,0.0
27.28925,0x2B0,0.0,0.0,1.0,6.25,0.87,0.16,18.65625,18.625,18.34375,18.34375,-8.9,0.0,0.0,0.0
27.29644,0x220,0.0,0.0,1.0,6.25,0.93,0.14,18.65625,18.625,18.34375,18.34375,-8.9,0.0,0.0,0.0
27.29761,0x316,0.0,0.0,1.0,6.25,0.93,0.14,18.65625,18.625,18.34375,18.34375,-8.9,0.0,0.0,0.0
27.29926,0x2B0,0.0,0.0,1.0,6.25,0.93,0.14,18.65625,18.625,18.34375,18.34375,-8.9,0.0,0.0,0.0
27.30643,0x220,0.0,0.0,1.0,6.25,0.96,0.12,18.65625,18.625,18.34375,18.34375,-8.9,0.0,0.0,0.0
27.30666,0x386,0.0,0.0,1.0,6.25,0.96,0.12,18.625,18.65625,18.40625,18.34375,-8.9,0.0,0.0,0.0
27.30737,0x316,0.0,0.0,1.0,6.25,0.96,0.12,18.625,18.65625,18.40625,18.34375,-8.9,0.0,0.0,0.0
27.30926,0x2B0,0.0,0.0,1.0,6.25,0.96,0.12,18.625,18.65625,18.40625,18.34375,-9.0,0.0,0.0,0.0
27.31644,0x220,0.0,0.0,1.0,6.25,0.98,0.1,18.625,18.65625,18.40625,18.34375,-9.0,0.0,0.0,0.0
27.31718,0x316,0.0,0.0,1.0,6.25,0.98,0.1,18.625,18.65625,18.40625,18.34375,-9.0,0.0,0.0,0.0
27.31922,0x2B0,0.0,0.0,1.0,6.25,0.98,0.1,18.625,18.65625,18.40625,18.34375,-9.0,0.0,0.0,0.0
27.32643,0x220,0.0,0.0,1.0,6.25,0.97,0.07,18.625,18.65625,18.40625,18.34375,-9.0,0.0,0.0,0.0
27.32666,0x386,0.0,0.0,1.0,6.25,0.97,0.07,18.65625,18.71875,18.3125,18.375,-9.0,0.0,0.0,0.0
27.32738,0x316,0.0,0.0,1.0,6.25,0.97,0.07,18.65625,18.71875,18.3125,18.375,-9.0,0.0,0.0,0.0
27.32928,0x2B0,0.0,0.0,1.0,6.25,0.97,0.07,18.65625,18.71875,18.3125,18.375,-9.0,0.0,0.0,0.0
27.33643,0x220,0.0,0.0,1.0,6.25,0.93,0.04,18.65625,18.71875,18.3125,18.375,-9.0,0.0,0.0,0.0
27.33722,0x316,0.0,0.0,1.0,6.25,0.93,0.04,18.65625,18.71875,18.3125,18.375,-9.0,0.0,0.0,0.0
27.33926,0x2B0,0.0,0.0,1.0,6.25,0.93,0.04,18.65625,18.71875,18.3125,18.375,-9.0,0.0,0.0,0.0
27.34642,0x220,0.0,0.0,1.0,6.25,0.86,0.05,18.65625,18.71875,18.3125,18.375,-9.0,0.0,0.0,0.0
27.34665,0x386,0.0,0.0,1.0,6.25,0.86,0.05,18.6875,18.6875,18.3125,18.28125,-9.0,0.0,0.0,0.0
27.34736,0x316,0.0,0.0,1.0,6.25,0.86,0.05,18.6875,18.6875,18.3125,18.28125,-9.0,0.0,0.0,0.0
27.34925,0x2B0,0.0,0.0,1.0,6.25,0.86,0.05,18.6875,18.6875,18.3125,18.28125,-9.1,0.0,0.0,0.0
27.35643,0x220,0.0,0.0,1.0,6.25,0.84,0.08,18.6875,18.6875,18.3125,18.28125,-9.1,0.0,0.0,0.0
27.3572,0x316,0.0,0.0,1.0,6.25,0.84,0.08,18.6875,18.6875,18.3125,18.28125,-9.1,0.0,0.0,0.0
27.35919,0x2B0,0.0,0.0,1.0,6.25,0.84,0.08,18.6875,18.6875,18.3125,18.28125,-9.1,0.0,0.0,0.0
27.36643,0x220,0.0,0.0,1.0,6.25,0.92,0.08,18.6875,18.6875,18.3125,18.28125,-9.1,0.0,0.0,0.0
27.36665,0x386,0.0,0.0,1.0,6.25,0.92,0.08,18.5,18.59375,18.3125,18.375,-9.1,0.0,0.0,0.0
27.36785,0x316,0.0,0.0,1.0,6.25,0.92,0.08,18.5,18.59375,18.3125,18.375,-9.1,0.0,0.0,0.0
27.36926,0x2B0,0.0,0.0,1.0,6.25,0.92,0.08,18.5,18.59375,18.3125,18.375,-9.1,0.0,0.0,0.0
27.37645,0x220,0.0,0.0,1.0,6.25,1.0,0.05,18.5,18.59375,18.3125,18.375,-9.1,0.0,0.0,0.0
27.37764,0x316,0.0,0.0,1.0,6.25,1.0,0.05,18.5,18.59375,18.3125,18.375,-9.1,0.0,0.0,0.0
27.37927,0x2B0,0.0,0.0,1.0,6.25,1.0,0.05,18.5,18.59375,18.3125,18.375,-9.3,8.0,0.0,0.0
27.38643,0x220,0.0,0.0,1.0,6.25,1.0,0.09,18.5,18.59375,18.3125,18.375,-9.3,8.0,0.0,0.0
27.38666,0x386,0.0,0.0,1.0,6.25,1.0,0.09,18.75,18.75,18.25,18.3125,-9.3,8.0,0.0,0.0
27.38739,0x316,0.0,0.0,1.0,6.25,1.0,0.09,18.75,18.75,18.25,18.3125,-9.3,8.0,0.0,0.0
27.38926,0x2B0,0.0,0.0,1.0,6.25,1.0,0.09,18.75,18.75,18.25,18.3125,-9.3,8.0,0.0,0.0
27.39645,0x220,0.0,0.0,1.0,6.25,1.01,0.12,18.75,18.75,18.25,18.3125,-9.3,8.0,0.0,0.0
27.39736,0x316,0.0,0.0,1.0,6.25,1.01,0.12,18.75,18.75,18.25,18.3125,-9.3,8.0,0.0,0.0
27.39924,0x2B0,0.0,0.0,1.0,6.25,1.01,0.12,18.75,18.75,18.25,18.3125,-9.3,0.0,0.0,0.0
27.40643,0x220,0.0,0.0,1.0,6.25,1.04,0.14,18.75,18.75,18.25,18.3125,-9.3,0.0,0.0,0.0
27.40666,0x386,0.0,0.0,1.0,6.25,1.04,0.14,18.84375,18.71875,18.21875,18.3125,-9.3,0.0,0.0,0.0
27.40738,0x316,0.0,0.0,1.0,6.25,1.04,0.14,18.84375,18.71875,18.21875,18.3125,-9.3,0.0,0.0,0.0
27.40924,0x2B0,0.0,0.0,1.0,6.25,1.04,0.14,18.84375,18.71875,18.21875,18.3125,-9.4,0.0,0.0,0.0
27.41646,0x220,0.0,0.0,1.0,6.25,1.02,0.13,18.84375,18.71875,18.21875,18.3125,-9.4,0.0,0.0,0.0
27.41723,0x316,0.0,0.0,1.0,6.25,1.02,0.13,18.84375,18.71875,18.21875,18.3125,-9.4,0.0,0.0,0.0
27.41926,0x2B0,0.0,0.0,1.0,6.25,1.02,0.13,18.84375,18.71875,18.21875,18.3125,-9.4,0.0,0.0,0.0
27.42646,0x220,0.0,0.0,1.0,6.25,0.98,0.09,18.84375,18.71875,18.21875,18.3125,-9.4,0.0,0.0,0.0
27.42669,0x386,0.0,0.0,1.0,6.25,0.98,0.09,18.3125,18.59375,18.1875,18.3125,-9.4,0.0,0.0,0.0
27.4274,0x316,0.0,0.0,1.0,6.25,0.98,0.09,18.3125,18.59375,18.1875,18.3125,-9.4,0.0,0.0,0.0
27.42921,0x2B0,0.0,0.0,1.0,6.25,0.98,0.09,18.3125,18.59375,18.1875,18.3125,-9.5,0.0,0.0,0.0
27.43643,0x220,0.0,0.0,1.0,6.25,0.9,0.06,18.3125,18.59375,18.1875,18.3125,-9.5,0.0,0.0,0.0
27.43718,0x316,0.0,0.0,1.0,6.25,0.9,0.06,18.3125,18.59375,18.1875,18.3125,-9.5,0.0,0.0,0.0
27.43921,0x2B0,0.0,0.0,1.0,6.25,0.9,0.06,18.3125,18.59375,18.1875,18.3125,-9.5,0.0,0.0,0.0
27.44643,0x220,0.0,0.0,1.0,6.25,0.84,0.1,18.3125,18.59375,18.1875,18.3125,-9.5,0.0,0.0,0.0
27.44666,0x386,0.0,0.0,1.0,6.25,0.84,0.1,18.46875,18.71875,18.15625,18.28125,-9.5,0.0,0.0,0.0
27.44737,0x316,0.0,0.0,1.0,6.25,0.84,0.1,18.46875,18.71875,18.15625,18.28125,-9.5,0.0,0.0,0.0
27.4492,0x2B0,0.0,0.0,1.0,6.25,0.84,0.1,18.46875,18.71875,18.15625,18.28125,-9.5,0.0,0.0,0.0
27.45645,0x220,0.0,0.0,1.0,6.25,0.87,0.14,18.46875,18.71875,18.15625,18.28125,-9.5,0.0,0.0,0.0
27.45728,0x316,0.0,0.0,1.0,6.25,0.87,0.14,18.46875,18.71875,18.15625,18.28125,-9.5,0.0,0.0,0.0
27.4592,0x2B0,0.0,0.0,1.0,6.25,0.87,0.14,18.46875,18.71875,18.15625,18.28125,-9.6,0.0,0.0,0.0
27.46642,0x220,0.0,0.0,1.0,6.25,0.93,0.14,18.46875,18.71875,18.15625,18.28125,-9.6,0.0,0.0,0.0
27.46665,0x386,0.0,0.0,1.0,6.25,0.93,0.14,18.78125,18.71875,18.125,18.28125,-9.6,0.0,0.0,0.0
27.46786,0x316,0.0,0.0,1.0,6.25,0.93,0.14,18.78125,18.71875,18.125,18.28125,-9.6,0.0,0.0,0.0
27.46914,0x2B0,0.0,0.0,1.0,6.25,0.93,0.14,18.78125,18.71875,18.125,18.28125,-9.6,0.0,0.0,0.0
27.47645,0x220,0.0,0.0,1.0,6.25,0.99,0.12,18.78125,18.71875,18.125,18.28125,-9.6,0.0,0.0,0.0
27.47739,0x316,0.0,0.0,1.0,6.25,0.99,0.12,18.78125,18.71875,18.125,18.28125,-9.6,0.0,0.0,0.0
27.47922,0x2B0,0.0,0.0,1.0,6.25,0.99,0.12,18.78125,18.71875,18.125,18.28125,-9.7,0.0,0.0,0.0
27.48644,0x220,0.0,0.0,1.0,6.25,1.03,0.1,18.78125,18.71875,18.125,18.28125,-9.7,0.0,0.0,0.0
27.48667,0x386,0.0,0.0,1.0,6.25,1.03,0.1,18.1875,18.53125,18.125,18.28125,-9.7,0.0,0.0,0.0
27.48738,0x316,0.0,0.0,1.0,6.25,1.03,0.1,18.1875,18.53125,18.125,18.28125,-9.7,0.0,0.0,0.0
27.48922,0x2B0,0.0,0.0,1.0,6.25,1.03,0.1,18.1875,18.53125,18.125,18.28125,-9.7,0.0,0.0,0.0
27.49646,0x220,0.0,0.0,1.0,6.25,1.05,0.11,18.1875,18.53125,18.125,18.28125,-9.7,0.0,0.0,0.0
27.49767,0x316,0.0,0.0,1.0,6.25,1.05,0.11,18.1875,18.53125,18.125,18.28125,-9.7,0.0,0.0,0.0
27.49922,0x2B0,0.0,0.0,1.0,6.25,1.05,0.11,18.1875,18.53125,18.125,18.28125,-9.9,8.0,0.0,0.0
27.50643,0x220,0.0,0.0,1.0,6.25,1.05,0.14,18.1875,18.53125,18.125,18.28125,-9.9,8.0,0.0,0.0
27.50666,0x386,0.0,0.0,1.0,6.25,1.05,0.14,18.5625,18.4375,18.25,18.28125,-9.9,8.0,0.0,0.0
27.50737,0x316,0.0,0.0,1.0,6.25,1.05,0.14,18.5625,18.4375,18.25,18.28125,-9.9,8.0,0.0,0.0
27.50914,0x2B0,0.0,0.0,1.0,6.25,1.05,0.14,18.5625,18.4375,18.25,18.28125,-9.9,8.0,0.0,0.0
27.51645,0x220,0.0,0.0,1.0,6.25,1.01,0.14,18.5625,18.4375,18.25,18.28125,-9.9,8.0,0.0,0.0
27.51714,0x316,0.0,0.0,1.0,6.25,1.01,0.14,18.5625,18.4375,18.25,18.28125,-9.9,8.0,0.0,0.0
27.51916,0x2B0,0.0,0.0,1.0,6.25,1.01,0.14,18.5625,18.4375,18.25,18.28125,-9.9,0.0,0.0,0.0
27.52645,0x220,0.0,0.0,1.0,6.25,0.95,0.11,18.5625,18.4375,18.25,18.28125,-9.9,0.0,0.0,0.0
27.52668,0x386,0.0,0.0,1.0,6.25,0.95,0.11,18.71875,18.75,18.21875,18.1875,-9.9,0.0,0.0,0.0
27.52717,0x316,0.0,0.0,1.0,6.25,0.95,0.11,18.71875,18.75,18.21875,18.1875,-9.9,0.0,0.0,0.0
27.5292,0x2B0,0.0,0.0,1.0,6.25,0.95,0.11,18.71875,18.75,18.21875,18.1875,-9.9,0.0,0.0,0.0
27.53645,0x220,0.0,0.0,1.0,6.25,0.9,0.08,18.71875,18.75,18.21875,18.1875,-9.9,0.0,0.0,0.0
27.5372,0x316,0.0,0.0,1.0,6.25,0.9,0.08,18.71875,18.75,18.21875,18.1875,-9.9,0.0,0.0,0.0
27.5392,0x2B0,0.0,0.0,1.0,6.25,0.9,0.08,18.71875,18.75,18.21875,18.1875,-9.9,0.0,0.0,0.0
27.54645,0x220,0.0,0.0,1.0,6.25,0.91,0.07,18.71875,18.75,18.21875,18.1875,-9.9,0.0,0.0,0.0
27.54668,0x386,0.0,0.0,1.0,6.25,0.91,0.07,18.625,18.46875,18.09375,18.28125,-9.9,0.0,0.0,0.0
27.54741,0x316,0.0,0.0,1.0,6.25,0.91,0.07,18.625,18.46875,18.09375,18.28125,-9.9,0.0,0.0,0.0
27.54921,0x2B0,0.0,0.0,1.0,6.25,0.91,0.07,18.625,18.46875,18.09375,18.28125,-10.0,0.0,0.0,0.0
27.55645,0x220,0.0,0.0,1.0,6.25,0.9,0.09,18.625,18.46875,18.09375,18.28125,-10.0,0.0,0.0,0.0
27.55716,0x316,0.0,0.0,1.0,6.25,0.9,0.09,18.625,18.46875,18.09375,18.28125,-10.0,0.0,0.0,0.0
27.55919,0x2B0,0.0,0.0,1.0,6.25,0.9,0.09,18.625,18.46875,18.09375,18.28125,-10.0,0.0,0.0,0.0
27.56644,0x220,0.0,0.0,1.0,6.25,0.87,0.11,18.625,18.46875,18.09375,18.28125,-10.0,0.0,0.0,0.0
27.56666,0x386,0.0,0.0,1.0,6.25,0.87,0.11,18.40625,18.34375,18.09375,18.28125,-10.0,0.0,0.0,0.0
27.56812,0x316,0.0,0.0,1.0,6.25,0.87,0.11,18.40625,18.34375,18.09375,18.28125,-10.0,0.0,0.0,0.0
27.56927,0x2B0,0.0,0.0,1.0,6.25,0.87,0.11,18.40625,18.34375,18.09375,18.28125,-10.1,0.0,0.0,0.0
27.57646,0x220,0.0,0.0,1.0,6.25,0.84,0.12,18.40625,18.34375,18.09375,18.28125,-10.1,0.0,0.0,0.0
27.57744,0x316,0.0,0.0,1.0,6.25,0.84,0.12,18.40625,18.34375,18.09375,18.28125,-10.1,0.0,0.0,0.0
27.57923,0x2B0,0.0,0.0,1.0,6.25,0.84,0.12,18.40625,18.34375,18.09375,18.28125,-10.1,0.0,0.0,0.0
27.58645,0x220,0.0,0.0,1.0,6.25,0.82,0.13,18.40625,18.34375,18.09375,18.28125,-10.1,0.0,0.0,0.0
27.58669,0x386,0.0,0.0,1.0,6.25,0.82,0.13,18.625,18.78125,18.21875,18.21875,-10.1,0.0,0.0,0.0
27.5874,0x316,0.0,0.0,1.0,6.25,0.82,0.13,18.625,18.78125,18.21875,18.21875,-10.1,0.0,0.0,0.0
27.58922,0x2B0,0.0,0.0,1.0,6.25,0.82,0.13,18.625,18.78125,18.21875,18.21875,-10.2,0.0,0.0,0.0
27.59645,0x220,0.0,0.0,1.0,6.25,0.78,0.14,18.625,18.78125,18.21875,18.21875,-10.2,0.0,0.0,0.0
27.59737,0x316,0.0,0.0,1.0,6.25,0.78,0.14,18.625,18.78125,18.21875,18.21875,-10.2,0.0,0.0,0.0
27.59922,0x2B0,0.0,0.0,1.0,6.25,0.78,0.14,18.625,18.78125,18.21875,18.21875,-10.2,0.0,0.0,0.0
27.60646,0x220,0.0,0.0,1.0,6.25,0.72,0.14,18.625,18.78125,18.21875,18.21875,-10.2,0.0,0.0,0.0
27.60668,0x386,0.0,0.0,1.0,6.25,0.72,0.14,18.59375,18.65625,18.09375,18.15625,-10.2,0.0,0.0,0.0
27.60741,0x316,0.0,0.0,1.0,6.25,0.72,0.14,18.59375,18.65625,18.09375,18.15625,-10.2,0.0,0.0,0.0
27.6092,0x2B0,0.0,0.0,1.0,6.25,0.72,0.14,18.59375,18.65625,18.09375,18.15625,-10.3,0.0,0.0,0.0
27.61643,0x220,0.0,0.0,1.0,6.25,0.7,0.16,18.59375,18.65625,18.09375,18.15625,-10.3,0.0,0.0,0.0
27.61722,0x316,0.0,0.0,1.0,6.25,0.7,0.16,18.59375,18.65625,18.09375,18.15625,-10.3,0.0,0.0,0.0
27.61922,0x2B0,0.0,0.0,1.0,6.25,0.7,0.16,18.59375,18.65625,18.09375,18.15625,-10.3,0.0,0.0,0.0
27.62646,0x220,0.0,0.0,1.0,6.25,0.73,0.17,18.59375,18.65625,18.09375,18.15625,-10.3,0.0,0.0,0.0
27.62669,0x386,0.0,0.0,1.0,6.25,0.73,0.17,18.5,18.4375,18.21875,18.15625,-10.3,0.0,0.0,0.0
27.6274,0x316,0.0,0.0,1.0,6.25,0.73,0.17,18.5,18.4375,18.21875,18.15625,-10.3,0.0,0.0,0.0
27.62924,0x2B0,0.0,0.0,1.0,6.25,0.73,0.17,18.5,18.4375,18.21875,18.15625,-10.5,8.0,0.0,0.0
27.63645,0x220,0.0,0.0,1.0,6.25,0.74,0.16,18.5,18.4375,18.21875,18.15625,-10.5,8.0,0.0,0.0
27.63715,0x316,0.0,0.0,1.0,6.25,0.74,0.16,18.5,18.4375,18.21875,18.15625,-10.5,8.0,0.0,0.0
27.63917,0x2B0,0.0,0.0,1.0,6.25,0.74,0.16,18.5,18.4375,18.21875,18.15625,-10.5,8.0,0.0,0.0
27.64645,0x220,0.0,0.0,1.0,6.25,0.75,0.14,18.5,18.4375,18.21875,18.15625,-10.5,8.0,0.0,0.0
27.64667,0x386,0.0,0.0,1.0,6.25,0.75,0.14,18.46875,18.5,18.1875,18.125,-10.5,8.0,0.0,0.0
27.64715,0x316,0.0,0.0,1.0,6.25,0.75,0.14,18.46875,18.5,18.1875,18.125,-10.5,8.0,0.0,0.0
27.64925,0x2B0,0.0,0.0,1.0,6.25,0.75,0.14,18.46875,18.5,18.1875,18.125,-10.5,0.0,0.0,0.0
27.65646,0x220,0.0,0.0,1.0,6.25,0.81,0.1,18.46875,18.5,18.1875,18.125,-10.5,0.0,0.0,0.0
27.65718,0x316,0.0,0.0,1.0,6.25,0.81,0.1,18.46875,18.5,18.1875,18.125,-10.5,0.0,0.0,0.0
27.65924,0x2B0,0.0,0.0,1.0,6.25,0.81,0.1,18.46875,18.5,18.1875,18.125,-10.7,8.0,0.0,0.0
27.66643,0x220,0.0,0.0,1.0,6.25,0.86,0.07,18.46875,18.5,18.1875,18.125,-10.7,8.0,0.0,0.0
27.66666,0x386,0.0,0.0,1.0,6.25,0.86,0.07,18.5,18.625,18.21875,18.1875,-10.7,8.0,0.0,0.0
27.66785,0x316,0.0,0.0,1.0,6.25,0.86,0.07,18.5,18.625,18.21875,18.1875,-10.7,8.0,0.0,0.0
27.66925,0x2B0,0.0,0.0,1.0,6.25,0.86,0.07,18.5,18.625,18.21875,18.1875,-10.7,8.0,0.0,0.0
27.67646,0x220,0.0,0.0,1.0,6.25,0.89,0.07,18.5,18.625,18.21875,18.1875,-10.7,8.0,0.0,0.0
27.67773,0x316,0.0,0.0,1.0,6.25,0.89,0.07,18.5,18.625,18.21875,18.1875,-10.7,8.0,0.0,0.0
27.67926,0x2B0,0.0,0.0,1.0,6.25,0.89,0.07,18.5,18.625,18.21875,18.1875,-10.8,0.0,0.0,0.0
27.68645,0x220,0.0,0.0,1.0,6.25,0.86,0.08,18.5,18.625,18.21875,18.1875,-10.8,0.0,0.0,0.0
27.68668,0x386,0.0,0.0,1.0,6.25,0.86,0.08,18.46875,18.375,18.21875,18.125,-10.8,0.0,0.0,0.0
27.68716,0x316,0.0,0.0,1.0,6.25,0.86,0.08,18.46875,18.375,18.21875,18.125,-10.8,0.0,0.0,0.0
27.68927,0x2B0,0.0,0.0,1.0,6.25,0.86,0.08,18.46875,18.375,18.21875,18.125,-10.8,0.0,0.0,0.0
27.69646,0x220,0.0,0.0,1.0,6.25,0.84,0.05,18.46875,18.375,18.21875,18.125,-10.8,0.0,0.0,0.0
27.69733,0x316,0.0,0.0,1.0,6.25,0.84,0.05,18.46875,18.375,18.21875,18.125,-10.8,0.0,0.0,0.0
27.69927,0x2B0,0.0,0.0,1.0,6.25,0.84,0.05,18.46875,18.375,18.21875,18.125,-10.9,0.0,0.0,0.0
27.70646,0x220,0.0,0.0,1.0,6.25,0.83,0.03,18.46875,18.375,18.21875,18.125,-10.9,0.0,0.0,0.0
27.70669,0x386,0.0,0.0,1.0,6.25,0.83,0.03,18.5625,18.34375,18.1875,18.15625,-10.9,0.0,0.0,0.0
27.70741,0x316,0.0,0.0,1.0,6.25,0.83,0.03,18.5625,18.34375,18.1875,18.15625,-10.9,0.0,0.0,0.0
27.70928,0x2B0,0.0,0.0,1.0,6.25,0.83,0.03,18.5625,18.34375,18.1875,18.15625,-10.9,0.0,0.0,0.0
27.71646,0x220,0.0,0.0,1.0,6.25,0.81,0.0,18.5625,18.34375,18.1875,18.15625,-10.9,0.0,0.0,0.0
27.71714,0x316,0.0,0.0,1.0,6.25,0.81,0.0,18.5625,18.34375,18.1875,18.15625,-10.9,0.0,0.0,0.0
27.71924,0x2B0,0.0,0.0,1.0,6.25,0.81,0.0,18.5625,18.34375,18.1875,18.15625,-11.1,8.0,0.0,0.0
27.72646,0x220,0.0,0.0,1.0,6.25,0.8,0.0,18.5625,18.34375,18.1875,18.15625,-11.1,8.0,0.0,0.0
27.72669,0x386,0.0,0.0,1.0,6.25,0.8,0.0,18.46875,18.46875,18.125,18.1875,-11.1,8.0,0.0,0.0
27.72741,0x316,0.0,0.0,1.0,6.25,0.8,0.0,18.46875,18.46875,18.125,18.1875,-11.1,8.0,0.0,0.0
27.72924,0x2B0,0.0,0.0,1.0,6.25,0.8,0.0,18.46875,18.46875,18.125,18.1875,-11.1,8.0,0.0,0.0
27.73646,0x220,0.0,0.0,1.0,6.25,0.86,0.0,18.46875,18.46875,18.125,18.1875,-11.1,8.0,0.0,0.0
27.73715,0x316,0.0,0.0,1.0,6.25,0.86,0.0,18.46875,18.46875,18.125,18.1875,-11.1,8.0,0.0,0.0
27.73924,0x2B0,0.0,0.0,1.0,6.25,0.86,0.0,18.46875,18.46875,18.125,18.1875,-11.3,8.0,0.0,0.0
27.74644,0x220,0.0,0.0,1.0,6.25,0.93,0.01,18.46875,18.46875,18.125,18.1875,-11.3,8.0,0.0,0.0
27.74667,0x386,0.0,0.0,1.0,6.25,0.93,0.01,18.40625,18.53125,18.09375,18.15625,-11.3,8.0,0.0,0.0
27.74739,0x316,0.0,0.0,1.0,6.25,0.93,0.01,18.40625,18.53125,18.09375,18.15625,-11.3,8.0,0.0,0.0
27.74926,0x2B0,0.0,0.0,1.0,6.25,0.93,0.01,18.40625,18.53125,18.09375,18.15625,-11.3,8.0,0.0,0.0
27.75646,0x220,0.0,0.0,1.0,6.25,0.95,0.01,18.40625,18.53125,18.09375,18.15625,-11.3,8.0,0.0,0.0
27.75717,0x316,0.0,0.0,1.0,6.25,0.95,0.01,18.40625,18.53125,18.09375,18.15625,-11.3,8.0,0.0,0.0
27.75922,0x2B0,0.0,0.0,1.0,6.25,0.95,0.01,18.40625,18.53125,18.09375,18.15625,-11.5,8.0,0.0,0.0
27.76644,0x220,0.0,0.0,1.0,6.25,0.93,0.0,18.40625,18.53125,18.09375,18.15625,-11.5,8.0,0.0,0.0
27.76667,0x386,0.0,0.0,1.0,6.25,0.93,0.0,18.59375,18.46875,18.0,18.21875,-11.5,8.0,0.0,0.0
27.76786,0x316,0.0,0.0,1.0,6.25,0.93,0.0,18.59375,18.46875,18.0,18.21875,-11.5,8.0,0.0,0.0
27.76922,0x2B0,0.0,0.0,1.0,6.25,0.93,0.0,18.59375,18.46875,18.0,18.21875,-11.5,8.0,0.0,0.0
27.77646,0x220,0.0,0.0,1.0,6.25,0.88,0.0,18.59375,18.46875,18.0,18.21875,-11.5,8.0,0.0,0.0
27.77736,0x316,0.0,0.0,1.0,6.25,0.88,0.0,18.59375,18.46875,18.0,18.21875,-11.5,8.0,0.0,0.0
27.77924,0x2B0,0.0,0.0,1.0,6.25,0.88,0.0,18.59375,18.46875,18.0,18.21875,-11.6,0.0,0.0,0.0
27.78645,0x220,0.0,0.0,1.0,6.25,0.82,0.03,18.59375,18.46875,18.0,18.21875,-11.6,0.0,0.0,0.0
27.78668,0x386,0.0,0.0,1.0,6.25,0.82,0.03,18.4375,18.5,17.96875,18.125,-11.6,0.0,0.0,0.0
27.7874,0x316,0.0,0.0,1.0,6.25,0.82,0.03,18.4375,18.5,17.96875,18.125,-11.6,0.0,0.0,0.0
27.78925,0x2B0,0.0,0.0,1.0,6.25,0.82,0.03,18.4375,18.5,17.96875,18.125,-11.8,12.0,0.0,0.0
27.79646,0x220,0.0,0.0,1.0,6.25,0.82,0.03,18.4375,18.5,17.96875,18.125,-11.8,12.0,0.0,0.0
27.79733,0x316,0.0,0.0,1.0,6.25,0.82,0.03,18.4375,18.5,17.96875,18.125,-11.8,12.0,0.0,0.0
27.79926,0x2B0,0.0,0.0,1.0,6.25,0.82,0.03,18.4375,18.5,17.96875,18.125,-11.8,8.0,0.0,0.0
27.80646,0x220,0.0,0.0,1.0,6.25,0.82,0.02,18.4375,18.5,17.96875,18.125,-11.8,8.0,0.0,0.0
27.80668,0x386,0.0,0.0,1.0,6.25,0.82,0.02,18.40625,18.3125,17.96875,18.15625,-11.8,8.0,0.0,0.0
27.80741,0x316,0.0,0.0,1.0,6.25,0.82,0.02,18.40625,18.3125,17.96875,18.15625,-11.8,8.0,0.0,0.0
27.80923,0x2B0,0.0,0.0,1.0,6.25,0.82,0.02,18.40625,18.3125,17.96875,18.15625,-12.0,8.0,0.0,0.0
27.81646,0x220,0.0,0.0,1.0,6.25,0.83,0.03,18.40625,18.3125,17.96875,18.15625,-12.0,8.0,0.0,0.0
27.81714,0x316,0.0,0.0,1.0,6.25,0.83,0.03,18.40625,18.3125,17.96875,18.15625,-12.0,8.0,0.0,0.0
27.81925,0x2B0,0.0,0.0,1.0,6.25,0.83,0.03,18.40625,18.3125,17.96875,18.15625,-12.0,8.0,0.0,0.0
27.82646,0x220,0.0,0.0,1.0,6.25,0.83,0.07,18.40625,18.3125,17.96875,18.15625,-12.0,8.0,0.0,0.0
27.82669,0x386,0.0,0.0,1.0,6.25,0.83,0.07,18.34375,18.40625,17.96875,18.09375,-12.0,8.0,0.0,0.0
27.82741,0x316,0.0,0.0,1.0,6.25,0.83,0.07,18.34375,18.40625,17.96875,18.09375,-12.0,8.0,0.0,0.0
27.82924,0x2B0,0.0,0.0,1.0,6.25,0.83,0.07,18.34375,18.40625,17.96875,18.09375,-12.2,8.0,0.0,0.0
27.83646,0x220,0.0,0.0,1.0,6.25,0.82,0.07,18.34375,18.40625,17.96875,18.09375,-12.2,8.0,0.0,0.0
27.83718,0x316,0.0,0.0,1.0,6.25,0.82,0.07,18.34375,18.40625,17.96875,18.09375,-12.2,8.0,0.0,0.0
27.83926,0x2B0,0.0,0.0,1.0,6.25,0.82,0.07,18.34375,18.40625,17.96875,18.09375,-12.2,8.0,0.0,0.0
27.84646,0x220,0.0,0.0,1.0,6.25,0.84,0.08,18.34375,18.40625,17.96875,18.09375,-12.2,8.0,0.0,0.0
27.84669,0x386,0.0,0.0,1.0,6.25,0.84,0.08,18.40625,18.4375,18.03125,18.15625,-12.2,8.0,0.0,0.0
27.8474,0x316,0.0,0.0,1.0,6.25,0.84,0.08,18.40625,18.4375,18.03125,18.15625,-12.2,8.0,0.0,0.0
27.84924,0x2B0,0.0,0.0,1.0,6.25,0.84,0.08,18.40625,18.4375,18.03125,18.15625,-12.3,0.0,0.0,0.0
27.85647,0x220,0.0,0.0,1.0,6.25,0.81,0.09,18.40625,18.4375,18.03125,18.15625,-12.3,0.0,0.0,0.0
27.85716,0x316,0.0,0.0,1.0,6.25,0.81,0.09,18.40625,18.4375,18.03125,18.15625,-12.3,0.0,0.0,0.0
27.85924,0x2B0,0.0,0.0,1.0,6.25,0.81,0.09,18.40625,18.4375,18.03125,18.15625,-12.3,0.0,0.0,0.0
27.86644,0x220,0.0,0.0,1.0,6.25,0.73,0.1,18.40625,18.4375,18.03125,18.15625,-12.3,0.0,0.0,0.0
27.86667,0x386,0.0,0.0,1.0,6.25,0.73,0.1,18.5625,18.34375,18.0625,18.0625,-12.3,0.0,0.0,0.0
27.86789,0x316,0.0,0.0,1.0,6.25,0.73,0.1,18.5625,18.34375,18.0625,18.0625,-12.3,0.0,0.0,0.0
27.86925,0x2B0,0.0,0.0,1.0,6.25,0.73,0.1,18.5625,18.34375,18.0625,18.0625,-12.5,8.0,0.0,0.0
27.87646,0x220,0.0,0.0,1.0,6.25,0.73,0.13,18.5625,18.34375,18.0625,18.0625,-12.5,8.0,0.0,0.0
27.8778,0x316,0.0,0.0,1.0,6.25,0.73,0.13,18.5625,18.34375,18.0625,18.0625,-12.5,8.0,0.0,0.0
27.87926,0x2B0,0.0,0.0,1.0,6.25,0.73,0.13,18.5625,18.34375,18.0625,18.0625,-12.6,12.0,0.0,0.0
27.88646,0x220,0.0,0.0,1.0,6.25,0.71,0.13,18.5625,18.34375,18.0625,18.0625,-12.6,12.0,0.0,0.0
27.88669,0x386,0.0,0.0,1.0,6.25,0.71,0.13,18.28125,18.3125,18.0,18.0,-12.6,12.0,0.0,0.0
27.88741,0x316,0.0,0.0,1.0,6.25,0.71,0.13,18.28125,18.3125,18.0,18.0,-12.6,12.0,0.0,0.0
27.88924,0x2B0,0.0,0.0,1.0,6.25,0.71,0.13,18.28125,18.3125,18.0,18.0,-12.6,0.0,0.0,0.0
27.89647,0x220,0.0,0.0,1.0,6.25,0.67,0.07,18.28125,18.3125,18.0,18.0,-12.6,0.0,0.0,0.0
27.89732,0x316,0.0,0.0,1.0,6.25,0.67,0.07,18.28125,18.3125,18.0,18.0,-12.6,0.0,0.0,0.0
27.89918,0x2B0,0.0,0.0,1.0,6.25,0.67,0.07,18.28125,18.3125,18.0,18.0,-12.8,8.0,0.0,0.0
27.90646,0x220,0.0,0.0,1.0,6.25,0.68,0.05,18.28125,18.3125,18.0,18.0,-12.8,8.0,0.0,0.0
27.90669,0x386,0.0,0.0,1.0,6.25,0.68,0.05,18.4375,18.375,18.0,18.0625,-12.8,8.0,0.0,0.0
27.90741,0x316,0.0,0.0,1.0,6.25,0.68,0.05,18.4375,18.375,18.0,18.0625,-12.8,8.0,0.0,0.0
27.9092,0x2B0,0.0,0.0,1.0,6.25,0.68,0.05,18.4375,18.375,18.0,18.0625,-12.8,8.0,0.0,0.0
27.91646,0x220,0.0,0.0,1.0,6.25,0.71,0.07,18.4375,18.375,18.0,18.0625,-12.8,8.0,0.0,0.0
27.91722,0x316,0.0,0.0,1.0,6.25,0.71,0.07,18.4375,18.375,18.0,18.0625,-12.8,8.0,0.0,0.0
27.9192,0x2B0,0.0,0.0,1.0,6.25,0.71,0.07,18.4375,18.375,18.0,18.0625,-12.9,0.0,0.0,0.0
27.92647,0x220,0.0,0.0,1.0,6.25,0.73,0.1,18.4375,18.375,18.0,18.0625,-12.9,0.0,0.0,0.0
27.9267,0x386,0.0,0.0,1.0,6.25,0.73,0.1,18.4375,18.375,18.0,18.09375,-12.9,0.0,0.0,0.0
27.92718,0x316,0.0,0.0,1.0,6.25,0.73,0.1,18.4375,18.375,18.0,18.09375,-12.9,0.0,0.0,0.0
27.92921,0x2B0,0.0,0.0,1.0,6.25,0.73,0.1,18.4375,18.375,18.0,18.09375,-12.9,0.0,0.0,0.0
27.93646,0x220,0.0,0.0,1.0,6.25,0.71,0.09,18.4375,18.375,18.0,18.09375,-12.9,0.0,0.0,0.0
27.93714,0x316,0.0,0.0,1.0,6.25,0.71,0.09,18.4375,18.375,18.0,18.09375,-12.9,0.0,0.0,0.0
27.93919,0x2B0,0.0,0.0,1.0,6.25,0.71,0.09,18.4375,18.375,18.0,18.09375,-13.1,8.0,0.0,0.0
27.94645,0x220,0.0,0.0,1.0,6.25,0.67,0.06,18.4375,18.375,18.0,18.09375,-13.1,8.0,0.0,0.0
27.94668,0x386,0.0,0.0,1.0,6.25,0.67,0.06,18.375,18.09375,18.0,18.0625,-13.1,8.0,0.0,0.0
27.9474,0x316,0.0,0.0,1.0,6.25,0.67,0.06,18.375,18.09375,18.0,18.0625,-13.1,8.0,0.0,0.0
27.94921,0x2B0,0.0,0.0,1.0,6.25,0.67,0.06,18.375,18.09375,18.0,18.0625,-13.1,8.0,0.0,0.0
27.95646,0x220,0.0,0.0,1.0,6.25,0.62,0.05,18.375,18.09375,18.0,18.0625,-13.1,8.0,0.0,0.0
27.95722,0x316,0.0,0.0,1.0,6.25,0.62,0.05,18.375,18.09375,18.0,18.0625,-13.1,8.0,0.0,0.0
27.9592,0x2B0,0.0,0.0,1.0,6.25,0.62,0.05,18.375,18.09375,18.0,18.0625,-13.3,8.0,0.0,0.0
27.96644,0x220,0.0,0.0,1.0,6.25,0.6,0.06,18.375,18.09375,18.0,18.0625,-13.3,8.0,0.0,0.0
27.96667,0x386,0.0,0.0,1.0,6.25,0.6,0.06,18.46875,18.46875,18.09375,18.0,-13.3,8.0,0.0,0.0
27.96786,0x316,0.0,0.0,1.0,6.25,0.6,0.06,18.46875,18.46875,18.09375,18.0,-13.3,8.0,0.0,0.0
27.96922,0x2B0,0.0,0.0,1.0,6.25,0.6,0.06,18.46875,18.46875,18.09375,18.0,-13.3,8.0,0.0,0.0
27.97647,0x220,0.0,0.0,1.0,6.25,0.64,0.06,18.46875,18.46875,18.09375,18.0,-13.3,8.0,0.0,0.0
27.97733,0x316,0.0,0.0,1.0,6.25,0.64,0.06,18.46875,18.46875,18.09375,18.0,-13.3,8.0,0.0,0.0
27.97923,0x2B0,0.0,0.0,1.0,6.25,0.64,0.06,18.46875,18.46875,18.09375,18.0,-13.5,8.0,0.0,0.0
27.98645,0x220,0.0,0.0,1.0,6.25,0.67,0.05,18.46875,18.46875,18.09375,18.0,-13.5,8.0,0.0,0.0
27.98668,0x386,0.0,0.0,1.0,6.25,0.67,0.05,18.3125,18.34375,18.0625,18.03125,-13.5,8.0,0.0,0.0
27.9874,0x316,0.0,0.0,1.0,6.25,0.67,0.05,18.3125,18.34375,18.0625,18.03125,-13.5,8.0,0.0,0.0
27.98921,0x2B0,0.0,0.0,1.0,6.25,0.67,0.05,18.3125,18.34375,18.0625,18.03125,-13.5,8.0,0.0,0.0
27.99647,0x220,0.0,0.0,1.0,6.25,0.73,0.02,18.3125,18.34375,18.0625,18.03125,-13.5,8.0,0.0,0.0
27.99738,0x316,0.0,0.0,1.0,6.25,0.73,0.02,18.3125,18.34375,18.0625,18.03125,-13.5,8.0,0.0,0.0
27.99921,0x2B0,0.0,0.0,1.0,6.25,0.73,0.02,18.3125,18.34375,18.0625,18.03125,-13.6,0.0,0.0,0.0
28.00646,0x220,0.0,0.0,1.0,6.25,0.74,0.0,18.3125,18.34375,18.0625,18.03125,-13.6,0.0,0.0,0.0
28.00669,0x386,0.0,0.0,1.0,6.25,0.74,0.0,18.3125,18.3125,17.96875,18.03125,-13.6,0.0,0.0,0.0
28.00741,0x316,0.0,0.0,1.0,6.25,0.74,0.0,18.3125,18.3125,17.96875,18.03125,-13.6,0.0,0.0,1.0
28.00922,0x2B0,0.0,0.0,1.0,6.25,0.74,0.0,18.3125,18.3125,17.96875,18.03125,-13.6,0.0,0.0,1.0
28.01647,0x220,0.0,0.0,1.0,6.25,0.7,0.0,18.3125,18.3125,17.96875,18.03125,-13.6,0.0,0.0,1.0
28.01713,0x316,0.0,0.0,1.0,6.25,0.7,0.0,18.3125,18.3125,17.96875,18.03125,-13.6,0.0,0.0,3.0
28.01922,0x2B0,0.0,0.0,1.0,6.25,0.7,0.0,18.3125,18.3125,17.96875,18.03125,-13.8,8.0,0.0,3.0
28.02647,0x220,0.0,0.0,1.0,6.25,0.66,0.0,18.3125,18.3125,17.96875,18.03125,-13.8,8.0,0.0,3.0
28.0267,0x386,0.0,0.0,1.0,6.25,0.66,0.0,18.375,18.4375,18.0625,17.96875,-13.8,8.0,0.0,3.0
28.02742,0x316,0.0,0.0,1.0,6.25,0.66,0.0,18.375,18.4375,18.0625,17.96875,-13.8,8.0,0.0,4.0
28.02922,0x2B0,0.0,0.0,1.0,6.25,0.66,0.0,18.375,18.4375,18.0625,17.96875,-13.8,8.0,0.0,4.0
28.03647,0x220,0.0,0.0,1.0,6.25,0.64,0.01,18.375,18.4375,18.0625,17.96875,-13.8,8.0,0.0,4.0
28.03721,0x316,0.0,0.0,1.0,6.25,0.64,0.01,18.375,18.4375,18.0625,17.96875,-13.8,8.0,0.0,4.0
28.0392,0x2B0,0.0,0.0,1.0,6.25,0.64,0.01,18.375,18.4375,18.0625,17.96875,-14.0,8.0,0.0,4.0
28.04644,0x220,0.0,0.0,1.0,6.25,0.65,0.06,18.375,18.4375,18.0625,17.96875,-14.0,8.0,0.0,4.0
28.04667,0x386,0.0,0.0,1.0,6.25,0.65,0.06,18.34375,18.3125,18.0,17.96875,-14.0,8.0,0.0,4.0
28.04714,0x316,0.0,0.0,1.0,6.25,0.65,0.06,18.34375,18.3125,18.0,17.96875,-14.0,8.0,0.0,4.0
28.04921,0x2B0,0.0,0.0,1.0,6.25,0.65,0.06,18.34375,18.3125,18.0,17.96875,-14.0,8.0,0.0,4.0
28.05647,0x220,0.0,0.0,1.0,6.25,0.67,0.08,18.34375,18.3125,18.0,17.96875,-14.0,8.0,0.0,4.0
28.05716,0x316,0.0,0.0,1.0,6.25,0.67,0.08,18.34375,18.3125,18.0,17.96875,-14.0,8.0,0.0,4.0
28.05923,0x2B0,0.0,0.0,1.0,6.25,0.67,0.08,18.34375,18.3125,18.0,17.96875,-14.2,8.0,0.0,4.0
28.06644,0x220,0.0,0.0,1.0,6.25,0.68,0.07,18.34375,18.3125,18.0,17.96875,-14.2,8.0,0.0,4.0
28.06667,0x386,0.0,0.0,1.0,6.25,0.68,0.07,18.3125,18.1875,17.96875,18.0625,-14.2,8.0,0.0,4.0
28.06763,0x316,0.0,0.0,1.0,6.25,0.68,0.07,18.3125,18.1875,17.96875,18.0625,-14.2,8.0,0.0,4.0
28.0692,0x2B0,0.0,0.0,1.0,6.25,0.68,0.07,18.3125,18.1875,17.96875,18.0625,-14.3,12.0,0.0,4.0
28.07646,0x220,0.0,0.0,1.0,6.25,0.69,0.04,18.3125,18.1875,17.96875,18.0625,-14.3,12.0,0.0,4.0
28.07757,0x316,0.0,0.0,1.0,6.25,0.69,0.04,18.3125,18.1875,17.96875,18.0625,-14.3,12.0,0.0,4.0
28.07919,0x2B0,0.0,0.0,1.0,6.25,0.69,0.04,18.3125,18.1875,17.96875,18.0625,-14.3,0.0,0.0,4.0
28.08646,0x220,0.0,0.0,1.0,6.25,0.7,0.01,18.3125,18.1875,17.96875,18.0625,-14.3,0.0,0.0,4.0
28.08669,0x386,0.0,0.0,1.0,6.25,0.7,0.01,18.46875,18.46875,17.90625,18.09375,-14.3,0.0,0.0,4.0
28.08716,0x316,0.0,0.0,1.0,6.25,0.7,0.01,18.46875,18.46875,17.90625,18.09375,-14.3,0.0,0.0,5.0
28.08921,0x2B0,0.0,0.0,1.0,6.25,0.7,0.01,18.46875,18.46875,17.90625,18.09375,-14.6,12.0,0.0,5.0
28.09646,0x220,0.0,0.0,1.0,6.25,0.72,0.0,18.46875,18.46875,17.90625,18.09375,-14.6,12.0,0.0,5.0
28.09731,0x316,0.0,0.0,1.0,6.25,0.72,0.0,18.46875,18.46875,17.90625,18.09375,-14.6,12.0,0.0,5.0
28.09921,0x2B0,0.0,0.0,1.0,6.25,0.72,0.0,18.46875,18.46875,17.90625,18.09375,-14.6,12.0,0.0,5.0
28.10646,0x220,0.0,0.0,1.0,6.25,0.74,0.0,18.46875,18.46875,17.90625,18.09375,-14.6,12.0,0.0,5.0
28.10669,0x386,0.0,0.0,1.0,6.25,0.74,0.0,18.34375,18.4375,17.9375,18.0,-14.6,12.0,0.0,5.0
28.10741,0x316,0.0,0.0,1.0,6.25,0.74,0.0,18.34375,18.4375,17.9375,18.0,-14.6,12.0,0.0,5.0
28.10919,0x2B0,0.0,0.0,1.0,6.25,0.74,0.0,18.34375,18.4375,17.9375,18.0,-14.8,8.0,0.0,5.0
28.11646,0x220,0.0,0.0,1.0,6.25,0.73,0.04,18.34375,18.4375,17.9375,18.0,-14.8,8.0,0.0,5.0
28.11722,0x316,0.0,0.0,1.0,6.25,0.73,0.04,18.34375,18.4375,17.9375,18.0,-14.8,8.0,0.0,5.0
28.11921,0x2B0,0.0,0.0,1.0,6.25,0.73,0.04,18.34375,18.4375,17.9375,18.0,-14.9,12.0,0.0,5.0
28.12647,0x220,0.0,0.0,1.0,6.25,0.69,0.06,18.34375,18.4375,17.9375,18.0,-14.9,12.0,0.0,5.0
28.12669,0x386,0.0,0.0,1.0,6.25,0.69,0.06,18.09375,18.25,17.875,18.0,-14.9,12.0,0.0,5.0
28.12717,0x316,0.0,0.0,1.0,6.25,0.69,0.06,18.09375,18.25,17.875,18.0,-14.9,12.0,0.0,5.0
28.12922,0x2B0,0.0,0.0,1.0,6.25,0.69,0.06,18.09375,18.25,17.875,18.0,-14.9,0.0,0.0,5.0
28.13647,0x220,0.0,0.0,1.0,6.25,0.64,0.05,18.09375,18.25,17.875,18.0,-14.9,0.0,0.0,5.0
28.13713,0x316,0.0,0.0,1.0,6.25,0.64,0.05,18.09375,18.25,17.875,18.0,-14.9,0.0,0.0,5.0
28.1392,0x2B0,0.0,0.0,1.0,6.25,0.64,0.05,18.09375,18.25,17.875,18.0,-15.2,12.0,0.0,5.0
28.14646,0x220,0.0,0.0,1.0,6.25,0.6,0.06,18.09375,18.25,17.875,18.0,-15.2,12.0,0.0,5.0
28.14669,0x386,0.0,0.0,1.0,6.25,0.6,0.06,18.46875,18.75,17.8125,18.0,-15.2,12.0,0.0,5.0
28.14741,0x316,0.0,0.0,1.0,6.25,0.6,0.06,18.46875,18.75,17.8125,18.0,-15.2,12.0,0.0,5.0
28.14921,0x2B0,0.0,0.0,1.0,6.25,0.6,0.06,18.46875,18.75,17.8125,18.0,-15.2,12.0,0.0,5.0
28.15647,0x220,0.0,0.0,1.0,6.25,0.59,0.07,18.46875,18.75,17.8125,18.0,-15.2,12.0,0.0,5.0
28.15722,0x316,0.0,0.0,1.0,6.25,0.59,0.07,18.46875,18.75,17.8125,18.0,-15.2,12.0,0.0,5.0
28.15921,0x2B0,0.0,0.0,1.0,6.25,0.59,0.07,18.46875,18.75,17.8125,18.0,-15.5,12.0,0.0,5.0
28.16645,0x220,0.0,0.0,1.0,6.25,0.62,0.06,18.46875,18.75,17.8125,18.0,-15.5,12.0,0.0,5.0
28.16667,0x386,0.0,0.0,1.0,6.25,0.62,0.06,18.15625,18.15625,17.84375,17.875,-15.5,12.0,0.0,5.0
28.16739,0x316,0.0,0.0,1.0,6.25,0.62,0.06,18.15625,18.15625,17.84375,17.875,-15.5,12.0,0.0,5.0
28.1692,0x2B0,0.0,0.0,1.0,6.25,0.62,0.06,18.15625,18.15625,17.84375,17.875,-15.5,12.0,0.0,5.0
28.17647,0x220,0.0,0.0,1.0,6.25,0.64,0.04,18.15625,18.15625,17.84375,17.875,-15.5,12.0,0.0,5.0
28.17734,0x316,0.0,0.0,1.0,6.25,0.64,0.04,18.15625,18.15625,17.84375,17.875,-15.5,12.0,0.0,6.0
28.1792,0x2B0,0.0,0.0,1.0,6.25,0.64,0.04,18.15625,18.15625,17.84375,17.875,-15.7,8.0,0.0,6.0
28.18647,0x220,0.0,0.0,1.0,6.25,0.62,0.05,18.15625,18.15625,17.84375,17.875,-15.7,8.0,0.0,6.0
28.1867,0x386,0.0,0.0,1.0,6.25,0.62,0.05,17.9375,18.25,17.84375,17.9375,-15.7,8.0,0.0,6.0
28.18741,0x316,0.0,0.0,1.0,6.25,0.62,0.05,17.9375,18.25,17.84375,17.9375,-15.7,8.0,0.0,6.0
28.18921,0x2B0,0.0,0.0,1.0,6.25,0.62,0.05,17.9375,18.25,17.84375,17.9375,-15.7,8.0,0.0,6.0
28.19647,0x220,0.0,0.0,1.0,6.25,0.59,0.07,17.9375,18.25,17.84375,17.9375,-15.7,8.0,0.0,6.0
28.19736,0x316,0.0,0.0,1.0,6.25,0.59,0.07,17.9375,18.25,17.84375,17.9375,-15.7,8.0,0.0,6.0
28.19916,0x2B0,0.0,0.0,1.0,6.25,0.59,0.07,17.9375,18.25,17.84375,17.9375,-16.0,12.0,0.0,6.0
28.20647,0x220,0.0,0.0,1.0,6.25,0.57,0.08,17.9375,18.25,17.84375,17.9375,-16.0,12.0,0.0,6.0
28.2067,0x386,0.0,0.0,1.0,6.25,0.57,0.08,18.4375,18.59375,17.90625,17.9375,-16.0,12.0,0.0,6.0
28.20741,0x316,0.0,0.0,1.0,6.25,0.57,0.08,18.4375,18.59375,17.90625,17.9375,-16.0,12.0,0.0,6.0
28.20919,0x2B0,0.0,0.0,1.0,6.25,0.57,0.08,18.4375,18.59375,17.90625,17.9375,-16.0,12.0,0.0,6.0
28.21647,0x220,0.0,0.0,1.0,6.25,0.55,0.05,18.4375,18.59375,17.90625,17.9375,-16.0,12.0,0.0,6.0
28.21714,0x316,0.0,0.0,1.0,6.25,0.55,0.05,18.4375,18.59375,17.90625,17.9375,-16.0,12.0,0.0,6.0
28.21917,0x2B0,0.0,0.0,1.0,6.25,0.55,0.05,18.4375,18.59375,17.90625,17.9375,-16.3,12.0,0.0,6.0
28.22648,0x220,0.0,0.0,1.0,6.25,0.54,0.04,18.4375,18.59375,17.90625,17.9375,-16.3,12.0,0.0,6.0
28.22671,0x386,0.0,0.0,1.0,6.25,0.54,0.04,18.40625,18.09375,17.90625,17.9375,-16.3,12.0,0.0,6.0
28.22742,0x316,0.0,0.0,1.0,6.25,0.54,0.04,18.40625,18.09375,17.90625,17.9375,-16.3,12.0,0.0,6.0
28.22917,0x2B0,0.0,0.0,1.0,6.25,0.54,0.04,18.40625,18.09375,17.90625,17.9375,-16.4,20.0,0.0,6.0
28.23647,0x220,0.0,0.0,1.0,6.25,0.57,0.06,18.40625,18.09375,17.90625,17.9375,-16.4,20.0,0.0,6.0
28.23719,0x316,0.0,0.0,1.0,6.25,0.57,0.06,18.40625,18.09375,17.90625,17.9375,-16.4,20.0,0.0,6.0
28.23919,0x2B0,0.0,0.0,1.0,6.25,0.57,0.06,18.40625,18.09375,17.90625,17.9375,-16.6,12.0,0.0,6.0
28.24647,0x220,0.0,0.0,1.0,6.25,0.62,0.06,18.40625,18.09375,17.90625,17.9375,-16.6,12.0,0.0,6.0
28.2467,0x386,0.0,0.0,1.0,6.25,0.62,0.06,18.09375,17.9375,17.875,17.875,-16.6,12.0,0.0,6.0
28.24716,0x316,0.0,0.0,1.0,6.25,0.62,0.06,18.09375,17.9375,17.875,17.875,-16.6,12.0,0.0,6.0
28.2492,0x2B0,0.0,0.0,1.0,6.25,0.62,0.06,18.09375,17.9375,17.875,17.875,-16.6,8.0,0.0,6.0
28.25647,0x220,0.0,0.0,1.0,6.25,0.64,0.02,18.09375,17.9375,17.875,17.875,-16.6,8.0,0.0,6.0
28.25716,0x316,0.0,0.0,1.0,6.25,0.64,0.02,18.09375,17.9375,17.875,17.875,-16.6,8.0,0.0,6.0
28.2592,0x2B0,0.0,0.0,1.0,6.25,0.64,0.02,18.09375,17.9375,17.875,17.875,-16.8,8.0,0.0,6.0
28.26645,0x220,0.0,0.0,1.0,6.25,0.63,0.0,18.09375,17.9375,17.875,17.875,-16.8,8.0,0.0,6.0
28.26667,0x386,0.0,0.0,1.0,6.25,0.63,0.0,18.1875,18.3125,17.84375,17.9375,-16.8,8.0,0.0,6.0
28.26763,0x316,0.0,0.0,1.0,6.25,0.63,0.0,18.1875,18.3125,17.84375,17.9375,-16.8,8.0,0.0,6.0
28.26922,0x2B0,0.0,0.0,1.0,6.25,0.63,0.0,18.1875,18.3125,17.84375,17.9375,-17.0,20.0,0.0,6.0
28.27647,0x220,0.0,0.0,1.0,6.25,0.56,-0.02,18.1875,18.3125,17.84375,17.9375,-17.0,20.0,0.0,6.0
28.27763,0x316,0.0,0.0,1.0,6.25,0.56,-0.02,18.1875,18.3125,17.84375,17.9375,-17.0,20.0,0.0,7.0
28.27921,0x2B0,0.0,0.0,1.0,6.25,0.56,-0.02,18.1875,18.3125,17.84375,17.9375,-17.1,12.0,0.0,7.0
28.28646,0x220,0.0,0.0,1.0,6.25,0.47,-0.03,18.1875,18.3125,17.84375,17.9375,-17.1,12.0,0.0,7.0
28.28669,0x386,0.0,0.0,1.0,6.25,0.47,-0.03,18.28125,18.40625,17.90625,17.90625,-17.1,12.0,0.0,7.0
28.2874,0x316,0.0,0.0,1.0,6.25,0.47,-0.03,18.28125,18.40625,17.90625,17.90625,-17.1,12.0,0.0,7.0
28.28922,0x2B0,0.0,0.0,1.0,6.25,0.47,-0.03,18.28125,18.40625,17.90625,17.90625,-17.3,12.0,0.0,7.0
28.29648,0x220,0.0,0.0,1.0,6.25,0.45,0.0,18.28125,18.40625,17.90625,17.90625,-17.3,12.0,0.0,7.0
28.29728,0x316,0.0,0.0,1.0,6.25,0.45,0.0,18.28125,18.40625,17.90625,17.90625,-17.3,12.0,0.0,8.0
28.29921,0x2B0,0.0,0.0,1.0,6.25,0.45,0.0,18.28125,18.40625,17.90625,17.90625,-17.5,20.0,0.0,8.0
28.30647,0x220,0.0,0.0,1.0,6.25,0.47,0.04,18.28125,18.40625,17.90625,17.90625,-17.5,20.0,0.0,8.0
28.30669,0x386,0.0,0.0,1.0,6.25,0.47,0.04,18.21875,18.03125,17.90625,17.90625,-17.5,20.0,0.0,8.0
28.3074,0x316,0.0,0.0,1.0,6.25,0.47,0.04,18.21875,18.03125,17.90625,17.90625,-17.5,20.0,0.0,8.0
28.3092,0x2B0,0.0,0.0,1.0,6.25,0.47,0.04,18.21875,18.03125,17.90625,17.90625,-17.7,20.0,0.0,8.0
28.31647,0x220,0.0,0.0,1.0,6.25,0.53,0.08,18.21875,18.03125,17.90625,17.90625,-17.7,20.0,0.0,8.0
28.31717,0x316,0.0,0.0,1.0,6.25,0.53,0.08,18.21875,18.03125,17.90625,17.90625,-17.7,20.0,0.0,9.0
28.31921,0x2B0,0.0,0.0,1.0,6.25,0.53,0.08,18.21875,18.03125,17.90625,17.90625,-17.8,12.0,0.0,9.0
28.32647,0x220,0.0,0.0,1.0,6.25,0.59,0.03,18.21875,18.03125,17.90625,17.90625,-17.8,12.0,0.0,9.0
28.3267,0x386,0.0,0.0,1.0,6.25,0.59,0.03,18.25,18.28125,17.9375,17.8125,-17.8,12.0,0.0,9.0
28.32741,0x316,0.0,0.0,1.0,6.25,0.59,0.03,18.25,18.28125,17.9375,17.8125,-17.8,12.0,0.0,10.0
28.32919,0x2B0,0.0,0.0,1.0,6.25,0.59,0.03,18.25,18.28125,17.9375,17.8125,-18.0,12.0,0.0,10.0
28.33647,0x220,0.0,0.0,1.0,6.25,0.59,-0.02,18.25,18.28125,17.9375,17.8125,-18.0,12.0,0.0,10.0
28.33712,0x316,0.0,0.0,1.0,6.25,0.59,-0.02,18.25,18.28125,17.9375,17.8125,-18.0,12.0,0.0,11.0
28.33922,0x2B0,0.0,0.0,1.0,6.25,0.59,-0.02,18.25,18.28125,17.9375,17.8125,-18.2,20.0,0.0,11.0
28.34646,0x220,0.0,0.0,1.0,6.25,0.51,-0.01,18.25,18.28125,17.9375,17.8125,-18.2,20.0,0.0,11.0
28.34669,0x386,0.0,0.0,1.0,6.25,0.51,-0.01,18.25,18.21875,17.875,17.8125,-18.2,20.0,0.0,11.0
28.34741,0x316,0.0,0.0,1.0,6.25,0.51,-0.01,18.25,18.21875,17.875,17.8125,-18.2,20.0,0.0,12.0
28.3492,0x2B0,0.0,0.0,1.0,6.25,0.51,-0.01,18.25,18.21875,17.875,17.8125,-18.5,24.0,0.0,12.0
28.35647,0x220,0.0,0.0,1.0,6.25,0.43,0.04,18.25,18.21875,17.875,17.8125,-18.5,24.0,0.0,12.0
28.35721,0x316,0.0,0.0,1.0,6.25,0.43,0.04,18.25,18.21875,17.875,17.8125,-18.5,24.0,0.0,14.0
28.35921,0x2B0,0.0,0.0,1.0,6.25,0.43,0.04,18.25,18.21875,17.875,17.8125,-18.7,24.0,0.0,14.0
28.36645,0x220,0.0,0.0,1.0,6.25,0.37,0.06,18.25,18.21875,17.875,17.8125,-18.7,24.0,0.0,14.0
28.36667,0x386,0.0,0.0,1.0,6.25,0.37,0.06,18.1875,18.1875,17.90625,17.90625,-18.7,24.0,0.0,14.0
28.36763,0x316,0.0,0.0,1.0,6.25,0.37,0.06,18.1875,18.1875,17.90625,17.90625,-18.7,24.0,0.0,15.0
28.36928,0x2B0,0.0,0.0,1.0,6.25,0.37,0.06,18.1875,18.1875,17.90625,17.90625,-18.9,20.0,0.0,15.0
28.37648,0x220,0.0,0.0,1.0,6.25,0.36,0.02,18.1875,18.1875,17.90625,17.90625,-18.9,20.0,0.0,15.0
28.37735,0x316,0.0,0.0,1.0,6.25,0.36,0.02,18.1875,18.1875,17.90625,17.90625,-18.9,20.0,0.0,16.0
28.3792,0x2B0,0.0,0.0,1.0,6.25,0.36,0.02,18.1875,18.1875,17.90625,17.90625,-19.2,24.0,0.0,16.0
28.38647,0x220,0.0,0.0,1.0,6.25,0.38,0.02,18.1875,18.1875,17.90625,17.90625,-19.2,24.0,0.0,16.0
28.3867,0x386,0.0,0.0,1.0,6.25,0.38,0.02,18.1875,18.1875,17.9375,17.84375,-19.2,24.0,0.0,16.0
28.38718,0x316,0.0,0.0,1.0,6.25,0.38,0.02,18.1875,18.1875,17.9375,17.84375,-19.2,24.0,0.0,17.0
28.38917,0x2B0,0.0,0.0,1.0,6.25,0.38,0.02,18.1875,18.1875,17.9375,17.84375,-19.4,24.0,0.0,17.0
28.39647,0x220,0.0,0.0,1.0,6.25,0.4,0.04,18.1875,18.1875,17.9375,17.84375,-19.4,24.0,0.0,17.0
28.39737,0x316,0.0,0.0,1.0,6.25,0.4,0.04,18.1875,18.1875,17.9375,17.84375,-19.4,24.0,0.0,18.0
28.39918,0x2B0,0.0,0.0,1.0,6.25,0.4,0.04,18.1875,18.1875,17.9375,17.84375,-19.7,24.0,0.0,18.0
28.40647,0x220,0.0,0.0,1.0,6.25,0.43,0.03,18.1875,18.1875,17.9375,17.84375,-19.7,24.0,0.0,18.0
28.4067,0x386,0.0,0.0,1.0,6.25,0.43,0.03,18.1875,18.34375,17.84375,17.75,-19.7,24.0,0.0,18.0
28.40742,0x316,0.0,0.0,1.0,6.25,0.43,0.03,18.1875,18.34375,17.84375,17.75,-19.7,24.0,0.0,19.0
28.40917,0x2B0,0.0,0.0,1.0,6.25,0.43,0.03,18.1875,18.34375,17.84375,17.75,-19.9,24.0,0.0,19.0
28.41647,0x220,0.0,0.0,1.0,6.25,0.43,0.04,18.1875,18.34375,17.84375,17.75,-19.9,24.0,0.0,19.0
28.41715,0x316,0.0,0.0,1.0,6.25,0.43,0.04,18.1875,18.34375,17.84375,17.75,-19.9,24.0,0.0,20.0
28.41918,0x2B0,0.0,0.0,1.0,6.25,0.43,0.04,18.1875,18.34375,17.84375,17.75,-20.2,24.0,0.0,20.0
28.42648,0x220,0.0,0.0,1.0,6.25,0.38,0.08,18.1875,18.34375,17.84375,17.75,-20.2,24.0,0.0,20.0
28.42671,0x386,0.0,0.0,1.0,6.25,0.38,0.08,18.15625,17.96875,17.8125,17.875,-20.2,24.0,0.0,20.0
28.42718,0x316,0.0,0.0,1.0,6.25,0.38,0.08,18.15625,17.96875,17.8125,17.875,-20.2,24.0,0.0,21.0
28.42917,0x2B0,0.0,0.0,1.0,6.25,0.38,0.08,18.15625,17.96875,17.8125,17.875,-20.4,24.0,0.0,21.0
28.43645,0x220,0.0,0.0,1.0,6.25,0.33,0.09,18.15625,17.96875,17.8125,17.875,-20.4,24.0,0.0,21.0
28.43729,0x316,0.0,0.0,1.0,6.25,0.33,0.09,18.15625,17.96875,17.8125,17.875,-20.4,24.0,0.0,22.0
28.43918,0x2B0,0.0,0.0,1.0,6.25,0.33,0.09,18.15625,17.96875,17.8125,17.875,-20.7,24.0,0.0,22.0
28.44645,0x220,0.0,0.0,1.0,6.25,0.36,0.02,18.15625,17.96875,17.8125,17.875,-20.7,24.0,0.0,22.0
28.44668,0x386,0.0,0.0,1.0,6.25,0.36,0.02,18.09375,18.21875,17.8125,17.875,-20.7,24.0,0.0,22.0
28.44715,0x316,0.0,0.0,1.0,6.25,0.36,0.02,18.09375,18.21875,17.8125,17.875,-20.7,24.0,0.0,23.0
28.4492,0x2B0,0.0,0.0,1.0,6.25,0.36,0.02,18.09375,18.21875,17.8125,17.875,-21.0,28.0,0.0,23.0
28.45647,0x220,0.0,0.0,1.0,6.25,0.4,-0.04,18.09375,18.21875,17.8125,17.875,-21.0,28.0,0.0,23.0
28.45718,0x316,0.0,0.0,1.0,6.25,0.4,-0.04,18.09375,18.21875,17.8125,17.875,-21.0,28.0,0.0,23.0
28.45922,0x2B0,0.0,0.0,1.0,6.25,0.4,-0.04,18.09375,18.21875,17.8125,17.875,-21.3,28.0,0.0,23.0
28.46645,0x220,0.0,0.0,1.0,6.25,0.41,-0.1,18.09375,18.21875,17.8125,17.875,-21.3,28.0,0.0,23.0
28.46668,0x386,0.0,0.0,1.0,6.25,0.41,-0.1,18.0625,18.3125,17.6875,17.84375,-21.3,28.0,0.0,23.0
28.46765,0x316,0.0,0.0,1.0,6.25,0.41,-0.1,18.0625,18.3125,17.6875,17.84375,-21.3,28.0,0.0,24.0
28.46921,0x2B0,0.0,0.0,1.0,6.25,0.41,-0.1,18.0625,18.3125,17.6875,17.84375,-21.6,28.0,0.0,24.0
28.47647,0x220,0.0,0.0,1.0,6.25,0.46,-0.06,18.0625,18.3125,17.6875,17.84375,-21.6,28.0,0.0,24.0
28.47766,0x316,0.0,0.0,1.0,6.25,0.46,-0.06,18.0625,18.3125,17.6875,17.84375,-21.6,28.0,0.0,24.0
28.47922,0x2B0,0.0,0.0,1.0,6.25,0.46,-0.06,18.0625,18.3125,17.6875,17.84375,-21.9,28.0,0.0,24.0
28.48645,0x220,0.0,0.0,1.0,6.25,0.5,-0.01,18.0625,18.3125,17.6875,17.84375,-21.9,28.0,0.0,24.0
28.48668,0x386,0.0,0.0,1.0,6.25,0.5,-0.01,18.0,17.78125,17.75,17.84375,-21.9,28.0,0.0,24.0
28.48715,0x316,0.0,0.0,1.0,6.25,0.5,-0.01,18.0,17.78125,17.75,17.84375,-21.9,28.0,0.0,25.0
28.4892,0x2B0,0.0,0.0,1.0,6.25,0.5,-0.01,18.0,17.78125,17.75,17.84375,-22.2,28.0,0.0,25.0
28.49647,0x220,0.0,0.0,1.0,6.25,0.57,-0.01,18.0,17.78125,17.75,17.84375,-22.2,28.0,0.0,25.0
28.49734,0x316,0.0,0.0,1.0,6.25,0.57,-0.01,18.0,17.78125,17.75,17.84375,-22.2,28.0,0.0,25.0
28.49919,0x2B0,0.0,0.0,1.0,6.25,0.57,-0.01,18.0,17.78125,17.75,17.84375,-22.5,28.0,0.0,25.0
28.50647,0x220,0.0,0.0,1.0,6.25,0.56,-0.06,18.0,17.78125,17.75,17.84375,-22.5,28.0,0.0,25.0
28.5067,0x386,0.0,0.0,1.0,6.25,0.56,-0.06,18.125,17.96875,17.6875,17.84375,-22.5,28.0,0.0,25.0
28.50742,0x316,0.0,0.0,1.0,6.25,0.56,-0.06,18.125,17.96875,17.6875,17.84375,-22.5,28.0,0.0,25.0
28.50919,0x2B0,0.0,0.0,1.0,6.25,0.56,-0.06,18.125,17.96875,17.6875,17.84375,-22.7,24.0,0.0,25.0
28.51647,0x220,0.0,0.0,1.0,6.25,0.45,-0.09,18.125,17.96875,17.6875,17.84375,-22.7,24.0,0.0,25.0
28.51725,0x316,0.0,0.0,1.0,6.25,0.45,-0.09,18.125,17.96875,17.6875,17.84375,-22.7,24.0,0.0,25.0
28.51922,0x2B0,0.0,0.0,1.0,6.25,0.45,-0.09,18.125,17.96875,17.6875,17.84375,-23.0,24.0,0.0,25.0
28.52648,0x220,0.0,0.0,1.0,6.25,0.37,-0.09,18.125,17.96875,17.6875,17.84375,-23.0,24.0,0.0,25.0
28.52671,0x386,0.0,0.0,1.0,6.25,0.37,-0.09,18.03125,18.03125,17.6875,17.75,-23.0,24.0,0.0,25.0
28.52718,0x316,0.0,0.0,1.0,6.25,0.37,-0.09,18.03125,18.03125,17.6875,17.75,-23.0,24.0,0.0,25.0
28.5292,0x2B0,0.0,0.0,1.0,6.25,0.37,-0.09,18.03125,18.03125,17.6875,17.75,-23.3,28.0,0.0,25.0
28.53647,0x220,0.0,0.0,1.0,6.25,0.3,-0.09,18.03125,18.03125,17.6875,17.75,-23.3,28.0,0.0,25.0
28.53714,0x316,0.0,0.0,1.0,6.25,0.3,-0.09,18.03125,18.03125,17.6875,17.75,-23.3,28.0,0.0,25.0
28.53922,0x2B0,0.0,0.0,1.0,6.25,0.3,-0.09,18.03125,18.03125,17.6875,17.75,-23.6,28.0,0.0,25.0
28.54647,0x220,0.0,0.0,1.0,6.25,0.24,-0.12,18.03125,18.03125,17.6875,17.75,-23.6,28.0,0.0,25.0
28.5467,0x386,0.0,0.0,1.0,6.25,0.24,-0.12,18.09375,17.96875,17.8125,17.8125,-23.6,28.0,0.0,25.0
28.54718,0x316,0.0,0.0,1.0,6.25,0.24,-0.12,18.09375,17.96875,17.8125,17.8125,-23.6,28.0,0.0,25.0
28.54922,0x2B0,0.0,0.0,1.0,6.25,0.24,-0.12,18.09375,17.96875,17.8125,17.8125,-23.8,24.0,0.0,25.0
28.55647,0x220,0.0,0.0,1.0,6.25,0.24,-0.12,18.09375,17.96875,17.8125,17.8125,-23.8,24.0,0.0,25.0
28.55728,0x316,0.0,0.0,1.0,6.25,0.24,-0.12,18.09375,17.96875,17.8125,17.8125,-23.8,24.0,0.0,26.0
28.55919,0x2B0,0.0,0.0,1.0,6.25,0.24,-0.12,18.09375,17.96875,17.8125,17.8125,-24.2,28.0,0.0,26.0
28.56646,0x220,0.0,0.0,1.0,6.25,0.26,-0.07,18.09375,17.96875,17.8125,17.8125,-24.2,28.0,0.0,26.0
28.56669,0x386,0.0,0.0,1.0,6.25,0.26,-0.07,18.09375,18.0,17.78125,17.84375,-24.2,28.0,0.0,26.0
28.56764,0x316,0.0,0.0,1.0,6.25,0.26,-0.07,18.09375,18.0,17.78125,17.84375,-24.2,28.0,0.0,26.0
28.56929,0x2B0,0.0,0.0,1.0,6.25,0.26,-0.07,18.09375,18.0,17.78125,17.84375,-24.4,28.0,0.0,26.0
28.57648,0x220,0.0,0.0,1.0,6.25,0.33,-0.05,18.09375,18.0,17.78125,17.84375,-24.4,28.0,0.0,26.0
28.57739,0x316,0.0,0.0,1.0,6.25,0.33,-0.05,18.09375,18.0,17.78125,17.84375,-24.4,28.0,0.0,26.0
28.57921,0x2B0,0.0,0.0,1.0,6.25,0.33,-0.05,18.09375,18.0,17.78125,17.84375,-24.7,24.0,0.0,26.0
28.58646,0x220,0.0,0.0,1.0,6.25,0.35,-0.08,18.09375,18.0,17.78125,17.84375,-24.7,24.0,0.0,26.0
28.5867,0x386,0.0,0.0,1.0,6.25,0.35,-0.08,18.09375,18.0,17.71875,17.71875,-24.7,24.0,0.0,26.0
28.58717,0x316,0.0,0.0,1.0,6.25,0.35,-0.08,18.09375,18.0,17.71875,17.71875,-24.7,24.0,0.0,26.0
28.58921,0x2B0,0.0,0.0,1.0,6.25,0.35,-0.08,18.09375,18.0,17.71875,17.71875,-25.0,28.0,0.0,26.0
28.59647,0x220,0.0,0.0,1.0,6.25,0.24,-0.12,18.09375,18.0,17.71875,17.71875,-25.0,28.0,0.0,26.0
28.59746,0x316,0.0,0.0,1.0,6.25,0.24,-0.12,18.09375,18.0,17.71875,17.71875,-25.0,28.0,0.0,26.0
28.59922,0x2B0,0.0,0.0,1.0,6.25,0.24,-0.12,18.09375,18.0,17.71875,17.71875,-25.3,28.0,0.0,26.0
28.60647,0x220,0.0,0.0,1.0,6.25,0.1,-0.1,18.09375,18.0,17.71875,17.71875,-25.3,28.0,0.0,26.0
28.6067,0x386,0.0,0.0,1.0,6.25,0.1,-0.1,18.09375,18.03125,17.65625,17.6875,-25.3,28.0,0.0,26.0
28.60741,0x316,0.0,0.0,1.0,6.25,0.1,-0.1,18.09375,18.03125,17.65625,17.6875,-25.3,28.0,0.0,25.0
28.6092,0x2B0,0.0,0.0,1.0,6.25,0.1,-0.1,18.09375,18.03125,17.65625,17.6875,-25.5,24.0,0.0,25.0
28.61648,0x220,0.0,0.0,1.0,6.25,0.01,-0.02,18.09375,18.03125,17.65625,17.6875,-25.5,24.0,0.0,25.0
28.61714,0x316,0.0,0.0,1.0,6.25,0.01,-0.02,18.09375,18.03125,17.65625,17.6875,-25.5,24.0,0.0,26.0
28.61918,0x2B0,0.0,0.0,1.0,6.25,0.01,-0.02,18.09375,18.03125,17.65625,17.6875,-25.8,24.0,0.0,26.0
28.62648,0x220,0.0,0.0,1.0,6.25,-0.02,0.0,18.09375,18.03125,17.65625,17.6875,-25.8,24.0,0.0,26.0
28.62671,0x386,0.0,0.0,1.0,6.25,-0.02,0.0,18.03125,17.9375,17.6875,17.65625,-25.8,24.0,0.0,26.0
28.62719,0x316,0.0,0.0,1.0,6.25,-0.02,0.0,18.03125,17.9375,17.6875,17.65625,-25.8,24.0,0.0,25.0
28.62919,0x2B0,0.0,0.0,1.0,6.25,-0.02,0.0,18.03125,17.9375,17.6875,17.65625,-26.1,28.0,0.0,25.0
28.63648,0x220,0.0,0.0,1.0,6.25,0.0,-0.03,18.03125,17.9375,17.6875,17.65625,-26.1,28.0,0.0,25.0
28.63721,0x316,0.0,0.0,1.0,6.25,0.0,-0.03,18.03125,17.9375,17.6875,17.65625,-26.1,28.0,0.0,25.0
28.63919,0x2B0,0.0,0.0,1.0,6.25,0.0,-0.03,18.03125,17.9375,17.6875,17.65625,-26.3,24.0,0.0,25.0
28.64647,0x220,0.0,0.0,1.0,6.25,0.03,-0.01,18.03125,17.9375,17.6875,17.65625,-26.3,24.0,0.0,25.0
28.64669,0x386,0.0,0.0,1.0,6.25,0.03,-0.01,18.09375,17.90625,17.65625,17.59375,-26.3,24.0,0.0,25.0
28.64741,0x316,0.0,0.0,1.0,6.25,0.03,-0.01,18.09375,17.90625,17.65625,17.59375,-26.3,24.0,0.0,26.0
28.64919,0x2B0,0.0,0.0,1.0,6.25,0.03,-0.01,18.09375,17.90625,17.65625,17.59375,-26.6,24.0,0.0,26.0
28.65648,0x220,0.0,0.0,1.0,6.25,0.04,0.04,18.09375,17.90625,17.65625,17.59375,-26.6,24.0,0.0,26.0
28.65716,0x316,0.0,0.0,1.0,6.25,0.04,0.04,18.09375,17.90625,17.65625,17.59375,-26.6,24.0,0.0,25.0
28.65919,0x2B0,0.0,0.0,1.0,6.25,0.04,0.04,18.09375,17.90625,17.65625,17.59375,-26.9,28.0,0.0,25.0
28.66645,0x220,0.0,0.0,1.0,6.25,0.01,0.11,18.09375,17.90625,17.65625,17.59375,-26.9,28.0,0.0,25.0
28.66669,0x386,0.0,0.0,1.0,6.25,0.01,0.11,18.03125,17.875,17.6875,17.625,-26.9,28.0,0.0,25.0
28.66765,0x316,0.0,0.0,1.0,6.25,0.01,0.11,18.03125,17.875,17.6875,17.625,-26.9,28.0,0.0,26.0
28.66922,0x2B0,0.0,0.0,1.0,6.25,0.01,0.11,18.03125,17.875,17.6875,17.625,-27.1,24.0,0.0,26.0
28.67648,0x220,0.0,0.0,1.0,6.25,-0.02,0.08,18.03125,17.875,17.6875,17.625,-27.1,24.0,0.0,26.0
28.67768,0x316,0.0,0.0,1.0,6.25,-0.02,0.08,18.03125,17.875,17.6875,17.625,-27.1,24.0,0.0,26.0
28.6792,0x2B0,0.0,0.0,1.0,6.25,-0.02,0.08,18.03125,17.875,17.6875,17.625,-27.3,20.0,0.0,26.0
28.68647,0x220,0.0,0.0,1.0,6.25,-0.06,0.0,18.03125,17.875,17.6875,17.625,-27.3,20.0,0.0,26.0
28.6867,0x386,0.0,0.0,1.0,6.25,-0.06,0.0,18.0625,17.875,17.6875,17.59375,-27.3,20.0,0.0,26.0
28.68742,0x316,0.0,0.0,1.0,6.25,-0.06,0.0,18.0625,17.875,17.6875,17.59375,-27.3,20.0,0.0,25.0
28.6892,0x2B0,0.0,0.0,1.0,6.25,-0.06,0.0,18.0625,17.875,17.6875,17.59375,-27.6,24.0,0.0,25.0
28.69648,0x220,0.0,0.0,1.0,6.25,-0.11,-0.01,18.0625,17.875,17.6875,17.59375,-27.6,24.0,0.0,25.0
28.69727,0x316,0.0,0.0,1.0,6.25,-0.11,-0.01,18.0625,17.875,17.6875,17.59375,-27.6,24.0,0.0,26.0
28.69923,0x2B0,0.0,0.0,1.0,6.25,-0.11,-0.01,18.0625,17.875,17.6875,17.59375,-27.9,28.0,0.0,26.0
28.70647,0x220,0.0,0.0,1.0,6.25,-0.12,0.0,18.0625,17.875,17.6875,17.59375,-27.9,28.0,0.0,26.0
28.7067,0x386,0.0,0.0,1.0,6.25,-0.12,0.0,18.0,17.875,17.6875,17.65625,-27.9,28.0,0.0,26.0
28.70741,0x316,0.0,0.0,1.0,6.25,-0.12,0.0,18.0,17.875,17.6875,17.65625,-27.9,28.0,0.0,25.0
28.70919,0x2B0,0.0,0.0,1.0,6.25,-0.12,0.0,18.0,17.875,17.6875,17.65625,-28.1,24.0,0.0,25.0
28.71647,0x220,0.0,0.0,1.0,6.25,-0.13,0.04,18.0,17.875,17.6875,17.65625,-28.1,24.0,0.0,25.0
28.71719,0x316,0.0,0.0,1.0,6.25,-0.13,0.04,18.0,17.875,17.6875,17.65625,-28.1,24.0,0.0,26.0
28.71921,0x2B0,0.0,0.0,1.0,6.25,-0.13,0.04,18.0,17.875,17.6875,17.65625,-28.4,24.0,0.0,26.0
28.72649,0x220,0.0,0.0,1.0,6.25,-0.08,0.01,18.0,17.875,17.6875,17.65625,-28.4,24.0,0.0,26.0
28.72672,0x386,0.0,0.0,1.0,6.25,-0.08,0.01,17.9375,17.90625,17.71875,17.5625,-28.4,24.0,0.0,26.0
28.72743,0x316,0.0,0.0,1.0,6.25,-0.08,0.01,17.9375,17.90625,17.71875,17.5625,-28.4,24.0,0.0,25.0
28.72924,0x2B0,0.0,0.0,1.0,6.25,-0.08,0.01,17.9375,17.90625,17.71875,17.5625,-28.6,24.0,0.0,25.0
28.73648,0x220,0.0,0.0,1.0,6.25,-0.01,-0.01,17.9375,17.90625,17.71875,17.5625,-28.6,24.0,0.0,25.0
28.73715,0x316,0.0,0.0,1.0,6.25,-0.01,-0.01,17.9375,17.90625,17.71875,17.5625,-28.6,24.0,0.0,26.0
28.73922,0x2B0,0.0,0.0,1.0,6.25,-0.01,-0.01,17.9375,17.90625,17.71875,17.5625,-28.8,20.0,0.0,26.0
28.74648,0x220,0.0,0.0,1.0,6.25,-0.02,-0.01,17.9375,17.90625,17.71875,17.5625,-28.8,20.0,0.0,26.0
28.74671,0x386,0.0,0.0,1.0,6.25,-0.02,-0.01,18.03125,17.84375,17.65625,17.65625,-28.8,20.0,0.0,26.0
28.74718,0x316,0.0,0.0,1.0,6.25,-0.02,-0.01,18.03125,17.84375,17.65625,17.65625,-28.8,20.0,0.0,25.0
28.7492,0x2B0,0.0,0.0,1.0,6.25,-0.02,-0.01,18.03125,17.84375,17.65625,17.65625,-29.1,24.0,0.0,25.0
28.75648,0x220,0.0,0.0,1.0,6.25,-0.01,0.0,18.03125,17.84375,17.65625,17.65625,-29.1,24.0,0.0,25.0
28.75721,0x316,0.0,0.0,1.0,6.25,-0.01,0.0,18.03125,17.84375,17.65625,17.65625,-29.1,24.0,0.0,25.0
28.75922,0x2B0,0.0,0.0,1.0,6.25,-0.01,0.0,18.03125,17.84375,17.65625,17.65625,-29.3,24.0,0.0,25.0
28.76646,0x220,0.0,0.0,1.0,6.25,0.01,-0.02,18.03125,17.84375,17.65625,17.65625,-29.3,24.0,0.0,25.0
28.76669,0x386,0.0,0.0,1.0,6.25,0.01,-0.02,17.90625,17.90625,17.5625,17.53125,-29.3,24.0,0.0,25.0
28.76764,0x316,0.0,0.0,1.0,6.25,0.01,-0.02,17.90625,17.90625,17.5625,17.53125,-29.3,24.0,0.0,25.0
28.76923,0x2B0,0.0,0.0,1.0,6.25,0.01,-0.02,17.90625,17.90625,17.5625,17.53125,-29.5,20.0,0.0,25.0
28.77649,0x220,0.0,0.0,1.0,6.25,-0.01,-0.12,17.90625,17.90625,17.5625,17.53125,-29.5,20.0,0.0,25.0
28.77736,0x316,0.0,0.0,1.0,6.25,-0.01,-0.12,17.90625,17.90625,17.5625,17.53125,-29.5,20.0,0.0,25.0
28.77919,0x2B0,0.0,0.0,1.0,6.25,-0.01,-0.12,17.90625,17.90625,17.5625,17.53125,-29.8,24.0,0.0,25.0
28.78648,0x220,0.0,0.0,1.0,6.25,-0.12,-0.19,17.90625,17.90625,17.5625,17.53125,-29.8,24.0,0.0,25.0
28.78671,0x386,0.0,0.0,1.0,6.25,-0.12,-0.19,17.90625,17.875,17.5625,17.59375,-29.8,24.0,0.0,25.0
28.78718,0x316,0.0,0.0,1.0,6.25,-0.12,-0.19,17.90625,17.875,17.5625,17.59375,-29.8,24.0,0.0,25.0
28.78921,0x2B0,0.0,0.0,1.0,6.25,-0.12,-0.19,17.90625,17.875,17.5625,17.59375,-30.0,24.0,0.0,25.0
28.79648,0x220,0.0,0.0,1.0,6.25,-0.23,-0.17,17.90625,17.875,17.5625,17.59375,-30.0,24.0,0.0,25.0
28.79743,0x316,0.0,0.0,1.0,6.25,-0.23,-0.17,17.90625,17.875,17.5625,17.59375,-30.0,24.0,0.0,25.0
28.79924,0x2B0,0.0,0.0,1.0,6.25,-0.23,-0.17,17.90625,17.875,17.5625,17.59375,-30.2,20.0,0.0,25.0
28.80648,0x220,0.0,0.0,1.0,6.25,-0.22,-0.1,17.90625,17.875,17.5625,17.59375,-30.2,20.0,0.0,25.0
28.8067,0x386,0.0,0.0,1.0,6.25,-0.22,-0.1,17.875,17.875,17.5625,17.53125,-30.2,20.0,0.0,25.0
28.80742,0x316,0.0,0.0,1.0,6.25,-0.22,-0.1,17.875,17.875,17.5625,17.53125,-30.2,20.0,0.0,25.0
28.80921,0x2B0,0.0,0.0,1.0,6.25,-0.22,-0.1,17.875,17.875,17.5625,17.53125,-30.5,24.0,0.0,25.0
28.81648,0x220,0.0,0.0,1.0,6.25,-0.15,-0.08,17.875,17.875,17.5625,17.53125,-30.5,24.0,0.0,25.0
28.81716,0x316,0.0,0.0,1.0,6.25,-0.15,-0.08,17.875,17.875,17.5625,17.53125,-30.5,24.0,0.0,25.0
28.81923,0x2B0,0.0,0.0,1.0,6.25,-0.15,-0.08,17.875,17.875,17.5625,17.53125,-30.7,24.0,0.0,25.0
28.82649,0x220,0.0,0.0,1.0,6.25,-0.05,-0.13,17.875,17.875,17.5625,17.53125,-30.7,24.0,0.0,25.0
28.82672,0x386,0.0,0.0,1.0,6.25,-0.05,-0.13,17.90625,17.84375,17.5,17.5,-30.7,24.0,0.0,25.0
28.8272,0x316,0.0,0.0,1.0,6.25,-0.05,-0.13,17.90625,17.84375,17.5,17.5,-30.7,24.0,0.0,25.0
28.82922,0x2B0,0.0,0.0,1.0,6.25,-0.05,-0.13,17.90625,17.84375,17.5,17.5,-30.9,20.0,0.0,25.0
28.83648,0x220,0.0,0.0,1.0,6.25,0.0,-0.18,17.90625,17.84375,17.5,17.5,-30.9,20.0,0.0,25.0
28.8372,0x316,0.0,0.0,1.0,6.25,0.0,-0.18,17.90625,17.84375,17.5,17.5,-30.9,20.0,0.0,25.0
28.83924,0x2B0,0.0,0.0,1.0,6.25,0.0,-0.18,17.90625,17.84375,17.5,17.5,-31.1,20.0,0.0,25.0
28.84648,0x220,0.0,0.0,1.0,6.25,0.01,-0.18,17.90625,17.84375,17.5,17.5,-31.1,20.0,0.0,25.0
28.84672,0x386,0.0,0.0,1.0,6.25,0.01,-0.18,17.90625,17.78125,17.46875,17.46875,-31.1,20.0,0.0,25.0
28.8472,0x316,0.0,0.0,1.0,6.25,0.01,-0.18,17.90625,17.78125,17.46875,17.46875,-31.1,20.0,0.0,25.0
28.84921,0x2B0,0.0,0.0,1.0,6.25,0.01,-0.18,17.90625,17.78125,17.46875,17.46875,-31.3,20.0,0.0,25.0
28.85648,0x220,0.0,0.0,1.0,6.25,-0.02,-0.16,17.90625,17.78125,17.46875,17.46875,-31.3,20.0,0.0,25.0
28.85718,0x316,0.0,0.0,1.0,6.25,-0.02,-0.16,17.90625,17.78125,17.46875,17.46875,-31.3,20.0,0.0,25.0
28.85923,0x2B0,0.0,0.0,1.0,6.25,-0.02,-0.16,17.90625,17.78125,17.46875,17.46875,-31.6,24.0,0.0,25.0
28.86646,0x220,0.0,0.0,1.0,6.25,-0.13,-0.15,17.90625,17.78125,17.46875,17.46875,-31.6,24.0,0.0,25.0
28.86669,0x386,0.0,0.0,1.0,6.25,-0.13,-0.15,17.84375,17.8125,17.34375,17.5,-31.6,24.0,0.0,25.0
28.8674,0x316,0.0,0.0,1.0,6.25,-0.13,-0.15,17.84375,17.8125,17.34375,17.5,-31.6,24.0,0.0,25.0
28.86923,0x2B0,0.0,0.0,1.0,6.25,-0.13,-0.15,17.84375,17.8125,17.34375,17.5,-31.8,24.0,0.0,25.0
28.87648,0x220,0.0,0.0,1.0,6.25,-0.23,-0.2,17.84375,17.8125,17.34375,17.5,-31.8,24.0,0.0,25.0
28.87761,0x316,0.0,0.0,1.0,6.25,-0.23,-0.2,17.84375,17.8125,17.34375,17.5,-31.8,24.0,0.0,25.0
28.87919,0x2B0,0.0,0.0,1.0,6.25,-0.23,-0.2,17.84375,17.8125,17.34375,17.5,-32.0,20.0,0.0,25.0
28.88648,0x220,0.0,0.0,1.0,6.25,-0.29,-0.22,17.84375,17.8125,17.34375,17.5,-32.0,20.0,0.0,25.0
28.88671,0x386,0.0,0.0,1.0,6.25,-0.29,-0.22,17.875,17.78125,17.40625,17.4375,-32.0,20.0,0.0,25.0
28.88742,0x316,0.0,0.0,1.0,6.25,-0.29,-0.22,17.875,17.78125,17.40625,17.4375,-32.0,20.0,0.0,25.0
28.88916,0x2B0,0.0,0.0,1.0,6.25,-0.29,-0.22,17.875,17.78125,17.40625,17.4375,-32.2,20.0,0.0,25.0
28.89648,0x220,0.0,0.0,1.0,6.25,-0.25,-0.18,17.875,17.78125,17.40625,17.4375,-32.2,20.0,0.0,25.0
28.89732,0x316,0.0,0.0,1.0,6.25,-0.25,-0.18,17.875,17.78125,17.40625,17.4375,-32.2,20.0,0.0,25.0
28.89918,0x2B0,0.0,0.0,1.0,6.25,-0.25,-0.18,17.875,17.78125,17.40625,17.4375,-32.4,20.0,0.0,25.0
28.90648,0x220,0.0,0.0,1.0,6.25,-0.2,-0.12,17.875,17.78125,17.40625,17.4375,-32.4,20.0,0.0,25.0
28.90671,0x386,0.0,0.0,1.0,6.25,-0.2,-0.12,17.84375,17.6875,17.40625,17.40625,-32.4,20.0,0.0,25.0
28.90718,0x316,0.0,0.0,1.0,6.25,-0.2,-0.12,17.84375,17.6875,17.40625,17.40625,-32.4,20.0,0.0,25.0
28.90917,0x2B0,0.0,0.0,1.0,6.25,-0.2,-0.12,17.84375,17.6875,17.40625,17.40625,-32.7,24.0,0.0,25.0
28.91649,0x220,0.0,0.0,1.0,6.25,-0.21,-0.08,17.84375,17.6875,17.40625,17.40625,-32.7,24.0,0.0,25.0
28.91719,0x316,0.0,0.0,1.0,6.25,-0.21,-0.08,17.84375,17.6875,17.40625,17.40625,-32.7,24.0,0.0,25.0
28.91917,0x2B0,0.0,0.0,1.0,6.25,-0.21,-0.08,17.84375,17.6875,17.40625,17.40625,-32.9,24.0,0.0,25.0
28.92649,0x220,0.0,0.0,1.0,6.25,-0.28,-0.08,17.84375,17.6875,17.40625,17.40625,-32.9,24.0,0.0,25.0
28.92672,0x386,0.0,0.0,1.0,6.25,-0.28,-0.08,17.875,17.6875,17.5625,17.5,-32.9,24.0,0.0,25.0
28.92743,0x316,0.0,0.0,1.0,6.25,-0.28,-0.08,17.875,17.6875,17.5625,17.5,-32.9,24.0,0.0,25.0
28.92918,0x2B0,0.0,0.0,1.0,6.25,-0.28,-0.08,17.875,17.6875,17.5625,17.5,-33.1,20.0,0.0,25.0
28.93649,0x220,0.0,0.0,1.0,6.25,-0.37,-0.05,17.875,17.6875,17.5625,17.5,-33.1,20.0,0.0,25.0
28.93718,0x316,0.0,0.0,1.0,6.25,-0.37,-0.05,17.875,17.6875,17.5625,17.5,-33.1,20.0,0.0,25.0
28.93917,0x2B0,0.0,0.0,1.0,6.25,-0.37,-0.05,17.875,17.6875,17.5625,17.5,-33.3,20.0,0.0,25.0
28.94648,0x220,0.0,0.0,1.0,6.25,-0.46,-0.01,17.875,17.6875,17.5625,17.5,-33.3,20.0,0.0,25.0
28.94671,0x386,0.0,0.0,1.0,6.25,-0.46,-0.01,17.84375,17.71875,17.46875,17.40625,-33.3,20.0,0.0,25.0
28.94719,0x316,0.0,0.0,1.0,6.25,-0.46,-0.01,17.84375,17.71875,17.46875,17.40625,-33.3,20.0,0.0,25.0
28.94917,0x2B0,0.0,0.0,1.0,6.25,-0.46,-0.01,17.84375,17.71875,17.46875,17.40625,-33.6,24.0,0.0,25.0
28.95649,0x220,0.0,0.0,1.0,6.25,-0.51,0.0,17.84375,17.71875,17.46875,17.40625,-33.6,24.0,0.0,25.0
28.95718,0x316,0.0,0.0,1.0,6.25,-0.51,0.0,17.84375,17.71875,17.46875,17.40625,-33.6,24.0,0.0,25.0
28.95917,0x2B0,0.0,0.0,1.0,6.25,-0.51,0.0,17.84375,17.71875,17.46875,17.40625,-33.8,24.0,0.0,25.0
28.96646,0x220,0.0,0.0,1.0,6.25,-0.56,-0.01,17.84375,17.71875,17.46875,17.40625,-33.8,24.0,0.0,25.0
28.96669,0x386,0.0,0.0,1.0,6.25,-0.56,-0.01,17.8125,17.625,17.4375,17.4375,-33.8,24.0,0.0,25.0
28.96764,0x316,0.0,0.0,1.0,6.25,-0.56,-0.01,17.8125,17.625,17.4375,17.4375,-33.8,24.0,0.0,25.0
28.96918,0x2B0,0.0,0.0,1.0,6.25,-0.56,-0.01,17.8125,17.625,17.4375,17.4375,-34.1,24.0,0.0,25.0
28.97649,0x220,0.0,0.0,1.0,6.25,-0.6,0.0,17.8125,17.625,17.4375,17.4375,-34.1,24.0,0.0,25.0
28.97732,0x316,0.0,0.0,1.0,6.25,-0.6,0.0,17.8125,17.625,17.4375,17.4375,-34.1,24.0,0.0,25.0
28.97917,0x2B0,0.0,0.0,1.0,6.25,-0.6,0.0,17.8125,17.625,17.4375,17.4375,-34.4,28.0,0.0,25.0
28.98649,0x220,0.0,0.0,1.0,6.25,-0.61,0.02,17.8125,17.625,17.4375,17.4375,-34.4,28.0,0.0,25.0
28.98672,0x386,0.0,0.0,1.0,6.25,-0.61,0.02,17.84375,17.625,17.4375,17.34375,-34.4,28.0,0.0,25.0
28.98743,0x316,0.0,0.0,1.0,6.25,-0.61,0.02,17.84375,17.625,17.4375,17.34375,-34.4,28.0,0.0,25.0
28.98919,0x2B0,0.0,0.0,1.0,6.25,-0.61,0.02,17.84375,17.625,17.4375,17.34375,-34.6,24.0,0.0,25.0
28.99648,0x220,0.0,0.0,1.0,6.25,-0.59,0.06,17.84375,17.625,17.4375,17.34375,-34.6,24.0,0.0,25.0
28.99735,0x316,0.0,0.0,1.0,6.25,-0.59,0.06,17.84375,17.625,17.4375,17.34375,-34.6,24.0,0.0,25.0
28.9992,0x2B0,0.0,0.0,1.0,6.25,-0.59,0.06,17.84375,17.625,17.4375,17.34375,-34.9,24.0,0.0,25.0
29.00648,0x220,0.0,0.0,1.0,6.25,-0.56,0.04,17.84375,17.625,17.4375,17.34375,-34.9,24.0,0.0,25.0
29.00671,0x386,0.0,0.0,1.0,6.25,-0.56,0.04,17.78125,17.625,17.40625,17.34375,-34.9,24.0,0.0,25.0
29.00742,0x316,0.0,0.0,1.0,6.25,-0.56,0.04,17.78125,17.625,17.40625,17.34375,-34.9,24.0,0.0,25.0
29.00918,0x2B0,0.0,0.0,1.0,6.25,-0.56,0.04,17.78125,17.625,17.40625,17.34375,-35.3,32.0,0.0,25.0
29.01649,0x220,0.0,0.0,1.0,6.25,-0.51,0.0,17.78125,17.625,17.40625,17.34375,-35.3,32.0,0.0,25.0
29.01717,0x316,0.0,0.0,1.0,6.25,-0.51,0.0,17.78125,17.625,17.40625,17.34375,-35.3,32.0,0.0,25.0
29.01918,0x2B0,0.0,0.0,1.0,6.25,-0.51,0.0,17.78125,17.625,17.40625,17.34375,-35.5,28.0,0.0,25.0
29.02649,0x220,0.0,0.0,1.0,6.25,-0.45,-0.02,17.78125,17.625,17.40625,17.34375,-35.5,28.0,0.0,25.0
29.02673,0x386,0.0,0.0,1.0,6.25,-0.45,-0.02,17.75,17.53125,17.4375,17.3125,-35.5,28.0,0.0,25.0
29.02744,0x316,0.0,0.0,1.0,6.25,-0.45,-0.02,17.75,17.53125,17.4375,17.3125,-35.5,28.0,0.0,25.0
29.02919,0x2B0,0.0,0.0,1.0,6.25,-0.45,-0.02,17.75,17.53125,17.4375,17.3125,-35.8,24.0,0.0,25.0
29.03648,0x220,0.0,0.0,1.0,6.25,-0.42,-0.02,17.75,17.53125,17.4375,17.3125,-35.8,24.0,0.0,25.0
29.03716,0x316,0.0,0.0,1.0,6.25,-0.42,-0.02,17.75,17.53125,17.4375,17.3125,-35.8,24.0,0.0,25.0
29.03919,0x2B0,0.0,0.0,1.0,6.25,-0.42,-0.02,17.75,17.53125,17.4375,17.3125,-36.1,28.0,0.0,25.0
29.04649,0x220,0.0,0.0,1.0,6.25,-0.44,-0.01,17.75,17.53125,17.4375,17.3125,-36.1,28.0,0.0,25.0
29.04672,0x386,0.0,0.0,1.0,6.25,-0.44,-0.01,17.75,17.5625,17.46875,17.3125,-36.1,28.0,0.0,25.0
29.04744,0x316,0.0,0.0,1.0,6.25,-0.44,-0.01,17.75,17.5625,17.46875,17.3125,-36.1,28.0,0.0,25.0
29.04919,0x2B0,0.0,0.0,1.0,6.25,-0.44,-0.01,17.75,17.5625,17.46875,17.3125,-36.5,32.0,0.0,25.0
29.05649,0x220,0.0,0.0,1.0,6.25,-0.48,-0.03,17.75,17.5625,17.46875,17.3125,-36.5,32.0,0.0,25.0
29.0572,0x316,0.0,0.0,1.0,6.25,-0.48,-0.03,17.75,17.5625,17.46875,17.3125,-36.5,32.0,0.0,25.0
29.0592,0x2B0,0.0,0.0,1.0,6.25,-0.48,-0.03,17.75,17.5625,17.46875,17.3125,-36.8,32.0,0.0,25.0
29.06647,0x220,0.0,0.0,1.0,6.25,-0.49,-0.07,17.75,17.5625,17.46875,17.3125,-36.8,32.0,0.0,25.0
29.0667,0x386,0.0,0.0,1.0,6.25,-0.49,-0.07,17.78125,17.5625,17.40625,17.375,-36.8,32.0,0.0,25.0
29.06766,0x316,0.0,0.0,1.0,6.25,-0.49,-0.07,17.78125,17.5625,17.40625,17.375,-36.8,32.0,0.0,25.0
29.06918,0x2B0,0.0,0.0,1.0,6.25,-0.49,-0.07,17.78125,17.5625,17.40625,17.375,-37.1,28.0,0.0,25.0
29.07648,0x220,0.0,0.0,1.0,6.25,-0.47,-0.11,17.78125,17.5625,17.40625,17.375,-37.1,28.0,0.0,25.0
29.07756,0x316,0.0,0.0,1.0,6.25,-0.47,-0.11,17.78125,17.5625,17.40625,17.375,-37.1,28.0,0.0,25.0
29.07919,0x2B0,0.0,0.0,1.0,6.25,-0.47,-0.11,17.78125,17.5625,17.40625,17.375,-37.5,32.0,0.0,25.0
29.08648,0x220,0.0,0.0,1.0,6.25,-0.46,-0.14,17.78125,17.5625,17.40625,17.375,-37.5,32.0,0.0,25.0
29.08671,0x386,0.0,0.0,1.0,6.25,-0.46,-0.14,17.78125,17.5625,17.4375,17.3125,-37.5,32.0,0.0,25.0
29.08742,0x316,0.0,0.0,1.0,6.25,-0.46,-0.14,17.78125,17.5625,17.4375,17.3125,-37.5,32.0,0.0,25.0
29.08918,0x2B0,0.0,0.0,1.0,6.25,-0.46,-0.14,17.78125,17.5625,17.4375,17.3125,-37.9,40.0,0.0,25.0
29.09649,0x220,0.0,0.0,1.0,6.25,-0.43,-0.15,17.78125,17.5625,17.4375,17.3125,-37.9,40.0,0.0,25.0
29.09733,0x316,0.0,0.0,1.0,6.25,-0.43,-0.15,17.78125,17.5625,17.4375,17.3125,-37.9,40.0,0.0,25.0
29.09918,0x2B0,0.0,0.0,1.0,6.25,-0.43,-0.15,17.78125,17.5625,17.4375,17.3125,-38.3,40.0,0.0,25.0
29.10648,0x220,0.0,0.0,1.0,6.25,-0.42,-0.18,17.78125,17.5625,17.4375,17.3125,-38.3,40.0,0.0,25.0
29.10671,0x386,0.0,0.0,1.0,6.25,-0.42,-0.18,17.8125,17.53125,17.4375,17.3125,-38.3,40.0,0.0,25.0
29.10743,0x316,0.0,0.0,1.0,6.25,-0.42,-0.18,17.8125,17.53125,17.4375,17.3125,-38.3,40.0,0.0,25.0
29.10916,0x2B0,0.0,0.0,1.0,6.25,-0.42,-0.18,17.8125,17.53125,17.4375,17.3125,-38.7,40.0,0.0,25.0
29.11648,0x220,0.0,0.0,1.0,6.25,-0.5,-0.18,17.8125,17.53125,17.4375,17.3125,-38.7,40.0,0.0,25.0
29.11714,0x316,0.0,0.0,1.0,6.25,-0.5,-0.18,17.8125,17.53125,17.4375,17.3125,-38.7,40.0,0.0,25.0
29.11916,0x2B0,0.0,0.0,1.0,6.25,-0.5,-0.18,17.8125,17.53125,17.4375,17.3125,-39.2,44.0,0.0,25.0
29.12649,0x220,0.0,0.0,1.0,6.25,-0.55,-0.17,17.8125,17.53125,17.4375,17.3125,-39.2,44.0,0.0,25.0
29.12672,0x386,0.0,0.0,1.0,6.25,-0.55,-0.17,17.71875,17.59375,17.34375,17.3125,-39.2,44.0,0.0,25.0
29.12743,0x316,0.0,0.0,1.0,6.25,-0.55,-0.17,17.71875,17.59375,17.34375,17.3125,-39.2,44.0,0.0,25.0
29.12918,0x2B0,0.0,0.0,1.0,6.25,-0.55,-0.17,17.71875,17.59375,17.34375,17.3125,-39.6,44.0,0.0,25.0
29.13649,0x220,0.0,0.0,1.0,6.25,-0.58,-0.2,17.71875,17.59375,17.34375,17.3125,-39.6,44.0,0.0,25.0
29.13718,0x316,0.0,0.0,1.0,6.25,-0.58,-0.2,17.71875,17.59375,17.34375,17.3125,-39.6,44.0,0.0,25.0
29.13918,0x2B0,0.0,0.0,1.0,6.25,-0.58,-0.2,17.71875,17.59375,17.34375,17.3125,-40.2,48.0,0.0,25.0
29.14649,0x220,0.0,0.0,1.0,6.25,-0.6,-0.24,17.71875,17.59375,17.34375,17.3125,-40.2,48.0,0.0,25.0
29.14672,0x386,0.0,0.0,1.0,6.25,-0.6,-0.24,17.6875,17.59375,17.375,17.40625,-40.2,48.0,0.0,25.0
29.14743,0x316,0.0,0.0,1.0,6.25,-0.6,-0.24,17.6875,17.59375,17.375,17.40625,-40.2,48.0,0.0,25.0
29.1492,0x2B0,0.0,0.0,1.0,6.25,-0.6,-0.24,17.6875,17.59375,17.375,17.40625,-40.7,52.0,0.0,25.0
29.15649,0x220,0.0,0.0,1.0,6.25,-0.62,-0.25,17.6875,17.59375,17.375,17.40625,-40.7,52.0,0.0,25.0
29.15716,0x316,0.0,0.0,1.0,6.25,-0.62,-0.25,17.6875,17.59375,17.375,17.40625,-40.7,52.0,0.0,25.0
29.1592,0x2B0,0.0,0.0,1.0,6.25,-0.62,-0.25,17.6875,17.59375,17.375,17.40625,-41.2,48.0,0.0,25.0
29.16646,0x220,0.0,0.0,1.0,6.25,-0.66,-0.2,17.6875,17.59375,17.375,17.40625,-41.2,48.0,0.0,25.0
29.16669,0x386,0.0,0.0,1.0,6.25,-0.66,-0.2,17.65625,17.59375,17.40625,17.25,-41.2,48.0,0.0,25.0
29.16765,0x316,0.0,0.0,1.0,6.25,-0.66,-0.2,17.65625,17.59375,17.40625,17.25,-41.2,48.0,0.0,25.0
29.16919,0x2B0,0.0,0.0,1.0,6.25,-0.66,-0.2,17.65625,17.59375,17.40625,17.25,-41.8,52.0,0.0,25.0
29.17649,0x220,0.0,0.0,1.0,6.25,-0.67,-0.13,17.65625,17.59375,17.40625,17.25,-41.8,52.0,0.0,25.0
29.17745,0x316,0.0,0.0,1.0,6.25,-0.67,-0.13,17.65625,17.59375,17.40625,17.25,-41.8,52.0,0.0,25.0
29.17917,0x2B0,0.0,0.0,1.0,6.25,-0.67,-0.13,17.65625,17.59375,17.40625,17.25,-42.4,60.0,0.0,25.0
29.18648,0x220,0.0,0.0,1.0,6.25,-0.68,-0.09,17.65625,17.59375,17.40625,17.25,-42.4,60.0,0.0,25.0
29.18671,0x386,0.0,0.0,1.0,6.25,-0.68,-0.09,17.625,17.5625,17.28125,17.1875,-42.4,60.0,0.0,25.0
29.18743,0x316,0.0,0.0,1.0,6.25,-0.68,-0.09,17.625,17.5625,17.28125,17.1875,-42.4,60.0,0.0,25.0
29.18918,0x2B0,0.0,0.0,1.0,6.25,-0.68,-0.09,17.625,17.5625,17.28125,17.1875,-43.0,60.0,0.0,25.0
29.19649,0x220,0.0,0.0,1.0,6.25,-0.72,-0.12,17.625,17.5625,17.28125,17.1875,-43.0,60.0,0.0,25.0
29.19731,0x316,0.0,0.0,1.0,6.25,-0.72,-0.12,17.625,17.5625,17.28125,17.1875,-43.0,60.0,0.0,25.0
29.19918,0x2B0,0.0,0.0,1.0,6.25,-0.72,-0.12,17.625,17.5625,17.28125,17.1875,-43.7,64.0,0.0,25.0
29.20649,0x220,0.0,0.0,1.0,6.25,-0.78,-0.17,17.625,17.5625,17.28125,17.1875,-43.7,64.0,0.0,25.0
29.20672,0x386,0.0,0.0,1.0,6.25,-0.78,-0.17,17.625,17.53125,17.1875,17.21875,-43.7,64.0,0.0,25.0
29.20743,0x316,0.0,0.0,1.0,6.25,-0.78,-0.17,17.625,17.53125,17.1875,17.21875,-43.7,64.0,0.0,25.0
29.2092,0x2B0,0.0,0.0,1.0,6.25,-0.78,-0.17,17.625,17.53125,17.1875,17.21875,-44.4,68.0,0.0,25.0
29.21649,0x220,0.0,0.0,1.0,6.25,-0.85,-0.13,17.625,17.53125,17.1875,17.21875,-44.4,68.0,0.0,25.0
29.21724,0x316,0.0,0.0,1.0,6.25,-0.85,-0.13,17.625,17.53125,17.1875,17.21875,-44.4,68.0,0.0,25.0
29.21917,0x2B0,0.0,0.0,1.0,6.25,-0.85,-0.13,17.625,17.53125,17.1875,17.21875,-45.1,68.0,0.0,25.0
29.2265,0x220,0.0,0.0,1.0,6.25,-0.87,-0.08,17.625,17.53125,17.1875,17.21875,-45.1,68.0,0.0,25.0
29.22673,0x386,0.0,0.0,1.0,6.25,-0.87,-0.08,17.65625,17.5,17.1875,17.15625,-45.1,68.0,0.0,25.0
29.2272,0x316,0.0,0.0,1.0,6.25,-0.87,-0.08,17.65625,17.5,17.1875,17.15625,-45.1,68.0,0.0,25.0
29.22915,0x2B0,0.0,0.0,1.0,6.25,-0.87,-0.08,17.65625,17.5,17.1875,17.15625,-45.8,68.0,0.0,25.0
29.23649,0x220,0.0,0.0,1.0,6.25,-0.9,-0.1,17.65625,17.5,17.1875,17.15625,-45.8,68.0,0.0,25.0
29.23716,0x316,0.0,0.0,1.0,6.25,-0.9,-0.1,17.65625,17.5,17.1875,17.15625,-45.8,68.0,0.0,25.0
29.23917,0x2B0,0.0,0.0,1.0,6.25,-0.9,-0.1,17.65625,17.5,17.1875,17.15625,-46.6,72.0,0.0,25.0
29.24649,0x220,0.0,0.0,1.0,6.25,-0.99,-0.13,17.65625,17.5,17.1875,17.15625,-46.6,72.0,0.0,25.0
29.24671,0x386,0.0,0.0,1.0,6.25,-0.99,-0.13,17.625,17.5,17.1875,17.125,-46.6,72.0,0.0,25.0
29.24742,0x316,0.0,0.0,1.0,6.25,-0.99,-0.13,17.625,17.5,17.1875,17.125,-46.6,72.0,0.0,25.0
29.24914,0x2B0,0.0,0.0,1.0,6.25,-0.99,-0.13,17.625,17.5,17.1875,17.125,-47.4,80.0,0.0,25.0
29.2565,0x220,0.0,0.0,1.0,6.25,-1.09,-0.14,17.625,17.5,17.1875,17.125,-47.4,80.0,0.0,25.0
29.25725,0x316,0.0,0.0,1.0,6.25,-1.09,-0.14,17.625,17.5,17.1875,17.125,-47.4,80.0,0.0,25.0
29.25916,0x2B0,0.0,0.0,1.0,6.25,-1.09,-0.14,17.625,17.5,17.1875,17.125,-48.2,80.0,0.0,25.0
29.26646,0x220,0.0,0.0,1.0,6.25,-1.16,-0.11,17.625,17.5,17.1875,17.125,-48.2,80.0,0.0,25.0
29.26669,0x386,0.0,0.0,1.0,6.25,-1.16,-0.11,17.625,17.5,17.15625,17.125,-48.2,80.0,0.0,25.0
29.26765,0x316,0.0,0.0,1.0,6.25,-1.16,-0.11,17.625,17.5,17.15625,17.125,-48.2,80.0,0.0,25.0
29.26913,0x2B0,0.0,0.0,1.0,6.25,-1.16,-0.11,17.625,17.5,17.15625,17.125,-49.0,80.0,0.0,25.0
29.27649,0x220,0.0,0.0,1.0,6.25,-1.15,-0.09,17.625,17.5,17.15625,17.125,-49.0,80.0,0.0,25.0
29.2774,0x316,0.0,0.0,1.0,6.25,-1.15,-0.09,17.625,17.5,17.15625,17.125,-49.0,80.0,0.0,25.0
29.27916,0x2B0,0.0,0.0,1.0,6.25,-1.15,-0.09,17.625,17.5,17.15625,17.125,-49.8,80.0,0.0,25.0
29.28648,0x220,0.0,0.0,1.0,6.25,-1.11,-0.13,17.625,17.5,17.15625,17.125,-49.8,80.0,0.0,25.0
29.28671,0x386,0.0,0.0,1.0,6.25,-1.11,-0.13,17.75,17.375,17.3125,17.15625,-49.8,80.0,0.0,25.0
29.28742,0x316,0.0,0.0,1.0,6.25,-1.11,-0.13,17.75,17.375,17.3125,17.15625,-49.8,80.0,0.0,25.0
29.28914,0x2B0,0.0,0.0,1.0,6.25,-1.11,-0.13,17.75,17.375,17.3125,17.15625,-50.5,72.0,0.0,25.0
29.29649,0x220,0.0,0.0,1.0,6.25,-1.1,-0.17,17.75,17.375,17.3125,17.15625,-50.5,72.0,0.0,25.0
29.29742,0x316,0.0,0.0,1.0,6.25,-1.1,-0.17,17.75,17.375,17.3125,17.15625,-50.5,72.0,0.0,25.0
29.29916,0x2B0,0.0,0.0,1.0,6.25,-1.1,-0.17,17.75,17.375,17.3125,17.15625,-51.4,80.0,0.0,25.0
29.30648,0x220,0.0,0.0,1.0,6.25,-1.14,-0.19,17.75,17.375,17.3125,17.15625,-51.4,80.0,0.0,25.0
29.30672,0x386,0.0,0.0,1.0,6.25,-1.14,-0.19,17.5625,17.3125,17.3125,17.09375,-51.4,80.0,0.0,25.0
29.3072,0x316,0.0,0.0,1.0,6.25,-1.14,-0.19,17.5625,17.3125,17.3125,17.09375,-51.4,80.0,0.0,25.0
29.30911,0x2B0,0.0,0.0,1.0,6.25,-1.14,-0.19,17.5625,17.3125,17.3125,17.09375,-52.2,84.0,0.0,25.0
29.31648,0x220,0.0,0.0,1.0,6.25,-1.2,-0.19,17.5625,17.3125,17.3125,17.09375,-52.2,84.0,0.0,25.0
29.31712,0x316,0.0,0.0,1.0,6.25,-1.2,-0.19,17.5625,17.3125,17.3125,17.09375,-52.2,84.0,0.0,25.0
29.31914,0x2B0,0.0,0.0,1.0,6.25,-1.2,-0.19,17.5625,17.3125,17.3125,17.09375,-53.0,80.0,0.0,25.0
29.3265,0x220,0.0,0.0,1.0,6.25,-1.24,-0.23,17.5625,17.3125,17.3125,17.09375,-53.0,80.0,0.0,25.0
29.32673,0x386,0.0,0.0,1.0,6.25,-1.24,-0.23,17.59375,17.375,17.21875,17.09375,-53.0,80.0,0.0,25.0
29.32745,0x316,0.0,0.0,1.0,6.25,-1.24,-0.23,17.59375,17.375,17.21875,17.09375,-53.0,80.0,0.0,25.0
29.32913,0x2B0,0.0,0.0,1.0,6.25,-1.24,-0.23,17.59375,17.375,17.21875,17.09375,-53.8,80.0,0.0,25.0
29.3365,0x220,0.0,0.0,1.0,6.25,-1.26,-0.29,17.59375,17.375,17.21875,17.09375,-53.8,80.0,0.0,25.0
29.33718,0x316,0.0,0.0,1.0,6.25,-1.26,-0.29,17.59375,17.375,17.21875,17.09375,-53.8,80.0,0.0,25.0
29.33913,0x2B0,0.0,0.0,1.0,6.25,-1.26,-0.29,17.59375,17.375,17.21875,17.09375,-54.6,80.0,0.0,25.0
29.3465,0x220,0.0,0.0,1.0,6.25,-1.22,-0.32,17.59375,17.375,17.21875,17.09375,-54.6,80.0,0.0,25.0
29.34673,0x386,0.0,0.0,1.0,6.25,-1.22,-0.32,17.625,17.28125,17.1875,17.09375,-54.6,80.0,0.0,25.0
29.3472,0x316,0.0,0.0,1.0,6.25,-1.22,-0.32,17.625,17.28125,17.1875,17.09375,-54.6,80.0,0.0,25.0
29.3491,0x2B0,0.0,0.0,1.0,6.25,-1.22,-0.32,17.625,17.28125,17.1875,17.09375,-55.4,80.0,0.0,25.0
29.35649,0x220,0.0,0.0,1.0,6.25,-1.2,-0.29,17.625,17.28125,17.1875,17.09375,-55.4,80.0,0.0,25.0
29.35716,0x316,0.0,0.0,1.0,6.25,-1.2,-0.29,17.625,17.28125,17.1875,17.09375,-55.4,80.0,0.0,25.0
29.35914,0x2B0,0.0,0.0,1.0,6.25,-1.2,-0.29,17.625,17.28125,17.1875,17.09375,-56.3,84.0,0.0,25.0
29.36648,0x220,0.0,0.0,1.0,6.25,-1.23,-0.25,17.625,17.28125,17.1875,17.09375,-56.3,84.0,0.0,25.0
29.3667,0x386,0.0,0.0,1.0,6.25,-1.23,-0.25,17.53125,17.28125,17.25,17.125,-56.3,84.0,0.0,25.0
29.36767,0x316,0.0,0.0,1.0,6.25,-1.23,-0.25,17.53125,17.28125,17.25,17.125,-56.3,84.0,0.0,25.0
29.36931,0x2B0,0.0,0.0,1.0,6.25,-1.23,-0.25,17.53125,17.28125,17.25,17.125,-57.2,88.0,0.0,25.0
29.37649,0x220,0.0,0.0,1.0,6.25,-1.28,-0.23,17.53125,17.28125,17.25,17.125,-57.2,88.0,0.0,25.0
29.37747,0x316,0.0,0.0,1.0,6.25,-1.28,-0.23,17.53125,17.28125,17.25,17.125,-57.2,88.0,0.0,25.0
29.37912,0x2B0,0.0,0.0,1.0,6.25,-1.28,-0.23,17.53125,17.28125,17.25,17.125,-58.1,88.0,0.0,25.0
29.38649,0x220,0.0,0.0,1.0,6.25,-1.31,-0.26,17.53125,17.28125,17.25,17.125,-58.1,88.0,0.0,25.0
29.38673,0x386,0.0,0.0,1.0,6.25,-1.31,-0.26,17.53125,17.28125,17.21875,16.96875,-58.1,88.0,0.0,25.0
29.3872,0x316,0.0,0.0,1.0,6.25,-1.31,-0.26,17.53125,17.28125,17.21875,16.96875,-58.1,88.0,0.0,25.0
29.38911,0x2B0,0.0,0.0,1.0,6.25,-1.31,-0.26,17.53125,17.28125,17.21875,16.96875,-59.1,92.0,0.0,25.0
29.39649,0x220,0.0,0.0,1.0,6.25,-1.36,-0.34,17.53125,17.28125,17.21875,16.96875,-59.1,92.0,0.0,25.0
29.3973,0x316,0.0,0.0,1.0,6.25,-1.36,-0.34,17.53125,17.28125,17.21875,16.96875,-59.1,92.0,0.0,25.0
29.3992,0x2B0,0.0,0.0,1.0,6.25,-1.36,-0.34,17.53125,17.28125,17.21875,16.96875,-60.0,92.0,0.0,25.0
29.40649,0x220,0.0,0.0,1.0,6.25,-1.41,-0.42,17.53125,17.28125,17.21875,16.96875,-60.0,92.0,0.0,25.0
29.40671,0x386,0.0,0.0,1.0,6.25,-1.41,-0.42,17.53125,17.25,17.1875,17.0625,-60.0,92.0,0.0,25.0
29.40742,0x316,0.0,0.0,1.0,6.25,-1.41,-0.42,17.53125,17.25,17.1875,17.0625,-60.0,92.0,0.0,25.0
29.40913,0x2B0,0.0,0.0,1.0,6.25,-1.41,-0.42,17.53125,17.25,17.1875,17.0625,-61.0,92.0,0.0,25.0
29.4165,0x220,0.0,0.0,1.0,6.25,-1.41,-0.48,17.53125,17.25,17.1875,17.0625,-61.0,92.0,0.0,25.0
29.41716,0x316,0.0,0.0,1.0,6.25,-1.41,-0.48,17.53125,17.25,17.1875,17.0625,-61.0,92.0,0.0,25.0
29.41913,0x2B0,0.0,0.0,1.0,6.25,-1.41,-0.48,17.53125,17.25,17.1875,17.0625,-62.1,104.0,0.0,25.0
29.4265,0x220,0.0,0.0,1.0,6.25,-1.4,-0.49,17.53125,17.25,17.1875,17.0625,-62.1,104.0,0.0,25.0
29.42673,0x386,0.0,0.0,1.0,6.25,-1.4,-0.49,17.53125,17.25,17.25,17.0625,-62.1,104.0,0.0,25.0
29.42721,0x316,0.0,0.0,1.0,6.25,-1.4,-0.49,17.53125,17.25,17.25,17.0625,-62.1,104.0,0.0,25.0
29.42913,0x2B0,0.0,0.0,1.0,6.25,-1.4,-0.49,17.53125,17.25,17.25,17.0625,-63.0,100.0,0.0,25.0
29.43649,0x220,0.0,0.0,1.0,6.25,-1.42,-0.49,17.53125,17.25,17.25,17.0625,-63.0,100.0,0.0,25.0
29.43715,0x316,0.0,0.0,1.0,6.25,-1.42,-0.49,17.53125,17.25,17.25,17.0625,-63.0,100.0,0.0,25.0
29.43913,0x2B0,0.0,0.0,1.0,6.25,-1.42,-0.49,17.53125,17.25,17.25,17.0625,-64.1,100.0,0.0,25.0
29.44649,0x220,0.0,0.0,1.0,6.25,-1.48,-0.49,17.53125,17.25,17.25,17.0625,-64.1,100.0,0.0,25.0
29.44672,0x386,0.0,0.0,1.0,6.25,-1.48,-0.49,17.53125,17.21875,17.25,16.96875,-64.1,100.0,0.0,25.0
29.44743,0x316,0.0,0.0,1.0,6.25,-1.48,-0.49,17.53125,17.21875,17.25,16.96875,-64.1,100.0,0.0,25.0
29.4491,0x2B0,0.0,0.0,1.0,6.25,-1.48,-0.49,17.53125,17.21875,17.25,16.96875,-65.0,100.0,0.0,25.0
29.4565,0x220,0.0,0.0,1.0,6.25,-1.57,-0.51,17.53125,17.21875,17.25,16.96875,-65.0,100.0,0.0,25.0
29.45717,0x316,0.0,0.0,1.0,6.25,-1.57,-0.51,17.53125,17.21875,17.25,16.96875,-65.0,100.0,0.0,25.0
29.45911,0x2B0,0.0,0.0,1.0,6.25,-1.57,-0.51,17.53125,17.21875,17.25,16.96875,-66.1,100.0,0.0,25.0
29.46647,0x220,0.0,0.0,1.0,6.25,-1.69,-0.56,17.53125,17.21875,17.25,16.96875,-66.1,100.0,0.0,25.0
29.46671,0x386,0.0,0.0,1.0,6.25,-1.69,-0.56,17.5625,17.21875,17.21875,17.0,-66.1,100.0,0.0,25.0
29.46742,0x316,0.0,0.0,1.0,6.25,-1.69,-0.56,17.5625,17.21875,17.21875,17.0,-66.1,100.0,0.0,25.0
29.46915,0x2B0,0.0,0.0,1.0,6.25,-1.69,-0.56,17.5625,17.21875,17.21875,17.0,-67.1,104.0,0.0,25.0
29.47649,0x220,0.0,0.0,1.0,6.25,-1.76,-0.57,17.5625,17.21875,17.21875,17.0,-67.1,104.0,0.0,25.0
29.47736,0x316,0.0,0.0,1.0,6.25,-1.76,-0.57,17.5625,17.21875,17.21875,17.0,-67.1,104.0,0.0,25.0
29.47914,0x2B0,0.0,0.0,1.0,6.25,-1.76,-0.57,17.5625,17.21875,17.21875,17.0,-68.2,104.0,0.0,25.0
29.48649,0x220,0.0,0.0,1.0,6.25,-1.78,-0.59,17.5625,17.21875,17.21875,17.0,-68.2,104.0,0.0,25.0
29.48671,0x386,0.0,0.0,1.0,6.25,-1.78,-0.59,17.59375,17.1875,17.125,16.875,-68.2,104.0,0.0,25.0
29.48743,0x316,0.0,0.0,1.0,6.25,-1.78,-0.59,17.59375,17.1875,17.125,16.875,-68.2,104.0,0.0,25.0
29.48914,0x2B0,0.0,0.0,1.0,6.25,-1.78,-0.59,17.59375,17.1875,17.125,16.875,-69.2,104.0,0.0,25.0
29.4965,0x220,0.0,0.0,1.0,6.25,-1.8,-0.63,17.59375,17.1875,17.125,16.875,-69.2,104.0,0.0,25.0
29.49734,0x316,0.0,0.0,1.0,6.25,-1.8,-0.63,17.59375,17.1875,17.125,16.875,-69.2,104.0,0.0,25.0
29.49928,0x2B0,0.0,0.0,1.0,6.25,-1.8,-0.63,17.59375,17.1875,17.125,16.875,-70.3,104.0,0.0,25.0
29.5065,0x220,0.0,0.0,1.0,6.25,-1.87,-0.62,17.59375,17.1875,17.125,16.875,-70.3,104.0,0.0,25.0
29.50673,0x386,0.0,0.0,1.0,6.25,-1.87,-0.62,17.53125,17.21875,17.125,16.96875,-70.3,104.0,0.0,25.0
29.50721,0x316,0.0,0.0,1.0,6.25,-1.87,-0.62,17.53125,17.21875,17.125,16.96875,-70.3,104.0,0.0,25.0
29.50904,0x2B0,0.0,0.0,1.0,6.25,-1.87,-0.62,17.53125,17.21875,17.125,16.96875,-71.3,104.0,0.0,25.0
29.51649,0x220,0.0,0.0,1.0,6.25,-1.99,-0.61,17.53125,17.21875,17.125,16.96875,-71.3,104.0,0.0,25.0
29.51714,0x316,0.0,0.0,1.0,6.25,-1.99,-0.61,17.53125,17.21875,17.125,16.96875,-71.3,104.0,0.0,25.0
29.51915,0x2B0,0.0,0.0,1.0,6.25,-1.99,-0.61,17.53125,17.21875,17.125,16.96875,-72.4,104.0,0.0,25.0
29.52651,0x220,0.0,0.0,1.0,6.25,-2.15,-0.62,17.53125,17.21875,17.125,16.96875,-72.4,104.0,0.0,25.0
29.52674,0x386,0.0,0.0,1.0,6.25,-2.15,-0.62,17.46875,17.21875,17.0625,16.875,-72.4,104.0,0.0,25.0
29.52721,0x316,0.0,0.0,1.0,6.25,-2.15,-0.62,17.46875,17.21875,17.0625,16.875,-72.4,104.0,0.0,25.0
29.52913,0x2B0,0.0,0.0,1.0,6.25,-2.15,-0.62,17.46875,17.21875,17.0625,16.875,-73.5,108.0,0.0,25.0
29.53649,0x220,0.0,0.0,1.0,6.25,-2.33,-0.61,17.46875,17.21875,17.0625,16.875,-73.5,108.0,0.0,25.0
29.53718,0x316,0.0,0.0,1.0,6.25,-2.33,-0.61,17.46875,17.21875,17.0625,16.875,-73.5,108.0,0.0,25.0
29.53914,0x2B0,0.0,0.0,1.0,6.25,-2.33,-0.61,17.46875,17.21875,17.0625,16.875,-74.6,108.0,0.0,25.0
29.5465,0x220,0.0,0.0,1.0,6.25,-2.43,-0.62,17.46875,17.21875,17.0625,16.875,-74.6,108.0,0.0,25.0
29.54673,0x386,0.0,0.0,1.0,6.25,-2.43,-0.62,17.46875,17.25,17.03125,16.90625,-74.6,108.0,0.0,25.0
29.54721,0x316,0.0,0.0,1.0,6.25,-2.43,-0.62,17.46875,17.25,17.03125,16.90625,-74.6,108.0,0.0,25.0
29.54917,0x2B0,0.0,0.0,1.0,6.25,-2.43,-0.62,17.46875,17.25,17.03125,16.90625,-75.6,104.0,0.0,25.0
29.5565,0x220,0.0,0.0,1.0,6.25,-2.43,-0.62,17.46875,17.25,17.03125,16.90625,-75.6,104.0,0.0,25.0
29.55716,0x316,0.0,0.0,1.0,6.25,-2.43,-0.62,17.46875,17.25,17.03125,16.90625,-75.6,104.0,0.0,25.0
29.55912,0x2B0,0.0,0.0,1.0,6.25,-2.43,-0.62,17.46875,17.25,17.03125,16.90625,-76.7,104.0,0.0,25.0
29.56648,0x220,0.0,0.0,1.0,6.25,-2.47,-0.6,17.46875,17.25,17.03125,16.90625,-76.7,104.0,0.0,25.0
29.5667,0x386,0.0,0.0,1.0,6.25,-2.47,-0.6,17.375,17.1875,17.03125,16.84375,-76.7,104.0,0.0,25.0
29.56767,0x316,0.0,0.0,1.0,6.25,-2.47,-0.6,17.375,17.1875,17.03125,16.84375,-76.7,104.0,0.0,25.0
29.56931,0x2B0,0.0,0.0,1.0,6.25,-2.47,-0.6,17.375,17.1875,17.03125,16.84375,-77.8,108.0,0.0,25.0
29.5765,0x220,0.0,0.0,1.0,6.25,-2.5,-0.58,17.375,17.1875,17.03125,16.84375,-77.8,108.0,0.0,25.0
29.57745,0x316,0.0,0.0,1.0,6.25,-2.5,-0.58,17.375,17.1875,17.03125,16.84375,-77.8,108.0,0.0,25.0
29.5791,0x2B0,0.0,0.0,1.0,6.25,-2.5,-0.58,17.375,17.1875,17.03125,16.84375,-78.9,108.0,0.0,25.0
29.58649,0x220,0.0,0.0,1.0,6.25,-2.46,-0.59,17.375,17.1875,17.03125,16.84375,-78.9,108.0,0.0,25.0
29.58672,0x386,0.0,0.0,1.0,6.25,-2.46,-0.59,17.375,17.09375,17.03125,16.84375,-78.9,108.0,0.0,25.0
29.5872,0x316,0.0,0.0,1.0,6.25,-2.46,-0.59,17.375,17.09375,17.03125,16.84375,-78.9,108.0,0.0,25.0
29.5891,0x2B0,0.0,0.0,1.0,6.25,-2.46,-0.59,17.375,17.09375,17.03125,16.84375,-79.9,104.0,0.0,25.0
29.5965,0x220,0.0,0.0,1.0,6.25,-2.52,-0.62,17.375,17.09375,17.03125,16.84375,-79.9,104.0,0.0,25.0
29.59733,0x316,0.0,0.0,1.0,6.25,-2.52,-0.62,17.375,17.09375,17.03125,16.84375,-79.9,104.0,0.0,25.0
29.5991,0x2B0,0.0,0.0,1.0,6.25,-2.52,-0.62,17.375,17.09375,17.03125,16.84375,-81.0,104.0,0.0,25.0
29.6065,0x220,0.0,0.0,1.0,6.25,-2.62,-0.63,17.375,17.09375,17.03125,16.84375,-81.0,104.0,0.0,25.0
29.60672,0x386,0.0,0.0,1.0,6.25,-2.62,-0.63,17.375,17.0625,17.03125,16.8125,-81.0,104.0,0.0,25.0
29.6072,0x316,0.0,0.0,1.0,6.25,-2.62,-0.63,17.375,17.0625,17.03125,16.8125,-81.0,104.0,0.0,25.0
29.6091,0x2B0,0.0,0.0,1.0,6.25,-2.62,-0.63,17.375,17.0625,17.03125,16.8125,-82.0,104.0,0.0,25.0
29.6165,0x220,0.0,0.0,1.0,6.25,-2.68,-0.63,17.375,17.0625,17.03125,16.8125,-82.0,104.0,0.0,25.0
29.61725,0x316,0.0,0.0,1.0,6.25,-2.68,-0.63,17.375,17.0625,17.03125,16.8125,-82.0,104.0,0.0,25.0
29.61912,0x2B0,0.0,0.0,1.0,6.25,-2.68,-0.63,17.375,17.0625,17.03125,16.8125,-83.0,100.0,0.0,25.0
29.6265,0x220,0.0,0.0,1.0,6.25,-2.73,-0.66,17.375,17.0625,17.03125,16.8125,-83.0,100.0,0.0,25.0
29.62674,0x386,0.0,0.0,1.0,6.25,-2.73,-0.66,17.34375,17.125,16.96875,16.84375,-83.0,100.0,0.0,25.0
29.62721,0x316,0.0,0.0,1.0,6.25,-2.73,-0.66,17.34375,17.125,16.96875,16.84375,-83.0,100.0,0.0,25.0
29.6291,0x2B0,0.0,0.0,1.0,6.25,-2.73,-0.66,17.34375,17.125,16.96875,16.84375,-84.0,100.0,0.0,25.0
29.63649,0x220,0.0,0.0,1.0,6.25,-2.84,-0.67,17.34375,17.125,16.96875,16.84375,-84.0,100.0,0.0,25.0
29.63716,0x316,0.0,0.0,1.0,6.25,-2.84,-0.67,17.34375,17.125,16.96875,16.84375,-84.0,100.0,0.0,25.0
29.63911,0x2B0,0.0,0.0,1.0,6.25,-2.84,-0.67,17.34375,17.125,16.96875,16.84375,-85.1,104.0,0.0,25.0
29.6465,0x220,0.0,0.0,1.0,6.25,-2.95,-0.64,17.34375,17.125,16.96875,16.84375,-85.1,104.0,0.0,25.0
29.64673,0x386,0.0,0.0,1.0,6.25,-2.95,-0.64,17.375,17.0,17.09375,16.84375,-85.1,104.0,0.0,25.0
29.6472,0x316,0.0,0.0,1.0,6.25,-2.95,-0.64,17.375,17.0,17.09375,16.84375,-85.1,104.0,0.0,25.0
29.64913,0x2B0,0.0,0.0,1.0,6.25,-2.95,-0.64,17.375,17.0,17.09375,16.84375,-86.1,104.0,0.0,25.0
29.6565,0x220,0.0,0.0,1.0,6.25,-3.03,-0.61,17.375,17.0,17.09375,16.84375,-86.1,104.0,0.0,25.0
29.65727,0x316,0.0,0.0,1.0,6.25,-3.03,-0.61,17.375,17.0,17.09375,16.84375,-86.1,104.0,0.0,25.0
29.6591,0x2B0,0.0,0.0,1.0,6.25,-3.03,-0.61,17.375,17.0,17.09375,16.84375,-87.1,100.0,0.0,25.0
29.66648,0x220,0.0,0.0,1.0,6.25,-3.07,-0.61,17.375,17.0,17.09375,16.84375,-87.1,100.0,0.0,25.0
29.66671,0x386,0.0,0.0,1.0,6.25,-3.07,-0.61,17.5,17.0,17.09375,16.71875,-87.1,100.0,0.0,25.0
29.66768,0x316,0.0,0.0,1.0,6.25,-3.07,-0.61,17.5,17.0,17.09375,16.71875,-87.1,100.0,0.0,25.0
29.66909,0x2B0,0.0,0.0,1.0,6.25,-3.07,-0.61,17.5,17.0,17.09375,16.71875,-88.0,92.0,0.0,25.0
29.6765,0x220,0.0,0.0,1.0,6.25,-3.11,-0.64,17.5,17.0,17.09375,16.71875,-88.0,92.0,0.0,25.0
29.6776,0x316,0.0,0.0,1.0,6.25,-3.11,-0.64,17.5,17.0,17.09375,16.71875,-88.0,92.0,0.0,25.0
29.6791,0x2B0,0.0,0.0,1.0,6.25,-3.11,-0.64,17.5,17.0,17.09375,16.71875,-89.0,92.0,0.0,25.0
29.6865,0x220,0.0,0.0,1.0,6.25,-3.18,-0.65,17.5,17.0,17.09375,16.71875,-89.0,92.0,0.0,25.0
29.68673,0x386,0.0,0.0,1.0,6.25,-3.18,-0.65,17.4375,17.0,16.96875,16.71875,-89.0,92.0,0.0,25.0
29.6872,0x316,0.0,0.0,1.0,6.25,-3.18,-0.65,17.4375,17.0,16.96875,16.71875,-89.0,92.0,0.0,25.0
29.68913,0x2B0,0.0,0.0,1.0,6.25,-3.18,-0.65,17.4375,17.0,16.96875,16.71875,-90.0,100.0,0.0,25.0
29.69649,0x220,0.0,0.0,1.0,6.25,-3.26,-0.65,17.4375,17.0,16.96875,16.71875,-90.0,100.0,0.0,25.0
29.69736,0x316,0.0,0.0,1.0,6.25,-3.26,-0.65,17.4375,17.0,16.96875,16.71875,-90.0,100.0,0.0,25.0
29.69911,0x2B0,0.0,0.0,1.0,6.25,-3.26,-0.65,17.4375,17.0,16.96875,16.71875,-90.9,92.0,0.0,25.0
29.7065,0x220,0.0,0.0,1.0,6.25,-3.35,-0.64,17.4375,17.0,16.96875,16.71875,-90.9,92.0,0.0,25.0
29.70673,0x386,0.0,0.0,1.0,6.25,-3.35,-0.64,17.4375,17.0,17.03125,16.6875,-90.9,92.0,0.0,25.0
29.70744,0x316,0.0,0.0,1.0,6.25,-3.35,-0.64,17.4375,17.0,17.03125,16.6875,-90.9,92.0,0.0,25.0
29.70909,0x2B0,0.0,0.0,1.0,6.25,-3.35,-0.64,17.4375,17.0,17.03125,16.6875,-91.9,92.0,0.0,25.0
29.7165,0x220,0.0,0.0,1.0,6.25,-3.45,-0.61,17.4375,17.0,17.03125,16.6875,-91.9,92.0,0.0,25.0
29.71712,0x316,0.0,0.0,1.0,6.25,-3.45,-0.61,17.4375,17.0,17.03125,16.6875,-91.9,92.0,0.0,25.0
29.71912,0x2B0,0.0,0.0,1.0,6.25,-3.45,-0.61,17.4375,17.0,17.03125,16.6875,-92.8,92.0,0.0,25.0
29.72651,0x220,0.0,0.0,1.0,6.25,-3.53,-0.56,17.4375,17.0,17.03125,16.6875,-92.8,92.0,0.0,25.0
29.72674,0x386,0.0,0.0,1.0,6.25,-3.53,-0.56,17.40625,16.875,17.09375,16.65625,-92.8,92.0,0.0,25.0
29.72721,0x316,0.0,0.0,1.0,6.25,-3.53,-0.56,17.40625,16.875,17.09375,16.65625,-92.8,92.0,0.0,25.0
29.72913,0x2B0,0.0,0.0,1.0,6.25,-3.53,-0.56,17.40625,16.875,17.09375,16.65625,-93.7,88.0,0.0,25.0
29.7365,0x220,0.0,0.0,1.0,6.25,-3.59,-0.53,17.40625,16.875,17.09375,16.65625,-93.7,88.0,0.0,25.0
29.73725,0x316,0.0,0.0,1.0,6.25,-3.59,-0.53,17.40625,16.875,17.09375,16.65625,-93.7,88.0,0.0,25.0
29.7391,0x2B0,0.0,0.0,1.0,6.25,-3.59,-0.53,17.40625,16.875,17.09375,16.65625,-94.5,84.0,0.0,25.0
29.7465,0x220,0.0,0.0,1.0,6.25,-3.59,-0.56,17.40625,16.875,17.09375,16.65625,-94.5,84.0,0.0,25.0
29.74673,0x386,0.0,0.0,1.0,6.25,-3.59,-0.56,17.34375,16.90625,17.03125,16.59375,-94.5,84.0,0.0,25.0
29.74745,0x316,0.0,0.0,1.0,6.25,-3.59,-0.56,17.34375,16.90625,17.03125,16.59375,-94.5,84.0,0.0,25.0
29.74911,0x2B0,0.0,0.0,1.0,6.25,-3.59,-0.56,17.34375,16.90625,17.03125,16.59375,-95.4,84.0,0.0,25.0
29.7565,0x220,0.0,0.0,1.0,6.25,-3.58,-0.61,17.34375,16.90625,17.03125,16.59375,-95.4,84.0,0.0,25.0
29.75714,0x316,0.0,0.0,1.0,6.25,-3.58,-0.61,17.34375,16.90625,17.03125,16.59375,-95.4,84.0,0.0,25.0
29.75913,0x2B0,0.0,0.0,1.0,6.25,-3.58,-0.61,17.34375,16.90625,17.03125,16.59375,-96.2,84.0,0.0,25.0
29.76648,0x220,0.0,0.0,1.0,6.25,-3.62,-0.62,17.34375,16.90625,17.03125,16.59375,-96.2,84.0,0.0,25.0
29.76671,0x386,0.0,0.0,1.0,6.25,-3.62,-0.62,17.34375,16.875,17.03125,16.5625,-96.2,84.0,0.0,25.0
29.76742,0x316,0.0,0.0,1.0,6.25,-3.62,-0.62,17.34375,16.875,17.03125,16.5625,-96.2,84.0,0.0,25.0
29.76909,0x2B0,0.0,0.0,1.0,6.25,-3.62,-0.62,17.34375,16.875,17.03125,16.5625,-97.0,80.0,0.0,25.0
29.7765,0x220,0.0,0.0,1.0,6.25,-3.69,-0.63,17.34375,16.875,17.03125,16.5625,-97.0,80.0,0.0,25.0
29.77735,0x316,0.0,0.0,1.0,6.25,-3.69,-0.63,17.34375,16.875,17.03125,16.5625,-97.0,80.0,0.0,25.0
29.77911,0x2B0,0.0,0.0,1.0,6.25,-3.69,-0.63,17.34375,16.875,17.03125,16.5625,-97.7,72.0,0.0,25.0
29.7865,0x220,0.0,0.0,1.0,6.25,-3.76,-0.64,17.34375,16.875,17.03125,16.5625,-97.7,72.0,0.0,25.0
29.78673,0x386,0.0,0.0,1.0,6.25,-3.76,-0.64,17.34375,16.875,17.03125,16.5,-97.7,72.0,0.0,25.0
29.78721,0x316,0.0,0.0,1.0,6.25,-3.76,-0.64,17.34375,16.875,17.03125,16.5,-97.7,72.0,0.0,25.0
29.7891,0x2B0,0.0,0.0,1.0,6.25,-3.76,-0.64,17.34375,16.875,17.03125,16.5,-98.4,68.0,0.0,25.0
29.7965,0x220,0.0,0.0,1.0,6.25,-3.83,-0.65,17.34375,16.875,17.03125,16.5,-98.4,68.0,0.0,25.0
29.79731,0x316,0.0,0.0,1.0,6.25,-3.83,-0.65,17.34375,16.875,17.03125,16.5,-98.4,68.0,0.0,25.0
29.79911,0x2B0,0.0,0.0,1.0,6.25,-3.83,-0.65,17.34375,16.875,17.03125,16.5,-99.1,68.0,0.0,25.0
29.8065,0x220,0.0,0.0,1.0,6.25,-3.88,-0.68,17.34375,16.875,17.03125,16.5,-99.1,68.0,0.0,25.0
29.80673,0x386,0.0,0.0,1.0,6.25,-3.88,-0.68,17.28125,16.84375,17.0,16.5625,-99.1,68.0,0.0,25.0
29.80721,0x316,0.0,0.0,1.0,6.25,-3.88,-0.68,17.28125,16.84375,17.0,16.5625,-99.1,68.0,0.0,25.0
29.80909,0x2B0,0.0,0.0,1.0,6.25,-3.88,-0.68,17.28125,16.84375,17.0,16.5625,-99.8,68.0,0.0,25.0
29.81651,0x220,0.0,0.0,1.0,6.25,-3.91,-0.71,17.28125,16.84375,17.0,16.5625,-99.8,68.0,0.0,25.0
29.81718,0x316,0.0,0.0,1.0,6.25,-3.91,-0.71,17.28125,16.84375,17.0,16.5625,-99.8,68.0,0.0,25.0
29.81905,0x2B0,0.0,0.0,1.0,6.25,-3.91,-0.71,17.28125,16.84375,17.0,16.5625,-100.4,64.0,0.0,25.0
29.82651,0x220,0.0,0.0,1.0,6.25,-3.94,-0.74,17.28125,16.84375,17.0,16.5625,-100.4,64.0,0.0,25.0
29.82674,0x386,0.0,0.0,1.0,6.25,-3.94,-0.74,17.34375,16.78125,17.0,16.4375,-100.4,64.0,0.0,25.0
29.82722,0x316,0.0,0.0,1.0,6.25,-3.94,-0.74,17.34375,16.78125,17.0,16.4375,-100.4,64.0,0.0,25.0
29.82912,0x2B0,0.0,0.0,1.0,6.25,-3.94,-0.74,17.34375,16.78125,17.0,16.4375,-101.0,60.0,0.0,25.0
29.8365,0x220,0.0,0.0,1.0,6.25,-3.99,-0.71,17.34375,16.78125,17.0,16.4375,-101.0,60.0,0.0,25.0
29.83716,0x316,0.0,0.0,1.0,6.25,-3.99,-0.71,17.34375,16.78125,17.0,16.4375,-101.0,60.0,0.0,25.0
29.83913,0x2B0,0.0,0.0,1.0,6.25,-3.99,-0.71,17.34375,16.78125,17.0,16.4375,-101.6,60.0,0.0,25.0
29.8465,0x220,0.0,0.0,1.0,6.25,-4.07,-0.68,17.34375,16.78125,17.0,16.4375,-101.6,60.0,0.0,25.0
29.84673,0x386,0.0,0.0,1.0,6.25,-4.07,-0.68,17.3125,16.8125,16.90625,16.46875,-101.6,60.0,0.0,25.0
29.8472,0x316,0.0,0.0,1.0,6.25,-4.07,-0.68,17.3125,16.8125,16.90625,16.46875,-101.6,60.0,0.0,25.0
29.84911,0x2B0,0.0,0.0,1.0,6.25,-4.07,-0.68,17.3125,16.8125,16.90625,16.46875,-102.2,60.0,0.0,25.0
29.8565,0x220,0.0,0.0,1.0,6.25,-4.15,-0.68,17.3125,16.8125,16.90625,16.46875,-102.2,60.0,0.0,25.0
29.85717,0x316,0.0,0.0,1.0,6.25,-4.15,-0.68,17.3125,16.8125,16.90625,16.46875,-102.2,60.0,0.0,25.0
29.85911,0x2B0,0.0,0.0,1.0,6.25,-4.15,-0.68,17.3125,16.8125,16.90625,16.46875,-102.7,52.0,0.0,25.0
29.86648,0x220,0.0,0.0,1.0,6.25,-4.17,-0.72,17.3125,16.8125,16.90625,16.46875,-102.7,52.0,0.0,25.0
29.86671,0x386,0.0,0.0,1.0,6.25,-4.17,-0.72,17.4375,16.75,16.875,16.53125,-102.7,52.0,0.0,25.0
29.86766,0x316,0.0,0.0,1.0,6.25,-4.17,-0.72,17.4375,16.75,16.875,16.53125,-102.7,52.0,0.0,25.0
29.86908,0x2B0,0.0,0.0,1.0,6.25,-4.17,-0.72,17.4375,16.75,16.875,16.53125,-103.2,48.0,0.0,25.0
29.8765,0x220,0.0,0.0,1.0,6.25,-4.21,-0.75,17.4375,16.75,16.875,16.53125,-103.2,48.0,0.0,25.0
29.8774,0x316,0.0,0.0,1.0,6.25,-4.21,-0.75,17.4375,16.75,16.875,16.53125,-103.2,48.0,0.0,25.0
29.87907,0x2B0,0.0,0.0,1.0,6.25,-4.21,-0.75,17.4375,16.75,16.875,16.53125,-103.8,52.0,0.0,25.0
29.8865,0x220,0.0,0.0,1.0,6.25,-4.25,-0.75,17.4375,16.75,16.875,16.53125,-103.8,52.0,0.0,25.0
29.88673,0x386,0.0,0.0,1.0,6.25,-4.25,-0.75,17.25,16.71875,16.84375,16.5,-103.8,52.0,0.0,25.0
29.8872,0x316,0.0,0.0,1.0,6.25,-4.25,-0.75,17.25,16.71875,16.84375,16.5,-103.8,52.0,0.0,25.0
29.8891,0x2B0,0.0,0.0,1.0,6.25,-4.25,-0.75,17.25,16.71875,16.84375,16.5,-104.3,52.0,0.0,25.0
29.8965,0x220,0.0,0.0,1.0,6.25,-4.32,-0.71,17.25,16.71875,16.84375,16.5,-104.3,52.0,0.0,25.0
29.89728,0x316,0.0,0.0,1.0,6.25,-4.32,-0.71,17.25,16.71875,16.84375,16.5,-104.3,52.0,0.0,25.0
29.89911,0x2B0,0.0,0.0,1.0,6.25,-4.32,-0.71,17.25,16.71875,16.84375,16.5,-104.9,52.0,0.0,25.0
29.9065,0x220,0.0,0.0,1.0,6.25,-4.37,-0.68,17.25,16.71875,16.84375,16.5,-104.9,52.0,0.0,25.0
29.90674,0x386,0.0,0.0,1.0,6.25,-4.37,-0.68,17.1875,16.71875,16.8125,16.5,-104.9,52.0,0.0,25.0
29.90746,0x316,0.0,0.0,1.0,6.25,-4.37,-0.68,17.1875,16.71875,16.8125,16.5,-104.9,52.0,0.0,25.0
29.90911,0x2B0,0.0,0.0,1.0,6.25,-4.37,-0.68,17.1875,16.71875,16.8125,16.5,-105.4,52.0,0.0,25.0
29.9165,0x220,0.0,0.0,1.0,6.25,-4.42,-0.68,17.1875,16.71875,16.8125,16.5,-105.4,52.0,0.0,25.0
29.91716,0x316,0.0,0.0,1.0,6.25,-4.42,-0.68,17.1875,16.71875,16.8125,16.5,-105.4,52.0,0.0,25.0
29.9191,0x2B0,0.0,0.0,1.0,6.25,-4.42,-0.68,17.1875,16.71875,16.8125,16.5,-106.0,52.0,0.0,25.0
29.92651,0x220,0.0,0.0,1.0,6.25,-4.49,-0.7,17.1875,16.71875,16.8125,16.5,-106.0,52.0,0.0,25.0
29.92674,0x386,0.0,0.0,1.0,6.25,-4.49,-0.7,17.1875,16.75,16.75,16.40625,-106.0,52.0,0.0,25.0
29.92721,0x316,0.0,0.0,1.0,6.25,-4.49,-0.7,17.1875,16.75,16.75,16.40625,-106.0,52.0,0.0,25.0
29.92909,0x2B0,0.0,0.0,1.0,6.25,-4.49,-0.7,17.1875,16.75,16.75,16.40625,-106.5,52.0,0.0,25.0
29.9365,0x220,0.0,0.0,1.0,6.25,-4.5,-0.71,17.1875,16.75,16.75,16.40625,-106.5,52.0,0.0,25.0
29.93711,0x316,0.0,0.0,1.0,6.25,-4.5,-0.71,17.1875,16.75,16.75,16.40625,-106.5,52.0,0.0,25.0
29.93909,0x2B0,0.0,0.0,1.0,6.25,-4.5,-0.71,17.1875,16.75,16.75,16.40625,-107.1,52.0,0.0,25.0
29.9465,0x220,0.0,0.0,1.0,6.25,-4.5,-0.73,17.1875,16.75,16.75,16.40625,-107.1,52.0,0.0,25.0
29.94673,0x386,0.0,0.0,1.0,6.25,-4.5,-0.73,17.15625,16.875,16.78125,16.375,-107.1,52.0,0.0,25.0
29.94745,0x316,0.0,0.0,1.0,6.25,-4.5,-0.73,17.15625,16.875,16.78125,16.375,-107.1,52.0,0.0,26.0
29.94908,0x2B0,0.0,0.0,1.0,6.25,-4.5,-0.73,17.15625,16.875,16.78125,16.375,-107.6,52.0,0.0,26.0
29.95651,0x220,0.0,0.0,1.0,6.25,-4.51,-0.75,17.15625,16.875,16.78125,16.375,-107.6,52.0,0.0,26.0
29.95722,0x316,0.0,0.0,1.0,6.25,-4.51,-0.75,17.15625,16.875,16.78125,16.375,-107.6,52.0,0.0,26.0
29.9591,0x2B0,0.0,0.0,1.0,6.25,-4.51,-0.75,17.15625,16.875,16.78125,16.375,-108.2,52.0,0.0,26.0
29.96649,0x220,0.0,0.0,1.0,6.25,-4.48,-0.75,17.15625,16.875,16.78125,16.375,-108.2,52.0,0.0,26.0
29.96672,0x386,0.0,0.0,1.0,6.25,-4.48,-0.75,17.15625,16.65625,16.75,16.40625,-108.2,52.0,0.0,26.0
29.96767,0x316,0.0,0.0,1.0,6.25,-4.48,-0.75,17.15625,16.65625,16.75,16.40625,-108.2,52.0,0.0,26.0
29.9691,0x2B0,0.0,0.0,1.0,6.25,-4.48,-0.75,17.15625,16.65625,16.75,16.40625,-108.7,52.0,0.0,26.0
29.97651,0x220,0.0,0.0,1.0,6.25,-4.5,-0.74,17.15625,16.65625,16.75,16.40625,-108.7,52.0,0.0,26.0
29.97728,0x316,0.0,0.0,1.0,6.25,-4.5,-0.74,17.15625,16.65625,16.75,16.40625,-108.7,52.0,0.0,26.0
29.97909,0x2B0,0.0,0.0,1.0,6.25,-4.5,-0.74,17.15625,16.65625,16.75,16.40625,-109.3,52.0,0.0,26.0
29.9865,0x220,0.0,0.0,1.0,6.25,-4.58,-0.71,17.15625,16.65625,16.75,16.40625,-109.3,52.0,0.0,26.0
29.98674,0x386,0.0,0.0,1.0,6.25,-4.58,-0.71,17.15625,16.6875,16.78125,16.375,-109.3,52.0,0.0,26.0
29.98745,0x316,0.0,0.0,1.0,6.25,-4.58,-0.71,17.15625,16.6875,16.78125,16.375,-109.3,52.0,0.0,26.0
29.98908,0x2B0,0.0,0.0,1.0,6.25,-4.58,-0.71,17.15625,16.6875,16.78125,16.375,-109.8,52.0,0.0,26.0
29.9965,0x220,0.0,0.0,1.0,6.25,-4.64,-0.69,17.15625,16.6875,16.78125,16.375,-109.8,52.0,0.0,26.0
29.99739,0x316,0.0,0.0,1.0,6.25,-4.64,-0.69,17.15625,16.6875,16.78125,16.375,-109.8,52.0,0.0,26.0
29.99909,0x2B0,0.0,0.0,1.0,6.25,-4.64,-0.69,17.15625,16.6875,16.78125,16.375,-110.4,52.0,0.0,26.0
